Job: acopf_ISS
Executing: ACOPF_FSNet.py --case_name pglib_opf_case14_ieee --epochs 10000
Node: issnode1
GPU Allocated: 0
CUDA Hardware Acceleration Active: NVIDIA GeForce RTX 4090
Problem Geometry Linked -> Matrix Samples: 10000

Beginning execution of parallelized training matrix loops for FSNet...
Epoch    0 | Val Loss: 2.6661 | Val Cost: 1645.73 | Val Max P-Miss: 0.7785 | Val Max Q-Miss: 0.5192 | Val Max Gen Viol: 0.0000 | Val Max Thermal: 0.0000 [*SAVED BEST*]
Epoch   10 | Val Loss: 1.0053 | Val Cost:  437.13 | Val Max P-Miss: 0.4538 | Val Max Q-Miss: 0.1722 | Val Max Gen Viol: 0.0000 | Val Max Thermal: 0.0000 [*SAVED BEST*]
Epoch   20 | Val Loss: 0.8725 | Val Cost:  335.60 | Val Max P-Miss: 0.5274 | Val Max Q-Miss: 0.1169 | Val Max Gen Viol: 0.0000 | Val Max Thermal: 0.0000 [*SAVED BEST*]
Epoch   30 | Val Loss: 0.7200 | Val Cost:  228.95 | Val Max P-Miss: 0.5410 | Val Max Q-Miss: 0.1241 | Val Max Gen Viol: 0.0000 | Val Max Thermal: 0.0000 [*SAVED BEST*]
Epoch   40 | Val Loss: 0.6740 | Val Cost:  153.26 | Val Max P-Miss: 0.5903 | Val Max Q-Miss: 0.1403 | Val Max Gen Viol: 0.0000 | Val Max Thermal: 0.0000 [*SAVED BEST*]
Epoch   50 | Val Loss: 0.5838 | Val Cost:  122.63 | Val Max P-Miss: 0.5036 | Val Max Q-Miss: 0.1073 | Val Max Gen Viol: 0.0000 | Val Max Thermal: 0.0000 [*SAVED BEST*]
Epoch   60 | Val Loss: 0.8526 | Val Cost:  201.77 | Val Max P-Miss: 0.4369 | Val Max Q-Miss: 0.1884 | Val Max Gen Viol: 0.0000 | Val Max Thermal: 0.0000
Epoch   70 | Val Loss: 0.9459 | Val Cost:   55.14 | Val Max P-Miss: 0.4835 | Val Max Q-Miss: 0.5053 | Val Max Gen Viol: 0.0000 | Val Max Thermal: 0.0000
Epoch   80 | Val Loss: 0.5397 | Val Cost:   85.47 | Val Max P-Miss: 0.3301 | Val Max Q-Miss: 0.0870 | Val Max Gen Viol: 0.0000 | Val Max Thermal: 0.0000 [*SAVED BEST*]
Epoch   90 | Val Loss: 0.5781 | Val Cost:   70.13 | Val Max P-Miss: 0.5056 | Val Max Q-Miss: 0.0817 | Val Max Gen Viol: 0.0000 | Val Max Thermal: 0.0000
Epoch  100 | Val Loss: 0.6728 | Val Cost:   51.92 | Val Max P-Miss: 0.6030 | Val Max Q-Miss: 0.1355 | Val Max Gen Viol: 0.0000 | Val Max Thermal: 0.0000
Epoch  110 | Val Loss: 0.5381 | Val Cost:   50.50 | Val Max P-Miss: 0.4843 | Val Max Q-Miss: 0.0908 | Val Max Gen Viol: 0.0000 | Val Max Thermal: 0.0000 [*SAVED BEST*]
Epoch  120 | Val Loss: 0.5245 | Val Cost:   43.75 | Val Max P-Miss: 0.4757 | Val Max Q-Miss: 0.0904 | Val Max Gen Viol: 0.0000 | Val Max Thermal: 0.0000 [*SAVED BEST*]
Epoch  130 | Val Loss: 0.4976 | Val Cost:   40.36 | Val Max P-Miss: 0.4538 | Val Max Q-Miss: 0.0859 | Val Max Gen Viol: 0.0000 | Val Max Thermal: 0.0000 [*SAVED BEST*]
Epoch  140 | Val Loss: 0.5460 | Val Cost:   35.24 | Val Max P-Miss: 0.5042 | Val Max Q-Miss: 0.1058 | Val Max Gen Viol: 0.0000 | Val Max Thermal: 0.0000
Epoch  150 | Val Loss: 0.4833 | Val Cost:   33.53 | Val Max P-Miss: 0.4374 | Val Max Q-Miss: 0.0813 | Val Max Gen Viol: 0.0000 | Val Max Thermal: 0.0000 [*SAVED BEST*]
Epoch  160 | Val Loss: 0.4682 | Val Cost:   30.35 | Val Max P-Miss: 0.4178 | Val Max Q-Miss: 0.0787 | Val Max Gen Viol: 0.0000 | Val Max Thermal: 0.0000 [*SAVED BEST*]
Epoch  170 | Val Loss: 0.4798 | Val Cost:   27.81 | Val Max P-Miss: 0.4538 | Val Max Q-Miss: 0.0704 | Val Max Gen Viol: 0.0000 | Val Max Thermal: 0.0000
Epoch  180 | Val Loss: 0.5190 | Val Cost:   26.28 | Val Max P-Miss: 0.4113 | Val Max Q-Miss: 0.0732 | Val Max Gen Viol: 0.0000 | Val Max Thermal: 0.0000
Epoch  190 | Val Loss: 0.5757 | Val Cost:   42.75 | Val Max P-Miss: 0.5070 | Val Max Q-Miss: 0.1579 | Val Max Gen Viol: 0.0000 | Val Max Thermal: 0.0000
Epoch  200 | Val Loss: 0.4405 | Val Cost:   24.64 | Val Max P-Miss: 0.4575 | Val Max Q-Miss: 0.0840 | Val Max Gen Viol: 0.0000 | Val Max Thermal: 0.0000 [*SAVED BEST*]
Epoch  210 | Val Loss: 0.4140 | Val Cost:   19.64 | Val Max P-Miss: 0.4240 | Val Max Q-Miss: 0.0670 | Val Max Gen Viol: 0.0000 | Val Max Thermal: 0.0000 [*SAVED BEST*]
Epoch  220 | Val Loss: 0.4215 | Val Cost:   17.60 | Val Max P-Miss: 0.4372 | Val Max Q-Miss: 0.0694 | Val Max Gen Viol: 0.0000 | Val Max Thermal: 0.0000
Epoch  230 | Val Loss: 0.4207 | Val Cost:   16.73 | Val Max P-Miss: 0.4244 | Val Max Q-Miss: 0.0643 | Val Max Gen Viol: 0.0000 | Val Max Thermal: 0.0000
Epoch  240 | Val Loss: 0.4286 | Val Cost:   15.35 | Val Max P-Miss: 0.3204 | Val Max Q-Miss: 0.0911 | Val Max Gen Viol: 0.0000 | Val Max Thermal: 0.0000
Epoch  250 | Val Loss: 0.4365 | Val Cost:   15.52 | Val Max P-Miss: 0.3350 | Val Max Q-Miss: 0.0577 | Val Max Gen Viol: 0.0000 | Val Max Thermal: 0.0000
Epoch  260 | Val Loss: 0.4112 | Val Cost:   12.81 | Val Max P-Miss: 0.3296 | Val Max Q-Miss: 0.0597 | Val Max Gen Viol: 0.0000 | Val Max Thermal: 0.0000 [*SAVED BEST*]
Epoch  270 | Val Loss: 0.4184 | Val Cost:   10.24 | Val Max P-Miss: 0.3748 | Val Max Q-Miss: 0.0534 | Val Max Gen Viol: 0.0000 | Val Max Thermal: 0.0000
Epoch  280 | Val Loss: 0.3978 | Val Cost:    8.95 | Val Max P-Miss: 0.3579 | Val Max Q-Miss: 0.0493 | Val Max Gen Viol: 0.0000 | Val Max Thermal: 0.0000 [*SAVED BEST*]
Epoch  290 | Val Loss: 0.3976 | Val Cost:    7.88 | Val Max P-Miss: 0.3641 | Val Max Q-Miss: 0.0524 | Val Max Gen Viol: 0.0000 | Val Max Thermal: 0.0000 [*SAVED BEST*]
Epoch  300 | Val Loss: 0.4049 | Val Cost:    7.00 | Val Max P-Miss: 0.3799 | Val Max Q-Miss: 0.0583 | Val Max Gen Viol: 0.0000 | Val Max Thermal: 0.0000
Epoch  310 | Val Loss: 0.3908 | Val Cost:    6.51 | Val Max P-Miss: 0.3532 | Val Max Q-Miss: 0.0508 | Val Max Gen Viol: 0.0000 | Val Max Thermal: 0.0000 [*SAVED BEST*]
Epoch  320 | Val Loss: 0.3871 | Val Cost:    5.94 | Val Max P-Miss: 0.3472 | Val Max Q-Miss: 0.0485 | Val Max Gen Viol: 0.0000 | Val Max Thermal: 0.0000 [*SAVED BEST*]
Epoch  330 | Val Loss: 0.3889 | Val Cost:    5.49 | Val Max P-Miss: 0.3428 | Val Max Q-Miss: 0.0534 | Val Max Gen Viol: 0.0000 | Val Max Thermal: 0.0000
Epoch  340 | Val Loss: 0.4013 | Val Cost:    4.96 | Val Max P-Miss: 0.3568 | Val Max Q-Miss: 0.0610 | Val Max Gen Viol: 0.0000 | Val Max Thermal: 0.0000
Epoch  350 | Val Loss: 0.4851 | Val Cost:   14.79 | Val Max P-Miss: 0.3828 | Val Max Q-Miss: 0.1338 | Val Max Gen Viol: 0.0000 | Val Max Thermal: 0.0000
Epoch  360 | Val Loss: 0.3852 | Val Cost:    4.89 | Val Max P-Miss: 0.3332 | Val Max Q-Miss: 0.0446 | Val Max Gen Viol: 0.0000 | Val Max Thermal: 0.0000 [*SAVED BEST*]
Epoch  370 | Val Loss: 0.3847 | Val Cost:    4.06 | Val Max P-Miss: 0.3417 | Val Max Q-Miss: 0.0463 | Val Max Gen Viol: 0.0000 | Val Max Thermal: 0.0000 [*SAVED BEST*]
Epoch  380 | Val Loss: 0.3867 | Val Cost:    3.64 | Val Max P-Miss: 0.3453 | Val Max Q-Miss: 0.0466 | Val Max Gen Viol: 0.0000 | Val Max Thermal: 0.0000
Epoch  390 | Val Loss: 0.3814 | Val Cost:    3.38 | Val Max P-Miss: 0.3304 | Val Max Q-Miss: 0.0466 | Val Max Gen Viol: 0.0000 | Val Max Thermal: 0.0000 [*SAVED BEST*]
Epoch  400 | Val Loss: 0.3794 | Val Cost:    3.17 | Val Max P-Miss: 0.3105 | Val Max Q-Miss: 0.0498 | Val Max Gen Viol: 0.0000 | Val Max Thermal: 0.0000 [*SAVED BEST*]
Epoch  410 | Val Loss: 0.3787 | Val Cost:    3.06 | Val Max P-Miss: 0.3182 | Val Max Q-Miss: 0.0512 | Val Max Gen Viol: 0.0000 | Val Max Thermal: 0.0000 [*SAVED BEST*]
Epoch  420 | Val Loss: 0.3931 | Val Cost:    3.06 | Val Max P-Miss: 0.3614 | Val Max Q-Miss: 0.0595 | Val Max Gen Viol: 0.0000 | Val Max Thermal: 0.0000
Epoch  430 | Val Loss: 0.3889 | Val Cost:    2.63 | Val Max P-Miss: 0.3827 | Val Max Q-Miss: 0.0664 | Val Max Gen Viol: 0.0000 | Val Max Thermal: 0.0000
Epoch  440 | Val Loss: 0.3763 | Val Cost:    3.33 | Val Max P-Miss: 0.2917 | Val Max Q-Miss: 0.0528 | Val Max Gen Viol: 0.0000 | Val Max Thermal: 0.0000 [*SAVED BEST*]
Epoch  450 | Val Loss: 0.3752 | Val Cost:    2.33 | Val Max P-Miss: 0.3171 | Val Max Q-Miss: 0.0474 | Val Max Gen Viol: 0.0000 | Val Max Thermal: 0.0000 [*SAVED BEST*]
Epoch  460 | Val Loss: 0.3845 | Val Cost:    2.01 | Val Max P-Miss: 0.3404 | Val Max Q-Miss: 0.0536 | Val Max Gen Viol: 0.0000 | Val Max Thermal: 0.0000
Epoch  470 | Val Loss: 0.3713 | Val Cost:    1.94 | Val Max P-Miss: 0.3132 | Val Max Q-Miss: 0.0447 | Val Max Gen Viol: 0.0000 | Val Max Thermal: 0.0000 [*SAVED BEST*]
Epoch  480 | Val Loss: 0.4068 | Val Cost:    3.06 | Val Max P-Miss: 0.3338 | Val Max Q-Miss: 0.0618 | Val Max Gen Viol: 0.0000 | Val Max Thermal: 0.0000
Epoch  490 | Val Loss: 0.3825 | Val Cost:    2.33 | Val Max P-Miss: 0.2930 | Val Max Q-Miss: 0.0463 | Val Max Gen Viol: 0.0000 | Val Max Thermal: 0.0000
Epoch  500 | Val Loss: 0.3768 | Val Cost:    1.90 | Val Max P-Miss: 0.3081 | Val Max Q-Miss: 0.0500 | Val Max Gen Viol: 0.0000 | Val Max Thermal: 0.0000
Epoch  510 | Val Loss: 0.3659 | Val Cost:    1.54 | Val Max P-Miss: 0.3046 | Val Max Q-Miss: 0.0483 | Val Max Gen Viol: 0.0000 | Val Max Thermal: 0.0000 [*SAVED BEST*]
Epoch  520 | Val Loss: 0.3691 | Val Cost:    1.34 | Val Max P-Miss: 0.3209 | Val Max Q-Miss: 0.0511 | Val Max Gen Viol: 0.0000 | Val Max Thermal: 0.0000
Epoch  530 | Val Loss: 0.3683 | Val Cost:    1.14 | Val Max P-Miss: 0.3348 | Val Max Q-Miss: 0.0634 | Val Max Gen Viol: 0.0000 | Val Max Thermal: 0.0000
Epoch  540 | Val Loss: 0.4943 | Val Cost:    2.57 | Val Max P-Miss: 0.4837 | Val Max Q-Miss: 0.1092 | Val Max Gen Viol: 0.0000 | Val Max Thermal: 0.0000
Epoch  550 | Val Loss: 0.3943 | Val Cost:    1.24 | Val Max P-Miss: 0.2959 | Val Max Q-Miss: 0.1333 | Val Max Gen Viol: 0.0000 | Val Max Thermal: 0.0000
Epoch  560 | Val Loss: 0.3634 | Val Cost:    1.15 | Val Max P-Miss: 0.3225 | Val Max Q-Miss: 0.0418 | Val Max Gen Viol: 0.0000 | Val Max Thermal: 0.0000 [*SAVED BEST*]
Epoch  570 | Val Loss: 0.3595 | Val Cost:    1.05 | Val Max P-Miss: 0.3031 | Val Max Q-Miss: 0.0414 | Val Max Gen Viol: 0.0000 | Val Max Thermal: 0.0000 [*SAVED BEST*]
Epoch  580 | Val Loss: 0.3570 | Val Cost:    0.95 | Val Max P-Miss: 0.2876 | Val Max Q-Miss: 0.0411 | Val Max Gen Viol: 0.0000 | Val Max Thermal: 0.0000 [*SAVED BEST*]
Epoch  590 | Val Loss: 0.3574 | Val Cost:    0.84 | Val Max P-Miss: 0.2872 | Val Max Q-Miss: 0.0460 | Val Max Gen Viol: 0.0000 | Val Max Thermal: 0.0000
Epoch  600 | Val Loss: 0.3586 | Val Cost:    0.84 | Val Max P-Miss: 0.2936 | Val Max Q-Miss: 0.0399 | Val Max Gen Viol: 0.0000 | Val Max Thermal: 0.0000
Epoch  610 | Val Loss: 0.3593 | Val Cost:    0.79 | Val Max P-Miss: 0.2962 | Val Max Q-Miss: 0.0405 | Val Max Gen Viol: 0.0000 | Val Max Thermal: 0.0000
Epoch  620 | Val Loss: 0.3586 | Val Cost:    0.74 | Val Max P-Miss: 0.2901 | Val Max Q-Miss: 0.0409 | Val Max Gen Viol: 0.0000 | Val Max Thermal: 0.0000
Epoch  630 | Val Loss: 0.3607 | Val Cost:    0.70 | Val Max P-Miss: 0.2979 | Val Max Q-Miss: 0.0387 | Val Max Gen Viol: 0.0000 | Val Max Thermal: 0.0000
Epoch  640 | Val Loss: 0.3609 | Val Cost:    0.66 | Val Max P-Miss: 0.2958 | Val Max Q-Miss: 0.0372 | Val Max Gen Viol: 0.0000 | Val Max Thermal: 0.0000
Epoch  650 | Val Loss: 0.3622 | Val Cost:    0.65 | Val Max P-Miss: 0.2884 | Val Max Q-Miss: 0.0386 | Val Max Gen Viol: 0.0000 | Val Max Thermal: 0.0000
Epoch  660 | Val Loss: 0.3614 | Val Cost:    0.61 | Val Max P-Miss: 0.2923 | Val Max Q-Miss: 0.0348 | Val Max Gen Viol: 0.0000 | Val Max Thermal: 0.0000
Epoch  670 | Val Loss: 0.3602 | Val Cost:    0.55 | Val Max P-Miss: 0.2907 | Val Max Q-Miss: 0.0351 | Val Max Gen Viol: 0.0000 | Val Max Thermal: 0.0000
Epoch  680 | Val Loss: 0.3602 | Val Cost:    0.52 | Val Max P-Miss: 0.2877 | Val Max Q-Miss: 0.0347 | Val Max Gen Viol: 0.0000 | Val Max Thermal: 0.0000
Epoch  690 | Val Loss: 0.3615 | Val Cost:    0.51 | Val Max P-Miss: 0.2862 | Val Max Q-Miss: 0.0330 | Val Max Gen Viol: 0.0000 | Val Max Thermal: 0.0000
Epoch  700 | Val Loss: 0.3676 | Val Cost:    0.58 | Val Max P-Miss: 0.2995 | Val Max Q-Miss: 0.0401 | Val Max Gen Viol: 0.0000 | Val Max Thermal: 0.0000
Epoch  710 | Val Loss: 0.3814 | Val Cost:    0.80 | Val Max P-Miss: 0.2955 | Val Max Q-Miss: 0.0624 | Val Max Gen Viol: 0.0000 | Val Max Thermal: 0.0000
Epoch  720 | Val Loss: 0.3726 | Val Cost:    0.67 | Val Max P-Miss: 0.2821 | Val Max Q-Miss: 0.0434 | Val Max Gen Viol: 0.0000 | Val Max Thermal: 0.0000
Epoch  730 | Val Loss: 0.3641 | Val Cost:    0.57 | Val Max P-Miss: 0.2592 | Val Max Q-Miss: 0.0479 | Val Max Gen Viol: 0.0000 | Val Max Thermal: 0.0000
Epoch  740 | Val Loss: 0.3622 | Val Cost:    0.49 | Val Max P-Miss: 0.2548 | Val Max Q-Miss: 0.0460 | Val Max Gen Viol: 0.0000 | Val Max Thermal: 0.0000
Epoch  750 | Val Loss: 0.3607 | Val Cost:    0.43 | Val Max P-Miss: 0.2495 | Val Max Q-Miss: 0.0422 | Val Max Gen Viol: 0.0000 | Val Max Thermal: 0.0000
Epoch  760 | Val Loss: 0.3733 | Val Cost:    0.53 | Val Max P-Miss: 0.2827 | Val Max Q-Miss: 0.0882 | Val Max Gen Viol: 0.0000 | Val Max Thermal: 0.0000
Epoch  770 | Val Loss: 0.3716 | Val Cost:    0.27 | Val Max P-Miss: 0.2936 | Val Max Q-Miss: 0.0538 | Val Max Gen Viol: 0.0000 | Val Max Thermal: 0.0000
Epoch  780 | Val Loss: 0.3567 | Val Cost:    0.36 | Val Max P-Miss: 0.2899 | Val Max Q-Miss: 0.0409 | Val Max Gen Viol: 0.0000 | Val Max Thermal: 0.0000 [*SAVED BEST*]
Epoch  790 | Val Loss: 0.3547 | Val Cost:    0.33 | Val Max P-Miss: 0.2749 | Val Max Q-Miss: 0.0391 | Val Max Gen Viol: 0.0000 | Val Max Thermal: 0.0000 [*SAVED BEST*]
Epoch  800 | Val Loss: 0.3545 | Val Cost:    0.30 | Val Max P-Miss: 0.2713 | Val Max Q-Miss: 0.0388 | Val Max Gen Viol: 0.0000 | Val Max Thermal: 0.0000 [*SAVED BEST*]
Epoch  810 | Val Loss: 0.3564 | Val Cost:    0.29 | Val Max P-Miss: 0.2846 | Val Max Q-Miss: 0.0386 | Val Max Gen Viol: 0.0000 | Val Max Thermal: 0.0000
Epoch  820 | Val Loss: 0.3550 | Val Cost:    0.27 | Val Max P-Miss: 0.2721 | Val Max Q-Miss: 0.0377 | Val Max Gen Viol: 0.0000 | Val Max Thermal: 0.0000
Epoch  830 | Val Loss: 0.3544 | Val Cost:    0.25 | Val Max P-Miss: 0.2692 | Val Max Q-Miss: 0.0374 | Val Max Gen Viol: 0.0000 | Val Max Thermal: 0.0000 [*SAVED BEST*]
Epoch  840 | Val Loss: 0.3558 | Val Cost:    0.23 | Val Max P-Miss: 0.2791 | Val Max Q-Miss: 0.0386 | Val Max Gen Viol: 0.0000 | Val Max Thermal: 0.0000
Epoch  850 | Val Loss: 0.3558 | Val Cost:    0.22 | Val Max P-Miss: 0.2797 | Val Max Q-Miss: 0.0378 | Val Max Gen Viol: 0.0000 | Val Max Thermal: 0.0000
Epoch  860 | Val Loss: 0.3564 | Val Cost:    0.21 | Val Max P-Miss: 0.2815 | Val Max Q-Miss: 0.0361 | Val Max Gen Viol: 0.0000 | Val Max Thermal: 0.0000
Epoch  870 | Val Loss: 0.3569 | Val Cost:    0.20 | Val Max P-Miss: 0.2759 | Val Max Q-Miss: 0.0328 | Val Max Gen Viol: 0.0000 | Val Max Thermal: 0.0000
Epoch  880 | Val Loss: 0.3582 | Val Cost:    0.19 | Val Max P-Miss: 0.2820 | Val Max Q-Miss: 0.0306 | Val Max Gen Viol: 0.0000 | Val Max Thermal: 0.0000
Epoch  890 | Val Loss: 0.3563 | Val Cost:    0.18 | Val Max P-Miss: 0.2766 | Val Max Q-Miss: 0.0303 | Val Max Gen Viol: 0.0000 | Val Max Thermal: 0.0000
Epoch  900 | Val Loss: 0.3561 | Val Cost:    0.16 | Val Max P-Miss: 0.2768 | Val Max Q-Miss: 0.0302 | Val Max Gen Viol: 0.0000 | Val Max Thermal: 0.0000
Epoch  910 | Val Loss: 0.3620 | Val Cost:    0.22 | Val Max P-Miss: 0.2622 | Val Max Q-Miss: 0.0804 | Val Max Gen Viol: 0.0000 | Val Max Thermal: 0.0000
Epoch  920 | Val Loss: 0.3708 | Val Cost:    0.21 | Val Max P-Miss: 0.3219 | Val Max Q-Miss: 0.0691 | Val Max Gen Viol: 0.0000 | Val Max Thermal: 0.0000
Epoch  930 | Val Loss: 0.3613 | Val Cost:    0.18 | Val Max P-Miss: 0.3100 | Val Max Q-Miss: 0.0466 | Val Max Gen Viol: 0.0000 | Val Max Thermal: 0.0000
Epoch  940 | Val Loss: 0.3550 | Val Cost:    0.15 | Val Max P-Miss: 0.2817 | Val Max Q-Miss: 0.0429 | Val Max Gen Viol: 0.0000 | Val Max Thermal: 0.0000
Epoch  950 | Val Loss: 0.3563 | Val Cost:    0.09 | Val Max P-Miss: 0.2738 | Val Max Q-Miss: 0.0475 | Val Max Gen Viol: 0.0000 | Val Max Thermal: 0.0000
Epoch  960 | Val Loss: 0.3581 | Val Cost:    0.13 | Val Max P-Miss: 0.2729 | Val Max Q-Miss: 0.0340 | Val Max Gen Viol: 0.0000 | Val Max Thermal: 0.0000
Epoch  970 | Val Loss: 0.3561 | Val Cost:    0.14 | Val Max P-Miss: 0.2632 | Val Max Q-Miss: 0.0348 | Val Max Gen Viol: 0.0000 | Val Max Thermal: 0.0000
Epoch  980 | Val Loss: 0.3559 | Val Cost:    0.12 | Val Max P-Miss: 0.2592 | Val Max Q-Miss: 0.0386 | Val Max Gen Viol: 0.0000 | Val Max Thermal: 0.0000
Epoch  990 | Val Loss: 0.3547 | Val Cost:    0.12 | Val Max P-Miss: 0.2527 | Val Max Q-Miss: 0.0360 | Val Max Gen Viol: 0.0000 | Val Max Thermal: 0.0000
Epoch 1000 | Val Loss: 0.3551 | Val Cost:    0.11 | Val Max P-Miss: 0.2537 | Val Max Q-Miss: 0.0359 | Val Max Gen Viol: 0.0000 | Val Max Thermal: 0.0000
Epoch 1010 | Val Loss: 0.3542 | Val Cost:    0.11 | Val Max P-Miss: 0.2488 | Val Max Q-Miss: 0.0350 | Val Max Gen Viol: 0.0000 | Val Max Thermal: 0.0000 [*SAVED BEST*]
Epoch 1020 | Val Loss: 0.3547 | Val Cost:    0.10 | Val Max P-Miss: 0.2513 | Val Max Q-Miss: 0.0344 | Val Max Gen Viol: 0.0000 | Val Max Thermal: 0.0000
Epoch 1030 | Val Loss: 0.3553 | Val Cost:    0.10 | Val Max P-Miss: 0.2533 | Val Max Q-Miss: 0.0346 | Val Max Gen Viol: 0.0000 | Val Max Thermal: 0.0000
Epoch 1040 | Val Loss: 0.3551 | Val Cost:    0.09 | Val Max P-Miss: 0.2496 | Val Max Q-Miss: 0.0352 | Val Max Gen Viol: 0.0000 | Val Max Thermal: 0.0000
Epoch 1050 | Val Loss: 0.3524 | Val Cost:    0.08 | Val Max P-Miss: 0.2417 | Val Max Q-Miss: 0.0436 | Val Max Gen Viol: 0.0000 | Val Max Thermal: 0.0000 [*SAVED BEST*]
Epoch 1060 | Val Loss: 0.3638 | Val Cost:    0.14 | Val Max P-Miss: 0.2974 | Val Max Q-Miss: 0.0523 | Val Max Gen Viol: 0.0000 | Val Max Thermal: 0.0000
Epoch 1070 | Val Loss: 0.3639 | Val Cost:    0.12 | Val Max P-Miss: 0.2888 | Val Max Q-Miss: 0.0437 | Val Max Gen Viol: 0.0000 | Val Max Thermal: 0.0000
Epoch 1080 | Val Loss: 0.3611 | Val Cost:    0.11 | Val Max P-Miss: 0.2754 | Val Max Q-Miss: 0.0365 | Val Max Gen Viol: 0.0000 | Val Max Thermal: 0.0000
Epoch 1090 | Val Loss: 0.3503 | Val Cost:    0.04 | Val Max P-Miss: 0.2187 | Val Max Q-Miss: 0.0330 | Val Max Gen Viol: 0.0000 | Val Max Thermal: 0.0000 [*SAVED BEST*]
Epoch 1100 | Val Loss: 0.3552 | Val Cost:    0.02 | Val Max P-Miss: 0.2601 | Val Max Q-Miss: 0.0314 | Val Max Gen Viol: 0.0000 | Val Max Thermal: 0.0000
Epoch 1110 | Val Loss: 0.3710 | Val Cost:    0.10 | Val Max P-Miss: 0.2647 | Val Max Q-Miss: 0.0571 | Val Max Gen Viol: 0.0000 | Val Max Thermal: 0.0000
Epoch 1120 | Val Loss: 0.3511 | Val Cost:    0.03 | Val Max P-Miss: 0.2274 | Val Max Q-Miss: 0.0321 | Val Max Gen Viol: 0.0000 | Val Max Thermal: 0.0000
Epoch 1130 | Val Loss: 0.3618 | Val Cost:    0.08 | Val Max P-Miss: 0.3179 | Val Max Q-Miss: 0.0509 | Val Max Gen Viol: 0.0000 | Val Max Thermal: 0.0000
Epoch 1140 | Val Loss: 0.3503 | Val Cost:    0.03 | Val Max P-Miss: 0.2230 | Val Max Q-Miss: 0.0323 | Val Max Gen Viol: 0.0000 | Val Max Thermal: 0.0000 [*SAVED BEST*]
Epoch 1150 | Val Loss: 0.3560 | Val Cost:    0.07 | Val Max P-Miss: 0.2615 | Val Max Q-Miss: 0.0290 | Val Max Gen Viol: 0.0000 | Val Max Thermal: 0.0000
Epoch 1160 | Val Loss: 0.3555 | Val Cost:    0.07 | Val Max P-Miss: 0.2563 | Val Max Q-Miss: 0.0279 | Val Max Gen Viol: 0.0000 | Val Max Thermal: 0.0000
Epoch 1170 | Val Loss: 0.3550 | Val Cost:    0.06 | Val Max P-Miss: 0.2549 | Val Max Q-Miss: 0.0265 | Val Max Gen Viol: 0.0000 | Val Max Thermal: 0.0000
Epoch 1180 | Val Loss: 0.3548 | Val Cost:    0.06 | Val Max P-Miss: 0.2518 | Val Max Q-Miss: 0.0281 | Val Max Gen Viol: 0.0000 | Val Max Thermal: 0.0000
Epoch 1190 | Val Loss: 0.3552 | Val Cost:    0.06 | Val Max P-Miss: 0.2546 | Val Max Q-Miss: 0.0294 | Val Max Gen Viol: 0.0000 | Val Max Thermal: 0.0000
Epoch 1200 | Val Loss: 0.3553 | Val Cost:    0.05 | Val Max P-Miss: 0.2555 | Val Max Q-Miss: 0.0280 | Val Max Gen Viol: 0.0000 | Val Max Thermal: 0.0000
Epoch 1210 | Val Loss: 0.3550 | Val Cost:    0.05 | Val Max P-Miss: 0.2550 | Val Max Q-Miss: 0.0273 | Val Max Gen Viol: 0.0000 | Val Max Thermal: 0.0000
Epoch 1220 | Val Loss: 0.3544 | Val Cost:    0.05 | Val Max P-Miss: 0.2497 | Val Max Q-Miss: 0.0267 | Val Max Gen Viol: 0.0000 | Val Max Thermal: 0.0000
Epoch 1230 | Val Loss: 0.3541 | Val Cost:    0.05 | Val Max P-Miss: 0.2452 | Val Max Q-Miss: 0.0259 | Val Max Gen Viol: 0.0000 | Val Max Thermal: 0.0000
Epoch 1240 | Val Loss: 0.3590 | Val Cost:    0.03 | Val Max P-Miss: 0.2524 | Val Max Q-Miss: 0.0449 | Val Max Gen Viol: 0.0000 | Val Max Thermal: 0.0000
Epoch 1250 | Val Loss: 0.3624 | Val Cost:    0.07 | Val Max P-Miss: 0.2734 | Val Max Q-Miss: 0.0290 | Val Max Gen Viol: 0.0000 | Val Max Thermal: 0.0000
Epoch 1260 | Val Loss: 0.3501 | Val Cost:    0.02 | Val Max P-Miss: 0.2193 | Val Max Q-Miss: 0.0274 | Val Max Gen Viol: 0.0000 | Val Max Thermal: 0.0000 [*SAVED BEST*]
Epoch 1270 | Val Loss: 0.3506 | Val Cost:    0.01 | Val Max P-Miss: 0.2255 | Val Max Q-Miss: 0.0271 | Val Max Gen Viol: 0.0000 | Val Max Thermal: 0.0000
Epoch 1280 | Val Loss: 0.3505 | Val Cost:    0.01 | Val Max P-Miss: 0.2243 | Val Max Q-Miss: 0.0190 | Val Max Gen Viol: 0.0000 | Val Max Thermal: 0.0000
Epoch 1290 | Val Loss: 0.3537 | Val Cost:    0.01 | Val Max P-Miss: 0.2367 | Val Max Q-Miss: 0.0224 | Val Max Gen Viol: 0.0000 | Val Max Thermal: 0.0000
Epoch 1300 | Val Loss: 0.3505 | Val Cost:    0.02 | Val Max P-Miss: 0.2342 | Val Max Q-Miss: 0.0384 | Val Max Gen Viol: 0.0000 | Val Max Thermal: 0.0000
Epoch 1310 | Val Loss: 0.3519 | Val Cost:    0.01 | Val Max P-Miss: 0.2426 | Val Max Q-Miss: 0.0324 | Val Max Gen Viol: 0.0000 | Val Max Thermal: 0.0000
Epoch 1320 | Val Loss: 0.3502 | Val Cost:    0.01 | Val Max P-Miss: 0.2263 | Val Max Q-Miss: 0.0268 | Val Max Gen Viol: 0.0000 | Val Max Thermal: 0.0000
Epoch 1330 | Val Loss: 0.3535 | Val Cost:    0.01 | Val Max P-Miss: 0.2481 | Val Max Q-Miss: 0.0314 | Val Max Gen Viol: 0.0000 | Val Max Thermal: 0.0000
Epoch 1340 | Val Loss: 0.3506 | Val Cost:    0.02 | Val Max P-Miss: 0.2231 | Val Max Q-Miss: 0.0231 | Val Max Gen Viol: 0.0000 | Val Max Thermal: 0.0000
Epoch 1350 | Val Loss: 0.3507 | Val Cost:    0.01 | Val Max P-Miss: 0.2226 | Val Max Q-Miss: 0.0280 | Val Max Gen Viol: 0.0000 | Val Max Thermal: 0.0000
Epoch 1360 | Val Loss: 0.3922 | Val Cost:    0.07 | Val Max P-Miss: 0.3889 | Val Max Q-Miss: 0.0720 | Val Max Gen Viol: 0.0000 | Val Max Thermal: 0.0000
Epoch 1370 | Val Loss: 0.3500 | Val Cost:    0.01 | Val Max P-Miss: 0.2184 | Val Max Q-Miss: 0.0278 | Val Max Gen Viol: 0.0000 | Val Max Thermal: 0.0000 [*SAVED BEST*]
Epoch 1380 | Val Loss: 0.3674 | Val Cost:    0.03 | Val Max P-Miss: 0.2665 | Val Max Q-Miss: 0.0317 | Val Max Gen Viol: 0.0000 | Val Max Thermal: 0.0000
Epoch 1390 | Val Loss: 0.3507 | Val Cost:    0.02 | Val Max P-Miss: 0.2258 | Val Max Q-Miss: 0.0249 | Val Max Gen Viol: 0.0000 | Val Max Thermal: 0.0000
Epoch 1400 | Val Loss: 0.3730 | Val Cost:    0.03 | Val Max P-Miss: 0.3254 | Val Max Q-Miss: 0.0448 | Val Max Gen Viol: 0.0000 | Val Max Thermal: 0.0000
Epoch 1410 | Val Loss: 0.3505 | Val Cost:    0.01 | Val Max P-Miss: 0.2266 | Val Max Q-Miss: 0.0243 | Val Max Gen Viol: 0.0000 | Val Max Thermal: 0.0000
Epoch 1420 | Val Loss: 0.3540 | Val Cost:    0.04 | Val Max P-Miss: 0.2355 | Val Max Q-Miss: 0.0323 | Val Max Gen Viol: 0.0000 | Val Max Thermal: 0.0000
Epoch 1430 | Val Loss: 0.3556 | Val Cost:    0.03 | Val Max P-Miss: 0.2617 | Val Max Q-Miss: 0.0259 | Val Max Gen Viol: 0.0000 | Val Max Thermal: 0.0000
Epoch 1440 | Val Loss: 0.3545 | Val Cost:    0.03 | Val Max P-Miss: 0.2526 | Val Max Q-Miss: 0.0232 | Val Max Gen Viol: 0.0000 | Val Max Thermal: 0.0000
Epoch 1450 | Val Loss: 0.3541 | Val Cost:    0.02 | Val Max P-Miss: 0.2494 | Val Max Q-Miss: 0.0223 | Val Max Gen Viol: 0.0000 | Val Max Thermal: 0.0000
Epoch 1460 | Val Loss: 0.3538 | Val Cost:    0.02 | Val Max P-Miss: 0.2470 | Val Max Q-Miss: 0.0215 | Val Max Gen Viol: 0.0000 | Val Max Thermal: 0.0000
Epoch 1470 | Val Loss: 0.3541 | Val Cost:    0.02 | Val Max P-Miss: 0.2491 | Val Max Q-Miss: 0.0223 | Val Max Gen Viol: 0.0000 | Val Max Thermal: 0.0000
Epoch 1480 | Val Loss: 0.3540 | Val Cost:    0.02 | Val Max P-Miss: 0.2484 | Val Max Q-Miss: 0.0214 | Val Max Gen Viol: 0.0000 | Val Max Thermal: 0.0000
Epoch 1490 | Val Loss: 0.3537 | Val Cost:    0.02 | Val Max P-Miss: 0.2456 | Val Max Q-Miss: 0.0205 | Val Max Gen Viol: 0.0000 | Val Max Thermal: 0.0000
Epoch 1500 | Val Loss: 0.3534 | Val Cost:    0.02 | Val Max P-Miss: 0.2413 | Val Max Q-Miss: 0.0212 | Val Max Gen Viol: 0.0000 | Val Max Thermal: 0.0000
Epoch 1510 | Val Loss: 0.3532 | Val Cost:    0.02 | Val Max P-Miss: 0.2405 | Val Max Q-Miss: 0.0210 | Val Max Gen Viol: 0.0000 | Val Max Thermal: 0.0000
Epoch 1520 | Val Loss: 0.3527 | Val Cost:    0.01 | Val Max P-Miss: 0.2355 | Val Max Q-Miss: 0.0208 | Val Max Gen Viol: 0.0000 | Val Max Thermal: 0.0000
Epoch 1530 | Val Loss: 0.3531 | Val Cost:    0.01 | Val Max P-Miss: 0.2359 | Val Max Q-Miss: 0.0247 | Val Max Gen Viol: 0.0000 | Val Max Thermal: 0.0000
Epoch 1540 | Val Loss: 0.3539 | Val Cost:    0.01 | Val Max P-Miss: 0.2360 | Val Max Q-Miss: 0.0284 | Val Max Gen Viol: 0.0000 | Val Max Thermal: 0.0000
Epoch 1550 | Val Loss: 0.3540 | Val Cost:    0.01 | Val Max P-Miss: 0.2359 | Val Max Q-Miss: 0.0332 | Val Max Gen Viol: 0.0000 | Val Max Thermal: 0.0000
Epoch 1560 | Val Loss: 0.3502 | Val Cost:    0.01 | Val Max P-Miss: 0.2235 | Val Max Q-Miss: 0.0199 | Val Max Gen Viol: 0.0000 | Val Max Thermal: 0.0000
Epoch 1570 | Val Loss: 0.3508 | Val Cost:    0.00 | Val Max P-Miss: 0.2283 | Val Max Q-Miss: 0.0243 | Val Max Gen Viol: 0.0000 | Val Max Thermal: 0.0000
Epoch 1580 | Val Loss: 0.3499 | Val Cost:    0.00 | Val Max P-Miss: 0.2213 | Val Max Q-Miss: 0.0203 | Val Max Gen Viol: 0.0000 | Val Max Thermal: 0.0000 [*SAVED BEST*]
Epoch 1590 | Val Loss: 0.3506 | Val Cost:    0.01 | Val Max P-Miss: 0.2264 | Val Max Q-Miss: 0.0152 | Val Max Gen Viol: 0.0000 | Val Max Thermal: 0.0000
Epoch 1600 | Val Loss: 0.3561 | Val Cost:    0.01 | Val Max P-Miss: 0.2468 | Val Max Q-Miss: 0.0290 | Val Max Gen Viol: 0.0000 | Val Max Thermal: 0.0000
Epoch 1610 | Val Loss: 0.3526 | Val Cost:    0.00 | Val Max P-Miss: 0.2382 | Val Max Q-Miss: 0.0224 | Val Max Gen Viol: 0.0000 | Val Max Thermal: 0.0000
Epoch 1620 | Val Loss: 0.3550 | Val Cost:    0.00 | Val Max P-Miss: 0.2482 | Val Max Q-Miss: 0.0239 | Val Max Gen Viol: 0.0000 | Val Max Thermal: 0.0000
Epoch 1630 | Val Loss: 0.3510 | Val Cost:    0.00 | Val Max P-Miss: 0.2243 | Val Max Q-Miss: 0.0156 | Val Max Gen Viol: 0.0000 | Val Max Thermal: 0.0000
Epoch 1640 | Val Loss: 0.3804 | Val Cost:    0.02 | Val Max P-Miss: 0.3057 | Val Max Q-Miss: 0.0383 | Val Max Gen Viol: 0.0000 | Val Max Thermal: 0.0000
Epoch 1650 | Val Loss: 0.3512 | Val Cost:    0.02 | Val Max P-Miss: 0.2233 | Val Max Q-Miss: 0.0327 | Val Max Gen Viol: 0.0000 | Val Max Thermal: 0.0000
Epoch 1660 | Val Loss: 0.3544 | Val Cost:    0.00 | Val Max P-Miss: 0.2557 | Val Max Q-Miss: 0.0209 | Val Max Gen Viol: 0.0000 | Val Max Thermal: 0.0000
Epoch 1670 | Val Loss: 0.3593 | Val Cost:    0.00 | Val Max P-Miss: 0.2712 | Val Max Q-Miss: 0.0314 | Val Max Gen Viol: 0.0000 | Val Max Thermal: 0.0000
Epoch 1680 | Val Loss: 0.3498 | Val Cost:    0.00 | Val Max P-Miss: 0.2215 | Val Max Q-Miss: 0.0176 | Val Max Gen Viol: 0.0000 | Val Max Thermal: 0.0000 [*SAVED BEST*]
Epoch 1690 | Val Loss: 0.3976 | Val Cost:    0.01 | Val Max P-Miss: 0.3799 | Val Max Q-Miss: 0.0486 | Val Max Gen Viol: 0.0000 | Val Max Thermal: 0.0000
Epoch 1700 | Val Loss: 0.3501 | Val Cost:    0.01 | Val Max P-Miss: 0.2229 | Val Max Q-Miss: 0.0318 | Val Max Gen Viol: 0.0000 | Val Max Thermal: 0.0000
Epoch 1710 | Val Loss: 0.3497 | Val Cost:    0.00 | Val Max P-Miss: 0.2160 | Val Max Q-Miss: 0.0309 | Val Max Gen Viol: 0.0000 | Val Max Thermal: 0.0000 [*SAVED BEST*]
Epoch 1720 | Val Loss: 0.3524 | Val Cost:    0.00 | Val Max P-Miss: 0.2423 | Val Max Q-Miss: 0.0257 | Val Max Gen Viol: 0.0000 | Val Max Thermal: 0.0000
Epoch 1730 | Val Loss: 0.3663 | Val Cost:    0.01 | Val Max P-Miss: 0.2640 | Val Max Q-Miss: 0.0377 | Val Max Gen Viol: 0.0000 | Val Max Thermal: 0.0000
Epoch 1740 | Val Loss: 0.3499 | Val Cost:    0.00 | Val Max P-Miss: 0.2223 | Val Max Q-Miss: 0.0254 | Val Max Gen Viol: 0.0000 | Val Max Thermal: 0.0000
Epoch 1750 | Val Loss: 0.3801 | Val Cost:    0.00 | Val Max P-Miss: 0.3161 | Val Max Q-Miss: 0.0779 | Val Max Gen Viol: 0.0000 | Val Max Thermal: 0.0000
Epoch 1760 | Val Loss: 0.3499 | Val Cost:    0.00 | Val Max P-Miss: 0.2252 | Val Max Q-Miss: 0.0273 | Val Max Gen Viol: 0.0000 | Val Max Thermal: 0.0000
Epoch 1770 | Val Loss: 0.3555 | Val Cost:    0.01 | Val Max P-Miss: 0.2757 | Val Max Q-Miss: 0.0267 | Val Max Gen Viol: 0.0000 | Val Max Thermal: 0.0000
Epoch 1780 | Val Loss: 0.3567 | Val Cost:    0.01 | Val Max P-Miss: 0.2774 | Val Max Q-Miss: 0.0262 | Val Max Gen Viol: 0.0000 | Val Max Thermal: 0.0000
Epoch 1790 | Val Loss: 0.3556 | Val Cost:    0.01 | Val Max P-Miss: 0.2652 | Val Max Q-Miss: 0.0228 | Val Max Gen Viol: 0.0000 | Val Max Thermal: 0.0000
Epoch 1800 | Val Loss: 0.3551 | Val Cost:    0.01 | Val Max P-Miss: 0.2588 | Val Max Q-Miss: 0.0218 | Val Max Gen Viol: 0.0000 | Val Max Thermal: 0.0000
Epoch 1810 | Val Loss: 0.3548 | Val Cost:    0.01 | Val Max P-Miss: 0.2587 | Val Max Q-Miss: 0.0225 | Val Max Gen Viol: 0.0000 | Val Max Thermal: 0.0000
Epoch 1820 | Val Loss: 0.3530 | Val Cost:    0.01 | Val Max P-Miss: 0.2479 | Val Max Q-Miss: 0.0228 | Val Max Gen Viol: 0.0000 | Val Max Thermal: 0.0000
Epoch 1830 | Val Loss: 0.3546 | Val Cost:    0.00 | Val Max P-Miss: 0.2404 | Val Max Q-Miss: 0.0269 | Val Max Gen Viol: 0.0000 | Val Max Thermal: 0.0000
Epoch 1840 | Val Loss: 0.3496 | Val Cost:    0.00 | Val Max P-Miss: 0.2157 | Val Max Q-Miss: 0.0179 | Val Max Gen Viol: 0.0000 | Val Max Thermal: 0.0000 [*SAVED BEST*]
Epoch 1850 | Val Loss: 0.3499 | Val Cost:    0.00 | Val Max P-Miss: 0.2176 | Val Max Q-Miss: 0.0177 | Val Max Gen Viol: 0.0000 | Val Max Thermal: 0.0000
Epoch 1860 | Val Loss: 0.3527 | Val Cost:    0.00 | Val Max P-Miss: 0.2355 | Val Max Q-Miss: 0.0190 | Val Max Gen Viol: 0.0000 | Val Max Thermal: 0.0000
Epoch 1870 | Val Loss: 0.3514 | Val Cost:    0.00 | Val Max P-Miss: 0.2299 | Val Max Q-Miss: 0.0214 | Val Max Gen Viol: 0.0000 | Val Max Thermal: 0.0000
Epoch 1880 | Val Loss: 0.3500 | Val Cost:    0.00 | Val Max P-Miss: 0.2196 | Val Max Q-Miss: 0.0161 | Val Max Gen Viol: 0.0000 | Val Max Thermal: 0.0000
Epoch 1890 | Val Loss: 0.3504 | Val Cost:    0.00 | Val Max P-Miss: 0.2224 | Val Max Q-Miss: 0.0198 | Val Max Gen Viol: 0.0000 | Val Max Thermal: 0.0000
Epoch 1900 | Val Loss: 0.3699 | Val Cost:    0.00 | Val Max P-Miss: 0.3037 | Val Max Q-Miss: 0.0746 | Val Max Gen Viol: 0.0000 | Val Max Thermal: 0.0000
Epoch 1910 | Val Loss: 0.3498 | Val Cost:    0.00 | Val Max P-Miss: 0.2211 | Val Max Q-Miss: 0.0329 | Val Max Gen Viol: 0.0000 | Val Max Thermal: 0.0000
Epoch 1920 | Val Loss: 0.3511 | Val Cost:    0.00 | Val Max P-Miss: 0.2310 | Val Max Q-Miss: 0.0259 | Val Max Gen Viol: 0.0000 | Val Max Thermal: 0.0000
Epoch 1930 | Val Loss: 0.3496 | Val Cost:    0.00 | Val Max P-Miss: 0.2210 | Val Max Q-Miss: 0.0256 | Val Max Gen Viol: 0.0000 | Val Max Thermal: 0.0000
Epoch 1940 | Val Loss: 0.3499 | Val Cost:    0.00 | Val Max P-Miss: 0.2232 | Val Max Q-Miss: 0.0261 | Val Max Gen Viol: 0.0000 | Val Max Thermal: 0.0000
Epoch 1950 | Val Loss: 0.3516 | Val Cost:    0.00 | Val Max P-Miss: 0.2276 | Val Max Q-Miss: 0.0193 | Val Max Gen Viol: 0.0000 | Val Max Thermal: 0.0000
Epoch 1960 | Val Loss: 0.3503 | Val Cost:    0.00 | Val Max P-Miss: 0.2234 | Val Max Q-Miss: 0.0217 | Val Max Gen Viol: 0.0000 | Val Max Thermal: 0.0000
Epoch 1970 | Val Loss: 0.3500 | Val Cost:    0.00 | Val Max P-Miss: 0.2244 | Val Max Q-Miss: 0.0207 | Val Max Gen Viol: 0.0000 | Val Max Thermal: 0.0000
Epoch 1980 | Val Loss: 0.3643 | Val Cost:    0.00 | Val Max P-Miss: 0.2978 | Val Max Q-Miss: 0.0431 | Val Max Gen Viol: 0.0000 | Val Max Thermal: 0.0000
Epoch 1990 | Val Loss: 0.3511 | Val Cost:    0.01 | Val Max P-Miss: 0.2242 | Val Max Q-Miss: 0.0229 | Val Max Gen Viol: 0.0000 | Val Max Thermal: 0.0000
Epoch 2000 | Val Loss: 0.3496 | Val Cost:    0.00 | Val Max P-Miss: 0.2207 | Val Max Q-Miss: 0.0170 | Val Max Gen Viol: 0.0000 | Val Max Thermal: 0.0000
Epoch 2010 | Val Loss: 0.3504 | Val Cost:    0.00 | Val Max P-Miss: 0.2289 | Val Max Q-Miss: 0.0171 | Val Max Gen Viol: 0.0000 | Val Max Thermal: 0.0000
Epoch 2020 | Val Loss: 0.3497 | Val Cost:    0.00 | Val Max P-Miss: 0.2191 | Val Max Q-Miss: 0.0160 | Val Max Gen Viol: 0.0000 | Val Max Thermal: 0.0000
Epoch 2030 | Val Loss: 0.3511 | Val Cost:    0.00 | Val Max P-Miss: 0.2310 | Val Max Q-Miss: 0.0162 | Val Max Gen Viol: 0.0000 | Val Max Thermal: 0.0000
Epoch 2040 | Val Loss: 0.3503 | Val Cost:    0.00 | Val Max P-Miss: 0.2272 | Val Max Q-Miss: 0.0160 | Val Max Gen Viol: 0.0000 | Val Max Thermal: 0.0000
Epoch 2050 | Val Loss: 0.3503 | Val Cost:    0.00 | Val Max P-Miss: 0.2251 | Val Max Q-Miss: 0.0149 | Val Max Gen Viol: 0.0000 | Val Max Thermal: 0.0000
Epoch 2060 | Val Loss: 0.3497 | Val Cost:    0.00 | Val Max P-Miss: 0.2231 | Val Max Q-Miss: 0.0146 | Val Max Gen Viol: 0.0000 | Val Max Thermal: 0.0000
Epoch 2070 | Val Loss: 0.3517 | Val Cost:    0.00 | Val Max P-Miss: 0.2291 | Val Max Q-Miss: 0.0341 | Val Max Gen Viol: 0.0000 | Val Max Thermal: 0.0000
Epoch 2080 | Val Loss: 0.3496 | Val Cost:    0.00 | Val Max P-Miss: 0.2214 | Val Max Q-Miss: 0.0168 | Val Max Gen Viol: 0.0000 | Val Max Thermal: 0.0000
Epoch 2090 | Val Loss: 0.3501 | Val Cost:    0.00 | Val Max P-Miss: 0.2185 | Val Max Q-Miss: 0.0191 | Val Max Gen Viol: 0.0000 | Val Max Thermal: 0.0000
Epoch 2100 | Val Loss: 0.3505 | Val Cost:    0.00 | Val Max P-Miss: 0.2299 | Val Max Q-Miss: 0.0158 | Val Max Gen Viol: 0.0000 | Val Max Thermal: 0.0000
Epoch 2110 | Val Loss: 0.3514 | Val Cost:    0.00 | Val Max P-Miss: 0.2427 | Val Max Q-Miss: 0.0353 | Val Max Gen Viol: 0.0000 | Val Max Thermal: 0.0000
Epoch 2120 | Val Loss: 0.3496 | Val Cost:    0.00 | Val Max P-Miss: 0.2216 | Val Max Q-Miss: 0.0194 | Val Max Gen Viol: 0.0000 | Val Max Thermal: 0.0000 [*SAVED BEST*]
Epoch 2130 | Val Loss: 0.3502 | Val Cost:    0.00 | Val Max P-Miss: 0.2258 | Val Max Q-Miss: 0.0141 | Val Max Gen Viol: 0.0000 | Val Max Thermal: 0.0000
Epoch 2140 | Val Loss: 0.3711 | Val Cost:    0.01 | Val Max P-Miss: 0.2696 | Val Max Q-Miss: 0.0571 | Val Max Gen Viol: 0.0000 | Val Max Thermal: 0.0000
Epoch 2150 | Val Loss: 0.3499 | Val Cost:    0.00 | Val Max P-Miss: 0.2242 | Val Max Q-Miss: 0.0339 | Val Max Gen Viol: 0.0000 | Val Max Thermal: 0.0000
Epoch 2160 | Val Loss: 0.4187 | Val Cost:    0.00 | Val Max P-Miss: 0.3435 | Val Max Q-Miss: 0.0656 | Val Max Gen Viol: 0.0000 | Val Max Thermal: 0.0000
Epoch 2170 | Val Loss: 0.3500 | Val Cost:    0.00 | Val Max P-Miss: 0.2241 | Val Max Q-Miss: 0.0342 | Val Max Gen Viol: 0.0000 | Val Max Thermal: 0.0000
Epoch 2180 | Val Loss: 0.3496 | Val Cost:    0.00 | Val Max P-Miss: 0.2237 | Val Max Q-Miss: 0.0283 | Val Max Gen Viol: 0.0000 | Val Max Thermal: 0.0000
Epoch 2190 | Val Loss: 0.3503 | Val Cost:    0.00 | Val Max P-Miss: 0.2277 | Val Max Q-Miss: 0.0224 | Val Max Gen Viol: 0.0000 | Val Max Thermal: 0.0000
Epoch 2200 | Val Loss: 0.3678 | Val Cost:    0.01 | Val Max P-Miss: 0.2818 | Val Max Q-Miss: 0.0506 | Val Max Gen Viol: 0.0000 | Val Max Thermal: 0.0000
Epoch 2210 | Val Loss: 0.3498 | Val Cost:    0.00 | Val Max P-Miss: 0.2200 | Val Max Q-Miss: 0.0309 | Val Max Gen Viol: 0.0000 | Val Max Thermal: 0.0000
Epoch 2220 | Val Loss: 0.3501 | Val Cost:    0.00 | Val Max P-Miss: 0.2248 | Val Max Q-Miss: 0.0268 | Val Max Gen Viol: 0.0000 | Val Max Thermal: 0.0000
Epoch 2230 | Val Loss: 0.3498 | Val Cost:    0.00 | Val Max P-Miss: 0.2258 | Val Max Q-Miss: 0.0203 | Val Max Gen Viol: 0.0000 | Val Max Thermal: 0.0000
Epoch 2240 | Val Loss: 0.3564 | Val Cost:    0.01 | Val Max P-Miss: 0.2789 | Val Max Q-Miss: 0.0272 | Val Max Gen Viol: 0.0000 | Val Max Thermal: 0.0000
Epoch 2250 | Val Loss: 0.3548 | Val Cost:    0.00 | Val Max P-Miss: 0.2671 | Val Max Q-Miss: 0.0263 | Val Max Gen Viol: 0.0000 | Val Max Thermal: 0.0000
Epoch 2260 | Val Loss: 0.3548 | Val Cost:    0.00 | Val Max P-Miss: 0.2628 | Val Max Q-Miss: 0.0244 | Val Max Gen Viol: 0.0000 | Val Max Thermal: 0.0000
Epoch 2270 | Val Loss: 0.3541 | Val Cost:    0.00 | Val Max P-Miss: 0.2575 | Val Max Q-Miss: 0.0211 | Val Max Gen Viol: 0.0000 | Val Max Thermal: 0.0000
Epoch 2280 | Val Loss: 0.3508 | Val Cost:    0.00 | Val Max P-Miss: 0.2300 | Val Max Q-Miss: 0.0175 | Val Max Gen Viol: 0.0000 | Val Max Thermal: 0.0000
Epoch 2290 | Val Loss: 0.3496 | Val Cost:    0.00 | Val Max P-Miss: 0.2194 | Val Max Q-Miss: 0.0164 | Val Max Gen Viol: 0.0000 | Val Max Thermal: 0.0000
Epoch 2300 | Val Loss: 0.3495 | Val Cost:    0.00 | Val Max P-Miss: 0.2197 | Val Max Q-Miss: 0.0179 | Val Max Gen Viol: 0.0000 | Val Max Thermal: 0.0000 [*SAVED BEST*]
Epoch 2310 | Val Loss: 0.3494 | Val Cost:    0.00 | Val Max P-Miss: 0.2189 | Val Max Q-Miss: 0.0146 | Val Max Gen Viol: 0.0000 | Val Max Thermal: 0.0000 [*SAVED BEST*]
Epoch 2320 | Val Loss: 0.3506 | Val Cost:    0.00 | Val Max P-Miss: 0.2277 | Val Max Q-Miss: 0.0156 | Val Max Gen Viol: 0.0000 | Val Max Thermal: 0.0000
Epoch 2330 | Val Loss: 0.3511 | Val Cost:    0.00 | Val Max P-Miss: 0.2355 | Val Max Q-Miss: 0.0175 | Val Max Gen Viol: 0.0000 | Val Max Thermal: 0.0000
Epoch 2340 | Val Loss: 0.3496 | Val Cost:    0.00 | Val Max P-Miss: 0.2202 | Val Max Q-Miss: 0.0144 | Val Max Gen Viol: 0.0000 | Val Max Thermal: 0.0000
Epoch 2350 | Val Loss: 0.3498 | Val Cost:    0.00 | Val Max P-Miss: 0.2208 | Val Max Q-Miss: 0.0157 | Val Max Gen Viol: 0.0000 | Val Max Thermal: 0.0000
Epoch 2360 | Val Loss: 0.3514 | Val Cost:    0.00 | Val Max P-Miss: 0.2424 | Val Max Q-Miss: 0.0228 | Val Max Gen Viol: 0.0000 | Val Max Thermal: 0.0000
Epoch 2370 | Val Loss: 0.3495 | Val Cost:    0.00 | Val Max P-Miss: 0.2191 | Val Max Q-Miss: 0.0186 | Val Max Gen Viol: 0.0000 | Val Max Thermal: 0.0000
Epoch 2380 | Val Loss: 0.3497 | Val Cost:    0.00 | Val Max P-Miss: 0.2155 | Val Max Q-Miss: 0.0171 | Val Max Gen Viol: 0.0000 | Val Max Thermal: 0.0000
Epoch 2390 | Val Loss: 0.3571 | Val Cost:    0.00 | Val Max P-Miss: 0.2637 | Val Max Q-Miss: 0.0308 | Val Max Gen Viol: 0.0000 | Val Max Thermal: 0.0000
Epoch 2400 | Val Loss: 0.3496 | Val Cost:    0.00 | Val Max P-Miss: 0.2195 | Val Max Q-Miss: 0.0165 | Val Max Gen Viol: 0.0000 | Val Max Thermal: 0.0000
Epoch 2410 | Val Loss: 0.3769 | Val Cost:    0.01 | Val Max P-Miss: 0.3298 | Val Max Q-Miss: 0.0516 | Val Max Gen Viol: 0.0000 | Val Max Thermal: 0.0000
Epoch 2420 | Val Loss: 0.3498 | Val Cost:    0.00 | Val Max P-Miss: 0.2199 | Val Max Q-Miss: 0.0293 | Val Max Gen Viol: 0.0000 | Val Max Thermal: 0.0000
Epoch 2430 | Val Loss: 0.3496 | Val Cost:    0.00 | Val Max P-Miss: 0.2192 | Val Max Q-Miss: 0.0259 | Val Max Gen Viol: 0.0000 | Val Max Thermal: 0.0000
Epoch 2440 | Val Loss: 0.3508 | Val Cost:    0.00 | Val Max P-Miss: 0.2361 | Val Max Q-Miss: 0.0183 | Val Max Gen Viol: 0.0000 | Val Max Thermal: 0.0000
Epoch 2450 | Val Loss: 0.3499 | Val Cost:    0.00 | Val Max P-Miss: 0.2227 | Val Max Q-Miss: 0.0179 | Val Max Gen Viol: 0.0000 | Val Max Thermal: 0.0000
Epoch 2460 | Val Loss: 0.3500 | Val Cost:    0.00 | Val Max P-Miss: 0.2262 | Val Max Q-Miss: 0.0173 | Val Max Gen Viol: 0.0000 | Val Max Thermal: 0.0000
Epoch 2470 | Val Loss: 0.3558 | Val Cost:    0.00 | Val Max P-Miss: 0.2704 | Val Max Q-Miss: 0.0277 | Val Max Gen Viol: 0.0000 | Val Max Thermal: 0.0000
Epoch 2480 | Val Loss: 0.3539 | Val Cost:    0.00 | Val Max P-Miss: 0.2597 | Val Max Q-Miss: 0.0231 | Val Max Gen Viol: 0.0000 | Val Max Thermal: 0.0000
Epoch 2490 | Val Loss: 0.3526 | Val Cost:    0.00 | Val Max P-Miss: 0.2460 | Val Max Q-Miss: 0.0181 | Val Max Gen Viol: 0.0000 | Val Max Thermal: 0.0000
Epoch 2500 | Val Loss: 0.3496 | Val Cost:    0.00 | Val Max P-Miss: 0.2185 | Val Max Q-Miss: 0.0145 | Val Max Gen Viol: 0.0000 | Val Max Thermal: 0.0000
Epoch 2510 | Val Loss: 0.3496 | Val Cost:    0.00 | Val Max P-Miss: 0.2144 | Val Max Q-Miss: 0.0144 | Val Max Gen Viol: 0.0000 | Val Max Thermal: 0.0000
Epoch 2520 | Val Loss: 0.3499 | Val Cost:    0.00 | Val Max P-Miss: 0.2224 | Val Max Q-Miss: 0.0179 | Val Max Gen Viol: 0.0000 | Val Max Thermal: 0.0000
Epoch 2530 | Val Loss: 0.3511 | Val Cost:    0.00 | Val Max P-Miss: 0.2322 | Val Max Q-Miss: 0.0173 | Val Max Gen Viol: 0.0000 | Val Max Thermal: 0.0000
Epoch 2540 | Val Loss: 0.3496 | Val Cost:    0.00 | Val Max P-Miss: 0.2204 | Val Max Q-Miss: 0.0162 | Val Max Gen Viol: 0.0000 | Val Max Thermal: 0.0000
Epoch 2550 | Val Loss: 0.3493 | Val Cost:    0.00 | Val Max P-Miss: 0.2232 | Val Max Q-Miss: 0.0133 | Val Max Gen Viol: 0.0000 | Val Max Thermal: 0.0000 [*SAVED BEST*]
Epoch 2560 | Val Loss: 0.3500 | Val Cost:    0.00 | Val Max P-Miss: 0.2169 | Val Max Q-Miss: 0.0161 | Val Max Gen Viol: 0.0000 | Val Max Thermal: 0.0000
Epoch 2570 | Val Loss: 0.3502 | Val Cost:    0.00 | Val Max P-Miss: 0.2251 | Val Max Q-Miss: 0.0160 | Val Max Gen Viol: 0.0000 | Val Max Thermal: 0.0000
Epoch 2580 | Val Loss: 0.3497 | Val Cost:    0.00 | Val Max P-Miss: 0.2237 | Val Max Q-Miss: 0.0133 | Val Max Gen Viol: 0.0000 | Val Max Thermal: 0.0000
Epoch 2590 | Val Loss: 0.3543 | Val Cost:    0.00 | Val Max P-Miss: 0.2509 | Val Max Q-Miss: 0.0313 | Val Max Gen Viol: 0.0000 | Val Max Thermal: 0.0000
Epoch 2600 | Val Loss: 0.3495 | Val Cost:    0.00 | Val Max P-Miss: 0.2227 | Val Max Q-Miss: 0.0172 | Val Max Gen Viol: 0.0000 | Val Max Thermal: 0.0000
Epoch 2610 | Val Loss: 0.3496 | Val Cost:    0.00 | Val Max P-Miss: 0.2229 | Val Max Q-Miss: 0.0144 | Val Max Gen Viol: 0.0000 | Val Max Thermal: 0.0000
Epoch 2620 | Val Loss: 0.3514 | Val Cost:    0.00 | Val Max P-Miss: 0.2309 | Val Max Q-Miss: 0.0152 | Val Max Gen Viol: 0.0000 | Val Max Thermal: 0.0000
Epoch 2630 | Val Loss: 0.3502 | Val Cost:    0.00 | Val Max P-Miss: 0.2232 | Val Max Q-Miss: 0.0135 | Val Max Gen Viol: 0.0000 | Val Max Thermal: 0.0000
Epoch 2640 | Val Loss: 0.3529 | Val Cost:    0.00 | Val Max P-Miss: 0.2384 | Val Max Q-Miss: 0.0206 | Val Max Gen Viol: 0.0000 | Val Max Thermal: 0.0000
Epoch 2650 | Val Loss: 0.4633 | Val Cost:    0.00 | Val Max P-Miss: 0.4234 | Val Max Q-Miss: 0.0622 | Val Max Gen Viol: 0.0000 | Val Max Thermal: 0.0000
Epoch 2660 | Val Loss: 0.3497 | Val Cost:    0.00 | Val Max P-Miss: 0.2245 | Val Max Q-Miss: 0.0222 | Val Max Gen Viol: 0.0000 | Val Max Thermal: 0.0000
Epoch 2670 | Val Loss: 0.3494 | Val Cost:    0.00 | Val Max P-Miss: 0.2184 | Val Max Q-Miss: 0.0153 | Val Max Gen Viol: 0.0000 | Val Max Thermal: 0.0000
Epoch 2680 | Val Loss: 0.3496 | Val Cost:    0.00 | Val Max P-Miss: 0.2243 | Val Max Q-Miss: 0.0141 | Val Max Gen Viol: 0.0000 | Val Max Thermal: 0.0000
Epoch 2690 | Val Loss: 0.3499 | Val Cost:    0.00 | Val Max P-Miss: 0.2242 | Val Max Q-Miss: 0.0148 | Val Max Gen Viol: 0.0000 | Val Max Thermal: 0.0000
Epoch 2700 | Val Loss: 0.3499 | Val Cost:    0.00 | Val Max P-Miss: 0.2184 | Val Max Q-Miss: 0.0160 | Val Max Gen Viol: 0.0000 | Val Max Thermal: 0.0000
Epoch 2710 | Val Loss: 0.3494 | Val Cost:    0.00 | Val Max P-Miss: 0.2174 | Val Max Q-Miss: 0.0150 | Val Max Gen Viol: 0.0000 | Val Max Thermal: 0.0000
Epoch 2720 | Val Loss: 0.3500 | Val Cost:    0.00 | Val Max P-Miss: 0.2219 | Val Max Q-Miss: 0.0153 | Val Max Gen Viol: 0.0000 | Val Max Thermal: 0.0000
Epoch 2730 | Val Loss: 0.3505 | Val Cost:    0.00 | Val Max P-Miss: 0.2205 | Val Max Q-Miss: 0.0201 | Val Max Gen Viol: 0.0000 | Val Max Thermal: 0.0000
Epoch 2740 | Val Loss: 0.3492 | Val Cost:    0.00 | Val Max P-Miss: 0.2175 | Val Max Q-Miss: 0.0133 | Val Max Gen Viol: 0.0000 | Val Max Thermal: 0.0000 [*SAVED BEST*]
Epoch 2750 | Val Loss: 0.3500 | Val Cost:    0.00 | Val Max P-Miss: 0.2325 | Val Max Q-Miss: 0.0295 | Val Max Gen Viol: 0.0000 | Val Max Thermal: 0.0000
Epoch 2760 | Val Loss: 0.3494 | Val Cost:    0.00 | Val Max P-Miss: 0.2194 | Val Max Q-Miss: 0.0254 | Val Max Gen Viol: 0.0000 | Val Max Thermal: 0.0000
Epoch 2770 | Val Loss: 0.3522 | Val Cost:    0.00 | Val Max P-Miss: 0.2499 | Val Max Q-Miss: 0.0183 | Val Max Gen Viol: 0.0000 | Val Max Thermal: 0.0000
Epoch 2780 | Val Loss: 0.3507 | Val Cost:    0.00 | Val Max P-Miss: 0.2316 | Val Max Q-Miss: 0.0159 | Val Max Gen Viol: 0.0000 | Val Max Thermal: 0.0000
Epoch 2790 | Val Loss: 0.3506 | Val Cost:    0.00 | Val Max P-Miss: 0.2337 | Val Max Q-Miss: 0.0163 | Val Max Gen Viol: 0.0000 | Val Max Thermal: 0.0000
Epoch 2800 | Val Loss: 0.3498 | Val Cost:    0.00 | Val Max P-Miss: 0.2209 | Val Max Q-Miss: 0.0137 | Val Max Gen Viol: 0.0000 | Val Max Thermal: 0.0000
Epoch 2810 | Val Loss: 0.3504 | Val Cost:    0.00 | Val Max P-Miss: 0.2278 | Val Max Q-Miss: 0.0164 | Val Max Gen Viol: 0.0000 | Val Max Thermal: 0.0000
Epoch 2820 | Val Loss: 0.3495 | Val Cost:    0.00 | Val Max P-Miss: 0.2162 | Val Max Q-Miss: 0.0142 | Val Max Gen Viol: 0.0000 | Val Max Thermal: 0.0000
Epoch 2830 | Val Loss: 0.3497 | Val Cost:    0.00 | Val Max P-Miss: 0.2159 | Val Max Q-Miss: 0.0177 | Val Max Gen Viol: 0.0000 | Val Max Thermal: 0.0000
Epoch 2840 | Val Loss: 0.3510 | Val Cost:    0.00 | Val Max P-Miss: 0.2311 | Val Max Q-Miss: 0.0182 | Val Max Gen Viol: 0.0000 | Val Max Thermal: 0.0000
Epoch 2850 | Val Loss: 0.3498 | Val Cost:    0.00 | Val Max P-Miss: 0.2218 | Val Max Q-Miss: 0.0145 | Val Max Gen Viol: 0.0000 | Val Max Thermal: 0.0000
Epoch 2860 | Val Loss: 0.3502 | Val Cost:    0.00 | Val Max P-Miss: 0.2299 | Val Max Q-Miss: 0.0220 | Val Max Gen Viol: 0.0000 | Val Max Thermal: 0.0000
Epoch 2870 | Val Loss: 0.3494 | Val Cost:    0.00 | Val Max P-Miss: 0.2202 | Val Max Q-Miss: 0.0135 | Val Max Gen Viol: 0.0000 | Val Max Thermal: 0.0000
Epoch 2880 | Val Loss: 0.3494 | Val Cost:    0.00 | Val Max P-Miss: 0.2205 | Val Max Q-Miss: 0.0147 | Val Max Gen Viol: 0.0000 | Val Max Thermal: 0.0000
Epoch 2890 | Val Loss: 0.3507 | Val Cost:    0.00 | Val Max P-Miss: 0.2260 | Val Max Q-Miss: 0.0166 | Val Max Gen Viol: 0.0000 | Val Max Thermal: 0.0000
Epoch 2900 | Val Loss: 0.3507 | Val Cost:    0.00 | Val Max P-Miss: 0.2356 | Val Max Q-Miss: 0.0157 | Val Max Gen Viol: 0.0000 | Val Max Thermal: 0.0000
Epoch 2910 | Val Loss: 0.3546 | Val Cost:    0.00 | Val Max P-Miss: 0.2625 | Val Max Q-Miss: 0.0238 | Val Max Gen Viol: 0.0000 | Val Max Thermal: 0.0000
Epoch 2920 | Val Loss: 0.3504 | Val Cost:    0.00 | Val Max P-Miss: 0.2179 | Val Max Q-Miss: 0.0164 | Val Max Gen Viol: 0.0000 | Val Max Thermal: 0.0000
Epoch 2930 | Val Loss: 0.3493 | Val Cost:    0.00 | Val Max P-Miss: 0.2159 | Val Max Q-Miss: 0.0129 | Val Max Gen Viol: 0.0000 | Val Max Thermal: 0.0000
Epoch 2940 | Val Loss: 0.3493 | Val Cost:    0.00 | Val Max P-Miss: 0.2175 | Val Max Q-Miss: 0.0135 | Val Max Gen Viol: 0.0000 | Val Max Thermal: 0.0000
Epoch 2950 | Val Loss: 0.3495 | Val Cost:    0.00 | Val Max P-Miss: 0.2178 | Val Max Q-Miss: 0.0138 | Val Max Gen Viol: 0.0000 | Val Max Thermal: 0.0000
Epoch 2960 | Val Loss: 0.3501 | Val Cost:    0.00 | Val Max P-Miss: 0.2223 | Val Max Q-Miss: 0.0135 | Val Max Gen Viol: 0.0000 | Val Max Thermal: 0.0000
Epoch 2970 | Val Loss: 0.3493 | Val Cost:    0.00 | Val Max P-Miss: 0.2135 | Val Max Q-Miss: 0.0146 | Val Max Gen Viol: 0.0000 | Val Max Thermal: 0.0000
Epoch 2980 | Val Loss: 0.3580 | Val Cost:    0.00 | Val Max P-Miss: 0.2374 | Val Max Q-Miss: 0.0662 | Val Max Gen Viol: 0.0000 | Val Max Thermal: 0.0000
Epoch 2990 | Val Loss: 0.3493 | Val Cost:    0.00 | Val Max P-Miss: 0.2175 | Val Max Q-Miss: 0.0151 | Val Max Gen Viol: 0.0000 | Val Max Thermal: 0.0000
Epoch 3000 | Val Loss: 0.3494 | Val Cost:    0.00 | Val Max P-Miss: 0.2197 | Val Max Q-Miss: 0.0128 | Val Max Gen Viol: 0.0000 | Val Max Thermal: 0.0000
Epoch 3010 | Val Loss: 0.3495 | Val Cost:    0.00 | Val Max P-Miss: 0.2177 | Val Max Q-Miss: 0.0130 | Val Max Gen Viol: 0.0000 | Val Max Thermal: 0.0000
Epoch 3020 | Val Loss: 0.3500 | Val Cost:    0.00 | Val Max P-Miss: 0.2210 | Val Max Q-Miss: 0.0149 | Val Max Gen Viol: 0.0000 | Val Max Thermal: 0.0000
Epoch 3030 | Val Loss: 0.3509 | Val Cost:    0.00 | Val Max P-Miss: 0.2376 | Val Max Q-Miss: 0.0163 | Val Max Gen Viol: 0.0000 | Val Max Thermal: 0.0000
Epoch 3040 | Val Loss: 0.3494 | Val Cost:    0.00 | Val Max P-Miss: 0.2155 | Val Max Q-Miss: 0.0144 | Val Max Gen Viol: 0.0000 | Val Max Thermal: 0.0000
Epoch 3050 | Val Loss: 0.3514 | Val Cost:    0.00 | Val Max P-Miss: 0.2414 | Val Max Q-Miss: 0.0181 | Val Max Gen Viol: 0.0000 | Val Max Thermal: 0.0000
Epoch 3060 | Val Loss: 0.3497 | Val Cost:    0.00 | Val Max P-Miss: 0.2150 | Val Max Q-Miss: 0.0130 | Val Max Gen Viol: 0.0000 | Val Max Thermal: 0.0000
Epoch 3070 | Val Loss: 0.3561 | Val Cost:    0.00 | Val Max P-Miss: 0.2643 | Val Max Q-Miss: 0.0332 | Val Max Gen Viol: 0.0000 | Val Max Thermal: 0.0000
Epoch 3080 | Val Loss: 0.3494 | Val Cost:    0.00 | Val Max P-Miss: 0.2179 | Val Max Q-Miss: 0.0213 | Val Max Gen Viol: 0.0000 | Val Max Thermal: 0.0000
Epoch 3090 | Val Loss: 0.3493 | Val Cost:    0.00 | Val Max P-Miss: 0.2148 | Val Max Q-Miss: 0.0132 | Val Max Gen Viol: 0.0000 | Val Max Thermal: 0.0000
Epoch 3100 | Val Loss: 0.3522 | Val Cost:    0.00 | Val Max P-Miss: 0.2436 | Val Max Q-Miss: 0.0187 | Val Max Gen Viol: 0.0000 | Val Max Thermal: 0.0000
Epoch 3110 | Val Loss: 0.3498 | Val Cost:    0.00 | Val Max P-Miss: 0.2231 | Val Max Q-Miss: 0.0130 | Val Max Gen Viol: 0.0000 | Val Max Thermal: 0.0000
Epoch 3120 | Val Loss: 0.3510 | Val Cost:    0.00 | Val Max P-Miss: 0.2311 | Val Max Q-Miss: 0.0154 | Val Max Gen Viol: 0.0000 | Val Max Thermal: 0.0000
Epoch 3130 | Val Loss: 0.3505 | Val Cost:    0.00 | Val Max P-Miss: 0.2298 | Val Max Q-Miss: 0.0158 | Val Max Gen Viol: 0.0000 | Val Max Thermal: 0.0000
Epoch 3140 | Val Loss: 0.3501 | Val Cost:    0.00 | Val Max P-Miss: 0.2281 | Val Max Q-Miss: 0.0159 | Val Max Gen Viol: 0.0000 | Val Max Thermal: 0.0000
Epoch 3150 | Val Loss: 0.3494 | Val Cost:    0.00 | Val Max P-Miss: 0.2191 | Val Max Q-Miss: 0.0142 | Val Max Gen Viol: 0.0000 | Val Max Thermal: 0.0000
Epoch 3160 | Val Loss: 0.3621 | Val Cost:    0.00 | Val Max P-Miss: 0.2631 | Val Max Q-Miss: 0.0697 | Val Max Gen Viol: 0.0000 | Val Max Thermal: 0.0000
Epoch 3170 | Val Loss: 0.3494 | Val Cost:    0.00 | Val Max P-Miss: 0.2161 | Val Max Q-Miss: 0.0180 | Val Max Gen Viol: 0.0000 | Val Max Thermal: 0.0000
Epoch 3180 | Val Loss: 0.3501 | Val Cost:    0.00 | Val Max P-Miss: 0.2227 | Val Max Q-Miss: 0.0145 | Val Max Gen Viol: 0.0000 | Val Max Thermal: 0.0000
Epoch 3190 | Val Loss: 0.3495 | Val Cost:    0.00 | Val Max P-Miss: 0.2179 | Val Max Q-Miss: 0.0138 | Val Max Gen Viol: 0.0000 | Val Max Thermal: 0.0000
Epoch 3200 | Val Loss: 0.3497 | Val Cost:    0.00 | Val Max P-Miss: 0.2193 | Val Max Q-Miss: 0.0123 | Val Max Gen Viol: 0.0000 | Val Max Thermal: 0.0000
Epoch 3210 | Val Loss: 0.3498 | Val Cost:    0.00 | Val Max P-Miss: 0.2235 | Val Max Q-Miss: 0.0150 | Val Max Gen Viol: 0.0000 | Val Max Thermal: 0.0000
Epoch 3220 | Val Loss: 0.3500 | Val Cost:    0.00 | Val Max P-Miss: 0.2238 | Val Max Q-Miss: 0.0163 | Val Max Gen Viol: 0.0000 | Val Max Thermal: 0.0000
Epoch 3230 | Val Loss: 0.3507 | Val Cost:    0.00 | Val Max P-Miss: 0.2307 | Val Max Q-Miss: 0.0153 | Val Max Gen Viol: 0.0000 | Val Max Thermal: 0.0000
Epoch 3240 | Val Loss: 0.3496 | Val Cost:    0.00 | Val Max P-Miss: 0.2205 | Val Max Q-Miss: 0.0131 | Val Max Gen Viol: 0.0000 | Val Max Thermal: 0.0000
Epoch 3250 | Val Loss: 0.3500 | Val Cost:    0.00 | Val Max P-Miss: 0.2280 | Val Max Q-Miss: 0.0130 | Val Max Gen Viol: 0.0000 | Val Max Thermal: 0.0000
Epoch 3260 | Val Loss: 0.3493 | Val Cost:    0.00 | Val Max P-Miss: 0.2146 | Val Max Q-Miss: 0.0129 | Val Max Gen Viol: 0.0000 | Val Max Thermal: 0.0000
Epoch 3270 | Val Loss: 0.3496 | Val Cost:    0.00 | Val Max P-Miss: 0.2209 | Val Max Q-Miss: 0.0175 | Val Max Gen Viol: 0.0000 | Val Max Thermal: 0.0000
Epoch 3280 | Val Loss: 0.3503 | Val Cost:    0.00 | Val Max P-Miss: 0.2256 | Val Max Q-Miss: 0.0143 | Val Max Gen Viol: 0.0000 | Val Max Thermal: 0.0000
Epoch 3290 | Val Loss: 0.3491 | Val Cost:    0.00 | Val Max P-Miss: 0.2139 | Val Max Q-Miss: 0.0141 | Val Max Gen Viol: 0.0000 | Val Max Thermal: 0.0000 [*SAVED BEST*]
Epoch 3300 | Val Loss: 0.3491 | Val Cost:    0.00 | Val Max P-Miss: 0.2127 | Val Max Q-Miss: 0.0125 | Val Max Gen Viol: 0.0000 | Val Max Thermal: 0.0000
Epoch 3310 | Val Loss: 0.3493 | Val Cost:    0.00 | Val Max P-Miss: 0.2143 | Val Max Q-Miss: 0.0123 | Val Max Gen Viol: 0.0000 | Val Max Thermal: 0.0000
Epoch 3320 | Val Loss: 0.3495 | Val Cost:    0.00 | Val Max P-Miss: 0.2187 | Val Max Q-Miss: 0.0145 | Val Max Gen Viol: 0.0000 | Val Max Thermal: 0.0000
Epoch 3330 | Val Loss: 0.3501 | Val Cost:    0.00 | Val Max P-Miss: 0.2240 | Val Max Q-Miss: 0.0128 | Val Max Gen Viol: 0.0000 | Val Max Thermal: 0.0000
Epoch 3340 | Val Loss: 0.3490 | Val Cost:    0.00 | Val Max P-Miss: 0.2132 | Val Max Q-Miss: 0.0121 | Val Max Gen Viol: 0.0000 | Val Max Thermal: 0.0000 [*SAVED BEST*]
Epoch 3350 | Val Loss: 0.3493 | Val Cost:    0.00 | Val Max P-Miss: 0.2186 | Val Max Q-Miss: 0.0121 | Val Max Gen Viol: 0.0000 | Val Max Thermal: 0.0000
Epoch 3360 | Val Loss: 0.3493 | Val Cost:    0.00 | Val Max P-Miss: 0.2126 | Val Max Q-Miss: 0.0123 | Val Max Gen Viol: 0.0000 | Val Max Thermal: 0.0000
Epoch 3370 | Val Loss: 0.3491 | Val Cost:    0.00 | Val Max P-Miss: 0.2131 | Val Max Q-Miss: 0.0126 | Val Max Gen Viol: 0.0000 | Val Max Thermal: 0.0000
Epoch 3380 | Val Loss: 0.3492 | Val Cost:    0.00 | Val Max P-Miss: 0.2156 | Val Max Q-Miss: 0.0123 | Val Max Gen Viol: 0.0000 | Val Max Thermal: 0.0000
Epoch 3390 | Val Loss: 0.3508 | Val Cost:    0.00 | Val Max P-Miss: 0.2381 | Val Max Q-Miss: 0.0158 | Val Max Gen Viol: 0.0000 | Val Max Thermal: 0.0000
Epoch 3400 | Val Loss: 0.3492 | Val Cost:    0.00 | Val Max P-Miss: 0.2150 | Val Max Q-Miss: 0.0119 | Val Max Gen Viol: 0.0000 | Val Max Thermal: 0.0000
Epoch 3410 | Val Loss: 0.3493 | Val Cost:    0.00 | Val Max P-Miss: 0.2141 | Val Max Q-Miss: 0.0132 | Val Max Gen Viol: 0.0000 | Val Max Thermal: 0.0000
Epoch 3420 | Val Loss: 0.3490 | Val Cost:    0.00 | Val Max P-Miss: 0.2128 | Val Max Q-Miss: 0.0129 | Val Max Gen Viol: 0.0000 | Val Max Thermal: 0.0000 [*SAVED BEST*]
Epoch 3430 | Val Loss: 0.3496 | Val Cost:    0.00 | Val Max P-Miss: 0.2297 | Val Max Q-Miss: 0.0179 | Val Max Gen Viol: 0.0000 | Val Max Thermal: 0.0000
Epoch 3440 | Val Loss: 0.3491 | Val Cost:    0.00 | Val Max P-Miss: 0.2238 | Val Max Q-Miss: 0.0127 | Val Max Gen Viol: 0.0000 | Val Max Thermal: 0.0000
Epoch 3450 | Val Loss: 0.3492 | Val Cost:    0.00 | Val Max P-Miss: 0.2222 | Val Max Q-Miss: 0.0140 | Val Max Gen Viol: 0.0000 | Val Max Thermal: 0.0000
Epoch 3460 | Val Loss: 0.3497 | Val Cost:    0.00 | Val Max P-Miss: 0.2266 | Val Max Q-Miss: 0.0139 | Val Max Gen Viol: 0.0000 | Val Max Thermal: 0.0000
Epoch 3470 | Val Loss: 0.3490 | Val Cost:    0.00 | Val Max P-Miss: 0.2212 | Val Max Q-Miss: 0.0124 | Val Max Gen Viol: 0.0000 | Val Max Thermal: 0.0000
Epoch 3480 | Val Loss: 0.3492 | Val Cost:    0.00 | Val Max P-Miss: 0.2224 | Val Max Q-Miss: 0.0125 | Val Max Gen Viol: 0.0000 | Val Max Thermal: 0.0000
Epoch 3490 | Val Loss: 0.3494 | Val Cost:    0.00 | Val Max P-Miss: 0.2201 | Val Max Q-Miss: 0.0118 | Val Max Gen Viol: 0.0000 | Val Max Thermal: 0.0000
Epoch 3500 | Val Loss: 0.3496 | Val Cost:    0.00 | Val Max P-Miss: 0.2237 | Val Max Q-Miss: 0.0123 | Val Max Gen Viol: 0.0000 | Val Max Thermal: 0.0000
Epoch 3510 | Val Loss: 0.3502 | Val Cost:    0.00 | Val Max P-Miss: 0.2274 | Val Max Q-Miss: 0.0157 | Val Max Gen Viol: 0.0000 | Val Max Thermal: 0.0000
Epoch 3520 | Val Loss: 0.3505 | Val Cost:    0.00 | Val Max P-Miss: 0.2201 | Val Max Q-Miss: 0.0155 | Val Max Gen Viol: 0.0000 | Val Max Thermal: 0.0000
Epoch 3530 | Val Loss: 0.3493 | Val Cost:    0.00 | Val Max P-Miss: 0.2228 | Val Max Q-Miss: 0.0122 | Val Max Gen Viol: 0.0000 | Val Max Thermal: 0.0000
Epoch 3540 | Val Loss: 0.3497 | Val Cost:    0.00 | Val Max P-Miss: 0.2245 | Val Max Q-Miss: 0.0129 | Val Max Gen Viol: 0.0000 | Val Max Thermal: 0.0000
Epoch 3550 | Val Loss: 0.3491 | Val Cost:    0.00 | Val Max P-Miss: 0.2185 | Val Max Q-Miss: 0.0133 | Val Max Gen Viol: 0.0000 | Val Max Thermal: 0.0000
Epoch 3560 | Val Loss: 0.3629 | Val Cost:    0.00 | Val Max P-Miss: 0.2686 | Val Max Q-Miss: 0.0683 | Val Max Gen Viol: 0.0000 | Val Max Thermal: 0.0000
Epoch 3570 | Val Loss: 0.3493 | Val Cost:    0.00 | Val Max P-Miss: 0.2221 | Val Max Q-Miss: 0.0269 | Val Max Gen Viol: 0.0000 | Val Max Thermal: 0.0000
Epoch 3580 | Val Loss: 0.3519 | Val Cost:    0.00 | Val Max P-Miss: 0.2307 | Val Max Q-Miss: 0.0181 | Val Max Gen Viol: 0.0000 | Val Max Thermal: 0.0000
Epoch 3590 | Val Loss: 0.3492 | Val Cost:    0.00 | Val Max P-Miss: 0.2240 | Val Max Q-Miss: 0.0121 | Val Max Gen Viol: 0.0000 | Val Max Thermal: 0.0000
Epoch 3600 | Val Loss: 0.3492 | Val Cost:    0.00 | Val Max P-Miss: 0.2232 | Val Max Q-Miss: 0.0128 | Val Max Gen Viol: 0.0000 | Val Max Thermal: 0.0000
Epoch 3610 | Val Loss: 0.3491 | Val Cost:    0.00 | Val Max P-Miss: 0.2187 | Val Max Q-Miss: 0.0114 | Val Max Gen Viol: 0.0000 | Val Max Thermal: 0.0000
Epoch 3620 | Val Loss: 0.3490 | Val Cost:    0.00 | Val Max P-Miss: 0.2200 | Val Max Q-Miss: 0.0115 | Val Max Gen Viol: 0.0000 | Val Max Thermal: 0.0000 [*SAVED BEST*]
Epoch 3630 | Val Loss: 0.3490 | Val Cost:    0.00 | Val Max P-Miss: 0.2183 | Val Max Q-Miss: 0.0109 | Val Max Gen Viol: 0.0000 | Val Max Thermal: 0.0000
Epoch 3640 | Val Loss: 0.3491 | Val Cost:    0.00 | Val Max P-Miss: 0.2211 | Val Max Q-Miss: 0.0128 | Val Max Gen Viol: 0.0000 | Val Max Thermal: 0.0000
Epoch 3650 | Val Loss: 0.3491 | Val Cost:    0.00 | Val Max P-Miss: 0.2207 | Val Max Q-Miss: 0.0108 | Val Max Gen Viol: 0.0000 | Val Max Thermal: 0.0000
Epoch 3660 | Val Loss: 0.3492 | Val Cost:    0.00 | Val Max P-Miss: 0.2153 | Val Max Q-Miss: 0.0121 | Val Max Gen Viol: 0.0000 | Val Max Thermal: 0.0000
Epoch 3670 | Val Loss: 0.3490 | Val Cost:    0.00 | Val Max P-Miss: 0.2171 | Val Max Q-Miss: 0.0112 | Val Max Gen Viol: 0.0000 | Val Max Thermal: 0.0000 [*SAVED BEST*]
Epoch 3680 | Val Loss: 0.3495 | Val Cost:    0.00 | Val Max P-Miss: 0.2207 | Val Max Q-Miss: 0.0118 | Val Max Gen Viol: 0.0000 | Val Max Thermal: 0.0000
Epoch 3690 | Val Loss: 0.3494 | Val Cost:    0.00 | Val Max P-Miss: 0.2234 | Val Max Q-Miss: 0.0131 | Val Max Gen Viol: 0.0000 | Val Max Thermal: 0.0000
Epoch 3700 | Val Loss: 0.3492 | Val Cost:    0.00 | Val Max P-Miss: 0.2226 | Val Max Q-Miss: 0.0117 | Val Max Gen Viol: 0.0000 | Val Max Thermal: 0.0000
Epoch 3710 | Val Loss: 0.3503 | Val Cost:    0.00 | Val Max P-Miss: 0.2298 | Val Max Q-Miss: 0.0153 | Val Max Gen Viol: 0.0000 | Val Max Thermal: 0.0000
Epoch 3720 | Val Loss: 0.3506 | Val Cost:    0.00 | Val Max P-Miss: 0.2325 | Val Max Q-Miss: 0.0172 | Val Max Gen Viol: 0.0000 | Val Max Thermal: 0.0000
Epoch 3730 | Val Loss: 0.3656 | Val Cost:    0.00 | Val Max P-Miss: 0.2629 | Val Max Q-Miss: 0.0830 | Val Max Gen Viol: 0.0000 | Val Max Thermal: 0.0000
Epoch 3740 | Val Loss: 0.3492 | Val Cost:    0.00 | Val Max P-Miss: 0.2265 | Val Max Q-Miss: 0.0208 | Val Max Gen Viol: 0.0000 | Val Max Thermal: 0.0000
Epoch 3750 | Val Loss: 0.3490 | Val Cost:    0.00 | Val Max P-Miss: 0.2193 | Val Max Q-Miss: 0.0124 | Val Max Gen Viol: 0.0000 | Val Max Thermal: 0.0000
Epoch 3760 | Val Loss: 0.3498 | Val Cost:    0.00 | Val Max P-Miss: 0.2260 | Val Max Q-Miss: 0.0134 | Val Max Gen Viol: 0.0000 | Val Max Thermal: 0.0000
Epoch 3770 | Val Loss: 0.3498 | Val Cost:    0.00 | Val Max P-Miss: 0.2239 | Val Max Q-Miss: 0.0138 | Val Max Gen Viol: 0.0000 | Val Max Thermal: 0.0000
Epoch 3780 | Val Loss: 0.3518 | Val Cost:    0.00 | Val Max P-Miss: 0.2438 | Val Max Q-Miss: 0.0177 | Val Max Gen Viol: 0.0000 | Val Max Thermal: 0.0000
Epoch 3790 | Val Loss: 0.3491 | Val Cost:    0.00 | Val Max P-Miss: 0.2198 | Val Max Q-Miss: 0.0121 | Val Max Gen Viol: 0.0000 | Val Max Thermal: 0.0000
Epoch 3800 | Val Loss: 0.3500 | Val Cost:    0.00 | Val Max P-Miss: 0.2279 | Val Max Q-Miss: 0.0135 | Val Max Gen Viol: 0.0000 | Val Max Thermal: 0.0000
Epoch 3810 | Val Loss: 0.3507 | Val Cost:    0.00 | Val Max P-Miss: 0.2310 | Val Max Q-Miss: 0.0142 | Val Max Gen Viol: 0.0000 | Val Max Thermal: 0.0000
Epoch 3820 | Val Loss: 0.3490 | Val Cost:    0.00 | Val Max P-Miss: 0.2163 | Val Max Q-Miss: 0.0111 | Val Max Gen Viol: 0.0000 | Val Max Thermal: 0.0000
Epoch 3830 | Val Loss: 0.3504 | Val Cost:    0.00 | Val Max P-Miss: 0.2301 | Val Max Q-Miss: 0.0159 | Val Max Gen Viol: 0.0000 | Val Max Thermal: 0.0000
Epoch 3840 | Val Loss: 0.3502 | Val Cost:    0.00 | Val Max P-Miss: 0.2238 | Val Max Q-Miss: 0.0182 | Val Max Gen Viol: 0.0000 | Val Max Thermal: 0.0000
Epoch 3850 | Val Loss: 0.3496 | Val Cost:    0.00 | Val Max P-Miss: 0.2164 | Val Max Q-Miss: 0.0134 | Val Max Gen Viol: 0.0000 | Val Max Thermal: 0.0000
Epoch 3860 | Val Loss: 0.3489 | Val Cost:    0.00 | Val Max P-Miss: 0.2180 | Val Max Q-Miss: 0.0106 | Val Max Gen Viol: 0.0000 | Val Max Thermal: 0.0000 [*SAVED BEST*]
Epoch 3870 | Val Loss: 0.3490 | Val Cost:    0.00 | Val Max P-Miss: 0.2157 | Val Max Q-Miss: 0.0111 | Val Max Gen Viol: 0.0000 | Val Max Thermal: 0.0000
Epoch 3880 | Val Loss: 0.3490 | Val Cost:    0.00 | Val Max P-Miss: 0.2164 | Val Max Q-Miss: 0.0108 | Val Max Gen Viol: 0.0000 | Val Max Thermal: 0.0000
Epoch 3890 | Val Loss: 0.3491 | Val Cost:    0.00 | Val Max P-Miss: 0.2146 | Val Max Q-Miss: 0.0118 | Val Max Gen Viol: 0.0000 | Val Max Thermal: 0.0000
Epoch 3900 | Val Loss: 0.3490 | Val Cost:    0.00 | Val Max P-Miss: 0.2172 | Val Max Q-Miss: 0.0107 | Val Max Gen Viol: 0.0000 | Val Max Thermal: 0.0000
Epoch 3910 | Val Loss: 0.3505 | Val Cost:    0.00 | Val Max P-Miss: 0.2319 | Val Max Q-Miss: 0.0134 | Val Max Gen Viol: 0.0000 | Val Max Thermal: 0.0000
Epoch 3920 | Val Loss: 0.3489 | Val Cost:    0.00 | Val Max P-Miss: 0.2184 | Val Max Q-Miss: 0.0106 | Val Max Gen Viol: 0.0000 | Val Max Thermal: 0.0000
Epoch 3930 | Val Loss: 0.3489 | Val Cost:    0.00 | Val Max P-Miss: 0.2186 | Val Max Q-Miss: 0.0114 | Val Max Gen Viol: 0.0000 | Val Max Thermal: 0.0000 [*SAVED BEST*]
Epoch 3940 | Val Loss: 0.3491 | Val Cost:    0.00 | Val Max P-Miss: 0.2141 | Val Max Q-Miss: 0.0107 | Val Max Gen Viol: 0.0000 | Val Max Thermal: 0.0000
Epoch 3950 | Val Loss: 0.3524 | Val Cost:    0.00 | Val Max P-Miss: 0.2318 | Val Max Q-Miss: 0.0209 | Val Max Gen Viol: 0.0000 | Val Max Thermal: 0.0000
Epoch 3960 | Val Loss: 0.3495 | Val Cost:    0.00 | Val Max P-Miss: 0.2270 | Val Max Q-Miss: 0.0133 | Val Max Gen Viol: 0.0000 | Val Max Thermal: 0.0000
Epoch 3970 | Val Loss: 0.3489 | Val Cost:    0.00 | Val Max P-Miss: 0.2183 | Val Max Q-Miss: 0.0106 | Val Max Gen Viol: 0.0000 | Val Max Thermal: 0.0000 [*SAVED BEST*]
Epoch 3980 | Val Loss: 0.3504 | Val Cost:    0.00 | Val Max P-Miss: 0.2310 | Val Max Q-Miss: 0.0147 | Val Max Gen Viol: 0.0000 | Val Max Thermal: 0.0000
Epoch 3990 | Val Loss: 0.3493 | Val Cost:    0.00 | Val Max P-Miss: 0.2219 | Val Max Q-Miss: 0.0117 | Val Max Gen Viol: 0.0000 | Val Max Thermal: 0.0000
Epoch 4000 | Val Loss: 0.3490 | Val Cost:    0.00 | Val Max P-Miss: 0.2158 | Val Max Q-Miss: 0.0104 | Val Max Gen Viol: 0.0000 | Val Max Thermal: 0.0000
Epoch 4010 | Val Loss: 0.3490 | Val Cost:    0.00 | Val Max P-Miss: 0.2146 | Val Max Q-Miss: 0.0108 | Val Max Gen Viol: 0.0000 | Val Max Thermal: 0.0000
Epoch 4020 | Val Loss: 0.3492 | Val Cost:    0.00 | Val Max P-Miss: 0.2171 | Val Max Q-Miss: 0.0106 | Val Max Gen Viol: 0.0000 | Val Max Thermal: 0.0000
Epoch 4030 | Val Loss: 0.3509 | Val Cost:    0.00 | Val Max P-Miss: 0.2344 | Val Max Q-Miss: 0.0143 | Val Max Gen Viol: 0.0000 | Val Max Thermal: 0.0000
Epoch 4040 | Val Loss: 0.3494 | Val Cost:    0.00 | Val Max P-Miss: 0.2192 | Val Max Q-Miss: 0.0121 | Val Max Gen Viol: 0.0000 | Val Max Thermal: 0.0000
Epoch 4050 | Val Loss: 0.3497 | Val Cost:    0.00 | Val Max P-Miss: 0.2200 | Val Max Q-Miss: 0.0136 | Val Max Gen Viol: 0.0000 | Val Max Thermal: 0.0000
Epoch 4060 | Val Loss: 0.3490 | Val Cost:    0.00 | Val Max P-Miss: 0.2171 | Val Max Q-Miss: 0.0108 | Val Max Gen Viol: 0.0000 | Val Max Thermal: 0.0000
Epoch 4070 | Val Loss: 0.3491 | Val Cost:    0.00 | Val Max P-Miss: 0.2177 | Val Max Q-Miss: 0.0130 | Val Max Gen Viol: 0.0000 | Val Max Thermal: 0.0000
Epoch 4080 | Val Loss: 0.3491 | Val Cost:    0.00 | Val Max P-Miss: 0.2172 | Val Max Q-Miss: 0.0117 | Val Max Gen Viol: 0.0000 | Val Max Thermal: 0.0000
Epoch 4090 | Val Loss: 0.3493 | Val Cost:    0.00 | Val Max P-Miss: 0.2212 | Val Max Q-Miss: 0.0110 | Val Max Gen Viol: 0.0000 | Val Max Thermal: 0.0000
Epoch 4100 | Val Loss: 0.3511 | Val Cost:    0.00 | Val Max P-Miss: 0.2305 | Val Max Q-Miss: 0.0145 | Val Max Gen Viol: 0.0000 | Val Max Thermal: 0.0000
Epoch 4110 | Val Loss: 0.3489 | Val Cost:    0.00 | Val Max P-Miss: 0.2157 | Val Max Q-Miss: 0.0114 | Val Max Gen Viol: 0.0000 | Val Max Thermal: 0.0000
Epoch 4120 | Val Loss: 0.3495 | Val Cost:    0.00 | Val Max P-Miss: 0.2225 | Val Max Q-Miss: 0.0119 | Val Max Gen Viol: 0.0000 | Val Max Thermal: 0.0000
Epoch 4130 | Val Loss: 0.3491 | Val Cost:    0.00 | Val Max P-Miss: 0.2164 | Val Max Q-Miss: 0.0104 | Val Max Gen Viol: 0.0000 | Val Max Thermal: 0.0000
Epoch 4140 | Val Loss: 0.3538 | Val Cost:    0.00 | Val Max P-Miss: 0.2500 | Val Max Q-Miss: 0.0174 | Val Max Gen Viol: 0.0000 | Val Max Thermal: 0.0000
Epoch 4150 | Val Loss: 0.3491 | Val Cost:    0.00 | Val Max P-Miss: 0.2209 | Val Max Q-Miss: 0.0121 | Val Max Gen Viol: 0.0000 | Val Max Thermal: 0.0000
Epoch 4160 | Val Loss: 0.3500 | Val Cost:    0.00 | Val Max P-Miss: 0.2201 | Val Max Q-Miss: 0.0133 | Val Max Gen Viol: 0.0000 | Val Max Thermal: 0.0000
Epoch 4170 | Val Loss: 0.3493 | Val Cost:    0.00 | Val Max P-Miss: 0.2200 | Val Max Q-Miss: 0.0111 | Val Max Gen Viol: 0.0000 | Val Max Thermal: 0.0000
Epoch 4180 | Val Loss: 0.3493 | Val Cost:    0.00 | Val Max P-Miss: 0.2211 | Val Max Q-Miss: 0.0119 | Val Max Gen Viol: 0.0000 | Val Max Thermal: 0.0000
Epoch 4190 | Val Loss: 0.3497 | Val Cost:    0.00 | Val Max P-Miss: 0.2171 | Val Max Q-Miss: 0.0131 | Val Max Gen Viol: 0.0000 | Val Max Thermal: 0.0000
Epoch 4200 | Val Loss: 0.3567 | Val Cost:    0.00 | Val Max P-Miss: 0.2955 | Val Max Q-Miss: 0.0465 | Val Max Gen Viol: 0.0000 | Val Max Thermal: 0.0000
Epoch 4210 | Val Loss: 0.3491 | Val Cost:    0.00 | Val Max P-Miss: 0.2300 | Val Max Q-Miss: 0.0192 | Val Max Gen Viol: 0.0000 | Val Max Thermal: 0.0000
Epoch 4220 | Val Loss: 0.3492 | Val Cost:    0.00 | Val Max P-Miss: 0.2276 | Val Max Q-Miss: 0.0119 | Val Max Gen Viol: 0.0000 | Val Max Thermal: 0.0000
Epoch 4230 | Val Loss: 0.3492 | Val Cost:    0.00 | Val Max P-Miss: 0.2247 | Val Max Q-Miss: 0.0111 | Val Max Gen Viol: 0.0000 | Val Max Thermal: 0.0000
Epoch 4240 | Val Loss: 0.3510 | Val Cost:    0.00 | Val Max P-Miss: 0.2363 | Val Max Q-Miss: 0.0163 | Val Max Gen Viol: 0.0000 | Val Max Thermal: 0.0000
Epoch 4250 | Val Loss: 0.3498 | Val Cost:    0.00 | Val Max P-Miss: 0.2205 | Val Max Q-Miss: 0.0147 | Val Max Gen Viol: 0.0000 | Val Max Thermal: 0.0000
Epoch 4260 | Val Loss: 0.3505 | Val Cost:    0.00 | Val Max P-Miss: 0.2355 | Val Max Q-Miss: 0.0148 | Val Max Gen Viol: 0.0000 | Val Max Thermal: 0.0000
Epoch 4270 | Val Loss: 0.3493 | Val Cost:    0.00 | Val Max P-Miss: 0.2216 | Val Max Q-Miss: 0.0152 | Val Max Gen Viol: 0.0000 | Val Max Thermal: 0.0000
Epoch 4280 | Val Loss: 0.3489 | Val Cost:    0.00 | Val Max P-Miss: 0.2197 | Val Max Q-Miss: 0.0131 | Val Max Gen Viol: 0.0000 | Val Max Thermal: 0.0000
Epoch 4290 | Val Loss: 0.3489 | Val Cost:    0.00 | Val Max P-Miss: 0.2173 | Val Max Q-Miss: 0.0104 | Val Max Gen Viol: 0.0000 | Val Max Thermal: 0.0000 [*SAVED BEST*]
Epoch 4300 | Val Loss: 0.3510 | Val Cost:    0.00 | Val Max P-Miss: 0.2343 | Val Max Q-Miss: 0.0158 | Val Max Gen Viol: 0.0000 | Val Max Thermal: 0.0000
Epoch 4310 | Val Loss: 0.3490 | Val Cost:    0.00 | Val Max P-Miss: 0.2179 | Val Max Q-Miss: 0.0101 | Val Max Gen Viol: 0.0000 | Val Max Thermal: 0.0000
Epoch 4320 | Val Loss: 0.3494 | Val Cost:    0.00 | Val Max P-Miss: 0.2177 | Val Max Q-Miss: 0.0128 | Val Max Gen Viol: 0.0000 | Val Max Thermal: 0.0000
Epoch 4330 | Val Loss: 0.3490 | Val Cost:    0.00 | Val Max P-Miss: 0.2211 | Val Max Q-Miss: 0.0103 | Val Max Gen Viol: 0.0000 | Val Max Thermal: 0.0000
Epoch 4340 | Val Loss: 0.3536 | Val Cost:    0.00 | Val Max P-Miss: 0.2597 | Val Max Q-Miss: 0.0204 | Val Max Gen Viol: 0.0000 | Val Max Thermal: 0.0000
Epoch 4350 | Val Loss: 0.3499 | Val Cost:    0.00 | Val Max P-Miss: 0.2257 | Val Max Q-Miss: 0.0122 | Val Max Gen Viol: 0.0000 | Val Max Thermal: 0.0000
Epoch 4360 | Val Loss: 0.3492 | Val Cost:    0.00 | Val Max P-Miss: 0.2202 | Val Max Q-Miss: 0.0107 | Val Max Gen Viol: 0.0000 | Val Max Thermal: 0.0000
Epoch 4370 | Val Loss: 0.3496 | Val Cost:    0.00 | Val Max P-Miss: 0.2192 | Val Max Q-Miss: 0.0120 | Val Max Gen Viol: 0.0000 | Val Max Thermal: 0.0000
Epoch 4380 | Val Loss: 0.3490 | Val Cost:    0.00 | Val Max P-Miss: 0.2151 | Val Max Q-Miss: 0.0102 | Val Max Gen Viol: 0.0000 | Val Max Thermal: 0.0000
Epoch 4390 | Val Loss: 0.3493 | Val Cost:    0.00 | Val Max P-Miss: 0.2173 | Val Max Q-Miss: 0.0145 | Val Max Gen Viol: 0.0000 | Val Max Thermal: 0.0000
Epoch 4400 | Val Loss: 0.3489 | Val Cost:    0.00 | Val Max P-Miss: 0.2149 | Val Max Q-Miss: 0.0105 | Val Max Gen Viol: 0.0000 | Val Max Thermal: 0.0000
Epoch 4410 | Val Loss: 0.3493 | Val Cost:    0.00 | Val Max P-Miss: 0.2197 | Val Max Q-Miss: 0.0157 | Val Max Gen Viol: 0.0000 | Val Max Thermal: 0.0000
Epoch 4420 | Val Loss: 0.3499 | Val Cost:    0.00 | Val Max P-Miss: 0.2180 | Val Max Q-Miss: 0.0113 | Val Max Gen Viol: 0.0000 | Val Max Thermal: 0.0000
Epoch 4430 | Val Loss: 0.3500 | Val Cost:    0.00 | Val Max P-Miss: 0.2325 | Val Max Q-Miss: 0.0173 | Val Max Gen Viol: 0.0000 | Val Max Thermal: 0.0000
Epoch 4440 | Val Loss: 0.3489 | Val Cost:    0.00 | Val Max P-Miss: 0.2196 | Val Max Q-Miss: 0.0097 | Val Max Gen Viol: 0.0000 | Val Max Thermal: 0.0000 [*SAVED BEST*]
Epoch 4450 | Val Loss: 0.3493 | Val Cost:    0.00 | Val Max P-Miss: 0.2157 | Val Max Q-Miss: 0.0112 | Val Max Gen Viol: 0.0000 | Val Max Thermal: 0.0000
Epoch 4460 | Val Loss: 0.3489 | Val Cost:    0.00 | Val Max P-Miss: 0.2187 | Val Max Q-Miss: 0.0108 | Val Max Gen Viol: 0.0000 | Val Max Thermal: 0.0000
Epoch 4470 | Val Loss: 0.3503 | Val Cost:    0.00 | Val Max P-Miss: 0.2255 | Val Max Q-Miss: 0.0163 | Val Max Gen Viol: 0.0000 | Val Max Thermal: 0.0000
Epoch 4480 | Val Loss: 0.3491 | Val Cost:    0.00 | Val Max P-Miss: 0.2158 | Val Max Q-Miss: 0.0114 | Val Max Gen Viol: 0.0000 | Val Max Thermal: 0.0000
Epoch 4490 | Val Loss: 0.3633 | Val Cost:    0.00 | Val Max P-Miss: 0.2520 | Val Max Q-Miss: 0.0473 | Val Max Gen Viol: 0.0000 | Val Max Thermal: 0.0000
Epoch 4500 | Val Loss: 0.3490 | Val Cost:    0.00 | Val Max P-Miss: 0.2213 | Val Max Q-Miss: 0.0135 | Val Max Gen Viol: 0.0000 | Val Max Thermal: 0.0000
Epoch 4510 | Val Loss: 0.3489 | Val Cost:    0.00 | Val Max P-Miss: 0.2221 | Val Max Q-Miss: 0.0130 | Val Max Gen Viol: 0.0000 | Val Max Thermal: 0.0000
Epoch 4520 | Val Loss: 0.3507 | Val Cost:    0.00 | Val Max P-Miss: 0.2319 | Val Max Q-Miss: 0.0152 | Val Max Gen Viol: 0.0000 | Val Max Thermal: 0.0000
Epoch 4530 | Val Loss: 0.3489 | Val Cost:    0.00 | Val Max P-Miss: 0.2154 | Val Max Q-Miss: 0.0115 | Val Max Gen Viol: 0.0000 | Val Max Thermal: 0.0000
Epoch 4540 | Val Loss: 0.3489 | Val Cost:    0.00 | Val Max P-Miss: 0.2177 | Val Max Q-Miss: 0.0105 | Val Max Gen Viol: 0.0000 | Val Max Thermal: 0.0000
Epoch 4550 | Val Loss: 0.3491 | Val Cost:    0.00 | Val Max P-Miss: 0.2156 | Val Max Q-Miss: 0.0118 | Val Max Gen Viol: 0.0000 | Val Max Thermal: 0.0000
Epoch 4560 | Val Loss: 0.3511 | Val Cost:    0.00 | Val Max P-Miss: 0.2372 | Val Max Q-Miss: 0.0201 | Val Max Gen Viol: 0.0000 | Val Max Thermal: 0.0000
Epoch 4570 | Val Loss: 0.3490 | Val Cost:    0.00 | Val Max P-Miss: 0.2192 | Val Max Q-Miss: 0.0107 | Val Max Gen Viol: 0.0000 | Val Max Thermal: 0.0000
Epoch 4580 | Val Loss: 0.3489 | Val Cost:    0.00 | Val Max P-Miss: 0.2148 | Val Max Q-Miss: 0.0103 | Val Max Gen Viol: 0.0000 | Val Max Thermal: 0.0000
Epoch 4590 | Val Loss: 0.3490 | Val Cost:    0.00 | Val Max P-Miss: 0.2143 | Val Max Q-Miss: 0.0122 | Val Max Gen Viol: 0.0000 | Val Max Thermal: 0.0000
Epoch 4600 | Val Loss: 0.3490 | Val Cost:    0.00 | Val Max P-Miss: 0.2153 | Val Max Q-Miss: 0.0116 | Val Max Gen Viol: 0.0000 | Val Max Thermal: 0.0000
Epoch 4610 | Val Loss: 0.3489 | Val Cost:    0.00 | Val Max P-Miss: 0.2187 | Val Max Q-Miss: 0.0106 | Val Max Gen Viol: 0.0000 | Val Max Thermal: 0.0000
Epoch 4620 | Val Loss: 0.3493 | Val Cost:    0.00 | Val Max P-Miss: 0.2203 | Val Max Q-Miss: 0.0144 | Val Max Gen Viol: 0.0000 | Val Max Thermal: 0.0000
Epoch 4630 | Val Loss: 0.3490 | Val Cost:    0.00 | Val Max P-Miss: 0.2169 | Val Max Q-Miss: 0.0111 | Val Max Gen Viol: 0.0000 | Val Max Thermal: 0.0000
Epoch 4640 | Val Loss: 0.3494 | Val Cost:    0.00 | Val Max P-Miss: 0.2220 | Val Max Q-Miss: 0.0130 | Val Max Gen Viol: 0.0000 | Val Max Thermal: 0.0000
Epoch 4650 | Val Loss: 0.3489 | Val Cost:    0.00 | Val Max P-Miss: 0.2159 | Val Max Q-Miss: 0.0114 | Val Max Gen Viol: 0.0000 | Val Max Thermal: 0.0000
Epoch 4660 | Val Loss: 0.3489 | Val Cost:    0.00 | Val Max P-Miss: 0.2181 | Val Max Q-Miss: 0.0102 | Val Max Gen Viol: 0.0000 | Val Max Thermal: 0.0000
Epoch 4670 | Val Loss: 0.3489 | Val Cost:    0.00 | Val Max P-Miss: 0.2158 | Val Max Q-Miss: 0.0113 | Val Max Gen Viol: 0.0000 | Val Max Thermal: 0.0000
Epoch 4680 | Val Loss: 0.3491 | Val Cost:    0.00 | Val Max P-Miss: 0.2148 | Val Max Q-Miss: 0.0124 | Val Max Gen Viol: 0.0000 | Val Max Thermal: 0.0000
Epoch 4690 | Val Loss: 0.3493 | Val Cost:    0.00 | Val Max P-Miss: 0.2163 | Val Max Q-Miss: 0.0113 | Val Max Gen Viol: 0.0000 | Val Max Thermal: 0.0000
Epoch 4700 | Val Loss: 0.3492 | Val Cost:    0.00 | Val Max P-Miss: 0.2209 | Val Max Q-Miss: 0.0105 | Val Max Gen Viol: 0.0000 | Val Max Thermal: 0.0000
Epoch 4710 | Val Loss: 0.3492 | Val Cost:    0.00 | Val Max P-Miss: 0.2186 | Val Max Q-Miss: 0.0119 | Val Max Gen Viol: 0.0000 | Val Max Thermal: 0.0000
Epoch 4720 | Val Loss: 0.3489 | Val Cost:    0.00 | Val Max P-Miss: 0.2156 | Val Max Q-Miss: 0.0098 | Val Max Gen Viol: 0.0000 | Val Max Thermal: 0.0000
Epoch 4730 | Val Loss: 0.3496 | Val Cost:    0.00 | Val Max P-Miss: 0.2168 | Val Max Q-Miss: 0.0121 | Val Max Gen Viol: 0.0000 | Val Max Thermal: 0.0000
Epoch 4740 | Val Loss: 0.3621 | Val Cost:    0.00 | Val Max P-Miss: 0.3263 | Val Max Q-Miss: 0.0422 | Val Max Gen Viol: 0.0000 | Val Max Thermal: 0.0000
Epoch 4750 | Val Loss: 0.3490 | Val Cost:    0.00 | Val Max P-Miss: 0.2209 | Val Max Q-Miss: 0.0126 | Val Max Gen Viol: 0.0000 | Val Max Thermal: 0.0000
Epoch 4760 | Val Loss: 0.3489 | Val Cost:    0.00 | Val Max P-Miss: 0.2240 | Val Max Q-Miss: 0.0114 | Val Max Gen Viol: 0.0000 | Val Max Thermal: 0.0000 [*SAVED BEST*]
Epoch 4770 | Val Loss: 0.3489 | Val Cost:    0.00 | Val Max P-Miss: 0.2206 | Val Max Q-Miss: 0.0112 | Val Max Gen Viol: 0.0000 | Val Max Thermal: 0.0000
Epoch 4780 | Val Loss: 0.3489 | Val Cost:    0.00 | Val Max P-Miss: 0.2207 | Val Max Q-Miss: 0.0110 | Val Max Gen Viol: 0.0000 | Val Max Thermal: 0.0000
Epoch 4790 | Val Loss: 0.3489 | Val Cost:    0.00 | Val Max P-Miss: 0.2203 | Val Max Q-Miss: 0.0107 | Val Max Gen Viol: 0.0000 | Val Max Thermal: 0.0000
Epoch 4800 | Val Loss: 0.3489 | Val Cost:    0.00 | Val Max P-Miss: 0.2181 | Val Max Q-Miss: 0.0108 | Val Max Gen Viol: 0.0000 | Val Max Thermal: 0.0000
Epoch 4810 | Val Loss: 0.3488 | Val Cost:    0.00 | Val Max P-Miss: 0.2197 | Val Max Q-Miss: 0.0108 | Val Max Gen Viol: 0.0000 | Val Max Thermal: 0.0000 [*SAVED BEST*]
Epoch 4820 | Val Loss: 0.3505 | Val Cost:    0.00 | Val Max P-Miss: 0.2362 | Val Max Q-Miss: 0.0152 | Val Max Gen Viol: 0.0000 | Val Max Thermal: 0.0000
Epoch 4830 | Val Loss: 0.3490 | Val Cost:    0.00 | Val Max P-Miss: 0.2163 | Val Max Q-Miss: 0.0106 | Val Max Gen Viol: 0.0000 | Val Max Thermal: 0.0000
Epoch 4840 | Val Loss: 0.3497 | Val Cost:    0.00 | Val Max P-Miss: 0.2237 | Val Max Q-Miss: 0.0130 | Val Max Gen Viol: 0.0000 | Val Max Thermal: 0.0000
Epoch 4850 | Val Loss: 0.3488 | Val Cost:    0.00 | Val Max P-Miss: 0.2176 | Val Max Q-Miss: 0.0106 | Val Max Gen Viol: 0.0000 | Val Max Thermal: 0.0000
Epoch 4860 | Val Loss: 0.3491 | Val Cost:    0.00 | Val Max P-Miss: 0.2161 | Val Max Q-Miss: 0.0145 | Val Max Gen Viol: 0.0000 | Val Max Thermal: 0.0000
Epoch 4870 | Val Loss: 0.3489 | Val Cost:    0.00 | Val Max P-Miss: 0.2201 | Val Max Q-Miss: 0.0108 | Val Max Gen Viol: 0.0000 | Val Max Thermal: 0.0000
Epoch 4880 | Val Loss: 0.3508 | Val Cost:    0.00 | Val Max P-Miss: 0.2284 | Val Max Q-Miss: 0.0140 | Val Max Gen Viol: 0.0000 | Val Max Thermal: 0.0000
Epoch 4890 | Val Loss: 0.3512 | Val Cost:    0.00 | Val Max P-Miss: 0.2339 | Val Max Q-Miss: 0.0172 | Val Max Gen Viol: 0.0000 | Val Max Thermal: 0.0000
Epoch 4900 | Val Loss: 0.3489 | Val Cost:    0.00 | Val Max P-Miss: 0.2201 | Val Max Q-Miss: 0.0108 | Val Max Gen Viol: 0.0000 | Val Max Thermal: 0.0000
Epoch 4910 | Val Loss: 0.3498 | Val Cost:    0.00 | Val Max P-Miss: 0.2243 | Val Max Q-Miss: 0.0126 | Val Max Gen Viol: 0.0000 | Val Max Thermal: 0.0000
Epoch 4920 | Val Loss: 0.3491 | Val Cost:    0.00 | Val Max P-Miss: 0.2166 | Val Max Q-Miss: 0.0117 | Val Max Gen Viol: 0.0000 | Val Max Thermal: 0.0000
Epoch 4930 | Val Loss: 0.3489 | Val Cost:    0.00 | Val Max P-Miss: 0.2182 | Val Max Q-Miss: 0.0108 | Val Max Gen Viol: 0.0000 | Val Max Thermal: 0.0000
Epoch 4940 | Val Loss: 0.3488 | Val Cost:    0.00 | Val Max P-Miss: 0.2175 | Val Max Q-Miss: 0.0101 | Val Max Gen Viol: 0.0000 | Val Max Thermal: 0.0000 [*SAVED BEST*]
Epoch 4950 | Val Loss: 0.3489 | Val Cost:    0.00 | Val Max P-Miss: 0.2163 | Val Max Q-Miss: 0.0111 | Val Max Gen Viol: 0.0000 | Val Max Thermal: 0.0000
Epoch 4960 | Val Loss: 0.3492 | Val Cost:    0.00 | Val Max P-Miss: 0.2221 | Val Max Q-Miss: 0.0112 | Val Max Gen Viol: 0.0000 | Val Max Thermal: 0.0000
Epoch 4970 | Val Loss: 0.3489 | Val Cost:    0.00 | Val Max P-Miss: 0.2199 | Val Max Q-Miss: 0.0108 | Val Max Gen Viol: 0.0000 | Val Max Thermal: 0.0000
Epoch 4980 | Val Loss: 0.3502 | Val Cost:    0.00 | Val Max P-Miss: 0.2322 | Val Max Q-Miss: 0.0136 | Val Max Gen Viol: 0.0000 | Val Max Thermal: 0.0000
Epoch 4990 | Val Loss: 0.3492 | Val Cost:    0.00 | Val Max P-Miss: 0.2225 | Val Max Q-Miss: 0.0122 | Val Max Gen Viol: 0.0000 | Val Max Thermal: 0.0000
Epoch 5000 | Val Loss: 0.3488 | Val Cost:    0.00 | Val Max P-Miss: 0.2181 | Val Max Q-Miss: 0.0107 | Val Max Gen Viol: 0.0000 | Val Max Thermal: 0.0000
Epoch 5010 | Val Loss: 0.3488 | Val Cost:    0.00 | Val Max P-Miss: 0.2190 | Val Max Q-Miss: 0.0101 | Val Max Gen Viol: 0.0000 | Val Max Thermal: 0.0000 [*SAVED BEST*]
Epoch 5020 | Val Loss: 0.3495 | Val Cost:    0.00 | Val Max P-Miss: 0.2221 | Val Max Q-Miss: 0.0113 | Val Max Gen Viol: 0.0000 | Val Max Thermal: 0.0000
Epoch 5030 | Val Loss: 0.3489 | Val Cost:    0.00 | Val Max P-Miss: 0.2199 | Val Max Q-Miss: 0.0109 | Val Max Gen Viol: 0.0000 | Val Max Thermal: 0.0000
Epoch 5040 | Val Loss: 0.3488 | Val Cost:    0.00 | Val Max P-Miss: 0.2197 | Val Max Q-Miss: 0.0100 | Val Max Gen Viol: 0.0000 | Val Max Thermal: 0.0000
Epoch 5050 | Val Loss: 0.3492 | Val Cost:    0.00 | Val Max P-Miss: 0.2204 | Val Max Q-Miss: 0.0143 | Val Max Gen Viol: 0.0000 | Val Max Thermal: 0.0000
Epoch 5060 | Val Loss: 0.3489 | Val Cost:    0.00 | Val Max P-Miss: 0.2166 | Val Max Q-Miss: 0.0109 | Val Max Gen Viol: 0.0000 | Val Max Thermal: 0.0000
Epoch 5070 | Val Loss: 0.3490 | Val Cost:    0.00 | Val Max P-Miss: 0.2183 | Val Max Q-Miss: 0.0129 | Val Max Gen Viol: 0.0000 | Val Max Thermal: 0.0000
Epoch 5080 | Val Loss: 0.3488 | Val Cost:    0.00 | Val Max P-Miss: 0.2191 | Val Max Q-Miss: 0.0105 | Val Max Gen Viol: 0.0000 | Val Max Thermal: 0.0000
Epoch 5090 | Val Loss: 0.3489 | Val Cost:    0.00 | Val Max P-Miss: 0.2148 | Val Max Q-Miss: 0.0103 | Val Max Gen Viol: 0.0000 | Val Max Thermal: 0.0000
Epoch 5100 | Val Loss: 0.3488 | Val Cost:    0.00 | Val Max P-Miss: 0.2186 | Val Max Q-Miss: 0.0117 | Val Max Gen Viol: 0.0000 | Val Max Thermal: 0.0000
Epoch 5110 | Val Loss: 0.3490 | Val Cost:    0.00 | Val Max P-Miss: 0.2173 | Val Max Q-Miss: 0.0120 | Val Max Gen Viol: 0.0000 | Val Max Thermal: 0.0000
Epoch 5120 | Val Loss: 0.3488 | Val Cost:    0.00 | Val Max P-Miss: 0.2187 | Val Max Q-Miss: 0.0102 | Val Max Gen Viol: 0.0000 | Val Max Thermal: 0.0000
Epoch 5130 | Val Loss: 0.3488 | Val Cost:    0.00 | Val Max P-Miss: 0.2209 | Val Max Q-Miss: 0.0101 | Val Max Gen Viol: 0.0000 | Val Max Thermal: 0.0000
Epoch 5140 | Val Loss: 0.3488 | Val Cost:    0.00 | Val Max P-Miss: 0.2205 | Val Max Q-Miss: 0.0100 | Val Max Gen Viol: 0.0000 | Val Max Thermal: 0.0000
Epoch 5150 | Val Loss: 0.3493 | Val Cost:    0.00 | Val Max P-Miss: 0.2262 | Val Max Q-Miss: 0.0098 | Val Max Gen Viol: 0.0000 | Val Max Thermal: 0.0000
Epoch 5160 | Val Loss: 0.3493 | Val Cost:    0.00 | Val Max P-Miss: 0.2182 | Val Max Q-Miss: 0.0129 | Val Max Gen Viol: 0.0000 | Val Max Thermal: 0.0000
Epoch 5170 | Val Loss: 0.3489 | Val Cost:    0.00 | Val Max P-Miss: 0.2179 | Val Max Q-Miss: 0.0100 | Val Max Gen Viol: 0.0000 | Val Max Thermal: 0.0000
Epoch 5180 | Val Loss: 0.3489 | Val Cost:    0.00 | Val Max P-Miss: 0.2175 | Val Max Q-Miss: 0.0100 | Val Max Gen Viol: 0.0000 | Val Max Thermal: 0.0000
Epoch 5190 | Val Loss: 0.3488 | Val Cost:    0.00 | Val Max P-Miss: 0.2200 | Val Max Q-Miss: 0.0101 | Val Max Gen Viol: 0.0000 | Val Max Thermal: 0.0000 [*SAVED BEST*]
Epoch 5200 | Val Loss: 0.3488 | Val Cost:    0.00 | Val Max P-Miss: 0.2195 | Val Max Q-Miss: 0.0111 | Val Max Gen Viol: 0.0000 | Val Max Thermal: 0.0000
Epoch 5210 | Val Loss: 0.3490 | Val Cost:    0.00 | Val Max P-Miss: 0.2190 | Val Max Q-Miss: 0.0125 | Val Max Gen Viol: 0.0000 | Val Max Thermal: 0.0000
Epoch 5220 | Val Loss: 0.3488 | Val Cost:    0.00 | Val Max P-Miss: 0.2191 | Val Max Q-Miss: 0.0105 | Val Max Gen Viol: 0.0000 | Val Max Thermal: 0.0000
Epoch 5230 | Val Loss: 0.3488 | Val Cost:    0.00 | Val Max P-Miss: 0.2194 | Val Max Q-Miss: 0.0097 | Val Max Gen Viol: 0.0000 | Val Max Thermal: 0.0000 [*SAVED BEST*]
Epoch 5240 | Val Loss: 0.3494 | Val Cost:    0.00 | Val Max P-Miss: 0.2354 | Val Max Q-Miss: 0.0173 | Val Max Gen Viol: 0.0000 | Val Max Thermal: 0.0000
Epoch 5250 | Val Loss: 0.3488 | Val Cost:    0.00 | Val Max P-Miss: 0.2257 | Val Max Q-Miss: 0.0118 | Val Max Gen Viol: 0.0000 | Val Max Thermal: 0.0000
Epoch 5260 | Val Loss: 0.3488 | Val Cost:    0.00 | Val Max P-Miss: 0.2240 | Val Max Q-Miss: 0.0101 | Val Max Gen Viol: 0.0000 | Val Max Thermal: 0.0000
Epoch 5270 | Val Loss: 0.3521 | Val Cost:    0.00 | Val Max P-Miss: 0.2434 | Val Max Q-Miss: 0.0195 | Val Max Gen Viol: 0.0000 | Val Max Thermal: 0.0000
Epoch 5280 | Val Loss: 0.3490 | Val Cost:    0.00 | Val Max P-Miss: 0.2225 | Val Max Q-Miss: 0.0109 | Val Max Gen Viol: 0.0000 | Val Max Thermal: 0.0000
Epoch 5290 | Val Loss: 0.3488 | Val Cost:    0.00 | Val Max P-Miss: 0.2205 | Val Max Q-Miss: 0.0103 | Val Max Gen Viol: 0.0000 | Val Max Thermal: 0.0000
Epoch 5300 | Val Loss: 0.3488 | Val Cost:    0.00 | Val Max P-Miss: 0.2202 | Val Max Q-Miss: 0.0118 | Val Max Gen Viol: 0.0000 | Val Max Thermal: 0.0000
Epoch 5310 | Val Loss: 0.3489 | Val Cost:    0.00 | Val Max P-Miss: 0.2212 | Val Max Q-Miss: 0.0099 | Val Max Gen Viol: 0.0000 | Val Max Thermal: 0.0000
Epoch 5320 | Val Loss: 0.3497 | Val Cost:    0.00 | Val Max P-Miss: 0.2222 | Val Max Q-Miss: 0.0116 | Val Max Gen Viol: 0.0000 | Val Max Thermal: 0.0000
Epoch 5330 | Val Loss: 0.3490 | Val Cost:    0.00 | Val Max P-Miss: 0.2196 | Val Max Q-Miss: 0.0114 | Val Max Gen Viol: 0.0000 | Val Max Thermal: 0.0000
Epoch 5340 | Val Loss: 0.3488 | Val Cost:    0.00 | Val Max P-Miss: 0.2201 | Val Max Q-Miss: 0.0099 | Val Max Gen Viol: 0.0000 | Val Max Thermal: 0.0000 [*SAVED BEST*]
Epoch 5350 | Val Loss: 0.3493 | Val Cost:    0.00 | Val Max P-Miss: 0.2194 | Val Max Q-Miss: 0.0113 | Val Max Gen Viol: 0.0000 | Val Max Thermal: 0.0000
Epoch 5360 | Val Loss: 0.3489 | Val Cost:    0.00 | Val Max P-Miss: 0.2204 | Val Max Q-Miss: 0.0119 | Val Max Gen Viol: 0.0000 | Val Max Thermal: 0.0000
Epoch 5370 | Val Loss: 0.3489 | Val Cost:    0.00 | Val Max P-Miss: 0.2185 | Val Max Q-Miss: 0.0104 | Val Max Gen Viol: 0.0000 | Val Max Thermal: 0.0000
Epoch 5380 | Val Loss: 0.3488 | Val Cost:    0.00 | Val Max P-Miss: 0.2180 | Val Max Q-Miss: 0.0102 | Val Max Gen Viol: 0.0000 | Val Max Thermal: 0.0000
Epoch 5390 | Val Loss: 0.3490 | Val Cost:    0.00 | Val Max P-Miss: 0.2176 | Val Max Q-Miss: 0.0113 | Val Max Gen Viol: 0.0000 | Val Max Thermal: 0.0000
Epoch 5400 | Val Loss: 0.3488 | Val Cost:    0.00 | Val Max P-Miss: 0.2199 | Val Max Q-Miss: 0.0099 | Val Max Gen Viol: 0.0000 | Val Max Thermal: 0.0000
Epoch 5410 | Val Loss: 0.3488 | Val Cost:    0.00 | Val Max P-Miss: 0.2178 | Val Max Q-Miss: 0.0103 | Val Max Gen Viol: 0.0000 | Val Max Thermal: 0.0000
Epoch 5420 | Val Loss: 0.3489 | Val Cost:    0.00 | Val Max P-Miss: 0.2168 | Val Max Q-Miss: 0.0097 | Val Max Gen Viol: 0.0000 | Val Max Thermal: 0.0000
Epoch 5430 | Val Loss: 0.3494 | Val Cost:    0.00 | Val Max P-Miss: 0.2246 | Val Max Q-Miss: 0.0124 | Val Max Gen Viol: 0.0000 | Val Max Thermal: 0.0000
Epoch 5440 | Val Loss: 0.3488 | Val Cost:    0.00 | Val Max P-Miss: 0.2175 | Val Max Q-Miss: 0.0103 | Val Max Gen Viol: 0.0000 | Val Max Thermal: 0.0000
Epoch 5450 | Val Loss: 0.3488 | Val Cost:    0.00 | Val Max P-Miss: 0.2185 | Val Max Q-Miss: 0.0098 | Val Max Gen Viol: 0.0000 | Val Max Thermal: 0.0000
Epoch 5460 | Val Loss: 0.3489 | Val Cost:    0.00 | Val Max P-Miss: 0.2172 | Val Max Q-Miss: 0.0105 | Val Max Gen Viol: 0.0000 | Val Max Thermal: 0.0000
Epoch 5470 | Val Loss: 0.3489 | Val Cost:    0.00 | Val Max P-Miss: 0.2192 | Val Max Q-Miss: 0.0105 | Val Max Gen Viol: 0.0000 | Val Max Thermal: 0.0000
Epoch 5480 | Val Loss: 0.3489 | Val Cost:    0.00 | Val Max P-Miss: 0.2173 | Val Max Q-Miss: 0.0100 | Val Max Gen Viol: 0.0000 | Val Max Thermal: 0.0000
Epoch 5490 | Val Loss: 0.3492 | Val Cost:    0.00 | Val Max P-Miss: 0.2157 | Val Max Q-Miss: 0.0108 | Val Max Gen Viol: 0.0000 | Val Max Thermal: 0.0000
Epoch 5500 | Val Loss: 0.3488 | Val Cost:    0.00 | Val Max P-Miss: 0.2192 | Val Max Q-Miss: 0.0098 | Val Max Gen Viol: 0.0000 | Val Max Thermal: 0.0000
Epoch 5510 | Val Loss: 0.3493 | Val Cost:    0.00 | Val Max P-Miss: 0.2216 | Val Max Q-Miss: 0.0124 | Val Max Gen Viol: 0.0000 | Val Max Thermal: 0.0000
Epoch 5520 | Val Loss: 0.3488 | Val Cost:    0.00 | Val Max P-Miss: 0.2203 | Val Max Q-Miss: 0.0096 | Val Max Gen Viol: 0.0000 | Val Max Thermal: 0.0000
Epoch 5530 | Val Loss: 0.3488 | Val Cost:    0.00 | Val Max P-Miss: 0.2195 | Val Max Q-Miss: 0.0094 | Val Max Gen Viol: 0.0000 | Val Max Thermal: 0.0000
Epoch 5540 | Val Loss: 0.3500 | Val Cost:    0.00 | Val Max P-Miss: 0.2268 | Val Max Q-Miss: 0.0113 | Val Max Gen Viol: 0.0000 | Val Max Thermal: 0.0000
Epoch 5550 | Val Loss: 0.3488 | Val Cost:    0.00 | Val Max P-Miss: 0.2181 | Val Max Q-Miss: 0.0094 | Val Max Gen Viol: 0.0000 | Val Max Thermal: 0.0000
Epoch 5560 | Val Loss: 0.3498 | Val Cost:    0.00 | Val Max P-Miss: 0.2269 | Val Max Q-Miss: 0.0117 | Val Max Gen Viol: 0.0000 | Val Max Thermal: 0.0000
Epoch 5570 | Val Loss: 0.3489 | Val Cost:    0.00 | Val Max P-Miss: 0.2138 | Val Max Q-Miss: 0.0129 | Val Max Gen Viol: 0.0000 | Val Max Thermal: 0.0000
Epoch 5580 | Val Loss: 0.3494 | Val Cost:    0.00 | Val Max P-Miss: 0.2237 | Val Max Q-Miss: 0.0101 | Val Max Gen Viol: 0.0000 | Val Max Thermal: 0.0000
Epoch 5590 | Val Loss: 0.3492 | Val Cost:    0.00 | Val Max P-Miss: 0.2157 | Val Max Q-Miss: 0.0112 | Val Max Gen Viol: 0.0000 | Val Max Thermal: 0.0000
Epoch 5600 | Val Loss: 0.3499 | Val Cost:    0.00 | Val Max P-Miss: 0.2240 | Val Max Q-Miss: 0.0128 | Val Max Gen Viol: 0.0000 | Val Max Thermal: 0.0000
Epoch 5610 | Val Loss: 0.3488 | Val Cost:    0.00 | Val Max P-Miss: 0.2199 | Val Max Q-Miss: 0.0098 | Val Max Gen Viol: 0.0000 | Val Max Thermal: 0.0000
Epoch 5620 | Val Loss: 0.3489 | Val Cost:    0.00 | Val Max P-Miss: 0.2171 | Val Max Q-Miss: 0.0102 | Val Max Gen Viol: 0.0000 | Val Max Thermal: 0.0000
Epoch 5630 | Val Loss: 0.3488 | Val Cost:    0.00 | Val Max P-Miss: 0.2186 | Val Max Q-Miss: 0.0095 | Val Max Gen Viol: 0.0000 | Val Max Thermal: 0.0000 [*SAVED BEST*]
Epoch 5640 | Val Loss: 0.3490 | Val Cost:    0.00 | Val Max P-Miss: 0.2185 | Val Max Q-Miss: 0.0117 | Val Max Gen Viol: 0.0000 | Val Max Thermal: 0.0000
Epoch 5650 | Val Loss: 0.3488 | Val Cost:    0.00 | Val Max P-Miss: 0.2191 | Val Max Q-Miss: 0.0092 | Val Max Gen Viol: 0.0000 | Val Max Thermal: 0.0000
Epoch 5660 | Val Loss: 0.3498 | Val Cost:    0.00 | Val Max P-Miss: 0.2252 | Val Max Q-Miss: 0.0119 | Val Max Gen Viol: 0.0000 | Val Max Thermal: 0.0000
Epoch 5670 | Val Loss: 0.3490 | Val Cost:    0.00 | Val Max P-Miss: 0.2171 | Val Max Q-Miss: 0.0106 | Val Max Gen Viol: 0.0000 | Val Max Thermal: 0.0000
Epoch 5680 | Val Loss: 0.3488 | Val Cost:    0.00 | Val Max P-Miss: 0.2161 | Val Max Q-Miss: 0.0091 | Val Max Gen Viol: 0.0000 | Val Max Thermal: 0.0000
Epoch 5690 | Val Loss: 0.3488 | Val Cost:    0.00 | Val Max P-Miss: 0.2182 | Val Max Q-Miss: 0.0098 | Val Max Gen Viol: 0.0000 | Val Max Thermal: 0.0000
Epoch 5700 | Val Loss: 0.3489 | Val Cost:    0.00 | Val Max P-Miss: 0.2211 | Val Max Q-Miss: 0.0096 | Val Max Gen Viol: 0.0000 | Val Max Thermal: 0.0000
Epoch 5710 | Val Loss: 0.3493 | Val Cost:    0.00 | Val Max P-Miss: 0.2185 | Val Max Q-Miss: 0.0112 | Val Max Gen Viol: 0.0000 | Val Max Thermal: 0.0000
Epoch 5720 | Val Loss: 0.3489 | Val Cost:    0.00 | Val Max P-Miss: 0.2163 | Val Max Q-Miss: 0.0099 | Val Max Gen Viol: 0.0000 | Val Max Thermal: 0.0000
Epoch 5730 | Val Loss: 0.3488 | Val Cost:    0.00 | Val Max P-Miss: 0.2185 | Val Max Q-Miss: 0.0095 | Val Max Gen Viol: 0.0000 | Val Max Thermal: 0.0000 [*SAVED BEST*]
Epoch 5740 | Val Loss: 0.3488 | Val Cost:    0.00 | Val Max P-Miss: 0.2184 | Val Max Q-Miss: 0.0105 | Val Max Gen Viol: 0.0000 | Val Max Thermal: 0.0000
Epoch 5750 | Val Loss: 0.3489 | Val Cost:    0.00 | Val Max P-Miss: 0.2155 | Val Max Q-Miss: 0.0093 | Val Max Gen Viol: 0.0000 | Val Max Thermal: 0.0000
Epoch 5760 | Val Loss: 0.3488 | Val Cost:    0.00 | Val Max P-Miss: 0.2200 | Val Max Q-Miss: 0.0090 | Val Max Gen Viol: 0.0000 | Val Max Thermal: 0.0000
Epoch 5770 | Val Loss: 0.3489 | Val Cost:    0.00 | Val Max P-Miss: 0.2151 | Val Max Q-Miss: 0.0118 | Val Max Gen Viol: 0.0000 | Val Max Thermal: 0.0000
Epoch 5780 | Val Loss: 0.3488 | Val Cost:    0.00 | Val Max P-Miss: 0.2211 | Val Max Q-Miss: 0.0093 | Val Max Gen Viol: 0.0000 | Val Max Thermal: 0.0000
Epoch 5790 | Val Loss: 0.3488 | Val Cost:    0.00 | Val Max P-Miss: 0.2221 | Val Max Q-Miss: 0.0089 | Val Max Gen Viol: 0.0000 | Val Max Thermal: 0.0000
Epoch 5800 | Val Loss: 0.3488 | Val Cost:    0.00 | Val Max P-Miss: 0.2184 | Val Max Q-Miss: 0.0090 | Val Max Gen Viol: 0.0000 | Val Max Thermal: 0.0000
Epoch 5810 | Val Loss: 0.3488 | Val Cost:    0.00 | Val Max P-Miss: 0.2189 | Val Max Q-Miss: 0.0094 | Val Max Gen Viol: 0.0000 | Val Max Thermal: 0.0000
Epoch 5820 | Val Loss: 0.3488 | Val Cost:    0.00 | Val Max P-Miss: 0.2202 | Val Max Q-Miss: 0.0088 | Val Max Gen Viol: 0.0000 | Val Max Thermal: 0.0000
Epoch 5830 | Val Loss: 0.3499 | Val Cost:    0.00 | Val Max P-Miss: 0.2257 | Val Max Q-Miss: 0.0116 | Val Max Gen Viol: 0.0000 | Val Max Thermal: 0.0000
Epoch 5840 | Val Loss: 0.3490 | Val Cost:    0.00 | Val Max P-Miss: 0.2218 | Val Max Q-Miss: 0.0097 | Val Max Gen Viol: 0.0000 | Val Max Thermal: 0.0000
Epoch 5850 | Val Loss: 0.3488 | Val Cost:    0.00 | Val Max P-Miss: 0.2182 | Val Max Q-Miss: 0.0096 | Val Max Gen Viol: 0.0000 | Val Max Thermal: 0.0000
Epoch 5860 | Val Loss: 0.3489 | Val Cost:    0.00 | Val Max P-Miss: 0.2201 | Val Max Q-Miss: 0.0091 | Val Max Gen Viol: 0.0000 | Val Max Thermal: 0.0000
Epoch 5870 | Val Loss: 0.3488 | Val Cost:    0.00 | Val Max P-Miss: 0.2168 | Val Max Q-Miss: 0.0098 | Val Max Gen Viol: 0.0000 | Val Max Thermal: 0.0000
Epoch 5880 | Val Loss: 0.3490 | Val Cost:    0.00 | Val Max P-Miss: 0.2232 | Val Max Q-Miss: 0.0095 | Val Max Gen Viol: 0.0000 | Val Max Thermal: 0.0000
Epoch 5890 | Val Loss: 0.3488 | Val Cost:    0.00 | Val Max P-Miss: 0.2186 | Val Max Q-Miss: 0.0099 | Val Max Gen Viol: 0.0000 | Val Max Thermal: 0.0000
Epoch 5900 | Val Loss: 0.3488 | Val Cost:    0.00 | Val Max P-Miss: 0.2164 | Val Max Q-Miss: 0.0101 | Val Max Gen Viol: 0.0000 | Val Max Thermal: 0.0000
Epoch 5910 | Val Loss: 0.3498 | Val Cost:    0.00 | Val Max P-Miss: 0.2277 | Val Max Q-Miss: 0.0143 | Val Max Gen Viol: 0.0000 | Val Max Thermal: 0.0000
Epoch 5920 | Val Loss: 0.3512 | Val Cost:    0.00 | Val Max P-Miss: 0.2353 | Val Max Q-Miss: 0.0125 | Val Max Gen Viol: 0.0000 | Val Max Thermal: 0.0000
Epoch 5930 | Val Loss: 0.3490 | Val Cost:    0.00 | Val Max P-Miss: 0.2177 | Val Max Q-Miss: 0.0100 | Val Max Gen Viol: 0.0000 | Val Max Thermal: 0.0000
Epoch 5940 | Val Loss: 0.3488 | Val Cost:    0.00 | Val Max P-Miss: 0.2197 | Val Max Q-Miss: 0.0096 | Val Max Gen Viol: 0.0000 | Val Max Thermal: 0.0000
Epoch 5950 | Val Loss: 0.3493 | Val Cost:    0.00 | Val Max P-Miss: 0.2230 | Val Max Q-Miss: 0.0113 | Val Max Gen Viol: 0.0000 | Val Max Thermal: 0.0000
Epoch 5960 | Val Loss: 0.3489 | Val Cost:    0.00 | Val Max P-Miss: 0.2183 | Val Max Q-Miss: 0.0111 | Val Max Gen Viol: 0.0000 | Val Max Thermal: 0.0000
Epoch 5970 | Val Loss: 0.3488 | Val Cost:    0.00 | Val Max P-Miss: 0.2161 | Val Max Q-Miss: 0.0112 | Val Max Gen Viol: 0.0000 | Val Max Thermal: 0.0000
Epoch 5980 | Val Loss: 0.3490 | Val Cost:    0.00 | Val Max P-Miss: 0.2197 | Val Max Q-Miss: 0.0106 | Val Max Gen Viol: 0.0000 | Val Max Thermal: 0.0000
Epoch 5990 | Val Loss: 0.3489 | Val Cost:    0.00 | Val Max P-Miss: 0.2169 | Val Max Q-Miss: 0.0110 | Val Max Gen Viol: 0.0000 | Val Max Thermal: 0.0000
Epoch 6000 | Val Loss: 0.3490 | Val Cost:    0.00 | Val Max P-Miss: 0.2240 | Val Max Q-Miss: 0.0090 | Val Max Gen Viol: 0.0000 | Val Max Thermal: 0.0000
Epoch 6010 | Val Loss: 0.3488 | Val Cost:    0.00 | Val Max P-Miss: 0.2171 | Val Max Q-Miss: 0.0110 | Val Max Gen Viol: 0.0000 | Val Max Thermal: 0.0000
Epoch 6020 | Val Loss: 0.3489 | Val Cost:    0.00 | Val Max P-Miss: 0.2199 | Val Max Q-Miss: 0.0110 | Val Max Gen Viol: 0.0000 | Val Max Thermal: 0.0000
Epoch 6030 | Val Loss: 0.3488 | Val Cost:    0.00 | Val Max P-Miss: 0.2196 | Val Max Q-Miss: 0.0106 | Val Max Gen Viol: 0.0000 | Val Max Thermal: 0.0000
Epoch 6040 | Val Loss: 0.3488 | Val Cost:    0.00 | Val Max P-Miss: 0.2179 | Val Max Q-Miss: 0.0107 | Val Max Gen Viol: 0.0000 | Val Max Thermal: 0.0000
Epoch 6050 | Val Loss: 0.3489 | Val Cost:    0.00 | Val Max P-Miss: 0.2186 | Val Max Q-Miss: 0.0101 | Val Max Gen Viol: 0.0000 | Val Max Thermal: 0.0000
Epoch 6060 | Val Loss: 0.3490 | Val Cost:    0.00 | Val Max P-Miss: 0.2218 | Val Max Q-Miss: 0.0106 | Val Max Gen Viol: 0.0000 | Val Max Thermal: 0.0000
Epoch 6070 | Val Loss: 0.3495 | Val Cost:    0.00 | Val Max P-Miss: 0.2221 | Val Max Q-Miss: 0.0119 | Val Max Gen Viol: 0.0000 | Val Max Thermal: 0.0000
Epoch 6080 | Val Loss: 0.3488 | Val Cost:    0.00 | Val Max P-Miss: 0.2201 | Val Max Q-Miss: 0.0097 | Val Max Gen Viol: 0.0000 | Val Max Thermal: 0.0000 [*SAVED BEST*]
Epoch 6090 | Val Loss: 0.3488 | Val Cost:    0.00 | Val Max P-Miss: 0.2169 | Val Max Q-Miss: 0.0115 | Val Max Gen Viol: 0.0000 | Val Max Thermal: 0.0000
Epoch 6100 | Val Loss: 0.3493 | Val Cost:    0.00 | Val Max P-Miss: 0.2217 | Val Max Q-Miss: 0.0098 | Val Max Gen Viol: 0.0000 | Val Max Thermal: 0.0000
Epoch 6110 | Val Loss: 0.3493 | Val Cost:    0.00 | Val Max P-Miss: 0.2214 | Val Max Q-Miss: 0.0113 | Val Max Gen Viol: 0.0000 | Val Max Thermal: 0.0000
Epoch 6120 | Val Loss: 0.3492 | Val Cost:    0.00 | Val Max P-Miss: 0.2224 | Val Max Q-Miss: 0.0100 | Val Max Gen Viol: 0.0000 | Val Max Thermal: 0.0000
Epoch 6130 | Val Loss: 0.3487 | Val Cost:    0.00 | Val Max P-Miss: 0.2188 | Val Max Q-Miss: 0.0105 | Val Max Gen Viol: 0.0000 | Val Max Thermal: 0.0000 [*SAVED BEST*]
Epoch 6140 | Val Loss: 0.3487 | Val Cost:    0.00 | Val Max P-Miss: 0.2189 | Val Max Q-Miss: 0.0106 | Val Max Gen Viol: 0.0000 | Val Max Thermal: 0.0000 [*SAVED BEST*]
Epoch 6150 | Val Loss: 0.3488 | Val Cost:    0.00 | Val Max P-Miss: 0.2209 | Val Max Q-Miss: 0.0105 | Val Max Gen Viol: 0.0000 | Val Max Thermal: 0.0000
Epoch 6160 | Val Loss: 0.3489 | Val Cost:    0.00 | Val Max P-Miss: 0.2216 | Val Max Q-Miss: 0.0093 | Val Max Gen Viol: 0.0000 | Val Max Thermal: 0.0000
Epoch 6170 | Val Loss: 0.3488 | Val Cost:    0.00 | Val Max P-Miss: 0.2193 | Val Max Q-Miss: 0.0109 | Val Max Gen Viol: 0.0000 | Val Max Thermal: 0.0000
Epoch 6180 | Val Loss: 0.3491 | Val Cost:    0.00 | Val Max P-Miss: 0.2155 | Val Max Q-Miss: 0.0138 | Val Max Gen Viol: 0.0000 | Val Max Thermal: 0.0000
Epoch 6190 | Val Loss: 0.3489 | Val Cost:    0.00 | Val Max P-Miss: 0.2211 | Val Max Q-Miss: 0.0110 | Val Max Gen Viol: 0.0000 | Val Max Thermal: 0.0000
Epoch 6200 | Val Loss: 0.3496 | Val Cost:    0.00 | Val Max P-Miss: 0.2231 | Val Max Q-Miss: 0.0142 | Val Max Gen Viol: 0.0000 | Val Max Thermal: 0.0000
Epoch 6210 | Val Loss: 0.3488 | Val Cost:    0.00 | Val Max P-Miss: 0.2189 | Val Max Q-Miss: 0.0110 | Val Max Gen Viol: 0.0000 | Val Max Thermal: 0.0000
Epoch 6220 | Val Loss: 0.3489 | Val Cost:    0.00 | Val Max P-Miss: 0.2211 | Val Max Q-Miss: 0.0109 | Val Max Gen Viol: 0.0000 | Val Max Thermal: 0.0000
Epoch 6230 | Val Loss: 0.3488 | Val Cost:    0.00 | Val Max P-Miss: 0.2161 | Val Max Q-Miss: 0.0122 | Val Max Gen Viol: 0.0000 | Val Max Thermal: 0.0000
Epoch 6240 | Val Loss: 0.3490 | Val Cost:    0.00 | Val Max P-Miss: 0.2195 | Val Max Q-Miss: 0.0113 | Val Max Gen Viol: 0.0000 | Val Max Thermal: 0.0000
Epoch 6250 | Val Loss: 0.3488 | Val Cost:    0.00 | Val Max P-Miss: 0.2193 | Val Max Q-Miss: 0.0118 | Val Max Gen Viol: 0.0000 | Val Max Thermal: 0.0000
Epoch 6260 | Val Loss: 0.3495 | Val Cost:    0.00 | Val Max P-Miss: 0.2247 | Val Max Q-Miss: 0.0111 | Val Max Gen Viol: 0.0000 | Val Max Thermal: 0.0000
Epoch 6270 | Val Loss: 0.3489 | Val Cost:    0.00 | Val Max P-Miss: 0.2148 | Val Max Q-Miss: 0.0128 | Val Max Gen Viol: 0.0000 | Val Max Thermal: 0.0000
Epoch 6280 | Val Loss: 0.3506 | Val Cost:    0.00 | Val Max P-Miss: 0.2361 | Val Max Q-Miss: 0.0156 | Val Max Gen Viol: 0.0000 | Val Max Thermal: 0.0000
Epoch 6290 | Val Loss: 0.3491 | Val Cost:    0.00 | Val Max P-Miss: 0.2191 | Val Max Q-Miss: 0.0117 | Val Max Gen Viol: 0.0000 | Val Max Thermal: 0.0000
Epoch 6300 | Val Loss: 0.3488 | Val Cost:    0.00 | Val Max P-Miss: 0.2164 | Val Max Q-Miss: 0.0118 | Val Max Gen Viol: 0.0000 | Val Max Thermal: 0.0000
Epoch 6310 | Val Loss: 0.3491 | Val Cost:    0.00 | Val Max P-Miss: 0.2229 | Val Max Q-Miss: 0.0103 | Val Max Gen Viol: 0.0000 | Val Max Thermal: 0.0000
Epoch 6320 | Val Loss: 0.3490 | Val Cost:    0.00 | Val Max P-Miss: 0.2200 | Val Max Q-Miss: 0.0106 | Val Max Gen Viol: 0.0000 | Val Max Thermal: 0.0000
Epoch 6330 | Val Loss: 0.3488 | Val Cost:    0.00 | Val Max P-Miss: 0.2205 | Val Max Q-Miss: 0.0113 | Val Max Gen Viol: 0.0000 | Val Max Thermal: 0.0000
Epoch 6340 | Val Loss: 0.3494 | Val Cost:    0.00 | Val Max P-Miss: 0.2228 | Val Max Q-Miss: 0.0141 | Val Max Gen Viol: 0.0000 | Val Max Thermal: 0.0000
Epoch 6350 | Val Loss: 0.3489 | Val Cost:    0.00 | Val Max P-Miss: 0.2214 | Val Max Q-Miss: 0.0109 | Val Max Gen Viol: 0.0000 | Val Max Thermal: 0.0000
Epoch 6360 | Val Loss: 0.3488 | Val Cost:    0.00 | Val Max P-Miss: 0.2170 | Val Max Q-Miss: 0.0113 | Val Max Gen Viol: 0.0000 | Val Max Thermal: 0.0000
Epoch 6370 | Val Loss: 0.3490 | Val Cost:    0.00 | Val Max P-Miss: 0.2178 | Val Max Q-Miss: 0.0103 | Val Max Gen Viol: 0.0000 | Val Max Thermal: 0.0000
Epoch 6380 | Val Loss: 0.3489 | Val Cost:    0.00 | Val Max P-Miss: 0.2210 | Val Max Q-Miss: 0.0102 | Val Max Gen Viol: 0.0000 | Val Max Thermal: 0.0000
Epoch 6390 | Val Loss: 0.3487 | Val Cost:    0.00 | Val Max P-Miss: 0.2168 | Val Max Q-Miss: 0.0115 | Val Max Gen Viol: 0.0000 | Val Max Thermal: 0.0000
Epoch 6400 | Val Loss: 0.3488 | Val Cost:    0.00 | Val Max P-Miss: 0.2164 | Val Max Q-Miss: 0.0123 | Val Max Gen Viol: 0.0000 | Val Max Thermal: 0.0000
Epoch 6410 | Val Loss: 0.3487 | Val Cost:    0.00 | Val Max P-Miss: 0.2181 | Val Max Q-Miss: 0.0119 | Val Max Gen Viol: 0.0000 | Val Max Thermal: 0.0000 [*SAVED BEST*]
Epoch 6420 | Val Loss: 0.3493 | Val Cost:    0.00 | Val Max P-Miss: 0.2222 | Val Max Q-Miss: 0.0145 | Val Max Gen Viol: 0.0000 | Val Max Thermal: 0.0000
Epoch 6430 | Val Loss: 0.3488 | Val Cost:    0.00 | Val Max P-Miss: 0.2182 | Val Max Q-Miss: 0.0119 | Val Max Gen Viol: 0.0000 | Val Max Thermal: 0.0000
Epoch 6440 | Val Loss: 0.3489 | Val Cost:    0.00 | Val Max P-Miss: 0.2214 | Val Max Q-Miss: 0.0093 | Val Max Gen Viol: 0.0000 | Val Max Thermal: 0.0000
Epoch 6450 | Val Loss: 0.3489 | Val Cost:    0.00 | Val Max P-Miss: 0.2170 | Val Max Q-Miss: 0.0116 | Val Max Gen Viol: 0.0000 | Val Max Thermal: 0.0000
Epoch 6460 | Val Loss: 0.3487 | Val Cost:    0.00 | Val Max P-Miss: 0.2186 | Val Max Q-Miss: 0.0118 | Val Max Gen Viol: 0.0000 | Val Max Thermal: 0.0000
Epoch 6470 | Val Loss: 0.3491 | Val Cost:    0.00 | Val Max P-Miss: 0.2180 | Val Max Q-Miss: 0.0106 | Val Max Gen Viol: 0.0000 | Val Max Thermal: 0.0000
Epoch 6480 | Val Loss: 0.3492 | Val Cost:    0.00 | Val Max P-Miss: 0.2192 | Val Max Q-Miss: 0.0148 | Val Max Gen Viol: 0.0000 | Val Max Thermal: 0.0000
Epoch 6490 | Val Loss: 0.3489 | Val Cost:    0.00 | Val Max P-Miss: 0.2197 | Val Max Q-Miss: 0.0117 | Val Max Gen Viol: 0.0000 | Val Max Thermal: 0.0000
Epoch 6500 | Val Loss: 0.3487 | Val Cost:    0.00 | Val Max P-Miss: 0.2195 | Val Max Q-Miss: 0.0123 | Val Max Gen Viol: 0.0000 | Val Max Thermal: 0.0000
Epoch 6510 | Val Loss: 0.3496 | Val Cost:    0.00 | Val Max P-Miss: 0.2263 | Val Max Q-Miss: 0.0130 | Val Max Gen Viol: 0.0000 | Val Max Thermal: 0.0000
Epoch 6520 | Val Loss: 0.3489 | Val Cost:    0.00 | Val Max P-Miss: 0.2193 | Val Max Q-Miss: 0.0124 | Val Max Gen Viol: 0.0000 | Val Max Thermal: 0.0000
Epoch 6530 | Val Loss: 0.3493 | Val Cost:    0.00 | Val Max P-Miss: 0.2182 | Val Max Q-Miss: 0.0110 | Val Max Gen Viol: 0.0000 | Val Max Thermal: 0.0000
Epoch 6540 | Val Loss: 0.3488 | Val Cost:    0.00 | Val Max P-Miss: 0.2194 | Val Max Q-Miss: 0.0119 | Val Max Gen Viol: 0.0000 | Val Max Thermal: 0.0000
Epoch 6550 | Val Loss: 0.3490 | Val Cost:    0.00 | Val Max P-Miss: 0.2202 | Val Max Q-Miss: 0.0110 | Val Max Gen Viol: 0.0000 | Val Max Thermal: 0.0000
Epoch 6560 | Val Loss: 0.3487 | Val Cost:    0.00 | Val Max P-Miss: 0.2166 | Val Max Q-Miss: 0.0130 | Val Max Gen Viol: 0.0000 | Val Max Thermal: 0.0000
Epoch 6570 | Val Loss: 0.3488 | Val Cost:    0.00 | Val Max P-Miss: 0.2165 | Val Max Q-Miss: 0.0118 | Val Max Gen Viol: 0.0000 | Val Max Thermal: 0.0000
Epoch 6580 | Val Loss: 0.3487 | Val Cost:    0.00 | Val Max P-Miss: 0.2173 | Val Max Q-Miss: 0.0112 | Val Max Gen Viol: 0.0000 | Val Max Thermal: 0.0000
Epoch 6590 | Val Loss: 0.3488 | Val Cost:    0.00 | Val Max P-Miss: 0.2191 | Val Max Q-Miss: 0.0116 | Val Max Gen Viol: 0.0000 | Val Max Thermal: 0.0000
Epoch 6600 | Val Loss: 0.3489 | Val Cost:    0.00 | Val Max P-Miss: 0.2230 | Val Max Q-Miss: 0.0117 | Val Max Gen Viol: 0.0000 | Val Max Thermal: 0.0000
Epoch 6610 | Val Loss: 0.3488 | Val Cost:    0.00 | Val Max P-Miss: 0.2223 | Val Max Q-Miss: 0.0118 | Val Max Gen Viol: 0.0000 | Val Max Thermal: 0.0000
Epoch 6620 | Val Loss: 0.3487 | Val Cost:    0.00 | Val Max P-Miss: 0.2203 | Val Max Q-Miss: 0.0114 | Val Max Gen Viol: 0.0000 | Val Max Thermal: 0.0000 [*SAVED BEST*]
Epoch 6630 | Val Loss: 0.3487 | Val Cost:    0.00 | Val Max P-Miss: 0.2194 | Val Max Q-Miss: 0.0125 | Val Max Gen Viol: 0.0000 | Val Max Thermal: 0.0000
Epoch 6640 | Val Loss: 0.3487 | Val Cost:    0.00 | Val Max P-Miss: 0.2198 | Val Max Q-Miss: 0.0126 | Val Max Gen Viol: 0.0000 | Val Max Thermal: 0.0000
Epoch 6650 | Val Loss: 0.3488 | Val Cost:    0.00 | Val Max P-Miss: 0.2182 | Val Max Q-Miss: 0.0129 | Val Max Gen Viol: 0.0000 | Val Max Thermal: 0.0000
Epoch 6660 | Val Loss: 0.3487 | Val Cost:    0.00 | Val Max P-Miss: 0.2180 | Val Max Q-Miss: 0.0119 | Val Max Gen Viol: 0.0000 | Val Max Thermal: 0.0000
Epoch 6670 | Val Loss: 0.3489 | Val Cost:    0.00 | Val Max P-Miss: 0.2201 | Val Max Q-Miss: 0.0131 | Val Max Gen Viol: 0.0000 | Val Max Thermal: 0.0000
Epoch 6680 | Val Loss: 0.3487 | Val Cost:    0.00 | Val Max P-Miss: 0.2180 | Val Max Q-Miss: 0.0121 | Val Max Gen Viol: 0.0000 | Val Max Thermal: 0.0000
Epoch 6690 | Val Loss: 0.3504 | Val Cost:    0.00 | Val Max P-Miss: 0.2364 | Val Max Q-Miss: 0.0145 | Val Max Gen Viol: 0.0000 | Val Max Thermal: 0.0000
Epoch 6700 | Val Loss: 0.3488 | Val Cost:    0.00 | Val Max P-Miss: 0.2175 | Val Max Q-Miss: 0.0128 | Val Max Gen Viol: 0.0000 | Val Max Thermal: 0.0000
Epoch 6710 | Val Loss: 0.3495 | Val Cost:    0.00 | Val Max P-Miss: 0.2235 | Val Max Q-Miss: 0.0134 | Val Max Gen Viol: 0.0000 | Val Max Thermal: 0.0000
Epoch 6720 | Val Loss: 0.3488 | Val Cost:    0.00 | Val Max P-Miss: 0.2169 | Val Max Q-Miss: 0.0118 | Val Max Gen Viol: 0.0000 | Val Max Thermal: 0.0000
Epoch 6730 | Val Loss: 0.3487 | Val Cost:    0.00 | Val Max P-Miss: 0.2169 | Val Max Q-Miss: 0.0121 | Val Max Gen Viol: 0.0000 | Val Max Thermal: 0.0000
Epoch 6740 | Val Loss: 0.3487 | Val Cost:    0.00 | Val Max P-Miss: 0.2172 | Val Max Q-Miss: 0.0134 | Val Max Gen Viol: 0.0000 | Val Max Thermal: 0.0000
Epoch 6750 | Val Loss: 0.3488 | Val Cost:    0.00 | Val Max P-Miss: 0.2190 | Val Max Q-Miss: 0.0130 | Val Max Gen Viol: 0.0000 | Val Max Thermal: 0.0000
Epoch 6760 | Val Loss: 0.3488 | Val Cost:    0.00 | Val Max P-Miss: 0.2163 | Val Max Q-Miss: 0.0130 | Val Max Gen Viol: 0.0000 | Val Max Thermal: 0.0000
Epoch 6770 | Val Loss: 0.3489 | Val Cost:    0.00 | Val Max P-Miss: 0.2222 | Val Max Q-Miss: 0.0107 | Val Max Gen Viol: 0.0000 | Val Max Thermal: 0.0000
Epoch 6780 | Val Loss: 0.3489 | Val Cost:    0.00 | Val Max P-Miss: 0.2163 | Val Max Q-Miss: 0.0122 | Val Max Gen Viol: 0.0000 | Val Max Thermal: 0.0000
Epoch 6790 | Val Loss: 0.3487 | Val Cost:    0.00 | Val Max P-Miss: 0.2180 | Val Max Q-Miss: 0.0126 | Val Max Gen Viol: 0.0000 | Val Max Thermal: 0.0000
Epoch 6800 | Val Loss: 0.3491 | Val Cost:    0.00 | Val Max P-Miss: 0.2194 | Val Max Q-Miss: 0.0110 | Val Max Gen Viol: 0.0000 | Val Max Thermal: 0.0000
Epoch 6810 | Val Loss: 0.3493 | Val Cost:    0.00 | Val Max P-Miss: 0.2231 | Val Max Q-Miss: 0.0133 | Val Max Gen Viol: 0.0000 | Val Max Thermal: 0.0000
Epoch 6820 | Val Loss: 0.3488 | Val Cost:    0.00 | Val Max P-Miss: 0.2185 | Val Max Q-Miss: 0.0112 | Val Max Gen Viol: 0.0000 | Val Max Thermal: 0.0000
Epoch 6830 | Val Loss: 0.3491 | Val Cost:    0.00 | Val Max P-Miss: 0.2163 | Val Max Q-Miss: 0.0113 | Val Max Gen Viol: 0.0000 | Val Max Thermal: 0.0000
Epoch 6840 | Val Loss: 0.3489 | Val Cost:    0.00 | Val Max P-Miss: 0.2196 | Val Max Q-Miss: 0.0117 | Val Max Gen Viol: 0.0000 | Val Max Thermal: 0.0000
Epoch 6850 | Val Loss: 0.3487 | Val Cost:    0.00 | Val Max P-Miss: 0.2169 | Val Max Q-Miss: 0.0124 | Val Max Gen Viol: 0.0000 | Val Max Thermal: 0.0000
Epoch 6860 | Val Loss: 0.3491 | Val Cost:    0.00 | Val Max P-Miss: 0.2162 | Val Max Q-Miss: 0.0113 | Val Max Gen Viol: 0.0000 | Val Max Thermal: 0.0000
Epoch 6870 | Val Loss: 0.3488 | Val Cost:    0.00 | Val Max P-Miss: 0.2161 | Val Max Q-Miss: 0.0118 | Val Max Gen Viol: 0.0000 | Val Max Thermal: 0.0000
Epoch 6880 | Val Loss: 0.3488 | Val Cost:    0.00 | Val Max P-Miss: 0.2189 | Val Max Q-Miss: 0.0126 | Val Max Gen Viol: 0.0000 | Val Max Thermal: 0.0000
Epoch 6890 | Val Loss: 0.3487 | Val Cost:    0.00 | Val Max P-Miss: 0.2169 | Val Max Q-Miss: 0.0122 | Val Max Gen Viol: 0.0000 | Val Max Thermal: 0.0000
Epoch 6900 | Val Loss: 0.3490 | Val Cost:    0.00 | Val Max P-Miss: 0.2162 | Val Max Q-Miss: 0.0152 | Val Max Gen Viol: 0.0000 | Val Max Thermal: 0.0000
Epoch 6910 | Val Loss: 0.3488 | Val Cost:    0.00 | Val Max P-Miss: 0.2211 | Val Max Q-Miss: 0.0102 | Val Max Gen Viol: 0.0000 | Val Max Thermal: 0.0000
Epoch 6920 | Val Loss: 0.3488 | Val Cost:    0.00 | Val Max P-Miss: 0.2143 | Val Max Q-Miss: 0.0127 | Val Max Gen Viol: 0.0000 | Val Max Thermal: 0.0000
Epoch 6930 | Val Loss: 0.3489 | Val Cost:    0.00 | Val Max P-Miss: 0.2209 | Val Max Q-Miss: 0.0114 | Val Max Gen Viol: 0.0000 | Val Max Thermal: 0.0000
Epoch 6940 | Val Loss: 0.3501 | Val Cost:    0.00 | Val Max P-Miss: 0.2259 | Val Max Q-Miss: 0.0136 | Val Max Gen Viol: 0.0000 | Val Max Thermal: 0.0000
Epoch 6950 | Val Loss: 0.3488 | Val Cost:    0.00 | Val Max P-Miss: 0.2163 | Val Max Q-Miss: 0.0115 | Val Max Gen Viol: 0.0000 | Val Max Thermal: 0.0000
Epoch 6960 | Val Loss: 0.3491 | Val Cost:    0.00 | Val Max P-Miss: 0.2190 | Val Max Q-Miss: 0.0093 | Val Max Gen Viol: 0.0000 | Val Max Thermal: 0.0000
Epoch 6970 | Val Loss: 0.3489 | Val Cost:    0.00 | Val Max P-Miss: 0.2200 | Val Max Q-Miss: 0.0115 | Val Max Gen Viol: 0.0000 | Val Max Thermal: 0.0000
Epoch 6980 | Val Loss: 0.3488 | Val Cost:    0.00 | Val Max P-Miss: 0.2204 | Val Max Q-Miss: 0.0122 | Val Max Gen Viol: 0.0000 | Val Max Thermal: 0.0000
Epoch 6990 | Val Loss: 0.3489 | Val Cost:    0.00 | Val Max P-Miss: 0.2206 | Val Max Q-Miss: 0.0119 | Val Max Gen Viol: 0.0000 | Val Max Thermal: 0.0000
Epoch 7000 | Val Loss: 0.3488 | Val Cost:    0.00 | Val Max P-Miss: 0.2158 | Val Max Q-Miss: 0.0123 | Val Max Gen Viol: 0.0000 | Val Max Thermal: 0.0000
Epoch 7010 | Val Loss: 0.3498 | Val Cost:    0.00 | Val Max P-Miss: 0.2190 | Val Max Q-Miss: 0.0107 | Val Max Gen Viol: 0.0000 | Val Max Thermal: 0.0000
Epoch 7020 | Val Loss: 0.3488 | Val Cost:    0.00 | Val Max P-Miss: 0.2193 | Val Max Q-Miss: 0.0122 | Val Max Gen Viol: 0.0000 | Val Max Thermal: 0.0000
Epoch 7030 | Val Loss: 0.3488 | Val Cost:    0.00 | Val Max P-Miss: 0.2190 | Val Max Q-Miss: 0.0117 | Val Max Gen Viol: 0.0000 | Val Max Thermal: 0.0000
Epoch 7040 | Val Loss: 0.3492 | Val Cost:    0.00 | Val Max P-Miss: 0.2221 | Val Max Q-Miss: 0.0129 | Val Max Gen Viol: 0.0000 | Val Max Thermal: 0.0000
Epoch 7050 | Val Loss: 0.3497 | Val Cost:    0.00 | Val Max P-Miss: 0.2247 | Val Max Q-Miss: 0.0116 | Val Max Gen Viol: 0.0000 | Val Max Thermal: 0.0000
Epoch 7060 | Val Loss: 0.3487 | Val Cost:    0.00 | Val Max P-Miss: 0.2179 | Val Max Q-Miss: 0.0123 | Val Max Gen Viol: 0.0000 | Val Max Thermal: 0.0000
Epoch 7070 | Val Loss: 0.3487 | Val Cost:    0.00 | Val Max P-Miss: 0.2185 | Val Max Q-Miss: 0.0120 | Val Max Gen Viol: 0.0000 | Val Max Thermal: 0.0000
Epoch 7080 | Val Loss: 0.3492 | Val Cost:    0.00 | Val Max P-Miss: 0.2210 | Val Max Q-Miss: 0.0148 | Val Max Gen Viol: 0.0000 | Val Max Thermal: 0.0000
Epoch 7090 | Val Loss: 0.3490 | Val Cost:    0.00 | Val Max P-Miss: 0.2183 | Val Max Q-Miss: 0.0129 | Val Max Gen Viol: 0.0000 | Val Max Thermal: 0.0000
Epoch 7100 | Val Loss: 0.3488 | Val Cost:    0.00 | Val Max P-Miss: 0.2210 | Val Max Q-Miss: 0.0110 | Val Max Gen Viol: 0.0000 | Val Max Thermal: 0.0000
Epoch 7110 | Val Loss: 0.3487 | Val Cost:    0.00 | Val Max P-Miss: 0.2174 | Val Max Q-Miss: 0.0128 | Val Max Gen Viol: 0.0000 | Val Max Thermal: 0.0000
Epoch 7120 | Val Loss: 0.3490 | Val Cost:    0.00 | Val Max P-Miss: 0.2175 | Val Max Q-Miss: 0.0100 | Val Max Gen Viol: 0.0000 | Val Max Thermal: 0.0000
Epoch 7130 | Val Loss: 0.3489 | Val Cost:    0.00 | Val Max P-Miss: 0.2178 | Val Max Q-Miss: 0.0130 | Val Max Gen Viol: 0.0000 | Val Max Thermal: 0.0000
Epoch 7140 | Val Loss: 0.3488 | Val Cost:    0.00 | Val Max P-Miss: 0.2180 | Val Max Q-Miss: 0.0133 | Val Max Gen Viol: 0.0000 | Val Max Thermal: 0.0000
Epoch 7150 | Val Loss: 0.3487 | Val Cost:    0.00 | Val Max P-Miss: 0.2174 | Val Max Q-Miss: 0.0122 | Val Max Gen Viol: 0.0000 | Val Max Thermal: 0.0000 [*SAVED BEST*]
Epoch 7160 | Val Loss: 0.3489 | Val Cost:    0.00 | Val Max P-Miss: 0.2189 | Val Max Q-Miss: 0.0100 | Val Max Gen Viol: 0.0000 | Val Max Thermal: 0.0000
Epoch 7170 | Val Loss: 0.3489 | Val Cost:    0.00 | Val Max P-Miss: 0.2163 | Val Max Q-Miss: 0.0102 | Val Max Gen Viol: 0.0000 | Val Max Thermal: 0.0000
Epoch 7180 | Val Loss: 0.3487 | Val Cost:    0.00 | Val Max P-Miss: 0.2170 | Val Max Q-Miss: 0.0127 | Val Max Gen Viol: 0.0000 | Val Max Thermal: 0.0000 [*SAVED BEST*]
Epoch 7190 | Val Loss: 0.3491 | Val Cost:    0.00 | Val Max P-Miss: 0.2200 | Val Max Q-Miss: 0.0114 | Val Max Gen Viol: 0.0000 | Val Max Thermal: 0.0000
Epoch 7200 | Val Loss: 0.3494 | Val Cost:    0.00 | Val Max P-Miss: 0.2210 | Val Max Q-Miss: 0.0110 | Val Max Gen Viol: 0.0000 | Val Max Thermal: 0.0000
Epoch 7210 | Val Loss: 0.3494 | Val Cost:    0.00 | Val Max P-Miss: 0.2201 | Val Max Q-Miss: 0.0117 | Val Max Gen Viol: 0.0000 | Val Max Thermal: 0.0000
Epoch 7220 | Val Loss: 0.3488 | Val Cost:    0.00 | Val Max P-Miss: 0.2180 | Val Max Q-Miss: 0.0103 | Val Max Gen Viol: 0.0000 | Val Max Thermal: 0.0000
Epoch 7230 | Val Loss: 0.3488 | Val Cost:    0.00 | Val Max P-Miss: 0.2154 | Val Max Q-Miss: 0.0120 | Val Max Gen Viol: 0.0000 | Val Max Thermal: 0.0000
Epoch 7240 | Val Loss: 0.3488 | Val Cost:    0.00 | Val Max P-Miss: 0.2173 | Val Max Q-Miss: 0.0120 | Val Max Gen Viol: 0.0000 | Val Max Thermal: 0.0000
Epoch 7250 | Val Loss: 0.3493 | Val Cost:    0.00 | Val Max P-Miss: 0.2176 | Val Max Q-Miss: 0.0083 | Val Max Gen Viol: 0.0000 | Val Max Thermal: 0.0000
Epoch 7260 | Val Loss: 0.3487 | Val Cost:    0.00 | Val Max P-Miss: 0.2170 | Val Max Q-Miss: 0.0126 | Val Max Gen Viol: 0.0000 | Val Max Thermal: 0.0000
Epoch 7270 | Val Loss: 0.3488 | Val Cost:    0.00 | Val Max P-Miss: 0.2164 | Val Max Q-Miss: 0.0133 | Val Max Gen Viol: 0.0000 | Val Max Thermal: 0.0000
Epoch 7280 | Val Loss: 0.3488 | Val Cost:    0.00 | Val Max P-Miss: 0.2195 | Val Max Q-Miss: 0.0121 | Val Max Gen Viol: 0.0000 | Val Max Thermal: 0.0000
Epoch 7290 | Val Loss: 0.3487 | Val Cost:    0.00 | Val Max P-Miss: 0.2170 | Val Max Q-Miss: 0.0131 | Val Max Gen Viol: 0.0000 | Val Max Thermal: 0.0000
Epoch 7300 | Val Loss: 0.3488 | Val Cost:    0.00 | Val Max P-Miss: 0.2209 | Val Max Q-Miss: 0.0102 | Val Max Gen Viol: 0.0000 | Val Max Thermal: 0.0000
Epoch 7310 | Val Loss: 0.3490 | Val Cost:    0.00 | Val Max P-Miss: 0.2161 | Val Max Q-Miss: 0.0133 | Val Max Gen Viol: 0.0000 | Val Max Thermal: 0.0000
Epoch 7320 | Val Loss: 0.3489 | Val Cost:    0.00 | Val Max P-Miss: 0.2195 | Val Max Q-Miss: 0.0119 | Val Max Gen Viol: 0.0000 | Val Max Thermal: 0.0000
Epoch 7330 | Val Loss: 0.3487 | Val Cost:    0.00 | Val Max P-Miss: 0.2179 | Val Max Q-Miss: 0.0118 | Val Max Gen Viol: 0.0000 | Val Max Thermal: 0.0000
Epoch 7340 | Val Loss: 0.3488 | Val Cost:    0.00 | Val Max P-Miss: 0.2144 | Val Max Q-Miss: 0.0119 | Val Max Gen Viol: 0.0000 | Val Max Thermal: 0.0000
Epoch 7350 | Val Loss: 0.3488 | Val Cost:    0.00 | Val Max P-Miss: 0.2167 | Val Max Q-Miss: 0.0110 | Val Max Gen Viol: 0.0000 | Val Max Thermal: 0.0000
Epoch 7360 | Val Loss: 0.3490 | Val Cost:    0.00 | Val Max P-Miss: 0.2182 | Val Max Q-Miss: 0.0132 | Val Max Gen Viol: 0.0000 | Val Max Thermal: 0.0000
Epoch 7370 | Val Loss: 0.3490 | Val Cost:    0.00 | Val Max P-Miss: 0.2202 | Val Max Q-Miss: 0.0132 | Val Max Gen Viol: 0.0000 | Val Max Thermal: 0.0000
Epoch 7380 | Val Loss: 0.3489 | Val Cost:    0.00 | Val Max P-Miss: 0.2189 | Val Max Q-Miss: 0.0106 | Val Max Gen Viol: 0.0000 | Val Max Thermal: 0.0000
Epoch 7390 | Val Loss: 0.3488 | Val Cost:    0.00 | Val Max P-Miss: 0.2184 | Val Max Q-Miss: 0.0108 | Val Max Gen Viol: 0.0000 | Val Max Thermal: 0.0000
Epoch 7400 | Val Loss: 0.3492 | Val Cost:    0.00 | Val Max P-Miss: 0.2197 | Val Max Q-Miss: 0.0141 | Val Max Gen Viol: 0.0000 | Val Max Thermal: 0.0000
Epoch 7410 | Val Loss: 0.3488 | Val Cost:    0.00 | Val Max P-Miss: 0.2180 | Val Max Q-Miss: 0.0111 | Val Max Gen Viol: 0.0000 | Val Max Thermal: 0.0000
Epoch 7420 | Val Loss: 0.3490 | Val Cost:    0.00 | Val Max P-Miss: 0.2149 | Val Max Q-Miss: 0.0114 | Val Max Gen Viol: 0.0000 | Val Max Thermal: 0.0000
Epoch 7430 | Val Loss: 0.3492 | Val Cost:    0.00 | Val Max P-Miss: 0.2175 | Val Max Q-Miss: 0.0110 | Val Max Gen Viol: 0.0000 | Val Max Thermal: 0.0000
Epoch 7440 | Val Loss: 0.3487 | Val Cost:    0.00 | Val Max P-Miss: 0.2172 | Val Max Q-Miss: 0.0119 | Val Max Gen Viol: 0.0000 | Val Max Thermal: 0.0000
Epoch 7450 | Val Loss: 0.3490 | Val Cost:    0.00 | Val Max P-Miss: 0.2141 | Val Max Q-Miss: 0.0136 | Val Max Gen Viol: 0.0000 | Val Max Thermal: 0.0000
Epoch 7460 | Val Loss: 0.3488 | Val Cost:    0.00 | Val Max P-Miss: 0.2189 | Val Max Q-Miss: 0.0122 | Val Max Gen Viol: 0.0000 | Val Max Thermal: 0.0000
Epoch 7470 | Val Loss: 0.3489 | Val Cost:    0.00 | Val Max P-Miss: 0.2196 | Val Max Q-Miss: 0.0121 | Val Max Gen Viol: 0.0000 | Val Max Thermal: 0.0000
Epoch 7480 | Val Loss: 0.3491 | Val Cost:    0.00 | Val Max P-Miss: 0.2144 | Val Max Q-Miss: 0.0108 | Val Max Gen Viol: 0.0000 | Val Max Thermal: 0.0000
Epoch 7490 | Val Loss: 0.3488 | Val Cost:    0.00 | Val Max P-Miss: 0.2186 | Val Max Q-Miss: 0.0131 | Val Max Gen Viol: 0.0000 | Val Max Thermal: 0.0000
Epoch 7500 | Val Loss: 0.3488 | Val Cost:    0.00 | Val Max P-Miss: 0.2189 | Val Max Q-Miss: 0.0127 | Val Max Gen Viol: 0.0000 | Val Max Thermal: 0.0000
Epoch 7510 | Val Loss: 0.3491 | Val Cost:    0.00 | Val Max P-Miss: 0.2185 | Val Max Q-Miss: 0.0100 | Val Max Gen Viol: 0.0000 | Val Max Thermal: 0.0000
Epoch 7520 | Val Loss: 0.3487 | Val Cost:    0.00 | Val Max P-Miss: 0.2163 | Val Max Q-Miss: 0.0125 | Val Max Gen Viol: 0.0000 | Val Max Thermal: 0.0000
Epoch 7530 | Val Loss: 0.3487 | Val Cost:    0.00 | Val Max P-Miss: 0.2184 | Val Max Q-Miss: 0.0127 | Val Max Gen Viol: 0.0000 | Val Max Thermal: 0.0000
Epoch 7540 | Val Loss: 0.3488 | Val Cost:    0.00 | Val Max P-Miss: 0.2185 | Val Max Q-Miss: 0.0117 | Val Max Gen Viol: 0.0000 | Val Max Thermal: 0.0000
Epoch 7550 | Val Loss: 0.3489 | Val Cost:    0.00 | Val Max P-Miss: 0.2177 | Val Max Q-Miss: 0.0135 | Val Max Gen Viol: 0.0000 | Val Max Thermal: 0.0000
Epoch 7560 | Val Loss: 0.3494 | Val Cost:    0.00 | Val Max P-Miss: 0.2238 | Val Max Q-Miss: 0.0098 | Val Max Gen Viol: 0.0000 | Val Max Thermal: 0.0000
Epoch 7570 | Val Loss: 0.3487 | Val Cost:    0.00 | Val Max P-Miss: 0.2179 | Val Max Q-Miss: 0.0128 | Val Max Gen Viol: 0.0000 | Val Max Thermal: 0.0000
Epoch 7580 | Val Loss: 0.3488 | Val Cost:    0.00 | Val Max P-Miss: 0.2192 | Val Max Q-Miss: 0.0123 | Val Max Gen Viol: 0.0000 | Val Max Thermal: 0.0000
Epoch 7590 | Val Loss: 0.3488 | Val Cost:    0.00 | Val Max P-Miss: 0.2177 | Val Max Q-Miss: 0.0134 | Val Max Gen Viol: 0.0000 | Val Max Thermal: 0.0000
Epoch 7600 | Val Loss: 0.3487 | Val Cost:    0.00 | Val Max P-Miss: 0.2181 | Val Max Q-Miss: 0.0117 | Val Max Gen Viol: 0.0000 | Val Max Thermal: 0.0000
Epoch 7610 | Val Loss: 0.3487 | Val Cost:    0.00 | Val Max P-Miss: 0.2165 | Val Max Q-Miss: 0.0125 | Val Max Gen Viol: 0.0000 | Val Max Thermal: 0.0000
Epoch 7620 | Val Loss: 0.3489 | Val Cost:    0.00 | Val Max P-Miss: 0.2178 | Val Max Q-Miss: 0.0100 | Val Max Gen Viol: 0.0000 | Val Max Thermal: 0.0000
Epoch 7630 | Val Loss: 0.3489 | Val Cost:    0.00 | Val Max P-Miss: 0.2187 | Val Max Q-Miss: 0.0125 | Val Max Gen Viol: 0.0000 | Val Max Thermal: 0.0000
Epoch 7640 | Val Loss: 0.3489 | Val Cost:    0.00 | Val Max P-Miss: 0.2133 | Val Max Q-Miss: 0.0119 | Val Max Gen Viol: 0.0000 | Val Max Thermal: 0.0000
Epoch 7650 | Val Loss: 0.3488 | Val Cost:    0.00 | Val Max P-Miss: 0.2143 | Val Max Q-Miss: 0.0113 | Val Max Gen Viol: 0.0000 | Val Max Thermal: 0.0000
Epoch 7660 | Val Loss: 0.3489 | Val Cost:    0.00 | Val Max P-Miss: 0.2198 | Val Max Q-Miss: 0.0113 | Val Max Gen Viol: 0.0000 | Val Max Thermal: 0.0000
Epoch 7670 | Val Loss: 0.3492 | Val Cost:    0.00 | Val Max P-Miss: 0.2204 | Val Max Q-Miss: 0.0115 | Val Max Gen Viol: 0.0000 | Val Max Thermal: 0.0000
Epoch 7680 | Val Loss: 0.3500 | Val Cost:    0.00 | Val Max P-Miss: 0.2259 | Val Max Q-Miss: 0.0133 | Val Max Gen Viol: 0.0000 | Val Max Thermal: 0.0000
Epoch 7690 | Val Loss: 0.3494 | Val Cost:    0.00 | Val Max P-Miss: 0.2219 | Val Max Q-Miss: 0.0114 | Val Max Gen Viol: 0.0000 | Val Max Thermal: 0.0000
Epoch 7700 | Val Loss: 0.3488 | Val Cost:    0.00 | Val Max P-Miss: 0.2172 | Val Max Q-Miss: 0.0127 | Val Max Gen Viol: 0.0000 | Val Max Thermal: 0.0000
Epoch 7710 | Val Loss: 0.3495 | Val Cost:    0.00 | Val Max P-Miss: 0.2258 | Val Max Q-Miss: 0.0122 | Val Max Gen Viol: 0.0000 | Val Max Thermal: 0.0000
Epoch 7720 | Val Loss: 0.3487 | Val Cost:    0.00 | Val Max P-Miss: 0.2171 | Val Max Q-Miss: 0.0127 | Val Max Gen Viol: 0.0000 | Val Max Thermal: 0.0000
Epoch 7730 | Val Loss: 0.3487 | Val Cost:    0.00 | Val Max P-Miss: 0.2177 | Val Max Q-Miss: 0.0121 | Val Max Gen Viol: 0.0000 | Val Max Thermal: 0.0000 [*SAVED BEST*]
Epoch 7740 | Val Loss: 0.3488 | Val Cost:    0.00 | Val Max P-Miss: 0.2157 | Val Max Q-Miss: 0.0128 | Val Max Gen Viol: 0.0000 | Val Max Thermal: 0.0000
Epoch 7750 | Val Loss: 0.3489 | Val Cost:    0.00 | Val Max P-Miss: 0.2189 | Val Max Q-Miss: 0.0095 | Val Max Gen Viol: 0.0000 | Val Max Thermal: 0.0000
Epoch 7760 | Val Loss: 0.3488 | Val Cost:    0.00 | Val Max P-Miss: 0.2138 | Val Max Q-Miss: 0.0127 | Val Max Gen Viol: 0.0000 | Val Max Thermal: 0.0000
Epoch 7770 | Val Loss: 0.3488 | Val Cost:    0.00 | Val Max P-Miss: 0.2188 | Val Max Q-Miss: 0.0110 | Val Max Gen Viol: 0.0000 | Val Max Thermal: 0.0000
Epoch 7780 | Val Loss: 0.3488 | Val Cost:    0.00 | Val Max P-Miss: 0.2161 | Val Max Q-Miss: 0.0124 | Val Max Gen Viol: 0.0000 | Val Max Thermal: 0.0000
Epoch 7790 | Val Loss: 0.3488 | Val Cost:    0.00 | Val Max P-Miss: 0.2211 | Val Max Q-Miss: 0.0099 | Val Max Gen Viol: 0.0000 | Val Max Thermal: 0.0000
Epoch 7800 | Val Loss: 0.3488 | Val Cost:    0.00 | Val Max P-Miss: 0.2166 | Val Max Q-Miss: 0.0103 | Val Max Gen Viol: 0.0000 | Val Max Thermal: 0.0000
Epoch 7810 | Val Loss: 0.3487 | Val Cost:    0.00 | Val Max P-Miss: 0.2167 | Val Max Q-Miss: 0.0124 | Val Max Gen Viol: 0.0000 | Val Max Thermal: 0.0000
Epoch 7820 | Val Loss: 0.3487 | Val Cost:    0.00 | Val Max P-Miss: 0.2176 | Val Max Q-Miss: 0.0118 | Val Max Gen Viol: 0.0000 | Val Max Thermal: 0.0000
Epoch 7830 | Val Loss: 0.3490 | Val Cost:    0.00 | Val Max P-Miss: 0.2169 | Val Max Q-Miss: 0.0125 | Val Max Gen Viol: 0.0000 | Val Max Thermal: 0.0000
Epoch 7840 | Val Loss: 0.3493 | Val Cost:    0.00 | Val Max P-Miss: 0.2200 | Val Max Q-Miss: 0.0109 | Val Max Gen Viol: 0.0000 | Val Max Thermal: 0.0000
Epoch 7850 | Val Loss: 0.3488 | Val Cost:    0.00 | Val Max P-Miss: 0.2161 | Val Max Q-Miss: 0.0101 | Val Max Gen Viol: 0.0000 | Val Max Thermal: 0.0000
Epoch 7860 | Val Loss: 0.3490 | Val Cost:    0.00 | Val Max P-Miss: 0.2212 | Val Max Q-Miss: 0.0126 | Val Max Gen Viol: 0.0000 | Val Max Thermal: 0.0000
Epoch 7870 | Val Loss: 0.3488 | Val Cost:    0.00 | Val Max P-Miss: 0.2138 | Val Max Q-Miss: 0.0117 | Val Max Gen Viol: 0.0000 | Val Max Thermal: 0.0000
Epoch 7880 | Val Loss: 0.3488 | Val Cost:    0.00 | Val Max P-Miss: 0.2156 | Val Max Q-Miss: 0.0126 | Val Max Gen Viol: 0.0000 | Val Max Thermal: 0.0000
Epoch 7890 | Val Loss: 0.3487 | Val Cost:    0.00 | Val Max P-Miss: 0.2184 | Val Max Q-Miss: 0.0118 | Val Max Gen Viol: 0.0000 | Val Max Thermal: 0.0000
Epoch 7900 | Val Loss: 0.3489 | Val Cost:    0.00 | Val Max P-Miss: 0.2180 | Val Max Q-Miss: 0.0114 | Val Max Gen Viol: 0.0000 | Val Max Thermal: 0.0000
Epoch 7910 | Val Loss: 0.3489 | Val Cost:    0.00 | Val Max P-Miss: 0.2140 | Val Max Q-Miss: 0.0120 | Val Max Gen Viol: 0.0000 | Val Max Thermal: 0.0000
Epoch 7920 | Val Loss: 0.3487 | Val Cost:    0.00 | Val Max P-Miss: 0.2174 | Val Max Q-Miss: 0.0123 | Val Max Gen Viol: 0.0000 | Val Max Thermal: 0.0000
Epoch 7930 | Val Loss: 0.3487 | Val Cost:    0.00 | Val Max P-Miss: 0.2169 | Val Max Q-Miss: 0.0125 | Val Max Gen Viol: 0.0000 | Val Max Thermal: 0.0000
Epoch 7940 | Val Loss: 0.3488 | Val Cost:    0.00 | Val Max P-Miss: 0.2200 | Val Max Q-Miss: 0.0117 | Val Max Gen Viol: 0.0000 | Val Max Thermal: 0.0000
Epoch 7950 | Val Loss: 0.3488 | Val Cost:    0.00 | Val Max P-Miss: 0.2187 | Val Max Q-Miss: 0.0132 | Val Max Gen Viol: 0.0000 | Val Max Thermal: 0.0000
Epoch 7960 | Val Loss: 0.3489 | Val Cost:    0.00 | Val Max P-Miss: 0.2138 | Val Max Q-Miss: 0.0127 | Val Max Gen Viol: 0.0000 | Val Max Thermal: 0.0000
Epoch 7970 | Val Loss: 0.3489 | Val Cost:    0.00 | Val Max P-Miss: 0.2153 | Val Max Q-Miss: 0.0116 | Val Max Gen Viol: 0.0000 | Val Max Thermal: 0.0000
Epoch 7980 | Val Loss: 0.3491 | Val Cost:    0.00 | Val Max P-Miss: 0.2144 | Val Max Q-Miss: 0.0106 | Val Max Gen Viol: 0.0000 | Val Max Thermal: 0.0000
Epoch 7990 | Val Loss: 0.3490 | Val Cost:    0.00 | Val Max P-Miss: 0.2159 | Val Max Q-Miss: 0.0090 | Val Max Gen Viol: 0.0000 | Val Max Thermal: 0.0000
Epoch 8000 | Val Loss: 0.3487 | Val Cost:    0.00 | Val Max P-Miss: 0.2160 | Val Max Q-Miss: 0.0123 | Val Max Gen Viol: 0.0000 | Val Max Thermal: 0.0000
Epoch 8010 | Val Loss: 0.3488 | Val Cost:    0.00 | Val Max P-Miss: 0.2165 | Val Max Q-Miss: 0.0120 | Val Max Gen Viol: 0.0000 | Val Max Thermal: 0.0000
Epoch 8020 | Val Loss: 0.3488 | Val Cost:    0.00 | Val Max P-Miss: 0.2193 | Val Max Q-Miss: 0.0122 | Val Max Gen Viol: 0.0000 | Val Max Thermal: 0.0000
Epoch 8030 | Val Loss: 0.3491 | Val Cost:    0.00 | Val Max P-Miss: 0.2195 | Val Max Q-Miss: 0.0110 | Val Max Gen Viol: 0.0000 | Val Max Thermal: 0.0000
Epoch 8040 | Val Loss: 0.3494 | Val Cost:    0.00 | Val Max P-Miss: 0.2214 | Val Max Q-Miss: 0.0103 | Val Max Gen Viol: 0.0000 | Val Max Thermal: 0.0000
Epoch 8050 | Val Loss: 0.3488 | Val Cost:    0.00 | Val Max P-Miss: 0.2164 | Val Max Q-Miss: 0.0132 | Val Max Gen Viol: 0.0000 | Val Max Thermal: 0.0000
Epoch 8060 | Val Loss: 0.3488 | Val Cost:    0.00 | Val Max P-Miss: 0.2166 | Val Max Q-Miss: 0.0127 | Val Max Gen Viol: 0.0000 | Val Max Thermal: 0.0000
Epoch 8070 | Val Loss: 0.3487 | Val Cost:    0.00 | Val Max P-Miss: 0.2179 | Val Max Q-Miss: 0.0125 | Val Max Gen Viol: 0.0000 | Val Max Thermal: 0.0000
Epoch 8080 | Val Loss: 0.3489 | Val Cost:    0.00 | Val Max P-Miss: 0.2166 | Val Max Q-Miss: 0.0102 | Val Max Gen Viol: 0.0000 | Val Max Thermal: 0.0000
Epoch 8090 | Val Loss: 0.3487 | Val Cost:    0.00 | Val Max P-Miss: 0.2167 | Val Max Q-Miss: 0.0125 | Val Max Gen Viol: 0.0000 | Val Max Thermal: 0.0000
Epoch 8100 | Val Loss: 0.3488 | Val Cost:    0.00 | Val Max P-Miss: 0.2176 | Val Max Q-Miss: 0.0127 | Val Max Gen Viol: 0.0000 | Val Max Thermal: 0.0000
Epoch 8110 | Val Loss: 0.3488 | Val Cost:    0.00 | Val Max P-Miss: 0.2168 | Val Max Q-Miss: 0.0125 | Val Max Gen Viol: 0.0000 | Val Max Thermal: 0.0000
Epoch 8120 | Val Loss: 0.3487 | Val Cost:    0.00 | Val Max P-Miss: 0.2164 | Val Max Q-Miss: 0.0128 | Val Max Gen Viol: 0.0000 | Val Max Thermal: 0.0000
Epoch 8130 | Val Loss: 0.3487 | Val Cost:    0.00 | Val Max P-Miss: 0.2167 | Val Max Q-Miss: 0.0121 | Val Max Gen Viol: 0.0000 | Val Max Thermal: 0.0000 [*SAVED BEST*]
Epoch 8140 | Val Loss: 0.3487 | Val Cost:    0.00 | Val Max P-Miss: 0.2184 | Val Max Q-Miss: 0.0125 | Val Max Gen Viol: 0.0000 | Val Max Thermal: 0.0000
Epoch 8150 | Val Loss: 0.3489 | Val Cost:    0.00 | Val Max P-Miss: 0.2163 | Val Max Q-Miss: 0.0128 | Val Max Gen Viol: 0.0000 | Val Max Thermal: 0.0000
Epoch 8160 | Val Loss: 0.3488 | Val Cost:    0.00 | Val Max P-Miss: 0.2162 | Val Max Q-Miss: 0.0110 | Val Max Gen Viol: 0.0000 | Val Max Thermal: 0.0000
Epoch 8170 | Val Loss: 0.3487 | Val Cost:    0.00 | Val Max P-Miss: 0.2155 | Val Max Q-Miss: 0.0119 | Val Max Gen Viol: 0.0000 | Val Max Thermal: 0.0000
Epoch 8180 | Val Loss: 0.3488 | Val Cost:    0.00 | Val Max P-Miss: 0.2190 | Val Max Q-Miss: 0.0127 | Val Max Gen Viol: 0.0000 | Val Max Thermal: 0.0000
Epoch 8190 | Val Loss: 0.3489 | Val Cost:    0.00 | Val Max P-Miss: 0.2194 | Val Max Q-Miss: 0.0122 | Val Max Gen Viol: 0.0000 | Val Max Thermal: 0.0000
Epoch 8200 | Val Loss: 0.3488 | Val Cost:    0.00 | Val Max P-Miss: 0.2163 | Val Max Q-Miss: 0.0131 | Val Max Gen Viol: 0.0000 | Val Max Thermal: 0.0000
Epoch 8210 | Val Loss: 0.3487 | Val Cost:    0.00 | Val Max P-Miss: 0.2162 | Val Max Q-Miss: 0.0117 | Val Max Gen Viol: 0.0000 | Val Max Thermal: 0.0000
Epoch 8220 | Val Loss: 0.3488 | Val Cost:    0.00 | Val Max P-Miss: 0.2167 | Val Max Q-Miss: 0.0112 | Val Max Gen Viol: 0.0000 | Val Max Thermal: 0.0000
Epoch 8230 | Val Loss: 0.3488 | Val Cost:    0.00 | Val Max P-Miss: 0.2186 | Val Max Q-Miss: 0.0117 | Val Max Gen Viol: 0.0000 | Val Max Thermal: 0.0000
Epoch 8240 | Val Loss: 0.3489 | Val Cost:    0.00 | Val Max P-Miss: 0.2154 | Val Max Q-Miss: 0.0136 | Val Max Gen Viol: 0.0000 | Val Max Thermal: 0.0000
Epoch 8250 | Val Loss: 0.3487 | Val Cost:    0.00 | Val Max P-Miss: 0.2170 | Val Max Q-Miss: 0.0123 | Val Max Gen Viol: 0.0000 | Val Max Thermal: 0.0000 [*SAVED BEST*]
Epoch 8260 | Val Loss: 0.3487 | Val Cost:    0.00 | Val Max P-Miss: 0.2171 | Val Max Q-Miss: 0.0130 | Val Max Gen Viol: 0.0000 | Val Max Thermal: 0.0000
Epoch 8270 | Val Loss: 0.3488 | Val Cost:    0.00 | Val Max P-Miss: 0.2209 | Val Max Q-Miss: 0.0119 | Val Max Gen Viol: 0.0000 | Val Max Thermal: 0.0000
Epoch 8280 | Val Loss: 0.3488 | Val Cost:    0.00 | Val Max P-Miss: 0.2155 | Val Max Q-Miss: 0.0121 | Val Max Gen Viol: 0.0000 | Val Max Thermal: 0.0000
Epoch 8290 | Val Loss: 0.3488 | Val Cost:    0.00 | Val Max P-Miss: 0.2174 | Val Max Q-Miss: 0.0122 | Val Max Gen Viol: 0.0000 | Val Max Thermal: 0.0000
Epoch 8300 | Val Loss: 0.3489 | Val Cost:    0.00 | Val Max P-Miss: 0.2200 | Val Max Q-Miss: 0.0103 | Val Max Gen Viol: 0.0000 | Val Max Thermal: 0.0000
Epoch 8310 | Val Loss: 0.3488 | Val Cost:    0.00 | Val Max P-Miss: 0.2153 | Val Max Q-Miss: 0.0125 | Val Max Gen Viol: 0.0000 | Val Max Thermal: 0.0000
Epoch 8320 | Val Loss: 0.3488 | Val Cost:    0.00 | Val Max P-Miss: 0.2183 | Val Max Q-Miss: 0.0127 | Val Max Gen Viol: 0.0000 | Val Max Thermal: 0.0000
Epoch 8330 | Val Loss: 0.3491 | Val Cost:    0.00 | Val Max P-Miss: 0.2174 | Val Max Q-Miss: 0.0126 | Val Max Gen Viol: 0.0000 | Val Max Thermal: 0.0000
Epoch 8340 | Val Loss: 0.3489 | Val Cost:    0.00 | Val Max P-Miss: 0.2133 | Val Max Q-Miss: 0.0122 | Val Max Gen Viol: 0.0000 | Val Max Thermal: 0.0000
Epoch 8350 | Val Loss: 0.3489 | Val Cost:    0.00 | Val Max P-Miss: 0.2153 | Val Max Q-Miss: 0.0123 | Val Max Gen Viol: 0.0000 | Val Max Thermal: 0.0000
Epoch 8360 | Val Loss: 0.3488 | Val Cost:    0.00 | Val Max P-Miss: 0.2169 | Val Max Q-Miss: 0.0130 | Val Max Gen Viol: 0.0000 | Val Max Thermal: 0.0000
Epoch 8370 | Val Loss: 0.3487 | Val Cost:    0.00 | Val Max P-Miss: 0.2168 | Val Max Q-Miss: 0.0122 | Val Max Gen Viol: 0.0000 | Val Max Thermal: 0.0000
Epoch 8380 | Val Loss: 0.3499 | Val Cost:    0.00 | Val Max P-Miss: 0.2254 | Val Max Q-Miss: 0.0101 | Val Max Gen Viol: 0.0000 | Val Max Thermal: 0.0000
Epoch 8390 | Val Loss: 0.3487 | Val Cost:    0.00 | Val Max P-Miss: 0.2168 | Val Max Q-Miss: 0.0128 | Val Max Gen Viol: 0.0000 | Val Max Thermal: 0.0000
Epoch 8400 | Val Loss: 0.3487 | Val Cost:    0.00 | Val Max P-Miss: 0.2168 | Val Max Q-Miss: 0.0123 | Val Max Gen Viol: 0.0000 | Val Max Thermal: 0.0000
Epoch 8410 | Val Loss: 0.3493 | Val Cost:    0.00 | Val Max P-Miss: 0.2200 | Val Max Q-Miss: 0.0116 | Val Max Gen Viol: 0.0000 | Val Max Thermal: 0.0000
Epoch 8420 | Val Loss: 0.3488 | Val Cost:    0.00 | Val Max P-Miss: 0.2157 | Val Max Q-Miss: 0.0135 | Val Max Gen Viol: 0.0000 | Val Max Thermal: 0.0000
Epoch 8430 | Val Loss: 0.3488 | Val Cost:    0.00 | Val Max P-Miss: 0.2162 | Val Max Q-Miss: 0.0109 | Val Max Gen Viol: 0.0000 | Val Max Thermal: 0.0000
Epoch 8440 | Val Loss: 0.3487 | Val Cost:    0.00 | Val Max P-Miss: 0.2153 | Val Max Q-Miss: 0.0124 | Val Max Gen Viol: 0.0000 | Val Max Thermal: 0.0000
Epoch 8450 | Val Loss: 0.3487 | Val Cost:    0.00 | Val Max P-Miss: 0.2162 | Val Max Q-Miss: 0.0126 | Val Max Gen Viol: 0.0000 | Val Max Thermal: 0.0000
Epoch 8460 | Val Loss: 0.3488 | Val Cost:    0.00 | Val Max P-Miss: 0.2196 | Val Max Q-Miss: 0.0117 | Val Max Gen Viol: 0.0000 | Val Max Thermal: 0.0000
Epoch 8470 | Val Loss: 0.3488 | Val Cost:    0.00 | Val Max P-Miss: 0.2196 | Val Max Q-Miss: 0.0122 | Val Max Gen Viol: 0.0000 | Val Max Thermal: 0.0000
Epoch 8480 | Val Loss: 0.3487 | Val Cost:    0.00 | Val Max P-Miss: 0.2162 | Val Max Q-Miss: 0.0111 | Val Max Gen Viol: 0.0000 | Val Max Thermal: 0.0000
Epoch 8490 | Val Loss: 0.3487 | Val Cost:    0.00 | Val Max P-Miss: 0.2165 | Val Max Q-Miss: 0.0118 | Val Max Gen Viol: 0.0000 | Val Max Thermal: 0.0000
Epoch 8500 | Val Loss: 0.3488 | Val Cost:    0.00 | Val Max P-Miss: 0.2187 | Val Max Q-Miss: 0.0119 | Val Max Gen Viol: 0.0000 | Val Max Thermal: 0.0000
Epoch 8510 | Val Loss: 0.3488 | Val Cost:    0.00 | Val Max P-Miss: 0.2189 | Val Max Q-Miss: 0.0120 | Val Max Gen Viol: 0.0000 | Val Max Thermal: 0.0000
Epoch 8520 | Val Loss: 0.3489 | Val Cost:    0.00 | Val Max P-Miss: 0.2173 | Val Max Q-Miss: 0.0118 | Val Max Gen Viol: 0.0000 | Val Max Thermal: 0.0000
Epoch 8530 | Val Loss: 0.3488 | Val Cost:    0.00 | Val Max P-Miss: 0.2187 | Val Max Q-Miss: 0.0133 | Val Max Gen Viol: 0.0000 | Val Max Thermal: 0.0000
Epoch 8540 | Val Loss: 0.3487 | Val Cost:    0.00 | Val Max P-Miss: 0.2165 | Val Max Q-Miss: 0.0127 | Val Max Gen Viol: 0.0000 | Val Max Thermal: 0.0000
Epoch 8550 | Val Loss: 0.3488 | Val Cost:    0.00 | Val Max P-Miss: 0.2171 | Val Max Q-Miss: 0.0138 | Val Max Gen Viol: 0.0000 | Val Max Thermal: 0.0000
Epoch 8560 | Val Loss: 0.3487 | Val Cost:    0.00 | Val Max P-Miss: 0.2193 | Val Max Q-Miss: 0.0117 | Val Max Gen Viol: 0.0000 | Val Max Thermal: 0.0000
Epoch 8570 | Val Loss: 0.3489 | Val Cost:    0.00 | Val Max P-Miss: 0.2148 | Val Max Q-Miss: 0.0127 | Val Max Gen Viol: 0.0000 | Val Max Thermal: 0.0000
Epoch 8580 | Val Loss: 0.3488 | Val Cost:    0.00 | Val Max P-Miss: 0.2175 | Val Max Q-Miss: 0.0128 | Val Max Gen Viol: 0.0000 | Val Max Thermal: 0.0000
Epoch 8590 | Val Loss: 0.3488 | Val Cost:    0.00 | Val Max P-Miss: 0.2184 | Val Max Q-Miss: 0.0125 | Val Max Gen Viol: 0.0000 | Val Max Thermal: 0.0000
Epoch 8600 | Val Loss: 0.3488 | Val Cost:    0.00 | Val Max P-Miss: 0.2144 | Val Max Q-Miss: 0.0125 | Val Max Gen Viol: 0.0000 | Val Max Thermal: 0.0000
Epoch 8610 | Val Loss: 0.3489 | Val Cost:    0.00 | Val Max P-Miss: 0.2155 | Val Max Q-Miss: 0.0141 | Val Max Gen Viol: 0.0000 | Val Max Thermal: 0.0000
Epoch 8620 | Val Loss: 0.3487 | Val Cost:    0.00 | Val Max P-Miss: 0.2159 | Val Max Q-Miss: 0.0121 | Val Max Gen Viol: 0.0000 | Val Max Thermal: 0.0000
Epoch 8630 | Val Loss: 0.3487 | Val Cost:    0.00 | Val Max P-Miss: 0.2164 | Val Max Q-Miss: 0.0114 | Val Max Gen Viol: 0.0000 | Val Max Thermal: 0.0000
Epoch 8640 | Val Loss: 0.3488 | Val Cost:    0.00 | Val Max P-Miss: 0.2164 | Val Max Q-Miss: 0.0125 | Val Max Gen Viol: 0.0000 | Val Max Thermal: 0.0000
Epoch 8650 | Val Loss: 0.3488 | Val Cost:    0.00 | Val Max P-Miss: 0.2181 | Val Max Q-Miss: 0.0125 | Val Max Gen Viol: 0.0000 | Val Max Thermal: 0.0000
Epoch 8660 | Val Loss: 0.3488 | Val Cost:    0.00 | Val Max P-Miss: 0.2187 | Val Max Q-Miss: 0.0119 | Val Max Gen Viol: 0.0000 | Val Max Thermal: 0.0000
Epoch 8670 | Val Loss: 0.3488 | Val Cost:    0.00 | Val Max P-Miss: 0.2138 | Val Max Q-Miss: 0.0124 | Val Max Gen Viol: 0.0000 | Val Max Thermal: 0.0000
Epoch 8680 | Val Loss: 0.3489 | Val Cost:    0.00 | Val Max P-Miss: 0.2180 | Val Max Q-Miss: 0.0124 | Val Max Gen Viol: 0.0000 | Val Max Thermal: 0.0000
Epoch 8690 | Val Loss: 0.3492 | Val Cost:    0.00 | Val Max P-Miss: 0.2194 | Val Max Q-Miss: 0.0104 | Val Max Gen Viol: 0.0000 | Val Max Thermal: 0.0000
Epoch 8700 | Val Loss: 0.3489 | Val Cost:    0.00 | Val Max P-Miss: 0.2198 | Val Max Q-Miss: 0.0111 | Val Max Gen Viol: 0.0000 | Val Max Thermal: 0.0000
Epoch 8710 | Val Loss: 0.3488 | Val Cost:    0.00 | Val Max P-Miss: 0.2216 | Val Max Q-Miss: 0.0115 | Val Max Gen Viol: 0.0000 | Val Max Thermal: 0.0000
Epoch 8720 | Val Loss: 0.3497 | Val Cost:    0.00 | Val Max P-Miss: 0.2265 | Val Max Q-Miss: 0.0107 | Val Max Gen Viol: 0.0000 | Val Max Thermal: 0.0000
Epoch 8730 | Val Loss: 0.3489 | Val Cost:    0.00 | Val Max P-Miss: 0.2169 | Val Max Q-Miss: 0.0102 | Val Max Gen Viol: 0.0000 | Val Max Thermal: 0.0000
Epoch 8740 | Val Loss: 0.3488 | Val Cost:    0.00 | Val Max P-Miss: 0.2158 | Val Max Q-Miss: 0.0110 | Val Max Gen Viol: 0.0000 | Val Max Thermal: 0.0000
Epoch 8750 | Val Loss: 0.3488 | Val Cost:    0.00 | Val Max P-Miss: 0.2178 | Val Max Q-Miss: 0.0105 | Val Max Gen Viol: 0.0000 | Val Max Thermal: 0.0000
Epoch 8760 | Val Loss: 0.3489 | Val Cost:    0.00 | Val Max P-Miss: 0.2165 | Val Max Q-Miss: 0.0101 | Val Max Gen Viol: 0.0000 | Val Max Thermal: 0.0000
Epoch 8770 | Val Loss: 0.3488 | Val Cost:    0.00 | Val Max P-Miss: 0.2198 | Val Max Q-Miss: 0.0123 | Val Max Gen Viol: 0.0000 | Val Max Thermal: 0.0000
Epoch 8780 | Val Loss: 0.3488 | Val Cost:    0.00 | Val Max P-Miss: 0.2183 | Val Max Q-Miss: 0.0122 | Val Max Gen Viol: 0.0000 | Val Max Thermal: 0.0000
Epoch 8790 | Val Loss: 0.3487 | Val Cost:    0.00 | Val Max P-Miss: 0.2164 | Val Max Q-Miss: 0.0119 | Val Max Gen Viol: 0.0000 | Val Max Thermal: 0.0000
Epoch 8800 | Val Loss: 0.3488 | Val Cost:    0.00 | Val Max P-Miss: 0.2166 | Val Max Q-Miss: 0.0122 | Val Max Gen Viol: 0.0000 | Val Max Thermal: 0.0000
Epoch 8810 | Val Loss: 0.3487 | Val Cost:    0.00 | Val Max P-Miss: 0.2184 | Val Max Q-Miss: 0.0119 | Val Max Gen Viol: 0.0000 | Val Max Thermal: 0.0000
Epoch 8820 | Val Loss: 0.3488 | Val Cost:    0.00 | Val Max P-Miss: 0.2163 | Val Max Q-Miss: 0.0114 | Val Max Gen Viol: 0.0000 | Val Max Thermal: 0.0000
Epoch 8830 | Val Loss: 0.3488 | Val Cost:    0.00 | Val Max P-Miss: 0.2133 | Val Max Q-Miss: 0.0135 | Val Max Gen Viol: 0.0000 | Val Max Thermal: 0.0000
Epoch 8840 | Val Loss: 0.3487 | Val Cost:    0.00 | Val Max P-Miss: 0.2158 | Val Max Q-Miss: 0.0127 | Val Max Gen Viol: 0.0000 | Val Max Thermal: 0.0000
Epoch 8850 | Val Loss: 0.3488 | Val Cost:    0.00 | Val Max P-Miss: 0.2182 | Val Max Q-Miss: 0.0125 | Val Max Gen Viol: 0.0000 | Val Max Thermal: 0.0000
Epoch 8860 | Val Loss: 0.3488 | Val Cost:    0.00 | Val Max P-Miss: 0.2148 | Val Max Q-Miss: 0.0119 | Val Max Gen Viol: 0.0000 | Val Max Thermal: 0.0000
Epoch 8870 | Val Loss: 0.3488 | Val Cost:    0.00 | Val Max P-Miss: 0.2180 | Val Max Q-Miss: 0.0116 | Val Max Gen Viol: 0.0000 | Val Max Thermal: 0.0000
Epoch 8880 | Val Loss: 0.3487 | Val Cost:    0.00 | Val Max P-Miss: 0.2155 | Val Max Q-Miss: 0.0121 | Val Max Gen Viol: 0.0000 | Val Max Thermal: 0.0000
Epoch 8890 | Val Loss: 0.3488 | Val Cost:    0.00 | Val Max P-Miss: 0.2168 | Val Max Q-Miss: 0.0132 | Val Max Gen Viol: 0.0000 | Val Max Thermal: 0.0000
Epoch 8900 | Val Loss: 0.3489 | Val Cost:    0.00 | Val Max P-Miss: 0.2152 | Val Max Q-Miss: 0.0139 | Val Max Gen Viol: 0.0000 | Val Max Thermal: 0.0000
Epoch 8910 | Val Loss: 0.3489 | Val Cost:    0.00 | Val Max P-Miss: 0.2196 | Val Max Q-Miss: 0.0130 | Val Max Gen Viol: 0.0000 | Val Max Thermal: 0.0000
Epoch 8920 | Val Loss: 0.3487 | Val Cost:    0.00 | Val Max P-Miss: 0.2182 | Val Max Q-Miss: 0.0120 | Val Max Gen Viol: 0.0000 | Val Max Thermal: 0.0000
Epoch 8930 | Val Loss: 0.3489 | Val Cost:    0.00 | Val Max P-Miss: 0.2206 | Val Max Q-Miss: 0.0115 | Val Max Gen Viol: 0.0000 | Val Max Thermal: 0.0000
Epoch 8940 | Val Loss: 0.3487 | Val Cost:    0.00 | Val Max P-Miss: 0.2147 | Val Max Q-Miss: 0.0121 | Val Max Gen Viol: 0.0000 | Val Max Thermal: 0.0000
Epoch 8950 | Val Loss: 0.3487 | Val Cost:    0.00 | Val Max P-Miss: 0.2151 | Val Max Q-Miss: 0.0117 | Val Max Gen Viol: 0.0000 | Val Max Thermal: 0.0000
Epoch 8960 | Val Loss: 0.3488 | Val Cost:    0.00 | Val Max P-Miss: 0.2162 | Val Max Q-Miss: 0.0126 | Val Max Gen Viol: 0.0000 | Val Max Thermal: 0.0000
Epoch 8970 | Val Loss: 0.3488 | Val Cost:    0.00 | Val Max P-Miss: 0.2134 | Val Max Q-Miss: 0.0125 | Val Max Gen Viol: 0.0000 | Val Max Thermal: 0.0000
Epoch 8980 | Val Loss: 0.3488 | Val Cost:    0.00 | Val Max P-Miss: 0.2191 | Val Max Q-Miss: 0.0112 | Val Max Gen Viol: 0.0000 | Val Max Thermal: 0.0000
Epoch 8990 | Val Loss: 0.3488 | Val Cost:    0.00 | Val Max P-Miss: 0.2148 | Val Max Q-Miss: 0.0114 | Val Max Gen Viol: 0.0000 | Val Max Thermal: 0.0000
Epoch 9000 | Val Loss: 0.3488 | Val Cost:    0.00 | Val Max P-Miss: 0.2140 | Val Max Q-Miss: 0.0128 | Val Max Gen Viol: 0.0000 | Val Max Thermal: 0.0000
Epoch 9010 | Val Loss: 0.3489 | Val Cost:    0.00 | Val Max P-Miss: 0.2146 | Val Max Q-Miss: 0.0101 | Val Max Gen Viol: 0.0000 | Val Max Thermal: 0.0000
Epoch 9020 | Val Loss: 0.3488 | Val Cost:    0.00 | Val Max P-Miss: 0.2164 | Val Max Q-Miss: 0.0107 | Val Max Gen Viol: 0.0000 | Val Max Thermal: 0.0000
Epoch 9030 | Val Loss: 0.3487 | Val Cost:    0.00 | Val Max P-Miss: 0.2166 | Val Max Q-Miss: 0.0126 | Val Max Gen Viol: 0.0000 | Val Max Thermal: 0.0000
Epoch 9040 | Val Loss: 0.3489 | Val Cost:    0.00 | Val Max P-Miss: 0.2200 | Val Max Q-Miss: 0.0114 | Val Max Gen Viol: 0.0000 | Val Max Thermal: 0.0000
Epoch 9050 | Val Loss: 0.3488 | Val Cost:    0.00 | Val Max P-Miss: 0.2160 | Val Max Q-Miss: 0.0124 | Val Max Gen Viol: 0.0000 | Val Max Thermal: 0.0000
Epoch 9060 | Val Loss: 0.3488 | Val Cost:    0.00 | Val Max P-Miss: 0.2161 | Val Max Q-Miss: 0.0130 | Val Max Gen Viol: 0.0000 | Val Max Thermal: 0.0000
Epoch 9070 | Val Loss: 0.3487 | Val Cost:    0.00 | Val Max P-Miss: 0.2169 | Val Max Q-Miss: 0.0120 | Val Max Gen Viol: 0.0000 | Val Max Thermal: 0.0000 [*SAVED BEST*]
Epoch 9080 | Val Loss: 0.3487 | Val Cost:    0.00 | Val Max P-Miss: 0.2172 | Val Max Q-Miss: 0.0120 | Val Max Gen Viol: 0.0000 | Val Max Thermal: 0.0000
Epoch 9090 | Val Loss: 0.3488 | Val Cost:    0.00 | Val Max P-Miss: 0.2127 | Val Max Q-Miss: 0.0114 | Val Max Gen Viol: 0.0000 | Val Max Thermal: 0.0000
Epoch 9100 | Val Loss: 0.3488 | Val Cost:    0.00 | Val Max P-Miss: 0.2169 | Val Max Q-Miss: 0.0114 | Val Max Gen Viol: 0.0000 | Val Max Thermal: 0.0000
Epoch 9110 | Val Loss: 0.3492 | Val Cost:    0.00 | Val Max P-Miss: 0.2188 | Val Max Q-Miss: 0.0104 | Val Max Gen Viol: 0.0000 | Val Max Thermal: 0.0000
Epoch 9120 | Val Loss: 0.3491 | Val Cost:    0.00 | Val Max P-Miss: 0.2219 | Val Max Q-Miss: 0.0117 | Val Max Gen Viol: 0.0000 | Val Max Thermal: 0.0000
Epoch 9130 | Val Loss: 0.3489 | Val Cost:    0.00 | Val Max P-Miss: 0.2179 | Val Max Q-Miss: 0.0120 | Val Max Gen Viol: 0.0000 | Val Max Thermal: 0.0000
Epoch 9140 | Val Loss: 0.3488 | Val Cost:    0.00 | Val Max P-Miss: 0.2191 | Val Max Q-Miss: 0.0129 | Val Max Gen Viol: 0.0000 | Val Max Thermal: 0.0000
Epoch 9150 | Val Loss: 0.3488 | Val Cost:    0.00 | Val Max P-Miss: 0.2143 | Val Max Q-Miss: 0.0124 | Val Max Gen Viol: 0.0000 | Val Max Thermal: 0.0000
Epoch 9160 | Val Loss: 0.3488 | Val Cost:    0.00 | Val Max P-Miss: 0.2154 | Val Max Q-Miss: 0.0129 | Val Max Gen Viol: 0.0000 | Val Max Thermal: 0.0000
Epoch 9170 | Val Loss: 0.3488 | Val Cost:    0.00 | Val Max P-Miss: 0.2181 | Val Max Q-Miss: 0.0117 | Val Max Gen Viol: 0.0000 | Val Max Thermal: 0.0000
Epoch 9180 | Val Loss: 0.3487 | Val Cost:    0.00 | Val Max P-Miss: 0.2175 | Val Max Q-Miss: 0.0125 | Val Max Gen Viol: 0.0000 | Val Max Thermal: 0.0000
Epoch 9190 | Val Loss: 0.3488 | Val Cost:    0.00 | Val Max P-Miss: 0.2159 | Val Max Q-Miss: 0.0103 | Val Max Gen Viol: 0.0000 | Val Max Thermal: 0.0000
Epoch 9200 | Val Loss: 0.3488 | Val Cost:    0.00 | Val Max P-Miss: 0.2144 | Val Max Q-Miss: 0.0114 | Val Max Gen Viol: 0.0000 | Val Max Thermal: 0.0000
Epoch 9210 | Val Loss: 0.3488 | Val Cost:    0.00 | Val Max P-Miss: 0.2166 | Val Max Q-Miss: 0.0134 | Val Max Gen Viol: 0.0000 | Val Max Thermal: 0.0000
Epoch 9220 | Val Loss: 0.3488 | Val Cost:    0.00 | Val Max P-Miss: 0.2142 | Val Max Q-Miss: 0.0117 | Val Max Gen Viol: 0.0000 | Val Max Thermal: 0.0000
Epoch 9230 | Val Loss: 0.3488 | Val Cost:    0.00 | Val Max P-Miss: 0.2173 | Val Max Q-Miss: 0.0112 | Val Max Gen Viol: 0.0000 | Val Max Thermal: 0.0000
Epoch 9240 | Val Loss: 0.3489 | Val Cost:    0.00 | Val Max P-Miss: 0.2159 | Val Max Q-Miss: 0.0136 | Val Max Gen Viol: 0.0000 | Val Max Thermal: 0.0000
Epoch 9250 | Val Loss: 0.3489 | Val Cost:    0.00 | Val Max P-Miss: 0.2146 | Val Max Q-Miss: 0.0114 | Val Max Gen Viol: 0.0000 | Val Max Thermal: 0.0000
Epoch 9260 | Val Loss: 0.3488 | Val Cost:    0.00 | Val Max P-Miss: 0.2147 | Val Max Q-Miss: 0.0113 | Val Max Gen Viol: 0.0000 | Val Max Thermal: 0.0000
Epoch 9270 | Val Loss: 0.3489 | Val Cost:    0.00 | Val Max P-Miss: 0.2152 | Val Max Q-Miss: 0.0112 | Val Max Gen Viol: 0.0000 | Val Max Thermal: 0.0000
Epoch 9280 | Val Loss: 0.3487 | Val Cost:    0.00 | Val Max P-Miss: 0.2159 | Val Max Q-Miss: 0.0120 | Val Max Gen Viol: 0.0000 | Val Max Thermal: 0.0000
Epoch 9290 | Val Loss: 0.3490 | Val Cost:    0.00 | Val Max P-Miss: 0.2190 | Val Max Q-Miss: 0.0113 | Val Max Gen Viol: 0.0000 | Val Max Thermal: 0.0000
Epoch 9300 | Val Loss: 0.3487 | Val Cost:    0.00 | Val Max P-Miss: 0.2171 | Val Max Q-Miss: 0.0116 | Val Max Gen Viol: 0.0000 | Val Max Thermal: 0.0000
Epoch 9310 | Val Loss: 0.3488 | Val Cost:    0.00 | Val Max P-Miss: 0.2136 | Val Max Q-Miss: 0.0115 | Val Max Gen Viol: 0.0000 | Val Max Thermal: 0.0000
Epoch 9320 | Val Loss: 0.3487 | Val Cost:    0.00 | Val Max P-Miss: 0.2172 | Val Max Q-Miss: 0.0122 | Val Max Gen Viol: 0.0000 | Val Max Thermal: 0.0000
Epoch 9330 | Val Loss: 0.3488 | Val Cost:    0.00 | Val Max P-Miss: 0.2168 | Val Max Q-Miss: 0.0127 | Val Max Gen Viol: 0.0000 | Val Max Thermal: 0.0000
Epoch 9340 | Val Loss: 0.3488 | Val Cost:    0.00 | Val Max P-Miss: 0.2185 | Val Max Q-Miss: 0.0122 | Val Max Gen Viol: 0.0000 | Val Max Thermal: 0.0000
Epoch 9350 | Val Loss: 0.3488 | Val Cost:    0.00 | Val Max P-Miss: 0.2174 | Val Max Q-Miss: 0.0120 | Val Max Gen Viol: 0.0000 | Val Max Thermal: 0.0000
Epoch 9360 | Val Loss: 0.3488 | Val Cost:    0.00 | Val Max P-Miss: 0.2167 | Val Max Q-Miss: 0.0119 | Val Max Gen Viol: 0.0000 | Val Max Thermal: 0.0000
Epoch 9370 | Val Loss: 0.3491 | Val Cost:    0.00 | Val Max P-Miss: 0.2137 | Val Max Q-Miss: 0.0090 | Val Max Gen Viol: 0.0000 | Val Max Thermal: 0.0000
Epoch 9380 | Val Loss: 0.3488 | Val Cost:    0.00 | Val Max P-Miss: 0.2135 | Val Max Q-Miss: 0.0114 | Val Max Gen Viol: 0.0000 | Val Max Thermal: 0.0000
Epoch 9390 | Val Loss: 0.3489 | Val Cost:    0.00 | Val Max P-Miss: 0.2183 | Val Max Q-Miss: 0.0134 | Val Max Gen Viol: 0.0000 | Val Max Thermal: 0.0000
Epoch 9400 | Val Loss: 0.3488 | Val Cost:    0.00 | Val Max P-Miss: 0.2191 | Val Max Q-Miss: 0.0111 | Val Max Gen Viol: 0.0000 | Val Max Thermal: 0.0000
Epoch 9410 | Val Loss: 0.3488 | Val Cost:    0.00 | Val Max P-Miss: 0.2151 | Val Max Q-Miss: 0.0120 | Val Max Gen Viol: 0.0000 | Val Max Thermal: 0.0000
Epoch 9420 | Val Loss: 0.3488 | Val Cost:    0.00 | Val Max P-Miss: 0.2207 | Val Max Q-Miss: 0.0107 | Val Max Gen Viol: 0.0000 | Val Max Thermal: 0.0000
Epoch 9430 | Val Loss: 0.3491 | Val Cost:    0.00 | Val Max P-Miss: 0.2214 | Val Max Q-Miss: 0.0104 | Val Max Gen Viol: 0.0000 | Val Max Thermal: 0.0000
Epoch 9440 | Val Loss: 0.3491 | Val Cost:    0.00 | Val Max P-Miss: 0.2218 | Val Max Q-Miss: 0.0120 | Val Max Gen Viol: 0.0000 | Val Max Thermal: 0.0000
Epoch 9450 | Val Loss: 0.3489 | Val Cost:    0.00 | Val Max P-Miss: 0.2195 | Val Max Q-Miss: 0.0094 | Val Max Gen Viol: 0.0000 | Val Max Thermal: 0.0000
Epoch 9460 | Val Loss: 0.3488 | Val Cost:    0.00 | Val Max P-Miss: 0.2173 | Val Max Q-Miss: 0.0117 | Val Max Gen Viol: 0.0000 | Val Max Thermal: 0.0000
Epoch 9470 | Val Loss: 0.3487 | Val Cost:    0.00 | Val Max P-Miss: 0.2169 | Val Max Q-Miss: 0.0117 | Val Max Gen Viol: 0.0000 | Val Max Thermal: 0.0000
Epoch 9480 | Val Loss: 0.3487 | Val Cost:    0.00 | Val Max P-Miss: 0.2160 | Val Max Q-Miss: 0.0118 | Val Max Gen Viol: 0.0000 | Val Max Thermal: 0.0000
Epoch 9490 | Val Loss: 0.3488 | Val Cost:    0.00 | Val Max P-Miss: 0.2161 | Val Max Q-Miss: 0.0131 | Val Max Gen Viol: 0.0000 | Val Max Thermal: 0.0000
Epoch 9500 | Val Loss: 0.3487 | Val Cost:    0.00 | Val Max P-Miss: 0.2153 | Val Max Q-Miss: 0.0117 | Val Max Gen Viol: 0.0000 | Val Max Thermal: 0.0000
Epoch 9510 | Val Loss: 0.3489 | Val Cost:    0.00 | Val Max P-Miss: 0.2191 | Val Max Q-Miss: 0.0112 | Val Max Gen Viol: 0.0000 | Val Max Thermal: 0.0000
Epoch 9520 | Val Loss: 0.3489 | Val Cost:    0.00 | Val Max P-Miss: 0.2177 | Val Max Q-Miss: 0.0097 | Val Max Gen Viol: 0.0000 | Val Max Thermal: 0.0000
Epoch 9530 | Val Loss: 0.3487 | Val Cost:    0.00 | Val Max P-Miss: 0.2180 | Val Max Q-Miss: 0.0118 | Val Max Gen Viol: 0.0000 | Val Max Thermal: 0.0000
Epoch 9540 | Val Loss: 0.3488 | Val Cost:    0.00 | Val Max P-Miss: 0.2172 | Val Max Q-Miss: 0.0123 | Val Max Gen Viol: 0.0000 | Val Max Thermal: 0.0000
Epoch 9550 | Val Loss: 0.3487 | Val Cost:    0.00 | Val Max P-Miss: 0.2178 | Val Max Q-Miss: 0.0119 | Val Max Gen Viol: 0.0000 | Val Max Thermal: 0.0000
Epoch 9560 | Val Loss: 0.3487 | Val Cost:    0.00 | Val Max P-Miss: 0.2167 | Val Max Q-Miss: 0.0120 | Val Max Gen Viol: 0.0000 | Val Max Thermal: 0.0000
Epoch 9570 | Val Loss: 0.3488 | Val Cost:    0.00 | Val Max P-Miss: 0.2169 | Val Max Q-Miss: 0.0109 | Val Max Gen Viol: 0.0000 | Val Max Thermal: 0.0000
Epoch 9580 | Val Loss: 0.3489 | Val Cost:    0.00 | Val Max P-Miss: 0.2164 | Val Max Q-Miss: 0.0134 | Val Max Gen Viol: 0.0000 | Val Max Thermal: 0.0000
Epoch 9590 | Val Loss: 0.3487 | Val Cost:    0.00 | Val Max P-Miss: 0.2186 | Val Max Q-Miss: 0.0101 | Val Max Gen Viol: 0.0000 | Val Max Thermal: 0.0000
Epoch 9600 | Val Loss: 0.3487 | Val Cost:    0.00 | Val Max P-Miss: 0.2165 | Val Max Q-Miss: 0.0120 | Val Max Gen Viol: 0.0000 | Val Max Thermal: 0.0000
Epoch 9610 | Val Loss: 0.3489 | Val Cost:    0.00 | Val Max P-Miss: 0.2135 | Val Max Q-Miss: 0.0113 | Val Max Gen Viol: 0.0000 | Val Max Thermal: 0.0000
Epoch 9620 | Val Loss: 0.3487 | Val Cost:    0.00 | Val Max P-Miss: 0.2157 | Val Max Q-Miss: 0.0120 | Val Max Gen Viol: 0.0000 | Val Max Thermal: 0.0000
Epoch 9630 | Val Loss: 0.3488 | Val Cost:    0.00 | Val Max P-Miss: 0.2164 | Val Max Q-Miss: 0.0106 | Val Max Gen Viol: 0.0000 | Val Max Thermal: 0.0000
Epoch 9640 | Val Loss: 0.3487 | Val Cost:    0.00 | Val Max P-Miss: 0.2159 | Val Max Q-Miss: 0.0118 | Val Max Gen Viol: 0.0000 | Val Max Thermal: 0.0000
Epoch 9650 | Val Loss: 0.3491 | Val Cost:    0.00 | Val Max P-Miss: 0.2146 | Val Max Q-Miss: 0.0089 | Val Max Gen Viol: 0.0000 | Val Max Thermal: 0.0000
Epoch 9660 | Val Loss: 0.3489 | Val Cost:    0.00 | Val Max P-Miss: 0.2169 | Val Max Q-Miss: 0.0095 | Val Max Gen Viol: 0.0000 | Val Max Thermal: 0.0000
Epoch 9670 | Val Loss: 0.3488 | Val Cost:    0.00 | Val Max P-Miss: 0.2144 | Val Max Q-Miss: 0.0103 | Val Max Gen Viol: 0.0000 | Val Max Thermal: 0.0000
Epoch 9680 | Val Loss: 0.3493 | Val Cost:    0.00 | Val Max P-Miss: 0.2208 | Val Max Q-Miss: 0.0123 | Val Max Gen Viol: 0.0000 | Val Max Thermal: 0.0000
Epoch 9690 | Val Loss: 0.3488 | Val Cost:    0.00 | Val Max P-Miss: 0.2141 | Val Max Q-Miss: 0.0114 | Val Max Gen Viol: 0.0000 | Val Max Thermal: 0.0000
Epoch 9700 | Val Loss: 0.3488 | Val Cost:    0.00 | Val Max P-Miss: 0.2174 | Val Max Q-Miss: 0.0108 | Val Max Gen Viol: 0.0000 | Val Max Thermal: 0.0000
Epoch 9710 | Val Loss: 0.3488 | Val Cost:    0.00 | Val Max P-Miss: 0.2144 | Val Max Q-Miss: 0.0114 | Val Max Gen Viol: 0.0000 | Val Max Thermal: 0.0000
Epoch 9720 | Val Loss: 0.3491 | Val Cost:    0.00 | Val Max P-Miss: 0.2220 | Val Max Q-Miss: 0.0101 | Val Max Gen Viol: 0.0000 | Val Max Thermal: 0.0000
Epoch 9730 | Val Loss: 0.3488 | Val Cost:    0.00 | Val Max P-Miss: 0.2172 | Val Max Q-Miss: 0.0129 | Val Max Gen Viol: 0.0000 | Val Max Thermal: 0.0000
Epoch 9740 | Val Loss: 0.3489 | Val Cost:    0.00 | Val Max P-Miss: 0.2209 | Val Max Q-Miss: 0.0120 | Val Max Gen Viol: 0.0000 | Val Max Thermal: 0.0000
Epoch 9750 | Val Loss: 0.3488 | Val Cost:    0.00 | Val Max P-Miss: 0.2178 | Val Max Q-Miss: 0.0127 | Val Max Gen Viol: 0.0000 | Val Max Thermal: 0.0000
Epoch 9760 | Val Loss: 0.3488 | Val Cost:    0.00 | Val Max P-Miss: 0.2137 | Val Max Q-Miss: 0.0114 | Val Max Gen Viol: 0.0000 | Val Max Thermal: 0.0000
Epoch 9770 | Val Loss: 0.3488 | Val Cost:    0.00 | Val Max P-Miss: 0.2136 | Val Max Q-Miss: 0.0107 | Val Max Gen Viol: 0.0000 | Val Max Thermal: 0.0000
Epoch 9780 | Val Loss: 0.3490 | Val Cost:    0.00 | Val Max P-Miss: 0.2194 | Val Max Q-Miss: 0.0110 | Val Max Gen Viol: 0.0000 | Val Max Thermal: 0.0000
Epoch 9790 | Val Loss: 0.3488 | Val Cost:    0.00 | Val Max P-Miss: 0.2161 | Val Max Q-Miss: 0.0103 | Val Max Gen Viol: 0.0000 | Val Max Thermal: 0.0000
Epoch 9800 | Val Loss: 0.3489 | Val Cost:    0.00 | Val Max P-Miss: 0.2146 | Val Max Q-Miss: 0.0096 | Val Max Gen Viol: 0.0000 | Val Max Thermal: 0.0000
Epoch 9810 | Val Loss: 0.3487 | Val Cost:    0.00 | Val Max P-Miss: 0.2182 | Val Max Q-Miss: 0.0124 | Val Max Gen Viol: 0.0000 | Val Max Thermal: 0.0000
Epoch 9820 | Val Loss: 0.3488 | Val Cost:    0.00 | Val Max P-Miss: 0.2181 | Val Max Q-Miss: 0.0129 | Val Max Gen Viol: 0.0000 | Val Max Thermal: 0.0000
Epoch 9830 | Val Loss: 0.3488 | Val Cost:    0.00 | Val Max P-Miss: 0.2200 | Val Max Q-Miss: 0.0115 | Val Max Gen Viol: 0.0000 | Val Max Thermal: 0.0000
Epoch 9840 | Val Loss: 0.3488 | Val Cost:    0.00 | Val Max P-Miss: 0.2174 | Val Max Q-Miss: 0.0122 | Val Max Gen Viol: 0.0000 | Val Max Thermal: 0.0000
Epoch 9850 | Val Loss: 0.3488 | Val Cost:    0.00 | Val Max P-Miss: 0.2152 | Val Max Q-Miss: 0.0116 | Val Max Gen Viol: 0.0000 | Val Max Thermal: 0.0000
Epoch 9860 | Val Loss: 0.3489 | Val Cost:    0.00 | Val Max P-Miss: 0.2206 | Val Max Q-Miss: 0.0110 | Val Max Gen Viol: 0.0000 | Val Max Thermal: 0.0000
Epoch 9870 | Val Loss: 0.3488 | Val Cost:    0.00 | Val Max P-Miss: 0.2181 | Val Max Q-Miss: 0.0116 | Val Max Gen Viol: 0.0000 | Val Max Thermal: 0.0000
Epoch 9880 | Val Loss: 0.3489 | Val Cost:    0.00 | Val Max P-Miss: 0.2157 | Val Max Q-Miss: 0.0107 | Val Max Gen Viol: 0.0000 | Val Max Thermal: 0.0000
Epoch 9890 | Val Loss: 0.3487 | Val Cost:    0.00 | Val Max P-Miss: 0.2154 | Val Max Q-Miss: 0.0117 | Val Max Gen Viol: 0.0000 | Val Max Thermal: 0.0000
Epoch 9900 | Val Loss: 0.3487 | Val Cost:    0.00 | Val Max P-Miss: 0.2178 | Val Max Q-Miss: 0.0114 | Val Max Gen Viol: 0.0000 | Val Max Thermal: 0.0000
Epoch 9910 | Val Loss: 0.3490 | Val Cost:    0.00 | Val Max P-Miss: 0.2174 | Val Max Q-Miss: 0.0114 | Val Max Gen Viol: 0.0000 | Val Max Thermal: 0.0000
Epoch 9920 | Val Loss: 0.3487 | Val Cost:    0.00 | Val Max P-Miss: 0.2156 | Val Max Q-Miss: 0.0116 | Val Max Gen Viol: 0.0000 | Val Max Thermal: 0.0000
Epoch 9930 | Val Loss: 0.3489 | Val Cost:    0.00 | Val Max P-Miss: 0.2147 | Val Max Q-Miss: 0.0120 | Val Max Gen Viol: 0.0000 | Val Max Thermal: 0.0000
Epoch 9940 | Val Loss: 0.3488 | Val Cost:    0.00 | Val Max P-Miss: 0.2197 | Val Max Q-Miss: 0.0123 | Val Max Gen Viol: 0.0000 | Val Max Thermal: 0.0000
Epoch 9950 | Val Loss: 0.3488 | Val Cost:    0.00 | Val Max P-Miss: 0.2159 | Val Max Q-Miss: 0.0127 | Val Max Gen Viol: 0.0000 | Val Max Thermal: 0.0000
Epoch 9960 | Val Loss: 0.3489 | Val Cost:    0.00 | Val Max P-Miss: 0.2173 | Val Max Q-Miss: 0.0117 | Val Max Gen Viol: 0.0000 | Val Max Thermal: 0.0000
Epoch 9970 | Val Loss: 0.3487 | Val Cost:    0.00 | Val Max P-Miss: 0.2163 | Val Max Q-Miss: 0.0115 | Val Max Gen Viol: 0.0000 | Val Max Thermal: 0.0000
Epoch 9980 | Val Loss: 0.3487 | Val Cost:    0.00 | Val Max P-Miss: 0.2162 | Val Max Q-Miss: 0.0112 | Val Max Gen Viol: 0.0000 | Val Max Thermal: 0.0000
Epoch 9990 | Val Loss: 0.3488 | Val Cost:    0.00 | Val Max P-Miss: 0.2189 | Val Max Q-Miss: 0.0123 | Val Max Gen Viol: 0.0000 | Val Max Thermal: 0.0000

==================================================
Training Complete!
Total Training Time: 00h 33m 31.00s
Best model weights saved to: ./model/best_fsnet_model_pglib_opf_case14_ieee_10000epochs_20260718_201721.pth
==================================================

