Job: acopf_ISS
Executing: ACOPF_pinn_rahul.py --case_name pglib_opf_case14_ieee --epochs 10000
Node: issnode1
GPU Allocated: 0
CUDA Hardware Acceleration Active: NVIDIA GeForce RTX 4090
Problem Geometry Linked -> Matrix Samples: 10000

Beginning execution of parallelized training matrix loops for Rahul KKT PINN...
Epoch    0 | Val Loss: 885.3069 | Val Cost: 1890.08 | Val Max P-Miss: 1.5357 | Val Max Q-Miss: 0.2023 | Val Max Gen Viol: 0.0000 | Val Max Thermal: 0.0000 [*SAVED BEST*]
Epoch   10 | Val Loss: 626.4288 | Val Cost: 1475.55 | Val Max P-Miss: 0.3873 | Val Max Q-Miss: 0.1904 | Val Max Gen Viol: 0.0000 | Val Max Thermal: 0.0000 [*SAVED BEST*]
Epoch   20 | Val Loss: 618.4608 | Val Cost: 1948.57 | Val Max P-Miss: 0.3151 | Val Max Q-Miss: 0.1326 | Val Max Gen Viol: 0.0000 | Val Max Thermal: 0.0000 [*SAVED BEST*]
Epoch   30 | Val Loss: 619.2297 | Val Cost: 2228.10 | Val Max P-Miss: 0.3332 | Val Max Q-Miss: 0.1844 | Val Max Gen Viol: 0.0000 | Val Max Thermal: 0.0000
Epoch   40 | Val Loss: 617.0724 | Val Cost: 2347.71 | Val Max P-Miss: 0.2131 | Val Max Q-Miss: 0.1845 | Val Max Gen Viol: 0.0000 | Val Max Thermal: 0.0000 [*SAVED BEST*]
Epoch   50 | Val Loss: 608.7836 | Val Cost: 2517.60 | Val Max P-Miss: 0.1845 | Val Max Q-Miss: 0.1768 | Val Max Gen Viol: 0.0000 | Val Max Thermal: 0.0000 [*SAVED BEST*]
Epoch   60 | Val Loss: 617.8123 | Val Cost: 2644.16 | Val Max P-Miss: 0.2777 | Val Max Q-Miss: 0.1812 | Val Max Gen Viol: 0.0000 | Val Max Thermal: 0.0000
Epoch   70 | Val Loss: 607.8848 | Val Cost: 2715.57 | Val Max P-Miss: 0.1933 | Val Max Q-Miss: 0.2224 | Val Max Gen Viol: 0.0000 | Val Max Thermal: 0.0000 [*SAVED BEST*]
Epoch   80 | Val Loss: 601.9776 | Val Cost: 2703.80 | Val Max P-Miss: 0.1696 | Val Max Q-Miss: 0.0917 | Val Max Gen Viol: 0.0000 | Val Max Thermal: 0.0000 [*SAVED BEST*]
Epoch   90 | Val Loss: 611.2537 | Val Cost: 2603.69 | Val Max P-Miss: 0.2875 | Val Max Q-Miss: 0.1451 | Val Max Gen Viol: 0.0000 | Val Max Thermal: 0.0000
Epoch  100 | Val Loss: 604.8284 | Val Cost: 2545.48 | Val Max P-Miss: 0.1764 | Val Max Q-Miss: 0.0946 | Val Max Gen Viol: 0.0000 | Val Max Thermal: 0.0000
Epoch  110 | Val Loss: 593.0927 | Val Cost: 2659.43 | Val Max P-Miss: 0.1435 | Val Max Q-Miss: 0.0684 | Val Max Gen Viol: 0.0000 | Val Max Thermal: 0.0000 [*SAVED BEST*]
Epoch  120 | Val Loss: 603.5269 | Val Cost: 2706.37 | Val Max P-Miss: 0.2885 | Val Max Q-Miss: 0.1128 | Val Max Gen Viol: 0.0000 | Val Max Thermal: 0.0000
Epoch  130 | Val Loss: 600.7538 | Val Cost: 2489.95 | Val Max P-Miss: 0.2240 | Val Max Q-Miss: 0.1546 | Val Max Gen Viol: 0.0000 | Val Max Thermal: 0.0000
Epoch  140 | Val Loss: 592.0067 | Val Cost: 2329.98 | Val Max P-Miss: 0.1699 | Val Max Q-Miss: 0.1422 | Val Max Gen Viol: 0.0000 | Val Max Thermal: 0.0000 [*SAVED BEST*]
Epoch  150 | Val Loss: 590.7079 | Val Cost: 2252.39 | Val Max P-Miss: 0.1728 | Val Max Q-Miss: 0.2206 | Val Max Gen Viol: 0.0000 | Val Max Thermal: 0.0000 [*SAVED BEST*]
Epoch  160 | Val Loss: 584.5562 | Val Cost: 2177.93 | Val Max P-Miss: 0.3062 | Val Max Q-Miss: 0.1697 | Val Max Gen Viol: 0.0000 | Val Max Thermal: 0.0000 [*SAVED BEST*]
Epoch  170 | Val Loss: 572.5692 | Val Cost: 2220.56 | Val Max P-Miss: 0.1624 | Val Max Q-Miss: 0.2305 | Val Max Gen Viol: 0.0000 | Val Max Thermal: 0.0000 [*SAVED BEST*]
Epoch  180 | Val Loss: 586.7775 | Val Cost: 2258.85 | Val Max P-Miss: 0.2908 | Val Max Q-Miss: 0.2922 | Val Max Gen Viol: 0.0000 | Val Max Thermal: 0.0000
Epoch  190 | Val Loss: 569.4100 | Val Cost: 2268.98 | Val Max P-Miss: 0.2545 | Val Max Q-Miss: 0.2067 | Val Max Gen Viol: 0.0000 | Val Max Thermal: 0.0000 [*SAVED BEST*]
Epoch  200 | Val Loss: 568.4479 | Val Cost: 2369.38 | Val Max P-Miss: 0.2386 | Val Max Q-Miss: 0.3356 | Val Max Gen Viol: 0.0000 | Val Max Thermal: 0.0000 [*SAVED BEST*]
Epoch  210 | Val Loss: 552.5416 | Val Cost: 2413.25 | Val Max P-Miss: 0.3093 | Val Max Q-Miss: 0.1775 | Val Max Gen Viol: 0.0000 | Val Max Thermal: 0.0000 [*SAVED BEST*]
Epoch  220 | Val Loss: 549.9050 | Val Cost: 2466.64 | Val Max P-Miss: 0.2155 | Val Max Q-Miss: 0.1958 | Val Max Gen Viol: 0.0000 | Val Max Thermal: 0.0000 [*SAVED BEST*]
Epoch  230 | Val Loss: 550.8595 | Val Cost: 2452.35 | Val Max P-Miss: 0.3429 | Val Max Q-Miss: 0.2872 | Val Max Gen Viol: 0.0000 | Val Max Thermal: 0.0000
Epoch  240 | Val Loss: 563.0076 | Val Cost: 2483.20 | Val Max P-Miss: 0.3311 | Val Max Q-Miss: 0.3017 | Val Max Gen Viol: 0.0000 | Val Max Thermal: 0.0000
Epoch  250 | Val Loss: 517.7856 | Val Cost: 2514.38 | Val Max P-Miss: 0.1751 | Val Max Q-Miss: 0.3387 | Val Max Gen Viol: 0.0000 | Val Max Thermal: 0.0000 [*SAVED BEST*]
Epoch  260 | Val Loss: 510.7702 | Val Cost: 2378.81 | Val Max P-Miss: 0.3101 | Val Max Q-Miss: 0.1300 | Val Max Gen Viol: 0.0000 | Val Max Thermal: 0.0000 [*SAVED BEST*]
Epoch  270 | Val Loss: 511.8640 | Val Cost: 2551.37 | Val Max P-Miss: 0.4654 | Val Max Q-Miss: 0.2609 | Val Max Gen Viol: 0.0000 | Val Max Thermal: 0.0000
Epoch  280 | Val Loss: 498.3104 | Val Cost: 2572.31 | Val Max P-Miss: 0.4115 | Val Max Q-Miss: 0.2757 | Val Max Gen Viol: 0.0000 | Val Max Thermal: 0.0000 [*SAVED BEST*]
Epoch  290 | Val Loss: 482.9143 | Val Cost: 2593.37 | Val Max P-Miss: 0.4191 | Val Max Q-Miss: 0.2407 | Val Max Gen Viol: 0.0000 | Val Max Thermal: 0.0000 [*SAVED BEST*]
Epoch  300 | Val Loss: 514.0873 | Val Cost: 2616.32 | Val Max P-Miss: 0.6434 | Val Max Q-Miss: 0.4140 | Val Max Gen Viol: 0.0000 | Val Max Thermal: 0.0000
Epoch  310 | Val Loss: 487.8029 | Val Cost: 2633.32 | Val Max P-Miss: 0.4818 | Val Max Q-Miss: 0.2898 | Val Max Gen Viol: 0.0000 | Val Max Thermal: 0.0000
Epoch  320 | Val Loss: 525.8622 | Val Cost: 2648.62 | Val Max P-Miss: 0.7830 | Val Max Q-Miss: 0.3630 | Val Max Gen Viol: 0.0000 | Val Max Thermal: 0.0000
Epoch  330 | Val Loss: 489.6805 | Val Cost: 2551.49 | Val Max P-Miss: 0.4325 | Val Max Q-Miss: 0.2055 | Val Max Gen Viol: 0.0000 | Val Max Thermal: 0.0000
Epoch  340 | Val Loss: 482.0175 | Val Cost: 2633.85 | Val Max P-Miss: 0.5613 | Val Max Q-Miss: 0.3233 | Val Max Gen Viol: 0.0000 | Val Max Thermal: 0.0000 [*SAVED BEST*]
Epoch  350 | Val Loss: 468.4532 | Val Cost: 2625.36 | Val Max P-Miss: 0.5826 | Val Max Q-Miss: 0.3321 | Val Max Gen Viol: 0.0000 | Val Max Thermal: 0.0000 [*SAVED BEST*]
Epoch  360 | Val Loss: 563.2919 | Val Cost: 2612.14 | Val Max P-Miss: 0.7064 | Val Max Q-Miss: 0.5040 | Val Max Gen Viol: 0.0000 | Val Max Thermal: 0.0000
Epoch  370 | Val Loss: 514.6942 | Val Cost: 2629.15 | Val Max P-Miss: 0.8370 | Val Max Q-Miss: 0.5670 | Val Max Gen Viol: 0.0000 | Val Max Thermal: 0.0000
Epoch  380 | Val Loss: 454.1047 | Val Cost: 2638.21 | Val Max P-Miss: 0.5155 | Val Max Q-Miss: 0.3804 | Val Max Gen Viol: 0.0000 | Val Max Thermal: 0.0000 [*SAVED BEST*]
Epoch  390 | Val Loss: 487.1561 | Val Cost: 2633.04 | Val Max P-Miss: 0.6253 | Val Max Q-Miss: 0.5397 | Val Max Gen Viol: 0.0000 | Val Max Thermal: 0.0000
Epoch  400 | Val Loss: 439.8332 | Val Cost: 2647.71 | Val Max P-Miss: 0.6405 | Val Max Q-Miss: 0.4515 | Val Max Gen Viol: 0.0000 | Val Max Thermal: 0.0000 [*SAVED BEST*]
Epoch  410 | Val Loss: 396.0435 | Val Cost: 2662.55 | Val Max P-Miss: 0.5484 | Val Max Q-Miss: 0.4701 | Val Max Gen Viol: 0.0000 | Val Max Thermal: 0.0000 [*SAVED BEST*]
Epoch  420 | Val Loss: 404.0555 | Val Cost: 2672.79 | Val Max P-Miss: 0.5925 | Val Max Q-Miss: 0.3765 | Val Max Gen Viol: 0.0000 | Val Max Thermal: 0.0000
Epoch  430 | Val Loss: 668.2304 | Val Cost: 2679.88 | Val Max P-Miss: 0.4804 | Val Max Q-Miss: 1.5842 | Val Max Gen Viol: 0.0000 | Val Max Thermal: 0.0000
Epoch  440 | Val Loss: 401.4804 | Val Cost: 2674.64 | Val Max P-Miss: 0.9347 | Val Max Q-Miss: 0.1795 | Val Max Gen Viol: 0.0000 | Val Max Thermal: 0.0000
Epoch  450 | Val Loss: 378.4937 | Val Cost: 2679.39 | Val Max P-Miss: 0.9966 | Val Max Q-Miss: 0.2531 | Val Max Gen Viol: 0.0000 | Val Max Thermal: 0.0000 [*SAVED BEST*]
Epoch  460 | Val Loss: 833.0638 | Val Cost: 2682.36 | Val Max P-Miss: 1.1398 | Val Max Q-Miss: 1.6111 | Val Max Gen Viol: 0.0000 | Val Max Thermal: 0.0000
Epoch  470 | Val Loss: 346.6222 | Val Cost: 2670.05 | Val Max P-Miss: 0.6999 | Val Max Q-Miss: 0.4608 | Val Max Gen Viol: 0.0000 | Val Max Thermal: 0.0000 [*SAVED BEST*]
Epoch  480 | Val Loss: 525.1234 | Val Cost: 2669.88 | Val Max P-Miss: 0.7591 | Val Max Q-Miss: 0.6870 | Val Max Gen Viol: 0.0000 | Val Max Thermal: 0.0000
Epoch  490 | Val Loss: 476.1164 | Val Cost: 2019.64 | Val Max P-Miss: 0.4458 | Val Max Q-Miss: 0.8297 | Val Max Gen Viol: 0.0000 | Val Max Thermal: 0.0000
Epoch  500 | Val Loss: 330.4734 | Val Cost: 2357.48 | Val Max P-Miss: 0.5418 | Val Max Q-Miss: 0.3902 | Val Max Gen Viol: 0.0000 | Val Max Thermal: 0.0000 [*SAVED BEST*]
Epoch  510 | Val Loss: 329.2476 | Val Cost: 2375.78 | Val Max P-Miss: 0.5323 | Val Max Q-Miss: 0.4491 | Val Max Gen Viol: 0.0000 | Val Max Thermal: 0.0000 [*SAVED BEST*]
Epoch  520 | Val Loss: 325.9376 | Val Cost: 2282.79 | Val Max P-Miss: 0.5649 | Val Max Q-Miss: 0.5237 | Val Max Gen Viol: 0.0000 | Val Max Thermal: 0.0000 [*SAVED BEST*]
Epoch  530 | Val Loss: 409.3513 | Val Cost: 1223.77 | Val Max P-Miss: 0.5384 | Val Max Q-Miss: 0.5184 | Val Max Gen Viol: 0.0000 | Val Max Thermal: 0.0000
Epoch  540 | Val Loss: 252.2429 | Val Cost:  464.09 | Val Max P-Miss: 0.8999 | Val Max Q-Miss: 0.3877 | Val Max Gen Viol: 0.0000 | Val Max Thermal: 0.0000 [*SAVED BEST*]
Epoch  550 | Val Loss: 259.2691 | Val Cost:  153.00 | Val Max P-Miss: 1.0715 | Val Max Q-Miss: 0.4049 | Val Max Gen Viol: 0.0000 | Val Max Thermal: 0.0000
Epoch  560 | Val Loss: 277.1344 | Val Cost:   60.91 | Val Max P-Miss: 1.0669 | Val Max Q-Miss: 0.1899 | Val Max Gen Viol: 0.0000 | Val Max Thermal: 0.0000
Epoch  570 | Val Loss: 249.0395 | Val Cost:   59.57 | Val Max P-Miss: 1.1503 | Val Max Q-Miss: 0.2021 | Val Max Gen Viol: 0.0000 | Val Max Thermal: 0.0000 [*SAVED BEST*]
Epoch  580 | Val Loss: 277.5143 | Val Cost:   15.67 | Val Max P-Miss: 1.0147 | Val Max Q-Miss: 0.6268 | Val Max Gen Viol: 0.0000 | Val Max Thermal: 0.0000
Epoch  590 | Val Loss: 134.6936 | Val Cost:   65.02 | Val Max P-Miss: 1.0369 | Val Max Q-Miss: 0.1825 | Val Max Gen Viol: 0.0000 | Val Max Thermal: 0.0000 [*SAVED BEST*]
Epoch  600 | Val Loss: 160.2896 | Val Cost:   59.35 | Val Max P-Miss: 1.0312 | Val Max Q-Miss: 0.1955 | Val Max Gen Viol: 0.0000 | Val Max Thermal: 0.0000
Epoch  610 | Val Loss: 175.6498 | Val Cost:   18.31 | Val Max P-Miss: 1.1582 | Val Max Q-Miss: 0.1852 | Val Max Gen Viol: 0.0000 | Val Max Thermal: 0.0000
Epoch  620 | Val Loss: 210.8960 | Val Cost:   66.17 | Val Max P-Miss: 1.1471 | Val Max Q-Miss: 0.3563 | Val Max Gen Viol: 0.0000 | Val Max Thermal: 0.0000
Epoch  630 | Val Loss: 131.0766 | Val Cost:   57.61 | Val Max P-Miss: 1.1188 | Val Max Q-Miss: 0.1185 | Val Max Gen Viol: 0.0000 | Val Max Thermal: 0.0000 [*SAVED BEST*]
Epoch  640 | Val Loss: 121.7623 | Val Cost:  130.16 | Val Max P-Miss: 1.0222 | Val Max Q-Miss: 0.1729 | Val Max Gen Viol: 0.0000 | Val Max Thermal: 0.0000 [*SAVED BEST*]
Epoch  650 | Val Loss: 131.7663 | Val Cost:    8.25 | Val Max P-Miss: 1.0023 | Val Max Q-Miss: 0.1835 | Val Max Gen Viol: 0.0000 | Val Max Thermal: 0.0000
Epoch  660 | Val Loss: 193.7802 | Val Cost:   63.70 | Val Max P-Miss: 1.0958 | Val Max Q-Miss: 0.3137 | Val Max Gen Viol: 0.0000 | Val Max Thermal: 0.0000
Epoch  670 | Val Loss: 234.6595 | Val Cost:   80.26 | Val Max P-Miss: 1.0718 | Val Max Q-Miss: 0.3956 | Val Max Gen Viol: 0.0000 | Val Max Thermal: 0.0000
Epoch  680 | Val Loss: 127.0070 | Val Cost:   31.36 | Val Max P-Miss: 1.0411 | Val Max Q-Miss: 0.1874 | Val Max Gen Viol: 0.0000 | Val Max Thermal: 0.0000
Epoch  690 | Val Loss: 163.3000 | Val Cost:   54.99 | Val Max P-Miss: 1.0369 | Val Max Q-Miss: 0.1765 | Val Max Gen Viol: 0.0000 | Val Max Thermal: 0.0000
Epoch  700 | Val Loss: 179.2212 | Val Cost:   55.10 | Val Max P-Miss: 1.0585 | Val Max Q-Miss: 0.2326 | Val Max Gen Viol: 0.0000 | Val Max Thermal: 0.0000
Epoch  710 | Val Loss: 131.1815 | Val Cost:   61.24 | Val Max P-Miss: 0.9916 | Val Max Q-Miss: 0.3532 | Val Max Gen Viol: 0.0000 | Val Max Thermal: 0.0000
Epoch  720 | Val Loss: 150.4654 | Val Cost:  126.12 | Val Max P-Miss: 1.0277 | Val Max Q-Miss: 0.2355 | Val Max Gen Viol: 0.0000 | Val Max Thermal: 0.0000
Epoch  730 | Val Loss: 134.6456 | Val Cost:  247.29 | Val Max P-Miss: 0.9839 | Val Max Q-Miss: 0.3481 | Val Max Gen Viol: 0.0000 | Val Max Thermal: 0.0000
Epoch  740 | Val Loss: 133.3557 | Val Cost:  371.49 | Val Max P-Miss: 0.9688 | Val Max Q-Miss: 0.2338 | Val Max Gen Viol: 0.0000 | Val Max Thermal: 0.0000
Epoch  750 | Val Loss: 128.8502 | Val Cost:  227.62 | Val Max P-Miss: 0.9258 | Val Max Q-Miss: 0.2328 | Val Max Gen Viol: 0.0000 | Val Max Thermal: 0.0000
Epoch  760 | Val Loss: 110.7232 | Val Cost:  292.00 | Val Max P-Miss: 0.9458 | Val Max Q-Miss: 0.1780 | Val Max Gen Viol: 0.0000 | Val Max Thermal: 0.0000 [*SAVED BEST*]
Epoch  770 | Val Loss: 126.9427 | Val Cost:  395.93 | Val Max P-Miss: 1.0065 | Val Max Q-Miss: 0.3198 | Val Max Gen Viol: 0.0000 | Val Max Thermal: 0.0000
Epoch  780 | Val Loss: 137.3375 | Val Cost:  176.94 | Val Max P-Miss: 1.0190 | Val Max Q-Miss: 0.1873 | Val Max Gen Viol: 0.0000 | Val Max Thermal: 0.0000
Epoch  790 | Val Loss: 122.1895 | Val Cost:  475.80 | Val Max P-Miss: 0.9687 | Val Max Q-Miss: 0.2860 | Val Max Gen Viol: 0.0000 | Val Max Thermal: 0.0000
Epoch  800 | Val Loss: 129.4853 | Val Cost:  194.38 | Val Max P-Miss: 0.8612 | Val Max Q-Miss: 0.4847 | Val Max Gen Viol: 0.0000 | Val Max Thermal: 0.0000
Epoch  810 | Val Loss: 151.3080 | Val Cost:  246.97 | Val Max P-Miss: 1.0064 | Val Max Q-Miss: 0.2557 | Val Max Gen Viol: 0.0000 | Val Max Thermal: 0.0000
Epoch  820 | Val Loss: 175.6708 | Val Cost:  488.97 | Val Max P-Miss: 0.8391 | Val Max Q-Miss: 0.4631 | Val Max Gen Viol: 0.0000 | Val Max Thermal: 0.0000
Epoch  830 | Val Loss: 91.5270 | Val Cost:  473.15 | Val Max P-Miss: 0.7953 | Val Max Q-Miss: 0.1586 | Val Max Gen Viol: 0.0000 | Val Max Thermal: 0.0000 [*SAVED BEST*]
Epoch  840 | Val Loss: 137.7798 | Val Cost:  753.80 | Val Max P-Miss: 0.7668 | Val Max Q-Miss: 0.1878 | Val Max Gen Viol: 0.0000 | Val Max Thermal: 0.0000
Epoch  850 | Val Loss: 139.2628 | Val Cost:  428.20 | Val Max P-Miss: 0.6956 | Val Max Q-Miss: 0.4415 | Val Max Gen Viol: 0.0000 | Val Max Thermal: 0.0000
Epoch  860 | Val Loss: 177.5507 | Val Cost:  445.31 | Val Max P-Miss: 0.8017 | Val Max Q-Miss: 0.4128 | Val Max Gen Viol: 0.0000 | Val Max Thermal: 0.0000
Epoch  870 | Val Loss: 111.5895 | Val Cost:  642.87 | Val Max P-Miss: 0.8466 | Val Max Q-Miss: 0.3113 | Val Max Gen Viol: 0.0000 | Val Max Thermal: 0.0000
Epoch  880 | Val Loss: 114.3838 | Val Cost:  256.96 | Val Max P-Miss: 1.0040 | Val Max Q-Miss: 0.1756 | Val Max Gen Viol: 0.0000 | Val Max Thermal: 0.0000
Epoch  890 | Val Loss: 131.8804 | Val Cost:  719.54 | Val Max P-Miss: 0.7096 | Val Max Q-Miss: 0.4088 | Val Max Gen Viol: 0.0000 | Val Max Thermal: 0.0000
Epoch  900 | Val Loss: 90.3687 | Val Cost:  452.45 | Val Max P-Miss: 0.8340 | Val Max Q-Miss: 0.1961 | Val Max Gen Viol: 0.0000 | Val Max Thermal: 0.0000 [*SAVED BEST*]
Epoch  910 | Val Loss: 112.8267 | Val Cost:  615.00 | Val Max P-Miss: 0.8997 | Val Max Q-Miss: 0.1649 | Val Max Gen Viol: 0.0000 | Val Max Thermal: 0.0000
Epoch  920 | Val Loss: 86.7896 | Val Cost:  611.39 | Val Max P-Miss: 0.8002 | Val Max Q-Miss: 0.1335 | Val Max Gen Viol: 0.0000 | Val Max Thermal: 0.0000 [*SAVED BEST*]
Epoch  930 | Val Loss: 132.4198 | Val Cost:  653.19 | Val Max P-Miss: 0.6834 | Val Max Q-Miss: 0.4372 | Val Max Gen Viol: 0.0000 | Val Max Thermal: 0.0000
Epoch  940 | Val Loss: 149.4254 | Val Cost:  519.85 | Val Max P-Miss: 0.8486 | Val Max Q-Miss: 0.6760 | Val Max Gen Viol: 0.0000 | Val Max Thermal: 0.0000
Epoch  950 | Val Loss: 117.0452 | Val Cost:  435.72 | Val Max P-Miss: 0.8347 | Val Max Q-Miss: 0.4501 | Val Max Gen Viol: 0.0000 | Val Max Thermal: 0.0000
Epoch  960 | Val Loss: 103.0302 | Val Cost:  772.77 | Val Max P-Miss: 0.6648 | Val Max Q-Miss: 0.2301 | Val Max Gen Viol: 0.0000 | Val Max Thermal: 0.0000
Epoch  970 | Val Loss: 106.4958 | Val Cost:  364.64 | Val Max P-Miss: 0.6981 | Val Max Q-Miss: 0.3626 | Val Max Gen Viol: 0.0000 | Val Max Thermal: 0.0000
Epoch  980 | Val Loss: 150.0787 | Val Cost:  683.39 | Val Max P-Miss: 0.7659 | Val Max Q-Miss: 0.2724 | Val Max Gen Viol: 0.0000 | Val Max Thermal: 0.0000
Epoch  990 | Val Loss: 95.9933 | Val Cost:  534.85 | Val Max P-Miss: 0.7523 | Val Max Q-Miss: 0.3057 | Val Max Gen Viol: 0.0000 | Val Max Thermal: 0.0000
Epoch 1000 | Val Loss: 145.1265 | Val Cost:  350.86 | Val Max P-Miss: 0.7780 | Val Max Q-Miss: 0.2289 | Val Max Gen Viol: 0.0000 | Val Max Thermal: 0.0000
Epoch 1010 | Val Loss: 107.0779 | Val Cost:  570.21 | Val Max P-Miss: 0.7697 | Val Max Q-Miss: 0.2606 | Val Max Gen Viol: 0.0000 | Val Max Thermal: 0.0000
Epoch 1020 | Val Loss: 239.6217 | Val Cost:  724.16 | Val Max P-Miss: 0.7783 | Val Max Q-Miss: 0.7004 | Val Max Gen Viol: 0.0000 | Val Max Thermal: 0.0000
Epoch 1030 | Val Loss: 121.3531 | Val Cost:  544.16 | Val Max P-Miss: 0.7595 | Val Max Q-Miss: 0.2013 | Val Max Gen Viol: 0.0000 | Val Max Thermal: 0.0000
Epoch 1040 | Val Loss: 134.5639 | Val Cost:  782.17 | Val Max P-Miss: 0.6554 | Val Max Q-Miss: 0.2687 | Val Max Gen Viol: 0.0000 | Val Max Thermal: 0.0000
Epoch 1050 | Val Loss: 121.9093 | Val Cost:  593.57 | Val Max P-Miss: 0.6943 | Val Max Q-Miss: 0.4472 | Val Max Gen Viol: 0.0000 | Val Max Thermal: 0.0000
Epoch 1060 | Val Loss: 111.4882 | Val Cost:  876.43 | Val Max P-Miss: 0.6897 | Val Max Q-Miss: 0.2322 | Val Max Gen Viol: 0.0000 | Val Max Thermal: 0.0000
Epoch 1070 | Val Loss: 83.8808 | Val Cost:  573.53 | Val Max P-Miss: 0.7066 | Val Max Q-Miss: 0.3152 | Val Max Gen Viol: 0.0000 | Val Max Thermal: 0.0000 [*SAVED BEST*]
Epoch 1080 | Val Loss: 82.5977 | Val Cost:  772.93 | Val Max P-Miss: 0.7803 | Val Max Q-Miss: 0.2663 | Val Max Gen Viol: 0.0000 | Val Max Thermal: 0.0000 [*SAVED BEST*]
Epoch 1090 | Val Loss: 111.0811 | Val Cost:  620.17 | Val Max P-Miss: 0.7260 | Val Max Q-Miss: 0.5021 | Val Max Gen Viol: 0.0000 | Val Max Thermal: 0.0000
Epoch 1100 | Val Loss: 70.4326 | Val Cost:  778.49 | Val Max P-Miss: 0.5630 | Val Max Q-Miss: 0.4447 | Val Max Gen Viol: 0.0000 | Val Max Thermal: 0.0000 [*SAVED BEST*]
Epoch 1110 | Val Loss: 110.6460 | Val Cost:  855.94 | Val Max P-Miss: 0.5689 | Val Max Q-Miss: 0.2815 | Val Max Gen Viol: 0.0000 | Val Max Thermal: 0.0000
Epoch 1120 | Val Loss: 111.3021 | Val Cost:  703.56 | Val Max P-Miss: 0.6678 | Val Max Q-Miss: 0.3190 | Val Max Gen Viol: 0.0000 | Val Max Thermal: 0.0000
Epoch 1130 | Val Loss: 127.4276 | Val Cost:  513.50 | Val Max P-Miss: 0.7067 | Val Max Q-Miss: 0.2414 | Val Max Gen Viol: 0.0000 | Val Max Thermal: 0.0000
Epoch 1140 | Val Loss: 143.6432 | Val Cost:  589.52 | Val Max P-Miss: 0.7839 | Val Max Q-Miss: 0.2535 | Val Max Gen Viol: 0.0000 | Val Max Thermal: 0.0000
Epoch 1150 | Val Loss: 102.7652 | Val Cost:  714.36 | Val Max P-Miss: 0.6604 | Val Max Q-Miss: 0.1518 | Val Max Gen Viol: 0.0000 | Val Max Thermal: 0.0000
Epoch 1160 | Val Loss: 79.3275 | Val Cost:  899.20 | Val Max P-Miss: 0.5643 | Val Max Q-Miss: 0.2281 | Val Max Gen Viol: 0.0000 | Val Max Thermal: 0.0000
Epoch 1170 | Val Loss: 90.7050 | Val Cost:  659.58 | Val Max P-Miss: 0.8013 | Val Max Q-Miss: 0.2551 | Val Max Gen Viol: 0.0000 | Val Max Thermal: 0.0000
Epoch 1180 | Val Loss: 114.7328 | Val Cost:  661.65 | Val Max P-Miss: 0.6122 | Val Max Q-Miss: 0.3257 | Val Max Gen Viol: 0.0000 | Val Max Thermal: 0.0000
Epoch 1190 | Val Loss: 73.1110 | Val Cost:  821.62 | Val Max P-Miss: 0.5826 | Val Max Q-Miss: 0.2600 | Val Max Gen Viol: 0.0000 | Val Max Thermal: 0.0000
Epoch 1200 | Val Loss: 132.5882 | Val Cost:  698.99 | Val Max P-Miss: 0.7617 | Val Max Q-Miss: 0.3905 | Val Max Gen Viol: 0.0000 | Val Max Thermal: 0.0000
Epoch 1210 | Val Loss: 58.8541 | Val Cost:  910.62 | Val Max P-Miss: 0.5335 | Val Max Q-Miss: 0.2315 | Val Max Gen Viol: 0.0000 | Val Max Thermal: 0.0000 [*SAVED BEST*]
Epoch 1220 | Val Loss: 116.2037 | Val Cost:  832.75 | Val Max P-Miss: 0.6531 | Val Max Q-Miss: 0.3253 | Val Max Gen Viol: 0.0000 | Val Max Thermal: 0.0000
Epoch 1230 | Val Loss: 86.6954 | Val Cost:  580.95 | Val Max P-Miss: 0.7439 | Val Max Q-Miss: 0.2396 | Val Max Gen Viol: 0.0000 | Val Max Thermal: 0.0000
Epoch 1240 | Val Loss: 138.4572 | Val Cost:  662.65 | Val Max P-Miss: 0.7836 | Val Max Q-Miss: 0.3997 | Val Max Gen Viol: 0.0000 | Val Max Thermal: 0.0000
Epoch 1250 | Val Loss: 90.3116 | Val Cost:  676.22 | Val Max P-Miss: 0.8019 | Val Max Q-Miss: 0.2811 | Val Max Gen Viol: 0.0000 | Val Max Thermal: 0.0000
Epoch 1260 | Val Loss: 203.0451 | Val Cost:  554.86 | Val Max P-Miss: 0.6699 | Val Max Q-Miss: 0.5866 | Val Max Gen Viol: 0.0000 | Val Max Thermal: 0.0000
Epoch 1270 | Val Loss: 81.8514 | Val Cost:  598.46 | Val Max P-Miss: 0.7415 | Val Max Q-Miss: 0.2426 | Val Max Gen Viol: 0.0000 | Val Max Thermal: 0.0000
Epoch 1280 | Val Loss: 108.3826 | Val Cost:  667.05 | Val Max P-Miss: 0.5688 | Val Max Q-Miss: 0.3008 | Val Max Gen Viol: 0.0000 | Val Max Thermal: 0.0000
Epoch 1290 | Val Loss: 96.0552 | Val Cost:  687.42 | Val Max P-Miss: 0.5873 | Val Max Q-Miss: 0.3591 | Val Max Gen Viol: 0.0000 | Val Max Thermal: 0.0000
Epoch 1300 | Val Loss: 103.7865 | Val Cost:  779.00 | Val Max P-Miss: 0.7467 | Val Max Q-Miss: 0.1473 | Val Max Gen Viol: 0.0000 | Val Max Thermal: 0.0000
Epoch 1310 | Val Loss: 86.3578 | Val Cost:  753.99 | Val Max P-Miss: 0.5328 | Val Max Q-Miss: 0.3155 | Val Max Gen Viol: 0.0000 | Val Max Thermal: 0.0000
Epoch 1320 | Val Loss: 90.8430 | Val Cost:  820.21 | Val Max P-Miss: 0.5842 | Val Max Q-Miss: 0.2570 | Val Max Gen Viol: 0.0000 | Val Max Thermal: 0.0000
Epoch 1330 | Val Loss: 82.4419 | Val Cost:  716.84 | Val Max P-Miss: 0.5701 | Val Max Q-Miss: 0.2696 | Val Max Gen Viol: 0.0000 | Val Max Thermal: 0.0000
Epoch 1340 | Val Loss: 155.1727 | Val Cost:  616.02 | Val Max P-Miss: 0.6759 | Val Max Q-Miss: 0.3729 | Val Max Gen Viol: 0.0000 | Val Max Thermal: 0.0000
Epoch 1350 | Val Loss: 110.3684 | Val Cost:  733.07 | Val Max P-Miss: 0.6447 | Val Max Q-Miss: 0.3691 | Val Max Gen Viol: 0.0000 | Val Max Thermal: 0.0000
Epoch 1360 | Val Loss: 110.3674 | Val Cost:  571.12 | Val Max P-Miss: 0.8023 | Val Max Q-Miss: 0.3436 | Val Max Gen Viol: 0.0000 | Val Max Thermal: 0.0000
Epoch 1370 | Val Loss: 71.7143 | Val Cost:  645.78 | Val Max P-Miss: 0.7883 | Val Max Q-Miss: 0.1976 | Val Max Gen Viol: 0.0000 | Val Max Thermal: 0.0000
Epoch 1380 | Val Loss: 101.5938 | Val Cost:  896.56 | Val Max P-Miss: 0.6366 | Val Max Q-Miss: 0.3014 | Val Max Gen Viol: 0.0000 | Val Max Thermal: 0.0000
Epoch 1390 | Val Loss: 84.9515 | Val Cost:  764.41 | Val Max P-Miss: 0.6239 | Val Max Q-Miss: 0.4895 | Val Max Gen Viol: 0.0000 | Val Max Thermal: 0.0000
Epoch 1400 | Val Loss: 102.8554 | Val Cost:  739.20 | Val Max P-Miss: 0.5857 | Val Max Q-Miss: 0.5586 | Val Max Gen Viol: 0.0000 | Val Max Thermal: 0.0000
Epoch 1410 | Val Loss: 90.8351 | Val Cost:  807.37 | Val Max P-Miss: 0.4606 | Val Max Q-Miss: 0.3543 | Val Max Gen Viol: 0.0000 | Val Max Thermal: 0.0000
Epoch 1420 | Val Loss: 87.2142 | Val Cost:  903.92 | Val Max P-Miss: 0.5286 | Val Max Q-Miss: 0.1938 | Val Max Gen Viol: 0.0000 | Val Max Thermal: 0.0000
Epoch 1430 | Val Loss: 128.3734 | Val Cost:  762.57 | Val Max P-Miss: 0.6571 | Val Max Q-Miss: 0.6429 | Val Max Gen Viol: 0.0000 | Val Max Thermal: 0.0000
Epoch 1440 | Val Loss: 112.8869 | Val Cost:  886.85 | Val Max P-Miss: 0.5758 | Val Max Q-Miss: 0.5833 | Val Max Gen Viol: 0.0000 | Val Max Thermal: 0.0000
Epoch 1450 | Val Loss: 77.0929 | Val Cost:  860.61 | Val Max P-Miss: 0.6025 | Val Max Q-Miss: 0.3342 | Val Max Gen Viol: 0.0000 | Val Max Thermal: 0.0000
Epoch 1460 | Val Loss: 90.2241 | Val Cost:  750.31 | Val Max P-Miss: 0.6603 | Val Max Q-Miss: 0.3238 | Val Max Gen Viol: 0.0000 | Val Max Thermal: 0.0000
Epoch 1470 | Val Loss: 76.6539 | Val Cost:  802.16 | Val Max P-Miss: 0.5422 | Val Max Q-Miss: 0.3534 | Val Max Gen Viol: 0.0000 | Val Max Thermal: 0.0000
Epoch 1480 | Val Loss: 94.8867 | Val Cost:  861.05 | Val Max P-Miss: 0.4991 | Val Max Q-Miss: 0.1960 | Val Max Gen Viol: 0.0000 | Val Max Thermal: 0.0000
Epoch 1490 | Val Loss: 82.3369 | Val Cost:  825.51 | Val Max P-Miss: 0.5302 | Val Max Q-Miss: 0.3065 | Val Max Gen Viol: 0.0000 | Val Max Thermal: 0.0000
Epoch 1500 | Val Loss: 77.8983 | Val Cost:  792.86 | Val Max P-Miss: 0.5555 | Val Max Q-Miss: 0.2473 | Val Max Gen Viol: 0.0000 | Val Max Thermal: 0.0000
Epoch 1510 | Val Loss: 90.3544 | Val Cost:  671.03 | Val Max P-Miss: 0.5749 | Val Max Q-Miss: 0.2447 | Val Max Gen Viol: 0.0000 | Val Max Thermal: 0.0000
Epoch 1520 | Val Loss: 128.3738 | Val Cost:  690.54 | Val Max P-Miss: 0.7061 | Val Max Q-Miss: 0.3632 | Val Max Gen Viol: 0.0000 | Val Max Thermal: 0.0000
Epoch 1530 | Val Loss: 82.5370 | Val Cost:  676.86 | Val Max P-Miss: 0.6478 | Val Max Q-Miss: 0.4702 | Val Max Gen Viol: 0.0000 | Val Max Thermal: 0.0000
Epoch 1540 | Val Loss: 65.5438 | Val Cost:  833.28 | Val Max P-Miss: 0.5584 | Val Max Q-Miss: 0.2511 | Val Max Gen Viol: 0.0000 | Val Max Thermal: 0.0000
Epoch 1550 | Val Loss: 85.8534 | Val Cost:  792.11 | Val Max P-Miss: 0.6713 | Val Max Q-Miss: 0.3561 | Val Max Gen Viol: 0.0000 | Val Max Thermal: 0.0000
Epoch 1560 | Val Loss: 56.2978 | Val Cost:  952.85 | Val Max P-Miss: 0.4457 | Val Max Q-Miss: 0.2981 | Val Max Gen Viol: 0.0000 | Val Max Thermal: 0.0000 [*SAVED BEST*]
Epoch 1570 | Val Loss: 88.1978 | Val Cost:  891.60 | Val Max P-Miss: 0.5175 | Val Max Q-Miss: 0.2805 | Val Max Gen Viol: 0.0000 | Val Max Thermal: 0.0000
Epoch 1580 | Val Loss: 116.7328 | Val Cost:  911.45 | Val Max P-Miss: 0.5173 | Val Max Q-Miss: 0.4344 | Val Max Gen Viol: 0.0000 | Val Max Thermal: 0.0000
Epoch 1590 | Val Loss: 74.1594 | Val Cost:  667.26 | Val Max P-Miss: 0.7405 | Val Max Q-Miss: 0.4415 | Val Max Gen Viol: 0.0000 | Val Max Thermal: 0.0000
Epoch 1600 | Val Loss: 71.5864 | Val Cost:  987.92 | Val Max P-Miss: 0.4644 | Val Max Q-Miss: 0.5061 | Val Max Gen Viol: 0.0000 | Val Max Thermal: 0.0000
Epoch 1610 | Val Loss: 110.0596 | Val Cost:  875.44 | Val Max P-Miss: 0.6334 | Val Max Q-Miss: 0.4189 | Val Max Gen Viol: 0.0000 | Val Max Thermal: 0.0000
Epoch 1620 | Val Loss: 50.6508 | Val Cost:  908.36 | Val Max P-Miss: 0.4995 | Val Max Q-Miss: 0.2840 | Val Max Gen Viol: 0.0000 | Val Max Thermal: 0.0000 [*SAVED BEST*]
Epoch 1630 | Val Loss: 111.8151 | Val Cost:  783.27 | Val Max P-Miss: 0.5732 | Val Max Q-Miss: 0.2833 | Val Max Gen Viol: 0.0000 | Val Max Thermal: 0.0000
Epoch 1640 | Val Loss: 77.8585 | Val Cost:  860.58 | Val Max P-Miss: 0.6265 | Val Max Q-Miss: 0.2788 | Val Max Gen Viol: 0.0000 | Val Max Thermal: 0.0000
Epoch 1650 | Val Loss: 80.8823 | Val Cost:  946.86 | Val Max P-Miss: 0.5357 | Val Max Q-Miss: 0.2276 | Val Max Gen Viol: 0.0000 | Val Max Thermal: 0.0000
Epoch 1660 | Val Loss: 75.1270 | Val Cost:  852.26 | Val Max P-Miss: 0.5598 | Val Max Q-Miss: 0.1583 | Val Max Gen Viol: 0.0000 | Val Max Thermal: 0.0000
Epoch 1670 | Val Loss: 77.1183 | Val Cost:  780.81 | Val Max P-Miss: 0.6033 | Val Max Q-Miss: 0.4055 | Val Max Gen Viol: 0.0000 | Val Max Thermal: 0.0000
Epoch 1680 | Val Loss: 93.5335 | Val Cost:  797.34 | Val Max P-Miss: 0.6692 | Val Max Q-Miss: 0.4813 | Val Max Gen Viol: 0.0000 | Val Max Thermal: 0.0000
Epoch 1690 | Val Loss: 76.4758 | Val Cost:  951.68 | Val Max P-Miss: 0.3545 | Val Max Q-Miss: 0.3623 | Val Max Gen Viol: 0.0000 | Val Max Thermal: 0.0000
Epoch 1700 | Val Loss: 72.0117 | Val Cost: 1032.78 | Val Max P-Miss: 0.4408 | Val Max Q-Miss: 0.2750 | Val Max Gen Viol: 0.0000 | Val Max Thermal: 0.0000
Epoch 1710 | Val Loss: 59.5162 | Val Cost: 1012.98 | Val Max P-Miss: 0.4130 | Val Max Q-Miss: 0.2752 | Val Max Gen Viol: 0.0000 | Val Max Thermal: 0.0000
Epoch 1720 | Val Loss: 93.4701 | Val Cost: 1010.28 | Val Max P-Miss: 0.5155 | Val Max Q-Miss: 0.4741 | Val Max Gen Viol: 0.0000 | Val Max Thermal: 0.0000
Epoch 1730 | Val Loss: 71.9727 | Val Cost:  802.32 | Val Max P-Miss: 0.5181 | Val Max Q-Miss: 0.2128 | Val Max Gen Viol: 0.0000 | Val Max Thermal: 0.0000
Epoch 1740 | Val Loss: 59.3276 | Val Cost:  810.00 | Val Max P-Miss: 0.5858 | Val Max Q-Miss: 0.1981 | Val Max Gen Viol: 0.0000 | Val Max Thermal: 0.0000
Epoch 1750 | Val Loss: 59.7147 | Val Cost:  835.43 | Val Max P-Miss: 0.4544 | Val Max Q-Miss: 0.3624 | Val Max Gen Viol: 0.0000 | Val Max Thermal: 0.0000
Epoch 1760 | Val Loss: 65.8599 | Val Cost:  809.31 | Val Max P-Miss: 0.5198 | Val Max Q-Miss: 0.1923 | Val Max Gen Viol: 0.0000 | Val Max Thermal: 0.0000
Epoch 1770 | Val Loss: 63.6015 | Val Cost:  707.69 | Val Max P-Miss: 0.6384 | Val Max Q-Miss: 0.1872 | Val Max Gen Viol: 0.0000 | Val Max Thermal: 0.0000
Epoch 1780 | Val Loss: 73.2488 | Val Cost:  878.00 | Val Max P-Miss: 0.7094 | Val Max Q-Miss: 0.4551 | Val Max Gen Viol: 0.0000 | Val Max Thermal: 0.0000
Epoch 1790 | Val Loss: 66.4816 | Val Cost:  855.65 | Val Max P-Miss: 0.5453 | Val Max Q-Miss: 0.3253 | Val Max Gen Viol: 0.0000 | Val Max Thermal: 0.0000
Epoch 1800 | Val Loss: 66.0275 | Val Cost: 1085.84 | Val Max P-Miss: 0.3752 | Val Max Q-Miss: 0.2142 | Val Max Gen Viol: 0.0000 | Val Max Thermal: 0.0000
Epoch 1810 | Val Loss: 53.3790 | Val Cost:  969.00 | Val Max P-Miss: 0.5430 | Val Max Q-Miss: 0.2343 | Val Max Gen Viol: 0.0000 | Val Max Thermal: 0.0000
Epoch 1820 | Val Loss: 83.3951 | Val Cost:  974.17 | Val Max P-Miss: 0.4723 | Val Max Q-Miss: 0.4025 | Val Max Gen Viol: 0.0000 | Val Max Thermal: 0.0000
Epoch 1830 | Val Loss: 59.5025 | Val Cost:  874.60 | Val Max P-Miss: 0.4895 | Val Max Q-Miss: 0.2064 | Val Max Gen Viol: 0.0000 | Val Max Thermal: 0.0000
Epoch 1840 | Val Loss: 61.3193 | Val Cost: 1008.14 | Val Max P-Miss: 0.5020 | Val Max Q-Miss: 0.2431 | Val Max Gen Viol: 0.0000 | Val Max Thermal: 0.0000
Epoch 1850 | Val Loss: 66.2766 | Val Cost:  854.92 | Val Max P-Miss: 0.4953 | Val Max Q-Miss: 0.2908 | Val Max Gen Viol: 0.0000 | Val Max Thermal: 0.0000
Epoch 1860 | Val Loss: 68.4739 | Val Cost:  861.69 | Val Max P-Miss: 0.5799 | Val Max Q-Miss: 0.1890 | Val Max Gen Viol: 0.0000 | Val Max Thermal: 0.0000
Epoch 1870 | Val Loss: 91.4649 | Val Cost:  878.38 | Val Max P-Miss: 0.6383 | Val Max Q-Miss: 0.2233 | Val Max Gen Viol: 0.0000 | Val Max Thermal: 0.0000
Epoch 1880 | Val Loss: 82.1256 | Val Cost: 1007.46 | Val Max P-Miss: 0.4887 | Val Max Q-Miss: 0.3301 | Val Max Gen Viol: 0.0000 | Val Max Thermal: 0.0000
Epoch 1890 | Val Loss: 78.4136 | Val Cost:  994.69 | Val Max P-Miss: 0.4704 | Val Max Q-Miss: 0.1041 | Val Max Gen Viol: 0.0000 | Val Max Thermal: 0.0000
Epoch 1900 | Val Loss: 53.3873 | Val Cost:  975.57 | Val Max P-Miss: 0.4262 | Val Max Q-Miss: 0.2515 | Val Max Gen Viol: 0.0000 | Val Max Thermal: 0.0000
Epoch 1910 | Val Loss: 55.6520 | Val Cost: 1044.36 | Val Max P-Miss: 0.4153 | Val Max Q-Miss: 0.2493 | Val Max Gen Viol: 0.0000 | Val Max Thermal: 0.0000
Epoch 1920 | Val Loss: 51.9288 | Val Cost: 1111.09 | Val Max P-Miss: 0.3870 | Val Max Q-Miss: 0.2545 | Val Max Gen Viol: 0.0000 | Val Max Thermal: 0.0000
Epoch 1930 | Val Loss: 52.7777 | Val Cost: 1163.11 | Val Max P-Miss: 0.3689 | Val Max Q-Miss: 0.2383 | Val Max Gen Viol: 0.0000 | Val Max Thermal: 0.0000
Epoch 1940 | Val Loss: 82.7483 | Val Cost:  986.70 | Val Max P-Miss: 0.5512 | Val Max Q-Miss: 0.2252 | Val Max Gen Viol: 0.0000 | Val Max Thermal: 0.0000
Epoch 1950 | Val Loss: 64.9509 | Val Cost:  867.27 | Val Max P-Miss: 0.4550 | Val Max Q-Miss: 0.2391 | Val Max Gen Viol: 0.0000 | Val Max Thermal: 0.0000
Epoch 1960 | Val Loss: 49.6957 | Val Cost: 1003.83 | Val Max P-Miss: 0.3578 | Val Max Q-Miss: 0.3137 | Val Max Gen Viol: 0.0000 | Val Max Thermal: 0.0000 [*SAVED BEST*]
Epoch 1970 | Val Loss: 74.0444 | Val Cost: 1001.70 | Val Max P-Miss: 0.4450 | Val Max Q-Miss: 0.3090 | Val Max Gen Viol: 0.0000 | Val Max Thermal: 0.0000
Epoch 1980 | Val Loss: 78.6659 | Val Cost: 1147.24 | Val Max P-Miss: 0.3819 | Val Max Q-Miss: 0.2048 | Val Max Gen Viol: 0.0000 | Val Max Thermal: 0.0000
Epoch 1990 | Val Loss: 55.0864 | Val Cost: 1065.97 | Val Max P-Miss: 0.4027 | Val Max Q-Miss: 0.2703 | Val Max Gen Viol: 0.0000 | Val Max Thermal: 0.0000
Epoch 2000 | Val Loss: 89.3682 | Val Cost: 1111.31 | Val Max P-Miss: 0.3599 | Val Max Q-Miss: 0.4111 | Val Max Gen Viol: 0.0000 | Val Max Thermal: 0.0000
Epoch 2010 | Val Loss: 56.2813 | Val Cost: 1094.09 | Val Max P-Miss: 0.3721 | Val Max Q-Miss: 0.1812 | Val Max Gen Viol: 0.0000 | Val Max Thermal: 0.0000
Epoch 2020 | Val Loss: 51.1939 | Val Cost:  982.50 | Val Max P-Miss: 0.4276 | Val Max Q-Miss: 0.2801 | Val Max Gen Viol: 0.0000 | Val Max Thermal: 0.0000
Epoch 2030 | Val Loss: 59.9172 | Val Cost:  981.30 | Val Max P-Miss: 0.3466 | Val Max Q-Miss: 0.2637 | Val Max Gen Viol: 0.0000 | Val Max Thermal: 0.0000
Epoch 2040 | Val Loss: 47.9635 | Val Cost: 1036.18 | Val Max P-Miss: 0.3611 | Val Max Q-Miss: 0.2533 | Val Max Gen Viol: 0.0000 | Val Max Thermal: 0.0000 [*SAVED BEST*]
Epoch 2050 | Val Loss: 47.9474 | Val Cost: 1033.46 | Val Max P-Miss: 0.4235 | Val Max Q-Miss: 0.2172 | Val Max Gen Viol: 0.0000 | Val Max Thermal: 0.0000 [*SAVED BEST*]
Epoch 2060 | Val Loss: 78.7145 | Val Cost: 1198.38 | Val Max P-Miss: 0.3872 | Val Max Q-Miss: 0.4647 | Val Max Gen Viol: 0.0000 | Val Max Thermal: 0.0000
Epoch 2070 | Val Loss: 104.0531 | Val Cost:  926.71 | Val Max P-Miss: 0.5662 | Val Max Q-Miss: 0.4812 | Val Max Gen Viol: 0.0000 | Val Max Thermal: 0.0000
Epoch 2080 | Val Loss: 62.9115 | Val Cost: 1054.75 | Val Max P-Miss: 0.3355 | Val Max Q-Miss: 0.2976 | Val Max Gen Viol: 0.0000 | Val Max Thermal: 0.0000
Epoch 2090 | Val Loss: 68.5160 | Val Cost:  983.69 | Val Max P-Miss: 0.4095 | Val Max Q-Miss: 0.2551 | Val Max Gen Viol: 0.0000 | Val Max Thermal: 0.0000
Epoch 2100 | Val Loss: 40.4268 | Val Cost: 1170.62 | Val Max P-Miss: 0.3766 | Val Max Q-Miss: 0.2812 | Val Max Gen Viol: 0.0000 | Val Max Thermal: 0.0000 [*SAVED BEST*]
Epoch 2110 | Val Loss: 104.4981 | Val Cost: 1046.47 | Val Max P-Miss: 0.4055 | Val Max Q-Miss: 0.6301 | Val Max Gen Viol: 0.0000 | Val Max Thermal: 0.0000
Epoch 2120 | Val Loss: 74.9339 | Val Cost: 1154.29 | Val Max P-Miss: 0.5196 | Val Max Q-Miss: 0.3257 | Val Max Gen Viol: 0.0000 | Val Max Thermal: 0.0000
Epoch 2130 | Val Loss: 73.0077 | Val Cost: 1103.38 | Val Max P-Miss: 0.4771 | Val Max Q-Miss: 0.2105 | Val Max Gen Viol: 0.0000 | Val Max Thermal: 0.0000
Epoch 2140 | Val Loss: 43.6230 | Val Cost: 1158.95 | Val Max P-Miss: 0.4234 | Val Max Q-Miss: 0.3956 | Val Max Gen Viol: 0.0000 | Val Max Thermal: 0.0000
Epoch 2150 | Val Loss: 52.8240 | Val Cost: 1238.33 | Val Max P-Miss: 0.3478 | Val Max Q-Miss: 0.1441 | Val Max Gen Viol: 0.0000 | Val Max Thermal: 0.0000
Epoch 2160 | Val Loss: 52.2801 | Val Cost: 1289.08 | Val Max P-Miss: 0.3770 | Val Max Q-Miss: 0.1427 | Val Max Gen Viol: 0.0000 | Val Max Thermal: 0.0000
Epoch 2170 | Val Loss: 66.1883 | Val Cost: 1059.82 | Val Max P-Miss: 0.4580 | Val Max Q-Miss: 0.2278 | Val Max Gen Viol: 0.0000 | Val Max Thermal: 0.0000
Epoch 2180 | Val Loss: 75.4390 | Val Cost: 1203.46 | Val Max P-Miss: 0.4359 | Val Max Q-Miss: 0.2494 | Val Max Gen Viol: 0.0000 | Val Max Thermal: 0.0000
Epoch 2190 | Val Loss: 83.1272 | Val Cost: 1113.58 | Val Max P-Miss: 0.3631 | Val Max Q-Miss: 0.3237 | Val Max Gen Viol: 0.0000 | Val Max Thermal: 0.0000
Epoch 2200 | Val Loss: 57.7767 | Val Cost:  915.75 | Val Max P-Miss: 0.3760 | Val Max Q-Miss: 0.3308 | Val Max Gen Viol: 0.0000 | Val Max Thermal: 0.0000
Epoch 2210 | Val Loss: 61.9753 | Val Cost: 1024.91 | Val Max P-Miss: 0.4144 | Val Max Q-Miss: 0.4283 | Val Max Gen Viol: 0.0000 | Val Max Thermal: 0.0000
Epoch 2220 | Val Loss: 80.2914 | Val Cost: 1094.83 | Val Max P-Miss: 0.3920 | Val Max Q-Miss: 0.2728 | Val Max Gen Viol: 0.0000 | Val Max Thermal: 0.0000
Epoch 2230 | Val Loss: 61.1376 | Val Cost: 1120.09 | Val Max P-Miss: 0.3529 | Val Max Q-Miss: 0.3282 | Val Max Gen Viol: 0.0000 | Val Max Thermal: 0.0000
Epoch 2240 | Val Loss: 67.2624 | Val Cost: 1132.32 | Val Max P-Miss: 0.3584 | Val Max Q-Miss: 0.4440 | Val Max Gen Viol: 0.0000 | Val Max Thermal: 0.0000
Epoch 2250 | Val Loss: 59.9748 | Val Cost: 1142.44 | Val Max P-Miss: 0.3969 | Val Max Q-Miss: 0.2563 | Val Max Gen Viol: 0.0000 | Val Max Thermal: 0.0000
Epoch 2260 | Val Loss: 57.3678 | Val Cost: 1153.24 | Val Max P-Miss: 0.3375 | Val Max Q-Miss: 0.4879 | Val Max Gen Viol: 0.0000 | Val Max Thermal: 0.0000
Epoch 2270 | Val Loss: 73.1632 | Val Cost: 1146.80 | Val Max P-Miss: 0.4439 | Val Max Q-Miss: 0.2787 | Val Max Gen Viol: 0.0000 | Val Max Thermal: 0.0000
Epoch 2280 | Val Loss: 72.3932 | Val Cost: 1266.33 | Val Max P-Miss: 0.4276 | Val Max Q-Miss: 0.1991 | Val Max Gen Viol: 0.0000 | Val Max Thermal: 0.0000
Epoch 2290 | Val Loss: 46.1587 | Val Cost: 1157.38 | Val Max P-Miss: 0.3616 | Val Max Q-Miss: 0.2155 | Val Max Gen Viol: 0.0000 | Val Max Thermal: 0.0000
Epoch 2300 | Val Loss: 73.2263 | Val Cost: 1261.35 | Val Max P-Miss: 0.4094 | Val Max Q-Miss: 0.2385 | Val Max Gen Viol: 0.0000 | Val Max Thermal: 0.0000
Epoch 2310 | Val Loss: 61.3267 | Val Cost: 1137.76 | Val Max P-Miss: 0.3873 | Val Max Q-Miss: 0.3777 | Val Max Gen Viol: 0.0000 | Val Max Thermal: 0.0000
Epoch 2320 | Val Loss: 51.7092 | Val Cost: 1337.99 | Val Max P-Miss: 0.2944 | Val Max Q-Miss: 0.2303 | Val Max Gen Viol: 0.0000 | Val Max Thermal: 0.0000
Epoch 2330 | Val Loss: 62.8233 | Val Cost: 1198.65 | Val Max P-Miss: 0.4285 | Val Max Q-Miss: 0.2477 | Val Max Gen Viol: 0.0000 | Val Max Thermal: 0.0000
Epoch 2340 | Val Loss: 49.1943 | Val Cost: 1291.90 | Val Max P-Miss: 0.2750 | Val Max Q-Miss: 0.3386 | Val Max Gen Viol: 0.0000 | Val Max Thermal: 0.0000
Epoch 2350 | Val Loss: 56.9585 | Val Cost: 1171.25 | Val Max P-Miss: 0.3481 | Val Max Q-Miss: 0.3950 | Val Max Gen Viol: 0.0000 | Val Max Thermal: 0.0000
Epoch 2360 | Val Loss: 55.4375 | Val Cost: 1236.77 | Val Max P-Miss: 0.3286 | Val Max Q-Miss: 0.4026 | Val Max Gen Viol: 0.0000 | Val Max Thermal: 0.0000
Epoch 2370 | Val Loss: 64.8022 | Val Cost: 1318.34 | Val Max P-Miss: 0.3988 | Val Max Q-Miss: 0.3467 | Val Max Gen Viol: 0.0000 | Val Max Thermal: 0.0000
Epoch 2380 | Val Loss: 48.3587 | Val Cost: 1270.34 | Val Max P-Miss: 0.4088 | Val Max Q-Miss: 0.2100 | Val Max Gen Viol: 0.0000 | Val Max Thermal: 0.0000
Epoch 2390 | Val Loss: 44.6300 | Val Cost: 1501.09 | Val Max P-Miss: 0.2427 | Val Max Q-Miss: 0.2954 | Val Max Gen Viol: 0.0000 | Val Max Thermal: 0.0000
Epoch 2400 | Val Loss: 79.8704 | Val Cost: 1303.13 | Val Max P-Miss: 0.3513 | Val Max Q-Miss: 0.2994 | Val Max Gen Viol: 0.0000 | Val Max Thermal: 0.0000
Epoch 2410 | Val Loss: 65.8400 | Val Cost: 1201.89 | Val Max P-Miss: 0.3657 | Val Max Q-Miss: 0.2185 | Val Max Gen Viol: 0.0000 | Val Max Thermal: 0.0000
Epoch 2420 | Val Loss: 34.2028 | Val Cost: 1402.19 | Val Max P-Miss: 0.2762 | Val Max Q-Miss: 0.2610 | Val Max Gen Viol: 0.0000 | Val Max Thermal: 0.0000 [*SAVED BEST*]
Epoch 2430 | Val Loss: 39.5330 | Val Cost: 1318.56 | Val Max P-Miss: 0.3459 | Val Max Q-Miss: 0.2239 | Val Max Gen Viol: 0.0000 | Val Max Thermal: 0.0000
Epoch 2440 | Val Loss: 38.0145 | Val Cost: 1377.80 | Val Max P-Miss: 0.3663 | Val Max Q-Miss: 0.2234 | Val Max Gen Viol: 0.0000 | Val Max Thermal: 0.0000
Epoch 2450 | Val Loss: 38.6823 | Val Cost: 1419.80 | Val Max P-Miss: 0.3559 | Val Max Q-Miss: 0.2151 | Val Max Gen Viol: 0.0000 | Val Max Thermal: 0.0000
Epoch 2460 | Val Loss: 40.3776 | Val Cost: 1442.68 | Val Max P-Miss: 0.3480 | Val Max Q-Miss: 0.2084 | Val Max Gen Viol: 0.0000 | Val Max Thermal: 0.0000
Epoch 2470 | Val Loss: 38.4698 | Val Cost: 1459.39 | Val Max P-Miss: 0.3324 | Val Max Q-Miss: 0.2042 | Val Max Gen Viol: 0.0000 | Val Max Thermal: 0.0000
Epoch 2480 | Val Loss: 36.9722 | Val Cost: 1474.27 | Val Max P-Miss: 0.3194 | Val Max Q-Miss: 0.2025 | Val Max Gen Viol: 0.0000 | Val Max Thermal: 0.0000
Epoch 2490 | Val Loss: 35.5305 | Val Cost: 1486.85 | Val Max P-Miss: 0.3140 | Val Max Q-Miss: 0.1958 | Val Max Gen Viol: 0.0000 | Val Max Thermal: 0.0000
Epoch 2500 | Val Loss: 46.1278 | Val Cost: 1475.61 | Val Max P-Miss: 0.3034 | Val Max Q-Miss: 0.2694 | Val Max Gen Viol: 0.0000 | Val Max Thermal: 0.0000
Epoch 2510 | Val Loss: 48.7459 | Val Cost: 1429.48 | Val Max P-Miss: 0.2840 | Val Max Q-Miss: 0.2563 | Val Max Gen Viol: 0.0000 | Val Max Thermal: 0.0000
Epoch 2520 | Val Loss: 61.4521 | Val Cost: 1102.95 | Val Max P-Miss: 0.3733 | Val Max Q-Miss: 0.4491 | Val Max Gen Viol: 0.0000 | Val Max Thermal: 0.0000
Epoch 2530 | Val Loss: 58.5713 | Val Cost: 1196.97 | Val Max P-Miss: 0.4903 | Val Max Q-Miss: 0.2212 | Val Max Gen Viol: 0.0000 | Val Max Thermal: 0.0000
Epoch 2540 | Val Loss: 85.1870 | Val Cost: 1043.96 | Val Max P-Miss: 0.4910 | Val Max Q-Miss: 0.2688 | Val Max Gen Viol: 0.0000 | Val Max Thermal: 0.0000
Epoch 2550 | Val Loss: 90.7703 | Val Cost: 1216.62 | Val Max P-Miss: 0.4417 | Val Max Q-Miss: 0.6403 | Val Max Gen Viol: 0.0000 | Val Max Thermal: 0.0000
Epoch 2560 | Val Loss: 58.4383 | Val Cost: 1091.96 | Val Max P-Miss: 0.3182 | Val Max Q-Miss: 0.2632 | Val Max Gen Viol: 0.0000 | Val Max Thermal: 0.0000
Epoch 2570 | Val Loss: 41.3362 | Val Cost: 1424.88 | Val Max P-Miss: 0.3545 | Val Max Q-Miss: 0.2212 | Val Max Gen Viol: 0.0000 | Val Max Thermal: 0.0000
Epoch 2580 | Val Loss: 46.9130 | Val Cost: 1184.21 | Val Max P-Miss: 0.2706 | Val Max Q-Miss: 0.3630 | Val Max Gen Viol: 0.0000 | Val Max Thermal: 0.0000
Epoch 2590 | Val Loss: 68.8145 | Val Cost: 1249.82 | Val Max P-Miss: 0.3471 | Val Max Q-Miss: 0.4901 | Val Max Gen Viol: 0.0000 | Val Max Thermal: 0.0000
Epoch 2600 | Val Loss: 99.5807 | Val Cost: 1363.06 | Val Max P-Miss: 0.4679 | Val Max Q-Miss: 0.4310 | Val Max Gen Viol: 0.0000 | Val Max Thermal: 0.0000
Epoch 2610 | Val Loss: 50.3371 | Val Cost: 1268.21 | Val Max P-Miss: 0.3902 | Val Max Q-Miss: 0.1658 | Val Max Gen Viol: 0.0000 | Val Max Thermal: 0.0000
Epoch 2620 | Val Loss: 44.6967 | Val Cost: 1394.13 | Val Max P-Miss: 0.3366 | Val Max Q-Miss: 0.1496 | Val Max Gen Viol: 0.0000 | Val Max Thermal: 0.0000
Epoch 2630 | Val Loss: 59.2024 | Val Cost: 1365.61 | Val Max P-Miss: 0.3570 | Val Max Q-Miss: 0.2836 | Val Max Gen Viol: 0.0000 | Val Max Thermal: 0.0000
Epoch 2640 | Val Loss: 43.0896 | Val Cost: 1449.33 | Val Max P-Miss: 0.3291 | Val Max Q-Miss: 0.1275 | Val Max Gen Viol: 0.0000 | Val Max Thermal: 0.0000
Epoch 2650 | Val Loss: 31.4549 | Val Cost: 1479.44 | Val Max P-Miss: 0.2206 | Val Max Q-Miss: 0.1766 | Val Max Gen Viol: 0.0000 | Val Max Thermal: 0.0000 [*SAVED BEST*]
Epoch 2660 | Val Loss: 42.3872 | Val Cost: 1561.21 | Val Max P-Miss: 0.3118 | Val Max Q-Miss: 0.1549 | Val Max Gen Viol: 0.0000 | Val Max Thermal: 0.0000
Epoch 2670 | Val Loss: 44.5557 | Val Cost: 1494.10 | Val Max P-Miss: 0.4309 | Val Max Q-Miss: 0.2343 | Val Max Gen Viol: 0.0000 | Val Max Thermal: 0.0000
Epoch 2680 | Val Loss: 41.9248 | Val Cost: 1468.92 | Val Max P-Miss: 0.3793 | Val Max Q-Miss: 0.1993 | Val Max Gen Viol: 0.0000 | Val Max Thermal: 0.0000
Epoch 2690 | Val Loss: 35.7136 | Val Cost: 1465.96 | Val Max P-Miss: 0.3753 | Val Max Q-Miss: 0.1864 | Val Max Gen Viol: 0.0000 | Val Max Thermal: 0.0000
Epoch 2700 | Val Loss: 60.7035 | Val Cost: 1349.70 | Val Max P-Miss: 0.3544 | Val Max Q-Miss: 0.2796 | Val Max Gen Viol: 0.0000 | Val Max Thermal: 0.0000
Epoch 2710 | Val Loss: 48.1877 | Val Cost: 1397.85 | Val Max P-Miss: 0.3761 | Val Max Q-Miss: 0.2435 | Val Max Gen Viol: 0.0000 | Val Max Thermal: 0.0000
Epoch 2720 | Val Loss: 38.5008 | Val Cost: 1528.92 | Val Max P-Miss: 0.3689 | Val Max Q-Miss: 0.2035 | Val Max Gen Viol: 0.0000 | Val Max Thermal: 0.0000
Epoch 2730 | Val Loss: 39.1671 | Val Cost: 1353.05 | Val Max P-Miss: 0.3446 | Val Max Q-Miss: 0.3157 | Val Max Gen Viol: 0.0000 | Val Max Thermal: 0.0000
Epoch 2740 | Val Loss: 37.2295 | Val Cost: 1449.29 | Val Max P-Miss: 0.2920 | Val Max Q-Miss: 0.1460 | Val Max Gen Viol: 0.0000 | Val Max Thermal: 0.0000
Epoch 2750 | Val Loss: 60.0065 | Val Cost: 1419.97 | Val Max P-Miss: 0.3136 | Val Max Q-Miss: 0.1741 | Val Max Gen Viol: 0.0000 | Val Max Thermal: 0.0000
Epoch 2760 | Val Loss: 33.0480 | Val Cost: 1400.57 | Val Max P-Miss: 0.2473 | Val Max Q-Miss: 0.2452 | Val Max Gen Viol: 0.0000 | Val Max Thermal: 0.0000
Epoch 2770 | Val Loss: 54.7897 | Val Cost: 1354.77 | Val Max P-Miss: 0.3863 | Val Max Q-Miss: 0.3207 | Val Max Gen Viol: 0.0000 | Val Max Thermal: 0.0000
Epoch 2780 | Val Loss: 59.0626 | Val Cost: 1236.00 | Val Max P-Miss: 0.4428 | Val Max Q-Miss: 0.2030 | Val Max Gen Viol: 0.0000 | Val Max Thermal: 0.0000
Epoch 2790 | Val Loss: 45.7884 | Val Cost: 1374.31 | Val Max P-Miss: 0.2344 | Val Max Q-Miss: 0.2201 | Val Max Gen Viol: 0.0000 | Val Max Thermal: 0.0000
Epoch 2800 | Val Loss: 40.1334 | Val Cost: 1493.99 | Val Max P-Miss: 0.2291 | Val Max Q-Miss: 0.1914 | Val Max Gen Viol: 0.0000 | Val Max Thermal: 0.0000
Epoch 2810 | Val Loss: 42.1124 | Val Cost: 1634.77 | Val Max P-Miss: 0.2784 | Val Max Q-Miss: 0.1898 | Val Max Gen Viol: 0.0000 | Val Max Thermal: 0.0000
Epoch 2820 | Val Loss: 40.4836 | Val Cost: 1658.70 | Val Max P-Miss: 0.3105 | Val Max Q-Miss: 0.1708 | Val Max Gen Viol: 0.0000 | Val Max Thermal: 0.0000
Epoch 2830 | Val Loss: 29.2318 | Val Cost: 1470.13 | Val Max P-Miss: 0.2905 | Val Max Q-Miss: 0.1652 | Val Max Gen Viol: 0.0000 | Val Max Thermal: 0.0000 [*SAVED BEST*]
Epoch 2840 | Val Loss: 37.5065 | Val Cost: 1432.93 | Val Max P-Miss: 0.2658 | Val Max Q-Miss: 0.2512 | Val Max Gen Viol: 0.0000 | Val Max Thermal: 0.0000
Epoch 2850 | Val Loss: 39.8960 | Val Cost: 1399.43 | Val Max P-Miss: 0.2591 | Val Max Q-Miss: 0.2865 | Val Max Gen Viol: 0.0000 | Val Max Thermal: 0.0000
Epoch 2860 | Val Loss: 34.3820 | Val Cost: 1411.44 | Val Max P-Miss: 0.2618 | Val Max Q-Miss: 0.1251 | Val Max Gen Viol: 0.0000 | Val Max Thermal: 0.0000
Epoch 2870 | Val Loss: 83.3092 | Val Cost: 1300.31 | Val Max P-Miss: 0.3726 | Val Max Q-Miss: 0.5242 | Val Max Gen Viol: 0.0000 | Val Max Thermal: 0.0000
Epoch 2880 | Val Loss: 40.1967 | Val Cost: 1296.89 | Val Max P-Miss: 0.2847 | Val Max Q-Miss: 0.1616 | Val Max Gen Viol: 0.0000 | Val Max Thermal: 0.0000
Epoch 2890 | Val Loss: 82.1704 | Val Cost: 1442.44 | Val Max P-Miss: 0.2926 | Val Max Q-Miss: 0.5095 | Val Max Gen Viol: 0.0000 | Val Max Thermal: 0.0000
Epoch 2900 | Val Loss: 88.1628 | Val Cost: 1395.38 | Val Max P-Miss: 0.2682 | Val Max Q-Miss: 0.5528 | Val Max Gen Viol: 0.0000 | Val Max Thermal: 0.0000
Epoch 2910 | Val Loss: 48.4924 | Val Cost: 1356.37 | Val Max P-Miss: 0.4726 | Val Max Q-Miss: 0.2147 | Val Max Gen Viol: 0.0000 | Val Max Thermal: 0.0000
Epoch 2920 | Val Loss: 33.5579 | Val Cost: 1398.68 | Val Max P-Miss: 0.2938 | Val Max Q-Miss: 0.2300 | Val Max Gen Viol: 0.0000 | Val Max Thermal: 0.0000
Epoch 2930 | Val Loss: 69.0091 | Val Cost: 1451.41 | Val Max P-Miss: 0.3317 | Val Max Q-Miss: 0.4635 | Val Max Gen Viol: 0.0000 | Val Max Thermal: 0.0000
Epoch 2940 | Val Loss: 68.3216 | Val Cost: 1425.28 | Val Max P-Miss: 0.3310 | Val Max Q-Miss: 0.3620 | Val Max Gen Viol: 0.0000 | Val Max Thermal: 0.0000
Epoch 2950 | Val Loss: 50.7614 | Val Cost: 1483.38 | Val Max P-Miss: 0.2933 | Val Max Q-Miss: 0.2710 | Val Max Gen Viol: 0.0000 | Val Max Thermal: 0.0000
Epoch 2960 | Val Loss: 34.4659 | Val Cost: 1405.46 | Val Max P-Miss: 0.2454 | Val Max Q-Miss: 0.1259 | Val Max Gen Viol: 0.0000 | Val Max Thermal: 0.0000
Epoch 2970 | Val Loss: 43.5408 | Val Cost: 1453.76 | Val Max P-Miss: 0.2605 | Val Max Q-Miss: 0.2177 | Val Max Gen Viol: 0.0000 | Val Max Thermal: 0.0000
Epoch 2980 | Val Loss: 38.2721 | Val Cost: 1597.97 | Val Max P-Miss: 0.2538 | Val Max Q-Miss: 0.2185 | Val Max Gen Viol: 0.0000 | Val Max Thermal: 0.0000
Epoch 2990 | Val Loss: 51.9671 | Val Cost: 1447.33 | Val Max P-Miss: 0.3623 | Val Max Q-Miss: 0.3368 | Val Max Gen Viol: 0.0000 | Val Max Thermal: 0.0000
Epoch 3000 | Val Loss: 33.5805 | Val Cost: 1558.57 | Val Max P-Miss: 0.1986 | Val Max Q-Miss: 0.2408 | Val Max Gen Viol: 0.0000 | Val Max Thermal: 0.0000
Epoch 3010 | Val Loss: 36.7172 | Val Cost: 1641.85 | Val Max P-Miss: 0.2679 | Val Max Q-Miss: 0.2715 | Val Max Gen Viol: 0.0000 | Val Max Thermal: 0.0000
Epoch 3020 | Val Loss: 34.4654 | Val Cost: 1722.55 | Val Max P-Miss: 0.1717 | Val Max Q-Miss: 0.3499 | Val Max Gen Viol: 0.0000 | Val Max Thermal: 0.0000
Epoch 3030 | Val Loss: 34.0648 | Val Cost: 1781.66 | Val Max P-Miss: 0.2301 | Val Max Q-Miss: 0.0956 | Val Max Gen Viol: 0.0000 | Val Max Thermal: 0.0000
Epoch 3040 | Val Loss: 33.5227 | Val Cost: 1813.81 | Val Max P-Miss: 0.2319 | Val Max Q-Miss: 0.0982 | Val Max Gen Viol: 0.0000 | Val Max Thermal: 0.0000
Epoch 3050 | Val Loss: 75.3250 | Val Cost: 1594.55 | Val Max P-Miss: 0.4050 | Val Max Q-Miss: 0.3490 | Val Max Gen Viol: 0.0000 | Val Max Thermal: 0.0000
Epoch 3060 | Val Loss: 54.4147 | Val Cost: 1493.12 | Val Max P-Miss: 0.3962 | Val Max Q-Miss: 0.2876 | Val Max Gen Viol: 0.0000 | Val Max Thermal: 0.0000
Epoch 3070 | Val Loss: 57.4619 | Val Cost: 1582.97 | Val Max P-Miss: 0.2891 | Val Max Q-Miss: 0.2051 | Val Max Gen Viol: 0.0000 | Val Max Thermal: 0.0000
Epoch 3080 | Val Loss: 53.9844 | Val Cost: 1570.48 | Val Max P-Miss: 0.3252 | Val Max Q-Miss: 0.2841 | Val Max Gen Viol: 0.0000 | Val Max Thermal: 0.0000
Epoch 3090 | Val Loss: 53.2563 | Val Cost: 1650.89 | Val Max P-Miss: 0.2104 | Val Max Q-Miss: 0.5822 | Val Max Gen Viol: 0.0000 | Val Max Thermal: 0.0000
Epoch 3100 | Val Loss: 36.8559 | Val Cost: 1576.60 | Val Max P-Miss: 0.2255 | Val Max Q-Miss: 0.2078 | Val Max Gen Viol: 0.0000 | Val Max Thermal: 0.0000
Epoch 3110 | Val Loss: 47.6741 | Val Cost: 1520.91 | Val Max P-Miss: 0.3332 | Val Max Q-Miss: 0.1527 | Val Max Gen Viol: 0.0000 | Val Max Thermal: 0.0000
Epoch 3120 | Val Loss: 39.1993 | Val Cost: 1474.86 | Val Max P-Miss: 0.3055 | Val Max Q-Miss: 0.2492 | Val Max Gen Viol: 0.0000 | Val Max Thermal: 0.0000
Epoch 3130 | Val Loss: 34.4651 | Val Cost: 1499.66 | Val Max P-Miss: 0.2571 | Val Max Q-Miss: 0.1923 | Val Max Gen Viol: 0.0000 | Val Max Thermal: 0.0000
Epoch 3140 | Val Loss: 48.8200 | Val Cost: 1593.59 | Val Max P-Miss: 0.3068 | Val Max Q-Miss: 0.1998 | Val Max Gen Viol: 0.0000 | Val Max Thermal: 0.0000
Epoch 3150 | Val Loss: 33.0031 | Val Cost: 1540.03 | Val Max P-Miss: 0.2582 | Val Max Q-Miss: 0.1894 | Val Max Gen Viol: 0.0000 | Val Max Thermal: 0.0000
Epoch 3160 | Val Loss: 30.2629 | Val Cost: 1539.90 | Val Max P-Miss: 0.2682 | Val Max Q-Miss: 0.2058 | Val Max Gen Viol: 0.0000 | Val Max Thermal: 0.0000
Epoch 3170 | Val Loss: 57.9722 | Val Cost: 1665.67 | Val Max P-Miss: 0.4248 | Val Max Q-Miss: 0.1985 | Val Max Gen Viol: 0.0000 | Val Max Thermal: 0.0000
Epoch 3180 | Val Loss: 35.8339 | Val Cost: 1602.71 | Val Max P-Miss: 0.3359 | Val Max Q-Miss: 0.1284 | Val Max Gen Viol: 0.0000 | Val Max Thermal: 0.0000
Epoch 3190 | Val Loss: 29.7921 | Val Cost: 1607.35 | Val Max P-Miss: 0.2398 | Val Max Q-Miss: 0.1731 | Val Max Gen Viol: 0.0000 | Val Max Thermal: 0.0000
Epoch 3200 | Val Loss: 32.9211 | Val Cost: 1576.55 | Val Max P-Miss: 0.3216 | Val Max Q-Miss: 0.2182 | Val Max Gen Viol: 0.0000 | Val Max Thermal: 0.0000
Epoch 3210 | Val Loss: 47.2406 | Val Cost: 1624.14 | Val Max P-Miss: 0.2112 | Val Max Q-Miss: 0.3744 | Val Max Gen Viol: 0.0000 | Val Max Thermal: 0.0000
Epoch 3220 | Val Loss: 26.0961 | Val Cost: 1760.60 | Val Max P-Miss: 0.2299 | Val Max Q-Miss: 0.1219 | Val Max Gen Viol: 0.0000 | Val Max Thermal: 0.0000 [*SAVED BEST*]
Epoch 3230 | Val Loss: 27.1515 | Val Cost: 1819.52 | Val Max P-Miss: 0.2422 | Val Max Q-Miss: 0.0937 | Val Max Gen Viol: 0.0000 | Val Max Thermal: 0.0000
Epoch 3240 | Val Loss: 34.3601 | Val Cost: 1695.97 | Val Max P-Miss: 0.2158 | Val Max Q-Miss: 0.1987 | Val Max Gen Viol: 0.0000 | Val Max Thermal: 0.0000
Epoch 3250 | Val Loss: 24.9199 | Val Cost: 1665.24 | Val Max P-Miss: 0.3115 | Val Max Q-Miss: 0.1026 | Val Max Gen Viol: 0.0000 | Val Max Thermal: 0.0000 [*SAVED BEST*]
Epoch 3260 | Val Loss: 41.2507 | Val Cost: 1593.02 | Val Max P-Miss: 0.3380 | Val Max Q-Miss: 0.2327 | Val Max Gen Viol: 0.0000 | Val Max Thermal: 0.0000
Epoch 3270 | Val Loss: 41.5048 | Val Cost: 1523.26 | Val Max P-Miss: 0.3593 | Val Max Q-Miss: 0.2286 | Val Max Gen Viol: 0.0000 | Val Max Thermal: 0.0000
Epoch 3280 | Val Loss: 45.3452 | Val Cost: 1589.02 | Val Max P-Miss: 0.2957 | Val Max Q-Miss: 0.3236 | Val Max Gen Viol: 0.0000 | Val Max Thermal: 0.0000
Epoch 3290 | Val Loss: 33.6305 | Val Cost: 1630.06 | Val Max P-Miss: 0.2783 | Val Max Q-Miss: 0.2141 | Val Max Gen Viol: 0.0000 | Val Max Thermal: 0.0000
Epoch 3300 | Val Loss: 55.9909 | Val Cost: 1653.78 | Val Max P-Miss: 0.4050 | Val Max Q-Miss: 0.1846 | Val Max Gen Viol: 0.0000 | Val Max Thermal: 0.0000
Epoch 3310 | Val Loss: 30.2982 | Val Cost: 1630.17 | Val Max P-Miss: 0.2057 | Val Max Q-Miss: 0.1721 | Val Max Gen Viol: 0.0000 | Val Max Thermal: 0.0000
Epoch 3320 | Val Loss: 79.4985 | Val Cost: 1656.81 | Val Max P-Miss: 0.3216 | Val Max Q-Miss: 0.3756 | Val Max Gen Viol: 0.0000 | Val Max Thermal: 0.0000
Epoch 3330 | Val Loss: 41.9672 | Val Cost: 1607.15 | Val Max P-Miss: 0.1921 | Val Max Q-Miss: 0.2589 | Val Max Gen Viol: 0.0000 | Val Max Thermal: 0.0000
Epoch 3340 | Val Loss: 26.0991 | Val Cost: 1698.83 | Val Max P-Miss: 0.2283 | Val Max Q-Miss: 0.1186 | Val Max Gen Viol: 0.0000 | Val Max Thermal: 0.0000
Epoch 3350 | Val Loss: 33.8889 | Val Cost: 1675.73 | Val Max P-Miss: 0.3522 | Val Max Q-Miss: 0.1543 | Val Max Gen Viol: 0.0000 | Val Max Thermal: 0.0000
Epoch 3360 | Val Loss: 33.0114 | Val Cost: 1603.45 | Val Max P-Miss: 0.2060 | Val Max Q-Miss: 0.2774 | Val Max Gen Viol: 0.0000 | Val Max Thermal: 0.0000
Epoch 3370 | Val Loss: 43.7843 | Val Cost: 1578.46 | Val Max P-Miss: 0.4159 | Val Max Q-Miss: 0.2778 | Val Max Gen Viol: 0.0000 | Val Max Thermal: 0.0000
Epoch 3380 | Val Loss: 44.3095 | Val Cost: 1573.49 | Val Max P-Miss: 0.3556 | Val Max Q-Miss: 0.2573 | Val Max Gen Viol: 0.0000 | Val Max Thermal: 0.0000
Epoch 3390 | Val Loss: 26.8180 | Val Cost: 1631.52 | Val Max P-Miss: 0.2511 | Val Max Q-Miss: 0.1847 | Val Max Gen Viol: 0.0000 | Val Max Thermal: 0.0000
Epoch 3400 | Val Loss: 32.9009 | Val Cost: 1637.60 | Val Max P-Miss: 0.2605 | Val Max Q-Miss: 0.2153 | Val Max Gen Viol: 0.0000 | Val Max Thermal: 0.0000
Epoch 3410 | Val Loss: 87.5770 | Val Cost: 1635.42 | Val Max P-Miss: 0.3416 | Val Max Q-Miss: 0.2919 | Val Max Gen Viol: 0.0000 | Val Max Thermal: 0.0000
Epoch 3420 | Val Loss: 35.8063 | Val Cost: 1647.53 | Val Max P-Miss: 0.2591 | Val Max Q-Miss: 0.1864 | Val Max Gen Viol: 0.0000 | Val Max Thermal: 0.0000
Epoch 3430 | Val Loss: 60.1262 | Val Cost: 1738.14 | Val Max P-Miss: 0.3812 | Val Max Q-Miss: 0.3413 | Val Max Gen Viol: 0.0000 | Val Max Thermal: 0.0000
Epoch 3440 | Val Loss: 46.9276 | Val Cost: 1595.56 | Val Max P-Miss: 0.2646 | Val Max Q-Miss: 0.2240 | Val Max Gen Viol: 0.0000 | Val Max Thermal: 0.0000
Epoch 3450 | Val Loss: 49.3075 | Val Cost: 1663.58 | Val Max P-Miss: 0.3205 | Val Max Q-Miss: 0.2061 | Val Max Gen Viol: 0.0000 | Val Max Thermal: 0.0000
Epoch 3460 | Val Loss: 66.0657 | Val Cost: 1731.53 | Val Max P-Miss: 0.3260 | Val Max Q-Miss: 0.3371 | Val Max Gen Viol: 0.0000 | Val Max Thermal: 0.0000
Epoch 3470 | Val Loss: 57.5196 | Val Cost: 1618.19 | Val Max P-Miss: 0.4181 | Val Max Q-Miss: 0.1814 | Val Max Gen Viol: 0.0000 | Val Max Thermal: 0.0000
Epoch 3480 | Val Loss: 50.7665 | Val Cost: 1554.87 | Val Max P-Miss: 0.2536 | Val Max Q-Miss: 0.2486 | Val Max Gen Viol: 0.0000 | Val Max Thermal: 0.0000
Epoch 3490 | Val Loss: 35.2769 | Val Cost: 1707.46 | Val Max P-Miss: 0.3029 | Val Max Q-Miss: 0.1993 | Val Max Gen Viol: 0.0000 | Val Max Thermal: 0.0000
Epoch 3500 | Val Loss: 35.0320 | Val Cost: 1600.96 | Val Max P-Miss: 0.3006 | Val Max Q-Miss: 0.2231 | Val Max Gen Viol: 0.0000 | Val Max Thermal: 0.0000
Epoch 3510 | Val Loss: 44.8050 | Val Cost: 1672.79 | Val Max P-Miss: 0.3201 | Val Max Q-Miss: 0.2509 | Val Max Gen Viol: 0.0000 | Val Max Thermal: 0.0000
Epoch 3520 | Val Loss: 49.8710 | Val Cost: 1690.43 | Val Max P-Miss: 0.2884 | Val Max Q-Miss: 0.2905 | Val Max Gen Viol: 0.0000 | Val Max Thermal: 0.0000
Epoch 3530 | Val Loss: 36.2777 | Val Cost: 1696.74 | Val Max P-Miss: 0.2446 | Val Max Q-Miss: 0.1790 | Val Max Gen Viol: 0.0000 | Val Max Thermal: 0.0000
Epoch 3540 | Val Loss: 35.5600 | Val Cost: 1689.04 | Val Max P-Miss: 0.3194 | Val Max Q-Miss: 0.3050 | Val Max Gen Viol: 0.0000 | Val Max Thermal: 0.0000
Epoch 3550 | Val Loss: 25.6291 | Val Cost: 1725.55 | Val Max P-Miss: 0.1744 | Val Max Q-Miss: 0.1891 | Val Max Gen Viol: 0.0000 | Val Max Thermal: 0.0000
Epoch 3560 | Val Loss: 37.8028 | Val Cost: 1668.17 | Val Max P-Miss: 0.2875 | Val Max Q-Miss: 0.2153 | Val Max Gen Viol: 0.0000 | Val Max Thermal: 0.0000
Epoch 3570 | Val Loss: 36.7635 | Val Cost: 1706.48 | Val Max P-Miss: 0.3584 | Val Max Q-Miss: 0.1911 | Val Max Gen Viol: 0.0000 | Val Max Thermal: 0.0000
Epoch 3580 | Val Loss: 44.9856 | Val Cost: 1695.86 | Val Max P-Miss: 0.3397 | Val Max Q-Miss: 0.2067 | Val Max Gen Viol: 0.0000 | Val Max Thermal: 0.0000
Epoch 3590 | Val Loss: 60.0090 | Val Cost: 1699.33 | Val Max P-Miss: 0.3468 | Val Max Q-Miss: 0.2515 | Val Max Gen Viol: 0.0000 | Val Max Thermal: 0.0000
Epoch 3600 | Val Loss: 41.8087 | Val Cost: 1759.29 | Val Max P-Miss: 0.3012 | Val Max Q-Miss: 0.1998 | Val Max Gen Viol: 0.0000 | Val Max Thermal: 0.0000
Epoch 3610 | Val Loss: 40.3224 | Val Cost: 1608.62 | Val Max P-Miss: 0.2230 | Val Max Q-Miss: 0.3276 | Val Max Gen Viol: 0.0000 | Val Max Thermal: 0.0000
Epoch 3620 | Val Loss: 63.6387 | Val Cost: 1691.52 | Val Max P-Miss: 0.2165 | Val Max Q-Miss: 0.5308 | Val Max Gen Viol: 0.0000 | Val Max Thermal: 0.0000
Epoch 3630 | Val Loss: 32.1506 | Val Cost: 1683.19 | Val Max P-Miss: 0.2601 | Val Max Q-Miss: 0.1803 | Val Max Gen Viol: 0.0000 | Val Max Thermal: 0.0000
Epoch 3640 | Val Loss: 30.1474 | Val Cost: 1670.00 | Val Max P-Miss: 0.2350 | Val Max Q-Miss: 0.1775 | Val Max Gen Viol: 0.0000 | Val Max Thermal: 0.0000
Epoch 3650 | Val Loss: 52.4201 | Val Cost: 1643.67 | Val Max P-Miss: 0.2784 | Val Max Q-Miss: 0.2106 | Val Max Gen Viol: 0.0000 | Val Max Thermal: 0.0000
Epoch 3660 | Val Loss: 33.4696 | Val Cost: 1713.07 | Val Max P-Miss: 0.2198 | Val Max Q-Miss: 0.1186 | Val Max Gen Viol: 0.0000 | Val Max Thermal: 0.0000
Epoch 3670 | Val Loss: 30.8477 | Val Cost: 1833.23 | Val Max P-Miss: 0.2256 | Val Max Q-Miss: 0.1142 | Val Max Gen Viol: 0.0000 | Val Max Thermal: 0.0000
Epoch 3680 | Val Loss: 33.6779 | Val Cost: 1815.72 | Val Max P-Miss: 0.1920 | Val Max Q-Miss: 0.1478 | Val Max Gen Viol: 0.0000 | Val Max Thermal: 0.0000
Epoch 3690 | Val Loss: 58.9683 | Val Cost: 1697.12 | Val Max P-Miss: 0.2388 | Val Max Q-Miss: 0.3112 | Val Max Gen Viol: 0.0000 | Val Max Thermal: 0.0000
Epoch 3700 | Val Loss: 32.7969 | Val Cost: 1761.55 | Val Max P-Miss: 0.2319 | Val Max Q-Miss: 0.2726 | Val Max Gen Viol: 0.0000 | Val Max Thermal: 0.0000
Epoch 3710 | Val Loss: 48.5730 | Val Cost: 1734.66 | Val Max P-Miss: 0.3463 | Val Max Q-Miss: 0.3608 | Val Max Gen Viol: 0.0000 | Val Max Thermal: 0.0000
Epoch 3720 | Val Loss: 34.1194 | Val Cost: 1693.30 | Val Max P-Miss: 0.2759 | Val Max Q-Miss: 0.2036 | Val Max Gen Viol: 0.0000 | Val Max Thermal: 0.0000
Epoch 3730 | Val Loss: 30.5083 | Val Cost: 1748.69 | Val Max P-Miss: 0.2676 | Val Max Q-Miss: 0.1935 | Val Max Gen Viol: 0.0000 | Val Max Thermal: 0.0000
Epoch 3740 | Val Loss: 52.3867 | Val Cost: 1697.12 | Val Max P-Miss: 0.5056 | Val Max Q-Miss: 0.2952 | Val Max Gen Viol: 0.0000 | Val Max Thermal: 0.0000
Epoch 3750 | Val Loss: 30.9026 | Val Cost: 1682.28 | Val Max P-Miss: 0.2294 | Val Max Q-Miss: 0.1385 | Val Max Gen Viol: 0.0000 | Val Max Thermal: 0.0000
Epoch 3760 | Val Loss: 51.1710 | Val Cost: 1683.18 | Val Max P-Miss: 0.4903 | Val Max Q-Miss: 0.2187 | Val Max Gen Viol: 0.0000 | Val Max Thermal: 0.0000
Epoch 3770 | Val Loss: 33.8217 | Val Cost: 1743.16 | Val Max P-Miss: 0.2198 | Val Max Q-Miss: 0.1726 | Val Max Gen Viol: 0.0000 | Val Max Thermal: 0.0000
Epoch 3780 | Val Loss: 88.6688 | Val Cost: 1658.91 | Val Max P-Miss: 0.5609 | Val Max Q-Miss: 0.2890 | Val Max Gen Viol: 0.0000 | Val Max Thermal: 0.0000
Epoch 3790 | Val Loss: 36.1766 | Val Cost: 1704.76 | Val Max P-Miss: 0.2863 | Val Max Q-Miss: 0.1012 | Val Max Gen Viol: 0.0000 | Val Max Thermal: 0.0000
Epoch 3800 | Val Loss: 42.7409 | Val Cost: 1727.34 | Val Max P-Miss: 0.3237 | Val Max Q-Miss: 0.2444 | Val Max Gen Viol: 0.0000 | Val Max Thermal: 0.0000
Epoch 3810 | Val Loss: 29.1461 | Val Cost: 1799.45 | Val Max P-Miss: 0.2570 | Val Max Q-Miss: 0.2392 | Val Max Gen Viol: 0.0000 | Val Max Thermal: 0.0000
Epoch 3820 | Val Loss: 43.6559 | Val Cost: 1762.13 | Val Max P-Miss: 0.2323 | Val Max Q-Miss: 0.2554 | Val Max Gen Viol: 0.0000 | Val Max Thermal: 0.0000
Epoch 3830 | Val Loss: 25.3297 | Val Cost: 1801.66 | Val Max P-Miss: 0.2122 | Val Max Q-Miss: 0.1560 | Val Max Gen Viol: 0.0000 | Val Max Thermal: 0.0000
Epoch 3840 | Val Loss: 39.0487 | Val Cost: 1745.73 | Val Max P-Miss: 0.2116 | Val Max Q-Miss: 0.2903 | Val Max Gen Viol: 0.0000 | Val Max Thermal: 0.0000
Epoch 3850 | Val Loss: 54.7346 | Val Cost: 1762.03 | Val Max P-Miss: 0.3581 | Val Max Q-Miss: 0.3373 | Val Max Gen Viol: 0.0000 | Val Max Thermal: 0.0000
Epoch 3860 | Val Loss: 25.0440 | Val Cost: 1829.79 | Val Max P-Miss: 0.2456 | Val Max Q-Miss: 0.1512 | Val Max Gen Viol: 0.0000 | Val Max Thermal: 0.0000
Epoch 3870 | Val Loss: 40.0227 | Val Cost: 1815.81 | Val Max P-Miss: 0.2008 | Val Max Q-Miss: 0.1751 | Val Max Gen Viol: 0.0000 | Val Max Thermal: 0.0000
Epoch 3880 | Val Loss: 31.9230 | Val Cost: 1778.82 | Val Max P-Miss: 0.3091 | Val Max Q-Miss: 0.2018 | Val Max Gen Viol: 0.0000 | Val Max Thermal: 0.0000
Epoch 3890 | Val Loss: 30.4074 | Val Cost: 1782.68 | Val Max P-Miss: 0.2954 | Val Max Q-Miss: 0.1855 | Val Max Gen Viol: 0.0000 | Val Max Thermal: 0.0000
Epoch 3900 | Val Loss: 28.7125 | Val Cost: 1792.71 | Val Max P-Miss: 0.2961 | Val Max Q-Miss: 0.1592 | Val Max Gen Viol: 0.0000 | Val Max Thermal: 0.0000
Epoch 3910 | Val Loss: 27.5238 | Val Cost: 1803.13 | Val Max P-Miss: 0.2746 | Val Max Q-Miss: 0.1643 | Val Max Gen Viol: 0.0000 | Val Max Thermal: 0.0000
Epoch 3920 | Val Loss: 26.3218 | Val Cost: 1814.27 | Val Max P-Miss: 0.2616 | Val Max Q-Miss: 0.1610 | Val Max Gen Viol: 0.0000 | Val Max Thermal: 0.0000
Epoch 3930 | Val Loss: 25.1151 | Val Cost: 1824.79 | Val Max P-Miss: 0.2580 | Val Max Q-Miss: 0.1549 | Val Max Gen Viol: 0.0000 | Val Max Thermal: 0.0000
Epoch 3940 | Val Loss: 24.1652 | Val Cost: 1833.89 | Val Max P-Miss: 0.2532 | Val Max Q-Miss: 0.1525 | Val Max Gen Viol: 0.0000 | Val Max Thermal: 0.0000 [*SAVED BEST*]
Epoch 3950 | Val Loss: 23.1923 | Val Cost: 1841.83 | Val Max P-Miss: 0.2525 | Val Max Q-Miss: 0.1499 | Val Max Gen Viol: 0.0000 | Val Max Thermal: 0.0000 [*SAVED BEST*]
Epoch 3960 | Val Loss: 25.4953 | Val Cost: 1851.65 | Val Max P-Miss: 0.2484 | Val Max Q-Miss: 0.1440 | Val Max Gen Viol: 0.0000 | Val Max Thermal: 0.0000
Epoch 3970 | Val Loss: 24.2596 | Val Cost: 1854.02 | Val Max P-Miss: 0.2459 | Val Max Q-Miss: 0.1407 | Val Max Gen Viol: 0.0000 | Val Max Thermal: 0.0000
Epoch 3980 | Val Loss: 23.0908 | Val Cost: 1858.35 | Val Max P-Miss: 0.2420 | Val Max Q-Miss: 0.1391 | Val Max Gen Viol: 0.0000 | Val Max Thermal: 0.0000 [*SAVED BEST*]
Epoch 3990 | Val Loss: 35.5475 | Val Cost: 1877.93 | Val Max P-Miss: 0.2715 | Val Max Q-Miss: 0.3470 | Val Max Gen Viol: 0.0000 | Val Max Thermal: 0.0000
Epoch 4000 | Val Loss: 53.9200 | Val Cost: 1776.99 | Val Max P-Miss: 0.2468 | Val Max Q-Miss: 0.3241 | Val Max Gen Viol: 0.0000 | Val Max Thermal: 0.0000
Epoch 4010 | Val Loss: 57.2920 | Val Cost: 1836.77 | Val Max P-Miss: 0.3291 | Val Max Q-Miss: 0.2936 | Val Max Gen Viol: 0.0000 | Val Max Thermal: 0.0000
Epoch 4020 | Val Loss: 26.4390 | Val Cost: 1818.75 | Val Max P-Miss: 0.2279 | Val Max Q-Miss: 0.1282 | Val Max Gen Viol: 0.0000 | Val Max Thermal: 0.0000
Epoch 4030 | Val Loss: 35.6958 | Val Cost: 1834.88 | Val Max P-Miss: 0.3019 | Val Max Q-Miss: 0.2354 | Val Max Gen Viol: 0.0000 | Val Max Thermal: 0.0000
Epoch 4040 | Val Loss: 42.3226 | Val Cost: 1854.88 | Val Max P-Miss: 0.2714 | Val Max Q-Miss: 0.2205 | Val Max Gen Viol: 0.0000 | Val Max Thermal: 0.0000
Epoch 4050 | Val Loss: 25.7581 | Val Cost: 1891.12 | Val Max P-Miss: 0.2003 | Val Max Q-Miss: 0.1982 | Val Max Gen Viol: 0.0000 | Val Max Thermal: 0.0000
Epoch 4060 | Val Loss: 28.0937 | Val Cost: 1911.36 | Val Max P-Miss: 0.2065 | Val Max Q-Miss: 0.2551 | Val Max Gen Viol: 0.0000 | Val Max Thermal: 0.0000
Epoch 4070 | Val Loss: 24.0547 | Val Cost: 1948.42 | Val Max P-Miss: 0.2215 | Val Max Q-Miss: 0.1218 | Val Max Gen Viol: 0.0000 | Val Max Thermal: 0.0000
Epoch 4080 | Val Loss: 23.4890 | Val Cost: 1966.33 | Val Max P-Miss: 0.2200 | Val Max Q-Miss: 0.1131 | Val Max Gen Viol: 0.0000 | Val Max Thermal: 0.0000
Epoch 4090 | Val Loss: 23.2201 | Val Cost: 1978.93 | Val Max P-Miss: 0.2169 | Val Max Q-Miss: 0.1068 | Val Max Gen Viol: 0.0000 | Val Max Thermal: 0.0000
Epoch 4100 | Val Loss: 23.1007 | Val Cost: 1989.71 | Val Max P-Miss: 0.2163 | Val Max Q-Miss: 0.0984 | Val Max Gen Viol: 0.0000 | Val Max Thermal: 0.0000
Epoch 4110 | Val Loss: 23.9842 | Val Cost: 1998.14 | Val Max P-Miss: 0.1974 | Val Max Q-Miss: 0.0903 | Val Max Gen Viol: 0.0000 | Val Max Thermal: 0.0000
Epoch 4120 | Val Loss: 46.7801 | Val Cost: 1805.79 | Val Max P-Miss: 0.2562 | Val Max Q-Miss: 0.2342 | Val Max Gen Viol: 0.0000 | Val Max Thermal: 0.0000
Epoch 4130 | Val Loss: 34.1580 | Val Cost: 1828.46 | Val Max P-Miss: 0.2741 | Val Max Q-Miss: 0.3148 | Val Max Gen Viol: 0.0000 | Val Max Thermal: 0.0000
Epoch 4140 | Val Loss: 32.3457 | Val Cost: 1874.34 | Val Max P-Miss: 0.2694 | Val Max Q-Miss: 0.1333 | Val Max Gen Viol: 0.0000 | Val Max Thermal: 0.0000
Epoch 4150 | Val Loss: 44.1508 | Val Cost: 1846.74 | Val Max P-Miss: 0.3500 | Val Max Q-Miss: 0.2235 | Val Max Gen Viol: 0.0000 | Val Max Thermal: 0.0000
Epoch 4160 | Val Loss: 21.8547 | Val Cost: 1901.37 | Val Max P-Miss: 0.2187 | Val Max Q-Miss: 0.1330 | Val Max Gen Viol: 0.0000 | Val Max Thermal: 0.0000 [*SAVED BEST*]
Epoch 4170 | Val Loss: 41.9377 | Val Cost: 1806.40 | Val Max P-Miss: 0.1629 | Val Max Q-Miss: 0.2309 | Val Max Gen Viol: 0.0000 | Val Max Thermal: 0.0000
Epoch 4180 | Val Loss: 23.9256 | Val Cost: 1925.77 | Val Max P-Miss: 0.2810 | Val Max Q-Miss: 0.0874 | Val Max Gen Viol: 0.0000 | Val Max Thermal: 0.0000
Epoch 4190 | Val Loss: 20.2252 | Val Cost: 1962.16 | Val Max P-Miss: 0.2347 | Val Max Q-Miss: 0.0761 | Val Max Gen Viol: 0.0000 | Val Max Thermal: 0.0000 [*SAVED BEST*]
Epoch 4200 | Val Loss: 19.5216 | Val Cost: 1982.01 | Val Max P-Miss: 0.2336 | Val Max Q-Miss: 0.0740 | Val Max Gen Viol: 0.0000 | Val Max Thermal: 0.0000 [*SAVED BEST*]
Epoch 4210 | Val Loss: 18.8713 | Val Cost: 1994.14 | Val Max P-Miss: 0.2151 | Val Max Q-Miss: 0.0811 | Val Max Gen Viol: 0.0000 | Val Max Thermal: 0.0000 [*SAVED BEST*]
Epoch 4220 | Val Loss: 54.6777 | Val Cost: 1849.52 | Val Max P-Miss: 0.2128 | Val Max Q-Miss: 0.2658 | Val Max Gen Viol: 0.0000 | Val Max Thermal: 0.0000
Epoch 4230 | Val Loss: 80.9616 | Val Cost: 1820.08 | Val Max P-Miss: 0.4818 | Val Max Q-Miss: 0.2861 | Val Max Gen Viol: 0.0000 | Val Max Thermal: 0.0000
Epoch 4240 | Val Loss: 62.7247 | Val Cost: 1796.64 | Val Max P-Miss: 0.2903 | Val Max Q-Miss: 0.3281 | Val Max Gen Viol: 0.0000 | Val Max Thermal: 0.0000
Epoch 4250 | Val Loss: 31.3495 | Val Cost: 1799.21 | Val Max P-Miss: 0.2332 | Val Max Q-Miss: 0.1848 | Val Max Gen Viol: 0.0000 | Val Max Thermal: 0.0000
Epoch 4260 | Val Loss: 42.3323 | Val Cost: 1781.12 | Val Max P-Miss: 0.2071 | Val Max Q-Miss: 0.3523 | Val Max Gen Viol: 0.0000 | Val Max Thermal: 0.0000
Epoch 4270 | Val Loss: 53.9265 | Val Cost: 1870.41 | Val Max P-Miss: 0.4071 | Val Max Q-Miss: 0.2804 | Val Max Gen Viol: 0.0000 | Val Max Thermal: 0.0000
Epoch 4280 | Val Loss: 30.4768 | Val Cost: 1815.73 | Val Max P-Miss: 0.2550 | Val Max Q-Miss: 0.2354 | Val Max Gen Viol: 0.0000 | Val Max Thermal: 0.0000
Epoch 4290 | Val Loss: 28.4610 | Val Cost: 1823.63 | Val Max P-Miss: 0.2901 | Val Max Q-Miss: 0.1379 | Val Max Gen Viol: 0.0000 | Val Max Thermal: 0.0000
Epoch 4300 | Val Loss: 28.0032 | Val Cost: 1839.07 | Val Max P-Miss: 0.2558 | Val Max Q-Miss: 0.1635 | Val Max Gen Viol: 0.0000 | Val Max Thermal: 0.0000
Epoch 4310 | Val Loss: 26.8034 | Val Cost: 1853.23 | Val Max P-Miss: 0.2359 | Val Max Q-Miss: 0.1595 | Val Max Gen Viol: 0.0000 | Val Max Thermal: 0.0000
Epoch 4320 | Val Loss: 25.7900 | Val Cost: 1865.94 | Val Max P-Miss: 0.2194 | Val Max Q-Miss: 0.1546 | Val Max Gen Viol: 0.0000 | Val Max Thermal: 0.0000
Epoch 4330 | Val Loss: 25.2310 | Val Cost: 1877.90 | Val Max P-Miss: 0.2079 | Val Max Q-Miss: 0.1493 | Val Max Gen Viol: 0.0000 | Val Max Thermal: 0.0000
Epoch 4340 | Val Loss: 23.9987 | Val Cost: 1885.92 | Val Max P-Miss: 0.1978 | Val Max Q-Miss: 0.1465 | Val Max Gen Viol: 0.0000 | Val Max Thermal: 0.0000
Epoch 4350 | Val Loss: 22.7192 | Val Cost: 1892.10 | Val Max P-Miss: 0.1891 | Val Max Q-Miss: 0.1491 | Val Max Gen Viol: 0.0000 | Val Max Thermal: 0.0000
Epoch 4360 | Val Loss: 23.7999 | Val Cost: 1897.81 | Val Max P-Miss: 0.1955 | Val Max Q-Miss: 0.1532 | Val Max Gen Viol: 0.0000 | Val Max Thermal: 0.0000
Epoch 4370 | Val Loss: 22.5462 | Val Cost: 1900.62 | Val Max P-Miss: 0.1907 | Val Max Q-Miss: 0.1431 | Val Max Gen Viol: 0.0000 | Val Max Thermal: 0.0000
Epoch 4380 | Val Loss: 21.5340 | Val Cost: 1904.70 | Val Max P-Miss: 0.1852 | Val Max Q-Miss: 0.1330 | Val Max Gen Viol: 0.0000 | Val Max Thermal: 0.0000
Epoch 4390 | Val Loss: 21.5687 | Val Cost: 1911.11 | Val Max P-Miss: 0.1941 | Val Max Q-Miss: 0.1288 | Val Max Gen Viol: 0.0000 | Val Max Thermal: 0.0000
Epoch 4400 | Val Loss: 21.6743 | Val Cost: 1913.54 | Val Max P-Miss: 0.1932 | Val Max Q-Miss: 0.1361 | Val Max Gen Viol: 0.0000 | Val Max Thermal: 0.0000
Epoch 4410 | Val Loss: 21.6892 | Val Cost: 1915.98 | Val Max P-Miss: 0.1966 | Val Max Q-Miss: 0.1336 | Val Max Gen Viol: 0.0000 | Val Max Thermal: 0.0000
Epoch 4420 | Val Loss: 21.6118 | Val Cost: 1916.91 | Val Max P-Miss: 0.1940 | Val Max Q-Miss: 0.1327 | Val Max Gen Viol: 0.0000 | Val Max Thermal: 0.0000
Epoch 4430 | Val Loss: 22.2416 | Val Cost: 1916.88 | Val Max P-Miss: 0.1968 | Val Max Q-Miss: 0.1299 | Val Max Gen Viol: 0.0000 | Val Max Thermal: 0.0000
Epoch 4440 | Val Loss: 22.0874 | Val Cost: 1917.97 | Val Max P-Miss: 0.1933 | Val Max Q-Miss: 0.1346 | Val Max Gen Viol: 0.0000 | Val Max Thermal: 0.0000
Epoch 4450 | Val Loss: 24.3430 | Val Cost: 1926.27 | Val Max P-Miss: 0.2116 | Val Max Q-Miss: 0.1213 | Val Max Gen Viol: 0.0000 | Val Max Thermal: 0.0000
Epoch 4460 | Val Loss: 23.9601 | Val Cost: 1924.92 | Val Max P-Miss: 0.1852 | Val Max Q-Miss: 0.1225 | Val Max Gen Viol: 0.0000 | Val Max Thermal: 0.0000
Epoch 4470 | Val Loss: 22.6310 | Val Cost: 1935.18 | Val Max P-Miss: 0.2290 | Val Max Q-Miss: 0.1266 | Val Max Gen Viol: 0.0000 | Val Max Thermal: 0.0000
Epoch 4480 | Val Loss: 32.8193 | Val Cost: 1750.92 | Val Max P-Miss: 0.3498 | Val Max Q-Miss: 0.1563 | Val Max Gen Viol: 0.0000 | Val Max Thermal: 0.0000
Epoch 4490 | Val Loss: 46.8730 | Val Cost: 1832.74 | Val Max P-Miss: 0.2210 | Val Max Q-Miss: 0.4384 | Val Max Gen Viol: 0.0000 | Val Max Thermal: 0.0000
Epoch 4500 | Val Loss: 24.4555 | Val Cost: 1941.84 | Val Max P-Miss: 0.2579 | Val Max Q-Miss: 0.1370 | Val Max Gen Viol: 0.0000 | Val Max Thermal: 0.0000
Epoch 4510 | Val Loss: 29.6223 | Val Cost: 1970.06 | Val Max P-Miss: 0.3037 | Val Max Q-Miss: 0.1639 | Val Max Gen Viol: 0.0000 | Val Max Thermal: 0.0000
Epoch 4520 | Val Loss: 54.8176 | Val Cost: 1907.12 | Val Max P-Miss: 0.3275 | Val Max Q-Miss: 0.4298 | Val Max Gen Viol: 0.0000 | Val Max Thermal: 0.0000
Epoch 4530 | Val Loss: 42.4403 | Val Cost: 1920.22 | Val Max P-Miss: 0.3050 | Val Max Q-Miss: 0.1945 | Val Max Gen Viol: 0.0000 | Val Max Thermal: 0.0000
Epoch 4540 | Val Loss: 29.4129 | Val Cost: 1976.17 | Val Max P-Miss: 0.2675 | Val Max Q-Miss: 0.1380 | Val Max Gen Viol: 0.0000 | Val Max Thermal: 0.0000
Epoch 4550 | Val Loss: 68.5653 | Val Cost: 1887.98 | Val Max P-Miss: 0.4273 | Val Max Q-Miss: 0.3695 | Val Max Gen Viol: 0.0000 | Val Max Thermal: 0.0000
Epoch 4560 | Val Loss: 48.2551 | Val Cost: 1922.57 | Val Max P-Miss: 0.2795 | Val Max Q-Miss: 0.2752 | Val Max Gen Viol: 0.0000 | Val Max Thermal: 0.0000
Epoch 4570 | Val Loss: 22.7381 | Val Cost: 1894.61 | Val Max P-Miss: 0.2267 | Val Max Q-Miss: 0.1530 | Val Max Gen Viol: 0.0000 | Val Max Thermal: 0.0000
Epoch 4580 | Val Loss: 28.2393 | Val Cost: 1907.77 | Val Max P-Miss: 0.1590 | Val Max Q-Miss: 0.2641 | Val Max Gen Viol: 0.0000 | Val Max Thermal: 0.0000
Epoch 4590 | Val Loss: 26.8100 | Val Cost: 1978.28 | Val Max P-Miss: 0.2450 | Val Max Q-Miss: 0.1859 | Val Max Gen Viol: 0.0000 | Val Max Thermal: 0.0000
Epoch 4600 | Val Loss: 24.6577 | Val Cost: 1999.36 | Val Max P-Miss: 0.2623 | Val Max Q-Miss: 0.1354 | Val Max Gen Viol: 0.0000 | Val Max Thermal: 0.0000
Epoch 4610 | Val Loss: 22.5399 | Val Cost: 2011.23 | Val Max P-Miss: 0.2726 | Val Max Q-Miss: 0.0691 | Val Max Gen Viol: 0.0000 | Val Max Thermal: 0.0000
Epoch 4620 | Val Loss: 21.0219 | Val Cost: 2022.37 | Val Max P-Miss: 0.2695 | Val Max Q-Miss: 0.0690 | Val Max Gen Viol: 0.0000 | Val Max Thermal: 0.0000
Epoch 4630 | Val Loss: 20.1348 | Val Cost: 2031.67 | Val Max P-Miss: 0.2685 | Val Max Q-Miss: 0.0686 | Val Max Gen Viol: 0.0000 | Val Max Thermal: 0.0000
Epoch 4640 | Val Loss: 24.2406 | Val Cost: 2033.72 | Val Max P-Miss: 0.2699 | Val Max Q-Miss: 0.0672 | Val Max Gen Viol: 0.0000 | Val Max Thermal: 0.0000
Epoch 4650 | Val Loss: 55.0927 | Val Cost: 2002.76 | Val Max P-Miss: 0.4194 | Val Max Q-Miss: 0.3174 | Val Max Gen Viol: 0.0000 | Val Max Thermal: 0.0000
Epoch 4660 | Val Loss: 88.8854 | Val Cost: 1819.26 | Val Max P-Miss: 0.1999 | Val Max Q-Miss: 0.6572 | Val Max Gen Viol: 0.0000 | Val Max Thermal: 0.0000
Epoch 4670 | Val Loss: 27.0803 | Val Cost: 1817.79 | Val Max P-Miss: 0.2155 | Val Max Q-Miss: 0.1991 | Val Max Gen Viol: 0.0000 | Val Max Thermal: 0.0000
Epoch 4680 | Val Loss: 52.2024 | Val Cost: 1822.34 | Val Max P-Miss: 0.3234 | Val Max Q-Miss: 0.1949 | Val Max Gen Viol: 0.0000 | Val Max Thermal: 0.0000
Epoch 4690 | Val Loss: 35.7253 | Val Cost: 1863.08 | Val Max P-Miss: 0.2100 | Val Max Q-Miss: 0.1694 | Val Max Gen Viol: 0.0000 | Val Max Thermal: 0.0000
Epoch 4700 | Val Loss: 49.5958 | Val Cost: 1930.65 | Val Max P-Miss: 0.3931 | Val Max Q-Miss: 0.3186 | Val Max Gen Viol: 0.0000 | Val Max Thermal: 0.0000
Epoch 4710 | Val Loss: 48.5790 | Val Cost: 1886.38 | Val Max P-Miss: 0.3441 | Val Max Q-Miss: 0.4050 | Val Max Gen Viol: 0.0000 | Val Max Thermal: 0.0000
Epoch 4720 | Val Loss: 26.9526 | Val Cost: 1883.75 | Val Max P-Miss: 0.3036 | Val Max Q-Miss: 0.1942 | Val Max Gen Viol: 0.0000 | Val Max Thermal: 0.0000
Epoch 4730 | Val Loss: 33.2427 | Val Cost: 1886.01 | Val Max P-Miss: 0.2999 | Val Max Q-Miss: 0.1712 | Val Max Gen Viol: 0.0000 | Val Max Thermal: 0.0000
Epoch 4740 | Val Loss: 63.4731 | Val Cost: 1876.53 | Val Max P-Miss: 0.2109 | Val Max Q-Miss: 0.5736 | Val Max Gen Viol: 0.0000 | Val Max Thermal: 0.0000
Epoch 4750 | Val Loss: 37.0868 | Val Cost: 1875.31 | Val Max P-Miss: 0.1921 | Val Max Q-Miss: 0.2687 | Val Max Gen Viol: 0.0000 | Val Max Thermal: 0.0000
Epoch 4760 | Val Loss: 27.3989 | Val Cost: 1882.05 | Val Max P-Miss: 0.1491 | Val Max Q-Miss: 0.0826 | Val Max Gen Viol: 0.0000 | Val Max Thermal: 0.0000
Epoch 4770 | Val Loss: 15.2990 | Val Cost: 1956.76 | Val Max P-Miss: 0.1310 | Val Max Q-Miss: 0.1253 | Val Max Gen Viol: 0.0000 | Val Max Thermal: 0.0000 [*SAVED BEST*]
Epoch 4780 | Val Loss: 20.7686 | Val Cost: 1883.06 | Val Max P-Miss: 0.1331 | Val Max Q-Miss: 0.0906 | Val Max Gen Viol: 0.0000 | Val Max Thermal: 0.0000
Epoch 4790 | Val Loss: 23.4280 | Val Cost: 1789.99 | Val Max P-Miss: 0.1602 | Val Max Q-Miss: 0.2631 | Val Max Gen Viol: 0.0000 | Val Max Thermal: 0.0000
Epoch 4800 | Val Loss: 49.5342 | Val Cost: 1799.66 | Val Max P-Miss: 0.3695 | Val Max Q-Miss: 0.2887 | Val Max Gen Viol: 0.0000 | Val Max Thermal: 0.0000
Epoch 4810 | Val Loss: 30.1811 | Val Cost: 1818.57 | Val Max P-Miss: 0.2377 | Val Max Q-Miss: 0.2695 | Val Max Gen Viol: 0.0000 | Val Max Thermal: 0.0000
Epoch 4820 | Val Loss: 42.2365 | Val Cost: 1864.46 | Val Max P-Miss: 0.3790 | Val Max Q-Miss: 0.3109 | Val Max Gen Viol: 0.0000 | Val Max Thermal: 0.0000
Epoch 4830 | Val Loss: 23.3099 | Val Cost: 1981.10 | Val Max P-Miss: 0.1907 | Val Max Q-Miss: 0.0839 | Val Max Gen Viol: 0.0000 | Val Max Thermal: 0.0000
Epoch 4840 | Val Loss: 22.1791 | Val Cost: 2010.05 | Val Max P-Miss: 0.1981 | Val Max Q-Miss: 0.0781 | Val Max Gen Viol: 0.0000 | Val Max Thermal: 0.0000
Epoch 4850 | Val Loss: 48.1601 | Val Cost: 1898.06 | Val Max P-Miss: 0.4385 | Val Max Q-Miss: 0.1897 | Val Max Gen Viol: 0.0000 | Val Max Thermal: 0.0000
Epoch 4860 | Val Loss: 42.7014 | Val Cost: 1902.15 | Val Max P-Miss: 0.1732 | Val Max Q-Miss: 0.4955 | Val Max Gen Viol: 0.0000 | Val Max Thermal: 0.0000
Epoch 4870 | Val Loss: 24.6399 | Val Cost: 1912.81 | Val Max P-Miss: 0.1970 | Val Max Q-Miss: 0.2529 | Val Max Gen Viol: 0.0000 | Val Max Thermal: 0.0000
Epoch 4880 | Val Loss: 20.7032 | Val Cost: 1945.64 | Val Max P-Miss: 0.1803 | Val Max Q-Miss: 0.1461 | Val Max Gen Viol: 0.0000 | Val Max Thermal: 0.0000
Epoch 4890 | Val Loss: 51.3817 | Val Cost: 1922.69 | Val Max P-Miss: 0.2453 | Val Max Q-Miss: 0.2978 | Val Max Gen Viol: 0.0000 | Val Max Thermal: 0.0000
Epoch 4900 | Val Loss: 24.8142 | Val Cost: 1971.03 | Val Max P-Miss: 0.1813 | Val Max Q-Miss: 0.2251 | Val Max Gen Viol: 0.0000 | Val Max Thermal: 0.0000
Epoch 4910 | Val Loss: 24.8655 | Val Cost: 1945.02 | Val Max P-Miss: 0.2437 | Val Max Q-Miss: 0.1995 | Val Max Gen Viol: 0.0000 | Val Max Thermal: 0.0000
Epoch 4920 | Val Loss: 22.1652 | Val Cost: 1931.58 | Val Max P-Miss: 0.1846 | Val Max Q-Miss: 0.1110 | Val Max Gen Viol: 0.0000 | Val Max Thermal: 0.0000
Epoch 4930 | Val Loss: 49.0693 | Val Cost: 1906.83 | Val Max P-Miss: 0.3582 | Val Max Q-Miss: 0.1642 | Val Max Gen Viol: 0.0000 | Val Max Thermal: 0.0000
Epoch 4940 | Val Loss: 25.5169 | Val Cost: 1960.24 | Val Max P-Miss: 0.1615 | Val Max Q-Miss: 0.0918 | Val Max Gen Viol: 0.0000 | Val Max Thermal: 0.0000
Epoch 4950 | Val Loss: 43.7807 | Val Cost: 1949.77 | Val Max P-Miss: 0.3627 | Val Max Q-Miss: 0.2229 | Val Max Gen Viol: 0.0000 | Val Max Thermal: 0.0000
Epoch 4960 | Val Loss: 35.3022 | Val Cost: 1975.59 | Val Max P-Miss: 0.4126 | Val Max Q-Miss: 0.1115 | Val Max Gen Viol: 0.0000 | Val Max Thermal: 0.0000
Epoch 4970 | Val Loss: 86.3481 | Val Cost: 1995.41 | Val Max P-Miss: 0.4156 | Val Max Q-Miss: 0.3968 | Val Max Gen Viol: 0.0000 | Val Max Thermal: 0.0000
Epoch 4980 | Val Loss: 66.0435 | Val Cost: 1973.41 | Val Max P-Miss: 0.3393 | Val Max Q-Miss: 0.4700 | Val Max Gen Viol: 0.0000 | Val Max Thermal: 0.0000
Epoch 4990 | Val Loss: 22.2336 | Val Cost: 2014.24 | Val Max P-Miss: 0.2849 | Val Max Q-Miss: 0.1327 | Val Max Gen Viol: 0.0000 | Val Max Thermal: 0.0000
Epoch 5000 | Val Loss: 30.8630 | Val Cost: 1993.68 | Val Max P-Miss: 0.3480 | Val Max Q-Miss: 0.1326 | Val Max Gen Viol: 0.0000 | Val Max Thermal: 0.0000
Epoch 5010 | Val Loss: 38.8577 | Val Cost: 1955.16 | Val Max P-Miss: 0.3339 | Val Max Q-Miss: 0.2690 | Val Max Gen Viol: 0.0000 | Val Max Thermal: 0.0000
Epoch 5020 | Val Loss: 18.6694 | Val Cost: 1997.65 | Val Max P-Miss: 0.1143 | Val Max Q-Miss: 0.1462 | Val Max Gen Viol: 0.0000 | Val Max Thermal: 0.0000
Epoch 5030 | Val Loss: 36.1252 | Val Cost: 2006.86 | Val Max P-Miss: 0.2136 | Val Max Q-Miss: 0.3821 | Val Max Gen Viol: 0.0000 | Val Max Thermal: 0.0000
Epoch 5040 | Val Loss: 36.4082 | Val Cost: 1968.45 | Val Max P-Miss: 0.2453 | Val Max Q-Miss: 0.1561 | Val Max Gen Viol: 0.0000 | Val Max Thermal: 0.0000
Epoch 5050 | Val Loss: 42.5914 | Val Cost: 1969.14 | Val Max P-Miss: 0.2487 | Val Max Q-Miss: 0.2620 | Val Max Gen Viol: 0.0000 | Val Max Thermal: 0.0000
Epoch 5060 | Val Loss: 48.8085 | Val Cost: 2010.40 | Val Max P-Miss: 0.3337 | Val Max Q-Miss: 0.2037 | Val Max Gen Viol: 0.0000 | Val Max Thermal: 0.0000
Epoch 5070 | Val Loss: 42.5655 | Val Cost: 2009.69 | Val Max P-Miss: 0.2379 | Val Max Q-Miss: 0.1201 | Val Max Gen Viol: 0.0000 | Val Max Thermal: 0.0000
Epoch 5080 | Val Loss: 53.0819 | Val Cost: 1902.71 | Val Max P-Miss: 0.3636 | Val Max Q-Miss: 0.2713 | Val Max Gen Viol: 0.0000 | Val Max Thermal: 0.0000
Epoch 5090 | Val Loss: 22.1642 | Val Cost: 1921.74 | Val Max P-Miss: 0.2160 | Val Max Q-Miss: 0.1658 | Val Max Gen Viol: 0.0000 | Val Max Thermal: 0.0000
Epoch 5100 | Val Loss: 60.6986 | Val Cost: 1937.66 | Val Max P-Miss: 0.3935 | Val Max Q-Miss: 0.3198 | Val Max Gen Viol: 0.0000 | Val Max Thermal: 0.0000
Epoch 5110 | Val Loss: 40.9210 | Val Cost: 1966.38 | Val Max P-Miss: 0.2283 | Val Max Q-Miss: 0.3185 | Val Max Gen Viol: 0.0000 | Val Max Thermal: 0.0000
Epoch 5120 | Val Loss: 88.7085 | Val Cost: 1885.46 | Val Max P-Miss: 0.2648 | Val Max Q-Miss: 0.6965 | Val Max Gen Viol: 0.0000 | Val Max Thermal: 0.0000
Epoch 5130 | Val Loss: 38.7310 | Val Cost: 1956.90 | Val Max P-Miss: 0.2269 | Val Max Q-Miss: 0.2345 | Val Max Gen Viol: 0.0000 | Val Max Thermal: 0.0000
Epoch 5140 | Val Loss: 16.7816 | Val Cost: 1896.56 | Val Max P-Miss: 0.1353 | Val Max Q-Miss: 0.0894 | Val Max Gen Viol: 0.0000 | Val Max Thermal: 0.0000
Epoch 5150 | Val Loss: 18.0783 | Val Cost: 1936.99 | Val Max P-Miss: 0.1477 | Val Max Q-Miss: 0.1793 | Val Max Gen Viol: 0.0000 | Val Max Thermal: 0.0000
Epoch 5160 | Val Loss: 16.2899 | Val Cost: 2014.32 | Val Max P-Miss: 0.2306 | Val Max Q-Miss: 0.0707 | Val Max Gen Viol: 0.0000 | Val Max Thermal: 0.0000
Epoch 5170 | Val Loss: 24.1311 | Val Cost: 1992.95 | Val Max P-Miss: 0.1926 | Val Max Q-Miss: 0.1800 | Val Max Gen Viol: 0.0000 | Val Max Thermal: 0.0000
Epoch 5180 | Val Loss: 17.8554 | Val Cost: 2003.79 | Val Max P-Miss: 0.2301 | Val Max Q-Miss: 0.1012 | Val Max Gen Viol: 0.0000 | Val Max Thermal: 0.0000
Epoch 5190 | Val Loss: 25.8307 | Val Cost: 1993.97 | Val Max P-Miss: 0.1177 | Val Max Q-Miss: 0.2737 | Val Max Gen Viol: 0.0000 | Val Max Thermal: 0.0000
Epoch 5200 | Val Loss: 38.0114 | Val Cost: 1958.84 | Val Max P-Miss: 0.2462 | Val Max Q-Miss: 0.3356 | Val Max Gen Viol: 0.0000 | Val Max Thermal: 0.0000
Epoch 5210 | Val Loss: 45.2721 | Val Cost: 1955.52 | Val Max P-Miss: 0.1266 | Val Max Q-Miss: 0.3772 | Val Max Gen Viol: 0.0000 | Val Max Thermal: 0.0000
Epoch 5220 | Val Loss: 32.8002 | Val Cost: 1990.81 | Val Max P-Miss: 0.2075 | Val Max Q-Miss: 0.2942 | Val Max Gen Viol: 0.0000 | Val Max Thermal: 0.0000
Epoch 5230 | Val Loss: 37.8952 | Val Cost: 1968.53 | Val Max P-Miss: 0.4415 | Val Max Q-Miss: 0.1685 | Val Max Gen Viol: 0.0000 | Val Max Thermal: 0.0000
Epoch 5240 | Val Loss: 44.1443 | Val Cost: 2023.11 | Val Max P-Miss: 0.2778 | Val Max Q-Miss: 0.1348 | Val Max Gen Viol: 0.0000 | Val Max Thermal: 0.0000
Epoch 5250 | Val Loss: 29.5923 | Val Cost: 1980.88 | Val Max P-Miss: 0.2458 | Val Max Q-Miss: 0.1017 | Val Max Gen Viol: 0.0000 | Val Max Thermal: 0.0000
Epoch 5260 | Val Loss: 41.9724 | Val Cost: 1905.78 | Val Max P-Miss: 0.2281 | Val Max Q-Miss: 0.2503 | Val Max Gen Viol: 0.0000 | Val Max Thermal: 0.0000
Epoch 5270 | Val Loss: 38.2882 | Val Cost: 1944.04 | Val Max P-Miss: 0.3885 | Val Max Q-Miss: 0.2235 | Val Max Gen Viol: 0.0000 | Val Max Thermal: 0.0000
Epoch 5280 | Val Loss: 79.9313 | Val Cost: 1936.15 | Val Max P-Miss: 0.2693 | Val Max Q-Miss: 0.5620 | Val Max Gen Viol: 0.0000 | Val Max Thermal: 0.0000
Epoch 5290 | Val Loss: 35.3310 | Val Cost: 1975.78 | Val Max P-Miss: 0.1961 | Val Max Q-Miss: 0.1524 | Val Max Gen Viol: 0.0000 | Val Max Thermal: 0.0000
Epoch 5300 | Val Loss: 22.7219 | Val Cost: 2025.36 | Val Max P-Miss: 0.1306 | Val Max Q-Miss: 0.1832 | Val Max Gen Viol: 0.0000 | Val Max Thermal: 0.0000
Epoch 5310 | Val Loss: 31.5208 | Val Cost: 1956.09 | Val Max P-Miss: 0.1411 | Val Max Q-Miss: 0.1213 | Val Max Gen Viol: 0.0000 | Val Max Thermal: 0.0000
Epoch 5320 | Val Loss: 48.0854 | Val Cost: 1987.74 | Val Max P-Miss: 0.4276 | Val Max Q-Miss: 0.2376 | Val Max Gen Viol: 0.0000 | Val Max Thermal: 0.0000
Epoch 5330 | Val Loss: 32.8191 | Val Cost: 1915.88 | Val Max P-Miss: 0.2741 | Val Max Q-Miss: 0.3063 | Val Max Gen Viol: 0.0000 | Val Max Thermal: 0.0000
Epoch 5340 | Val Loss: 17.1468 | Val Cost: 1953.17 | Val Max P-Miss: 0.1463 | Val Max Q-Miss: 0.0980 | Val Max Gen Viol: 0.0000 | Val Max Thermal: 0.0000
Epoch 5350 | Val Loss: 22.4778 | Val Cost: 1961.92 | Val Max P-Miss: 0.1763 | Val Max Q-Miss: 0.1096 | Val Max Gen Viol: 0.0000 | Val Max Thermal: 0.0000
Epoch 5360 | Val Loss: 59.6693 | Val Cost: 2007.48 | Val Max P-Miss: 0.2815 | Val Max Q-Miss: 0.3852 | Val Max Gen Viol: 0.0000 | Val Max Thermal: 0.0000
Epoch 5370 | Val Loss: 27.5766 | Val Cost: 1970.43 | Val Max P-Miss: 0.1833 | Val Max Q-Miss: 0.1507 | Val Max Gen Viol: 0.0000 | Val Max Thermal: 0.0000
Epoch 5380 | Val Loss: 42.3063 | Val Cost: 1938.09 | Val Max P-Miss: 0.3459 | Val Max Q-Miss: 0.2206 | Val Max Gen Viol: 0.0000 | Val Max Thermal: 0.0000
Epoch 5390 | Val Loss: 50.7940 | Val Cost: 1983.93 | Val Max P-Miss: 0.2502 | Val Max Q-Miss: 0.3495 | Val Max Gen Viol: 0.0000 | Val Max Thermal: 0.0000
Epoch 5400 | Val Loss: 48.5394 | Val Cost: 1964.63 | Val Max P-Miss: 0.3846 | Val Max Q-Miss: 0.2842 | Val Max Gen Viol: 0.0000 | Val Max Thermal: 0.0000
Epoch 5410 | Val Loss: 32.6654 | Val Cost: 1964.47 | Val Max P-Miss: 0.2949 | Val Max Q-Miss: 0.1591 | Val Max Gen Viol: 0.0000 | Val Max Thermal: 0.0000
Epoch 5420 | Val Loss: 22.4792 | Val Cost: 1967.70 | Val Max P-Miss: 0.1864 | Val Max Q-Miss: 0.2218 | Val Max Gen Viol: 0.0000 | Val Max Thermal: 0.0000
Epoch 5430 | Val Loss: 33.2201 | Val Cost: 2004.58 | Val Max P-Miss: 0.3104 | Val Max Q-Miss: 0.2140 | Val Max Gen Viol: 0.0000 | Val Max Thermal: 0.0000
Epoch 5440 | Val Loss: 29.7468 | Val Cost: 1956.18 | Val Max P-Miss: 0.4505 | Val Max Q-Miss: 0.1466 | Val Max Gen Viol: 0.0000 | Val Max Thermal: 0.0000
Epoch 5450 | Val Loss: 36.0847 | Val Cost: 2031.28 | Val Max P-Miss: 0.2788 | Val Max Q-Miss: 0.1299 | Val Max Gen Viol: 0.0000 | Val Max Thermal: 0.0000
Epoch 5460 | Val Loss: 25.1578 | Val Cost: 2012.54 | Val Max P-Miss: 0.1398 | Val Max Q-Miss: 0.2247 | Val Max Gen Viol: 0.0000 | Val Max Thermal: 0.0000
Epoch 5470 | Val Loss: 40.1828 | Val Cost: 2012.22 | Val Max P-Miss: 0.1173 | Val Max Q-Miss: 0.3124 | Val Max Gen Viol: 0.0000 | Val Max Thermal: 0.0000
Epoch 5480 | Val Loss: 37.8914 | Val Cost: 2032.31 | Val Max P-Miss: 0.2967 | Val Max Q-Miss: 0.2895 | Val Max Gen Viol: 0.0000 | Val Max Thermal: 0.0000
Epoch 5490 | Val Loss: 27.0072 | Val Cost: 1989.17 | Val Max P-Miss: 0.2370 | Val Max Q-Miss: 0.2212 | Val Max Gen Viol: 0.0000 | Val Max Thermal: 0.0000
Epoch 5500 | Val Loss: 27.5546 | Val Cost: 1876.20 | Val Max P-Miss: 0.1161 | Val Max Q-Miss: 0.0996 | Val Max Gen Viol: 0.0000 | Val Max Thermal: 0.0000
Epoch 5510 | Val Loss: 41.9787 | Val Cost: 2008.99 | Val Max P-Miss: 0.2478 | Val Max Q-Miss: 0.1240 | Val Max Gen Viol: 0.0000 | Val Max Thermal: 0.0000
Epoch 5520 | Val Loss: 42.8401 | Val Cost: 1951.80 | Val Max P-Miss: 0.2774 | Val Max Q-Miss: 0.2571 | Val Max Gen Viol: 0.0000 | Val Max Thermal: 0.0000
Epoch 5530 | Val Loss: 31.4189 | Val Cost: 1949.22 | Val Max P-Miss: 0.2204 | Val Max Q-Miss: 0.3139 | Val Max Gen Viol: 0.0000 | Val Max Thermal: 0.0000
Epoch 5540 | Val Loss: 22.0770 | Val Cost: 1992.52 | Val Max P-Miss: 0.1702 | Val Max Q-Miss: 0.1334 | Val Max Gen Viol: 0.0000 | Val Max Thermal: 0.0000
Epoch 5550 | Val Loss: 22.1282 | Val Cost: 1993.37 | Val Max P-Miss: 0.2138 | Val Max Q-Miss: 0.1406 | Val Max Gen Viol: 0.0000 | Val Max Thermal: 0.0000
Epoch 5560 | Val Loss: 16.4867 | Val Cost: 1980.06 | Val Max P-Miss: 0.1641 | Val Max Q-Miss: 0.0707 | Val Max Gen Viol: 0.0000 | Val Max Thermal: 0.0000
Epoch 5570 | Val Loss: 37.6539 | Val Cost: 1982.73 | Val Max P-Miss: 0.3077 | Val Max Q-Miss: 0.3539 | Val Max Gen Viol: 0.0000 | Val Max Thermal: 0.0000
Epoch 5580 | Val Loss: 32.3986 | Val Cost: 2029.70 | Val Max P-Miss: 0.3580 | Val Max Q-Miss: 0.2056 | Val Max Gen Viol: 0.0000 | Val Max Thermal: 0.0000
Epoch 5590 | Val Loss: 25.4965 | Val Cost: 1996.99 | Val Max P-Miss: 0.2594 | Val Max Q-Miss: 0.1905 | Val Max Gen Viol: 0.0000 | Val Max Thermal: 0.0000
Epoch 5600 | Val Loss: 25.3803 | Val Cost: 1990.09 | Val Max P-Miss: 0.2219 | Val Max Q-Miss: 0.2242 | Val Max Gen Viol: 0.0000 | Val Max Thermal: 0.0000
Epoch 5610 | Val Loss: 24.3929 | Val Cost: 2014.21 | Val Max P-Miss: 0.2778 | Val Max Q-Miss: 0.1593 | Val Max Gen Viol: 0.0000 | Val Max Thermal: 0.0000
Epoch 5620 | Val Loss: 40.6170 | Val Cost: 2007.06 | Val Max P-Miss: 0.2113 | Val Max Q-Miss: 0.2390 | Val Max Gen Viol: 0.0000 | Val Max Thermal: 0.0000
Epoch 5630 | Val Loss: 87.2258 | Val Cost: 1931.86 | Val Max P-Miss: 0.3222 | Val Max Q-Miss: 0.4571 | Val Max Gen Viol: 0.0000 | Val Max Thermal: 0.0000
Epoch 5640 | Val Loss: 43.6532 | Val Cost: 2032.27 | Val Max P-Miss: 0.2204 | Val Max Q-Miss: 0.3826 | Val Max Gen Viol: 0.0000 | Val Max Thermal: 0.0000
Epoch 5650 | Val Loss: 23.7484 | Val Cost: 2012.89 | Val Max P-Miss: 0.1971 | Val Max Q-Miss: 0.1506 | Val Max Gen Viol: 0.0000 | Val Max Thermal: 0.0000
Epoch 5660 | Val Loss: 20.7196 | Val Cost: 2052.40 | Val Max P-Miss: 0.2111 | Val Max Q-Miss: 0.1028 | Val Max Gen Viol: 0.0000 | Val Max Thermal: 0.0000
Epoch 5670 | Val Loss: 17.3645 | Val Cost: 2026.37 | Val Max P-Miss: 0.1183 | Val Max Q-Miss: 0.1905 | Val Max Gen Viol: 0.0000 | Val Max Thermal: 0.0000
Epoch 5680 | Val Loss: 17.2385 | Val Cost: 2062.13 | Val Max P-Miss: 0.2045 | Val Max Q-Miss: 0.0712 | Val Max Gen Viol: 0.0000 | Val Max Thermal: 0.0000
Epoch 5690 | Val Loss: 16.7394 | Val Cost: 2068.29 | Val Max P-Miss: 0.2020 | Val Max Q-Miss: 0.0659 | Val Max Gen Viol: 0.0000 | Val Max Thermal: 0.0000
Epoch 5700 | Val Loss: 15.5596 | Val Cost: 2074.32 | Val Max P-Miss: 0.2017 | Val Max Q-Miss: 0.0649 | Val Max Gen Viol: 0.0000 | Val Max Thermal: 0.0000
Epoch 5710 | Val Loss: 14.5195 | Val Cost: 2079.94 | Val Max P-Miss: 0.1999 | Val Max Q-Miss: 0.0623 | Val Max Gen Viol: 0.0000 | Val Max Thermal: 0.0000 [*SAVED BEST*]
Epoch 5720 | Val Loss: 13.6056 | Val Cost: 2084.51 | Val Max P-Miss: 0.1992 | Val Max Q-Miss: 0.0603 | Val Max Gen Viol: 0.0000 | Val Max Thermal: 0.0000 [*SAVED BEST*]
Epoch 5730 | Val Loss: 13.0780 | Val Cost: 2087.43 | Val Max P-Miss: 0.1910 | Val Max Q-Miss: 0.0648 | Val Max Gen Viol: 0.0000 | Val Max Thermal: 0.0000 [*SAVED BEST*]
Epoch 5740 | Val Loss: 42.9365 | Val Cost: 2001.72 | Val Max P-Miss: 0.2642 | Val Max Q-Miss: 0.1407 | Val Max Gen Viol: 0.0000 | Val Max Thermal: 0.0000
Epoch 5750 | Val Loss: 41.1416 | Val Cost: 2010.00 | Val Max P-Miss: 0.2933 | Val Max Q-Miss: 0.2659 | Val Max Gen Viol: 0.0000 | Val Max Thermal: 0.0000
Epoch 5760 | Val Loss: 29.6524 | Val Cost: 2049.52 | Val Max P-Miss: 0.2718 | Val Max Q-Miss: 0.3012 | Val Max Gen Viol: 0.0000 | Val Max Thermal: 0.0000
Epoch 5770 | Val Loss: 32.1020 | Val Cost: 1953.05 | Val Max P-Miss: 0.1659 | Val Max Q-Miss: 0.3395 | Val Max Gen Viol: 0.0000 | Val Max Thermal: 0.0000
Epoch 5780 | Val Loss: 35.3065 | Val Cost: 1988.74 | Val Max P-Miss: 0.2212 | Val Max Q-Miss: 0.1988 | Val Max Gen Viol: 0.0000 | Val Max Thermal: 0.0000
Epoch 5790 | Val Loss: 20.3358 | Val Cost: 2012.21 | Val Max P-Miss: 0.2176 | Val Max Q-Miss: 0.1853 | Val Max Gen Viol: 0.0000 | Val Max Thermal: 0.0000
Epoch 5800 | Val Loss: 24.3202 | Val Cost: 2030.58 | Val Max P-Miss: 0.2454 | Val Max Q-Miss: 0.1816 | Val Max Gen Viol: 0.0000 | Val Max Thermal: 0.0000
Epoch 5810 | Val Loss: 27.6848 | Val Cost: 2099.75 | Val Max P-Miss: 0.1801 | Val Max Q-Miss: 0.1991 | Val Max Gen Viol: 0.0000 | Val Max Thermal: 0.0000
Epoch 5820 | Val Loss: 33.5683 | Val Cost: 2026.64 | Val Max P-Miss: 0.2517 | Val Max Q-Miss: 0.2216 | Val Max Gen Viol: 0.0000 | Val Max Thermal: 0.0000
Epoch 5830 | Val Loss: 15.6465 | Val Cost: 2042.58 | Val Max P-Miss: 0.1034 | Val Max Q-Miss: 0.1248 | Val Max Gen Viol: 0.0000 | Val Max Thermal: 0.0000
Epoch 5840 | Val Loss: 37.4864 | Val Cost: 2029.57 | Val Max P-Miss: 0.3099 | Val Max Q-Miss: 0.2325 | Val Max Gen Viol: 0.0000 | Val Max Thermal: 0.0000
Epoch 5850 | Val Loss: 29.9683 | Val Cost: 2029.09 | Val Max P-Miss: 0.3043 | Val Max Q-Miss: 0.1657 | Val Max Gen Viol: 0.0000 | Val Max Thermal: 0.0000
Epoch 5860 | Val Loss: 22.4033 | Val Cost: 2025.56 | Val Max P-Miss: 0.2154 | Val Max Q-Miss: 0.1834 | Val Max Gen Viol: 0.0000 | Val Max Thermal: 0.0000
Epoch 5870 | Val Loss: 21.0554 | Val Cost: 2011.93 | Val Max P-Miss: 0.1881 | Val Max Q-Miss: 0.1607 | Val Max Gen Viol: 0.0000 | Val Max Thermal: 0.0000
Epoch 5880 | Val Loss: 20.4020 | Val Cost: 2010.06 | Val Max P-Miss: 0.2063 | Val Max Q-Miss: 0.0968 | Val Max Gen Viol: 0.0000 | Val Max Thermal: 0.0000
Epoch 5890 | Val Loss: 20.0936 | Val Cost: 2011.14 | Val Max P-Miss: 0.1860 | Val Max Q-Miss: 0.1092 | Val Max Gen Viol: 0.0000 | Val Max Thermal: 0.0000
Epoch 5900 | Val Loss: 19.7536 | Val Cost: 2013.73 | Val Max P-Miss: 0.1745 | Val Max Q-Miss: 0.1083 | Val Max Gen Viol: 0.0000 | Val Max Thermal: 0.0000
Epoch 5910 | Val Loss: 18.9958 | Val Cost: 2015.66 | Val Max P-Miss: 0.1663 | Val Max Q-Miss: 0.1073 | Val Max Gen Viol: 0.0000 | Val Max Thermal: 0.0000
Epoch 5920 | Val Loss: 18.1160 | Val Cost: 2018.65 | Val Max P-Miss: 0.1760 | Val Max Q-Miss: 0.1079 | Val Max Gen Viol: 0.0000 | Val Max Thermal: 0.0000
Epoch 5930 | Val Loss: 17.0039 | Val Cost: 2019.97 | Val Max P-Miss: 0.1770 | Val Max Q-Miss: 0.1122 | Val Max Gen Viol: 0.0000 | Val Max Thermal: 0.0000
Epoch 5940 | Val Loss: 17.6247 | Val Cost: 2022.71 | Val Max P-Miss: 0.1828 | Val Max Q-Miss: 0.1166 | Val Max Gen Viol: 0.0000 | Val Max Thermal: 0.0000
Epoch 5950 | Val Loss: 17.0078 | Val Cost: 2022.30 | Val Max P-Miss: 0.1764 | Val Max Q-Miss: 0.1120 | Val Max Gen Viol: 0.0000 | Val Max Thermal: 0.0000
Epoch 5960 | Val Loss: 17.1108 | Val Cost: 2024.26 | Val Max P-Miss: 0.1804 | Val Max Q-Miss: 0.1130 | Val Max Gen Viol: 0.0000 | Val Max Thermal: 0.0000
Epoch 5970 | Val Loss: 17.8441 | Val Cost: 2026.01 | Val Max P-Miss: 0.1852 | Val Max Q-Miss: 0.1163 | Val Max Gen Viol: 0.0000 | Val Max Thermal: 0.0000
Epoch 5980 | Val Loss: 16.7537 | Val Cost: 2022.68 | Val Max P-Miss: 0.1714 | Val Max Q-Miss: 0.1098 | Val Max Gen Viol: 0.0000 | Val Max Thermal: 0.0000
Epoch 5990 | Val Loss: 16.9221 | Val Cost: 2026.28 | Val Max P-Miss: 0.1867 | Val Max Q-Miss: 0.1057 | Val Max Gen Viol: 0.0000 | Val Max Thermal: 0.0000
Epoch 6000 | Val Loss: 18.1240 | Val Cost: 2028.25 | Val Max P-Miss: 0.1877 | Val Max Q-Miss: 0.1174 | Val Max Gen Viol: 0.0000 | Val Max Thermal: 0.0000
Epoch 6010 | Val Loss: 15.1940 | Val Cost: 2048.97 | Val Max P-Miss: 0.2157 | Val Max Q-Miss: 0.0701 | Val Max Gen Viol: 0.0000 | Val Max Thermal: 0.0000
Epoch 6020 | Val Loss: 15.6972 | Val Cost: 2061.15 | Val Max P-Miss: 0.2082 | Val Max Q-Miss: 0.0697 | Val Max Gen Viol: 0.0000 | Val Max Thermal: 0.0000
Epoch 6030 | Val Loss: 19.8887 | Val Cost: 2070.12 | Val Max P-Miss: 0.1931 | Val Max Q-Miss: 0.1043 | Val Max Gen Viol: 0.0000 | Val Max Thermal: 0.0000
Epoch 6040 | Val Loss: 34.1624 | Val Cost: 2046.27 | Val Max P-Miss: 0.2913 | Val Max Q-Miss: 0.1923 | Val Max Gen Viol: 0.0000 | Val Max Thermal: 0.0000
Epoch 6050 | Val Loss: 50.0599 | Val Cost: 1975.64 | Val Max P-Miss: 0.2943 | Val Max Q-Miss: 0.4226 | Val Max Gen Viol: 0.0000 | Val Max Thermal: 0.0000
Epoch 6060 | Val Loss: 26.3313 | Val Cost: 2090.93 | Val Max P-Miss: 0.1768 | Val Max Q-Miss: 0.1205 | Val Max Gen Viol: 0.0000 | Val Max Thermal: 0.0000
Epoch 6070 | Val Loss: 25.7182 | Val Cost: 2007.50 | Val Max P-Miss: 0.1593 | Val Max Q-Miss: 0.2663 | Val Max Gen Viol: 0.0000 | Val Max Thermal: 0.0000
Epoch 6080 | Val Loss: 18.2576 | Val Cost: 2058.97 | Val Max P-Miss: 0.1403 | Val Max Q-Miss: 0.0845 | Val Max Gen Viol: 0.0000 | Val Max Thermal: 0.0000
Epoch 6090 | Val Loss: 26.3955 | Val Cost: 2055.87 | Val Max P-Miss: 0.2339 | Val Max Q-Miss: 0.2347 | Val Max Gen Viol: 0.0000 | Val Max Thermal: 0.0000
Epoch 6100 | Val Loss: 22.2812 | Val Cost: 2035.50 | Val Max P-Miss: 0.1849 | Val Max Q-Miss: 0.1747 | Val Max Gen Viol: 0.0000 | Val Max Thermal: 0.0000
Epoch 6110 | Val Loss: 25.5577 | Val Cost: 2023.80 | Val Max P-Miss: 0.1634 | Val Max Q-Miss: 0.1367 | Val Max Gen Viol: 0.0000 | Val Max Thermal: 0.0000
Epoch 6120 | Val Loss: 37.8675 | Val Cost: 2020.89 | Val Max P-Miss: 0.2132 | Val Max Q-Miss: 0.3449 | Val Max Gen Viol: 0.0000 | Val Max Thermal: 0.0000
Epoch 6130 | Val Loss: 26.1738 | Val Cost: 2035.22 | Val Max P-Miss: 0.2171 | Val Max Q-Miss: 0.2453 | Val Max Gen Viol: 0.0000 | Val Max Thermal: 0.0000
Epoch 6140 | Val Loss: 25.8142 | Val Cost: 2079.40 | Val Max P-Miss: 0.2073 | Val Max Q-Miss: 0.1705 | Val Max Gen Viol: 0.0000 | Val Max Thermal: 0.0000
Epoch 6150 | Val Loss: 26.4075 | Val Cost: 2071.48 | Val Max P-Miss: 0.2253 | Val Max Q-Miss: 0.2466 | Val Max Gen Viol: 0.0000 | Val Max Thermal: 0.0000
Epoch 6160 | Val Loss: 33.4525 | Val Cost: 2059.19 | Val Max P-Miss: 0.3973 | Val Max Q-Miss: 0.1638 | Val Max Gen Viol: 0.0000 | Val Max Thermal: 0.0000
Epoch 6170 | Val Loss: 23.7074 | Val Cost: 2121.27 | Val Max P-Miss: 0.2676 | Val Max Q-Miss: 0.0874 | Val Max Gen Viol: 0.0000 | Val Max Thermal: 0.0000
Epoch 6180 | Val Loss: 22.2991 | Val Cost: 2099.95 | Val Max P-Miss: 0.2348 | Val Max Q-Miss: 0.1001 | Val Max Gen Viol: 0.0000 | Val Max Thermal: 0.0000
Epoch 6190 | Val Loss: 21.2940 | Val Cost: 2099.62 | Val Max P-Miss: 0.2295 | Val Max Q-Miss: 0.0935 | Val Max Gen Viol: 0.0000 | Val Max Thermal: 0.0000
Epoch 6200 | Val Loss: 20.4430 | Val Cost: 2102.62 | Val Max P-Miss: 0.2238 | Val Max Q-Miss: 0.0868 | Val Max Gen Viol: 0.0000 | Val Max Thermal: 0.0000
Epoch 6210 | Val Loss: 19.6539 | Val Cost: 2105.82 | Val Max P-Miss: 0.2255 | Val Max Q-Miss: 0.0807 | Val Max Gen Viol: 0.0000 | Val Max Thermal: 0.0000
Epoch 6220 | Val Loss: 18.5981 | Val Cost: 2109.31 | Val Max P-Miss: 0.2194 | Val Max Q-Miss: 0.0748 | Val Max Gen Viol: 0.0000 | Val Max Thermal: 0.0000
Epoch 6230 | Val Loss: 27.2874 | Val Cost: 2091.32 | Val Max P-Miss: 0.2039 | Val Max Q-Miss: 0.1387 | Val Max Gen Viol: 0.0000 | Val Max Thermal: 0.0000
Epoch 6240 | Val Loss: 39.7514 | Val Cost: 2013.99 | Val Max P-Miss: 0.3991 | Val Max Q-Miss: 0.2663 | Val Max Gen Viol: 0.0000 | Val Max Thermal: 0.0000
Epoch 6250 | Val Loss: 123.6312 | Val Cost: 2019.41 | Val Max P-Miss: 0.4921 | Val Max Q-Miss: 0.6248 | Val Max Gen Viol: 0.0000 | Val Max Thermal: 0.0000
Epoch 6260 | Val Loss: 31.9234 | Val Cost: 2050.70 | Val Max P-Miss: 0.2536 | Val Max Q-Miss: 0.2356 | Val Max Gen Viol: 0.0000 | Val Max Thermal: 0.0000
Epoch 6270 | Val Loss: 15.6183 | Val Cost: 2049.03 | Val Max P-Miss: 0.1817 | Val Max Q-Miss: 0.1139 | Val Max Gen Viol: 0.0000 | Val Max Thermal: 0.0000
Epoch 6280 | Val Loss: 22.4514 | Val Cost: 2059.77 | Val Max P-Miss: 0.2875 | Val Max Q-Miss: 0.1208 | Val Max Gen Viol: 0.0000 | Val Max Thermal: 0.0000
Epoch 6290 | Val Loss: 39.9744 | Val Cost: 2046.21 | Val Max P-Miss: 0.3906 | Val Max Q-Miss: 0.1563 | Val Max Gen Viol: 0.0000 | Val Max Thermal: 0.0000
Epoch 6300 | Val Loss: 17.4158 | Val Cost: 2103.78 | Val Max P-Miss: 0.1813 | Val Max Q-Miss: 0.1312 | Val Max Gen Viol: 0.0000 | Val Max Thermal: 0.0000
Epoch 6310 | Val Loss: 16.8407 | Val Cost: 2091.18 | Val Max P-Miss: 0.1873 | Val Max Q-Miss: 0.0938 | Val Max Gen Viol: 0.0000 | Val Max Thermal: 0.0000
Epoch 6320 | Val Loss: 16.7274 | Val Cost: 2092.03 | Val Max P-Miss: 0.1868 | Val Max Q-Miss: 0.0888 | Val Max Gen Viol: 0.0000 | Val Max Thermal: 0.0000
Epoch 6330 | Val Loss: 16.7673 | Val Cost: 2096.32 | Val Max P-Miss: 0.1841 | Val Max Q-Miss: 0.0873 | Val Max Gen Viol: 0.0000 | Val Max Thermal: 0.0000
Epoch 6340 | Val Loss: 16.7362 | Val Cost: 2099.49 | Val Max P-Miss: 0.1838 | Val Max Q-Miss: 0.0837 | Val Max Gen Viol: 0.0000 | Val Max Thermal: 0.0000
Epoch 6350 | Val Loss: 30.2971 | Val Cost: 2065.92 | Val Max P-Miss: 0.2141 | Val Max Q-Miss: 0.1704 | Val Max Gen Viol: 0.0000 | Val Max Thermal: 0.0000
Epoch 6360 | Val Loss: 20.3075 | Val Cost: 1998.30 | Val Max P-Miss: 0.1710 | Val Max Q-Miss: 0.1330 | Val Max Gen Viol: 0.0000 | Val Max Thermal: 0.0000
Epoch 6370 | Val Loss: 30.5566 | Val Cost: 2069.08 | Val Max P-Miss: 0.2715 | Val Max Q-Miss: 0.2808 | Val Max Gen Viol: 0.0000 | Val Max Thermal: 0.0000
Epoch 6380 | Val Loss: 36.1042 | Val Cost: 2015.84 | Val Max P-Miss: 0.2426 | Val Max Q-Miss: 0.2087 | Val Max Gen Viol: 0.0000 | Val Max Thermal: 0.0000
Epoch 6390 | Val Loss: 24.4018 | Val Cost: 2019.72 | Val Max P-Miss: 0.3239 | Val Max Q-Miss: 0.1816 | Val Max Gen Viol: 0.0000 | Val Max Thermal: 0.0000
Epoch 6400 | Val Loss: 14.0610 | Val Cost: 2016.45 | Val Max P-Miss: 0.1115 | Val Max Q-Miss: 0.0931 | Val Max Gen Viol: 0.0000 | Val Max Thermal: 0.0000
Epoch 6410 | Val Loss: 58.5256 | Val Cost: 2034.86 | Val Max P-Miss: 0.4246 | Val Max Q-Miss: 0.2938 | Val Max Gen Viol: 0.0000 | Val Max Thermal: 0.0000
Epoch 6420 | Val Loss: 22.5259 | Val Cost: 2038.35 | Val Max P-Miss: 0.1814 | Val Max Q-Miss: 0.1336 | Val Max Gen Viol: 0.0000 | Val Max Thermal: 0.0000
Epoch 6430 | Val Loss: 25.6607 | Val Cost: 2028.57 | Val Max P-Miss: 0.2702 | Val Max Q-Miss: 0.1905 | Val Max Gen Viol: 0.0000 | Val Max Thermal: 0.0000
Epoch 6440 | Val Loss: 23.9803 | Val Cost: 2134.62 | Val Max P-Miss: 0.2273 | Val Max Q-Miss: 0.1114 | Val Max Gen Viol: 0.0000 | Val Max Thermal: 0.0000
Epoch 6450 | Val Loss: 15.9798 | Val Cost: 2074.42 | Val Max P-Miss: 0.1921 | Val Max Q-Miss: 0.0882 | Val Max Gen Viol: 0.0000 | Val Max Thermal: 0.0000
Epoch 6460 | Val Loss: 29.6177 | Val Cost: 2063.70 | Val Max P-Miss: 0.1783 | Val Max Q-Miss: 0.2946 | Val Max Gen Viol: 0.0000 | Val Max Thermal: 0.0000
Epoch 6470 | Val Loss: 45.9566 | Val Cost: 2068.91 | Val Max P-Miss: 0.2881 | Val Max Q-Miss: 0.2468 | Val Max Gen Viol: 0.0000 | Val Max Thermal: 0.0000
Epoch 6480 | Val Loss: 24.1542 | Val Cost: 2085.90 | Val Max P-Miss: 0.2559 | Val Max Q-Miss: 0.1091 | Val Max Gen Viol: 0.0000 | Val Max Thermal: 0.0000
Epoch 6490 | Val Loss: 14.0482 | Val Cost: 2083.12 | Val Max P-Miss: 0.1380 | Val Max Q-Miss: 0.0931 | Val Max Gen Viol: 0.0000 | Val Max Thermal: 0.0000
Epoch 6500 | Val Loss: 28.2377 | Val Cost: 2094.16 | Val Max P-Miss: 0.2141 | Val Max Q-Miss: 0.2697 | Val Max Gen Viol: 0.0000 | Val Max Thermal: 0.0000
Epoch 6510 | Val Loss: 31.5379 | Val Cost: 2066.44 | Val Max P-Miss: 0.3367 | Val Max Q-Miss: 0.2181 | Val Max Gen Viol: 0.0000 | Val Max Thermal: 0.0000
Epoch 6520 | Val Loss: 24.7250 | Val Cost: 2079.54 | Val Max P-Miss: 0.2526 | Val Max Q-Miss: 0.1181 | Val Max Gen Viol: 0.0000 | Val Max Thermal: 0.0000
Epoch 6530 | Val Loss: 26.8323 | Val Cost: 2066.93 | Val Max P-Miss: 0.2197 | Val Max Q-Miss: 0.1597 | Val Max Gen Viol: 0.0000 | Val Max Thermal: 0.0000
Epoch 6540 | Val Loss: 18.4063 | Val Cost: 2089.75 | Val Max P-Miss: 0.1749 | Val Max Q-Miss: 0.1449 | Val Max Gen Viol: 0.0000 | Val Max Thermal: 0.0000
Epoch 6550 | Val Loss: 17.4731 | Val Cost: 2077.46 | Val Max P-Miss: 0.1658 | Val Max Q-Miss: 0.1854 | Val Max Gen Viol: 0.0000 | Val Max Thermal: 0.0000
Epoch 6560 | Val Loss: 26.5298 | Val Cost: 2091.56 | Val Max P-Miss: 0.3251 | Val Max Q-Miss: 0.1488 | Val Max Gen Viol: 0.0000 | Val Max Thermal: 0.0000
Epoch 6570 | Val Loss: 68.6036 | Val Cost: 2073.40 | Val Max P-Miss: 0.3347 | Val Max Q-Miss: 0.2977 | Val Max Gen Viol: 0.0000 | Val Max Thermal: 0.0000
Epoch 6580 | Val Loss: 32.0105 | Val Cost: 2072.40 | Val Max P-Miss: 0.2763 | Val Max Q-Miss: 0.2380 | Val Max Gen Viol: 0.0000 | Val Max Thermal: 0.0000
Epoch 6590 | Val Loss: 18.4902 | Val Cost: 2073.85 | Val Max P-Miss: 0.2347 | Val Max Q-Miss: 0.1267 | Val Max Gen Viol: 0.0000 | Val Max Thermal: 0.0000
Epoch 6600 | Val Loss: 17.6247 | Val Cost: 2059.29 | Val Max P-Miss: 0.2195 | Val Max Q-Miss: 0.1179 | Val Max Gen Viol: 0.0000 | Val Max Thermal: 0.0000
Epoch 6610 | Val Loss: 16.9693 | Val Cost: 2053.79 | Val Max P-Miss: 0.2096 | Val Max Q-Miss: 0.1111 | Val Max Gen Viol: 0.0000 | Val Max Thermal: 0.0000
Epoch 6620 | Val Loss: 16.4020 | Val Cost: 2051.78 | Val Max P-Miss: 0.2020 | Val Max Q-Miss: 0.1053 | Val Max Gen Viol: 0.0000 | Val Max Thermal: 0.0000
Epoch 6630 | Val Loss: 15.8880 | Val Cost: 2051.31 | Val Max P-Miss: 0.2002 | Val Max Q-Miss: 0.0962 | Val Max Gen Viol: 0.0000 | Val Max Thermal: 0.0000
Epoch 6640 | Val Loss: 15.3028 | Val Cost: 2052.28 | Val Max P-Miss: 0.1888 | Val Max Q-Miss: 0.0989 | Val Max Gen Viol: 0.0000 | Val Max Thermal: 0.0000
Epoch 6650 | Val Loss: 14.8082 | Val Cost: 2052.92 | Val Max P-Miss: 0.1811 | Val Max Q-Miss: 0.1018 | Val Max Gen Viol: 0.0000 | Val Max Thermal: 0.0000
Epoch 6660 | Val Loss: 15.2421 | Val Cost: 2054.97 | Val Max P-Miss: 0.1784 | Val Max Q-Miss: 0.1012 | Val Max Gen Viol: 0.0000 | Val Max Thermal: 0.0000
Epoch 6670 | Val Loss: 14.8248 | Val Cost: 2054.21 | Val Max P-Miss: 0.1801 | Val Max Q-Miss: 0.0988 | Val Max Gen Viol: 0.0000 | Val Max Thermal: 0.0000
Epoch 6680 | Val Loss: 15.6645 | Val Cost: 2055.55 | Val Max P-Miss: 0.1786 | Val Max Q-Miss: 0.0958 | Val Max Gen Viol: 0.0000 | Val Max Thermal: 0.0000
Epoch 6690 | Val Loss: 15.2001 | Val Cost: 2054.02 | Val Max P-Miss: 0.1789 | Val Max Q-Miss: 0.0945 | Val Max Gen Viol: 0.0000 | Val Max Thermal: 0.0000
Epoch 6700 | Val Loss: 15.0814 | Val Cost: 2054.16 | Val Max P-Miss: 0.1804 | Val Max Q-Miss: 0.0938 | Val Max Gen Viol: 0.0000 | Val Max Thermal: 0.0000
Epoch 6710 | Val Loss: 15.2125 | Val Cost: 2054.07 | Val Max P-Miss: 0.1838 | Val Max Q-Miss: 0.0938 | Val Max Gen Viol: 0.0000 | Val Max Thermal: 0.0000
Epoch 6720 | Val Loss: 15.0769 | Val Cost: 2052.76 | Val Max P-Miss: 0.1817 | Val Max Q-Miss: 0.0915 | Val Max Gen Viol: 0.0000 | Val Max Thermal: 0.0000
Epoch 6730 | Val Loss: 15.0014 | Val Cost: 2051.69 | Val Max P-Miss: 0.1818 | Val Max Q-Miss: 0.0904 | Val Max Gen Viol: 0.0000 | Val Max Thermal: 0.0000
Epoch 6740 | Val Loss: 15.2001 | Val Cost: 2050.81 | Val Max P-Miss: 0.1824 | Val Max Q-Miss: 0.0882 | Val Max Gen Viol: 0.0000 | Val Max Thermal: 0.0000
Epoch 6750 | Val Loss: 15.1426 | Val Cost: 2050.53 | Val Max P-Miss: 0.1830 | Val Max Q-Miss: 0.0903 | Val Max Gen Viol: 0.0000 | Val Max Thermal: 0.0000
Epoch 6760 | Val Loss: 15.0473 | Val Cost: 2048.69 | Val Max P-Miss: 0.1771 | Val Max Q-Miss: 0.0899 | Val Max Gen Viol: 0.0000 | Val Max Thermal: 0.0000
Epoch 6770 | Val Loss: 15.3624 | Val Cost: 2049.14 | Val Max P-Miss: 0.1821 | Val Max Q-Miss: 0.0904 | Val Max Gen Viol: 0.0000 | Val Max Thermal: 0.0000
Epoch 6780 | Val Loss: 15.4238 | Val Cost: 2048.28 | Val Max P-Miss: 0.1827 | Val Max Q-Miss: 0.0889 | Val Max Gen Viol: 0.0000 | Val Max Thermal: 0.0000
Epoch 6790 | Val Loss: 15.4106 | Val Cost: 2047.30 | Val Max P-Miss: 0.1833 | Val Max Q-Miss: 0.0937 | Val Max Gen Viol: 0.0000 | Val Max Thermal: 0.0000
Epoch 6800 | Val Loss: 15.4475 | Val Cost: 2051.01 | Val Max P-Miss: 0.1798 | Val Max Q-Miss: 0.1139 | Val Max Gen Viol: 0.0000 | Val Max Thermal: 0.0000
Epoch 6810 | Val Loss: 16.9178 | Val Cost: 2055.61 | Val Max P-Miss: 0.2072 | Val Max Q-Miss: 0.0680 | Val Max Gen Viol: 0.0000 | Val Max Thermal: 0.0000
Epoch 6820 | Val Loss: 15.9565 | Val Cost: 2044.19 | Val Max P-Miss: 0.1616 | Val Max Q-Miss: 0.1318 | Val Max Gen Viol: 0.0000 | Val Max Thermal: 0.0000
Epoch 6830 | Val Loss: 16.4330 | Val Cost: 2044.78 | Val Max P-Miss: 0.1575 | Val Max Q-Miss: 0.1349 | Val Max Gen Viol: 0.0000 | Val Max Thermal: 0.0000
Epoch 6840 | Val Loss: 18.4230 | Val Cost: 2050.30 | Val Max P-Miss: 0.2092 | Val Max Q-Miss: 0.1408 | Val Max Gen Viol: 0.0000 | Val Max Thermal: 0.0000
Epoch 6850 | Val Loss: 51.7442 | Val Cost: 1956.09 | Val Max P-Miss: 0.3232 | Val Max Q-Miss: 0.4409 | Val Max Gen Viol: 0.0000 | Val Max Thermal: 0.0000
Epoch 6860 | Val Loss: 26.8226 | Val Cost: 1989.97 | Val Max P-Miss: 0.2247 | Val Max Q-Miss: 0.1793 | Val Max Gen Viol: 0.0000 | Val Max Thermal: 0.0000
Epoch 6870 | Val Loss: 48.3680 | Val Cost: 2013.17 | Val Max P-Miss: 0.3061 | Val Max Q-Miss: 0.1951 | Val Max Gen Viol: 0.0000 | Val Max Thermal: 0.0000
Epoch 6880 | Val Loss: 30.3752 | Val Cost: 2059.45 | Val Max P-Miss: 0.2572 | Val Max Q-Miss: 0.1778 | Val Max Gen Viol: 0.0000 | Val Max Thermal: 0.0000
Epoch 6890 | Val Loss: 33.6847 | Val Cost: 2012.36 | Val Max P-Miss: 0.1883 | Val Max Q-Miss: 0.2670 | Val Max Gen Viol: 0.0000 | Val Max Thermal: 0.0000
Epoch 6900 | Val Loss: 22.9650 | Val Cost: 2035.77 | Val Max P-Miss: 0.2940 | Val Max Q-Miss: 0.1523 | Val Max Gen Viol: 0.0000 | Val Max Thermal: 0.0000
Epoch 6910 | Val Loss: 44.5673 | Val Cost: 2096.72 | Val Max P-Miss: 0.2244 | Val Max Q-Miss: 0.3477 | Val Max Gen Viol: 0.0000 | Val Max Thermal: 0.0000
Epoch 6920 | Val Loss: 29.1470 | Val Cost: 2077.26 | Val Max P-Miss: 0.2248 | Val Max Q-Miss: 0.2297 | Val Max Gen Viol: 0.0000 | Val Max Thermal: 0.0000
Epoch 6930 | Val Loss: 18.2725 | Val Cost: 2116.82 | Val Max P-Miss: 0.0992 | Val Max Q-Miss: 0.2560 | Val Max Gen Viol: 0.0000 | Val Max Thermal: 0.0000
Epoch 6940 | Val Loss: 13.1785 | Val Cost: 2081.43 | Val Max P-Miss: 0.1360 | Val Max Q-Miss: 0.1075 | Val Max Gen Viol: 0.0000 | Val Max Thermal: 0.0000
Epoch 6950 | Val Loss: 22.1021 | Val Cost: 2112.34 | Val Max P-Miss: 0.2742 | Val Max Q-Miss: 0.1546 | Val Max Gen Viol: 0.0000 | Val Max Thermal: 0.0000
Epoch 6960 | Val Loss: 29.3686 | Val Cost: 2018.66 | Val Max P-Miss: 0.3725 | Val Max Q-Miss: 0.1327 | Val Max Gen Viol: 0.0000 | Val Max Thermal: 0.0000
Epoch 6970 | Val Loss: 34.5935 | Val Cost: 2205.68 | Val Max P-Miss: 0.1833 | Val Max Q-Miss: 0.3317 | Val Max Gen Viol: 0.0000 | Val Max Thermal: 0.0000
Epoch 6980 | Val Loss: 15.7892 | Val Cost: 2142.92 | Val Max P-Miss: 0.2641 | Val Max Q-Miss: 0.1213 | Val Max Gen Viol: 0.0000 | Val Max Thermal: 0.0000
Epoch 6990 | Val Loss: 17.8148 | Val Cost: 2096.13 | Val Max P-Miss: 0.1383 | Val Max Q-Miss: 0.1216 | Val Max Gen Viol: 0.0000 | Val Max Thermal: 0.0000
Epoch 7000 | Val Loss: 19.7784 | Val Cost: 2129.50 | Val Max P-Miss: 0.0987 | Val Max Q-Miss: 0.1470 | Val Max Gen Viol: 0.0000 | Val Max Thermal: 0.0000
Epoch 7010 | Val Loss: 20.1169 | Val Cost: 2102.18 | Val Max P-Miss: 0.1160 | Val Max Q-Miss: 0.1701 | Val Max Gen Viol: 0.0000 | Val Max Thermal: 0.0000
Epoch 7020 | Val Loss: 11.6474 | Val Cost: 2041.26 | Val Max P-Miss: 0.1315 | Val Max Q-Miss: 0.1080 | Val Max Gen Viol: 0.0000 | Val Max Thermal: 0.0000 [*SAVED BEST*]
Epoch 7030 | Val Loss: 16.3599 | Val Cost: 2082.79 | Val Max P-Miss: 0.2042 | Val Max Q-Miss: 0.1250 | Val Max Gen Viol: 0.0000 | Val Max Thermal: 0.0000
Epoch 7040 | Val Loss: 27.3858 | Val Cost: 2062.78 | Val Max P-Miss: 0.2886 | Val Max Q-Miss: 0.2257 | Val Max Gen Viol: 0.0000 | Val Max Thermal: 0.0000
Epoch 7050 | Val Loss: 26.9627 | Val Cost: 2086.99 | Val Max P-Miss: 0.1755 | Val Max Q-Miss: 0.2312 | Val Max Gen Viol: 0.0000 | Val Max Thermal: 0.0000
Epoch 7060 | Val Loss: 27.3649 | Val Cost: 2073.14 | Val Max P-Miss: 0.1707 | Val Max Q-Miss: 0.2564 | Val Max Gen Viol: 0.0000 | Val Max Thermal: 0.0000
Epoch 7070 | Val Loss: 19.7285 | Val Cost: 2106.12 | Val Max P-Miss: 0.2410 | Val Max Q-Miss: 0.1455 | Val Max Gen Viol: 0.0000 | Val Max Thermal: 0.0000
Epoch 7080 | Val Loss: 16.9933 | Val Cost: 2105.32 | Val Max P-Miss: 0.2092 | Val Max Q-Miss: 0.1111 | Val Max Gen Viol: 0.0000 | Val Max Thermal: 0.0000
Epoch 7090 | Val Loss: 16.8506 | Val Cost: 2103.74 | Val Max P-Miss: 0.2028 | Val Max Q-Miss: 0.1065 | Val Max Gen Viol: 0.0000 | Val Max Thermal: 0.0000
Epoch 7100 | Val Loss: 16.7655 | Val Cost: 2105.42 | Val Max P-Miss: 0.1994 | Val Max Q-Miss: 0.1030 | Val Max Gen Viol: 0.0000 | Val Max Thermal: 0.0000
Epoch 7110 | Val Loss: 16.7125 | Val Cost: 2108.04 | Val Max P-Miss: 0.1969 | Val Max Q-Miss: 0.0992 | Val Max Gen Viol: 0.0000 | Val Max Thermal: 0.0000
Epoch 7120 | Val Loss: 16.5154 | Val Cost: 2110.21 | Val Max P-Miss: 0.1968 | Val Max Q-Miss: 0.0976 | Val Max Gen Viol: 0.0000 | Val Max Thermal: 0.0000
Epoch 7130 | Val Loss: 16.5838 | Val Cost: 2112.73 | Val Max P-Miss: 0.1962 | Val Max Q-Miss: 0.0939 | Val Max Gen Viol: 0.0000 | Val Max Thermal: 0.0000
Epoch 7140 | Val Loss: 15.4390 | Val Cost: 2099.48 | Val Max P-Miss: 0.1402 | Val Max Q-Miss: 0.1560 | Val Max Gen Viol: 0.0000 | Val Max Thermal: 0.0000
Epoch 7150 | Val Loss: 36.9665 | Val Cost: 2086.18 | Val Max P-Miss: 0.3362 | Val Max Q-Miss: 0.1847 | Val Max Gen Viol: 0.0000 | Val Max Thermal: 0.0000
Epoch 7160 | Val Loss: 48.2672 | Val Cost: 2127.50 | Val Max P-Miss: 0.3716 | Val Max Q-Miss: 0.2661 | Val Max Gen Viol: 0.0000 | Val Max Thermal: 0.0000
Epoch 7170 | Val Loss: 23.2428 | Val Cost: 2074.04 | Val Max P-Miss: 0.2365 | Val Max Q-Miss: 0.1212 | Val Max Gen Viol: 0.0000 | Val Max Thermal: 0.0000
Epoch 7180 | Val Loss: 28.8170 | Val Cost: 2054.56 | Val Max P-Miss: 0.2807 | Val Max Q-Miss: 0.2227 | Val Max Gen Viol: 0.0000 | Val Max Thermal: 0.0000
Epoch 7190 | Val Loss: 26.5422 | Val Cost: 2079.76 | Val Max P-Miss: 0.1964 | Val Max Q-Miss: 0.1151 | Val Max Gen Viol: 0.0000 | Val Max Thermal: 0.0000
Epoch 7200 | Val Loss: 35.6011 | Val Cost: 2116.35 | Val Max P-Miss: 0.2878 | Val Max Q-Miss: 0.2517 | Val Max Gen Viol: 0.0000 | Val Max Thermal: 0.0000
Epoch 7210 | Val Loss: 24.9796 | Val Cost: 2135.96 | Val Max P-Miss: 0.2960 | Val Max Q-Miss: 0.1967 | Val Max Gen Viol: 0.0000 | Val Max Thermal: 0.0000
Epoch 7220 | Val Loss: 38.8907 | Val Cost: 2086.75 | Val Max P-Miss: 0.3955 | Val Max Q-Miss: 0.2994 | Val Max Gen Viol: 0.0000 | Val Max Thermal: 0.0000
Epoch 7230 | Val Loss: 26.5037 | Val Cost: 2120.01 | Val Max P-Miss: 0.2741 | Val Max Q-Miss: 0.2297 | Val Max Gen Viol: 0.0000 | Val Max Thermal: 0.0000
Epoch 7240 | Val Loss: 22.0314 | Val Cost: 2104.68 | Val Max P-Miss: 0.2763 | Val Max Q-Miss: 0.1485 | Val Max Gen Viol: 0.0000 | Val Max Thermal: 0.0000
Epoch 7250 | Val Loss: 22.5361 | Val Cost: 2100.91 | Val Max P-Miss: 0.2885 | Val Max Q-Miss: 0.1549 | Val Max Gen Viol: 0.0000 | Val Max Thermal: 0.0000
Epoch 7260 | Val Loss: 29.8426 | Val Cost: 2092.65 | Val Max P-Miss: 0.3277 | Val Max Q-Miss: 0.1523 | Val Max Gen Viol: 0.0000 | Val Max Thermal: 0.0000
Epoch 7270 | Val Loss: 14.6423 | Val Cost: 2163.87 | Val Max P-Miss: 0.2380 | Val Max Q-Miss: 0.1043 | Val Max Gen Viol: 0.0000 | Val Max Thermal: 0.0000
Epoch 7280 | Val Loss: 13.1450 | Val Cost: 2132.36 | Val Max P-Miss: 0.2097 | Val Max Q-Miss: 0.1075 | Val Max Gen Viol: 0.0000 | Val Max Thermal: 0.0000
Epoch 7290 | Val Loss: 13.0023 | Val Cost: 2124.97 | Val Max P-Miss: 0.2053 | Val Max Q-Miss: 0.1006 | Val Max Gen Viol: 0.0000 | Val Max Thermal: 0.0000
Epoch 7300 | Val Loss: 13.1223 | Val Cost: 2123.96 | Val Max P-Miss: 0.2036 | Val Max Q-Miss: 0.0966 | Val Max Gen Viol: 0.0000 | Val Max Thermal: 0.0000
Epoch 7310 | Val Loss: 13.1592 | Val Cost: 2125.05 | Val Max P-Miss: 0.2017 | Val Max Q-Miss: 0.0930 | Val Max Gen Viol: 0.0000 | Val Max Thermal: 0.0000
Epoch 7320 | Val Loss: 13.2253 | Val Cost: 2126.80 | Val Max P-Miss: 0.2005 | Val Max Q-Miss: 0.0896 | Val Max Gen Viol: 0.0000 | Val Max Thermal: 0.0000
Epoch 7330 | Val Loss: 17.0190 | Val Cost: 2131.91 | Val Max P-Miss: 0.1807 | Val Max Q-Miss: 0.0797 | Val Max Gen Viol: 0.0000 | Val Max Thermal: 0.0000
Epoch 7340 | Val Loss: 22.6247 | Val Cost: 2080.21 | Val Max P-Miss: 0.2147 | Val Max Q-Miss: 0.1684 | Val Max Gen Viol: 0.0000 | Val Max Thermal: 0.0000
Epoch 7350 | Val Loss: 22.2156 | Val Cost: 2099.96 | Val Max P-Miss: 0.3358 | Val Max Q-Miss: 0.1125 | Val Max Gen Viol: 0.0000 | Val Max Thermal: 0.0000
Epoch 7360 | Val Loss: 28.8638 | Val Cost: 2091.84 | Val Max P-Miss: 0.3662 | Val Max Q-Miss: 0.1490 | Val Max Gen Viol: 0.0000 | Val Max Thermal: 0.0000
Epoch 7370 | Val Loss: 10.0519 | Val Cost: 2093.41 | Val Max P-Miss: 0.1769 | Val Max Q-Miss: 0.0677 | Val Max Gen Viol: 0.0000 | Val Max Thermal: 0.0000 [*SAVED BEST*]
Epoch 7380 | Val Loss: 14.2607 | Val Cost: 2089.17 | Val Max P-Miss: 0.2115 | Val Max Q-Miss: 0.1222 | Val Max Gen Viol: 0.0000 | Val Max Thermal: 0.0000
Epoch 7390 | Val Loss: 23.2292 | Val Cost: 2071.24 | Val Max P-Miss: 0.2292 | Val Max Q-Miss: 0.1356 | Val Max Gen Viol: 0.0000 | Val Max Thermal: 0.0000
Epoch 7400 | Val Loss: 46.9793 | Val Cost: 2096.79 | Val Max P-Miss: 0.3605 | Val Max Q-Miss: 0.2774 | Val Max Gen Viol: 0.0000 | Val Max Thermal: 0.0000
Epoch 7410 | Val Loss: 31.9674 | Val Cost: 2062.09 | Val Max P-Miss: 0.3390 | Val Max Q-Miss: 0.3010 | Val Max Gen Viol: 0.0000 | Val Max Thermal: 0.0000
Epoch 7420 | Val Loss: 12.1743 | Val Cost: 2107.21 | Val Max P-Miss: 0.2144 | Val Max Q-Miss: 0.0689 | Val Max Gen Viol: 0.0000 | Val Max Thermal: 0.0000
Epoch 7430 | Val Loss: 12.4489 | Val Cost: 2114.71 | Val Max P-Miss: 0.2084 | Val Max Q-Miss: 0.0752 | Val Max Gen Viol: 0.0000 | Val Max Thermal: 0.0000
Epoch 7440 | Val Loss: 12.5004 | Val Cost: 2118.75 | Val Max P-Miss: 0.2071 | Val Max Q-Miss: 0.0731 | Val Max Gen Viol: 0.0000 | Val Max Thermal: 0.0000
Epoch 7450 | Val Loss: 12.5709 | Val Cost: 2122.50 | Val Max P-Miss: 0.2069 | Val Max Q-Miss: 0.0717 | Val Max Gen Viol: 0.0000 | Val Max Thermal: 0.0000
Epoch 7460 | Val Loss: 21.2387 | Val Cost: 2077.38 | Val Max P-Miss: 0.2334 | Val Max Q-Miss: 0.1707 | Val Max Gen Viol: 0.0000 | Val Max Thermal: 0.0000
Epoch 7470 | Val Loss: 74.3908 | Val Cost: 2161.34 | Val Max P-Miss: 0.5756 | Val Max Q-Miss: 0.2935 | Val Max Gen Viol: 0.0000 | Val Max Thermal: 0.0000
Epoch 7480 | Val Loss: 26.2687 | Val Cost: 2091.16 | Val Max P-Miss: 0.2795 | Val Max Q-Miss: 0.1913 | Val Max Gen Viol: 0.0000 | Val Max Thermal: 0.0000
Epoch 7490 | Val Loss: 14.8632 | Val Cost: 2127.01 | Val Max P-Miss: 0.1615 | Val Max Q-Miss: 0.1422 | Val Max Gen Viol: 0.0000 | Val Max Thermal: 0.0000
Epoch 7500 | Val Loss: 44.9156 | Val Cost: 2082.27 | Val Max P-Miss: 0.3505 | Val Max Q-Miss: 0.2759 | Val Max Gen Viol: 0.0000 | Val Max Thermal: 0.0000
Epoch 7510 | Val Loss: 26.6911 | Val Cost: 2138.05 | Val Max P-Miss: 0.2166 | Val Max Q-Miss: 0.1648 | Val Max Gen Viol: 0.0000 | Val Max Thermal: 0.0000
Epoch 7520 | Val Loss: 25.4165 | Val Cost: 2170.50 | Val Max P-Miss: 0.2378 | Val Max Q-Miss: 0.0954 | Val Max Gen Viol: 0.0000 | Val Max Thermal: 0.0000
Epoch 7530 | Val Loss: 24.3305 | Val Cost: 2099.58 | Val Max P-Miss: 0.3234 | Val Max Q-Miss: 0.2135 | Val Max Gen Viol: 0.0000 | Val Max Thermal: 0.0000
Epoch 7540 | Val Loss: 25.0024 | Val Cost: 2121.48 | Val Max P-Miss: 0.2833 | Val Max Q-Miss: 0.1843 | Val Max Gen Viol: 0.0000 | Val Max Thermal: 0.0000
Epoch 7550 | Val Loss: 27.1903 | Val Cost: 2098.44 | Val Max P-Miss: 0.2171 | Val Max Q-Miss: 0.2050 | Val Max Gen Viol: 0.0000 | Val Max Thermal: 0.0000
Epoch 7560 | Val Loss: 63.4493 | Val Cost: 2136.93 | Val Max P-Miss: 0.3872 | Val Max Q-Miss: 0.2915 | Val Max Gen Viol: 0.0000 | Val Max Thermal: 0.0000
Epoch 7570 | Val Loss: 37.9280 | Val Cost: 2149.96 | Val Max P-Miss: 0.4605 | Val Max Q-Miss: 0.1832 | Val Max Gen Viol: 0.0000 | Val Max Thermal: 0.0000
Epoch 7580 | Val Loss: 28.4996 | Val Cost: 2128.43 | Val Max P-Miss: 0.2894 | Val Max Q-Miss: 0.1697 | Val Max Gen Viol: 0.0000 | Val Max Thermal: 0.0000
Epoch 7590 | Val Loss: 25.5383 | Val Cost: 2090.01 | Val Max P-Miss: 0.1733 | Val Max Q-Miss: 0.1381 | Val Max Gen Viol: 0.0000 | Val Max Thermal: 0.0000
Epoch 7600 | Val Loss: 30.6910 | Val Cost: 2105.17 | Val Max P-Miss: 0.2489 | Val Max Q-Miss: 0.1483 | Val Max Gen Viol: 0.0000 | Val Max Thermal: 0.0000
Epoch 7610 | Val Loss: 14.0022 | Val Cost: 2151.30 | Val Max P-Miss: 0.1868 | Val Max Q-Miss: 0.0776 | Val Max Gen Viol: 0.0000 | Val Max Thermal: 0.0000
Epoch 7620 | Val Loss: 14.1394 | Val Cost: 2134.95 | Val Max P-Miss: 0.2208 | Val Max Q-Miss: 0.0760 | Val Max Gen Viol: 0.0000 | Val Max Thermal: 0.0000
Epoch 7630 | Val Loss: 13.2738 | Val Cost: 2136.87 | Val Max P-Miss: 0.2207 | Val Max Q-Miss: 0.0700 | Val Max Gen Viol: 0.0000 | Val Max Thermal: 0.0000
Epoch 7640 | Val Loss: 12.4999 | Val Cost: 2139.01 | Val Max P-Miss: 0.2196 | Val Max Q-Miss: 0.0666 | Val Max Gen Viol: 0.0000 | Val Max Thermal: 0.0000
Epoch 7650 | Val Loss: 11.8063 | Val Cost: 2141.20 | Val Max P-Miss: 0.2183 | Val Max Q-Miss: 0.0630 | Val Max Gen Viol: 0.0000 | Val Max Thermal: 0.0000
Epoch 7660 | Val Loss: 11.3043 | Val Cost: 2143.58 | Val Max P-Miss: 0.2167 | Val Max Q-Miss: 0.0598 | Val Max Gen Viol: 0.0000 | Val Max Thermal: 0.0000
Epoch 7670 | Val Loss: 10.7016 | Val Cost: 2145.72 | Val Max P-Miss: 0.2116 | Val Max Q-Miss: 0.0581 | Val Max Gen Viol: 0.0000 | Val Max Thermal: 0.0000
Epoch 7680 | Val Loss: 14.1189 | Val Cost: 2142.60 | Val Max P-Miss: 0.1910 | Val Max Q-Miss: 0.0585 | Val Max Gen Viol: 0.0000 | Val Max Thermal: 0.0000
Epoch 7690 | Val Loss: 28.1375 | Val Cost: 2115.00 | Val Max P-Miss: 0.3085 | Val Max Q-Miss: 0.2341 | Val Max Gen Viol: 0.0000 | Val Max Thermal: 0.0000
Epoch 7700 | Val Loss: 31.0149 | Val Cost: 2064.66 | Val Max P-Miss: 0.3811 | Val Max Q-Miss: 0.2074 | Val Max Gen Viol: 0.0000 | Val Max Thermal: 0.0000
Epoch 7710 | Val Loss: 37.9731 | Val Cost: 2085.07 | Val Max P-Miss: 0.2944 | Val Max Q-Miss: 0.2176 | Val Max Gen Viol: 0.0000 | Val Max Thermal: 0.0000
Epoch 7720 | Val Loss: 32.2649 | Val Cost: 2164.00 | Val Max P-Miss: 0.2582 | Val Max Q-Miss: 0.3116 | Val Max Gen Viol: 0.0000 | Val Max Thermal: 0.0000
Epoch 7730 | Val Loss: 45.4442 | Val Cost: 2115.27 | Val Max P-Miss: 0.4424 | Val Max Q-Miss: 0.2708 | Val Max Gen Viol: 0.0000 | Val Max Thermal: 0.0000
Epoch 7740 | Val Loss: 31.0937 | Val Cost: 2125.77 | Val Max P-Miss: 0.3004 | Val Max Q-Miss: 0.1723 | Val Max Gen Viol: 0.0000 | Val Max Thermal: 0.0000
Epoch 7750 | Val Loss: 19.7066 | Val Cost: 2102.77 | Val Max P-Miss: 0.2520 | Val Max Q-Miss: 0.2025 | Val Max Gen Viol: 0.0000 | Val Max Thermal: 0.0000
Epoch 7760 | Val Loss: 30.4865 | Val Cost: 2171.00 | Val Max P-Miss: 0.3393 | Val Max Q-Miss: 0.1339 | Val Max Gen Viol: 0.0000 | Val Max Thermal: 0.0000
Epoch 7770 | Val Loss: 22.2201 | Val Cost: 2094.14 | Val Max P-Miss: 0.2054 | Val Max Q-Miss: 0.1606 | Val Max Gen Viol: 0.0000 | Val Max Thermal: 0.0000
Epoch 7780 | Val Loss: 24.8025 | Val Cost: 2090.57 | Val Max P-Miss: 0.2312 | Val Max Q-Miss: 0.1028 | Val Max Gen Viol: 0.0000 | Val Max Thermal: 0.0000
Epoch 7790 | Val Loss: 11.9760 | Val Cost: 2127.35 | Val Max P-Miss: 0.1750 | Val Max Q-Miss: 0.0729 | Val Max Gen Viol: 0.0000 | Val Max Thermal: 0.0000
Epoch 7800 | Val Loss: 11.6565 | Val Cost: 2125.53 | Val Max P-Miss: 0.1899 | Val Max Q-Miss: 0.0698 | Val Max Gen Viol: 0.0000 | Val Max Thermal: 0.0000
Epoch 7810 | Val Loss: 11.7723 | Val Cost: 2128.18 | Val Max P-Miss: 0.1883 | Val Max Q-Miss: 0.0686 | Val Max Gen Viol: 0.0000 | Val Max Thermal: 0.0000
Epoch 7820 | Val Loss: 11.9008 | Val Cost: 2130.93 | Val Max P-Miss: 0.1857 | Val Max Q-Miss: 0.0663 | Val Max Gen Viol: 0.0000 | Val Max Thermal: 0.0000
Epoch 7830 | Val Loss: 11.8428 | Val Cost: 2133.69 | Val Max P-Miss: 0.1830 | Val Max Q-Miss: 0.0664 | Val Max Gen Viol: 0.0000 | Val Max Thermal: 0.0000
Epoch 7840 | Val Loss: 11.9826 | Val Cost: 2136.38 | Val Max P-Miss: 0.1829 | Val Max Q-Miss: 0.0653 | Val Max Gen Viol: 0.0000 | Val Max Thermal: 0.0000
Epoch 7850 | Val Loss: 10.8063 | Val Cost: 2136.15 | Val Max P-Miss: 0.1607 | Val Max Q-Miss: 0.0611 | Val Max Gen Viol: 0.0000 | Val Max Thermal: 0.0000
Epoch 7860 | Val Loss: 34.9229 | Val Cost: 2127.48 | Val Max P-Miss: 0.2126 | Val Max Q-Miss: 0.2533 | Val Max Gen Viol: 0.0000 | Val Max Thermal: 0.0000
Epoch 7870 | Val Loss: 51.5773 | Val Cost: 2092.20 | Val Max P-Miss: 0.3194 | Val Max Q-Miss: 0.3062 | Val Max Gen Viol: 0.0000 | Val Max Thermal: 0.0000
Epoch 7880 | Val Loss: 22.0650 | Val Cost: 2076.78 | Val Max P-Miss: 0.2182 | Val Max Q-Miss: 0.1306 | Val Max Gen Viol: 0.0000 | Val Max Thermal: 0.0000
Epoch 7890 | Val Loss: 24.4611 | Val Cost: 2106.07 | Val Max P-Miss: 0.3221 | Val Max Q-Miss: 0.1827 | Val Max Gen Viol: 0.0000 | Val Max Thermal: 0.0000
Epoch 7900 | Val Loss: 20.2507 | Val Cost: 2095.92 | Val Max P-Miss: 0.1440 | Val Max Q-Miss: 0.1412 | Val Max Gen Viol: 0.0000 | Val Max Thermal: 0.0000
Epoch 7910 | Val Loss: 32.1467 | Val Cost: 2165.13 | Val Max P-Miss: 0.2990 | Val Max Q-Miss: 0.1913 | Val Max Gen Viol: 0.0000 | Val Max Thermal: 0.0000
Epoch 7920 | Val Loss: 15.2269 | Val Cost: 2174.50 | Val Max P-Miss: 0.2085 | Val Max Q-Miss: 0.0928 | Val Max Gen Viol: 0.0000 | Val Max Thermal: 0.0000
Epoch 7930 | Val Loss: 27.5672 | Val Cost: 2148.59 | Val Max P-Miss: 0.1762 | Val Max Q-Miss: 0.1004 | Val Max Gen Viol: 0.0000 | Val Max Thermal: 0.0000
Epoch 7940 | Val Loss: 18.6470 | Val Cost: 2106.01 | Val Max P-Miss: 0.2145 | Val Max Q-Miss: 0.1359 | Val Max Gen Viol: 0.0000 | Val Max Thermal: 0.0000
Epoch 7950 | Val Loss: 18.8385 | Val Cost: 2124.68 | Val Max P-Miss: 0.1632 | Val Max Q-Miss: 0.1747 | Val Max Gen Viol: 0.0000 | Val Max Thermal: 0.0000
Epoch 7960 | Val Loss: 24.7732 | Val Cost: 2094.50 | Val Max P-Miss: 0.2781 | Val Max Q-Miss: 0.1754 | Val Max Gen Viol: 0.0000 | Val Max Thermal: 0.0000
Epoch 7970 | Val Loss: 33.5622 | Val Cost: 2134.13 | Val Max P-Miss: 0.4202 | Val Max Q-Miss: 0.1616 | Val Max Gen Viol: 0.0000 | Val Max Thermal: 0.0000
Epoch 7980 | Val Loss: 29.2585 | Val Cost: 2176.61 | Val Max P-Miss: 0.1833 | Val Max Q-Miss: 0.2017 | Val Max Gen Viol: 0.0000 | Val Max Thermal: 0.0000
Epoch 7990 | Val Loss: 13.8086 | Val Cost: 2140.33 | Val Max P-Miss: 0.1536 | Val Max Q-Miss: 0.0708 | Val Max Gen Viol: 0.0000 | Val Max Thermal: 0.0000
Epoch 8000 | Val Loss: 12.6490 | Val Cost: 2130.25 | Val Max P-Miss: 0.1896 | Val Max Q-Miss: 0.0885 | Val Max Gen Viol: 0.0000 | Val Max Thermal: 0.0000
Epoch 8010 | Val Loss: 12.6282 | Val Cost: 2130.27 | Val Max P-Miss: 0.1844 | Val Max Q-Miss: 0.0834 | Val Max Gen Viol: 0.0000 | Val Max Thermal: 0.0000
Epoch 8020 | Val Loss: 12.6111 | Val Cost: 2131.87 | Val Max P-Miss: 0.1839 | Val Max Q-Miss: 0.0793 | Val Max Gen Viol: 0.0000 | Val Max Thermal: 0.0000
Epoch 8030 | Val Loss: 12.7953 | Val Cost: 2134.89 | Val Max P-Miss: 0.1824 | Val Max Q-Miss: 0.0755 | Val Max Gen Viol: 0.0000 | Val Max Thermal: 0.0000
Epoch 8040 | Val Loss: 13.0210 | Val Cost: 2137.27 | Val Max P-Miss: 0.1821 | Val Max Q-Miss: 0.0719 | Val Max Gen Viol: 0.0000 | Val Max Thermal: 0.0000
Epoch 8050 | Val Loss: 13.4741 | Val Cost: 2139.54 | Val Max P-Miss: 0.1664 | Val Max Q-Miss: 0.0633 | Val Max Gen Viol: 0.0000 | Val Max Thermal: 0.0000
Epoch 8060 | Val Loss: 17.6285 | Val Cost: 2108.43 | Val Max P-Miss: 0.2286 | Val Max Q-Miss: 0.1367 | Val Max Gen Viol: 0.0000 | Val Max Thermal: 0.0000
Epoch 8070 | Val Loss: 22.7890 | Val Cost: 2157.63 | Val Max P-Miss: 0.2295 | Val Max Q-Miss: 0.1993 | Val Max Gen Viol: 0.0000 | Val Max Thermal: 0.0000
Epoch 8080 | Val Loss: 22.0828 | Val Cost: 2132.20 | Val Max P-Miss: 0.2468 | Val Max Q-Miss: 0.0911 | Val Max Gen Viol: 0.0000 | Val Max Thermal: 0.0000
Epoch 8090 | Val Loss: 18.2148 | Val Cost: 2114.00 | Val Max P-Miss: 0.2255 | Val Max Q-Miss: 0.1123 | Val Max Gen Viol: 0.0000 | Val Max Thermal: 0.0000
Epoch 8100 | Val Loss: 16.3848 | Val Cost: 2184.59 | Val Max P-Miss: 0.1837 | Val Max Q-Miss: 0.0788 | Val Max Gen Viol: 0.0000 | Val Max Thermal: 0.0000
Epoch 8110 | Val Loss: 15.0808 | Val Cost: 2118.98 | Val Max P-Miss: 0.1287 | Val Max Q-Miss: 0.0810 | Val Max Gen Viol: 0.0000 | Val Max Thermal: 0.0000
Epoch 8120 | Val Loss: 41.9285 | Val Cost: 2146.48 | Val Max P-Miss: 0.3146 | Val Max Q-Miss: 0.2694 | Val Max Gen Viol: 0.0000 | Val Max Thermal: 0.0000
Epoch 8130 | Val Loss: 17.5222 | Val Cost: 2133.89 | Val Max P-Miss: 0.2398 | Val Max Q-Miss: 0.1082 | Val Max Gen Viol: 0.0000 | Val Max Thermal: 0.0000
Epoch 8140 | Val Loss: 21.0854 | Val Cost: 2140.77 | Val Max P-Miss: 0.2845 | Val Max Q-Miss: 0.1087 | Val Max Gen Viol: 0.0000 | Val Max Thermal: 0.0000
Epoch 8150 | Val Loss: 22.4606 | Val Cost: 2108.37 | Val Max P-Miss: 0.3450 | Val Max Q-Miss: 0.1484 | Val Max Gen Viol: 0.0000 | Val Max Thermal: 0.0000
Epoch 8160 | Val Loss: 26.8782 | Val Cost: 2164.56 | Val Max P-Miss: 0.3430 | Val Max Q-Miss: 0.1791 | Val Max Gen Viol: 0.0000 | Val Max Thermal: 0.0000
Epoch 8170 | Val Loss: 32.3433 | Val Cost: 2152.55 | Val Max P-Miss: 0.3392 | Val Max Q-Miss: 0.1934 | Val Max Gen Viol: 0.0000 | Val Max Thermal: 0.0000
Epoch 8180 | Val Loss: 19.9707 | Val Cost: 2140.15 | Val Max P-Miss: 0.2669 | Val Max Q-Miss: 0.1477 | Val Max Gen Viol: 0.0000 | Val Max Thermal: 0.0000
Epoch 8190 | Val Loss: 18.0853 | Val Cost: 2116.14 | Val Max P-Miss: 0.2318 | Val Max Q-Miss: 0.1468 | Val Max Gen Viol: 0.0000 | Val Max Thermal: 0.0000
Epoch 8200 | Val Loss: 17.9076 | Val Cost: 2106.43 | Val Max P-Miss: 0.2152 | Val Max Q-Miss: 0.1394 | Val Max Gen Viol: 0.0000 | Val Max Thermal: 0.0000
Epoch 8210 | Val Loss: 18.3002 | Val Cost: 2102.45 | Val Max P-Miss: 0.2027 | Val Max Q-Miss: 0.1351 | Val Max Gen Viol: 0.0000 | Val Max Thermal: 0.0000
Epoch 8220 | Val Loss: 18.7883 | Val Cost: 2100.65 | Val Max P-Miss: 0.1947 | Val Max Q-Miss: 0.1284 | Val Max Gen Viol: 0.0000 | Val Max Thermal: 0.0000
Epoch 8230 | Val Loss: 19.0778 | Val Cost: 2100.81 | Val Max P-Miss: 0.1907 | Val Max Q-Miss: 0.1188 | Val Max Gen Viol: 0.0000 | Val Max Thermal: 0.0000
Epoch 8240 | Val Loss: 19.6497 | Val Cost: 2101.12 | Val Max P-Miss: 0.1800 | Val Max Q-Miss: 0.1247 | Val Max Gen Viol: 0.0000 | Val Max Thermal: 0.0000
Epoch 8250 | Val Loss: 18.7287 | Val Cost: 2141.54 | Val Max P-Miss: 0.1961 | Val Max Q-Miss: 0.1602 | Val Max Gen Viol: 0.0000 | Val Max Thermal: 0.0000
Epoch 8260 | Val Loss: 28.1989 | Val Cost: 2133.68 | Val Max P-Miss: 0.2395 | Val Max Q-Miss: 0.2559 | Val Max Gen Viol: 0.0000 | Val Max Thermal: 0.0000
Epoch 8270 | Val Loss: 22.9121 | Val Cost: 2079.35 | Val Max P-Miss: 0.1977 | Val Max Q-Miss: 0.2140 | Val Max Gen Viol: 0.0000 | Val Max Thermal: 0.0000
Epoch 8280 | Val Loss: 29.6449 | Val Cost: 2168.47 | Val Max P-Miss: 0.2767 | Val Max Q-Miss: 0.1854 | Val Max Gen Viol: 0.0000 | Val Max Thermal: 0.0000
Epoch 8290 | Val Loss: 15.2394 | Val Cost: 2147.51 | Val Max P-Miss: 0.2408 | Val Max Q-Miss: 0.1127 | Val Max Gen Viol: 0.0000 | Val Max Thermal: 0.0000
Epoch 8300 | Val Loss: 14.6515 | Val Cost: 2139.00 | Val Max P-Miss: 0.2259 | Val Max Q-Miss: 0.1018 | Val Max Gen Viol: 0.0000 | Val Max Thermal: 0.0000
Epoch 8310 | Val Loss: 14.0708 | Val Cost: 2139.55 | Val Max P-Miss: 0.2216 | Val Max Q-Miss: 0.0938 | Val Max Gen Viol: 0.0000 | Val Max Thermal: 0.0000
Epoch 8320 | Val Loss: 14.0251 | Val Cost: 2141.25 | Val Max P-Miss: 0.2172 | Val Max Q-Miss: 0.0862 | Val Max Gen Viol: 0.0000 | Val Max Thermal: 0.0000
Epoch 8330 | Val Loss: 14.0495 | Val Cost: 2142.49 | Val Max P-Miss: 0.2149 | Val Max Q-Miss: 0.0792 | Val Max Gen Viol: 0.0000 | Val Max Thermal: 0.0000
Epoch 8340 | Val Loss: 14.1471 | Val Cost: 2145.98 | Val Max P-Miss: 0.2136 | Val Max Q-Miss: 0.0728 | Val Max Gen Viol: 0.0000 | Val Max Thermal: 0.0000
Epoch 8350 | Val Loss: 14.7263 | Val Cost: 2149.23 | Val Max P-Miss: 0.2109 | Val Max Q-Miss: 0.0670 | Val Max Gen Viol: 0.0000 | Val Max Thermal: 0.0000
Epoch 8360 | Val Loss: 14.4294 | Val Cost: 2150.11 | Val Max P-Miss: 0.2025 | Val Max Q-Miss: 0.1035 | Val Max Gen Viol: 0.0000 | Val Max Thermal: 0.0000
Epoch 8370 | Val Loss: 13.5834 | Val Cost: 2151.07 | Val Max P-Miss: 0.2095 | Val Max Q-Miss: 0.0598 | Val Max Gen Viol: 0.0000 | Val Max Thermal: 0.0000
Epoch 8380 | Val Loss: 15.6265 | Val Cost: 2153.83 | Val Max P-Miss: 0.1955 | Val Max Q-Miss: 0.0564 | Val Max Gen Viol: 0.0000 | Val Max Thermal: 0.0000
Epoch 8390 | Val Loss: 40.0897 | Val Cost: 2098.59 | Val Max P-Miss: 0.3309 | Val Max Q-Miss: 0.1702 | Val Max Gen Viol: 0.0000 | Val Max Thermal: 0.0000
Epoch 8400 | Val Loss: 23.5536 | Val Cost: 2151.47 | Val Max P-Miss: 0.3010 | Val Max Q-Miss: 0.1321 | Val Max Gen Viol: 0.0000 | Val Max Thermal: 0.0000
Epoch 8410 | Val Loss: 41.5575 | Val Cost: 2156.85 | Val Max P-Miss: 0.4101 | Val Max Q-Miss: 0.2622 | Val Max Gen Viol: 0.0000 | Val Max Thermal: 0.0000
Epoch 8420 | Val Loss: 20.0279 | Val Cost: 2053.31 | Val Max P-Miss: 0.1628 | Val Max Q-Miss: 0.2412 | Val Max Gen Viol: 0.0000 | Val Max Thermal: 0.0000
Epoch 8430 | Val Loss: 15.5795 | Val Cost: 2203.41 | Val Max P-Miss: 0.1210 | Val Max Q-Miss: 0.1583 | Val Max Gen Viol: 0.0000 | Val Max Thermal: 0.0000
Epoch 8440 | Val Loss: 28.5210 | Val Cost: 2171.68 | Val Max P-Miss: 0.3807 | Val Max Q-Miss: 0.1543 | Val Max Gen Viol: 0.0000 | Val Max Thermal: 0.0000
Epoch 8450 | Val Loss: 13.7427 | Val Cost: 2145.88 | Val Max P-Miss: 0.1701 | Val Max Q-Miss: 0.1366 | Val Max Gen Viol: 0.0000 | Val Max Thermal: 0.0000
Epoch 8460 | Val Loss: 29.5472 | Val Cost: 2109.65 | Val Max P-Miss: 0.2893 | Val Max Q-Miss: 0.2076 | Val Max Gen Viol: 0.0000 | Val Max Thermal: 0.0000
Epoch 8470 | Val Loss: 29.1478 | Val Cost: 2155.49 | Val Max P-Miss: 0.3101 | Val Max Q-Miss: 0.2091 | Val Max Gen Viol: 0.0000 | Val Max Thermal: 0.0000
Epoch 8480 | Val Loss: 53.6119 | Val Cost: 2136.24 | Val Max P-Miss: 0.3287 | Val Max Q-Miss: 0.2734 | Val Max Gen Viol: 0.0000 | Val Max Thermal: 0.0000
Epoch 8490 | Val Loss: 33.0982 | Val Cost: 2172.45 | Val Max P-Miss: 0.2180 | Val Max Q-Miss: 0.1577 | Val Max Gen Viol: 0.0000 | Val Max Thermal: 0.0000
Epoch 8500 | Val Loss: 20.8507 | Val Cost: 2158.24 | Val Max P-Miss: 0.3161 | Val Max Q-Miss: 0.1311 | Val Max Gen Viol: 0.0000 | Val Max Thermal: 0.0000
Epoch 8510 | Val Loss: 15.2600 | Val Cost: 2177.87 | Val Max P-Miss: 0.2199 | Val Max Q-Miss: 0.1048 | Val Max Gen Viol: 0.0000 | Val Max Thermal: 0.0000
Epoch 8520 | Val Loss: 13.8094 | Val Cost: 2174.54 | Val Max P-Miss: 0.1988 | Val Max Q-Miss: 0.0985 | Val Max Gen Viol: 0.0000 | Val Max Thermal: 0.0000
Epoch 8530 | Val Loss: 13.2647 | Val Cost: 2164.07 | Val Max P-Miss: 0.1914 | Val Max Q-Miss: 0.0925 | Val Max Gen Viol: 0.0000 | Val Max Thermal: 0.0000
Epoch 8540 | Val Loss: 12.8774 | Val Cost: 2159.49 | Val Max P-Miss: 0.1891 | Val Max Q-Miss: 0.0873 | Val Max Gen Viol: 0.0000 | Val Max Thermal: 0.0000
Epoch 8550 | Val Loss: 12.4494 | Val Cost: 2158.92 | Val Max P-Miss: 0.1856 | Val Max Q-Miss: 0.0822 | Val Max Gen Viol: 0.0000 | Val Max Thermal: 0.0000
Epoch 8560 | Val Loss: 21.6078 | Val Cost: 2160.63 | Val Max P-Miss: 0.2082 | Val Max Q-Miss: 0.1384 | Val Max Gen Viol: 0.0000 | Val Max Thermal: 0.0000
Epoch 8570 | Val Loss: 27.3876 | Val Cost: 2159.14 | Val Max P-Miss: 0.2907 | Val Max Q-Miss: 0.1685 | Val Max Gen Viol: 0.0000 | Val Max Thermal: 0.0000
Epoch 8580 | Val Loss: 16.5768 | Val Cost: 2132.20 | Val Max P-Miss: 0.2382 | Val Max Q-Miss: 0.1308 | Val Max Gen Viol: 0.0000 | Val Max Thermal: 0.0000
Epoch 8590 | Val Loss: 16.3310 | Val Cost: 2113.74 | Val Max P-Miss: 0.2554 | Val Max Q-Miss: 0.1400 | Val Max Gen Viol: 0.0000 | Val Max Thermal: 0.0000
Epoch 8600 | Val Loss: 15.1288 | Val Cost: 2099.53 | Val Max P-Miss: 0.2370 | Val Max Q-Miss: 0.1287 | Val Max Gen Viol: 0.0000 | Val Max Thermal: 0.0000
Epoch 8610 | Val Loss: 14.4275 | Val Cost: 2095.20 | Val Max P-Miss: 0.2245 | Val Max Q-Miss: 0.1142 | Val Max Gen Viol: 0.0000 | Val Max Thermal: 0.0000
Epoch 8620 | Val Loss: 14.0046 | Val Cost: 2099.63 | Val Max P-Miss: 0.2150 | Val Max Q-Miss: 0.1077 | Val Max Gen Viol: 0.0000 | Val Max Thermal: 0.0000
Epoch 8630 | Val Loss: 13.2144 | Val Cost: 2101.42 | Val Max P-Miss: 0.2074 | Val Max Q-Miss: 0.1031 | Val Max Gen Viol: 0.0000 | Val Max Thermal: 0.0000
Epoch 8640 | Val Loss: 12.7804 | Val Cost: 2102.36 | Val Max P-Miss: 0.1992 | Val Max Q-Miss: 0.0978 | Val Max Gen Viol: 0.0000 | Val Max Thermal: 0.0000
Epoch 8650 | Val Loss: 16.5784 | Val Cost: 2105.71 | Val Max P-Miss: 0.1956 | Val Max Q-Miss: 0.0954 | Val Max Gen Viol: 0.0000 | Val Max Thermal: 0.0000
Epoch 8660 | Val Loss: 15.7849 | Val Cost: 2102.54 | Val Max P-Miss: 0.1913 | Val Max Q-Miss: 0.0923 | Val Max Gen Viol: 0.0000 | Val Max Thermal: 0.0000
Epoch 8670 | Val Loss: 15.0475 | Val Cost: 2100.91 | Val Max P-Miss: 0.1871 | Val Max Q-Miss: 0.0896 | Val Max Gen Viol: 0.0000 | Val Max Thermal: 0.0000
Epoch 8680 | Val Loss: 14.3597 | Val Cost: 2098.86 | Val Max P-Miss: 0.1794 | Val Max Q-Miss: 0.0899 | Val Max Gen Viol: 0.0000 | Val Max Thermal: 0.0000
Epoch 8690 | Val Loss: 14.1770 | Val Cost: 2097.99 | Val Max P-Miss: 0.1762 | Val Max Q-Miss: 0.0882 | Val Max Gen Viol: 0.0000 | Val Max Thermal: 0.0000
Epoch 8700 | Val Loss: 13.9939 | Val Cost: 2096.95 | Val Max P-Miss: 0.1752 | Val Max Q-Miss: 0.0874 | Val Max Gen Viol: 0.0000 | Val Max Thermal: 0.0000
Epoch 8710 | Val Loss: 13.7569 | Val Cost: 2095.76 | Val Max P-Miss: 0.1730 | Val Max Q-Miss: 0.0852 | Val Max Gen Viol: 0.0000 | Val Max Thermal: 0.0000
Epoch 8720 | Val Loss: 13.3748 | Val Cost: 2094.03 | Val Max P-Miss: 0.1692 | Val Max Q-Miss: 0.0850 | Val Max Gen Viol: 0.0000 | Val Max Thermal: 0.0000
Epoch 8730 | Val Loss: 13.1082 | Val Cost: 2092.83 | Val Max P-Miss: 0.1676 | Val Max Q-Miss: 0.0843 | Val Max Gen Viol: 0.0000 | Val Max Thermal: 0.0000
Epoch 8740 | Val Loss: 13.3329 | Val Cost: 2092.31 | Val Max P-Miss: 0.1487 | Val Max Q-Miss: 0.1329 | Val Max Gen Viol: 0.0000 | Val Max Thermal: 0.0000
Epoch 8750 | Val Loss: 13.2630 | Val Cost: 2094.52 | Val Max P-Miss: 0.1437 | Val Max Q-Miss: 0.1603 | Val Max Gen Viol: 0.0000 | Val Max Thermal: 0.0000
Epoch 8760 | Val Loss: 12.5182 | Val Cost: 2088.79 | Val Max P-Miss: 0.1593 | Val Max Q-Miss: 0.0892 | Val Max Gen Viol: 0.0000 | Val Max Thermal: 0.0000
Epoch 8770 | Val Loss: 54.1758 | Val Cost: 2084.84 | Val Max P-Miss: 0.4461 | Val Max Q-Miss: 0.2938 | Val Max Gen Viol: 0.0000 | Val Max Thermal: 0.0000
Epoch 8780 | Val Loss: 30.9927 | Val Cost: 2171.24 | Val Max P-Miss: 0.1734 | Val Max Q-Miss: 0.3642 | Val Max Gen Viol: 0.0000 | Val Max Thermal: 0.0000
Epoch 8790 | Val Loss: 17.0521 | Val Cost: 2186.04 | Val Max P-Miss: 0.2387 | Val Max Q-Miss: 0.1199 | Val Max Gen Viol: 0.0000 | Val Max Thermal: 0.0000
Epoch 8800 | Val Loss: 23.4723 | Val Cost: 2163.53 | Val Max P-Miss: 0.2973 | Val Max Q-Miss: 0.1054 | Val Max Gen Viol: 0.0000 | Val Max Thermal: 0.0000
Epoch 8810 | Val Loss: 13.8884 | Val Cost: 2142.38 | Val Max P-Miss: 0.2326 | Val Max Q-Miss: 0.1135 | Val Max Gen Viol: 0.0000 | Val Max Thermal: 0.0000
Epoch 8820 | Val Loss: 12.6007 | Val Cost: 2128.44 | Val Max P-Miss: 0.2111 | Val Max Q-Miss: 0.0955 | Val Max Gen Viol: 0.0000 | Val Max Thermal: 0.0000
Epoch 8830 | Val Loss: 11.7768 | Val Cost: 2128.01 | Val Max P-Miss: 0.2028 | Val Max Q-Miss: 0.0869 | Val Max Gen Viol: 0.0000 | Val Max Thermal: 0.0000
Epoch 8840 | Val Loss: 11.3636 | Val Cost: 2130.57 | Val Max P-Miss: 0.1987 | Val Max Q-Miss: 0.0794 | Val Max Gen Viol: 0.0000 | Val Max Thermal: 0.0000
Epoch 8850 | Val Loss: 10.8022 | Val Cost: 2134.01 | Val Max P-Miss: 0.1946 | Val Max Q-Miss: 0.0735 | Val Max Gen Viol: 0.0000 | Val Max Thermal: 0.0000
Epoch 8860 | Val Loss: 10.4578 | Val Cost: 2137.52 | Val Max P-Miss: 0.1938 | Val Max Q-Miss: 0.0705 | Val Max Gen Viol: 0.0000 | Val Max Thermal: 0.0000
Epoch 8870 | Val Loss: 10.2353 | Val Cost: 2141.16 | Val Max P-Miss: 0.1906 | Val Max Q-Miss: 0.0661 | Val Max Gen Viol: 0.0000 | Val Max Thermal: 0.0000
Epoch 8880 | Val Loss: 10.5015 | Val Cost: 2144.21 | Val Max P-Miss: 0.1836 | Val Max Q-Miss: 0.0850 | Val Max Gen Viol: 0.0000 | Val Max Thermal: 0.0000
Epoch 8890 | Val Loss: 8.7510 | Val Cost: 2147.15 | Val Max P-Miss: 0.1869 | Val Max Q-Miss: 0.0627 | Val Max Gen Viol: 0.0000 | Val Max Thermal: 0.0000 [*SAVED BEST*]
Epoch 8900 | Val Loss: 81.6117 | Val Cost: 2188.27 | Val Max P-Miss: 0.3868 | Val Max Q-Miss: 0.3606 | Val Max Gen Viol: 0.0000 | Val Max Thermal: 0.0000
Epoch 8910 | Val Loss: 34.1818 | Val Cost: 2231.28 | Val Max P-Miss: 0.3791 | Val Max Q-Miss: 0.1192 | Val Max Gen Viol: 0.0000 | Val Max Thermal: 0.0000
Epoch 8920 | Val Loss: 38.9334 | Val Cost: 2160.28 | Val Max P-Miss: 0.3127 | Val Max Q-Miss: 0.2001 | Val Max Gen Viol: 0.0000 | Val Max Thermal: 0.0000
Epoch 8930 | Val Loss: 19.9654 | Val Cost: 2166.32 | Val Max P-Miss: 0.3039 | Val Max Q-Miss: 0.1472 | Val Max Gen Viol: 0.0000 | Val Max Thermal: 0.0000
Epoch 8940 | Val Loss: 13.7287 | Val Cost: 2125.25 | Val Max P-Miss: 0.2321 | Val Max Q-Miss: 0.1186 | Val Max Gen Viol: 0.0000 | Val Max Thermal: 0.0000
Epoch 8950 | Val Loss: 16.6179 | Val Cost: 2115.71 | Val Max P-Miss: 0.1997 | Val Max Q-Miss: 0.1211 | Val Max Gen Viol: 0.0000 | Val Max Thermal: 0.0000
Epoch 8960 | Val Loss: 24.0869 | Val Cost: 2294.34 | Val Max P-Miss: 0.2427 | Val Max Q-Miss: 0.1792 | Val Max Gen Viol: 0.0000 | Val Max Thermal: 0.0000
Epoch 8970 | Val Loss: 17.9272 | Val Cost: 2172.98 | Val Max P-Miss: 0.2085 | Val Max Q-Miss: 0.1368 | Val Max Gen Viol: 0.0000 | Val Max Thermal: 0.0000
Epoch 8980 | Val Loss: 22.5028 | Val Cost: 2148.19 | Val Max P-Miss: 0.2316 | Val Max Q-Miss: 0.1259 | Val Max Gen Viol: 0.0000 | Val Max Thermal: 0.0000
Epoch 8990 | Val Loss: 14.1433 | Val Cost: 2166.91 | Val Max P-Miss: 0.2046 | Val Max Q-Miss: 0.1113 | Val Max Gen Viol: 0.0000 | Val Max Thermal: 0.0000
Epoch 9000 | Val Loss: 25.6880 | Val Cost: 2167.38 | Val Max P-Miss: 0.2204 | Val Max Q-Miss: 0.1199 | Val Max Gen Viol: 0.0000 | Val Max Thermal: 0.0000
Epoch 9010 | Val Loss: 25.8330 | Val Cost: 2156.85 | Val Max P-Miss: 0.2238 | Val Max Q-Miss: 0.1754 | Val Max Gen Viol: 0.0000 | Val Max Thermal: 0.0000
Epoch 9020 | Val Loss: 18.0817 | Val Cost: 2141.54 | Val Max P-Miss: 0.1249 | Val Max Q-Miss: 0.1299 | Val Max Gen Viol: 0.0000 | Val Max Thermal: 0.0000
Epoch 9030 | Val Loss: 14.3849 | Val Cost: 2156.74 | Val Max P-Miss: 0.1378 | Val Max Q-Miss: 0.0822 | Val Max Gen Viol: 0.0000 | Val Max Thermal: 0.0000
Epoch 9040 | Val Loss: 24.0829 | Val Cost: 2114.40 | Val Max P-Miss: 0.2628 | Val Max Q-Miss: 0.1177 | Val Max Gen Viol: 0.0000 | Val Max Thermal: 0.0000
Epoch 9050 | Val Loss: 14.4176 | Val Cost: 2126.49 | Val Max P-Miss: 0.1724 | Val Max Q-Miss: 0.1233 | Val Max Gen Viol: 0.0000 | Val Max Thermal: 0.0000
Epoch 9060 | Val Loss: 14.4523 | Val Cost: 2121.16 | Val Max P-Miss: 0.1933 | Val Max Q-Miss: 0.1364 | Val Max Gen Viol: 0.0000 | Val Max Thermal: 0.0000
Epoch 9070 | Val Loss: 13.7274 | Val Cost: 2113.28 | Val Max P-Miss: 0.1918 | Val Max Q-Miss: 0.1003 | Val Max Gen Viol: 0.0000 | Val Max Thermal: 0.0000
Epoch 9080 | Val Loss: 13.1730 | Val Cost: 2107.97 | Val Max P-Miss: 0.1815 | Val Max Q-Miss: 0.0853 | Val Max Gen Viol: 0.0000 | Val Max Thermal: 0.0000
Epoch 9090 | Val Loss: 12.8762 | Val Cost: 2106.53 | Val Max P-Miss: 0.1659 | Val Max Q-Miss: 0.0857 | Val Max Gen Viol: 0.0000 | Val Max Thermal: 0.0000
Epoch 9100 | Val Loss: 12.4987 | Val Cost: 2108.32 | Val Max P-Miss: 0.1682 | Val Max Q-Miss: 0.0837 | Val Max Gen Viol: 0.0000 | Val Max Thermal: 0.0000
Epoch 9110 | Val Loss: 12.1950 | Val Cost: 2109.59 | Val Max P-Miss: 0.1710 | Val Max Q-Miss: 0.0837 | Val Max Gen Viol: 0.0000 | Val Max Thermal: 0.0000
Epoch 9120 | Val Loss: 12.2032 | Val Cost: 2109.65 | Val Max P-Miss: 0.1732 | Val Max Q-Miss: 0.0862 | Val Max Gen Viol: 0.0000 | Val Max Thermal: 0.0000
Epoch 9130 | Val Loss: 12.3157 | Val Cost: 2109.07 | Val Max P-Miss: 0.1776 | Val Max Q-Miss: 0.0882 | Val Max Gen Viol: 0.0000 | Val Max Thermal: 0.0000
Epoch 9140 | Val Loss: 12.5016 | Val Cost: 2109.22 | Val Max P-Miss: 0.1737 | Val Max Q-Miss: 0.0982 | Val Max Gen Viol: 0.0000 | Val Max Thermal: 0.0000
Epoch 9150 | Val Loss: 12.5567 | Val Cost: 2109.61 | Val Max P-Miss: 0.1744 | Val Max Q-Miss: 0.0965 | Val Max Gen Viol: 0.0000 | Val Max Thermal: 0.0000
Epoch 9160 | Val Loss: 12.1425 | Val Cost: 2105.25 | Val Max P-Miss: 0.1767 | Val Max Q-Miss: 0.0879 | Val Max Gen Viol: 0.0000 | Val Max Thermal: 0.0000
Epoch 9170 | Val Loss: 12.4253 | Val Cost: 2106.66 | Val Max P-Miss: 0.1755 | Val Max Q-Miss: 0.0951 | Val Max Gen Viol: 0.0000 | Val Max Thermal: 0.0000
Epoch 9180 | Val Loss: 13.4709 | Val Cost: 2109.01 | Val Max P-Miss: 0.1807 | Val Max Q-Miss: 0.0981 | Val Max Gen Viol: 0.0000 | Val Max Thermal: 0.0000
Epoch 9190 | Val Loss: 12.2952 | Val Cost: 2101.64 | Val Max P-Miss: 0.1629 | Val Max Q-Miss: 0.0878 | Val Max Gen Viol: 0.0000 | Val Max Thermal: 0.0000
Epoch 9200 | Val Loss: 12.7747 | Val Cost: 2104.35 | Val Max P-Miss: 0.1719 | Val Max Q-Miss: 0.0935 | Val Max Gen Viol: 0.0000 | Val Max Thermal: 0.0000
Epoch 9210 | Val Loss: 13.8113 | Val Cost: 2103.84 | Val Max P-Miss: 0.1719 | Val Max Q-Miss: 0.1433 | Val Max Gen Viol: 0.0000 | Val Max Thermal: 0.0000
Epoch 9220 | Val Loss: 14.4087 | Val Cost: 2101.83 | Val Max P-Miss: 0.1671 | Val Max Q-Miss: 0.1061 | Val Max Gen Viol: 0.0000 | Val Max Thermal: 0.0000
Epoch 9230 | Val Loss: 15.9859 | Val Cost: 2100.91 | Val Max P-Miss: 0.1624 | Val Max Q-Miss: 0.0926 | Val Max Gen Viol: 0.0000 | Val Max Thermal: 0.0000
Epoch 9240 | Val Loss: 16.1085 | Val Cost: 2104.44 | Val Max P-Miss: 0.1733 | Val Max Q-Miss: 0.0920 | Val Max Gen Viol: 0.0000 | Val Max Thermal: 0.0000
Epoch 9250 | Val Loss: 16.5932 | Val Cost: 2105.60 | Val Max P-Miss: 0.1861 | Val Max Q-Miss: 0.0841 | Val Max Gen Viol: 0.0000 | Val Max Thermal: 0.0000
Epoch 9260 | Val Loss: 16.6813 | Val Cost: 2102.41 | Val Max P-Miss: 0.1675 | Val Max Q-Miss: 0.1752 | Val Max Gen Viol: 0.0000 | Val Max Thermal: 0.0000
Epoch 9270 | Val Loss: 16.9124 | Val Cost: 2096.05 | Val Max P-Miss: 0.1636 | Val Max Q-Miss: 0.1189 | Val Max Gen Viol: 0.0000 | Val Max Thermal: 0.0000
Epoch 9280 | Val Loss: 15.0634 | Val Cost: 2095.52 | Val Max P-Miss: 0.1618 | Val Max Q-Miss: 0.0961 | Val Max Gen Viol: 0.0000 | Val Max Thermal: 0.0000
Epoch 9290 | Val Loss: 15.3860 | Val Cost: 2097.09 | Val Max P-Miss: 0.1619 | Val Max Q-Miss: 0.0854 | Val Max Gen Viol: 0.0000 | Val Max Thermal: 0.0000
Epoch 9300 | Val Loss: 16.1953 | Val Cost: 2100.79 | Val Max P-Miss: 0.1895 | Val Max Q-Miss: 0.0861 | Val Max Gen Viol: 0.0000 | Val Max Thermal: 0.0000
Epoch 9310 | Val Loss: 15.6149 | Val Cost: 2101.48 | Val Max P-Miss: 0.2063 | Val Max Q-Miss: 0.0915 | Val Max Gen Viol: 0.0000 | Val Max Thermal: 0.0000
Epoch 9320 | Val Loss: 32.2382 | Val Cost: 2157.44 | Val Max P-Miss: 0.2898 | Val Max Q-Miss: 0.1672 | Val Max Gen Viol: 0.0000 | Val Max Thermal: 0.0000
Epoch 9330 | Val Loss: 10.6355 | Val Cost: 2122.09 | Val Max P-Miss: 0.1384 | Val Max Q-Miss: 0.0787 | Val Max Gen Viol: 0.0000 | Val Max Thermal: 0.0000
Epoch 9340 | Val Loss: 25.4071 | Val Cost: 2126.43 | Val Max P-Miss: 0.2981 | Val Max Q-Miss: 0.1508 | Val Max Gen Viol: 0.0000 | Val Max Thermal: 0.0000
Epoch 9350 | Val Loss: 14.7237 | Val Cost: 2111.26 | Val Max P-Miss: 0.2252 | Val Max Q-Miss: 0.1242 | Val Max Gen Viol: 0.0000 | Val Max Thermal: 0.0000
Epoch 9360 | Val Loss: 14.7395 | Val Cost: 2097.58 | Val Max P-Miss: 0.2137 | Val Max Q-Miss: 0.1118 | Val Max Gen Viol: 0.0000 | Val Max Thermal: 0.0000
Epoch 9370 | Val Loss: 14.3891 | Val Cost: 2091.84 | Val Max P-Miss: 0.2080 | Val Max Q-Miss: 0.1078 | Val Max Gen Viol: 0.0000 | Val Max Thermal: 0.0000
Epoch 9380 | Val Loss: 14.2115 | Val Cost: 2089.64 | Val Max P-Miss: 0.2041 | Val Max Q-Miss: 0.1045 | Val Max Gen Viol: 0.0000 | Val Max Thermal: 0.0000
Epoch 9390 | Val Loss: 13.8367 | Val Cost: 2088.51 | Val Max P-Miss: 0.2009 | Val Max Q-Miss: 0.1012 | Val Max Gen Viol: 0.0000 | Val Max Thermal: 0.0000
Epoch 9400 | Val Loss: 13.5410 | Val Cost: 2088.94 | Val Max P-Miss: 0.1989 | Val Max Q-Miss: 0.0983 | Val Max Gen Viol: 0.0000 | Val Max Thermal: 0.0000
Epoch 9410 | Val Loss: 13.0283 | Val Cost: 2089.25 | Val Max P-Miss: 0.1991 | Val Max Q-Miss: 0.0951 | Val Max Gen Viol: 0.0000 | Val Max Thermal: 0.0000
Epoch 9420 | Val Loss: 18.1585 | Val Cost: 2083.76 | Val Max P-Miss: 0.2360 | Val Max Q-Miss: 0.0654 | Val Max Gen Viol: 0.0000 | Val Max Thermal: 0.0000
Epoch 9430 | Val Loss: 22.2013 | Val Cost: 2159.04 | Val Max P-Miss: 0.1638 | Val Max Q-Miss: 0.2859 | Val Max Gen Viol: 0.0000 | Val Max Thermal: 0.0000
Epoch 9440 | Val Loss: 22.7862 | Val Cost: 2170.25 | Val Max P-Miss: 0.1814 | Val Max Q-Miss: 0.1092 | Val Max Gen Viol: 0.0000 | Val Max Thermal: 0.0000
Epoch 9450 | Val Loss: 19.5761 | Val Cost: 2169.79 | Val Max P-Miss: 0.2392 | Val Max Q-Miss: 0.0517 | Val Max Gen Viol: 0.0000 | Val Max Thermal: 0.0000
Epoch 9460 | Val Loss: 18.9308 | Val Cost: 2159.50 | Val Max P-Miss: 0.2745 | Val Max Q-Miss: 0.1128 | Val Max Gen Viol: 0.0000 | Val Max Thermal: 0.0000
Epoch 9470 | Val Loss: 31.7168 | Val Cost: 2201.10 | Val Max P-Miss: 0.3473 | Val Max Q-Miss: 0.1629 | Val Max Gen Viol: 0.0000 | Val Max Thermal: 0.0000
Epoch 9480 | Val Loss: 12.6742 | Val Cost: 2135.48 | Val Max P-Miss: 0.0740 | Val Max Q-Miss: 0.1103 | Val Max Gen Viol: 0.0000 | Val Max Thermal: 0.0000
Epoch 9490 | Val Loss: 45.0498 | Val Cost: 2131.45 | Val Max P-Miss: 0.2287 | Val Max Q-Miss: 0.1762 | Val Max Gen Viol: 0.0000 | Val Max Thermal: 0.0000
Epoch 9500 | Val Loss: 14.9323 | Val Cost: 2138.62 | Val Max P-Miss: 0.1814 | Val Max Q-Miss: 0.1028 | Val Max Gen Viol: 0.0000 | Val Max Thermal: 0.0000
Epoch 9510 | Val Loss: 32.9778 | Val Cost: 2159.18 | Val Max P-Miss: 0.3857 | Val Max Q-Miss: 0.1045 | Val Max Gen Viol: 0.0000 | Val Max Thermal: 0.0000
Epoch 9520 | Val Loss: 24.6441 | Val Cost: 2160.16 | Val Max P-Miss: 0.2439 | Val Max Q-Miss: 0.1136 | Val Max Gen Viol: 0.0000 | Val Max Thermal: 0.0000
Epoch 9530 | Val Loss: 9.5091 | Val Cost: 2141.95 | Val Max P-Miss: 0.1171 | Val Max Q-Miss: 0.0988 | Val Max Gen Viol: 0.0000 | Val Max Thermal: 0.0000
Epoch 9540 | Val Loss: 20.1886 | Val Cost: 2132.81 | Val Max P-Miss: 0.2338 | Val Max Q-Miss: 0.1469 | Val Max Gen Viol: 0.0000 | Val Max Thermal: 0.0000
Epoch 9550 | Val Loss: 13.0109 | Val Cost: 2135.17 | Val Max P-Miss: 0.1736 | Val Max Q-Miss: 0.1449 | Val Max Gen Viol: 0.0000 | Val Max Thermal: 0.0000
Epoch 9560 | Val Loss: 20.3646 | Val Cost: 2120.70 | Val Max P-Miss: 0.2297 | Val Max Q-Miss: 0.1870 | Val Max Gen Viol: 0.0000 | Val Max Thermal: 0.0000
Epoch 9570 | Val Loss: 17.8389 | Val Cost: 2124.07 | Val Max P-Miss: 0.0954 | Val Max Q-Miss: 0.3001 | Val Max Gen Viol: 0.0000 | Val Max Thermal: 0.0000
Epoch 9580 | Val Loss: 12.5104 | Val Cost: 2155.12 | Val Max P-Miss: 0.1092 | Val Max Q-Miss: 0.1386 | Val Max Gen Viol: 0.0000 | Val Max Thermal: 0.0000
Epoch 9590 | Val Loss: 28.5298 | Val Cost: 2136.81 | Val Max P-Miss: 0.2351 | Val Max Q-Miss: 0.1323 | Val Max Gen Viol: 0.0000 | Val Max Thermal: 0.0000
Epoch 9600 | Val Loss: 44.3439 | Val Cost: 2128.85 | Val Max P-Miss: 0.3318 | Val Max Q-Miss: 0.2365 | Val Max Gen Viol: 0.0000 | Val Max Thermal: 0.0000
Epoch 9610 | Val Loss: 14.3940 | Val Cost: 2173.61 | Val Max P-Miss: 0.1288 | Val Max Q-Miss: 0.1276 | Val Max Gen Viol: 0.0000 | Val Max Thermal: 0.0000
Epoch 9620 | Val Loss: 13.5851 | Val Cost: 2141.64 | Val Max P-Miss: 0.1747 | Val Max Q-Miss: 0.0924 | Val Max Gen Viol: 0.0000 | Val Max Thermal: 0.0000
Epoch 9630 | Val Loss: 11.5521 | Val Cost: 2140.94 | Val Max P-Miss: 0.1896 | Val Max Q-Miss: 0.0795 | Val Max Gen Viol: 0.0000 | Val Max Thermal: 0.0000
Epoch 9640 | Val Loss: 11.4588 | Val Cost: 2140.85 | Val Max P-Miss: 0.1867 | Val Max Q-Miss: 0.0734 | Val Max Gen Viol: 0.0000 | Val Max Thermal: 0.0000
Epoch 9650 | Val Loss: 11.2873 | Val Cost: 2143.89 | Val Max P-Miss: 0.1839 | Val Max Q-Miss: 0.0701 | Val Max Gen Viol: 0.0000 | Val Max Thermal: 0.0000
Epoch 9660 | Val Loss: 11.3415 | Val Cost: 2146.64 | Val Max P-Miss: 0.1816 | Val Max Q-Miss: 0.0666 | Val Max Gen Viol: 0.0000 | Val Max Thermal: 0.0000
Epoch 9670 | Val Loss: 11.1931 | Val Cost: 2149.83 | Val Max P-Miss: 0.1808 | Val Max Q-Miss: 0.0649 | Val Max Gen Viol: 0.0000 | Val Max Thermal: 0.0000
Epoch 9680 | Val Loss: 11.1789 | Val Cost: 2152.58 | Val Max P-Miss: 0.1794 | Val Max Q-Miss: 0.0636 | Val Max Gen Viol: 0.0000 | Val Max Thermal: 0.0000
Epoch 9690 | Val Loss: 11.2595 | Val Cost: 2155.03 | Val Max P-Miss: 0.1783 | Val Max Q-Miss: 0.0617 | Val Max Gen Viol: 0.0000 | Val Max Thermal: 0.0000
Epoch 9700 | Val Loss: 53.1271 | Val Cost: 2116.19 | Val Max P-Miss: 0.4304 | Val Max Q-Miss: 0.3424 | Val Max Gen Viol: 0.0000 | Val Max Thermal: 0.0000
Epoch 9710 | Val Loss: 27.8291 | Val Cost: 2155.93 | Val Max P-Miss: 0.2724 | Val Max Q-Miss: 0.1640 | Val Max Gen Viol: 0.0000 | Val Max Thermal: 0.0000
Epoch 9720 | Val Loss: 17.8737 | Val Cost: 2143.51 | Val Max P-Miss: 0.1555 | Val Max Q-Miss: 0.1104 | Val Max Gen Viol: 0.0000 | Val Max Thermal: 0.0000
Epoch 9730 | Val Loss: 12.9974 | Val Cost: 2146.81 | Val Max P-Miss: 0.1338 | Val Max Q-Miss: 0.0884 | Val Max Gen Viol: 0.0000 | Val Max Thermal: 0.0000
Epoch 9740 | Val Loss: 19.7084 | Val Cost: 2208.66 | Val Max P-Miss: 0.3133 | Val Max Q-Miss: 0.1760 | Val Max Gen Viol: 0.0000 | Val Max Thermal: 0.0000
Epoch 9750 | Val Loss: 18.8514 | Val Cost: 2163.27 | Val Max P-Miss: 0.2685 | Val Max Q-Miss: 0.1586 | Val Max Gen Viol: 0.0000 | Val Max Thermal: 0.0000
Epoch 9760 | Val Loss: 18.6892 | Val Cost: 2146.29 | Val Max P-Miss: 0.2932 | Val Max Q-Miss: 0.1862 | Val Max Gen Viol: 0.0000 | Val Max Thermal: 0.0000
Epoch 9770 | Val Loss: 32.7578 | Val Cost: 2183.90 | Val Max P-Miss: 0.3406 | Val Max Q-Miss: 0.2251 | Val Max Gen Viol: 0.0000 | Val Max Thermal: 0.0000
Epoch 9780 | Val Loss: 36.8653 | Val Cost: 2149.07 | Val Max P-Miss: 0.3473 | Val Max Q-Miss: 0.2480 | Val Max Gen Viol: 0.0000 | Val Max Thermal: 0.0000
Epoch 9790 | Val Loss: 31.2575 | Val Cost: 2162.95 | Val Max P-Miss: 0.2664 | Val Max Q-Miss: 0.1847 | Val Max Gen Viol: 0.0000 | Val Max Thermal: 0.0000
Epoch 9800 | Val Loss: 32.1247 | Val Cost: 2160.13 | Val Max P-Miss: 0.2150 | Val Max Q-Miss: 0.3196 | Val Max Gen Viol: 0.0000 | Val Max Thermal: 0.0000
Epoch 9810 | Val Loss: 32.5817 | Val Cost: 2174.49 | Val Max P-Miss: 0.3116 | Val Max Q-Miss: 0.0873 | Val Max Gen Viol: 0.0000 | Val Max Thermal: 0.0000
Epoch 9820 | Val Loss: 30.7407 | Val Cost: 2137.30 | Val Max P-Miss: 0.3844 | Val Max Q-Miss: 0.2087 | Val Max Gen Viol: 0.0000 | Val Max Thermal: 0.0000
Epoch 9830 | Val Loss: 18.6406 | Val Cost: 2145.26 | Val Max P-Miss: 0.1905 | Val Max Q-Miss: 0.0674 | Val Max Gen Viol: 0.0000 | Val Max Thermal: 0.0000
Epoch 9840 | Val Loss: 21.9742 | Val Cost: 2198.21 | Val Max P-Miss: 0.1271 | Val Max Q-Miss: 0.1837 | Val Max Gen Viol: 0.0000 | Val Max Thermal: 0.0000
Epoch 9850 | Val Loss: 37.0104 | Val Cost: 2156.85 | Val Max P-Miss: 0.2850 | Val Max Q-Miss: 0.1878 | Val Max Gen Viol: 0.0000 | Val Max Thermal: 0.0000
Epoch 9860 | Val Loss: 10.3834 | Val Cost: 2162.97 | Val Max P-Miss: 0.1578 | Val Max Q-Miss: 0.0840 | Val Max Gen Viol: 0.0000 | Val Max Thermal: 0.0000
Epoch 9870 | Val Loss: 35.6920 | Val Cost: 2119.64 | Val Max P-Miss: 0.2162 | Val Max Q-Miss: 0.3482 | Val Max Gen Viol: 0.0000 | Val Max Thermal: 0.0000
Epoch 9880 | Val Loss: 13.3636 | Val Cost: 2197.07 | Val Max P-Miss: 0.1158 | Val Max Q-Miss: 0.1317 | Val Max Gen Viol: 0.0000 | Val Max Thermal: 0.0000
Epoch 9890 | Val Loss: 15.8958 | Val Cost: 2181.21 | Val Max P-Miss: 0.2304 | Val Max Q-Miss: 0.0869 | Val Max Gen Viol: 0.0000 | Val Max Thermal: 0.0000
Epoch 9900 | Val Loss: 7.6901 | Val Cost: 2168.45 | Val Max P-Miss: 0.1351 | Val Max Q-Miss: 0.0884 | Val Max Gen Viol: 0.0000 | Val Max Thermal: 0.0000 [*SAVED BEST*]
Epoch 9910 | Val Loss: 10.5411 | Val Cost: 2139.19 | Val Max P-Miss: 0.1376 | Val Max Q-Miss: 0.0784 | Val Max Gen Viol: 0.0000 | Val Max Thermal: 0.0000
Epoch 9920 | Val Loss: 21.4165 | Val Cost: 2130.04 | Val Max P-Miss: 0.2815 | Val Max Q-Miss: 0.1572 | Val Max Gen Viol: 0.0000 | Val Max Thermal: 0.0000
Epoch 9930 | Val Loss: 13.1511 | Val Cost: 2129.78 | Val Max P-Miss: 0.2264 | Val Max Q-Miss: 0.1567 | Val Max Gen Viol: 0.0000 | Val Max Thermal: 0.0000
Epoch 9940 | Val Loss: 34.5223 | Val Cost: 2182.31 | Val Max P-Miss: 0.3972 | Val Max Q-Miss: 0.2110 | Val Max Gen Viol: 0.0000 | Val Max Thermal: 0.0000
Epoch 9950 | Val Loss: 22.5912 | Val Cost: 2173.26 | Val Max P-Miss: 0.2677 | Val Max Q-Miss: 0.1061 | Val Max Gen Viol: 0.0000 | Val Max Thermal: 0.0000
Epoch 9960 | Val Loss: 26.4096 | Val Cost: 2138.73 | Val Max P-Miss: 0.3143 | Val Max Q-Miss: 0.2164 | Val Max Gen Viol: 0.0000 | Val Max Thermal: 0.0000
Epoch 9970 | Val Loss: 14.7218 | Val Cost: 2149.76 | Val Max P-Miss: 0.0997 | Val Max Q-Miss: 0.0638 | Val Max Gen Viol: 0.0000 | Val Max Thermal: 0.0000
Epoch 9980 | Val Loss: 33.8594 | Val Cost: 2168.14 | Val Max P-Miss: 0.3097 | Val Max Q-Miss: 0.2601 | Val Max Gen Viol: 0.0000 | Val Max Thermal: 0.0000
Epoch 9990 | Val Loss: 25.5049 | Val Cost: 2182.89 | Val Max P-Miss: 0.1803 | Val Max Q-Miss: 0.1472 | Val Max Gen Viol: 0.0000 | Val Max Thermal: 0.0000

==================================================
Training Complete!
Total Training Time: 00h 09m 51.63s
Best model weights saved to: ./model/best_rahul_model_pglib_opf_case14_ieee_10000epochs_20260719_011022.pth
==================================================

