Job: acopf_ISS
Executing: ACOPF_FSNet.py --case_name pglib_opf_case14_ieee --epochs 10000
Node: issnode2
GPU Allocated: 0
CUDA Hardware Acceleration Active: NVIDIA GeForce RTX 4090
Problem Geometry Linked -> Matrix Samples: 10000

Beginning execution of parallelized training matrix loops for FSNet...
Epoch    0 | Val Loss: 65.2627 | Val Cost: 1932.46 | Val Max P-Miss: 0.5329 | Val Max Q-Miss: 0.4795 | Val Max Gen Viol: 0.0000 | Val Max Thermal: 0.0000 [*SAVED BEST*]
Epoch   10 | Val Loss: 3.9187 | Val Cost: 2209.71 | Val Max P-Miss: 0.1618 | Val Max Q-Miss: 0.0708 | Val Max Gen Viol: 0.0000 | Val Max Thermal: 0.0000 [*SAVED BEST*]
Epoch   20 | Val Loss: 2.4985 | Val Cost: 2501.75 | Val Max P-Miss: 0.1241 | Val Max Q-Miss: 0.0517 | Val Max Gen Viol: 0.0000 | Val Max Thermal: 0.0000 [*SAVED BEST*]
Epoch   30 | Val Loss: 2.4108 | Val Cost: 2625.04 | Val Max P-Miss: 0.1197 | Val Max Q-Miss: 0.0418 | Val Max Gen Viol: 0.0000 | Val Max Thermal: 0.0000 [*SAVED BEST*]
Epoch   40 | Val Loss: 2.0672 | Val Cost: 2636.59 | Val Max P-Miss: 0.1095 | Val Max Q-Miss: 0.0405 | Val Max Gen Viol: 0.0000 | Val Max Thermal: 0.0000 [*SAVED BEST*]
Epoch   50 | Val Loss: 2.4329 | Val Cost: 2534.73 | Val Max P-Miss: 0.1177 | Val Max Q-Miss: 0.0393 | Val Max Gen Viol: 0.0000 | Val Max Thermal: 0.0000
Epoch   60 | Val Loss: 1.7029 | Val Cost: 2588.32 | Val Max P-Miss: 0.1019 | Val Max Q-Miss: 0.0357 | Val Max Gen Viol: 0.0000 | Val Max Thermal: 0.0000 [*SAVED BEST*]
Epoch   70 | Val Loss: 1.7468 | Val Cost: 2590.14 | Val Max P-Miss: 0.0964 | Val Max Q-Miss: 0.0388 | Val Max Gen Viol: 0.0000 | Val Max Thermal: 0.0000
Epoch   80 | Val Loss: 1.6497 | Val Cost: 2567.95 | Val Max P-Miss: 0.0958 | Val Max Q-Miss: 0.0428 | Val Max Gen Viol: 0.0000 | Val Max Thermal: 0.0000 [*SAVED BEST*]
Epoch   90 | Val Loss: 2.2865 | Val Cost: 2535.40 | Val Max P-Miss: 0.1041 | Val Max Q-Miss: 0.0509 | Val Max Gen Viol: 0.0000 | Val Max Thermal: 0.0000
Epoch  100 | Val Loss: 1.5900 | Val Cost: 2531.78 | Val Max P-Miss: 0.0754 | Val Max Q-Miss: 0.0417 | Val Max Gen Viol: 0.0000 | Val Max Thermal: 0.0000 [*SAVED BEST*]
Epoch  110 | Val Loss: 1.6741 | Val Cost: 2512.88 | Val Max P-Miss: 0.0750 | Val Max Q-Miss: 0.0444 | Val Max Gen Viol: 0.0000 | Val Max Thermal: 0.0000
Epoch  120 | Val Loss: 1.7263 | Val Cost: 2477.28 | Val Max P-Miss: 0.0946 | Val Max Q-Miss: 0.0551 | Val Max Gen Viol: 0.0000 | Val Max Thermal: 0.0000
Epoch  130 | Val Loss: 1.5757 | Val Cost: 2455.56 | Val Max P-Miss: 0.0751 | Val Max Q-Miss: 0.0463 | Val Max Gen Viol: 0.0000 | Val Max Thermal: 0.0000 [*SAVED BEST*]
Epoch  140 | Val Loss: 1.5976 | Val Cost: 2434.77 | Val Max P-Miss: 0.0869 | Val Max Q-Miss: 0.0436 | Val Max Gen Viol: 0.0000 | Val Max Thermal: 0.0000
Epoch  150 | Val Loss: 1.5326 | Val Cost: 2415.38 | Val Max P-Miss: 0.0797 | Val Max Q-Miss: 0.0432 | Val Max Gen Viol: 0.0000 | Val Max Thermal: 0.0000 [*SAVED BEST*]
Epoch  160 | Val Loss: 1.5726 | Val Cost: 2394.71 | Val Max P-Miss: 0.0736 | Val Max Q-Miss: 0.0422 | Val Max Gen Viol: 0.0000 | Val Max Thermal: 0.0000
Epoch  170 | Val Loss: 1.4913 | Val Cost: 2370.37 | Val Max P-Miss: 0.0726 | Val Max Q-Miss: 0.0445 | Val Max Gen Viol: 0.0000 | Val Max Thermal: 0.0000 [*SAVED BEST*]
Epoch  180 | Val Loss: 1.6798 | Val Cost: 2340.43 | Val Max P-Miss: 0.0823 | Val Max Q-Miss: 0.0555 | Val Max Gen Viol: 0.0000 | Val Max Thermal: 0.0000
Epoch  190 | Val Loss: 1.5646 | Val Cost: 2330.77 | Val Max P-Miss: 0.0800 | Val Max Q-Miss: 0.0368 | Val Max Gen Viol: 0.0000 | Val Max Thermal: 0.0000
Epoch  200 | Val Loss: 1.3480 | Val Cost: 2321.89 | Val Max P-Miss: 0.0615 | Val Max Q-Miss: 0.0415 | Val Max Gen Viol: 0.0000 | Val Max Thermal: 0.0000 [*SAVED BEST*]
Epoch  210 | Val Loss: 1.3297 | Val Cost: 2306.84 | Val Max P-Miss: 0.0619 | Val Max Q-Miss: 0.0401 | Val Max Gen Viol: 0.0000 | Val Max Thermal: 0.0000 [*SAVED BEST*]
Epoch  220 | Val Loss: 1.4317 | Val Cost: 2292.41 | Val Max P-Miss: 0.0716 | Val Max Q-Miss: 0.0401 | Val Max Gen Viol: 0.0000 | Val Max Thermal: 0.0000
Epoch  230 | Val Loss: 1.4473 | Val Cost: 2280.44 | Val Max P-Miss: 0.0729 | Val Max Q-Miss: 0.0420 | Val Max Gen Viol: 0.0000 | Val Max Thermal: 0.0000
Epoch  240 | Val Loss: 1.3525 | Val Cost: 2267.99 | Val Max P-Miss: 0.0585 | Val Max Q-Miss: 0.0453 | Val Max Gen Viol: 0.0000 | Val Max Thermal: 0.0000
Epoch  250 | Val Loss: 1.4032 | Val Cost: 2255.06 | Val Max P-Miss: 0.0623 | Val Max Q-Miss: 0.0510 | Val Max Gen Viol: 0.0000 | Val Max Thermal: 0.0000
Epoch  260 | Val Loss: 1.3620 | Val Cost: 2244.16 | Val Max P-Miss: 0.0686 | Val Max Q-Miss: 0.0514 | Val Max Gen Viol: 0.0000 | Val Max Thermal: 0.0000
Epoch  270 | Val Loss: 1.3407 | Val Cost: 2227.55 | Val Max P-Miss: 0.0492 | Val Max Q-Miss: 0.0340 | Val Max Gen Viol: 0.0000 | Val Max Thermal: 0.0000
Epoch  280 | Val Loss: 1.5307 | Val Cost: 2227.20 | Val Max P-Miss: 0.0674 | Val Max Q-Miss: 0.0394 | Val Max Gen Viol: 0.0000 | Val Max Thermal: 0.0000
Epoch  290 | Val Loss: 1.3185 | Val Cost: 2225.33 | Val Max P-Miss: 0.0515 | Val Max Q-Miss: 0.0385 | Val Max Gen Viol: 0.0000 | Val Max Thermal: 0.0000 [*SAVED BEST*]
Epoch  300 | Val Loss: 1.2366 | Val Cost: 2226.93 | Val Max P-Miss: 0.0446 | Val Max Q-Miss: 0.0408 | Val Max Gen Viol: 0.0000 | Val Max Thermal: 0.0000 [*SAVED BEST*]
Epoch  310 | Val Loss: 1.2167 | Val Cost: 2220.62 | Val Max P-Miss: 0.0433 | Val Max Q-Miss: 0.0409 | Val Max Gen Viol: 0.0000 | Val Max Thermal: 0.0000 [*SAVED BEST*]
Epoch  320 | Val Loss: 1.2119 | Val Cost: 2215.14 | Val Max P-Miss: 0.0398 | Val Max Q-Miss: 0.0403 | Val Max Gen Viol: 0.0000 | Val Max Thermal: 0.0000 [*SAVED BEST*]
Epoch  330 | Val Loss: 1.2381 | Val Cost: 2208.71 | Val Max P-Miss: 0.0427 | Val Max Q-Miss: 0.0400 | Val Max Gen Viol: 0.0000 | Val Max Thermal: 0.0000
Epoch  340 | Val Loss: 1.2701 | Val Cost: 2201.06 | Val Max P-Miss: 0.0525 | Val Max Q-Miss: 0.0405 | Val Max Gen Viol: 0.0000 | Val Max Thermal: 0.0000
Epoch  350 | Val Loss: 1.2582 | Val Cost: 2197.46 | Val Max P-Miss: 0.0524 | Val Max Q-Miss: 0.0400 | Val Max Gen Viol: 0.0000 | Val Max Thermal: 0.0000
Epoch  360 | Val Loss: 1.2593 | Val Cost: 2194.04 | Val Max P-Miss: 0.0501 | Val Max Q-Miss: 0.0398 | Val Max Gen Viol: 0.0000 | Val Max Thermal: 0.0000
Epoch  370 | Val Loss: 1.2906 | Val Cost: 2182.85 | Val Max P-Miss: 0.0473 | Val Max Q-Miss: 0.0440 | Val Max Gen Viol: 0.0000 | Val Max Thermal: 0.0000
Epoch  380 | Val Loss: 1.2487 | Val Cost: 2187.88 | Val Max P-Miss: 0.0539 | Val Max Q-Miss: 0.0390 | Val Max Gen Viol: 0.0000 | Val Max Thermal: 0.0000
Epoch  390 | Val Loss: 1.2449 | Val Cost: 2184.82 | Val Max P-Miss: 0.0558 | Val Max Q-Miss: 0.0406 | Val Max Gen Viol: 0.0000 | Val Max Thermal: 0.0000
Epoch  400 | Val Loss: 1.2514 | Val Cost: 2182.73 | Val Max P-Miss: 0.0542 | Val Max Q-Miss: 0.0411 | Val Max Gen Viol: 0.0000 | Val Max Thermal: 0.0000
Epoch  410 | Val Loss: 1.2837 | Val Cost: 2178.61 | Val Max P-Miss: 0.0462 | Val Max Q-Miss: 0.0467 | Val Max Gen Viol: 0.0000 | Val Max Thermal: 0.0000
Epoch  420 | Val Loss: 1.2997 | Val Cost: 2175.63 | Val Max P-Miss: 0.0491 | Val Max Q-Miss: 0.0478 | Val Max Gen Viol: 0.0000 | Val Max Thermal: 0.0000
Epoch  430 | Val Loss: 1.2538 | Val Cost: 2175.58 | Val Max P-Miss: 0.0496 | Val Max Q-Miss: 0.0468 | Val Max Gen Viol: 0.0000 | Val Max Thermal: 0.0000
Epoch  440 | Val Loss: 1.2305 | Val Cost: 2174.42 | Val Max P-Miss: 0.0515 | Val Max Q-Miss: 0.0456 | Val Max Gen Viol: 0.0000 | Val Max Thermal: 0.0000
Epoch  450 | Val Loss: 1.2088 | Val Cost: 2167.71 | Val Max P-Miss: 0.0501 | Val Max Q-Miss: 0.0391 | Val Max Gen Viol: 0.0000 | Val Max Thermal: 0.0000 [*SAVED BEST*]
Epoch  460 | Val Loss: 1.3058 | Val Cost: 2164.12 | Val Max P-Miss: 0.0555 | Val Max Q-Miss: 0.0406 | Val Max Gen Viol: 0.0000 | Val Max Thermal: 0.0000
Epoch  470 | Val Loss: 1.4368 | Val Cost: 2165.28 | Val Max P-Miss: 0.0677 | Val Max Q-Miss: 0.0412 | Val Max Gen Viol: 0.0000 | Val Max Thermal: 0.0000
Epoch  480 | Val Loss: 1.2437 | Val Cost: 2167.71 | Val Max P-Miss: 0.0530 | Val Max Q-Miss: 0.0381 | Val Max Gen Viol: 0.0000 | Val Max Thermal: 0.0000
Epoch  490 | Val Loss: 1.2134 | Val Cost: 2167.07 | Val Max P-Miss: 0.0497 | Val Max Q-Miss: 0.0369 | Val Max Gen Viol: 0.0000 | Val Max Thermal: 0.0000
Epoch  500 | Val Loss: 1.1958 | Val Cost: 2166.44 | Val Max P-Miss: 0.0456 | Val Max Q-Miss: 0.0357 | Val Max Gen Viol: 0.0000 | Val Max Thermal: 0.0000 [*SAVED BEST*]
Epoch  510 | Val Loss: 1.2610 | Val Cost: 2165.15 | Val Max P-Miss: 0.0545 | Val Max Q-Miss: 0.0344 | Val Max Gen Viol: 0.0000 | Val Max Thermal: 0.0000
Epoch  520 | Val Loss: 1.2511 | Val Cost: 2163.72 | Val Max P-Miss: 0.0522 | Val Max Q-Miss: 0.0339 | Val Max Gen Viol: 0.0000 | Val Max Thermal: 0.0000
Epoch  530 | Val Loss: 1.1958 | Val Cost: 2163.05 | Val Max P-Miss: 0.0427 | Val Max Q-Miss: 0.0322 | Val Max Gen Viol: 0.0000 | Val Max Thermal: 0.0000 [*SAVED BEST*]
Epoch  540 | Val Loss: 1.2334 | Val Cost: 2161.89 | Val Max P-Miss: 0.0576 | Val Max Q-Miss: 0.0313 | Val Max Gen Viol: 0.0000 | Val Max Thermal: 0.0000
Epoch  550 | Val Loss: 1.1977 | Val Cost: 2162.67 | Val Max P-Miss: 0.0517 | Val Max Q-Miss: 0.0313 | Val Max Gen Viol: 0.0000 | Val Max Thermal: 0.0000
Epoch  560 | Val Loss: 1.1813 | Val Cost: 2162.93 | Val Max P-Miss: 0.0501 | Val Max Q-Miss: 0.0285 | Val Max Gen Viol: 0.0000 | Val Max Thermal: 0.0000 [*SAVED BEST*]
Epoch  570 | Val Loss: 1.4005 | Val Cost: 2162.60 | Val Max P-Miss: 0.0548 | Val Max Q-Miss: 0.0318 | Val Max Gen Viol: 0.0000 | Val Max Thermal: 0.0000
Epoch  580 | Val Loss: 1.2237 | Val Cost: 2157.54 | Val Max P-Miss: 0.0388 | Val Max Q-Miss: 0.0276 | Val Max Gen Viol: 0.0000 | Val Max Thermal: 0.0000
Epoch  590 | Val Loss: 1.1563 | Val Cost: 2158.66 | Val Max P-Miss: 0.0263 | Val Max Q-Miss: 0.0268 | Val Max Gen Viol: 0.0000 | Val Max Thermal: 0.0000 [*SAVED BEST*]
Epoch  600 | Val Loss: 1.1399 | Val Cost: 2159.13 | Val Max P-Miss: 0.0292 | Val Max Q-Miss: 0.0299 | Val Max Gen Viol: 0.0000 | Val Max Thermal: 0.0000 [*SAVED BEST*]
Epoch  610 | Val Loss: 1.1307 | Val Cost: 2154.65 | Val Max P-Miss: 0.0280 | Val Max Q-Miss: 0.0263 | Val Max Gen Viol: 0.0000 | Val Max Thermal: 0.0000 [*SAVED BEST*]
Epoch  620 | Val Loss: 1.1497 | Val Cost: 2160.19 | Val Max P-Miss: 0.0299 | Val Max Q-Miss: 0.0278 | Val Max Gen Viol: 0.0000 | Val Max Thermal: 0.0000
Epoch  630 | Val Loss: 1.1456 | Val Cost: 2158.58 | Val Max P-Miss: 0.0287 | Val Max Q-Miss: 0.0269 | Val Max Gen Viol: 0.0000 | Val Max Thermal: 0.0000
Epoch  640 | Val Loss: 1.1504 | Val Cost: 2157.30 | Val Max P-Miss: 0.0372 | Val Max Q-Miss: 0.0258 | Val Max Gen Viol: 0.0000 | Val Max Thermal: 0.0000
Epoch  650 | Val Loss: 1.1506 | Val Cost: 2157.25 | Val Max P-Miss: 0.0292 | Val Max Q-Miss: 0.0240 | Val Max Gen Viol: 0.0000 | Val Max Thermal: 0.0000
Epoch  660 | Val Loss: 1.1502 | Val Cost: 2157.32 | Val Max P-Miss: 0.0289 | Val Max Q-Miss: 0.0228 | Val Max Gen Viol: 0.0000 | Val Max Thermal: 0.0000
Epoch  670 | Val Loss: 1.1578 | Val Cost: 2155.28 | Val Max P-Miss: 0.0308 | Val Max Q-Miss: 0.0221 | Val Max Gen Viol: 0.0000 | Val Max Thermal: 0.0000
Epoch  680 | Val Loss: 1.1625 | Val Cost: 2152.57 | Val Max P-Miss: 0.0367 | Val Max Q-Miss: 0.0216 | Val Max Gen Viol: 0.0000 | Val Max Thermal: 0.0000
Epoch  690 | Val Loss: 1.1480 | Val Cost: 2154.92 | Val Max P-Miss: 0.0384 | Val Max Q-Miss: 0.0199 | Val Max Gen Viol: 0.0000 | Val Max Thermal: 0.0000
Epoch  700 | Val Loss: 1.1584 | Val Cost: 2157.80 | Val Max P-Miss: 0.0462 | Val Max Q-Miss: 0.0265 | Val Max Gen Viol: 0.0000 | Val Max Thermal: 0.0000
Epoch  710 | Val Loss: 1.1530 | Val Cost: 2142.87 | Val Max P-Miss: 0.0346 | Val Max Q-Miss: 0.0288 | Val Max Gen Viol: 0.0000 | Val Max Thermal: 0.0000
Epoch  720 | Val Loss: 1.1783 | Val Cost: 2150.87 | Val Max P-Miss: 0.0453 | Val Max Q-Miss: 0.0212 | Val Max Gen Viol: 0.0000 | Val Max Thermal: 0.0000
Epoch  730 | Val Loss: 1.1533 | Val Cost: 2150.75 | Val Max P-Miss: 0.0383 | Val Max Q-Miss: 0.0185 | Val Max Gen Viol: 0.0000 | Val Max Thermal: 0.0000
Epoch  740 | Val Loss: 1.1607 | Val Cost: 2150.24 | Val Max P-Miss: 0.0393 | Val Max Q-Miss: 0.0167 | Val Max Gen Viol: 0.0000 | Val Max Thermal: 0.0000
Epoch  750 | Val Loss: 1.1839 | Val Cost: 2149.00 | Val Max P-Miss: 0.0286 | Val Max Q-Miss: 0.0177 | Val Max Gen Viol: 0.0000 | Val Max Thermal: 0.0000
Epoch  760 | Val Loss: 1.1990 | Val Cost: 2146.26 | Val Max P-Miss: 0.0385 | Val Max Q-Miss: 0.0199 | Val Max Gen Viol: 0.0000 | Val Max Thermal: 0.0000
Epoch  770 | Val Loss: 1.6495 | Val Cost: 2145.45 | Val Max P-Miss: 0.0898 | Val Max Q-Miss: 0.0246 | Val Max Gen Viol: 0.0000 | Val Max Thermal: 0.0000
Epoch  780 | Val Loss: 1.1425 | Val Cost: 2154.64 | Val Max P-Miss: 0.0335 | Val Max Q-Miss: 0.0213 | Val Max Gen Viol: 0.0000 | Val Max Thermal: 0.0000
Epoch  790 | Val Loss: 1.1371 | Val Cost: 2153.35 | Val Max P-Miss: 0.0274 | Val Max Q-Miss: 0.0188 | Val Max Gen Viol: 0.0000 | Val Max Thermal: 0.0000
Epoch  800 | Val Loss: 1.1397 | Val Cost: 2154.37 | Val Max P-Miss: 0.0282 | Val Max Q-Miss: 0.0164 | Val Max Gen Viol: 0.0000 | Val Max Thermal: 0.0000
Epoch  810 | Val Loss: 1.1317 | Val Cost: 2153.06 | Val Max P-Miss: 0.0252 | Val Max Q-Miss: 0.0168 | Val Max Gen Viol: 0.0000 | Val Max Thermal: 0.0000
Epoch  820 | Val Loss: 1.1321 | Val Cost: 2152.08 | Val Max P-Miss: 0.0236 | Val Max Q-Miss: 0.0185 | Val Max Gen Viol: 0.0000 | Val Max Thermal: 0.0000
Epoch  830 | Val Loss: 1.1192 | Val Cost: 2150.76 | Val Max P-Miss: 0.0231 | Val Max Q-Miss: 0.0181 | Val Max Gen Viol: 0.0000 | Val Max Thermal: 0.0000 [*SAVED BEST*]
Epoch  840 | Val Loss: 1.1670 | Val Cost: 2147.10 | Val Max P-Miss: 0.0405 | Val Max Q-Miss: 0.0239 | Val Max Gen Viol: 0.0000 | Val Max Thermal: 0.0000
Epoch  850 | Val Loss: 1.1464 | Val Cost: 2149.37 | Val Max P-Miss: 0.0400 | Val Max Q-Miss: 0.0197 | Val Max Gen Viol: 0.0000 | Val Max Thermal: 0.0000
Epoch  860 | Val Loss: 1.1366 | Val Cost: 2151.37 | Val Max P-Miss: 0.0376 | Val Max Q-Miss: 0.0170 | Val Max Gen Viol: 0.0000 | Val Max Thermal: 0.0000
Epoch  870 | Val Loss: 1.1397 | Val Cost: 2149.58 | Val Max P-Miss: 0.0310 | Val Max Q-Miss: 0.0173 | Val Max Gen Viol: 0.0000 | Val Max Thermal: 0.0000
Epoch  880 | Val Loss: 1.1885 | Val Cost: 2146.40 | Val Max P-Miss: 0.0327 | Val Max Q-Miss: 0.0175 | Val Max Gen Viol: 0.0000 | Val Max Thermal: 0.0000
Epoch  890 | Val Loss: 1.1637 | Val Cost: 2147.87 | Val Max P-Miss: 0.0272 | Val Max Q-Miss: 0.0187 | Val Max Gen Viol: 0.0000 | Val Max Thermal: 0.0000
Epoch  900 | Val Loss: 1.1305 | Val Cost: 2149.89 | Val Max P-Miss: 0.0233 | Val Max Q-Miss: 0.0146 | Val Max Gen Viol: 0.0000 | Val Max Thermal: 0.0000
Epoch  910 | Val Loss: 1.1194 | Val Cost: 2149.60 | Val Max P-Miss: 0.0250 | Val Max Q-Miss: 0.0158 | Val Max Gen Viol: 0.0000 | Val Max Thermal: 0.0000
Epoch  920 | Val Loss: 1.1125 | Val Cost: 2148.87 | Val Max P-Miss: 0.0237 | Val Max Q-Miss: 0.0152 | Val Max Gen Viol: 0.0000 | Val Max Thermal: 0.0000 [*SAVED BEST*]
Epoch  930 | Val Loss: 1.1172 | Val Cost: 2150.83 | Val Max P-Miss: 0.0233 | Val Max Q-Miss: 0.0147 | Val Max Gen Viol: 0.0000 | Val Max Thermal: 0.0000
Epoch  940 | Val Loss: 1.1108 | Val Cost: 2149.99 | Val Max P-Miss: 0.0219 | Val Max Q-Miss: 0.0144 | Val Max Gen Viol: 0.0000 | Val Max Thermal: 0.0000 [*SAVED BEST*]
Epoch  950 | Val Loss: 1.1140 | Val Cost: 2150.23 | Val Max P-Miss: 0.0228 | Val Max Q-Miss: 0.0139 | Val Max Gen Viol: 0.0000 | Val Max Thermal: 0.0000
Epoch  960 | Val Loss: 1.1272 | Val Cost: 2150.04 | Val Max P-Miss: 0.0232 | Val Max Q-Miss: 0.0139 | Val Max Gen Viol: 0.0000 | Val Max Thermal: 0.0000
Epoch  970 | Val Loss: 1.1094 | Val Cost: 2149.50 | Val Max P-Miss: 0.0202 | Val Max Q-Miss: 0.0144 | Val Max Gen Viol: 0.0000 | Val Max Thermal: 0.0000 [*SAVED BEST*]
Epoch  980 | Val Loss: 1.1253 | Val Cost: 2149.99 | Val Max P-Miss: 0.0221 | Val Max Q-Miss: 0.0149 | Val Max Gen Viol: 0.0000 | Val Max Thermal: 0.0000
Epoch  990 | Val Loss: 1.1338 | Val Cost: 2148.86 | Val Max P-Miss: 0.0259 | Val Max Q-Miss: 0.0152 | Val Max Gen Viol: 0.0000 | Val Max Thermal: 0.0000
Epoch 1000 | Val Loss: 1.1442 | Val Cost: 2146.43 | Val Max P-Miss: 0.0322 | Val Max Q-Miss: 0.0169 | Val Max Gen Viol: 0.0000 | Val Max Thermal: 0.0000
Epoch 1010 | Val Loss: 1.1315 | Val Cost: 2147.50 | Val Max P-Miss: 0.0345 | Val Max Q-Miss: 0.0145 | Val Max Gen Viol: 0.0000 | Val Max Thermal: 0.0000
Epoch 1020 | Val Loss: 1.2823 | Val Cost: 2149.60 | Val Max P-Miss: 0.0333 | Val Max Q-Miss: 0.0247 | Val Max Gen Viol: 0.0000 | Val Max Thermal: 0.0000
Epoch 1030 | Val Loss: 1.2047 | Val Cost: 2143.69 | Val Max P-Miss: 0.0525 | Val Max Q-Miss: 0.0234 | Val Max Gen Viol: 0.0000 | Val Max Thermal: 0.0000
Epoch 1040 | Val Loss: 1.1477 | Val Cost: 2146.48 | Val Max P-Miss: 0.0282 | Val Max Q-Miss: 0.0204 | Val Max Gen Viol: 0.0000 | Val Max Thermal: 0.0000
Epoch 1050 | Val Loss: 1.1377 | Val Cost: 2147.80 | Val Max P-Miss: 0.0243 | Val Max Q-Miss: 0.0194 | Val Max Gen Viol: 0.0000 | Val Max Thermal: 0.0000
Epoch 1060 | Val Loss: 1.1276 | Val Cost: 2147.91 | Val Max P-Miss: 0.0256 | Val Max Q-Miss: 0.0211 | Val Max Gen Viol: 0.0000 | Val Max Thermal: 0.0000
Epoch 1070 | Val Loss: 1.1669 | Val Cost: 2144.43 | Val Max P-Miss: 0.0395 | Val Max Q-Miss: 0.0184 | Val Max Gen Viol: 0.0000 | Val Max Thermal: 0.0000
Epoch 1080 | Val Loss: 1.1711 | Val Cost: 2144.25 | Val Max P-Miss: 0.0399 | Val Max Q-Miss: 0.0166 | Val Max Gen Viol: 0.0000 | Val Max Thermal: 0.0000
Epoch 1090 | Val Loss: 1.1703 | Val Cost: 2144.45 | Val Max P-Miss: 0.0398 | Val Max Q-Miss: 0.0186 | Val Max Gen Viol: 0.0000 | Val Max Thermal: 0.0000
Epoch 1100 | Val Loss: 1.1391 | Val Cost: 2143.96 | Val Max P-Miss: 0.0343 | Val Max Q-Miss: 0.0169 | Val Max Gen Viol: 0.0000 | Val Max Thermal: 0.0000
Epoch 1110 | Val Loss: 1.1339 | Val Cost: 2143.91 | Val Max P-Miss: 0.0343 | Val Max Q-Miss: 0.0160 | Val Max Gen Viol: 0.0000 | Val Max Thermal: 0.0000
Epoch 1120 | Val Loss: 1.1342 | Val Cost: 2143.79 | Val Max P-Miss: 0.0332 | Val Max Q-Miss: 0.0154 | Val Max Gen Viol: 0.0000 | Val Max Thermal: 0.0000
Epoch 1130 | Val Loss: 1.1432 | Val Cost: 2143.62 | Val Max P-Miss: 0.0330 | Val Max Q-Miss: 0.0157 | Val Max Gen Viol: 0.0000 | Val Max Thermal: 0.0000
Epoch 1140 | Val Loss: 1.1490 | Val Cost: 2143.05 | Val Max P-Miss: 0.0260 | Val Max Q-Miss: 0.0171 | Val Max Gen Viol: 0.0000 | Val Max Thermal: 0.0000
Epoch 1150 | Val Loss: 1.1645 | Val Cost: 2144.94 | Val Max P-Miss: 0.0320 | Val Max Q-Miss: 0.0172 | Val Max Gen Viol: 0.0000 | Val Max Thermal: 0.0000
Epoch 1160 | Val Loss: 1.2094 | Val Cost: 2125.22 | Val Max P-Miss: 0.0488 | Val Max Q-Miss: 0.0178 | Val Max Gen Viol: 0.0000 | Val Max Thermal: 0.0000
Epoch 1170 | Val Loss: 1.1295 | Val Cost: 2142.72 | Val Max P-Miss: 0.0397 | Val Max Q-Miss: 0.0160 | Val Max Gen Viol: 0.0000 | Val Max Thermal: 0.0000
Epoch 1180 | Val Loss: 1.1312 | Val Cost: 2146.30 | Val Max P-Miss: 0.0315 | Val Max Q-Miss: 0.0142 | Val Max Gen Viol: 0.0000 | Val Max Thermal: 0.0000
Epoch 1190 | Val Loss: 1.1289 | Val Cost: 2146.38 | Val Max P-Miss: 0.0297 | Val Max Q-Miss: 0.0136 | Val Max Gen Viol: 0.0000 | Val Max Thermal: 0.0000
Epoch 1200 | Val Loss: 1.1238 | Val Cost: 2145.27 | Val Max P-Miss: 0.0279 | Val Max Q-Miss: 0.0142 | Val Max Gen Viol: 0.0000 | Val Max Thermal: 0.0000
Epoch 1210 | Val Loss: 1.1477 | Val Cost: 2129.22 | Val Max P-Miss: 0.0467 | Val Max Q-Miss: 0.0194 | Val Max Gen Viol: 0.0000 | Val Max Thermal: 0.0000
Epoch 1220 | Val Loss: 1.1575 | Val Cost: 2143.59 | Val Max P-Miss: 0.0393 | Val Max Q-Miss: 0.0149 | Val Max Gen Viol: 0.0000 | Val Max Thermal: 0.0000
Epoch 1230 | Val Loss: 1.1421 | Val Cost: 2143.62 | Val Max P-Miss: 0.0361 | Val Max Q-Miss: 0.0146 | Val Max Gen Viol: 0.0000 | Val Max Thermal: 0.0000
Epoch 1240 | Val Loss: 1.1224 | Val Cost: 2143.98 | Val Max P-Miss: 0.0319 | Val Max Q-Miss: 0.0142 | Val Max Gen Viol: 0.0000 | Val Max Thermal: 0.0000
Epoch 1250 | Val Loss: 1.1382 | Val Cost: 2144.50 | Val Max P-Miss: 0.0298 | Val Max Q-Miss: 0.0149 | Val Max Gen Viol: 0.0000 | Val Max Thermal: 0.0000
Epoch 1260 | Val Loss: 1.1501 | Val Cost: 2144.75 | Val Max P-Miss: 0.0256 | Val Max Q-Miss: 0.0151 | Val Max Gen Viol: 0.0000 | Val Max Thermal: 0.0000
Epoch 1270 | Val Loss: 1.1348 | Val Cost: 2145.63 | Val Max P-Miss: 0.0223 | Val Max Q-Miss: 0.0161 | Val Max Gen Viol: 0.0000 | Val Max Thermal: 0.0000
Epoch 1280 | Val Loss: 1.1206 | Val Cost: 2145.86 | Val Max P-Miss: 0.0198 | Val Max Q-Miss: 0.0139 | Val Max Gen Viol: 0.0000 | Val Max Thermal: 0.0000
Epoch 1290 | Val Loss: 1.1211 | Val Cost: 2146.99 | Val Max P-Miss: 0.0256 | Val Max Q-Miss: 0.0137 | Val Max Gen Viol: 0.0000 | Val Max Thermal: 0.0000
Epoch 1300 | Val Loss: 1.1298 | Val Cost: 2147.52 | Val Max P-Miss: 0.0262 | Val Max Q-Miss: 0.0133 | Val Max Gen Viol: 0.0000 | Val Max Thermal: 0.0000
Epoch 1310 | Val Loss: 1.1147 | Val Cost: 2146.64 | Val Max P-Miss: 0.0230 | Val Max Q-Miss: 0.0126 | Val Max Gen Viol: 0.0000 | Val Max Thermal: 0.0000
Epoch 1320 | Val Loss: 1.1173 | Val Cost: 2147.86 | Val Max P-Miss: 0.0231 | Val Max Q-Miss: 0.0126 | Val Max Gen Viol: 0.0000 | Val Max Thermal: 0.0000
Epoch 1330 | Val Loss: 1.0992 | Val Cost: 2147.17 | Val Max P-Miss: 0.0203 | Val Max Q-Miss: 0.0123 | Val Max Gen Viol: 0.0000 | Val Max Thermal: 0.0000 [*SAVED BEST*]
Epoch 1340 | Val Loss: 1.1162 | Val Cost: 2147.90 | Val Max P-Miss: 0.0232 | Val Max Q-Miss: 0.0119 | Val Max Gen Viol: 0.0000 | Val Max Thermal: 0.0000
Epoch 1350 | Val Loss: 1.1234 | Val Cost: 2147.71 | Val Max P-Miss: 0.0236 | Val Max Q-Miss: 0.0119 | Val Max Gen Viol: 0.0000 | Val Max Thermal: 0.0000
Epoch 1360 | Val Loss: 1.1179 | Val Cost: 2147.93 | Val Max P-Miss: 0.0244 | Val Max Q-Miss: 0.0130 | Val Max Gen Viol: 0.0000 | Val Max Thermal: 0.0000
Epoch 1370 | Val Loss: 1.1209 | Val Cost: 2147.49 | Val Max P-Miss: 0.0221 | Val Max Q-Miss: 0.0120 | Val Max Gen Viol: 0.0000 | Val Max Thermal: 0.0000
Epoch 1380 | Val Loss: 1.1381 | Val Cost: 2144.49 | Val Max P-Miss: 0.0206 | Val Max Q-Miss: 0.0168 | Val Max Gen Viol: 0.0000 | Val Max Thermal: 0.0000
Epoch 1390 | Val Loss: 1.1367 | Val Cost: 2144.48 | Val Max P-Miss: 0.0285 | Val Max Q-Miss: 0.0201 | Val Max Gen Viol: 0.0000 | Val Max Thermal: 0.0000
Epoch 1400 | Val Loss: 1.1565 | Val Cost: 2148.90 | Val Max P-Miss: 0.0328 | Val Max Q-Miss: 0.0276 | Val Max Gen Viol: 0.0000 | Val Max Thermal: 0.0000
Epoch 1410 | Val Loss: 1.1370 | Val Cost: 2145.34 | Val Max P-Miss: 0.0322 | Val Max Q-Miss: 0.0178 | Val Max Gen Viol: 0.0000 | Val Max Thermal: 0.0000
Epoch 1420 | Val Loss: 1.1074 | Val Cost: 2147.87 | Val Max P-Miss: 0.0232 | Val Max Q-Miss: 0.0175 | Val Max Gen Viol: 0.0000 | Val Max Thermal: 0.0000
Epoch 1430 | Val Loss: 1.1077 | Val Cost: 2147.90 | Val Max P-Miss: 0.0214 | Val Max Q-Miss: 0.0147 | Val Max Gen Viol: 0.0000 | Val Max Thermal: 0.0000
Epoch 1440 | Val Loss: 1.1087 | Val Cost: 2146.70 | Val Max P-Miss: 0.0223 | Val Max Q-Miss: 0.0140 | Val Max Gen Viol: 0.0000 | Val Max Thermal: 0.0000
Epoch 1450 | Val Loss: 1.1083 | Val Cost: 2147.74 | Val Max P-Miss: 0.0209 | Val Max Q-Miss: 0.0125 | Val Max Gen Viol: 0.0000 | Val Max Thermal: 0.0000
Epoch 1460 | Val Loss: 1.1053 | Val Cost: 2148.28 | Val Max P-Miss: 0.0177 | Val Max Q-Miss: 0.0123 | Val Max Gen Viol: 0.0000 | Val Max Thermal: 0.0000
Epoch 1470 | Val Loss: 1.1293 | Val Cost: 2143.13 | Val Max P-Miss: 0.0325 | Val Max Q-Miss: 0.0172 | Val Max Gen Viol: 0.0000 | Val Max Thermal: 0.0000
Epoch 1480 | Val Loss: 1.1247 | Val Cost: 2143.63 | Val Max P-Miss: 0.0314 | Val Max Q-Miss: 0.0156 | Val Max Gen Viol: 0.0000 | Val Max Thermal: 0.0000
Epoch 1490 | Val Loss: 1.1168 | Val Cost: 2145.36 | Val Max P-Miss: 0.0297 | Val Max Q-Miss: 0.0139 | Val Max Gen Viol: 0.0000 | Val Max Thermal: 0.0000
Epoch 1500 | Val Loss: 1.1085 | Val Cost: 2145.89 | Val Max P-Miss: 0.0266 | Val Max Q-Miss: 0.0127 | Val Max Gen Viol: 0.0000 | Val Max Thermal: 0.0000
Epoch 1510 | Val Loss: 1.1537 | Val Cost: 2161.72 | Val Max P-Miss: 0.0279 | Val Max Q-Miss: 0.0112 | Val Max Gen Viol: 0.0000 | Val Max Thermal: 0.0000
Epoch 1520 | Val Loss: 1.1135 | Val Cost: 2144.18 | Val Max P-Miss: 0.0207 | Val Max Q-Miss: 0.0132 | Val Max Gen Viol: 0.0000 | Val Max Thermal: 0.0000
Epoch 1530 | Val Loss: 1.1176 | Val Cost: 2145.50 | Val Max P-Miss: 0.0202 | Val Max Q-Miss: 0.0138 | Val Max Gen Viol: 0.0000 | Val Max Thermal: 0.0000
Epoch 1540 | Val Loss: 1.1100 | Val Cost: 2146.66 | Val Max P-Miss: 0.0184 | Val Max Q-Miss: 0.0124 | Val Max Gen Viol: 0.0000 | Val Max Thermal: 0.0000
Epoch 1550 | Val Loss: 1.1904 | Val Cost: 2132.28 | Val Max P-Miss: 0.0379 | Val Max Q-Miss: 0.0142 | Val Max Gen Viol: 0.0000 | Val Max Thermal: 0.0000
Epoch 1560 | Val Loss: 1.1403 | Val Cost: 2142.36 | Val Max P-Miss: 0.0332 | Val Max Q-Miss: 0.0124 | Val Max Gen Viol: 0.0000 | Val Max Thermal: 0.0000
Epoch 1570 | Val Loss: 1.1368 | Val Cost: 2142.17 | Val Max P-Miss: 0.0314 | Val Max Q-Miss: 0.0125 | Val Max Gen Viol: 0.0000 | Val Max Thermal: 0.0000
Epoch 1580 | Val Loss: 1.1131 | Val Cost: 2143.05 | Val Max P-Miss: 0.0261 | Val Max Q-Miss: 0.0122 | Val Max Gen Viol: 0.0000 | Val Max Thermal: 0.0000
Epoch 1590 | Val Loss: 1.1071 | Val Cost: 2143.20 | Val Max P-Miss: 0.0244 | Val Max Q-Miss: 0.0114 | Val Max Gen Viol: 0.0000 | Val Max Thermal: 0.0000
Epoch 1600 | Val Loss: 1.1124 | Val Cost: 2142.96 | Val Max P-Miss: 0.0244 | Val Max Q-Miss: 0.0113 | Val Max Gen Viol: 0.0000 | Val Max Thermal: 0.0000
Epoch 1610 | Val Loss: 1.1327 | Val Cost: 2142.86 | Val Max P-Miss: 0.0301 | Val Max Q-Miss: 0.0116 | Val Max Gen Viol: 0.0000 | Val Max Thermal: 0.0000
Epoch 1620 | Val Loss: 1.1333 | Val Cost: 2143.38 | Val Max P-Miss: 0.0293 | Val Max Q-Miss: 0.0108 | Val Max Gen Viol: 0.0000 | Val Max Thermal: 0.0000
Epoch 1630 | Val Loss: 1.1166 | Val Cost: 2142.58 | Val Max P-Miss: 0.0267 | Val Max Q-Miss: 0.0114 | Val Max Gen Viol: 0.0000 | Val Max Thermal: 0.0000
Epoch 1640 | Val Loss: 1.1147 | Val Cost: 2142.01 | Val Max P-Miss: 0.0258 | Val Max Q-Miss: 0.0115 | Val Max Gen Viol: 0.0000 | Val Max Thermal: 0.0000
Epoch 1650 | Val Loss: 1.1240 | Val Cost: 2141.65 | Val Max P-Miss: 0.0246 | Val Max Q-Miss: 0.0135 | Val Max Gen Viol: 0.0000 | Val Max Thermal: 0.0000
Epoch 1660 | Val Loss: 1.1333 | Val Cost: 2141.46 | Val Max P-Miss: 0.0247 | Val Max Q-Miss: 0.0149 | Val Max Gen Viol: 0.0000 | Val Max Thermal: 0.0000
Epoch 1670 | Val Loss: 1.1271 | Val Cost: 2140.49 | Val Max P-Miss: 0.0318 | Val Max Q-Miss: 0.0172 | Val Max Gen Viol: 0.0000 | Val Max Thermal: 0.0000
Epoch 1680 | Val Loss: 1.1186 | Val Cost: 2142.76 | Val Max P-Miss: 0.0260 | Val Max Q-Miss: 0.0157 | Val Max Gen Viol: 0.0000 | Val Max Thermal: 0.0000
Epoch 1690 | Val Loss: 1.1277 | Val Cost: 2135.60 | Val Max P-Miss: 0.0257 | Val Max Q-Miss: 0.0118 | Val Max Gen Viol: 0.0000 | Val Max Thermal: 0.0000
Epoch 1700 | Val Loss: 1.1285 | Val Cost: 2142.60 | Val Max P-Miss: 0.0294 | Val Max Q-Miss: 0.0125 | Val Max Gen Viol: 0.0000 | Val Max Thermal: 0.0000
Epoch 1710 | Val Loss: 1.1250 | Val Cost: 2143.10 | Val Max P-Miss: 0.0288 | Val Max Q-Miss: 0.0111 | Val Max Gen Viol: 0.0000 | Val Max Thermal: 0.0000
Epoch 1720 | Val Loss: 1.1272 | Val Cost: 2143.05 | Val Max P-Miss: 0.0293 | Val Max Q-Miss: 0.0111 | Val Max Gen Viol: 0.0000 | Val Max Thermal: 0.0000
Epoch 1730 | Val Loss: 1.1168 | Val Cost: 2142.00 | Val Max P-Miss: 0.0278 | Val Max Q-Miss: 0.0109 | Val Max Gen Viol: 0.0000 | Val Max Thermal: 0.0000
Epoch 1740 | Val Loss: 1.1660 | Val Cost: 2151.02 | Val Max P-Miss: 0.0296 | Val Max Q-Miss: 0.0139 | Val Max Gen Viol: 0.0000 | Val Max Thermal: 0.0000
Epoch 1750 | Val Loss: 1.1215 | Val Cost: 2144.19 | Val Max P-Miss: 0.0227 | Val Max Q-Miss: 0.0133 | Val Max Gen Viol: 0.0000 | Val Max Thermal: 0.0000
Epoch 1760 | Val Loss: 1.1216 | Val Cost: 2146.22 | Val Max P-Miss: 0.0243 | Val Max Q-Miss: 0.0113 | Val Max Gen Viol: 0.0000 | Val Max Thermal: 0.0000
Epoch 1770 | Val Loss: 1.1171 | Val Cost: 2144.11 | Val Max P-Miss: 0.0214 | Val Max Q-Miss: 0.0110 | Val Max Gen Viol: 0.0000 | Val Max Thermal: 0.0000
Epoch 1780 | Val Loss: 1.1396 | Val Cost: 2125.69 | Val Max P-Miss: 0.0430 | Val Max Q-Miss: 0.0273 | Val Max Gen Viol: 0.0000 | Val Max Thermal: 0.0000
Epoch 1790 | Val Loss: 1.1083 | Val Cost: 2148.26 | Val Max P-Miss: 0.0197 | Val Max Q-Miss: 0.0209 | Val Max Gen Viol: 0.0000 | Val Max Thermal: 0.0000
Epoch 1800 | Val Loss: 1.1086 | Val Cost: 2147.09 | Val Max P-Miss: 0.0199 | Val Max Q-Miss: 0.0172 | Val Max Gen Viol: 0.0000 | Val Max Thermal: 0.0000
Epoch 1810 | Val Loss: 1.1057 | Val Cost: 2146.99 | Val Max P-Miss: 0.0190 | Val Max Q-Miss: 0.0135 | Val Max Gen Viol: 0.0000 | Val Max Thermal: 0.0000
Epoch 1820 | Val Loss: 1.1002 | Val Cost: 2146.98 | Val Max P-Miss: 0.0176 | Val Max Q-Miss: 0.0133 | Val Max Gen Viol: 0.0000 | Val Max Thermal: 0.0000
Epoch 1830 | Val Loss: 1.1169 | Val Cost: 2144.49 | Val Max P-Miss: 0.0224 | Val Max Q-Miss: 0.0146 | Val Max Gen Viol: 0.0000 | Val Max Thermal: 0.0000
Epoch 1840 | Val Loss: 1.1155 | Val Cost: 2142.43 | Val Max P-Miss: 0.0270 | Val Max Q-Miss: 0.0151 | Val Max Gen Viol: 0.0000 | Val Max Thermal: 0.0000
Epoch 1850 | Val Loss: 1.1109 | Val Cost: 2142.17 | Val Max P-Miss: 0.0268 | Val Max Q-Miss: 0.0146 | Val Max Gen Viol: 0.0000 | Val Max Thermal: 0.0000
Epoch 1860 | Val Loss: 1.1629 | Val Cost: 2126.81 | Val Max P-Miss: 0.0358 | Val Max Q-Miss: 0.0120 | Val Max Gen Viol: 0.0000 | Val Max Thermal: 0.0000
Epoch 1870 | Val Loss: 1.1665 | Val Cost: 2129.27 | Val Max P-Miss: 0.0509 | Val Max Q-Miss: 0.0216 | Val Max Gen Viol: 0.0000 | Val Max Thermal: 0.0000
Epoch 1880 | Val Loss: 1.0998 | Val Cost: 2146.28 | Val Max P-Miss: 0.0177 | Val Max Q-Miss: 0.0124 | Val Max Gen Viol: 0.0000 | Val Max Thermal: 0.0000
Epoch 1890 | Val Loss: 1.0996 | Val Cost: 2146.04 | Val Max P-Miss: 0.0171 | Val Max Q-Miss: 0.0113 | Val Max Gen Viol: 0.0000 | Val Max Thermal: 0.0000
Epoch 1900 | Val Loss: 1.1065 | Val Cost: 2146.82 | Val Max P-Miss: 0.0185 | Val Max Q-Miss: 0.0105 | Val Max Gen Viol: 0.0000 | Val Max Thermal: 0.0000
Epoch 1910 | Val Loss: 1.1034 | Val Cost: 2146.11 | Val Max P-Miss: 0.0167 | Val Max Q-Miss: 0.0103 | Val Max Gen Viol: 0.0000 | Val Max Thermal: 0.0000
Epoch 1920 | Val Loss: 1.1088 | Val Cost: 2147.41 | Val Max P-Miss: 0.0191 | Val Max Q-Miss: 0.0101 | Val Max Gen Viol: 0.0000 | Val Max Thermal: 0.0000
Epoch 1930 | Val Loss: 1.1017 | Val Cost: 2146.01 | Val Max P-Miss: 0.0176 | Val Max Q-Miss: 0.0102 | Val Max Gen Viol: 0.0000 | Val Max Thermal: 0.0000
Epoch 1940 | Val Loss: 1.1156 | Val Cost: 2147.81 | Val Max P-Miss: 0.0200 | Val Max Q-Miss: 0.0101 | Val Max Gen Viol: 0.0000 | Val Max Thermal: 0.0000
Epoch 1950 | Val Loss: 1.0991 | Val Cost: 2146.14 | Val Max P-Miss: 0.0168 | Val Max Q-Miss: 0.0103 | Val Max Gen Viol: 0.0000 | Val Max Thermal: 0.0000 [*SAVED BEST*]
Epoch 1960 | Val Loss: 1.0973 | Val Cost: 2144.98 | Val Max P-Miss: 0.0154 | Val Max Q-Miss: 0.0107 | Val Max Gen Viol: 0.0000 | Val Max Thermal: 0.0000 [*SAVED BEST*]
Epoch 1970 | Val Loss: 1.1055 | Val Cost: 2146.06 | Val Max P-Miss: 0.0174 | Val Max Q-Miss: 0.0111 | Val Max Gen Viol: 0.0000 | Val Max Thermal: 0.0000
Epoch 1980 | Val Loss: 1.1069 | Val Cost: 2146.08 | Val Max P-Miss: 0.0168 | Val Max Q-Miss: 0.0110 | Val Max Gen Viol: 0.0000 | Val Max Thermal: 0.0000
Epoch 1990 | Val Loss: 1.1080 | Val Cost: 2145.44 | Val Max P-Miss: 0.0174 | Val Max Q-Miss: 0.0115 | Val Max Gen Viol: 0.0000 | Val Max Thermal: 0.0000
Epoch 2000 | Val Loss: 1.1719 | Val Cost: 2140.68 | Val Max P-Miss: 0.0296 | Val Max Q-Miss: 0.0124 | Val Max Gen Viol: 0.0000 | Val Max Thermal: 0.0000
Epoch 2010 | Val Loss: 1.1324 | Val Cost: 2147.00 | Val Max P-Miss: 0.0289 | Val Max Q-Miss: 0.0265 | Val Max Gen Viol: 0.0000 | Val Max Thermal: 0.0000
Epoch 2020 | Val Loss: 1.1113 | Val Cost: 2142.53 | Val Max P-Miss: 0.0236 | Val Max Q-Miss: 0.0147 | Val Max Gen Viol: 0.0000 | Val Max Thermal: 0.0000
Epoch 2030 | Val Loss: 1.1019 | Val Cost: 2143.61 | Val Max P-Miss: 0.0217 | Val Max Q-Miss: 0.0110 | Val Max Gen Viol: 0.0000 | Val Max Thermal: 0.0000
Epoch 2040 | Val Loss: 1.1119 | Val Cost: 2143.49 | Val Max P-Miss: 0.0217 | Val Max Q-Miss: 0.0120 | Val Max Gen Viol: 0.0000 | Val Max Thermal: 0.0000
Epoch 2050 | Val Loss: 1.0936 | Val Cost: 2144.60 | Val Max P-Miss: 0.0150 | Val Max Q-Miss: 0.0126 | Val Max Gen Viol: 0.0000 | Val Max Thermal: 0.0000 [*SAVED BEST*]
Epoch 2060 | Val Loss: 1.1187 | Val Cost: 2144.82 | Val Max P-Miss: 0.0251 | Val Max Q-Miss: 0.0170 | Val Max Gen Viol: 0.0000 | Val Max Thermal: 0.0000
Epoch 2070 | Val Loss: 1.1048 | Val Cost: 2143.59 | Val Max P-Miss: 0.0234 | Val Max Q-Miss: 0.0107 | Val Max Gen Viol: 0.0000 | Val Max Thermal: 0.0000
Epoch 2080 | Val Loss: 1.1242 | Val Cost: 2144.15 | Val Max P-Miss: 0.0227 | Val Max Q-Miss: 0.0126 | Val Max Gen Viol: 0.0000 | Val Max Thermal: 0.0000
Epoch 2090 | Val Loss: 1.1210 | Val Cost: 2144.44 | Val Max P-Miss: 0.0175 | Val Max Q-Miss: 0.0127 | Val Max Gen Viol: 0.0000 | Val Max Thermal: 0.0000
Epoch 2100 | Val Loss: 1.1125 | Val Cost: 2145.15 | Val Max P-Miss: 0.0173 | Val Max Q-Miss: 0.0124 | Val Max Gen Viol: 0.0000 | Val Max Thermal: 0.0000
Epoch 2110 | Val Loss: 1.1104 | Val Cost: 2145.25 | Val Max P-Miss: 0.0188 | Val Max Q-Miss: 0.0122 | Val Max Gen Viol: 0.0000 | Val Max Thermal: 0.0000
Epoch 2120 | Val Loss: 1.1232 | Val Cost: 2145.06 | Val Max P-Miss: 0.0294 | Val Max Q-Miss: 0.0151 | Val Max Gen Viol: 0.0000 | Val Max Thermal: 0.0000
Epoch 2130 | Val Loss: 1.1150 | Val Cost: 2146.62 | Val Max P-Miss: 0.0261 | Val Max Q-Miss: 0.0104 | Val Max Gen Viol: 0.0000 | Val Max Thermal: 0.0000
Epoch 2140 | Val Loss: 1.1053 | Val Cost: 2146.11 | Val Max P-Miss: 0.0263 | Val Max Q-Miss: 0.0102 | Val Max Gen Viol: 0.0000 | Val Max Thermal: 0.0000
Epoch 2150 | Val Loss: 1.1042 | Val Cost: 2142.91 | Val Max P-Miss: 0.0236 | Val Max Q-Miss: 0.0110 | Val Max Gen Viol: 0.0000 | Val Max Thermal: 0.0000
Epoch 2160 | Val Loss: 1.2055 | Val Cost: 2140.03 | Val Max P-Miss: 0.0338 | Val Max Q-Miss: 0.0290 | Val Max Gen Viol: 0.0000 | Val Max Thermal: 0.0000
Epoch 2170 | Val Loss: 1.1251 | Val Cost: 2140.77 | Val Max P-Miss: 0.0456 | Val Max Q-Miss: 0.0256 | Val Max Gen Viol: 0.0000 | Val Max Thermal: 0.0000
Epoch 2180 | Val Loss: 1.1008 | Val Cost: 2146.65 | Val Max P-Miss: 0.0191 | Val Max Q-Miss: 0.0168 | Val Max Gen Viol: 0.0000 | Val Max Thermal: 0.0000
Epoch 2190 | Val Loss: 1.1053 | Val Cost: 2146.96 | Val Max P-Miss: 0.0186 | Val Max Q-Miss: 0.0132 | Val Max Gen Viol: 0.0000 | Val Max Thermal: 0.0000
Epoch 2200 | Val Loss: 1.1071 | Val Cost: 2146.94 | Val Max P-Miss: 0.0180 | Val Max Q-Miss: 0.0116 | Val Max Gen Viol: 0.0000 | Val Max Thermal: 0.0000
Epoch 2210 | Val Loss: 1.1041 | Val Cost: 2146.54 | Val Max P-Miss: 0.0170 | Val Max Q-Miss: 0.0108 | Val Max Gen Viol: 0.0000 | Val Max Thermal: 0.0000
Epoch 2220 | Val Loss: 1.0988 | Val Cost: 2147.70 | Val Max P-Miss: 0.0155 | Val Max Q-Miss: 0.0108 | Val Max Gen Viol: 0.0000 | Val Max Thermal: 0.0000
Epoch 2230 | Val Loss: 1.1038 | Val Cost: 2146.96 | Val Max P-Miss: 0.0167 | Val Max Q-Miss: 0.0106 | Val Max Gen Viol: 0.0000 | Val Max Thermal: 0.0000
Epoch 2240 | Val Loss: 1.1096 | Val Cost: 2144.13 | Val Max P-Miss: 0.0182 | Val Max Q-Miss: 0.0131 | Val Max Gen Viol: 0.0000 | Val Max Thermal: 0.0000
Epoch 2250 | Val Loss: 1.1152 | Val Cost: 2142.47 | Val Max P-Miss: 0.0253 | Val Max Q-Miss: 0.0143 | Val Max Gen Viol: 0.0000 | Val Max Thermal: 0.0000
Epoch 2260 | Val Loss: 1.1148 | Val Cost: 2140.70 | Val Max P-Miss: 0.0279 | Val Max Q-Miss: 0.0151 | Val Max Gen Viol: 0.0000 | Val Max Thermal: 0.0000
Epoch 2270 | Val Loss: 1.1149 | Val Cost: 2147.81 | Val Max P-Miss: 0.0198 | Val Max Q-Miss: 0.0138 | Val Max Gen Viol: 0.0000 | Val Max Thermal: 0.0000
Epoch 2280 | Val Loss: 1.1041 | Val Cost: 2142.21 | Val Max P-Miss: 0.0222 | Val Max Q-Miss: 0.0127 | Val Max Gen Viol: 0.0000 | Val Max Thermal: 0.0000
Epoch 2290 | Val Loss: 1.1021 | Val Cost: 2143.89 | Val Max P-Miss: 0.0229 | Val Max Q-Miss: 0.0107 | Val Max Gen Viol: 0.0000 | Val Max Thermal: 0.0000
Epoch 2300 | Val Loss: 1.1076 | Val Cost: 2142.82 | Val Max P-Miss: 0.0245 | Val Max Q-Miss: 0.0103 | Val Max Gen Viol: 0.0000 | Val Max Thermal: 0.0000
Epoch 2310 | Val Loss: 1.1068 | Val Cost: 2143.14 | Val Max P-Miss: 0.0246 | Val Max Q-Miss: 0.0101 | Val Max Gen Viol: 0.0000 | Val Max Thermal: 0.0000
Epoch 2320 | Val Loss: 1.1043 | Val Cost: 2142.52 | Val Max P-Miss: 0.0241 | Val Max Q-Miss: 0.0103 | Val Max Gen Viol: 0.0000 | Val Max Thermal: 0.0000
Epoch 2330 | Val Loss: 1.1006 | Val Cost: 2143.78 | Val Max P-Miss: 0.0214 | Val Max Q-Miss: 0.0104 | Val Max Gen Viol: 0.0000 | Val Max Thermal: 0.0000
Epoch 2340 | Val Loss: 1.0994 | Val Cost: 2142.77 | Val Max P-Miss: 0.0212 | Val Max Q-Miss: 0.0109 | Val Max Gen Viol: 0.0000 | Val Max Thermal: 0.0000
Epoch 2350 | Val Loss: 1.1010 | Val Cost: 2144.14 | Val Max P-Miss: 0.0209 | Val Max Q-Miss: 0.0107 | Val Max Gen Viol: 0.0000 | Val Max Thermal: 0.0000
Epoch 2360 | Val Loss: 1.1075 | Val Cost: 2147.10 | Val Max P-Miss: 0.0180 | Val Max Q-Miss: 0.0116 | Val Max Gen Viol: 0.0000 | Val Max Thermal: 0.0000
Epoch 2370 | Val Loss: 1.1506 | Val Cost: 2135.33 | Val Max P-Miss: 0.0253 | Val Max Q-Miss: 0.0156 | Val Max Gen Viol: 0.0000 | Val Max Thermal: 0.0000
Epoch 2380 | Val Loss: 1.1123 | Val Cost: 2142.80 | Val Max P-Miss: 0.0216 | Val Max Q-Miss: 0.0114 | Val Max Gen Viol: 0.0000 | Val Max Thermal: 0.0000
Epoch 2390 | Val Loss: 1.1112 | Val Cost: 2145.67 | Val Max P-Miss: 0.0208 | Val Max Q-Miss: 0.0107 | Val Max Gen Viol: 0.0000 | Val Max Thermal: 0.0000
Epoch 2400 | Val Loss: 1.1031 | Val Cost: 2143.41 | Val Max P-Miss: 0.0182 | Val Max Q-Miss: 0.0108 | Val Max Gen Viol: 0.0000 | Val Max Thermal: 0.0000
Epoch 2410 | Val Loss: 1.0938 | Val Cost: 2149.39 | Val Max P-Miss: 0.0156 | Val Max Q-Miss: 0.0106 | Val Max Gen Viol: 0.0000 | Val Max Thermal: 0.0000
Epoch 2420 | Val Loss: 1.1319 | Val Cost: 2142.59 | Val Max P-Miss: 0.0288 | Val Max Q-Miss: 0.0167 | Val Max Gen Viol: 0.0000 | Val Max Thermal: 0.0000
Epoch 2430 | Val Loss: 1.1158 | Val Cost: 2142.67 | Val Max P-Miss: 0.0241 | Val Max Q-Miss: 0.0150 | Val Max Gen Viol: 0.0000 | Val Max Thermal: 0.0000
Epoch 2440 | Val Loss: 1.1091 | Val Cost: 2142.32 | Val Max P-Miss: 0.0213 | Val Max Q-Miss: 0.0139 | Val Max Gen Viol: 0.0000 | Val Max Thermal: 0.0000
Epoch 2450 | Val Loss: 1.1130 | Val Cost: 2134.20 | Val Max P-Miss: 0.0198 | Val Max Q-Miss: 0.0138 | Val Max Gen Viol: 0.0000 | Val Max Thermal: 0.0000
Epoch 2460 | Val Loss: 1.1056 | Val Cost: 2146.84 | Val Max P-Miss: 0.0166 | Val Max Q-Miss: 0.0189 | Val Max Gen Viol: 0.0000 | Val Max Thermal: 0.0000
Epoch 2470 | Val Loss: 1.1034 | Val Cost: 2148.35 | Val Max P-Miss: 0.0170 | Val Max Q-Miss: 0.0189 | Val Max Gen Viol: 0.0000 | Val Max Thermal: 0.0000
Epoch 2480 | Val Loss: 1.1030 | Val Cost: 2148.78 | Val Max P-Miss: 0.0165 | Val Max Q-Miss: 0.0146 | Val Max Gen Viol: 0.0000 | Val Max Thermal: 0.0000
Epoch 2490 | Val Loss: 1.1019 | Val Cost: 2144.50 | Val Max P-Miss: 0.0161 | Val Max Q-Miss: 0.0126 | Val Max Gen Viol: 0.0000 | Val Max Thermal: 0.0000
Epoch 2500 | Val Loss: 1.0904 | Val Cost: 2144.32 | Val Max P-Miss: 0.0120 | Val Max Q-Miss: 0.0118 | Val Max Gen Viol: 0.0000 | Val Max Thermal: 0.0000 [*SAVED BEST*]
Epoch 2510 | Val Loss: 1.0922 | Val Cost: 2146.52 | Val Max P-Miss: 0.0127 | Val Max Q-Miss: 0.0109 | Val Max Gen Viol: 0.0000 | Val Max Thermal: 0.0000
Epoch 2520 | Val Loss: 1.0993 | Val Cost: 2146.76 | Val Max P-Miss: 0.0160 | Val Max Q-Miss: 0.0108 | Val Max Gen Viol: 0.0000 | Val Max Thermal: 0.0000
Epoch 2530 | Val Loss: 1.0995 | Val Cost: 2146.15 | Val Max P-Miss: 0.0153 | Val Max Q-Miss: 0.0107 | Val Max Gen Viol: 0.0000 | Val Max Thermal: 0.0000
Epoch 2540 | Val Loss: 1.1002 | Val Cost: 2144.74 | Val Max P-Miss: 0.0148 | Val Max Q-Miss: 0.0109 | Val Max Gen Viol: 0.0000 | Val Max Thermal: 0.0000
Epoch 2550 | Val Loss: 1.1426 | Val Cost: 2134.38 | Val Max P-Miss: 0.0300 | Val Max Q-Miss: 0.0124 | Val Max Gen Viol: 0.0000 | Val Max Thermal: 0.0000
Epoch 2560 | Val Loss: 1.1202 | Val Cost: 2142.81 | Val Max P-Miss: 0.0199 | Val Max Q-Miss: 0.0223 | Val Max Gen Viol: 0.0000 | Val Max Thermal: 0.0000
Epoch 2570 | Val Loss: 1.1021 | Val Cost: 2144.51 | Val Max P-Miss: 0.0244 | Val Max Q-Miss: 0.0138 | Val Max Gen Viol: 0.0000 | Val Max Thermal: 0.0000
Epoch 2580 | Val Loss: 1.0968 | Val Cost: 2144.96 | Val Max P-Miss: 0.0228 | Val Max Q-Miss: 0.0117 | Val Max Gen Viol: 0.0000 | Val Max Thermal: 0.0000
Epoch 2590 | Val Loss: 1.1439 | Val Cost: 2124.70 | Val Max P-Miss: 0.0285 | Val Max Q-Miss: 0.0129 | Val Max Gen Viol: 0.0000 | Val Max Thermal: 0.0000
Epoch 2600 | Val Loss: 1.1092 | Val Cost: 2143.78 | Val Max P-Miss: 0.0166 | Val Max Q-Miss: 0.0103 | Val Max Gen Viol: 0.0000 | Val Max Thermal: 0.0000
Epoch 2610 | Val Loss: 1.1058 | Val Cost: 2145.01 | Val Max P-Miss: 0.0153 | Val Max Q-Miss: 0.0095 | Val Max Gen Viol: 0.0000 | Val Max Thermal: 0.0000
Epoch 2620 | Val Loss: 1.1042 | Val Cost: 2148.63 | Val Max P-Miss: 0.0157 | Val Max Q-Miss: 0.0094 | Val Max Gen Viol: 0.0000 | Val Max Thermal: 0.0000
Epoch 2630 | Val Loss: 1.1118 | Val Cost: 2141.44 | Val Max P-Miss: 0.0239 | Val Max Q-Miss: 0.0127 | Val Max Gen Viol: 0.0000 | Val Max Thermal: 0.0000
Epoch 2640 | Val Loss: 1.1202 | Val Cost: 2143.10 | Val Max P-Miss: 0.0262 | Val Max Q-Miss: 0.0119 | Val Max Gen Viol: 0.0000 | Val Max Thermal: 0.0000
Epoch 2650 | Val Loss: 1.1074 | Val Cost: 2142.64 | Val Max P-Miss: 0.0223 | Val Max Q-Miss: 0.0113 | Val Max Gen Viol: 0.0000 | Val Max Thermal: 0.0000
Epoch 2660 | Val Loss: 1.0975 | Val Cost: 2145.62 | Val Max P-Miss: 0.0191 | Val Max Q-Miss: 0.0112 | Val Max Gen Viol: 0.0000 | Val Max Thermal: 0.0000
Epoch 2670 | Val Loss: 1.0966 | Val Cost: 2142.68 | Val Max P-Miss: 0.0196 | Val Max Q-Miss: 0.0110 | Val Max Gen Viol: 0.0000 | Val Max Thermal: 0.0000
Epoch 2680 | Val Loss: 1.1085 | Val Cost: 2141.35 | Val Max P-Miss: 0.0235 | Val Max Q-Miss: 0.0113 | Val Max Gen Viol: 0.0000 | Val Max Thermal: 0.0000
Epoch 2690 | Val Loss: 1.1063 | Val Cost: 2142.29 | Val Max P-Miss: 0.0227 | Val Max Q-Miss: 0.0109 | Val Max Gen Viol: 0.0000 | Val Max Thermal: 0.0000
Epoch 2700 | Val Loss: 1.0991 | Val Cost: 2142.49 | Val Max P-Miss: 0.0199 | Val Max Q-Miss: 0.0107 | Val Max Gen Viol: 0.0000 | Val Max Thermal: 0.0000
Epoch 2710 | Val Loss: 1.0990 | Val Cost: 2142.16 | Val Max P-Miss: 0.0201 | Val Max Q-Miss: 0.0104 | Val Max Gen Viol: 0.0000 | Val Max Thermal: 0.0000
Epoch 2720 | Val Loss: 1.1014 | Val Cost: 2143.11 | Val Max P-Miss: 0.0180 | Val Max Q-Miss: 0.0092 | Val Max Gen Viol: 0.0000 | Val Max Thermal: 0.0000
Epoch 2730 | Val Loss: 1.1132 | Val Cost: 2144.26 | Val Max P-Miss: 0.0177 | Val Max Q-Miss: 0.0092 | Val Max Gen Viol: 0.0000 | Val Max Thermal: 0.0000
Epoch 2740 | Val Loss: 1.1084 | Val Cost: 2144.59 | Val Max P-Miss: 0.0151 | Val Max Q-Miss: 0.0096 | Val Max Gen Viol: 0.0000 | Val Max Thermal: 0.0000
Epoch 2750 | Val Loss: 1.1057 | Val Cost: 2146.64 | Val Max P-Miss: 0.0174 | Val Max Q-Miss: 0.0108 | Val Max Gen Viol: 0.0000 | Val Max Thermal: 0.0000
Epoch 2760 | Val Loss: 1.0987 | Val Cost: 2144.97 | Val Max P-Miss: 0.0145 | Val Max Q-Miss: 0.0095 | Val Max Gen Viol: 0.0000 | Val Max Thermal: 0.0000
Epoch 2770 | Val Loss: 1.1039 | Val Cost: 2147.15 | Val Max P-Miss: 0.0187 | Val Max Q-Miss: 0.0126 | Val Max Gen Viol: 0.0000 | Val Max Thermal: 0.0000
Epoch 2780 | Val Loss: 1.0973 | Val Cost: 2144.84 | Val Max P-Miss: 0.0156 | Val Max Q-Miss: 0.0119 | Val Max Gen Viol: 0.0000 | Val Max Thermal: 0.0000
Epoch 2790 | Val Loss: 1.1049 | Val Cost: 2152.23 | Val Max P-Miss: 0.0162 | Val Max Q-Miss: 0.0103 | Val Max Gen Viol: 0.0000 | Val Max Thermal: 0.0000
Epoch 2800 | Val Loss: 1.1043 | Val Cost: 2146.54 | Val Max P-Miss: 0.0171 | Val Max Q-Miss: 0.0110 | Val Max Gen Viol: 0.0000 | Val Max Thermal: 0.0000
Epoch 2810 | Val Loss: 1.1010 | Val Cost: 2145.51 | Val Max P-Miss: 0.0168 | Val Max Q-Miss: 0.0119 | Val Max Gen Viol: 0.0000 | Val Max Thermal: 0.0000
Epoch 2820 | Val Loss: 1.0913 | Val Cost: 2146.76 | Val Max P-Miss: 0.0137 | Val Max Q-Miss: 0.0107 | Val Max Gen Viol: 0.0000 | Val Max Thermal: 0.0000
Epoch 2830 | Val Loss: 1.0982 | Val Cost: 2146.47 | Val Max P-Miss: 0.0154 | Val Max Q-Miss: 0.0102 | Val Max Gen Viol: 0.0000 | Val Max Thermal: 0.0000
Epoch 2840 | Val Loss: 1.0977 | Val Cost: 2147.63 | Val Max P-Miss: 0.0154 | Val Max Q-Miss: 0.0107 | Val Max Gen Viol: 0.0000 | Val Max Thermal: 0.0000
Epoch 2850 | Val Loss: 1.1003 | Val Cost: 2144.33 | Val Max P-Miss: 0.0155 | Val Max Q-Miss: 0.0110 | Val Max Gen Viol: 0.0000 | Val Max Thermal: 0.0000
Epoch 2860 | Val Loss: 1.0979 | Val Cost: 2146.87 | Val Max P-Miss: 0.0151 | Val Max Q-Miss: 0.0098 | Val Max Gen Viol: 0.0000 | Val Max Thermal: 0.0000
Epoch 2870 | Val Loss: 1.1201 | Val Cost: 2140.80 | Val Max P-Miss: 0.0173 | Val Max Q-Miss: 0.0101 | Val Max Gen Viol: 0.0000 | Val Max Thermal: 0.0000
Epoch 2880 | Val Loss: 1.1189 | Val Cost: 2146.26 | Val Max P-Miss: 0.0244 | Val Max Q-Miss: 0.0163 | Val Max Gen Viol: 0.0000 | Val Max Thermal: 0.0000
Epoch 2890 | Val Loss: 1.1050 | Val Cost: 2144.59 | Val Max P-Miss: 0.0190 | Val Max Q-Miss: 0.0122 | Val Max Gen Viol: 0.0000 | Val Max Thermal: 0.0000
Epoch 2900 | Val Loss: 1.1030 | Val Cost: 2144.64 | Val Max P-Miss: 0.0202 | Val Max Q-Miss: 0.0111 | Val Max Gen Viol: 0.0000 | Val Max Thermal: 0.0000
Epoch 2910 | Val Loss: 1.0947 | Val Cost: 2148.53 | Val Max P-Miss: 0.0195 | Val Max Q-Miss: 0.0113 | Val Max Gen Viol: 0.0000 | Val Max Thermal: 0.0000
Epoch 2920 | Val Loss: 1.1040 | Val Cost: 2147.68 | Val Max P-Miss: 0.0175 | Val Max Q-Miss: 0.0121 | Val Max Gen Viol: 0.0000 | Val Max Thermal: 0.0000
Epoch 2930 | Val Loss: 1.0926 | Val Cost: 2146.28 | Val Max P-Miss: 0.0136 | Val Max Q-Miss: 0.0109 | Val Max Gen Viol: 0.0000 | Val Max Thermal: 0.0000
Epoch 2940 | Val Loss: 1.0980 | Val Cost: 2145.88 | Val Max P-Miss: 0.0150 | Val Max Q-Miss: 0.0114 | Val Max Gen Viol: 0.0000 | Val Max Thermal: 0.0000
Epoch 2950 | Val Loss: 1.1130 | Val Cost: 2142.66 | Val Max P-Miss: 0.0228 | Val Max Q-Miss: 0.0143 | Val Max Gen Viol: 0.0000 | Val Max Thermal: 0.0000
Epoch 2960 | Val Loss: 1.1099 | Val Cost: 2141.66 | Val Max P-Miss: 0.0223 | Val Max Q-Miss: 0.0139 | Val Max Gen Viol: 0.0000 | Val Max Thermal: 0.0000
Epoch 2970 | Val Loss: 1.1065 | Val Cost: 2147.65 | Val Max P-Miss: 0.0205 | Val Max Q-Miss: 0.0147 | Val Max Gen Viol: 0.0000 | Val Max Thermal: 0.0000
Epoch 2980 | Val Loss: 1.1389 | Val Cost: 2138.04 | Val Max P-Miss: 0.0229 | Val Max Q-Miss: 0.0225 | Val Max Gen Viol: 0.0000 | Val Max Thermal: 0.0000
Epoch 2990 | Val Loss: 1.1148 | Val Cost: 2145.57 | Val Max P-Miss: 0.0239 | Val Max Q-Miss: 0.0197 | Val Max Gen Viol: 0.0000 | Val Max Thermal: 0.0000
Epoch 3000 | Val Loss: 1.0971 | Val Cost: 2146.17 | Val Max P-Miss: 0.0156 | Val Max Q-Miss: 0.0141 | Val Max Gen Viol: 0.0000 | Val Max Thermal: 0.0000
Epoch 3010 | Val Loss: 1.0901 | Val Cost: 2145.36 | Val Max P-Miss: 0.0145 | Val Max Q-Miss: 0.0125 | Val Max Gen Viol: 0.0000 | Val Max Thermal: 0.0000 [*SAVED BEST*]
Epoch 3020 | Val Loss: 1.0905 | Val Cost: 2146.06 | Val Max P-Miss: 0.0123 | Val Max Q-Miss: 0.0119 | Val Max Gen Viol: 0.0000 | Val Max Thermal: 0.0000
Epoch 3030 | Val Loss: 1.0960 | Val Cost: 2146.23 | Val Max P-Miss: 0.0147 | Val Max Q-Miss: 0.0116 | Val Max Gen Viol: 0.0000 | Val Max Thermal: 0.0000
Epoch 3040 | Val Loss: 1.0979 | Val Cost: 2146.07 | Val Max P-Miss: 0.0154 | Val Max Q-Miss: 0.0111 | Val Max Gen Viol: 0.0000 | Val Max Thermal: 0.0000
Epoch 3050 | Val Loss: 1.0910 | Val Cost: 2145.37 | Val Max P-Miss: 0.0135 | Val Max Q-Miss: 0.0110 | Val Max Gen Viol: 0.0000 | Val Max Thermal: 0.0000
Epoch 3060 | Val Loss: 1.0953 | Val Cost: 2145.66 | Val Max P-Miss: 0.0156 | Val Max Q-Miss: 0.0110 | Val Max Gen Viol: 0.0000 | Val Max Thermal: 0.0000
Epoch 3070 | Val Loss: 1.0936 | Val Cost: 2144.86 | Val Max P-Miss: 0.0143 | Val Max Q-Miss: 0.0109 | Val Max Gen Viol: 0.0000 | Val Max Thermal: 0.0000
Epoch 3080 | Val Loss: 1.0991 | Val Cost: 2143.69 | Val Max P-Miss: 0.0161 | Val Max Q-Miss: 0.0108 | Val Max Gen Viol: 0.0000 | Val Max Thermal: 0.0000
Epoch 3090 | Val Loss: 1.1065 | Val Cost: 2141.45 | Val Max P-Miss: 0.0165 | Val Max Q-Miss: 0.0115 | Val Max Gen Viol: 0.0000 | Val Max Thermal: 0.0000
Epoch 3100 | Val Loss: 1.1079 | Val Cost: 2145.15 | Val Max P-Miss: 0.0203 | Val Max Q-Miss: 0.0161 | Val Max Gen Viol: 0.0000 | Val Max Thermal: 0.0000
Epoch 3110 | Val Loss: 1.1059 | Val Cost: 2141.26 | Val Max P-Miss: 0.0220 | Val Max Q-Miss: 0.0149 | Val Max Gen Viol: 0.0000 | Val Max Thermal: 0.0000
Epoch 3120 | Val Loss: 1.0987 | Val Cost: 2145.64 | Val Max P-Miss: 0.0199 | Val Max Q-Miss: 0.0143 | Val Max Gen Viol: 0.0000 | Val Max Thermal: 0.0000
Epoch 3130 | Val Loss: 1.1224 | Val Cost: 2130.71 | Val Max P-Miss: 0.0221 | Val Max Q-Miss: 0.0193 | Val Max Gen Viol: 0.0000 | Val Max Thermal: 0.0000
Epoch 3140 | Val Loss: 1.1010 | Val Cost: 2142.72 | Val Max P-Miss: 0.0215 | Val Max Q-Miss: 0.0136 | Val Max Gen Viol: 0.0000 | Val Max Thermal: 0.0000
Epoch 3150 | Val Loss: 1.0959 | Val Cost: 2143.58 | Val Max P-Miss: 0.0197 | Val Max Q-Miss: 0.0120 | Val Max Gen Viol: 0.0000 | Val Max Thermal: 0.0000
Epoch 3160 | Val Loss: 1.0952 | Val Cost: 2143.61 | Val Max P-Miss: 0.0187 | Val Max Q-Miss: 0.0115 | Val Max Gen Viol: 0.0000 | Val Max Thermal: 0.0000
Epoch 3170 | Val Loss: 1.1018 | Val Cost: 2143.03 | Val Max P-Miss: 0.0206 | Val Max Q-Miss: 0.0114 | Val Max Gen Viol: 0.0000 | Val Max Thermal: 0.0000
Epoch 3180 | Val Loss: 1.0950 | Val Cost: 2142.92 | Val Max P-Miss: 0.0185 | Val Max Q-Miss: 0.0109 | Val Max Gen Viol: 0.0000 | Val Max Thermal: 0.0000
Epoch 3190 | Val Loss: 1.0966 | Val Cost: 2142.67 | Val Max P-Miss: 0.0178 | Val Max Q-Miss: 0.0104 | Val Max Gen Viol: 0.0000 | Val Max Thermal: 0.0000
Epoch 3200 | Val Loss: 1.0989 | Val Cost: 2144.00 | Val Max P-Miss: 0.0162 | Val Max Q-Miss: 0.0093 | Val Max Gen Viol: 0.0000 | Val Max Thermal: 0.0000
Epoch 3210 | Val Loss: 1.0996 | Val Cost: 2145.09 | Val Max P-Miss: 0.0142 | Val Max Q-Miss: 0.0086 | Val Max Gen Viol: 0.0000 | Val Max Thermal: 0.0000
Epoch 3220 | Val Loss: 1.1089 | Val Cost: 2145.64 | Val Max P-Miss: 0.0152 | Val Max Q-Miss: 0.0085 | Val Max Gen Viol: 0.0000 | Val Max Thermal: 0.0000
Epoch 3230 | Val Loss: 1.1031 | Val Cost: 2143.68 | Val Max P-Miss: 0.0161 | Val Max Q-Miss: 0.0094 | Val Max Gen Viol: 0.0000 | Val Max Thermal: 0.0000
Epoch 3240 | Val Loss: 1.1011 | Val Cost: 2140.89 | Val Max P-Miss: 0.0183 | Val Max Q-Miss: 0.0128 | Val Max Gen Viol: 0.0000 | Val Max Thermal: 0.0000
Epoch 3250 | Val Loss: 1.0984 | Val Cost: 2142.28 | Val Max P-Miss: 0.0210 | Val Max Q-Miss: 0.0110 | Val Max Gen Viol: 0.0000 | Val Max Thermal: 0.0000
Epoch 3260 | Val Loss: 1.0958 | Val Cost: 2143.11 | Val Max P-Miss: 0.0186 | Val Max Q-Miss: 0.0111 | Val Max Gen Viol: 0.0000 | Val Max Thermal: 0.0000
Epoch 3270 | Val Loss: 1.0961 | Val Cost: 2144.74 | Val Max P-Miss: 0.0178 | Val Max Q-Miss: 0.0110 | Val Max Gen Viol: 0.0000 | Val Max Thermal: 0.0000
Epoch 3280 | Val Loss: 1.0973 | Val Cost: 2140.53 | Val Max P-Miss: 0.0191 | Val Max Q-Miss: 0.0119 | Val Max Gen Viol: 0.0000 | Val Max Thermal: 0.0000
Epoch 3290 | Val Loss: 1.0996 | Val Cost: 2145.13 | Val Max P-Miss: 0.0188 | Val Max Q-Miss: 0.0106 | Val Max Gen Viol: 0.0000 | Val Max Thermal: 0.0000
Epoch 3300 | Val Loss: 1.1072 | Val Cost: 2151.83 | Val Max P-Miss: 0.0182 | Val Max Q-Miss: 0.0093 | Val Max Gen Viol: 0.0000 | Val Max Thermal: 0.0000
Epoch 3310 | Val Loss: 1.1275 | Val Cost: 2156.07 | Val Max P-Miss: 0.0256 | Val Max Q-Miss: 0.0132 | Val Max Gen Viol: 0.0000 | Val Max Thermal: 0.0000
Epoch 3320 | Val Loss: 1.1021 | Val Cost: 2142.67 | Val Max P-Miss: 0.0201 | Val Max Q-Miss: 0.0128 | Val Max Gen Viol: 0.0000 | Val Max Thermal: 0.0000
Epoch 3330 | Val Loss: 1.1047 | Val Cost: 2143.60 | Val Max P-Miss: 0.0208 | Val Max Q-Miss: 0.0117 | Val Max Gen Viol: 0.0000 | Val Max Thermal: 0.0000
Epoch 3340 | Val Loss: 1.0989 | Val Cost: 2143.78 | Val Max P-Miss: 0.0195 | Val Max Q-Miss: 0.0116 | Val Max Gen Viol: 0.0000 | Val Max Thermal: 0.0000
Epoch 3350 | Val Loss: 1.1010 | Val Cost: 2143.16 | Val Max P-Miss: 0.0190 | Val Max Q-Miss: 0.0113 | Val Max Gen Viol: 0.0000 | Val Max Thermal: 0.0000
Epoch 3360 | Val Loss: 1.0974 | Val Cost: 2143.28 | Val Max P-Miss: 0.0177 | Val Max Q-Miss: 0.0106 | Val Max Gen Viol: 0.0000 | Val Max Thermal: 0.0000
Epoch 3370 | Val Loss: 1.0997 | Val Cost: 2143.99 | Val Max P-Miss: 0.0167 | Val Max Q-Miss: 0.0090 | Val Max Gen Viol: 0.0000 | Val Max Thermal: 0.0000
Epoch 3380 | Val Loss: 1.1049 | Val Cost: 2144.22 | Val Max P-Miss: 0.0165 | Val Max Q-Miss: 0.0076 | Val Max Gen Viol: 0.0000 | Val Max Thermal: 0.0000
Epoch 3390 | Val Loss: 1.1031 | Val Cost: 2145.96 | Val Max P-Miss: 0.0151 | Val Max Q-Miss: 0.0087 | Val Max Gen Viol: 0.0000 | Val Max Thermal: 0.0000
Epoch 3400 | Val Loss: 1.1058 | Val Cost: 2144.16 | Val Max P-Miss: 0.0137 | Val Max Q-Miss: 0.0096 | Val Max Gen Viol: 0.0000 | Val Max Thermal: 0.0000
Epoch 3410 | Val Loss: 1.1050 | Val Cost: 2135.26 | Val Max P-Miss: 0.0168 | Val Max Q-Miss: 0.0136 | Val Max Gen Viol: 0.0000 | Val Max Thermal: 0.0000
Epoch 3420 | Val Loss: 1.1000 | Val Cost: 2143.75 | Val Max P-Miss: 0.0242 | Val Max Q-Miss: 0.0123 | Val Max Gen Viol: 0.0000 | Val Max Thermal: 0.0000
Epoch 3430 | Val Loss: 1.0948 | Val Cost: 2144.15 | Val Max P-Miss: 0.0219 | Val Max Q-Miss: 0.0112 | Val Max Gen Viol: 0.0000 | Val Max Thermal: 0.0000
Epoch 3440 | Val Loss: 1.0978 | Val Cost: 2143.07 | Val Max P-Miss: 0.0276 | Val Max Q-Miss: 0.0124 | Val Max Gen Viol: 0.0000 | Val Max Thermal: 0.0000
Epoch 3450 | Val Loss: 1.1044 | Val Cost: 2143.12 | Val Max P-Miss: 0.0222 | Val Max Q-Miss: 0.0120 | Val Max Gen Viol: 0.0000 | Val Max Thermal: 0.0000
Epoch 3460 | Val Loss: 1.0945 | Val Cost: 2143.17 | Val Max P-Miss: 0.0191 | Val Max Q-Miss: 0.0111 | Val Max Gen Viol: 0.0000 | Val Max Thermal: 0.0000
Epoch 3470 | Val Loss: 1.1041 | Val Cost: 2142.24 | Val Max P-Miss: 0.0201 | Val Max Q-Miss: 0.0105 | Val Max Gen Viol: 0.0000 | Val Max Thermal: 0.0000
Epoch 3480 | Val Loss: 1.1001 | Val Cost: 2142.27 | Val Max P-Miss: 0.0198 | Val Max Q-Miss: 0.0102 | Val Max Gen Viol: 0.0000 | Val Max Thermal: 0.0000
Epoch 3490 | Val Loss: 1.0975 | Val Cost: 2142.58 | Val Max P-Miss: 0.0191 | Val Max Q-Miss: 0.0100 | Val Max Gen Viol: 0.0000 | Val Max Thermal: 0.0000
Epoch 3500 | Val Loss: 1.0984 | Val Cost: 2142.87 | Val Max P-Miss: 0.0183 | Val Max Q-Miss: 0.0096 | Val Max Gen Viol: 0.0000 | Val Max Thermal: 0.0000
Epoch 3510 | Val Loss: 1.0979 | Val Cost: 2143.61 | Val Max P-Miss: 0.0170 | Val Max Q-Miss: 0.0083 | Val Max Gen Viol: 0.0000 | Val Max Thermal: 0.0000
Epoch 3520 | Val Loss: 1.1029 | Val Cost: 2144.26 | Val Max P-Miss: 0.0153 | Val Max Q-Miss: 0.0080 | Val Max Gen Viol: 0.0000 | Val Max Thermal: 0.0000
Epoch 3530 | Val Loss: 1.1026 | Val Cost: 2145.47 | Val Max P-Miss: 0.0147 | Val Max Q-Miss: 0.0083 | Val Max Gen Viol: 0.0000 | Val Max Thermal: 0.0000
Epoch 3540 | Val Loss: 1.1098 | Val Cost: 2143.40 | Val Max P-Miss: 0.0151 | Val Max Q-Miss: 0.0081 | Val Max Gen Viol: 0.0000 | Val Max Thermal: 0.0000
Epoch 3550 | Val Loss: 1.1069 | Val Cost: 2145.28 | Val Max P-Miss: 0.0175 | Val Max Q-Miss: 0.0090 | Val Max Gen Viol: 0.0000 | Val Max Thermal: 0.0000
Epoch 3560 | Val Loss: 1.1419 | Val Cost: 2131.86 | Val Max P-Miss: 0.0415 | Val Max Q-Miss: 0.0204 | Val Max Gen Viol: 0.0000 | Val Max Thermal: 0.0000
Epoch 3570 | Val Loss: 1.1043 | Val Cost: 2147.37 | Val Max P-Miss: 0.0169 | Val Max Q-Miss: 0.0121 | Val Max Gen Viol: 0.0000 | Val Max Thermal: 0.0000
Epoch 3580 | Val Loss: 1.0938 | Val Cost: 2145.80 | Val Max P-Miss: 0.0140 | Val Max Q-Miss: 0.0113 | Val Max Gen Viol: 0.0000 | Val Max Thermal: 0.0000
Epoch 3590 | Val Loss: 1.0983 | Val Cost: 2145.97 | Val Max P-Miss: 0.0147 | Val Max Q-Miss: 0.0104 | Val Max Gen Viol: 0.0000 | Val Max Thermal: 0.0000
Epoch 3600 | Val Loss: 1.0960 | Val Cost: 2145.60 | Val Max P-Miss: 0.0136 | Val Max Q-Miss: 0.0102 | Val Max Gen Viol: 0.0000 | Val Max Thermal: 0.0000
Epoch 3610 | Val Loss: 1.0976 | Val Cost: 2145.37 | Val Max P-Miss: 0.0147 | Val Max Q-Miss: 0.0098 | Val Max Gen Viol: 0.0000 | Val Max Thermal: 0.0000
Epoch 3620 | Val Loss: 1.0962 | Val Cost: 2145.42 | Val Max P-Miss: 0.0148 | Val Max Q-Miss: 0.0097 | Val Max Gen Viol: 0.0000 | Val Max Thermal: 0.0000
Epoch 3630 | Val Loss: 1.0964 | Val Cost: 2146.08 | Val Max P-Miss: 0.0142 | Val Max Q-Miss: 0.0094 | Val Max Gen Viol: 0.0000 | Val Max Thermal: 0.0000
Epoch 3640 | Val Loss: 1.0960 | Val Cost: 2145.91 | Val Max P-Miss: 0.0134 | Val Max Q-Miss: 0.0091 | Val Max Gen Viol: 0.0000 | Val Max Thermal: 0.0000
Epoch 3650 | Val Loss: 1.0935 | Val Cost: 2145.44 | Val Max P-Miss: 0.0145 | Val Max Q-Miss: 0.0091 | Val Max Gen Viol: 0.0000 | Val Max Thermal: 0.0000
Epoch 3660 | Val Loss: 1.0949 | Val Cost: 2145.10 | Val Max P-Miss: 0.0143 | Val Max Q-Miss: 0.0097 | Val Max Gen Viol: 0.0000 | Val Max Thermal: 0.0000
Epoch 3670 | Val Loss: 1.0947 | Val Cost: 2145.16 | Val Max P-Miss: 0.0138 | Val Max Q-Miss: 0.0100 | Val Max Gen Viol: 0.0000 | Val Max Thermal: 0.0000
Epoch 3680 | Val Loss: 1.0924 | Val Cost: 2145.18 | Val Max P-Miss: 0.0140 | Val Max Q-Miss: 0.0096 | Val Max Gen Viol: 0.0000 | Val Max Thermal: 0.0000
Epoch 3690 | Val Loss: 1.0952 | Val Cost: 2145.69 | Val Max P-Miss: 0.0136 | Val Max Q-Miss: 0.0095 | Val Max Gen Viol: 0.0000 | Val Max Thermal: 0.0000
Epoch 3700 | Val Loss: 1.0913 | Val Cost: 2145.50 | Val Max P-Miss: 0.0135 | Val Max Q-Miss: 0.0091 | Val Max Gen Viol: 0.0000 | Val Max Thermal: 0.0000
Epoch 3710 | Val Loss: 1.0956 | Val Cost: 2144.73 | Val Max P-Miss: 0.0130 | Val Max Q-Miss: 0.0097 | Val Max Gen Viol: 0.0000 | Val Max Thermal: 0.0000
Epoch 3720 | Val Loss: 1.0958 | Val Cost: 2145.10 | Val Max P-Miss: 0.0129 | Val Max Q-Miss: 0.0093 | Val Max Gen Viol: 0.0000 | Val Max Thermal: 0.0000
Epoch 3730 | Val Loss: 1.1002 | Val Cost: 2145.37 | Val Max P-Miss: 0.0145 | Val Max Q-Miss: 0.0093 | Val Max Gen Viol: 0.0000 | Val Max Thermal: 0.0000
Epoch 3740 | Val Loss: 1.1137 | Val Cost: 2144.97 | Val Max P-Miss: 0.0259 | Val Max Q-Miss: 0.0172 | Val Max Gen Viol: 0.0000 | Val Max Thermal: 0.0000
Epoch 3750 | Val Loss: 1.0991 | Val Cost: 2143.53 | Val Max P-Miss: 0.0182 | Val Max Q-Miss: 0.0189 | Val Max Gen Viol: 0.0000 | Val Max Thermal: 0.0000
Epoch 3760 | Val Loss: 1.0893 | Val Cost: 2146.07 | Val Max P-Miss: 0.0120 | Val Max Q-Miss: 0.0114 | Val Max Gen Viol: 0.0000 | Val Max Thermal: 0.0000 [*SAVED BEST*]
Epoch 3770 | Val Loss: 1.0892 | Val Cost: 2145.54 | Val Max P-Miss: 0.0119 | Val Max Q-Miss: 0.0101 | Val Max Gen Viol: 0.0000 | Val Max Thermal: 0.0000 [*SAVED BEST*]
Epoch 3780 | Val Loss: 1.0899 | Val Cost: 2145.17 | Val Max P-Miss: 0.0120 | Val Max Q-Miss: 0.0097 | Val Max Gen Viol: 0.0000 | Val Max Thermal: 0.0000
Epoch 3790 | Val Loss: 1.0906 | Val Cost: 2145.54 | Val Max P-Miss: 0.0126 | Val Max Q-Miss: 0.0092 | Val Max Gen Viol: 0.0000 | Val Max Thermal: 0.0000
Epoch 3800 | Val Loss: 1.0906 | Val Cost: 2145.78 | Val Max P-Miss: 0.0125 | Val Max Q-Miss: 0.0092 | Val Max Gen Viol: 0.0000 | Val Max Thermal: 0.0000
Epoch 3810 | Val Loss: 1.1109 | Val Cost: 2142.77 | Val Max P-Miss: 0.0238 | Val Max Q-Miss: 0.0091 | Val Max Gen Viol: 0.0000 | Val Max Thermal: 0.0000
Epoch 3820 | Val Loss: 1.1047 | Val Cost: 2145.02 | Val Max P-Miss: 0.0193 | Val Max Q-Miss: 0.0112 | Val Max Gen Viol: 0.0000 | Val Max Thermal: 0.0000
Epoch 3830 | Val Loss: 1.0976 | Val Cost: 2144.53 | Val Max P-Miss: 0.0191 | Val Max Q-Miss: 0.0099 | Val Max Gen Viol: 0.0000 | Val Max Thermal: 0.0000
Epoch 3840 | Val Loss: 1.0936 | Val Cost: 2144.86 | Val Max P-Miss: 0.0164 | Val Max Q-Miss: 0.0111 | Val Max Gen Viol: 0.0000 | Val Max Thermal: 0.0000
Epoch 3850 | Val Loss: 1.1017 | Val Cost: 2140.64 | Val Max P-Miss: 0.0170 | Val Max Q-Miss: 0.0159 | Val Max Gen Viol: 0.0000 | Val Max Thermal: 0.0000
Epoch 3860 | Val Loss: 1.0894 | Val Cost: 2145.71 | Val Max P-Miss: 0.0127 | Val Max Q-Miss: 0.0118 | Val Max Gen Viol: 0.0000 | Val Max Thermal: 0.0000
Epoch 3870 | Val Loss: 1.0919 | Val Cost: 2144.89 | Val Max P-Miss: 0.0130 | Val Max Q-Miss: 0.0104 | Val Max Gen Viol: 0.0000 | Val Max Thermal: 0.0000
Epoch 3880 | Val Loss: 1.0920 | Val Cost: 2144.22 | Val Max P-Miss: 0.0128 | Val Max Q-Miss: 0.0098 | Val Max Gen Viol: 0.0000 | Val Max Thermal: 0.0000
Epoch 3890 | Val Loss: 1.0934 | Val Cost: 2146.42 | Val Max P-Miss: 0.0127 | Val Max Q-Miss: 0.0095 | Val Max Gen Viol: 0.0000 | Val Max Thermal: 0.0000
Epoch 3900 | Val Loss: 1.0892 | Val Cost: 2146.15 | Val Max P-Miss: 0.0123 | Val Max Q-Miss: 0.0090 | Val Max Gen Viol: 0.0000 | Val Max Thermal: 0.0000
Epoch 3910 | Val Loss: 1.0928 | Val Cost: 2147.56 | Val Max P-Miss: 0.0138 | Val Max Q-Miss: 0.0090 | Val Max Gen Viol: 0.0000 | Val Max Thermal: 0.0000
Epoch 3920 | Val Loss: 1.0992 | Val Cost: 2148.55 | Val Max P-Miss: 0.0199 | Val Max Q-Miss: 0.0092 | Val Max Gen Viol: 0.0000 | Val Max Thermal: 0.0000
Epoch 3930 | Val Loss: 1.1467 | Val Cost: 2132.82 | Val Max P-Miss: 0.0464 | Val Max Q-Miss: 0.0193 | Val Max Gen Viol: 0.0000 | Val Max Thermal: 0.0000
Epoch 3940 | Val Loss: 1.1073 | Val Cost: 2142.68 | Val Max P-Miss: 0.0192 | Val Max Q-Miss: 0.0243 | Val Max Gen Viol: 0.0000 | Val Max Thermal: 0.0000
Epoch 3950 | Val Loss: 1.0970 | Val Cost: 2144.28 | Val Max P-Miss: 0.0198 | Val Max Q-Miss: 0.0122 | Val Max Gen Viol: 0.0000 | Val Max Thermal: 0.0000
Epoch 3960 | Val Loss: 1.0969 | Val Cost: 2144.30 | Val Max P-Miss: 0.0190 | Val Max Q-Miss: 0.0101 | Val Max Gen Viol: 0.0000 | Val Max Thermal: 0.0000
Epoch 3970 | Val Loss: 1.0966 | Val Cost: 2143.65 | Val Max P-Miss: 0.0192 | Val Max Q-Miss: 0.0095 | Val Max Gen Viol: 0.0000 | Val Max Thermal: 0.0000
Epoch 3980 | Val Loss: 1.0936 | Val Cost: 2143.57 | Val Max P-Miss: 0.0169 | Val Max Q-Miss: 0.0089 | Val Max Gen Viol: 0.0000 | Val Max Thermal: 0.0000
Epoch 3990 | Val Loss: 1.0920 | Val Cost: 2143.09 | Val Max P-Miss: 0.0160 | Val Max Q-Miss: 0.0086 | Val Max Gen Viol: 0.0000 | Val Max Thermal: 0.0000
Epoch 4000 | Val Loss: 1.0928 | Val Cost: 2143.24 | Val Max P-Miss: 0.0164 | Val Max Q-Miss: 0.0084 | Val Max Gen Viol: 0.0000 | Val Max Thermal: 0.0000
Epoch 4010 | Val Loss: 1.0952 | Val Cost: 2143.23 | Val Max P-Miss: 0.0168 | Val Max Q-Miss: 0.0082 | Val Max Gen Viol: 0.0000 | Val Max Thermal: 0.0000
Epoch 4020 | Val Loss: 1.0938 | Val Cost: 2142.60 | Val Max P-Miss: 0.0173 | Val Max Q-Miss: 0.0079 | Val Max Gen Viol: 0.0000 | Val Max Thermal: 0.0000
Epoch 4030 | Val Loss: 1.0931 | Val Cost: 2143.01 | Val Max P-Miss: 0.0166 | Val Max Q-Miss: 0.0078 | Val Max Gen Viol: 0.0000 | Val Max Thermal: 0.0000
Epoch 4040 | Val Loss: 1.0913 | Val Cost: 2143.68 | Val Max P-Miss: 0.0165 | Val Max Q-Miss: 0.0080 | Val Max Gen Viol: 0.0000 | Val Max Thermal: 0.0000
Epoch 4050 | Val Loss: 1.0957 | Val Cost: 2145.31 | Val Max P-Miss: 0.0147 | Val Max Q-Miss: 0.0085 | Val Max Gen Viol: 0.0000 | Val Max Thermal: 0.0000
Epoch 4060 | Val Loss: 1.1204 | Val Cost: 2139.42 | Val Max P-Miss: 0.0294 | Val Max Q-Miss: 0.0149 | Val Max Gen Viol: 0.0000 | Val Max Thermal: 0.0000
Epoch 4070 | Val Loss: 1.1062 | Val Cost: 2139.71 | Val Max P-Miss: 0.0230 | Val Max Q-Miss: 0.0130 | Val Max Gen Viol: 0.0000 | Val Max Thermal: 0.0000
Epoch 4080 | Val Loss: 1.0999 | Val Cost: 2141.52 | Val Max P-Miss: 0.0202 | Val Max Q-Miss: 0.0117 | Val Max Gen Viol: 0.0000 | Val Max Thermal: 0.0000
Epoch 4090 | Val Loss: 1.0994 | Val Cost: 2145.22 | Val Max P-Miss: 0.0178 | Val Max Q-Miss: 0.0115 | Val Max Gen Viol: 0.0000 | Val Max Thermal: 0.0000
Epoch 4100 | Val Loss: 1.1227 | Val Cost: 2135.38 | Val Max P-Miss: 0.0232 | Val Max Q-Miss: 0.0202 | Val Max Gen Viol: 0.0000 | Val Max Thermal: 0.0000
Epoch 4110 | Val Loss: 1.1026 | Val Cost: 2143.96 | Val Max P-Miss: 0.0192 | Val Max Q-Miss: 0.0164 | Val Max Gen Viol: 0.0000 | Val Max Thermal: 0.0000
Epoch 4120 | Val Loss: 1.0956 | Val Cost: 2143.50 | Val Max P-Miss: 0.0186 | Val Max Q-Miss: 0.0124 | Val Max Gen Viol: 0.0000 | Val Max Thermal: 0.0000
Epoch 4130 | Val Loss: 1.0969 | Val Cost: 2143.37 | Val Max P-Miss: 0.0188 | Val Max Q-Miss: 0.0111 | Val Max Gen Viol: 0.0000 | Val Max Thermal: 0.0000
Epoch 4140 | Val Loss: 1.0937 | Val Cost: 2143.06 | Val Max P-Miss: 0.0179 | Val Max Q-Miss: 0.0104 | Val Max Gen Viol: 0.0000 | Val Max Thermal: 0.0000
Epoch 4150 | Val Loss: 1.0957 | Val Cost: 2142.27 | Val Max P-Miss: 0.0174 | Val Max Q-Miss: 0.0097 | Val Max Gen Viol: 0.0000 | Val Max Thermal: 0.0000
Epoch 4160 | Val Loss: 1.0947 | Val Cost: 2143.33 | Val Max P-Miss: 0.0169 | Val Max Q-Miss: 0.0094 | Val Max Gen Viol: 0.0000 | Val Max Thermal: 0.0000
Epoch 4170 | Val Loss: 1.0916 | Val Cost: 2144.66 | Val Max P-Miss: 0.0139 | Val Max Q-Miss: 0.0092 | Val Max Gen Viol: 0.0000 | Val Max Thermal: 0.0000
Epoch 4180 | Val Loss: 1.1027 | Val Cost: 2144.35 | Val Max P-Miss: 0.0152 | Val Max Q-Miss: 0.0089 | Val Max Gen Viol: 0.0000 | Val Max Thermal: 0.0000
Epoch 4190 | Val Loss: 1.1001 | Val Cost: 2146.41 | Val Max P-Miss: 0.0151 | Val Max Q-Miss: 0.0084 | Val Max Gen Viol: 0.0000 | Val Max Thermal: 0.0000
Epoch 4200 | Val Loss: 1.0975 | Val Cost: 2144.48 | Val Max P-Miss: 0.0131 | Val Max Q-Miss: 0.0081 | Val Max Gen Viol: 0.0000 | Val Max Thermal: 0.0000
Epoch 4210 | Val Loss: 1.1004 | Val Cost: 2139.92 | Val Max P-Miss: 0.0145 | Val Max Q-Miss: 0.0101 | Val Max Gen Viol: 0.0000 | Val Max Thermal: 0.0000
Epoch 4220 | Val Loss: 1.0896 | Val Cost: 2145.34 | Val Max P-Miss: 0.0141 | Val Max Q-Miss: 0.0100 | Val Max Gen Viol: 0.0000 | Val Max Thermal: 0.0000
Epoch 4230 | Val Loss: 1.0934 | Val Cost: 2142.76 | Val Max P-Miss: 0.0139 | Val Max Q-Miss: 0.0103 | Val Max Gen Viol: 0.0000 | Val Max Thermal: 0.0000
Epoch 4240 | Val Loss: 1.0879 | Val Cost: 2145.24 | Val Max P-Miss: 0.0147 | Val Max Q-Miss: 0.0090 | Val Max Gen Viol: 0.0000 | Val Max Thermal: 0.0000 [*SAVED BEST*]
Epoch 4250 | Val Loss: 1.0889 | Val Cost: 2145.55 | Val Max P-Miss: 0.0140 | Val Max Q-Miss: 0.0087 | Val Max Gen Viol: 0.0000 | Val Max Thermal: 0.0000
Epoch 4260 | Val Loss: 1.0929 | Val Cost: 2143.94 | Val Max P-Miss: 0.0133 | Val Max Q-Miss: 0.0088 | Val Max Gen Viol: 0.0000 | Val Max Thermal: 0.0000
Epoch 4270 | Val Loss: 1.1558 | Val Cost: 2118.63 | Val Max P-Miss: 0.0399 | Val Max Q-Miss: 0.0175 | Val Max Gen Viol: 0.0000 | Val Max Thermal: 0.0000
Epoch 4280 | Val Loss: 1.0982 | Val Cost: 2143.21 | Val Max P-Miss: 0.0171 | Val Max Q-Miss: 0.0154 | Val Max Gen Viol: 0.0000 | Val Max Thermal: 0.0000
Epoch 4290 | Val Loss: 1.1040 | Val Cost: 2149.43 | Val Max P-Miss: 0.0200 | Val Max Q-Miss: 0.0091 | Val Max Gen Viol: 0.0000 | Val Max Thermal: 0.0000
Epoch 4300 | Val Loss: 1.0900 | Val Cost: 2146.07 | Val Max P-Miss: 0.0127 | Val Max Q-Miss: 0.0098 | Val Max Gen Viol: 0.0000 | Val Max Thermal: 0.0000
Epoch 4310 | Val Loss: 1.0863 | Val Cost: 2145.51 | Val Max P-Miss: 0.0130 | Val Max Q-Miss: 0.0095 | Val Max Gen Viol: 0.0000 | Val Max Thermal: 0.0000 [*SAVED BEST*]
Epoch 4320 | Val Loss: 1.0905 | Val Cost: 2146.08 | Val Max P-Miss: 0.0137 | Val Max Q-Miss: 0.0090 | Val Max Gen Viol: 0.0000 | Val Max Thermal: 0.0000
Epoch 4330 | Val Loss: 1.0904 | Val Cost: 2145.49 | Val Max P-Miss: 0.0142 | Val Max Q-Miss: 0.0092 | Val Max Gen Viol: 0.0000 | Val Max Thermal: 0.0000
Epoch 4340 | Val Loss: 1.0913 | Val Cost: 2144.53 | Val Max P-Miss: 0.0140 | Val Max Q-Miss: 0.0094 | Val Max Gen Viol: 0.0000 | Val Max Thermal: 0.0000
Epoch 4350 | Val Loss: 1.0903 | Val Cost: 2144.67 | Val Max P-Miss: 0.0143 | Val Max Q-Miss: 0.0092 | Val Max Gen Viol: 0.0000 | Val Max Thermal: 0.0000
Epoch 4360 | Val Loss: 1.0885 | Val Cost: 2144.59 | Val Max P-Miss: 0.0135 | Val Max Q-Miss: 0.0089 | Val Max Gen Viol: 0.0000 | Val Max Thermal: 0.0000
Epoch 4370 | Val Loss: 1.0899 | Val Cost: 2144.99 | Val Max P-Miss: 0.0144 | Val Max Q-Miss: 0.0089 | Val Max Gen Viol: 0.0000 | Val Max Thermal: 0.0000
Epoch 4380 | Val Loss: 1.0892 | Val Cost: 2144.67 | Val Max P-Miss: 0.0136 | Val Max Q-Miss: 0.0086 | Val Max Gen Viol: 0.0000 | Val Max Thermal: 0.0000
Epoch 4390 | Val Loss: 1.1001 | Val Cost: 2143.95 | Val Max P-Miss: 0.0223 | Val Max Q-Miss: 0.0081 | Val Max Gen Viol: 0.0000 | Val Max Thermal: 0.0000
Epoch 4400 | Val Loss: 1.0980 | Val Cost: 2142.51 | Val Max P-Miss: 0.0210 | Val Max Q-Miss: 0.0089 | Val Max Gen Viol: 0.0000 | Val Max Thermal: 0.0000
Epoch 4410 | Val Loss: 1.1005 | Val Cost: 2140.38 | Val Max P-Miss: 0.0222 | Val Max Q-Miss: 0.0085 | Val Max Gen Viol: 0.0000 | Val Max Thermal: 0.0000
Epoch 4420 | Val Loss: 1.2833 | Val Cost: 2122.70 | Val Max P-Miss: 0.0441 | Val Max Q-Miss: 0.0204 | Val Max Gen Viol: 0.0000 | Val Max Thermal: 0.0000
Epoch 4430 | Val Loss: 1.1192 | Val Cost: 2136.47 | Val Max P-Miss: 0.0229 | Val Max Q-Miss: 0.0176 | Val Max Gen Viol: 0.0000 | Val Max Thermal: 0.0000
Epoch 4440 | Val Loss: 1.0993 | Val Cost: 2142.18 | Val Max P-Miss: 0.0196 | Val Max Q-Miss: 0.0139 | Val Max Gen Viol: 0.0000 | Val Max Thermal: 0.0000
Epoch 4450 | Val Loss: 1.0980 | Val Cost: 2141.94 | Val Max P-Miss: 0.0194 | Val Max Q-Miss: 0.0128 | Val Max Gen Viol: 0.0000 | Val Max Thermal: 0.0000
Epoch 4460 | Val Loss: 1.0944 | Val Cost: 2144.55 | Val Max P-Miss: 0.0168 | Val Max Q-Miss: 0.0114 | Val Max Gen Viol: 0.0000 | Val Max Thermal: 0.0000
Epoch 4470 | Val Loss: 1.1129 | Val Cost: 2139.76 | Val Max P-Miss: 0.0229 | Val Max Q-Miss: 0.0091 | Val Max Gen Viol: 0.0000 | Val Max Thermal: 0.0000
Epoch 4480 | Val Loss: 1.0963 | Val Cost: 2143.48 | Val Max P-Miss: 0.0193 | Val Max Q-Miss: 0.0092 | Val Max Gen Viol: 0.0000 | Val Max Thermal: 0.0000
Epoch 4490 | Val Loss: 1.0939 | Val Cost: 2142.81 | Val Max P-Miss: 0.0181 | Val Max Q-Miss: 0.0090 | Val Max Gen Viol: 0.0000 | Val Max Thermal: 0.0000
Epoch 4500 | Val Loss: 1.0919 | Val Cost: 2142.95 | Val Max P-Miss: 0.0163 | Val Max Q-Miss: 0.0087 | Val Max Gen Viol: 0.0000 | Val Max Thermal: 0.0000
Epoch 4510 | Val Loss: 1.0913 | Val Cost: 2142.94 | Val Max P-Miss: 0.0158 | Val Max Q-Miss: 0.0084 | Val Max Gen Viol: 0.0000 | Val Max Thermal: 0.0000
Epoch 4520 | Val Loss: 1.0905 | Val Cost: 2144.05 | Val Max P-Miss: 0.0153 | Val Max Q-Miss: 0.0086 | Val Max Gen Viol: 0.0000 | Val Max Thermal: 0.0000
Epoch 4530 | Val Loss: 1.0915 | Val Cost: 2146.90 | Val Max P-Miss: 0.0176 | Val Max Q-Miss: 0.0093 | Val Max Gen Viol: 0.0000 | Val Max Thermal: 0.0000
Epoch 4540 | Val Loss: 1.0958 | Val Cost: 2144.85 | Val Max P-Miss: 0.0148 | Val Max Q-Miss: 0.0085 | Val Max Gen Viol: 0.0000 | Val Max Thermal: 0.0000
Epoch 4550 | Val Loss: 1.0964 | Val Cost: 2144.39 | Val Max P-Miss: 0.0142 | Val Max Q-Miss: 0.0079 | Val Max Gen Viol: 0.0000 | Val Max Thermal: 0.0000
Epoch 4560 | Val Loss: 1.0986 | Val Cost: 2143.21 | Val Max P-Miss: 0.0179 | Val Max Q-Miss: 0.0099 | Val Max Gen Viol: 0.0000 | Val Max Thermal: 0.0000
Epoch 4570 | Val Loss: 1.0929 | Val Cost: 2143.35 | Val Max P-Miss: 0.0142 | Val Max Q-Miss: 0.0088 | Val Max Gen Viol: 0.0000 | Val Max Thermal: 0.0000
Epoch 4580 | Val Loss: 1.1001 | Val Cost: 2142.25 | Val Max P-Miss: 0.0227 | Val Max Q-Miss: 0.0090 | Val Max Gen Viol: 0.0000 | Val Max Thermal: 0.0000
Epoch 4590 | Val Loss: 1.0996 | Val Cost: 2139.83 | Val Max P-Miss: 0.0211 | Val Max Q-Miss: 0.0094 | Val Max Gen Viol: 0.0000 | Val Max Thermal: 0.0000
Epoch 4600 | Val Loss: 1.1112 | Val Cost: 2139.70 | Val Max P-Miss: 0.0186 | Val Max Q-Miss: 0.0176 | Val Max Gen Viol: 0.0000 | Val Max Thermal: 0.0000
Epoch 4610 | Val Loss: 1.0973 | Val Cost: 2142.10 | Val Max P-Miss: 0.0195 | Val Max Q-Miss: 0.0101 | Val Max Gen Viol: 0.0000 | Val Max Thermal: 0.0000
Epoch 4620 | Val Loss: 1.0927 | Val Cost: 2140.89 | Val Max P-Miss: 0.0173 | Val Max Q-Miss: 0.0094 | Val Max Gen Viol: 0.0000 | Val Max Thermal: 0.0000
Epoch 4630 | Val Loss: 1.0914 | Val Cost: 2142.69 | Val Max P-Miss: 0.0168 | Val Max Q-Miss: 0.0086 | Val Max Gen Viol: 0.0000 | Val Max Thermal: 0.0000
Epoch 4640 | Val Loss: 1.1063 | Val Cost: 2135.72 | Val Max P-Miss: 0.0206 | Val Max Q-Miss: 0.0140 | Val Max Gen Viol: 0.0000 | Val Max Thermal: 0.0000
Epoch 4650 | Val Loss: 1.0910 | Val Cost: 2143.14 | Val Max P-Miss: 0.0169 | Val Max Q-Miss: 0.0093 | Val Max Gen Viol: 0.0000 | Val Max Thermal: 0.0000
Epoch 4660 | Val Loss: 1.0912 | Val Cost: 2142.79 | Val Max P-Miss: 0.0164 | Val Max Q-Miss: 0.0087 | Val Max Gen Viol: 0.0000 | Val Max Thermal: 0.0000
Epoch 4670 | Val Loss: 1.0911 | Val Cost: 2143.17 | Val Max P-Miss: 0.0161 | Val Max Q-Miss: 0.0091 | Val Max Gen Viol: 0.0000 | Val Max Thermal: 0.0000
Epoch 4680 | Val Loss: 1.0895 | Val Cost: 2144.51 | Val Max P-Miss: 0.0165 | Val Max Q-Miss: 0.0093 | Val Max Gen Viol: 0.0000 | Val Max Thermal: 0.0000
Epoch 4690 | Val Loss: 1.0948 | Val Cost: 2140.14 | Val Max P-Miss: 0.0151 | Val Max Q-Miss: 0.0123 | Val Max Gen Viol: 0.0000 | Val Max Thermal: 0.0000
Epoch 4700 | Val Loss: 1.0932 | Val Cost: 2144.04 | Val Max P-Miss: 0.0145 | Val Max Q-Miss: 0.0084 | Val Max Gen Viol: 0.0000 | Val Max Thermal: 0.0000
Epoch 4710 | Val Loss: 1.0907 | Val Cost: 2145.12 | Val Max P-Miss: 0.0170 | Val Max Q-Miss: 0.0084 | Val Max Gen Viol: 0.0000 | Val Max Thermal: 0.0000
Epoch 4720 | Val Loss: 1.0945 | Val Cost: 2144.26 | Val Max P-Miss: 0.0166 | Val Max Q-Miss: 0.0082 | Val Max Gen Viol: 0.0000 | Val Max Thermal: 0.0000
Epoch 4730 | Val Loss: 1.0950 | Val Cost: 2143.02 | Val Max P-Miss: 0.0148 | Val Max Q-Miss: 0.0084 | Val Max Gen Viol: 0.0000 | Val Max Thermal: 0.0000
Epoch 4740 | Val Loss: 1.0949 | Val Cost: 2142.13 | Val Max P-Miss: 0.0118 | Val Max Q-Miss: 0.0102 | Val Max Gen Viol: 0.0000 | Val Max Thermal: 0.0000
Epoch 4750 | Val Loss: 1.0959 | Val Cost: 2144.51 | Val Max P-Miss: 0.0140 | Val Max Q-Miss: 0.0144 | Val Max Gen Viol: 0.0000 | Val Max Thermal: 0.0000
Epoch 4760 | Val Loss: 1.0872 | Val Cost: 2145.96 | Val Max P-Miss: 0.0151 | Val Max Q-Miss: 0.0103 | Val Max Gen Viol: 0.0000 | Val Max Thermal: 0.0000
Epoch 4770 | Val Loss: 1.0885 | Val Cost: 2145.06 | Val Max P-Miss: 0.0157 | Val Max Q-Miss: 0.0097 | Val Max Gen Viol: 0.0000 | Val Max Thermal: 0.0000
Epoch 4780 | Val Loss: 1.0899 | Val Cost: 2145.22 | Val Max P-Miss: 0.0157 | Val Max Q-Miss: 0.0093 | Val Max Gen Viol: 0.0000 | Val Max Thermal: 0.0000
Epoch 4790 | Val Loss: 1.0888 | Val Cost: 2145.41 | Val Max P-Miss: 0.0164 | Val Max Q-Miss: 0.0086 | Val Max Gen Viol: 0.0000 | Val Max Thermal: 0.0000
Epoch 4800 | Val Loss: 1.0908 | Val Cost: 2141.19 | Val Max P-Miss: 0.0146 | Val Max Q-Miss: 0.0115 | Val Max Gen Viol: 0.0000 | Val Max Thermal: 0.0000
Epoch 4810 | Val Loss: 1.1031 | Val Cost: 2131.96 | Val Max P-Miss: 0.0229 | Val Max Q-Miss: 0.0157 | Val Max Gen Viol: 0.0000 | Val Max Thermal: 0.0000
Epoch 4820 | Val Loss: 1.0871 | Val Cost: 2145.25 | Val Max P-Miss: 0.0150 | Val Max Q-Miss: 0.0103 | Val Max Gen Viol: 0.0000 | Val Max Thermal: 0.0000
Epoch 4830 | Val Loss: 1.0887 | Val Cost: 2145.32 | Val Max P-Miss: 0.0151 | Val Max Q-Miss: 0.0096 | Val Max Gen Viol: 0.0000 | Val Max Thermal: 0.0000
Epoch 4840 | Val Loss: 1.0899 | Val Cost: 2144.66 | Val Max P-Miss: 0.0155 | Val Max Q-Miss: 0.0095 | Val Max Gen Viol: 0.0000 | Val Max Thermal: 0.0000
Epoch 4850 | Val Loss: 1.0902 | Val Cost: 2144.28 | Val Max P-Miss: 0.0155 | Val Max Q-Miss: 0.0098 | Val Max Gen Viol: 0.0000 | Val Max Thermal: 0.0000
Epoch 4860 | Val Loss: 1.1013 | Val Cost: 2144.71 | Val Max P-Miss: 0.0252 | Val Max Q-Miss: 0.0091 | Val Max Gen Viol: 0.0000 | Val Max Thermal: 0.0000
Epoch 4870 | Val Loss: 1.1942 | Val Cost: 2127.54 | Val Max P-Miss: 0.0376 | Val Max Q-Miss: 0.0132 | Val Max Gen Viol: 0.0000 | Val Max Thermal: 0.0000
Epoch 4880 | Val Loss: 1.1302 | Val Cost: 2163.90 | Val Max P-Miss: 0.0227 | Val Max Q-Miss: 0.0150 | Val Max Gen Viol: 0.0000 | Val Max Thermal: 0.0000
Epoch 4890 | Val Loss: 1.0958 | Val Cost: 2143.87 | Val Max P-Miss: 0.0210 | Val Max Q-Miss: 0.0118 | Val Max Gen Viol: 0.0000 | Val Max Thermal: 0.0000
Epoch 4900 | Val Loss: 1.0944 | Val Cost: 2142.96 | Val Max P-Miss: 0.0179 | Val Max Q-Miss: 0.0121 | Val Max Gen Viol: 0.0000 | Val Max Thermal: 0.0000
Epoch 4910 | Val Loss: 1.0939 | Val Cost: 2143.05 | Val Max P-Miss: 0.0208 | Val Max Q-Miss: 0.0102 | Val Max Gen Viol: 0.0000 | Val Max Thermal: 0.0000
Epoch 4920 | Val Loss: 1.0879 | Val Cost: 2143.51 | Val Max P-Miss: 0.0172 | Val Max Q-Miss: 0.0096 | Val Max Gen Viol: 0.0000 | Val Max Thermal: 0.0000
Epoch 4930 | Val Loss: 1.0903 | Val Cost: 2140.81 | Val Max P-Miss: 0.0173 | Val Max Q-Miss: 0.0096 | Val Max Gen Viol: 0.0000 | Val Max Thermal: 0.0000
Epoch 4940 | Val Loss: 1.0950 | Val Cost: 2142.06 | Val Max P-Miss: 0.0178 | Val Max Q-Miss: 0.0107 | Val Max Gen Viol: 0.0000 | Val Max Thermal: 0.0000
Epoch 4950 | Val Loss: 1.0982 | Val Cost: 2141.98 | Val Max P-Miss: 0.0186 | Val Max Q-Miss: 0.0103 | Val Max Gen Viol: 0.0000 | Val Max Thermal: 0.0000
Epoch 4960 | Val Loss: 1.0933 | Val Cost: 2142.42 | Val Max P-Miss: 0.0184 | Val Max Q-Miss: 0.0095 | Val Max Gen Viol: 0.0000 | Val Max Thermal: 0.0000
Epoch 4970 | Val Loss: 1.0929 | Val Cost: 2142.69 | Val Max P-Miss: 0.0169 | Val Max Q-Miss: 0.0087 | Val Max Gen Viol: 0.0000 | Val Max Thermal: 0.0000
Epoch 4980 | Val Loss: 1.0969 | Val Cost: 2143.20 | Val Max P-Miss: 0.0185 | Val Max Q-Miss: 0.0090 | Val Max Gen Viol: 0.0000 | Val Max Thermal: 0.0000
Epoch 4990 | Val Loss: 1.0930 | Val Cost: 2141.89 | Val Max P-Miss: 0.0166 | Val Max Q-Miss: 0.0088 | Val Max Gen Viol: 0.0000 | Val Max Thermal: 0.0000
Epoch 5000 | Val Loss: 1.0921 | Val Cost: 2143.15 | Val Max P-Miss: 0.0174 | Val Max Q-Miss: 0.0093 | Val Max Gen Viol: 0.0000 | Val Max Thermal: 0.0000
Epoch 5010 | Val Loss: 1.0941 | Val Cost: 2142.80 | Val Max P-Miss: 0.0181 | Val Max Q-Miss: 0.0093 | Val Max Gen Viol: 0.0000 | Val Max Thermal: 0.0000
Epoch 5020 | Val Loss: 1.0928 | Val Cost: 2142.84 | Val Max P-Miss: 0.0182 | Val Max Q-Miss: 0.0093 | Val Max Gen Viol: 0.0000 | Val Max Thermal: 0.0000
Epoch 5030 | Val Loss: 1.0875 | Val Cost: 2145.49 | Val Max P-Miss: 0.0189 | Val Max Q-Miss: 0.0095 | Val Max Gen Viol: 0.0000 | Val Max Thermal: 0.0000
Epoch 5040 | Val Loss: 1.1011 | Val Cost: 2137.12 | Val Max P-Miss: 0.0178 | Val Max Q-Miss: 0.0109 | Val Max Gen Viol: 0.0000 | Val Max Thermal: 0.0000
Epoch 5050 | Val Loss: 1.1043 | Val Cost: 2145.85 | Val Max P-Miss: 0.0156 | Val Max Q-Miss: 0.0083 | Val Max Gen Viol: 0.0000 | Val Max Thermal: 0.0000
Epoch 5060 | Val Loss: 1.0969 | Val Cost: 2146.42 | Val Max P-Miss: 0.0155 | Val Max Q-Miss: 0.0077 | Val Max Gen Viol: 0.0000 | Val Max Thermal: 0.0000
Epoch 5070 | Val Loss: 1.0999 | Val Cost: 2143.72 | Val Max P-Miss: 0.0129 | Val Max Q-Miss: 0.0084 | Val Max Gen Viol: 0.0000 | Val Max Thermal: 0.0000
Epoch 5080 | Val Loss: 1.1083 | Val Cost: 2136.80 | Val Max P-Miss: 0.0190 | Val Max Q-Miss: 0.0242 | Val Max Gen Viol: 0.0000 | Val Max Thermal: 0.0000
Epoch 5090 | Val Loss: 1.0929 | Val Cost: 2143.29 | Val Max P-Miss: 0.0190 | Val Max Q-Miss: 0.0160 | Val Max Gen Viol: 0.0000 | Val Max Thermal: 0.0000
Epoch 5100 | Val Loss: 1.0907 | Val Cost: 2143.11 | Val Max P-Miss: 0.0186 | Val Max Q-Miss: 0.0120 | Val Max Gen Viol: 0.0000 | Val Max Thermal: 0.0000
Epoch 5110 | Val Loss: 1.0900 | Val Cost: 2141.91 | Val Max P-Miss: 0.0165 | Val Max Q-Miss: 0.0101 | Val Max Gen Viol: 0.0000 | Val Max Thermal: 0.0000
Epoch 5120 | Val Loss: 1.0984 | Val Cost: 2145.62 | Val Max P-Miss: 0.0162 | Val Max Q-Miss: 0.0095 | Val Max Gen Viol: 0.0000 | Val Max Thermal: 0.0000
Epoch 5130 | Val Loss: 1.0890 | Val Cost: 2145.33 | Val Max P-Miss: 0.0151 | Val Max Q-Miss: 0.0088 | Val Max Gen Viol: 0.0000 | Val Max Thermal: 0.0000
Epoch 5140 | Val Loss: 1.0919 | Val Cost: 2145.01 | Val Max P-Miss: 0.0163 | Val Max Q-Miss: 0.0083 | Val Max Gen Viol: 0.0000 | Val Max Thermal: 0.0000
Epoch 5150 | Val Loss: 1.0862 | Val Cost: 2145.60 | Val Max P-Miss: 0.0158 | Val Max Q-Miss: 0.0082 | Val Max Gen Viol: 0.0000 | Val Max Thermal: 0.0000 [*SAVED BEST*]
Epoch 5160 | Val Loss: 1.0894 | Val Cost: 2145.31 | Val Max P-Miss: 0.0157 | Val Max Q-Miss: 0.0083 | Val Max Gen Viol: 0.0000 | Val Max Thermal: 0.0000
Epoch 5170 | Val Loss: 1.0901 | Val Cost: 2144.68 | Val Max P-Miss: 0.0153 | Val Max Q-Miss: 0.0084 | Val Max Gen Viol: 0.0000 | Val Max Thermal: 0.0000
Epoch 5180 | Val Loss: 1.0939 | Val Cost: 2142.89 | Val Max P-Miss: 0.0141 | Val Max Q-Miss: 0.0092 | Val Max Gen Viol: 0.0000 | Val Max Thermal: 0.0000
Epoch 5190 | Val Loss: 1.1190 | Val Cost: 2131.71 | Val Max P-Miss: 0.0196 | Val Max Q-Miss: 0.0124 | Val Max Gen Viol: 0.0000 | Val Max Thermal: 0.0000
Epoch 5200 | Val Loss: 1.0982 | Val Cost: 2138.56 | Val Max P-Miss: 0.0177 | Val Max Q-Miss: 0.0126 | Val Max Gen Viol: 0.0000 | Val Max Thermal: 0.0000
Epoch 5210 | Val Loss: 1.0975 | Val Cost: 2142.00 | Val Max P-Miss: 0.0190 | Val Max Q-Miss: 0.0106 | Val Max Gen Viol: 0.0000 | Val Max Thermal: 0.0000
Epoch 5220 | Val Loss: 1.1181 | Val Cost: 2146.91 | Val Max P-Miss: 0.0218 | Val Max Q-Miss: 0.0166 | Val Max Gen Viol: 0.0000 | Val Max Thermal: 0.0000
Epoch 5230 | Val Loss: 1.0922 | Val Cost: 2143.72 | Val Max P-Miss: 0.0171 | Val Max Q-Miss: 0.0119 | Val Max Gen Viol: 0.0000 | Val Max Thermal: 0.0000
Epoch 5240 | Val Loss: 1.0904 | Val Cost: 2142.78 | Val Max P-Miss: 0.0166 | Val Max Q-Miss: 0.0107 | Val Max Gen Viol: 0.0000 | Val Max Thermal: 0.0000
Epoch 5250 | Val Loss: 1.0941 | Val Cost: 2143.05 | Val Max P-Miss: 0.0177 | Val Max Q-Miss: 0.0102 | Val Max Gen Viol: 0.0000 | Val Max Thermal: 0.0000
Epoch 5260 | Val Loss: 1.0898 | Val Cost: 2142.64 | Val Max P-Miss: 0.0168 | Val Max Q-Miss: 0.0099 | Val Max Gen Viol: 0.0000 | Val Max Thermal: 0.0000
Epoch 5270 | Val Loss: 1.0902 | Val Cost: 2142.92 | Val Max P-Miss: 0.0178 | Val Max Q-Miss: 0.0098 | Val Max Gen Viol: 0.0000 | Val Max Thermal: 0.0000
Epoch 5280 | Val Loss: 1.0912 | Val Cost: 2142.65 | Val Max P-Miss: 0.0187 | Val Max Q-Miss: 0.0096 | Val Max Gen Viol: 0.0000 | Val Max Thermal: 0.0000
Epoch 5290 | Val Loss: 1.0898 | Val Cost: 2143.43 | Val Max P-Miss: 0.0185 | Val Max Q-Miss: 0.0092 | Val Max Gen Viol: 0.0000 | Val Max Thermal: 0.0000
Epoch 5300 | Val Loss: 1.0902 | Val Cost: 2143.62 | Val Max P-Miss: 0.0196 | Val Max Q-Miss: 0.0088 | Val Max Gen Viol: 0.0000 | Val Max Thermal: 0.0000
Epoch 5310 | Val Loss: 1.0907 | Val Cost: 2143.21 | Val Max P-Miss: 0.0182 | Val Max Q-Miss: 0.0089 | Val Max Gen Viol: 0.0000 | Val Max Thermal: 0.0000
Epoch 5320 | Val Loss: 1.0891 | Val Cost: 2143.39 | Val Max P-Miss: 0.0157 | Val Max Q-Miss: 0.0094 | Val Max Gen Viol: 0.0000 | Val Max Thermal: 0.0000
Epoch 5330 | Val Loss: 1.0897 | Val Cost: 2142.81 | Val Max P-Miss: 0.0153 | Val Max Q-Miss: 0.0096 | Val Max Gen Viol: 0.0000 | Val Max Thermal: 0.0000
Epoch 5340 | Val Loss: 1.0906 | Val Cost: 2143.11 | Val Max P-Miss: 0.0159 | Val Max Q-Miss: 0.0097 | Val Max Gen Viol: 0.0000 | Val Max Thermal: 0.0000
Epoch 5350 | Val Loss: 1.0914 | Val Cost: 2143.34 | Val Max P-Miss: 0.0170 | Val Max Q-Miss: 0.0097 | Val Max Gen Viol: 0.0000 | Val Max Thermal: 0.0000
Epoch 5360 | Val Loss: 1.0890 | Val Cost: 2143.44 | Val Max P-Miss: 0.0161 | Val Max Q-Miss: 0.0095 | Val Max Gen Viol: 0.0000 | Val Max Thermal: 0.0000
Epoch 5370 | Val Loss: 1.0851 | Val Cost: 2144.72 | Val Max P-Miss: 0.0157 | Val Max Q-Miss: 0.0099 | Val Max Gen Viol: 0.0000 | Val Max Thermal: 0.0000 [*SAVED BEST*]
Epoch 5380 | Val Loss: 1.1019 | Val Cost: 2140.83 | Val Max P-Miss: 0.0204 | Val Max Q-Miss: 0.0110 | Val Max Gen Viol: 0.0000 | Val Max Thermal: 0.0000
Epoch 5390 | Val Loss: 1.0937 | Val Cost: 2141.94 | Val Max P-Miss: 0.0200 | Val Max Q-Miss: 0.0085 | Val Max Gen Viol: 0.0000 | Val Max Thermal: 0.0000
Epoch 5400 | Val Loss: 1.1215 | Val Cost: 2144.11 | Val Max P-Miss: 0.0242 | Val Max Q-Miss: 0.0087 | Val Max Gen Viol: 0.0000 | Val Max Thermal: 0.0000
Epoch 5410 | Val Loss: 1.1363 | Val Cost: 2123.83 | Val Max P-Miss: 0.0449 | Val Max Q-Miss: 0.0217 | Val Max Gen Viol: 0.0000 | Val Max Thermal: 0.0000
Epoch 5420 | Val Loss: 1.0981 | Val Cost: 2143.59 | Val Max P-Miss: 0.0174 | Val Max Q-Miss: 0.0167 | Val Max Gen Viol: 0.0000 | Val Max Thermal: 0.0000
Epoch 5430 | Val Loss: 1.0978 | Val Cost: 2141.70 | Val Max P-Miss: 0.0185 | Val Max Q-Miss: 0.0143 | Val Max Gen Viol: 0.0000 | Val Max Thermal: 0.0000
Epoch 5440 | Val Loss: 1.0948 | Val Cost: 2141.96 | Val Max P-Miss: 0.0167 | Val Max Q-Miss: 0.0122 | Val Max Gen Viol: 0.0000 | Val Max Thermal: 0.0000
Epoch 5450 | Val Loss: 1.0913 | Val Cost: 2143.56 | Val Max P-Miss: 0.0165 | Val Max Q-Miss: 0.0119 | Val Max Gen Viol: 0.0000 | Val Max Thermal: 0.0000
Epoch 5460 | Val Loss: 1.1363 | Val Cost: 2139.28 | Val Max P-Miss: 0.0331 | Val Max Q-Miss: 0.0102 | Val Max Gen Viol: 0.0000 | Val Max Thermal: 0.0000
Epoch 5470 | Val Loss: 1.0950 | Val Cost: 2149.15 | Val Max P-Miss: 0.0180 | Val Max Q-Miss: 0.0143 | Val Max Gen Viol: 0.0000 | Val Max Thermal: 0.0000
Epoch 5480 | Val Loss: 1.0955 | Val Cost: 2142.69 | Val Max P-Miss: 0.0198 | Val Max Q-Miss: 0.0102 | Val Max Gen Viol: 0.0000 | Val Max Thermal: 0.0000
Epoch 5490 | Val Loss: 1.0933 | Val Cost: 2142.39 | Val Max P-Miss: 0.0190 | Val Max Q-Miss: 0.0096 | Val Max Gen Viol: 0.0000 | Val Max Thermal: 0.0000
Epoch 5500 | Val Loss: 1.0919 | Val Cost: 2143.00 | Val Max P-Miss: 0.0176 | Val Max Q-Miss: 0.0093 | Val Max Gen Viol: 0.0000 | Val Max Thermal: 0.0000
Epoch 5510 | Val Loss: 1.0909 | Val Cost: 2142.79 | Val Max P-Miss: 0.0178 | Val Max Q-Miss: 0.0092 | Val Max Gen Viol: 0.0000 | Val Max Thermal: 0.0000
Epoch 5520 | Val Loss: 1.0915 | Val Cost: 2142.03 | Val Max P-Miss: 0.0183 | Val Max Q-Miss: 0.0090 | Val Max Gen Viol: 0.0000 | Val Max Thermal: 0.0000
Epoch 5530 | Val Loss: 1.0929 | Val Cost: 2142.35 | Val Max P-Miss: 0.0174 | Val Max Q-Miss: 0.0092 | Val Max Gen Viol: 0.0000 | Val Max Thermal: 0.0000
Epoch 5540 | Val Loss: 1.0959 | Val Cost: 2141.94 | Val Max P-Miss: 0.0187 | Val Max Q-Miss: 0.0093 | Val Max Gen Viol: 0.0000 | Val Max Thermal: 0.0000
Epoch 5550 | Val Loss: 1.0906 | Val Cost: 2142.75 | Val Max P-Miss: 0.0171 | Val Max Q-Miss: 0.0092 | Val Max Gen Viol: 0.0000 | Val Max Thermal: 0.0000
Epoch 5560 | Val Loss: 1.0951 | Val Cost: 2146.34 | Val Max P-Miss: 0.0175 | Val Max Q-Miss: 0.0090 | Val Max Gen Viol: 0.0000 | Val Max Thermal: 0.0000
Epoch 5570 | Val Loss: 1.0983 | Val Cost: 2140.69 | Val Max P-Miss: 0.0192 | Val Max Q-Miss: 0.0113 | Val Max Gen Viol: 0.0000 | Val Max Thermal: 0.0000
Epoch 5580 | Val Loss: 1.1245 | Val Cost: 2139.16 | Val Max P-Miss: 0.0187 | Val Max Q-Miss: 0.0176 | Val Max Gen Viol: 0.0000 | Val Max Thermal: 0.0000
Epoch 5590 | Val Loss: 1.0926 | Val Cost: 2143.71 | Val Max P-Miss: 0.0157 | Val Max Q-Miss: 0.0121 | Val Max Gen Viol: 0.0000 | Val Max Thermal: 0.0000
Epoch 5600 | Val Loss: 1.0925 | Val Cost: 2143.19 | Val Max P-Miss: 0.0194 | Val Max Q-Miss: 0.0102 | Val Max Gen Viol: 0.0000 | Val Max Thermal: 0.0000
Epoch 5610 | Val Loss: 1.0892 | Val Cost: 2143.58 | Val Max P-Miss: 0.0189 | Val Max Q-Miss: 0.0096 | Val Max Gen Viol: 0.0000 | Val Max Thermal: 0.0000
Epoch 5620 | Val Loss: 1.0928 | Val Cost: 2139.28 | Val Max P-Miss: 0.0180 | Val Max Q-Miss: 0.0096 | Val Max Gen Viol: 0.0000 | Val Max Thermal: 0.0000
Epoch 5630 | Val Loss: 1.1158 | Val Cost: 2130.72 | Val Max P-Miss: 0.0282 | Val Max Q-Miss: 0.0146 | Val Max Gen Viol: 0.0000 | Val Max Thermal: 0.0000
Epoch 5640 | Val Loss: 1.0922 | Val Cost: 2141.41 | Val Max P-Miss: 0.0178 | Val Max Q-Miss: 0.0102 | Val Max Gen Viol: 0.0000 | Val Max Thermal: 0.0000
Epoch 5650 | Val Loss: 1.0982 | Val Cost: 2142.19 | Val Max P-Miss: 0.0203 | Val Max Q-Miss: 0.0091 | Val Max Gen Viol: 0.0000 | Val Max Thermal: 0.0000
Epoch 5660 | Val Loss: 1.0919 | Val Cost: 2142.17 | Val Max P-Miss: 0.0181 | Val Max Q-Miss: 0.0090 | Val Max Gen Viol: 0.0000 | Val Max Thermal: 0.0000
Epoch 5670 | Val Loss: 1.0914 | Val Cost: 2142.37 | Val Max P-Miss: 0.0179 | Val Max Q-Miss: 0.0083 | Val Max Gen Viol: 0.0000 | Val Max Thermal: 0.0000
Epoch 5680 | Val Loss: 1.0955 | Val Cost: 2142.93 | Val Max P-Miss: 0.0180 | Val Max Q-Miss: 0.0082 | Val Max Gen Viol: 0.0000 | Val Max Thermal: 0.0000
Epoch 5690 | Val Loss: 1.0918 | Val Cost: 2142.61 | Val Max P-Miss: 0.0169 | Val Max Q-Miss: 0.0083 | Val Max Gen Viol: 0.0000 | Val Max Thermal: 0.0000
Epoch 5700 | Val Loss: 1.0931 | Val Cost: 2142.18 | Val Max P-Miss: 0.0175 | Val Max Q-Miss: 0.0087 | Val Max Gen Viol: 0.0000 | Val Max Thermal: 0.0000
Epoch 5710 | Val Loss: 1.0895 | Val Cost: 2143.14 | Val Max P-Miss: 0.0166 | Val Max Q-Miss: 0.0089 | Val Max Gen Viol: 0.0000 | Val Max Thermal: 0.0000
Epoch 5720 | Val Loss: 1.0956 | Val Cost: 2138.68 | Val Max P-Miss: 0.0178 | Val Max Q-Miss: 0.0143 | Val Max Gen Viol: 0.0000 | Val Max Thermal: 0.0000
Epoch 5730 | Val Loss: 1.0972 | Val Cost: 2143.64 | Val Max P-Miss: 0.0124 | Val Max Q-Miss: 0.0089 | Val Max Gen Viol: 0.0000 | Val Max Thermal: 0.0000
Epoch 5740 | Val Loss: 1.1024 | Val Cost: 2143.01 | Val Max P-Miss: 0.0144 | Val Max Q-Miss: 0.0080 | Val Max Gen Viol: 0.0000 | Val Max Thermal: 0.0000
Epoch 5750 | Val Loss: 1.0992 | Val Cost: 2144.91 | Val Max P-Miss: 0.0139 | Val Max Q-Miss: 0.0074 | Val Max Gen Viol: 0.0000 | Val Max Thermal: 0.0000
Epoch 5760 | Val Loss: 1.0957 | Val Cost: 2145.32 | Val Max P-Miss: 0.0143 | Val Max Q-Miss: 0.0074 | Val Max Gen Viol: 0.0000 | Val Max Thermal: 0.0000
Epoch 5770 | Val Loss: 1.0925 | Val Cost: 2145.44 | Val Max P-Miss: 0.0145 | Val Max Q-Miss: 0.0077 | Val Max Gen Viol: 0.0000 | Val Max Thermal: 0.0000
Epoch 5780 | Val Loss: 1.0947 | Val Cost: 2144.68 | Val Max P-Miss: 0.0124 | Val Max Q-Miss: 0.0086 | Val Max Gen Viol: 0.0000 | Val Max Thermal: 0.0000
Epoch 5790 | Val Loss: 1.0964 | Val Cost: 2142.77 | Val Max P-Miss: 0.0192 | Val Max Q-Miss: 0.0141 | Val Max Gen Viol: 0.0000 | Val Max Thermal: 0.0000
Epoch 5800 | Val Loss: 1.0952 | Val Cost: 2143.77 | Val Max P-Miss: 0.0209 | Val Max Q-Miss: 0.0111 | Val Max Gen Viol: 0.0000 | Val Max Thermal: 0.0000
Epoch 5810 | Val Loss: 1.0938 | Val Cost: 2143.48 | Val Max P-Miss: 0.0228 | Val Max Q-Miss: 0.0102 | Val Max Gen Viol: 0.0000 | Val Max Thermal: 0.0000
Epoch 5820 | Val Loss: 1.0894 | Val Cost: 2144.15 | Val Max P-Miss: 0.0192 | Val Max Q-Miss: 0.0084 | Val Max Gen Viol: 0.0000 | Val Max Thermal: 0.0000
Epoch 5830 | Val Loss: 1.0914 | Val Cost: 2144.91 | Val Max P-Miss: 0.0130 | Val Max Q-Miss: 0.0111 | Val Max Gen Viol: 0.0000 | Val Max Thermal: 0.0000
Epoch 5840 | Val Loss: 1.0873 | Val Cost: 2144.92 | Val Max P-Miss: 0.0143 | Val Max Q-Miss: 0.0087 | Val Max Gen Viol: 0.0000 | Val Max Thermal: 0.0000
Epoch 5850 | Val Loss: 1.0884 | Val Cost: 2146.46 | Val Max P-Miss: 0.0147 | Val Max Q-Miss: 0.0085 | Val Max Gen Viol: 0.0000 | Val Max Thermal: 0.0000
Epoch 5860 | Val Loss: 1.0856 | Val Cost: 2144.40 | Val Max P-Miss: 0.0144 | Val Max Q-Miss: 0.0082 | Val Max Gen Viol: 0.0000 | Val Max Thermal: 0.0000
Epoch 5870 | Val Loss: 1.0879 | Val Cost: 2145.49 | Val Max P-Miss: 0.0148 | Val Max Q-Miss: 0.0083 | Val Max Gen Viol: 0.0000 | Val Max Thermal: 0.0000
Epoch 5880 | Val Loss: 1.0870 | Val Cost: 2143.68 | Val Max P-Miss: 0.0138 | Val Max Q-Miss: 0.0081 | Val Max Gen Viol: 0.0000 | Val Max Thermal: 0.0000
Epoch 5890 | Val Loss: 1.0884 | Val Cost: 2144.50 | Val Max P-Miss: 0.0131 | Val Max Q-Miss: 0.0081 | Val Max Gen Viol: 0.0000 | Val Max Thermal: 0.0000
Epoch 5900 | Val Loss: 1.0902 | Val Cost: 2143.49 | Val Max P-Miss: 0.0133 | Val Max Q-Miss: 0.0087 | Val Max Gen Viol: 0.0000 | Val Max Thermal: 0.0000
Epoch 5910 | Val Loss: 1.0940 | Val Cost: 2142.23 | Val Max P-Miss: 0.0137 | Val Max Q-Miss: 0.0098 | Val Max Gen Viol: 0.0000 | Val Max Thermal: 0.0000
Epoch 5920 | Val Loss: 1.1215 | Val Cost: 2125.01 | Val Max P-Miss: 0.0266 | Val Max Q-Miss: 0.0143 | Val Max Gen Viol: 0.0000 | Val Max Thermal: 0.0000
Epoch 5930 | Val Loss: 1.1089 | Val Cost: 2157.46 | Val Max P-Miss: 0.0162 | Val Max Q-Miss: 0.0124 | Val Max Gen Viol: 0.0000 | Val Max Thermal: 0.0000
Epoch 5940 | Val Loss: 1.0923 | Val Cost: 2147.88 | Val Max P-Miss: 0.0159 | Val Max Q-Miss: 0.0143 | Val Max Gen Viol: 0.0000 | Val Max Thermal: 0.0000
Epoch 5950 | Val Loss: 1.0913 | Val Cost: 2143.23 | Val Max P-Miss: 0.0148 | Val Max Q-Miss: 0.0112 | Val Max Gen Viol: 0.0000 | Val Max Thermal: 0.0000
Epoch 5960 | Val Loss: 1.0923 | Val Cost: 2142.87 | Val Max P-Miss: 0.0156 | Val Max Q-Miss: 0.0102 | Val Max Gen Viol: 0.0000 | Val Max Thermal: 0.0000
Epoch 5970 | Val Loss: 1.0919 | Val Cost: 2142.80 | Val Max P-Miss: 0.0165 | Val Max Q-Miss: 0.0099 | Val Max Gen Viol: 0.0000 | Val Max Thermal: 0.0000
Epoch 5980 | Val Loss: 1.0896 | Val Cost: 2143.09 | Val Max P-Miss: 0.0146 | Val Max Q-Miss: 0.0099 | Val Max Gen Viol: 0.0000 | Val Max Thermal: 0.0000
Epoch 5990 | Val Loss: 1.0889 | Val Cost: 2142.49 | Val Max P-Miss: 0.0137 | Val Max Q-Miss: 0.0099 | Val Max Gen Viol: 0.0000 | Val Max Thermal: 0.0000
Epoch 6000 | Val Loss: 1.0897 | Val Cost: 2142.18 | Val Max P-Miss: 0.0141 | Val Max Q-Miss: 0.0099 | Val Max Gen Viol: 0.0000 | Val Max Thermal: 0.0000
Epoch 6010 | Val Loss: 1.0905 | Val Cost: 2142.76 | Val Max P-Miss: 0.0150 | Val Max Q-Miss: 0.0097 | Val Max Gen Viol: 0.0000 | Val Max Thermal: 0.0000
Epoch 6020 | Val Loss: 1.0929 | Val Cost: 2142.74 | Val Max P-Miss: 0.0165 | Val Max Q-Miss: 0.0093 | Val Max Gen Viol: 0.0000 | Val Max Thermal: 0.0000
Epoch 6030 | Val Loss: 1.0904 | Val Cost: 2143.49 | Val Max P-Miss: 0.0159 | Val Max Q-Miss: 0.0091 | Val Max Gen Viol: 0.0000 | Val Max Thermal: 0.0000
Epoch 6040 | Val Loss: 1.0914 | Val Cost: 2142.06 | Val Max P-Miss: 0.0165 | Val Max Q-Miss: 0.0083 | Val Max Gen Viol: 0.0000 | Val Max Thermal: 0.0000
Epoch 6050 | Val Loss: 1.0956 | Val Cost: 2137.06 | Val Max P-Miss: 0.0179 | Val Max Q-Miss: 0.0081 | Val Max Gen Viol: 0.0000 | Val Max Thermal: 0.0000
Epoch 6060 | Val Loss: 1.0879 | Val Cost: 2142.49 | Val Max P-Miss: 0.0148 | Val Max Q-Miss: 0.0080 | Val Max Gen Viol: 0.0000 | Val Max Thermal: 0.0000
Epoch 6070 | Val Loss: 1.0878 | Val Cost: 2142.83 | Val Max P-Miss: 0.0146 | Val Max Q-Miss: 0.0077 | Val Max Gen Viol: 0.0000 | Val Max Thermal: 0.0000
Epoch 6080 | Val Loss: 1.0881 | Val Cost: 2142.77 | Val Max P-Miss: 0.0153 | Val Max Q-Miss: 0.0073 | Val Max Gen Viol: 0.0000 | Val Max Thermal: 0.0000
Epoch 6090 | Val Loss: 1.0875 | Val Cost: 2142.84 | Val Max P-Miss: 0.0144 | Val Max Q-Miss: 0.0074 | Val Max Gen Viol: 0.0000 | Val Max Thermal: 0.0000
Epoch 6100 | Val Loss: 1.0884 | Val Cost: 2143.12 | Val Max P-Miss: 0.0150 | Val Max Q-Miss: 0.0074 | Val Max Gen Viol: 0.0000 | Val Max Thermal: 0.0000
Epoch 6110 | Val Loss: 1.1099 | Val Cost: 2135.29 | Val Max P-Miss: 0.0241 | Val Max Q-Miss: 0.0167 | Val Max Gen Viol: 0.0000 | Val Max Thermal: 0.0000
Epoch 6120 | Val Loss: 1.0960 | Val Cost: 2141.98 | Val Max P-Miss: 0.0176 | Val Max Q-Miss: 0.0115 | Val Max Gen Viol: 0.0000 | Val Max Thermal: 0.0000
Epoch 6130 | Val Loss: 1.0923 | Val Cost: 2141.28 | Val Max P-Miss: 0.0158 | Val Max Q-Miss: 0.0106 | Val Max Gen Viol: 0.0000 | Val Max Thermal: 0.0000
Epoch 6140 | Val Loss: 1.1004 | Val Cost: 2144.96 | Val Max P-Miss: 0.0240 | Val Max Q-Miss: 0.0091 | Val Max Gen Viol: 0.0000 | Val Max Thermal: 0.0000
Epoch 6150 | Val Loss: 1.0936 | Val Cost: 2143.59 | Val Max P-Miss: 0.0194 | Val Max Q-Miss: 0.0085 | Val Max Gen Viol: 0.0000 | Val Max Thermal: 0.0000
Epoch 6160 | Val Loss: 1.1001 | Val Cost: 2135.87 | Val Max P-Miss: 0.0198 | Val Max Q-Miss: 0.0088 | Val Max Gen Viol: 0.0000 | Val Max Thermal: 0.0000
Epoch 6170 | Val Loss: 1.1002 | Val Cost: 2138.22 | Val Max P-Miss: 0.0168 | Val Max Q-Miss: 0.0118 | Val Max Gen Viol: 0.0000 | Val Max Thermal: 0.0000
Epoch 6180 | Val Loss: 1.0904 | Val Cost: 2145.00 | Val Max P-Miss: 0.0126 | Val Max Q-Miss: 0.0095 | Val Max Gen Viol: 0.0000 | Val Max Thermal: 0.0000
Epoch 6190 | Val Loss: 1.0860 | Val Cost: 2144.19 | Val Max P-Miss: 0.0113 | Val Max Q-Miss: 0.0091 | Val Max Gen Viol: 0.0000 | Val Max Thermal: 0.0000
Epoch 6200 | Val Loss: 1.0883 | Val Cost: 2145.16 | Val Max P-Miss: 0.0117 | Val Max Q-Miss: 0.0089 | Val Max Gen Viol: 0.0000 | Val Max Thermal: 0.0000
Epoch 6210 | Val Loss: 1.0889 | Val Cost: 2144.16 | Val Max P-Miss: 0.0118 | Val Max Q-Miss: 0.0092 | Val Max Gen Viol: 0.0000 | Val Max Thermal: 0.0000
Epoch 6220 | Val Loss: 1.0898 | Val Cost: 2143.27 | Val Max P-Miss: 0.0118 | Val Max Q-Miss: 0.0094 | Val Max Gen Viol: 0.0000 | Val Max Thermal: 0.0000
Epoch 6230 | Val Loss: 1.0921 | Val Cost: 2143.02 | Val Max P-Miss: 0.0130 | Val Max Q-Miss: 0.0096 | Val Max Gen Viol: 0.0000 | Val Max Thermal: 0.0000
Epoch 6240 | Val Loss: 1.0903 | Val Cost: 2144.08 | Val Max P-Miss: 0.0146 | Val Max Q-Miss: 0.0088 | Val Max Gen Viol: 0.0000 | Val Max Thermal: 0.0000
Epoch 6250 | Val Loss: 1.0883 | Val Cost: 2145.41 | Val Max P-Miss: 0.0162 | Val Max Q-Miss: 0.0084 | Val Max Gen Viol: 0.0000 | Val Max Thermal: 0.0000
Epoch 6260 | Val Loss: 1.0915 | Val Cost: 2146.88 | Val Max P-Miss: 0.0199 | Val Max Q-Miss: 0.0085 | Val Max Gen Viol: 0.0000 | Val Max Thermal: 0.0000
Epoch 6270 | Val Loss: 1.0966 | Val Cost: 2145.49 | Val Max P-Miss: 0.0190 | Val Max Q-Miss: 0.0108 | Val Max Gen Viol: 0.0000 | Val Max Thermal: 0.0000
Epoch 6280 | Val Loss: 1.0920 | Val Cost: 2148.06 | Val Max P-Miss: 0.0191 | Val Max Q-Miss: 0.0084 | Val Max Gen Viol: 0.0000 | Val Max Thermal: 0.0000
Epoch 6290 | Val Loss: 1.1011 | Val Cost: 2150.10 | Val Max P-Miss: 0.0146 | Val Max Q-Miss: 0.0126 | Val Max Gen Viol: 0.0000 | Val Max Thermal: 0.0000
Epoch 6300 | Val Loss: 1.0950 | Val Cost: 2137.87 | Val Max P-Miss: 0.0203 | Val Max Q-Miss: 0.0134 | Val Max Gen Viol: 0.0000 | Val Max Thermal: 0.0000
Epoch 6310 | Val Loss: 1.1017 | Val Cost: 2142.25 | Val Max P-Miss: 0.0195 | Val Max Q-Miss: 0.0192 | Val Max Gen Viol: 0.0000 | Val Max Thermal: 0.0000
Epoch 6320 | Val Loss: 1.0963 | Val Cost: 2148.63 | Val Max P-Miss: 0.0126 | Val Max Q-Miss: 0.0169 | Val Max Gen Viol: 0.0000 | Val Max Thermal: 0.0000
Epoch 6330 | Val Loss: 1.0919 | Val Cost: 2145.06 | Val Max P-Miss: 0.0153 | Val Max Q-Miss: 0.0120 | Val Max Gen Viol: 0.0000 | Val Max Thermal: 0.0000
Epoch 6340 | Val Loss: 1.0898 | Val Cost: 2142.90 | Val Max P-Miss: 0.0171 | Val Max Q-Miss: 0.0113 | Val Max Gen Viol: 0.0000 | Val Max Thermal: 0.0000
Epoch 6350 | Val Loss: 1.0913 | Val Cost: 2142.75 | Val Max P-Miss: 0.0175 | Val Max Q-Miss: 0.0105 | Val Max Gen Viol: 0.0000 | Val Max Thermal: 0.0000
Epoch 6360 | Val Loss: 1.0900 | Val Cost: 2142.58 | Val Max P-Miss: 0.0169 | Val Max Q-Miss: 0.0099 | Val Max Gen Viol: 0.0000 | Val Max Thermal: 0.0000
Epoch 6370 | Val Loss: 1.0890 | Val Cost: 2142.71 | Val Max P-Miss: 0.0160 | Val Max Q-Miss: 0.0097 | Val Max Gen Viol: 0.0000 | Val Max Thermal: 0.0000
Epoch 6380 | Val Loss: 1.0880 | Val Cost: 2142.98 | Val Max P-Miss: 0.0157 | Val Max Q-Miss: 0.0091 | Val Max Gen Viol: 0.0000 | Val Max Thermal: 0.0000
Epoch 6390 | Val Loss: 1.0892 | Val Cost: 2143.14 | Val Max P-Miss: 0.0157 | Val Max Q-Miss: 0.0085 | Val Max Gen Viol: 0.0000 | Val Max Thermal: 0.0000
Epoch 6400 | Val Loss: 1.0892 | Val Cost: 2143.08 | Val Max P-Miss: 0.0157 | Val Max Q-Miss: 0.0085 | Val Max Gen Viol: 0.0000 | Val Max Thermal: 0.0000
Epoch 6410 | Val Loss: 1.0874 | Val Cost: 2143.07 | Val Max P-Miss: 0.0151 | Val Max Q-Miss: 0.0086 | Val Max Gen Viol: 0.0000 | Val Max Thermal: 0.0000
Epoch 6420 | Val Loss: 1.0874 | Val Cost: 2143.40 | Val Max P-Miss: 0.0150 | Val Max Q-Miss: 0.0089 | Val Max Gen Viol: 0.0000 | Val Max Thermal: 0.0000
Epoch 6430 | Val Loss: 1.0865 | Val Cost: 2142.98 | Val Max P-Miss: 0.0150 | Val Max Q-Miss: 0.0089 | Val Max Gen Viol: 0.0000 | Val Max Thermal: 0.0000
Epoch 6440 | Val Loss: 1.0871 | Val Cost: 2142.60 | Val Max P-Miss: 0.0155 | Val Max Q-Miss: 0.0090 | Val Max Gen Viol: 0.0000 | Val Max Thermal: 0.0000
Epoch 6450 | Val Loss: 1.0869 | Val Cost: 2142.65 | Val Max P-Miss: 0.0152 | Val Max Q-Miss: 0.0089 | Val Max Gen Viol: 0.0000 | Val Max Thermal: 0.0000
Epoch 6460 | Val Loss: 1.0877 | Val Cost: 2142.76 | Val Max P-Miss: 0.0150 | Val Max Q-Miss: 0.0089 | Val Max Gen Viol: 0.0000 | Val Max Thermal: 0.0000
Epoch 6470 | Val Loss: 1.0887 | Val Cost: 2142.69 | Val Max P-Miss: 0.0160 | Val Max Q-Miss: 0.0092 | Val Max Gen Viol: 0.0000 | Val Max Thermal: 0.0000
Epoch 6480 | Val Loss: 1.0866 | Val Cost: 2144.03 | Val Max P-Miss: 0.0143 | Val Max Q-Miss: 0.0092 | Val Max Gen Viol: 0.0000 | Val Max Thermal: 0.0000
Epoch 6490 | Val Loss: 1.0932 | Val Cost: 2148.79 | Val Max P-Miss: 0.0157 | Val Max Q-Miss: 0.0095 | Val Max Gen Viol: 0.0000 | Val Max Thermal: 0.0000
Epoch 6500 | Val Loss: 1.1312 | Val Cost: 2156.50 | Val Max P-Miss: 0.0196 | Val Max Q-Miss: 0.0144 | Val Max Gen Viol: 0.0000 | Val Max Thermal: 0.0000
Epoch 6510 | Val Loss: 1.0924 | Val Cost: 2145.22 | Val Max P-Miss: 0.0162 | Val Max Q-Miss: 0.0087 | Val Max Gen Viol: 0.0000 | Val Max Thermal: 0.0000
Epoch 6520 | Val Loss: 1.0899 | Val Cost: 2145.06 | Val Max P-Miss: 0.0112 | Val Max Q-Miss: 0.0084 | Val Max Gen Viol: 0.0000 | Val Max Thermal: 0.0000
Epoch 6530 | Val Loss: 1.0916 | Val Cost: 2146.19 | Val Max P-Miss: 0.0115 | Val Max Q-Miss: 0.0080 | Val Max Gen Viol: 0.0000 | Val Max Thermal: 0.0000
Epoch 6540 | Val Loss: 1.0898 | Val Cost: 2145.44 | Val Max P-Miss: 0.0105 | Val Max Q-Miss: 0.0080 | Val Max Gen Viol: 0.0000 | Val Max Thermal: 0.0000
Epoch 6550 | Val Loss: 1.0890 | Val Cost: 2145.30 | Val Max P-Miss: 0.0119 | Val Max Q-Miss: 0.0080 | Val Max Gen Viol: 0.0000 | Val Max Thermal: 0.0000
Epoch 6560 | Val Loss: 1.0909 | Val Cost: 2144.84 | Val Max P-Miss: 0.0143 | Val Max Q-Miss: 0.0081 | Val Max Gen Viol: 0.0000 | Val Max Thermal: 0.0000
Epoch 6570 | Val Loss: 1.0900 | Val Cost: 2145.45 | Val Max P-Miss: 0.0154 | Val Max Q-Miss: 0.0080 | Val Max Gen Viol: 0.0000 | Val Max Thermal: 0.0000
Epoch 6580 | Val Loss: 1.0915 | Val Cost: 2144.28 | Val Max P-Miss: 0.0137 | Val Max Q-Miss: 0.0086 | Val Max Gen Viol: 0.0000 | Val Max Thermal: 0.0000
Epoch 6590 | Val Loss: 1.1185 | Val Cost: 2135.70 | Val Max P-Miss: 0.0241 | Val Max Q-Miss: 0.0182 | Val Max Gen Viol: 0.0000 | Val Max Thermal: 0.0000
Epoch 6600 | Val Loss: 1.0953 | Val Cost: 2140.04 | Val Max P-Miss: 0.0176 | Val Max Q-Miss: 0.0128 | Val Max Gen Viol: 0.0000 | Val Max Thermal: 0.0000
Epoch 6610 | Val Loss: 1.0935 | Val Cost: 2142.19 | Val Max P-Miss: 0.0164 | Val Max Q-Miss: 0.0116 | Val Max Gen Viol: 0.0000 | Val Max Thermal: 0.0000
Epoch 6620 | Val Loss: 1.0892 | Val Cost: 2143.64 | Val Max P-Miss: 0.0143 | Val Max Q-Miss: 0.0110 | Val Max Gen Viol: 0.0000 | Val Max Thermal: 0.0000
Epoch 6630 | Val Loss: 1.0874 | Val Cost: 2144.77 | Val Max P-Miss: 0.0125 | Val Max Q-Miss: 0.0109 | Val Max Gen Viol: 0.0000 | Val Max Thermal: 0.0000
Epoch 6640 | Val Loss: 1.1141 | Val Cost: 2147.14 | Val Max P-Miss: 0.0263 | Val Max Q-Miss: 0.0160 | Val Max Gen Viol: 0.0000 | Val Max Thermal: 0.0000
Epoch 6650 | Val Loss: 1.0938 | Val Cost: 2144.12 | Val Max P-Miss: 0.0205 | Val Max Q-Miss: 0.0143 | Val Max Gen Viol: 0.0000 | Val Max Thermal: 0.0000
Epoch 6660 | Val Loss: 1.0882 | Val Cost: 2142.05 | Val Max P-Miss: 0.0177 | Val Max Q-Miss: 0.0125 | Val Max Gen Viol: 0.0000 | Val Max Thermal: 0.0000
Epoch 6670 | Val Loss: 1.0918 | Val Cost: 2138.10 | Val Max P-Miss: 0.0166 | Val Max Q-Miss: 0.0123 | Val Max Gen Viol: 0.0000 | Val Max Thermal: 0.0000
Epoch 6680 | Val Loss: 1.0993 | Val Cost: 2138.09 | Val Max P-Miss: 0.0164 | Val Max Q-Miss: 0.0136 | Val Max Gen Viol: 0.0000 | Val Max Thermal: 0.0000
Epoch 6690 | Val Loss: 1.0882 | Val Cost: 2144.82 | Val Max P-Miss: 0.0108 | Val Max Q-Miss: 0.0094 | Val Max Gen Viol: 0.0000 | Val Max Thermal: 0.0000
Epoch 6700 | Val Loss: 1.0855 | Val Cost: 2144.88 | Val Max P-Miss: 0.0105 | Val Max Q-Miss: 0.0095 | Val Max Gen Viol: 0.0000 | Val Max Thermal: 0.0000
Epoch 6710 | Val Loss: 1.0857 | Val Cost: 2144.75 | Val Max P-Miss: 0.0101 | Val Max Q-Miss: 0.0091 | Val Max Gen Viol: 0.0000 | Val Max Thermal: 0.0000
Epoch 6720 | Val Loss: 1.0867 | Val Cost: 2144.83 | Val Max P-Miss: 0.0101 | Val Max Q-Miss: 0.0087 | Val Max Gen Viol: 0.0000 | Val Max Thermal: 0.0000
Epoch 6730 | Val Loss: 1.0874 | Val Cost: 2145.08 | Val Max P-Miss: 0.0102 | Val Max Q-Miss: 0.0084 | Val Max Gen Viol: 0.0000 | Val Max Thermal: 0.0000
Epoch 6740 | Val Loss: 1.0871 | Val Cost: 2145.00 | Val Max P-Miss: 0.0097 | Val Max Q-Miss: 0.0082 | Val Max Gen Viol: 0.0000 | Val Max Thermal: 0.0000
Epoch 6750 | Val Loss: 1.0886 | Val Cost: 2144.67 | Val Max P-Miss: 0.0097 | Val Max Q-Miss: 0.0077 | Val Max Gen Viol: 0.0000 | Val Max Thermal: 0.0000
Epoch 6760 | Val Loss: 1.0965 | Val Cost: 2142.12 | Val Max P-Miss: 0.0128 | Val Max Q-Miss: 0.0084 | Val Max Gen Viol: 0.0000 | Val Max Thermal: 0.0000
Epoch 6770 | Val Loss: 1.0889 | Val Cost: 2147.34 | Val Max P-Miss: 0.0123 | Val Max Q-Miss: 0.0133 | Val Max Gen Viol: 0.0000 | Val Max Thermal: 0.0000
Epoch 6780 | Val Loss: 1.0907 | Val Cost: 2144.07 | Val Max P-Miss: 0.0123 | Val Max Q-Miss: 0.0094 | Val Max Gen Viol: 0.0000 | Val Max Thermal: 0.0000
Epoch 6790 | Val Loss: 1.0906 | Val Cost: 2145.42 | Val Max P-Miss: 0.0123 | Val Max Q-Miss: 0.0089 | Val Max Gen Viol: 0.0000 | Val Max Thermal: 0.0000
Epoch 6800 | Val Loss: 1.0913 | Val Cost: 2146.17 | Val Max P-Miss: 0.0112 | Val Max Q-Miss: 0.0094 | Val Max Gen Viol: 0.0000 | Val Max Thermal: 0.0000
Epoch 6810 | Val Loss: 1.1001 | Val Cost: 2142.98 | Val Max P-Miss: 0.0165 | Val Max Q-Miss: 0.0129 | Val Max Gen Viol: 0.0000 | Val Max Thermal: 0.0000
Epoch 6820 | Val Loss: 1.0928 | Val Cost: 2143.36 | Val Max P-Miss: 0.0159 | Val Max Q-Miss: 0.0098 | Val Max Gen Viol: 0.0000 | Val Max Thermal: 0.0000
Epoch 6830 | Val Loss: 1.0953 | Val Cost: 2144.72 | Val Max P-Miss: 0.0146 | Val Max Q-Miss: 0.0095 | Val Max Gen Viol: 0.0000 | Val Max Thermal: 0.0000
Epoch 6840 | Val Loss: 1.0888 | Val Cost: 2142.22 | Val Max P-Miss: 0.0160 | Val Max Q-Miss: 0.0103 | Val Max Gen Viol: 0.0000 | Val Max Thermal: 0.0000
Epoch 6850 | Val Loss: 1.0903 | Val Cost: 2142.82 | Val Max P-Miss: 0.0168 | Val Max Q-Miss: 0.0095 | Val Max Gen Viol: 0.0000 | Val Max Thermal: 0.0000
Epoch 6860 | Val Loss: 1.0929 | Val Cost: 2142.15 | Val Max P-Miss: 0.0178 | Val Max Q-Miss: 0.0093 | Val Max Gen Viol: 0.0000 | Val Max Thermal: 0.0000
Epoch 6870 | Val Loss: 1.0912 | Val Cost: 2142.51 | Val Max P-Miss: 0.0162 | Val Max Q-Miss: 0.0092 | Val Max Gen Viol: 0.0000 | Val Max Thermal: 0.0000
Epoch 6880 | Val Loss: 1.0877 | Val Cost: 2143.67 | Val Max P-Miss: 0.0148 | Val Max Q-Miss: 0.0093 | Val Max Gen Viol: 0.0000 | Val Max Thermal: 0.0000
Epoch 6890 | Val Loss: 1.0901 | Val Cost: 2142.55 | Val Max P-Miss: 0.0158 | Val Max Q-Miss: 0.0093 | Val Max Gen Viol: 0.0000 | Val Max Thermal: 0.0000
Epoch 6900 | Val Loss: 1.0876 | Val Cost: 2142.20 | Val Max P-Miss: 0.0154 | Val Max Q-Miss: 0.0092 | Val Max Gen Viol: 0.0000 | Val Max Thermal: 0.0000
Epoch 6910 | Val Loss: 1.0881 | Val Cost: 2142.39 | Val Max P-Miss: 0.0146 | Val Max Q-Miss: 0.0093 | Val Max Gen Viol: 0.0000 | Val Max Thermal: 0.0000
Epoch 6920 | Val Loss: 1.0877 | Val Cost: 2142.69 | Val Max P-Miss: 0.0147 | Val Max Q-Miss: 0.0095 | Val Max Gen Viol: 0.0000 | Val Max Thermal: 0.0000
Epoch 6930 | Val Loss: 1.0867 | Val Cost: 2143.05 | Val Max P-Miss: 0.0138 | Val Max Q-Miss: 0.0097 | Val Max Gen Viol: 0.0000 | Val Max Thermal: 0.0000
Epoch 6940 | Val Loss: 1.0855 | Val Cost: 2144.66 | Val Max P-Miss: 0.0131 | Val Max Q-Miss: 0.0098 | Val Max Gen Viol: 0.0000 | Val Max Thermal: 0.0000
Epoch 6950 | Val Loss: 1.0877 | Val Cost: 2143.86 | Val Max P-Miss: 0.0134 | Val Max Q-Miss: 0.0099 | Val Max Gen Viol: 0.0000 | Val Max Thermal: 0.0000
Epoch 6960 | Val Loss: 1.0885 | Val Cost: 2140.60 | Val Max P-Miss: 0.0162 | Val Max Q-Miss: 0.0092 | Val Max Gen Viol: 0.0000 | Val Max Thermal: 0.0000
Epoch 6970 | Val Loss: 1.0940 | Val Cost: 2137.20 | Val Max P-Miss: 0.0161 | Val Max Q-Miss: 0.0088 | Val Max Gen Viol: 0.0000 | Val Max Thermal: 0.0000
Epoch 6980 | Val Loss: 1.0863 | Val Cost: 2144.00 | Val Max P-Miss: 0.0128 | Val Max Q-Miss: 0.0099 | Val Max Gen Viol: 0.0000 | Val Max Thermal: 0.0000
Epoch 6990 | Val Loss: 1.0880 | Val Cost: 2145.54 | Val Max P-Miss: 0.0127 | Val Max Q-Miss: 0.0094 | Val Max Gen Viol: 0.0000 | Val Max Thermal: 0.0000
Epoch 7000 | Val Loss: 1.0877 | Val Cost: 2142.07 | Val Max P-Miss: 0.0143 | Val Max Q-Miss: 0.0093 | Val Max Gen Viol: 0.0000 | Val Max Thermal: 0.0000
Epoch 7010 | Val Loss: 1.0867 | Val Cost: 2142.84 | Val Max P-Miss: 0.0140 | Val Max Q-Miss: 0.0095 | Val Max Gen Viol: 0.0000 | Val Max Thermal: 0.0000
Epoch 7020 | Val Loss: 1.0863 | Val Cost: 2142.91 | Val Max P-Miss: 0.0139 | Val Max Q-Miss: 0.0095 | Val Max Gen Viol: 0.0000 | Val Max Thermal: 0.0000
Epoch 7030 | Val Loss: 1.0859 | Val Cost: 2143.97 | Val Max P-Miss: 0.0126 | Val Max Q-Miss: 0.0096 | Val Max Gen Viol: 0.0000 | Val Max Thermal: 0.0000
Epoch 7040 | Val Loss: 1.1090 | Val Cost: 2141.55 | Val Max P-Miss: 0.0267 | Val Max Q-Miss: 0.0153 | Val Max Gen Viol: 0.0000 | Val Max Thermal: 0.0000
Epoch 7050 | Val Loss: 1.0942 | Val Cost: 2145.76 | Val Max P-Miss: 0.0214 | Val Max Q-Miss: 0.0106 | Val Max Gen Viol: 0.0000 | Val Max Thermal: 0.0000
Epoch 7060 | Val Loss: 1.0860 | Val Cost: 2139.60 | Val Max P-Miss: 0.0150 | Val Max Q-Miss: 0.0097 | Val Max Gen Viol: 0.0000 | Val Max Thermal: 0.0000
Epoch 7070 | Val Loss: 1.0900 | Val Cost: 2145.29 | Val Max P-Miss: 0.0141 | Val Max Q-Miss: 0.0109 | Val Max Gen Viol: 0.0000 | Val Max Thermal: 0.0000
Epoch 7080 | Val Loss: 1.0898 | Val Cost: 2142.48 | Val Max P-Miss: 0.0169 | Val Max Q-Miss: 0.0082 | Val Max Gen Viol: 0.0000 | Val Max Thermal: 0.0000
Epoch 7090 | Val Loss: 1.0874 | Val Cost: 2143.40 | Val Max P-Miss: 0.0145 | Val Max Q-Miss: 0.0081 | Val Max Gen Viol: 0.0000 | Val Max Thermal: 0.0000
Epoch 7100 | Val Loss: 1.0879 | Val Cost: 2142.52 | Val Max P-Miss: 0.0154 | Val Max Q-Miss: 0.0079 | Val Max Gen Viol: 0.0000 | Val Max Thermal: 0.0000
Epoch 7110 | Val Loss: 1.0878 | Val Cost: 2144.33 | Val Max P-Miss: 0.0149 | Val Max Q-Miss: 0.0089 | Val Max Gen Viol: 0.0000 | Val Max Thermal: 0.0000
Epoch 7120 | Val Loss: 1.1023 | Val Cost: 2155.22 | Val Max P-Miss: 0.0176 | Val Max Q-Miss: 0.0106 | Val Max Gen Viol: 0.0000 | Val Max Thermal: 0.0000
Epoch 7130 | Val Loss: 1.0999 | Val Cost: 2138.93 | Val Max P-Miss: 0.0200 | Val Max Q-Miss: 0.0128 | Val Max Gen Viol: 0.0000 | Val Max Thermal: 0.0000
Epoch 7140 | Val Loss: 1.0942 | Val Cost: 2140.83 | Val Max P-Miss: 0.0165 | Val Max Q-Miss: 0.0117 | Val Max Gen Viol: 0.0000 | Val Max Thermal: 0.0000
Epoch 7150 | Val Loss: 1.0923 | Val Cost: 2142.03 | Val Max P-Miss: 0.0152 | Val Max Q-Miss: 0.0111 | Val Max Gen Viol: 0.0000 | Val Max Thermal: 0.0000
Epoch 7160 | Val Loss: 1.1406 | Val Cost: 2141.44 | Val Max P-Miss: 0.0195 | Val Max Q-Miss: 0.0146 | Val Max Gen Viol: 0.0000 | Val Max Thermal: 0.0000
Epoch 7170 | Val Loss: 1.0900 | Val Cost: 2147.96 | Val Max P-Miss: 0.0116 | Val Max Q-Miss: 0.0152 | Val Max Gen Viol: 0.0000 | Val Max Thermal: 0.0000
Epoch 7180 | Val Loss: 1.0892 | Val Cost: 2144.26 | Val Max P-Miss: 0.0140 | Val Max Q-Miss: 0.0099 | Val Max Gen Viol: 0.0000 | Val Max Thermal: 0.0000
Epoch 7190 | Val Loss: 1.0908 | Val Cost: 2144.05 | Val Max P-Miss: 0.0160 | Val Max Q-Miss: 0.0092 | Val Max Gen Viol: 0.0000 | Val Max Thermal: 0.0000
Epoch 7200 | Val Loss: 1.0886 | Val Cost: 2146.60 | Val Max P-Miss: 0.0165 | Val Max Q-Miss: 0.0086 | Val Max Gen Viol: 0.0000 | Val Max Thermal: 0.0000
Epoch 7210 | Val Loss: 1.1063 | Val Cost: 2142.54 | Val Max P-Miss: 0.0134 | Val Max Q-Miss: 0.0112 | Val Max Gen Viol: 0.0000 | Val Max Thermal: 0.0000
Epoch 7220 | Val Loss: 1.0913 | Val Cost: 2141.69 | Val Max P-Miss: 0.0166 | Val Max Q-Miss: 0.0091 | Val Max Gen Viol: 0.0000 | Val Max Thermal: 0.0000
Epoch 7230 | Val Loss: 1.0891 | Val Cost: 2141.60 | Val Max P-Miss: 0.0158 | Val Max Q-Miss: 0.0090 | Val Max Gen Viol: 0.0000 | Val Max Thermal: 0.0000
Epoch 7240 | Val Loss: 1.0929 | Val Cost: 2141.15 | Val Max P-Miss: 0.0178 | Val Max Q-Miss: 0.0091 | Val Max Gen Viol: 0.0000 | Val Max Thermal: 0.0000
Epoch 7250 | Val Loss: 1.0895 | Val Cost: 2141.50 | Val Max P-Miss: 0.0156 | Val Max Q-Miss: 0.0090 | Val Max Gen Viol: 0.0000 | Val Max Thermal: 0.0000
Epoch 7260 | Val Loss: 1.0943 | Val Cost: 2140.73 | Val Max P-Miss: 0.0172 | Val Max Q-Miss: 0.0094 | Val Max Gen Viol: 0.0000 | Val Max Thermal: 0.0000
Epoch 7270 | Val Loss: 1.0895 | Val Cost: 2141.29 | Val Max P-Miss: 0.0147 | Val Max Q-Miss: 0.0094 | Val Max Gen Viol: 0.0000 | Val Max Thermal: 0.0000
Epoch 7280 | Val Loss: 1.0937 | Val Cost: 2140.41 | Val Max P-Miss: 0.0159 | Val Max Q-Miss: 0.0100 | Val Max Gen Viol: 0.0000 | Val Max Thermal: 0.0000
Epoch 7290 | Val Loss: 1.0924 | Val Cost: 2140.68 | Val Max P-Miss: 0.0136 | Val Max Q-Miss: 0.0102 | Val Max Gen Viol: 0.0000 | Val Max Thermal: 0.0000
Epoch 7300 | Val Loss: 1.0947 | Val Cost: 2142.84 | Val Max P-Miss: 0.0155 | Val Max Q-Miss: 0.0107 | Val Max Gen Viol: 0.0000 | Val Max Thermal: 0.0000
Epoch 7310 | Val Loss: 1.1025 | Val Cost: 2135.10 | Val Max P-Miss: 0.0179 | Val Max Q-Miss: 0.0176 | Val Max Gen Viol: 0.0000 | Val Max Thermal: 0.0000
Epoch 7320 | Val Loss: 1.0932 | Val Cost: 2144.13 | Val Max P-Miss: 0.0115 | Val Max Q-Miss: 0.0095 | Val Max Gen Viol: 0.0000 | Val Max Thermal: 0.0000
Epoch 7330 | Val Loss: 1.0890 | Val Cost: 2144.51 | Val Max P-Miss: 0.0116 | Val Max Q-Miss: 0.0080 | Val Max Gen Viol: 0.0000 | Val Max Thermal: 0.0000
Epoch 7340 | Val Loss: 1.0896 | Val Cost: 2145.27 | Val Max P-Miss: 0.0121 | Val Max Q-Miss: 0.0079 | Val Max Gen Viol: 0.0000 | Val Max Thermal: 0.0000
Epoch 7350 | Val Loss: 1.0929 | Val Cost: 2149.36 | Val Max P-Miss: 0.0137 | Val Max Q-Miss: 0.0109 | Val Max Gen Viol: 0.0000 | Val Max Thermal: 0.0000
Epoch 7360 | Val Loss: 1.0877 | Val Cost: 2143.93 | Val Max P-Miss: 0.0117 | Val Max Q-Miss: 0.0090 | Val Max Gen Viol: 0.0000 | Val Max Thermal: 0.0000
Epoch 7370 | Val Loss: 1.0882 | Val Cost: 2143.89 | Val Max P-Miss: 0.0112 | Val Max Q-Miss: 0.0086 | Val Max Gen Viol: 0.0000 | Val Max Thermal: 0.0000
Epoch 7380 | Val Loss: 1.0872 | Val Cost: 2144.04 | Val Max P-Miss: 0.0101 | Val Max Q-Miss: 0.0084 | Val Max Gen Viol: 0.0000 | Val Max Thermal: 0.0000
Epoch 7390 | Val Loss: 1.0872 | Val Cost: 2144.01 | Val Max P-Miss: 0.0098 | Val Max Q-Miss: 0.0083 | Val Max Gen Viol: 0.0000 | Val Max Thermal: 0.0000
Epoch 7400 | Val Loss: 1.0877 | Val Cost: 2144.07 | Val Max P-Miss: 0.0102 | Val Max Q-Miss: 0.0083 | Val Max Gen Viol: 0.0000 | Val Max Thermal: 0.0000
Epoch 7410 | Val Loss: 1.0867 | Val Cost: 2144.55 | Val Max P-Miss: 0.0096 | Val Max Q-Miss: 0.0081 | Val Max Gen Viol: 0.0000 | Val Max Thermal: 0.0000
Epoch 7420 | Val Loss: 1.0873 | Val Cost: 2144.42 | Val Max P-Miss: 0.0111 | Val Max Q-Miss: 0.0083 | Val Max Gen Viol: 0.0000 | Val Max Thermal: 0.0000
Epoch 7430 | Val Loss: 1.0871 | Val Cost: 2144.20 | Val Max P-Miss: 0.0111 | Val Max Q-Miss: 0.0081 | Val Max Gen Viol: 0.0000 | Val Max Thermal: 0.0000
Epoch 7440 | Val Loss: 1.0862 | Val Cost: 2144.12 | Val Max P-Miss: 0.0112 | Val Max Q-Miss: 0.0081 | Val Max Gen Viol: 0.0000 | Val Max Thermal: 0.0000
Epoch 7450 | Val Loss: 1.0870 | Val Cost: 2143.45 | Val Max P-Miss: 0.0103 | Val Max Q-Miss: 0.0082 | Val Max Gen Viol: 0.0000 | Val Max Thermal: 0.0000
Epoch 7460 | Val Loss: 1.0915 | Val Cost: 2141.45 | Val Max P-Miss: 0.0115 | Val Max Q-Miss: 0.0086 | Val Max Gen Viol: 0.0000 | Val Max Thermal: 0.0000
Epoch 7470 | Val Loss: 1.0867 | Val Cost: 2145.12 | Val Max P-Miss: 0.0107 | Val Max Q-Miss: 0.0092 | Val Max Gen Viol: 0.0000 | Val Max Thermal: 0.0000
Epoch 7480 | Val Loss: 1.0857 | Val Cost: 2143.69 | Val Max P-Miss: 0.0095 | Val Max Q-Miss: 0.0084 | Val Max Gen Viol: 0.0000 | Val Max Thermal: 0.0000
Epoch 7490 | Val Loss: 1.0847 | Val Cost: 2143.28 | Val Max P-Miss: 0.0092 | Val Max Q-Miss: 0.0081 | Val Max Gen Viol: 0.0000 | Val Max Thermal: 0.0000 [*SAVED BEST*]
Epoch 7500 | Val Loss: 1.0874 | Val Cost: 2142.54 | Val Max P-Miss: 0.0097 | Val Max Q-Miss: 0.0082 | Val Max Gen Viol: 0.0000 | Val Max Thermal: 0.0000
Epoch 7510 | Val Loss: 1.1567 | Val Cost: 2132.29 | Val Max P-Miss: 0.0422 | Val Max Q-Miss: 0.0198 | Val Max Gen Viol: 0.0000 | Val Max Thermal: 0.0000
Epoch 7520 | Val Loss: 1.1085 | Val Cost: 2133.38 | Val Max P-Miss: 0.0254 | Val Max Q-Miss: 0.0175 | Val Max Gen Viol: 0.0000 | Val Max Thermal: 0.0000
Epoch 7530 | Val Loss: 1.0892 | Val Cost: 2142.35 | Val Max P-Miss: 0.0144 | Val Max Q-Miss: 0.0121 | Val Max Gen Viol: 0.0000 | Val Max Thermal: 0.0000
Epoch 7540 | Val Loss: 1.0894 | Val Cost: 2142.32 | Val Max P-Miss: 0.0152 | Val Max Q-Miss: 0.0108 | Val Max Gen Viol: 0.0000 | Val Max Thermal: 0.0000
Epoch 7550 | Val Loss: 1.0861 | Val Cost: 2142.85 | Val Max P-Miss: 0.0129 | Val Max Q-Miss: 0.0109 | Val Max Gen Viol: 0.0000 | Val Max Thermal: 0.0000
Epoch 7560 | Val Loss: 1.1297 | Val Cost: 2129.86 | Val Max P-Miss: 0.0194 | Val Max Q-Miss: 0.0156 | Val Max Gen Viol: 0.0000 | Val Max Thermal: 0.0000
Epoch 7570 | Val Loss: 1.0917 | Val Cost: 2142.83 | Val Max P-Miss: 0.0197 | Val Max Q-Miss: 0.0103 | Val Max Gen Viol: 0.0000 | Val Max Thermal: 0.0000
Epoch 7580 | Val Loss: 1.0890 | Val Cost: 2144.08 | Val Max P-Miss: 0.0185 | Val Max Q-Miss: 0.0095 | Val Max Gen Viol: 0.0000 | Val Max Thermal: 0.0000
Epoch 7590 | Val Loss: 1.0893 | Val Cost: 2143.22 | Val Max P-Miss: 0.0187 | Val Max Q-Miss: 0.0090 | Val Max Gen Viol: 0.0000 | Val Max Thermal: 0.0000
Epoch 7600 | Val Loss: 1.1105 | Val Cost: 2134.93 | Val Max P-Miss: 0.0189 | Val Max Q-Miss: 0.0123 | Val Max Gen Viol: 0.0000 | Val Max Thermal: 0.0000
Epoch 7610 | Val Loss: 1.0890 | Val Cost: 2143.01 | Val Max P-Miss: 0.0158 | Val Max Q-Miss: 0.0099 | Val Max Gen Viol: 0.0000 | Val Max Thermal: 0.0000
Epoch 7620 | Val Loss: 1.0884 | Val Cost: 2142.62 | Val Max P-Miss: 0.0152 | Val Max Q-Miss: 0.0101 | Val Max Gen Viol: 0.0000 | Val Max Thermal: 0.0000
Epoch 7630 | Val Loss: 1.0906 | Val Cost: 2142.65 | Val Max P-Miss: 0.0156 | Val Max Q-Miss: 0.0105 | Val Max Gen Viol: 0.0000 | Val Max Thermal: 0.0000
Epoch 7640 | Val Loss: 1.0878 | Val Cost: 2142.43 | Val Max P-Miss: 0.0155 | Val Max Q-Miss: 0.0103 | Val Max Gen Viol: 0.0000 | Val Max Thermal: 0.0000
Epoch 7650 | Val Loss: 1.0898 | Val Cost: 2142.94 | Val Max P-Miss: 0.0157 | Val Max Q-Miss: 0.0104 | Val Max Gen Viol: 0.0000 | Val Max Thermal: 0.0000
Epoch 7660 | Val Loss: 1.0891 | Val Cost: 2142.27 | Val Max P-Miss: 0.0163 | Val Max Q-Miss: 0.0105 | Val Max Gen Viol: 0.0000 | Val Max Thermal: 0.0000
Epoch 7670 | Val Loss: 1.0870 | Val Cost: 2142.56 | Val Max P-Miss: 0.0160 | Val Max Q-Miss: 0.0105 | Val Max Gen Viol: 0.0000 | Val Max Thermal: 0.0000
Epoch 7680 | Val Loss: 1.0872 | Val Cost: 2142.40 | Val Max P-Miss: 0.0163 | Val Max Q-Miss: 0.0105 | Val Max Gen Viol: 0.0000 | Val Max Thermal: 0.0000
Epoch 7690 | Val Loss: 1.0874 | Val Cost: 2142.65 | Val Max P-Miss: 0.0149 | Val Max Q-Miss: 0.0109 | Val Max Gen Viol: 0.0000 | Val Max Thermal: 0.0000
Epoch 7700 | Val Loss: 1.0859 | Val Cost: 2142.87 | Val Max P-Miss: 0.0141 | Val Max Q-Miss: 0.0110 | Val Max Gen Viol: 0.0000 | Val Max Thermal: 0.0000
Epoch 7710 | Val Loss: 1.0869 | Val Cost: 2145.16 | Val Max P-Miss: 0.0164 | Val Max Q-Miss: 0.0113 | Val Max Gen Viol: 0.0000 | Val Max Thermal: 0.0000
Epoch 7720 | Val Loss: 1.0951 | Val Cost: 2142.79 | Val Max P-Miss: 0.0140 | Val Max Q-Miss: 0.0105 | Val Max Gen Viol: 0.0000 | Val Max Thermal: 0.0000
Epoch 7730 | Val Loss: 1.1177 | Val Cost: 2135.47 | Val Max P-Miss: 0.0234 | Val Max Q-Miss: 0.0144 | Val Max Gen Viol: 0.0000 | Val Max Thermal: 0.0000
Epoch 7740 | Val Loss: 1.0961 | Val Cost: 2144.87 | Val Max P-Miss: 0.0176 | Val Max Q-Miss: 0.0109 | Val Max Gen Viol: 0.0000 | Val Max Thermal: 0.0000
Epoch 7750 | Val Loss: 1.0924 | Val Cost: 2143.63 | Val Max P-Miss: 0.0172 | Val Max Q-Miss: 0.0088 | Val Max Gen Viol: 0.0000 | Val Max Thermal: 0.0000
Epoch 7760 | Val Loss: 1.0904 | Val Cost: 2143.29 | Val Max P-Miss: 0.0196 | Val Max Q-Miss: 0.0085 | Val Max Gen Viol: 0.0000 | Val Max Thermal: 0.0000
Epoch 7770 | Val Loss: 1.0897 | Val Cost: 2142.38 | Val Max P-Miss: 0.0177 | Val Max Q-Miss: 0.0088 | Val Max Gen Viol: 0.0000 | Val Max Thermal: 0.0000
Epoch 7780 | Val Loss: 1.0882 | Val Cost: 2147.96 | Val Max P-Miss: 0.0181 | Val Max Q-Miss: 0.0091 | Val Max Gen Viol: 0.0000 | Val Max Thermal: 0.0000
Epoch 7790 | Val Loss: 1.0968 | Val Cost: 2140.44 | Val Max P-Miss: 0.0173 | Val Max Q-Miss: 0.0150 | Val Max Gen Viol: 0.0000 | Val Max Thermal: 0.0000
Epoch 7800 | Val Loss: 1.0942 | Val Cost: 2140.28 | Val Max P-Miss: 0.0161 | Val Max Q-Miss: 0.0113 | Val Max Gen Viol: 0.0000 | Val Max Thermal: 0.0000
Epoch 7810 | Val Loss: 1.0890 | Val Cost: 2140.83 | Val Max P-Miss: 0.0128 | Val Max Q-Miss: 0.0098 | Val Max Gen Viol: 0.0000 | Val Max Thermal: 0.0000
Epoch 7820 | Val Loss: 1.0944 | Val Cost: 2150.29 | Val Max P-Miss: 0.0112 | Val Max Q-Miss: 0.0112 | Val Max Gen Viol: 0.0000 | Val Max Thermal: 0.0000
Epoch 7830 | Val Loss: 1.0863 | Val Cost: 2144.08 | Val Max P-Miss: 0.0102 | Val Max Q-Miss: 0.0091 | Val Max Gen Viol: 0.0000 | Val Max Thermal: 0.0000
Epoch 7840 | Val Loss: 1.0905 | Val Cost: 2143.35 | Val Max P-Miss: 0.0120 | Val Max Q-Miss: 0.0092 | Val Max Gen Viol: 0.0000 | Val Max Thermal: 0.0000
Epoch 7850 | Val Loss: 1.0863 | Val Cost: 2144.36 | Val Max P-Miss: 0.0101 | Val Max Q-Miss: 0.0083 | Val Max Gen Viol: 0.0000 | Val Max Thermal: 0.0000
Epoch 7860 | Val Loss: 1.0879 | Val Cost: 2144.54 | Val Max P-Miss: 0.0107 | Val Max Q-Miss: 0.0083 | Val Max Gen Viol: 0.0000 | Val Max Thermal: 0.0000
Epoch 7870 | Val Loss: 1.0864 | Val Cost: 2144.87 | Val Max P-Miss: 0.0099 | Val Max Q-Miss: 0.0083 | Val Max Gen Viol: 0.0000 | Val Max Thermal: 0.0000
Epoch 7880 | Val Loss: 1.0848 | Val Cost: 2143.80 | Val Max P-Miss: 0.0094 | Val Max Q-Miss: 0.0082 | Val Max Gen Viol: 0.0000 | Val Max Thermal: 0.0000
Epoch 7890 | Val Loss: 1.0870 | Val Cost: 2144.67 | Val Max P-Miss: 0.0091 | Val Max Q-Miss: 0.0081 | Val Max Gen Viol: 0.0000 | Val Max Thermal: 0.0000
Epoch 7900 | Val Loss: 1.0879 | Val Cost: 2144.96 | Val Max P-Miss: 0.0097 | Val Max Q-Miss: 0.0081 | Val Max Gen Viol: 0.0000 | Val Max Thermal: 0.0000
Epoch 7910 | Val Loss: 1.0911 | Val Cost: 2142.45 | Val Max P-Miss: 0.0120 | Val Max Q-Miss: 0.0088 | Val Max Gen Viol: 0.0000 | Val Max Thermal: 0.0000
Epoch 7920 | Val Loss: 1.0916 | Val Cost: 2145.48 | Val Max P-Miss: 0.0118 | Val Max Q-Miss: 0.0110 | Val Max Gen Viol: 0.0000 | Val Max Thermal: 0.0000
Epoch 7930 | Val Loss: 1.0943 | Val Cost: 2140.09 | Val Max P-Miss: 0.0165 | Val Max Q-Miss: 0.0108 | Val Max Gen Viol: 0.0000 | Val Max Thermal: 0.0000
Epoch 7940 | Val Loss: 1.0932 | Val Cost: 2142.26 | Val Max P-Miss: 0.0149 | Val Max Q-Miss: 0.0104 | Val Max Gen Viol: 0.0000 | Val Max Thermal: 0.0000
Epoch 7950 | Val Loss: 1.0894 | Val Cost: 2140.92 | Val Max P-Miss: 0.0129 | Val Max Q-Miss: 0.0097 | Val Max Gen Viol: 0.0000 | Val Max Thermal: 0.0000
Epoch 7960 | Val Loss: 1.0908 | Val Cost: 2135.89 | Val Max P-Miss: 0.0151 | Val Max Q-Miss: 0.0110 | Val Max Gen Viol: 0.0000 | Val Max Thermal: 0.0000
Epoch 7970 | Val Loss: 1.0875 | Val Cost: 2142.67 | Val Max P-Miss: 0.0140 | Val Max Q-Miss: 0.0111 | Val Max Gen Viol: 0.0000 | Val Max Thermal: 0.0000
Epoch 7980 | Val Loss: 1.0890 | Val Cost: 2143.50 | Val Max P-Miss: 0.0145 | Val Max Q-Miss: 0.0093 | Val Max Gen Viol: 0.0000 | Val Max Thermal: 0.0000
Epoch 7990 | Val Loss: 1.0875 | Val Cost: 2143.72 | Val Max P-Miss: 0.0141 | Val Max Q-Miss: 0.0084 | Val Max Gen Viol: 0.0000 | Val Max Thermal: 0.0000
Epoch 8000 | Val Loss: 1.0870 | Val Cost: 2148.77 | Val Max P-Miss: 0.0114 | Val Max Q-Miss: 0.0085 | Val Max Gen Viol: 0.0000 | Val Max Thermal: 0.0000
Epoch 8010 | Val Loss: 1.0891 | Val Cost: 2144.10 | Val Max P-Miss: 0.0131 | Val Max Q-Miss: 0.0101 | Val Max Gen Viol: 0.0000 | Val Max Thermal: 0.0000
Epoch 8020 | Val Loss: 1.0851 | Val Cost: 2143.92 | Val Max P-Miss: 0.0102 | Val Max Q-Miss: 0.0090 | Val Max Gen Viol: 0.0000 | Val Max Thermal: 0.0000
Epoch 8030 | Val Loss: 1.0852 | Val Cost: 2144.13 | Val Max P-Miss: 0.0103 | Val Max Q-Miss: 0.0087 | Val Max Gen Viol: 0.0000 | Val Max Thermal: 0.0000
Epoch 8040 | Val Loss: 1.0844 | Val Cost: 2143.86 | Val Max P-Miss: 0.0089 | Val Max Q-Miss: 0.0083 | Val Max Gen Viol: 0.0000 | Val Max Thermal: 0.0000 [*SAVED BEST*]
Epoch 8050 | Val Loss: 1.0852 | Val Cost: 2144.11 | Val Max P-Miss: 0.0088 | Val Max Q-Miss: 0.0081 | Val Max Gen Viol: 0.0000 | Val Max Thermal: 0.0000
Epoch 8060 | Val Loss: 1.0864 | Val Cost: 2144.25 | Val Max P-Miss: 0.0091 | Val Max Q-Miss: 0.0081 | Val Max Gen Viol: 0.0000 | Val Max Thermal: 0.0000
Epoch 8070 | Val Loss: 1.0862 | Val Cost: 2144.06 | Val Max P-Miss: 0.0093 | Val Max Q-Miss: 0.0080 | Val Max Gen Viol: 0.0000 | Val Max Thermal: 0.0000
Epoch 8080 | Val Loss: 1.0869 | Val Cost: 2143.60 | Val Max P-Miss: 0.0100 | Val Max Q-Miss: 0.0081 | Val Max Gen Viol: 0.0000 | Val Max Thermal: 0.0000
Epoch 8090 | Val Loss: 1.0870 | Val Cost: 2143.45 | Val Max P-Miss: 0.0099 | Val Max Q-Miss: 0.0084 | Val Max Gen Viol: 0.0000 | Val Max Thermal: 0.0000
Epoch 8100 | Val Loss: 1.0861 | Val Cost: 2143.57 | Val Max P-Miss: 0.0093 | Val Max Q-Miss: 0.0081 | Val Max Gen Viol: 0.0000 | Val Max Thermal: 0.0000
Epoch 8110 | Val Loss: 1.0869 | Val Cost: 2143.81 | Val Max P-Miss: 0.0099 | Val Max Q-Miss: 0.0080 | Val Max Gen Viol: 0.0000 | Val Max Thermal: 0.0000
Epoch 8120 | Val Loss: 1.0861 | Val Cost: 2143.63 | Val Max P-Miss: 0.0106 | Val Max Q-Miss: 0.0081 | Val Max Gen Viol: 0.0000 | Val Max Thermal: 0.0000
Epoch 8130 | Val Loss: 1.0851 | Val Cost: 2143.96 | Val Max P-Miss: 0.0104 | Val Max Q-Miss: 0.0081 | Val Max Gen Viol: 0.0000 | Val Max Thermal: 0.0000
Epoch 8140 | Val Loss: 1.0861 | Val Cost: 2143.52 | Val Max P-Miss: 0.0099 | Val Max Q-Miss: 0.0082 | Val Max Gen Viol: 0.0000 | Val Max Thermal: 0.0000
Epoch 8150 | Val Loss: 1.0854 | Val Cost: 2143.64 | Val Max P-Miss: 0.0101 | Val Max Q-Miss: 0.0082 | Val Max Gen Viol: 0.0000 | Val Max Thermal: 0.0000
Epoch 8160 | Val Loss: 1.0856 | Val Cost: 2142.98 | Val Max P-Miss: 0.0095 | Val Max Q-Miss: 0.0081 | Val Max Gen Viol: 0.0000 | Val Max Thermal: 0.0000
Epoch 8170 | Val Loss: 1.0912 | Val Cost: 2139.87 | Val Max P-Miss: 0.0111 | Val Max Q-Miss: 0.0085 | Val Max Gen Viol: 0.0000 | Val Max Thermal: 0.0000
Epoch 8180 | Val Loss: 1.1008 | Val Cost: 2144.63 | Val Max P-Miss: 0.0151 | Val Max Q-Miss: 0.0125 | Val Max Gen Viol: 0.0000 | Val Max Thermal: 0.0000
Epoch 8190 | Val Loss: 1.1092 | Val Cost: 2139.13 | Val Max P-Miss: 0.0236 | Val Max Q-Miss: 0.0135 | Val Max Gen Viol: 0.0000 | Val Max Thermal: 0.0000
Epoch 8200 | Val Loss: 1.0933 | Val Cost: 2144.55 | Val Max P-Miss: 0.0151 | Val Max Q-Miss: 0.0130 | Val Max Gen Viol: 0.0000 | Val Max Thermal: 0.0000
Epoch 8210 | Val Loss: 1.0893 | Val Cost: 2144.14 | Val Max P-Miss: 0.0118 | Val Max Q-Miss: 0.0096 | Val Max Gen Viol: 0.0000 | Val Max Thermal: 0.0000
Epoch 8220 | Val Loss: 1.0855 | Val Cost: 2144.41 | Val Max P-Miss: 0.0114 | Val Max Q-Miss: 0.0091 | Val Max Gen Viol: 0.0000 | Val Max Thermal: 0.0000
Epoch 8230 | Val Loss: 1.0888 | Val Cost: 2144.42 | Val Max P-Miss: 0.0120 | Val Max Q-Miss: 0.0089 | Val Max Gen Viol: 0.0000 | Val Max Thermal: 0.0000
Epoch 8240 | Val Loss: 1.0854 | Val Cost: 2143.87 | Val Max P-Miss: 0.0108 | Val Max Q-Miss: 0.0086 | Val Max Gen Viol: 0.0000 | Val Max Thermal: 0.0000
Epoch 8250 | Val Loss: 1.0874 | Val Cost: 2144.56 | Val Max P-Miss: 0.0119 | Val Max Q-Miss: 0.0084 | Val Max Gen Viol: 0.0000 | Val Max Thermal: 0.0000
Epoch 8260 | Val Loss: 1.0858 | Val Cost: 2143.36 | Val Max P-Miss: 0.0105 | Val Max Q-Miss: 0.0088 | Val Max Gen Viol: 0.0000 | Val Max Thermal: 0.0000
Epoch 8270 | Val Loss: 1.0963 | Val Cost: 2139.18 | Val Max P-Miss: 0.0149 | Val Max Q-Miss: 0.0140 | Val Max Gen Viol: 0.0000 | Val Max Thermal: 0.0000
Epoch 8280 | Val Loss: 1.1171 | Val Cost: 2136.84 | Val Max P-Miss: 0.0189 | Val Max Q-Miss: 0.0181 | Val Max Gen Viol: 0.0000 | Val Max Thermal: 0.0000
Epoch 8290 | Val Loss: 1.0893 | Val Cost: 2142.34 | Val Max P-Miss: 0.0156 | Val Max Q-Miss: 0.0114 | Val Max Gen Viol: 0.0000 | Val Max Thermal: 0.0000
Epoch 8300 | Val Loss: 1.0897 | Val Cost: 2141.68 | Val Max P-Miss: 0.0149 | Val Max Q-Miss: 0.0097 | Val Max Gen Viol: 0.0000 | Val Max Thermal: 0.0000
Epoch 8310 | Val Loss: 1.0907 | Val Cost: 2141.77 | Val Max P-Miss: 0.0160 | Val Max Q-Miss: 0.0098 | Val Max Gen Viol: 0.0000 | Val Max Thermal: 0.0000
Epoch 8320 | Val Loss: 1.0901 | Val Cost: 2142.16 | Val Max P-Miss: 0.0183 | Val Max Q-Miss: 0.0099 | Val Max Gen Viol: 0.0000 | Val Max Thermal: 0.0000
Epoch 8330 | Val Loss: 1.0880 | Val Cost: 2143.02 | Val Max P-Miss: 0.0175 | Val Max Q-Miss: 0.0100 | Val Max Gen Viol: 0.0000 | Val Max Thermal: 0.0000
Epoch 8340 | Val Loss: 1.1032 | Val Cost: 2135.40 | Val Max P-Miss: 0.0178 | Val Max Q-Miss: 0.0123 | Val Max Gen Viol: 0.0000 | Val Max Thermal: 0.0000
Epoch 8350 | Val Loss: 1.0946 | Val Cost: 2146.96 | Val Max P-Miss: 0.0161 | Val Max Q-Miss: 0.0101 | Val Max Gen Viol: 0.0000 | Val Max Thermal: 0.0000
Epoch 8360 | Val Loss: 1.0895 | Val Cost: 2142.80 | Val Max P-Miss: 0.0154 | Val Max Q-Miss: 0.0090 | Val Max Gen Viol: 0.0000 | Val Max Thermal: 0.0000
Epoch 8370 | Val Loss: 1.0901 | Val Cost: 2143.04 | Val Max P-Miss: 0.0159 | Val Max Q-Miss: 0.0092 | Val Max Gen Viol: 0.0000 | Val Max Thermal: 0.0000
Epoch 8380 | Val Loss: 1.0910 | Val Cost: 2143.48 | Val Max P-Miss: 0.0164 | Val Max Q-Miss: 0.0095 | Val Max Gen Viol: 0.0000 | Val Max Thermal: 0.0000
Epoch 8390 | Val Loss: 1.0902 | Val Cost: 2143.26 | Val Max P-Miss: 0.0161 | Val Max Q-Miss: 0.0097 | Val Max Gen Viol: 0.0000 | Val Max Thermal: 0.0000
Epoch 8400 | Val Loss: 1.0914 | Val Cost: 2145.67 | Val Max P-Miss: 0.0174 | Val Max Q-Miss: 0.0097 | Val Max Gen Viol: 0.0000 | Val Max Thermal: 0.0000
Epoch 8410 | Val Loss: 1.0896 | Val Cost: 2145.44 | Val Max P-Miss: 0.0170 | Val Max Q-Miss: 0.0095 | Val Max Gen Viol: 0.0000 | Val Max Thermal: 0.0000
Epoch 8420 | Val Loss: 1.1349 | Val Cost: 2146.33 | Val Max P-Miss: 0.0242 | Val Max Q-Miss: 0.0121 | Val Max Gen Viol: 0.0000 | Val Max Thermal: 0.0000
Epoch 8430 | Val Loss: 1.1002 | Val Cost: 2136.29 | Val Max P-Miss: 0.0180 | Val Max Q-Miss: 0.0106 | Val Max Gen Viol: 0.0000 | Val Max Thermal: 0.0000
Epoch 8440 | Val Loss: 1.1012 | Val Cost: 2142.03 | Val Max P-Miss: 0.0144 | Val Max Q-Miss: 0.0132 | Val Max Gen Viol: 0.0000 | Val Max Thermal: 0.0000
Epoch 8450 | Val Loss: 1.0874 | Val Cost: 2143.73 | Val Max P-Miss: 0.0130 | Val Max Q-Miss: 0.0099 | Val Max Gen Viol: 0.0000 | Val Max Thermal: 0.0000
Epoch 8460 | Val Loss: 1.0839 | Val Cost: 2143.53 | Val Max P-Miss: 0.0143 | Val Max Q-Miss: 0.0091 | Val Max Gen Viol: 0.0000 | Val Max Thermal: 0.0000 [*SAVED BEST*]
Epoch 8470 | Val Loss: 1.0859 | Val Cost: 2143.71 | Val Max P-Miss: 0.0135 | Val Max Q-Miss: 0.0087 | Val Max Gen Viol: 0.0000 | Val Max Thermal: 0.0000
Epoch 8480 | Val Loss: 1.0863 | Val Cost: 2144.24 | Val Max P-Miss: 0.0144 | Val Max Q-Miss: 0.0089 | Val Max Gen Viol: 0.0000 | Val Max Thermal: 0.0000
Epoch 8490 | Val Loss: 1.0851 | Val Cost: 2143.77 | Val Max P-Miss: 0.0143 | Val Max Q-Miss: 0.0091 | Val Max Gen Viol: 0.0000 | Val Max Thermal: 0.0000
Epoch 8500 | Val Loss: 1.0869 | Val Cost: 2144.17 | Val Max P-Miss: 0.0131 | Val Max Q-Miss: 0.0089 | Val Max Gen Viol: 0.0000 | Val Max Thermal: 0.0000
Epoch 8510 | Val Loss: 1.0861 | Val Cost: 2144.04 | Val Max P-Miss: 0.0139 | Val Max Q-Miss: 0.0090 | Val Max Gen Viol: 0.0000 | Val Max Thermal: 0.0000
Epoch 8520 | Val Loss: 1.0868 | Val Cost: 2143.88 | Val Max P-Miss: 0.0151 | Val Max Q-Miss: 0.0086 | Val Max Gen Viol: 0.0000 | Val Max Thermal: 0.0000
Epoch 8530 | Val Loss: 1.0892 | Val Cost: 2142.39 | Val Max P-Miss: 0.0143 | Val Max Q-Miss: 0.0089 | Val Max Gen Viol: 0.0000 | Val Max Thermal: 0.0000
Epoch 8540 | Val Loss: 1.0866 | Val Cost: 2142.27 | Val Max P-Miss: 0.0138 | Val Max Q-Miss: 0.0098 | Val Max Gen Viol: 0.0000 | Val Max Thermal: 0.0000
Epoch 8550 | Val Loss: 1.0850 | Val Cost: 2144.12 | Val Max P-Miss: 0.0151 | Val Max Q-Miss: 0.0089 | Val Max Gen Viol: 0.0000 | Val Max Thermal: 0.0000
Epoch 8560 | Val Loss: 1.0842 | Val Cost: 2143.52 | Val Max P-Miss: 0.0147 | Val Max Q-Miss: 0.0089 | Val Max Gen Viol: 0.0000 | Val Max Thermal: 0.0000
Epoch 8570 | Val Loss: 1.0858 | Val Cost: 2143.95 | Val Max P-Miss: 0.0147 | Val Max Q-Miss: 0.0088 | Val Max Gen Viol: 0.0000 | Val Max Thermal: 0.0000
Epoch 8580 | Val Loss: 1.0865 | Val Cost: 2143.18 | Val Max P-Miss: 0.0140 | Val Max Q-Miss: 0.0087 | Val Max Gen Viol: 0.0000 | Val Max Thermal: 0.0000
Epoch 8590 | Val Loss: 1.0902 | Val Cost: 2141.84 | Val Max P-Miss: 0.0123 | Val Max Q-Miss: 0.0088 | Val Max Gen Viol: 0.0000 | Val Max Thermal: 0.0000
Epoch 8600 | Val Loss: 1.0870 | Val Cost: 2139.80 | Val Max P-Miss: 0.0115 | Val Max Q-Miss: 0.0085 | Val Max Gen Viol: 0.0000 | Val Max Thermal: 0.0000
Epoch 8610 | Val Loss: 1.0916 | Val Cost: 2140.99 | Val Max P-Miss: 0.0178 | Val Max Q-Miss: 0.0112 | Val Max Gen Viol: 0.0000 | Val Max Thermal: 0.0000
Epoch 8620 | Val Loss: 1.0897 | Val Cost: 2143.78 | Val Max P-Miss: 0.0193 | Val Max Q-Miss: 0.0086 | Val Max Gen Viol: 0.0000 | Val Max Thermal: 0.0000
Epoch 8630 | Val Loss: 1.0887 | Val Cost: 2148.56 | Val Max P-Miss: 0.0179 | Val Max Q-Miss: 0.0083 | Val Max Gen Viol: 0.0000 | Val Max Thermal: 0.0000
Epoch 8640 | Val Loss: 1.0899 | Val Cost: 2143.70 | Val Max P-Miss: 0.0123 | Val Max Q-Miss: 0.0136 | Val Max Gen Viol: 0.0000 | Val Max Thermal: 0.0000
Epoch 8650 | Val Loss: 1.0852 | Val Cost: 2143.82 | Val Max P-Miss: 0.0124 | Val Max Q-Miss: 0.0114 | Val Max Gen Viol: 0.0000 | Val Max Thermal: 0.0000
Epoch 8660 | Val Loss: 1.0857 | Val Cost: 2143.71 | Val Max P-Miss: 0.0121 | Val Max Q-Miss: 0.0094 | Val Max Gen Viol: 0.0000 | Val Max Thermal: 0.0000
Epoch 8670 | Val Loss: 1.0868 | Val Cost: 2143.71 | Val Max P-Miss: 0.0119 | Val Max Q-Miss: 0.0085 | Val Max Gen Viol: 0.0000 | Val Max Thermal: 0.0000
Epoch 8680 | Val Loss: 1.0873 | Val Cost: 2143.43 | Val Max P-Miss: 0.0116 | Val Max Q-Miss: 0.0083 | Val Max Gen Viol: 0.0000 | Val Max Thermal: 0.0000
Epoch 8690 | Val Loss: 1.0878 | Val Cost: 2142.54 | Val Max P-Miss: 0.0113 | Val Max Q-Miss: 0.0080 | Val Max Gen Viol: 0.0000 | Val Max Thermal: 0.0000
Epoch 8700 | Val Loss: 1.0986 | Val Cost: 2137.66 | Val Max P-Miss: 0.0148 | Val Max Q-Miss: 0.0102 | Val Max Gen Viol: 0.0000 | Val Max Thermal: 0.0000
Epoch 8710 | Val Loss: 1.0955 | Val Cost: 2140.42 | Val Max P-Miss: 0.0177 | Val Max Q-Miss: 0.0120 | Val Max Gen Viol: 0.0000 | Val Max Thermal: 0.0000
Epoch 8720 | Val Loss: 1.0948 | Val Cost: 2140.58 | Val Max P-Miss: 0.0169 | Val Max Q-Miss: 0.0105 | Val Max Gen Viol: 0.0000 | Val Max Thermal: 0.0000
Epoch 8730 | Val Loss: 1.0881 | Val Cost: 2142.39 | Val Max P-Miss: 0.0126 | Val Max Q-Miss: 0.0091 | Val Max Gen Viol: 0.0000 | Val Max Thermal: 0.0000
Epoch 8740 | Val Loss: 1.0876 | Val Cost: 2142.92 | Val Max P-Miss: 0.0133 | Val Max Q-Miss: 0.0090 | Val Max Gen Viol: 0.0000 | Val Max Thermal: 0.0000
Epoch 8750 | Val Loss: 1.0887 | Val Cost: 2142.60 | Val Max P-Miss: 0.0108 | Val Max Q-Miss: 0.0082 | Val Max Gen Viol: 0.0000 | Val Max Thermal: 0.0000
Epoch 8760 | Val Loss: 1.0921 | Val Cost: 2145.42 | Val Max P-Miss: 0.0183 | Val Max Q-Miss: 0.0130 | Val Max Gen Viol: 0.0000 | Val Max Thermal: 0.0000
Epoch 8770 | Val Loss: 1.0890 | Val Cost: 2144.16 | Val Max P-Miss: 0.0175 | Val Max Q-Miss: 0.0102 | Val Max Gen Viol: 0.0000 | Val Max Thermal: 0.0000
Epoch 8780 | Val Loss: 1.0901 | Val Cost: 2138.44 | Val Max P-Miss: 0.0164 | Val Max Q-Miss: 0.0087 | Val Max Gen Viol: 0.0000 | Val Max Thermal: 0.0000
Epoch 8790 | Val Loss: 1.0946 | Val Cost: 2133.87 | Val Max P-Miss: 0.0131 | Val Max Q-Miss: 0.0099 | Val Max Gen Viol: 0.0000 | Val Max Thermal: 0.0000
Epoch 8800 | Val Loss: 1.0944 | Val Cost: 2145.45 | Val Max P-Miss: 0.0134 | Val Max Q-Miss: 0.0102 | Val Max Gen Viol: 0.0000 | Val Max Thermal: 0.0000
Epoch 8810 | Val Loss: 1.0864 | Val Cost: 2145.09 | Val Max P-Miss: 0.0116 | Val Max Q-Miss: 0.0100 | Val Max Gen Viol: 0.0000 | Val Max Thermal: 0.0000
Epoch 8820 | Val Loss: 1.0863 | Val Cost: 2145.09 | Val Max P-Miss: 0.0125 | Val Max Q-Miss: 0.0089 | Val Max Gen Viol: 0.0000 | Val Max Thermal: 0.0000
Epoch 8830 | Val Loss: 1.0880 | Val Cost: 2143.90 | Val Max P-Miss: 0.0109 | Val Max Q-Miss: 0.0083 | Val Max Gen Viol: 0.0000 | Val Max Thermal: 0.0000
Epoch 8840 | Val Loss: 1.0848 | Val Cost: 2143.89 | Val Max P-Miss: 0.0117 | Val Max Q-Miss: 0.0081 | Val Max Gen Viol: 0.0000 | Val Max Thermal: 0.0000
Epoch 8850 | Val Loss: 1.0882 | Val Cost: 2144.43 | Val Max P-Miss: 0.0119 | Val Max Q-Miss: 0.0081 | Val Max Gen Viol: 0.0000 | Val Max Thermal: 0.0000
Epoch 8860 | Val Loss: 1.0853 | Val Cost: 2143.92 | Val Max P-Miss: 0.0119 | Val Max Q-Miss: 0.0079 | Val Max Gen Viol: 0.0000 | Val Max Thermal: 0.0000
Epoch 8870 | Val Loss: 1.0875 | Val Cost: 2144.60 | Val Max P-Miss: 0.0123 | Val Max Q-Miss: 0.0079 | Val Max Gen Viol: 0.0000 | Val Max Thermal: 0.0000
Epoch 8880 | Val Loss: 1.0872 | Val Cost: 2143.84 | Val Max P-Miss: 0.0120 | Val Max Q-Miss: 0.0080 | Val Max Gen Viol: 0.0000 | Val Max Thermal: 0.0000
Epoch 8890 | Val Loss: 1.0878 | Val Cost: 2143.07 | Val Max P-Miss: 0.0121 | Val Max Q-Miss: 0.0085 | Val Max Gen Viol: 0.0000 | Val Max Thermal: 0.0000
Epoch 8900 | Val Loss: 1.0882 | Val Cost: 2142.16 | Val Max P-Miss: 0.0124 | Val Max Q-Miss: 0.0085 | Val Max Gen Viol: 0.0000 | Val Max Thermal: 0.0000
Epoch 8910 | Val Loss: 1.0880 | Val Cost: 2143.53 | Val Max P-Miss: 0.0139 | Val Max Q-Miss: 0.0082 | Val Max Gen Viol: 0.0000 | Val Max Thermal: 0.0000
Epoch 8920 | Val Loss: 1.0876 | Val Cost: 2143.29 | Val Max P-Miss: 0.0139 | Val Max Q-Miss: 0.0080 | Val Max Gen Viol: 0.0000 | Val Max Thermal: 0.0000
Epoch 8930 | Val Loss: 1.0874 | Val Cost: 2143.61 | Val Max P-Miss: 0.0141 | Val Max Q-Miss: 0.0081 | Val Max Gen Viol: 0.0000 | Val Max Thermal: 0.0000
Epoch 8940 | Val Loss: 1.0866 | Val Cost: 2143.75 | Val Max P-Miss: 0.0141 | Val Max Q-Miss: 0.0080 | Val Max Gen Viol: 0.0000 | Val Max Thermal: 0.0000
Epoch 8950 | Val Loss: 1.0874 | Val Cost: 2144.21 | Val Max P-Miss: 0.0143 | Val Max Q-Miss: 0.0079 | Val Max Gen Viol: 0.0000 | Val Max Thermal: 0.0000
Epoch 8960 | Val Loss: 1.0874 | Val Cost: 2143.20 | Val Max P-Miss: 0.0138 | Val Max Q-Miss: 0.0082 | Val Max Gen Viol: 0.0000 | Val Max Thermal: 0.0000
Epoch 8970 | Val Loss: 1.0855 | Val Cost: 2143.83 | Val Max P-Miss: 0.0179 | Val Max Q-Miss: 0.0083 | Val Max Gen Viol: 0.0000 | Val Max Thermal: 0.0000
Epoch 8980 | Val Loss: 1.0923 | Val Cost: 2139.67 | Val Max P-Miss: 0.0145 | Val Max Q-Miss: 0.0120 | Val Max Gen Viol: 0.0000 | Val Max Thermal: 0.0000
Epoch 8990 | Val Loss: 1.0921 | Val Cost: 2143.23 | Val Max P-Miss: 0.0178 | Val Max Q-Miss: 0.0096 | Val Max Gen Viol: 0.0000 | Val Max Thermal: 0.0000
Epoch 9000 | Val Loss: 1.0931 | Val Cost: 2150.92 | Val Max P-Miss: 0.0173 | Val Max Q-Miss: 0.0091 | Val Max Gen Viol: 0.0000 | Val Max Thermal: 0.0000
Epoch 9010 | Val Loss: 1.0904 | Val Cost: 2140.47 | Val Max P-Miss: 0.0152 | Val Max Q-Miss: 0.0082 | Val Max Gen Viol: 0.0000 | Val Max Thermal: 0.0000
Epoch 9020 | Val Loss: 1.0890 | Val Cost: 2141.85 | Val Max P-Miss: 0.0155 | Val Max Q-Miss: 0.0083 | Val Max Gen Viol: 0.0000 | Val Max Thermal: 0.0000
Epoch 9030 | Val Loss: 1.0902 | Val Cost: 2142.15 | Val Max P-Miss: 0.0156 | Val Max Q-Miss: 0.0085 | Val Max Gen Viol: 0.0000 | Val Max Thermal: 0.0000
Epoch 9040 | Val Loss: 1.0871 | Val Cost: 2141.39 | Val Max P-Miss: 0.0150 | Val Max Q-Miss: 0.0084 | Val Max Gen Viol: 0.0000 | Val Max Thermal: 0.0000
Epoch 9050 | Val Loss: 1.0892 | Val Cost: 2141.55 | Val Max P-Miss: 0.0158 | Val Max Q-Miss: 0.0086 | Val Max Gen Viol: 0.0000 | Val Max Thermal: 0.0000
Epoch 9060 | Val Loss: 1.0878 | Val Cost: 2141.65 | Val Max P-Miss: 0.0158 | Val Max Q-Miss: 0.0085 | Val Max Gen Viol: 0.0000 | Val Max Thermal: 0.0000
Epoch 9070 | Val Loss: 1.0872 | Val Cost: 2141.93 | Val Max P-Miss: 0.0136 | Val Max Q-Miss: 0.0092 | Val Max Gen Viol: 0.0000 | Val Max Thermal: 0.0000
Epoch 9080 | Val Loss: 1.0870 | Val Cost: 2141.37 | Val Max P-Miss: 0.0133 | Val Max Q-Miss: 0.0095 | Val Max Gen Viol: 0.0000 | Val Max Thermal: 0.0000
Epoch 9090 | Val Loss: 1.0867 | Val Cost: 2142.52 | Val Max P-Miss: 0.0124 | Val Max Q-Miss: 0.0091 | Val Max Gen Viol: 0.0000 | Val Max Thermal: 0.0000
Epoch 9100 | Val Loss: 1.0893 | Val Cost: 2141.86 | Val Max P-Miss: 0.0142 | Val Max Q-Miss: 0.0090 | Val Max Gen Viol: 0.0000 | Val Max Thermal: 0.0000
Epoch 9110 | Val Loss: 1.0883 | Val Cost: 2143.12 | Val Max P-Miss: 0.0129 | Val Max Q-Miss: 0.0091 | Val Max Gen Viol: 0.0000 | Val Max Thermal: 0.0000
Epoch 9120 | Val Loss: 1.0987 | Val Cost: 2140.96 | Val Max P-Miss: 0.0151 | Val Max Q-Miss: 0.0108 | Val Max Gen Viol: 0.0000 | Val Max Thermal: 0.0000
Epoch 9130 | Val Loss: 1.0908 | Val Cost: 2143.61 | Val Max P-Miss: 0.0136 | Val Max Q-Miss: 0.0078 | Val Max Gen Viol: 0.0000 | Val Max Thermal: 0.0000
Epoch 9140 | Val Loss: 1.0874 | Val Cost: 2144.91 | Val Max P-Miss: 0.0134 | Val Max Q-Miss: 0.0078 | Val Max Gen Viol: 0.0000 | Val Max Thermal: 0.0000
Epoch 9150 | Val Loss: 1.0873 | Val Cost: 2144.87 | Val Max P-Miss: 0.0127 | Val Max Q-Miss: 0.0080 | Val Max Gen Viol: 0.0000 | Val Max Thermal: 0.0000
Epoch 9160 | Val Loss: 1.0865 | Val Cost: 2144.92 | Val Max P-Miss: 0.0135 | Val Max Q-Miss: 0.0083 | Val Max Gen Viol: 0.0000 | Val Max Thermal: 0.0000
Epoch 9170 | Val Loss: 1.0882 | Val Cost: 2145.67 | Val Max P-Miss: 0.0155 | Val Max Q-Miss: 0.0081 | Val Max Gen Viol: 0.0000 | Val Max Thermal: 0.0000
Epoch 9180 | Val Loss: 1.0914 | Val Cost: 2146.75 | Val Max P-Miss: 0.0179 | Val Max Q-Miss: 0.0087 | Val Max Gen Viol: 0.0000 | Val Max Thermal: 0.0000
Epoch 9190 | Val Loss: 1.0900 | Val Cost: 2149.12 | Val Max P-Miss: 0.0169 | Val Max Q-Miss: 0.0098 | Val Max Gen Viol: 0.0000 | Val Max Thermal: 0.0000
Epoch 9200 | Val Loss: 1.0860 | Val Cost: 2144.39 | Val Max P-Miss: 0.0167 | Val Max Q-Miss: 0.0124 | Val Max Gen Viol: 0.0000 | Val Max Thermal: 0.0000
Epoch 9210 | Val Loss: 1.0883 | Val Cost: 2143.04 | Val Max P-Miss: 0.0182 | Val Max Q-Miss: 0.0095 | Val Max Gen Viol: 0.0000 | Val Max Thermal: 0.0000
Epoch 9220 | Val Loss: 1.0875 | Val Cost: 2143.20 | Val Max P-Miss: 0.0184 | Val Max Q-Miss: 0.0085 | Val Max Gen Viol: 0.0000 | Val Max Thermal: 0.0000
Epoch 9230 | Val Loss: 1.0862 | Val Cost: 2142.14 | Val Max P-Miss: 0.0173 | Val Max Q-Miss: 0.0083 | Val Max Gen Viol: 0.0000 | Val Max Thermal: 0.0000
Epoch 9240 | Val Loss: 1.0852 | Val Cost: 2146.19 | Val Max P-Miss: 0.0190 | Val Max Q-Miss: 0.0090 | Val Max Gen Viol: 0.0000 | Val Max Thermal: 0.0000
Epoch 9250 | Val Loss: 1.0963 | Val Cost: 2144.77 | Val Max P-Miss: 0.0154 | Val Max Q-Miss: 0.0116 | Val Max Gen Viol: 0.0000 | Val Max Thermal: 0.0000
Epoch 9260 | Val Loss: 1.1121 | Val Cost: 2153.85 | Val Max P-Miss: 0.0210 | Val Max Q-Miss: 0.0141 | Val Max Gen Viol: 0.0000 | Val Max Thermal: 0.0000
Epoch 9270 | Val Loss: 1.0869 | Val Cost: 2143.38 | Val Max P-Miss: 0.0123 | Val Max Q-Miss: 0.0087 | Val Max Gen Viol: 0.0000 | Val Max Thermal: 0.0000
Epoch 9280 | Val Loss: 1.0851 | Val Cost: 2143.29 | Val Max P-Miss: 0.0130 | Val Max Q-Miss: 0.0085 | Val Max Gen Viol: 0.0000 | Val Max Thermal: 0.0000
Epoch 9290 | Val Loss: 1.0867 | Val Cost: 2143.84 | Val Max P-Miss: 0.0136 | Val Max Q-Miss: 0.0086 | Val Max Gen Viol: 0.0000 | Val Max Thermal: 0.0000
Epoch 9300 | Val Loss: 1.0872 | Val Cost: 2143.86 | Val Max P-Miss: 0.0138 | Val Max Q-Miss: 0.0087 | Val Max Gen Viol: 0.0000 | Val Max Thermal: 0.0000
Epoch 9310 | Val Loss: 1.0868 | Val Cost: 2143.69 | Val Max P-Miss: 0.0143 | Val Max Q-Miss: 0.0089 | Val Max Gen Viol: 0.0000 | Val Max Thermal: 0.0000
Epoch 9320 | Val Loss: 1.0844 | Val Cost: 2143.32 | Val Max P-Miss: 0.0144 | Val Max Q-Miss: 0.0090 | Val Max Gen Viol: 0.0000 | Val Max Thermal: 0.0000
Epoch 9330 | Val Loss: 1.0860 | Val Cost: 2143.65 | Val Max P-Miss: 0.0140 | Val Max Q-Miss: 0.0091 | Val Max Gen Viol: 0.0000 | Val Max Thermal: 0.0000
Epoch 9340 | Val Loss: 1.0858 | Val Cost: 2143.54 | Val Max P-Miss: 0.0137 | Val Max Q-Miss: 0.0090 | Val Max Gen Viol: 0.0000 | Val Max Thermal: 0.0000
Epoch 9350 | Val Loss: 1.0867 | Val Cost: 2144.05 | Val Max P-Miss: 0.0136 | Val Max Q-Miss: 0.0093 | Val Max Gen Viol: 0.0000 | Val Max Thermal: 0.0000
Epoch 9360 | Val Loss: 1.0867 | Val Cost: 2143.68 | Val Max P-Miss: 0.0130 | Val Max Q-Miss: 0.0092 | Val Max Gen Viol: 0.0000 | Val Max Thermal: 0.0000
Epoch 9370 | Val Loss: 1.0866 | Val Cost: 2142.80 | Val Max P-Miss: 0.0139 | Val Max Q-Miss: 0.0088 | Val Max Gen Viol: 0.0000 | Val Max Thermal: 0.0000
Epoch 9380 | Val Loss: 1.0881 | Val Cost: 2143.60 | Val Max P-Miss: 0.0155 | Val Max Q-Miss: 0.0086 | Val Max Gen Viol: 0.0000 | Val Max Thermal: 0.0000
Epoch 9390 | Val Loss: 1.0886 | Val Cost: 2143.85 | Val Max P-Miss: 0.0153 | Val Max Q-Miss: 0.0083 | Val Max Gen Viol: 0.0000 | Val Max Thermal: 0.0000
Epoch 9400 | Val Loss: 1.0906 | Val Cost: 2141.76 | Val Max P-Miss: 0.0134 | Val Max Q-Miss: 0.0081 | Val Max Gen Viol: 0.0000 | Val Max Thermal: 0.0000
Epoch 9410 | Val Loss: 1.0911 | Val Cost: 2144.12 | Val Max P-Miss: 0.0149 | Val Max Q-Miss: 0.0124 | Val Max Gen Viol: 0.0000 | Val Max Thermal: 0.0000
Epoch 9420 | Val Loss: 1.0865 | Val Cost: 2142.99 | Val Max P-Miss: 0.0129 | Val Max Q-Miss: 0.0093 | Val Max Gen Viol: 0.0000 | Val Max Thermal: 0.0000
Epoch 9430 | Val Loss: 1.0873 | Val Cost: 2141.55 | Val Max P-Miss: 0.0138 | Val Max Q-Miss: 0.0080 | Val Max Gen Viol: 0.0000 | Val Max Thermal: 0.0000
Epoch 9440 | Val Loss: 1.0860 | Val Cost: 2141.95 | Val Max P-Miss: 0.0142 | Val Max Q-Miss: 0.0084 | Val Max Gen Viol: 0.0000 | Val Max Thermal: 0.0000
Epoch 9450 | Val Loss: 1.0854 | Val Cost: 2141.99 | Val Max P-Miss: 0.0141 | Val Max Q-Miss: 0.0086 | Val Max Gen Viol: 0.0000 | Val Max Thermal: 0.0000
Epoch 9460 | Val Loss: 1.0856 | Val Cost: 2143.12 | Val Max P-Miss: 0.0152 | Val Max Q-Miss: 0.0088 | Val Max Gen Viol: 0.0000 | Val Max Thermal: 0.0000
Epoch 9470 | Val Loss: 1.1373 | Val Cost: 2146.80 | Val Max P-Miss: 0.0293 | Val Max Q-Miss: 0.0114 | Val Max Gen Viol: 0.0000 | Val Max Thermal: 0.0000
Epoch 9480 | Val Loss: 1.0919 | Val Cost: 2144.27 | Val Max P-Miss: 0.0124 | Val Max Q-Miss: 0.0110 | Val Max Gen Viol: 0.0000 | Val Max Thermal: 0.0000
Epoch 9490 | Val Loss: 1.1013 | Val Cost: 2134.28 | Val Max P-Miss: 0.0238 | Val Max Q-Miss: 0.0146 | Val Max Gen Viol: 0.0000 | Val Max Thermal: 0.0000
Epoch 9500 | Val Loss: 1.0849 | Val Cost: 2143.27 | Val Max P-Miss: 0.0133 | Val Max Q-Miss: 0.0092 | Val Max Gen Viol: 0.0000 | Val Max Thermal: 0.0000
Epoch 9510 | Val Loss: 1.0881 | Val Cost: 2144.20 | Val Max P-Miss: 0.0147 | Val Max Q-Miss: 0.0083 | Val Max Gen Viol: 0.0000 | Val Max Thermal: 0.0000
Epoch 9520 | Val Loss: 1.0845 | Val Cost: 2143.68 | Val Max P-Miss: 0.0142 | Val Max Q-Miss: 0.0085 | Val Max Gen Viol: 0.0000 | Val Max Thermal: 0.0000
Epoch 9530 | Val Loss: 1.1093 | Val Cost: 2143.90 | Val Max P-Miss: 0.0281 | Val Max Q-Miss: 0.0111 | Val Max Gen Viol: 0.0000 | Val Max Thermal: 0.0000
Epoch 9540 | Val Loss: 1.0910 | Val Cost: 2143.47 | Val Max P-Miss: 0.0135 | Val Max Q-Miss: 0.0085 | Val Max Gen Viol: 0.0000 | Val Max Thermal: 0.0000
Epoch 9550 | Val Loss: 1.0889 | Val Cost: 2143.36 | Val Max P-Miss: 0.0141 | Val Max Q-Miss: 0.0089 | Val Max Gen Viol: 0.0000 | Val Max Thermal: 0.0000
Epoch 9560 | Val Loss: 1.0867 | Val Cost: 2143.67 | Val Max P-Miss: 0.0143 | Val Max Q-Miss: 0.0090 | Val Max Gen Viol: 0.0000 | Val Max Thermal: 0.0000
Epoch 9570 | Val Loss: 1.0857 | Val Cost: 2144.38 | Val Max P-Miss: 0.0150 | Val Max Q-Miss: 0.0095 | Val Max Gen Viol: 0.0000 | Val Max Thermal: 0.0000
Epoch 9580 | Val Loss: 1.0926 | Val Cost: 2142.79 | Val Max P-Miss: 0.0214 | Val Max Q-Miss: 0.0091 | Val Max Gen Viol: 0.0000 | Val Max Thermal: 0.0000
Epoch 9590 | Val Loss: 1.0878 | Val Cost: 2141.94 | Val Max P-Miss: 0.0170 | Val Max Q-Miss: 0.0096 | Val Max Gen Viol: 0.0000 | Val Max Thermal: 0.0000
Epoch 9600 | Val Loss: 1.0884 | Val Cost: 2141.90 | Val Max P-Miss: 0.0181 | Val Max Q-Miss: 0.0094 | Val Max Gen Viol: 0.0000 | Val Max Thermal: 0.0000
Epoch 9610 | Val Loss: 1.0894 | Val Cost: 2141.72 | Val Max P-Miss: 0.0186 | Val Max Q-Miss: 0.0094 | Val Max Gen Viol: 0.0000 | Val Max Thermal: 0.0000
Epoch 9620 | Val Loss: 1.0886 | Val Cost: 2141.95 | Val Max P-Miss: 0.0179 | Val Max Q-Miss: 0.0095 | Val Max Gen Viol: 0.0000 | Val Max Thermal: 0.0000
Epoch 9630 | Val Loss: 1.0886 | Val Cost: 2141.72 | Val Max P-Miss: 0.0183 | Val Max Q-Miss: 0.0094 | Val Max Gen Viol: 0.0000 | Val Max Thermal: 0.0000
Epoch 9640 | Val Loss: 1.0869 | Val Cost: 2141.48 | Val Max P-Miss: 0.0169 | Val Max Q-Miss: 0.0095 | Val Max Gen Viol: 0.0000 | Val Max Thermal: 0.0000
Epoch 9650 | Val Loss: 1.0865 | Val Cost: 2141.52 | Val Max P-Miss: 0.0147 | Val Max Q-Miss: 0.0099 | Val Max Gen Viol: 0.0000 | Val Max Thermal: 0.0000
Epoch 9660 | Val Loss: 1.0868 | Val Cost: 2141.27 | Val Max P-Miss: 0.0145 | Val Max Q-Miss: 0.0100 | Val Max Gen Viol: 0.0000 | Val Max Thermal: 0.0000
Epoch 9670 | Val Loss: 1.0870 | Val Cost: 2140.98 | Val Max P-Miss: 0.0142 | Val Max Q-Miss: 0.0099 | Val Max Gen Viol: 0.0000 | Val Max Thermal: 0.0000
Epoch 9680 | Val Loss: 1.0864 | Val Cost: 2141.65 | Val Max P-Miss: 0.0144 | Val Max Q-Miss: 0.0098 | Val Max Gen Viol: 0.0000 | Val Max Thermal: 0.0000
Epoch 9690 | Val Loss: 1.0845 | Val Cost: 2143.71 | Val Max P-Miss: 0.0155 | Val Max Q-Miss: 0.0100 | Val Max Gen Viol: 0.0000 | Val Max Thermal: 0.0000
Epoch 9700 | Val Loss: 1.0945 | Val Cost: 2149.80 | Val Max P-Miss: 0.0188 | Val Max Q-Miss: 0.0119 | Val Max Gen Viol: 0.0000 | Val Max Thermal: 0.0000
Epoch 9710 | Val Loss: 1.0925 | Val Cost: 2142.67 | Val Max P-Miss: 0.0186 | Val Max Q-Miss: 0.0126 | Val Max Gen Viol: 0.0000 | Val Max Thermal: 0.0000
Epoch 9720 | Val Loss: 1.0884 | Val Cost: 2141.17 | Val Max P-Miss: 0.0174 | Val Max Q-Miss: 0.0090 | Val Max Gen Viol: 0.0000 | Val Max Thermal: 0.0000
Epoch 9730 | Val Loss: 1.0879 | Val Cost: 2142.28 | Val Max P-Miss: 0.0168 | Val Max Q-Miss: 0.0093 | Val Max Gen Viol: 0.0000 | Val Max Thermal: 0.0000
Epoch 9740 | Val Loss: 1.0854 | Val Cost: 2142.57 | Val Max P-Miss: 0.0157 | Val Max Q-Miss: 0.0095 | Val Max Gen Viol: 0.0000 | Val Max Thermal: 0.0000
Epoch 9750 | Val Loss: 1.1143 | Val Cost: 2127.84 | Val Max P-Miss: 0.0252 | Val Max Q-Miss: 0.0241 | Val Max Gen Viol: 0.0000 | Val Max Thermal: 0.0000
Epoch 9760 | Val Loss: 1.0989 | Val Cost: 2142.47 | Val Max P-Miss: 0.0167 | Val Max Q-Miss: 0.0163 | Val Max Gen Viol: 0.0000 | Val Max Thermal: 0.0000
Epoch 9770 | Val Loss: 1.0918 | Val Cost: 2140.91 | Val Max P-Miss: 0.0144 | Val Max Q-Miss: 0.0127 | Val Max Gen Viol: 0.0000 | Val Max Thermal: 0.0000
Epoch 9780 | Val Loss: 1.0899 | Val Cost: 2141.16 | Val Max P-Miss: 0.0129 | Val Max Q-Miss: 0.0109 | Val Max Gen Viol: 0.0000 | Val Max Thermal: 0.0000
Epoch 9790 | Val Loss: 1.0897 | Val Cost: 2140.97 | Val Max P-Miss: 0.0128 | Val Max Q-Miss: 0.0103 | Val Max Gen Viol: 0.0000 | Val Max Thermal: 0.0000
Epoch 9800 | Val Loss: 1.0882 | Val Cost: 2140.43 | Val Max P-Miss: 0.0121 | Val Max Q-Miss: 0.0098 | Val Max Gen Viol: 0.0000 | Val Max Thermal: 0.0000
Epoch 9810 | Val Loss: 1.0935 | Val Cost: 2141.82 | Val Max P-Miss: 0.0148 | Val Max Q-Miss: 0.0091 | Val Max Gen Viol: 0.0000 | Val Max Thermal: 0.0000
Epoch 9820 | Val Loss: 1.0850 | Val Cost: 2143.06 | Val Max P-Miss: 0.0133 | Val Max Q-Miss: 0.0085 | Val Max Gen Viol: 0.0000 | Val Max Thermal: 0.0000
Epoch 9830 | Val Loss: 1.0898 | Val Cost: 2143.50 | Val Max P-Miss: 0.0145 | Val Max Q-Miss: 0.0114 | Val Max Gen Viol: 0.0000 | Val Max Thermal: 0.0000
Epoch 9840 | Val Loss: 1.0849 | Val Cost: 2143.48 | Val Max P-Miss: 0.0136 | Val Max Q-Miss: 0.0089 | Val Max Gen Viol: 0.0000 | Val Max Thermal: 0.0000
Epoch 9850 | Val Loss: 1.0864 | Val Cost: 2143.75 | Val Max P-Miss: 0.0127 | Val Max Q-Miss: 0.0090 | Val Max Gen Viol: 0.0000 | Val Max Thermal: 0.0000
Epoch 9860 | Val Loss: 1.0843 | Val Cost: 2143.10 | Val Max P-Miss: 0.0146 | Val Max Q-Miss: 0.0091 | Val Max Gen Viol: 0.0000 | Val Max Thermal: 0.0000
Epoch 9870 | Val Loss: 1.0855 | Val Cost: 2143.53 | Val Max P-Miss: 0.0139 | Val Max Q-Miss: 0.0091 | Val Max Gen Viol: 0.0000 | Val Max Thermal: 0.0000
Epoch 9880 | Val Loss: 1.0853 | Val Cost: 2143.56 | Val Max P-Miss: 0.0140 | Val Max Q-Miss: 0.0090 | Val Max Gen Viol: 0.0000 | Val Max Thermal: 0.0000
Epoch 9890 | Val Loss: 1.0856 | Val Cost: 2143.90 | Val Max P-Miss: 0.0151 | Val Max Q-Miss: 0.0085 | Val Max Gen Viol: 0.0000 | Val Max Thermal: 0.0000
Epoch 9900 | Val Loss: 1.0843 | Val Cost: 2143.59 | Val Max P-Miss: 0.0153 | Val Max Q-Miss: 0.0087 | Val Max Gen Viol: 0.0000 | Val Max Thermal: 0.0000
Epoch 9910 | Val Loss: 1.0849 | Val Cost: 2143.42 | Val Max P-Miss: 0.0152 | Val Max Q-Miss: 0.0085 | Val Max Gen Viol: 0.0000 | Val Max Thermal: 0.0000
Epoch 9920 | Val Loss: 1.0861 | Val Cost: 2142.53 | Val Max P-Miss: 0.0143 | Val Max Q-Miss: 0.0086 | Val Max Gen Viol: 0.0000 | Val Max Thermal: 0.0000
Epoch 9930 | Val Loss: 1.0873 | Val Cost: 2141.83 | Val Max P-Miss: 0.0135 | Val Max Q-Miss: 0.0085 | Val Max Gen Viol: 0.0000 | Val Max Thermal: 0.0000
Epoch 9940 | Val Loss: 1.0880 | Val Cost: 2141.58 | Val Max P-Miss: 0.0132 | Val Max Q-Miss: 0.0082 | Val Max Gen Viol: 0.0000 | Val Max Thermal: 0.0000
Epoch 9950 | Val Loss: 1.0896 | Val Cost: 2140.09 | Val Max P-Miss: 0.0134 | Val Max Q-Miss: 0.0092 | Val Max Gen Viol: 0.0000 | Val Max Thermal: 0.0000
Epoch 9960 | Val Loss: 1.1035 | Val Cost: 2137.61 | Val Max P-Miss: 0.0209 | Val Max Q-Miss: 0.0152 | Val Max Gen Viol: 0.0000 | Val Max Thermal: 0.0000
Epoch 9970 | Val Loss: 1.0898 | Val Cost: 2141.35 | Val Max P-Miss: 0.0180 | Val Max Q-Miss: 0.0101 | Val Max Gen Viol: 0.0000 | Val Max Thermal: 0.0000
Epoch 9980 | Val Loss: 1.0863 | Val Cost: 2145.78 | Val Max P-Miss: 0.0195 | Val Max Q-Miss: 0.0087 | Val Max Gen Viol: 0.0000 | Val Max Thermal: 0.0000
Epoch 9990 | Val Loss: 1.0959 | Val Cost: 2136.60 | Val Max P-Miss: 0.0163 | Val Max Q-Miss: 0.0106 | Val Max Gen Viol: 0.0000 | Val Max Thermal: 0.0000

==================================================
Training Complete!
Total Training Time: 00h 33m 55.01s
Best model weights saved to: ./model/best_fsnet_model_pglib_opf_case14_ieee_10000epochs_20260719_133009.pth
==================================================

