Job: acopf_ISS
Executing: ACOPF_pinn_baseline.py --case_name pglib_opf_case57_ieee --epochs 10000
Node: issnode1
GPU Allocated: 0
CUDA Hardware Acceleration Active: NVIDIA GeForce RTX 4090
--- STEP 1: EXHAUSTIVE DATASET INTEGRITY CHECK ---
All problem matrices are 100% clean of NaNs and Infs.
Problem Geometry Linked -> Matrix Samples: 10000

Beginning execution of parallelized training matrix loops...
Epoch    0 | Val Loss: 94.2430 | Val Cost: 24143.41 | Val Max P-Miss: 1.1640 | Max Q-Miss: 0.7413 | Val Max Gen Viol: 0.0000 | Val Max Thermal: 0.0000 [*SAVED BEST*]
Epoch   10 | Val Loss: 27.2875 | Val Cost: 28678.92 | Val Max P-Miss: 0.5769 | Max Q-Miss: 0.2676 | Val Max Gen Viol: 0.0000 | Val Max Thermal: 0.0000 [*SAVED BEST*]
Epoch   20 | Val Loss: 25.9813 | Val Cost: 30350.00 | Val Max P-Miss: 0.5761 | Max Q-Miss: 0.3074 | Val Max Gen Viol: 0.0000 | Val Max Thermal: 0.0000 [*SAVED BEST*]
Epoch   30 | Val Loss: 25.4839 | Val Cost: 30849.88 | Val Max P-Miss: 0.4840 | Max Q-Miss: 0.2140 | Val Max Gen Viol: 0.0000 | Val Max Thermal: 0.0000 [*SAVED BEST*]
Epoch   40 | Val Loss: 23.4385 | Val Cost: 30734.97 | Val Max P-Miss: 0.3899 | Max Q-Miss: 0.2076 | Val Max Gen Viol: 0.0000 | Val Max Thermal: 0.0000 [*SAVED BEST*]
Epoch   50 | Val Loss: 24.1936 | Val Cost: 31237.97 | Val Max P-Miss: 0.3687 | Max Q-Miss: 0.2114 | Val Max Gen Viol: 0.0000 | Val Max Thermal: 0.0000
Epoch   60 | Val Loss: 22.6388 | Val Cost: 31026.78 | Val Max P-Miss: 0.3324 | Max Q-Miss: 0.2138 | Val Max Gen Viol: 0.0000 | Val Max Thermal: 0.0000 [*SAVED BEST*]
Epoch   70 | Val Loss: 22.0171 | Val Cost: 31505.88 | Val Max P-Miss: 0.2823 | Max Q-Miss: 0.1547 | Val Max Gen Viol: 0.0000 | Val Max Thermal: 0.0000 [*SAVED BEST*]
Epoch   80 | Val Loss: 23.8334 | Val Cost: 31359.02 | Val Max P-Miss: 0.2570 | Max Q-Miss: 0.1307 | Val Max Gen Viol: 0.0000 | Val Max Thermal: 0.0000
Epoch   90 | Val Loss: 23.4932 | Val Cost: 31410.27 | Val Max P-Miss: 0.3541 | Max Q-Miss: 0.1750 | Val Max Gen Viol: 0.0000 | Val Max Thermal: 0.0000
Epoch  100 | Val Loss: 21.4032 | Val Cost: 31407.78 | Val Max P-Miss: 0.2543 | Max Q-Miss: 0.1269 | Val Max Gen Viol: 0.0000 | Val Max Thermal: 0.0000 [*SAVED BEST*]
Epoch  110 | Val Loss: 24.7955 | Val Cost: 31550.85 | Val Max P-Miss: 0.4756 | Max Q-Miss: 0.2337 | Val Max Gen Viol: 0.0000 | Val Max Thermal: 0.0000
Epoch  120 | Val Loss: 21.1383 | Val Cost: 31464.63 | Val Max P-Miss: 0.4290 | Max Q-Miss: 0.1543 | Val Max Gen Viol: 0.0000 | Val Max Thermal: 0.0000 [*SAVED BEST*]
Epoch  130 | Val Loss: 20.5678 | Val Cost: 31430.31 | Val Max P-Miss: 0.3879 | Max Q-Miss: 0.1433 | Val Max Gen Viol: 0.0000 | Val Max Thermal: 0.0000 [*SAVED BEST*]
Epoch  140 | Val Loss: 21.8399 | Val Cost: 31145.62 | Val Max P-Miss: 0.3307 | Max Q-Miss: 0.1734 | Val Max Gen Viol: 0.0000 | Val Max Thermal: 0.0000
Epoch  150 | Val Loss: 20.8485 | Val Cost: 31088.41 | Val Max P-Miss: 0.2358 | Max Q-Miss: 0.1628 | Val Max Gen Viol: 0.0000 | Val Max Thermal: 0.0000
Epoch  160 | Val Loss: 20.2130 | Val Cost: 31291.32 | Val Max P-Miss: 0.2142 | Max Q-Miss: 0.1205 | Val Max Gen Viol: 0.0000 | Val Max Thermal: 0.0000 [*SAVED BEST*]
Epoch  170 | Val Loss: 20.1531 | Val Cost: 31260.04 | Val Max P-Miss: 0.1716 | Max Q-Miss: 0.1091 | Val Max Gen Viol: 0.0000 | Val Max Thermal: 0.0000 [*SAVED BEST*]
Epoch  180 | Val Loss: 20.4200 | Val Cost: 31312.30 | Val Max P-Miss: 0.1689 | Max Q-Miss: 0.1645 | Val Max Gen Viol: 0.0000 | Val Max Thermal: 0.0000
Epoch  190 | Val Loss: 20.1136 | Val Cost: 31333.16 | Val Max P-Miss: 0.1905 | Max Q-Miss: 0.1576 | Val Max Gen Viol: 0.0000 | Val Max Thermal: 0.0000 [*SAVED BEST*]
Epoch  200 | Val Loss: 20.6803 | Val Cost: 31266.71 | Val Max P-Miss: 0.2165 | Max Q-Miss: 0.1673 | Val Max Gen Viol: 0.0000 | Val Max Thermal: 0.0000
Epoch  210 | Val Loss: 20.5304 | Val Cost: 30980.61 | Val Max P-Miss: 0.3567 | Max Q-Miss: 0.1110 | Val Max Gen Viol: 0.0000 | Val Max Thermal: 0.0000
Epoch  220 | Val Loss: 20.0266 | Val Cost: 31039.67 | Val Max P-Miss: 0.3037 | Max Q-Miss: 0.1000 | Val Max Gen Viol: 0.0000 | Val Max Thermal: 0.0000 [*SAVED BEST*]
Epoch  230 | Val Loss: 19.9620 | Val Cost: 31047.49 | Val Max P-Miss: 0.2509 | Max Q-Miss: 0.1128 | Val Max Gen Viol: 0.0000 | Val Max Thermal: 0.0000 [*SAVED BEST*]
Epoch  240 | Val Loss: 19.7970 | Val Cost: 31062.46 | Val Max P-Miss: 0.1787 | Max Q-Miss: 0.1215 | Val Max Gen Viol: 0.0000 | Val Max Thermal: 0.0000 [*SAVED BEST*]
Epoch  250 | Val Loss: 19.9387 | Val Cost: 31100.60 | Val Max P-Miss: 0.1520 | Max Q-Miss: 0.1316 | Val Max Gen Viol: 0.0000 | Val Max Thermal: 0.0000
Epoch  260 | Val Loss: 20.2261 | Val Cost: 31023.94 | Val Max P-Miss: 0.1906 | Max Q-Miss: 0.1444 | Val Max Gen Viol: 0.0000 | Val Max Thermal: 0.0000
Epoch  270 | Val Loss: 19.9822 | Val Cost: 31032.24 | Val Max P-Miss: 0.1720 | Max Q-Miss: 0.1260 | Val Max Gen Viol: 0.0000 | Val Max Thermal: 0.0000
Epoch  280 | Val Loss: 19.0041 | Val Cost: 30976.46 | Val Max P-Miss: 0.1479 | Max Q-Miss: 0.0962 | Val Max Gen Viol: 0.0000 | Val Max Thermal: 0.0000 [*SAVED BEST*]
Epoch  290 | Val Loss: 19.9517 | Val Cost: 30949.68 | Val Max P-Miss: 0.1808 | Max Q-Miss: 0.1541 | Val Max Gen Viol: 0.0000 | Val Max Thermal: 0.0000
Epoch  300 | Val Loss: 19.6647 | Val Cost: 30859.02 | Val Max P-Miss: 0.2278 | Max Q-Miss: 0.0934 | Val Max Gen Viol: 0.0000 | Val Max Thermal: 0.0000
Epoch  310 | Val Loss: 19.1757 | Val Cost: 30878.66 | Val Max P-Miss: 0.1912 | Max Q-Miss: 0.0794 | Val Max Gen Viol: 0.0000 | Val Max Thermal: 0.0000
Epoch  320 | Val Loss: 19.2072 | Val Cost: 30944.45 | Val Max P-Miss: 0.1498 | Max Q-Miss: 0.0762 | Val Max Gen Viol: 0.0000 | Val Max Thermal: 0.0000
Epoch  330 | Val Loss: 19.1733 | Val Cost: 30972.27 | Val Max P-Miss: 0.1535 | Max Q-Miss: 0.0851 | Val Max Gen Viol: 0.0000 | Val Max Thermal: 0.0000
Epoch  340 | Val Loss: 19.1779 | Val Cost: 30984.04 | Val Max P-Miss: 0.1584 | Max Q-Miss: 0.0877 | Val Max Gen Viol: 0.0000 | Val Max Thermal: 0.0000
Epoch  350 | Val Loss: 19.6676 | Val Cost: 31001.26 | Val Max P-Miss: 0.2057 | Max Q-Miss: 0.1011 | Val Max Gen Viol: 0.0000 | Val Max Thermal: 0.0000
Epoch  360 | Val Loss: 19.2540 | Val Cost: 30844.78 | Val Max P-Miss: 0.1710 | Max Q-Miss: 0.0954 | Val Max Gen Viol: 0.0000 | Val Max Thermal: 0.0000
Epoch  370 | Val Loss: 18.9442 | Val Cost: 30830.49 | Val Max P-Miss: 0.1393 | Max Q-Miss: 0.0828 | Val Max Gen Viol: 0.0000 | Val Max Thermal: 0.0000 [*SAVED BEST*]
Epoch  380 | Val Loss: 19.6887 | Val Cost: 30740.61 | Val Max P-Miss: 0.1944 | Max Q-Miss: 0.1107 | Val Max Gen Viol: 0.0000 | Val Max Thermal: 0.0000
Epoch  390 | Val Loss: 19.4735 | Val Cost: 30805.85 | Val Max P-Miss: 0.1399 | Max Q-Miss: 0.1084 | Val Max Gen Viol: 0.0000 | Val Max Thermal: 0.0000
Epoch  400 | Val Loss: 19.0195 | Val Cost: 30801.56 | Val Max P-Miss: 0.1400 | Max Q-Miss: 0.0751 | Val Max Gen Viol: 0.0000 | Val Max Thermal: 0.0000
Epoch  410 | Val Loss: 18.9217 | Val Cost: 30836.13 | Val Max P-Miss: 0.1270 | Max Q-Miss: 0.0712 | Val Max Gen Viol: 0.0000 | Val Max Thermal: 0.0000 [*SAVED BEST*]
Epoch  420 | Val Loss: 18.8495 | Val Cost: 30871.95 | Val Max P-Miss: 0.1266 | Max Q-Miss: 0.0608 | Val Max Gen Viol: 0.0000 | Val Max Thermal: 0.0000 [*SAVED BEST*]
Epoch  430 | Val Loss: 19.7072 | Val Cost: 30873.49 | Val Max P-Miss: 0.1634 | Max Q-Miss: 0.1181 | Val Max Gen Viol: 0.0000 | Val Max Thermal: 0.0000
Epoch  440 | Val Loss: 18.9415 | Val Cost: 30823.78 | Val Max P-Miss: 0.1299 | Max Q-Miss: 0.0800 | Val Max Gen Viol: 0.0000 | Val Max Thermal: 0.0000
Epoch  450 | Val Loss: 18.9703 | Val Cost: 30700.80 | Val Max P-Miss: 0.1848 | Max Q-Miss: 0.0842 | Val Max Gen Viol: 0.0000 | Val Max Thermal: 0.0000
Epoch  460 | Val Loss: 19.2286 | Val Cost: 30783.06 | Val Max P-Miss: 0.1443 | Max Q-Miss: 0.1575 | Val Max Gen Viol: 0.0000 | Val Max Thermal: 0.0000
Epoch  470 | Val Loss: 19.1367 | Val Cost: 30665.20 | Val Max P-Miss: 0.1506 | Max Q-Miss: 0.0879 | Val Max Gen Viol: 0.0000 | Val Max Thermal: 0.0000
Epoch  480 | Val Loss: 18.9733 | Val Cost: 30646.45 | Val Max P-Miss: 0.2132 | Max Q-Miss: 0.0750 | Val Max Gen Viol: 0.0000 | Val Max Thermal: 0.0000
Epoch  490 | Val Loss: 19.6537 | Val Cost: 30690.75 | Val Max P-Miss: 0.1615 | Max Q-Miss: 0.1107 | Val Max Gen Viol: 0.0000 | Val Max Thermal: 0.0000
Epoch  500 | Val Loss: 18.8532 | Val Cost: 30667.12 | Val Max P-Miss: 0.1440 | Max Q-Miss: 0.1067 | Val Max Gen Viol: 0.0000 | Val Max Thermal: 0.0000
Epoch  510 | Val Loss: 18.6607 | Val Cost: 30709.17 | Val Max P-Miss: 0.1273 | Max Q-Miss: 0.1057 | Val Max Gen Viol: 0.0000 | Val Max Thermal: 0.0000 [*SAVED BEST*]
Epoch  520 | Val Loss: 18.8674 | Val Cost: 30627.09 | Val Max P-Miss: 0.1553 | Max Q-Miss: 0.0852 | Val Max Gen Viol: 0.0000 | Val Max Thermal: 0.0000
Epoch  530 | Val Loss: 18.8204 | Val Cost: 30647.57 | Val Max P-Miss: 0.1651 | Max Q-Miss: 0.0880 | Val Max Gen Viol: 0.0000 | Val Max Thermal: 0.0000
Epoch  540 | Val Loss: 18.7118 | Val Cost: 30576.94 | Val Max P-Miss: 0.1670 | Max Q-Miss: 0.0801 | Val Max Gen Viol: 0.0000 | Val Max Thermal: 0.0000
Epoch  550 | Val Loss: 19.0925 | Val Cost: 30553.52 | Val Max P-Miss: 0.2152 | Max Q-Miss: 0.1360 | Val Max Gen Viol: 0.0000 | Val Max Thermal: 0.0000
Epoch  560 | Val Loss: 18.9910 | Val Cost: 30575.31 | Val Max P-Miss: 0.1811 | Max Q-Miss: 0.1226 | Val Max Gen Viol: 0.0000 | Val Max Thermal: 0.0000
Epoch  570 | Val Loss: 18.8604 | Val Cost: 30646.04 | Val Max P-Miss: 0.1269 | Max Q-Miss: 0.0916 | Val Max Gen Viol: 0.0000 | Val Max Thermal: 0.0000
Epoch  580 | Val Loss: 18.7585 | Val Cost: 30642.50 | Val Max P-Miss: 0.1185 | Max Q-Miss: 0.0711 | Val Max Gen Viol: 0.0000 | Val Max Thermal: 0.0000
Epoch  590 | Val Loss: 18.6617 | Val Cost: 30675.81 | Val Max P-Miss: 0.1193 | Max Q-Miss: 0.0774 | Val Max Gen Viol: 0.0000 | Val Max Thermal: 0.0000
Epoch  600 | Val Loss: 19.0852 | Val Cost: 30650.14 | Val Max P-Miss: 0.1395 | Max Q-Miss: 0.0881 | Val Max Gen Viol: 0.0000 | Val Max Thermal: 0.0000
Epoch  610 | Val Loss: 19.2040 | Val Cost: 30524.88 | Val Max P-Miss: 0.1842 | Max Q-Miss: 0.1226 | Val Max Gen Viol: 0.0000 | Val Max Thermal: 0.0000
Epoch  620 | Val Loss: 18.8934 | Val Cost: 30488.69 | Val Max P-Miss: 0.2539 | Max Q-Miss: 0.0592 | Val Max Gen Viol: 0.0000 | Val Max Thermal: 0.0000
Epoch  630 | Val Loss: 18.8006 | Val Cost: 30500.23 | Val Max P-Miss: 0.2427 | Max Q-Miss: 0.0561 | Val Max Gen Viol: 0.0000 | Val Max Thermal: 0.0000
Epoch  640 | Val Loss: 18.7447 | Val Cost: 30559.35 | Val Max P-Miss: 0.1764 | Max Q-Miss: 0.0720 | Val Max Gen Viol: 0.0000 | Val Max Thermal: 0.0000
Epoch  650 | Val Loss: 18.8130 | Val Cost: 30528.65 | Val Max P-Miss: 0.1406 | Max Q-Miss: 0.0923 | Val Max Gen Viol: 0.0000 | Val Max Thermal: 0.0000
Epoch  660 | Val Loss: 18.7197 | Val Cost: 30579.98 | Val Max P-Miss: 0.1167 | Max Q-Miss: 0.0815 | Val Max Gen Viol: 0.0000 | Val Max Thermal: 0.0000
Epoch  670 | Val Loss: 19.5662 | Val Cost: 30562.42 | Val Max P-Miss: 0.1633 | Max Q-Miss: 0.1389 | Val Max Gen Viol: 0.0000 | Val Max Thermal: 0.0000
Epoch  680 | Val Loss: 18.9365 | Val Cost: 30392.05 | Val Max P-Miss: 0.1805 | Max Q-Miss: 0.1027 | Val Max Gen Viol: 0.0000 | Val Max Thermal: 0.0000
Epoch  690 | Val Loss: 18.7508 | Val Cost: 30413.34 | Val Max P-Miss: 0.1931 | Max Q-Miss: 0.0937 | Val Max Gen Viol: 0.0000 | Val Max Thermal: 0.0000
Epoch  700 | Val Loss: 19.2726 | Val Cost: 30300.81 | Val Max P-Miss: 0.2044 | Max Q-Miss: 0.1289 | Val Max Gen Viol: 0.0000 | Val Max Thermal: 0.0000
Epoch  710 | Val Loss: 18.6740 | Val Cost: 30465.11 | Val Max P-Miss: 0.1339 | Max Q-Miss: 0.0724 | Val Max Gen Viol: 0.0000 | Val Max Thermal: 0.0000
Epoch  720 | Val Loss: 18.6328 | Val Cost: 30553.39 | Val Max P-Miss: 0.1385 | Max Q-Miss: 0.0739 | Val Max Gen Viol: 0.0000 | Val Max Thermal: 0.0000 [*SAVED BEST*]
Epoch  730 | Val Loss: 18.6090 | Val Cost: 30454.01 | Val Max P-Miss: 0.1564 | Max Q-Miss: 0.0643 | Val Max Gen Viol: 0.0000 | Val Max Thermal: 0.0000 [*SAVED BEST*]
Epoch  740 | Val Loss: 18.5567 | Val Cost: 30449.41 | Val Max P-Miss: 0.1492 | Max Q-Miss: 0.0900 | Val Max Gen Viol: 0.0000 | Val Max Thermal: 0.0000 [*SAVED BEST*]
Epoch  750 | Val Loss: 18.4526 | Val Cost: 30440.90 | Val Max P-Miss: 0.1208 | Max Q-Miss: 0.0776 | Val Max Gen Viol: 0.0000 | Val Max Thermal: 0.0000 [*SAVED BEST*]
Epoch  760 | Val Loss: 18.7055 | Val Cost: 30362.12 | Val Max P-Miss: 0.1616 | Max Q-Miss: 0.0908 | Val Max Gen Viol: 0.0000 | Val Max Thermal: 0.0000
Epoch  770 | Val Loss: 18.4673 | Val Cost: 30359.34 | Val Max P-Miss: 0.1523 | Max Q-Miss: 0.0716 | Val Max Gen Viol: 0.0000 | Val Max Thermal: 0.0000
Epoch  780 | Val Loss: 18.7664 | Val Cost: 30414.93 | Val Max P-Miss: 0.1329 | Max Q-Miss: 0.1193 | Val Max Gen Viol: 0.0000 | Val Max Thermal: 0.0000
Epoch  790 | Val Loss: 18.4481 | Val Cost: 30366.33 | Val Max P-Miss: 0.1341 | Max Q-Miss: 0.0757 | Val Max Gen Viol: 0.0000 | Val Max Thermal: 0.0000 [*SAVED BEST*]
Epoch  800 | Val Loss: 18.3944 | Val Cost: 30360.65 | Val Max P-Miss: 0.1266 | Max Q-Miss: 0.0728 | Val Max Gen Viol: 0.0000 | Val Max Thermal: 0.0000 [*SAVED BEST*]
Epoch  810 | Val Loss: 18.3645 | Val Cost: 30387.56 | Val Max P-Miss: 0.1183 | Max Q-Miss: 0.0688 | Val Max Gen Viol: 0.0000 | Val Max Thermal: 0.0000 [*SAVED BEST*]
Epoch  820 | Val Loss: 18.3648 | Val Cost: 30387.35 | Val Max P-Miss: 0.1184 | Max Q-Miss: 0.0658 | Val Max Gen Viol: 0.0000 | Val Max Thermal: 0.0000
Epoch  830 | Val Loss: 18.4877 | Val Cost: 30304.59 | Val Max P-Miss: 0.1778 | Max Q-Miss: 0.0605 | Val Max Gen Viol: 0.0000 | Val Max Thermal: 0.0000
Epoch  840 | Val Loss: 18.8496 | Val Cost: 30403.41 | Val Max P-Miss: 0.1584 | Max Q-Miss: 0.0850 | Val Max Gen Viol: 0.0000 | Val Max Thermal: 0.0000
Epoch  850 | Val Loss: 18.6890 | Val Cost: 30302.97 | Val Max P-Miss: 0.1891 | Max Q-Miss: 0.0713 | Val Max Gen Viol: 0.0000 | Val Max Thermal: 0.0000
Epoch  860 | Val Loss: 18.5505 | Val Cost: 30280.52 | Val Max P-Miss: 0.1420 | Max Q-Miss: 0.0967 | Val Max Gen Viol: 0.0000 | Val Max Thermal: 0.0000
Epoch  870 | Val Loss: 18.6061 | Val Cost: 30257.72 | Val Max P-Miss: 0.1558 | Max Q-Miss: 0.0774 | Val Max Gen Viol: 0.0000 | Val Max Thermal: 0.0000
Epoch  880 | Val Loss: 19.1377 | Val Cost: 30127.55 | Val Max P-Miss: 0.2918 | Max Q-Miss: 0.0671 | Val Max Gen Viol: 0.0000 | Val Max Thermal: 0.0000
Epoch  890 | Val Loss: 18.4322 | Val Cost: 30288.66 | Val Max P-Miss: 0.1253 | Max Q-Miss: 0.0753 | Val Max Gen Viol: 0.0000 | Val Max Thermal: 0.0000
Epoch  900 | Val Loss: 18.3028 | Val Cost: 30344.86 | Val Max P-Miss: 0.1266 | Max Q-Miss: 0.0653 | Val Max Gen Viol: 0.0000 | Val Max Thermal: 0.0000 [*SAVED BEST*]
Epoch  910 | Val Loss: 18.5891 | Val Cost: 30296.37 | Val Max P-Miss: 0.1398 | Max Q-Miss: 0.1002 | Val Max Gen Viol: 0.0000 | Val Max Thermal: 0.0000
Epoch  920 | Val Loss: 18.4013 | Val Cost: 30332.84 | Val Max P-Miss: 0.1253 | Max Q-Miss: 0.0538 | Val Max Gen Viol: 0.0000 | Val Max Thermal: 0.0000
Epoch  930 | Val Loss: 18.3538 | Val Cost: 30361.85 | Val Max P-Miss: 0.1157 | Max Q-Miss: 0.0532 | Val Max Gen Viol: 0.0000 | Val Max Thermal: 0.0000
Epoch  940 | Val Loss: 18.2363 | Val Cost: 30385.40 | Val Max P-Miss: 0.1153 | Max Q-Miss: 0.0567 | Val Max Gen Viol: 0.0000 | Val Max Thermal: 0.0000 [*SAVED BEST*]
Epoch  950 | Val Loss: 18.2642 | Val Cost: 30359.55 | Val Max P-Miss: 0.1156 | Max Q-Miss: 0.0623 | Val Max Gen Viol: 0.0000 | Val Max Thermal: 0.0000
Epoch  960 | Val Loss: 18.8707 | Val Cost: 30157.15 | Val Max P-Miss: 0.1836 | Max Q-Miss: 0.0624 | Val Max Gen Viol: 0.0000 | Val Max Thermal: 0.0000
Epoch  970 | Val Loss: 19.0455 | Val Cost: 30209.25 | Val Max P-Miss: 0.1896 | Max Q-Miss: 0.0779 | Val Max Gen Viol: 0.0000 | Val Max Thermal: 0.0000
Epoch  980 | Val Loss: 18.7518 | Val Cost: 30328.88 | Val Max P-Miss: 0.1499 | Max Q-Miss: 0.0805 | Val Max Gen Viol: 0.0000 | Val Max Thermal: 0.0000
Epoch  990 | Val Loss: 18.4075 | Val Cost: 30238.93 | Val Max P-Miss: 0.1596 | Max Q-Miss: 0.0840 | Val Max Gen Viol: 0.0000 | Val Max Thermal: 0.0000
Epoch 1000 | Val Loss: 18.2489 | Val Cost: 30239.01 | Val Max P-Miss: 0.1419 | Max Q-Miss: 0.0586 | Val Max Gen Viol: 0.0000 | Val Max Thermal: 0.0000
Epoch 1010 | Val Loss: 18.2401 | Val Cost: 30287.69 | Val Max P-Miss: 0.1397 | Max Q-Miss: 0.0657 | Val Max Gen Viol: 0.0000 | Val Max Thermal: 0.0000
Epoch 1020 | Val Loss: 18.4466 | Val Cost: 30143.92 | Val Max P-Miss: 0.1489 | Max Q-Miss: 0.1010 | Val Max Gen Viol: 0.0000 | Val Max Thermal: 0.0000
Epoch 1030 | Val Loss: 18.7402 | Val Cost: 30160.54 | Val Max P-Miss: 0.1853 | Max Q-Miss: 0.0690 | Val Max Gen Viol: 0.0000 | Val Max Thermal: 0.0000
Epoch 1040 | Val Loss: 18.5452 | Val Cost: 30096.67 | Val Max P-Miss: 0.1691 | Max Q-Miss: 0.0651 | Val Max Gen Viol: 0.0000 | Val Max Thermal: 0.0000
Epoch 1050 | Val Loss: 18.4307 | Val Cost: 30184.33 | Val Max P-Miss: 0.1571 | Max Q-Miss: 0.0519 | Val Max Gen Viol: 0.0000 | Val Max Thermal: 0.0000
Epoch 1060 | Val Loss: 18.3808 | Val Cost: 30108.46 | Val Max P-Miss: 0.1842 | Max Q-Miss: 0.0524 | Val Max Gen Viol: 0.0000 | Val Max Thermal: 0.0000
Epoch 1070 | Val Loss: 18.3484 | Val Cost: 30195.52 | Val Max P-Miss: 0.1755 | Max Q-Miss: 0.0710 | Val Max Gen Viol: 0.0000 | Val Max Thermal: 0.0000
Epoch 1080 | Val Loss: 18.8739 | Val Cost: 30145.29 | Val Max P-Miss: 0.1340 | Max Q-Miss: 0.1216 | Val Max Gen Viol: 0.0000 | Val Max Thermal: 0.0000
Epoch 1090 | Val Loss: 18.1807 | Val Cost: 30180.36 | Val Max P-Miss: 0.1169 | Max Q-Miss: 0.0817 | Val Max Gen Viol: 0.0000 | Val Max Thermal: 0.0000 [*SAVED BEST*]
Epoch 1100 | Val Loss: 18.1818 | Val Cost: 30228.12 | Val Max P-Miss: 0.1188 | Max Q-Miss: 0.0735 | Val Max Gen Viol: 0.0000 | Val Max Thermal: 0.0000
Epoch 1110 | Val Loss: 18.1611 | Val Cost: 30262.02 | Val Max P-Miss: 0.1116 | Max Q-Miss: 0.0603 | Val Max Gen Viol: 0.0000 | Val Max Thermal: 0.0000 [*SAVED BEST*]
Epoch 1120 | Val Loss: 18.0823 | Val Cost: 30236.28 | Val Max P-Miss: 0.1016 | Max Q-Miss: 0.0554 | Val Max Gen Viol: 0.0000 | Val Max Thermal: 0.0000 [*SAVED BEST*]
Epoch 1130 | Val Loss: 18.1045 | Val Cost: 30245.62 | Val Max P-Miss: 0.1060 | Max Q-Miss: 0.0588 | Val Max Gen Viol: 0.0000 | Val Max Thermal: 0.0000
Epoch 1140 | Val Loss: 18.0475 | Val Cost: 30252.35 | Val Max P-Miss: 0.0999 | Max Q-Miss: 0.0518 | Val Max Gen Viol: 0.0000 | Val Max Thermal: 0.0000 [*SAVED BEST*]
Epoch 1150 | Val Loss: 18.2529 | Val Cost: 30342.89 | Val Max P-Miss: 0.1119 | Max Q-Miss: 0.0579 | Val Max Gen Viol: 0.0000 | Val Max Thermal: 0.0000
Epoch 1160 | Val Loss: 18.4059 | Val Cost: 30304.24 | Val Max P-Miss: 0.1051 | Max Q-Miss: 0.1098 | Val Max Gen Viol: 0.0000 | Val Max Thermal: 0.0000
Epoch 1170 | Val Loss: 19.3286 | Val Cost: 30110.25 | Val Max P-Miss: 0.2865 | Max Q-Miss: 0.1315 | Val Max Gen Viol: 0.0000 | Val Max Thermal: 0.0000
Epoch 1180 | Val Loss: 18.4513 | Val Cost: 30022.71 | Val Max P-Miss: 0.2377 | Max Q-Miss: 0.1186 | Val Max Gen Viol: 0.0000 | Val Max Thermal: 0.0000
Epoch 1190 | Val Loss: 19.3657 | Val Cost: 30061.96 | Val Max P-Miss: 0.2191 | Max Q-Miss: 0.1436 | Val Max Gen Viol: 0.0000 | Val Max Thermal: 0.0000
Epoch 1200 | Val Loss: 18.3909 | Val Cost: 30062.77 | Val Max P-Miss: 0.1351 | Max Q-Miss: 0.0653 | Val Max Gen Viol: 0.0000 | Val Max Thermal: 0.0000
Epoch 1210 | Val Loss: 18.3116 | Val Cost: 30037.31 | Val Max P-Miss: 0.1289 | Max Q-Miss: 0.0714 | Val Max Gen Viol: 0.0000 | Val Max Thermal: 0.0000
Epoch 1220 | Val Loss: 18.2059 | Val Cost: 30108.30 | Val Max P-Miss: 0.1091 | Max Q-Miss: 0.0578 | Val Max Gen Viol: 0.0000 | Val Max Thermal: 0.0000
Epoch 1230 | Val Loss: 18.2534 | Val Cost: 30145.87 | Val Max P-Miss: 0.1664 | Max Q-Miss: 0.0588 | Val Max Gen Viol: 0.0000 | Val Max Thermal: 0.0000
Epoch 1240 | Val Loss: 18.1493 | Val Cost: 30111.50 | Val Max P-Miss: 0.1609 | Max Q-Miss: 0.0620 | Val Max Gen Viol: 0.0000 | Val Max Thermal: 0.0000
Epoch 1250 | Val Loss: 18.2789 | Val Cost: 30056.89 | Val Max P-Miss: 0.1297 | Max Q-Miss: 0.0819 | Val Max Gen Viol: 0.0000 | Val Max Thermal: 0.0000
Epoch 1260 | Val Loss: 18.5769 | Val Cost: 30113.06 | Val Max P-Miss: 0.1499 | Max Q-Miss: 0.0722 | Val Max Gen Viol: 0.0000 | Val Max Thermal: 0.0000
Epoch 1270 | Val Loss: 18.2366 | Val Cost: 30024.22 | Val Max P-Miss: 0.1189 | Max Q-Miss: 0.1007 | Val Max Gen Viol: 0.0000 | Val Max Thermal: 0.0000
Epoch 1280 | Val Loss: 18.9243 | Val Cost: 30143.09 | Val Max P-Miss: 0.1373 | Max Q-Miss: 0.1119 | Val Max Gen Viol: 0.0000 | Val Max Thermal: 0.0000
Epoch 1290 | Val Loss: 18.2110 | Val Cost: 30062.53 | Val Max P-Miss: 0.1348 | Max Q-Miss: 0.0899 | Val Max Gen Viol: 0.0000 | Val Max Thermal: 0.0000
Epoch 1300 | Val Loss: 18.4413 | Val Cost: 29769.90 | Val Max P-Miss: 0.1580 | Max Q-Miss: 0.1096 | Val Max Gen Viol: 0.0000 | Val Max Thermal: 0.0000
Epoch 1310 | Val Loss: 18.1953 | Val Cost: 30042.07 | Val Max P-Miss: 0.1366 | Max Q-Miss: 0.0771 | Val Max Gen Viol: 0.0000 | Val Max Thermal: 0.0000
Epoch 1320 | Val Loss: 18.0510 | Val Cost: 30067.19 | Val Max P-Miss: 0.1201 | Max Q-Miss: 0.0590 | Val Max Gen Viol: 0.0000 | Val Max Thermal: 0.0000
Epoch 1330 | Val Loss: 18.0558 | Val Cost: 30066.10 | Val Max P-Miss: 0.1130 | Max Q-Miss: 0.0624 | Val Max Gen Viol: 0.0000 | Val Max Thermal: 0.0000
Epoch 1340 | Val Loss: 18.1619 | Val Cost: 30056.62 | Val Max P-Miss: 0.1117 | Max Q-Miss: 0.0739 | Val Max Gen Viol: 0.0000 | Val Max Thermal: 0.0000
Epoch 1350 | Val Loss: 19.1831 | Val Cost: 30052.47 | Val Max P-Miss: 0.1659 | Max Q-Miss: 0.0927 | Val Max Gen Viol: 0.0000 | Val Max Thermal: 0.0000
Epoch 1360 | Val Loss: 18.1725 | Val Cost: 30014.08 | Val Max P-Miss: 0.1639 | Max Q-Miss: 0.0761 | Val Max Gen Viol: 0.0000 | Val Max Thermal: 0.0000
Epoch 1370 | Val Loss: 18.0540 | Val Cost: 30006.15 | Val Max P-Miss: 0.1101 | Max Q-Miss: 0.0701 | Val Max Gen Viol: 0.0000 | Val Max Thermal: 0.0000
Epoch 1380 | Val Loss: 18.0482 | Val Cost: 30074.59 | Val Max P-Miss: 0.1182 | Max Q-Miss: 0.0625 | Val Max Gen Viol: 0.0000 | Val Max Thermal: 0.0000
Epoch 1390 | Val Loss: 18.1009 | Val Cost: 29941.67 | Val Max P-Miss: 0.1591 | Max Q-Miss: 0.0497 | Val Max Gen Viol: 0.0000 | Val Max Thermal: 0.0000
Epoch 1400 | Val Loss: 18.1713 | Val Cost: 29824.97 | Val Max P-Miss: 0.1506 | Max Q-Miss: 0.0677 | Val Max Gen Viol: 0.0000 | Val Max Thermal: 0.0000
Epoch 1410 | Val Loss: 18.1579 | Val Cost: 29890.67 | Val Max P-Miss: 0.1377 | Max Q-Miss: 0.0899 | Val Max Gen Viol: 0.0000 | Val Max Thermal: 0.0000
Epoch 1420 | Val Loss: 18.2723 | Val Cost: 29977.91 | Val Max P-Miss: 0.1328 | Max Q-Miss: 0.1041 | Val Max Gen Viol: 0.0000 | Val Max Thermal: 0.0000
Epoch 1430 | Val Loss: 18.1216 | Val Cost: 30037.57 | Val Max P-Miss: 0.1117 | Max Q-Miss: 0.0771 | Val Max Gen Viol: 0.0000 | Val Max Thermal: 0.0000
Epoch 1440 | Val Loss: 18.5819 | Val Cost: 30066.70 | Val Max P-Miss: 0.1869 | Max Q-Miss: 0.1192 | Val Max Gen Viol: 0.0000 | Val Max Thermal: 0.0000
Epoch 1450 | Val Loss: 18.2360 | Val Cost: 29925.90 | Val Max P-Miss: 0.1593 | Max Q-Miss: 0.0848 | Val Max Gen Viol: 0.0000 | Val Max Thermal: 0.0000
Epoch 1460 | Val Loss: 18.1485 | Val Cost: 30040.35 | Val Max P-Miss: 0.1394 | Max Q-Miss: 0.0694 | Val Max Gen Viol: 0.0000 | Val Max Thermal: 0.0000
Epoch 1470 | Val Loss: 17.9703 | Val Cost: 29967.74 | Val Max P-Miss: 0.1104 | Max Q-Miss: 0.0694 | Val Max Gen Viol: 0.0000 | Val Max Thermal: 0.0000 [*SAVED BEST*]
Epoch 1480 | Val Loss: 18.6403 | Val Cost: 29980.14 | Val Max P-Miss: 0.1773 | Max Q-Miss: 0.0799 | Val Max Gen Viol: 0.0000 | Val Max Thermal: 0.0000
Epoch 1490 | Val Loss: 18.1216 | Val Cost: 29925.56 | Val Max P-Miss: 0.1775 | Max Q-Miss: 0.0833 | Val Max Gen Viol: 0.0000 | Val Max Thermal: 0.0000
Epoch 1500 | Val Loss: 17.9200 | Val Cost: 29918.35 | Val Max P-Miss: 0.1121 | Max Q-Miss: 0.0583 | Val Max Gen Viol: 0.0000 | Val Max Thermal: 0.0000 [*SAVED BEST*]
Epoch 1510 | Val Loss: 19.2307 | Val Cost: 30173.99 | Val Max P-Miss: 0.1786 | Max Q-Miss: 0.1104 | Val Max Gen Viol: 0.0000 | Val Max Thermal: 0.0000
Epoch 1520 | Val Loss: 18.2325 | Val Cost: 29905.44 | Val Max P-Miss: 0.1414 | Max Q-Miss: 0.0674 | Val Max Gen Viol: 0.0000 | Val Max Thermal: 0.0000
Epoch 1530 | Val Loss: 18.1300 | Val Cost: 29832.84 | Val Max P-Miss: 0.1565 | Max Q-Miss: 0.0560 | Val Max Gen Viol: 0.0000 | Val Max Thermal: 0.0000
Epoch 1540 | Val Loss: 18.0269 | Val Cost: 29949.40 | Val Max P-Miss: 0.1291 | Max Q-Miss: 0.0536 | Val Max Gen Viol: 0.0000 | Val Max Thermal: 0.0000
Epoch 1550 | Val Loss: 17.9770 | Val Cost: 29902.89 | Val Max P-Miss: 0.1233 | Max Q-Miss: 0.0634 | Val Max Gen Viol: 0.0000 | Val Max Thermal: 0.0000
Epoch 1560 | Val Loss: 18.1864 | Val Cost: 29924.65 | Val Max P-Miss: 0.1723 | Max Q-Miss: 0.0720 | Val Max Gen Viol: 0.0000 | Val Max Thermal: 0.0000
Epoch 1570 | Val Loss: 17.9706 | Val Cost: 29952.16 | Val Max P-Miss: 0.1597 | Max Q-Miss: 0.0528 | Val Max Gen Viol: 0.0000 | Val Max Thermal: 0.0000
Epoch 1580 | Val Loss: 18.3539 | Val Cost: 30086.67 | Val Max P-Miss: 0.1181 | Max Q-Miss: 0.0615 | Val Max Gen Viol: 0.0000 | Val Max Thermal: 0.0000
Epoch 1590 | Val Loss: 17.9388 | Val Cost: 29866.49 | Val Max P-Miss: 0.1320 | Max Q-Miss: 0.0667 | Val Max Gen Viol: 0.0000 | Val Max Thermal: 0.0000
Epoch 1600 | Val Loss: 17.9182 | Val Cost: 29890.04 | Val Max P-Miss: 0.1189 | Max Q-Miss: 0.0611 | Val Max Gen Viol: 0.0000 | Val Max Thermal: 0.0000 [*SAVED BEST*]
Epoch 1610 | Val Loss: 17.8761 | Val Cost: 29899.72 | Val Max P-Miss: 0.1108 | Max Q-Miss: 0.0535 | Val Max Gen Viol: 0.0000 | Val Max Thermal: 0.0000 [*SAVED BEST*]
Epoch 1620 | Val Loss: 17.8726 | Val Cost: 29904.79 | Val Max P-Miss: 0.1057 | Max Q-Miss: 0.0553 | Val Max Gen Viol: 0.0000 | Val Max Thermal: 0.0000 [*SAVED BEST*]
Epoch 1630 | Val Loss: 17.8590 | Val Cost: 29884.06 | Val Max P-Miss: 0.1071 | Max Q-Miss: 0.0592 | Val Max Gen Viol: 0.0000 | Val Max Thermal: 0.0000 [*SAVED BEST*]
Epoch 1640 | Val Loss: 18.0503 | Val Cost: 29808.35 | Val Max P-Miss: 0.1535 | Max Q-Miss: 0.0608 | Val Max Gen Viol: 0.0000 | Val Max Thermal: 0.0000
Epoch 1650 | Val Loss: 18.2604 | Val Cost: 29656.27 | Val Max P-Miss: 0.1576 | Max Q-Miss: 0.1024 | Val Max Gen Viol: 0.0000 | Val Max Thermal: 0.0000
Epoch 1660 | Val Loss: 18.3841 | Val Cost: 29820.54 | Val Max P-Miss: 0.1956 | Max Q-Miss: 0.1173 | Val Max Gen Viol: 0.0000 | Val Max Thermal: 0.0000
Epoch 1670 | Val Loss: 18.3516 | Val Cost: 29651.88 | Val Max P-Miss: 0.1928 | Max Q-Miss: 0.0770 | Val Max Gen Viol: 0.0000 | Val Max Thermal: 0.0000
Epoch 1680 | Val Loss: 18.1348 | Val Cost: 29708.79 | Val Max P-Miss: 0.1793 | Max Q-Miss: 0.0639 | Val Max Gen Viol: 0.0000 | Val Max Thermal: 0.0000
Epoch 1690 | Val Loss: 17.9734 | Val Cost: 29761.94 | Val Max P-Miss: 0.1823 | Max Q-Miss: 0.0659 | Val Max Gen Viol: 0.0000 | Val Max Thermal: 0.0000
Epoch 1700 | Val Loss: 19.6546 | Val Cost: 29779.62 | Val Max P-Miss: 0.1830 | Max Q-Miss: 0.1556 | Val Max Gen Viol: 0.0000 | Val Max Thermal: 0.0000
Epoch 1710 | Val Loss: 18.2490 | Val Cost: 29646.64 | Val Max P-Miss: 0.1560 | Max Q-Miss: 0.1140 | Val Max Gen Viol: 0.0000 | Val Max Thermal: 0.0000
Epoch 1720 | Val Loss: 18.4676 | Val Cost: 29812.38 | Val Max P-Miss: 0.1811 | Max Q-Miss: 0.1006 | Val Max Gen Viol: 0.0000 | Val Max Thermal: 0.0000
Epoch 1730 | Val Loss: 18.3773 | Val Cost: 29785.78 | Val Max P-Miss: 0.1464 | Max Q-Miss: 0.1034 | Val Max Gen Viol: 0.0000 | Val Max Thermal: 0.0000
Epoch 1740 | Val Loss: 18.8541 | Val Cost: 29946.78 | Val Max P-Miss: 0.1517 | Max Q-Miss: 0.1160 | Val Max Gen Viol: 0.0000 | Val Max Thermal: 0.0000
Epoch 1750 | Val Loss: 18.1297 | Val Cost: 29733.87 | Val Max P-Miss: 0.2275 | Max Q-Miss: 0.0553 | Val Max Gen Viol: 0.0000 | Val Max Thermal: 0.0000
Epoch 1760 | Val Loss: 17.9649 | Val Cost: 29814.42 | Val Max P-Miss: 0.1184 | Max Q-Miss: 0.0467 | Val Max Gen Viol: 0.0000 | Val Max Thermal: 0.0000
Epoch 1770 | Val Loss: 17.9071 | Val Cost: 29844.63 | Val Max P-Miss: 0.1131 | Max Q-Miss: 0.0505 | Val Max Gen Viol: 0.0000 | Val Max Thermal: 0.0000
Epoch 1780 | Val Loss: 17.9642 | Val Cost: 29869.85 | Val Max P-Miss: 0.1083 | Max Q-Miss: 0.0517 | Val Max Gen Viol: 0.0000 | Val Max Thermal: 0.0000
Epoch 1790 | Val Loss: 18.0500 | Val Cost: 29908.11 | Val Max P-Miss: 0.0994 | Max Q-Miss: 0.0941 | Val Max Gen Viol: 0.0000 | Val Max Thermal: 0.0000
Epoch 1800 | Val Loss: 17.8282 | Val Cost: 29840.90 | Val Max P-Miss: 0.1061 | Max Q-Miss: 0.0600 | Val Max Gen Viol: 0.0000 | Val Max Thermal: 0.0000 [*SAVED BEST*]
Epoch 1810 | Val Loss: 17.8153 | Val Cost: 29863.21 | Val Max P-Miss: 0.1029 | Max Q-Miss: 0.0512 | Val Max Gen Viol: 0.0000 | Val Max Thermal: 0.0000 [*SAVED BEST*]
Epoch 1820 | Val Loss: 17.9402 | Val Cost: 29787.99 | Val Max P-Miss: 0.1291 | Max Q-Miss: 0.0468 | Val Max Gen Viol: 0.0000 | Val Max Thermal: 0.0000
Epoch 1830 | Val Loss: 18.0961 | Val Cost: 29808.76 | Val Max P-Miss: 0.1283 | Max Q-Miss: 0.0599 | Val Max Gen Viol: 0.0000 | Val Max Thermal: 0.0000
Epoch 1840 | Val Loss: 18.6045 | Val Cost: 29665.47 | Val Max P-Miss: 0.1402 | Max Q-Miss: 0.1024 | Val Max Gen Viol: 0.0000 | Val Max Thermal: 0.0000
Epoch 1850 | Val Loss: 18.0015 | Val Cost: 29798.40 | Val Max P-Miss: 0.1054 | Max Q-Miss: 0.0741 | Val Max Gen Viol: 0.0000 | Val Max Thermal: 0.0000
Epoch 1860 | Val Loss: 18.2690 | Val Cost: 29798.26 | Val Max P-Miss: 0.1681 | Max Q-Miss: 0.0910 | Val Max Gen Viol: 0.0000 | Val Max Thermal: 0.0000
Epoch 1870 | Val Loss: 17.9965 | Val Cost: 29719.69 | Val Max P-Miss: 0.1227 | Max Q-Miss: 0.0504 | Val Max Gen Viol: 0.0000 | Val Max Thermal: 0.0000
Epoch 1880 | Val Loss: 17.8048 | Val Cost: 29817.93 | Val Max P-Miss: 0.1117 | Max Q-Miss: 0.0577 | Val Max Gen Viol: 0.0000 | Val Max Thermal: 0.0000 [*SAVED BEST*]
Epoch 1890 | Val Loss: 17.8321 | Val Cost: 29875.94 | Val Max P-Miss: 0.1096 | Max Q-Miss: 0.0579 | Val Max Gen Viol: 0.0000 | Val Max Thermal: 0.0000
Epoch 1900 | Val Loss: 17.8207 | Val Cost: 29874.28 | Val Max P-Miss: 0.1120 | Max Q-Miss: 0.0580 | Val Max Gen Viol: 0.0000 | Val Max Thermal: 0.0000
Epoch 1910 | Val Loss: 17.8570 | Val Cost: 29894.46 | Val Max P-Miss: 0.0997 | Max Q-Miss: 0.0753 | Val Max Gen Viol: 0.0000 | Val Max Thermal: 0.0000
Epoch 1920 | Val Loss: 18.0363 | Val Cost: 29689.43 | Val Max P-Miss: 0.1150 | Max Q-Miss: 0.0631 | Val Max Gen Viol: 0.0000 | Val Max Thermal: 0.0000
Epoch 1930 | Val Loss: 18.3874 | Val Cost: 29805.02 | Val Max P-Miss: 0.1991 | Max Q-Miss: 0.0629 | Val Max Gen Viol: 0.0000 | Val Max Thermal: 0.0000
Epoch 1940 | Val Loss: 18.0528 | Val Cost: 29718.35 | Val Max P-Miss: 0.1953 | Max Q-Miss: 0.0607 | Val Max Gen Viol: 0.0000 | Val Max Thermal: 0.0000
Epoch 1950 | Val Loss: 18.3588 | Val Cost: 29815.37 | Val Max P-Miss: 0.1778 | Max Q-Miss: 0.0627 | Val Max Gen Viol: 0.0000 | Val Max Thermal: 0.0000
Epoch 1960 | Val Loss: 18.0836 | Val Cost: 29737.55 | Val Max P-Miss: 0.1356 | Max Q-Miss: 0.0997 | Val Max Gen Viol: 0.0000 | Val Max Thermal: 0.0000
Epoch 1970 | Val Loss: 17.8853 | Val Cost: 29723.40 | Val Max P-Miss: 0.1007 | Max Q-Miss: 0.0989 | Val Max Gen Viol: 0.0000 | Val Max Thermal: 0.0000
Epoch 1980 | Val Loss: 17.9108 | Val Cost: 29757.70 | Val Max P-Miss: 0.1530 | Max Q-Miss: 0.0429 | Val Max Gen Viol: 0.0000 | Val Max Thermal: 0.0000
Epoch 1990 | Val Loss: 18.0385 | Val Cost: 29642.64 | Val Max P-Miss: 0.1473 | Max Q-Miss: 0.0555 | Val Max Gen Viol: 0.0000 | Val Max Thermal: 0.0000
Epoch 2000 | Val Loss: 18.0729 | Val Cost: 29738.75 | Val Max P-Miss: 0.1731 | Max Q-Miss: 0.0695 | Val Max Gen Viol: 0.0000 | Val Max Thermal: 0.0000
Epoch 2010 | Val Loss: 17.7128 | Val Cost: 29622.88 | Val Max P-Miss: 0.1288 | Max Q-Miss: 0.0546 | Val Max Gen Viol: 0.0000 | Val Max Thermal: 0.0000 [*SAVED BEST*]
Epoch 2020 | Val Loss: 20.8061 | Val Cost: 29839.91 | Val Max P-Miss: 0.2117 | Max Q-Miss: 0.1653 | Val Max Gen Viol: 0.0000 | Val Max Thermal: 0.0000
Epoch 2030 | Val Loss: 18.2089 | Val Cost: 29746.36 | Val Max P-Miss: 0.1312 | Max Q-Miss: 0.0518 | Val Max Gen Viol: 0.0000 | Val Max Thermal: 0.0000
Epoch 2040 | Val Loss: 17.8826 | Val Cost: 29685.54 | Val Max P-Miss: 0.1328 | Max Q-Miss: 0.0606 | Val Max Gen Viol: 0.0000 | Val Max Thermal: 0.0000
Epoch 2050 | Val Loss: 18.2008 | Val Cost: 29590.68 | Val Max P-Miss: 0.1334 | Max Q-Miss: 0.0664 | Val Max Gen Viol: 0.0000 | Val Max Thermal: 0.0000
Epoch 2060 | Val Loss: 17.8201 | Val Cost: 29653.54 | Val Max P-Miss: 0.1240 | Max Q-Miss: 0.0649 | Val Max Gen Viol: 0.0000 | Val Max Thermal: 0.0000
Epoch 2070 | Val Loss: 17.8268 | Val Cost: 29673.16 | Val Max P-Miss: 0.1184 | Max Q-Miss: 0.0610 | Val Max Gen Viol: 0.0000 | Val Max Thermal: 0.0000
Epoch 2080 | Val Loss: 17.8193 | Val Cost: 29669.48 | Val Max P-Miss: 0.1105 | Max Q-Miss: 0.0608 | Val Max Gen Viol: 0.0000 | Val Max Thermal: 0.0000
Epoch 2090 | Val Loss: 17.8694 | Val Cost: 29658.75 | Val Max P-Miss: 0.1502 | Max Q-Miss: 0.0624 | Val Max Gen Viol: 0.0000 | Val Max Thermal: 0.0000
Epoch 2100 | Val Loss: 17.7816 | Val Cost: 29641.04 | Val Max P-Miss: 0.1491 | Max Q-Miss: 0.0473 | Val Max Gen Viol: 0.0000 | Val Max Thermal: 0.0000
Epoch 2110 | Val Loss: 17.7700 | Val Cost: 29648.60 | Val Max P-Miss: 0.1085 | Max Q-Miss: 0.0684 | Val Max Gen Viol: 0.0000 | Val Max Thermal: 0.0000
Epoch 2120 | Val Loss: 18.4086 | Val Cost: 29892.41 | Val Max P-Miss: 0.1269 | Max Q-Miss: 0.1073 | Val Max Gen Viol: 0.0000 | Val Max Thermal: 0.0000
Epoch 2130 | Val Loss: 18.0974 | Val Cost: 29519.95 | Val Max P-Miss: 0.1617 | Max Q-Miss: 0.0728 | Val Max Gen Viol: 0.0000 | Val Max Thermal: 0.0000
Epoch 2140 | Val Loss: 17.8036 | Val Cost: 29624.92 | Val Max P-Miss: 0.1064 | Max Q-Miss: 0.0593 | Val Max Gen Viol: 0.0000 | Val Max Thermal: 0.0000
Epoch 2150 | Val Loss: 18.3576 | Val Cost: 29978.20 | Val Max P-Miss: 0.1608 | Max Q-Miss: 0.0625 | Val Max Gen Viol: 0.0000 | Val Max Thermal: 0.0000
Epoch 2160 | Val Loss: 18.4811 | Val Cost: 29704.72 | Val Max P-Miss: 0.1725 | Max Q-Miss: 0.0815 | Val Max Gen Viol: 0.0000 | Val Max Thermal: 0.0000
Epoch 2170 | Val Loss: 17.8825 | Val Cost: 29655.14 | Val Max P-Miss: 0.1366 | Max Q-Miss: 0.0560 | Val Max Gen Viol: 0.0000 | Val Max Thermal: 0.0000
Epoch 2180 | Val Loss: 18.1775 | Val Cost: 29578.40 | Val Max P-Miss: 0.1822 | Max Q-Miss: 0.1201 | Val Max Gen Viol: 0.0000 | Val Max Thermal: 0.0000
Epoch 2190 | Val Loss: 17.8420 | Val Cost: 29614.84 | Val Max P-Miss: 0.1108 | Max Q-Miss: 0.0838 | Val Max Gen Viol: 0.0000 | Val Max Thermal: 0.0000
Epoch 2200 | Val Loss: 17.9341 | Val Cost: 29622.11 | Val Max P-Miss: 0.1309 | Max Q-Miss: 0.0625 | Val Max Gen Viol: 0.0000 | Val Max Thermal: 0.0000
Epoch 2210 | Val Loss: 17.9370 | Val Cost: 29506.70 | Val Max P-Miss: 0.1608 | Max Q-Miss: 0.0629 | Val Max Gen Viol: 0.0000 | Val Max Thermal: 0.0000
Epoch 2220 | Val Loss: 17.7625 | Val Cost: 29656.88 | Val Max P-Miss: 0.1188 | Max Q-Miss: 0.0729 | Val Max Gen Viol: 0.0000 | Val Max Thermal: 0.0000
Epoch 2230 | Val Loss: 17.7377 | Val Cost: 29714.43 | Val Max P-Miss: 0.1078 | Max Q-Miss: 0.0663 | Val Max Gen Viol: 0.0000 | Val Max Thermal: 0.0000
Epoch 2240 | Val Loss: 17.7324 | Val Cost: 29717.29 | Val Max P-Miss: 0.1187 | Max Q-Miss: 0.0486 | Val Max Gen Viol: 0.0000 | Val Max Thermal: 0.0000
Epoch 2250 | Val Loss: 18.1559 | Val Cost: 29505.32 | Val Max P-Miss: 0.1612 | Max Q-Miss: 0.0510 | Val Max Gen Viol: 0.0000 | Val Max Thermal: 0.0000
Epoch 2260 | Val Loss: 18.0335 | Val Cost: 29555.93 | Val Max P-Miss: 0.1272 | Max Q-Miss: 0.1364 | Val Max Gen Viol: 0.0000 | Val Max Thermal: 0.0000
Epoch 2270 | Val Loss: 18.0061 | Val Cost: 29625.47 | Val Max P-Miss: 0.0891 | Max Q-Miss: 0.1384 | Val Max Gen Viol: 0.0000 | Val Max Thermal: 0.0000
Epoch 2280 | Val Loss: 17.8235 | Val Cost: 29629.36 | Val Max P-Miss: 0.0914 | Max Q-Miss: 0.1099 | Val Max Gen Viol: 0.0000 | Val Max Thermal: 0.0000
Epoch 2290 | Val Loss: 17.7964 | Val Cost: 29622.20 | Val Max P-Miss: 0.1391 | Max Q-Miss: 0.1016 | Val Max Gen Viol: 0.0000 | Val Max Thermal: 0.0000
Epoch 2300 | Val Loss: 17.7479 | Val Cost: 29644.99 | Val Max P-Miss: 0.1148 | Max Q-Miss: 0.0724 | Val Max Gen Viol: 0.0000 | Val Max Thermal: 0.0000
Epoch 2310 | Val Loss: 17.7643 | Val Cost: 29642.24 | Val Max P-Miss: 0.1155 | Max Q-Miss: 0.0584 | Val Max Gen Viol: 0.0000 | Val Max Thermal: 0.0000
Epoch 2320 | Val Loss: 17.7957 | Val Cost: 29628.11 | Val Max P-Miss: 0.1156 | Max Q-Miss: 0.0560 | Val Max Gen Viol: 0.0000 | Val Max Thermal: 0.0000
Epoch 2330 | Val Loss: 17.6925 | Val Cost: 29735.14 | Val Max P-Miss: 0.1117 | Max Q-Miss: 0.0565 | Val Max Gen Viol: 0.0000 | Val Max Thermal: 0.0000 [*SAVED BEST*]
Epoch 2340 | Val Loss: 17.6853 | Val Cost: 29665.38 | Val Max P-Miss: 0.1100 | Max Q-Miss: 0.0607 | Val Max Gen Viol: 0.0000 | Val Max Thermal: 0.0000 [*SAVED BEST*]
Epoch 2350 | Val Loss: 17.9006 | Val Cost: 29595.12 | Val Max P-Miss: 0.1342 | Max Q-Miss: 0.0660 | Val Max Gen Viol: 0.0000 | Val Max Thermal: 0.0000
Epoch 2360 | Val Loss: 18.3034 | Val Cost: 29611.30 | Val Max P-Miss: 0.1445 | Max Q-Miss: 0.0707 | Val Max Gen Viol: 0.0000 | Val Max Thermal: 0.0000
Epoch 2370 | Val Loss: 17.7933 | Val Cost: 29460.34 | Val Max P-Miss: 0.1176 | Max Q-Miss: 0.0518 | Val Max Gen Viol: 0.0000 | Val Max Thermal: 0.0000
Epoch 2380 | Val Loss: 17.7548 | Val Cost: 29523.94 | Val Max P-Miss: 0.1220 | Max Q-Miss: 0.0654 | Val Max Gen Viol: 0.0000 | Val Max Thermal: 0.0000
Epoch 2390 | Val Loss: 18.9375 | Val Cost: 29575.94 | Val Max P-Miss: 0.1434 | Max Q-Miss: 0.1125 | Val Max Gen Viol: 0.0000 | Val Max Thermal: 0.0000
Epoch 2400 | Val Loss: 17.9662 | Val Cost: 29562.05 | Val Max P-Miss: 0.1238 | Max Q-Miss: 0.0802 | Val Max Gen Viol: 0.0000 | Val Max Thermal: 0.0000
Epoch 2410 | Val Loss: 17.9066 | Val Cost: 29626.43 | Val Max P-Miss: 0.1051 | Max Q-Miss: 0.0796 | Val Max Gen Viol: 0.0000 | Val Max Thermal: 0.0000
Epoch 2420 | Val Loss: 18.2011 | Val Cost: 29499.24 | Val Max P-Miss: 0.2423 | Max Q-Miss: 0.0599 | Val Max Gen Viol: 0.0000 | Val Max Thermal: 0.0000
Epoch 2430 | Val Loss: 17.7882 | Val Cost: 29565.51 | Val Max P-Miss: 0.2146 | Max Q-Miss: 0.0449 | Val Max Gen Viol: 0.0000 | Val Max Thermal: 0.0000
Epoch 2440 | Val Loss: 17.6836 | Val Cost: 29530.20 | Val Max P-Miss: 0.1680 | Max Q-Miss: 0.0738 | Val Max Gen Viol: 0.0000 | Val Max Thermal: 0.0000 [*SAVED BEST*]
Epoch 2450 | Val Loss: 18.0154 | Val Cost: 29689.18 | Val Max P-Miss: 0.1254 | Max Q-Miss: 0.0830 | Val Max Gen Viol: 0.0000 | Val Max Thermal: 0.0000
Epoch 2460 | Val Loss: 17.7497 | Val Cost: 29587.55 | Val Max P-Miss: 0.0999 | Max Q-Miss: 0.0955 | Val Max Gen Viol: 0.0000 | Val Max Thermal: 0.0000
Epoch 2470 | Val Loss: 17.6102 | Val Cost: 29579.21 | Val Max P-Miss: 0.1021 | Max Q-Miss: 0.0451 | Val Max Gen Viol: 0.0000 | Val Max Thermal: 0.0000 [*SAVED BEST*]
Epoch 2480 | Val Loss: 17.6240 | Val Cost: 29554.23 | Val Max P-Miss: 0.1266 | Max Q-Miss: 0.0660 | Val Max Gen Viol: 0.0000 | Val Max Thermal: 0.0000
Epoch 2490 | Val Loss: 17.5906 | Val Cost: 29553.57 | Val Max P-Miss: 0.1105 | Max Q-Miss: 0.0547 | Val Max Gen Viol: 0.0000 | Val Max Thermal: 0.0000 [*SAVED BEST*]
Epoch 2500 | Val Loss: 17.5563 | Val Cost: 29559.16 | Val Max P-Miss: 0.1071 | Max Q-Miss: 0.0504 | Val Max Gen Viol: 0.0000 | Val Max Thermal: 0.0000 [*SAVED BEST*]
Epoch 2510 | Val Loss: 17.5637 | Val Cost: 29580.60 | Val Max P-Miss: 0.1064 | Max Q-Miss: 0.0517 | Val Max Gen Viol: 0.0000 | Val Max Thermal: 0.0000
Epoch 2520 | Val Loss: 17.6529 | Val Cost: 29636.30 | Val Max P-Miss: 0.1076 | Max Q-Miss: 0.0533 | Val Max Gen Viol: 0.0000 | Val Max Thermal: 0.0000
Epoch 2530 | Val Loss: 17.8918 | Val Cost: 29669.44 | Val Max P-Miss: 0.1294 | Max Q-Miss: 0.0551 | Val Max Gen Viol: 0.0000 | Val Max Thermal: 0.0000
Epoch 2540 | Val Loss: 17.7211 | Val Cost: 29532.53 | Val Max P-Miss: 0.1317 | Max Q-Miss: 0.0662 | Val Max Gen Viol: 0.0000 | Val Max Thermal: 0.0000
Epoch 2550 | Val Loss: 18.3113 | Val Cost: 29495.30 | Val Max P-Miss: 0.1538 | Max Q-Miss: 0.1087 | Val Max Gen Viol: 0.0000 | Val Max Thermal: 0.0000
Epoch 2560 | Val Loss: 17.7046 | Val Cost: 29515.32 | Val Max P-Miss: 0.1139 | Max Q-Miss: 0.0765 | Val Max Gen Viol: 0.0000 | Val Max Thermal: 0.0000
Epoch 2570 | Val Loss: 17.5433 | Val Cost: 29592.72 | Val Max P-Miss: 0.1562 | Max Q-Miss: 0.0367 | Val Max Gen Viol: 0.0000 | Val Max Thermal: 0.0000 [*SAVED BEST*]
Epoch 2580 | Val Loss: 17.7322 | Val Cost: 29457.46 | Val Max P-Miss: 0.1199 | Max Q-Miss: 0.0651 | Val Max Gen Viol: 0.0000 | Val Max Thermal: 0.0000
Epoch 2590 | Val Loss: 17.6580 | Val Cost: 29506.75 | Val Max P-Miss: 0.1124 | Max Q-Miss: 0.0637 | Val Max Gen Viol: 0.0000 | Val Max Thermal: 0.0000
Epoch 2600 | Val Loss: 17.6558 | Val Cost: 29522.58 | Val Max P-Miss: 0.1064 | Max Q-Miss: 0.0588 | Val Max Gen Viol: 0.0000 | Val Max Thermal: 0.0000
Epoch 2610 | Val Loss: 17.7568 | Val Cost: 29517.89 | Val Max P-Miss: 0.1178 | Max Q-Miss: 0.0655 | Val Max Gen Viol: 0.0000 | Val Max Thermal: 0.0000
Epoch 2620 | Val Loss: 17.8603 | Val Cost: 29493.79 | Val Max P-Miss: 0.1538 | Max Q-Miss: 0.0608 | Val Max Gen Viol: 0.0000 | Val Max Thermal: 0.0000
Epoch 2630 | Val Loss: 17.7791 | Val Cost: 29540.04 | Val Max P-Miss: 0.1511 | Max Q-Miss: 0.0518 | Val Max Gen Viol: 0.0000 | Val Max Thermal: 0.0000
Epoch 2640 | Val Loss: 17.8807 | Val Cost: 29552.50 | Val Max P-Miss: 0.1132 | Max Q-Miss: 0.0871 | Val Max Gen Viol: 0.0000 | Val Max Thermal: 0.0000
Epoch 2650 | Val Loss: 17.6244 | Val Cost: 29439.17 | Val Max P-Miss: 0.1452 | Max Q-Miss: 0.0578 | Val Max Gen Viol: 0.0000 | Val Max Thermal: 0.0000
Epoch 2660 | Val Loss: 17.4828 | Val Cost: 29489.68 | Val Max P-Miss: 0.1151 | Max Q-Miss: 0.0442 | Val Max Gen Viol: 0.0000 | Val Max Thermal: 0.0000 [*SAVED BEST*]
Epoch 2670 | Val Loss: 18.0828 | Val Cost: 29304.92 | Val Max P-Miss: 0.1718 | Max Q-Miss: 0.0918 | Val Max Gen Viol: 0.0000 | Val Max Thermal: 0.0000
Epoch 2680 | Val Loss: 18.6327 | Val Cost: 29622.12 | Val Max P-Miss: 0.1595 | Max Q-Miss: 0.0893 | Val Max Gen Viol: 0.0000 | Val Max Thermal: 0.0000
Epoch 2690 | Val Loss: 17.9423 | Val Cost: 29320.86 | Val Max P-Miss: 0.1388 | Max Q-Miss: 0.0647 | Val Max Gen Viol: 0.0000 | Val Max Thermal: 0.0000
Epoch 2700 | Val Loss: 17.9229 | Val Cost: 29458.91 | Val Max P-Miss: 0.1466 | Max Q-Miss: 0.0632 | Val Max Gen Viol: 0.0000 | Val Max Thermal: 0.0000
Epoch 2710 | Val Loss: 17.9960 | Val Cost: 29656.00 | Val Max P-Miss: 0.1653 | Max Q-Miss: 0.0688 | Val Max Gen Viol: 0.0000 | Val Max Thermal: 0.0000
Epoch 2720 | Val Loss: 17.8648 | Val Cost: 29382.66 | Val Max P-Miss: 0.1572 | Max Q-Miss: 0.0647 | Val Max Gen Viol: 0.0000 | Val Max Thermal: 0.0000
Epoch 2730 | Val Loss: 17.7550 | Val Cost: 29399.16 | Val Max P-Miss: 0.1449 | Max Q-Miss: 0.0631 | Val Max Gen Viol: 0.0000 | Val Max Thermal: 0.0000
Epoch 2740 | Val Loss: 17.6468 | Val Cost: 29467.59 | Val Max P-Miss: 0.1188 | Max Q-Miss: 0.0471 | Val Max Gen Viol: 0.0000 | Val Max Thermal: 0.0000
Epoch 2750 | Val Loss: 17.5684 | Val Cost: 29472.24 | Val Max P-Miss: 0.1255 | Max Q-Miss: 0.0527 | Val Max Gen Viol: 0.0000 | Val Max Thermal: 0.0000
Epoch 2760 | Val Loss: 18.1875 | Val Cost: 29476.55 | Val Max P-Miss: 0.1467 | Max Q-Miss: 0.0807 | Val Max Gen Viol: 0.0000 | Val Max Thermal: 0.0000
Epoch 2770 | Val Loss: 17.4140 | Val Cost: 29468.18 | Val Max P-Miss: 0.0918 | Max Q-Miss: 0.0486 | Val Max Gen Viol: 0.0000 | Val Max Thermal: 0.0000 [*SAVED BEST*]
Epoch 2780 | Val Loss: 17.7306 | Val Cost: 29528.83 | Val Max P-Miss: 0.1254 | Max Q-Miss: 0.0730 | Val Max Gen Viol: 0.0000 | Val Max Thermal: 0.0000
Epoch 2790 | Val Loss: 17.6784 | Val Cost: 29470.90 | Val Max P-Miss: 0.1199 | Max Q-Miss: 0.0583 | Val Max Gen Viol: 0.0000 | Val Max Thermal: 0.0000
Epoch 2800 | Val Loss: 17.6238 | Val Cost: 29509.38 | Val Max P-Miss: 0.1235 | Max Q-Miss: 0.0608 | Val Max Gen Viol: 0.0000 | Val Max Thermal: 0.0000
Epoch 2810 | Val Loss: 17.6000 | Val Cost: 29485.09 | Val Max P-Miss: 0.1165 | Max Q-Miss: 0.0567 | Val Max Gen Viol: 0.0000 | Val Max Thermal: 0.0000
Epoch 2820 | Val Loss: 17.6529 | Val Cost: 29486.15 | Val Max P-Miss: 0.1219 | Max Q-Miss: 0.0591 | Val Max Gen Viol: 0.0000 | Val Max Thermal: 0.0000
Epoch 2830 | Val Loss: 17.6570 | Val Cost: 29518.01 | Val Max P-Miss: 0.1310 | Max Q-Miss: 0.0447 | Val Max Gen Viol: 0.0000 | Val Max Thermal: 0.0000
Epoch 2840 | Val Loss: 17.6783 | Val Cost: 29449.67 | Val Max P-Miss: 0.1667 | Max Q-Miss: 0.0530 | Val Max Gen Viol: 0.0000 | Val Max Thermal: 0.0000
Epoch 2850 | Val Loss: 18.0537 | Val Cost: 29470.45 | Val Max P-Miss: 0.1841 | Max Q-Miss: 0.1085 | Val Max Gen Viol: 0.0000 | Val Max Thermal: 0.0000
Epoch 2860 | Val Loss: 18.1274 | Val Cost: 29493.06 | Val Max P-Miss: 0.1585 | Max Q-Miss: 0.0856 | Val Max Gen Viol: 0.0000 | Val Max Thermal: 0.0000
Epoch 2870 | Val Loss: 17.8826 | Val Cost: 29377.82 | Val Max P-Miss: 0.1699 | Max Q-Miss: 0.0708 | Val Max Gen Viol: 0.0000 | Val Max Thermal: 0.0000
Epoch 2880 | Val Loss: 17.7713 | Val Cost: 29413.55 | Val Max P-Miss: 0.1186 | Max Q-Miss: 0.0657 | Val Max Gen Viol: 0.0000 | Val Max Thermal: 0.0000
Epoch 2890 | Val Loss: 18.3969 | Val Cost: 29305.82 | Val Max P-Miss: 0.1373 | Max Q-Miss: 0.1378 | Val Max Gen Viol: 0.0000 | Val Max Thermal: 0.0000
Epoch 2900 | Val Loss: 17.6458 | Val Cost: 29423.50 | Val Max P-Miss: 0.1045 | Max Q-Miss: 0.0871 | Val Max Gen Viol: 0.0000 | Val Max Thermal: 0.0000
Epoch 2910 | Val Loss: 17.7258 | Val Cost: 29439.11 | Val Max P-Miss: 0.1329 | Max Q-Miss: 0.0774 | Val Max Gen Viol: 0.0000 | Val Max Thermal: 0.0000
Epoch 2920 | Val Loss: 17.7874 | Val Cost: 29389.02 | Val Max P-Miss: 0.1455 | Max Q-Miss: 0.0541 | Val Max Gen Viol: 0.0000 | Val Max Thermal: 0.0000
Epoch 2930 | Val Loss: 17.7006 | Val Cost: 29364.11 | Val Max P-Miss: 0.1375 | Max Q-Miss: 0.0569 | Val Max Gen Viol: 0.0000 | Val Max Thermal: 0.0000
Epoch 2940 | Val Loss: 17.6580 | Val Cost: 29423.10 | Val Max P-Miss: 0.1146 | Max Q-Miss: 0.0666 | Val Max Gen Viol: 0.0000 | Val Max Thermal: 0.0000
Epoch 2950 | Val Loss: 17.5959 | Val Cost: 29456.35 | Val Max P-Miss: 0.1132 | Max Q-Miss: 0.0580 | Val Max Gen Viol: 0.0000 | Val Max Thermal: 0.0000
Epoch 2960 | Val Loss: 18.4413 | Val Cost: 29335.09 | Val Max P-Miss: 0.1554 | Max Q-Miss: 0.1223 | Val Max Gen Viol: 0.0000 | Val Max Thermal: 0.0000
Epoch 2970 | Val Loss: 17.6020 | Val Cost: 29388.44 | Val Max P-Miss: 0.1401 | Max Q-Miss: 0.0596 | Val Max Gen Viol: 0.0000 | Val Max Thermal: 0.0000
Epoch 2980 | Val Loss: 17.6180 | Val Cost: 29426.47 | Val Max P-Miss: 0.1216 | Max Q-Miss: 0.0608 | Val Max Gen Viol: 0.0000 | Val Max Thermal: 0.0000
Epoch 2990 | Val Loss: 17.5280 | Val Cost: 29487.94 | Val Max P-Miss: 0.1240 | Max Q-Miss: 0.0601 | Val Max Gen Viol: 0.0000 | Val Max Thermal: 0.0000
Epoch 3000 | Val Loss: 17.4789 | Val Cost: 29469.99 | Val Max P-Miss: 0.1232 | Max Q-Miss: 0.0593 | Val Max Gen Viol: 0.0000 | Val Max Thermal: 0.0000
Epoch 3010 | Val Loss: 17.4711 | Val Cost: 29454.98 | Val Max P-Miss: 0.1222 | Max Q-Miss: 0.0580 | Val Max Gen Viol: 0.0000 | Val Max Thermal: 0.0000
Epoch 3020 | Val Loss: 17.4747 | Val Cost: 29456.00 | Val Max P-Miss: 0.1169 | Max Q-Miss: 0.0592 | Val Max Gen Viol: 0.0000 | Val Max Thermal: 0.0000
Epoch 3030 | Val Loss: 17.4768 | Val Cost: 29426.07 | Val Max P-Miss: 0.1152 | Max Q-Miss: 0.0596 | Val Max Gen Viol: 0.0000 | Val Max Thermal: 0.0000
Epoch 3040 | Val Loss: 17.8009 | Val Cost: 29468.34 | Val Max P-Miss: 0.1378 | Max Q-Miss: 0.0570 | Val Max Gen Viol: 0.0000 | Val Max Thermal: 0.0000
Epoch 3050 | Val Loss: 17.7794 | Val Cost: 29415.55 | Val Max P-Miss: 0.1210 | Max Q-Miss: 0.0744 | Val Max Gen Viol: 0.0000 | Val Max Thermal: 0.0000
Epoch 3060 | Val Loss: 17.9230 | Val Cost: 29644.77 | Val Max P-Miss: 0.1079 | Max Q-Miss: 0.0600 | Val Max Gen Viol: 0.0000 | Val Max Thermal: 0.0000
Epoch 3070 | Val Loss: 17.8960 | Val Cost: 29314.45 | Val Max P-Miss: 0.1347 | Max Q-Miss: 0.0816 | Val Max Gen Viol: 0.0000 | Val Max Thermal: 0.0000
Epoch 3080 | Val Loss: 17.8312 | Val Cost: 29308.23 | Val Max P-Miss: 0.1333 | Max Q-Miss: 0.1139 | Val Max Gen Viol: 0.0000 | Val Max Thermal: 0.0000
Epoch 3090 | Val Loss: 17.6933 | Val Cost: 29328.31 | Val Max P-Miss: 0.1075 | Max Q-Miss: 0.0811 | Val Max Gen Viol: 0.0000 | Val Max Thermal: 0.0000
Epoch 3100 | Val Loss: 18.0249 | Val Cost: 29300.44 | Val Max P-Miss: 0.1262 | Max Q-Miss: 0.1087 | Val Max Gen Viol: 0.0000 | Val Max Thermal: 0.0000
Epoch 3110 | Val Loss: 17.6111 | Val Cost: 29360.31 | Val Max P-Miss: 0.1055 | Max Q-Miss: 0.0955 | Val Max Gen Viol: 0.0000 | Val Max Thermal: 0.0000
Epoch 3120 | Val Loss: 17.7800 | Val Cost: 29403.10 | Val Max P-Miss: 0.1294 | Max Q-Miss: 0.1027 | Val Max Gen Viol: 0.0000 | Val Max Thermal: 0.0000
Epoch 3130 | Val Loss: 17.6599 | Val Cost: 29315.42 | Val Max P-Miss: 0.1355 | Max Q-Miss: 0.0720 | Val Max Gen Viol: 0.0000 | Val Max Thermal: 0.0000
Epoch 3140 | Val Loss: 17.6697 | Val Cost: 29247.39 | Val Max P-Miss: 0.1727 | Max Q-Miss: 0.0762 | Val Max Gen Viol: 0.0000 | Val Max Thermal: 0.0000
Epoch 3150 | Val Loss: 17.7022 | Val Cost: 29307.56 | Val Max P-Miss: 0.1217 | Max Q-Miss: 0.0500 | Val Max Gen Viol: 0.0000 | Val Max Thermal: 0.0000
Epoch 3160 | Val Loss: 17.6128 | Val Cost: 29335.72 | Val Max P-Miss: 0.1536 | Max Q-Miss: 0.0553 | Val Max Gen Viol: 0.0000 | Val Max Thermal: 0.0000
Epoch 3170 | Val Loss: 17.5451 | Val Cost: 29350.48 | Val Max P-Miss: 0.1457 | Max Q-Miss: 0.0457 | Val Max Gen Viol: 0.0000 | Val Max Thermal: 0.0000
Epoch 3180 | Val Loss: 17.5379 | Val Cost: 29341.43 | Val Max P-Miss: 0.1530 | Max Q-Miss: 0.0354 | Val Max Gen Viol: 0.0000 | Val Max Thermal: 0.0000
Epoch 3190 | Val Loss: 17.8977 | Val Cost: 29262.30 | Val Max P-Miss: 0.1299 | Max Q-Miss: 0.0870 | Val Max Gen Viol: 0.0000 | Val Max Thermal: 0.0000
Epoch 3200 | Val Loss: 17.7116 | Val Cost: 29338.59 | Val Max P-Miss: 0.1073 | Max Q-Miss: 0.0755 | Val Max Gen Viol: 0.0000 | Val Max Thermal: 0.0000
Epoch 3210 | Val Loss: 17.7670 | Val Cost: 29299.34 | Val Max P-Miss: 0.1302 | Max Q-Miss: 0.0770 | Val Max Gen Viol: 0.0000 | Val Max Thermal: 0.0000
Epoch 3220 | Val Loss: 17.5543 | Val Cost: 29431.98 | Val Max P-Miss: 0.1062 | Max Q-Miss: 0.0588 | Val Max Gen Viol: 0.0000 | Val Max Thermal: 0.0000
Epoch 3230 | Val Loss: 17.7449 | Val Cost: 29526.79 | Val Max P-Miss: 0.1441 | Max Q-Miss: 0.0631 | Val Max Gen Viol: 0.0000 | Val Max Thermal: 0.0000
Epoch 3240 | Val Loss: 17.8609 | Val Cost: 29369.26 | Val Max P-Miss: 0.1359 | Max Q-Miss: 0.0978 | Val Max Gen Viol: 0.0000 | Val Max Thermal: 0.0000
Epoch 3250 | Val Loss: 17.7972 | Val Cost: 29160.81 | Val Max P-Miss: 0.1537 | Max Q-Miss: 0.0431 | Val Max Gen Viol: 0.0000 | Val Max Thermal: 0.0000
Epoch 3260 | Val Loss: 17.8206 | Val Cost: 29367.55 | Val Max P-Miss: 0.1352 | Max Q-Miss: 0.0666 | Val Max Gen Viol: 0.0000 | Val Max Thermal: 0.0000
Epoch 3270 | Val Loss: 17.7561 | Val Cost: 29378.58 | Val Max P-Miss: 0.1053 | Max Q-Miss: 0.0952 | Val Max Gen Viol: 0.0000 | Val Max Thermal: 0.0000
Epoch 3280 | Val Loss: 17.7048 | Val Cost: 29433.71 | Val Max P-Miss: 0.1096 | Max Q-Miss: 0.0779 | Val Max Gen Viol: 0.0000 | Val Max Thermal: 0.0000
Epoch 3290 | Val Loss: 17.7052 | Val Cost: 29375.12 | Val Max P-Miss: 0.1441 | Max Q-Miss: 0.0650 | Val Max Gen Viol: 0.0000 | Val Max Thermal: 0.0000
Epoch 3300 | Val Loss: 17.4996 | Val Cost: 29344.98 | Val Max P-Miss: 0.1170 | Max Q-Miss: 0.0676 | Val Max Gen Viol: 0.0000 | Val Max Thermal: 0.0000
Epoch 3310 | Val Loss: 17.4725 | Val Cost: 29365.70 | Val Max P-Miss: 0.1198 | Max Q-Miss: 0.0577 | Val Max Gen Viol: 0.0000 | Val Max Thermal: 0.0000
Epoch 3320 | Val Loss: 17.4250 | Val Cost: 29388.65 | Val Max P-Miss: 0.1181 | Max Q-Miss: 0.0565 | Val Max Gen Viol: 0.0000 | Val Max Thermal: 0.0000
Epoch 3330 | Val Loss: 17.4308 | Val Cost: 29392.00 | Val Max P-Miss: 0.1109 | Max Q-Miss: 0.0512 | Val Max Gen Viol: 0.0000 | Val Max Thermal: 0.0000
Epoch 3340 | Val Loss: 17.3902 | Val Cost: 29327.47 | Val Max P-Miss: 0.1127 | Max Q-Miss: 0.0516 | Val Max Gen Viol: 0.0000 | Val Max Thermal: 0.0000 [*SAVED BEST*]
Epoch 3350 | Val Loss: 17.4704 | Val Cost: 29284.67 | Val Max P-Miss: 0.1285 | Max Q-Miss: 0.0495 | Val Max Gen Viol: 0.0000 | Val Max Thermal: 0.0000
Epoch 3360 | Val Loss: 17.7218 | Val Cost: 29194.80 | Val Max P-Miss: 0.1822 | Max Q-Miss: 0.0508 | Val Max Gen Viol: 0.0000 | Val Max Thermal: 0.0000
Epoch 3370 | Val Loss: 17.5304 | Val Cost: 29252.29 | Val Max P-Miss: 0.1344 | Max Q-Miss: 0.0724 | Val Max Gen Viol: 0.0000 | Val Max Thermal: 0.0000
Epoch 3380 | Val Loss: 17.6267 | Val Cost: 29325.71 | Val Max P-Miss: 0.1542 | Max Q-Miss: 0.0612 | Val Max Gen Viol: 0.0000 | Val Max Thermal: 0.0000
Epoch 3390 | Val Loss: 17.7195 | Val Cost: 29131.71 | Val Max P-Miss: 0.1439 | Max Q-Miss: 0.0478 | Val Max Gen Viol: 0.0000 | Val Max Thermal: 0.0000
Epoch 3400 | Val Loss: 17.6559 | Val Cost: 29178.21 | Val Max P-Miss: 0.1626 | Max Q-Miss: 0.0429 | Val Max Gen Viol: 0.0000 | Val Max Thermal: 0.0000
Epoch 3410 | Val Loss: 17.3562 | Val Cost: 29355.96 | Val Max P-Miss: 0.1119 | Max Q-Miss: 0.0381 | Val Max Gen Viol: 0.0000 | Val Max Thermal: 0.0000 [*SAVED BEST*]
Epoch 3420 | Val Loss: 17.3459 | Val Cost: 29237.56 | Val Max P-Miss: 0.1055 | Max Q-Miss: 0.0662 | Val Max Gen Viol: 0.0000 | Val Max Thermal: 0.0000 [*SAVED BEST*]
Epoch 3430 | Val Loss: 17.8242 | Val Cost: 29281.74 | Val Max P-Miss: 0.1922 | Max Q-Miss: 0.0651 | Val Max Gen Viol: 0.0000 | Val Max Thermal: 0.0000
Epoch 3440 | Val Loss: 17.4983 | Val Cost: 29196.39 | Val Max P-Miss: 0.1763 | Max Q-Miss: 0.0568 | Val Max Gen Viol: 0.0000 | Val Max Thermal: 0.0000
Epoch 3450 | Val Loss: 18.1895 | Val Cost: 29479.60 | Val Max P-Miss: 0.1422 | Max Q-Miss: 0.0576 | Val Max Gen Viol: 0.0000 | Val Max Thermal: 0.0000
Epoch 3460 | Val Loss: 17.6188 | Val Cost: 29215.96 | Val Max P-Miss: 0.1288 | Max Q-Miss: 0.0865 | Val Max Gen Viol: 0.0000 | Val Max Thermal: 0.0000
Epoch 3470 | Val Loss: 17.4440 | Val Cost: 29310.65 | Val Max P-Miss: 0.1223 | Max Q-Miss: 0.0601 | Val Max Gen Viol: 0.0000 | Val Max Thermal: 0.0000
Epoch 3480 | Val Loss: 17.3350 | Val Cost: 29225.45 | Val Max P-Miss: 0.1321 | Max Q-Miss: 0.0465 | Val Max Gen Viol: 0.0000 | Val Max Thermal: 0.0000 [*SAVED BEST*]
Epoch 3490 | Val Loss: 17.2715 | Val Cost: 29292.14 | Val Max P-Miss: 0.1201 | Max Q-Miss: 0.0465 | Val Max Gen Viol: 0.0000 | Val Max Thermal: 0.0000 [*SAVED BEST*]
Epoch 3500 | Val Loss: 18.0296 | Val Cost: 29377.16 | Val Max P-Miss: 0.1447 | Max Q-Miss: 0.0516 | Val Max Gen Viol: 0.0000 | Val Max Thermal: 0.0000
Epoch 3510 | Val Loss: 17.5732 | Val Cost: 29270.08 | Val Max P-Miss: 0.1836 | Max Q-Miss: 0.0529 | Val Max Gen Viol: 0.0000 | Val Max Thermal: 0.0000
Epoch 3520 | Val Loss: 17.4958 | Val Cost: 29282.75 | Val Max P-Miss: 0.1256 | Max Q-Miss: 0.0712 | Val Max Gen Viol: 0.0000 | Val Max Thermal: 0.0000
Epoch 3530 | Val Loss: 17.4318 | Val Cost: 29183.27 | Val Max P-Miss: 0.1052 | Max Q-Miss: 0.0576 | Val Max Gen Viol: 0.0000 | Val Max Thermal: 0.0000
Epoch 3540 | Val Loss: 17.4347 | Val Cost: 29263.61 | Val Max P-Miss: 0.1025 | Max Q-Miss: 0.0529 | Val Max Gen Viol: 0.0000 | Val Max Thermal: 0.0000
Epoch 3550 | Val Loss: 17.6648 | Val Cost: 29201.53 | Val Max P-Miss: 0.1767 | Max Q-Miss: 0.0710 | Val Max Gen Viol: 0.0000 | Val Max Thermal: 0.0000
Epoch 3560 | Val Loss: 17.4835 | Val Cost: 29238.37 | Val Max P-Miss: 0.1364 | Max Q-Miss: 0.0652 | Val Max Gen Viol: 0.0000 | Val Max Thermal: 0.0000
Epoch 3570 | Val Loss: 17.5283 | Val Cost: 29272.62 | Val Max P-Miss: 0.1262 | Max Q-Miss: 0.0586 | Val Max Gen Viol: 0.0000 | Val Max Thermal: 0.0000
Epoch 3580 | Val Loss: 17.4523 | Val Cost: 29330.10 | Val Max P-Miss: 0.1316 | Max Q-Miss: 0.0556 | Val Max Gen Viol: 0.0000 | Val Max Thermal: 0.0000
Epoch 3590 | Val Loss: 17.4528 | Val Cost: 29254.76 | Val Max P-Miss: 0.1165 | Max Q-Miss: 0.0543 | Val Max Gen Viol: 0.0000 | Val Max Thermal: 0.0000
Epoch 3600 | Val Loss: 17.4061 | Val Cost: 29312.85 | Val Max P-Miss: 0.1103 | Max Q-Miss: 0.0491 | Val Max Gen Viol: 0.0000 | Val Max Thermal: 0.0000
Epoch 3610 | Val Loss: 17.4727 | Val Cost: 29276.28 | Val Max P-Miss: 0.1131 | Max Q-Miss: 0.0488 | Val Max Gen Viol: 0.0000 | Val Max Thermal: 0.0000
Epoch 3620 | Val Loss: 17.3806 | Val Cost: 29398.22 | Val Max P-Miss: 0.1114 | Max Q-Miss: 0.0468 | Val Max Gen Viol: 0.0000 | Val Max Thermal: 0.0000
Epoch 3630 | Val Loss: 18.0446 | Val Cost: 29186.01 | Val Max P-Miss: 0.1202 | Max Q-Miss: 0.0917 | Val Max Gen Viol: 0.0000 | Val Max Thermal: 0.0000
Epoch 3640 | Val Loss: 17.6467 | Val Cost: 29288.77 | Val Max P-Miss: 0.1171 | Max Q-Miss: 0.0769 | Val Max Gen Viol: 0.0000 | Val Max Thermal: 0.0000
Epoch 3650 | Val Loss: 17.8394 | Val Cost: 29127.28 | Val Max P-Miss: 0.1362 | Max Q-Miss: 0.0624 | Val Max Gen Viol: 0.0000 | Val Max Thermal: 0.0000
Epoch 3660 | Val Loss: 17.5769 | Val Cost: 29138.89 | Val Max P-Miss: 0.1273 | Max Q-Miss: 0.0857 | Val Max Gen Viol: 0.0000 | Val Max Thermal: 0.0000
Epoch 3670 | Val Loss: 17.9369 | Val Cost: 29219.93 | Val Max P-Miss: 0.1140 | Max Q-Miss: 0.1173 | Val Max Gen Viol: 0.0000 | Val Max Thermal: 0.0000
Epoch 3680 | Val Loss: 17.6565 | Val Cost: 29186.33 | Val Max P-Miss: 0.1304 | Max Q-Miss: 0.0553 | Val Max Gen Viol: 0.0000 | Val Max Thermal: 0.0000
Epoch 3690 | Val Loss: 17.5594 | Val Cost: 29238.77 | Val Max P-Miss: 0.0988 | Max Q-Miss: 0.0909 | Val Max Gen Viol: 0.0000 | Val Max Thermal: 0.0000
Epoch 3700 | Val Loss: 17.3131 | Val Cost: 29164.31 | Val Max P-Miss: 0.0942 | Max Q-Miss: 0.0753 | Val Max Gen Viol: 0.0000 | Val Max Thermal: 0.0000
Epoch 3710 | Val Loss: 17.5177 | Val Cost: 29265.78 | Val Max P-Miss: 0.1630 | Max Q-Miss: 0.0634 | Val Max Gen Viol: 0.0000 | Val Max Thermal: 0.0000
Epoch 3720 | Val Loss: 17.4566 | Val Cost: 29330.48 | Val Max P-Miss: 0.1410 | Max Q-Miss: 0.0459 | Val Max Gen Viol: 0.0000 | Val Max Thermal: 0.0000
Epoch 3730 | Val Loss: 17.3994 | Val Cost: 29325.17 | Val Max P-Miss: 0.1467 | Max Q-Miss: 0.0435 | Val Max Gen Viol: 0.0000 | Val Max Thermal: 0.0000
Epoch 3740 | Val Loss: 17.3796 | Val Cost: 29160.59 | Val Max P-Miss: 0.1124 | Max Q-Miss: 0.0530 | Val Max Gen Viol: 0.0000 | Val Max Thermal: 0.0000
Epoch 3750 | Val Loss: 17.2738 | Val Cost: 29290.86 | Val Max P-Miss: 0.0975 | Max Q-Miss: 0.0505 | Val Max Gen Viol: 0.0000 | Val Max Thermal: 0.0000
Epoch 3760 | Val Loss: 17.9065 | Val Cost: 29455.95 | Val Max P-Miss: 0.1523 | Max Q-Miss: 0.0596 | Val Max Gen Viol: 0.0000 | Val Max Thermal: 0.0000
Epoch 3770 | Val Loss: 17.9576 | Val Cost: 29272.12 | Val Max P-Miss: 0.1517 | Max Q-Miss: 0.1526 | Val Max Gen Viol: 0.0000 | Val Max Thermal: 0.0000
Epoch 3780 | Val Loss: 17.8502 | Val Cost: 29229.87 | Val Max P-Miss: 0.1339 | Max Q-Miss: 0.0878 | Val Max Gen Viol: 0.0000 | Val Max Thermal: 0.0000
Epoch 3790 | Val Loss: 17.4982 | Val Cost: 29182.77 | Val Max P-Miss: 0.1242 | Max Q-Miss: 0.0688 | Val Max Gen Viol: 0.0000 | Val Max Thermal: 0.0000
Epoch 3800 | Val Loss: 17.4374 | Val Cost: 29315.06 | Val Max P-Miss: 0.0995 | Max Q-Miss: 0.0502 | Val Max Gen Viol: 0.0000 | Val Max Thermal: 0.0000
Epoch 3810 | Val Loss: 17.3562 | Val Cost: 29263.69 | Val Max P-Miss: 0.1195 | Max Q-Miss: 0.0583 | Val Max Gen Viol: 0.0000 | Val Max Thermal: 0.0000
Epoch 3820 | Val Loss: 17.3602 | Val Cost: 29224.50 | Val Max P-Miss: 0.1255 | Max Q-Miss: 0.0691 | Val Max Gen Viol: 0.0000 | Val Max Thermal: 0.0000
Epoch 3830 | Val Loss: 17.3733 | Val Cost: 29224.52 | Val Max P-Miss: 0.1142 | Max Q-Miss: 0.0553 | Val Max Gen Viol: 0.0000 | Val Max Thermal: 0.0000
Epoch 3840 | Val Loss: 17.3721 | Val Cost: 29265.20 | Val Max P-Miss: 0.1142 | Max Q-Miss: 0.0505 | Val Max Gen Viol: 0.0000 | Val Max Thermal: 0.0000
Epoch 3850 | Val Loss: 17.3667 | Val Cost: 29200.51 | Val Max P-Miss: 0.1178 | Max Q-Miss: 0.0503 | Val Max Gen Viol: 0.0000 | Val Max Thermal: 0.0000
Epoch 3860 | Val Loss: 17.3717 | Val Cost: 29214.72 | Val Max P-Miss: 0.1214 | Max Q-Miss: 0.0534 | Val Max Gen Viol: 0.0000 | Val Max Thermal: 0.0000
Epoch 3870 | Val Loss: 17.3963 | Val Cost: 29215.43 | Val Max P-Miss: 0.1173 | Max Q-Miss: 0.0471 | Val Max Gen Viol: 0.0000 | Val Max Thermal: 0.0000
Epoch 3880 | Val Loss: 17.3702 | Val Cost: 29261.79 | Val Max P-Miss: 0.1116 | Max Q-Miss: 0.0469 | Val Max Gen Viol: 0.0000 | Val Max Thermal: 0.0000
Epoch 3890 | Val Loss: 17.4856 | Val Cost: 29332.72 | Val Max P-Miss: 0.1073 | Max Q-Miss: 0.0565 | Val Max Gen Viol: 0.0000 | Val Max Thermal: 0.0000
Epoch 3900 | Val Loss: 17.4053 | Val Cost: 29139.75 | Val Max P-Miss: 0.1122 | Max Q-Miss: 0.0538 | Val Max Gen Viol: 0.0000 | Val Max Thermal: 0.0000
Epoch 3910 | Val Loss: 17.2674 | Val Cost: 29172.23 | Val Max P-Miss: 0.1219 | Max Q-Miss: 0.0341 | Val Max Gen Viol: 0.0000 | Val Max Thermal: 0.0000 [*SAVED BEST*]
Epoch 3920 | Val Loss: 18.1082 | Val Cost: 29088.98 | Val Max P-Miss: 0.1778 | Max Q-Miss: 0.0752 | Val Max Gen Viol: 0.0000 | Val Max Thermal: 0.0000
Epoch 3930 | Val Loss: 17.5908 | Val Cost: 29178.84 | Val Max P-Miss: 0.1240 | Max Q-Miss: 0.0578 | Val Max Gen Viol: 0.0000 | Val Max Thermal: 0.0000
Epoch 3940 | Val Loss: 17.5129 | Val Cost: 29228.48 | Val Max P-Miss: 0.1074 | Max Q-Miss: 0.0606 | Val Max Gen Viol: 0.0000 | Val Max Thermal: 0.0000
Epoch 3950 | Val Loss: 17.7378 | Val Cost: 29166.73 | Val Max P-Miss: 0.1228 | Max Q-Miss: 0.1058 | Val Max Gen Viol: 0.0000 | Val Max Thermal: 0.0000
Epoch 3960 | Val Loss: 17.5403 | Val Cost: 29164.10 | Val Max P-Miss: 0.1078 | Max Q-Miss: 0.0877 | Val Max Gen Viol: 0.0000 | Val Max Thermal: 0.0000
Epoch 3970 | Val Loss: 17.9024 | Val Cost: 29070.05 | Val Max P-Miss: 0.1611 | Max Q-Miss: 0.0924 | Val Max Gen Viol: 0.0000 | Val Max Thermal: 0.0000
Epoch 3980 | Val Loss: 17.7212 | Val Cost: 29231.51 | Val Max P-Miss: 0.1298 | Max Q-Miss: 0.0712 | Val Max Gen Viol: 0.0000 | Val Max Thermal: 0.0000
Epoch 3990 | Val Loss: 17.4488 | Val Cost: 29209.06 | Val Max P-Miss: 0.1109 | Max Q-Miss: 0.0759 | Val Max Gen Viol: 0.0000 | Val Max Thermal: 0.0000
Epoch 4000 | Val Loss: 17.5094 | Val Cost: 29253.58 | Val Max P-Miss: 0.0967 | Max Q-Miss: 0.0684 | Val Max Gen Viol: 0.0000 | Val Max Thermal: 0.0000
Epoch 4010 | Val Loss: 17.3898 | Val Cost: 29198.86 | Val Max P-Miss: 0.1009 | Max Q-Miss: 0.0902 | Val Max Gen Viol: 0.0000 | Val Max Thermal: 0.0000
Epoch 4020 | Val Loss: 17.6065 | Val Cost: 29178.27 | Val Max P-Miss: 0.1180 | Max Q-Miss: 0.0813 | Val Max Gen Viol: 0.0000 | Val Max Thermal: 0.0000
Epoch 4030 | Val Loss: 17.4095 | Val Cost: 29053.31 | Val Max P-Miss: 0.1285 | Max Q-Miss: 0.0583 | Val Max Gen Viol: 0.0000 | Val Max Thermal: 0.0000
Epoch 4040 | Val Loss: 18.3956 | Val Cost: 29268.78 | Val Max P-Miss: 0.1406 | Max Q-Miss: 0.1056 | Val Max Gen Viol: 0.0000 | Val Max Thermal: 0.0000
Epoch 4050 | Val Loss: 17.5024 | Val Cost: 29147.78 | Val Max P-Miss: 0.1333 | Max Q-Miss: 0.0474 | Val Max Gen Viol: 0.0000 | Val Max Thermal: 0.0000
Epoch 4060 | Val Loss: 17.4479 | Val Cost: 29183.62 | Val Max P-Miss: 0.1624 | Max Q-Miss: 0.0477 | Val Max Gen Viol: 0.0000 | Val Max Thermal: 0.0000
Epoch 4070 | Val Loss: 17.4043 | Val Cost: 29199.39 | Val Max P-Miss: 0.1630 | Max Q-Miss: 0.0430 | Val Max Gen Viol: 0.0000 | Val Max Thermal: 0.0000
Epoch 4080 | Val Loss: 17.8778 | Val Cost: 29123.14 | Val Max P-Miss: 0.1548 | Max Q-Miss: 0.0918 | Val Max Gen Viol: 0.0000 | Val Max Thermal: 0.0000
Epoch 4090 | Val Loss: 17.6039 | Val Cost: 29131.10 | Val Max P-Miss: 0.1431 | Max Q-Miss: 0.0773 | Val Max Gen Viol: 0.0000 | Val Max Thermal: 0.0000
Epoch 4100 | Val Loss: 17.4353 | Val Cost: 29204.49 | Val Max P-Miss: 0.1094 | Max Q-Miss: 0.0545 | Val Max Gen Viol: 0.0000 | Val Max Thermal: 0.0000
Epoch 4110 | Val Loss: 17.8695 | Val Cost: 29131.10 | Val Max P-Miss: 0.2875 | Max Q-Miss: 0.0537 | Val Max Gen Viol: 0.0000 | Val Max Thermal: 0.0000
Epoch 4120 | Val Loss: 17.5150 | Val Cost: 29127.70 | Val Max P-Miss: 0.1759 | Max Q-Miss: 0.0812 | Val Max Gen Viol: 0.0000 | Val Max Thermal: 0.0000
Epoch 4130 | Val Loss: 17.5755 | Val Cost: 29194.48 | Val Max P-Miss: 0.1249 | Max Q-Miss: 0.0796 | Val Max Gen Viol: 0.0000 | Val Max Thermal: 0.0000
Epoch 4140 | Val Loss: 17.4485 | Val Cost: 29184.58 | Val Max P-Miss: 0.1223 | Max Q-Miss: 0.0701 | Val Max Gen Viol: 0.0000 | Val Max Thermal: 0.0000
Epoch 4150 | Val Loss: 17.4178 | Val Cost: 29187.95 | Val Max P-Miss: 0.1188 | Max Q-Miss: 0.0680 | Val Max Gen Viol: 0.0000 | Val Max Thermal: 0.0000
Epoch 4160 | Val Loss: 17.4225 | Val Cost: 29166.79 | Val Max P-Miss: 0.1191 | Max Q-Miss: 0.0693 | Val Max Gen Viol: 0.0000 | Val Max Thermal: 0.0000
Epoch 4170 | Val Loss: 17.4037 | Val Cost: 29209.48 | Val Max P-Miss: 0.1194 | Max Q-Miss: 0.0627 | Val Max Gen Viol: 0.0000 | Val Max Thermal: 0.0000
Epoch 4180 | Val Loss: 17.3536 | Val Cost: 29229.29 | Val Max P-Miss: 0.1156 | Max Q-Miss: 0.0543 | Val Max Gen Viol: 0.0000 | Val Max Thermal: 0.0000
Epoch 4190 | Val Loss: 17.5646 | Val Cost: 29274.61 | Val Max P-Miss: 0.1541 | Max Q-Miss: 0.0405 | Val Max Gen Viol: 0.0000 | Val Max Thermal: 0.0000
Epoch 4200 | Val Loss: 17.5799 | Val Cost: 29198.71 | Val Max P-Miss: 0.1182 | Max Q-Miss: 0.0444 | Val Max Gen Viol: 0.0000 | Val Max Thermal: 0.0000
Epoch 4210 | Val Loss: 17.4870 | Val Cost: 29097.62 | Val Max P-Miss: 0.1410 | Max Q-Miss: 0.0426 | Val Max Gen Viol: 0.0000 | Val Max Thermal: 0.0000
Epoch 4220 | Val Loss: 17.6362 | Val Cost: 29275.70 | Val Max P-Miss: 0.1173 | Max Q-Miss: 0.0716 | Val Max Gen Viol: 0.0000 | Val Max Thermal: 0.0000
Epoch 4230 | Val Loss: 17.6729 | Val Cost: 29298.13 | Val Max P-Miss: 0.1107 | Max Q-Miss: 0.0652 | Val Max Gen Viol: 0.0000 | Val Max Thermal: 0.0000
Epoch 4240 | Val Loss: 17.3089 | Val Cost: 29199.91 | Val Max P-Miss: 0.1060 | Max Q-Miss: 0.0338 | Val Max Gen Viol: 0.0000 | Val Max Thermal: 0.0000
Epoch 4250 | Val Loss: 17.5195 | Val Cost: 29035.44 | Val Max P-Miss: 0.1192 | Max Q-Miss: 0.0874 | Val Max Gen Viol: 0.0000 | Val Max Thermal: 0.0000
Epoch 4260 | Val Loss: 17.5204 | Val Cost: 29128.51 | Val Max P-Miss: 0.1070 | Max Q-Miss: 0.0789 | Val Max Gen Viol: 0.0000 | Val Max Thermal: 0.0000
Epoch 4270 | Val Loss: 17.2885 | Val Cost: 29134.95 | Val Max P-Miss: 0.1060 | Max Q-Miss: 0.0553 | Val Max Gen Viol: 0.0000 | Val Max Thermal: 0.0000
Epoch 4280 | Val Loss: 17.4366 | Val Cost: 29103.92 | Val Max P-Miss: 0.1389 | Max Q-Miss: 0.0527 | Val Max Gen Viol: 0.0000 | Val Max Thermal: 0.0000
Epoch 4290 | Val Loss: 17.1688 | Val Cost: 29171.14 | Val Max P-Miss: 0.1175 | Max Q-Miss: 0.0502 | Val Max Gen Viol: 0.0000 | Val Max Thermal: 0.0000 [*SAVED BEST*]
Epoch 4300 | Val Loss: 17.9333 | Val Cost: 29219.00 | Val Max P-Miss: 0.1563 | Max Q-Miss: 0.0743 | Val Max Gen Viol: 0.0000 | Val Max Thermal: 0.0000
Epoch 4310 | Val Loss: 17.3525 | Val Cost: 29059.34 | Val Max P-Miss: 0.1381 | Max Q-Miss: 0.0452 | Val Max Gen Viol: 0.0000 | Val Max Thermal: 0.0000
Epoch 4320 | Val Loss: 17.6389 | Val Cost: 29211.07 | Val Max P-Miss: 0.1397 | Max Q-Miss: 0.0585 | Val Max Gen Viol: 0.0000 | Val Max Thermal: 0.0000
Epoch 4330 | Val Loss: 17.9855 | Val Cost: 29324.19 | Val Max P-Miss: 0.1143 | Max Q-Miss: 0.0865 | Val Max Gen Viol: 0.0000 | Val Max Thermal: 0.0000
Epoch 4340 | Val Loss: 17.5028 | Val Cost: 29138.55 | Val Max P-Miss: 0.1761 | Max Q-Miss: 0.0406 | Val Max Gen Viol: 0.0000 | Val Max Thermal: 0.0000
Epoch 4350 | Val Loss: 17.3252 | Val Cost: 29168.94 | Val Max P-Miss: 0.1538 | Max Q-Miss: 0.0396 | Val Max Gen Viol: 0.0000 | Val Max Thermal: 0.0000
Epoch 4360 | Val Loss: 17.5769 | Val Cost: 29134.29 | Val Max P-Miss: 0.1597 | Max Q-Miss: 0.0598 | Val Max Gen Viol: 0.0000 | Val Max Thermal: 0.0000
Epoch 4370 | Val Loss: 17.3900 | Val Cost: 29073.73 | Val Max P-Miss: 0.1474 | Max Q-Miss: 0.0486 | Val Max Gen Viol: 0.0000 | Val Max Thermal: 0.0000
Epoch 4380 | Val Loss: 17.3244 | Val Cost: 29120.75 | Val Max P-Miss: 0.1439 | Max Q-Miss: 0.0426 | Val Max Gen Viol: 0.0000 | Val Max Thermal: 0.0000
Epoch 4390 | Val Loss: 18.6311 | Val Cost: 29076.24 | Val Max P-Miss: 0.1238 | Max Q-Miss: 0.1928 | Val Max Gen Viol: 0.0000 | Val Max Thermal: 0.0000
Epoch 4400 | Val Loss: 17.6978 | Val Cost: 29036.28 | Val Max P-Miss: 0.1491 | Max Q-Miss: 0.0678 | Val Max Gen Viol: 0.0000 | Val Max Thermal: 0.0000
Epoch 4410 | Val Loss: 17.3716 | Val Cost: 29115.85 | Val Max P-Miss: 0.1222 | Max Q-Miss: 0.0727 | Val Max Gen Viol: 0.0000 | Val Max Thermal: 0.0000
Epoch 4420 | Val Loss: 17.3530 | Val Cost: 29110.15 | Val Max P-Miss: 0.1214 | Max Q-Miss: 0.0663 | Val Max Gen Viol: 0.0000 | Val Max Thermal: 0.0000
Epoch 4430 | Val Loss: 17.3105 | Val Cost: 29143.62 | Val Max P-Miss: 0.1210 | Max Q-Miss: 0.0552 | Val Max Gen Viol: 0.0000 | Val Max Thermal: 0.0000
Epoch 4440 | Val Loss: 17.2825 | Val Cost: 29140.62 | Val Max P-Miss: 0.1166 | Max Q-Miss: 0.0507 | Val Max Gen Viol: 0.0000 | Val Max Thermal: 0.0000
Epoch 4450 | Val Loss: 17.3012 | Val Cost: 29140.39 | Val Max P-Miss: 0.1167 | Max Q-Miss: 0.0503 | Val Max Gen Viol: 0.0000 | Val Max Thermal: 0.0000
Epoch 4460 | Val Loss: 17.3117 | Val Cost: 29133.99 | Val Max P-Miss: 0.1163 | Max Q-Miss: 0.0483 | Val Max Gen Viol: 0.0000 | Val Max Thermal: 0.0000
Epoch 4470 | Val Loss: 17.2979 | Val Cost: 29104.51 | Val Max P-Miss: 0.1104 | Max Q-Miss: 0.0464 | Val Max Gen Viol: 0.0000 | Val Max Thermal: 0.0000
Epoch 4480 | Val Loss: 17.3468 | Val Cost: 29114.66 | Val Max P-Miss: 0.1055 | Max Q-Miss: 0.0466 | Val Max Gen Viol: 0.0000 | Val Max Thermal: 0.0000
Epoch 4490 | Val Loss: 17.4138 | Val Cost: 29089.32 | Val Max P-Miss: 0.1049 | Max Q-Miss: 0.0622 | Val Max Gen Viol: 0.0000 | Val Max Thermal: 0.0000
Epoch 4500 | Val Loss: 17.3227 | Val Cost: 29134.76 | Val Max P-Miss: 0.1128 | Max Q-Miss: 0.0461 | Val Max Gen Viol: 0.0000 | Val Max Thermal: 0.0000
Epoch 4510 | Val Loss: 17.5149 | Val Cost: 29052.98 | Val Max P-Miss: 0.1218 | Max Q-Miss: 0.0830 | Val Max Gen Viol: 0.0000 | Val Max Thermal: 0.0000
Epoch 4520 | Val Loss: 17.4989 | Val Cost: 29166.11 | Val Max P-Miss: 0.1106 | Max Q-Miss: 0.0767 | Val Max Gen Viol: 0.0000 | Val Max Thermal: 0.0000
Epoch 4530 | Val Loss: 18.0197 | Val Cost: 29070.75 | Val Max P-Miss: 0.1469 | Max Q-Miss: 0.1047 | Val Max Gen Viol: 0.0000 | Val Max Thermal: 0.0000
Epoch 4540 | Val Loss: 17.4755 | Val Cost: 29037.60 | Val Max P-Miss: 0.1326 | Max Q-Miss: 0.0750 | Val Max Gen Viol: 0.0000 | Val Max Thermal: 0.0000
Epoch 4550 | Val Loss: 17.7906 | Val Cost: 29162.73 | Val Max P-Miss: 0.1967 | Max Q-Miss: 0.0780 | Val Max Gen Viol: 0.0000 | Val Max Thermal: 0.0000
Epoch 4560 | Val Loss: 17.5232 | Val Cost: 29146.85 | Val Max P-Miss: 0.1580 | Max Q-Miss: 0.0504 | Val Max Gen Viol: 0.0000 | Val Max Thermal: 0.0000
Epoch 4570 | Val Loss: 17.4248 | Val Cost: 29244.94 | Val Max P-Miss: 0.1562 | Max Q-Miss: 0.0415 | Val Max Gen Viol: 0.0000 | Val Max Thermal: 0.0000
Epoch 4580 | Val Loss: 17.4017 | Val Cost: 29042.86 | Val Max P-Miss: 0.1214 | Max Q-Miss: 0.0694 | Val Max Gen Viol: 0.0000 | Val Max Thermal: 0.0000
Epoch 4590 | Val Loss: 17.9160 | Val Cost: 28976.67 | Val Max P-Miss: 0.1757 | Max Q-Miss: 0.0704 | Val Max Gen Viol: 0.0000 | Val Max Thermal: 0.0000
Epoch 4600 | Val Loss: 17.6030 | Val Cost: 29164.59 | Val Max P-Miss: 0.1234 | Max Q-Miss: 0.0638 | Val Max Gen Viol: 0.0000 | Val Max Thermal: 0.0000
Epoch 4610 | Val Loss: 17.3792 | Val Cost: 29155.42 | Val Max P-Miss: 0.1151 | Max Q-Miss: 0.0690 | Val Max Gen Viol: 0.0000 | Val Max Thermal: 0.0000
Epoch 4620 | Val Loss: 17.3299 | Val Cost: 29111.21 | Val Max P-Miss: 0.1195 | Max Q-Miss: 0.0662 | Val Max Gen Viol: 0.0000 | Val Max Thermal: 0.0000
Epoch 4630 | Val Loss: 17.3016 | Val Cost: 29167.57 | Val Max P-Miss: 0.1164 | Max Q-Miss: 0.0622 | Val Max Gen Viol: 0.0000 | Val Max Thermal: 0.0000
Epoch 4640 | Val Loss: 17.3277 | Val Cost: 29191.55 | Val Max P-Miss: 0.1175 | Max Q-Miss: 0.0525 | Val Max Gen Viol: 0.0000 | Val Max Thermal: 0.0000
Epoch 4650 | Val Loss: 17.3221 | Val Cost: 29132.61 | Val Max P-Miss: 0.1131 | Max Q-Miss: 0.0482 | Val Max Gen Viol: 0.0000 | Val Max Thermal: 0.0000
Epoch 4660 | Val Loss: 17.2955 | Val Cost: 29136.79 | Val Max P-Miss: 0.1089 | Max Q-Miss: 0.0458 | Val Max Gen Viol: 0.0000 | Val Max Thermal: 0.0000
Epoch 4670 | Val Loss: 17.3293 | Val Cost: 29148.23 | Val Max P-Miss: 0.1170 | Max Q-Miss: 0.0516 | Val Max Gen Viol: 0.0000 | Val Max Thermal: 0.0000
Epoch 4680 | Val Loss: 17.4752 | Val Cost: 29094.96 | Val Max P-Miss: 0.1356 | Max Q-Miss: 0.0460 | Val Max Gen Viol: 0.0000 | Val Max Thermal: 0.0000
Epoch 4690 | Val Loss: 17.4474 | Val Cost: 29057.34 | Val Max P-Miss: 0.1449 | Max Q-Miss: 0.0380 | Val Max Gen Viol: 0.0000 | Val Max Thermal: 0.0000
Epoch 4700 | Val Loss: 17.4290 | Val Cost: 29141.43 | Val Max P-Miss: 0.1267 | Max Q-Miss: 0.0530 | Val Max Gen Viol: 0.0000 | Val Max Thermal: 0.0000
Epoch 4710 | Val Loss: 17.4516 | Val Cost: 29079.80 | Val Max P-Miss: 0.1118 | Max Q-Miss: 0.0787 | Val Max Gen Viol: 0.0000 | Val Max Thermal: 0.0000
Epoch 4720 | Val Loss: 17.4394 | Val Cost: 29061.99 | Val Max P-Miss: 0.1213 | Max Q-Miss: 0.0711 | Val Max Gen Viol: 0.0000 | Val Max Thermal: 0.0000
Epoch 4730 | Val Loss: 18.1781 | Val Cost: 28891.35 | Val Max P-Miss: 0.1707 | Max Q-Miss: 0.0811 | Val Max Gen Viol: 0.0000 | Val Max Thermal: 0.0000
Epoch 4740 | Val Loss: 17.4577 | Val Cost: 29118.59 | Val Max P-Miss: 0.1381 | Max Q-Miss: 0.0612 | Val Max Gen Viol: 0.0000 | Val Max Thermal: 0.0000
Epoch 4750 | Val Loss: 17.3692 | Val Cost: 29089.53 | Val Max P-Miss: 0.1076 | Max Q-Miss: 0.0698 | Val Max Gen Viol: 0.0000 | Val Max Thermal: 0.0000
Epoch 4760 | Val Loss: 17.1008 | Val Cost: 29178.52 | Val Max P-Miss: 0.0921 | Max Q-Miss: 0.0469 | Val Max Gen Viol: 0.0000 | Val Max Thermal: 0.0000 [*SAVED BEST*]
Epoch 4770 | Val Loss: 17.5063 | Val Cost: 29088.33 | Val Max P-Miss: 0.1139 | Max Q-Miss: 0.0736 | Val Max Gen Viol: 0.0000 | Val Max Thermal: 0.0000
Epoch 4780 | Val Loss: 18.1636 | Val Cost: 29002.63 | Val Max P-Miss: 0.1772 | Max Q-Miss: 0.0804 | Val Max Gen Viol: 0.0000 | Val Max Thermal: 0.0000
Epoch 4790 | Val Loss: 17.4055 | Val Cost: 29049.12 | Val Max P-Miss: 0.1327 | Max Q-Miss: 0.0848 | Val Max Gen Viol: 0.0000 | Val Max Thermal: 0.0000
Epoch 4800 | Val Loss: 17.3625 | Val Cost: 29060.56 | Val Max P-Miss: 0.1096 | Max Q-Miss: 0.0510 | Val Max Gen Viol: 0.0000 | Val Max Thermal: 0.0000
Epoch 4810 | Val Loss: 17.3525 | Val Cost: 29105.70 | Val Max P-Miss: 0.1018 | Max Q-Miss: 0.0487 | Val Max Gen Viol: 0.0000 | Val Max Thermal: 0.0000
Epoch 4820 | Val Loss: 17.3074 | Val Cost: 29132.43 | Val Max P-Miss: 0.0979 | Max Q-Miss: 0.0483 | Val Max Gen Viol: 0.0000 | Val Max Thermal: 0.0000
Epoch 4830 | Val Loss: 17.3906 | Val Cost: 29111.49 | Val Max P-Miss: 0.1522 | Max Q-Miss: 0.0479 | Val Max Gen Viol: 0.0000 | Val Max Thermal: 0.0000
Epoch 4840 | Val Loss: 17.2536 | Val Cost: 29006.89 | Val Max P-Miss: 0.1431 | Max Q-Miss: 0.0408 | Val Max Gen Viol: 0.0000 | Val Max Thermal: 0.0000
Epoch 4850 | Val Loss: 17.2393 | Val Cost: 29022.82 | Val Max P-Miss: 0.1340 | Max Q-Miss: 0.0440 | Val Max Gen Viol: 0.0000 | Val Max Thermal: 0.0000
Epoch 4860 | Val Loss: 17.7230 | Val Cost: 28436.77 | Val Max P-Miss: 0.1605 | Max Q-Miss: 0.0841 | Val Max Gen Viol: 0.0000 | Val Max Thermal: 0.0000
Epoch 4870 | Val Loss: 17.3955 | Val Cost: 29075.89 | Val Max P-Miss: 0.1197 | Max Q-Miss: 0.0704 | Val Max Gen Viol: 0.0000 | Val Max Thermal: 0.0000
Epoch 4880 | Val Loss: 17.3077 | Val Cost: 29056.71 | Val Max P-Miss: 0.1213 | Max Q-Miss: 0.0687 | Val Max Gen Viol: 0.0000 | Val Max Thermal: 0.0000
Epoch 4890 | Val Loss: 17.2773 | Val Cost: 29077.87 | Val Max P-Miss: 0.1207 | Max Q-Miss: 0.0630 | Val Max Gen Viol: 0.0000 | Val Max Thermal: 0.0000
Epoch 4900 | Val Loss: 17.2570 | Val Cost: 29127.26 | Val Max P-Miss: 0.1183 | Max Q-Miss: 0.0612 | Val Max Gen Viol: 0.0000 | Val Max Thermal: 0.0000
Epoch 4910 | Val Loss: 17.2961 | Val Cost: 29077.63 | Val Max P-Miss: 0.1235 | Max Q-Miss: 0.0615 | Val Max Gen Viol: 0.0000 | Val Max Thermal: 0.0000
Epoch 4920 | Val Loss: 17.2653 | Val Cost: 29104.10 | Val Max P-Miss: 0.1176 | Max Q-Miss: 0.0544 | Val Max Gen Viol: 0.0000 | Val Max Thermal: 0.0000
Epoch 4930 | Val Loss: 17.2634 | Val Cost: 29076.58 | Val Max P-Miss: 0.1147 | Max Q-Miss: 0.0553 | Val Max Gen Viol: 0.0000 | Val Max Thermal: 0.0000
Epoch 4940 | Val Loss: 17.2680 | Val Cost: 29038.06 | Val Max P-Miss: 0.1067 | Max Q-Miss: 0.0502 | Val Max Gen Viol: 0.0000 | Val Max Thermal: 0.0000
Epoch 4950 | Val Loss: 18.2216 | Val Cost: 29149.52 | Val Max P-Miss: 0.1459 | Max Q-Miss: 0.1224 | Val Max Gen Viol: 0.0000 | Val Max Thermal: 0.0000
Epoch 4960 | Val Loss: 17.7865 | Val Cost: 28925.64 | Val Max P-Miss: 0.1323 | Max Q-Miss: 0.0600 | Val Max Gen Viol: 0.0000 | Val Max Thermal: 0.0000
Epoch 4970 | Val Loss: 18.2739 | Val Cost: 29083.01 | Val Max P-Miss: 0.2121 | Max Q-Miss: 0.0899 | Val Max Gen Viol: 0.0000 | Val Max Thermal: 0.0000
Epoch 4980 | Val Loss: 17.4028 | Val Cost: 28817.34 | Val Max P-Miss: 0.1299 | Max Q-Miss: 0.0357 | Val Max Gen Viol: 0.0000 | Val Max Thermal: 0.0000
Epoch 4990 | Val Loss: 17.8913 | Val Cost: 29150.55 | Val Max P-Miss: 0.1459 | Max Q-Miss: 0.0950 | Val Max Gen Viol: 0.0000 | Val Max Thermal: 0.0000
Epoch 5000 | Val Loss: 17.4105 | Val Cost: 29005.76 | Val Max P-Miss: 0.1403 | Max Q-Miss: 0.0742 | Val Max Gen Viol: 0.0000 | Val Max Thermal: 0.0000
Epoch 5010 | Val Loss: 17.5284 | Val Cost: 28918.22 | Val Max P-Miss: 0.1275 | Max Q-Miss: 0.0727 | Val Max Gen Viol: 0.0000 | Val Max Thermal: 0.0000
Epoch 5020 | Val Loss: 17.2910 | Val Cost: 29060.56 | Val Max P-Miss: 0.1353 | Max Q-Miss: 0.0456 | Val Max Gen Viol: 0.0000 | Val Max Thermal: 0.0000
Epoch 5030 | Val Loss: 17.1816 | Val Cost: 29055.75 | Val Max P-Miss: 0.1296 | Max Q-Miss: 0.0378 | Val Max Gen Viol: 0.0000 | Val Max Thermal: 0.0000
Epoch 5040 | Val Loss: 17.1708 | Val Cost: 29106.35 | Val Max P-Miss: 0.1273 | Max Q-Miss: 0.0366 | Val Max Gen Viol: 0.0000 | Val Max Thermal: 0.0000
Epoch 5050 | Val Loss: 17.7086 | Val Cost: 28891.67 | Val Max P-Miss: 0.1639 | Max Q-Miss: 0.0653 | Val Max Gen Viol: 0.0000 | Val Max Thermal: 0.0000
Epoch 5060 | Val Loss: 17.2599 | Val Cost: 29049.11 | Val Max P-Miss: 0.1085 | Max Q-Miss: 0.0587 | Val Max Gen Viol: 0.0000 | Val Max Thermal: 0.0000
Epoch 5070 | Val Loss: 17.2342 | Val Cost: 29083.02 | Val Max P-Miss: 0.1115 | Max Q-Miss: 0.0575 | Val Max Gen Viol: 0.0000 | Val Max Thermal: 0.0000
Epoch 5080 | Val Loss: 17.2347 | Val Cost: 29080.63 | Val Max P-Miss: 0.1143 | Max Q-Miss: 0.0559 | Val Max Gen Viol: 0.0000 | Val Max Thermal: 0.0000
Epoch 5090 | Val Loss: 17.2146 | Val Cost: 29077.36 | Val Max P-Miss: 0.1118 | Max Q-Miss: 0.0550 | Val Max Gen Viol: 0.0000 | Val Max Thermal: 0.0000
Epoch 5100 | Val Loss: 17.2063 | Val Cost: 29059.47 | Val Max P-Miss: 0.1096 | Max Q-Miss: 0.0552 | Val Max Gen Viol: 0.0000 | Val Max Thermal: 0.0000
Epoch 5110 | Val Loss: 17.2392 | Val Cost: 28999.25 | Val Max P-Miss: 0.1054 | Max Q-Miss: 0.0508 | Val Max Gen Viol: 0.0000 | Val Max Thermal: 0.0000
Epoch 5120 | Val Loss: 17.2056 | Val Cost: 29134.63 | Val Max P-Miss: 0.1078 | Max Q-Miss: 0.0502 | Val Max Gen Viol: 0.0000 | Val Max Thermal: 0.0000
Epoch 5130 | Val Loss: 17.2259 | Val Cost: 29150.02 | Val Max P-Miss: 0.1107 | Max Q-Miss: 0.0495 | Val Max Gen Viol: 0.0000 | Val Max Thermal: 0.0000
Epoch 5140 | Val Loss: 17.4634 | Val Cost: 29123.29 | Val Max P-Miss: 0.1243 | Max Q-Miss: 0.0381 | Val Max Gen Viol: 0.0000 | Val Max Thermal: 0.0000
Epoch 5150 | Val Loss: 18.1348 | Val Cost: 28841.81 | Val Max P-Miss: 0.1957 | Max Q-Miss: 0.0860 | Val Max Gen Viol: 0.0000 | Val Max Thermal: 0.0000
Epoch 5160 | Val Loss: 17.6356 | Val Cost: 29143.98 | Val Max P-Miss: 0.1460 | Max Q-Miss: 0.1123 | Val Max Gen Viol: 0.0000 | Val Max Thermal: 0.0000
Epoch 5170 | Val Loss: 17.8107 | Val Cost: 29182.74 | Val Max P-Miss: 0.1142 | Max Q-Miss: 0.0700 | Val Max Gen Viol: 0.0000 | Val Max Thermal: 0.0000
Epoch 5180 | Val Loss: 17.6524 | Val Cost: 28945.04 | Val Max P-Miss: 0.1693 | Max Q-Miss: 0.0657 | Val Max Gen Viol: 0.0000 | Val Max Thermal: 0.0000
Epoch 5190 | Val Loss: 17.4283 | Val Cost: 29038.29 | Val Max P-Miss: 0.1279 | Max Q-Miss: 0.0860 | Val Max Gen Viol: 0.0000 | Val Max Thermal: 0.0000
Epoch 5200 | Val Loss: 17.1069 | Val Cost: 29057.18 | Val Max P-Miss: 0.0938 | Max Q-Miss: 0.0509 | Val Max Gen Viol: 0.0000 | Val Max Thermal: 0.0000
Epoch 5210 | Val Loss: 17.5294 | Val Cost: 29061.01 | Val Max P-Miss: 0.1195 | Max Q-Miss: 0.0462 | Val Max Gen Viol: 0.0000 | Val Max Thermal: 0.0000
Epoch 5220 | Val Loss: 17.4580 | Val Cost: 29062.67 | Val Max P-Miss: 0.1455 | Max Q-Miss: 0.0445 | Val Max Gen Viol: 0.0000 | Val Max Thermal: 0.0000
Epoch 5230 | Val Loss: 17.4980 | Val Cost: 29067.54 | Val Max P-Miss: 0.1185 | Max Q-Miss: 0.0682 | Val Max Gen Viol: 0.0000 | Val Max Thermal: 0.0000
Epoch 5240 | Val Loss: 18.1983 | Val Cost: 28775.13 | Val Max P-Miss: 0.1845 | Max Q-Miss: 0.0653 | Val Max Gen Viol: 0.0000 | Val Max Thermal: 0.0000
Epoch 5250 | Val Loss: 19.2861 | Val Cost: 28869.42 | Val Max P-Miss: 0.2532 | Max Q-Miss: 0.0804 | Val Max Gen Viol: 0.0000 | Val Max Thermal: 0.0000
Epoch 5260 | Val Loss: 17.3323 | Val Cost: 29072.73 | Val Max P-Miss: 0.1205 | Max Q-Miss: 0.0603 | Val Max Gen Viol: 0.0000 | Val Max Thermal: 0.0000
Epoch 5270 | Val Loss: 17.2655 | Val Cost: 29096.13 | Val Max P-Miss: 0.1031 | Max Q-Miss: 0.0537 | Val Max Gen Viol: 0.0000 | Val Max Thermal: 0.0000
Epoch 5280 | Val Loss: 17.2615 | Val Cost: 29119.96 | Val Max P-Miss: 0.1256 | Max Q-Miss: 0.0556 | Val Max Gen Viol: 0.0000 | Val Max Thermal: 0.0000
Epoch 5290 | Val Loss: 17.2565 | Val Cost: 29085.93 | Val Max P-Miss: 0.1281 | Max Q-Miss: 0.0658 | Val Max Gen Viol: 0.0000 | Val Max Thermal: 0.0000
Epoch 5300 | Val Loss: 17.2136 | Val Cost: 29097.88 | Val Max P-Miss: 0.1224 | Max Q-Miss: 0.0609 | Val Max Gen Viol: 0.0000 | Val Max Thermal: 0.0000
Epoch 5310 | Val Loss: 17.2113 | Val Cost: 29092.69 | Val Max P-Miss: 0.1207 | Max Q-Miss: 0.0603 | Val Max Gen Viol: 0.0000 | Val Max Thermal: 0.0000
Epoch 5320 | Val Loss: 17.2050 | Val Cost: 29070.54 | Val Max P-Miss: 0.1180 | Max Q-Miss: 0.0574 | Val Max Gen Viol: 0.0000 | Val Max Thermal: 0.0000
Epoch 5330 | Val Loss: 17.1694 | Val Cost: 29057.07 | Val Max P-Miss: 0.1112 | Max Q-Miss: 0.0528 | Val Max Gen Viol: 0.0000 | Val Max Thermal: 0.0000
Epoch 5340 | Val Loss: 17.2000 | Val Cost: 29017.67 | Val Max P-Miss: 0.1117 | Max Q-Miss: 0.0549 | Val Max Gen Viol: 0.0000 | Val Max Thermal: 0.0000
Epoch 5350 | Val Loss: 17.1730 | Val Cost: 29061.80 | Val Max P-Miss: 0.1152 | Max Q-Miss: 0.0563 | Val Max Gen Viol: 0.0000 | Val Max Thermal: 0.0000
Epoch 5360 | Val Loss: 17.3430 | Val Cost: 29088.14 | Val Max P-Miss: 0.1143 | Max Q-Miss: 0.0465 | Val Max Gen Viol: 0.0000 | Val Max Thermal: 0.0000
Epoch 5370 | Val Loss: 17.4023 | Val Cost: 29051.87 | Val Max P-Miss: 0.1343 | Max Q-Miss: 0.0474 | Val Max Gen Viol: 0.0000 | Val Max Thermal: 0.0000
Epoch 5380 | Val Loss: 17.3089 | Val Cost: 29001.15 | Val Max P-Miss: 0.1023 | Max Q-Miss: 0.0569 | Val Max Gen Viol: 0.0000 | Val Max Thermal: 0.0000
Epoch 5390 | Val Loss: 17.3594 | Val Cost: 28974.03 | Val Max P-Miss: 0.1302 | Max Q-Miss: 0.0574 | Val Max Gen Viol: 0.0000 | Val Max Thermal: 0.0000
Epoch 5400 | Val Loss: 17.4098 | Val Cost: 28971.63 | Val Max P-Miss: 0.1199 | Max Q-Miss: 0.0653 | Val Max Gen Viol: 0.0000 | Val Max Thermal: 0.0000
Epoch 5410 | Val Loss: 17.2765 | Val Cost: 28932.43 | Val Max P-Miss: 0.1072 | Max Q-Miss: 0.0670 | Val Max Gen Viol: 0.0000 | Val Max Thermal: 0.0000
Epoch 5420 | Val Loss: 17.6728 | Val Cost: 29043.17 | Val Max P-Miss: 0.1562 | Max Q-Miss: 0.0705 | Val Max Gen Viol: 0.0000 | Val Max Thermal: 0.0000
Epoch 5430 | Val Loss: 17.4755 | Val Cost: 28910.81 | Val Max P-Miss: 0.1375 | Max Q-Miss: 0.0790 | Val Max Gen Viol: 0.0000 | Val Max Thermal: 0.0000
Epoch 5440 | Val Loss: 17.4789 | Val Cost: 29118.91 | Val Max P-Miss: 0.1509 | Max Q-Miss: 0.0594 | Val Max Gen Viol: 0.0000 | Val Max Thermal: 0.0000
Epoch 5450 | Val Loss: 17.3195 | Val Cost: 29016.11 | Val Max P-Miss: 0.1139 | Max Q-Miss: 0.0485 | Val Max Gen Viol: 0.0000 | Val Max Thermal: 0.0000
Epoch 5460 | Val Loss: 17.2448 | Val Cost: 29024.49 | Val Max P-Miss: 0.1438 | Max Q-Miss: 0.0439 | Val Max Gen Viol: 0.0000 | Val Max Thermal: 0.0000
Epoch 5470 | Val Loss: 17.1584 | Val Cost: 29011.34 | Val Max P-Miss: 0.1343 | Max Q-Miss: 0.0358 | Val Max Gen Viol: 0.0000 | Val Max Thermal: 0.0000
Epoch 5480 | Val Loss: 17.1036 | Val Cost: 29037.52 | Val Max P-Miss: 0.1286 | Max Q-Miss: 0.0343 | Val Max Gen Viol: 0.0000 | Val Max Thermal: 0.0000
Epoch 5490 | Val Loss: 17.0204 | Val Cost: 29044.36 | Val Max P-Miss: 0.1139 | Max Q-Miss: 0.0292 | Val Max Gen Viol: 0.0000 | Val Max Thermal: 0.0000 [*SAVED BEST*]
Epoch 5500 | Val Loss: 17.6190 | Val Cost: 28950.07 | Val Max P-Miss: 0.0966 | Max Q-Miss: 0.1157 | Val Max Gen Viol: 0.0000 | Val Max Thermal: 0.0000
Epoch 5510 | Val Loss: 18.0322 | Val Cost: 29048.21 | Val Max P-Miss: 0.1635 | Max Q-Miss: 0.0654 | Val Max Gen Viol: 0.0000 | Val Max Thermal: 0.0000
Epoch 5520 | Val Loss: 17.2493 | Val Cost: 28945.29 | Val Max P-Miss: 0.1907 | Max Q-Miss: 0.0363 | Val Max Gen Viol: 0.0000 | Val Max Thermal: 0.0000
Epoch 5530 | Val Loss: 17.6221 | Val Cost: 28956.68 | Val Max P-Miss: 0.1306 | Max Q-Miss: 0.0697 | Val Max Gen Viol: 0.0000 | Val Max Thermal: 0.0000
Epoch 5540 | Val Loss: 17.5274 | Val Cost: 28965.81 | Val Max P-Miss: 0.1390 | Max Q-Miss: 0.0652 | Val Max Gen Viol: 0.0000 | Val Max Thermal: 0.0000
Epoch 5550 | Val Loss: 17.3118 | Val Cost: 28968.71 | Val Max P-Miss: 0.1343 | Max Q-Miss: 0.0628 | Val Max Gen Viol: 0.0000 | Val Max Thermal: 0.0000
Epoch 5560 | Val Loss: 17.4503 | Val Cost: 28958.55 | Val Max P-Miss: 0.1324 | Max Q-Miss: 0.0483 | Val Max Gen Viol: 0.0000 | Val Max Thermal: 0.0000
Epoch 5570 | Val Loss: 17.4907 | Val Cost: 29087.25 | Val Max P-Miss: 0.1584 | Max Q-Miss: 0.0572 | Val Max Gen Viol: 0.0000 | Val Max Thermal: 0.0000
Epoch 5580 | Val Loss: 17.3242 | Val Cost: 29025.53 | Val Max P-Miss: 0.1353 | Max Q-Miss: 0.0608 | Val Max Gen Viol: 0.0000 | Val Max Thermal: 0.0000
Epoch 5590 | Val Loss: 17.2509 | Val Cost: 29047.59 | Val Max P-Miss: 0.1214 | Max Q-Miss: 0.0526 | Val Max Gen Viol: 0.0000 | Val Max Thermal: 0.0000
Epoch 5600 | Val Loss: 17.2334 | Val Cost: 29026.04 | Val Max P-Miss: 0.1416 | Max Q-Miss: 0.0404 | Val Max Gen Viol: 0.0000 | Val Max Thermal: 0.0000
Epoch 5610 | Val Loss: 17.5461 | Val Cost: 28887.79 | Val Max P-Miss: 0.1418 | Max Q-Miss: 0.0760 | Val Max Gen Viol: 0.0000 | Val Max Thermal: 0.0000
Epoch 5620 | Val Loss: 17.0837 | Val Cost: 28957.67 | Val Max P-Miss: 0.1093 | Max Q-Miss: 0.0357 | Val Max Gen Viol: 0.0000 | Val Max Thermal: 0.0000
Epoch 5630 | Val Loss: 17.5350 | Val Cost: 28781.84 | Val Max P-Miss: 0.1568 | Max Q-Miss: 0.0549 | Val Max Gen Viol: 0.0000 | Val Max Thermal: 0.0000
Epoch 5640 | Val Loss: 17.1396 | Val Cost: 28997.64 | Val Max P-Miss: 0.1146 | Max Q-Miss: 0.0596 | Val Max Gen Viol: 0.0000 | Val Max Thermal: 0.0000
Epoch 5650 | Val Loss: 17.1298 | Val Cost: 29004.04 | Val Max P-Miss: 0.1139 | Max Q-Miss: 0.0560 | Val Max Gen Viol: 0.0000 | Val Max Thermal: 0.0000
Epoch 5660 | Val Loss: 17.1319 | Val Cost: 29003.33 | Val Max P-Miss: 0.1148 | Max Q-Miss: 0.0541 | Val Max Gen Viol: 0.0000 | Val Max Thermal: 0.0000
Epoch 5670 | Val Loss: 17.1237 | Val Cost: 29024.24 | Val Max P-Miss: 0.1140 | Max Q-Miss: 0.0504 | Val Max Gen Viol: 0.0000 | Val Max Thermal: 0.0000
Epoch 5680 | Val Loss: 17.1379 | Val Cost: 29026.56 | Val Max P-Miss: 0.1129 | Max Q-Miss: 0.0485 | Val Max Gen Viol: 0.0000 | Val Max Thermal: 0.0000
Epoch 5690 | Val Loss: 17.2036 | Val Cost: 28995.25 | Val Max P-Miss: 0.1058 | Max Q-Miss: 0.0450 | Val Max Gen Viol: 0.0000 | Val Max Thermal: 0.0000
Epoch 5700 | Val Loss: 17.7895 | Val Cost: 28998.86 | Val Max P-Miss: 0.1360 | Max Q-Miss: 0.1135 | Val Max Gen Viol: 0.0000 | Val Max Thermal: 0.0000
Epoch 5710 | Val Loss: 17.3422 | Val Cost: 29009.84 | Val Max P-Miss: 0.1056 | Max Q-Miss: 0.0717 | Val Max Gen Viol: 0.0000 | Val Max Thermal: 0.0000
Epoch 5720 | Val Loss: 17.4197 | Val Cost: 29054.81 | Val Max P-Miss: 0.1145 | Max Q-Miss: 0.0589 | Val Max Gen Viol: 0.0000 | Val Max Thermal: 0.0000
Epoch 5730 | Val Loss: 17.1829 | Val Cost: 28990.30 | Val Max P-Miss: 0.1251 | Max Q-Miss: 0.0660 | Val Max Gen Viol: 0.0000 | Val Max Thermal: 0.0000
Epoch 5740 | Val Loss: 17.3114 | Val Cost: 28889.36 | Val Max P-Miss: 0.1596 | Max Q-Miss: 0.0451 | Val Max Gen Viol: 0.0000 | Val Max Thermal: 0.0000
Epoch 5750 | Val Loss: 17.2143 | Val Cost: 28894.16 | Val Max P-Miss: 0.1537 | Max Q-Miss: 0.0448 | Val Max Gen Viol: 0.0000 | Val Max Thermal: 0.0000
Epoch 5760 | Val Loss: 17.2172 | Val Cost: 28851.05 | Val Max P-Miss: 0.1569 | Max Q-Miss: 0.0455 | Val Max Gen Viol: 0.0000 | Val Max Thermal: 0.0000
Epoch 5770 | Val Loss: 17.2741 | Val Cost: 28929.10 | Val Max P-Miss: 0.1394 | Max Q-Miss: 0.0497 | Val Max Gen Viol: 0.0000 | Val Max Thermal: 0.0000
Epoch 5780 | Val Loss: 17.1761 | Val Cost: 28901.40 | Val Max P-Miss: 0.0999 | Max Q-Miss: 0.0600 | Val Max Gen Viol: 0.0000 | Val Max Thermal: 0.0000
Epoch 5790 | Val Loss: 17.2411 | Val Cost: 28998.84 | Val Max P-Miss: 0.1163 | Max Q-Miss: 0.0451 | Val Max Gen Viol: 0.0000 | Val Max Thermal: 0.0000
Epoch 5800 | Val Loss: 17.4433 | Val Cost: 28946.71 | Val Max P-Miss: 0.1204 | Max Q-Miss: 0.0673 | Val Max Gen Viol: 0.0000 | Val Max Thermal: 0.0000
Epoch 5810 | Val Loss: 17.1809 | Val Cost: 28953.93 | Val Max P-Miss: 0.1174 | Max Q-Miss: 0.0545 | Val Max Gen Viol: 0.0000 | Val Max Thermal: 0.0000
Epoch 5820 | Val Loss: 17.1754 | Val Cost: 29057.55 | Val Max P-Miss: 0.1013 | Max Q-Miss: 0.0462 | Val Max Gen Viol: 0.0000 | Val Max Thermal: 0.0000
Epoch 5830 | Val Loss: 17.8913 | Val Cost: 28957.07 | Val Max P-Miss: 0.1504 | Max Q-Miss: 0.1054 | Val Max Gen Viol: 0.0000 | Val Max Thermal: 0.0000
Epoch 5840 | Val Loss: 17.2294 | Val Cost: 28981.81 | Val Max P-Miss: 0.1304 | Max Q-Miss: 0.0714 | Val Max Gen Viol: 0.0000 | Val Max Thermal: 0.0000
Epoch 5850 | Val Loss: 17.1744 | Val Cost: 29011.06 | Val Max P-Miss: 0.1263 | Max Q-Miss: 0.0621 | Val Max Gen Viol: 0.0000 | Val Max Thermal: 0.0000
Epoch 5860 | Val Loss: 17.1154 | Val Cost: 29012.88 | Val Max P-Miss: 0.1196 | Max Q-Miss: 0.0551 | Val Max Gen Viol: 0.0000 | Val Max Thermal: 0.0000
Epoch 5870 | Val Loss: 17.1128 | Val Cost: 28978.04 | Val Max P-Miss: 0.1170 | Max Q-Miss: 0.0547 | Val Max Gen Viol: 0.0000 | Val Max Thermal: 0.0000
Epoch 5880 | Val Loss: 17.1195 | Val Cost: 29004.24 | Val Max P-Miss: 0.1155 | Max Q-Miss: 0.0528 | Val Max Gen Viol: 0.0000 | Val Max Thermal: 0.0000
Epoch 5890 | Val Loss: 17.1244 | Val Cost: 28983.74 | Val Max P-Miss: 0.1213 | Max Q-Miss: 0.0534 | Val Max Gen Viol: 0.0000 | Val Max Thermal: 0.0000
Epoch 5900 | Val Loss: 17.2373 | Val Cost: 28888.99 | Val Max P-Miss: 0.1305 | Max Q-Miss: 0.0434 | Val Max Gen Viol: 0.0000 | Val Max Thermal: 0.0000
Epoch 5910 | Val Loss: 17.2854 | Val Cost: 28880.33 | Val Max P-Miss: 0.1394 | Max Q-Miss: 0.0389 | Val Max Gen Viol: 0.0000 | Val Max Thermal: 0.0000
Epoch 5920 | Val Loss: 18.0806 | Val Cost: 28946.45 | Val Max P-Miss: 0.1658 | Max Q-Miss: 0.0968 | Val Max Gen Viol: 0.0000 | Val Max Thermal: 0.0000
Epoch 5930 | Val Loss: 17.2983 | Val Cost: 28943.97 | Val Max P-Miss: 0.1506 | Max Q-Miss: 0.0471 | Val Max Gen Viol: 0.0000 | Val Max Thermal: 0.0000
Epoch 5940 | Val Loss: 17.6203 | Val Cost: 28920.71 | Val Max P-Miss: 0.1770 | Max Q-Miss: 0.0310 | Val Max Gen Viol: 0.0000 | Val Max Thermal: 0.0000
Epoch 5950 | Val Loss: 17.3957 | Val Cost: 28934.79 | Val Max P-Miss: 0.1803 | Max Q-Miss: 0.0587 | Val Max Gen Viol: 0.0000 | Val Max Thermal: 0.0000
Epoch 5960 | Val Loss: 17.2538 | Val Cost: 28968.30 | Val Max P-Miss: 0.1511 | Max Q-Miss: 0.0485 | Val Max Gen Viol: 0.0000 | Val Max Thermal: 0.0000
Epoch 5970 | Val Loss: 17.8951 | Val Cost: 29065.19 | Val Max P-Miss: 0.1374 | Max Q-Miss: 0.1311 | Val Max Gen Viol: 0.0000 | Val Max Thermal: 0.0000
Epoch 5980 | Val Loss: 17.3096 | Val Cost: 28881.66 | Val Max P-Miss: 0.1405 | Max Q-Miss: 0.0662 | Val Max Gen Viol: 0.0000 | Val Max Thermal: 0.0000
Epoch 5990 | Val Loss: 17.5295 | Val Cost: 28882.23 | Val Max P-Miss: 0.1111 | Max Q-Miss: 0.0770 | Val Max Gen Viol: 0.0000 | Val Max Thermal: 0.0000
Epoch 6000 | Val Loss: 17.2532 | Val Cost: 28974.38 | Val Max P-Miss: 0.1167 | Max Q-Miss: 0.0628 | Val Max Gen Viol: 0.0000 | Val Max Thermal: 0.0000
Epoch 6010 | Val Loss: 17.1194 | Val Cost: 28975.36 | Val Max P-Miss: 0.1028 | Max Q-Miss: 0.0493 | Val Max Gen Viol: 0.0000 | Val Max Thermal: 0.0000
Epoch 6020 | Val Loss: 17.3063 | Val Cost: 28837.72 | Val Max P-Miss: 0.1584 | Max Q-Miss: 0.0584 | Val Max Gen Viol: 0.0000 | Val Max Thermal: 0.0000
Epoch 6030 | Val Loss: 17.2442 | Val Cost: 28971.97 | Val Max P-Miss: 0.1210 | Max Q-Miss: 0.0597 | Val Max Gen Viol: 0.0000 | Val Max Thermal: 0.0000
Epoch 6040 | Val Loss: 17.2570 | Val Cost: 28978.47 | Val Max P-Miss: 0.1217 | Max Q-Miss: 0.0602 | Val Max Gen Viol: 0.0000 | Val Max Thermal: 0.0000
Epoch 6050 | Val Loss: 17.1998 | Val Cost: 28979.91 | Val Max P-Miss: 0.1160 | Max Q-Miss: 0.0560 | Val Max Gen Viol: 0.0000 | Val Max Thermal: 0.0000
Epoch 6060 | Val Loss: 17.2446 | Val Cost: 28960.32 | Val Max P-Miss: 0.1201 | Max Q-Miss: 0.0484 | Val Max Gen Viol: 0.0000 | Val Max Thermal: 0.0000
Epoch 6070 | Val Loss: 17.2702 | Val Cost: 28928.07 | Val Max P-Miss: 0.1488 | Max Q-Miss: 0.0386 | Val Max Gen Viol: 0.0000 | Val Max Thermal: 0.0000
Epoch 6080 | Val Loss: 17.3351 | Val Cost: 28997.37 | Val Max P-Miss: 0.1106 | Max Q-Miss: 0.0439 | Val Max Gen Viol: 0.0000 | Val Max Thermal: 0.0000
Epoch 6090 | Val Loss: 17.8740 | Val Cost: 29202.15 | Val Max P-Miss: 0.1392 | Max Q-Miss: 0.0661 | Val Max Gen Viol: 0.0000 | Val Max Thermal: 0.0000
Epoch 6100 | Val Loss: 17.4604 | Val Cost: 28862.73 | Val Max P-Miss: 0.1759 | Max Q-Miss: 0.0728 | Val Max Gen Viol: 0.0000 | Val Max Thermal: 0.0000
Epoch 6110 | Val Loss: 17.6695 | Val Cost: 28968.22 | Val Max P-Miss: 0.1086 | Max Q-Miss: 0.1242 | Val Max Gen Viol: 0.0000 | Val Max Thermal: 0.0000
Epoch 6120 | Val Loss: 17.3387 | Val Cost: 28938.65 | Val Max P-Miss: 0.0950 | Max Q-Miss: 0.0773 | Val Max Gen Viol: 0.0000 | Val Max Thermal: 0.0000
Epoch 6130 | Val Loss: 17.2506 | Val Cost: 28936.67 | Val Max P-Miss: 0.1200 | Max Q-Miss: 0.0636 | Val Max Gen Viol: 0.0000 | Val Max Thermal: 0.0000
Epoch 6140 | Val Loss: 17.2250 | Val Cost: 28931.33 | Val Max P-Miss: 0.1180 | Max Q-Miss: 0.0553 | Val Max Gen Viol: 0.0000 | Val Max Thermal: 0.0000
Epoch 6150 | Val Loss: 17.1995 | Val Cost: 28995.29 | Val Max P-Miss: 0.1154 | Max Q-Miss: 0.0539 | Val Max Gen Viol: 0.0000 | Val Max Thermal: 0.0000
Epoch 6160 | Val Loss: 17.1953 | Val Cost: 28976.35 | Val Max P-Miss: 0.1146 | Max Q-Miss: 0.0508 | Val Max Gen Viol: 0.0000 | Val Max Thermal: 0.0000
Epoch 6170 | Val Loss: 17.1985 | Val Cost: 28959.07 | Val Max P-Miss: 0.1147 | Max Q-Miss: 0.0511 | Val Max Gen Viol: 0.0000 | Val Max Thermal: 0.0000
Epoch 6180 | Val Loss: 17.2205 | Val Cost: 28950.68 | Val Max P-Miss: 0.1087 | Max Q-Miss: 0.0422 | Val Max Gen Viol: 0.0000 | Val Max Thermal: 0.0000
Epoch 6190 | Val Loss: 17.2858 | Val Cost: 28935.89 | Val Max P-Miss: 0.1416 | Max Q-Miss: 0.0423 | Val Max Gen Viol: 0.0000 | Val Max Thermal: 0.0000
Epoch 6200 | Val Loss: 17.3005 | Val Cost: 29030.19 | Val Max P-Miss: 0.1181 | Max Q-Miss: 0.0559 | Val Max Gen Viol: 0.0000 | Val Max Thermal: 0.0000
Epoch 6210 | Val Loss: 17.2369 | Val Cost: 28948.42 | Val Max P-Miss: 0.1152 | Max Q-Miss: 0.0425 | Val Max Gen Viol: 0.0000 | Val Max Thermal: 0.0000
Epoch 6220 | Val Loss: 17.5490 | Val Cost: 28884.00 | Val Max P-Miss: 0.1264 | Max Q-Miss: 0.0537 | Val Max Gen Viol: 0.0000 | Val Max Thermal: 0.0000
Epoch 6230 | Val Loss: 17.0960 | Val Cost: 28956.07 | Val Max P-Miss: 0.1117 | Max Q-Miss: 0.0532 | Val Max Gen Viol: 0.0000 | Val Max Thermal: 0.0000
Epoch 6240 | Val Loss: 17.0912 | Val Cost: 28932.05 | Val Max P-Miss: 0.1058 | Max Q-Miss: 0.0578 | Val Max Gen Viol: 0.0000 | Val Max Thermal: 0.0000
Epoch 6250 | Val Loss: 17.1266 | Val Cost: 29059.17 | Val Max P-Miss: 0.0973 | Max Q-Miss: 0.0422 | Val Max Gen Viol: 0.0000 | Val Max Thermal: 0.0000
Epoch 6260 | Val Loss: 17.5598 | Val Cost: 28747.28 | Val Max P-Miss: 0.1564 | Max Q-Miss: 0.0910 | Val Max Gen Viol: 0.0000 | Val Max Thermal: 0.0000
Epoch 6270 | Val Loss: 17.3532 | Val Cost: 28928.05 | Val Max P-Miss: 0.1249 | Max Q-Miss: 0.0725 | Val Max Gen Viol: 0.0000 | Val Max Thermal: 0.0000
Epoch 6280 | Val Loss: 17.1638 | Val Cost: 28930.75 | Val Max P-Miss: 0.1112 | Max Q-Miss: 0.0520 | Val Max Gen Viol: 0.0000 | Val Max Thermal: 0.0000
Epoch 6290 | Val Loss: 17.5700 | Val Cost: 29010.74 | Val Max P-Miss: 0.1432 | Max Q-Miss: 0.0601 | Val Max Gen Viol: 0.0000 | Val Max Thermal: 0.0000
Epoch 6300 | Val Loss: 17.2750 | Val Cost: 28995.61 | Val Max P-Miss: 0.1092 | Max Q-Miss: 0.0550 | Val Max Gen Viol: 0.0000 | Val Max Thermal: 0.0000
Epoch 6310 | Val Loss: 17.2478 | Val Cost: 28859.79 | Val Max P-Miss: 0.1854 | Max Q-Miss: 0.0447 | Val Max Gen Viol: 0.0000 | Val Max Thermal: 0.0000
Epoch 6320 | Val Loss: 16.9901 | Val Cost: 28999.90 | Val Max P-Miss: 0.1118 | Max Q-Miss: 0.0281 | Val Max Gen Viol: 0.0000 | Val Max Thermal: 0.0000 [*SAVED BEST*]
Epoch 6330 | Val Loss: 17.4799 | Val Cost: 28791.49 | Val Max P-Miss: 0.1458 | Max Q-Miss: 0.0724 | Val Max Gen Viol: 0.0000 | Val Max Thermal: 0.0000
Epoch 6340 | Val Loss: 17.1947 | Val Cost: 28871.38 | Val Max P-Miss: 0.1455 | Max Q-Miss: 0.0398 | Val Max Gen Viol: 0.0000 | Val Max Thermal: 0.0000
Epoch 6350 | Val Loss: 17.1140 | Val Cost: 28918.59 | Val Max P-Miss: 0.1343 | Max Q-Miss: 0.0364 | Val Max Gen Viol: 0.0000 | Val Max Thermal: 0.0000
Epoch 6360 | Val Loss: 17.3416 | Val Cost: 28877.99 | Val Max P-Miss: 0.1529 | Max Q-Miss: 0.0644 | Val Max Gen Viol: 0.0000 | Val Max Thermal: 0.0000
Epoch 6370 | Val Loss: 17.1980 | Val Cost: 28913.93 | Val Max P-Miss: 0.1336 | Max Q-Miss: 0.0646 | Val Max Gen Viol: 0.0000 | Val Max Thermal: 0.0000
Epoch 6380 | Val Loss: 17.1231 | Val Cost: 28919.79 | Val Max P-Miss: 0.1235 | Max Q-Miss: 0.0575 | Val Max Gen Viol: 0.0000 | Val Max Thermal: 0.0000
Epoch 6390 | Val Loss: 17.0808 | Val Cost: 28942.63 | Val Max P-Miss: 0.1151 | Max Q-Miss: 0.0531 | Val Max Gen Viol: 0.0000 | Val Max Thermal: 0.0000
Epoch 6400 | Val Loss: 17.1252 | Val Cost: 28942.03 | Val Max P-Miss: 0.1213 | Max Q-Miss: 0.0584 | Val Max Gen Viol: 0.0000 | Val Max Thermal: 0.0000
Epoch 6410 | Val Loss: 17.2142 | Val Cost: 28912.34 | Val Max P-Miss: 0.1198 | Max Q-Miss: 0.0515 | Val Max Gen Viol: 0.0000 | Val Max Thermal: 0.0000
Epoch 6420 | Val Loss: 17.2512 | Val Cost: 28819.27 | Val Max P-Miss: 0.1303 | Max Q-Miss: 0.0493 | Val Max Gen Viol: 0.0000 | Val Max Thermal: 0.0000
Epoch 6430 | Val Loss: 17.2136 | Val Cost: 28861.86 | Val Max P-Miss: 0.1246 | Max Q-Miss: 0.0403 | Val Max Gen Viol: 0.0000 | Val Max Thermal: 0.0000
Epoch 6440 | Val Loss: 17.3171 | Val Cost: 28851.46 | Val Max P-Miss: 0.1300 | Max Q-Miss: 0.0436 | Val Max Gen Viol: 0.0000 | Val Max Thermal: 0.0000
Epoch 6450 | Val Loss: 17.2065 | Val Cost: 28938.19 | Val Max P-Miss: 0.1228 | Max Q-Miss: 0.0531 | Val Max Gen Viol: 0.0000 | Val Max Thermal: 0.0000
Epoch 6460 | Val Loss: 18.8758 | Val Cost: 28934.01 | Val Max P-Miss: 0.1823 | Max Q-Miss: 0.1506 | Val Max Gen Viol: 0.0000 | Val Max Thermal: 0.0000
Epoch 6470 | Val Loss: 17.4708 | Val Cost: 28896.90 | Val Max P-Miss: 0.1090 | Max Q-Miss: 0.1017 | Val Max Gen Viol: 0.0000 | Val Max Thermal: 0.0000
Epoch 6480 | Val Loss: 17.1664 | Val Cost: 28958.89 | Val Max P-Miss: 0.1021 | Max Q-Miss: 0.0575 | Val Max Gen Viol: 0.0000 | Val Max Thermal: 0.0000
Epoch 6490 | Val Loss: 17.3923 | Val Cost: 28753.03 | Val Max P-Miss: 0.1325 | Max Q-Miss: 0.0635 | Val Max Gen Viol: 0.0000 | Val Max Thermal: 0.0000
Epoch 6500 | Val Loss: 17.6835 | Val Cost: 28913.64 | Val Max P-Miss: 0.1394 | Max Q-Miss: 0.0497 | Val Max Gen Viol: 0.0000 | Val Max Thermal: 0.0000
Epoch 6510 | Val Loss: 17.1889 | Val Cost: 28856.21 | Val Max P-Miss: 0.1438 | Max Q-Miss: 0.0412 | Val Max Gen Viol: 0.0000 | Val Max Thermal: 0.0000
Epoch 6520 | Val Loss: 17.1077 | Val Cost: 28877.76 | Val Max P-Miss: 0.1378 | Max Q-Miss: 0.0394 | Val Max Gen Viol: 0.0000 | Val Max Thermal: 0.0000
Epoch 6530 | Val Loss: 17.0755 | Val Cost: 28877.70 | Val Max P-Miss: 0.1380 | Max Q-Miss: 0.0352 | Val Max Gen Viol: 0.0000 | Val Max Thermal: 0.0000
Epoch 6540 | Val Loss: 17.1645 | Val Cost: 28793.91 | Val Max P-Miss: 0.1221 | Max Q-Miss: 0.0539 | Val Max Gen Viol: 0.0000 | Val Max Thermal: 0.0000
Epoch 6550 | Val Loss: 17.1343 | Val Cost: 28887.41 | Val Max P-Miss: 0.1201 | Max Q-Miss: 0.0531 | Val Max Gen Viol: 0.0000 | Val Max Thermal: 0.0000
Epoch 6560 | Val Loss: 17.0999 | Val Cost: 28893.21 | Val Max P-Miss: 0.1131 | Max Q-Miss: 0.0486 | Val Max Gen Viol: 0.0000 | Val Max Thermal: 0.0000
Epoch 6570 | Val Loss: 17.0813 | Val Cost: 28898.85 | Val Max P-Miss: 0.1084 | Max Q-Miss: 0.0462 | Val Max Gen Viol: 0.0000 | Val Max Thermal: 0.0000
Epoch 6580 | Val Loss: 17.0954 | Val Cost: 28882.63 | Val Max P-Miss: 0.1078 | Max Q-Miss: 0.0463 | Val Max Gen Viol: 0.0000 | Val Max Thermal: 0.0000
Epoch 6590 | Val Loss: 17.0829 | Val Cost: 28894.62 | Val Max P-Miss: 0.1097 | Max Q-Miss: 0.0463 | Val Max Gen Viol: 0.0000 | Val Max Thermal: 0.0000
Epoch 6600 | Val Loss: 17.0558 | Val Cost: 28911.76 | Val Max P-Miss: 0.1038 | Max Q-Miss: 0.0438 | Val Max Gen Viol: 0.0000 | Val Max Thermal: 0.0000
Epoch 6610 | Val Loss: 17.0507 | Val Cost: 28907.39 | Val Max P-Miss: 0.0989 | Max Q-Miss: 0.0415 | Val Max Gen Viol: 0.0000 | Val Max Thermal: 0.0000
Epoch 6620 | Val Loss: 17.0666 | Val Cost: 28888.26 | Val Max P-Miss: 0.1048 | Max Q-Miss: 0.0437 | Val Max Gen Viol: 0.0000 | Val Max Thermal: 0.0000
Epoch 6630 | Val Loss: 17.0566 | Val Cost: 28869.05 | Val Max P-Miss: 0.1049 | Max Q-Miss: 0.0412 | Val Max Gen Viol: 0.0000 | Val Max Thermal: 0.0000
Epoch 6640 | Val Loss: 17.2383 | Val Cost: 28767.60 | Val Max P-Miss: 0.1468 | Max Q-Miss: 0.0408 | Val Max Gen Viol: 0.0000 | Val Max Thermal: 0.0000
Epoch 6650 | Val Loss: 17.5079 | Val Cost: 28818.32 | Val Max P-Miss: 0.2023 | Max Q-Miss: 0.0839 | Val Max Gen Viol: 0.0000 | Val Max Thermal: 0.0000
Epoch 6660 | Val Loss: 17.3563 | Val Cost: 28814.56 | Val Max P-Miss: 0.1195 | Max Q-Miss: 0.0564 | Val Max Gen Viol: 0.0000 | Val Max Thermal: 0.0000
Epoch 6670 | Val Loss: 17.4673 | Val Cost: 28776.01 | Val Max P-Miss: 0.1181 | Max Q-Miss: 0.0861 | Val Max Gen Viol: 0.0000 | Val Max Thermal: 0.0000
Epoch 6680 | Val Loss: 17.3766 | Val Cost: 28870.14 | Val Max P-Miss: 0.1365 | Max Q-Miss: 0.0594 | Val Max Gen Viol: 0.0000 | Val Max Thermal: 0.0000
Epoch 6690 | Val Loss: 17.1760 | Val Cost: 28924.52 | Val Max P-Miss: 0.1317 | Max Q-Miss: 0.0569 | Val Max Gen Viol: 0.0000 | Val Max Thermal: 0.0000
Epoch 6700 | Val Loss: 17.1045 | Val Cost: 28970.91 | Val Max P-Miss: 0.1193 | Max Q-Miss: 0.0560 | Val Max Gen Viol: 0.0000 | Val Max Thermal: 0.0000
Epoch 6710 | Val Loss: 17.1061 | Val Cost: 28967.05 | Val Max P-Miss: 0.1127 | Max Q-Miss: 0.0390 | Val Max Gen Viol: 0.0000 | Val Max Thermal: 0.0000
Epoch 6720 | Val Loss: 17.6244 | Val Cost: 28942.59 | Val Max P-Miss: 0.1471 | Max Q-Miss: 0.0922 | Val Max Gen Viol: 0.0000 | Val Max Thermal: 0.0000
Epoch 6730 | Val Loss: 17.3740 | Val Cost: 28751.55 | Val Max P-Miss: 0.1447 | Max Q-Miss: 0.0554 | Val Max Gen Viol: 0.0000 | Val Max Thermal: 0.0000
Epoch 6740 | Val Loss: 17.2101 | Val Cost: 28839.09 | Val Max P-Miss: 0.1286 | Max Q-Miss: 0.0552 | Val Max Gen Viol: 0.0000 | Val Max Thermal: 0.0000
Epoch 6750 | Val Loss: 17.1837 | Val Cost: 28825.07 | Val Max P-Miss: 0.1302 | Max Q-Miss: 0.0531 | Val Max Gen Viol: 0.0000 | Val Max Thermal: 0.0000
Epoch 6760 | Val Loss: 17.1808 | Val Cost: 28828.55 | Val Max P-Miss: 0.1273 | Max Q-Miss: 0.0657 | Val Max Gen Viol: 0.0000 | Val Max Thermal: 0.0000
Epoch 6770 | Val Loss: 18.2820 | Val Cost: 28902.72 | Val Max P-Miss: 0.1798 | Max Q-Miss: 0.0807 | Val Max Gen Viol: 0.0000 | Val Max Thermal: 0.0000
Epoch 6780 | Val Loss: 17.0497 | Val Cost: 29061.09 | Val Max P-Miss: 0.0972 | Max Q-Miss: 0.0349 | Val Max Gen Viol: 0.0000 | Val Max Thermal: 0.0000
Epoch 6790 | Val Loss: 17.3529 | Val Cost: 28925.88 | Val Max P-Miss: 0.1515 | Max Q-Miss: 0.0806 | Val Max Gen Viol: 0.0000 | Val Max Thermal: 0.0000
Epoch 6800 | Val Loss: 17.1586 | Val Cost: 28901.25 | Val Max P-Miss: 0.1334 | Max Q-Miss: 0.0653 | Val Max Gen Viol: 0.0000 | Val Max Thermal: 0.0000
Epoch 6810 | Val Loss: 17.1239 | Val Cost: 28893.48 | Val Max P-Miss: 0.1201 | Max Q-Miss: 0.0567 | Val Max Gen Viol: 0.0000 | Val Max Thermal: 0.0000
Epoch 6820 | Val Loss: 17.1359 | Val Cost: 28912.45 | Val Max P-Miss: 0.1169 | Max Q-Miss: 0.0526 | Val Max Gen Viol: 0.0000 | Val Max Thermal: 0.0000
Epoch 6830 | Val Loss: 17.1113 | Val Cost: 28885.70 | Val Max P-Miss: 0.1128 | Max Q-Miss: 0.0508 | Val Max Gen Viol: 0.0000 | Val Max Thermal: 0.0000
Epoch 6840 | Val Loss: 17.1224 | Val Cost: 28939.39 | Val Max P-Miss: 0.1107 | Max Q-Miss: 0.0552 | Val Max Gen Viol: 0.0000 | Val Max Thermal: 0.0000
Epoch 6850 | Val Loss: 17.1860 | Val Cost: 28852.47 | Val Max P-Miss: 0.1179 | Max Q-Miss: 0.0577 | Val Max Gen Viol: 0.0000 | Val Max Thermal: 0.0000
Epoch 6860 | Val Loss: 17.1346 | Val Cost: 28861.10 | Val Max P-Miss: 0.1121 | Max Q-Miss: 0.0421 | Val Max Gen Viol: 0.0000 | Val Max Thermal: 0.0000
Epoch 6870 | Val Loss: 17.1726 | Val Cost: 28889.71 | Val Max P-Miss: 0.1409 | Max Q-Miss: 0.0515 | Val Max Gen Viol: 0.0000 | Val Max Thermal: 0.0000
Epoch 6880 | Val Loss: 17.1087 | Val Cost: 28797.40 | Val Max P-Miss: 0.1375 | Max Q-Miss: 0.0577 | Val Max Gen Viol: 0.0000 | Val Max Thermal: 0.0000
Epoch 6890 | Val Loss: 17.7863 | Val Cost: 28867.82 | Val Max P-Miss: 0.1532 | Max Q-Miss: 0.0991 | Val Max Gen Viol: 0.0000 | Val Max Thermal: 0.0000
Epoch 6900 | Val Loss: 17.0848 | Val Cost: 28881.25 | Val Max P-Miss: 0.1048 | Max Q-Miss: 0.0645 | Val Max Gen Viol: 0.0000 | Val Max Thermal: 0.0000
Epoch 6910 | Val Loss: 17.0300 | Val Cost: 28833.82 | Val Max P-Miss: 0.1042 | Max Q-Miss: 0.0538 | Val Max Gen Viol: 0.0000 | Val Max Thermal: 0.0000
Epoch 6920 | Val Loss: 17.8683 | Val Cost: 28959.81 | Val Max P-Miss: 0.1497 | Max Q-Miss: 0.0803 | Val Max Gen Viol: 0.0000 | Val Max Thermal: 0.0000
Epoch 6930 | Val Loss: 17.4350 | Val Cost: 28891.85 | Val Max P-Miss: 0.1512 | Max Q-Miss: 0.0930 | Val Max Gen Viol: 0.0000 | Val Max Thermal: 0.0000
Epoch 6940 | Val Loss: 17.1511 | Val Cost: 28765.97 | Val Max P-Miss: 0.1432 | Max Q-Miss: 0.0382 | Val Max Gen Viol: 0.0000 | Val Max Thermal: 0.0000
Epoch 6950 | Val Loss: 17.1218 | Val Cost: 28809.35 | Val Max P-Miss: 0.1354 | Max Q-Miss: 0.0430 | Val Max Gen Viol: 0.0000 | Val Max Thermal: 0.0000
Epoch 6960 | Val Loss: 17.3460 | Val Cost: 28798.47 | Val Max P-Miss: 0.1504 | Max Q-Miss: 0.0411 | Val Max Gen Viol: 0.0000 | Val Max Thermal: 0.0000
Epoch 6970 | Val Loss: 17.5179 | Val Cost: 28870.65 | Val Max P-Miss: 0.1161 | Max Q-Miss: 0.0842 | Val Max Gen Viol: 0.0000 | Val Max Thermal: 0.0000
Epoch 6980 | Val Loss: 17.2302 | Val Cost: 28846.56 | Val Max P-Miss: 0.1185 | Max Q-Miss: 0.0616 | Val Max Gen Viol: 0.0000 | Val Max Thermal: 0.0000
Epoch 6990 | Val Loss: 17.1603 | Val Cost: 28863.82 | Val Max P-Miss: 0.1154 | Max Q-Miss: 0.0561 | Val Max Gen Viol: 0.0000 | Val Max Thermal: 0.0000
Epoch 7000 | Val Loss: 17.1437 | Val Cost: 28885.24 | Val Max P-Miss: 0.1156 | Max Q-Miss: 0.0527 | Val Max Gen Viol: 0.0000 | Val Max Thermal: 0.0000
Epoch 7010 | Val Loss: 17.1345 | Val Cost: 28880.43 | Val Max P-Miss: 0.1149 | Max Q-Miss: 0.0540 | Val Max Gen Viol: 0.0000 | Val Max Thermal: 0.0000
Epoch 7020 | Val Loss: 17.1134 | Val Cost: 28875.33 | Val Max P-Miss: 0.1106 | Max Q-Miss: 0.0493 | Val Max Gen Viol: 0.0000 | Val Max Thermal: 0.0000
Epoch 7030 | Val Loss: 17.2199 | Val Cost: 28925.52 | Val Max P-Miss: 0.1399 | Max Q-Miss: 0.0390 | Val Max Gen Viol: 0.0000 | Val Max Thermal: 0.0000
Epoch 7040 | Val Loss: 17.1655 | Val Cost: 28830.32 | Val Max P-Miss: 0.1405 | Max Q-Miss: 0.0417 | Val Max Gen Viol: 0.0000 | Val Max Thermal: 0.0000
Epoch 7050 | Val Loss: 19.6869 | Val Cost: 28868.87 | Val Max P-Miss: 0.3479 | Max Q-Miss: 0.1012 | Val Max Gen Viol: 0.0000 | Val Max Thermal: 0.0000
Epoch 7060 | Val Loss: 17.6634 | Val Cost: 28840.73 | Val Max P-Miss: 0.1434 | Max Q-Miss: 0.0723 | Val Max Gen Viol: 0.0000 | Val Max Thermal: 0.0000
Epoch 7070 | Val Loss: 17.0501 | Val Cost: 28913.69 | Val Max P-Miss: 0.1053 | Max Q-Miss: 0.0710 | Val Max Gen Viol: 0.0000 | Val Max Thermal: 0.0000
Epoch 7080 | Val Loss: 17.3833 | Val Cost: 28813.43 | Val Max P-Miss: 0.1983 | Max Q-Miss: 0.0648 | Val Max Gen Viol: 0.0000 | Val Max Thermal: 0.0000
Epoch 7090 | Val Loss: 17.1340 | Val Cost: 28848.47 | Val Max P-Miss: 0.1350 | Max Q-Miss: 0.0346 | Val Max Gen Viol: 0.0000 | Val Max Thermal: 0.0000
Epoch 7100 | Val Loss: 17.0933 | Val Cost: 28938.46 | Val Max P-Miss: 0.0961 | Max Q-Miss: 0.0450 | Val Max Gen Viol: 0.0000 | Val Max Thermal: 0.0000
Epoch 7110 | Val Loss: 17.2530 | Val Cost: 28881.61 | Val Max P-Miss: 0.1171 | Max Q-Miss: 0.0559 | Val Max Gen Viol: 0.0000 | Val Max Thermal: 0.0000
Epoch 7120 | Val Loss: 17.1089 | Val Cost: 28850.88 | Val Max P-Miss: 0.1103 | Max Q-Miss: 0.0516 | Val Max Gen Viol: 0.0000 | Val Max Thermal: 0.0000
Epoch 7130 | Val Loss: 17.0150 | Val Cost: 28907.04 | Val Max P-Miss: 0.0962 | Max Q-Miss: 0.0512 | Val Max Gen Viol: 0.0000 | Val Max Thermal: 0.0000
Epoch 7140 | Val Loss: 17.2452 | Val Cost: 28851.18 | Val Max P-Miss: 0.1194 | Max Q-Miss: 0.0686 | Val Max Gen Viol: 0.0000 | Val Max Thermal: 0.0000
Epoch 7150 | Val Loss: 17.0769 | Val Cost: 28889.73 | Val Max P-Miss: 0.1141 | Max Q-Miss: 0.0567 | Val Max Gen Viol: 0.0000 | Val Max Thermal: 0.0000
Epoch 7160 | Val Loss: 17.0701 | Val Cost: 28897.01 | Val Max P-Miss: 0.1137 | Max Q-Miss: 0.0514 | Val Max Gen Viol: 0.0000 | Val Max Thermal: 0.0000
Epoch 7170 | Val Loss: 17.0360 | Val Cost: 28931.71 | Val Max P-Miss: 0.1104 | Max Q-Miss: 0.0477 | Val Max Gen Viol: 0.0000 | Val Max Thermal: 0.0000
Epoch 7180 | Val Loss: 17.0180 | Val Cost: 28916.84 | Val Max P-Miss: 0.1082 | Max Q-Miss: 0.0483 | Val Max Gen Viol: 0.0000 | Val Max Thermal: 0.0000
Epoch 7190 | Val Loss: 17.0257 | Val Cost: 28918.36 | Val Max P-Miss: 0.1092 | Max Q-Miss: 0.0473 | Val Max Gen Viol: 0.0000 | Val Max Thermal: 0.0000
Epoch 7200 | Val Loss: 17.0728 | Val Cost: 28892.77 | Val Max P-Miss: 0.1041 | Max Q-Miss: 0.0482 | Val Max Gen Viol: 0.0000 | Val Max Thermal: 0.0000
Epoch 7210 | Val Loss: 17.1740 | Val Cost: 28879.15 | Val Max P-Miss: 0.1015 | Max Q-Miss: 0.0735 | Val Max Gen Viol: 0.0000 | Val Max Thermal: 0.0000
Epoch 7220 | Val Loss: 17.0204 | Val Cost: 28844.93 | Val Max P-Miss: 0.1025 | Max Q-Miss: 0.0431 | Val Max Gen Viol: 0.0000 | Val Max Thermal: 0.0000
Epoch 7230 | Val Loss: 17.2556 | Val Cost: 28760.44 | Val Max P-Miss: 0.1416 | Max Q-Miss: 0.0390 | Val Max Gen Viol: 0.0000 | Val Max Thermal: 0.0000
Epoch 7240 | Val Loss: 17.2293 | Val Cost: 28822.09 | Val Max P-Miss: 0.1706 | Max Q-Miss: 0.0543 | Val Max Gen Viol: 0.0000 | Val Max Thermal: 0.0000
Epoch 7250 | Val Loss: 17.6150 | Val Cost: 28856.53 | Val Max P-Miss: 0.1190 | Max Q-Miss: 0.0907 | Val Max Gen Viol: 0.0000 | Val Max Thermal: 0.0000
Epoch 7260 | Val Loss: 17.7063 | Val Cost: 28723.69 | Val Max P-Miss: 0.1272 | Max Q-Miss: 0.0890 | Val Max Gen Viol: 0.0000 | Val Max Thermal: 0.0000
Epoch 7270 | Val Loss: 18.3459 | Val Cost: 28756.61 | Val Max P-Miss: 0.2111 | Max Q-Miss: 0.0911 | Val Max Gen Viol: 0.0000 | Val Max Thermal: 0.0000
Epoch 7280 | Val Loss: 17.9420 | Val Cost: 29039.52 | Val Max P-Miss: 0.1530 | Max Q-Miss: 0.0645 | Val Max Gen Viol: 0.0000 | Val Max Thermal: 0.0000
Epoch 7290 | Val Loss: 17.1815 | Val Cost: 28794.74 | Val Max P-Miss: 0.1526 | Max Q-Miss: 0.0427 | Val Max Gen Viol: 0.0000 | Val Max Thermal: 0.0000
Epoch 7300 | Val Loss: 17.0911 | Val Cost: 28831.27 | Val Max P-Miss: 0.1442 | Max Q-Miss: 0.0389 | Val Max Gen Viol: 0.0000 | Val Max Thermal: 0.0000
Epoch 7310 | Val Loss: 17.0421 | Val Cost: 28874.09 | Val Max P-Miss: 0.1366 | Max Q-Miss: 0.0386 | Val Max Gen Viol: 0.0000 | Val Max Thermal: 0.0000
Epoch 7320 | Val Loss: 17.5587 | Val Cost: 28777.74 | Val Max P-Miss: 0.1869 | Max Q-Miss: 0.0437 | Val Max Gen Viol: 0.0000 | Val Max Thermal: 0.0000
Epoch 7330 | Val Loss: 17.5926 | Val Cost: 28800.94 | Val Max P-Miss: 0.1253 | Max Q-Miss: 0.0784 | Val Max Gen Viol: 0.0000 | Val Max Thermal: 0.0000
Epoch 7340 | Val Loss: 17.0670 | Val Cost: 28858.58 | Val Max P-Miss: 0.1253 | Max Q-Miss: 0.0682 | Val Max Gen Viol: 0.0000 | Val Max Thermal: 0.0000
Epoch 7350 | Val Loss: 17.0287 | Val Cost: 28924.54 | Val Max P-Miss: 0.1136 | Max Q-Miss: 0.0575 | Val Max Gen Viol: 0.0000 | Val Max Thermal: 0.0000
Epoch 7360 | Val Loss: 17.0145 | Val Cost: 28911.47 | Val Max P-Miss: 0.1013 | Max Q-Miss: 0.0507 | Val Max Gen Viol: 0.0000 | Val Max Thermal: 0.0000
Epoch 7370 | Val Loss: 16.9977 | Val Cost: 28912.78 | Val Max P-Miss: 0.0932 | Max Q-Miss: 0.0366 | Val Max Gen Viol: 0.0000 | Val Max Thermal: 0.0000
Epoch 7380 | Val Loss: 17.2888 | Val Cost: 28772.32 | Val Max P-Miss: 0.1023 | Max Q-Miss: 0.0719 | Val Max Gen Viol: 0.0000 | Val Max Thermal: 0.0000
Epoch 7390 | Val Loss: 17.1095 | Val Cost: 28832.71 | Val Max P-Miss: 0.1113 | Max Q-Miss: 0.0523 | Val Max Gen Viol: 0.0000 | Val Max Thermal: 0.0000
Epoch 7400 | Val Loss: 17.1198 | Val Cost: 28907.31 | Val Max P-Miss: 0.1048 | Max Q-Miss: 0.0436 | Val Max Gen Viol: 0.0000 | Val Max Thermal: 0.0000
Epoch 7410 | Val Loss: 17.0692 | Val Cost: 28851.42 | Val Max P-Miss: 0.1158 | Max Q-Miss: 0.0625 | Val Max Gen Viol: 0.0000 | Val Max Thermal: 0.0000
Epoch 7420 | Val Loss: 17.0468 | Val Cost: 28868.07 | Val Max P-Miss: 0.1148 | Max Q-Miss: 0.0606 | Val Max Gen Viol: 0.0000 | Val Max Thermal: 0.0000
Epoch 7430 | Val Loss: 17.0293 | Val Cost: 28867.43 | Val Max P-Miss: 0.1147 | Max Q-Miss: 0.0574 | Val Max Gen Viol: 0.0000 | Val Max Thermal: 0.0000
Epoch 7440 | Val Loss: 17.0322 | Val Cost: 28860.86 | Val Max P-Miss: 0.1159 | Max Q-Miss: 0.0564 | Val Max Gen Viol: 0.0000 | Val Max Thermal: 0.0000
Epoch 7450 | Val Loss: 16.9968 | Val Cost: 28843.71 | Val Max P-Miss: 0.1122 | Max Q-Miss: 0.0531 | Val Max Gen Viol: 0.0000 | Val Max Thermal: 0.0000
Epoch 7460 | Val Loss: 17.1550 | Val Cost: 28800.84 | Val Max P-Miss: 0.1459 | Max Q-Miss: 0.0391 | Val Max Gen Viol: 0.0000 | Val Max Thermal: 0.0000
Epoch 7470 | Val Loss: 18.3751 | Val Cost: 29163.47 | Val Max P-Miss: 0.2258 | Max Q-Miss: 0.0878 | Val Max Gen Viol: 0.0000 | Val Max Thermal: 0.0000
Epoch 7480 | Val Loss: 17.2388 | Val Cost: 28868.11 | Val Max P-Miss: 0.1718 | Max Q-Miss: 0.0471 | Val Max Gen Viol: 0.0000 | Val Max Thermal: 0.0000
Epoch 7490 | Val Loss: 17.1465 | Val Cost: 28861.18 | Val Max P-Miss: 0.1357 | Max Q-Miss: 0.0639 | Val Max Gen Viol: 0.0000 | Val Max Thermal: 0.0000
Epoch 7500 | Val Loss: 17.1209 | Val Cost: 28892.35 | Val Max P-Miss: 0.1244 | Max Q-Miss: 0.0411 | Val Max Gen Viol: 0.0000 | Val Max Thermal: 0.0000
Epoch 7510 | Val Loss: 17.2952 | Val Cost: 28925.94 | Val Max P-Miss: 0.1288 | Max Q-Miss: 0.0803 | Val Max Gen Viol: 0.0000 | Val Max Thermal: 0.0000
Epoch 7520 | Val Loss: 19.9962 | Val Cost: 29093.18 | Val Max P-Miss: 0.1545 | Max Q-Miss: 0.1598 | Val Max Gen Viol: 0.0000 | Val Max Thermal: 0.0000
Epoch 7530 | Val Loss: 17.1946 | Val Cost: 28798.87 | Val Max P-Miss: 0.1209 | Max Q-Miss: 0.0425 | Val Max Gen Viol: 0.0000 | Val Max Thermal: 0.0000
Epoch 7540 | Val Loss: 17.0837 | Val Cost: 28827.54 | Val Max P-Miss: 0.1298 | Max Q-Miss: 0.0538 | Val Max Gen Viol: 0.0000 | Val Max Thermal: 0.0000
Epoch 7550 | Val Loss: 17.0726 | Val Cost: 28823.72 | Val Max P-Miss: 0.1195 | Max Q-Miss: 0.0523 | Val Max Gen Viol: 0.0000 | Val Max Thermal: 0.0000
Epoch 7560 | Val Loss: 17.0543 | Val Cost: 28828.08 | Val Max P-Miss: 0.1148 | Max Q-Miss: 0.0484 | Val Max Gen Viol: 0.0000 | Val Max Thermal: 0.0000
Epoch 7570 | Val Loss: 17.0267 | Val Cost: 28836.14 | Val Max P-Miss: 0.1097 | Max Q-Miss: 0.0498 | Val Max Gen Viol: 0.0000 | Val Max Thermal: 0.0000
Epoch 7580 | Val Loss: 17.0270 | Val Cost: 28838.56 | Val Max P-Miss: 0.1080 | Max Q-Miss: 0.0480 | Val Max Gen Viol: 0.0000 | Val Max Thermal: 0.0000
Epoch 7590 | Val Loss: 17.0394 | Val Cost: 28839.20 | Val Max P-Miss: 0.1111 | Max Q-Miss: 0.0465 | Val Max Gen Viol: 0.0000 | Val Max Thermal: 0.0000
Epoch 7600 | Val Loss: 17.1155 | Val Cost: 28833.51 | Val Max P-Miss: 0.1283 | Max Q-Miss: 0.0390 | Val Max Gen Viol: 0.0000 | Val Max Thermal: 0.0000
Epoch 7610 | Val Loss: 17.1071 | Val Cost: 28838.96 | Val Max P-Miss: 0.1468 | Max Q-Miss: 0.0375 | Val Max Gen Viol: 0.0000 | Val Max Thermal: 0.0000
Epoch 7620 | Val Loss: 17.4386 | Val Cost: 28803.16 | Val Max P-Miss: 0.2117 | Max Q-Miss: 0.0505 | Val Max Gen Viol: 0.0000 | Val Max Thermal: 0.0000
Epoch 7630 | Val Loss: 17.5462 | Val Cost: 28663.97 | Val Max P-Miss: 0.1099 | Max Q-Miss: 0.0853 | Val Max Gen Viol: 0.0000 | Val Max Thermal: 0.0000
Epoch 7640 | Val Loss: 17.1881 | Val Cost: 28854.86 | Val Max P-Miss: 0.1423 | Max Q-Miss: 0.0706 | Val Max Gen Viol: 0.0000 | Val Max Thermal: 0.0000
Epoch 7650 | Val Loss: 17.0636 | Val Cost: 28885.00 | Val Max P-Miss: 0.1160 | Max Q-Miss: 0.0613 | Val Max Gen Viol: 0.0000 | Val Max Thermal: 0.0000
Epoch 7660 | Val Loss: 17.1147 | Val Cost: 28825.45 | Val Max P-Miss: 0.1243 | Max Q-Miss: 0.0436 | Val Max Gen Viol: 0.0000 | Val Max Thermal: 0.0000
Epoch 7670 | Val Loss: 17.0542 | Val Cost: 28796.32 | Val Max P-Miss: 0.1310 | Max Q-Miss: 0.0513 | Val Max Gen Viol: 0.0000 | Val Max Thermal: 0.0000
Epoch 7680 | Val Loss: 17.0955 | Val Cost: 28842.33 | Val Max P-Miss: 0.1113 | Max Q-Miss: 0.0406 | Val Max Gen Viol: 0.0000 | Val Max Thermal: 0.0000
Epoch 7690 | Val Loss: 17.5735 | Val Cost: 28832.06 | Val Max P-Miss: 0.1618 | Max Q-Miss: 0.1079 | Val Max Gen Viol: 0.0000 | Val Max Thermal: 0.0000
Epoch 7700 | Val Loss: 17.1098 | Val Cost: 28783.16 | Val Max P-Miss: 0.1510 | Max Q-Miss: 0.0579 | Val Max Gen Viol: 0.0000 | Val Max Thermal: 0.0000
Epoch 7710 | Val Loss: 17.1206 | Val Cost: 28652.63 | Val Max P-Miss: 0.1344 | Max Q-Miss: 0.0643 | Val Max Gen Viol: 0.0000 | Val Max Thermal: 0.0000
Epoch 7720 | Val Loss: 16.9968 | Val Cost: 28824.26 | Val Max P-Miss: 0.1127 | Max Q-Miss: 0.0528 | Val Max Gen Viol: 0.0000 | Val Max Thermal: 0.0000
Epoch 7730 | Val Loss: 16.9904 | Val Cost: 28825.55 | Val Max P-Miss: 0.1089 | Max Q-Miss: 0.0465 | Val Max Gen Viol: 0.0000 | Val Max Thermal: 0.0000
Epoch 7740 | Val Loss: 16.9934 | Val Cost: 28829.03 | Val Max P-Miss: 0.1077 | Max Q-Miss: 0.0469 | Val Max Gen Viol: 0.0000 | Val Max Thermal: 0.0000
Epoch 7750 | Val Loss: 17.0074 | Val Cost: 28837.16 | Val Max P-Miss: 0.1066 | Max Q-Miss: 0.0443 | Val Max Gen Viol: 0.0000 | Val Max Thermal: 0.0000
Epoch 7760 | Val Loss: 16.9847 | Val Cost: 28830.52 | Val Max P-Miss: 0.1107 | Max Q-Miss: 0.0455 | Val Max Gen Viol: 0.0000 | Val Max Thermal: 0.0000 [*SAVED BEST*]
Epoch 7770 | Val Loss: 16.9632 | Val Cost: 28832.47 | Val Max P-Miss: 0.1105 | Max Q-Miss: 0.0431 | Val Max Gen Viol: 0.0000 | Val Max Thermal: 0.0000 [*SAVED BEST*]
Epoch 7780 | Val Loss: 16.9663 | Val Cost: 28763.05 | Val Max P-Miss: 0.1305 | Max Q-Miss: 0.0452 | Val Max Gen Viol: 0.0000 | Val Max Thermal: 0.0000
Epoch 7790 | Val Loss: 17.1996 | Val Cost: 28650.16 | Val Max P-Miss: 0.1872 | Max Q-Miss: 0.0348 | Val Max Gen Viol: 0.0000 | Val Max Thermal: 0.0000
Epoch 7800 | Val Loss: 17.1362 | Val Cost: 28714.73 | Val Max P-Miss: 0.1245 | Max Q-Miss: 0.0595 | Val Max Gen Viol: 0.0000 | Val Max Thermal: 0.0000
Epoch 7810 | Val Loss: 17.5292 | Val Cost: 29188.91 | Val Max P-Miss: 0.1291 | Max Q-Miss: 0.0675 | Val Max Gen Viol: 0.0000 | Val Max Thermal: 0.0000
Epoch 7820 | Val Loss: 17.1374 | Val Cost: 28804.77 | Val Max P-Miss: 0.1063 | Max Q-Miss: 0.0568 | Val Max Gen Viol: 0.0000 | Val Max Thermal: 0.0000
Epoch 7830 | Val Loss: 16.9993 | Val Cost: 28831.27 | Val Max P-Miss: 0.1120 | Max Q-Miss: 0.0469 | Val Max Gen Viol: 0.0000 | Val Max Thermal: 0.0000
Epoch 7840 | Val Loss: 16.9900 | Val Cost: 28820.18 | Val Max P-Miss: 0.1062 | Max Q-Miss: 0.0451 | Val Max Gen Viol: 0.0000 | Val Max Thermal: 0.0000
Epoch 7850 | Val Loss: 16.9812 | Val Cost: 28814.44 | Val Max P-Miss: 0.1062 | Max Q-Miss: 0.0459 | Val Max Gen Viol: 0.0000 | Val Max Thermal: 0.0000
Epoch 7860 | Val Loss: 17.0173 | Val Cost: 28800.39 | Val Max P-Miss: 0.1082 | Max Q-Miss: 0.0478 | Val Max Gen Viol: 0.0000 | Val Max Thermal: 0.0000
Epoch 7870 | Val Loss: 16.9985 | Val Cost: 28793.10 | Val Max P-Miss: 0.1058 | Max Q-Miss: 0.0475 | Val Max Gen Viol: 0.0000 | Val Max Thermal: 0.0000
Epoch 7880 | Val Loss: 17.2069 | Val Cost: 28830.09 | Val Max P-Miss: 0.1114 | Max Q-Miss: 0.0388 | Val Max Gen Viol: 0.0000 | Val Max Thermal: 0.0000
Epoch 7890 | Val Loss: 18.2859 | Val Cost: 29266.89 | Val Max P-Miss: 0.1553 | Max Q-Miss: 0.0772 | Val Max Gen Viol: 0.0000 | Val Max Thermal: 0.0000
Epoch 7900 | Val Loss: 17.5195 | Val Cost: 28637.75 | Val Max P-Miss: 0.1335 | Max Q-Miss: 0.1345 | Val Max Gen Viol: 0.0000 | Val Max Thermal: 0.0000
Epoch 7910 | Val Loss: 17.0458 | Val Cost: 28814.56 | Val Max P-Miss: 0.1116 | Max Q-Miss: 0.0481 | Val Max Gen Viol: 0.0000 | Val Max Thermal: 0.0000
Epoch 7920 | Val Loss: 17.0916 | Val Cost: 28834.26 | Val Max P-Miss: 0.1145 | Max Q-Miss: 0.0488 | Val Max Gen Viol: 0.0000 | Val Max Thermal: 0.0000
Epoch 7930 | Val Loss: 17.0720 | Val Cost: 28825.10 | Val Max P-Miss: 0.1133 | Max Q-Miss: 0.0495 | Val Max Gen Viol: 0.0000 | Val Max Thermal: 0.0000
Epoch 7940 | Val Loss: 17.0375 | Val Cost: 28828.18 | Val Max P-Miss: 0.1101 | Max Q-Miss: 0.0446 | Val Max Gen Viol: 0.0000 | Val Max Thermal: 0.0000
Epoch 7950 | Val Loss: 16.9939 | Val Cost: 28842.36 | Val Max P-Miss: 0.1079 | Max Q-Miss: 0.0426 | Val Max Gen Viol: 0.0000 | Val Max Thermal: 0.0000
Epoch 7960 | Val Loss: 17.1700 | Val Cost: 28738.52 | Val Max P-Miss: 0.1323 | Max Q-Miss: 0.0352 | Val Max Gen Viol: 0.0000 | Val Max Thermal: 0.0000
Epoch 7970 | Val Loss: 17.3024 | Val Cost: 28730.16 | Val Max P-Miss: 0.1346 | Max Q-Miss: 0.0342 | Val Max Gen Viol: 0.0000 | Val Max Thermal: 0.0000
Epoch 7980 | Val Loss: 17.3629 | Val Cost: 28630.66 | Val Max P-Miss: 0.1568 | Max Q-Miss: 0.0544 | Val Max Gen Viol: 0.0000 | Val Max Thermal: 0.0000
Epoch 7990 | Val Loss: 17.1532 | Val Cost: 28704.73 | Val Max P-Miss: 0.1298 | Max Q-Miss: 0.0549 | Val Max Gen Viol: 0.0000 | Val Max Thermal: 0.0000
Epoch 8000 | Val Loss: 17.1077 | Val Cost: 28741.45 | Val Max P-Miss: 0.1262 | Max Q-Miss: 0.0617 | Val Max Gen Viol: 0.0000 | Val Max Thermal: 0.0000
Epoch 8010 | Val Loss: 17.1031 | Val Cost: 28860.25 | Val Max P-Miss: 0.1003 | Max Q-Miss: 0.0847 | Val Max Gen Viol: 0.0000 | Val Max Thermal: 0.0000
Epoch 8020 | Val Loss: 17.9872 | Val Cost: 28841.94 | Val Max P-Miss: 0.1456 | Max Q-Miss: 0.0849 | Val Max Gen Viol: 0.0000 | Val Max Thermal: 0.0000
Epoch 8030 | Val Loss: 16.7829 | Val Cost: 28862.80 | Val Max P-Miss: 0.1002 | Max Q-Miss: 0.0380 | Val Max Gen Viol: 0.0000 | Val Max Thermal: 0.0000 [*SAVED BEST*]
Epoch 8040 | Val Loss: 17.1721 | Val Cost: 28704.71 | Val Max P-Miss: 0.1715 | Max Q-Miss: 0.0485 | Val Max Gen Viol: 0.0000 | Val Max Thermal: 0.0000
Epoch 8050 | Val Loss: 17.0111 | Val Cost: 28765.46 | Val Max P-Miss: 0.1690 | Max Q-Miss: 0.0317 | Val Max Gen Viol: 0.0000 | Val Max Thermal: 0.0000
Epoch 8060 | Val Loss: 18.2661 | Val Cost: 28797.29 | Val Max P-Miss: 0.1153 | Max Q-Miss: 0.1434 | Val Max Gen Viol: 0.0000 | Val Max Thermal: 0.0000
Epoch 8070 | Val Loss: 17.0948 | Val Cost: 28772.36 | Val Max P-Miss: 0.1198 | Max Q-Miss: 0.0545 | Val Max Gen Viol: 0.0000 | Val Max Thermal: 0.0000
Epoch 8080 | Val Loss: 17.0540 | Val Cost: 28779.79 | Val Max P-Miss: 0.1155 | Max Q-Miss: 0.0496 | Val Max Gen Viol: 0.0000 | Val Max Thermal: 0.0000
Epoch 8090 | Val Loss: 17.0729 | Val Cost: 28786.18 | Val Max P-Miss: 0.1151 | Max Q-Miss: 0.0521 | Val Max Gen Viol: 0.0000 | Val Max Thermal: 0.0000
Epoch 8100 | Val Loss: 17.0302 | Val Cost: 28801.03 | Val Max P-Miss: 0.1115 | Max Q-Miss: 0.0473 | Val Max Gen Viol: 0.0000 | Val Max Thermal: 0.0000
Epoch 8110 | Val Loss: 17.0386 | Val Cost: 28823.39 | Val Max P-Miss: 0.1117 | Max Q-Miss: 0.0500 | Val Max Gen Viol: 0.0000 | Val Max Thermal: 0.0000
Epoch 8120 | Val Loss: 17.0188 | Val Cost: 28819.80 | Val Max P-Miss: 0.1113 | Max Q-Miss: 0.0463 | Val Max Gen Viol: 0.0000 | Val Max Thermal: 0.0000
Epoch 8130 | Val Loss: 17.0255 | Val Cost: 28803.41 | Val Max P-Miss: 0.1119 | Max Q-Miss: 0.0459 | Val Max Gen Viol: 0.0000 | Val Max Thermal: 0.0000
Epoch 8140 | Val Loss: 17.0090 | Val Cost: 28825.55 | Val Max P-Miss: 0.1105 | Max Q-Miss: 0.0453 | Val Max Gen Viol: 0.0000 | Val Max Thermal: 0.0000
Epoch 8150 | Val Loss: 16.9951 | Val Cost: 28825.27 | Val Max P-Miss: 0.1062 | Max Q-Miss: 0.0458 | Val Max Gen Viol: 0.0000 | Val Max Thermal: 0.0000
Epoch 8160 | Val Loss: 17.1796 | Val Cost: 28740.48 | Val Max P-Miss: 0.1342 | Max Q-Miss: 0.0396 | Val Max Gen Viol: 0.0000 | Val Max Thermal: 0.0000
Epoch 8170 | Val Loss: 20.0419 | Val Cost: 28400.93 | Val Max P-Miss: 0.2230 | Max Q-Miss: 0.2112 | Val Max Gen Viol: 0.0000 | Val Max Thermal: 0.0000
Epoch 8180 | Val Loss: 17.9160 | Val Cost: 28712.81 | Val Max P-Miss: 0.1290 | Max Q-Miss: 0.0958 | Val Max Gen Viol: 0.0000 | Val Max Thermal: 0.0000
Epoch 8190 | Val Loss: 17.1786 | Val Cost: 28739.96 | Val Max P-Miss: 0.1234 | Max Q-Miss: 0.0679 | Val Max Gen Viol: 0.0000 | Val Max Thermal: 0.0000
Epoch 8200 | Val Loss: 17.0385 | Val Cost: 28789.08 | Val Max P-Miss: 0.1153 | Max Q-Miss: 0.0547 | Val Max Gen Viol: 0.0000 | Val Max Thermal: 0.0000
Epoch 8210 | Val Loss: 16.9700 | Val Cost: 28774.93 | Val Max P-Miss: 0.1118 | Max Q-Miss: 0.0522 | Val Max Gen Viol: 0.0000 | Val Max Thermal: 0.0000
Epoch 8220 | Val Loss: 16.9047 | Val Cost: 28783.75 | Val Max P-Miss: 0.1092 | Max Q-Miss: 0.0436 | Val Max Gen Viol: 0.0000 | Val Max Thermal: 0.0000
Epoch 8230 | Val Loss: 16.8835 | Val Cost: 28784.15 | Val Max P-Miss: 0.1087 | Max Q-Miss: 0.0415 | Val Max Gen Viol: 0.0000 | Val Max Thermal: 0.0000
Epoch 8240 | Val Loss: 16.8787 | Val Cost: 28789.50 | Val Max P-Miss: 0.1052 | Max Q-Miss: 0.0411 | Val Max Gen Viol: 0.0000 | Val Max Thermal: 0.0000
Epoch 8250 | Val Loss: 16.9070 | Val Cost: 28826.82 | Val Max P-Miss: 0.1031 | Max Q-Miss: 0.0448 | Val Max Gen Viol: 0.0000 | Val Max Thermal: 0.0000
Epoch 8260 | Val Loss: 17.0513 | Val Cost: 28854.59 | Val Max P-Miss: 0.1141 | Max Q-Miss: 0.0496 | Val Max Gen Viol: 0.0000 | Val Max Thermal: 0.0000
Epoch 8270 | Val Loss: 17.1035 | Val Cost: 28834.84 | Val Max P-Miss: 0.1234 | Max Q-Miss: 0.0359 | Val Max Gen Viol: 0.0000 | Val Max Thermal: 0.0000
Epoch 8280 | Val Loss: 17.1347 | Val Cost: 28709.28 | Val Max P-Miss: 0.1072 | Max Q-Miss: 0.0742 | Val Max Gen Viol: 0.0000 | Val Max Thermal: 0.0000
Epoch 8290 | Val Loss: 19.0254 | Val Cost: 28708.56 | Val Max P-Miss: 0.1546 | Max Q-Miss: 0.1273 | Val Max Gen Viol: 0.0000 | Val Max Thermal: 0.0000
Epoch 8300 | Val Loss: 17.2246 | Val Cost: 28753.63 | Val Max P-Miss: 0.1284 | Max Q-Miss: 0.0831 | Val Max Gen Viol: 0.0000 | Val Max Thermal: 0.0000
Epoch 8310 | Val Loss: 17.1068 | Val Cost: 28770.85 | Val Max P-Miss: 0.1285 | Max Q-Miss: 0.0489 | Val Max Gen Viol: 0.0000 | Val Max Thermal: 0.0000
Epoch 8320 | Val Loss: 17.0002 | Val Cost: 28723.47 | Val Max P-Miss: 0.1130 | Max Q-Miss: 0.0531 | Val Max Gen Viol: 0.0000 | Val Max Thermal: 0.0000
Epoch 8330 | Val Loss: 16.9353 | Val Cost: 28795.26 | Val Max P-Miss: 0.1068 | Max Q-Miss: 0.0489 | Val Max Gen Viol: 0.0000 | Val Max Thermal: 0.0000
Epoch 8340 | Val Loss: 17.3467 | Val Cost: 28624.89 | Val Max P-Miss: 0.1393 | Max Q-Miss: 0.0435 | Val Max Gen Viol: 0.0000 | Val Max Thermal: 0.0000
Epoch 8350 | Val Loss: 17.2913 | Val Cost: 28834.91 | Val Max P-Miss: 0.1216 | Max Q-Miss: 0.0696 | Val Max Gen Viol: 0.0000 | Val Max Thermal: 0.0000
Epoch 8360 | Val Loss: 17.0423 | Val Cost: 28697.28 | Val Max P-Miss: 0.1364 | Max Q-Miss: 0.0454 | Val Max Gen Viol: 0.0000 | Val Max Thermal: 0.0000
Epoch 8370 | Val Loss: 17.0208 | Val Cost: 28716.67 | Val Max P-Miss: 0.1298 | Max Q-Miss: 0.0482 | Val Max Gen Viol: 0.0000 | Val Max Thermal: 0.0000
Epoch 8380 | Val Loss: 16.9764 | Val Cost: 28688.74 | Val Max P-Miss: 0.1443 | Max Q-Miss: 0.0452 | Val Max Gen Viol: 0.0000 | Val Max Thermal: 0.0000
Epoch 8390 | Val Loss: 17.0011 | Val Cost: 28696.23 | Val Max P-Miss: 0.1466 | Max Q-Miss: 0.0351 | Val Max Gen Viol: 0.0000 | Val Max Thermal: 0.0000
Epoch 8400 | Val Loss: 17.1140 | Val Cost: 28692.60 | Val Max P-Miss: 0.1621 | Max Q-Miss: 0.0345 | Val Max Gen Viol: 0.0000 | Val Max Thermal: 0.0000
Epoch 8410 | Val Loss: 16.9759 | Val Cost: 28766.43 | Val Max P-Miss: 0.1430 | Max Q-Miss: 0.0349 | Val Max Gen Viol: 0.0000 | Val Max Thermal: 0.0000
Epoch 8420 | Val Loss: 16.9327 | Val Cost: 28782.35 | Val Max P-Miss: 0.1336 | Max Q-Miss: 0.0348 | Val Max Gen Viol: 0.0000 | Val Max Thermal: 0.0000
Epoch 8430 | Val Loss: 17.1963 | Val Cost: 28724.24 | Val Max P-Miss: 0.1448 | Max Q-Miss: 0.0573 | Val Max Gen Viol: 0.0000 | Val Max Thermal: 0.0000
Epoch 8440 | Val Loss: 16.9634 | Val Cost: 28752.99 | Val Max P-Miss: 0.1173 | Max Q-Miss: 0.0569 | Val Max Gen Viol: 0.0000 | Val Max Thermal: 0.0000
Epoch 8450 | Val Loss: 16.9285 | Val Cost: 28764.03 | Val Max P-Miss: 0.1129 | Max Q-Miss: 0.0500 | Val Max Gen Viol: 0.0000 | Val Max Thermal: 0.0000
Epoch 8460 | Val Loss: 16.9040 | Val Cost: 28763.67 | Val Max P-Miss: 0.1084 | Max Q-Miss: 0.0461 | Val Max Gen Viol: 0.0000 | Val Max Thermal: 0.0000
Epoch 8470 | Val Loss: 16.8860 | Val Cost: 28784.07 | Val Max P-Miss: 0.1052 | Max Q-Miss: 0.0443 | Val Max Gen Viol: 0.0000 | Val Max Thermal: 0.0000
Epoch 8480 | Val Loss: 16.8947 | Val Cost: 28819.49 | Val Max P-Miss: 0.1042 | Max Q-Miss: 0.0435 | Val Max Gen Viol: 0.0000 | Val Max Thermal: 0.0000
Epoch 8490 | Val Loss: 16.9544 | Val Cost: 28791.65 | Val Max P-Miss: 0.1007 | Max Q-Miss: 0.0449 | Val Max Gen Viol: 0.0000 | Val Max Thermal: 0.0000
Epoch 8500 | Val Loss: 17.0534 | Val Cost: 28798.12 | Val Max P-Miss: 0.1116 | Max Q-Miss: 0.0472 | Val Max Gen Viol: 0.0000 | Val Max Thermal: 0.0000
Epoch 8510 | Val Loss: 17.0155 | Val Cost: 28811.27 | Val Max P-Miss: 0.1203 | Max Q-Miss: 0.0363 | Val Max Gen Viol: 0.0000 | Val Max Thermal: 0.0000
Epoch 8520 | Val Loss: 17.2585 | Val Cost: 28689.00 | Val Max P-Miss: 0.1541 | Max Q-Miss: 0.0421 | Val Max Gen Viol: 0.0000 | Val Max Thermal: 0.0000
Epoch 8530 | Val Loss: 16.9889 | Val Cost: 28787.98 | Val Max P-Miss: 0.1042 | Max Q-Miss: 0.0426 | Val Max Gen Viol: 0.0000 | Val Max Thermal: 0.0000
Epoch 8540 | Val Loss: 17.1115 | Val Cost: 28763.21 | Val Max P-Miss: 0.1148 | Max Q-Miss: 0.0519 | Val Max Gen Viol: 0.0000 | Val Max Thermal: 0.0000
Epoch 8550 | Val Loss: 17.7805 | Val Cost: 28638.00 | Val Max P-Miss: 0.1533 | Max Q-Miss: 0.0568 | Val Max Gen Viol: 0.0000 | Val Max Thermal: 0.0000
Epoch 8560 | Val Loss: 17.3666 | Val Cost: 28749.50 | Val Max P-Miss: 0.1768 | Max Q-Miss: 0.0499 | Val Max Gen Viol: 0.0000 | Val Max Thermal: 0.0000
Epoch 8570 | Val Loss: 17.3870 | Val Cost: 28741.38 | Val Max P-Miss: 0.1306 | Max Q-Miss: 0.1008 | Val Max Gen Viol: 0.0000 | Val Max Thermal: 0.0000
Epoch 8580 | Val Loss: 17.2991 | Val Cost: 28626.64 | Val Max P-Miss: 0.1194 | Max Q-Miss: 0.0643 | Val Max Gen Viol: 0.0000 | Val Max Thermal: 0.0000
Epoch 8590 | Val Loss: 17.1849 | Val Cost: 28644.78 | Val Max P-Miss: 0.1213 | Max Q-Miss: 0.0467 | Val Max Gen Viol: 0.0000 | Val Max Thermal: 0.0000
Epoch 8600 | Val Loss: 17.0027 | Val Cost: 28793.43 | Val Max P-Miss: 0.1169 | Max Q-Miss: 0.0484 | Val Max Gen Viol: 0.0000 | Val Max Thermal: 0.0000
Epoch 8610 | Val Loss: 17.0140 | Val Cost: 28785.61 | Val Max P-Miss: 0.1156 | Max Q-Miss: 0.0433 | Val Max Gen Viol: 0.0000 | Val Max Thermal: 0.0000
Epoch 8620 | Val Loss: 17.0054 | Val Cost: 28812.89 | Val Max P-Miss: 0.1135 | Max Q-Miss: 0.0435 | Val Max Gen Viol: 0.0000 | Val Max Thermal: 0.0000
Epoch 8630 | Val Loss: 16.9959 | Val Cost: 28804.31 | Val Max P-Miss: 0.1130 | Max Q-Miss: 0.0442 | Val Max Gen Viol: 0.0000 | Val Max Thermal: 0.0000
Epoch 8640 | Val Loss: 16.9958 | Val Cost: 28800.25 | Val Max P-Miss: 0.1144 | Max Q-Miss: 0.0438 | Val Max Gen Viol: 0.0000 | Val Max Thermal: 0.0000
Epoch 8650 | Val Loss: 16.9890 | Val Cost: 28808.41 | Val Max P-Miss: 0.1120 | Max Q-Miss: 0.0466 | Val Max Gen Viol: 0.0000 | Val Max Thermal: 0.0000
Epoch 8660 | Val Loss: 16.9874 | Val Cost: 28812.08 | Val Max P-Miss: 0.1114 | Max Q-Miss: 0.0448 | Val Max Gen Viol: 0.0000 | Val Max Thermal: 0.0000
Epoch 8670 | Val Loss: 16.9698 | Val Cost: 28800.33 | Val Max P-Miss: 0.1099 | Max Q-Miss: 0.0457 | Val Max Gen Viol: 0.0000 | Val Max Thermal: 0.0000
Epoch 8680 | Val Loss: 17.0963 | Val Cost: 28702.05 | Val Max P-Miss: 0.1311 | Max Q-Miss: 0.0560 | Val Max Gen Viol: 0.0000 | Val Max Thermal: 0.0000
Epoch 8690 | Val Loss: 17.2941 | Val Cost: 28688.56 | Val Max P-Miss: 0.1269 | Max Q-Miss: 0.0646 | Val Max Gen Viol: 0.0000 | Val Max Thermal: 0.0000
Epoch 8700 | Val Loss: 17.9298 | Val Cost: 28776.62 | Val Max P-Miss: 0.1161 | Max Q-Miss: 0.1178 | Val Max Gen Viol: 0.0000 | Val Max Thermal: 0.0000
Epoch 8710 | Val Loss: 17.0358 | Val Cost: 28677.99 | Val Max P-Miss: 0.1385 | Max Q-Miss: 0.0412 | Val Max Gen Viol: 0.0000 | Val Max Thermal: 0.0000
Epoch 8720 | Val Loss: 17.0011 | Val Cost: 28665.13 | Val Max P-Miss: 0.1309 | Max Q-Miss: 0.0457 | Val Max Gen Viol: 0.0000 | Val Max Thermal: 0.0000
Epoch 8730 | Val Loss: 17.0335 | Val Cost: 28683.36 | Val Max P-Miss: 0.1480 | Max Q-Miss: 0.0287 | Val Max Gen Viol: 0.0000 | Val Max Thermal: 0.0000
Epoch 8740 | Val Loss: 17.1318 | Val Cost: 28585.98 | Val Max P-Miss: 0.1502 | Max Q-Miss: 0.0422 | Val Max Gen Viol: 0.0000 | Val Max Thermal: 0.0000
Epoch 8750 | Val Loss: 16.9793 | Val Cost: 28764.94 | Val Max P-Miss: 0.1470 | Max Q-Miss: 0.0440 | Val Max Gen Viol: 0.0000 | Val Max Thermal: 0.0000
Epoch 8760 | Val Loss: 16.9217 | Val Cost: 28792.61 | Val Max P-Miss: 0.1347 | Max Q-Miss: 0.0380 | Val Max Gen Viol: 0.0000 | Val Max Thermal: 0.0000
Epoch 8770 | Val Loss: 17.3773 | Val Cost: 28851.52 | Val Max P-Miss: 0.1604 | Max Q-Miss: 0.0394 | Val Max Gen Viol: 0.0000 | Val Max Thermal: 0.0000
Epoch 8780 | Val Loss: 17.0990 | Val Cost: 28763.74 | Val Max P-Miss: 0.1138 | Max Q-Miss: 0.0711 | Val Max Gen Viol: 0.0000 | Val Max Thermal: 0.0000
Epoch 8790 | Val Loss: 17.1004 | Val Cost: 28725.75 | Val Max P-Miss: 0.1234 | Max Q-Miss: 0.0573 | Val Max Gen Viol: 0.0000 | Val Max Thermal: 0.0000
Epoch 8800 | Val Loss: 16.9834 | Val Cost: 28737.11 | Val Max P-Miss: 0.1052 | Max Q-Miss: 0.0466 | Val Max Gen Viol: 0.0000 | Val Max Thermal: 0.0000
Epoch 8810 | Val Loss: 17.0410 | Val Cost: 28817.50 | Val Max P-Miss: 0.1133 | Max Q-Miss: 0.0573 | Val Max Gen Viol: 0.0000 | Val Max Thermal: 0.0000
Epoch 8820 | Val Loss: 17.5591 | Val Cost: 28611.09 | Val Max P-Miss: 0.1449 | Max Q-Miss: 0.0769 | Val Max Gen Viol: 0.0000 | Val Max Thermal: 0.0000
Epoch 8830 | Val Loss: 17.9914 | Val Cost: 28849.36 | Val Max P-Miss: 0.1133 | Max Q-Miss: 0.1559 | Val Max Gen Viol: 0.0000 | Val Max Thermal: 0.0000
Epoch 8840 | Val Loss: 17.0388 | Val Cost: 28722.70 | Val Max P-Miss: 0.1176 | Max Q-Miss: 0.0605 | Val Max Gen Viol: 0.0000 | Val Max Thermal: 0.0000
Epoch 8850 | Val Loss: 17.0117 | Val Cost: 28752.62 | Val Max P-Miss: 0.1199 | Max Q-Miss: 0.0572 | Val Max Gen Viol: 0.0000 | Val Max Thermal: 0.0000
Epoch 8860 | Val Loss: 16.9840 | Val Cost: 28754.94 | Val Max P-Miss: 0.1180 | Max Q-Miss: 0.0532 | Val Max Gen Viol: 0.0000 | Val Max Thermal: 0.0000
Epoch 8870 | Val Loss: 16.9191 | Val Cost: 28772.22 | Val Max P-Miss: 0.1120 | Max Q-Miss: 0.0480 | Val Max Gen Viol: 0.0000 | Val Max Thermal: 0.0000
Epoch 8880 | Val Loss: 16.9231 | Val Cost: 28785.62 | Val Max P-Miss: 0.1084 | Max Q-Miss: 0.0447 | Val Max Gen Viol: 0.0000 | Val Max Thermal: 0.0000
Epoch 8890 | Val Loss: 16.9274 | Val Cost: 28767.80 | Val Max P-Miss: 0.1057 | Max Q-Miss: 0.0418 | Val Max Gen Viol: 0.0000 | Val Max Thermal: 0.0000
Epoch 8900 | Val Loss: 17.0205 | Val Cost: 28758.02 | Val Max P-Miss: 0.1392 | Max Q-Miss: 0.0368 | Val Max Gen Viol: 0.0000 | Val Max Thermal: 0.0000
Epoch 8910 | Val Loss: 16.9997 | Val Cost: 28782.23 | Val Max P-Miss: 0.1356 | Max Q-Miss: 0.0367 | Val Max Gen Viol: 0.0000 | Val Max Thermal: 0.0000
Epoch 8920 | Val Loss: 17.2772 | Val Cost: 28899.01 | Val Max P-Miss: 0.1130 | Max Q-Miss: 0.0887 | Val Max Gen Viol: 0.0000 | Val Max Thermal: 0.0000
Epoch 8930 | Val Loss: 17.0870 | Val Cost: 28782.36 | Val Max P-Miss: 0.1183 | Max Q-Miss: 0.0788 | Val Max Gen Viol: 0.0000 | Val Max Thermal: 0.0000
Epoch 8940 | Val Loss: 17.5473 | Val Cost: 28680.70 | Val Max P-Miss: 0.1524 | Max Q-Miss: 0.0982 | Val Max Gen Viol: 0.0000 | Val Max Thermal: 0.0000
Epoch 8950 | Val Loss: 16.9826 | Val Cost: 28714.18 | Val Max P-Miss: 0.1175 | Max Q-Miss: 0.0508 | Val Max Gen Viol: 0.0000 | Val Max Thermal: 0.0000
Epoch 8960 | Val Loss: 16.9857 | Val Cost: 28760.36 | Val Max P-Miss: 0.1120 | Max Q-Miss: 0.0485 | Val Max Gen Viol: 0.0000 | Val Max Thermal: 0.0000
Epoch 8970 | Val Loss: 16.9833 | Val Cost: 28724.10 | Val Max P-Miss: 0.1115 | Max Q-Miss: 0.0479 | Val Max Gen Viol: 0.0000 | Val Max Thermal: 0.0000
Epoch 8980 | Val Loss: 17.0032 | Val Cost: 28734.91 | Val Max P-Miss: 0.1126 | Max Q-Miss: 0.0498 | Val Max Gen Viol: 0.0000 | Val Max Thermal: 0.0000
Epoch 8990 | Val Loss: 16.9834 | Val Cost: 28697.26 | Val Max P-Miss: 0.1071 | Max Q-Miss: 0.0434 | Val Max Gen Viol: 0.0000 | Val Max Thermal: 0.0000
Epoch 9000 | Val Loss: 16.9732 | Val Cost: 28728.45 | Val Max P-Miss: 0.1077 | Max Q-Miss: 0.0444 | Val Max Gen Viol: 0.0000 | Val Max Thermal: 0.0000
Epoch 9010 | Val Loss: 16.9792 | Val Cost: 28773.39 | Val Max P-Miss: 0.1048 | Max Q-Miss: 0.0422 | Val Max Gen Viol: 0.0000 | Val Max Thermal: 0.0000
Epoch 9020 | Val Loss: 17.0546 | Val Cost: 28765.35 | Val Max P-Miss: 0.1227 | Max Q-Miss: 0.0376 | Val Max Gen Viol: 0.0000 | Val Max Thermal: 0.0000
Epoch 9030 | Val Loss: 17.0665 | Val Cost: 28676.77 | Val Max P-Miss: 0.1359 | Max Q-Miss: 0.0522 | Val Max Gen Viol: 0.0000 | Val Max Thermal: 0.0000
Epoch 9040 | Val Loss: 17.1918 | Val Cost: 28630.77 | Val Max P-Miss: 0.1447 | Max Q-Miss: 0.0618 | Val Max Gen Viol: 0.0000 | Val Max Thermal: 0.0000
Epoch 9050 | Val Loss: 17.0324 | Val Cost: 28578.14 | Val Max P-Miss: 0.1234 | Max Q-Miss: 0.0425 | Val Max Gen Viol: 0.0000 | Val Max Thermal: 0.0000
Epoch 9060 | Val Loss: 16.9931 | Val Cost: 28722.68 | Val Max P-Miss: 0.1108 | Max Q-Miss: 0.0464 | Val Max Gen Viol: 0.0000 | Val Max Thermal: 0.0000
Epoch 9070 | Val Loss: 16.9840 | Val Cost: 28695.96 | Val Max P-Miss: 0.1054 | Max Q-Miss: 0.0444 | Val Max Gen Viol: 0.0000 | Val Max Thermal: 0.0000
Epoch 9080 | Val Loss: 16.9820 | Val Cost: 28747.29 | Val Max P-Miss: 0.1073 | Max Q-Miss: 0.0440 | Val Max Gen Viol: 0.0000 | Val Max Thermal: 0.0000
Epoch 9090 | Val Loss: 16.9994 | Val Cost: 28705.56 | Val Max P-Miss: 0.1093 | Max Q-Miss: 0.0433 | Val Max Gen Viol: 0.0000 | Val Max Thermal: 0.0000
Epoch 9100 | Val Loss: 16.9582 | Val Cost: 28668.14 | Val Max P-Miss: 0.1026 | Max Q-Miss: 0.0413 | Val Max Gen Viol: 0.0000 | Val Max Thermal: 0.0000
Epoch 9110 | Val Loss: 17.0103 | Val Cost: 28753.82 | Val Max P-Miss: 0.1107 | Max Q-Miss: 0.0464 | Val Max Gen Viol: 0.0000 | Val Max Thermal: 0.0000
Epoch 9120 | Val Loss: 16.9549 | Val Cost: 28683.67 | Val Max P-Miss: 0.1020 | Max Q-Miss: 0.0401 | Val Max Gen Viol: 0.0000 | Val Max Thermal: 0.0000
Epoch 9130 | Val Loss: 16.9831 | Val Cost: 28778.91 | Val Max P-Miss: 0.1062 | Max Q-Miss: 0.0423 | Val Max Gen Viol: 0.0000 | Val Max Thermal: 0.0000
Epoch 9140 | Val Loss: 17.0395 | Val Cost: 28734.29 | Val Max P-Miss: 0.1067 | Max Q-Miss: 0.0414 | Val Max Gen Viol: 0.0000 | Val Max Thermal: 0.0000
Epoch 9150 | Val Loss: 17.0905 | Val Cost: 28720.25 | Val Max P-Miss: 0.1420 | Max Q-Miss: 0.0430 | Val Max Gen Viol: 0.0000 | Val Max Thermal: 0.0000
Epoch 9160 | Val Loss: 17.5590 | Val Cost: 28612.53 | Val Max P-Miss: 0.1479 | Max Q-Miss: 0.0579 | Val Max Gen Viol: 0.0000 | Val Max Thermal: 0.0000
Epoch 9170 | Val Loss: 17.1187 | Val Cost: 28720.14 | Val Max P-Miss: 0.1553 | Max Q-Miss: 0.0359 | Val Max Gen Viol: 0.0000 | Val Max Thermal: 0.0000
Epoch 9180 | Val Loss: 17.0751 | Val Cost: 28673.15 | Val Max P-Miss: 0.1377 | Max Q-Miss: 0.0441 | Val Max Gen Viol: 0.0000 | Val Max Thermal: 0.0000
Epoch 9190 | Val Loss: 17.0273 | Val Cost: 28666.22 | Val Max P-Miss: 0.1227 | Max Q-Miss: 0.0494 | Val Max Gen Viol: 0.0000 | Val Max Thermal: 0.0000
Epoch 9200 | Val Loss: 16.9774 | Val Cost: 28706.93 | Val Max P-Miss: 0.1066 | Max Q-Miss: 0.0484 | Val Max Gen Viol: 0.0000 | Val Max Thermal: 0.0000
Epoch 9210 | Val Loss: 17.0080 | Val Cost: 28716.97 | Val Max P-Miss: 0.1147 | Max Q-Miss: 0.0502 | Val Max Gen Viol: 0.0000 | Val Max Thermal: 0.0000
Epoch 9220 | Val Loss: 16.9612 | Val Cost: 28706.98 | Val Max P-Miss: 0.1105 | Max Q-Miss: 0.0422 | Val Max Gen Viol: 0.0000 | Val Max Thermal: 0.0000
Epoch 9230 | Val Loss: 17.0876 | Val Cost: 28730.41 | Val Max P-Miss: 0.1148 | Max Q-Miss: 0.0475 | Val Max Gen Viol: 0.0000 | Val Max Thermal: 0.0000
Epoch 9240 | Val Loss: 16.9889 | Val Cost: 28754.33 | Val Max P-Miss: 0.1181 | Max Q-Miss: 0.0406 | Val Max Gen Viol: 0.0000 | Val Max Thermal: 0.0000
Epoch 9250 | Val Loss: 16.9681 | Val Cost: 28644.23 | Val Max P-Miss: 0.1388 | Max Q-Miss: 0.0426 | Val Max Gen Viol: 0.0000 | Val Max Thermal: 0.0000
Epoch 9260 | Val Loss: 16.9144 | Val Cost: 28675.73 | Val Max P-Miss: 0.1116 | Max Q-Miss: 0.0437 | Val Max Gen Viol: 0.0000 | Val Max Thermal: 0.0000
Epoch 9270 | Val Loss: 16.9327 | Val Cost: 28676.08 | Val Max P-Miss: 0.1049 | Max Q-Miss: 0.0445 | Val Max Gen Viol: 0.0000 | Val Max Thermal: 0.0000
Epoch 9280 | Val Loss: 16.9594 | Val Cost: 28736.55 | Val Max P-Miss: 0.1027 | Max Q-Miss: 0.0382 | Val Max Gen Viol: 0.0000 | Val Max Thermal: 0.0000
Epoch 9290 | Val Loss: 17.0758 | Val Cost: 28522.04 | Val Max P-Miss: 0.1192 | Max Q-Miss: 0.0741 | Val Max Gen Viol: 0.0000 | Val Max Thermal: 0.0000
Epoch 9300 | Val Loss: 16.9586 | Val Cost: 28699.11 | Val Max P-Miss: 0.1219 | Max Q-Miss: 0.0547 | Val Max Gen Viol: 0.0000 | Val Max Thermal: 0.0000
Epoch 9310 | Val Loss: 16.9651 | Val Cost: 28695.01 | Val Max P-Miss: 0.1146 | Max Q-Miss: 0.0495 | Val Max Gen Viol: 0.0000 | Val Max Thermal: 0.0000
Epoch 9320 | Val Loss: 16.9478 | Val Cost: 28702.99 | Val Max P-Miss: 0.1150 | Max Q-Miss: 0.0476 | Val Max Gen Viol: 0.0000 | Val Max Thermal: 0.0000
Epoch 9330 | Val Loss: 16.9210 | Val Cost: 28691.20 | Val Max P-Miss: 0.1109 | Max Q-Miss: 0.0458 | Val Max Gen Viol: 0.0000 | Val Max Thermal: 0.0000
Epoch 9340 | Val Loss: 16.9670 | Val Cost: 28710.55 | Val Max P-Miss: 0.1134 | Max Q-Miss: 0.0490 | Val Max Gen Viol: 0.0000 | Val Max Thermal: 0.0000
Epoch 9350 | Val Loss: 17.1348 | Val Cost: 28631.42 | Val Max P-Miss: 0.1427 | Max Q-Miss: 0.0277 | Val Max Gen Viol: 0.0000 | Val Max Thermal: 0.0000
Epoch 9360 | Val Loss: 17.0610 | Val Cost: 28648.30 | Val Max P-Miss: 0.1273 | Max Q-Miss: 0.0452 | Val Max Gen Viol: 0.0000 | Val Max Thermal: 0.0000
Epoch 9370 | Val Loss: 18.0004 | Val Cost: 28729.06 | Val Max P-Miss: 0.1408 | Max Q-Miss: 0.1011 | Val Max Gen Viol: 0.0000 | Val Max Thermal: 0.0000
Epoch 9380 | Val Loss: 17.2848 | Val Cost: 28809.96 | Val Max P-Miss: 0.1369 | Max Q-Miss: 0.0708 | Val Max Gen Viol: 0.0000 | Val Max Thermal: 0.0000
Epoch 9390 | Val Loss: 16.9486 | Val Cost: 28780.79 | Val Max P-Miss: 0.1147 | Max Q-Miss: 0.0723 | Val Max Gen Viol: 0.0000 | Val Max Thermal: 0.0000
Epoch 9400 | Val Loss: 16.9952 | Val Cost: 28630.47 | Val Max P-Miss: 0.1060 | Max Q-Miss: 0.0482 | Val Max Gen Viol: 0.0000 | Val Max Thermal: 0.0000
Epoch 9410 | Val Loss: 16.9337 | Val Cost: 28685.49 | Val Max P-Miss: 0.1092 | Max Q-Miss: 0.0435 | Val Max Gen Viol: 0.0000 | Val Max Thermal: 0.0000
Epoch 9420 | Val Loss: 16.9050 | Val Cost: 28704.36 | Val Max P-Miss: 0.1106 | Max Q-Miss: 0.0452 | Val Max Gen Viol: 0.0000 | Val Max Thermal: 0.0000
Epoch 9430 | Val Loss: 16.9217 | Val Cost: 28704.83 | Val Max P-Miss: 0.1111 | Max Q-Miss: 0.0421 | Val Max Gen Viol: 0.0000 | Val Max Thermal: 0.0000
Epoch 9440 | Val Loss: 16.9129 | Val Cost: 28698.88 | Val Max P-Miss: 0.1109 | Max Q-Miss: 0.0420 | Val Max Gen Viol: 0.0000 | Val Max Thermal: 0.0000
Epoch 9450 | Val Loss: 16.8983 | Val Cost: 28711.06 | Val Max P-Miss: 0.1082 | Max Q-Miss: 0.0411 | Val Max Gen Viol: 0.0000 | Val Max Thermal: 0.0000
Epoch 9460 | Val Loss: 16.8798 | Val Cost: 28732.41 | Val Max P-Miss: 0.1056 | Max Q-Miss: 0.0392 | Val Max Gen Viol: 0.0000 | Val Max Thermal: 0.0000
Epoch 9470 | Val Loss: 16.8771 | Val Cost: 28718.90 | Val Max P-Miss: 0.1021 | Max Q-Miss: 0.0374 | Val Max Gen Viol: 0.0000 | Val Max Thermal: 0.0000
Epoch 9480 | Val Loss: 16.8642 | Val Cost: 28713.87 | Val Max P-Miss: 0.1012 | Max Q-Miss: 0.0371 | Val Max Gen Viol: 0.0000 | Val Max Thermal: 0.0000
Epoch 9490 | Val Loss: 16.8604 | Val Cost: 28697.97 | Val Max P-Miss: 0.1010 | Max Q-Miss: 0.0372 | Val Max Gen Viol: 0.0000 | Val Max Thermal: 0.0000
Epoch 9500 | Val Loss: 16.9206 | Val Cost: 28620.36 | Val Max P-Miss: 0.1020 | Max Q-Miss: 0.0385 | Val Max Gen Viol: 0.0000 | Val Max Thermal: 0.0000
Epoch 9510 | Val Loss: 17.4102 | Val Cost: 28638.52 | Val Max P-Miss: 0.1324 | Max Q-Miss: 0.0538 | Val Max Gen Viol: 0.0000 | Val Max Thermal: 0.0000
Epoch 9520 | Val Loss: 17.0572 | Val Cost: 28652.11 | Val Max P-Miss: 0.1446 | Max Q-Miss: 0.0438 | Val Max Gen Viol: 0.0000 | Val Max Thermal: 0.0000
Epoch 9530 | Val Loss: 17.0445 | Val Cost: 28780.36 | Val Max P-Miss: 0.1303 | Max Q-Miss: 0.0528 | Val Max Gen Viol: 0.0000 | Val Max Thermal: 0.0000
Epoch 9540 | Val Loss: 17.2603 | Val Cost: 28633.97 | Val Max P-Miss: 0.1867 | Max Q-Miss: 0.0570 | Val Max Gen Viol: 0.0000 | Val Max Thermal: 0.0000
Epoch 9550 | Val Loss: 17.0057 | Val Cost: 28680.09 | Val Max P-Miss: 0.1644 | Max Q-Miss: 0.0342 | Val Max Gen Viol: 0.0000 | Val Max Thermal: 0.0000
Epoch 9560 | Val Loss: 17.0667 | Val Cost: 28975.92 | Val Max P-Miss: 0.1381 | Max Q-Miss: 0.0399 | Val Max Gen Viol: 0.0000 | Val Max Thermal: 0.0000
Epoch 9570 | Val Loss: 17.0040 | Val Cost: 28647.76 | Val Max P-Miss: 0.1204 | Max Q-Miss: 0.0505 | Val Max Gen Viol: 0.0000 | Val Max Thermal: 0.0000
Epoch 9580 | Val Loss: 16.9778 | Val Cost: 28714.89 | Val Max P-Miss: 0.1075 | Max Q-Miss: 0.0484 | Val Max Gen Viol: 0.0000 | Val Max Thermal: 0.0000
Epoch 9590 | Val Loss: 16.9675 | Val Cost: 28707.58 | Val Max P-Miss: 0.1073 | Max Q-Miss: 0.0457 | Val Max Gen Viol: 0.0000 | Val Max Thermal: 0.0000
Epoch 9600 | Val Loss: 16.9803 | Val Cost: 28664.47 | Val Max P-Miss: 0.1072 | Max Q-Miss: 0.0458 | Val Max Gen Viol: 0.0000 | Val Max Thermal: 0.0000
Epoch 9610 | Val Loss: 16.9609 | Val Cost: 28705.82 | Val Max P-Miss: 0.1080 | Max Q-Miss: 0.0461 | Val Max Gen Viol: 0.0000 | Val Max Thermal: 0.0000
Epoch 9620 | Val Loss: 16.9392 | Val Cost: 28675.60 | Val Max P-Miss: 0.1043 | Max Q-Miss: 0.0420 | Val Max Gen Viol: 0.0000 | Val Max Thermal: 0.0000
Epoch 9630 | Val Loss: 16.9744 | Val Cost: 28709.99 | Val Max P-Miss: 0.1073 | Max Q-Miss: 0.0420 | Val Max Gen Viol: 0.0000 | Val Max Thermal: 0.0000
Epoch 9640 | Val Loss: 17.0053 | Val Cost: 28701.52 | Val Max P-Miss: 0.1246 | Max Q-Miss: 0.0368 | Val Max Gen Viol: 0.0000 | Val Max Thermal: 0.0000
Epoch 9650 | Val Loss: 17.1198 | Val Cost: 28637.16 | Val Max P-Miss: 0.1347 | Max Q-Miss: 0.0328 | Val Max Gen Viol: 0.0000 | Val Max Thermal: 0.0000
Epoch 9660 | Val Loss: 17.2164 | Val Cost: 28677.23 | Val Max P-Miss: 0.1085 | Max Q-Miss: 0.0741 | Val Max Gen Viol: 0.0000 | Val Max Thermal: 0.0000
Epoch 9670 | Val Loss: 17.0764 | Val Cost: 28597.02 | Val Max P-Miss: 0.1186 | Max Q-Miss: 0.0596 | Val Max Gen Viol: 0.0000 | Val Max Thermal: 0.0000
Epoch 9680 | Val Loss: 17.0068 | Val Cost: 28724.72 | Val Max P-Miss: 0.1325 | Max Q-Miss: 0.0654 | Val Max Gen Viol: 0.0000 | Val Max Thermal: 0.0000
Epoch 9690 | Val Loss: 16.9982 | Val Cost: 28688.55 | Val Max P-Miss: 0.0973 | Max Q-Miss: 0.0773 | Val Max Gen Viol: 0.0000 | Val Max Thermal: 0.0000
Epoch 9700 | Val Loss: 16.9115 | Val Cost: 28759.23 | Val Max P-Miss: 0.1181 | Max Q-Miss: 0.0477 | Val Max Gen Viol: 0.0000 | Val Max Thermal: 0.0000
Epoch 9710 | Val Loss: 16.8877 | Val Cost: 28789.14 | Val Max P-Miss: 0.1291 | Max Q-Miss: 0.0394 | Val Max Gen Viol: 0.0000 | Val Max Thermal: 0.0000
Epoch 9720 | Val Loss: 16.8949 | Val Cost: 28786.46 | Val Max P-Miss: 0.1413 | Max Q-Miss: 0.0331 | Val Max Gen Viol: 0.0000 | Val Max Thermal: 0.0000
Epoch 9730 | Val Loss: 16.7966 | Val Cost: 28777.38 | Val Max P-Miss: 0.0932 | Max Q-Miss: 0.0303 | Val Max Gen Viol: 0.0000 | Val Max Thermal: 0.0000
Epoch 9740 | Val Loss: 17.0078 | Val Cost: 28673.53 | Val Max P-Miss: 0.1171 | Max Q-Miss: 0.0396 | Val Max Gen Viol: 0.0000 | Val Max Thermal: 0.0000
Epoch 9750 | Val Loss: 16.9757 | Val Cost: 28681.69 | Val Max P-Miss: 0.0961 | Max Q-Miss: 0.0472 | Val Max Gen Viol: 0.0000 | Val Max Thermal: 0.0000
Epoch 9760 | Val Loss: 16.9785 | Val Cost: 28669.20 | Val Max P-Miss: 0.1184 | Max Q-Miss: 0.0609 | Val Max Gen Viol: 0.0000 | Val Max Thermal: 0.0000
Epoch 9770 | Val Loss: 16.8866 | Val Cost: 28765.09 | Val Max P-Miss: 0.0981 | Max Q-Miss: 0.0465 | Val Max Gen Viol: 0.0000 | Val Max Thermal: 0.0000
Epoch 9780 | Val Loss: 17.1000 | Val Cost: 28949.32 | Val Max P-Miss: 0.1311 | Max Q-Miss: 0.0479 | Val Max Gen Viol: 0.0000 | Val Max Thermal: 0.0000
Epoch 9790 | Val Loss: 17.6499 | Val Cost: 28726.36 | Val Max P-Miss: 0.1622 | Max Q-Miss: 0.0519 | Val Max Gen Viol: 0.0000 | Val Max Thermal: 0.0000
Epoch 9800 | Val Loss: 16.8981 | Val Cost: 28690.24 | Val Max P-Miss: 0.1167 | Max Q-Miss: 0.0495 | Val Max Gen Viol: 0.0000 | Val Max Thermal: 0.0000
Epoch 9810 | Val Loss: 16.9307 | Val Cost: 28707.71 | Val Max P-Miss: 0.1225 | Max Q-Miss: 0.0471 | Val Max Gen Viol: 0.0000 | Val Max Thermal: 0.0000
Epoch 9820 | Val Loss: 16.9286 | Val Cost: 28717.34 | Val Max P-Miss: 0.1212 | Max Q-Miss: 0.0472 | Val Max Gen Viol: 0.0000 | Val Max Thermal: 0.0000
Epoch 9830 | Val Loss: 16.9537 | Val Cost: 28695.72 | Val Max P-Miss: 0.1187 | Max Q-Miss: 0.0550 | Val Max Gen Viol: 0.0000 | Val Max Thermal: 0.0000
Epoch 9840 | Val Loss: 16.9544 | Val Cost: 28696.33 | Val Max P-Miss: 0.1184 | Max Q-Miss: 0.0541 | Val Max Gen Viol: 0.0000 | Val Max Thermal: 0.0000
Epoch 9850 | Val Loss: 16.9055 | Val Cost: 28663.65 | Val Max P-Miss: 0.1128 | Max Q-Miss: 0.0488 | Val Max Gen Viol: 0.0000 | Val Max Thermal: 0.0000
Epoch 9860 | Val Loss: 16.8715 | Val Cost: 28669.21 | Val Max P-Miss: 0.1127 | Max Q-Miss: 0.0470 | Val Max Gen Viol: 0.0000 | Val Max Thermal: 0.0000
Epoch 9870 | Val Loss: 16.8973 | Val Cost: 28695.25 | Val Max P-Miss: 0.1132 | Max Q-Miss: 0.0468 | Val Max Gen Viol: 0.0000 | Val Max Thermal: 0.0000
Epoch 9880 | Val Loss: 16.8887 | Val Cost: 28714.29 | Val Max P-Miss: 0.1104 | Max Q-Miss: 0.0432 | Val Max Gen Viol: 0.0000 | Val Max Thermal: 0.0000
Epoch 9890 | Val Loss: 16.8828 | Val Cost: 28708.32 | Val Max P-Miss: 0.1107 | Max Q-Miss: 0.0442 | Val Max Gen Viol: 0.0000 | Val Max Thermal: 0.0000
Epoch 9900 | Val Loss: 17.0366 | Val Cost: 28596.22 | Val Max P-Miss: 0.1154 | Max Q-Miss: 0.0461 | Val Max Gen Viol: 0.0000 | Val Max Thermal: 0.0000
Epoch 9910 | Val Loss: 17.7302 | Val Cost: 28696.29 | Val Max P-Miss: 0.1665 | Max Q-Miss: 0.0680 | Val Max Gen Viol: 0.0000 | Val Max Thermal: 0.0000
Epoch 9920 | Val Loss: 17.0715 | Val Cost: 28500.30 | Val Max P-Miss: 0.1387 | Max Q-Miss: 0.0494 | Val Max Gen Viol: 0.0000 | Val Max Thermal: 0.0000
Epoch 9930 | Val Loss: 16.9970 | Val Cost: 28612.48 | Val Max P-Miss: 0.1257 | Max Q-Miss: 0.0453 | Val Max Gen Viol: 0.0000 | Val Max Thermal: 0.0000
Epoch 9940 | Val Loss: 16.9640 | Val Cost: 28632.84 | Val Max P-Miss: 0.1203 | Max Q-Miss: 0.0480 | Val Max Gen Viol: 0.0000 | Val Max Thermal: 0.0000
Epoch 9950 | Val Loss: 17.0795 | Val Cost: 28758.57 | Val Max P-Miss: 0.1422 | Max Q-Miss: 0.0561 | Val Max Gen Viol: 0.0000 | Val Max Thermal: 0.0000
Epoch 9960 | Val Loss: 17.2319 | Val Cost: 28659.27 | Val Max P-Miss: 0.1030 | Max Q-Miss: 0.0649 | Val Max Gen Viol: 0.0000 | Val Max Thermal: 0.0000
Epoch 9970 | Val Loss: 17.3695 | Val Cost: 28563.88 | Val Max P-Miss: 0.1501 | Max Q-Miss: 0.0556 | Val Max Gen Viol: 0.0000 | Val Max Thermal: 0.0000
Epoch 9980 | Val Loss: 17.0454 | Val Cost: 28544.04 | Val Max P-Miss: 0.1220 | Max Q-Miss: 0.0558 | Val Max Gen Viol: 0.0000 | Val Max Thermal: 0.0000
Epoch 9990 | Val Loss: 16.8987 | Val Cost: 28674.94 | Val Max P-Miss: 0.1099 | Max Q-Miss: 0.0469 | Val Max Gen Viol: 0.0000 | Val Max Thermal: 0.0000

==================================================
Training Complete!
Total Training Time: 00h 51m 57.14s
Best model weights saved to: ./model/best_pinn_model_pglib_opf_case57_ieee_10000epochs_20260720_202937.pth
==================================================

