Job: acopf_ISS
Executing: ACOPF_pinn_rahul.py --case_name pglib_opf_case57_ieee --epochs 10000
Node: issnode1
GPU Allocated: 0
CUDA Hardware Acceleration Active: NVIDIA GeForce RTX 4090
Problem Geometry Linked -> Matrix Samples: 10000

Beginning execution of parallelized training matrix loops for Rahul KKT PINN...
Epoch    0 | Val Loss: 2933.6171 | Val Cost: 29731.43 | Val Max P-Miss: 1.0661 | Val Max Q-Miss: 1.5039 | Val Max Gen Viol: 0.0000 | Val Max Thermal: 0.0000 [*SAVED BEST*]
Epoch   10 | Val Loss: 2691.9975 | Val Cost: 33300.37 | Val Max P-Miss: 0.5305 | Val Max Q-Miss: 0.2508 | Val Max Gen Viol: 0.0000 | Val Max Thermal: 0.0000 [*SAVED BEST*]
Epoch   20 | Val Loss: 2689.2400 | Val Cost: 34747.86 | Val Max P-Miss: 0.5068 | Val Max Q-Miss: 0.1893 | Val Max Gen Viol: 0.0000 | Val Max Thermal: 0.0000 [*SAVED BEST*]
Epoch   30 | Val Loss: 2685.3045 | Val Cost: 35370.29 | Val Max P-Miss: 0.4480 | Val Max Q-Miss: 0.2167 | Val Max Gen Viol: 0.0000 | Val Max Thermal: 0.0000 [*SAVED BEST*]
Epoch   40 | Val Loss: 2672.7913 | Val Cost: 37063.32 | Val Max P-Miss: 0.3331 | Val Max Q-Miss: 0.2000 | Val Max Gen Viol: 0.0000 | Val Max Thermal: 0.0000 [*SAVED BEST*]
Epoch   50 | Val Loss: 2660.3504 | Val Cost: 39669.79 | Val Max P-Miss: 0.3718 | Val Max Q-Miss: 0.2413 | Val Max Gen Viol: 0.0000 | Val Max Thermal: 0.0000 [*SAVED BEST*]
Epoch   60 | Val Loss: 2651.0127 | Val Cost: 39386.31 | Val Max P-Miss: 0.3836 | Val Max Q-Miss: 0.1596 | Val Max Gen Viol: 0.0000 | Val Max Thermal: 0.0000 [*SAVED BEST*]
Epoch   70 | Val Loss: 2638.2660 | Val Cost: 41543.88 | Val Max P-Miss: 0.4177 | Val Max Q-Miss: 0.2851 | Val Max Gen Viol: 0.0000 | Val Max Thermal: 0.0000 [*SAVED BEST*]
Epoch   80 | Val Loss: 2668.9178 | Val Cost: 43484.93 | Val Max P-Miss: 1.0223 | Val Max Q-Miss: 0.5711 | Val Max Gen Viol: 0.0000 | Val Max Thermal: 0.0000
Epoch   90 | Val Loss: 2603.5267 | Val Cost: 44699.07 | Val Max P-Miss: 1.1333 | Val Max Q-Miss: 0.6704 | Val Max Gen Viol: 0.0000 | Val Max Thermal: 0.0000 [*SAVED BEST*]
Epoch  100 | Val Loss: 2561.1555 | Val Cost: 47361.72 | Val Max P-Miss: 0.9501 | Val Max Q-Miss: 0.8480 | Val Max Gen Viol: 0.0000 | Val Max Thermal: 0.0000 [*SAVED BEST*]
Epoch  110 | Val Loss: 2581.9876 | Val Cost: 49778.59 | Val Max P-Miss: 1.3645 | Val Max Q-Miss: 0.4725 | Val Max Gen Viol: 0.0000 | Val Max Thermal: 0.0000
Epoch  120 | Val Loss: 2542.3252 | Val Cost: 50758.00 | Val Max P-Miss: 1.1889 | Val Max Q-Miss: 0.4192 | Val Max Gen Viol: 0.0000 | Val Max Thermal: 0.0000 [*SAVED BEST*]
Epoch  130 | Val Loss: 2501.3987 | Val Cost: 52666.51 | Val Max P-Miss: 1.1610 | Val Max Q-Miss: 0.4009 | Val Max Gen Viol: 0.0000 | Val Max Thermal: 0.0000 [*SAVED BEST*]
Epoch  140 | Val Loss: 2611.6556 | Val Cost: 51679.97 | Val Max P-Miss: 2.0707 | Val Max Q-Miss: 0.7662 | Val Max Gen Viol: 0.0000 | Val Max Thermal: 0.0000
Epoch  150 | Val Loss: 2466.6101 | Val Cost: 52733.61 | Val Max P-Miss: 1.2683 | Val Max Q-Miss: 0.9172 | Val Max Gen Viol: 0.0000 | Val Max Thermal: 0.0000 [*SAVED BEST*]
Epoch  160 | Val Loss: 2476.8630 | Val Cost: 53963.12 | Val Max P-Miss: 1.6861 | Val Max Q-Miss: 0.6887 | Val Max Gen Viol: 0.0000 | Val Max Thermal: 0.0000
Epoch  170 | Val Loss: 2349.0134 | Val Cost: 55449.34 | Val Max P-Miss: 1.2357 | Val Max Q-Miss: 0.5018 | Val Max Gen Viol: 0.0000 | Val Max Thermal: 0.0000 [*SAVED BEST*]
Epoch  180 | Val Loss: 2364.2867 | Val Cost: 56159.73 | Val Max P-Miss: 1.9120 | Val Max Q-Miss: 0.7671 | Val Max Gen Viol: 0.0000 | Val Max Thermal: 0.0000
Epoch  190 | Val Loss: 2305.0403 | Val Cost: 55465.52 | Val Max P-Miss: 1.7630 | Val Max Q-Miss: 0.7061 | Val Max Gen Viol: 0.0000 | Val Max Thermal: 0.0000 [*SAVED BEST*]
Epoch  200 | Val Loss: 2143.5388 | Val Cost: 54170.37 | Val Max P-Miss: 1.6718 | Val Max Q-Miss: 0.6846 | Val Max Gen Viol: 0.0000 | Val Max Thermal: 0.0000 [*SAVED BEST*]
Epoch  210 | Val Loss: 2121.4884 | Val Cost: 50056.84 | Val Max P-Miss: 1.9319 | Val Max Q-Miss: 0.8435 | Val Max Gen Viol: 0.0000 | Val Max Thermal: 0.0000 [*SAVED BEST*]
Epoch  220 | Val Loss: 2631.4949 | Val Cost: 36980.09 | Val Max P-Miss: 2.2981 | Val Max Q-Miss: 1.0931 | Val Max Gen Viol: 0.0000 | Val Max Thermal: 0.9592
Epoch  230 | Val Loss: 2382.5269 | Val Cost: 48995.14 | Val Max P-Miss: 1.4282 | Val Max Q-Miss: 0.7534 | Val Max Gen Viol: 0.0000 | Val Max Thermal: 0.6436
Epoch  240 | Val Loss: 2203.1612 | Val Cost: 52808.44 | Val Max P-Miss: 1.1935 | Val Max Q-Miss: 1.0788 | Val Max Gen Viol: 0.0000 | Val Max Thermal: 0.0824
Epoch  250 | Val Loss: 2454.2396 | Val Cost: 54849.87 | Val Max P-Miss: 2.3820 | Val Max Q-Miss: 1.2727 | Val Max Gen Viol: 0.0000 | Val Max Thermal: 0.8763
Epoch  260 | Val Loss: 2586.2484 | Val Cost: 54055.61 | Val Max P-Miss: 3.6217 | Val Max Q-Miss: 1.2543 | Val Max Gen Viol: 0.0000 | Val Max Thermal: 0.1478
Epoch  270 | Val Loss: 2108.2287 | Val Cost: 56204.51 | Val Max P-Miss: 2.2390 | Val Max Q-Miss: 1.1764 | Val Max Gen Viol: 0.0000 | Val Max Thermal: 0.0006 [*SAVED BEST*]
Epoch  280 | Val Loss: 2055.6077 | Val Cost: 56949.56 | Val Max P-Miss: 2.5832 | Val Max Q-Miss: 1.1997 | Val Max Gen Viol: 0.0000 | Val Max Thermal: 0.0131 [*SAVED BEST*]
Epoch  290 | Val Loss: 2145.3006 | Val Cost: 54324.69 | Val Max P-Miss: 1.9201 | Val Max Q-Miss: 1.0126 | Val Max Gen Viol: 0.0000 | Val Max Thermal: 0.2814
Epoch  300 | Val Loss: 1884.0203 | Val Cost: 55274.46 | Val Max P-Miss: 1.7294 | Val Max Q-Miss: 0.6852 | Val Max Gen Viol: 0.0000 | Val Max Thermal: 0.1665 [*SAVED BEST*]
Epoch  310 | Val Loss: 2016.6112 | Val Cost: 51769.13 | Val Max P-Miss: 2.3411 | Val Max Q-Miss: 0.7483 | Val Max Gen Viol: 0.0000 | Val Max Thermal: 0.5062
Epoch  320 | Val Loss: 1824.6916 | Val Cost: 55416.54 | Val Max P-Miss: 1.7217 | Val Max Q-Miss: 0.7159 | Val Max Gen Viol: 0.0000 | Val Max Thermal: 0.2276 [*SAVED BEST*]
Epoch  330 | Val Loss: 1741.4388 | Val Cost: 56660.05 | Val Max P-Miss: 1.9341 | Val Max Q-Miss: 0.8170 | Val Max Gen Viol: 0.0000 | Val Max Thermal: 0.0088 [*SAVED BEST*]
Epoch  340 | Val Loss: 1708.8990 | Val Cost: 56248.23 | Val Max P-Miss: 2.4507 | Val Max Q-Miss: 1.0599 | Val Max Gen Viol: 0.0000 | Val Max Thermal: 0.0115 [*SAVED BEST*]
Epoch  350 | Val Loss: 1595.0148 | Val Cost: 56479.88 | Val Max P-Miss: 2.1896 | Val Max Q-Miss: 0.8949 | Val Max Gen Viol: 0.0000 | Val Max Thermal: 0.0000 [*SAVED BEST*]
Epoch  360 | Val Loss: 1598.8991 | Val Cost: 56644.55 | Val Max P-Miss: 2.3038 | Val Max Q-Miss: 1.0150 | Val Max Gen Viol: 0.0000 | Val Max Thermal: 1.2087
Epoch  370 | Val Loss: 1557.4346 | Val Cost: 56695.08 | Val Max P-Miss: 2.2986 | Val Max Q-Miss: 1.0205 | Val Max Gen Viol: 0.0000 | Val Max Thermal: 0.2413 [*SAVED BEST*]
Epoch  380 | Val Loss: 1581.8950 | Val Cost: 57100.68 | Val Max P-Miss: 2.3378 | Val Max Q-Miss: 1.0632 | Val Max Gen Viol: 0.0000 | Val Max Thermal: 0.0000
Epoch  390 | Val Loss: 11860.4897 | Val Cost: 55156.21 | Val Max P-Miss: 7.1339 | Val Max Q-Miss: 1.4143 | Val Max Gen Viol: 0.0000 | Val Max Thermal: 21.1328
Epoch  400 | Val Loss: 2256.3563 | Val Cost: 47495.34 | Val Max P-Miss: 2.6225 | Val Max Q-Miss: 0.8220 | Val Max Gen Viol: 0.0000 | Val Max Thermal: 1.0992
Epoch  410 | Val Loss: 2404.9845 | Val Cost: 49165.04 | Val Max P-Miss: 2.5878 | Val Max Q-Miss: 1.6504 | Val Max Gen Viol: 0.0000 | Val Max Thermal: 0.3668
Epoch  420 | Val Loss: 1810.8315 | Val Cost: 53968.08 | Val Max P-Miss: 2.4898 | Val Max Q-Miss: 1.0679 | Val Max Gen Viol: 0.0000 | Val Max Thermal: 0.4234
Epoch  430 | Val Loss: 2224.8201 | Val Cost: 52002.50 | Val Max P-Miss: 2.8703 | Val Max Q-Miss: 1.7411 | Val Max Gen Viol: 0.0000 | Val Max Thermal: 1.0755
Epoch  440 | Val Loss: 1938.5541 | Val Cost: 52165.03 | Val Max P-Miss: 1.2090 | Val Max Q-Miss: 1.3750 | Val Max Gen Viol: 0.0000 | Val Max Thermal: 0.5260
Epoch  450 | Val Loss: 1894.7345 | Val Cost: 52966.88 | Val Max P-Miss: 3.1016 | Val Max Q-Miss: 1.1950 | Val Max Gen Viol: 0.0000 | Val Max Thermal: 0.3330
Epoch  460 | Val Loss: 1618.6658 | Val Cost: 54450.11 | Val Max P-Miss: 2.4028 | Val Max Q-Miss: 1.2844 | Val Max Gen Viol: 0.0000 | Val Max Thermal: 0.7472
Epoch  470 | Val Loss: 1950.8370 | Val Cost: 49854.73 | Val Max P-Miss: 3.0251 | Val Max Q-Miss: 1.0652 | Val Max Gen Viol: 0.0000 | Val Max Thermal: 0.8981
Epoch  480 | Val Loss: 1754.5484 | Val Cost: 52562.02 | Val Max P-Miss: 2.4376 | Val Max Q-Miss: 0.6326 | Val Max Gen Viol: 0.0000 | Val Max Thermal: 0.3869
Epoch  490 | Val Loss: 1984.5494 | Val Cost: 52593.60 | Val Max P-Miss: 2.4050 | Val Max Q-Miss: 1.0282 | Val Max Gen Viol: 0.0000 | Val Max Thermal: 0.8520
Epoch  500 | Val Loss: 1752.4335 | Val Cost: 54240.45 | Val Max P-Miss: 3.3530 | Val Max Q-Miss: 1.4662 | Val Max Gen Viol: 0.0000 | Val Max Thermal: 1.8416
Epoch  510 | Val Loss: 2068.1004 | Val Cost: 51686.18 | Val Max P-Miss: 2.8261 | Val Max Q-Miss: 1.1149 | Val Max Gen Viol: 0.0000 | Val Max Thermal: 0.2570
Epoch  520 | Val Loss: 1445.9691 | Val Cost: 53944.93 | Val Max P-Miss: 2.7176 | Val Max Q-Miss: 1.8079 | Val Max Gen Viol: 0.0000 | Val Max Thermal: 0.5401 [*SAVED BEST*]
Epoch  530 | Val Loss: 2018.7504 | Val Cost: 45611.33 | Val Max P-Miss: 3.4691 | Val Max Q-Miss: 1.5289 | Val Max Gen Viol: 0.0000 | Val Max Thermal: 0.7372
Epoch  540 | Val Loss: 1636.9956 | Val Cost: 55435.20 | Val Max P-Miss: 3.5807 | Val Max Q-Miss: 0.9276 | Val Max Gen Viol: 0.0000 | Val Max Thermal: 0.5720
Epoch  550 | Val Loss: 1416.7731 | Val Cost: 53316.06 | Val Max P-Miss: 1.9188 | Val Max Q-Miss: 1.0090 | Val Max Gen Viol: 0.0000 | Val Max Thermal: 0.7177 [*SAVED BEST*]
Epoch  560 | Val Loss: 1140.8311 | Val Cost: 53478.56 | Val Max P-Miss: 1.7065 | Val Max Q-Miss: 0.6779 | Val Max Gen Viol: 0.0000 | Val Max Thermal: 0.1280 [*SAVED BEST*]
Epoch  570 | Val Loss: 1089.9128 | Val Cost: 53203.63 | Val Max P-Miss: 1.6706 | Val Max Q-Miss: 0.6560 | Val Max Gen Viol: 0.0000 | Val Max Thermal: 0.2193 [*SAVED BEST*]
Epoch  580 | Val Loss: 1293.4556 | Val Cost: 53948.61 | Val Max P-Miss: 2.3534 | Val Max Q-Miss: 0.8160 | Val Max Gen Viol: 0.0000 | Val Max Thermal: 0.3121
Epoch  590 | Val Loss: 1612.1410 | Val Cost: 47562.30 | Val Max P-Miss: 1.6793 | Val Max Q-Miss: 0.7156 | Val Max Gen Viol: 0.0000 | Val Max Thermal: 0.8448
Epoch  600 | Val Loss: 1674.6069 | Val Cost: 50060.61 | Val Max P-Miss: 1.8757 | Val Max Q-Miss: 0.7941 | Val Max Gen Viol: 0.0000 | Val Max Thermal: 0.5685
Epoch  610 | Val Loss: 1738.3201 | Val Cost: 50032.70 | Val Max P-Miss: 1.6638 | Val Max Q-Miss: 1.0006 | Val Max Gen Viol: 0.0000 | Val Max Thermal: 0.7475
Epoch  620 | Val Loss: 1162.8936 | Val Cost: 54434.02 | Val Max P-Miss: 0.9524 | Val Max Q-Miss: 0.7512 | Val Max Gen Viol: 0.0000 | Val Max Thermal: 0.4093
Epoch  630 | Val Loss: 1365.1640 | Val Cost: 52765.66 | Val Max P-Miss: 2.2731 | Val Max Q-Miss: 0.9132 | Val Max Gen Viol: 0.0000 | Val Max Thermal: 1.8380
Epoch  640 | Val Loss: 1525.9466 | Val Cost: 55620.63 | Val Max P-Miss: 3.1458 | Val Max Q-Miss: 0.9472 | Val Max Gen Viol: 0.0000 | Val Max Thermal: 1.0795
Epoch  650 | Val Loss: 1155.5633 | Val Cost: 54352.52 | Val Max P-Miss: 2.5007 | Val Max Q-Miss: 0.7969 | Val Max Gen Viol: 0.0000 | Val Max Thermal: 0.2743
Epoch  660 | Val Loss: 1178.3028 | Val Cost: 54959.35 | Val Max P-Miss: 2.4014 | Val Max Q-Miss: 0.9005 | Val Max Gen Viol: 0.0000 | Val Max Thermal: 0.3030
Epoch  670 | Val Loss: 1093.1365 | Val Cost: 52932.10 | Val Max P-Miss: 1.8654 | Val Max Q-Miss: 0.6932 | Val Max Gen Viol: 0.0000 | Val Max Thermal: 0.1825
Epoch  680 | Val Loss: 1071.9399 | Val Cost: 54328.91 | Val Max P-Miss: 2.2687 | Val Max Q-Miss: 0.9126 | Val Max Gen Viol: 0.0000 | Val Max Thermal: 0.2206 [*SAVED BEST*]
Epoch  690 | Val Loss: 1103.7424 | Val Cost: 54236.58 | Val Max P-Miss: 2.3446 | Val Max Q-Miss: 0.9618 | Val Max Gen Viol: 0.0000 | Val Max Thermal: 0.5797
Epoch  700 | Val Loss: 1463.9688 | Val Cost: 51065.37 | Val Max P-Miss: 2.6719 | Val Max Q-Miss: 0.8380 | Val Max Gen Viol: 0.0000 | Val Max Thermal: 0.5242
Epoch  710 | Val Loss: 2048.0386 | Val Cost: 50753.48 | Val Max P-Miss: 2.7148 | Val Max Q-Miss: 1.3407 | Val Max Gen Viol: 0.0000 | Val Max Thermal: 2.0827
Epoch  720 | Val Loss: 1555.6263 | Val Cost: 51866.73 | Val Max P-Miss: 3.3012 | Val Max Q-Miss: 1.6265 | Val Max Gen Viol: 0.0000 | Val Max Thermal: 0.3276
Epoch  730 | Val Loss: 1443.0416 | Val Cost: 50467.50 | Val Max P-Miss: 1.7768 | Val Max Q-Miss: 1.1159 | Val Max Gen Viol: 0.0000 | Val Max Thermal: 0.5531
Epoch  740 | Val Loss: 1387.0318 | Val Cost: 52897.76 | Val Max P-Miss: 2.5812 | Val Max Q-Miss: 1.6827 | Val Max Gen Viol: 0.0000 | Val Max Thermal: 0.6042
Epoch  750 | Val Loss: 1568.9482 | Val Cost: 50684.77 | Val Max P-Miss: 2.3088 | Val Max Q-Miss: 0.7548 | Val Max Gen Viol: 0.0000 | Val Max Thermal: 0.4273
Epoch  760 | Val Loss: 1585.9651 | Val Cost: 51332.86 | Val Max P-Miss: 2.2646 | Val Max Q-Miss: 0.9738 | Val Max Gen Viol: 0.0000 | Val Max Thermal: 3.0379
Epoch  770 | Val Loss: 1333.8203 | Val Cost: 52055.69 | Val Max P-Miss: 2.3006 | Val Max Q-Miss: 1.1869 | Val Max Gen Viol: 0.0000 | Val Max Thermal: 0.3518
Epoch  780 | Val Loss: 1379.4129 | Val Cost: 53755.63 | Val Max P-Miss: 2.6481 | Val Max Q-Miss: 0.9627 | Val Max Gen Viol: 0.0000 | Val Max Thermal: 0.7612
Epoch  790 | Val Loss: 1637.8361 | Val Cost: 51819.54 | Val Max P-Miss: 3.2670 | Val Max Q-Miss: 1.4686 | Val Max Gen Viol: 0.0000 | Val Max Thermal: 0.3773
Epoch  800 | Val Loss: 1417.2412 | Val Cost: 50178.73 | Val Max P-Miss: 2.1048 | Val Max Q-Miss: 0.9149 | Val Max Gen Viol: 0.0000 | Val Max Thermal: 0.7423
Epoch  810 | Val Loss: 3185.2534 | Val Cost: 52296.68 | Val Max P-Miss: 5.6033 | Val Max Q-Miss: 2.0163 | Val Max Gen Viol: 0.0000 | Val Max Thermal: 0.9392
Epoch  820 | Val Loss: 1121.8294 | Val Cost: 53455.31 | Val Max P-Miss: 1.6892 | Val Max Q-Miss: 0.6621 | Val Max Gen Viol: 0.0000 | Val Max Thermal: 0.2934
Epoch  830 | Val Loss: 1372.7844 | Val Cost: 54268.37 | Val Max P-Miss: 2.4225 | Val Max Q-Miss: 1.0687 | Val Max Gen Viol: 0.0000 | Val Max Thermal: 0.6131
Epoch  840 | Val Loss: 1095.5378 | Val Cost: 55418.31 | Val Max P-Miss: 2.3184 | Val Max Q-Miss: 0.8691 | Val Max Gen Viol: 0.0000 | Val Max Thermal: 0.2880
Epoch  850 | Val Loss: 1057.7653 | Val Cost: 55243.83 | Val Max P-Miss: 2.1555 | Val Max Q-Miss: 0.9025 | Val Max Gen Viol: 0.0000 | Val Max Thermal: 0.3853 [*SAVED BEST*]
Epoch  860 | Val Loss: 1042.2274 | Val Cost: 55055.98 | Val Max P-Miss: 2.4385 | Val Max Q-Miss: 0.8139 | Val Max Gen Viol: 0.0000 | Val Max Thermal: 0.3603 [*SAVED BEST*]
Epoch  870 | Val Loss: 1049.8729 | Val Cost: 55128.70 | Val Max P-Miss: 2.5274 | Val Max Q-Miss: 1.0522 | Val Max Gen Viol: 0.0000 | Val Max Thermal: 0.3017
Epoch  880 | Val Loss: 1002.3323 | Val Cost: 53022.55 | Val Max P-Miss: 1.5475 | Val Max Q-Miss: 1.4258 | Val Max Gen Viol: 0.0000 | Val Max Thermal: 0.1579 [*SAVED BEST*]
Epoch  890 | Val Loss: 1602.2917 | Val Cost: 47743.28 | Val Max P-Miss: 2.4864 | Val Max Q-Miss: 1.0756 | Val Max Gen Viol: 0.0000 | Val Max Thermal: 0.0530
Epoch  900 | Val Loss: 1271.5809 | Val Cost: 54090.36 | Val Max P-Miss: 1.6817 | Val Max Q-Miss: 0.7925 | Val Max Gen Viol: 0.0000 | Val Max Thermal: 0.4497
Epoch  910 | Val Loss: 1324.2831 | Val Cost: 53254.93 | Val Max P-Miss: 1.8608 | Val Max Q-Miss: 0.9965 | Val Max Gen Viol: 0.0000 | Val Max Thermal: 1.6826
Epoch  920 | Val Loss: 1327.6965 | Val Cost: 53490.92 | Val Max P-Miss: 3.2075 | Val Max Q-Miss: 1.0865 | Val Max Gen Viol: 0.0000 | Val Max Thermal: 0.9741
Epoch  930 | Val Loss: 1546.4050 | Val Cost: 52793.61 | Val Max P-Miss: 2.4807 | Val Max Q-Miss: 1.1373 | Val Max Gen Viol: 0.0000 | Val Max Thermal: 2.1564
Epoch  940 | Val Loss: 1456.0164 | Val Cost: 51953.10 | Val Max P-Miss: 2.5137 | Val Max Q-Miss: 1.4658 | Val Max Gen Viol: 0.0000 | Val Max Thermal: 2.4134
Epoch  950 | Val Loss: 1343.3888 | Val Cost: 51002.64 | Val Max P-Miss: 2.2036 | Val Max Q-Miss: 1.3368 | Val Max Gen Viol: 0.0000 | Val Max Thermal: 0.4203
Epoch  960 | Val Loss: 1396.1318 | Val Cost: 53536.19 | Val Max P-Miss: 2.1186 | Val Max Q-Miss: 1.0405 | Val Max Gen Viol: 0.0000 | Val Max Thermal: 0.1146
Epoch  970 | Val Loss: 1034.4817 | Val Cost: 55909.46 | Val Max P-Miss: 1.7986 | Val Max Q-Miss: 0.7719 | Val Max Gen Viol: 0.0000 | Val Max Thermal: 0.4233
Epoch  980 | Val Loss: 1070.4025 | Val Cost: 55384.61 | Val Max P-Miss: 2.2521 | Val Max Q-Miss: 0.8241 | Val Max Gen Viol: 0.0000 | Val Max Thermal: 0.3538
Epoch  990 | Val Loss: 1041.3994 | Val Cost: 55362.52 | Val Max P-Miss: 2.1603 | Val Max Q-Miss: 0.8492 | Val Max Gen Viol: 0.0000 | Val Max Thermal: 0.3374
Epoch 1000 | Val Loss: 1043.4515 | Val Cost: 55437.55 | Val Max P-Miss: 2.1387 | Val Max Q-Miss: 0.8172 | Val Max Gen Viol: 0.0000 | Val Max Thermal: 0.3707
Epoch 1010 | Val Loss: 1041.2025 | Val Cost: 55563.73 | Val Max P-Miss: 2.2270 | Val Max Q-Miss: 0.8870 | Val Max Gen Viol: 0.0000 | Val Max Thermal: 0.3525
Epoch 1020 | Val Loss: 1044.0468 | Val Cost: 55558.13 | Val Max P-Miss: 2.1716 | Val Max Q-Miss: 0.9664 | Val Max Gen Viol: 0.0000 | Val Max Thermal: 0.3510
Epoch 1030 | Val Loss: 1019.6172 | Val Cost: 55531.67 | Val Max P-Miss: 2.1719 | Val Max Q-Miss: 0.8955 | Val Max Gen Viol: 0.0000 | Val Max Thermal: 0.3365
Epoch 1040 | Val Loss: 1008.3573 | Val Cost: 55561.34 | Val Max P-Miss: 2.1806 | Val Max Q-Miss: 0.8201 | Val Max Gen Viol: 0.0000 | Val Max Thermal: 0.3493
Epoch 1050 | Val Loss: 954.3022 | Val Cost: 55544.81 | Val Max P-Miss: 2.4029 | Val Max Q-Miss: 0.7345 | Val Max Gen Viol: 0.0000 | Val Max Thermal: 0.3537 [*SAVED BEST*]
Epoch 1060 | Val Loss: 1245.2710 | Val Cost: 55504.71 | Val Max P-Miss: 2.5312 | Val Max Q-Miss: 1.4633 | Val Max Gen Viol: 0.0000 | Val Max Thermal: 0.3714
Epoch 1070 | Val Loss: 1036.3384 | Val Cost: 56200.51 | Val Max P-Miss: 2.0893 | Val Max Q-Miss: 1.3767 | Val Max Gen Viol: 0.0000 | Val Max Thermal: 0.3315
Epoch 1080 | Val Loss: 990.1281 | Val Cost: 56253.60 | Val Max P-Miss: 1.9173 | Val Max Q-Miss: 1.3191 | Val Max Gen Viol: 0.0000 | Val Max Thermal: 0.3536
Epoch 1090 | Val Loss: 1046.7161 | Val Cost: 55881.25 | Val Max P-Miss: 1.9275 | Val Max Q-Miss: 1.1778 | Val Max Gen Viol: 0.0000 | Val Max Thermal: 0.3291
Epoch 1100 | Val Loss: 1020.1622 | Val Cost: 55835.21 | Val Max P-Miss: 1.5507 | Val Max Q-Miss: 0.9622 | Val Max Gen Viol: 0.0000 | Val Max Thermal: 0.3451
Epoch 1110 | Val Loss: 1017.2794 | Val Cost: 55668.28 | Val Max P-Miss: 1.8954 | Val Max Q-Miss: 0.8613 | Val Max Gen Viol: 0.0000 | Val Max Thermal: 0.3398
Epoch 1120 | Val Loss: 957.1946 | Val Cost: 55657.41 | Val Max P-Miss: 1.7019 | Val Max Q-Miss: 0.6315 | Val Max Gen Viol: 0.0000 | Val Max Thermal: 0.3298
Epoch 1130 | Val Loss: 1014.1819 | Val Cost: 55519.62 | Val Max P-Miss: 1.9403 | Val Max Q-Miss: 0.7050 | Val Max Gen Viol: 0.0000 | Val Max Thermal: 0.3891
Epoch 1140 | Val Loss: 937.8084 | Val Cost: 55727.82 | Val Max P-Miss: 1.6740 | Val Max Q-Miss: 0.6058 | Val Max Gen Viol: 0.0000 | Val Max Thermal: 0.3843 [*SAVED BEST*]
Epoch 1150 | Val Loss: 986.7040 | Val Cost: 55072.92 | Val Max P-Miss: 1.7206 | Val Max Q-Miss: 0.7985 | Val Max Gen Viol: 0.0000 | Val Max Thermal: 0.2798
Epoch 1160 | Val Loss: 1778.1685 | Val Cost: 55116.49 | Val Max P-Miss: 2.0642 | Val Max Q-Miss: 0.9204 | Val Max Gen Viol: 0.0000 | Val Max Thermal: 1.0953
Epoch 1170 | Val Loss: 1442.5960 | Val Cost: 50467.02 | Val Max P-Miss: 2.0928 | Val Max Q-Miss: 1.1008 | Val Max Gen Viol: 0.0000 | Val Max Thermal: 0.1329
Epoch 1180 | Val Loss: 1286.3170 | Val Cost: 53467.53 | Val Max P-Miss: 1.4503 | Val Max Q-Miss: 1.1352 | Val Max Gen Viol: 0.0000 | Val Max Thermal: 0.4579
Epoch 1190 | Val Loss: 1611.9557 | Val Cost: 54269.04 | Val Max P-Miss: 2.0636 | Val Max Q-Miss: 1.1263 | Val Max Gen Viol: 0.0000 | Val Max Thermal: 3.3249
Epoch 1200 | Val Loss: 1322.4194 | Val Cost: 53786.56 | Val Max P-Miss: 3.0468 | Val Max Q-Miss: 1.3936 | Val Max Gen Viol: 0.0000 | Val Max Thermal: 0.1298
Epoch 1210 | Val Loss: 1168.9702 | Val Cost: 52865.91 | Val Max P-Miss: 2.3291 | Val Max Q-Miss: 0.8336 | Val Max Gen Viol: 0.0000 | Val Max Thermal: 1.0449
Epoch 1220 | Val Loss: 1374.8971 | Val Cost: 54574.46 | Val Max P-Miss: 2.4990 | Val Max Q-Miss: 1.1911 | Val Max Gen Viol: 0.0000 | Val Max Thermal: 0.5638
Epoch 1230 | Val Loss: 2039.0449 | Val Cost: 54190.87 | Val Max P-Miss: 2.1552 | Val Max Q-Miss: 1.2404 | Val Max Gen Viol: 0.0000 | Val Max Thermal: 9.2756
Epoch 1240 | Val Loss: 1762.4478 | Val Cost: 52267.68 | Val Max P-Miss: 2.9268 | Val Max Q-Miss: 0.9988 | Val Max Gen Viol: 0.0000 | Val Max Thermal: 0.3150
Epoch 1250 | Val Loss: 1291.7983 | Val Cost: 54266.08 | Val Max P-Miss: 1.8575 | Val Max Q-Miss: 1.8282 | Val Max Gen Viol: 0.0000 | Val Max Thermal: 0.6601
Epoch 1260 | Val Loss: 878.3606 | Val Cost: 55332.17 | Val Max P-Miss: 1.3650 | Val Max Q-Miss: 0.7635 | Val Max Gen Viol: 0.0000 | Val Max Thermal: 0.5810 [*SAVED BEST*]
Epoch 1270 | Val Loss: 897.6993 | Val Cost: 54891.90 | Val Max P-Miss: 1.5075 | Val Max Q-Miss: 0.8286 | Val Max Gen Viol: 0.0000 | Val Max Thermal: 0.3692
Epoch 1280 | Val Loss: 888.5898 | Val Cost: 55069.80 | Val Max P-Miss: 1.4948 | Val Max Q-Miss: 0.8365 | Val Max Gen Viol: 0.0000 | Val Max Thermal: 0.3917
Epoch 1290 | Val Loss: 2086.1927 | Val Cost: 53857.15 | Val Max P-Miss: 3.5155 | Val Max Q-Miss: 1.0237 | Val Max Gen Viol: 0.0000 | Val Max Thermal: 1.6551
Epoch 1300 | Val Loss: 1052.0297 | Val Cost: 54279.40 | Val Max P-Miss: 2.2079 | Val Max Q-Miss: 0.8553 | Val Max Gen Viol: 0.0000 | Val Max Thermal: 0.1815
Epoch 1310 | Val Loss: 943.2504 | Val Cost: 55102.77 | Val Max P-Miss: 2.0922 | Val Max Q-Miss: 0.7681 | Val Max Gen Viol: 0.0000 | Val Max Thermal: 0.3278
Epoch 1320 | Val Loss: 951.1935 | Val Cost: 55041.88 | Val Max P-Miss: 2.1134 | Val Max Q-Miss: 0.8266 | Val Max Gen Viol: 0.0000 | Val Max Thermal: 0.2636
Epoch 1330 | Val Loss: 930.5495 | Val Cost: 54943.24 | Val Max P-Miss: 1.9326 | Val Max Q-Miss: 0.8475 | Val Max Gen Viol: 0.0000 | Val Max Thermal: 0.2913
Epoch 1340 | Val Loss: 919.1379 | Val Cost: 55093.51 | Val Max P-Miss: 1.9510 | Val Max Q-Miss: 0.8449 | Val Max Gen Viol: 0.0000 | Val Max Thermal: 0.2520
Epoch 1350 | Val Loss: 895.0789 | Val Cost: 55002.54 | Val Max P-Miss: 2.1211 | Val Max Q-Miss: 0.7727 | Val Max Gen Viol: 0.0000 | Val Max Thermal: 0.2912
Epoch 1360 | Val Loss: 875.9521 | Val Cost: 55065.27 | Val Max P-Miss: 1.9720 | Val Max Q-Miss: 0.7598 | Val Max Gen Viol: 0.0000 | Val Max Thermal: 0.2971 [*SAVED BEST*]
Epoch 1370 | Val Loss: 2265.7742 | Val Cost: 55175.06 | Val Max P-Miss: 5.9754 | Val Max Q-Miss: 2.2742 | Val Max Gen Viol: 0.0000 | Val Max Thermal: 1.4541
Epoch 1380 | Val Loss: 1159.3017 | Val Cost: 53976.84 | Val Max P-Miss: 2.9888 | Val Max Q-Miss: 1.4292 | Val Max Gen Viol: 0.0000 | Val Max Thermal: 0.4056
Epoch 1390 | Val Loss: 978.0796 | Val Cost: 55410.60 | Val Max P-Miss: 2.8472 | Val Max Q-Miss: 1.3852 | Val Max Gen Viol: 0.0000 | Val Max Thermal: 0.2628
Epoch 1400 | Val Loss: 1014.1991 | Val Cost: 55411.18 | Val Max P-Miss: 2.4884 | Val Max Q-Miss: 1.1985 | Val Max Gen Viol: 0.0000 | Val Max Thermal: 0.3029
Epoch 1410 | Val Loss: 1076.7528 | Val Cost: 53803.03 | Val Max P-Miss: 1.9242 | Val Max Q-Miss: 0.8698 | Val Max Gen Viol: 0.0000 | Val Max Thermal: 0.2221
Epoch 1420 | Val Loss: 1320.9842 | Val Cost: 53992.77 | Val Max P-Miss: 2.2108 | Val Max Q-Miss: 0.9947 | Val Max Gen Viol: 0.0000 | Val Max Thermal: 1.1978
Epoch 1430 | Val Loss: 1338.0278 | Val Cost: 53921.25 | Val Max P-Miss: 2.1674 | Val Max Q-Miss: 1.8469 | Val Max Gen Viol: 0.0000 | Val Max Thermal: 1.1074
Epoch 1440 | Val Loss: 1328.7772 | Val Cost: 54645.44 | Val Max P-Miss: 2.4030 | Val Max Q-Miss: 1.0330 | Val Max Gen Viol: 0.0000 | Val Max Thermal: 1.8226
Epoch 1450 | Val Loss: 1498.9010 | Val Cost: 52281.06 | Val Max P-Miss: 2.2032 | Val Max Q-Miss: 1.5241 | Val Max Gen Viol: 0.0000 | Val Max Thermal: 3.4528
Epoch 1460 | Val Loss: 1271.6576 | Val Cost: 54215.24 | Val Max P-Miss: 1.6802 | Val Max Q-Miss: 0.6827 | Val Max Gen Viol: 0.0000 | Val Max Thermal: 0.6374
Epoch 1470 | Val Loss: 1204.3013 | Val Cost: 54430.92 | Val Max P-Miss: 1.5993 | Val Max Q-Miss: 1.4856 | Val Max Gen Viol: 0.0000 | Val Max Thermal: 0.4205
Epoch 1480 | Val Loss: 931.7703 | Val Cost: 56176.20 | Val Max P-Miss: 2.1457 | Val Max Q-Miss: 1.2326 | Val Max Gen Viol: 0.0000 | Val Max Thermal: 0.3558
Epoch 1490 | Val Loss: 1014.2861 | Val Cost: 54288.85 | Val Max P-Miss: 2.2081 | Val Max Q-Miss: 0.7151 | Val Max Gen Viol: 0.0000 | Val Max Thermal: 0.4073
Epoch 1500 | Val Loss: 737.8000 | Val Cost: 55446.85 | Val Max P-Miss: 1.3760 | Val Max Q-Miss: 0.6947 | Val Max Gen Viol: 0.0000 | Val Max Thermal: 0.3682 [*SAVED BEST*]
Epoch 1510 | Val Loss: 885.8921 | Val Cost: 55511.25 | Val Max P-Miss: 2.2623 | Val Max Q-Miss: 0.8084 | Val Max Gen Viol: 0.0000 | Val Max Thermal: 0.3593
Epoch 1520 | Val Loss: 835.3564 | Val Cost: 55544.08 | Val Max P-Miss: 2.2980 | Val Max Q-Miss: 0.8300 | Val Max Gen Viol: 0.0000 | Val Max Thermal: 0.3324
Epoch 1530 | Val Loss: 793.6343 | Val Cost: 55526.86 | Val Max P-Miss: 2.0654 | Val Max Q-Miss: 0.6643 | Val Max Gen Viol: 0.0000 | Val Max Thermal: 0.3647
Epoch 1540 | Val Loss: 2061.5393 | Val Cost: 55577.65 | Val Max P-Miss: 2.8424 | Val Max Q-Miss: 1.6093 | Val Max Gen Viol: 0.0000 | Val Max Thermal: 1.2461
Epoch 1550 | Val Loss: 1205.4241 | Val Cost: 54764.54 | Val Max P-Miss: 3.3400 | Val Max Q-Miss: 1.0511 | Val Max Gen Viol: 0.0000 | Val Max Thermal: 0.4195
Epoch 1560 | Val Loss: 1465.0003 | Val Cost: 54051.65 | Val Max P-Miss: 3.0462 | Val Max Q-Miss: 1.1261 | Val Max Gen Viol: 0.0000 | Val Max Thermal: 0.9948
Epoch 1570 | Val Loss: 1023.8227 | Val Cost: 55710.90 | Val Max P-Miss: 2.7443 | Val Max Q-Miss: 1.3875 | Val Max Gen Viol: 0.0000 | Val Max Thermal: 0.3413
Epoch 1580 | Val Loss: 862.2371 | Val Cost: 55706.66 | Val Max P-Miss: 1.8551 | Val Max Q-Miss: 1.3674 | Val Max Gen Viol: 0.0000 | Val Max Thermal: 0.3703
Epoch 1590 | Val Loss: 951.3491 | Val Cost: 54192.91 | Val Max P-Miss: 1.3373 | Val Max Q-Miss: 1.0000 | Val Max Gen Viol: 0.0000 | Val Max Thermal: 0.2477
Epoch 1600 | Val Loss: 971.1168 | Val Cost: 56005.30 | Val Max P-Miss: 2.1133 | Val Max Q-Miss: 0.9268 | Val Max Gen Viol: 0.0000 | Val Max Thermal: 0.3224
Epoch 1610 | Val Loss: 992.8170 | Val Cost: 55384.39 | Val Max P-Miss: 2.2087 | Val Max Q-Miss: 0.9852 | Val Max Gen Viol: 0.0000 | Val Max Thermal: 0.3293
Epoch 1620 | Val Loss: 932.3288 | Val Cost: 55447.66 | Val Max P-Miss: 1.9606 | Val Max Q-Miss: 0.8528 | Val Max Gen Viol: 0.0000 | Val Max Thermal: 0.3395
Epoch 1630 | Val Loss: 911.0407 | Val Cost: 55476.21 | Val Max P-Miss: 1.7695 | Val Max Q-Miss: 0.7755 | Val Max Gen Viol: 0.0000 | Val Max Thermal: 0.3690
Epoch 1640 | Val Loss: 887.1383 | Val Cost: 55470.75 | Val Max P-Miss: 1.9140 | Val Max Q-Miss: 0.8636 | Val Max Gen Viol: 0.0000 | Val Max Thermal: 0.3355
Epoch 1650 | Val Loss: 897.6090 | Val Cost: 55474.48 | Val Max P-Miss: 2.0746 | Val Max Q-Miss: 0.8191 | Val Max Gen Viol: 0.0000 | Val Max Thermal: 0.3717
Epoch 1660 | Val Loss: 873.8033 | Val Cost: 55562.97 | Val Max P-Miss: 2.0606 | Val Max Q-Miss: 0.7672 | Val Max Gen Viol: 0.0000 | Val Max Thermal: 0.3410
Epoch 1670 | Val Loss: 815.0732 | Val Cost: 55527.18 | Val Max P-Miss: 1.7148 | Val Max Q-Miss: 0.7197 | Val Max Gen Viol: 0.0000 | Val Max Thermal: 0.3432
Epoch 1680 | Val Loss: 914.6004 | Val Cost: 55468.85 | Val Max P-Miss: 2.0701 | Val Max Q-Miss: 0.9724 | Val Max Gen Viol: 0.0000 | Val Max Thermal: 0.3446
Epoch 1690 | Val Loss: 1145.4213 | Val Cost: 53902.33 | Val Max P-Miss: 2.4402 | Val Max Q-Miss: 1.0214 | Val Max Gen Viol: 0.0000 | Val Max Thermal: 0.8937
Epoch 1700 | Val Loss: 1230.4992 | Val Cost: 54332.25 | Val Max P-Miss: 2.2668 | Val Max Q-Miss: 1.0871 | Val Max Gen Viol: 0.0000 | Val Max Thermal: 0.2733
Epoch 1710 | Val Loss: 1390.3279 | Val Cost: 53283.79 | Val Max P-Miss: 2.1922 | Val Max Q-Miss: 0.8927 | Val Max Gen Viol: 0.0000 | Val Max Thermal: 1.0740
Epoch 1720 | Val Loss: 936.5076 | Val Cost: 55538.41 | Val Max P-Miss: 1.6353 | Val Max Q-Miss: 0.7533 | Val Max Gen Viol: 0.0000 | Val Max Thermal: 0.5677
Epoch 1730 | Val Loss: 826.7983 | Val Cost: 55453.77 | Val Max P-Miss: 1.5781 | Val Max Q-Miss: 0.6290 | Val Max Gen Viol: 0.0000 | Val Max Thermal: 0.4317
Epoch 1740 | Val Loss: 835.2749 | Val Cost: 55508.53 | Val Max P-Miss: 1.5023 | Val Max Q-Miss: 0.6289 | Val Max Gen Viol: 0.0000 | Val Max Thermal: 0.4739
Epoch 1750 | Val Loss: 850.7082 | Val Cost: 55530.08 | Val Max P-Miss: 1.6914 | Val Max Q-Miss: 0.7236 | Val Max Gen Viol: 0.0000 | Val Max Thermal: 0.4939
Epoch 1760 | Val Loss: 859.0227 | Val Cost: 55492.33 | Val Max P-Miss: 1.5836 | Val Max Q-Miss: 0.7000 | Val Max Gen Viol: 0.0000 | Val Max Thermal: 0.4633
Epoch 1770 | Val Loss: 805.4386 | Val Cost: 55566.76 | Val Max P-Miss: 1.4517 | Val Max Q-Miss: 0.6194 | Val Max Gen Viol: 0.0000 | Val Max Thermal: 0.4727
Epoch 1780 | Val Loss: 864.3773 | Val Cost: 55594.63 | Val Max P-Miss: 1.7333 | Val Max Q-Miss: 0.7483 | Val Max Gen Viol: 0.0000 | Val Max Thermal: 0.4679
Epoch 1790 | Val Loss: 850.8426 | Val Cost: 55750.73 | Val Max P-Miss: 1.7301 | Val Max Q-Miss: 0.7379 | Val Max Gen Viol: 0.0000 | Val Max Thermal: 0.5151
Epoch 1800 | Val Loss: 802.9617 | Val Cost: 55641.24 | Val Max P-Miss: 1.4677 | Val Max Q-Miss: 0.7339 | Val Max Gen Viol: 0.0000 | Val Max Thermal: 0.4865
Epoch 1810 | Val Loss: 1349.2971 | Val Cost: 54356.71 | Val Max P-Miss: 3.0078 | Val Max Q-Miss: 1.2011 | Val Max Gen Viol: 0.0000 | Val Max Thermal: 0.3361
Epoch 1820 | Val Loss: 1039.5421 | Val Cost: 55829.53 | Val Max P-Miss: 1.2577 | Val Max Q-Miss: 1.1447 | Val Max Gen Viol: 0.0000 | Val Max Thermal: 0.5685
Epoch 1830 | Val Loss: 990.7200 | Val Cost: 53942.46 | Val Max P-Miss: 1.5560 | Val Max Q-Miss: 1.0567 | Val Max Gen Viol: 0.0000 | Val Max Thermal: 1.9221
Epoch 1840 | Val Loss: 1352.5049 | Val Cost: 51934.64 | Val Max P-Miss: 3.6970 | Val Max Q-Miss: 1.3993 | Val Max Gen Viol: 0.0000 | Val Max Thermal: 0.9077
Epoch 1850 | Val Loss: 1311.8369 | Val Cost: 51071.98 | Val Max P-Miss: 2.7355 | Val Max Q-Miss: 1.2727 | Val Max Gen Viol: 0.0000 | Val Max Thermal: 0.7735
Epoch 1860 | Val Loss: 987.4723 | Val Cost: 54662.30 | Val Max P-Miss: 2.0141 | Val Max Q-Miss: 1.2249 | Val Max Gen Viol: 0.0000 | Val Max Thermal: 0.3547
Epoch 1870 | Val Loss: 922.4722 | Val Cost: 56036.20 | Val Max P-Miss: 1.7395 | Val Max Q-Miss: 1.1024 | Val Max Gen Viol: 0.0000 | Val Max Thermal: 0.3538
Epoch 1880 | Val Loss: 898.0370 | Val Cost: 51600.03 | Val Max P-Miss: 1.8984 | Val Max Q-Miss: 1.1518 | Val Max Gen Viol: 0.0000 | Val Max Thermal: 0.3373
Epoch 1890 | Val Loss: 801.8713 | Val Cost: 52716.17 | Val Max P-Miss: 1.5366 | Val Max Q-Miss: 1.1181 | Val Max Gen Viol: 0.0000 | Val Max Thermal: 0.3452
Epoch 1900 | Val Loss: 835.9288 | Val Cost: 52937.54 | Val Max P-Miss: 1.6494 | Val Max Q-Miss: 1.1387 | Val Max Gen Viol: 0.0000 | Val Max Thermal: 0.3995
Epoch 1910 | Val Loss: 813.7079 | Val Cost: 53178.27 | Val Max P-Miss: 1.5765 | Val Max Q-Miss: 1.1206 | Val Max Gen Viol: 0.0000 | Val Max Thermal: 0.4481
Epoch 1920 | Val Loss: 1093.9565 | Val Cost: 49155.80 | Val Max P-Miss: 1.9332 | Val Max Q-Miss: 1.9559 | Val Max Gen Viol: 0.0000 | Val Max Thermal: 0.1313
Epoch 1930 | Val Loss: 1231.3696 | Val Cost: 53240.34 | Val Max P-Miss: 1.3125 | Val Max Q-Miss: 1.2738 | Val Max Gen Viol: 0.0000 | Val Max Thermal: 4.1490
Epoch 1940 | Val Loss: 1136.8938 | Val Cost: 50422.22 | Val Max P-Miss: 2.0506 | Val Max Q-Miss: 1.5176 | Val Max Gen Viol: 0.0000 | Val Max Thermal: 0.7122
Epoch 1950 | Val Loss: 1227.0129 | Val Cost: 55960.88 | Val Max P-Miss: 1.8323 | Val Max Q-Miss: 1.0858 | Val Max Gen Viol: 0.0000 | Val Max Thermal: 0.5455
Epoch 1960 | Val Loss: 1232.9684 | Val Cost: 53620.69 | Val Max P-Miss: 3.1762 | Val Max Q-Miss: 1.7502 | Val Max Gen Viol: 0.0000 | Val Max Thermal: 0.4065
Epoch 1970 | Val Loss: 950.0285 | Val Cost: 50626.55 | Val Max P-Miss: 2.8709 | Val Max Q-Miss: 1.6693 | Val Max Gen Viol: 0.0000 | Val Max Thermal: 0.3426
Epoch 1980 | Val Loss: 914.4885 | Val Cost: 51995.16 | Val Max P-Miss: 1.5665 | Val Max Q-Miss: 1.1480 | Val Max Gen Viol: 0.0000 | Val Max Thermal: 0.3267
Epoch 1990 | Val Loss: 957.4874 | Val Cost: 48911.36 | Val Max P-Miss: 2.5721 | Val Max Q-Miss: 1.4996 | Val Max Gen Viol: 0.0000 | Val Max Thermal: 1.4182
Epoch 2000 | Val Loss: 1035.3726 | Val Cost: 53592.21 | Val Max P-Miss: 1.5947 | Val Max Q-Miss: 1.1360 | Val Max Gen Viol: 0.0000 | Val Max Thermal: 0.5712
Epoch 2010 | Val Loss: 993.8616 | Val Cost: 50890.40 | Val Max P-Miss: 1.3028 | Val Max Q-Miss: 1.1710 | Val Max Gen Viol: 0.0000 | Val Max Thermal: 0.1859
Epoch 2020 | Val Loss: 1164.8243 | Val Cost: 50699.70 | Val Max P-Miss: 1.3908 | Val Max Q-Miss: 1.4672 | Val Max Gen Viol: 0.0000 | Val Max Thermal: 1.0857
Epoch 2030 | Val Loss: 1352.4575 | Val Cost: 51941.40 | Val Max P-Miss: 2.6038 | Val Max Q-Miss: 1.3078 | Val Max Gen Viol: 0.0000 | Val Max Thermal: 1.0394
Epoch 2040 | Val Loss: 898.7477 | Val Cost: 51749.19 | Val Max P-Miss: 1.9504 | Val Max Q-Miss: 1.0381 | Val Max Gen Viol: 0.0000 | Val Max Thermal: 2.5540
Epoch 2050 | Val Loss: 1131.5909 | Val Cost: 50210.18 | Val Max P-Miss: 2.6151 | Val Max Q-Miss: 1.4726 | Val Max Gen Viol: 0.0000 | Val Max Thermal: 0.6288
Epoch 2060 | Val Loss: 1334.2649 | Val Cost: 50459.56 | Val Max P-Miss: 3.5453 | Val Max Q-Miss: 1.3952 | Val Max Gen Viol: 0.0000 | Val Max Thermal: 0.3096
Epoch 2070 | Val Loss: 895.1425 | Val Cost: 51493.11 | Val Max P-Miss: 2.3313 | Val Max Q-Miss: 1.1051 | Val Max Gen Viol: 0.0000 | Val Max Thermal: 0.4274
Epoch 2080 | Val Loss: 891.4811 | Val Cost: 51416.41 | Val Max P-Miss: 2.1895 | Val Max Q-Miss: 1.0940 | Val Max Gen Viol: 0.0000 | Val Max Thermal: 0.3962
Epoch 2090 | Val Loss: 859.2675 | Val Cost: 51333.10 | Val Max P-Miss: 2.4550 | Val Max Q-Miss: 1.1100 | Val Max Gen Viol: 0.0000 | Val Max Thermal: 0.3823
Epoch 2100 | Val Loss: 839.8019 | Val Cost: 50735.10 | Val Max P-Miss: 2.0734 | Val Max Q-Miss: 1.1151 | Val Max Gen Viol: 0.0000 | Val Max Thermal: 0.3480
Epoch 2110 | Val Loss: 904.1631 | Val Cost: 50250.52 | Val Max P-Miss: 2.4613 | Val Max Q-Miss: 1.0743 | Val Max Gen Viol: 0.0000 | Val Max Thermal: 0.3676
Epoch 2120 | Val Loss: 1964.7264 | Val Cost: 44930.53 | Val Max P-Miss: 3.9698 | Val Max Q-Miss: 1.3342 | Val Max Gen Viol: 0.0000 | Val Max Thermal: 0.9358
Epoch 2130 | Val Loss: 1000.1569 | Val Cost: 52995.03 | Val Max P-Miss: 2.0807 | Val Max Q-Miss: 1.0281 | Val Max Gen Viol: 0.0000 | Val Max Thermal: 1.3164
Epoch 2140 | Val Loss: 1079.0204 | Val Cost: 54123.99 | Val Max P-Miss: 2.8246 | Val Max Q-Miss: 1.3533 | Val Max Gen Viol: 0.0000 | Val Max Thermal: 0.6181
Epoch 2150 | Val Loss: 1060.9154 | Val Cost: 53203.16 | Val Max P-Miss: 1.9647 | Val Max Q-Miss: 1.0952 | Val Max Gen Viol: 0.0000 | Val Max Thermal: 0.3341
Epoch 2160 | Val Loss: 868.5857 | Val Cost: 51141.52 | Val Max P-Miss: 1.9606 | Val Max Q-Miss: 1.1258 | Val Max Gen Viol: 0.0000 | Val Max Thermal: 0.3900
Epoch 2170 | Val Loss: 926.2973 | Val Cost: 49050.16 | Val Max P-Miss: 2.1022 | Val Max Q-Miss: 1.1317 | Val Max Gen Viol: 0.0000 | Val Max Thermal: 0.3338
Epoch 2180 | Val Loss: 1086.3797 | Val Cost: 48037.86 | Val Max P-Miss: 1.7240 | Val Max Q-Miss: 1.3663 | Val Max Gen Viol: 0.0000 | Val Max Thermal: 0.1812
Epoch 2190 | Val Loss: 944.6482 | Val Cost: 52406.55 | Val Max P-Miss: 2.0841 | Val Max Q-Miss: 1.0425 | Val Max Gen Viol: 0.0000 | Val Max Thermal: 0.3283
Epoch 2200 | Val Loss: 896.1701 | Val Cost: 52040.85 | Val Max P-Miss: 1.7780 | Val Max Q-Miss: 0.9966 | Val Max Gen Viol: 0.0000 | Val Max Thermal: 0.4341
Epoch 2210 | Val Loss: 830.8113 | Val Cost: 51843.83 | Val Max P-Miss: 1.7946 | Val Max Q-Miss: 1.0839 | Val Max Gen Viol: 0.0000 | Val Max Thermal: 0.3809
Epoch 2220 | Val Loss: 842.9818 | Val Cost: 51578.50 | Val Max P-Miss: 1.7617 | Val Max Q-Miss: 1.1196 | Val Max Gen Viol: 0.0000 | Val Max Thermal: 0.3529
Epoch 2230 | Val Loss: 851.9347 | Val Cost: 51006.63 | Val Max P-Miss: 1.4842 | Val Max Q-Miss: 1.2408 | Val Max Gen Viol: 0.0000 | Val Max Thermal: 0.4032
Epoch 2240 | Val Loss: 845.1324 | Val Cost: 50691.45 | Val Max P-Miss: 1.5020 | Val Max Q-Miss: 1.2661 | Val Max Gen Viol: 0.0000 | Val Max Thermal: 0.3394
Epoch 2250 | Val Loss: 803.6038 | Val Cost: 50596.65 | Val Max P-Miss: 1.6866 | Val Max Q-Miss: 1.1050 | Val Max Gen Viol: 0.0000 | Val Max Thermal: 0.3548
Epoch 2260 | Val Loss: 754.1260 | Val Cost: 51208.19 | Val Max P-Miss: 1.4189 | Val Max Q-Miss: 1.0334 | Val Max Gen Viol: 0.0000 | Val Max Thermal: 0.3698
Epoch 2270 | Val Loss: 834.8551 | Val Cost: 50838.06 | Val Max P-Miss: 1.4654 | Val Max Q-Miss: 1.1465 | Val Max Gen Viol: 0.0000 | Val Max Thermal: 0.3885
Epoch 2280 | Val Loss: 1374.1877 | Val Cost: 52235.74 | Val Max P-Miss: 1.5870 | Val Max Q-Miss: 1.5255 | Val Max Gen Viol: 0.0000 | Val Max Thermal: 0.6584
Epoch 2290 | Val Loss: 1010.5504 | Val Cost: 55013.30 | Val Max P-Miss: 2.5788 | Val Max Q-Miss: 1.2191 | Val Max Gen Viol: 0.0000 | Val Max Thermal: 0.5873
Epoch 2300 | Val Loss: 1017.5547 | Val Cost: 52891.12 | Val Max P-Miss: 1.8887 | Val Max Q-Miss: 0.9715 | Val Max Gen Viol: 0.0000 | Val Max Thermal: 0.6574
Epoch 2310 | Val Loss: 728.6981 | Val Cost: 52006.71 | Val Max P-Miss: 1.2713 | Val Max Q-Miss: 1.0180 | Val Max Gen Viol: 0.0000 | Val Max Thermal: 0.3772 [*SAVED BEST*]
Epoch 2320 | Val Loss: 728.0038 | Val Cost: 51527.86 | Val Max P-Miss: 1.4690 | Val Max Q-Miss: 0.9848 | Val Max Gen Viol: 0.0000 | Val Max Thermal: 0.3820 [*SAVED BEST*]
Epoch 2330 | Val Loss: 917.2388 | Val Cost: 49400.58 | Val Max P-Miss: 1.4259 | Val Max Q-Miss: 1.1777 | Val Max Gen Viol: 0.0000 | Val Max Thermal: 0.3684
Epoch 2340 | Val Loss: 975.0629 | Val Cost: 53671.44 | Val Max P-Miss: 1.9798 | Val Max Q-Miss: 0.8601 | Val Max Gen Viol: 0.0000 | Val Max Thermal: 0.8860
Epoch 2350 | Val Loss: 1010.4095 | Val Cost: 50460.61 | Val Max P-Miss: 2.0633 | Val Max Q-Miss: 0.9763 | Val Max Gen Viol: 0.0000 | Val Max Thermal: 0.4309
Epoch 2360 | Val Loss: 725.0928 | Val Cost: 51849.73 | Val Max P-Miss: 1.5626 | Val Max Q-Miss: 0.9746 | Val Max Gen Viol: 0.0000 | Val Max Thermal: 0.3753 [*SAVED BEST*]
Epoch 2370 | Val Loss: 728.5027 | Val Cost: 51420.82 | Val Max P-Miss: 1.4804 | Val Max Q-Miss: 0.9636 | Val Max Gen Viol: 0.0000 | Val Max Thermal: 0.3565
Epoch 2380 | Val Loss: 739.6372 | Val Cost: 51468.50 | Val Max P-Miss: 1.3866 | Val Max Q-Miss: 0.9675 | Val Max Gen Viol: 0.0000 | Val Max Thermal: 0.4223
Epoch 2390 | Val Loss: 1261.8152 | Val Cost: 50612.94 | Val Max P-Miss: 2.2197 | Val Max Q-Miss: 1.3913 | Val Max Gen Viol: 0.0000 | Val Max Thermal: 0.2756
Epoch 2400 | Val Loss: 1138.4647 | Val Cost: 54478.74 | Val Max P-Miss: 1.6945 | Val Max Q-Miss: 1.2388 | Val Max Gen Viol: 0.0000 | Val Max Thermal: 2.6115
Epoch 2410 | Val Loss: 1061.0181 | Val Cost: 48477.81 | Val Max P-Miss: 2.0443 | Val Max Q-Miss: 1.1364 | Val Max Gen Viol: 0.0000 | Val Max Thermal: 0.3067
Epoch 2420 | Val Loss: 1554.2214 | Val Cost: 56048.03 | Val Max P-Miss: 2.4101 | Val Max Q-Miss: 1.8560 | Val Max Gen Viol: 0.0000 | Val Max Thermal: 1.5433
Epoch 2430 | Val Loss: 1039.1328 | Val Cost: 52566.24 | Val Max P-Miss: 2.2208 | Val Max Q-Miss: 1.6360 | Val Max Gen Viol: 0.0000 | Val Max Thermal: 1.1509
Epoch 2440 | Val Loss: 982.0627 | Val Cost: 52299.64 | Val Max P-Miss: 1.9256 | Val Max Q-Miss: 0.9665 | Val Max Gen Viol: 0.0000 | Val Max Thermal: 0.2313
Epoch 2450 | Val Loss: 703.0678 | Val Cost: 52279.63 | Val Max P-Miss: 1.5684 | Val Max Q-Miss: 1.0050 | Val Max Gen Viol: 0.0000 | Val Max Thermal: 0.3585 [*SAVED BEST*]
Epoch 2460 | Val Loss: 703.0325 | Val Cost: 51851.11 | Val Max P-Miss: 1.2936 | Val Max Q-Miss: 0.9875 | Val Max Gen Viol: 0.0000 | Val Max Thermal: 0.3873 [*SAVED BEST*]
Epoch 2470 | Val Loss: 703.3937 | Val Cost: 51930.66 | Val Max P-Miss: 1.5381 | Val Max Q-Miss: 0.9850 | Val Max Gen Viol: 0.0000 | Val Max Thermal: 0.4193
Epoch 2480 | Val Loss: 741.8320 | Val Cost: 52021.94 | Val Max P-Miss: 1.4331 | Val Max Q-Miss: 1.0091 | Val Max Gen Viol: 0.0000 | Val Max Thermal: 0.3462
Epoch 2490 | Val Loss: 714.9976 | Val Cost: 51881.13 | Val Max P-Miss: 1.6841 | Val Max Q-Miss: 0.9770 | Val Max Gen Viol: 0.0000 | Val Max Thermal: 0.4140
Epoch 2500 | Val Loss: 703.3282 | Val Cost: 51984.46 | Val Max P-Miss: 1.3290 | Val Max Q-Miss: 1.0136 | Val Max Gen Viol: 0.0000 | Val Max Thermal: 0.3642
Epoch 2510 | Val Loss: 689.9929 | Val Cost: 51920.78 | Val Max P-Miss: 1.2186 | Val Max Q-Miss: 0.9719 | Val Max Gen Viol: 0.0000 | Val Max Thermal: 0.4128 [*SAVED BEST*]
Epoch 2520 | Val Loss: 797.8282 | Val Cost: 51771.51 | Val Max P-Miss: 1.5314 | Val Max Q-Miss: 1.0003 | Val Max Gen Viol: 0.0000 | Val Max Thermal: 0.3282
Epoch 2530 | Val Loss: 1207.4011 | Val Cost: 52855.38 | Val Max P-Miss: 2.7126 | Val Max Q-Miss: 1.2609 | Val Max Gen Viol: 0.0000 | Val Max Thermal: 0.3088
Epoch 2540 | Val Loss: 1045.8457 | Val Cost: 48222.36 | Val Max P-Miss: 1.8499 | Val Max Q-Miss: 1.0918 | Val Max Gen Viol: 0.0000 | Val Max Thermal: 0.9126
Epoch 2550 | Val Loss: 1049.7585 | Val Cost: 55956.63 | Val Max P-Miss: 3.0055 | Val Max Q-Miss: 1.2105 | Val Max Gen Viol: 0.0000 | Val Max Thermal: 0.7958
Epoch 2560 | Val Loss: 1720.2571 | Val Cost: 48995.43 | Val Max P-Miss: 3.5438 | Val Max Q-Miss: 1.4368 | Val Max Gen Viol: 0.0000 | Val Max Thermal: 0.5656
Epoch 2570 | Val Loss: 964.8435 | Val Cost: 52178.87 | Val Max P-Miss: 2.2385 | Val Max Q-Miss: 1.1463 | Val Max Gen Viol: 0.0000 | Val Max Thermal: 0.4574
Epoch 2580 | Val Loss: 752.6558 | Val Cost: 51716.67 | Val Max P-Miss: 1.4876 | Val Max Q-Miss: 1.1093 | Val Max Gen Viol: 0.0000 | Val Max Thermal: 0.4078
Epoch 2590 | Val Loss: 737.4252 | Val Cost: 51779.92 | Val Max P-Miss: 1.6339 | Val Max Q-Miss: 1.0950 | Val Max Gen Viol: 0.0000 | Val Max Thermal: 0.3710
Epoch 2600 | Val Loss: 719.8425 | Val Cost: 51903.30 | Val Max P-Miss: 1.5073 | Val Max Q-Miss: 1.0140 | Val Max Gen Viol: 0.0000 | Val Max Thermal: 0.3714
Epoch 2610 | Val Loss: 738.7906 | Val Cost: 51694.19 | Val Max P-Miss: 1.5479 | Val Max Q-Miss: 1.0633 | Val Max Gen Viol: 0.0000 | Val Max Thermal: 0.4001
Epoch 2620 | Val Loss: 735.7413 | Val Cost: 51629.57 | Val Max P-Miss: 1.4727 | Val Max Q-Miss: 1.1674 | Val Max Gen Viol: 0.0000 | Val Max Thermal: 0.3865
Epoch 2630 | Val Loss: 810.4663 | Val Cost: 51927.56 | Val Max P-Miss: 1.7024 | Val Max Q-Miss: 1.0136 | Val Max Gen Viol: 0.0000 | Val Max Thermal: 0.3456
Epoch 2640 | Val Loss: 1192.9879 | Val Cost: 50091.03 | Val Max P-Miss: 2.6673 | Val Max Q-Miss: 2.0342 | Val Max Gen Viol: 0.0000 | Val Max Thermal: 0.1662
Epoch 2650 | Val Loss: 1061.6928 | Val Cost: 50813.07 | Val Max P-Miss: 2.5605 | Val Max Q-Miss: 1.4682 | Val Max Gen Viol: 0.0000 | Val Max Thermal: 0.4238
Epoch 2660 | Val Loss: 1171.5259 | Val Cost: 51704.41 | Val Max P-Miss: 1.7736 | Val Max Q-Miss: 0.9173 | Val Max Gen Viol: 0.0000 | Val Max Thermal: 0.6890
Epoch 2670 | Val Loss: 943.4147 | Val Cost: 52751.60 | Val Max P-Miss: 1.9366 | Val Max Q-Miss: 1.0122 | Val Max Gen Viol: 0.0000 | Val Max Thermal: 2.1623
Epoch 2680 | Val Loss: 968.0690 | Val Cost: 53039.84 | Val Max P-Miss: 2.4344 | Val Max Q-Miss: 1.2520 | Val Max Gen Viol: 0.0000 | Val Max Thermal: 0.4384
Epoch 2690 | Val Loss: 798.4552 | Val Cost: 53325.74 | Val Max P-Miss: 2.0544 | Val Max Q-Miss: 1.0995 | Val Max Gen Viol: 0.0000 | Val Max Thermal: 0.2597
Epoch 2700 | Val Loss: 813.1137 | Val Cost: 51093.42 | Val Max P-Miss: 2.2719 | Val Max Q-Miss: 1.2967 | Val Max Gen Viol: 0.0000 | Val Max Thermal: 0.3612
Epoch 2710 | Val Loss: 1084.0518 | Val Cost: 46881.93 | Val Max P-Miss: 1.4207 | Val Max Q-Miss: 1.1666 | Val Max Gen Viol: 0.0000 | Val Max Thermal: 0.4546
Epoch 2720 | Val Loss: 899.0668 | Val Cost: 49610.90 | Val Max P-Miss: 1.6789 | Val Max Q-Miss: 1.2240 | Val Max Gen Viol: 0.0000 | Val Max Thermal: 0.7712
Epoch 2730 | Val Loss: 1296.7813 | Val Cost: 53279.34 | Val Max P-Miss: 2.2863 | Val Max Q-Miss: 1.1495 | Val Max Gen Viol: 0.0000 | Val Max Thermal: 3.1098
Epoch 2740 | Val Loss: 1277.2598 | Val Cost: 52221.54 | Val Max P-Miss: 2.5440 | Val Max Q-Miss: 1.6911 | Val Max Gen Viol: 0.0000 | Val Max Thermal: 0.3255
Epoch 2750 | Val Loss: 972.6013 | Val Cost: 52836.86 | Val Max P-Miss: 2.0162 | Val Max Q-Miss: 1.1354 | Val Max Gen Viol: 0.0000 | Val Max Thermal: 0.5479
Epoch 2760 | Val Loss: 1556.6361 | Val Cost: 51837.42 | Val Max P-Miss: 3.6565 | Val Max Q-Miss: 1.1670 | Val Max Gen Viol: 0.0000 | Val Max Thermal: 0.8530
Epoch 2770 | Val Loss: 932.5088 | Val Cost: 51787.15 | Val Max P-Miss: 2.0655 | Val Max Q-Miss: 1.0963 | Val Max Gen Viol: 0.0000 | Val Max Thermal: 0.1974
Epoch 2780 | Val Loss: 924.1884 | Val Cost: 54468.68 | Val Max P-Miss: 2.7990 | Val Max Q-Miss: 1.0213 | Val Max Gen Viol: 0.0000 | Val Max Thermal: 0.3394
Epoch 2790 | Val Loss: 895.7945 | Val Cost: 53576.22 | Val Max P-Miss: 2.6106 | Val Max Q-Miss: 1.0360 | Val Max Gen Viol: 0.0000 | Val Max Thermal: 0.3804
Epoch 2800 | Val Loss: 842.9779 | Val Cost: 52994.65 | Val Max P-Miss: 2.3585 | Val Max Q-Miss: 1.0272 | Val Max Gen Viol: 0.0000 | Val Max Thermal: 0.3707
Epoch 2810 | Val Loss: 826.1081 | Val Cost: 52408.14 | Val Max P-Miss: 2.3405 | Val Max Q-Miss: 0.9412 | Val Max Gen Viol: 0.0000 | Val Max Thermal: 0.3713
Epoch 2820 | Val Loss: 774.8444 | Val Cost: 51782.23 | Val Max P-Miss: 2.0440 | Val Max Q-Miss: 0.9506 | Val Max Gen Viol: 0.0000 | Val Max Thermal: 0.3475
Epoch 2830 | Val Loss: 784.6193 | Val Cost: 51969.12 | Val Max P-Miss: 2.2439 | Val Max Q-Miss: 1.1023 | Val Max Gen Viol: 0.0000 | Val Max Thermal: 0.3840
Epoch 2840 | Val Loss: 898.9151 | Val Cost: 52033.89 | Val Max P-Miss: 2.5981 | Val Max Q-Miss: 1.1069 | Val Max Gen Viol: 0.0000 | Val Max Thermal: 0.3933
Epoch 2850 | Val Loss: 795.6016 | Val Cost: 51938.01 | Val Max P-Miss: 2.2482 | Val Max Q-Miss: 1.0676 | Val Max Gen Viol: 0.0000 | Val Max Thermal: 0.3476
Epoch 2860 | Val Loss: 828.1550 | Val Cost: 52133.31 | Val Max P-Miss: 2.2757 | Val Max Q-Miss: 1.0671 | Val Max Gen Viol: 0.0000 | Val Max Thermal: 0.3498
Epoch 2870 | Val Loss: 1010.7528 | Val Cost: 56448.81 | Val Max P-Miss: 2.1731 | Val Max Q-Miss: 1.6921 | Val Max Gen Viol: 0.0000 | Val Max Thermal: 0.2326
Epoch 2880 | Val Loss: 991.8319 | Val Cost: 54848.95 | Val Max P-Miss: 1.2635 | Val Max Q-Miss: 1.0115 | Val Max Gen Viol: 0.0000 | Val Max Thermal: 1.0591
Epoch 2890 | Val Loss: 901.7401 | Val Cost: 49155.51 | Val Max P-Miss: 1.7333 | Val Max Q-Miss: 1.0553 | Val Max Gen Viol: 0.0000 | Val Max Thermal: 0.3318
Epoch 2900 | Val Loss: 909.4773 | Val Cost: 50532.29 | Val Max P-Miss: 1.4117 | Val Max Q-Miss: 1.1595 | Val Max Gen Viol: 0.0000 | Val Max Thermal: 0.5391
Epoch 2910 | Val Loss: 911.4380 | Val Cost: 50389.66 | Val Max P-Miss: 2.2733 | Val Max Q-Miss: 1.1089 | Val Max Gen Viol: 0.0000 | Val Max Thermal: 0.4840
Epoch 2920 | Val Loss: 760.5150 | Val Cost: 53269.84 | Val Max P-Miss: 2.0028 | Val Max Q-Miss: 1.1053 | Val Max Gen Viol: 0.0000 | Val Max Thermal: 0.4345
Epoch 2930 | Val Loss: 906.8772 | Val Cost: 51885.59 | Val Max P-Miss: 2.7686 | Val Max Q-Miss: 1.0625 | Val Max Gen Viol: 0.0000 | Val Max Thermal: 0.3769
Epoch 2940 | Val Loss: 881.1374 | Val Cost: 51782.13 | Val Max P-Miss: 2.6889 | Val Max Q-Miss: 1.0824 | Val Max Gen Viol: 0.0000 | Val Max Thermal: 0.3697
Epoch 2950 | Val Loss: 803.6388 | Val Cost: 51729.98 | Val Max P-Miss: 2.3597 | Val Max Q-Miss: 1.1507 | Val Max Gen Viol: 0.0000 | Val Max Thermal: 0.3576
Epoch 2960 | Val Loss: 822.1608 | Val Cost: 51763.51 | Val Max P-Miss: 2.3792 | Val Max Q-Miss: 1.0738 | Val Max Gen Viol: 0.0000 | Val Max Thermal: 0.3936
Epoch 2970 | Val Loss: 794.4833 | Val Cost: 51526.50 | Val Max P-Miss: 2.3352 | Val Max Q-Miss: 1.0189 | Val Max Gen Viol: 0.0000 | Val Max Thermal: 0.4093
Epoch 2980 | Val Loss: 798.2582 | Val Cost: 52027.29 | Val Max P-Miss: 2.2734 | Val Max Q-Miss: 1.0763 | Val Max Gen Viol: 0.0000 | Val Max Thermal: 0.3686
Epoch 2990 | Val Loss: 761.2443 | Val Cost: 51975.48 | Val Max P-Miss: 2.1353 | Val Max Q-Miss: 1.0524 | Val Max Gen Viol: 0.0000 | Val Max Thermal: 0.3499
Epoch 3000 | Val Loss: 1083.2799 | Val Cost: 49148.32 | Val Max P-Miss: 2.2465 | Val Max Q-Miss: 1.9304 | Val Max Gen Viol: 0.0000 | Val Max Thermal: 0.5257
Epoch 3010 | Val Loss: 1660.9291 | Val Cost: 51714.99 | Val Max P-Miss: 2.2168 | Val Max Q-Miss: 0.9693 | Val Max Gen Viol: 0.0000 | Val Max Thermal: 0.3953
Epoch 3020 | Val Loss: 1157.7432 | Val Cost: 46980.22 | Val Max P-Miss: 2.2452 | Val Max Q-Miss: 1.2453 | Val Max Gen Viol: 0.0000 | Val Max Thermal: 0.5022
Epoch 3030 | Val Loss: 1292.5619 | Val Cost: 48931.44 | Val Max P-Miss: 2.6539 | Val Max Q-Miss: 1.3894 | Val Max Gen Viol: 0.0000 | Val Max Thermal: 0.4459
Epoch 3040 | Val Loss: 937.8887 | Val Cost: 55480.01 | Val Max P-Miss: 1.7414 | Val Max Q-Miss: 1.0263 | Val Max Gen Viol: 0.0000 | Val Max Thermal: 0.7459
Epoch 3050 | Val Loss: 827.5028 | Val Cost: 52457.60 | Val Max P-Miss: 2.0845 | Val Max Q-Miss: 1.0810 | Val Max Gen Viol: 0.0000 | Val Max Thermal: 0.6299
Epoch 3060 | Val Loss: 804.8180 | Val Cost: 51780.93 | Val Max P-Miss: 2.2486 | Val Max Q-Miss: 1.0898 | Val Max Gen Viol: 0.0000 | Val Max Thermal: 0.3611
Epoch 3070 | Val Loss: 823.7483 | Val Cost: 51633.48 | Val Max P-Miss: 2.3179 | Val Max Q-Miss: 1.0695 | Val Max Gen Viol: 0.0000 | Val Max Thermal: 0.3431
Epoch 3080 | Val Loss: 809.9009 | Val Cost: 51758.59 | Val Max P-Miss: 2.3133 | Val Max Q-Miss: 1.0658 | Val Max Gen Viol: 0.0000 | Val Max Thermal: 0.3542
Epoch 3090 | Val Loss: 745.0441 | Val Cost: 51660.53 | Val Max P-Miss: 2.3119 | Val Max Q-Miss: 1.0613 | Val Max Gen Viol: 0.0000 | Val Max Thermal: 0.3556
Epoch 3100 | Val Loss: 1139.1664 | Val Cost: 54367.79 | Val Max P-Miss: 2.0757 | Val Max Q-Miss: 1.1278 | Val Max Gen Viol: 0.0000 | Val Max Thermal: 2.2475
Epoch 3110 | Val Loss: 847.3735 | Val Cost: 49014.51 | Val Max P-Miss: 1.8643 | Val Max Q-Miss: 0.9779 | Val Max Gen Viol: 0.0000 | Val Max Thermal: 0.7435
Epoch 3120 | Val Loss: 886.6866 | Val Cost: 50673.68 | Val Max P-Miss: 2.0146 | Val Max Q-Miss: 1.2211 | Val Max Gen Viol: 0.0000 | Val Max Thermal: 0.4911
Epoch 3130 | Val Loss: 879.0817 | Val Cost: 52159.47 | Val Max P-Miss: 1.6028 | Val Max Q-Miss: 0.9710 | Val Max Gen Viol: 0.0000 | Val Max Thermal: 0.4371
Epoch 3140 | Val Loss: 794.4379 | Val Cost: 50167.70 | Val Max P-Miss: 1.3062 | Val Max Q-Miss: 1.1338 | Val Max Gen Viol: 0.0000 | Val Max Thermal: 0.1533
Epoch 3150 | Val Loss: 1013.7492 | Val Cost: 50996.58 | Val Max P-Miss: 2.8938 | Val Max Q-Miss: 1.3485 | Val Max Gen Viol: 0.0000 | Val Max Thermal: 0.3868
Epoch 3160 | Val Loss: 913.2569 | Val Cost: 52272.60 | Val Max P-Miss: 1.7427 | Val Max Q-Miss: 1.0179 | Val Max Gen Viol: 0.0000 | Val Max Thermal: 0.3131
Epoch 3170 | Val Loss: 862.8742 | Val Cost: 53527.36 | Val Max P-Miss: 2.2322 | Val Max Q-Miss: 1.2780 | Val Max Gen Viol: 0.0000 | Val Max Thermal: 0.5434
Epoch 3180 | Val Loss: 727.7947 | Val Cost: 50421.63 | Val Max P-Miss: 1.7519 | Val Max Q-Miss: 1.1988 | Val Max Gen Viol: 0.0000 | Val Max Thermal: 0.4025
Epoch 3190 | Val Loss: 1070.7129 | Val Cost: 49259.51 | Val Max P-Miss: 2.9509 | Val Max Q-Miss: 1.1819 | Val Max Gen Viol: 0.0000 | Val Max Thermal: 0.2318
Epoch 3200 | Val Loss: 894.5679 | Val Cost: 52004.63 | Val Max P-Miss: 2.7653 | Val Max Q-Miss: 1.0660 | Val Max Gen Viol: 0.0000 | Val Max Thermal: 0.3837
Epoch 3210 | Val Loss: 854.5055 | Val Cost: 52127.68 | Val Max P-Miss: 2.4709 | Val Max Q-Miss: 1.0142 | Val Max Gen Viol: 0.0000 | Val Max Thermal: 0.3655
Epoch 3220 | Val Loss: 834.1456 | Val Cost: 51939.62 | Val Max P-Miss: 2.4831 | Val Max Q-Miss: 0.9818 | Val Max Gen Viol: 0.0000 | Val Max Thermal: 0.3633
Epoch 3230 | Val Loss: 817.2147 | Val Cost: 51600.02 | Val Max P-Miss: 2.2197 | Val Max Q-Miss: 0.9683 | Val Max Gen Viol: 0.0000 | Val Max Thermal: 0.3854
Epoch 3240 | Val Loss: 774.2850 | Val Cost: 51214.80 | Val Max P-Miss: 1.9500 | Val Max Q-Miss: 0.9414 | Val Max Gen Viol: 0.0000 | Val Max Thermal: 0.3662
Epoch 3250 | Val Loss: 788.3374 | Val Cost: 50628.98 | Val Max P-Miss: 2.1265 | Val Max Q-Miss: 0.9999 | Val Max Gen Viol: 0.0000 | Val Max Thermal: 0.3897
Epoch 3260 | Val Loss: 776.6594 | Val Cost: 50786.20 | Val Max P-Miss: 2.0627 | Val Max Q-Miss: 0.9911 | Val Max Gen Viol: 0.0000 | Val Max Thermal: 0.3925
Epoch 3270 | Val Loss: 756.6087 | Val Cost: 51053.39 | Val Max P-Miss: 1.9916 | Val Max Q-Miss: 0.9892 | Val Max Gen Viol: 0.0000 | Val Max Thermal: 0.3859
Epoch 3280 | Val Loss: 783.4548 | Val Cost: 51830.40 | Val Max P-Miss: 2.2963 | Val Max Q-Miss: 1.1004 | Val Max Gen Viol: 0.0000 | Val Max Thermal: 0.3707
Epoch 3290 | Val Loss: 830.5231 | Val Cost: 52155.20 | Val Max P-Miss: 2.5472 | Val Max Q-Miss: 1.0329 | Val Max Gen Viol: 0.0000 | Val Max Thermal: 0.6532
Epoch 3300 | Val Loss: 799.6063 | Val Cost: 52195.15 | Val Max P-Miss: 2.4175 | Val Max Q-Miss: 1.0980 | Val Max Gen Viol: 0.0000 | Val Max Thermal: 0.3596
Epoch 3310 | Val Loss: 824.8948 | Val Cost: 52491.68 | Val Max P-Miss: 2.5867 | Val Max Q-Miss: 1.0714 | Val Max Gen Viol: 0.0000 | Val Max Thermal: 0.3845
Epoch 3320 | Val Loss: 761.1354 | Val Cost: 52421.85 | Val Max P-Miss: 2.3151 | Val Max Q-Miss: 1.0198 | Val Max Gen Viol: 0.0000 | Val Max Thermal: 0.3347
Epoch 3330 | Val Loss: 835.5896 | Val Cost: 52516.20 | Val Max P-Miss: 2.5894 | Val Max Q-Miss: 1.1019 | Val Max Gen Viol: 0.0000 | Val Max Thermal: 0.3640
Epoch 3340 | Val Loss: 734.2736 | Val Cost: 52728.04 | Val Max P-Miss: 2.2082 | Val Max Q-Miss: 1.0322 | Val Max Gen Viol: 0.0000 | Val Max Thermal: 0.4245
Epoch 3350 | Val Loss: 1257.2714 | Val Cost: 52759.06 | Val Max P-Miss: 2.1077 | Val Max Q-Miss: 1.5229 | Val Max Gen Viol: 0.0000 | Val Max Thermal: 1.0286
Epoch 3360 | Val Loss: 1615.3588 | Val Cost: 53429.80 | Val Max P-Miss: 3.5855 | Val Max Q-Miss: 1.1906 | Val Max Gen Viol: 0.0000 | Val Max Thermal: 0.3917
Epoch 3370 | Val Loss: 966.1300 | Val Cost: 51866.07 | Val Max P-Miss: 1.8952 | Val Max Q-Miss: 1.2131 | Val Max Gen Viol: 0.0000 | Val Max Thermal: 0.7572
Epoch 3380 | Val Loss: 867.7830 | Val Cost: 51053.31 | Val Max P-Miss: 2.0544 | Val Max Q-Miss: 1.2122 | Val Max Gen Viol: 0.0000 | Val Max Thermal: 1.4252
Epoch 3390 | Val Loss: 901.6614 | Val Cost: 52564.99 | Val Max P-Miss: 1.4717 | Val Max Q-Miss: 0.9711 | Val Max Gen Viol: 0.0000 | Val Max Thermal: 0.6039
Epoch 3400 | Val Loss: 1267.1255 | Val Cost: 52566.42 | Val Max P-Miss: 2.6615 | Val Max Q-Miss: 0.9502 | Val Max Gen Viol: 0.0000 | Val Max Thermal: 0.6096
Epoch 3410 | Val Loss: 957.3283 | Val Cost: 53090.89 | Val Max P-Miss: 1.8907 | Val Max Q-Miss: 1.1336 | Val Max Gen Viol: 0.0000 | Val Max Thermal: 0.5411
Epoch 3420 | Val Loss: 651.0892 | Val Cost: 52813.08 | Val Max P-Miss: 1.4313 | Val Max Q-Miss: 1.0710 | Val Max Gen Viol: 0.0000 | Val Max Thermal: 0.3698 [*SAVED BEST*]
Epoch 3430 | Val Loss: 645.7815 | Val Cost: 52571.82 | Val Max P-Miss: 1.3251 | Val Max Q-Miss: 1.1187 | Val Max Gen Viol: 0.0000 | Val Max Thermal: 0.3314 [*SAVED BEST*]
Epoch 3440 | Val Loss: 667.3163 | Val Cost: 52407.39 | Val Max P-Miss: 1.4259 | Val Max Q-Miss: 1.1001 | Val Max Gen Viol: 0.0000 | Val Max Thermal: 0.2690
Epoch 3450 | Val Loss: 653.9366 | Val Cost: 52199.20 | Val Max P-Miss: 1.4926 | Val Max Q-Miss: 1.1386 | Val Max Gen Viol: 0.0000 | Val Max Thermal: 0.2443
Epoch 3460 | Val Loss: 621.5700 | Val Cost: 52134.41 | Val Max P-Miss: 1.3339 | Val Max Q-Miss: 1.0717 | Val Max Gen Viol: 0.0000 | Val Max Thermal: 0.4115 [*SAVED BEST*]
Epoch 3470 | Val Loss: 953.4513 | Val Cost: 49475.20 | Val Max P-Miss: 2.4032 | Val Max Q-Miss: 1.3377 | Val Max Gen Viol: 0.0000 | Val Max Thermal: 0.3009
Epoch 3480 | Val Loss: 1081.8087 | Val Cost: 51808.41 | Val Max P-Miss: 2.8028 | Val Max Q-Miss: 1.2801 | Val Max Gen Viol: 0.0000 | Val Max Thermal: 0.3663
Epoch 3490 | Val Loss: 1028.1939 | Val Cost: 51074.11 | Val Max P-Miss: 2.1762 | Val Max Q-Miss: 1.1521 | Val Max Gen Viol: 0.0000 | Val Max Thermal: 0.5328
Epoch 3500 | Val Loss: 668.6219 | Val Cost: 52224.93 | Val Max P-Miss: 1.7420 | Val Max Q-Miss: 1.0560 | Val Max Gen Viol: 0.0000 | Val Max Thermal: 0.2519
Epoch 3510 | Val Loss: 770.6565 | Val Cost: 51882.57 | Val Max P-Miss: 2.4160 | Val Max Q-Miss: 1.0841 | Val Max Gen Viol: 0.0000 | Val Max Thermal: 0.3822
Epoch 3520 | Val Loss: 821.5790 | Val Cost: 51853.06 | Val Max P-Miss: 2.5881 | Val Max Q-Miss: 1.0825 | Val Max Gen Viol: 0.0000 | Val Max Thermal: 0.3643
Epoch 3530 | Val Loss: 767.3600 | Val Cost: 51752.72 | Val Max P-Miss: 2.3090 | Val Max Q-Miss: 1.1384 | Val Max Gen Viol: 0.0000 | Val Max Thermal: 0.4028
Epoch 3540 | Val Loss: 1144.2955 | Val Cost: 51133.36 | Val Max P-Miss: 1.9012 | Val Max Q-Miss: 1.5878 | Val Max Gen Viol: 0.0000 | Val Max Thermal: 1.1807
Epoch 3550 | Val Loss: 989.8301 | Val Cost: 53239.95 | Val Max P-Miss: 3.1162 | Val Max Q-Miss: 1.0722 | Val Max Gen Viol: 0.0000 | Val Max Thermal: 0.7288
Epoch 3560 | Val Loss: 869.7253 | Val Cost: 51258.54 | Val Max P-Miss: 1.3754 | Val Max Q-Miss: 1.0162 | Val Max Gen Viol: 0.0000 | Val Max Thermal: 0.5600
Epoch 3570 | Val Loss: 725.0590 | Val Cost: 52307.51 | Val Max P-Miss: 1.5555 | Val Max Q-Miss: 1.0375 | Val Max Gen Viol: 0.0000 | Val Max Thermal: 0.2915
Epoch 3580 | Val Loss: 912.0935 | Val Cost: 50468.38 | Val Max P-Miss: 2.1890 | Val Max Q-Miss: 1.2741 | Val Max Gen Viol: 0.0000 | Val Max Thermal: 0.3540
Epoch 3590 | Val Loss: 941.0203 | Val Cost: 51584.84 | Val Max P-Miss: 1.2916 | Val Max Q-Miss: 1.2200 | Val Max Gen Viol: 0.0000 | Val Max Thermal: 0.2538
Epoch 3600 | Val Loss: 696.1388 | Val Cost: 52614.71 | Val Max P-Miss: 1.5492 | Val Max Q-Miss: 1.1691 | Val Max Gen Viol: 0.0000 | Val Max Thermal: 0.3280
Epoch 3610 | Val Loss: 637.7370 | Val Cost: 51874.21 | Val Max P-Miss: 1.4277 | Val Max Q-Miss: 1.1206 | Val Max Gen Viol: 0.0000 | Val Max Thermal: 0.3659
Epoch 3620 | Val Loss: 660.1998 | Val Cost: 51997.38 | Val Max P-Miss: 1.5574 | Val Max Q-Miss: 1.1246 | Val Max Gen Viol: 0.0000 | Val Max Thermal: 0.3300
Epoch 3630 | Val Loss: 608.1461 | Val Cost: 51874.00 | Val Max P-Miss: 1.3056 | Val Max Q-Miss: 1.0791 | Val Max Gen Viol: 0.0000 | Val Max Thermal: 0.3695 [*SAVED BEST*]
Epoch 3640 | Val Loss: 628.6134 | Val Cost: 51837.16 | Val Max P-Miss: 1.3994 | Val Max Q-Miss: 1.1166 | Val Max Gen Viol: 0.0000 | Val Max Thermal: 0.3782
Epoch 3650 | Val Loss: 844.6366 | Val Cost: 48091.23 | Val Max P-Miss: 3.0430 | Val Max Q-Miss: 1.2165 | Val Max Gen Viol: 0.0000 | Val Max Thermal: 0.4535
Epoch 3660 | Val Loss: 878.9228 | Val Cost: 49602.52 | Val Max P-Miss: 2.8877 | Val Max Q-Miss: 1.6631 | Val Max Gen Viol: 0.0000 | Val Max Thermal: 0.4614
Epoch 3670 | Val Loss: 956.7472 | Val Cost: 46973.50 | Val Max P-Miss: 2.6586 | Val Max Q-Miss: 1.5883 | Val Max Gen Viol: 0.0000 | Val Max Thermal: 0.7148
Epoch 3680 | Val Loss: 867.0050 | Val Cost: 49659.60 | Val Max P-Miss: 1.7151 | Val Max Q-Miss: 1.2175 | Val Max Gen Viol: 0.0000 | Val Max Thermal: 0.3435
Epoch 3690 | Val Loss: 914.0531 | Val Cost: 46413.03 | Val Max P-Miss: 2.0045 | Val Max Q-Miss: 1.1133 | Val Max Gen Viol: 0.0000 | Val Max Thermal: 0.1382
Epoch 3700 | Val Loss: 815.8443 | Val Cost: 49985.64 | Val Max P-Miss: 1.8830 | Val Max Q-Miss: 1.2521 | Val Max Gen Viol: 0.0000 | Val Max Thermal: 0.4251
Epoch 3710 | Val Loss: 986.5446 | Val Cost: 54030.90 | Val Max P-Miss: 1.9599 | Val Max Q-Miss: 1.0552 | Val Max Gen Viol: 0.0000 | Val Max Thermal: 2.6918
Epoch 3720 | Val Loss: 760.2854 | Val Cost: 51280.18 | Val Max P-Miss: 2.5715 | Val Max Q-Miss: 1.4361 | Val Max Gen Viol: 0.0000 | Val Max Thermal: 0.3692
Epoch 3730 | Val Loss: 717.7457 | Val Cost: 47632.17 | Val Max P-Miss: 2.4888 | Val Max Q-Miss: 1.4150 | Val Max Gen Viol: 0.0000 | Val Max Thermal: 0.2958
Epoch 3740 | Val Loss: 1076.5579 | Val Cost: 50556.43 | Val Max P-Miss: 2.5705 | Val Max Q-Miss: 1.1754 | Val Max Gen Viol: 0.0000 | Val Max Thermal: 0.3298
Epoch 3750 | Val Loss: 852.4967 | Val Cost: 51806.23 | Val Max P-Miss: 2.8474 | Val Max Q-Miss: 1.0584 | Val Max Gen Viol: 0.0000 | Val Max Thermal: 0.3884
Epoch 3760 | Val Loss: 775.4874 | Val Cost: 51521.23 | Val Max P-Miss: 2.6652 | Val Max Q-Miss: 1.1106 | Val Max Gen Viol: 0.0000 | Val Max Thermal: 0.3579
Epoch 3770 | Val Loss: 741.7491 | Val Cost: 51334.09 | Val Max P-Miss: 2.4686 | Val Max Q-Miss: 1.0912 | Val Max Gen Viol: 0.0000 | Val Max Thermal: 0.3788
Epoch 3780 | Val Loss: 702.6965 | Val Cost: 51004.14 | Val Max P-Miss: 2.3070 | Val Max Q-Miss: 1.0169 | Val Max Gen Viol: 0.0000 | Val Max Thermal: 0.3964
Epoch 3790 | Val Loss: 769.4715 | Val Cost: 50617.57 | Val Max P-Miss: 2.1247 | Val Max Q-Miss: 1.0041 | Val Max Gen Viol: 0.0000 | Val Max Thermal: 0.3703
Epoch 3800 | Val Loss: 706.3664 | Val Cost: 50789.48 | Val Max P-Miss: 2.2639 | Val Max Q-Miss: 1.0072 | Val Max Gen Viol: 0.0000 | Val Max Thermal: 0.3894
Epoch 3810 | Val Loss: 664.7640 | Val Cost: 51000.61 | Val Max P-Miss: 2.0925 | Val Max Q-Miss: 1.0958 | Val Max Gen Viol: 0.0000 | Val Max Thermal: 0.3524
Epoch 3820 | Val Loss: 736.2230 | Val Cost: 51596.50 | Val Max P-Miss: 2.5268 | Val Max Q-Miss: 1.0941 | Val Max Gen Viol: 0.0000 | Val Max Thermal: 0.3478
Epoch 3830 | Val Loss: 699.1676 | Val Cost: 51722.47 | Val Max P-Miss: 2.3540 | Val Max Q-Miss: 1.1237 | Val Max Gen Viol: 0.0000 | Val Max Thermal: 0.3100
Epoch 3840 | Val Loss: 682.6499 | Val Cost: 51738.47 | Val Max P-Miss: 1.9806 | Val Max Q-Miss: 1.0554 | Val Max Gen Viol: 0.0000 | Val Max Thermal: 0.3856
Epoch 3850 | Val Loss: 659.1736 | Val Cost: 51986.55 | Val Max P-Miss: 2.1367 | Val Max Q-Miss: 0.9963 | Val Max Gen Viol: 0.0000 | Val Max Thermal: 0.3311
Epoch 3860 | Val Loss: 682.6391 | Val Cost: 52037.49 | Val Max P-Miss: 2.3980 | Val Max Q-Miss: 1.1031 | Val Max Gen Viol: 0.0000 | Val Max Thermal: 0.2832
Epoch 3870 | Val Loss: 1933.1836 | Val Cost: 52145.25 | Val Max P-Miss: 3.1674 | Val Max Q-Miss: 2.2722 | Val Max Gen Viol: 0.0000 | Val Max Thermal: 0.2994
Epoch 3880 | Val Loss: 1176.0930 | Val Cost: 53620.07 | Val Max P-Miss: 2.0046 | Val Max Q-Miss: 1.1945 | Val Max Gen Viol: 0.0000 | Val Max Thermal: 3.5326
Epoch 3890 | Val Loss: 826.3127 | Val Cost: 52280.57 | Val Max P-Miss: 1.4600 | Val Max Q-Miss: 1.1208 | Val Max Gen Viol: 0.0000 | Val Max Thermal: 0.5063
Epoch 3900 | Val Loss: 879.5022 | Val Cost: 52458.35 | Val Max P-Miss: 1.8528 | Val Max Q-Miss: 1.2880 | Val Max Gen Viol: 0.0000 | Val Max Thermal: 0.4306
Epoch 3910 | Val Loss: 1211.7705 | Val Cost: 50807.51 | Val Max P-Miss: 3.1812 | Val Max Q-Miss: 1.4802 | Val Max Gen Viol: 0.0000 | Val Max Thermal: 0.9041
Epoch 3920 | Val Loss: 644.0986 | Val Cost: 52820.49 | Val Max P-Miss: 1.3004 | Val Max Q-Miss: 1.0990 | Val Max Gen Viol: 0.0000 | Val Max Thermal: 0.2909
Epoch 3930 | Val Loss: 607.9847 | Val Cost: 52518.39 | Val Max P-Miss: 1.1873 | Val Max Q-Miss: 1.0970 | Val Max Gen Viol: 0.0000 | Val Max Thermal: 0.2748 [*SAVED BEST*]
Epoch 3940 | Val Loss: 619.5986 | Val Cost: 52460.57 | Val Max P-Miss: 1.2364 | Val Max Q-Miss: 1.1293 | Val Max Gen Viol: 0.0000 | Val Max Thermal: 0.3414
Epoch 3950 | Val Loss: 633.2461 | Val Cost: 52402.49 | Val Max P-Miss: 1.3228 | Val Max Q-Miss: 1.1264 | Val Max Gen Viol: 0.0000 | Val Max Thermal: 0.3559
Epoch 3960 | Val Loss: 632.6627 | Val Cost: 52377.51 | Val Max P-Miss: 1.2551 | Val Max Q-Miss: 1.0997 | Val Max Gen Viol: 0.0000 | Val Max Thermal: 0.2755
Epoch 3970 | Val Loss: 640.4435 | Val Cost: 52434.66 | Val Max P-Miss: 1.2056 | Val Max Q-Miss: 1.1032 | Val Max Gen Viol: 0.0000 | Val Max Thermal: 0.2880
Epoch 3980 | Val Loss: 730.2778 | Val Cost: 52050.21 | Val Max P-Miss: 1.4945 | Val Max Q-Miss: 1.1066 | Val Max Gen Viol: 0.0000 | Val Max Thermal: 0.2865
Epoch 3990 | Val Loss: 1019.9248 | Val Cost: 52080.90 | Val Max P-Miss: 1.7606 | Val Max Q-Miss: 1.2883 | Val Max Gen Viol: 0.0000 | Val Max Thermal: 0.7595
Epoch 4000 | Val Loss: 839.5588 | Val Cost: 51843.23 | Val Max P-Miss: 1.5395 | Val Max Q-Miss: 1.1492 | Val Max Gen Viol: 0.0000 | Val Max Thermal: 0.4306
Epoch 4010 | Val Loss: 2221.3245 | Val Cost: 47150.15 | Val Max P-Miss: 4.7866 | Val Max Q-Miss: 2.6435 | Val Max Gen Viol: 0.0000 | Val Max Thermal: 3.1915
Epoch 4020 | Val Loss: 853.1661 | Val Cost: 52550.54 | Val Max P-Miss: 1.8294 | Val Max Q-Miss: 1.0630 | Val Max Gen Viol: 0.0000 | Val Max Thermal: 1.0868
Epoch 4030 | Val Loss: 796.4918 | Val Cost: 51399.67 | Val Max P-Miss: 1.7674 | Val Max Q-Miss: 1.2870 | Val Max Gen Viol: 0.0000 | Val Max Thermal: 0.0995
Epoch 4040 | Val Loss: 661.4531 | Val Cost: 51985.78 | Val Max P-Miss: 1.5463 | Val Max Q-Miss: 1.0973 | Val Max Gen Viol: 0.0000 | Val Max Thermal: 0.4015
Epoch 4050 | Val Loss: 605.1717 | Val Cost: 51815.88 | Val Max P-Miss: 1.4179 | Val Max Q-Miss: 1.0409 | Val Max Gen Viol: 0.0000 | Val Max Thermal: 0.3555 [*SAVED BEST*]
Epoch 4060 | Val Loss: 613.0479 | Val Cost: 51788.70 | Val Max P-Miss: 1.5503 | Val Max Q-Miss: 1.1121 | Val Max Gen Viol: 0.0000 | Val Max Thermal: 0.3790
Epoch 4070 | Val Loss: 642.9437 | Val Cost: 51698.59 | Val Max P-Miss: 1.5303 | Val Max Q-Miss: 1.1009 | Val Max Gen Viol: 0.0000 | Val Max Thermal: 0.4028
Epoch 4080 | Val Loss: 664.8316 | Val Cost: 51463.97 | Val Max P-Miss: 1.5428 | Val Max Q-Miss: 1.0860 | Val Max Gen Viol: 0.0000 | Val Max Thermal: 0.5078
Epoch 4090 | Val Loss: 714.0808 | Val Cost: 51491.02 | Val Max P-Miss: 1.5889 | Val Max Q-Miss: 1.0952 | Val Max Gen Viol: 0.0000 | Val Max Thermal: 0.4638
Epoch 4100 | Val Loss: 645.2225 | Val Cost: 51723.30 | Val Max P-Miss: 1.3190 | Val Max Q-Miss: 1.0993 | Val Max Gen Viol: 0.0000 | Val Max Thermal: 0.4650
Epoch 4110 | Val Loss: 882.3647 | Val Cost: 44597.40 | Val Max P-Miss: 1.9269 | Val Max Q-Miss: 1.2428 | Val Max Gen Viol: 0.0000 | Val Max Thermal: 0.4345
Epoch 4120 | Val Loss: 924.8911 | Val Cost: 51867.28 | Val Max P-Miss: 1.3868 | Val Max Q-Miss: 1.1061 | Val Max Gen Viol: 0.0000 | Val Max Thermal: 0.5685
Epoch 4130 | Val Loss: 948.4803 | Val Cost: 52265.86 | Val Max P-Miss: 1.9202 | Val Max Q-Miss: 0.9805 | Val Max Gen Viol: 0.0000 | Val Max Thermal: 0.4923
Epoch 4140 | Val Loss: 914.5204 | Val Cost: 50511.57 | Val Max P-Miss: 1.5869 | Val Max Q-Miss: 1.1230 | Val Max Gen Viol: 0.0000 | Val Max Thermal: 0.4388
Epoch 4150 | Val Loss: 776.3424 | Val Cost: 49248.59 | Val Max P-Miss: 1.2713 | Val Max Q-Miss: 0.9976 | Val Max Gen Viol: 0.0000 | Val Max Thermal: 0.5168
Epoch 4160 | Val Loss: 707.5313 | Val Cost: 49090.39 | Val Max P-Miss: 1.2048 | Val Max Q-Miss: 1.2368 | Val Max Gen Viol: 0.0000 | Val Max Thermal: 0.3315
Epoch 4170 | Val Loss: 721.7358 | Val Cost: 51921.21 | Val Max P-Miss: 2.1662 | Val Max Q-Miss: 1.0381 | Val Max Gen Viol: 0.0000 | Val Max Thermal: 0.3645
Epoch 4180 | Val Loss: 735.8843 | Val Cost: 51927.12 | Val Max P-Miss: 2.4154 | Val Max Q-Miss: 1.0162 | Val Max Gen Viol: 0.0000 | Val Max Thermal: 0.3641
Epoch 4190 | Val Loss: 725.1739 | Val Cost: 51853.86 | Val Max P-Miss: 2.3668 | Val Max Q-Miss: 1.0162 | Val Max Gen Viol: 0.0000 | Val Max Thermal: 0.3856
Epoch 4200 | Val Loss: 689.9260 | Val Cost: 51897.95 | Val Max P-Miss: 2.4407 | Val Max Q-Miss: 1.0706 | Val Max Gen Viol: 0.0000 | Val Max Thermal: 0.3732
Epoch 4210 | Val Loss: 706.4144 | Val Cost: 51892.45 | Val Max P-Miss: 2.4879 | Val Max Q-Miss: 1.0523 | Val Max Gen Viol: 0.0000 | Val Max Thermal: 0.3534
Epoch 4220 | Val Loss: 711.9218 | Val Cost: 51807.66 | Val Max P-Miss: 2.2416 | Val Max Q-Miss: 1.0739 | Val Max Gen Viol: 0.0000 | Val Max Thermal: 0.3655
Epoch 4230 | Val Loss: 1035.7544 | Val Cost: 47897.88 | Val Max P-Miss: 2.9709 | Val Max Q-Miss: 1.5958 | Val Max Gen Viol: 0.0000 | Val Max Thermal: 0.3621
Epoch 4240 | Val Loss: 650.4203 | Val Cost: 44880.33 | Val Max P-Miss: 1.4206 | Val Max Q-Miss: 1.2761 | Val Max Gen Viol: 0.0000 | Val Max Thermal: 1.4862
Epoch 4250 | Val Loss: 1362.3573 | Val Cost: 45711.75 | Val Max P-Miss: 3.8902 | Val Max Q-Miss: 1.1733 | Val Max Gen Viol: 0.0000 | Val Max Thermal: 0.9076
Epoch 4260 | Val Loss: 1348.3288 | Val Cost: 50027.19 | Val Max P-Miss: 2.2628 | Val Max Q-Miss: 1.3349 | Val Max Gen Viol: 0.0000 | Val Max Thermal: 0.4513
Epoch 4270 | Val Loss: 957.7438 | Val Cost: 50389.45 | Val Max P-Miss: 2.1368 | Val Max Q-Miss: 1.1646 | Val Max Gen Viol: 0.0000 | Val Max Thermal: 0.8019
Epoch 4280 | Val Loss: 693.8335 | Val Cost: 49845.97 | Val Max P-Miss: 1.7828 | Val Max Q-Miss: 1.2791 | Val Max Gen Viol: 0.0000 | Val Max Thermal: 0.3491
Epoch 4290 | Val Loss: 765.9241 | Val Cost: 52948.43 | Val Max P-Miss: 1.6588 | Val Max Q-Miss: 0.9944 | Val Max Gen Viol: 0.0000 | Val Max Thermal: 0.4705
Epoch 4300 | Val Loss: 992.7605 | Val Cost: 51969.40 | Val Max P-Miss: 2.3680 | Val Max Q-Miss: 1.1583 | Val Max Gen Viol: 0.0000 | Val Max Thermal: 0.8294
Epoch 4310 | Val Loss: 821.2366 | Val Cost: 52122.41 | Val Max P-Miss: 2.7064 | Val Max Q-Miss: 1.0560 | Val Max Gen Viol: 0.0000 | Val Max Thermal: 0.4177
Epoch 4320 | Val Loss: 786.8770 | Val Cost: 51853.08 | Val Max P-Miss: 2.6103 | Val Max Q-Miss: 1.0447 | Val Max Gen Viol: 0.0000 | Val Max Thermal: 0.3796
Epoch 4330 | Val Loss: 766.1995 | Val Cost: 51771.02 | Val Max P-Miss: 2.4355 | Val Max Q-Miss: 1.0630 | Val Max Gen Viol: 0.0000 | Val Max Thermal: 0.3502
Epoch 4340 | Val Loss: 663.0759 | Val Cost: 51664.88 | Val Max P-Miss: 2.0013 | Val Max Q-Miss: 1.0478 | Val Max Gen Viol: 0.0000 | Val Max Thermal: 0.3321
Epoch 4350 | Val Loss: 760.5745 | Val Cost: 51729.23 | Val Max P-Miss: 2.5525 | Val Max Q-Miss: 1.0106 | Val Max Gen Viol: 0.0000 | Val Max Thermal: 0.3700
Epoch 4360 | Val Loss: 775.6186 | Val Cost: 51771.31 | Val Max P-Miss: 2.5815 | Val Max Q-Miss: 0.9885 | Val Max Gen Viol: 0.0000 | Val Max Thermal: 0.3865
Epoch 4370 | Val Loss: 712.1207 | Val Cost: 51744.30 | Val Max P-Miss: 2.3203 | Val Max Q-Miss: 1.0264 | Val Max Gen Viol: 0.0000 | Val Max Thermal: 0.3531
Epoch 4380 | Val Loss: 724.4673 | Val Cost: 51474.81 | Val Max P-Miss: 2.0616 | Val Max Q-Miss: 1.0413 | Val Max Gen Viol: 0.0000 | Val Max Thermal: 0.3631
Epoch 4390 | Val Loss: 956.4495 | Val Cost: 48287.10 | Val Max P-Miss: 1.7075 | Val Max Q-Miss: 1.2549 | Val Max Gen Viol: 0.0000 | Val Max Thermal: 0.4855
Epoch 4400 | Val Loss: 1244.5135 | Val Cost: 46796.06 | Val Max P-Miss: 3.6314 | Val Max Q-Miss: 1.9245 | Val Max Gen Viol: 0.0000 | Val Max Thermal: 0.2525
Epoch 4410 | Val Loss: 741.7496 | Val Cost: 52522.52 | Val Max P-Miss: 1.8453 | Val Max Q-Miss: 1.0215 | Val Max Gen Viol: 0.0000 | Val Max Thermal: 0.2503
Epoch 4420 | Val Loss: 755.0970 | Val Cost: 52781.41 | Val Max P-Miss: 2.3803 | Val Max Q-Miss: 1.0386 | Val Max Gen Viol: 0.0000 | Val Max Thermal: 0.4314
Epoch 4430 | Val Loss: 774.8487 | Val Cost: 51619.74 | Val Max P-Miss: 2.5618 | Val Max Q-Miss: 1.0484 | Val Max Gen Viol: 0.0000 | Val Max Thermal: 0.3799
Epoch 4440 | Val Loss: 763.3123 | Val Cost: 51567.04 | Val Max P-Miss: 2.4861 | Val Max Q-Miss: 1.0237 | Val Max Gen Viol: 0.0000 | Val Max Thermal: 0.3489
Epoch 4450 | Val Loss: 642.2083 | Val Cost: 50044.35 | Val Max P-Miss: 2.2390 | Val Max Q-Miss: 1.0970 | Val Max Gen Viol: 0.0000 | Val Max Thermal: 0.5246
Epoch 4460 | Val Loss: 1678.9705 | Val Cost: 49047.32 | Val Max P-Miss: 2.3297 | Val Max Q-Miss: 0.9071 | Val Max Gen Viol: 0.0000 | Val Max Thermal: 5.8066
Epoch 4470 | Val Loss: 670.9215 | Val Cost: 51464.94 | Val Max P-Miss: 1.5496 | Val Max Q-Miss: 1.0841 | Val Max Gen Viol: 0.0000 | Val Max Thermal: 0.3829
Epoch 4480 | Val Loss: 696.0245 | Val Cost: 51856.28 | Val Max P-Miss: 2.4497 | Val Max Q-Miss: 1.0665 | Val Max Gen Viol: 0.0000 | Val Max Thermal: 0.3762
Epoch 4490 | Val Loss: 730.3343 | Val Cost: 51689.94 | Val Max P-Miss: 2.3489 | Val Max Q-Miss: 1.0451 | Val Max Gen Viol: 0.0000 | Val Max Thermal: 0.3831
Epoch 4500 | Val Loss: 698.6485 | Val Cost: 51644.47 | Val Max P-Miss: 2.2189 | Val Max Q-Miss: 1.0334 | Val Max Gen Viol: 0.0000 | Val Max Thermal: 0.3583
Epoch 4510 | Val Loss: 715.3434 | Val Cost: 51527.62 | Val Max P-Miss: 2.1056 | Val Max Q-Miss: 1.0070 | Val Max Gen Viol: 0.0000 | Val Max Thermal: 0.3417
Epoch 4520 | Val Loss: 880.9538 | Val Cost: 51929.21 | Val Max P-Miss: 2.5706 | Val Max Q-Miss: 0.9595 | Val Max Gen Viol: 0.0000 | Val Max Thermal: 0.4142
Epoch 4530 | Val Loss: 927.9405 | Val Cost: 51260.81 | Val Max P-Miss: 2.1487 | Val Max Q-Miss: 1.6826 | Val Max Gen Viol: 0.0000 | Val Max Thermal: 0.3744
Epoch 4540 | Val Loss: 940.5404 | Val Cost: 49987.79 | Val Max P-Miss: 2.4421 | Val Max Q-Miss: 1.0791 | Val Max Gen Viol: 0.0000 | Val Max Thermal: 0.5623
Epoch 4550 | Val Loss: 778.5595 | Val Cost: 52221.84 | Val Max P-Miss: 1.5868 | Val Max Q-Miss: 1.1484 | Val Max Gen Viol: 0.0000 | Val Max Thermal: 0.4748
Epoch 4560 | Val Loss: 1233.8388 | Val Cost: 51124.05 | Val Max P-Miss: 1.6876 | Val Max Q-Miss: 1.4280 | Val Max Gen Viol: 0.0000 | Val Max Thermal: 0.4239
Epoch 4570 | Val Loss: 595.5233 | Val Cost: 51471.41 | Val Max P-Miss: 1.1871 | Val Max Q-Miss: 1.1595 | Val Max Gen Viol: 0.0000 | Val Max Thermal: 0.4024 [*SAVED BEST*]
Epoch 4580 | Val Loss: 556.7859 | Val Cost: 51370.02 | Val Max P-Miss: 1.1928 | Val Max Q-Miss: 1.1030 | Val Max Gen Viol: 0.0000 | Val Max Thermal: 0.3826 [*SAVED BEST*]
Epoch 4590 | Val Loss: 577.9036 | Val Cost: 51492.04 | Val Max P-Miss: 1.2832 | Val Max Q-Miss: 1.1012 | Val Max Gen Viol: 0.0000 | Val Max Thermal: 0.3690
Epoch 4600 | Val Loss: 566.2165 | Val Cost: 51456.81 | Val Max P-Miss: 1.2415 | Val Max Q-Miss: 1.1066 | Val Max Gen Viol: 0.0000 | Val Max Thermal: 0.3918
Epoch 4610 | Val Loss: 575.8410 | Val Cost: 51570.66 | Val Max P-Miss: 1.4012 | Val Max Q-Miss: 1.0261 | Val Max Gen Viol: 0.0000 | Val Max Thermal: 0.3544
Epoch 4620 | Val Loss: 558.6632 | Val Cost: 51679.62 | Val Max P-Miss: 1.2702 | Val Max Q-Miss: 1.0572 | Val Max Gen Viol: 0.0000 | Val Max Thermal: 0.3828
Epoch 4630 | Val Loss: 586.7436 | Val Cost: 51656.63 | Val Max P-Miss: 1.6233 | Val Max Q-Miss: 1.0719 | Val Max Gen Viol: 0.0000 | Val Max Thermal: 0.3815
Epoch 4640 | Val Loss: 579.3375 | Val Cost: 51634.69 | Val Max P-Miss: 1.1668 | Val Max Q-Miss: 1.1587 | Val Max Gen Viol: 0.0000 | Val Max Thermal: 0.3972
Epoch 4650 | Val Loss: 635.2578 | Val Cost: 51638.77 | Val Max P-Miss: 1.3517 | Val Max Q-Miss: 1.0306 | Val Max Gen Viol: 0.0000 | Val Max Thermal: 0.3495
Epoch 4660 | Val Loss: 1340.6663 | Val Cost: 52288.30 | Val Max P-Miss: 3.8987 | Val Max Q-Miss: 2.1482 | Val Max Gen Viol: 0.0000 | Val Max Thermal: 1.2161
Epoch 4670 | Val Loss: 677.0605 | Val Cost: 50818.48 | Val Max P-Miss: 1.1067 | Val Max Q-Miss: 1.1361 | Val Max Gen Viol: 0.0000 | Val Max Thermal: 0.3923
Epoch 4680 | Val Loss: 785.9461 | Val Cost: 51799.21 | Val Max P-Miss: 1.6978 | Val Max Q-Miss: 1.1303 | Val Max Gen Viol: 0.0000 | Val Max Thermal: 0.3257
Epoch 4690 | Val Loss: 838.9782 | Val Cost: 50844.81 | Val Max P-Miss: 2.3064 | Val Max Q-Miss: 1.0918 | Val Max Gen Viol: 0.0000 | Val Max Thermal: 0.3239
Epoch 4700 | Val Loss: 864.8389 | Val Cost: 46568.35 | Val Max P-Miss: 2.2073 | Val Max Q-Miss: 1.1317 | Val Max Gen Viol: 0.0000 | Val Max Thermal: 0.2156
Epoch 4710 | Val Loss: 617.0275 | Val Cost: 51501.55 | Val Max P-Miss: 1.3821 | Val Max Q-Miss: 1.1243 | Val Max Gen Viol: 0.0000 | Val Max Thermal: 0.4860
Epoch 4720 | Val Loss: 782.7005 | Val Cost: 52491.43 | Val Max P-Miss: 2.3106 | Val Max Q-Miss: 1.0406 | Val Max Gen Viol: 0.0000 | Val Max Thermal: 0.3678
Epoch 4730 | Val Loss: 700.3075 | Val Cost: 51692.07 | Val Max P-Miss: 2.2014 | Val Max Q-Miss: 1.0628 | Val Max Gen Viol: 0.0000 | Val Max Thermal: 0.3686
Epoch 4740 | Val Loss: 746.8410 | Val Cost: 51684.94 | Val Max P-Miss: 2.4729 | Val Max Q-Miss: 1.0324 | Val Max Gen Viol: 0.0000 | Val Max Thermal: 0.3492
Epoch 4750 | Val Loss: 683.0136 | Val Cost: 51613.08 | Val Max P-Miss: 2.1674 | Val Max Q-Miss: 1.0311 | Val Max Gen Viol: 0.0000 | Val Max Thermal: 0.3329
Epoch 4760 | Val Loss: 713.7106 | Val Cost: 51687.10 | Val Max P-Miss: 2.3319 | Val Max Q-Miss: 1.1198 | Val Max Gen Viol: 0.0000 | Val Max Thermal: 0.3546
Epoch 4770 | Val Loss: 661.6083 | Val Cost: 51712.70 | Val Max P-Miss: 2.1354 | Val Max Q-Miss: 1.0139 | Val Max Gen Viol: 0.0000 | Val Max Thermal: 0.3733
Epoch 4780 | Val Loss: 674.2256 | Val Cost: 51885.96 | Val Max P-Miss: 2.2250 | Val Max Q-Miss: 1.0074 | Val Max Gen Viol: 0.0000 | Val Max Thermal: 0.3440
Epoch 4790 | Val Loss: 697.6049 | Val Cost: 51850.62 | Val Max P-Miss: 2.3173 | Val Max Q-Miss: 1.1160 | Val Max Gen Viol: 0.0000 | Val Max Thermal: 0.3609
Epoch 4800 | Val Loss: 728.3485 | Val Cost: 51878.68 | Val Max P-Miss: 2.4172 | Val Max Q-Miss: 1.0257 | Val Max Gen Viol: 0.0000 | Val Max Thermal: 0.3908
Epoch 4810 | Val Loss: 709.7415 | Val Cost: 51834.00 | Val Max P-Miss: 2.3535 | Val Max Q-Miss: 1.0510 | Val Max Gen Viol: 0.0000 | Val Max Thermal: 0.3931
Epoch 4820 | Val Loss: 1025.1323 | Val Cost: 50663.44 | Val Max P-Miss: 1.8403 | Val Max Q-Miss: 1.6181 | Val Max Gen Viol: 0.0000 | Val Max Thermal: 0.6264
Epoch 4830 | Val Loss: 1075.5642 | Val Cost: 49995.80 | Val Max P-Miss: 1.8950 | Val Max Q-Miss: 1.4927 | Val Max Gen Viol: 0.0000 | Val Max Thermal: 2.1965
Epoch 4840 | Val Loss: 891.4873 | Val Cost: 53899.64 | Val Max P-Miss: 2.4875 | Val Max Q-Miss: 1.0157 | Val Max Gen Viol: 0.0000 | Val Max Thermal: 0.4799
Epoch 4850 | Val Loss: 1554.8599 | Val Cost: 52361.30 | Val Max P-Miss: 2.8963 | Val Max Q-Miss: 1.1152 | Val Max Gen Viol: 0.0000 | Val Max Thermal: 0.8621
Epoch 4860 | Val Loss: 1061.1624 | Val Cost: 50914.99 | Val Max P-Miss: 1.9201 | Val Max Q-Miss: 1.2152 | Val Max Gen Viol: 0.0000 | Val Max Thermal: 0.6583
Epoch 4870 | Val Loss: 733.8129 | Val Cost: 51896.94 | Val Max P-Miss: 2.4672 | Val Max Q-Miss: 1.1013 | Val Max Gen Viol: 0.0000 | Val Max Thermal: 0.3848
Epoch 4880 | Val Loss: 744.4342 | Val Cost: 51683.04 | Val Max P-Miss: 2.5066 | Val Max Q-Miss: 1.0901 | Val Max Gen Viol: 0.0000 | Val Max Thermal: 0.3956
Epoch 4890 | Val Loss: 733.1758 | Val Cost: 51686.37 | Val Max P-Miss: 2.4520 | Val Max Q-Miss: 1.0522 | Val Max Gen Viol: 0.0000 | Val Max Thermal: 0.3647
Epoch 4900 | Val Loss: 728.0648 | Val Cost: 51782.90 | Val Max P-Miss: 2.4620 | Val Max Q-Miss: 1.0291 | Val Max Gen Viol: 0.0000 | Val Max Thermal: 0.3504
Epoch 4910 | Val Loss: 718.5793 | Val Cost: 51719.18 | Val Max P-Miss: 2.3442 | Val Max Q-Miss: 1.0219 | Val Max Gen Viol: 0.0000 | Val Max Thermal: 0.3588
Epoch 4920 | Val Loss: 725.4323 | Val Cost: 51758.37 | Val Max P-Miss: 2.3981 | Val Max Q-Miss: 1.0460 | Val Max Gen Viol: 0.0000 | Val Max Thermal: 0.3591
Epoch 4930 | Val Loss: 638.6096 | Val Cost: 51639.27 | Val Max P-Miss: 1.9573 | Val Max Q-Miss: 1.0696 | Val Max Gen Viol: 0.0000 | Val Max Thermal: 0.3736
Epoch 4940 | Val Loss: 1217.0154 | Val Cost: 53922.22 | Val Max P-Miss: 2.2851 | Val Max Q-Miss: 1.3245 | Val Max Gen Viol: 0.0000 | Val Max Thermal: 0.8026
Epoch 4950 | Val Loss: 580.0988 | Val Cost: 49505.16 | Val Max P-Miss: 1.2771 | Val Max Q-Miss: 1.1580 | Val Max Gen Viol: 0.0000 | Val Max Thermal: 0.4312
Epoch 4960 | Val Loss: 912.5856 | Val Cost: 45601.30 | Val Max P-Miss: 2.0588 | Val Max Q-Miss: 1.2509 | Val Max Gen Viol: 0.0000 | Val Max Thermal: 0.3864
Epoch 4970 | Val Loss: 834.4547 | Val Cost: 48655.50 | Val Max P-Miss: 2.1586 | Val Max Q-Miss: 0.9790 | Val Max Gen Viol: 0.0000 | Val Max Thermal: 0.2830
Epoch 4980 | Val Loss: 843.4471 | Val Cost: 48918.31 | Val Max P-Miss: 1.5404 | Val Max Q-Miss: 1.3559 | Val Max Gen Viol: 0.0000 | Val Max Thermal: 0.4047
Epoch 4990 | Val Loss: 660.0313 | Val Cost: 50550.93 | Val Max P-Miss: 1.8485 | Val Max Q-Miss: 1.1003 | Val Max Gen Viol: 0.0000 | Val Max Thermal: 0.3764
Epoch 5000 | Val Loss: 622.3823 | Val Cost: 48436.68 | Val Max P-Miss: 1.9733 | Val Max Q-Miss: 1.2014 | Val Max Gen Viol: 0.0000 | Val Max Thermal: 0.3768
Epoch 5010 | Val Loss: 591.0612 | Val Cost: 48258.72 | Val Max P-Miss: 1.7728 | Val Max Q-Miss: 1.0944 | Val Max Gen Viol: 0.0000 | Val Max Thermal: 0.3649
Epoch 5020 | Val Loss: 578.9867 | Val Cost: 51349.39 | Val Max P-Miss: 2.0695 | Val Max Q-Miss: 1.1579 | Val Max Gen Viol: 0.0000 | Val Max Thermal: 0.4459
Epoch 5030 | Val Loss: 655.4782 | Val Cost: 51368.50 | Val Max P-Miss: 2.1244 | Val Max Q-Miss: 0.9988 | Val Max Gen Viol: 0.0000 | Val Max Thermal: 0.3762
Epoch 5040 | Val Loss: 711.1413 | Val Cost: 51371.39 | Val Max P-Miss: 2.3637 | Val Max Q-Miss: 1.0366 | Val Max Gen Viol: 0.0000 | Val Max Thermal: 0.3546
Epoch 5050 | Val Loss: 681.8196 | Val Cost: 51260.76 | Val Max P-Miss: 2.4097 | Val Max Q-Miss: 0.9694 | Val Max Gen Viol: 0.0000 | Val Max Thermal: 0.3660
Epoch 5060 | Val Loss: 632.6188 | Val Cost: 51051.56 | Val Max P-Miss: 2.3955 | Val Max Q-Miss: 1.0449 | Val Max Gen Viol: 0.0000 | Val Max Thermal: 0.3574
Epoch 5070 | Val Loss: 626.9809 | Val Cost: 50770.88 | Val Max P-Miss: 2.0721 | Val Max Q-Miss: 0.9762 | Val Max Gen Viol: 0.0000 | Val Max Thermal: 0.3812
Epoch 5080 | Val Loss: 641.9025 | Val Cost: 50696.24 | Val Max P-Miss: 2.1242 | Val Max Q-Miss: 1.0128 | Val Max Gen Viol: 0.0000 | Val Max Thermal: 0.3717
Epoch 5090 | Val Loss: 641.0786 | Val Cost: 50592.67 | Val Max P-Miss: 1.7657 | Val Max Q-Miss: 1.0106 | Val Max Gen Viol: 0.0000 | Val Max Thermal: 0.3742
Epoch 5100 | Val Loss: 669.2032 | Val Cost: 50553.19 | Val Max P-Miss: 1.8851 | Val Max Q-Miss: 0.9663 | Val Max Gen Viol: 0.0000 | Val Max Thermal: 0.3681
Epoch 5110 | Val Loss: 625.2188 | Val Cost: 50683.92 | Val Max P-Miss: 2.2130 | Val Max Q-Miss: 1.0513 | Val Max Gen Viol: 0.0000 | Val Max Thermal: 0.4080
Epoch 5120 | Val Loss: 571.5512 | Val Cost: 50839.43 | Val Max P-Miss: 1.8867 | Val Max Q-Miss: 1.0432 | Val Max Gen Viol: 0.0000 | Val Max Thermal: 0.3888
Epoch 5130 | Val Loss: 2614.1039 | Val Cost: 50998.95 | Val Max P-Miss: 2.1006 | Val Max Q-Miss: 1.1070 | Val Max Gen Viol: 0.0000 | Val Max Thermal: 0.3218
Epoch 5140 | Val Loss: 1168.1949 | Val Cost: 49755.37 | Val Max P-Miss: 1.9821 | Val Max Q-Miss: 1.3205 | Val Max Gen Viol: 0.0000 | Val Max Thermal: 0.7480
Epoch 5150 | Val Loss: 926.1196 | Val Cost: 50316.68 | Val Max P-Miss: 1.5674 | Val Max Q-Miss: 1.0179 | Val Max Gen Viol: 0.0000 | Val Max Thermal: 1.4311
Epoch 5160 | Val Loss: 647.0751 | Val Cost: 52187.49 | Val Max P-Miss: 1.3682 | Val Max Q-Miss: 1.0309 | Val Max Gen Viol: 0.0000 | Val Max Thermal: 0.7465
Epoch 5170 | Val Loss: 1271.2873 | Val Cost: 47697.11 | Val Max P-Miss: 2.7737 | Val Max Q-Miss: 1.1032 | Val Max Gen Viol: 0.0000 | Val Max Thermal: 0.4159
Epoch 5180 | Val Loss: 648.1876 | Val Cost: 50813.59 | Val Max P-Miss: 1.4825 | Val Max Q-Miss: 1.1496 | Val Max Gen Viol: 0.0000 | Val Max Thermal: 0.6051
Epoch 5190 | Val Loss: 749.5890 | Val Cost: 50404.04 | Val Max P-Miss: 2.1671 | Val Max Q-Miss: 1.0864 | Val Max Gen Viol: 0.0000 | Val Max Thermal: 0.7451
Epoch 5200 | Val Loss: 612.6950 | Val Cost: 50394.78 | Val Max P-Miss: 1.4189 | Val Max Q-Miss: 0.9752 | Val Max Gen Viol: 0.0000 | Val Max Thermal: 0.8942
Epoch 5210 | Val Loss: 712.7660 | Val Cost: 50812.91 | Val Max P-Miss: 1.4152 | Val Max Q-Miss: 1.0314 | Val Max Gen Viol: 0.0000 | Val Max Thermal: 0.7854
Epoch 5220 | Val Loss: 780.7626 | Val Cost: 50815.97 | Val Max P-Miss: 2.6325 | Val Max Q-Miss: 0.9880 | Val Max Gen Viol: 0.0000 | Val Max Thermal: 0.5656
Epoch 5230 | Val Loss: 671.0898 | Val Cost: 50208.00 | Val Max P-Miss: 2.1937 | Val Max Q-Miss: 1.0382 | Val Max Gen Viol: 0.0000 | Val Max Thermal: 0.5977
Epoch 5240 | Val Loss: 772.7392 | Val Cost: 50679.38 | Val Max P-Miss: 2.4577 | Val Max Q-Miss: 1.0650 | Val Max Gen Viol: 0.0000 | Val Max Thermal: 0.5696
Epoch 5250 | Val Loss: 620.9307 | Val Cost: 49653.81 | Val Max P-Miss: 1.9924 | Val Max Q-Miss: 1.0850 | Val Max Gen Viol: 0.0000 | Val Max Thermal: 0.6489
Epoch 5260 | Val Loss: 646.0546 | Val Cost: 50472.37 | Val Max P-Miss: 1.8052 | Val Max Q-Miss: 0.9839 | Val Max Gen Viol: 0.0000 | Val Max Thermal: 0.6253
Epoch 5270 | Val Loss: 925.6954 | Val Cost: 50532.17 | Val Max P-Miss: 1.8061 | Val Max Q-Miss: 1.1138 | Val Max Gen Viol: 0.0000 | Val Max Thermal: 2.6912
Epoch 5280 | Val Loss: 872.8775 | Val Cost: 48871.25 | Val Max P-Miss: 1.7823 | Val Max Q-Miss: 1.0812 | Val Max Gen Viol: 0.0000 | Val Max Thermal: 0.6987
Epoch 5290 | Val Loss: 1336.1333 | Val Cost: 50197.51 | Val Max P-Miss: 2.1071 | Val Max Q-Miss: 1.4928 | Val Max Gen Viol: 0.0000 | Val Max Thermal: 0.9596
Epoch 5300 | Val Loss: 837.9173 | Val Cost: 50032.08 | Val Max P-Miss: 1.9412 | Val Max Q-Miss: 1.0961 | Val Max Gen Viol: 0.0000 | Val Max Thermal: 0.6819
Epoch 5310 | Val Loss: 772.4751 | Val Cost: 48414.39 | Val Max P-Miss: 2.3443 | Val Max Q-Miss: 1.3732 | Val Max Gen Viol: 0.0000 | Val Max Thermal: 0.5492
Epoch 5320 | Val Loss: 917.2887 | Val Cost: 51497.51 | Val Max P-Miss: 1.8272 | Val Max Q-Miss: 1.1978 | Val Max Gen Viol: 0.0000 | Val Max Thermal: 1.0595
Epoch 5330 | Val Loss: 773.5166 | Val Cost: 49549.85 | Val Max P-Miss: 2.1365 | Val Max Q-Miss: 1.2652 | Val Max Gen Viol: 0.0000 | Val Max Thermal: 0.5386
Epoch 5340 | Val Loss: 683.3975 | Val Cost: 51151.02 | Val Max P-Miss: 1.9819 | Val Max Q-Miss: 1.1105 | Val Max Gen Viol: 0.0000 | Val Max Thermal: 0.7274
Epoch 5350 | Val Loss: 892.2688 | Val Cost: 46374.54 | Val Max P-Miss: 2.3362 | Val Max Q-Miss: 1.1607 | Val Max Gen Viol: 0.0000 | Val Max Thermal: 0.4308
Epoch 5360 | Val Loss: 1224.1926 | Val Cost: 46527.65 | Val Max P-Miss: 1.6405 | Val Max Q-Miss: 1.2192 | Val Max Gen Viol: 0.0000 | Val Max Thermal: 0.6862
Epoch 5370 | Val Loss: 813.2265 | Val Cost: 50167.16 | Val Max P-Miss: 1.8489 | Val Max Q-Miss: 0.9636 | Val Max Gen Viol: 0.0000 | Val Max Thermal: 2.6885
Epoch 5380 | Val Loss: 813.7262 | Val Cost: 50951.59 | Val Max P-Miss: 1.7443 | Val Max Q-Miss: 0.9444 | Val Max Gen Viol: 0.0000 | Val Max Thermal: 2.4688
Epoch 5390 | Val Loss: 815.3208 | Val Cost: 48750.51 | Val Max P-Miss: 1.6636 | Val Max Q-Miss: 1.1763 | Val Max Gen Viol: 0.0000 | Val Max Thermal: 0.7322
Epoch 5400 | Val Loss: 795.1385 | Val Cost: 48831.55 | Val Max P-Miss: 2.0666 | Val Max Q-Miss: 0.9656 | Val Max Gen Viol: 0.0000 | Val Max Thermal: 0.6092
Epoch 5410 | Val Loss: 824.1768 | Val Cost: 50386.18 | Val Max P-Miss: 2.6630 | Val Max Q-Miss: 1.0427 | Val Max Gen Viol: 0.0000 | Val Max Thermal: 0.6368
Epoch 5420 | Val Loss: 767.6234 | Val Cost: 50254.35 | Val Max P-Miss: 2.3849 | Val Max Q-Miss: 1.0468 | Val Max Gen Viol: 0.0000 | Val Max Thermal: 0.5947
Epoch 5430 | Val Loss: 936.5486 | Val Cost: 49485.70 | Val Max P-Miss: 2.7638 | Val Max Q-Miss: 1.3396 | Val Max Gen Viol: 0.0000 | Val Max Thermal: 0.6008
Epoch 5440 | Val Loss: 877.1995 | Val Cost: 49142.40 | Val Max P-Miss: 2.1195 | Val Max Q-Miss: 1.1086 | Val Max Gen Viol: 0.0000 | Val Max Thermal: 0.6370
Epoch 5450 | Val Loss: 1576.7241 | Val Cost: 49478.93 | Val Max P-Miss: 3.8639 | Val Max Q-Miss: 1.3656 | Val Max Gen Viol: 0.0000 | Val Max Thermal: 1.5002
Epoch 5460 | Val Loss: 1094.6974 | Val Cost: 47076.06 | Val Max P-Miss: 3.5152 | Val Max Q-Miss: 1.8626 | Val Max Gen Viol: 0.0000 | Val Max Thermal: 0.4397
Epoch 5470 | Val Loss: 804.5746 | Val Cost: 50968.74 | Val Max P-Miss: 1.3968 | Val Max Q-Miss: 1.2047 | Val Max Gen Viol: 0.0000 | Val Max Thermal: 3.1433
Epoch 5480 | Val Loss: 888.7231 | Val Cost: 49363.60 | Val Max P-Miss: 2.1919 | Val Max Q-Miss: 1.0853 | Val Max Gen Viol: 0.0000 | Val Max Thermal: 0.7907
Epoch 5490 | Val Loss: 872.1885 | Val Cost: 50864.52 | Val Max P-Miss: 1.5678 | Val Max Q-Miss: 1.1183 | Val Max Gen Viol: 0.0000 | Val Max Thermal: 0.5139
Epoch 5500 | Val Loss: 647.4388 | Val Cost: 50595.56 | Val Max P-Miss: 1.4693 | Val Max Q-Miss: 1.0334 | Val Max Gen Viol: 0.0000 | Val Max Thermal: 0.6477
Epoch 5510 | Val Loss: 699.9580 | Val Cost: 50384.94 | Val Max P-Miss: 1.7050 | Val Max Q-Miss: 1.1807 | Val Max Gen Viol: 0.0000 | Val Max Thermal: 0.6174
Epoch 5520 | Val Loss: 715.5206 | Val Cost: 50382.75 | Val Max P-Miss: 1.7007 | Val Max Q-Miss: 1.1276 | Val Max Gen Viol: 0.0000 | Val Max Thermal: 0.6237
Epoch 5530 | Val Loss: 868.1660 | Val Cost: 48986.78 | Val Max P-Miss: 1.9452 | Val Max Q-Miss: 1.1661 | Val Max Gen Viol: 0.0000 | Val Max Thermal: 0.7215
Epoch 5540 | Val Loss: 1016.5301 | Val Cost: 52144.60 | Val Max P-Miss: 1.1920 | Val Max Q-Miss: 1.1338 | Val Max Gen Viol: 0.0000 | Val Max Thermal: 6.1344
Epoch 5550 | Val Loss: 730.5735 | Val Cost: 51743.47 | Val Max P-Miss: 1.5598 | Val Max Q-Miss: 0.9475 | Val Max Gen Viol: 0.0000 | Val Max Thermal: 0.6199
Epoch 5560 | Val Loss: 753.6419 | Val Cost: 51035.44 | Val Max P-Miss: 1.9692 | Val Max Q-Miss: 1.1197 | Val Max Gen Viol: 0.0000 | Val Max Thermal: 0.4114
Epoch 5570 | Val Loss: 590.3183 | Val Cost: 51700.95 | Val Max P-Miss: 1.3854 | Val Max Q-Miss: 1.0988 | Val Max Gen Viol: 0.0000 | Val Max Thermal: 0.4025
Epoch 5580 | Val Loss: 554.5740 | Val Cost: 51591.40 | Val Max P-Miss: 1.5013 | Val Max Q-Miss: 1.1179 | Val Max Gen Viol: 0.0000 | Val Max Thermal: 0.3614 [*SAVED BEST*]
Epoch 5590 | Val Loss: 565.6289 | Val Cost: 51589.12 | Val Max P-Miss: 1.3228 | Val Max Q-Miss: 1.1139 | Val Max Gen Viol: 0.0000 | Val Max Thermal: 0.3593
Epoch 5600 | Val Loss: 555.3187 | Val Cost: 51623.35 | Val Max P-Miss: 1.3506 | Val Max Q-Miss: 1.1217 | Val Max Gen Viol: 0.0000 | Val Max Thermal: 0.3415
Epoch 5610 | Val Loss: 573.0533 | Val Cost: 51594.90 | Val Max P-Miss: 1.3544 | Val Max Q-Miss: 1.1528 | Val Max Gen Viol: 0.0000 | Val Max Thermal: 0.3360
Epoch 5620 | Val Loss: 578.6177 | Val Cost: 51600.40 | Val Max P-Miss: 1.3891 | Val Max Q-Miss: 1.0527 | Val Max Gen Viol: 0.0000 | Val Max Thermal: 0.3844
Epoch 5630 | Val Loss: 561.1254 | Val Cost: 51642.95 | Val Max P-Miss: 1.5098 | Val Max Q-Miss: 1.1229 | Val Max Gen Viol: 0.0000 | Val Max Thermal: 0.3582
Epoch 5640 | Val Loss: 563.4959 | Val Cost: 51749.04 | Val Max P-Miss: 1.3971 | Val Max Q-Miss: 1.1257 | Val Max Gen Viol: 0.0000 | Val Max Thermal: 0.3582
Epoch 5650 | Val Loss: 550.0518 | Val Cost: 51794.20 | Val Max P-Miss: 1.3543 | Val Max Q-Miss: 1.1106 | Val Max Gen Viol: 0.0000 | Val Max Thermal: 0.3632 [*SAVED BEST*]
Epoch 5660 | Val Loss: 550.5084 | Val Cost: 51718.08 | Val Max P-Miss: 1.3693 | Val Max Q-Miss: 1.1331 | Val Max Gen Viol: 0.0000 | Val Max Thermal: 0.4035
Epoch 5670 | Val Loss: 507.4151 | Val Cost: 51654.60 | Val Max P-Miss: 1.4539 | Val Max Q-Miss: 1.0296 | Val Max Gen Viol: 0.0000 | Val Max Thermal: 0.3441 [*SAVED BEST*]
Epoch 5680 | Val Loss: 915.5496 | Val Cost: 50717.08 | Val Max P-Miss: 2.1914 | Val Max Q-Miss: 0.9977 | Val Max Gen Viol: 0.0000 | Val Max Thermal: 2.9733
Epoch 5690 | Val Loss: 1276.7466 | Val Cost: 50483.59 | Val Max P-Miss: 2.2192 | Val Max Q-Miss: 1.5024 | Val Max Gen Viol: 0.0000 | Val Max Thermal: 2.2173
Epoch 5700 | Val Loss: 916.3844 | Val Cost: 50798.27 | Val Max P-Miss: 2.3474 | Val Max Q-Miss: 1.1796 | Val Max Gen Viol: 0.0000 | Val Max Thermal: 2.6604
Epoch 5710 | Val Loss: 766.1687 | Val Cost: 51351.23 | Val Max P-Miss: 1.3132 | Val Max Q-Miss: 1.0429 | Val Max Gen Viol: 0.0000 | Val Max Thermal: 0.7873
Epoch 5720 | Val Loss: 680.6667 | Val Cost: 50544.54 | Val Max P-Miss: 1.7174 | Val Max Q-Miss: 1.1047 | Val Max Gen Viol: 0.0000 | Val Max Thermal: 0.2480
Epoch 5730 | Val Loss: 809.0260 | Val Cost: 50793.55 | Val Max P-Miss: 2.2386 | Val Max Q-Miss: 0.9990 | Val Max Gen Viol: 0.0000 | Val Max Thermal: 0.4100
Epoch 5740 | Val Loss: 513.6591 | Val Cost: 51641.36 | Val Max P-Miss: 1.1005 | Val Max Q-Miss: 1.1094 | Val Max Gen Viol: 0.0000 | Val Max Thermal: 0.4174
Epoch 5750 | Val Loss: 510.3289 | Val Cost: 51654.94 | Val Max P-Miss: 1.2076 | Val Max Q-Miss: 1.1020 | Val Max Gen Viol: 0.0000 | Val Max Thermal: 0.3918
Epoch 5760 | Val Loss: 554.2074 | Val Cost: 51527.79 | Val Max P-Miss: 1.4229 | Val Max Q-Miss: 1.0392 | Val Max Gen Viol: 0.0000 | Val Max Thermal: 0.3628
Epoch 5770 | Val Loss: 506.9517 | Val Cost: 51636.47 | Val Max P-Miss: 1.2442 | Val Max Q-Miss: 1.0367 | Val Max Gen Viol: 0.0000 | Val Max Thermal: 0.3703 [*SAVED BEST*]
Epoch 5780 | Val Loss: 501.6178 | Val Cost: 51640.38 | Val Max P-Miss: 1.1474 | Val Max Q-Miss: 1.0853 | Val Max Gen Viol: 0.0000 | Val Max Thermal: 0.3884 [*SAVED BEST*]
Epoch 5790 | Val Loss: 488.8687 | Val Cost: 51732.03 | Val Max P-Miss: 1.0978 | Val Max Q-Miss: 1.0975 | Val Max Gen Viol: 0.0000 | Val Max Thermal: 0.3810 [*SAVED BEST*]
Epoch 5800 | Val Loss: 495.6680 | Val Cost: 51775.14 | Val Max P-Miss: 1.1449 | Val Max Q-Miss: 1.0956 | Val Max Gen Viol: 0.0000 | Val Max Thermal: 0.3615
Epoch 5810 | Val Loss: 521.1283 | Val Cost: 51836.05 | Val Max P-Miss: 1.5524 | Val Max Q-Miss: 1.0788 | Val Max Gen Viol: 0.0000 | Val Max Thermal: 0.3586
Epoch 5820 | Val Loss: 513.2089 | Val Cost: 51793.74 | Val Max P-Miss: 1.1263 | Val Max Q-Miss: 1.1530 | Val Max Gen Viol: 0.0000 | Val Max Thermal: 0.3930
Epoch 5830 | Val Loss: 448.1056 | Val Cost: 51701.36 | Val Max P-Miss: 1.2210 | Val Max Q-Miss: 1.0399 | Val Max Gen Viol: 0.0000 | Val Max Thermal: 0.4496 [*SAVED BEST*]
Epoch 5840 | Val Loss: 1260.1697 | Val Cost: 52369.40 | Val Max P-Miss: 3.6446 | Val Max Q-Miss: 1.1623 | Val Max Gen Viol: 0.0000 | Val Max Thermal: 1.7475
Epoch 5850 | Val Loss: 1018.3993 | Val Cost: 52101.13 | Val Max P-Miss: 2.6568 | Val Max Q-Miss: 1.1505 | Val Max Gen Viol: 0.0000 | Val Max Thermal: 0.4291
Epoch 5860 | Val Loss: 788.8545 | Val Cost: 50587.35 | Val Max P-Miss: 1.4271 | Val Max Q-Miss: 1.1454 | Val Max Gen Viol: 0.0000 | Val Max Thermal: 0.4033
Epoch 5870 | Val Loss: 802.6608 | Val Cost: 51167.95 | Val Max P-Miss: 2.5095 | Val Max Q-Miss: 1.3922 | Val Max Gen Viol: 0.0000 | Val Max Thermal: 0.2092
Epoch 5880 | Val Loss: 720.0861 | Val Cost: 49245.43 | Val Max P-Miss: 2.3469 | Val Max Q-Miss: 1.3796 | Val Max Gen Viol: 0.0000 | Val Max Thermal: 0.3147
Epoch 5890 | Val Loss: 625.9931 | Val Cost: 49212.89 | Val Max P-Miss: 1.7534 | Val Max Q-Miss: 1.1174 | Val Max Gen Viol: 0.0000 | Val Max Thermal: 0.3197
Epoch 5900 | Val Loss: 1103.3693 | Val Cost: 49737.06 | Val Max P-Miss: 2.2085 | Val Max Q-Miss: 1.6673 | Val Max Gen Viol: 0.0000 | Val Max Thermal: 0.6279
Epoch 5910 | Val Loss: 862.7440 | Val Cost: 52389.46 | Val Max P-Miss: 1.8846 | Val Max Q-Miss: 1.1774 | Val Max Gen Viol: 0.0000 | Val Max Thermal: 2.4605
Epoch 5920 | Val Loss: 757.8695 | Val Cost: 51764.59 | Val Max P-Miss: 1.5987 | Val Max Q-Miss: 1.2387 | Val Max Gen Viol: 0.0000 | Val Max Thermal: 0.6543
Epoch 5930 | Val Loss: 576.8963 | Val Cost: 52323.56 | Val Max P-Miss: 1.3429 | Val Max Q-Miss: 1.1015 | Val Max Gen Viol: 0.0000 | Val Max Thermal: 0.2834
Epoch 5940 | Val Loss: 602.9856 | Val Cost: 52219.53 | Val Max P-Miss: 1.4297 | Val Max Q-Miss: 1.0998 | Val Max Gen Viol: 0.0000 | Val Max Thermal: 0.2724
Epoch 5950 | Val Loss: 668.8184 | Val Cost: 52020.34 | Val Max P-Miss: 1.4270 | Val Max Q-Miss: 1.1071 | Val Max Gen Viol: 0.0000 | Val Max Thermal: 0.2655
Epoch 5960 | Val Loss: 638.6196 | Val Cost: 51934.91 | Val Max P-Miss: 1.4049 | Val Max Q-Miss: 1.1020 | Val Max Gen Viol: 0.0000 | Val Max Thermal: 0.2754
Epoch 5970 | Val Loss: 535.6581 | Val Cost: 52088.59 | Val Max P-Miss: 1.2817 | Val Max Q-Miss: 1.1087 | Val Max Gen Viol: 0.0000 | Val Max Thermal: 0.3007
Epoch 5980 | Val Loss: 550.4832 | Val Cost: 52194.76 | Val Max P-Miss: 1.4196 | Val Max Q-Miss: 1.1098 | Val Max Gen Viol: 0.0000 | Val Max Thermal: 0.2968
Epoch 5990 | Val Loss: 568.2028 | Val Cost: 52262.02 | Val Max P-Miss: 1.5830 | Val Max Q-Miss: 1.0947 | Val Max Gen Viol: 0.0000 | Val Max Thermal: 0.2662
Epoch 6000 | Val Loss: 551.1897 | Val Cost: 52174.28 | Val Max P-Miss: 1.1639 | Val Max Q-Miss: 1.0997 | Val Max Gen Viol: 0.0000 | Val Max Thermal: 0.2749
Epoch 6010 | Val Loss: 607.0105 | Val Cost: 52497.44 | Val Max P-Miss: 1.3906 | Val Max Q-Miss: 1.1089 | Val Max Gen Viol: 0.0000 | Val Max Thermal: 0.3010
Epoch 6020 | Val Loss: 528.1716 | Val Cost: 52457.00 | Val Max P-Miss: 1.1654 | Val Max Q-Miss: 1.1215 | Val Max Gen Viol: 0.0000 | Val Max Thermal: 0.3277
Epoch 6030 | Val Loss: 615.7570 | Val Cost: 52492.13 | Val Max P-Miss: 1.3653 | Val Max Q-Miss: 1.0959 | Val Max Gen Viol: 0.0000 | Val Max Thermal: 0.2671
Epoch 6040 | Val Loss: 537.4097 | Val Cost: 52408.71 | Val Max P-Miss: 1.3169 | Val Max Q-Miss: 1.1324 | Val Max Gen Viol: 0.0000 | Val Max Thermal: 0.3547
Epoch 6050 | Val Loss: 594.9630 | Val Cost: 52483.85 | Val Max P-Miss: 1.2947 | Val Max Q-Miss: 1.1271 | Val Max Gen Viol: 0.0000 | Val Max Thermal: 0.3448
Epoch 6060 | Val Loss: 5300.2258 | Val Cost: 51904.92 | Val Max P-Miss: 6.3742 | Val Max Q-Miss: 2.3818 | Val Max Gen Viol: 0.0000 | Val Max Thermal: 12.8228
Epoch 6070 | Val Loss: 1207.1366 | Val Cost: 54598.06 | Val Max P-Miss: 2.8385 | Val Max Q-Miss: 1.3160 | Val Max Gen Viol: 0.0000 | Val Max Thermal: 0.7780
Epoch 6080 | Val Loss: 600.0726 | Val Cost: 52268.53 | Val Max P-Miss: 1.1395 | Val Max Q-Miss: 1.0985 | Val Max Gen Viol: 0.0000 | Val Max Thermal: 0.2215
Epoch 6090 | Val Loss: 1051.6173 | Val Cost: 53425.01 | Val Max P-Miss: 2.0517 | Val Max Q-Miss: 1.4742 | Val Max Gen Viol: 0.0000 | Val Max Thermal: 1.4463
Epoch 6100 | Val Loss: 758.2502 | Val Cost: 52033.83 | Val Max P-Miss: 1.6489 | Val Max Q-Miss: 1.1343 | Val Max Gen Viol: 0.0000 | Val Max Thermal: 0.2754
Epoch 6110 | Val Loss: 579.9023 | Val Cost: 52669.29 | Val Max P-Miss: 1.2691 | Val Max Q-Miss: 1.1049 | Val Max Gen Viol: 0.0000 | Val Max Thermal: 0.2992
Epoch 6120 | Val Loss: 605.0635 | Val Cost: 52569.80 | Val Max P-Miss: 1.4051 | Val Max Q-Miss: 1.1037 | Val Max Gen Viol: 0.0000 | Val Max Thermal: 0.2938
Epoch 6130 | Val Loss: 564.1973 | Val Cost: 52514.75 | Val Max P-Miss: 1.2617 | Val Max Q-Miss: 1.1027 | Val Max Gen Viol: 0.0000 | Val Max Thermal: 0.3010
Epoch 6140 | Val Loss: 586.2523 | Val Cost: 52570.25 | Val Max P-Miss: 1.3517 | Val Max Q-Miss: 1.0941 | Val Max Gen Viol: 0.0000 | Val Max Thermal: 0.2787
Epoch 6150 | Val Loss: 580.0559 | Val Cost: 52437.33 | Val Max P-Miss: 1.3490 | Val Max Q-Miss: 1.1082 | Val Max Gen Viol: 0.0000 | Val Max Thermal: 0.3266
Epoch 6160 | Val Loss: 632.9326 | Val Cost: 52656.27 | Val Max P-Miss: 1.4567 | Val Max Q-Miss: 1.0895 | Val Max Gen Viol: 0.0000 | Val Max Thermal: 0.2794
Epoch 6170 | Val Loss: 737.9870 | Val Cost: 48591.71 | Val Max P-Miss: 1.8752 | Val Max Q-Miss: 1.0520 | Val Max Gen Viol: 0.0000 | Val Max Thermal: 0.4121
Epoch 6180 | Val Loss: 808.5156 | Val Cost: 51866.06 | Val Max P-Miss: 1.6512 | Val Max Q-Miss: 1.1405 | Val Max Gen Viol: 0.0000 | Val Max Thermal: 0.4159
Epoch 6190 | Val Loss: 850.2425 | Val Cost: 52256.19 | Val Max P-Miss: 1.9640 | Val Max Q-Miss: 1.3431 | Val Max Gen Viol: 0.0000 | Val Max Thermal: 0.3132
Epoch 6200 | Val Loss: 592.0262 | Val Cost: 51824.17 | Val Max P-Miss: 1.0929 | Val Max Q-Miss: 1.1236 | Val Max Gen Viol: 0.0000 | Val Max Thermal: 0.3256
Epoch 6210 | Val Loss: 845.3499 | Val Cost: 52058.25 | Val Max P-Miss: 1.7485 | Val Max Q-Miss: 1.1756 | Val Max Gen Viol: 0.0000 | Val Max Thermal: 0.2869
Epoch 6220 | Val Loss: 645.4832 | Val Cost: 50877.22 | Val Max P-Miss: 1.3816 | Val Max Q-Miss: 1.2537 | Val Max Gen Viol: 0.0000 | Val Max Thermal: 0.6354
Epoch 6230 | Val Loss: 662.7403 | Val Cost: 50497.64 | Val Max P-Miss: 1.9437 | Val Max Q-Miss: 1.2196 | Val Max Gen Viol: 0.0000 | Val Max Thermal: 0.3053
Epoch 6240 | Val Loss: 804.1025 | Val Cost: 51532.39 | Val Max P-Miss: 2.0263 | Val Max Q-Miss: 1.1932 | Val Max Gen Viol: 0.0000 | Val Max Thermal: 0.5124
Epoch 6250 | Val Loss: 748.1070 | Val Cost: 52307.76 | Val Max P-Miss: 2.5018 | Val Max Q-Miss: 1.1195 | Val Max Gen Viol: 0.0000 | Val Max Thermal: 0.3309
Epoch 6260 | Val Loss: 726.0656 | Val Cost: 52179.46 | Val Max P-Miss: 2.3498 | Val Max Q-Miss: 1.1000 | Val Max Gen Viol: 0.0000 | Val Max Thermal: 0.2696
Epoch 6270 | Val Loss: 688.5762 | Val Cost: 52170.83 | Val Max P-Miss: 2.2259 | Val Max Q-Miss: 1.0986 | Val Max Gen Viol: 0.0000 | Val Max Thermal: 0.2733
Epoch 6280 | Val Loss: 687.2408 | Val Cost: 51574.00 | Val Max P-Miss: 2.1762 | Val Max Q-Miss: 1.0226 | Val Max Gen Viol: 0.0000 | Val Max Thermal: 0.4451
Epoch 6290 | Val Loss: 685.1679 | Val Cost: 50993.88 | Val Max P-Miss: 2.1533 | Val Max Q-Miss: 0.9786 | Val Max Gen Viol: 0.0000 | Val Max Thermal: 0.3397
Epoch 6300 | Val Loss: 668.7687 | Val Cost: 50690.10 | Val Max P-Miss: 1.8789 | Val Max Q-Miss: 1.0187 | Val Max Gen Viol: 0.0000 | Val Max Thermal: 0.3842
Epoch 6310 | Val Loss: 683.9940 | Val Cost: 49989.81 | Val Max P-Miss: 2.1687 | Val Max Q-Miss: 1.0084 | Val Max Gen Viol: 0.0000 | Val Max Thermal: 0.4071
Epoch 6320 | Val Loss: 705.6981 | Val Cost: 48960.40 | Val Max P-Miss: 2.4040 | Val Max Q-Miss: 1.4300 | Val Max Gen Viol: 0.0000 | Val Max Thermal: 0.3451
Epoch 6330 | Val Loss: 894.0429 | Val Cost: 48549.40 | Val Max P-Miss: 1.7013 | Val Max Q-Miss: 1.0320 | Val Max Gen Viol: 0.0000 | Val Max Thermal: 0.3386
Epoch 6340 | Val Loss: 739.7145 | Val Cost: 50707.33 | Val Max P-Miss: 1.4099 | Val Max Q-Miss: 1.0823 | Val Max Gen Viol: 0.0000 | Val Max Thermal: 0.4342
Epoch 6350 | Val Loss: 1032.3739 | Val Cost: 51200.18 | Val Max P-Miss: 2.5929 | Val Max Q-Miss: 1.0004 | Val Max Gen Viol: 0.0000 | Val Max Thermal: 0.5438
Epoch 6360 | Val Loss: 721.2465 | Val Cost: 50276.35 | Val Max P-Miss: 1.7585 | Val Max Q-Miss: 1.5352 | Val Max Gen Viol: 0.0000 | Val Max Thermal: 0.3512
Epoch 6370 | Val Loss: 800.9829 | Val Cost: 50585.55 | Val Max P-Miss: 1.6307 | Val Max Q-Miss: 1.2505 | Val Max Gen Viol: 0.0000 | Val Max Thermal: 0.4215
Epoch 6380 | Val Loss: 487.0105 | Val Cost: 52493.07 | Val Max P-Miss: 1.1374 | Val Max Q-Miss: 1.0891 | Val Max Gen Viol: 0.0000 | Val Max Thermal: 0.3588
Epoch 6390 | Val Loss: 503.4839 | Val Cost: 52247.54 | Val Max P-Miss: 1.3939 | Val Max Q-Miss: 1.0682 | Val Max Gen Viol: 0.0000 | Val Max Thermal: 0.3668
Epoch 6400 | Val Loss: 557.0739 | Val Cost: 52011.53 | Val Max P-Miss: 1.3523 | Val Max Q-Miss: 1.1042 | Val Max Gen Viol: 0.0000 | Val Max Thermal: 0.3764
Epoch 6410 | Val Loss: 540.3286 | Val Cost: 51946.34 | Val Max P-Miss: 1.2665 | Val Max Q-Miss: 1.1154 | Val Max Gen Viol: 0.0000 | Val Max Thermal: 0.3937
Epoch 6420 | Val Loss: 527.9874 | Val Cost: 51794.98 | Val Max P-Miss: 1.5537 | Val Max Q-Miss: 1.0938 | Val Max Gen Viol: 0.0000 | Val Max Thermal: 0.3532
Epoch 6430 | Val Loss: 499.5857 | Val Cost: 51984.59 | Val Max P-Miss: 1.4369 | Val Max Q-Miss: 1.0483 | Val Max Gen Viol: 0.0000 | Val Max Thermal: 0.3552
Epoch 6440 | Val Loss: 497.4465 | Val Cost: 51907.63 | Val Max P-Miss: 1.1502 | Val Max Q-Miss: 1.0553 | Val Max Gen Viol: 0.0000 | Val Max Thermal: 0.3469
Epoch 6450 | Val Loss: 481.4587 | Val Cost: 52086.01 | Val Max P-Miss: 1.3213 | Val Max Q-Miss: 1.0843 | Val Max Gen Viol: 0.0000 | Val Max Thermal: 0.3517
Epoch 6460 | Val Loss: 469.0608 | Val Cost: 52016.97 | Val Max P-Miss: 1.3291 | Val Max Q-Miss: 1.0840 | Val Max Gen Viol: 0.0000 | Val Max Thermal: 0.3777
Epoch 6470 | Val Loss: 484.5950 | Val Cost: 51988.21 | Val Max P-Miss: 1.3510 | Val Max Q-Miss: 1.0745 | Val Max Gen Viol: 0.0000 | Val Max Thermal: 0.4202
Epoch 6480 | Val Loss: 571.1219 | Val Cost: 51602.05 | Val Max P-Miss: 1.2782 | Val Max Q-Miss: 1.1142 | Val Max Gen Viol: 0.0000 | Val Max Thermal: 0.5924
Epoch 6490 | Val Loss: 558.1950 | Val Cost: 51912.89 | Val Max P-Miss: 1.5786 | Val Max Q-Miss: 1.0738 | Val Max Gen Viol: 0.0000 | Val Max Thermal: 0.4424
Epoch 6500 | Val Loss: 588.3550 | Val Cost: 51675.21 | Val Max P-Miss: 1.3104 | Val Max Q-Miss: 1.1835 | Val Max Gen Viol: 0.0000 | Val Max Thermal: 0.4386
Epoch 6510 | Val Loss: 824.8528 | Val Cost: 52574.80 | Val Max P-Miss: 1.5369 | Val Max Q-Miss: 1.0424 | Val Max Gen Viol: 0.0000 | Val Max Thermal: 0.3325
Epoch 6520 | Val Loss: 814.6862 | Val Cost: 51643.91 | Val Max P-Miss: 2.5202 | Val Max Q-Miss: 1.1190 | Val Max Gen Viol: 0.0000 | Val Max Thermal: 0.5055
Epoch 6530 | Val Loss: 746.3561 | Val Cost: 51955.05 | Val Max P-Miss: 1.8446 | Val Max Q-Miss: 1.0084 | Val Max Gen Viol: 0.0000 | Val Max Thermal: 0.2697
Epoch 6540 | Val Loss: 777.7743 | Val Cost: 49197.84 | Val Max P-Miss: 1.1825 | Val Max Q-Miss: 1.0922 | Val Max Gen Viol: 0.0000 | Val Max Thermal: 0.5472
Epoch 6550 | Val Loss: 786.4003 | Val Cost: 50235.57 | Val Max P-Miss: 1.7576 | Val Max Q-Miss: 1.0666 | Val Max Gen Viol: 0.0000 | Val Max Thermal: 0.2709
Epoch 6560 | Val Loss: 969.7386 | Val Cost: 50095.54 | Val Max P-Miss: 2.4711 | Val Max Q-Miss: 1.0504 | Val Max Gen Viol: 0.0000 | Val Max Thermal: 0.6507
Epoch 6570 | Val Loss: 711.5624 | Val Cost: 52290.77 | Val Max P-Miss: 1.2929 | Val Max Q-Miss: 1.0870 | Val Max Gen Viol: 0.0000 | Val Max Thermal: 0.4138
Epoch 6580 | Val Loss: 791.7725 | Val Cost: 50041.60 | Val Max P-Miss: 1.5098 | Val Max Q-Miss: 1.2142 | Val Max Gen Viol: 0.0000 | Val Max Thermal: 0.4007
Epoch 6590 | Val Loss: 734.1080 | Val Cost: 50776.29 | Val Max P-Miss: 1.2015 | Val Max Q-Miss: 1.1775 | Val Max Gen Viol: 0.0000 | Val Max Thermal: 0.6106
Epoch 6600 | Val Loss: 658.8023 | Val Cost: 51753.56 | Val Max P-Miss: 1.5305 | Val Max Q-Miss: 1.0844 | Val Max Gen Viol: 0.0000 | Val Max Thermal: 0.5083
Epoch 6610 | Val Loss: 544.5717 | Val Cost: 49894.79 | Val Max P-Miss: 1.5049 | Val Max Q-Miss: 1.1680 | Val Max Gen Viol: 0.0000 | Val Max Thermal: 0.3783
Epoch 6620 | Val Loss: 1524.7741 | Val Cost: 49679.63 | Val Max P-Miss: 3.4654 | Val Max Q-Miss: 1.5821 | Val Max Gen Viol: 0.0000 | Val Max Thermal: 0.2925
Epoch 6630 | Val Loss: 570.7606 | Val Cost: 52532.30 | Val Max P-Miss: 1.7617 | Val Max Q-Miss: 0.9153 | Val Max Gen Viol: 0.0000 | Val Max Thermal: 0.4166
Epoch 6640 | Val Loss: 714.5365 | Val Cost: 52079.55 | Val Max P-Miss: 2.4210 | Val Max Q-Miss: 1.0423 | Val Max Gen Viol: 0.0000 | Val Max Thermal: 0.3571
Epoch 6650 | Val Loss: 688.6933 | Val Cost: 51818.16 | Val Max P-Miss: 2.3947 | Val Max Q-Miss: 1.0547 | Val Max Gen Viol: 0.0000 | Val Max Thermal: 0.3503
Epoch 6660 | Val Loss: 678.2677 | Val Cost: 51656.78 | Val Max P-Miss: 2.3682 | Val Max Q-Miss: 1.0308 | Val Max Gen Viol: 0.0000 | Val Max Thermal: 0.3722
Epoch 6670 | Val Loss: 607.5688 | Val Cost: 51334.55 | Val Max P-Miss: 1.9543 | Val Max Q-Miss: 1.0034 | Val Max Gen Viol: 0.0000 | Val Max Thermal: 0.3693
Epoch 6680 | Val Loss: 713.0107 | Val Cost: 50920.68 | Val Max P-Miss: 2.2047 | Val Max Q-Miss: 0.9901 | Val Max Gen Viol: 0.0000 | Val Max Thermal: 0.3797
Epoch 6690 | Val Loss: 611.8706 | Val Cost: 50952.30 | Val Max P-Miss: 2.0894 | Val Max Q-Miss: 1.0294 | Val Max Gen Viol: 0.0000 | Val Max Thermal: 0.4027
Epoch 6700 | Val Loss: 615.4241 | Val Cost: 51099.56 | Val Max P-Miss: 2.0558 | Val Max Q-Miss: 1.0059 | Val Max Gen Viol: 0.0000 | Val Max Thermal: 0.3850
Epoch 6710 | Val Loss: 659.1385 | Val Cost: 51556.75 | Val Max P-Miss: 2.1968 | Val Max Q-Miss: 1.0514 | Val Max Gen Viol: 0.0000 | Val Max Thermal: 0.3711
Epoch 6720 | Val Loss: 655.7141 | Val Cost: 51736.64 | Val Max P-Miss: 2.3186 | Val Max Q-Miss: 1.0746 | Val Max Gen Viol: 0.0000 | Val Max Thermal: 0.3748
Epoch 6730 | Val Loss: 642.3448 | Val Cost: 51519.70 | Val Max P-Miss: 2.0297 | Val Max Q-Miss: 1.0587 | Val Max Gen Viol: 0.0000 | Val Max Thermal: 0.3614
Epoch 6740 | Val Loss: 1016.8138 | Val Cost: 50799.00 | Val Max P-Miss: 1.6330 | Val Max Q-Miss: 1.3952 | Val Max Gen Viol: 0.0000 | Val Max Thermal: 1.3750
Epoch 6750 | Val Loss: 570.9111 | Val Cost: 51415.81 | Val Max P-Miss: 1.1167 | Val Max Q-Miss: 1.0036 | Val Max Gen Viol: 0.0000 | Val Max Thermal: 0.3698
Epoch 6760 | Val Loss: 690.6424 | Val Cost: 48676.56 | Val Max P-Miss: 2.1634 | Val Max Q-Miss: 0.9583 | Val Max Gen Viol: 0.0000 | Val Max Thermal: 0.8930
Epoch 6770 | Val Loss: 998.9772 | Val Cost: 52722.68 | Val Max P-Miss: 3.4872 | Val Max Q-Miss: 1.0069 | Val Max Gen Viol: 0.0000 | Val Max Thermal: 0.6476
Epoch 6780 | Val Loss: 943.2685 | Val Cost: 43937.18 | Val Max P-Miss: 2.1503 | Val Max Q-Miss: 1.3635 | Val Max Gen Viol: 0.0000 | Val Max Thermal: 0.6164
Epoch 6790 | Val Loss: 745.1572 | Val Cost: 52018.66 | Val Max P-Miss: 2.5236 | Val Max Q-Miss: 1.0430 | Val Max Gen Viol: 0.0000 | Val Max Thermal: 0.3652
Epoch 6800 | Val Loss: 894.1117 | Val Cost: 52961.77 | Val Max P-Miss: 2.8767 | Val Max Q-Miss: 0.9827 | Val Max Gen Viol: 0.0000 | Val Max Thermal: 0.5910
Epoch 6810 | Val Loss: 531.5669 | Val Cost: 50987.27 | Val Max P-Miss: 1.0603 | Val Max Q-Miss: 0.9906 | Val Max Gen Viol: 0.0000 | Val Max Thermal: 0.4703
Epoch 6820 | Val Loss: 633.7783 | Val Cost: 52106.83 | Val Max P-Miss: 2.1623 | Val Max Q-Miss: 1.0472 | Val Max Gen Viol: 0.0000 | Val Max Thermal: 0.3436
Epoch 6830 | Val Loss: 690.1695 | Val Cost: 51908.83 | Val Max P-Miss: 2.4018 | Val Max Q-Miss: 1.0425 | Val Max Gen Viol: 0.0000 | Val Max Thermal: 0.3648
Epoch 6840 | Val Loss: 653.9826 | Val Cost: 51866.01 | Val Max P-Miss: 2.2525 | Val Max Q-Miss: 1.0711 | Val Max Gen Viol: 0.0000 | Val Max Thermal: 0.3878
Epoch 6850 | Val Loss: 659.8137 | Val Cost: 51917.55 | Val Max P-Miss: 2.2966 | Val Max Q-Miss: 1.0810 | Val Max Gen Viol: 0.0000 | Val Max Thermal: 0.3731
Epoch 6860 | Val Loss: 629.6865 | Val Cost: 51911.05 | Val Max P-Miss: 2.2489 | Val Max Q-Miss: 1.0939 | Val Max Gen Viol: 0.0000 | Val Max Thermal: 0.3736
Epoch 6870 | Val Loss: 606.8001 | Val Cost: 52008.65 | Val Max P-Miss: 2.0895 | Val Max Q-Miss: 1.0274 | Val Max Gen Viol: 0.0000 | Val Max Thermal: 0.3574
Epoch 6880 | Val Loss: 1481.0054 | Val Cost: 51872.97 | Val Max P-Miss: 1.9133 | Val Max Q-Miss: 1.0823 | Val Max Gen Viol: 0.0000 | Val Max Thermal: 0.3813
Epoch 6890 | Val Loss: 761.3213 | Val Cost: 51074.13 | Val Max P-Miss: 1.6466 | Val Max Q-Miss: 1.5109 | Val Max Gen Viol: 0.0000 | Val Max Thermal: 0.6904
Epoch 6900 | Val Loss: 611.4549 | Val Cost: 50090.69 | Val Max P-Miss: 1.7509 | Val Max Q-Miss: 1.3721 | Val Max Gen Viol: 0.0000 | Val Max Thermal: 0.3663
Epoch 6910 | Val Loss: 583.5439 | Val Cost: 49134.48 | Val Max P-Miss: 1.7411 | Val Max Q-Miss: 1.1998 | Val Max Gen Viol: 0.0000 | Val Max Thermal: 0.4086
Epoch 6920 | Val Loss: 689.1650 | Val Cost: 47671.76 | Val Max P-Miss: 1.7733 | Val Max Q-Miss: 1.0537 | Val Max Gen Viol: 0.0000 | Val Max Thermal: 0.5493
Epoch 6930 | Val Loss: 709.4355 | Val Cost: 52077.17 | Val Max P-Miss: 1.9952 | Val Max Q-Miss: 1.0412 | Val Max Gen Viol: 0.0000 | Val Max Thermal: 0.5480
Epoch 6940 | Val Loss: 641.8967 | Val Cost: 50487.42 | Val Max P-Miss: 1.1833 | Val Max Q-Miss: 1.0704 | Val Max Gen Viol: 0.0000 | Val Max Thermal: 0.3870
Epoch 6950 | Val Loss: 641.3016 | Val Cost: 50873.47 | Val Max P-Miss: 2.1402 | Val Max Q-Miss: 1.0025 | Val Max Gen Viol: 0.0000 | Val Max Thermal: 0.7967
Epoch 6960 | Val Loss: 681.8507 | Val Cost: 51447.39 | Val Max P-Miss: 2.5756 | Val Max Q-Miss: 1.4937 | Val Max Gen Viol: 0.0000 | Val Max Thermal: 0.3978
Epoch 6970 | Val Loss: 799.2945 | Val Cost: 50750.81 | Val Max P-Miss: 3.3385 | Val Max Q-Miss: 1.1896 | Val Max Gen Viol: 0.0000 | Val Max Thermal: 0.3689
Epoch 6980 | Val Loss: 613.1926 | Val Cost: 50995.19 | Val Max P-Miss: 1.3860 | Val Max Q-Miss: 1.0974 | Val Max Gen Viol: 0.0000 | Val Max Thermal: 0.5330
Epoch 6990 | Val Loss: 598.7970 | Val Cost: 52250.66 | Val Max P-Miss: 1.9600 | Val Max Q-Miss: 0.9958 | Val Max Gen Viol: 0.0000 | Val Max Thermal: 0.3701
Epoch 7000 | Val Loss: 649.5449 | Val Cost: 52136.26 | Val Max P-Miss: 2.3035 | Val Max Q-Miss: 1.0122 | Val Max Gen Viol: 0.0000 | Val Max Thermal: 0.3685
Epoch 7010 | Val Loss: 610.7831 | Val Cost: 51961.22 | Val Max P-Miss: 1.9179 | Val Max Q-Miss: 0.9970 | Val Max Gen Viol: 0.0000 | Val Max Thermal: 0.3470
Epoch 7020 | Val Loss: 593.1321 | Val Cost: 51893.71 | Val Max P-Miss: 2.2369 | Val Max Q-Miss: 1.0438 | Val Max Gen Viol: 0.0000 | Val Max Thermal: 0.3794
Epoch 7030 | Val Loss: 582.2970 | Val Cost: 51694.06 | Val Max P-Miss: 2.2200 | Val Max Q-Miss: 0.9931 | Val Max Gen Viol: 0.0000 | Val Max Thermal: 0.3587
Epoch 7040 | Val Loss: 581.6899 | Val Cost: 52006.86 | Val Max P-Miss: 1.9097 | Val Max Q-Miss: 1.0660 | Val Max Gen Viol: 0.0000 | Val Max Thermal: 0.3697
Epoch 7050 | Val Loss: 579.6858 | Val Cost: 52042.91 | Val Max P-Miss: 1.8421 | Val Max Q-Miss: 1.0416 | Val Max Gen Viol: 0.0000 | Val Max Thermal: 0.3699
Epoch 7060 | Val Loss: 603.1252 | Val Cost: 52230.39 | Val Max P-Miss: 2.2018 | Val Max Q-Miss: 1.0639 | Val Max Gen Viol: 0.0000 | Val Max Thermal: 0.3461
Epoch 7070 | Val Loss: 599.6316 | Val Cost: 52364.24 | Val Max P-Miss: 2.2385 | Val Max Q-Miss: 0.9151 | Val Max Gen Viol: 0.0000 | Val Max Thermal: 0.2995
Epoch 7080 | Val Loss: 607.8526 | Val Cost: 52418.26 | Val Max P-Miss: 2.3088 | Val Max Q-Miss: 0.9978 | Val Max Gen Viol: 0.0000 | Val Max Thermal: 0.3550
Epoch 7090 | Val Loss: 589.8204 | Val Cost: 52461.12 | Val Max P-Miss: 2.0236 | Val Max Q-Miss: 1.0429 | Val Max Gen Viol: 0.0000 | Val Max Thermal: 0.3693
Epoch 7100 | Val Loss: 557.2594 | Val Cost: 52417.38 | Val Max P-Miss: 1.9855 | Val Max Q-Miss: 0.9867 | Val Max Gen Viol: 0.0000 | Val Max Thermal: 0.3372
Epoch 7110 | Val Loss: 592.8551 | Val Cost: 52474.74 | Val Max P-Miss: 2.2906 | Val Max Q-Miss: 1.0308 | Val Max Gen Viol: 0.0000 | Val Max Thermal: 0.2810
Epoch 7120 | Val Loss: 536.9402 | Val Cost: 52421.56 | Val Max P-Miss: 2.1561 | Val Max Q-Miss: 0.9665 | Val Max Gen Viol: 0.0000 | Val Max Thermal: 0.3281
Epoch 7130 | Val Loss: 1210.4623 | Val Cost: 52924.03 | Val Max P-Miss: 2.6182 | Val Max Q-Miss: 0.9533 | Val Max Gen Viol: 0.0000 | Val Max Thermal: 1.0907
Epoch 7140 | Val Loss: 1090.3806 | Val Cost: 52609.40 | Val Max P-Miss: 1.8509 | Val Max Q-Miss: 1.4638 | Val Max Gen Viol: 0.0000 | Val Max Thermal: 3.6611
Epoch 7150 | Val Loss: 752.7224 | Val Cost: 53456.68 | Val Max P-Miss: 1.8963 | Val Max Q-Miss: 1.7440 | Val Max Gen Viol: 0.0000 | Val Max Thermal: 0.6070
Epoch 7160 | Val Loss: 727.8962 | Val Cost: 48062.53 | Val Max P-Miss: 2.7010 | Val Max Q-Miss: 1.4674 | Val Max Gen Viol: 0.0000 | Val Max Thermal: 0.1509
Epoch 7170 | Val Loss: 616.4649 | Val Cost: 52451.97 | Val Max P-Miss: 2.2217 | Val Max Q-Miss: 1.0449 | Val Max Gen Viol: 0.0000 | Val Max Thermal: 0.3672
Epoch 7180 | Val Loss: 626.1647 | Val Cost: 52399.15 | Val Max P-Miss: 2.3943 | Val Max Q-Miss: 1.0304 | Val Max Gen Viol: 0.0000 | Val Max Thermal: 0.3350
Epoch 7190 | Val Loss: 612.6813 | Val Cost: 52213.64 | Val Max P-Miss: 1.7979 | Val Max Q-Miss: 1.0695 | Val Max Gen Viol: 0.0000 | Val Max Thermal: 0.3832
Epoch 7200 | Val Loss: 896.8470 | Val Cost: 52405.28 | Val Max P-Miss: 1.8437 | Val Max Q-Miss: 1.3188 | Val Max Gen Viol: 0.0000 | Val Max Thermal: 0.4388
Epoch 7210 | Val Loss: 697.2293 | Val Cost: 51874.19 | Val Max P-Miss: 2.4914 | Val Max Q-Miss: 1.3975 | Val Max Gen Viol: 0.0000 | Val Max Thermal: 0.3819
Epoch 7220 | Val Loss: 1393.5156 | Val Cost: 51183.99 | Val Max P-Miss: 3.0474 | Val Max Q-Miss: 1.4487 | Val Max Gen Viol: 0.0000 | Val Max Thermal: 0.6170
Epoch 7230 | Val Loss: 600.3571 | Val Cost: 50697.44 | Val Max P-Miss: 1.7495 | Val Max Q-Miss: 1.0191 | Val Max Gen Viol: 0.0000 | Val Max Thermal: 0.6007
Epoch 7240 | Val Loss: 916.3788 | Val Cost: 52660.23 | Val Max P-Miss: 2.7097 | Val Max Q-Miss: 1.0517 | Val Max Gen Viol: 0.0000 | Val Max Thermal: 0.4124
Epoch 7250 | Val Loss: 912.7009 | Val Cost: 49239.03 | Val Max P-Miss: 2.2752 | Val Max Q-Miss: 1.1318 | Val Max Gen Viol: 0.0000 | Val Max Thermal: 0.3947
Epoch 7260 | Val Loss: 702.0785 | Val Cost: 52515.39 | Val Max P-Miss: 2.5044 | Val Max Q-Miss: 1.0413 | Val Max Gen Viol: 0.0000 | Val Max Thermal: 0.3581
Epoch 7270 | Val Loss: 656.1836 | Val Cost: 52387.10 | Val Max P-Miss: 2.2809 | Val Max Q-Miss: 1.0513 | Val Max Gen Viol: 0.0000 | Val Max Thermal: 0.3792
Epoch 7280 | Val Loss: 640.7228 | Val Cost: 52102.58 | Val Max P-Miss: 2.3020 | Val Max Q-Miss: 1.0230 | Val Max Gen Viol: 0.0000 | Val Max Thermal: 0.3633
Epoch 7290 | Val Loss: 632.1057 | Val Cost: 52047.53 | Val Max P-Miss: 2.1813 | Val Max Q-Miss: 1.0109 | Val Max Gen Viol: 0.0000 | Val Max Thermal: 0.3445
Epoch 7300 | Val Loss: 618.1237 | Val Cost: 52023.22 | Val Max P-Miss: 2.1503 | Val Max Q-Miss: 1.0210 | Val Max Gen Viol: 0.0000 | Val Max Thermal: 0.3382
Epoch 7310 | Val Loss: 604.6887 | Val Cost: 52053.72 | Val Max P-Miss: 1.9595 | Val Max Q-Miss: 1.1448 | Val Max Gen Viol: 0.0000 | Val Max Thermal: 0.3354
Epoch 7320 | Val Loss: 694.7536 | Val Cost: 49868.35 | Val Max P-Miss: 2.1468 | Val Max Q-Miss: 1.4970 | Val Max Gen Viol: 0.0000 | Val Max Thermal: 0.3785
Epoch 7330 | Val Loss: 631.0271 | Val Cost: 48973.78 | Val Max P-Miss: 1.5917 | Val Max Q-Miss: 1.3244 | Val Max Gen Viol: 0.0000 | Val Max Thermal: 0.3724
Epoch 7340 | Val Loss: 584.4804 | Val Cost: 49152.96 | Val Max P-Miss: 1.3074 | Val Max Q-Miss: 1.1726 | Val Max Gen Viol: 0.0000 | Val Max Thermal: 0.4321
Epoch 7350 | Val Loss: 906.3134 | Val Cost: 51702.07 | Val Max P-Miss: 2.2644 | Val Max Q-Miss: 1.0717 | Val Max Gen Viol: 0.0000 | Val Max Thermal: 1.4839
Epoch 7360 | Val Loss: 1005.5013 | Val Cost: 48420.36 | Val Max P-Miss: 2.2208 | Val Max Q-Miss: 1.1907 | Val Max Gen Viol: 0.0000 | Val Max Thermal: 0.7916
Epoch 7370 | Val Loss: 677.5146 | Val Cost: 54151.36 | Val Max P-Miss: 1.4850 | Val Max Q-Miss: 1.4270 | Val Max Gen Viol: 0.0000 | Val Max Thermal: 0.4655
Epoch 7380 | Val Loss: 721.7524 | Val Cost: 49119.10 | Val Max P-Miss: 1.6069 | Val Max Q-Miss: 0.9845 | Val Max Gen Viol: 0.0000 | Val Max Thermal: 0.8157
Epoch 7390 | Val Loss: 772.5407 | Val Cost: 53483.12 | Val Max P-Miss: 3.1448 | Val Max Q-Miss: 1.1241 | Val Max Gen Viol: 0.0000 | Val Max Thermal: 0.3083
Epoch 7400 | Val Loss: 578.5367 | Val Cost: 52229.16 | Val Max P-Miss: 1.5559 | Val Max Q-Miss: 1.0164 | Val Max Gen Viol: 0.0000 | Val Max Thermal: 0.3657
Epoch 7410 | Val Loss: 529.8555 | Val Cost: 51810.86 | Val Max P-Miss: 1.3688 | Val Max Q-Miss: 1.0848 | Val Max Gen Viol: 0.0000 | Val Max Thermal: 0.3503
Epoch 7420 | Val Loss: 609.1765 | Val Cost: 51732.03 | Val Max P-Miss: 1.6387 | Val Max Q-Miss: 1.1012 | Val Max Gen Viol: 0.0000 | Val Max Thermal: 0.3584
Epoch 7430 | Val Loss: 511.2167 | Val Cost: 51629.02 | Val Max P-Miss: 1.2556 | Val Max Q-Miss: 1.0518 | Val Max Gen Viol: 0.0000 | Val Max Thermal: 0.3479
Epoch 7440 | Val Loss: 518.9721 | Val Cost: 51655.09 | Val Max P-Miss: 1.2974 | Val Max Q-Miss: 1.0724 | Val Max Gen Viol: 0.0000 | Val Max Thermal: 0.3619
Epoch 7450 | Val Loss: 497.2407 | Val Cost: 51722.55 | Val Max P-Miss: 1.2653 | Val Max Q-Miss: 1.0973 | Val Max Gen Viol: 0.0000 | Val Max Thermal: 0.3825
Epoch 7460 | Val Loss: 497.2076 | Val Cost: 51808.31 | Val Max P-Miss: 1.3147 | Val Max Q-Miss: 1.0915 | Val Max Gen Viol: 0.0000 | Val Max Thermal: 0.3630
Epoch 7470 | Val Loss: 498.3373 | Val Cost: 51859.07 | Val Max P-Miss: 1.2839 | Val Max Q-Miss: 1.0658 | Val Max Gen Viol: 0.0000 | Val Max Thermal: 0.3584
Epoch 7480 | Val Loss: 505.4251 | Val Cost: 51887.97 | Val Max P-Miss: 1.3814 | Val Max Q-Miss: 1.0881 | Val Max Gen Viol: 0.0000 | Val Max Thermal: 0.3556
Epoch 7490 | Val Loss: 497.0763 | Val Cost: 51915.17 | Val Max P-Miss: 1.3848 | Val Max Q-Miss: 1.1285 | Val Max Gen Viol: 0.0000 | Val Max Thermal: 0.3696
Epoch 7500 | Val Loss: 569.5816 | Val Cost: 51962.41 | Val Max P-Miss: 1.4460 | Val Max Q-Miss: 1.0506 | Val Max Gen Viol: 0.0000 | Val Max Thermal: 0.3510
Epoch 7510 | Val Loss: 521.7227 | Val Cost: 52240.49 | Val Max P-Miss: 1.3436 | Val Max Q-Miss: 1.1338 | Val Max Gen Viol: 0.0000 | Val Max Thermal: 0.3651
Epoch 7520 | Val Loss: 509.7993 | Val Cost: 51994.78 | Val Max P-Miss: 1.3481 | Val Max Q-Miss: 1.1105 | Val Max Gen Viol: 0.0000 | Val Max Thermal: 0.3796
Epoch 7530 | Val Loss: 702.7491 | Val Cost: 51093.67 | Val Max P-Miss: 1.9805 | Val Max Q-Miss: 1.2862 | Val Max Gen Viol: 0.0000 | Val Max Thermal: 0.2983
Epoch 7540 | Val Loss: 934.5475 | Val Cost: 51761.36 | Val Max P-Miss: 2.7825 | Val Max Q-Miss: 1.4312 | Val Max Gen Viol: 0.0000 | Val Max Thermal: 0.9113
Epoch 7550 | Val Loss: 598.8870 | Val Cost: 51184.91 | Val Max P-Miss: 1.6369 | Val Max Q-Miss: 1.3230 | Val Max Gen Viol: 0.0000 | Val Max Thermal: 0.3713
Epoch 7560 | Val Loss: 1105.9149 | Val Cost: 50334.85 | Val Max P-Miss: 2.9697 | Val Max Q-Miss: 1.6009 | Val Max Gen Viol: 0.0000 | Val Max Thermal: 0.1756
Epoch 7570 | Val Loss: 699.3520 | Val Cost: 52967.77 | Val Max P-Miss: 1.7463 | Val Max Q-Miss: 0.9678 | Val Max Gen Viol: 0.0000 | Val Max Thermal: 0.4508
Epoch 7580 | Val Loss: 585.6460 | Val Cost: 52026.23 | Val Max P-Miss: 1.6367 | Val Max Q-Miss: 1.0969 | Val Max Gen Viol: 0.0000 | Val Max Thermal: 0.3271
Epoch 7590 | Val Loss: 482.0691 | Val Cost: 52139.08 | Val Max P-Miss: 1.3054 | Val Max Q-Miss: 1.1024 | Val Max Gen Viol: 0.0000 | Val Max Thermal: 0.3510
Epoch 7600 | Val Loss: 466.5690 | Val Cost: 51964.13 | Val Max P-Miss: 1.1491 | Val Max Q-Miss: 1.0889 | Val Max Gen Viol: 0.0000 | Val Max Thermal: 0.3839
Epoch 7610 | Val Loss: 488.2563 | Val Cost: 51915.02 | Val Max P-Miss: 1.1854 | Val Max Q-Miss: 1.0947 | Val Max Gen Viol: 0.0000 | Val Max Thermal: 0.4319
Epoch 7620 | Val Loss: 523.5934 | Val Cost: 51828.61 | Val Max P-Miss: 1.4839 | Val Max Q-Miss: 1.1010 | Val Max Gen Viol: 0.0000 | Val Max Thermal: 0.4369
Epoch 7630 | Val Loss: 1093.7674 | Val Cost: 50656.68 | Val Max P-Miss: 4.3401 | Val Max Q-Miss: 2.3857 | Val Max Gen Viol: 0.0000 | Val Max Thermal: 0.3043
Epoch 7640 | Val Loss: 679.6818 | Val Cost: 49764.06 | Val Max P-Miss: 2.0094 | Val Max Q-Miss: 1.2339 | Val Max Gen Viol: 0.0000 | Val Max Thermal: 0.3912
Epoch 7650 | Val Loss: 587.2275 | Val Cost: 49098.27 | Val Max P-Miss: 1.7454 | Val Max Q-Miss: 1.2776 | Val Max Gen Viol: 0.0000 | Val Max Thermal: 0.3870
Epoch 7660 | Val Loss: 3177.8161 | Val Cost: 46619.40 | Val Max P-Miss: 4.6117 | Val Max Q-Miss: 1.3912 | Val Max Gen Viol: 0.0000 | Val Max Thermal: 1.6611
Epoch 7670 | Val Loss: 953.8340 | Val Cost: 51618.20 | Val Max P-Miss: 2.2639 | Val Max Q-Miss: 1.2423 | Val Max Gen Viol: 0.0000 | Val Max Thermal: 0.5553
Epoch 7680 | Val Loss: 742.8250 | Val Cost: 48952.97 | Val Max P-Miss: 2.4904 | Val Max Q-Miss: 1.1868 | Val Max Gen Viol: 0.0000 | Val Max Thermal: 0.5265
Epoch 7690 | Val Loss: 823.0250 | Val Cost: 46719.80 | Val Max P-Miss: 3.3583 | Val Max Q-Miss: 1.3249 | Val Max Gen Viol: 0.0000 | Val Max Thermal: 0.5986
Epoch 7700 | Val Loss: 620.8883 | Val Cost: 52796.18 | Val Max P-Miss: 2.1489 | Val Max Q-Miss: 1.0225 | Val Max Gen Viol: 0.0000 | Val Max Thermal: 0.3965
Epoch 7710 | Val Loss: 654.3678 | Val Cost: 51953.40 | Val Max P-Miss: 2.3572 | Val Max Q-Miss: 1.0400 | Val Max Gen Viol: 0.0000 | Val Max Thermal: 0.3557
Epoch 7720 | Val Loss: 597.8036 | Val Cost: 51655.33 | Val Max P-Miss: 1.9476 | Val Max Q-Miss: 1.0162 | Val Max Gen Viol: 0.0000 | Val Max Thermal: 0.3544
Epoch 7730 | Val Loss: 578.8664 | Val Cost: 51308.24 | Val Max P-Miss: 1.8690 | Val Max Q-Miss: 1.0159 | Val Max Gen Viol: 0.0000 | Val Max Thermal: 0.3719
Epoch 7740 | Val Loss: 640.4029 | Val Cost: 50933.25 | Val Max P-Miss: 2.0543 | Val Max Q-Miss: 1.0067 | Val Max Gen Viol: 0.0000 | Val Max Thermal: 0.3818
Epoch 7750 | Val Loss: 671.1647 | Val Cost: 50834.31 | Val Max P-Miss: 2.1385 | Val Max Q-Miss: 1.0063 | Val Max Gen Viol: 0.0000 | Val Max Thermal: 0.3764
Epoch 7760 | Val Loss: 576.4008 | Val Cost: 51200.47 | Val Max P-Miss: 2.0219 | Val Max Q-Miss: 1.0249 | Val Max Gen Viol: 0.0000 | Val Max Thermal: 0.3844
Epoch 7770 | Val Loss: 595.4971 | Val Cost: 51534.50 | Val Max P-Miss: 2.0101 | Val Max Q-Miss: 1.0454 | Val Max Gen Viol: 0.0000 | Val Max Thermal: 0.3593
Epoch 7780 | Val Loss: 615.6252 | Val Cost: 51759.93 | Val Max P-Miss: 2.2144 | Val Max Q-Miss: 1.0594 | Val Max Gen Viol: 0.0000 | Val Max Thermal: 0.3489
Epoch 7790 | Val Loss: 666.8969 | Val Cost: 51075.22 | Val Max P-Miss: 2.1181 | Val Max Q-Miss: 1.0704 | Val Max Gen Viol: 0.0000 | Val Max Thermal: 0.2974
Epoch 7800 | Val Loss: 675.8107 | Val Cost: 51189.01 | Val Max P-Miss: 1.3782 | Val Max Q-Miss: 1.1012 | Val Max Gen Viol: 0.0000 | Val Max Thermal: 0.4954
Epoch 7810 | Val Loss: 669.7564 | Val Cost: 50501.11 | Val Max P-Miss: 1.4736 | Val Max Q-Miss: 1.2021 | Val Max Gen Viol: 0.0000 | Val Max Thermal: 0.3390
Epoch 7820 | Val Loss: 1768.5018 | Val Cost: 52836.00 | Val Max P-Miss: 2.0884 | Val Max Q-Miss: 0.9645 | Val Max Gen Viol: 0.0000 | Val Max Thermal: 8.5870
Epoch 7830 | Val Loss: 733.4668 | Val Cost: 50153.58 | Val Max P-Miss: 1.4238 | Val Max Q-Miss: 1.1387 | Val Max Gen Viol: 0.0000 | Val Max Thermal: 0.4947
Epoch 7840 | Val Loss: 581.1999 | Val Cost: 52294.92 | Val Max P-Miss: 2.0618 | Val Max Q-Miss: 1.0392 | Val Max Gen Viol: 0.0000 | Val Max Thermal: 0.3627
Epoch 7850 | Val Loss: 600.5837 | Val Cost: 52047.70 | Val Max P-Miss: 2.1856 | Val Max Q-Miss: 1.0513 | Val Max Gen Viol: 0.0000 | Val Max Thermal: 0.3630
Epoch 7860 | Val Loss: 546.6965 | Val Cost: 52210.70 | Val Max P-Miss: 1.9321 | Val Max Q-Miss: 1.0333 | Val Max Gen Viol: 0.0000 | Val Max Thermal: 0.3437
Epoch 7870 | Val Loss: 577.1312 | Val Cost: 52248.09 | Val Max P-Miss: 2.1289 | Val Max Q-Miss: 1.0231 | Val Max Gen Viol: 0.0000 | Val Max Thermal: 0.3374
Epoch 7880 | Val Loss: 583.8388 | Val Cost: 52212.31 | Val Max P-Miss: 2.0053 | Val Max Q-Miss: 1.0664 | Val Max Gen Viol: 0.0000 | Val Max Thermal: 0.3233
Epoch 7890 | Val Loss: 529.6985 | Val Cost: 52250.12 | Val Max P-Miss: 1.9037 | Val Max Q-Miss: 1.0180 | Val Max Gen Viol: 0.0000 | Val Max Thermal: 0.3510
Epoch 7900 | Val Loss: 550.7767 | Val Cost: 52250.78 | Val Max P-Miss: 1.8729 | Val Max Q-Miss: 1.0822 | Val Max Gen Viol: 0.0000 | Val Max Thermal: 0.3578
Epoch 7910 | Val Loss: 895.4627 | Val Cost: 49852.00 | Val Max P-Miss: 2.1164 | Val Max Q-Miss: 1.3243 | Val Max Gen Viol: 0.0000 | Val Max Thermal: 1.0017
Epoch 7920 | Val Loss: 677.4569 | Val Cost: 47008.81 | Val Max P-Miss: 1.6025 | Val Max Q-Miss: 1.2844 | Val Max Gen Viol: 0.0000 | Val Max Thermal: 0.1832
Epoch 7930 | Val Loss: 625.2183 | Val Cost: 52160.23 | Val Max P-Miss: 1.3999 | Val Max Q-Miss: 1.0261 | Val Max Gen Viol: 0.0000 | Val Max Thermal: 0.6505
Epoch 7940 | Val Loss: 776.8482 | Val Cost: 50143.72 | Val Max P-Miss: 3.1820 | Val Max Q-Miss: 1.2530 | Val Max Gen Viol: 0.0000 | Val Max Thermal: 0.1943
Epoch 7950 | Val Loss: 791.7508 | Val Cost: 50953.95 | Val Max P-Miss: 2.1452 | Val Max Q-Miss: 1.0434 | Val Max Gen Viol: 0.0000 | Val Max Thermal: 0.1808
Epoch 7960 | Val Loss: 602.1588 | Val Cost: 50258.67 | Val Max P-Miss: 1.8358 | Val Max Q-Miss: 1.0847 | Val Max Gen Viol: 0.0000 | Val Max Thermal: 0.3741
Epoch 7970 | Val Loss: 462.0906 | Val Cost: 49394.70 | Val Max P-Miss: 1.4938 | Val Max Q-Miss: 1.0277 | Val Max Gen Viol: 0.0000 | Val Max Thermal: 0.3696
Epoch 7980 | Val Loss: 650.7810 | Val Cost: 50076.28 | Val Max P-Miss: 1.5415 | Val Max Q-Miss: 0.9438 | Val Max Gen Viol: 0.0000 | Val Max Thermal: 0.6561
Epoch 7990 | Val Loss: 594.7146 | Val Cost: 50624.30 | Val Max P-Miss: 1.4166 | Val Max Q-Miss: 1.1378 | Val Max Gen Viol: 0.0000 | Val Max Thermal: 0.3893
Epoch 8000 | Val Loss: 704.1632 | Val Cost: 51847.76 | Val Max P-Miss: 1.9136 | Val Max Q-Miss: 1.0199 | Val Max Gen Viol: 0.0000 | Val Max Thermal: 0.5738
Epoch 8010 | Val Loss: 543.9078 | Val Cost: 52029.87 | Val Max P-Miss: 1.5046 | Val Max Q-Miss: 1.0662 | Val Max Gen Viol: 0.0000 | Val Max Thermal: 0.3510
Epoch 8020 | Val Loss: 585.5925 | Val Cost: 51877.95 | Val Max P-Miss: 1.5155 | Val Max Q-Miss: 1.0865 | Val Max Gen Viol: 0.0000 | Val Max Thermal: 0.3644
Epoch 8030 | Val Loss: 527.4570 | Val Cost: 51877.40 | Val Max P-Miss: 1.5424 | Val Max Q-Miss: 1.1222 | Val Max Gen Viol: 0.0000 | Val Max Thermal: 0.3532
Epoch 8040 | Val Loss: 486.5261 | Val Cost: 51786.07 | Val Max P-Miss: 1.3026 | Val Max Q-Miss: 1.0888 | Val Max Gen Viol: 0.0000 | Val Max Thermal: 0.3634
Epoch 8050 | Val Loss: 485.2285 | Val Cost: 51781.57 | Val Max P-Miss: 1.2616 | Val Max Q-Miss: 1.0893 | Val Max Gen Viol: 0.0000 | Val Max Thermal: 0.3740
Epoch 8060 | Val Loss: 492.0910 | Val Cost: 51908.13 | Val Max P-Miss: 1.2707 | Val Max Q-Miss: 1.0811 | Val Max Gen Viol: 0.0000 | Val Max Thermal: 0.3521
Epoch 8070 | Val Loss: 522.7575 | Val Cost: 51869.58 | Val Max P-Miss: 1.3545 | Val Max Q-Miss: 1.0974 | Val Max Gen Viol: 0.0000 | Val Max Thermal: 0.3944
Epoch 8080 | Val Loss: 495.4569 | Val Cost: 51900.02 | Val Max P-Miss: 1.3953 | Val Max Q-Miss: 1.0935 | Val Max Gen Viol: 0.0000 | Val Max Thermal: 0.3753
Epoch 8090 | Val Loss: 478.3242 | Val Cost: 51931.31 | Val Max P-Miss: 1.2358 | Val Max Q-Miss: 1.0717 | Val Max Gen Viol: 0.0000 | Val Max Thermal: 0.4034
Epoch 8100 | Val Loss: 603.5396 | Val Cost: 51506.39 | Val Max P-Miss: 1.5187 | Val Max Q-Miss: 1.0719 | Val Max Gen Viol: 0.0000 | Val Max Thermal: 0.4230
Epoch 8110 | Val Loss: 484.9184 | Val Cost: 52167.84 | Val Max P-Miss: 1.3728 | Val Max Q-Miss: 1.0586 | Val Max Gen Viol: 0.0000 | Val Max Thermal: 0.3980
Epoch 8120 | Val Loss: 482.9991 | Val Cost: 51947.48 | Val Max P-Miss: 1.3139 | Val Max Q-Miss: 1.0555 | Val Max Gen Viol: 0.0000 | Val Max Thermal: 0.4032
Epoch 8130 | Val Loss: 541.9391 | Val Cost: 51605.41 | Val Max P-Miss: 1.4655 | Val Max Q-Miss: 1.0573 | Val Max Gen Viol: 0.0000 | Val Max Thermal: 0.4443
Epoch 8140 | Val Loss: 523.3576 | Val Cost: 51963.71 | Val Max P-Miss: 1.3517 | Val Max Q-Miss: 1.0404 | Val Max Gen Viol: 0.0000 | Val Max Thermal: 0.4450
Epoch 8150 | Val Loss: 491.8004 | Val Cost: 51970.23 | Val Max P-Miss: 1.3541 | Val Max Q-Miss: 1.1278 | Val Max Gen Viol: 0.0000 | Val Max Thermal: 0.4132
Epoch 8160 | Val Loss: 1046.7226 | Val Cost: 50832.68 | Val Max P-Miss: 2.8587 | Val Max Q-Miss: 1.3384 | Val Max Gen Viol: 0.0000 | Val Max Thermal: 0.2737
Epoch 8170 | Val Loss: 1492.5931 | Val Cost: 49599.51 | Val Max P-Miss: 3.2259 | Val Max Q-Miss: 1.5148 | Val Max Gen Viol: 0.0000 | Val Max Thermal: 1.4172
Epoch 8180 | Val Loss: 944.1388 | Val Cost: 51857.46 | Val Max P-Miss: 2.6886 | Val Max Q-Miss: 1.2809 | Val Max Gen Viol: 0.0000 | Val Max Thermal: 0.4597
Epoch 8190 | Val Loss: 841.0027 | Val Cost: 48744.74 | Val Max P-Miss: 1.9449 | Val Max Q-Miss: 1.0008 | Val Max Gen Viol: 0.0000 | Val Max Thermal: 0.8034
Epoch 8200 | Val Loss: 648.5018 | Val Cost: 48711.13 | Val Max P-Miss: 1.2911 | Val Max Q-Miss: 1.0559 | Val Max Gen Viol: 0.0000 | Val Max Thermal: 0.3053
Epoch 8210 | Val Loss: 549.0559 | Val Cost: 51547.56 | Val Max P-Miss: 2.0615 | Val Max Q-Miss: 0.9810 | Val Max Gen Viol: 0.0000 | Val Max Thermal: 0.5636
Epoch 8220 | Val Loss: 613.7656 | Val Cost: 52020.02 | Val Max P-Miss: 2.2137 | Val Max Q-Miss: 1.0425 | Val Max Gen Viol: 0.0000 | Val Max Thermal: 0.3537
Epoch 8230 | Val Loss: 614.7977 | Val Cost: 51812.40 | Val Max P-Miss: 2.1860 | Val Max Q-Miss: 1.0590 | Val Max Gen Viol: 0.0000 | Val Max Thermal: 0.3765
Epoch 8240 | Val Loss: 591.4479 | Val Cost: 51775.86 | Val Max P-Miss: 2.1924 | Val Max Q-Miss: 1.0800 | Val Max Gen Viol: 0.0000 | Val Max Thermal: 0.3709
Epoch 8250 | Val Loss: 615.4904 | Val Cost: 51875.87 | Val Max P-Miss: 2.2328 | Val Max Q-Miss: 1.0377 | Val Max Gen Viol: 0.0000 | Val Max Thermal: 0.3709
Epoch 8260 | Val Loss: 619.6781 | Val Cost: 52111.68 | Val Max P-Miss: 2.0777 | Val Max Q-Miss: 1.0034 | Val Max Gen Viol: 0.0000 | Val Max Thermal: 0.3356
Epoch 8270 | Val Loss: 914.7195 | Val Cost: 53046.63 | Val Max P-Miss: 1.7474 | Val Max Q-Miss: 0.9983 | Val Max Gen Viol: 0.0000 | Val Max Thermal: 0.6978
Epoch 8280 | Val Loss: 569.8728 | Val Cost: 51938.00 | Val Max P-Miss: 1.3312 | Val Max Q-Miss: 0.9668 | Val Max Gen Viol: 0.0000 | Val Max Thermal: 0.4716
Epoch 8290 | Val Loss: 907.7229 | Val Cost: 49234.04 | Val Max P-Miss: 2.9111 | Val Max Q-Miss: 1.6231 | Val Max Gen Viol: 0.0000 | Val Max Thermal: 0.2537
Epoch 8300 | Val Loss: 658.8461 | Val Cost: 49572.81 | Val Max P-Miss: 1.7424 | Val Max Q-Miss: 1.3925 | Val Max Gen Viol: 0.0000 | Val Max Thermal: 0.3368
Epoch 8310 | Val Loss: 740.4453 | Val Cost: 50606.56 | Val Max P-Miss: 2.1424 | Val Max Q-Miss: 1.0979 | Val Max Gen Viol: 0.0000 | Val Max Thermal: 0.4417
Epoch 8320 | Val Loss: 571.2879 | Val Cost: 52440.65 | Val Max P-Miss: 1.6887 | Val Max Q-Miss: 1.1977 | Val Max Gen Viol: 0.0000 | Val Max Thermal: 0.3879
Epoch 8330 | Val Loss: 485.4947 | Val Cost: 51956.80 | Val Max P-Miss: 1.3986 | Val Max Q-Miss: 1.0611 | Val Max Gen Viol: 0.0000 | Val Max Thermal: 0.3601
Epoch 8340 | Val Loss: 469.1627 | Val Cost: 51944.58 | Val Max P-Miss: 1.1993 | Val Max Q-Miss: 1.0925 | Val Max Gen Viol: 0.0000 | Val Max Thermal: 0.3412
Epoch 8350 | Val Loss: 530.4218 | Val Cost: 51890.49 | Val Max P-Miss: 1.5473 | Val Max Q-Miss: 1.0594 | Val Max Gen Viol: 0.0000 | Val Max Thermal: 0.3466
Epoch 8360 | Val Loss: 464.3043 | Val Cost: 51942.64 | Val Max P-Miss: 1.2346 | Val Max Q-Miss: 1.0937 | Val Max Gen Viol: 0.0000 | Val Max Thermal: 0.3721
Epoch 8370 | Val Loss: 479.0442 | Val Cost: 51940.54 | Val Max P-Miss: 1.3565 | Val Max Q-Miss: 1.0949 | Val Max Gen Viol: 0.0000 | Val Max Thermal: 0.3801
Epoch 8380 | Val Loss: 484.9518 | Val Cost: 52007.89 | Val Max P-Miss: 1.2164 | Val Max Q-Miss: 1.0875 | Val Max Gen Viol: 0.0000 | Val Max Thermal: 0.3473
Epoch 8390 | Val Loss: 482.8364 | Val Cost: 52022.67 | Val Max P-Miss: 1.4229 | Val Max Q-Miss: 1.1225 | Val Max Gen Viol: 0.0000 | Val Max Thermal: 0.3245
Epoch 8400 | Val Loss: 587.8494 | Val Cost: 51462.36 | Val Max P-Miss: 1.4145 | Val Max Q-Miss: 1.0258 | Val Max Gen Viol: 0.0000 | Val Max Thermal: 0.4109
Epoch 8410 | Val Loss: 714.4462 | Val Cost: 49845.50 | Val Max P-Miss: 1.8254 | Val Max Q-Miss: 1.2635 | Val Max Gen Viol: 0.0000 | Val Max Thermal: 0.0800
Epoch 8420 | Val Loss: 660.1737 | Val Cost: 49050.85 | Val Max P-Miss: 1.8362 | Val Max Q-Miss: 1.0040 | Val Max Gen Viol: 0.0000 | Val Max Thermal: 0.2856
Epoch 8430 | Val Loss: 686.5386 | Val Cost: 50354.42 | Val Max P-Miss: 1.7100 | Val Max Q-Miss: 1.0262 | Val Max Gen Viol: 0.0000 | Val Max Thermal: 0.3139
Epoch 8440 | Val Loss: 627.4915 | Val Cost: 49044.58 | Val Max P-Miss: 1.5309 | Val Max Q-Miss: 1.1417 | Val Max Gen Viol: 0.0000 | Val Max Thermal: 0.5046
Epoch 8450 | Val Loss: 652.4890 | Val Cost: 51745.71 | Val Max P-Miss: 2.3573 | Val Max Q-Miss: 1.0603 | Val Max Gen Viol: 0.0000 | Val Max Thermal: 0.3572
Epoch 8460 | Val Loss: 619.0968 | Val Cost: 51772.32 | Val Max P-Miss: 2.2176 | Val Max Q-Miss: 1.0593 | Val Max Gen Viol: 0.0000 | Val Max Thermal: 0.3519
Epoch 8470 | Val Loss: 567.9077 | Val Cost: 51753.51 | Val Max P-Miss: 2.0681 | Val Max Q-Miss: 1.0273 | Val Max Gen Viol: 0.0000 | Val Max Thermal: 0.3447
Epoch 8480 | Val Loss: 604.8973 | Val Cost: 51827.38 | Val Max P-Miss: 2.1714 | Val Max Q-Miss: 1.0627 | Val Max Gen Viol: 0.0000 | Val Max Thermal: 0.3748
Epoch 8490 | Val Loss: 571.9662 | Val Cost: 51830.41 | Val Max P-Miss: 1.9900 | Val Max Q-Miss: 1.0469 | Val Max Gen Viol: 0.0000 | Val Max Thermal: 0.3754
Epoch 8500 | Val Loss: 595.8819 | Val Cost: 51875.54 | Val Max P-Miss: 2.1965 | Val Max Q-Miss: 1.0210 | Val Max Gen Viol: 0.0000 | Val Max Thermal: 0.3761
Epoch 8510 | Val Loss: 616.0371 | Val Cost: 51917.49 | Val Max P-Miss: 2.2059 | Val Max Q-Miss: 1.0366 | Val Max Gen Viol: 0.0000 | Val Max Thermal: 0.3700
Epoch 8520 | Val Loss: 483.7067 | Val Cost: 52004.65 | Val Max P-Miss: 1.6457 | Val Max Q-Miss: 1.0522 | Val Max Gen Viol: 0.0000 | Val Max Thermal: 0.3844
Epoch 8530 | Val Loss: 1174.8974 | Val Cost: 48359.28 | Val Max P-Miss: 3.4732 | Val Max Q-Miss: 1.3164 | Val Max Gen Viol: 0.0000 | Val Max Thermal: 0.5603
Epoch 8540 | Val Loss: 1343.3090 | Val Cost: 53253.60 | Val Max P-Miss: 3.1770 | Val Max Q-Miss: 1.2358 | Val Max Gen Viol: 0.0000 | Val Max Thermal: 0.7449
Epoch 8550 | Val Loss: 611.4047 | Val Cost: 51031.88 | Val Max P-Miss: 1.8164 | Val Max Q-Miss: 1.0935 | Val Max Gen Viol: 0.0000 | Val Max Thermal: 0.5380
Epoch 8560 | Val Loss: 693.8667 | Val Cost: 49994.25 | Val Max P-Miss: 1.6561 | Val Max Q-Miss: 1.0481 | Val Max Gen Viol: 0.0000 | Val Max Thermal: 0.5018
Epoch 8570 | Val Loss: 554.8784 | Val Cost: 51553.77 | Val Max P-Miss: 1.8170 | Val Max Q-Miss: 1.0807 | Val Max Gen Viol: 0.0000 | Val Max Thermal: 0.3597
Epoch 8580 | Val Loss: 575.9009 | Val Cost: 51683.41 | Val Max P-Miss: 2.1988 | Val Max Q-Miss: 1.0587 | Val Max Gen Viol: 0.0000 | Val Max Thermal: 0.3474
Epoch 8590 | Val Loss: 535.6773 | Val Cost: 51683.74 | Val Max P-Miss: 1.8170 | Val Max Q-Miss: 1.0356 | Val Max Gen Viol: 0.0000 | Val Max Thermal: 0.3617
Epoch 8600 | Val Loss: 528.1809 | Val Cost: 51899.74 | Val Max P-Miss: 1.8972 | Val Max Q-Miss: 1.0322 | Val Max Gen Viol: 0.0000 | Val Max Thermal: 0.3644
Epoch 8610 | Val Loss: 540.5040 | Val Cost: 52169.80 | Val Max P-Miss: 2.1437 | Val Max Q-Miss: 1.0894 | Val Max Gen Viol: 0.0000 | Val Max Thermal: 0.3508
Epoch 8620 | Val Loss: 589.5152 | Val Cost: 52195.20 | Val Max P-Miss: 2.0885 | Val Max Q-Miss: 0.9825 | Val Max Gen Viol: 0.0000 | Val Max Thermal: 0.3752
Epoch 8630 | Val Loss: 567.9103 | Val Cost: 52191.80 | Val Max P-Miss: 2.0569 | Val Max Q-Miss: 1.0349 | Val Max Gen Viol: 0.0000 | Val Max Thermal: 0.3681
Epoch 8640 | Val Loss: 825.5009 | Val Cost: 52184.14 | Val Max P-Miss: 2.5785 | Val Max Q-Miss: 1.1068 | Val Max Gen Viol: 0.0000 | Val Max Thermal: 0.3554
Epoch 8650 | Val Loss: 1005.8498 | Val Cost: 48351.14 | Val Max P-Miss: 3.1955 | Val Max Q-Miss: 1.1029 | Val Max Gen Viol: 0.0000 | Val Max Thermal: 0.6895
Epoch 8660 | Val Loss: 833.2927 | Val Cost: 49498.66 | Val Max P-Miss: 2.4369 | Val Max Q-Miss: 1.2041 | Val Max Gen Viol: 0.0000 | Val Max Thermal: 0.6775
Epoch 8670 | Val Loss: 602.1177 | Val Cost: 51748.10 | Val Max P-Miss: 1.1580 | Val Max Q-Miss: 1.0004 | Val Max Gen Viol: 0.0000 | Val Max Thermal: 0.2118
Epoch 8680 | Val Loss: 525.9305 | Val Cost: 52361.61 | Val Max P-Miss: 1.6411 | Val Max Q-Miss: 1.1834 | Val Max Gen Viol: 0.0000 | Val Max Thermal: 0.3757
Epoch 8690 | Val Loss: 560.2668 | Val Cost: 52129.61 | Val Max P-Miss: 1.9804 | Val Max Q-Miss: 1.0846 | Val Max Gen Viol: 0.0000 | Val Max Thermal: 0.3737
Epoch 8700 | Val Loss: 573.2598 | Val Cost: 52096.06 | Val Max P-Miss: 2.1434 | Val Max Q-Miss: 1.0607 | Val Max Gen Viol: 0.0000 | Val Max Thermal: 0.3417
Epoch 8710 | Val Loss: 520.9654 | Val Cost: 52031.16 | Val Max P-Miss: 1.8891 | Val Max Q-Miss: 1.0261 | Val Max Gen Viol: 0.0000 | Val Max Thermal: 0.3623
Epoch 8720 | Val Loss: 576.9256 | Val Cost: 52186.70 | Val Max P-Miss: 2.0804 | Val Max Q-Miss: 1.0465 | Val Max Gen Viol: 0.0000 | Val Max Thermal: 0.3759
Epoch 8730 | Val Loss: 533.5750 | Val Cost: 52137.77 | Val Max P-Miss: 1.7830 | Val Max Q-Miss: 1.0084 | Val Max Gen Viol: 0.0000 | Val Max Thermal: 0.3480
Epoch 8740 | Val Loss: 528.1104 | Val Cost: 52012.94 | Val Max P-Miss: 1.6192 | Val Max Q-Miss: 1.0004 | Val Max Gen Viol: 0.0000 | Val Max Thermal: 0.3243
Epoch 8750 | Val Loss: 821.8622 | Val Cost: 51573.92 | Val Max P-Miss: 2.8699 | Val Max Q-Miss: 0.9431 | Val Max Gen Viol: 0.0000 | Val Max Thermal: 0.3349
Epoch 8760 | Val Loss: 769.1514 | Val Cost: 49338.83 | Val Max P-Miss: 1.8987 | Val Max Q-Miss: 1.1046 | Val Max Gen Viol: 0.0000 | Val Max Thermal: 0.7147
Epoch 8770 | Val Loss: 643.7348 | Val Cost: 50102.29 | Val Max P-Miss: 1.7431 | Val Max Q-Miss: 1.2205 | Val Max Gen Viol: 0.0000 | Val Max Thermal: 0.4232
Epoch 8780 | Val Loss: 1084.7827 | Val Cost: 51694.43 | Val Max P-Miss: 2.4936 | Val Max Q-Miss: 1.4444 | Val Max Gen Viol: 0.0000 | Val Max Thermal: 0.7810
Epoch 8790 | Val Loss: 548.0599 | Val Cost: 49693.63 | Val Max P-Miss: 1.6133 | Val Max Q-Miss: 1.1831 | Val Max Gen Viol: 0.0000 | Val Max Thermal: 0.3647
Epoch 8800 | Val Loss: 651.0531 | Val Cost: 50558.02 | Val Max P-Miss: 1.0661 | Val Max Q-Miss: 1.0719 | Val Max Gen Viol: 0.0000 | Val Max Thermal: 0.5658
Epoch 8810 | Val Loss: 536.2627 | Val Cost: 50278.37 | Val Max P-Miss: 1.9145 | Val Max Q-Miss: 1.1357 | Val Max Gen Viol: 0.0000 | Val Max Thermal: 0.3617
Epoch 8820 | Val Loss: 739.9936 | Val Cost: 49102.63 | Val Max P-Miss: 2.7424 | Val Max Q-Miss: 1.5996 | Val Max Gen Viol: 0.0000 | Val Max Thermal: 0.3575
Epoch 8830 | Val Loss: 707.5887 | Val Cost: 49222.36 | Val Max P-Miss: 1.7618 | Val Max Q-Miss: 1.2019 | Val Max Gen Viol: 0.0000 | Val Max Thermal: 0.2310
Epoch 8840 | Val Loss: 1216.0165 | Val Cost: 47640.79 | Val Max P-Miss: 1.5538 | Val Max Q-Miss: 1.1980 | Val Max Gen Viol: 0.0000 | Val Max Thermal: 0.5890
Epoch 8850 | Val Loss: 537.2465 | Val Cost: 51531.81 | Val Max P-Miss: 1.0622 | Val Max Q-Miss: 1.0012 | Val Max Gen Viol: 0.0000 | Val Max Thermal: 0.2774
Epoch 8860 | Val Loss: 725.4990 | Val Cost: 49878.49 | Val Max P-Miss: 1.7387 | Val Max Q-Miss: 1.0370 | Val Max Gen Viol: 0.0000 | Val Max Thermal: 0.3893
Epoch 8870 | Val Loss: 599.0092 | Val Cost: 51384.56 | Val Max P-Miss: 2.1602 | Val Max Q-Miss: 1.0190 | Val Max Gen Viol: 0.0000 | Val Max Thermal: 0.3657
Epoch 8880 | Val Loss: 588.2374 | Val Cost: 51498.64 | Val Max P-Miss: 2.1191 | Val Max Q-Miss: 1.0409 | Val Max Gen Viol: 0.0000 | Val Max Thermal: 0.3784
Epoch 8890 | Val Loss: 553.4167 | Val Cost: 51754.33 | Val Max P-Miss: 2.2687 | Val Max Q-Miss: 1.0181 | Val Max Gen Viol: 0.0000 | Val Max Thermal: 0.3710
Epoch 8900 | Val Loss: 490.9218 | Val Cost: 51637.19 | Val Max P-Miss: 1.8408 | Val Max Q-Miss: 1.0274 | Val Max Gen Viol: 0.0000 | Val Max Thermal: 0.3567
Epoch 8910 | Val Loss: 531.0287 | Val Cost: 51731.57 | Val Max P-Miss: 1.7368 | Val Max Q-Miss: 1.0610 | Val Max Gen Viol: 0.0000 | Val Max Thermal: 0.3794
Epoch 8920 | Val Loss: 550.1535 | Val Cost: 51872.60 | Val Max P-Miss: 2.2263 | Val Max Q-Miss: 1.0634 | Val Max Gen Viol: 0.0000 | Val Max Thermal: 0.3687
Epoch 8930 | Val Loss: 518.4422 | Val Cost: 51921.22 | Val Max P-Miss: 1.8702 | Val Max Q-Miss: 1.0919 | Val Max Gen Viol: 0.0000 | Val Max Thermal: 0.3535
Epoch 8940 | Val Loss: 493.6204 | Val Cost: 52055.09 | Val Max P-Miss: 1.6335 | Val Max Q-Miss: 1.0530 | Val Max Gen Viol: 0.0000 | Val Max Thermal: 0.3348
Epoch 8950 | Val Loss: 553.4246 | Val Cost: 51955.74 | Val Max P-Miss: 2.0031 | Val Max Q-Miss: 1.0349 | Val Max Gen Viol: 0.0000 | Val Max Thermal: 0.2893
Epoch 8960 | Val Loss: 577.7261 | Val Cost: 51771.98 | Val Max P-Miss: 1.7566 | Val Max Q-Miss: 1.0122 | Val Max Gen Viol: 0.0000 | Val Max Thermal: 0.2599
Epoch 8970 | Val Loss: 539.8913 | Val Cost: 52034.93 | Val Max P-Miss: 2.1288 | Val Max Q-Miss: 1.0889 | Val Max Gen Viol: 0.0000 | Val Max Thermal: 0.2790
Epoch 8980 | Val Loss: 595.5411 | Val Cost: 51984.43 | Val Max P-Miss: 1.9030 | Val Max Q-Miss: 1.0597 | Val Max Gen Viol: 0.0000 | Val Max Thermal: 0.2320
Epoch 8990 | Val Loss: 508.9235 | Val Cost: 52026.83 | Val Max P-Miss: 1.7378 | Val Max Q-Miss: 1.0699 | Val Max Gen Viol: 0.0000 | Val Max Thermal: 0.3200
Epoch 9000 | Val Loss: 515.0556 | Val Cost: 52208.58 | Val Max P-Miss: 1.6702 | Val Max Q-Miss: 1.0452 | Val Max Gen Viol: 0.0000 | Val Max Thermal: 0.2932
Epoch 9010 | Val Loss: 557.2918 | Val Cost: 51540.36 | Val Max P-Miss: 1.7086 | Val Max Q-Miss: 1.0602 | Val Max Gen Viol: 0.0000 | Val Max Thermal: 0.2209
Epoch 9020 | Val Loss: 747.2735 | Val Cost: 50579.48 | Val Max P-Miss: 1.6355 | Val Max Q-Miss: 1.3443 | Val Max Gen Viol: 0.0000 | Val Max Thermal: 0.5385
Epoch 9030 | Val Loss: 916.1682 | Val Cost: 48418.35 | Val Max P-Miss: 2.0633 | Val Max Q-Miss: 1.2668 | Val Max Gen Viol: 0.0000 | Val Max Thermal: 1.0894
Epoch 9040 | Val Loss: 661.7620 | Val Cost: 52335.29 | Val Max P-Miss: 1.1813 | Val Max Q-Miss: 1.1457 | Val Max Gen Viol: 0.0000 | Val Max Thermal: 0.3906
Epoch 9050 | Val Loss: 489.0794 | Val Cost: 52353.30 | Val Max P-Miss: 1.3401 | Val Max Q-Miss: 1.1250 | Val Max Gen Viol: 0.0000 | Val Max Thermal: 0.3539
Epoch 9060 | Val Loss: 1266.5654 | Val Cost: 51592.95 | Val Max P-Miss: 3.1783 | Val Max Q-Miss: 1.7212 | Val Max Gen Viol: 0.0000 | Val Max Thermal: 0.3848
Epoch 9070 | Val Loss: 752.0570 | Val Cost: 48667.51 | Val Max P-Miss: 2.8013 | Val Max Q-Miss: 1.6295 | Val Max Gen Viol: 0.0000 | Val Max Thermal: 0.3763
Epoch 9080 | Val Loss: 978.2494 | Val Cost: 45008.67 | Val Max P-Miss: 2.4888 | Val Max Q-Miss: 1.3085 | Val Max Gen Viol: 0.0000 | Val Max Thermal: 0.7481
Epoch 9090 | Val Loss: 747.0366 | Val Cost: 50289.78 | Val Max P-Miss: 1.8981 | Val Max Q-Miss: 1.1225 | Val Max Gen Viol: 0.0000 | Val Max Thermal: 1.6725
Epoch 9100 | Val Loss: 804.8293 | Val Cost: 49891.17 | Val Max P-Miss: 1.8046 | Val Max Q-Miss: 1.0138 | Val Max Gen Viol: 0.0000 | Val Max Thermal: 0.4344
Epoch 9110 | Val Loss: 559.2222 | Val Cost: 49404.40 | Val Max P-Miss: 1.1546 | Val Max Q-Miss: 0.9887 | Val Max Gen Viol: 0.0000 | Val Max Thermal: 0.3090
Epoch 9120 | Val Loss: 674.8934 | Val Cost: 51825.79 | Val Max P-Miss: 2.1414 | Val Max Q-Miss: 1.0637 | Val Max Gen Viol: 0.0000 | Val Max Thermal: 0.3197
Epoch 9130 | Val Loss: 581.1357 | Val Cost: 51227.92 | Val Max P-Miss: 1.8423 | Val Max Q-Miss: 1.0802 | Val Max Gen Viol: 0.0000 | Val Max Thermal: 0.3559
Epoch 9140 | Val Loss: 611.8880 | Val Cost: 51419.95 | Val Max P-Miss: 2.0773 | Val Max Q-Miss: 1.0701 | Val Max Gen Viol: 0.0000 | Val Max Thermal: 0.3857
Epoch 9150 | Val Loss: 644.1280 | Val Cost: 51558.88 | Val Max P-Miss: 2.3355 | Val Max Q-Miss: 1.0535 | Val Max Gen Viol: 0.0000 | Val Max Thermal: 0.3631
Epoch 9160 | Val Loss: 621.3017 | Val Cost: 51699.57 | Val Max P-Miss: 2.2247 | Val Max Q-Miss: 1.0737 | Val Max Gen Viol: 0.0000 | Val Max Thermal: 0.3765
Epoch 9170 | Val Loss: 564.9333 | Val Cost: 51720.01 | Val Max P-Miss: 2.0098 | Val Max Q-Miss: 1.0415 | Val Max Gen Viol: 0.0000 | Val Max Thermal: 0.3810
Epoch 9180 | Val Loss: 570.0002 | Val Cost: 51844.47 | Val Max P-Miss: 1.9551 | Val Max Q-Miss: 1.0372 | Val Max Gen Viol: 0.0000 | Val Max Thermal: 0.4084
Epoch 9190 | Val Loss: 584.0861 | Val Cost: 51925.83 | Val Max P-Miss: 2.1204 | Val Max Q-Miss: 1.0275 | Val Max Gen Viol: 0.0000 | Val Max Thermal: 0.3559
Epoch 9200 | Val Loss: 591.3037 | Val Cost: 51965.28 | Val Max P-Miss: 2.1068 | Val Max Q-Miss: 1.0121 | Val Max Gen Viol: 0.0000 | Val Max Thermal: 0.3635
Epoch 9210 | Val Loss: 536.2995 | Val Cost: 51903.50 | Val Max P-Miss: 1.9324 | Val Max Q-Miss: 1.0369 | Val Max Gen Viol: 0.0000 | Val Max Thermal: 0.3832
Epoch 9220 | Val Loss: 553.3528 | Val Cost: 51988.44 | Val Max P-Miss: 1.9898 | Val Max Q-Miss: 1.0420 | Val Max Gen Viol: 0.0000 | Val Max Thermal: 0.4019
Epoch 9230 | Val Loss: 827.5915 | Val Cost: 48859.10 | Val Max P-Miss: 1.5066 | Val Max Q-Miss: 1.1130 | Val Max Gen Viol: 0.0000 | Val Max Thermal: 0.6154
Epoch 9240 | Val Loss: 789.5634 | Val Cost: 51531.94 | Val Max P-Miss: 1.8190 | Val Max Q-Miss: 1.6319 | Val Max Gen Viol: 0.0000 | Val Max Thermal: 0.3751
Epoch 9250 | Val Loss: 668.1873 | Val Cost: 50946.82 | Val Max P-Miss: 1.4525 | Val Max Q-Miss: 0.9803 | Val Max Gen Viol: 0.0000 | Val Max Thermal: 0.3602
Epoch 9260 | Val Loss: 578.3619 | Val Cost: 50591.30 | Val Max P-Miss: 1.1210 | Val Max Q-Miss: 0.9619 | Val Max Gen Viol: 0.0000 | Val Max Thermal: 1.1161
Epoch 9270 | Val Loss: 760.3719 | Val Cost: 51369.08 | Val Max P-Miss: 1.6802 | Val Max Q-Miss: 1.1242 | Val Max Gen Viol: 0.0000 | Val Max Thermal: 0.5630
Epoch 9280 | Val Loss: 720.4327 | Val Cost: 51741.30 | Val Max P-Miss: 1.6555 | Val Max Q-Miss: 1.3572 | Val Max Gen Viol: 0.0000 | Val Max Thermal: 0.3431
Epoch 9290 | Val Loss: 739.7144 | Val Cost: 48308.06 | Val Max P-Miss: 1.7777 | Val Max Q-Miss: 1.1020 | Val Max Gen Viol: 0.0000 | Val Max Thermal: 0.2735
Epoch 9300 | Val Loss: 691.1511 | Val Cost: 50186.56 | Val Max P-Miss: 1.5167 | Val Max Q-Miss: 1.0510 | Val Max Gen Viol: 0.0000 | Val Max Thermal: 0.3609
Epoch 9310 | Val Loss: 584.0010 | Val Cost: 52178.81 | Val Max P-Miss: 1.5233 | Val Max Q-Miss: 1.0381 | Val Max Gen Viol: 0.0000 | Val Max Thermal: 0.4442
Epoch 9320 | Val Loss: 497.8467 | Val Cost: 51829.27 | Val Max P-Miss: 1.3372 | Val Max Q-Miss: 1.0505 | Val Max Gen Viol: 0.0000 | Val Max Thermal: 0.3346
Epoch 9330 | Val Loss: 480.4473 | Val Cost: 51743.81 | Val Max P-Miss: 1.3061 | Val Max Q-Miss: 1.0935 | Val Max Gen Viol: 0.0000 | Val Max Thermal: 0.3620
Epoch 9340 | Val Loss: 456.7175 | Val Cost: 51715.16 | Val Max P-Miss: 1.2606 | Val Max Q-Miss: 1.1214 | Val Max Gen Viol: 0.0000 | Val Max Thermal: 0.3618
Epoch 9350 | Val Loss: 516.9347 | Val Cost: 51834.31 | Val Max P-Miss: 1.5239 | Val Max Q-Miss: 1.0639 | Val Max Gen Viol: 0.0000 | Val Max Thermal: 0.3433
Epoch 9360 | Val Loss: 487.5351 | Val Cost: 51864.96 | Val Max P-Miss: 1.2783 | Val Max Q-Miss: 1.1261 | Val Max Gen Viol: 0.0000 | Val Max Thermal: 0.3488
Epoch 9370 | Val Loss: 488.6560 | Val Cost: 51781.80 | Val Max P-Miss: 1.3803 | Val Max Q-Miss: 1.0800 | Val Max Gen Viol: 0.0000 | Val Max Thermal: 0.3749
Epoch 9380 | Val Loss: 1417.7850 | Val Cost: 50543.19 | Val Max P-Miss: 3.2756 | Val Max Q-Miss: 1.5447 | Val Max Gen Viol: 0.0000 | Val Max Thermal: 0.3013
Epoch 9390 | Val Loss: 686.4038 | Val Cost: 48859.09 | Val Max P-Miss: 2.6016 | Val Max Q-Miss: 1.5022 | Val Max Gen Viol: 0.0000 | Val Max Thermal: 0.3352
Epoch 9400 | Val Loss: 574.9474 | Val Cost: 47695.50 | Val Max P-Miss: 1.9685 | Val Max Q-Miss: 1.1932 | Val Max Gen Viol: 0.0000 | Val Max Thermal: 0.3583
Epoch 9410 | Val Loss: 1491.8620 | Val Cost: 42178.88 | Val Max P-Miss: 4.3598 | Val Max Q-Miss: 1.1582 | Val Max Gen Viol: 0.0000 | Val Max Thermal: 3.0451
Epoch 9420 | Val Loss: 617.6802 | Val Cost: 48641.76 | Val Max P-Miss: 1.5816 | Val Max Q-Miss: 1.0938 | Val Max Gen Viol: 0.0000 | Val Max Thermal: 0.1777
Epoch 9430 | Val Loss: 756.7888 | Val Cost: 51006.69 | Val Max P-Miss: 1.9557 | Val Max Q-Miss: 1.3285 | Val Max Gen Viol: 0.0000 | Val Max Thermal: 0.5690
Epoch 9440 | Val Loss: 525.6255 | Val Cost: 51614.66 | Val Max P-Miss: 1.3241 | Val Max Q-Miss: 1.0379 | Val Max Gen Viol: 0.0000 | Val Max Thermal: 0.3824
Epoch 9450 | Val Loss: 457.3835 | Val Cost: 49952.08 | Val Max P-Miss: 1.6022 | Val Max Q-Miss: 0.9746 | Val Max Gen Viol: 0.0000 | Val Max Thermal: 0.3555
Epoch 9460 | Val Loss: 556.7437 | Val Cost: 48735.60 | Val Max P-Miss: 1.9496 | Val Max Q-Miss: 1.1711 | Val Max Gen Viol: 0.0000 | Val Max Thermal: 0.3669
Epoch 9470 | Val Loss: 743.2071 | Val Cost: 47684.64 | Val Max P-Miss: 2.0092 | Val Max Q-Miss: 1.0253 | Val Max Gen Viol: 0.0000 | Val Max Thermal: 3.2242
Epoch 9480 | Val Loss: 561.9602 | Val Cost: 49196.16 | Val Max P-Miss: 1.4802 | Val Max Q-Miss: 1.0465 | Val Max Gen Viol: 0.0000 | Val Max Thermal: 0.2477
Epoch 9490 | Val Loss: 742.4695 | Val Cost: 51266.23 | Val Max P-Miss: 1.7742 | Val Max Q-Miss: 1.3061 | Val Max Gen Viol: 0.0000 | Val Max Thermal: 1.6657
Epoch 9500 | Val Loss: 528.1225 | Val Cost: 51891.76 | Val Max P-Miss: 1.0112 | Val Max Q-Miss: 0.9866 | Val Max Gen Viol: 0.0000 | Val Max Thermal: 0.2510
Epoch 9510 | Val Loss: 598.9154 | Val Cost: 51851.95 | Val Max P-Miss: 1.4417 | Val Max Q-Miss: 1.0539 | Val Max Gen Viol: 0.0000 | Val Max Thermal: 0.5470
Epoch 9520 | Val Loss: 833.9587 | Val Cost: 51033.19 | Val Max P-Miss: 1.8131 | Val Max Q-Miss: 1.1946 | Val Max Gen Viol: 0.0000 | Val Max Thermal: 0.1123
Epoch 9530 | Val Loss: 619.7442 | Val Cost: 50885.65 | Val Max P-Miss: 2.3207 | Val Max Q-Miss: 1.0086 | Val Max Gen Viol: 0.0000 | Val Max Thermal: 0.3920
Epoch 9540 | Val Loss: 634.7053 | Val Cost: 51650.37 | Val Max P-Miss: 2.3881 | Val Max Q-Miss: 1.0330 | Val Max Gen Viol: 0.0000 | Val Max Thermal: 0.3791
Epoch 9550 | Val Loss: 618.4200 | Val Cost: 51700.56 | Val Max P-Miss: 2.3952 | Val Max Q-Miss: 1.0464 | Val Max Gen Viol: 0.0000 | Val Max Thermal: 0.3564
Epoch 9560 | Val Loss: 615.4585 | Val Cost: 51706.99 | Val Max P-Miss: 2.1704 | Val Max Q-Miss: 1.0083 | Val Max Gen Viol: 0.0000 | Val Max Thermal: 0.3467
Epoch 9570 | Val Loss: 550.2702 | Val Cost: 51372.37 | Val Max P-Miss: 1.9142 | Val Max Q-Miss: 1.0141 | Val Max Gen Viol: 0.0000 | Val Max Thermal: 0.3667
Epoch 9580 | Val Loss: 579.9602 | Val Cost: 51049.44 | Val Max P-Miss: 2.0349 | Val Max Q-Miss: 0.9862 | Val Max Gen Viol: 0.0000 | Val Max Thermal: 0.3547
Epoch 9590 | Val Loss: 575.4398 | Val Cost: 51169.30 | Val Max P-Miss: 1.9058 | Val Max Q-Miss: 0.9961 | Val Max Gen Viol: 0.0000 | Val Max Thermal: 0.3538
Epoch 9600 | Val Loss: 581.2881 | Val Cost: 51410.78 | Val Max P-Miss: 2.1793 | Val Max Q-Miss: 1.0616 | Val Max Gen Viol: 0.0000 | Val Max Thermal: 0.4207
Epoch 9610 | Val Loss: 655.1911 | Val Cost: 51682.89 | Val Max P-Miss: 2.1891 | Val Max Q-Miss: 1.0741 | Val Max Gen Viol: 0.0000 | Val Max Thermal: 0.3834
Epoch 9620 | Val Loss: 592.2563 | Val Cost: 51816.18 | Val Max P-Miss: 2.2513 | Val Max Q-Miss: 1.0437 | Val Max Gen Viol: 0.0000 | Val Max Thermal: 0.3537
Epoch 9630 | Val Loss: 579.3346 | Val Cost: 51953.46 | Val Max P-Miss: 2.0571 | Val Max Q-Miss: 1.0398 | Val Max Gen Viol: 0.0000 | Val Max Thermal: 0.3570
Epoch 9640 | Val Loss: 598.5425 | Val Cost: 52038.95 | Val Max P-Miss: 2.1791 | Val Max Q-Miss: 1.0335 | Val Max Gen Viol: 0.0000 | Val Max Thermal: 0.3586
Epoch 9650 | Val Loss: 573.6843 | Val Cost: 51868.54 | Val Max P-Miss: 2.0254 | Val Max Q-Miss: 1.0633 | Val Max Gen Viol: 0.0000 | Val Max Thermal: 0.2901
Epoch 9660 | Val Loss: 508.0621 | Val Cost: 51795.18 | Val Max P-Miss: 1.8476 | Val Max Q-Miss: 1.0345 | Val Max Gen Viol: 0.0000 | Val Max Thermal: 0.3519
Epoch 9670 | Val Loss: 516.7439 | Val Cost: 51871.22 | Val Max P-Miss: 1.8865 | Val Max Q-Miss: 1.0478 | Val Max Gen Viol: 0.0000 | Val Max Thermal: 0.3145
Epoch 9680 | Val Loss: 552.3126 | Val Cost: 51416.09 | Val Max P-Miss: 1.6437 | Val Max Q-Miss: 1.0719 | Val Max Gen Viol: 0.0000 | Val Max Thermal: 0.3472
Epoch 9690 | Val Loss: 543.8356 | Val Cost: 52086.46 | Val Max P-Miss: 2.0610 | Val Max Q-Miss: 1.0636 | Val Max Gen Viol: 0.0000 | Val Max Thermal: 0.3547
Epoch 9700 | Val Loss: 491.3340 | Val Cost: 52193.06 | Val Max P-Miss: 1.7310 | Val Max Q-Miss: 1.0139 | Val Max Gen Viol: 0.0000 | Val Max Thermal: 0.3126
Epoch 9710 | Val Loss: 1119.5539 | Val Cost: 51623.51 | Val Max P-Miss: 3.0247 | Val Max Q-Miss: 1.2600 | Val Max Gen Viol: 0.0000 | Val Max Thermal: 1.0297
Epoch 9720 | Val Loss: 867.5278 | Val Cost: 52356.37 | Val Max P-Miss: 1.6556 | Val Max Q-Miss: 1.1388 | Val Max Gen Viol: 0.0000 | Val Max Thermal: 0.5806
Epoch 9730 | Val Loss: 1054.6170 | Val Cost: 52643.25 | Val Max P-Miss: 2.4980 | Val Max Q-Miss: 1.9779 | Val Max Gen Viol: 0.0000 | Val Max Thermal: 0.4804
Epoch 9740 | Val Loss: 648.7841 | Val Cost: 52168.26 | Val Max P-Miss: 1.4173 | Val Max Q-Miss: 0.9403 | Val Max Gen Viol: 0.0000 | Val Max Thermal: 0.6879
Epoch 9750 | Val Loss: 483.2891 | Val Cost: 52232.42 | Val Max P-Miss: 1.2541 | Val Max Q-Miss: 1.2984 | Val Max Gen Viol: 0.0000 | Val Max Thermal: 0.4488
Epoch 9760 | Val Loss: 992.1023 | Val Cost: 52619.08 | Val Max P-Miss: 2.3961 | Val Max Q-Miss: 1.0311 | Val Max Gen Viol: 0.0000 | Val Max Thermal: 0.6624
Epoch 9770 | Val Loss: 670.4662 | Val Cost: 51613.32 | Val Max P-Miss: 2.1399 | Val Max Q-Miss: 1.0490 | Val Max Gen Viol: 0.0000 | Val Max Thermal: 0.4663
Epoch 9780 | Val Loss: 579.0838 | Val Cost: 51957.78 | Val Max P-Miss: 2.2725 | Val Max Q-Miss: 1.0678 | Val Max Gen Viol: 0.0000 | Val Max Thermal: 0.3480
Epoch 9790 | Val Loss: 535.1821 | Val Cost: 51891.08 | Val Max P-Miss: 2.2366 | Val Max Q-Miss: 1.0637 | Val Max Gen Viol: 0.0000 | Val Max Thermal: 0.3570
Epoch 9800 | Val Loss: 565.4554 | Val Cost: 51829.95 | Val Max P-Miss: 2.3228 | Val Max Q-Miss: 1.0409 | Val Max Gen Viol: 0.0000 | Val Max Thermal: 0.3523
Epoch 9810 | Val Loss: 536.8319 | Val Cost: 51878.01 | Val Max P-Miss: 2.0662 | Val Max Q-Miss: 1.0401 | Val Max Gen Viol: 0.0000 | Val Max Thermal: 0.3337
Epoch 9820 | Val Loss: 541.3091 | Val Cost: 51880.77 | Val Max P-Miss: 2.1059 | Val Max Q-Miss: 1.0221 | Val Max Gen Viol: 0.0000 | Val Max Thermal: 0.3364
Epoch 9830 | Val Loss: 533.6393 | Val Cost: 51947.79 | Val Max P-Miss: 2.1551 | Val Max Q-Miss: 0.9867 | Val Max Gen Viol: 0.0000 | Val Max Thermal: 0.3542
Epoch 9840 | Val Loss: 515.6033 | Val Cost: 51860.40 | Val Max P-Miss: 1.7456 | Val Max Q-Miss: 1.0260 | Val Max Gen Viol: 0.0000 | Val Max Thermal: 0.3452
Epoch 9850 | Val Loss: 1179.8057 | Val Cost: 50372.67 | Val Max P-Miss: 3.1163 | Val Max Q-Miss: 0.9321 | Val Max Gen Viol: 0.0000 | Val Max Thermal: 5.2491
Epoch 9860 | Val Loss: 903.6448 | Val Cost: 50316.53 | Val Max P-Miss: 1.7905 | Val Max Q-Miss: 1.4260 | Val Max Gen Viol: 0.0000 | Val Max Thermal: 0.4972
Epoch 9870 | Val Loss: 1098.6238 | Val Cost: 50027.60 | Val Max P-Miss: 2.4251 | Val Max Q-Miss: 1.2868 | Val Max Gen Viol: 0.0000 | Val Max Thermal: 0.8867
Epoch 9880 | Val Loss: 667.7979 | Val Cost: 51816.18 | Val Max P-Miss: 1.1228 | Val Max Q-Miss: 1.0213 | Val Max Gen Viol: 0.0000 | Val Max Thermal: 0.2936
Epoch 9890 | Val Loss: 468.6284 | Val Cost: 52058.57 | Val Max P-Miss: 1.4500 | Val Max Q-Miss: 1.0306 | Val Max Gen Viol: 0.0000 | Val Max Thermal: 0.4086
Epoch 9900 | Val Loss: 606.5674 | Val Cost: 49436.84 | Val Max P-Miss: 1.3275 | Val Max Q-Miss: 1.2238 | Val Max Gen Viol: 0.0000 | Val Max Thermal: 0.3558
Epoch 9910 | Val Loss: 729.3090 | Val Cost: 52008.65 | Val Max P-Miss: 1.7774 | Val Max Q-Miss: 1.1605 | Val Max Gen Viol: 0.0000 | Val Max Thermal: 0.3720
Epoch 9920 | Val Loss: 549.1246 | Val Cost: 50427.26 | Val Max P-Miss: 1.5951 | Val Max Q-Miss: 1.0471 | Val Max Gen Viol: 0.0000 | Val Max Thermal: 0.4546
Epoch 9930 | Val Loss: 438.0237 | Val Cost: 51845.59 | Val Max P-Miss: 1.1743 | Val Max Q-Miss: 1.0506 | Val Max Gen Viol: 0.0000 | Val Max Thermal: 0.3593 [*SAVED BEST*]
Epoch 9940 | Val Loss: 463.8578 | Val Cost: 51871.90 | Val Max P-Miss: 1.2508 | Val Max Q-Miss: 1.0430 | Val Max Gen Viol: 0.0000 | Val Max Thermal: 0.3529
Epoch 9950 | Val Loss: 451.6053 | Val Cost: 51825.69 | Val Max P-Miss: 1.2138 | Val Max Q-Miss: 1.0516 | Val Max Gen Viol: 0.0000 | Val Max Thermal: 0.3532
Epoch 9960 | Val Loss: 440.8523 | Val Cost: 51877.19 | Val Max P-Miss: 1.2629 | Val Max Q-Miss: 1.0106 | Val Max Gen Viol: 0.0000 | Val Max Thermal: 0.3558
Epoch 9970 | Val Loss: 450.9182 | Val Cost: 51944.34 | Val Max P-Miss: 1.3016 | Val Max Q-Miss: 0.9638 | Val Max Gen Viol: 0.0000 | Val Max Thermal: 0.3756
Epoch 9980 | Val Loss: 510.3135 | Val Cost: 51901.73 | Val Max P-Miss: 1.5198 | Val Max Q-Miss: 1.0263 | Val Max Gen Viol: 0.0000 | Val Max Thermal: 0.3374
Epoch 9990 | Val Loss: 457.1474 | Val Cost: 51898.14 | Val Max P-Miss: 1.3607 | Val Max Q-Miss: 1.0689 | Val Max Gen Viol: 0.0000 | Val Max Thermal: 0.3597

==================================================
Training Complete!
Total Training Time: 01h 46m 02.36s
Best model weights saved to: ./model/best_rahul_model_pglib_opf_case57_ieee_10000epochs_20260721_132950.pth
==================================================

