Job: acopf_ISS
Executing: ACOPF_DC3.py --case_name pglib_opf_case57_ieee --epochs 10000
Node: issnode1
GPU Allocated: 0
CUDA Hardware Acceleration Active: NVIDIA GeForce RTX 4090
Problem Geometry Linked -> Matrix Samples: 10000

Beginning execution of parallelized training matrix loops for DC3...
Epoch    0 | Val Loss: 233.5390 | Val Cost: 29503.59 | Val Max P-Miss: 0.8796 | Val Max Q-Miss: 1.4686 | Val Max Gen Viol: 0.0000 | Val Max Thermal: 0.0000 [*SAVED BEST*]
Epoch   10 | Val Loss: 26.4603 | Val Cost: 29912.74 | Val Max P-Miss: 0.5058 | Val Max Q-Miss: 0.2645 | Val Max Gen Viol: 0.0000 | Val Max Thermal: 0.0000 [*SAVED BEST*]
Epoch   20 | Val Loss: 22.6770 | Val Cost: 30209.35 | Val Max P-Miss: 0.4762 | Val Max Q-Miss: 0.1962 | Val Max Gen Viol: 0.0000 | Val Max Thermal: 0.0000 [*SAVED BEST*]
Epoch   30 | Val Loss: 20.6296 | Val Cost: 30298.94 | Val Max P-Miss: 0.3808 | Val Max Q-Miss: 0.1695 | Val Max Gen Viol: 0.0000 | Val Max Thermal: 0.0000 [*SAVED BEST*]
Epoch   40 | Val Loss: 19.5399 | Val Cost: 30353.98 | Val Max P-Miss: 0.3941 | Val Max Q-Miss: 0.1687 | Val Max Gen Viol: 0.0000 | Val Max Thermal: 0.0000 [*SAVED BEST*]
Epoch   50 | Val Loss: 25.1248 | Val Cost: 30287.57 | Val Max P-Miss: 0.4095 | Val Max Q-Miss: 0.2006 | Val Max Gen Viol: 0.0000 | Val Max Thermal: 0.0000
Epoch   60 | Val Loss: 18.7085 | Val Cost: 30297.28 | Val Max P-Miss: 0.3111 | Val Max Q-Miss: 0.1480 | Val Max Gen Viol: 0.0000 | Val Max Thermal: 0.0000 [*SAVED BEST*]
Epoch   70 | Val Loss: 18.6084 | Val Cost: 30234.22 | Val Max P-Miss: 0.3280 | Val Max Q-Miss: 0.1443 | Val Max Gen Viol: 0.0000 | Val Max Thermal: 0.0000 [*SAVED BEST*]
Epoch   80 | Val Loss: 19.7619 | Val Cost: 30215.99 | Val Max P-Miss: 0.3371 | Val Max Q-Miss: 0.1525 | Val Max Gen Viol: 0.0000 | Val Max Thermal: 0.0000
Epoch   90 | Val Loss: 18.6588 | Val Cost: 30205.37 | Val Max P-Miss: 0.2358 | Val Max Q-Miss: 0.1682 | Val Max Gen Viol: 0.0000 | Val Max Thermal: 0.0000
Epoch  100 | Val Loss: 17.9483 | Val Cost: 30037.11 | Val Max P-Miss: 0.2935 | Val Max Q-Miss: 0.1516 | Val Max Gen Viol: 0.0000 | Val Max Thermal: 0.0000 [*SAVED BEST*]
Epoch  110 | Val Loss: 18.1853 | Val Cost: 29997.33 | Val Max P-Miss: 0.2782 | Val Max Q-Miss: 0.1496 | Val Max Gen Viol: 0.0000 | Val Max Thermal: 0.0000
Epoch  120 | Val Loss: 18.7441 | Val Cost: 29902.18 | Val Max P-Miss: 0.3156 | Val Max Q-Miss: 0.1602 | Val Max Gen Viol: 0.0000 | Val Max Thermal: 0.0000
Epoch  130 | Val Loss: 17.7406 | Val Cost: 29925.59 | Val Max P-Miss: 0.2194 | Val Max Q-Miss: 0.1455 | Val Max Gen Viol: 0.0000 | Val Max Thermal: 0.0000 [*SAVED BEST*]
Epoch  140 | Val Loss: 17.4071 | Val Cost: 29847.85 | Val Max P-Miss: 0.2627 | Val Max Q-Miss: 0.1477 | Val Max Gen Viol: 0.0000 | Val Max Thermal: 0.0000 [*SAVED BEST*]
Epoch  150 | Val Loss: 17.6032 | Val Cost: 29800.74 | Val Max P-Miss: 0.1589 | Val Max Q-Miss: 0.1458 | Val Max Gen Viol: 0.0000 | Val Max Thermal: 0.0000
Epoch  160 | Val Loss: 17.3223 | Val Cost: 29889.91 | Val Max P-Miss: 0.1455 | Val Max Q-Miss: 0.1413 | Val Max Gen Viol: 0.0000 | Val Max Thermal: 0.0000 [*SAVED BEST*]
Epoch  170 | Val Loss: 17.2580 | Val Cost: 29890.53 | Val Max P-Miss: 0.1459 | Val Max Q-Miss: 0.1405 | Val Max Gen Viol: 0.0000 | Val Max Thermal: 0.0000 [*SAVED BEST*]
Epoch  180 | Val Loss: 17.2164 | Val Cost: 29851.40 | Val Max P-Miss: 0.1555 | Val Max Q-Miss: 0.1431 | Val Max Gen Viol: 0.0000 | Val Max Thermal: 0.0000 [*SAVED BEST*]
Epoch  190 | Val Loss: 17.3513 | Val Cost: 29788.65 | Val Max P-Miss: 0.1528 | Val Max Q-Miss: 0.1477 | Val Max Gen Viol: 0.0000 | Val Max Thermal: 0.0000
Epoch  200 | Val Loss: 18.4468 | Val Cost: 29751.64 | Val Max P-Miss: 0.2006 | Val Max Q-Miss: 0.1556 | Val Max Gen Viol: 0.0000 | Val Max Thermal: 0.0000
Epoch  210 | Val Loss: 17.3528 | Val Cost: 29775.20 | Val Max P-Miss: 0.1392 | Val Max Q-Miss: 0.1412 | Val Max Gen Viol: 0.0000 | Val Max Thermal: 0.0000
Epoch  220 | Val Loss: 17.3242 | Val Cost: 29840.01 | Val Max P-Miss: 0.1531 | Val Max Q-Miss: 0.1472 | Val Max Gen Viol: 0.0000 | Val Max Thermal: 0.0000
Epoch  230 | Val Loss: 17.0603 | Val Cost: 29665.50 | Val Max P-Miss: 0.1737 | Val Max Q-Miss: 0.1404 | Val Max Gen Viol: 0.0000 | Val Max Thermal: 0.0000 [*SAVED BEST*]
Epoch  240 | Val Loss: 17.2501 | Val Cost: 29634.18 | Val Max P-Miss: 0.1872 | Val Max Q-Miss: 0.1401 | Val Max Gen Viol: 0.0000 | Val Max Thermal: 0.0000
Epoch  250 | Val Loss: 17.1848 | Val Cost: 29601.17 | Val Max P-Miss: 0.2062 | Val Max Q-Miss: 0.1537 | Val Max Gen Viol: 0.0000 | Val Max Thermal: 0.0000
Epoch  260 | Val Loss: 17.5715 | Val Cost: 29543.48 | Val Max P-Miss: 0.2677 | Val Max Q-Miss: 0.1321 | Val Max Gen Viol: 0.0000 | Val Max Thermal: 0.0000
Epoch  270 | Val Loss: 17.0507 | Val Cost: 29472.57 | Val Max P-Miss: 0.2197 | Val Max Q-Miss: 0.1347 | Val Max Gen Viol: 0.0000 | Val Max Thermal: 0.0000 [*SAVED BEST*]
Epoch  280 | Val Loss: 16.9241 | Val Cost: 29442.06 | Val Max P-Miss: 0.1896 | Val Max Q-Miss: 0.1291 | Val Max Gen Viol: 0.0000 | Val Max Thermal: 0.0000 [*SAVED BEST*]
Epoch  290 | Val Loss: 17.0050 | Val Cost: 29509.36 | Val Max P-Miss: 0.1341 | Val Max Q-Miss: 0.1406 | Val Max Gen Viol: 0.0000 | Val Max Thermal: 0.0000
Epoch  300 | Val Loss: 16.9653 | Val Cost: 29555.58 | Val Max P-Miss: 0.1275 | Val Max Q-Miss: 0.1322 | Val Max Gen Viol: 0.0000 | Val Max Thermal: 0.0000
Epoch  310 | Val Loss: 16.8906 | Val Cost: 29519.09 | Val Max P-Miss: 0.1271 | Val Max Q-Miss: 0.1277 | Val Max Gen Viol: 0.0000 | Val Max Thermal: 0.0000 [*SAVED BEST*]
Epoch  320 | Val Loss: 16.7923 | Val Cost: 29512.95 | Val Max P-Miss: 0.1372 | Val Max Q-Miss: 0.1122 | Val Max Gen Viol: 0.0000 | Val Max Thermal: 0.0000 [*SAVED BEST*]
Epoch  330 | Val Loss: 16.9548 | Val Cost: 29528.77 | Val Max P-Miss: 0.1293 | Val Max Q-Miss: 0.1092 | Val Max Gen Viol: 0.0000 | Val Max Thermal: 0.0000
Epoch  340 | Val Loss: 16.9000 | Val Cost: 29575.26 | Val Max P-Miss: 0.1160 | Val Max Q-Miss: 0.1055 | Val Max Gen Viol: 0.0000 | Val Max Thermal: 0.0000
Epoch  350 | Val Loss: 16.8884 | Val Cost: 29580.99 | Val Max P-Miss: 0.1130 | Val Max Q-Miss: 0.1006 | Val Max Gen Viol: 0.0000 | Val Max Thermal: 0.0000
Epoch  360 | Val Loss: 16.8921 | Val Cost: 29545.82 | Val Max P-Miss: 0.1268 | Val Max Q-Miss: 0.0965 | Val Max Gen Viol: 0.0000 | Val Max Thermal: 0.0000
Epoch  370 | Val Loss: 16.9185 | Val Cost: 29495.32 | Val Max P-Miss: 0.1536 | Val Max Q-Miss: 0.0995 | Val Max Gen Viol: 0.0000 | Val Max Thermal: 0.0000
Epoch  380 | Val Loss: 16.9122 | Val Cost: 29499.40 | Val Max P-Miss: 0.1288 | Val Max Q-Miss: 0.0908 | Val Max Gen Viol: 0.0000 | Val Max Thermal: 0.0000
Epoch  390 | Val Loss: 16.9988 | Val Cost: 29490.52 | Val Max P-Miss: 0.1455 | Val Max Q-Miss: 0.1130 | Val Max Gen Viol: 0.0000 | Val Max Thermal: 0.0000
Epoch  400 | Val Loss: 16.9123 | Val Cost: 29383.25 | Val Max P-Miss: 0.1757 | Val Max Q-Miss: 0.0959 | Val Max Gen Viol: 0.0000 | Val Max Thermal: 0.0000
Epoch  410 | Val Loss: 16.8028 | Val Cost: 29433.67 | Val Max P-Miss: 0.1319 | Val Max Q-Miss: 0.0931 | Val Max Gen Viol: 0.0000 | Val Max Thermal: 0.0000
Epoch  420 | Val Loss: 16.8029 | Val Cost: 29474.88 | Val Max P-Miss: 0.1181 | Val Max Q-Miss: 0.0840 | Val Max Gen Viol: 0.0000 | Val Max Thermal: 0.0000
Epoch  430 | Val Loss: 16.8121 | Val Cost: 29433.81 | Val Max P-Miss: 0.1234 | Val Max Q-Miss: 0.0856 | Val Max Gen Viol: 0.0000 | Val Max Thermal: 0.0000
Epoch  440 | Val Loss: 16.8629 | Val Cost: 29348.50 | Val Max P-Miss: 0.1235 | Val Max Q-Miss: 0.0872 | Val Max Gen Viol: 0.0000 | Val Max Thermal: 0.0000
Epoch  450 | Val Loss: 16.7862 | Val Cost: 29430.06 | Val Max P-Miss: 0.1400 | Val Max Q-Miss: 0.0711 | Val Max Gen Viol: 0.0000 | Val Max Thermal: 0.0000 [*SAVED BEST*]
Epoch  460 | Val Loss: 16.8412 | Val Cost: 29445.35 | Val Max P-Miss: 0.1142 | Val Max Q-Miss: 0.0836 | Val Max Gen Viol: 0.0000 | Val Max Thermal: 0.0000
Epoch  470 | Val Loss: 16.7849 | Val Cost: 29414.76 | Val Max P-Miss: 0.1268 | Val Max Q-Miss: 0.0707 | Val Max Gen Viol: 0.0000 | Val Max Thermal: 0.0000 [*SAVED BEST*]
Epoch  480 | Val Loss: 16.7790 | Val Cost: 29450.98 | Val Max P-Miss: 0.1107 | Val Max Q-Miss: 0.0685 | Val Max Gen Viol: 0.0000 | Val Max Thermal: 0.0000 [*SAVED BEST*]
Epoch  490 | Val Loss: 16.9516 | Val Cost: 29402.86 | Val Max P-Miss: 0.1236 | Val Max Q-Miss: 0.0812 | Val Max Gen Viol: 0.0000 | Val Max Thermal: 0.0000
Epoch  500 | Val Loss: 16.8315 | Val Cost: 29301.70 | Val Max P-Miss: 0.1458 | Val Max Q-Miss: 0.0840 | Val Max Gen Viol: 0.0000 | Val Max Thermal: 0.0000
Epoch  510 | Val Loss: 16.8284 | Val Cost: 29213.73 | Val Max P-Miss: 0.1460 | Val Max Q-Miss: 0.0893 | Val Max Gen Viol: 0.0000 | Val Max Thermal: 0.0000
Epoch  520 | Val Loss: 16.7456 | Val Cost: 29352.73 | Val Max P-Miss: 0.1130 | Val Max Q-Miss: 0.0854 | Val Max Gen Viol: 0.0000 | Val Max Thermal: 0.0000 [*SAVED BEST*]
Epoch  530 | Val Loss: 16.7418 | Val Cost: 29288.13 | Val Max P-Miss: 0.1345 | Val Max Q-Miss: 0.0645 | Val Max Gen Viol: 0.0000 | Val Max Thermal: 0.0000 [*SAVED BEST*]
Epoch  540 | Val Loss: 16.8011 | Val Cost: 29310.40 | Val Max P-Miss: 0.1133 | Val Max Q-Miss: 0.0872 | Val Max Gen Viol: 0.0000 | Val Max Thermal: 0.0000
Epoch  550 | Val Loss: 16.7469 | Val Cost: 29252.57 | Val Max P-Miss: 0.1344 | Val Max Q-Miss: 0.0646 | Val Max Gen Viol: 0.0000 | Val Max Thermal: 0.0000
Epoch  560 | Val Loss: 16.7337 | Val Cost: 29362.31 | Val Max P-Miss: 0.1048 | Val Max Q-Miss: 0.0676 | Val Max Gen Viol: 0.0000 | Val Max Thermal: 0.0000 [*SAVED BEST*]
Epoch  570 | Val Loss: 16.7252 | Val Cost: 29188.08 | Val Max P-Miss: 0.1573 | Val Max Q-Miss: 0.0587 | Val Max Gen Viol: 0.0000 | Val Max Thermal: 0.0000 [*SAVED BEST*]
Epoch  580 | Val Loss: 16.9133 | Val Cost: 29307.55 | Val Max P-Miss: 0.1200 | Val Max Q-Miss: 0.0833 | Val Max Gen Viol: 0.0000 | Val Max Thermal: 0.0000
Epoch  590 | Val Loss: 16.7150 | Val Cost: 29270.78 | Val Max P-Miss: 0.1347 | Val Max Q-Miss: 0.0542 | Val Max Gen Viol: 0.0000 | Val Max Thermal: 0.0000 [*SAVED BEST*]
Epoch  600 | Val Loss: 16.6887 | Val Cost: 29340.86 | Val Max P-Miss: 0.1371 | Val Max Q-Miss: 0.0482 | Val Max Gen Viol: 0.0000 | Val Max Thermal: 0.0000 [*SAVED BEST*]
Epoch  610 | Val Loss: 16.6554 | Val Cost: 29369.24 | Val Max P-Miss: 0.1134 | Val Max Q-Miss: 0.0538 | Val Max Gen Viol: 0.0000 | Val Max Thermal: 0.0000 [*SAVED BEST*]
Epoch  620 | Val Loss: 16.6853 | Val Cost: 29434.01 | Val Max P-Miss: 0.1075 | Val Max Q-Miss: 0.0783 | Val Max Gen Viol: 0.0000 | Val Max Thermal: 0.0000
Epoch  630 | Val Loss: 16.6641 | Val Cost: 29285.56 | Val Max P-Miss: 0.1078 | Val Max Q-Miss: 0.0551 | Val Max Gen Viol: 0.0000 | Val Max Thermal: 0.0000
Epoch  640 | Val Loss: 17.0190 | Val Cost: 29049.90 | Val Max P-Miss: 0.1922 | Val Max Q-Miss: 0.0643 | Val Max Gen Viol: 0.0000 | Val Max Thermal: 0.0000
Epoch  650 | Val Loss: 16.6839 | Val Cost: 29194.24 | Val Max P-Miss: 0.1550 | Val Max Q-Miss: 0.0540 | Val Max Gen Viol: 0.0000 | Val Max Thermal: 0.0000
Epoch  660 | Val Loss: 16.5659 | Val Cost: 29333.77 | Val Max P-Miss: 0.0955 | Val Max Q-Miss: 0.0561 | Val Max Gen Viol: 0.0000 | Val Max Thermal: 0.0000 [*SAVED BEST*]
Epoch  670 | Val Loss: 16.7694 | Val Cost: 29361.07 | Val Max P-Miss: 0.1252 | Val Max Q-Miss: 0.0599 | Val Max Gen Viol: 0.0000 | Val Max Thermal: 0.0000
Epoch  680 | Val Loss: 16.6720 | Val Cost: 29325.31 | Val Max P-Miss: 0.1041 | Val Max Q-Miss: 0.0541 | Val Max Gen Viol: 0.0000 | Val Max Thermal: 0.0000
Epoch  690 | Val Loss: 16.7085 | Val Cost: 29204.24 | Val Max P-Miss: 0.1205 | Val Max Q-Miss: 0.0478 | Val Max Gen Viol: 0.0000 | Val Max Thermal: 0.0000
Epoch  700 | Val Loss: 16.6665 | Val Cost: 29243.27 | Val Max P-Miss: 0.1020 | Val Max Q-Miss: 0.0491 | Val Max Gen Viol: 0.0000 | Val Max Thermal: 0.0000
Epoch  710 | Val Loss: 16.6831 | Val Cost: 29344.74 | Val Max P-Miss: 0.0967 | Val Max Q-Miss: 0.0530 | Val Max Gen Viol: 0.0000 | Val Max Thermal: 0.0000
Epoch  720 | Val Loss: 16.6722 | Val Cost: 29339.71 | Val Max P-Miss: 0.0921 | Val Max Q-Miss: 0.0517 | Val Max Gen Viol: 0.0000 | Val Max Thermal: 0.0000
Epoch  730 | Val Loss: 16.6452 | Val Cost: 29348.44 | Val Max P-Miss: 0.0942 | Val Max Q-Miss: 0.0488 | Val Max Gen Viol: 0.0000 | Val Max Thermal: 0.0000
Epoch  740 | Val Loss: 16.6907 | Val Cost: 29290.59 | Val Max P-Miss: 0.1214 | Val Max Q-Miss: 0.0491 | Val Max Gen Viol: 0.0000 | Val Max Thermal: 0.0000
Epoch  750 | Val Loss: 17.4264 | Val Cost: 29098.38 | Val Max P-Miss: 0.2724 | Val Max Q-Miss: 0.0859 | Val Max Gen Viol: 0.0000 | Val Max Thermal: 0.0000
Epoch  760 | Val Loss: 16.6943 | Val Cost: 29199.58 | Val Max P-Miss: 0.1188 | Val Max Q-Miss: 0.0611 | Val Max Gen Viol: 0.0000 | Val Max Thermal: 0.0000
Epoch  770 | Val Loss: 16.6956 | Val Cost: 29224.83 | Val Max P-Miss: 0.1176 | Val Max Q-Miss: 0.0562 | Val Max Gen Viol: 0.0000 | Val Max Thermal: 0.0000
Epoch  780 | Val Loss: 16.6580 | Val Cost: 29332.70 | Val Max P-Miss: 0.1107 | Val Max Q-Miss: 0.0499 | Val Max Gen Viol: 0.0000 | Val Max Thermal: 0.0000
Epoch  790 | Val Loss: 16.9535 | Val Cost: 29353.65 | Val Max P-Miss: 0.1575 | Val Max Q-Miss: 0.0951 | Val Max Gen Viol: 0.0000 | Val Max Thermal: 0.0000
Epoch  800 | Val Loss: 16.7310 | Val Cost: 29184.50 | Val Max P-Miss: 0.1612 | Val Max Q-Miss: 0.0696 | Val Max Gen Viol: 0.0000 | Val Max Thermal: 0.0000
Epoch  810 | Val Loss: 16.6522 | Val Cost: 29334.59 | Val Max P-Miss: 0.1126 | Val Max Q-Miss: 0.0572 | Val Max Gen Viol: 0.0000 | Val Max Thermal: 0.0000
Epoch  820 | Val Loss: 16.6397 | Val Cost: 29353.24 | Val Max P-Miss: 0.1084 | Val Max Q-Miss: 0.0691 | Val Max Gen Viol: 0.0000 | Val Max Thermal: 0.0000
Epoch  830 | Val Loss: 16.7066 | Val Cost: 29373.48 | Val Max P-Miss: 0.1208 | Val Max Q-Miss: 0.0622 | Val Max Gen Viol: 0.0000 | Val Max Thermal: 0.0000
Epoch  840 | Val Loss: 16.5926 | Val Cost: 29162.22 | Val Max P-Miss: 0.1090 | Val Max Q-Miss: 0.0452 | Val Max Gen Viol: 0.0000 | Val Max Thermal: 0.0000
Epoch  850 | Val Loss: 16.6270 | Val Cost: 29374.45 | Val Max P-Miss: 0.1069 | Val Max Q-Miss: 0.0542 | Val Max Gen Viol: 0.0000 | Val Max Thermal: 0.0000
Epoch  860 | Val Loss: 16.5936 | Val Cost: 29296.95 | Val Max P-Miss: 0.1072 | Val Max Q-Miss: 0.0502 | Val Max Gen Viol: 0.0000 | Val Max Thermal: 0.0000
Epoch  870 | Val Loss: 16.5966 | Val Cost: 29214.06 | Val Max P-Miss: 0.0972 | Val Max Q-Miss: 0.0393 | Val Max Gen Viol: 0.0000 | Val Max Thermal: 0.0000
Epoch  880 | Val Loss: 16.5806 | Val Cost: 29323.62 | Val Max P-Miss: 0.0885 | Val Max Q-Miss: 0.0462 | Val Max Gen Viol: 0.0000 | Val Max Thermal: 0.0000
Epoch  890 | Val Loss: 16.5951 | Val Cost: 29374.26 | Val Max P-Miss: 0.0943 | Val Max Q-Miss: 0.0444 | Val Max Gen Viol: 0.0000 | Val Max Thermal: 0.0000
Epoch  900 | Val Loss: 16.5580 | Val Cost: 29319.20 | Val Max P-Miss: 0.0882 | Val Max Q-Miss: 0.0437 | Val Max Gen Viol: 0.0000 | Val Max Thermal: 0.0000 [*SAVED BEST*]
Epoch  910 | Val Loss: 16.5964 | Val Cost: 29195.96 | Val Max P-Miss: 0.1012 | Val Max Q-Miss: 0.0398 | Val Max Gen Viol: 0.0000 | Val Max Thermal: 0.0000
Epoch  920 | Val Loss: 16.6337 | Val Cost: 29071.18 | Val Max P-Miss: 0.1630 | Val Max Q-Miss: 0.0503 | Val Max Gen Viol: 0.0000 | Val Max Thermal: 0.0000
Epoch  930 | Val Loss: 16.7112 | Val Cost: 29035.65 | Val Max P-Miss: 0.1358 | Val Max Q-Miss: 0.0485 | Val Max Gen Viol: 0.0000 | Val Max Thermal: 0.0000
Epoch  940 | Val Loss: 16.7462 | Val Cost: 29426.84 | Val Max P-Miss: 0.1171 | Val Max Q-Miss: 0.0562 | Val Max Gen Viol: 0.0000 | Val Max Thermal: 0.0000
Epoch  950 | Val Loss: 16.5888 | Val Cost: 29295.73 | Val Max P-Miss: 0.0995 | Val Max Q-Miss: 0.0618 | Val Max Gen Viol: 0.0000 | Val Max Thermal: 0.0000
Epoch  960 | Val Loss: 16.5614 | Val Cost: 29279.38 | Val Max P-Miss: 0.0859 | Val Max Q-Miss: 0.0599 | Val Max Gen Viol: 0.0000 | Val Max Thermal: 0.0000
Epoch  970 | Val Loss: 16.7417 | Val Cost: 29441.65 | Val Max P-Miss: 0.1314 | Val Max Q-Miss: 0.0503 | Val Max Gen Viol: 0.0000 | Val Max Thermal: 0.0000
Epoch  980 | Val Loss: 16.5712 | Val Cost: 29227.91 | Val Max P-Miss: 0.1260 | Val Max Q-Miss: 0.0499 | Val Max Gen Viol: 0.0000 | Val Max Thermal: 0.0000
Epoch  990 | Val Loss: 16.5640 | Val Cost: 29306.12 | Val Max P-Miss: 0.0877 | Val Max Q-Miss: 0.0565 | Val Max Gen Viol: 0.0000 | Val Max Thermal: 0.0000
Epoch 1000 | Val Loss: 16.5620 | Val Cost: 29230.93 | Val Max P-Miss: 0.0896 | Val Max Q-Miss: 0.0454 | Val Max Gen Viol: 0.0000 | Val Max Thermal: 0.0000
Epoch 1010 | Val Loss: 16.5501 | Val Cost: 29234.20 | Val Max P-Miss: 0.0896 | Val Max Q-Miss: 0.0391 | Val Max Gen Viol: 0.0000 | Val Max Thermal: 0.0000 [*SAVED BEST*]
Epoch 1020 | Val Loss: 16.5648 | Val Cost: 29189.89 | Val Max P-Miss: 0.0940 | Val Max Q-Miss: 0.0422 | Val Max Gen Viol: 0.0000 | Val Max Thermal: 0.0000
Epoch 1030 | Val Loss: 16.5742 | Val Cost: 29159.52 | Val Max P-Miss: 0.1016 | Val Max Q-Miss: 0.0403 | Val Max Gen Viol: 0.0000 | Val Max Thermal: 0.0000
Epoch 1040 | Val Loss: 16.5788 | Val Cost: 29159.29 | Val Max P-Miss: 0.1071 | Val Max Q-Miss: 0.0407 | Val Max Gen Viol: 0.0000 | Val Max Thermal: 0.0000
Epoch 1050 | Val Loss: 16.7421 | Val Cost: 28971.53 | Val Max P-Miss: 0.1320 | Val Max Q-Miss: 0.0630 | Val Max Gen Viol: 0.0000 | Val Max Thermal: 0.0000
Epoch 1060 | Val Loss: 16.5853 | Val Cost: 29120.85 | Val Max P-Miss: 0.1256 | Val Max Q-Miss: 0.0583 | Val Max Gen Viol: 0.0000 | Val Max Thermal: 0.0000
Epoch 1070 | Val Loss: 16.5669 | Val Cost: 29217.49 | Val Max P-Miss: 0.1045 | Val Max Q-Miss: 0.0628 | Val Max Gen Viol: 0.0000 | Val Max Thermal: 0.0000
Epoch 1080 | Val Loss: 16.5399 | Val Cost: 29286.68 | Val Max P-Miss: 0.0935 | Val Max Q-Miss: 0.0495 | Val Max Gen Viol: 0.0000 | Val Max Thermal: 0.0000 [*SAVED BEST*]
Epoch 1090 | Val Loss: 16.6508 | Val Cost: 29266.03 | Val Max P-Miss: 0.1061 | Val Max Q-Miss: 0.0543 | Val Max Gen Viol: 0.0000 | Val Max Thermal: 0.0000
Epoch 1100 | Val Loss: 16.5963 | Val Cost: 29098.35 | Val Max P-Miss: 0.1260 | Val Max Q-Miss: 0.0400 | Val Max Gen Viol: 0.0000 | Val Max Thermal: 0.0000
Epoch 1110 | Val Loss: 16.5572 | Val Cost: 29119.99 | Val Max P-Miss: 0.1126 | Val Max Q-Miss: 0.0392 | Val Max Gen Viol: 0.0000 | Val Max Thermal: 0.0000
Epoch 1120 | Val Loss: 16.7466 | Val Cost: 29233.51 | Val Max P-Miss: 0.1190 | Val Max Q-Miss: 0.0563 | Val Max Gen Viol: 0.0000 | Val Max Thermal: 0.0000
Epoch 1130 | Val Loss: 16.5583 | Val Cost: 29236.23 | Val Max P-Miss: 0.1057 | Val Max Q-Miss: 0.0396 | Val Max Gen Viol: 0.0000 | Val Max Thermal: 0.0000
Epoch 1140 | Val Loss: 16.5753 | Val Cost: 29367.91 | Val Max P-Miss: 0.0990 | Val Max Q-Miss: 0.0393 | Val Max Gen Viol: 0.0000 | Val Max Thermal: 0.0000
Epoch 1150 | Val Loss: 16.5242 | Val Cost: 29241.10 | Val Max P-Miss: 0.0880 | Val Max Q-Miss: 0.0347 | Val Max Gen Viol: 0.0000 | Val Max Thermal: 0.0000 [*SAVED BEST*]
Epoch 1160 | Val Loss: 16.5389 | Val Cost: 29153.32 | Val Max P-Miss: 0.1097 | Val Max Q-Miss: 0.0418 | Val Max Gen Viol: 0.0000 | Val Max Thermal: 0.0000
Epoch 1170 | Val Loss: 16.5777 | Val Cost: 29272.41 | Val Max P-Miss: 0.0969 | Val Max Q-Miss: 0.0368 | Val Max Gen Viol: 0.0000 | Val Max Thermal: 0.0000
Epoch 1180 | Val Loss: 16.5595 | Val Cost: 29119.81 | Val Max P-Miss: 0.1409 | Val Max Q-Miss: 0.0365 | Val Max Gen Viol: 0.0000 | Val Max Thermal: 0.0000
Epoch 1190 | Val Loss: 16.6036 | Val Cost: 29042.92 | Val Max P-Miss: 0.1300 | Val Max Q-Miss: 0.0443 | Val Max Gen Viol: 0.0000 | Val Max Thermal: 0.0000
Epoch 1200 | Val Loss: 16.5543 | Val Cost: 29024.91 | Val Max P-Miss: 0.1008 | Val Max Q-Miss: 0.0447 | Val Max Gen Viol: 0.0000 | Val Max Thermal: 0.0000
Epoch 1210 | Val Loss: 16.5788 | Val Cost: 29237.21 | Val Max P-Miss: 0.0871 | Val Max Q-Miss: 0.0497 | Val Max Gen Viol: 0.0000 | Val Max Thermal: 0.0000
Epoch 1220 | Val Loss: 16.5437 | Val Cost: 29261.00 | Val Max P-Miss: 0.0823 | Val Max Q-Miss: 0.0455 | Val Max Gen Viol: 0.0000 | Val Max Thermal: 0.0000
Epoch 1230 | Val Loss: 16.5345 | Val Cost: 29279.26 | Val Max P-Miss: 0.0998 | Val Max Q-Miss: 0.0375 | Val Max Gen Viol: 0.0000 | Val Max Thermal: 0.0000
Epoch 1240 | Val Loss: 16.6021 | Val Cost: 29146.78 | Val Max P-Miss: 0.1200 | Val Max Q-Miss: 0.0547 | Val Max Gen Viol: 0.0000 | Val Max Thermal: 0.0000
Epoch 1250 | Val Loss: 16.5422 | Val Cost: 29234.72 | Val Max P-Miss: 0.0991 | Val Max Q-Miss: 0.0472 | Val Max Gen Viol: 0.0000 | Val Max Thermal: 0.0000
Epoch 1260 | Val Loss: 16.5722 | Val Cost: 29310.38 | Val Max P-Miss: 0.0889 | Val Max Q-Miss: 0.0488 | Val Max Gen Viol: 0.0000 | Val Max Thermal: 0.0000
Epoch 1270 | Val Loss: 16.6343 | Val Cost: 29435.92 | Val Max P-Miss: 0.0885 | Val Max Q-Miss: 0.0621 | Val Max Gen Viol: 0.0000 | Val Max Thermal: 0.0000
Epoch 1280 | Val Loss: 16.5669 | Val Cost: 29355.99 | Val Max P-Miss: 0.0996 | Val Max Q-Miss: 0.0390 | Val Max Gen Viol: 0.0000 | Val Max Thermal: 0.0000
Epoch 1290 | Val Loss: 16.5027 | Val Cost: 29166.88 | Val Max P-Miss: 0.0883 | Val Max Q-Miss: 0.0347 | Val Max Gen Viol: 0.0000 | Val Max Thermal: 0.0000 [*SAVED BEST*]
Epoch 1300 | Val Loss: 16.5057 | Val Cost: 29162.17 | Val Max P-Miss: 0.0857 | Val Max Q-Miss: 0.0382 | Val Max Gen Viol: 0.0000 | Val Max Thermal: 0.0000
Epoch 1310 | Val Loss: 16.5243 | Val Cost: 29305.46 | Val Max P-Miss: 0.0893 | Val Max Q-Miss: 0.0354 | Val Max Gen Viol: 0.0000 | Val Max Thermal: 0.0000
Epoch 1320 | Val Loss: 16.5184 | Val Cost: 29373.30 | Val Max P-Miss: 0.0871 | Val Max Q-Miss: 0.0349 | Val Max Gen Viol: 0.0000 | Val Max Thermal: 0.0000
Epoch 1330 | Val Loss: 16.5106 | Val Cost: 29246.76 | Val Max P-Miss: 0.0823 | Val Max Q-Miss: 0.0357 | Val Max Gen Viol: 0.0000 | Val Max Thermal: 0.0000
Epoch 1340 | Val Loss: 16.6111 | Val Cost: 28979.03 | Val Max P-Miss: 0.1693 | Val Max Q-Miss: 0.0371 | Val Max Gen Viol: 0.0000 | Val Max Thermal: 0.0000
Epoch 1350 | Val Loss: 16.7950 | Val Cost: 28922.16 | Val Max P-Miss: 0.2051 | Val Max Q-Miss: 0.0433 | Val Max Gen Viol: 0.0000 | Val Max Thermal: 0.0000
Epoch 1360 | Val Loss: 16.5483 | Val Cost: 29054.11 | Val Max P-Miss: 0.1196 | Val Max Q-Miss: 0.0491 | Val Max Gen Viol: 0.0000 | Val Max Thermal: 0.0000
Epoch 1370 | Val Loss: 16.5839 | Val Cost: 28866.78 | Val Max P-Miss: 0.1525 | Val Max Q-Miss: 0.0554 | Val Max Gen Viol: 0.0000 | Val Max Thermal: 0.0000
Epoch 1380 | Val Loss: 16.5353 | Val Cost: 29205.53 | Val Max P-Miss: 0.0893 | Val Max Q-Miss: 0.0514 | Val Max Gen Viol: 0.0000 | Val Max Thermal: 0.0000
Epoch 1390 | Val Loss: 16.5431 | Val Cost: 29164.71 | Val Max P-Miss: 0.1257 | Val Max Q-Miss: 0.0411 | Val Max Gen Viol: 0.0000 | Val Max Thermal: 0.0000
Epoch 1400 | Val Loss: 16.5800 | Val Cost: 29213.27 | Val Max P-Miss: 0.1146 | Val Max Q-Miss: 0.0484 | Val Max Gen Viol: 0.0000 | Val Max Thermal: 0.0000
Epoch 1410 | Val Loss: 16.6340 | Val Cost: 29336.16 | Val Max P-Miss: 0.0916 | Val Max Q-Miss: 0.0413 | Val Max Gen Viol: 0.0000 | Val Max Thermal: 0.0000
Epoch 1420 | Val Loss: 16.5350 | Val Cost: 29213.77 | Val Max P-Miss: 0.0860 | Val Max Q-Miss: 0.0385 | Val Max Gen Viol: 0.0000 | Val Max Thermal: 0.0000
Epoch 1430 | Val Loss: 16.5055 | Val Cost: 29225.15 | Val Max P-Miss: 0.0986 | Val Max Q-Miss: 0.0306 | Val Max Gen Viol: 0.0000 | Val Max Thermal: 0.0000
Epoch 1440 | Val Loss: 16.5152 | Val Cost: 29315.76 | Val Max P-Miss: 0.1060 | Val Max Q-Miss: 0.0305 | Val Max Gen Viol: 0.0000 | Val Max Thermal: 0.0000
Epoch 1450 | Val Loss: 16.5882 | Val Cost: 29289.77 | Val Max P-Miss: 0.1070 | Val Max Q-Miss: 0.0427 | Val Max Gen Viol: 0.0000 | Val Max Thermal: 0.0000
Epoch 1460 | Val Loss: 16.5088 | Val Cost: 29181.50 | Val Max P-Miss: 0.1071 | Val Max Q-Miss: 0.0304 | Val Max Gen Viol: 0.0000 | Val Max Thermal: 0.0000
Epoch 1470 | Val Loss: 16.5295 | Val Cost: 29201.94 | Val Max P-Miss: 0.0920 | Val Max Q-Miss: 0.0372 | Val Max Gen Viol: 0.0000 | Val Max Thermal: 0.0000
Epoch 1480 | Val Loss: 16.4986 | Val Cost: 29195.20 | Val Max P-Miss: 0.0870 | Val Max Q-Miss: 0.0344 | Val Max Gen Viol: 0.0000 | Val Max Thermal: 0.0000 [*SAVED BEST*]
Epoch 1490 | Val Loss: 16.4828 | Val Cost: 29196.12 | Val Max P-Miss: 0.0809 | Val Max Q-Miss: 0.0316 | Val Max Gen Viol: 0.0000 | Val Max Thermal: 0.0000 [*SAVED BEST*]
Epoch 1500 | Val Loss: 16.4944 | Val Cost: 29189.53 | Val Max P-Miss: 0.0883 | Val Max Q-Miss: 0.0335 | Val Max Gen Viol: 0.0000 | Val Max Thermal: 0.0000
Epoch 1510 | Val Loss: 16.5181 | Val Cost: 29175.62 | Val Max P-Miss: 0.0907 | Val Max Q-Miss: 0.0361 | Val Max Gen Viol: 0.0000 | Val Max Thermal: 0.0000
Epoch 1520 | Val Loss: 16.5257 | Val Cost: 29311.20 | Val Max P-Miss: 0.0886 | Val Max Q-Miss: 0.0334 | Val Max Gen Viol: 0.0000 | Val Max Thermal: 0.0000
Epoch 1530 | Val Loss: 16.7612 | Val Cost: 29240.61 | Val Max P-Miss: 0.1390 | Val Max Q-Miss: 0.0640 | Val Max Gen Viol: 0.0000 | Val Max Thermal: 0.0000
Epoch 1540 | Val Loss: 16.5300 | Val Cost: 29166.62 | Val Max P-Miss: 0.1102 | Val Max Q-Miss: 0.0344 | Val Max Gen Viol: 0.0000 | Val Max Thermal: 0.0000
Epoch 1550 | Val Loss: 16.5886 | Val Cost: 29340.59 | Val Max P-Miss: 0.1084 | Val Max Q-Miss: 0.0404 | Val Max Gen Viol: 0.0000 | Val Max Thermal: 0.0000
Epoch 1560 | Val Loss: 16.4970 | Val Cost: 29155.80 | Val Max P-Miss: 0.1113 | Val Max Q-Miss: 0.0326 | Val Max Gen Viol: 0.0000 | Val Max Thermal: 0.0000
Epoch 1570 | Val Loss: 16.7459 | Val Cost: 29441.64 | Val Max P-Miss: 0.1015 | Val Max Q-Miss: 0.0470 | Val Max Gen Viol: 0.0000 | Val Max Thermal: 0.0000
Epoch 1580 | Val Loss: 16.5077 | Val Cost: 29214.61 | Val Max P-Miss: 0.0915 | Val Max Q-Miss: 0.0376 | Val Max Gen Viol: 0.0000 | Val Max Thermal: 0.0000
Epoch 1590 | Val Loss: 16.5329 | Val Cost: 29289.14 | Val Max P-Miss: 0.0813 | Val Max Q-Miss: 0.0343 | Val Max Gen Viol: 0.0000 | Val Max Thermal: 0.0000
Epoch 1600 | Val Loss: 16.5065 | Val Cost: 29147.56 | Val Max P-Miss: 0.0939 | Val Max Q-Miss: 0.0313 | Val Max Gen Viol: 0.0000 | Val Max Thermal: 0.0000
Epoch 1610 | Val Loss: 16.5138 | Val Cost: 29236.00 | Val Max P-Miss: 0.0958 | Val Max Q-Miss: 0.0307 | Val Max Gen Viol: 0.0000 | Val Max Thermal: 0.0000
Epoch 1620 | Val Loss: 16.5059 | Val Cost: 29128.00 | Val Max P-Miss: 0.0808 | Val Max Q-Miss: 0.0317 | Val Max Gen Viol: 0.0000 | Val Max Thermal: 0.0000
Epoch 1630 | Val Loss: 16.5740 | Val Cost: 29018.85 | Val Max P-Miss: 0.1272 | Val Max Q-Miss: 0.0447 | Val Max Gen Viol: 0.0000 | Val Max Thermal: 0.0000
Epoch 1640 | Val Loss: 16.5389 | Val Cost: 29191.61 | Val Max P-Miss: 0.0833 | Val Max Q-Miss: 0.0379 | Val Max Gen Viol: 0.0000 | Val Max Thermal: 0.0000
Epoch 1650 | Val Loss: 16.5155 | Val Cost: 29263.41 | Val Max P-Miss: 0.0919 | Val Max Q-Miss: 0.0411 | Val Max Gen Viol: 0.0000 | Val Max Thermal: 0.0000
Epoch 1660 | Val Loss: 16.4774 | Val Cost: 29182.21 | Val Max P-Miss: 0.0811 | Val Max Q-Miss: 0.0534 | Val Max Gen Viol: 0.0000 | Val Max Thermal: 0.0000 [*SAVED BEST*]
Epoch 1670 | Val Loss: 16.5947 | Val Cost: 29219.42 | Val Max P-Miss: 0.0991 | Val Max Q-Miss: 0.0381 | Val Max Gen Viol: 0.0000 | Val Max Thermal: 0.0000
Epoch 1680 | Val Loss: 16.4963 | Val Cost: 29272.09 | Val Max P-Miss: 0.0888 | Val Max Q-Miss: 0.0288 | Val Max Gen Viol: 0.0000 | Val Max Thermal: 0.0000
Epoch 1690 | Val Loss: 16.5005 | Val Cost: 29304.47 | Val Max P-Miss: 0.0918 | Val Max Q-Miss: 0.0304 | Val Max Gen Viol: 0.0000 | Val Max Thermal: 0.0000
Epoch 1700 | Val Loss: 16.5012 | Val Cost: 29035.88 | Val Max P-Miss: 0.1023 | Val Max Q-Miss: 0.0290 | Val Max Gen Viol: 0.0000 | Val Max Thermal: 0.0000
Epoch 1710 | Val Loss: 16.5315 | Val Cost: 29248.87 | Val Max P-Miss: 0.0830 | Val Max Q-Miss: 0.0309 | Val Max Gen Viol: 0.0000 | Val Max Thermal: 0.0000
Epoch 1720 | Val Loss: 16.5138 | Val Cost: 29257.57 | Val Max P-Miss: 0.0880 | Val Max Q-Miss: 0.0335 | Val Max Gen Viol: 0.0000 | Val Max Thermal: 0.0000
Epoch 1730 | Val Loss: 16.5047 | Val Cost: 29144.28 | Val Max P-Miss: 0.1016 | Val Max Q-Miss: 0.0278 | Val Max Gen Viol: 0.0000 | Val Max Thermal: 0.0000
Epoch 1740 | Val Loss: 16.5044 | Val Cost: 29217.11 | Val Max P-Miss: 0.0865 | Val Max Q-Miss: 0.0295 | Val Max Gen Viol: 0.0000 | Val Max Thermal: 0.0000
Epoch 1750 | Val Loss: 16.5302 | Val Cost: 29202.87 | Val Max P-Miss: 0.0931 | Val Max Q-Miss: 0.0416 | Val Max Gen Viol: 0.0000 | Val Max Thermal: 0.0000
Epoch 1760 | Val Loss: 16.5317 | Val Cost: 29242.81 | Val Max P-Miss: 0.0971 | Val Max Q-Miss: 0.0360 | Val Max Gen Viol: 0.0000 | Val Max Thermal: 0.0000
Epoch 1770 | Val Loss: 16.5384 | Val Cost: 29072.15 | Val Max P-Miss: 0.1276 | Val Max Q-Miss: 0.0371 | Val Max Gen Viol: 0.0000 | Val Max Thermal: 0.0000
Epoch 1780 | Val Loss: 16.5285 | Val Cost: 29264.45 | Val Max P-Miss: 0.0833 | Val Max Q-Miss: 0.0337 | Val Max Gen Viol: 0.0000 | Val Max Thermal: 0.0000
Epoch 1790 | Val Loss: 16.5399 | Val Cost: 29268.23 | Val Max P-Miss: 0.1052 | Val Max Q-Miss: 0.0397 | Val Max Gen Viol: 0.0000 | Val Max Thermal: 0.0000
Epoch 1800 | Val Loss: 16.5113 | Val Cost: 29258.33 | Val Max P-Miss: 0.0826 | Val Max Q-Miss: 0.0319 | Val Max Gen Viol: 0.0000 | Val Max Thermal: 0.0000
Epoch 1810 | Val Loss: 16.4727 | Val Cost: 29091.51 | Val Max P-Miss: 0.0866 | Val Max Q-Miss: 0.0303 | Val Max Gen Viol: 0.0000 | Val Max Thermal: 0.0000 [*SAVED BEST*]
Epoch 1820 | Val Loss: 16.5014 | Val Cost: 29199.70 | Val Max P-Miss: 0.0798 | Val Max Q-Miss: 0.0331 | Val Max Gen Viol: 0.0000 | Val Max Thermal: 0.0000
Epoch 1830 | Val Loss: 16.4943 | Val Cost: 29230.45 | Val Max P-Miss: 0.0781 | Val Max Q-Miss: 0.0271 | Val Max Gen Viol: 0.0000 | Val Max Thermal: 0.0000
Epoch 1840 | Val Loss: 16.4865 | Val Cost: 29066.47 | Val Max P-Miss: 0.0929 | Val Max Q-Miss: 0.0235 | Val Max Gen Viol: 0.0000 | Val Max Thermal: 0.0000
Epoch 1850 | Val Loss: 16.4949 | Val Cost: 29100.06 | Val Max P-Miss: 0.0990 | Val Max Q-Miss: 0.0310 | Val Max Gen Viol: 0.0000 | Val Max Thermal: 0.0000
Epoch 1860 | Val Loss: 16.5145 | Val Cost: 29022.48 | Val Max P-Miss: 0.1499 | Val Max Q-Miss: 0.0336 | Val Max Gen Viol: 0.0000 | Val Max Thermal: 0.0000
Epoch 1870 | Val Loss: 16.4870 | Val Cost: 29176.04 | Val Max P-Miss: 0.0894 | Val Max Q-Miss: 0.0320 | Val Max Gen Viol: 0.0000 | Val Max Thermal: 0.0000
Epoch 1880 | Val Loss: 16.4925 | Val Cost: 29183.18 | Val Max P-Miss: 0.0819 | Val Max Q-Miss: 0.0281 | Val Max Gen Viol: 0.0000 | Val Max Thermal: 0.0000
Epoch 1890 | Val Loss: 16.4872 | Val Cost: 29159.64 | Val Max P-Miss: 0.0758 | Val Max Q-Miss: 0.0299 | Val Max Gen Viol: 0.0000 | Val Max Thermal: 0.0000
Epoch 1900 | Val Loss: 16.4909 | Val Cost: 29063.58 | Val Max P-Miss: 0.0887 | Val Max Q-Miss: 0.0257 | Val Max Gen Viol: 0.0000 | Val Max Thermal: 0.0000
Epoch 1910 | Val Loss: 16.5589 | Val Cost: 29166.72 | Val Max P-Miss: 0.0973 | Val Max Q-Miss: 0.0510 | Val Max Gen Viol: 0.0000 | Val Max Thermal: 0.0000
Epoch 1920 | Val Loss: 16.6926 | Val Cost: 29138.37 | Val Max P-Miss: 0.1193 | Val Max Q-Miss: 0.0416 | Val Max Gen Viol: 0.0000 | Val Max Thermal: 0.0000
Epoch 1930 | Val Loss: 16.5562 | Val Cost: 29077.60 | Val Max P-Miss: 0.1253 | Val Max Q-Miss: 0.0415 | Val Max Gen Viol: 0.0000 | Val Max Thermal: 0.0000
Epoch 1940 | Val Loss: 16.4779 | Val Cost: 29132.44 | Val Max P-Miss: 0.1116 | Val Max Q-Miss: 0.0283 | Val Max Gen Viol: 0.0000 | Val Max Thermal: 0.0000
Epoch 1950 | Val Loss: 16.5144 | Val Cost: 29006.07 | Val Max P-Miss: 0.1374 | Val Max Q-Miss: 0.0320 | Val Max Gen Viol: 0.0000 | Val Max Thermal: 0.0000
Epoch 1960 | Val Loss: 16.4755 | Val Cost: 29193.25 | Val Max P-Miss: 0.0877 | Val Max Q-Miss: 0.0295 | Val Max Gen Viol: 0.0000 | Val Max Thermal: 0.0000
Epoch 1970 | Val Loss: 16.5014 | Val Cost: 29118.04 | Val Max P-Miss: 0.0848 | Val Max Q-Miss: 0.0278 | Val Max Gen Viol: 0.0000 | Val Max Thermal: 0.0000
Epoch 1980 | Val Loss: 16.4716 | Val Cost: 29193.04 | Val Max P-Miss: 0.0722 | Val Max Q-Miss: 0.0243 | Val Max Gen Viol: 0.0000 | Val Max Thermal: 0.0000 [*SAVED BEST*]
Epoch 1990 | Val Loss: 16.5331 | Val Cost: 29046.36 | Val Max P-Miss: 0.1114 | Val Max Q-Miss: 0.0289 | Val Max Gen Viol: 0.0000 | Val Max Thermal: 0.0000
Epoch 2000 | Val Loss: 16.4930 | Val Cost: 29247.79 | Val Max P-Miss: 0.0880 | Val Max Q-Miss: 0.0372 | Val Max Gen Viol: 0.0000 | Val Max Thermal: 0.0000
Epoch 2010 | Val Loss: 16.4775 | Val Cost: 29172.18 | Val Max P-Miss: 0.0931 | Val Max Q-Miss: 0.0276 | Val Max Gen Viol: 0.0000 | Val Max Thermal: 0.0000
Epoch 2020 | Val Loss: 16.5071 | Val Cost: 29322.96 | Val Max P-Miss: 0.0735 | Val Max Q-Miss: 0.0337 | Val Max Gen Viol: 0.0000 | Val Max Thermal: 0.0000
Epoch 2030 | Val Loss: 16.5172 | Val Cost: 29250.07 | Val Max P-Miss: 0.0834 | Val Max Q-Miss: 0.0314 | Val Max Gen Viol: 0.0000 | Val Max Thermal: 0.0000
Epoch 2040 | Val Loss: 16.4704 | Val Cost: 29136.62 | Val Max P-Miss: 0.0818 | Val Max Q-Miss: 0.0262 | Val Max Gen Viol: 0.0000 | Val Max Thermal: 0.0000 [*SAVED BEST*]
Epoch 2050 | Val Loss: 16.4738 | Val Cost: 29061.35 | Val Max P-Miss: 0.0884 | Val Max Q-Miss: 0.0248 | Val Max Gen Viol: 0.0000 | Val Max Thermal: 0.0000
Epoch 2060 | Val Loss: 16.4778 | Val Cost: 29172.40 | Val Max P-Miss: 0.0834 | Val Max Q-Miss: 0.0254 | Val Max Gen Viol: 0.0000 | Val Max Thermal: 0.0000
Epoch 2070 | Val Loss: 16.5076 | Val Cost: 29338.37 | Val Max P-Miss: 0.0817 | Val Max Q-Miss: 0.0260 | Val Max Gen Viol: 0.0000 | Val Max Thermal: 0.0000
Epoch 2080 | Val Loss: 16.5804 | Val Cost: 29018.92 | Val Max P-Miss: 0.1259 | Val Max Q-Miss: 0.0665 | Val Max Gen Viol: 0.0000 | Val Max Thermal: 0.0000
Epoch 2090 | Val Loss: 16.5066 | Val Cost: 29090.90 | Val Max P-Miss: 0.0811 | Val Max Q-Miss: 0.0363 | Val Max Gen Viol: 0.0000 | Val Max Thermal: 0.0000
Epoch 2100 | Val Loss: 16.4500 | Val Cost: 29144.75 | Val Max P-Miss: 0.0855 | Val Max Q-Miss: 0.0317 | Val Max Gen Viol: 0.0000 | Val Max Thermal: 0.0000 [*SAVED BEST*]
Epoch 2110 | Val Loss: 16.5029 | Val Cost: 29204.13 | Val Max P-Miss: 0.0833 | Val Max Q-Miss: 0.0293 | Val Max Gen Viol: 0.0000 | Val Max Thermal: 0.0000
Epoch 2120 | Val Loss: 16.5037 | Val Cost: 29182.75 | Val Max P-Miss: 0.0896 | Val Max Q-Miss: 0.0354 | Val Max Gen Viol: 0.0000 | Val Max Thermal: 0.0000
Epoch 2130 | Val Loss: 16.4877 | Val Cost: 29205.23 | Val Max P-Miss: 0.0834 | Val Max Q-Miss: 0.0394 | Val Max Gen Viol: 0.0000 | Val Max Thermal: 0.0000
Epoch 2140 | Val Loss: 16.4676 | Val Cost: 29129.96 | Val Max P-Miss: 0.0994 | Val Max Q-Miss: 0.0435 | Val Max Gen Viol: 0.0000 | Val Max Thermal: 0.0000
Epoch 2150 | Val Loss: 16.4890 | Val Cost: 29051.61 | Val Max P-Miss: 0.1067 | Val Max Q-Miss: 0.0255 | Val Max Gen Viol: 0.0000 | Val Max Thermal: 0.0000
Epoch 2160 | Val Loss: 16.4794 | Val Cost: 29234.63 | Val Max P-Miss: 0.0775 | Val Max Q-Miss: 0.0337 | Val Max Gen Viol: 0.0000 | Val Max Thermal: 0.0000
Epoch 2170 | Val Loss: 16.4869 | Val Cost: 29193.22 | Val Max P-Miss: 0.0874 | Val Max Q-Miss: 0.0244 | Val Max Gen Viol: 0.0000 | Val Max Thermal: 0.0000
Epoch 2180 | Val Loss: 16.5617 | Val Cost: 29180.09 | Val Max P-Miss: 0.0883 | Val Max Q-Miss: 0.0325 | Val Max Gen Viol: 0.0000 | Val Max Thermal: 0.0000
Epoch 2190 | Val Loss: 16.4718 | Val Cost: 29080.72 | Val Max P-Miss: 0.0898 | Val Max Q-Miss: 0.0283 | Val Max Gen Viol: 0.0000 | Val Max Thermal: 0.0000
Epoch 2200 | Val Loss: 16.4789 | Val Cost: 29175.47 | Val Max P-Miss: 0.0755 | Val Max Q-Miss: 0.0262 | Val Max Gen Viol: 0.0000 | Val Max Thermal: 0.0000
Epoch 2210 | Val Loss: 16.4860 | Val Cost: 29265.69 | Val Max P-Miss: 0.0720 | Val Max Q-Miss: 0.0298 | Val Max Gen Viol: 0.0000 | Val Max Thermal: 0.0000
Epoch 2220 | Val Loss: 16.5054 | Val Cost: 29194.01 | Val Max P-Miss: 0.0734 | Val Max Q-Miss: 0.0264 | Val Max Gen Viol: 0.0000 | Val Max Thermal: 0.0000
Epoch 2230 | Val Loss: 16.5113 | Val Cost: 29170.98 | Val Max P-Miss: 0.0880 | Val Max Q-Miss: 0.0287 | Val Max Gen Viol: 0.0000 | Val Max Thermal: 0.0000
Epoch 2240 | Val Loss: 16.4937 | Val Cost: 29287.10 | Val Max P-Miss: 0.0851 | Val Max Q-Miss: 0.0280 | Val Max Gen Viol: 0.0000 | Val Max Thermal: 0.0000
Epoch 2250 | Val Loss: 16.4842 | Val Cost: 29231.85 | Val Max P-Miss: 0.0893 | Val Max Q-Miss: 0.0357 | Val Max Gen Viol: 0.0000 | Val Max Thermal: 0.0000
Epoch 2260 | Val Loss: 16.4726 | Val Cost: 29064.38 | Val Max P-Miss: 0.0802 | Val Max Q-Miss: 0.0254 | Val Max Gen Viol: 0.0000 | Val Max Thermal: 0.0000
Epoch 2270 | Val Loss: 16.4977 | Val Cost: 29255.61 | Val Max P-Miss: 0.0829 | Val Max Q-Miss: 0.0289 | Val Max Gen Viol: 0.0000 | Val Max Thermal: 0.0000
Epoch 2280 | Val Loss: 16.4824 | Val Cost: 29269.99 | Val Max P-Miss: 0.0800 | Val Max Q-Miss: 0.0270 | Val Max Gen Viol: 0.0000 | Val Max Thermal: 0.0000
Epoch 2290 | Val Loss: 16.4951 | Val Cost: 29222.78 | Val Max P-Miss: 0.0976 | Val Max Q-Miss: 0.0300 | Val Max Gen Viol: 0.0000 | Val Max Thermal: 0.0000
Epoch 2300 | Val Loss: 16.5562 | Val Cost: 29246.84 | Val Max P-Miss: 0.0832 | Val Max Q-Miss: 0.0482 | Val Max Gen Viol: 0.0000 | Val Max Thermal: 0.0000
Epoch 2310 | Val Loss: 16.5980 | Val Cost: 28951.36 | Val Max P-Miss: 0.1399 | Val Max Q-Miss: 0.0386 | Val Max Gen Viol: 0.0000 | Val Max Thermal: 0.0000
Epoch 2320 | Val Loss: 16.4876 | Val Cost: 29149.41 | Val Max P-Miss: 0.0816 | Val Max Q-Miss: 0.0292 | Val Max Gen Viol: 0.0000 | Val Max Thermal: 0.0000
Epoch 2330 | Val Loss: 16.4806 | Val Cost: 29161.20 | Val Max P-Miss: 0.0858 | Val Max Q-Miss: 0.0271 | Val Max Gen Viol: 0.0000 | Val Max Thermal: 0.0000
Epoch 2340 | Val Loss: 16.4938 | Val Cost: 29391.12 | Val Max P-Miss: 0.0790 | Val Max Q-Miss: 0.0333 | Val Max Gen Viol: 0.0000 | Val Max Thermal: 0.0000
Epoch 2350 | Val Loss: 16.4761 | Val Cost: 29183.46 | Val Max P-Miss: 0.0857 | Val Max Q-Miss: 0.0251 | Val Max Gen Viol: 0.0000 | Val Max Thermal: 0.0000
Epoch 2360 | Val Loss: 16.5182 | Val Cost: 29319.08 | Val Max P-Miss: 0.0827 | Val Max Q-Miss: 0.0297 | Val Max Gen Viol: 0.0000 | Val Max Thermal: 0.0000
Epoch 2370 | Val Loss: 16.5109 | Val Cost: 29190.94 | Val Max P-Miss: 0.0842 | Val Max Q-Miss: 0.0285 | Val Max Gen Viol: 0.0000 | Val Max Thermal: 0.0000
Epoch 2380 | Val Loss: 16.4924 | Val Cost: 29163.65 | Val Max P-Miss: 0.0838 | Val Max Q-Miss: 0.0306 | Val Max Gen Viol: 0.0000 | Val Max Thermal: 0.0000
Epoch 2390 | Val Loss: 16.4735 | Val Cost: 29057.80 | Val Max P-Miss: 0.0986 | Val Max Q-Miss: 0.0251 | Val Max Gen Viol: 0.0000 | Val Max Thermal: 0.0000
Epoch 2400 | Val Loss: 16.4969 | Val Cost: 29176.21 | Val Max P-Miss: 0.0936 | Val Max Q-Miss: 0.0394 | Val Max Gen Viol: 0.0000 | Val Max Thermal: 0.0000
Epoch 2410 | Val Loss: 16.4944 | Val Cost: 28964.07 | Val Max P-Miss: 0.1221 | Val Max Q-Miss: 0.0302 | Val Max Gen Viol: 0.0000 | Val Max Thermal: 0.0000
Epoch 2420 | Val Loss: 16.5117 | Val Cost: 29359.47 | Val Max P-Miss: 0.0748 | Val Max Q-Miss: 0.0257 | Val Max Gen Viol: 0.0000 | Val Max Thermal: 0.0000
Epoch 2430 | Val Loss: 16.4827 | Val Cost: 29238.59 | Val Max P-Miss: 0.0810 | Val Max Q-Miss: 0.0281 | Val Max Gen Viol: 0.0000 | Val Max Thermal: 0.0000
Epoch 2440 | Val Loss: 16.4647 | Val Cost: 29106.65 | Val Max P-Miss: 0.0806 | Val Max Q-Miss: 0.0266 | Val Max Gen Viol: 0.0000 | Val Max Thermal: 0.0000
Epoch 2450 | Val Loss: 16.4809 | Val Cost: 29161.56 | Val Max P-Miss: 0.0845 | Val Max Q-Miss: 0.0326 | Val Max Gen Viol: 0.0000 | Val Max Thermal: 0.0000
Epoch 2460 | Val Loss: 16.4708 | Val Cost: 29199.82 | Val Max P-Miss: 0.0811 | Val Max Q-Miss: 0.0305 | Val Max Gen Viol: 0.0000 | Val Max Thermal: 0.0000
Epoch 2470 | Val Loss: 16.5233 | Val Cost: 29052.82 | Val Max P-Miss: 0.0924 | Val Max Q-Miss: 0.0304 | Val Max Gen Viol: 0.0000 | Val Max Thermal: 0.0000
Epoch 2480 | Val Loss: 16.4965 | Val Cost: 29073.54 | Val Max P-Miss: 0.0904 | Val Max Q-Miss: 0.0296 | Val Max Gen Viol: 0.0000 | Val Max Thermal: 0.0000
Epoch 2490 | Val Loss: 16.4910 | Val Cost: 29101.74 | Val Max P-Miss: 0.0989 | Val Max Q-Miss: 0.0283 | Val Max Gen Viol: 0.0000 | Val Max Thermal: 0.0000
Epoch 2500 | Val Loss: 16.4503 | Val Cost: 29030.04 | Val Max P-Miss: 0.1027 | Val Max Q-Miss: 0.0243 | Val Max Gen Viol: 0.0000 | Val Max Thermal: 0.0000
Epoch 2510 | Val Loss: 16.4775 | Val Cost: 29110.05 | Val Max P-Miss: 0.0806 | Val Max Q-Miss: 0.0259 | Val Max Gen Viol: 0.0000 | Val Max Thermal: 0.0000
Epoch 2520 | Val Loss: 16.4895 | Val Cost: 29261.63 | Val Max P-Miss: 0.0738 | Val Max Q-Miss: 0.0238 | Val Max Gen Viol: 0.0000 | Val Max Thermal: 0.0000
Epoch 2530 | Val Loss: 16.4859 | Val Cost: 28972.13 | Val Max P-Miss: 0.0951 | Val Max Q-Miss: 0.0324 | Val Max Gen Viol: 0.0000 | Val Max Thermal: 0.0000
Epoch 2540 | Val Loss: 16.4655 | Val Cost: 29009.13 | Val Max P-Miss: 0.0938 | Val Max Q-Miss: 0.0289 | Val Max Gen Viol: 0.0000 | Val Max Thermal: 0.0000
Epoch 2550 | Val Loss: 16.5428 | Val Cost: 29260.26 | Val Max P-Miss: 0.0856 | Val Max Q-Miss: 0.0308 | Val Max Gen Viol: 0.0000 | Val Max Thermal: 0.0000
Epoch 2560 | Val Loss: 16.4675 | Val Cost: 29141.46 | Val Max P-Miss: 0.0832 | Val Max Q-Miss: 0.0259 | Val Max Gen Viol: 0.0000 | Val Max Thermal: 0.0000
Epoch 2570 | Val Loss: 16.4537 | Val Cost: 29042.37 | Val Max P-Miss: 0.0964 | Val Max Q-Miss: 0.0246 | Val Max Gen Viol: 0.0000 | Val Max Thermal: 0.0000
Epoch 2580 | Val Loss: 16.4972 | Val Cost: 28998.19 | Val Max P-Miss: 0.1010 | Val Max Q-Miss: 0.0412 | Val Max Gen Viol: 0.0000 | Val Max Thermal: 0.0000
Epoch 2590 | Val Loss: 16.5063 | Val Cost: 29333.24 | Val Max P-Miss: 0.0727 | Val Max Q-Miss: 0.0331 | Val Max Gen Viol: 0.0000 | Val Max Thermal: 0.0000
Epoch 2600 | Val Loss: 16.4666 | Val Cost: 29246.96 | Val Max P-Miss: 0.0758 | Val Max Q-Miss: 0.0258 | Val Max Gen Viol: 0.0000 | Val Max Thermal: 0.0000
Epoch 2610 | Val Loss: 16.5219 | Val Cost: 29218.39 | Val Max P-Miss: 0.0864 | Val Max Q-Miss: 0.0312 | Val Max Gen Viol: 0.0000 | Val Max Thermal: 0.0000
Epoch 2620 | Val Loss: 16.4856 | Val Cost: 29199.79 | Val Max P-Miss: 0.0817 | Val Max Q-Miss: 0.0362 | Val Max Gen Viol: 0.0000 | Val Max Thermal: 0.0000
Epoch 2630 | Val Loss: 16.4670 | Val Cost: 29078.27 | Val Max P-Miss: 0.1139 | Val Max Q-Miss: 0.0264 | Val Max Gen Viol: 0.0000 | Val Max Thermal: 0.0000
Epoch 2640 | Val Loss: 16.5096 | Val Cost: 29054.45 | Val Max P-Miss: 0.0873 | Val Max Q-Miss: 0.0260 | Val Max Gen Viol: 0.0000 | Val Max Thermal: 0.0000
Epoch 2650 | Val Loss: 16.4795 | Val Cost: 29058.72 | Val Max P-Miss: 0.0980 | Val Max Q-Miss: 0.0235 | Val Max Gen Viol: 0.0000 | Val Max Thermal: 0.0000
Epoch 2660 | Val Loss: 16.4694 | Val Cost: 29186.94 | Val Max P-Miss: 0.0720 | Val Max Q-Miss: 0.0288 | Val Max Gen Viol: 0.0000 | Val Max Thermal: 0.0000
Epoch 2670 | Val Loss: 16.5173 | Val Cost: 28914.94 | Val Max P-Miss: 0.1395 | Val Max Q-Miss: 0.0254 | Val Max Gen Viol: 0.0000 | Val Max Thermal: 0.0000
Epoch 2680 | Val Loss: 16.4790 | Val Cost: 29170.94 | Val Max P-Miss: 0.0829 | Val Max Q-Miss: 0.0251 | Val Max Gen Viol: 0.0000 | Val Max Thermal: 0.0000
Epoch 2690 | Val Loss: 16.4466 | Val Cost: 29071.44 | Val Max P-Miss: 0.0760 | Val Max Q-Miss: 0.0254 | Val Max Gen Viol: 0.0000 | Val Max Thermal: 0.0000 [*SAVED BEST*]
Epoch 2700 | Val Loss: 16.4495 | Val Cost: 29114.19 | Val Max P-Miss: 0.0874 | Val Max Q-Miss: 0.0267 | Val Max Gen Viol: 0.0000 | Val Max Thermal: 0.0000
Epoch 2710 | Val Loss: 16.4799 | Val Cost: 28974.49 | Val Max P-Miss: 0.1015 | Val Max Q-Miss: 0.0270 | Val Max Gen Viol: 0.0000 | Val Max Thermal: 0.0000
Epoch 2720 | Val Loss: 16.4532 | Val Cost: 29069.54 | Val Max P-Miss: 0.0785 | Val Max Q-Miss: 0.0249 | Val Max Gen Viol: 0.0000 | Val Max Thermal: 0.0000
Epoch 2730 | Val Loss: 16.4746 | Val Cost: 29175.03 | Val Max P-Miss: 0.0935 | Val Max Q-Miss: 0.0333 | Val Max Gen Viol: 0.0000 | Val Max Thermal: 0.0000
Epoch 2740 | Val Loss: 16.5215 | Val Cost: 29086.73 | Val Max P-Miss: 0.1087 | Val Max Q-Miss: 0.0304 | Val Max Gen Viol: 0.0000 | Val Max Thermal: 0.0000
Epoch 2750 | Val Loss: 16.4774 | Val Cost: 29075.82 | Val Max P-Miss: 0.0903 | Val Max Q-Miss: 0.0385 | Val Max Gen Viol: 0.0000 | Val Max Thermal: 0.0000
Epoch 2760 | Val Loss: 16.5059 | Val Cost: 29282.60 | Val Max P-Miss: 0.0759 | Val Max Q-Miss: 0.0338 | Val Max Gen Viol: 0.0000 | Val Max Thermal: 0.0000
Epoch 2770 | Val Loss: 16.4869 | Val Cost: 29296.18 | Val Max P-Miss: 0.1026 | Val Max Q-Miss: 0.0291 | Val Max Gen Viol: 0.0000 | Val Max Thermal: 0.0000
Epoch 2780 | Val Loss: 16.4872 | Val Cost: 29193.87 | Val Max P-Miss: 0.0830 | Val Max Q-Miss: 0.0294 | Val Max Gen Viol: 0.0000 | Val Max Thermal: 0.0000
Epoch 2790 | Val Loss: 16.4899 | Val Cost: 29238.64 | Val Max P-Miss: 0.0933 | Val Max Q-Miss: 0.0282 | Val Max Gen Viol: 0.0000 | Val Max Thermal: 0.0000
Epoch 2800 | Val Loss: 16.4646 | Val Cost: 29188.99 | Val Max P-Miss: 0.0825 | Val Max Q-Miss: 0.0257 | Val Max Gen Viol: 0.0000 | Val Max Thermal: 0.0000
Epoch 2810 | Val Loss: 16.4490 | Val Cost: 29093.81 | Val Max P-Miss: 0.1004 | Val Max Q-Miss: 0.0261 | Val Max Gen Viol: 0.0000 | Val Max Thermal: 0.0000
Epoch 2820 | Val Loss: 16.4874 | Val Cost: 29019.08 | Val Max P-Miss: 0.0896 | Val Max Q-Miss: 0.0313 | Val Max Gen Viol: 0.0000 | Val Max Thermal: 0.0000
Epoch 2830 | Val Loss: 16.4619 | Val Cost: 29260.01 | Val Max P-Miss: 0.0812 | Val Max Q-Miss: 0.0259 | Val Max Gen Viol: 0.0000 | Val Max Thermal: 0.0000
Epoch 2840 | Val Loss: 16.5252 | Val Cost: 29154.50 | Val Max P-Miss: 0.0990 | Val Max Q-Miss: 0.0237 | Val Max Gen Viol: 0.0000 | Val Max Thermal: 0.0000
Epoch 2850 | Val Loss: 16.5099 | Val Cost: 29193.91 | Val Max P-Miss: 0.0856 | Val Max Q-Miss: 0.0379 | Val Max Gen Viol: 0.0000 | Val Max Thermal: 0.0000
Epoch 2860 | Val Loss: 16.4819 | Val Cost: 29141.65 | Val Max P-Miss: 0.0807 | Val Max Q-Miss: 0.0262 | Val Max Gen Viol: 0.0000 | Val Max Thermal: 0.0000
Epoch 2870 | Val Loss: 16.4777 | Val Cost: 29144.71 | Val Max P-Miss: 0.0809 | Val Max Q-Miss: 0.0254 | Val Max Gen Viol: 0.0000 | Val Max Thermal: 0.0000
Epoch 2880 | Val Loss: 16.4509 | Val Cost: 29135.73 | Val Max P-Miss: 0.0819 | Val Max Q-Miss: 0.0252 | Val Max Gen Viol: 0.0000 | Val Max Thermal: 0.0000
Epoch 2890 | Val Loss: 16.5055 | Val Cost: 29001.45 | Val Max P-Miss: 0.1168 | Val Max Q-Miss: 0.0257 | Val Max Gen Viol: 0.0000 | Val Max Thermal: 0.0000
Epoch 2900 | Val Loss: 16.4748 | Val Cost: 29000.23 | Val Max P-Miss: 0.1095 | Val Max Q-Miss: 0.0244 | Val Max Gen Viol: 0.0000 | Val Max Thermal: 0.0000
Epoch 2910 | Val Loss: 16.4809 | Val Cost: 29249.45 | Val Max P-Miss: 0.0848 | Val Max Q-Miss: 0.0305 | Val Max Gen Viol: 0.0000 | Val Max Thermal: 0.0000
Epoch 2920 | Val Loss: 16.4851 | Val Cost: 29223.99 | Val Max P-Miss: 0.0789 | Val Max Q-Miss: 0.0252 | Val Max Gen Viol: 0.0000 | Val Max Thermal: 0.0000
Epoch 2930 | Val Loss: 16.4673 | Val Cost: 29001.10 | Val Max P-Miss: 0.1047 | Val Max Q-Miss: 0.0280 | Val Max Gen Viol: 0.0000 | Val Max Thermal: 0.0000
Epoch 2940 | Val Loss: 16.4765 | Val Cost: 29058.83 | Val Max P-Miss: 0.0903 | Val Max Q-Miss: 0.0275 | Val Max Gen Viol: 0.0000 | Val Max Thermal: 0.0000
Epoch 2950 | Val Loss: 16.4747 | Val Cost: 29026.19 | Val Max P-Miss: 0.0886 | Val Max Q-Miss: 0.0260 | Val Max Gen Viol: 0.0000 | Val Max Thermal: 0.0000
Epoch 2960 | Val Loss: 16.4515 | Val Cost: 29022.08 | Val Max P-Miss: 0.0964 | Val Max Q-Miss: 0.0257 | Val Max Gen Viol: 0.0000 | Val Max Thermal: 0.0000
Epoch 2970 | Val Loss: 16.4681 | Val Cost: 29153.27 | Val Max P-Miss: 0.0876 | Val Max Q-Miss: 0.0262 | Val Max Gen Viol: 0.0000 | Val Max Thermal: 0.0000
Epoch 2980 | Val Loss: 16.4804 | Val Cost: 29166.07 | Val Max P-Miss: 0.0824 | Val Max Q-Miss: 0.0251 | Val Max Gen Viol: 0.0000 | Val Max Thermal: 0.0000
Epoch 2990 | Val Loss: 16.5116 | Val Cost: 29142.13 | Val Max P-Miss: 0.0900 | Val Max Q-Miss: 0.0350 | Val Max Gen Viol: 0.0000 | Val Max Thermal: 0.0000
Epoch 3000 | Val Loss: 16.5007 | Val Cost: 28880.67 | Val Max P-Miss: 0.1120 | Val Max Q-Miss: 0.0420 | Val Max Gen Viol: 0.0000 | Val Max Thermal: 0.0000
Epoch 3010 | Val Loss: 16.4564 | Val Cost: 29103.24 | Val Max P-Miss: 0.0825 | Val Max Q-Miss: 0.0349 | Val Max Gen Viol: 0.0000 | Val Max Thermal: 0.0000
Epoch 3020 | Val Loss: 16.5160 | Val Cost: 29118.96 | Val Max P-Miss: 0.1039 | Val Max Q-Miss: 0.0267 | Val Max Gen Viol: 0.0000 | Val Max Thermal: 0.0000
Epoch 3030 | Val Loss: 16.4715 | Val Cost: 29190.66 | Val Max P-Miss: 0.0745 | Val Max Q-Miss: 0.0256 | Val Max Gen Viol: 0.0000 | Val Max Thermal: 0.0000
Epoch 3040 | Val Loss: 16.4696 | Val Cost: 29040.93 | Val Max P-Miss: 0.1015 | Val Max Q-Miss: 0.0359 | Val Max Gen Viol: 0.0000 | Val Max Thermal: 0.0000
Epoch 3050 | Val Loss: 16.4762 | Val Cost: 29232.97 | Val Max P-Miss: 0.0837 | Val Max Q-Miss: 0.0266 | Val Max Gen Viol: 0.0000 | Val Max Thermal: 0.0000
Epoch 3060 | Val Loss: 16.4903 | Val Cost: 29323.43 | Val Max P-Miss: 0.0809 | Val Max Q-Miss: 0.0302 | Val Max Gen Viol: 0.0000 | Val Max Thermal: 0.0000
Epoch 3070 | Val Loss: 16.4663 | Val Cost: 28975.82 | Val Max P-Miss: 0.0897 | Val Max Q-Miss: 0.0300 | Val Max Gen Viol: 0.0000 | Val Max Thermal: 0.0000
Epoch 3080 | Val Loss: 16.4449 | Val Cost: 28977.71 | Val Max P-Miss: 0.1132 | Val Max Q-Miss: 0.0250 | Val Max Gen Viol: 0.0000 | Val Max Thermal: 0.0000 [*SAVED BEST*]
Epoch 3090 | Val Loss: 16.4560 | Val Cost: 29036.12 | Val Max P-Miss: 0.0911 | Val Max Q-Miss: 0.0278 | Val Max Gen Viol: 0.0000 | Val Max Thermal: 0.0000
Epoch 3100 | Val Loss: 16.4673 | Val Cost: 29012.15 | Val Max P-Miss: 0.0788 | Val Max Q-Miss: 0.0320 | Val Max Gen Viol: 0.0000 | Val Max Thermal: 0.0000
Epoch 3110 | Val Loss: 16.4726 | Val Cost: 29107.72 | Val Max P-Miss: 0.0780 | Val Max Q-Miss: 0.0262 | Val Max Gen Viol: 0.0000 | Val Max Thermal: 0.0000
Epoch 3120 | Val Loss: 16.4694 | Val Cost: 29160.85 | Val Max P-Miss: 0.0780 | Val Max Q-Miss: 0.0271 | Val Max Gen Viol: 0.0000 | Val Max Thermal: 0.0000
Epoch 3130 | Val Loss: 16.4903 | Val Cost: 29299.90 | Val Max P-Miss: 0.0715 | Val Max Q-Miss: 0.0266 | Val Max Gen Viol: 0.0000 | Val Max Thermal: 0.0000
Epoch 3140 | Val Loss: 16.4648 | Val Cost: 29198.01 | Val Max P-Miss: 0.0749 | Val Max Q-Miss: 0.0256 | Val Max Gen Viol: 0.0000 | Val Max Thermal: 0.0000
Epoch 3150 | Val Loss: 16.4769 | Val Cost: 29013.84 | Val Max P-Miss: 0.1035 | Val Max Q-Miss: 0.0291 | Val Max Gen Viol: 0.0000 | Val Max Thermal: 0.0000
Epoch 3160 | Val Loss: 16.5174 | Val Cost: 29126.46 | Val Max P-Miss: 0.0865 | Val Max Q-Miss: 0.0275 | Val Max Gen Viol: 0.0000 | Val Max Thermal: 0.0000
Epoch 3170 | Val Loss: 16.4518 | Val Cost: 29132.81 | Val Max P-Miss: 0.0709 | Val Max Q-Miss: 0.0243 | Val Max Gen Viol: 0.0000 | Val Max Thermal: 0.0000
Epoch 3180 | Val Loss: 16.4434 | Val Cost: 29016.84 | Val Max P-Miss: 0.0887 | Val Max Q-Miss: 0.0230 | Val Max Gen Viol: 0.0000 | Val Max Thermal: 0.0000 [*SAVED BEST*]
Epoch 3190 | Val Loss: 16.4516 | Val Cost: 29055.46 | Val Max P-Miss: 0.0949 | Val Max Q-Miss: 0.0255 | Val Max Gen Viol: 0.0000 | Val Max Thermal: 0.0000
Epoch 3200 | Val Loss: 16.4676 | Val Cost: 29216.08 | Val Max P-Miss: 0.0817 | Val Max Q-Miss: 0.0257 | Val Max Gen Viol: 0.0000 | Val Max Thermal: 0.0000
Epoch 3210 | Val Loss: 16.4755 | Val Cost: 29181.08 | Val Max P-Miss: 0.0753 | Val Max Q-Miss: 0.0257 | Val Max Gen Viol: 0.0000 | Val Max Thermal: 0.0000
Epoch 3220 | Val Loss: 16.4630 | Val Cost: 29013.53 | Val Max P-Miss: 0.0839 | Val Max Q-Miss: 0.0234 | Val Max Gen Viol: 0.0000 | Val Max Thermal: 0.0000
Epoch 3230 | Val Loss: 16.4703 | Val Cost: 29145.63 | Val Max P-Miss: 0.0830 | Val Max Q-Miss: 0.0411 | Val Max Gen Viol: 0.0000 | Val Max Thermal: 0.0000
Epoch 3240 | Val Loss: 16.4715 | Val Cost: 29125.85 | Val Max P-Miss: 0.1001 | Val Max Q-Miss: 0.0257 | Val Max Gen Viol: 0.0000 | Val Max Thermal: 0.0000
Epoch 3250 | Val Loss: 16.4889 | Val Cost: 29103.70 | Val Max P-Miss: 0.0892 | Val Max Q-Miss: 0.0282 | Val Max Gen Viol: 0.0000 | Val Max Thermal: 0.0000
Epoch 3260 | Val Loss: 16.4997 | Val Cost: 29070.93 | Val Max P-Miss: 0.1017 | Val Max Q-Miss: 0.0326 | Val Max Gen Viol: 0.0000 | Val Max Thermal: 0.0000
Epoch 3270 | Val Loss: 16.4522 | Val Cost: 29113.06 | Val Max P-Miss: 0.0872 | Val Max Q-Miss: 0.0236 | Val Max Gen Viol: 0.0000 | Val Max Thermal: 0.0000
Epoch 3280 | Val Loss: 16.4802 | Val Cost: 29006.49 | Val Max P-Miss: 0.1291 | Val Max Q-Miss: 0.0250 | Val Max Gen Viol: 0.0000 | Val Max Thermal: 0.0000
Epoch 3290 | Val Loss: 16.5339 | Val Cost: 29292.47 | Val Max P-Miss: 0.0805 | Val Max Q-Miss: 0.0371 | Val Max Gen Viol: 0.0000 | Val Max Thermal: 0.0000
Epoch 3300 | Val Loss: 16.4619 | Val Cost: 29139.01 | Val Max P-Miss: 0.0838 | Val Max Q-Miss: 0.0234 | Val Max Gen Viol: 0.0000 | Val Max Thermal: 0.0000
Epoch 3310 | Val Loss: 16.4462 | Val Cost: 29036.72 | Val Max P-Miss: 0.0984 | Val Max Q-Miss: 0.0265 | Val Max Gen Viol: 0.0000 | Val Max Thermal: 0.0000
Epoch 3320 | Val Loss: 16.4695 | Val Cost: 29088.06 | Val Max P-Miss: 0.0917 | Val Max Q-Miss: 0.0268 | Val Max Gen Viol: 0.0000 | Val Max Thermal: 0.0000
Epoch 3330 | Val Loss: 16.4493 | Val Cost: 29095.35 | Val Max P-Miss: 0.0867 | Val Max Q-Miss: 0.0323 | Val Max Gen Viol: 0.0000 | Val Max Thermal: 0.0000
Epoch 3340 | Val Loss: 16.4504 | Val Cost: 29196.52 | Val Max P-Miss: 0.0815 | Val Max Q-Miss: 0.0258 | Val Max Gen Viol: 0.0000 | Val Max Thermal: 0.0000
Epoch 3350 | Val Loss: 16.4577 | Val Cost: 29085.69 | Val Max P-Miss: 0.0867 | Val Max Q-Miss: 0.0263 | Val Max Gen Viol: 0.0000 | Val Max Thermal: 0.0000
Epoch 3360 | Val Loss: 16.4698 | Val Cost: 29154.34 | Val Max P-Miss: 0.0843 | Val Max Q-Miss: 0.0278 | Val Max Gen Viol: 0.0000 | Val Max Thermal: 0.0000
Epoch 3370 | Val Loss: 16.4882 | Val Cost: 29186.53 | Val Max P-Miss: 0.0781 | Val Max Q-Miss: 0.0273 | Val Max Gen Viol: 0.0000 | Val Max Thermal: 0.0000
Epoch 3380 | Val Loss: 16.4775 | Val Cost: 29151.30 | Val Max P-Miss: 0.0902 | Val Max Q-Miss: 0.0254 | Val Max Gen Viol: 0.0000 | Val Max Thermal: 0.0000
Epoch 3390 | Val Loss: 16.4940 | Val Cost: 29141.98 | Val Max P-Miss: 0.0930 | Val Max Q-Miss: 0.0255 | Val Max Gen Viol: 0.0000 | Val Max Thermal: 0.0000
Epoch 3400 | Val Loss: 16.4751 | Val Cost: 29249.01 | Val Max P-Miss: 0.0742 | Val Max Q-Miss: 0.0257 | Val Max Gen Viol: 0.0000 | Val Max Thermal: 0.0000
Epoch 3410 | Val Loss: 16.4671 | Val Cost: 29290.39 | Val Max P-Miss: 0.0722 | Val Max Q-Miss: 0.0250 | Val Max Gen Viol: 0.0000 | Val Max Thermal: 0.0000
Epoch 3420 | Val Loss: 16.4744 | Val Cost: 29009.42 | Val Max P-Miss: 0.0898 | Val Max Q-Miss: 0.0238 | Val Max Gen Viol: 0.0000 | Val Max Thermal: 0.0000
Epoch 3430 | Val Loss: 16.4730 | Val Cost: 29110.41 | Val Max P-Miss: 0.1191 | Val Max Q-Miss: 0.0255 | Val Max Gen Viol: 0.0000 | Val Max Thermal: 0.0000
Epoch 3440 | Val Loss: 16.4592 | Val Cost: 29101.97 | Val Max P-Miss: 0.0814 | Val Max Q-Miss: 0.0299 | Val Max Gen Viol: 0.0000 | Val Max Thermal: 0.0000
Epoch 3450 | Val Loss: 16.4464 | Val Cost: 29130.27 | Val Max P-Miss: 0.0995 | Val Max Q-Miss: 0.0238 | Val Max Gen Viol: 0.0000 | Val Max Thermal: 0.0000
Epoch 3460 | Val Loss: 16.4620 | Val Cost: 29006.41 | Val Max P-Miss: 0.0886 | Val Max Q-Miss: 0.0272 | Val Max Gen Viol: 0.0000 | Val Max Thermal: 0.0000
Epoch 3470 | Val Loss: 16.4625 | Val Cost: 29204.16 | Val Max P-Miss: 0.0744 | Val Max Q-Miss: 0.0242 | Val Max Gen Viol: 0.0000 | Val Max Thermal: 0.0000
Epoch 3480 | Val Loss: 16.4925 | Val Cost: 29050.95 | Val Max P-Miss: 0.1115 | Val Max Q-Miss: 0.0293 | Val Max Gen Viol: 0.0000 | Val Max Thermal: 0.0000
Epoch 3490 | Val Loss: 16.4596 | Val Cost: 29262.45 | Val Max P-Miss: 0.0714 | Val Max Q-Miss: 0.0310 | Val Max Gen Viol: 0.0000 | Val Max Thermal: 0.0000
Epoch 3500 | Val Loss: 16.5267 | Val Cost: 29299.50 | Val Max P-Miss: 0.0760 | Val Max Q-Miss: 0.0511 | Val Max Gen Viol: 0.0000 | Val Max Thermal: 0.0000
Epoch 3510 | Val Loss: 16.5096 | Val Cost: 29152.25 | Val Max P-Miss: 0.0855 | Val Max Q-Miss: 0.0306 | Val Max Gen Viol: 0.0000 | Val Max Thermal: 0.0000
Epoch 3520 | Val Loss: 16.4526 | Val Cost: 29067.17 | Val Max P-Miss: 0.0996 | Val Max Q-Miss: 0.0250 | Val Max Gen Viol: 0.0000 | Val Max Thermal: 0.0000
Epoch 3530 | Val Loss: 16.4602 | Val Cost: 29194.31 | Val Max P-Miss: 0.0716 | Val Max Q-Miss: 0.0232 | Val Max Gen Viol: 0.0000 | Val Max Thermal: 0.0000
Epoch 3540 | Val Loss: 16.4712 | Val Cost: 29073.83 | Val Max P-Miss: 0.0953 | Val Max Q-Miss: 0.0254 | Val Max Gen Viol: 0.0000 | Val Max Thermal: 0.0000
Epoch 3550 | Val Loss: 16.4552 | Val Cost: 29089.41 | Val Max P-Miss: 0.0868 | Val Max Q-Miss: 0.0243 | Val Max Gen Viol: 0.0000 | Val Max Thermal: 0.0000
Epoch 3560 | Val Loss: 16.4529 | Val Cost: 29017.72 | Val Max P-Miss: 0.0780 | Val Max Q-Miss: 0.0244 | Val Max Gen Viol: 0.0000 | Val Max Thermal: 0.0000
Epoch 3570 | Val Loss: 16.4783 | Val Cost: 28932.83 | Val Max P-Miss: 0.0900 | Val Max Q-Miss: 0.0236 | Val Max Gen Viol: 0.0000 | Val Max Thermal: 0.0000
Epoch 3580 | Val Loss: 16.4748 | Val Cost: 29163.70 | Val Max P-Miss: 0.0789 | Val Max Q-Miss: 0.0345 | Val Max Gen Viol: 0.0000 | Val Max Thermal: 0.0000
Epoch 3590 | Val Loss: 16.4526 | Val Cost: 29145.23 | Val Max P-Miss: 0.0870 | Val Max Q-Miss: 0.0249 | Val Max Gen Viol: 0.0000 | Val Max Thermal: 0.0000
Epoch 3600 | Val Loss: 16.4840 | Val Cost: 29284.92 | Val Max P-Miss: 0.0758 | Val Max Q-Miss: 0.0316 | Val Max Gen Viol: 0.0000 | Val Max Thermal: 0.0000
Epoch 3610 | Val Loss: 16.5023 | Val Cost: 29196.29 | Val Max P-Miss: 0.0996 | Val Max Q-Miss: 0.0249 | Val Max Gen Viol: 0.0000 | Val Max Thermal: 0.0000
Epoch 3620 | Val Loss: 16.4859 | Val Cost: 29263.77 | Val Max P-Miss: 0.0827 | Val Max Q-Miss: 0.0308 | Val Max Gen Viol: 0.0000 | Val Max Thermal: 0.0000
Epoch 3630 | Val Loss: 16.4566 | Val Cost: 29161.84 | Val Max P-Miss: 0.0809 | Val Max Q-Miss: 0.0239 | Val Max Gen Viol: 0.0000 | Val Max Thermal: 0.0000
Epoch 3640 | Val Loss: 16.4576 | Val Cost: 29067.07 | Val Max P-Miss: 0.1051 | Val Max Q-Miss: 0.0231 | Val Max Gen Viol: 0.0000 | Val Max Thermal: 0.0000
Epoch 3650 | Val Loss: 16.4622 | Val Cost: 29106.68 | Val Max P-Miss: 0.0939 | Val Max Q-Miss: 0.0264 | Val Max Gen Viol: 0.0000 | Val Max Thermal: 0.0000
Epoch 3660 | Val Loss: 16.4689 | Val Cost: 29209.64 | Val Max P-Miss: 0.0795 | Val Max Q-Miss: 0.0260 | Val Max Gen Viol: 0.0000 | Val Max Thermal: 0.0000
Epoch 3670 | Val Loss: 16.4877 | Val Cost: 29177.53 | Val Max P-Miss: 0.0812 | Val Max Q-Miss: 0.0267 | Val Max Gen Viol: 0.0000 | Val Max Thermal: 0.0000
Epoch 3680 | Val Loss: 16.4240 | Val Cost: 29069.69 | Val Max P-Miss: 0.0941 | Val Max Q-Miss: 0.0245 | Val Max Gen Viol: 0.0000 | Val Max Thermal: 0.0000 [*SAVED BEST*]
Epoch 3690 | Val Loss: 16.4854 | Val Cost: 29285.76 | Val Max P-Miss: 0.0838 | Val Max Q-Miss: 0.0318 | Val Max Gen Viol: 0.0000 | Val Max Thermal: 0.0000
Epoch 3700 | Val Loss: 16.5018 | Val Cost: 29272.92 | Val Max P-Miss: 0.0834 | Val Max Q-Miss: 0.0253 | Val Max Gen Viol: 0.0000 | Val Max Thermal: 0.0000
Epoch 3710 | Val Loss: 16.4791 | Val Cost: 29216.42 | Val Max P-Miss: 0.0789 | Val Max Q-Miss: 0.0256 | Val Max Gen Viol: 0.0000 | Val Max Thermal: 0.0000
Epoch 3720 | Val Loss: 16.4675 | Val Cost: 29130.93 | Val Max P-Miss: 0.0836 | Val Max Q-Miss: 0.0264 | Val Max Gen Viol: 0.0000 | Val Max Thermal: 0.0000
Epoch 3730 | Val Loss: 16.4461 | Val Cost: 29026.60 | Val Max P-Miss: 0.0990 | Val Max Q-Miss: 0.0250 | Val Max Gen Viol: 0.0000 | Val Max Thermal: 0.0000
Epoch 3740 | Val Loss: 16.4355 | Val Cost: 29042.57 | Val Max P-Miss: 0.0976 | Val Max Q-Miss: 0.0244 | Val Max Gen Viol: 0.0000 | Val Max Thermal: 0.0000
Epoch 3750 | Val Loss: 16.4500 | Val Cost: 29213.73 | Val Max P-Miss: 0.0794 | Val Max Q-Miss: 0.0259 | Val Max Gen Viol: 0.0000 | Val Max Thermal: 0.0000
Epoch 3760 | Val Loss: 16.4500 | Val Cost: 29113.63 | Val Max P-Miss: 0.0912 | Val Max Q-Miss: 0.0271 | Val Max Gen Viol: 0.0000 | Val Max Thermal: 0.0000
Epoch 3770 | Val Loss: 16.4297 | Val Cost: 29063.12 | Val Max P-Miss: 0.0888 | Val Max Q-Miss: 0.0263 | Val Max Gen Viol: 0.0000 | Val Max Thermal: 0.0000
Epoch 3780 | Val Loss: 16.4769 | Val Cost: 29031.12 | Val Max P-Miss: 0.0937 | Val Max Q-Miss: 0.0304 | Val Max Gen Viol: 0.0000 | Val Max Thermal: 0.0000
Epoch 3790 | Val Loss: 16.4720 | Val Cost: 29177.09 | Val Max P-Miss: 0.0876 | Val Max Q-Miss: 0.0237 | Val Max Gen Viol: 0.0000 | Val Max Thermal: 0.0000
Epoch 3800 | Val Loss: 16.4532 | Val Cost: 29165.63 | Val Max P-Miss: 0.0879 | Val Max Q-Miss: 0.0245 | Val Max Gen Viol: 0.0000 | Val Max Thermal: 0.0000
Epoch 3810 | Val Loss: 16.5034 | Val Cost: 29052.01 | Val Max P-Miss: 0.0965 | Val Max Q-Miss: 0.0250 | Val Max Gen Viol: 0.0000 | Val Max Thermal: 0.0000
Epoch 3820 | Val Loss: 16.4674 | Val Cost: 29092.31 | Val Max P-Miss: 0.0976 | Val Max Q-Miss: 0.0225 | Val Max Gen Viol: 0.0000 | Val Max Thermal: 0.0000
Epoch 3830 | Val Loss: 16.5090 | Val Cost: 28974.69 | Val Max P-Miss: 0.1317 | Val Max Q-Miss: 0.0294 | Val Max Gen Viol: 0.0000 | Val Max Thermal: 0.0000
Epoch 3840 | Val Loss: 16.4651 | Val Cost: 29190.28 | Val Max P-Miss: 0.0743 | Val Max Q-Miss: 0.0263 | Val Max Gen Viol: 0.0000 | Val Max Thermal: 0.0000
Epoch 3850 | Val Loss: 16.4538 | Val Cost: 29237.42 | Val Max P-Miss: 0.0743 | Val Max Q-Miss: 0.0260 | Val Max Gen Viol: 0.0000 | Val Max Thermal: 0.0000
Epoch 3860 | Val Loss: 16.4497 | Val Cost: 29223.83 | Val Max P-Miss: 0.0685 | Val Max Q-Miss: 0.0261 | Val Max Gen Viol: 0.0000 | Val Max Thermal: 0.0000
Epoch 3870 | Val Loss: 16.4998 | Val Cost: 29240.17 | Val Max P-Miss: 0.0820 | Val Max Q-Miss: 0.0285 | Val Max Gen Viol: 0.0000 | Val Max Thermal: 0.0000
Epoch 3880 | Val Loss: 16.4594 | Val Cost: 29024.68 | Val Max P-Miss: 0.0927 | Val Max Q-Miss: 0.0248 | Val Max Gen Viol: 0.0000 | Val Max Thermal: 0.0000
Epoch 3890 | Val Loss: 16.4516 | Val Cost: 29158.71 | Val Max P-Miss: 0.0818 | Val Max Q-Miss: 0.0241 | Val Max Gen Viol: 0.0000 | Val Max Thermal: 0.0000
Epoch 3900 | Val Loss: 16.5261 | Val Cost: 29228.13 | Val Max P-Miss: 0.0927 | Val Max Q-Miss: 0.0295 | Val Max Gen Viol: 0.0000 | Val Max Thermal: 0.0000
Epoch 3910 | Val Loss: 16.4682 | Val Cost: 29172.19 | Val Max P-Miss: 0.0769 | Val Max Q-Miss: 0.0243 | Val Max Gen Viol: 0.0000 | Val Max Thermal: 0.0000
Epoch 3920 | Val Loss: 16.4350 | Val Cost: 29098.45 | Val Max P-Miss: 0.0836 | Val Max Q-Miss: 0.0236 | Val Max Gen Viol: 0.0000 | Val Max Thermal: 0.0000
Epoch 3930 | Val Loss: 16.4534 | Val Cost: 29123.79 | Val Max P-Miss: 0.0842 | Val Max Q-Miss: 0.0253 | Val Max Gen Viol: 0.0000 | Val Max Thermal: 0.0000
Epoch 3940 | Val Loss: 16.4559 | Val Cost: 29094.09 | Val Max P-Miss: 0.0786 | Val Max Q-Miss: 0.0258 | Val Max Gen Viol: 0.0000 | Val Max Thermal: 0.0000
Epoch 3950 | Val Loss: 16.4273 | Val Cost: 29019.50 | Val Max P-Miss: 0.0984 | Val Max Q-Miss: 0.0241 | Val Max Gen Viol: 0.0000 | Val Max Thermal: 0.0000
Epoch 3960 | Val Loss: 16.4503 | Val Cost: 29163.34 | Val Max P-Miss: 0.0707 | Val Max Q-Miss: 0.0251 | Val Max Gen Viol: 0.0000 | Val Max Thermal: 0.0000
Epoch 3970 | Val Loss: 16.4694 | Val Cost: 29162.73 | Val Max P-Miss: 0.0738 | Val Max Q-Miss: 0.0288 | Val Max Gen Viol: 0.0000 | Val Max Thermal: 0.0000
Epoch 3980 | Val Loss: 16.4647 | Val Cost: 29129.16 | Val Max P-Miss: 0.0844 | Val Max Q-Miss: 0.0324 | Val Max Gen Viol: 0.0000 | Val Max Thermal: 0.0000
Epoch 3990 | Val Loss: 16.4599 | Val Cost: 29051.09 | Val Max P-Miss: 0.0844 | Val Max Q-Miss: 0.0241 | Val Max Gen Viol: 0.0000 | Val Max Thermal: 0.0000
Epoch 4000 | Val Loss: 16.4601 | Val Cost: 29141.13 | Val Max P-Miss: 0.0817 | Val Max Q-Miss: 0.0232 | Val Max Gen Viol: 0.0000 | Val Max Thermal: 0.0000
Epoch 4010 | Val Loss: 16.4446 | Val Cost: 29081.19 | Val Max P-Miss: 0.0758 | Val Max Q-Miss: 0.0331 | Val Max Gen Viol: 0.0000 | Val Max Thermal: 0.0000
Epoch 4020 | Val Loss: 16.4427 | Val Cost: 29113.96 | Val Max P-Miss: 0.0932 | Val Max Q-Miss: 0.0261 | Val Max Gen Viol: 0.0000 | Val Max Thermal: 0.0000
Epoch 4030 | Val Loss: 16.4825 | Val Cost: 29184.27 | Val Max P-Miss: 0.0927 | Val Max Q-Miss: 0.0350 | Val Max Gen Viol: 0.0000 | Val Max Thermal: 0.0000
Epoch 4040 | Val Loss: 16.4712 | Val Cost: 29170.57 | Val Max P-Miss: 0.0782 | Val Max Q-Miss: 0.0268 | Val Max Gen Viol: 0.0000 | Val Max Thermal: 0.0000
Epoch 4050 | Val Loss: 16.4512 | Val Cost: 29158.81 | Val Max P-Miss: 0.0950 | Val Max Q-Miss: 0.0281 | Val Max Gen Viol: 0.0000 | Val Max Thermal: 0.0000
Epoch 4060 | Val Loss: 16.4746 | Val Cost: 29091.32 | Val Max P-Miss: 0.0815 | Val Max Q-Miss: 0.0375 | Val Max Gen Viol: 0.0000 | Val Max Thermal: 0.0000
Epoch 4070 | Val Loss: 16.4562 | Val Cost: 29013.73 | Val Max P-Miss: 0.0850 | Val Max Q-Miss: 0.0221 | Val Max Gen Viol: 0.0000 | Val Max Thermal: 0.0000
Epoch 4080 | Val Loss: 16.4766 | Val Cost: 29254.08 | Val Max P-Miss: 0.0744 | Val Max Q-Miss: 0.0299 | Val Max Gen Viol: 0.0000 | Val Max Thermal: 0.0000
Epoch 4090 | Val Loss: 16.4442 | Val Cost: 29129.31 | Val Max P-Miss: 0.0956 | Val Max Q-Miss: 0.0250 | Val Max Gen Viol: 0.0000 | Val Max Thermal: 0.0000
Epoch 4100 | Val Loss: 16.4409 | Val Cost: 29126.15 | Val Max P-Miss: 0.0830 | Val Max Q-Miss: 0.0260 | Val Max Gen Viol: 0.0000 | Val Max Thermal: 0.0000
Epoch 4110 | Val Loss: 16.4607 | Val Cost: 29242.40 | Val Max P-Miss: 0.0698 | Val Max Q-Miss: 0.0252 | Val Max Gen Viol: 0.0000 | Val Max Thermal: 0.0000
Epoch 4120 | Val Loss: 16.4653 | Val Cost: 29240.80 | Val Max P-Miss: 0.0693 | Val Max Q-Miss: 0.0259 | Val Max Gen Viol: 0.0000 | Val Max Thermal: 0.0000
Epoch 4130 | Val Loss: 16.4677 | Val Cost: 29179.52 | Val Max P-Miss: 0.0849 | Val Max Q-Miss: 0.0264 | Val Max Gen Viol: 0.0000 | Val Max Thermal: 0.0000
Epoch 4140 | Val Loss: 16.4656 | Val Cost: 29193.25 | Val Max P-Miss: 0.0848 | Val Max Q-Miss: 0.0272 | Val Max Gen Viol: 0.0000 | Val Max Thermal: 0.0000
Epoch 4150 | Val Loss: 16.4827 | Val Cost: 29066.45 | Val Max P-Miss: 0.1002 | Val Max Q-Miss: 0.0244 | Val Max Gen Viol: 0.0000 | Val Max Thermal: 0.0000
Epoch 4160 | Val Loss: 16.5196 | Val Cost: 29335.76 | Val Max P-Miss: 0.0749 | Val Max Q-Miss: 0.0225 | Val Max Gen Viol: 0.0000 | Val Max Thermal: 0.0000
Epoch 4170 | Val Loss: 16.4595 | Val Cost: 29256.98 | Val Max P-Miss: 0.0782 | Val Max Q-Miss: 0.0241 | Val Max Gen Viol: 0.0000 | Val Max Thermal: 0.0000
Epoch 4180 | Val Loss: 16.4332 | Val Cost: 29111.90 | Val Max P-Miss: 0.0960 | Val Max Q-Miss: 0.0236 | Val Max Gen Viol: 0.0000 | Val Max Thermal: 0.0000
Epoch 4190 | Val Loss: 16.4375 | Val Cost: 29150.44 | Val Max P-Miss: 0.0857 | Val Max Q-Miss: 0.0218 | Val Max Gen Viol: 0.0000 | Val Max Thermal: 0.0000
Epoch 4200 | Val Loss: 16.4537 | Val Cost: 28945.85 | Val Max P-Miss: 0.0966 | Val Max Q-Miss: 0.0236 | Val Max Gen Viol: 0.0000 | Val Max Thermal: 0.0000
Epoch 4210 | Val Loss: 16.4965 | Val Cost: 29086.92 | Val Max P-Miss: 0.1061 | Val Max Q-Miss: 0.0300 | Val Max Gen Viol: 0.0000 | Val Max Thermal: 0.0000
Epoch 4220 | Val Loss: 16.4796 | Val Cost: 29157.33 | Val Max P-Miss: 0.0835 | Val Max Q-Miss: 0.0214 | Val Max Gen Viol: 0.0000 | Val Max Thermal: 0.0000
Epoch 4230 | Val Loss: 16.4540 | Val Cost: 29173.64 | Val Max P-Miss: 0.0938 | Val Max Q-Miss: 0.0237 | Val Max Gen Viol: 0.0000 | Val Max Thermal: 0.0000
Epoch 4240 | Val Loss: 16.4485 | Val Cost: 29060.07 | Val Max P-Miss: 0.0840 | Val Max Q-Miss: 0.0261 | Val Max Gen Viol: 0.0000 | Val Max Thermal: 0.0000
Epoch 4250 | Val Loss: 16.4434 | Val Cost: 28924.91 | Val Max P-Miss: 0.1110 | Val Max Q-Miss: 0.0232 | Val Max Gen Viol: 0.0000 | Val Max Thermal: 0.0000
Epoch 4260 | Val Loss: 16.4639 | Val Cost: 29169.63 | Val Max P-Miss: 0.0779 | Val Max Q-Miss: 0.0247 | Val Max Gen Viol: 0.0000 | Val Max Thermal: 0.0000
Epoch 4270 | Val Loss: 16.4817 | Val Cost: 29318.26 | Val Max P-Miss: 0.0712 | Val Max Q-Miss: 0.0279 | Val Max Gen Viol: 0.0000 | Val Max Thermal: 0.0000
Epoch 4280 | Val Loss: 16.4527 | Val Cost: 29242.43 | Val Max P-Miss: 0.0789 | Val Max Q-Miss: 0.0242 | Val Max Gen Viol: 0.0000 | Val Max Thermal: 0.0000
Epoch 4290 | Val Loss: 16.4531 | Val Cost: 28947.95 | Val Max P-Miss: 0.1012 | Val Max Q-Miss: 0.0251 | Val Max Gen Viol: 0.0000 | Val Max Thermal: 0.0000
Epoch 4300 | Val Loss: 16.4869 | Val Cost: 29096.62 | Val Max P-Miss: 0.0789 | Val Max Q-Miss: 0.0236 | Val Max Gen Viol: 0.0000 | Val Max Thermal: 0.0000
Epoch 4310 | Val Loss: 16.4723 | Val Cost: 29320.05 | Val Max P-Miss: 0.0759 | Val Max Q-Miss: 0.0270 | Val Max Gen Viol: 0.0000 | Val Max Thermal: 0.0000
Epoch 4320 | Val Loss: 16.4687 | Val Cost: 29153.79 | Val Max P-Miss: 0.1100 | Val Max Q-Miss: 0.0244 | Val Max Gen Viol: 0.0000 | Val Max Thermal: 0.0000
Epoch 4330 | Val Loss: 16.4676 | Val Cost: 29038.73 | Val Max P-Miss: 0.1128 | Val Max Q-Miss: 0.0254 | Val Max Gen Viol: 0.0000 | Val Max Thermal: 0.0000
Epoch 4340 | Val Loss: 16.4737 | Val Cost: 29142.90 | Val Max P-Miss: 0.0822 | Val Max Q-Miss: 0.0259 | Val Max Gen Viol: 0.0000 | Val Max Thermal: 0.0000
Epoch 4350 | Val Loss: 16.5027 | Val Cost: 29177.38 | Val Max P-Miss: 0.0976 | Val Max Q-Miss: 0.0344 | Val Max Gen Viol: 0.0000 | Val Max Thermal: 0.0000
Epoch 4360 | Val Loss: 16.4603 | Val Cost: 29078.43 | Val Max P-Miss: 0.0973 | Val Max Q-Miss: 0.0229 | Val Max Gen Viol: 0.0000 | Val Max Thermal: 0.0000
Epoch 4370 | Val Loss: 16.4571 | Val Cost: 29312.67 | Val Max P-Miss: 0.0711 | Val Max Q-Miss: 0.0237 | Val Max Gen Viol: 0.0000 | Val Max Thermal: 0.0000
Epoch 4380 | Val Loss: 16.4760 | Val Cost: 29238.04 | Val Max P-Miss: 0.0761 | Val Max Q-Miss: 0.0270 | Val Max Gen Viol: 0.0000 | Val Max Thermal: 0.0000
Epoch 4390 | Val Loss: 16.4369 | Val Cost: 29233.53 | Val Max P-Miss: 0.0696 | Val Max Q-Miss: 0.0274 | Val Max Gen Viol: 0.0000 | Val Max Thermal: 0.0000
Epoch 4400 | Val Loss: 16.4536 | Val Cost: 29078.01 | Val Max P-Miss: 0.0960 | Val Max Q-Miss: 0.0273 | Val Max Gen Viol: 0.0000 | Val Max Thermal: 0.0000
Epoch 4410 | Val Loss: 16.5147 | Val Cost: 29303.57 | Val Max P-Miss: 0.0917 | Val Max Q-Miss: 0.0279 | Val Max Gen Viol: 0.0000 | Val Max Thermal: 0.0000
Epoch 4420 | Val Loss: 16.4762 | Val Cost: 29270.66 | Val Max P-Miss: 0.0735 | Val Max Q-Miss: 0.0304 | Val Max Gen Viol: 0.0000 | Val Max Thermal: 0.0000
Epoch 4430 | Val Loss: 16.4359 | Val Cost: 29167.43 | Val Max P-Miss: 0.0822 | Val Max Q-Miss: 0.0232 | Val Max Gen Viol: 0.0000 | Val Max Thermal: 0.0000
Epoch 4440 | Val Loss: 16.4593 | Val Cost: 29013.35 | Val Max P-Miss: 0.0782 | Val Max Q-Miss: 0.0290 | Val Max Gen Viol: 0.0000 | Val Max Thermal: 0.0000
Epoch 4450 | Val Loss: 16.4651 | Val Cost: 29272.39 | Val Max P-Miss: 0.0799 | Val Max Q-Miss: 0.0288 | Val Max Gen Viol: 0.0000 | Val Max Thermal: 0.0000
Epoch 4460 | Val Loss: 16.4238 | Val Cost: 28989.80 | Val Max P-Miss: 0.0785 | Val Max Q-Miss: 0.0231 | Val Max Gen Viol: 0.0000 | Val Max Thermal: 0.0000 [*SAVED BEST*]
Epoch 4470 | Val Loss: 16.4437 | Val Cost: 29137.85 | Val Max P-Miss: 0.0767 | Val Max Q-Miss: 0.0218 | Val Max Gen Viol: 0.0000 | Val Max Thermal: 0.0000
Epoch 4480 | Val Loss: 16.4649 | Val Cost: 29157.68 | Val Max P-Miss: 0.0816 | Val Max Q-Miss: 0.0294 | Val Max Gen Viol: 0.0000 | Val Max Thermal: 0.0000
Epoch 4490 | Val Loss: 16.4636 | Val Cost: 29021.30 | Val Max P-Miss: 0.0872 | Val Max Q-Miss: 0.0284 | Val Max Gen Viol: 0.0000 | Val Max Thermal: 0.0000
Epoch 4500 | Val Loss: 16.4679 | Val Cost: 29159.68 | Val Max P-Miss: 0.0922 | Val Max Q-Miss: 0.0247 | Val Max Gen Viol: 0.0000 | Val Max Thermal: 0.0000
Epoch 4510 | Val Loss: 16.4687 | Val Cost: 29285.98 | Val Max P-Miss: 0.0682 | Val Max Q-Miss: 0.0262 | Val Max Gen Viol: 0.0000 | Val Max Thermal: 0.0000
Epoch 4520 | Val Loss: 16.4562 | Val Cost: 29033.35 | Val Max P-Miss: 0.0825 | Val Max Q-Miss: 0.0234 | Val Max Gen Viol: 0.0000 | Val Max Thermal: 0.0000
Epoch 4530 | Val Loss: 16.4507 | Val Cost: 29073.65 | Val Max P-Miss: 0.0979 | Val Max Q-Miss: 0.0237 | Val Max Gen Viol: 0.0000 | Val Max Thermal: 0.0000
Epoch 4540 | Val Loss: 16.4516 | Val Cost: 29098.34 | Val Max P-Miss: 0.0914 | Val Max Q-Miss: 0.0231 | Val Max Gen Viol: 0.0000 | Val Max Thermal: 0.0000
Epoch 4550 | Val Loss: 16.4587 | Val Cost: 29180.01 | Val Max P-Miss: 0.0759 | Val Max Q-Miss: 0.0255 | Val Max Gen Viol: 0.0000 | Val Max Thermal: 0.0000
Epoch 4560 | Val Loss: 16.4703 | Val Cost: 29356.68 | Val Max P-Miss: 0.0774 | Val Max Q-Miss: 0.0292 | Val Max Gen Viol: 0.0000 | Val Max Thermal: 0.0000
Epoch 4570 | Val Loss: 16.4437 | Val Cost: 29105.16 | Val Max P-Miss: 0.0868 | Val Max Q-Miss: 0.0252 | Val Max Gen Viol: 0.0000 | Val Max Thermal: 0.0000
Epoch 4580 | Val Loss: 16.4876 | Val Cost: 28991.17 | Val Max P-Miss: 0.1298 | Val Max Q-Miss: 0.0263 | Val Max Gen Viol: 0.0000 | Val Max Thermal: 0.0000
Epoch 4590 | Val Loss: 16.5512 | Val Cost: 29048.47 | Val Max P-Miss: 0.0884 | Val Max Q-Miss: 0.0332 | Val Max Gen Viol: 0.0000 | Val Max Thermal: 0.0000
Epoch 4600 | Val Loss: 16.4446 | Val Cost: 29021.82 | Val Max P-Miss: 0.1086 | Val Max Q-Miss: 0.0219 | Val Max Gen Viol: 0.0000 | Val Max Thermal: 0.0000
Epoch 4610 | Val Loss: 16.4544 | Val Cost: 28992.28 | Val Max P-Miss: 0.1143 | Val Max Q-Miss: 0.0258 | Val Max Gen Viol: 0.0000 | Val Max Thermal: 0.0000
Epoch 4620 | Val Loss: 16.4412 | Val Cost: 29056.92 | Val Max P-Miss: 0.0858 | Val Max Q-Miss: 0.0300 | Val Max Gen Viol: 0.0000 | Val Max Thermal: 0.0000
Epoch 4630 | Val Loss: 16.4498 | Val Cost: 29207.35 | Val Max P-Miss: 0.0760 | Val Max Q-Miss: 0.0257 | Val Max Gen Viol: 0.0000 | Val Max Thermal: 0.0000
Epoch 4640 | Val Loss: 16.4338 | Val Cost: 29145.64 | Val Max P-Miss: 0.0784 | Val Max Q-Miss: 0.0244 | Val Max Gen Viol: 0.0000 | Val Max Thermal: 0.0000
Epoch 4650 | Val Loss: 16.4546 | Val Cost: 29163.59 | Val Max P-Miss: 0.1048 | Val Max Q-Miss: 0.0222 | Val Max Gen Viol: 0.0000 | Val Max Thermal: 0.0000
Epoch 4660 | Val Loss: 16.4599 | Val Cost: 29005.33 | Val Max P-Miss: 0.1102 | Val Max Q-Miss: 0.0275 | Val Max Gen Viol: 0.0000 | Val Max Thermal: 0.0000
Epoch 4670 | Val Loss: 16.4556 | Val Cost: 29068.64 | Val Max P-Miss: 0.0811 | Val Max Q-Miss: 0.0316 | Val Max Gen Viol: 0.0000 | Val Max Thermal: 0.0000
Epoch 4680 | Val Loss: 16.4455 | Val Cost: 29223.51 | Val Max P-Miss: 0.0741 | Val Max Q-Miss: 0.0346 | Val Max Gen Viol: 0.0000 | Val Max Thermal: 0.0000
Epoch 4690 | Val Loss: 16.4797 | Val Cost: 29180.54 | Val Max P-Miss: 0.0879 | Val Max Q-Miss: 0.0269 | Val Max Gen Viol: 0.0000 | Val Max Thermal: 0.0000
Epoch 4700 | Val Loss: 16.4624 | Val Cost: 29254.40 | Val Max P-Miss: 0.0680 | Val Max Q-Miss: 0.0287 | Val Max Gen Viol: 0.0000 | Val Max Thermal: 0.0000
Epoch 4710 | Val Loss: 16.4441 | Val Cost: 29037.89 | Val Max P-Miss: 0.0797 | Val Max Q-Miss: 0.0251 | Val Max Gen Viol: 0.0000 | Val Max Thermal: 0.0000
Epoch 4720 | Val Loss: 16.4632 | Val Cost: 29299.37 | Val Max P-Miss: 0.0778 | Val Max Q-Miss: 0.0241 | Val Max Gen Viol: 0.0000 | Val Max Thermal: 0.0000
Epoch 4730 | Val Loss: 16.4386 | Val Cost: 29020.52 | Val Max P-Miss: 0.0915 | Val Max Q-Miss: 0.0274 | Val Max Gen Viol: 0.0000 | Val Max Thermal: 0.0000
Epoch 4740 | Val Loss: 16.4492 | Val Cost: 29029.02 | Val Max P-Miss: 0.0947 | Val Max Q-Miss: 0.0256 | Val Max Gen Viol: 0.0000 | Val Max Thermal: 0.0000
Epoch 4750 | Val Loss: 16.4822 | Val Cost: 29195.98 | Val Max P-Miss: 0.1094 | Val Max Q-Miss: 0.0261 | Val Max Gen Viol: 0.0000 | Val Max Thermal: 0.0000
Epoch 4760 | Val Loss: 16.4559 | Val Cost: 29184.92 | Val Max P-Miss: 0.0831 | Val Max Q-Miss: 0.0273 | Val Max Gen Viol: 0.0000 | Val Max Thermal: 0.0000
Epoch 4770 | Val Loss: 16.4412 | Val Cost: 29133.19 | Val Max P-Miss: 0.0834 | Val Max Q-Miss: 0.0229 | Val Max Gen Viol: 0.0000 | Val Max Thermal: 0.0000
Epoch 4780 | Val Loss: 16.4728 | Val Cost: 29051.02 | Val Max P-Miss: 0.0898 | Val Max Q-Miss: 0.0252 | Val Max Gen Viol: 0.0000 | Val Max Thermal: 0.0000
Epoch 4790 | Val Loss: 16.4868 | Val Cost: 29167.45 | Val Max P-Miss: 0.0927 | Val Max Q-Miss: 0.0305 | Val Max Gen Viol: 0.0000 | Val Max Thermal: 0.0000
Epoch 4800 | Val Loss: 16.4521 | Val Cost: 29026.12 | Val Max P-Miss: 0.0808 | Val Max Q-Miss: 0.0322 | Val Max Gen Viol: 0.0000 | Val Max Thermal: 0.0000
Epoch 4810 | Val Loss: 16.4538 | Val Cost: 29134.51 | Val Max P-Miss: 0.0848 | Val Max Q-Miss: 0.0222 | Val Max Gen Viol: 0.0000 | Val Max Thermal: 0.0000
Epoch 4820 | Val Loss: 16.4820 | Val Cost: 29331.30 | Val Max P-Miss: 0.0788 | Val Max Q-Miss: 0.0272 | Val Max Gen Viol: 0.0000 | Val Max Thermal: 0.0000
Epoch 4830 | Val Loss: 16.4427 | Val Cost: 29232.55 | Val Max P-Miss: 0.0743 | Val Max Q-Miss: 0.0248 | Val Max Gen Viol: 0.0000 | Val Max Thermal: 0.0000
Epoch 4840 | Val Loss: 16.4715 | Val Cost: 29202.65 | Val Max P-Miss: 0.0793 | Val Max Q-Miss: 0.0298 | Val Max Gen Viol: 0.0000 | Val Max Thermal: 0.0000
Epoch 4850 | Val Loss: 16.4763 | Val Cost: 29161.54 | Val Max P-Miss: 0.0851 | Val Max Q-Miss: 0.0247 | Val Max Gen Viol: 0.0000 | Val Max Thermal: 0.0000
Epoch 4860 | Val Loss: 16.4538 | Val Cost: 29030.05 | Val Max P-Miss: 0.0913 | Val Max Q-Miss: 0.0230 | Val Max Gen Viol: 0.0000 | Val Max Thermal: 0.0000
Epoch 4870 | Val Loss: 16.4481 | Val Cost: 29112.61 | Val Max P-Miss: 0.0753 | Val Max Q-Miss: 0.0259 | Val Max Gen Viol: 0.0000 | Val Max Thermal: 0.0000
Epoch 4880 | Val Loss: 16.4486 | Val Cost: 29226.90 | Val Max P-Miss: 0.0888 | Val Max Q-Miss: 0.0239 | Val Max Gen Viol: 0.0000 | Val Max Thermal: 0.0000
Epoch 4890 | Val Loss: 16.4737 | Val Cost: 29254.51 | Val Max P-Miss: 0.0817 | Val Max Q-Miss: 0.0243 | Val Max Gen Viol: 0.0000 | Val Max Thermal: 0.0000
Epoch 4900 | Val Loss: 16.4558 | Val Cost: 29120.51 | Val Max P-Miss: 0.0865 | Val Max Q-Miss: 0.0222 | Val Max Gen Viol: 0.0000 | Val Max Thermal: 0.0000
Epoch 4910 | Val Loss: 16.4637 | Val Cost: 29259.73 | Val Max P-Miss: 0.0732 | Val Max Q-Miss: 0.0272 | Val Max Gen Viol: 0.0000 | Val Max Thermal: 0.0000
Epoch 4920 | Val Loss: 16.4393 | Val Cost: 29198.71 | Val Max P-Miss: 0.0825 | Val Max Q-Miss: 0.0291 | Val Max Gen Viol: 0.0000 | Val Max Thermal: 0.0000
Epoch 4930 | Val Loss: 16.4358 | Val Cost: 28937.18 | Val Max P-Miss: 0.0736 | Val Max Q-Miss: 0.0217 | Val Max Gen Viol: 0.0000 | Val Max Thermal: 0.0000
Epoch 4940 | Val Loss: 16.4422 | Val Cost: 29124.45 | Val Max P-Miss: 0.0819 | Val Max Q-Miss: 0.0265 | Val Max Gen Viol: 0.0000 | Val Max Thermal: 0.0000
Epoch 4950 | Val Loss: 16.4482 | Val Cost: 29121.79 | Val Max P-Miss: 0.1009 | Val Max Q-Miss: 0.0245 | Val Max Gen Viol: 0.0000 | Val Max Thermal: 0.0000
Epoch 4960 | Val Loss: 16.4515 | Val Cost: 29011.50 | Val Max P-Miss: 0.0948 | Val Max Q-Miss: 0.0309 | Val Max Gen Viol: 0.0000 | Val Max Thermal: 0.0000
Epoch 4970 | Val Loss: 16.4713 | Val Cost: 29316.84 | Val Max P-Miss: 0.0750 | Val Max Q-Miss: 0.0263 | Val Max Gen Viol: 0.0000 | Val Max Thermal: 0.0000
Epoch 4980 | Val Loss: 16.4558 | Val Cost: 29158.53 | Val Max P-Miss: 0.0757 | Val Max Q-Miss: 0.0257 | Val Max Gen Viol: 0.0000 | Val Max Thermal: 0.0000
Epoch 4990 | Val Loss: 16.4306 | Val Cost: 29041.69 | Val Max P-Miss: 0.0871 | Val Max Q-Miss: 0.0271 | Val Max Gen Viol: 0.0000 | Val Max Thermal: 0.0000
Epoch 5000 | Val Loss: 16.4462 | Val Cost: 29085.50 | Val Max P-Miss: 0.0794 | Val Max Q-Miss: 0.0239 | Val Max Gen Viol: 0.0000 | Val Max Thermal: 0.0000
Epoch 5010 | Val Loss: 16.4611 | Val Cost: 29181.99 | Val Max P-Miss: 0.0747 | Val Max Q-Miss: 0.0235 | Val Max Gen Viol: 0.0000 | Val Max Thermal: 0.0000
Epoch 5020 | Val Loss: 16.4517 | Val Cost: 29104.84 | Val Max P-Miss: 0.0852 | Val Max Q-Miss: 0.0362 | Val Max Gen Viol: 0.0000 | Val Max Thermal: 0.0000
Epoch 5030 | Val Loss: 16.4602 | Val Cost: 29214.45 | Val Max P-Miss: 0.0932 | Val Max Q-Miss: 0.0225 | Val Max Gen Viol: 0.0000 | Val Max Thermal: 0.0000
Epoch 5040 | Val Loss: 16.4536 | Val Cost: 29157.33 | Val Max P-Miss: 0.0811 | Val Max Q-Miss: 0.0233 | Val Max Gen Viol: 0.0000 | Val Max Thermal: 0.0000
Epoch 5050 | Val Loss: 16.4587 | Val Cost: 28961.33 | Val Max P-Miss: 0.0840 | Val Max Q-Miss: 0.0254 | Val Max Gen Viol: 0.0000 | Val Max Thermal: 0.0000
Epoch 5060 | Val Loss: 16.5175 | Val Cost: 29284.95 | Val Max P-Miss: 0.0816 | Val Max Q-Miss: 0.0204 | Val Max Gen Viol: 0.0000 | Val Max Thermal: 0.0000
Epoch 5070 | Val Loss: 16.4506 | Val Cost: 29030.45 | Val Max P-Miss: 0.0815 | Val Max Q-Miss: 0.0218 | Val Max Gen Viol: 0.0000 | Val Max Thermal: 0.0000
Epoch 5080 | Val Loss: 16.4848 | Val Cost: 28967.43 | Val Max P-Miss: 0.1053 | Val Max Q-Miss: 0.0229 | Val Max Gen Viol: 0.0000 | Val Max Thermal: 0.0000
Epoch 5090 | Val Loss: 16.4755 | Val Cost: 29216.08 | Val Max P-Miss: 0.0890 | Val Max Q-Miss: 0.0313 | Val Max Gen Viol: 0.0000 | Val Max Thermal: 0.0000
Epoch 5100 | Val Loss: 16.4750 | Val Cost: 29264.41 | Val Max P-Miss: 0.0874 | Val Max Q-Miss: 0.0290 | Val Max Gen Viol: 0.0000 | Val Max Thermal: 0.0000
Epoch 5110 | Val Loss: 16.4620 | Val Cost: 29340.33 | Val Max P-Miss: 0.0787 | Val Max Q-Miss: 0.0250 | Val Max Gen Viol: 0.0000 | Val Max Thermal: 0.0000
Epoch 5120 | Val Loss: 16.4605 | Val Cost: 29240.55 | Val Max P-Miss: 0.0715 | Val Max Q-Miss: 0.0252 | Val Max Gen Viol: 0.0000 | Val Max Thermal: 0.0000
Epoch 5130 | Val Loss: 16.4421 | Val Cost: 29092.40 | Val Max P-Miss: 0.0884 | Val Max Q-Miss: 0.0256 | Val Max Gen Viol: 0.0000 | Val Max Thermal: 0.0000
Epoch 5140 | Val Loss: 16.4543 | Val Cost: 29168.10 | Val Max P-Miss: 0.0843 | Val Max Q-Miss: 0.0227 | Val Max Gen Viol: 0.0000 | Val Max Thermal: 0.0000
Epoch 5150 | Val Loss: 16.4468 | Val Cost: 29096.70 | Val Max P-Miss: 0.0840 | Val Max Q-Miss: 0.0248 | Val Max Gen Viol: 0.0000 | Val Max Thermal: 0.0000
Epoch 5160 | Val Loss: 16.4883 | Val Cost: 29165.82 | Val Max P-Miss: 0.0925 | Val Max Q-Miss: 0.0245 | Val Max Gen Viol: 0.0000 | Val Max Thermal: 0.0000
Epoch 5170 | Val Loss: 16.4893 | Val Cost: 28970.61 | Val Max P-Miss: 0.1282 | Val Max Q-Miss: 0.0285 | Val Max Gen Viol: 0.0000 | Val Max Thermal: 0.0000
Epoch 5180 | Val Loss: 16.4677 | Val Cost: 28998.70 | Val Max P-Miss: 0.1151 | Val Max Q-Miss: 0.0220 | Val Max Gen Viol: 0.0000 | Val Max Thermal: 0.0000
Epoch 5190 | Val Loss: 16.4336 | Val Cost: 29110.33 | Val Max P-Miss: 0.0905 | Val Max Q-Miss: 0.0260 | Val Max Gen Viol: 0.0000 | Val Max Thermal: 0.0000
Epoch 5200 | Val Loss: 16.4593 | Val Cost: 29211.82 | Val Max P-Miss: 0.0719 | Val Max Q-Miss: 0.0259 | Val Max Gen Viol: 0.0000 | Val Max Thermal: 0.0000
Epoch 5210 | Val Loss: 16.4801 | Val Cost: 29181.00 | Val Max P-Miss: 0.1021 | Val Max Q-Miss: 0.0239 | Val Max Gen Viol: 0.0000 | Val Max Thermal: 0.0000
Epoch 5220 | Val Loss: 16.4419 | Val Cost: 29260.71 | Val Max P-Miss: 0.0711 | Val Max Q-Miss: 0.0235 | Val Max Gen Viol: 0.0000 | Val Max Thermal: 0.0000
Epoch 5230 | Val Loss: 16.4506 | Val Cost: 29195.15 | Val Max P-Miss: 0.0888 | Val Max Q-Miss: 0.0244 | Val Max Gen Viol: 0.0000 | Val Max Thermal: 0.0000
Epoch 5240 | Val Loss: 16.4560 | Val Cost: 29246.58 | Val Max P-Miss: 0.0711 | Val Max Q-Miss: 0.0255 | Val Max Gen Viol: 0.0000 | Val Max Thermal: 0.0000
Epoch 5250 | Val Loss: 16.4512 | Val Cost: 29116.70 | Val Max P-Miss: 0.0872 | Val Max Q-Miss: 0.0256 | Val Max Gen Viol: 0.0000 | Val Max Thermal: 0.0000
Epoch 5260 | Val Loss: 16.4748 | Val Cost: 28931.42 | Val Max P-Miss: 0.1008 | Val Max Q-Miss: 0.0283 | Val Max Gen Viol: 0.0000 | Val Max Thermal: 0.0000
Epoch 5270 | Val Loss: 16.4637 | Val Cost: 29195.80 | Val Max P-Miss: 0.1035 | Val Max Q-Miss: 0.0303 | Val Max Gen Viol: 0.0000 | Val Max Thermal: 0.0000
Epoch 5280 | Val Loss: 16.4724 | Val Cost: 28999.19 | Val Max P-Miss: 0.1297 | Val Max Q-Miss: 0.0225 | Val Max Gen Viol: 0.0000 | Val Max Thermal: 0.0000
Epoch 5290 | Val Loss: 16.4704 | Val Cost: 29028.86 | Val Max P-Miss: 0.1222 | Val Max Q-Miss: 0.0240 | Val Max Gen Viol: 0.0000 | Val Max Thermal: 0.0000
Epoch 5300 | Val Loss: 16.6320 | Val Cost: 29346.53 | Val Max P-Miss: 0.0929 | Val Max Q-Miss: 0.0355 | Val Max Gen Viol: 0.0000 | Val Max Thermal: 0.0000
Epoch 5310 | Val Loss: 16.4564 | Val Cost: 29011.06 | Val Max P-Miss: 0.1136 | Val Max Q-Miss: 0.0236 | Val Max Gen Viol: 0.0000 | Val Max Thermal: 0.0000
Epoch 5320 | Val Loss: 16.4391 | Val Cost: 29235.18 | Val Max P-Miss: 0.0747 | Val Max Q-Miss: 0.0288 | Val Max Gen Viol: 0.0000 | Val Max Thermal: 0.0000
Epoch 5330 | Val Loss: 16.4395 | Val Cost: 29099.36 | Val Max P-Miss: 0.0730 | Val Max Q-Miss: 0.0223 | Val Max Gen Viol: 0.0000 | Val Max Thermal: 0.0000
Epoch 5340 | Val Loss: 16.4550 | Val Cost: 29234.42 | Val Max P-Miss: 0.0827 | Val Max Q-Miss: 0.0285 | Val Max Gen Viol: 0.0000 | Val Max Thermal: 0.0000
Epoch 5350 | Val Loss: 16.4270 | Val Cost: 29099.93 | Val Max P-Miss: 0.0955 | Val Max Q-Miss: 0.0239 | Val Max Gen Viol: 0.0000 | Val Max Thermal: 0.0000
Epoch 5360 | Val Loss: 16.4703 | Val Cost: 29084.28 | Val Max P-Miss: 0.0855 | Val Max Q-Miss: 0.0288 | Val Max Gen Viol: 0.0000 | Val Max Thermal: 0.0000
Epoch 5370 | Val Loss: 16.4555 | Val Cost: 29099.19 | Val Max P-Miss: 0.0802 | Val Max Q-Miss: 0.0244 | Val Max Gen Viol: 0.0000 | Val Max Thermal: 0.0000
Epoch 5380 | Val Loss: 16.4249 | Val Cost: 29057.48 | Val Max P-Miss: 0.0981 | Val Max Q-Miss: 0.0227 | Val Max Gen Viol: 0.0000 | Val Max Thermal: 0.0000
Epoch 5390 | Val Loss: 16.4552 | Val Cost: 29078.79 | Val Max P-Miss: 0.0775 | Val Max Q-Miss: 0.0236 | Val Max Gen Viol: 0.0000 | Val Max Thermal: 0.0000
Epoch 5400 | Val Loss: 16.4475 | Val Cost: 29095.17 | Val Max P-Miss: 0.0882 | Val Max Q-Miss: 0.0238 | Val Max Gen Viol: 0.0000 | Val Max Thermal: 0.0000
Epoch 5410 | Val Loss: 16.4501 | Val Cost: 29117.42 | Val Max P-Miss: 0.0783 | Val Max Q-Miss: 0.0237 | Val Max Gen Viol: 0.0000 | Val Max Thermal: 0.0000
Epoch 5420 | Val Loss: 16.4467 | Val Cost: 29082.89 | Val Max P-Miss: 0.0766 | Val Max Q-Miss: 0.0242 | Val Max Gen Viol: 0.0000 | Val Max Thermal: 0.0000
Epoch 5430 | Val Loss: 16.4525 | Val Cost: 29071.33 | Val Max P-Miss: 0.0771 | Val Max Q-Miss: 0.0231 | Val Max Gen Viol: 0.0000 | Val Max Thermal: 0.0000
Epoch 5440 | Val Loss: 16.4691 | Val Cost: 29296.62 | Val Max P-Miss: 0.0732 | Val Max Q-Miss: 0.0283 | Val Max Gen Viol: 0.0000 | Val Max Thermal: 0.0000
Epoch 5450 | Val Loss: 16.4607 | Val Cost: 29249.43 | Val Max P-Miss: 0.0688 | Val Max Q-Miss: 0.0236 | Val Max Gen Viol: 0.0000 | Val Max Thermal: 0.0000
Epoch 5460 | Val Loss: 16.4586 | Val Cost: 29228.34 | Val Max P-Miss: 0.0805 | Val Max Q-Miss: 0.0244 | Val Max Gen Viol: 0.0000 | Val Max Thermal: 0.0000
Epoch 5470 | Val Loss: 16.4410 | Val Cost: 29055.57 | Val Max P-Miss: 0.0882 | Val Max Q-Miss: 0.0255 | Val Max Gen Viol: 0.0000 | Val Max Thermal: 0.0000
Epoch 5480 | Val Loss: 16.4508 | Val Cost: 29156.62 | Val Max P-Miss: 0.0940 | Val Max Q-Miss: 0.0251 | Val Max Gen Viol: 0.0000 | Val Max Thermal: 0.0000
Epoch 5490 | Val Loss: 16.4470 | Val Cost: 28983.55 | Val Max P-Miss: 0.1171 | Val Max Q-Miss: 0.0234 | Val Max Gen Viol: 0.0000 | Val Max Thermal: 0.0000
Epoch 5500 | Val Loss: 16.4398 | Val Cost: 29132.65 | Val Max P-Miss: 0.0946 | Val Max Q-Miss: 0.0227 | Val Max Gen Viol: 0.0000 | Val Max Thermal: 0.0000
Epoch 5510 | Val Loss: 16.4660 | Val Cost: 29080.70 | Val Max P-Miss: 0.0896 | Val Max Q-Miss: 0.0333 | Val Max Gen Viol: 0.0000 | Val Max Thermal: 0.0000
Epoch 5520 | Val Loss: 16.4428 | Val Cost: 29207.13 | Val Max P-Miss: 0.0727 | Val Max Q-Miss: 0.0255 | Val Max Gen Viol: 0.0000 | Val Max Thermal: 0.0000
Epoch 5530 | Val Loss: 16.4759 | Val Cost: 29141.54 | Val Max P-Miss: 0.0823 | Val Max Q-Miss: 0.0265 | Val Max Gen Viol: 0.0000 | Val Max Thermal: 0.0000
Epoch 5540 | Val Loss: 16.4593 | Val Cost: 29110.65 | Val Max P-Miss: 0.0946 | Val Max Q-Miss: 0.0251 | Val Max Gen Viol: 0.0000 | Val Max Thermal: 0.0000
Epoch 5550 | Val Loss: 16.4508 | Val Cost: 29084.35 | Val Max P-Miss: 0.0953 | Val Max Q-Miss: 0.0220 | Val Max Gen Viol: 0.0000 | Val Max Thermal: 0.0000
Epoch 5560 | Val Loss: 16.4599 | Val Cost: 29151.44 | Val Max P-Miss: 0.0946 | Val Max Q-Miss: 0.0224 | Val Max Gen Viol: 0.0000 | Val Max Thermal: 0.0000
Epoch 5570 | Val Loss: 16.4396 | Val Cost: 29201.85 | Val Max P-Miss: 0.0860 | Val Max Q-Miss: 0.0223 | Val Max Gen Viol: 0.0000 | Val Max Thermal: 0.0000
Epoch 5580 | Val Loss: 16.4578 | Val Cost: 29208.02 | Val Max P-Miss: 0.0871 | Val Max Q-Miss: 0.0307 | Val Max Gen Viol: 0.0000 | Val Max Thermal: 0.0000
Epoch 5590 | Val Loss: 16.4541 | Val Cost: 29188.59 | Val Max P-Miss: 0.0931 | Val Max Q-Miss: 0.0229 | Val Max Gen Viol: 0.0000 | Val Max Thermal: 0.0000
Epoch 5600 | Val Loss: 16.4737 | Val Cost: 29149.55 | Val Max P-Miss: 0.0910 | Val Max Q-Miss: 0.0204 | Val Max Gen Viol: 0.0000 | Val Max Thermal: 0.0000
Epoch 5610 | Val Loss: 16.4675 | Val Cost: 29306.26 | Val Max P-Miss: 0.0788 | Val Max Q-Miss: 0.0268 | Val Max Gen Viol: 0.0000 | Val Max Thermal: 0.0000
Epoch 5620 | Val Loss: 16.4734 | Val Cost: 29191.77 | Val Max P-Miss: 0.1014 | Val Max Q-Miss: 0.0253 | Val Max Gen Viol: 0.0000 | Val Max Thermal: 0.0000
Epoch 5630 | Val Loss: 16.4967 | Val Cost: 29204.71 | Val Max P-Miss: 0.0806 | Val Max Q-Miss: 0.0243 | Val Max Gen Viol: 0.0000 | Val Max Thermal: 0.0000
Epoch 5640 | Val Loss: 16.4728 | Val Cost: 29257.54 | Val Max P-Miss: 0.0829 | Val Max Q-Miss: 0.0225 | Val Max Gen Viol: 0.0000 | Val Max Thermal: 0.0000
Epoch 5650 | Val Loss: 16.4695 | Val Cost: 29219.89 | Val Max P-Miss: 0.0905 | Val Max Q-Miss: 0.0255 | Val Max Gen Viol: 0.0000 | Val Max Thermal: 0.0000
Epoch 5660 | Val Loss: 16.4564 | Val Cost: 28958.55 | Val Max P-Miss: 0.1209 | Val Max Q-Miss: 0.0263 | Val Max Gen Viol: 0.0000 | Val Max Thermal: 0.0000
Epoch 5670 | Val Loss: 16.4489 | Val Cost: 29187.25 | Val Max P-Miss: 0.0753 | Val Max Q-Miss: 0.0216 | Val Max Gen Viol: 0.0000 | Val Max Thermal: 0.0000
Epoch 5680 | Val Loss: 16.4342 | Val Cost: 29183.67 | Val Max P-Miss: 0.0888 | Val Max Q-Miss: 0.0235 | Val Max Gen Viol: 0.0000 | Val Max Thermal: 0.0000
Epoch 5690 | Val Loss: 16.4372 | Val Cost: 29178.13 | Val Max P-Miss: 0.0808 | Val Max Q-Miss: 0.0263 | Val Max Gen Viol: 0.0000 | Val Max Thermal: 0.0000
Epoch 5700 | Val Loss: 16.4394 | Val Cost: 28985.48 | Val Max P-Miss: 0.0962 | Val Max Q-Miss: 0.0244 | Val Max Gen Viol: 0.0000 | Val Max Thermal: 0.0000
Epoch 5710 | Val Loss: 16.4604 | Val Cost: 29160.75 | Val Max P-Miss: 0.0796 | Val Max Q-Miss: 0.0264 | Val Max Gen Viol: 0.0000 | Val Max Thermal: 0.0000
Epoch 5720 | Val Loss: 16.4534 | Val Cost: 28973.20 | Val Max P-Miss: 0.1031 | Val Max Q-Miss: 0.0295 | Val Max Gen Viol: 0.0000 | Val Max Thermal: 0.0000
Epoch 5730 | Val Loss: 16.4795 | Val Cost: 29184.59 | Val Max P-Miss: 0.0918 | Val Max Q-Miss: 0.0263 | Val Max Gen Viol: 0.0000 | Val Max Thermal: 0.0000
Epoch 5740 | Val Loss: 16.4191 | Val Cost: 29025.87 | Val Max P-Miss: 0.0913 | Val Max Q-Miss: 0.0243 | Val Max Gen Viol: 0.0000 | Val Max Thermal: 0.0000 [*SAVED BEST*]
Epoch 5750 | Val Loss: 16.4610 | Val Cost: 29193.23 | Val Max P-Miss: 0.0950 | Val Max Q-Miss: 0.0233 | Val Max Gen Viol: 0.0000 | Val Max Thermal: 0.0000
Epoch 5760 | Val Loss: 16.4461 | Val Cost: 29109.29 | Val Max P-Miss: 0.0993 | Val Max Q-Miss: 0.0234 | Val Max Gen Viol: 0.0000 | Val Max Thermal: 0.0000
Epoch 5770 | Val Loss: 16.4580 | Val Cost: 29208.39 | Val Max P-Miss: 0.0780 | Val Max Q-Miss: 0.0269 | Val Max Gen Viol: 0.0000 | Val Max Thermal: 0.0000
Epoch 5780 | Val Loss: 16.4504 | Val Cost: 29092.72 | Val Max P-Miss: 0.0795 | Val Max Q-Miss: 0.0270 | Val Max Gen Viol: 0.0000 | Val Max Thermal: 0.0000
Epoch 5790 | Val Loss: 16.4464 | Val Cost: 29110.78 | Val Max P-Miss: 0.0748 | Val Max Q-Miss: 0.0353 | Val Max Gen Viol: 0.0000 | Val Max Thermal: 0.0000
Epoch 5800 | Val Loss: 16.5519 | Val Cost: 29374.25 | Val Max P-Miss: 0.0834 | Val Max Q-Miss: 0.0317 | Val Max Gen Viol: 0.0000 | Val Max Thermal: 0.0000
Epoch 5810 | Val Loss: 16.4560 | Val Cost: 29257.60 | Val Max P-Miss: 0.0705 | Val Max Q-Miss: 0.0272 | Val Max Gen Viol: 0.0000 | Val Max Thermal: 0.0000
Epoch 5820 | Val Loss: 16.4341 | Val Cost: 29254.20 | Val Max P-Miss: 0.0704 | Val Max Q-Miss: 0.0234 | Val Max Gen Viol: 0.0000 | Val Max Thermal: 0.0000
Epoch 5830 | Val Loss: 16.4362 | Val Cost: 28998.69 | Val Max P-Miss: 0.0966 | Val Max Q-Miss: 0.0237 | Val Max Gen Viol: 0.0000 | Val Max Thermal: 0.0000
Epoch 5840 | Val Loss: 16.4375 | Val Cost: 28925.81 | Val Max P-Miss: 0.0950 | Val Max Q-Miss: 0.0262 | Val Max Gen Viol: 0.0000 | Val Max Thermal: 0.0000
Epoch 5850 | Val Loss: 16.4736 | Val Cost: 29111.22 | Val Max P-Miss: 0.1030 | Val Max Q-Miss: 0.0286 | Val Max Gen Viol: 0.0000 | Val Max Thermal: 0.0000
Epoch 5860 | Val Loss: 16.4296 | Val Cost: 29096.32 | Val Max P-Miss: 0.0788 | Val Max Q-Miss: 0.0216 | Val Max Gen Viol: 0.0000 | Val Max Thermal: 0.0000
Epoch 5870 | Val Loss: 16.4596 | Val Cost: 29102.79 | Val Max P-Miss: 0.0726 | Val Max Q-Miss: 0.0325 | Val Max Gen Viol: 0.0000 | Val Max Thermal: 0.0000
Epoch 5880 | Val Loss: 16.4352 | Val Cost: 29106.10 | Val Max P-Miss: 0.0937 | Val Max Q-Miss: 0.0279 | Val Max Gen Viol: 0.0000 | Val Max Thermal: 0.0000
Epoch 5890 | Val Loss: 16.4508 | Val Cost: 29113.33 | Val Max P-Miss: 0.0957 | Val Max Q-Miss: 0.0254 | Val Max Gen Viol: 0.0000 | Val Max Thermal: 0.0000
Epoch 5900 | Val Loss: 16.4355 | Val Cost: 29080.75 | Val Max P-Miss: 0.1006 | Val Max Q-Miss: 0.0241 | Val Max Gen Viol: 0.0000 | Val Max Thermal: 0.0000
Epoch 5910 | Val Loss: 16.4771 | Val Cost: 29319.53 | Val Max P-Miss: 0.0870 | Val Max Q-Miss: 0.0248 | Val Max Gen Viol: 0.0000 | Val Max Thermal: 0.0000
Epoch 5920 | Val Loss: 16.4651 | Val Cost: 29082.60 | Val Max P-Miss: 0.0972 | Val Max Q-Miss: 0.0241 | Val Max Gen Viol: 0.0000 | Val Max Thermal: 0.0000
Epoch 5930 | Val Loss: 16.4722 | Val Cost: 29182.90 | Val Max P-Miss: 0.0706 | Val Max Q-Miss: 0.0258 | Val Max Gen Viol: 0.0000 | Val Max Thermal: 0.0000
Epoch 5940 | Val Loss: 16.4496 | Val Cost: 29137.10 | Val Max P-Miss: 0.0969 | Val Max Q-Miss: 0.0238 | Val Max Gen Viol: 0.0000 | Val Max Thermal: 0.0000
Epoch 5950 | Val Loss: 16.4369 | Val Cost: 29080.16 | Val Max P-Miss: 0.0768 | Val Max Q-Miss: 0.0291 | Val Max Gen Viol: 0.0000 | Val Max Thermal: 0.0000
Epoch 5960 | Val Loss: 16.4613 | Val Cost: 29179.93 | Val Max P-Miss: 0.0747 | Val Max Q-Miss: 0.0240 | Val Max Gen Viol: 0.0000 | Val Max Thermal: 0.0000
Epoch 5970 | Val Loss: 16.4409 | Val Cost: 29101.23 | Val Max P-Miss: 0.0788 | Val Max Q-Miss: 0.0263 | Val Max Gen Viol: 0.0000 | Val Max Thermal: 0.0000
Epoch 5980 | Val Loss: 16.4599 | Val Cost: 29213.54 | Val Max P-Miss: 0.0739 | Val Max Q-Miss: 0.0229 | Val Max Gen Viol: 0.0000 | Val Max Thermal: 0.0000
Epoch 5990 | Val Loss: 16.4558 | Val Cost: 29094.78 | Val Max P-Miss: 0.0820 | Val Max Q-Miss: 0.0228 | Val Max Gen Viol: 0.0000 | Val Max Thermal: 0.0000
Epoch 6000 | Val Loss: 16.4694 | Val Cost: 29227.92 | Val Max P-Miss: 0.0747 | Val Max Q-Miss: 0.0226 | Val Max Gen Viol: 0.0000 | Val Max Thermal: 0.0000
Epoch 6010 | Val Loss: 16.4402 | Val Cost: 29120.00 | Val Max P-Miss: 0.0793 | Val Max Q-Miss: 0.0276 | Val Max Gen Viol: 0.0000 | Val Max Thermal: 0.0000
Epoch 6020 | Val Loss: 16.4629 | Val Cost: 29185.54 | Val Max P-Miss: 0.0769 | Val Max Q-Miss: 0.0230 | Val Max Gen Viol: 0.0000 | Val Max Thermal: 0.0000
Epoch 6030 | Val Loss: 16.4364 | Val Cost: 29044.91 | Val Max P-Miss: 0.0866 | Val Max Q-Miss: 0.0264 | Val Max Gen Viol: 0.0000 | Val Max Thermal: 0.0000
Epoch 6040 | Val Loss: 16.4502 | Val Cost: 29071.61 | Val Max P-Miss: 0.1014 | Val Max Q-Miss: 0.0233 | Val Max Gen Viol: 0.0000 | Val Max Thermal: 0.0000
Epoch 6050 | Val Loss: 16.4719 | Val Cost: 29107.43 | Val Max P-Miss: 0.1002 | Val Max Q-Miss: 0.0253 | Val Max Gen Viol: 0.0000 | Val Max Thermal: 0.0000
Epoch 6060 | Val Loss: 16.4576 | Val Cost: 29233.28 | Val Max P-Miss: 0.0714 | Val Max Q-Miss: 0.0219 | Val Max Gen Viol: 0.0000 | Val Max Thermal: 0.0000
Epoch 6070 | Val Loss: 16.4582 | Val Cost: 29296.44 | Val Max P-Miss: 0.0738 | Val Max Q-Miss: 0.0231 | Val Max Gen Viol: 0.0000 | Val Max Thermal: 0.0000
Epoch 6080 | Val Loss: 16.4281 | Val Cost: 29253.83 | Val Max P-Miss: 0.0750 | Val Max Q-Miss: 0.0258 | Val Max Gen Viol: 0.0000 | Val Max Thermal: 0.0000
Epoch 6090 | Val Loss: 16.4239 | Val Cost: 29213.97 | Val Max P-Miss: 0.0671 | Val Max Q-Miss: 0.0227 | Val Max Gen Viol: 0.0000 | Val Max Thermal: 0.0000
Epoch 6100 | Val Loss: 16.4424 | Val Cost: 29034.14 | Val Max P-Miss: 0.1028 | Val Max Q-Miss: 0.0227 | Val Max Gen Viol: 0.0000 | Val Max Thermal: 0.0000
Epoch 6110 | Val Loss: 16.4591 | Val Cost: 29122.80 | Val Max P-Miss: 0.0891 | Val Max Q-Miss: 0.0248 | Val Max Gen Viol: 0.0000 | Val Max Thermal: 0.0000
Epoch 6120 | Val Loss: 16.4429 | Val Cost: 29061.96 | Val Max P-Miss: 0.0931 | Val Max Q-Miss: 0.0211 | Val Max Gen Viol: 0.0000 | Val Max Thermal: 0.0000
Epoch 6130 | Val Loss: 16.4410 | Val Cost: 29063.58 | Val Max P-Miss: 0.0789 | Val Max Q-Miss: 0.0222 | Val Max Gen Viol: 0.0000 | Val Max Thermal: 0.0000
Epoch 6140 | Val Loss: 16.4472 | Val Cost: 29089.31 | Val Max P-Miss: 0.0887 | Val Max Q-Miss: 0.0277 | Val Max Gen Viol: 0.0000 | Val Max Thermal: 0.0000
Epoch 6150 | Val Loss: 16.4374 | Val Cost: 29061.74 | Val Max P-Miss: 0.0760 | Val Max Q-Miss: 0.0238 | Val Max Gen Viol: 0.0000 | Val Max Thermal: 0.0000
Epoch 6160 | Val Loss: 16.4562 | Val Cost: 29178.50 | Val Max P-Miss: 0.0889 | Val Max Q-Miss: 0.0221 | Val Max Gen Viol: 0.0000 | Val Max Thermal: 0.0000
Epoch 6170 | Val Loss: 16.4596 | Val Cost: 29136.73 | Val Max P-Miss: 0.0896 | Val Max Q-Miss: 0.0237 | Val Max Gen Viol: 0.0000 | Val Max Thermal: 0.0000
Epoch 6180 | Val Loss: 16.4599 | Val Cost: 28971.98 | Val Max P-Miss: 0.0919 | Val Max Q-Miss: 0.0225 | Val Max Gen Viol: 0.0000 | Val Max Thermal: 0.0000
Epoch 6190 | Val Loss: 16.4634 | Val Cost: 29324.73 | Val Max P-Miss: 0.0698 | Val Max Q-Miss: 0.0252 | Val Max Gen Viol: 0.0000 | Val Max Thermal: 0.0000
Epoch 6200 | Val Loss: 16.4571 | Val Cost: 29208.42 | Val Max P-Miss: 0.0781 | Val Max Q-Miss: 0.0230 | Val Max Gen Viol: 0.0000 | Val Max Thermal: 0.0000
Epoch 6210 | Val Loss: 16.4593 | Val Cost: 29239.78 | Val Max P-Miss: 0.0726 | Val Max Q-Miss: 0.0228 | Val Max Gen Viol: 0.0000 | Val Max Thermal: 0.0000
Epoch 6220 | Val Loss: 16.4595 | Val Cost: 29259.34 | Val Max P-Miss: 0.0692 | Val Max Q-Miss: 0.0229 | Val Max Gen Viol: 0.0000 | Val Max Thermal: 0.0000
Epoch 6230 | Val Loss: 16.4308 | Val Cost: 29061.38 | Val Max P-Miss: 0.1002 | Val Max Q-Miss: 0.0239 | Val Max Gen Viol: 0.0000 | Val Max Thermal: 0.0000
Epoch 6240 | Val Loss: 16.4579 | Val Cost: 29176.29 | Val Max P-Miss: 0.0824 | Val Max Q-Miss: 0.0216 | Val Max Gen Viol: 0.0000 | Val Max Thermal: 0.0000
Epoch 6250 | Val Loss: 16.4655 | Val Cost: 29248.61 | Val Max P-Miss: 0.0721 | Val Max Q-Miss: 0.0234 | Val Max Gen Viol: 0.0000 | Val Max Thermal: 0.0000
Epoch 6260 | Val Loss: 16.4317 | Val Cost: 29127.64 | Val Max P-Miss: 0.0760 | Val Max Q-Miss: 0.0231 | Val Max Gen Viol: 0.0000 | Val Max Thermal: 0.0000
Epoch 6270 | Val Loss: 16.4207 | Val Cost: 29007.19 | Val Max P-Miss: 0.0752 | Val Max Q-Miss: 0.0230 | Val Max Gen Viol: 0.0000 | Val Max Thermal: 0.0000
Epoch 6280 | Val Loss: 16.4852 | Val Cost: 29248.41 | Val Max P-Miss: 0.0701 | Val Max Q-Miss: 0.0274 | Val Max Gen Viol: 0.0000 | Val Max Thermal: 0.0000
Epoch 6290 | Val Loss: 16.4324 | Val Cost: 29014.12 | Val Max P-Miss: 0.0807 | Val Max Q-Miss: 0.0225 | Val Max Gen Viol: 0.0000 | Val Max Thermal: 0.0000
Epoch 6300 | Val Loss: 16.4611 | Val Cost: 29149.48 | Val Max P-Miss: 0.0690 | Val Max Q-Miss: 0.0248 | Val Max Gen Viol: 0.0000 | Val Max Thermal: 0.0000
Epoch 6310 | Val Loss: 16.4405 | Val Cost: 29087.92 | Val Max P-Miss: 0.0935 | Val Max Q-Miss: 0.0246 | Val Max Gen Viol: 0.0000 | Val Max Thermal: 0.0000
Epoch 6320 | Val Loss: 16.4442 | Val Cost: 29052.85 | Val Max P-Miss: 0.0960 | Val Max Q-Miss: 0.0241 | Val Max Gen Viol: 0.0000 | Val Max Thermal: 0.0000
Epoch 6330 | Val Loss: 16.4589 | Val Cost: 29043.96 | Val Max P-Miss: 0.1037 | Val Max Q-Miss: 0.0238 | Val Max Gen Viol: 0.0000 | Val Max Thermal: 0.0000
Epoch 6340 | Val Loss: 16.5070 | Val Cost: 29271.11 | Val Max P-Miss: 0.0754 | Val Max Q-Miss: 0.0313 | Val Max Gen Viol: 0.0000 | Val Max Thermal: 0.0000
Epoch 6350 | Val Loss: 16.4469 | Val Cost: 29116.56 | Val Max P-Miss: 0.0786 | Val Max Q-Miss: 0.0255 | Val Max Gen Viol: 0.0000 | Val Max Thermal: 0.0000
Epoch 6360 | Val Loss: 16.4493 | Val Cost: 29122.10 | Val Max P-Miss: 0.0886 | Val Max Q-Miss: 0.0241 | Val Max Gen Viol: 0.0000 | Val Max Thermal: 0.0000
Epoch 6370 | Val Loss: 16.4647 | Val Cost: 29228.48 | Val Max P-Miss: 0.0781 | Val Max Q-Miss: 0.0263 | Val Max Gen Viol: 0.0000 | Val Max Thermal: 0.0000
Epoch 6380 | Val Loss: 16.4481 | Val Cost: 29005.71 | Val Max P-Miss: 0.0910 | Val Max Q-Miss: 0.0223 | Val Max Gen Viol: 0.0000 | Val Max Thermal: 0.0000
Epoch 6390 | Val Loss: 16.4334 | Val Cost: 29036.79 | Val Max P-Miss: 0.1012 | Val Max Q-Miss: 0.0208 | Val Max Gen Viol: 0.0000 | Val Max Thermal: 0.0000
Epoch 6400 | Val Loss: 16.4609 | Val Cost: 29209.91 | Val Max P-Miss: 0.0761 | Val Max Q-Miss: 0.0244 | Val Max Gen Viol: 0.0000 | Val Max Thermal: 0.0000
Epoch 6410 | Val Loss: 16.4525 | Val Cost: 28900.05 | Val Max P-Miss: 0.1072 | Val Max Q-Miss: 0.0221 | Val Max Gen Viol: 0.0000 | Val Max Thermal: 0.0000
Epoch 6420 | Val Loss: 16.4414 | Val Cost: 29221.28 | Val Max P-Miss: 0.0736 | Val Max Q-Miss: 0.0258 | Val Max Gen Viol: 0.0000 | Val Max Thermal: 0.0000
Epoch 6430 | Val Loss: 16.4438 | Val Cost: 28974.65 | Val Max P-Miss: 0.0946 | Val Max Q-Miss: 0.0250 | Val Max Gen Viol: 0.0000 | Val Max Thermal: 0.0000
Epoch 6440 | Val Loss: 16.4359 | Val Cost: 29094.46 | Val Max P-Miss: 0.0822 | Val Max Q-Miss: 0.0252 | Val Max Gen Viol: 0.0000 | Val Max Thermal: 0.0000
Epoch 6450 | Val Loss: 16.4620 | Val Cost: 29226.32 | Val Max P-Miss: 0.0744 | Val Max Q-Miss: 0.0221 | Val Max Gen Viol: 0.0000 | Val Max Thermal: 0.0000
Epoch 6460 | Val Loss: 16.4464 | Val Cost: 29114.34 | Val Max P-Miss: 0.0978 | Val Max Q-Miss: 0.0243 | Val Max Gen Viol: 0.0000 | Val Max Thermal: 0.0000
Epoch 6470 | Val Loss: 16.4542 | Val Cost: 29286.35 | Val Max P-Miss: 0.0733 | Val Max Q-Miss: 0.0248 | Val Max Gen Viol: 0.0000 | Val Max Thermal: 0.0000
Epoch 6480 | Val Loss: 16.4549 | Val Cost: 29234.56 | Val Max P-Miss: 0.0795 | Val Max Q-Miss: 0.0253 | Val Max Gen Viol: 0.0000 | Val Max Thermal: 0.0000
Epoch 6490 | Val Loss: 16.4321 | Val Cost: 29184.30 | Val Max P-Miss: 0.0718 | Val Max Q-Miss: 0.0244 | Val Max Gen Viol: 0.0000 | Val Max Thermal: 0.0000
Epoch 6500 | Val Loss: 16.4553 | Val Cost: 29117.57 | Val Max P-Miss: 0.0841 | Val Max Q-Miss: 0.0251 | Val Max Gen Viol: 0.0000 | Val Max Thermal: 0.0000
Epoch 6510 | Val Loss: 16.4651 | Val Cost: 29155.71 | Val Max P-Miss: 0.0895 | Val Max Q-Miss: 0.0255 | Val Max Gen Viol: 0.0000 | Val Max Thermal: 0.0000
Epoch 6520 | Val Loss: 16.4630 | Val Cost: 29331.15 | Val Max P-Miss: 0.0728 | Val Max Q-Miss: 0.0245 | Val Max Gen Viol: 0.0000 | Val Max Thermal: 0.0000
Epoch 6530 | Val Loss: 16.4510 | Val Cost: 29035.01 | Val Max P-Miss: 0.0944 | Val Max Q-Miss: 0.0255 | Val Max Gen Viol: 0.0000 | Val Max Thermal: 0.0000
Epoch 6540 | Val Loss: 16.4448 | Val Cost: 29162.02 | Val Max P-Miss: 0.0865 | Val Max Q-Miss: 0.0233 | Val Max Gen Viol: 0.0000 | Val Max Thermal: 0.0000
Epoch 6550 | Val Loss: 16.4391 | Val Cost: 28998.31 | Val Max P-Miss: 0.0787 | Val Max Q-Miss: 0.0222 | Val Max Gen Viol: 0.0000 | Val Max Thermal: 0.0000
Epoch 6560 | Val Loss: 16.4508 | Val Cost: 29147.94 | Val Max P-Miss: 0.0719 | Val Max Q-Miss: 0.0265 | Val Max Gen Viol: 0.0000 | Val Max Thermal: 0.0000
Epoch 6570 | Val Loss: 16.4509 | Val Cost: 29311.17 | Val Max P-Miss: 0.0724 | Val Max Q-Miss: 0.0228 | Val Max Gen Viol: 0.0000 | Val Max Thermal: 0.0000
Epoch 6580 | Val Loss: 16.4366 | Val Cost: 29160.05 | Val Max P-Miss: 0.0701 | Val Max Q-Miss: 0.0218 | Val Max Gen Viol: 0.0000 | Val Max Thermal: 0.0000
Epoch 6590 | Val Loss: 16.4350 | Val Cost: 29142.10 | Val Max P-Miss: 0.0810 | Val Max Q-Miss: 0.0224 | Val Max Gen Viol: 0.0000 | Val Max Thermal: 0.0000
Epoch 6600 | Val Loss: 16.4297 | Val Cost: 29031.22 | Val Max P-Miss: 0.0815 | Val Max Q-Miss: 0.0209 | Val Max Gen Viol: 0.0000 | Val Max Thermal: 0.0000
Epoch 6610 | Val Loss: 16.4609 | Val Cost: 29246.10 | Val Max P-Miss: 0.1003 | Val Max Q-Miss: 0.0290 | Val Max Gen Viol: 0.0000 | Val Max Thermal: 0.0000
Epoch 6620 | Val Loss: 16.4452 | Val Cost: 29211.60 | Val Max P-Miss: 0.0865 | Val Max Q-Miss: 0.0326 | Val Max Gen Viol: 0.0000 | Val Max Thermal: 0.0000
Epoch 6630 | Val Loss: 16.4449 | Val Cost: 29061.34 | Val Max P-Miss: 0.0999 | Val Max Q-Miss: 0.0276 | Val Max Gen Viol: 0.0000 | Val Max Thermal: 0.0000
Epoch 6640 | Val Loss: 16.4434 | Val Cost: 29163.85 | Val Max P-Miss: 0.0861 | Val Max Q-Miss: 0.0249 | Val Max Gen Viol: 0.0000 | Val Max Thermal: 0.0000
Epoch 6650 | Val Loss: 16.4821 | Val Cost: 28979.98 | Val Max P-Miss: 0.1362 | Val Max Q-Miss: 0.0237 | Val Max Gen Viol: 0.0000 | Val Max Thermal: 0.0000
Epoch 6660 | Val Loss: 16.4881 | Val Cost: 29353.22 | Val Max P-Miss: 0.0851 | Val Max Q-Miss: 0.0267 | Val Max Gen Viol: 0.0000 | Val Max Thermal: 0.0000
Epoch 6670 | Val Loss: 16.4379 | Val Cost: 29284.28 | Val Max P-Miss: 0.0815 | Val Max Q-Miss: 0.0251 | Val Max Gen Viol: 0.0000 | Val Max Thermal: 0.0000
Epoch 6680 | Val Loss: 16.4337 | Val Cost: 29106.85 | Val Max P-Miss: 0.0848 | Val Max Q-Miss: 0.0233 | Val Max Gen Viol: 0.0000 | Val Max Thermal: 0.0000
Epoch 6690 | Val Loss: 16.4330 | Val Cost: 29104.82 | Val Max P-Miss: 0.0901 | Val Max Q-Miss: 0.0240 | Val Max Gen Viol: 0.0000 | Val Max Thermal: 0.0000
Epoch 6700 | Val Loss: 16.4331 | Val Cost: 29119.77 | Val Max P-Miss: 0.0820 | Val Max Q-Miss: 0.0224 | Val Max Gen Viol: 0.0000 | Val Max Thermal: 0.0000
Epoch 6710 | Val Loss: 16.4427 | Val Cost: 29213.96 | Val Max P-Miss: 0.0773 | Val Max Q-Miss: 0.0232 | Val Max Gen Viol: 0.0000 | Val Max Thermal: 0.0000
Epoch 6720 | Val Loss: 16.4415 | Val Cost: 29199.41 | Val Max P-Miss: 0.0834 | Val Max Q-Miss: 0.0245 | Val Max Gen Viol: 0.0000 | Val Max Thermal: 0.0000
Epoch 6730 | Val Loss: 16.4372 | Val Cost: 29133.72 | Val Max P-Miss: 0.0717 | Val Max Q-Miss: 0.0240 | Val Max Gen Viol: 0.0000 | Val Max Thermal: 0.0000
Epoch 6740 | Val Loss: 16.4443 | Val Cost: 29143.83 | Val Max P-Miss: 0.0748 | Val Max Q-Miss: 0.0241 | Val Max Gen Viol: 0.0000 | Val Max Thermal: 0.0000
Epoch 6750 | Val Loss: 16.4444 | Val Cost: 29084.03 | Val Max P-Miss: 0.0895 | Val Max Q-Miss: 0.0235 | Val Max Gen Viol: 0.0000 | Val Max Thermal: 0.0000
Epoch 6760 | Val Loss: 16.4470 | Val Cost: 29148.48 | Val Max P-Miss: 0.1028 | Val Max Q-Miss: 0.0244 | Val Max Gen Viol: 0.0000 | Val Max Thermal: 0.0000
Epoch 6770 | Val Loss: 16.4494 | Val Cost: 29320.19 | Val Max P-Miss: 0.0757 | Val Max Q-Miss: 0.0239 | Val Max Gen Viol: 0.0000 | Val Max Thermal: 0.0000
Epoch 6780 | Val Loss: 16.4706 | Val Cost: 29418.77 | Val Max P-Miss: 0.0704 | Val Max Q-Miss: 0.0240 | Val Max Gen Viol: 0.0000 | Val Max Thermal: 0.0000
Epoch 6790 | Val Loss: 16.4614 | Val Cost: 29324.43 | Val Max P-Miss: 0.0823 | Val Max Q-Miss: 0.0328 | Val Max Gen Viol: 0.0000 | Val Max Thermal: 0.0000
Epoch 6800 | Val Loss: 16.4433 | Val Cost: 29029.27 | Val Max P-Miss: 0.1066 | Val Max Q-Miss: 0.0266 | Val Max Gen Viol: 0.0000 | Val Max Thermal: 0.0000
Epoch 6810 | Val Loss: 16.4341 | Val Cost: 29127.43 | Val Max P-Miss: 0.0915 | Val Max Q-Miss: 0.0230 | Val Max Gen Viol: 0.0000 | Val Max Thermal: 0.0000
Epoch 6820 | Val Loss: 16.4392 | Val Cost: 29126.27 | Val Max P-Miss: 0.0813 | Val Max Q-Miss: 0.0212 | Val Max Gen Viol: 0.0000 | Val Max Thermal: 0.0000
Epoch 6830 | Val Loss: 16.4511 | Val Cost: 29158.68 | Val Max P-Miss: 0.1055 | Val Max Q-Miss: 0.0239 | Val Max Gen Viol: 0.0000 | Val Max Thermal: 0.0000
Epoch 6840 | Val Loss: 16.4697 | Val Cost: 29108.30 | Val Max P-Miss: 0.1131 | Val Max Q-Miss: 0.0229 | Val Max Gen Viol: 0.0000 | Val Max Thermal: 0.0000
Epoch 6850 | Val Loss: 16.4404 | Val Cost: 29209.30 | Val Max P-Miss: 0.0692 | Val Max Q-Miss: 0.0249 | Val Max Gen Viol: 0.0000 | Val Max Thermal: 0.0000
Epoch 6860 | Val Loss: 16.4407 | Val Cost: 28978.94 | Val Max P-Miss: 0.1159 | Val Max Q-Miss: 0.0230 | Val Max Gen Viol: 0.0000 | Val Max Thermal: 0.0000
Epoch 6870 | Val Loss: 16.4488 | Val Cost: 29200.07 | Val Max P-Miss: 0.0774 | Val Max Q-Miss: 0.0246 | Val Max Gen Viol: 0.0000 | Val Max Thermal: 0.0000
Epoch 6880 | Val Loss: 16.4354 | Val Cost: 29137.19 | Val Max P-Miss: 0.0782 | Val Max Q-Miss: 0.0226 | Val Max Gen Viol: 0.0000 | Val Max Thermal: 0.0000
Epoch 6890 | Val Loss: 16.4320 | Val Cost: 29085.77 | Val Max P-Miss: 0.0769 | Val Max Q-Miss: 0.0242 | Val Max Gen Viol: 0.0000 | Val Max Thermal: 0.0000
Epoch 6900 | Val Loss: 16.4614 | Val Cost: 29017.68 | Val Max P-Miss: 0.1115 | Val Max Q-Miss: 0.0279 | Val Max Gen Viol: 0.0000 | Val Max Thermal: 0.0000
Epoch 6910 | Val Loss: 16.4488 | Val Cost: 29278.20 | Val Max P-Miss: 0.0668 | Val Max Q-Miss: 0.0237 | Val Max Gen Viol: 0.0000 | Val Max Thermal: 0.0000
Epoch 6920 | Val Loss: 16.4351 | Val Cost: 29077.45 | Val Max P-Miss: 0.0780 | Val Max Q-Miss: 0.0221 | Val Max Gen Viol: 0.0000 | Val Max Thermal: 0.0000
Epoch 6930 | Val Loss: 16.4294 | Val Cost: 29205.71 | Val Max P-Miss: 0.0887 | Val Max Q-Miss: 0.0238 | Val Max Gen Viol: 0.0000 | Val Max Thermal: 0.0000
Epoch 6940 | Val Loss: 16.4484 | Val Cost: 29216.56 | Val Max P-Miss: 0.0680 | Val Max Q-Miss: 0.0235 | Val Max Gen Viol: 0.0000 | Val Max Thermal: 0.0000
Epoch 6950 | Val Loss: 16.4709 | Val Cost: 29334.93 | Val Max P-Miss: 0.0770 | Val Max Q-Miss: 0.0329 | Val Max Gen Viol: 0.0000 | Val Max Thermal: 0.0000
Epoch 6960 | Val Loss: 16.4736 | Val Cost: 29328.09 | Val Max P-Miss: 0.0824 | Val Max Q-Miss: 0.0241 | Val Max Gen Viol: 0.0000 | Val Max Thermal: 0.0000
Epoch 6970 | Val Loss: 16.4622 | Val Cost: 29195.06 | Val Max P-Miss: 0.0836 | Val Max Q-Miss: 0.0273 | Val Max Gen Viol: 0.0000 | Val Max Thermal: 0.0000
Epoch 6980 | Val Loss: 16.4331 | Val Cost: 28976.88 | Val Max P-Miss: 0.1032 | Val Max Q-Miss: 0.0236 | Val Max Gen Viol: 0.0000 | Val Max Thermal: 0.0000
Epoch 6990 | Val Loss: 16.4505 | Val Cost: 29127.74 | Val Max P-Miss: 0.0976 | Val Max Q-Miss: 0.0301 | Val Max Gen Viol: 0.0000 | Val Max Thermal: 0.0000
Epoch 7000 | Val Loss: 16.4666 | Val Cost: 29238.28 | Val Max P-Miss: 0.0848 | Val Max Q-Miss: 0.0232 | Val Max Gen Viol: 0.0000 | Val Max Thermal: 0.0000
Epoch 7010 | Val Loss: 16.4544 | Val Cost: 29076.68 | Val Max P-Miss: 0.1218 | Val Max Q-Miss: 0.0229 | Val Max Gen Viol: 0.0000 | Val Max Thermal: 0.0000
Epoch 7020 | Val Loss: 16.4629 | Val Cost: 29055.36 | Val Max P-Miss: 0.0871 | Val Max Q-Miss: 0.0225 | Val Max Gen Viol: 0.0000 | Val Max Thermal: 0.0000
Epoch 7030 | Val Loss: 16.4449 | Val Cost: 29191.05 | Val Max P-Miss: 0.0871 | Val Max Q-Miss: 0.0252 | Val Max Gen Viol: 0.0000 | Val Max Thermal: 0.0000
Epoch 7040 | Val Loss: 16.4457 | Val Cost: 29099.38 | Val Max P-Miss: 0.0811 | Val Max Q-Miss: 0.0238 | Val Max Gen Viol: 0.0000 | Val Max Thermal: 0.0000
Epoch 7050 | Val Loss: 16.4423 | Val Cost: 29099.22 | Val Max P-Miss: 0.0863 | Val Max Q-Miss: 0.0264 | Val Max Gen Viol: 0.0000 | Val Max Thermal: 0.0000
Epoch 7060 | Val Loss: 16.4336 | Val Cost: 29046.83 | Val Max P-Miss: 0.0760 | Val Max Q-Miss: 0.0235 | Val Max Gen Viol: 0.0000 | Val Max Thermal: 0.0000
Epoch 7070 | Val Loss: 16.4613 | Val Cost: 29328.98 | Val Max P-Miss: 0.0702 | Val Max Q-Miss: 0.0269 | Val Max Gen Viol: 0.0000 | Val Max Thermal: 0.0000
Epoch 7080 | Val Loss: 16.4557 | Val Cost: 29180.38 | Val Max P-Miss: 0.0786 | Val Max Q-Miss: 0.0238 | Val Max Gen Viol: 0.0000 | Val Max Thermal: 0.0000
Epoch 7090 | Val Loss: 16.4274 | Val Cost: 29161.41 | Val Max P-Miss: 0.0789 | Val Max Q-Miss: 0.0224 | Val Max Gen Viol: 0.0000 | Val Max Thermal: 0.0000
Epoch 7100 | Val Loss: 16.4675 | Val Cost: 29325.55 | Val Max P-Miss: 0.0694 | Val Max Q-Miss: 0.0226 | Val Max Gen Viol: 0.0000 | Val Max Thermal: 0.0000
Epoch 7110 | Val Loss: 16.4389 | Val Cost: 29094.77 | Val Max P-Miss: 0.0818 | Val Max Q-Miss: 0.0218 | Val Max Gen Viol: 0.0000 | Val Max Thermal: 0.0000
Epoch 7120 | Val Loss: 16.4577 | Val Cost: 29110.42 | Val Max P-Miss: 0.1131 | Val Max Q-Miss: 0.0294 | Val Max Gen Viol: 0.0000 | Val Max Thermal: 0.0000
Epoch 7130 | Val Loss: 16.4456 | Val Cost: 29113.70 | Val Max P-Miss: 0.0714 | Val Max Q-Miss: 0.0220 | Val Max Gen Viol: 0.0000 | Val Max Thermal: 0.0000
Epoch 7140 | Val Loss: 16.4719 | Val Cost: 29086.21 | Val Max P-Miss: 0.1096 | Val Max Q-Miss: 0.0250 | Val Max Gen Viol: 0.0000 | Val Max Thermal: 0.0000
Epoch 7150 | Val Loss: 16.4461 | Val Cost: 28992.43 | Val Max P-Miss: 0.0793 | Val Max Q-Miss: 0.0235 | Val Max Gen Viol: 0.0000 | Val Max Thermal: 0.0000
Epoch 7160 | Val Loss: 16.4353 | Val Cost: 29164.10 | Val Max P-Miss: 0.1050 | Val Max Q-Miss: 0.0246 | Val Max Gen Viol: 0.0000 | Val Max Thermal: 0.0000
Epoch 7170 | Val Loss: 16.4371 | Val Cost: 29086.94 | Val Max P-Miss: 0.0713 | Val Max Q-Miss: 0.0224 | Val Max Gen Viol: 0.0000 | Val Max Thermal: 0.0000
Epoch 7180 | Val Loss: 16.4397 | Val Cost: 29219.22 | Val Max P-Miss: 0.0749 | Val Max Q-Miss: 0.0240 | Val Max Gen Viol: 0.0000 | Val Max Thermal: 0.0000
Epoch 7190 | Val Loss: 16.4481 | Val Cost: 29125.49 | Val Max P-Miss: 0.0911 | Val Max Q-Miss: 0.0223 | Val Max Gen Viol: 0.0000 | Val Max Thermal: 0.0000
Epoch 7200 | Val Loss: 16.4357 | Val Cost: 29143.45 | Val Max P-Miss: 0.0896 | Val Max Q-Miss: 0.0227 | Val Max Gen Viol: 0.0000 | Val Max Thermal: 0.0000
Epoch 7210 | Val Loss: 16.4499 | Val Cost: 29260.59 | Val Max P-Miss: 0.0793 | Val Max Q-Miss: 0.0270 | Val Max Gen Viol: 0.0000 | Val Max Thermal: 0.0000
Epoch 7220 | Val Loss: 16.4237 | Val Cost: 29184.67 | Val Max P-Miss: 0.0754 | Val Max Q-Miss: 0.0221 | Val Max Gen Viol: 0.0000 | Val Max Thermal: 0.0000
Epoch 7230 | Val Loss: 16.4441 | Val Cost: 29082.74 | Val Max P-Miss: 0.0896 | Val Max Q-Miss: 0.0212 | Val Max Gen Viol: 0.0000 | Val Max Thermal: 0.0000
Epoch 7240 | Val Loss: 16.4706 | Val Cost: 28925.89 | Val Max P-Miss: 0.1341 | Val Max Q-Miss: 0.0235 | Val Max Gen Viol: 0.0000 | Val Max Thermal: 0.0000
Epoch 7250 | Val Loss: 16.4305 | Val Cost: 28988.71 | Val Max P-Miss: 0.1093 | Val Max Q-Miss: 0.0240 | Val Max Gen Viol: 0.0000 | Val Max Thermal: 0.0000
Epoch 7260 | Val Loss: 16.4417 | Val Cost: 29127.90 | Val Max P-Miss: 0.0989 | Val Max Q-Miss: 0.0233 | Val Max Gen Viol: 0.0000 | Val Max Thermal: 0.0000
Epoch 7270 | Val Loss: 16.4390 | Val Cost: 29067.94 | Val Max P-Miss: 0.0771 | Val Max Q-Miss: 0.0195 | Val Max Gen Viol: 0.0000 | Val Max Thermal: 0.0000
Epoch 7280 | Val Loss: 16.4343 | Val Cost: 29146.96 | Val Max P-Miss: 0.0834 | Val Max Q-Miss: 0.0220 | Val Max Gen Viol: 0.0000 | Val Max Thermal: 0.0000
Epoch 7290 | Val Loss: 16.4622 | Val Cost: 29313.28 | Val Max P-Miss: 0.0666 | Val Max Q-Miss: 0.0236 | Val Max Gen Viol: 0.0000 | Val Max Thermal: 0.0000
Epoch 7300 | Val Loss: 16.4291 | Val Cost: 29068.30 | Val Max P-Miss: 0.1089 | Val Max Q-Miss: 0.0260 | Val Max Gen Viol: 0.0000 | Val Max Thermal: 0.0000
Epoch 7310 | Val Loss: 16.4610 | Val Cost: 29346.37 | Val Max P-Miss: 0.0807 | Val Max Q-Miss: 0.0220 | Val Max Gen Viol: 0.0000 | Val Max Thermal: 0.0000
Epoch 7320 | Val Loss: 16.4355 | Val Cost: 29027.92 | Val Max P-Miss: 0.0725 | Val Max Q-Miss: 0.0228 | Val Max Gen Viol: 0.0000 | Val Max Thermal: 0.0000
Epoch 7330 | Val Loss: 16.4433 | Val Cost: 29054.23 | Val Max P-Miss: 0.1033 | Val Max Q-Miss: 0.0207 | Val Max Gen Viol: 0.0000 | Val Max Thermal: 0.0000
Epoch 7340 | Val Loss: 16.4440 | Val Cost: 29021.67 | Val Max P-Miss: 0.1116 | Val Max Q-Miss: 0.0261 | Val Max Gen Viol: 0.0000 | Val Max Thermal: 0.0000
Epoch 7350 | Val Loss: 16.4540 | Val Cost: 29109.47 | Val Max P-Miss: 0.0897 | Val Max Q-Miss: 0.0263 | Val Max Gen Viol: 0.0000 | Val Max Thermal: 0.0000
Epoch 7360 | Val Loss: 16.4349 | Val Cost: 29078.97 | Val Max P-Miss: 0.0742 | Val Max Q-Miss: 0.0201 | Val Max Gen Viol: 0.0000 | Val Max Thermal: 0.0000
Epoch 7370 | Val Loss: 16.4312 | Val Cost: 29162.18 | Val Max P-Miss: 0.0769 | Val Max Q-Miss: 0.0255 | Val Max Gen Viol: 0.0000 | Val Max Thermal: 0.0000
Epoch 7380 | Val Loss: 16.4667 | Val Cost: 29195.96 | Val Max P-Miss: 0.0819 | Val Max Q-Miss: 0.0220 | Val Max Gen Viol: 0.0000 | Val Max Thermal: 0.0000
Epoch 7390 | Val Loss: 16.4346 | Val Cost: 29115.30 | Val Max P-Miss: 0.0780 | Val Max Q-Miss: 0.0222 | Val Max Gen Viol: 0.0000 | Val Max Thermal: 0.0000
Epoch 7400 | Val Loss: 16.4467 | Val Cost: 29094.63 | Val Max P-Miss: 0.0857 | Val Max Q-Miss: 0.0312 | Val Max Gen Viol: 0.0000 | Val Max Thermal: 0.0000
Epoch 7410 | Val Loss: 16.4659 | Val Cost: 29283.34 | Val Max P-Miss: 0.0721 | Val Max Q-Miss: 0.0225 | Val Max Gen Viol: 0.0000 | Val Max Thermal: 0.0000
Epoch 7420 | Val Loss: 16.4526 | Val Cost: 29176.82 | Val Max P-Miss: 0.0779 | Val Max Q-Miss: 0.0258 | Val Max Gen Viol: 0.0000 | Val Max Thermal: 0.0000
Epoch 7430 | Val Loss: 16.4397 | Val Cost: 29199.61 | Val Max P-Miss: 0.0785 | Val Max Q-Miss: 0.0270 | Val Max Gen Viol: 0.0000 | Val Max Thermal: 0.0000
Epoch 7440 | Val Loss: 16.4605 | Val Cost: 28943.16 | Val Max P-Miss: 0.0868 | Val Max Q-Miss: 0.0228 | Val Max Gen Viol: 0.0000 | Val Max Thermal: 0.0000
Epoch 7450 | Val Loss: 16.4318 | Val Cost: 29157.35 | Val Max P-Miss: 0.0766 | Val Max Q-Miss: 0.0222 | Val Max Gen Viol: 0.0000 | Val Max Thermal: 0.0000
Epoch 7460 | Val Loss: 16.4400 | Val Cost: 29194.21 | Val Max P-Miss: 0.0659 | Val Max Q-Miss: 0.0266 | Val Max Gen Viol: 0.0000 | Val Max Thermal: 0.0000
Epoch 7470 | Val Loss: 16.4266 | Val Cost: 29028.37 | Val Max P-Miss: 0.0769 | Val Max Q-Miss: 0.0208 | Val Max Gen Viol: 0.0000 | Val Max Thermal: 0.0000
Epoch 7480 | Val Loss: 16.4401 | Val Cost: 29064.03 | Val Max P-Miss: 0.0937 | Val Max Q-Miss: 0.0256 | Val Max Gen Viol: 0.0000 | Val Max Thermal: 0.0000
Epoch 7490 | Val Loss: 16.4284 | Val Cost: 29083.84 | Val Max P-Miss: 0.1025 | Val Max Q-Miss: 0.0253 | Val Max Gen Viol: 0.0000 | Val Max Thermal: 0.0000
Epoch 7500 | Val Loss: 16.4358 | Val Cost: 28983.55 | Val Max P-Miss: 0.0843 | Val Max Q-Miss: 0.0235 | Val Max Gen Viol: 0.0000 | Val Max Thermal: 0.0000
Epoch 7510 | Val Loss: 16.4370 | Val Cost: 29172.99 | Val Max P-Miss: 0.0829 | Val Max Q-Miss: 0.0247 | Val Max Gen Viol: 0.0000 | Val Max Thermal: 0.0000
Epoch 7520 | Val Loss: 16.4597 | Val Cost: 29146.54 | Val Max P-Miss: 0.0774 | Val Max Q-Miss: 0.0248 | Val Max Gen Viol: 0.0000 | Val Max Thermal: 0.0000
Epoch 7530 | Val Loss: 16.4366 | Val Cost: 29031.74 | Val Max P-Miss: 0.0872 | Val Max Q-Miss: 0.0237 | Val Max Gen Viol: 0.0000 | Val Max Thermal: 0.0000
Epoch 7540 | Val Loss: 16.4384 | Val Cost: 29008.15 | Val Max P-Miss: 0.0913 | Val Max Q-Miss: 0.0264 | Val Max Gen Viol: 0.0000 | Val Max Thermal: 0.0000
Epoch 7550 | Val Loss: 16.4420 | Val Cost: 29193.78 | Val Max P-Miss: 0.1026 | Val Max Q-Miss: 0.0264 | Val Max Gen Viol: 0.0000 | Val Max Thermal: 0.0000
Epoch 7560 | Val Loss: 16.4500 | Val Cost: 29207.86 | Val Max P-Miss: 0.0787 | Val Max Q-Miss: 0.0390 | Val Max Gen Viol: 0.0000 | Val Max Thermal: 0.0000
Epoch 7570 | Val Loss: 16.4543 | Val Cost: 28975.73 | Val Max P-Miss: 0.1145 | Val Max Q-Miss: 0.0222 | Val Max Gen Viol: 0.0000 | Val Max Thermal: 0.0000
Epoch 7580 | Val Loss: 16.4568 | Val Cost: 29303.13 | Val Max P-Miss: 0.0747 | Val Max Q-Miss: 0.0249 | Val Max Gen Viol: 0.0000 | Val Max Thermal: 0.0000
Epoch 7590 | Val Loss: 16.4374 | Val Cost: 29082.27 | Val Max P-Miss: 0.1134 | Val Max Q-Miss: 0.0245 | Val Max Gen Viol: 0.0000 | Val Max Thermal: 0.0000
Epoch 7600 | Val Loss: 16.4290 | Val Cost: 29091.80 | Val Max P-Miss: 0.0998 | Val Max Q-Miss: 0.0247 | Val Max Gen Viol: 0.0000 | Val Max Thermal: 0.0000
Epoch 7610 | Val Loss: 16.4352 | Val Cost: 29092.82 | Val Max P-Miss: 0.0788 | Val Max Q-Miss: 0.0223 | Val Max Gen Viol: 0.0000 | Val Max Thermal: 0.0000
Epoch 7620 | Val Loss: 16.4438 | Val Cost: 29261.79 | Val Max P-Miss: 0.0829 | Val Max Q-Miss: 0.0265 | Val Max Gen Viol: 0.0000 | Val Max Thermal: 0.0000
Epoch 7630 | Val Loss: 16.4454 | Val Cost: 29206.00 | Val Max P-Miss: 0.0667 | Val Max Q-Miss: 0.0227 | Val Max Gen Viol: 0.0000 | Val Max Thermal: 0.0000
Epoch 7640 | Val Loss: 16.4536 | Val Cost: 29059.62 | Val Max P-Miss: 0.0871 | Val Max Q-Miss: 0.0248 | Val Max Gen Viol: 0.0000 | Val Max Thermal: 0.0000
Epoch 7650 | Val Loss: 16.4578 | Val Cost: 29096.92 | Val Max P-Miss: 0.0777 | Val Max Q-Miss: 0.0252 | Val Max Gen Viol: 0.0000 | Val Max Thermal: 0.0000
Epoch 7660 | Val Loss: 16.4555 | Val Cost: 29216.08 | Val Max P-Miss: 0.0738 | Val Max Q-Miss: 0.0274 | Val Max Gen Viol: 0.0000 | Val Max Thermal: 0.0000
Epoch 7670 | Val Loss: 16.4409 | Val Cost: 28967.08 | Val Max P-Miss: 0.0917 | Val Max Q-Miss: 0.0271 | Val Max Gen Viol: 0.0000 | Val Max Thermal: 0.0000
Epoch 7680 | Val Loss: 16.4397 | Val Cost: 29143.21 | Val Max P-Miss: 0.0916 | Val Max Q-Miss: 0.0242 | Val Max Gen Viol: 0.0000 | Val Max Thermal: 0.0000
Epoch 7690 | Val Loss: 16.4519 | Val Cost: 29173.53 | Val Max P-Miss: 0.0753 | Val Max Q-Miss: 0.0241 | Val Max Gen Viol: 0.0000 | Val Max Thermal: 0.0000
Epoch 7700 | Val Loss: 16.4539 | Val Cost: 29332.85 | Val Max P-Miss: 0.0692 | Val Max Q-Miss: 0.0236 | Val Max Gen Viol: 0.0000 | Val Max Thermal: 0.0000
Epoch 7710 | Val Loss: 16.4354 | Val Cost: 29083.31 | Val Max P-Miss: 0.0870 | Val Max Q-Miss: 0.0236 | Val Max Gen Viol: 0.0000 | Val Max Thermal: 0.0000
Epoch 7720 | Val Loss: 16.4343 | Val Cost: 28967.07 | Val Max P-Miss: 0.0933 | Val Max Q-Miss: 0.0224 | Val Max Gen Viol: 0.0000 | Val Max Thermal: 0.0000
Epoch 7730 | Val Loss: 16.4212 | Val Cost: 29064.62 | Val Max P-Miss: 0.0870 | Val Max Q-Miss: 0.0236 | Val Max Gen Viol: 0.0000 | Val Max Thermal: 0.0000
Epoch 7740 | Val Loss: 16.4236 | Val Cost: 29112.21 | Val Max P-Miss: 0.0859 | Val Max Q-Miss: 0.0222 | Val Max Gen Viol: 0.0000 | Val Max Thermal: 0.0000
Epoch 7750 | Val Loss: 16.4566 | Val Cost: 29262.40 | Val Max P-Miss: 0.0709 | Val Max Q-Miss: 0.0202 | Val Max Gen Viol: 0.0000 | Val Max Thermal: 0.0000
Epoch 7760 | Val Loss: 16.4479 | Val Cost: 29176.31 | Val Max P-Miss: 0.0971 | Val Max Q-Miss: 0.0222 | Val Max Gen Viol: 0.0000 | Val Max Thermal: 0.0000
Epoch 7770 | Val Loss: 16.4348 | Val Cost: 29150.28 | Val Max P-Miss: 0.0862 | Val Max Q-Miss: 0.0231 | Val Max Gen Viol: 0.0000 | Val Max Thermal: 0.0000
Epoch 7780 | Val Loss: 16.4423 | Val Cost: 29148.42 | Val Max P-Miss: 0.0809 | Val Max Q-Miss: 0.0246 | Val Max Gen Viol: 0.0000 | Val Max Thermal: 0.0000
Epoch 7790 | Val Loss: 16.4639 | Val Cost: 29293.35 | Val Max P-Miss: 0.0686 | Val Max Q-Miss: 0.0240 | Val Max Gen Viol: 0.0000 | Val Max Thermal: 0.0000
Epoch 7800 | Val Loss: 16.4423 | Val Cost: 28933.30 | Val Max P-Miss: 0.0866 | Val Max Q-Miss: 0.0230 | Val Max Gen Viol: 0.0000 | Val Max Thermal: 0.0000
Epoch 7810 | Val Loss: 16.4309 | Val Cost: 29063.93 | Val Max P-Miss: 0.0871 | Val Max Q-Miss: 0.0236 | Val Max Gen Viol: 0.0000 | Val Max Thermal: 0.0000
Epoch 7820 | Val Loss: 16.4610 | Val Cost: 29025.49 | Val Max P-Miss: 0.1179 | Val Max Q-Miss: 0.0261 | Val Max Gen Viol: 0.0000 | Val Max Thermal: 0.0000
Epoch 7830 | Val Loss: 16.4318 | Val Cost: 29093.04 | Val Max P-Miss: 0.0794 | Val Max Q-Miss: 0.0217 | Val Max Gen Viol: 0.0000 | Val Max Thermal: 0.0000
Epoch 7840 | Val Loss: 16.4431 | Val Cost: 29263.28 | Val Max P-Miss: 0.0740 | Val Max Q-Miss: 0.0265 | Val Max Gen Viol: 0.0000 | Val Max Thermal: 0.0000
Epoch 7850 | Val Loss: 16.4392 | Val Cost: 29233.49 | Val Max P-Miss: 0.0978 | Val Max Q-Miss: 0.0240 | Val Max Gen Viol: 0.0000 | Val Max Thermal: 0.0000
Epoch 7860 | Val Loss: 16.4457 | Val Cost: 29015.08 | Val Max P-Miss: 0.0980 | Val Max Q-Miss: 0.0248 | Val Max Gen Viol: 0.0000 | Val Max Thermal: 0.0000
Epoch 7870 | Val Loss: 16.4459 | Val Cost: 29045.07 | Val Max P-Miss: 0.0858 | Val Max Q-Miss: 0.0219 | Val Max Gen Viol: 0.0000 | Val Max Thermal: 0.0000
Epoch 7880 | Val Loss: 16.4508 | Val Cost: 29289.11 | Val Max P-Miss: 0.0712 | Val Max Q-Miss: 0.0234 | Val Max Gen Viol: 0.0000 | Val Max Thermal: 0.0000
Epoch 7890 | Val Loss: 16.4384 | Val Cost: 29024.39 | Val Max P-Miss: 0.0991 | Val Max Q-Miss: 0.0247 | Val Max Gen Viol: 0.0000 | Val Max Thermal: 0.0000
Epoch 7900 | Val Loss: 16.4346 | Val Cost: 29189.87 | Val Max P-Miss: 0.0806 | Val Max Q-Miss: 0.0238 | Val Max Gen Viol: 0.0000 | Val Max Thermal: 0.0000
Epoch 7910 | Val Loss: 16.4325 | Val Cost: 29118.18 | Val Max P-Miss: 0.0743 | Val Max Q-Miss: 0.0221 | Val Max Gen Viol: 0.0000 | Val Max Thermal: 0.0000
Epoch 7920 | Val Loss: 16.4458 | Val Cost: 29224.05 | Val Max P-Miss: 0.0864 | Val Max Q-Miss: 0.0240 | Val Max Gen Viol: 0.0000 | Val Max Thermal: 0.0000
Epoch 7930 | Val Loss: 16.4418 | Val Cost: 29151.92 | Val Max P-Miss: 0.0807 | Val Max Q-Miss: 0.0253 | Val Max Gen Viol: 0.0000 | Val Max Thermal: 0.0000
Epoch 7940 | Val Loss: 16.4337 | Val Cost: 29087.37 | Val Max P-Miss: 0.0942 | Val Max Q-Miss: 0.0236 | Val Max Gen Viol: 0.0000 | Val Max Thermal: 0.0000
Epoch 7950 | Val Loss: 16.4670 | Val Cost: 29402.35 | Val Max P-Miss: 0.0821 | Val Max Q-Miss: 0.0259 | Val Max Gen Viol: 0.0000 | Val Max Thermal: 0.0000
Epoch 7960 | Val Loss: 16.4397 | Val Cost: 29076.53 | Val Max P-Miss: 0.0812 | Val Max Q-Miss: 0.0193 | Val Max Gen Viol: 0.0000 | Val Max Thermal: 0.0000
Epoch 7970 | Val Loss: 16.4286 | Val Cost: 28942.78 | Val Max P-Miss: 0.1009 | Val Max Q-Miss: 0.0235 | Val Max Gen Viol: 0.0000 | Val Max Thermal: 0.0000
Epoch 7980 | Val Loss: 16.4480 | Val Cost: 29191.19 | Val Max P-Miss: 0.0708 | Val Max Q-Miss: 0.0211 | Val Max Gen Viol: 0.0000 | Val Max Thermal: 0.0000
Epoch 7990 | Val Loss: 16.4361 | Val Cost: 29063.79 | Val Max P-Miss: 0.0734 | Val Max Q-Miss: 0.0218 | Val Max Gen Viol: 0.0000 | Val Max Thermal: 0.0000
Epoch 8000 | Val Loss: 16.4366 | Val Cost: 29209.58 | Val Max P-Miss: 0.0816 | Val Max Q-Miss: 0.0225 | Val Max Gen Viol: 0.0000 | Val Max Thermal: 0.0000
Epoch 8010 | Val Loss: 16.4495 | Val Cost: 29182.86 | Val Max P-Miss: 0.0957 | Val Max Q-Miss: 0.0223 | Val Max Gen Viol: 0.0000 | Val Max Thermal: 0.0000
Epoch 8020 | Val Loss: 16.4551 | Val Cost: 29218.35 | Val Max P-Miss: 0.0879 | Val Max Q-Miss: 0.0284 | Val Max Gen Viol: 0.0000 | Val Max Thermal: 0.0000
Epoch 8030 | Val Loss: 16.4349 | Val Cost: 29177.25 | Val Max P-Miss: 0.0942 | Val Max Q-Miss: 0.0239 | Val Max Gen Viol: 0.0000 | Val Max Thermal: 0.0000
Epoch 8040 | Val Loss: 16.4433 | Val Cost: 29213.64 | Val Max P-Miss: 0.0805 | Val Max Q-Miss: 0.0205 | Val Max Gen Viol: 0.0000 | Val Max Thermal: 0.0000
Epoch 8050 | Val Loss: 16.4406 | Val Cost: 29196.63 | Val Max P-Miss: 0.0760 | Val Max Q-Miss: 0.0239 | Val Max Gen Viol: 0.0000 | Val Max Thermal: 0.0000
Epoch 8060 | Val Loss: 16.4287 | Val Cost: 29107.35 | Val Max P-Miss: 0.1003 | Val Max Q-Miss: 0.0222 | Val Max Gen Viol: 0.0000 | Val Max Thermal: 0.0000
Epoch 8070 | Val Loss: 16.4631 | Val Cost: 29217.17 | Val Max P-Miss: 0.0762 | Val Max Q-Miss: 0.0264 | Val Max Gen Viol: 0.0000 | Val Max Thermal: 0.0000
Epoch 8080 | Val Loss: 16.4316 | Val Cost: 29063.70 | Val Max P-Miss: 0.0773 | Val Max Q-Miss: 0.0219 | Val Max Gen Viol: 0.0000 | Val Max Thermal: 0.0000
Epoch 8090 | Val Loss: 16.4353 | Val Cost: 29166.81 | Val Max P-Miss: 0.0721 | Val Max Q-Miss: 0.0269 | Val Max Gen Viol: 0.0000 | Val Max Thermal: 0.0000
Epoch 8100 | Val Loss: 16.4435 | Val Cost: 29193.13 | Val Max P-Miss: 0.0925 | Val Max Q-Miss: 0.0230 | Val Max Gen Viol: 0.0000 | Val Max Thermal: 0.0000
Epoch 8110 | Val Loss: 16.4369 | Val Cost: 29048.90 | Val Max P-Miss: 0.0829 | Val Max Q-Miss: 0.0221 | Val Max Gen Viol: 0.0000 | Val Max Thermal: 0.0000
Epoch 8120 | Val Loss: 16.4529 | Val Cost: 29198.34 | Val Max P-Miss: 0.0784 | Val Max Q-Miss: 0.0238 | Val Max Gen Viol: 0.0000 | Val Max Thermal: 0.0000
Epoch 8130 | Val Loss: 16.4280 | Val Cost: 29016.22 | Val Max P-Miss: 0.0966 | Val Max Q-Miss: 0.0219 | Val Max Gen Viol: 0.0000 | Val Max Thermal: 0.0000
Epoch 8140 | Val Loss: 16.4351 | Val Cost: 29175.68 | Val Max P-Miss: 0.0800 | Val Max Q-Miss: 0.0271 | Val Max Gen Viol: 0.0000 | Val Max Thermal: 0.0000
Epoch 8150 | Val Loss: 16.4365 | Val Cost: 29067.79 | Val Max P-Miss: 0.0848 | Val Max Q-Miss: 0.0204 | Val Max Gen Viol: 0.0000 | Val Max Thermal: 0.0000
Epoch 8160 | Val Loss: 16.4707 | Val Cost: 29266.32 | Val Max P-Miss: 0.0888 | Val Max Q-Miss: 0.0280 | Val Max Gen Viol: 0.0000 | Val Max Thermal: 0.0000
Epoch 8170 | Val Loss: 16.4454 | Val Cost: 29155.14 | Val Max P-Miss: 0.0770 | Val Max Q-Miss: 0.0216 | Val Max Gen Viol: 0.0000 | Val Max Thermal: 0.0000
Epoch 8180 | Val Loss: 16.4624 | Val Cost: 29257.23 | Val Max P-Miss: 0.0784 | Val Max Q-Miss: 0.0223 | Val Max Gen Viol: 0.0000 | Val Max Thermal: 0.0000
Epoch 8190 | Val Loss: 16.4532 | Val Cost: 29214.83 | Val Max P-Miss: 0.0915 | Val Max Q-Miss: 0.0237 | Val Max Gen Viol: 0.0000 | Val Max Thermal: 0.0000
Epoch 8200 | Val Loss: 16.4478 | Val Cost: 29082.02 | Val Max P-Miss: 0.0782 | Val Max Q-Miss: 0.0230 | Val Max Gen Viol: 0.0000 | Val Max Thermal: 0.0000
Epoch 8210 | Val Loss: 16.4371 | Val Cost: 29053.80 | Val Max P-Miss: 0.1027 | Val Max Q-Miss: 0.0217 | Val Max Gen Viol: 0.0000 | Val Max Thermal: 0.0000
Epoch 8220 | Val Loss: 16.4295 | Val Cost: 29145.01 | Val Max P-Miss: 0.0863 | Val Max Q-Miss: 0.0207 | Val Max Gen Viol: 0.0000 | Val Max Thermal: 0.0000
Epoch 8230 | Val Loss: 16.4719 | Val Cost: 29197.73 | Val Max P-Miss: 0.0736 | Val Max Q-Miss: 0.0204 | Val Max Gen Viol: 0.0000 | Val Max Thermal: 0.0000
Epoch 8240 | Val Loss: 16.4405 | Val Cost: 29046.00 | Val Max P-Miss: 0.0849 | Val Max Q-Miss: 0.0228 | Val Max Gen Viol: 0.0000 | Val Max Thermal: 0.0000
Epoch 8250 | Val Loss: 16.4330 | Val Cost: 29213.35 | Val Max P-Miss: 0.0818 | Val Max Q-Miss: 0.0233 | Val Max Gen Viol: 0.0000 | Val Max Thermal: 0.0000
Epoch 8260 | Val Loss: 16.4311 | Val Cost: 29034.38 | Val Max P-Miss: 0.0874 | Val Max Q-Miss: 0.0209 | Val Max Gen Viol: 0.0000 | Val Max Thermal: 0.0000
Epoch 8270 | Val Loss: 16.4435 | Val Cost: 29101.56 | Val Max P-Miss: 0.1079 | Val Max Q-Miss: 0.0229 | Val Max Gen Viol: 0.0000 | Val Max Thermal: 0.0000
Epoch 8280 | Val Loss: 16.4299 | Val Cost: 29104.70 | Val Max P-Miss: 0.0814 | Val Max Q-Miss: 0.0279 | Val Max Gen Viol: 0.0000 | Val Max Thermal: 0.0000
Epoch 8290 | Val Loss: 16.4354 | Val Cost: 29062.54 | Val Max P-Miss: 0.0841 | Val Max Q-Miss: 0.0255 | Val Max Gen Viol: 0.0000 | Val Max Thermal: 0.0000
Epoch 8300 | Val Loss: 16.4381 | Val Cost: 29103.63 | Val Max P-Miss: 0.0876 | Val Max Q-Miss: 0.0206 | Val Max Gen Viol: 0.0000 | Val Max Thermal: 0.0000
Epoch 8310 | Val Loss: 16.4478 | Val Cost: 29231.21 | Val Max P-Miss: 0.0898 | Val Max Q-Miss: 0.0297 | Val Max Gen Viol: 0.0000 | Val Max Thermal: 0.0000
Epoch 8320 | Val Loss: 16.4145 | Val Cost: 29136.30 | Val Max P-Miss: 0.0759 | Val Max Q-Miss: 0.0263 | Val Max Gen Viol: 0.0000 | Val Max Thermal: 0.0000 [*SAVED BEST*]
Epoch 8330 | Val Loss: 16.4524 | Val Cost: 29095.71 | Val Max P-Miss: 0.0881 | Val Max Q-Miss: 0.0234 | Val Max Gen Viol: 0.0000 | Val Max Thermal: 0.0000
Epoch 8340 | Val Loss: 16.4243 | Val Cost: 29006.07 | Val Max P-Miss: 0.0858 | Val Max Q-Miss: 0.0219 | Val Max Gen Viol: 0.0000 | Val Max Thermal: 0.0000
Epoch 8350 | Val Loss: 16.4363 | Val Cost: 29040.61 | Val Max P-Miss: 0.0901 | Val Max Q-Miss: 0.0247 | Val Max Gen Viol: 0.0000 | Val Max Thermal: 0.0000
Epoch 8360 | Val Loss: 16.4620 | Val Cost: 29367.10 | Val Max P-Miss: 0.0772 | Val Max Q-Miss: 0.0240 | Val Max Gen Viol: 0.0000 | Val Max Thermal: 0.0000
Epoch 8370 | Val Loss: 16.4649 | Val Cost: 29129.89 | Val Max P-Miss: 0.0826 | Val Max Q-Miss: 0.0248 | Val Max Gen Viol: 0.0000 | Val Max Thermal: 0.0000
Epoch 8380 | Val Loss: 16.4571 | Val Cost: 29217.39 | Val Max P-Miss: 0.0906 | Val Max Q-Miss: 0.0257 | Val Max Gen Viol: 0.0000 | Val Max Thermal: 0.0000
Epoch 8390 | Val Loss: 16.4364 | Val Cost: 29048.88 | Val Max P-Miss: 0.1023 | Val Max Q-Miss: 0.0251 | Val Max Gen Viol: 0.0000 | Val Max Thermal: 0.0000
Epoch 8400 | Val Loss: 16.4424 | Val Cost: 29227.68 | Val Max P-Miss: 0.0796 | Val Max Q-Miss: 0.0217 | Val Max Gen Viol: 0.0000 | Val Max Thermal: 0.0000
Epoch 8410 | Val Loss: 16.4691 | Val Cost: 29210.37 | Val Max P-Miss: 0.0790 | Val Max Q-Miss: 0.0249 | Val Max Gen Viol: 0.0000 | Val Max Thermal: 0.0000
Epoch 8420 | Val Loss: 16.4394 | Val Cost: 29042.62 | Val Max P-Miss: 0.0747 | Val Max Q-Miss: 0.0243 | Val Max Gen Viol: 0.0000 | Val Max Thermal: 0.0000
Epoch 8430 | Val Loss: 16.4324 | Val Cost: 29025.86 | Val Max P-Miss: 0.1045 | Val Max Q-Miss: 0.0244 | Val Max Gen Viol: 0.0000 | Val Max Thermal: 0.0000
Epoch 8440 | Val Loss: 16.4293 | Val Cost: 29086.68 | Val Max P-Miss: 0.0858 | Val Max Q-Miss: 0.0226 | Val Max Gen Viol: 0.0000 | Val Max Thermal: 0.0000
Epoch 8450 | Val Loss: 16.4419 | Val Cost: 29241.27 | Val Max P-Miss: 0.0762 | Val Max Q-Miss: 0.0225 | Val Max Gen Viol: 0.0000 | Val Max Thermal: 0.0000
Epoch 8460 | Val Loss: 16.4558 | Val Cost: 29261.89 | Val Max P-Miss: 0.0741 | Val Max Q-Miss: 0.0227 | Val Max Gen Viol: 0.0000 | Val Max Thermal: 0.0000
Epoch 8470 | Val Loss: 16.4484 | Val Cost: 29116.12 | Val Max P-Miss: 0.0751 | Val Max Q-Miss: 0.0246 | Val Max Gen Viol: 0.0000 | Val Max Thermal: 0.0000
Epoch 8480 | Val Loss: 16.4483 | Val Cost: 29041.40 | Val Max P-Miss: 0.0786 | Val Max Q-Miss: 0.0232 | Val Max Gen Viol: 0.0000 | Val Max Thermal: 0.0000
Epoch 8490 | Val Loss: 16.4361 | Val Cost: 29027.40 | Val Max P-Miss: 0.1052 | Val Max Q-Miss: 0.0204 | Val Max Gen Viol: 0.0000 | Val Max Thermal: 0.0000
Epoch 8500 | Val Loss: 16.4358 | Val Cost: 29217.79 | Val Max P-Miss: 0.0840 | Val Max Q-Miss: 0.0258 | Val Max Gen Viol: 0.0000 | Val Max Thermal: 0.0000
Epoch 8510 | Val Loss: 16.4843 | Val Cost: 29297.16 | Val Max P-Miss: 0.0799 | Val Max Q-Miss: 0.0232 | Val Max Gen Viol: 0.0000 | Val Max Thermal: 0.0000
Epoch 8520 | Val Loss: 16.4631 | Val Cost: 29278.55 | Val Max P-Miss: 0.0738 | Val Max Q-Miss: 0.0214 | Val Max Gen Viol: 0.0000 | Val Max Thermal: 0.0000
Epoch 8530 | Val Loss: 16.4340 | Val Cost: 29116.43 | Val Max P-Miss: 0.0895 | Val Max Q-Miss: 0.0266 | Val Max Gen Viol: 0.0000 | Val Max Thermal: 0.0000
Epoch 8540 | Val Loss: 16.4443 | Val Cost: 29115.56 | Val Max P-Miss: 0.0801 | Val Max Q-Miss: 0.0244 | Val Max Gen Viol: 0.0000 | Val Max Thermal: 0.0000
Epoch 8550 | Val Loss: 16.4374 | Val Cost: 29065.81 | Val Max P-Miss: 0.0787 | Val Max Q-Miss: 0.0219 | Val Max Gen Viol: 0.0000 | Val Max Thermal: 0.0000
Epoch 8560 | Val Loss: 16.4365 | Val Cost: 29074.16 | Val Max P-Miss: 0.0780 | Val Max Q-Miss: 0.0243 | Val Max Gen Viol: 0.0000 | Val Max Thermal: 0.0000
Epoch 8570 | Val Loss: 16.4446 | Val Cost: 29135.58 | Val Max P-Miss: 0.0758 | Val Max Q-Miss: 0.0230 | Val Max Gen Viol: 0.0000 | Val Max Thermal: 0.0000
Epoch 8580 | Val Loss: 16.4319 | Val Cost: 29129.15 | Val Max P-Miss: 0.0768 | Val Max Q-Miss: 0.0229 | Val Max Gen Viol: 0.0000 | Val Max Thermal: 0.0000
Epoch 8590 | Val Loss: 16.4327 | Val Cost: 29032.72 | Val Max P-Miss: 0.0895 | Val Max Q-Miss: 0.0214 | Val Max Gen Viol: 0.0000 | Val Max Thermal: 0.0000
Epoch 8600 | Val Loss: 16.4591 | Val Cost: 29180.31 | Val Max P-Miss: 0.1065 | Val Max Q-Miss: 0.0254 | Val Max Gen Viol: 0.0000 | Val Max Thermal: 0.0000
Epoch 8610 | Val Loss: 16.4380 | Val Cost: 29049.39 | Val Max P-Miss: 0.1030 | Val Max Q-Miss: 0.0217 | Val Max Gen Viol: 0.0000 | Val Max Thermal: 0.0000
Epoch 8620 | Val Loss: 16.4683 | Val Cost: 28989.50 | Val Max P-Miss: 0.1330 | Val Max Q-Miss: 0.0224 | Val Max Gen Viol: 0.0000 | Val Max Thermal: 0.0000
Epoch 8630 | Val Loss: 16.4272 | Val Cost: 29068.61 | Val Max P-Miss: 0.0768 | Val Max Q-Miss: 0.0221 | Val Max Gen Viol: 0.0000 | Val Max Thermal: 0.0000
Epoch 8640 | Val Loss: 16.4345 | Val Cost: 29029.67 | Val Max P-Miss: 0.1030 | Val Max Q-Miss: 0.0250 | Val Max Gen Viol: 0.0000 | Val Max Thermal: 0.0000
Epoch 8650 | Val Loss: 16.4421 | Val Cost: 29215.77 | Val Max P-Miss: 0.0790 | Val Max Q-Miss: 0.0190 | Val Max Gen Viol: 0.0000 | Val Max Thermal: 0.0000
Epoch 8660 | Val Loss: 16.4434 | Val Cost: 29246.86 | Val Max P-Miss: 0.0680 | Val Max Q-Miss: 0.0241 | Val Max Gen Viol: 0.0000 | Val Max Thermal: 0.0000
Epoch 8670 | Val Loss: 16.4404 | Val Cost: 29109.07 | Val Max P-Miss: 0.0860 | Val Max Q-Miss: 0.0223 | Val Max Gen Viol: 0.0000 | Val Max Thermal: 0.0000
Epoch 8680 | Val Loss: 16.4427 | Val Cost: 29200.24 | Val Max P-Miss: 0.0720 | Val Max Q-Miss: 0.0212 | Val Max Gen Viol: 0.0000 | Val Max Thermal: 0.0000
Epoch 8690 | Val Loss: 16.4354 | Val Cost: 29240.07 | Val Max P-Miss: 0.0773 | Val Max Q-Miss: 0.0226 | Val Max Gen Viol: 0.0000 | Val Max Thermal: 0.0000
Epoch 8700 | Val Loss: 16.4375 | Val Cost: 29302.95 | Val Max P-Miss: 0.0879 | Val Max Q-Miss: 0.0237 | Val Max Gen Viol: 0.0000 | Val Max Thermal: 0.0000
Epoch 8710 | Val Loss: 16.4648 | Val Cost: 29297.21 | Val Max P-Miss: 0.0884 | Val Max Q-Miss: 0.0214 | Val Max Gen Viol: 0.0000 | Val Max Thermal: 0.0000
Epoch 8720 | Val Loss: 16.4593 | Val Cost: 29153.33 | Val Max P-Miss: 0.0897 | Val Max Q-Miss: 0.0232 | Val Max Gen Viol: 0.0000 | Val Max Thermal: 0.0000
Epoch 8730 | Val Loss: 16.4333 | Val Cost: 29176.18 | Val Max P-Miss: 0.0750 | Val Max Q-Miss: 0.0251 | Val Max Gen Viol: 0.0000 | Val Max Thermal: 0.0000
Epoch 8740 | Val Loss: 16.4323 | Val Cost: 29026.24 | Val Max P-Miss: 0.0864 | Val Max Q-Miss: 0.0274 | Val Max Gen Viol: 0.0000 | Val Max Thermal: 0.0000
Epoch 8750 | Val Loss: 16.4328 | Val Cost: 29014.16 | Val Max P-Miss: 0.0798 | Val Max Q-Miss: 0.0213 | Val Max Gen Viol: 0.0000 | Val Max Thermal: 0.0000
Epoch 8760 | Val Loss: 16.4330 | Val Cost: 29118.05 | Val Max P-Miss: 0.0852 | Val Max Q-Miss: 0.0244 | Val Max Gen Viol: 0.0000 | Val Max Thermal: 0.0000
Epoch 8770 | Val Loss: 16.4290 | Val Cost: 29148.18 | Val Max P-Miss: 0.0892 | Val Max Q-Miss: 0.0230 | Val Max Gen Viol: 0.0000 | Val Max Thermal: 0.0000
Epoch 8780 | Val Loss: 16.4365 | Val Cost: 29213.40 | Val Max P-Miss: 0.0910 | Val Max Q-Miss: 0.0220 | Val Max Gen Viol: 0.0000 | Val Max Thermal: 0.0000
Epoch 8790 | Val Loss: 16.4487 | Val Cost: 29275.37 | Val Max P-Miss: 0.0795 | Val Max Q-Miss: 0.0240 | Val Max Gen Viol: 0.0000 | Val Max Thermal: 0.0000
Epoch 8800 | Val Loss: 16.4447 | Val Cost: 29157.52 | Val Max P-Miss: 0.0899 | Val Max Q-Miss: 0.0225 | Val Max Gen Viol: 0.0000 | Val Max Thermal: 0.0000
Epoch 8810 | Val Loss: 16.4679 | Val Cost: 29403.82 | Val Max P-Miss: 0.0827 | Val Max Q-Miss: 0.0254 | Val Max Gen Viol: 0.0000 | Val Max Thermal: 0.0000
Epoch 8820 | Val Loss: 16.4389 | Val Cost: 29092.93 | Val Max P-Miss: 0.0946 | Val Max Q-Miss: 0.0223 | Val Max Gen Viol: 0.0000 | Val Max Thermal: 0.0000
Epoch 8830 | Val Loss: 16.4292 | Val Cost: 29128.53 | Val Max P-Miss: 0.0713 | Val Max Q-Miss: 0.0288 | Val Max Gen Viol: 0.0000 | Val Max Thermal: 0.0000
Epoch 8840 | Val Loss: 16.4614 | Val Cost: 29168.73 | Val Max P-Miss: 0.0864 | Val Max Q-Miss: 0.0250 | Val Max Gen Viol: 0.0000 | Val Max Thermal: 0.0000
Epoch 8850 | Val Loss: 16.4436 | Val Cost: 29044.10 | Val Max P-Miss: 0.0876 | Val Max Q-Miss: 0.0238 | Val Max Gen Viol: 0.0000 | Val Max Thermal: 0.0000
Epoch 8860 | Val Loss: 16.4322 | Val Cost: 29175.72 | Val Max P-Miss: 0.0846 | Val Max Q-Miss: 0.0197 | Val Max Gen Viol: 0.0000 | Val Max Thermal: 0.0000
Epoch 8870 | Val Loss: 16.4543 | Val Cost: 29185.01 | Val Max P-Miss: 0.0766 | Val Max Q-Miss: 0.0239 | Val Max Gen Viol: 0.0000 | Val Max Thermal: 0.0000
Epoch 8880 | Val Loss: 16.4806 | Val Cost: 29357.47 | Val Max P-Miss: 0.0985 | Val Max Q-Miss: 0.0234 | Val Max Gen Viol: 0.0000 | Val Max Thermal: 0.0000
Epoch 8890 | Val Loss: 16.4471 | Val Cost: 29032.13 | Val Max P-Miss: 0.1131 | Val Max Q-Miss: 0.0240 | Val Max Gen Viol: 0.0000 | Val Max Thermal: 0.0000
Epoch 8900 | Val Loss: 16.4461 | Val Cost: 28988.47 | Val Max P-Miss: 0.1080 | Val Max Q-Miss: 0.0254 | Val Max Gen Viol: 0.0000 | Val Max Thermal: 0.0000
Epoch 8910 | Val Loss: 16.4318 | Val Cost: 29012.43 | Val Max P-Miss: 0.1028 | Val Max Q-Miss: 0.0247 | Val Max Gen Viol: 0.0000 | Val Max Thermal: 0.0000
Epoch 8920 | Val Loss: 16.4539 | Val Cost: 29111.53 | Val Max P-Miss: 0.0764 | Val Max Q-Miss: 0.0277 | Val Max Gen Viol: 0.0000 | Val Max Thermal: 0.0000
Epoch 8930 | Val Loss: 16.4517 | Val Cost: 29317.89 | Val Max P-Miss: 0.0896 | Val Max Q-Miss: 0.0234 | Val Max Gen Viol: 0.0000 | Val Max Thermal: 0.0000
Epoch 8940 | Val Loss: 16.4418 | Val Cost: 29257.15 | Val Max P-Miss: 0.0793 | Val Max Q-Miss: 0.0214 | Val Max Gen Viol: 0.0000 | Val Max Thermal: 0.0000
Epoch 8950 | Val Loss: 16.4302 | Val Cost: 29177.77 | Val Max P-Miss: 0.0887 | Val Max Q-Miss: 0.0230 | Val Max Gen Viol: 0.0000 | Val Max Thermal: 0.0000
Epoch 8960 | Val Loss: 16.4394 | Val Cost: 29185.19 | Val Max P-Miss: 0.0815 | Val Max Q-Miss: 0.0265 | Val Max Gen Viol: 0.0000 | Val Max Thermal: 0.0000
Epoch 8970 | Val Loss: 16.4365 | Val Cost: 29068.03 | Val Max P-Miss: 0.0952 | Val Max Q-Miss: 0.0183 | Val Max Gen Viol: 0.0000 | Val Max Thermal: 0.0000
Epoch 8980 | Val Loss: 16.4537 | Val Cost: 29315.73 | Val Max P-Miss: 0.0845 | Val Max Q-Miss: 0.0253 | Val Max Gen Viol: 0.0000 | Val Max Thermal: 0.0000
Epoch 8990 | Val Loss: 16.4687 | Val Cost: 28949.86 | Val Max P-Miss: 0.1205 | Val Max Q-Miss: 0.0223 | Val Max Gen Viol: 0.0000 | Val Max Thermal: 0.0000
Epoch 9000 | Val Loss: 16.4743 | Val Cost: 29435.07 | Val Max P-Miss: 0.0838 | Val Max Q-Miss: 0.0233 | Val Max Gen Viol: 0.0000 | Val Max Thermal: 0.0000
Epoch 9010 | Val Loss: 16.4271 | Val Cost: 29070.96 | Val Max P-Miss: 0.0944 | Val Max Q-Miss: 0.0285 | Val Max Gen Viol: 0.0000 | Val Max Thermal: 0.0000
Epoch 9020 | Val Loss: 16.4521 | Val Cost: 29228.03 | Val Max P-Miss: 0.0814 | Val Max Q-Miss: 0.0203 | Val Max Gen Viol: 0.0000 | Val Max Thermal: 0.0000
Epoch 9030 | Val Loss: 16.4578 | Val Cost: 29247.45 | Val Max P-Miss: 0.0780 | Val Max Q-Miss: 0.0241 | Val Max Gen Viol: 0.0000 | Val Max Thermal: 0.0000
Epoch 9040 | Val Loss: 16.4589 | Val Cost: 29375.83 | Val Max P-Miss: 0.0923 | Val Max Q-Miss: 0.0202 | Val Max Gen Viol: 0.0000 | Val Max Thermal: 0.0000
Epoch 9050 | Val Loss: 16.4619 | Val Cost: 29312.27 | Val Max P-Miss: 0.0732 | Val Max Q-Miss: 0.0259 | Val Max Gen Viol: 0.0000 | Val Max Thermal: 0.0000
Epoch 9060 | Val Loss: 16.4930 | Val Cost: 29250.47 | Val Max P-Miss: 0.0773 | Val Max Q-Miss: 0.0235 | Val Max Gen Viol: 0.0000 | Val Max Thermal: 0.0000
Epoch 9070 | Val Loss: 16.4433 | Val Cost: 29091.06 | Val Max P-Miss: 0.0957 | Val Max Q-Miss: 0.0223 | Val Max Gen Viol: 0.0000 | Val Max Thermal: 0.0000
Epoch 9080 | Val Loss: 16.4182 | Val Cost: 29013.93 | Val Max P-Miss: 0.0899 | Val Max Q-Miss: 0.0247 | Val Max Gen Viol: 0.0000 | Val Max Thermal: 0.0000
Epoch 9090 | Val Loss: 16.4217 | Val Cost: 29043.83 | Val Max P-Miss: 0.0897 | Val Max Q-Miss: 0.0213 | Val Max Gen Viol: 0.0000 | Val Max Thermal: 0.0000
Epoch 9100 | Val Loss: 16.4512 | Val Cost: 29231.26 | Val Max P-Miss: 0.0697 | Val Max Q-Miss: 0.0236 | Val Max Gen Viol: 0.0000 | Val Max Thermal: 0.0000
Epoch 9110 | Val Loss: 16.4254 | Val Cost: 29034.05 | Val Max P-Miss: 0.0964 | Val Max Q-Miss: 0.0211 | Val Max Gen Viol: 0.0000 | Val Max Thermal: 0.0000
Epoch 9120 | Val Loss: 16.4325 | Val Cost: 29177.30 | Val Max P-Miss: 0.0903 | Val Max Q-Miss: 0.0222 | Val Max Gen Viol: 0.0000 | Val Max Thermal: 0.0000
Epoch 9130 | Val Loss: 16.4511 | Val Cost: 29178.16 | Val Max P-Miss: 0.1095 | Val Max Q-Miss: 0.0228 | Val Max Gen Viol: 0.0000 | Val Max Thermal: 0.0000
Epoch 9140 | Val Loss: 16.4371 | Val Cost: 29156.75 | Val Max P-Miss: 0.0791 | Val Max Q-Miss: 0.0199 | Val Max Gen Viol: 0.0000 | Val Max Thermal: 0.0000
Epoch 9150 | Val Loss: 16.4332 | Val Cost: 29220.18 | Val Max P-Miss: 0.0906 | Val Max Q-Miss: 0.0191 | Val Max Gen Viol: 0.0000 | Val Max Thermal: 0.0000
Epoch 9160 | Val Loss: 16.4424 | Val Cost: 29203.42 | Val Max P-Miss: 0.0935 | Val Max Q-Miss: 0.0218 | Val Max Gen Viol: 0.0000 | Val Max Thermal: 0.0000
Epoch 9170 | Val Loss: 16.4511 | Val Cost: 29250.17 | Val Max P-Miss: 0.0949 | Val Max Q-Miss: 0.0256 | Val Max Gen Viol: 0.0000 | Val Max Thermal: 0.0000
Epoch 9180 | Val Loss: 16.4246 | Val Cost: 29184.73 | Val Max P-Miss: 0.0820 | Val Max Q-Miss: 0.0206 | Val Max Gen Viol: 0.0000 | Val Max Thermal: 0.0000
Epoch 9190 | Val Loss: 16.4299 | Val Cost: 29048.25 | Val Max P-Miss: 0.0831 | Val Max Q-Miss: 0.0218 | Val Max Gen Viol: 0.0000 | Val Max Thermal: 0.0000
Epoch 9200 | Val Loss: 16.4352 | Val Cost: 29057.33 | Val Max P-Miss: 0.0834 | Val Max Q-Miss: 0.0189 | Val Max Gen Viol: 0.0000 | Val Max Thermal: 0.0000
Epoch 9210 | Val Loss: 16.4444 | Val Cost: 29048.75 | Val Max P-Miss: 0.0887 | Val Max Q-Miss: 0.0282 | Val Max Gen Viol: 0.0000 | Val Max Thermal: 0.0000
Epoch 9220 | Val Loss: 16.4357 | Val Cost: 29214.86 | Val Max P-Miss: 0.0991 | Val Max Q-Miss: 0.0244 | Val Max Gen Viol: 0.0000 | Val Max Thermal: 0.0000
Epoch 9230 | Val Loss: 16.4369 | Val Cost: 29261.67 | Val Max P-Miss: 0.0945 | Val Max Q-Miss: 0.0210 | Val Max Gen Viol: 0.0000 | Val Max Thermal: 0.0000
Epoch 9240 | Val Loss: 16.4925 | Val Cost: 29194.61 | Val Max P-Miss: 0.1007 | Val Max Q-Miss: 0.0243 | Val Max Gen Viol: 0.0000 | Val Max Thermal: 0.0000
Epoch 9250 | Val Loss: 16.4296 | Val Cost: 29165.84 | Val Max P-Miss: 0.0771 | Val Max Q-Miss: 0.0222 | Val Max Gen Viol: 0.0000 | Val Max Thermal: 0.0000
Epoch 9260 | Val Loss: 16.4276 | Val Cost: 29108.15 | Val Max P-Miss: 0.0942 | Val Max Q-Miss: 0.0226 | Val Max Gen Viol: 0.0000 | Val Max Thermal: 0.0000
Epoch 9270 | Val Loss: 16.4173 | Val Cost: 29034.85 | Val Max P-Miss: 0.0788 | Val Max Q-Miss: 0.0193 | Val Max Gen Viol: 0.0000 | Val Max Thermal: 0.0000
Epoch 9280 | Val Loss: 16.5088 | Val Cost: 29207.12 | Val Max P-Miss: 0.1113 | Val Max Q-Miss: 0.0281 | Val Max Gen Viol: 0.0000 | Val Max Thermal: 0.0000
Epoch 9290 | Val Loss: 16.4535 | Val Cost: 29327.38 | Val Max P-Miss: 0.0901 | Val Max Q-Miss: 0.0215 | Val Max Gen Viol: 0.0000 | Val Max Thermal: 0.0000
Epoch 9300 | Val Loss: 16.4377 | Val Cost: 29155.01 | Val Max P-Miss: 0.0986 | Val Max Q-Miss: 0.0225 | Val Max Gen Viol: 0.0000 | Val Max Thermal: 0.0000
Epoch 9310 | Val Loss: 16.4606 | Val Cost: 29315.83 | Val Max P-Miss: 0.0965 | Val Max Q-Miss: 0.0247 | Val Max Gen Viol: 0.0000 | Val Max Thermal: 0.0000
Epoch 9320 | Val Loss: 16.4358 | Val Cost: 29183.07 | Val Max P-Miss: 0.0832 | Val Max Q-Miss: 0.0226 | Val Max Gen Viol: 0.0000 | Val Max Thermal: 0.0000
Epoch 9330 | Val Loss: 16.4736 | Val Cost: 29133.82 | Val Max P-Miss: 0.0804 | Val Max Q-Miss: 0.0261 | Val Max Gen Viol: 0.0000 | Val Max Thermal: 0.0000
Epoch 9340 | Val Loss: 16.4741 | Val Cost: 29176.79 | Val Max P-Miss: 0.1319 | Val Max Q-Miss: 0.0316 | Val Max Gen Viol: 0.0000 | Val Max Thermal: 0.0000
Epoch 9350 | Val Loss: 16.4501 | Val Cost: 29374.81 | Val Max P-Miss: 0.0960 | Val Max Q-Miss: 0.0207 | Val Max Gen Viol: 0.0000 | Val Max Thermal: 0.0000
Epoch 9360 | Val Loss: 16.5249 | Val Cost: 29323.19 | Val Max P-Miss: 0.1208 | Val Max Q-Miss: 0.0256 | Val Max Gen Viol: 0.0000 | Val Max Thermal: 0.0000
Epoch 9370 | Val Loss: 16.4365 | Val Cost: 29139.50 | Val Max P-Miss: 0.0798 | Val Max Q-Miss: 0.0243 | Val Max Gen Viol: 0.0000 | Val Max Thermal: 0.0000
Epoch 9380 | Val Loss: 16.4368 | Val Cost: 29194.94 | Val Max P-Miss: 0.0737 | Val Max Q-Miss: 0.0229 | Val Max Gen Viol: 0.0000 | Val Max Thermal: 0.0000
Epoch 9390 | Val Loss: 16.4439 | Val Cost: 29272.26 | Val Max P-Miss: 0.0960 | Val Max Q-Miss: 0.0261 | Val Max Gen Viol: 0.0000 | Val Max Thermal: 0.0000
Epoch 9400 | Val Loss: 16.4509 | Val Cost: 29130.68 | Val Max P-Miss: 0.1059 | Val Max Q-Miss: 0.0217 | Val Max Gen Viol: 0.0000 | Val Max Thermal: 0.0000
Epoch 9410 | Val Loss: 16.4488 | Val Cost: 29083.94 | Val Max P-Miss: 0.0791 | Val Max Q-Miss: 0.0250 | Val Max Gen Viol: 0.0000 | Val Max Thermal: 0.0000
Epoch 9420 | Val Loss: 16.4538 | Val Cost: 29297.83 | Val Max P-Miss: 0.0966 | Val Max Q-Miss: 0.0205 | Val Max Gen Viol: 0.0000 | Val Max Thermal: 0.0000
Epoch 9430 | Val Loss: 16.4525 | Val Cost: 29068.49 | Val Max P-Miss: 0.0800 | Val Max Q-Miss: 0.0261 | Val Max Gen Viol: 0.0000 | Val Max Thermal: 0.0000
Epoch 9440 | Val Loss: 16.4458 | Val Cost: 28940.42 | Val Max P-Miss: 0.1144 | Val Max Q-Miss: 0.0201 | Val Max Gen Viol: 0.0000 | Val Max Thermal: 0.0000
Epoch 9450 | Val Loss: 16.4371 | Val Cost: 29006.31 | Val Max P-Miss: 0.1074 | Val Max Q-Miss: 0.0234 | Val Max Gen Viol: 0.0000 | Val Max Thermal: 0.0000
Epoch 9460 | Val Loss: 16.4332 | Val Cost: 29169.68 | Val Max P-Miss: 0.0954 | Val Max Q-Miss: 0.0221 | Val Max Gen Viol: 0.0000 | Val Max Thermal: 0.0000
Epoch 9470 | Val Loss: 16.4330 | Val Cost: 29059.94 | Val Max P-Miss: 0.0915 | Val Max Q-Miss: 0.0219 | Val Max Gen Viol: 0.0000 | Val Max Thermal: 0.0000
Epoch 9480 | Val Loss: 16.4353 | Val Cost: 29253.19 | Val Max P-Miss: 0.0894 | Val Max Q-Miss: 0.0191 | Val Max Gen Viol: 0.0000 | Val Max Thermal: 0.0000
Epoch 9490 | Val Loss: 16.4260 | Val Cost: 29082.79 | Val Max P-Miss: 0.0821 | Val Max Q-Miss: 0.0210 | Val Max Gen Viol: 0.0000 | Val Max Thermal: 0.0000
Epoch 9500 | Val Loss: 16.4600 | Val Cost: 29259.25 | Val Max P-Miss: 0.0805 | Val Max Q-Miss: 0.0212 | Val Max Gen Viol: 0.0000 | Val Max Thermal: 0.0000
Epoch 9510 | Val Loss: 16.4240 | Val Cost: 29008.73 | Val Max P-Miss: 0.0837 | Val Max Q-Miss: 0.0238 | Val Max Gen Viol: 0.0000 | Val Max Thermal: 0.0000
Epoch 9520 | Val Loss: 16.4414 | Val Cost: 29191.81 | Val Max P-Miss: 0.1021 | Val Max Q-Miss: 0.0232 | Val Max Gen Viol: 0.0000 | Val Max Thermal: 0.0000
Epoch 9530 | Val Loss: 16.4358 | Val Cost: 29036.22 | Val Max P-Miss: 0.1105 | Val Max Q-Miss: 0.0214 | Val Max Gen Viol: 0.0000 | Val Max Thermal: 0.0000
Epoch 9540 | Val Loss: 16.4268 | Val Cost: 29130.07 | Val Max P-Miss: 0.0755 | Val Max Q-Miss: 0.0238 | Val Max Gen Viol: 0.0000 | Val Max Thermal: 0.0000
Epoch 9550 | Val Loss: 16.4261 | Val Cost: 29082.95 | Val Max P-Miss: 0.1006 | Val Max Q-Miss: 0.0250 | Val Max Gen Viol: 0.0000 | Val Max Thermal: 0.0000
Epoch 9560 | Val Loss: 16.4353 | Val Cost: 29224.85 | Val Max P-Miss: 0.0827 | Val Max Q-Miss: 0.0208 | Val Max Gen Viol: 0.0000 | Val Max Thermal: 0.0000
Epoch 9570 | Val Loss: 16.4262 | Val Cost: 29220.59 | Val Max P-Miss: 0.0786 | Val Max Q-Miss: 0.0213 | Val Max Gen Viol: 0.0000 | Val Max Thermal: 0.0000
Epoch 9580 | Val Loss: 16.4439 | Val Cost: 29161.94 | Val Max P-Miss: 0.1050 | Val Max Q-Miss: 0.0235 | Val Max Gen Viol: 0.0000 | Val Max Thermal: 0.0000
Epoch 9590 | Val Loss: 16.4251 | Val Cost: 29125.11 | Val Max P-Miss: 0.0899 | Val Max Q-Miss: 0.0220 | Val Max Gen Viol: 0.0000 | Val Max Thermal: 0.0000
Epoch 9600 | Val Loss: 16.4708 | Val Cost: 29319.28 | Val Max P-Miss: 0.0966 | Val Max Q-Miss: 0.0240 | Val Max Gen Viol: 0.0000 | Val Max Thermal: 0.0000
Epoch 9610 | Val Loss: 16.4315 | Val Cost: 29083.67 | Val Max P-Miss: 0.0912 | Val Max Q-Miss: 0.0274 | Val Max Gen Viol: 0.0000 | Val Max Thermal: 0.0000
Epoch 9620 | Val Loss: 16.4468 | Val Cost: 28972.10 | Val Max P-Miss: 0.1154 | Val Max Q-Miss: 0.0220 | Val Max Gen Viol: 0.0000 | Val Max Thermal: 0.0000
Epoch 9630 | Val Loss: 16.4343 | Val Cost: 29153.27 | Val Max P-Miss: 0.1000 | Val Max Q-Miss: 0.0225 | Val Max Gen Viol: 0.0000 | Val Max Thermal: 0.0000
Epoch 9640 | Val Loss: 16.4434 | Val Cost: 29101.63 | Val Max P-Miss: 0.0969 | Val Max Q-Miss: 0.0204 | Val Max Gen Viol: 0.0000 | Val Max Thermal: 0.0000
Epoch 9650 | Val Loss: 16.4389 | Val Cost: 29093.61 | Val Max P-Miss: 0.0828 | Val Max Q-Miss: 0.0324 | Val Max Gen Viol: 0.0000 | Val Max Thermal: 0.0000
Epoch 9660 | Val Loss: 16.4254 | Val Cost: 29173.68 | Val Max P-Miss: 0.0815 | Val Max Q-Miss: 0.0214 | Val Max Gen Viol: 0.0000 | Val Max Thermal: 0.0000
Epoch 9670 | Val Loss: 16.4477 | Val Cost: 29259.59 | Val Max P-Miss: 0.0893 | Val Max Q-Miss: 0.0259 | Val Max Gen Viol: 0.0000 | Val Max Thermal: 0.0000
Epoch 9680 | Val Loss: 16.4303 | Val Cost: 28982.11 | Val Max P-Miss: 0.0923 | Val Max Q-Miss: 0.0220 | Val Max Gen Viol: 0.0000 | Val Max Thermal: 0.0000
Epoch 9690 | Val Loss: 16.4427 | Val Cost: 29248.87 | Val Max P-Miss: 0.0971 | Val Max Q-Miss: 0.0226 | Val Max Gen Viol: 0.0000 | Val Max Thermal: 0.0000
Epoch 9700 | Val Loss: 16.4887 | Val Cost: 29242.56 | Val Max P-Miss: 0.1272 | Val Max Q-Miss: 0.0254 | Val Max Gen Viol: 0.0000 | Val Max Thermal: 0.0000
Epoch 9710 | Val Loss: 16.4320 | Val Cost: 29216.88 | Val Max P-Miss: 0.0683 | Val Max Q-Miss: 0.0227 | Val Max Gen Viol: 0.0000 | Val Max Thermal: 0.0000
Epoch 9720 | Val Loss: 16.4508 | Val Cost: 29242.67 | Val Max P-Miss: 0.0871 | Val Max Q-Miss: 0.0210 | Val Max Gen Viol: 0.0000 | Val Max Thermal: 0.0000
Epoch 9730 | Val Loss: 16.4411 | Val Cost: 29097.73 | Val Max P-Miss: 0.0820 | Val Max Q-Miss: 0.0204 | Val Max Gen Viol: 0.0000 | Val Max Thermal: 0.0000
Epoch 9740 | Val Loss: 16.4308 | Val Cost: 29100.66 | Val Max P-Miss: 0.0955 | Val Max Q-Miss: 0.0189 | Val Max Gen Viol: 0.0000 | Val Max Thermal: 0.0000
Epoch 9750 | Val Loss: 16.4299 | Val Cost: 29130.44 | Val Max P-Miss: 0.0949 | Val Max Q-Miss: 0.0206 | Val Max Gen Viol: 0.0000 | Val Max Thermal: 0.0000
Epoch 9760 | Val Loss: 16.4232 | Val Cost: 29057.59 | Val Max P-Miss: 0.0811 | Val Max Q-Miss: 0.0348 | Val Max Gen Viol: 0.0000 | Val Max Thermal: 0.0000
Epoch 9770 | Val Loss: 16.4336 | Val Cost: 29207.53 | Val Max P-Miss: 0.0766 | Val Max Q-Miss: 0.0211 | Val Max Gen Viol: 0.0000 | Val Max Thermal: 0.0000
Epoch 9780 | Val Loss: 16.4686 | Val Cost: 29495.17 | Val Max P-Miss: 0.0918 | Val Max Q-Miss: 0.0246 | Val Max Gen Viol: 0.0000 | Val Max Thermal: 0.0000
Epoch 9790 | Val Loss: 16.4428 | Val Cost: 29289.35 | Val Max P-Miss: 0.1001 | Val Max Q-Miss: 0.0227 | Val Max Gen Viol: 0.0000 | Val Max Thermal: 0.0000
Epoch 9800 | Val Loss: 16.4672 | Val Cost: 28888.66 | Val Max P-Miss: 0.1116 | Val Max Q-Miss: 0.0273 | Val Max Gen Viol: 0.0000 | Val Max Thermal: 0.0000
Epoch 9810 | Val Loss: 16.4587 | Val Cost: 29107.54 | Val Max P-Miss: 0.0994 | Val Max Q-Miss: 0.0260 | Val Max Gen Viol: 0.0000 | Val Max Thermal: 0.0000
Epoch 9820 | Val Loss: 16.4491 | Val Cost: 29194.10 | Val Max P-Miss: 0.1063 | Val Max Q-Miss: 0.0252 | Val Max Gen Viol: 0.0000 | Val Max Thermal: 0.0000
Epoch 9830 | Val Loss: 16.4320 | Val Cost: 29253.94 | Val Max P-Miss: 0.0734 | Val Max Q-Miss: 0.0227 | Val Max Gen Viol: 0.0000 | Val Max Thermal: 0.0000
Epoch 9840 | Val Loss: 16.4524 | Val Cost: 29327.43 | Val Max P-Miss: 0.0751 | Val Max Q-Miss: 0.0217 | Val Max Gen Viol: 0.0000 | Val Max Thermal: 0.0000
Epoch 9850 | Val Loss: 16.4336 | Val Cost: 29184.31 | Val Max P-Miss: 0.0921 | Val Max Q-Miss: 0.0314 | Val Max Gen Viol: 0.0000 | Val Max Thermal: 0.0000
Epoch 9860 | Val Loss: 16.4195 | Val Cost: 29090.87 | Val Max P-Miss: 0.0834 | Val Max Q-Miss: 0.0214 | Val Max Gen Viol: 0.0000 | Val Max Thermal: 0.0000
Epoch 9870 | Val Loss: 16.4317 | Val Cost: 29351.43 | Val Max P-Miss: 0.0790 | Val Max Q-Miss: 0.0187 | Val Max Gen Viol: 0.0000 | Val Max Thermal: 0.0000
Epoch 9880 | Val Loss: 16.4425 | Val Cost: 29215.99 | Val Max P-Miss: 0.0779 | Val Max Q-Miss: 0.0205 | Val Max Gen Viol: 0.0000 | Val Max Thermal: 0.0000
Epoch 9890 | Val Loss: 16.4422 | Val Cost: 29199.95 | Val Max P-Miss: 0.0750 | Val Max Q-Miss: 0.0218 | Val Max Gen Viol: 0.0000 | Val Max Thermal: 0.0000
Epoch 9900 | Val Loss: 16.4274 | Val Cost: 29236.41 | Val Max P-Miss: 0.0807 | Val Max Q-Miss: 0.0237 | Val Max Gen Viol: 0.0000 | Val Max Thermal: 0.0000
Epoch 9910 | Val Loss: 16.4440 | Val Cost: 29136.19 | Val Max P-Miss: 0.0747 | Val Max Q-Miss: 0.0232 | Val Max Gen Viol: 0.0000 | Val Max Thermal: 0.0000
Epoch 9920 | Val Loss: 16.4339 | Val Cost: 29233.24 | Val Max P-Miss: 0.0902 | Val Max Q-Miss: 0.0200 | Val Max Gen Viol: 0.0000 | Val Max Thermal: 0.0000
Epoch 9930 | Val Loss: 16.4493 | Val Cost: 29157.17 | Val Max P-Miss: 0.0976 | Val Max Q-Miss: 0.0228 | Val Max Gen Viol: 0.0000 | Val Max Thermal: 0.0000
Epoch 9940 | Val Loss: 16.4287 | Val Cost: 29175.53 | Val Max P-Miss: 0.0863 | Val Max Q-Miss: 0.0207 | Val Max Gen Viol: 0.0000 | Val Max Thermal: 0.0000
Epoch 9950 | Val Loss: 16.4343 | Val Cost: 29198.35 | Val Max P-Miss: 0.0914 | Val Max Q-Miss: 0.0252 | Val Max Gen Viol: 0.0000 | Val Max Thermal: 0.0000
Epoch 9960 | Val Loss: 16.4451 | Val Cost: 29204.68 | Val Max P-Miss: 0.0833 | Val Max Q-Miss: 0.0228 | Val Max Gen Viol: 0.0000 | Val Max Thermal: 0.0000
Epoch 9970 | Val Loss: 16.4385 | Val Cost: 29203.92 | Val Max P-Miss: 0.0757 | Val Max Q-Miss: 0.0224 | Val Max Gen Viol: 0.0000 | Val Max Thermal: 0.0000
Epoch 9980 | Val Loss: 16.4394 | Val Cost: 29276.32 | Val Max P-Miss: 0.0734 | Val Max Q-Miss: 0.0204 | Val Max Gen Viol: 0.0000 | Val Max Thermal: 0.0000
Epoch 9990 | Val Loss: 16.4317 | Val Cost: 29100.34 | Val Max P-Miss: 0.0732 | Val Max Q-Miss: 0.0241 | Val Max Gen Viol: 0.0000 | Val Max Thermal: 0.0000

==================================================
Training Complete!
Total Training Time: 04h 38m 25.85s
Best model weights saved to: ./model/best_dc3_model_pglib_opf_case57_ieee_10000epochs_20260721_151611.pth
==================================================

