Job: acopf_ISS
Executing: ACOPF_pinn_baseline.py
Node: issnode1
GPU Allocated: 0
CUDA Hardware Acceleration Active: NVIDIA GeForce RTX 4090
Problem Geometry Linked -> Matrix Samples: 10000

Beginning execution of parallelized training matrix loops...
Epoch    0 | Val Loss: nan | Val Cost:     nan | Val Max P-Miss: nan | Max Q-Miss: nan | Val Max Gen Viol: nan | Val Max Thermal: nan
Epoch   10 | Val Loss: nan | Val Cost:     nan | Val Max P-Miss: nan | Max Q-Miss: nan | Val Max Gen Viol: nan | Val Max Thermal: nan
Epoch   20 | Val Loss: nan | Val Cost:     nan | Val Max P-Miss: nan | Max Q-Miss: nan | Val Max Gen Viol: nan | Val Max Thermal: nan
Epoch   30 | Val Loss: nan | Val Cost:     nan | Val Max P-Miss: nan | Max Q-Miss: nan | Val Max Gen Viol: nan | Val Max Thermal: nan
Epoch   40 | Val Loss: nan | Val Cost:     nan | Val Max P-Miss: nan | Max Q-Miss: nan | Val Max Gen Viol: nan | Val Max Thermal: nan
Epoch   50 | Val Loss: nan | Val Cost:     nan | Val Max P-Miss: nan | Max Q-Miss: nan | Val Max Gen Viol: nan | Val Max Thermal: nan
Epoch   60 | Val Loss: nan | Val Cost:     nan | Val Max P-Miss: nan | Max Q-Miss: nan | Val Max Gen Viol: nan | Val Max Thermal: nan
Epoch   70 | Val Loss: nan | Val Cost:     nan | Val Max P-Miss: nan | Max Q-Miss: nan | Val Max Gen Viol: nan | Val Max Thermal: nan
Epoch   80 | Val Loss: nan | Val Cost:     nan | Val Max P-Miss: nan | Max Q-Miss: nan | Val Max Gen Viol: nan | Val Max Thermal: nan
Epoch   90 | Val Loss: nan | Val Cost:     nan | Val Max P-Miss: nan | Max Q-Miss: nan | Val Max Gen Viol: nan | Val Max Thermal: nan
Epoch  100 | Val Loss: nan | Val Cost:     nan | Val Max P-Miss: nan | Max Q-Miss: nan | Val Max Gen Viol: nan | Val Max Thermal: nan
Epoch  110 | Val Loss: nan | Val Cost:     nan | Val Max P-Miss: nan | Max Q-Miss: nan | Val Max Gen Viol: nan | Val Max Thermal: nan
Epoch  120 | Val Loss: nan | Val Cost:     nan | Val Max P-Miss: nan | Max Q-Miss: nan | Val Max Gen Viol: nan | Val Max Thermal: nan
Epoch  130 | Val Loss: nan | Val Cost:     nan | Val Max P-Miss: nan | Max Q-Miss: nan | Val Max Gen Viol: nan | Val Max Thermal: nan
Epoch  140 | Val Loss: nan | Val Cost:     nan | Val Max P-Miss: nan | Max Q-Miss: nan | Val Max Gen Viol: nan | Val Max Thermal: nan
Epoch  150 | Val Loss: nan | Val Cost:     nan | Val Max P-Miss: nan | Max Q-Miss: nan | Val Max Gen Viol: nan | Val Max Thermal: nan
Epoch  160 | Val Loss: nan | Val Cost:     nan | Val Max P-Miss: nan | Max Q-Miss: nan | Val Max Gen Viol: nan | Val Max Thermal: nan
Epoch  170 | Val Loss: nan | Val Cost:     nan | Val Max P-Miss: nan | Max Q-Miss: nan | Val Max Gen Viol: nan | Val Max Thermal: nan
Epoch  180 | Val Loss: nan | Val Cost:     nan | Val Max P-Miss: nan | Max Q-Miss: nan | Val Max Gen Viol: nan | Val Max Thermal: nan
Epoch  190 | Val Loss: nan | Val Cost:     nan | Val Max P-Miss: nan | Max Q-Miss: nan | Val Max Gen Viol: nan | Val Max Thermal: nan
Epoch  200 | Val Loss: nan | Val Cost:     nan | Val Max P-Miss: nan | Max Q-Miss: nan | Val Max Gen Viol: nan | Val Max Thermal: nan
Epoch  210 | Val Loss: nan | Val Cost:     nan | Val Max P-Miss: nan | Max Q-Miss: nan | Val Max Gen Viol: nan | Val Max Thermal: nan
Epoch  220 | Val Loss: nan | Val Cost:     nan | Val Max P-Miss: nan | Max Q-Miss: nan | Val Max Gen Viol: nan | Val Max Thermal: nan
Epoch  230 | Val Loss: nan | Val Cost:     nan | Val Max P-Miss: nan | Max Q-Miss: nan | Val Max Gen Viol: nan | Val Max Thermal: nan
Epoch  240 | Val Loss: nan | Val Cost:     nan | Val Max P-Miss: nan | Max Q-Miss: nan | Val Max Gen Viol: nan | Val Max Thermal: nan
Epoch  250 | Val Loss: nan | Val Cost:     nan | Val Max P-Miss: nan | Max Q-Miss: nan | Val Max Gen Viol: nan | Val Max Thermal: nan
Epoch  260 | Val Loss: nan | Val Cost:     nan | Val Max P-Miss: nan | Max Q-Miss: nan | Val Max Gen Viol: nan | Val Max Thermal: nan
Epoch  270 | Val Loss: nan | Val Cost:     nan | Val Max P-Miss: nan | Max Q-Miss: nan | Val Max Gen Viol: nan | Val Max Thermal: nan
Epoch  280 | Val Loss: nan | Val Cost:     nan | Val Max P-Miss: nan | Max Q-Miss: nan | Val Max Gen Viol: nan | Val Max Thermal: nan
Epoch  290 | Val Loss: nan | Val Cost:     nan | Val Max P-Miss: nan | Max Q-Miss: nan | Val Max Gen Viol: nan | Val Max Thermal: nan
Epoch  300 | Val Loss: nan | Val Cost:     nan | Val Max P-Miss: nan | Max Q-Miss: nan | Val Max Gen Viol: nan | Val Max Thermal: nan
Epoch  310 | Val Loss: nan | Val Cost:     nan | Val Max P-Miss: nan | Max Q-Miss: nan | Val Max Gen Viol: nan | Val Max Thermal: nan
Epoch  320 | Val Loss: nan | Val Cost:     nan | Val Max P-Miss: nan | Max Q-Miss: nan | Val Max Gen Viol: nan | Val Max Thermal: nan
Epoch  330 | Val Loss: nan | Val Cost:     nan | Val Max P-Miss: nan | Max Q-Miss: nan | Val Max Gen Viol: nan | Val Max Thermal: nan
Epoch  340 | Val Loss: nan | Val Cost:     nan | Val Max P-Miss: nan | Max Q-Miss: nan | Val Max Gen Viol: nan | Val Max Thermal: nan
Epoch  350 | Val Loss: nan | Val Cost:     nan | Val Max P-Miss: nan | Max Q-Miss: nan | Val Max Gen Viol: nan | Val Max Thermal: nan
Epoch  360 | Val Loss: nan | Val Cost:     nan | Val Max P-Miss: nan | Max Q-Miss: nan | Val Max Gen Viol: nan | Val Max Thermal: nan
Epoch  370 | Val Loss: nan | Val Cost:     nan | Val Max P-Miss: nan | Max Q-Miss: nan | Val Max Gen Viol: nan | Val Max Thermal: nan
Epoch  380 | Val Loss: nan | Val Cost:     nan | Val Max P-Miss: nan | Max Q-Miss: nan | Val Max Gen Viol: nan | Val Max Thermal: nan
Epoch  390 | Val Loss: nan | Val Cost:     nan | Val Max P-Miss: nan | Max Q-Miss: nan | Val Max Gen Viol: nan | Val Max Thermal: nan
Epoch  400 | Val Loss: nan | Val Cost:     nan | Val Max P-Miss: nan | Max Q-Miss: nan | Val Max Gen Viol: nan | Val Max Thermal: nan
Epoch  410 | Val Loss: nan | Val Cost:     nan | Val Max P-Miss: nan | Max Q-Miss: nan | Val Max Gen Viol: nan | Val Max Thermal: nan
Epoch  420 | Val Loss: nan | Val Cost:     nan | Val Max P-Miss: nan | Max Q-Miss: nan | Val Max Gen Viol: nan | Val Max Thermal: nan
Epoch  430 | Val Loss: nan | Val Cost:     nan | Val Max P-Miss: nan | Max Q-Miss: nan | Val Max Gen Viol: nan | Val Max Thermal: nan
Epoch  440 | Val Loss: nan | Val Cost:     nan | Val Max P-Miss: nan | Max Q-Miss: nan | Val Max Gen Viol: nan | Val Max Thermal: nan
Epoch  450 | Val Loss: nan | Val Cost:     nan | Val Max P-Miss: nan | Max Q-Miss: nan | Val Max Gen Viol: nan | Val Max Thermal: nan
Epoch  460 | Val Loss: nan | Val Cost:     nan | Val Max P-Miss: nan | Max Q-Miss: nan | Val Max Gen Viol: nan | Val Max Thermal: nan
Epoch  470 | Val Loss: nan | Val Cost:     nan | Val Max P-Miss: nan | Max Q-Miss: nan | Val Max Gen Viol: nan | Val Max Thermal: nan
Epoch  480 | Val Loss: nan | Val Cost:     nan | Val Max P-Miss: nan | Max Q-Miss: nan | Val Max Gen Viol: nan | Val Max Thermal: nan
Epoch  490 | Val Loss: nan | Val Cost:     nan | Val Max P-Miss: nan | Max Q-Miss: nan | Val Max Gen Viol: nan | Val Max Thermal: nan
Epoch  500 | Val Loss: nan | Val Cost:     nan | Val Max P-Miss: nan | Max Q-Miss: nan | Val Max Gen Viol: nan | Val Max Thermal: nan
Epoch  510 | Val Loss: nan | Val Cost:     nan | Val Max P-Miss: nan | Max Q-Miss: nan | Val Max Gen Viol: nan | Val Max Thermal: nan
Epoch  520 | Val Loss: nan | Val Cost:     nan | Val Max P-Miss: nan | Max Q-Miss: nan | Val Max Gen Viol: nan | Val Max Thermal: nan
Epoch  530 | Val Loss: nan | Val Cost:     nan | Val Max P-Miss: nan | Max Q-Miss: nan | Val Max Gen Viol: nan | Val Max Thermal: nan
Epoch  540 | Val Loss: nan | Val Cost:     nan | Val Max P-Miss: nan | Max Q-Miss: nan | Val Max Gen Viol: nan | Val Max Thermal: nan
Epoch  550 | Val Loss: nan | Val Cost:     nan | Val Max P-Miss: nan | Max Q-Miss: nan | Val Max Gen Viol: nan | Val Max Thermal: nan
Epoch  560 | Val Loss: nan | Val Cost:     nan | Val Max P-Miss: nan | Max Q-Miss: nan | Val Max Gen Viol: nan | Val Max Thermal: nan
Epoch  570 | Val Loss: nan | Val Cost:     nan | Val Max P-Miss: nan | Max Q-Miss: nan | Val Max Gen Viol: nan | Val Max Thermal: nan
Epoch  580 | Val Loss: nan | Val Cost:     nan | Val Max P-Miss: nan | Max Q-Miss: nan | Val Max Gen Viol: nan | Val Max Thermal: nan
Epoch  590 | Val Loss: nan | Val Cost:     nan | Val Max P-Miss: nan | Max Q-Miss: nan | Val Max Gen Viol: nan | Val Max Thermal: nan
Epoch  600 | Val Loss: nan | Val Cost:     nan | Val Max P-Miss: nan | Max Q-Miss: nan | Val Max Gen Viol: nan | Val Max Thermal: nan
Epoch  610 | Val Loss: nan | Val Cost:     nan | Val Max P-Miss: nan | Max Q-Miss: nan | Val Max Gen Viol: nan | Val Max Thermal: nan
Epoch  620 | Val Loss: nan | Val Cost:     nan | Val Max P-Miss: nan | Max Q-Miss: nan | Val Max Gen Viol: nan | Val Max Thermal: nan
Epoch  630 | Val Loss: nan | Val Cost:     nan | Val Max P-Miss: nan | Max Q-Miss: nan | Val Max Gen Viol: nan | Val Max Thermal: nan
Epoch  640 | Val Loss: nan | Val Cost:     nan | Val Max P-Miss: nan | Max Q-Miss: nan | Val Max Gen Viol: nan | Val Max Thermal: nan
Epoch  650 | Val Loss: nan | Val Cost:     nan | Val Max P-Miss: nan | Max Q-Miss: nan | Val Max Gen Viol: nan | Val Max Thermal: nan
Epoch  660 | Val Loss: nan | Val Cost:     nan | Val Max P-Miss: nan | Max Q-Miss: nan | Val Max Gen Viol: nan | Val Max Thermal: nan
Epoch  670 | Val Loss: nan | Val Cost:     nan | Val Max P-Miss: nan | Max Q-Miss: nan | Val Max Gen Viol: nan | Val Max Thermal: nan
Epoch  680 | Val Loss: nan | Val Cost:     nan | Val Max P-Miss: nan | Max Q-Miss: nan | Val Max Gen Viol: nan | Val Max Thermal: nan
Epoch  690 | Val Loss: nan | Val Cost:     nan | Val Max P-Miss: nan | Max Q-Miss: nan | Val Max Gen Viol: nan | Val Max Thermal: nan
Epoch  700 | Val Loss: nan | Val Cost:     nan | Val Max P-Miss: nan | Max Q-Miss: nan | Val Max Gen Viol: nan | Val Max Thermal: nan
Epoch  710 | Val Loss: nan | Val Cost:     nan | Val Max P-Miss: nan | Max Q-Miss: nan | Val Max Gen Viol: nan | Val Max Thermal: nan
Epoch  720 | Val Loss: nan | Val Cost:     nan | Val Max P-Miss: nan | Max Q-Miss: nan | Val Max Gen Viol: nan | Val Max Thermal: nan
Epoch  730 | Val Loss: nan | Val Cost:     nan | Val Max P-Miss: nan | Max Q-Miss: nan | Val Max Gen Viol: nan | Val Max Thermal: nan
Epoch  740 | Val Loss: nan | Val Cost:     nan | Val Max P-Miss: nan | Max Q-Miss: nan | Val Max Gen Viol: nan | Val Max Thermal: nan
Epoch  750 | Val Loss: nan | Val Cost:     nan | Val Max P-Miss: nan | Max Q-Miss: nan | Val Max Gen Viol: nan | Val Max Thermal: nan
Epoch  760 | Val Loss: nan | Val Cost:     nan | Val Max P-Miss: nan | Max Q-Miss: nan | Val Max Gen Viol: nan | Val Max Thermal: nan
Epoch  770 | Val Loss: nan | Val Cost:     nan | Val Max P-Miss: nan | Max Q-Miss: nan | Val Max Gen Viol: nan | Val Max Thermal: nan
Epoch  780 | Val Loss: nan | Val Cost:     nan | Val Max P-Miss: nan | Max Q-Miss: nan | Val Max Gen Viol: nan | Val Max Thermal: nan
Epoch  790 | Val Loss: nan | Val Cost:     nan | Val Max P-Miss: nan | Max Q-Miss: nan | Val Max Gen Viol: nan | Val Max Thermal: nan
Epoch  800 | Val Loss: nan | Val Cost:     nan | Val Max P-Miss: nan | Max Q-Miss: nan | Val Max Gen Viol: nan | Val Max Thermal: nan
Epoch  810 | Val Loss: nan | Val Cost:     nan | Val Max P-Miss: nan | Max Q-Miss: nan | Val Max Gen Viol: nan | Val Max Thermal: nan
Epoch  820 | Val Loss: nan | Val Cost:     nan | Val Max P-Miss: nan | Max Q-Miss: nan | Val Max Gen Viol: nan | Val Max Thermal: nan
Epoch  830 | Val Loss: nan | Val Cost:     nan | Val Max P-Miss: nan | Max Q-Miss: nan | Val Max Gen Viol: nan | Val Max Thermal: nan
Epoch  840 | Val Loss: nan | Val Cost:     nan | Val Max P-Miss: nan | Max Q-Miss: nan | Val Max Gen Viol: nan | Val Max Thermal: nan
Epoch  850 | Val Loss: nan | Val Cost:     nan | Val Max P-Miss: nan | Max Q-Miss: nan | Val Max Gen Viol: nan | Val Max Thermal: nan
Epoch  860 | Val Loss: nan | Val Cost:     nan | Val Max P-Miss: nan | Max Q-Miss: nan | Val Max Gen Viol: nan | Val Max Thermal: nan
Epoch  870 | Val Loss: nan | Val Cost:     nan | Val Max P-Miss: nan | Max Q-Miss: nan | Val Max Gen Viol: nan | Val Max Thermal: nan
Epoch  880 | Val Loss: nan | Val Cost:     nan | Val Max P-Miss: nan | Max Q-Miss: nan | Val Max Gen Viol: nan | Val Max Thermal: nan
Epoch  890 | Val Loss: nan | Val Cost:     nan | Val Max P-Miss: nan | Max Q-Miss: nan | Val Max Gen Viol: nan | Val Max Thermal: nan
Epoch  900 | Val Loss: nan | Val Cost:     nan | Val Max P-Miss: nan | Max Q-Miss: nan | Val Max Gen Viol: nan | Val Max Thermal: nan
Epoch  910 | Val Loss: nan | Val Cost:     nan | Val Max P-Miss: nan | Max Q-Miss: nan | Val Max Gen Viol: nan | Val Max Thermal: nan
Epoch  920 | Val Loss: nan | Val Cost:     nan | Val Max P-Miss: nan | Max Q-Miss: nan | Val Max Gen Viol: nan | Val Max Thermal: nan
Epoch  930 | Val Loss: nan | Val Cost:     nan | Val Max P-Miss: nan | Max Q-Miss: nan | Val Max Gen Viol: nan | Val Max Thermal: nan
Epoch  940 | Val Loss: nan | Val Cost:     nan | Val Max P-Miss: nan | Max Q-Miss: nan | Val Max Gen Viol: nan | Val Max Thermal: nan
Epoch  950 | Val Loss: nan | Val Cost:     nan | Val Max P-Miss: nan | Max Q-Miss: nan | Val Max Gen Viol: nan | Val Max Thermal: nan
Epoch  960 | Val Loss: nan | Val Cost:     nan | Val Max P-Miss: nan | Max Q-Miss: nan | Val Max Gen Viol: nan | Val Max Thermal: nan
Epoch  970 | Val Loss: nan | Val Cost:     nan | Val Max P-Miss: nan | Max Q-Miss: nan | Val Max Gen Viol: nan | Val Max Thermal: nan
Epoch  980 | Val Loss: nan | Val Cost:     nan | Val Max P-Miss: nan | Max Q-Miss: nan | Val Max Gen Viol: nan | Val Max Thermal: nan
Epoch  990 | Val Loss: nan | Val Cost:     nan | Val Max P-Miss: nan | Max Q-Miss: nan | Val Max Gen Viol: nan | Val Max Thermal: nan
Epoch 1000 | Val Loss: nan | Val Cost:     nan | Val Max P-Miss: nan | Max Q-Miss: nan | Val Max Gen Viol: nan | Val Max Thermal: nan
Epoch 1010 | Val Loss: nan | Val Cost:     nan | Val Max P-Miss: nan | Max Q-Miss: nan | Val Max Gen Viol: nan | Val Max Thermal: nan
Epoch 1020 | Val Loss: nan | Val Cost:     nan | Val Max P-Miss: nan | Max Q-Miss: nan | Val Max Gen Viol: nan | Val Max Thermal: nan
Epoch 1030 | Val Loss: nan | Val Cost:     nan | Val Max P-Miss: nan | Max Q-Miss: nan | Val Max Gen Viol: nan | Val Max Thermal: nan
Epoch 1040 | Val Loss: nan | Val Cost:     nan | Val Max P-Miss: nan | Max Q-Miss: nan | Val Max Gen Viol: nan | Val Max Thermal: nan
Epoch 1050 | Val Loss: nan | Val Cost:     nan | Val Max P-Miss: nan | Max Q-Miss: nan | Val Max Gen Viol: nan | Val Max Thermal: nan
Epoch 1060 | Val Loss: nan | Val Cost:     nan | Val Max P-Miss: nan | Max Q-Miss: nan | Val Max Gen Viol: nan | Val Max Thermal: nan
Epoch 1070 | Val Loss: nan | Val Cost:     nan | Val Max P-Miss: nan | Max Q-Miss: nan | Val Max Gen Viol: nan | Val Max Thermal: nan
Epoch 1080 | Val Loss: nan | Val Cost:     nan | Val Max P-Miss: nan | Max Q-Miss: nan | Val Max Gen Viol: nan | Val Max Thermal: nan
Epoch 1090 | Val Loss: nan | Val Cost:     nan | Val Max P-Miss: nan | Max Q-Miss: nan | Val Max Gen Viol: nan | Val Max Thermal: nan
Epoch 1100 | Val Loss: nan | Val Cost:     nan | Val Max P-Miss: nan | Max Q-Miss: nan | Val Max Gen Viol: nan | Val Max Thermal: nan
Epoch 1110 | Val Loss: nan | Val Cost:     nan | Val Max P-Miss: nan | Max Q-Miss: nan | Val Max Gen Viol: nan | Val Max Thermal: nan
Epoch 1120 | Val Loss: nan | Val Cost:     nan | Val Max P-Miss: nan | Max Q-Miss: nan | Val Max Gen Viol: nan | Val Max Thermal: nan
Epoch 1130 | Val Loss: nan | Val Cost:     nan | Val Max P-Miss: nan | Max Q-Miss: nan | Val Max Gen Viol: nan | Val Max Thermal: nan
Epoch 1140 | Val Loss: nan | Val Cost:     nan | Val Max P-Miss: nan | Max Q-Miss: nan | Val Max Gen Viol: nan | Val Max Thermal: nan
Epoch 1150 | Val Loss: nan | Val Cost:     nan | Val Max P-Miss: nan | Max Q-Miss: nan | Val Max Gen Viol: nan | Val Max Thermal: nan
Epoch 1160 | Val Loss: nan | Val Cost:     nan | Val Max P-Miss: nan | Max Q-Miss: nan | Val Max Gen Viol: nan | Val Max Thermal: nan
Epoch 1170 | Val Loss: nan | Val Cost:     nan | Val Max P-Miss: nan | Max Q-Miss: nan | Val Max Gen Viol: nan | Val Max Thermal: nan
Epoch 1180 | Val Loss: nan | Val Cost:     nan | Val Max P-Miss: nan | Max Q-Miss: nan | Val Max Gen Viol: nan | Val Max Thermal: nan
Epoch 1190 | Val Loss: nan | Val Cost:     nan | Val Max P-Miss: nan | Max Q-Miss: nan | Val Max Gen Viol: nan | Val Max Thermal: nan
Epoch 1200 | Val Loss: nan | Val Cost:     nan | Val Max P-Miss: nan | Max Q-Miss: nan | Val Max Gen Viol: nan | Val Max Thermal: nan
Epoch 1210 | Val Loss: nan | Val Cost:     nan | Val Max P-Miss: nan | Max Q-Miss: nan | Val Max Gen Viol: nan | Val Max Thermal: nan
Epoch 1220 | Val Loss: nan | Val Cost:     nan | Val Max P-Miss: nan | Max Q-Miss: nan | Val Max Gen Viol: nan | Val Max Thermal: nan
Epoch 1230 | Val Loss: nan | Val Cost:     nan | Val Max P-Miss: nan | Max Q-Miss: nan | Val Max Gen Viol: nan | Val Max Thermal: nan
Epoch 1240 | Val Loss: nan | Val Cost:     nan | Val Max P-Miss: nan | Max Q-Miss: nan | Val Max Gen Viol: nan | Val Max Thermal: nan
Epoch 1250 | Val Loss: nan | Val Cost:     nan | Val Max P-Miss: nan | Max Q-Miss: nan | Val Max Gen Viol: nan | Val Max Thermal: nan
Epoch 1260 | Val Loss: nan | Val Cost:     nan | Val Max P-Miss: nan | Max Q-Miss: nan | Val Max Gen Viol: nan | Val Max Thermal: nan
Epoch 1270 | Val Loss: nan | Val Cost:     nan | Val Max P-Miss: nan | Max Q-Miss: nan | Val Max Gen Viol: nan | Val Max Thermal: nan
Epoch 1280 | Val Loss: nan | Val Cost:     nan | Val Max P-Miss: nan | Max Q-Miss: nan | Val Max Gen Viol: nan | Val Max Thermal: nan
Epoch 1290 | Val Loss: nan | Val Cost:     nan | Val Max P-Miss: nan | Max Q-Miss: nan | Val Max Gen Viol: nan | Val Max Thermal: nan
Epoch 1300 | Val Loss: nan | Val Cost:     nan | Val Max P-Miss: nan | Max Q-Miss: nan | Val Max Gen Viol: nan | Val Max Thermal: nan
Epoch 1310 | Val Loss: nan | Val Cost:     nan | Val Max P-Miss: nan | Max Q-Miss: nan | Val Max Gen Viol: nan | Val Max Thermal: nan
Epoch 1320 | Val Loss: nan | Val Cost:     nan | Val Max P-Miss: nan | Max Q-Miss: nan | Val Max Gen Viol: nan | Val Max Thermal: nan
Epoch 1330 | Val Loss: nan | Val Cost:     nan | Val Max P-Miss: nan | Max Q-Miss: nan | Val Max Gen Viol: nan | Val Max Thermal: nan
Epoch 1340 | Val Loss: nan | Val Cost:     nan | Val Max P-Miss: nan | Max Q-Miss: nan | Val Max Gen Viol: nan | Val Max Thermal: nan
Epoch 1350 | Val Loss: nan | Val Cost:     nan | Val Max P-Miss: nan | Max Q-Miss: nan | Val Max Gen Viol: nan | Val Max Thermal: nan
Epoch 1360 | Val Loss: nan | Val Cost:     nan | Val Max P-Miss: nan | Max Q-Miss: nan | Val Max Gen Viol: nan | Val Max Thermal: nan
Epoch 1370 | Val Loss: nan | Val Cost:     nan | Val Max P-Miss: nan | Max Q-Miss: nan | Val Max Gen Viol: nan | Val Max Thermal: nan
Epoch 1380 | Val Loss: nan | Val Cost:     nan | Val Max P-Miss: nan | Max Q-Miss: nan | Val Max Gen Viol: nan | Val Max Thermal: nan
Epoch 1390 | Val Loss: nan | Val Cost:     nan | Val Max P-Miss: nan | Max Q-Miss: nan | Val Max Gen Viol: nan | Val Max Thermal: nan
Epoch 1400 | Val Loss: nan | Val Cost:     nan | Val Max P-Miss: nan | Max Q-Miss: nan | Val Max Gen Viol: nan | Val Max Thermal: nan
Epoch 1410 | Val Loss: nan | Val Cost:     nan | Val Max P-Miss: nan | Max Q-Miss: nan | Val Max Gen Viol: nan | Val Max Thermal: nan
Epoch 1420 | Val Loss: nan | Val Cost:     nan | Val Max P-Miss: nan | Max Q-Miss: nan | Val Max Gen Viol: nan | Val Max Thermal: nan
Epoch 1430 | Val Loss: nan | Val Cost:     nan | Val Max P-Miss: nan | Max Q-Miss: nan | Val Max Gen Viol: nan | Val Max Thermal: nan
Epoch 1440 | Val Loss: nan | Val Cost:     nan | Val Max P-Miss: nan | Max Q-Miss: nan | Val Max Gen Viol: nan | Val Max Thermal: nan
Epoch 1450 | Val Loss: nan | Val Cost:     nan | Val Max P-Miss: nan | Max Q-Miss: nan | Val Max Gen Viol: nan | Val Max Thermal: nan
Epoch 1460 | Val Loss: nan | Val Cost:     nan | Val Max P-Miss: nan | Max Q-Miss: nan | Val Max Gen Viol: nan | Val Max Thermal: nan
Epoch 1470 | Val Loss: nan | Val Cost:     nan | Val Max P-Miss: nan | Max Q-Miss: nan | Val Max Gen Viol: nan | Val Max Thermal: nan
Epoch 1480 | Val Loss: nan | Val Cost:     nan | Val Max P-Miss: nan | Max Q-Miss: nan | Val Max Gen Viol: nan | Val Max Thermal: nan
Epoch 1490 | Val Loss: nan | Val Cost:     nan | Val Max P-Miss: nan | Max Q-Miss: nan | Val Max Gen Viol: nan | Val Max Thermal: nan
Epoch 1500 | Val Loss: nan | Val Cost:     nan | Val Max P-Miss: nan | Max Q-Miss: nan | Val Max Gen Viol: nan | Val Max Thermal: nan
Epoch 1510 | Val Loss: nan | Val Cost:     nan | Val Max P-Miss: nan | Max Q-Miss: nan | Val Max Gen Viol: nan | Val Max Thermal: nan
Epoch 1520 | Val Loss: nan | Val Cost:     nan | Val Max P-Miss: nan | Max Q-Miss: nan | Val Max Gen Viol: nan | Val Max Thermal: nan
Epoch 1530 | Val Loss: nan | Val Cost:     nan | Val Max P-Miss: nan | Max Q-Miss: nan | Val Max Gen Viol: nan | Val Max Thermal: nan
Epoch 1540 | Val Loss: nan | Val Cost:     nan | Val Max P-Miss: nan | Max Q-Miss: nan | Val Max Gen Viol: nan | Val Max Thermal: nan
Epoch 1550 | Val Loss: nan | Val Cost:     nan | Val Max P-Miss: nan | Max Q-Miss: nan | Val Max Gen Viol: nan | Val Max Thermal: nan
Epoch 1560 | Val Loss: nan | Val Cost:     nan | Val Max P-Miss: nan | Max Q-Miss: nan | Val Max Gen Viol: nan | Val Max Thermal: nan
Epoch 1570 | Val Loss: nan | Val Cost:     nan | Val Max P-Miss: nan | Max Q-Miss: nan | Val Max Gen Viol: nan | Val Max Thermal: nan
Epoch 1580 | Val Loss: nan | Val Cost:     nan | Val Max P-Miss: nan | Max Q-Miss: nan | Val Max Gen Viol: nan | Val Max Thermal: nan
Epoch 1590 | Val Loss: nan | Val Cost:     nan | Val Max P-Miss: nan | Max Q-Miss: nan | Val Max Gen Viol: nan | Val Max Thermal: nan
Epoch 1600 | Val Loss: nan | Val Cost:     nan | Val Max P-Miss: nan | Max Q-Miss: nan | Val Max Gen Viol: nan | Val Max Thermal: nan
Epoch 1610 | Val Loss: nan | Val Cost:     nan | Val Max P-Miss: nan | Max Q-Miss: nan | Val Max Gen Viol: nan | Val Max Thermal: nan
Epoch 1620 | Val Loss: nan | Val Cost:     nan | Val Max P-Miss: nan | Max Q-Miss: nan | Val Max Gen Viol: nan | Val Max Thermal: nan
Epoch 1630 | Val Loss: nan | Val Cost:     nan | Val Max P-Miss: nan | Max Q-Miss: nan | Val Max Gen Viol: nan | Val Max Thermal: nan
Epoch 1640 | Val Loss: nan | Val Cost:     nan | Val Max P-Miss: nan | Max Q-Miss: nan | Val Max Gen Viol: nan | Val Max Thermal: nan
Epoch 1650 | Val Loss: nan | Val Cost:     nan | Val Max P-Miss: nan | Max Q-Miss: nan | Val Max Gen Viol: nan | Val Max Thermal: nan
Epoch 1660 | Val Loss: nan | Val Cost:     nan | Val Max P-Miss: nan | Max Q-Miss: nan | Val Max Gen Viol: nan | Val Max Thermal: nan
Epoch 1670 | Val Loss: nan | Val Cost:     nan | Val Max P-Miss: nan | Max Q-Miss: nan | Val Max Gen Viol: nan | Val Max Thermal: nan
Epoch 1680 | Val Loss: nan | Val Cost:     nan | Val Max P-Miss: nan | Max Q-Miss: nan | Val Max Gen Viol: nan | Val Max Thermal: nan
Epoch 1690 | Val Loss: nan | Val Cost:     nan | Val Max P-Miss: nan | Max Q-Miss: nan | Val Max Gen Viol: nan | Val Max Thermal: nan
Epoch 1700 | Val Loss: nan | Val Cost:     nan | Val Max P-Miss: nan | Max Q-Miss: nan | Val Max Gen Viol: nan | Val Max Thermal: nan
Epoch 1710 | Val Loss: nan | Val Cost:     nan | Val Max P-Miss: nan | Max Q-Miss: nan | Val Max Gen Viol: nan | Val Max Thermal: nan
Epoch 1720 | Val Loss: nan | Val Cost:     nan | Val Max P-Miss: nan | Max Q-Miss: nan | Val Max Gen Viol: nan | Val Max Thermal: nan
Epoch 1730 | Val Loss: nan | Val Cost:     nan | Val Max P-Miss: nan | Max Q-Miss: nan | Val Max Gen Viol: nan | Val Max Thermal: nan
Epoch 1740 | Val Loss: nan | Val Cost:     nan | Val Max P-Miss: nan | Max Q-Miss: nan | Val Max Gen Viol: nan | Val Max Thermal: nan
Epoch 1750 | Val Loss: nan | Val Cost:     nan | Val Max P-Miss: nan | Max Q-Miss: nan | Val Max Gen Viol: nan | Val Max Thermal: nan
Epoch 1760 | Val Loss: nan | Val Cost:     nan | Val Max P-Miss: nan | Max Q-Miss: nan | Val Max Gen Viol: nan | Val Max Thermal: nan
Epoch 1770 | Val Loss: nan | Val Cost:     nan | Val Max P-Miss: nan | Max Q-Miss: nan | Val Max Gen Viol: nan | Val Max Thermal: nan
Epoch 1780 | Val Loss: nan | Val Cost:     nan | Val Max P-Miss: nan | Max Q-Miss: nan | Val Max Gen Viol: nan | Val Max Thermal: nan
Epoch 1790 | Val Loss: nan | Val Cost:     nan | Val Max P-Miss: nan | Max Q-Miss: nan | Val Max Gen Viol: nan | Val Max Thermal: nan
Epoch 1800 | Val Loss: nan | Val Cost:     nan | Val Max P-Miss: nan | Max Q-Miss: nan | Val Max Gen Viol: nan | Val Max Thermal: nan
Epoch 1810 | Val Loss: nan | Val Cost:     nan | Val Max P-Miss: nan | Max Q-Miss: nan | Val Max Gen Viol: nan | Val Max Thermal: nan
Epoch 1820 | Val Loss: nan | Val Cost:     nan | Val Max P-Miss: nan | Max Q-Miss: nan | Val Max Gen Viol: nan | Val Max Thermal: nan
Epoch 1830 | Val Loss: nan | Val Cost:     nan | Val Max P-Miss: nan | Max Q-Miss: nan | Val Max Gen Viol: nan | Val Max Thermal: nan
Epoch 1840 | Val Loss: nan | Val Cost:     nan | Val Max P-Miss: nan | Max Q-Miss: nan | Val Max Gen Viol: nan | Val Max Thermal: nan
Epoch 1850 | Val Loss: nan | Val Cost:     nan | Val Max P-Miss: nan | Max Q-Miss: nan | Val Max Gen Viol: nan | Val Max Thermal: nan
Epoch 1860 | Val Loss: nan | Val Cost:     nan | Val Max P-Miss: nan | Max Q-Miss: nan | Val Max Gen Viol: nan | Val Max Thermal: nan
Epoch 1870 | Val Loss: nan | Val Cost:     nan | Val Max P-Miss: nan | Max Q-Miss: nan | Val Max Gen Viol: nan | Val Max Thermal: nan
Epoch 1880 | Val Loss: nan | Val Cost:     nan | Val Max P-Miss: nan | Max Q-Miss: nan | Val Max Gen Viol: nan | Val Max Thermal: nan
Epoch 1890 | Val Loss: nan | Val Cost:     nan | Val Max P-Miss: nan | Max Q-Miss: nan | Val Max Gen Viol: nan | Val Max Thermal: nan
Epoch 1900 | Val Loss: nan | Val Cost:     nan | Val Max P-Miss: nan | Max Q-Miss: nan | Val Max Gen Viol: nan | Val Max Thermal: nan
Epoch 1910 | Val Loss: nan | Val Cost:     nan | Val Max P-Miss: nan | Max Q-Miss: nan | Val Max Gen Viol: nan | Val Max Thermal: nan
Epoch 1920 | Val Loss: nan | Val Cost:     nan | Val Max P-Miss: nan | Max Q-Miss: nan | Val Max Gen Viol: nan | Val Max Thermal: nan
Epoch 1930 | Val Loss: nan | Val Cost:     nan | Val Max P-Miss: nan | Max Q-Miss: nan | Val Max Gen Viol: nan | Val Max Thermal: nan
Epoch 1940 | Val Loss: nan | Val Cost:     nan | Val Max P-Miss: nan | Max Q-Miss: nan | Val Max Gen Viol: nan | Val Max Thermal: nan
Epoch 1950 | Val Loss: nan | Val Cost:     nan | Val Max P-Miss: nan | Max Q-Miss: nan | Val Max Gen Viol: nan | Val Max Thermal: nan
Epoch 1960 | Val Loss: nan | Val Cost:     nan | Val Max P-Miss: nan | Max Q-Miss: nan | Val Max Gen Viol: nan | Val Max Thermal: nan
Epoch 1970 | Val Loss: nan | Val Cost:     nan | Val Max P-Miss: nan | Max Q-Miss: nan | Val Max Gen Viol: nan | Val Max Thermal: nan
Epoch 1980 | Val Loss: nan | Val Cost:     nan | Val Max P-Miss: nan | Max Q-Miss: nan | Val Max Gen Viol: nan | Val Max Thermal: nan
Epoch 1990 | Val Loss: nan | Val Cost:     nan | Val Max P-Miss: nan | Max Q-Miss: nan | Val Max Gen Viol: nan | Val Max Thermal: nan
Epoch 2000 | Val Loss: nan | Val Cost:     nan | Val Max P-Miss: nan | Max Q-Miss: nan | Val Max Gen Viol: nan | Val Max Thermal: nan
Epoch 2010 | Val Loss: nan | Val Cost:     nan | Val Max P-Miss: nan | Max Q-Miss: nan | Val Max Gen Viol: nan | Val Max Thermal: nan
Epoch 2020 | Val Loss: nan | Val Cost:     nan | Val Max P-Miss: nan | Max Q-Miss: nan | Val Max Gen Viol: nan | Val Max Thermal: nan
Epoch 2030 | Val Loss: nan | Val Cost:     nan | Val Max P-Miss: nan | Max Q-Miss: nan | Val Max Gen Viol: nan | Val Max Thermal: nan
Epoch 2040 | Val Loss: nan | Val Cost:     nan | Val Max P-Miss: nan | Max Q-Miss: nan | Val Max Gen Viol: nan | Val Max Thermal: nan
Epoch 2050 | Val Loss: nan | Val Cost:     nan | Val Max P-Miss: nan | Max Q-Miss: nan | Val Max Gen Viol: nan | Val Max Thermal: nan
Epoch 2060 | Val Loss: nan | Val Cost:     nan | Val Max P-Miss: nan | Max Q-Miss: nan | Val Max Gen Viol: nan | Val Max Thermal: nan
Epoch 2070 | Val Loss: nan | Val Cost:     nan | Val Max P-Miss: nan | Max Q-Miss: nan | Val Max Gen Viol: nan | Val Max Thermal: nan
Epoch 2080 | Val Loss: nan | Val Cost:     nan | Val Max P-Miss: nan | Max Q-Miss: nan | Val Max Gen Viol: nan | Val Max Thermal: nan
Epoch 2090 | Val Loss: nan | Val Cost:     nan | Val Max P-Miss: nan | Max Q-Miss: nan | Val Max Gen Viol: nan | Val Max Thermal: nan
Epoch 2100 | Val Loss: nan | Val Cost:     nan | Val Max P-Miss: nan | Max Q-Miss: nan | Val Max Gen Viol: nan | Val Max Thermal: nan
Epoch 2110 | Val Loss: nan | Val Cost:     nan | Val Max P-Miss: nan | Max Q-Miss: nan | Val Max Gen Viol: nan | Val Max Thermal: nan
Epoch 2120 | Val Loss: nan | Val Cost:     nan | Val Max P-Miss: nan | Max Q-Miss: nan | Val Max Gen Viol: nan | Val Max Thermal: nan
Epoch 2130 | Val Loss: nan | Val Cost:     nan | Val Max P-Miss: nan | Max Q-Miss: nan | Val Max Gen Viol: nan | Val Max Thermal: nan
Epoch 2140 | Val Loss: nan | Val Cost:     nan | Val Max P-Miss: nan | Max Q-Miss: nan | Val Max Gen Viol: nan | Val Max Thermal: nan
Epoch 2150 | Val Loss: nan | Val Cost:     nan | Val Max P-Miss: nan | Max Q-Miss: nan | Val Max Gen Viol: nan | Val Max Thermal: nan
Epoch 2160 | Val Loss: nan | Val Cost:     nan | Val Max P-Miss: nan | Max Q-Miss: nan | Val Max Gen Viol: nan | Val Max Thermal: nan
Epoch 2170 | Val Loss: nan | Val Cost:     nan | Val Max P-Miss: nan | Max Q-Miss: nan | Val Max Gen Viol: nan | Val Max Thermal: nan
Epoch 2180 | Val Loss: nan | Val Cost:     nan | Val Max P-Miss: nan | Max Q-Miss: nan | Val Max Gen Viol: nan | Val Max Thermal: nan
Epoch 2190 | Val Loss: nan | Val Cost:     nan | Val Max P-Miss: nan | Max Q-Miss: nan | Val Max Gen Viol: nan | Val Max Thermal: nan
Epoch 2200 | Val Loss: nan | Val Cost:     nan | Val Max P-Miss: nan | Max Q-Miss: nan | Val Max Gen Viol: nan | Val Max Thermal: nan
Epoch 2210 | Val Loss: nan | Val Cost:     nan | Val Max P-Miss: nan | Max Q-Miss: nan | Val Max Gen Viol: nan | Val Max Thermal: nan
Epoch 2220 | Val Loss: nan | Val Cost:     nan | Val Max P-Miss: nan | Max Q-Miss: nan | Val Max Gen Viol: nan | Val Max Thermal: nan
Epoch 2230 | Val Loss: nan | Val Cost:     nan | Val Max P-Miss: nan | Max Q-Miss: nan | Val Max Gen Viol: nan | Val Max Thermal: nan
Epoch 2240 | Val Loss: nan | Val Cost:     nan | Val Max P-Miss: nan | Max Q-Miss: nan | Val Max Gen Viol: nan | Val Max Thermal: nan
Epoch 2250 | Val Loss: nan | Val Cost:     nan | Val Max P-Miss: nan | Max Q-Miss: nan | Val Max Gen Viol: nan | Val Max Thermal: nan
Epoch 2260 | Val Loss: nan | Val Cost:     nan | Val Max P-Miss: nan | Max Q-Miss: nan | Val Max Gen Viol: nan | Val Max Thermal: nan
Epoch 2270 | Val Loss: nan | Val Cost:     nan | Val Max P-Miss: nan | Max Q-Miss: nan | Val Max Gen Viol: nan | Val Max Thermal: nan
Epoch 2280 | Val Loss: nan | Val Cost:     nan | Val Max P-Miss: nan | Max Q-Miss: nan | Val Max Gen Viol: nan | Val Max Thermal: nan
Epoch 2290 | Val Loss: nan | Val Cost:     nan | Val Max P-Miss: nan | Max Q-Miss: nan | Val Max Gen Viol: nan | Val Max Thermal: nan
Epoch 2300 | Val Loss: nan | Val Cost:     nan | Val Max P-Miss: nan | Max Q-Miss: nan | Val Max Gen Viol: nan | Val Max Thermal: nan
Epoch 2310 | Val Loss: nan | Val Cost:     nan | Val Max P-Miss: nan | Max Q-Miss: nan | Val Max Gen Viol: nan | Val Max Thermal: nan
Epoch 2320 | Val Loss: nan | Val Cost:     nan | Val Max P-Miss: nan | Max Q-Miss: nan | Val Max Gen Viol: nan | Val Max Thermal: nan
Epoch 2330 | Val Loss: nan | Val Cost:     nan | Val Max P-Miss: nan | Max Q-Miss: nan | Val Max Gen Viol: nan | Val Max Thermal: nan
Epoch 2340 | Val Loss: nan | Val Cost:     nan | Val Max P-Miss: nan | Max Q-Miss: nan | Val Max Gen Viol: nan | Val Max Thermal: nan
Epoch 2350 | Val Loss: nan | Val Cost:     nan | Val Max P-Miss: nan | Max Q-Miss: nan | Val Max Gen Viol: nan | Val Max Thermal: nan
Epoch 2360 | Val Loss: nan | Val Cost:     nan | Val Max P-Miss: nan | Max Q-Miss: nan | Val Max Gen Viol: nan | Val Max Thermal: nan
Epoch 2370 | Val Loss: nan | Val Cost:     nan | Val Max P-Miss: nan | Max Q-Miss: nan | Val Max Gen Viol: nan | Val Max Thermal: nan
Epoch 2380 | Val Loss: nan | Val Cost:     nan | Val Max P-Miss: nan | Max Q-Miss: nan | Val Max Gen Viol: nan | Val Max Thermal: nan
Epoch 2390 | Val Loss: nan | Val Cost:     nan | Val Max P-Miss: nan | Max Q-Miss: nan | Val Max Gen Viol: nan | Val Max Thermal: nan
Epoch 2400 | Val Loss: nan | Val Cost:     nan | Val Max P-Miss: nan | Max Q-Miss: nan | Val Max Gen Viol: nan | Val Max Thermal: nan
Epoch 2410 | Val Loss: nan | Val Cost:     nan | Val Max P-Miss: nan | Max Q-Miss: nan | Val Max Gen Viol: nan | Val Max Thermal: nan
Epoch 2420 | Val Loss: nan | Val Cost:     nan | Val Max P-Miss: nan | Max Q-Miss: nan | Val Max Gen Viol: nan | Val Max Thermal: nan
Epoch 2430 | Val Loss: nan | Val Cost:     nan | Val Max P-Miss: nan | Max Q-Miss: nan | Val Max Gen Viol: nan | Val Max Thermal: nan
Epoch 2440 | Val Loss: nan | Val Cost:     nan | Val Max P-Miss: nan | Max Q-Miss: nan | Val Max Gen Viol: nan | Val Max Thermal: nan
Epoch 2450 | Val Loss: nan | Val Cost:     nan | Val Max P-Miss: nan | Max Q-Miss: nan | Val Max Gen Viol: nan | Val Max Thermal: nan
Epoch 2460 | Val Loss: nan | Val Cost:     nan | Val Max P-Miss: nan | Max Q-Miss: nan | Val Max Gen Viol: nan | Val Max Thermal: nan
Epoch 2470 | Val Loss: nan | Val Cost:     nan | Val Max P-Miss: nan | Max Q-Miss: nan | Val Max Gen Viol: nan | Val Max Thermal: nan
Epoch 2480 | Val Loss: nan | Val Cost:     nan | Val Max P-Miss: nan | Max Q-Miss: nan | Val Max Gen Viol: nan | Val Max Thermal: nan
Epoch 2490 | Val Loss: nan | Val Cost:     nan | Val Max P-Miss: nan | Max Q-Miss: nan | Val Max Gen Viol: nan | Val Max Thermal: nan
Epoch 2500 | Val Loss: nan | Val Cost:     nan | Val Max P-Miss: nan | Max Q-Miss: nan | Val Max Gen Viol: nan | Val Max Thermal: nan
Epoch 2510 | Val Loss: nan | Val Cost:     nan | Val Max P-Miss: nan | Max Q-Miss: nan | Val Max Gen Viol: nan | Val Max Thermal: nan
Epoch 2520 | Val Loss: nan | Val Cost:     nan | Val Max P-Miss: nan | Max Q-Miss: nan | Val Max Gen Viol: nan | Val Max Thermal: nan
Epoch 2530 | Val Loss: nan | Val Cost:     nan | Val Max P-Miss: nan | Max Q-Miss: nan | Val Max Gen Viol: nan | Val Max Thermal: nan
Epoch 2540 | Val Loss: nan | Val Cost:     nan | Val Max P-Miss: nan | Max Q-Miss: nan | Val Max Gen Viol: nan | Val Max Thermal: nan
Epoch 2550 | Val Loss: nan | Val Cost:     nan | Val Max P-Miss: nan | Max Q-Miss: nan | Val Max Gen Viol: nan | Val Max Thermal: nan
Epoch 2560 | Val Loss: nan | Val Cost:     nan | Val Max P-Miss: nan | Max Q-Miss: nan | Val Max Gen Viol: nan | Val Max Thermal: nan
Epoch 2570 | Val Loss: nan | Val Cost:     nan | Val Max P-Miss: nan | Max Q-Miss: nan | Val Max Gen Viol: nan | Val Max Thermal: nan
Epoch 2580 | Val Loss: nan | Val Cost:     nan | Val Max P-Miss: nan | Max Q-Miss: nan | Val Max Gen Viol: nan | Val Max Thermal: nan
Epoch 2590 | Val Loss: nan | Val Cost:     nan | Val Max P-Miss: nan | Max Q-Miss: nan | Val Max Gen Viol: nan | Val Max Thermal: nan
Epoch 2600 | Val Loss: nan | Val Cost:     nan | Val Max P-Miss: nan | Max Q-Miss: nan | Val Max Gen Viol: nan | Val Max Thermal: nan
Epoch 2610 | Val Loss: nan | Val Cost:     nan | Val Max P-Miss: nan | Max Q-Miss: nan | Val Max Gen Viol: nan | Val Max Thermal: nan
Epoch 2620 | Val Loss: nan | Val Cost:     nan | Val Max P-Miss: nan | Max Q-Miss: nan | Val Max Gen Viol: nan | Val Max Thermal: nan
Epoch 2630 | Val Loss: nan | Val Cost:     nan | Val Max P-Miss: nan | Max Q-Miss: nan | Val Max Gen Viol: nan | Val Max Thermal: nan
Epoch 2640 | Val Loss: nan | Val Cost:     nan | Val Max P-Miss: nan | Max Q-Miss: nan | Val Max Gen Viol: nan | Val Max Thermal: nan
Epoch 2650 | Val Loss: nan | Val Cost:     nan | Val Max P-Miss: nan | Max Q-Miss: nan | Val Max Gen Viol: nan | Val Max Thermal: nan
Epoch 2660 | Val Loss: nan | Val Cost:     nan | Val Max P-Miss: nan | Max Q-Miss: nan | Val Max Gen Viol: nan | Val Max Thermal: nan
Epoch 2670 | Val Loss: nan | Val Cost:     nan | Val Max P-Miss: nan | Max Q-Miss: nan | Val Max Gen Viol: nan | Val Max Thermal: nan
Epoch 2680 | Val Loss: nan | Val Cost:     nan | Val Max P-Miss: nan | Max Q-Miss: nan | Val Max Gen Viol: nan | Val Max Thermal: nan
Epoch 2690 | Val Loss: nan | Val Cost:     nan | Val Max P-Miss: nan | Max Q-Miss: nan | Val Max Gen Viol: nan | Val Max Thermal: nan
Epoch 2700 | Val Loss: nan | Val Cost:     nan | Val Max P-Miss: nan | Max Q-Miss: nan | Val Max Gen Viol: nan | Val Max Thermal: nan
Epoch 2710 | Val Loss: nan | Val Cost:     nan | Val Max P-Miss: nan | Max Q-Miss: nan | Val Max Gen Viol: nan | Val Max Thermal: nan
Epoch 2720 | Val Loss: nan | Val Cost:     nan | Val Max P-Miss: nan | Max Q-Miss: nan | Val Max Gen Viol: nan | Val Max Thermal: nan
Epoch 2730 | Val Loss: nan | Val Cost:     nan | Val Max P-Miss: nan | Max Q-Miss: nan | Val Max Gen Viol: nan | Val Max Thermal: nan
Epoch 2740 | Val Loss: nan | Val Cost:     nan | Val Max P-Miss: nan | Max Q-Miss: nan | Val Max Gen Viol: nan | Val Max Thermal: nan
Epoch 2750 | Val Loss: nan | Val Cost:     nan | Val Max P-Miss: nan | Max Q-Miss: nan | Val Max Gen Viol: nan | Val Max Thermal: nan
Epoch 2760 | Val Loss: nan | Val Cost:     nan | Val Max P-Miss: nan | Max Q-Miss: nan | Val Max Gen Viol: nan | Val Max Thermal: nan
Epoch 2770 | Val Loss: nan | Val Cost:     nan | Val Max P-Miss: nan | Max Q-Miss: nan | Val Max Gen Viol: nan | Val Max Thermal: nan
Epoch 2780 | Val Loss: nan | Val Cost:     nan | Val Max P-Miss: nan | Max Q-Miss: nan | Val Max Gen Viol: nan | Val Max Thermal: nan
Epoch 2790 | Val Loss: nan | Val Cost:     nan | Val Max P-Miss: nan | Max Q-Miss: nan | Val Max Gen Viol: nan | Val Max Thermal: nan
Epoch 2800 | Val Loss: nan | Val Cost:     nan | Val Max P-Miss: nan | Max Q-Miss: nan | Val Max Gen Viol: nan | Val Max Thermal: nan
Epoch 2810 | Val Loss: nan | Val Cost:     nan | Val Max P-Miss: nan | Max Q-Miss: nan | Val Max Gen Viol: nan | Val Max Thermal: nan
Epoch 2820 | Val Loss: nan | Val Cost:     nan | Val Max P-Miss: nan | Max Q-Miss: nan | Val Max Gen Viol: nan | Val Max Thermal: nan
Epoch 2830 | Val Loss: nan | Val Cost:     nan | Val Max P-Miss: nan | Max Q-Miss: nan | Val Max Gen Viol: nan | Val Max Thermal: nan
Epoch 2840 | Val Loss: nan | Val Cost:     nan | Val Max P-Miss: nan | Max Q-Miss: nan | Val Max Gen Viol: nan | Val Max Thermal: nan
Epoch 2850 | Val Loss: nan | Val Cost:     nan | Val Max P-Miss: nan | Max Q-Miss: nan | Val Max Gen Viol: nan | Val Max Thermal: nan
Epoch 2860 | Val Loss: nan | Val Cost:     nan | Val Max P-Miss: nan | Max Q-Miss: nan | Val Max Gen Viol: nan | Val Max Thermal: nan
Epoch 2870 | Val Loss: nan | Val Cost:     nan | Val Max P-Miss: nan | Max Q-Miss: nan | Val Max Gen Viol: nan | Val Max Thermal: nan
Epoch 2880 | Val Loss: nan | Val Cost:     nan | Val Max P-Miss: nan | Max Q-Miss: nan | Val Max Gen Viol: nan | Val Max Thermal: nan
Epoch 2890 | Val Loss: nan | Val Cost:     nan | Val Max P-Miss: nan | Max Q-Miss: nan | Val Max Gen Viol: nan | Val Max Thermal: nan
Epoch 2900 | Val Loss: nan | Val Cost:     nan | Val Max P-Miss: nan | Max Q-Miss: nan | Val Max Gen Viol: nan | Val Max Thermal: nan
Epoch 2910 | Val Loss: nan | Val Cost:     nan | Val Max P-Miss: nan | Max Q-Miss: nan | Val Max Gen Viol: nan | Val Max Thermal: nan
Epoch 2920 | Val Loss: nan | Val Cost:     nan | Val Max P-Miss: nan | Max Q-Miss: nan | Val Max Gen Viol: nan | Val Max Thermal: nan
Epoch 2930 | Val Loss: nan | Val Cost:     nan | Val Max P-Miss: nan | Max Q-Miss: nan | Val Max Gen Viol: nan | Val Max Thermal: nan
Epoch 2940 | Val Loss: nan | Val Cost:     nan | Val Max P-Miss: nan | Max Q-Miss: nan | Val Max Gen Viol: nan | Val Max Thermal: nan
Epoch 2950 | Val Loss: nan | Val Cost:     nan | Val Max P-Miss: nan | Max Q-Miss: nan | Val Max Gen Viol: nan | Val Max Thermal: nan
Epoch 2960 | Val Loss: nan | Val Cost:     nan | Val Max P-Miss: nan | Max Q-Miss: nan | Val Max Gen Viol: nan | Val Max Thermal: nan
Epoch 2970 | Val Loss: nan | Val Cost:     nan | Val Max P-Miss: nan | Max Q-Miss: nan | Val Max Gen Viol: nan | Val Max Thermal: nan
Epoch 2980 | Val Loss: nan | Val Cost:     nan | Val Max P-Miss: nan | Max Q-Miss: nan | Val Max Gen Viol: nan | Val Max Thermal: nan
Epoch 2990 | Val Loss: nan | Val Cost:     nan | Val Max P-Miss: nan | Max Q-Miss: nan | Val Max Gen Viol: nan | Val Max Thermal: nan
Epoch 3000 | Val Loss: nan | Val Cost:     nan | Val Max P-Miss: nan | Max Q-Miss: nan | Val Max Gen Viol: nan | Val Max Thermal: nan
Epoch 3010 | Val Loss: nan | Val Cost:     nan | Val Max P-Miss: nan | Max Q-Miss: nan | Val Max Gen Viol: nan | Val Max Thermal: nan
Epoch 3020 | Val Loss: nan | Val Cost:     nan | Val Max P-Miss: nan | Max Q-Miss: nan | Val Max Gen Viol: nan | Val Max Thermal: nan
Epoch 3030 | Val Loss: nan | Val Cost:     nan | Val Max P-Miss: nan | Max Q-Miss: nan | Val Max Gen Viol: nan | Val Max Thermal: nan
Epoch 3040 | Val Loss: nan | Val Cost:     nan | Val Max P-Miss: nan | Max Q-Miss: nan | Val Max Gen Viol: nan | Val Max Thermal: nan
Epoch 3050 | Val Loss: nan | Val Cost:     nan | Val Max P-Miss: nan | Max Q-Miss: nan | Val Max Gen Viol: nan | Val Max Thermal: nan
Epoch 3060 | Val Loss: nan | Val Cost:     nan | Val Max P-Miss: nan | Max Q-Miss: nan | Val Max Gen Viol: nan | Val Max Thermal: nan
Epoch 3070 | Val Loss: nan | Val Cost:     nan | Val Max P-Miss: nan | Max Q-Miss: nan | Val Max Gen Viol: nan | Val Max Thermal: nan
Epoch 3080 | Val Loss: nan | Val Cost:     nan | Val Max P-Miss: nan | Max Q-Miss: nan | Val Max Gen Viol: nan | Val Max Thermal: nan
Epoch 3090 | Val Loss: nan | Val Cost:     nan | Val Max P-Miss: nan | Max Q-Miss: nan | Val Max Gen Viol: nan | Val Max Thermal: nan
Epoch 3100 | Val Loss: nan | Val Cost:     nan | Val Max P-Miss: nan | Max Q-Miss: nan | Val Max Gen Viol: nan | Val Max Thermal: nan
Epoch 3110 | Val Loss: nan | Val Cost:     nan | Val Max P-Miss: nan | Max Q-Miss: nan | Val Max Gen Viol: nan | Val Max Thermal: nan
Epoch 3120 | Val Loss: nan | Val Cost:     nan | Val Max P-Miss: nan | Max Q-Miss: nan | Val Max Gen Viol: nan | Val Max Thermal: nan
Epoch 3130 | Val Loss: nan | Val Cost:     nan | Val Max P-Miss: nan | Max Q-Miss: nan | Val Max Gen Viol: nan | Val Max Thermal: nan
Epoch 3140 | Val Loss: nan | Val Cost:     nan | Val Max P-Miss: nan | Max Q-Miss: nan | Val Max Gen Viol: nan | Val Max Thermal: nan
Epoch 3150 | Val Loss: nan | Val Cost:     nan | Val Max P-Miss: nan | Max Q-Miss: nan | Val Max Gen Viol: nan | Val Max Thermal: nan
Epoch 3160 | Val Loss: nan | Val Cost:     nan | Val Max P-Miss: nan | Max Q-Miss: nan | Val Max Gen Viol: nan | Val Max Thermal: nan
Epoch 3170 | Val Loss: nan | Val Cost:     nan | Val Max P-Miss: nan | Max Q-Miss: nan | Val Max Gen Viol: nan | Val Max Thermal: nan
Epoch 3180 | Val Loss: nan | Val Cost:     nan | Val Max P-Miss: nan | Max Q-Miss: nan | Val Max Gen Viol: nan | Val Max Thermal: nan
Epoch 3190 | Val Loss: nan | Val Cost:     nan | Val Max P-Miss: nan | Max Q-Miss: nan | Val Max Gen Viol: nan | Val Max Thermal: nan
Epoch 3200 | Val Loss: nan | Val Cost:     nan | Val Max P-Miss: nan | Max Q-Miss: nan | Val Max Gen Viol: nan | Val Max Thermal: nan
Epoch 3210 | Val Loss: nan | Val Cost:     nan | Val Max P-Miss: nan | Max Q-Miss: nan | Val Max Gen Viol: nan | Val Max Thermal: nan
Epoch 3220 | Val Loss: nan | Val Cost:     nan | Val Max P-Miss: nan | Max Q-Miss: nan | Val Max Gen Viol: nan | Val Max Thermal: nan
Epoch 3230 | Val Loss: nan | Val Cost:     nan | Val Max P-Miss: nan | Max Q-Miss: nan | Val Max Gen Viol: nan | Val Max Thermal: nan
Epoch 3240 | Val Loss: nan | Val Cost:     nan | Val Max P-Miss: nan | Max Q-Miss: nan | Val Max Gen Viol: nan | Val Max Thermal: nan
Epoch 3250 | Val Loss: nan | Val Cost:     nan | Val Max P-Miss: nan | Max Q-Miss: nan | Val Max Gen Viol: nan | Val Max Thermal: nan
Epoch 3260 | Val Loss: nan | Val Cost:     nan | Val Max P-Miss: nan | Max Q-Miss: nan | Val Max Gen Viol: nan | Val Max Thermal: nan
Epoch 3270 | Val Loss: nan | Val Cost:     nan | Val Max P-Miss: nan | Max Q-Miss: nan | Val Max Gen Viol: nan | Val Max Thermal: nan
Epoch 3280 | Val Loss: nan | Val Cost:     nan | Val Max P-Miss: nan | Max Q-Miss: nan | Val Max Gen Viol: nan | Val Max Thermal: nan
Epoch 3290 | Val Loss: nan | Val Cost:     nan | Val Max P-Miss: nan | Max Q-Miss: nan | Val Max Gen Viol: nan | Val Max Thermal: nan
Epoch 3300 | Val Loss: nan | Val Cost:     nan | Val Max P-Miss: nan | Max Q-Miss: nan | Val Max Gen Viol: nan | Val Max Thermal: nan
Epoch 3310 | Val Loss: nan | Val Cost:     nan | Val Max P-Miss: nan | Max Q-Miss: nan | Val Max Gen Viol: nan | Val Max Thermal: nan
Epoch 3320 | Val Loss: nan | Val Cost:     nan | Val Max P-Miss: nan | Max Q-Miss: nan | Val Max Gen Viol: nan | Val Max Thermal: nan
Epoch 3330 | Val Loss: nan | Val Cost:     nan | Val Max P-Miss: nan | Max Q-Miss: nan | Val Max Gen Viol: nan | Val Max Thermal: nan
Epoch 3340 | Val Loss: nan | Val Cost:     nan | Val Max P-Miss: nan | Max Q-Miss: nan | Val Max Gen Viol: nan | Val Max Thermal: nan
Epoch 3350 | Val Loss: nan | Val Cost:     nan | Val Max P-Miss: nan | Max Q-Miss: nan | Val Max Gen Viol: nan | Val Max Thermal: nan
Epoch 3360 | Val Loss: nan | Val Cost:     nan | Val Max P-Miss: nan | Max Q-Miss: nan | Val Max Gen Viol: nan | Val Max Thermal: nan
Epoch 3370 | Val Loss: nan | Val Cost:     nan | Val Max P-Miss: nan | Max Q-Miss: nan | Val Max Gen Viol: nan | Val Max Thermal: nan
Epoch 3380 | Val Loss: nan | Val Cost:     nan | Val Max P-Miss: nan | Max Q-Miss: nan | Val Max Gen Viol: nan | Val Max Thermal: nan
Epoch 3390 | Val Loss: nan | Val Cost:     nan | Val Max P-Miss: nan | Max Q-Miss: nan | Val Max Gen Viol: nan | Val Max Thermal: nan
Epoch 3400 | Val Loss: nan | Val Cost:     nan | Val Max P-Miss: nan | Max Q-Miss: nan | Val Max Gen Viol: nan | Val Max Thermal: nan
Epoch 3410 | Val Loss: nan | Val Cost:     nan | Val Max P-Miss: nan | Max Q-Miss: nan | Val Max Gen Viol: nan | Val Max Thermal: nan
Epoch 3420 | Val Loss: nan | Val Cost:     nan | Val Max P-Miss: nan | Max Q-Miss: nan | Val Max Gen Viol: nan | Val Max Thermal: nan
Epoch 3430 | Val Loss: nan | Val Cost:     nan | Val Max P-Miss: nan | Max Q-Miss: nan | Val Max Gen Viol: nan | Val Max Thermal: nan
Epoch 3440 | Val Loss: nan | Val Cost:     nan | Val Max P-Miss: nan | Max Q-Miss: nan | Val Max Gen Viol: nan | Val Max Thermal: nan
Epoch 3450 | Val Loss: nan | Val Cost:     nan | Val Max P-Miss: nan | Max Q-Miss: nan | Val Max Gen Viol: nan | Val Max Thermal: nan
Epoch 3460 | Val Loss: nan | Val Cost:     nan | Val Max P-Miss: nan | Max Q-Miss: nan | Val Max Gen Viol: nan | Val Max Thermal: nan
Epoch 3470 | Val Loss: nan | Val Cost:     nan | Val Max P-Miss: nan | Max Q-Miss: nan | Val Max Gen Viol: nan | Val Max Thermal: nan
Epoch 3480 | Val Loss: nan | Val Cost:     nan | Val Max P-Miss: nan | Max Q-Miss: nan | Val Max Gen Viol: nan | Val Max Thermal: nan
Epoch 3490 | Val Loss: nan | Val Cost:     nan | Val Max P-Miss: nan | Max Q-Miss: nan | Val Max Gen Viol: nan | Val Max Thermal: nan
Epoch 3500 | Val Loss: nan | Val Cost:     nan | Val Max P-Miss: nan | Max Q-Miss: nan | Val Max Gen Viol: nan | Val Max Thermal: nan
Epoch 3510 | Val Loss: nan | Val Cost:     nan | Val Max P-Miss: nan | Max Q-Miss: nan | Val Max Gen Viol: nan | Val Max Thermal: nan
Epoch 3520 | Val Loss: nan | Val Cost:     nan | Val Max P-Miss: nan | Max Q-Miss: nan | Val Max Gen Viol: nan | Val Max Thermal: nan
Epoch 3530 | Val Loss: nan | Val Cost:     nan | Val Max P-Miss: nan | Max Q-Miss: nan | Val Max Gen Viol: nan | Val Max Thermal: nan
Epoch 3540 | Val Loss: nan | Val Cost:     nan | Val Max P-Miss: nan | Max Q-Miss: nan | Val Max Gen Viol: nan | Val Max Thermal: nan
Epoch 3550 | Val Loss: nan | Val Cost:     nan | Val Max P-Miss: nan | Max Q-Miss: nan | Val Max Gen Viol: nan | Val Max Thermal: nan
Epoch 3560 | Val Loss: nan | Val Cost:     nan | Val Max P-Miss: nan | Max Q-Miss: nan | Val Max Gen Viol: nan | Val Max Thermal: nan
Epoch 3570 | Val Loss: nan | Val Cost:     nan | Val Max P-Miss: nan | Max Q-Miss: nan | Val Max Gen Viol: nan | Val Max Thermal: nan
Epoch 3580 | Val Loss: nan | Val Cost:     nan | Val Max P-Miss: nan | Max Q-Miss: nan | Val Max Gen Viol: nan | Val Max Thermal: nan
Epoch 3590 | Val Loss: nan | Val Cost:     nan | Val Max P-Miss: nan | Max Q-Miss: nan | Val Max Gen Viol: nan | Val Max Thermal: nan
Epoch 3600 | Val Loss: nan | Val Cost:     nan | Val Max P-Miss: nan | Max Q-Miss: nan | Val Max Gen Viol: nan | Val Max Thermal: nan
Epoch 3610 | Val Loss: nan | Val Cost:     nan | Val Max P-Miss: nan | Max Q-Miss: nan | Val Max Gen Viol: nan | Val Max Thermal: nan
Epoch 3620 | Val Loss: nan | Val Cost:     nan | Val Max P-Miss: nan | Max Q-Miss: nan | Val Max Gen Viol: nan | Val Max Thermal: nan
Epoch 3630 | Val Loss: nan | Val Cost:     nan | Val Max P-Miss: nan | Max Q-Miss: nan | Val Max Gen Viol: nan | Val Max Thermal: nan
Epoch 3640 | Val Loss: nan | Val Cost:     nan | Val Max P-Miss: nan | Max Q-Miss: nan | Val Max Gen Viol: nan | Val Max Thermal: nan
Epoch 3650 | Val Loss: nan | Val Cost:     nan | Val Max P-Miss: nan | Max Q-Miss: nan | Val Max Gen Viol: nan | Val Max Thermal: nan
Epoch 3660 | Val Loss: nan | Val Cost:     nan | Val Max P-Miss: nan | Max Q-Miss: nan | Val Max Gen Viol: nan | Val Max Thermal: nan
Epoch 3670 | Val Loss: nan | Val Cost:     nan | Val Max P-Miss: nan | Max Q-Miss: nan | Val Max Gen Viol: nan | Val Max Thermal: nan
Epoch 3680 | Val Loss: nan | Val Cost:     nan | Val Max P-Miss: nan | Max Q-Miss: nan | Val Max Gen Viol: nan | Val Max Thermal: nan
Epoch 3690 | Val Loss: nan | Val Cost:     nan | Val Max P-Miss: nan | Max Q-Miss: nan | Val Max Gen Viol: nan | Val Max Thermal: nan
Epoch 3700 | Val Loss: nan | Val Cost:     nan | Val Max P-Miss: nan | Max Q-Miss: nan | Val Max Gen Viol: nan | Val Max Thermal: nan
Epoch 3710 | Val Loss: nan | Val Cost:     nan | Val Max P-Miss: nan | Max Q-Miss: nan | Val Max Gen Viol: nan | Val Max Thermal: nan
Epoch 3720 | Val Loss: nan | Val Cost:     nan | Val Max P-Miss: nan | Max Q-Miss: nan | Val Max Gen Viol: nan | Val Max Thermal: nan
Epoch 3730 | Val Loss: nan | Val Cost:     nan | Val Max P-Miss: nan | Max Q-Miss: nan | Val Max Gen Viol: nan | Val Max Thermal: nan
Epoch 3740 | Val Loss: nan | Val Cost:     nan | Val Max P-Miss: nan | Max Q-Miss: nan | Val Max Gen Viol: nan | Val Max Thermal: nan
Epoch 3750 | Val Loss: nan | Val Cost:     nan | Val Max P-Miss: nan | Max Q-Miss: nan | Val Max Gen Viol: nan | Val Max Thermal: nan
Epoch 3760 | Val Loss: nan | Val Cost:     nan | Val Max P-Miss: nan | Max Q-Miss: nan | Val Max Gen Viol: nan | Val Max Thermal: nan
Epoch 3770 | Val Loss: nan | Val Cost:     nan | Val Max P-Miss: nan | Max Q-Miss: nan | Val Max Gen Viol: nan | Val Max Thermal: nan
Epoch 3780 | Val Loss: nan | Val Cost:     nan | Val Max P-Miss: nan | Max Q-Miss: nan | Val Max Gen Viol: nan | Val Max Thermal: nan
Epoch 3790 | Val Loss: nan | Val Cost:     nan | Val Max P-Miss: nan | Max Q-Miss: nan | Val Max Gen Viol: nan | Val Max Thermal: nan
Epoch 3800 | Val Loss: nan | Val Cost:     nan | Val Max P-Miss: nan | Max Q-Miss: nan | Val Max Gen Viol: nan | Val Max Thermal: nan
Epoch 3810 | Val Loss: nan | Val Cost:     nan | Val Max P-Miss: nan | Max Q-Miss: nan | Val Max Gen Viol: nan | Val Max Thermal: nan
Epoch 3820 | Val Loss: nan | Val Cost:     nan | Val Max P-Miss: nan | Max Q-Miss: nan | Val Max Gen Viol: nan | Val Max Thermal: nan
Epoch 3830 | Val Loss: nan | Val Cost:     nan | Val Max P-Miss: nan | Max Q-Miss: nan | Val Max Gen Viol: nan | Val Max Thermal: nan
Epoch 3840 | Val Loss: nan | Val Cost:     nan | Val Max P-Miss: nan | Max Q-Miss: nan | Val Max Gen Viol: nan | Val Max Thermal: nan
Epoch 3850 | Val Loss: nan | Val Cost:     nan | Val Max P-Miss: nan | Max Q-Miss: nan | Val Max Gen Viol: nan | Val Max Thermal: nan
Epoch 3860 | Val Loss: nan | Val Cost:     nan | Val Max P-Miss: nan | Max Q-Miss: nan | Val Max Gen Viol: nan | Val Max Thermal: nan
Epoch 3870 | Val Loss: nan | Val Cost:     nan | Val Max P-Miss: nan | Max Q-Miss: nan | Val Max Gen Viol: nan | Val Max Thermal: nan
Epoch 3880 | Val Loss: nan | Val Cost:     nan | Val Max P-Miss: nan | Max Q-Miss: nan | Val Max Gen Viol: nan | Val Max Thermal: nan
Epoch 3890 | Val Loss: nan | Val Cost:     nan | Val Max P-Miss: nan | Max Q-Miss: nan | Val Max Gen Viol: nan | Val Max Thermal: nan
Epoch 3900 | Val Loss: nan | Val Cost:     nan | Val Max P-Miss: nan | Max Q-Miss: nan | Val Max Gen Viol: nan | Val Max Thermal: nan
Epoch 3910 | Val Loss: nan | Val Cost:     nan | Val Max P-Miss: nan | Max Q-Miss: nan | Val Max Gen Viol: nan | Val Max Thermal: nan
Epoch 3920 | Val Loss: nan | Val Cost:     nan | Val Max P-Miss: nan | Max Q-Miss: nan | Val Max Gen Viol: nan | Val Max Thermal: nan
Epoch 3930 | Val Loss: nan | Val Cost:     nan | Val Max P-Miss: nan | Max Q-Miss: nan | Val Max Gen Viol: nan | Val Max Thermal: nan
Epoch 3940 | Val Loss: nan | Val Cost:     nan | Val Max P-Miss: nan | Max Q-Miss: nan | Val Max Gen Viol: nan | Val Max Thermal: nan
Epoch 3950 | Val Loss: nan | Val Cost:     nan | Val Max P-Miss: nan | Max Q-Miss: nan | Val Max Gen Viol: nan | Val Max Thermal: nan
Epoch 3960 | Val Loss: nan | Val Cost:     nan | Val Max P-Miss: nan | Max Q-Miss: nan | Val Max Gen Viol: nan | Val Max Thermal: nan
Epoch 3970 | Val Loss: nan | Val Cost:     nan | Val Max P-Miss: nan | Max Q-Miss: nan | Val Max Gen Viol: nan | Val Max Thermal: nan
Epoch 3980 | Val Loss: nan | Val Cost:     nan | Val Max P-Miss: nan | Max Q-Miss: nan | Val Max Gen Viol: nan | Val Max Thermal: nan
Epoch 3990 | Val Loss: nan | Val Cost:     nan | Val Max P-Miss: nan | Max Q-Miss: nan | Val Max Gen Viol: nan | Val Max Thermal: nan
Epoch 4000 | Val Loss: nan | Val Cost:     nan | Val Max P-Miss: nan | Max Q-Miss: nan | Val Max Gen Viol: nan | Val Max Thermal: nan
Epoch 4010 | Val Loss: nan | Val Cost:     nan | Val Max P-Miss: nan | Max Q-Miss: nan | Val Max Gen Viol: nan | Val Max Thermal: nan
Epoch 4020 | Val Loss: nan | Val Cost:     nan | Val Max P-Miss: nan | Max Q-Miss: nan | Val Max Gen Viol: nan | Val Max Thermal: nan
Epoch 4030 | Val Loss: nan | Val Cost:     nan | Val Max P-Miss: nan | Max Q-Miss: nan | Val Max Gen Viol: nan | Val Max Thermal: nan
Epoch 4040 | Val Loss: nan | Val Cost:     nan | Val Max P-Miss: nan | Max Q-Miss: nan | Val Max Gen Viol: nan | Val Max Thermal: nan
Epoch 4050 | Val Loss: nan | Val Cost:     nan | Val Max P-Miss: nan | Max Q-Miss: nan | Val Max Gen Viol: nan | Val Max Thermal: nan
Epoch 4060 | Val Loss: nan | Val Cost:     nan | Val Max P-Miss: nan | Max Q-Miss: nan | Val Max Gen Viol: nan | Val Max Thermal: nan
Epoch 4070 | Val Loss: nan | Val Cost:     nan | Val Max P-Miss: nan | Max Q-Miss: nan | Val Max Gen Viol: nan | Val Max Thermal: nan
Epoch 4080 | Val Loss: nan | Val Cost:     nan | Val Max P-Miss: nan | Max Q-Miss: nan | Val Max Gen Viol: nan | Val Max Thermal: nan
Epoch 4090 | Val Loss: nan | Val Cost:     nan | Val Max P-Miss: nan | Max Q-Miss: nan | Val Max Gen Viol: nan | Val Max Thermal: nan
Epoch 4100 | Val Loss: nan | Val Cost:     nan | Val Max P-Miss: nan | Max Q-Miss: nan | Val Max Gen Viol: nan | Val Max Thermal: nan
Epoch 4110 | Val Loss: nan | Val Cost:     nan | Val Max P-Miss: nan | Max Q-Miss: nan | Val Max Gen Viol: nan | Val Max Thermal: nan
Epoch 4120 | Val Loss: nan | Val Cost:     nan | Val Max P-Miss: nan | Max Q-Miss: nan | Val Max Gen Viol: nan | Val Max Thermal: nan
Epoch 4130 | Val Loss: nan | Val Cost:     nan | Val Max P-Miss: nan | Max Q-Miss: nan | Val Max Gen Viol: nan | Val Max Thermal: nan
Epoch 4140 | Val Loss: nan | Val Cost:     nan | Val Max P-Miss: nan | Max Q-Miss: nan | Val Max Gen Viol: nan | Val Max Thermal: nan
Epoch 4150 | Val Loss: nan | Val Cost:     nan | Val Max P-Miss: nan | Max Q-Miss: nan | Val Max Gen Viol: nan | Val Max Thermal: nan
Epoch 4160 | Val Loss: nan | Val Cost:     nan | Val Max P-Miss: nan | Max Q-Miss: nan | Val Max Gen Viol: nan | Val Max Thermal: nan
Epoch 4170 | Val Loss: nan | Val Cost:     nan | Val Max P-Miss: nan | Max Q-Miss: nan | Val Max Gen Viol: nan | Val Max Thermal: nan
Epoch 4180 | Val Loss: nan | Val Cost:     nan | Val Max P-Miss: nan | Max Q-Miss: nan | Val Max Gen Viol: nan | Val Max Thermal: nan
Epoch 4190 | Val Loss: nan | Val Cost:     nan | Val Max P-Miss: nan | Max Q-Miss: nan | Val Max Gen Viol: nan | Val Max Thermal: nan
Epoch 4200 | Val Loss: nan | Val Cost:     nan | Val Max P-Miss: nan | Max Q-Miss: nan | Val Max Gen Viol: nan | Val Max Thermal: nan
Epoch 4210 | Val Loss: nan | Val Cost:     nan | Val Max P-Miss: nan | Max Q-Miss: nan | Val Max Gen Viol: nan | Val Max Thermal: nan
Epoch 4220 | Val Loss: nan | Val Cost:     nan | Val Max P-Miss: nan | Max Q-Miss: nan | Val Max Gen Viol: nan | Val Max Thermal: nan
Epoch 4230 | Val Loss: nan | Val Cost:     nan | Val Max P-Miss: nan | Max Q-Miss: nan | Val Max Gen Viol: nan | Val Max Thermal: nan
Epoch 4240 | Val Loss: nan | Val Cost:     nan | Val Max P-Miss: nan | Max Q-Miss: nan | Val Max Gen Viol: nan | Val Max Thermal: nan
Epoch 4250 | Val Loss: nan | Val Cost:     nan | Val Max P-Miss: nan | Max Q-Miss: nan | Val Max Gen Viol: nan | Val Max Thermal: nan
Epoch 4260 | Val Loss: nan | Val Cost:     nan | Val Max P-Miss: nan | Max Q-Miss: nan | Val Max Gen Viol: nan | Val Max Thermal: nan
Epoch 4270 | Val Loss: nan | Val Cost:     nan | Val Max P-Miss: nan | Max Q-Miss: nan | Val Max Gen Viol: nan | Val Max Thermal: nan
Epoch 4280 | Val Loss: nan | Val Cost:     nan | Val Max P-Miss: nan | Max Q-Miss: nan | Val Max Gen Viol: nan | Val Max Thermal: nan
Epoch 4290 | Val Loss: nan | Val Cost:     nan | Val Max P-Miss: nan | Max Q-Miss: nan | Val Max Gen Viol: nan | Val Max Thermal: nan
Epoch 4300 | Val Loss: nan | Val Cost:     nan | Val Max P-Miss: nan | Max Q-Miss: nan | Val Max Gen Viol: nan | Val Max Thermal: nan
Epoch 4310 | Val Loss: nan | Val Cost:     nan | Val Max P-Miss: nan | Max Q-Miss: nan | Val Max Gen Viol: nan | Val Max Thermal: nan
Epoch 4320 | Val Loss: nan | Val Cost:     nan | Val Max P-Miss: nan | Max Q-Miss: nan | Val Max Gen Viol: nan | Val Max Thermal: nan
Epoch 4330 | Val Loss: nan | Val Cost:     nan | Val Max P-Miss: nan | Max Q-Miss: nan | Val Max Gen Viol: nan | Val Max Thermal: nan
Epoch 4340 | Val Loss: nan | Val Cost:     nan | Val Max P-Miss: nan | Max Q-Miss: nan | Val Max Gen Viol: nan | Val Max Thermal: nan
Epoch 4350 | Val Loss: nan | Val Cost:     nan | Val Max P-Miss: nan | Max Q-Miss: nan | Val Max Gen Viol: nan | Val Max Thermal: nan
Epoch 4360 | Val Loss: nan | Val Cost:     nan | Val Max P-Miss: nan | Max Q-Miss: nan | Val Max Gen Viol: nan | Val Max Thermal: nan
Epoch 4370 | Val Loss: nan | Val Cost:     nan | Val Max P-Miss: nan | Max Q-Miss: nan | Val Max Gen Viol: nan | Val Max Thermal: nan
Epoch 4380 | Val Loss: nan | Val Cost:     nan | Val Max P-Miss: nan | Max Q-Miss: nan | Val Max Gen Viol: nan | Val Max Thermal: nan
Epoch 4390 | Val Loss: nan | Val Cost:     nan | Val Max P-Miss: nan | Max Q-Miss: nan | Val Max Gen Viol: nan | Val Max Thermal: nan
Epoch 4400 | Val Loss: nan | Val Cost:     nan | Val Max P-Miss: nan | Max Q-Miss: nan | Val Max Gen Viol: nan | Val Max Thermal: nan
Epoch 4410 | Val Loss: nan | Val Cost:     nan | Val Max P-Miss: nan | Max Q-Miss: nan | Val Max Gen Viol: nan | Val Max Thermal: nan
Epoch 4420 | Val Loss: nan | Val Cost:     nan | Val Max P-Miss: nan | Max Q-Miss: nan | Val Max Gen Viol: nan | Val Max Thermal: nan
Epoch 4430 | Val Loss: nan | Val Cost:     nan | Val Max P-Miss: nan | Max Q-Miss: nan | Val Max Gen Viol: nan | Val Max Thermal: nan
Epoch 4440 | Val Loss: nan | Val Cost:     nan | Val Max P-Miss: nan | Max Q-Miss: nan | Val Max Gen Viol: nan | Val Max Thermal: nan
Epoch 4450 | Val Loss: nan | Val Cost:     nan | Val Max P-Miss: nan | Max Q-Miss: nan | Val Max Gen Viol: nan | Val Max Thermal: nan
Epoch 4460 | Val Loss: nan | Val Cost:     nan | Val Max P-Miss: nan | Max Q-Miss: nan | Val Max Gen Viol: nan | Val Max Thermal: nan
Epoch 4470 | Val Loss: nan | Val Cost:     nan | Val Max P-Miss: nan | Max Q-Miss: nan | Val Max Gen Viol: nan | Val Max Thermal: nan
Epoch 4480 | Val Loss: nan | Val Cost:     nan | Val Max P-Miss: nan | Max Q-Miss: nan | Val Max Gen Viol: nan | Val Max Thermal: nan
Epoch 4490 | Val Loss: nan | Val Cost:     nan | Val Max P-Miss: nan | Max Q-Miss: nan | Val Max Gen Viol: nan | Val Max Thermal: nan
Epoch 4500 | Val Loss: nan | Val Cost:     nan | Val Max P-Miss: nan | Max Q-Miss: nan | Val Max Gen Viol: nan | Val Max Thermal: nan
Epoch 4510 | Val Loss: nan | Val Cost:     nan | Val Max P-Miss: nan | Max Q-Miss: nan | Val Max Gen Viol: nan | Val Max Thermal: nan
Epoch 4520 | Val Loss: nan | Val Cost:     nan | Val Max P-Miss: nan | Max Q-Miss: nan | Val Max Gen Viol: nan | Val Max Thermal: nan
Epoch 4530 | Val Loss: nan | Val Cost:     nan | Val Max P-Miss: nan | Max Q-Miss: nan | Val Max Gen Viol: nan | Val Max Thermal: nan
Epoch 4540 | Val Loss: nan | Val Cost:     nan | Val Max P-Miss: nan | Max Q-Miss: nan | Val Max Gen Viol: nan | Val Max Thermal: nan
Epoch 4550 | Val Loss: nan | Val Cost:     nan | Val Max P-Miss: nan | Max Q-Miss: nan | Val Max Gen Viol: nan | Val Max Thermal: nan
Epoch 4560 | Val Loss: nan | Val Cost:     nan | Val Max P-Miss: nan | Max Q-Miss: nan | Val Max Gen Viol: nan | Val Max Thermal: nan
Epoch 4570 | Val Loss: nan | Val Cost:     nan | Val Max P-Miss: nan | Max Q-Miss: nan | Val Max Gen Viol: nan | Val Max Thermal: nan
Epoch 4580 | Val Loss: nan | Val Cost:     nan | Val Max P-Miss: nan | Max Q-Miss: nan | Val Max Gen Viol: nan | Val Max Thermal: nan
Epoch 4590 | Val Loss: nan | Val Cost:     nan | Val Max P-Miss: nan | Max Q-Miss: nan | Val Max Gen Viol: nan | Val Max Thermal: nan
Epoch 4600 | Val Loss: nan | Val Cost:     nan | Val Max P-Miss: nan | Max Q-Miss: nan | Val Max Gen Viol: nan | Val Max Thermal: nan
Epoch 4610 | Val Loss: nan | Val Cost:     nan | Val Max P-Miss: nan | Max Q-Miss: nan | Val Max Gen Viol: nan | Val Max Thermal: nan
Epoch 4620 | Val Loss: nan | Val Cost:     nan | Val Max P-Miss: nan | Max Q-Miss: nan | Val Max Gen Viol: nan | Val Max Thermal: nan
Epoch 4630 | Val Loss: nan | Val Cost:     nan | Val Max P-Miss: nan | Max Q-Miss: nan | Val Max Gen Viol: nan | Val Max Thermal: nan
Epoch 4640 | Val Loss: nan | Val Cost:     nan | Val Max P-Miss: nan | Max Q-Miss: nan | Val Max Gen Viol: nan | Val Max Thermal: nan
Epoch 4650 | Val Loss: nan | Val Cost:     nan | Val Max P-Miss: nan | Max Q-Miss: nan | Val Max Gen Viol: nan | Val Max Thermal: nan
Epoch 4660 | Val Loss: nan | Val Cost:     nan | Val Max P-Miss: nan | Max Q-Miss: nan | Val Max Gen Viol: nan | Val Max Thermal: nan
Epoch 4670 | Val Loss: nan | Val Cost:     nan | Val Max P-Miss: nan | Max Q-Miss: nan | Val Max Gen Viol: nan | Val Max Thermal: nan
Epoch 4680 | Val Loss: nan | Val Cost:     nan | Val Max P-Miss: nan | Max Q-Miss: nan | Val Max Gen Viol: nan | Val Max Thermal: nan
Epoch 4690 | Val Loss: nan | Val Cost:     nan | Val Max P-Miss: nan | Max Q-Miss: nan | Val Max Gen Viol: nan | Val Max Thermal: nan
Epoch 4700 | Val Loss: nan | Val Cost:     nan | Val Max P-Miss: nan | Max Q-Miss: nan | Val Max Gen Viol: nan | Val Max Thermal: nan
Epoch 4710 | Val Loss: nan | Val Cost:     nan | Val Max P-Miss: nan | Max Q-Miss: nan | Val Max Gen Viol: nan | Val Max Thermal: nan
Epoch 4720 | Val Loss: nan | Val Cost:     nan | Val Max P-Miss: nan | Max Q-Miss: nan | Val Max Gen Viol: nan | Val Max Thermal: nan
Epoch 4730 | Val Loss: nan | Val Cost:     nan | Val Max P-Miss: nan | Max Q-Miss: nan | Val Max Gen Viol: nan | Val Max Thermal: nan
Epoch 4740 | Val Loss: nan | Val Cost:     nan | Val Max P-Miss: nan | Max Q-Miss: nan | Val Max Gen Viol: nan | Val Max Thermal: nan
Epoch 4750 | Val Loss: nan | Val Cost:     nan | Val Max P-Miss: nan | Max Q-Miss: nan | Val Max Gen Viol: nan | Val Max Thermal: nan
Epoch 4760 | Val Loss: nan | Val Cost:     nan | Val Max P-Miss: nan | Max Q-Miss: nan | Val Max Gen Viol: nan | Val Max Thermal: nan
Epoch 4770 | Val Loss: nan | Val Cost:     nan | Val Max P-Miss: nan | Max Q-Miss: nan | Val Max Gen Viol: nan | Val Max Thermal: nan
Epoch 4780 | Val Loss: nan | Val Cost:     nan | Val Max P-Miss: nan | Max Q-Miss: nan | Val Max Gen Viol: nan | Val Max Thermal: nan
Epoch 4790 | Val Loss: nan | Val Cost:     nan | Val Max P-Miss: nan | Max Q-Miss: nan | Val Max Gen Viol: nan | Val Max Thermal: nan
Epoch 4800 | Val Loss: nan | Val Cost:     nan | Val Max P-Miss: nan | Max Q-Miss: nan | Val Max Gen Viol: nan | Val Max Thermal: nan
Epoch 4810 | Val Loss: nan | Val Cost:     nan | Val Max P-Miss: nan | Max Q-Miss: nan | Val Max Gen Viol: nan | Val Max Thermal: nan
Epoch 4820 | Val Loss: nan | Val Cost:     nan | Val Max P-Miss: nan | Max Q-Miss: nan | Val Max Gen Viol: nan | Val Max Thermal: nan
Epoch 4830 | Val Loss: nan | Val Cost:     nan | Val Max P-Miss: nan | Max Q-Miss: nan | Val Max Gen Viol: nan | Val Max Thermal: nan
Epoch 4840 | Val Loss: nan | Val Cost:     nan | Val Max P-Miss: nan | Max Q-Miss: nan | Val Max Gen Viol: nan | Val Max Thermal: nan
Epoch 4850 | Val Loss: nan | Val Cost:     nan | Val Max P-Miss: nan | Max Q-Miss: nan | Val Max Gen Viol: nan | Val Max Thermal: nan
Epoch 4860 | Val Loss: nan | Val Cost:     nan | Val Max P-Miss: nan | Max Q-Miss: nan | Val Max Gen Viol: nan | Val Max Thermal: nan
Epoch 4870 | Val Loss: nan | Val Cost:     nan | Val Max P-Miss: nan | Max Q-Miss: nan | Val Max Gen Viol: nan | Val Max Thermal: nan
Epoch 4880 | Val Loss: nan | Val Cost:     nan | Val Max P-Miss: nan | Max Q-Miss: nan | Val Max Gen Viol: nan | Val Max Thermal: nan
Epoch 4890 | Val Loss: nan | Val Cost:     nan | Val Max P-Miss: nan | Max Q-Miss: nan | Val Max Gen Viol: nan | Val Max Thermal: nan
Epoch 4900 | Val Loss: nan | Val Cost:     nan | Val Max P-Miss: nan | Max Q-Miss: nan | Val Max Gen Viol: nan | Val Max Thermal: nan
Epoch 4910 | Val Loss: nan | Val Cost:     nan | Val Max P-Miss: nan | Max Q-Miss: nan | Val Max Gen Viol: nan | Val Max Thermal: nan
Epoch 4920 | Val Loss: nan | Val Cost:     nan | Val Max P-Miss: nan | Max Q-Miss: nan | Val Max Gen Viol: nan | Val Max Thermal: nan
Epoch 4930 | Val Loss: nan | Val Cost:     nan | Val Max P-Miss: nan | Max Q-Miss: nan | Val Max Gen Viol: nan | Val Max Thermal: nan
Epoch 4940 | Val Loss: nan | Val Cost:     nan | Val Max P-Miss: nan | Max Q-Miss: nan | Val Max Gen Viol: nan | Val Max Thermal: nan
Epoch 4950 | Val Loss: nan | Val Cost:     nan | Val Max P-Miss: nan | Max Q-Miss: nan | Val Max Gen Viol: nan | Val Max Thermal: nan
Epoch 4960 | Val Loss: nan | Val Cost:     nan | Val Max P-Miss: nan | Max Q-Miss: nan | Val Max Gen Viol: nan | Val Max Thermal: nan
Epoch 4970 | Val Loss: nan | Val Cost:     nan | Val Max P-Miss: nan | Max Q-Miss: nan | Val Max Gen Viol: nan | Val Max Thermal: nan
Epoch 4980 | Val Loss: nan | Val Cost:     nan | Val Max P-Miss: nan | Max Q-Miss: nan | Val Max Gen Viol: nan | Val Max Thermal: nan
Epoch 4990 | Val Loss: nan | Val Cost:     nan | Val Max P-Miss: nan | Max Q-Miss: nan | Val Max Gen Viol: nan | Val Max Thermal: nan
Epoch 5000 | Val Loss: nan | Val Cost:     nan | Val Max P-Miss: nan | Max Q-Miss: nan | Val Max Gen Viol: nan | Val Max Thermal: nan
Epoch 5010 | Val Loss: nan | Val Cost:     nan | Val Max P-Miss: nan | Max Q-Miss: nan | Val Max Gen Viol: nan | Val Max Thermal: nan
Epoch 5020 | Val Loss: nan | Val Cost:     nan | Val Max P-Miss: nan | Max Q-Miss: nan | Val Max Gen Viol: nan | Val Max Thermal: nan
Epoch 5030 | Val Loss: nan | Val Cost:     nan | Val Max P-Miss: nan | Max Q-Miss: nan | Val Max Gen Viol: nan | Val Max Thermal: nan
Epoch 5040 | Val Loss: nan | Val Cost:     nan | Val Max P-Miss: nan | Max Q-Miss: nan | Val Max Gen Viol: nan | Val Max Thermal: nan
Epoch 5050 | Val Loss: nan | Val Cost:     nan | Val Max P-Miss: nan | Max Q-Miss: nan | Val Max Gen Viol: nan | Val Max Thermal: nan
Epoch 5060 | Val Loss: nan | Val Cost:     nan | Val Max P-Miss: nan | Max Q-Miss: nan | Val Max Gen Viol: nan | Val Max Thermal: nan
Epoch 5070 | Val Loss: nan | Val Cost:     nan | Val Max P-Miss: nan | Max Q-Miss: nan | Val Max Gen Viol: nan | Val Max Thermal: nan
Epoch 5080 | Val Loss: nan | Val Cost:     nan | Val Max P-Miss: nan | Max Q-Miss: nan | Val Max Gen Viol: nan | Val Max Thermal: nan
Epoch 5090 | Val Loss: nan | Val Cost:     nan | Val Max P-Miss: nan | Max Q-Miss: nan | Val Max Gen Viol: nan | Val Max Thermal: nan
Epoch 5100 | Val Loss: nan | Val Cost:     nan | Val Max P-Miss: nan | Max Q-Miss: nan | Val Max Gen Viol: nan | Val Max Thermal: nan
Epoch 5110 | Val Loss: nan | Val Cost:     nan | Val Max P-Miss: nan | Max Q-Miss: nan | Val Max Gen Viol: nan | Val Max Thermal: nan
Epoch 5120 | Val Loss: nan | Val Cost:     nan | Val Max P-Miss: nan | Max Q-Miss: nan | Val Max Gen Viol: nan | Val Max Thermal: nan
Epoch 5130 | Val Loss: nan | Val Cost:     nan | Val Max P-Miss: nan | Max Q-Miss: nan | Val Max Gen Viol: nan | Val Max Thermal: nan
Epoch 5140 | Val Loss: nan | Val Cost:     nan | Val Max P-Miss: nan | Max Q-Miss: nan | Val Max Gen Viol: nan | Val Max Thermal: nan
Epoch 5150 | Val Loss: nan | Val Cost:     nan | Val Max P-Miss: nan | Max Q-Miss: nan | Val Max Gen Viol: nan | Val Max Thermal: nan
Epoch 5160 | Val Loss: nan | Val Cost:     nan | Val Max P-Miss: nan | Max Q-Miss: nan | Val Max Gen Viol: nan | Val Max Thermal: nan
Epoch 5170 | Val Loss: nan | Val Cost:     nan | Val Max P-Miss: nan | Max Q-Miss: nan | Val Max Gen Viol: nan | Val Max Thermal: nan
Epoch 5180 | Val Loss: nan | Val Cost:     nan | Val Max P-Miss: nan | Max Q-Miss: nan | Val Max Gen Viol: nan | Val Max Thermal: nan
Epoch 5190 | Val Loss: nan | Val Cost:     nan | Val Max P-Miss: nan | Max Q-Miss: nan | Val Max Gen Viol: nan | Val Max Thermal: nan
Epoch 5200 | Val Loss: nan | Val Cost:     nan | Val Max P-Miss: nan | Max Q-Miss: nan | Val Max Gen Viol: nan | Val Max Thermal: nan
Epoch 5210 | Val Loss: nan | Val Cost:     nan | Val Max P-Miss: nan | Max Q-Miss: nan | Val Max Gen Viol: nan | Val Max Thermal: nan
Epoch 5220 | Val Loss: nan | Val Cost:     nan | Val Max P-Miss: nan | Max Q-Miss: nan | Val Max Gen Viol: nan | Val Max Thermal: nan
Epoch 5230 | Val Loss: nan | Val Cost:     nan | Val Max P-Miss: nan | Max Q-Miss: nan | Val Max Gen Viol: nan | Val Max Thermal: nan
Epoch 5240 | Val Loss: nan | Val Cost:     nan | Val Max P-Miss: nan | Max Q-Miss: nan | Val Max Gen Viol: nan | Val Max Thermal: nan
Epoch 5250 | Val Loss: nan | Val Cost:     nan | Val Max P-Miss: nan | Max Q-Miss: nan | Val Max Gen Viol: nan | Val Max Thermal: nan
Epoch 5260 | Val Loss: nan | Val Cost:     nan | Val Max P-Miss: nan | Max Q-Miss: nan | Val Max Gen Viol: nan | Val Max Thermal: nan
Epoch 5270 | Val Loss: nan | Val Cost:     nan | Val Max P-Miss: nan | Max Q-Miss: nan | Val Max Gen Viol: nan | Val Max Thermal: nan
Epoch 5280 | Val Loss: nan | Val Cost:     nan | Val Max P-Miss: nan | Max Q-Miss: nan | Val Max Gen Viol: nan | Val Max Thermal: nan
Epoch 5290 | Val Loss: nan | Val Cost:     nan | Val Max P-Miss: nan | Max Q-Miss: nan | Val Max Gen Viol: nan | Val Max Thermal: nan
Epoch 5300 | Val Loss: nan | Val Cost:     nan | Val Max P-Miss: nan | Max Q-Miss: nan | Val Max Gen Viol: nan | Val Max Thermal: nan
Epoch 5310 | Val Loss: nan | Val Cost:     nan | Val Max P-Miss: nan | Max Q-Miss: nan | Val Max Gen Viol: nan | Val Max Thermal: nan
Epoch 5320 | Val Loss: nan | Val Cost:     nan | Val Max P-Miss: nan | Max Q-Miss: nan | Val Max Gen Viol: nan | Val Max Thermal: nan
Epoch 5330 | Val Loss: nan | Val Cost:     nan | Val Max P-Miss: nan | Max Q-Miss: nan | Val Max Gen Viol: nan | Val Max Thermal: nan
Epoch 5340 | Val Loss: nan | Val Cost:     nan | Val Max P-Miss: nan | Max Q-Miss: nan | Val Max Gen Viol: nan | Val Max Thermal: nan
Epoch 5350 | Val Loss: nan | Val Cost:     nan | Val Max P-Miss: nan | Max Q-Miss: nan | Val Max Gen Viol: nan | Val Max Thermal: nan
Epoch 5360 | Val Loss: nan | Val Cost:     nan | Val Max P-Miss: nan | Max Q-Miss: nan | Val Max Gen Viol: nan | Val Max Thermal: nan
Epoch 5370 | Val Loss: nan | Val Cost:     nan | Val Max P-Miss: nan | Max Q-Miss: nan | Val Max Gen Viol: nan | Val Max Thermal: nan
Epoch 5380 | Val Loss: nan | Val Cost:     nan | Val Max P-Miss: nan | Max Q-Miss: nan | Val Max Gen Viol: nan | Val Max Thermal: nan
Epoch 5390 | Val Loss: nan | Val Cost:     nan | Val Max P-Miss: nan | Max Q-Miss: nan | Val Max Gen Viol: nan | Val Max Thermal: nan
Epoch 5400 | Val Loss: nan | Val Cost:     nan | Val Max P-Miss: nan | Max Q-Miss: nan | Val Max Gen Viol: nan | Val Max Thermal: nan
Epoch 5410 | Val Loss: nan | Val Cost:     nan | Val Max P-Miss: nan | Max Q-Miss: nan | Val Max Gen Viol: nan | Val Max Thermal: nan
Epoch 5420 | Val Loss: nan | Val Cost:     nan | Val Max P-Miss: nan | Max Q-Miss: nan | Val Max Gen Viol: nan | Val Max Thermal: nan
Epoch 5430 | Val Loss: nan | Val Cost:     nan | Val Max P-Miss: nan | Max Q-Miss: nan | Val Max Gen Viol: nan | Val Max Thermal: nan
Epoch 5440 | Val Loss: nan | Val Cost:     nan | Val Max P-Miss: nan | Max Q-Miss: nan | Val Max Gen Viol: nan | Val Max Thermal: nan
Epoch 5450 | Val Loss: nan | Val Cost:     nan | Val Max P-Miss: nan | Max Q-Miss: nan | Val Max Gen Viol: nan | Val Max Thermal: nan
Epoch 5460 | Val Loss: nan | Val Cost:     nan | Val Max P-Miss: nan | Max Q-Miss: nan | Val Max Gen Viol: nan | Val Max Thermal: nan
Epoch 5470 | Val Loss: nan | Val Cost:     nan | Val Max P-Miss: nan | Max Q-Miss: nan | Val Max Gen Viol: nan | Val Max Thermal: nan
Epoch 5480 | Val Loss: nan | Val Cost:     nan | Val Max P-Miss: nan | Max Q-Miss: nan | Val Max Gen Viol: nan | Val Max Thermal: nan
Epoch 5490 | Val Loss: nan | Val Cost:     nan | Val Max P-Miss: nan | Max Q-Miss: nan | Val Max Gen Viol: nan | Val Max Thermal: nan
Epoch 5500 | Val Loss: nan | Val Cost:     nan | Val Max P-Miss: nan | Max Q-Miss: nan | Val Max Gen Viol: nan | Val Max Thermal: nan
Epoch 5510 | Val Loss: nan | Val Cost:     nan | Val Max P-Miss: nan | Max Q-Miss: nan | Val Max Gen Viol: nan | Val Max Thermal: nan
Epoch 5520 | Val Loss: nan | Val Cost:     nan | Val Max P-Miss: nan | Max Q-Miss: nan | Val Max Gen Viol: nan | Val Max Thermal: nan
Epoch 5530 | Val Loss: nan | Val Cost:     nan | Val Max P-Miss: nan | Max Q-Miss: nan | Val Max Gen Viol: nan | Val Max Thermal: nan
Epoch 5540 | Val Loss: nan | Val Cost:     nan | Val Max P-Miss: nan | Max Q-Miss: nan | Val Max Gen Viol: nan | Val Max Thermal: nan
Epoch 5550 | Val Loss: nan | Val Cost:     nan | Val Max P-Miss: nan | Max Q-Miss: nan | Val Max Gen Viol: nan | Val Max Thermal: nan
Epoch 5560 | Val Loss: nan | Val Cost:     nan | Val Max P-Miss: nan | Max Q-Miss: nan | Val Max Gen Viol: nan | Val Max Thermal: nan
Epoch 5570 | Val Loss: nan | Val Cost:     nan | Val Max P-Miss: nan | Max Q-Miss: nan | Val Max Gen Viol: nan | Val Max Thermal: nan
Epoch 5580 | Val Loss: nan | Val Cost:     nan | Val Max P-Miss: nan | Max Q-Miss: nan | Val Max Gen Viol: nan | Val Max Thermal: nan
Epoch 5590 | Val Loss: nan | Val Cost:     nan | Val Max P-Miss: nan | Max Q-Miss: nan | Val Max Gen Viol: nan | Val Max Thermal: nan
Epoch 5600 | Val Loss: nan | Val Cost:     nan | Val Max P-Miss: nan | Max Q-Miss: nan | Val Max Gen Viol: nan | Val Max Thermal: nan
Epoch 5610 | Val Loss: nan | Val Cost:     nan | Val Max P-Miss: nan | Max Q-Miss: nan | Val Max Gen Viol: nan | Val Max Thermal: nan
Epoch 5620 | Val Loss: nan | Val Cost:     nan | Val Max P-Miss: nan | Max Q-Miss: nan | Val Max Gen Viol: nan | Val Max Thermal: nan
Epoch 5630 | Val Loss: nan | Val Cost:     nan | Val Max P-Miss: nan | Max Q-Miss: nan | Val Max Gen Viol: nan | Val Max Thermal: nan
Epoch 5640 | Val Loss: nan | Val Cost:     nan | Val Max P-Miss: nan | Max Q-Miss: nan | Val Max Gen Viol: nan | Val Max Thermal: nan
Epoch 5650 | Val Loss: nan | Val Cost:     nan | Val Max P-Miss: nan | Max Q-Miss: nan | Val Max Gen Viol: nan | Val Max Thermal: nan
Epoch 5660 | Val Loss: nan | Val Cost:     nan | Val Max P-Miss: nan | Max Q-Miss: nan | Val Max Gen Viol: nan | Val Max Thermal: nan
Epoch 5670 | Val Loss: nan | Val Cost:     nan | Val Max P-Miss: nan | Max Q-Miss: nan | Val Max Gen Viol: nan | Val Max Thermal: nan
Epoch 5680 | Val Loss: nan | Val Cost:     nan | Val Max P-Miss: nan | Max Q-Miss: nan | Val Max Gen Viol: nan | Val Max Thermal: nan
Epoch 5690 | Val Loss: nan | Val Cost:     nan | Val Max P-Miss: nan | Max Q-Miss: nan | Val Max Gen Viol: nan | Val Max Thermal: nan
Epoch 5700 | Val Loss: nan | Val Cost:     nan | Val Max P-Miss: nan | Max Q-Miss: nan | Val Max Gen Viol: nan | Val Max Thermal: nan
Epoch 5710 | Val Loss: nan | Val Cost:     nan | Val Max P-Miss: nan | Max Q-Miss: nan | Val Max Gen Viol: nan | Val Max Thermal: nan
Epoch 5720 | Val Loss: nan | Val Cost:     nan | Val Max P-Miss: nan | Max Q-Miss: nan | Val Max Gen Viol: nan | Val Max Thermal: nan
Epoch 5730 | Val Loss: nan | Val Cost:     nan | Val Max P-Miss: nan | Max Q-Miss: nan | Val Max Gen Viol: nan | Val Max Thermal: nan
Epoch 5740 | Val Loss: nan | Val Cost:     nan | Val Max P-Miss: nan | Max Q-Miss: nan | Val Max Gen Viol: nan | Val Max Thermal: nan
Epoch 5750 | Val Loss: nan | Val Cost:     nan | Val Max P-Miss: nan | Max Q-Miss: nan | Val Max Gen Viol: nan | Val Max Thermal: nan
Epoch 5760 | Val Loss: nan | Val Cost:     nan | Val Max P-Miss: nan | Max Q-Miss: nan | Val Max Gen Viol: nan | Val Max Thermal: nan
Epoch 5770 | Val Loss: nan | Val Cost:     nan | Val Max P-Miss: nan | Max Q-Miss: nan | Val Max Gen Viol: nan | Val Max Thermal: nan
Epoch 5780 | Val Loss: nan | Val Cost:     nan | Val Max P-Miss: nan | Max Q-Miss: nan | Val Max Gen Viol: nan | Val Max Thermal: nan
Epoch 5790 | Val Loss: nan | Val Cost:     nan | Val Max P-Miss: nan | Max Q-Miss: nan | Val Max Gen Viol: nan | Val Max Thermal: nan
Epoch 5800 | Val Loss: nan | Val Cost:     nan | Val Max P-Miss: nan | Max Q-Miss: nan | Val Max Gen Viol: nan | Val Max Thermal: nan
Epoch 5810 | Val Loss: nan | Val Cost:     nan | Val Max P-Miss: nan | Max Q-Miss: nan | Val Max Gen Viol: nan | Val Max Thermal: nan
Epoch 5820 | Val Loss: nan | Val Cost:     nan | Val Max P-Miss: nan | Max Q-Miss: nan | Val Max Gen Viol: nan | Val Max Thermal: nan
Epoch 5830 | Val Loss: nan | Val Cost:     nan | Val Max P-Miss: nan | Max Q-Miss: nan | Val Max Gen Viol: nan | Val Max Thermal: nan
Epoch 5840 | Val Loss: nan | Val Cost:     nan | Val Max P-Miss: nan | Max Q-Miss: nan | Val Max Gen Viol: nan | Val Max Thermal: nan
Epoch 5850 | Val Loss: nan | Val Cost:     nan | Val Max P-Miss: nan | Max Q-Miss: nan | Val Max Gen Viol: nan | Val Max Thermal: nan
Epoch 5860 | Val Loss: nan | Val Cost:     nan | Val Max P-Miss: nan | Max Q-Miss: nan | Val Max Gen Viol: nan | Val Max Thermal: nan
Epoch 5870 | Val Loss: nan | Val Cost:     nan | Val Max P-Miss: nan | Max Q-Miss: nan | Val Max Gen Viol: nan | Val Max Thermal: nan
Epoch 5880 | Val Loss: nan | Val Cost:     nan | Val Max P-Miss: nan | Max Q-Miss: nan | Val Max Gen Viol: nan | Val Max Thermal: nan
Epoch 5890 | Val Loss: nan | Val Cost:     nan | Val Max P-Miss: nan | Max Q-Miss: nan | Val Max Gen Viol: nan | Val Max Thermal: nan
Epoch 5900 | Val Loss: nan | Val Cost:     nan | Val Max P-Miss: nan | Max Q-Miss: nan | Val Max Gen Viol: nan | Val Max Thermal: nan
Epoch 5910 | Val Loss: nan | Val Cost:     nan | Val Max P-Miss: nan | Max Q-Miss: nan | Val Max Gen Viol: nan | Val Max Thermal: nan
Epoch 5920 | Val Loss: nan | Val Cost:     nan | Val Max P-Miss: nan | Max Q-Miss: nan | Val Max Gen Viol: nan | Val Max Thermal: nan
Epoch 5930 | Val Loss: nan | Val Cost:     nan | Val Max P-Miss: nan | Max Q-Miss: nan | Val Max Gen Viol: nan | Val Max Thermal: nan
Epoch 5940 | Val Loss: nan | Val Cost:     nan | Val Max P-Miss: nan | Max Q-Miss: nan | Val Max Gen Viol: nan | Val Max Thermal: nan
Epoch 5950 | Val Loss: nan | Val Cost:     nan | Val Max P-Miss: nan | Max Q-Miss: nan | Val Max Gen Viol: nan | Val Max Thermal: nan
Epoch 5960 | Val Loss: nan | Val Cost:     nan | Val Max P-Miss: nan | Max Q-Miss: nan | Val Max Gen Viol: nan | Val Max Thermal: nan
Epoch 5970 | Val Loss: nan | Val Cost:     nan | Val Max P-Miss: nan | Max Q-Miss: nan | Val Max Gen Viol: nan | Val Max Thermal: nan
Epoch 5980 | Val Loss: nan | Val Cost:     nan | Val Max P-Miss: nan | Max Q-Miss: nan | Val Max Gen Viol: nan | Val Max Thermal: nan
Epoch 5990 | Val Loss: nan | Val Cost:     nan | Val Max P-Miss: nan | Max Q-Miss: nan | Val Max Gen Viol: nan | Val Max Thermal: nan
Epoch 6000 | Val Loss: nan | Val Cost:     nan | Val Max P-Miss: nan | Max Q-Miss: nan | Val Max Gen Viol: nan | Val Max Thermal: nan
Epoch 6010 | Val Loss: nan | Val Cost:     nan | Val Max P-Miss: nan | Max Q-Miss: nan | Val Max Gen Viol: nan | Val Max Thermal: nan
Epoch 6020 | Val Loss: nan | Val Cost:     nan | Val Max P-Miss: nan | Max Q-Miss: nan | Val Max Gen Viol: nan | Val Max Thermal: nan
Epoch 6030 | Val Loss: nan | Val Cost:     nan | Val Max P-Miss: nan | Max Q-Miss: nan | Val Max Gen Viol: nan | Val Max Thermal: nan
Epoch 6040 | Val Loss: nan | Val Cost:     nan | Val Max P-Miss: nan | Max Q-Miss: nan | Val Max Gen Viol: nan | Val Max Thermal: nan
Epoch 6050 | Val Loss: nan | Val Cost:     nan | Val Max P-Miss: nan | Max Q-Miss: nan | Val Max Gen Viol: nan | Val Max Thermal: nan
Epoch 6060 | Val Loss: nan | Val Cost:     nan | Val Max P-Miss: nan | Max Q-Miss: nan | Val Max Gen Viol: nan | Val Max Thermal: nan
Epoch 6070 | Val Loss: nan | Val Cost:     nan | Val Max P-Miss: nan | Max Q-Miss: nan | Val Max Gen Viol: nan | Val Max Thermal: nan
Epoch 6080 | Val Loss: nan | Val Cost:     nan | Val Max P-Miss: nan | Max Q-Miss: nan | Val Max Gen Viol: nan | Val Max Thermal: nan
Epoch 6090 | Val Loss: nan | Val Cost:     nan | Val Max P-Miss: nan | Max Q-Miss: nan | Val Max Gen Viol: nan | Val Max Thermal: nan
Epoch 6100 | Val Loss: nan | Val Cost:     nan | Val Max P-Miss: nan | Max Q-Miss: nan | Val Max Gen Viol: nan | Val Max Thermal: nan
Epoch 6110 | Val Loss: nan | Val Cost:     nan | Val Max P-Miss: nan | Max Q-Miss: nan | Val Max Gen Viol: nan | Val Max Thermal: nan
Epoch 6120 | Val Loss: nan | Val Cost:     nan | Val Max P-Miss: nan | Max Q-Miss: nan | Val Max Gen Viol: nan | Val Max Thermal: nan
Epoch 6130 | Val Loss: nan | Val Cost:     nan | Val Max P-Miss: nan | Max Q-Miss: nan | Val Max Gen Viol: nan | Val Max Thermal: nan
Epoch 6140 | Val Loss: nan | Val Cost:     nan | Val Max P-Miss: nan | Max Q-Miss: nan | Val Max Gen Viol: nan | Val Max Thermal: nan
Epoch 6150 | Val Loss: nan | Val Cost:     nan | Val Max P-Miss: nan | Max Q-Miss: nan | Val Max Gen Viol: nan | Val Max Thermal: nan
Epoch 6160 | Val Loss: nan | Val Cost:     nan | Val Max P-Miss: nan | Max Q-Miss: nan | Val Max Gen Viol: nan | Val Max Thermal: nan
Epoch 6170 | Val Loss: nan | Val Cost:     nan | Val Max P-Miss: nan | Max Q-Miss: nan | Val Max Gen Viol: nan | Val Max Thermal: nan
Epoch 6180 | Val Loss: nan | Val Cost:     nan | Val Max P-Miss: nan | Max Q-Miss: nan | Val Max Gen Viol: nan | Val Max Thermal: nan
Epoch 6190 | Val Loss: nan | Val Cost:     nan | Val Max P-Miss: nan | Max Q-Miss: nan | Val Max Gen Viol: nan | Val Max Thermal: nan
Epoch 6200 | Val Loss: nan | Val Cost:     nan | Val Max P-Miss: nan | Max Q-Miss: nan | Val Max Gen Viol: nan | Val Max Thermal: nan
Epoch 6210 | Val Loss: nan | Val Cost:     nan | Val Max P-Miss: nan | Max Q-Miss: nan | Val Max Gen Viol: nan | Val Max Thermal: nan
Epoch 6220 | Val Loss: nan | Val Cost:     nan | Val Max P-Miss: nan | Max Q-Miss: nan | Val Max Gen Viol: nan | Val Max Thermal: nan
Epoch 6230 | Val Loss: nan | Val Cost:     nan | Val Max P-Miss: nan | Max Q-Miss: nan | Val Max Gen Viol: nan | Val Max Thermal: nan
Epoch 6240 | Val Loss: nan | Val Cost:     nan | Val Max P-Miss: nan | Max Q-Miss: nan | Val Max Gen Viol: nan | Val Max Thermal: nan
Epoch 6250 | Val Loss: nan | Val Cost:     nan | Val Max P-Miss: nan | Max Q-Miss: nan | Val Max Gen Viol: nan | Val Max Thermal: nan
Epoch 6260 | Val Loss: nan | Val Cost:     nan | Val Max P-Miss: nan | Max Q-Miss: nan | Val Max Gen Viol: nan | Val Max Thermal: nan
Epoch 6270 | Val Loss: nan | Val Cost:     nan | Val Max P-Miss: nan | Max Q-Miss: nan | Val Max Gen Viol: nan | Val Max Thermal: nan
Epoch 6280 | Val Loss: nan | Val Cost:     nan | Val Max P-Miss: nan | Max Q-Miss: nan | Val Max Gen Viol: nan | Val Max Thermal: nan
Epoch 6290 | Val Loss: nan | Val Cost:     nan | Val Max P-Miss: nan | Max Q-Miss: nan | Val Max Gen Viol: nan | Val Max Thermal: nan
Epoch 6300 | Val Loss: nan | Val Cost:     nan | Val Max P-Miss: nan | Max Q-Miss: nan | Val Max Gen Viol: nan | Val Max Thermal: nan
Epoch 6310 | Val Loss: nan | Val Cost:     nan | Val Max P-Miss: nan | Max Q-Miss: nan | Val Max Gen Viol: nan | Val Max Thermal: nan
Epoch 6320 | Val Loss: nan | Val Cost:     nan | Val Max P-Miss: nan | Max Q-Miss: nan | Val Max Gen Viol: nan | Val Max Thermal: nan
Epoch 6330 | Val Loss: nan | Val Cost:     nan | Val Max P-Miss: nan | Max Q-Miss: nan | Val Max Gen Viol: nan | Val Max Thermal: nan
Epoch 6340 | Val Loss: nan | Val Cost:     nan | Val Max P-Miss: nan | Max Q-Miss: nan | Val Max Gen Viol: nan | Val Max Thermal: nan
Epoch 6350 | Val Loss: nan | Val Cost:     nan | Val Max P-Miss: nan | Max Q-Miss: nan | Val Max Gen Viol: nan | Val Max Thermal: nan
Epoch 6360 | Val Loss: nan | Val Cost:     nan | Val Max P-Miss: nan | Max Q-Miss: nan | Val Max Gen Viol: nan | Val Max Thermal: nan
Epoch 6370 | Val Loss: nan | Val Cost:     nan | Val Max P-Miss: nan | Max Q-Miss: nan | Val Max Gen Viol: nan | Val Max Thermal: nan
Epoch 6380 | Val Loss: nan | Val Cost:     nan | Val Max P-Miss: nan | Max Q-Miss: nan | Val Max Gen Viol: nan | Val Max Thermal: nan
Epoch 6390 | Val Loss: nan | Val Cost:     nan | Val Max P-Miss: nan | Max Q-Miss: nan | Val Max Gen Viol: nan | Val Max Thermal: nan
Epoch 6400 | Val Loss: nan | Val Cost:     nan | Val Max P-Miss: nan | Max Q-Miss: nan | Val Max Gen Viol: nan | Val Max Thermal: nan
Epoch 6410 | Val Loss: nan | Val Cost:     nan | Val Max P-Miss: nan | Max Q-Miss: nan | Val Max Gen Viol: nan | Val Max Thermal: nan
Epoch 6420 | Val Loss: nan | Val Cost:     nan | Val Max P-Miss: nan | Max Q-Miss: nan | Val Max Gen Viol: nan | Val Max Thermal: nan
Epoch 6430 | Val Loss: nan | Val Cost:     nan | Val Max P-Miss: nan | Max Q-Miss: nan | Val Max Gen Viol: nan | Val Max Thermal: nan
Epoch 6440 | Val Loss: nan | Val Cost:     nan | Val Max P-Miss: nan | Max Q-Miss: nan | Val Max Gen Viol: nan | Val Max Thermal: nan
Epoch 6450 | Val Loss: nan | Val Cost:     nan | Val Max P-Miss: nan | Max Q-Miss: nan | Val Max Gen Viol: nan | Val Max Thermal: nan
Epoch 6460 | Val Loss: nan | Val Cost:     nan | Val Max P-Miss: nan | Max Q-Miss: nan | Val Max Gen Viol: nan | Val Max Thermal: nan
Epoch 6470 | Val Loss: nan | Val Cost:     nan | Val Max P-Miss: nan | Max Q-Miss: nan | Val Max Gen Viol: nan | Val Max Thermal: nan
Epoch 6480 | Val Loss: nan | Val Cost:     nan | Val Max P-Miss: nan | Max Q-Miss: nan | Val Max Gen Viol: nan | Val Max Thermal: nan
Epoch 6490 | Val Loss: nan | Val Cost:     nan | Val Max P-Miss: nan | Max Q-Miss: nan | Val Max Gen Viol: nan | Val Max Thermal: nan
Epoch 6500 | Val Loss: nan | Val Cost:     nan | Val Max P-Miss: nan | Max Q-Miss: nan | Val Max Gen Viol: nan | Val Max Thermal: nan
Epoch 6510 | Val Loss: nan | Val Cost:     nan | Val Max P-Miss: nan | Max Q-Miss: nan | Val Max Gen Viol: nan | Val Max Thermal: nan
Epoch 6520 | Val Loss: nan | Val Cost:     nan | Val Max P-Miss: nan | Max Q-Miss: nan | Val Max Gen Viol: nan | Val Max Thermal: nan
Epoch 6530 | Val Loss: nan | Val Cost:     nan | Val Max P-Miss: nan | Max Q-Miss: nan | Val Max Gen Viol: nan | Val Max Thermal: nan
Epoch 6540 | Val Loss: nan | Val Cost:     nan | Val Max P-Miss: nan | Max Q-Miss: nan | Val Max Gen Viol: nan | Val Max Thermal: nan
Epoch 6550 | Val Loss: nan | Val Cost:     nan | Val Max P-Miss: nan | Max Q-Miss: nan | Val Max Gen Viol: nan | Val Max Thermal: nan
Epoch 6560 | Val Loss: nan | Val Cost:     nan | Val Max P-Miss: nan | Max Q-Miss: nan | Val Max Gen Viol: nan | Val Max Thermal: nan
Epoch 6570 | Val Loss: nan | Val Cost:     nan | Val Max P-Miss: nan | Max Q-Miss: nan | Val Max Gen Viol: nan | Val Max Thermal: nan
Epoch 6580 | Val Loss: nan | Val Cost:     nan | Val Max P-Miss: nan | Max Q-Miss: nan | Val Max Gen Viol: nan | Val Max Thermal: nan
Epoch 6590 | Val Loss: nan | Val Cost:     nan | Val Max P-Miss: nan | Max Q-Miss: nan | Val Max Gen Viol: nan | Val Max Thermal: nan
Epoch 6600 | Val Loss: nan | Val Cost:     nan | Val Max P-Miss: nan | Max Q-Miss: nan | Val Max Gen Viol: nan | Val Max Thermal: nan
Epoch 6610 | Val Loss: nan | Val Cost:     nan | Val Max P-Miss: nan | Max Q-Miss: nan | Val Max Gen Viol: nan | Val Max Thermal: nan
Epoch 6620 | Val Loss: nan | Val Cost:     nan | Val Max P-Miss: nan | Max Q-Miss: nan | Val Max Gen Viol: nan | Val Max Thermal: nan
Epoch 6630 | Val Loss: nan | Val Cost:     nan | Val Max P-Miss: nan | Max Q-Miss: nan | Val Max Gen Viol: nan | Val Max Thermal: nan
Epoch 6640 | Val Loss: nan | Val Cost:     nan | Val Max P-Miss: nan | Max Q-Miss: nan | Val Max Gen Viol: nan | Val Max Thermal: nan
Epoch 6650 | Val Loss: nan | Val Cost:     nan | Val Max P-Miss: nan | Max Q-Miss: nan | Val Max Gen Viol: nan | Val Max Thermal: nan
Epoch 6660 | Val Loss: nan | Val Cost:     nan | Val Max P-Miss: nan | Max Q-Miss: nan | Val Max Gen Viol: nan | Val Max Thermal: nan
Epoch 6670 | Val Loss: nan | Val Cost:     nan | Val Max P-Miss: nan | Max Q-Miss: nan | Val Max Gen Viol: nan | Val Max Thermal: nan
Epoch 6680 | Val Loss: nan | Val Cost:     nan | Val Max P-Miss: nan | Max Q-Miss: nan | Val Max Gen Viol: nan | Val Max Thermal: nan
Epoch 6690 | Val Loss: nan | Val Cost:     nan | Val Max P-Miss: nan | Max Q-Miss: nan | Val Max Gen Viol: nan | Val Max Thermal: nan
Epoch 6700 | Val Loss: nan | Val Cost:     nan | Val Max P-Miss: nan | Max Q-Miss: nan | Val Max Gen Viol: nan | Val Max Thermal: nan
Epoch 6710 | Val Loss: nan | Val Cost:     nan | Val Max P-Miss: nan | Max Q-Miss: nan | Val Max Gen Viol: nan | Val Max Thermal: nan
Epoch 6720 | Val Loss: nan | Val Cost:     nan | Val Max P-Miss: nan | Max Q-Miss: nan | Val Max Gen Viol: nan | Val Max Thermal: nan
Epoch 6730 | Val Loss: nan | Val Cost:     nan | Val Max P-Miss: nan | Max Q-Miss: nan | Val Max Gen Viol: nan | Val Max Thermal: nan
Epoch 6740 | Val Loss: nan | Val Cost:     nan | Val Max P-Miss: nan | Max Q-Miss: nan | Val Max Gen Viol: nan | Val Max Thermal: nan
Epoch 6750 | Val Loss: nan | Val Cost:     nan | Val Max P-Miss: nan | Max Q-Miss: nan | Val Max Gen Viol: nan | Val Max Thermal: nan
Epoch 6760 | Val Loss: nan | Val Cost:     nan | Val Max P-Miss: nan | Max Q-Miss: nan | Val Max Gen Viol: nan | Val Max Thermal: nan
Epoch 6770 | Val Loss: nan | Val Cost:     nan | Val Max P-Miss: nan | Max Q-Miss: nan | Val Max Gen Viol: nan | Val Max Thermal: nan
Epoch 6780 | Val Loss: nan | Val Cost:     nan | Val Max P-Miss: nan | Max Q-Miss: nan | Val Max Gen Viol: nan | Val Max Thermal: nan
Epoch 6790 | Val Loss: nan | Val Cost:     nan | Val Max P-Miss: nan | Max Q-Miss: nan | Val Max Gen Viol: nan | Val Max Thermal: nan
Epoch 6800 | Val Loss: nan | Val Cost:     nan | Val Max P-Miss: nan | Max Q-Miss: nan | Val Max Gen Viol: nan | Val Max Thermal: nan
Epoch 6810 | Val Loss: nan | Val Cost:     nan | Val Max P-Miss: nan | Max Q-Miss: nan | Val Max Gen Viol: nan | Val Max Thermal: nan
Epoch 6820 | Val Loss: nan | Val Cost:     nan | Val Max P-Miss: nan | Max Q-Miss: nan | Val Max Gen Viol: nan | Val Max Thermal: nan
Epoch 6830 | Val Loss: nan | Val Cost:     nan | Val Max P-Miss: nan | Max Q-Miss: nan | Val Max Gen Viol: nan | Val Max Thermal: nan
Epoch 6840 | Val Loss: nan | Val Cost:     nan | Val Max P-Miss: nan | Max Q-Miss: nan | Val Max Gen Viol: nan | Val Max Thermal: nan
Epoch 6850 | Val Loss: nan | Val Cost:     nan | Val Max P-Miss: nan | Max Q-Miss: nan | Val Max Gen Viol: nan | Val Max Thermal: nan
Epoch 6860 | Val Loss: nan | Val Cost:     nan | Val Max P-Miss: nan | Max Q-Miss: nan | Val Max Gen Viol: nan | Val Max Thermal: nan
Epoch 6870 | Val Loss: nan | Val Cost:     nan | Val Max P-Miss: nan | Max Q-Miss: nan | Val Max Gen Viol: nan | Val Max Thermal: nan
Epoch 6880 | Val Loss: nan | Val Cost:     nan | Val Max P-Miss: nan | Max Q-Miss: nan | Val Max Gen Viol: nan | Val Max Thermal: nan
Epoch 6890 | Val Loss: nan | Val Cost:     nan | Val Max P-Miss: nan | Max Q-Miss: nan | Val Max Gen Viol: nan | Val Max Thermal: nan
Epoch 6900 | Val Loss: nan | Val Cost:     nan | Val Max P-Miss: nan | Max Q-Miss: nan | Val Max Gen Viol: nan | Val Max Thermal: nan
Epoch 6910 | Val Loss: nan | Val Cost:     nan | Val Max P-Miss: nan | Max Q-Miss: nan | Val Max Gen Viol: nan | Val Max Thermal: nan
Epoch 6920 | Val Loss: nan | Val Cost:     nan | Val Max P-Miss: nan | Max Q-Miss: nan | Val Max Gen Viol: nan | Val Max Thermal: nan
Epoch 6930 | Val Loss: nan | Val Cost:     nan | Val Max P-Miss: nan | Max Q-Miss: nan | Val Max Gen Viol: nan | Val Max Thermal: nan
Epoch 6940 | Val Loss: nan | Val Cost:     nan | Val Max P-Miss: nan | Max Q-Miss: nan | Val Max Gen Viol: nan | Val Max Thermal: nan
Epoch 6950 | Val Loss: nan | Val Cost:     nan | Val Max P-Miss: nan | Max Q-Miss: nan | Val Max Gen Viol: nan | Val Max Thermal: nan
Epoch 6960 | Val Loss: nan | Val Cost:     nan | Val Max P-Miss: nan | Max Q-Miss: nan | Val Max Gen Viol: nan | Val Max Thermal: nan
Epoch 6970 | Val Loss: nan | Val Cost:     nan | Val Max P-Miss: nan | Max Q-Miss: nan | Val Max Gen Viol: nan | Val Max Thermal: nan
Epoch 6980 | Val Loss: nan | Val Cost:     nan | Val Max P-Miss: nan | Max Q-Miss: nan | Val Max Gen Viol: nan | Val Max Thermal: nan
Epoch 6990 | Val Loss: nan | Val Cost:     nan | Val Max P-Miss: nan | Max Q-Miss: nan | Val Max Gen Viol: nan | Val Max Thermal: nan
Epoch 7000 | Val Loss: nan | Val Cost:     nan | Val Max P-Miss: nan | Max Q-Miss: nan | Val Max Gen Viol: nan | Val Max Thermal: nan
Epoch 7010 | Val Loss: nan | Val Cost:     nan | Val Max P-Miss: nan | Max Q-Miss: nan | Val Max Gen Viol: nan | Val Max Thermal: nan
Epoch 7020 | Val Loss: nan | Val Cost:     nan | Val Max P-Miss: nan | Max Q-Miss: nan | Val Max Gen Viol: nan | Val Max Thermal: nan
Epoch 7030 | Val Loss: nan | Val Cost:     nan | Val Max P-Miss: nan | Max Q-Miss: nan | Val Max Gen Viol: nan | Val Max Thermal: nan
Epoch 7040 | Val Loss: nan | Val Cost:     nan | Val Max P-Miss: nan | Max Q-Miss: nan | Val Max Gen Viol: nan | Val Max Thermal: nan
Epoch 7050 | Val Loss: nan | Val Cost:     nan | Val Max P-Miss: nan | Max Q-Miss: nan | Val Max Gen Viol: nan | Val Max Thermal: nan
Epoch 7060 | Val Loss: nan | Val Cost:     nan | Val Max P-Miss: nan | Max Q-Miss: nan | Val Max Gen Viol: nan | Val Max Thermal: nan
Epoch 7070 | Val Loss: nan | Val Cost:     nan | Val Max P-Miss: nan | Max Q-Miss: nan | Val Max Gen Viol: nan | Val Max Thermal: nan
Epoch 7080 | Val Loss: nan | Val Cost:     nan | Val Max P-Miss: nan | Max Q-Miss: nan | Val Max Gen Viol: nan | Val Max Thermal: nan
Epoch 7090 | Val Loss: nan | Val Cost:     nan | Val Max P-Miss: nan | Max Q-Miss: nan | Val Max Gen Viol: nan | Val Max Thermal: nan
Epoch 7100 | Val Loss: nan | Val Cost:     nan | Val Max P-Miss: nan | Max Q-Miss: nan | Val Max Gen Viol: nan | Val Max Thermal: nan
Epoch 7110 | Val Loss: nan | Val Cost:     nan | Val Max P-Miss: nan | Max Q-Miss: nan | Val Max Gen Viol: nan | Val Max Thermal: nan
Epoch 7120 | Val Loss: nan | Val Cost:     nan | Val Max P-Miss: nan | Max Q-Miss: nan | Val Max Gen Viol: nan | Val Max Thermal: nan
Epoch 7130 | Val Loss: nan | Val Cost:     nan | Val Max P-Miss: nan | Max Q-Miss: nan | Val Max Gen Viol: nan | Val Max Thermal: nan
Epoch 7140 | Val Loss: nan | Val Cost:     nan | Val Max P-Miss: nan | Max Q-Miss: nan | Val Max Gen Viol: nan | Val Max Thermal: nan
Epoch 7150 | Val Loss: nan | Val Cost:     nan | Val Max P-Miss: nan | Max Q-Miss: nan | Val Max Gen Viol: nan | Val Max Thermal: nan
Epoch 7160 | Val Loss: nan | Val Cost:     nan | Val Max P-Miss: nan | Max Q-Miss: nan | Val Max Gen Viol: nan | Val Max Thermal: nan
Epoch 7170 | Val Loss: nan | Val Cost:     nan | Val Max P-Miss: nan | Max Q-Miss: nan | Val Max Gen Viol: nan | Val Max Thermal: nan
Epoch 7180 | Val Loss: nan | Val Cost:     nan | Val Max P-Miss: nan | Max Q-Miss: nan | Val Max Gen Viol: nan | Val Max Thermal: nan
Epoch 7190 | Val Loss: nan | Val Cost:     nan | Val Max P-Miss: nan | Max Q-Miss: nan | Val Max Gen Viol: nan | Val Max Thermal: nan
Epoch 7200 | Val Loss: nan | Val Cost:     nan | Val Max P-Miss: nan | Max Q-Miss: nan | Val Max Gen Viol: nan | Val Max Thermal: nan
Epoch 7210 | Val Loss: nan | Val Cost:     nan | Val Max P-Miss: nan | Max Q-Miss: nan | Val Max Gen Viol: nan | Val Max Thermal: nan
Epoch 7220 | Val Loss: nan | Val Cost:     nan | Val Max P-Miss: nan | Max Q-Miss: nan | Val Max Gen Viol: nan | Val Max Thermal: nan
Epoch 7230 | Val Loss: nan | Val Cost:     nan | Val Max P-Miss: nan | Max Q-Miss: nan | Val Max Gen Viol: nan | Val Max Thermal: nan
Epoch 7240 | Val Loss: nan | Val Cost:     nan | Val Max P-Miss: nan | Max Q-Miss: nan | Val Max Gen Viol: nan | Val Max Thermal: nan
Epoch 7250 | Val Loss: nan | Val Cost:     nan | Val Max P-Miss: nan | Max Q-Miss: nan | Val Max Gen Viol: nan | Val Max Thermal: nan
Epoch 7260 | Val Loss: nan | Val Cost:     nan | Val Max P-Miss: nan | Max Q-Miss: nan | Val Max Gen Viol: nan | Val Max Thermal: nan
Epoch 7270 | Val Loss: nan | Val Cost:     nan | Val Max P-Miss: nan | Max Q-Miss: nan | Val Max Gen Viol: nan | Val Max Thermal: nan
Epoch 7280 | Val Loss: nan | Val Cost:     nan | Val Max P-Miss: nan | Max Q-Miss: nan | Val Max Gen Viol: nan | Val Max Thermal: nan
Epoch 7290 | Val Loss: nan | Val Cost:     nan | Val Max P-Miss: nan | Max Q-Miss: nan | Val Max Gen Viol: nan | Val Max Thermal: nan
Epoch 7300 | Val Loss: nan | Val Cost:     nan | Val Max P-Miss: nan | Max Q-Miss: nan | Val Max Gen Viol: nan | Val Max Thermal: nan
Epoch 7310 | Val Loss: nan | Val Cost:     nan | Val Max P-Miss: nan | Max Q-Miss: nan | Val Max Gen Viol: nan | Val Max Thermal: nan
Epoch 7320 | Val Loss: nan | Val Cost:     nan | Val Max P-Miss: nan | Max Q-Miss: nan | Val Max Gen Viol: nan | Val Max Thermal: nan
Epoch 7330 | Val Loss: nan | Val Cost:     nan | Val Max P-Miss: nan | Max Q-Miss: nan | Val Max Gen Viol: nan | Val Max Thermal: nan
Epoch 7340 | Val Loss: nan | Val Cost:     nan | Val Max P-Miss: nan | Max Q-Miss: nan | Val Max Gen Viol: nan | Val Max Thermal: nan
Epoch 7350 | Val Loss: nan | Val Cost:     nan | Val Max P-Miss: nan | Max Q-Miss: nan | Val Max Gen Viol: nan | Val Max Thermal: nan
Epoch 7360 | Val Loss: nan | Val Cost:     nan | Val Max P-Miss: nan | Max Q-Miss: nan | Val Max Gen Viol: nan | Val Max Thermal: nan
Epoch 7370 | Val Loss: nan | Val Cost:     nan | Val Max P-Miss: nan | Max Q-Miss: nan | Val Max Gen Viol: nan | Val Max Thermal: nan
Epoch 7380 | Val Loss: nan | Val Cost:     nan | Val Max P-Miss: nan | Max Q-Miss: nan | Val Max Gen Viol: nan | Val Max Thermal: nan
Epoch 7390 | Val Loss: nan | Val Cost:     nan | Val Max P-Miss: nan | Max Q-Miss: nan | Val Max Gen Viol: nan | Val Max Thermal: nan
Epoch 7400 | Val Loss: nan | Val Cost:     nan | Val Max P-Miss: nan | Max Q-Miss: nan | Val Max Gen Viol: nan | Val Max Thermal: nan
Epoch 7410 | Val Loss: nan | Val Cost:     nan | Val Max P-Miss: nan | Max Q-Miss: nan | Val Max Gen Viol: nan | Val Max Thermal: nan
Epoch 7420 | Val Loss: nan | Val Cost:     nan | Val Max P-Miss: nan | Max Q-Miss: nan | Val Max Gen Viol: nan | Val Max Thermal: nan
Epoch 7430 | Val Loss: nan | Val Cost:     nan | Val Max P-Miss: nan | Max Q-Miss: nan | Val Max Gen Viol: nan | Val Max Thermal: nan
Epoch 7440 | Val Loss: nan | Val Cost:     nan | Val Max P-Miss: nan | Max Q-Miss: nan | Val Max Gen Viol: nan | Val Max Thermal: nan
Epoch 7450 | Val Loss: nan | Val Cost:     nan | Val Max P-Miss: nan | Max Q-Miss: nan | Val Max Gen Viol: nan | Val Max Thermal: nan
Epoch 7460 | Val Loss: nan | Val Cost:     nan | Val Max P-Miss: nan | Max Q-Miss: nan | Val Max Gen Viol: nan | Val Max Thermal: nan
Epoch 7470 | Val Loss: nan | Val Cost:     nan | Val Max P-Miss: nan | Max Q-Miss: nan | Val Max Gen Viol: nan | Val Max Thermal: nan
Epoch 7480 | Val Loss: nan | Val Cost:     nan | Val Max P-Miss: nan | Max Q-Miss: nan | Val Max Gen Viol: nan | Val Max Thermal: nan
Epoch 7490 | Val Loss: nan | Val Cost:     nan | Val Max P-Miss: nan | Max Q-Miss: nan | Val Max Gen Viol: nan | Val Max Thermal: nan
Epoch 7500 | Val Loss: nan | Val Cost:     nan | Val Max P-Miss: nan | Max Q-Miss: nan | Val Max Gen Viol: nan | Val Max Thermal: nan
Epoch 7510 | Val Loss: nan | Val Cost:     nan | Val Max P-Miss: nan | Max Q-Miss: nan | Val Max Gen Viol: nan | Val Max Thermal: nan
Epoch 7520 | Val Loss: nan | Val Cost:     nan | Val Max P-Miss: nan | Max Q-Miss: nan | Val Max Gen Viol: nan | Val Max Thermal: nan
Epoch 7530 | Val Loss: nan | Val Cost:     nan | Val Max P-Miss: nan | Max Q-Miss: nan | Val Max Gen Viol: nan | Val Max Thermal: nan
Epoch 7540 | Val Loss: nan | Val Cost:     nan | Val Max P-Miss: nan | Max Q-Miss: nan | Val Max Gen Viol: nan | Val Max Thermal: nan
Epoch 7550 | Val Loss: nan | Val Cost:     nan | Val Max P-Miss: nan | Max Q-Miss: nan | Val Max Gen Viol: nan | Val Max Thermal: nan
Epoch 7560 | Val Loss: nan | Val Cost:     nan | Val Max P-Miss: nan | Max Q-Miss: nan | Val Max Gen Viol: nan | Val Max Thermal: nan
Epoch 7570 | Val Loss: nan | Val Cost:     nan | Val Max P-Miss: nan | Max Q-Miss: nan | Val Max Gen Viol: nan | Val Max Thermal: nan
Epoch 7580 | Val Loss: nan | Val Cost:     nan | Val Max P-Miss: nan | Max Q-Miss: nan | Val Max Gen Viol: nan | Val Max Thermal: nan
Epoch 7590 | Val Loss: nan | Val Cost:     nan | Val Max P-Miss: nan | Max Q-Miss: nan | Val Max Gen Viol: nan | Val Max Thermal: nan
Epoch 7600 | Val Loss: nan | Val Cost:     nan | Val Max P-Miss: nan | Max Q-Miss: nan | Val Max Gen Viol: nan | Val Max Thermal: nan
Epoch 7610 | Val Loss: nan | Val Cost:     nan | Val Max P-Miss: nan | Max Q-Miss: nan | Val Max Gen Viol: nan | Val Max Thermal: nan
Epoch 7620 | Val Loss: nan | Val Cost:     nan | Val Max P-Miss: nan | Max Q-Miss: nan | Val Max Gen Viol: nan | Val Max Thermal: nan
Epoch 7630 | Val Loss: nan | Val Cost:     nan | Val Max P-Miss: nan | Max Q-Miss: nan | Val Max Gen Viol: nan | Val Max Thermal: nan
Epoch 7640 | Val Loss: nan | Val Cost:     nan | Val Max P-Miss: nan | Max Q-Miss: nan | Val Max Gen Viol: nan | Val Max Thermal: nan
Epoch 7650 | Val Loss: nan | Val Cost:     nan | Val Max P-Miss: nan | Max Q-Miss: nan | Val Max Gen Viol: nan | Val Max Thermal: nan
Epoch 7660 | Val Loss: nan | Val Cost:     nan | Val Max P-Miss: nan | Max Q-Miss: nan | Val Max Gen Viol: nan | Val Max Thermal: nan
Epoch 7670 | Val Loss: nan | Val Cost:     nan | Val Max P-Miss: nan | Max Q-Miss: nan | Val Max Gen Viol: nan | Val Max Thermal: nan
Epoch 7680 | Val Loss: nan | Val Cost:     nan | Val Max P-Miss: nan | Max Q-Miss: nan | Val Max Gen Viol: nan | Val Max Thermal: nan
Epoch 7690 | Val Loss: nan | Val Cost:     nan | Val Max P-Miss: nan | Max Q-Miss: nan | Val Max Gen Viol: nan | Val Max Thermal: nan
Epoch 7700 | Val Loss: nan | Val Cost:     nan | Val Max P-Miss: nan | Max Q-Miss: nan | Val Max Gen Viol: nan | Val Max Thermal: nan
Epoch 7710 | Val Loss: nan | Val Cost:     nan | Val Max P-Miss: nan | Max Q-Miss: nan | Val Max Gen Viol: nan | Val Max Thermal: nan
Epoch 7720 | Val Loss: nan | Val Cost:     nan | Val Max P-Miss: nan | Max Q-Miss: nan | Val Max Gen Viol: nan | Val Max Thermal: nan
Epoch 7730 | Val Loss: nan | Val Cost:     nan | Val Max P-Miss: nan | Max Q-Miss: nan | Val Max Gen Viol: nan | Val Max Thermal: nan
Epoch 7740 | Val Loss: nan | Val Cost:     nan | Val Max P-Miss: nan | Max Q-Miss: nan | Val Max Gen Viol: nan | Val Max Thermal: nan
Epoch 7750 | Val Loss: nan | Val Cost:     nan | Val Max P-Miss: nan | Max Q-Miss: nan | Val Max Gen Viol: nan | Val Max Thermal: nan
Epoch 7760 | Val Loss: nan | Val Cost:     nan | Val Max P-Miss: nan | Max Q-Miss: nan | Val Max Gen Viol: nan | Val Max Thermal: nan
Epoch 7770 | Val Loss: nan | Val Cost:     nan | Val Max P-Miss: nan | Max Q-Miss: nan | Val Max Gen Viol: nan | Val Max Thermal: nan
Epoch 7780 | Val Loss: nan | Val Cost:     nan | Val Max P-Miss: nan | Max Q-Miss: nan | Val Max Gen Viol: nan | Val Max Thermal: nan
Epoch 7790 | Val Loss: nan | Val Cost:     nan | Val Max P-Miss: nan | Max Q-Miss: nan | Val Max Gen Viol: nan | Val Max Thermal: nan
Epoch 7800 | Val Loss: nan | Val Cost:     nan | Val Max P-Miss: nan | Max Q-Miss: nan | Val Max Gen Viol: nan | Val Max Thermal: nan
Epoch 7810 | Val Loss: nan | Val Cost:     nan | Val Max P-Miss: nan | Max Q-Miss: nan | Val Max Gen Viol: nan | Val Max Thermal: nan
Epoch 7820 | Val Loss: nan | Val Cost:     nan | Val Max P-Miss: nan | Max Q-Miss: nan | Val Max Gen Viol: nan | Val Max Thermal: nan
Epoch 7830 | Val Loss: nan | Val Cost:     nan | Val Max P-Miss: nan | Max Q-Miss: nan | Val Max Gen Viol: nan | Val Max Thermal: nan
Epoch 7840 | Val Loss: nan | Val Cost:     nan | Val Max P-Miss: nan | Max Q-Miss: nan | Val Max Gen Viol: nan | Val Max Thermal: nan
Epoch 7850 | Val Loss: nan | Val Cost:     nan | Val Max P-Miss: nan | Max Q-Miss: nan | Val Max Gen Viol: nan | Val Max Thermal: nan
Epoch 7860 | Val Loss: nan | Val Cost:     nan | Val Max P-Miss: nan | Max Q-Miss: nan | Val Max Gen Viol: nan | Val Max Thermal: nan
Epoch 7870 | Val Loss: nan | Val Cost:     nan | Val Max P-Miss: nan | Max Q-Miss: nan | Val Max Gen Viol: nan | Val Max Thermal: nan
Epoch 7880 | Val Loss: nan | Val Cost:     nan | Val Max P-Miss: nan | Max Q-Miss: nan | Val Max Gen Viol: nan | Val Max Thermal: nan
Epoch 7890 | Val Loss: nan | Val Cost:     nan | Val Max P-Miss: nan | Max Q-Miss: nan | Val Max Gen Viol: nan | Val Max Thermal: nan
Epoch 7900 | Val Loss: nan | Val Cost:     nan | Val Max P-Miss: nan | Max Q-Miss: nan | Val Max Gen Viol: nan | Val Max Thermal: nan
Epoch 7910 | Val Loss: nan | Val Cost:     nan | Val Max P-Miss: nan | Max Q-Miss: nan | Val Max Gen Viol: nan | Val Max Thermal: nan
Epoch 7920 | Val Loss: nan | Val Cost:     nan | Val Max P-Miss: nan | Max Q-Miss: nan | Val Max Gen Viol: nan | Val Max Thermal: nan
Epoch 7930 | Val Loss: nan | Val Cost:     nan | Val Max P-Miss: nan | Max Q-Miss: nan | Val Max Gen Viol: nan | Val Max Thermal: nan
Epoch 7940 | Val Loss: nan | Val Cost:     nan | Val Max P-Miss: nan | Max Q-Miss: nan | Val Max Gen Viol: nan | Val Max Thermal: nan
Epoch 7950 | Val Loss: nan | Val Cost:     nan | Val Max P-Miss: nan | Max Q-Miss: nan | Val Max Gen Viol: nan | Val Max Thermal: nan
Epoch 7960 | Val Loss: nan | Val Cost:     nan | Val Max P-Miss: nan | Max Q-Miss: nan | Val Max Gen Viol: nan | Val Max Thermal: nan
Epoch 7970 | Val Loss: nan | Val Cost:     nan | Val Max P-Miss: nan | Max Q-Miss: nan | Val Max Gen Viol: nan | Val Max Thermal: nan
Epoch 7980 | Val Loss: nan | Val Cost:     nan | Val Max P-Miss: nan | Max Q-Miss: nan | Val Max Gen Viol: nan | Val Max Thermal: nan
Epoch 7990 | Val Loss: nan | Val Cost:     nan | Val Max P-Miss: nan | Max Q-Miss: nan | Val Max Gen Viol: nan | Val Max Thermal: nan
Epoch 8000 | Val Loss: nan | Val Cost:     nan | Val Max P-Miss: nan | Max Q-Miss: nan | Val Max Gen Viol: nan | Val Max Thermal: nan
Epoch 8010 | Val Loss: nan | Val Cost:     nan | Val Max P-Miss: nan | Max Q-Miss: nan | Val Max Gen Viol: nan | Val Max Thermal: nan
Epoch 8020 | Val Loss: nan | Val Cost:     nan | Val Max P-Miss: nan | Max Q-Miss: nan | Val Max Gen Viol: nan | Val Max Thermal: nan
Epoch 8030 | Val Loss: nan | Val Cost:     nan | Val Max P-Miss: nan | Max Q-Miss: nan | Val Max Gen Viol: nan | Val Max Thermal: nan
Epoch 8040 | Val Loss: nan | Val Cost:     nan | Val Max P-Miss: nan | Max Q-Miss: nan | Val Max Gen Viol: nan | Val Max Thermal: nan
Epoch 8050 | Val Loss: nan | Val Cost:     nan | Val Max P-Miss: nan | Max Q-Miss: nan | Val Max Gen Viol: nan | Val Max Thermal: nan
Epoch 8060 | Val Loss: nan | Val Cost:     nan | Val Max P-Miss: nan | Max Q-Miss: nan | Val Max Gen Viol: nan | Val Max Thermal: nan
Epoch 8070 | Val Loss: nan | Val Cost:     nan | Val Max P-Miss: nan | Max Q-Miss: nan | Val Max Gen Viol: nan | Val Max Thermal: nan
Epoch 8080 | Val Loss: nan | Val Cost:     nan | Val Max P-Miss: nan | Max Q-Miss: nan | Val Max Gen Viol: nan | Val Max Thermal: nan
Epoch 8090 | Val Loss: nan | Val Cost:     nan | Val Max P-Miss: nan | Max Q-Miss: nan | Val Max Gen Viol: nan | Val Max Thermal: nan
Epoch 8100 | Val Loss: nan | Val Cost:     nan | Val Max P-Miss: nan | Max Q-Miss: nan | Val Max Gen Viol: nan | Val Max Thermal: nan
Epoch 8110 | Val Loss: nan | Val Cost:     nan | Val Max P-Miss: nan | Max Q-Miss: nan | Val Max Gen Viol: nan | Val Max Thermal: nan
Epoch 8120 | Val Loss: nan | Val Cost:     nan | Val Max P-Miss: nan | Max Q-Miss: nan | Val Max Gen Viol: nan | Val Max Thermal: nan
Epoch 8130 | Val Loss: nan | Val Cost:     nan | Val Max P-Miss: nan | Max Q-Miss: nan | Val Max Gen Viol: nan | Val Max Thermal: nan
Epoch 8140 | Val Loss: nan | Val Cost:     nan | Val Max P-Miss: nan | Max Q-Miss: nan | Val Max Gen Viol: nan | Val Max Thermal: nan
Epoch 8150 | Val Loss: nan | Val Cost:     nan | Val Max P-Miss: nan | Max Q-Miss: nan | Val Max Gen Viol: nan | Val Max Thermal: nan
Epoch 8160 | Val Loss: nan | Val Cost:     nan | Val Max P-Miss: nan | Max Q-Miss: nan | Val Max Gen Viol: nan | Val Max Thermal: nan
Epoch 8170 | Val Loss: nan | Val Cost:     nan | Val Max P-Miss: nan | Max Q-Miss: nan | Val Max Gen Viol: nan | Val Max Thermal: nan
Epoch 8180 | Val Loss: nan | Val Cost:     nan | Val Max P-Miss: nan | Max Q-Miss: nan | Val Max Gen Viol: nan | Val Max Thermal: nan
Epoch 8190 | Val Loss: nan | Val Cost:     nan | Val Max P-Miss: nan | Max Q-Miss: nan | Val Max Gen Viol: nan | Val Max Thermal: nan
Epoch 8200 | Val Loss: nan | Val Cost:     nan | Val Max P-Miss: nan | Max Q-Miss: nan | Val Max Gen Viol: nan | Val Max Thermal: nan
Epoch 8210 | Val Loss: nan | Val Cost:     nan | Val Max P-Miss: nan | Max Q-Miss: nan | Val Max Gen Viol: nan | Val Max Thermal: nan
Epoch 8220 | Val Loss: nan | Val Cost:     nan | Val Max P-Miss: nan | Max Q-Miss: nan | Val Max Gen Viol: nan | Val Max Thermal: nan
Epoch 8230 | Val Loss: nan | Val Cost:     nan | Val Max P-Miss: nan | Max Q-Miss: nan | Val Max Gen Viol: nan | Val Max Thermal: nan
Epoch 8240 | Val Loss: nan | Val Cost:     nan | Val Max P-Miss: nan | Max Q-Miss: nan | Val Max Gen Viol: nan | Val Max Thermal: nan
Epoch 8250 | Val Loss: nan | Val Cost:     nan | Val Max P-Miss: nan | Max Q-Miss: nan | Val Max Gen Viol: nan | Val Max Thermal: nan
Epoch 8260 | Val Loss: nan | Val Cost:     nan | Val Max P-Miss: nan | Max Q-Miss: nan | Val Max Gen Viol: nan | Val Max Thermal: nan
Epoch 8270 | Val Loss: nan | Val Cost:     nan | Val Max P-Miss: nan | Max Q-Miss: nan | Val Max Gen Viol: nan | Val Max Thermal: nan
Epoch 8280 | Val Loss: nan | Val Cost:     nan | Val Max P-Miss: nan | Max Q-Miss: nan | Val Max Gen Viol: nan | Val Max Thermal: nan
Epoch 8290 | Val Loss: nan | Val Cost:     nan | Val Max P-Miss: nan | Max Q-Miss: nan | Val Max Gen Viol: nan | Val Max Thermal: nan
Epoch 8300 | Val Loss: nan | Val Cost:     nan | Val Max P-Miss: nan | Max Q-Miss: nan | Val Max Gen Viol: nan | Val Max Thermal: nan
Epoch 8310 | Val Loss: nan | Val Cost:     nan | Val Max P-Miss: nan | Max Q-Miss: nan | Val Max Gen Viol: nan | Val Max Thermal: nan
Epoch 8320 | Val Loss: nan | Val Cost:     nan | Val Max P-Miss: nan | Max Q-Miss: nan | Val Max Gen Viol: nan | Val Max Thermal: nan
Epoch 8330 | Val Loss: nan | Val Cost:     nan | Val Max P-Miss: nan | Max Q-Miss: nan | Val Max Gen Viol: nan | Val Max Thermal: nan
Epoch 8340 | Val Loss: nan | Val Cost:     nan | Val Max P-Miss: nan | Max Q-Miss: nan | Val Max Gen Viol: nan | Val Max Thermal: nan
Epoch 8350 | Val Loss: nan | Val Cost:     nan | Val Max P-Miss: nan | Max Q-Miss: nan | Val Max Gen Viol: nan | Val Max Thermal: nan
Epoch 8360 | Val Loss: nan | Val Cost:     nan | Val Max P-Miss: nan | Max Q-Miss: nan | Val Max Gen Viol: nan | Val Max Thermal: nan
Epoch 8370 | Val Loss: nan | Val Cost:     nan | Val Max P-Miss: nan | Max Q-Miss: nan | Val Max Gen Viol: nan | Val Max Thermal: nan
Epoch 8380 | Val Loss: nan | Val Cost:     nan | Val Max P-Miss: nan | Max Q-Miss: nan | Val Max Gen Viol: nan | Val Max Thermal: nan
Epoch 8390 | Val Loss: nan | Val Cost:     nan | Val Max P-Miss: nan | Max Q-Miss: nan | Val Max Gen Viol: nan | Val Max Thermal: nan
Epoch 8400 | Val Loss: nan | Val Cost:     nan | Val Max P-Miss: nan | Max Q-Miss: nan | Val Max Gen Viol: nan | Val Max Thermal: nan
Epoch 8410 | Val Loss: nan | Val Cost:     nan | Val Max P-Miss: nan | Max Q-Miss: nan | Val Max Gen Viol: nan | Val Max Thermal: nan
Epoch 8420 | Val Loss: nan | Val Cost:     nan | Val Max P-Miss: nan | Max Q-Miss: nan | Val Max Gen Viol: nan | Val Max Thermal: nan
Epoch 8430 | Val Loss: nan | Val Cost:     nan | Val Max P-Miss: nan | Max Q-Miss: nan | Val Max Gen Viol: nan | Val Max Thermal: nan
Epoch 8440 | Val Loss: nan | Val Cost:     nan | Val Max P-Miss: nan | Max Q-Miss: nan | Val Max Gen Viol: nan | Val Max Thermal: nan
Epoch 8450 | Val Loss: nan | Val Cost:     nan | Val Max P-Miss: nan | Max Q-Miss: nan | Val Max Gen Viol: nan | Val Max Thermal: nan
Epoch 8460 | Val Loss: nan | Val Cost:     nan | Val Max P-Miss: nan | Max Q-Miss: nan | Val Max Gen Viol: nan | Val Max Thermal: nan
Epoch 8470 | Val Loss: nan | Val Cost:     nan | Val Max P-Miss: nan | Max Q-Miss: nan | Val Max Gen Viol: nan | Val Max Thermal: nan
Epoch 8480 | Val Loss: nan | Val Cost:     nan | Val Max P-Miss: nan | Max Q-Miss: nan | Val Max Gen Viol: nan | Val Max Thermal: nan
Epoch 8490 | Val Loss: nan | Val Cost:     nan | Val Max P-Miss: nan | Max Q-Miss: nan | Val Max Gen Viol: nan | Val Max Thermal: nan
Epoch 8500 | Val Loss: nan | Val Cost:     nan | Val Max P-Miss: nan | Max Q-Miss: nan | Val Max Gen Viol: nan | Val Max Thermal: nan
Epoch 8510 | Val Loss: nan | Val Cost:     nan | Val Max P-Miss: nan | Max Q-Miss: nan | Val Max Gen Viol: nan | Val Max Thermal: nan
Epoch 8520 | Val Loss: nan | Val Cost:     nan | Val Max P-Miss: nan | Max Q-Miss: nan | Val Max Gen Viol: nan | Val Max Thermal: nan
Epoch 8530 | Val Loss: nan | Val Cost:     nan | Val Max P-Miss: nan | Max Q-Miss: nan | Val Max Gen Viol: nan | Val Max Thermal: nan
Epoch 8540 | Val Loss: nan | Val Cost:     nan | Val Max P-Miss: nan | Max Q-Miss: nan | Val Max Gen Viol: nan | Val Max Thermal: nan
Epoch 8550 | Val Loss: nan | Val Cost:     nan | Val Max P-Miss: nan | Max Q-Miss: nan | Val Max Gen Viol: nan | Val Max Thermal: nan
Epoch 8560 | Val Loss: nan | Val Cost:     nan | Val Max P-Miss: nan | Max Q-Miss: nan | Val Max Gen Viol: nan | Val Max Thermal: nan
Epoch 8570 | Val Loss: nan | Val Cost:     nan | Val Max P-Miss: nan | Max Q-Miss: nan | Val Max Gen Viol: nan | Val Max Thermal: nan
Epoch 8580 | Val Loss: nan | Val Cost:     nan | Val Max P-Miss: nan | Max Q-Miss: nan | Val Max Gen Viol: nan | Val Max Thermal: nan
Epoch 8590 | Val Loss: nan | Val Cost:     nan | Val Max P-Miss: nan | Max Q-Miss: nan | Val Max Gen Viol: nan | Val Max Thermal: nan
Epoch 8600 | Val Loss: nan | Val Cost:     nan | Val Max P-Miss: nan | Max Q-Miss: nan | Val Max Gen Viol: nan | Val Max Thermal: nan
Epoch 8610 | Val Loss: nan | Val Cost:     nan | Val Max P-Miss: nan | Max Q-Miss: nan | Val Max Gen Viol: nan | Val Max Thermal: nan
Epoch 8620 | Val Loss: nan | Val Cost:     nan | Val Max P-Miss: nan | Max Q-Miss: nan | Val Max Gen Viol: nan | Val Max Thermal: nan
Epoch 8630 | Val Loss: nan | Val Cost:     nan | Val Max P-Miss: nan | Max Q-Miss: nan | Val Max Gen Viol: nan | Val Max Thermal: nan
Epoch 8640 | Val Loss: nan | Val Cost:     nan | Val Max P-Miss: nan | Max Q-Miss: nan | Val Max Gen Viol: nan | Val Max Thermal: nan
Epoch 8650 | Val Loss: nan | Val Cost:     nan | Val Max P-Miss: nan | Max Q-Miss: nan | Val Max Gen Viol: nan | Val Max Thermal: nan
Epoch 8660 | Val Loss: nan | Val Cost:     nan | Val Max P-Miss: nan | Max Q-Miss: nan | Val Max Gen Viol: nan | Val Max Thermal: nan
Epoch 8670 | Val Loss: nan | Val Cost:     nan | Val Max P-Miss: nan | Max Q-Miss: nan | Val Max Gen Viol: nan | Val Max Thermal: nan
Epoch 8680 | Val Loss: nan | Val Cost:     nan | Val Max P-Miss: nan | Max Q-Miss: nan | Val Max Gen Viol: nan | Val Max Thermal: nan
Epoch 8690 | Val Loss: nan | Val Cost:     nan | Val Max P-Miss: nan | Max Q-Miss: nan | Val Max Gen Viol: nan | Val Max Thermal: nan
Epoch 8700 | Val Loss: nan | Val Cost:     nan | Val Max P-Miss: nan | Max Q-Miss: nan | Val Max Gen Viol: nan | Val Max Thermal: nan
Epoch 8710 | Val Loss: nan | Val Cost:     nan | Val Max P-Miss: nan | Max Q-Miss: nan | Val Max Gen Viol: nan | Val Max Thermal: nan
Epoch 8720 | Val Loss: nan | Val Cost:     nan | Val Max P-Miss: nan | Max Q-Miss: nan | Val Max Gen Viol: nan | Val Max Thermal: nan
Epoch 8730 | Val Loss: nan | Val Cost:     nan | Val Max P-Miss: nan | Max Q-Miss: nan | Val Max Gen Viol: nan | Val Max Thermal: nan
Epoch 8740 | Val Loss: nan | Val Cost:     nan | Val Max P-Miss: nan | Max Q-Miss: nan | Val Max Gen Viol: nan | Val Max Thermal: nan
Epoch 8750 | Val Loss: nan | Val Cost:     nan | Val Max P-Miss: nan | Max Q-Miss: nan | Val Max Gen Viol: nan | Val Max Thermal: nan
Epoch 8760 | Val Loss: nan | Val Cost:     nan | Val Max P-Miss: nan | Max Q-Miss: nan | Val Max Gen Viol: nan | Val Max Thermal: nan
Epoch 8770 | Val Loss: nan | Val Cost:     nan | Val Max P-Miss: nan | Max Q-Miss: nan | Val Max Gen Viol: nan | Val Max Thermal: nan
Epoch 8780 | Val Loss: nan | Val Cost:     nan | Val Max P-Miss: nan | Max Q-Miss: nan | Val Max Gen Viol: nan | Val Max Thermal: nan
Epoch 8790 | Val Loss: nan | Val Cost:     nan | Val Max P-Miss: nan | Max Q-Miss: nan | Val Max Gen Viol: nan | Val Max Thermal: nan
Epoch 8800 | Val Loss: nan | Val Cost:     nan | Val Max P-Miss: nan | Max Q-Miss: nan | Val Max Gen Viol: nan | Val Max Thermal: nan
Epoch 8810 | Val Loss: nan | Val Cost:     nan | Val Max P-Miss: nan | Max Q-Miss: nan | Val Max Gen Viol: nan | Val Max Thermal: nan
Epoch 8820 | Val Loss: nan | Val Cost:     nan | Val Max P-Miss: nan | Max Q-Miss: nan | Val Max Gen Viol: nan | Val Max Thermal: nan
Epoch 8830 | Val Loss: nan | Val Cost:     nan | Val Max P-Miss: nan | Max Q-Miss: nan | Val Max Gen Viol: nan | Val Max Thermal: nan
Epoch 8840 | Val Loss: nan | Val Cost:     nan | Val Max P-Miss: nan | Max Q-Miss: nan | Val Max Gen Viol: nan | Val Max Thermal: nan
Epoch 8850 | Val Loss: nan | Val Cost:     nan | Val Max P-Miss: nan | Max Q-Miss: nan | Val Max Gen Viol: nan | Val Max Thermal: nan
Epoch 8860 | Val Loss: nan | Val Cost:     nan | Val Max P-Miss: nan | Max Q-Miss: nan | Val Max Gen Viol: nan | Val Max Thermal: nan
Epoch 8870 | Val Loss: nan | Val Cost:     nan | Val Max P-Miss: nan | Max Q-Miss: nan | Val Max Gen Viol: nan | Val Max Thermal: nan
Epoch 8880 | Val Loss: nan | Val Cost:     nan | Val Max P-Miss: nan | Max Q-Miss: nan | Val Max Gen Viol: nan | Val Max Thermal: nan
Epoch 8890 | Val Loss: nan | Val Cost:     nan | Val Max P-Miss: nan | Max Q-Miss: nan | Val Max Gen Viol: nan | Val Max Thermal: nan
Epoch 8900 | Val Loss: nan | Val Cost:     nan | Val Max P-Miss: nan | Max Q-Miss: nan | Val Max Gen Viol: nan | Val Max Thermal: nan
Epoch 8910 | Val Loss: nan | Val Cost:     nan | Val Max P-Miss: nan | Max Q-Miss: nan | Val Max Gen Viol: nan | Val Max Thermal: nan
Epoch 8920 | Val Loss: nan | Val Cost:     nan | Val Max P-Miss: nan | Max Q-Miss: nan | Val Max Gen Viol: nan | Val Max Thermal: nan
Epoch 8930 | Val Loss: nan | Val Cost:     nan | Val Max P-Miss: nan | Max Q-Miss: nan | Val Max Gen Viol: nan | Val Max Thermal: nan
Epoch 8940 | Val Loss: nan | Val Cost:     nan | Val Max P-Miss: nan | Max Q-Miss: nan | Val Max Gen Viol: nan | Val Max Thermal: nan
Epoch 8950 | Val Loss: nan | Val Cost:     nan | Val Max P-Miss: nan | Max Q-Miss: nan | Val Max Gen Viol: nan | Val Max Thermal: nan
Epoch 8960 | Val Loss: nan | Val Cost:     nan | Val Max P-Miss: nan | Max Q-Miss: nan | Val Max Gen Viol: nan | Val Max Thermal: nan
Epoch 8970 | Val Loss: nan | Val Cost:     nan | Val Max P-Miss: nan | Max Q-Miss: nan | Val Max Gen Viol: nan | Val Max Thermal: nan
Epoch 8980 | Val Loss: nan | Val Cost:     nan | Val Max P-Miss: nan | Max Q-Miss: nan | Val Max Gen Viol: nan | Val Max Thermal: nan
Epoch 8990 | Val Loss: nan | Val Cost:     nan | Val Max P-Miss: nan | Max Q-Miss: nan | Val Max Gen Viol: nan | Val Max Thermal: nan
Epoch 9000 | Val Loss: nan | Val Cost:     nan | Val Max P-Miss: nan | Max Q-Miss: nan | Val Max Gen Viol: nan | Val Max Thermal: nan
Epoch 9010 | Val Loss: nan | Val Cost:     nan | Val Max P-Miss: nan | Max Q-Miss: nan | Val Max Gen Viol: nan | Val Max Thermal: nan
Epoch 9020 | Val Loss: nan | Val Cost:     nan | Val Max P-Miss: nan | Max Q-Miss: nan | Val Max Gen Viol: nan | Val Max Thermal: nan
Epoch 9030 | Val Loss: nan | Val Cost:     nan | Val Max P-Miss: nan | Max Q-Miss: nan | Val Max Gen Viol: nan | Val Max Thermal: nan
Epoch 9040 | Val Loss: nan | Val Cost:     nan | Val Max P-Miss: nan | Max Q-Miss: nan | Val Max Gen Viol: nan | Val Max Thermal: nan
Epoch 9050 | Val Loss: nan | Val Cost:     nan | Val Max P-Miss: nan | Max Q-Miss: nan | Val Max Gen Viol: nan | Val Max Thermal: nan
Epoch 9060 | Val Loss: nan | Val Cost:     nan | Val Max P-Miss: nan | Max Q-Miss: nan | Val Max Gen Viol: nan | Val Max Thermal: nan
Epoch 9070 | Val Loss: nan | Val Cost:     nan | Val Max P-Miss: nan | Max Q-Miss: nan | Val Max Gen Viol: nan | Val Max Thermal: nan
Epoch 9080 | Val Loss: nan | Val Cost:     nan | Val Max P-Miss: nan | Max Q-Miss: nan | Val Max Gen Viol: nan | Val Max Thermal: nan
Epoch 9090 | Val Loss: nan | Val Cost:     nan | Val Max P-Miss: nan | Max Q-Miss: nan | Val Max Gen Viol: nan | Val Max Thermal: nan
Epoch 9100 | Val Loss: nan | Val Cost:     nan | Val Max P-Miss: nan | Max Q-Miss: nan | Val Max Gen Viol: nan | Val Max Thermal: nan
Epoch 9110 | Val Loss: nan | Val Cost:     nan | Val Max P-Miss: nan | Max Q-Miss: nan | Val Max Gen Viol: nan | Val Max Thermal: nan
Epoch 9120 | Val Loss: nan | Val Cost:     nan | Val Max P-Miss: nan | Max Q-Miss: nan | Val Max Gen Viol: nan | Val Max Thermal: nan
Epoch 9130 | Val Loss: nan | Val Cost:     nan | Val Max P-Miss: nan | Max Q-Miss: nan | Val Max Gen Viol: nan | Val Max Thermal: nan
Epoch 9140 | Val Loss: nan | Val Cost:     nan | Val Max P-Miss: nan | Max Q-Miss: nan | Val Max Gen Viol: nan | Val Max Thermal: nan
Epoch 9150 | Val Loss: nan | Val Cost:     nan | Val Max P-Miss: nan | Max Q-Miss: nan | Val Max Gen Viol: nan | Val Max Thermal: nan
Epoch 9160 | Val Loss: nan | Val Cost:     nan | Val Max P-Miss: nan | Max Q-Miss: nan | Val Max Gen Viol: nan | Val Max Thermal: nan
Epoch 9170 | Val Loss: nan | Val Cost:     nan | Val Max P-Miss: nan | Max Q-Miss: nan | Val Max Gen Viol: nan | Val Max Thermal: nan
Epoch 9180 | Val Loss: nan | Val Cost:     nan | Val Max P-Miss: nan | Max Q-Miss: nan | Val Max Gen Viol: nan | Val Max Thermal: nan
Epoch 9190 | Val Loss: nan | Val Cost:     nan | Val Max P-Miss: nan | Max Q-Miss: nan | Val Max Gen Viol: nan | Val Max Thermal: nan
Epoch 9200 | Val Loss: nan | Val Cost:     nan | Val Max P-Miss: nan | Max Q-Miss: nan | Val Max Gen Viol: nan | Val Max Thermal: nan
Epoch 9210 | Val Loss: nan | Val Cost:     nan | Val Max P-Miss: nan | Max Q-Miss: nan | Val Max Gen Viol: nan | Val Max Thermal: nan
Epoch 9220 | Val Loss: nan | Val Cost:     nan | Val Max P-Miss: nan | Max Q-Miss: nan | Val Max Gen Viol: nan | Val Max Thermal: nan
Epoch 9230 | Val Loss: nan | Val Cost:     nan | Val Max P-Miss: nan | Max Q-Miss: nan | Val Max Gen Viol: nan | Val Max Thermal: nan
Epoch 9240 | Val Loss: nan | Val Cost:     nan | Val Max P-Miss: nan | Max Q-Miss: nan | Val Max Gen Viol: nan | Val Max Thermal: nan
Epoch 9250 | Val Loss: nan | Val Cost:     nan | Val Max P-Miss: nan | Max Q-Miss: nan | Val Max Gen Viol: nan | Val Max Thermal: nan
Epoch 9260 | Val Loss: nan | Val Cost:     nan | Val Max P-Miss: nan | Max Q-Miss: nan | Val Max Gen Viol: nan | Val Max Thermal: nan
Epoch 9270 | Val Loss: nan | Val Cost:     nan | Val Max P-Miss: nan | Max Q-Miss: nan | Val Max Gen Viol: nan | Val Max Thermal: nan
Epoch 9280 | Val Loss: nan | Val Cost:     nan | Val Max P-Miss: nan | Max Q-Miss: nan | Val Max Gen Viol: nan | Val Max Thermal: nan
Epoch 9290 | Val Loss: nan | Val Cost:     nan | Val Max P-Miss: nan | Max Q-Miss: nan | Val Max Gen Viol: nan | Val Max Thermal: nan
Epoch 9300 | Val Loss: nan | Val Cost:     nan | Val Max P-Miss: nan | Max Q-Miss: nan | Val Max Gen Viol: nan | Val Max Thermal: nan
Epoch 9310 | Val Loss: nan | Val Cost:     nan | Val Max P-Miss: nan | Max Q-Miss: nan | Val Max Gen Viol: nan | Val Max Thermal: nan
Epoch 9320 | Val Loss: nan | Val Cost:     nan | Val Max P-Miss: nan | Max Q-Miss: nan | Val Max Gen Viol: nan | Val Max Thermal: nan
Epoch 9330 | Val Loss: nan | Val Cost:     nan | Val Max P-Miss: nan | Max Q-Miss: nan | Val Max Gen Viol: nan | Val Max Thermal: nan
Epoch 9340 | Val Loss: nan | Val Cost:     nan | Val Max P-Miss: nan | Max Q-Miss: nan | Val Max Gen Viol: nan | Val Max Thermal: nan
Epoch 9350 | Val Loss: nan | Val Cost:     nan | Val Max P-Miss: nan | Max Q-Miss: nan | Val Max Gen Viol: nan | Val Max Thermal: nan
Epoch 9360 | Val Loss: nan | Val Cost:     nan | Val Max P-Miss: nan | Max Q-Miss: nan | Val Max Gen Viol: nan | Val Max Thermal: nan
Epoch 9370 | Val Loss: nan | Val Cost:     nan | Val Max P-Miss: nan | Max Q-Miss: nan | Val Max Gen Viol: nan | Val Max Thermal: nan
Epoch 9380 | Val Loss: nan | Val Cost:     nan | Val Max P-Miss: nan | Max Q-Miss: nan | Val Max Gen Viol: nan | Val Max Thermal: nan
Epoch 9390 | Val Loss: nan | Val Cost:     nan | Val Max P-Miss: nan | Max Q-Miss: nan | Val Max Gen Viol: nan | Val Max Thermal: nan
Epoch 9400 | Val Loss: nan | Val Cost:     nan | Val Max P-Miss: nan | Max Q-Miss: nan | Val Max Gen Viol: nan | Val Max Thermal: nan
Epoch 9410 | Val Loss: nan | Val Cost:     nan | Val Max P-Miss: nan | Max Q-Miss: nan | Val Max Gen Viol: nan | Val Max Thermal: nan
Epoch 9420 | Val Loss: nan | Val Cost:     nan | Val Max P-Miss: nan | Max Q-Miss: nan | Val Max Gen Viol: nan | Val Max Thermal: nan
Epoch 9430 | Val Loss: nan | Val Cost:     nan | Val Max P-Miss: nan | Max Q-Miss: nan | Val Max Gen Viol: nan | Val Max Thermal: nan
Epoch 9440 | Val Loss: nan | Val Cost:     nan | Val Max P-Miss: nan | Max Q-Miss: nan | Val Max Gen Viol: nan | Val Max Thermal: nan
Epoch 9450 | Val Loss: nan | Val Cost:     nan | Val Max P-Miss: nan | Max Q-Miss: nan | Val Max Gen Viol: nan | Val Max Thermal: nan
Epoch 9460 | Val Loss: nan | Val Cost:     nan | Val Max P-Miss: nan | Max Q-Miss: nan | Val Max Gen Viol: nan | Val Max Thermal: nan
Epoch 9470 | Val Loss: nan | Val Cost:     nan | Val Max P-Miss: nan | Max Q-Miss: nan | Val Max Gen Viol: nan | Val Max Thermal: nan
Epoch 9480 | Val Loss: nan | Val Cost:     nan | Val Max P-Miss: nan | Max Q-Miss: nan | Val Max Gen Viol: nan | Val Max Thermal: nan
Epoch 9490 | Val Loss: nan | Val Cost:     nan | Val Max P-Miss: nan | Max Q-Miss: nan | Val Max Gen Viol: nan | Val Max Thermal: nan
Epoch 9500 | Val Loss: nan | Val Cost:     nan | Val Max P-Miss: nan | Max Q-Miss: nan | Val Max Gen Viol: nan | Val Max Thermal: nan
Epoch 9510 | Val Loss: nan | Val Cost:     nan | Val Max P-Miss: nan | Max Q-Miss: nan | Val Max Gen Viol: nan | Val Max Thermal: nan
Epoch 9520 | Val Loss: nan | Val Cost:     nan | Val Max P-Miss: nan | Max Q-Miss: nan | Val Max Gen Viol: nan | Val Max Thermal: nan
Epoch 9530 | Val Loss: nan | Val Cost:     nan | Val Max P-Miss: nan | Max Q-Miss: nan | Val Max Gen Viol: nan | Val Max Thermal: nan
Epoch 9540 | Val Loss: nan | Val Cost:     nan | Val Max P-Miss: nan | Max Q-Miss: nan | Val Max Gen Viol: nan | Val Max Thermal: nan
Epoch 9550 | Val Loss: nan | Val Cost:     nan | Val Max P-Miss: nan | Max Q-Miss: nan | Val Max Gen Viol: nan | Val Max Thermal: nan
Epoch 9560 | Val Loss: nan | Val Cost:     nan | Val Max P-Miss: nan | Max Q-Miss: nan | Val Max Gen Viol: nan | Val Max Thermal: nan
Epoch 9570 | Val Loss: nan | Val Cost:     nan | Val Max P-Miss: nan | Max Q-Miss: nan | Val Max Gen Viol: nan | Val Max Thermal: nan
Epoch 9580 | Val Loss: nan | Val Cost:     nan | Val Max P-Miss: nan | Max Q-Miss: nan | Val Max Gen Viol: nan | Val Max Thermal: nan
Epoch 9590 | Val Loss: nan | Val Cost:     nan | Val Max P-Miss: nan | Max Q-Miss: nan | Val Max Gen Viol: nan | Val Max Thermal: nan
Epoch 9600 | Val Loss: nan | Val Cost:     nan | Val Max P-Miss: nan | Max Q-Miss: nan | Val Max Gen Viol: nan | Val Max Thermal: nan
Epoch 9610 | Val Loss: nan | Val Cost:     nan | Val Max P-Miss: nan | Max Q-Miss: nan | Val Max Gen Viol: nan | Val Max Thermal: nan
Epoch 9620 | Val Loss: nan | Val Cost:     nan | Val Max P-Miss: nan | Max Q-Miss: nan | Val Max Gen Viol: nan | Val Max Thermal: nan
Epoch 9630 | Val Loss: nan | Val Cost:     nan | Val Max P-Miss: nan | Max Q-Miss: nan | Val Max Gen Viol: nan | Val Max Thermal: nan
Epoch 9640 | Val Loss: nan | Val Cost:     nan | Val Max P-Miss: nan | Max Q-Miss: nan | Val Max Gen Viol: nan | Val Max Thermal: nan
Epoch 9650 | Val Loss: nan | Val Cost:     nan | Val Max P-Miss: nan | Max Q-Miss: nan | Val Max Gen Viol: nan | Val Max Thermal: nan
Epoch 9660 | Val Loss: nan | Val Cost:     nan | Val Max P-Miss: nan | Max Q-Miss: nan | Val Max Gen Viol: nan | Val Max Thermal: nan
Epoch 9670 | Val Loss: nan | Val Cost:     nan | Val Max P-Miss: nan | Max Q-Miss: nan | Val Max Gen Viol: nan | Val Max Thermal: nan
Epoch 9680 | Val Loss: nan | Val Cost:     nan | Val Max P-Miss: nan | Max Q-Miss: nan | Val Max Gen Viol: nan | Val Max Thermal: nan
Epoch 9690 | Val Loss: nan | Val Cost:     nan | Val Max P-Miss: nan | Max Q-Miss: nan | Val Max Gen Viol: nan | Val Max Thermal: nan
Epoch 9700 | Val Loss: nan | Val Cost:     nan | Val Max P-Miss: nan | Max Q-Miss: nan | Val Max Gen Viol: nan | Val Max Thermal: nan
Epoch 9710 | Val Loss: nan | Val Cost:     nan | Val Max P-Miss: nan | Max Q-Miss: nan | Val Max Gen Viol: nan | Val Max Thermal: nan
Epoch 9720 | Val Loss: nan | Val Cost:     nan | Val Max P-Miss: nan | Max Q-Miss: nan | Val Max Gen Viol: nan | Val Max Thermal: nan
Epoch 9730 | Val Loss: nan | Val Cost:     nan | Val Max P-Miss: nan | Max Q-Miss: nan | Val Max Gen Viol: nan | Val Max Thermal: nan
Epoch 9740 | Val Loss: nan | Val Cost:     nan | Val Max P-Miss: nan | Max Q-Miss: nan | Val Max Gen Viol: nan | Val Max Thermal: nan
Epoch 9750 | Val Loss: nan | Val Cost:     nan | Val Max P-Miss: nan | Max Q-Miss: nan | Val Max Gen Viol: nan | Val Max Thermal: nan
Epoch 9760 | Val Loss: nan | Val Cost:     nan | Val Max P-Miss: nan | Max Q-Miss: nan | Val Max Gen Viol: nan | Val Max Thermal: nan
Epoch 9770 | Val Loss: nan | Val Cost:     nan | Val Max P-Miss: nan | Max Q-Miss: nan | Val Max Gen Viol: nan | Val Max Thermal: nan
Epoch 9780 | Val Loss: nan | Val Cost:     nan | Val Max P-Miss: nan | Max Q-Miss: nan | Val Max Gen Viol: nan | Val Max Thermal: nan
Epoch 9790 | Val Loss: nan | Val Cost:     nan | Val Max P-Miss: nan | Max Q-Miss: nan | Val Max Gen Viol: nan | Val Max Thermal: nan
Epoch 9800 | Val Loss: nan | Val Cost:     nan | Val Max P-Miss: nan | Max Q-Miss: nan | Val Max Gen Viol: nan | Val Max Thermal: nan
Epoch 9810 | Val Loss: nan | Val Cost:     nan | Val Max P-Miss: nan | Max Q-Miss: nan | Val Max Gen Viol: nan | Val Max Thermal: nan
Epoch 9820 | Val Loss: nan | Val Cost:     nan | Val Max P-Miss: nan | Max Q-Miss: nan | Val Max Gen Viol: nan | Val Max Thermal: nan
Epoch 9830 | Val Loss: nan | Val Cost:     nan | Val Max P-Miss: nan | Max Q-Miss: nan | Val Max Gen Viol: nan | Val Max Thermal: nan
Epoch 9840 | Val Loss: nan | Val Cost:     nan | Val Max P-Miss: nan | Max Q-Miss: nan | Val Max Gen Viol: nan | Val Max Thermal: nan
Epoch 9850 | Val Loss: nan | Val Cost:     nan | Val Max P-Miss: nan | Max Q-Miss: nan | Val Max Gen Viol: nan | Val Max Thermal: nan
Epoch 9860 | Val Loss: nan | Val Cost:     nan | Val Max P-Miss: nan | Max Q-Miss: nan | Val Max Gen Viol: nan | Val Max Thermal: nan
Epoch 9870 | Val Loss: nan | Val Cost:     nan | Val Max P-Miss: nan | Max Q-Miss: nan | Val Max Gen Viol: nan | Val Max Thermal: nan
Epoch 9880 | Val Loss: nan | Val Cost:     nan | Val Max P-Miss: nan | Max Q-Miss: nan | Val Max Gen Viol: nan | Val Max Thermal: nan
Epoch 9890 | Val Loss: nan | Val Cost:     nan | Val Max P-Miss: nan | Max Q-Miss: nan | Val Max Gen Viol: nan | Val Max Thermal: nan
Epoch 9900 | Val Loss: nan | Val Cost:     nan | Val Max P-Miss: nan | Max Q-Miss: nan | Val Max Gen Viol: nan | Val Max Thermal: nan
Epoch 9910 | Val Loss: nan | Val Cost:     nan | Val Max P-Miss: nan | Max Q-Miss: nan | Val Max Gen Viol: nan | Val Max Thermal: nan
Epoch 9920 | Val Loss: nan | Val Cost:     nan | Val Max P-Miss: nan | Max Q-Miss: nan | Val Max Gen Viol: nan | Val Max Thermal: nan
Epoch 9930 | Val Loss: nan | Val Cost:     nan | Val Max P-Miss: nan | Max Q-Miss: nan | Val Max Gen Viol: nan | Val Max Thermal: nan
Epoch 9940 | Val Loss: nan | Val Cost:     nan | Val Max P-Miss: nan | Max Q-Miss: nan | Val Max Gen Viol: nan | Val Max Thermal: nan
Epoch 9950 | Val Loss: nan | Val Cost:     nan | Val Max P-Miss: nan | Max Q-Miss: nan | Val Max Gen Viol: nan | Val Max Thermal: nan
Epoch 9960 | Val Loss: nan | Val Cost:     nan | Val Max P-Miss: nan | Max Q-Miss: nan | Val Max Gen Viol: nan | Val Max Thermal: nan
Epoch 9970 | Val Loss: nan | Val Cost:     nan | Val Max P-Miss: nan | Max Q-Miss: nan | Val Max Gen Viol: nan | Val Max Thermal: nan
Epoch 9980 | Val Loss: nan | Val Cost:     nan | Val Max P-Miss: nan | Max Q-Miss: nan | Val Max Gen Viol: nan | Val Max Thermal: nan
Epoch 9990 | Val Loss: nan | Val Cost:     nan | Val Max P-Miss: nan | Max Q-Miss: nan | Val Max Gen Viol: nan | Val Max Thermal: nan

==================================================
Training Complete!
Total Training Time: 00h 10m 00.70s
Best model weights saved to: ./model/best_pinn_model_pglib_opf_case73_ieee_rts_10000epochs_20260705_181736.pth
==================================================

