Job: acopf_ISS
Executing: ACOPF_pinn_baseline.py --case_name pglib_opf_case14_ieee --epochs 10000
Node: issnode1
GPU Allocated: 0
CUDA Hardware Acceleration Active: NVIDIA GeForce RTX 4090
Problem Geometry Linked -> Matrix Samples: 10000

Beginning execution of parallelized training matrix loops...
Epoch    0 | Val Loss: 276.3617 | Val Cost: 1491.50 | Val Max P-Miss: 0.8361 | Max Q-Miss: 0.7083 | Val Max Gen Viol: 0.0000 | Val Max Thermal: 0.0000 [*SAVED BEST*]
Epoch   10 | Val Loss: 69.2049 | Val Cost:  104.14 | Val Max P-Miss: 0.4965 | Max Q-Miss: 0.3461 | Val Max Gen Viol: 0.0000 | Val Max Thermal: 0.0000 [*SAVED BEST*]
Epoch   20 | Val Loss: 57.8055 | Val Cost:   57.41 | Val Max P-Miss: 0.4723 | Max Q-Miss: 0.2635 | Val Max Gen Viol: 0.0000 | Val Max Thermal: 0.0000 [*SAVED BEST*]
Epoch   30 | Val Loss: 53.7021 | Val Cost:   41.79 | Val Max P-Miss: 0.4852 | Max Q-Miss: 0.1100 | Val Max Gen Viol: 0.0000 | Val Max Thermal: 0.0000 [*SAVED BEST*]
Epoch   40 | Val Loss: 50.7790 | Val Cost:   31.93 | Val Max P-Miss: 0.4649 | Max Q-Miss: 0.1296 | Val Max Gen Viol: 0.0000 | Val Max Thermal: 0.0000 [*SAVED BEST*]
Epoch   50 | Val Loss: 48.4951 | Val Cost:   24.65 | Val Max P-Miss: 0.3647 | Max Q-Miss: 0.2900 | Val Max Gen Viol: 0.0000 | Val Max Thermal: 0.0000 [*SAVED BEST*]
Epoch   60 | Val Loss: 50.3819 | Val Cost:   38.61 | Val Max P-Miss: 0.4489 | Max Q-Miss: 0.1155 | Val Max Gen Viol: 0.0000 | Val Max Thermal: 0.0000
Epoch   70 | Val Loss: 47.8246 | Val Cost:   19.54 | Val Max P-Miss: 0.4321 | Max Q-Miss: 0.1577 | Val Max Gen Viol: 0.0000 | Val Max Thermal: 0.0000 [*SAVED BEST*]
Epoch   80 | Val Loss: 45.2425 | Val Cost:   12.95 | Val Max P-Miss: 0.3869 | Max Q-Miss: 0.1728 | Val Max Gen Viol: 0.0000 | Val Max Thermal: 0.0000 [*SAVED BEST*]
Epoch   90 | Val Loss: 46.3386 | Val Cost:   14.51 | Val Max P-Miss: 0.4428 | Max Q-Miss: 0.1078 | Val Max Gen Viol: 0.0000 | Val Max Thermal: 0.0000
Epoch  100 | Val Loss: 43.6145 | Val Cost:   10.22 | Val Max P-Miss: 0.4077 | Max Q-Miss: 0.0712 | Val Max Gen Viol: 0.0000 | Val Max Thermal: 0.0000 [*SAVED BEST*]
Epoch  110 | Val Loss: 44.9996 | Val Cost:    8.66 | Val Max P-Miss: 0.4214 | Max Q-Miss: 0.0750 | Val Max Gen Viol: 0.0000 | Val Max Thermal: 0.0000
Epoch  120 | Val Loss: 42.4608 | Val Cost:    7.57 | Val Max P-Miss: 0.3887 | Max Q-Miss: 0.0632 | Val Max Gen Viol: 0.0000 | Val Max Thermal: 0.0000 [*SAVED BEST*]
Epoch  130 | Val Loss: 42.8490 | Val Cost:    9.18 | Val Max P-Miss: 0.3372 | Max Q-Miss: 0.1587 | Val Max Gen Viol: 0.0000 | Val Max Thermal: 0.0000
Epoch  140 | Val Loss: 41.7521 | Val Cost:    6.91 | Val Max P-Miss: 0.3188 | Max Q-Miss: 0.1424 | Val Max Gen Viol: 0.0000 | Val Max Thermal: 0.0000 [*SAVED BEST*]
Epoch  150 | Val Loss: 41.5598 | Val Cost:    6.07 | Val Max P-Miss: 0.3224 | Max Q-Miss: 0.1071 | Val Max Gen Viol: 0.0000 | Val Max Thermal: 0.0000 [*SAVED BEST*]
Epoch  160 | Val Loss: 44.1100 | Val Cost:    6.35 | Val Max P-Miss: 0.3078 | Max Q-Miss: 0.1575 | Val Max Gen Viol: 0.0000 | Val Max Thermal: 0.0000
Epoch  170 | Val Loss: 44.4800 | Val Cost:    5.85 | Val Max P-Miss: 0.3789 | Max Q-Miss: 0.1541 | Val Max Gen Viol: 0.0000 | Val Max Thermal: 0.0000
Epoch  180 | Val Loss: 41.1786 | Val Cost:    4.28 | Val Max P-Miss: 0.3655 | Max Q-Miss: 0.0487 | Val Max Gen Viol: 0.0000 | Val Max Thermal: 0.0000 [*SAVED BEST*]
Epoch  190 | Val Loss: 40.3833 | Val Cost:    3.10 | Val Max P-Miss: 0.3140 | Max Q-Miss: 0.0914 | Val Max Gen Viol: 0.0000 | Val Max Thermal: 0.0000 [*SAVED BEST*]
Epoch  200 | Val Loss: 39.7385 | Val Cost:    2.92 | Val Max P-Miss: 0.3314 | Max Q-Miss: 0.0574 | Val Max Gen Viol: 0.0000 | Val Max Thermal: 0.0000 [*SAVED BEST*]
Epoch  210 | Val Loss: 40.2065 | Val Cost:    2.40 | Val Max P-Miss: 0.3468 | Max Q-Miss: 0.0647 | Val Max Gen Viol: 0.0000 | Val Max Thermal: 0.0000
Epoch  220 | Val Loss: 39.3591 | Val Cost:    2.16 | Val Max P-Miss: 0.3262 | Max Q-Miss: 0.0526 | Val Max Gen Viol: 0.0000 | Val Max Thermal: 0.0000 [*SAVED BEST*]
Epoch  230 | Val Loss: 39.1392 | Val Cost:    2.02 | Val Max P-Miss: 0.3175 | Max Q-Miss: 0.0589 | Val Max Gen Viol: 0.0000 | Val Max Thermal: 0.0000 [*SAVED BEST*]
Epoch  240 | Val Loss: 39.0016 | Val Cost:    1.85 | Val Max P-Miss: 0.3190 | Max Q-Miss: 0.0638 | Val Max Gen Viol: 0.0000 | Val Max Thermal: 0.0000 [*SAVED BEST*]
Epoch  250 | Val Loss: 39.5571 | Val Cost:    1.65 | Val Max P-Miss: 0.3360 | Max Q-Miss: 0.0763 | Val Max Gen Viol: 0.0000 | Val Max Thermal: 0.0000
Epoch  260 | Val Loss: 38.8122 | Val Cost:    1.64 | Val Max P-Miss: 0.3120 | Max Q-Miss: 0.0848 | Val Max Gen Viol: 0.0000 | Val Max Thermal: 0.0000 [*SAVED BEST*]
Epoch  270 | Val Loss: 39.6956 | Val Cost:    1.82 | Val Max P-Miss: 0.2647 | Max Q-Miss: 0.1576 | Val Max Gen Viol: 0.0000 | Val Max Thermal: 0.0000
Epoch  280 | Val Loss: 42.9182 | Val Cost:    5.36 | Val Max P-Miss: 0.3189 | Max Q-Miss: 0.1046 | Val Max Gen Viol: 0.0000 | Val Max Thermal: 0.0000
Epoch  290 | Val Loss: 39.3340 | Val Cost:    1.81 | Val Max P-Miss: 0.2557 | Max Q-Miss: 0.1347 | Val Max Gen Viol: 0.0000 | Val Max Thermal: 0.0000
Epoch  300 | Val Loss: 38.4850 | Val Cost:    1.09 | Val Max P-Miss: 0.2520 | Max Q-Miss: 0.1184 | Val Max Gen Viol: 0.0000 | Val Max Thermal: 0.0000 [*SAVED BEST*]
Epoch  310 | Val Loss: 38.0805 | Val Cost:    0.72 | Val Max P-Miss: 0.2446 | Max Q-Miss: 0.1098 | Val Max Gen Viol: 0.0000 | Val Max Thermal: 0.0000 [*SAVED BEST*]
Epoch  320 | Val Loss: 37.7230 | Val Cost:    0.52 | Val Max P-Miss: 0.2467 | Max Q-Miss: 0.0998 | Val Max Gen Viol: 0.0000 | Val Max Thermal: 0.0000 [*SAVED BEST*]
Epoch  330 | Val Loss: 39.1649 | Val Cost:    1.77 | Val Max P-Miss: 0.2878 | Max Q-Miss: 0.0812 | Val Max Gen Viol: 0.0000 | Val Max Thermal: 0.0000
Epoch  340 | Val Loss: 37.8487 | Val Cost:    0.83 | Val Max P-Miss: 0.2715 | Max Q-Miss: 0.0553 | Val Max Gen Viol: 0.0000 | Val Max Thermal: 0.0000
Epoch  350 | Val Loss: 39.9306 | Val Cost:    1.43 | Val Max P-Miss: 0.3090 | Max Q-Miss: 0.0668 | Val Max Gen Viol: 0.0000 | Val Max Thermal: 0.0000
Epoch  360 | Val Loss: 38.2553 | Val Cost:    0.95 | Val Max P-Miss: 0.3083 | Max Q-Miss: 0.0484 | Val Max Gen Viol: 0.0000 | Val Max Thermal: 0.0000
Epoch  370 | Val Loss: 37.7346 | Val Cost:    0.77 | Val Max P-Miss: 0.2912 | Max Q-Miss: 0.0424 | Val Max Gen Viol: 0.0000 | Val Max Thermal: 0.0000
Epoch  380 | Val Loss: 37.9960 | Val Cost:    0.68 | Val Max P-Miss: 0.3029 | Max Q-Miss: 0.0468 | Val Max Gen Viol: 0.0000 | Val Max Thermal: 0.0000
Epoch  390 | Val Loss: 37.7086 | Val Cost:    0.61 | Val Max P-Miss: 0.2940 | Max Q-Miss: 0.0448 | Val Max Gen Viol: 0.0000 | Val Max Thermal: 0.0000 [*SAVED BEST*]
Epoch  400 | Val Loss: 37.2902 | Val Cost:    0.52 | Val Max P-Miss: 0.2798 | Max Q-Miss: 0.0394 | Val Max Gen Viol: 0.0000 | Val Max Thermal: 0.0000 [*SAVED BEST*]
Epoch  410 | Val Loss: 37.3275 | Val Cost:    0.46 | Val Max P-Miss: 0.2844 | Max Q-Miss: 0.0438 | Val Max Gen Viol: 0.0000 | Val Max Thermal: 0.0000
Epoch  420 | Val Loss: 37.2983 | Val Cost:    0.45 | Val Max P-Miss: 0.2834 | Max Q-Miss: 0.0425 | Val Max Gen Viol: 0.0000 | Val Max Thermal: 0.0000
Epoch  430 | Val Loss: 37.3867 | Val Cost:    0.41 | Val Max P-Miss: 0.2882 | Max Q-Miss: 0.0416 | Val Max Gen Viol: 0.0000 | Val Max Thermal: 0.0000
Epoch  440 | Val Loss: 37.5048 | Val Cost:    0.41 | Val Max P-Miss: 0.2920 | Max Q-Miss: 0.0460 | Val Max Gen Viol: 0.0000 | Val Max Thermal: 0.0000
Epoch  450 | Val Loss: 37.9673 | Val Cost:    0.45 | Val Max P-Miss: 0.3019 | Max Q-Miss: 0.0566 | Val Max Gen Viol: 0.0000 | Val Max Thermal: 0.0000
Epoch  460 | Val Loss: 38.7995 | Val Cost:    1.00 | Val Max P-Miss: 0.2944 | Max Q-Miss: 0.0967 | Val Max Gen Viol: 0.0000 | Val Max Thermal: 0.0000
Epoch  470 | Val Loss: 38.5095 | Val Cost:    0.67 | Val Max P-Miss: 0.2470 | Max Q-Miss: 0.1356 | Val Max Gen Viol: 0.0000 | Val Max Thermal: 0.0000
Epoch  480 | Val Loss: 41.5981 | Val Cost:    0.80 | Val Max P-Miss: 0.2651 | Max Q-Miss: 0.1642 | Val Max Gen Viol: 0.0000 | Val Max Thermal: 0.0000
Epoch  490 | Val Loss: 38.0490 | Val Cost:    0.79 | Val Max P-Miss: 0.3185 | Max Q-Miss: 0.0444 | Val Max Gen Viol: 0.0000 | Val Max Thermal: 0.0000
Epoch  500 | Val Loss: 37.5277 | Val Cost:    0.54 | Val Max P-Miss: 0.3102 | Max Q-Miss: 0.0456 | Val Max Gen Viol: 0.0000 | Val Max Thermal: 0.0000
Epoch  510 | Val Loss: 49.5153 | Val Cost:    0.30 | Val Max P-Miss: 0.2962 | Max Q-Miss: 0.3522 | Val Max Gen Viol: 0.0000 | Val Max Thermal: 0.0000
Epoch  520 | Val Loss: 37.2325 | Val Cost:    0.49 | Val Max P-Miss: 0.2772 | Max Q-Miss: 0.0381 | Val Max Gen Viol: 0.0000 | Val Max Thermal: 0.0000 [*SAVED BEST*]
Epoch  530 | Val Loss: 37.5815 | Val Cost:    0.31 | Val Max P-Miss: 0.3080 | Max Q-Miss: 0.0399 | Val Max Gen Viol: 0.0000 | Val Max Thermal: 0.0000
Epoch  540 | Val Loss: 37.5978 | Val Cost:    0.25 | Val Max P-Miss: 0.3109 | Max Q-Miss: 0.0402 | Val Max Gen Viol: 0.0000 | Val Max Thermal: 0.0000
Epoch  550 | Val Loss: 37.6026 | Val Cost:    0.21 | Val Max P-Miss: 0.3130 | Max Q-Miss: 0.0403 | Val Max Gen Viol: 0.0000 | Val Max Thermal: 0.0000
Epoch  560 | Val Loss: 37.3261 | Val Cost:    0.19 | Val Max P-Miss: 0.3000 | Max Q-Miss: 0.0367 | Val Max Gen Viol: 0.0000 | Val Max Thermal: 0.0000
Epoch  570 | Val Loss: 37.2093 | Val Cost:    0.18 | Val Max P-Miss: 0.2933 | Max Q-Miss: 0.0360 | Val Max Gen Viol: 0.0000 | Val Max Thermal: 0.0000 [*SAVED BEST*]
Epoch  580 | Val Loss: 37.0623 | Val Cost:    0.16 | Val Max P-Miss: 0.2930 | Max Q-Miss: 0.0398 | Val Max Gen Viol: 0.0000 | Val Max Thermal: 0.0000 [*SAVED BEST*]
Epoch  590 | Val Loss: 37.0308 | Val Cost:    0.15 | Val Max P-Miss: 0.2996 | Max Q-Miss: 0.0397 | Val Max Gen Viol: 0.0000 | Val Max Thermal: 0.0000 [*SAVED BEST*]
Epoch  600 | Val Loss: 37.0561 | Val Cost:    0.15 | Val Max P-Miss: 0.3048 | Max Q-Miss: 0.0386 | Val Max Gen Viol: 0.0000 | Val Max Thermal: 0.0000
Epoch  610 | Val Loss: 37.0612 | Val Cost:    0.14 | Val Max P-Miss: 0.3026 | Max Q-Miss: 0.0412 | Val Max Gen Viol: 0.0000 | Val Max Thermal: 0.0000
Epoch  620 | Val Loss: 37.0423 | Val Cost:    0.14 | Val Max P-Miss: 0.3015 | Max Q-Miss: 0.0428 | Val Max Gen Viol: 0.0000 | Val Max Thermal: 0.0000
Epoch  630 | Val Loss: 36.9452 | Val Cost:    0.14 | Val Max P-Miss: 0.3015 | Max Q-Miss: 0.0336 | Val Max Gen Viol: 0.0000 | Val Max Thermal: 0.0000 [*SAVED BEST*]
Epoch  640 | Val Loss: 36.8642 | Val Cost:    0.13 | Val Max P-Miss: 0.2999 | Max Q-Miss: 0.0280 | Val Max Gen Viol: 0.0000 | Val Max Thermal: 0.0000 [*SAVED BEST*]
Epoch  650 | Val Loss: 36.8663 | Val Cost:    0.13 | Val Max P-Miss: 0.2990 | Max Q-Miss: 0.0282 | Val Max Gen Viol: 0.0000 | Val Max Thermal: 0.0000
Epoch  660 | Val Loss: 36.8972 | Val Cost:    0.13 | Val Max P-Miss: 0.2978 | Max Q-Miss: 0.0284 | Val Max Gen Viol: 0.0000 | Val Max Thermal: 0.0000
Epoch  670 | Val Loss: 36.8941 | Val Cost:    0.15 | Val Max P-Miss: 0.2905 | Max Q-Miss: 0.0380 | Val Max Gen Viol: 0.0000 | Val Max Thermal: 0.0000
Epoch  680 | Val Loss: 37.1447 | Val Cost:    0.23 | Val Max P-Miss: 0.2819 | Max Q-Miss: 0.0728 | Val Max Gen Viol: 0.0000 | Val Max Thermal: 0.0000
Epoch  690 | Val Loss: 36.5436 | Val Cost:    0.13 | Val Max P-Miss: 0.2919 | Max Q-Miss: 0.0311 | Val Max Gen Viol: 0.0000 | Val Max Thermal: 0.0000 [*SAVED BEST*]
Epoch  700 | Val Loss: 36.5064 | Val Cost:    0.11 | Val Max P-Miss: 0.2900 | Max Q-Miss: 0.0284 | Val Max Gen Viol: 0.0000 | Val Max Thermal: 0.0000 [*SAVED BEST*]
Epoch  710 | Val Loss: 36.6544 | Val Cost:    0.11 | Val Max P-Miss: 0.2950 | Max Q-Miss: 0.0285 | Val Max Gen Viol: 0.0000 | Val Max Thermal: 0.0000
Epoch  720 | Val Loss: 36.7191 | Val Cost:    0.10 | Val Max P-Miss: 0.2958 | Max Q-Miss: 0.0291 | Val Max Gen Viol: 0.0000 | Val Max Thermal: 0.0000
Epoch  730 | Val Loss: 36.6274 | Val Cost:    0.10 | Val Max P-Miss: 0.2925 | Max Q-Miss: 0.0295 | Val Max Gen Viol: 0.0000 | Val Max Thermal: 0.0000
Epoch  740 | Val Loss: 36.5583 | Val Cost:    0.10 | Val Max P-Miss: 0.2971 | Max Q-Miss: 0.0303 | Val Max Gen Viol: 0.0000 | Val Max Thermal: 0.0000
Epoch  750 | Val Loss: 52.1659 | Val Cost:    0.63 | Val Max P-Miss: 0.5506 | Max Q-Miss: 0.1775 | Val Max Gen Viol: 0.0000 | Val Max Thermal: 0.0000
Epoch  760 | Val Loss: 37.9006 | Val Cost:    0.45 | Val Max P-Miss: 0.2713 | Max Q-Miss: 0.1050 | Val Max Gen Viol: 0.0000 | Val Max Thermal: 0.0000
Epoch  770 | Val Loss: 37.0865 | Val Cost:    0.18 | Val Max P-Miss: 0.2459 | Max Q-Miss: 0.0863 | Val Max Gen Viol: 0.0000 | Val Max Thermal: 0.0000
Epoch  780 | Val Loss: 39.1296 | Val Cost:    0.93 | Val Max P-Miss: 0.2514 | Max Q-Miss: 0.1068 | Val Max Gen Viol: 0.0000 | Val Max Thermal: 0.0000
Epoch  790 | Val Loss: 39.4933 | Val Cost:    0.81 | Val Max P-Miss: 0.3130 | Max Q-Miss: 0.0652 | Val Max Gen Viol: 0.0000 | Val Max Thermal: 0.0000
Epoch  800 | Val Loss: 37.5031 | Val Cost:    0.46 | Val Max P-Miss: 0.2495 | Max Q-Miss: 0.0516 | Val Max Gen Viol: 0.0000 | Val Max Thermal: 0.0000
Epoch  810 | Val Loss: 37.0205 | Val Cost:    0.26 | Val Max P-Miss: 0.2987 | Max Q-Miss: 0.0471 | Val Max Gen Viol: 0.0000 | Val Max Thermal: 0.0000
Epoch  820 | Val Loss: 36.7901 | Val Cost:    0.15 | Val Max P-Miss: 0.2958 | Max Q-Miss: 0.0489 | Val Max Gen Viol: 0.0000 | Val Max Thermal: 0.0000
Epoch  830 | Val Loss: 36.5893 | Val Cost:    0.10 | Val Max P-Miss: 0.2848 | Max Q-Miss: 0.0443 | Val Max Gen Viol: 0.0000 | Val Max Thermal: 0.0000
Epoch  840 | Val Loss: 36.4673 | Val Cost:    0.07 | Val Max P-Miss: 0.2620 | Max Q-Miss: 0.0412 | Val Max Gen Viol: 0.0000 | Val Max Thermal: 0.0000 [*SAVED BEST*]
Epoch  850 | Val Loss: 40.4972 | Val Cost:    0.14 | Val Max P-Miss: 0.2731 | Max Q-Miss: 0.1552 | Val Max Gen Viol: 0.0000 | Val Max Thermal: 0.0000
Epoch  860 | Val Loss: 36.2723 | Val Cost:    0.08 | Val Max P-Miss: 0.2566 | Max Q-Miss: 0.0324 | Val Max Gen Viol: 0.0000 | Val Max Thermal: 0.0000 [*SAVED BEST*]
Epoch  870 | Val Loss: 36.1878 | Val Cost:    0.06 | Val Max P-Miss: 0.2573 | Max Q-Miss: 0.0364 | Val Max Gen Viol: 0.0000 | Val Max Thermal: 0.0000 [*SAVED BEST*]
Epoch  880 | Val Loss: 36.3283 | Val Cost:    0.05 | Val Max P-Miss: 0.2643 | Max Q-Miss: 0.0357 | Val Max Gen Viol: 0.0000 | Val Max Thermal: 0.0000
Epoch  890 | Val Loss: 36.3205 | Val Cost:    0.04 | Val Max P-Miss: 0.2613 | Max Q-Miss: 0.0352 | Val Max Gen Viol: 0.0000 | Val Max Thermal: 0.0000
Epoch  900 | Val Loss: 36.3663 | Val Cost:    0.04 | Val Max P-Miss: 0.2650 | Max Q-Miss: 0.0344 | Val Max Gen Viol: 0.0000 | Val Max Thermal: 0.0000
Epoch  910 | Val Loss: 36.3553 | Val Cost:    0.03 | Val Max P-Miss: 0.2658 | Max Q-Miss: 0.0349 | Val Max Gen Viol: 0.0000 | Val Max Thermal: 0.0000
Epoch  920 | Val Loss: 36.3275 | Val Cost:    0.03 | Val Max P-Miss: 0.2666 | Max Q-Miss: 0.0338 | Val Max Gen Viol: 0.0000 | Val Max Thermal: 0.0000
Epoch  930 | Val Loss: 36.2587 | Val Cost:    0.03 | Val Max P-Miss: 0.2649 | Max Q-Miss: 0.0331 | Val Max Gen Viol: 0.0000 | Val Max Thermal: 0.0000
Epoch  940 | Val Loss: 36.1747 | Val Cost:    0.03 | Val Max P-Miss: 0.2617 | Max Q-Miss: 0.0322 | Val Max Gen Viol: 0.0000 | Val Max Thermal: 0.0000 [*SAVED BEST*]
Epoch  950 | Val Loss: 36.1393 | Val Cost:    0.03 | Val Max P-Miss: 0.2623 | Max Q-Miss: 0.0333 | Val Max Gen Viol: 0.0000 | Val Max Thermal: 0.0000 [*SAVED BEST*]
Epoch  960 | Val Loss: 38.8216 | Val Cost:    0.33 | Val Max P-Miss: 0.3166 | Max Q-Miss: 0.1027 | Val Max Gen Viol: 0.0000 | Val Max Thermal: 0.0000
Epoch  970 | Val Loss: 36.9772 | Val Cost:    0.10 | Val Max P-Miss: 0.2528 | Max Q-Miss: 0.1106 | Val Max Gen Viol: 0.0000 | Val Max Thermal: 0.0000
Epoch  980 | Val Loss: 36.0914 | Val Cost:    0.09 | Val Max P-Miss: 0.2463 | Max Q-Miss: 0.0659 | Val Max Gen Viol: 0.0000 | Val Max Thermal: 0.0000 [*SAVED BEST*]
Epoch  990 | Val Loss: 36.2853 | Val Cost:    0.06 | Val Max P-Miss: 0.2661 | Max Q-Miss: 0.0408 | Val Max Gen Viol: 0.0000 | Val Max Thermal: 0.0000
Epoch 1000 | Val Loss: 36.1520 | Val Cost:    0.04 | Val Max P-Miss: 0.2694 | Max Q-Miss: 0.0370 | Val Max Gen Viol: 0.0000 | Val Max Thermal: 0.0000
Epoch 1010 | Val Loss: 36.2498 | Val Cost:    0.03 | Val Max P-Miss: 0.2734 | Max Q-Miss: 0.0450 | Val Max Gen Viol: 0.0000 | Val Max Thermal: 0.0000
Epoch 1020 | Val Loss: 36.3062 | Val Cost:    0.03 | Val Max P-Miss: 0.2719 | Max Q-Miss: 0.0523 | Val Max Gen Viol: 0.0000 | Val Max Thermal: 0.0000
Epoch 1030 | Val Loss: 36.4836 | Val Cost:    0.03 | Val Max P-Miss: 0.2531 | Max Q-Miss: 0.0667 | Val Max Gen Viol: 0.0000 | Val Max Thermal: 0.0000
Epoch 1040 | Val Loss: 36.2854 | Val Cost:    0.03 | Val Max P-Miss: 0.2551 | Max Q-Miss: 0.0484 | Val Max Gen Viol: 0.0000 | Val Max Thermal: 0.0000
Epoch 1050 | Val Loss: 36.0022 | Val Cost:    0.02 | Val Max P-Miss: 0.2484 | Max Q-Miss: 0.0445 | Val Max Gen Viol: 0.0000 | Val Max Thermal: 0.0000 [*SAVED BEST*]
Epoch 1060 | Val Loss: 36.7234 | Val Cost:    0.03 | Val Max P-Miss: 0.2396 | Max Q-Miss: 0.0955 | Val Max Gen Viol: 0.0000 | Val Max Thermal: 0.0000
Epoch 1070 | Val Loss: 36.4633 | Val Cost:    0.05 | Val Max P-Miss: 0.2670 | Max Q-Miss: 0.0271 | Val Max Gen Viol: 0.0000 | Val Max Thermal: 0.0000
Epoch 1080 | Val Loss: 36.9334 | Val Cost:    0.05 | Val Max P-Miss: 0.2664 | Max Q-Miss: 0.0294 | Val Max Gen Viol: 0.0000 | Val Max Thermal: 0.0000
Epoch 1090 | Val Loss: 36.7816 | Val Cost:    0.07 | Val Max P-Miss: 0.2539 | Max Q-Miss: 0.0392 | Val Max Gen Viol: 0.0000 | Val Max Thermal: 0.0000
Epoch 1100 | Val Loss: 36.7299 | Val Cost:    0.07 | Val Max P-Miss: 0.2574 | Max Q-Miss: 0.0272 | Val Max Gen Viol: 0.0000 | Val Max Thermal: 0.0000
Epoch 1110 | Val Loss: 36.7437 | Val Cost:    0.05 | Val Max P-Miss: 0.2340 | Max Q-Miss: 0.0928 | Val Max Gen Viol: 0.0000 | Val Max Thermal: 0.0000
Epoch 1120 | Val Loss: 36.3578 | Val Cost:    0.04 | Val Max P-Miss: 0.2679 | Max Q-Miss: 0.0356 | Val Max Gen Viol: 0.0000 | Val Max Thermal: 0.0000
Epoch 1130 | Val Loss: 36.0322 | Val Cost:    0.03 | Val Max P-Miss: 0.2607 | Max Q-Miss: 0.0291 | Val Max Gen Viol: 0.0000 | Val Max Thermal: 0.0000
Epoch 1140 | Val Loss: 35.8786 | Val Cost:    0.02 | Val Max P-Miss: 0.2532 | Max Q-Miss: 0.0283 | Val Max Gen Viol: 0.0000 | Val Max Thermal: 0.0000 [*SAVED BEST*]
Epoch 1150 | Val Loss: 35.8616 | Val Cost:    0.02 | Val Max P-Miss: 0.2561 | Max Q-Miss: 0.0269 | Val Max Gen Viol: 0.0000 | Val Max Thermal: 0.0000 [*SAVED BEST*]
Epoch 1160 | Val Loss: 35.9936 | Val Cost:    0.02 | Val Max P-Miss: 0.2627 | Max Q-Miss: 0.0266 | Val Max Gen Viol: 0.0000 | Val Max Thermal: 0.0000
Epoch 1170 | Val Loss: 35.8322 | Val Cost:    0.02 | Val Max P-Miss: 0.2531 | Max Q-Miss: 0.0262 | Val Max Gen Viol: 0.0000 | Val Max Thermal: 0.0000 [*SAVED BEST*]
Epoch 1180 | Val Loss: 35.9980 | Val Cost:    0.02 | Val Max P-Miss: 0.2632 | Max Q-Miss: 0.0243 | Val Max Gen Viol: 0.0000 | Val Max Thermal: 0.0000
Epoch 1190 | Val Loss: 36.0068 | Val Cost:    0.02 | Val Max P-Miss: 0.2642 | Max Q-Miss: 0.0243 | Val Max Gen Viol: 0.0000 | Val Max Thermal: 0.0000
Epoch 1200 | Val Loss: 35.9945 | Val Cost:    0.02 | Val Max P-Miss: 0.2619 | Max Q-Miss: 0.0252 | Val Max Gen Viol: 0.0000 | Val Max Thermal: 0.0000
Epoch 1210 | Val Loss: 35.8560 | Val Cost:    0.02 | Val Max P-Miss: 0.2552 | Max Q-Miss: 0.0242 | Val Max Gen Viol: 0.0000 | Val Max Thermal: 0.0000
Epoch 1220 | Val Loss: 36.0968 | Val Cost:    0.02 | Val Max P-Miss: 0.2684 | Max Q-Miss: 0.0247 | Val Max Gen Viol: 0.0000 | Val Max Thermal: 0.0000
Epoch 1230 | Val Loss: 36.0918 | Val Cost:    0.02 | Val Max P-Miss: 0.2673 | Max Q-Miss: 0.0247 | Val Max Gen Viol: 0.0000 | Val Max Thermal: 0.0000
Epoch 1240 | Val Loss: 36.0213 | Val Cost:    0.01 | Val Max P-Miss: 0.2587 | Max Q-Miss: 0.0332 | Val Max Gen Viol: 0.0000 | Val Max Thermal: 0.0000
Epoch 1250 | Val Loss: 36.1205 | Val Cost:    0.01 | Val Max P-Miss: 0.2503 | Max Q-Miss: 0.0478 | Val Max Gen Viol: 0.0000 | Val Max Thermal: 0.0000
Epoch 1260 | Val Loss: 36.1346 | Val Cost:    0.02 | Val Max P-Miss: 0.2715 | Max Q-Miss: 0.0388 | Val Max Gen Viol: 0.0000 | Val Max Thermal: 0.0000
Epoch 1270 | Val Loss: 36.5009 | Val Cost:    0.02 | Val Max P-Miss: 0.2923 | Max Q-Miss: 0.0434 | Val Max Gen Viol: 0.0000 | Val Max Thermal: 0.0000
Epoch 1280 | Val Loss: 36.6582 | Val Cost:    0.06 | Val Max P-Miss: 0.2338 | Max Q-Miss: 0.0835 | Val Max Gen Viol: 0.0000 | Val Max Thermal: 0.0000
Epoch 1290 | Val Loss: 35.8826 | Val Cost:    0.03 | Val Max P-Miss: 0.2419 | Max Q-Miss: 0.0375 | Val Max Gen Viol: 0.0000 | Val Max Thermal: 0.0000
Epoch 1300 | Val Loss: 35.9768 | Val Cost:    0.03 | Val Max P-Miss: 0.2638 | Max Q-Miss: 0.0252 | Val Max Gen Viol: 0.0000 | Val Max Thermal: 0.0000
Epoch 1310 | Val Loss: 36.0813 | Val Cost:    0.02 | Val Max P-Miss: 0.2717 | Max Q-Miss: 0.0253 | Val Max Gen Viol: 0.0000 | Val Max Thermal: 0.0000
Epoch 1320 | Val Loss: 36.1293 | Val Cost:    0.02 | Val Max P-Miss: 0.2767 | Max Q-Miss: 0.0259 | Val Max Gen Viol: 0.0000 | Val Max Thermal: 0.0000
Epoch 1330 | Val Loss: 36.1903 | Val Cost:    0.01 | Val Max P-Miss: 0.2822 | Max Q-Miss: 0.0267 | Val Max Gen Viol: 0.0000 | Val Max Thermal: 0.0000
Epoch 1340 | Val Loss: 36.0897 | Val Cost:    0.01 | Val Max P-Miss: 0.2757 | Max Q-Miss: 0.0250 | Val Max Gen Viol: 0.0000 | Val Max Thermal: 0.0000
Epoch 1350 | Val Loss: 35.9832 | Val Cost:    0.01 | Val Max P-Miss: 0.2750 | Max Q-Miss: 0.0251 | Val Max Gen Viol: 0.0000 | Val Max Thermal: 0.0000
Epoch 1360 | Val Loss: 36.0210 | Val Cost:    0.01 | Val Max P-Miss: 0.2705 | Max Q-Miss: 0.0221 | Val Max Gen Viol: 0.0000 | Val Max Thermal: 0.0000
Epoch 1370 | Val Loss: 35.8511 | Val Cost:    0.01 | Val Max P-Miss: 0.2674 | Max Q-Miss: 0.0215 | Val Max Gen Viol: 0.0000 | Val Max Thermal: 0.0000
Epoch 1380 | Val Loss: 35.8207 | Val Cost:    0.01 | Val Max P-Miss: 0.2698 | Max Q-Miss: 0.0211 | Val Max Gen Viol: 0.0000 | Val Max Thermal: 0.0000 [*SAVED BEST*]
Epoch 1390 | Val Loss: 35.8768 | Val Cost:    0.01 | Val Max P-Miss: 0.2698 | Max Q-Miss: 0.0229 | Val Max Gen Viol: 0.0000 | Val Max Thermal: 0.0000
Epoch 1400 | Val Loss: 36.0051 | Val Cost:    0.02 | Val Max P-Miss: 0.2552 | Max Q-Miss: 0.0362 | Val Max Gen Viol: 0.0000 | Val Max Thermal: 0.0000
Epoch 1410 | Val Loss: 36.5579 | Val Cost:    0.07 | Val Max P-Miss: 0.2580 | Max Q-Miss: 0.0272 | Val Max Gen Viol: 0.0000 | Val Max Thermal: 0.0000
Epoch 1420 | Val Loss: 36.3484 | Val Cost:    0.05 | Val Max P-Miss: 0.2494 | Max Q-Miss: 0.0286 | Val Max Gen Viol: 0.0000 | Val Max Thermal: 0.0000
Epoch 1430 | Val Loss: 36.1700 | Val Cost:    0.03 | Val Max P-Miss: 0.2446 | Max Q-Miss: 0.0288 | Val Max Gen Viol: 0.0000 | Val Max Thermal: 0.0000
Epoch 1440 | Val Loss: 38.1990 | Val Cost:    0.02 | Val Max P-Miss: 0.2557 | Max Q-Miss: 0.1375 | Val Max Gen Viol: 0.0000 | Val Max Thermal: 0.0000
Epoch 1450 | Val Loss: 35.9109 | Val Cost:    0.02 | Val Max P-Miss: 0.2453 | Max Q-Miss: 0.0442 | Val Max Gen Viol: 0.0000 | Val Max Thermal: 0.0000
Epoch 1460 | Val Loss: 35.9149 | Val Cost:    0.01 | Val Max P-Miss: 0.2670 | Max Q-Miss: 0.0229 | Val Max Gen Viol: 0.0000 | Val Max Thermal: 0.0000
Epoch 1470 | Val Loss: 35.9651 | Val Cost:    0.01 | Val Max P-Miss: 0.2712 | Max Q-Miss: 0.0251 | Val Max Gen Viol: 0.0000 | Val Max Thermal: 0.0000
Epoch 1480 | Val Loss: 35.9410 | Val Cost:    0.01 | Val Max P-Miss: 0.2722 | Max Q-Miss: 0.0249 | Val Max Gen Viol: 0.0000 | Val Max Thermal: 0.0000
Epoch 1490 | Val Loss: 35.8629 | Val Cost:    0.01 | Val Max P-Miss: 0.2649 | Max Q-Miss: 0.0222 | Val Max Gen Viol: 0.0000 | Val Max Thermal: 0.0000
Epoch 1500 | Val Loss: 35.7920 | Val Cost:    0.01 | Val Max P-Miss: 0.2617 | Max Q-Miss: 0.0202 | Val Max Gen Viol: 0.0000 | Val Max Thermal: 0.0000 [*SAVED BEST*]
Epoch 1510 | Val Loss: 35.7506 | Val Cost:    0.00 | Val Max P-Miss: 0.2635 | Max Q-Miss: 0.0185 | Val Max Gen Viol: 0.0000 | Val Max Thermal: 0.0000 [*SAVED BEST*]
Epoch 1520 | Val Loss: 35.7252 | Val Cost:    0.00 | Val Max P-Miss: 0.2652 | Max Q-Miss: 0.0217 | Val Max Gen Viol: 0.0000 | Val Max Thermal: 0.0000 [*SAVED BEST*]
Epoch 1530 | Val Loss: 35.7325 | Val Cost:    0.00 | Val Max P-Miss: 0.2628 | Max Q-Miss: 0.0226 | Val Max Gen Viol: 0.0000 | Val Max Thermal: 0.0000
Epoch 1540 | Val Loss: 35.8529 | Val Cost:    0.01 | Val Max P-Miss: 0.2585 | Max Q-Miss: 0.0257 | Val Max Gen Viol: 0.0000 | Val Max Thermal: 0.0000
Epoch 1550 | Val Loss: 35.7802 | Val Cost:    0.01 | Val Max P-Miss: 0.2628 | Max Q-Miss: 0.0290 | Val Max Gen Viol: 0.0000 | Val Max Thermal: 0.0000
Epoch 1560 | Val Loss: 35.8775 | Val Cost:    0.01 | Val Max P-Miss: 0.2499 | Max Q-Miss: 0.0415 | Val Max Gen Viol: 0.0000 | Val Max Thermal: 0.0000
Epoch 1570 | Val Loss: 35.7550 | Val Cost:    0.01 | Val Max P-Miss: 0.2481 | Max Q-Miss: 0.0336 | Val Max Gen Viol: 0.0000 | Val Max Thermal: 0.0000
Epoch 1580 | Val Loss: 36.9297 | Val Cost:    0.02 | Val Max P-Miss: 0.2895 | Max Q-Miss: 0.0485 | Val Max Gen Viol: 0.0000 | Val Max Thermal: 0.0000
Epoch 1590 | Val Loss: 36.0390 | Val Cost:    0.02 | Val Max P-Miss: 0.2453 | Max Q-Miss: 0.0691 | Val Max Gen Viol: 0.0000 | Val Max Thermal: 0.0000
Epoch 1600 | Val Loss: 35.6946 | Val Cost:    0.01 | Val Max P-Miss: 0.2439 | Max Q-Miss: 0.0266 | Val Max Gen Viol: 0.0000 | Val Max Thermal: 0.0000 [*SAVED BEST*]
Epoch 1610 | Val Loss: 35.6936 | Val Cost:    0.01 | Val Max P-Miss: 0.2492 | Max Q-Miss: 0.0238 | Val Max Gen Viol: 0.0000 | Val Max Thermal: 0.0000 [*SAVED BEST*]
Epoch 1620 | Val Loss: 35.6334 | Val Cost:    0.01 | Val Max P-Miss: 0.2470 | Max Q-Miss: 0.0228 | Val Max Gen Viol: 0.0000 | Val Max Thermal: 0.0000 [*SAVED BEST*]
Epoch 1630 | Val Loss: 35.5358 | Val Cost:    0.00 | Val Max P-Miss: 0.2432 | Max Q-Miss: 0.0206 | Val Max Gen Viol: 0.0000 | Val Max Thermal: 0.0000 [*SAVED BEST*]
Epoch 1640 | Val Loss: 35.4900 | Val Cost:    0.00 | Val Max P-Miss: 0.2406 | Max Q-Miss: 0.0194 | Val Max Gen Viol: 0.0000 | Val Max Thermal: 0.0000 [*SAVED BEST*]
Epoch 1650 | Val Loss: 35.4934 | Val Cost:    0.00 | Val Max P-Miss: 0.2406 | Max Q-Miss: 0.0215 | Val Max Gen Viol: 0.0000 | Val Max Thermal: 0.0000
Epoch 1660 | Val Loss: 35.5689 | Val Cost:    0.00 | Val Max P-Miss: 0.2457 | Max Q-Miss: 0.0213 | Val Max Gen Viol: 0.0000 | Val Max Thermal: 0.0000
Epoch 1670 | Val Loss: 35.5436 | Val Cost:    0.00 | Val Max P-Miss: 0.2420 | Max Q-Miss: 0.0240 | Val Max Gen Viol: 0.0000 | Val Max Thermal: 0.0000
Epoch 1680 | Val Loss: 35.6009 | Val Cost:    0.00 | Val Max P-Miss: 0.2417 | Max Q-Miss: 0.0345 | Val Max Gen Viol: 0.0000 | Val Max Thermal: 0.0000
Epoch 1690 | Val Loss: 35.6499 | Val Cost:    0.00 | Val Max P-Miss: 0.2392 | Max Q-Miss: 0.0442 | Val Max Gen Viol: 0.0000 | Val Max Thermal: 0.0000
Epoch 1700 | Val Loss: 35.7675 | Val Cost:    0.00 | Val Max P-Miss: 0.2419 | Max Q-Miss: 0.0504 | Val Max Gen Viol: 0.0000 | Val Max Thermal: 0.0000
Epoch 1710 | Val Loss: 35.6808 | Val Cost:    0.00 | Val Max P-Miss: 0.2508 | Max Q-Miss: 0.0403 | Val Max Gen Viol: 0.0000 | Val Max Thermal: 0.0000
Epoch 1720 | Val Loss: 35.6357 | Val Cost:    0.00 | Val Max P-Miss: 0.2430 | Max Q-Miss: 0.0305 | Val Max Gen Viol: 0.0000 | Val Max Thermal: 0.0000
Epoch 1730 | Val Loss: 35.6751 | Val Cost:    0.00 | Val Max P-Miss: 0.2361 | Max Q-Miss: 0.0373 | Val Max Gen Viol: 0.0000 | Val Max Thermal: 0.0000
Epoch 1740 | Val Loss: 35.7044 | Val Cost:    0.00 | Val Max P-Miss: 0.2375 | Max Q-Miss: 0.0382 | Val Max Gen Viol: 0.0000 | Val Max Thermal: 0.0000
Epoch 1750 | Val Loss: 37.0144 | Val Cost:    0.03 | Val Max P-Miss: 0.2790 | Max Q-Miss: 0.0734 | Val Max Gen Viol: 0.0000 | Val Max Thermal: 0.0000
Epoch 1760 | Val Loss: 36.3828 | Val Cost:    0.02 | Val Max P-Miss: 0.2560 | Max Q-Miss: 0.0528 | Val Max Gen Viol: 0.0000 | Val Max Thermal: 0.0000
Epoch 1770 | Val Loss: 36.2330 | Val Cost:    0.02 | Val Max P-Miss: 0.2526 | Max Q-Miss: 0.0293 | Val Max Gen Viol: 0.0000 | Val Max Thermal: 0.0000
Epoch 1780 | Val Loss: 36.1555 | Val Cost:    0.01 | Val Max P-Miss: 0.2480 | Max Q-Miss: 0.0351 | Val Max Gen Viol: 0.0000 | Val Max Thermal: 0.0000
Epoch 1790 | Val Loss: 36.0861 | Val Cost:    0.01 | Val Max P-Miss: 0.2456 | Max Q-Miss: 0.0392 | Val Max Gen Viol: 0.0000 | Val Max Thermal: 0.0000
Epoch 1800 | Val Loss: 36.0552 | Val Cost:    0.01 | Val Max P-Miss: 0.2584 | Max Q-Miss: 0.0319 | Val Max Gen Viol: 0.0000 | Val Max Thermal: 0.0000
Epoch 1810 | Val Loss: 35.6744 | Val Cost:    0.00 | Val Max P-Miss: 0.2535 | Max Q-Miss: 0.0284 | Val Max Gen Viol: 0.0000 | Val Max Thermal: 0.0000
Epoch 1820 | Val Loss: 35.8583 | Val Cost:    0.00 | Val Max P-Miss: 0.2712 | Max Q-Miss: 0.0256 | Val Max Gen Viol: 0.0000 | Val Max Thermal: 0.0000
Epoch 1830 | Val Loss: 35.7333 | Val Cost:    0.00 | Val Max P-Miss: 0.2623 | Max Q-Miss: 0.0230 | Val Max Gen Viol: 0.0000 | Val Max Thermal: 0.0000
Epoch 1840 | Val Loss: 35.6697 | Val Cost:    0.00 | Val Max P-Miss: 0.2663 | Max Q-Miss: 0.0217 | Val Max Gen Viol: 0.0000 | Val Max Thermal: 0.0000
Epoch 1850 | Val Loss: 35.6582 | Val Cost:    0.00 | Val Max P-Miss: 0.2680 | Max Q-Miss: 0.0224 | Val Max Gen Viol: 0.0000 | Val Max Thermal: 0.0000
Epoch 1860 | Val Loss: 35.6832 | Val Cost:    0.00 | Val Max P-Miss: 0.2693 | Max Q-Miss: 0.0228 | Val Max Gen Viol: 0.0000 | Val Max Thermal: 0.0000
Epoch 1870 | Val Loss: 35.6519 | Val Cost:    0.00 | Val Max P-Miss: 0.2675 | Max Q-Miss: 0.0230 | Val Max Gen Viol: 0.0000 | Val Max Thermal: 0.0000
Epoch 1880 | Val Loss: 35.6888 | Val Cost:    0.00 | Val Max P-Miss: 0.2705 | Max Q-Miss: 0.0245 | Val Max Gen Viol: 0.0000 | Val Max Thermal: 0.0000
Epoch 1890 | Val Loss: 35.7163 | Val Cost:    0.00 | Val Max P-Miss: 0.2725 | Max Q-Miss: 0.0250 | Val Max Gen Viol: 0.0000 | Val Max Thermal: 0.0000
Epoch 1900 | Val Loss: 35.7290 | Val Cost:    0.00 | Val Max P-Miss: 0.2724 | Max Q-Miss: 0.0247 | Val Max Gen Viol: 0.0000 | Val Max Thermal: 0.0000
Epoch 1910 | Val Loss: 35.7442 | Val Cost:    0.00 | Val Max P-Miss: 0.2714 | Max Q-Miss: 0.0248 | Val Max Gen Viol: 0.0000 | Val Max Thermal: 0.0000
Epoch 1920 | Val Loss: 35.7577 | Val Cost:    0.00 | Val Max P-Miss: 0.2719 | Max Q-Miss: 0.0248 | Val Max Gen Viol: 0.0000 | Val Max Thermal: 0.0000
Epoch 1930 | Val Loss: 35.7813 | Val Cost:    0.00 | Val Max P-Miss: 0.2727 | Max Q-Miss: 0.0247 | Val Max Gen Viol: 0.0000 | Val Max Thermal: 0.0000
Epoch 1940 | Val Loss: 35.7693 | Val Cost:    0.00 | Val Max P-Miss: 0.2741 | Max Q-Miss: 0.0240 | Val Max Gen Viol: 0.0000 | Val Max Thermal: 0.0000
Epoch 1950 | Val Loss: 35.6585 | Val Cost:    0.00 | Val Max P-Miss: 0.2682 | Max Q-Miss: 0.0224 | Val Max Gen Viol: 0.0000 | Val Max Thermal: 0.0000
Epoch 1960 | Val Loss: 35.6536 | Val Cost:    0.00 | Val Max P-Miss: 0.2661 | Max Q-Miss: 0.0212 | Val Max Gen Viol: 0.0000 | Val Max Thermal: 0.0000
Epoch 1970 | Val Loss: 35.7581 | Val Cost:    0.00 | Val Max P-Miss: 0.2630 | Max Q-Miss: 0.0223 | Val Max Gen Viol: 0.0000 | Val Max Thermal: 0.0000
Epoch 1980 | Val Loss: 35.6511 | Val Cost:    0.00 | Val Max P-Miss: 0.2654 | Max Q-Miss: 0.0178 | Val Max Gen Viol: 0.0000 | Val Max Thermal: 0.0000
Epoch 1990 | Val Loss: 37.5467 | Val Cost:    0.00 | Val Max P-Miss: 0.2723 | Max Q-Miss: 0.1012 | Val Max Gen Viol: 0.0000 | Val Max Thermal: 0.0000
Epoch 2000 | Val Loss: 36.0708 | Val Cost:    0.01 | Val Max P-Miss: 0.2795 | Max Q-Miss: 0.0292 | Val Max Gen Viol: 0.0000 | Val Max Thermal: 0.0000
Epoch 2010 | Val Loss: 35.9509 | Val Cost:    0.00 | Val Max P-Miss: 0.2710 | Max Q-Miss: 0.0249 | Val Max Gen Viol: 0.0000 | Val Max Thermal: 0.0000
Epoch 2020 | Val Loss: 36.7172 | Val Cost:    0.01 | Val Max P-Miss: 0.3155 | Max Q-Miss: 0.0354 | Val Max Gen Viol: 0.0000 | Val Max Thermal: 0.0000
Epoch 2030 | Val Loss: 35.8672 | Val Cost:    0.00 | Val Max P-Miss: 0.2670 | Max Q-Miss: 0.0350 | Val Max Gen Viol: 0.0000 | Val Max Thermal: 0.0000
Epoch 2040 | Val Loss: 35.8633 | Val Cost:    0.00 | Val Max P-Miss: 0.2418 | Max Q-Miss: 0.0299 | Val Max Gen Viol: 0.0000 | Val Max Thermal: 0.0000
Epoch 2050 | Val Loss: 36.3714 | Val Cost:    0.00 | Val Max P-Miss: 0.2854 | Max Q-Miss: 0.0726 | Val Max Gen Viol: 0.0000 | Val Max Thermal: 0.0000
Epoch 2060 | Val Loss: 35.5480 | Val Cost:    0.00 | Val Max P-Miss: 0.2477 | Max Q-Miss: 0.0235 | Val Max Gen Viol: 0.0000 | Val Max Thermal: 0.0000
Epoch 2070 | Val Loss: 35.4767 | Val Cost:    0.00 | Val Max P-Miss: 0.2431 | Max Q-Miss: 0.0218 | Val Max Gen Viol: 0.0000 | Val Max Thermal: 0.0000 [*SAVED BEST*]
Epoch 2080 | Val Loss: 35.4387 | Val Cost:    0.00 | Val Max P-Miss: 0.2411 | Max Q-Miss: 0.0205 | Val Max Gen Viol: 0.0000 | Val Max Thermal: 0.0000 [*SAVED BEST*]
Epoch 2090 | Val Loss: 35.5096 | Val Cost:    0.00 | Val Max P-Miss: 0.2476 | Max Q-Miss: 0.0198 | Val Max Gen Viol: 0.0000 | Val Max Thermal: 0.0000
Epoch 2100 | Val Loss: 35.5094 | Val Cost:    0.00 | Val Max P-Miss: 0.2455 | Max Q-Miss: 0.0204 | Val Max Gen Viol: 0.0000 | Val Max Thermal: 0.0000
Epoch 2110 | Val Loss: 35.5294 | Val Cost:    0.00 | Val Max P-Miss: 0.2448 | Max Q-Miss: 0.0205 | Val Max Gen Viol: 0.0000 | Val Max Thermal: 0.0000
Epoch 2120 | Val Loss: 35.4992 | Val Cost:    0.00 | Val Max P-Miss: 0.2434 | Max Q-Miss: 0.0196 | Val Max Gen Viol: 0.0000 | Val Max Thermal: 0.0000
Epoch 2130 | Val Loss: 35.4800 | Val Cost:    0.00 | Val Max P-Miss: 0.2428 | Max Q-Miss: 0.0200 | Val Max Gen Viol: 0.0000 | Val Max Thermal: 0.0000
Epoch 2140 | Val Loss: 35.4415 | Val Cost:    0.00 | Val Max P-Miss: 0.2404 | Max Q-Miss: 0.0210 | Val Max Gen Viol: 0.0000 | Val Max Thermal: 0.0000
Epoch 2150 | Val Loss: 35.4300 | Val Cost:    0.00 | Val Max P-Miss: 0.2402 | Max Q-Miss: 0.0205 | Val Max Gen Viol: 0.0000 | Val Max Thermal: 0.0000 [*SAVED BEST*]
Epoch 2160 | Val Loss: 35.4100 | Val Cost:    0.00 | Val Max P-Miss: 0.2392 | Max Q-Miss: 0.0202 | Val Max Gen Viol: 0.0000 | Val Max Thermal: 0.0000 [*SAVED BEST*]
Epoch 2170 | Val Loss: 35.3987 | Val Cost:    0.00 | Val Max P-Miss: 0.2379 | Max Q-Miss: 0.0220 | Val Max Gen Viol: 0.0000 | Val Max Thermal: 0.0000 [*SAVED BEST*]
Epoch 2180 | Val Loss: 35.4017 | Val Cost:    0.00 | Val Max P-Miss: 0.2375 | Max Q-Miss: 0.0220 | Val Max Gen Viol: 0.0000 | Val Max Thermal: 0.0000
Epoch 2190 | Val Loss: 35.3961 | Val Cost:    0.00 | Val Max P-Miss: 0.2381 | Max Q-Miss: 0.0212 | Val Max Gen Viol: 0.0000 | Val Max Thermal: 0.0000 [*SAVED BEST*]
Epoch 2200 | Val Loss: 35.3931 | Val Cost:    0.00 | Val Max P-Miss: 0.2368 | Max Q-Miss: 0.0203 | Val Max Gen Viol: 0.0000 | Val Max Thermal: 0.0000 [*SAVED BEST*]
Epoch 2210 | Val Loss: 35.4513 | Val Cost:    0.00 | Val Max P-Miss: 0.2413 | Max Q-Miss: 0.0214 | Val Max Gen Viol: 0.0000 | Val Max Thermal: 0.0000
Epoch 2220 | Val Loss: 35.4354 | Val Cost:    0.00 | Val Max P-Miss: 0.2389 | Max Q-Miss: 0.0208 | Val Max Gen Viol: 0.0000 | Val Max Thermal: 0.0000
Epoch 2230 | Val Loss: 35.5330 | Val Cost:    0.00 | Val Max P-Miss: 0.2412 | Max Q-Miss: 0.0224 | Val Max Gen Viol: 0.0000 | Val Max Thermal: 0.0000
Epoch 2240 | Val Loss: 36.2316 | Val Cost:    0.00 | Val Max P-Miss: 0.2695 | Max Q-Miss: 0.0546 | Val Max Gen Viol: 0.0000 | Val Max Thermal: 0.0000
Epoch 2250 | Val Loss: 35.9489 | Val Cost:    0.00 | Val Max P-Miss: 0.2480 | Max Q-Miss: 0.0392 | Val Max Gen Viol: 0.0000 | Val Max Thermal: 0.0000
Epoch 2260 | Val Loss: 35.7878 | Val Cost:    0.00 | Val Max P-Miss: 0.2450 | Max Q-Miss: 0.0260 | Val Max Gen Viol: 0.0000 | Val Max Thermal: 0.0000
Epoch 2270 | Val Loss: 35.6696 | Val Cost:    0.00 | Val Max P-Miss: 0.2394 | Max Q-Miss: 0.0199 | Val Max Gen Viol: 0.0000 | Val Max Thermal: 0.0000
Epoch 2280 | Val Loss: 35.6027 | Val Cost:    0.00 | Val Max P-Miss: 0.2351 | Max Q-Miss: 0.0191 | Val Max Gen Viol: 0.0000 | Val Max Thermal: 0.0000
Epoch 2290 | Val Loss: 36.0933 | Val Cost:    0.00 | Val Max P-Miss: 0.2511 | Max Q-Miss: 0.0385 | Val Max Gen Viol: 0.0000 | Val Max Thermal: 0.0000
Epoch 2300 | Val Loss: 35.9881 | Val Cost:    0.00 | Val Max P-Miss: 0.2515 | Max Q-Miss: 0.0535 | Val Max Gen Viol: 0.0000 | Val Max Thermal: 0.0000
Epoch 2310 | Val Loss: 35.5049 | Val Cost:    0.00 | Val Max P-Miss: 0.2450 | Max Q-Miss: 0.0215 | Val Max Gen Viol: 0.0000 | Val Max Thermal: 0.0000
Epoch 2320 | Val Loss: 35.4539 | Val Cost:    0.00 | Val Max P-Miss: 0.2413 | Max Q-Miss: 0.0201 | Val Max Gen Viol: 0.0000 | Val Max Thermal: 0.0000
Epoch 2330 | Val Loss: 35.4340 | Val Cost:    0.00 | Val Max P-Miss: 0.2415 | Max Q-Miss: 0.0199 | Val Max Gen Viol: 0.0000 | Val Max Thermal: 0.0000
Epoch 2340 | Val Loss: 35.4125 | Val Cost:    0.00 | Val Max P-Miss: 0.2398 | Max Q-Miss: 0.0196 | Val Max Gen Viol: 0.0000 | Val Max Thermal: 0.0000
Epoch 2350 | Val Loss: 35.4075 | Val Cost:    0.00 | Val Max P-Miss: 0.2406 | Max Q-Miss: 0.0197 | Val Max Gen Viol: 0.0000 | Val Max Thermal: 0.0000
Epoch 2360 | Val Loss: 35.4129 | Val Cost:    0.00 | Val Max P-Miss: 0.2414 | Max Q-Miss: 0.0198 | Val Max Gen Viol: 0.0000 | Val Max Thermal: 0.0000
Epoch 2370 | Val Loss: 35.4887 | Val Cost:    0.00 | Val Max P-Miss: 0.2467 | Max Q-Miss: 0.0214 | Val Max Gen Viol: 0.0000 | Val Max Thermal: 0.0000
Epoch 2380 | Val Loss: 35.4787 | Val Cost:    0.00 | Val Max P-Miss: 0.2456 | Max Q-Miss: 0.0214 | Val Max Gen Viol: 0.0000 | Val Max Thermal: 0.0000
Epoch 2390 | Val Loss: 35.5300 | Val Cost:    0.00 | Val Max P-Miss: 0.2452 | Max Q-Miss: 0.0227 | Val Max Gen Viol: 0.0000 | Val Max Thermal: 0.0000
Epoch 2400 | Val Loss: 35.4391 | Val Cost:    0.00 | Val Max P-Miss: 0.2349 | Max Q-Miss: 0.0212 | Val Max Gen Viol: 0.0000 | Val Max Thermal: 0.0000
Epoch 2410 | Val Loss: 35.7626 | Val Cost:    0.00 | Val Max P-Miss: 0.2415 | Max Q-Miss: 0.0295 | Val Max Gen Viol: 0.0000 | Val Max Thermal: 0.0000
Epoch 2420 | Val Loss: 35.5747 | Val Cost:    0.00 | Val Max P-Miss: 0.2444 | Max Q-Miss: 0.0301 | Val Max Gen Viol: 0.0000 | Val Max Thermal: 0.0000
Epoch 2430 | Val Loss: 35.4495 | Val Cost:    0.00 | Val Max P-Miss: 0.2448 | Max Q-Miss: 0.0281 | Val Max Gen Viol: 0.0000 | Val Max Thermal: 0.0000
Epoch 2440 | Val Loss: 36.5958 | Val Cost:    0.00 | Val Max P-Miss: 0.2357 | Max Q-Miss: 0.0959 | Val Max Gen Viol: 0.0000 | Val Max Thermal: 0.0000
Epoch 2450 | Val Loss: 35.7797 | Val Cost:    0.00 | Val Max P-Miss: 0.2760 | Max Q-Miss: 0.0375 | Val Max Gen Viol: 0.0000 | Val Max Thermal: 0.0000
Epoch 2460 | Val Loss: 35.6143 | Val Cost:    0.00 | Val Max P-Miss: 0.2594 | Max Q-Miss: 0.0262 | Val Max Gen Viol: 0.0000 | Val Max Thermal: 0.0000
Epoch 2470 | Val Loss: 35.5767 | Val Cost:    0.00 | Val Max P-Miss: 0.2548 | Max Q-Miss: 0.0211 | Val Max Gen Viol: 0.0000 | Val Max Thermal: 0.0000
Epoch 2480 | Val Loss: 35.7492 | Val Cost:    0.00 | Val Max P-Miss: 0.2670 | Max Q-Miss: 0.0189 | Val Max Gen Viol: 0.0000 | Val Max Thermal: 0.0000
Epoch 2490 | Val Loss: 35.4308 | Val Cost:    0.00 | Val Max P-Miss: 0.2462 | Max Q-Miss: 0.0251 | Val Max Gen Viol: 0.0000 | Val Max Thermal: 0.0000
Epoch 2500 | Val Loss: 35.3486 | Val Cost:    0.00 | Val Max P-Miss: 0.2356 | Max Q-Miss: 0.0199 | Val Max Gen Viol: 0.0000 | Val Max Thermal: 0.0000 [*SAVED BEST*]
Epoch 2510 | Val Loss: 35.3010 | Val Cost:    0.00 | Val Max P-Miss: 0.2337 | Max Q-Miss: 0.0182 | Val Max Gen Viol: 0.0000 | Val Max Thermal: 0.0000 [*SAVED BEST*]
Epoch 2520 | Val Loss: 35.2681 | Val Cost:    0.00 | Val Max P-Miss: 0.2338 | Max Q-Miss: 0.0164 | Val Max Gen Viol: 0.0000 | Val Max Thermal: 0.0000 [*SAVED BEST*]
Epoch 2530 | Val Loss: 35.2724 | Val Cost:    0.00 | Val Max P-Miss: 0.2333 | Max Q-Miss: 0.0159 | Val Max Gen Viol: 0.0000 | Val Max Thermal: 0.0000
Epoch 2540 | Val Loss: 35.3398 | Val Cost:    0.00 | Val Max P-Miss: 0.2382 | Max Q-Miss: 0.0177 | Val Max Gen Viol: 0.0000 | Val Max Thermal: 0.0000
Epoch 2550 | Val Loss: 35.3039 | Val Cost:    0.00 | Val Max P-Miss: 0.2346 | Max Q-Miss: 0.0169 | Val Max Gen Viol: 0.0000 | Val Max Thermal: 0.0000
Epoch 2560 | Val Loss: 35.3106 | Val Cost:    0.00 | Val Max P-Miss: 0.2362 | Max Q-Miss: 0.0167 | Val Max Gen Viol: 0.0000 | Val Max Thermal: 0.0000
Epoch 2570 | Val Loss: 35.3860 | Val Cost:    0.00 | Val Max P-Miss: 0.2414 | Max Q-Miss: 0.0181 | Val Max Gen Viol: 0.0000 | Val Max Thermal: 0.0000
Epoch 2580 | Val Loss: 35.3725 | Val Cost:    0.00 | Val Max P-Miss: 0.2409 | Max Q-Miss: 0.0176 | Val Max Gen Viol: 0.0000 | Val Max Thermal: 0.0000
Epoch 2590 | Val Loss: 35.4171 | Val Cost:    0.00 | Val Max P-Miss: 0.2426 | Max Q-Miss: 0.0183 | Val Max Gen Viol: 0.0000 | Val Max Thermal: 0.0000
Epoch 2600 | Val Loss: 35.3557 | Val Cost:    0.00 | Val Max P-Miss: 0.2372 | Max Q-Miss: 0.0173 | Val Max Gen Viol: 0.0000 | Val Max Thermal: 0.0000
Epoch 2610 | Val Loss: 35.5996 | Val Cost:    0.00 | Val Max P-Miss: 0.2508 | Max Q-Miss: 0.0187 | Val Max Gen Viol: 0.0000 | Val Max Thermal: 0.0000
Epoch 2620 | Val Loss: 35.5840 | Val Cost:    0.00 | Val Max P-Miss: 0.2424 | Max Q-Miss: 0.0185 | Val Max Gen Viol: 0.0000 | Val Max Thermal: 0.0000
Epoch 2630 | Val Loss: 35.6529 | Val Cost:    0.00 | Val Max P-Miss: 0.2372 | Max Q-Miss: 0.0158 | Val Max Gen Viol: 0.0000 | Val Max Thermal: 0.0000
Epoch 2640 | Val Loss: 35.7173 | Val Cost:    0.00 | Val Max P-Miss: 0.2471 | Max Q-Miss: 0.0210 | Val Max Gen Viol: 0.0000 | Val Max Thermal: 0.0000
Epoch 2650 | Val Loss: 35.6086 | Val Cost:    0.00 | Val Max P-Miss: 0.2425 | Max Q-Miss: 0.0283 | Val Max Gen Viol: 0.0000 | Val Max Thermal: 0.0000
Epoch 2660 | Val Loss: 35.9932 | Val Cost:    0.00 | Val Max P-Miss: 0.3031 | Max Q-Miss: 0.0413 | Val Max Gen Viol: 0.0000 | Val Max Thermal: 0.0000
Epoch 2670 | Val Loss: 35.5424 | Val Cost:    0.00 | Val Max P-Miss: 0.2664 | Max Q-Miss: 0.0316 | Val Max Gen Viol: 0.0000 | Val Max Thermal: 0.0000
Epoch 2680 | Val Loss: 36.4987 | Val Cost:    0.00 | Val Max P-Miss: 0.2457 | Max Q-Miss: 0.0845 | Val Max Gen Viol: 0.0000 | Val Max Thermal: 0.0000
Epoch 2690 | Val Loss: 35.5429 | Val Cost:    0.00 | Val Max P-Miss: 0.2548 | Max Q-Miss: 0.0194 | Val Max Gen Viol: 0.0000 | Val Max Thermal: 0.0000
Epoch 2700 | Val Loss: 35.3995 | Val Cost:    0.00 | Val Max P-Miss: 0.2411 | Max Q-Miss: 0.0196 | Val Max Gen Viol: 0.0000 | Val Max Thermal: 0.0000
Epoch 2710 | Val Loss: 35.3698 | Val Cost:    0.00 | Val Max P-Miss: 0.2408 | Max Q-Miss: 0.0190 | Val Max Gen Viol: 0.0000 | Val Max Thermal: 0.0000
Epoch 2720 | Val Loss: 35.3545 | Val Cost:    0.00 | Val Max P-Miss: 0.2403 | Max Q-Miss: 0.0187 | Val Max Gen Viol: 0.0000 | Val Max Thermal: 0.0000
Epoch 2730 | Val Loss: 35.3381 | Val Cost:    0.00 | Val Max P-Miss: 0.2385 | Max Q-Miss: 0.0178 | Val Max Gen Viol: 0.0000 | Val Max Thermal: 0.0000
Epoch 2740 | Val Loss: 35.4023 | Val Cost:    0.00 | Val Max P-Miss: 0.2448 | Max Q-Miss: 0.0199 | Val Max Gen Viol: 0.0000 | Val Max Thermal: 0.0000
Epoch 2750 | Val Loss: 35.4671 | Val Cost:    0.00 | Val Max P-Miss: 0.2429 | Max Q-Miss: 0.0211 | Val Max Gen Viol: 0.0000 | Val Max Thermal: 0.0000
Epoch 2760 | Val Loss: 35.6686 | Val Cost:    0.00 | Val Max P-Miss: 0.2390 | Max Q-Miss: 0.0202 | Val Max Gen Viol: 0.0000 | Val Max Thermal: 0.0000
Epoch 2770 | Val Loss: 35.6587 | Val Cost:    0.00 | Val Max P-Miss: 0.2407 | Max Q-Miss: 0.0162 | Val Max Gen Viol: 0.0000 | Val Max Thermal: 0.0000
Epoch 2780 | Val Loss: 35.5753 | Val Cost:    0.00 | Val Max P-Miss: 0.2405 | Max Q-Miss: 0.0156 | Val Max Gen Viol: 0.0000 | Val Max Thermal: 0.0000
Epoch 2790 | Val Loss: 35.4763 | Val Cost:    0.00 | Val Max P-Miss: 0.2381 | Max Q-Miss: 0.0170 | Val Max Gen Viol: 0.0000 | Val Max Thermal: 0.0000
Epoch 2800 | Val Loss: 36.4937 | Val Cost:    0.00 | Val Max P-Miss: 0.2920 | Max Q-Miss: 0.0780 | Val Max Gen Viol: 0.0000 | Val Max Thermal: 0.0000
Epoch 2810 | Val Loss: 35.4362 | Val Cost:    0.00 | Val Max P-Miss: 0.2640 | Max Q-Miss: 0.0191 | Val Max Gen Viol: 0.0000 | Val Max Thermal: 0.0000
Epoch 2820 | Val Loss: 35.4656 | Val Cost:    0.00 | Val Max P-Miss: 0.2634 | Max Q-Miss: 0.0212 | Val Max Gen Viol: 0.0000 | Val Max Thermal: 0.0000
Epoch 2830 | Val Loss: 35.4938 | Val Cost:    0.00 | Val Max P-Miss: 0.2640 | Max Q-Miss: 0.0219 | Val Max Gen Viol: 0.0000 | Val Max Thermal: 0.0000
Epoch 2840 | Val Loss: 35.3843 | Val Cost:    0.00 | Val Max P-Miss: 0.2557 | Max Q-Miss: 0.0196 | Val Max Gen Viol: 0.0000 | Val Max Thermal: 0.0000
Epoch 2850 | Val Loss: 35.3503 | Val Cost:    0.00 | Val Max P-Miss: 0.2520 | Max Q-Miss: 0.0186 | Val Max Gen Viol: 0.0000 | Val Max Thermal: 0.0000
Epoch 2860 | Val Loss: 35.3395 | Val Cost:    0.00 | Val Max P-Miss: 0.2550 | Max Q-Miss: 0.0195 | Val Max Gen Viol: 0.0000 | Val Max Thermal: 0.0000
Epoch 2870 | Val Loss: 35.3189 | Val Cost:    0.00 | Val Max P-Miss: 0.2541 | Max Q-Miss: 0.0190 | Val Max Gen Viol: 0.0000 | Val Max Thermal: 0.0000
Epoch 2880 | Val Loss: 35.3350 | Val Cost:    0.00 | Val Max P-Miss: 0.2495 | Max Q-Miss: 0.0317 | Val Max Gen Viol: 0.0000 | Val Max Thermal: 0.0000
Epoch 2890 | Val Loss: 35.3318 | Val Cost:    0.00 | Val Max P-Miss: 0.2530 | Max Q-Miss: 0.0191 | Val Max Gen Viol: 0.0000 | Val Max Thermal: 0.0000
Epoch 2900 | Val Loss: 35.3164 | Val Cost:    0.00 | Val Max P-Miss: 0.2519 | Max Q-Miss: 0.0183 | Val Max Gen Viol: 0.0000 | Val Max Thermal: 0.0000
Epoch 2910 | Val Loss: 35.3189 | Val Cost:    0.00 | Val Max P-Miss: 0.2490 | Max Q-Miss: 0.0186 | Val Max Gen Viol: 0.0000 | Val Max Thermal: 0.0000
Epoch 2920 | Val Loss: 35.3464 | Val Cost:    0.00 | Val Max P-Miss: 0.2487 | Max Q-Miss: 0.0186 | Val Max Gen Viol: 0.0000 | Val Max Thermal: 0.0000
Epoch 2930 | Val Loss: 35.3139 | Val Cost:    0.00 | Val Max P-Miss: 0.2465 | Max Q-Miss: 0.0183 | Val Max Gen Viol: 0.0000 | Val Max Thermal: 0.0000
Epoch 2940 | Val Loss: 35.3622 | Val Cost:    0.00 | Val Max P-Miss: 0.2429 | Max Q-Miss: 0.0365 | Val Max Gen Viol: 0.0000 | Val Max Thermal: 0.0000
Epoch 2950 | Val Loss: 35.3181 | Val Cost:    0.00 | Val Max P-Miss: 0.2454 | Max Q-Miss: 0.0181 | Val Max Gen Viol: 0.0000 | Val Max Thermal: 0.0000
Epoch 2960 | Val Loss: 35.3263 | Val Cost:    0.00 | Val Max P-Miss: 0.2503 | Max Q-Miss: 0.0183 | Val Max Gen Viol: 0.0000 | Val Max Thermal: 0.0000
Epoch 2970 | Val Loss: 35.3394 | Val Cost:    0.00 | Val Max P-Miss: 0.2497 | Max Q-Miss: 0.0179 | Val Max Gen Viol: 0.0000 | Val Max Thermal: 0.0000
Epoch 2980 | Val Loss: 35.3342 | Val Cost:    0.00 | Val Max P-Miss: 0.2476 | Max Q-Miss: 0.0187 | Val Max Gen Viol: 0.0000 | Val Max Thermal: 0.0000
Epoch 2990 | Val Loss: 35.3279 | Val Cost:    0.00 | Val Max P-Miss: 0.2444 | Max Q-Miss: 0.0224 | Val Max Gen Viol: 0.0000 | Val Max Thermal: 0.0000
Epoch 3000 | Val Loss: 35.3230 | Val Cost:    0.00 | Val Max P-Miss: 0.2414 | Max Q-Miss: 0.0279 | Val Max Gen Viol: 0.0000 | Val Max Thermal: 0.0000
Epoch 3010 | Val Loss: 36.1510 | Val Cost:    0.00 | Val Max P-Miss: 0.2720 | Max Q-Miss: 0.0616 | Val Max Gen Viol: 0.0000 | Val Max Thermal: 0.0000
Epoch 3020 | Val Loss: 35.6788 | Val Cost:    0.00 | Val Max P-Miss: 0.2530 | Max Q-Miss: 0.0646 | Val Max Gen Viol: 0.0000 | Val Max Thermal: 0.0000
Epoch 3030 | Val Loss: 35.4287 | Val Cost:    0.00 | Val Max P-Miss: 0.2515 | Max Q-Miss: 0.0259 | Val Max Gen Viol: 0.0000 | Val Max Thermal: 0.0000
Epoch 3040 | Val Loss: 35.4150 | Val Cost:    0.00 | Val Max P-Miss: 0.2524 | Max Q-Miss: 0.0183 | Val Max Gen Viol: 0.0000 | Val Max Thermal: 0.0000
Epoch 3050 | Val Loss: 35.4901 | Val Cost:    0.00 | Val Max P-Miss: 0.2556 | Max Q-Miss: 0.0199 | Val Max Gen Viol: 0.0000 | Val Max Thermal: 0.0000
Epoch 3060 | Val Loss: 35.4283 | Val Cost:    0.00 | Val Max P-Miss: 0.2501 | Max Q-Miss: 0.0183 | Val Max Gen Viol: 0.0000 | Val Max Thermal: 0.0000
Epoch 3070 | Val Loss: 35.4657 | Val Cost:    0.00 | Val Max P-Miss: 0.2516 | Max Q-Miss: 0.0182 | Val Max Gen Viol: 0.0000 | Val Max Thermal: 0.0000
Epoch 3080 | Val Loss: 35.4095 | Val Cost:    0.00 | Val Max P-Miss: 0.2497 | Max Q-Miss: 0.0183 | Val Max Gen Viol: 0.0000 | Val Max Thermal: 0.0000
Epoch 3090 | Val Loss: 35.3835 | Val Cost:    0.00 | Val Max P-Miss: 0.2483 | Max Q-Miss: 0.0177 | Val Max Gen Viol: 0.0000 | Val Max Thermal: 0.0000
Epoch 3100 | Val Loss: 35.3516 | Val Cost:    0.00 | Val Max P-Miss: 0.2525 | Max Q-Miss: 0.0188 | Val Max Gen Viol: 0.0000 | Val Max Thermal: 0.0000
Epoch 3110 | Val Loss: 35.3471 | Val Cost:    0.00 | Val Max P-Miss: 0.2536 | Max Q-Miss: 0.0184 | Val Max Gen Viol: 0.0000 | Val Max Thermal: 0.0000
Epoch 3120 | Val Loss: 35.4348 | Val Cost:    0.00 | Val Max P-Miss: 0.2475 | Max Q-Miss: 0.0215 | Val Max Gen Viol: 0.0000 | Val Max Thermal: 0.0000
Epoch 3130 | Val Loss: 37.0542 | Val Cost:    0.00 | Val Max P-Miss: 0.2695 | Max Q-Miss: 0.1121 | Val Max Gen Viol: 0.0000 | Val Max Thermal: 0.0000
Epoch 3140 | Val Loss: 35.6687 | Val Cost:    0.00 | Val Max P-Miss: 0.2461 | Max Q-Miss: 0.0225 | Val Max Gen Viol: 0.0000 | Val Max Thermal: 0.0000
Epoch 3150 | Val Loss: 35.5883 | Val Cost:    0.00 | Val Max P-Miss: 0.2380 | Max Q-Miss: 0.0198 | Val Max Gen Viol: 0.0000 | Val Max Thermal: 0.0000
Epoch 3160 | Val Loss: 35.4721 | Val Cost:    0.00 | Val Max P-Miss: 0.2348 | Max Q-Miss: 0.0162 | Val Max Gen Viol: 0.0000 | Val Max Thermal: 0.0000
Epoch 3170 | Val Loss: 35.3806 | Val Cost:    0.00 | Val Max P-Miss: 0.2306 | Max Q-Miss: 0.0182 | Val Max Gen Viol: 0.0000 | Val Max Thermal: 0.0000
Epoch 3180 | Val Loss: 35.2054 | Val Cost:    0.00 | Val Max P-Miss: 0.2287 | Max Q-Miss: 0.0167 | Val Max Gen Viol: 0.0000 | Val Max Thermal: 0.0000 [*SAVED BEST*]
Epoch 3190 | Val Loss: 35.3778 | Val Cost:    0.00 | Val Max P-Miss: 0.2468 | Max Q-Miss: 0.0213 | Val Max Gen Viol: 0.0000 | Val Max Thermal: 0.0000
Epoch 3200 | Val Loss: 35.2811 | Val Cost:    0.00 | Val Max P-Miss: 0.2377 | Max Q-Miss: 0.0170 | Val Max Gen Viol: 0.0000 | Val Max Thermal: 0.0000
Epoch 3210 | Val Loss: 35.2283 | Val Cost:    0.00 | Val Max P-Miss: 0.2334 | Max Q-Miss: 0.0156 | Val Max Gen Viol: 0.0000 | Val Max Thermal: 0.0000
Epoch 3220 | Val Loss: 35.2672 | Val Cost:    0.00 | Val Max P-Miss: 0.2374 | Max Q-Miss: 0.0168 | Val Max Gen Viol: 0.0000 | Val Max Thermal: 0.0000
Epoch 3230 | Val Loss: 35.2830 | Val Cost:    0.00 | Val Max P-Miss: 0.2387 | Max Q-Miss: 0.0166 | Val Max Gen Viol: 0.0000 | Val Max Thermal: 0.0000
Epoch 3240 | Val Loss: 35.2804 | Val Cost:    0.00 | Val Max P-Miss: 0.2376 | Max Q-Miss: 0.0165 | Val Max Gen Viol: 0.0000 | Val Max Thermal: 0.0000
Epoch 3250 | Val Loss: 35.2778 | Val Cost:    0.00 | Val Max P-Miss: 0.2378 | Max Q-Miss: 0.0172 | Val Max Gen Viol: 0.0000 | Val Max Thermal: 0.0000
Epoch 3260 | Val Loss: 35.2799 | Val Cost:    0.00 | Val Max P-Miss: 0.2349 | Max Q-Miss: 0.0178 | Val Max Gen Viol: 0.0000 | Val Max Thermal: 0.0000
Epoch 3270 | Val Loss: 35.2935 | Val Cost:    0.00 | Val Max P-Miss: 0.2347 | Max Q-Miss: 0.0186 | Val Max Gen Viol: 0.0000 | Val Max Thermal: 0.0000
Epoch 3280 | Val Loss: 35.2817 | Val Cost:    0.00 | Val Max P-Miss: 0.2346 | Max Q-Miss: 0.0180 | Val Max Gen Viol: 0.0000 | Val Max Thermal: 0.0000
Epoch 3290 | Val Loss: 35.2966 | Val Cost:    0.00 | Val Max P-Miss: 0.2325 | Max Q-Miss: 0.0173 | Val Max Gen Viol: 0.0000 | Val Max Thermal: 0.0000
Epoch 3300 | Val Loss: 35.3448 | Val Cost:    0.00 | Val Max P-Miss: 0.2319 | Max Q-Miss: 0.0169 | Val Max Gen Viol: 0.0000 | Val Max Thermal: 0.0000
Epoch 3310 | Val Loss: 35.3748 | Val Cost:    0.00 | Val Max P-Miss: 0.2411 | Max Q-Miss: 0.0198 | Val Max Gen Viol: 0.0000 | Val Max Thermal: 0.0000
Epoch 3320 | Val Loss: 35.4378 | Val Cost:    0.00 | Val Max P-Miss: 0.2551 | Max Q-Miss: 0.0208 | Val Max Gen Viol: 0.0000 | Val Max Thermal: 0.0000
Epoch 3330 | Val Loss: 35.3794 | Val Cost:    0.00 | Val Max P-Miss: 0.2533 | Max Q-Miss: 0.0199 | Val Max Gen Viol: 0.0000 | Val Max Thermal: 0.0000
Epoch 3340 | Val Loss: 35.3430 | Val Cost:    0.00 | Val Max P-Miss: 0.2429 | Max Q-Miss: 0.0202 | Val Max Gen Viol: 0.0000 | Val Max Thermal: 0.0000
Epoch 3350 | Val Loss: 35.2446 | Val Cost:    0.00 | Val Max P-Miss: 0.2314 | Max Q-Miss: 0.0228 | Val Max Gen Viol: 0.0000 | Val Max Thermal: 0.0000
Epoch 3360 | Val Loss: 35.2290 | Val Cost:    0.00 | Val Max P-Miss: 0.2323 | Max Q-Miss: 0.0153 | Val Max Gen Viol: 0.0000 | Val Max Thermal: 0.0000
Epoch 3370 | Val Loss: 35.2206 | Val Cost:    0.00 | Val Max P-Miss: 0.2313 | Max Q-Miss: 0.0162 | Val Max Gen Viol: 0.0000 | Val Max Thermal: 0.0000
Epoch 3380 | Val Loss: 35.2243 | Val Cost:    0.00 | Val Max P-Miss: 0.2309 | Max Q-Miss: 0.0174 | Val Max Gen Viol: 0.0000 | Val Max Thermal: 0.0000
Epoch 3390 | Val Loss: 35.2453 | Val Cost:    0.00 | Val Max P-Miss: 0.2333 | Max Q-Miss: 0.0194 | Val Max Gen Viol: 0.0000 | Val Max Thermal: 0.0000
Epoch 3400 | Val Loss: 35.2503 | Val Cost:    0.00 | Val Max P-Miss: 0.2338 | Max Q-Miss: 0.0198 | Val Max Gen Viol: 0.0000 | Val Max Thermal: 0.0000
Epoch 3410 | Val Loss: 35.2671 | Val Cost:    0.00 | Val Max P-Miss: 0.2319 | Max Q-Miss: 0.0197 | Val Max Gen Viol: 0.0000 | Val Max Thermal: 0.0000
Epoch 3420 | Val Loss: 35.3463 | Val Cost:    0.00 | Val Max P-Miss: 0.2305 | Max Q-Miss: 0.0169 | Val Max Gen Viol: 0.0000 | Val Max Thermal: 0.0000
Epoch 3430 | Val Loss: 35.4677 | Val Cost:    0.00 | Val Max P-Miss: 0.2374 | Max Q-Miss: 0.0188 | Val Max Gen Viol: 0.0000 | Val Max Thermal: 0.0000
Epoch 3440 | Val Loss: 36.2696 | Val Cost:    0.00 | Val Max P-Miss: 0.2453 | Max Q-Miss: 0.0903 | Val Max Gen Viol: 0.0000 | Val Max Thermal: 0.0000
Epoch 3450 | Val Loss: 35.2312 | Val Cost:    0.00 | Val Max P-Miss: 0.2338 | Max Q-Miss: 0.0190 | Val Max Gen Viol: 0.0000 | Val Max Thermal: 0.0000
Epoch 3460 | Val Loss: 35.2339 | Val Cost:    0.00 | Val Max P-Miss: 0.2331 | Max Q-Miss: 0.0158 | Val Max Gen Viol: 0.0000 | Val Max Thermal: 0.0000
Epoch 3470 | Val Loss: 35.2458 | Val Cost:    0.00 | Val Max P-Miss: 0.2344 | Max Q-Miss: 0.0168 | Val Max Gen Viol: 0.0000 | Val Max Thermal: 0.0000
Epoch 3480 | Val Loss: 35.2471 | Val Cost:    0.00 | Val Max P-Miss: 0.2342 | Max Q-Miss: 0.0166 | Val Max Gen Viol: 0.0000 | Val Max Thermal: 0.0000
Epoch 3490 | Val Loss: 35.2536 | Val Cost:    0.00 | Val Max P-Miss: 0.2346 | Max Q-Miss: 0.0171 | Val Max Gen Viol: 0.0000 | Val Max Thermal: 0.0000
Epoch 3500 | Val Loss: 35.2713 | Val Cost:    0.00 | Val Max P-Miss: 0.2347 | Max Q-Miss: 0.0174 | Val Max Gen Viol: 0.0000 | Val Max Thermal: 0.0000
Epoch 3510 | Val Loss: 35.2693 | Val Cost:    0.00 | Val Max P-Miss: 0.2357 | Max Q-Miss: 0.0181 | Val Max Gen Viol: 0.0000 | Val Max Thermal: 0.0000
Epoch 3520 | Val Loss: 35.2555 | Val Cost:    0.00 | Val Max P-Miss: 0.2353 | Max Q-Miss: 0.0182 | Val Max Gen Viol: 0.0000 | Val Max Thermal: 0.0000
Epoch 3530 | Val Loss: 35.2807 | Val Cost:    0.00 | Val Max P-Miss: 0.2351 | Max Q-Miss: 0.0292 | Val Max Gen Viol: 0.0000 | Val Max Thermal: 0.0000
Epoch 3540 | Val Loss: 37.6304 | Val Cost:    0.00 | Val Max P-Miss: 0.2766 | Max Q-Miss: 0.0658 | Val Max Gen Viol: 0.0000 | Val Max Thermal: 0.0000
Epoch 3550 | Val Loss: 35.3673 | Val Cost:    0.00 | Val Max P-Miss: 0.2370 | Max Q-Miss: 0.0283 | Val Max Gen Viol: 0.0000 | Val Max Thermal: 0.0000
Epoch 3560 | Val Loss: 35.3645 | Val Cost:    0.00 | Val Max P-Miss: 0.2497 | Max Q-Miss: 0.0194 | Val Max Gen Viol: 0.0000 | Val Max Thermal: 0.0000
Epoch 3570 | Val Loss: 35.4206 | Val Cost:    0.00 | Val Max P-Miss: 0.2536 | Max Q-Miss: 0.0175 | Val Max Gen Viol: 0.0000 | Val Max Thermal: 0.0000
Epoch 3580 | Val Loss: 35.3686 | Val Cost:    0.00 | Val Max P-Miss: 0.2491 | Max Q-Miss: 0.0171 | Val Max Gen Viol: 0.0000 | Val Max Thermal: 0.0000
Epoch 3590 | Val Loss: 35.3946 | Val Cost:    0.00 | Val Max P-Miss: 0.2503 | Max Q-Miss: 0.0174 | Val Max Gen Viol: 0.0000 | Val Max Thermal: 0.0000
Epoch 3600 | Val Loss: 35.3942 | Val Cost:    0.00 | Val Max P-Miss: 0.2486 | Max Q-Miss: 0.0214 | Val Max Gen Viol: 0.0000 | Val Max Thermal: 0.0000
Epoch 3610 | Val Loss: 35.3519 | Val Cost:    0.00 | Val Max P-Miss: 0.2442 | Max Q-Miss: 0.0242 | Val Max Gen Viol: 0.0000 | Val Max Thermal: 0.0000
Epoch 3620 | Val Loss: 35.3206 | Val Cost:    0.00 | Val Max P-Miss: 0.2456 | Max Q-Miss: 0.0170 | Val Max Gen Viol: 0.0000 | Val Max Thermal: 0.0000
Epoch 3630 | Val Loss: 35.2916 | Val Cost:    0.00 | Val Max P-Miss: 0.2477 | Max Q-Miss: 0.0161 | Val Max Gen Viol: 0.0000 | Val Max Thermal: 0.0000
Epoch 3640 | Val Loss: 35.2564 | Val Cost:    0.00 | Val Max P-Miss: 0.2451 | Max Q-Miss: 0.0189 | Val Max Gen Viol: 0.0000 | Val Max Thermal: 0.0000
Epoch 3650 | Val Loss: 35.2909 | Val Cost:    0.00 | Val Max P-Miss: 0.2483 | Max Q-Miss: 0.0231 | Val Max Gen Viol: 0.0000 | Val Max Thermal: 0.0000
Epoch 3660 | Val Loss: 35.9686 | Val Cost:    0.00 | Val Max P-Miss: 0.2506 | Max Q-Miss: 0.0632 | Val Max Gen Viol: 0.0000 | Val Max Thermal: 0.0000
Epoch 3670 | Val Loss: 35.9623 | Val Cost:    0.00 | Val Max P-Miss: 0.2623 | Max Q-Miss: 0.0360 | Val Max Gen Viol: 0.0000 | Val Max Thermal: 0.0000
Epoch 3680 | Val Loss: 35.8501 | Val Cost:    0.00 | Val Max P-Miss: 0.2873 | Max Q-Miss: 0.0361 | Val Max Gen Viol: 0.0000 | Val Max Thermal: 0.0000
Epoch 3690 | Val Loss: 35.4564 | Val Cost:    0.00 | Val Max P-Miss: 0.2617 | Max Q-Miss: 0.0268 | Val Max Gen Viol: 0.0000 | Val Max Thermal: 0.0000
Epoch 3700 | Val Loss: 35.4076 | Val Cost:    0.00 | Val Max P-Miss: 0.2551 | Max Q-Miss: 0.0236 | Val Max Gen Viol: 0.0000 | Val Max Thermal: 0.0000
Epoch 3710 | Val Loss: 35.4132 | Val Cost:    0.00 | Val Max P-Miss: 0.2504 | Max Q-Miss: 0.0212 | Val Max Gen Viol: 0.0000 | Val Max Thermal: 0.0000
Epoch 3720 | Val Loss: 35.3495 | Val Cost:    0.00 | Val Max P-Miss: 0.2459 | Max Q-Miss: 0.0184 | Val Max Gen Viol: 0.0000 | Val Max Thermal: 0.0000
Epoch 3730 | Val Loss: 35.2173 | Val Cost:    0.00 | Val Max P-Miss: 0.2328 | Max Q-Miss: 0.0387 | Val Max Gen Viol: 0.0000 | Val Max Thermal: 0.0000
Epoch 3740 | Val Loss: 35.2374 | Val Cost:    0.00 | Val Max P-Miss: 0.2448 | Max Q-Miss: 0.0216 | Val Max Gen Viol: 0.0000 | Val Max Thermal: 0.0000
Epoch 3750 | Val Loss: 35.3128 | Val Cost:    0.00 | Val Max P-Miss: 0.2539 | Max Q-Miss: 0.0193 | Val Max Gen Viol: 0.0000 | Val Max Thermal: 0.0000
Epoch 3760 | Val Loss: 35.3395 | Val Cost:    0.00 | Val Max P-Miss: 0.2552 | Max Q-Miss: 0.0193 | Val Max Gen Viol: 0.0000 | Val Max Thermal: 0.0000
Epoch 3770 | Val Loss: 35.3636 | Val Cost:    0.00 | Val Max P-Miss: 0.2567 | Max Q-Miss: 0.0189 | Val Max Gen Viol: 0.0000 | Val Max Thermal: 0.0000
Epoch 3780 | Val Loss: 35.3224 | Val Cost:    0.00 | Val Max P-Miss: 0.2514 | Max Q-Miss: 0.0191 | Val Max Gen Viol: 0.0000 | Val Max Thermal: 0.0000
Epoch 3790 | Val Loss: 35.2906 | Val Cost:    0.00 | Val Max P-Miss: 0.2466 | Max Q-Miss: 0.0193 | Val Max Gen Viol: 0.0000 | Val Max Thermal: 0.0000
Epoch 3800 | Val Loss: 35.2878 | Val Cost:    0.00 | Val Max P-Miss: 0.2452 | Max Q-Miss: 0.0195 | Val Max Gen Viol: 0.0000 | Val Max Thermal: 0.0000
Epoch 3810 | Val Loss: 35.2720 | Val Cost:    0.00 | Val Max P-Miss: 0.2452 | Max Q-Miss: 0.0176 | Val Max Gen Viol: 0.0000 | Val Max Thermal: 0.0000
Epoch 3820 | Val Loss: 35.2574 | Val Cost:    0.00 | Val Max P-Miss: 0.2486 | Max Q-Miss: 0.0171 | Val Max Gen Viol: 0.0000 | Val Max Thermal: 0.0000
Epoch 3830 | Val Loss: 35.2688 | Val Cost:    0.00 | Val Max P-Miss: 0.2493 | Max Q-Miss: 0.0168 | Val Max Gen Viol: 0.0000 | Val Max Thermal: 0.0000
Epoch 3840 | Val Loss: 35.2766 | Val Cost:    0.00 | Val Max P-Miss: 0.2468 | Max Q-Miss: 0.0156 | Val Max Gen Viol: 0.0000 | Val Max Thermal: 0.0000
Epoch 3850 | Val Loss: 35.5642 | Val Cost:    0.00 | Val Max P-Miss: 0.2552 | Max Q-Miss: 0.0213 | Val Max Gen Viol: 0.0000 | Val Max Thermal: 0.0000
Epoch 3860 | Val Loss: 35.4049 | Val Cost:    0.00 | Val Max P-Miss: 0.2526 | Max Q-Miss: 0.0196 | Val Max Gen Viol: 0.0000 | Val Max Thermal: 0.0000
Epoch 3870 | Val Loss: 35.3442 | Val Cost:    0.00 | Val Max P-Miss: 0.2483 | Max Q-Miss: 0.0218 | Val Max Gen Viol: 0.0000 | Val Max Thermal: 0.0000
Epoch 3880 | Val Loss: 35.2734 | Val Cost:    0.00 | Val Max P-Miss: 0.2490 | Max Q-Miss: 0.0211 | Val Max Gen Viol: 0.0000 | Val Max Thermal: 0.0000
Epoch 3890 | Val Loss: 35.2082 | Val Cost:    0.00 | Val Max P-Miss: 0.2442 | Max Q-Miss: 0.0249 | Val Max Gen Viol: 0.0000 | Val Max Thermal: 0.0000
Epoch 3900 | Val Loss: 35.2805 | Val Cost:    0.00 | Val Max P-Miss: 0.2544 | Max Q-Miss: 0.0222 | Val Max Gen Viol: 0.0000 | Val Max Thermal: 0.0000
Epoch 3910 | Val Loss: 35.4132 | Val Cost:    0.00 | Val Max P-Miss: 0.2416 | Max Q-Miss: 0.0321 | Val Max Gen Viol: 0.0000 | Val Max Thermal: 0.0000
Epoch 3920 | Val Loss: 35.2965 | Val Cost:    0.00 | Val Max P-Miss: 0.2408 | Max Q-Miss: 0.0308 | Val Max Gen Viol: 0.0000 | Val Max Thermal: 0.0000
Epoch 3930 | Val Loss: 35.3455 | Val Cost:    0.00 | Val Max P-Miss: 0.2371 | Max Q-Miss: 0.0210 | Val Max Gen Viol: 0.0000 | Val Max Thermal: 0.0000
Epoch 3940 | Val Loss: 35.2479 | Val Cost:    0.00 | Val Max P-Miss: 0.2481 | Max Q-Miss: 0.0174 | Val Max Gen Viol: 0.0000 | Val Max Thermal: 0.0000
Epoch 3950 | Val Loss: 35.2807 | Val Cost:    0.00 | Val Max P-Miss: 0.2513 | Max Q-Miss: 0.0186 | Val Max Gen Viol: 0.0000 | Val Max Thermal: 0.0000
Epoch 3960 | Val Loss: 35.2836 | Val Cost:    0.00 | Val Max P-Miss: 0.2493 | Max Q-Miss: 0.0186 | Val Max Gen Viol: 0.0000 | Val Max Thermal: 0.0000
Epoch 3970 | Val Loss: 35.2872 | Val Cost:    0.00 | Val Max P-Miss: 0.2502 | Max Q-Miss: 0.0185 | Val Max Gen Viol: 0.0000 | Val Max Thermal: 0.0000
Epoch 3980 | Val Loss: 35.2856 | Val Cost:    0.00 | Val Max P-Miss: 0.2506 | Max Q-Miss: 0.0185 | Val Max Gen Viol: 0.0000 | Val Max Thermal: 0.0000
Epoch 3990 | Val Loss: 35.2692 | Val Cost:    0.00 | Val Max P-Miss: 0.2496 | Max Q-Miss: 0.0179 | Val Max Gen Viol: 0.0000 | Val Max Thermal: 0.0000
Epoch 4000 | Val Loss: 35.2426 | Val Cost:    0.00 | Val Max P-Miss: 0.2453 | Max Q-Miss: 0.0170 | Val Max Gen Viol: 0.0000 | Val Max Thermal: 0.0000
Epoch 4010 | Val Loss: 35.2248 | Val Cost:    0.00 | Val Max P-Miss: 0.2434 | Max Q-Miss: 0.0169 | Val Max Gen Viol: 0.0000 | Val Max Thermal: 0.0000
Epoch 4020 | Val Loss: 35.2323 | Val Cost:    0.00 | Val Max P-Miss: 0.2434 | Max Q-Miss: 0.0171 | Val Max Gen Viol: 0.0000 | Val Max Thermal: 0.0000
Epoch 4030 | Val Loss: 35.2140 | Val Cost:    0.00 | Val Max P-Miss: 0.2418 | Max Q-Miss: 0.0179 | Val Max Gen Viol: 0.0000 | Val Max Thermal: 0.0000
Epoch 4040 | Val Loss: 35.1926 | Val Cost:    0.00 | Val Max P-Miss: 0.2397 | Max Q-Miss: 0.0212 | Val Max Gen Viol: 0.0000 | Val Max Thermal: 0.0000 [*SAVED BEST*]
Epoch 4050 | Val Loss: 35.2168 | Val Cost:    0.00 | Val Max P-Miss: 0.2438 | Max Q-Miss: 0.0165 | Val Max Gen Viol: 0.0000 | Val Max Thermal: 0.0000
Epoch 4060 | Val Loss: 35.2146 | Val Cost:    0.00 | Val Max P-Miss: 0.2423 | Max Q-Miss: 0.0169 | Val Max Gen Viol: 0.0000 | Val Max Thermal: 0.0000
Epoch 4070 | Val Loss: 35.2290 | Val Cost:    0.00 | Val Max P-Miss: 0.2407 | Max Q-Miss: 0.0248 | Val Max Gen Viol: 0.0000 | Val Max Thermal: 0.0000
Epoch 4080 | Val Loss: 35.2106 | Val Cost:    0.00 | Val Max P-Miss: 0.2387 | Max Q-Miss: 0.0224 | Val Max Gen Viol: 0.0000 | Val Max Thermal: 0.0000
Epoch 4090 | Val Loss: 35.2312 | Val Cost:    0.00 | Val Max P-Miss: 0.2410 | Max Q-Miss: 0.0226 | Val Max Gen Viol: 0.0000 | Val Max Thermal: 0.0000
Epoch 4100 | Val Loss: 35.2051 | Val Cost:    0.00 | Val Max P-Miss: 0.2366 | Max Q-Miss: 0.0262 | Val Max Gen Viol: 0.0000 | Val Max Thermal: 0.0000
Epoch 4110 | Val Loss: 35.2146 | Val Cost:    0.00 | Val Max P-Miss: 0.2398 | Max Q-Miss: 0.0223 | Val Max Gen Viol: 0.0000 | Val Max Thermal: 0.0000
Epoch 4120 | Val Loss: 35.2136 | Val Cost:    0.00 | Val Max P-Miss: 0.2409 | Max Q-Miss: 0.0242 | Val Max Gen Viol: 0.0000 | Val Max Thermal: 0.0000
Epoch 4130 | Val Loss: 35.2024 | Val Cost:    0.00 | Val Max P-Miss: 0.2397 | Max Q-Miss: 0.0264 | Val Max Gen Viol: 0.0000 | Val Max Thermal: 0.0000
Epoch 4140 | Val Loss: 35.1856 | Val Cost:    0.00 | Val Max P-Miss: 0.2442 | Max Q-Miss: 0.0159 | Val Max Gen Viol: 0.0000 | Val Max Thermal: 0.0000 [*SAVED BEST*]
Epoch 4150 | Val Loss: 35.2799 | Val Cost:    0.00 | Val Max P-Miss: 0.2526 | Max Q-Miss: 0.0177 | Val Max Gen Viol: 0.0000 | Val Max Thermal: 0.0000
Epoch 4160 | Val Loss: 35.4949 | Val Cost:    0.00 | Val Max P-Miss: 0.2414 | Max Q-Miss: 0.0253 | Val Max Gen Viol: 0.0000 | Val Max Thermal: 0.0000
Epoch 4170 | Val Loss: 35.3542 | Val Cost:    0.00 | Val Max P-Miss: 0.2325 | Max Q-Miss: 0.0170 | Val Max Gen Viol: 0.0000 | Val Max Thermal: 0.0000
Epoch 4180 | Val Loss: 35.3121 | Val Cost:    0.00 | Val Max P-Miss: 0.2348 | Max Q-Miss: 0.0273 | Val Max Gen Viol: 0.0000 | Val Max Thermal: 0.0000
Epoch 4190 | Val Loss: 35.3003 | Val Cost:    0.00 | Val Max P-Miss: 0.2234 | Max Q-Miss: 0.0225 | Val Max Gen Viol: 0.0000 | Val Max Thermal: 0.0000
Epoch 4200 | Val Loss: 35.2837 | Val Cost:    0.00 | Val Max P-Miss: 0.2575 | Max Q-Miss: 0.0266 | Val Max Gen Viol: 0.0000 | Val Max Thermal: 0.0000
Epoch 4210 | Val Loss: 35.1905 | Val Cost:    0.00 | Val Max P-Miss: 0.2508 | Max Q-Miss: 0.0245 | Val Max Gen Viol: 0.0000 | Val Max Thermal: 0.0000
Epoch 4220 | Val Loss: 35.1906 | Val Cost:    0.00 | Val Max P-Miss: 0.2519 | Max Q-Miss: 0.0185 | Val Max Gen Viol: 0.0000 | Val Max Thermal: 0.0000
Epoch 4230 | Val Loss: 35.1547 | Val Cost:    0.00 | Val Max P-Miss: 0.2446 | Max Q-Miss: 0.0251 | Val Max Gen Viol: 0.0000 | Val Max Thermal: 0.0000 [*SAVED BEST*]
Epoch 4240 | Val Loss: 35.3411 | Val Cost:    0.00 | Val Max P-Miss: 0.2615 | Max Q-Miss: 0.0239 | Val Max Gen Viol: 0.0000 | Val Max Thermal: 0.0000
Epoch 4250 | Val Loss: 35.3402 | Val Cost:    0.00 | Val Max P-Miss: 0.2598 | Max Q-Miss: 0.0248 | Val Max Gen Viol: 0.0000 | Val Max Thermal: 0.0000
Epoch 4260 | Val Loss: 35.2224 | Val Cost:    0.00 | Val Max P-Miss: 0.2500 | Max Q-Miss: 0.0196 | Val Max Gen Viol: 0.0000 | Val Max Thermal: 0.0000
Epoch 4270 | Val Loss: 35.2408 | Val Cost:    0.00 | Val Max P-Miss: 0.2525 | Max Q-Miss: 0.0189 | Val Max Gen Viol: 0.0000 | Val Max Thermal: 0.0000
Epoch 4280 | Val Loss: 35.2283 | Val Cost:    0.00 | Val Max P-Miss: 0.2488 | Max Q-Miss: 0.0186 | Val Max Gen Viol: 0.0000 | Val Max Thermal: 0.0000
Epoch 4290 | Val Loss: 35.1984 | Val Cost:    0.00 | Val Max P-Miss: 0.2455 | Max Q-Miss: 0.0184 | Val Max Gen Viol: 0.0000 | Val Max Thermal: 0.0000
Epoch 4300 | Val Loss: 35.1762 | Val Cost:    0.00 | Val Max P-Miss: 0.2442 | Max Q-Miss: 0.0179 | Val Max Gen Viol: 0.0000 | Val Max Thermal: 0.0000
Epoch 4310 | Val Loss: 35.1651 | Val Cost:    0.00 | Val Max P-Miss: 0.2387 | Max Q-Miss: 0.0182 | Val Max Gen Viol: 0.0000 | Val Max Thermal: 0.0000
Epoch 4320 | Val Loss: 35.1719 | Val Cost:    0.00 | Val Max P-Miss: 0.2405 | Max Q-Miss: 0.0174 | Val Max Gen Viol: 0.0000 | Val Max Thermal: 0.0000
Epoch 4330 | Val Loss: 35.1999 | Val Cost:    0.00 | Val Max P-Miss: 0.2434 | Max Q-Miss: 0.0188 | Val Max Gen Viol: 0.0000 | Val Max Thermal: 0.0000
Epoch 4340 | Val Loss: 35.2111 | Val Cost:    0.00 | Val Max P-Miss: 0.2446 | Max Q-Miss: 0.0189 | Val Max Gen Viol: 0.0000 | Val Max Thermal: 0.0000
Epoch 4350 | Val Loss: 35.2180 | Val Cost:    0.00 | Val Max P-Miss: 0.2442 | Max Q-Miss: 0.0183 | Val Max Gen Viol: 0.0000 | Val Max Thermal: 0.0000
Epoch 4360 | Val Loss: 35.2045 | Val Cost:    0.00 | Val Max P-Miss: 0.2423 | Max Q-Miss: 0.0177 | Val Max Gen Viol: 0.0000 | Val Max Thermal: 0.0000
Epoch 4370 | Val Loss: 35.1808 | Val Cost:    0.00 | Val Max P-Miss: 0.2411 | Max Q-Miss: 0.0167 | Val Max Gen Viol: 0.0000 | Val Max Thermal: 0.0000
Epoch 4380 | Val Loss: 35.1633 | Val Cost:    0.00 | Val Max P-Miss: 0.2411 | Max Q-Miss: 0.0163 | Val Max Gen Viol: 0.0000 | Val Max Thermal: 0.0000
Epoch 4390 | Val Loss: 35.1637 | Val Cost:    0.00 | Val Max P-Miss: 0.2384 | Max Q-Miss: 0.0196 | Val Max Gen Viol: 0.0000 | Val Max Thermal: 0.0000
Epoch 4400 | Val Loss: 35.2501 | Val Cost:    0.00 | Val Max P-Miss: 0.2364 | Max Q-Miss: 0.0277 | Val Max Gen Viol: 0.0000 | Val Max Thermal: 0.0000
Epoch 4410 | Val Loss: 35.3073 | Val Cost:    0.00 | Val Max P-Miss: 0.2421 | Max Q-Miss: 0.0371 | Val Max Gen Viol: 0.0000 | Val Max Thermal: 0.0000
Epoch 4420 | Val Loss: 35.2860 | Val Cost:    0.00 | Val Max P-Miss: 0.2249 | Max Q-Miss: 0.0330 | Val Max Gen Viol: 0.0000 | Val Max Thermal: 0.0000
Epoch 4430 | Val Loss: 35.1213 | Val Cost:    0.00 | Val Max P-Miss: 0.2318 | Max Q-Miss: 0.0196 | Val Max Gen Viol: 0.0000 | Val Max Thermal: 0.0000 [*SAVED BEST*]
Epoch 4440 | Val Loss: 35.1072 | Val Cost:    0.00 | Val Max P-Miss: 0.2329 | Max Q-Miss: 0.0163 | Val Max Gen Viol: 0.0000 | Val Max Thermal: 0.0000 [*SAVED BEST*]
Epoch 4450 | Val Loss: 35.1103 | Val Cost:    0.00 | Val Max P-Miss: 0.2330 | Max Q-Miss: 0.0143 | Val Max Gen Viol: 0.0000 | Val Max Thermal: 0.0000
Epoch 4460 | Val Loss: 35.1177 | Val Cost:    0.00 | Val Max P-Miss: 0.2329 | Max Q-Miss: 0.0142 | Val Max Gen Viol: 0.0000 | Val Max Thermal: 0.0000
Epoch 4470 | Val Loss: 35.1213 | Val Cost:    0.00 | Val Max P-Miss: 0.2327 | Max Q-Miss: 0.0144 | Val Max Gen Viol: 0.0000 | Val Max Thermal: 0.0000
Epoch 4480 | Val Loss: 35.1397 | Val Cost:    0.00 | Val Max P-Miss: 0.2334 | Max Q-Miss: 0.0145 | Val Max Gen Viol: 0.0000 | Val Max Thermal: 0.0000
Epoch 4490 | Val Loss: 35.1419 | Val Cost:    0.00 | Val Max P-Miss: 0.2332 | Max Q-Miss: 0.0147 | Val Max Gen Viol: 0.0000 | Val Max Thermal: 0.0000
Epoch 4500 | Val Loss: 35.1473 | Val Cost:    0.00 | Val Max P-Miss: 0.2331 | Max Q-Miss: 0.0146 | Val Max Gen Viol: 0.0000 | Val Max Thermal: 0.0000
Epoch 4510 | Val Loss: 35.1561 | Val Cost:    0.00 | Val Max P-Miss: 0.2330 | Max Q-Miss: 0.0148 | Val Max Gen Viol: 0.0000 | Val Max Thermal: 0.0000
Epoch 4520 | Val Loss: 35.1611 | Val Cost:    0.00 | Val Max P-Miss: 0.2324 | Max Q-Miss: 0.0148 | Val Max Gen Viol: 0.0000 | Val Max Thermal: 0.0000
Epoch 4530 | Val Loss: 35.1642 | Val Cost:    0.00 | Val Max P-Miss: 0.2295 | Max Q-Miss: 0.0146 | Val Max Gen Viol: 0.0000 | Val Max Thermal: 0.0000
Epoch 4540 | Val Loss: 35.2123 | Val Cost:    0.00 | Val Max P-Miss: 0.2292 | Max Q-Miss: 0.0159 | Val Max Gen Viol: 0.0000 | Val Max Thermal: 0.0000
Epoch 4550 | Val Loss: 35.5771 | Val Cost:    0.00 | Val Max P-Miss: 0.2757 | Max Q-Miss: 0.0496 | Val Max Gen Viol: 0.0000 | Val Max Thermal: 0.0000
Epoch 4560 | Val Loss: 35.3791 | Val Cost:    0.00 | Val Max P-Miss: 0.2566 | Max Q-Miss: 0.0166 | Val Max Gen Viol: 0.0000 | Val Max Thermal: 0.0000
Epoch 4570 | Val Loss: 35.3764 | Val Cost:    0.00 | Val Max P-Miss: 0.2525 | Max Q-Miss: 0.0162 | Val Max Gen Viol: 0.0000 | Val Max Thermal: 0.0000
Epoch 4580 | Val Loss: 35.3168 | Val Cost:    0.00 | Val Max P-Miss: 0.2448 | Max Q-Miss: 0.0187 | Val Max Gen Viol: 0.0000 | Val Max Thermal: 0.0000
Epoch 4590 | Val Loss: 35.2385 | Val Cost:    0.00 | Val Max P-Miss: 0.2427 | Max Q-Miss: 0.0176 | Val Max Gen Viol: 0.0000 | Val Max Thermal: 0.0000
Epoch 4600 | Val Loss: 35.2031 | Val Cost:    0.00 | Val Max P-Miss: 0.2374 | Max Q-Miss: 0.0146 | Val Max Gen Viol: 0.0000 | Val Max Thermal: 0.0000
Epoch 4610 | Val Loss: 35.2670 | Val Cost:    0.00 | Val Max P-Miss: 0.2390 | Max Q-Miss: 0.0227 | Val Max Gen Viol: 0.0000 | Val Max Thermal: 0.0000
Epoch 4620 | Val Loss: 35.1994 | Val Cost:    0.00 | Val Max P-Miss: 0.2400 | Max Q-Miss: 0.0270 | Val Max Gen Viol: 0.0000 | Val Max Thermal: 0.0000
Epoch 4630 | Val Loss: 35.1429 | Val Cost:    0.00 | Val Max P-Miss: 0.2376 | Max Q-Miss: 0.0234 | Val Max Gen Viol: 0.0000 | Val Max Thermal: 0.0000
Epoch 4640 | Val Loss: 35.1651 | Val Cost:    0.00 | Val Max P-Miss: 0.2318 | Max Q-Miss: 0.0165 | Val Max Gen Viol: 0.0000 | Val Max Thermal: 0.0000
Epoch 4650 | Val Loss: 35.1469 | Val Cost:    0.00 | Val Max P-Miss: 0.2316 | Max Q-Miss: 0.0157 | Val Max Gen Viol: 0.0000 | Val Max Thermal: 0.0000
Epoch 4660 | Val Loss: 35.1395 | Val Cost:    0.00 | Val Max P-Miss: 0.2324 | Max Q-Miss: 0.0155 | Val Max Gen Viol: 0.0000 | Val Max Thermal: 0.0000
Epoch 4670 | Val Loss: 35.1263 | Val Cost:    0.00 | Val Max P-Miss: 0.2327 | Max Q-Miss: 0.0146 | Val Max Gen Viol: 0.0000 | Val Max Thermal: 0.0000
Epoch 4680 | Val Loss: 35.1307 | Val Cost:    0.00 | Val Max P-Miss: 0.2334 | Max Q-Miss: 0.0151 | Val Max Gen Viol: 0.0000 | Val Max Thermal: 0.0000
Epoch 4690 | Val Loss: 35.1351 | Val Cost:    0.00 | Val Max P-Miss: 0.2338 | Max Q-Miss: 0.0151 | Val Max Gen Viol: 0.0000 | Val Max Thermal: 0.0000
Epoch 4700 | Val Loss: 35.1425 | Val Cost:    0.00 | Val Max P-Miss: 0.2337 | Max Q-Miss: 0.0151 | Val Max Gen Viol: 0.0000 | Val Max Thermal: 0.0000
Epoch 4710 | Val Loss: 35.1485 | Val Cost:    0.00 | Val Max P-Miss: 0.2326 | Max Q-Miss: 0.0148 | Val Max Gen Viol: 0.0000 | Val Max Thermal: 0.0000
Epoch 4720 | Val Loss: 35.1784 | Val Cost:    0.00 | Val Max P-Miss: 0.2349 | Max Q-Miss: 0.0150 | Val Max Gen Viol: 0.0000 | Val Max Thermal: 0.0000
Epoch 4730 | Val Loss: 35.1823 | Val Cost:    0.00 | Val Max P-Miss: 0.2345 | Max Q-Miss: 0.0148 | Val Max Gen Viol: 0.0000 | Val Max Thermal: 0.0000
Epoch 4740 | Val Loss: 35.1807 | Val Cost:    0.00 | Val Max P-Miss: 0.2345 | Max Q-Miss: 0.0140 | Val Max Gen Viol: 0.0000 | Val Max Thermal: 0.0000
Epoch 4750 | Val Loss: 35.1608 | Val Cost:    0.00 | Val Max P-Miss: 0.2336 | Max Q-Miss: 0.0129 | Val Max Gen Viol: 0.0000 | Val Max Thermal: 0.0000
Epoch 4760 | Val Loss: 35.1580 | Val Cost:    0.00 | Val Max P-Miss: 0.2340 | Max Q-Miss: 0.0150 | Val Max Gen Viol: 0.0000 | Val Max Thermal: 0.0000
Epoch 4770 | Val Loss: 35.1738 | Val Cost:    0.00 | Val Max P-Miss: 0.2343 | Max Q-Miss: 0.0192 | Val Max Gen Viol: 0.0000 | Val Max Thermal: 0.0000
Epoch 4780 | Val Loss: 35.1892 | Val Cost:    0.00 | Val Max P-Miss: 0.2349 | Max Q-Miss: 0.0192 | Val Max Gen Viol: 0.0000 | Val Max Thermal: 0.0000
Epoch 4790 | Val Loss: 35.1793 | Val Cost:    0.00 | Val Max P-Miss: 0.2340 | Max Q-Miss: 0.0189 | Val Max Gen Viol: 0.0000 | Val Max Thermal: 0.0000
Epoch 4800 | Val Loss: 35.1924 | Val Cost:    0.00 | Val Max P-Miss: 0.2290 | Max Q-Miss: 0.0185 | Val Max Gen Viol: 0.0000 | Val Max Thermal: 0.0000
Epoch 4810 | Val Loss: 35.2752 | Val Cost:    0.00 | Val Max P-Miss: 0.2655 | Max Q-Miss: 0.0288 | Val Max Gen Viol: 0.0000 | Val Max Thermal: 0.0000
Epoch 4820 | Val Loss: 35.5531 | Val Cost:    0.00 | Val Max P-Miss: 0.2482 | Max Q-Miss: 0.0247 | Val Max Gen Viol: 0.0000 | Val Max Thermal: 0.0000
Epoch 4830 | Val Loss: 35.4112 | Val Cost:    0.00 | Val Max P-Miss: 0.2386 | Max Q-Miss: 0.0144 | Val Max Gen Viol: 0.0000 | Val Max Thermal: 0.0000
Epoch 4840 | Val Loss: 35.3506 | Val Cost:    0.00 | Val Max P-Miss: 0.2301 | Max Q-Miss: 0.0206 | Val Max Gen Viol: 0.0000 | Val Max Thermal: 0.0000
Epoch 4850 | Val Loss: 35.2499 | Val Cost:    0.00 | Val Max P-Miss: 0.2210 | Max Q-Miss: 0.0286 | Val Max Gen Viol: 0.0000 | Val Max Thermal: 0.0000
Epoch 4860 | Val Loss: 35.3142 | Val Cost:    0.00 | Val Max P-Miss: 0.2603 | Max Q-Miss: 0.0222 | Val Max Gen Viol: 0.0000 | Val Max Thermal: 0.0000
Epoch 4870 | Val Loss: 35.2529 | Val Cost:    0.00 | Val Max P-Miss: 0.2417 | Max Q-Miss: 0.0365 | Val Max Gen Viol: 0.0000 | Val Max Thermal: 0.0000
Epoch 4880 | Val Loss: 35.2003 | Val Cost:    0.00 | Val Max P-Miss: 0.2427 | Max Q-Miss: 0.0241 | Val Max Gen Viol: 0.0000 | Val Max Thermal: 0.0000
Epoch 4890 | Val Loss: 35.2566 | Val Cost:    0.00 | Val Max P-Miss: 0.2439 | Max Q-Miss: 0.0168 | Val Max Gen Viol: 0.0000 | Val Max Thermal: 0.0000
Epoch 4900 | Val Loss: 35.1821 | Val Cost:    0.00 | Val Max P-Miss: 0.2456 | Max Q-Miss: 0.0165 | Val Max Gen Viol: 0.0000 | Val Max Thermal: 0.0000
Epoch 4910 | Val Loss: 35.1963 | Val Cost:    0.00 | Val Max P-Miss: 0.2470 | Max Q-Miss: 0.0169 | Val Max Gen Viol: 0.0000 | Val Max Thermal: 0.0000
Epoch 4920 | Val Loss: 35.1982 | Val Cost:    0.00 | Val Max P-Miss: 0.2473 | Max Q-Miss: 0.0169 | Val Max Gen Viol: 0.0000 | Val Max Thermal: 0.0000
Epoch 4930 | Val Loss: 35.2042 | Val Cost:    0.00 | Val Max P-Miss: 0.2489 | Max Q-Miss: 0.0172 | Val Max Gen Viol: 0.0000 | Val Max Thermal: 0.0000
Epoch 4940 | Val Loss: 35.1630 | Val Cost:    0.00 | Val Max P-Miss: 0.2455 | Max Q-Miss: 0.0159 | Val Max Gen Viol: 0.0000 | Val Max Thermal: 0.0000
Epoch 4950 | Val Loss: 35.1414 | Val Cost:    0.00 | Val Max P-Miss: 0.2419 | Max Q-Miss: 0.0150 | Val Max Gen Viol: 0.0000 | Val Max Thermal: 0.0000
Epoch 4960 | Val Loss: 35.1266 | Val Cost:    0.00 | Val Max P-Miss: 0.2406 | Max Q-Miss: 0.0147 | Val Max Gen Viol: 0.0000 | Val Max Thermal: 0.0000
Epoch 4970 | Val Loss: 35.1247 | Val Cost:    0.00 | Val Max P-Miss: 0.2390 | Max Q-Miss: 0.0142 | Val Max Gen Viol: 0.0000 | Val Max Thermal: 0.0000
Epoch 4980 | Val Loss: 35.1190 | Val Cost:    0.00 | Val Max P-Miss: 0.2372 | Max Q-Miss: 0.0140 | Val Max Gen Viol: 0.0000 | Val Max Thermal: 0.0000
Epoch 4990 | Val Loss: 35.1290 | Val Cost:    0.00 | Val Max P-Miss: 0.2375 | Max Q-Miss: 0.0142 | Val Max Gen Viol: 0.0000 | Val Max Thermal: 0.0000
Epoch 5000 | Val Loss: 35.1306 | Val Cost:    0.00 | Val Max P-Miss: 0.2373 | Max Q-Miss: 0.0141 | Val Max Gen Viol: 0.0000 | Val Max Thermal: 0.0000
Epoch 5010 | Val Loss: 35.1266 | Val Cost:    0.00 | Val Max P-Miss: 0.2373 | Max Q-Miss: 0.0137 | Val Max Gen Viol: 0.0000 | Val Max Thermal: 0.0000
Epoch 5020 | Val Loss: 35.1189 | Val Cost:    0.00 | Val Max P-Miss: 0.2369 | Max Q-Miss: 0.0134 | Val Max Gen Viol: 0.0000 | Val Max Thermal: 0.0000
Epoch 5030 | Val Loss: 35.1135 | Val Cost:    0.00 | Val Max P-Miss: 0.2398 | Max Q-Miss: 0.0139 | Val Max Gen Viol: 0.0000 | Val Max Thermal: 0.0000
Epoch 5040 | Val Loss: 35.0974 | Val Cost:    0.00 | Val Max P-Miss: 0.2360 | Max Q-Miss: 0.0137 | Val Max Gen Viol: 0.0000 | Val Max Thermal: 0.0000 [*SAVED BEST*]
Epoch 5050 | Val Loss: 35.1018 | Val Cost:    0.00 | Val Max P-Miss: 0.2349 | Max Q-Miss: 0.0133 | Val Max Gen Viol: 0.0000 | Val Max Thermal: 0.0000
Epoch 5060 | Val Loss: 35.1677 | Val Cost:    0.00 | Val Max P-Miss: 0.2350 | Max Q-Miss: 0.0189 | Val Max Gen Viol: 0.0000 | Val Max Thermal: 0.0000
Epoch 5070 | Val Loss: 35.4068 | Val Cost:    0.00 | Val Max P-Miss: 0.2502 | Max Q-Miss: 0.0259 | Val Max Gen Viol: 0.0000 | Val Max Thermal: 0.0000
Epoch 5080 | Val Loss: 35.1372 | Val Cost:    0.00 | Val Max P-Miss: 0.2345 | Max Q-Miss: 0.0208 | Val Max Gen Viol: 0.0000 | Val Max Thermal: 0.0000
Epoch 5090 | Val Loss: 35.1256 | Val Cost:    0.00 | Val Max P-Miss: 0.2345 | Max Q-Miss: 0.0178 | Val Max Gen Viol: 0.0000 | Val Max Thermal: 0.0000
Epoch 5100 | Val Loss: 35.1270 | Val Cost:    0.00 | Val Max P-Miss: 0.2340 | Max Q-Miss: 0.0159 | Val Max Gen Viol: 0.0000 | Val Max Thermal: 0.0000
Epoch 5110 | Val Loss: 35.1238 | Val Cost:    0.00 | Val Max P-Miss: 0.2338 | Max Q-Miss: 0.0151 | Val Max Gen Viol: 0.0000 | Val Max Thermal: 0.0000
Epoch 5120 | Val Loss: 35.1285 | Val Cost:    0.00 | Val Max P-Miss: 0.2336 | Max Q-Miss: 0.0146 | Val Max Gen Viol: 0.0000 | Val Max Thermal: 0.0000
Epoch 5130 | Val Loss: 35.1221 | Val Cost:    0.00 | Val Max P-Miss: 0.2335 | Max Q-Miss: 0.0143 | Val Max Gen Viol: 0.0000 | Val Max Thermal: 0.0000
Epoch 5140 | Val Loss: 35.1443 | Val Cost:    0.00 | Val Max P-Miss: 0.2337 | Max Q-Miss: 0.0148 | Val Max Gen Viol: 0.0000 | Val Max Thermal: 0.0000
Epoch 5150 | Val Loss: 35.1674 | Val Cost:    0.00 | Val Max P-Miss: 0.2342 | Max Q-Miss: 0.0147 | Val Max Gen Viol: 0.0000 | Val Max Thermal: 0.0000
Epoch 5160 | Val Loss: 35.1525 | Val Cost:    0.00 | Val Max P-Miss: 0.2340 | Max Q-Miss: 0.0150 | Val Max Gen Viol: 0.0000 | Val Max Thermal: 0.0000
Epoch 5170 | Val Loss: 35.1498 | Val Cost:    0.00 | Val Max P-Miss: 0.2341 | Max Q-Miss: 0.0151 | Val Max Gen Viol: 0.0000 | Val Max Thermal: 0.0000
Epoch 5180 | Val Loss: 35.1572 | Val Cost:    0.00 | Val Max P-Miss: 0.2341 | Max Q-Miss: 0.0152 | Val Max Gen Viol: 0.0000 | Val Max Thermal: 0.0000
Epoch 5190 | Val Loss: 35.1491 | Val Cost:    0.00 | Val Max P-Miss: 0.2313 | Max Q-Miss: 0.0157 | Val Max Gen Viol: 0.0000 | Val Max Thermal: 0.0000
Epoch 5200 | Val Loss: 35.2468 | Val Cost:    0.00 | Val Max P-Miss: 0.2286 | Max Q-Miss: 0.0187 | Val Max Gen Viol: 0.0000 | Val Max Thermal: 0.0000
Epoch 5210 | Val Loss: 35.5063 | Val Cost:    0.00 | Val Max P-Miss: 0.2469 | Max Q-Miss: 0.0265 | Val Max Gen Viol: 0.0000 | Val Max Thermal: 0.0000
Epoch 5220 | Val Loss: 35.3065 | Val Cost:    0.00 | Val Max P-Miss: 0.2338 | Max Q-Miss: 0.0150 | Val Max Gen Viol: 0.0000 | Val Max Thermal: 0.0000
Epoch 5230 | Val Loss: 35.2538 | Val Cost:    0.00 | Val Max P-Miss: 0.2313 | Max Q-Miss: 0.0153 | Val Max Gen Viol: 0.0000 | Val Max Thermal: 0.0000
Epoch 5240 | Val Loss: 35.2159 | Val Cost:    0.00 | Val Max P-Miss: 0.2288 | Max Q-Miss: 0.0151 | Val Max Gen Viol: 0.0000 | Val Max Thermal: 0.0000
Epoch 5250 | Val Loss: 35.2020 | Val Cost:    0.00 | Val Max P-Miss: 0.2259 | Max Q-Miss: 0.0169 | Val Max Gen Viol: 0.0000 | Val Max Thermal: 0.0000
Epoch 5260 | Val Loss: 35.1860 | Val Cost:    0.00 | Val Max P-Miss: 0.2267 | Max Q-Miss: 0.0161 | Val Max Gen Viol: 0.0000 | Val Max Thermal: 0.0000
Epoch 5270 | Val Loss: 35.3906 | Val Cost:    0.00 | Val Max P-Miss: 0.2341 | Max Q-Miss: 0.0502 | Val Max Gen Viol: 0.0000 | Val Max Thermal: 0.0000
Epoch 5280 | Val Loss: 35.1488 | Val Cost:    0.00 | Val Max P-Miss: 0.2476 | Max Q-Miss: 0.0203 | Val Max Gen Viol: 0.0000 | Val Max Thermal: 0.0000
Epoch 5290 | Val Loss: 35.2546 | Val Cost:    0.00 | Val Max P-Miss: 0.2410 | Max Q-Miss: 0.0186 | Val Max Gen Viol: 0.0000 | Val Max Thermal: 0.0000
Epoch 5300 | Val Loss: 35.1353 | Val Cost:    0.00 | Val Max P-Miss: 0.2326 | Max Q-Miss: 0.0157 | Val Max Gen Viol: 0.0000 | Val Max Thermal: 0.0000
Epoch 5310 | Val Loss: 35.1340 | Val Cost:    0.00 | Val Max P-Miss: 0.2323 | Max Q-Miss: 0.0156 | Val Max Gen Viol: 0.0000 | Val Max Thermal: 0.0000
Epoch 5320 | Val Loss: 35.1316 | Val Cost:    0.00 | Val Max P-Miss: 0.2324 | Max Q-Miss: 0.0154 | Val Max Gen Viol: 0.0000 | Val Max Thermal: 0.0000
Epoch 5330 | Val Loss: 35.1386 | Val Cost:    0.00 | Val Max P-Miss: 0.2326 | Max Q-Miss: 0.0158 | Val Max Gen Viol: 0.0000 | Val Max Thermal: 0.0000
Epoch 5340 | Val Loss: 35.1463 | Val Cost:    0.00 | Val Max P-Miss: 0.2331 | Max Q-Miss: 0.0157 | Val Max Gen Viol: 0.0000 | Val Max Thermal: 0.0000
Epoch 5350 | Val Loss: 35.1468 | Val Cost:    0.00 | Val Max P-Miss: 0.2328 | Max Q-Miss: 0.0155 | Val Max Gen Viol: 0.0000 | Val Max Thermal: 0.0000
Epoch 5360 | Val Loss: 35.1560 | Val Cost:    0.00 | Val Max P-Miss: 0.2334 | Max Q-Miss: 0.0155 | Val Max Gen Viol: 0.0000 | Val Max Thermal: 0.0000
Epoch 5370 | Val Loss: 35.1637 | Val Cost:    0.00 | Val Max P-Miss: 0.2342 | Max Q-Miss: 0.0150 | Val Max Gen Viol: 0.0000 | Val Max Thermal: 0.0000
Epoch 5380 | Val Loss: 35.1754 | Val Cost:    0.00 | Val Max P-Miss: 0.2351 | Max Q-Miss: 0.0150 | Val Max Gen Viol: 0.0000 | Val Max Thermal: 0.0000
Epoch 5390 | Val Loss: 35.1712 | Val Cost:    0.00 | Val Max P-Miss: 0.2348 | Max Q-Miss: 0.0150 | Val Max Gen Viol: 0.0000 | Val Max Thermal: 0.0000
Epoch 5400 | Val Loss: 35.1575 | Val Cost:    0.00 | Val Max P-Miss: 0.2343 | Max Q-Miss: 0.0156 | Val Max Gen Viol: 0.0000 | Val Max Thermal: 0.0000
Epoch 5410 | Val Loss: 35.1537 | Val Cost:    0.00 | Val Max P-Miss: 0.2345 | Max Q-Miss: 0.0164 | Val Max Gen Viol: 0.0000 | Val Max Thermal: 0.0000
Epoch 5420 | Val Loss: 35.1531 | Val Cost:    0.00 | Val Max P-Miss: 0.2341 | Max Q-Miss: 0.0167 | Val Max Gen Viol: 0.0000 | Val Max Thermal: 0.0000
Epoch 5430 | Val Loss: 35.1387 | Val Cost:    0.00 | Val Max P-Miss: 0.2317 | Max Q-Miss: 0.0171 | Val Max Gen Viol: 0.0000 | Val Max Thermal: 0.0000
Epoch 5440 | Val Loss: 35.1733 | Val Cost:    0.00 | Val Max P-Miss: 0.2279 | Max Q-Miss: 0.0177 | Val Max Gen Viol: 0.0000 | Val Max Thermal: 0.0000
Epoch 5450 | Val Loss: 35.3124 | Val Cost:    0.00 | Val Max P-Miss: 0.2701 | Max Q-Miss: 0.0275 | Val Max Gen Viol: 0.0000 | Val Max Thermal: 0.0000
Epoch 5460 | Val Loss: 35.3766 | Val Cost:    0.00 | Val Max P-Miss: 0.2398 | Max Q-Miss: 0.0169 | Val Max Gen Viol: 0.0000 | Val Max Thermal: 0.0000
Epoch 5470 | Val Loss: 35.2683 | Val Cost:    0.00 | Val Max P-Miss: 0.2321 | Max Q-Miss: 0.0169 | Val Max Gen Viol: 0.0000 | Val Max Thermal: 0.0000
Epoch 5480 | Val Loss: 35.2155 | Val Cost:    0.00 | Val Max P-Miss: 0.2303 | Max Q-Miss: 0.0163 | Val Max Gen Viol: 0.0000 | Val Max Thermal: 0.0000
Epoch 5490 | Val Loss: 35.1970 | Val Cost:    0.00 | Val Max P-Miss: 0.2282 | Max Q-Miss: 0.0170 | Val Max Gen Viol: 0.0000 | Val Max Thermal: 0.0000
Epoch 5500 | Val Loss: 35.1824 | Val Cost:    0.00 | Val Max P-Miss: 0.2277 | Max Q-Miss: 0.0191 | Val Max Gen Viol: 0.0000 | Val Max Thermal: 0.0000
Epoch 5510 | Val Loss: 35.7116 | Val Cost:    0.00 | Val Max P-Miss: 0.2594 | Max Q-Miss: 0.0483 | Val Max Gen Viol: 0.0000 | Val Max Thermal: 0.0000
Epoch 5520 | Val Loss: 36.3400 | Val Cost:    0.00 | Val Max P-Miss: 0.2755 | Max Q-Miss: 0.0574 | Val Max Gen Viol: 0.0000 | Val Max Thermal: 0.0000
Epoch 5530 | Val Loss: 35.3914 | Val Cost:    0.00 | Val Max P-Miss: 0.2446 | Max Q-Miss: 0.0542 | Val Max Gen Viol: 0.0000 | Val Max Thermal: 0.0000
Epoch 5540 | Val Loss: 35.1688 | Val Cost:    0.00 | Val Max P-Miss: 0.2481 | Max Q-Miss: 0.0198 | Val Max Gen Viol: 0.0000 | Val Max Thermal: 0.0000
Epoch 5550 | Val Loss: 35.1729 | Val Cost:    0.00 | Val Max P-Miss: 0.2461 | Max Q-Miss: 0.0183 | Val Max Gen Viol: 0.0000 | Val Max Thermal: 0.0000
Epoch 5560 | Val Loss: 35.1833 | Val Cost:    0.00 | Val Max P-Miss: 0.2482 | Max Q-Miss: 0.0182 | Val Max Gen Viol: 0.0000 | Val Max Thermal: 0.0000
Epoch 5570 | Val Loss: 35.1730 | Val Cost:    0.00 | Val Max P-Miss: 0.2485 | Max Q-Miss: 0.0180 | Val Max Gen Viol: 0.0000 | Val Max Thermal: 0.0000
Epoch 5580 | Val Loss: 35.1682 | Val Cost:    0.00 | Val Max P-Miss: 0.2458 | Max Q-Miss: 0.0179 | Val Max Gen Viol: 0.0000 | Val Max Thermal: 0.0000
Epoch 5590 | Val Loss: 35.1662 | Val Cost:    0.00 | Val Max P-Miss: 0.2453 | Max Q-Miss: 0.0176 | Val Max Gen Viol: 0.0000 | Val Max Thermal: 0.0000
Epoch 5600 | Val Loss: 35.1478 | Val Cost:    0.00 | Val Max P-Miss: 0.2433 | Max Q-Miss: 0.0176 | Val Max Gen Viol: 0.0000 | Val Max Thermal: 0.0000
Epoch 5610 | Val Loss: 35.1341 | Val Cost:    0.00 | Val Max P-Miss: 0.2406 | Max Q-Miss: 0.0177 | Val Max Gen Viol: 0.0000 | Val Max Thermal: 0.0000
Epoch 5620 | Val Loss: 35.1252 | Val Cost:    0.00 | Val Max P-Miss: 0.2390 | Max Q-Miss: 0.0178 | Val Max Gen Viol: 0.0000 | Val Max Thermal: 0.0000
Epoch 5630 | Val Loss: 35.1146 | Val Cost:    0.00 | Val Max P-Miss: 0.2420 | Max Q-Miss: 0.0181 | Val Max Gen Viol: 0.0000 | Val Max Thermal: 0.0000
Epoch 5640 | Val Loss: 35.1090 | Val Cost:    0.00 | Val Max P-Miss: 0.2415 | Max Q-Miss: 0.0185 | Val Max Gen Viol: 0.0000 | Val Max Thermal: 0.0000
Epoch 5650 | Val Loss: 35.1171 | Val Cost:    0.00 | Val Max P-Miss: 0.2404 | Max Q-Miss: 0.0172 | Val Max Gen Viol: 0.0000 | Val Max Thermal: 0.0000
Epoch 5660 | Val Loss: 35.1861 | Val Cost:    0.00 | Val Max P-Miss: 0.2348 | Max Q-Miss: 0.0208 | Val Max Gen Viol: 0.0000 | Val Max Thermal: 0.0000
Epoch 5670 | Val Loss: 35.1064 | Val Cost:    0.00 | Val Max P-Miss: 0.2373 | Max Q-Miss: 0.0179 | Val Max Gen Viol: 0.0000 | Val Max Thermal: 0.0000
Epoch 5680 | Val Loss: 35.4087 | Val Cost:    0.00 | Val Max P-Miss: 0.2380 | Max Q-Miss: 0.0172 | Val Max Gen Viol: 0.0000 | Val Max Thermal: 0.0000
Epoch 5690 | Val Loss: 35.2401 | Val Cost:    0.00 | Val Max P-Miss: 0.2315 | Max Q-Miss: 0.0179 | Val Max Gen Viol: 0.0000 | Val Max Thermal: 0.0000
Epoch 5700 | Val Loss: 35.2046 | Val Cost:    0.00 | Val Max P-Miss: 0.2279 | Max Q-Miss: 0.0206 | Val Max Gen Viol: 0.0000 | Val Max Thermal: 0.0000
Epoch 5710 | Val Loss: 35.1598 | Val Cost:    0.00 | Val Max P-Miss: 0.2248 | Max Q-Miss: 0.0158 | Val Max Gen Viol: 0.0000 | Val Max Thermal: 0.0000
Epoch 5720 | Val Loss: 35.1807 | Val Cost:    0.00 | Val Max P-Miss: 0.2278 | Max Q-Miss: 0.0182 | Val Max Gen Viol: 0.0000 | Val Max Thermal: 0.0000
Epoch 5730 | Val Loss: 35.1229 | Val Cost:    0.00 | Val Max P-Miss: 0.2299 | Max Q-Miss: 0.0164 | Val Max Gen Viol: 0.0000 | Val Max Thermal: 0.0000
Epoch 5740 | Val Loss: 35.3349 | Val Cost:    0.00 | Val Max P-Miss: 0.2714 | Max Q-Miss: 0.0293 | Val Max Gen Viol: 0.0000 | Val Max Thermal: 0.0000
Epoch 5750 | Val Loss: 35.1490 | Val Cost:    0.00 | Val Max P-Miss: 0.2475 | Max Q-Miss: 0.0189 | Val Max Gen Viol: 0.0000 | Val Max Thermal: 0.0000
Epoch 5760 | Val Loss: 35.1540 | Val Cost:    0.00 | Val Max P-Miss: 0.2459 | Max Q-Miss: 0.0183 | Val Max Gen Viol: 0.0000 | Val Max Thermal: 0.0000
Epoch 5770 | Val Loss: 35.1469 | Val Cost:    0.00 | Val Max P-Miss: 0.2449 | Max Q-Miss: 0.0180 | Val Max Gen Viol: 0.0000 | Val Max Thermal: 0.0000
Epoch 5780 | Val Loss: 35.1337 | Val Cost:    0.00 | Val Max P-Miss: 0.2445 | Max Q-Miss: 0.0180 | Val Max Gen Viol: 0.0000 | Val Max Thermal: 0.0000
Epoch 5790 | Val Loss: 35.1179 | Val Cost:    0.00 | Val Max P-Miss: 0.2431 | Max Q-Miss: 0.0178 | Val Max Gen Viol: 0.0000 | Val Max Thermal: 0.0000
Epoch 5800 | Val Loss: 35.1040 | Val Cost:    0.00 | Val Max P-Miss: 0.2408 | Max Q-Miss: 0.0179 | Val Max Gen Viol: 0.0000 | Val Max Thermal: 0.0000
Epoch 5810 | Val Loss: 35.0843 | Val Cost:    0.00 | Val Max P-Miss: 0.2374 | Max Q-Miss: 0.0179 | Val Max Gen Viol: 0.0000 | Val Max Thermal: 0.0000 [*SAVED BEST*]
Epoch 5820 | Val Loss: 35.0799 | Val Cost:    0.00 | Val Max P-Miss: 0.2373 | Max Q-Miss: 0.0178 | Val Max Gen Viol: 0.0000 | Val Max Thermal: 0.0000 [*SAVED BEST*]
Epoch 5830 | Val Loss: 35.0726 | Val Cost:    0.00 | Val Max P-Miss: 0.2360 | Max Q-Miss: 0.0181 | Val Max Gen Viol: 0.0000 | Val Max Thermal: 0.0000 [*SAVED BEST*]
Epoch 5840 | Val Loss: 35.0728 | Val Cost:    0.00 | Val Max P-Miss: 0.2344 | Max Q-Miss: 0.0180 | Val Max Gen Viol: 0.0000 | Val Max Thermal: 0.0000
Epoch 5850 | Val Loss: 35.0748 | Val Cost:    0.00 | Val Max P-Miss: 0.2347 | Max Q-Miss: 0.0184 | Val Max Gen Viol: 0.0000 | Val Max Thermal: 0.0000
Epoch 5860 | Val Loss: 35.0796 | Val Cost:    0.00 | Val Max P-Miss: 0.2331 | Max Q-Miss: 0.0179 | Val Max Gen Viol: 0.0000 | Val Max Thermal: 0.0000
Epoch 5870 | Val Loss: 35.0828 | Val Cost:    0.00 | Val Max P-Miss: 0.2344 | Max Q-Miss: 0.0180 | Val Max Gen Viol: 0.0000 | Val Max Thermal: 0.0000
Epoch 5880 | Val Loss: 35.0773 | Val Cost:    0.00 | Val Max P-Miss: 0.2341 | Max Q-Miss: 0.0174 | Val Max Gen Viol: 0.0000 | Val Max Thermal: 0.0000
Epoch 5890 | Val Loss: 35.0722 | Val Cost:    0.00 | Val Max P-Miss: 0.2358 | Max Q-Miss: 0.0169 | Val Max Gen Viol: 0.0000 | Val Max Thermal: 0.0000 [*SAVED BEST*]
Epoch 5900 | Val Loss: 35.0952 | Val Cost:    0.00 | Val Max P-Miss: 0.2339 | Max Q-Miss: 0.0174 | Val Max Gen Viol: 0.0000 | Val Max Thermal: 0.0000
Epoch 5910 | Val Loss: 35.0858 | Val Cost:    0.00 | Val Max P-Miss: 0.2349 | Max Q-Miss: 0.0201 | Val Max Gen Viol: 0.0000 | Val Max Thermal: 0.0000
Epoch 5920 | Val Loss: 35.7038 | Val Cost:    0.00 | Val Max P-Miss: 0.2349 | Max Q-Miss: 0.0635 | Val Max Gen Viol: 0.0000 | Val Max Thermal: 0.0000
Epoch 5930 | Val Loss: 35.0532 | Val Cost:    0.00 | Val Max P-Miss: 0.2352 | Max Q-Miss: 0.0255 | Val Max Gen Viol: 0.0000 | Val Max Thermal: 0.0000 [*SAVED BEST*]
Epoch 5940 | Val Loss: 35.0933 | Val Cost:    0.00 | Val Max P-Miss: 0.2399 | Max Q-Miss: 0.0176 | Val Max Gen Viol: 0.0000 | Val Max Thermal: 0.0000
Epoch 5950 | Val Loss: 35.1014 | Val Cost:    0.00 | Val Max P-Miss: 0.2396 | Max Q-Miss: 0.0174 | Val Max Gen Viol: 0.0000 | Val Max Thermal: 0.0000
Epoch 5960 | Val Loss: 35.1059 | Val Cost:    0.00 | Val Max P-Miss: 0.2392 | Max Q-Miss: 0.0175 | Val Max Gen Viol: 0.0000 | Val Max Thermal: 0.0000
Epoch 5970 | Val Loss: 35.0966 | Val Cost:    0.00 | Val Max P-Miss: 0.2393 | Max Q-Miss: 0.0175 | Val Max Gen Viol: 0.0000 | Val Max Thermal: 0.0000
Epoch 5980 | Val Loss: 35.0953 | Val Cost:    0.00 | Val Max P-Miss: 0.2368 | Max Q-Miss: 0.0174 | Val Max Gen Viol: 0.0000 | Val Max Thermal: 0.0000
Epoch 5990 | Val Loss: 35.0955 | Val Cost:    0.00 | Val Max P-Miss: 0.2366 | Max Q-Miss: 0.0173 | Val Max Gen Viol: 0.0000 | Val Max Thermal: 0.0000
Epoch 6000 | Val Loss: 35.1053 | Val Cost:    0.00 | Val Max P-Miss: 0.2371 | Max Q-Miss: 0.0175 | Val Max Gen Viol: 0.0000 | Val Max Thermal: 0.0000
Epoch 6010 | Val Loss: 35.1116 | Val Cost:    0.00 | Val Max P-Miss: 0.2388 | Max Q-Miss: 0.0171 | Val Max Gen Viol: 0.0000 | Val Max Thermal: 0.0000
Epoch 6020 | Val Loss: 35.0967 | Val Cost:    0.00 | Val Max P-Miss: 0.2378 | Max Q-Miss: 0.0172 | Val Max Gen Viol: 0.0000 | Val Max Thermal: 0.0000
Epoch 6030 | Val Loss: 35.0680 | Val Cost:    0.00 | Val Max P-Miss: 0.2342 | Max Q-Miss: 0.0175 | Val Max Gen Viol: 0.0000 | Val Max Thermal: 0.0000
Epoch 6040 | Val Loss: 35.0849 | Val Cost:    0.00 | Val Max P-Miss: 0.2344 | Max Q-Miss: 0.0173 | Val Max Gen Viol: 0.0000 | Val Max Thermal: 0.0000
Epoch 6050 | Val Loss: 35.0291 | Val Cost:    0.00 | Val Max P-Miss: 0.2277 | Max Q-Miss: 0.0188 | Val Max Gen Viol: 0.0000 | Val Max Thermal: 0.0000 [*SAVED BEST*]
Epoch 6060 | Val Loss: 35.2976 | Val Cost:    0.00 | Val Max P-Miss: 0.2613 | Max Q-Miss: 0.0398 | Val Max Gen Viol: 0.0000 | Val Max Thermal: 0.0000
Epoch 6070 | Val Loss: 35.2061 | Val Cost:    0.00 | Val Max P-Miss: 0.2510 | Max Q-Miss: 0.0333 | Val Max Gen Viol: 0.0000 | Val Max Thermal: 0.0000
Epoch 6080 | Val Loss: 35.1562 | Val Cost:    0.00 | Val Max P-Miss: 0.2395 | Max Q-Miss: 0.0269 | Val Max Gen Viol: 0.0000 | Val Max Thermal: 0.0000
Epoch 6090 | Val Loss: 35.1477 | Val Cost:    0.00 | Val Max P-Miss: 0.2368 | Max Q-Miss: 0.0292 | Val Max Gen Viol: 0.0000 | Val Max Thermal: 0.0000
Epoch 6100 | Val Loss: 35.1370 | Val Cost:    0.00 | Val Max P-Miss: 0.2361 | Max Q-Miss: 0.0280 | Val Max Gen Viol: 0.0000 | Val Max Thermal: 0.0000
Epoch 6110 | Val Loss: 35.4686 | Val Cost:    0.00 | Val Max P-Miss: 0.2502 | Max Q-Miss: 0.0404 | Val Max Gen Viol: 0.0000 | Val Max Thermal: 0.0000
Epoch 6120 | Val Loss: 35.1386 | Val Cost:    0.00 | Val Max P-Miss: 0.2383 | Max Q-Miss: 0.0187 | Val Max Gen Viol: 0.0000 | Val Max Thermal: 0.0000
Epoch 6130 | Val Loss: 34.9919 | Val Cost:    0.00 | Val Max P-Miss: 0.2346 | Max Q-Miss: 0.0161 | Val Max Gen Viol: 0.0000 | Val Max Thermal: 0.0000 [*SAVED BEST*]
Epoch 6140 | Val Loss: 35.1005 | Val Cost:    0.00 | Val Max P-Miss: 0.2318 | Max Q-Miss: 0.0171 | Val Max Gen Viol: 0.0000 | Val Max Thermal: 0.0000
Epoch 6150 | Val Loss: 35.0911 | Val Cost:    0.00 | Val Max P-Miss: 0.2308 | Max Q-Miss: 0.0170 | Val Max Gen Viol: 0.0000 | Val Max Thermal: 0.0000
Epoch 6160 | Val Loss: 35.0959 | Val Cost:    0.00 | Val Max P-Miss: 0.2309 | Max Q-Miss: 0.0171 | Val Max Gen Viol: 0.0000 | Val Max Thermal: 0.0000
Epoch 6170 | Val Loss: 35.0982 | Val Cost:    0.00 | Val Max P-Miss: 0.2308 | Max Q-Miss: 0.0171 | Val Max Gen Viol: 0.0000 | Val Max Thermal: 0.0000
Epoch 6180 | Val Loss: 35.1036 | Val Cost:    0.00 | Val Max P-Miss: 0.2309 | Max Q-Miss: 0.0172 | Val Max Gen Viol: 0.0000 | Val Max Thermal: 0.0000
Epoch 6190 | Val Loss: 35.1144 | Val Cost:    0.00 | Val Max P-Miss: 0.2309 | Max Q-Miss: 0.0173 | Val Max Gen Viol: 0.0000 | Val Max Thermal: 0.0000
Epoch 6200 | Val Loss: 35.1316 | Val Cost:    0.00 | Val Max P-Miss: 0.2336 | Max Q-Miss: 0.0175 | Val Max Gen Viol: 0.0000 | Val Max Thermal: 0.0000
Epoch 6210 | Val Loss: 35.1415 | Val Cost:    0.00 | Val Max P-Miss: 0.2337 | Max Q-Miss: 0.0175 | Val Max Gen Viol: 0.0000 | Val Max Thermal: 0.0000
Epoch 6220 | Val Loss: 35.1112 | Val Cost:    0.00 | Val Max P-Miss: 0.2309 | Max Q-Miss: 0.0184 | Val Max Gen Viol: 0.0000 | Val Max Thermal: 0.0000
Epoch 6230 | Val Loss: 35.0954 | Val Cost:    0.00 | Val Max P-Miss: 0.2303 | Max Q-Miss: 0.0201 | Val Max Gen Viol: 0.0000 | Val Max Thermal: 0.0000
Epoch 6240 | Val Loss: 35.0910 | Val Cost:    0.00 | Val Max P-Miss: 0.2294 | Max Q-Miss: 0.0214 | Val Max Gen Viol: 0.0000 | Val Max Thermal: 0.0000
Epoch 6250 | Val Loss: 35.0838 | Val Cost:    0.00 | Val Max P-Miss: 0.2298 | Max Q-Miss: 0.0215 | Val Max Gen Viol: 0.0000 | Val Max Thermal: 0.0000
Epoch 6260 | Val Loss: 35.0713 | Val Cost:    0.00 | Val Max P-Miss: 0.2298 | Max Q-Miss: 0.0210 | Val Max Gen Viol: 0.0000 | Val Max Thermal: 0.0000
Epoch 6270 | Val Loss: 35.0892 | Val Cost:    0.00 | Val Max P-Miss: 0.2306 | Max Q-Miss: 0.0207 | Val Max Gen Viol: 0.0000 | Val Max Thermal: 0.0000
Epoch 6280 | Val Loss: 35.1003 | Val Cost:    0.00 | Val Max P-Miss: 0.2306 | Max Q-Miss: 0.0209 | Val Max Gen Viol: 0.0000 | Val Max Thermal: 0.0000
Epoch 6290 | Val Loss: 35.0903 | Val Cost:    0.00 | Val Max P-Miss: 0.2295 | Max Q-Miss: 0.0206 | Val Max Gen Viol: 0.0000 | Val Max Thermal: 0.0000
Epoch 6300 | Val Loss: 35.1116 | Val Cost:    0.00 | Val Max P-Miss: 0.2258 | Max Q-Miss: 0.0211 | Val Max Gen Viol: 0.0000 | Val Max Thermal: 0.0000
Epoch 6310 | Val Loss: 35.1648 | Val Cost:    0.00 | Val Max P-Miss: 0.2527 | Max Q-Miss: 0.0337 | Val Max Gen Viol: 0.0000 | Val Max Thermal: 0.0000
Epoch 6320 | Val Loss: 35.0911 | Val Cost:    0.00 | Val Max P-Miss: 0.2359 | Max Q-Miss: 0.0330 | Val Max Gen Viol: 0.0000 | Val Max Thermal: 0.0000
Epoch 6330 | Val Loss: 35.6357 | Val Cost:    0.00 | Val Max P-Miss: 0.2543 | Max Q-Miss: 0.0547 | Val Max Gen Viol: 0.0000 | Val Max Thermal: 0.0000
Epoch 6340 | Val Loss: 35.4057 | Val Cost:    0.00 | Val Max P-Miss: 0.2501 | Max Q-Miss: 0.0321 | Val Max Gen Viol: 0.0000 | Val Max Thermal: 0.0000
Epoch 6350 | Val Loss: 35.2277 | Val Cost:    0.00 | Val Max P-Miss: 0.2451 | Max Q-Miss: 0.0329 | Val Max Gen Viol: 0.0000 | Val Max Thermal: 0.0000
Epoch 6360 | Val Loss: 35.3143 | Val Cost:    0.00 | Val Max P-Miss: 0.2534 | Max Q-Miss: 0.0261 | Val Max Gen Viol: 0.0000 | Val Max Thermal: 0.0000
Epoch 6370 | Val Loss: 35.1476 | Val Cost:    0.00 | Val Max P-Miss: 0.2419 | Max Q-Miss: 0.0326 | Val Max Gen Viol: 0.0000 | Val Max Thermal: 0.0000
Epoch 6380 | Val Loss: 35.1341 | Val Cost:    0.00 | Val Max P-Miss: 0.2390 | Max Q-Miss: 0.0290 | Val Max Gen Viol: 0.0000 | Val Max Thermal: 0.0000
Epoch 6390 | Val Loss: 35.1461 | Val Cost:    0.00 | Val Max P-Miss: 0.2392 | Max Q-Miss: 0.0268 | Val Max Gen Viol: 0.0000 | Val Max Thermal: 0.0000
Epoch 6400 | Val Loss: 35.2470 | Val Cost:    0.00 | Val Max P-Miss: 0.2487 | Max Q-Miss: 0.0260 | Val Max Gen Viol: 0.0000 | Val Max Thermal: 0.0000
Epoch 6410 | Val Loss: 35.0549 | Val Cost:    0.00 | Val Max P-Miss: 0.2287 | Max Q-Miss: 0.0188 | Val Max Gen Viol: 0.0000 | Val Max Thermal: 0.0000
Epoch 6420 | Val Loss: 35.0585 | Val Cost:    0.00 | Val Max P-Miss: 0.2296 | Max Q-Miss: 0.0181 | Val Max Gen Viol: 0.0000 | Val Max Thermal: 0.0000
Epoch 6430 | Val Loss: 35.0633 | Val Cost:    0.00 | Val Max P-Miss: 0.2296 | Max Q-Miss: 0.0174 | Val Max Gen Viol: 0.0000 | Val Max Thermal: 0.0000
Epoch 6440 | Val Loss: 35.0671 | Val Cost:    0.00 | Val Max P-Miss: 0.2296 | Max Q-Miss: 0.0172 | Val Max Gen Viol: 0.0000 | Val Max Thermal: 0.0000
Epoch 6450 | Val Loss: 35.0792 | Val Cost:    0.00 | Val Max P-Miss: 0.2299 | Max Q-Miss: 0.0169 | Val Max Gen Viol: 0.0000 | Val Max Thermal: 0.0000
Epoch 6460 | Val Loss: 35.0843 | Val Cost:    0.00 | Val Max P-Miss: 0.2297 | Max Q-Miss: 0.0169 | Val Max Gen Viol: 0.0000 | Val Max Thermal: 0.0000
Epoch 6470 | Val Loss: 35.0968 | Val Cost:    0.00 | Val Max P-Miss: 0.2303 | Max Q-Miss: 0.0169 | Val Max Gen Viol: 0.0000 | Val Max Thermal: 0.0000
Epoch 6480 | Val Loss: 35.0645 | Val Cost:    0.00 | Val Max P-Miss: 0.2286 | Max Q-Miss: 0.0167 | Val Max Gen Viol: 0.0000 | Val Max Thermal: 0.0000
Epoch 6490 | Val Loss: 35.0468 | Val Cost:    0.00 | Val Max P-Miss: 0.2279 | Max Q-Miss: 0.0167 | Val Max Gen Viol: 0.0000 | Val Max Thermal: 0.0000
Epoch 6500 | Val Loss: 35.0522 | Val Cost:    0.00 | Val Max P-Miss: 0.2257 | Max Q-Miss: 0.0164 | Val Max Gen Viol: 0.0000 | Val Max Thermal: 0.0000
Epoch 6510 | Val Loss: 35.0650 | Val Cost:    0.00 | Val Max P-Miss: 0.2231 | Max Q-Miss: 0.0167 | Val Max Gen Viol: 0.0000 | Val Max Thermal: 0.0000
Epoch 6520 | Val Loss: 35.1035 | Val Cost:    0.00 | Val Max P-Miss: 0.2467 | Max Q-Miss: 0.0188 | Val Max Gen Viol: 0.0000 | Val Max Thermal: 0.0000
Epoch 6530 | Val Loss: 35.0563 | Val Cost:    0.00 | Val Max P-Miss: 0.2417 | Max Q-Miss: 0.0180 | Val Max Gen Viol: 0.0000 | Val Max Thermal: 0.0000
Epoch 6540 | Val Loss: 35.0348 | Val Cost:    0.00 | Val Max P-Miss: 0.2250 | Max Q-Miss: 0.0190 | Val Max Gen Viol: 0.0000 | Val Max Thermal: 0.0000
Epoch 6550 | Val Loss: 35.2485 | Val Cost:    0.00 | Val Max P-Miss: 0.2481 | Max Q-Miss: 0.0269 | Val Max Gen Viol: 0.0000 | Val Max Thermal: 0.0000
Epoch 6560 | Val Loss: 35.2002 | Val Cost:    0.00 | Val Max P-Miss: 0.2427 | Max Q-Miss: 0.0248 | Val Max Gen Viol: 0.0000 | Val Max Thermal: 0.0000
Epoch 6570 | Val Loss: 35.1520 | Val Cost:    0.00 | Val Max P-Miss: 0.2389 | Max Q-Miss: 0.0219 | Val Max Gen Viol: 0.0000 | Val Max Thermal: 0.0000
Epoch 6580 | Val Loss: 35.1183 | Val Cost:    0.00 | Val Max P-Miss: 0.2360 | Max Q-Miss: 0.0260 | Val Max Gen Viol: 0.0000 | Val Max Thermal: 0.0000
Epoch 6590 | Val Loss: 35.0879 | Val Cost:    0.00 | Val Max P-Miss: 0.2362 | Max Q-Miss: 0.0213 | Val Max Gen Viol: 0.0000 | Val Max Thermal: 0.0000
Epoch 6600 | Val Loss: 35.6250 | Val Cost:    0.00 | Val Max P-Miss: 0.2591 | Max Q-Miss: 0.0247 | Val Max Gen Viol: 0.0000 | Val Max Thermal: 0.0000
Epoch 6610 | Val Loss: 35.1254 | Val Cost:    0.00 | Val Max P-Miss: 0.2349 | Max Q-Miss: 0.0372 | Val Max Gen Viol: 0.0000 | Val Max Thermal: 0.0000
Epoch 6620 | Val Loss: 35.0853 | Val Cost:    0.00 | Val Max P-Miss: 0.2322 | Max Q-Miss: 0.0278 | Val Max Gen Viol: 0.0000 | Val Max Thermal: 0.0000
Epoch 6630 | Val Loss: 35.0742 | Val Cost:    0.00 | Val Max P-Miss: 0.2296 | Max Q-Miss: 0.0236 | Val Max Gen Viol: 0.0000 | Val Max Thermal: 0.0000
Epoch 6640 | Val Loss: 35.0564 | Val Cost:    0.00 | Val Max P-Miss: 0.2279 | Max Q-Miss: 0.0219 | Val Max Gen Viol: 0.0000 | Val Max Thermal: 0.0000
Epoch 6650 | Val Loss: 35.0525 | Val Cost:    0.00 | Val Max P-Miss: 0.2278 | Max Q-Miss: 0.0208 | Val Max Gen Viol: 0.0000 | Val Max Thermal: 0.0000
Epoch 6660 | Val Loss: 35.0592 | Val Cost:    0.00 | Val Max P-Miss: 0.2279 | Max Q-Miss: 0.0203 | Val Max Gen Viol: 0.0000 | Val Max Thermal: 0.0000
Epoch 6670 | Val Loss: 35.0598 | Val Cost:    0.00 | Val Max P-Miss: 0.2280 | Max Q-Miss: 0.0200 | Val Max Gen Viol: 0.0000 | Val Max Thermal: 0.0000
Epoch 6680 | Val Loss: 35.0670 | Val Cost:    0.00 | Val Max P-Miss: 0.2282 | Max Q-Miss: 0.0200 | Val Max Gen Viol: 0.0000 | Val Max Thermal: 0.0000
Epoch 6690 | Val Loss: 35.0711 | Val Cost:    0.00 | Val Max P-Miss: 0.2284 | Max Q-Miss: 0.0198 | Val Max Gen Viol: 0.0000 | Val Max Thermal: 0.0000
Epoch 6700 | Val Loss: 35.0747 | Val Cost:    0.00 | Val Max P-Miss: 0.2285 | Max Q-Miss: 0.0199 | Val Max Gen Viol: 0.0000 | Val Max Thermal: 0.0000
Epoch 6710 | Val Loss: 35.0786 | Val Cost:    0.00 | Val Max P-Miss: 0.2290 | Max Q-Miss: 0.0198 | Val Max Gen Viol: 0.0000 | Val Max Thermal: 0.0000
Epoch 6720 | Val Loss: 35.0793 | Val Cost:    0.00 | Val Max P-Miss: 0.2289 | Max Q-Miss: 0.0196 | Val Max Gen Viol: 0.0000 | Val Max Thermal: 0.0000
Epoch 6730 | Val Loss: 35.0715 | Val Cost:    0.00 | Val Max P-Miss: 0.2285 | Max Q-Miss: 0.0196 | Val Max Gen Viol: 0.0000 | Val Max Thermal: 0.0000
Epoch 6740 | Val Loss: 35.0637 | Val Cost:    0.00 | Val Max P-Miss: 0.2260 | Max Q-Miss: 0.0208 | Val Max Gen Viol: 0.0000 | Val Max Thermal: 0.0000
Epoch 6750 | Val Loss: 35.0851 | Val Cost:    0.00 | Val Max P-Miss: 0.2288 | Max Q-Miss: 0.0212 | Val Max Gen Viol: 0.0000 | Val Max Thermal: 0.0000
Epoch 6760 | Val Loss: 35.1139 | Val Cost:    0.00 | Val Max P-Miss: 0.2492 | Max Q-Miss: 0.0224 | Val Max Gen Viol: 0.0000 | Val Max Thermal: 0.0000
Epoch 6770 | Val Loss: 35.2135 | Val Cost:    0.00 | Val Max P-Miss: 0.2636 | Max Q-Miss: 0.0236 | Val Max Gen Viol: 0.0000 | Val Max Thermal: 0.0000
Epoch 6780 | Val Loss: 35.3387 | Val Cost:    0.00 | Val Max P-Miss: 0.2626 | Max Q-Miss: 0.0488 | Val Max Gen Viol: 0.0000 | Val Max Thermal: 0.0000
Epoch 6790 | Val Loss: 35.2113 | Val Cost:    0.00 | Val Max P-Miss: 0.2540 | Max Q-Miss: 0.0279 | Val Max Gen Viol: 0.0000 | Val Max Thermal: 0.0000
Epoch 6800 | Val Loss: 35.0404 | Val Cost:    0.00 | Val Max P-Miss: 0.2303 | Max Q-Miss: 0.0246 | Val Max Gen Viol: 0.0000 | Val Max Thermal: 0.0000
Epoch 6810 | Val Loss: 35.0429 | Val Cost:    0.00 | Val Max P-Miss: 0.2309 | Max Q-Miss: 0.0220 | Val Max Gen Viol: 0.0000 | Val Max Thermal: 0.0000
Epoch 6820 | Val Loss: 35.0446 | Val Cost:    0.00 | Val Max P-Miss: 0.2298 | Max Q-Miss: 0.0212 | Val Max Gen Viol: 0.0000 | Val Max Thermal: 0.0000
Epoch 6830 | Val Loss: 35.0441 | Val Cost:    0.00 | Val Max P-Miss: 0.2291 | Max Q-Miss: 0.0212 | Val Max Gen Viol: 0.0000 | Val Max Thermal: 0.0000
Epoch 6840 | Val Loss: 35.0520 | Val Cost:    0.00 | Val Max P-Miss: 0.2286 | Max Q-Miss: 0.0215 | Val Max Gen Viol: 0.0000 | Val Max Thermal: 0.0000
Epoch 6850 | Val Loss: 35.0511 | Val Cost:    0.00 | Val Max P-Miss: 0.2281 | Max Q-Miss: 0.0216 | Val Max Gen Viol: 0.0000 | Val Max Thermal: 0.0000
Epoch 6860 | Val Loss: 35.0544 | Val Cost:    0.00 | Val Max P-Miss: 0.2280 | Max Q-Miss: 0.0216 | Val Max Gen Viol: 0.0000 | Val Max Thermal: 0.0000
Epoch 6870 | Val Loss: 35.0604 | Val Cost:    0.00 | Val Max P-Miss: 0.2280 | Max Q-Miss: 0.0217 | Val Max Gen Viol: 0.0000 | Val Max Thermal: 0.0000
Epoch 6880 | Val Loss: 35.0540 | Val Cost:    0.00 | Val Max P-Miss: 0.2273 | Max Q-Miss: 0.0217 | Val Max Gen Viol: 0.0000 | Val Max Thermal: 0.0000
Epoch 6890 | Val Loss: 35.0487 | Val Cost:    0.00 | Val Max P-Miss: 0.2272 | Max Q-Miss: 0.0214 | Val Max Gen Viol: 0.0000 | Val Max Thermal: 0.0000
Epoch 6900 | Val Loss: 35.0489 | Val Cost:    0.00 | Val Max P-Miss: 0.2273 | Max Q-Miss: 0.0216 | Val Max Gen Viol: 0.0000 | Val Max Thermal: 0.0000
Epoch 6910 | Val Loss: 35.0505 | Val Cost:    0.00 | Val Max P-Miss: 0.2272 | Max Q-Miss: 0.0214 | Val Max Gen Viol: 0.0000 | Val Max Thermal: 0.0000
Epoch 6920 | Val Loss: 35.5547 | Val Cost:    0.00 | Val Max P-Miss: 0.2659 | Max Q-Miss: 0.0346 | Val Max Gen Viol: 0.0000 | Val Max Thermal: 0.0000
Epoch 6930 | Val Loss: 35.3490 | Val Cost:    0.00 | Val Max P-Miss: 0.2400 | Max Q-Miss: 0.0333 | Val Max Gen Viol: 0.0000 | Val Max Thermal: 0.0000
Epoch 6940 | Val Loss: 35.1475 | Val Cost:    0.00 | Val Max P-Miss: 0.2456 | Max Q-Miss: 0.0307 | Val Max Gen Viol: 0.0000 | Val Max Thermal: 0.0000
Epoch 6950 | Val Loss: 35.1081 | Val Cost:    0.00 | Val Max P-Miss: 0.2399 | Max Q-Miss: 0.0261 | Val Max Gen Viol: 0.0000 | Val Max Thermal: 0.0000
Epoch 6960 | Val Loss: 35.0976 | Val Cost:    0.00 | Val Max P-Miss: 0.2365 | Max Q-Miss: 0.0238 | Val Max Gen Viol: 0.0000 | Val Max Thermal: 0.0000
Epoch 6970 | Val Loss: 35.0690 | Val Cost:    0.00 | Val Max P-Miss: 0.2329 | Max Q-Miss: 0.0253 | Val Max Gen Viol: 0.0000 | Val Max Thermal: 0.0000
Epoch 6980 | Val Loss: 35.1023 | Val Cost:    0.00 | Val Max P-Miss: 0.2371 | Max Q-Miss: 0.0229 | Val Max Gen Viol: 0.0000 | Val Max Thermal: 0.0000
Epoch 6990 | Val Loss: 35.0397 | Val Cost:    0.00 | Val Max P-Miss: 0.2219 | Max Q-Miss: 0.0234 | Val Max Gen Viol: 0.0000 | Val Max Thermal: 0.0000
Epoch 7000 | Val Loss: 35.0942 | Val Cost:    0.00 | Val Max P-Miss: 0.2317 | Max Q-Miss: 0.0186 | Val Max Gen Viol: 0.0000 | Val Max Thermal: 0.0000
Epoch 7010 | Val Loss: 35.0991 | Val Cost:    0.00 | Val Max P-Miss: 0.2316 | Max Q-Miss: 0.0187 | Val Max Gen Viol: 0.0000 | Val Max Thermal: 0.0000
Epoch 7020 | Val Loss: 35.0787 | Val Cost:    0.00 | Val Max P-Miss: 0.2298 | Max Q-Miss: 0.0183 | Val Max Gen Viol: 0.0000 | Val Max Thermal: 0.0000
Epoch 7030 | Val Loss: 35.0663 | Val Cost:    0.00 | Val Max P-Miss: 0.2287 | Max Q-Miss: 0.0181 | Val Max Gen Viol: 0.0000 | Val Max Thermal: 0.0000
Epoch 7040 | Val Loss: 35.0360 | Val Cost:    0.00 | Val Max P-Miss: 0.2278 | Max Q-Miss: 0.0182 | Val Max Gen Viol: 0.0000 | Val Max Thermal: 0.0000
Epoch 7050 | Val Loss: 35.0332 | Val Cost:    0.00 | Val Max P-Miss: 0.2281 | Max Q-Miss: 0.0181 | Val Max Gen Viol: 0.0000 | Val Max Thermal: 0.0000
Epoch 7060 | Val Loss: 35.0275 | Val Cost:    0.00 | Val Max P-Miss: 0.2263 | Max Q-Miss: 0.0178 | Val Max Gen Viol: 0.0000 | Val Max Thermal: 0.0000
Epoch 7070 | Val Loss: 35.0412 | Val Cost:    0.00 | Val Max P-Miss: 0.2233 | Max Q-Miss: 0.0175 | Val Max Gen Viol: 0.0000 | Val Max Thermal: 0.0000
Epoch 7080 | Val Loss: 35.0838 | Val Cost:    0.00 | Val Max P-Miss: 0.2314 | Max Q-Miss: 0.0180 | Val Max Gen Viol: 0.0000 | Val Max Thermal: 0.0000
Epoch 7090 | Val Loss: 35.0753 | Val Cost:    0.00 | Val Max P-Miss: 0.2470 | Max Q-Miss: 0.0203 | Val Max Gen Viol: 0.0000 | Val Max Thermal: 0.0000
Epoch 7100 | Val Loss: 35.0107 | Val Cost:    0.00 | Val Max P-Miss: 0.2364 | Max Q-Miss: 0.0166 | Val Max Gen Viol: 0.0000 | Val Max Thermal: 0.0000
Epoch 7110 | Val Loss: 35.0429 | Val Cost:    0.00 | Val Max P-Miss: 0.2237 | Max Q-Miss: 0.0212 | Val Max Gen Viol: 0.0000 | Val Max Thermal: 0.0000
Epoch 7120 | Val Loss: 35.0678 | Val Cost:    0.00 | Val Max P-Miss: 0.2246 | Max Q-Miss: 0.0232 | Val Max Gen Viol: 0.0000 | Val Max Thermal: 0.0000
Epoch 7130 | Val Loss: 35.1291 | Val Cost:    0.00 | Val Max P-Miss: 0.2415 | Max Q-Miss: 0.0258 | Val Max Gen Viol: 0.0000 | Val Max Thermal: 0.0000
Epoch 7140 | Val Loss: 35.1177 | Val Cost:    0.00 | Val Max P-Miss: 0.2411 | Max Q-Miss: 0.0233 | Val Max Gen Viol: 0.0000 | Val Max Thermal: 0.0000
Epoch 7150 | Val Loss: 35.0780 | Val Cost:    0.00 | Val Max P-Miss: 0.2354 | Max Q-Miss: 0.0219 | Val Max Gen Viol: 0.0000 | Val Max Thermal: 0.0000
Epoch 7160 | Val Loss: 35.0491 | Val Cost:    0.00 | Val Max P-Miss: 0.2356 | Max Q-Miss: 0.0200 | Val Max Gen Viol: 0.0000 | Val Max Thermal: 0.0000
Epoch 7170 | Val Loss: 35.1111 | Val Cost:    0.00 | Val Max P-Miss: 0.2367 | Max Q-Miss: 0.0203 | Val Max Gen Viol: 0.0000 | Val Max Thermal: 0.0000
Epoch 7180 | Val Loss: 35.1244 | Val Cost:    0.00 | Val Max P-Miss: 0.2435 | Max Q-Miss: 0.0307 | Val Max Gen Viol: 0.0000 | Val Max Thermal: 0.0000
Epoch 7190 | Val Loss: 35.0216 | Val Cost:    0.00 | Val Max P-Miss: 0.2332 | Max Q-Miss: 0.0253 | Val Max Gen Viol: 0.0000 | Val Max Thermal: 0.0000
Epoch 7200 | Val Loss: 35.0248 | Val Cost:    0.00 | Val Max P-Miss: 0.2323 | Max Q-Miss: 0.0222 | Val Max Gen Viol: 0.0000 | Val Max Thermal: 0.0000
Epoch 7210 | Val Loss: 35.0182 | Val Cost:    0.00 | Val Max P-Miss: 0.2321 | Max Q-Miss: 0.0206 | Val Max Gen Viol: 0.0000 | Val Max Thermal: 0.0000
Epoch 7220 | Val Loss: 35.0088 | Val Cost:    0.00 | Val Max P-Miss: 0.2297 | Max Q-Miss: 0.0196 | Val Max Gen Viol: 0.0000 | Val Max Thermal: 0.0000
Epoch 7230 | Val Loss: 34.9986 | Val Cost:    0.00 | Val Max P-Miss: 0.2283 | Max Q-Miss: 0.0190 | Val Max Gen Viol: 0.0000 | Val Max Thermal: 0.0000
Epoch 7240 | Val Loss: 34.9945 | Val Cost:    0.00 | Val Max P-Miss: 0.2283 | Max Q-Miss: 0.0189 | Val Max Gen Viol: 0.0000 | Val Max Thermal: 0.0000
Epoch 7250 | Val Loss: 34.9883 | Val Cost:    0.00 | Val Max P-Miss: 0.2271 | Max Q-Miss: 0.0186 | Val Max Gen Viol: 0.0000 | Val Max Thermal: 0.0000 [*SAVED BEST*]
Epoch 7260 | Val Loss: 34.9902 | Val Cost:    0.00 | Val Max P-Miss: 0.2278 | Max Q-Miss: 0.0187 | Val Max Gen Viol: 0.0000 | Val Max Thermal: 0.0000
Epoch 7270 | Val Loss: 35.0084 | Val Cost:    0.00 | Val Max P-Miss: 0.2300 | Max Q-Miss: 0.0190 | Val Max Gen Viol: 0.0000 | Val Max Thermal: 0.0000
Epoch 7280 | Val Loss: 35.0140 | Val Cost:    0.00 | Val Max P-Miss: 0.2295 | Max Q-Miss: 0.0194 | Val Max Gen Viol: 0.0000 | Val Max Thermal: 0.0000
Epoch 7290 | Val Loss: 35.0129 | Val Cost:    0.00 | Val Max P-Miss: 0.2297 | Max Q-Miss: 0.0195 | Val Max Gen Viol: 0.0000 | Val Max Thermal: 0.0000
Epoch 7300 | Val Loss: 35.0174 | Val Cost:    0.00 | Val Max P-Miss: 0.2329 | Max Q-Miss: 0.0184 | Val Max Gen Viol: 0.0000 | Val Max Thermal: 0.0000
Epoch 7310 | Val Loss: 35.0426 | Val Cost:    0.00 | Val Max P-Miss: 0.2312 | Max Q-Miss: 0.0184 | Val Max Gen Viol: 0.0000 | Val Max Thermal: 0.0000
Epoch 7320 | Val Loss: 35.0260 | Val Cost:    0.00 | Val Max P-Miss: 0.2311 | Max Q-Miss: 0.0187 | Val Max Gen Viol: 0.0000 | Val Max Thermal: 0.0000
Epoch 7330 | Val Loss: 35.3262 | Val Cost:    0.00 | Val Max P-Miss: 0.2581 | Max Q-Miss: 0.0275 | Val Max Gen Viol: 0.0000 | Val Max Thermal: 0.0000
Epoch 7340 | Val Loss: 35.2488 | Val Cost:    0.00 | Val Max P-Miss: 0.2286 | Max Q-Miss: 0.0200 | Val Max Gen Viol: 0.0000 | Val Max Thermal: 0.0000
Epoch 7350 | Val Loss: 35.1153 | Val Cost:    0.00 | Val Max P-Miss: 0.2247 | Max Q-Miss: 0.0168 | Val Max Gen Viol: 0.0000 | Val Max Thermal: 0.0000
Epoch 7360 | Val Loss: 35.0757 | Val Cost:    0.00 | Val Max P-Miss: 0.2226 | Max Q-Miss: 0.0158 | Val Max Gen Viol: 0.0000 | Val Max Thermal: 0.0000
Epoch 7370 | Val Loss: 35.0700 | Val Cost:    0.00 | Val Max P-Miss: 0.2205 | Max Q-Miss: 0.0153 | Val Max Gen Viol: 0.0000 | Val Max Thermal: 0.0000
Epoch 7380 | Val Loss: 35.0486 | Val Cost:    0.00 | Val Max P-Miss: 0.2227 | Max Q-Miss: 0.0149 | Val Max Gen Viol: 0.0000 | Val Max Thermal: 0.0000
Epoch 7390 | Val Loss: 35.0136 | Val Cost:    0.00 | Val Max P-Miss: 0.2226 | Max Q-Miss: 0.0147 | Val Max Gen Viol: 0.0000 | Val Max Thermal: 0.0000
Epoch 7400 | Val Loss: 35.1800 | Val Cost:    0.00 | Val Max P-Miss: 0.2382 | Max Q-Miss: 0.0282 | Val Max Gen Viol: 0.0000 | Val Max Thermal: 0.0000
Epoch 7410 | Val Loss: 35.0577 | Val Cost:    0.00 | Val Max P-Miss: 0.2323 | Max Q-Miss: 0.0223 | Val Max Gen Viol: 0.0000 | Val Max Thermal: 0.0000
Epoch 7420 | Val Loss: 35.0467 | Val Cost:    0.00 | Val Max P-Miss: 0.2303 | Max Q-Miss: 0.0198 | Val Max Gen Viol: 0.0000 | Val Max Thermal: 0.0000
Epoch 7430 | Val Loss: 35.0391 | Val Cost:    0.00 | Val Max P-Miss: 0.2288 | Max Q-Miss: 0.0191 | Val Max Gen Viol: 0.0000 | Val Max Thermal: 0.0000
Epoch 7440 | Val Loss: 35.0290 | Val Cost:    0.00 | Val Max P-Miss: 0.2279 | Max Q-Miss: 0.0185 | Val Max Gen Viol: 0.0000 | Val Max Thermal: 0.0000
Epoch 7450 | Val Loss: 35.0342 | Val Cost:    0.00 | Val Max P-Miss: 0.2278 | Max Q-Miss: 0.0183 | Val Max Gen Viol: 0.0000 | Val Max Thermal: 0.0000
Epoch 7460 | Val Loss: 35.0349 | Val Cost:    0.00 | Val Max P-Miss: 0.2275 | Max Q-Miss: 0.0180 | Val Max Gen Viol: 0.0000 | Val Max Thermal: 0.0000
Epoch 7470 | Val Loss: 35.0391 | Val Cost:    0.00 | Val Max P-Miss: 0.2276 | Max Q-Miss: 0.0178 | Val Max Gen Viol: 0.0000 | Val Max Thermal: 0.0000
Epoch 7480 | Val Loss: 35.0447 | Val Cost:    0.00 | Val Max P-Miss: 0.2279 | Max Q-Miss: 0.0177 | Val Max Gen Viol: 0.0000 | Val Max Thermal: 0.0000
Epoch 7490 | Val Loss: 35.0294 | Val Cost:    0.00 | Val Max P-Miss: 0.2273 | Max Q-Miss: 0.0179 | Val Max Gen Viol: 0.0000 | Val Max Thermal: 0.0000
Epoch 7500 | Val Loss: 35.0159 | Val Cost:    0.00 | Val Max P-Miss: 0.2267 | Max Q-Miss: 0.0179 | Val Max Gen Viol: 0.0000 | Val Max Thermal: 0.0000
Epoch 7510 | Val Loss: 35.0098 | Val Cost:    0.00 | Val Max P-Miss: 0.2259 | Max Q-Miss: 0.0178 | Val Max Gen Viol: 0.0000 | Val Max Thermal: 0.0000
Epoch 7520 | Val Loss: 35.0119 | Val Cost:    0.00 | Val Max P-Miss: 0.2239 | Max Q-Miss: 0.0172 | Val Max Gen Viol: 0.0000 | Val Max Thermal: 0.0000
Epoch 7530 | Val Loss: 35.0360 | Val Cost:    0.00 | Val Max P-Miss: 0.2214 | Max Q-Miss: 0.0174 | Val Max Gen Viol: 0.0000 | Val Max Thermal: 0.0000
Epoch 7540 | Val Loss: 35.0575 | Val Cost:    0.00 | Val Max P-Miss: 0.2419 | Max Q-Miss: 0.0192 | Val Max Gen Viol: 0.0000 | Val Max Thermal: 0.0000
Epoch 7550 | Val Loss: 35.0170 | Val Cost:    0.00 | Val Max P-Miss: 0.2383 | Max Q-Miss: 0.0184 | Val Max Gen Viol: 0.0000 | Val Max Thermal: 0.0000
Epoch 7560 | Val Loss: 35.1759 | Val Cost:    0.00 | Val Max P-Miss: 0.2493 | Max Q-Miss: 0.0384 | Val Max Gen Viol: 0.0000 | Val Max Thermal: 0.0000
Epoch 7570 | Val Loss: 35.3469 | Val Cost:    0.00 | Val Max P-Miss: 0.2651 | Max Q-Miss: 0.0415 | Val Max Gen Viol: 0.0000 | Val Max Thermal: 0.0000
Epoch 7580 | Val Loss: 35.0763 | Val Cost:    0.00 | Val Max P-Miss: 0.2278 | Max Q-Miss: 0.0193 | Val Max Gen Viol: 0.0000 | Val Max Thermal: 0.0000
Epoch 7590 | Val Loss: 35.1022 | Val Cost:    0.00 | Val Max P-Miss: 0.2276 | Max Q-Miss: 0.0161 | Val Max Gen Viol: 0.0000 | Val Max Thermal: 0.0000
Epoch 7600 | Val Loss: 35.0623 | Val Cost:    0.00 | Val Max P-Miss: 0.2239 | Max Q-Miss: 0.0154 | Val Max Gen Viol: 0.0000 | Val Max Thermal: 0.0000
Epoch 7610 | Val Loss: 35.6543 | Val Cost:    0.00 | Val Max P-Miss: 0.2378 | Max Q-Miss: 0.0739 | Val Max Gen Viol: 0.0000 | Val Max Thermal: 0.0000
Epoch 7620 | Val Loss: 35.0250 | Val Cost:    0.00 | Val Max P-Miss: 0.2338 | Max Q-Miss: 0.0182 | Val Max Gen Viol: 0.0000 | Val Max Thermal: 0.0000
Epoch 7630 | Val Loss: 35.0218 | Val Cost:    0.00 | Val Max P-Miss: 0.2343 | Max Q-Miss: 0.0167 | Val Max Gen Viol: 0.0000 | Val Max Thermal: 0.0000
Epoch 7640 | Val Loss: 35.0204 | Val Cost:    0.00 | Val Max P-Miss: 0.2352 | Max Q-Miss: 0.0164 | Val Max Gen Viol: 0.0000 | Val Max Thermal: 0.0000
Epoch 7650 | Val Loss: 35.0207 | Val Cost:    0.00 | Val Max P-Miss: 0.2342 | Max Q-Miss: 0.0160 | Val Max Gen Viol: 0.0000 | Val Max Thermal: 0.0000
Epoch 7660 | Val Loss: 35.0136 | Val Cost:    0.00 | Val Max P-Miss: 0.2332 | Max Q-Miss: 0.0159 | Val Max Gen Viol: 0.0000 | Val Max Thermal: 0.0000
Epoch 7670 | Val Loss: 35.0104 | Val Cost:    0.00 | Val Max P-Miss: 0.2315 | Max Q-Miss: 0.0156 | Val Max Gen Viol: 0.0000 | Val Max Thermal: 0.0000
Epoch 7680 | Val Loss: 34.9991 | Val Cost:    0.00 | Val Max P-Miss: 0.2295 | Max Q-Miss: 0.0155 | Val Max Gen Viol: 0.0000 | Val Max Thermal: 0.0000
Epoch 7690 | Val Loss: 34.9913 | Val Cost:    0.00 | Val Max P-Miss: 0.2272 | Max Q-Miss: 0.0155 | Val Max Gen Viol: 0.0000 | Val Max Thermal: 0.0000
Epoch 7700 | Val Loss: 34.9872 | Val Cost:    0.00 | Val Max P-Miss: 0.2270 | Max Q-Miss: 0.0156 | Val Max Gen Viol: 0.0000 | Val Max Thermal: 0.0000 [*SAVED BEST*]
Epoch 7710 | Val Loss: 34.9955 | Val Cost:    0.00 | Val Max P-Miss: 0.2273 | Max Q-Miss: 0.0155 | Val Max Gen Viol: 0.0000 | Val Max Thermal: 0.0000
Epoch 7720 | Val Loss: 35.0022 | Val Cost:    0.00 | Val Max P-Miss: 0.2298 | Max Q-Miss: 0.0153 | Val Max Gen Viol: 0.0000 | Val Max Thermal: 0.0000
Epoch 7730 | Val Loss: 35.0147 | Val Cost:    0.00 | Val Max P-Miss: 0.2301 | Max Q-Miss: 0.0149 | Val Max Gen Viol: 0.0000 | Val Max Thermal: 0.0000
Epoch 7740 | Val Loss: 35.0217 | Val Cost:    0.00 | Val Max P-Miss: 0.2303 | Max Q-Miss: 0.0148 | Val Max Gen Viol: 0.0000 | Val Max Thermal: 0.0000
Epoch 7750 | Val Loss: 35.0029 | Val Cost:    0.00 | Val Max P-Miss: 0.2303 | Max Q-Miss: 0.0148 | Val Max Gen Viol: 0.0000 | Val Max Thermal: 0.0000
Epoch 7760 | Val Loss: 34.9988 | Val Cost:    0.00 | Val Max P-Miss: 0.2294 | Max Q-Miss: 0.0149 | Val Max Gen Viol: 0.0000 | Val Max Thermal: 0.0000
Epoch 7770 | Val Loss: 35.0038 | Val Cost:    0.00 | Val Max P-Miss: 0.2289 | Max Q-Miss: 0.0152 | Val Max Gen Viol: 0.0000 | Val Max Thermal: 0.0000
Epoch 7780 | Val Loss: 35.0230 | Val Cost:    0.00 | Val Max P-Miss: 0.2294 | Max Q-Miss: 0.0179 | Val Max Gen Viol: 0.0000 | Val Max Thermal: 0.0000
Epoch 7790 | Val Loss: 35.3651 | Val Cost:    0.00 | Val Max P-Miss: 0.2562 | Max Q-Miss: 0.0269 | Val Max Gen Viol: 0.0000 | Val Max Thermal: 0.0000
Epoch 7800 | Val Loss: 35.1468 | Val Cost:    0.00 | Val Max P-Miss: 0.2364 | Max Q-Miss: 0.0274 | Val Max Gen Viol: 0.0000 | Val Max Thermal: 0.0000
Epoch 7810 | Val Loss: 35.1754 | Val Cost:    0.00 | Val Max P-Miss: 0.2368 | Max Q-Miss: 0.0276 | Val Max Gen Viol: 0.0000 | Val Max Thermal: 0.0000
Epoch 7820 | Val Loss: 35.3363 | Val Cost:    0.00 | Val Max P-Miss: 0.2403 | Max Q-Miss: 0.0250 | Val Max Gen Viol: 0.0000 | Val Max Thermal: 0.0000
Epoch 7830 | Val Loss: 35.0982 | Val Cost:    0.00 | Val Max P-Miss: 0.2294 | Max Q-Miss: 0.0188 | Val Max Gen Viol: 0.0000 | Val Max Thermal: 0.0000
Epoch 7840 | Val Loss: 35.0045 | Val Cost:    0.00 | Val Max P-Miss: 0.2285 | Max Q-Miss: 0.0188 | Val Max Gen Viol: 0.0000 | Val Max Thermal: 0.0000
Epoch 7850 | Val Loss: 34.9995 | Val Cost:    0.00 | Val Max P-Miss: 0.2268 | Max Q-Miss: 0.0176 | Val Max Gen Viol: 0.0000 | Val Max Thermal: 0.0000
Epoch 7860 | Val Loss: 34.9973 | Val Cost:    0.00 | Val Max P-Miss: 0.2265 | Max Q-Miss: 0.0178 | Val Max Gen Viol: 0.0000 | Val Max Thermal: 0.0000
Epoch 7870 | Val Loss: 34.9887 | Val Cost:    0.00 | Val Max P-Miss: 0.2259 | Max Q-Miss: 0.0181 | Val Max Gen Viol: 0.0000 | Val Max Thermal: 0.0000
Epoch 7880 | Val Loss: 34.9927 | Val Cost:    0.00 | Val Max P-Miss: 0.2259 | Max Q-Miss: 0.0179 | Val Max Gen Viol: 0.0000 | Val Max Thermal: 0.0000
Epoch 7890 | Val Loss: 34.9952 | Val Cost:    0.00 | Val Max P-Miss: 0.2259 | Max Q-Miss: 0.0178 | Val Max Gen Viol: 0.0000 | Val Max Thermal: 0.0000
Epoch 7900 | Val Loss: 34.9931 | Val Cost:    0.00 | Val Max P-Miss: 0.2260 | Max Q-Miss: 0.0177 | Val Max Gen Viol: 0.0000 | Val Max Thermal: 0.0000
Epoch 7910 | Val Loss: 35.0024 | Val Cost:    0.00 | Val Max P-Miss: 0.2262 | Max Q-Miss: 0.0178 | Val Max Gen Viol: 0.0000 | Val Max Thermal: 0.0000
Epoch 7920 | Val Loss: 35.0005 | Val Cost:    0.00 | Val Max P-Miss: 0.2261 | Max Q-Miss: 0.0179 | Val Max Gen Viol: 0.0000 | Val Max Thermal: 0.0000
Epoch 7930 | Val Loss: 34.9976 | Val Cost:    0.00 | Val Max P-Miss: 0.2263 | Max Q-Miss: 0.0182 | Val Max Gen Viol: 0.0000 | Val Max Thermal: 0.0000
Epoch 7940 | Val Loss: 35.0015 | Val Cost:    0.00 | Val Max P-Miss: 0.2262 | Max Q-Miss: 0.0184 | Val Max Gen Viol: 0.0000 | Val Max Thermal: 0.0000
Epoch 7950 | Val Loss: 34.9968 | Val Cost:    0.00 | Val Max P-Miss: 0.2259 | Max Q-Miss: 0.0185 | Val Max Gen Viol: 0.0000 | Val Max Thermal: 0.0000
Epoch 7960 | Val Loss: 34.9946 | Val Cost:    0.00 | Val Max P-Miss: 0.2248 | Max Q-Miss: 0.0187 | Val Max Gen Viol: 0.0000 | Val Max Thermal: 0.0000
Epoch 7970 | Val Loss: 35.0064 | Val Cost:    0.00 | Val Max P-Miss: 0.2225 | Max Q-Miss: 0.0188 | Val Max Gen Viol: 0.0000 | Val Max Thermal: 0.0000
Epoch 7980 | Val Loss: 35.0195 | Val Cost:    0.00 | Val Max P-Miss: 0.2243 | Max Q-Miss: 0.0192 | Val Max Gen Viol: 0.0000 | Val Max Thermal: 0.0000
Epoch 7990 | Val Loss: 35.0552 | Val Cost:    0.00 | Val Max P-Miss: 0.2454 | Max Q-Miss: 0.0194 | Val Max Gen Viol: 0.0000 | Val Max Thermal: 0.0000
Epoch 8000 | Val Loss: 35.1975 | Val Cost:    0.00 | Val Max P-Miss: 0.2323 | Max Q-Miss: 0.0164 | Val Max Gen Viol: 0.0000 | Val Max Thermal: 0.0000
Epoch 8010 | Val Loss: 35.1354 | Val Cost:    0.00 | Val Max P-Miss: 0.2272 | Max Q-Miss: 0.0183 | Val Max Gen Viol: 0.0000 | Val Max Thermal: 0.0000
Epoch 8020 | Val Loss: 35.0968 | Val Cost:    0.00 | Val Max P-Miss: 0.2251 | Max Q-Miss: 0.0163 | Val Max Gen Viol: 0.0000 | Val Max Thermal: 0.0000
Epoch 8030 | Val Loss: 35.0647 | Val Cost:    0.00 | Val Max P-Miss: 0.2225 | Max Q-Miss: 0.0166 | Val Max Gen Viol: 0.0000 | Val Max Thermal: 0.0000
Epoch 8040 | Val Loss: 35.0619 | Val Cost:    0.00 | Val Max P-Miss: 0.2213 | Max Q-Miss: 0.0160 | Val Max Gen Viol: 0.0000 | Val Max Thermal: 0.0000
Epoch 8050 | Val Loss: 35.0414 | Val Cost:    0.00 | Val Max P-Miss: 0.2437 | Max Q-Miss: 0.0299 | Val Max Gen Viol: 0.0000 | Val Max Thermal: 0.0000
Epoch 8060 | Val Loss: 35.0476 | Val Cost:    0.00 | Val Max P-Miss: 0.2257 | Max Q-Miss: 0.0231 | Val Max Gen Viol: 0.0000 | Val Max Thermal: 0.0000
Epoch 8070 | Val Loss: 34.9884 | Val Cost:    0.00 | Val Max P-Miss: 0.2277 | Max Q-Miss: 0.0181 | Val Max Gen Viol: 0.0000 | Val Max Thermal: 0.0000
Epoch 8080 | Val Loss: 34.9845 | Val Cost:    0.00 | Val Max P-Miss: 0.2265 | Max Q-Miss: 0.0178 | Val Max Gen Viol: 0.0000 | Val Max Thermal: 0.0000 [*SAVED BEST*]
Epoch 8090 | Val Loss: 34.9844 | Val Cost:    0.00 | Val Max P-Miss: 0.2264 | Max Q-Miss: 0.0179 | Val Max Gen Viol: 0.0000 | Val Max Thermal: 0.0000 [*SAVED BEST*]
Epoch 8100 | Val Loss: 34.9807 | Val Cost:    0.00 | Val Max P-Miss: 0.2259 | Max Q-Miss: 0.0177 | Val Max Gen Viol: 0.0000 | Val Max Thermal: 0.0000 [*SAVED BEST*]
Epoch 8110 | Val Loss: 34.9872 | Val Cost:    0.00 | Val Max P-Miss: 0.2259 | Max Q-Miss: 0.0178 | Val Max Gen Viol: 0.0000 | Val Max Thermal: 0.0000
Epoch 8120 | Val Loss: 34.9891 | Val Cost:    0.00 | Val Max P-Miss: 0.2264 | Max Q-Miss: 0.0179 | Val Max Gen Viol: 0.0000 | Val Max Thermal: 0.0000
Epoch 8130 | Val Loss: 34.9885 | Val Cost:    0.00 | Val Max P-Miss: 0.2260 | Max Q-Miss: 0.0180 | Val Max Gen Viol: 0.0000 | Val Max Thermal: 0.0000
Epoch 8140 | Val Loss: 34.9926 | Val Cost:    0.00 | Val Max P-Miss: 0.2261 | Max Q-Miss: 0.0180 | Val Max Gen Viol: 0.0000 | Val Max Thermal: 0.0000
Epoch 8150 | Val Loss: 34.9911 | Val Cost:    0.00 | Val Max P-Miss: 0.2259 | Max Q-Miss: 0.0180 | Val Max Gen Viol: 0.0000 | Val Max Thermal: 0.0000
Epoch 8160 | Val Loss: 34.9905 | Val Cost:    0.00 | Val Max P-Miss: 0.2254 | Max Q-Miss: 0.0180 | Val Max Gen Viol: 0.0000 | Val Max Thermal: 0.0000
Epoch 8170 | Val Loss: 34.9873 | Val Cost:    0.00 | Val Max P-Miss: 0.2245 | Max Q-Miss: 0.0182 | Val Max Gen Viol: 0.0000 | Val Max Thermal: 0.0000
Epoch 8180 | Val Loss: 34.9969 | Val Cost:    0.00 | Val Max P-Miss: 0.2220 | Max Q-Miss: 0.0188 | Val Max Gen Viol: 0.0000 | Val Max Thermal: 0.0000
Epoch 8190 | Val Loss: 35.0279 | Val Cost:    0.00 | Val Max P-Miss: 0.2222 | Max Q-Miss: 0.0192 | Val Max Gen Viol: 0.0000 | Val Max Thermal: 0.0000
Epoch 8200 | Val Loss: 35.0583 | Val Cost:    0.00 | Val Max P-Miss: 0.2311 | Max Q-Miss: 0.0198 | Val Max Gen Viol: 0.0000 | Val Max Thermal: 0.0000
Epoch 8210 | Val Loss: 35.0355 | Val Cost:    0.00 | Val Max P-Miss: 0.2423 | Max Q-Miss: 0.0199 | Val Max Gen Viol: 0.0000 | Val Max Thermal: 0.0000
Epoch 8220 | Val Loss: 35.3992 | Val Cost:    0.00 | Val Max P-Miss: 0.2479 | Max Q-Miss: 0.0410 | Val Max Gen Viol: 0.0000 | Val Max Thermal: 0.0000
Epoch 8230 | Val Loss: 35.0756 | Val Cost:    0.00 | Val Max P-Miss: 0.2386 | Max Q-Miss: 0.0339 | Val Max Gen Viol: 0.0000 | Val Max Thermal: 0.0000
Epoch 8240 | Val Loss: 35.0563 | Val Cost:    0.00 | Val Max P-Miss: 0.2329 | Max Q-Miss: 0.0296 | Val Max Gen Viol: 0.0000 | Val Max Thermal: 0.0000
Epoch 8250 | Val Loss: 35.0276 | Val Cost:    0.00 | Val Max P-Miss: 0.2295 | Max Q-Miss: 0.0258 | Val Max Gen Viol: 0.0000 | Val Max Thermal: 0.0000
Epoch 8260 | Val Loss: 35.0238 | Val Cost:    0.00 | Val Max P-Miss: 0.2297 | Max Q-Miss: 0.0244 | Val Max Gen Viol: 0.0000 | Val Max Thermal: 0.0000
Epoch 8270 | Val Loss: 35.0768 | Val Cost:    0.00 | Val Max P-Miss: 0.2378 | Max Q-Miss: 0.0243 | Val Max Gen Viol: 0.0000 | Val Max Thermal: 0.0000
Epoch 8280 | Val Loss: 35.0288 | Val Cost:    0.00 | Val Max P-Miss: 0.2329 | Max Q-Miss: 0.0194 | Val Max Gen Viol: 0.0000 | Val Max Thermal: 0.0000
Epoch 8290 | Val Loss: 35.0310 | Val Cost:    0.00 | Val Max P-Miss: 0.2353 | Max Q-Miss: 0.0193 | Val Max Gen Viol: 0.0000 | Val Max Thermal: 0.0000
Epoch 8300 | Val Loss: 35.0363 | Val Cost:    0.00 | Val Max P-Miss: 0.2348 | Max Q-Miss: 0.0192 | Val Max Gen Viol: 0.0000 | Val Max Thermal: 0.0000
Epoch 8310 | Val Loss: 35.0173 | Val Cost:    0.00 | Val Max P-Miss: 0.2327 | Max Q-Miss: 0.0191 | Val Max Gen Viol: 0.0000 | Val Max Thermal: 0.0000
Epoch 8320 | Val Loss: 35.0189 | Val Cost:    0.00 | Val Max P-Miss: 0.2337 | Max Q-Miss: 0.0190 | Val Max Gen Viol: 0.0000 | Val Max Thermal: 0.0000
Epoch 8330 | Val Loss: 35.0135 | Val Cost:    0.00 | Val Max P-Miss: 0.2306 | Max Q-Miss: 0.0190 | Val Max Gen Viol: 0.0000 | Val Max Thermal: 0.0000
Epoch 8340 | Val Loss: 35.0155 | Val Cost:    0.00 | Val Max P-Miss: 0.2315 | Max Q-Miss: 0.0191 | Val Max Gen Viol: 0.0000 | Val Max Thermal: 0.0000
Epoch 8350 | Val Loss: 35.0106 | Val Cost:    0.00 | Val Max P-Miss: 0.2299 | Max Q-Miss: 0.0191 | Val Max Gen Viol: 0.0000 | Val Max Thermal: 0.0000
Epoch 8360 | Val Loss: 35.0093 | Val Cost:    0.00 | Val Max P-Miss: 0.2292 | Max Q-Miss: 0.0193 | Val Max Gen Viol: 0.0000 | Val Max Thermal: 0.0000
Epoch 8370 | Val Loss: 35.0022 | Val Cost:    0.00 | Val Max P-Miss: 0.2305 | Max Q-Miss: 0.0200 | Val Max Gen Viol: 0.0000 | Val Max Thermal: 0.0000
Epoch 8380 | Val Loss: 35.0017 | Val Cost:    0.00 | Val Max P-Miss: 0.2310 | Max Q-Miss: 0.0204 | Val Max Gen Viol: 0.0000 | Val Max Thermal: 0.0000
Epoch 8390 | Val Loss: 35.0156 | Val Cost:    0.00 | Val Max P-Miss: 0.2310 | Max Q-Miss: 0.0202 | Val Max Gen Viol: 0.0000 | Val Max Thermal: 0.0000
Epoch 8400 | Val Loss: 34.9872 | Val Cost:    0.00 | Val Max P-Miss: 0.2298 | Max Q-Miss: 0.0193 | Val Max Gen Viol: 0.0000 | Val Max Thermal: 0.0000
Epoch 8410 | Val Loss: 35.3149 | Val Cost:    0.00 | Val Max P-Miss: 0.2429 | Max Q-Miss: 0.0332 | Val Max Gen Viol: 0.0000 | Val Max Thermal: 0.0000
Epoch 8420 | Val Loss: 34.9830 | Val Cost:    0.00 | Val Max P-Miss: 0.2270 | Max Q-Miss: 0.0206 | Val Max Gen Viol: 0.0000 | Val Max Thermal: 0.0000
Epoch 8430 | Val Loss: 34.9728 | Val Cost:    0.00 | Val Max P-Miss: 0.2250 | Max Q-Miss: 0.0191 | Val Max Gen Viol: 0.0000 | Val Max Thermal: 0.0000 [*SAVED BEST*]
Epoch 8440 | Val Loss: 34.9651 | Val Cost:    0.00 | Val Max P-Miss: 0.2242 | Max Q-Miss: 0.0187 | Val Max Gen Viol: 0.0000 | Val Max Thermal: 0.0000 [*SAVED BEST*]
Epoch 8450 | Val Loss: 34.9582 | Val Cost:    0.00 | Val Max P-Miss: 0.2233 | Max Q-Miss: 0.0192 | Val Max Gen Viol: 0.0000 | Val Max Thermal: 0.0000 [*SAVED BEST*]
Epoch 8460 | Val Loss: 34.9530 | Val Cost:    0.00 | Val Max P-Miss: 0.2229 | Max Q-Miss: 0.0195 | Val Max Gen Viol: 0.0000 | Val Max Thermal: 0.0000 [*SAVED BEST*]
Epoch 8470 | Val Loss: 34.9576 | Val Cost:    0.00 | Val Max P-Miss: 0.2233 | Max Q-Miss: 0.0197 | Val Max Gen Viol: 0.0000 | Val Max Thermal: 0.0000
Epoch 8480 | Val Loss: 34.9521 | Val Cost:    0.00 | Val Max P-Miss: 0.2230 | Max Q-Miss: 0.0198 | Val Max Gen Viol: 0.0000 | Val Max Thermal: 0.0000 [*SAVED BEST*]
Epoch 8490 | Val Loss: 34.9488 | Val Cost:    0.00 | Val Max P-Miss: 0.2226 | Max Q-Miss: 0.0198 | Val Max Gen Viol: 0.0000 | Val Max Thermal: 0.0000 [*SAVED BEST*]
Epoch 8500 | Val Loss: 34.9577 | Val Cost:    0.00 | Val Max P-Miss: 0.2229 | Max Q-Miss: 0.0200 | Val Max Gen Viol: 0.0000 | Val Max Thermal: 0.0000
Epoch 8510 | Val Loss: 34.9901 | Val Cost:    0.00 | Val Max P-Miss: 0.2241 | Max Q-Miss: 0.0205 | Val Max Gen Viol: 0.0000 | Val Max Thermal: 0.0000
Epoch 8520 | Val Loss: 34.9730 | Val Cost:    0.00 | Val Max P-Miss: 0.2239 | Max Q-Miss: 0.0204 | Val Max Gen Viol: 0.0000 | Val Max Thermal: 0.0000
Epoch 8530 | Val Loss: 34.9647 | Val Cost:    0.00 | Val Max P-Miss: 0.2235 | Max Q-Miss: 0.0208 | Val Max Gen Viol: 0.0000 | Val Max Thermal: 0.0000
Epoch 8540 | Val Loss: 35.1743 | Val Cost:    0.00 | Val Max P-Miss: 0.2378 | Max Q-Miss: 0.0301 | Val Max Gen Viol: 0.0000 | Val Max Thermal: 0.0000
Epoch 8550 | Val Loss: 35.1100 | Val Cost:    0.00 | Val Max P-Miss: 0.2274 | Max Q-Miss: 0.0169 | Val Max Gen Viol: 0.0000 | Val Max Thermal: 0.0000
Epoch 8560 | Val Loss: 35.0621 | Val Cost:    0.00 | Val Max P-Miss: 0.2250 | Max Q-Miss: 0.0199 | Val Max Gen Viol: 0.0000 | Val Max Thermal: 0.0000
Epoch 8570 | Val Loss: 35.0575 | Val Cost:    0.00 | Val Max P-Miss: 0.2247 | Max Q-Miss: 0.0190 | Val Max Gen Viol: 0.0000 | Val Max Thermal: 0.0000
Epoch 8580 | Val Loss: 35.0470 | Val Cost:    0.00 | Val Max P-Miss: 0.2162 | Max Q-Miss: 0.0178 | Val Max Gen Viol: 0.0000 | Val Max Thermal: 0.0000
Epoch 8590 | Val Loss: 35.0102 | Val Cost:    0.00 | Val Max P-Miss: 0.2278 | Max Q-Miss: 0.0234 | Val Max Gen Viol: 0.0000 | Val Max Thermal: 0.0000
Epoch 8600 | Val Loss: 35.0014 | Val Cost:    0.00 | Val Max P-Miss: 0.2265 | Max Q-Miss: 0.0235 | Val Max Gen Viol: 0.0000 | Val Max Thermal: 0.0000
Epoch 8610 | Val Loss: 34.9967 | Val Cost:    0.00 | Val Max P-Miss: 0.2264 | Max Q-Miss: 0.0216 | Val Max Gen Viol: 0.0000 | Val Max Thermal: 0.0000
Epoch 8620 | Val Loss: 34.9888 | Val Cost:    0.00 | Val Max P-Miss: 0.2263 | Max Q-Miss: 0.0203 | Val Max Gen Viol: 0.0000 | Val Max Thermal: 0.0000
Epoch 8630 | Val Loss: 35.0008 | Val Cost:    0.00 | Val Max P-Miss: 0.2266 | Max Q-Miss: 0.0200 | Val Max Gen Viol: 0.0000 | Val Max Thermal: 0.0000
Epoch 8640 | Val Loss: 34.9975 | Val Cost:    0.00 | Val Max P-Miss: 0.2259 | Max Q-Miss: 0.0196 | Val Max Gen Viol: 0.0000 | Val Max Thermal: 0.0000
Epoch 8650 | Val Loss: 34.9915 | Val Cost:    0.00 | Val Max P-Miss: 0.2237 | Max Q-Miss: 0.0189 | Val Max Gen Viol: 0.0000 | Val Max Thermal: 0.0000
Epoch 8660 | Val Loss: 35.0201 | Val Cost:    0.00 | Val Max P-Miss: 0.2227 | Max Q-Miss: 0.0187 | Val Max Gen Viol: 0.0000 | Val Max Thermal: 0.0000
Epoch 8670 | Val Loss: 34.9937 | Val Cost:    0.00 | Val Max P-Miss: 0.2215 | Max Q-Miss: 0.0189 | Val Max Gen Viol: 0.0000 | Val Max Thermal: 0.0000
Epoch 8680 | Val Loss: 34.9914 | Val Cost:    0.00 | Val Max P-Miss: 0.2213 | Max Q-Miss: 0.0202 | Val Max Gen Viol: 0.0000 | Val Max Thermal: 0.0000
Epoch 8690 | Val Loss: 35.0042 | Val Cost:    0.00 | Val Max P-Miss: 0.2207 | Max Q-Miss: 0.0217 | Val Max Gen Viol: 0.0000 | Val Max Thermal: 0.0000
Epoch 8700 | Val Loss: 35.0135 | Val Cost:    0.00 | Val Max P-Miss: 0.2201 | Max Q-Miss: 0.0213 | Val Max Gen Viol: 0.0000 | Val Max Thermal: 0.0000
Epoch 8710 | Val Loss: 35.0147 | Val Cost:    0.00 | Val Max P-Miss: 0.2299 | Max Q-Miss: 0.0214 | Val Max Gen Viol: 0.0000 | Val Max Thermal: 0.0000
Epoch 8720 | Val Loss: 35.0172 | Val Cost:    0.00 | Val Max P-Miss: 0.2389 | Max Q-Miss: 0.0209 | Val Max Gen Viol: 0.0000 | Val Max Thermal: 0.0000
Epoch 8730 | Val Loss: 35.2821 | Val Cost:    0.00 | Val Max P-Miss: 0.2454 | Max Q-Miss: 0.0273 | Val Max Gen Viol: 0.0000 | Val Max Thermal: 0.0000
Epoch 8740 | Val Loss: 35.0856 | Val Cost:    0.00 | Val Max P-Miss: 0.2402 | Max Q-Miss: 0.0268 | Val Max Gen Viol: 0.0000 | Val Max Thermal: 0.0000
Epoch 8750 | Val Loss: 35.0570 | Val Cost:    0.00 | Val Max P-Miss: 0.2345 | Max Q-Miss: 0.0253 | Val Max Gen Viol: 0.0000 | Val Max Thermal: 0.0000
Epoch 8760 | Val Loss: 35.0311 | Val Cost:    0.00 | Val Max P-Miss: 0.2315 | Max Q-Miss: 0.0241 | Val Max Gen Viol: 0.0000 | Val Max Thermal: 0.0000
Epoch 8770 | Val Loss: 35.0263 | Val Cost:    0.00 | Val Max P-Miss: 0.2304 | Max Q-Miss: 0.0227 | Val Max Gen Viol: 0.0000 | Val Max Thermal: 0.0000
Epoch 8780 | Val Loss: 35.2414 | Val Cost:    0.00 | Val Max P-Miss: 0.2443 | Max Q-Miss: 0.0237 | Val Max Gen Viol: 0.0000 | Val Max Thermal: 0.0000
Epoch 8790 | Val Loss: 34.9919 | Val Cost:    0.00 | Val Max P-Miss: 0.2308 | Max Q-Miss: 0.0199 | Val Max Gen Viol: 0.0000 | Val Max Thermal: 0.0000
Epoch 8800 | Val Loss: 35.0017 | Val Cost:    0.00 | Val Max P-Miss: 0.2320 | Max Q-Miss: 0.0191 | Val Max Gen Viol: 0.0000 | Val Max Thermal: 0.0000
Epoch 8810 | Val Loss: 34.9964 | Val Cost:    0.00 | Val Max P-Miss: 0.2313 | Max Q-Miss: 0.0187 | Val Max Gen Viol: 0.0000 | Val Max Thermal: 0.0000
Epoch 8820 | Val Loss: 34.9873 | Val Cost:    0.00 | Val Max P-Miss: 0.2297 | Max Q-Miss: 0.0186 | Val Max Gen Viol: 0.0000 | Val Max Thermal: 0.0000
Epoch 8830 | Val Loss: 34.9813 | Val Cost:    0.00 | Val Max P-Miss: 0.2291 | Max Q-Miss: 0.0185 | Val Max Gen Viol: 0.0000 | Val Max Thermal: 0.0000
Epoch 8840 | Val Loss: 34.9736 | Val Cost:    0.00 | Val Max P-Miss: 0.2267 | Max Q-Miss: 0.0184 | Val Max Gen Viol: 0.0000 | Val Max Thermal: 0.0000
Epoch 8850 | Val Loss: 34.9649 | Val Cost:    0.00 | Val Max P-Miss: 0.2254 | Max Q-Miss: 0.0186 | Val Max Gen Viol: 0.0000 | Val Max Thermal: 0.0000
Epoch 8860 | Val Loss: 34.9654 | Val Cost:    0.00 | Val Max P-Miss: 0.2252 | Max Q-Miss: 0.0187 | Val Max Gen Viol: 0.0000 | Val Max Thermal: 0.0000
Epoch 8870 | Val Loss: 34.9599 | Val Cost:    0.00 | Val Max P-Miss: 0.2242 | Max Q-Miss: 0.0186 | Val Max Gen Viol: 0.0000 | Val Max Thermal: 0.0000
Epoch 8880 | Val Loss: 34.9639 | Val Cost:    0.00 | Val Max P-Miss: 0.2244 | Max Q-Miss: 0.0186 | Val Max Gen Viol: 0.0000 | Val Max Thermal: 0.0000
Epoch 8890 | Val Loss: 34.9757 | Val Cost:    0.00 | Val Max P-Miss: 0.2250 | Max Q-Miss: 0.0182 | Val Max Gen Viol: 0.0000 | Val Max Thermal: 0.0000
Epoch 8900 | Val Loss: 34.9857 | Val Cost:    0.00 | Val Max P-Miss: 0.2262 | Max Q-Miss: 0.0181 | Val Max Gen Viol: 0.0000 | Val Max Thermal: 0.0000
Epoch 8910 | Val Loss: 34.9808 | Val Cost:    0.00 | Val Max P-Miss: 0.2266 | Max Q-Miss: 0.0182 | Val Max Gen Viol: 0.0000 | Val Max Thermal: 0.0000
Epoch 8920 | Val Loss: 34.9751 | Val Cost:    0.00 | Val Max P-Miss: 0.2258 | Max Q-Miss: 0.0184 | Val Max Gen Viol: 0.0000 | Val Max Thermal: 0.0000
Epoch 8930 | Val Loss: 34.9796 | Val Cost:    0.00 | Val Max P-Miss: 0.2243 | Max Q-Miss: 0.0184 | Val Max Gen Viol: 0.0000 | Val Max Thermal: 0.0000
Epoch 8940 | Val Loss: 34.9719 | Val Cost:    0.00 | Val Max P-Miss: 0.2250 | Max Q-Miss: 0.0184 | Val Max Gen Viol: 0.0000 | Val Max Thermal: 0.0000
Epoch 8950 | Val Loss: 34.9656 | Val Cost:    0.00 | Val Max P-Miss: 0.2259 | Max Q-Miss: 0.0181 | Val Max Gen Viol: 0.0000 | Val Max Thermal: 0.0000
Epoch 8960 | Val Loss: 34.9566 | Val Cost:    0.00 | Val Max P-Miss: 0.2241 | Max Q-Miss: 0.0184 | Val Max Gen Viol: 0.0000 | Val Max Thermal: 0.0000
Epoch 8970 | Val Loss: 34.9513 | Val Cost:    0.00 | Val Max P-Miss: 0.2217 | Max Q-Miss: 0.0186 | Val Max Gen Viol: 0.0000 | Val Max Thermal: 0.0000
Epoch 8980 | Val Loss: 34.9825 | Val Cost:    0.00 | Val Max P-Miss: 0.2267 | Max Q-Miss: 0.0202 | Val Max Gen Viol: 0.0000 | Val Max Thermal: 0.0000
Epoch 8990 | Val Loss: 35.2279 | Val Cost:    0.00 | Val Max P-Miss: 0.2351 | Max Q-Miss: 0.0199 | Val Max Gen Viol: 0.0000 | Val Max Thermal: 0.0000
Epoch 9000 | Val Loss: 35.0792 | Val Cost:    0.00 | Val Max P-Miss: 0.2258 | Max Q-Miss: 0.0189 | Val Max Gen Viol: 0.0000 | Val Max Thermal: 0.0000
Epoch 9010 | Val Loss: 35.0511 | Val Cost:    0.00 | Val Max P-Miss: 0.2221 | Max Q-Miss: 0.0178 | Val Max Gen Viol: 0.0000 | Val Max Thermal: 0.0000
Epoch 9020 | Val Loss: 35.0203 | Val Cost:    0.00 | Val Max P-Miss: 0.2209 | Max Q-Miss: 0.0171 | Val Max Gen Viol: 0.0000 | Val Max Thermal: 0.0000
Epoch 9030 | Val Loss: 35.0167 | Val Cost:    0.00 | Val Max P-Miss: 0.2191 | Max Q-Miss: 0.0167 | Val Max Gen Viol: 0.0000 | Val Max Thermal: 0.0000
Epoch 9040 | Val Loss: 34.9954 | Val Cost:    0.00 | Val Max P-Miss: 0.2272 | Max Q-Miss: 0.0229 | Val Max Gen Viol: 0.0000 | Val Max Thermal: 0.0000
Epoch 9050 | Val Loss: 35.0068 | Val Cost:    0.00 | Val Max P-Miss: 0.2330 | Max Q-Miss: 0.0203 | Val Max Gen Viol: 0.0000 | Val Max Thermal: 0.0000
Epoch 9060 | Val Loss: 34.9969 | Val Cost:    0.00 | Val Max P-Miss: 0.2316 | Max Q-Miss: 0.0192 | Val Max Gen Viol: 0.0000 | Val Max Thermal: 0.0000
Epoch 9070 | Val Loss: 34.9890 | Val Cost:    0.00 | Val Max P-Miss: 0.2297 | Max Q-Miss: 0.0189 | Val Max Gen Viol: 0.0000 | Val Max Thermal: 0.0000
Epoch 9080 | Val Loss: 34.9833 | Val Cost:    0.00 | Val Max P-Miss: 0.2299 | Max Q-Miss: 0.0188 | Val Max Gen Viol: 0.0000 | Val Max Thermal: 0.0000
Epoch 9090 | Val Loss: 34.9825 | Val Cost:    0.00 | Val Max P-Miss: 0.2288 | Max Q-Miss: 0.0190 | Val Max Gen Viol: 0.0000 | Val Max Thermal: 0.0000
Epoch 9100 | Val Loss: 34.9761 | Val Cost:    0.00 | Val Max P-Miss: 0.2266 | Max Q-Miss: 0.0189 | Val Max Gen Viol: 0.0000 | Val Max Thermal: 0.0000
Epoch 9110 | Val Loss: 34.9829 | Val Cost:    0.00 | Val Max P-Miss: 0.2274 | Max Q-Miss: 0.0192 | Val Max Gen Viol: 0.0000 | Val Max Thermal: 0.0000
Epoch 9120 | Val Loss: 34.9837 | Val Cost:    0.00 | Val Max P-Miss: 0.2255 | Max Q-Miss: 0.0198 | Val Max Gen Viol: 0.0000 | Val Max Thermal: 0.0000
Epoch 9130 | Val Loss: 34.9865 | Val Cost:    0.00 | Val Max P-Miss: 0.2264 | Max Q-Miss: 0.0200 | Val Max Gen Viol: 0.0000 | Val Max Thermal: 0.0000
Epoch 9140 | Val Loss: 34.9737 | Val Cost:    0.00 | Val Max P-Miss: 0.2257 | Max Q-Miss: 0.0192 | Val Max Gen Viol: 0.0000 | Val Max Thermal: 0.0000
Epoch 9150 | Val Loss: 34.9688 | Val Cost:    0.00 | Val Max P-Miss: 0.2268 | Max Q-Miss: 0.0188 | Val Max Gen Viol: 0.0000 | Val Max Thermal: 0.0000
Epoch 9160 | Val Loss: 34.9928 | Val Cost:    0.00 | Val Max P-Miss: 0.2275 | Max Q-Miss: 0.0194 | Val Max Gen Viol: 0.0000 | Val Max Thermal: 0.0000
Epoch 9170 | Val Loss: 34.9634 | Val Cost:    0.00 | Val Max P-Miss: 0.2275 | Max Q-Miss: 0.0187 | Val Max Gen Viol: 0.0000 | Val Max Thermal: 0.0000
Epoch 9180 | Val Loss: 34.9981 | Val Cost:    0.00 | Val Max P-Miss: 0.2291 | Max Q-Miss: 0.0300 | Val Max Gen Viol: 0.0000 | Val Max Thermal: 0.0000
Epoch 9190 | Val Loss: 34.9753 | Val Cost:    0.00 | Val Max P-Miss: 0.2219 | Max Q-Miss: 0.0200 | Val Max Gen Viol: 0.0000 | Val Max Thermal: 0.0000
Epoch 9200 | Val Loss: 35.0114 | Val Cost:    0.00 | Val Max P-Miss: 0.2205 | Max Q-Miss: 0.0175 | Val Max Gen Viol: 0.0000 | Val Max Thermal: 0.0000
Epoch 9210 | Val Loss: 34.9840 | Val Cost:    0.00 | Val Max P-Miss: 0.2211 | Max Q-Miss: 0.0175 | Val Max Gen Viol: 0.0000 | Val Max Thermal: 0.0000
Epoch 9220 | Val Loss: 34.9770 | Val Cost:    0.00 | Val Max P-Miss: 0.2218 | Max Q-Miss: 0.0174 | Val Max Gen Viol: 0.0000 | Val Max Thermal: 0.0000
Epoch 9230 | Val Loss: 34.9671 | Val Cost:    0.00 | Val Max P-Miss: 0.2204 | Max Q-Miss: 0.0173 | Val Max Gen Viol: 0.0000 | Val Max Thermal: 0.0000
Epoch 9240 | Val Loss: 35.0964 | Val Cost:    0.00 | Val Max P-Miss: 0.2275 | Max Q-Miss: 0.0158 | Val Max Gen Viol: 0.0000 | Val Max Thermal: 0.0000
Epoch 9250 | Val Loss: 34.9722 | Val Cost:    0.00 | Val Max P-Miss: 0.2227 | Max Q-Miss: 0.0196 | Val Max Gen Viol: 0.0000 | Val Max Thermal: 0.0000
Epoch 9260 | Val Loss: 34.9731 | Val Cost:    0.00 | Val Max P-Miss: 0.2232 | Max Q-Miss: 0.0193 | Val Max Gen Viol: 0.0000 | Val Max Thermal: 0.0000
Epoch 9270 | Val Loss: 34.9668 | Val Cost:    0.00 | Val Max P-Miss: 0.2232 | Max Q-Miss: 0.0190 | Val Max Gen Viol: 0.0000 | Val Max Thermal: 0.0000
Epoch 9280 | Val Loss: 34.9662 | Val Cost:    0.00 | Val Max P-Miss: 0.2234 | Max Q-Miss: 0.0190 | Val Max Gen Viol: 0.0000 | Val Max Thermal: 0.0000
Epoch 9290 | Val Loss: 34.9638 | Val Cost:    0.00 | Val Max P-Miss: 0.2234 | Max Q-Miss: 0.0188 | Val Max Gen Viol: 0.0000 | Val Max Thermal: 0.0000
Epoch 9300 | Val Loss: 34.9736 | Val Cost:    0.00 | Val Max P-Miss: 0.2240 | Max Q-Miss: 0.0189 | Val Max Gen Viol: 0.0000 | Val Max Thermal: 0.0000
Epoch 9310 | Val Loss: 34.9701 | Val Cost:    0.00 | Val Max P-Miss: 0.2240 | Max Q-Miss: 0.0189 | Val Max Gen Viol: 0.0000 | Val Max Thermal: 0.0000
Epoch 9320 | Val Loss: 34.9809 | Val Cost:    0.00 | Val Max P-Miss: 0.2247 | Max Q-Miss: 0.0191 | Val Max Gen Viol: 0.0000 | Val Max Thermal: 0.0000
Epoch 9330 | Val Loss: 34.9825 | Val Cost:    0.00 | Val Max P-Miss: 0.2246 | Max Q-Miss: 0.0191 | Val Max Gen Viol: 0.0000 | Val Max Thermal: 0.0000
Epoch 9340 | Val Loss: 34.9787 | Val Cost:    0.00 | Val Max P-Miss: 0.2241 | Max Q-Miss: 0.0189 | Val Max Gen Viol: 0.0000 | Val Max Thermal: 0.0000
Epoch 9350 | Val Loss: 34.9778 | Val Cost:    0.00 | Val Max P-Miss: 0.2210 | Max Q-Miss: 0.0185 | Val Max Gen Viol: 0.0000 | Val Max Thermal: 0.0000
Epoch 9360 | Val Loss: 34.9954 | Val Cost:    0.00 | Val Max P-Miss: 0.2206 | Max Q-Miss: 0.0185 | Val Max Gen Viol: 0.0000 | Val Max Thermal: 0.0000
Epoch 9370 | Val Loss: 35.0251 | Val Cost:    0.00 | Val Max P-Miss: 0.2417 | Max Q-Miss: 0.0212 | Val Max Gen Viol: 0.0000 | Val Max Thermal: 0.0000
Epoch 9380 | Val Loss: 34.9586 | Val Cost:    0.00 | Val Max P-Miss: 0.2309 | Max Q-Miss: 0.0203 | Val Max Gen Viol: 0.0000 | Val Max Thermal: 0.0000
Epoch 9390 | Val Loss: 35.1384 | Val Cost:    0.00 | Val Max P-Miss: 0.2314 | Max Q-Miss: 0.0267 | Val Max Gen Viol: 0.0000 | Val Max Thermal: 0.0000
Epoch 9400 | Val Loss: 34.9911 | Val Cost:    0.00 | Val Max P-Miss: 0.2210 | Max Q-Miss: 0.0238 | Val Max Gen Viol: 0.0000 | Val Max Thermal: 0.0000
Epoch 9410 | Val Loss: 34.9789 | Val Cost:    0.00 | Val Max P-Miss: 0.2199 | Max Q-Miss: 0.0211 | Val Max Gen Viol: 0.0000 | Val Max Thermal: 0.0000
Epoch 9420 | Val Loss: 34.9800 | Val Cost:    0.00 | Val Max P-Miss: 0.2186 | Max Q-Miss: 0.0197 | Val Max Gen Viol: 0.0000 | Val Max Thermal: 0.0000
Epoch 9430 | Val Loss: 34.9614 | Val Cost:    0.00 | Val Max P-Miss: 0.2208 | Max Q-Miss: 0.0189 | Val Max Gen Viol: 0.0000 | Val Max Thermal: 0.0000
Epoch 9440 | Val Loss: 35.0203 | Val Cost:    0.00 | Val Max P-Miss: 0.2253 | Max Q-Miss: 0.0167 | Val Max Gen Viol: 0.0000 | Val Max Thermal: 0.0000
Epoch 9450 | Val Loss: 35.2742 | Val Cost:    0.00 | Val Max P-Miss: 0.2609 | Max Q-Miss: 0.0257 | Val Max Gen Viol: 0.0000 | Val Max Thermal: 0.0000
Epoch 9460 | Val Loss: 35.0822 | Val Cost:    0.00 | Val Max P-Miss: 0.2437 | Max Q-Miss: 0.0239 | Val Max Gen Viol: 0.0000 | Val Max Thermal: 0.0000
Epoch 9470 | Val Loss: 35.3074 | Val Cost:    0.00 | Val Max P-Miss: 0.2513 | Max Q-Miss: 0.0238 | Val Max Gen Viol: 0.0000 | Val Max Thermal: 0.0000
Epoch 9480 | Val Loss: 35.0311 | Val Cost:    0.00 | Val Max P-Miss: 0.2401 | Max Q-Miss: 0.0234 | Val Max Gen Viol: 0.0000 | Val Max Thermal: 0.0000
Epoch 9490 | Val Loss: 35.0327 | Val Cost:    0.00 | Val Max P-Miss: 0.2300 | Max Q-Miss: 0.0336 | Val Max Gen Viol: 0.0000 | Val Max Thermal: 0.0000
Epoch 9500 | Val Loss: 34.9924 | Val Cost:    0.00 | Val Max P-Miss: 0.2310 | Max Q-Miss: 0.0234 | Val Max Gen Viol: 0.0000 | Val Max Thermal: 0.0000
Epoch 9510 | Val Loss: 34.9697 | Val Cost:    0.00 | Val Max P-Miss: 0.2279 | Max Q-Miss: 0.0201 | Val Max Gen Viol: 0.0000 | Val Max Thermal: 0.0000
Epoch 9520 | Val Loss: 34.9575 | Val Cost:    0.00 | Val Max P-Miss: 0.2252 | Max Q-Miss: 0.0190 | Val Max Gen Viol: 0.0000 | Val Max Thermal: 0.0000
Epoch 9530 | Val Loss: 34.9508 | Val Cost:    0.00 | Val Max P-Miss: 0.2234 | Max Q-Miss: 0.0190 | Val Max Gen Viol: 0.0000 | Val Max Thermal: 0.0000
Epoch 9540 | Val Loss: 34.9437 | Val Cost:    0.00 | Val Max P-Miss: 0.2219 | Max Q-Miss: 0.0189 | Val Max Gen Viol: 0.0000 | Val Max Thermal: 0.0000 [*SAVED BEST*]
Epoch 9550 | Val Loss: 34.9404 | Val Cost:    0.00 | Val Max P-Miss: 0.2213 | Max Q-Miss: 0.0189 | Val Max Gen Viol: 0.0000 | Val Max Thermal: 0.0000 [*SAVED BEST*]
Epoch 9560 | Val Loss: 34.9398 | Val Cost:    0.00 | Val Max P-Miss: 0.2202 | Max Q-Miss: 0.0188 | Val Max Gen Viol: 0.0000 | Val Max Thermal: 0.0000 [*SAVED BEST*]
Epoch 9570 | Val Loss: 34.9582 | Val Cost:    0.00 | Val Max P-Miss: 0.2217 | Max Q-Miss: 0.0191 | Val Max Gen Viol: 0.0000 | Val Max Thermal: 0.0000
Epoch 9580 | Val Loss: 34.9633 | Val Cost:    0.00 | Val Max P-Miss: 0.2219 | Max Q-Miss: 0.0188 | Val Max Gen Viol: 0.0000 | Val Max Thermal: 0.0000
Epoch 9590 | Val Loss: 34.9698 | Val Cost:    0.00 | Val Max P-Miss: 0.2225 | Max Q-Miss: 0.0185 | Val Max Gen Viol: 0.0000 | Val Max Thermal: 0.0000
Epoch 9600 | Val Loss: 34.9744 | Val Cost:    0.00 | Val Max P-Miss: 0.2226 | Max Q-Miss: 0.0186 | Val Max Gen Viol: 0.0000 | Val Max Thermal: 0.0000
Epoch 9610 | Val Loss: 34.9695 | Val Cost:    0.00 | Val Max P-Miss: 0.2245 | Max Q-Miss: 0.0185 | Val Max Gen Viol: 0.0000 | Val Max Thermal: 0.0000
Epoch 9620 | Val Loss: 34.9528 | Val Cost:    0.00 | Val Max P-Miss: 0.2232 | Max Q-Miss: 0.0185 | Val Max Gen Viol: 0.0000 | Val Max Thermal: 0.0000
Epoch 9630 | Val Loss: 34.9504 | Val Cost:    0.00 | Val Max P-Miss: 0.2241 | Max Q-Miss: 0.0184 | Val Max Gen Viol: 0.0000 | Val Max Thermal: 0.0000
Epoch 9640 | Val Loss: 34.9365 | Val Cost:    0.00 | Val Max P-Miss: 0.2214 | Max Q-Miss: 0.0186 | Val Max Gen Viol: 0.0000 | Val Max Thermal: 0.0000 [*SAVED BEST*]
Epoch 9650 | Val Loss: 34.9581 | Val Cost:    0.00 | Val Max P-Miss: 0.2225 | Max Q-Miss: 0.0190 | Val Max Gen Viol: 0.0000 | Val Max Thermal: 0.0000
Epoch 9660 | Val Loss: 34.9541 | Val Cost:    0.00 | Val Max P-Miss: 0.2270 | Max Q-Miss: 0.0203 | Val Max Gen Viol: 0.0000 | Val Max Thermal: 0.0000
Epoch 9670 | Val Loss: 34.9987 | Val Cost:    0.00 | Val Max P-Miss: 0.2232 | Max Q-Miss: 0.0232 | Val Max Gen Viol: 0.0000 | Val Max Thermal: 0.0000
Epoch 9680 | Val Loss: 35.0758 | Val Cost:    0.00 | Val Max P-Miss: 0.2256 | Max Q-Miss: 0.0176 | Val Max Gen Viol: 0.0000 | Val Max Thermal: 0.0000
Epoch 9690 | Val Loss: 35.0280 | Val Cost:    0.00 | Val Max P-Miss: 0.2217 | Max Q-Miss: 0.0175 | Val Max Gen Viol: 0.0000 | Val Max Thermal: 0.0000
Epoch 9700 | Val Loss: 35.0014 | Val Cost:    0.00 | Val Max P-Miss: 0.2192 | Max Q-Miss: 0.0172 | Val Max Gen Viol: 0.0000 | Val Max Thermal: 0.0000
Epoch 9710 | Val Loss: 34.9874 | Val Cost:    0.00 | Val Max P-Miss: 0.2205 | Max Q-Miss: 0.0173 | Val Max Gen Viol: 0.0000 | Val Max Thermal: 0.0000
Epoch 9720 | Val Loss: 34.9749 | Val Cost:    0.00 | Val Max P-Miss: 0.2209 | Max Q-Miss: 0.0171 | Val Max Gen Viol: 0.0000 | Val Max Thermal: 0.0000
Epoch 9730 | Val Loss: 34.9642 | Val Cost:    0.00 | Val Max P-Miss: 0.2225 | Max Q-Miss: 0.0223 | Val Max Gen Viol: 0.0000 | Val Max Thermal: 0.0000
Epoch 9740 | Val Loss: 35.0193 | Val Cost:    0.00 | Val Max P-Miss: 0.2290 | Max Q-Miss: 0.0165 | Val Max Gen Viol: 0.0000 | Val Max Thermal: 0.0000
Epoch 9750 | Val Loss: 34.9762 | Val Cost:    0.00 | Val Max P-Miss: 0.2317 | Max Q-Miss: 0.0201 | Val Max Gen Viol: 0.0000 | Val Max Thermal: 0.0000
Epoch 9760 | Val Loss: 34.9746 | Val Cost:    0.00 | Val Max P-Miss: 0.2301 | Max Q-Miss: 0.0196 | Val Max Gen Viol: 0.0000 | Val Max Thermal: 0.0000
Epoch 9770 | Val Loss: 34.9642 | Val Cost:    0.00 | Val Max P-Miss: 0.2286 | Max Q-Miss: 0.0192 | Val Max Gen Viol: 0.0000 | Val Max Thermal: 0.0000
Epoch 9780 | Val Loss: 34.9572 | Val Cost:    0.00 | Val Max P-Miss: 0.2259 | Max Q-Miss: 0.0192 | Val Max Gen Viol: 0.0000 | Val Max Thermal: 0.0000
Epoch 9790 | Val Loss: 34.9564 | Val Cost:    0.00 | Val Max P-Miss: 0.2254 | Max Q-Miss: 0.0191 | Val Max Gen Viol: 0.0000 | Val Max Thermal: 0.0000
Epoch 9800 | Val Loss: 34.9596 | Val Cost:    0.00 | Val Max P-Miss: 0.2257 | Max Q-Miss: 0.0191 | Val Max Gen Viol: 0.0000 | Val Max Thermal: 0.0000
Epoch 9810 | Val Loss: 34.9687 | Val Cost:    0.00 | Val Max P-Miss: 0.2250 | Max Q-Miss: 0.0192 | Val Max Gen Viol: 0.0000 | Val Max Thermal: 0.0000
Epoch 9820 | Val Loss: 34.9689 | Val Cost:    0.00 | Val Max P-Miss: 0.2253 | Max Q-Miss: 0.0193 | Val Max Gen Viol: 0.0000 | Val Max Thermal: 0.0000
Epoch 9830 | Val Loss: 34.9585 | Val Cost:    0.00 | Val Max P-Miss: 0.2283 | Max Q-Miss: 0.0193 | Val Max Gen Viol: 0.0000 | Val Max Thermal: 0.0000
Epoch 9840 | Val Loss: 34.9466 | Val Cost:    0.00 | Val Max P-Miss: 0.2248 | Max Q-Miss: 0.0196 | Val Max Gen Viol: 0.0000 | Val Max Thermal: 0.0000
Epoch 9850 | Val Loss: 34.9694 | Val Cost:    0.00 | Val Max P-Miss: 0.2254 | Max Q-Miss: 0.0201 | Val Max Gen Viol: 0.0000 | Val Max Thermal: 0.0000
Epoch 9860 | Val Loss: 34.9732 | Val Cost:    0.00 | Val Max P-Miss: 0.2273 | Max Q-Miss: 0.0200 | Val Max Gen Viol: 0.0000 | Val Max Thermal: 0.0000
Epoch 9870 | Val Loss: 34.9588 | Val Cost:    0.00 | Val Max P-Miss: 0.2282 | Max Q-Miss: 0.0183 | Val Max Gen Viol: 0.0000 | Val Max Thermal: 0.0000
Epoch 9880 | Val Loss: 34.9664 | Val Cost:    0.00 | Val Max P-Miss: 0.2248 | Max Q-Miss: 0.0184 | Val Max Gen Viol: 0.0000 | Val Max Thermal: 0.0000
Epoch 9890 | Val Loss: 34.9882 | Val Cost:    0.00 | Val Max P-Miss: 0.2251 | Max Q-Miss: 0.0184 | Val Max Gen Viol: 0.0000 | Val Max Thermal: 0.0000
Epoch 9900 | Val Loss: 35.0070 | Val Cost:    0.00 | Val Max P-Miss: 0.2247 | Max Q-Miss: 0.0177 | Val Max Gen Viol: 0.0000 | Val Max Thermal: 0.0000
Epoch 9910 | Val Loss: 35.0086 | Val Cost:    0.00 | Val Max P-Miss: 0.2199 | Max Q-Miss: 0.0178 | Val Max Gen Viol: 0.0000 | Val Max Thermal: 0.0000
Epoch 9920 | Val Loss: 35.0421 | Val Cost:    0.00 | Val Max P-Miss: 0.2255 | Max Q-Miss: 0.0180 | Val Max Gen Viol: 0.0000 | Val Max Thermal: 0.0000
Epoch 9930 | Val Loss: 35.0238 | Val Cost:    0.00 | Val Max P-Miss: 0.2232 | Max Q-Miss: 0.0175 | Val Max Gen Viol: 0.0000 | Val Max Thermal: 0.0000
Epoch 9940 | Val Loss: 34.9955 | Val Cost:    0.00 | Val Max P-Miss: 0.2192 | Max Q-Miss: 0.0171 | Val Max Gen Viol: 0.0000 | Val Max Thermal: 0.0000
Epoch 9950 | Val Loss: 34.9687 | Val Cost:    0.00 | Val Max P-Miss: 0.2178 | Max Q-Miss: 0.0158 | Val Max Gen Viol: 0.0000 | Val Max Thermal: 0.0000
Epoch 9960 | Val Loss: 35.0768 | Val Cost:    0.00 | Val Max P-Miss: 0.2367 | Max Q-Miss: 0.0191 | Val Max Gen Viol: 0.0000 | Val Max Thermal: 0.0000
Epoch 9970 | Val Loss: 34.9857 | Val Cost:    0.00 | Val Max P-Miss: 0.2319 | Max Q-Miss: 0.0211 | Val Max Gen Viol: 0.0000 | Val Max Thermal: 0.0000
Epoch 9980 | Val Loss: 34.9810 | Val Cost:    0.00 | Val Max P-Miss: 0.2312 | Max Q-Miss: 0.0203 | Val Max Gen Viol: 0.0000 | Val Max Thermal: 0.0000
Epoch 9990 | Val Loss: 34.9665 | Val Cost:    0.00 | Val Max P-Miss: 0.2277 | Max Q-Miss: 0.0201 | Val Max Gen Viol: 0.0000 | Val Max Thermal: 0.0000

==================================================
Training Complete!
Total Training Time: 00h 09m 43.11s
Best model weights saved to: ./model/best_pinn_model_pglib_opf_case14_ieee_10000epochs_20260715_192846.pth
==================================================

