Job: acopf_ISS
Executing: ACOPF_pinn_rahul_multi.py --case_name pglib_opf_case14_ieee --epochs 10000
Node: issnode1
GPU Allocated: 0
Executing strictly on GPU: NVIDIA GeForce RTX 4090
Problem Geometry Linked -> Matrix Samples: 10000

Beginning execution of parallelized training matrix loops for Rahul KKT PINN...
Epoch    0 | Val Loss: 1201951.8750 | Val Cost:  929.52 | Val Max P-Miss: 0.5556 | Val Max Q-Miss: 0.1946 | Val Max Gen Viol: 1.2851 | Val Max Thermal: 0.0000 [*SAVED BEST*]
Epoch   10 | Val Loss: 51845.2578 | Val Cost:  309.17 | Val Max P-Miss: 1.0537 | Val Max Q-Miss: 0.4470 | Val Max Gen Viol: 0.0565 | Val Max Thermal: 0.0000 [*SAVED BEST*]
Epoch   20 | Val Loss: 1879.8966 | Val Cost:    1.73 | Val Max P-Miss: 1.0917 | Val Max Q-Miss: 0.4488 | Val Max Gen Viol: 0.0185 | Val Max Thermal: 0.0000 [*SAVED BEST*]
Epoch   30 | Val Loss: 519.4546 | Val Cost:    0.57 | Val Max P-Miss: 1.0900 | Val Max Q-Miss: 0.4496 | Val Max Gen Viol: 0.0204 | Val Max Thermal: 0.0000 [*SAVED BEST*]
Epoch   40 | Val Loss: 327.1367 | Val Cost:   -0.05 | Val Max P-Miss: 1.0853 | Val Max Q-Miss: 0.4494 | Val Max Gen Viol: 0.0253 | Val Max Thermal: 0.0000 [*SAVED BEST*]
Epoch   50 | Val Loss: 305.2139 | Val Cost:    0.10 | Val Max P-Miss: 1.0709 | Val Max Q-Miss: 0.4491 | Val Max Gen Viol: 0.0408 | Val Max Thermal: 0.0000 [*SAVED BEST*]
Epoch   60 | Val Loss: 291.5206 | Val Cost:   -0.07 | Val Max P-Miss: 0.9693 | Val Max Q-Miss: 0.4492 | Val Max Gen Viol: 0.1440 | Val Max Thermal: 0.0000 [*SAVED BEST*]
Epoch   70 | Val Loss: 1023.4432 | Val Cost:    1.56 | Val Max P-Miss: 1.1021 | Val Max Q-Miss: 0.4377 | Val Max Gen Viol: 0.0081 | Val Max Thermal: 0.0000
Epoch   80 | Val Loss: 431.2612 | Val Cost:   -0.07 | Val Max P-Miss: 1.1077 | Val Max Q-Miss: 0.4488 | Val Max Gen Viol: 0.0026 | Val Max Thermal: 0.0000
Epoch   90 | Val Loss: 342.1602 | Val Cost:    0.02 | Val Max P-Miss: 1.1075 | Val Max Q-Miss: 0.4488 | Val Max Gen Viol: 0.0027 | Val Max Thermal: 0.0000
Epoch  100 | Val Loss: 314.1868 | Val Cost:   -0.00 | Val Max P-Miss: 1.1075 | Val Max Q-Miss: 0.4488 | Val Max Gen Viol: 0.0027 | Val Max Thermal: 0.0000
Epoch  110 | Val Loss: 293.5904 | Val Cost:    0.03 | Val Max P-Miss: 1.1075 | Val Max Q-Miss: 0.4488 | Val Max Gen Viol: 0.0028 | Val Max Thermal: 0.0000
Epoch  120 | Val Loss: 275.1453 | Val Cost:    0.01 | Val Max P-Miss: 1.1076 | Val Max Q-Miss: 0.4488 | Val Max Gen Viol: 0.0028 | Val Max Thermal: 0.0000 [*SAVED BEST*]
Epoch  130 | Val Loss: 258.0459 | Val Cost:    0.02 | Val Max P-Miss: 1.1076 | Val Max Q-Miss: 0.4488 | Val Max Gen Viol: 0.0028 | Val Max Thermal: 0.0000 [*SAVED BEST*]
Epoch  140 | Val Loss: 242.3510 | Val Cost:    0.01 | Val Max P-Miss: 1.1076 | Val Max Q-Miss: 0.4487 | Val Max Gen Viol: 0.0029 | Val Max Thermal: 0.0000 [*SAVED BEST*]
Epoch  150 | Val Loss: 1041.7957 | Val Cost:  -33.33 | Val Max P-Miss: 1.1091 | Val Max Q-Miss: 0.4459 | Val Max Gen Viol: 0.0139 | Val Max Thermal: 0.0000
Epoch  160 | Val Loss: 1156.2563 | Val Cost:    0.03 | Val Max P-Miss: 1.1082 | Val Max Q-Miss: 0.4487 | Val Max Gen Viol: 0.0026 | Val Max Thermal: 0.0000
Epoch  170 | Val Loss: 224.3824 | Val Cost:    0.03 | Val Max P-Miss: 1.1082 | Val Max Q-Miss: 0.4483 | Val Max Gen Viol: 0.0026 | Val Max Thermal: 0.0000 [*SAVED BEST*]
Epoch  180 | Val Loss: 216.2585 | Val Cost:    0.01 | Val Max P-Miss: 1.1082 | Val Max Q-Miss: 0.4484 | Val Max Gen Viol: 0.0027 | Val Max Thermal: 0.0000 [*SAVED BEST*]
Epoch  190 | Val Loss: 197.5068 | Val Cost:    0.00 | Val Max P-Miss: 1.1081 | Val Max Q-Miss: 0.4484 | Val Max Gen Viol: 0.0027 | Val Max Thermal: 0.0000 [*SAVED BEST*]
Epoch  200 | Val Loss: 185.4280 | Val Cost:   -0.00 | Val Max P-Miss: 1.1081 | Val Max Q-Miss: 0.4484 | Val Max Gen Viol: 0.0027 | Val Max Thermal: 0.0000 [*SAVED BEST*]
Epoch  210 | Val Loss: 173.4591 | Val Cost:    0.00 | Val Max P-Miss: 1.1080 | Val Max Q-Miss: 0.4484 | Val Max Gen Viol: 0.0027 | Val Max Thermal: 0.0000 [*SAVED BEST*]
Epoch  220 | Val Loss: 163.2095 | Val Cost:    0.01 | Val Max P-Miss: 1.1080 | Val Max Q-Miss: 0.4484 | Val Max Gen Viol: 0.0028 | Val Max Thermal: 0.0000 [*SAVED BEST*]
Epoch  230 | Val Loss: 154.7558 | Val Cost:    0.02 | Val Max P-Miss: 1.1079 | Val Max Q-Miss: 0.4484 | Val Max Gen Viol: 0.0028 | Val Max Thermal: 0.0000 [*SAVED BEST*]
Epoch  240 | Val Loss: 145.1121 | Val Cost:    0.00 | Val Max P-Miss: 1.1079 | Val Max Q-Miss: 0.4484 | Val Max Gen Viol: 0.0028 | Val Max Thermal: 0.0000 [*SAVED BEST*]
Epoch  250 | Val Loss: 137.1453 | Val Cost:    0.00 | Val Max P-Miss: 1.1078 | Val Max Q-Miss: 0.4484 | Val Max Gen Viol: 0.0029 | Val Max Thermal: 0.0000 [*SAVED BEST*]
Epoch  260 | Val Loss: 129.9336 | Val Cost:    0.01 | Val Max P-Miss: 1.1078 | Val Max Q-Miss: 0.4484 | Val Max Gen Viol: 0.0029 | Val Max Thermal: 0.0000 [*SAVED BEST*]
Epoch  270 | Val Loss: 124.8168 | Val Cost:    0.01 | Val Max P-Miss: 1.1077 | Val Max Q-Miss: 0.4484 | Val Max Gen Viol: 0.0029 | Val Max Thermal: 0.0000 [*SAVED BEST*]
Epoch  280 | Val Loss: 188.7574 | Val Cost:    0.00 | Val Max P-Miss: 1.1076 | Val Max Q-Miss: 0.4484 | Val Max Gen Viol: 0.0030 | Val Max Thermal: 0.0000
Epoch  290 | Val Loss: 167.9617 | Val Cost:    0.00 | Val Max P-Miss: 1.1076 | Val Max Q-Miss: 0.4484 | Val Max Gen Viol: 0.0030 | Val Max Thermal: 0.0000
Epoch  300 | Val Loss: 147.0547 | Val Cost:    0.00 | Val Max P-Miss: 1.1075 | Val Max Q-Miss: 0.4484 | Val Max Gen Viol: 0.0031 | Val Max Thermal: 0.0000
Epoch  310 | Val Loss: 132.8294 | Val Cost:   -0.00 | Val Max P-Miss: 1.1074 | Val Max Q-Miss: 0.4485 | Val Max Gen Viol: 0.0032 | Val Max Thermal: 0.0000
Epoch  320 | Val Loss: 120.3358 | Val Cost:   -0.00 | Val Max P-Miss: 1.1073 | Val Max Q-Miss: 0.4485 | Val Max Gen Viol: 0.0033 | Val Max Thermal: 0.0000 [*SAVED BEST*]
Epoch  330 | Val Loss: 120.1422 | Val Cost:    0.00 | Val Max P-Miss: 1.1072 | Val Max Q-Miss: 0.4485 | Val Max Gen Viol: 0.0034 | Val Max Thermal: 0.0000 [*SAVED BEST*]
Epoch  340 | Val Loss: 106.7940 | Val Cost:    0.00 | Val Max P-Miss: 1.1071 | Val Max Q-Miss: 0.4485 | Val Max Gen Viol: 0.0035 | Val Max Thermal: 0.0000 [*SAVED BEST*]
Epoch  350 | Val Loss: 627.7809 | Val Cost:    1.03 | Val Max P-Miss: 1.1069 | Val Max Q-Miss: 0.4473 | Val Max Gen Viol: 0.0036 | Val Max Thermal: 0.0000
Epoch  360 | Val Loss: 650.5731 | Val Cost:    0.14 | Val Max P-Miss: 1.1066 | Val Max Q-Miss: 0.4489 | Val Max Gen Viol: 0.0039 | Val Max Thermal: 0.0000
Epoch  370 | Val Loss: 86.5556 | Val Cost:    0.04 | Val Max P-Miss: 1.1067 | Val Max Q-Miss: 0.4485 | Val Max Gen Viol: 0.0038 | Val Max Thermal: 0.0000 [*SAVED BEST*]
Epoch  380 | Val Loss: 83.4500 | Val Cost:    0.00 | Val Max P-Miss: 1.1066 | Val Max Q-Miss: 0.4485 | Val Max Gen Viol: 0.0039 | Val Max Thermal: 0.0000 [*SAVED BEST*]
Epoch  390 | Val Loss: 79.7819 | Val Cost:    0.00 | Val Max P-Miss: 1.1065 | Val Max Q-Miss: 0.4485 | Val Max Gen Viol: 0.0040 | Val Max Thermal: 0.0000 [*SAVED BEST*]
Epoch  400 | Val Loss: 76.6092 | Val Cost:    0.00 | Val Max P-Miss: 1.1064 | Val Max Q-Miss: 0.4485 | Val Max Gen Viol: 0.0041 | Val Max Thermal: 0.0000 [*SAVED BEST*]
Epoch  410 | Val Loss: 74.4951 | Val Cost:    0.00 | Val Max P-Miss: 1.1063 | Val Max Q-Miss: 0.4485 | Val Max Gen Viol: 0.0042 | Val Max Thermal: 0.0000 [*SAVED BEST*]
Epoch  420 | Val Loss: 72.8508 | Val Cost:    0.00 | Val Max P-Miss: 1.1062 | Val Max Q-Miss: 0.4485 | Val Max Gen Viol: 0.0043 | Val Max Thermal: 0.0000 [*SAVED BEST*]
Epoch  430 | Val Loss: 68.5170 | Val Cost:    0.00 | Val Max P-Miss: 1.1061 | Val Max Q-Miss: 0.4485 | Val Max Gen Viol: 0.0044 | Val Max Thermal: 0.0000 [*SAVED BEST*]
Epoch  440 | Val Loss: 66.7187 | Val Cost:    0.00 | Val Max P-Miss: 1.1059 | Val Max Q-Miss: 0.4485 | Val Max Gen Viol: 0.0045 | Val Max Thermal: 0.0000 [*SAVED BEST*]
Epoch  450 | Val Loss: 64.3519 | Val Cost:    0.00 | Val Max P-Miss: 1.1058 | Val Max Q-Miss: 0.4485 | Val Max Gen Viol: 0.0046 | Val Max Thermal: 0.0000 [*SAVED BEST*]
Epoch  460 | Val Loss: 62.2050 | Val Cost:    0.00 | Val Max P-Miss: 1.1056 | Val Max Q-Miss: 0.4485 | Val Max Gen Viol: 0.0048 | Val Max Thermal: 0.0000 [*SAVED BEST*]
Epoch  470 | Val Loss: 562.0613 | Val Cost:    0.25 | Val Max P-Miss: 1.1055 | Val Max Q-Miss: 0.4480 | Val Max Gen Viol: 0.0049 | Val Max Thermal: 0.0000
Epoch  480 | Val Loss: 164.7214 | Val Cost:   -0.86 | Val Max P-Miss: 1.1048 | Val Max Q-Miss: 0.4500 | Val Max Gen Viol: 0.0057 | Val Max Thermal: 0.0000
Epoch  490 | Val Loss: 85.7623 | Val Cost:   -0.04 | Val Max P-Miss: 1.1049 | Val Max Q-Miss: 0.4485 | Val Max Gen Viol: 0.0056 | Val Max Thermal: 0.0000
Epoch  500 | Val Loss: 76.3191 | Val Cost:    0.00 | Val Max P-Miss: 1.1047 | Val Max Q-Miss: 0.4485 | Val Max Gen Viol: 0.0059 | Val Max Thermal: 0.0000
Epoch  510 | Val Loss: 78.1784 | Val Cost:    0.00 | Val Max P-Miss: 1.1043 | Val Max Q-Miss: 0.4485 | Val Max Gen Viol: 0.0062 | Val Max Thermal: 0.0000
Epoch  520 | Val Loss: 70.5877 | Val Cost:    0.00 | Val Max P-Miss: 1.1040 | Val Max Q-Miss: 0.4485 | Val Max Gen Viol: 0.0065 | Val Max Thermal: 0.0000
Epoch  530 | Val Loss: 64.3510 | Val Cost:    0.00 | Val Max P-Miss: 1.1036 | Val Max Q-Miss: 0.4485 | Val Max Gen Viol: 0.0069 | Val Max Thermal: 0.0000
Epoch  540 | Val Loss: 60.2003 | Val Cost:    0.00 | Val Max P-Miss: 1.1030 | Val Max Q-Miss: 0.4485 | Val Max Gen Viol: 0.0075 | Val Max Thermal: 0.0000 [*SAVED BEST*]
Epoch  550 | Val Loss: 55.8851 | Val Cost:    0.00 | Val Max P-Miss: 1.1023 | Val Max Q-Miss: 0.4485 | Val Max Gen Viol: 0.0082 | Val Max Thermal: 0.0000 [*SAVED BEST*]
Epoch  560 | Val Loss: 51.9777 | Val Cost:    0.00 | Val Max P-Miss: 1.1013 | Val Max Q-Miss: 0.4485 | Val Max Gen Viol: 0.0092 | Val Max Thermal: 0.0000 [*SAVED BEST*]
Epoch  570 | Val Loss: 301.9245 | Val Cost:    0.01 | Val Max P-Miss: 1.0999 | Val Max Q-Miss: 0.4486 | Val Max Gen Viol: 0.0104 | Val Max Thermal: 0.0000
Epoch  580 | Val Loss: 231.7370 | Val Cost:   -1.19 | Val Max P-Miss: 1.1078 | Val Max Q-Miss: 0.4472 | Val Max Gen Viol: 0.0027 | Val Max Thermal: 0.0000
Epoch  590 | Val Loss: 81.7367 | Val Cost:    0.02 | Val Max P-Miss: 1.1072 | Val Max Q-Miss: 0.4490 | Val Max Gen Viol: 0.0033 | Val Max Thermal: 0.0000
Epoch  600 | Val Loss: 80.4275 | Val Cost:   -0.00 | Val Max P-Miss: 1.1073 | Val Max Q-Miss: 0.4485 | Val Max Gen Viol: 0.0032 | Val Max Thermal: 0.0000
Epoch  610 | Val Loss: 73.0582 | Val Cost:    0.00 | Val Max P-Miss: 1.1072 | Val Max Q-Miss: 0.4485 | Val Max Gen Viol: 0.0032 | Val Max Thermal: 0.0000
Epoch  620 | Val Loss: 62.9607 | Val Cost:    0.00 | Val Max P-Miss: 1.1072 | Val Max Q-Miss: 0.4485 | Val Max Gen Viol: 0.0033 | Val Max Thermal: 0.0000
Epoch  630 | Val Loss: 57.1949 | Val Cost:    0.00 | Val Max P-Miss: 1.1071 | Val Max Q-Miss: 0.4485 | Val Max Gen Viol: 0.0033 | Val Max Thermal: 0.0000
Epoch  640 | Val Loss: 55.0815 | Val Cost:    0.00 | Val Max P-Miss: 1.1071 | Val Max Q-Miss: 0.4485 | Val Max Gen Viol: 0.0034 | Val Max Thermal: 0.0000
Epoch  650 | Val Loss: 50.5237 | Val Cost:    0.00 | Val Max P-Miss: 1.1070 | Val Max Q-Miss: 0.4485 | Val Max Gen Viol: 0.0034 | Val Max Thermal: 0.0000 [*SAVED BEST*]
Epoch  660 | Val Loss: 48.0198 | Val Cost:    0.00 | Val Max P-Miss: 1.1069 | Val Max Q-Miss: 0.4485 | Val Max Gen Viol: 0.0035 | Val Max Thermal: 0.0000 [*SAVED BEST*]
Epoch  670 | Val Loss: 45.1972 | Val Cost:    0.00 | Val Max P-Miss: 1.1069 | Val Max Q-Miss: 0.4485 | Val Max Gen Viol: 0.0035 | Val Max Thermal: 0.0000 [*SAVED BEST*]
Epoch  680 | Val Loss: 41.8832 | Val Cost:    0.00 | Val Max P-Miss: 1.1069 | Val Max Q-Miss: 0.4485 | Val Max Gen Viol: 0.0035 | Val Max Thermal: 0.0000 [*SAVED BEST*]
Epoch  690 | Val Loss: 41.2033 | Val Cost:   -0.00 | Val Max P-Miss: 1.1068 | Val Max Q-Miss: 0.4485 | Val Max Gen Viol: 0.0036 | Val Max Thermal: 0.0000 [*SAVED BEST*]
Epoch  700 | Val Loss: 652.3876 | Val Cost:    0.03 | Val Max P-Miss: 1.1069 | Val Max Q-Miss: 0.4484 | Val Max Gen Viol: 0.0035 | Val Max Thermal: 0.0000
Epoch  710 | Val Loss: 938.3443 | Val Cost:   -1.88 | Val Max P-Miss: 1.1059 | Val Max Q-Miss: 0.4496 | Val Max Gen Viol: 0.0044 | Val Max Thermal: 0.0000
Epoch  720 | Val Loss: 133.5227 | Val Cost:    1.39 | Val Max P-Miss: 1.1066 | Val Max Q-Miss: 0.4488 | Val Max Gen Viol: 0.0038 | Val Max Thermal: 0.0000
Epoch  730 | Val Loss: 64.4170 | Val Cost:    0.01 | Val Max P-Miss: 1.1066 | Val Max Q-Miss: 0.4485 | Val Max Gen Viol: 0.0038 | Val Max Thermal: 0.0000
Epoch  740 | Val Loss: 56.6427 | Val Cost:    0.00 | Val Max P-Miss: 1.1065 | Val Max Q-Miss: 0.4485 | Val Max Gen Viol: 0.0039 | Val Max Thermal: 0.0000
Epoch  750 | Val Loss: 51.0784 | Val Cost:    0.00 | Val Max P-Miss: 1.1064 | Val Max Q-Miss: 0.4485 | Val Max Gen Viol: 0.0039 | Val Max Thermal: 0.0000
Epoch  760 | Val Loss: 47.0915 | Val Cost:    0.00 | Val Max P-Miss: 1.1064 | Val Max Q-Miss: 0.4485 | Val Max Gen Viol: 0.0040 | Val Max Thermal: 0.0000
Epoch  770 | Val Loss: 44.2486 | Val Cost:    0.00 | Val Max P-Miss: 1.1064 | Val Max Q-Miss: 0.4485 | Val Max Gen Viol: 0.0040 | Val Max Thermal: 0.0000
Epoch  780 | Val Loss: 41.6249 | Val Cost:    0.00 | Val Max P-Miss: 1.1062 | Val Max Q-Miss: 0.4485 | Val Max Gen Viol: 0.0041 | Val Max Thermal: 0.0000
Epoch  790 | Val Loss: 39.5050 | Val Cost:    0.00 | Val Max P-Miss: 1.1062 | Val Max Q-Miss: 0.4485 | Val Max Gen Viol: 0.0042 | Val Max Thermal: 0.0000 [*SAVED BEST*]
Epoch  800 | Val Loss: 37.6509 | Val Cost:    0.00 | Val Max P-Miss: 1.1061 | Val Max Q-Miss: 0.4485 | Val Max Gen Viol: 0.0043 | Val Max Thermal: 0.0000 [*SAVED BEST*]
Epoch  810 | Val Loss: 36.6525 | Val Cost:    0.00 | Val Max P-Miss: 1.1061 | Val Max Q-Miss: 0.4485 | Val Max Gen Viol: 0.0043 | Val Max Thermal: 0.0000 [*SAVED BEST*]
Epoch  820 | Val Loss: 35.0736 | Val Cost:    0.00 | Val Max P-Miss: 1.1059 | Val Max Q-Miss: 0.4485 | Val Max Gen Viol: 0.0045 | Val Max Thermal: 0.0000 [*SAVED BEST*]
Epoch  830 | Val Loss: 34.3639 | Val Cost:    0.00 | Val Max P-Miss: 1.1058 | Val Max Q-Miss: 0.4485 | Val Max Gen Viol: 0.0046 | Val Max Thermal: 0.0000 [*SAVED BEST*]
Epoch  840 | Val Loss: 35.3034 | Val Cost:    0.00 | Val Max P-Miss: 1.1057 | Val Max Q-Miss: 0.4485 | Val Max Gen Viol: 0.0046 | Val Max Thermal: 0.0000
Epoch  850 | Val Loss: 33.7804 | Val Cost:    0.00 | Val Max P-Miss: 1.1056 | Val Max Q-Miss: 0.4485 | Val Max Gen Viol: 0.0048 | Val Max Thermal: 0.0000 [*SAVED BEST*]
Epoch  860 | Val Loss: 36.3262 | Val Cost:    0.00 | Val Max P-Miss: 1.1054 | Val Max Q-Miss: 0.4485 | Val Max Gen Viol: 0.0049 | Val Max Thermal: 0.0000
Epoch  870 | Val Loss: 263.1347 | Val Cost:    1.65 | Val Max P-Miss: 1.1046 | Val Max Q-Miss: 0.4494 | Val Max Gen Viol: 0.0058 | Val Max Thermal: 0.0000
Epoch  880 | Val Loss: 64.6117 | Val Cost:   -0.19 | Val Max P-Miss: 1.1049 | Val Max Q-Miss: 0.4485 | Val Max Gen Viol: 0.0054 | Val Max Thermal: 0.0000
Epoch  890 | Val Loss: 54.4287 | Val Cost:   -0.02 | Val Max P-Miss: 1.1048 | Val Max Q-Miss: 0.4485 | Val Max Gen Viol: 0.0056 | Val Max Thermal: 0.0000
Epoch  900 | Val Loss: 47.3915 | Val Cost:    0.00 | Val Max P-Miss: 1.1046 | Val Max Q-Miss: 0.4485 | Val Max Gen Viol: 0.0058 | Val Max Thermal: 0.0000
Epoch  910 | Val Loss: 37.2655 | Val Cost:    0.00 | Val Max P-Miss: 1.1043 | Val Max Q-Miss: 0.4485 | Val Max Gen Viol: 0.0060 | Val Max Thermal: 0.0000
Epoch  920 | Val Loss: 34.0879 | Val Cost:    0.00 | Val Max P-Miss: 1.1041 | Val Max Q-Miss: 0.4485 | Val Max Gen Viol: 0.0063 | Val Max Thermal: 0.0000
Epoch  930 | Val Loss: 31.4059 | Val Cost:    0.00 | Val Max P-Miss: 1.1037 | Val Max Q-Miss: 0.4485 | Val Max Gen Viol: 0.0066 | Val Max Thermal: 0.0000 [*SAVED BEST*]
Epoch  940 | Val Loss: 29.8556 | Val Cost:    0.00 | Val Max P-Miss: 1.1032 | Val Max Q-Miss: 0.4485 | Val Max Gen Viol: 0.0071 | Val Max Thermal: 0.0000 [*SAVED BEST*]
Epoch  950 | Val Loss: 177.7882 | Val Cost:    0.56 | Val Max P-Miss: 1.1027 | Val Max Q-Miss: 0.4488 | Val Max Gen Viol: 0.0076 | Val Max Thermal: 0.0000
Epoch  960 | Val Loss: 135.1175 | Val Cost:    0.73 | Val Max P-Miss: 1.1035 | Val Max Q-Miss: 0.4469 | Val Max Gen Viol: 0.0069 | Val Max Thermal: 0.0000
Epoch  970 | Val Loss: 157.5469 | Val Cost:   -0.11 | Val Max P-Miss: 1.1022 | Val Max Q-Miss: 0.4492 | Val Max Gen Viol: 0.0081 | Val Max Thermal: 0.0000
Epoch  980 | Val Loss: 42.4500 | Val Cost:    0.03 | Val Max P-Miss: 1.1017 | Val Max Q-Miss: 0.4484 | Val Max Gen Viol: 0.0087 | Val Max Thermal: 0.0000
Epoch  990 | Val Loss: 31.9810 | Val Cost:    0.00 | Val Max P-Miss: 1.1012 | Val Max Q-Miss: 0.4485 | Val Max Gen Viol: 0.0091 | Val Max Thermal: 0.0000
Epoch 1000 | Val Loss: 29.0274 | Val Cost:    0.00 | Val Max P-Miss: 1.1008 | Val Max Q-Miss: 0.4485 | Val Max Gen Viol: 0.0095 | Val Max Thermal: 0.0000 [*SAVED BEST*]
Epoch 1010 | Val Loss: 26.8205 | Val Cost:    0.00 | Val Max P-Miss: 1.1002 | Val Max Q-Miss: 0.4485 | Val Max Gen Viol: 0.0101 | Val Max Thermal: 0.0000 [*SAVED BEST*]
Epoch 1020 | Val Loss: 25.1245 | Val Cost:    0.00 | Val Max P-Miss: 1.0995 | Val Max Q-Miss: 0.4485 | Val Max Gen Viol: 0.0108 | Val Max Thermal: 0.0000 [*SAVED BEST*]
Epoch 1030 | Val Loss: 23.7261 | Val Cost:    0.00 | Val Max P-Miss: 1.0985 | Val Max Q-Miss: 0.4485 | Val Max Gen Viol: 0.0118 | Val Max Thermal: 0.0000 [*SAVED BEST*]
Epoch 1040 | Val Loss: 22.6904 | Val Cost:    0.00 | Val Max P-Miss: 1.0972 | Val Max Q-Miss: 0.4485 | Val Max Gen Viol: 0.0131 | Val Max Thermal: 0.0000 [*SAVED BEST*]
Epoch 1050 | Val Loss: 21.9433 | Val Cost:    0.00 | Val Max P-Miss: 1.0953 | Val Max Q-Miss: 0.4485 | Val Max Gen Viol: 0.0151 | Val Max Thermal: 0.0000 [*SAVED BEST*]
Epoch 1060 | Val Loss: 21.1711 | Val Cost:    0.00 | Val Max P-Miss: 1.0918 | Val Max Q-Miss: 0.4485 | Val Max Gen Viol: 0.0185 | Val Max Thermal: 0.0000 [*SAVED BEST*]
Epoch 1070 | Val Loss: 20.2668 | Val Cost:    0.00 | Val Max P-Miss: 1.0842 | Val Max Q-Miss: 0.4485 | Val Max Gen Viol: 0.0262 | Val Max Thermal: 0.0000 [*SAVED BEST*]
Epoch 1080 | Val Loss: 19.6322 | Val Cost:    0.00 | Val Max P-Miss: 1.0403 | Val Max Q-Miss: 0.4485 | Val Max Gen Viol: 0.0700 | Val Max Thermal: 0.0000 [*SAVED BEST*]
Epoch 1090 | Val Loss: 18.6040 | Val Cost:    0.00 | Val Max P-Miss: 0.5491 | Val Max Q-Miss: 0.4485 | Val Max Gen Viol: 0.7507 | Val Max Thermal: 0.0000 [*SAVED BEST*]
Epoch 1100 | Val Loss: 18.5267 | Val Cost:    0.00 | Val Max P-Miss: 0.5491 | Val Max Q-Miss: 0.4485 | Val Max Gen Viol: 0.7359 | Val Max Thermal: 0.0000 [*SAVED BEST*]
Epoch 1110 | Val Loss: 18.2542 | Val Cost:    0.00 | Val Max P-Miss: 0.5491 | Val Max Q-Miss: 0.4485 | Val Max Gen Viol: 0.7365 | Val Max Thermal: 0.0000 [*SAVED BEST*]
Epoch 1120 | Val Loss: 31.7911 | Val Cost:    0.10 | Val Max P-Miss: 0.5491 | Val Max Q-Miss: 0.4486 | Val Max Gen Viol: 0.6346 | Val Max Thermal: 0.0000
Epoch 1130 | Val Loss: 51.2080 | Val Cost:   -0.41 | Val Max P-Miss: 0.6070 | Val Max Q-Miss: 0.4485 | Val Max Gen Viol: 0.5034 | Val Max Thermal: 0.0000
Epoch 1140 | Val Loss: 42.7632 | Val Cost:   -0.01 | Val Max P-Miss: 0.5491 | Val Max Q-Miss: 0.4485 | Val Max Gen Viol: 0.7060 | Val Max Thermal: 0.0000
Epoch 1150 | Val Loss: 36.4466 | Val Cost:    0.00 | Val Max P-Miss: 0.5491 | Val Max Q-Miss: 0.4485 | Val Max Gen Viol: 0.7343 | Val Max Thermal: 0.0000
Epoch 1160 | Val Loss: 32.3042 | Val Cost:    0.00 | Val Max P-Miss: 0.5491 | Val Max Q-Miss: 0.4485 | Val Max Gen Viol: 0.7356 | Val Max Thermal: 0.0000
Epoch 1170 | Val Loss: 28.4877 | Val Cost:    0.00 | Val Max P-Miss: 0.5491 | Val Max Q-Miss: 0.4485 | Val Max Gen Viol: 0.7344 | Val Max Thermal: 0.0000
Epoch 1180 | Val Loss: 25.4171 | Val Cost:    0.00 | Val Max P-Miss: 0.5491 | Val Max Q-Miss: 0.4485 | Val Max Gen Viol: 0.7328 | Val Max Thermal: 0.0000
Epoch 1190 | Val Loss: 23.6228 | Val Cost:    0.00 | Val Max P-Miss: 0.5491 | Val Max Q-Miss: 0.4485 | Val Max Gen Viol: 0.7352 | Val Max Thermal: 0.0000
Epoch 1200 | Val Loss: 22.2963 | Val Cost:    0.00 | Val Max P-Miss: 0.5491 | Val Max Q-Miss: 0.4485 | Val Max Gen Viol: 0.7356 | Val Max Thermal: 0.0000
Epoch 1210 | Val Loss: 21.1267 | Val Cost:    0.00 | Val Max P-Miss: 0.5491 | Val Max Q-Miss: 0.4485 | Val Max Gen Viol: 0.7355 | Val Max Thermal: 0.0000
Epoch 1220 | Val Loss: 20.6321 | Val Cost:    0.00 | Val Max P-Miss: 0.5491 | Val Max Q-Miss: 0.4485 | Val Max Gen Viol: 0.7354 | Val Max Thermal: 0.0000
Epoch 1230 | Val Loss: 19.8827 | Val Cost:    0.00 | Val Max P-Miss: 0.5491 | Val Max Q-Miss: 0.4485 | Val Max Gen Viol: 0.7355 | Val Max Thermal: 0.0000
Epoch 1240 | Val Loss: 19.0076 | Val Cost:   -0.27 | Val Max P-Miss: 0.5491 | Val Max Q-Miss: 0.4484 | Val Max Gen Viol: 0.7339 | Val Max Thermal: 0.0000
Epoch 1250 | Val Loss: 19.1023 | Val Cost:    0.00 | Val Max P-Miss: 0.5491 | Val Max Q-Miss: 0.4485 | Val Max Gen Viol: 0.7360 | Val Max Thermal: 0.0000
Epoch 1260 | Val Loss: 822.1948 | Val Cost:    1.02 | Val Max P-Miss: 0.5490 | Val Max Q-Miss: 0.4485 | Val Max Gen Viol: 0.7273 | Val Max Thermal: 0.0000
Epoch 1270 | Val Loss: 24.2847 | Val Cost:   -0.06 | Val Max P-Miss: 0.5775 | Val Max Q-Miss: 0.4522 | Val Max Gen Viol: 0.5329 | Val Max Thermal: 0.0000
Epoch 1280 | Val Loss: 34.7733 | Val Cost:   -1.05 | Val Max P-Miss: 0.5490 | Val Max Q-Miss: 0.4550 | Val Max Gen Viol: 0.7403 | Val Max Thermal: 0.0000
Epoch 1290 | Val Loss: 69.8323 | Val Cost:    0.01 | Val Max P-Miss: 0.6387 | Val Max Q-Miss: 0.4479 | Val Max Gen Viol: 0.4716 | Val Max Thermal: 0.0000
Epoch 1300 | Val Loss: 29.6236 | Val Cost:    0.01 | Val Max P-Miss: 0.6312 | Val Max Q-Miss: 0.4485 | Val Max Gen Viol: 0.4792 | Val Max Thermal: 0.0000
Epoch 1310 | Val Loss: 25.3528 | Val Cost:    0.00 | Val Max P-Miss: 0.5490 | Val Max Q-Miss: 0.4485 | Val Max Gen Viol: 0.6113 | Val Max Thermal: 0.0000
Epoch 1320 | Val Loss: 22.4451 | Val Cost:    0.00 | Val Max P-Miss: 0.5490 | Val Max Q-Miss: 0.4485 | Val Max Gen Viol: 0.6817 | Val Max Thermal: 0.0000
Epoch 1330 | Val Loss: 20.6350 | Val Cost:    0.00 | Val Max P-Miss: 0.5490 | Val Max Q-Miss: 0.4485 | Val Max Gen Viol: 0.7147 | Val Max Thermal: 0.0000
Epoch 1340 | Val Loss: 19.3277 | Val Cost:    0.00 | Val Max P-Miss: 0.5490 | Val Max Q-Miss: 0.4485 | Val Max Gen Viol: 0.7283 | Val Max Thermal: 0.0000
Epoch 1350 | Val Loss: 18.0048 | Val Cost:    0.00 | Val Max P-Miss: 0.5490 | Val Max Q-Miss: 0.4485 | Val Max Gen Viol: 0.7333 | Val Max Thermal: 0.0000 [*SAVED BEST*]
Epoch 1360 | Val Loss: 16.9017 | Val Cost:    0.00 | Val Max P-Miss: 0.5490 | Val Max Q-Miss: 0.4485 | Val Max Gen Viol: 0.7349 | Val Max Thermal: 0.0000 [*SAVED BEST*]
Epoch 1370 | Val Loss: 16.6930 | Val Cost:    0.00 | Val Max P-Miss: 0.5490 | Val Max Q-Miss: 0.4485 | Val Max Gen Viol: 0.7353 | Val Max Thermal: 0.0000 [*SAVED BEST*]
Epoch 1380 | Val Loss: 16.1479 | Val Cost:    0.00 | Val Max P-Miss: 0.5490 | Val Max Q-Miss: 0.4485 | Val Max Gen Viol: 0.7353 | Val Max Thermal: 0.0000 [*SAVED BEST*]
Epoch 1390 | Val Loss: 15.7079 | Val Cost:    0.00 | Val Max P-Miss: 0.5490 | Val Max Q-Miss: 0.4485 | Val Max Gen Viol: 0.7359 | Val Max Thermal: 0.0000 [*SAVED BEST*]
Epoch 1400 | Val Loss: 15.4405 | Val Cost:    0.00 | Val Max P-Miss: 0.5490 | Val Max Q-Miss: 0.4485 | Val Max Gen Viol: 0.7362 | Val Max Thermal: 0.0000 [*SAVED BEST*]
Epoch 1410 | Val Loss: 14.9519 | Val Cost:    0.00 | Val Max P-Miss: 0.5490 | Val Max Q-Miss: 0.4485 | Val Max Gen Viol: 0.7363 | Val Max Thermal: 0.0000 [*SAVED BEST*]
Epoch 1420 | Val Loss: 14.2932 | Val Cost:    0.00 | Val Max P-Miss: 0.5490 | Val Max Q-Miss: 0.4485 | Val Max Gen Viol: 0.7364 | Val Max Thermal: 0.0000 [*SAVED BEST*]
Epoch 1430 | Val Loss: 131.3828 | Val Cost:   -0.05 | Val Max P-Miss: 0.5490 | Val Max Q-Miss: 0.4485 | Val Max Gen Viol: 0.7360 | Val Max Thermal: 0.0000
Epoch 1440 | Val Loss: 39.9374 | Val Cost:    0.25 | Val Max P-Miss: 0.5490 | Val Max Q-Miss: 0.4494 | Val Max Gen Viol: 0.7165 | Val Max Thermal: 0.0000
Epoch 1450 | Val Loss: 37.2553 | Val Cost:    0.00 | Val Max P-Miss: 0.5490 | Val Max Q-Miss: 0.4485 | Val Max Gen Viol: 0.7297 | Val Max Thermal: 0.0000
Epoch 1460 | Val Loss: 28.3218 | Val Cost:    0.00 | Val Max P-Miss: 0.5490 | Val Max Q-Miss: 0.4485 | Val Max Gen Viol: 0.7329 | Val Max Thermal: 0.0000
Epoch 1470 | Val Loss: 23.8022 | Val Cost:    0.00 | Val Max P-Miss: 0.5490 | Val Max Q-Miss: 0.4485 | Val Max Gen Viol: 0.7353 | Val Max Thermal: 0.0000
Epoch 1480 | Val Loss: 21.6348 | Val Cost:    0.00 | Val Max P-Miss: 0.5490 | Val Max Q-Miss: 0.4485 | Val Max Gen Viol: 0.7362 | Val Max Thermal: 0.0000
Epoch 1490 | Val Loss: 20.0285 | Val Cost:    0.00 | Val Max P-Miss: 0.5490 | Val Max Q-Miss: 0.4485 | Val Max Gen Viol: 0.7364 | Val Max Thermal: 0.0000
Epoch 1500 | Val Loss: 18.7418 | Val Cost:    0.00 | Val Max P-Miss: 0.5490 | Val Max Q-Miss: 0.4485 | Val Max Gen Viol: 0.7364 | Val Max Thermal: 0.0000
Epoch 1510 | Val Loss: 17.6685 | Val Cost:    0.00 | Val Max P-Miss: 0.5490 | Val Max Q-Miss: 0.4485 | Val Max Gen Viol: 0.7364 | Val Max Thermal: 0.0000
Epoch 1520 | Val Loss: 16.7831 | Val Cost:    0.00 | Val Max P-Miss: 0.5490 | Val Max Q-Miss: 0.4485 | Val Max Gen Viol: 0.7363 | Val Max Thermal: 0.0000
Epoch 1530 | Val Loss: 16.3246 | Val Cost:   -0.00 | Val Max P-Miss: 0.5490 | Val Max Q-Miss: 0.4485 | Val Max Gen Viol: 0.7067 | Val Max Thermal: 0.0000
Epoch 1540 | Val Loss: 15.8333 | Val Cost:    0.00 | Val Max P-Miss: 0.5490 | Val Max Q-Miss: 0.4485 | Val Max Gen Viol: 0.7302 | Val Max Thermal: 0.0000
Epoch 1550 | Val Loss: 21.6605 | Val Cost:    0.00 | Val Max P-Miss: 0.5490 | Val Max Q-Miss: 0.4485 | Val Max Gen Viol: 0.7276 | Val Max Thermal: 0.0000
Epoch 1560 | Val Loss: 1017.3175 | Val Cost:    0.42 | Val Max P-Miss: 0.5490 | Val Max Q-Miss: 0.4481 | Val Max Gen Viol: 0.6650 | Val Max Thermal: 0.0000
Epoch 1570 | Val Loss: 20.6246 | Val Cost:   -0.28 | Val Max P-Miss: 0.5489 | Val Max Q-Miss: 0.4484 | Val Max Gen Viol: 0.6360 | Val Max Thermal: 0.0000
Epoch 1580 | Val Loss: 13.6584 | Val Cost:    0.00 | Val Max P-Miss: 0.5489 | Val Max Q-Miss: 0.4485 | Val Max Gen Viol: 0.7316 | Val Max Thermal: 0.0000 [*SAVED BEST*]
Epoch 1590 | Val Loss: 13.3257 | Val Cost:    0.00 | Val Max P-Miss: 0.5489 | Val Max Q-Miss: 0.4485 | Val Max Gen Viol: 0.7364 | Val Max Thermal: 0.0000 [*SAVED BEST*]
Epoch 1600 | Val Loss: 13.0514 | Val Cost:    0.00 | Val Max P-Miss: 0.5489 | Val Max Q-Miss: 0.4485 | Val Max Gen Viol: 0.7365 | Val Max Thermal: 0.0000 [*SAVED BEST*]
Epoch 1610 | Val Loss: 12.7855 | Val Cost:    0.00 | Val Max P-Miss: 0.5489 | Val Max Q-Miss: 0.4485 | Val Max Gen Viol: 0.7364 | Val Max Thermal: 0.0000 [*SAVED BEST*]
Epoch 1620 | Val Loss: 12.5881 | Val Cost:    0.00 | Val Max P-Miss: 0.5489 | Val Max Q-Miss: 0.4485 | Val Max Gen Viol: 0.7364 | Val Max Thermal: 0.0000 [*SAVED BEST*]
Epoch 1630 | Val Loss: 46.2945 | Val Cost:    0.01 | Val Max P-Miss: 0.5489 | Val Max Q-Miss: 0.4485 | Val Max Gen Viol: 0.7330 | Val Max Thermal: 0.0000
Epoch 1640 | Val Loss: 34.3492 | Val Cost:    0.00 | Val Max P-Miss: 0.5489 | Val Max Q-Miss: 0.4485 | Val Max Gen Viol: 0.6905 | Val Max Thermal: 0.0000
Epoch 1650 | Val Loss: 27.8985 | Val Cost:    0.00 | Val Max P-Miss: 0.5489 | Val Max Q-Miss: 0.4485 | Val Max Gen Viol: 0.7300 | Val Max Thermal: 0.0000
Epoch 1660 | Val Loss: 24.7290 | Val Cost:    0.00 | Val Max P-Miss: 0.5489 | Val Max Q-Miss: 0.4485 | Val Max Gen Viol: 0.7362 | Val Max Thermal: 0.0000
Epoch 1670 | Val Loss: 21.6376 | Val Cost:    0.00 | Val Max P-Miss: 0.5489 | Val Max Q-Miss: 0.4485 | Val Max Gen Viol: 0.7365 | Val Max Thermal: 0.0000
Epoch 1680 | Val Loss: 85.5830 | Val Cost:   -0.00 | Val Max P-Miss: 0.5489 | Val Max Q-Miss: 0.4480 | Val Max Gen Viol: 0.6989 | Val Max Thermal: 0.0000
Epoch 1690 | Val Loss: 17.7739 | Val Cost:   -0.10 | Val Max P-Miss: 0.9175 | Val Max Q-Miss: 0.4487 | Val Max Gen Viol: 0.1928 | Val Max Thermal: 0.0000
Epoch 1700 | Val Loss: 14.9933 | Val Cost:    0.00 | Val Max P-Miss: 0.7653 | Val Max Q-Miss: 0.4485 | Val Max Gen Viol: 0.3450 | Val Max Thermal: 0.0000
Epoch 1710 | Val Loss: 14.2946 | Val Cost:    0.00 | Val Max P-Miss: 0.6426 | Val Max Q-Miss: 0.4485 | Val Max Gen Viol: 0.4677 | Val Max Thermal: 0.0000
Epoch 1720 | Val Loss: 14.0540 | Val Cost:    0.00 | Val Max P-Miss: 0.5490 | Val Max Q-Miss: 0.4485 | Val Max Gen Viol: 0.5613 | Val Max Thermal: 0.0000
Epoch 1730 | Val Loss: 13.2437 | Val Cost:    0.00 | Val Max P-Miss: 0.5489 | Val Max Q-Miss: 0.4485 | Val Max Gen Viol: 0.6291 | Val Max Thermal: 0.0000
Epoch 1740 | Val Loss: 11.7354 | Val Cost:    0.00 | Val Max P-Miss: 0.5489 | Val Max Q-Miss: 0.4485 | Val Max Gen Viol: 0.6748 | Val Max Thermal: 0.0000 [*SAVED BEST*]
Epoch 1750 | Val Loss: 11.1532 | Val Cost:    0.00 | Val Max P-Miss: 0.5489 | Val Max Q-Miss: 0.4485 | Val Max Gen Viol: 0.7036 | Val Max Thermal: 0.0000 [*SAVED BEST*]
Epoch 1760 | Val Loss: 622.1439 | Val Cost:    4.26 | Val Max P-Miss: 0.5489 | Val Max Q-Miss: 0.4482 | Val Max Gen Viol: 0.7071 | Val Max Thermal: 0.0000
Epoch 1770 | Val Loss: 28.6948 | Val Cost:    2.83 | Val Max P-Miss: 0.5489 | Val Max Q-Miss: 0.4502 | Val Max Gen Viol: 0.6955 | Val Max Thermal: 0.0000
Epoch 1780 | Val Loss: 23.3284 | Val Cost:    0.04 | Val Max P-Miss: 0.5489 | Val Max Q-Miss: 0.4485 | Val Max Gen Viol: 0.7035 | Val Max Thermal: 0.0000
Epoch 1790 | Val Loss: 20.4899 | Val Cost:    0.00 | Val Max P-Miss: 0.5489 | Val Max Q-Miss: 0.4485 | Val Max Gen Viol: 0.7167 | Val Max Thermal: 0.0000
Epoch 1800 | Val Loss: 17.2630 | Val Cost:    0.00 | Val Max P-Miss: 0.5489 | Val Max Q-Miss: 0.4485 | Val Max Gen Viol: 0.7253 | Val Max Thermal: 0.0000
Epoch 1810 | Val Loss: 42.0307 | Val Cost:   -0.01 | Val Max P-Miss: 0.5489 | Val Max Q-Miss: 0.4485 | Val Max Gen Viol: 0.7303 | Val Max Thermal: 0.0000
Epoch 1820 | Val Loss: 518.6586 | Val Cost:   -0.02 | Val Max P-Miss: 0.5489 | Val Max Q-Miss: 0.4479 | Val Max Gen Viol: 0.6626 | Val Max Thermal: 0.0000
Epoch 1830 | Val Loss: 17.1117 | Val Cost:    0.00 | Val Max P-Miss: 0.6016 | Val Max Q-Miss: 0.4485 | Val Max Gen Viol: 0.5087 | Val Max Thermal: 0.0000
Epoch 1840 | Val Loss: 14.7650 | Val Cost:    0.00 | Val Max P-Miss: 0.5489 | Val Max Q-Miss: 0.4485 | Val Max Gen Viol: 0.6032 | Val Max Thermal: 0.0000
Epoch 1850 | Val Loss: 13.8708 | Val Cost:    0.00 | Val Max P-Miss: 0.5489 | Val Max Q-Miss: 0.4485 | Val Max Gen Viol: 0.6650 | Val Max Thermal: 0.0000
Epoch 1860 | Val Loss: 13.1352 | Val Cost:    0.00 | Val Max P-Miss: 0.5489 | Val Max Q-Miss: 0.4485 | Val Max Gen Viol: 0.7011 | Val Max Thermal: 0.0000
Epoch 1870 | Val Loss: 12.7477 | Val Cost:    0.00 | Val Max P-Miss: 0.5489 | Val Max Q-Miss: 0.4485 | Val Max Gen Viol: 0.7202 | Val Max Thermal: 0.0000
Epoch 1880 | Val Loss: 12.7419 | Val Cost:    0.00 | Val Max P-Miss: 0.5489 | Val Max Q-Miss: 0.4485 | Val Max Gen Viol: 0.7294 | Val Max Thermal: 0.0000
Epoch 1890 | Val Loss: 13.8029 | Val Cost:    0.00 | Val Max P-Miss: 0.5489 | Val Max Q-Miss: 0.4485 | Val Max Gen Viol: 0.7336 | Val Max Thermal: 0.0000
Epoch 1900 | Val Loss: 13.3806 | Val Cost:    0.00 | Val Max P-Miss: 0.5489 | Val Max Q-Miss: 0.4485 | Val Max Gen Viol: 0.7353 | Val Max Thermal: 0.0000
Epoch 1910 | Val Loss: 13.0576 | Val Cost:    0.00 | Val Max P-Miss: 0.5489 | Val Max Q-Miss: 0.4485 | Val Max Gen Viol: 0.7358 | Val Max Thermal: 0.0000
Epoch 1920 | Val Loss: 766.4055 | Val Cost:    0.02 | Val Max P-Miss: 0.5489 | Val Max Q-Miss: 0.4485 | Val Max Gen Viol: 0.7358 | Val Max Thermal: 0.0000
Epoch 1930 | Val Loss: 33.3046 | Val Cost:    0.03 | Val Max P-Miss: 0.5489 | Val Max Q-Miss: 0.4483 | Val Max Gen Viol: 0.6826 | Val Max Thermal: 0.0000
Epoch 1940 | Val Loss: 30.9220 | Val Cost:    0.05 | Val Max P-Miss: 0.7364 | Val Max Q-Miss: 0.4486 | Val Max Gen Viol: 0.3738 | Val Max Thermal: 0.0000
Epoch 1950 | Val Loss: 21.0464 | Val Cost:    0.00 | Val Max P-Miss: 0.6515 | Val Max Q-Miss: 0.4485 | Val Max Gen Viol: 0.4587 | Val Max Thermal: 0.0000
Epoch 1960 | Val Loss: 17.5301 | Val Cost:    0.00 | Val Max P-Miss: 0.5724 | Val Max Q-Miss: 0.4485 | Val Max Gen Viol: 0.5379 | Val Max Thermal: 0.0000
Epoch 1970 | Val Loss: 15.6712 | Val Cost:    0.00 | Val Max P-Miss: 0.5489 | Val Max Q-Miss: 0.4485 | Val Max Gen Viol: 0.6052 | Val Max Thermal: 0.0000
Epoch 1980 | Val Loss: 13.6019 | Val Cost:    0.00 | Val Max P-Miss: 0.5489 | Val Max Q-Miss: 0.4485 | Val Max Gen Viol: 0.6568 | Val Max Thermal: 0.0000
Epoch 1990 | Val Loss: 12.0169 | Val Cost:    0.00 | Val Max P-Miss: 0.5489 | Val Max Q-Miss: 0.4485 | Val Max Gen Viol: 0.6923 | Val Max Thermal: 0.0000
Epoch 2000 | Val Loss: 494.6793 | Val Cost:   -0.82 | Val Max P-Miss: 0.5489 | Val Max Q-Miss: 0.4461 | Val Max Gen Viol: 0.6994 | Val Max Thermal: 0.0000
Epoch 2010 | Val Loss: 74.0001 | Val Cost:   -0.26 | Val Max P-Miss: 0.7441 | Val Max Q-Miss: 0.4482 | Val Max Gen Viol: 0.3662 | Val Max Thermal: 0.0000
Epoch 2020 | Val Loss: 71.2533 | Val Cost:   -0.23 | Val Max P-Miss: 0.6893 | Val Max Q-Miss: 0.4489 | Val Max Gen Viol: 0.4210 | Val Max Thermal: 0.0000
Epoch 2030 | Val Loss: 74.7905 | Val Cost:    0.15 | Val Max P-Miss: 0.6347 | Val Max Q-Miss: 0.4484 | Val Max Gen Viol: 0.4756 | Val Max Thermal: 0.0000
Epoch 2040 | Val Loss: 34.6208 | Val Cost:    0.00 | Val Max P-Miss: 0.5911 | Val Max Q-Miss: 0.4485 | Val Max Gen Viol: 0.5191 | Val Max Thermal: 0.0000
Epoch 2050 | Val Loss: 19.9736 | Val Cost:    0.00 | Val Max P-Miss: 0.5508 | Val Max Q-Miss: 0.4485 | Val Max Gen Viol: 0.5595 | Val Max Thermal: 0.0000
Epoch 2060 | Val Loss: 68.5285 | Val Cost:    0.00 | Val Max P-Miss: 0.5489 | Val Max Q-Miss: 0.4485 | Val Max Gen Viol: 0.5960 | Val Max Thermal: 0.0000
Epoch 2070 | Val Loss: 30.6375 | Val Cost:    0.00 | Val Max P-Miss: 0.5489 | Val Max Q-Miss: 0.4485 | Val Max Gen Viol: 0.6281 | Val Max Thermal: 0.0000
Epoch 2080 | Val Loss: 18.4669 | Val Cost:    0.00 | Val Max P-Miss: 0.5489 | Val Max Q-Miss: 0.4485 | Val Max Gen Viol: 0.6552 | Val Max Thermal: 0.0000
Epoch 2090 | Val Loss: 358.5454 | Val Cost:    0.00 | Val Max P-Miss: 0.5489 | Val Max Q-Miss: 0.4485 | Val Max Gen Viol: 0.6842 | Val Max Thermal: 0.0000
Epoch 2100 | Val Loss: 686.4801 | Val Cost:   -0.84 | Val Max P-Miss: 0.5489 | Val Max Q-Miss: 0.4504 | Val Max Gen Viol: 0.7074 | Val Max Thermal: 0.0000
Epoch 2110 | Val Loss: 41.3824 | Val Cost:    0.15 | Val Max P-Miss: 0.5489 | Val Max Q-Miss: 0.4481 | Val Max Gen Viol: 0.6610 | Val Max Thermal: 0.0000
Epoch 2120 | Val Loss: 26.3354 | Val Cost:   -0.01 | Val Max P-Miss: 0.5489 | Val Max Q-Miss: 0.4485 | Val Max Gen Viol: 0.6742 | Val Max Thermal: 0.0000
Epoch 2130 | Val Loss: 22.7457 | Val Cost:    0.00 | Val Max P-Miss: 0.5489 | Val Max Q-Miss: 0.4485 | Val Max Gen Viol: 0.6958 | Val Max Thermal: 0.0000
Epoch 2140 | Val Loss: 20.4976 | Val Cost:    0.00 | Val Max P-Miss: 0.5489 | Val Max Q-Miss: 0.4485 | Val Max Gen Viol: 0.7117 | Val Max Thermal: 0.0000
Epoch 2150 | Val Loss: 18.6641 | Val Cost:    0.00 | Val Max P-Miss: 0.5489 | Val Max Q-Miss: 0.4485 | Val Max Gen Viol: 0.7224 | Val Max Thermal: 0.0000
Epoch 2160 | Val Loss: 17.3494 | Val Cost:    0.00 | Val Max P-Miss: 0.5489 | Val Max Q-Miss: 0.4485 | Val Max Gen Viol: 0.7290 | Val Max Thermal: 0.0000
Epoch 2170 | Val Loss: 16.3387 | Val Cost:    0.00 | Val Max P-Miss: 0.5489 | Val Max Q-Miss: 0.4485 | Val Max Gen Viol: 0.7327 | Val Max Thermal: 0.0000
Epoch 2180 | Val Loss: 15.5904 | Val Cost:    0.00 | Val Max P-Miss: 0.5489 | Val Max Q-Miss: 0.4485 | Val Max Gen Viol: 0.7347 | Val Max Thermal: 0.0000
Epoch 2190 | Val Loss: 13.6583 | Val Cost:    0.00 | Val Max P-Miss: 0.5489 | Val Max Q-Miss: 0.4485 | Val Max Gen Viol: 0.7357 | Val Max Thermal: 0.0000
Epoch 2200 | Val Loss: 12.8054 | Val Cost:    0.00 | Val Max P-Miss: 0.5489 | Val Max Q-Miss: 0.4485 | Val Max Gen Viol: 0.7361 | Val Max Thermal: 0.0000
Epoch 2210 | Val Loss: 11.9985 | Val Cost:    0.00 | Val Max P-Miss: 0.5489 | Val Max Q-Miss: 0.4485 | Val Max Gen Viol: 0.7361 | Val Max Thermal: 0.0000
Epoch 2220 | Val Loss: 11.7351 | Val Cost:    0.00 | Val Max P-Miss: 0.5489 | Val Max Q-Miss: 0.4485 | Val Max Gen Viol: 0.7360 | Val Max Thermal: 0.0000
Epoch 2230 | Val Loss: 11.6279 | Val Cost:    0.00 | Val Max P-Miss: 0.5489 | Val Max Q-Miss: 0.4485 | Val Max Gen Viol: 0.7357 | Val Max Thermal: 0.0000
Epoch 2240 | Val Loss: 14.9198 | Val Cost:    0.00 | Val Max P-Miss: 0.5489 | Val Max Q-Miss: 0.4485 | Val Max Gen Viol: 0.7354 | Val Max Thermal: 0.0000
Epoch 2250 | Val Loss: 163.1377 | Val Cost:   -0.57 | Val Max P-Miss: 0.5489 | Val Max Q-Miss: 0.4483 | Val Max Gen Viol: 0.7341 | Val Max Thermal: 0.0000
Epoch 2260 | Val Loss: 36.8468 | Val Cost:   -1.22 | Val Max P-Miss: 0.5489 | Val Max Q-Miss: 0.4463 | Val Max Gen Viol: 0.7092 | Val Max Thermal: 0.0000
Epoch 2270 | Val Loss: 287.6188 | Val Cost:   -0.02 | Val Max P-Miss: 0.5489 | Val Max Q-Miss: 0.4485 | Val Max Gen Viol: 0.7183 | Val Max Thermal: 0.0000
Epoch 2280 | Val Loss: 27.9621 | Val Cost:   -0.01 | Val Max P-Miss: 0.5489 | Val Max Q-Miss: 0.4485 | Val Max Gen Viol: 0.7273 | Val Max Thermal: 0.0000
Epoch 2290 | Val Loss: 13.3245 | Val Cost:    0.00 | Val Max P-Miss: 0.5489 | Val Max Q-Miss: 0.4485 | Val Max Gen Viol: 0.7323 | Val Max Thermal: 0.0000
Epoch 2300 | Val Loss: 11.0999 | Val Cost:    0.00 | Val Max P-Miss: 0.5489 | Val Max Q-Miss: 0.4485 | Val Max Gen Viol: 0.7348 | Val Max Thermal: 0.0000 [*SAVED BEST*]
Epoch 2310 | Val Loss: 10.0871 | Val Cost:    0.00 | Val Max P-Miss: 0.5489 | Val Max Q-Miss: 0.4485 | Val Max Gen Viol: 0.7358 | Val Max Thermal: 0.0000 [*SAVED BEST*]
Epoch 2320 | Val Loss: 9.4948 | Val Cost:    0.00 | Val Max P-Miss: 0.5489 | Val Max Q-Miss: 0.4485 | Val Max Gen Viol: 0.7363 | Val Max Thermal: 0.0000 [*SAVED BEST*]
Epoch 2330 | Val Loss: 8.5800 | Val Cost:    0.00 | Val Max P-Miss: 0.5489 | Val Max Q-Miss: 0.4485 | Val Max Gen Viol: 0.7365 | Val Max Thermal: 0.0000 [*SAVED BEST*]
Epoch 2340 | Val Loss: 108.4109 | Val Cost:   -0.00 | Val Max P-Miss: 0.5489 | Val Max Q-Miss: 0.4485 | Val Max Gen Viol: 0.7364 | Val Max Thermal: 0.0000
Epoch 2350 | Val Loss: 83.1151 | Val Cost:   -0.07 | Val Max P-Miss: 0.8469 | Val Max Q-Miss: 0.4483 | Val Max Gen Viol: 0.2634 | Val Max Thermal: 0.0000
Epoch 2360 | Val Loss: 8.7053 | Val Cost:    0.00 | Val Max P-Miss: 0.8938 | Val Max Q-Miss: 0.4485 | Val Max Gen Viol: 0.2165 | Val Max Thermal: 0.0000
Epoch 2370 | Val Loss: 8.7544 | Val Cost:    0.00 | Val Max P-Miss: 0.8483 | Val Max Q-Miss: 0.4485 | Val Max Gen Viol: 0.2620 | Val Max Thermal: 0.0000
Epoch 2380 | Val Loss: 8.9723 | Val Cost:    0.00 | Val Max P-Miss: 0.8021 | Val Max Q-Miss: 0.4485 | Val Max Gen Viol: 0.3082 | Val Max Thermal: 0.0000
Epoch 2390 | Val Loss: 8.9471 | Val Cost:    0.00 | Val Max P-Miss: 0.7554 | Val Max Q-Miss: 0.4485 | Val Max Gen Viol: 0.3549 | Val Max Thermal: 0.0000
Epoch 2400 | Val Loss: 9.2075 | Val Cost:    0.00 | Val Max P-Miss: 0.7085 | Val Max Q-Miss: 0.4485 | Val Max Gen Viol: 0.4018 | Val Max Thermal: 0.0000
Epoch 2410 | Val Loss: 4.0757 | Val Cost:    0.00 | Val Max P-Miss: 0.6615 | Val Max Q-Miss: 0.4485 | Val Max Gen Viol: 0.4487 | Val Max Thermal: 0.0000 [*SAVED BEST*]
Epoch 2420 | Val Loss: 103.9440 | Val Cost:   -0.06 | Val Max P-Miss: 0.6272 | Val Max Q-Miss: 0.4486 | Val Max Gen Viol: 0.4830 | Val Max Thermal: 0.0000
Epoch 2430 | Val Loss: 312.4368 | Val Cost:    1.03 | Val Max P-Miss: 0.5887 | Val Max Q-Miss: 0.4458 | Val Max Gen Viol: 0.5216 | Val Max Thermal: 0.0000
Epoch 2440 | Val Loss: 534.0952 | Val Cost:    0.00 | Val Max P-Miss: 0.5512 | Val Max Q-Miss: 0.4484 | Val Max Gen Viol: 0.5591 | Val Max Thermal: 0.0000
Epoch 2450 | Val Loss: 51.8422 | Val Cost:    0.00 | Val Max P-Miss: 0.5489 | Val Max Q-Miss: 0.4485 | Val Max Gen Viol: 0.5740 | Val Max Thermal: 0.0000
Epoch 2460 | Val Loss: 25.3092 | Val Cost:   -0.54 | Val Max P-Miss: 0.5489 | Val Max Q-Miss: 0.4484 | Val Max Gen Viol: 0.5883 | Val Max Thermal: 0.0000
Epoch 2470 | Val Loss: 120.0138 | Val Cost:    0.43 | Val Max P-Miss: 0.5489 | Val Max Q-Miss: 0.4488 | Val Max Gen Viol: 0.5946 | Val Max Thermal: 0.0000
Epoch 2480 | Val Loss: 128.3976 | Val Cost:    1.64 | Val Max P-Miss: 0.5489 | Val Max Q-Miss: 0.4481 | Val Max Gen Viol: 0.5682 | Val Max Thermal: 0.0000
Epoch 2490 | Val Loss: 13.8141 | Val Cost:    0.05 | Val Max P-Miss: 0.5489 | Val Max Q-Miss: 0.4485 | Val Max Gen Viol: 0.5966 | Val Max Thermal: 0.0000
Epoch 2500 | Val Loss: 54.1221 | Val Cost:    0.00 | Val Max P-Miss: 0.5489 | Val Max Q-Miss: 0.4485 | Val Max Gen Viol: 0.6216 | Val Max Thermal: 0.0000
Epoch 2510 | Val Loss: 11.1818 | Val Cost:    0.00 | Val Max P-Miss: 0.5489 | Val Max Q-Miss: 0.4485 | Val Max Gen Viol: 0.6422 | Val Max Thermal: 0.0000
Epoch 2520 | Val Loss: 10.1301 | Val Cost:    0.00 | Val Max P-Miss: 0.5489 | Val Max Q-Miss: 0.4485 | Val Max Gen Viol: 0.6609 | Val Max Thermal: 0.0000
Epoch 2530 | Val Loss: 9.1818 | Val Cost:    0.00 | Val Max P-Miss: 0.5489 | Val Max Q-Miss: 0.4485 | Val Max Gen Viol: 0.6774 | Val Max Thermal: 0.0000
Epoch 2540 | Val Loss: 8.5634 | Val Cost:    0.00 | Val Max P-Miss: 0.5489 | Val Max Q-Miss: 0.4485 | Val Max Gen Viol: 0.6915 | Val Max Thermal: 0.0000
Epoch 2550 | Val Loss: 8.0361 | Val Cost:    0.00 | Val Max P-Miss: 0.5489 | Val Max Q-Miss: 0.4485 | Val Max Gen Viol: 0.7032 | Val Max Thermal: 0.0000
Epoch 2560 | Val Loss: 7.5283 | Val Cost:    0.00 | Val Max P-Miss: 0.5489 | Val Max Q-Miss: 0.4485 | Val Max Gen Viol: 0.7125 | Val Max Thermal: 0.0000
Epoch 2570 | Val Loss: 7.0729 | Val Cost:    0.00 | Val Max P-Miss: 0.5489 | Val Max Q-Miss: 0.4485 | Val Max Gen Viol: 0.7197 | Val Max Thermal: 0.0000
Epoch 2580 | Val Loss: 69.2608 | Val Cost:    0.00 | Val Max P-Miss: 0.5489 | Val Max Q-Miss: 0.4485 | Val Max Gen Viol: 0.7250 | Val Max Thermal: 0.0000
Epoch 2590 | Val Loss: 23.9945 | Val Cost:    0.01 | Val Max P-Miss: 0.5489 | Val Max Q-Miss: 0.4485 | Val Max Gen Viol: 0.7275 | Val Max Thermal: 0.0000
Epoch 2600 | Val Loss: 17.2229 | Val Cost:    0.00 | Val Max P-Miss: 0.5489 | Val Max Q-Miss: 0.4485 | Val Max Gen Viol: 0.7297 | Val Max Thermal: 0.0000
Epoch 2610 | Val Loss: 15.6454 | Val Cost:    0.00 | Val Max P-Miss: 0.5489 | Val Max Q-Miss: 0.4485 | Val Max Gen Viol: 0.7315 | Val Max Thermal: 0.0000
Epoch 2620 | Val Loss: 14.0676 | Val Cost:    0.00 | Val Max P-Miss: 0.5489 | Val Max Q-Miss: 0.4485 | Val Max Gen Viol: 0.7330 | Val Max Thermal: 0.0000
Epoch 2630 | Val Loss: 12.7250 | Val Cost:    0.00 | Val Max P-Miss: 0.5489 | Val Max Q-Miss: 0.4485 | Val Max Gen Viol: 0.7342 | Val Max Thermal: 0.0000
Epoch 2640 | Val Loss: 11.9858 | Val Cost:    0.00 | Val Max P-Miss: 0.5489 | Val Max Q-Miss: 0.4485 | Val Max Gen Viol: 0.7350 | Val Max Thermal: 0.0000
Epoch 2650 | Val Loss: 11.7355 | Val Cost:    0.00 | Val Max P-Miss: 0.5489 | Val Max Q-Miss: 0.4485 | Val Max Gen Viol: 0.7356 | Val Max Thermal: 0.0000
Epoch 2660 | Val Loss: 11.1008 | Val Cost:    0.00 | Val Max P-Miss: 0.5489 | Val Max Q-Miss: 0.4485 | Val Max Gen Viol: 0.7360 | Val Max Thermal: 0.0000
Epoch 2670 | Val Loss: 10.4435 | Val Cost:    0.00 | Val Max P-Miss: 0.5489 | Val Max Q-Miss: 0.4485 | Val Max Gen Viol: 0.7362 | Val Max Thermal: 0.0000
Epoch 2680 | Val Loss: 10.0013 | Val Cost:    0.00 | Val Max P-Miss: 0.5489 | Val Max Q-Miss: 0.4485 | Val Max Gen Viol: 0.7363 | Val Max Thermal: 0.0000
Epoch 2690 | Val Loss: 8.3396 | Val Cost:    0.00 | Val Max P-Miss: 0.5489 | Val Max Q-Miss: 0.4485 | Val Max Gen Viol: 0.7364 | Val Max Thermal: 0.0000
Epoch 2700 | Val Loss: 395.5336 | Val Cost:    0.04 | Val Max P-Miss: 0.5489 | Val Max Q-Miss: 0.4484 | Val Max Gen Viol: 0.7321 | Val Max Thermal: 0.0000
Epoch 2710 | Val Loss: 47.3557 | Val Cost:    0.19 | Val Max P-Miss: 0.5489 | Val Max Q-Miss: 0.4486 | Val Max Gen Viol: 0.7338 | Val Max Thermal: 0.0000
Epoch 2720 | Val Loss: 16.5546 | Val Cost:    0.49 | Val Max P-Miss: 0.6949 | Val Max Q-Miss: 0.4474 | Val Max Gen Viol: 0.4154 | Val Max Thermal: 0.0000
Epoch 2730 | Val Loss: 18.4094 | Val Cost:    0.01 | Val Max P-Miss: 0.6550 | Val Max Q-Miss: 0.4485 | Val Max Gen Viol: 0.4553 | Val Max Thermal: 0.0000
Epoch 2740 | Val Loss: 16.3971 | Val Cost:    0.00 | Val Max P-Miss: 0.6021 | Val Max Q-Miss: 0.4485 | Val Max Gen Viol: 0.5081 | Val Max Thermal: 0.0000
Epoch 2750 | Val Loss: 15.2498 | Val Cost:    0.00 | Val Max P-Miss: 0.5522 | Val Max Q-Miss: 0.4485 | Val Max Gen Viol: 0.5581 | Val Max Thermal: 0.0000
Epoch 2760 | Val Loss: 14.6008 | Val Cost:    0.00 | Val Max P-Miss: 0.5489 | Val Max Q-Miss: 0.4485 | Val Max Gen Viol: 0.6029 | Val Max Thermal: 0.0000
Epoch 2770 | Val Loss: 13.6270 | Val Cost:    0.00 | Val Max P-Miss: 0.5489 | Val Max Q-Miss: 0.4485 | Val Max Gen Viol: 0.6409 | Val Max Thermal: 0.0000
Epoch 2780 | Val Loss: 13.0589 | Val Cost:    0.00 | Val Max P-Miss: 0.5489 | Val Max Q-Miss: 0.4485 | Val Max Gen Viol: 0.6711 | Val Max Thermal: 0.0000
Epoch 2790 | Val Loss: 12.7873 | Val Cost:    0.00 | Val Max P-Miss: 0.5489 | Val Max Q-Miss: 0.4485 | Val Max Gen Viol: 0.6939 | Val Max Thermal: 0.0000
Epoch 2800 | Val Loss: 81.0886 | Val Cost:   -0.33 | Val Max P-Miss: 0.5489 | Val Max Q-Miss: 0.4484 | Val Max Gen Viol: 0.7079 | Val Max Thermal: 0.0000
Epoch 2810 | Val Loss: 22.5769 | Val Cost:    0.31 | Val Max P-Miss: 0.5489 | Val Max Q-Miss: 0.4497 | Val Max Gen Viol: 0.7080 | Val Max Thermal: 0.0000
Epoch 2820 | Val Loss: 14.3134 | Val Cost:   -0.01 | Val Max P-Miss: 0.5489 | Val Max Q-Miss: 0.4485 | Val Max Gen Viol: 0.7132 | Val Max Thermal: 0.0000
Epoch 2830 | Val Loss: 46.0386 | Val Cost:    0.00 | Val Max P-Miss: 0.5489 | Val Max Q-Miss: 0.4485 | Val Max Gen Viol: 0.7193 | Val Max Thermal: 0.0000
Epoch 2840 | Val Loss: 20.2370 | Val Cost:    0.00 | Val Max P-Miss: 0.5489 | Val Max Q-Miss: 0.4485 | Val Max Gen Viol: 0.7241 | Val Max Thermal: 0.0000
Epoch 2850 | Val Loss: 18.3591 | Val Cost:    0.07 | Val Max P-Miss: 0.5489 | Val Max Q-Miss: 0.4487 | Val Max Gen Viol: 0.7281 | Val Max Thermal: 0.0000
Epoch 2860 | Val Loss: 49.8728 | Val Cost:   -0.62 | Val Max P-Miss: 0.5489 | Val Max Q-Miss: 0.4477 | Val Max Gen Viol: 0.7288 | Val Max Thermal: 0.0000
Epoch 2870 | Val Loss: 21.5326 | Val Cost:    0.02 | Val Max P-Miss: 0.5489 | Val Max Q-Miss: 0.4487 | Val Max Gen Viol: 0.7282 | Val Max Thermal: 0.0000
Epoch 2880 | Val Loss: 25.1604 | Val Cost:    0.00 | Val Max P-Miss: 0.5489 | Val Max Q-Miss: 0.4485 | Val Max Gen Viol: 0.7307 | Val Max Thermal: 0.0000
Epoch 2890 | Val Loss: 51.0312 | Val Cost:   -0.02 | Val Max P-Miss: 0.5489 | Val Max Q-Miss: 0.4488 | Val Max Gen Viol: 0.7231 | Val Max Thermal: 0.0000
Epoch 2900 | Val Loss: 43.7912 | Val Cost:   -0.21 | Val Max P-Miss: 0.5489 | Val Max Q-Miss: 0.4505 | Val Max Gen Viol: 0.6481 | Val Max Thermal: 0.0000
Epoch 2910 | Val Loss: 28.6057 | Val Cost:   -0.11 | Val Max P-Miss: 0.5489 | Val Max Q-Miss: 0.4489 | Val Max Gen Viol: 0.6757 | Val Max Thermal: 0.0000
Epoch 2920 | Val Loss: 31.8236 | Val Cost:   -0.04 | Val Max P-Miss: 0.5489 | Val Max Q-Miss: 0.4485 | Val Max Gen Viol: 0.6971 | Val Max Thermal: 0.0000
Epoch 2930 | Val Loss: 19.8751 | Val Cost:    0.00 | Val Max P-Miss: 0.5489 | Val Max Q-Miss: 0.4485 | Val Max Gen Viol: 0.7108 | Val Max Thermal: 0.0000
Epoch 2940 | Val Loss: 16.9031 | Val Cost:    0.00 | Val Max P-Miss: 0.5489 | Val Max Q-Miss: 0.4485 | Val Max Gen Viol: 0.7210 | Val Max Thermal: 0.0000
Epoch 2950 | Val Loss: 14.8985 | Val Cost:    0.00 | Val Max P-Miss: 0.5489 | Val Max Q-Miss: 0.4485 | Val Max Gen Viol: 0.7278 | Val Max Thermal: 0.0000
Epoch 2960 | Val Loss: 13.5132 | Val Cost:    0.00 | Val Max P-Miss: 0.5489 | Val Max Q-Miss: 0.4485 | Val Max Gen Viol: 0.7320 | Val Max Thermal: 0.0000
Epoch 2970 | Val Loss: 173.2019 | Val Cost:    0.02 | Val Max P-Miss: 0.5489 | Val Max Q-Miss: 0.4485 | Val Max Gen Viol: 0.7342 | Val Max Thermal: 0.0000
Epoch 2980 | Val Loss: 125.5047 | Val Cost:    0.03 | Val Max P-Miss: 0.5489 | Val Max Q-Miss: 0.4485 | Val Max Gen Viol: 0.7354 | Val Max Thermal: 0.0000
Epoch 2990 | Val Loss: 21.8773 | Val Cost:   -0.19 | Val Max P-Miss: 0.5489 | Val Max Q-Miss: 0.4485 | Val Max Gen Viol: 0.6512 | Val Max Thermal: 0.0000
Epoch 3000 | Val Loss: 9.4986 | Val Cost:    0.00 | Val Max P-Miss: 0.5489 | Val Max Q-Miss: 0.4485 | Val Max Gen Viol: 0.6778 | Val Max Thermal: 0.0000
Epoch 3010 | Val Loss: 8.9883 | Val Cost:    0.00 | Val Max P-Miss: 0.5489 | Val Max Q-Miss: 0.4485 | Val Max Gen Viol: 0.7112 | Val Max Thermal: 0.0000
Epoch 3020 | Val Loss: 8.7092 | Val Cost:    0.00 | Val Max P-Miss: 0.5489 | Val Max Q-Miss: 0.4485 | Val Max Gen Viol: 0.7264 | Val Max Thermal: 0.0000
Epoch 3030 | Val Loss: 8.4786 | Val Cost:    0.00 | Val Max P-Miss: 0.5489 | Val Max Q-Miss: 0.4485 | Val Max Gen Viol: 0.7327 | Val Max Thermal: 0.0000
Epoch 3040 | Val Loss: 8.2088 | Val Cost:    0.00 | Val Max P-Miss: 0.5489 | Val Max Q-Miss: 0.4485 | Val Max Gen Viol: 0.7350 | Val Max Thermal: 0.0000
Epoch 3050 | Val Loss: 8.0335 | Val Cost:    0.00 | Val Max P-Miss: 0.5489 | Val Max Q-Miss: 0.4485 | Val Max Gen Viol: 0.7359 | Val Max Thermal: 0.0000
Epoch 3060 | Val Loss: 160.5126 | Val Cost:    0.00 | Val Max P-Miss: 0.5489 | Val Max Q-Miss: 0.4485 | Val Max Gen Viol: 0.7362 | Val Max Thermal: 0.0000
Epoch 3070 | Val Loss: 20.2614 | Val Cost:    0.00 | Val Max P-Miss: 0.5489 | Val Max Q-Miss: 0.4485 | Val Max Gen Viol: 0.7363 | Val Max Thermal: 0.0000
Epoch 3080 | Val Loss: 15.6755 | Val Cost:    0.00 | Val Max P-Miss: 0.5489 | Val Max Q-Miss: 0.4485 | Val Max Gen Viol: 0.7364 | Val Max Thermal: 0.0000
Epoch 3090 | Val Loss: 13.4346 | Val Cost:    0.00 | Val Max P-Miss: 0.5489 | Val Max Q-Miss: 0.4485 | Val Max Gen Viol: 0.7365 | Val Max Thermal: 0.0000
Epoch 3100 | Val Loss: 12.0611 | Val Cost:    0.00 | Val Max P-Miss: 0.5489 | Val Max Q-Miss: 0.4485 | Val Max Gen Viol: 0.7364 | Val Max Thermal: 0.0000
Epoch 3110 | Val Loss: 11.1364 | Val Cost:    0.00 | Val Max P-Miss: 0.5489 | Val Max Q-Miss: 0.4485 | Val Max Gen Viol: 0.7363 | Val Max Thermal: 0.0000
Epoch 3120 | Val Loss: 10.4346 | Val Cost:    0.00 | Val Max P-Miss: 0.5489 | Val Max Q-Miss: 0.4485 | Val Max Gen Viol: 0.7361 | Val Max Thermal: 0.0000
Epoch 3130 | Val Loss: 90.3402 | Val Cost:   -0.00 | Val Max P-Miss: 0.5489 | Val Max Q-Miss: 0.4485 | Val Max Gen Viol: 0.7359 | Val Max Thermal: 0.0000
Epoch 3140 | Val Loss: 19.4620 | Val Cost:    0.88 | Val Max P-Miss: 0.5489 | Val Max Q-Miss: 0.4479 | Val Max Gen Viol: 0.7320 | Val Max Thermal: 0.0000
Epoch 3150 | Val Loss: 9.6498 | Val Cost:    0.28 | Val Max P-Miss: 0.5489 | Val Max Q-Miss: 0.4485 | Val Max Gen Viol: 0.7354 | Val Max Thermal: 0.0000
Epoch 3160 | Val Loss: 9.2897 | Val Cost:    0.17 | Val Max P-Miss: 0.5489 | Val Max Q-Miss: 0.4485 | Val Max Gen Viol: 0.7361 | Val Max Thermal: 0.0000
Epoch 3170 | Val Loss: 9.2354 | Val Cost:    0.21 | Val Max P-Miss: 0.5489 | Val Max Q-Miss: 0.4485 | Val Max Gen Viol: 0.7364 | Val Max Thermal: 0.0000
Epoch 3180 | Val Loss: 9.1978 | Val Cost:    0.14 | Val Max P-Miss: 0.5489 | Val Max Q-Miss: 0.4485 | Val Max Gen Viol: 0.7364 | Val Max Thermal: 0.0000
Epoch 3190 | Val Loss: 9.5939 | Val Cost:    0.00 | Val Max P-Miss: 0.5489 | Val Max Q-Miss: 0.4485 | Val Max Gen Viol: 0.7365 | Val Max Thermal: 0.0000
Epoch 3200 | Val Loss: 24.1650 | Val Cost:    0.00 | Val Max P-Miss: 0.5489 | Val Max Q-Miss: 0.4485 | Val Max Gen Viol: 0.6788 | Val Max Thermal: 0.0000
Epoch 3210 | Val Loss: 15.3092 | Val Cost:    0.00 | Val Max P-Miss: 0.5489 | Val Max Q-Miss: 0.4485 | Val Max Gen Viol: 0.7137 | Val Max Thermal: 0.0000
Epoch 3220 | Val Loss: 13.7964 | Val Cost:    0.00 | Val Max P-Miss: 0.5489 | Val Max Q-Miss: 0.4485 | Val Max Gen Viol: 0.7319 | Val Max Thermal: 0.0000
Epoch 3230 | Val Loss: 12.8018 | Val Cost:    0.00 | Val Max P-Miss: 0.5489 | Val Max Q-Miss: 0.4485 | Val Max Gen Viol: 0.7358 | Val Max Thermal: 0.0000
Epoch 3240 | Val Loss: 12.2546 | Val Cost:    0.00 | Val Max P-Miss: 0.5489 | Val Max Q-Miss: 0.4485 | Val Max Gen Viol: 0.7365 | Val Max Thermal: 0.0000
Epoch 3250 | Val Loss: 188.4604 | Val Cost:    0.01 | Val Max P-Miss: 0.5489 | Val Max Q-Miss: 0.4485 | Val Max Gen Viol: 0.7365 | Val Max Thermal: 0.0000
Epoch 3260 | Val Loss: 67.9018 | Val Cost:    0.01 | Val Max P-Miss: 0.5489 | Val Max Q-Miss: 0.4485 | Val Max Gen Viol: 0.7363 | Val Max Thermal: 0.0000
Epoch 3270 | Val Loss: 27.4221 | Val Cost:    0.01 | Val Max P-Miss: 0.5489 | Val Max Q-Miss: 0.4484 | Val Max Gen Viol: 0.7363 | Val Max Thermal: 0.0000
Epoch 3280 | Val Loss: 14.4454 | Val Cost:    0.00 | Val Max P-Miss: 0.5489 | Val Max Q-Miss: 0.4485 | Val Max Gen Viol: 0.7364 | Val Max Thermal: 0.0000
Epoch 3290 | Val Loss: 50.8898 | Val Cost:    0.00 | Val Max P-Miss: 0.5489 | Val Max Q-Miss: 0.4485 | Val Max Gen Viol: 0.7364 | Val Max Thermal: 0.0000
Epoch 3300 | Val Loss: 21.8422 | Val Cost:    0.00 | Val Max P-Miss: 0.5489 | Val Max Q-Miss: 0.4485 | Val Max Gen Viol: 0.7365 | Val Max Thermal: 0.0000
Epoch 3310 | Val Loss: 19.3632 | Val Cost:    0.01 | Val Max P-Miss: 0.5489 | Val Max Q-Miss: 0.4485 | Val Max Gen Viol: 0.7364 | Val Max Thermal: 0.0000
Epoch 3320 | Val Loss: 94.4111 | Val Cost:   -0.13 | Val Max P-Miss: 0.5489 | Val Max Q-Miss: 0.4499 | Val Max Gen Viol: 0.7389 | Val Max Thermal: 0.0000
Epoch 3330 | Val Loss: 87.6742 | Val Cost:    0.13 | Val Max P-Miss: 0.5489 | Val Max Q-Miss: 0.4485 | Val Max Gen Viol: 0.7166 | Val Max Thermal: 0.0000
Epoch 3340 | Val Loss: 23.6630 | Val Cost:   -0.01 | Val Max P-Miss: 0.5489 | Val Max Q-Miss: 0.4485 | Val Max Gen Viol: 0.6122 | Val Max Thermal: 0.0000
Epoch 3350 | Val Loss: 207.2486 | Val Cost:   -0.54 | Val Max P-Miss: 0.5489 | Val Max Q-Miss: 0.4479 | Val Max Gen Viol: 0.7285 | Val Max Thermal: 0.0000
Epoch 3360 | Val Loss: 82.9291 | Val Cost:   -6.07 | Val Max P-Miss: 0.5489 | Val Max Q-Miss: 0.4533 | Val Max Gen Viol: 0.6497 | Val Max Thermal: 0.0000
Epoch 3370 | Val Loss: 15.9528 | Val Cost:    0.12 | Val Max P-Miss: 0.5489 | Val Max Q-Miss: 0.4485 | Val Max Gen Viol: 0.7060 | Val Max Thermal: 0.0000
Epoch 3380 | Val Loss: 13.7178 | Val Cost:   -0.00 | Val Max P-Miss: 0.5489 | Val Max Q-Miss: 0.4485 | Val Max Gen Viol: 0.7311 | Val Max Thermal: 0.0000
Epoch 3390 | Val Loss: 12.4856 | Val Cost:    0.00 | Val Max P-Miss: 0.5489 | Val Max Q-Miss: 0.4485 | Val Max Gen Viol: 0.7359 | Val Max Thermal: 0.0000
Epoch 3400 | Val Loss: 11.5342 | Val Cost:    0.00 | Val Max P-Miss: 0.5489 | Val Max Q-Miss: 0.4485 | Val Max Gen Viol: 0.7364 | Val Max Thermal: 0.0000
Epoch 3410 | Val Loss: 10.8601 | Val Cost:    0.00 | Val Max P-Miss: 0.5489 | Val Max Q-Miss: 0.4485 | Val Max Gen Viol: 0.7366 | Val Max Thermal: 0.0000
Epoch 3420 | Val Loss: 10.3844 | Val Cost:    0.00 | Val Max P-Miss: 0.5489 | Val Max Q-Miss: 0.4485 | Val Max Gen Viol: 0.7366 | Val Max Thermal: 0.0000
Epoch 3430 | Val Loss: 13.2690 | Val Cost:    0.00 | Val Max P-Miss: 0.5489 | Val Max Q-Miss: 0.4485 | Val Max Gen Viol: 0.7365 | Val Max Thermal: 0.0000
Epoch 3440 | Val Loss: 68.7520 | Val Cost:    0.12 | Val Max P-Miss: 0.5489 | Val Max Q-Miss: 0.4485 | Val Max Gen Viol: 0.6614 | Val Max Thermal: 0.0000
Epoch 3450 | Val Loss: 86.7097 | Val Cost:    0.04 | Val Max P-Miss: 0.6049 | Val Max Q-Miss: 0.4482 | Val Max Gen Viol: 0.5054 | Val Max Thermal: 0.0000
Epoch 3460 | Val Loss: 19.0928 | Val Cost:    0.00 | Val Max P-Miss: 0.6400 | Val Max Q-Miss: 0.4484 | Val Max Gen Viol: 0.4703 | Val Max Thermal: 0.0000
Epoch 3470 | Val Loss: 10.3629 | Val Cost:    0.00 | Val Max P-Miss: 0.5561 | Val Max Q-Miss: 0.4485 | Val Max Gen Viol: 0.5542 | Val Max Thermal: 0.0000
Epoch 3480 | Val Loss: 9.6015 | Val Cost:    0.00 | Val Max P-Miss: 0.5489 | Val Max Q-Miss: 0.4485 | Val Max Gen Viol: 0.6189 | Val Max Thermal: 0.0000
Epoch 3490 | Val Loss: 9.8405 | Val Cost:    0.00 | Val Max P-Miss: 0.5489 | Val Max Q-Miss: 0.4485 | Val Max Gen Viol: 0.6653 | Val Max Thermal: 0.0000
Epoch 3500 | Val Loss: 9.0132 | Val Cost:    0.00 | Val Max P-Miss: 0.5489 | Val Max Q-Miss: 0.4485 | Val Max Gen Viol: 0.6962 | Val Max Thermal: 0.0000
Epoch 3510 | Val Loss: 8.3168 | Val Cost:    0.00 | Val Max P-Miss: 0.5489 | Val Max Q-Miss: 0.4485 | Val Max Gen Viol: 0.7151 | Val Max Thermal: 0.0000
Epoch 3520 | Val Loss: 7.7956 | Val Cost:    0.00 | Val Max P-Miss: 0.5489 | Val Max Q-Miss: 0.4485 | Val Max Gen Viol: 0.7259 | Val Max Thermal: 0.0000
Epoch 3530 | Val Loss: 7.9360 | Val Cost:    0.00 | Val Max P-Miss: 0.5489 | Val Max Q-Miss: 0.4485 | Val Max Gen Viol: 0.7315 | Val Max Thermal: 0.0000
Epoch 3540 | Val Loss: 7.8902 | Val Cost:    0.00 | Val Max P-Miss: 0.5489 | Val Max Q-Miss: 0.4485 | Val Max Gen Viol: 0.7343 | Val Max Thermal: 0.0000
Epoch 3550 | Val Loss: 7.4926 | Val Cost:    0.00 | Val Max P-Miss: 0.5489 | Val Max Q-Miss: 0.4485 | Val Max Gen Viol: 0.7356 | Val Max Thermal: 0.0000
Epoch 3560 | Val Loss: 7.1233 | Val Cost:    0.00 | Val Max P-Miss: 0.5489 | Val Max Q-Miss: 0.4485 | Val Max Gen Viol: 0.7362 | Val Max Thermal: 0.0000
Epoch 3570 | Val Loss: 6.6053 | Val Cost:    0.00 | Val Max P-Miss: 0.5489 | Val Max Q-Miss: 0.4485 | Val Max Gen Viol: 0.7364 | Val Max Thermal: 0.0000
Epoch 3580 | Val Loss: 152.8809 | Val Cost:   -0.05 | Val Max P-Miss: 0.5489 | Val Max Q-Miss: 0.4485 | Val Max Gen Viol: 0.7364 | Val Max Thermal: 0.0000
Epoch 3590 | Val Loss: 23.2212 | Val Cost:    0.15 | Val Max P-Miss: 0.5489 | Val Max Q-Miss: 0.4486 | Val Max Gen Viol: 0.7364 | Val Max Thermal: 0.0000
Epoch 3600 | Val Loss: 13.5673 | Val Cost:    0.00 | Val Max P-Miss: 0.5489 | Val Max Q-Miss: 0.4485 | Val Max Gen Viol: 0.7363 | Val Max Thermal: 0.0000
Epoch 3610 | Val Loss: 11.1876 | Val Cost:    0.00 | Val Max P-Miss: 0.5489 | Val Max Q-Miss: 0.4485 | Val Max Gen Viol: 0.7364 | Val Max Thermal: 0.0000
Epoch 3620 | Val Loss: 9.6966 | Val Cost:    0.00 | Val Max P-Miss: 0.5489 | Val Max Q-Miss: 0.4485 | Val Max Gen Viol: 0.7365 | Val Max Thermal: 0.0000
Epoch 3630 | Val Loss: 8.6245 | Val Cost:    0.00 | Val Max P-Miss: 0.5489 | Val Max Q-Miss: 0.4485 | Val Max Gen Viol: 0.7365 | Val Max Thermal: 0.0000
Epoch 3640 | Val Loss: 7.8188 | Val Cost:    0.00 | Val Max P-Miss: 0.5489 | Val Max Q-Miss: 0.4485 | Val Max Gen Viol: 0.7365 | Val Max Thermal: 0.0000
Epoch 3650 | Val Loss: 7.2080 | Val Cost:    0.00 | Val Max P-Miss: 0.5489 | Val Max Q-Miss: 0.4485 | Val Max Gen Viol: 0.7365 | Val Max Thermal: 0.0000
Epoch 3660 | Val Loss: 137.7736 | Val Cost:    0.00 | Val Max P-Miss: 0.5489 | Val Max Q-Miss: 0.4485 | Val Max Gen Viol: 0.7365 | Val Max Thermal: 0.0000
Epoch 3670 | Val Loss: 165.9014 | Val Cost:    0.05 | Val Max P-Miss: 0.5489 | Val Max Q-Miss: 0.4486 | Val Max Gen Viol: 0.7362 | Val Max Thermal: 0.0000
Epoch 3680 | Val Loss: 19.6892 | Val Cost:   -0.11 | Val Max P-Miss: 0.5489 | Val Max Q-Miss: 0.4484 | Val Max Gen Viol: 0.7225 | Val Max Thermal: 0.0000
Epoch 3690 | Val Loss: 11.3876 | Val Cost:    0.01 | Val Max P-Miss: 0.5489 | Val Max Q-Miss: 0.4485 | Val Max Gen Viol: 0.7302 | Val Max Thermal: 0.0000
Epoch 3700 | Val Loss: 45.2418 | Val Cost:    0.00 | Val Max P-Miss: 0.5489 | Val Max Q-Miss: 0.4485 | Val Max Gen Viol: 0.7339 | Val Max Thermal: 0.0000
Epoch 3710 | Val Loss: 19.7056 | Val Cost:    0.00 | Val Max P-Miss: 0.5489 | Val Max Q-Miss: 0.4485 | Val Max Gen Viol: 0.7356 | Val Max Thermal: 0.0000
Epoch 3720 | Val Loss: 11.5990 | Val Cost:    0.00 | Val Max P-Miss: 0.5489 | Val Max Q-Miss: 0.4485 | Val Max Gen Viol: 0.7363 | Val Max Thermal: 0.0000
Epoch 3730 | Val Loss: 352.8135 | Val Cost:   -0.02 | Val Max P-Miss: 0.5489 | Val Max Q-Miss: 0.4483 | Val Max Gen Viol: 0.7351 | Val Max Thermal: 0.0000
Epoch 3740 | Val Loss: 123.7839 | Val Cost:   -0.03 | Val Max P-Miss: 0.5489 | Val Max Q-Miss: 0.4485 | Val Max Gen Viol: 0.7361 | Val Max Thermal: 0.0000
Epoch 3750 | Val Loss: 228.1494 | Val Cost:   -0.30 | Val Max P-Miss: 0.5489 | Val Max Q-Miss: 0.4478 | Val Max Gen Viol: 0.7340 | Val Max Thermal: 0.0000
Epoch 3760 | Val Loss: 39.8232 | Val Cost:   -0.16 | Val Max P-Miss: 0.7512 | Val Max Q-Miss: 0.4471 | Val Max Gen Viol: 0.3591 | Val Max Thermal: 0.0000
Epoch 3770 | Val Loss: 8.5038 | Val Cost:    0.03 | Val Max P-Miss: 0.7012 | Val Max Q-Miss: 0.4486 | Val Max Gen Viol: 0.4090 | Val Max Thermal: 0.0000
Epoch 3780 | Val Loss: 7.8275 | Val Cost:    0.00 | Val Max P-Miss: 0.6452 | Val Max Q-Miss: 0.4485 | Val Max Gen Viol: 0.4651 | Val Max Thermal: 0.0000
Epoch 3790 | Val Loss: 8.1468 | Val Cost:    0.00 | Val Max P-Miss: 0.5914 | Val Max Q-Miss: 0.4485 | Val Max Gen Viol: 0.5189 | Val Max Thermal: 0.0000
Epoch 3800 | Val Loss: 8.1869 | Val Cost:    0.00 | Val Max P-Miss: 0.5489 | Val Max Q-Miss: 0.4485 | Val Max Gen Viol: 0.5680 | Val Max Thermal: 0.0000
Epoch 3810 | Val Loss: 7.8473 | Val Cost:    0.00 | Val Max P-Miss: 0.5489 | Val Max Q-Miss: 0.4485 | Val Max Gen Viol: 0.6112 | Val Max Thermal: 0.0000
Epoch 3820 | Val Loss: 7.4475 | Val Cost:    0.00 | Val Max P-Miss: 0.5489 | Val Max Q-Miss: 0.4485 | Val Max Gen Viol: 0.6473 | Val Max Thermal: 0.0000
Epoch 3830 | Val Loss: 7.2025 | Val Cost:    0.00 | Val Max P-Miss: 0.5489 | Val Max Q-Miss: 0.4485 | Val Max Gen Viol: 0.6758 | Val Max Thermal: 0.0000
Epoch 3840 | Val Loss: 7.0384 | Val Cost:    0.00 | Val Max P-Miss: 0.5489 | Val Max Q-Miss: 0.4485 | Val Max Gen Viol: 0.6971 | Val Max Thermal: 0.0000
Epoch 3850 | Val Loss: 6.9069 | Val Cost:    0.00 | Val Max P-Miss: 0.5489 | Val Max Q-Miss: 0.4485 | Val Max Gen Viol: 0.7120 | Val Max Thermal: 0.0000
Epoch 3860 | Val Loss: 6.8499 | Val Cost:    0.00 | Val Max P-Miss: 0.5489 | Val Max Q-Miss: 0.4485 | Val Max Gen Viol: 0.7219 | Val Max Thermal: 0.0000
Epoch 3870 | Val Loss: 6.5695 | Val Cost:    0.00 | Val Max P-Miss: 0.5489 | Val Max Q-Miss: 0.4485 | Val Max Gen Viol: 0.7281 | Val Max Thermal: 0.0000
Epoch 3880 | Val Loss: 5.9378 | Val Cost:    0.00 | Val Max P-Miss: 0.5489 | Val Max Q-Miss: 0.4485 | Val Max Gen Viol: 0.7319 | Val Max Thermal: 0.0000
Epoch 3890 | Val Loss: 37.0332 | Val Cost:   -0.00 | Val Max P-Miss: 0.5489 | Val Max Q-Miss: 0.4485 | Val Max Gen Viol: 0.7339 | Val Max Thermal: 0.0000
Epoch 3900 | Val Loss: 46.5089 | Val Cost:    0.17 | Val Max P-Miss: 0.5489 | Val Max Q-Miss: 0.4484 | Val Max Gen Viol: 0.7346 | Val Max Thermal: 0.0000
Epoch 3910 | Val Loss: 14.9130 | Val Cost:    0.00 | Val Max P-Miss: 0.5489 | Val Max Q-Miss: 0.4485 | Val Max Gen Viol: 0.7350 | Val Max Thermal: 0.0000
Epoch 3920 | Val Loss: 12.6122 | Val Cost:    0.00 | Val Max P-Miss: 0.5489 | Val Max Q-Miss: 0.4485 | Val Max Gen Viol: 0.7357 | Val Max Thermal: 0.0000
Epoch 3930 | Val Loss: 11.0777 | Val Cost:    0.00 | Val Max P-Miss: 0.5489 | Val Max Q-Miss: 0.4485 | Val Max Gen Viol: 0.7361 | Val Max Thermal: 0.0000
Epoch 3940 | Val Loss: 9.9796 | Val Cost:    0.00 | Val Max P-Miss: 0.5489 | Val Max Q-Miss: 0.4485 | Val Max Gen Viol: 0.7362 | Val Max Thermal: 0.0000
Epoch 3950 | Val Loss: 9.1035 | Val Cost:    0.00 | Val Max P-Miss: 0.5489 | Val Max Q-Miss: 0.4485 | Val Max Gen Viol: 0.7364 | Val Max Thermal: 0.0000
Epoch 3960 | Val Loss: 8.4712 | Val Cost:    0.00 | Val Max P-Miss: 0.5489 | Val Max Q-Miss: 0.4485 | Val Max Gen Viol: 0.7364 | Val Max Thermal: 0.0000
Epoch 3970 | Val Loss: 229.4811 | Val Cost:   -0.06 | Val Max P-Miss: 0.5489 | Val Max Q-Miss: 0.4485 | Val Max Gen Viol: 0.7364 | Val Max Thermal: 0.0000
Epoch 3980 | Val Loss: 123.7758 | Val Cost:   -0.04 | Val Max P-Miss: 0.5489 | Val Max Q-Miss: 0.4485 | Val Max Gen Viol: 0.7362 | Val Max Thermal: 0.0000
Epoch 3990 | Val Loss: 121.3383 | Val Cost:    0.00 | Val Max P-Miss: 0.5489 | Val Max Q-Miss: 0.4485 | Val Max Gen Viol: 0.7363 | Val Max Thermal: 0.0000
Epoch 4000 | Val Loss: 60.0511 | Val Cost:   -0.39 | Val Max P-Miss: 0.5489 | Val Max Q-Miss: 0.4504 | Val Max Gen Viol: 0.7336 | Val Max Thermal: 0.0000
Epoch 4010 | Val Loss: 11.5730 | Val Cost:    0.03 | Val Max P-Miss: 0.5489 | Val Max Q-Miss: 0.4485 | Val Max Gen Viol: 0.7327 | Val Max Thermal: 0.0000
Epoch 4020 | Val Loss: 9.5393 | Val Cost:    0.00 | Val Max P-Miss: 0.5489 | Val Max Q-Miss: 0.4485 | Val Max Gen Viol: 0.7346 | Val Max Thermal: 0.0000
Epoch 4030 | Val Loss: 8.9277 | Val Cost:    0.00 | Val Max P-Miss: 0.5489 | Val Max Q-Miss: 0.4485 | Val Max Gen Viol: 0.7356 | Val Max Thermal: 0.0000
Epoch 4040 | Val Loss: 8.2010 | Val Cost:    0.00 | Val Max P-Miss: 0.5489 | Val Max Q-Miss: 0.4485 | Val Max Gen Viol: 0.7361 | Val Max Thermal: 0.0000
Epoch 4050 | Val Loss: 7.4680 | Val Cost:    0.00 | Val Max P-Miss: 0.5489 | Val Max Q-Miss: 0.4485 | Val Max Gen Viol: 0.7362 | Val Max Thermal: 0.0000
Epoch 4060 | Val Loss: 7.0102 | Val Cost:    0.00 | Val Max P-Miss: 0.5489 | Val Max Q-Miss: 0.4485 | Val Max Gen Viol: 0.7364 | Val Max Thermal: 0.0000
Epoch 4070 | Val Loss: 6.7778 | Val Cost:    0.00 | Val Max P-Miss: 0.5489 | Val Max Q-Miss: 0.4485 | Val Max Gen Viol: 0.7365 | Val Max Thermal: 0.0000
Epoch 4080 | Val Loss: 49.3486 | Val Cost:   -0.51 | Val Max P-Miss: 0.5489 | Val Max Q-Miss: 0.4492 | Val Max Gen Viol: 0.7344 | Val Max Thermal: 0.0000
Epoch 4090 | Val Loss: 32.9414 | Val Cost:    2.06 | Val Max P-Miss: 0.5489 | Val Max Q-Miss: 0.4506 | Val Max Gen Viol: 0.7345 | Val Max Thermal: 0.0000
Epoch 4100 | Val Loss: 20.4517 | Val Cost:    0.06 | Val Max P-Miss: 0.5489 | Val Max Q-Miss: 0.4485 | Val Max Gen Viol: 0.7297 | Val Max Thermal: 0.0000
Epoch 4110 | Val Loss: 9.3646 | Val Cost:    0.00 | Val Max P-Miss: 0.5489 | Val Max Q-Miss: 0.4485 | Val Max Gen Viol: 0.7331 | Val Max Thermal: 0.0000
Epoch 4120 | Val Loss: 29.3220 | Val Cost:    0.00 | Val Max P-Miss: 0.5489 | Val Max Q-Miss: 0.4485 | Val Max Gen Viol: 0.7349 | Val Max Thermal: 0.0000
Epoch 4130 | Val Loss: 14.6392 | Val Cost:    0.00 | Val Max P-Miss: 0.5489 | Val Max Q-Miss: 0.4485 | Val Max Gen Viol: 0.7357 | Val Max Thermal: 0.0000
Epoch 4140 | Val Loss: 8.7976 | Val Cost:    0.00 | Val Max P-Miss: 0.5489 | Val Max Q-Miss: 0.4485 | Val Max Gen Viol: 0.7362 | Val Max Thermal: 0.0000
Epoch 4150 | Val Loss: 20.5869 | Val Cost:    0.00 | Val Max P-Miss: 0.5489 | Val Max Q-Miss: 0.4485 | Val Max Gen Viol: 0.7364 | Val Max Thermal: 0.0000
Epoch 4160 | Val Loss: 387.3639 | Val Cost:   -0.08 | Val Max P-Miss: 0.5489 | Val Max Q-Miss: 0.4485 | Val Max Gen Viol: 0.7363 | Val Max Thermal: 0.0000
Epoch 4170 | Val Loss: 18.2220 | Val Cost:    0.17 | Val Max P-Miss: 0.5489 | Val Max Q-Miss: 0.4484 | Val Max Gen Viol: 0.7355 | Val Max Thermal: 0.0000
Epoch 4180 | Val Loss: 13.9916 | Val Cost:   -0.00 | Val Max P-Miss: 0.5489 | Val Max Q-Miss: 0.4485 | Val Max Gen Viol: 0.7361 | Val Max Thermal: 0.0000
Epoch 4190 | Val Loss: 12.0927 | Val Cost:    0.00 | Val Max P-Miss: 0.5489 | Val Max Q-Miss: 0.4485 | Val Max Gen Viol: 0.7363 | Val Max Thermal: 0.0000
Epoch 4200 | Val Loss: 10.8303 | Val Cost:    0.00 | Val Max P-Miss: 0.5489 | Val Max Q-Miss: 0.4485 | Val Max Gen Viol: 0.7365 | Val Max Thermal: 0.0000
Epoch 4210 | Val Loss: 9.9592 | Val Cost:    0.00 | Val Max P-Miss: 0.5489 | Val Max Q-Miss: 0.4485 | Val Max Gen Viol: 0.7365 | Val Max Thermal: 0.0000
Epoch 4220 | Val Loss: 111.8026 | Val Cost:    0.97 | Val Max P-Miss: 0.5864 | Val Max Q-Miss: 0.4482 | Val Max Gen Viol: 0.5239 | Val Max Thermal: 0.0000
Epoch 4230 | Val Loss: 113.3569 | Val Cost:   -0.10 | Val Max P-Miss: 0.6261 | Val Max Q-Miss: 0.4483 | Val Max Gen Viol: 0.4842 | Val Max Thermal: 0.0000
Epoch 4240 | Val Loss: 94.9947 | Val Cost:    0.00 | Val Max P-Miss: 0.5536 | Val Max Q-Miss: 0.4485 | Val Max Gen Viol: 0.5567 | Val Max Thermal: 0.0000
Epoch 4250 | Val Loss: 28.3681 | Val Cost:    0.13 | Val Max P-Miss: 0.5489 | Val Max Q-Miss: 0.4485 | Val Max Gen Viol: 0.6209 | Val Max Thermal: 0.0000
Epoch 4260 | Val Loss: 41.9480 | Val Cost:    0.03 | Val Max P-Miss: 0.5489 | Val Max Q-Miss: 0.4487 | Val Max Gen Viol: 0.6663 | Val Max Thermal: 0.0000
Epoch 4270 | Val Loss: 7.6589 | Val Cost:    0.00 | Val Max P-Miss: 0.5489 | Val Max Q-Miss: 0.4485 | Val Max Gen Viol: 0.6887 | Val Max Thermal: 0.0000
Epoch 4280 | Val Loss: 7.0557 | Val Cost:    0.00 | Val Max P-Miss: 0.5489 | Val Max Q-Miss: 0.4485 | Val Max Gen Viol: 0.7049 | Val Max Thermal: 0.0000
Epoch 4290 | Val Loss: 6.5899 | Val Cost:    0.00 | Val Max P-Miss: 0.5489 | Val Max Q-Miss: 0.4485 | Val Max Gen Viol: 0.7166 | Val Max Thermal: 0.0000
Epoch 4300 | Val Loss: 6.2407 | Val Cost:    0.00 | Val Max P-Miss: 0.5489 | Val Max Q-Miss: 0.4485 | Val Max Gen Viol: 0.7246 | Val Max Thermal: 0.0000
Epoch 4310 | Val Loss: 5.9808 | Val Cost:    0.00 | Val Max P-Miss: 0.5489 | Val Max Q-Miss: 0.4485 | Val Max Gen Viol: 0.7297 | Val Max Thermal: 0.0000
Epoch 4320 | Val Loss: 5.7595 | Val Cost:    0.00 | Val Max P-Miss: 0.5489 | Val Max Q-Miss: 0.4485 | Val Max Gen Viol: 0.7328 | Val Max Thermal: 0.0000
Epoch 4330 | Val Loss: 5.5767 | Val Cost:    0.00 | Val Max P-Miss: 0.5489 | Val Max Q-Miss: 0.4485 | Val Max Gen Viol: 0.7346 | Val Max Thermal: 0.0000
Epoch 4340 | Val Loss: 5.4393 | Val Cost:    0.00 | Val Max P-Miss: 0.5489 | Val Max Q-Miss: 0.4485 | Val Max Gen Viol: 0.7356 | Val Max Thermal: 0.0000
Epoch 4350 | Val Loss: 5.3233 | Val Cost:    0.00 | Val Max P-Miss: 0.5489 | Val Max Q-Miss: 0.4485 | Val Max Gen Viol: 0.7361 | Val Max Thermal: 0.0000
Epoch 4360 | Val Loss: 176.1839 | Val Cost:    0.00 | Val Max P-Miss: 0.5489 | Val Max Q-Miss: 0.4485 | Val Max Gen Viol: 0.7363 | Val Max Thermal: 0.0000
Epoch 4370 | Val Loss: 68.7661 | Val Cost:   -0.10 | Val Max P-Miss: 0.5489 | Val Max Q-Miss: 0.4485 | Val Max Gen Viol: 0.7364 | Val Max Thermal: 0.0000
Epoch 4380 | Val Loss: 13.5902 | Val Cost:    0.01 | Val Max P-Miss: 0.5489 | Val Max Q-Miss: 0.4485 | Val Max Gen Viol: 0.7363 | Val Max Thermal: 0.0000
Epoch 4390 | Val Loss: 12.1200 | Val Cost:    0.00 | Val Max P-Miss: 0.5489 | Val Max Q-Miss: 0.4485 | Val Max Gen Viol: 0.7364 | Val Max Thermal: 0.0000
Epoch 4400 | Val Loss: 10.5573 | Val Cost:    0.00 | Val Max P-Miss: 0.5489 | Val Max Q-Miss: 0.4485 | Val Max Gen Viol: 0.7365 | Val Max Thermal: 0.0000
Epoch 4410 | Val Loss: 9.5232 | Val Cost:    0.00 | Val Max P-Miss: 0.5489 | Val Max Q-Miss: 0.4485 | Val Max Gen Viol: 0.7365 | Val Max Thermal: 0.0000
Epoch 4420 | Val Loss: 8.9928 | Val Cost:    0.00 | Val Max P-Miss: 0.5489 | Val Max Q-Miss: 0.4485 | Val Max Gen Viol: 0.7365 | Val Max Thermal: 0.0000
Epoch 4430 | Val Loss: 8.6560 | Val Cost:    0.00 | Val Max P-Miss: 0.5489 | Val Max Q-Miss: 0.4485 | Val Max Gen Viol: 0.7364 | Val Max Thermal: 0.0000
Epoch 4440 | Val Loss: 8.4425 | Val Cost:    0.00 | Val Max P-Miss: 0.5489 | Val Max Q-Miss: 0.4485 | Val Max Gen Viol: 0.7363 | Val Max Thermal: 0.0000
Epoch 4450 | Val Loss: 8.6657 | Val Cost:    0.00 | Val Max P-Miss: 0.5489 | Val Max Q-Miss: 0.4485 | Val Max Gen Viol: 0.7364 | Val Max Thermal: 0.0000
Epoch 4460 | Val Loss: 134.5894 | Val Cost:    0.01 | Val Max P-Miss: 0.5489 | Val Max Q-Miss: 0.4485 | Val Max Gen Viol: 0.7364 | Val Max Thermal: 0.0000
Epoch 4470 | Val Loss: 87.7375 | Val Cost:    0.01 | Val Max P-Miss: 0.5489 | Val Max Q-Miss: 0.4485 | Val Max Gen Viol: 0.7365 | Val Max Thermal: 0.0000
Epoch 4480 | Val Loss: 30.6509 | Val Cost:   -0.20 | Val Max P-Miss: 0.5489 | Val Max Q-Miss: 0.4484 | Val Max Gen Viol: 0.7363 | Val Max Thermal: 0.0000
Epoch 4490 | Val Loss: 78.2104 | Val Cost:    1.75 | Val Max P-Miss: 0.5489 | Val Max Q-Miss: 0.4486 | Val Max Gen Viol: 0.7247 | Val Max Thermal: 0.0000
Epoch 4500 | Val Loss: 10.4204 | Val Cost:   -0.17 | Val Max P-Miss: 0.5489 | Val Max Q-Miss: 0.4485 | Val Max Gen Viol: 0.6096 | Val Max Thermal: 0.0000
Epoch 4510 | Val Loss: 8.6954 | Val Cost:   -0.00 | Val Max P-Miss: 0.5489 | Val Max Q-Miss: 0.4485 | Val Max Gen Viol: 0.6653 | Val Max Thermal: 0.0000
Epoch 4520 | Val Loss: 7.7889 | Val Cost:    0.00 | Val Max P-Miss: 0.5489 | Val Max Q-Miss: 0.4485 | Val Max Gen Viol: 0.6999 | Val Max Thermal: 0.0000
Epoch 4530 | Val Loss: 7.1260 | Val Cost:    0.00 | Val Max P-Miss: 0.5489 | Val Max Q-Miss: 0.4485 | Val Max Gen Viol: 0.7192 | Val Max Thermal: 0.0000
Epoch 4540 | Val Loss: 6.7065 | Val Cost:    0.00 | Val Max P-Miss: 0.5489 | Val Max Q-Miss: 0.4485 | Val Max Gen Viol: 0.7290 | Val Max Thermal: 0.0000
Epoch 4550 | Val Loss: 6.2272 | Val Cost:    0.00 | Val Max P-Miss: 0.5489 | Val Max Q-Miss: 0.4485 | Val Max Gen Viol: 0.7335 | Val Max Thermal: 0.0000
Epoch 4560 | Val Loss: 5.8904 | Val Cost:    0.00 | Val Max P-Miss: 0.5489 | Val Max Q-Miss: 0.4485 | Val Max Gen Viol: 0.7354 | Val Max Thermal: 0.0000
Epoch 4570 | Val Loss: 5.6147 | Val Cost:    0.00 | Val Max P-Miss: 0.5489 | Val Max Q-Miss: 0.4485 | Val Max Gen Viol: 0.7362 | Val Max Thermal: 0.0000
Epoch 4580 | Val Loss: 40.9798 | Val Cost:   -0.00 | Val Max P-Miss: 0.5489 | Val Max Q-Miss: 0.4485 | Val Max Gen Viol: 0.7359 | Val Max Thermal: 0.0000
Epoch 4590 | Val Loss: 12.5602 | Val Cost:    0.00 | Val Max P-Miss: 0.5489 | Val Max Q-Miss: 0.4485 | Val Max Gen Viol: 0.7359 | Val Max Thermal: 0.0000
Epoch 4600 | Val Loss: 9.8970 | Val Cost:    0.00 | Val Max P-Miss: 0.5489 | Val Max Q-Miss: 0.4485 | Val Max Gen Viol: 0.7362 | Val Max Thermal: 0.0000
Epoch 4610 | Val Loss: 8.4132 | Val Cost:    0.00 | Val Max P-Miss: 0.5489 | Val Max Q-Miss: 0.4485 | Val Max Gen Viol: 0.7364 | Val Max Thermal: 0.0000
Epoch 4620 | Val Loss: 7.4982 | Val Cost:    0.00 | Val Max P-Miss: 0.5489 | Val Max Q-Miss: 0.4485 | Val Max Gen Viol: 0.7364 | Val Max Thermal: 0.0000
Epoch 4630 | Val Loss: 6.9218 | Val Cost:    0.00 | Val Max P-Miss: 0.5489 | Val Max Q-Miss: 0.4485 | Val Max Gen Viol: 0.7363 | Val Max Thermal: 0.0000
Epoch 4640 | Val Loss: 6.5126 | Val Cost:    0.00 | Val Max P-Miss: 0.5489 | Val Max Q-Miss: 0.4485 | Val Max Gen Viol: 0.7364 | Val Max Thermal: 0.0000
Epoch 4650 | Val Loss: 5.9407 | Val Cost:    0.00 | Val Max P-Miss: 0.5489 | Val Max Q-Miss: 0.4485 | Val Max Gen Viol: 0.7365 | Val Max Thermal: 0.0000
Epoch 4660 | Val Loss: 5.5212 | Val Cost:    0.00 | Val Max P-Miss: 0.5489 | Val Max Q-Miss: 0.4485 | Val Max Gen Viol: 0.7365 | Val Max Thermal: 0.0000
Epoch 4670 | Val Loss: 5.1873 | Val Cost:    0.00 | Val Max P-Miss: 0.5489 | Val Max Q-Miss: 0.4485 | Val Max Gen Viol: 0.7365 | Val Max Thermal: 0.0000
Epoch 4680 | Val Loss: 88.3356 | Val Cost:   -0.06 | Val Max P-Miss: 0.5489 | Val Max Q-Miss: 0.4488 | Val Max Gen Viol: 0.7355 | Val Max Thermal: 0.0000
Epoch 4690 | Val Loss: 198.8676 | Val Cost:   -0.02 | Val Max P-Miss: 0.5489 | Val Max Q-Miss: 0.4483 | Val Max Gen Viol: 0.5979 | Val Max Thermal: 0.0000
Epoch 4700 | Val Loss: 114.3690 | Val Cost:    0.01 | Val Max P-Miss: 0.5489 | Val Max Q-Miss: 0.4485 | Val Max Gen Viol: 0.6175 | Val Max Thermal: 0.0000
Epoch 4710 | Val Loss: 65.6084 | Val Cost:    0.01 | Val Max P-Miss: 0.5489 | Val Max Q-Miss: 0.4485 | Val Max Gen Viol: 0.6827 | Val Max Thermal: 0.0000
Epoch 4720 | Val Loss: 55.1211 | Val Cost:    0.01 | Val Max P-Miss: 0.5489 | Val Max Q-Miss: 0.4485 | Val Max Gen Viol: 0.7178 | Val Max Thermal: 0.0000
Epoch 4730 | Val Loss: 14.1298 | Val Cost:   -0.00 | Val Max P-Miss: 0.5489 | Val Max Q-Miss: 0.4485 | Val Max Gen Viol: 0.7296 | Val Max Thermal: 0.0000
Epoch 4740 | Val Loss: 11.1641 | Val Cost:    0.00 | Val Max P-Miss: 0.5489 | Val Max Q-Miss: 0.4485 | Val Max Gen Viol: 0.7330 | Val Max Thermal: 0.0000
Epoch 4750 | Val Loss: 9.7587 | Val Cost:    0.00 | Val Max P-Miss: 0.5489 | Val Max Q-Miss: 0.4485 | Val Max Gen Viol: 0.7349 | Val Max Thermal: 0.0000
Epoch 4760 | Val Loss: 8.7755 | Val Cost:    0.00 | Val Max P-Miss: 0.5489 | Val Max Q-Miss: 0.4485 | Val Max Gen Viol: 0.7359 | Val Max Thermal: 0.0000
Epoch 4770 | Val Loss: 8.0612 | Val Cost:    0.00 | Val Max P-Miss: 0.5489 | Val Max Q-Miss: 0.4485 | Val Max Gen Viol: 0.7363 | Val Max Thermal: 0.0000
Epoch 4780 | Val Loss: 7.5067 | Val Cost:    0.00 | Val Max P-Miss: 0.5489 | Val Max Q-Miss: 0.4485 | Val Max Gen Viol: 0.7365 | Val Max Thermal: 0.0000
Epoch 4790 | Val Loss: 42.5654 | Val Cost:    0.00 | Val Max P-Miss: 0.5489 | Val Max Q-Miss: 0.4485 | Val Max Gen Viol: 0.7365 | Val Max Thermal: 0.0000
Epoch 4800 | Val Loss: 48.5612 | Val Cost:    0.56 | Val Max P-Miss: 0.5489 | Val Max Q-Miss: 0.4492 | Val Max Gen Viol: 0.7373 | Val Max Thermal: 0.0000
Epoch 4810 | Val Loss: 25.9455 | Val Cost:   -0.15 | Val Max P-Miss: 0.5489 | Val Max Q-Miss: 0.4485 | Val Max Gen Viol: 0.5974 | Val Max Thermal: 0.0000
Epoch 4820 | Val Loss: 9.6007 | Val Cost:   -0.00 | Val Max P-Miss: 0.5883 | Val Max Q-Miss: 0.4485 | Val Max Gen Viol: 0.5220 | Val Max Thermal: 0.0000
Epoch 4830 | Val Loss: 28.0442 | Val Cost:    0.00 | Val Max P-Miss: 0.5489 | Val Max Q-Miss: 0.4485 | Val Max Gen Viol: 0.5756 | Val Max Thermal: 0.0000
Epoch 4840 | Val Loss: 13.9587 | Val Cost:    0.00 | Val Max P-Miss: 0.5489 | Val Max Q-Miss: 0.4485 | Val Max Gen Viol: 0.6191 | Val Max Thermal: 0.0000
Epoch 4850 | Val Loss: 8.5223 | Val Cost:    0.02 | Val Max P-Miss: 0.5489 | Val Max Q-Miss: 0.4485 | Val Max Gen Viol: 0.6533 | Val Max Thermal: 0.0000
Epoch 4860 | Val Loss: 27.3347 | Val Cost:   -1.10 | Val Max P-Miss: 0.5489 | Val Max Q-Miss: 0.4484 | Val Max Gen Viol: 0.6790 | Val Max Thermal: 0.0000
Epoch 4870 | Val Loss: 12.5583 | Val Cost:    0.04 | Val Max P-Miss: 0.5489 | Val Max Q-Miss: 0.4485 | Val Max Gen Viol: 0.6934 | Val Max Thermal: 0.0000
Epoch 4880 | Val Loss: 26.4757 | Val Cost:    0.01 | Val Max P-Miss: 0.5489 | Val Max Q-Miss: 0.4482 | Val Max Gen Viol: 0.6753 | Val Max Thermal: 0.0000
Epoch 4890 | Val Loss: 33.6229 | Val Cost:    0.04 | Val Max P-Miss: 0.5591 | Val Max Q-Miss: 0.4484 | Val Max Gen Viol: 0.5512 | Val Max Thermal: 0.0000
Epoch 4900 | Val Loss: 18.1599 | Val Cost:   -0.00 | Val Max P-Miss: 0.5489 | Val Max Q-Miss: 0.4485 | Val Max Gen Viol: 0.5920 | Val Max Thermal: 0.0000
Epoch 4910 | Val Loss: 13.0801 | Val Cost:    0.00 | Val Max P-Miss: 0.5489 | Val Max Q-Miss: 0.4485 | Val Max Gen Viol: 0.6296 | Val Max Thermal: 0.0000
Epoch 4920 | Val Loss: 11.0252 | Val Cost:    0.00 | Val Max P-Miss: 0.5489 | Val Max Q-Miss: 0.4485 | Val Max Gen Viol: 0.6617 | Val Max Thermal: 0.0000
Epoch 4930 | Val Loss: 9.7506 | Val Cost:    0.00 | Val Max P-Miss: 0.5489 | Val Max Q-Miss: 0.4485 | Val Max Gen Viol: 0.6870 | Val Max Thermal: 0.0000
Epoch 4940 | Val Loss: 7.2530 | Val Cost:    0.00 | Val Max P-Miss: 0.5489 | Val Max Q-Miss: 0.4485 | Val Max Gen Viol: 0.7056 | Val Max Thermal: 0.0000
Epoch 4950 | Val Loss: 37.4225 | Val Cost:    0.00 | Val Max P-Miss: 0.5489 | Val Max Q-Miss: 0.4485 | Val Max Gen Viol: 0.7183 | Val Max Thermal: 0.0000
Epoch 4960 | Val Loss: 152.5085 | Val Cost:    0.00 | Val Max P-Miss: 0.5489 | Val Max Q-Miss: 0.4485 | Val Max Gen Viol: 0.7248 | Val Max Thermal: 0.0000
Epoch 4970 | Val Loss: 69.1019 | Val Cost:    0.01 | Val Max P-Miss: 0.5489 | Val Max Q-Miss: 0.4485 | Val Max Gen Viol: 0.7301 | Val Max Thermal: 0.0000
Epoch 4980 | Val Loss: 404.8511 | Val Cost:   -0.39 | Val Max P-Miss: 0.5489 | Val Max Q-Miss: 0.4462 | Val Max Gen Viol: 0.7298 | Val Max Thermal: 0.0000
Epoch 4990 | Val Loss: 28.2387 | Val Cost:   -1.03 | Val Max P-Miss: 0.5766 | Val Max Q-Miss: 0.4483 | Val Max Gen Viol: 0.5337 | Val Max Thermal: 0.0000
Epoch 5000 | Val Loss: 8.5534 | Val Cost:    0.02 | Val Max P-Miss: 0.6022 | Val Max Q-Miss: 0.4485 | Val Max Gen Viol: 0.5080 | Val Max Thermal: 0.0000
Epoch 5010 | Val Loss: 10.0407 | Val Cost:    0.00 | Val Max P-Miss: 0.5594 | Val Max Q-Miss: 0.4485 | Val Max Gen Viol: 0.5509 | Val Max Thermal: 0.0000
Epoch 5020 | Val Loss: 8.8633 | Val Cost:    0.00 | Val Max P-Miss: 0.5489 | Val Max Q-Miss: 0.4485 | Val Max Gen Viol: 0.5890 | Val Max Thermal: 0.0000
Epoch 5030 | Val Loss: 7.9048 | Val Cost:    0.00 | Val Max P-Miss: 0.5489 | Val Max Q-Miss: 0.4485 | Val Max Gen Viol: 0.6230 | Val Max Thermal: 0.0000
Epoch 5040 | Val Loss: 7.2192 | Val Cost:    0.00 | Val Max P-Miss: 0.5489 | Val Max Q-Miss: 0.4485 | Val Max Gen Viol: 0.6520 | Val Max Thermal: 0.0000
Epoch 5050 | Val Loss: 6.5903 | Val Cost:    0.00 | Val Max P-Miss: 0.5489 | Val Max Q-Miss: 0.4485 | Val Max Gen Viol: 0.6757 | Val Max Thermal: 0.0000
Epoch 5060 | Val Loss: 6.3464 | Val Cost:    0.00 | Val Max P-Miss: 0.5489 | Val Max Q-Miss: 0.4485 | Val Max Gen Viol: 0.6942 | Val Max Thermal: 0.0000
Epoch 5070 | Val Loss: 6.2010 | Val Cost:    0.00 | Val Max P-Miss: 0.5489 | Val Max Q-Miss: 0.4485 | Val Max Gen Viol: 0.7081 | Val Max Thermal: 0.0000
Epoch 5080 | Val Loss: 5.9879 | Val Cost:    0.00 | Val Max P-Miss: 0.5489 | Val Max Q-Miss: 0.4485 | Val Max Gen Viol: 0.7180 | Val Max Thermal: 0.0000
Epoch 5090 | Val Loss: 5.6967 | Val Cost:    0.00 | Val Max P-Miss: 0.5489 | Val Max Q-Miss: 0.4485 | Val Max Gen Viol: 0.7249 | Val Max Thermal: 0.0000
Epoch 5100 | Val Loss: 5.4379 | Val Cost:    0.00 | Val Max P-Miss: 0.5489 | Val Max Q-Miss: 0.4485 | Val Max Gen Viol: 0.7295 | Val Max Thermal: 0.0000
Epoch 5110 | Val Loss: 27.5435 | Val Cost:    0.00 | Val Max P-Miss: 0.5489 | Val Max Q-Miss: 0.4485 | Val Max Gen Viol: 0.7320 | Val Max Thermal: 0.0000
Epoch 5120 | Val Loss: 10.0138 | Val Cost:    0.00 | Val Max P-Miss: 0.5489 | Val Max Q-Miss: 0.4485 | Val Max Gen Viol: 0.7332 | Val Max Thermal: 0.0000
Epoch 5130 | Val Loss: 9.9991 | Val Cost:    0.00 | Val Max P-Miss: 0.5489 | Val Max Q-Miss: 0.4485 | Val Max Gen Viol: 0.7341 | Val Max Thermal: 0.0000
Epoch 5140 | Val Loss: 8.6551 | Val Cost:    0.00 | Val Max P-Miss: 0.5489 | Val Max Q-Miss: 0.4485 | Val Max Gen Viol: 0.7349 | Val Max Thermal: 0.0000
Epoch 5150 | Val Loss: 7.7619 | Val Cost:    0.00 | Val Max P-Miss: 0.5489 | Val Max Q-Miss: 0.4485 | Val Max Gen Viol: 0.7355 | Val Max Thermal: 0.0000
Epoch 5160 | Val Loss: 7.1362 | Val Cost:    0.00 | Val Max P-Miss: 0.5489 | Val Max Q-Miss: 0.4485 | Val Max Gen Viol: 0.7359 | Val Max Thermal: 0.0000
Epoch 5170 | Val Loss: 6.6178 | Val Cost:    0.00 | Val Max P-Miss: 0.5489 | Val Max Q-Miss: 0.4485 | Val Max Gen Viol: 0.7361 | Val Max Thermal: 0.0000
Epoch 5180 | Val Loss: 6.0474 | Val Cost:    0.00 | Val Max P-Miss: 0.5489 | Val Max Q-Miss: 0.4485 | Val Max Gen Viol: 0.7363 | Val Max Thermal: 0.0000
Epoch 5190 | Val Loss: 5.8250 | Val Cost:    0.00 | Val Max P-Miss: 0.5489 | Val Max Q-Miss: 0.4485 | Val Max Gen Viol: 0.7364 | Val Max Thermal: 0.0000
Epoch 5200 | Val Loss: 5.5771 | Val Cost:    0.00 | Val Max P-Miss: 0.5489 | Val Max Q-Miss: 0.4485 | Val Max Gen Viol: 0.7365 | Val Max Thermal: 0.0000
Epoch 5210 | Val Loss: 8.8992 | Val Cost:    0.01 | Val Max P-Miss: 0.5489 | Val Max Q-Miss: 0.4485 | Val Max Gen Viol: 0.7365 | Val Max Thermal: 0.0000
Epoch 5220 | Val Loss: 126.6735 | Val Cost:    0.00 | Val Max P-Miss: 0.5489 | Val Max Q-Miss: 0.4485 | Val Max Gen Viol: 0.7365 | Val Max Thermal: 0.0000
Epoch 5230 | Val Loss: 24.6148 | Val Cost:   -0.00 | Val Max P-Miss: 0.5489 | Val Max Q-Miss: 0.4485 | Val Max Gen Viol: 0.7365 | Val Max Thermal: 0.0000
Epoch 5240 | Val Loss: 14.7938 | Val Cost:   -0.32 | Val Max P-Miss: 0.5489 | Val Max Q-Miss: 0.4484 | Val Max Gen Viol: 0.7344 | Val Max Thermal: 0.0000
Epoch 5250 | Val Loss: 8.5321 | Val Cost:   -0.01 | Val Max P-Miss: 0.5489 | Val Max Q-Miss: 0.4485 | Val Max Gen Viol: 0.7347 | Val Max Thermal: 0.0000
Epoch 5260 | Val Loss: 7.2596 | Val Cost:    0.00 | Val Max P-Miss: 0.5489 | Val Max Q-Miss: 0.4485 | Val Max Gen Viol: 0.7355 | Val Max Thermal: 0.0000
Epoch 5270 | Val Loss: 6.2957 | Val Cost:    0.00 | Val Max P-Miss: 0.5489 | Val Max Q-Miss: 0.4485 | Val Max Gen Viol: 0.7360 | Val Max Thermal: 0.0000
Epoch 5280 | Val Loss: 5.8639 | Val Cost:    0.00 | Val Max P-Miss: 0.5489 | Val Max Q-Miss: 0.4485 | Val Max Gen Viol: 0.7363 | Val Max Thermal: 0.0000
Epoch 5290 | Val Loss: 5.7107 | Val Cost:    0.00 | Val Max P-Miss: 0.5489 | Val Max Q-Miss: 0.4485 | Val Max Gen Viol: 0.7365 | Val Max Thermal: 0.0000
Epoch 5300 | Val Loss: 5.4547 | Val Cost:    0.00 | Val Max P-Miss: 0.5489 | Val Max Q-Miss: 0.4485 | Val Max Gen Viol: 0.7365 | Val Max Thermal: 0.0000
Epoch 5310 | Val Loss: 63.9175 | Val Cost:   -0.01 | Val Max P-Miss: 0.5489 | Val Max Q-Miss: 0.4485 | Val Max Gen Viol: 0.7362 | Val Max Thermal: 0.0000
Epoch 5320 | Val Loss: 23.0331 | Val Cost:    0.02 | Val Max P-Miss: 0.5489 | Val Max Q-Miss: 0.4485 | Val Max Gen Viol: 0.7351 | Val Max Thermal: 0.0000
Epoch 5330 | Val Loss: 3.4438 | Val Cost:    0.04 | Val Max P-Miss: 0.5489 | Val Max Q-Miss: 0.4485 | Val Max Gen Viol: 0.7356 | Val Max Thermal: 0.0000 [*SAVED BEST*]
Epoch 5340 | Val Loss: 198.6281 | Val Cost:    0.01 | Val Max P-Miss: 0.5489 | Val Max Q-Miss: 0.4485 | Val Max Gen Viol: 0.7362 | Val Max Thermal: 0.0000
Epoch 5350 | Val Loss: 22.7140 | Val Cost:    0.12 | Val Max P-Miss: 0.5489 | Val Max Q-Miss: 0.4484 | Val Max Gen Viol: 0.7017 | Val Max Thermal: 0.0000
Epoch 5360 | Val Loss: 88.8240 | Val Cost:    2.88 | Val Max P-Miss: 0.5489 | Val Max Q-Miss: 0.4489 | Val Max Gen Viol: 0.5678 | Val Max Thermal: 0.0000
Epoch 5370 | Val Loss: 59.2396 | Val Cost:    0.04 | Val Max P-Miss: 0.5489 | Val Max Q-Miss: 0.4485 | Val Max Gen Viol: 0.6159 | Val Max Thermal: 0.0000
Epoch 5380 | Val Loss: 32.5418 | Val Cost:    0.00 | Val Max P-Miss: 0.5489 | Val Max Q-Miss: 0.4485 | Val Max Gen Viol: 0.6631 | Val Max Thermal: 0.0000
Epoch 5390 | Val Loss: 16.0636 | Val Cost:    0.01 | Val Max P-Miss: 0.5489 | Val Max Q-Miss: 0.4485 | Val Max Gen Viol: 0.6912 | Val Max Thermal: 0.0000
Epoch 5400 | Val Loss: 12.2863 | Val Cost:    0.00 | Val Max P-Miss: 0.5489 | Val Max Q-Miss: 0.4485 | Val Max Gen Viol: 0.7043 | Val Max Thermal: 0.0000
Epoch 5410 | Val Loss: 10.3307 | Val Cost:    0.00 | Val Max P-Miss: 0.5489 | Val Max Q-Miss: 0.4485 | Val Max Gen Viol: 0.7145 | Val Max Thermal: 0.0000
Epoch 5420 | Val Loss: 9.1024 | Val Cost:    0.00 | Val Max P-Miss: 0.5489 | Val Max Q-Miss: 0.4485 | Val Max Gen Viol: 0.7224 | Val Max Thermal: 0.0000
Epoch 5430 | Val Loss: 8.2362 | Val Cost:    0.00 | Val Max P-Miss: 0.5489 | Val Max Q-Miss: 0.4485 | Val Max Gen Viol: 0.7279 | Val Max Thermal: 0.0000
Epoch 5440 | Val Loss: 7.6047 | Val Cost:    0.00 | Val Max P-Miss: 0.5489 | Val Max Q-Miss: 0.4485 | Val Max Gen Viol: 0.7316 | Val Max Thermal: 0.0000
Epoch 5450 | Val Loss: 10.5664 | Val Cost:    0.00 | Val Max P-Miss: 0.5489 | Val Max Q-Miss: 0.4485 | Val Max Gen Viol: 0.7339 | Val Max Thermal: 0.0000
Epoch 5460 | Val Loss: 6.7211 | Val Cost:    0.00 | Val Max P-Miss: 0.5489 | Val Max Q-Miss: 0.4485 | Val Max Gen Viol: 0.7352 | Val Max Thermal: 0.0000
Epoch 5470 | Val Loss: 6.4169 | Val Cost:    0.00 | Val Max P-Miss: 0.5489 | Val Max Q-Miss: 0.4485 | Val Max Gen Viol: 0.7359 | Val Max Thermal: 0.0000
Epoch 5480 | Val Loss: 6.1051 | Val Cost:    0.00 | Val Max P-Miss: 0.5489 | Val Max Q-Miss: 0.4485 | Val Max Gen Viol: 0.7362 | Val Max Thermal: 0.0000
Epoch 5490 | Val Loss: 5.8744 | Val Cost:    0.00 | Val Max P-Miss: 0.5489 | Val Max Q-Miss: 0.4485 | Val Max Gen Viol: 0.7364 | Val Max Thermal: 0.0000
Epoch 5500 | Val Loss: 5.6967 | Val Cost:    0.00 | Val Max P-Miss: 0.5489 | Val Max Q-Miss: 0.4485 | Val Max Gen Viol: 0.7365 | Val Max Thermal: 0.0000
Epoch 5510 | Val Loss: 5.4605 | Val Cost:    0.00 | Val Max P-Miss: 0.5489 | Val Max Q-Miss: 0.4485 | Val Max Gen Viol: 0.7365 | Val Max Thermal: 0.0000
Epoch 5520 | Val Loss: 39.9273 | Val Cost:    0.00 | Val Max P-Miss: 0.5489 | Val Max Q-Miss: 0.4485 | Val Max Gen Viol: 0.7365 | Val Max Thermal: 0.0000
Epoch 5530 | Val Loss: 27.6977 | Val Cost:   -0.20 | Val Max P-Miss: 0.5489 | Val Max Q-Miss: 0.4477 | Val Max Gen Viol: 0.7352 | Val Max Thermal: 0.0000
Epoch 5540 | Val Loss: 12.7882 | Val Cost:    0.01 | Val Max P-Miss: 0.5489 | Val Max Q-Miss: 0.4484 | Val Max Gen Viol: 0.7364 | Val Max Thermal: 0.0000
Epoch 5550 | Val Loss: 9.0289 | Val Cost:    0.00 | Val Max P-Miss: 0.5489 | Val Max Q-Miss: 0.4485 | Val Max Gen Viol: 0.7365 | Val Max Thermal: 0.0000
Epoch 5560 | Val Loss: 7.7377 | Val Cost:    0.00 | Val Max P-Miss: 0.5489 | Val Max Q-Miss: 0.4485 | Val Max Gen Viol: 0.7365 | Val Max Thermal: 0.0000
Epoch 5570 | Val Loss: 6.7966 | Val Cost:    0.00 | Val Max P-Miss: 0.5489 | Val Max Q-Miss: 0.4485 | Val Max Gen Viol: 0.7365 | Val Max Thermal: 0.0000
Epoch 5580 | Val Loss: 6.0843 | Val Cost:    0.00 | Val Max P-Miss: 0.5489 | Val Max Q-Miss: 0.4485 | Val Max Gen Viol: 0.7365 | Val Max Thermal: 0.0000
Epoch 5590 | Val Loss: 5.6735 | Val Cost:    0.00 | Val Max P-Miss: 0.5489 | Val Max Q-Miss: 0.4485 | Val Max Gen Viol: 0.7364 | Val Max Thermal: 0.0000
Epoch 5600 | Val Loss: 9.8166 | Val Cost:    0.00 | Val Max P-Miss: 0.5489 | Val Max Q-Miss: 0.4485 | Val Max Gen Viol: 0.7364 | Val Max Thermal: 0.0000
Epoch 5610 | Val Loss: 31.6449 | Val Cost:   -0.02 | Val Max P-Miss: 0.5489 | Val Max Q-Miss: 0.4477 | Val Max Gen Viol: 0.7347 | Val Max Thermal: 0.0000
Epoch 5620 | Val Loss: 82.4060 | Val Cost:    0.01 | Val Max P-Miss: 0.5489 | Val Max Q-Miss: 0.4485 | Val Max Gen Viol: 0.7361 | Val Max Thermal: 0.0000
Epoch 5630 | Val Loss: 50.6624 | Val Cost:    0.00 | Val Max P-Miss: 0.5489 | Val Max Q-Miss: 0.4485 | Val Max Gen Viol: 0.7364 | Val Max Thermal: 0.0000
Epoch 5640 | Val Loss: 51.4612 | Val Cost:    0.00 | Val Max P-Miss: 0.5489 | Val Max Q-Miss: 0.4485 | Val Max Gen Viol: 0.7364 | Val Max Thermal: 0.0000
Epoch 5650 | Val Loss: 71.7245 | Val Cost:    0.15 | Val Max P-Miss: 0.5489 | Val Max Q-Miss: 0.4486 | Val Max Gen Viol: 0.6291 | Val Max Thermal: 0.0000
Epoch 5660 | Val Loss: 9.4629 | Val Cost:    0.06 | Val Max P-Miss: 0.6258 | Val Max Q-Miss: 0.4486 | Val Max Gen Viol: 0.4845 | Val Max Thermal: 0.0000
Epoch 5670 | Val Loss: 8.2834 | Val Cost:   -0.00 | Val Max P-Miss: 0.5740 | Val Max Q-Miss: 0.4485 | Val Max Gen Viol: 0.5363 | Val Max Thermal: 0.0000
Epoch 5680 | Val Loss: 7.4444 | Val Cost:    0.00 | Val Max P-Miss: 0.5489 | Val Max Q-Miss: 0.4485 | Val Max Gen Viol: 0.5840 | Val Max Thermal: 0.0000
Epoch 5690 | Val Loss: 6.8371 | Val Cost:    0.00 | Val Max P-Miss: 0.5489 | Val Max Q-Miss: 0.4485 | Val Max Gen Viol: 0.6252 | Val Max Thermal: 0.0000
Epoch 5700 | Val Loss: 6.3838 | Val Cost:    0.00 | Val Max P-Miss: 0.5489 | Val Max Q-Miss: 0.4485 | Val Max Gen Viol: 0.6589 | Val Max Thermal: 0.0000
Epoch 5710 | Val Loss: 6.0484 | Val Cost:    0.00 | Val Max P-Miss: 0.5489 | Val Max Q-Miss: 0.4485 | Val Max Gen Viol: 0.6849 | Val Max Thermal: 0.0000
Epoch 5720 | Val Loss: 5.7839 | Val Cost:    0.00 | Val Max P-Miss: 0.5489 | Val Max Q-Miss: 0.4485 | Val Max Gen Viol: 0.7037 | Val Max Thermal: 0.0000
Epoch 5730 | Val Loss: 5.5497 | Val Cost:    0.00 | Val Max P-Miss: 0.5489 | Val Max Q-Miss: 0.4485 | Val Max Gen Viol: 0.7166 | Val Max Thermal: 0.0000
Epoch 5740 | Val Loss: 5.3506 | Val Cost:    0.00 | Val Max P-Miss: 0.5489 | Val Max Q-Miss: 0.4485 | Val Max Gen Viol: 0.7250 | Val Max Thermal: 0.0000
Epoch 5750 | Val Loss: 82.4122 | Val Cost:    0.00 | Val Max P-Miss: 0.5489 | Val Max Q-Miss: 0.4485 | Val Max Gen Viol: 0.7301 | Val Max Thermal: 0.0000
Epoch 5760 | Val Loss: 11.0667 | Val Cost:    0.00 | Val Max P-Miss: 0.5489 | Val Max Q-Miss: 0.4485 | Val Max Gen Viol: 0.7323 | Val Max Thermal: 0.0000
Epoch 5770 | Val Loss: 9.2168 | Val Cost:    0.00 | Val Max P-Miss: 0.5489 | Val Max Q-Miss: 0.4485 | Val Max Gen Viol: 0.7337 | Val Max Thermal: 0.0000
Epoch 5780 | Val Loss: 7.6386 | Val Cost:    0.00 | Val Max P-Miss: 0.5489 | Val Max Q-Miss: 0.4485 | Val Max Gen Viol: 0.7347 | Val Max Thermal: 0.0000
Epoch 5790 | Val Loss: 7.2434 | Val Cost:    0.00 | Val Max P-Miss: 0.5489 | Val Max Q-Miss: 0.4485 | Val Max Gen Viol: 0.7354 | Val Max Thermal: 0.0000
Epoch 5800 | Val Loss: 6.4912 | Val Cost:    0.00 | Val Max P-Miss: 0.5489 | Val Max Q-Miss: 0.4485 | Val Max Gen Viol: 0.7359 | Val Max Thermal: 0.0000
Epoch 5810 | Val Loss: 5.9098 | Val Cost:    0.00 | Val Max P-Miss: 0.5489 | Val Max Q-Miss: 0.4485 | Val Max Gen Viol: 0.7362 | Val Max Thermal: 0.0000
Epoch 5820 | Val Loss: 5.4300 | Val Cost:    0.00 | Val Max P-Miss: 0.5489 | Val Max Q-Miss: 0.4485 | Val Max Gen Viol: 0.7364 | Val Max Thermal: 0.0000
Epoch 5830 | Val Loss: 5.1423 | Val Cost:    0.00 | Val Max P-Miss: 0.5489 | Val Max Q-Miss: 0.4485 | Val Max Gen Viol: 0.7364 | Val Max Thermal: 0.0000
Epoch 5840 | Val Loss: 15.3007 | Val Cost:    0.00 | Val Max P-Miss: 0.5489 | Val Max Q-Miss: 0.4485 | Val Max Gen Viol: 0.7365 | Val Max Thermal: 0.0000
Epoch 5850 | Val Loss: 7.7353 | Val Cost:   -0.05 | Val Max P-Miss: 0.5489 | Val Max Q-Miss: 0.4485 | Val Max Gen Viol: 0.7364 | Val Max Thermal: 0.0000
Epoch 5860 | Val Loss: 118.0162 | Val Cost:    0.01 | Val Max P-Miss: 0.5489 | Val Max Q-Miss: 0.4485 | Val Max Gen Viol: 0.7351 | Val Max Thermal: 0.0000
Epoch 5870 | Val Loss: 72.4498 | Val Cost:   -0.01 | Val Max P-Miss: 0.5489 | Val Max Q-Miss: 0.4485 | Val Max Gen Viol: 0.7358 | Val Max Thermal: 0.0000
Epoch 5880 | Val Loss: 31.8769 | Val Cost:   -0.00 | Val Max P-Miss: 0.5489 | Val Max Q-Miss: 0.4485 | Val Max Gen Viol: 0.7362 | Val Max Thermal: 0.0000
Epoch 5890 | Val Loss: 11.8715 | Val Cost:    0.04 | Val Max P-Miss: 0.5489 | Val Max Q-Miss: 0.4485 | Val Max Gen Viol: 0.7365 | Val Max Thermal: 0.0000
Epoch 5900 | Val Loss: 9.4154 | Val Cost:    0.00 | Val Max P-Miss: 0.5489 | Val Max Q-Miss: 0.4485 | Val Max Gen Viol: 0.7362 | Val Max Thermal: 0.0000
Epoch 5910 | Val Loss: 8.1315 | Val Cost:    0.00 | Val Max P-Miss: 0.5489 | Val Max Q-Miss: 0.4485 | Val Max Gen Viol: 0.7363 | Val Max Thermal: 0.0000
Epoch 5920 | Val Loss: 7.3341 | Val Cost:    0.00 | Val Max P-Miss: 0.5489 | Val Max Q-Miss: 0.4485 | Val Max Gen Viol: 0.7364 | Val Max Thermal: 0.0000
Epoch 5930 | Val Loss: 6.7369 | Val Cost:    0.00 | Val Max P-Miss: 0.5489 | Val Max Q-Miss: 0.4485 | Val Max Gen Viol: 0.7365 | Val Max Thermal: 0.0000
Epoch 5940 | Val Loss: 6.2944 | Val Cost:    0.00 | Val Max P-Miss: 0.5489 | Val Max Q-Miss: 0.4485 | Val Max Gen Viol: 0.7365 | Val Max Thermal: 0.0000
Epoch 5950 | Val Loss: 6.0203 | Val Cost:    0.00 | Val Max P-Miss: 0.5489 | Val Max Q-Miss: 0.4485 | Val Max Gen Viol: 0.7365 | Val Max Thermal: 0.0000
Epoch 5960 | Val Loss: 5.7389 | Val Cost:    0.00 | Val Max P-Miss: 0.5489 | Val Max Q-Miss: 0.4485 | Val Max Gen Viol: 0.7365 | Val Max Thermal: 0.0000
Epoch 5970 | Val Loss: 5.5320 | Val Cost:   -0.01 | Val Max P-Miss: 0.5489 | Val Max Q-Miss: 0.4485 | Val Max Gen Viol: 0.7365 | Val Max Thermal: 0.0000
Epoch 5980 | Val Loss: 5.3171 | Val Cost:    0.01 | Val Max P-Miss: 0.5489 | Val Max Q-Miss: 0.4485 | Val Max Gen Viol: 0.7363 | Val Max Thermal: 0.0000
Epoch 5990 | Val Loss: 19.7494 | Val Cost:    0.00 | Val Max P-Miss: 0.5489 | Val Max Q-Miss: 0.4485 | Val Max Gen Viol: 0.7365 | Val Max Thermal: 0.0000
Epoch 6000 | Val Loss: 55.9972 | Val Cost:   -0.48 | Val Max P-Miss: 0.5489 | Val Max Q-Miss: 0.4488 | Val Max Gen Viol: 0.7315 | Val Max Thermal: 0.0000
Epoch 6010 | Val Loss: 8.5437 | Val Cost:    0.02 | Val Max P-Miss: 0.5489 | Val Max Q-Miss: 0.4485 | Val Max Gen Viol: 0.7288 | Val Max Thermal: 0.0000
Epoch 6020 | Val Loss: 8.0260 | Val Cost:    0.00 | Val Max P-Miss: 0.5489 | Val Max Q-Miss: 0.4485 | Val Max Gen Viol: 0.7336 | Val Max Thermal: 0.0000
Epoch 6030 | Val Loss: 7.2281 | Val Cost:    0.00 | Val Max P-Miss: 0.5489 | Val Max Q-Miss: 0.4485 | Val Max Gen Viol: 0.7357 | Val Max Thermal: 0.0000
Epoch 6040 | Val Loss: 6.7271 | Val Cost:    0.00 | Val Max P-Miss: 0.5489 | Val Max Q-Miss: 0.4485 | Val Max Gen Viol: 0.7364 | Val Max Thermal: 0.0000
Epoch 6050 | Val Loss: 6.4180 | Val Cost:    0.00 | Val Max P-Miss: 0.5489 | Val Max Q-Miss: 0.4485 | Val Max Gen Viol: 0.7365 | Val Max Thermal: 0.0000
Epoch 6060 | Val Loss: 6.1326 | Val Cost:    0.00 | Val Max P-Miss: 0.5489 | Val Max Q-Miss: 0.4485 | Val Max Gen Viol: 0.7365 | Val Max Thermal: 0.0000
Epoch 6070 | Val Loss: 5.9123 | Val Cost:    0.00 | Val Max P-Miss: 0.5489 | Val Max Q-Miss: 0.4485 | Val Max Gen Viol: 0.7365 | Val Max Thermal: 0.0000
Epoch 6080 | Val Loss: 5.6101 | Val Cost:    0.00 | Val Max P-Miss: 0.5489 | Val Max Q-Miss: 0.4485 | Val Max Gen Viol: 0.7365 | Val Max Thermal: 0.0000
Epoch 6090 | Val Loss: 5.9544 | Val Cost:    0.00 | Val Max P-Miss: 0.5489 | Val Max Q-Miss: 0.4484 | Val Max Gen Viol: 0.7318 | Val Max Thermal: 0.0000
Epoch 6100 | Val Loss: 95.1821 | Val Cost:    0.14 | Val Max P-Miss: 0.5525 | Val Max Q-Miss: 0.4486 | Val Max Gen Viol: 0.5578 | Val Max Thermal: 0.0000
Epoch 6110 | Val Loss: 77.0153 | Val Cost:    0.00 | Val Max P-Miss: 0.5489 | Val Max Q-Miss: 0.4485 | Val Max Gen Viol: 0.6666 | Val Max Thermal: 0.0000
Epoch 6120 | Val Loss: 246.0446 | Val Cost:   -0.41 | Val Max P-Miss: 0.5489 | Val Max Q-Miss: 0.4475 | Val Max Gen Viol: 0.7216 | Val Max Thermal: 0.0000
Epoch 6130 | Val Loss: 15.9094 | Val Cost:   -0.16 | Val Max P-Miss: 0.5489 | Val Max Q-Miss: 0.4486 | Val Max Gen Viol: 0.7039 | Val Max Thermal: 0.0000
Epoch 6140 | Val Loss: 9.5255 | Val Cost:   -0.01 | Val Max P-Miss: 0.5489 | Val Max Q-Miss: 0.4485 | Val Max Gen Viol: 0.7225 | Val Max Thermal: 0.0000
Epoch 6150 | Val Loss: 8.3038 | Val Cost:    0.00 | Val Max P-Miss: 0.5489 | Val Max Q-Miss: 0.4485 | Val Max Gen Viol: 0.7320 | Val Max Thermal: 0.0000
Epoch 6160 | Val Loss: 7.4652 | Val Cost:    0.00 | Val Max P-Miss: 0.5489 | Val Max Q-Miss: 0.4485 | Val Max Gen Viol: 0.7352 | Val Max Thermal: 0.0000
Epoch 6170 | Val Loss: 6.8343 | Val Cost:    0.00 | Val Max P-Miss: 0.5489 | Val Max Q-Miss: 0.4485 | Val Max Gen Viol: 0.7361 | Val Max Thermal: 0.0000
Epoch 6180 | Val Loss: 6.3947 | Val Cost:    0.00 | Val Max P-Miss: 0.5489 | Val Max Q-Miss: 0.4485 | Val Max Gen Viol: 0.7364 | Val Max Thermal: 0.0000
Epoch 6190 | Val Loss: 6.0611 | Val Cost:    0.00 | Val Max P-Miss: 0.5489 | Val Max Q-Miss: 0.4485 | Val Max Gen Viol: 0.7364 | Val Max Thermal: 0.0000
Epoch 6200 | Val Loss: 5.7933 | Val Cost:    0.00 | Val Max P-Miss: 0.5489 | Val Max Q-Miss: 0.4485 | Val Max Gen Viol: 0.7365 | Val Max Thermal: 0.0000
Epoch 6210 | Val Loss: 17.7852 | Val Cost:    0.00 | Val Max P-Miss: 0.5489 | Val Max Q-Miss: 0.4485 | Val Max Gen Viol: 0.7365 | Val Max Thermal: 0.0000
Epoch 6220 | Val Loss: 25.0676 | Val Cost:    0.00 | Val Max P-Miss: 0.5489 | Val Max Q-Miss: 0.4485 | Val Max Gen Viol: 0.7363 | Val Max Thermal: 0.0000
Epoch 6230 | Val Loss: 83.3951 | Val Cost:   -0.22 | Val Max P-Miss: 0.5489 | Val Max Q-Miss: 0.4485 | Val Max Gen Viol: 0.7306 | Val Max Thermal: 0.0000
Epoch 6240 | Val Loss: 59.2539 | Val Cost:    0.01 | Val Max P-Miss: 0.5489 | Val Max Q-Miss: 0.4485 | Val Max Gen Viol: 0.7357 | Val Max Thermal: 0.0000
Epoch 6250 | Val Loss: 51.2547 | Val Cost:   -0.49 | Val Max P-Miss: 0.5489 | Val Max Q-Miss: 0.4485 | Val Max Gen Viol: 0.7349 | Val Max Thermal: 0.0000
Epoch 6260 | Val Loss: 12.3099 | Val Cost:    0.10 | Val Max P-Miss: 0.5489 | Val Max Q-Miss: 0.4485 | Val Max Gen Viol: 0.7352 | Val Max Thermal: 0.0000
Epoch 6270 | Val Loss: 9.2898 | Val Cost:    0.00 | Val Max P-Miss: 0.5489 | Val Max Q-Miss: 0.4485 | Val Max Gen Viol: 0.7363 | Val Max Thermal: 0.0000
Epoch 6280 | Val Loss: 8.3418 | Val Cost:    0.00 | Val Max P-Miss: 0.5489 | Val Max Q-Miss: 0.4485 | Val Max Gen Viol: 0.7365 | Val Max Thermal: 0.0000
Epoch 6290 | Val Loss: 7.7778 | Val Cost:    0.00 | Val Max P-Miss: 0.5489 | Val Max Q-Miss: 0.4485 | Val Max Gen Viol: 0.7365 | Val Max Thermal: 0.0000
Epoch 6300 | Val Loss: 7.5168 | Val Cost:    0.00 | Val Max P-Miss: 0.5489 | Val Max Q-Miss: 0.4485 | Val Max Gen Viol: 0.7365 | Val Max Thermal: 0.0000
Epoch 6310 | Val Loss: 6.9688 | Val Cost:    0.00 | Val Max P-Miss: 0.5489 | Val Max Q-Miss: 0.4485 | Val Max Gen Viol: 0.7365 | Val Max Thermal: 0.0000
Epoch 6320 | Val Loss: 6.5598 | Val Cost:    0.00 | Val Max P-Miss: 0.5489 | Val Max Q-Miss: 0.4485 | Val Max Gen Viol: 0.7365 | Val Max Thermal: 0.0000
Epoch 6330 | Val Loss: 7.3063 | Val Cost:    0.00 | Val Max P-Miss: 0.5489 | Val Max Q-Miss: 0.4485 | Val Max Gen Viol: 0.7149 | Val Max Thermal: 0.0000
Epoch 6340 | Val Loss: 6.0056 | Val Cost:    0.00 | Val Max P-Miss: 0.5489 | Val Max Q-Miss: 0.4485 | Val Max Gen Viol: 0.7192 | Val Max Thermal: 0.0000
Epoch 6350 | Val Loss: 5.6850 | Val Cost:    0.00 | Val Max P-Miss: 0.5489 | Val Max Q-Miss: 0.4485 | Val Max Gen Viol: 0.7365 | Val Max Thermal: 0.0000
Epoch 6360 | Val Loss: 5.5975 | Val Cost:    0.00 | Val Max P-Miss: 0.5489 | Val Max Q-Miss: 0.4485 | Val Max Gen Viol: 0.7365 | Val Max Thermal: 0.0000
Epoch 6370 | Val Loss: 88.3455 | Val Cost:   -0.00 | Val Max P-Miss: 0.5489 | Val Max Q-Miss: 0.4488 | Val Max Gen Viol: 0.6947 | Val Max Thermal: 0.0000
Epoch 6380 | Val Loss: 18.8489 | Val Cost:    0.00 | Val Max P-Miss: 0.6461 | Val Max Q-Miss: 0.4485 | Val Max Gen Viol: 0.4642 | Val Max Thermal: 0.0000
Epoch 6390 | Val Loss: 10.6950 | Val Cost:    0.00 | Val Max P-Miss: 0.5908 | Val Max Q-Miss: 0.4485 | Val Max Gen Viol: 0.5195 | Val Max Thermal: 0.0000
Epoch 6400 | Val Loss: 8.9983 | Val Cost:    0.00 | Val Max P-Miss: 0.5489 | Val Max Q-Miss: 0.4485 | Val Max Gen Viol: 0.5721 | Val Max Thermal: 0.0000
Epoch 6410 | Val Loss: 7.9383 | Val Cost:    0.00 | Val Max P-Miss: 0.5489 | Val Max Q-Miss: 0.4485 | Val Max Gen Viol: 0.6184 | Val Max Thermal: 0.0000
Epoch 6420 | Val Loss: 7.1872 | Val Cost:    0.00 | Val Max P-Miss: 0.5489 | Val Max Q-Miss: 0.4485 | Val Max Gen Viol: 0.6564 | Val Max Thermal: 0.0000
Epoch 6430 | Val Loss: 6.6569 | Val Cost:    0.00 | Val Max P-Miss: 0.5489 | Val Max Q-Miss: 0.4485 | Val Max Gen Viol: 0.6854 | Val Max Thermal: 0.0000
Epoch 6440 | Val Loss: 6.2673 | Val Cost:    0.00 | Val Max P-Miss: 0.5489 | Val Max Q-Miss: 0.4485 | Val Max Gen Viol: 0.7059 | Val Max Thermal: 0.0000
Epoch 6450 | Val Loss: 5.9373 | Val Cost:    0.00 | Val Max P-Miss: 0.5489 | Val Max Q-Miss: 0.4485 | Val Max Gen Viol: 0.7193 | Val Max Thermal: 0.0000
Epoch 6460 | Val Loss: 5.6891 | Val Cost:    0.00 | Val Max P-Miss: 0.5489 | Val Max Q-Miss: 0.4485 | Val Max Gen Viol: 0.7273 | Val Max Thermal: 0.0000
Epoch 6470 | Val Loss: 343.6780 | Val Cost:    0.02 | Val Max P-Miss: 0.5489 | Val Max Q-Miss: 0.4485 | Val Max Gen Viol: 0.7307 | Val Max Thermal: 0.0000
Epoch 6480 | Val Loss: 12.9398 | Val Cost:    0.00 | Val Max P-Miss: 0.5489 | Val Max Q-Miss: 0.4485 | Val Max Gen Viol: 0.7322 | Val Max Thermal: 0.0000
Epoch 6490 | Val Loss: 61.9548 | Val Cost:    0.00 | Val Max P-Miss: 0.5489 | Val Max Q-Miss: 0.4485 | Val Max Gen Viol: 0.7341 | Val Max Thermal: 0.0000
Epoch 6500 | Val Loss: 118.3001 | Val Cost:   -0.01 | Val Max P-Miss: 0.5489 | Val Max Q-Miss: 0.4483 | Val Max Gen Viol: 0.7343 | Val Max Thermal: 0.0000
Epoch 6510 | Val Loss: 65.4500 | Val Cost:    0.09 | Val Max P-Miss: 0.5489 | Val Max Q-Miss: 0.4494 | Val Max Gen Viol: 0.7359 | Val Max Thermal: 0.0000
Epoch 6520 | Val Loss: 14.0590 | Val Cost:    1.29 | Val Max P-Miss: 0.5489 | Val Max Q-Miss: 0.4490 | Val Max Gen Viol: 0.7335 | Val Max Thermal: 0.0000
Epoch 6530 | Val Loss: 84.1635 | Val Cost:   -0.14 | Val Max P-Miss: 0.5489 | Val Max Q-Miss: 0.4490 | Val Max Gen Viol: 0.7260 | Val Max Thermal: 0.0000
Epoch 6540 | Val Loss: 60.7844 | Val Cost:    0.00 | Val Max P-Miss: 0.5489 | Val Max Q-Miss: 0.4485 | Val Max Gen Viol: 0.7271 | Val Max Thermal: 0.0000
Epoch 6550 | Val Loss: 49.1942 | Val Cost:    0.00 | Val Max P-Miss: 0.5489 | Val Max Q-Miss: 0.4485 | Val Max Gen Viol: 0.7323 | Val Max Thermal: 0.0000
Epoch 6560 | Val Loss: 31.7325 | Val Cost:    0.00 | Val Max P-Miss: 0.5489 | Val Max Q-Miss: 0.4485 | Val Max Gen Viol: 0.7349 | Val Max Thermal: 0.0000
Epoch 6570 | Val Loss: 118.1333 | Val Cost:    0.01 | Val Max P-Miss: 0.5489 | Val Max Q-Miss: 0.4485 | Val Max Gen Viol: 0.7354 | Val Max Thermal: 0.0000
Epoch 6580 | Val Loss: 20.5173 | Val Cost:    0.00 | Val Max P-Miss: 0.5489 | Val Max Q-Miss: 0.4485 | Val Max Gen Viol: 0.6897 | Val Max Thermal: 0.0000
Epoch 6590 | Val Loss: 9.3138 | Val Cost:    0.00 | Val Max P-Miss: 0.5489 | Val Max Q-Miss: 0.4485 | Val Max Gen Viol: 0.7076 | Val Max Thermal: 0.0000
Epoch 6600 | Val Loss: 7.8260 | Val Cost:    0.00 | Val Max P-Miss: 0.5489 | Val Max Q-Miss: 0.4485 | Val Max Gen Viol: 0.7216 | Val Max Thermal: 0.0000
Epoch 6610 | Val Loss: 6.7763 | Val Cost:    0.00 | Val Max P-Miss: 0.5489 | Val Max Q-Miss: 0.4485 | Val Max Gen Viol: 0.7296 | Val Max Thermal: 0.0000
Epoch 6620 | Val Loss: 5.9904 | Val Cost:    0.00 | Val Max P-Miss: 0.5489 | Val Max Q-Miss: 0.4485 | Val Max Gen Viol: 0.7336 | Val Max Thermal: 0.0000
Epoch 6630 | Val Loss: 5.5910 | Val Cost:    0.00 | Val Max P-Miss: 0.5489 | Val Max Q-Miss: 0.4485 | Val Max Gen Viol: 0.7354 | Val Max Thermal: 0.0000
Epoch 6640 | Val Loss: 5.4551 | Val Cost:    0.00 | Val Max P-Miss: 0.5489 | Val Max Q-Miss: 0.4485 | Val Max Gen Viol: 0.7362 | Val Max Thermal: 0.0000
Epoch 6650 | Val Loss: 5.2776 | Val Cost:    0.00 | Val Max P-Miss: 0.5489 | Val Max Q-Miss: 0.4485 | Val Max Gen Viol: 0.7364 | Val Max Thermal: 0.0000
Epoch 6660 | Val Loss: 4.8092 | Val Cost:    0.00 | Val Max P-Miss: 0.5489 | Val Max Q-Miss: 0.4485 | Val Max Gen Viol: 0.7364 | Val Max Thermal: 0.0000
Epoch 6670 | Val Loss: 99.7461 | Val Cost:   -0.00 | Val Max P-Miss: 0.5489 | Val Max Q-Miss: 0.4485 | Val Max Gen Viol: 0.7356 | Val Max Thermal: 0.0000
Epoch 6680 | Val Loss: 19.4706 | Val Cost:    0.26 | Val Max P-Miss: 0.5489 | Val Max Q-Miss: 0.4485 | Val Max Gen Viol: 0.7305 | Val Max Thermal: 0.0000
Epoch 6690 | Val Loss: 27.4758 | Val Cost:   -1.34 | Val Max P-Miss: 0.5489 | Val Max Q-Miss: 0.4503 | Val Max Gen Viol: 0.6826 | Val Max Thermal: 0.0000
Epoch 6700 | Val Loss: 9.6470 | Val Cost:   -0.02 | Val Max P-Miss: 0.5489 | Val Max Q-Miss: 0.4485 | Val Max Gen Viol: 0.6381 | Val Max Thermal: 0.0000
Epoch 6710 | Val Loss: 8.3195 | Val Cost:    0.00 | Val Max P-Miss: 0.5489 | Val Max Q-Miss: 0.4485 | Val Max Gen Viol: 0.6893 | Val Max Thermal: 0.0000
Epoch 6720 | Val Loss: 7.5357 | Val Cost:    0.00 | Val Max P-Miss: 0.5489 | Val Max Q-Miss: 0.4485 | Val Max Gen Viol: 0.7165 | Val Max Thermal: 0.0000
Epoch 6730 | Val Loss: 6.8259 | Val Cost:    0.00 | Val Max P-Miss: 0.5489 | Val Max Q-Miss: 0.4485 | Val Max Gen Viol: 0.7290 | Val Max Thermal: 0.0000
Epoch 6740 | Val Loss: 6.3771 | Val Cost:    0.00 | Val Max P-Miss: 0.5489 | Val Max Q-Miss: 0.4485 | Val Max Gen Viol: 0.7340 | Val Max Thermal: 0.0000
Epoch 6750 | Val Loss: 6.0530 | Val Cost:    0.00 | Val Max P-Miss: 0.5489 | Val Max Q-Miss: 0.4485 | Val Max Gen Viol: 0.7358 | Val Max Thermal: 0.0000
Epoch 6760 | Val Loss: 5.7822 | Val Cost:    0.00 | Val Max P-Miss: 0.5489 | Val Max Q-Miss: 0.4485 | Val Max Gen Viol: 0.7364 | Val Max Thermal: 0.0000
Epoch 6770 | Val Loss: 5.5667 | Val Cost:    0.00 | Val Max P-Miss: 0.5489 | Val Max Q-Miss: 0.4485 | Val Max Gen Viol: 0.7365 | Val Max Thermal: 0.0000
Epoch 6780 | Val Loss: 6.0333 | Val Cost:    0.00 | Val Max P-Miss: 0.5489 | Val Max Q-Miss: 0.4485 | Val Max Gen Viol: 0.7365 | Val Max Thermal: 0.0000
Epoch 6790 | Val Loss: 127.1427 | Val Cost:    0.01 | Val Max P-Miss: 0.5489 | Val Max Q-Miss: 0.4485 | Val Max Gen Viol: 0.7365 | Val Max Thermal: 0.0000
Epoch 6800 | Val Loss: 84.9829 | Val Cost:   -0.00 | Val Max P-Miss: 0.5489 | Val Max Q-Miss: 0.4485 | Val Max Gen Viol: 0.7365 | Val Max Thermal: 0.0000
Epoch 6810 | Val Loss: 29.9579 | Val Cost:   -0.05 | Val Max P-Miss: 0.5489 | Val Max Q-Miss: 0.4484 | Val Max Gen Viol: 0.6920 | Val Max Thermal: 0.0000
Epoch 6820 | Val Loss: 39.5803 | Val Cost:    0.00 | Val Max P-Miss: 0.5489 | Val Max Q-Miss: 0.4485 | Val Max Gen Viol: 0.6220 | Val Max Thermal: 0.0000
Epoch 6830 | Val Loss: 70.6237 | Val Cost:   -0.01 | Val Max P-Miss: 0.5489 | Val Max Q-Miss: 0.4485 | Val Max Gen Viol: 0.6870 | Val Max Thermal: 0.0000
Epoch 6840 | Val Loss: 120.1218 | Val Cost:   -0.09 | Val Max P-Miss: 0.5489 | Val Max Q-Miss: 0.4486 | Val Max Gen Viol: 0.7121 | Val Max Thermal: 0.0000
Epoch 6850 | Val Loss: 8.3822 | Val Cost:    0.00 | Val Max P-Miss: 0.5489 | Val Max Q-Miss: 0.4485 | Val Max Gen Viol: 0.7225 | Val Max Thermal: 0.0000
Epoch 6860 | Val Loss: 7.2910 | Val Cost:    0.00 | Val Max P-Miss: 0.5489 | Val Max Q-Miss: 0.4485 | Val Max Gen Viol: 0.7291 | Val Max Thermal: 0.0000
Epoch 6870 | Val Loss: 6.7712 | Val Cost:    0.00 | Val Max P-Miss: 0.5489 | Val Max Q-Miss: 0.4485 | Val Max Gen Viol: 0.7329 | Val Max Thermal: 0.0000
Epoch 6880 | Val Loss: 6.4769 | Val Cost:    0.00 | Val Max P-Miss: 0.5489 | Val Max Q-Miss: 0.4485 | Val Max Gen Viol: 0.7349 | Val Max Thermal: 0.0000
Epoch 6890 | Val Loss: 6.4696 | Val Cost:    0.00 | Val Max P-Miss: 0.5489 | Val Max Q-Miss: 0.4485 | Val Max Gen Viol: 0.7359 | Val Max Thermal: 0.0000
Epoch 6900 | Val Loss: 6.9350 | Val Cost:    0.00 | Val Max P-Miss: 0.5489 | Val Max Q-Miss: 0.4485 | Val Max Gen Viol: 0.7363 | Val Max Thermal: 0.0000
Epoch 6910 | Val Loss: 5.4539 | Val Cost:    0.43 | Val Max P-Miss: 0.5489 | Val Max Q-Miss: 0.4490 | Val Max Gen Viol: 0.7004 | Val Max Thermal: 0.0000
Epoch 6920 | Val Loss: 5.2046 | Val Cost:    0.01 | Val Max P-Miss: 0.5489 | Val Max Q-Miss: 0.4485 | Val Max Gen Viol: 0.7189 | Val Max Thermal: 0.0000
Epoch 6930 | Val Loss: 4.8517 | Val Cost:    0.00 | Val Max P-Miss: 0.5489 | Val Max Q-Miss: 0.4485 | Val Max Gen Viol: 0.7308 | Val Max Thermal: 0.0000
Epoch 6940 | Val Loss: 4.5918 | Val Cost:    0.00 | Val Max P-Miss: 0.5489 | Val Max Q-Miss: 0.4485 | Val Max Gen Viol: 0.7349 | Val Max Thermal: 0.0000
Epoch 6950 | Val Loss: 4.4174 | Val Cost:    0.00 | Val Max P-Miss: 0.5489 | Val Max Q-Miss: 0.4485 | Val Max Gen Viol: 0.7361 | Val Max Thermal: 0.0000
Epoch 6960 | Val Loss: 4.1630 | Val Cost:    0.00 | Val Max P-Miss: 0.5489 | Val Max Q-Miss: 0.4485 | Val Max Gen Viol: 0.7364 | Val Max Thermal: 0.0000
Epoch 6970 | Val Loss: 16.5732 | Val Cost:    0.00 | Val Max P-Miss: 0.5489 | Val Max Q-Miss: 0.4485 | Val Max Gen Viol: 0.7365 | Val Max Thermal: 0.0000
Epoch 6980 | Val Loss: 12.1157 | Val Cost:    0.00 | Val Max P-Miss: 0.5489 | Val Max Q-Miss: 0.4485 | Val Max Gen Viol: 0.7364 | Val Max Thermal: 0.0000
Epoch 6990 | Val Loss: 10.2778 | Val Cost:    0.00 | Val Max P-Miss: 0.5489 | Val Max Q-Miss: 0.4485 | Val Max Gen Viol: 0.7365 | Val Max Thermal: 0.0000
Epoch 7000 | Val Loss: 8.8084 | Val Cost:    0.00 | Val Max P-Miss: 0.5489 | Val Max Q-Miss: 0.4485 | Val Max Gen Viol: 0.7365 | Val Max Thermal: 0.0000
Epoch 7010 | Val Loss: 7.7953 | Val Cost:    0.00 | Val Max P-Miss: 0.5489 | Val Max Q-Miss: 0.4485 | Val Max Gen Viol: 0.7365 | Val Max Thermal: 0.0000
Epoch 7020 | Val Loss: 7.0458 | Val Cost:    0.00 | Val Max P-Miss: 0.5489 | Val Max Q-Miss: 0.4485 | Val Max Gen Viol: 0.7365 | Val Max Thermal: 0.0000
Epoch 7030 | Val Loss: 6.3272 | Val Cost:    0.00 | Val Max P-Miss: 0.5489 | Val Max Q-Miss: 0.4485 | Val Max Gen Viol: 0.7365 | Val Max Thermal: 0.0000
Epoch 7040 | Val Loss: 5.2497 | Val Cost:    0.00 | Val Max P-Miss: 0.5489 | Val Max Q-Miss: 0.4485 | Val Max Gen Viol: 0.7365 | Val Max Thermal: 0.0000
Epoch 7050 | Val Loss: 4.9437 | Val Cost:    0.00 | Val Max P-Miss: 0.5489 | Val Max Q-Miss: 0.4485 | Val Max Gen Viol: 0.7365 | Val Max Thermal: 0.0000
Epoch 7060 | Val Loss: 64.2071 | Val Cost:    0.01 | Val Max P-Miss: 0.5489 | Val Max Q-Miss: 0.4485 | Val Max Gen Viol: 0.7365 | Val Max Thermal: 0.0000
Epoch 7070 | Val Loss: 122.5557 | Val Cost:    0.06 | Val Max P-Miss: 0.5489 | Val Max Q-Miss: 0.4485 | Val Max Gen Viol: 0.7363 | Val Max Thermal: 0.0000
Epoch 7080 | Val Loss: 69.4445 | Val Cost:    0.00 | Val Max P-Miss: 0.5489 | Val Max Q-Miss: 0.4485 | Val Max Gen Viol: 0.7365 | Val Max Thermal: 0.0000
Epoch 7090 | Val Loss: 48.9953 | Val Cost:    0.00 | Val Max P-Miss: 0.5489 | Val Max Q-Miss: 0.4485 | Val Max Gen Viol: 0.7365 | Val Max Thermal: 0.0000
Epoch 7100 | Val Loss: 17.5465 | Val Cost:   -0.09 | Val Max P-Miss: 0.5489 | Val Max Q-Miss: 0.4485 | Val Max Gen Viol: 0.5953 | Val Max Thermal: 0.0000
Epoch 7110 | Val Loss: 16.3014 | Val Cost:    0.12 | Val Max P-Miss: 0.5489 | Val Max Q-Miss: 0.4485 | Val Max Gen Viol: 0.6822 | Val Max Thermal: 0.0000
Epoch 7120 | Val Loss: 9.2855 | Val Cost:   -0.31 | Val Max P-Miss: 0.5489 | Val Max Q-Miss: 0.4486 | Val Max Gen Viol: 0.7103 | Val Max Thermal: 0.0000
Epoch 7130 | Val Loss: 175.9575 | Val Cost:    0.29 | Val Max P-Miss: 0.5489 | Val Max Q-Miss: 0.4498 | Val Max Gen Viol: 0.7199 | Val Max Thermal: 0.0000
Epoch 7140 | Val Loss: 10.2928 | Val Cost:   -0.09 | Val Max P-Miss: 0.5489 | Val Max Q-Miss: 0.4490 | Val Max Gen Viol: 0.7292 | Val Max Thermal: 0.0000
Epoch 7150 | Val Loss: 6.9450 | Val Cost:    0.01 | Val Max P-Miss: 0.5489 | Val Max Q-Miss: 0.4485 | Val Max Gen Viol: 0.7342 | Val Max Thermal: 0.0000
Epoch 7160 | Val Loss: 6.6156 | Val Cost:    0.00 | Val Max P-Miss: 0.5489 | Val Max Q-Miss: 0.4485 | Val Max Gen Viol: 0.7359 | Val Max Thermal: 0.0000
Epoch 7170 | Val Loss: 6.3101 | Val Cost:    0.00 | Val Max P-Miss: 0.5489 | Val Max Q-Miss: 0.4485 | Val Max Gen Viol: 0.7364 | Val Max Thermal: 0.0000
Epoch 7180 | Val Loss: 6.0089 | Val Cost:    0.00 | Val Max P-Miss: 0.5489 | Val Max Q-Miss: 0.4485 | Val Max Gen Viol: 0.7365 | Val Max Thermal: 0.0000
Epoch 7190 | Val Loss: 5.8191 | Val Cost:    0.00 | Val Max P-Miss: 0.5489 | Val Max Q-Miss: 0.4485 | Val Max Gen Viol: 0.7365 | Val Max Thermal: 0.0000
Epoch 7200 | Val Loss: 30.5651 | Val Cost:    0.00 | Val Max P-Miss: 0.5490 | Val Max Q-Miss: 0.4487 | Val Max Gen Viol: 0.7365 | Val Max Thermal: 0.0000
Epoch 7210 | Val Loss: 17.2817 | Val Cost:    0.00 | Val Max P-Miss: 0.5489 | Val Max Q-Miss: 0.4485 | Val Max Gen Viol: 0.7363 | Val Max Thermal: 0.0000
Epoch 7220 | Val Loss: 12.6089 | Val Cost:    0.00 | Val Max P-Miss: 0.5489 | Val Max Q-Miss: 0.4485 | Val Max Gen Viol: 0.7365 | Val Max Thermal: 0.0000
Epoch 7230 | Val Loss: 9.8438 | Val Cost:    0.00 | Val Max P-Miss: 0.5489 | Val Max Q-Miss: 0.4485 | Val Max Gen Viol: 0.7365 | Val Max Thermal: 0.0000
Epoch 7240 | Val Loss: 8.2781 | Val Cost:    0.00 | Val Max P-Miss: 0.5489 | Val Max Q-Miss: 0.4485 | Val Max Gen Viol: 0.7365 | Val Max Thermal: 0.0000
Epoch 7250 | Val Loss: 7.4135 | Val Cost:    0.00 | Val Max P-Miss: 0.5489 | Val Max Q-Miss: 0.4485 | Val Max Gen Viol: 0.7365 | Val Max Thermal: 0.0000
Epoch 7260 | Val Loss: 6.5328 | Val Cost:    0.00 | Val Max P-Miss: 0.5489 | Val Max Q-Miss: 0.4485 | Val Max Gen Viol: 0.7365 | Val Max Thermal: 0.0000
Epoch 7270 | Val Loss: 6.0037 | Val Cost:    0.00 | Val Max P-Miss: 0.5489 | Val Max Q-Miss: 0.4485 | Val Max Gen Viol: 0.7365 | Val Max Thermal: 0.0000
Epoch 7280 | Val Loss: 5.5337 | Val Cost:    0.00 | Val Max P-Miss: 0.5489 | Val Max Q-Miss: 0.4485 | Val Max Gen Viol: 0.7365 | Val Max Thermal: 0.0000
Epoch 7290 | Val Loss: 5.1724 | Val Cost:    0.00 | Val Max P-Miss: 0.5489 | Val Max Q-Miss: 0.4485 | Val Max Gen Viol: 0.7365 | Val Max Thermal: 0.0000
Epoch 7300 | Val Loss: 4.8412 | Val Cost:    0.00 | Val Max P-Miss: 0.5489 | Val Max Q-Miss: 0.4485 | Val Max Gen Viol: 0.7365 | Val Max Thermal: 0.0000
Epoch 7310 | Val Loss: 31.1469 | Val Cost:    0.03 | Val Max P-Miss: 0.5489 | Val Max Q-Miss: 0.4485 | Val Max Gen Viol: 0.7293 | Val Max Thermal: 0.0000
Epoch 7320 | Val Loss: 97.4835 | Val Cost:   -0.04 | Val Max P-Miss: 0.5489 | Val Max Q-Miss: 0.4485 | Val Max Gen Viol: 0.6426 | Val Max Thermal: 0.0000
Epoch 7330 | Val Loss: 55.1474 | Val Cost:    0.00 | Val Max P-Miss: 0.5489 | Val Max Q-Miss: 0.4485 | Val Max Gen Viol: 0.7142 | Val Max Thermal: 0.0000
Epoch 7340 | Val Loss: 38.7728 | Val Cost:    0.00 | Val Max P-Miss: 0.5489 | Val Max Q-Miss: 0.4485 | Val Max Gen Viol: 0.7339 | Val Max Thermal: 0.0000
Epoch 7350 | Val Loss: 131.6560 | Val Cost:    0.43 | Val Max P-Miss: 0.5489 | Val Max Q-Miss: 0.4470 | Val Max Gen Viol: 0.7344 | Val Max Thermal: 0.0000
Epoch 7360 | Val Loss: 3.5635 | Val Cost:    0.01 | Val Max P-Miss: 0.5489 | Val Max Q-Miss: 0.4484 | Val Max Gen Viol: 0.7363 | Val Max Thermal: 0.0000
Epoch 7370 | Val Loss: 40.2124 | Val Cost:   -0.01 | Val Max P-Miss: 0.5489 | Val Max Q-Miss: 0.4485 | Val Max Gen Viol: 0.6388 | Val Max Thermal: 0.0000
Epoch 7380 | Val Loss: 8.4099 | Val Cost:   -0.00 | Val Max P-Miss: 0.5489 | Val Max Q-Miss: 0.4485 | Val Max Gen Viol: 0.6990 | Val Max Thermal: 0.0000
Epoch 7390 | Val Loss: 7.4442 | Val Cost:    0.00 | Val Max P-Miss: 0.5489 | Val Max Q-Miss: 0.4485 | Val Max Gen Viol: 0.7263 | Val Max Thermal: 0.0000
Epoch 7400 | Val Loss: 6.8630 | Val Cost:    0.00 | Val Max P-Miss: 0.5489 | Val Max Q-Miss: 0.4485 | Val Max Gen Viol: 0.7343 | Val Max Thermal: 0.0000
Epoch 7410 | Val Loss: 6.4825 | Val Cost:    0.00 | Val Max P-Miss: 0.5489 | Val Max Q-Miss: 0.4485 | Val Max Gen Viol: 0.7361 | Val Max Thermal: 0.0000
Epoch 7420 | Val Loss: 6.2599 | Val Cost:    0.00 | Val Max P-Miss: 0.5489 | Val Max Q-Miss: 0.4485 | Val Max Gen Viol: 0.7365 | Val Max Thermal: 0.0000
Epoch 7430 | Val Loss: 5.9544 | Val Cost:    0.00 | Val Max P-Miss: 0.5489 | Val Max Q-Miss: 0.4485 | Val Max Gen Viol: 0.7365 | Val Max Thermal: 0.0000
Epoch 7440 | Val Loss: 5.6154 | Val Cost:    0.00 | Val Max P-Miss: 0.5489 | Val Max Q-Miss: 0.4485 | Val Max Gen Viol: 0.7366 | Val Max Thermal: 0.0000
Epoch 7450 | Val Loss: 4.4583 | Val Cost:    0.00 | Val Max P-Miss: 0.5489 | Val Max Q-Miss: 0.4485 | Val Max Gen Viol: 0.7365 | Val Max Thermal: 0.0000
Epoch 7460 | Val Loss: 25.1927 | Val Cost:   -0.02 | Val Max P-Miss: 0.5489 | Val Max Q-Miss: 0.4485 | Val Max Gen Viol: 0.6911 | Val Max Thermal: 0.0000
Epoch 7470 | Val Loss: 17.4717 | Val Cost:   -0.01 | Val Max P-Miss: 0.5489 | Val Max Q-Miss: 0.4485 | Val Max Gen Viol: 0.7238 | Val Max Thermal: 0.0000
Epoch 7480 | Val Loss: 8.2103 | Val Cost:    0.01 | Val Max P-Miss: 0.5489 | Val Max Q-Miss: 0.4485 | Val Max Gen Viol: 0.7340 | Val Max Thermal: 0.0000
Epoch 7490 | Val Loss: 7.8857 | Val Cost:   -0.00 | Val Max P-Miss: 0.5489 | Val Max Q-Miss: 0.4485 | Val Max Gen Viol: 0.7362 | Val Max Thermal: 0.0000
Epoch 7500 | Val Loss: 7.2017 | Val Cost:    0.00 | Val Max P-Miss: 0.5489 | Val Max Q-Miss: 0.4485 | Val Max Gen Viol: 0.7365 | Val Max Thermal: 0.0000
Epoch 7510 | Val Loss: 6.6274 | Val Cost:    0.00 | Val Max P-Miss: 0.5489 | Val Max Q-Miss: 0.4485 | Val Max Gen Viol: 0.7365 | Val Max Thermal: 0.0000
Epoch 7520 | Val Loss: 6.2786 | Val Cost:    0.00 | Val Max P-Miss: 0.5489 | Val Max Q-Miss: 0.4485 | Val Max Gen Viol: 0.7365 | Val Max Thermal: 0.0000
Epoch 7530 | Val Loss: 6.0442 | Val Cost:    0.00 | Val Max P-Miss: 0.5489 | Val Max Q-Miss: 0.4485 | Val Max Gen Viol: 0.7366 | Val Max Thermal: 0.0000
Epoch 7540 | Val Loss: 5.8752 | Val Cost:    0.00 | Val Max P-Miss: 0.5489 | Val Max Q-Miss: 0.4485 | Val Max Gen Viol: 0.7365 | Val Max Thermal: 0.0000
Epoch 7550 | Val Loss: 5.7820 | Val Cost:    0.00 | Val Max P-Miss: 0.5489 | Val Max Q-Miss: 0.4485 | Val Max Gen Viol: 0.7366 | Val Max Thermal: 0.0000
Epoch 7560 | Val Loss: 330.0287 | Val Cost:    0.27 | Val Max P-Miss: 0.5489 | Val Max Q-Miss: 0.4485 | Val Max Gen Viol: 0.7365 | Val Max Thermal: 0.0000
Epoch 7570 | Val Loss: 15.9943 | Val Cost:    0.09 | Val Max P-Miss: 0.5489 | Val Max Q-Miss: 0.4483 | Val Max Gen Viol: 0.7345 | Val Max Thermal: 0.0000
Epoch 7580 | Val Loss: 8.4191 | Val Cost:    0.00 | Val Max P-Miss: 0.5489 | Val Max Q-Miss: 0.4485 | Val Max Gen Viol: 0.7364 | Val Max Thermal: 0.0000
Epoch 7590 | Val Loss: 7.3531 | Val Cost:    0.00 | Val Max P-Miss: 0.5489 | Val Max Q-Miss: 0.4485 | Val Max Gen Viol: 0.7365 | Val Max Thermal: 0.0000
Epoch 7600 | Val Loss: 6.5656 | Val Cost:    0.00 | Val Max P-Miss: 0.5489 | Val Max Q-Miss: 0.4485 | Val Max Gen Viol: 0.7365 | Val Max Thermal: 0.0000
Epoch 7610 | Val Loss: 5.9756 | Val Cost:    0.00 | Val Max P-Miss: 0.5489 | Val Max Q-Miss: 0.4485 | Val Max Gen Viol: 0.7365 | Val Max Thermal: 0.0000
Epoch 7620 | Val Loss: 5.4877 | Val Cost:    0.00 | Val Max P-Miss: 0.5489 | Val Max Q-Miss: 0.4485 | Val Max Gen Viol: 0.7366 | Val Max Thermal: 0.0000
Epoch 7630 | Val Loss: 7.5055 | Val Cost:    0.00 | Val Max P-Miss: 0.5489 | Val Max Q-Miss: 0.4485 | Val Max Gen Viol: 0.7286 | Val Max Thermal: 0.0000
Epoch 7640 | Val Loss: 115.2878 | Val Cost:    0.00 | Val Max P-Miss: 0.5489 | Val Max Q-Miss: 0.4485 | Val Max Gen Viol: 0.5695 | Val Max Thermal: 0.0000
Epoch 7650 | Val Loss: 55.4039 | Val Cost:    0.00 | Val Max P-Miss: 0.5489 | Val Max Q-Miss: 0.4485 | Val Max Gen Viol: 0.6130 | Val Max Thermal: 0.0000
Epoch 7660 | Val Loss: 26.2579 | Val Cost:   -1.48 | Val Max P-Miss: 0.5489 | Val Max Q-Miss: 0.4485 | Val Max Gen Viol: 0.6534 | Val Max Thermal: 0.0000
Epoch 7670 | Val Loss: 15.3070 | Val Cost:    0.29 | Val Max P-Miss: 0.5489 | Val Max Q-Miss: 0.4485 | Val Max Gen Viol: 0.6801 | Val Max Thermal: 0.0000
Epoch 7680 | Val Loss: 8.2113 | Val Cost:    0.00 | Val Max P-Miss: 0.5489 | Val Max Q-Miss: 0.4485 | Val Max Gen Viol: 0.6965 | Val Max Thermal: 0.0000
Epoch 7690 | Val Loss: 7.5810 | Val Cost:    0.00 | Val Max P-Miss: 0.5489 | Val Max Q-Miss: 0.4485 | Val Max Gen Viol: 0.7093 | Val Max Thermal: 0.0000
Epoch 7700 | Val Loss: 7.1950 | Val Cost:    0.00 | Val Max P-Miss: 0.5489 | Val Max Q-Miss: 0.4485 | Val Max Gen Viol: 0.7189 | Val Max Thermal: 0.0000
Epoch 7710 | Val Loss: 6.6813 | Val Cost:    0.00 | Val Max P-Miss: 0.5489 | Val Max Q-Miss: 0.4485 | Val Max Gen Viol: 0.7257 | Val Max Thermal: 0.0000
Epoch 7720 | Val Loss: 6.1403 | Val Cost:    0.00 | Val Max P-Miss: 0.5489 | Val Max Q-Miss: 0.4485 | Val Max Gen Viol: 0.7302 | Val Max Thermal: 0.0000
Epoch 7730 | Val Loss: 5.8217 | Val Cost:    0.00 | Val Max P-Miss: 0.5489 | Val Max Q-Miss: 0.4485 | Val Max Gen Viol: 0.7330 | Val Max Thermal: 0.0000
Epoch 7740 | Val Loss: 5.7294 | Val Cost:    0.00 | Val Max P-Miss: 0.5489 | Val Max Q-Miss: 0.4485 | Val Max Gen Viol: 0.7347 | Val Max Thermal: 0.0000
Epoch 7750 | Val Loss: 5.3815 | Val Cost:    0.00 | Val Max P-Miss: 0.5489 | Val Max Q-Miss: 0.4485 | Val Max Gen Viol: 0.7356 | Val Max Thermal: 0.0000
Epoch 7760 | Val Loss: 62.4103 | Val Cost:   -0.00 | Val Max P-Miss: 0.5489 | Val Max Q-Miss: 0.4485 | Val Max Gen Viol: 0.7353 | Val Max Thermal: 0.0000
Epoch 7770 | Val Loss: 62.7284 | Val Cost:    0.21 | Val Max P-Miss: 0.5695 | Val Max Q-Miss: 0.4485 | Val Max Gen Viol: 0.5407 | Val Max Thermal: 0.0000
Epoch 7780 | Val Loss: 8.8865 | Val Cost:    0.00 | Val Max P-Miss: 0.5544 | Val Max Q-Miss: 0.4485 | Val Max Gen Viol: 0.5559 | Val Max Thermal: 0.0000
Epoch 7790 | Val Loss: 7.4174 | Val Cost:    0.00 | Val Max P-Miss: 0.5489 | Val Max Q-Miss: 0.4485 | Val Max Gen Viol: 0.5752 | Val Max Thermal: 0.0000
Epoch 7800 | Val Loss: 6.6004 | Val Cost:    0.00 | Val Max P-Miss: 0.5489 | Val Max Q-Miss: 0.4485 | Val Max Gen Viol: 0.5945 | Val Max Thermal: 0.0000
Epoch 7810 | Val Loss: 5.9749 | Val Cost:    0.00 | Val Max P-Miss: 0.5489 | Val Max Q-Miss: 0.4485 | Val Max Gen Viol: 0.6132 | Val Max Thermal: 0.0000
Epoch 7820 | Val Loss: 58.3968 | Val Cost:   -0.01 | Val Max P-Miss: 0.5489 | Val Max Q-Miss: 0.4485 | Val Max Gen Viol: 0.6316 | Val Max Thermal: 0.0000
Epoch 7830 | Val Loss: 51.5479 | Val Cost:    0.40 | Val Max P-Miss: 0.5489 | Val Max Q-Miss: 0.4485 | Val Max Gen Viol: 0.6492 | Val Max Thermal: 0.0000
Epoch 7840 | Val Loss: 12.6263 | Val Cost:   -0.38 | Val Max P-Miss: 0.5489 | Val Max Q-Miss: 0.4486 | Val Max Gen Viol: 0.6633 | Val Max Thermal: 0.0000
Epoch 7850 | Val Loss: 112.4213 | Val Cost:   -0.00 | Val Max P-Miss: 0.5489 | Val Max Q-Miss: 0.4485 | Val Max Gen Viol: 0.6755 | Val Max Thermal: 0.0000
Epoch 7860 | Val Loss: 63.9118 | Val Cost:    0.00 | Val Max P-Miss: 0.5489 | Val Max Q-Miss: 0.4485 | Val Max Gen Viol: 0.6863 | Val Max Thermal: 0.0000
Epoch 7870 | Val Loss: 38.2809 | Val Cost:    0.00 | Val Max P-Miss: 0.5489 | Val Max Q-Miss: 0.4485 | Val Max Gen Viol: 0.6949 | Val Max Thermal: 0.0000
Epoch 7880 | Val Loss: 14.6707 | Val Cost:    0.00 | Val Max P-Miss: 0.5489 | Val Max Q-Miss: 0.4485 | Val Max Gen Viol: 0.7032 | Val Max Thermal: 0.0000
Epoch 7890 | Val Loss: 32.4033 | Val Cost:    0.00 | Val Max P-Miss: 0.5489 | Val Max Q-Miss: 0.4485 | Val Max Gen Viol: 0.7093 | Val Max Thermal: 0.0000
Epoch 7900 | Val Loss: 7.4733 | Val Cost:    0.00 | Val Max P-Miss: 0.5489 | Val Max Q-Miss: 0.4485 | Val Max Gen Viol: 0.7142 | Val Max Thermal: 0.0000
Epoch 7910 | Val Loss: 7.1313 | Val Cost:    0.00 | Val Max P-Miss: 0.5489 | Val Max Q-Miss: 0.4485 | Val Max Gen Viol: 0.7182 | Val Max Thermal: 0.0000
Epoch 7920 | Val Loss: 6.8544 | Val Cost:    0.00 | Val Max P-Miss: 0.5489 | Val Max Q-Miss: 0.4485 | Val Max Gen Viol: 0.7219 | Val Max Thermal: 0.0000
Epoch 7930 | Val Loss: 6.6333 | Val Cost:    0.00 | Val Max P-Miss: 0.5489 | Val Max Q-Miss: 0.4485 | Val Max Gen Viol: 0.7251 | Val Max Thermal: 0.0000
Epoch 7940 | Val Loss: 6.0407 | Val Cost:    0.00 | Val Max P-Miss: 0.5489 | Val Max Q-Miss: 0.4485 | Val Max Gen Viol: 0.7278 | Val Max Thermal: 0.0000
Epoch 7950 | Val Loss: 5.6919 | Val Cost:    0.00 | Val Max P-Miss: 0.5489 | Val Max Q-Miss: 0.4485 | Val Max Gen Viol: 0.7300 | Val Max Thermal: 0.0000
Epoch 7960 | Val Loss: 4.6179 | Val Cost:    0.00 | Val Max P-Miss: 0.5489 | Val Max Q-Miss: 0.4485 | Val Max Gen Viol: 0.7317 | Val Max Thermal: 0.0000
Epoch 7970 | Val Loss: 11.4554 | Val Cost:    0.00 | Val Max P-Miss: 0.5489 | Val Max Q-Miss: 0.4485 | Val Max Gen Viol: 0.7328 | Val Max Thermal: 0.0000
Epoch 7980 | Val Loss: 9.1938 | Val Cost:    0.00 | Val Max P-Miss: 0.5489 | Val Max Q-Miss: 0.4485 | Val Max Gen Viol: 0.7335 | Val Max Thermal: 0.0000
Epoch 7990 | Val Loss: 7.6706 | Val Cost:    0.00 | Val Max P-Miss: 0.5489 | Val Max Q-Miss: 0.4485 | Val Max Gen Viol: 0.7342 | Val Max Thermal: 0.0000
Epoch 8000 | Val Loss: 6.8395 | Val Cost:    0.00 | Val Max P-Miss: 0.5489 | Val Max Q-Miss: 0.4485 | Val Max Gen Viol: 0.7348 | Val Max Thermal: 0.0000
Epoch 8010 | Val Loss: 6.1885 | Val Cost:    0.00 | Val Max P-Miss: 0.5489 | Val Max Q-Miss: 0.4485 | Val Max Gen Viol: 0.7353 | Val Max Thermal: 0.0000
Epoch 8020 | Val Loss: 5.6892 | Val Cost:    0.00 | Val Max P-Miss: 0.5489 | Val Max Q-Miss: 0.4485 | Val Max Gen Viol: 0.7357 | Val Max Thermal: 0.0000
Epoch 8030 | Val Loss: 5.2554 | Val Cost:    0.00 | Val Max P-Miss: 0.5489 | Val Max Q-Miss: 0.4485 | Val Max Gen Viol: 0.7359 | Val Max Thermal: 0.0000
Epoch 8040 | Val Loss: 4.8997 | Val Cost:    0.00 | Val Max P-Miss: 0.5489 | Val Max Q-Miss: 0.4485 | Val Max Gen Viol: 0.7362 | Val Max Thermal: 0.0000
Epoch 8050 | Val Loss: 109.6659 | Val Cost:    0.51 | Val Max P-Miss: 0.5489 | Val Max Q-Miss: 0.4485 | Val Max Gen Viol: 0.7363 | Val Max Thermal: 0.0000
Epoch 8060 | Val Loss: 87.7054 | Val Cost:   -0.04 | Val Max P-Miss: 0.5489 | Val Max Q-Miss: 0.4486 | Val Max Gen Viol: 0.7348 | Val Max Thermal: 0.0000
Epoch 8070 | Val Loss: 24.0334 | Val Cost:   -0.05 | Val Max P-Miss: 0.5489 | Val Max Q-Miss: 0.4486 | Val Max Gen Viol: 0.7353 | Val Max Thermal: 0.0000
Epoch 8080 | Val Loss: 34.7798 | Val Cost:    0.01 | Val Max P-Miss: 0.5489 | Val Max Q-Miss: 0.4485 | Val Max Gen Viol: 0.7349 | Val Max Thermal: 0.0000
Epoch 8090 | Val Loss: 64.3976 | Val Cost:    0.00 | Val Max P-Miss: 0.5489 | Val Max Q-Miss: 0.4485 | Val Max Gen Viol: 0.7354 | Val Max Thermal: 0.0000
Epoch 8100 | Val Loss: 54.5080 | Val Cost:    0.00 | Val Max P-Miss: 0.5489 | Val Max Q-Miss: 0.4485 | Val Max Gen Viol: 0.7358 | Val Max Thermal: 0.0000
Epoch 8110 | Val Loss: 70.2049 | Val Cost:    0.00 | Val Max P-Miss: 0.5489 | Val Max Q-Miss: 0.4485 | Val Max Gen Viol: 0.7361 | Val Max Thermal: 0.0000
Epoch 8120 | Val Loss: 31.4841 | Val Cost:    0.01 | Val Max P-Miss: 0.5489 | Val Max Q-Miss: 0.4485 | Val Max Gen Viol: 0.7356 | Val Max Thermal: 0.0000
Epoch 8130 | Val Loss: 7.2503 | Val Cost:   -0.01 | Val Max P-Miss: 0.5489 | Val Max Q-Miss: 0.4485 | Val Max Gen Viol: 0.6702 | Val Max Thermal: 0.0000
Epoch 8140 | Val Loss: 5.9350 | Val Cost:    0.00 | Val Max P-Miss: 0.5489 | Val Max Q-Miss: 0.4485 | Val Max Gen Viol: 0.6939 | Val Max Thermal: 0.0000
Epoch 8150 | Val Loss: 5.3798 | Val Cost:    0.00 | Val Max P-Miss: 0.5489 | Val Max Q-Miss: 0.4485 | Val Max Gen Viol: 0.7108 | Val Max Thermal: 0.0000
Epoch 8160 | Val Loss: 4.9585 | Val Cost:    0.00 | Val Max P-Miss: 0.5489 | Val Max Q-Miss: 0.4485 | Val Max Gen Viol: 0.7218 | Val Max Thermal: 0.0000
Epoch 8170 | Val Loss: 4.7439 | Val Cost:    0.00 | Val Max P-Miss: 0.5489 | Val Max Q-Miss: 0.4485 | Val Max Gen Viol: 0.7285 | Val Max Thermal: 0.0000
Epoch 8180 | Val Loss: 4.5170 | Val Cost:    0.00 | Val Max P-Miss: 0.5489 | Val Max Q-Miss: 0.4485 | Val Max Gen Viol: 0.7324 | Val Max Thermal: 0.0000
Epoch 8190 | Val Loss: 6.0816 | Val Cost:    0.00 | Val Max P-Miss: 0.5489 | Val Max Q-Miss: 0.4485 | Val Max Gen Viol: 0.7342 | Val Max Thermal: 0.0000
Epoch 8200 | Val Loss: 8.4455 | Val Cost:    0.00 | Val Max P-Miss: 0.5489 | Val Max Q-Miss: 0.4485 | Val Max Gen Viol: 0.7350 | Val Max Thermal: 0.0000
Epoch 8210 | Val Loss: 7.1749 | Val Cost:    0.00 | Val Max P-Miss: 0.5489 | Val Max Q-Miss: 0.4485 | Val Max Gen Viol: 0.7356 | Val Max Thermal: 0.0000
Epoch 8220 | Val Loss: 6.4186 | Val Cost:    0.00 | Val Max P-Miss: 0.5489 | Val Max Q-Miss: 0.4485 | Val Max Gen Viol: 0.7360 | Val Max Thermal: 0.0000
Epoch 8230 | Val Loss: 5.8868 | Val Cost:    0.00 | Val Max P-Miss: 0.5489 | Val Max Q-Miss: 0.4485 | Val Max Gen Viol: 0.7363 | Val Max Thermal: 0.0000
Epoch 8240 | Val Loss: 5.3264 | Val Cost:    0.00 | Val Max P-Miss: 0.5489 | Val Max Q-Miss: 0.4485 | Val Max Gen Viol: 0.7364 | Val Max Thermal: 0.0000
Epoch 8250 | Val Loss: 4.8431 | Val Cost:    0.00 | Val Max P-Miss: 0.5489 | Val Max Q-Miss: 0.4485 | Val Max Gen Viol: 0.7364 | Val Max Thermal: 0.0000
Epoch 8260 | Val Loss: 5.0788 | Val Cost:    0.00 | Val Max P-Miss: 0.5489 | Val Max Q-Miss: 0.4485 | Val Max Gen Viol: 0.7365 | Val Max Thermal: 0.0000
Epoch 8270 | Val Loss: 4.6572 | Val Cost:    0.00 | Val Max P-Miss: 0.5489 | Val Max Q-Miss: 0.4485 | Val Max Gen Viol: 0.7365 | Val Max Thermal: 0.0000
Epoch 8280 | Val Loss: 4.5121 | Val Cost:    0.00 | Val Max P-Miss: 0.5489 | Val Max Q-Miss: 0.4485 | Val Max Gen Viol: 0.7365 | Val Max Thermal: 0.0000
Epoch 8290 | Val Loss: 94.9330 | Val Cost:    0.00 | Val Max P-Miss: 0.5489 | Val Max Q-Miss: 0.4485 | Val Max Gen Viol: 0.7365 | Val Max Thermal: 0.0000
Epoch 8300 | Val Loss: 12.9233 | Val Cost:    0.02 | Val Max P-Miss: 0.5489 | Val Max Q-Miss: 0.4485 | Val Max Gen Viol: 0.7282 | Val Max Thermal: 0.0000
Epoch 8310 | Val Loss: 6.4249 | Val Cost:    0.00 | Val Max P-Miss: 0.5489 | Val Max Q-Miss: 0.4485 | Val Max Gen Viol: 0.7251 | Val Max Thermal: 0.0000
Epoch 8320 | Val Loss: 5.6432 | Val Cost:    0.00 | Val Max P-Miss: 0.5489 | Val Max Q-Miss: 0.4485 | Val Max Gen Viol: 0.7317 | Val Max Thermal: 0.0000
Epoch 8330 | Val Loss: 5.0793 | Val Cost:    0.00 | Val Max P-Miss: 0.5489 | Val Max Q-Miss: 0.4485 | Val Max Gen Viol: 0.7349 | Val Max Thermal: 0.0000
Epoch 8340 | Val Loss: 4.6437 | Val Cost:    0.00 | Val Max P-Miss: 0.5489 | Val Max Q-Miss: 0.4485 | Val Max Gen Viol: 0.7360 | Val Max Thermal: 0.0000
Epoch 8350 | Val Loss: 41.9289 | Val Cost:   -0.00 | Val Max P-Miss: 0.5489 | Val Max Q-Miss: 0.4485 | Val Max Gen Viol: 0.7364 | Val Max Thermal: 0.0000
Epoch 8360 | Val Loss: 87.9691 | Val Cost:    0.01 | Val Max P-Miss: 0.5489 | Val Max Q-Miss: 0.4485 | Val Max Gen Viol: 0.7364 | Val Max Thermal: 0.0000
Epoch 8370 | Val Loss: 63.7707 | Val Cost:   -0.00 | Val Max P-Miss: 0.5489 | Val Max Q-Miss: 0.4485 | Val Max Gen Viol: 0.7364 | Val Max Thermal: 0.0000
Epoch 8380 | Val Loss: 37.8249 | Val Cost:    0.00 | Val Max P-Miss: 0.5489 | Val Max Q-Miss: 0.4485 | Val Max Gen Viol: 0.7365 | Val Max Thermal: 0.0000
Epoch 8390 | Val Loss: 7.1854 | Val Cost:    0.67 | Val Max P-Miss: 0.5489 | Val Max Q-Miss: 0.4485 | Val Max Gen Viol: 0.7361 | Val Max Thermal: 0.0000
Epoch 8400 | Val Loss: 28.6220 | Val Cost:    0.01 | Val Max P-Miss: 0.5489 | Val Max Q-Miss: 0.4486 | Val Max Gen Viol: 0.6279 | Val Max Thermal: 0.0000
Epoch 8410 | Val Loss: 15.7700 | Val Cost:   -0.16 | Val Max P-Miss: 0.5489 | Val Max Q-Miss: 0.4485 | Val Max Gen Viol: 0.6488 | Val Max Thermal: 0.0000
Epoch 8420 | Val Loss: 5.3329 | Val Cost:   -0.00 | Val Max P-Miss: 0.5489 | Val Max Q-Miss: 0.4485 | Val Max Gen Viol: 0.6637 | Val Max Thermal: 0.0000
Epoch 8430 | Val Loss: 4.5727 | Val Cost:    0.00 | Val Max P-Miss: 0.5489 | Val Max Q-Miss: 0.4485 | Val Max Gen Viol: 0.6752 | Val Max Thermal: 0.0000
Epoch 8440 | Val Loss: 4.1634 | Val Cost:    0.00 | Val Max P-Miss: 0.5489 | Val Max Q-Miss: 0.4485 | Val Max Gen Viol: 0.6858 | Val Max Thermal: 0.0000
Epoch 8450 | Val Loss: 3.8787 | Val Cost:    0.00 | Val Max P-Miss: 0.5489 | Val Max Q-Miss: 0.4485 | Val Max Gen Viol: 0.6953 | Val Max Thermal: 0.0000
Epoch 8460 | Val Loss: 3.6226 | Val Cost:    0.00 | Val Max P-Miss: 0.5489 | Val Max Q-Miss: 0.4485 | Val Max Gen Viol: 0.7036 | Val Max Thermal: 0.0000
Epoch 8470 | Val Loss: 71.4997 | Val Cost:    0.12 | Val Max P-Miss: 0.5489 | Val Max Q-Miss: 0.4485 | Val Max Gen Viol: 0.7093 | Val Max Thermal: 0.0000
Epoch 8480 | Val Loss: 10.6428 | Val Cost:    0.01 | Val Max P-Miss: 0.5489 | Val Max Q-Miss: 0.4485 | Val Max Gen Viol: 0.7143 | Val Max Thermal: 0.0000
Epoch 8490 | Val Loss: 9.7629 | Val Cost:    0.00 | Val Max P-Miss: 0.5489 | Val Max Q-Miss: 0.4485 | Val Max Gen Viol: 0.7178 | Val Max Thermal: 0.0000
Epoch 8500 | Val Loss: 8.5245 | Val Cost:    0.00 | Val Max P-Miss: 0.5489 | Val Max Q-Miss: 0.4485 | Val Max Gen Viol: 0.7212 | Val Max Thermal: 0.0000
Epoch 8510 | Val Loss: 7.5172 | Val Cost:    0.00 | Val Max P-Miss: 0.5489 | Val Max Q-Miss: 0.4485 | Val Max Gen Viol: 0.7244 | Val Max Thermal: 0.0000
Epoch 8520 | Val Loss: 6.9556 | Val Cost:    0.00 | Val Max P-Miss: 0.5489 | Val Max Q-Miss: 0.4485 | Val Max Gen Viol: 0.7271 | Val Max Thermal: 0.0000
Epoch 8530 | Val Loss: 6.5605 | Val Cost:    0.00 | Val Max P-Miss: 0.5489 | Val Max Q-Miss: 0.4485 | Val Max Gen Viol: 0.7294 | Val Max Thermal: 0.0000
Epoch 8540 | Val Loss: 6.2565 | Val Cost:    0.00 | Val Max P-Miss: 0.5489 | Val Max Q-Miss: 0.4485 | Val Max Gen Viol: 0.7312 | Val Max Thermal: 0.0000
Epoch 8550 | Val Loss: 5.5661 | Val Cost:    0.00 | Val Max P-Miss: 0.5489 | Val Max Q-Miss: 0.4485 | Val Max Gen Viol: 0.7327 | Val Max Thermal: 0.0000
Epoch 8560 | Val Loss: 5.3030 | Val Cost:    0.00 | Val Max P-Miss: 0.5489 | Val Max Q-Miss: 0.4485 | Val Max Gen Viol: 0.7339 | Val Max Thermal: 0.0000
Epoch 8570 | Val Loss: 39.3008 | Val Cost:    0.00 | Val Max P-Miss: 0.5489 | Val Max Q-Miss: 0.4485 | Val Max Gen Viol: 0.7347 | Val Max Thermal: 0.0000
Epoch 8580 | Val Loss: 9.3477 | Val Cost:    0.00 | Val Max P-Miss: 0.5489 | Val Max Q-Miss: 0.4485 | Val Max Gen Viol: 0.7351 | Val Max Thermal: 0.0000
Epoch 8590 | Val Loss: 7.6287 | Val Cost:    0.00 | Val Max P-Miss: 0.5489 | Val Max Q-Miss: 0.4485 | Val Max Gen Viol: 0.7355 | Val Max Thermal: 0.0000
Epoch 8600 | Val Loss: 6.8341 | Val Cost:    0.00 | Val Max P-Miss: 0.5489 | Val Max Q-Miss: 0.4485 | Val Max Gen Viol: 0.7358 | Val Max Thermal: 0.0000
Epoch 8610 | Val Loss: 6.3146 | Val Cost:    0.00 | Val Max P-Miss: 0.5489 | Val Max Q-Miss: 0.4485 | Val Max Gen Viol: 0.7360 | Val Max Thermal: 0.0000
Epoch 8620 | Val Loss: 5.9514 | Val Cost:    0.00 | Val Max P-Miss: 0.5489 | Val Max Q-Miss: 0.4485 | Val Max Gen Viol: 0.7362 | Val Max Thermal: 0.0000
Epoch 8630 | Val Loss: 5.6878 | Val Cost:    0.00 | Val Max P-Miss: 0.5489 | Val Max Q-Miss: 0.4485 | Val Max Gen Viol: 0.7363 | Val Max Thermal: 0.0000
Epoch 8640 | Val Loss: 5.5390 | Val Cost:    0.00 | Val Max P-Miss: 0.5489 | Val Max Q-Miss: 0.4485 | Val Max Gen Viol: 0.7364 | Val Max Thermal: 0.0000
Epoch 8650 | Val Loss: 5.4559 | Val Cost:    0.00 | Val Max P-Miss: 0.5489 | Val Max Q-Miss: 0.4485 | Val Max Gen Viol: 0.7364 | Val Max Thermal: 0.0000
Epoch 8660 | Val Loss: 81.6075 | Val Cost:   -0.01 | Val Max P-Miss: 0.5489 | Val Max Q-Miss: 0.4485 | Val Max Gen Viol: 0.7343 | Val Max Thermal: 0.0000
Epoch 8670 | Val Loss: 62.9577 | Val Cost:    0.00 | Val Max P-Miss: 0.5489 | Val Max Q-Miss: 0.4485 | Val Max Gen Viol: 0.7348 | Val Max Thermal: 0.0000
Epoch 8680 | Val Loss: 39.8829 | Val Cost:    0.00 | Val Max P-Miss: 0.5489 | Val Max Q-Miss: 0.4485 | Val Max Gen Viol: 0.7355 | Val Max Thermal: 0.0000
Epoch 8690 | Val Loss: 27.3747 | Val Cost:    0.04 | Val Max P-Miss: 0.5489 | Val Max Q-Miss: 0.4485 | Val Max Gen Viol: 0.7360 | Val Max Thermal: 0.0000
Epoch 8700 | Val Loss: 20.9975 | Val Cost:    0.08 | Val Max P-Miss: 0.5489 | Val Max Q-Miss: 0.4485 | Val Max Gen Viol: 0.7362 | Val Max Thermal: 0.0000
Epoch 8710 | Val Loss: 6.8666 | Val Cost:    0.00 | Val Max P-Miss: 0.5489 | Val Max Q-Miss: 0.4485 | Val Max Gen Viol: 0.7363 | Val Max Thermal: 0.0000
Epoch 8720 | Val Loss: 5.9326 | Val Cost:    0.00 | Val Max P-Miss: 0.5489 | Val Max Q-Miss: 0.4485 | Val Max Gen Viol: 0.7364 | Val Max Thermal: 0.0000
Epoch 8730 | Val Loss: 5.2589 | Val Cost:    0.00 | Val Max P-Miss: 0.5489 | Val Max Q-Miss: 0.4485 | Val Max Gen Viol: 0.7365 | Val Max Thermal: 0.0000
Epoch 8740 | Val Loss: 4.7530 | Val Cost:    0.00 | Val Max P-Miss: 0.5489 | Val Max Q-Miss: 0.4485 | Val Max Gen Viol: 0.7365 | Val Max Thermal: 0.0000
Epoch 8750 | Val Loss: 4.4611 | Val Cost:    0.00 | Val Max P-Miss: 0.5489 | Val Max Q-Miss: 0.4485 | Val Max Gen Viol: 0.7365 | Val Max Thermal: 0.0000
Epoch 8760 | Val Loss: 4.2979 | Val Cost:    0.00 | Val Max P-Miss: 0.5489 | Val Max Q-Miss: 0.4485 | Val Max Gen Viol: 0.7365 | Val Max Thermal: 0.0000
Epoch 8770 | Val Loss: 4.0982 | Val Cost:    0.00 | Val Max P-Miss: 0.5489 | Val Max Q-Miss: 0.4485 | Val Max Gen Viol: 0.7365 | Val Max Thermal: 0.0000
Epoch 8780 | Val Loss: 6.5483 | Val Cost:    0.00 | Val Max P-Miss: 0.5489 | Val Max Q-Miss: 0.4486 | Val Max Gen Viol: 0.7365 | Val Max Thermal: 0.0000
Epoch 8790 | Val Loss: 4.2237 | Val Cost:    0.00 | Val Max P-Miss: 0.5489 | Val Max Q-Miss: 0.4485 | Val Max Gen Viol: 0.7365 | Val Max Thermal: 0.0000
Epoch 8800 | Val Loss: 4.0980 | Val Cost:    0.00 | Val Max P-Miss: 0.5489 | Val Max Q-Miss: 0.4485 | Val Max Gen Viol: 0.7365 | Val Max Thermal: 0.0000
Epoch 8810 | Val Loss: 4.0403 | Val Cost:    0.00 | Val Max P-Miss: 0.5489 | Val Max Q-Miss: 0.4485 | Val Max Gen Viol: 0.7227 | Val Max Thermal: 0.0000
Epoch 8820 | Val Loss: 22.5189 | Val Cost:   -0.32 | Val Max P-Miss: 0.5489 | Val Max Q-Miss: 0.4489 | Val Max Gen Viol: 0.5769 | Val Max Thermal: 0.0000
Epoch 8830 | Val Loss: 8.4878 | Val Cost:   -0.00 | Val Max P-Miss: 0.5692 | Val Max Q-Miss: 0.4485 | Val Max Gen Viol: 0.5411 | Val Max Thermal: 0.0000
Epoch 8840 | Val Loss: 7.0649 | Val Cost:    0.00 | Val Max P-Miss: 0.5489 | Val Max Q-Miss: 0.4485 | Val Max Gen Viol: 0.5769 | Val Max Thermal: 0.0000
Epoch 8850 | Val Loss: 6.1089 | Val Cost:    0.00 | Val Max P-Miss: 0.5489 | Val Max Q-Miss: 0.4485 | Val Max Gen Viol: 0.6102 | Val Max Thermal: 0.0000
Epoch 8860 | Val Loss: 5.4240 | Val Cost:    0.00 | Val Max P-Miss: 0.5489 | Val Max Q-Miss: 0.4485 | Val Max Gen Viol: 0.6394 | Val Max Thermal: 0.0000
Epoch 8870 | Val Loss: 4.9100 | Val Cost:    0.00 | Val Max P-Miss: 0.5489 | Val Max Q-Miss: 0.4485 | Val Max Gen Viol: 0.6640 | Val Max Thermal: 0.0000
Epoch 8880 | Val Loss: 4.5211 | Val Cost:    0.00 | Val Max P-Miss: 0.5489 | Val Max Q-Miss: 0.4485 | Val Max Gen Viol: 0.6839 | Val Max Thermal: 0.0000
Epoch 8890 | Val Loss: 4.2041 | Val Cost:    0.00 | Val Max P-Miss: 0.5489 | Val Max Q-Miss: 0.4485 | Val Max Gen Viol: 0.6994 | Val Max Thermal: 0.0000
Epoch 8900 | Val Loss: 9.1458 | Val Cost:    0.03 | Val Max P-Miss: 0.5489 | Val Max Q-Miss: 0.4485 | Val Max Gen Viol: 0.7105 | Val Max Thermal: 0.0000
Epoch 8910 | Val Loss: 106.5231 | Val Cost:   -0.00 | Val Max P-Miss: 0.5489 | Val Max Q-Miss: 0.4485 | Val Max Gen Viol: 0.7173 | Val Max Thermal: 0.0000
Epoch 8920 | Val Loss: 61.2132 | Val Cost:    0.00 | Val Max P-Miss: 0.5489 | Val Max Q-Miss: 0.4485 | Val Max Gen Viol: 0.7229 | Val Max Thermal: 0.0000
Epoch 8930 | Val Loss: 52.8546 | Val Cost:    0.00 | Val Max P-Miss: 0.5489 | Val Max Q-Miss: 0.4485 | Val Max Gen Viol: 0.7277 | Val Max Thermal: 0.0000
Epoch 8940 | Val Loss: 53.1826 | Val Cost:    0.04 | Val Max P-Miss: 0.5489 | Val Max Q-Miss: 0.4485 | Val Max Gen Viol: 0.7313 | Val Max Thermal: 0.0000
Epoch 8950 | Val Loss: 6.7396 | Val Cost:   -0.01 | Val Max P-Miss: 0.5489 | Val Max Q-Miss: 0.4485 | Val Max Gen Viol: 0.7329 | Val Max Thermal: 0.0000
Epoch 8960 | Val Loss: 5.7949 | Val Cost:    0.00 | Val Max P-Miss: 0.5489 | Val Max Q-Miss: 0.4485 | Val Max Gen Viol: 0.7340 | Val Max Thermal: 0.0000
Epoch 8970 | Val Loss: 5.4140 | Val Cost:    0.00 | Val Max P-Miss: 0.5489 | Val Max Q-Miss: 0.4485 | Val Max Gen Viol: 0.7349 | Val Max Thermal: 0.0000
Epoch 8980 | Val Loss: 5.2025 | Val Cost:    0.00 | Val Max P-Miss: 0.5489 | Val Max Q-Miss: 0.4485 | Val Max Gen Viol: 0.7355 | Val Max Thermal: 0.0000
Epoch 8990 | Val Loss: 5.0268 | Val Cost:    0.00 | Val Max P-Miss: 0.5489 | Val Max Q-Miss: 0.4485 | Val Max Gen Viol: 0.7359 | Val Max Thermal: 0.0000
Epoch 9000 | Val Loss: 4.7580 | Val Cost:    0.00 | Val Max P-Miss: 0.5489 | Val Max Q-Miss: 0.4485 | Val Max Gen Viol: 0.7362 | Val Max Thermal: 0.0000
Epoch 9010 | Val Loss: 4.7663 | Val Cost:    0.00 | Val Max P-Miss: 0.5489 | Val Max Q-Miss: 0.4485 | Val Max Gen Viol: 0.7364 | Val Max Thermal: 0.0000
Epoch 9020 | Val Loss: 4.4966 | Val Cost:    0.00 | Val Max P-Miss: 0.5489 | Val Max Q-Miss: 0.4485 | Val Max Gen Viol: 0.7364 | Val Max Thermal: 0.0000
Epoch 9030 | Val Loss: 27.1301 | Val Cost:   -0.00 | Val Max P-Miss: 0.5489 | Val Max Q-Miss: 0.4485 | Val Max Gen Viol: 0.7365 | Val Max Thermal: 0.0000
Epoch 9040 | Val Loss: 13.1387 | Val Cost:    0.00 | Val Max P-Miss: 0.5489 | Val Max Q-Miss: 0.4485 | Val Max Gen Viol: 0.7364 | Val Max Thermal: 0.0000
Epoch 9050 | Val Loss: 8.1457 | Val Cost:    0.00 | Val Max P-Miss: 0.5489 | Val Max Q-Miss: 0.4485 | Val Max Gen Viol: 0.7364 | Val Max Thermal: 0.0000
Epoch 9060 | Val Loss: 7.2893 | Val Cost:    0.00 | Val Max P-Miss: 0.5489 | Val Max Q-Miss: 0.4485 | Val Max Gen Viol: 0.7365 | Val Max Thermal: 0.0000
Epoch 9070 | Val Loss: 6.4031 | Val Cost:    0.00 | Val Max P-Miss: 0.5489 | Val Max Q-Miss: 0.4485 | Val Max Gen Viol: 0.7365 | Val Max Thermal: 0.0000
Epoch 9080 | Val Loss: 5.9361 | Val Cost:    0.00 | Val Max P-Miss: 0.5489 | Val Max Q-Miss: 0.4485 | Val Max Gen Viol: 0.7365 | Val Max Thermal: 0.0000
Epoch 9090 | Val Loss: 5.5987 | Val Cost:    0.00 | Val Max P-Miss: 0.5489 | Val Max Q-Miss: 0.4485 | Val Max Gen Viol: 0.7365 | Val Max Thermal: 0.0000
Epoch 9100 | Val Loss: 5.3520 | Val Cost:   -0.03 | Val Max P-Miss: 0.5489 | Val Max Q-Miss: 0.4485 | Val Max Gen Viol: 0.7365 | Val Max Thermal: 0.0000
Epoch 9110 | Val Loss: 4.2014 | Val Cost:    0.00 | Val Max P-Miss: 0.5489 | Val Max Q-Miss: 0.4485 | Val Max Gen Viol: 0.7365 | Val Max Thermal: 0.0000
Epoch 9120 | Val Loss: 4.3594 | Val Cost:    0.00 | Val Max P-Miss: 0.5489 | Val Max Q-Miss: 0.4485 | Val Max Gen Viol: 0.7365 | Val Max Thermal: 0.0000
Epoch 9130 | Val Loss: 4.3105 | Val Cost:    0.00 | Val Max P-Miss: 0.5489 | Val Max Q-Miss: 0.4485 | Val Max Gen Viol: 0.7365 | Val Max Thermal: 0.0000
Epoch 9140 | Val Loss: 4.3217 | Val Cost:   -0.05 | Val Max P-Miss: 0.5489 | Val Max Q-Miss: 0.4485 | Val Max Gen Viol: 0.7365 | Val Max Thermal: 0.0000
Epoch 9150 | Val Loss: 45.9129 | Val Cost:   -0.31 | Val Max P-Miss: 0.5489 | Val Max Q-Miss: 0.4485 | Val Max Gen Viol: 0.7363 | Val Max Thermal: 0.0000
Epoch 9160 | Val Loss: 42.9554 | Val Cost:    0.38 | Val Max P-Miss: 0.5489 | Val Max Q-Miss: 0.4491 | Val Max Gen Viol: 0.5776 | Val Max Thermal: 0.0000
Epoch 9170 | Val Loss: 6.8488 | Val Cost:    0.01 | Val Max P-Miss: 0.5552 | Val Max Q-Miss: 0.4485 | Val Max Gen Viol: 0.5550 | Val Max Thermal: 0.0000
Epoch 9180 | Val Loss: 6.1430 | Val Cost:    0.00 | Val Max P-Miss: 0.5489 | Val Max Q-Miss: 0.4485 | Val Max Gen Viol: 0.5927 | Val Max Thermal: 0.0000
Epoch 9190 | Val Loss: 5.6498 | Val Cost:    0.00 | Val Max P-Miss: 0.5489 | Val Max Q-Miss: 0.4485 | Val Max Gen Viol: 0.6257 | Val Max Thermal: 0.0000
Epoch 9200 | Val Loss: 5.1867 | Val Cost:    0.00 | Val Max P-Miss: 0.5489 | Val Max Q-Miss: 0.4485 | Val Max Gen Viol: 0.6533 | Val Max Thermal: 0.0000
Epoch 9210 | Val Loss: 5.0103 | Val Cost:    0.00 | Val Max P-Miss: 0.5489 | Val Max Q-Miss: 0.4485 | Val Max Gen Viol: 0.6757 | Val Max Thermal: 0.0000
Epoch 9220 | Val Loss: 57.9088 | Val Cost:    0.00 | Val Max P-Miss: 0.5489 | Val Max Q-Miss: 0.4485 | Val Max Gen Viol: 0.6936 | Val Max Thermal: 0.0000
Epoch 9230 | Val Loss: 37.4385 | Val Cost:    0.00 | Val Max P-Miss: 0.5489 | Val Max Q-Miss: 0.4485 | Val Max Gen Viol: 0.7031 | Val Max Thermal: 0.0000
Epoch 9240 | Val Loss: 19.5073 | Val Cost:    0.00 | Val Max P-Miss: 0.5489 | Val Max Q-Miss: 0.4485 | Val Max Gen Viol: 0.7125 | Val Max Thermal: 0.0000
Epoch 9250 | Val Loss: 34.4028 | Val Cost:    0.00 | Val Max P-Miss: 0.5489 | Val Max Q-Miss: 0.4485 | Val Max Gen Viol: 0.7200 | Val Max Thermal: 0.0000
Epoch 9260 | Val Loss: 5.0450 | Val Cost:    0.00 | Val Max P-Miss: 0.5489 | Val Max Q-Miss: 0.4485 | Val Max Gen Viol: 0.7248 | Val Max Thermal: 0.0000
Epoch 9270 | Val Loss: 4.6180 | Val Cost:    0.00 | Val Max P-Miss: 0.5489 | Val Max Q-Miss: 0.4485 | Val Max Gen Viol: 0.7284 | Val Max Thermal: 0.0000
Epoch 9280 | Val Loss: 4.2384 | Val Cost:    0.00 | Val Max P-Miss: 0.5489 | Val Max Q-Miss: 0.4485 | Val Max Gen Viol: 0.7311 | Val Max Thermal: 0.0000
Epoch 9290 | Val Loss: 3.9254 | Val Cost:    0.00 | Val Max P-Miss: 0.5489 | Val Max Q-Miss: 0.4485 | Val Max Gen Viol: 0.7331 | Val Max Thermal: 0.0000
Epoch 9300 | Val Loss: 3.9235 | Val Cost:    0.00 | Val Max P-Miss: 0.5489 | Val Max Q-Miss: 0.4485 | Val Max Gen Viol: 0.7344 | Val Max Thermal: 0.0000
Epoch 9310 | Val Loss: 3.7394 | Val Cost:    0.00 | Val Max P-Miss: 0.5489 | Val Max Q-Miss: 0.4485 | Val Max Gen Viol: 0.7353 | Val Max Thermal: 0.0000
Epoch 9320 | Val Loss: 66.9912 | Val Cost:    0.04 | Val Max P-Miss: 0.5489 | Val Max Q-Miss: 0.4485 | Val Max Gen Viol: 0.7336 | Val Max Thermal: 0.0000
Epoch 9330 | Val Loss: 40.7630 | Val Cost:    0.00 | Val Max P-Miss: 0.5489 | Val Max Q-Miss: 0.4485 | Val Max Gen Viol: 0.7325 | Val Max Thermal: 0.0000
Epoch 9340 | Val Loss: 35.5854 | Val Cost:    0.00 | Val Max P-Miss: 0.5489 | Val Max Q-Miss: 0.4485 | Val Max Gen Viol: 0.7342 | Val Max Thermal: 0.0000
Epoch 9350 | Val Loss: 11.9504 | Val Cost:    0.00 | Val Max P-Miss: 0.5489 | Val Max Q-Miss: 0.4485 | Val Max Gen Viol: 0.7353 | Val Max Thermal: 0.0000
Epoch 9360 | Val Loss: 46.3556 | Val Cost:    0.02 | Val Max P-Miss: 0.5489 | Val Max Q-Miss: 0.4485 | Val Max Gen Viol: 0.6170 | Val Max Thermal: 0.0000
Epoch 9370 | Val Loss: 4.4257 | Val Cost:    0.01 | Val Max P-Miss: 0.5489 | Val Max Q-Miss: 0.4485 | Val Max Gen Viol: 0.6034 | Val Max Thermal: 0.0000
Epoch 9380 | Val Loss: 4.4096 | Val Cost:    0.00 | Val Max P-Miss: 0.5489 | Val Max Q-Miss: 0.4485 | Val Max Gen Viol: 0.6419 | Val Max Thermal: 0.0000
Epoch 9390 | Val Loss: 4.3103 | Val Cost:    0.00 | Val Max P-Miss: 0.5489 | Val Max Q-Miss: 0.4485 | Val Max Gen Viol: 0.6711 | Val Max Thermal: 0.0000
Epoch 9400 | Val Loss: 4.2358 | Val Cost:    0.00 | Val Max P-Miss: 0.5489 | Val Max Q-Miss: 0.4485 | Val Max Gen Viol: 0.6926 | Val Max Thermal: 0.0000
Epoch 9410 | Val Loss: 4.0776 | Val Cost:    0.00 | Val Max P-Miss: 0.5489 | Val Max Q-Miss: 0.4485 | Val Max Gen Viol: 0.7079 | Val Max Thermal: 0.0000
Epoch 9420 | Val Loss: 2.7548 | Val Cost:    0.00 | Val Max P-Miss: 0.5489 | Val Max Q-Miss: 0.4485 | Val Max Gen Viol: 0.7185 | Val Max Thermal: 0.0000 [*SAVED BEST*]
Epoch 9430 | Val Loss: 9.9007 | Val Cost:    0.00 | Val Max P-Miss: 0.5489 | Val Max Q-Miss: 0.4485 | Val Max Gen Viol: 0.7232 | Val Max Thermal: 0.0000
Epoch 9440 | Val Loss: 6.6058 | Val Cost:    0.00 | Val Max P-Miss: 0.5489 | Val Max Q-Miss: 0.4485 | Val Max Gen Viol: 0.7266 | Val Max Thermal: 0.0000
Epoch 9450 | Val Loss: 5.4451 | Val Cost:    0.00 | Val Max P-Miss: 0.5489 | Val Max Q-Miss: 0.4485 | Val Max Gen Viol: 0.7295 | Val Max Thermal: 0.0000
Epoch 9460 | Val Loss: 4.9802 | Val Cost:    0.00 | Val Max P-Miss: 0.5489 | Val Max Q-Miss: 0.4485 | Val Max Gen Viol: 0.7319 | Val Max Thermal: 0.0000
Epoch 9470 | Val Loss: 4.5379 | Val Cost:    0.00 | Val Max P-Miss: 0.5489 | Val Max Q-Miss: 0.4485 | Val Max Gen Viol: 0.7335 | Val Max Thermal: 0.0000
Epoch 9480 | Val Loss: 4.1722 | Val Cost:    0.00 | Val Max P-Miss: 0.5489 | Val Max Q-Miss: 0.4485 | Val Max Gen Viol: 0.7347 | Val Max Thermal: 0.0000
Epoch 9490 | Val Loss: 3.3279 | Val Cost:    0.00 | Val Max P-Miss: 0.5489 | Val Max Q-Miss: 0.4485 | Val Max Gen Viol: 0.7355 | Val Max Thermal: 0.0000
Epoch 9500 | Val Loss: 36.2658 | Val Cost:   -0.01 | Val Max P-Miss: 0.5489 | Val Max Q-Miss: 0.4485 | Val Max Gen Viol: 0.7359 | Val Max Thermal: 0.0000
Epoch 9510 | Val Loss: 104.4920 | Val Cost:    0.18 | Val Max P-Miss: 0.5489 | Val Max Q-Miss: 0.4485 | Val Max Gen Viol: 0.7353 | Val Max Thermal: 0.0000
Epoch 9520 | Val Loss: 56.4885 | Val Cost:    0.00 | Val Max P-Miss: 0.5489 | Val Max Q-Miss: 0.4485 | Val Max Gen Viol: 0.7357 | Val Max Thermal: 0.0000
Epoch 9530 | Val Loss: 63.8537 | Val Cost:   -0.00 | Val Max P-Miss: 0.5489 | Val Max Q-Miss: 0.4485 | Val Max Gen Viol: 0.7361 | Val Max Thermal: 0.0000
Epoch 9540 | Val Loss: 8.8262 | Val Cost:   -0.02 | Val Max P-Miss: 0.5489 | Val Max Q-Miss: 0.4485 | Val Max Gen Viol: 0.7363 | Val Max Thermal: 0.0000
Epoch 9550 | Val Loss: 7.9839 | Val Cost:    0.00 | Val Max P-Miss: 0.5489 | Val Max Q-Miss: 0.4485 | Val Max Gen Viol: 0.7364 | Val Max Thermal: 0.0000
Epoch 9560 | Val Loss: 7.0905 | Val Cost:    0.00 | Val Max P-Miss: 0.5489 | Val Max Q-Miss: 0.4485 | Val Max Gen Viol: 0.7365 | Val Max Thermal: 0.0000
Epoch 9570 | Val Loss: 6.3302 | Val Cost:    0.00 | Val Max P-Miss: 0.5489 | Val Max Q-Miss: 0.4485 | Val Max Gen Viol: 0.7365 | Val Max Thermal: 0.0000
Epoch 9580 | Val Loss: 5.7984 | Val Cost:    0.00 | Val Max P-Miss: 0.5489 | Val Max Q-Miss: 0.4485 | Val Max Gen Viol: 0.7365 | Val Max Thermal: 0.0000
Epoch 9590 | Val Loss: 5.3111 | Val Cost:    0.00 | Val Max P-Miss: 0.5489 | Val Max Q-Miss: 0.4485 | Val Max Gen Viol: 0.7365 | Val Max Thermal: 0.0000
Epoch 9600 | Val Loss: 3.9934 | Val Cost:    0.00 | Val Max P-Miss: 0.5489 | Val Max Q-Miss: 0.4485 | Val Max Gen Viol: 0.7365 | Val Max Thermal: 0.0000
Epoch 9610 | Val Loss: 3.8393 | Val Cost:    0.00 | Val Max P-Miss: 0.5489 | Val Max Q-Miss: 0.4485 | Val Max Gen Viol: 0.7365 | Val Max Thermal: 0.0000
Epoch 9620 | Val Loss: 3.6983 | Val Cost:    0.00 | Val Max P-Miss: 0.5489 | Val Max Q-Miss: 0.4485 | Val Max Gen Viol: 0.7366 | Val Max Thermal: 0.0000
Epoch 9630 | Val Loss: 3.5454 | Val Cost:    0.00 | Val Max P-Miss: 0.5489 | Val Max Q-Miss: 0.4485 | Val Max Gen Viol: 0.7365 | Val Max Thermal: 0.0000
Epoch 9640 | Val Loss: 67.1206 | Val Cost:    0.01 | Val Max P-Miss: 0.5489 | Val Max Q-Miss: 0.4485 | Val Max Gen Viol: 0.7334 | Val Max Thermal: 0.0000
Epoch 9650 | Val Loss: 13.6660 | Val Cost:    0.00 | Val Max P-Miss: 0.5489 | Val Max Q-Miss: 0.4485 | Val Max Gen Viol: 0.6710 | Val Max Thermal: 0.0000
Epoch 9660 | Val Loss: 8.4636 | Val Cost:    0.00 | Val Max P-Miss: 0.5489 | Val Max Q-Miss: 0.4485 | Val Max Gen Viol: 0.7017 | Val Max Thermal: 0.0000
Epoch 9670 | Val Loss: 7.3011 | Val Cost:    0.00 | Val Max P-Miss: 0.5489 | Val Max Q-Miss: 0.4485 | Val Max Gen Viol: 0.7201 | Val Max Thermal: 0.0000
Epoch 9680 | Val Loss: 6.5914 | Val Cost:    0.00 | Val Max P-Miss: 0.5489 | Val Max Q-Miss: 0.4485 | Val Max Gen Viol: 0.7296 | Val Max Thermal: 0.0000
Epoch 9690 | Val Loss: 6.0335 | Val Cost:    0.00 | Val Max P-Miss: 0.5489 | Val Max Q-Miss: 0.4485 | Val Max Gen Viol: 0.7339 | Val Max Thermal: 0.0000
Epoch 9700 | Val Loss: 6.0056 | Val Cost:    0.00 | Val Max P-Miss: 0.5489 | Val Max Q-Miss: 0.4485 | Val Max Gen Viol: 0.7357 | Val Max Thermal: 0.0000
Epoch 9710 | Val Loss: 4.7671 | Val Cost:    0.00 | Val Max P-Miss: 0.5489 | Val Max Q-Miss: 0.4485 | Val Max Gen Viol: 0.7363 | Val Max Thermal: 0.0000
Epoch 9720 | Val Loss: 4.7488 | Val Cost:    0.00 | Val Max P-Miss: 0.5489 | Val Max Q-Miss: 0.4485 | Val Max Gen Viol: 0.7365 | Val Max Thermal: 0.0000
Epoch 9730 | Val Loss: 116.6622 | Val Cost:   -0.03 | Val Max P-Miss: 0.5489 | Val Max Q-Miss: 0.4484 | Val Max Gen Viol: 0.7365 | Val Max Thermal: 0.0000
Epoch 9740 | Val Loss: 69.3046 | Val Cost:    0.00 | Val Max P-Miss: 0.5489 | Val Max Q-Miss: 0.4485 | Val Max Gen Viol: 0.7365 | Val Max Thermal: 0.0000
Epoch 9750 | Val Loss: 46.2483 | Val Cost:    0.00 | Val Max P-Miss: 0.5489 | Val Max Q-Miss: 0.4485 | Val Max Gen Viol: 0.7365 | Val Max Thermal: 0.0000
Epoch 9760 | Val Loss: 27.3333 | Val Cost:    0.50 | Val Max P-Miss: 0.5489 | Val Max Q-Miss: 0.4485 | Val Max Gen Viol: 0.7364 | Val Max Thermal: 0.0000
Epoch 9770 | Val Loss: 59.6966 | Val Cost:   -0.04 | Val Max P-Miss: 0.5489 | Val Max Q-Miss: 0.4480 | Val Max Gen Viol: 0.7139 | Val Max Thermal: 0.0000
Epoch 9780 | Val Loss: 9.1343 | Val Cost:   -0.00 | Val Max P-Miss: 0.5489 | Val Max Q-Miss: 0.4485 | Val Max Gen Viol: 0.5733 | Val Max Thermal: 0.0000
Epoch 9790 | Val Loss: 6.2606 | Val Cost:    0.00 | Val Max P-Miss: 0.5489 | Val Max Q-Miss: 0.4485 | Val Max Gen Viol: 0.6345 | Val Max Thermal: 0.0000
Epoch 9800 | Val Loss: 5.4309 | Val Cost:    0.00 | Val Max P-Miss: 0.5489 | Val Max Q-Miss: 0.4485 | Val Max Gen Viol: 0.6771 | Val Max Thermal: 0.0000
Epoch 9810 | Val Loss: 5.0904 | Val Cost:    0.00 | Val Max P-Miss: 0.5489 | Val Max Q-Miss: 0.4485 | Val Max Gen Viol: 0.7040 | Val Max Thermal: 0.0000
Epoch 9820 | Val Loss: 4.9290 | Val Cost:    0.00 | Val Max P-Miss: 0.5489 | Val Max Q-Miss: 0.4485 | Val Max Gen Viol: 0.7199 | Val Max Thermal: 0.0000
Epoch 9830 | Val Loss: 4.6573 | Val Cost:    0.00 | Val Max P-Miss: 0.5489 | Val Max Q-Miss: 0.4485 | Val Max Gen Viol: 0.7286 | Val Max Thermal: 0.0000
Epoch 9840 | Val Loss: 4.4200 | Val Cost:    0.00 | Val Max P-Miss: 0.5489 | Val Max Q-Miss: 0.4485 | Val Max Gen Viol: 0.7330 | Val Max Thermal: 0.0000
Epoch 9850 | Val Loss: 4.2805 | Val Cost:    0.00 | Val Max P-Miss: 0.5489 | Val Max Q-Miss: 0.4485 | Val Max Gen Viol: 0.7351 | Val Max Thermal: 0.0000
Epoch 9860 | Val Loss: 4.1805 | Val Cost:    0.00 | Val Max P-Miss: 0.5489 | Val Max Q-Miss: 0.4485 | Val Max Gen Viol: 0.7360 | Val Max Thermal: 0.0000
Epoch 9870 | Val Loss: 4.1072 | Val Cost:   -0.05 | Val Max P-Miss: 0.5489 | Val Max Q-Miss: 0.4485 | Val Max Gen Viol: 0.7363 | Val Max Thermal: 0.0000
Epoch 9880 | Val Loss: 31.4393 | Val Cost:    0.10 | Val Max P-Miss: 0.5489 | Val Max Q-Miss: 0.4485 | Val Max Gen Viol: 0.7364 | Val Max Thermal: 0.0000
Epoch 9890 | Val Loss: 58.4948 | Val Cost:    0.04 | Val Max P-Miss: 0.5489 | Val Max Q-Miss: 0.4485 | Val Max Gen Viol: 0.7359 | Val Max Thermal: 0.0000
Epoch 9900 | Val Loss: 35.5293 | Val Cost:    0.00 | Val Max P-Miss: 0.5489 | Val Max Q-Miss: 0.4485 | Val Max Gen Viol: 0.7352 | Val Max Thermal: 0.0000
Epoch 9910 | Val Loss: 14.9727 | Val Cost:    0.00 | Val Max P-Miss: 0.5489 | Val Max Q-Miss: 0.4485 | Val Max Gen Viol: 0.7361 | Val Max Thermal: 0.0000
Epoch 9920 | Val Loss: 33.0776 | Val Cost:    0.00 | Val Max P-Miss: 0.5489 | Val Max Q-Miss: 0.4485 | Val Max Gen Viol: 0.7363 | Val Max Thermal: 0.0000
Epoch 9930 | Val Loss: 41.7011 | Val Cost:    0.00 | Val Max P-Miss: 0.5489 | Val Max Q-Miss: 0.4485 | Val Max Gen Viol: 0.7364 | Val Max Thermal: 0.0000
Epoch 9940 | Val Loss: 16.4965 | Val Cost:    0.00 | Val Max P-Miss: 0.5489 | Val Max Q-Miss: 0.4485 | Val Max Gen Viol: 0.7364 | Val Max Thermal: 0.0000
Epoch 9950 | Val Loss: 47.1098 | Val Cost:    0.00 | Val Max P-Miss: 0.5489 | Val Max Q-Miss: 0.4485 | Val Max Gen Viol: 0.7346 | Val Max Thermal: 0.0000
Epoch 9960 | Val Loss: 62.7244 | Val Cost:    0.03 | Val Max P-Miss: 0.5943 | Val Max Q-Miss: 0.4485 | Val Max Gen Viol: 0.5159 | Val Max Thermal: 0.0000
Epoch 9970 | Val Loss: 5.5027 | Val Cost:    0.00 | Val Max P-Miss: 0.5764 | Val Max Q-Miss: 0.4485 | Val Max Gen Viol: 0.5338 | Val Max Thermal: 0.0000
Epoch 9980 | Val Loss: 5.1242 | Val Cost:    0.00 | Val Max P-Miss: 0.5545 | Val Max Q-Miss: 0.4485 | Val Max Gen Viol: 0.5558 | Val Max Thermal: 0.0000
Epoch 9990 | Val Loss: 4.7580 | Val Cost:    0.00 | Val Max P-Miss: 0.5489 | Val Max Q-Miss: 0.4485 | Val Max Gen Viol: 0.5774 | Val Max Thermal: 0.0000

==================================================
Training Complete!
Total Training Time: 00h 10m 07.61s
Best model weights saved to: ./model/best_rahul_MULTI_pglib_opf_case14_ieee_10000epochs.pth
==================================================

