Job: acopf_ISS
Executing: ACOPF_Hard_KKT.py --case_name pglib_opf_case14_ieee --epochs 10000
Node: issnode1
GPU Allocated: 0
CUDA Hardware Acceleration Active: NVIDIA GeForce RTX 4090

Beginning execution of parallelized training matrix loops for Hard KKT...
Epoch    0 | Val Loss: 276.3722 | Val Cost: 1436.44 | Val Max P-Miss: 0.7512 | Val Max Q-Miss: 0.7266 | Val Max Gen Viol: 0.0000 | Val Max Thermal: 0.0000 [*SAVED BEST*]
Epoch   10 | Val Loss: 76.2082 | Val Cost:   76.24 | Val Max P-Miss: 0.5682 | Val Max Q-Miss: 0.1741 | Val Max Gen Viol: 0.0000 | Val Max Thermal: 0.0000 [*SAVED BEST*]
Epoch   20 | Val Loss: 62.2255 | Val Cost:   54.41 | Val Max P-Miss: 0.5553 | Val Max Q-Miss: 0.1824 | Val Max Gen Viol: 0.0033 | Val Max Thermal: 0.0000 [*SAVED BEST*]
Epoch   30 | Val Loss: 54.6497 | Val Cost:   15.98 | Val Max P-Miss: 0.4683 | Val Max Q-Miss: 0.1934 | Val Max Gen Viol: 0.0077 | Val Max Thermal: 0.0000 [*SAVED BEST*]
Epoch   40 | Val Loss: 53.8196 | Val Cost:    7.02 | Val Max P-Miss: 0.5117 | Val Max Q-Miss: 0.0941 | Val Max Gen Viol: 0.0086 | Val Max Thermal: 0.0000 [*SAVED BEST*]
Epoch   50 | Val Loss: 60.5457 | Val Cost:   13.39 | Val Max P-Miss: 0.4896 | Val Max Q-Miss: 0.1199 | Val Max Gen Viol: 0.0082 | Val Max Thermal: 0.0000
Epoch   60 | Val Loss: 47.1449 | Val Cost:   -3.16 | Val Max P-Miss: 0.4124 | Val Max Q-Miss: 0.1965 | Val Max Gen Viol: 0.0097 | Val Max Thermal: 0.0000 [*SAVED BEST*]
Epoch   70 | Val Loss: 45.9620 | Val Cost:   -9.60 | Val Max P-Miss: 0.3836 | Val Max Q-Miss: 0.1845 | Val Max Gen Viol: 0.0102 | Val Max Thermal: 0.0000 [*SAVED BEST*]
Epoch   80 | Val Loss: 48.4242 | Val Cost:   26.48 | Val Max P-Miss: 0.4314 | Val Max Q-Miss: 0.1645 | Val Max Gen Viol: 0.0069 | Val Max Thermal: 0.0000
Epoch   90 | Val Loss: 47.0754 | Val Cost:   -0.47 | Val Max P-Miss: 0.4549 | Val Max Q-Miss: 0.0827 | Val Max Gen Viol: 0.0094 | Val Max Thermal: 0.0000
Epoch  100 | Val Loss: 45.2941 | Val Cost:  -14.04 | Val Max P-Miss: 0.4914 | Val Max Q-Miss: 0.0672 | Val Max Gen Viol: 0.0105 | Val Max Thermal: 0.0000 [*SAVED BEST*]
Epoch  110 | Val Loss: 45.0002 | Val Cost:  -17.41 | Val Max P-Miss: 0.4987 | Val Max Q-Miss: 0.0817 | Val Max Gen Viol: 0.0107 | Val Max Thermal: 0.0000 [*SAVED BEST*]
Epoch  120 | Val Loss: 44.6358 | Val Cost:  -18.94 | Val Max P-Miss: 0.4914 | Val Max Q-Miss: 0.0732 | Val Max Gen Viol: 0.0109 | Val Max Thermal: 0.0000 [*SAVED BEST*]
Epoch  130 | Val Loss: 44.5838 | Val Cost:  -20.03 | Val Max P-Miss: 0.4871 | Val Max Q-Miss: 0.0522 | Val Max Gen Viol: 0.0109 | Val Max Thermal: 0.0000 [*SAVED BEST*]
Epoch  140 | Val Loss: 45.6595 | Val Cost:  -20.70 | Val Max P-Miss: 0.4812 | Val Max Q-Miss: 0.0919 | Val Max Gen Viol: 0.0110 | Val Max Thermal: 0.0000
Epoch  150 | Val Loss: 43.1289 | Val Cost:  -11.24 | Val Max P-Miss: 0.3654 | Val Max Q-Miss: 0.0777 | Val Max Gen Viol: 0.0102 | Val Max Thermal: 0.0000 [*SAVED BEST*]
Epoch  160 | Val Loss: 41.6008 | Val Cost:  -17.08 | Val Max P-Miss: 0.3692 | Val Max Q-Miss: 0.1396 | Val Max Gen Viol: 0.0107 | Val Max Thermal: 0.0000 [*SAVED BEST*]
Epoch  170 | Val Loss: 41.7241 | Val Cost:  -15.80 | Val Max P-Miss: 0.3429 | Val Max Q-Miss: 0.1307 | Val Max Gen Viol: 0.0106 | Val Max Thermal: 0.0000
Epoch  180 | Val Loss: 43.4544 | Val Cost:   -6.36 | Val Max P-Miss: 0.3879 | Val Max Q-Miss: 0.1873 | Val Max Gen Viol: 0.0098 | Val Max Thermal: 0.0000
Epoch  190 | Val Loss: 40.6989 | Val Cost:  -23.82 | Val Max P-Miss: 0.3320 | Val Max Q-Miss: 0.1509 | Val Max Gen Viol: 0.0112 | Val Max Thermal: 0.0000 [*SAVED BEST*]
Epoch  200 | Val Loss: 38.4411 | Val Cost:  -25.64 | Val Max P-Miss: 0.3174 | Val Max Q-Miss: 0.0934 | Val Max Gen Viol: 0.0113 | Val Max Thermal: 0.0000 [*SAVED BEST*]
Epoch  210 | Val Loss: 39.9058 | Val Cost:  -26.15 | Val Max P-Miss: 0.3033 | Val Max Q-Miss: 0.1684 | Val Max Gen Viol: 0.0114 | Val Max Thermal: 0.0000
Epoch  220 | Val Loss: 42.4364 | Val Cost:  -25.87 | Val Max P-Miss: 0.3825 | Val Max Q-Miss: 0.1007 | Val Max Gen Viol: 0.0114 | Val Max Thermal: 0.0000
Epoch  230 | Val Loss: 52.7397 | Val Cost:  -26.55 | Val Max P-Miss: 0.3685 | Val Max Q-Miss: 0.1846 | Val Max Gen Viol: 0.0114 | Val Max Thermal: 0.0000
Epoch  240 | Val Loss: 40.0123 | Val Cost:  -25.84 | Val Max P-Miss: 0.4149 | Val Max Q-Miss: 0.0570 | Val Max Gen Viol: 0.0114 | Val Max Thermal: 0.0000
Epoch  250 | Val Loss: 40.9842 | Val Cost:  -27.09 | Val Max P-Miss: 0.4514 | Val Max Q-Miss: 0.0467 | Val Max Gen Viol: 0.0114 | Val Max Thermal: 0.0000
Epoch  260 | Val Loss: 41.1644 | Val Cost:  -27.58 | Val Max P-Miss: 0.4252 | Val Max Q-Miss: 0.0724 | Val Max Gen Viol: 0.0115 | Val Max Thermal: 0.0000
Epoch  270 | Val Loss: 42.0682 | Val Cost:  -27.82 | Val Max P-Miss: 0.4638 | Val Max Q-Miss: 0.0772 | Val Max Gen Viol: 0.0115 | Val Max Thermal: 0.0000
Epoch  280 | Val Loss: 42.3226 | Val Cost:  -28.03 | Val Max P-Miss: 0.4597 | Val Max Q-Miss: 0.0911 | Val Max Gen Viol: 0.0115 | Val Max Thermal: 0.0000
Epoch  290 | Val Loss: 42.8056 | Val Cost:  -28.18 | Val Max P-Miss: 0.4575 | Val Max Q-Miss: 0.1122 | Val Max Gen Viol: 0.0115 | Val Max Thermal: 0.0000
Epoch  300 | Val Loss: 50.9259 | Val Cost:  -27.22 | Val Max P-Miss: 0.4378 | Val Max Q-Miss: 0.0636 | Val Max Gen Viol: 0.0115 | Val Max Thermal: 0.0000
Epoch  310 | Val Loss: 41.0637 | Val Cost:  -26.29 | Val Max P-Miss: 0.4233 | Val Max Q-Miss: 0.0704 | Val Max Gen Viol: 0.0114 | Val Max Thermal: 0.0000
Epoch  320 | Val Loss: 39.0637 | Val Cost:  -26.22 | Val Max P-Miss: 0.3440 | Val Max Q-Miss: 0.1205 | Val Max Gen Viol: 0.0114 | Val Max Thermal: 0.0000
Epoch  330 | Val Loss: 39.5998 | Val Cost:  -28.16 | Val Max P-Miss: 0.4173 | Val Max Q-Miss: 0.0393 | Val Max Gen Viol: 0.0115 | Val Max Thermal: 0.0000
Epoch  340 | Val Loss: 39.8954 | Val Cost:  -28.74 | Val Max P-Miss: 0.4249 | Val Max Q-Miss: 0.0435 | Val Max Gen Viol: 0.0116 | Val Max Thermal: 0.0000
Epoch  350 | Val Loss: 39.9085 | Val Cost:  -28.94 | Val Max P-Miss: 0.4279 | Val Max Q-Miss: 0.0431 | Val Max Gen Viol: 0.0116 | Val Max Thermal: 0.0000
Epoch  360 | Val Loss: 39.1320 | Val Cost:  -29.11 | Val Max P-Miss: 0.4150 | Val Max Q-Miss: 0.0455 | Val Max Gen Viol: 0.0116 | Val Max Thermal: 0.0000
Epoch  370 | Val Loss: 38.9850 | Val Cost:  -29.21 | Val Max P-Miss: 0.4127 | Val Max Q-Miss: 0.0494 | Val Max Gen Viol: 0.0116 | Val Max Thermal: 0.0000
Epoch  380 | Val Loss: 39.0835 | Val Cost:  -29.24 | Val Max P-Miss: 0.4114 | Val Max Q-Miss: 0.0579 | Val Max Gen Viol: 0.0116 | Val Max Thermal: 0.0000
Epoch  390 | Val Loss: 42.2531 | Val Cost:  -28.37 | Val Max P-Miss: 0.3645 | Val Max Q-Miss: 0.1049 | Val Max Gen Viol: 0.0115 | Val Max Thermal: 0.0000
Epoch  400 | Val Loss: 38.6329 | Val Cost:  -28.08 | Val Max P-Miss: 0.3764 | Val Max Q-Miss: 0.0407 | Val Max Gen Viol: 0.0115 | Val Max Thermal: 0.0000
Epoch  410 | Val Loss: 39.7920 | Val Cost:  -28.75 | Val Max P-Miss: 0.3522 | Val Max Q-Miss: 0.1394 | Val Max Gen Viol: 0.0116 | Val Max Thermal: 0.0000
Epoch  420 | Val Loss: 37.4926 | Val Cost:  -29.27 | Val Max P-Miss: 0.3211 | Val Max Q-Miss: 0.0403 | Val Max Gen Viol: 0.0116 | Val Max Thermal: 0.0000 [*SAVED BEST*]
Epoch  430 | Val Loss: 41.7893 | Val Cost:  -28.89 | Val Max P-Miss: 0.3301 | Val Max Q-Miss: 0.1345 | Val Max Gen Viol: 0.0116 | Val Max Thermal: 0.0000
Epoch  440 | Val Loss: 38.8825 | Val Cost:  -28.78 | Val Max P-Miss: 0.3086 | Val Max Q-Miss: 0.1345 | Val Max Gen Viol: 0.0116 | Val Max Thermal: 0.0000
Epoch  450 | Val Loss: 37.5119 | Val Cost:  -29.32 | Val Max P-Miss: 0.2888 | Val Max Q-Miss: 0.1226 | Val Max Gen Viol: 0.0116 | Val Max Thermal: 0.0000
Epoch  460 | Val Loss: 36.6063 | Val Cost:  -29.57 | Val Max P-Miss: 0.2966 | Val Max Q-Miss: 0.0708 | Val Max Gen Viol: 0.0116 | Val Max Thermal: 0.0000 [*SAVED BEST*]
Epoch  470 | Val Loss: 36.5310 | Val Cost:  -29.72 | Val Max P-Miss: 0.2944 | Val Max Q-Miss: 0.0725 | Val Max Gen Viol: 0.0116 | Val Max Thermal: 0.0000 [*SAVED BEST*]
Epoch  480 | Val Loss: 37.0728 | Val Cost:  -29.79 | Val Max P-Miss: 0.2984 | Val Max Q-Miss: 0.0751 | Val Max Gen Viol: 0.0116 | Val Max Thermal: 0.0000
Epoch  490 | Val Loss: 37.6632 | Val Cost:  -29.77 | Val Max P-Miss: 0.3040 | Val Max Q-Miss: 0.0983 | Val Max Gen Viol: 0.0116 | Val Max Thermal: 0.0000
Epoch  500 | Val Loss: 38.8640 | Val Cost:  -29.78 | Val Max P-Miss: 0.2897 | Val Max Q-Miss: 0.1501 | Val Max Gen Viol: 0.0116 | Val Max Thermal: 0.0000
Epoch  510 | Val Loss: 40.0971 | Val Cost:  -29.50 | Val Max P-Miss: 0.3236 | Val Max Q-Miss: 0.1444 | Val Max Gen Viol: 0.0116 | Val Max Thermal: 0.0000
Epoch  520 | Val Loss: 38.9753 | Val Cost:  -29.45 | Val Max P-Miss: 0.2856 | Val Max Q-Miss: 0.0800 | Val Max Gen Viol: 0.0116 | Val Max Thermal: 0.0000
Epoch  530 | Val Loss: 36.7613 | Val Cost:  -29.60 | Val Max P-Miss: 0.2926 | Val Max Q-Miss: 0.1016 | Val Max Gen Viol: 0.0116 | Val Max Thermal: 0.0000
Epoch  540 | Val Loss: 37.2430 | Val Cost:  -29.83 | Val Max P-Miss: 0.3183 | Val Max Q-Miss: 0.0875 | Val Max Gen Viol: 0.0116 | Val Max Thermal: 0.0000
Epoch  550 | Val Loss: 38.1867 | Val Cost:  -29.87 | Val Max P-Miss: 0.3248 | Val Max Q-Miss: 0.0861 | Val Max Gen Viol: 0.0116 | Val Max Thermal: 0.0000
Epoch  560 | Val Loss: 38.5213 | Val Cost:  -29.86 | Val Max P-Miss: 0.3206 | Val Max Q-Miss: 0.1019 | Val Max Gen Viol: 0.0116 | Val Max Thermal: 0.0000
Epoch  570 | Val Loss: 40.3018 | Val Cost:  -29.85 | Val Max P-Miss: 0.2754 | Val Max Q-Miss: 0.1550 | Val Max Gen Viol: 0.0116 | Val Max Thermal: 0.0000
Epoch  580 | Val Loss: 37.8379 | Val Cost:  -29.81 | Val Max P-Miss: 0.3361 | Val Max Q-Miss: 0.0915 | Val Max Gen Viol: 0.0116 | Val Max Thermal: 0.0000
Epoch  590 | Val Loss: 37.9469 | Val Cost:  -29.79 | Val Max P-Miss: 0.3186 | Val Max Q-Miss: 0.1156 | Val Max Gen Viol: 0.0116 | Val Max Thermal: 0.0000
Epoch  600 | Val Loss: 37.8812 | Val Cost:  -29.87 | Val Max P-Miss: 0.3018 | Val Max Q-Miss: 0.0698 | Val Max Gen Viol: 0.0116 | Val Max Thermal: 0.0000
Epoch  610 | Val Loss: 36.0820 | Val Cost:  -29.95 | Val Max P-Miss: 0.3445 | Val Max Q-Miss: 0.0324 | Val Max Gen Viol: 0.0116 | Val Max Thermal: 0.0000 [*SAVED BEST*]
Epoch  620 | Val Loss: 36.4968 | Val Cost:  -30.00 | Val Max P-Miss: 0.3527 | Val Max Q-Miss: 0.0308 | Val Max Gen Viol: 0.0116 | Val Max Thermal: 0.0000
Epoch  630 | Val Loss: 36.6017 | Val Cost:  -30.05 | Val Max P-Miss: 0.3551 | Val Max Q-Miss: 0.0309 | Val Max Gen Viol: 0.0116 | Val Max Thermal: 0.0000
Epoch  640 | Val Loss: 36.8531 | Val Cost:  -30.05 | Val Max P-Miss: 0.3554 | Val Max Q-Miss: 0.0325 | Val Max Gen Viol: 0.0116 | Val Max Thermal: 0.0000
Epoch  650 | Val Loss: 37.0722 | Val Cost:  -30.06 | Val Max P-Miss: 0.3583 | Val Max Q-Miss: 0.0326 | Val Max Gen Viol: 0.0116 | Val Max Thermal: 0.0000
Epoch  660 | Val Loss: 37.3029 | Val Cost:  -30.07 | Val Max P-Miss: 0.3574 | Val Max Q-Miss: 0.0322 | Val Max Gen Viol: 0.0116 | Val Max Thermal: 0.0000
Epoch  670 | Val Loss: 37.7599 | Val Cost:  -30.06 | Val Max P-Miss: 0.3542 | Val Max Q-Miss: 0.0409 | Val Max Gen Viol: 0.0116 | Val Max Thermal: 0.0000
Epoch  680 | Val Loss: 39.4008 | Val Cost:  -28.08 | Val Max P-Miss: 0.4086 | Val Max Q-Miss: 0.1103 | Val Max Gen Viol: 0.0115 | Val Max Thermal: 0.0000
Epoch  690 | Val Loss: 37.4267 | Val Cost:  -29.92 | Val Max P-Miss: 0.3232 | Val Max Q-Miss: 0.0610 | Val Max Gen Viol: 0.0116 | Val Max Thermal: 0.0000
Epoch  700 | Val Loss: 38.3656 | Val Cost:  -29.99 | Val Max P-Miss: 0.3040 | Val Max Q-Miss: 0.1099 | Val Max Gen Viol: 0.0116 | Val Max Thermal: 0.0000
Epoch  710 | Val Loss: 37.5399 | Val Cost:  -29.99 | Val Max P-Miss: 0.3046 | Val Max Q-Miss: 0.1126 | Val Max Gen Viol: 0.0116 | Val Max Thermal: 0.0000
Epoch  720 | Val Loss: 36.0649 | Val Cost:  -29.84 | Val Max P-Miss: 0.3199 | Val Max Q-Miss: 0.0768 | Val Max Gen Viol: 0.0116 | Val Max Thermal: 0.0000 [*SAVED BEST*]
Epoch  730 | Val Loss: 36.0845 | Val Cost:  -30.09 | Val Max P-Miss: 0.3037 | Val Max Q-Miss: 0.0661 | Val Max Gen Viol: 0.0116 | Val Max Thermal: 0.0000
Epoch  740 | Val Loss: 36.1881 | Val Cost:  -30.12 | Val Max P-Miss: 0.3032 | Val Max Q-Miss: 0.0679 | Val Max Gen Viol: 0.0116 | Val Max Thermal: 0.0000
Epoch  750 | Val Loss: 36.9508 | Val Cost:  -30.12 | Val Max P-Miss: 0.3210 | Val Max Q-Miss: 0.0618 | Val Max Gen Viol: 0.0116 | Val Max Thermal: 0.0000
Epoch  760 | Val Loss: 37.9352 | Val Cost:  -30.03 | Val Max P-Miss: 0.3214 | Val Max Q-Miss: 0.0821 | Val Max Gen Viol: 0.0116 | Val Max Thermal: 0.0000
Epoch  770 | Val Loss: 35.6418 | Val Cost:  -30.05 | Val Max P-Miss: 0.2879 | Val Max Q-Miss: 0.0399 | Val Max Gen Viol: 0.0116 | Val Max Thermal: 0.0000 [*SAVED BEST*]
Epoch  780 | Val Loss: 37.9372 | Val Cost:  -30.10 | Val Max P-Miss: 0.3197 | Val Max Q-Miss: 0.0886 | Val Max Gen Viol: 0.0116 | Val Max Thermal: 0.0000
Epoch  790 | Val Loss: 36.1016 | Val Cost:  -30.02 | Val Max P-Miss: 0.2876 | Val Max Q-Miss: 0.0621 | Val Max Gen Viol: 0.0116 | Val Max Thermal: 0.0000
Epoch  800 | Val Loss: 37.0996 | Val Cost:  -30.07 | Val Max P-Miss: 0.3420 | Val Max Q-Miss: 0.0747 | Val Max Gen Viol: 0.0116 | Val Max Thermal: 0.0000
Epoch  810 | Val Loss: 36.4475 | Val Cost:  -30.13 | Val Max P-Miss: 0.3085 | Val Max Q-Miss: 0.0475 | Val Max Gen Viol: 0.0116 | Val Max Thermal: 0.0000
Epoch  820 | Val Loss: 35.5483 | Val Cost:  -30.17 | Val Max P-Miss: 0.2889 | Val Max Q-Miss: 0.0491 | Val Max Gen Viol: 0.0116 | Val Max Thermal: 0.0000 [*SAVED BEST*]
Epoch  830 | Val Loss: 35.6963 | Val Cost:  -30.18 | Val Max P-Miss: 0.2926 | Val Max Q-Miss: 0.0488 | Val Max Gen Viol: 0.0116 | Val Max Thermal: 0.0000
Epoch  840 | Val Loss: 36.7763 | Val Cost:  -30.15 | Val Max P-Miss: 0.3387 | Val Max Q-Miss: 0.0350 | Val Max Gen Viol: 0.0116 | Val Max Thermal: 0.0000
Epoch  850 | Val Loss: 35.2669 | Val Cost:  -30.14 | Val Max P-Miss: 0.2793 | Val Max Q-Miss: 0.0312 | Val Max Gen Viol: 0.0116 | Val Max Thermal: 0.0000 [*SAVED BEST*]
Epoch  860 | Val Loss: 36.5820 | Val Cost:  -30.13 | Val Max P-Miss: 0.2869 | Val Max Q-Miss: 0.0562 | Val Max Gen Viol: 0.0116 | Val Max Thermal: 0.0000
Epoch  870 | Val Loss: 36.7643 | Val Cost:  -30.18 | Val Max P-Miss: 0.2934 | Val Max Q-Miss: 0.0485 | Val Max Gen Viol: 0.0116 | Val Max Thermal: 0.0000
Epoch  880 | Val Loss: 35.8001 | Val Cost:  -30.17 | Val Max P-Miss: 0.3126 | Val Max Q-Miss: 0.0549 | Val Max Gen Viol: 0.0116 | Val Max Thermal: 0.0000
Epoch  890 | Val Loss: 35.9566 | Val Cost:  -30.20 | Val Max P-Miss: 0.3161 | Val Max Q-Miss: 0.0613 | Val Max Gen Viol: 0.0116 | Val Max Thermal: 0.0000
Epoch  900 | Val Loss: 36.0654 | Val Cost:  -30.21 | Val Max P-Miss: 0.3184 | Val Max Q-Miss: 0.0612 | Val Max Gen Viol: 0.0116 | Val Max Thermal: 0.0000
Epoch  910 | Val Loss: 36.5063 | Val Cost:  -30.21 | Val Max P-Miss: 0.3142 | Val Max Q-Miss: 0.0576 | Val Max Gen Viol: 0.0117 | Val Max Thermal: 0.0000
Epoch  920 | Val Loss: 36.8744 | Val Cost:  -30.19 | Val Max P-Miss: 0.3162 | Val Max Q-Miss: 0.0540 | Val Max Gen Viol: 0.0116 | Val Max Thermal: 0.0000
Epoch  930 | Val Loss: 37.4805 | Val Cost:  -30.19 | Val Max P-Miss: 0.2907 | Val Max Q-Miss: 0.0345 | Val Max Gen Viol: 0.0116 | Val Max Thermal: 0.0000
Epoch  940 | Val Loss: 36.5640 | Val Cost:  -30.13 | Val Max P-Miss: 0.3290 | Val Max Q-Miss: 0.0561 | Val Max Gen Viol: 0.0116 | Val Max Thermal: 0.0000
Epoch  950 | Val Loss: 36.5991 | Val Cost:  -30.20 | Val Max P-Miss: 0.3397 | Val Max Q-Miss: 0.0591 | Val Max Gen Viol: 0.0116 | Val Max Thermal: 0.0000
Epoch  960 | Val Loss: 36.2049 | Val Cost:  -30.21 | Val Max P-Miss: 0.2677 | Val Max Q-Miss: 0.0959 | Val Max Gen Viol: 0.0117 | Val Max Thermal: 0.0000
Epoch  970 | Val Loss: 36.4276 | Val Cost:  -30.16 | Val Max P-Miss: 0.3315 | Val Max Q-Miss: 0.0612 | Val Max Gen Viol: 0.0116 | Val Max Thermal: 0.0000
Epoch  980 | Val Loss: 36.0686 | Val Cost:  -30.22 | Val Max P-Miss: 0.3274 | Val Max Q-Miss: 0.0593 | Val Max Gen Viol: 0.0117 | Val Max Thermal: 0.0000
Epoch  990 | Val Loss: 36.0666 | Val Cost:  -30.22 | Val Max P-Miss: 0.3222 | Val Max Q-Miss: 0.0528 | Val Max Gen Viol: 0.0117 | Val Max Thermal: 0.0000
Epoch 1000 | Val Loss: 35.9447 | Val Cost:  -30.21 | Val Max P-Miss: 0.3072 | Val Max Q-Miss: 0.0431 | Val Max Gen Viol: 0.0117 | Val Max Thermal: 0.0000
Epoch 1010 | Val Loss: 36.2537 | Val Cost:  -30.19 | Val Max P-Miss: 0.3014 | Val Max Q-Miss: 0.0482 | Val Max Gen Viol: 0.0116 | Val Max Thermal: 0.0000
Epoch 1020 | Val Loss: 35.2557 | Val Cost:  -30.19 | Val Max P-Miss: 0.2598 | Val Max Q-Miss: 0.0275 | Val Max Gen Viol: 0.0116 | Val Max Thermal: 0.0000 [*SAVED BEST*]
Epoch 1030 | Val Loss: 35.4863 | Val Cost:  -30.19 | Val Max P-Miss: 0.2751 | Val Max Q-Miss: 0.0455 | Val Max Gen Viol: 0.0116 | Val Max Thermal: 0.0000
Epoch 1040 | Val Loss: 38.1835 | Val Cost:  -30.10 | Val Max P-Miss: 0.2540 | Val Max Q-Miss: 0.1715 | Val Max Gen Viol: 0.0116 | Val Max Thermal: 0.0000
Epoch 1050 | Val Loss: 35.9091 | Val Cost:  -30.20 | Val Max P-Miss: 0.3193 | Val Max Q-Miss: 0.0565 | Val Max Gen Viol: 0.0116 | Val Max Thermal: 0.0000
Epoch 1060 | Val Loss: 36.2245 | Val Cost:  -30.23 | Val Max P-Miss: 0.3196 | Val Max Q-Miss: 0.0864 | Val Max Gen Viol: 0.0117 | Val Max Thermal: 0.0000
Epoch 1070 | Val Loss: 36.5489 | Val Cost:  -30.24 | Val Max P-Miss: 0.3403 | Val Max Q-Miss: 0.0755 | Val Max Gen Viol: 0.0117 | Val Max Thermal: 0.0000
Epoch 1080 | Val Loss: 36.9122 | Val Cost:  -30.25 | Val Max P-Miss: 0.3529 | Val Max Q-Miss: 0.0774 | Val Max Gen Viol: 0.0117 | Val Max Thermal: 0.0000
Epoch 1090 | Val Loss: 35.8090 | Val Cost:  -30.24 | Val Max P-Miss: 0.3479 | Val Max Q-Miss: 0.0694 | Val Max Gen Viol: 0.0117 | Val Max Thermal: 0.0000
Epoch 1100 | Val Loss: 35.1874 | Val Cost:  -30.24 | Val Max P-Miss: 0.2805 | Val Max Q-Miss: 0.0361 | Val Max Gen Viol: 0.0117 | Val Max Thermal: 0.0000 [*SAVED BEST*]
Epoch 1110 | Val Loss: 37.0388 | Val Cost:  -30.24 | Val Max P-Miss: 0.3582 | Val Max Q-Miss: 0.0757 | Val Max Gen Viol: 0.0117 | Val Max Thermal: 0.0000
Epoch 1120 | Val Loss: 37.0581 | Val Cost:  -30.24 | Val Max P-Miss: 0.3227 | Val Max Q-Miss: 0.0709 | Val Max Gen Viol: 0.0117 | Val Max Thermal: 0.0000
Epoch 1130 | Val Loss: 37.7327 | Val Cost:  -30.24 | Val Max P-Miss: 0.3442 | Val Max Q-Miss: 0.0700 | Val Max Gen Viol: 0.0117 | Val Max Thermal: 0.0000
Epoch 1140 | Val Loss: 36.8378 | Val Cost:  -30.23 | Val Max P-Miss: 0.3606 | Val Max Q-Miss: 0.0711 | Val Max Gen Viol: 0.0117 | Val Max Thermal: 0.0000
Epoch 1150 | Val Loss: 36.4160 | Val Cost:  -30.25 | Val Max P-Miss: 0.3478 | Val Max Q-Miss: 0.0741 | Val Max Gen Viol: 0.0117 | Val Max Thermal: 0.0000
Epoch 1160 | Val Loss: 36.3306 | Val Cost:  -30.25 | Val Max P-Miss: 0.3455 | Val Max Q-Miss: 0.0718 | Val Max Gen Viol: 0.0117 | Val Max Thermal: 0.0000
Epoch 1170 | Val Loss: 36.2104 | Val Cost:  -30.26 | Val Max P-Miss: 0.3444 | Val Max Q-Miss: 0.0666 | Val Max Gen Viol: 0.0117 | Val Max Thermal: 0.0000
Epoch 1180 | Val Loss: 36.0108 | Val Cost:  -30.26 | Val Max P-Miss: 0.3394 | Val Max Q-Miss: 0.0597 | Val Max Gen Viol: 0.0117 | Val Max Thermal: 0.0000
Epoch 1190 | Val Loss: 35.7268 | Val Cost:  -30.26 | Val Max P-Miss: 0.3306 | Val Max Q-Miss: 0.0508 | Val Max Gen Viol: 0.0117 | Val Max Thermal: 0.0000
Epoch 1200 | Val Loss: 35.5609 | Val Cost:  -30.26 | Val Max P-Miss: 0.3261 | Val Max Q-Miss: 0.0448 | Val Max Gen Viol: 0.0117 | Val Max Thermal: 0.0000
Epoch 1210 | Val Loss: 35.4089 | Val Cost:  -30.26 | Val Max P-Miss: 0.3223 | Val Max Q-Miss: 0.0408 | Val Max Gen Viol: 0.0117 | Val Max Thermal: 0.0000
Epoch 1220 | Val Loss: 35.2246 | Val Cost:  -30.26 | Val Max P-Miss: 0.3155 | Val Max Q-Miss: 0.0347 | Val Max Gen Viol: 0.0117 | Val Max Thermal: 0.0000
Epoch 1230 | Val Loss: 34.9854 | Val Cost:  -30.26 | Val Max P-Miss: 0.3098 | Val Max Q-Miss: 0.0314 | Val Max Gen Viol: 0.0117 | Val Max Thermal: 0.0000 [*SAVED BEST*]
Epoch 1240 | Val Loss: 34.8297 | Val Cost:  -30.26 | Val Max P-Miss: 0.3052 | Val Max Q-Miss: 0.0206 | Val Max Gen Viol: 0.0117 | Val Max Thermal: 0.0000 [*SAVED BEST*]
Epoch 1250 | Val Loss: 35.6627 | Val Cost:  -30.26 | Val Max P-Miss: 0.2808 | Val Max Q-Miss: 0.0658 | Val Max Gen Viol: 0.0117 | Val Max Thermal: 0.0000
Epoch 1260 | Val Loss: 38.7047 | Val Cost:  -30.20 | Val Max P-Miss: 0.2523 | Val Max Q-Miss: 0.1725 | Val Max Gen Viol: 0.0116 | Val Max Thermal: 0.0000
Epoch 1270 | Val Loss: 35.3165 | Val Cost:  -30.24 | Val Max P-Miss: 0.2812 | Val Max Q-Miss: 0.0810 | Val Max Gen Viol: 0.0117 | Val Max Thermal: 0.0000
Epoch 1280 | Val Loss: 34.4079 | Val Cost:  -30.26 | Val Max P-Miss: 0.2821 | Val Max Q-Miss: 0.0250 | Val Max Gen Viol: 0.0117 | Val Max Thermal: 0.0000 [*SAVED BEST*]
Epoch 1290 | Val Loss: 34.2968 | Val Cost:  -30.26 | Val Max P-Miss: 0.2723 | Val Max Q-Miss: 0.0193 | Val Max Gen Viol: 0.0117 | Val Max Thermal: 0.0000 [*SAVED BEST*]
Epoch 1300 | Val Loss: 34.2796 | Val Cost:  -30.27 | Val Max P-Miss: 0.2709 | Val Max Q-Miss: 0.0216 | Val Max Gen Viol: 0.0117 | Val Max Thermal: 0.0000 [*SAVED BEST*]
Epoch 1310 | Val Loss: 34.4342 | Val Cost:  -30.26 | Val Max P-Miss: 0.2613 | Val Max Q-Miss: 0.0379 | Val Max Gen Viol: 0.0117 | Val Max Thermal: 0.0000
Epoch 1320 | Val Loss: 35.1824 | Val Cost:  -30.22 | Val Max P-Miss: 0.2781 | Val Max Q-Miss: 0.0353 | Val Max Gen Viol: 0.0116 | Val Max Thermal: 0.0000
Epoch 1330 | Val Loss: 35.3025 | Val Cost:  -30.26 | Val Max P-Miss: 0.3276 | Val Max Q-Miss: 0.0419 | Val Max Gen Viol: 0.0117 | Val Max Thermal: 0.0000
Epoch 1340 | Val Loss: 35.0307 | Val Cost:  -30.26 | Val Max P-Miss: 0.3191 | Val Max Q-Miss: 0.0290 | Val Max Gen Viol: 0.0117 | Val Max Thermal: 0.0000
Epoch 1350 | Val Loss: 34.9466 | Val Cost:  -30.27 | Val Max P-Miss: 0.3179 | Val Max Q-Miss: 0.0267 | Val Max Gen Viol: 0.0117 | Val Max Thermal: 0.0000
Epoch 1360 | Val Loss: 34.9106 | Val Cost:  -30.27 | Val Max P-Miss: 0.3142 | Val Max Q-Miss: 0.0248 | Val Max Gen Viol: 0.0117 | Val Max Thermal: 0.0000
Epoch 1370 | Val Loss: 36.0287 | Val Cost:  -30.26 | Val Max P-Miss: 0.2882 | Val Max Q-Miss: 0.0266 | Val Max Gen Viol: 0.0117 | Val Max Thermal: 0.0000
Epoch 1380 | Val Loss: 37.1463 | Val Cost:  -30.25 | Val Max P-Miss: 0.3190 | Val Max Q-Miss: 0.1034 | Val Max Gen Viol: 0.0117 | Val Max Thermal: 0.0000
Epoch 1390 | Val Loss: 34.9152 | Val Cost:  -30.27 | Val Max P-Miss: 0.3097 | Val Max Q-Miss: 0.0492 | Val Max Gen Viol: 0.0117 | Val Max Thermal: 0.0000
Epoch 1400 | Val Loss: 34.3839 | Val Cost:  -30.27 | Val Max P-Miss: 0.2861 | Val Max Q-Miss: 0.0247 | Val Max Gen Viol: 0.0117 | Val Max Thermal: 0.0000
Epoch 1410 | Val Loss: 34.3107 | Val Cost:  -30.27 | Val Max P-Miss: 0.2844 | Val Max Q-Miss: 0.0234 | Val Max Gen Viol: 0.0117 | Val Max Thermal: 0.0000
Epoch 1420 | Val Loss: 34.8543 | Val Cost:  -30.27 | Val Max P-Miss: 0.3120 | Val Max Q-Miss: 0.0269 | Val Max Gen Viol: 0.0117 | Val Max Thermal: 0.0000
Epoch 1430 | Val Loss: 35.6547 | Val Cost:  -30.26 | Val Max P-Miss: 0.2866 | Val Max Q-Miss: 0.0417 | Val Max Gen Viol: 0.0117 | Val Max Thermal: 0.0000
Epoch 1440 | Val Loss: 35.6556 | Val Cost:  -30.25 | Val Max P-Miss: 0.3130 | Val Max Q-Miss: 0.0495 | Val Max Gen Viol: 0.0117 | Val Max Thermal: 0.0000
Epoch 1450 | Val Loss: 34.7092 | Val Cost:  -30.26 | Val Max P-Miss: 0.3001 | Val Max Q-Miss: 0.0300 | Val Max Gen Viol: 0.0117 | Val Max Thermal: 0.0000
Epoch 1460 | Val Loss: 34.6191 | Val Cost:  -30.27 | Val Max P-Miss: 0.3002 | Val Max Q-Miss: 0.0327 | Val Max Gen Viol: 0.0117 | Val Max Thermal: 0.0000
Epoch 1470 | Val Loss: 34.6052 | Val Cost:  -30.27 | Val Max P-Miss: 0.3010 | Val Max Q-Miss: 0.0315 | Val Max Gen Viol: 0.0117 | Val Max Thermal: 0.0000
Epoch 1480 | Val Loss: 34.6205 | Val Cost:  -30.27 | Val Max P-Miss: 0.2969 | Val Max Q-Miss: 0.0291 | Val Max Gen Viol: 0.0117 | Val Max Thermal: 0.0000
Epoch 1490 | Val Loss: 34.2706 | Val Cost:  -30.26 | Val Max P-Miss: 0.2476 | Val Max Q-Miss: 0.0521 | Val Max Gen Viol: 0.0117 | Val Max Thermal: 0.0000 [*SAVED BEST*]
Epoch 1500 | Val Loss: 34.6903 | Val Cost:  -30.26 | Val Max P-Miss: 0.2781 | Val Max Q-Miss: 0.0210 | Val Max Gen Viol: 0.0117 | Val Max Thermal: 0.0000
Epoch 1510 | Val Loss: 34.5366 | Val Cost:  -30.26 | Val Max P-Miss: 0.2642 | Val Max Q-Miss: 0.0279 | Val Max Gen Viol: 0.0117 | Val Max Thermal: 0.0000
Epoch 1520 | Val Loss: 35.2935 | Val Cost:  -30.27 | Val Max P-Miss: 0.2826 | Val Max Q-Miss: 0.0217 | Val Max Gen Viol: 0.0117 | Val Max Thermal: 0.0000
Epoch 1530 | Val Loss: 37.2351 | Val Cost:  -30.27 | Val Max P-Miss: 0.3159 | Val Max Q-Miss: 0.0545 | Val Max Gen Viol: 0.0117 | Val Max Thermal: 0.0000
Epoch 1540 | Val Loss: 34.6808 | Val Cost:  -30.26 | Val Max P-Miss: 0.2735 | Val Max Q-Miss: 0.0368 | Val Max Gen Viol: 0.0117 | Val Max Thermal: 0.0000
Epoch 1550 | Val Loss: 33.9925 | Val Cost:  -30.27 | Val Max P-Miss: 0.2422 | Val Max Q-Miss: 0.0363 | Val Max Gen Viol: 0.0117 | Val Max Thermal: 0.0000 [*SAVED BEST*]
Epoch 1560 | Val Loss: 34.8357 | Val Cost:  -30.27 | Val Max P-Miss: 0.3068 | Val Max Q-Miss: 0.0456 | Val Max Gen Viol: 0.0117 | Val Max Thermal: 0.0000
Epoch 1570 | Val Loss: 35.5234 | Val Cost:  -30.27 | Val Max P-Miss: 0.3340 | Val Max Q-Miss: 0.0433 | Val Max Gen Viol: 0.0117 | Val Max Thermal: 0.0000
Epoch 1580 | Val Loss: 35.7851 | Val Cost:  -30.28 | Val Max P-Miss: 0.3383 | Val Max Q-Miss: 0.0445 | Val Max Gen Viol: 0.0117 | Val Max Thermal: 0.0000
Epoch 1590 | Val Loss: 35.9377 | Val Cost:  -30.28 | Val Max P-Miss: 0.3425 | Val Max Q-Miss: 0.0469 | Val Max Gen Viol: 0.0117 | Val Max Thermal: 0.0000
Epoch 1600 | Val Loss: 36.0898 | Val Cost:  -30.28 | Val Max P-Miss: 0.3479 | Val Max Q-Miss: 0.0527 | Val Max Gen Viol: 0.0117 | Val Max Thermal: 0.0000
Epoch 1610 | Val Loss: 36.4244 | Val Cost:  -30.28 | Val Max P-Miss: 0.3558 | Val Max Q-Miss: 0.0574 | Val Max Gen Viol: 0.0117 | Val Max Thermal: 0.0000
Epoch 1620 | Val Loss: 36.6667 | Val Cost:  -30.28 | Val Max P-Miss: 0.3631 | Val Max Q-Miss: 0.0634 | Val Max Gen Viol: 0.0117 | Val Max Thermal: 0.0000
Epoch 1630 | Val Loss: 36.7825 | Val Cost:  -30.28 | Val Max P-Miss: 0.3627 | Val Max Q-Miss: 0.0597 | Val Max Gen Viol: 0.0117 | Val Max Thermal: 0.0000
Epoch 1640 | Val Loss: 36.1385 | Val Cost:  -30.28 | Val Max P-Miss: 0.3500 | Val Max Q-Miss: 0.0468 | Val Max Gen Viol: 0.0117 | Val Max Thermal: 0.0000
Epoch 1650 | Val Loss: 35.9742 | Val Cost:  -30.28 | Val Max P-Miss: 0.3480 | Val Max Q-Miss: 0.0433 | Val Max Gen Viol: 0.0117 | Val Max Thermal: 0.0000
Epoch 1660 | Val Loss: 35.6431 | Val Cost:  -30.28 | Val Max P-Miss: 0.3419 | Val Max Q-Miss: 0.0376 | Val Max Gen Viol: 0.0117 | Val Max Thermal: 0.0000
Epoch 1670 | Val Loss: 35.3553 | Val Cost:  -30.28 | Val Max P-Miss: 0.3304 | Val Max Q-Miss: 0.0317 | Val Max Gen Viol: 0.0117 | Val Max Thermal: 0.0000
Epoch 1680 | Val Loss: 35.1851 | Val Cost:  -30.28 | Val Max P-Miss: 0.3273 | Val Max Q-Miss: 0.0258 | Val Max Gen Viol: 0.0117 | Val Max Thermal: 0.0000
Epoch 1690 | Val Loss: 35.0231 | Val Cost:  -30.28 | Val Max P-Miss: 0.3208 | Val Max Q-Miss: 0.0272 | Val Max Gen Viol: 0.0117 | Val Max Thermal: 0.0000
Epoch 1700 | Val Loss: 34.8615 | Val Cost:  -30.28 | Val Max P-Miss: 0.3159 | Val Max Q-Miss: 0.0290 | Val Max Gen Viol: 0.0117 | Val Max Thermal: 0.0000
Epoch 1710 | Val Loss: 34.7331 | Val Cost:  -30.28 | Val Max P-Miss: 0.3123 | Val Max Q-Miss: 0.0303 | Val Max Gen Viol: 0.0117 | Val Max Thermal: 0.0000
Epoch 1720 | Val Loss: 34.6197 | Val Cost:  -30.28 | Val Max P-Miss: 0.3054 | Val Max Q-Miss: 0.0317 | Val Max Gen Viol: 0.0117 | Val Max Thermal: 0.0000
Epoch 1730 | Val Loss: 34.5470 | Val Cost:  -30.28 | Val Max P-Miss: 0.2994 | Val Max Q-Miss: 0.0328 | Val Max Gen Viol: 0.0117 | Val Max Thermal: 0.0000
Epoch 1740 | Val Loss: 36.7875 | Val Cost:  -30.28 | Val Max P-Miss: 0.3060 | Val Max Q-Miss: 0.0954 | Val Max Gen Viol: 0.0117 | Val Max Thermal: 0.0000
Epoch 1750 | Val Loss: 34.3557 | Val Cost:  -30.28 | Val Max P-Miss: 0.2775 | Val Max Q-Miss: 0.0448 | Val Max Gen Viol: 0.0117 | Val Max Thermal: 0.0000
Epoch 1760 | Val Loss: 34.8787 | Val Cost:  -30.28 | Val Max P-Miss: 0.3100 | Val Max Q-Miss: 0.0459 | Val Max Gen Viol: 0.0117 | Val Max Thermal: 0.0000
Epoch 1770 | Val Loss: 35.1769 | Val Cost:  -30.28 | Val Max P-Miss: 0.3200 | Val Max Q-Miss: 0.0494 | Val Max Gen Viol: 0.0117 | Val Max Thermal: 0.0000
Epoch 1780 | Val Loss: 35.3808 | Val Cost:  -30.28 | Val Max P-Miss: 0.3273 | Val Max Q-Miss: 0.0505 | Val Max Gen Viol: 0.0117 | Val Max Thermal: 0.0000
Epoch 1790 | Val Loss: 34.2382 | Val Cost:  -30.28 | Val Max P-Miss: 0.2602 | Val Max Q-Miss: 0.0222 | Val Max Gen Viol: 0.0117 | Val Max Thermal: 0.0000
Epoch 1800 | Val Loss: 35.1261 | Val Cost:  -30.28 | Val Max P-Miss: 0.2878 | Val Max Q-Miss: 0.0436 | Val Max Gen Viol: 0.0117 | Val Max Thermal: 0.0000
Epoch 1810 | Val Loss: 34.7367 | Val Cost:  -30.28 | Val Max P-Miss: 0.3094 | Val Max Q-Miss: 0.0400 | Val Max Gen Viol: 0.0117 | Val Max Thermal: 0.0000
Epoch 1820 | Val Loss: 34.9066 | Val Cost:  -30.28 | Val Max P-Miss: 0.3099 | Val Max Q-Miss: 0.0344 | Val Max Gen Viol: 0.0117 | Val Max Thermal: 0.0000
Epoch 1830 | Val Loss: 34.8721 | Val Cost:  -30.28 | Val Max P-Miss: 0.3073 | Val Max Q-Miss: 0.0305 | Val Max Gen Viol: 0.0117 | Val Max Thermal: 0.0000
Epoch 1840 | Val Loss: 35.1236 | Val Cost:  -30.27 | Val Max P-Miss: 0.3521 | Val Max Q-Miss: 0.0603 | Val Max Gen Viol: 0.0117 | Val Max Thermal: 0.0000
Epoch 1850 | Val Loss: 34.6320 | Val Cost:  -30.28 | Val Max P-Miss: 0.2893 | Val Max Q-Miss: 0.0436 | Val Max Gen Viol: 0.0117 | Val Max Thermal: 0.0000
Epoch 1860 | Val Loss: 34.7240 | Val Cost:  -30.28 | Val Max P-Miss: 0.3016 | Val Max Q-Miss: 0.0380 | Val Max Gen Viol: 0.0117 | Val Max Thermal: 0.0000
Epoch 1870 | Val Loss: 34.9656 | Val Cost:  -30.29 | Val Max P-Miss: 0.3045 | Val Max Q-Miss: 0.0422 | Val Max Gen Viol: 0.0117 | Val Max Thermal: 0.0000
Epoch 1880 | Val Loss: 36.8656 | Val Cost:  -30.28 | Val Max P-Miss: 0.3455 | Val Max Q-Miss: 0.0497 | Val Max Gen Viol: 0.0117 | Val Max Thermal: 0.0000
Epoch 1890 | Val Loss: 35.4229 | Val Cost:  -30.29 | Val Max P-Miss: 0.2858 | Val Max Q-Miss: 0.0558 | Val Max Gen Viol: 0.0117 | Val Max Thermal: 0.0000
Epoch 1900 | Val Loss: 36.2554 | Val Cost:  -30.28 | Val Max P-Miss: 0.3127 | Val Max Q-Miss: 0.0670 | Val Max Gen Viol: 0.0117 | Val Max Thermal: 0.0000
Epoch 1910 | Val Loss: 35.3782 | Val Cost:  -30.28 | Val Max P-Miss: 0.3263 | Val Max Q-Miss: 0.0460 | Val Max Gen Viol: 0.0117 | Val Max Thermal: 0.0000
Epoch 1920 | Val Loss: 35.6462 | Val Cost:  -30.29 | Val Max P-Miss: 0.3346 | Val Max Q-Miss: 0.0490 | Val Max Gen Viol: 0.0117 | Val Max Thermal: 0.0000
Epoch 1930 | Val Loss: 36.0308 | Val Cost:  -30.29 | Val Max P-Miss: 0.3397 | Val Max Q-Miss: 0.0507 | Val Max Gen Viol: 0.0117 | Val Max Thermal: 0.0000
Epoch 1940 | Val Loss: 35.1967 | Val Cost:  -30.28 | Val Max P-Miss: 0.2949 | Val Max Q-Miss: 0.0396 | Val Max Gen Viol: 0.0117 | Val Max Thermal: 0.0000
Epoch 1950 | Val Loss: 35.2383 | Val Cost:  -30.28 | Val Max P-Miss: 0.3165 | Val Max Q-Miss: 0.0393 | Val Max Gen Viol: 0.0117 | Val Max Thermal: 0.0000
Epoch 1960 | Val Loss: 35.1258 | Val Cost:  -30.29 | Val Max P-Miss: 0.3254 | Val Max Q-Miss: 0.0382 | Val Max Gen Viol: 0.0117 | Val Max Thermal: 0.0000
Epoch 1970 | Val Loss: 34.9586 | Val Cost:  -30.29 | Val Max P-Miss: 0.3194 | Val Max Q-Miss: 0.0344 | Val Max Gen Viol: 0.0117 | Val Max Thermal: 0.0000
Epoch 1980 | Val Loss: 34.8132 | Val Cost:  -30.29 | Val Max P-Miss: 0.3142 | Val Max Q-Miss: 0.0300 | Val Max Gen Viol: 0.0117 | Val Max Thermal: 0.0000
Epoch 1990 | Val Loss: 34.6840 | Val Cost:  -30.29 | Val Max P-Miss: 0.3104 | Val Max Q-Miss: 0.0264 | Val Max Gen Viol: 0.0117 | Val Max Thermal: 0.0000
Epoch 2000 | Val Loss: 34.5707 | Val Cost:  -30.29 | Val Max P-Miss: 0.3043 | Val Max Q-Miss: 0.0267 | Val Max Gen Viol: 0.0117 | Val Max Thermal: 0.0000
Epoch 2010 | Val Loss: 34.4611 | Val Cost:  -30.29 | Val Max P-Miss: 0.2990 | Val Max Q-Miss: 0.0280 | Val Max Gen Viol: 0.0117 | Val Max Thermal: 0.0000
Epoch 2020 | Val Loss: 34.3802 | Val Cost:  -30.29 | Val Max P-Miss: 0.2943 | Val Max Q-Miss: 0.0291 | Val Max Gen Viol: 0.0117 | Val Max Thermal: 0.0000
Epoch 2030 | Val Loss: 34.2993 | Val Cost:  -30.29 | Val Max P-Miss: 0.2889 | Val Max Q-Miss: 0.0307 | Val Max Gen Viol: 0.0117 | Val Max Thermal: 0.0000
Epoch 2040 | Val Loss: 34.2585 | Val Cost:  -30.29 | Val Max P-Miss: 0.2822 | Val Max Q-Miss: 0.0316 | Val Max Gen Viol: 0.0117 | Val Max Thermal: 0.0000
Epoch 2050 | Val Loss: 34.7623 | Val Cost:  -30.29 | Val Max P-Miss: 0.2775 | Val Max Q-Miss: 0.0290 | Val Max Gen Viol: 0.0117 | Val Max Thermal: 0.0000
Epoch 2060 | Val Loss: 34.2110 | Val Cost:  -30.28 | Val Max P-Miss: 0.2495 | Val Max Q-Miss: 0.0573 | Val Max Gen Viol: 0.0117 | Val Max Thermal: 0.0000
Epoch 2070 | Val Loss: 34.4323 | Val Cost:  -30.28 | Val Max P-Miss: 0.2878 | Val Max Q-Miss: 0.0356 | Val Max Gen Viol: 0.0117 | Val Max Thermal: 0.0000
Epoch 2080 | Val Loss: 34.5176 | Val Cost:  -30.29 | Val Max P-Miss: 0.3031 | Val Max Q-Miss: 0.0319 | Val Max Gen Viol: 0.0117 | Val Max Thermal: 0.0000
Epoch 2090 | Val Loss: 34.5849 | Val Cost:  -30.29 | Val Max P-Miss: 0.2984 | Val Max Q-Miss: 0.0289 | Val Max Gen Viol: 0.0117 | Val Max Thermal: 0.0000
Epoch 2100 | Val Loss: 34.5177 | Val Cost:  -30.29 | Val Max P-Miss: 0.2964 | Val Max Q-Miss: 0.0260 | Val Max Gen Viol: 0.0117 | Val Max Thermal: 0.0000
Epoch 2110 | Val Loss: 34.8321 | Val Cost:  -30.29 | Val Max P-Miss: 0.2652 | Val Max Q-Miss: 0.0318 | Val Max Gen Viol: 0.0117 | Val Max Thermal: 0.0000
Epoch 2120 | Val Loss: 35.0971 | Val Cost:  -30.28 | Val Max P-Miss: 0.2814 | Val Max Q-Miss: 0.0579 | Val Max Gen Viol: 0.0117 | Val Max Thermal: 0.0000
Epoch 2130 | Val Loss: 34.5478 | Val Cost:  -30.28 | Val Max P-Miss: 0.2623 | Val Max Q-Miss: 0.0396 | Val Max Gen Viol: 0.0117 | Val Max Thermal: 0.0000
Epoch 2140 | Val Loss: 34.4150 | Val Cost:  -30.29 | Val Max P-Miss: 0.2653 | Val Max Q-Miss: 0.0178 | Val Max Gen Viol: 0.0117 | Val Max Thermal: 0.0000
Epoch 2150 | Val Loss: 34.9311 | Val Cost:  -30.29 | Val Max P-Miss: 0.2940 | Val Max Q-Miss: 0.0340 | Val Max Gen Viol: 0.0117 | Val Max Thermal: 0.0000
Epoch 2160 | Val Loss: 34.7790 | Val Cost:  -30.29 | Val Max P-Miss: 0.3005 | Val Max Q-Miss: 0.0283 | Val Max Gen Viol: 0.0117 | Val Max Thermal: 0.0000
Epoch 2170 | Val Loss: 35.0717 | Val Cost:  -30.29 | Val Max P-Miss: 0.2874 | Val Max Q-Miss: 0.0275 | Val Max Gen Viol: 0.0117 | Val Max Thermal: 0.0000
Epoch 2180 | Val Loss: 35.2170 | Val Cost:  -30.29 | Val Max P-Miss: 0.2848 | Val Max Q-Miss: 0.0252 | Val Max Gen Viol: 0.0117 | Val Max Thermal: 0.0000
Epoch 2190 | Val Loss: 34.5519 | Val Cost:  -30.29 | Val Max P-Miss: 0.2648 | Val Max Q-Miss: 0.0205 | Val Max Gen Viol: 0.0117 | Val Max Thermal: 0.0000
Epoch 2200 | Val Loss: 34.3649 | Val Cost:  -30.29 | Val Max P-Miss: 0.2754 | Val Max Q-Miss: 0.0192 | Val Max Gen Viol: 0.0117 | Val Max Thermal: 0.0000
Epoch 2210 | Val Loss: 35.0377 | Val Cost:  -30.29 | Val Max P-Miss: 0.2865 | Val Max Q-Miss: 0.0218 | Val Max Gen Viol: 0.0117 | Val Max Thermal: 0.0000
Epoch 2220 | Val Loss: 34.6518 | Val Cost:  -30.29 | Val Max P-Miss: 0.2703 | Val Max Q-Miss: 0.0194 | Val Max Gen Viol: 0.0117 | Val Max Thermal: 0.0000
Epoch 2230 | Val Loss: 34.2419 | Val Cost:  -30.29 | Val Max P-Miss: 0.2644 | Val Max Q-Miss: 0.0297 | Val Max Gen Viol: 0.0117 | Val Max Thermal: 0.0000
Epoch 2240 | Val Loss: 34.6719 | Val Cost:  -30.29 | Val Max P-Miss: 0.3008 | Val Max Q-Miss: 0.0251 | Val Max Gen Viol: 0.0117 | Val Max Thermal: 0.0000
Epoch 2250 | Val Loss: 34.6806 | Val Cost:  -30.29 | Val Max P-Miss: 0.3019 | Val Max Q-Miss: 0.0285 | Val Max Gen Viol: 0.0117 | Val Max Thermal: 0.0000
Epoch 2260 | Val Loss: 34.7724 | Val Cost:  -30.29 | Val Max P-Miss: 0.3028 | Val Max Q-Miss: 0.0327 | Val Max Gen Viol: 0.0117 | Val Max Thermal: 0.0000
Epoch 2270 | Val Loss: 34.9753 | Val Cost:  -30.29 | Val Max P-Miss: 0.3009 | Val Max Q-Miss: 0.0362 | Val Max Gen Viol: 0.0117 | Val Max Thermal: 0.0000
Epoch 2280 | Val Loss: 35.1733 | Val Cost:  -30.29 | Val Max P-Miss: 0.2862 | Val Max Q-Miss: 0.0400 | Val Max Gen Viol: 0.0117 | Val Max Thermal: 0.0000
Epoch 2290 | Val Loss: 35.4093 | Val Cost:  -30.29 | Val Max P-Miss: 0.2855 | Val Max Q-Miss: 0.0329 | Val Max Gen Viol: 0.0117 | Val Max Thermal: 0.0000
Epoch 2300 | Val Loss: 35.0129 | Val Cost:  -30.28 | Val Max P-Miss: 0.3099 | Val Max Q-Miss: 0.0428 | Val Max Gen Viol: 0.0117 | Val Max Thermal: 0.0000
Epoch 2310 | Val Loss: 35.0100 | Val Cost:  -30.29 | Val Max P-Miss: 0.3148 | Val Max Q-Miss: 0.0374 | Val Max Gen Viol: 0.0117 | Val Max Thermal: 0.0000
Epoch 2320 | Val Loss: 34.8294 | Val Cost:  -30.29 | Val Max P-Miss: 0.3026 | Val Max Q-Miss: 0.0399 | Val Max Gen Viol: 0.0117 | Val Max Thermal: 0.0000
Epoch 2330 | Val Loss: 34.7141 | Val Cost:  -30.29 | Val Max P-Miss: 0.2961 | Val Max Q-Miss: 0.0337 | Val Max Gen Viol: 0.0117 | Val Max Thermal: 0.0000
Epoch 2340 | Val Loss: 34.6901 | Val Cost:  -30.29 | Val Max P-Miss: 0.2891 | Val Max Q-Miss: 0.0298 | Val Max Gen Viol: 0.0117 | Val Max Thermal: 0.0000
Epoch 2350 | Val Loss: 34.9680 | Val Cost:  -30.29 | Val Max P-Miss: 0.2683 | Val Max Q-Miss: 0.0186 | Val Max Gen Viol: 0.0117 | Val Max Thermal: 0.0000
Epoch 2360 | Val Loss: 34.7601 | Val Cost:  -30.29 | Val Max P-Miss: 0.2731 | Val Max Q-Miss: 0.0166 | Val Max Gen Viol: 0.0117 | Val Max Thermal: 0.0000
Epoch 2370 | Val Loss: 37.2371 | Val Cost:  -30.29 | Val Max P-Miss: 0.3115 | Val Max Q-Miss: 0.1194 | Val Max Gen Viol: 0.0117 | Val Max Thermal: 0.0000
Epoch 2380 | Val Loss: 34.7435 | Val Cost:  -30.29 | Val Max P-Miss: 0.2648 | Val Max Q-Miss: 0.0356 | Val Max Gen Viol: 0.0117 | Val Max Thermal: 0.0000
Epoch 2390 | Val Loss: 34.4656 | Val Cost:  -30.29 | Val Max P-Miss: 0.2640 | Val Max Q-Miss: 0.0271 | Val Max Gen Viol: 0.0117 | Val Max Thermal: 0.0000
Epoch 2400 | Val Loss: 34.4984 | Val Cost:  -30.29 | Val Max P-Miss: 0.2630 | Val Max Q-Miss: 0.0236 | Val Max Gen Viol: 0.0117 | Val Max Thermal: 0.0000
Epoch 2410 | Val Loss: 34.2849 | Val Cost:  -30.29 | Val Max P-Miss: 0.2733 | Val Max Q-Miss: 0.0198 | Val Max Gen Viol: 0.0117 | Val Max Thermal: 0.0000
Epoch 2420 | Val Loss: 35.3454 | Val Cost:  -30.30 | Val Max P-Miss: 0.3338 | Val Max Q-Miss: 0.0377 | Val Max Gen Viol: 0.0117 | Val Max Thermal: 0.0000
Epoch 2430 | Val Loss: 35.1486 | Val Cost:  -30.30 | Val Max P-Miss: 0.3271 | Val Max Q-Miss: 0.0454 | Val Max Gen Viol: 0.0117 | Val Max Thermal: 0.0000
Epoch 2440 | Val Loss: 35.2983 | Val Cost:  -30.30 | Val Max P-Miss: 0.3308 | Val Max Q-Miss: 0.0484 | Val Max Gen Viol: 0.0117 | Val Max Thermal: 0.0000
Epoch 2450 | Val Loss: 35.5289 | Val Cost:  -30.30 | Val Max P-Miss: 0.3375 | Val Max Q-Miss: 0.0510 | Val Max Gen Viol: 0.0117 | Val Max Thermal: 0.0000
Epoch 2460 | Val Loss: 35.7361 | Val Cost:  -30.30 | Val Max P-Miss: 0.3457 | Val Max Q-Miss: 0.0528 | Val Max Gen Viol: 0.0117 | Val Max Thermal: 0.0000
Epoch 2470 | Val Loss: 35.9898 | Val Cost:  -30.30 | Val Max P-Miss: 0.3511 | Val Max Q-Miss: 0.0540 | Val Max Gen Viol: 0.0117 | Val Max Thermal: 0.0000
Epoch 2480 | Val Loss: 36.2147 | Val Cost:  -30.30 | Val Max P-Miss: 0.3578 | Val Max Q-Miss: 0.0556 | Val Max Gen Viol: 0.0117 | Val Max Thermal: 0.0000
Epoch 2490 | Val Loss: 36.3954 | Val Cost:  -30.30 | Val Max P-Miss: 0.3623 | Val Max Q-Miss: 0.0597 | Val Max Gen Viol: 0.0117 | Val Max Thermal: 0.0000
Epoch 2500 | Val Loss: 37.1584 | Val Cost:  -30.30 | Val Max P-Miss: 0.3799 | Val Max Q-Miss: 0.0673 | Val Max Gen Viol: 0.0117 | Val Max Thermal: 0.0000
Epoch 2510 | Val Loss: 36.8548 | Val Cost:  -30.30 | Val Max P-Miss: 0.3918 | Val Max Q-Miss: 0.0347 | Val Max Gen Viol: 0.0117 | Val Max Thermal: 0.0000
Epoch 2520 | Val Loss: 36.1017 | Val Cost:  -30.30 | Val Max P-Miss: 0.3611 | Val Max Q-Miss: 0.0464 | Val Max Gen Viol: 0.0117 | Val Max Thermal: 0.0000
Epoch 2530 | Val Loss: 35.7588 | Val Cost:  -30.30 | Val Max P-Miss: 0.3484 | Val Max Q-Miss: 0.0463 | Val Max Gen Viol: 0.0117 | Val Max Thermal: 0.0000
Epoch 2540 | Val Loss: 35.5483 | Val Cost:  -30.30 | Val Max P-Miss: 0.3434 | Val Max Q-Miss: 0.0415 | Val Max Gen Viol: 0.0117 | Val Max Thermal: 0.0000
Epoch 2550 | Val Loss: 35.2502 | Val Cost:  -30.30 | Val Max P-Miss: 0.3344 | Val Max Q-Miss: 0.0360 | Val Max Gen Viol: 0.0117 | Val Max Thermal: 0.0000
Epoch 2560 | Val Loss: 35.0658 | Val Cost:  -30.30 | Val Max P-Miss: 0.3278 | Val Max Q-Miss: 0.0315 | Val Max Gen Viol: 0.0117 | Val Max Thermal: 0.0000
Epoch 2570 | Val Loss: 34.9541 | Val Cost:  -30.30 | Val Max P-Miss: 0.3229 | Val Max Q-Miss: 0.0275 | Val Max Gen Viol: 0.0117 | Val Max Thermal: 0.0000
Epoch 2580 | Val Loss: 34.8254 | Val Cost:  -30.30 | Val Max P-Miss: 0.3179 | Val Max Q-Miss: 0.0238 | Val Max Gen Viol: 0.0117 | Val Max Thermal: 0.0000
Epoch 2590 | Val Loss: 34.7054 | Val Cost:  -30.30 | Val Max P-Miss: 0.3120 | Val Max Q-Miss: 0.0210 | Val Max Gen Viol: 0.0117 | Val Max Thermal: 0.0000
Epoch 2600 | Val Loss: 34.6079 | Val Cost:  -30.30 | Val Max P-Miss: 0.3062 | Val Max Q-Miss: 0.0225 | Val Max Gen Viol: 0.0117 | Val Max Thermal: 0.0000
Epoch 2610 | Val Loss: 34.5207 | Val Cost:  -30.30 | Val Max P-Miss: 0.3018 | Val Max Q-Miss: 0.0233 | Val Max Gen Viol: 0.0117 | Val Max Thermal: 0.0000
Epoch 2620 | Val Loss: 34.4324 | Val Cost:  -30.30 | Val Max P-Miss: 0.2969 | Val Max Q-Miss: 0.0247 | Val Max Gen Viol: 0.0117 | Val Max Thermal: 0.0000
Epoch 2630 | Val Loss: 34.3660 | Val Cost:  -30.30 | Val Max P-Miss: 0.2914 | Val Max Q-Miss: 0.0261 | Val Max Gen Viol: 0.0117 | Val Max Thermal: 0.0000
Epoch 2640 | Val Loss: 34.2640 | Val Cost:  -30.30 | Val Max P-Miss: 0.2835 | Val Max Q-Miss: 0.0263 | Val Max Gen Viol: 0.0117 | Val Max Thermal: 0.0000
Epoch 2650 | Val Loss: 34.2791 | Val Cost:  -30.30 | Val Max P-Miss: 0.2815 | Val Max Q-Miss: 0.0284 | Val Max Gen Viol: 0.0117 | Val Max Thermal: 0.0000
Epoch 2660 | Val Loss: 36.4936 | Val Cost:  -30.30 | Val Max P-Miss: 0.2893 | Val Max Q-Miss: 0.1152 | Val Max Gen Viol: 0.0117 | Val Max Thermal: 0.0000
Epoch 2670 | Val Loss: 34.4900 | Val Cost:  -30.29 | Val Max P-Miss: 0.2613 | Val Max Q-Miss: 0.0327 | Val Max Gen Viol: 0.0117 | Val Max Thermal: 0.0000
Epoch 2680 | Val Loss: 34.5230 | Val Cost:  -30.30 | Val Max P-Miss: 0.3010 | Val Max Q-Miss: 0.0292 | Val Max Gen Viol: 0.0117 | Val Max Thermal: 0.0000
Epoch 2690 | Val Loss: 34.5481 | Val Cost:  -30.30 | Val Max P-Miss: 0.3023 | Val Max Q-Miss: 0.0286 | Val Max Gen Viol: 0.0117 | Val Max Thermal: 0.0000
Epoch 2700 | Val Loss: 34.4880 | Val Cost:  -30.30 | Val Max P-Miss: 0.2961 | Val Max Q-Miss: 0.0254 | Val Max Gen Viol: 0.0117 | Val Max Thermal: 0.0000
Epoch 2710 | Val Loss: 37.0575 | Val Cost:  -30.30 | Val Max P-Miss: 0.3079 | Val Max Q-Miss: 0.0878 | Val Max Gen Viol: 0.0117 | Val Max Thermal: 0.0000
Epoch 2720 | Val Loss: 36.2564 | Val Cost:  -30.30 | Val Max P-Miss: 0.2973 | Val Max Q-Miss: 0.0494 | Val Max Gen Viol: 0.0117 | Val Max Thermal: 0.0000
Epoch 2730 | Val Loss: 35.5377 | Val Cost:  -30.30 | Val Max P-Miss: 0.3258 | Val Max Q-Miss: 0.0337 | Val Max Gen Viol: 0.0117 | Val Max Thermal: 0.0000
Epoch 2740 | Val Loss: 34.7247 | Val Cost:  -30.30 | Val Max P-Miss: 0.3105 | Val Max Q-Miss: 0.0236 | Val Max Gen Viol: 0.0117 | Val Max Thermal: 0.0000
Epoch 2750 | Val Loss: 34.5389 | Val Cost:  -30.30 | Val Max P-Miss: 0.2963 | Val Max Q-Miss: 0.0232 | Val Max Gen Viol: 0.0117 | Val Max Thermal: 0.0000
Epoch 2760 | Val Loss: 34.9601 | Val Cost:  -30.30 | Val Max P-Miss: 0.3134 | Val Max Q-Miss: 0.0441 | Val Max Gen Viol: 0.0117 | Val Max Thermal: 0.0000
Epoch 2770 | Val Loss: 34.7360 | Val Cost:  -30.30 | Val Max P-Miss: 0.2883 | Val Max Q-Miss: 0.0504 | Val Max Gen Viol: 0.0117 | Val Max Thermal: 0.0000
Epoch 2780 | Val Loss: 34.4266 | Val Cost:  -30.30 | Val Max P-Miss: 0.2847 | Val Max Q-Miss: 0.0252 | Val Max Gen Viol: 0.0117 | Val Max Thermal: 0.0000
Epoch 2790 | Val Loss: 35.0639 | Val Cost:  -30.30 | Val Max P-Miss: 0.2838 | Val Max Q-Miss: 0.0297 | Val Max Gen Viol: 0.0117 | Val Max Thermal: 0.0000
Epoch 2800 | Val Loss: 35.0191 | Val Cost:  -30.30 | Val Max P-Miss: 0.3169 | Val Max Q-Miss: 0.0379 | Val Max Gen Viol: 0.0117 | Val Max Thermal: 0.0000
Epoch 2810 | Val Loss: 35.4359 | Val Cost:  -30.30 | Val Max P-Miss: 0.3339 | Val Max Q-Miss: 0.0465 | Val Max Gen Viol: 0.0117 | Val Max Thermal: 0.0000
Epoch 2820 | Val Loss: 35.6005 | Val Cost:  -30.30 | Val Max P-Miss: 0.3407 | Val Max Q-Miss: 0.0505 | Val Max Gen Viol: 0.0117 | Val Max Thermal: 0.0000
Epoch 2830 | Val Loss: 35.7664 | Val Cost:  -30.30 | Val Max P-Miss: 0.3452 | Val Max Q-Miss: 0.0530 | Val Max Gen Viol: 0.0117 | Val Max Thermal: 0.0000
Epoch 2840 | Val Loss: 35.8952 | Val Cost:  -30.30 | Val Max P-Miss: 0.3423 | Val Max Q-Miss: 0.0573 | Val Max Gen Viol: 0.0117 | Val Max Thermal: 0.0000
Epoch 2850 | Val Loss: 35.4925 | Val Cost:  -30.30 | Val Max P-Miss: 0.3364 | Val Max Q-Miss: 0.0565 | Val Max Gen Viol: 0.0117 | Val Max Thermal: 0.0000
Epoch 2860 | Val Loss: 35.1339 | Val Cost:  -30.31 | Val Max P-Miss: 0.3270 | Val Max Q-Miss: 0.0386 | Val Max Gen Viol: 0.0117 | Val Max Thermal: 0.0000
Epoch 2870 | Val Loss: 35.0084 | Val Cost:  -30.31 | Val Max P-Miss: 0.3239 | Val Max Q-Miss: 0.0343 | Val Max Gen Viol: 0.0117 | Val Max Thermal: 0.0000
Epoch 2880 | Val Loss: 34.8775 | Val Cost:  -30.31 | Val Max P-Miss: 0.3187 | Val Max Q-Miss: 0.0295 | Val Max Gen Viol: 0.0117 | Val Max Thermal: 0.0000
Epoch 2890 | Val Loss: 34.7591 | Val Cost:  -30.31 | Val Max P-Miss: 0.3124 | Val Max Q-Miss: 0.0248 | Val Max Gen Viol: 0.0117 | Val Max Thermal: 0.0000
Epoch 2900 | Val Loss: 34.6559 | Val Cost:  -30.31 | Val Max P-Miss: 0.3085 | Val Max Q-Miss: 0.0217 | Val Max Gen Viol: 0.0117 | Val Max Thermal: 0.0000
Epoch 2910 | Val Loss: 34.5660 | Val Cost:  -30.31 | Val Max P-Miss: 0.3026 | Val Max Q-Miss: 0.0188 | Val Max Gen Viol: 0.0117 | Val Max Thermal: 0.0000
Epoch 2920 | Val Loss: 34.4969 | Val Cost:  -30.31 | Val Max P-Miss: 0.2986 | Val Max Q-Miss: 0.0199 | Val Max Gen Viol: 0.0117 | Val Max Thermal: 0.0000
Epoch 2930 | Val Loss: 34.4390 | Val Cost:  -30.31 | Val Max P-Miss: 0.2926 | Val Max Q-Miss: 0.0214 | Val Max Gen Viol: 0.0117 | Val Max Thermal: 0.0000
Epoch 2940 | Val Loss: 34.3704 | Val Cost:  -30.31 | Val Max P-Miss: 0.2875 | Val Max Q-Miss: 0.0233 | Val Max Gen Viol: 0.0117 | Val Max Thermal: 0.0000
Epoch 2950 | Val Loss: 34.4221 | Val Cost:  -30.31 | Val Max P-Miss: 0.2849 | Val Max Q-Miss: 0.0230 | Val Max Gen Viol: 0.0117 | Val Max Thermal: 0.0000
Epoch 2960 | Val Loss: 34.9189 | Val Cost:  -30.30 | Val Max P-Miss: 0.2893 | Val Max Q-Miss: 0.0339 | Val Max Gen Viol: 0.0117 | Val Max Thermal: 0.0000
Epoch 2970 | Val Loss: 35.5465 | Val Cost:  -30.31 | Val Max P-Miss: 0.2839 | Val Max Q-Miss: 0.0499 | Val Max Gen Viol: 0.0117 | Val Max Thermal: 0.0000
Epoch 2980 | Val Loss: 38.4923 | Val Cost:  -30.30 | Val Max P-Miss: 0.3699 | Val Max Q-Miss: 0.0507 | Val Max Gen Viol: 0.0117 | Val Max Thermal: 0.0000
Epoch 2990 | Val Loss: 34.6338 | Val Cost:  -30.30 | Val Max P-Miss: 0.2713 | Val Max Q-Miss: 0.0283 | Val Max Gen Viol: 0.0117 | Val Max Thermal: 0.0000
Epoch 3000 | Val Loss: 34.5763 | Val Cost:  -30.30 | Val Max P-Miss: 0.3153 | Val Max Q-Miss: 0.0297 | Val Max Gen Viol: 0.0117 | Val Max Thermal: 0.0000
Epoch 3010 | Val Loss: 34.6570 | Val Cost:  -30.31 | Val Max P-Miss: 0.2981 | Val Max Q-Miss: 0.0263 | Val Max Gen Viol: 0.0117 | Val Max Thermal: 0.0000
Epoch 3020 | Val Loss: 34.6237 | Val Cost:  -30.31 | Val Max P-Miss: 0.2922 | Val Max Q-Miss: 0.0260 | Val Max Gen Viol: 0.0117 | Val Max Thermal: 0.0000
Epoch 3030 | Val Loss: 34.6237 | Val Cost:  -30.31 | Val Max P-Miss: 0.2880 | Val Max Q-Miss: 0.0250 | Val Max Gen Viol: 0.0117 | Val Max Thermal: 0.0000
Epoch 3040 | Val Loss: 34.3866 | Val Cost:  -30.30 | Val Max P-Miss: 0.2780 | Val Max Q-Miss: 0.0380 | Val Max Gen Viol: 0.0117 | Val Max Thermal: 0.0000
Epoch 3050 | Val Loss: 34.9803 | Val Cost:  -30.30 | Val Max P-Miss: 0.3160 | Val Max Q-Miss: 0.0324 | Val Max Gen Viol: 0.0117 | Val Max Thermal: 0.0000
Epoch 3060 | Val Loss: 34.7091 | Val Cost:  -30.31 | Val Max P-Miss: 0.3015 | Val Max Q-Miss: 0.0278 | Val Max Gen Viol: 0.0117 | Val Max Thermal: 0.0000
Epoch 3070 | Val Loss: 34.6218 | Val Cost:  -30.31 | Val Max P-Miss: 0.2954 | Val Max Q-Miss: 0.0228 | Val Max Gen Viol: 0.0117 | Val Max Thermal: 0.0000
Epoch 3080 | Val Loss: 34.5562 | Val Cost:  -30.31 | Val Max P-Miss: 0.2929 | Val Max Q-Miss: 0.0227 | Val Max Gen Viol: 0.0117 | Val Max Thermal: 0.0000
Epoch 3090 | Val Loss: 34.5034 | Val Cost:  -30.31 | Val Max P-Miss: 0.2882 | Val Max Q-Miss: 0.0237 | Val Max Gen Viol: 0.0117 | Val Max Thermal: 0.0000
Epoch 3100 | Val Loss: 34.4573 | Val Cost:  -30.31 | Val Max P-Miss: 0.2836 | Val Max Q-Miss: 0.0252 | Val Max Gen Viol: 0.0117 | Val Max Thermal: 0.0000
Epoch 3110 | Val Loss: 34.3859 | Val Cost:  -30.31 | Val Max P-Miss: 0.2789 | Val Max Q-Miss: 0.0273 | Val Max Gen Viol: 0.0117 | Val Max Thermal: 0.0000
Epoch 3120 | Val Loss: 34.4143 | Val Cost:  -30.31 | Val Max P-Miss: 0.2773 | Val Max Q-Miss: 0.0272 | Val Max Gen Viol: 0.0117 | Val Max Thermal: 0.0000
Epoch 3130 | Val Loss: 34.6353 | Val Cost:  -30.31 | Val Max P-Miss: 0.2789 | Val Max Q-Miss: 0.0283 | Val Max Gen Viol: 0.0117 | Val Max Thermal: 0.0000
Epoch 3140 | Val Loss: 35.2936 | Val Cost:  -30.30 | Val Max P-Miss: 0.2971 | Val Max Q-Miss: 0.0328 | Val Max Gen Viol: 0.0117 | Val Max Thermal: 0.0000
Epoch 3150 | Val Loss: 35.3896 | Val Cost:  -30.31 | Val Max P-Miss: 0.3288 | Val Max Q-Miss: 0.0367 | Val Max Gen Viol: 0.0117 | Val Max Thermal: 0.0000
Epoch 3160 | Val Loss: 35.6478 | Val Cost:  -30.31 | Val Max P-Miss: 0.3482 | Val Max Q-Miss: 0.0422 | Val Max Gen Viol: 0.0117 | Val Max Thermal: 0.0000
Epoch 3170 | Val Loss: 35.8064 | Val Cost:  -30.31 | Val Max P-Miss: 0.3541 | Val Max Q-Miss: 0.0396 | Val Max Gen Viol: 0.0117 | Val Max Thermal: 0.0000
Epoch 3180 | Val Loss: 35.3659 | Val Cost:  -30.31 | Val Max P-Miss: 0.3412 | Val Max Q-Miss: 0.0356 | Val Max Gen Viol: 0.0117 | Val Max Thermal: 0.0000
Epoch 3190 | Val Loss: 35.2604 | Val Cost:  -30.31 | Val Max P-Miss: 0.3361 | Val Max Q-Miss: 0.0313 | Val Max Gen Viol: 0.0117 | Val Max Thermal: 0.0000
Epoch 3200 | Val Loss: 35.1541 | Val Cost:  -30.31 | Val Max P-Miss: 0.3294 | Val Max Q-Miss: 0.0298 | Val Max Gen Viol: 0.0117 | Val Max Thermal: 0.0000
Epoch 3210 | Val Loss: 35.0886 | Val Cost:  -30.31 | Val Max P-Miss: 0.3243 | Val Max Q-Miss: 0.0288 | Val Max Gen Viol: 0.0117 | Val Max Thermal: 0.0000
Epoch 3220 | Val Loss: 35.0558 | Val Cost:  -30.31 | Val Max P-Miss: 0.3221 | Val Max Q-Miss: 0.0281 | Val Max Gen Viol: 0.0117 | Val Max Thermal: 0.0000
Epoch 3230 | Val Loss: 34.8507 | Val Cost:  -30.31 | Val Max P-Miss: 0.2609 | Val Max Q-Miss: 0.0271 | Val Max Gen Viol: 0.0117 | Val Max Thermal: 0.0000
Epoch 3240 | Val Loss: 34.7768 | Val Cost:  -30.30 | Val Max P-Miss: 0.2678 | Val Max Q-Miss: 0.0416 | Val Max Gen Viol: 0.0117 | Val Max Thermal: 0.0000
Epoch 3250 | Val Loss: 34.7940 | Val Cost:  -30.30 | Val Max P-Miss: 0.2668 | Val Max Q-Miss: 0.0208 | Val Max Gen Viol: 0.0117 | Val Max Thermal: 0.0000
Epoch 3260 | Val Loss: 35.3423 | Val Cost:  -30.31 | Val Max P-Miss: 0.3153 | Val Max Q-Miss: 0.0454 | Val Max Gen Viol: 0.0117 | Val Max Thermal: 0.0000
Epoch 3270 | Val Loss: 34.6760 | Val Cost:  -30.31 | Val Max P-Miss: 0.3074 | Val Max Q-Miss: 0.0418 | Val Max Gen Viol: 0.0117 | Val Max Thermal: 0.0000
Epoch 3280 | Val Loss: 34.5267 | Val Cost:  -30.31 | Val Max P-Miss: 0.2563 | Val Max Q-Miss: 0.0589 | Val Max Gen Viol: 0.0117 | Val Max Thermal: 0.0000
Epoch 3290 | Val Loss: 35.2487 | Val Cost:  -30.31 | Val Max P-Miss: 0.2825 | Val Max Q-Miss: 0.0622 | Val Max Gen Viol: 0.0117 | Val Max Thermal: 0.0000
Epoch 3300 | Val Loss: 34.1529 | Val Cost:  -30.31 | Val Max P-Miss: 0.2587 | Val Max Q-Miss: 0.0392 | Val Max Gen Viol: 0.0117 | Val Max Thermal: 0.0000
Epoch 3310 | Val Loss: 34.7029 | Val Cost:  -30.31 | Val Max P-Miss: 0.3041 | Val Max Q-Miss: 0.0440 | Val Max Gen Viol: 0.0117 | Val Max Thermal: 0.0000
Epoch 3320 | Val Loss: 34.7808 | Val Cost:  -30.31 | Val Max P-Miss: 0.2986 | Val Max Q-Miss: 0.0471 | Val Max Gen Viol: 0.0117 | Val Max Thermal: 0.0000
Epoch 3330 | Val Loss: 34.8649 | Val Cost:  -30.31 | Val Max P-Miss: 0.2619 | Val Max Q-Miss: 0.0359 | Val Max Gen Viol: 0.0117 | Val Max Thermal: 0.0000
Epoch 3340 | Val Loss: 34.8627 | Val Cost:  -30.31 | Val Max P-Miss: 0.2709 | Val Max Q-Miss: 0.0240 | Val Max Gen Viol: 0.0117 | Val Max Thermal: 0.0000
Epoch 3350 | Val Loss: 35.2084 | Val Cost:  -30.31 | Val Max P-Miss: 0.3189 | Val Max Q-Miss: 0.0367 | Val Max Gen Viol: 0.0117 | Val Max Thermal: 0.0000
Epoch 3360 | Val Loss: 35.3653 | Val Cost:  -30.31 | Val Max P-Miss: 0.3255 | Val Max Q-Miss: 0.0390 | Val Max Gen Viol: 0.0117 | Val Max Thermal: 0.0000
Epoch 3370 | Val Loss: 35.5547 | Val Cost:  -30.31 | Val Max P-Miss: 0.3327 | Val Max Q-Miss: 0.0420 | Val Max Gen Viol: 0.0117 | Val Max Thermal: 0.0000
Epoch 3380 | Val Loss: 35.7847 | Val Cost:  -30.31 | Val Max P-Miss: 0.3378 | Val Max Q-Miss: 0.0443 | Val Max Gen Viol: 0.0117 | Val Max Thermal: 0.0000
Epoch 3390 | Val Loss: 34.0534 | Val Cost:  -30.31 | Val Max P-Miss: 0.2731 | Val Max Q-Miss: 0.0362 | Val Max Gen Viol: 0.0117 | Val Max Thermal: 0.0000
Epoch 3400 | Val Loss: 35.2309 | Val Cost:  -30.31 | Val Max P-Miss: 0.3332 | Val Max Q-Miss: 0.0382 | Val Max Gen Viol: 0.0117 | Val Max Thermal: 0.0000
Epoch 3410 | Val Loss: 34.9842 | Val Cost:  -30.31 | Val Max P-Miss: 0.3172 | Val Max Q-Miss: 0.0366 | Val Max Gen Viol: 0.0117 | Val Max Thermal: 0.0000
Epoch 3420 | Val Loss: 35.1413 | Val Cost:  -30.31 | Val Max P-Miss: 0.3179 | Val Max Q-Miss: 0.0338 | Val Max Gen Viol: 0.0117 | Val Max Thermal: 0.0000
Epoch 3430 | Val Loss: 35.0240 | Val Cost:  -30.31 | Val Max P-Miss: 0.3148 | Val Max Q-Miss: 0.0297 | Val Max Gen Viol: 0.0117 | Val Max Thermal: 0.0000
Epoch 3440 | Val Loss: 34.9289 | Val Cost:  -30.31 | Val Max P-Miss: 0.3086 | Val Max Q-Miss: 0.0260 | Val Max Gen Viol: 0.0117 | Val Max Thermal: 0.0000
Epoch 3450 | Val Loss: 34.8354 | Val Cost:  -30.31 | Val Max P-Miss: 0.3031 | Val Max Q-Miss: 0.0266 | Val Max Gen Viol: 0.0117 | Val Max Thermal: 0.0000
Epoch 3460 | Val Loss: 34.7543 | Val Cost:  -30.31 | Val Max P-Miss: 0.3000 | Val Max Q-Miss: 0.0273 | Val Max Gen Viol: 0.0117 | Val Max Thermal: 0.0000
Epoch 3470 | Val Loss: 34.6794 | Val Cost:  -30.31 | Val Max P-Miss: 0.2956 | Val Max Q-Miss: 0.0284 | Val Max Gen Viol: 0.0117 | Val Max Thermal: 0.0000
Epoch 3480 | Val Loss: 34.6404 | Val Cost:  -30.32 | Val Max P-Miss: 0.2908 | Val Max Q-Miss: 0.0293 | Val Max Gen Viol: 0.0117 | Val Max Thermal: 0.0000
Epoch 3490 | Val Loss: 34.7252 | Val Cost:  -30.32 | Val Max P-Miss: 0.2916 | Val Max Q-Miss: 0.0296 | Val Max Gen Viol: 0.0117 | Val Max Thermal: 0.0000
Epoch 3500 | Val Loss: 34.5467 | Val Cost:  -30.32 | Val Max P-Miss: 0.2818 | Val Max Q-Miss: 0.0317 | Val Max Gen Viol: 0.0117 | Val Max Thermal: 0.0000
Epoch 3510 | Val Loss: 34.5497 | Val Cost:  -30.32 | Val Max P-Miss: 0.2791 | Val Max Q-Miss: 0.0306 | Val Max Gen Viol: 0.0117 | Val Max Thermal: 0.0000
Epoch 3520 | Val Loss: 34.7775 | Val Cost:  -30.31 | Val Max P-Miss: 0.2857 | Val Max Q-Miss: 0.0320 | Val Max Gen Viol: 0.0117 | Val Max Thermal: 0.0000
Epoch 3530 | Val Loss: 34.8591 | Val Cost:  -30.31 | Val Max P-Miss: 0.3108 | Val Max Q-Miss: 0.0290 | Val Max Gen Viol: 0.0117 | Val Max Thermal: 0.0000
Epoch 3540 | Val Loss: 34.8547 | Val Cost:  -30.31 | Val Max P-Miss: 0.3062 | Val Max Q-Miss: 0.0302 | Val Max Gen Viol: 0.0117 | Val Max Thermal: 0.0000
Epoch 3550 | Val Loss: 34.8095 | Val Cost:  -30.31 | Val Max P-Miss: 0.3004 | Val Max Q-Miss: 0.0295 | Val Max Gen Viol: 0.0117 | Val Max Thermal: 0.0000
Epoch 3560 | Val Loss: 34.6628 | Val Cost:  -30.31 | Val Max P-Miss: 0.2894 | Val Max Q-Miss: 0.0268 | Val Max Gen Viol: 0.0117 | Val Max Thermal: 0.0000
Epoch 3570 | Val Loss: 35.0456 | Val Cost:  -30.31 | Val Max P-Miss: 0.3046 | Val Max Q-Miss: 0.0239 | Val Max Gen Viol: 0.0117 | Val Max Thermal: 0.0000
Epoch 3580 | Val Loss: 35.9847 | Val Cost:  -30.32 | Val Max P-Miss: 0.3158 | Val Max Q-Miss: 0.0580 | Val Max Gen Viol: 0.0117 | Val Max Thermal: 0.0000
Epoch 3590 | Val Loss: 34.6923 | Val Cost:  -30.32 | Val Max P-Miss: 0.2945 | Val Max Q-Miss: 0.0331 | Val Max Gen Viol: 0.0117 | Val Max Thermal: 0.0000
Epoch 3600 | Val Loss: 34.6911 | Val Cost:  -30.32 | Val Max P-Miss: 0.2891 | Val Max Q-Miss: 0.0329 | Val Max Gen Viol: 0.0117 | Val Max Thermal: 0.0000
Epoch 3610 | Val Loss: 34.6517 | Val Cost:  -30.32 | Val Max P-Miss: 0.2862 | Val Max Q-Miss: 0.0331 | Val Max Gen Viol: 0.0117 | Val Max Thermal: 0.0000
Epoch 3620 | Val Loss: 34.7412 | Val Cost:  -30.32 | Val Max P-Miss: 0.2897 | Val Max Q-Miss: 0.0318 | Val Max Gen Viol: 0.0117 | Val Max Thermal: 0.0000
Epoch 3630 | Val Loss: 34.7769 | Val Cost:  -30.32 | Val Max P-Miss: 0.3064 | Val Max Q-Miss: 0.0391 | Val Max Gen Viol: 0.0117 | Val Max Thermal: 0.0000
Epoch 3640 | Val Loss: 34.8105 | Val Cost:  -30.31 | Val Max P-Miss: 0.2668 | Val Max Q-Miss: 0.0317 | Val Max Gen Viol: 0.0117 | Val Max Thermal: 0.0000
Epoch 3650 | Val Loss: 34.6964 | Val Cost:  -30.31 | Val Max P-Miss: 0.2967 | Val Max Q-Miss: 0.0299 | Val Max Gen Viol: 0.0117 | Val Max Thermal: 0.0000
Epoch 3660 | Val Loss: 34.6775 | Val Cost:  -30.31 | Val Max P-Miss: 0.2889 | Val Max Q-Miss: 0.0287 | Val Max Gen Viol: 0.0117 | Val Max Thermal: 0.0000
Epoch 3670 | Val Loss: 34.9201 | Val Cost:  -30.31 | Val Max P-Miss: 0.2750 | Val Max Q-Miss: 0.0194 | Val Max Gen Viol: 0.0117 | Val Max Thermal: 0.0000
Epoch 3680 | Val Loss: 34.9320 | Val Cost:  -30.31 | Val Max P-Miss: 0.3205 | Val Max Q-Miss: 0.0318 | Val Max Gen Viol: 0.0117 | Val Max Thermal: 0.0000
Epoch 3690 | Val Loss: 35.4250 | Val Cost:  -30.31 | Val Max P-Miss: 0.3349 | Val Max Q-Miss: 0.0370 | Val Max Gen Viol: 0.0117 | Val Max Thermal: 0.0000
Epoch 3700 | Val Loss: 35.4812 | Val Cost:  -30.32 | Val Max P-Miss: 0.3374 | Val Max Q-Miss: 0.0371 | Val Max Gen Viol: 0.0117 | Val Max Thermal: 0.0000
Epoch 3710 | Val Loss: 35.6129 | Val Cost:  -30.32 | Val Max P-Miss: 0.3447 | Val Max Q-Miss: 0.0409 | Val Max Gen Viol: 0.0117 | Val Max Thermal: 0.0000
Epoch 3720 | Val Loss: 35.7272 | Val Cost:  -30.32 | Val Max P-Miss: 0.3470 | Val Max Q-Miss: 0.0423 | Val Max Gen Viol: 0.0117 | Val Max Thermal: 0.0000
Epoch 3730 | Val Loss: 34.9406 | Val Cost:  -30.32 | Val Max P-Miss: 0.2988 | Val Max Q-Miss: 0.0498 | Val Max Gen Viol: 0.0117 | Val Max Thermal: 0.0000
Epoch 3740 | Val Loss: 36.2320 | Val Cost:  -30.32 | Val Max P-Miss: 0.3563 | Val Max Q-Miss: 0.0458 | Val Max Gen Viol: 0.0117 | Val Max Thermal: 0.0000
Epoch 3750 | Val Loss: 35.3520 | Val Cost:  -30.32 | Val Max P-Miss: 0.3370 | Val Max Q-Miss: 0.0322 | Val Max Gen Viol: 0.0117 | Val Max Thermal: 0.0000
Epoch 3760 | Val Loss: 35.2181 | Val Cost:  -30.32 | Val Max P-Miss: 0.3286 | Val Max Q-Miss: 0.0293 | Val Max Gen Viol: 0.0117 | Val Max Thermal: 0.0000
Epoch 3770 | Val Loss: 35.1376 | Val Cost:  -30.32 | Val Max P-Miss: 0.3199 | Val Max Q-Miss: 0.0300 | Val Max Gen Viol: 0.0117 | Val Max Thermal: 0.0000
Epoch 3780 | Val Loss: 35.0771 | Val Cost:  -30.32 | Val Max P-Miss: 0.3165 | Val Max Q-Miss: 0.0306 | Val Max Gen Viol: 0.0117 | Val Max Thermal: 0.0000
Epoch 3790 | Val Loss: 34.5996 | Val Cost:  -30.32 | Val Max P-Miss: 0.2877 | Val Max Q-Miss: 0.0284 | Val Max Gen Viol: 0.0117 | Val Max Thermal: 0.0000
Epoch 3800 | Val Loss: 35.0451 | Val Cost:  -30.32 | Val Max P-Miss: 0.3067 | Val Max Q-Miss: 0.0394 | Val Max Gen Viol: 0.0117 | Val Max Thermal: 0.0000
Epoch 3810 | Val Loss: 34.7917 | Val Cost:  -30.32 | Val Max P-Miss: 0.2896 | Val Max Q-Miss: 0.0300 | Val Max Gen Viol: 0.0117 | Val Max Thermal: 0.0000
Epoch 3820 | Val Loss: 35.1092 | Val Cost:  -30.32 | Val Max P-Miss: 0.3045 | Val Max Q-Miss: 0.0318 | Val Max Gen Viol: 0.0117 | Val Max Thermal: 0.0000
Epoch 3830 | Val Loss: 35.8193 | Val Cost:  -30.32 | Val Max P-Miss: 0.3102 | Val Max Q-Miss: 0.0318 | Val Max Gen Viol: 0.0117 | Val Max Thermal: 0.0000
Epoch 3840 | Val Loss: 34.7087 | Val Cost:  -30.32 | Val Max P-Miss: 0.2901 | Val Max Q-Miss: 0.0354 | Val Max Gen Viol: 0.0117 | Val Max Thermal: 0.0000
Epoch 3850 | Val Loss: 34.9087 | Val Cost:  -30.32 | Val Max P-Miss: 0.2762 | Val Max Q-Miss: 0.0315 | Val Max Gen Viol: 0.0117 | Val Max Thermal: 0.0000
Epoch 3860 | Val Loss: 35.6140 | Val Cost:  -30.32 | Val Max P-Miss: 0.2983 | Val Max Q-Miss: 0.0474 | Val Max Gen Viol: 0.0117 | Val Max Thermal: 0.0000
Epoch 3870 | Val Loss: 34.6077 | Val Cost:  -30.31 | Val Max P-Miss: 0.2743 | Val Max Q-Miss: 0.0359 | Val Max Gen Viol: 0.0117 | Val Max Thermal: 0.0000
Epoch 3880 | Val Loss: 35.5853 | Val Cost:  -30.32 | Val Max P-Miss: 0.3248 | Val Max Q-Miss: 0.0468 | Val Max Gen Viol: 0.0117 | Val Max Thermal: 0.0000
Epoch 3890 | Val Loss: 35.8532 | Val Cost:  -30.32 | Val Max P-Miss: 0.3274 | Val Max Q-Miss: 0.0486 | Val Max Gen Viol: 0.0117 | Val Max Thermal: 0.0000
Epoch 3900 | Val Loss: 35.3763 | Val Cost:  -30.32 | Val Max P-Miss: 0.2714 | Val Max Q-Miss: 0.0489 | Val Max Gen Viol: 0.0117 | Val Max Thermal: 0.0000
Epoch 3910 | Val Loss: 36.9077 | Val Cost:  -30.32 | Val Max P-Miss: 0.3590 | Val Max Q-Miss: 0.0440 | Val Max Gen Viol: 0.0117 | Val Max Thermal: 0.0000
Epoch 3920 | Val Loss: 34.8010 | Val Cost:  -30.32 | Val Max P-Miss: 0.2840 | Val Max Q-Miss: 0.0310 | Val Max Gen Viol: 0.0117 | Val Max Thermal: 0.0000
Epoch 3930 | Val Loss: 34.9434 | Val Cost:  -30.32 | Val Max P-Miss: 0.2911 | Val Max Q-Miss: 0.0346 | Val Max Gen Viol: 0.0117 | Val Max Thermal: 0.0000
Epoch 3940 | Val Loss: 35.0311 | Val Cost:  -30.32 | Val Max P-Miss: 0.2988 | Val Max Q-Miss: 0.0295 | Val Max Gen Viol: 0.0117 | Val Max Thermal: 0.0000
Epoch 3950 | Val Loss: 35.0928 | Val Cost:  -30.32 | Val Max P-Miss: 0.3053 | Val Max Q-Miss: 0.0275 | Val Max Gen Viol: 0.0117 | Val Max Thermal: 0.0000
Epoch 3960 | Val Loss: 35.1344 | Val Cost:  -30.32 | Val Max P-Miss: 0.3102 | Val Max Q-Miss: 0.0274 | Val Max Gen Viol: 0.0117 | Val Max Thermal: 0.0000
Epoch 3970 | Val Loss: 34.4835 | Val Cost:  -30.32 | Val Max P-Miss: 0.2835 | Val Max Q-Miss: 0.0348 | Val Max Gen Viol: 0.0117 | Val Max Thermal: 0.0000
Epoch 3980 | Val Loss: 34.9271 | Val Cost:  -30.32 | Val Max P-Miss: 0.2664 | Val Max Q-Miss: 0.0353 | Val Max Gen Viol: 0.0117 | Val Max Thermal: 0.0000
Epoch 3990 | Val Loss: 34.5580 | Val Cost:  -30.32 | Val Max P-Miss: 0.2724 | Val Max Q-Miss: 0.0216 | Val Max Gen Viol: 0.0117 | Val Max Thermal: 0.0000
Epoch 4000 | Val Loss: 34.8526 | Val Cost:  -30.32 | Val Max P-Miss: 0.2662 | Val Max Q-Miss: 0.0282 | Val Max Gen Viol: 0.0117 | Val Max Thermal: 0.0000
Epoch 4010 | Val Loss: 34.9405 | Val Cost:  -30.32 | Val Max P-Miss: 0.2829 | Val Max Q-Miss: 0.0255 | Val Max Gen Viol: 0.0117 | Val Max Thermal: 0.0000
Epoch 4020 | Val Loss: 34.9167 | Val Cost:  -30.32 | Val Max P-Miss: 0.2827 | Val Max Q-Miss: 0.0497 | Val Max Gen Viol: 0.0117 | Val Max Thermal: 0.0000
Epoch 4030 | Val Loss: 34.6652 | Val Cost:  -30.32 | Val Max P-Miss: 0.2563 | Val Max Q-Miss: 0.0243 | Val Max Gen Viol: 0.0117 | Val Max Thermal: 0.0000
Epoch 4040 | Val Loss: 35.0087 | Val Cost:  -30.32 | Val Max P-Miss: 0.3006 | Val Max Q-Miss: 0.0235 | Val Max Gen Viol: 0.0117 | Val Max Thermal: 0.0000
Epoch 4050 | Val Loss: 34.9197 | Val Cost:  -30.32 | Val Max P-Miss: 0.2874 | Val Max Q-Miss: 0.0469 | Val Max Gen Viol: 0.0117 | Val Max Thermal: 0.0000
Epoch 4060 | Val Loss: 34.7565 | Val Cost:  -30.32 | Val Max P-Miss: 0.2835 | Val Max Q-Miss: 0.0359 | Val Max Gen Viol: 0.0117 | Val Max Thermal: 0.0000
Epoch 4070 | Val Loss: 34.9098 | Val Cost:  -30.32 | Val Max P-Miss: 0.2758 | Val Max Q-Miss: 0.0346 | Val Max Gen Viol: 0.0117 | Val Max Thermal: 0.0000
Epoch 4080 | Val Loss: 34.7538 | Val Cost:  -30.32 | Val Max P-Miss: 0.2971 | Val Max Q-Miss: 0.0358 | Val Max Gen Viol: 0.0117 | Val Max Thermal: 0.0000
Epoch 4090 | Val Loss: 35.0563 | Val Cost:  -30.32 | Val Max P-Miss: 0.3121 | Val Max Q-Miss: 0.0326 | Val Max Gen Viol: 0.0117 | Val Max Thermal: 0.0000
Epoch 4100 | Val Loss: 35.6238 | Val Cost:  -30.32 | Val Max P-Miss: 0.3410 | Val Max Q-Miss: 0.0343 | Val Max Gen Viol: 0.0117 | Val Max Thermal: 0.0000
Epoch 4110 | Val Loss: 35.8493 | Val Cost:  -30.32 | Val Max P-Miss: 0.3463 | Val Max Q-Miss: 0.0372 | Val Max Gen Viol: 0.0117 | Val Max Thermal: 0.0000
Epoch 4120 | Val Loss: 35.8414 | Val Cost:  -30.32 | Val Max P-Miss: 0.3254 | Val Max Q-Miss: 0.0522 | Val Max Gen Viol: 0.0117 | Val Max Thermal: 0.0000
Epoch 4130 | Val Loss: 34.9101 | Val Cost:  -30.33 | Val Max P-Miss: 0.2687 | Val Max Q-Miss: 0.0471 | Val Max Gen Viol: 0.0117 | Val Max Thermal: 0.0000
Epoch 4140 | Val Loss: 36.3313 | Val Cost:  -30.32 | Val Max P-Miss: 0.3547 | Val Max Q-Miss: 0.0576 | Val Max Gen Viol: 0.0117 | Val Max Thermal: 0.0000
Epoch 4150 | Val Loss: 37.3397 | Val Cost:  -30.32 | Val Max P-Miss: 0.3709 | Val Max Q-Miss: 0.0485 | Val Max Gen Viol: 0.0117 | Val Max Thermal: 0.0000
Epoch 4160 | Val Loss: 35.9115 | Val Cost:  -30.32 | Val Max P-Miss: 0.3585 | Val Max Q-Miss: 0.0526 | Val Max Gen Viol: 0.0117 | Val Max Thermal: 0.0000
Epoch 4170 | Val Loss: 35.6981 | Val Cost:  -30.32 | Val Max P-Miss: 0.3295 | Val Max Q-Miss: 0.0498 | Val Max Gen Viol: 0.0117 | Val Max Thermal: 0.0000
Epoch 4180 | Val Loss: 35.6325 | Val Cost:  -30.32 | Val Max P-Miss: 0.3412 | Val Max Q-Miss: 0.0477 | Val Max Gen Viol: 0.0117 | Val Max Thermal: 0.0000
Epoch 4190 | Val Loss: 35.4200 | Val Cost:  -30.32 | Val Max P-Miss: 0.3289 | Val Max Q-Miss: 0.0445 | Val Max Gen Viol: 0.0117 | Val Max Thermal: 0.0000
Epoch 4200 | Val Loss: 35.4839 | Val Cost:  -30.33 | Val Max P-Miss: 0.3266 | Val Max Q-Miss: 0.0425 | Val Max Gen Viol: 0.0117 | Val Max Thermal: 0.0000
Epoch 4210 | Val Loss: 35.4058 | Val Cost:  -30.33 | Val Max P-Miss: 0.3198 | Val Max Q-Miss: 0.0394 | Val Max Gen Viol: 0.0117 | Val Max Thermal: 0.0000
Epoch 4220 | Val Loss: 35.3847 | Val Cost:  -30.33 | Val Max P-Miss: 0.3172 | Val Max Q-Miss: 0.0365 | Val Max Gen Viol: 0.0117 | Val Max Thermal: 0.0000
Epoch 4230 | Val Loss: 35.3024 | Val Cost:  -30.32 | Val Max P-Miss: 0.2890 | Val Max Q-Miss: 0.0280 | Val Max Gen Viol: 0.0117 | Val Max Thermal: 0.0000
Epoch 4240 | Val Loss: 35.7129 | Val Cost:  -30.33 | Val Max P-Miss: 0.3048 | Val Max Q-Miss: 0.0350 | Val Max Gen Viol: 0.0117 | Val Max Thermal: 0.0000
Epoch 4250 | Val Loss: 35.6321 | Val Cost:  -30.32 | Val Max P-Miss: 0.3301 | Val Max Q-Miss: 0.0655 | Val Max Gen Viol: 0.0117 | Val Max Thermal: 0.0000
Epoch 4260 | Val Loss: 35.3843 | Val Cost:  -30.32 | Val Max P-Miss: 0.2709 | Val Max Q-Miss: 0.0423 | Val Max Gen Viol: 0.0117 | Val Max Thermal: 0.0000
Epoch 4270 | Val Loss: 35.0517 | Val Cost:  -30.32 | Val Max P-Miss: 0.2745 | Val Max Q-Miss: 0.0454 | Val Max Gen Viol: 0.0117 | Val Max Thermal: 0.0000
Epoch 4280 | Val Loss: 35.3658 | Val Cost:  -30.33 | Val Max P-Miss: 0.2962 | Val Max Q-Miss: 0.0439 | Val Max Gen Viol: 0.0117 | Val Max Thermal: 0.0000
Epoch 4290 | Val Loss: 34.9378 | Val Cost:  -30.32 | Val Max P-Miss: 0.2757 | Val Max Q-Miss: 0.0410 | Val Max Gen Viol: 0.0117 | Val Max Thermal: 0.0000
Epoch 4300 | Val Loss: 35.3087 | Val Cost:  -30.32 | Val Max P-Miss: 0.2885 | Val Max Q-Miss: 0.0275 | Val Max Gen Viol: 0.0117 | Val Max Thermal: 0.0000
Epoch 4310 | Val Loss: 34.9939 | Val Cost:  -30.32 | Val Max P-Miss: 0.2854 | Val Max Q-Miss: 0.0345 | Val Max Gen Viol: 0.0117 | Val Max Thermal: 0.0000
Epoch 4320 | Val Loss: 34.9415 | Val Cost:  -30.33 | Val Max P-Miss: 0.2811 | Val Max Q-Miss: 0.0332 | Val Max Gen Viol: 0.0117 | Val Max Thermal: 0.0000
Epoch 4330 | Val Loss: 35.0428 | Val Cost:  -30.33 | Val Max P-Miss: 0.2765 | Val Max Q-Miss: 0.0320 | Val Max Gen Viol: 0.0117 | Val Max Thermal: 0.0000
Epoch 4340 | Val Loss: 35.1660 | Val Cost:  -30.33 | Val Max P-Miss: 0.2726 | Val Max Q-Miss: 0.0328 | Val Max Gen Viol: 0.0117 | Val Max Thermal: 0.0000
Epoch 4350 | Val Loss: 35.6960 | Val Cost:  -30.33 | Val Max P-Miss: 0.2720 | Val Max Q-Miss: 0.0432 | Val Max Gen Viol: 0.0117 | Val Max Thermal: 0.0000
Epoch 4360 | Val Loss: 35.7540 | Val Cost:  -30.32 | Val Max P-Miss: 0.3328 | Val Max Q-Miss: 0.0434 | Val Max Gen Viol: 0.0117 | Val Max Thermal: 0.0000
Epoch 4370 | Val Loss: 35.4631 | Val Cost:  -30.33 | Val Max P-Miss: 0.3283 | Val Max Q-Miss: 0.0348 | Val Max Gen Viol: 0.0117 | Val Max Thermal: 0.0000
Epoch 4380 | Val Loss: 35.4864 | Val Cost:  -30.33 | Val Max P-Miss: 0.3242 | Val Max Q-Miss: 0.0357 | Val Max Gen Viol: 0.0117 | Val Max Thermal: 0.0000
Epoch 4390 | Val Loss: 35.4507 | Val Cost:  -30.33 | Val Max P-Miss: 0.3203 | Val Max Q-Miss: 0.0366 | Val Max Gen Viol: 0.0117 | Val Max Thermal: 0.0000
Epoch 4400 | Val Loss: 35.5146 | Val Cost:  -30.33 | Val Max P-Miss: 0.3202 | Val Max Q-Miss: 0.0365 | Val Max Gen Viol: 0.0117 | Val Max Thermal: 0.0000
Epoch 4410 | Val Loss: 34.9532 | Val Cost:  -30.33 | Val Max P-Miss: 0.2883 | Val Max Q-Miss: 0.0364 | Val Max Gen Viol: 0.0117 | Val Max Thermal: 0.0000
Epoch 4420 | Val Loss: 36.4307 | Val Cost:  -30.33 | Val Max P-Miss: 0.2925 | Val Max Q-Miss: 0.0493 | Val Max Gen Viol: 0.0117 | Val Max Thermal: 0.0000
Epoch 4430 | Val Loss: 35.4620 | Val Cost:  -30.32 | Val Max P-Miss: 0.2776 | Val Max Q-Miss: 0.0430 | Val Max Gen Viol: 0.0117 | Val Max Thermal: 0.0000
Epoch 4440 | Val Loss: 35.1161 | Val Cost:  -30.32 | Val Max P-Miss: 0.2684 | Val Max Q-Miss: 0.0354 | Val Max Gen Viol: 0.0117 | Val Max Thermal: 0.0000
Epoch 4450 | Val Loss: 35.0524 | Val Cost:  -30.32 | Val Max P-Miss: 0.2680 | Val Max Q-Miss: 0.0313 | Val Max Gen Viol: 0.0117 | Val Max Thermal: 0.0000
Epoch 4460 | Val Loss: 34.9797 | Val Cost:  -30.33 | Val Max P-Miss: 0.2982 | Val Max Q-Miss: 0.0379 | Val Max Gen Viol: 0.0117 | Val Max Thermal: 0.0000
Epoch 4470 | Val Loss: 34.2822 | Val Cost:  -30.32 | Val Max P-Miss: 0.2828 | Val Max Q-Miss: 0.0297 | Val Max Gen Viol: 0.0117 | Val Max Thermal: 0.0000
Epoch 4480 | Val Loss: 35.1597 | Val Cost:  -30.33 | Val Max P-Miss: 0.3112 | Val Max Q-Miss: 0.0391 | Val Max Gen Viol: 0.0117 | Val Max Thermal: 0.0000
Epoch 4490 | Val Loss: 35.6249 | Val Cost:  -30.33 | Val Max P-Miss: 0.3290 | Val Max Q-Miss: 0.0582 | Val Max Gen Viol: 0.0117 | Val Max Thermal: 0.0000
Epoch 4500 | Val Loss: 35.7484 | Val Cost:  -30.33 | Val Max P-Miss: 0.3322 | Val Max Q-Miss: 0.0562 | Val Max Gen Viol: 0.0117 | Val Max Thermal: 0.0000
Epoch 4510 | Val Loss: 36.0320 | Val Cost:  -30.33 | Val Max P-Miss: 0.3359 | Val Max Q-Miss: 0.0518 | Val Max Gen Viol: 0.0117 | Val Max Thermal: 0.0000
Epoch 4520 | Val Loss: 35.9660 | Val Cost:  -30.33 | Val Max P-Miss: 0.3206 | Val Max Q-Miss: 0.0436 | Val Max Gen Viol: 0.0117 | Val Max Thermal: 0.0000
Epoch 4530 | Val Loss: 35.5719 | Val Cost:  -30.33 | Val Max P-Miss: 0.3240 | Val Max Q-Miss: 0.0504 | Val Max Gen Viol: 0.0117 | Val Max Thermal: 0.0000
Epoch 4540 | Val Loss: 35.5477 | Val Cost:  -30.32 | Val Max P-Miss: 0.3263 | Val Max Q-Miss: 0.0828 | Val Max Gen Viol: 0.0117 | Val Max Thermal: 0.0000
Epoch 4550 | Val Loss: 35.7627 | Val Cost:  -30.32 | Val Max P-Miss: 0.3513 | Val Max Q-Miss: 0.0585 | Val Max Gen Viol: 0.0117 | Val Max Thermal: 0.0000
Epoch 4560 | Val Loss: 36.4210 | Val Cost:  -30.33 | Val Max P-Miss: 0.3376 | Val Max Q-Miss: 0.0564 | Val Max Gen Viol: 0.0117 | Val Max Thermal: 0.0000
Epoch 4570 | Val Loss: 35.7559 | Val Cost:  -30.33 | Val Max P-Miss: 0.3443 | Val Max Q-Miss: 0.0560 | Val Max Gen Viol: 0.0117 | Val Max Thermal: 0.0000
Epoch 4580 | Val Loss: 35.4055 | Val Cost:  -30.33 | Val Max P-Miss: 0.3300 | Val Max Q-Miss: 0.0374 | Val Max Gen Viol: 0.0117 | Val Max Thermal: 0.0000
Epoch 4590 | Val Loss: 35.4764 | Val Cost:  -30.33 | Val Max P-Miss: 0.3257 | Val Max Q-Miss: 0.0377 | Val Max Gen Viol: 0.0117 | Val Max Thermal: 0.0000
Epoch 4600 | Val Loss: 35.3723 | Val Cost:  -30.33 | Val Max P-Miss: 0.3191 | Val Max Q-Miss: 0.0385 | Val Max Gen Viol: 0.0117 | Val Max Thermal: 0.0000
Epoch 4610 | Val Loss: 35.4047 | Val Cost:  -30.33 | Val Max P-Miss: 0.3132 | Val Max Q-Miss: 0.0455 | Val Max Gen Viol: 0.0117 | Val Max Thermal: 0.0000
Epoch 4620 | Val Loss: 35.3129 | Val Cost:  -30.33 | Val Max P-Miss: 0.2908 | Val Max Q-Miss: 0.0455 | Val Max Gen Viol: 0.0117 | Val Max Thermal: 0.0000
Epoch 4630 | Val Loss: 35.4085 | Val Cost:  -30.33 | Val Max P-Miss: 0.2770 | Val Max Q-Miss: 0.0244 | Val Max Gen Viol: 0.0117 | Val Max Thermal: 0.0000
Epoch 4640 | Val Loss: 36.1738 | Val Cost:  -30.33 | Val Max P-Miss: 0.3279 | Val Max Q-Miss: 0.0313 | Val Max Gen Viol: 0.0117 | Val Max Thermal: 0.0000
Epoch 4650 | Val Loss: 35.0109 | Val Cost:  -30.33 | Val Max P-Miss: 0.2754 | Val Max Q-Miss: 0.0309 | Val Max Gen Viol: 0.0117 | Val Max Thermal: 0.0000
Epoch 4660 | Val Loss: 35.5127 | Val Cost:  -30.33 | Val Max P-Miss: 0.2917 | Val Max Q-Miss: 0.0312 | Val Max Gen Viol: 0.0117 | Val Max Thermal: 0.0000
Epoch 4670 | Val Loss: 35.6481 | Val Cost:  -30.33 | Val Max P-Miss: 0.3324 | Val Max Q-Miss: 0.0436 | Val Max Gen Viol: 0.0117 | Val Max Thermal: 0.0000
Epoch 4680 | Val Loss: 35.8388 | Val Cost:  -30.33 | Val Max P-Miss: 0.3411 | Val Max Q-Miss: 0.0399 | Val Max Gen Viol: 0.0117 | Val Max Thermal: 0.0000
Epoch 4690 | Val Loss: 35.9263 | Val Cost:  -30.33 | Val Max P-Miss: 0.3455 | Val Max Q-Miss: 0.0390 | Val Max Gen Viol: 0.0117 | Val Max Thermal: 0.0000
Epoch 4700 | Val Loss: 35.4852 | Val Cost:  -30.33 | Val Max P-Miss: 0.3325 | Val Max Q-Miss: 0.0269 | Val Max Gen Viol: 0.0117 | Val Max Thermal: 0.0000
Epoch 4710 | Val Loss: 35.3016 | Val Cost:  -30.33 | Val Max P-Miss: 0.3091 | Val Max Q-Miss: 0.0552 | Val Max Gen Viol: 0.0117 | Val Max Thermal: 0.0000
Epoch 4720 | Val Loss: 35.4844 | Val Cost:  -30.33 | Val Max P-Miss: 0.3157 | Val Max Q-Miss: 0.0680 | Val Max Gen Viol: 0.0117 | Val Max Thermal: 0.0000
Epoch 4730 | Val Loss: 35.5356 | Val Cost:  -30.33 | Val Max P-Miss: 0.3296 | Val Max Q-Miss: 0.0439 | Val Max Gen Viol: 0.0117 | Val Max Thermal: 0.0000
Epoch 4740 | Val Loss: 36.0982 | Val Cost:  -30.33 | Val Max P-Miss: 0.3393 | Val Max Q-Miss: 0.0328 | Val Max Gen Viol: 0.0117 | Val Max Thermal: 0.0000
Epoch 4750 | Val Loss: 35.0946 | Val Cost:  -30.33 | Val Max P-Miss: 0.2788 | Val Max Q-Miss: 0.0383 | Val Max Gen Viol: 0.0117 | Val Max Thermal: 0.0000
Epoch 4760 | Val Loss: 35.1695 | Val Cost:  -30.34 | Val Max P-Miss: 0.2905 | Val Max Q-Miss: 0.0363 | Val Max Gen Viol: 0.0117 | Val Max Thermal: 0.0000
Epoch 4770 | Val Loss: 35.1949 | Val Cost:  -30.33 | Val Max P-Miss: 0.2905 | Val Max Q-Miss: 0.0309 | Val Max Gen Viol: 0.0117 | Val Max Thermal: 0.0000
Epoch 4780 | Val Loss: 35.1269 | Val Cost:  -30.33 | Val Max P-Miss: 0.2854 | Val Max Q-Miss: 0.0406 | Val Max Gen Viol: 0.0117 | Val Max Thermal: 0.0000
Epoch 4790 | Val Loss: 35.4429 | Val Cost:  -30.33 | Val Max P-Miss: 0.2686 | Val Max Q-Miss: 0.0371 | Val Max Gen Viol: 0.0117 | Val Max Thermal: 0.0000
Epoch 4800 | Val Loss: 35.1473 | Val Cost:  -30.33 | Val Max P-Miss: 0.2822 | Val Max Q-Miss: 0.0365 | Val Max Gen Viol: 0.0117 | Val Max Thermal: 0.0000
Epoch 4810 | Val Loss: 34.8761 | Val Cost:  -30.33 | Val Max P-Miss: 0.2662 | Val Max Q-Miss: 0.0313 | Val Max Gen Viol: 0.0117 | Val Max Thermal: 0.0000
Epoch 4820 | Val Loss: 37.3194 | Val Cost:  -30.33 | Val Max P-Miss: 0.3077 | Val Max Q-Miss: 0.0364 | Val Max Gen Viol: 0.0117 | Val Max Thermal: 0.0000
Epoch 4830 | Val Loss: 34.8879 | Val Cost:  -30.33 | Val Max P-Miss: 0.2868 | Val Max Q-Miss: 0.0497 | Val Max Gen Viol: 0.0117 | Val Max Thermal: 0.0000
Epoch 4840 | Val Loss: 35.3751 | Val Cost:  -30.33 | Val Max P-Miss: 0.3181 | Val Max Q-Miss: 0.0355 | Val Max Gen Viol: 0.0117 | Val Max Thermal: 0.0000
Epoch 4850 | Val Loss: 35.5722 | Val Cost:  -30.33 | Val Max P-Miss: 0.3139 | Val Max Q-Miss: 0.0319 | Val Max Gen Viol: 0.0117 | Val Max Thermal: 0.0000
Epoch 4860 | Val Loss: 35.4711 | Val Cost:  -30.33 | Val Max P-Miss: 0.2927 | Val Max Q-Miss: 0.0300 | Val Max Gen Viol: 0.0117 | Val Max Thermal: 0.0000
Epoch 4870 | Val Loss: 35.6397 | Val Cost:  -30.33 | Val Max P-Miss: 0.3026 | Val Max Q-Miss: 0.0273 | Val Max Gen Viol: 0.0117 | Val Max Thermal: 0.0000
Epoch 4880 | Val Loss: 35.2212 | Val Cost:  -30.33 | Val Max P-Miss: 0.2773 | Val Max Q-Miss: 0.0284 | Val Max Gen Viol: 0.0117 | Val Max Thermal: 0.0000
Epoch 4890 | Val Loss: 34.9798 | Val Cost:  -30.33 | Val Max P-Miss: 0.3128 | Val Max Q-Miss: 0.0428 | Val Max Gen Viol: 0.0117 | Val Max Thermal: 0.0000
Epoch 4900 | Val Loss: 35.7448 | Val Cost:  -30.33 | Val Max P-Miss: 0.3424 | Val Max Q-Miss: 0.0327 | Val Max Gen Viol: 0.0117 | Val Max Thermal: 0.0000
Epoch 4910 | Val Loss: 35.6111 | Val Cost:  -30.33 | Val Max P-Miss: 0.3343 | Val Max Q-Miss: 0.0368 | Val Max Gen Viol: 0.0117 | Val Max Thermal: 0.0000
Epoch 4920 | Val Loss: 35.5950 | Val Cost:  -30.33 | Val Max P-Miss: 0.3280 | Val Max Q-Miss: 0.0466 | Val Max Gen Viol: 0.0117 | Val Max Thermal: 0.0000
Epoch 4930 | Val Loss: 35.3917 | Val Cost:  -30.34 | Val Max P-Miss: 0.3201 | Val Max Q-Miss: 0.0378 | Val Max Gen Viol: 0.0117 | Val Max Thermal: 0.0000
Epoch 4940 | Val Loss: 35.3309 | Val Cost:  -30.33 | Val Max P-Miss: 0.3130 | Val Max Q-Miss: 0.0386 | Val Max Gen Viol: 0.0117 | Val Max Thermal: 0.0000
Epoch 4950 | Val Loss: 34.4314 | Val Cost:  -30.33 | Val Max P-Miss: 0.2603 | Val Max Q-Miss: 0.0410 | Val Max Gen Viol: 0.0117 | Val Max Thermal: 0.0000
Epoch 4960 | Val Loss: 37.3327 | Val Cost:  -30.33 | Val Max P-Miss: 0.2886 | Val Max Q-Miss: 0.0710 | Val Max Gen Viol: 0.0117 | Val Max Thermal: 0.0000
Epoch 4970 | Val Loss: 35.7548 | Val Cost:  -30.34 | Val Max P-Miss: 0.3315 | Val Max Q-Miss: 0.0460 | Val Max Gen Viol: 0.0117 | Val Max Thermal: 0.0000
Epoch 4980 | Val Loss: 35.6073 | Val Cost:  -30.34 | Val Max P-Miss: 0.3292 | Val Max Q-Miss: 0.0359 | Val Max Gen Viol: 0.0117 | Val Max Thermal: 0.0000
Epoch 4990 | Val Loss: 35.9340 | Val Cost:  -30.34 | Val Max P-Miss: 0.3368 | Val Max Q-Miss: 0.0381 | Val Max Gen Viol: 0.0117 | Val Max Thermal: 0.0000
Epoch 5000 | Val Loss: 35.1856 | Val Cost:  -30.33 | Val Max P-Miss: 0.2688 | Val Max Q-Miss: 0.0635 | Val Max Gen Viol: 0.0117 | Val Max Thermal: 0.0000
Epoch 5010 | Val Loss: 35.4892 | Val Cost:  -30.33 | Val Max P-Miss: 0.2807 | Val Max Q-Miss: 0.0326 | Val Max Gen Viol: 0.0117 | Val Max Thermal: 0.0000
Epoch 5020 | Val Loss: 35.7154 | Val Cost:  -30.33 | Val Max P-Miss: 0.3254 | Val Max Q-Miss: 0.0359 | Val Max Gen Viol: 0.0117 | Val Max Thermal: 0.0000
Epoch 5030 | Val Loss: 35.3466 | Val Cost:  -30.33 | Val Max P-Miss: 0.3228 | Val Max Q-Miss: 0.0367 | Val Max Gen Viol: 0.0117 | Val Max Thermal: 0.0000
Epoch 5040 | Val Loss: 35.4372 | Val Cost:  -30.34 | Val Max P-Miss: 0.3171 | Val Max Q-Miss: 0.0433 | Val Max Gen Viol: 0.0117 | Val Max Thermal: 0.0000
Epoch 5050 | Val Loss: 35.3279 | Val Cost:  -30.34 | Val Max P-Miss: 0.3104 | Val Max Q-Miss: 0.0373 | Val Max Gen Viol: 0.0117 | Val Max Thermal: 0.0000
Epoch 5060 | Val Loss: 35.5371 | Val Cost:  -30.34 | Val Max P-Miss: 0.3110 | Val Max Q-Miss: 0.0353 | Val Max Gen Viol: 0.0117 | Val Max Thermal: 0.0000
Epoch 5070 | Val Loss: 34.8560 | Val Cost:  -30.34 | Val Max P-Miss: 0.2605 | Val Max Q-Miss: 0.0489 | Val Max Gen Viol: 0.0117 | Val Max Thermal: 0.0000
Epoch 5080 | Val Loss: 35.6420 | Val Cost:  -30.33 | Val Max P-Miss: 0.2663 | Val Max Q-Miss: 0.0530 | Val Max Gen Viol: 0.0117 | Val Max Thermal: 0.0000
Epoch 5090 | Val Loss: 35.2349 | Val Cost:  -30.34 | Val Max P-Miss: 0.2731 | Val Max Q-Miss: 0.0400 | Val Max Gen Viol: 0.0117 | Val Max Thermal: 0.0000
Epoch 5100 | Val Loss: 35.6581 | Val Cost:  -30.34 | Val Max P-Miss: 0.2738 | Val Max Q-Miss: 0.0298 | Val Max Gen Viol: 0.0117 | Val Max Thermal: 0.0000
Epoch 5110 | Val Loss: 35.4473 | Val Cost:  -30.33 | Val Max P-Miss: 0.2656 | Val Max Q-Miss: 0.0469 | Val Max Gen Viol: 0.0117 | Val Max Thermal: 0.0000
Epoch 5120 | Val Loss: 35.8755 | Val Cost:  -30.34 | Val Max P-Miss: 0.3103 | Val Max Q-Miss: 0.0614 | Val Max Gen Viol: 0.0117 | Val Max Thermal: 0.0000
Epoch 5130 | Val Loss: 35.2275 | Val Cost:  -30.34 | Val Max P-Miss: 0.3173 | Val Max Q-Miss: 0.0502 | Val Max Gen Viol: 0.0117 | Val Max Thermal: 0.0000
Epoch 5140 | Val Loss: 34.7340 | Val Cost:  -30.34 | Val Max P-Miss: 0.2721 | Val Max Q-Miss: 0.0574 | Val Max Gen Viol: 0.0117 | Val Max Thermal: 0.0000
Epoch 5150 | Val Loss: 35.0334 | Val Cost:  -30.34 | Val Max P-Miss: 0.2906 | Val Max Q-Miss: 0.0258 | Val Max Gen Viol: 0.0117 | Val Max Thermal: 0.0000
Epoch 5160 | Val Loss: 35.2972 | Val Cost:  -30.34 | Val Max P-Miss: 0.2869 | Val Max Q-Miss: 0.0470 | Val Max Gen Viol: 0.0117 | Val Max Thermal: 0.0000
Epoch 5170 | Val Loss: 35.2116 | Val Cost:  -30.34 | Val Max P-Miss: 0.2825 | Val Max Q-Miss: 0.0423 | Val Max Gen Viol: 0.0117 | Val Max Thermal: 0.0000
Epoch 5180 | Val Loss: 35.7769 | Val Cost:  -30.34 | Val Max P-Miss: 0.3318 | Val Max Q-Miss: 0.0523 | Val Max Gen Viol: 0.0117 | Val Max Thermal: 0.0000
Epoch 5190 | Val Loss: 35.7005 | Val Cost:  -30.34 | Val Max P-Miss: 0.3105 | Val Max Q-Miss: 0.0654 | Val Max Gen Viol: 0.0117 | Val Max Thermal: 0.0000
Epoch 5200 | Val Loss: 35.5065 | Val Cost:  -30.34 | Val Max P-Miss: 0.3082 | Val Max Q-Miss: 0.0519 | Val Max Gen Viol: 0.0117 | Val Max Thermal: 0.0000
Epoch 5210 | Val Loss: 35.4682 | Val Cost:  -30.34 | Val Max P-Miss: 0.2996 | Val Max Q-Miss: 0.0495 | Val Max Gen Viol: 0.0117 | Val Max Thermal: 0.0000
Epoch 5220 | Val Loss: 34.8950 | Val Cost:  -30.33 | Val Max P-Miss: 0.2680 | Val Max Q-Miss: 0.0348 | Val Max Gen Viol: 0.0117 | Val Max Thermal: 0.0000
Epoch 5230 | Val Loss: 35.1920 | Val Cost:  -30.34 | Val Max P-Miss: 0.2905 | Val Max Q-Miss: 0.0412 | Val Max Gen Viol: 0.0117 | Val Max Thermal: 0.0000
Epoch 5240 | Val Loss: 35.5773 | Val Cost:  -30.33 | Val Max P-Miss: 0.3038 | Val Max Q-Miss: 0.0415 | Val Max Gen Viol: 0.0117 | Val Max Thermal: 0.0000
Epoch 5250 | Val Loss: 34.9925 | Val Cost:  -30.33 | Val Max P-Miss: 0.2705 | Val Max Q-Miss: 0.0333 | Val Max Gen Viol: 0.0117 | Val Max Thermal: 0.0000
Epoch 5260 | Val Loss: 36.0535 | Val Cost:  -30.33 | Val Max P-Miss: 0.2895 | Val Max Q-Miss: 0.0313 | Val Max Gen Viol: 0.0117 | Val Max Thermal: 0.0000
Epoch 5270 | Val Loss: 34.8718 | Val Cost:  -30.33 | Val Max P-Miss: 0.2732 | Val Max Q-Miss: 0.0491 | Val Max Gen Viol: 0.0117 | Val Max Thermal: 0.0000
Epoch 5280 | Val Loss: 35.4803 | Val Cost:  -30.34 | Val Max P-Miss: 0.3080 | Val Max Q-Miss: 0.0508 | Val Max Gen Viol: 0.0117 | Val Max Thermal: 0.0000
Epoch 5290 | Val Loss: 36.0286 | Val Cost:  -30.34 | Val Max P-Miss: 0.3157 | Val Max Q-Miss: 0.0748 | Val Max Gen Viol: 0.0117 | Val Max Thermal: 0.0000
Epoch 5300 | Val Loss: 35.7876 | Val Cost:  -30.34 | Val Max P-Miss: 0.2878 | Val Max Q-Miss: 0.0498 | Val Max Gen Viol: 0.0117 | Val Max Thermal: 0.0000
Epoch 5310 | Val Loss: 35.9306 | Val Cost:  -30.34 | Val Max P-Miss: 0.2990 | Val Max Q-Miss: 0.0627 | Val Max Gen Viol: 0.0117 | Val Max Thermal: 0.0000
Epoch 5320 | Val Loss: 35.7923 | Val Cost:  -30.34 | Val Max P-Miss: 0.3187 | Val Max Q-Miss: 0.0471 | Val Max Gen Viol: 0.0117 | Val Max Thermal: 0.0000
Epoch 5330 | Val Loss: 36.0951 | Val Cost:  -30.34 | Val Max P-Miss: 0.2855 | Val Max Q-Miss: 0.0371 | Val Max Gen Viol: 0.0117 | Val Max Thermal: 0.0000
Epoch 5340 | Val Loss: 35.4292 | Val Cost:  -30.34 | Val Max P-Miss: 0.3078 | Val Max Q-Miss: 0.0355 | Val Max Gen Viol: 0.0117 | Val Max Thermal: 0.0000
Epoch 5350 | Val Loss: 36.0152 | Val Cost:  -30.34 | Val Max P-Miss: 0.3522 | Val Max Q-Miss: 0.0476 | Val Max Gen Viol: 0.0117 | Val Max Thermal: 0.0000
Epoch 5360 | Val Loss: 36.2208 | Val Cost:  -30.34 | Val Max P-Miss: 0.3556 | Val Max Q-Miss: 0.0377 | Val Max Gen Viol: 0.0117 | Val Max Thermal: 0.0000
Epoch 5370 | Val Loss: 35.8741 | Val Cost:  -30.34 | Val Max P-Miss: 0.3262 | Val Max Q-Miss: 0.0490 | Val Max Gen Viol: 0.0117 | Val Max Thermal: 0.0000
Epoch 5380 | Val Loss: 35.5235 | Val Cost:  -30.34 | Val Max P-Miss: 0.3117 | Val Max Q-Miss: 0.0463 | Val Max Gen Viol: 0.0117 | Val Max Thermal: 0.0000
Epoch 5390 | Val Loss: 36.1313 | Val Cost:  -30.34 | Val Max P-Miss: 0.3376 | Val Max Q-Miss: 0.0527 | Val Max Gen Viol: 0.0117 | Val Max Thermal: 0.0000
Epoch 5400 | Val Loss: 35.3356 | Val Cost:  -30.34 | Val Max P-Miss: 0.2761 | Val Max Q-Miss: 0.0249 | Val Max Gen Viol: 0.0117 | Val Max Thermal: 0.0000
Epoch 5410 | Val Loss: 35.2237 | Val Cost:  -30.34 | Val Max P-Miss: 0.3134 | Val Max Q-Miss: 0.0375 | Val Max Gen Viol: 0.0117 | Val Max Thermal: 0.0000
Epoch 5420 | Val Loss: 35.8880 | Val Cost:  -30.34 | Val Max P-Miss: 0.3206 | Val Max Q-Miss: 0.0369 | Val Max Gen Viol: 0.0117 | Val Max Thermal: 0.0000
Epoch 5430 | Val Loss: 36.0686 | Val Cost:  -30.34 | Val Max P-Miss: 0.3439 | Val Max Q-Miss: 0.0441 | Val Max Gen Viol: 0.0117 | Val Max Thermal: 0.0000
Epoch 5440 | Val Loss: 35.6324 | Val Cost:  -30.34 | Val Max P-Miss: 0.3164 | Val Max Q-Miss: 0.0369 | Val Max Gen Viol: 0.0117 | Val Max Thermal: 0.0000
Epoch 5450 | Val Loss: 35.9126 | Val Cost:  -30.33 | Val Max P-Miss: 0.3262 | Val Max Q-Miss: 0.0343 | Val Max Gen Viol: 0.0117 | Val Max Thermal: 0.0000
Epoch 5460 | Val Loss: 36.2429 | Val Cost:  -30.33 | Val Max P-Miss: 0.3466 | Val Max Q-Miss: 0.0403 | Val Max Gen Viol: 0.0117 | Val Max Thermal: 0.0000
Epoch 5470 | Val Loss: 35.7831 | Val Cost:  -30.34 | Val Max P-Miss: 0.3326 | Val Max Q-Miss: 0.0400 | Val Max Gen Viol: 0.0117 | Val Max Thermal: 0.0000
Epoch 5480 | Val Loss: 35.6437 | Val Cost:  -30.34 | Val Max P-Miss: 0.3246 | Val Max Q-Miss: 0.0391 | Val Max Gen Viol: 0.0117 | Val Max Thermal: 0.0000
Epoch 5490 | Val Loss: 35.4426 | Val Cost:  -30.34 | Val Max P-Miss: 0.3189 | Val Max Q-Miss: 0.0345 | Val Max Gen Viol: 0.0117 | Val Max Thermal: 0.0000
Epoch 5500 | Val Loss: 35.4731 | Val Cost:  -30.34 | Val Max P-Miss: 0.3002 | Val Max Q-Miss: 0.0381 | Val Max Gen Viol: 0.0117 | Val Max Thermal: 0.0000
Epoch 5510 | Val Loss: 35.6407 | Val Cost:  -30.34 | Val Max P-Miss: 0.3016 | Val Max Q-Miss: 0.0406 | Val Max Gen Viol: 0.0117 | Val Max Thermal: 0.0000
Epoch 5520 | Val Loss: 35.9586 | Val Cost:  -30.34 | Val Max P-Miss: 0.2908 | Val Max Q-Miss: 0.0272 | Val Max Gen Viol: 0.0117 | Val Max Thermal: 0.0000
Epoch 5530 | Val Loss: 34.7011 | Val Cost:  -30.34 | Val Max P-Miss: 0.2790 | Val Max Q-Miss: 0.0258 | Val Max Gen Viol: 0.0117 | Val Max Thermal: 0.0000
Epoch 5540 | Val Loss: 35.6599 | Val Cost:  -30.34 | Val Max P-Miss: 0.3107 | Val Max Q-Miss: 0.0380 | Val Max Gen Viol: 0.0117 | Val Max Thermal: 0.0000
Epoch 5550 | Val Loss: 36.2552 | Val Cost:  -30.34 | Val Max P-Miss: 0.2999 | Val Max Q-Miss: 0.0305 | Val Max Gen Viol: 0.0117 | Val Max Thermal: 0.0000
Epoch 5560 | Val Loss: 35.3259 | Val Cost:  -30.34 | Val Max P-Miss: 0.2866 | Val Max Q-Miss: 0.0255 | Val Max Gen Viol: 0.0117 | Val Max Thermal: 0.0000
Epoch 5570 | Val Loss: 35.2348 | Val Cost:  -30.34 | Val Max P-Miss: 0.3031 | Val Max Q-Miss: 0.0207 | Val Max Gen Viol: 0.0117 | Val Max Thermal: 0.0000
Epoch 5580 | Val Loss: 35.3684 | Val Cost:  -30.34 | Val Max P-Miss: 0.3016 | Val Max Q-Miss: 0.0213 | Val Max Gen Viol: 0.0117 | Val Max Thermal: 0.0000
Epoch 5590 | Val Loss: 36.7136 | Val Cost:  -30.34 | Val Max P-Miss: 0.3030 | Val Max Q-Miss: 0.0240 | Val Max Gen Viol: 0.0117 | Val Max Thermal: 0.0000
Epoch 5600 | Val Loss: 35.0348 | Val Cost:  -30.34 | Val Max P-Miss: 0.2722 | Val Max Q-Miss: 0.0260 | Val Max Gen Viol: 0.0117 | Val Max Thermal: 0.0000
Epoch 5610 | Val Loss: 34.8341 | Val Cost:  -30.34 | Val Max P-Miss: 0.2822 | Val Max Q-Miss: 0.0214 | Val Max Gen Viol: 0.0117 | Val Max Thermal: 0.0000
Epoch 5620 | Val Loss: 35.5612 | Val Cost:  -30.34 | Val Max P-Miss: 0.2889 | Val Max Q-Miss: 0.0258 | Val Max Gen Viol: 0.0117 | Val Max Thermal: 0.0000
Epoch 5630 | Val Loss: 35.2044 | Val Cost:  -30.34 | Val Max P-Miss: 0.3019 | Val Max Q-Miss: 0.0268 | Val Max Gen Viol: 0.0117 | Val Max Thermal: 0.0000
Epoch 5640 | Val Loss: 35.4078 | Val Cost:  -30.34 | Val Max P-Miss: 0.2790 | Val Max Q-Miss: 0.0321 | Val Max Gen Viol: 0.0117 | Val Max Thermal: 0.0000
Epoch 5650 | Val Loss: 35.2904 | Val Cost:  -30.34 | Val Max P-Miss: 0.2872 | Val Max Q-Miss: 0.0479 | Val Max Gen Viol: 0.0117 | Val Max Thermal: 0.0000
Epoch 5660 | Val Loss: 35.2763 | Val Cost:  -30.34 | Val Max P-Miss: 0.2804 | Val Max Q-Miss: 0.0406 | Val Max Gen Viol: 0.0117 | Val Max Thermal: 0.0000
Epoch 5670 | Val Loss: 35.3990 | Val Cost:  -30.34 | Val Max P-Miss: 0.2935 | Val Max Q-Miss: 0.0299 | Val Max Gen Viol: 0.0117 | Val Max Thermal: 0.0000
Epoch 5680 | Val Loss: 36.1878 | Val Cost:  -30.34 | Val Max P-Miss: 0.3278 | Val Max Q-Miss: 0.0287 | Val Max Gen Viol: 0.0117 | Val Max Thermal: 0.0000
Epoch 5690 | Val Loss: 35.8738 | Val Cost:  -30.34 | Val Max P-Miss: 0.3351 | Val Max Q-Miss: 0.0295 | Val Max Gen Viol: 0.0117 | Val Max Thermal: 0.0000
Epoch 5700 | Val Loss: 35.3123 | Val Cost:  -30.34 | Val Max P-Miss: 0.2881 | Val Max Q-Miss: 0.0480 | Val Max Gen Viol: 0.0117 | Val Max Thermal: 0.0000
Epoch 5710 | Val Loss: 35.2203 | Val Cost:  -30.34 | Val Max P-Miss: 0.2902 | Val Max Q-Miss: 0.0277 | Val Max Gen Viol: 0.0117 | Val Max Thermal: 0.0000
Epoch 5720 | Val Loss: 35.3391 | Val Cost:  -30.34 | Val Max P-Miss: 0.3195 | Val Max Q-Miss: 0.0267 | Val Max Gen Viol: 0.0117 | Val Max Thermal: 0.0000
Epoch 5730 | Val Loss: 35.4127 | Val Cost:  -30.34 | Val Max P-Miss: 0.3209 | Val Max Q-Miss: 0.0258 | Val Max Gen Viol: 0.0117 | Val Max Thermal: 0.0000
Epoch 5740 | Val Loss: 35.3876 | Val Cost:  -30.34 | Val Max P-Miss: 0.3153 | Val Max Q-Miss: 0.0204 | Val Max Gen Viol: 0.0117 | Val Max Thermal: 0.0000
Epoch 5750 | Val Loss: 35.3604 | Val Cost:  -30.34 | Val Max P-Miss: 0.3049 | Val Max Q-Miss: 0.0207 | Val Max Gen Viol: 0.0117 | Val Max Thermal: 0.0000
Epoch 5760 | Val Loss: 35.3585 | Val Cost:  -30.34 | Val Max P-Miss: 0.2866 | Val Max Q-Miss: 0.0330 | Val Max Gen Viol: 0.0117 | Val Max Thermal: 0.0000
Epoch 5770 | Val Loss: 35.4084 | Val Cost:  -30.34 | Val Max P-Miss: 0.2829 | Val Max Q-Miss: 0.0276 | Val Max Gen Viol: 0.0117 | Val Max Thermal: 0.0000
Epoch 5780 | Val Loss: 35.6854 | Val Cost:  -30.34 | Val Max P-Miss: 0.3289 | Val Max Q-Miss: 0.0264 | Val Max Gen Viol: 0.0117 | Val Max Thermal: 0.0000
Epoch 5790 | Val Loss: 34.3999 | Val Cost:  -30.34 | Val Max P-Miss: 0.2706 | Val Max Q-Miss: 0.0243 | Val Max Gen Viol: 0.0117 | Val Max Thermal: 0.0000
Epoch 5800 | Val Loss: 35.9288 | Val Cost:  -30.34 | Val Max P-Miss: 0.3363 | Val Max Q-Miss: 0.0274 | Val Max Gen Viol: 0.0117 | Val Max Thermal: 0.0000
Epoch 5810 | Val Loss: 35.5464 | Val Cost:  -30.34 | Val Max P-Miss: 0.3162 | Val Max Q-Miss: 0.0194 | Val Max Gen Viol: 0.0117 | Val Max Thermal: 0.0000
Epoch 5820 | Val Loss: 34.8615 | Val Cost:  -30.34 | Val Max P-Miss: 0.2855 | Val Max Q-Miss: 0.0248 | Val Max Gen Viol: 0.0117 | Val Max Thermal: 0.0000
Epoch 5830 | Val Loss: 35.2818 | Val Cost:  -30.34 | Val Max P-Miss: 0.3178 | Val Max Q-Miss: 0.0230 | Val Max Gen Viol: 0.0117 | Val Max Thermal: 0.0000
Epoch 5840 | Val Loss: 35.3219 | Val Cost:  -30.34 | Val Max P-Miss: 0.3132 | Val Max Q-Miss: 0.0176 | Val Max Gen Viol: 0.0117 | Val Max Thermal: 0.0000
Epoch 5850 | Val Loss: 35.3132 | Val Cost:  -30.34 | Val Max P-Miss: 0.3068 | Val Max Q-Miss: 0.0141 | Val Max Gen Viol: 0.0117 | Val Max Thermal: 0.0000
Epoch 5860 | Val Loss: 35.3676 | Val Cost:  -30.34 | Val Max P-Miss: 0.2881 | Val Max Q-Miss: 0.0167 | Val Max Gen Viol: 0.0117 | Val Max Thermal: 0.0000
Epoch 5870 | Val Loss: 35.5861 | Val Cost:  -30.34 | Val Max P-Miss: 0.2876 | Val Max Q-Miss: 0.0262 | Val Max Gen Viol: 0.0117 | Val Max Thermal: 0.0000
Epoch 5880 | Val Loss: 35.3939 | Val Cost:  -30.34 | Val Max P-Miss: 0.3062 | Val Max Q-Miss: 0.0127 | Val Max Gen Viol: 0.0117 | Val Max Thermal: 0.0000
Epoch 5890 | Val Loss: 35.1792 | Val Cost:  -30.34 | Val Max P-Miss: 0.2943 | Val Max Q-Miss: 0.0134 | Val Max Gen Viol: 0.0117 | Val Max Thermal: 0.0000
Epoch 5900 | Val Loss: 35.2962 | Val Cost:  -30.34 | Val Max P-Miss: 0.2924 | Val Max Q-Miss: 0.0231 | Val Max Gen Viol: 0.0117 | Val Max Thermal: 0.0000
Epoch 5910 | Val Loss: 37.4092 | Val Cost:  -30.34 | Val Max P-Miss: 0.3081 | Val Max Q-Miss: 0.0397 | Val Max Gen Viol: 0.0117 | Val Max Thermal: 0.0000
Epoch 5920 | Val Loss: 35.4941 | Val Cost:  -30.34 | Val Max P-Miss: 0.3127 | Val Max Q-Miss: 0.0338 | Val Max Gen Viol: 0.0117 | Val Max Thermal: 0.0000
Epoch 5930 | Val Loss: 35.6038 | Val Cost:  -30.34 | Val Max P-Miss: 0.3456 | Val Max Q-Miss: 0.0404 | Val Max Gen Viol: 0.0117 | Val Max Thermal: 0.0000
Epoch 5940 | Val Loss: 35.6424 | Val Cost:  -30.34 | Val Max P-Miss: 0.3128 | Val Max Q-Miss: 0.0313 | Val Max Gen Viol: 0.0117 | Val Max Thermal: 0.0000
Epoch 5950 | Val Loss: 35.5608 | Val Cost:  -30.34 | Val Max P-Miss: 0.3157 | Val Max Q-Miss: 0.0338 | Val Max Gen Viol: 0.0117 | Val Max Thermal: 0.0000
Epoch 5960 | Val Loss: 35.2013 | Val Cost:  -30.34 | Val Max P-Miss: 0.2801 | Val Max Q-Miss: 0.0302 | Val Max Gen Viol: 0.0117 | Val Max Thermal: 0.0000
Epoch 5970 | Val Loss: 35.2858 | Val Cost:  -30.34 | Val Max P-Miss: 0.2994 | Val Max Q-Miss: 0.0289 | Val Max Gen Viol: 0.0117 | Val Max Thermal: 0.0000
Epoch 5980 | Val Loss: 35.9260 | Val Cost:  -30.34 | Val Max P-Miss: 0.3064 | Val Max Q-Miss: 0.0328 | Val Max Gen Viol: 0.0117 | Val Max Thermal: 0.0000
Epoch 5990 | Val Loss: 35.4908 | Val Cost:  -30.34 | Val Max P-Miss: 0.3249 | Val Max Q-Miss: 0.0343 | Val Max Gen Viol: 0.0117 | Val Max Thermal: 0.0000
Epoch 6000 | Val Loss: 35.4579 | Val Cost:  -30.34 | Val Max P-Miss: 0.3182 | Val Max Q-Miss: 0.0332 | Val Max Gen Viol: 0.0117 | Val Max Thermal: 0.0000
Epoch 6010 | Val Loss: 35.5515 | Val Cost:  -30.34 | Val Max P-Miss: 0.3156 | Val Max Q-Miss: 0.0310 | Val Max Gen Viol: 0.0117 | Val Max Thermal: 0.0000
Epoch 6020 | Val Loss: 35.2053 | Val Cost:  -30.34 | Val Max P-Miss: 0.2728 | Val Max Q-Miss: 0.0311 | Val Max Gen Viol: 0.0117 | Val Max Thermal: 0.0000
Epoch 6030 | Val Loss: 36.5529 | Val Cost:  -30.34 | Val Max P-Miss: 0.3007 | Val Max Q-Miss: 0.0343 | Val Max Gen Viol: 0.0117 | Val Max Thermal: 0.0000
Epoch 6040 | Val Loss: 35.0770 | Val Cost:  -30.34 | Val Max P-Miss: 0.2757 | Val Max Q-Miss: 0.0295 | Val Max Gen Viol: 0.0117 | Val Max Thermal: 0.0000
Epoch 6050 | Val Loss: 35.6856 | Val Cost:  -30.34 | Val Max P-Miss: 0.3014 | Val Max Q-Miss: 0.0243 | Val Max Gen Viol: 0.0117 | Val Max Thermal: 0.0000
Epoch 6060 | Val Loss: 34.8040 | Val Cost:  -30.34 | Val Max P-Miss: 0.2766 | Val Max Q-Miss: 0.0261 | Val Max Gen Viol: 0.0117 | Val Max Thermal: 0.0000
Epoch 6070 | Val Loss: 35.2067 | Val Cost:  -30.34 | Val Max P-Miss: 0.3045 | Val Max Q-Miss: 0.0200 | Val Max Gen Viol: 0.0117 | Val Max Thermal: 0.0000
Epoch 6080 | Val Loss: 35.1928 | Val Cost:  -30.34 | Val Max P-Miss: 0.3003 | Val Max Q-Miss: 0.0186 | Val Max Gen Viol: 0.0117 | Val Max Thermal: 0.0000
Epoch 6090 | Val Loss: 35.0042 | Val Cost:  -30.34 | Val Max P-Miss: 0.3051 | Val Max Q-Miss: 0.0234 | Val Max Gen Viol: 0.0117 | Val Max Thermal: 0.0000
Epoch 6100 | Val Loss: 35.9666 | Val Cost:  -30.34 | Val Max P-Miss: 0.2975 | Val Max Q-Miss: 0.0277 | Val Max Gen Viol: 0.0117 | Val Max Thermal: 0.0000
Epoch 6110 | Val Loss: 34.5841 | Val Cost:  -30.34 | Val Max P-Miss: 0.2642 | Val Max Q-Miss: 0.0260 | Val Max Gen Viol: 0.0117 | Val Max Thermal: 0.0000
Epoch 6120 | Val Loss: 34.7632 | Val Cost:  -30.34 | Val Max P-Miss: 0.2791 | Val Max Q-Miss: 0.0260 | Val Max Gen Viol: 0.0117 | Val Max Thermal: 0.0000
Epoch 6130 | Val Loss: 35.3282 | Val Cost:  -30.34 | Val Max P-Miss: 0.3139 | Val Max Q-Miss: 0.0273 | Val Max Gen Viol: 0.0117 | Val Max Thermal: 0.0000
Epoch 6140 | Val Loss: 35.3830 | Val Cost:  -30.35 | Val Max P-Miss: 0.3236 | Val Max Q-Miss: 0.0245 | Val Max Gen Viol: 0.0117 | Val Max Thermal: 0.0000
Epoch 6150 | Val Loss: 35.4936 | Val Cost:  -30.35 | Val Max P-Miss: 0.3106 | Val Max Q-Miss: 0.0233 | Val Max Gen Viol: 0.0117 | Val Max Thermal: 0.0000
Epoch 6160 | Val Loss: 35.5928 | Val Cost:  -30.35 | Val Max P-Miss: 0.3098 | Val Max Q-Miss: 0.0260 | Val Max Gen Viol: 0.0117 | Val Max Thermal: 0.0000
Epoch 6170 | Val Loss: 35.9202 | Val Cost:  -30.34 | Val Max P-Miss: 0.2979 | Val Max Q-Miss: 0.0202 | Val Max Gen Viol: 0.0117 | Val Max Thermal: 0.0000
Epoch 6180 | Val Loss: 35.4497 | Val Cost:  -30.34 | Val Max P-Miss: 0.2994 | Val Max Q-Miss: 0.0276 | Val Max Gen Viol: 0.0117 | Val Max Thermal: 0.0000
Epoch 6190 | Val Loss: 35.7914 | Val Cost:  -30.34 | Val Max P-Miss: 0.3134 | Val Max Q-Miss: 0.0235 | Val Max Gen Viol: 0.0117 | Val Max Thermal: 0.0000
Epoch 6200 | Val Loss: 35.9578 | Val Cost:  -30.34 | Val Max P-Miss: 0.2885 | Val Max Q-Miss: 0.0246 | Val Max Gen Viol: 0.0117 | Val Max Thermal: 0.0000
Epoch 6210 | Val Loss: 35.2268 | Val Cost:  -30.35 | Val Max P-Miss: 0.3069 | Val Max Q-Miss: 0.0243 | Val Max Gen Viol: 0.0117 | Val Max Thermal: 0.0000
Epoch 6220 | Val Loss: 35.2124 | Val Cost:  -30.34 | Val Max P-Miss: 0.2970 | Val Max Q-Miss: 0.0310 | Val Max Gen Viol: 0.0117 | Val Max Thermal: 0.0000
Epoch 6230 | Val Loss: 35.6490 | Val Cost:  -30.35 | Val Max P-Miss: 0.3248 | Val Max Q-Miss: 0.0284 | Val Max Gen Viol: 0.0117 | Val Max Thermal: 0.0000
Epoch 6240 | Val Loss: 35.7481 | Val Cost:  -30.35 | Val Max P-Miss: 0.3279 | Val Max Q-Miss: 0.0338 | Val Max Gen Viol: 0.0117 | Val Max Thermal: 0.0000
Epoch 6250 | Val Loss: 35.4689 | Val Cost:  -30.34 | Val Max P-Miss: 0.3018 | Val Max Q-Miss: 0.0271 | Val Max Gen Viol: 0.0117 | Val Max Thermal: 0.0000
Epoch 6260 | Val Loss: 35.4602 | Val Cost:  -30.35 | Val Max P-Miss: 0.3213 | Val Max Q-Miss: 0.0315 | Val Max Gen Viol: 0.0117 | Val Max Thermal: 0.0000
Epoch 6270 | Val Loss: 35.0929 | Val Cost:  -30.35 | Val Max P-Miss: 0.3060 | Val Max Q-Miss: 0.0245 | Val Max Gen Viol: 0.0117 | Val Max Thermal: 0.0000
Epoch 6280 | Val Loss: 34.5787 | Val Cost:  -30.34 | Val Max P-Miss: 0.2776 | Val Max Q-Miss: 0.0279 | Val Max Gen Viol: 0.0117 | Val Max Thermal: 0.0000
Epoch 6290 | Val Loss: 35.0789 | Val Cost:  -30.34 | Val Max P-Miss: 0.3083 | Val Max Q-Miss: 0.0315 | Val Max Gen Viol: 0.0117 | Val Max Thermal: 0.0000
Epoch 6300 | Val Loss: 36.0159 | Val Cost:  -30.34 | Val Max P-Miss: 0.2830 | Val Max Q-Miss: 0.0176 | Val Max Gen Viol: 0.0117 | Val Max Thermal: 0.0000
Epoch 6310 | Val Loss: 35.3840 | Val Cost:  -30.35 | Val Max P-Miss: 0.2943 | Val Max Q-Miss: 0.0288 | Val Max Gen Viol: 0.0117 | Val Max Thermal: 0.0000
Epoch 6320 | Val Loss: 34.9725 | Val Cost:  -30.34 | Val Max P-Miss: 0.2841 | Val Max Q-Miss: 0.0261 | Val Max Gen Viol: 0.0117 | Val Max Thermal: 0.0000
Epoch 6330 | Val Loss: 36.8342 | Val Cost:  -30.35 | Val Max P-Miss: 0.3411 | Val Max Q-Miss: 0.0350 | Val Max Gen Viol: 0.0117 | Val Max Thermal: 0.0000
Epoch 6340 | Val Loss: 36.4410 | Val Cost:  -30.35 | Val Max P-Miss: 0.3135 | Val Max Q-Miss: 0.0279 | Val Max Gen Viol: 0.0117 | Val Max Thermal: 0.0000
Epoch 6350 | Val Loss: 36.4780 | Val Cost:  -30.34 | Val Max P-Miss: 0.3189 | Val Max Q-Miss: 0.0340 | Val Max Gen Viol: 0.0117 | Val Max Thermal: 0.0000
Epoch 6360 | Val Loss: 35.7000 | Val Cost:  -30.34 | Val Max P-Miss: 0.3243 | Val Max Q-Miss: 0.0371 | Val Max Gen Viol: 0.0117 | Val Max Thermal: 0.0000
Epoch 6370 | Val Loss: 35.6856 | Val Cost:  -30.35 | Val Max P-Miss: 0.3144 | Val Max Q-Miss: 0.0345 | Val Max Gen Viol: 0.0117 | Val Max Thermal: 0.0000
Epoch 6380 | Val Loss: 35.5718 | Val Cost:  -30.34 | Val Max P-Miss: 0.3282 | Val Max Q-Miss: 0.0366 | Val Max Gen Viol: 0.0117 | Val Max Thermal: 0.0000
Epoch 6390 | Val Loss: 35.4694 | Val Cost:  -30.35 | Val Max P-Miss: 0.3168 | Val Max Q-Miss: 0.0315 | Val Max Gen Viol: 0.0117 | Val Max Thermal: 0.0000
Epoch 6400 | Val Loss: 35.3913 | Val Cost:  -30.35 | Val Max P-Miss: 0.3094 | Val Max Q-Miss: 0.0279 | Val Max Gen Viol: 0.0117 | Val Max Thermal: 0.0000
Epoch 6410 | Val Loss: 35.4657 | Val Cost:  -30.35 | Val Max P-Miss: 0.2916 | Val Max Q-Miss: 0.0213 | Val Max Gen Viol: 0.0117 | Val Max Thermal: 0.0000
Epoch 6420 | Val Loss: 35.6003 | Val Cost:  -30.35 | Val Max P-Miss: 0.2808 | Val Max Q-Miss: 0.0216 | Val Max Gen Viol: 0.0117 | Val Max Thermal: 0.0000
Epoch 6430 | Val Loss: 35.4924 | Val Cost:  -30.34 | Val Max P-Miss: 0.2694 | Val Max Q-Miss: 0.0211 | Val Max Gen Viol: 0.0117 | Val Max Thermal: 0.0000
Epoch 6440 | Val Loss: 35.5118 | Val Cost:  -30.34 | Val Max P-Miss: 0.2840 | Val Max Q-Miss: 0.0356 | Val Max Gen Viol: 0.0117 | Val Max Thermal: 0.0000
Epoch 6450 | Val Loss: 35.3857 | Val Cost:  -30.34 | Val Max P-Miss: 0.3149 | Val Max Q-Miss: 0.0304 | Val Max Gen Viol: 0.0117 | Val Max Thermal: 0.0000
Epoch 6460 | Val Loss: 35.0181 | Val Cost:  -30.34 | Val Max P-Miss: 0.2749 | Val Max Q-Miss: 0.0293 | Val Max Gen Viol: 0.0117 | Val Max Thermal: 0.0000
Epoch 6470 | Val Loss: 35.3240 | Val Cost:  -30.35 | Val Max P-Miss: 0.3027 | Val Max Q-Miss: 0.0276 | Val Max Gen Viol: 0.0117 | Val Max Thermal: 0.0000
Epoch 6480 | Val Loss: 35.2979 | Val Cost:  -30.35 | Val Max P-Miss: 0.2959 | Val Max Q-Miss: 0.0267 | Val Max Gen Viol: 0.0117 | Val Max Thermal: 0.0000
Epoch 6490 | Val Loss: 34.8610 | Val Cost:  -30.34 | Val Max P-Miss: 0.2927 | Val Max Q-Miss: 0.0220 | Val Max Gen Viol: 0.0117 | Val Max Thermal: 0.0000
Epoch 6500 | Val Loss: 35.6207 | Val Cost:  -30.35 | Val Max P-Miss: 0.3041 | Val Max Q-Miss: 0.0194 | Val Max Gen Viol: 0.0117 | Val Max Thermal: 0.0000
Epoch 6510 | Val Loss: 36.2554 | Val Cost:  -30.35 | Val Max P-Miss: 0.2984 | Val Max Q-Miss: 0.0201 | Val Max Gen Viol: 0.0117 | Val Max Thermal: 0.0000
Epoch 6520 | Val Loss: 35.0904 | Val Cost:  -30.34 | Val Max P-Miss: 0.3075 | Val Max Q-Miss: 0.0266 | Val Max Gen Viol: 0.0117 | Val Max Thermal: 0.0000
Epoch 6530 | Val Loss: 35.2484 | Val Cost:  -30.34 | Val Max P-Miss: 0.2754 | Val Max Q-Miss: 0.0176 | Val Max Gen Viol: 0.0117 | Val Max Thermal: 0.0000
Epoch 6540 | Val Loss: 35.2976 | Val Cost:  -30.35 | Val Max P-Miss: 0.3025 | Val Max Q-Miss: 0.0268 | Val Max Gen Viol: 0.0117 | Val Max Thermal: 0.0000
Epoch 6550 | Val Loss: 35.2738 | Val Cost:  -30.35 | Val Max P-Miss: 0.2983 | Val Max Q-Miss: 0.0220 | Val Max Gen Viol: 0.0117 | Val Max Thermal: 0.0000
Epoch 6560 | Val Loss: 35.2657 | Val Cost:  -30.35 | Val Max P-Miss: 0.2970 | Val Max Q-Miss: 0.0163 | Val Max Gen Viol: 0.0117 | Val Max Thermal: 0.0000
Epoch 6570 | Val Loss: 35.4832 | Val Cost:  -30.35 | Val Max P-Miss: 0.2758 | Val Max Q-Miss: 0.0360 | Val Max Gen Viol: 0.0117 | Val Max Thermal: 0.0000
Epoch 6580 | Val Loss: 35.2092 | Val Cost:  -30.35 | Val Max P-Miss: 0.2939 | Val Max Q-Miss: 0.0158 | Val Max Gen Viol: 0.0117 | Val Max Thermal: 0.0000
Epoch 6590 | Val Loss: 35.2962 | Val Cost:  -30.35 | Val Max P-Miss: 0.2903 | Val Max Q-Miss: 0.0182 | Val Max Gen Viol: 0.0117 | Val Max Thermal: 0.0000
Epoch 6600 | Val Loss: 35.5886 | Val Cost:  -30.35 | Val Max P-Miss: 0.2891 | Val Max Q-Miss: 0.0280 | Val Max Gen Viol: 0.0117 | Val Max Thermal: 0.0000
Epoch 6610 | Val Loss: 36.5936 | Val Cost:  -30.35 | Val Max P-Miss: 0.2872 | Val Max Q-Miss: 0.0492 | Val Max Gen Viol: 0.0117 | Val Max Thermal: 0.0000
Epoch 6620 | Val Loss: 35.3299 | Val Cost:  -30.35 | Val Max P-Miss: 0.3091 | Val Max Q-Miss: 0.0321 | Val Max Gen Viol: 0.0117 | Val Max Thermal: 0.0000
Epoch 6630 | Val Loss: 35.1401 | Val Cost:  -30.35 | Val Max P-Miss: 0.2951 | Val Max Q-Miss: 0.0317 | Val Max Gen Viol: 0.0117 | Val Max Thermal: 0.0000
Epoch 6640 | Val Loss: 35.2568 | Val Cost:  -30.35 | Val Max P-Miss: 0.3078 | Val Max Q-Miss: 0.0376 | Val Max Gen Viol: 0.0117 | Val Max Thermal: 0.0000
Epoch 6650 | Val Loss: 36.6362 | Val Cost:  -30.34 | Val Max P-Miss: 0.3024 | Val Max Q-Miss: 0.0280 | Val Max Gen Viol: 0.0117 | Val Max Thermal: 0.0000
Epoch 6660 | Val Loss: 36.0142 | Val Cost:  -30.34 | Val Max P-Miss: 0.2879 | Val Max Q-Miss: 0.0376 | Val Max Gen Viol: 0.0117 | Val Max Thermal: 0.0000
Epoch 6670 | Val Loss: 35.4601 | Val Cost:  -30.35 | Val Max P-Miss: 0.2926 | Val Max Q-Miss: 0.0287 | Val Max Gen Viol: 0.0117 | Val Max Thermal: 0.0000
Epoch 6680 | Val Loss: 35.0619 | Val Cost:  -30.35 | Val Max P-Miss: 0.2733 | Val Max Q-Miss: 0.0193 | Val Max Gen Viol: 0.0117 | Val Max Thermal: 0.0000
Epoch 6690 | Val Loss: 35.6163 | Val Cost:  -30.34 | Val Max P-Miss: 0.2903 | Val Max Q-Miss: 0.0228 | Val Max Gen Viol: 0.0117 | Val Max Thermal: 0.0000
Epoch 6700 | Val Loss: 35.4401 | Val Cost:  -30.34 | Val Max P-Miss: 0.3253 | Val Max Q-Miss: 0.0244 | Val Max Gen Viol: 0.0117 | Val Max Thermal: 0.0000
Epoch 6710 | Val Loss: 35.6029 | Val Cost:  -30.35 | Val Max P-Miss: 0.3190 | Val Max Q-Miss: 0.0346 | Val Max Gen Viol: 0.0117 | Val Max Thermal: 0.0000
Epoch 6720 | Val Loss: 35.6051 | Val Cost:  -30.35 | Val Max P-Miss: 0.3118 | Val Max Q-Miss: 0.0380 | Val Max Gen Viol: 0.0117 | Val Max Thermal: 0.0000
Epoch 6730 | Val Loss: 35.4196 | Val Cost:  -30.35 | Val Max P-Miss: 0.2922 | Val Max Q-Miss: 0.0354 | Val Max Gen Viol: 0.0117 | Val Max Thermal: 0.0000
Epoch 6740 | Val Loss: 35.5443 | Val Cost:  -30.35 | Val Max P-Miss: 0.2778 | Val Max Q-Miss: 0.0272 | Val Max Gen Viol: 0.0117 | Val Max Thermal: 0.0000
Epoch 6750 | Val Loss: 34.8712 | Val Cost:  -30.35 | Val Max P-Miss: 0.2602 | Val Max Q-Miss: 0.0281 | Val Max Gen Viol: 0.0117 | Val Max Thermal: 0.0000
Epoch 6760 | Val Loss: 35.2977 | Val Cost:  -30.35 | Val Max P-Miss: 0.2829 | Val Max Q-Miss: 0.0228 | Val Max Gen Viol: 0.0117 | Val Max Thermal: 0.0000
Epoch 6770 | Val Loss: 35.8526 | Val Cost:  -30.35 | Val Max P-Miss: 0.3220 | Val Max Q-Miss: 0.0266 | Val Max Gen Viol: 0.0117 | Val Max Thermal: 0.0000
Epoch 6780 | Val Loss: 36.3224 | Val Cost:  -30.34 | Val Max P-Miss: 0.2867 | Val Max Q-Miss: 0.0253 | Val Max Gen Viol: 0.0117 | Val Max Thermal: 0.0000
Epoch 6790 | Val Loss: 35.6804 | Val Cost:  -30.34 | Val Max P-Miss: 0.2755 | Val Max Q-Miss: 0.0209 | Val Max Gen Viol: 0.0117 | Val Max Thermal: 0.0000
Epoch 6800 | Val Loss: 35.1779 | Val Cost:  -30.35 | Val Max P-Miss: 0.2814 | Val Max Q-Miss: 0.0200 | Val Max Gen Viol: 0.0117 | Val Max Thermal: 0.0000
Epoch 6810 | Val Loss: 35.2286 | Val Cost:  -30.35 | Val Max P-Miss: 0.2848 | Val Max Q-Miss: 0.0257 | Val Max Gen Viol: 0.0117 | Val Max Thermal: 0.0000
Epoch 6820 | Val Loss: 36.2048 | Val Cost:  -30.35 | Val Max P-Miss: 0.3140 | Val Max Q-Miss: 0.0320 | Val Max Gen Viol: 0.0117 | Val Max Thermal: 0.0000
Epoch 6830 | Val Loss: 34.9895 | Val Cost:  -30.35 | Val Max P-Miss: 0.2917 | Val Max Q-Miss: 0.0242 | Val Max Gen Viol: 0.0117 | Val Max Thermal: 0.0000
Epoch 6840 | Val Loss: 35.7180 | Val Cost:  -30.35 | Val Max P-Miss: 0.3001 | Val Max Q-Miss: 0.0145 | Val Max Gen Viol: 0.0117 | Val Max Thermal: 0.0000
Epoch 6850 | Val Loss: 35.3427 | Val Cost:  -30.35 | Val Max P-Miss: 0.3030 | Val Max Q-Miss: 0.0255 | Val Max Gen Viol: 0.0117 | Val Max Thermal: 0.0000
Epoch 6860 | Val Loss: 35.2360 | Val Cost:  -30.35 | Val Max P-Miss: 0.2934 | Val Max Q-Miss: 0.0212 | Val Max Gen Viol: 0.0117 | Val Max Thermal: 0.0000
Epoch 6870 | Val Loss: 35.9749 | Val Cost:  -30.35 | Val Max P-Miss: 0.3229 | Val Max Q-Miss: 0.0251 | Val Max Gen Viol: 0.0117 | Val Max Thermal: 0.0000
Epoch 6880 | Val Loss: 35.8715 | Val Cost:  -30.35 | Val Max P-Miss: 0.3073 | Val Max Q-Miss: 0.0213 | Val Max Gen Viol: 0.0117 | Val Max Thermal: 0.0000
Epoch 6890 | Val Loss: 34.5699 | Val Cost:  -30.35 | Val Max P-Miss: 0.2634 | Val Max Q-Miss: 0.0174 | Val Max Gen Viol: 0.0117 | Val Max Thermal: 0.0000
Epoch 6900 | Val Loss: 36.6393 | Val Cost:  -30.35 | Val Max P-Miss: 0.3388 | Val Max Q-Miss: 0.0271 | Val Max Gen Viol: 0.0117 | Val Max Thermal: 0.0000
Epoch 6910 | Val Loss: 35.6853 | Val Cost:  -30.35 | Val Max P-Miss: 0.3208 | Val Max Q-Miss: 0.0141 | Val Max Gen Viol: 0.0117 | Val Max Thermal: 0.0000
Epoch 6920 | Val Loss: 35.9431 | Val Cost:  -30.35 | Val Max P-Miss: 0.3290 | Val Max Q-Miss: 0.0189 | Val Max Gen Viol: 0.0117 | Val Max Thermal: 0.0000
Epoch 6930 | Val Loss: 35.8829 | Val Cost:  -30.34 | Val Max P-Miss: 0.3267 | Val Max Q-Miss: 0.0186 | Val Max Gen Viol: 0.0117 | Val Max Thermal: 0.0000
Epoch 6940 | Val Loss: 35.6847 | Val Cost:  -30.35 | Val Max P-Miss: 0.2876 | Val Max Q-Miss: 0.0193 | Val Max Gen Viol: 0.0117 | Val Max Thermal: 0.0000
Epoch 6950 | Val Loss: 35.2905 | Val Cost:  -30.34 | Val Max P-Miss: 0.2956 | Val Max Q-Miss: 0.0204 | Val Max Gen Viol: 0.0117 | Val Max Thermal: 0.0000
Epoch 6960 | Val Loss: 34.8331 | Val Cost:  -30.34 | Val Max P-Miss: 0.2752 | Val Max Q-Miss: 0.0212 | Val Max Gen Viol: 0.0117 | Val Max Thermal: 0.0000
Epoch 6970 | Val Loss: 35.5230 | Val Cost:  -30.35 | Val Max P-Miss: 0.2775 | Val Max Q-Miss: 0.0252 | Val Max Gen Viol: 0.0117 | Val Max Thermal: 0.0000
Epoch 6980 | Val Loss: 35.4562 | Val Cost:  -30.35 | Val Max P-Miss: 0.3222 | Val Max Q-Miss: 0.0275 | Val Max Gen Viol: 0.0117 | Val Max Thermal: 0.0000
Epoch 6990 | Val Loss: 35.8507 | Val Cost:  -30.34 | Val Max P-Miss: 0.2766 | Val Max Q-Miss: 0.0172 | Val Max Gen Viol: 0.0117 | Val Max Thermal: 0.0000
Epoch 7000 | Val Loss: 35.8691 | Val Cost:  -30.35 | Val Max P-Miss: 0.2897 | Val Max Q-Miss: 0.0170 | Val Max Gen Viol: 0.0117 | Val Max Thermal: 0.0000
Epoch 7010 | Val Loss: 35.8262 | Val Cost:  -30.35 | Val Max P-Miss: 0.2991 | Val Max Q-Miss: 0.0236 | Val Max Gen Viol: 0.0117 | Val Max Thermal: 0.0000
Epoch 7020 | Val Loss: 35.2353 | Val Cost:  -30.35 | Val Max P-Miss: 0.2721 | Val Max Q-Miss: 0.0192 | Val Max Gen Viol: 0.0117 | Val Max Thermal: 0.0000
Epoch 7030 | Val Loss: 36.2178 | Val Cost:  -30.35 | Val Max P-Miss: 0.3020 | Val Max Q-Miss: 0.0230 | Val Max Gen Viol: 0.0117 | Val Max Thermal: 0.0000
Epoch 7040 | Val Loss: 35.3595 | Val Cost:  -30.35 | Val Max P-Miss: 0.2968 | Val Max Q-Miss: 0.0143 | Val Max Gen Viol: 0.0117 | Val Max Thermal: 0.0000
Epoch 7050 | Val Loss: 35.3693 | Val Cost:  -30.35 | Val Max P-Miss: 0.2924 | Val Max Q-Miss: 0.0164 | Val Max Gen Viol: 0.0117 | Val Max Thermal: 0.0000
Epoch 7060 | Val Loss: 35.4814 | Val Cost:  -30.35 | Val Max P-Miss: 0.2902 | Val Max Q-Miss: 0.0241 | Val Max Gen Viol: 0.0117 | Val Max Thermal: 0.0000
Epoch 7070 | Val Loss: 35.0318 | Val Cost:  -30.35 | Val Max P-Miss: 0.2755 | Val Max Q-Miss: 0.0289 | Val Max Gen Viol: 0.0117 | Val Max Thermal: 0.0000
Epoch 7080 | Val Loss: 35.4430 | Val Cost:  -30.35 | Val Max P-Miss: 0.3141 | Val Max Q-Miss: 0.0353 | Val Max Gen Viol: 0.0117 | Val Max Thermal: 0.0000
Epoch 7090 | Val Loss: 35.3599 | Val Cost:  -30.35 | Val Max P-Miss: 0.2936 | Val Max Q-Miss: 0.0271 | Val Max Gen Viol: 0.0117 | Val Max Thermal: 0.0000
Epoch 7100 | Val Loss: 35.9698 | Val Cost:  -30.35 | Val Max P-Miss: 0.3154 | Val Max Q-Miss: 0.0336 | Val Max Gen Viol: 0.0117 | Val Max Thermal: 0.0000
Epoch 7110 | Val Loss: 36.5975 | Val Cost:  -30.35 | Val Max P-Miss: 0.3411 | Val Max Q-Miss: 0.0521 | Val Max Gen Viol: 0.0117 | Val Max Thermal: 0.0000
Epoch 7120 | Val Loss: 35.9487 | Val Cost:  -30.35 | Val Max P-Miss: 0.3223 | Val Max Q-Miss: 0.0480 | Val Max Gen Viol: 0.0117 | Val Max Thermal: 0.0000
Epoch 7130 | Val Loss: 35.8016 | Val Cost:  -30.35 | Val Max P-Miss: 0.3184 | Val Max Q-Miss: 0.0407 | Val Max Gen Viol: 0.0117 | Val Max Thermal: 0.0000
Epoch 7140 | Val Loss: 35.7847 | Val Cost:  -30.35 | Val Max P-Miss: 0.3123 | Val Max Q-Miss: 0.0400 | Val Max Gen Viol: 0.0117 | Val Max Thermal: 0.0000
Epoch 7150 | Val Loss: 34.5472 | Val Cost:  -30.35 | Val Max P-Miss: 0.2834 | Val Max Q-Miss: 0.0284 | Val Max Gen Viol: 0.0117 | Val Max Thermal: 0.0000
Epoch 7160 | Val Loss: 36.0357 | Val Cost:  -30.35 | Val Max P-Miss: 0.3133 | Val Max Q-Miss: 0.0192 | Val Max Gen Viol: 0.0117 | Val Max Thermal: 0.0000
Epoch 7170 | Val Loss: 34.9670 | Val Cost:  -30.35 | Val Max P-Miss: 0.2893 | Val Max Q-Miss: 0.0212 | Val Max Gen Viol: 0.0117 | Val Max Thermal: 0.0000
Epoch 7180 | Val Loss: 35.8050 | Val Cost:  -30.35 | Val Max P-Miss: 0.2881 | Val Max Q-Miss: 0.0184 | Val Max Gen Viol: 0.0117 | Val Max Thermal: 0.0000
Epoch 7190 | Val Loss: 34.8967 | Val Cost:  -30.35 | Val Max P-Miss: 0.2700 | Val Max Q-Miss: 0.0190 | Val Max Gen Viol: 0.0117 | Val Max Thermal: 0.0000
Epoch 7200 | Val Loss: 35.5983 | Val Cost:  -30.35 | Val Max P-Miss: 0.3055 | Val Max Q-Miss: 0.0154 | Val Max Gen Viol: 0.0117 | Val Max Thermal: 0.0000
Epoch 7210 | Val Loss: 36.5058 | Val Cost:  -30.35 | Val Max P-Miss: 0.2943 | Val Max Q-Miss: 0.0231 | Val Max Gen Viol: 0.0117 | Val Max Thermal: 0.0000
Epoch 7220 | Val Loss: 36.1542 | Val Cost:  -30.35 | Val Max P-Miss: 0.2788 | Val Max Q-Miss: 0.0292 | Val Max Gen Viol: 0.0117 | Val Max Thermal: 0.0000
Epoch 7230 | Val Loss: 35.3964 | Val Cost:  -30.35 | Val Max P-Miss: 0.3039 | Val Max Q-Miss: 0.0240 | Val Max Gen Viol: 0.0117 | Val Max Thermal: 0.0000
Epoch 7240 | Val Loss: 36.2225 | Val Cost:  -30.35 | Val Max P-Miss: 0.2854 | Val Max Q-Miss: 0.0252 | Val Max Gen Viol: 0.0117 | Val Max Thermal: 0.0000
Epoch 7250 | Val Loss: 35.4648 | Val Cost:  -30.35 | Val Max P-Miss: 0.3014 | Val Max Q-Miss: 0.0158 | Val Max Gen Viol: 0.0117 | Val Max Thermal: 0.0000
Epoch 7260 | Val Loss: 35.5565 | Val Cost:  -30.35 | Val Max P-Miss: 0.2993 | Val Max Q-Miss: 0.0304 | Val Max Gen Viol: 0.0117 | Val Max Thermal: 0.0000
Epoch 7270 | Val Loss: 34.9720 | Val Cost:  -30.35 | Val Max P-Miss: 0.2813 | Val Max Q-Miss: 0.0361 | Val Max Gen Viol: 0.0117 | Val Max Thermal: 0.0000
Epoch 7280 | Val Loss: 35.5832 | Val Cost:  -30.35 | Val Max P-Miss: 0.2915 | Val Max Q-Miss: 0.0260 | Val Max Gen Viol: 0.0117 | Val Max Thermal: 0.0000
Epoch 7290 | Val Loss: 35.8810 | Val Cost:  -30.35 | Val Max P-Miss: 0.2875 | Val Max Q-Miss: 0.0279 | Val Max Gen Viol: 0.0117 | Val Max Thermal: 0.0000
Epoch 7300 | Val Loss: 34.9022 | Val Cost:  -30.35 | Val Max P-Miss: 0.2677 | Val Max Q-Miss: 0.0247 | Val Max Gen Viol: 0.0117 | Val Max Thermal: 0.0000
Epoch 7310 | Val Loss: 35.7271 | Val Cost:  -30.35 | Val Max P-Miss: 0.2812 | Val Max Q-Miss: 0.0307 | Val Max Gen Viol: 0.0117 | Val Max Thermal: 0.0000
Epoch 7320 | Val Loss: 35.7421 | Val Cost:  -30.35 | Val Max P-Miss: 0.2931 | Val Max Q-Miss: 0.0281 | Val Max Gen Viol: 0.0117 | Val Max Thermal: 0.0000
Epoch 7330 | Val Loss: 35.5590 | Val Cost:  -30.35 | Val Max P-Miss: 0.2759 | Val Max Q-Miss: 0.0289 | Val Max Gen Viol: 0.0117 | Val Max Thermal: 0.0000
Epoch 7340 | Val Loss: 35.7176 | Val Cost:  -30.35 | Val Max P-Miss: 0.3133 | Val Max Q-Miss: 0.0321 | Val Max Gen Viol: 0.0117 | Val Max Thermal: 0.0000
Epoch 7350 | Val Loss: 35.8616 | Val Cost:  -30.35 | Val Max P-Miss: 0.3272 | Val Max Q-Miss: 0.0357 | Val Max Gen Viol: 0.0117 | Val Max Thermal: 0.0000
Epoch 7360 | Val Loss: 36.4514 | Val Cost:  -30.35 | Val Max P-Miss: 0.3273 | Val Max Q-Miss: 0.0328 | Val Max Gen Viol: 0.0117 | Val Max Thermal: 0.0000
Epoch 7370 | Val Loss: 36.7510 | Val Cost:  -30.35 | Val Max P-Miss: 0.2885 | Val Max Q-Miss: 0.0238 | Val Max Gen Viol: 0.0117 | Val Max Thermal: 0.0000
Epoch 7380 | Val Loss: 37.0029 | Val Cost:  -30.35 | Val Max P-Miss: 0.2991 | Val Max Q-Miss: 0.0302 | Val Max Gen Viol: 0.0117 | Val Max Thermal: 0.0000
Epoch 7390 | Val Loss: 36.8247 | Val Cost:  -30.35 | Val Max P-Miss: 0.3191 | Val Max Q-Miss: 0.0244 | Val Max Gen Viol: 0.0117 | Val Max Thermal: 0.0000
Epoch 7400 | Val Loss: 35.7489 | Val Cost:  -30.35 | Val Max P-Miss: 0.3160 | Val Max Q-Miss: 0.0290 | Val Max Gen Viol: 0.0117 | Val Max Thermal: 0.0000
Epoch 7410 | Val Loss: 35.6698 | Val Cost:  -30.35 | Val Max P-Miss: 0.3335 | Val Max Q-Miss: 0.0362 | Val Max Gen Viol: 0.0117 | Val Max Thermal: 0.0000
Epoch 7420 | Val Loss: 36.2098 | Val Cost:  -30.35 | Val Max P-Miss: 0.2891 | Val Max Q-Miss: 0.0194 | Val Max Gen Viol: 0.0117 | Val Max Thermal: 0.0000
Epoch 7430 | Val Loss: 35.6460 | Val Cost:  -30.35 | Val Max P-Miss: 0.2871 | Val Max Q-Miss: 0.0262 | Val Max Gen Viol: 0.0117 | Val Max Thermal: 0.0000
Epoch 7440 | Val Loss: 35.9966 | Val Cost:  -30.35 | Val Max P-Miss: 0.2906 | Val Max Q-Miss: 0.0273 | Val Max Gen Viol: 0.0117 | Val Max Thermal: 0.0000
Epoch 7450 | Val Loss: 35.8847 | Val Cost:  -30.35 | Val Max P-Miss: 0.3237 | Val Max Q-Miss: 0.0308 | Val Max Gen Viol: 0.0117 | Val Max Thermal: 0.0000
Epoch 7460 | Val Loss: 35.6786 | Val Cost:  -30.35 | Val Max P-Miss: 0.3143 | Val Max Q-Miss: 0.0241 | Val Max Gen Viol: 0.0117 | Val Max Thermal: 0.0000
Epoch 7470 | Val Loss: 35.6765 | Val Cost:  -30.35 | Val Max P-Miss: 0.3094 | Val Max Q-Miss: 0.0224 | Val Max Gen Viol: 0.0117 | Val Max Thermal: 0.0000
Epoch 7480 | Val Loss: 35.3720 | Val Cost:  -30.35 | Val Max P-Miss: 0.2730 | Val Max Q-Miss: 0.0180 | Val Max Gen Viol: 0.0117 | Val Max Thermal: 0.0000
Epoch 7490 | Val Loss: 36.3001 | Val Cost:  -30.35 | Val Max P-Miss: 0.2933 | Val Max Q-Miss: 0.0168 | Val Max Gen Viol: 0.0117 | Val Max Thermal: 0.0000
Epoch 7500 | Val Loss: 35.3770 | Val Cost:  -30.35 | Val Max P-Miss: 0.2753 | Val Max Q-Miss: 0.0177 | Val Max Gen Viol: 0.0117 | Val Max Thermal: 0.0000
Epoch 7510 | Val Loss: 35.6532 | Val Cost:  -30.35 | Val Max P-Miss: 0.3176 | Val Max Q-Miss: 0.0299 | Val Max Gen Viol: 0.0117 | Val Max Thermal: 0.0000
Epoch 7520 | Val Loss: 35.2419 | Val Cost:  -30.35 | Val Max P-Miss: 0.2743 | Val Max Q-Miss: 0.0182 | Val Max Gen Viol: 0.0117 | Val Max Thermal: 0.0000
Epoch 7530 | Val Loss: 35.2446 | Val Cost:  -30.35 | Val Max P-Miss: 0.2858 | Val Max Q-Miss: 0.0148 | Val Max Gen Viol: 0.0117 | Val Max Thermal: 0.0000
Epoch 7540 | Val Loss: 34.8726 | Val Cost:  -30.35 | Val Max P-Miss: 0.2723 | Val Max Q-Miss: 0.0173 | Val Max Gen Viol: 0.0117 | Val Max Thermal: 0.0000
Epoch 7550 | Val Loss: 35.2136 | Val Cost:  -30.35 | Val Max P-Miss: 0.2955 | Val Max Q-Miss: 0.0129 | Val Max Gen Viol: 0.0117 | Val Max Thermal: 0.0000
Epoch 7560 | Val Loss: 35.7683 | Val Cost:  -30.35 | Val Max P-Miss: 0.3127 | Val Max Q-Miss: 0.0165 | Val Max Gen Viol: 0.0117 | Val Max Thermal: 0.0000
Epoch 7570 | Val Loss: 36.1398 | Val Cost:  -30.35 | Val Max P-Miss: 0.2888 | Val Max Q-Miss: 0.0218 | Val Max Gen Viol: 0.0117 | Val Max Thermal: 0.0000
Epoch 7580 | Val Loss: 35.9034 | Val Cost:  -30.35 | Val Max P-Miss: 0.2999 | Val Max Q-Miss: 0.0164 | Val Max Gen Viol: 0.0117 | Val Max Thermal: 0.0000
Epoch 7590 | Val Loss: 35.6579 | Val Cost:  -30.35 | Val Max P-Miss: 0.3116 | Val Max Q-Miss: 0.0292 | Val Max Gen Viol: 0.0117 | Val Max Thermal: 0.0000
Epoch 7600 | Val Loss: 35.6523 | Val Cost:  -30.35 | Val Max P-Miss: 0.3049 | Val Max Q-Miss: 0.0305 | Val Max Gen Viol: 0.0117 | Val Max Thermal: 0.0000
Epoch 7610 | Val Loss: 35.2015 | Val Cost:  -30.35 | Val Max P-Miss: 0.2790 | Val Max Q-Miss: 0.0249 | Val Max Gen Viol: 0.0117 | Val Max Thermal: 0.0000
Epoch 7620 | Val Loss: 35.8658 | Val Cost:  -30.35 | Val Max P-Miss: 0.2824 | Val Max Q-Miss: 0.0157 | Val Max Gen Viol: 0.0117 | Val Max Thermal: 0.0000
Epoch 7630 | Val Loss: 35.4107 | Val Cost:  -30.35 | Val Max P-Miss: 0.3102 | Val Max Q-Miss: 0.0285 | Val Max Gen Viol: 0.0117 | Val Max Thermal: 0.0000
Epoch 7640 | Val Loss: 35.6982 | Val Cost:  -30.35 | Val Max P-Miss: 0.3155 | Val Max Q-Miss: 0.0336 | Val Max Gen Viol: 0.0117 | Val Max Thermal: 0.0000
Epoch 7650 | Val Loss: 35.8330 | Val Cost:  -30.35 | Val Max P-Miss: 0.2811 | Val Max Q-Miss: 0.0237 | Val Max Gen Viol: 0.0117 | Val Max Thermal: 0.0000
Epoch 7660 | Val Loss: 36.6226 | Val Cost:  -30.36 | Val Max P-Miss: 0.3074 | Val Max Q-Miss: 0.0496 | Val Max Gen Viol: 0.0117 | Val Max Thermal: 0.0000
Epoch 7670 | Val Loss: 35.4676 | Val Cost:  -30.35 | Val Max P-Miss: 0.3021 | Val Max Q-Miss: 0.0293 | Val Max Gen Viol: 0.0117 | Val Max Thermal: 0.0000
Epoch 7680 | Val Loss: 36.2608 | Val Cost:  -30.35 | Val Max P-Miss: 0.3030 | Val Max Q-Miss: 0.0234 | Val Max Gen Viol: 0.0117 | Val Max Thermal: 0.0000
Epoch 7690 | Val Loss: 35.0648 | Val Cost:  -30.35 | Val Max P-Miss: 0.2769 | Val Max Q-Miss: 0.0269 | Val Max Gen Viol: 0.0117 | Val Max Thermal: 0.0000
Epoch 7700 | Val Loss: 35.6828 | Val Cost:  -30.35 | Val Max P-Miss: 0.3115 | Val Max Q-Miss: 0.0166 | Val Max Gen Viol: 0.0117 | Val Max Thermal: 0.0000
Epoch 7710 | Val Loss: 36.2228 | Val Cost:  -30.35 | Val Max P-Miss: 0.3035 | Val Max Q-Miss: 0.0192 | Val Max Gen Viol: 0.0117 | Val Max Thermal: 0.0000
Epoch 7720 | Val Loss: 35.2914 | Val Cost:  -30.35 | Val Max P-Miss: 0.3010 | Val Max Q-Miss: 0.0384 | Val Max Gen Viol: 0.0117 | Val Max Thermal: 0.0000
Epoch 7730 | Val Loss: 35.5724 | Val Cost:  -30.35 | Val Max P-Miss: 0.2898 | Val Max Q-Miss: 0.0228 | Val Max Gen Viol: 0.0117 | Val Max Thermal: 0.0000
Epoch 7740 | Val Loss: 35.3580 | Val Cost:  -30.35 | Val Max P-Miss: 0.2852 | Val Max Q-Miss: 0.0358 | Val Max Gen Viol: 0.0117 | Val Max Thermal: 0.0000
Epoch 7750 | Val Loss: 35.8221 | Val Cost:  -30.35 | Val Max P-Miss: 0.2720 | Val Max Q-Miss: 0.0255 | Val Max Gen Viol: 0.0117 | Val Max Thermal: 0.0000
Epoch 7760 | Val Loss: 35.3675 | Val Cost:  -30.35 | Val Max P-Miss: 0.2998 | Val Max Q-Miss: 0.0245 | Val Max Gen Viol: 0.0117 | Val Max Thermal: 0.0000
Epoch 7770 | Val Loss: 36.0402 | Val Cost:  -30.35 | Val Max P-Miss: 0.3174 | Val Max Q-Miss: 0.0224 | Val Max Gen Viol: 0.0117 | Val Max Thermal: 0.0000
Epoch 7780 | Val Loss: 35.8311 | Val Cost:  -30.35 | Val Max P-Miss: 0.3250 | Val Max Q-Miss: 0.0170 | Val Max Gen Viol: 0.0117 | Val Max Thermal: 0.0000
Epoch 7790 | Val Loss: 35.4084 | Val Cost:  -30.35 | Val Max P-Miss: 0.3114 | Val Max Q-Miss: 0.0130 | Val Max Gen Viol: 0.0117 | Val Max Thermal: 0.0000
Epoch 7800 | Val Loss: 35.7085 | Val Cost:  -30.35 | Val Max P-Miss: 0.2847 | Val Max Q-Miss: 0.0215 | Val Max Gen Viol: 0.0117 | Val Max Thermal: 0.0000
Epoch 7810 | Val Loss: 34.6457 | Val Cost:  -30.35 | Val Max P-Miss: 0.2610 | Val Max Q-Miss: 0.0193 | Val Max Gen Viol: 0.0117 | Val Max Thermal: 0.0000
Epoch 7820 | Val Loss: 35.2773 | Val Cost:  -30.35 | Val Max P-Miss: 0.2801 | Val Max Q-Miss: 0.0196 | Val Max Gen Viol: 0.0117 | Val Max Thermal: 0.0000
Epoch 7830 | Val Loss: 35.5723 | Val Cost:  -30.35 | Val Max P-Miss: 0.2931 | Val Max Q-Miss: 0.0217 | Val Max Gen Viol: 0.0117 | Val Max Thermal: 0.0000
Epoch 7840 | Val Loss: 36.3042 | Val Cost:  -30.35 | Val Max P-Miss: 0.2948 | Val Max Q-Miss: 0.0178 | Val Max Gen Viol: 0.0117 | Val Max Thermal: 0.0000
Epoch 7850 | Val Loss: 35.1621 | Val Cost:  -30.35 | Val Max P-Miss: 0.2753 | Val Max Q-Miss: 0.0179 | Val Max Gen Viol: 0.0117 | Val Max Thermal: 0.0000
Epoch 7860 | Val Loss: 34.7959 | Val Cost:  -30.35 | Val Max P-Miss: 0.2880 | Val Max Q-Miss: 0.0142 | Val Max Gen Viol: 0.0117 | Val Max Thermal: 0.0000
Epoch 7870 | Val Loss: 35.7069 | Val Cost:  -30.36 | Val Max P-Miss: 0.3149 | Val Max Q-Miss: 0.0170 | Val Max Gen Viol: 0.0117 | Val Max Thermal: 0.0000
Epoch 7880 | Val Loss: 35.9114 | Val Cost:  -30.35 | Val Max P-Miss: 0.2891 | Val Max Q-Miss: 0.0178 | Val Max Gen Viol: 0.0117 | Val Max Thermal: 0.0000
Epoch 7890 | Val Loss: 35.8625 | Val Cost:  -30.35 | Val Max P-Miss: 0.3077 | Val Max Q-Miss: 0.0181 | Val Max Gen Viol: 0.0117 | Val Max Thermal: 0.0000
Epoch 7900 | Val Loss: 36.0923 | Val Cost:  -30.36 | Val Max P-Miss: 0.3278 | Val Max Q-Miss: 0.0189 | Val Max Gen Viol: 0.0117 | Val Max Thermal: 0.0000
Epoch 7910 | Val Loss: 35.3483 | Val Cost:  -30.35 | Val Max P-Miss: 0.2961 | Val Max Q-Miss: 0.0223 | Val Max Gen Viol: 0.0117 | Val Max Thermal: 0.0000
Epoch 7920 | Val Loss: 35.7115 | Val Cost:  -30.35 | Val Max P-Miss: 0.2766 | Val Max Q-Miss: 0.0230 | Val Max Gen Viol: 0.0117 | Val Max Thermal: 0.0000
Epoch 7930 | Val Loss: 35.3593 | Val Cost:  -30.35 | Val Max P-Miss: 0.2762 | Val Max Q-Miss: 0.0189 | Val Max Gen Viol: 0.0117 | Val Max Thermal: 0.0000
Epoch 7940 | Val Loss: 35.8477 | Val Cost:  -30.35 | Val Max P-Miss: 0.2933 | Val Max Q-Miss: 0.0151 | Val Max Gen Viol: 0.0117 | Val Max Thermal: 0.0000
Epoch 7950 | Val Loss: 35.3356 | Val Cost:  -30.35 | Val Max P-Miss: 0.2854 | Val Max Q-Miss: 0.0203 | Val Max Gen Viol: 0.0117 | Val Max Thermal: 0.0000
Epoch 7960 | Val Loss: 34.9193 | Val Cost:  -30.35 | Val Max P-Miss: 0.3031 | Val Max Q-Miss: 0.0207 | Val Max Gen Viol: 0.0117 | Val Max Thermal: 0.0000
Epoch 7970 | Val Loss: 35.6490 | Val Cost:  -30.35 | Val Max P-Miss: 0.2857 | Val Max Q-Miss: 0.0174 | Val Max Gen Viol: 0.0117 | Val Max Thermal: 0.0000
Epoch 7980 | Val Loss: 35.4084 | Val Cost:  -30.36 | Val Max P-Miss: 0.3010 | Val Max Q-Miss: 0.0218 | Val Max Gen Viol: 0.0117 | Val Max Thermal: 0.0000
Epoch 7990 | Val Loss: 35.4068 | Val Cost:  -30.35 | Val Max P-Miss: 0.2888 | Val Max Q-Miss: 0.0158 | Val Max Gen Viol: 0.0117 | Val Max Thermal: 0.0000
Epoch 8000 | Val Loss: 36.0939 | Val Cost:  -30.36 | Val Max P-Miss: 0.3245 | Val Max Q-Miss: 0.0203 | Val Max Gen Viol: 0.0117 | Val Max Thermal: 0.0000
Epoch 8010 | Val Loss: 36.9182 | Val Cost:  -30.35 | Val Max P-Miss: 0.3123 | Val Max Q-Miss: 0.0257 | Val Max Gen Viol: 0.0117 | Val Max Thermal: 0.0000
Epoch 8020 | Val Loss: 35.0580 | Val Cost:  -30.35 | Val Max P-Miss: 0.2788 | Val Max Q-Miss: 0.0185 | Val Max Gen Viol: 0.0117 | Val Max Thermal: 0.0000
Epoch 8030 | Val Loss: 35.7616 | Val Cost:  -30.36 | Val Max P-Miss: 0.3112 | Val Max Q-Miss: 0.0146 | Val Max Gen Viol: 0.0117 | Val Max Thermal: 0.0000
Epoch 8040 | Val Loss: 36.0311 | Val Cost:  -30.36 | Val Max P-Miss: 0.3061 | Val Max Q-Miss: 0.0149 | Val Max Gen Viol: 0.0117 | Val Max Thermal: 0.0000
Epoch 8050 | Val Loss: 35.6070 | Val Cost:  -30.36 | Val Max P-Miss: 0.3098 | Val Max Q-Miss: 0.0142 | Val Max Gen Viol: 0.0117 | Val Max Thermal: 0.0000
Epoch 8060 | Val Loss: 35.4563 | Val Cost:  -30.36 | Val Max P-Miss: 0.3039 | Val Max Q-Miss: 0.0234 | Val Max Gen Viol: 0.0117 | Val Max Thermal: 0.0000
Epoch 8070 | Val Loss: 36.2549 | Val Cost:  -30.35 | Val Max P-Miss: 0.2940 | Val Max Q-Miss: 0.0212 | Val Max Gen Viol: 0.0117 | Val Max Thermal: 0.0000
Epoch 8080 | Val Loss: 35.6003 | Val Cost:  -30.36 | Val Max P-Miss: 0.3026 | Val Max Q-Miss: 0.0369 | Val Max Gen Viol: 0.0117 | Val Max Thermal: 0.0000
Epoch 8090 | Val Loss: 35.5187 | Val Cost:  -30.36 | Val Max P-Miss: 0.2734 | Val Max Q-Miss: 0.0297 | Val Max Gen Viol: 0.0117 | Val Max Thermal: 0.0000
Epoch 8100 | Val Loss: 35.6617 | Val Cost:  -30.36 | Val Max P-Miss: 0.2806 | Val Max Q-Miss: 0.0238 | Val Max Gen Viol: 0.0117 | Val Max Thermal: 0.0000
Epoch 8110 | Val Loss: 36.0267 | Val Cost:  -30.36 | Val Max P-Miss: 0.3065 | Val Max Q-Miss: 0.0167 | Val Max Gen Viol: 0.0117 | Val Max Thermal: 0.0000
Epoch 8120 | Val Loss: 35.7981 | Val Cost:  -30.35 | Val Max P-Miss: 0.2972 | Val Max Q-Miss: 0.0304 | Val Max Gen Viol: 0.0117 | Val Max Thermal: 0.0000
Epoch 8130 | Val Loss: 35.4877 | Val Cost:  -30.36 | Val Max P-Miss: 0.2830 | Val Max Q-Miss: 0.0211 | Val Max Gen Viol: 0.0117 | Val Max Thermal: 0.0000
Epoch 8140 | Val Loss: 35.1922 | Val Cost:  -30.36 | Val Max P-Miss: 0.2864 | Val Max Q-Miss: 0.0181 | Val Max Gen Viol: 0.0117 | Val Max Thermal: 0.0000
Epoch 8150 | Val Loss: 35.7867 | Val Cost:  -30.36 | Val Max P-Miss: 0.3086 | Val Max Q-Miss: 0.0175 | Val Max Gen Viol: 0.0117 | Val Max Thermal: 0.0000
Epoch 8160 | Val Loss: 35.5304 | Val Cost:  -30.36 | Val Max P-Miss: 0.3008 | Val Max Q-Miss: 0.0149 | Val Max Gen Viol: 0.0117 | Val Max Thermal: 0.0000
Epoch 8170 | Val Loss: 35.8216 | Val Cost:  -30.36 | Val Max P-Miss: 0.3112 | Val Max Q-Miss: 0.0193 | Val Max Gen Viol: 0.0117 | Val Max Thermal: 0.0000
Epoch 8180 | Val Loss: 35.8248 | Val Cost:  -30.36 | Val Max P-Miss: 0.2943 | Val Max Q-Miss: 0.0191 | Val Max Gen Viol: 0.0117 | Val Max Thermal: 0.0000
Epoch 8190 | Val Loss: 35.8134 | Val Cost:  -30.36 | Val Max P-Miss: 0.3045 | Val Max Q-Miss: 0.0186 | Val Max Gen Viol: 0.0117 | Val Max Thermal: 0.0000
Epoch 8200 | Val Loss: 35.6492 | Val Cost:  -30.36 | Val Max P-Miss: 0.3017 | Val Max Q-Miss: 0.0166 | Val Max Gen Viol: 0.0117 | Val Max Thermal: 0.0000
Epoch 8210 | Val Loss: 36.0623 | Val Cost:  -30.36 | Val Max P-Miss: 0.3309 | Val Max Q-Miss: 0.0166 | Val Max Gen Viol: 0.0117 | Val Max Thermal: 0.0000
Epoch 8220 | Val Loss: 36.0361 | Val Cost:  -30.36 | Val Max P-Miss: 0.3123 | Val Max Q-Miss: 0.0199 | Val Max Gen Viol: 0.0117 | Val Max Thermal: 0.0000
Epoch 8230 | Val Loss: 35.1870 | Val Cost:  -30.35 | Val Max P-Miss: 0.2952 | Val Max Q-Miss: 0.0153 | Val Max Gen Viol: 0.0117 | Val Max Thermal: 0.0000
Epoch 8240 | Val Loss: 36.7137 | Val Cost:  -30.36 | Val Max P-Miss: 0.2968 | Val Max Q-Miss: 0.0304 | Val Max Gen Viol: 0.0117 | Val Max Thermal: 0.0000
Epoch 8250 | Val Loss: 35.2686 | Val Cost:  -30.35 | Val Max P-Miss: 0.2806 | Val Max Q-Miss: 0.0161 | Val Max Gen Viol: 0.0117 | Val Max Thermal: 0.0000
Epoch 8260 | Val Loss: 35.6251 | Val Cost:  -30.36 | Val Max P-Miss: 0.3041 | Val Max Q-Miss: 0.0146 | Val Max Gen Viol: 0.0117 | Val Max Thermal: 0.0000
Epoch 8270 | Val Loss: 35.4407 | Val Cost:  -30.35 | Val Max P-Miss: 0.2935 | Val Max Q-Miss: 0.0212 | Val Max Gen Viol: 0.0117 | Val Max Thermal: 0.0000
Epoch 8280 | Val Loss: 36.5308 | Val Cost:  -30.36 | Val Max P-Miss: 0.3194 | Val Max Q-Miss: 0.0223 | Val Max Gen Viol: 0.0117 | Val Max Thermal: 0.0000
Epoch 8290 | Val Loss: 35.6754 | Val Cost:  -30.35 | Val Max P-Miss: 0.3019 | Val Max Q-Miss: 0.0229 | Val Max Gen Viol: 0.0117 | Val Max Thermal: 0.0000
Epoch 8300 | Val Loss: 36.0715 | Val Cost:  -30.36 | Val Max P-Miss: 0.2983 | Val Max Q-Miss: 0.0280 | Val Max Gen Viol: 0.0117 | Val Max Thermal: 0.0000
Epoch 8310 | Val Loss: 36.0421 | Val Cost:  -30.36 | Val Max P-Miss: 0.3111 | Val Max Q-Miss: 0.0230 | Val Max Gen Viol: 0.0117 | Val Max Thermal: 0.0000
Epoch 8320 | Val Loss: 35.6473 | Val Cost:  -30.36 | Val Max P-Miss: 0.2811 | Val Max Q-Miss: 0.0187 | Val Max Gen Viol: 0.0117 | Val Max Thermal: 0.0000
Epoch 8330 | Val Loss: 36.1242 | Val Cost:  -30.36 | Val Max P-Miss: 0.3196 | Val Max Q-Miss: 0.0205 | Val Max Gen Viol: 0.0117 | Val Max Thermal: 0.0000
Epoch 8340 | Val Loss: 35.2789 | Val Cost:  -30.36 | Val Max P-Miss: 0.3046 | Val Max Q-Miss: 0.0150 | Val Max Gen Viol: 0.0117 | Val Max Thermal: 0.0000
Epoch 8350 | Val Loss: 35.6905 | Val Cost:  -30.36 | Val Max P-Miss: 0.3107 | Val Max Q-Miss: 0.0207 | Val Max Gen Viol: 0.0117 | Val Max Thermal: 0.0000
Epoch 8360 | Val Loss: 36.3278 | Val Cost:  -30.36 | Val Max P-Miss: 0.2817 | Val Max Q-Miss: 0.0223 | Val Max Gen Viol: 0.0117 | Val Max Thermal: 0.0000
Epoch 8370 | Val Loss: 36.6658 | Val Cost:  -30.36 | Val Max P-Miss: 0.2945 | Val Max Q-Miss: 0.0284 | Val Max Gen Viol: 0.0117 | Val Max Thermal: 0.0000
Epoch 8380 | Val Loss: 35.4447 | Val Cost:  -30.36 | Val Max P-Miss: 0.2872 | Val Max Q-Miss: 0.0182 | Val Max Gen Viol: 0.0117 | Val Max Thermal: 0.0000
Epoch 8390 | Val Loss: 35.2523 | Val Cost:  -30.36 | Val Max P-Miss: 0.2833 | Val Max Q-Miss: 0.0200 | Val Max Gen Viol: 0.0117 | Val Max Thermal: 0.0000
Epoch 8400 | Val Loss: 35.6283 | Val Cost:  -30.36 | Val Max P-Miss: 0.2825 | Val Max Q-Miss: 0.0172 | Val Max Gen Viol: 0.0117 | Val Max Thermal: 0.0000
Epoch 8410 | Val Loss: 35.3940 | Val Cost:  -30.36 | Val Max P-Miss: 0.2799 | Val Max Q-Miss: 0.0195 | Val Max Gen Viol: 0.0117 | Val Max Thermal: 0.0000
Epoch 8420 | Val Loss: 35.6612 | Val Cost:  -30.36 | Val Max P-Miss: 0.2928 | Val Max Q-Miss: 0.0196 | Val Max Gen Viol: 0.0117 | Val Max Thermal: 0.0000
Epoch 8430 | Val Loss: 36.9263 | Val Cost:  -30.36 | Val Max P-Miss: 0.2932 | Val Max Q-Miss: 0.0313 | Val Max Gen Viol: 0.0117 | Val Max Thermal: 0.0000
Epoch 8440 | Val Loss: 35.4569 | Val Cost:  -30.35 | Val Max P-Miss: 0.2938 | Val Max Q-Miss: 0.0196 | Val Max Gen Viol: 0.0117 | Val Max Thermal: 0.0000
Epoch 8450 | Val Loss: 36.5933 | Val Cost:  -30.36 | Val Max P-Miss: 0.2844 | Val Max Q-Miss: 0.0223 | Val Max Gen Viol: 0.0117 | Val Max Thermal: 0.0000
Epoch 8460 | Val Loss: 35.6718 | Val Cost:  -30.36 | Val Max P-Miss: 0.3031 | Val Max Q-Miss: 0.0198 | Val Max Gen Viol: 0.0117 | Val Max Thermal: 0.0000
Epoch 8470 | Val Loss: 35.9287 | Val Cost:  -30.35 | Val Max P-Miss: 0.2972 | Val Max Q-Miss: 0.0301 | Val Max Gen Viol: 0.0117 | Val Max Thermal: 0.0000
Epoch 8480 | Val Loss: 35.8028 | Val Cost:  -30.36 | Val Max P-Miss: 0.2838 | Val Max Q-Miss: 0.0287 | Val Max Gen Viol: 0.0117 | Val Max Thermal: 0.0000
Epoch 8490 | Val Loss: 35.2856 | Val Cost:  -30.36 | Val Max P-Miss: 0.3012 | Val Max Q-Miss: 0.0149 | Val Max Gen Viol: 0.0117 | Val Max Thermal: 0.0000
Epoch 8500 | Val Loss: 36.4252 | Val Cost:  -30.36 | Val Max P-Miss: 0.2970 | Val Max Q-Miss: 0.0258 | Val Max Gen Viol: 0.0117 | Val Max Thermal: 0.0000
Epoch 8510 | Val Loss: 35.3966 | Val Cost:  -30.36 | Val Max P-Miss: 0.2803 | Val Max Q-Miss: 0.0250 | Val Max Gen Viol: 0.0117 | Val Max Thermal: 0.0000
Epoch 8520 | Val Loss: 35.3369 | Val Cost:  -30.36 | Val Max P-Miss: 0.2934 | Val Max Q-Miss: 0.0257 | Val Max Gen Viol: 0.0117 | Val Max Thermal: 0.0000
Epoch 8530 | Val Loss: 35.3560 | Val Cost:  -30.36 | Val Max P-Miss: 0.2805 | Val Max Q-Miss: 0.0186 | Val Max Gen Viol: 0.0117 | Val Max Thermal: 0.0000
Epoch 8540 | Val Loss: 35.5706 | Val Cost:  -30.36 | Val Max P-Miss: 0.3133 | Val Max Q-Miss: 0.0179 | Val Max Gen Viol: 0.0117 | Val Max Thermal: 0.0000
Epoch 8550 | Val Loss: 35.3538 | Val Cost:  -30.36 | Val Max P-Miss: 0.2840 | Val Max Q-Miss: 0.0173 | Val Max Gen Viol: 0.0117 | Val Max Thermal: 0.0000
Epoch 8560 | Val Loss: 35.5657 | Val Cost:  -30.36 | Val Max P-Miss: 0.3075 | Val Max Q-Miss: 0.0207 | Val Max Gen Viol: 0.0117 | Val Max Thermal: 0.0000
Epoch 8570 | Val Loss: 37.2039 | Val Cost:  -30.35 | Val Max P-Miss: 0.3309 | Val Max Q-Miss: 0.0346 | Val Max Gen Viol: 0.0117 | Val Max Thermal: 0.0000
Epoch 8580 | Val Loss: 36.9535 | Val Cost:  -30.36 | Val Max P-Miss: 0.3499 | Val Max Q-Miss: 0.0249 | Val Max Gen Viol: 0.0117 | Val Max Thermal: 0.0000
Epoch 8590 | Val Loss: 36.0172 | Val Cost:  -30.36 | Val Max P-Miss: 0.2799 | Val Max Q-Miss: 0.0187 | Val Max Gen Viol: 0.0117 | Val Max Thermal: 0.0000
Epoch 8600 | Val Loss: 35.8278 | Val Cost:  -30.36 | Val Max P-Miss: 0.2881 | Val Max Q-Miss: 0.0216 | Val Max Gen Viol: 0.0117 | Val Max Thermal: 0.0000
Epoch 8610 | Val Loss: 36.0390 | Val Cost:  -30.36 | Val Max P-Miss: 0.3039 | Val Max Q-Miss: 0.0191 | Val Max Gen Viol: 0.0117 | Val Max Thermal: 0.0000
Epoch 8620 | Val Loss: 35.8331 | Val Cost:  -30.36 | Val Max P-Miss: 0.3134 | Val Max Q-Miss: 0.0200 | Val Max Gen Viol: 0.0117 | Val Max Thermal: 0.0000
Epoch 8630 | Val Loss: 35.8106 | Val Cost:  -30.36 | Val Max P-Miss: 0.3045 | Val Max Q-Miss: 0.0196 | Val Max Gen Viol: 0.0117 | Val Max Thermal: 0.0000
Epoch 8640 | Val Loss: 36.1071 | Val Cost:  -30.36 | Val Max P-Miss: 0.2831 | Val Max Q-Miss: 0.0234 | Val Max Gen Viol: 0.0117 | Val Max Thermal: 0.0000
Epoch 8650 | Val Loss: 35.1368 | Val Cost:  -30.36 | Val Max P-Miss: 0.2976 | Val Max Q-Miss: 0.0156 | Val Max Gen Viol: 0.0117 | Val Max Thermal: 0.0000
Epoch 8660 | Val Loss: 38.7387 | Val Cost:  -30.36 | Val Max P-Miss: 0.3107 | Val Max Q-Miss: 0.0546 | Val Max Gen Viol: 0.0117 | Val Max Thermal: 0.0000
Epoch 8670 | Val Loss: 35.8658 | Val Cost:  -30.36 | Val Max P-Miss: 0.3018 | Val Max Q-Miss: 0.0216 | Val Max Gen Viol: 0.0117 | Val Max Thermal: 0.0000
Epoch 8680 | Val Loss: 36.2419 | Val Cost:  -30.36 | Val Max P-Miss: 0.2894 | Val Max Q-Miss: 0.0275 | Val Max Gen Viol: 0.0117 | Val Max Thermal: 0.0000
Epoch 8690 | Val Loss: 35.0248 | Val Cost:  -30.36 | Val Max P-Miss: 0.2863 | Val Max Q-Miss: 0.0162 | Val Max Gen Viol: 0.0117 | Val Max Thermal: 0.0000
Epoch 8700 | Val Loss: 35.9433 | Val Cost:  -30.36 | Val Max P-Miss: 0.3205 | Val Max Q-Miss: 0.0229 | Val Max Gen Viol: 0.0117 | Val Max Thermal: 0.0000
Epoch 8710 | Val Loss: 36.4517 | Val Cost:  -30.36 | Val Max P-Miss: 0.3109 | Val Max Q-Miss: 0.0245 | Val Max Gen Viol: 0.0117 | Val Max Thermal: 0.0000
Epoch 8720 | Val Loss: 35.4466 | Val Cost:  -30.36 | Val Max P-Miss: 0.3139 | Val Max Q-Miss: 0.0163 | Val Max Gen Viol: 0.0117 | Val Max Thermal: 0.0000
Epoch 8730 | Val Loss: 36.7349 | Val Cost:  -30.36 | Val Max P-Miss: 0.3063 | Val Max Q-Miss: 0.0317 | Val Max Gen Viol: 0.0117 | Val Max Thermal: 0.0000
Epoch 8740 | Val Loss: 35.9263 | Val Cost:  -30.36 | Val Max P-Miss: 0.2781 | Val Max Q-Miss: 0.0241 | Val Max Gen Viol: 0.0117 | Val Max Thermal: 0.0000
Epoch 8750 | Val Loss: 35.5569 | Val Cost:  -30.36 | Val Max P-Miss: 0.2793 | Val Max Q-Miss: 0.0145 | Val Max Gen Viol: 0.0117 | Val Max Thermal: 0.0000
Epoch 8760 | Val Loss: 35.8408 | Val Cost:  -30.36 | Val Max P-Miss: 0.3091 | Val Max Q-Miss: 0.0190 | Val Max Gen Viol: 0.0117 | Val Max Thermal: 0.0000
Epoch 8770 | Val Loss: 37.6374 | Val Cost:  -30.36 | Val Max P-Miss: 0.3095 | Val Max Q-Miss: 0.0311 | Val Max Gen Viol: 0.0117 | Val Max Thermal: 0.0000
Epoch 8780 | Val Loss: 35.4500 | Val Cost:  -30.36 | Val Max P-Miss: 0.2813 | Val Max Q-Miss: 0.0256 | Val Max Gen Viol: 0.0117 | Val Max Thermal: 0.0000
Epoch 8790 | Val Loss: 35.6982 | Val Cost:  -30.36 | Val Max P-Miss: 0.2837 | Val Max Q-Miss: 0.0218 | Val Max Gen Viol: 0.0117 | Val Max Thermal: 0.0000
Epoch 8800 | Val Loss: 35.6339 | Val Cost:  -30.36 | Val Max P-Miss: 0.3079 | Val Max Q-Miss: 0.0227 | Val Max Gen Viol: 0.0117 | Val Max Thermal: 0.0000
Epoch 8810 | Val Loss: 35.5845 | Val Cost:  -30.36 | Val Max P-Miss: 0.3032 | Val Max Q-Miss: 0.0182 | Val Max Gen Viol: 0.0117 | Val Max Thermal: 0.0000
Epoch 8820 | Val Loss: 35.6823 | Val Cost:  -30.36 | Val Max P-Miss: 0.2791 | Val Max Q-Miss: 0.0208 | Val Max Gen Viol: 0.0117 | Val Max Thermal: 0.0000
Epoch 8830 | Val Loss: 36.2236 | Val Cost:  -30.36 | Val Max P-Miss: 0.3005 | Val Max Q-Miss: 0.0222 | Val Max Gen Viol: 0.0117 | Val Max Thermal: 0.0000
Epoch 8840 | Val Loss: 35.5011 | Val Cost:  -30.36 | Val Max P-Miss: 0.2843 | Val Max Q-Miss: 0.0180 | Val Max Gen Viol: 0.0117 | Val Max Thermal: 0.0000
Epoch 8850 | Val Loss: 35.2678 | Val Cost:  -30.36 | Val Max P-Miss: 0.2909 | Val Max Q-Miss: 0.0177 | Val Max Gen Viol: 0.0117 | Val Max Thermal: 0.0000
Epoch 8860 | Val Loss: 35.3960 | Val Cost:  -30.36 | Val Max P-Miss: 0.2932 | Val Max Q-Miss: 0.0200 | Val Max Gen Viol: 0.0117 | Val Max Thermal: 0.0000
Epoch 8870 | Val Loss: 35.6000 | Val Cost:  -30.36 | Val Max P-Miss: 0.2952 | Val Max Q-Miss: 0.0228 | Val Max Gen Viol: 0.0117 | Val Max Thermal: 0.0000
Epoch 8880 | Val Loss: 35.6927 | Val Cost:  -30.36 | Val Max P-Miss: 0.2868 | Val Max Q-Miss: 0.0202 | Val Max Gen Viol: 0.0117 | Val Max Thermal: 0.0000
Epoch 8890 | Val Loss: 35.8018 | Val Cost:  -30.36 | Val Max P-Miss: 0.2810 | Val Max Q-Miss: 0.0217 | Val Max Gen Viol: 0.0117 | Val Max Thermal: 0.0000
Epoch 8900 | Val Loss: 35.2952 | Val Cost:  -30.36 | Val Max P-Miss: 0.2944 | Val Max Q-Miss: 0.0179 | Val Max Gen Viol: 0.0117 | Val Max Thermal: 0.0000
Epoch 8910 | Val Loss: 35.3686 | Val Cost:  -30.36 | Val Max P-Miss: 0.2971 | Val Max Q-Miss: 0.0165 | Val Max Gen Viol: 0.0117 | Val Max Thermal: 0.0000
Epoch 8920 | Val Loss: 35.9192 | Val Cost:  -30.36 | Val Max P-Miss: 0.3140 | Val Max Q-Miss: 0.0223 | Val Max Gen Viol: 0.0117 | Val Max Thermal: 0.0000
Epoch 8930 | Val Loss: 35.5598 | Val Cost:  -30.36 | Val Max P-Miss: 0.2976 | Val Max Q-Miss: 0.0233 | Val Max Gen Viol: 0.0117 | Val Max Thermal: 0.0000
Epoch 8940 | Val Loss: 35.8270 | Val Cost:  -30.36 | Val Max P-Miss: 0.2966 | Val Max Q-Miss: 0.0180 | Val Max Gen Viol: 0.0117 | Val Max Thermal: 0.0000
Epoch 8950 | Val Loss: 36.2984 | Val Cost:  -30.36 | Val Max P-Miss: 0.3141 | Val Max Q-Miss: 0.0237 | Val Max Gen Viol: 0.0117 | Val Max Thermal: 0.0000
Epoch 8960 | Val Loss: 36.0038 | Val Cost:  -30.36 | Val Max P-Miss: 0.3304 | Val Max Q-Miss: 0.0180 | Val Max Gen Viol: 0.0117 | Val Max Thermal: 0.0000
Epoch 8970 | Val Loss: 35.4844 | Val Cost:  -30.36 | Val Max P-Miss: 0.3198 | Val Max Q-Miss: 0.0157 | Val Max Gen Viol: 0.0117 | Val Max Thermal: 0.0000
Epoch 8980 | Val Loss: 35.6939 | Val Cost:  -30.36 | Val Max P-Miss: 0.2847 | Val Max Q-Miss: 0.0229 | Val Max Gen Viol: 0.0117 | Val Max Thermal: 0.0000
Epoch 8990 | Val Loss: 35.6476 | Val Cost:  -30.36 | Val Max P-Miss: 0.3023 | Val Max Q-Miss: 0.0181 | Val Max Gen Viol: 0.0117 | Val Max Thermal: 0.0000
Epoch 9000 | Val Loss: 35.5548 | Val Cost:  -30.36 | Val Max P-Miss: 0.2986 | Val Max Q-Miss: 0.0164 | Val Max Gen Viol: 0.0117 | Val Max Thermal: 0.0000
Epoch 9010 | Val Loss: 36.2622 | Val Cost:  -30.36 | Val Max P-Miss: 0.3227 | Val Max Q-Miss: 0.0178 | Val Max Gen Viol: 0.0117 | Val Max Thermal: 0.0000
Epoch 9020 | Val Loss: 35.7995 | Val Cost:  -30.36 | Val Max P-Miss: 0.2844 | Val Max Q-Miss: 0.0203 | Val Max Gen Viol: 0.0117 | Val Max Thermal: 0.0000
Epoch 9030 | Val Loss: 35.7652 | Val Cost:  -30.36 | Val Max P-Miss: 0.3207 | Val Max Q-Miss: 0.0162 | Val Max Gen Viol: 0.0117 | Val Max Thermal: 0.0000
Epoch 9040 | Val Loss: 36.0902 | Val Cost:  -30.36 | Val Max P-Miss: 0.3047 | Val Max Q-Miss: 0.0292 | Val Max Gen Viol: 0.0117 | Val Max Thermal: 0.0000
Epoch 9050 | Val Loss: 35.3887 | Val Cost:  -30.36 | Val Max P-Miss: 0.2798 | Val Max Q-Miss: 0.0163 | Val Max Gen Viol: 0.0117 | Val Max Thermal: 0.0000
Epoch 9060 | Val Loss: 36.1635 | Val Cost:  -30.36 | Val Max P-Miss: 0.2991 | Val Max Q-Miss: 0.0200 | Val Max Gen Viol: 0.0117 | Val Max Thermal: 0.0000
Epoch 9070 | Val Loss: 36.4384 | Val Cost:  -30.36 | Val Max P-Miss: 0.3250 | Val Max Q-Miss: 0.0246 | Val Max Gen Viol: 0.0117 | Val Max Thermal: 0.0000
Epoch 9080 | Val Loss: 36.5138 | Val Cost:  -30.36 | Val Max P-Miss: 0.3012 | Val Max Q-Miss: 0.0279 | Val Max Gen Viol: 0.0117 | Val Max Thermal: 0.0000
Epoch 9090 | Val Loss: 36.7644 | Val Cost:  -30.36 | Val Max P-Miss: 0.3427 | Val Max Q-Miss: 0.0236 | Val Max Gen Viol: 0.0117 | Val Max Thermal: 0.0000
Epoch 9100 | Val Loss: 35.5967 | Val Cost:  -30.36 | Val Max P-Miss: 0.2996 | Val Max Q-Miss: 0.0217 | Val Max Gen Viol: 0.0117 | Val Max Thermal: 0.0000
Epoch 9110 | Val Loss: 35.6086 | Val Cost:  -30.36 | Val Max P-Miss: 0.2985 | Val Max Q-Miss: 0.0201 | Val Max Gen Viol: 0.0117 | Val Max Thermal: 0.0000
Epoch 9120 | Val Loss: 35.9792 | Val Cost:  -30.36 | Val Max P-Miss: 0.2906 | Val Max Q-Miss: 0.0245 | Val Max Gen Viol: 0.0117 | Val Max Thermal: 0.0000
Epoch 9130 | Val Loss: 35.2140 | Val Cost:  -30.36 | Val Max P-Miss: 0.2974 | Val Max Q-Miss: 0.0180 | Val Max Gen Viol: 0.0117 | Val Max Thermal: 0.0000
Epoch 9140 | Val Loss: 35.2195 | Val Cost:  -30.36 | Val Max P-Miss: 0.2708 | Val Max Q-Miss: 0.0176 | Val Max Gen Viol: 0.0117 | Val Max Thermal: 0.0000
Epoch 9150 | Val Loss: 35.9877 | Val Cost:  -30.36 | Val Max P-Miss: 0.3021 | Val Max Q-Miss: 0.0182 | Val Max Gen Viol: 0.0117 | Val Max Thermal: 0.0000
Epoch 9160 | Val Loss: 36.2898 | Val Cost:  -30.36 | Val Max P-Miss: 0.3237 | Val Max Q-Miss: 0.0194 | Val Max Gen Viol: 0.0117 | Val Max Thermal: 0.0000
Epoch 9170 | Val Loss: 35.7009 | Val Cost:  -30.36 | Val Max P-Miss: 0.2802 | Val Max Q-Miss: 0.0167 | Val Max Gen Viol: 0.0117 | Val Max Thermal: 0.0000
Epoch 9180 | Val Loss: 35.8199 | Val Cost:  -30.36 | Val Max P-Miss: 0.3041 | Val Max Q-Miss: 0.0169 | Val Max Gen Viol: 0.0117 | Val Max Thermal: 0.0000
Epoch 9190 | Val Loss: 35.4984 | Val Cost:  -30.36 | Val Max P-Miss: 0.3061 | Val Max Q-Miss: 0.0164 | Val Max Gen Viol: 0.0117 | Val Max Thermal: 0.0000
Epoch 9200 | Val Loss: 35.7236 | Val Cost:  -30.36 | Val Max P-Miss: 0.3040 | Val Max Q-Miss: 0.0247 | Val Max Gen Viol: 0.0117 | Val Max Thermal: 0.0000
Epoch 9210 | Val Loss: 35.7084 | Val Cost:  -30.36 | Val Max P-Miss: 0.2768 | Val Max Q-Miss: 0.0203 | Val Max Gen Viol: 0.0117 | Val Max Thermal: 0.0000
Epoch 9220 | Val Loss: 36.1620 | Val Cost:  -30.36 | Val Max P-Miss: 0.3292 | Val Max Q-Miss: 0.0226 | Val Max Gen Viol: 0.0117 | Val Max Thermal: 0.0000
Epoch 9230 | Val Loss: 35.4603 | Val Cost:  -30.36 | Val Max P-Miss: 0.2829 | Val Max Q-Miss: 0.0214 | Val Max Gen Viol: 0.0117 | Val Max Thermal: 0.0000
Epoch 9240 | Val Loss: 35.3076 | Val Cost:  -30.36 | Val Max P-Miss: 0.2764 | Val Max Q-Miss: 0.0144 | Val Max Gen Viol: 0.0117 | Val Max Thermal: 0.0000
Epoch 9250 | Val Loss: 35.6161 | Val Cost:  -30.36 | Val Max P-Miss: 0.3149 | Val Max Q-Miss: 0.0150 | Val Max Gen Viol: 0.0117 | Val Max Thermal: 0.0000
Epoch 9260 | Val Loss: 36.2345 | Val Cost:  -30.36 | Val Max P-Miss: 0.3177 | Val Max Q-Miss: 0.0230 | Val Max Gen Viol: 0.0117 | Val Max Thermal: 0.0000
Epoch 9270 | Val Loss: 35.2138 | Val Cost:  -30.36 | Val Max P-Miss: 0.3055 | Val Max Q-Miss: 0.0164 | Val Max Gen Viol: 0.0117 | Val Max Thermal: 0.0000
Epoch 9280 | Val Loss: 36.5643 | Val Cost:  -30.36 | Val Max P-Miss: 0.3129 | Val Max Q-Miss: 0.0269 | Val Max Gen Viol: 0.0117 | Val Max Thermal: 0.0000
Epoch 9290 | Val Loss: 35.6458 | Val Cost:  -30.36 | Val Max P-Miss: 0.2813 | Val Max Q-Miss: 0.0214 | Val Max Gen Viol: 0.0117 | Val Max Thermal: 0.0000
Epoch 9300 | Val Loss: 36.0754 | Val Cost:  -30.36 | Val Max P-Miss: 0.3134 | Val Max Q-Miss: 0.0190 | Val Max Gen Viol: 0.0117 | Val Max Thermal: 0.0000
Epoch 9310 | Val Loss: 36.2944 | Val Cost:  -30.36 | Val Max P-Miss: 0.3125 | Val Max Q-Miss: 0.0252 | Val Max Gen Viol: 0.0117 | Val Max Thermal: 0.0000
Epoch 9320 | Val Loss: 36.3492 | Val Cost:  -30.36 | Val Max P-Miss: 0.2943 | Val Max Q-Miss: 0.0240 | Val Max Gen Viol: 0.0117 | Val Max Thermal: 0.0000
Epoch 9330 | Val Loss: 36.0072 | Val Cost:  -30.36 | Val Max P-Miss: 0.3019 | Val Max Q-Miss: 0.0180 | Val Max Gen Viol: 0.0117 | Val Max Thermal: 0.0000
Epoch 9340 | Val Loss: 35.4973 | Val Cost:  -30.36 | Val Max P-Miss: 0.3023 | Val Max Q-Miss: 0.0141 | Val Max Gen Viol: 0.0117 | Val Max Thermal: 0.0000
Epoch 9350 | Val Loss: 35.8199 | Val Cost:  -30.36 | Val Max P-Miss: 0.3158 | Val Max Q-Miss: 0.0170 | Val Max Gen Viol: 0.0117 | Val Max Thermal: 0.0000
Epoch 9360 | Val Loss: 36.0314 | Val Cost:  -30.36 | Val Max P-Miss: 0.3202 | Val Max Q-Miss: 0.0226 | Val Max Gen Viol: 0.0117 | Val Max Thermal: 0.0000
Epoch 9370 | Val Loss: 36.1273 | Val Cost:  -30.36 | Val Max P-Miss: 0.2790 | Val Max Q-Miss: 0.0219 | Val Max Gen Viol: 0.0117 | Val Max Thermal: 0.0000
Epoch 9380 | Val Loss: 36.2891 | Val Cost:  -30.36 | Val Max P-Miss: 0.3042 | Val Max Q-Miss: 0.0236 | Val Max Gen Viol: 0.0117 | Val Max Thermal: 0.0000
Epoch 9390 | Val Loss: 35.0497 | Val Cost:  -30.36 | Val Max P-Miss: 0.2766 | Val Max Q-Miss: 0.0128 | Val Max Gen Viol: 0.0117 | Val Max Thermal: 0.0000
Epoch 9400 | Val Loss: 36.0395 | Val Cost:  -30.36 | Val Max P-Miss: 0.2973 | Val Max Q-Miss: 0.0211 | Val Max Gen Viol: 0.0117 | Val Max Thermal: 0.0000
Epoch 9410 | Val Loss: 35.7446 | Val Cost:  -30.36 | Val Max P-Miss: 0.2889 | Val Max Q-Miss: 0.0213 | Val Max Gen Viol: 0.0117 | Val Max Thermal: 0.0000
Epoch 9420 | Val Loss: 35.3778 | Val Cost:  -30.36 | Val Max P-Miss: 0.2804 | Val Max Q-Miss: 0.0237 | Val Max Gen Viol: 0.0117 | Val Max Thermal: 0.0000
Epoch 9430 | Val Loss: 35.8602 | Val Cost:  -30.36 | Val Max P-Miss: 0.2837 | Val Max Q-Miss: 0.0209 | Val Max Gen Viol: 0.0117 | Val Max Thermal: 0.0000
Epoch 9440 | Val Loss: 35.6346 | Val Cost:  -30.36 | Val Max P-Miss: 0.2838 | Val Max Q-Miss: 0.0185 | Val Max Gen Viol: 0.0117 | Val Max Thermal: 0.0000
Epoch 9450 | Val Loss: 36.2192 | Val Cost:  -30.36 | Val Max P-Miss: 0.2785 | Val Max Q-Miss: 0.0212 | Val Max Gen Viol: 0.0117 | Val Max Thermal: 0.0000
Epoch 9460 | Val Loss: 36.2202 | Val Cost:  -30.36 | Val Max P-Miss: 0.2900 | Val Max Q-Miss: 0.0272 | Val Max Gen Viol: 0.0117 | Val Max Thermal: 0.0000
Epoch 9470 | Val Loss: 36.8052 | Val Cost:  -30.35 | Val Max P-Miss: 0.2943 | Val Max Q-Miss: 0.0391 | Val Max Gen Viol: 0.0117 | Val Max Thermal: 0.0000
Epoch 9480 | Val Loss: 36.6110 | Val Cost:  -30.36 | Val Max P-Miss: 0.3108 | Val Max Q-Miss: 0.0311 | Val Max Gen Viol: 0.0117 | Val Max Thermal: 0.0000
Epoch 9490 | Val Loss: 36.4955 | Val Cost:  -30.35 | Val Max P-Miss: 0.2867 | Val Max Q-Miss: 0.0250 | Val Max Gen Viol: 0.0117 | Val Max Thermal: 0.0000
Epoch 9500 | Val Loss: 35.8998 | Val Cost:  -30.35 | Val Max P-Miss: 0.3138 | Val Max Q-Miss: 0.0266 | Val Max Gen Viol: 0.0117 | Val Max Thermal: 0.0000
Epoch 9510 | Val Loss: 36.5288 | Val Cost:  -30.35 | Val Max P-Miss: 0.2963 | Val Max Q-Miss: 0.0321 | Val Max Gen Viol: 0.0117 | Val Max Thermal: 0.0000
Epoch 9520 | Val Loss: 36.0997 | Val Cost:  -30.35 | Val Max P-Miss: 0.3091 | Val Max Q-Miss: 0.0287 | Val Max Gen Viol: 0.0117 | Val Max Thermal: 0.0000
Epoch 9530 | Val Loss: 35.8244 | Val Cost:  -30.35 | Val Max P-Miss: 0.2803 | Val Max Q-Miss: 0.0202 | Val Max Gen Viol: 0.0117 | Val Max Thermal: 0.0000
Epoch 9540 | Val Loss: 35.5104 | Val Cost:  -30.35 | Val Max P-Miss: 0.2755 | Val Max Q-Miss: 0.0210 | Val Max Gen Viol: 0.0117 | Val Max Thermal: 0.0000
Epoch 9550 | Val Loss: 35.8694 | Val Cost:  -30.35 | Val Max P-Miss: 0.2993 | Val Max Q-Miss: 0.0327 | Val Max Gen Viol: 0.0117 | Val Max Thermal: 0.0000
Epoch 9560 | Val Loss: 36.4926 | Val Cost:  -30.35 | Val Max P-Miss: 0.2895 | Val Max Q-Miss: 0.0389 | Val Max Gen Viol: 0.0117 | Val Max Thermal: 0.0000
Epoch 9570 | Val Loss: 36.4062 | Val Cost:  -30.35 | Val Max P-Miss: 0.2967 | Val Max Q-Miss: 0.0393 | Val Max Gen Viol: 0.0117 | Val Max Thermal: 0.0000
Epoch 9580 | Val Loss: 36.5584 | Val Cost:  -30.35 | Val Max P-Miss: 0.2880 | Val Max Q-Miss: 0.0391 | Val Max Gen Viol: 0.0117 | Val Max Thermal: 0.0000
Epoch 9590 | Val Loss: 35.7529 | Val Cost:  -30.35 | Val Max P-Miss: 0.2806 | Val Max Q-Miss: 0.0210 | Val Max Gen Viol: 0.0117 | Val Max Thermal: 0.0000
Epoch 9600 | Val Loss: 35.6737 | Val Cost:  -30.35 | Val Max P-Miss: 0.2787 | Val Max Q-Miss: 0.0308 | Val Max Gen Viol: 0.0117 | Val Max Thermal: 0.0000
Epoch 9610 | Val Loss: 36.5675 | Val Cost:  -30.35 | Val Max P-Miss: 0.2866 | Val Max Q-Miss: 0.0427 | Val Max Gen Viol: 0.0117 | Val Max Thermal: 0.0000
Epoch 9620 | Val Loss: 35.8669 | Val Cost:  -30.34 | Val Max P-Miss: 0.2776 | Val Max Q-Miss: 0.0408 | Val Max Gen Viol: 0.0117 | Val Max Thermal: 0.0000
Epoch 9630 | Val Loss: 35.8755 | Val Cost:  -30.34 | Val Max P-Miss: 0.2907 | Val Max Q-Miss: 0.0299 | Val Max Gen Viol: 0.0117 | Val Max Thermal: 0.0000
Epoch 9640 | Val Loss: 35.5920 | Val Cost:  -30.34 | Val Max P-Miss: 0.2797 | Val Max Q-Miss: 0.0389 | Val Max Gen Viol: 0.0117 | Val Max Thermal: 0.0000
Epoch 9650 | Val Loss: 36.0250 | Val Cost:  -30.34 | Val Max P-Miss: 0.2926 | Val Max Q-Miss: 0.0408 | Val Max Gen Viol: 0.0117 | Val Max Thermal: 0.0000
Epoch 9660 | Val Loss: 35.7978 | Val Cost:  -30.34 | Val Max P-Miss: 0.2892 | Val Max Q-Miss: 0.0358 | Val Max Gen Viol: 0.0117 | Val Max Thermal: 0.0000
Epoch 9670 | Val Loss: 36.0749 | Val Cost:  -30.34 | Val Max P-Miss: 0.2848 | Val Max Q-Miss: 0.0414 | Val Max Gen Viol: 0.0117 | Val Max Thermal: 0.0000
Epoch 9680 | Val Loss: 35.9817 | Val Cost:  -30.34 | Val Max P-Miss: 0.2825 | Val Max Q-Miss: 0.0370 | Val Max Gen Viol: 0.0117 | Val Max Thermal: 0.0000
Epoch 9690 | Val Loss: 35.0253 | Val Cost:  -30.34 | Val Max P-Miss: 0.2917 | Val Max Q-Miss: 0.0286 | Val Max Gen Viol: 0.0117 | Val Max Thermal: 0.0000
Epoch 9700 | Val Loss: 36.1612 | Val Cost:  -30.34 | Val Max P-Miss: 0.2789 | Val Max Q-Miss: 0.0314 | Val Max Gen Viol: 0.0117 | Val Max Thermal: 0.0000
Epoch 9710 | Val Loss: 34.9175 | Val Cost:  -30.34 | Val Max P-Miss: 0.2685 | Val Max Q-Miss: 0.0224 | Val Max Gen Viol: 0.0117 | Val Max Thermal: 0.0000
Epoch 9720 | Val Loss: 35.6889 | Val Cost:  -30.34 | Val Max P-Miss: 0.2777 | Val Max Q-Miss: 0.0349 | Val Max Gen Viol: 0.0117 | Val Max Thermal: 0.0000
Epoch 9730 | Val Loss: 36.4393 | Val Cost:  -30.34 | Val Max P-Miss: 0.2863 | Val Max Q-Miss: 0.0403 | Val Max Gen Viol: 0.0117 | Val Max Thermal: 0.0000
Epoch 9740 | Val Loss: 34.0293 | Val Cost:  -30.34 | Val Max P-Miss: 0.2613 | Val Max Q-Miss: 0.0203 | Val Max Gen Viol: 0.0117 | Val Max Thermal: 0.0000
Epoch 9750 | Val Loss: 35.6403 | Val Cost:  -30.34 | Val Max P-Miss: 0.2791 | Val Max Q-Miss: 0.0305 | Val Max Gen Viol: 0.0117 | Val Max Thermal: 0.0000
Epoch 9760 | Val Loss: 35.5049 | Val Cost:  -30.34 | Val Max P-Miss: 0.2817 | Val Max Q-Miss: 0.0275 | Val Max Gen Viol: 0.0117 | Val Max Thermal: 0.0000
Epoch 9770 | Val Loss: 35.5089 | Val Cost:  -30.34 | Val Max P-Miss: 0.2854 | Val Max Q-Miss: 0.0417 | Val Max Gen Viol: 0.0117 | Val Max Thermal: 0.0000
Epoch 9780 | Val Loss: 36.0795 | Val Cost:  -30.34 | Val Max P-Miss: 0.2868 | Val Max Q-Miss: 0.0367 | Val Max Gen Viol: 0.0117 | Val Max Thermal: 0.0000
Epoch 9790 | Val Loss: 35.7315 | Val Cost:  -30.34 | Val Max P-Miss: 0.2818 | Val Max Q-Miss: 0.0318 | Val Max Gen Viol: 0.0117 | Val Max Thermal: 0.0000
Epoch 9800 | Val Loss: 35.3753 | Val Cost:  -30.34 | Val Max P-Miss: 0.3109 | Val Max Q-Miss: 0.0265 | Val Max Gen Viol: 0.0117 | Val Max Thermal: 0.0000
Epoch 9810 | Val Loss: 35.0192 | Val Cost:  -30.34 | Val Max P-Miss: 0.2737 | Val Max Q-Miss: 0.0281 | Val Max Gen Viol: 0.0117 | Val Max Thermal: 0.0000
Epoch 9820 | Val Loss: 35.5794 | Val Cost:  -30.34 | Val Max P-Miss: 0.2781 | Val Max Q-Miss: 0.0298 | Val Max Gen Viol: 0.0117 | Val Max Thermal: 0.0000
Epoch 9830 | Val Loss: 34.5395 | Val Cost:  -30.34 | Val Max P-Miss: 0.2579 | Val Max Q-Miss: 0.0299 | Val Max Gen Viol: 0.0117 | Val Max Thermal: 0.0000
Epoch 9840 | Val Loss: 35.6535 | Val Cost:  -30.34 | Val Max P-Miss: 0.2715 | Val Max Q-Miss: 0.0311 | Val Max Gen Viol: 0.0117 | Val Max Thermal: 0.0000
Epoch 9850 | Val Loss: 36.0018 | Val Cost:  -30.34 | Val Max P-Miss: 0.2796 | Val Max Q-Miss: 0.0415 | Val Max Gen Viol: 0.0117 | Val Max Thermal: 0.0000
Epoch 9860 | Val Loss: 35.7912 | Val Cost:  -30.34 | Val Max P-Miss: 0.2824 | Val Max Q-Miss: 0.0333 | Val Max Gen Viol: 0.0117 | Val Max Thermal: 0.0000
Epoch 9870 | Val Loss: 35.4095 | Val Cost:  -30.34 | Val Max P-Miss: 0.2820 | Val Max Q-Miss: 0.0271 | Val Max Gen Viol: 0.0117 | Val Max Thermal: 0.0000
Epoch 9880 | Val Loss: 35.6439 | Val Cost:  -30.34 | Val Max P-Miss: 0.2824 | Val Max Q-Miss: 0.0358 | Val Max Gen Viol: 0.0117 | Val Max Thermal: 0.0000
Epoch 9890 | Val Loss: 35.2591 | Val Cost:  -30.34 | Val Max P-Miss: 0.2793 | Val Max Q-Miss: 0.0289 | Val Max Gen Viol: 0.0117 | Val Max Thermal: 0.0000
Epoch 9900 | Val Loss: 35.3448 | Val Cost:  -30.34 | Val Max P-Miss: 0.2669 | Val Max Q-Miss: 0.0291 | Val Max Gen Viol: 0.0117 | Val Max Thermal: 0.0000
Epoch 9910 | Val Loss: 36.0576 | Val Cost:  -30.34 | Val Max P-Miss: 0.2785 | Val Max Q-Miss: 0.0380 | Val Max Gen Viol: 0.0117 | Val Max Thermal: 0.0000
Epoch 9920 | Val Loss: 36.1330 | Val Cost:  -30.34 | Val Max P-Miss: 0.2814 | Val Max Q-Miss: 0.0343 | Val Max Gen Viol: 0.0117 | Val Max Thermal: 0.0000
Epoch 9930 | Val Loss: 35.5658 | Val Cost:  -30.34 | Val Max P-Miss: 0.2905 | Val Max Q-Miss: 0.0226 | Val Max Gen Viol: 0.0117 | Val Max Thermal: 0.0000
Epoch 9940 | Val Loss: 34.8771 | Val Cost:  -30.34 | Val Max P-Miss: 0.2676 | Val Max Q-Miss: 0.0269 | Val Max Gen Viol: 0.0117 | Val Max Thermal: 0.0000
Epoch 9950 | Val Loss: 35.8657 | Val Cost:  -30.34 | Val Max P-Miss: 0.2980 | Val Max Q-Miss: 0.0366 | Val Max Gen Viol: 0.0117 | Val Max Thermal: 0.0000
Epoch 9960 | Val Loss: 35.5466 | Val Cost:  -30.34 | Val Max P-Miss: 0.2833 | Val Max Q-Miss: 0.0355 | Val Max Gen Viol: 0.0117 | Val Max Thermal: 0.0000
Epoch 9970 | Val Loss: 35.8642 | Val Cost:  -30.34 | Val Max P-Miss: 0.2861 | Val Max Q-Miss: 0.0382 | Val Max Gen Viol: 0.0117 | Val Max Thermal: 0.0000
Epoch 9980 | Val Loss: 35.6060 | Val Cost:  -30.34 | Val Max P-Miss: 0.2808 | Val Max Q-Miss: 0.0271 | Val Max Gen Viol: 0.0117 | Val Max Thermal: 0.0000
Epoch 9990 | Val Loss: 35.2388 | Val Cost:  -30.34 | Val Max P-Miss: 0.2966 | Val Max Q-Miss: 0.0278 | Val Max Gen Viol: 0.0117 | Val Max Thermal: 0.0000

==================================================
Training Complete!
Total Training Time: 00h 37m 59.74s
Best model weights saved to: ./model/best_hardkkt_pglib_opf_case14_ieee_10000epochs_20260716_150140.pth
==================================================

