Job: acopf_ISS
Executing: ACOPF_pinn_rahul.py --case_name pglib_opf_case14_ieee --epochs 10000
Node: issnode1
GPU Allocated: 0
CUDA Hardware Acceleration Active: NVIDIA GeForce RTX 4090
Problem Geometry Linked -> Matrix Samples: 10000

Beginning execution of parallelized training matrix loops for Rahul KKT PINN...
Epoch    0 | Val Loss: 120596.6016 | Val Cost: 1917.58 | Val Max P-Miss: 0.6271 | Val Max Q-Miss: 0.4453 | Val Max Gen Viol: 1.1609 | Val Max Thermal: 0.0000 [*SAVED BEST*]
Epoch   10 | Val Loss: 111333.0469 | Val Cost: 1314.16 | Val Max P-Miss: 1.4652 | Val Max Q-Miss: 3.0345 | Val Max Gen Viol: 8.2525 | Val Max Thermal: 14.3631 [*SAVED BEST*]
Epoch   20 | Val Loss: 97883.2656 | Val Cost:  611.77 | Val Max P-Miss: 2.0995 | Val Max Q-Miss: 3.7308 | Val Max Gen Viol: 1.9409 | Val Max Thermal: 25.2517 [*SAVED BEST*]
Epoch   30 | Val Loss: 89280.7422 | Val Cost: 1026.88 | Val Max P-Miss: 1.2235 | Val Max Q-Miss: 4.6835 | Val Max Gen Viol: 2.6032 | Val Max Thermal: 0.0000 [*SAVED BEST*]
Epoch   40 | Val Loss: 250347.2969 | Val Cost: 4203.23 | Val Max P-Miss: 9.7070 | Val Max Q-Miss: 16.1705 | Val Max Gen Viol: 2.9206 | Val Max Thermal: 152.0695
Epoch   50 | Val Loss: 82098.3047 | Val Cost: -445.92 | Val Max P-Miss: 1.4763 | Val Max Q-Miss: 3.6735 | Val Max Gen Viol: 1.1755 | Val Max Thermal: 0.0000 [*SAVED BEST*]
Epoch   60 | Val Loss: 88231.0469 | Val Cost: 2589.95 | Val Max P-Miss: 3.3191 | Val Max Q-Miss: 5.8573 | Val Max Gen Viol: 3.8337 | Val Max Thermal: 60.1672
Epoch   70 | Val Loss: 75910.8906 | Val Cost: 1496.52 | Val Max P-Miss: 0.6590 | Val Max Q-Miss: 5.1329 | Val Max Gen Viol: 5.6060 | Val Max Thermal: 0.0000 [*SAVED BEST*]
Epoch   80 | Val Loss: 68272.5781 | Val Cost:  141.83 | Val Max P-Miss: 3.1637 | Val Max Q-Miss: 7.9146 | Val Max Gen Viol: 2.0595 | Val Max Thermal: 27.1060 [*SAVED BEST*]
Epoch   90 | Val Loss: 60171.8984 | Val Cost:  218.79 | Val Max P-Miss: 2.3644 | Val Max Q-Miss: 9.3580 | Val Max Gen Viol: 0.7246 | Val Max Thermal: 12.2333 [*SAVED BEST*]
Epoch  100 | Val Loss: 296246.5938 | Val Cost:  265.17 | Val Max P-Miss: 7.4536 | Val Max Q-Miss: 27.1880 | Val Max Gen Viol: 5.7333 | Val Max Thermal: 175.8335
Epoch  110 | Val Loss: 488953.3125 | Val Cost:   15.26 | Val Max P-Miss: 14.4477 | Val Max Q-Miss: 42.6838 | Val Max Gen Viol: 4.8112 | Val Max Thermal: 668.4471
Epoch  120 | Val Loss: 70258.2969 | Val Cost:  696.84 | Val Max P-Miss: 4.9250 | Val Max Q-Miss: 9.0305 | Val Max Gen Viol: 5.2157 | Val Max Thermal: 72.6369
Epoch  130 | Val Loss: 79937.5156 | Val Cost:  531.96 | Val Max P-Miss: 4.0438 | Val Max Q-Miss: 9.4630 | Val Max Gen Viol: 2.0586 | Val Max Thermal: 24.3527
Epoch  140 | Val Loss: 111222.9375 | Val Cost:  593.70 | Val Max P-Miss: 7.3775 | Val Max Q-Miss: 22.8830 | Val Max Gen Viol: 5.3319 | Val Max Thermal: 115.9695
Epoch  150 | Val Loss: 62647.8047 | Val Cost:  924.88 | Val Max P-Miss: 3.8176 | Val Max Q-Miss: 8.7043 | Val Max Gen Viol: 4.9738 | Val Max Thermal: 33.7899
Epoch  160 | Val Loss: 50518.8320 | Val Cost:  183.44 | Val Max P-Miss: 3.5132 | Val Max Q-Miss: 7.5583 | Val Max Gen Viol: 1.4271 | Val Max Thermal: 6.1049 [*SAVED BEST*]
Epoch  170 | Val Loss: 36559.4570 | Val Cost: -655.58 | Val Max P-Miss: 1.2925 | Val Max Q-Miss: 1.1969 | Val Max Gen Viol: 0.5100 | Val Max Thermal: 0.0000 [*SAVED BEST*]
Epoch  180 | Val Loss: 41466.3828 | Val Cost:  -74.64 | Val Max P-Miss: 7.9597 | Val Max Q-Miss: 8.8776 | Val Max Gen Viol: 2.2377 | Val Max Thermal: 50.1087
Epoch  190 | Val Loss: 32707.8828 | Val Cost: -608.52 | Val Max P-Miss: 2.4686 | Val Max Q-Miss: 1.4152 | Val Max Gen Viol: 1.6885 | Val Max Thermal: 0.0000 [*SAVED BEST*]
Epoch  200 | Val Loss: 49159.3438 | Val Cost:  -32.15 | Val Max P-Miss: 3.5531 | Val Max Q-Miss: 12.0670 | Val Max Gen Viol: 3.2695 | Val Max Thermal: 53.5685
Epoch  210 | Val Loss: 64307.5547 | Val Cost: -145.96 | Val Max P-Miss: 7.7800 | Val Max Q-Miss: 22.5578 | Val Max Gen Viol: 1.9062 | Val Max Thermal: 141.9254
Epoch  220 | Val Loss: 26298.3301 | Val Cost:  538.65 | Val Max P-Miss: 2.6269 | Val Max Q-Miss: 3.2825 | Val Max Gen Viol: 1.2624 | Val Max Thermal: 0.0000 [*SAVED BEST*]
Epoch  230 | Val Loss: 21415.1211 | Val Cost:  585.82 | Val Max P-Miss: 1.1032 | Val Max Q-Miss: 0.4360 | Val Max Gen Viol: 0.0367 | Val Max Thermal: 0.0000 [*SAVED BEST*]
Epoch  240 | Val Loss: 19693.4297 | Val Cost:  585.18 | Val Max P-Miss: 1.0963 | Val Max Q-Miss: 0.5015 | Val Max Gen Viol: 0.0423 | Val Max Thermal: 0.0000 [*SAVED BEST*]
Epoch  250 | Val Loss: 17651.0117 | Val Cost:  540.66 | Val Max P-Miss: 1.1242 | Val Max Q-Miss: 0.5208 | Val Max Gen Viol: 0.0456 | Val Max Thermal: 0.0000 [*SAVED BEST*]
Epoch  260 | Val Loss: 17069.9375 | Val Cost:  558.17 | Val Max P-Miss: 1.1047 | Val Max Q-Miss: 0.5422 | Val Max Gen Viol: 0.0529 | Val Max Thermal: 0.0000 [*SAVED BEST*]
Epoch  270 | Val Loss: 15855.6660 | Val Cost:  531.20 | Val Max P-Miss: 1.0717 | Val Max Q-Miss: 0.2031 | Val Max Gen Viol: 0.0569 | Val Max Thermal: 0.0000 [*SAVED BEST*]
Epoch  280 | Val Loss: 35099.4531 | Val Cost:  270.51 | Val Max P-Miss: 3.0177 | Val Max Q-Miss: 3.5991 | Val Max Gen Viol: 0.8285 | Val Max Thermal: 0.0034
Epoch  290 | Val Loss: 68800.7969 | Val Cost:   51.78 | Val Max P-Miss: 4.9677 | Val Max Q-Miss: 8.4273 | Val Max Gen Viol: 7.0765 | Val Max Thermal: 21.5683
Epoch  300 | Val Loss: 101773.6562 | Val Cost:  253.40 | Val Max P-Miss: 12.2625 | Val Max Q-Miss: 22.6814 | Val Max Gen Viol: 3.6752 | Val Max Thermal: 296.7717
Epoch  310 | Val Loss: 24443.8438 | Val Cost:  191.93 | Val Max P-Miss: 2.9501 | Val Max Q-Miss: 6.9485 | Val Max Gen Viol: 0.6887 | Val Max Thermal: 4.5124
Epoch  320 | Val Loss: 31252.1758 | Val Cost:  673.44 | Val Max P-Miss: 1.8701 | Val Max Q-Miss: 1.1297 | Val Max Gen Viol: 1.0951 | Val Max Thermal: 0.0000
Epoch  330 | Val Loss: 19894.1738 | Val Cost: -577.62 | Val Max P-Miss: 1.0187 | Val Max Q-Miss: 0.2393 | Val Max Gen Viol: 0.2643 | Val Max Thermal: 0.0000
Epoch  340 | Val Loss: 15399.7119 | Val Cost: -489.54 | Val Max P-Miss: 1.0996 | Val Max Q-Miss: 0.5833 | Val Max Gen Viol: 0.2233 | Val Max Thermal: 0.0000 [*SAVED BEST*]
Epoch  350 | Val Loss: 13418.4473 | Val Cost: -472.37 | Val Max P-Miss: 1.1062 | Val Max Q-Miss: 0.4145 | Val Max Gen Viol: 0.2150 | Val Max Thermal: 0.0000 [*SAVED BEST*]
Epoch  360 | Val Loss: 244611.2500 | Val Cost:  884.41 | Val Max P-Miss: 9.9366 | Val Max Q-Miss: 20.0224 | Val Max Gen Viol: 0.8433 | Val Max Thermal: 152.1490
Epoch  370 | Val Loss: 17825.6602 | Val Cost:  377.80 | Val Max P-Miss: 2.1976 | Val Max Q-Miss: 2.4690 | Val Max Gen Viol: 1.4486 | Val Max Thermal: 0.0000
Epoch  380 | Val Loss: 20795.9551 | Val Cost:   59.69 | Val Max P-Miss: 4.4605 | Val Max Q-Miss: 6.7182 | Val Max Gen Viol: 0.7425 | Val Max Thermal: 0.0000
Epoch  390 | Val Loss: 29968.5996 | Val Cost:  288.48 | Val Max P-Miss: 3.3232 | Val Max Q-Miss: 13.3316 | Val Max Gen Viol: 0.0895 | Val Max Thermal: 24.6947
Epoch  400 | Val Loss: 11070.2812 | Val Cost:  399.34 | Val Max P-Miss: 1.1065 | Val Max Q-Miss: 0.3504 | Val Max Gen Viol: 0.0338 | Val Max Thermal: 0.0000 [*SAVED BEST*]
Epoch  410 | Val Loss: 10699.0410 | Val Cost:  381.01 | Val Max P-Miss: 1.1060 | Val Max Q-Miss: 0.5893 | Val Max Gen Viol: 0.0571 | Val Max Thermal: 0.0000 [*SAVED BEST*]
Epoch  420 | Val Loss: 10701.5605 | Val Cost:  377.50 | Val Max P-Miss: 1.1069 | Val Max Q-Miss: 0.7396 | Val Max Gen Viol: 0.0974 | Val Max Thermal: 0.0000
Epoch  430 | Val Loss: 9692.9072 | Val Cost:  360.82 | Val Max P-Miss: 1.1176 | Val Max Q-Miss: 0.6170 | Val Max Gen Viol: 0.0334 | Val Max Thermal: 0.0000 [*SAVED BEST*]
Epoch  440 | Val Loss: 8674.1514 | Val Cost:  370.04 | Val Max P-Miss: 1.1106 | Val Max Q-Miss: 0.4782 | Val Max Gen Viol: 0.0542 | Val Max Thermal: 0.0000 [*SAVED BEST*]
Epoch  450 | Val Loss: 7614.1035 | Val Cost:  222.61 | Val Max P-Miss: 1.0975 | Val Max Q-Miss: 1.2721 | Val Max Gen Viol: 0.0301 | Val Max Thermal: 0.0000 [*SAVED BEST*]
Epoch  460 | Val Loss: 17153.5156 | Val Cost:   97.55 | Val Max P-Miss: 2.1755 | Val Max Q-Miss: 7.1690 | Val Max Gen Viol: 0.6669 | Val Max Thermal: 0.0000
Epoch  470 | Val Loss: 8188.3701 | Val Cost:  314.45 | Val Max P-Miss: 1.1409 | Val Max Q-Miss: 0.4598 | Val Max Gen Viol: 0.0734 | Val Max Thermal: 0.0000
Epoch  480 | Val Loss: 8410.9453 | Val Cost:  350.97 | Val Max P-Miss: 1.0988 | Val Max Q-Miss: 0.5073 | Val Max Gen Viol: 0.0283 | Val Max Thermal: 0.0000
Epoch  490 | Val Loss: 13095.9277 | Val Cost:  444.13 | Val Max P-Miss: 1.1169 | Val Max Q-Miss: 0.9019 | Val Max Gen Viol: 0.0689 | Val Max Thermal: 0.0000
Epoch  500 | Val Loss: 13630.6768 | Val Cost:  305.25 | Val Max P-Miss: 1.5057 | Val Max Q-Miss: 1.9690 | Val Max Gen Viol: 2.1351 | Val Max Thermal: 0.0000
Epoch  510 | Val Loss: 8045.5068 | Val Cost: -296.82 | Val Max P-Miss: 1.0875 | Val Max Q-Miss: 0.1986 | Val Max Gen Viol: 0.1382 | Val Max Thermal: 0.0000
Epoch  520 | Val Loss: 5853.9951 | Val Cost: -259.14 | Val Max P-Miss: 1.1096 | Val Max Q-Miss: 0.2171 | Val Max Gen Viol: 0.1190 | Val Max Thermal: 0.0000 [*SAVED BEST*]
Epoch  530 | Val Loss: 48562.2031 | Val Cost: -282.89 | Val Max P-Miss: 10.1333 | Val Max Q-Miss: 12.2858 | Val Max Gen Viol: 0.1881 | Val Max Thermal: 69.8743
Epoch  540 | Val Loss: 31912.8887 | Val Cost:  -67.53 | Val Max P-Miss: 4.6048 | Val Max Q-Miss: 7.5812 | Val Max Gen Viol: 3.4035 | Val Max Thermal: 30.1680
Epoch  550 | Val Loss: 23575.1094 | Val Cost: -116.43 | Val Max P-Miss: 5.9997 | Val Max Q-Miss: 12.1784 | Val Max Gen Viol: 1.4065 | Val Max Thermal: 29.9396
Epoch  560 | Val Loss: 7376.0547 | Val Cost:  302.75 | Val Max P-Miss: 1.0875 | Val Max Q-Miss: 0.4294 | Val Max Gen Viol: 0.0424 | Val Max Thermal: 0.0000
Epoch  570 | Val Loss: 3872.3884 | Val Cost:  198.94 | Val Max P-Miss: 1.0964 | Val Max Q-Miss: 0.4329 | Val Max Gen Viol: 0.0353 | Val Max Thermal: 0.0000 [*SAVED BEST*]
Epoch  580 | Val Loss: 3829.8091 | Val Cost:  212.01 | Val Max P-Miss: 1.0981 | Val Max Q-Miss: 0.4352 | Val Max Gen Viol: 0.0347 | Val Max Thermal: 0.0000 [*SAVED BEST*]
Epoch  590 | Val Loss: 32988.5781 | Val Cost:  282.99 | Val Max P-Miss: 2.6900 | Val Max Q-Miss: 2.7806 | Val Max Gen Viol: 1.2752 | Val Max Thermal: 0.3391
Epoch  600 | Val Loss: 5860.9263 | Val Cost: -227.44 | Val Max P-Miss: 1.1103 | Val Max Q-Miss: 0.4426 | Val Max Gen Viol: 0.1191 | Val Max Thermal: 0.0000
Epoch  610 | Val Loss: 4487.6504 | Val Cost: -203.24 | Val Max P-Miss: 1.0993 | Val Max Q-Miss: 0.5706 | Val Max Gen Viol: 0.0934 | Val Max Thermal: 0.0000
Epoch  620 | Val Loss: 4713.1157 | Val Cost: -243.34 | Val Max P-Miss: 1.1081 | Val Max Q-Miss: 0.4812 | Val Max Gen Viol: 0.1116 | Val Max Thermal: 0.0000
Epoch  630 | Val Loss: 4025.6362 | Val Cost: -228.59 | Val Max P-Miss: 1.1085 | Val Max Q-Miss: 0.4392 | Val Max Gen Viol: 0.1056 | Val Max Thermal: 0.0000
Epoch  640 | Val Loss: 16531.3398 | Val Cost: -243.73 | Val Max P-Miss: 2.2566 | Val Max Q-Miss: 2.2836 | Val Max Gen Viol: 0.1154 | Val Max Thermal: 0.0000
Epoch  650 | Val Loss: 2747.9568 | Val Cost:  178.83 | Val Max P-Miss: 1.1100 | Val Max Q-Miss: 0.4580 | Val Max Gen Viol: 0.0218 | Val Max Thermal: 0.0000 [*SAVED BEST*]
Epoch  660 | Val Loss: 3983.8042 | Val Cost:  230.75 | Val Max P-Miss: 1.1103 | Val Max Q-Miss: 0.4555 | Val Max Gen Viol: 0.0303 | Val Max Thermal: 0.0000
Epoch  670 | Val Loss: 2955.9658 | Val Cost:  193.42 | Val Max P-Miss: 1.1064 | Val Max Q-Miss: 0.4544 | Val Max Gen Viol: 0.0285 | Val Max Thermal: 0.0000
Epoch  680 | Val Loss: 1638.7952 | Val Cost:  136.76 | Val Max P-Miss: 1.1060 | Val Max Q-Miss: 0.4469 | Val Max Gen Viol: 0.0254 | Val Max Thermal: 0.0000 [*SAVED BEST*]
Epoch  690 | Val Loss: 26631.5820 | Val Cost: -102.35 | Val Max P-Miss: 2.4867 | Val Max Q-Miss: 6.9473 | Val Max Gen Viol: 2.3988 | Val Max Thermal: 2.9970
Epoch  700 | Val Loss: 36104.9844 | Val Cost:  143.19 | Val Max P-Miss: 1.6772 | Val Max Q-Miss: 4.8601 | Val Max Gen Viol: 3.9728 | Val Max Thermal: 3.5314
Epoch  710 | Val Loss: 8270.0127 | Val Cost: -301.28 | Val Max P-Miss: 1.0508 | Val Max Q-Miss: 1.7712 | Val Max Gen Viol: 0.6756 | Val Max Thermal: 0.0000
Epoch  720 | Val Loss: 5360.2739 | Val Cost: -257.74 | Val Max P-Miss: 1.1211 | Val Max Q-Miss: 0.4421 | Val Max Gen Viol: 0.1184 | Val Max Thermal: 0.0000
Epoch  730 | Val Loss: 2914.9133 | Val Cost: -181.35 | Val Max P-Miss: 1.1105 | Val Max Q-Miss: 0.4357 | Val Max Gen Viol: 0.0842 | Val Max Thermal: 0.0000
Epoch  740 | Val Loss: 3105.1707 | Val Cost: -193.18 | Val Max P-Miss: 1.1119 | Val Max Q-Miss: 0.4617 | Val Max Gen Viol: 0.0893 | Val Max Thermal: 0.0000
Epoch  750 | Val Loss: 3802.9099 | Val Cost: -222.58 | Val Max P-Miss: 1.1121 | Val Max Q-Miss: 0.4448 | Val Max Gen Viol: 0.1025 | Val Max Thermal: 0.0000
Epoch  760 | Val Loss: 5561.6733 | Val Cost: -114.46 | Val Max P-Miss: 1.2842 | Val Max Q-Miss: 2.2895 | Val Max Gen Viol: 0.1828 | Val Max Thermal: 0.0000
Epoch  770 | Val Loss: 3443.5957 | Val Cost: -194.76 | Val Max P-Miss: 1.0966 | Val Max Q-Miss: 0.4397 | Val Max Gen Viol: 0.0938 | Val Max Thermal: 0.0000
Epoch  780 | Val Loss: 4835.0459 | Val Cost: -229.18 | Val Max P-Miss: 1.1251 | Val Max Q-Miss: 1.1285 | Val Max Gen Viol: 0.1304 | Val Max Thermal: 0.0000
Epoch  790 | Val Loss: 2740.2512 | Val Cost: -193.26 | Val Max P-Miss: 1.1294 | Val Max Q-Miss: 0.4520 | Val Max Gen Viol: 0.0847 | Val Max Thermal: 0.0000
Epoch  800 | Val Loss: 4141.0225 | Val Cost: -231.35 | Val Max P-Miss: 1.0855 | Val Max Q-Miss: 0.4443 | Val Max Gen Viol: 0.1061 | Val Max Thermal: 0.0000
Epoch  810 | Val Loss: 2478.5984 | Val Cost: -176.45 | Val Max P-Miss: 1.1147 | Val Max Q-Miss: 0.4614 | Val Max Gen Viol: 0.0807 | Val Max Thermal: 0.0000
Epoch  820 | Val Loss: 2143.1436 | Val Cost: -162.46 | Val Max P-Miss: 1.1126 | Val Max Q-Miss: 0.4471 | Val Max Gen Viol: 0.0748 | Val Max Thermal: 0.0000
Epoch  830 | Val Loss: 2611.3071 | Val Cost: -182.12 | Val Max P-Miss: 1.1141 | Val Max Q-Miss: 0.4445 | Val Max Gen Viol: 0.0842 | Val Max Thermal: 0.0000
Epoch  840 | Val Loss: 7107.2988 | Val Cost:  -63.84 | Val Max P-Miss: 1.8861 | Val Max Q-Miss: 5.8663 | Val Max Gen Viol: 0.1610 | Val Max Thermal: 0.3733
Epoch  850 | Val Loss: 19566.1367 | Val Cost:  189.66 | Val Max P-Miss: 1.5624 | Val Max Q-Miss: 5.9984 | Val Max Gen Viol: 0.9404 | Val Max Thermal: 0.0000
Epoch  860 | Val Loss: 2074.0217 | Val Cost:  112.58 | Val Max P-Miss: 1.0207 | Val Max Q-Miss: 0.4520 | Val Max Gen Viol: 0.0820 | Val Max Thermal: 0.0000
Epoch  870 | Val Loss: 2466.9199 | Val Cost:  155.35 | Val Max P-Miss: 1.0940 | Val Max Q-Miss: 0.5987 | Val Max Gen Viol: 0.1610 | Val Max Thermal: 0.0000
Epoch  880 | Val Loss: 1292.6672 | Val Cost:  111.61 | Val Max P-Miss: 1.0960 | Val Max Q-Miss: 0.4456 | Val Max Gen Viol: 0.0251 | Val Max Thermal: 0.0000 [*SAVED BEST*]
Epoch  890 | Val Loss: 1168.1318 | Val Cost:  109.46 | Val Max P-Miss: 1.0969 | Val Max Q-Miss: 0.4490 | Val Max Gen Viol: 0.0261 | Val Max Thermal: 0.0000 [*SAVED BEST*]
Epoch  900 | Val Loss: 4327.5405 | Val Cost: -104.59 | Val Max P-Miss: 1.0719 | Val Max Q-Miss: 0.9238 | Val Max Gen Viol: 0.0602 | Val Max Thermal: 0.0000
Epoch  910 | Val Loss: 18741.3711 | Val Cost:  169.38 | Val Max P-Miss: 2.8599 | Val Max Q-Miss: 5.3852 | Val Max Gen Viol: 5.8046 | Val Max Thermal: 18.6345
Epoch  920 | Val Loss: 2626.6948 | Val Cost:  101.28 | Val Max P-Miss: 1.1271 | Val Max Q-Miss: 0.8652 | Val Max Gen Viol: 0.2899 | Val Max Thermal: 0.0000
Epoch  930 | Val Loss: 1283.4191 | Val Cost:  113.89 | Val Max P-Miss: 1.1000 | Val Max Q-Miss: 0.4487 | Val Max Gen Viol: 0.0509 | Val Max Thermal: 0.0000
Epoch  940 | Val Loss: 691.4847 | Val Cost:   78.10 | Val Max P-Miss: 1.1011 | Val Max Q-Miss: 0.4489 | Val Max Gen Viol: 0.0442 | Val Max Thermal: 0.0000 [*SAVED BEST*]
Epoch  950 | Val Loss: 1661.3043 | Val Cost:  136.65 | Val Max P-Miss: 1.1002 | Val Max Q-Miss: 0.4523 | Val Max Gen Viol: 0.0470 | Val Max Thermal: 0.0000
Epoch  960 | Val Loss: 1060.1616 | Val Cost:  105.23 | Val Max P-Miss: 1.1010 | Val Max Q-Miss: 0.4528 | Val Max Gen Viol: 0.0466 | Val Max Thermal: 0.0000
Epoch  970 | Val Loss: 937.3765 | Val Cost:   97.70 | Val Max P-Miss: 1.1016 | Val Max Q-Miss: 0.4471 | Val Max Gen Viol: 0.0470 | Val Max Thermal: 0.0000
Epoch  980 | Val Loss: 2170.2239 | Val Cost:  129.98 | Val Max P-Miss: 1.1113 | Val Max Q-Miss: 0.5126 | Val Max Gen Viol: 0.0532 | Val Max Thermal: 0.0000
Epoch  990 | Val Loss: 1649.2504 | Val Cost:  112.68 | Val Max P-Miss: 1.0776 | Val Max Q-Miss: 0.4652 | Val Max Gen Viol: 0.0630 | Val Max Thermal: 0.0000
Epoch 1000 | Val Loss: 665.4102 | Val Cost:   74.26 | Val Max P-Miss: 1.1357 | Val Max Q-Miss: 0.4522 | Val Max Gen Viol: 0.0334 | Val Max Thermal: 0.0000 [*SAVED BEST*]
Epoch 1010 | Val Loss: 1389.4978 | Val Cost:  122.98 | Val Max P-Miss: 1.1315 | Val Max Q-Miss: 0.4508 | Val Max Gen Viol: 0.0304 | Val Max Thermal: 0.0000
Epoch 1020 | Val Loss: 836.0344 | Val Cost:   92.68 | Val Max P-Miss: 1.1000 | Val Max Q-Miss: 0.4500 | Val Max Gen Viol: 0.0306 | Val Max Thermal: 0.0000
Epoch 1030 | Val Loss: 586.7444 | Val Cost:   68.71 | Val Max P-Miss: 1.1004 | Val Max Q-Miss: 0.4476 | Val Max Gen Viol: 0.0297 | Val Max Thermal: 0.0000 [*SAVED BEST*]
Epoch 1040 | Val Loss: 898.2754 | Val Cost:   95.07 | Val Max P-Miss: 1.1027 | Val Max Q-Miss: 0.4509 | Val Max Gen Viol: 0.0316 | Val Max Thermal: 0.0000
Epoch 1050 | Val Loss: 574.5095 | Val Cost:   72.28 | Val Max P-Miss: 1.1024 | Val Max Q-Miss: 0.4510 | Val Max Gen Viol: 0.0304 | Val Max Thermal: 0.0000 [*SAVED BEST*]
Epoch 1060 | Val Loss: 1459.9498 | Val Cost:  123.62 | Val Max P-Miss: 1.1050 | Val Max Q-Miss: 0.4067 | Val Max Gen Viol: 0.0318 | Val Max Thermal: 0.0000
Epoch 1070 | Val Loss: 894.1882 | Val Cost:   95.66 | Val Max P-Miss: 1.1023 | Val Max Q-Miss: 0.4554 | Val Max Gen Viol: 0.0327 | Val Max Thermal: 0.0000
Epoch 1080 | Val Loss: 866.8199 | Val Cost:   93.54 | Val Max P-Miss: 1.1016 | Val Max Q-Miss: 0.4533 | Val Max Gen Viol: 0.0329 | Val Max Thermal: 0.0000
Epoch 1090 | Val Loss: 2127.9744 | Val Cost:  152.11 | Val Max P-Miss: 1.0975 | Val Max Q-Miss: 0.4631 | Val Max Gen Viol: 0.0359 | Val Max Thermal: 0.0000
Epoch 1100 | Val Loss: 5061.5957 | Val Cost: -498.14 | Val Max P-Miss: 1.1712 | Val Max Q-Miss: 3.1764 | Val Max Gen Viol: 0.6248 | Val Max Thermal: 0.0000
Epoch 1110 | Val Loss: 1330.3632 | Val Cost: -127.10 | Val Max P-Miss: 1.0987 | Val Max Q-Miss: 0.4478 | Val Max Gen Viol: 0.4377 | Val Max Thermal: 0.0000
Epoch 1120 | Val Loss: 1565.0020 | Val Cost: -129.26 | Val Max P-Miss: 1.1081 | Val Max Q-Miss: 0.4473 | Val Max Gen Viol: 0.0596 | Val Max Thermal: 0.0000
Epoch 1130 | Val Loss: 806.2390 | Val Cost:  -87.93 | Val Max P-Miss: 1.1069 | Val Max Q-Miss: 0.4476 | Val Max Gen Viol: 0.0407 | Val Max Thermal: 0.0000
Epoch 1140 | Val Loss: 972.4303 | Val Cost:  -99.02 | Val Max P-Miss: 1.1082 | Val Max Q-Miss: 0.4451 | Val Max Gen Viol: 0.0457 | Val Max Thermal: 0.0000
Epoch 1150 | Val Loss: 1075.8228 | Val Cost: -105.32 | Val Max P-Miss: 1.1087 | Val Max Q-Miss: 0.4394 | Val Max Gen Viol: 0.0485 | Val Max Thermal: 0.0000
Epoch 1160 | Val Loss: 1285.7086 | Val Cost: -115.93 | Val Max P-Miss: 1.1108 | Val Max Q-Miss: 0.4819 | Val Max Gen Viol: 0.0536 | Val Max Thermal: 0.0000
Epoch 1170 | Val Loss: 1008.3434 | Val Cost:  -89.99 | Val Max P-Miss: 1.1194 | Val Max Q-Miss: 0.5557 | Val Max Gen Viol: 0.0687 | Val Max Thermal: 0.0000
Epoch 1180 | Val Loss: 1169.1744 | Val Cost:  -83.73 | Val Max P-Miss: 1.1375 | Val Max Q-Miss: 0.6131 | Val Max Gen Viol: 0.0400 | Val Max Thermal: 0.0000
Epoch 1190 | Val Loss: 1105.5287 | Val Cost:  -86.28 | Val Max P-Miss: 1.1225 | Val Max Q-Miss: 0.6204 | Val Max Gen Viol: 0.0877 | Val Max Thermal: 0.0000
Epoch 1200 | Val Loss: 908.1231 | Val Cost:  -93.28 | Val Max P-Miss: 1.1085 | Val Max Q-Miss: 0.4510 | Val Max Gen Viol: 0.0422 | Val Max Thermal: 0.0000
Epoch 1210 | Val Loss: 959.4340 | Val Cost:  -94.75 | Val Max P-Miss: 1.1105 | Val Max Q-Miss: 0.4536 | Val Max Gen Viol: 0.0430 | Val Max Thermal: 0.0000
Epoch 1220 | Val Loss: 20514.4375 | Val Cost:    7.11 | Val Max P-Miss: 8.8524 | Val Max Q-Miss: 9.0098 | Val Max Gen Viol: 0.7192 | Val Max Thermal: 46.4955
Epoch 1230 | Val Loss: 11410.7373 | Val Cost:  182.74 | Val Max P-Miss: 1.5819 | Val Max Q-Miss: 4.0045 | Val Max Gen Viol: 0.9332 | Val Max Thermal: 0.0000
Epoch 1240 | Val Loss: 1175.1599 | Val Cost:  -91.80 | Val Max P-Miss: 1.0816 | Val Max Q-Miss: 0.4423 | Val Max Gen Viol: 0.0540 | Val Max Thermal: 0.0000
Epoch 1250 | Val Loss: 1185.4197 | Val Cost: -104.75 | Val Max P-Miss: 1.0999 | Val Max Q-Miss: 0.4442 | Val Max Gen Viol: 0.0494 | Val Max Thermal: 0.0000
Epoch 1260 | Val Loss: 871.8040 | Val Cost:  -88.92 | Val Max P-Miss: 1.1001 | Val Max Q-Miss: 0.4441 | Val Max Gen Viol: 0.0511 | Val Max Thermal: 0.0000
Epoch 1270 | Val Loss: 964.6352 | Val Cost:  -96.12 | Val Max P-Miss: 1.1008 | Val Max Q-Miss: 0.4437 | Val Max Gen Viol: 0.0516 | Val Max Thermal: 0.0000
Epoch 1280 | Val Loss: 1151.9612 | Val Cost:   95.30 | Val Max P-Miss: 1.0859 | Val Max Q-Miss: 0.4330 | Val Max Gen Viol: 0.0469 | Val Max Thermal: 0.0000
Epoch 1290 | Val Loss: 902.7975 | Val Cost:   91.65 | Val Max P-Miss: 1.0957 | Val Max Q-Miss: 0.4476 | Val Max Gen Viol: 0.0590 | Val Max Thermal: 0.0000
Epoch 1300 | Val Loss: 733.6796 | Val Cost:   81.36 | Val Max P-Miss: 1.0961 | Val Max Q-Miss: 0.4479 | Val Max Gen Viol: 0.0597 | Val Max Thermal: 0.0000
Epoch 1310 | Val Loss: 634.0322 | Val Cost:   74.26 | Val Max P-Miss: 1.0962 | Val Max Q-Miss: 0.4469 | Val Max Gen Viol: 0.0607 | Val Max Thermal: 0.0000
Epoch 1320 | Val Loss: 532.9259 | Val Cost:   66.87 | Val Max P-Miss: 1.0964 | Val Max Q-Miss: 0.4465 | Val Max Gen Viol: 0.0622 | Val Max Thermal: 0.0000 [*SAVED BEST*]
Epoch 1330 | Val Loss: 448.3023 | Val Cost:   59.28 | Val Max P-Miss: 1.0965 | Val Max Q-Miss: 0.4467 | Val Max Gen Viol: 0.0636 | Val Max Thermal: 0.0000 [*SAVED BEST*]
Epoch 1340 | Val Loss: 18860.2617 | Val Cost:  -79.81 | Val Max P-Miss: 4.5348 | Val Max Q-Miss: 5.4512 | Val Max Gen Viol: 0.1341 | Val Max Thermal: 0.0000
Epoch 1350 | Val Loss: 914.4612 | Val Cost:  101.90 | Val Max P-Miss: 1.1036 | Val Max Q-Miss: 0.4521 | Val Max Gen Viol: 0.1300 | Val Max Thermal: 0.0000
Epoch 1360 | Val Loss: 640.1260 | Val Cost:   73.74 | Val Max P-Miss: 1.0986 | Val Max Q-Miss: 0.4474 | Val Max Gen Viol: 0.0409 | Val Max Thermal: 0.0000
Epoch 1370 | Val Loss: 521.6820 | Val Cost:   65.13 | Val Max P-Miss: 1.0986 | Val Max Q-Miss: 0.4477 | Val Max Gen Viol: 0.0405 | Val Max Thermal: 0.0000
Epoch 1380 | Val Loss: 432.2136 | Val Cost:   57.45 | Val Max P-Miss: 1.0991 | Val Max Q-Miss: 0.4475 | Val Max Gen Viol: 0.0410 | Val Max Thermal: 0.0000 [*SAVED BEST*]
Epoch 1390 | Val Loss: 361.1315 | Val Cost:   50.44 | Val Max P-Miss: 1.0994 | Val Max Q-Miss: 0.4471 | Val Max Gen Viol: 0.0422 | Val Max Thermal: 0.0000 [*SAVED BEST*]
Epoch 1400 | Val Loss: 310.8460 | Val Cost:   44.17 | Val Max P-Miss: 1.0996 | Val Max Q-Miss: 0.4471 | Val Max Gen Viol: 0.0433 | Val Max Thermal: 0.0000 [*SAVED BEST*]
Epoch 1410 | Val Loss: 685.9722 | Val Cost:   78.27 | Val Max P-Miss: 1.0974 | Val Max Q-Miss: 0.4495 | Val Max Gen Viol: 0.0447 | Val Max Thermal: 0.0000
Epoch 1420 | Val Loss: 606.0583 | Val Cost:   72.55 | Val Max P-Miss: 1.0975 | Val Max Q-Miss: 0.4486 | Val Max Gen Viol: 0.0457 | Val Max Thermal: 0.0000
Epoch 1430 | Val Loss: 516.0414 | Val Cost:   65.32 | Val Max P-Miss: 1.0978 | Val Max Q-Miss: 0.4484 | Val Max Gen Viol: 0.0468 | Val Max Thermal: 0.0000
Epoch 1440 | Val Loss: 438.6257 | Val Cost:   58.41 | Val Max P-Miss: 1.0980 | Val Max Q-Miss: 0.4488 | Val Max Gen Viol: 0.0475 | Val Max Thermal: 0.0000
Epoch 1450 | Val Loss: 377.0499 | Val Cost:   52.42 | Val Max P-Miss: 1.0981 | Val Max Q-Miss: 0.4479 | Val Max Gen Viol: 0.0486 | Val Max Thermal: 0.0000
Epoch 1460 | Val Loss: 6613.1001 | Val Cost:  -10.32 | Val Max P-Miss: 2.0361 | Val Max Q-Miss: 6.1629 | Val Max Gen Viol: 0.6935 | Val Max Thermal: 0.0000
Epoch 1470 | Val Loss: 718.9827 | Val Cost:  -75.63 | Val Max P-Miss: 1.1084 | Val Max Q-Miss: 0.4416 | Val Max Gen Viol: 0.0387 | Val Max Thermal: 0.0000
Epoch 1480 | Val Loss: 763.3059 | Val Cost:  -82.14 | Val Max P-Miss: 1.1096 | Val Max Q-Miss: 0.4445 | Val Max Gen Viol: 0.0373 | Val Max Thermal: 0.0000
Epoch 1490 | Val Loss: 827.4893 | Val Cost:  -86.65 | Val Max P-Miss: 1.1108 | Val Max Q-Miss: 0.4449 | Val Max Gen Viol: 0.0394 | Val Max Thermal: 0.0000
Epoch 1500 | Val Loss: 882.2022 | Val Cost:  -90.09 | Val Max P-Miss: 1.1117 | Val Max Q-Miss: 0.4450 | Val Max Gen Viol: 0.0410 | Val Max Thermal: 0.0000
Epoch 1510 | Val Loss: 886.0776 | Val Cost:  -87.09 | Val Max P-Miss: 1.1150 | Val Max Q-Miss: 0.4419 | Val Max Gen Viol: 0.0403 | Val Max Thermal: 0.0000
Epoch 1520 | Val Loss: 878.7399 | Val Cost:  -82.51 | Val Max P-Miss: 1.1165 | Val Max Q-Miss: 0.4394 | Val Max Gen Viol: 0.0387 | Val Max Thermal: 0.0000
Epoch 1530 | Val Loss: 727.6609 | Val Cost:  -70.79 | Val Max P-Miss: 1.1146 | Val Max Q-Miss: 0.4394 | Val Max Gen Viol: 0.0353 | Val Max Thermal: 0.0000
Epoch 1540 | Val Loss: 633.4190 | Val Cost:  -72.29 | Val Max P-Miss: 1.1139 | Val Max Q-Miss: 0.4462 | Val Max Gen Viol: 0.0330 | Val Max Thermal: 0.0000
Epoch 1550 | Val Loss: 619.8397 | Val Cost:  -70.85 | Val Max P-Miss: 1.1172 | Val Max Q-Miss: 0.4484 | Val Max Gen Viol: 0.0322 | Val Max Thermal: 0.0000
Epoch 1560 | Val Loss: 606.1758 | Val Cost:  -70.05 | Val Max P-Miss: 1.1178 | Val Max Q-Miss: 0.4491 | Val Max Gen Viol: 0.0326 | Val Max Thermal: 0.0000
Epoch 1570 | Val Loss: 649.6970 | Val Cost:  -70.86 | Val Max P-Miss: 1.1186 | Val Max Q-Miss: 0.4525 | Val Max Gen Viol: 0.0336 | Val Max Thermal: 0.0000
Epoch 1580 | Val Loss: 585.5114 | Val Cost:  -65.98 | Val Max P-Miss: 1.1233 | Val Max Q-Miss: 0.4471 | Val Max Gen Viol: 0.0332 | Val Max Thermal: 0.0000
Epoch 1590 | Val Loss: 608.4641 | Val Cost:  -63.41 | Val Max P-Miss: 1.1222 | Val Max Q-Miss: 0.4466 | Val Max Gen Viol: 0.0331 | Val Max Thermal: 0.0000
Epoch 1600 | Val Loss: 620.9117 | Val Cost:  -56.54 | Val Max P-Miss: 1.1231 | Val Max Q-Miss: 0.4445 | Val Max Gen Viol: 0.0346 | Val Max Thermal: 0.0000
Epoch 1610 | Val Loss: 827.7858 | Val Cost:  -85.72 | Val Max P-Miss: 1.1238 | Val Max Q-Miss: 0.4902 | Val Max Gen Viol: 0.0359 | Val Max Thermal: 0.0000
Epoch 1620 | Val Loss: 3033.7339 | Val Cost:  420.86 | Val Max P-Miss: 1.3144 | Val Max Q-Miss: 2.9722 | Val Max Gen Viol: 0.8926 | Val Max Thermal: 0.0000
Epoch 1630 | Val Loss: 640.9414 | Val Cost:  -66.84 | Val Max P-Miss: 1.1032 | Val Max Q-Miss: 0.4671 | Val Max Gen Viol: 0.1521 | Val Max Thermal: 0.0000
Epoch 1640 | Val Loss: 403.5901 | Val Cost:  -54.08 | Val Max P-Miss: 1.1076 | Val Max Q-Miss: 0.4442 | Val Max Gen Viol: 0.0556 | Val Max Thermal: 0.0000
Epoch 1650 | Val Loss: 382.1774 | Val Cost:  -52.28 | Val Max P-Miss: 1.1071 | Val Max Q-Miss: 0.4444 | Val Max Gen Viol: 0.0522 | Val Max Thermal: 0.0000
Epoch 1660 | Val Loss: 359.8283 | Val Cost:  -49.95 | Val Max P-Miss: 1.1072 | Val Max Q-Miss: 0.4443 | Val Max Gen Viol: 0.0520 | Val Max Thermal: 0.0000
Epoch 1670 | Val Loss: 343.2665 | Val Cost:  -48.29 | Val Max P-Miss: 1.1069 | Val Max Q-Miss: 0.4434 | Val Max Gen Viol: 0.0527 | Val Max Thermal: 0.0000
Epoch 1680 | Val Loss: 429.4438 | Val Cost:  -55.59 | Val Max P-Miss: 1.1061 | Val Max Q-Miss: 0.4429 | Val Max Gen Viol: 0.0535 | Val Max Thermal: 0.0000
Epoch 1690 | Val Loss: 455.7422 | Val Cost:  -58.59 | Val Max P-Miss: 1.1071 | Val Max Q-Miss: 0.4419 | Val Max Gen Viol: 0.0540 | Val Max Thermal: 0.0000
Epoch 1700 | Val Loss: 463.6285 | Val Cost:  -59.71 | Val Max P-Miss: 1.1083 | Val Max Q-Miss: 0.4418 | Val Max Gen Viol: 0.0549 | Val Max Thermal: 0.0000
Epoch 1710 | Val Loss: 458.5093 | Val Cost:  -59.37 | Val Max P-Miss: 1.1090 | Val Max Q-Miss: 0.4409 | Val Max Gen Viol: 0.0557 | Val Max Thermal: 0.0000
Epoch 1720 | Val Loss: 447.5308 | Val Cost:  -58.40 | Val Max P-Miss: 1.1096 | Val Max Q-Miss: 0.4409 | Val Max Gen Viol: 0.0567 | Val Max Thermal: 0.0000
Epoch 1730 | Val Loss: 433.9979 | Val Cost:  -57.07 | Val Max P-Miss: 1.1103 | Val Max Q-Miss: 0.4392 | Val Max Gen Viol: 0.0576 | Val Max Thermal: 0.0000
Epoch 1740 | Val Loss: 417.0356 | Val Cost:  -55.62 | Val Max P-Miss: 1.1108 | Val Max Q-Miss: 0.4360 | Val Max Gen Viol: 0.0586 | Val Max Thermal: 0.0000
Epoch 1750 | Val Loss: 407.7574 | Val Cost:  -54.59 | Val Max P-Miss: 1.1113 | Val Max Q-Miss: 0.4347 | Val Max Gen Viol: 0.0599 | Val Max Thermal: 0.0000
Epoch 1760 | Val Loss: 11535.1250 | Val Cost:  -71.02 | Val Max P-Miss: 2.7833 | Val Max Q-Miss: 3.4644 | Val Max Gen Viol: 0.0595 | Val Max Thermal: 0.0000
Epoch 1770 | Val Loss: 643.2467 | Val Cost:   57.89 | Val Max P-Miss: 1.0896 | Val Max Q-Miss: 0.4828 | Val Max Gen Viol: 0.0667 | Val Max Thermal: 0.0000
Epoch 1780 | Val Loss: 436.6090 | Val Cost:   56.69 | Val Max P-Miss: 1.0791 | Val Max Q-Miss: 0.4443 | Val Max Gen Viol: 0.0622 | Val Max Thermal: 0.0000
Epoch 1790 | Val Loss: 453.3218 | Val Cost:   58.20 | Val Max P-Miss: 1.0801 | Val Max Q-Miss: 0.4452 | Val Max Gen Viol: 0.0630 | Val Max Thermal: 0.0000
Epoch 1800 | Val Loss: 445.3097 | Val Cost:   56.56 | Val Max P-Miss: 1.0811 | Val Max Q-Miss: 0.4451 | Val Max Gen Viol: 0.0640 | Val Max Thermal: 0.0000
Epoch 1810 | Val Loss: 463.5611 | Val Cost:   58.69 | Val Max P-Miss: 1.0810 | Val Max Q-Miss: 0.4447 | Val Max Gen Viol: 0.0657 | Val Max Thermal: 0.0000
Epoch 1820 | Val Loss: 495.2263 | Val Cost:   61.48 | Val Max P-Miss: 1.0798 | Val Max Q-Miss: 0.4449 | Val Max Gen Viol: 0.0673 | Val Max Thermal: 0.0000
Epoch 1830 | Val Loss: 532.0222 | Val Cost:   64.48 | Val Max P-Miss: 1.0787 | Val Max Q-Miss: 0.4493 | Val Max Gen Viol: 0.0691 | Val Max Thermal: 0.0000
Epoch 1840 | Val Loss: 426.2769 | Val Cost:   55.35 | Val Max P-Miss: 1.0820 | Val Max Q-Miss: 0.4509 | Val Max Gen Viol: 0.0708 | Val Max Thermal: 0.0000
Epoch 1850 | Val Loss: 469.2047 | Val Cost:   58.83 | Val Max P-Miss: 1.0804 | Val Max Q-Miss: 0.4518 | Val Max Gen Viol: 0.0728 | Val Max Thermal: 0.0000
Epoch 1860 | Val Loss: 449.6418 | Val Cost:   57.06 | Val Max P-Miss: 1.0821 | Val Max Q-Miss: 0.4571 | Val Max Gen Viol: 0.0750 | Val Max Thermal: 0.0000
Epoch 1870 | Val Loss: 434.4448 | Val Cost:   54.44 | Val Max P-Miss: 1.0879 | Val Max Q-Miss: 0.4577 | Val Max Gen Viol: 0.0783 | Val Max Thermal: 0.0000
Epoch 1880 | Val Loss: 3394.7371 | Val Cost:   -2.70 | Val Max P-Miss: 2.0658 | Val Max Q-Miss: 3.3451 | Val Max Gen Viol: 0.7153 | Val Max Thermal: 0.0000
Epoch 1890 | Val Loss: 653.8534 | Val Cost:   47.44 | Val Max P-Miss: 1.1079 | Val Max Q-Miss: 0.4547 | Val Max Gen Viol: 0.0858 | Val Max Thermal: 0.0000
Epoch 1900 | Val Loss: 486.1213 | Val Cost:   55.73 | Val Max P-Miss: 1.1011 | Val Max Q-Miss: 0.4441 | Val Max Gen Viol: 0.0677 | Val Max Thermal: 0.0000
Epoch 1910 | Val Loss: 441.6476 | Val Cost:   53.72 | Val Max P-Miss: 1.1027 | Val Max Q-Miss: 0.4451 | Val Max Gen Viol: 0.0661 | Val Max Thermal: 0.0000
Epoch 1920 | Val Loss: 370.7428 | Val Cost:   48.17 | Val Max P-Miss: 1.1020 | Val Max Q-Miss: 0.4445 | Val Max Gen Viol: 0.0665 | Val Max Thermal: 0.0000
Epoch 1930 | Val Loss: 371.0257 | Val Cost:   48.61 | Val Max P-Miss: 1.1014 | Val Max Q-Miss: 0.4447 | Val Max Gen Viol: 0.0679 | Val Max Thermal: 0.0000
Epoch 1940 | Val Loss: 378.4816 | Val Cost:   49.35 | Val Max P-Miss: 1.1008 | Val Max Q-Miss: 0.4446 | Val Max Gen Viol: 0.0691 | Val Max Thermal: 0.0000
Epoch 1950 | Val Loss: 389.8534 | Val Cost:   50.23 | Val Max P-Miss: 1.0999 | Val Max Q-Miss: 0.4448 | Val Max Gen Viol: 0.0706 | Val Max Thermal: 0.0000
Epoch 1960 | Val Loss: 403.9094 | Val Cost:   51.22 | Val Max P-Miss: 1.0988 | Val Max Q-Miss: 0.4449 | Val Max Gen Viol: 0.0722 | Val Max Thermal: 0.0000
Epoch 1970 | Val Loss: 1984.0372 | Val Cost:  134.94 | Val Max P-Miss: 1.2836 | Val Max Q-Miss: 1.4558 | Val Max Gen Viol: 0.1660 | Val Max Thermal: 0.0000
Epoch 1980 | Val Loss: 367.9282 | Val Cost:   32.22 | Val Max P-Miss: 1.0854 | Val Max Q-Miss: 0.4491 | Val Max Gen Viol: 0.0547 | Val Max Thermal: 0.0000
Epoch 1990 | Val Loss: 345.9364 | Val Cost:   37.67 | Val Max P-Miss: 1.1023 | Val Max Q-Miss: 0.4454 | Val Max Gen Viol: 0.0489 | Val Max Thermal: 0.0000
Epoch 2000 | Val Loss: 350.6971 | Val Cost:   43.78 | Val Max P-Miss: 1.1022 | Val Max Q-Miss: 0.4462 | Val Max Gen Viol: 0.0494 | Val Max Thermal: 0.0000
Epoch 2010 | Val Loss: 359.1643 | Val Cost:   47.88 | Val Max P-Miss: 1.1022 | Val Max Q-Miss: 0.4463 | Val Max Gen Viol: 0.0503 | Val Max Thermal: 0.0000
Epoch 2020 | Val Loss: 369.8835 | Val Cost:   49.04 | Val Max P-Miss: 1.1020 | Val Max Q-Miss: 0.4466 | Val Max Gen Viol: 0.0512 | Val Max Thermal: 0.0000
Epoch 2030 | Val Loss: 381.6456 | Val Cost:   50.17 | Val Max P-Miss: 1.1019 | Val Max Q-Miss: 0.4468 | Val Max Gen Viol: 0.0525 | Val Max Thermal: 0.0000
Epoch 2040 | Val Loss: 394.9556 | Val Cost:   51.39 | Val Max P-Miss: 1.1017 | Val Max Q-Miss: 0.4467 | Val Max Gen Viol: 0.0534 | Val Max Thermal: 0.0000
Epoch 2050 | Val Loss: 409.2030 | Val Cost:   52.66 | Val Max P-Miss: 1.1016 | Val Max Q-Miss: 0.4472 | Val Max Gen Viol: 0.0550 | Val Max Thermal: 0.0000
Epoch 2060 | Val Loss: 424.8088 | Val Cost:   53.99 | Val Max P-Miss: 1.1013 | Val Max Q-Miss: 0.4470 | Val Max Gen Viol: 0.0561 | Val Max Thermal: 0.0000
Epoch 2070 | Val Loss: 441.7701 | Val Cost:   55.41 | Val Max P-Miss: 1.1011 | Val Max Q-Miss: 0.4472 | Val Max Gen Viol: 0.0578 | Val Max Thermal: 0.0000
Epoch 2080 | Val Loss: 460.6275 | Val Cost:   56.92 | Val Max P-Miss: 1.1009 | Val Max Q-Miss: 0.4476 | Val Max Gen Viol: 0.0595 | Val Max Thermal: 0.0000
Epoch 2090 | Val Loss: 482.1071 | Val Cost:   58.56 | Val Max P-Miss: 1.1006 | Val Max Q-Miss: 0.4481 | Val Max Gen Viol: 0.0616 | Val Max Thermal: 0.0000
Epoch 2100 | Val Loss: 495.5192 | Val Cost:   59.06 | Val Max P-Miss: 1.1008 | Val Max Q-Miss: 0.4482 | Val Max Gen Viol: 0.0634 | Val Max Thermal: 0.0000
Epoch 2110 | Val Loss: 489.2964 | Val Cost:   58.42 | Val Max P-Miss: 1.1006 | Val Max Q-Miss: 0.4479 | Val Max Gen Viol: 0.0655 | Val Max Thermal: 0.0000
Epoch 2120 | Val Loss: 498.8347 | Val Cost:   58.84 | Val Max P-Miss: 1.1001 | Val Max Q-Miss: 0.4484 | Val Max Gen Viol: 0.0677 | Val Max Thermal: 0.0000
Epoch 2130 | Val Loss: 516.3774 | Val Cost:   60.13 | Val Max P-Miss: 1.0995 | Val Max Q-Miss: 0.4498 | Val Max Gen Viol: 0.0704 | Val Max Thermal: 0.0000
Epoch 2140 | Val Loss: 523.7906 | Val Cost:   59.57 | Val Max P-Miss: 1.0990 | Val Max Q-Miss: 0.4515 | Val Max Gen Viol: 0.0737 | Val Max Thermal: 0.0000
Epoch 2150 | Val Loss: 432.9354 | Val Cost:   52.33 | Val Max P-Miss: 1.0991 | Val Max Q-Miss: 0.4513 | Val Max Gen Viol: 0.0760 | Val Max Thermal: 0.0000
Epoch 2160 | Val Loss: 392.4496 | Val Cost:   48.65 | Val Max P-Miss: 1.0993 | Val Max Q-Miss: 0.4485 | Val Max Gen Viol: 0.0795 | Val Max Thermal: 0.0000
Epoch 2170 | Val Loss: 411.8756 | Val Cost:   48.59 | Val Max P-Miss: 1.1013 | Val Max Q-Miss: 0.4576 | Val Max Gen Viol: 0.0831 | Val Max Thermal: 0.0000
Epoch 2180 | Val Loss: 423.8636 | Val Cost:   48.92 | Val Max P-Miss: 1.0997 | Val Max Q-Miss: 0.4541 | Val Max Gen Viol: 0.0859 | Val Max Thermal: 0.0000
Epoch 2190 | Val Loss: 2348.0425 | Val Cost:   35.04 | Val Max P-Miss: 1.0990 | Val Max Q-Miss: 2.1320 | Val Max Gen Viol: 1.5799 | Val Max Thermal: 0.0000
Epoch 2200 | Val Loss: 704.9575 | Val Cost:  -53.00 | Val Max P-Miss: 1.1974 | Val Max Q-Miss: 0.5010 | Val Max Gen Viol: 0.0819 | Val Max Thermal: 0.0000
Epoch 2210 | Val Loss: 365.4468 | Val Cost:  -46.24 | Val Max P-Miss: 1.1060 | Val Max Q-Miss: 0.4433 | Val Max Gen Viol: 0.0411 | Val Max Thermal: 0.0000
Epoch 2220 | Val Loss: 338.7455 | Val Cost:  -45.68 | Val Max P-Miss: 1.1040 | Val Max Q-Miss: 0.4437 | Val Max Gen Viol: 0.0434 | Val Max Thermal: 0.0000
Epoch 2230 | Val Loss: 322.3051 | Val Cost:  -44.05 | Val Max P-Miss: 1.1042 | Val Max Q-Miss: 0.4441 | Val Max Gen Viol: 0.0440 | Val Max Thermal: 0.0000
Epoch 2240 | Val Loss: 306.4453 | Val Cost:  -42.34 | Val Max P-Miss: 1.1042 | Val Max Q-Miss: 0.4439 | Val Max Gen Viol: 0.0451 | Val Max Thermal: 0.0000 [*SAVED BEST*]
Epoch 2250 | Val Loss: 290.4618 | Val Cost:  -40.51 | Val Max P-Miss: 1.1042 | Val Max Q-Miss: 0.4440 | Val Max Gen Viol: 0.0459 | Val Max Thermal: 0.0000 [*SAVED BEST*]
Epoch 2260 | Val Loss: 274.3503 | Val Cost:  -38.56 | Val Max P-Miss: 1.1041 | Val Max Q-Miss: 0.4443 | Val Max Gen Viol: 0.0469 | Val Max Thermal: 0.0000 [*SAVED BEST*]
Epoch 2270 | Val Loss: 269.5768 | Val Cost:  -37.98 | Val Max P-Miss: 1.1040 | Val Max Q-Miss: 0.4446 | Val Max Gen Viol: 0.0482 | Val Max Thermal: 0.0000 [*SAVED BEST*]
Epoch 2280 | Val Loss: 345.3817 | Val Cost:  -46.34 | Val Max P-Miss: 1.1040 | Val Max Q-Miss: 0.4430 | Val Max Gen Viol: 0.0492 | Val Max Thermal: 0.0000
Epoch 2290 | Val Loss: 360.1178 | Val Cost:  -47.16 | Val Max P-Miss: 1.1038 | Val Max Q-Miss: 0.4429 | Val Max Gen Viol: 0.0506 | Val Max Thermal: 0.0000
Epoch 2300 | Val Loss: 376.0222 | Val Cost:  -47.57 | Val Max P-Miss: 1.1036 | Val Max Q-Miss: 0.4430 | Val Max Gen Viol: 0.0518 | Val Max Thermal: 0.0000
Epoch 2310 | Val Loss: 359.6369 | Val Cost:  -47.44 | Val Max P-Miss: 1.1046 | Val Max Q-Miss: 0.4433 | Val Max Gen Viol: 0.0526 | Val Max Thermal: 0.0000
Epoch 2320 | Val Loss: 351.5873 | Val Cost:  -46.52 | Val Max P-Miss: 1.1045 | Val Max Q-Miss: 0.4425 | Val Max Gen Viol: 0.0540 | Val Max Thermal: 0.0000
Epoch 2330 | Val Loss: 354.5225 | Val Cost:  -46.02 | Val Max P-Miss: 1.1041 | Val Max Q-Miss: 0.4418 | Val Max Gen Viol: 0.0557 | Val Max Thermal: 0.0000
Epoch 2340 | Val Loss: 336.6912 | Val Cost:  -45.25 | Val Max P-Miss: 1.1044 | Val Max Q-Miss: 0.4417 | Val Max Gen Viol: 0.0574 | Val Max Thermal: 0.0000
Epoch 2350 | Val Loss: 320.6896 | Val Cost:  -43.51 | Val Max P-Miss: 1.1046 | Val Max Q-Miss: 0.4427 | Val Max Gen Viol: 0.0594 | Val Max Thermal: 0.0000
Epoch 2360 | Val Loss: 312.2704 | Val Cost:  -41.92 | Val Max P-Miss: 1.1051 | Val Max Q-Miss: 0.4451 | Val Max Gen Viol: 0.0615 | Val Max Thermal: 0.0000
Epoch 2370 | Val Loss: 320.9104 | Val Cost:  -43.44 | Val Max P-Miss: 1.1046 | Val Max Q-Miss: 0.4436 | Val Max Gen Viol: 0.0639 | Val Max Thermal: 0.0000
Epoch 2380 | Val Loss: 316.5719 | Val Cost:  -43.29 | Val Max P-Miss: 1.1045 | Val Max Q-Miss: 0.4443 | Val Max Gen Viol: 0.0657 | Val Max Thermal: 0.0000
Epoch 2390 | Val Loss: 293.5782 | Val Cost:  -37.86 | Val Max P-Miss: 1.1030 | Val Max Q-Miss: 0.4523 | Val Max Gen Viol: 0.0693 | Val Max Thermal: 0.0000
Epoch 2400 | Val Loss: 350.4432 | Val Cost:  -46.80 | Val Max P-Miss: 1.1053 | Val Max Q-Miss: 0.4500 | Val Max Gen Viol: 0.0711 | Val Max Thermal: 0.0000
Epoch 2410 | Val Loss: 316.0259 | Val Cost:  -42.70 | Val Max P-Miss: 1.1054 | Val Max Q-Miss: 0.4607 | Val Max Gen Viol: 0.0752 | Val Max Thermal: 0.0000
Epoch 2420 | Val Loss: 291.4134 | Val Cost:  -39.89 | Val Max P-Miss: 1.1053 | Val Max Q-Miss: 0.4585 | Val Max Gen Viol: 0.0791 | Val Max Thermal: 0.0000
Epoch 2430 | Val Loss: 295.7529 | Val Cost:  -39.92 | Val Max P-Miss: 1.1046 | Val Max Q-Miss: 0.4564 | Val Max Gen Viol: 0.0839 | Val Max Thermal: 0.0000
Epoch 2440 | Val Loss: 312.4528 | Val Cost:  -41.75 | Val Max P-Miss: 1.1039 | Val Max Q-Miss: 0.4584 | Val Max Gen Viol: 0.0879 | Val Max Thermal: 0.0000
Epoch 2450 | Val Loss: 3280.7827 | Val Cost:   -3.07 | Val Max P-Miss: 1.1328 | Val Max Q-Miss: 2.0414 | Val Max Gen Viol: 1.1731 | Val Max Thermal: 0.7931
Epoch 2460 | Val Loss: 382.9132 | Val Cost:   40.41 | Val Max P-Miss: 1.1043 | Val Max Q-Miss: 0.4601 | Val Max Gen Viol: 0.0778 | Val Max Thermal: 0.0000
Epoch 2470 | Val Loss: 305.6047 | Val Cost:   41.45 | Val Max P-Miss: 1.1019 | Val Max Q-Miss: 0.4477 | Val Max Gen Viol: 0.0628 | Val Max Thermal: 0.0000
Epoch 2480 | Val Loss: 315.7866 | Val Cost:   42.57 | Val Max P-Miss: 1.1017 | Val Max Q-Miss: 0.4485 | Val Max Gen Viol: 0.0629 | Val Max Thermal: 0.0000
Epoch 2490 | Val Loss: 327.1252 | Val Cost:   43.66 | Val Max P-Miss: 1.1014 | Val Max Q-Miss: 0.4490 | Val Max Gen Viol: 0.0639 | Val Max Thermal: 0.0000
Epoch 2500 | Val Loss: 334.8927 | Val Cost:   44.49 | Val Max P-Miss: 1.1009 | Val Max Q-Miss: 0.4489 | Val Max Gen Viol: 0.0652 | Val Max Thermal: 0.0000
Epoch 2510 | Val Loss: 336.9547 | Val Cost:   44.58 | Val Max P-Miss: 1.1003 | Val Max Q-Miss: 0.4472 | Val Max Gen Viol: 0.0666 | Val Max Thermal: 0.0000
Epoch 2520 | Val Loss: 323.1387 | Val Cost:   42.49 | Val Max P-Miss: 1.1001 | Val Max Q-Miss: 0.4475 | Val Max Gen Viol: 0.0680 | Val Max Thermal: 0.0000
Epoch 2530 | Val Loss: 335.2823 | Val Cost:   43.11 | Val Max P-Miss: 1.0995 | Val Max Q-Miss: 0.4478 | Val Max Gen Viol: 0.0696 | Val Max Thermal: 0.0000
Epoch 2540 | Val Loss: 351.6239 | Val Cost:   45.51 | Val Max P-Miss: 1.0977 | Val Max Q-Miss: 0.4477 | Val Max Gen Viol: 0.0709 | Val Max Thermal: 0.0000
Epoch 2550 | Val Loss: 371.0070 | Val Cost:   47.30 | Val Max P-Miss: 1.0980 | Val Max Q-Miss: 0.4508 | Val Max Gen Viol: 0.0730 | Val Max Thermal: 0.0000
Epoch 2560 | Val Loss: 282.4654 | Val Cost:   37.78 | Val Max P-Miss: 1.0978 | Val Max Q-Miss: 0.4545 | Val Max Gen Viol: 0.0743 | Val Max Thermal: 0.0000
Epoch 2570 | Val Loss: 297.6742 | Val Cost:   39.72 | Val Max P-Miss: 1.0922 | Val Max Q-Miss: 0.4489 | Val Max Gen Viol: 0.0763 | Val Max Thermal: 0.0000
Epoch 2580 | Val Loss: 321.8375 | Val Cost:   42.02 | Val Max P-Miss: 1.0906 | Val Max Q-Miss: 0.4504 | Val Max Gen Viol: 0.0788 | Val Max Thermal: 0.0000
Epoch 2590 | Val Loss: 337.5437 | Val Cost:   42.93 | Val Max P-Miss: 1.0969 | Val Max Q-Miss: 0.4592 | Val Max Gen Viol: 0.0811 | Val Max Thermal: 0.0000
Epoch 2600 | Val Loss: 291.7417 | Val Cost:   36.89 | Val Max P-Miss: 1.1290 | Val Max Q-Miss: 0.4616 | Val Max Gen Viol: 0.0830 | Val Max Thermal: 0.0000
Epoch 2610 | Val Loss: 272.8748 | Val Cost:   34.61 | Val Max P-Miss: 1.1257 | Val Max Q-Miss: 0.4742 | Val Max Gen Viol: 0.0847 | Val Max Thermal: 0.0000
Epoch 2620 | Val Loss: 247.6039 | Val Cost:   31.83 | Val Max P-Miss: 1.1148 | Val Max Q-Miss: 0.4608 | Val Max Gen Viol: 0.0874 | Val Max Thermal: 0.0000 [*SAVED BEST*]
Epoch 2630 | Val Loss: 4427.2266 | Val Cost:  -26.22 | Val Max P-Miss: 1.6087 | Val Max Q-Miss: 4.4578 | Val Max Gen Viol: 0.2997 | Val Max Thermal: 0.0000
Epoch 2640 | Val Loss: 407.0572 | Val Cost:  -76.28 | Val Max P-Miss: 1.1033 | Val Max Q-Miss: 0.4616 | Val Max Gen Viol: 0.0432 | Val Max Thermal: 0.0000
Epoch 2650 | Val Loss: 262.2330 | Val Cost:  -35.81 | Val Max P-Miss: 1.1041 | Val Max Q-Miss: 0.4444 | Val Max Gen Viol: 0.0453 | Val Max Thermal: 0.0000
Epoch 2660 | Val Loss: 246.0847 | Val Cost:  -34.64 | Val Max P-Miss: 1.1041 | Val Max Q-Miss: 0.4447 | Val Max Gen Viol: 0.0465 | Val Max Thermal: 0.0000 [*SAVED BEST*]
Epoch 2670 | Val Loss: 233.2566 | Val Cost:  -32.93 | Val Max P-Miss: 1.1040 | Val Max Q-Miss: 0.4448 | Val Max Gen Viol: 0.0478 | Val Max Thermal: 0.0000 [*SAVED BEST*]
Epoch 2680 | Val Loss: 221.4920 | Val Cost:  -31.24 | Val Max P-Miss: 1.1040 | Val Max Q-Miss: 0.4448 | Val Max Gen Viol: 0.0491 | Val Max Thermal: 0.0000 [*SAVED BEST*]
Epoch 2690 | Val Loss: 210.5720 | Val Cost:  -29.60 | Val Max P-Miss: 1.1040 | Val Max Q-Miss: 0.4448 | Val Max Gen Viol: 0.0503 | Val Max Thermal: 0.0000 [*SAVED BEST*]
Epoch 2700 | Val Loss: 200.3026 | Val Cost:  -27.96 | Val Max P-Miss: 1.1038 | Val Max Q-Miss: 0.4446 | Val Max Gen Viol: 0.0523 | Val Max Thermal: 0.0000 [*SAVED BEST*]
Epoch 2710 | Val Loss: 190.7210 | Val Cost:  -26.27 | Val Max P-Miss: 1.1038 | Val Max Q-Miss: 0.4449 | Val Max Gen Viol: 0.0540 | Val Max Thermal: 0.0000 [*SAVED BEST*]
Epoch 2720 | Val Loss: 181.7683 | Val Cost:  -24.83 | Val Max P-Miss: 1.1038 | Val Max Q-Miss: 0.4446 | Val Max Gen Viol: 0.0594 | Val Max Thermal: 0.0000 [*SAVED BEST*]
Epoch 2730 | Val Loss: 216.8174 | Val Cost:  -29.47 | Val Max P-Miss: 1.1037 | Val Max Q-Miss: 0.4452 | Val Max Gen Viol: 0.1673 | Val Max Thermal: 0.0000
Epoch 2740 | Val Loss: 225.2123 | Val Cost:  -31.84 | Val Max P-Miss: 1.1040 | Val Max Q-Miss: 0.4440 | Val Max Gen Viol: 0.0662 | Val Max Thermal: 0.0000
Epoch 2750 | Val Loss: 213.6142 | Val Cost:  -30.06 | Val Max P-Miss: 1.1040 | Val Max Q-Miss: 0.4438 | Val Max Gen Viol: 0.0686 | Val Max Thermal: 0.0000
Epoch 2760 | Val Loss: 203.2590 | Val Cost:  -28.40 | Val Max P-Miss: 1.1039 | Val Max Q-Miss: 0.4436 | Val Max Gen Viol: 0.0728 | Val Max Thermal: 0.0000
Epoch 2770 | Val Loss: 197.8305 | Val Cost:  -27.31 | Val Max P-Miss: 1.1039 | Val Max Q-Miss: 0.4440 | Val Max Gen Viol: 0.0777 | Val Max Thermal: 0.0000
Epoch 2780 | Val Loss: 264.8416 | Val Cost:  -28.99 | Val Max P-Miss: 1.1087 | Val Max Q-Miss: 0.4490 | Val Max Gen Viol: 0.0851 | Val Max Thermal: 0.0000
Epoch 2790 | Val Loss: 253.2892 | Val Cost:  -35.52 | Val Max P-Miss: 1.1044 | Val Max Q-Miss: 0.4445 | Val Max Gen Viol: 0.0758 | Val Max Thermal: 0.0000
Epoch 2800 | Val Loss: 249.0802 | Val Cost:  -34.62 | Val Max P-Miss: 1.1047 | Val Max Q-Miss: 0.4438 | Val Max Gen Viol: 0.0805 | Val Max Thermal: 0.0000
Epoch 2810 | Val Loss: 243.4433 | Val Cost:  -34.00 | Val Max P-Miss: 1.1047 | Val Max Q-Miss: 0.4442 | Val Max Gen Viol: 0.0867 | Val Max Thermal: 0.0000
Epoch 2820 | Val Loss: 232.2745 | Val Cost:  -32.50 | Val Max P-Miss: 1.1046 | Val Max Q-Miss: 0.4453 | Val Max Gen Viol: 0.0923 | Val Max Thermal: 0.0000
Epoch 2830 | Val Loss: 224.8138 | Val Cost:  -31.15 | Val Max P-Miss: 1.1046 | Val Max Q-Miss: 0.4443 | Val Max Gen Viol: 0.0967 | Val Max Thermal: 0.0000
Epoch 2840 | Val Loss: 229.6488 | Val Cost:  -31.51 | Val Max P-Miss: 1.1040 | Val Max Q-Miss: 0.4414 | Val Max Gen Viol: 0.1030 | Val Max Thermal: 0.0000
Epoch 2850 | Val Loss: 232.8528 | Val Cost:  -32.23 | Val Max P-Miss: 1.1042 | Val Max Q-Miss: 0.4409 | Val Max Gen Viol: 0.1086 | Val Max Thermal: 0.0000
Epoch 2860 | Val Loss: 236.4476 | Val Cost:  -32.44 | Val Max P-Miss: 1.1042 | Val Max Q-Miss: 0.4458 | Val Max Gen Viol: 0.1141 | Val Max Thermal: 0.0000
Epoch 2870 | Val Loss: 223.7895 | Val Cost:  -30.83 | Val Max P-Miss: 1.1043 | Val Max Q-Miss: 0.4431 | Val Max Gen Viol: 0.1186 | Val Max Thermal: 0.0000
Epoch 2880 | Val Loss: 330.1427 | Val Cost:  -42.71 | Val Max P-Miss: 1.1049 | Val Max Q-Miss: 0.4423 | Val Max Gen Viol: 0.1092 | Val Max Thermal: 0.0000
Epoch 2890 | Val Loss: 2304.6689 | Val Cost:  120.87 | Val Max P-Miss: 1.1620 | Val Max Q-Miss: 1.5223 | Val Max Gen Viol: 1.0956 | Val Max Thermal: 0.0000
Epoch 2900 | Val Loss: 265.7829 | Val Cost:   38.22 | Val Max P-Miss: 1.1032 | Val Max Q-Miss: 0.4424 | Val Max Gen Viol: 0.0826 | Val Max Thermal: 0.0000
Epoch 2910 | Val Loss: 276.7638 | Val Cost:   39.25 | Val Max P-Miss: 1.1029 | Val Max Q-Miss: 0.4429 | Val Max Gen Viol: 0.0818 | Val Max Thermal: 0.0000
Epoch 2920 | Val Loss: 291.5157 | Val Cost:   41.02 | Val Max P-Miss: 1.1025 | Val Max Q-Miss: 0.4427 | Val Max Gen Viol: 0.0849 | Val Max Thermal: 0.0000
Epoch 2930 | Val Loss: 307.4920 | Val Cost:   42.84 | Val Max P-Miss: 1.1021 | Val Max Q-Miss: 0.4426 | Val Max Gen Viol: 0.0884 | Val Max Thermal: 0.0000
Epoch 2940 | Val Loss: 324.1364 | Val Cost:   44.66 | Val Max P-Miss: 1.1019 | Val Max Q-Miss: 0.4423 | Val Max Gen Viol: 0.0921 | Val Max Thermal: 0.0000
Epoch 2950 | Val Loss: 341.5589 | Val Cost:   46.49 | Val Max P-Miss: 1.1013 | Val Max Q-Miss: 0.4422 | Val Max Gen Viol: 0.0960 | Val Max Thermal: 0.0000
Epoch 2960 | Val Loss: 372.6811 | Val Cost:   45.94 | Val Max P-Miss: 1.1045 | Val Max Q-Miss: 0.4405 | Val Max Gen Viol: 0.1007 | Val Max Thermal: 0.0000
Epoch 2970 | Val Loss: 276.7284 | Val Cost:   39.32 | Val Max P-Miss: 1.1011 | Val Max Q-Miss: 0.4417 | Val Max Gen Viol: 0.1051 | Val Max Thermal: 0.0000
Epoch 2980 | Val Loss: 294.7775 | Val Cost:   41.40 | Val Max P-Miss: 1.0997 | Val Max Q-Miss: 0.4414 | Val Max Gen Viol: 0.1102 | Val Max Thermal: 0.0000
Epoch 2990 | Val Loss: 314.0816 | Val Cost:   43.50 | Val Max P-Miss: 1.0988 | Val Max Q-Miss: 0.4413 | Val Max Gen Viol: 0.1152 | Val Max Thermal: 0.0000
Epoch 3000 | Val Loss: 326.5343 | Val Cost:   44.68 | Val Max P-Miss: 1.1161 | Val Max Q-Miss: 0.4432 | Val Max Gen Viol: 0.1201 | Val Max Thermal: 0.0000
Epoch 3010 | Val Loss: 255.2041 | Val Cost:   36.26 | Val Max P-Miss: 1.0935 | Val Max Q-Miss: 0.4412 | Val Max Gen Viol: 0.1252 | Val Max Thermal: 0.0000
Epoch 3020 | Val Loss: 268.2325 | Val Cost:   37.84 | Val Max P-Miss: 1.0939 | Val Max Q-Miss: 0.4423 | Val Max Gen Viol: 0.1299 | Val Max Thermal: 0.0000
Epoch 3030 | Val Loss: 282.2434 | Val Cost:   39.14 | Val Max P-Miss: 1.0920 | Val Max Q-Miss: 0.4440 | Val Max Gen Viol: 0.1334 | Val Max Thermal: 0.0000
Epoch 3040 | Val Loss: 293.0128 | Val Cost:   40.80 | Val Max P-Miss: 1.1064 | Val Max Q-Miss: 0.4447 | Val Max Gen Viol: 0.1381 | Val Max Thermal: 0.0000
Epoch 3050 | Val Loss: 275.5593 | Val Cost:   36.50 | Val Max P-Miss: 1.1363 | Val Max Q-Miss: 0.4528 | Val Max Gen Viol: 0.1396 | Val Max Thermal: 0.0000
Epoch 3060 | Val Loss: 252.9498 | Val Cost:   32.04 | Val Max P-Miss: 1.1199 | Val Max Q-Miss: 0.4617 | Val Max Gen Viol: 0.1359 | Val Max Thermal: 0.0000
Epoch 3070 | Val Loss: 244.4247 | Val Cost:   33.37 | Val Max P-Miss: 1.1186 | Val Max Q-Miss: 0.4478 | Val Max Gen Viol: 0.1448 | Val Max Thermal: 0.0000
Epoch 3080 | Val Loss: 266.2090 | Val Cost:   35.10 | Val Max P-Miss: 1.1102 | Val Max Q-Miss: 0.4488 | Val Max Gen Viol: 0.1464 | Val Max Thermal: 0.0000
Epoch 3090 | Val Loss: 260.2564 | Val Cost:   35.81 | Val Max P-Miss: 1.1144 | Val Max Q-Miss: 0.4473 | Val Max Gen Viol: 0.1521 | Val Max Thermal: 0.0000
Epoch 3100 | Val Loss: 268.5069 | Val Cost:   36.56 | Val Max P-Miss: 1.1261 | Val Max Q-Miss: 0.4452 | Val Max Gen Viol: 0.1573 | Val Max Thermal: 0.0000
Epoch 3110 | Val Loss: 272.4023 | Val Cost:   35.84 | Val Max P-Miss: 1.1367 | Val Max Q-Miss: 0.4497 | Val Max Gen Viol: 0.1589 | Val Max Thermal: 0.0000
Epoch 3120 | Val Loss: 264.1808 | Val Cost:   34.95 | Val Max P-Miss: 1.1046 | Val Max Q-Miss: 0.4462 | Val Max Gen Viol: 0.1623 | Val Max Thermal: 0.0000
Epoch 3130 | Val Loss: 255.0699 | Val Cost:   34.83 | Val Max P-Miss: 1.1076 | Val Max Q-Miss: 0.4440 | Val Max Gen Viol: 0.1659 | Val Max Thermal: 0.0000
Epoch 3140 | Val Loss: 2699.8508 | Val Cost:   19.28 | Val Max P-Miss: 1.1975 | Val Max Q-Miss: 2.4398 | Val Max Gen Viol: 0.2603 | Val Max Thermal: 0.8710
Epoch 3150 | Val Loss: 215.7786 | Val Cost:   47.40 | Val Max P-Miss: 1.1072 | Val Max Q-Miss: 0.4514 | Val Max Gen Viol: 0.0969 | Val Max Thermal: 0.0000
Epoch 3160 | Val Loss: 215.9837 | Val Cost:   30.93 | Val Max P-Miss: 1.1037 | Val Max Q-Miss: 0.4431 | Val Max Gen Viol: 0.1009 | Val Max Thermal: 0.0000
Epoch 3170 | Val Loss: 224.6135 | Val Cost:   32.06 | Val Max P-Miss: 1.1037 | Val Max Q-Miss: 0.4435 | Val Max Gen Viol: 0.1049 | Val Max Thermal: 0.0000
Epoch 3180 | Val Loss: 233.8946 | Val Cost:   33.37 | Val Max P-Miss: 1.1033 | Val Max Q-Miss: 0.4433 | Val Max Gen Viol: 0.1087 | Val Max Thermal: 0.0000
Epoch 3190 | Val Loss: 243.4979 | Val Cost:   34.66 | Val Max P-Miss: 1.1031 | Val Max Q-Miss: 0.4432 | Val Max Gen Viol: 0.1128 | Val Max Thermal: 0.0000
Epoch 3200 | Val Loss: 253.3268 | Val Cost:   35.91 | Val Max P-Miss: 1.1027 | Val Max Q-Miss: 0.4432 | Val Max Gen Viol: 0.1172 | Val Max Thermal: 0.0000
Epoch 3210 | Val Loss: 263.3820 | Val Cost:   37.10 | Val Max P-Miss: 1.1023 | Val Max Q-Miss: 0.4435 | Val Max Gen Viol: 0.1217 | Val Max Thermal: 0.0000
Epoch 3220 | Val Loss: 273.3380 | Val Cost:   38.20 | Val Max P-Miss: 1.1017 | Val Max Q-Miss: 0.4436 | Val Max Gen Viol: 0.1261 | Val Max Thermal: 0.0000
Epoch 3230 | Val Loss: 283.0103 | Val Cost:   39.25 | Val Max P-Miss: 1.1011 | Val Max Q-Miss: 0.4437 | Val Max Gen Viol: 0.1305 | Val Max Thermal: 0.0000
Epoch 3240 | Val Loss: 293.4797 | Val Cost:   40.46 | Val Max P-Miss: 1.1009 | Val Max Q-Miss: 0.4434 | Val Max Gen Viol: 0.1344 | Val Max Thermal: 0.0000
Epoch 3250 | Val Loss: 253.0485 | Val Cost:   35.08 | Val Max P-Miss: 1.1007 | Val Max Q-Miss: 0.4448 | Val Max Gen Viol: 0.1379 | Val Max Thermal: 0.0000
Epoch 3260 | Val Loss: 259.8355 | Val Cost:   35.85 | Val Max P-Miss: 1.0972 | Val Max Q-Miss: 0.4438 | Val Max Gen Viol: 0.1420 | Val Max Thermal: 0.0000
Epoch 3270 | Val Loss: 273.7407 | Val Cost:   37.18 | Val Max P-Miss: 1.0982 | Val Max Q-Miss: 0.4444 | Val Max Gen Viol: 0.1448 | Val Max Thermal: 0.0000
Epoch 3280 | Val Loss: 277.3140 | Val Cost:   36.99 | Val Max P-Miss: 1.1183 | Val Max Q-Miss: 0.4464 | Val Max Gen Viol: 0.1464 | Val Max Thermal: 0.0000
Epoch 3290 | Val Loss: 254.2570 | Val Cost:   32.60 | Val Max P-Miss: 1.1342 | Val Max Q-Miss: 0.4478 | Val Max Gen Viol: 0.1475 | Val Max Thermal: 0.0000
Epoch 3300 | Val Loss: 226.1610 | Val Cost:   28.70 | Val Max P-Miss: 1.1114 | Val Max Q-Miss: 0.4465 | Val Max Gen Viol: 0.1473 | Val Max Thermal: 0.0000
Epoch 3310 | Val Loss: 223.5842 | Val Cost:   26.90 | Val Max P-Miss: 1.1082 | Val Max Q-Miss: 0.4455 | Val Max Gen Viol: 0.1485 | Val Max Thermal: 0.0000
Epoch 3320 | Val Loss: 229.1095 | Val Cost:   24.45 | Val Max P-Miss: 1.1133 | Val Max Q-Miss: 0.4450 | Val Max Gen Viol: 0.1532 | Val Max Thermal: 0.0000
Epoch 3330 | Val Loss: 256.0595 | Val Cost:   23.00 | Val Max P-Miss: 1.1198 | Val Max Q-Miss: 0.4459 | Val Max Gen Viol: 0.1564 | Val Max Thermal: 0.0000
Epoch 3340 | Val Loss: 265.2867 | Val Cost:   21.80 | Val Max P-Miss: 1.1318 | Val Max Q-Miss: 0.4427 | Val Max Gen Viol: 0.1582 | Val Max Thermal: 0.0000
Epoch 3350 | Val Loss: 221.4433 | Val Cost:   21.40 | Val Max P-Miss: 1.1275 | Val Max Q-Miss: 0.4580 | Val Max Gen Viol: 0.1618 | Val Max Thermal: 0.0000
Epoch 3360 | Val Loss: 184.3520 | Val Cost:   -1.87 | Val Max P-Miss: 1.0806 | Val Max Q-Miss: 0.5173 | Val Max Gen Viol: 0.1081 | Val Max Thermal: 0.0000
Epoch 3370 | Val Loss: 289.0495 | Val Cost:   33.89 | Val Max P-Miss: 1.0940 | Val Max Q-Miss: 0.4649 | Val Max Gen Viol: 0.1179 | Val Max Thermal: 0.0000
Epoch 3380 | Val Loss: 250.8423 | Val Cost:   33.64 | Val Max P-Miss: 1.1037 | Val Max Q-Miss: 0.4404 | Val Max Gen Viol: 0.1456 | Val Max Thermal: 0.0000
Epoch 3390 | Val Loss: 245.1537 | Val Cost:   32.92 | Val Max P-Miss: 1.1026 | Val Max Q-Miss: 0.4386 | Val Max Gen Viol: 0.1551 | Val Max Thermal: 0.0000
Epoch 3400 | Val Loss: 259.9915 | Val Cost:   34.05 | Val Max P-Miss: 1.1025 | Val Max Q-Miss: 0.4387 | Val Max Gen Viol: 0.1628 | Val Max Thermal: 0.0000
Epoch 3410 | Val Loss: 273.9504 | Val Cost:   37.35 | Val Max P-Miss: 1.1023 | Val Max Q-Miss: 0.4390 | Val Max Gen Viol: 0.1685 | Val Max Thermal: 0.0000
Epoch 3420 | Val Loss: 296.5306 | Val Cost:   92.29 | Val Max P-Miss: 1.1022 | Val Max Q-Miss: 0.4389 | Val Max Gen Viol: 0.1723 | Val Max Thermal: 0.0000
Epoch 3430 | Val Loss: 274.4691 | Val Cost:   35.20 | Val Max P-Miss: 1.1020 | Val Max Q-Miss: 0.4392 | Val Max Gen Viol: 0.1766 | Val Max Thermal: 0.0000
Epoch 3440 | Val Loss: 290.1514 | Val Cost:   38.91 | Val Max P-Miss: 1.1018 | Val Max Q-Miss: 0.4396 | Val Max Gen Viol: 0.1770 | Val Max Thermal: 0.0000
Epoch 3450 | Val Loss: 215.1812 | Val Cost:   28.64 | Val Max P-Miss: 1.1020 | Val Max Q-Miss: 0.4386 | Val Max Gen Viol: 0.1852 | Val Max Thermal: 0.0000
Epoch 3460 | Val Loss: 239.2674 | Val Cost:   29.61 | Val Max P-Miss: 1.1015 | Val Max Q-Miss: 0.4402 | Val Max Gen Viol: 0.1813 | Val Max Thermal: 0.0000
Epoch 3470 | Val Loss: 254.7491 | Val Cost:   34.86 | Val Max P-Miss: 1.1016 | Val Max Q-Miss: 0.4385 | Val Max Gen Viol: 0.1838 | Val Max Thermal: 0.0000
Epoch 3480 | Val Loss: 253.5327 | Val Cost:   51.29 | Val Max P-Miss: 1.1029 | Val Max Q-Miss: 0.4505 | Val Max Gen Viol: 0.1807 | Val Max Thermal: 0.0000
Epoch 3490 | Val Loss: 1273.9000 | Val Cost:  -42.12 | Val Max P-Miss: 1.1509 | Val Max Q-Miss: 1.2351 | Val Max Gen Viol: 0.5558 | Val Max Thermal: 0.0000
Epoch 3500 | Val Loss: 203.3811 | Val Cost:   27.01 | Val Max P-Miss: 1.1042 | Val Max Q-Miss: 0.4457 | Val Max Gen Viol: 1.5482 | Val Max Thermal: 0.4956
Epoch 3510 | Val Loss: 214.1555 | Val Cost:   30.51 | Val Max P-Miss: 1.1028 | Val Max Q-Miss: 0.4436 | Val Max Gen Viol: 1.2433 | Val Max Thermal: 0.0000
Epoch 3520 | Val Loss: 228.2487 | Val Cost:   32.65 | Val Max P-Miss: 1.1025 | Val Max Q-Miss: 0.4434 | Val Max Gen Viol: 1.0419 | Val Max Thermal: 0.0000
Epoch 3530 | Val Loss: 244.2531 | Val Cost:   34.82 | Val Max P-Miss: 1.1021 | Val Max Q-Miss: 0.4438 | Val Max Gen Viol: 0.8733 | Val Max Thermal: 0.0000
Epoch 3540 | Val Loss: 259.9397 | Val Cost:   36.78 | Val Max P-Miss: 1.1016 | Val Max Q-Miss: 0.4439 | Val Max Gen Viol: 0.7298 | Val Max Thermal: 0.0000
Epoch 3550 | Val Loss: 270.3652 | Val Cost:   37.83 | Val Max P-Miss: 1.1011 | Val Max Q-Miss: 0.4441 | Val Max Gen Viol: 0.6061 | Val Max Thermal: 0.0000
Epoch 3560 | Val Loss: 285.2560 | Val Cost:   39.58 | Val Max P-Miss: 1.1018 | Val Max Q-Miss: 0.4464 | Val Max Gen Viol: 0.4998 | Val Max Thermal: 0.0000
Epoch 3570 | Val Loss: 214.4086 | Val Cost:   30.07 | Val Max P-Miss: 1.1022 | Val Max Q-Miss: 0.4455 | Val Max Gen Viol: 0.4056 | Val Max Thermal: 0.0000
Epoch 3580 | Val Loss: 227.8390 | Val Cost:   31.95 | Val Max P-Miss: 1.0984 | Val Max Q-Miss: 0.4436 | Val Max Gen Viol: 0.3356 | Val Max Thermal: 0.0000
Epoch 3590 | Val Loss: 246.9755 | Val Cost:   34.21 | Val Max P-Miss: 1.0969 | Val Max Q-Miss: 0.4440 | Val Max Gen Viol: 0.2751 | Val Max Thermal: 0.0000
Epoch 3600 | Val Loss: 263.7482 | Val Cost:   36.25 | Val Max P-Miss: 1.1005 | Val Max Q-Miss: 0.4443 | Val Max Gen Viol: 0.2210 | Val Max Thermal: 0.0000
Epoch 3610 | Val Loss: 239.3502 | Val Cost:   31.36 | Val Max P-Miss: 1.1286 | Val Max Q-Miss: 0.4460 | Val Max Gen Viol: 0.1702 | Val Max Thermal: 0.0000
Epoch 3620 | Val Loss: 232.9509 | Val Cost:   30.39 | Val Max P-Miss: 1.1003 | Val Max Q-Miss: 0.4396 | Val Max Gen Viol: 0.1528 | Val Max Thermal: 0.0000
Epoch 3630 | Val Loss: 251.4381 | Val Cost:   32.29 | Val Max P-Miss: 1.1208 | Val Max Q-Miss: 0.4487 | Val Max Gen Viol: 0.1551 | Val Max Thermal: 0.0000
Epoch 3640 | Val Loss: 217.7096 | Val Cost:   27.95 | Val Max P-Miss: 1.1272 | Val Max Q-Miss: 0.4656 | Val Max Gen Viol: 0.1561 | Val Max Thermal: 0.0000
Epoch 3650 | Val Loss: 206.1503 | Val Cost:   25.44 | Val Max P-Miss: 1.1103 | Val Max Q-Miss: 0.4573 | Val Max Gen Viol: 0.1604 | Val Max Thermal: 0.0000
Epoch 3660 | Val Loss: 197.6576 | Val Cost:   29.66 | Val Max P-Miss: 1.1090 | Val Max Q-Miss: 0.4608 | Val Max Gen Viol: 0.1606 | Val Max Thermal: 0.0000
Epoch 3670 | Val Loss: 183.7289 | Val Cost:   35.00 | Val Max P-Miss: 1.1104 | Val Max Q-Miss: 0.4530 | Val Max Gen Viol: 0.1647 | Val Max Thermal: 0.0000
Epoch 3680 | Val Loss: 177.9619 | Val Cost:   35.45 | Val Max P-Miss: 1.1215 | Val Max Q-Miss: 0.4442 | Val Max Gen Viol: 0.1689 | Val Max Thermal: 0.0000 [*SAVED BEST*]
Epoch 3690 | Val Loss: 1307.2328 | Val Cost:   20.68 | Val Max P-Miss: 0.8353 | Val Max Q-Miss: 0.8210 | Val Max Gen Viol: 0.2738 | Val Max Thermal: 0.0000
Epoch 3700 | Val Loss: 243.3597 | Val Cost:   31.30 | Val Max P-Miss: 1.1053 | Val Max Q-Miss: 0.4459 | Val Max Gen Viol: 0.0845 | Val Max Thermal: 0.0000
Epoch 3710 | Val Loss: 256.5985 | Val Cost:   34.95 | Val Max P-Miss: 1.1021 | Val Max Q-Miss: 0.4455 | Val Max Gen Viol: 0.0965 | Val Max Thermal: 0.0000
Epoch 3720 | Val Loss: 271.1443 | Val Cost:   36.16 | Val Max P-Miss: 1.1021 | Val Max Q-Miss: 0.4458 | Val Max Gen Viol: 0.1125 | Val Max Thermal: 0.0000
Epoch 3730 | Val Loss: 287.6999 | Val Cost:   37.06 | Val Max P-Miss: 1.1015 | Val Max Q-Miss: 0.4428 | Val Max Gen Viol: 0.1316 | Val Max Thermal: 0.0000
Epoch 3740 | Val Loss: 308.9512 | Val Cost:   60.09 | Val Max P-Miss: 1.1013 | Val Max Q-Miss: 0.4391 | Val Max Gen Viol: 0.1499 | Val Max Thermal: 0.0000
Epoch 3750 | Val Loss: 237.3443 | Val Cost:   31.09 | Val Max P-Miss: 1.1017 | Val Max Q-Miss: 0.4415 | Val Max Gen Viol: 0.1620 | Val Max Thermal: 0.0000
Epoch 3760 | Val Loss: 254.2083 | Val Cost:   33.77 | Val Max P-Miss: 1.1016 | Val Max Q-Miss: 0.4411 | Val Max Gen Viol: 0.1772 | Val Max Thermal: 0.0000
Epoch 3770 | Val Loss: 275.2180 | Val Cost:   35.11 | Val Max P-Miss: 1.1013 | Val Max Q-Miss: 0.4399 | Val Max Gen Viol: 0.1894 | Val Max Thermal: 0.0000
Epoch 3780 | Val Loss: 297.4065 | Val Cost:   63.71 | Val Max P-Miss: 1.1010 | Val Max Q-Miss: 0.4399 | Val Max Gen Viol: 0.1958 | Val Max Thermal: 0.0000
Epoch 3790 | Val Loss: 260.6547 | Val Cost:   34.54 | Val Max P-Miss: 1.1013 | Val Max Q-Miss: 0.4394 | Val Max Gen Viol: 0.2067 | Val Max Thermal: 0.0000
Epoch 3800 | Val Loss: 282.4720 | Val Cost:   39.56 | Val Max P-Miss: 1.1009 | Val Max Q-Miss: 0.4398 | Val Max Gen Viol: 0.2081 | Val Max Thermal: 0.0000
Epoch 3810 | Val Loss: 261.4878 | Val Cost:   34.73 | Val Max P-Miss: 1.1026 | Val Max Q-Miss: 0.4695 | Val Max Gen Viol: 0.1844 | Val Max Thermal: 0.0000
Epoch 3820 | Val Loss: 244.5786 | Val Cost:   34.76 | Val Max P-Miss: 1.1002 | Val Max Q-Miss: 0.4344 | Val Max Gen Viol: 0.2146 | Val Max Thermal: 0.0000
Epoch 3830 | Val Loss: 213.3009 | Val Cost:   24.44 | Val Max P-Miss: 1.1037 | Val Max Q-Miss: 0.4490 | Val Max Gen Viol: 0.1963 | Val Max Thermal: 0.0000
Epoch 3840 | Val Loss: 700.0570 | Val Cost:   76.79 | Val Max P-Miss: 1.1706 | Val Max Q-Miss: 0.6018 | Val Max Gen Viol: 0.3238 | Val Max Thermal: 0.0000
Epoch 3850 | Val Loss: 314.6057 | Val Cost:   43.20 | Val Max P-Miss: 1.0940 | Val Max Q-Miss: 0.4525 | Val Max Gen Viol: 0.0856 | Val Max Thermal: 0.0000
Epoch 3860 | Val Loss: 280.8654 | Val Cost:   39.60 | Val Max P-Miss: 1.1038 | Val Max Q-Miss: 0.4359 | Val Max Gen Viol: 0.0951 | Val Max Thermal: 0.0000
Epoch 3870 | Val Loss: 254.4577 | Val Cost:   36.29 | Val Max P-Miss: 1.1048 | Val Max Q-Miss: 0.4270 | Val Max Gen Viol: 0.1115 | Val Max Thermal: 0.0000
Epoch 3880 | Val Loss: 257.7337 | Val Cost:   37.01 | Val Max P-Miss: 1.1041 | Val Max Q-Miss: 0.4330 | Val Max Gen Viol: 0.1203 | Val Max Thermal: 0.0000
Epoch 3890 | Val Loss: 275.7532 | Val Cost:   39.30 | Val Max P-Miss: 1.1039 | Val Max Q-Miss: 0.4332 | Val Max Gen Viol: 0.1297 | Val Max Thermal: 0.0000
Epoch 3900 | Val Loss: 293.9223 | Val Cost:   41.33 | Val Max P-Miss: 1.1032 | Val Max Q-Miss: 0.4312 | Val Max Gen Viol: 0.1407 | Val Max Thermal: 0.0000
Epoch 3910 | Val Loss: 306.6300 | Val Cost:   41.43 | Val Max P-Miss: 1.1020 | Val Max Q-Miss: 0.4286 | Val Max Gen Viol: 0.1515 | Val Max Thermal: 0.0000
Epoch 3920 | Val Loss: 293.2180 | Val Cost:    9.04 | Val Max P-Miss: 1.1024 | Val Max Q-Miss: 0.4355 | Val Max Gen Viol: 0.1654 | Val Max Thermal: 0.0000
Epoch 3930 | Val Loss: 206.3686 | Val Cost:   30.68 | Val Max P-Miss: 1.1030 | Val Max Q-Miss: 0.4374 | Val Max Gen Viol: 0.1785 | Val Max Thermal: 0.0000
Epoch 3940 | Val Loss: 223.0616 | Val Cost:   32.69 | Val Max P-Miss: 1.1027 | Val Max Q-Miss: 0.4372 | Val Max Gen Viol: 0.1918 | Val Max Thermal: 0.0000
Epoch 3950 | Val Loss: 240.0540 | Val Cost:   35.13 | Val Max P-Miss: 1.1023 | Val Max Q-Miss: 0.4373 | Val Max Gen Viol: 0.2026 | Val Max Thermal: 0.0000
Epoch 3960 | Val Loss: 257.8795 | Val Cost:   37.53 | Val Max P-Miss: 1.1021 | Val Max Q-Miss: 0.4374 | Val Max Gen Viol: 0.2116 | Val Max Thermal: 0.0000
Epoch 3970 | Val Loss: 276.4660 | Val Cost:   39.87 | Val Max P-Miss: 1.1017 | Val Max Q-Miss: 0.4377 | Val Max Gen Viol: 0.2197 | Val Max Thermal: 0.0000
Epoch 3980 | Val Loss: 264.3969 | Val Cost:   38.36 | Val Max P-Miss: 1.1007 | Val Max Q-Miss: 0.4385 | Val Max Gen Viol: 0.2258 | Val Max Thermal: 0.0000
Epoch 3990 | Val Loss: 221.4153 | Val Cost:   32.63 | Val Max P-Miss: 1.1014 | Val Max Q-Miss: 0.4382 | Val Max Gen Viol: 0.2323 | Val Max Thermal: 0.0000
Epoch 4000 | Val Loss: 240.0252 | Val Cost:   35.26 | Val Max P-Miss: 1.1011 | Val Max Q-Miss: 0.4388 | Val Max Gen Viol: 0.2366 | Val Max Thermal: 0.0000
Epoch 4010 | Val Loss: 257.5353 | Val Cost:   37.67 | Val Max P-Miss: 1.1003 | Val Max Q-Miss: 0.4395 | Val Max Gen Viol: 0.2406 | Val Max Thermal: 0.0000
Epoch 4020 | Val Loss: 294.6696 | Val Cost:   37.79 | Val Max P-Miss: 1.1006 | Val Max Q-Miss: 0.4350 | Val Max Gen Viol: 0.2296 | Val Max Thermal: 0.0000
Epoch 4030 | Val Loss: 224.4357 | Val Cost:   32.95 | Val Max P-Miss: 1.0998 | Val Max Q-Miss: 0.4391 | Val Max Gen Viol: 0.2347 | Val Max Thermal: 0.0000
Epoch 4040 | Val Loss: 244.3218 | Val Cost:   35.74 | Val Max P-Miss: 1.0987 | Val Max Q-Miss: 0.4403 | Val Max Gen Viol: 0.2434 | Val Max Thermal: 0.0000
Epoch 4050 | Val Loss: 264.3849 | Val Cost:   37.10 | Val Max P-Miss: 1.0983 | Val Max Q-Miss: 0.4358 | Val Max Gen Viol: 0.2488 | Val Max Thermal: 0.0000
Epoch 4060 | Val Loss: 233.7529 | Val Cost:   33.07 | Val Max P-Miss: 1.1021 | Val Max Q-Miss: 0.4455 | Val Max Gen Viol: 0.2476 | Val Max Thermal: 0.0000
Epoch 4070 | Val Loss: 204.6967 | Val Cost:   29.43 | Val Max P-Miss: 1.1068 | Val Max Q-Miss: 0.4383 | Val Max Gen Viol: 0.2521 | Val Max Thermal: 0.0000
Epoch 4080 | Val Loss: 195.4717 | Val Cost:   28.40 | Val Max P-Miss: 1.1073 | Val Max Q-Miss: 0.4395 | Val Max Gen Viol: 0.2522 | Val Max Thermal: 0.0000
Epoch 4090 | Val Loss: 220.2986 | Val Cost:   32.13 | Val Max P-Miss: 1.0911 | Val Max Q-Miss: 0.4426 | Val Max Gen Viol: 0.2604 | Val Max Thermal: 0.0000
Epoch 4100 | Val Loss: 235.8031 | Val Cost:   34.18 | Val Max P-Miss: 1.0999 | Val Max Q-Miss: 0.4427 | Val Max Gen Viol: 0.2642 | Val Max Thermal: 0.0000
Epoch 4110 | Val Loss: 234.4982 | Val Cost:   34.10 | Val Max P-Miss: 1.0989 | Val Max Q-Miss: 0.4391 | Val Max Gen Viol: 0.2677 | Val Max Thermal: 0.0000
Epoch 4120 | Val Loss: 674.1719 | Val Cost:   26.35 | Val Max P-Miss: 1.0466 | Val Max Q-Miss: 0.7026 | Val Max Gen Viol: 0.1022 | Val Max Thermal: 0.0000
Epoch 4130 | Val Loss: 182.5009 | Val Cost:  -26.08 | Val Max P-Miss: 1.1115 | Val Max Q-Miss: 0.4492 | Val Max Gen Viol: 0.0938 | Val Max Thermal: 0.0000
Epoch 4140 | Val Loss: 164.0005 | Val Cost:  -21.60 | Val Max P-Miss: 1.1044 | Val Max Q-Miss: 0.4417 | Val Max Gen Viol: 0.1248 | Val Max Thermal: 0.0000 [*SAVED BEST*]
Epoch 4150 | Val Loss: 151.3615 | Val Cost:  -18.69 | Val Max P-Miss: 1.1044 | Val Max Q-Miss: 0.4410 | Val Max Gen Viol: 0.1565 | Val Max Thermal: 0.0000 [*SAVED BEST*]
Epoch 4160 | Val Loss: 141.0079 | Val Cost:  -15.93 | Val Max P-Miss: 1.1043 | Val Max Q-Miss: 0.4402 | Val Max Gen Viol: 0.1844 | Val Max Thermal: 0.0000 [*SAVED BEST*]
Epoch 4170 | Val Loss: 205.8130 | Val Cost:  -29.75 | Val Max P-Miss: 1.1073 | Val Max Q-Miss: 0.4446 | Val Max Gen Viol: 0.1174 | Val Max Thermal: 0.0000
Epoch 4180 | Val Loss: 196.4034 | Val Cost:  -27.73 | Val Max P-Miss: 1.1049 | Val Max Q-Miss: 0.4399 | Val Max Gen Viol: 0.2133 | Val Max Thermal: 0.0000
Epoch 4190 | Val Loss: 178.9702 | Val Cost:  -24.61 | Val Max P-Miss: 1.1048 | Val Max Q-Miss: 0.4395 | Val Max Gen Viol: 0.2247 | Val Max Thermal: 0.0000
Epoch 4200 | Val Loss: 163.8936 | Val Cost:  -21.59 | Val Max P-Miss: 1.1046 | Val Max Q-Miss: 0.4394 | Val Max Gen Viol: 0.2320 | Val Max Thermal: 0.0000
Epoch 4210 | Val Loss: 152.5529 | Val Cost:  -18.35 | Val Max P-Miss: 1.1044 | Val Max Q-Miss: 0.4386 | Val Max Gen Viol: 0.2371 | Val Max Thermal: 0.0000
Epoch 4220 | Val Loss: 147.4422 | Val Cost:  -15.97 | Val Max P-Miss: 1.1044 | Val Max Q-Miss: 0.4407 | Val Max Gen Viol: 0.2394 | Val Max Thermal: 0.0000
Epoch 4230 | Val Loss: 185.4085 | Val Cost:  -25.35 | Val Max P-Miss: 1.1052 | Val Max Q-Miss: 0.4379 | Val Max Gen Viol: 0.2509 | Val Max Thermal: 0.0000
Epoch 4240 | Val Loss: 167.5257 | Val Cost:  -21.92 | Val Max P-Miss: 1.1051 | Val Max Q-Miss: 0.4392 | Val Max Gen Viol: 0.2561 | Val Max Thermal: 0.0000
Epoch 4250 | Val Loss: 153.8943 | Val Cost:  -20.18 | Val Max P-Miss: 1.1043 | Val Max Q-Miss: 0.4390 | Val Max Gen Viol: 0.2628 | Val Max Thermal: 0.0000
Epoch 4260 | Val Loss: 195.3750 | Val Cost:  -35.04 | Val Max P-Miss: 1.1006 | Val Max Q-Miss: 0.4538 | Val Max Gen Viol: 0.2565 | Val Max Thermal: 0.0000
Epoch 4270 | Val Loss: 171.4722 | Val Cost:  -27.52 | Val Max P-Miss: 1.1062 | Val Max Q-Miss: 0.4445 | Val Max Gen Viol: 0.2713 | Val Max Thermal: 0.0000
Epoch 4280 | Val Loss: 153.2539 | Val Cost:  -21.43 | Val Max P-Miss: 1.1032 | Val Max Q-Miss: 0.4348 | Val Max Gen Viol: 0.2868 | Val Max Thermal: 0.0000
Epoch 4290 | Val Loss: 191.1340 | Val Cost:  -29.02 | Val Max P-Miss: 1.1020 | Val Max Q-Miss: 0.4308 | Val Max Gen Viol: 0.2765 | Val Max Thermal: 0.0000
Epoch 4300 | Val Loss: 161.6288 | Val Cost:  -22.01 | Val Max P-Miss: 1.1060 | Val Max Q-Miss: 0.4417 | Val Max Gen Viol: 0.3134 | Val Max Thermal: 0.0000
Epoch 4310 | Val Loss: 193.3957 | Val Cost:  -28.61 | Val Max P-Miss: 1.1057 | Val Max Q-Miss: 0.4325 | Val Max Gen Viol: 0.3341 | Val Max Thermal: 0.0000
Epoch 4320 | Val Loss: 182.5090 | Val Cost:  -26.75 | Val Max P-Miss: 1.1044 | Val Max Q-Miss: 0.4320 | Val Max Gen Viol: 0.3313 | Val Max Thermal: 0.0000
Epoch 4330 | Val Loss: 177.2490 | Val Cost:  -25.87 | Val Max P-Miss: 1.1048 | Val Max Q-Miss: 0.4326 | Val Max Gen Viol: 0.3369 | Val Max Thermal: 0.0000
Epoch 4340 | Val Loss: 167.2597 | Val Cost:  -23.75 | Val Max P-Miss: 1.1060 | Val Max Q-Miss: 0.4348 | Val Max Gen Viol: 0.3511 | Val Max Thermal: 0.0000
Epoch 4350 | Val Loss: 2025.2783 | Val Cost:   97.29 | Val Max P-Miss: 1.1698 | Val Max Q-Miss: 1.9188 | Val Max Gen Viol: 1.3860 | Val Max Thermal: 0.3810
Epoch 4360 | Val Loss: 317.4864 | Val Cost:  -35.40 | Val Max P-Miss: 1.1080 | Val Max Q-Miss: 0.4594 | Val Max Gen Viol: 0.5805 | Val Max Thermal: 0.0000
Epoch 4370 | Val Loss: 184.2578 | Val Cost:  -24.85 | Val Max P-Miss: 1.1063 | Val Max Q-Miss: 0.4444 | Val Max Gen Viol: 0.2206 | Val Max Thermal: 0.0000
Epoch 4380 | Val Loss: 162.7734 | Val Cost:  -21.48 | Val Max P-Miss: 1.1060 | Val Max Q-Miss: 0.4444 | Val Max Gen Viol: 0.1219 | Val Max Thermal: 0.0000
Epoch 4390 | Val Loss: 148.3150 | Val Cost:  -18.19 | Val Max P-Miss: 1.1059 | Val Max Q-Miss: 0.4444 | Val Max Gen Viol: 0.1032 | Val Max Thermal: 0.0000
Epoch 4400 | Val Loss: 136.6871 | Val Cost:  -14.96 | Val Max P-Miss: 1.1055 | Val Max Q-Miss: 0.4443 | Val Max Gen Viol: 0.1054 | Val Max Thermal: 0.0000 [*SAVED BEST*]
Epoch 4410 | Val Loss: 190.1615 | Val Cost:  -26.90 | Val Max P-Miss: 1.1048 | Val Max Q-Miss: 0.4448 | Val Max Gen Viol: 0.1074 | Val Max Thermal: 0.0000
Epoch 4420 | Val Loss: 172.5633 | Val Cost:  -23.78 | Val Max P-Miss: 1.1070 | Val Max Q-Miss: 0.4447 | Val Max Gen Viol: 0.1087 | Val Max Thermal: 0.0000
Epoch 4430 | Val Loss: 154.5237 | Val Cost:  -19.84 | Val Max P-Miss: 1.1067 | Val Max Q-Miss: 0.4447 | Val Max Gen Viol: 0.1098 | Val Max Thermal: 0.0000
Epoch 4440 | Val Loss: 151.7075 | Val Cost:  -16.83 | Val Max P-Miss: 1.0984 | Val Max Q-Miss: 0.4449 | Val Max Gen Viol: 0.1126 | Val Max Thermal: 0.0000
Epoch 4450 | Val Loss: 176.3113 | Val Cost:  -24.57 | Val Max P-Miss: 1.1082 | Val Max Q-Miss: 0.4451 | Val Max Gen Viol: 0.1113 | Val Max Thermal: 0.0000
Epoch 4460 | Val Loss: 152.8285 | Val Cost:  -19.42 | Val Max P-Miss: 1.1059 | Val Max Q-Miss: 0.4440 | Val Max Gen Viol: 0.1125 | Val Max Thermal: 0.0000
Epoch 4470 | Val Loss: 200.1600 | Val Cost:  -24.41 | Val Max P-Miss: 1.0926 | Val Max Q-Miss: 0.4487 | Val Max Gen Viol: 0.1141 | Val Max Thermal: 0.0000
Epoch 4480 | Val Loss: 169.1680 | Val Cost:  -22.95 | Val Max P-Miss: 1.1106 | Val Max Q-Miss: 0.4469 | Val Max Gen Viol: 0.1132 | Val Max Thermal: 0.0000
Epoch 4490 | Val Loss: 160.8552 | Val Cost:  -19.62 | Val Max P-Miss: 1.0989 | Val Max Q-Miss: 0.4433 | Val Max Gen Viol: 0.1151 | Val Max Thermal: 0.0000
Epoch 4500 | Val Loss: 194.0180 | Val Cost:  -25.75 | Val Max P-Miss: 1.0905 | Val Max Q-Miss: 0.4423 | Val Max Gen Viol: 0.1162 | Val Max Thermal: 0.0000
Epoch 4510 | Val Loss: 162.0674 | Val Cost:  -21.30 | Val Max P-Miss: 1.1102 | Val Max Q-Miss: 0.4458 | Val Max Gen Viol: 0.1167 | Val Max Thermal: 0.0000
Epoch 4520 | Val Loss: 173.9337 | Val Cost:  -20.59 | Val Max P-Miss: 1.0913 | Val Max Q-Miss: 0.4404 | Val Max Gen Viol: 0.1215 | Val Max Thermal: 0.0000
Epoch 4530 | Val Loss: 188.8196 | Val Cost:  -25.02 | Val Max P-Miss: 1.0973 | Val Max Q-Miss: 0.4415 | Val Max Gen Viol: 0.1297 | Val Max Thermal: 0.0000
Epoch 4540 | Val Loss: 160.3485 | Val Cost:  -20.14 | Val Max P-Miss: 1.1049 | Val Max Q-Miss: 0.4424 | Val Max Gen Viol: 0.1466 | Val Max Thermal: 0.0000
Epoch 4550 | Val Loss: 183.6595 | Val Cost:  -21.88 | Val Max P-Miss: 1.0820 | Val Max Q-Miss: 0.4358 | Val Max Gen Viol: 0.1694 | Val Max Thermal: 0.0000
Epoch 4560 | Val Loss: 176.8446 | Val Cost:  -24.45 | Val Max P-Miss: 1.1030 | Val Max Q-Miss: 0.4466 | Val Max Gen Viol: 0.2024 | Val Max Thermal: 0.0000
Epoch 4570 | Val Loss: 154.9490 | Val Cost:  -18.72 | Val Max P-Miss: 1.0936 | Val Max Q-Miss: 0.4337 | Val Max Gen Viol: 0.2295 | Val Max Thermal: 0.0000
Epoch 4580 | Val Loss: 216.1756 | Val Cost:  -25.76 | Val Max P-Miss: 1.0731 | Val Max Q-Miss: 0.4255 | Val Max Gen Viol: 0.2636 | Val Max Thermal: 0.0000
Epoch 4590 | Val Loss: 151.4895 | Val Cost:  -19.61 | Val Max P-Miss: 1.1082 | Val Max Q-Miss: 0.4496 | Val Max Gen Viol: 0.3639 | Val Max Thermal: 0.0000
Epoch 4600 | Val Loss: 1168.1097 | Val Cost:  185.96 | Val Max P-Miss: 0.9586 | Val Max Q-Miss: 0.6461 | Val Max Gen Viol: 0.2324 | Val Max Thermal: 0.0000
Epoch 4610 | Val Loss: 246.0498 | Val Cost:   32.25 | Val Max P-Miss: 1.0925 | Val Max Q-Miss: 0.4395 | Val Max Gen Viol: 0.0595 | Val Max Thermal: 0.0000
Epoch 4620 | Val Loss: 221.3741 | Val Cost:   31.94 | Val Max P-Miss: 1.1013 | Val Max Q-Miss: 0.4421 | Val Max Gen Viol: 0.0824 | Val Max Thermal: 0.0000
Epoch 4630 | Val Loss: 236.8141 | Val Cost:   34.44 | Val Max P-Miss: 1.1013 | Val Max Q-Miss: 0.4398 | Val Max Gen Viol: 0.1121 | Val Max Thermal: 0.0000
Epoch 4640 | Val Loss: 254.9113 | Val Cost:   36.94 | Val Max P-Miss: 1.1013 | Val Max Q-Miss: 0.4378 | Val Max Gen Viol: 0.1542 | Val Max Thermal: 0.0000
Epoch 4650 | Val Loss: 192.9767 | Val Cost:   26.86 | Val Max P-Miss: 1.1001 | Val Max Q-Miss: 0.4357 | Val Max Gen Viol: 0.1891 | Val Max Thermal: 0.0000
Epoch 4660 | Val Loss: 198.3295 | Val Cost:   29.00 | Val Max P-Miss: 1.1012 | Val Max Q-Miss: 0.4343 | Val Max Gen Viol: 0.2446 | Val Max Thermal: 0.0000
Epoch 4670 | Val Loss: 216.2636 | Val Cost:   31.89 | Val Max P-Miss: 1.1009 | Val Max Q-Miss: 0.4330 | Val Max Gen Viol: 0.2721 | Val Max Thermal: 0.0000
Epoch 4680 | Val Loss: 231.5637 | Val Cost:   34.09 | Val Max P-Miss: 1.1011 | Val Max Q-Miss: 0.4349 | Val Max Gen Viol: 0.3043 | Val Max Thermal: 0.0000
Epoch 4690 | Val Loss: 251.0677 | Val Cost:   37.03 | Val Max P-Miss: 1.1002 | Val Max Q-Miss: 0.4329 | Val Max Gen Viol: 0.3255 | Val Max Thermal: 0.0000
Epoch 4700 | Val Loss: 183.4830 | Val Cost:   26.69 | Val Max P-Miss: 1.0995 | Val Max Q-Miss: 0.4303 | Val Max Gen Viol: 0.3047 | Val Max Thermal: 0.0000
Epoch 4710 | Val Loss: 197.6232 | Val Cost:   29.44 | Val Max P-Miss: 1.1004 | Val Max Q-Miss: 0.4325 | Val Max Gen Viol: 0.3447 | Val Max Thermal: 0.0000
Epoch 4720 | Val Loss: 221.8358 | Val Cost:   33.22 | Val Max P-Miss: 1.1000 | Val Max Q-Miss: 0.4323 | Val Max Gen Viol: 0.3539 | Val Max Thermal: 0.0000
Epoch 4730 | Val Loss: 231.1932 | Val Cost:   33.81 | Val Max P-Miss: 1.1003 | Val Max Q-Miss: 0.4403 | Val Max Gen Viol: 0.3642 | Val Max Thermal: 0.0000
Epoch 4740 | Val Loss: 235.0160 | Val Cost:   33.28 | Val Max P-Miss: 1.0995 | Val Max Q-Miss: 0.4335 | Val Max Gen Viol: 0.3147 | Val Max Thermal: 0.0000
Epoch 4750 | Val Loss: 190.1950 | Val Cost:   28.09 | Val Max P-Miss: 1.1002 | Val Max Q-Miss: 0.4364 | Val Max Gen Viol: 0.4422 | Val Max Thermal: 0.0000
Epoch 4760 | Val Loss: 208.1920 | Val Cost:   31.13 | Val Max P-Miss: 1.0997 | Val Max Q-Miss: 0.4357 | Val Max Gen Viol: 0.5167 | Val Max Thermal: 0.0000
Epoch 4770 | Val Loss: 272.6408 | Val Cost:   16.68 | Val Max P-Miss: 1.1047 | Val Max Q-Miss: 0.4591 | Val Max Gen Viol: 0.5797 | Val Max Thermal: 0.0000
Epoch 4780 | Val Loss: 538.9410 | Val Cost:   77.65 | Val Max P-Miss: 1.0752 | Val Max Q-Miss: 0.4520 | Val Max Gen Viol: 0.1466 | Val Max Thermal: 0.0000
Epoch 4790 | Val Loss: 181.7682 | Val Cost:   27.33 | Val Max P-Miss: 1.1006 | Val Max Q-Miss: 0.4384 | Val Max Gen Viol: 0.1088 | Val Max Thermal: 0.0000
Epoch 4800 | Val Loss: 193.0143 | Val Cost:   27.53 | Val Max P-Miss: 1.1027 | Val Max Q-Miss: 0.4397 | Val Max Gen Viol: 0.1335 | Val Max Thermal: 0.0000
Epoch 4810 | Val Loss: 206.4946 | Val Cost:   29.85 | Val Max P-Miss: 1.1025 | Val Max Q-Miss: 0.4391 | Val Max Gen Viol: 0.1537 | Val Max Thermal: 0.0000
Epoch 4820 | Val Loss: 220.8550 | Val Cost:   32.10 | Val Max P-Miss: 1.1023 | Val Max Q-Miss: 0.4381 | Val Max Gen Viol: 0.1805 | Val Max Thermal: 0.0000
Epoch 4830 | Val Loss: 236.1415 | Val Cost:   34.34 | Val Max P-Miss: 1.1021 | Val Max Q-Miss: 0.4372 | Val Max Gen Viol: 0.2110 | Val Max Thermal: 0.0000
Epoch 4840 | Val Loss: 252.1564 | Val Cost:   36.53 | Val Max P-Miss: 1.1019 | Val Max Q-Miss: 0.4367 | Val Max Gen Viol: 0.2374 | Val Max Thermal: 0.0000
Epoch 4850 | Val Loss: 268.9468 | Val Cost:   38.68 | Val Max P-Miss: 1.1016 | Val Max Q-Miss: 0.4362 | Val Max Gen Viol: 0.2571 | Val Max Thermal: 0.0000
Epoch 4860 | Val Loss: 214.4400 | Val Cost:   30.71 | Val Max P-Miss: 1.1025 | Val Max Q-Miss: 0.4446 | Val Max Gen Viol: 0.1291 | Val Max Thermal: 0.0000
Epoch 4870 | Val Loss: 202.6974 | Val Cost:   29.54 | Val Max P-Miss: 1.1017 | Val Max Q-Miss: 0.4360 | Val Max Gen Viol: 0.2769 | Val Max Thermal: 0.0000
Epoch 4880 | Val Loss: 218.5380 | Val Cost:   32.00 | Val Max P-Miss: 1.1014 | Val Max Q-Miss: 0.4361 | Val Max Gen Viol: 0.2828 | Val Max Thermal: 0.0000
Epoch 4890 | Val Loss: 235.0883 | Val Cost:   34.39 | Val Max P-Miss: 1.1012 | Val Max Q-Miss: 0.4363 | Val Max Gen Viol: 0.2903 | Val Max Thermal: 0.0000
Epoch 4900 | Val Loss: 252.1031 | Val Cost:   36.69 | Val Max P-Miss: 1.1007 | Val Max Q-Miss: 0.4376 | Val Max Gen Viol: 0.2957 | Val Max Thermal: 0.0000
Epoch 4910 | Val Loss: 183.0550 | Val Cost:   25.73 | Val Max P-Miss: 1.1026 | Val Max Q-Miss: 0.4363 | Val Max Gen Viol: 0.2269 | Val Max Thermal: 0.0000
Epoch 4920 | Val Loss: 192.0114 | Val Cost:   27.85 | Val Max P-Miss: 1.1008 | Val Max Q-Miss: 0.4360 | Val Max Gen Viol: 0.3193 | Val Max Thermal: 0.0000
Epoch 4930 | Val Loss: 207.3624 | Val Cost:   30.38 | Val Max P-Miss: 1.1002 | Val Max Q-Miss: 0.4364 | Val Max Gen Viol: 0.3399 | Val Max Thermal: 0.0000
Epoch 4940 | Val Loss: 222.4191 | Val Cost:   32.75 | Val Max P-Miss: 1.0995 | Val Max Q-Miss: 0.4371 | Val Max Gen Viol: 0.3658 | Val Max Thermal: 0.0000
Epoch 4950 | Val Loss: 236.3974 | Val Cost:   34.91 | Val Max P-Miss: 1.0987 | Val Max Q-Miss: 0.4367 | Val Max Gen Viol: 0.3784 | Val Max Thermal: 0.0000
Epoch 4960 | Val Loss: 188.5180 | Val Cost:   27.29 | Val Max P-Miss: 1.0985 | Val Max Q-Miss: 0.4376 | Val Max Gen Viol: 0.3839 | Val Max Thermal: 0.0000
Epoch 4970 | Val Loss: 202.4556 | Val Cost:   29.55 | Val Max P-Miss: 1.0980 | Val Max Q-Miss: 0.4377 | Val Max Gen Viol: 0.3953 | Val Max Thermal: 0.0000
Epoch 4980 | Val Loss: 217.6696 | Val Cost:   33.04 | Val Max P-Miss: 1.0984 | Val Max Q-Miss: 0.4371 | Val Max Gen Viol: 0.4110 | Val Max Thermal: 0.0000
Epoch 4990 | Val Loss: 240.6617 | Val Cost:   37.30 | Val Max P-Miss: 1.0973 | Val Max Q-Miss: 0.4372 | Val Max Gen Viol: 0.4244 | Val Max Thermal: 0.0000
Epoch 5000 | Val Loss: 182.2771 | Val Cost:   31.25 | Val Max P-Miss: 1.0970 | Val Max Q-Miss: 0.4361 | Val Max Gen Viol: 0.4649 | Val Max Thermal: 0.0000
Epoch 5010 | Val Loss: 205.0438 | Val Cost:   36.93 | Val Max P-Miss: 1.0958 | Val Max Q-Miss: 0.4341 | Val Max Gen Viol: 0.5319 | Val Max Thermal: 0.0000
Epoch 5020 | Val Loss: 973.4365 | Val Cost:  -13.41 | Val Max P-Miss: 1.1305 | Val Max Q-Miss: 0.4454 | Val Max Gen Viol: 0.5310 | Val Max Thermal: 0.0000
Epoch 5030 | Val Loss: 403.3928 | Val Cost:   51.60 | Val Max P-Miss: 1.1489 | Val Max Q-Miss: 0.4594 | Val Max Gen Viol: 0.8497 | Val Max Thermal: 0.0000
Epoch 5040 | Val Loss: 208.3810 | Val Cost:  -22.26 | Val Max P-Miss: 1.1063 | Val Max Q-Miss: 0.4456 | Val Max Gen Viol: 0.1179 | Val Max Thermal: 0.0000
Epoch 5050 | Val Loss: 198.9415 | Val Cost:  -27.99 | Val Max P-Miss: 1.1063 | Val Max Q-Miss: 0.4444 | Val Max Gen Viol: 0.1136 | Val Max Thermal: 0.0000
Epoch 5060 | Val Loss: 186.2689 | Val Cost:  -25.89 | Val Max P-Miss: 1.1063 | Val Max Q-Miss: 0.4444 | Val Max Gen Viol: 0.1189 | Val Max Thermal: 0.0000
Epoch 5070 | Val Loss: 174.9901 | Val Cost:  -23.83 | Val Max P-Miss: 1.1062 | Val Max Q-Miss: 0.4440 | Val Max Gen Viol: 0.1270 | Val Max Thermal: 0.0000
Epoch 5080 | Val Loss: 164.5583 | Val Cost:  -21.76 | Val Max P-Miss: 1.1061 | Val Max Q-Miss: 0.4437 | Val Max Gen Viol: 0.1383 | Val Max Thermal: 0.0000
Epoch 5090 | Val Loss: 154.9102 | Val Cost:  -19.68 | Val Max P-Miss: 1.1060 | Val Max Q-Miss: 0.4433 | Val Max Gen Viol: 0.1557 | Val Max Thermal: 0.0000
Epoch 5100 | Val Loss: 145.9012 | Val Cost:  -17.63 | Val Max P-Miss: 1.1058 | Val Max Q-Miss: 0.4427 | Val Max Gen Viol: 0.1876 | Val Max Thermal: 0.0000
Epoch 5110 | Val Loss: 202.8297 | Val Cost:  -28.98 | Val Max P-Miss: 1.1057 | Val Max Q-Miss: 0.4412 | Val Max Gen Viol: 0.2080 | Val Max Thermal: 0.0000
Epoch 5120 | Val Loss: 191.5554 | Val Cost:  -27.25 | Val Max P-Miss: 1.1075 | Val Max Q-Miss: 0.4384 | Val Max Gen Viol: 0.2821 | Val Max Thermal: 0.0000
Epoch 5130 | Val Loss: 176.3028 | Val Cost:  -24.60 | Val Max P-Miss: 1.1080 | Val Max Q-Miss: 0.4355 | Val Max Gen Viol: 0.4447 | Val Max Thermal: 0.0000
Epoch 5140 | Val Loss: 163.1255 | Val Cost:  -22.08 | Val Max P-Miss: 1.1090 | Val Max Q-Miss: 0.4339 | Val Max Gen Viol: 0.5871 | Val Max Thermal: 0.0000
Epoch 5150 | Val Loss: 149.2208 | Val Cost:  -19.16 | Val Max P-Miss: 1.1101 | Val Max Q-Miss: 0.4339 | Val Max Gen Viol: 0.7134 | Val Max Thermal: 0.0000
Epoch 5160 | Val Loss: 186.1751 | Val Cost:  -26.31 | Val Max P-Miss: 1.1187 | Val Max Q-Miss: 0.4370 | Val Max Gen Viol: 0.7920 | Val Max Thermal: 0.0000
Epoch 5170 | Val Loss: 163.8273 | Val Cost:  -22.32 | Val Max P-Miss: 1.1126 | Val Max Q-Miss: 0.4341 | Val Max Gen Viol: 0.9110 | Val Max Thermal: 0.0000
Epoch 5180 | Val Loss: 149.6117 | Val Cost:  -19.62 | Val Max P-Miss: 1.1089 | Val Max Q-Miss: 0.4321 | Val Max Gen Viol: 1.0053 | Val Max Thermal: 0.0000
Epoch 5190 | Val Loss: 166.8682 | Val Cost:  -22.56 | Val Max P-Miss: 1.1059 | Val Max Q-Miss: 0.4332 | Val Max Gen Viol: 1.1167 | Val Max Thermal: 0.0000
Epoch 5200 | Val Loss: 166.2569 | Val Cost:  -23.13 | Val Max P-Miss: 1.1129 | Val Max Q-Miss: 0.4351 | Val Max Gen Viol: 1.2331 | Val Max Thermal: 0.0000
Epoch 5210 | Val Loss: 164.7535 | Val Cost:  -22.81 | Val Max P-Miss: 1.0993 | Val Max Q-Miss: 0.4284 | Val Max Gen Viol: 1.3544 | Val Max Thermal: 0.0000
Epoch 5220 | Val Loss: 181.9748 | Val Cost:  -26.13 | Val Max P-Miss: 1.1054 | Val Max Q-Miss: 0.4268 | Val Max Gen Viol: 1.4427 | Val Max Thermal: 0.1009
Epoch 5230 | Val Loss: 170.9416 | Val Cost:  -24.09 | Val Max P-Miss: 1.1169 | Val Max Q-Miss: 0.4358 | Val Max Gen Viol: 1.4693 | Val Max Thermal: 0.2543
Epoch 5240 | Val Loss: 177.5203 | Val Cost:  -25.48 | Val Max P-Miss: 1.1079 | Val Max Q-Miss: 0.4284 | Val Max Gen Viol: 1.1354 | Val Max Thermal: 0.0000
Epoch 5250 | Val Loss: 267.3975 | Val Cost:  -28.85 | Val Max P-Miss: 1.0907 | Val Max Q-Miss: 0.4297 | Val Max Gen Viol: 1.3960 | Val Max Thermal: 0.0000
Epoch 5260 | Val Loss: 227.1490 | Val Cost:   28.34 | Val Max P-Miss: 1.1404 | Val Max Q-Miss: 0.4484 | Val Max Gen Viol: 0.9172 | Val Max Thermal: 0.0000
Epoch 5270 | Val Loss: 179.3554 | Val Cost:   25.51 | Val Max P-Miss: 1.1043 | Val Max Q-Miss: 0.4371 | Val Max Gen Viol: 0.3187 | Val Max Thermal: 0.0000
Epoch 5280 | Val Loss: 195.4124 | Val Cost:   28.30 | Val Max P-Miss: 1.1030 | Val Max Q-Miss: 0.4370 | Val Max Gen Viol: 0.3865 | Val Max Thermal: 0.0000
Epoch 5290 | Val Loss: 211.1641 | Val Cost:   30.96 | Val Max P-Miss: 1.1026 | Val Max Q-Miss: 0.4371 | Val Max Gen Viol: 0.4285 | Val Max Thermal: 0.0000
Epoch 5300 | Val Loss: 227.5848 | Val Cost:   33.49 | Val Max P-Miss: 1.1020 | Val Max Q-Miss: 0.4399 | Val Max Gen Viol: 0.4511 | Val Max Thermal: 0.0000
Epoch 5310 | Val Loss: 151.0631 | Val Cost:   19.55 | Val Max P-Miss: 1.1037 | Val Max Q-Miss: 0.4371 | Val Max Gen Viol: 0.4551 | Val Max Thermal: 0.0000
Epoch 5320 | Val Loss: 163.3896 | Val Cost:   22.95 | Val Max P-Miss: 1.1024 | Val Max Q-Miss: 0.4373 | Val Max Gen Viol: 0.5955 | Val Max Thermal: 0.0000
Epoch 5330 | Val Loss: 176.4857 | Val Cost:   25.57 | Val Max P-Miss: 1.1020 | Val Max Q-Miss: 0.4375 | Val Max Gen Viol: 0.7408 | Val Max Thermal: 0.0000
Epoch 5340 | Val Loss: 190.4248 | Val Cost:   28.08 | Val Max P-Miss: 1.1016 | Val Max Q-Miss: 0.4379 | Val Max Gen Viol: 0.8474 | Val Max Thermal: 0.0000
Epoch 5350 | Val Loss: 203.5391 | Val Cost:   30.32 | Val Max P-Miss: 1.1011 | Val Max Q-Miss: 0.4368 | Val Max Gen Viol: 0.9429 | Val Max Thermal: 0.0000
Epoch 5360 | Val Loss: 169.0952 | Val Cost:   23.54 | Val Max P-Miss: 1.1021 | Val Max Q-Miss: 0.4363 | Val Max Gen Viol: 0.9408 | Val Max Thermal: 0.0000
Epoch 5370 | Val Loss: 175.2659 | Val Cost:   24.87 | Val Max P-Miss: 1.1015 | Val Max Q-Miss: 0.4367 | Val Max Gen Viol: 1.0378 | Val Max Thermal: 0.0000
Epoch 5380 | Val Loss: 180.3591 | Val Cost:   26.13 | Val Max P-Miss: 1.1009 | Val Max Q-Miss: 0.4360 | Val Max Gen Viol: 1.0947 | Val Max Thermal: 0.0000
Epoch 5390 | Val Loss: 188.9727 | Val Cost:   27.95 | Val Max P-Miss: 1.1001 | Val Max Q-Miss: 0.4371 | Val Max Gen Viol: 1.1811 | Val Max Thermal: 0.0000
Epoch 5400 | Val Loss: 215.0810 | Val Cost:   31.16 | Val Max P-Miss: 1.1007 | Val Max Q-Miss: 0.4429 | Val Max Gen Viol: 1.2867 | Val Max Thermal: 0.0000
Epoch 5410 | Val Loss: 178.8656 | Val Cost:   29.34 | Val Max P-Miss: 1.0996 | Val Max Q-Miss: 0.4381 | Val Max Gen Viol: 1.3540 | Val Max Thermal: 0.0000
Epoch 5420 | Val Loss: 196.3610 | Val Cost:   37.04 | Val Max P-Miss: 1.0991 | Val Max Q-Miss: 0.4402 | Val Max Gen Viol: 1.4094 | Val Max Thermal: 0.0000
Epoch 5430 | Val Loss: 171.6957 | Val Cost:   32.84 | Val Max P-Miss: 1.1013 | Val Max Q-Miss: 0.4327 | Val Max Gen Viol: 1.1339 | Val Max Thermal: 0.0000
Epoch 5440 | Val Loss: 195.2607 | Val Cost:   48.21 | Val Max P-Miss: 1.0971 | Val Max Q-Miss: 0.4375 | Val Max Gen Viol: 1.4062 | Val Max Thermal: 0.0000
Epoch 5450 | Val Loss: 166.9207 | Val Cost:   20.74 | Val Max P-Miss: 1.0957 | Val Max Q-Miss: 0.4379 | Val Max Gen Viol: 1.3436 | Val Max Thermal: 0.0000
Epoch 5460 | Val Loss: 182.9528 | Val Cost:   27.19 | Val Max P-Miss: 1.0973 | Val Max Q-Miss: 0.4369 | Val Max Gen Viol: 1.4823 | Val Max Thermal: 0.2255
Epoch 5470 | Val Loss: 156.8808 | Val Cost:   20.88 | Val Max P-Miss: 1.1059 | Val Max Q-Miss: 0.4461 | Val Max Gen Viol: 1.1953 | Val Max Thermal: 0.0000
Epoch 5480 | Val Loss: 154.1317 | Val Cost:   20.45 | Val Max P-Miss: 1.1034 | Val Max Q-Miss: 0.4489 | Val Max Gen Viol: 1.4618 | Val Max Thermal: 0.1738
Epoch 5490 | Val Loss: 153.7872 | Val Cost:   19.01 | Val Max P-Miss: 1.1049 | Val Max Q-Miss: 0.4578 | Val Max Gen Viol: 1.5021 | Val Max Thermal: 0.3447
Epoch 5500 | Val Loss: 1713.1016 | Val Cost:   24.86 | Val Max P-Miss: 2.1517 | Val Max Q-Miss: 2.5668 | Val Max Gen Viol: 2.0574 | Val Max Thermal: 1.7238
Epoch 5510 | Val Loss: 157.3134 | Val Cost:  -21.95 | Val Max P-Miss: 1.1088 | Val Max Q-Miss: 0.4444 | Val Max Gen Viol: 1.4614 | Val Max Thermal: 0.1542
Epoch 5520 | Val Loss: 139.0053 | Val Cost:  -15.33 | Val Max P-Miss: 1.1052 | Val Max Q-Miss: 0.4397 | Val Max Gen Viol: 1.1976 | Val Max Thermal: 0.0000
Epoch 5530 | Val Loss: 185.1394 | Val Cost:  -22.55 | Val Max P-Miss: 1.1176 | Val Max Q-Miss: 0.4239 | Val Max Gen Viol: 0.9743 | Val Max Thermal: 0.0000
Epoch 5540 | Val Loss: 165.2299 | Val Cost:  -20.61 | Val Max P-Miss: 1.1098 | Val Max Q-Miss: 0.4280 | Val Max Gen Viol: 0.7919 | Val Max Thermal: 0.0000
Epoch 5550 | Val Loss: 158.9901 | Val Cost:  -19.14 | Val Max P-Miss: 1.1092 | Val Max Q-Miss: 0.4248 | Val Max Gen Viol: 0.6222 | Val Max Thermal: 0.0000
Epoch 5560 | Val Loss: 170.7974 | Val Cost:  -18.77 | Val Max P-Miss: 1.1037 | Val Max Q-Miss: 0.4096 | Val Max Gen Viol: 0.4589 | Val Max Thermal: 0.0000
Epoch 5570 | Val Loss: 173.0600 | Val Cost:  -21.25 | Val Max P-Miss: 1.0891 | Val Max Q-Miss: 0.4309 | Val Max Gen Viol: 0.3820 | Val Max Thermal: 0.0000
Epoch 5580 | Val Loss: 173.5504 | Val Cost:  -21.04 | Val Max P-Miss: 1.0869 | Val Max Q-Miss: 0.4219 | Val Max Gen Viol: 0.4071 | Val Max Thermal: 0.0000
Epoch 5590 | Val Loss: 169.2002 | Val Cost:  -20.24 | Val Max P-Miss: 1.0924 | Val Max Q-Miss: 0.4229 | Val Max Gen Viol: 0.4194 | Val Max Thermal: 0.0000
Epoch 5600 | Val Loss: 158.3665 | Val Cost:  -18.08 | Val Max P-Miss: 1.0951 | Val Max Q-Miss: 0.4258 | Val Max Gen Viol: 0.4453 | Val Max Thermal: 0.0000
Epoch 5610 | Val Loss: 163.4507 | Val Cost:  -16.88 | Val Max P-Miss: 1.0849 | Val Max Q-Miss: 0.4241 | Val Max Gen Viol: 0.5460 | Val Max Thermal: 0.0000
Epoch 5620 | Val Loss: 171.0056 | Val Cost:  -13.57 | Val Max P-Miss: 1.0853 | Val Max Q-Miss: 0.4278 | Val Max Gen Viol: 0.7363 | Val Max Thermal: 0.0000
Epoch 5630 | Val Loss: 165.8854 | Val Cost:  -12.49 | Val Max P-Miss: 1.0933 | Val Max Q-Miss: 0.4340 | Val Max Gen Viol: 1.0121 | Val Max Thermal: 0.0000
Epoch 5640 | Val Loss: 180.4318 | Val Cost:  -16.74 | Val Max P-Miss: 1.0824 | Val Max Q-Miss: 0.4302 | Val Max Gen Viol: 1.1513 | Val Max Thermal: 0.0000
Epoch 5650 | Val Loss: 189.4418 | Val Cost:  -15.86 | Val Max P-Miss: 1.0817 | Val Max Q-Miss: 0.4298 | Val Max Gen Viol: 1.1385 | Val Max Thermal: 0.0000
Epoch 5660 | Val Loss: 148.9843 | Val Cost:  -14.64 | Val Max P-Miss: 1.1058 | Val Max Q-Miss: 0.4366 | Val Max Gen Viol: 1.2562 | Val Max Thermal: 0.0000
Epoch 5670 | Val Loss: 176.6972 | Val Cost:  -18.63 | Val Max P-Miss: 1.0939 | Val Max Q-Miss: 0.4364 | Val Max Gen Viol: 1.0251 | Val Max Thermal: 0.0000
Epoch 5680 | Val Loss: 179.6595 | Val Cost:  -20.83 | Val Max P-Miss: 1.0865 | Val Max Q-Miss: 0.4561 | Val Max Gen Viol: 1.2141 | Val Max Thermal: 0.0000
Epoch 5690 | Val Loss: 169.9751 | Val Cost:  -20.94 | Val Max P-Miss: 1.0940 | Val Max Q-Miss: 0.4444 | Val Max Gen Viol: 0.9892 | Val Max Thermal: 0.0000
Epoch 5700 | Val Loss: 192.1787 | Val Cost:   23.23 | Val Max P-Miss: 1.0833 | Val Max Q-Miss: 0.4386 | Val Max Gen Viol: 0.1244 | Val Max Thermal: 0.0000
Epoch 5710 | Val Loss: 198.4541 | Val Cost:   28.70 | Val Max P-Miss: 1.0904 | Val Max Q-Miss: 0.4342 | Val Max Gen Viol: 0.4507 | Val Max Thermal: 0.0000
Epoch 5720 | Val Loss: 152.7004 | Val Cost:   19.50 | Val Max P-Miss: 1.0919 | Val Max Q-Miss: 0.4374 | Val Max Gen Viol: 0.7006 | Val Max Thermal: 0.0000
Epoch 5730 | Val Loss: 158.2571 | Val Cost:   22.03 | Val Max P-Miss: 1.1008 | Val Max Q-Miss: 0.4391 | Val Max Gen Viol: 1.0780 | Val Max Thermal: 0.0000
Epoch 5740 | Val Loss: 169.7183 | Val Cost:   24.87 | Val Max P-Miss: 1.0987 | Val Max Q-Miss: 0.4395 | Val Max Gen Viol: 1.3273 | Val Max Thermal: 0.0000
Epoch 5750 | Val Loss: 183.6211 | Val Cost:   27.51 | Val Max P-Miss: 1.0986 | Val Max Q-Miss: 0.4442 | Val Max Gen Viol: 1.4889 | Val Max Thermal: 0.2691
Epoch 5760 | Val Loss: 178.6805 | Val Cost:   20.97 | Val Max P-Miss: 1.0990 | Val Max Q-Miss: 0.4565 | Val Max Gen Viol: 1.5179 | Val Max Thermal: 0.4213
Epoch 5770 | Val Loss: 166.0128 | Val Cost:   24.31 | Val Max P-Miss: 1.1121 | Val Max Q-Miss: 0.4426 | Val Max Gen Viol: 1.5433 | Val Max Thermal: 0.4430
Epoch 5780 | Val Loss: 169.7597 | Val Cost:   24.57 | Val Max P-Miss: 1.1091 | Val Max Q-Miss: 0.4446 | Val Max Gen Viol: 1.5235 | Val Max Thermal: 0.3773
Epoch 5790 | Val Loss: 161.1293 | Val Cost:   21.63 | Val Max P-Miss: 1.1158 | Val Max Q-Miss: 0.4523 | Val Max Gen Viol: 1.5260 | Val Max Thermal: 0.2435
Epoch 5800 | Val Loss: 172.2121 | Val Cost:   20.36 | Val Max P-Miss: 1.1264 | Val Max Q-Miss: 0.4702 | Val Max Gen Viol: 1.4377 | Val Max Thermal: 0.1902
Epoch 5810 | Val Loss: 155.7971 | Val Cost:   18.85 | Val Max P-Miss: 1.0983 | Val Max Q-Miss: 0.4417 | Val Max Gen Viol: 0.3699 | Val Max Thermal: 0.0000
Epoch 5820 | Val Loss: 237.6813 | Val Cost:   32.22 | Val Max P-Miss: 1.1128 | Val Max Q-Miss: 0.4517 | Val Max Gen Viol: 1.1533 | Val Max Thermal: 0.0000
Epoch 5830 | Val Loss: 966.0854 | Val Cost:   32.46 | Val Max P-Miss: 1.0557 | Val Max Q-Miss: 0.4377 | Val Max Gen Viol: 0.2437 | Val Max Thermal: 0.0000
Epoch 5840 | Val Loss: 174.3830 | Val Cost:  -21.34 | Val Max P-Miss: 1.0995 | Val Max Q-Miss: 0.4251 | Val Max Gen Viol: 0.0991 | Val Max Thermal: 0.0000
Epoch 5850 | Val Loss: 188.3830 | Val Cost:  -25.83 | Val Max P-Miss: 1.1040 | Val Max Q-Miss: 0.4399 | Val Max Gen Viol: 0.1327 | Val Max Thermal: 0.0000
Epoch 5860 | Val Loss: 167.4315 | Val Cost:  -22.44 | Val Max P-Miss: 1.1026 | Val Max Q-Miss: 0.4370 | Val Max Gen Viol: 0.2191 | Val Max Thermal: 0.0000
Epoch 5870 | Val Loss: 158.4227 | Val Cost:  -20.95 | Val Max P-Miss: 1.1015 | Val Max Q-Miss: 0.4370 | Val Max Gen Viol: 0.4820 | Val Max Thermal: 0.0000
Epoch 5880 | Val Loss: 150.8578 | Val Cost:  -19.45 | Val Max P-Miss: 1.1009 | Val Max Q-Miss: 0.4378 | Val Max Gen Viol: 0.7990 | Val Max Thermal: 0.0000
Epoch 5890 | Val Loss: 144.3515 | Val Cost:  -18.02 | Val Max P-Miss: 1.1005 | Val Max Q-Miss: 0.4383 | Val Max Gen Viol: 1.0194 | Val Max Thermal: 0.0000
Epoch 5900 | Val Loss: 138.6183 | Val Cost:  -16.67 | Val Max P-Miss: 1.1008 | Val Max Q-Miss: 0.4370 | Val Max Gen Viol: 1.1726 | Val Max Thermal: 0.0000
Epoch 5910 | Val Loss: 161.0471 | Val Cost:  -18.61 | Val Max P-Miss: 1.1137 | Val Max Q-Miss: 0.3926 | Val Max Gen Viol: 1.2802 | Val Max Thermal: 0.0000
Epoch 5920 | Val Loss: 168.2566 | Val Cost:  -23.56 | Val Max P-Miss: 1.1011 | Val Max Q-Miss: 0.4351 | Val Max Gen Viol: 1.3524 | Val Max Thermal: 0.0000
Epoch 5930 | Val Loss: 160.3837 | Val Cost:  -21.95 | Val Max P-Miss: 1.1007 | Val Max Q-Miss: 0.4382 | Val Max Gen Viol: 1.4153 | Val Max Thermal: 0.0000
Epoch 5940 | Val Loss: 152.9016 | Val Cost:  -20.37 | Val Max P-Miss: 1.1008 | Val Max Q-Miss: 0.4382 | Val Max Gen Viol: 1.4623 | Val Max Thermal: 0.1440
Epoch 5950 | Val Loss: 146.0482 | Val Cost:  -18.82 | Val Max P-Miss: 1.1009 | Val Max Q-Miss: 0.4378 | Val Max Gen Viol: 1.4863 | Val Max Thermal: 0.2323
Epoch 5960 | Val Loss: 139.8513 | Val Cost:  -17.30 | Val Max P-Miss: 1.1011 | Val Max Q-Miss: 0.4372 | Val Max Gen Viol: 1.5014 | Val Max Thermal: 0.2827
Epoch 5970 | Val Loss: 159.5180 | Val Cost:  -21.94 | Val Max P-Miss: 1.1016 | Val Max Q-Miss: 0.4381 | Val Max Gen Viol: 1.4462 | Val Max Thermal: 0.0949
Epoch 5980 | Val Loss: 157.8271 | Val Cost:  -21.53 | Val Max P-Miss: 1.1016 | Val Max Q-Miss: 0.4343 | Val Max Gen Viol: 1.4814 | Val Max Thermal: 0.2094
Epoch 5990 | Val Loss: 150.7507 | Val Cost:  -19.99 | Val Max P-Miss: 1.1018 | Val Max Q-Miss: 0.4406 | Val Max Gen Viol: 1.5054 | Val Max Thermal: 0.3153
Epoch 6000 | Val Loss: 145.6593 | Val Cost:  -18.62 | Val Max P-Miss: 1.1012 | Val Max Q-Miss: 0.4410 | Val Max Gen Viol: 1.5100 | Val Max Thermal: 0.5326
Epoch 6010 | Val Loss: 143.8477 | Val Cost:  -18.41 | Val Max P-Miss: 1.1017 | Val Max Q-Miss: 0.4402 | Val Max Gen Viol: 1.4623 | Val Max Thermal: 0.2049
Epoch 6020 | Val Loss: 147.7109 | Val Cost:  -19.38 | Val Max P-Miss: 1.1020 | Val Max Q-Miss: 0.4391 | Val Max Gen Viol: 1.3325 | Val Max Thermal: 0.0000
Epoch 6030 | Val Loss: 147.3705 | Val Cost:  -19.03 | Val Max P-Miss: 1.1022 | Val Max Q-Miss: 0.4356 | Val Max Gen Viol: 1.5024 | Val Max Thermal: 0.2500
Epoch 6040 | Val Loss: 153.2973 | Val Cost:  -18.54 | Val Max P-Miss: 1.1024 | Val Max Q-Miss: 0.4344 | Val Max Gen Viol: 1.4442 | Val Max Thermal: 1.0339
Epoch 6050 | Val Loss: 157.3404 | Val Cost:  -20.95 | Val Max P-Miss: 1.1030 | Val Max Q-Miss: 0.4331 | Val Max Gen Viol: 1.3478 | Val Max Thermal: 0.0000
Epoch 6060 | Val Loss: 159.7668 | Val Cost:  -22.02 | Val Max P-Miss: 1.1034 | Val Max Q-Miss: 0.4378 | Val Max Gen Viol: 1.4443 | Val Max Thermal: 0.1393
Epoch 6070 | Val Loss: 151.4334 | Val Cost:  -20.17 | Val Max P-Miss: 1.1035 | Val Max Q-Miss: 0.4363 | Val Max Gen Viol: 1.5039 | Val Max Thermal: 0.3307
Epoch 6080 | Val Loss: 161.8384 | Val Cost:  -21.98 | Val Max P-Miss: 1.1021 | Val Max Q-Miss: 0.4403 | Val Max Gen Viol: 1.2172 | Val Max Thermal: 0.0000
Epoch 6090 | Val Loss: 157.8249 | Val Cost:  -21.52 | Val Max P-Miss: 1.1024 | Val Max Q-Miss: 0.4397 | Val Max Gen Viol: 1.4934 | Val Max Thermal: 0.2240
Epoch 6100 | Val Loss: 152.3816 | Val Cost:  -20.41 | Val Max P-Miss: 1.1026 | Val Max Q-Miss: 0.4396 | Val Max Gen Viol: 1.5281 | Val Max Thermal: 0.3336
Epoch 6110 | Val Loss: 154.1051 | Val Cost:  -20.78 | Val Max P-Miss: 1.1030 | Val Max Q-Miss: 0.4383 | Val Max Gen Viol: 1.1594 | Val Max Thermal: 0.0000
Epoch 6120 | Val Loss: 148.0191 | Val Cost:  -19.56 | Val Max P-Miss: 1.1032 | Val Max Q-Miss: 0.4386 | Val Max Gen Viol: 1.4902 | Val Max Thermal: 0.3243
Epoch 6130 | Val Loss: 181.1423 | Val Cost:  -14.06 | Val Max P-Miss: 1.1157 | Val Max Q-Miss: 0.4520 | Val Max Gen Viol: 0.1028 | Val Max Thermal: 0.0000
Epoch 6140 | Val Loss: 168.2921 | Val Cost:  -22.81 | Val Max P-Miss: 1.1052 | Val Max Q-Miss: 0.4420 | Val Max Gen Viol: 0.7517 | Val Max Thermal: 0.0000
Epoch 6150 | Val Loss: 159.7939 | Val Cost:  -21.79 | Val Max P-Miss: 1.1050 | Val Max Q-Miss: 0.4395 | Val Max Gen Viol: 1.1820 | Val Max Thermal: 0.0000
Epoch 6160 | Val Loss: 152.4248 | Val Cost:  -20.31 | Val Max P-Miss: 1.1050 | Val Max Q-Miss: 0.4398 | Val Max Gen Viol: 1.3903 | Val Max Thermal: 0.0000
Epoch 6170 | Val Loss: 214.5812 | Val Cost:  -25.91 | Val Max P-Miss: 1.1058 | Val Max Q-Miss: 0.4402 | Val Max Gen Viol: 1.4714 | Val Max Thermal: 0.0000
Epoch 6180 | Val Loss: 675.7126 | Val Cost:  -13.05 | Val Max P-Miss: 1.1060 | Val Max Q-Miss: 0.8232 | Val Max Gen Viol: 0.2032 | Val Max Thermal: 0.0000
Epoch 6190 | Val Loss: 156.5732 | Val Cost:  -18.75 | Val Max P-Miss: 1.1063 | Val Max Q-Miss: 0.4436 | Val Max Gen Viol: 0.1691 | Val Max Thermal: 0.0000
Epoch 6200 | Val Loss: 150.6960 | Val Cost:  -18.29 | Val Max P-Miss: 1.1061 | Val Max Q-Miss: 0.4383 | Val Max Gen Viol: 0.1898 | Val Max Thermal: 0.0000
Epoch 6210 | Val Loss: 146.4109 | Val Cost:  -17.26 | Val Max P-Miss: 1.1061 | Val Max Q-Miss: 0.4367 | Val Max Gen Viol: 0.2471 | Val Max Thermal: 0.0000
Epoch 6220 | Val Loss: 142.5156 | Val Cost:  -16.31 | Val Max P-Miss: 1.1058 | Val Max Q-Miss: 0.4356 | Val Max Gen Viol: 0.3049 | Val Max Thermal: 0.0000
Epoch 6230 | Val Loss: 138.9119 | Val Cost:  -15.35 | Val Max P-Miss: 1.1057 | Val Max Q-Miss: 0.4399 | Val Max Gen Viol: 0.3603 | Val Max Thermal: 0.0000
Epoch 6240 | Val Loss: 173.5070 | Val Cost:  -22.29 | Val Max P-Miss: 1.1053 | Val Max Q-Miss: 0.4661 | Val Max Gen Viol: 0.4252 | Val Max Thermal: 0.0000
Epoch 6250 | Val Loss: 172.6398 | Val Cost:  -23.38 | Val Max P-Miss: 1.1056 | Val Max Q-Miss: 0.4372 | Val Max Gen Viol: 0.4647 | Val Max Thermal: 0.0000
Epoch 6260 | Val Loss: 165.8460 | Val Cost:  -22.05 | Val Max P-Miss: 1.1054 | Val Max Q-Miss: 0.4386 | Val Max Gen Viol: 0.4836 | Val Max Thermal: 0.0000
Epoch 6270 | Val Loss: 159.3947 | Val Cost:  -20.63 | Val Max P-Miss: 1.1053 | Val Max Q-Miss: 0.4395 | Val Max Gen Viol: 0.5275 | Val Max Thermal: 0.0000
Epoch 6280 | Val Loss: 153.0654 | Val Cost:  -19.56 | Val Max P-Miss: 1.1055 | Val Max Q-Miss: 0.4400 | Val Max Gen Viol: 0.6675 | Val Max Thermal: 0.0000
Epoch 6290 | Val Loss: 146.7693 | Val Cost:  -18.75 | Val Max P-Miss: 1.1062 | Val Max Q-Miss: 0.4401 | Val Max Gen Viol: 0.7971 | Val Max Thermal: 0.0000
Epoch 6300 | Val Loss: 141.1778 | Val Cost:  -17.25 | Val Max P-Miss: 1.1062 | Val Max Q-Miss: 0.4402 | Val Max Gen Viol: 0.9190 | Val Max Thermal: 0.0000
Epoch 6310 | Val Loss: 157.5858 | Val Cost:  -21.30 | Val Max P-Miss: 1.1055 | Val Max Q-Miss: 0.4403 | Val Max Gen Viol: 1.0319 | Val Max Thermal: 0.0000
Epoch 6320 | Val Loss: 156.7364 | Val Cost:  -20.80 | Val Max P-Miss: 1.1096 | Val Max Q-Miss: 0.4406 | Val Max Gen Viol: 1.1302 | Val Max Thermal: 0.0000
Epoch 6330 | Val Loss: 149.5342 | Val Cost:  -18.91 | Val Max P-Miss: 1.1097 | Val Max Q-Miss: 0.4416 | Val Max Gen Viol: 1.2136 | Val Max Thermal: 0.0000
Epoch 6340 | Val Loss: 146.5441 | Val Cost:  -18.86 | Val Max P-Miss: 1.0983 | Val Max Q-Miss: 0.4402 | Val Max Gen Viol: 1.3060 | Val Max Thermal: 0.0000
Epoch 6350 | Val Loss: 158.5515 | Val Cost:  -21.54 | Val Max P-Miss: 1.0961 | Val Max Q-Miss: 0.4402 | Val Max Gen Viol: 1.3870 | Val Max Thermal: 0.0000
Epoch 6360 | Val Loss: 162.1339 | Val Cost:  -22.29 | Val Max P-Miss: 1.1065 | Val Max Q-Miss: 0.4398 | Val Max Gen Viol: 1.4088 | Val Max Thermal: 0.1677
Epoch 6370 | Val Loss: 157.9986 | Val Cost:  -21.35 | Val Max P-Miss: 1.1061 | Val Max Q-Miss: 0.4393 | Val Max Gen Viol: 1.3724 | Val Max Thermal: 0.0748
Epoch 6380 | Val Loss: 161.3843 | Val Cost:  -21.72 | Val Max P-Miss: 1.0985 | Val Max Q-Miss: 0.4388 | Val Max Gen Viol: 1.3372 | Val Max Thermal: 0.0000
Epoch 6390 | Val Loss: 164.9145 | Val Cost:  -22.61 | Val Max P-Miss: 1.0987 | Val Max Q-Miss: 0.4373 | Val Max Gen Viol: 1.3623 | Val Max Thermal: 0.1153
Epoch 6400 | Val Loss: 164.2635 | Val Cost:  -22.91 | Val Max P-Miss: 1.0956 | Val Max Q-Miss: 0.4371 | Val Max Gen Viol: 1.4556 | Val Max Thermal: 0.1645
Epoch 6410 | Val Loss: 165.4192 | Val Cost:  -23.08 | Val Max P-Miss: 1.0933 | Val Max Q-Miss: 0.4390 | Val Max Gen Viol: 1.5200 | Val Max Thermal: 0.3689
Epoch 6420 | Val Loss: 167.5119 | Val Cost:  -23.70 | Val Max P-Miss: 1.0926 | Val Max Q-Miss: 0.4388 | Val Max Gen Viol: 1.5333 | Val Max Thermal: 0.4008
Epoch 6430 | Val Loss: 660.5101 | Val Cost:  -38.00 | Val Max P-Miss: 1.1049 | Val Max Q-Miss: 0.5333 | Val Max Gen Viol: 1.5267 | Val Max Thermal: 0.4622
Epoch 6440 | Val Loss: 391.7464 | Val Cost:  -27.50 | Val Max P-Miss: 1.1379 | Val Max Q-Miss: 0.6095 | Val Max Gen Viol: 0.1891 | Val Max Thermal: 0.0000
Epoch 6450 | Val Loss: 168.0399 | Val Cost:   38.61 | Val Max P-Miss: 1.1139 | Val Max Q-Miss: 0.4464 | Val Max Gen Viol: 0.1195 | Val Max Thermal: 0.0000
Epoch 6460 | Val Loss: 184.3226 | Val Cost:   26.12 | Val Max P-Miss: 1.1039 | Val Max Q-Miss: 0.4374 | Val Max Gen Viol: 0.2523 | Val Max Thermal: 0.0000
Epoch 6470 | Val Loss: 189.6692 | Val Cost:   27.11 | Val Max P-Miss: 1.1038 | Val Max Q-Miss: 0.4354 | Val Max Gen Viol: 0.3486 | Val Max Thermal: 0.0000
Epoch 6480 | Val Loss: 194.9703 | Val Cost:   28.13 | Val Max P-Miss: 1.1035 | Val Max Q-Miss: 0.4355 | Val Max Gen Viol: 0.4100 | Val Max Thermal: 0.0000
Epoch 6490 | Val Loss: 199.8234 | Val Cost:   28.92 | Val Max P-Miss: 1.1033 | Val Max Q-Miss: 0.4362 | Val Max Gen Viol: 0.4412 | Val Max Thermal: 0.0000
Epoch 6500 | Val Loss: 204.6093 | Val Cost:   30.06 | Val Max P-Miss: 1.1041 | Val Max Q-Miss: 0.4362 | Val Max Gen Viol: 0.5046 | Val Max Thermal: 0.0000
Epoch 6510 | Val Loss: 178.2946 | Val Cost:   34.03 | Val Max P-Miss: 1.1079 | Val Max Q-Miss: 0.4348 | Val Max Gen Viol: 0.6583 | Val Max Thermal: 0.0000
Epoch 6520 | Val Loss: 160.0291 | Val Cost:   22.39 | Val Max P-Miss: 1.1023 | Val Max Q-Miss: 0.4374 | Val Max Gen Viol: 0.7660 | Val Max Thermal: 0.0000
Epoch 6530 | Val Loss: 164.9962 | Val Cost:   23.27 | Val Max P-Miss: 1.1030 | Val Max Q-Miss: 0.4374 | Val Max Gen Viol: 0.8563 | Val Max Thermal: 0.0000
Epoch 6540 | Val Loss: 170.1533 | Val Cost:   24.27 | Val Max P-Miss: 1.1029 | Val Max Q-Miss: 0.4377 | Val Max Gen Viol: 0.9407 | Val Max Thermal: 0.0000
Epoch 6550 | Val Loss: 172.0280 | Val Cost:   24.83 | Val Max P-Miss: 1.1031 | Val Max Q-Miss: 0.4379 | Val Max Gen Viol: 1.0367 | Val Max Thermal: 0.0000
Epoch 6560 | Val Loss: 173.7884 | Val Cost:   25.12 | Val Max P-Miss: 1.1031 | Val Max Q-Miss: 0.4384 | Val Max Gen Viol: 1.1371 | Val Max Thermal: 0.0000
Epoch 6570 | Val Loss: 175.2109 | Val Cost:   25.48 | Val Max P-Miss: 1.1032 | Val Max Q-Miss: 0.4384 | Val Max Gen Viol: 1.2437 | Val Max Thermal: 0.0000
Epoch 6580 | Val Loss: 177.4894 | Val Cost:   26.05 | Val Max P-Miss: 1.1034 | Val Max Q-Miss: 0.4385 | Val Max Gen Viol: 1.3569 | Val Max Thermal: 0.0000
Epoch 6590 | Val Loss: 166.8731 | Val Cost:   23.94 | Val Max P-Miss: 1.1032 | Val Max Q-Miss: 0.4379 | Val Max Gen Viol: 0.5709 | Val Max Thermal: 0.0000
Epoch 6600 | Val Loss: 170.1892 | Val Cost:   24.79 | Val Max P-Miss: 1.1030 | Val Max Q-Miss: 0.4384 | Val Max Gen Viol: 1.1700 | Val Max Thermal: 0.0000
Epoch 6610 | Val Loss: 172.8503 | Val Cost:   25.35 | Val Max P-Miss: 1.1030 | Val Max Q-Miss: 0.4386 | Val Max Gen Viol: 1.3952 | Val Max Thermal: 0.0000
Epoch 6620 | Val Loss: 159.7415 | Val Cost:   22.64 | Val Max P-Miss: 1.1028 | Val Max Q-Miss: 0.4377 | Val Max Gen Viol: 1.1144 | Val Max Thermal: 0.0000
Epoch 6630 | Val Loss: 162.3050 | Val Cost:   23.38 | Val Max P-Miss: 1.1029 | Val Max Q-Miss: 0.4380 | Val Max Gen Viol: 1.4307 | Val Max Thermal: 0.0437
Epoch 6640 | Val Loss: 174.4999 | Val Cost:   23.54 | Val Max P-Miss: 1.1032 | Val Max Q-Miss: 0.4401 | Val Max Gen Viol: 1.5260 | Val Max Thermal: 0.3571
Epoch 6650 | Val Loss: 161.2632 | Val Cost:   23.19 | Val Max P-Miss: 1.1028 | Val Max Q-Miss: 0.4388 | Val Max Gen Viol: 1.5411 | Val Max Thermal: 0.4141
Epoch 6660 | Val Loss: 167.4550 | Val Cost:   23.13 | Val Max P-Miss: 1.1033 | Val Max Q-Miss: 0.4408 | Val Max Gen Viol: 1.5062 | Val Max Thermal: 0.0272
Epoch 6670 | Val Loss: 163.5633 | Val Cost:   22.84 | Val Max P-Miss: 1.1032 | Val Max Q-Miss: 0.4391 | Val Max Gen Viol: 1.4415 | Val Max Thermal: 0.6973
Epoch 6680 | Val Loss: 170.5718 | Val Cost:   24.09 | Val Max P-Miss: 1.1032 | Val Max Q-Miss: 0.4393 | Val Max Gen Viol: 1.4392 | Val Max Thermal: 0.6867
Epoch 6690 | Val Loss: 816.5508 | Val Cost:   13.49 | Val Max P-Miss: 1.0251 | Val Max Q-Miss: 0.8381 | Val Max Gen Viol: 1.2799 | Val Max Thermal: 0.0000
Epoch 6700 | Val Loss: 208.4065 | Val Cost:  -19.57 | Val Max P-Miss: 1.1042 | Val Max Q-Miss: 0.4369 | Val Max Gen Viol: 0.1864 | Val Max Thermal: 0.0000
Epoch 6710 | Val Loss: 162.6488 | Val Cost:   21.84 | Val Max P-Miss: 1.1034 | Val Max Q-Miss: 0.4391 | Val Max Gen Viol: 0.2329 | Val Max Thermal: 0.0000
Epoch 6720 | Val Loss: 159.1367 | Val Cost:   22.01 | Val Max P-Miss: 1.1018 | Val Max Q-Miss: 0.4371 | Val Max Gen Viol: 0.5442 | Val Max Thermal: 0.0000
Epoch 6730 | Val Loss: 157.7010 | Val Cost:   22.06 | Val Max P-Miss: 1.1013 | Val Max Q-Miss: 0.4384 | Val Max Gen Viol: 0.9203 | Val Max Thermal: 0.0000
Epoch 6740 | Val Loss: 157.5280 | Val Cost:   22.20 | Val Max P-Miss: 1.1011 | Val Max Q-Miss: 0.4390 | Val Max Gen Viol: 1.1450 | Val Max Thermal: 0.0000
Epoch 6750 | Val Loss: 157.9113 | Val Cost:   22.39 | Val Max P-Miss: 1.1011 | Val Max Q-Miss: 0.4393 | Val Max Gen Viol: 1.2725 | Val Max Thermal: 0.0000
Epoch 6760 | Val Loss: 158.6970 | Val Cost:   22.63 | Val Max P-Miss: 1.1010 | Val Max Q-Miss: 0.4393 | Val Max Gen Viol: 1.3428 | Val Max Thermal: 0.0000
Epoch 6770 | Val Loss: 159.6607 | Val Cost:   22.90 | Val Max P-Miss: 1.1010 | Val Max Q-Miss: 0.4391 | Val Max Gen Viol: 1.3832 | Val Max Thermal: 0.0000
Epoch 6780 | Val Loss: 160.9460 | Val Cost:   23.19 | Val Max P-Miss: 1.1011 | Val Max Q-Miss: 0.4390 | Val Max Gen Viol: 1.4071 | Val Max Thermal: 0.0000
Epoch 6790 | Val Loss: 162.3242 | Val Cost:   23.52 | Val Max P-Miss: 1.1010 | Val Max Q-Miss: 0.4388 | Val Max Gen Viol: 1.4204 | Val Max Thermal: 0.0000
Epoch 6800 | Val Loss: 163.9000 | Val Cost:   23.84 | Val Max P-Miss: 1.1010 | Val Max Q-Miss: 0.4385 | Val Max Gen Viol: 1.4257 | Val Max Thermal: 0.0843
Epoch 6810 | Val Loss: 166.1662 | Val Cost:   24.24 | Val Max P-Miss: 1.1010 | Val Max Q-Miss: 0.4379 | Val Max Gen Viol: 1.4288 | Val Max Thermal: 0.0807
Epoch 6820 | Val Loss: 166.0837 | Val Cost:   24.34 | Val Max P-Miss: 1.1013 | Val Max Q-Miss: 0.4399 | Val Max Gen Viol: 1.4289 | Val Max Thermal: 0.0603
Epoch 6830 | Val Loss: 163.5334 | Val Cost:   23.89 | Val Max P-Miss: 1.1012 | Val Max Q-Miss: 0.4410 | Val Max Gen Viol: 1.4268 | Val Max Thermal: 0.0216
Epoch 6840 | Val Loss: 163.3738 | Val Cost:   23.95 | Val Max P-Miss: 1.1011 | Val Max Q-Miss: 0.4400 | Val Max Gen Viol: 1.4208 | Val Max Thermal: 0.0070
Epoch 6850 | Val Loss: 163.7579 | Val Cost:   24.08 | Val Max P-Miss: 1.1012 | Val Max Q-Miss: 0.4398 | Val Max Gen Viol: 1.4130 | Val Max Thermal: 0.0000
Epoch 6860 | Val Loss: 164.8826 | Val Cost:   24.33 | Val Max P-Miss: 1.1010 | Val Max Q-Miss: 0.4394 | Val Max Gen Viol: 1.4036 | Val Max Thermal: 0.0000
Epoch 6870 | Val Loss: 166.5574 | Val Cost:   24.68 | Val Max P-Miss: 1.1011 | Val Max Q-Miss: 0.4395 | Val Max Gen Viol: 1.3915 | Val Max Thermal: 0.0000
Epoch 6880 | Val Loss: 170.0670 | Val Cost:   24.77 | Val Max P-Miss: 1.1016 | Val Max Q-Miss: 0.4416 | Val Max Gen Viol: 1.3758 | Val Max Thermal: 0.0000
Epoch 6890 | Val Loss: 199.7202 | Val Cost:  -25.55 | Val Max P-Miss: 1.0965 | Val Max Q-Miss: 0.4404 | Val Max Gen Viol: 0.1515 | Val Max Thermal: 0.0000
Epoch 6900 | Val Loss: 170.8897 | Val Cost:  -22.85 | Val Max P-Miss: 1.1052 | Val Max Q-Miss: 0.4437 | Val Max Gen Viol: 0.1193 | Val Max Thermal: 0.0000
Epoch 6910 | Val Loss: 167.5258 | Val Cost:  -22.32 | Val Max P-Miss: 1.1052 | Val Max Q-Miss: 0.4407 | Val Max Gen Viol: 0.2823 | Val Max Thermal: 0.0000
Epoch 6920 | Val Loss: 162.1360 | Val Cost:  -21.55 | Val Max P-Miss: 1.1052 | Val Max Q-Miss: 0.4374 | Val Max Gen Viol: 0.4356 | Val Max Thermal: 0.0000
Epoch 6930 | Val Loss: 156.9157 | Val Cost:  -20.84 | Val Max P-Miss: 1.1048 | Val Max Q-Miss: 0.4356 | Val Max Gen Viol: 0.7344 | Val Max Thermal: 0.0000
Epoch 6940 | Val Loss: 152.9159 | Val Cost:  -20.25 | Val Max P-Miss: 1.1041 | Val Max Q-Miss: 0.4370 | Val Max Gen Viol: 1.0391 | Val Max Thermal: 0.0000
Epoch 6950 | Val Loss: 149.3939 | Val Cost:  -19.65 | Val Max P-Miss: 1.1035 | Val Max Q-Miss: 0.4380 | Val Max Gen Viol: 1.2399 | Val Max Thermal: 0.0000
Epoch 6960 | Val Loss: 147.0921 | Val Cost:  -19.11 | Val Max P-Miss: 1.1033 | Val Max Q-Miss: 0.4384 | Val Max Gen Viol: 1.3423 | Val Max Thermal: 0.0000
Epoch 6970 | Val Loss: 145.1187 | Val Cost:  -18.80 | Val Max P-Miss: 1.1034 | Val Max Q-Miss: 0.4384 | Val Max Gen Viol: 1.3930 | Val Max Thermal: 0.0000
Epoch 6980 | Val Loss: 144.8779 | Val Cost:  -18.71 | Val Max P-Miss: 1.1036 | Val Max Q-Miss: 0.4387 | Val Max Gen Viol: 1.4159 | Val Max Thermal: 0.0000
Epoch 6990 | Val Loss: 143.2534 | Val Cost:  -18.42 | Val Max P-Miss: 1.1036 | Val Max Q-Miss: 0.4398 | Val Max Gen Viol: 1.4304 | Val Max Thermal: 0.0791
Epoch 7000 | Val Loss: 145.5258 | Val Cost:  -18.96 | Val Max P-Miss: 1.1039 | Val Max Q-Miss: 0.4407 | Val Max Gen Viol: 1.3040 | Val Max Thermal: 0.0000
Epoch 7010 | Val Loss: 143.6983 | Val Cost:  -18.69 | Val Max P-Miss: 1.1040 | Val Max Q-Miss: 0.4403 | Val Max Gen Viol: 1.4100 | Val Max Thermal: 0.0000
Epoch 7020 | Val Loss: 147.9525 | Val Cost:  -20.30 | Val Max P-Miss: 1.1045 | Val Max Q-Miss: 0.4392 | Val Max Gen Viol: 1.1030 | Val Max Thermal: 0.0000
Epoch 7030 | Val Loss: 145.3067 | Val Cost:  -19.64 | Val Max P-Miss: 1.1053 | Val Max Q-Miss: 0.4398 | Val Max Gen Viol: 1.3601 | Val Max Thermal: 0.0000
Epoch 7040 | Val Loss: 155.1470 | Val Cost:  -20.31 | Val Max P-Miss: 1.1057 | Val Max Q-Miss: 0.4412 | Val Max Gen Viol: 1.2915 | Val Max Thermal: 0.0000
Epoch 7050 | Val Loss: 148.0226 | Val Cost:  -19.47 | Val Max P-Miss: 1.1095 | Val Max Q-Miss: 0.4365 | Val Max Gen Viol: 1.4172 | Val Max Thermal: 0.0000
Epoch 7060 | Val Loss: 141.5343 | Val Cost:  -17.73 | Val Max P-Miss: 1.1092 | Val Max Q-Miss: 0.4352 | Val Max Gen Viol: 1.4176 | Val Max Thermal: 0.0115
Epoch 7070 | Val Loss: 2074.5366 | Val Cost: -152.17 | Val Max P-Miss: 1.1198 | Val Max Q-Miss: 1.1815 | Val Max Gen Viol: 0.2085 | Val Max Thermal: 0.0000
Epoch 7080 | Val Loss: 170.9610 | Val Cost:   23.95 | Val Max P-Miss: 1.1150 | Val Max Q-Miss: 0.4400 | Val Max Gen Viol: 0.1066 | Val Max Thermal: 0.0000
Epoch 7090 | Val Loss: 152.0497 | Val Cost:  -19.73 | Val Max P-Miss: 1.1022 | Val Max Q-Miss: 0.4317 | Val Max Gen Viol: 0.2746 | Val Max Thermal: 0.0000
Epoch 7100 | Val Loss: 146.3363 | Val Cost:  -18.63 | Val Max P-Miss: 1.1012 | Val Max Q-Miss: 0.4307 | Val Max Gen Viol: 0.7122 | Val Max Thermal: 0.0000
Epoch 7110 | Val Loss: 144.3311 | Val Cost:  -18.35 | Val Max P-Miss: 1.1011 | Val Max Q-Miss: 0.4314 | Val Max Gen Viol: 0.9669 | Val Max Thermal: 0.0000
Epoch 7120 | Val Loss: 142.7887 | Val Cost:  -18.07 | Val Max P-Miss: 1.1012 | Val Max Q-Miss: 0.4320 | Val Max Gen Viol: 1.1067 | Val Max Thermal: 0.0000
Epoch 7130 | Val Loss: 141.4323 | Val Cost:  -17.81 | Val Max P-Miss: 1.1012 | Val Max Q-Miss: 0.4323 | Val Max Gen Viol: 1.1993 | Val Max Thermal: 0.0000
Epoch 7140 | Val Loss: 140.0446 | Val Cost:  -17.52 | Val Max P-Miss: 1.1013 | Val Max Q-Miss: 0.4323 | Val Max Gen Viol: 1.2639 | Val Max Thermal: 0.0000
Epoch 7150 | Val Loss: 138.6922 | Val Cost:  -17.23 | Val Max P-Miss: 1.1014 | Val Max Q-Miss: 0.4324 | Val Max Gen Viol: 1.3088 | Val Max Thermal: 0.0000
Epoch 7160 | Val Loss: 137.2955 | Val Cost:  -16.92 | Val Max P-Miss: 1.1015 | Val Max Q-Miss: 0.4324 | Val Max Gen Viol: 1.3378 | Val Max Thermal: 0.0000
Epoch 7170 | Val Loss: 135.8456 | Val Cost:  -16.59 | Val Max P-Miss: 1.1016 | Val Max Q-Miss: 0.4321 | Val Max Gen Viol: 1.3539 | Val Max Thermal: 0.0000 [*SAVED BEST*]
Epoch 7180 | Val Loss: 134.3695 | Val Cost:  -16.24 | Val Max P-Miss: 1.1017 | Val Max Q-Miss: 0.4324 | Val Max Gen Viol: 1.3595 | Val Max Thermal: 0.0000 [*SAVED BEST*]
Epoch 7190 | Val Loss: 134.0635 | Val Cost:  -16.14 | Val Max P-Miss: 1.1019 | Val Max Q-Miss: 0.4344 | Val Max Gen Viol: 1.3596 | Val Max Thermal: 0.0000 [*SAVED BEST*]
Epoch 7200 | Val Loss: 132.9474 | Val Cost:  -15.91 | Val Max P-Miss: 1.1020 | Val Max Q-Miss: 0.4343 | Val Max Gen Viol: 1.3533 | Val Max Thermal: 0.0000 [*SAVED BEST*]
Epoch 7210 | Val Loss: 135.1208 | Val Cost:  -16.54 | Val Max P-Miss: 1.1021 | Val Max Q-Miss: 0.4336 | Val Max Gen Viol: 1.1964 | Val Max Thermal: 0.0000
Epoch 7220 | Val Loss: 134.5273 | Val Cost:  -16.50 | Val Max P-Miss: 1.1023 | Val Max Q-Miss: 0.4328 | Val Max Gen Viol: 1.2917 | Val Max Thermal: 0.0000
Epoch 7230 | Val Loss: 133.5613 | Val Cost:  -16.23 | Val Max P-Miss: 1.1025 | Val Max Q-Miss: 0.4328 | Val Max Gen Viol: 1.2928 | Val Max Thermal: 0.0000
Epoch 7240 | Val Loss: 137.0157 | Val Cost:  -17.22 | Val Max P-Miss: 1.1026 | Val Max Q-Miss: 0.4338 | Val Max Gen Viol: 1.1306 | Val Max Thermal: 0.0000
Epoch 7250 | Val Loss: 135.3174 | Val Cost:  -16.83 | Val Max P-Miss: 1.1026 | Val Max Q-Miss: 0.4335 | Val Max Gen Viol: 1.2151 | Val Max Thermal: 0.0000
Epoch 7260 | Val Loss: 198.5484 | Val Cost:  -22.47 | Val Max P-Miss: 1.1045 | Val Max Q-Miss: 0.4572 | Val Max Gen Viol: 1.1587 | Val Max Thermal: 0.0000
Epoch 7270 | Val Loss: 151.5831 | Val Cost:  -20.33 | Val Max P-Miss: 1.1032 | Val Max Q-Miss: 0.4321 | Val Max Gen Viol: 0.5629 | Val Max Thermal: 0.0000
Epoch 7280 | Val Loss: 147.9236 | Val Cost:  -19.85 | Val Max P-Miss: 1.1027 | Val Max Q-Miss: 0.4333 | Val Max Gen Viol: 1.0567 | Val Max Thermal: 0.0000
Epoch 7290 | Val Loss: 137.0868 | Val Cost:  -17.28 | Val Max P-Miss: 1.1031 | Val Max Q-Miss: 0.4352 | Val Max Gen Viol: 1.1461 | Val Max Thermal: 0.0000
Epoch 7300 | Val Loss: 134.4993 | Val Cost:  -16.65 | Val Max P-Miss: 1.1028 | Val Max Q-Miss: 0.4360 | Val Max Gen Viol: 1.2491 | Val Max Thermal: 0.0000
Epoch 7310 | Val Loss: 146.2845 | Val Cost:  -16.69 | Val Max P-Miss: 1.1033 | Val Max Q-Miss: 0.4376 | Val Max Gen Viol: 0.9437 | Val Max Thermal: 0.0000
Epoch 7320 | Val Loss: 137.2321 | Val Cost:  -17.30 | Val Max P-Miss: 1.1030 | Val Max Q-Miss: 0.4349 | Val Max Gen Viol: 1.2111 | Val Max Thermal: 0.0000
Epoch 7330 | Val Loss: 137.1987 | Val Cost:  -17.02 | Val Max P-Miss: 1.1029 | Val Max Q-Miss: 0.4338 | Val Max Gen Viol: 1.2940 | Val Max Thermal: 0.0000
Epoch 7340 | Val Loss: 144.9337 | Val Cost:  -18.69 | Val Max P-Miss: 1.1045 | Val Max Q-Miss: 0.4409 | Val Max Gen Viol: 0.4649 | Val Max Thermal: 0.0000
Epoch 7350 | Val Loss: 139.8912 | Val Cost:  -18.11 | Val Max P-Miss: 1.1035 | Val Max Q-Miss: 0.4348 | Val Max Gen Viol: 1.1679 | Val Max Thermal: 0.0000
Epoch 7360 | Val Loss: 4588.8950 | Val Cost:  -27.81 | Val Max P-Miss: 1.6488 | Val Max Q-Miss: 2.7460 | Val Max Gen Viol: 1.7068 | Val Max Thermal: 0.2852
Epoch 7370 | Val Loss: 187.0664 | Val Cost:  -19.32 | Val Max P-Miss: 1.1174 | Val Max Q-Miss: 0.3935 | Val Max Gen Viol: 0.1352 | Val Max Thermal: 0.0000
Epoch 7380 | Val Loss: 143.6873 | Val Cost:  -17.56 | Val Max P-Miss: 1.1042 | Val Max Q-Miss: 0.4383 | Val Max Gen Viol: 0.3118 | Val Max Thermal: 0.0000
Epoch 7390 | Val Loss: 142.4088 | Val Cost:  -17.61 | Val Max P-Miss: 1.1031 | Val Max Q-Miss: 0.4389 | Val Max Gen Viol: 0.5353 | Val Max Thermal: 0.0000
Epoch 7400 | Val Loss: 141.7542 | Val Cost:  -17.66 | Val Max P-Miss: 1.1025 | Val Max Q-Miss: 0.4407 | Val Max Gen Viol: 0.8244 | Val Max Thermal: 0.0000
Epoch 7410 | Val Loss: 141.2264 | Val Cost:  -17.64 | Val Max P-Miss: 1.1023 | Val Max Q-Miss: 0.4414 | Val Max Gen Viol: 1.0080 | Val Max Thermal: 0.0000
Epoch 7420 | Val Loss: 140.7212 | Val Cost:  -17.59 | Val Max P-Miss: 1.1021 | Val Max Q-Miss: 0.4418 | Val Max Gen Viol: 1.1213 | Val Max Thermal: 0.0000
Epoch 7430 | Val Loss: 140.1721 | Val Cost:  -17.53 | Val Max P-Miss: 1.1020 | Val Max Q-Miss: 0.4417 | Val Max Gen Viol: 1.1932 | Val Max Thermal: 0.0000
Epoch 7440 | Val Loss: 139.6058 | Val Cost:  -17.45 | Val Max P-Miss: 1.1020 | Val Max Q-Miss: 0.4415 | Val Max Gen Viol: 1.2410 | Val Max Thermal: 0.0000
Epoch 7450 | Val Loss: 138.9901 | Val Cost:  -17.36 | Val Max P-Miss: 1.1019 | Val Max Q-Miss: 0.4412 | Val Max Gen Viol: 1.2732 | Val Max Thermal: 0.0000
Epoch 7460 | Val Loss: 138.3791 | Val Cost:  -17.25 | Val Max P-Miss: 1.1020 | Val Max Q-Miss: 0.4407 | Val Max Gen Viol: 1.2945 | Val Max Thermal: 0.0000
Epoch 7470 | Val Loss: 137.7455 | Val Cost:  -17.18 | Val Max P-Miss: 1.1021 | Val Max Q-Miss: 0.4406 | Val Max Gen Viol: 1.3067 | Val Max Thermal: 0.0000
Epoch 7480 | Val Loss: 136.8796 | Val Cost:  -17.03 | Val Max P-Miss: 1.1024 | Val Max Q-Miss: 0.4414 | Val Max Gen Viol: 1.3122 | Val Max Thermal: 0.0000
Epoch 7490 | Val Loss: 135.6434 | Val Cost:  -16.75 | Val Max P-Miss: 1.1024 | Val Max Q-Miss: 0.4409 | Val Max Gen Viol: 1.3118 | Val Max Thermal: 0.0000
Epoch 7500 | Val Loss: 134.4664 | Val Cost:  -16.49 | Val Max P-Miss: 1.1025 | Val Max Q-Miss: 0.4403 | Val Max Gen Viol: 1.3057 | Val Max Thermal: 0.0000
Epoch 7510 | Val Loss: 133.9233 | Val Cost:  -16.39 | Val Max P-Miss: 1.1025 | Val Max Q-Miss: 0.4401 | Val Max Gen Viol: 1.2947 | Val Max Thermal: 0.0000
Epoch 7520 | Val Loss: 133.2794 | Val Cost:  -16.27 | Val Max P-Miss: 1.1026 | Val Max Q-Miss: 0.4401 | Val Max Gen Viol: 1.2811 | Val Max Thermal: 0.0000
Epoch 7530 | Val Loss: 132.4395 | Val Cost:  -16.14 | Val Max P-Miss: 1.1029 | Val Max Q-Miss: 0.4401 | Val Max Gen Viol: 1.2659 | Val Max Thermal: 0.0000 [*SAVED BEST*]
Epoch 7540 | Val Loss: 176.3733 | Val Cost:  -21.62 | Val Max P-Miss: 1.1030 | Val Max Q-Miss: 0.4343 | Val Max Gen Viol: 1.2379 | Val Max Thermal: 0.0000
Epoch 7550 | Val Loss: 152.3635 | Val Cost:  -19.83 | Val Max P-Miss: 1.1139 | Val Max Q-Miss: 0.4409 | Val Max Gen Viol: 0.5790 | Val Max Thermal: 0.0000
Epoch 7560 | Val Loss: 145.1304 | Val Cost:  -19.08 | Val Max P-Miss: 1.1037 | Val Max Q-Miss: 0.4387 | Val Max Gen Viol: 1.1024 | Val Max Thermal: 0.0000
Epoch 7570 | Val Loss: 142.8307 | Val Cost:  -18.59 | Val Max P-Miss: 1.1038 | Val Max Q-Miss: 0.4400 | Val Max Gen Viol: 1.2809 | Val Max Thermal: 0.0000
Epoch 7580 | Val Loss: 141.0424 | Val Cost:  -18.05 | Val Max P-Miss: 1.1033 | Val Max Q-Miss: 0.4392 | Val Max Gen Viol: 1.3487 | Val Max Thermal: 0.0000
Epoch 7590 | Val Loss: 140.7292 | Val Cost:  -18.03 | Val Max P-Miss: 1.1040 | Val Max Q-Miss: 0.4397 | Val Max Gen Viol: 1.3696 | Val Max Thermal: 0.0000
Epoch 7600 | Val Loss: 139.1123 | Val Cost:  -17.60 | Val Max P-Miss: 1.1049 | Val Max Q-Miss: 0.4411 | Val Max Gen Viol: 1.3661 | Val Max Thermal: 0.0000
Epoch 7610 | Val Loss: 135.7311 | Val Cost:  -16.79 | Val Max P-Miss: 1.1053 | Val Max Q-Miss: 0.4418 | Val Max Gen Viol: 1.3532 | Val Max Thermal: 0.0000
Epoch 7620 | Val Loss: 133.0083 | Val Cost:  -16.55 | Val Max P-Miss: 1.1020 | Val Max Q-Miss: 0.4371 | Val Max Gen Viol: 1.3382 | Val Max Thermal: 0.0000
Epoch 7630 | Val Loss: 133.7918 | Val Cost:  -16.64 | Val Max P-Miss: 1.1006 | Val Max Q-Miss: 0.4368 | Val Max Gen Viol: 1.3178 | Val Max Thermal: 0.0000
Epoch 7640 | Val Loss: 136.1571 | Val Cost:  -17.25 | Val Max P-Miss: 1.1003 | Val Max Q-Miss: 0.4372 | Val Max Gen Viol: 1.2991 | Val Max Thermal: 0.0000
Epoch 7650 | Val Loss: 134.1366 | Val Cost:  -16.79 | Val Max P-Miss: 1.1003 | Val Max Q-Miss: 0.4385 | Val Max Gen Viol: 1.2891 | Val Max Thermal: 0.0000
Epoch 7660 | Val Loss: 917.0733 | Val Cost:   14.84 | Val Max P-Miss: 1.1979 | Val Max Q-Miss: 1.3251 | Val Max Gen Viol: 0.6854 | Val Max Thermal: 0.0000
Epoch 7670 | Val Loss: 145.6980 | Val Cost:   18.68 | Val Max P-Miss: 1.1044 | Val Max Q-Miss: 0.4419 | Val Max Gen Viol: 0.3663 | Val Max Thermal: 0.0000
Epoch 7680 | Val Loss: 142.4745 | Val Cost:   18.84 | Val Max P-Miss: 1.1020 | Val Max Q-Miss: 0.4469 | Val Max Gen Viol: 0.6799 | Val Max Thermal: 0.0000
Epoch 7690 | Val Loss: 141.7602 | Val Cost:   18.95 | Val Max P-Miss: 1.1013 | Val Max Q-Miss: 0.4472 | Val Max Gen Viol: 0.9242 | Val Max Thermal: 0.0000
Epoch 7700 | Val Loss: 141.5801 | Val Cost:   19.03 | Val Max P-Miss: 1.1009 | Val Max Q-Miss: 0.4455 | Val Max Gen Viol: 1.0478 | Val Max Thermal: 0.0000
Epoch 7710 | Val Loss: 141.7730 | Val Cost:   19.14 | Val Max P-Miss: 1.1006 | Val Max Q-Miss: 0.4440 | Val Max Gen Viol: 1.1136 | Val Max Thermal: 0.0000
Epoch 7720 | Val Loss: 142.3207 | Val Cost:   19.31 | Val Max P-Miss: 1.0999 | Val Max Q-Miss: 0.4428 | Val Max Gen Viol: 1.1603 | Val Max Thermal: 0.0000
Epoch 7730 | Val Loss: 143.3041 | Val Cost:   19.54 | Val Max P-Miss: 1.0989 | Val Max Q-Miss: 0.4416 | Val Max Gen Viol: 1.1860 | Val Max Thermal: 0.0000
Epoch 7740 | Val Loss: 148.6836 | Val Cost:   19.70 | Val Max P-Miss: 1.0997 | Val Max Q-Miss: 0.4412 | Val Max Gen Viol: 1.1993 | Val Max Thermal: 0.0000
Epoch 7750 | Val Loss: 141.3701 | Val Cost:   19.18 | Val Max P-Miss: 1.1031 | Val Max Q-Miss: 0.4418 | Val Max Gen Viol: 1.2139 | Val Max Thermal: 0.0000
Epoch 7760 | Val Loss: 160.0430 | Val Cost:   25.72 | Val Max P-Miss: 1.1106 | Val Max Q-Miss: 0.4432 | Val Max Gen Viol: 0.9713 | Val Max Thermal: 0.0000
Epoch 7770 | Val Loss: 149.8867 | Val Cost:   21.25 | Val Max P-Miss: 1.1054 | Val Max Q-Miss: 0.4404 | Val Max Gen Viol: 1.2741 | Val Max Thermal: 0.0000
Epoch 7780 | Val Loss: 148.3026 | Val Cost:   20.93 | Val Max P-Miss: 1.1040 | Val Max Q-Miss: 0.4407 | Val Max Gen Viol: 1.2985 | Val Max Thermal: 0.0000
Epoch 7790 | Val Loss: 143.1767 | Val Cost:   19.38 | Val Max P-Miss: 1.1043 | Val Max Q-Miss: 0.4401 | Val Max Gen Viol: 1.2411 | Val Max Thermal: 0.0000
Epoch 7800 | Val Loss: 140.7162 | Val Cost:   19.46 | Val Max P-Miss: 1.1039 | Val Max Q-Miss: 0.4395 | Val Max Gen Viol: 1.3299 | Val Max Thermal: 0.0000
Epoch 7810 | Val Loss: 182.9633 | Val Cost:   25.20 | Val Max P-Miss: 1.0946 | Val Max Q-Miss: 0.4361 | Val Max Gen Viol: 1.2593 | Val Max Thermal: 0.0000
Epoch 7820 | Val Loss: 161.9622 | Val Cost:  -15.09 | Val Max P-Miss: 1.0794 | Val Max Q-Miss: 0.4433 | Val Max Gen Viol: 0.2211 | Val Max Thermal: 0.0000
Epoch 7830 | Val Loss: 154.0122 | Val Cost:  -20.68 | Val Max P-Miss: 1.1033 | Val Max Q-Miss: 0.4377 | Val Max Gen Viol: 0.5038 | Val Max Thermal: 0.0000
Epoch 7840 | Val Loss: 152.1012 | Val Cost:  -20.53 | Val Max P-Miss: 1.1021 | Val Max Q-Miss: 0.4412 | Val Max Gen Viol: 0.9165 | Val Max Thermal: 0.0000
Epoch 7850 | Val Loss: 152.5120 | Val Cost:  -20.62 | Val Max P-Miss: 1.1015 | Val Max Q-Miss: 0.4413 | Val Max Gen Viol: 1.1155 | Val Max Thermal: 0.0000
Epoch 7860 | Val Loss: 151.9667 | Val Cost:  -20.59 | Val Max P-Miss: 1.1018 | Val Max Q-Miss: 0.4444 | Val Max Gen Viol: 1.2108 | Val Max Thermal: 0.0000
Epoch 7870 | Val Loss: 150.7244 | Val Cost:  -20.42 | Val Max P-Miss: 1.1018 | Val Max Q-Miss: 0.4441 | Val Max Gen Viol: 1.2523 | Val Max Thermal: 0.0000
Epoch 7880 | Val Loss: 151.1571 | Val Cost:  -20.56 | Val Max P-Miss: 1.1018 | Val Max Q-Miss: 0.4434 | Val Max Gen Viol: 1.2656 | Val Max Thermal: 0.0000
Epoch 7890 | Val Loss: 167.2166 | Val Cost:  -20.71 | Val Max P-Miss: 1.1019 | Val Max Q-Miss: 0.4425 | Val Max Gen Viol: 1.2667 | Val Max Thermal: 0.0000
Epoch 7900 | Val Loss: 147.8569 | Val Cost:  -19.78 | Val Max P-Miss: 1.1018 | Val Max Q-Miss: 0.4390 | Val Max Gen Viol: 1.1248 | Val Max Thermal: 0.0000
Epoch 7910 | Val Loss: 147.4319 | Val Cost:  -19.82 | Val Max P-Miss: 1.1018 | Val Max Q-Miss: 0.4383 | Val Max Gen Viol: 1.2730 | Val Max Thermal: 0.0000
Epoch 7920 | Val Loss: 145.7821 | Val Cost:  -19.53 | Val Max P-Miss: 1.1023 | Val Max Q-Miss: 0.4386 | Val Max Gen Viol: 1.2612 | Val Max Thermal: 0.0000
Epoch 7930 | Val Loss: 148.8054 | Val Cost:  -19.15 | Val Max P-Miss: 1.1019 | Val Max Q-Miss: 0.4396 | Val Max Gen Viol: 1.2983 | Val Max Thermal: 0.0000
Epoch 7940 | Val Loss: 143.4448 | Val Cost:  -19.05 | Val Max P-Miss: 1.1022 | Val Max Q-Miss: 0.4420 | Val Max Gen Viol: 1.2974 | Val Max Thermal: 0.0000
Epoch 7950 | Val Loss: 143.6015 | Val Cost:  -18.95 | Val Max P-Miss: 1.1024 | Val Max Q-Miss: 0.4405 | Val Max Gen Viol: 1.2927 | Val Max Thermal: 0.0000
Epoch 7960 | Val Loss: 143.4126 | Val Cost:  -19.14 | Val Max P-Miss: 1.1025 | Val Max Q-Miss: 0.4417 | Val Max Gen Viol: 1.2998 | Val Max Thermal: 0.0000
Epoch 7970 | Val Loss: 134.1359 | Val Cost:  -16.16 | Val Max P-Miss: 1.1027 | Val Max Q-Miss: 0.4422 | Val Max Gen Viol: 1.3031 | Val Max Thermal: 0.0000
Epoch 7980 | Val Loss: 145.9073 | Val Cost:  -20.73 | Val Max P-Miss: 1.1037 | Val Max Q-Miss: 0.4458 | Val Max Gen Viol: 0.2832 | Val Max Thermal: 0.0000
Epoch 7990 | Val Loss: 138.1300 | Val Cost:  -17.26 | Val Max P-Miss: 1.1023 | Val Max Q-Miss: 0.4331 | Val Max Gen Viol: 1.0100 | Val Max Thermal: 0.0000
Epoch 8000 | Val Loss: 135.7816 | Val Cost:  -16.82 | Val Max P-Miss: 1.1022 | Val Max Q-Miss: 0.4364 | Val Max Gen Viol: 1.2166 | Val Max Thermal: 0.0000
Epoch 8010 | Val Loss: 138.3143 | Val Cost:  -17.54 | Val Max P-Miss: 1.1025 | Val Max Q-Miss: 0.4378 | Val Max Gen Viol: 1.1346 | Val Max Thermal: 0.0000
Epoch 8020 | Val Loss: 141.3654 | Val Cost:  -17.34 | Val Max P-Miss: 1.1033 | Val Max Q-Miss: 0.4378 | Val Max Gen Viol: 1.2322 | Val Max Thermal: 0.0000
Epoch 8030 | Val Loss: 135.7423 | Val Cost:  -16.96 | Val Max P-Miss: 1.1020 | Val Max Q-Miss: 0.4378 | Val Max Gen Viol: 1.2867 | Val Max Thermal: 0.0000
Epoch 8040 | Val Loss: 134.3243 | Val Cost:  -16.63 | Val Max P-Miss: 1.1024 | Val Max Q-Miss: 0.4397 | Val Max Gen Viol: 1.2384 | Val Max Thermal: 0.0000
Epoch 8050 | Val Loss: 134.4259 | Val Cost:  -16.37 | Val Max P-Miss: 1.1023 | Val Max Q-Miss: 0.4399 | Val Max Gen Viol: 1.0296 | Val Max Thermal: 0.0000
Epoch 8060 | Val Loss: 134.4686 | Val Cost:  -16.63 | Val Max P-Miss: 1.1021 | Val Max Q-Miss: 0.4405 | Val Max Gen Viol: 1.2339 | Val Max Thermal: 0.0000
Epoch 8070 | Val Loss: 146.2759 | Val Cost:  -17.56 | Val Max P-Miss: 1.1002 | Val Max Q-Miss: 0.4539 | Val Max Gen Viol: 1.0346 | Val Max Thermal: 0.0000
Epoch 8080 | Val Loss: 132.2110 | Val Cost:  -16.17 | Val Max P-Miss: 1.1028 | Val Max Q-Miss: 0.4393 | Val Max Gen Viol: 1.2732 | Val Max Thermal: 0.0000 [*SAVED BEST*]
Epoch 8090 | Val Loss: 168.0560 | Val Cost:  -23.07 | Val Max P-Miss: 1.1037 | Val Max Q-Miss: 0.4391 | Val Max Gen Viol: 1.2444 | Val Max Thermal: 0.0000
Epoch 8100 | Val Loss: 831.6597 | Val Cost:   11.11 | Val Max P-Miss: 0.9356 | Val Max Q-Miss: 1.0083 | Val Max Gen Viol: 1.6456 | Val Max Thermal: 0.0000
Epoch 8110 | Val Loss: 146.9326 | Val Cost:   18.45 | Val Max P-Miss: 1.1030 | Val Max Q-Miss: 0.4454 | Val Max Gen Viol: 0.2146 | Val Max Thermal: 0.0000
Epoch 8120 | Val Loss: 141.3561 | Val Cost:   17.93 | Val Max P-Miss: 1.1012 | Val Max Q-Miss: 0.4494 | Val Max Gen Viol: 0.4301 | Val Max Thermal: 0.0000
Epoch 8130 | Val Loss: 139.5780 | Val Cost:   17.86 | Val Max P-Miss: 1.1008 | Val Max Q-Miss: 0.4515 | Val Max Gen Viol: 0.7352 | Val Max Thermal: 0.0000
Epoch 8140 | Val Loss: 138.5824 | Val Cost:   17.78 | Val Max P-Miss: 1.1007 | Val Max Q-Miss: 0.4517 | Val Max Gen Viol: 0.9196 | Val Max Thermal: 0.0000
Epoch 8150 | Val Loss: 137.8109 | Val Cost:   17.70 | Val Max P-Miss: 1.1007 | Val Max Q-Miss: 0.4511 | Val Max Gen Viol: 1.0204 | Val Max Thermal: 0.0000
Epoch 8160 | Val Loss: 137.0763 | Val Cost:   17.60 | Val Max P-Miss: 1.1006 | Val Max Q-Miss: 0.4502 | Val Max Gen Viol: 1.0806 | Val Max Thermal: 0.0000
Epoch 8170 | Val Loss: 136.3173 | Val Cost:   17.46 | Val Max P-Miss: 1.1007 | Val Max Q-Miss: 0.4493 | Val Max Gen Viol: 1.1197 | Val Max Thermal: 0.0000
Epoch 8180 | Val Loss: 135.4758 | Val Cost:   17.29 | Val Max P-Miss: 1.1007 | Val Max Q-Miss: 0.4484 | Val Max Gen Viol: 1.1464 | Val Max Thermal: 0.0000
Epoch 8190 | Val Loss: 134.6957 | Val Cost:   17.13 | Val Max P-Miss: 1.1007 | Val Max Q-Miss: 0.4466 | Val Max Gen Viol: 1.1649 | Val Max Thermal: 0.0000
Epoch 8200 | Val Loss: 134.5408 | Val Cost:   17.14 | Val Max P-Miss: 1.1008 | Val Max Q-Miss: 0.4458 | Val Max Gen Viol: 1.1778 | Val Max Thermal: 0.0000
Epoch 8210 | Val Loss: 134.2865 | Val Cost:   17.33 | Val Max P-Miss: 1.1009 | Val Max Q-Miss: 0.4450 | Val Max Gen Viol: 1.1863 | Val Max Thermal: 0.0000
Epoch 8220 | Val Loss: 133.9624 | Val Cost:   17.37 | Val Max P-Miss: 1.1011 | Val Max Q-Miss: 0.4445 | Val Max Gen Viol: 1.1907 | Val Max Thermal: 0.0000
Epoch 8230 | Val Loss: 132.9546 | Val Cost:   17.03 | Val Max P-Miss: 1.1014 | Val Max Q-Miss: 0.4436 | Val Max Gen Viol: 1.1860 | Val Max Thermal: 0.0000
Epoch 8240 | Val Loss: 131.0533 | Val Cost:   16.50 | Val Max P-Miss: 1.1014 | Val Max Q-Miss: 0.4431 | Val Max Gen Viol: 1.1883 | Val Max Thermal: 0.0000 [*SAVED BEST*]
Epoch 8250 | Val Loss: 126.5148 | Val Cost:   15.21 | Val Max P-Miss: 1.1014 | Val Max Q-Miss: 0.4427 | Val Max Gen Viol: 1.1927 | Val Max Thermal: 0.0000 [*SAVED BEST*]
Epoch 8260 | Val Loss: 144.1493 | Val Cost:   15.90 | Val Max P-Miss: 1.1037 | Val Max Q-Miss: 0.4529 | Val Max Gen Viol: 1.1036 | Val Max Thermal: 0.0000
Epoch 8270 | Val Loss: 137.5204 | Val Cost:   18.18 | Val Max P-Miss: 1.1016 | Val Max Q-Miss: 0.4412 | Val Max Gen Viol: 1.1561 | Val Max Thermal: 0.0000
Epoch 8280 | Val Loss: 136.9360 | Val Cost:   18.16 | Val Max P-Miss: 1.1014 | Val Max Q-Miss: 0.4412 | Val Max Gen Viol: 1.2677 | Val Max Thermal: 0.0000
Epoch 8290 | Val Loss: 136.3701 | Val Cost:   18.16 | Val Max P-Miss: 1.1015 | Val Max Q-Miss: 0.4428 | Val Max Gen Viol: 1.2856 | Val Max Thermal: 0.0000
Epoch 8300 | Val Loss: 138.6348 | Val Cost:   18.58 | Val Max P-Miss: 1.1016 | Val Max Q-Miss: 0.4414 | Val Max Gen Viol: 1.2764 | Val Max Thermal: 0.0000
Epoch 8310 | Val Loss: 192.3633 | Val Cost:   22.02 | Val Max P-Miss: 1.1032 | Val Max Q-Miss: 0.5380 | Val Max Gen Viol: 1.2620 | Val Max Thermal: 0.0000
Epoch 8320 | Val Loss: 220.9894 | Val Cost:  -37.82 | Val Max P-Miss: 1.1524 | Val Max Q-Miss: 0.4360 | Val Max Gen Viol: 0.1664 | Val Max Thermal: 0.0000
Epoch 8330 | Val Loss: 148.6712 | Val Cost:  -17.95 | Val Max P-Miss: 1.1028 | Val Max Q-Miss: 0.4408 | Val Max Gen Viol: 0.2529 | Val Max Thermal: 0.0000
Epoch 8340 | Val Loss: 143.4518 | Val Cost:  -18.05 | Val Max P-Miss: 1.1021 | Val Max Q-Miss: 0.4322 | Val Max Gen Viol: 0.4713 | Val Max Thermal: 0.0000
Epoch 8350 | Val Loss: 142.2571 | Val Cost:  -18.08 | Val Max P-Miss: 1.1012 | Val Max Q-Miss: 0.4321 | Val Max Gen Viol: 0.7452 | Val Max Thermal: 0.0000
Epoch 8360 | Val Loss: 141.9353 | Val Cost:  -18.12 | Val Max P-Miss: 1.1009 | Val Max Q-Miss: 0.4334 | Val Max Gen Viol: 0.9173 | Val Max Thermal: 0.0000
Epoch 8370 | Val Loss: 141.9467 | Val Cost:  -18.20 | Val Max P-Miss: 1.1008 | Val Max Q-Miss: 0.4340 | Val Max Gen Viol: 1.0059 | Val Max Thermal: 0.0000
Epoch 8380 | Val Loss: 141.9503 | Val Cost:  -18.25 | Val Max P-Miss: 1.1009 | Val Max Q-Miss: 0.4344 | Val Max Gen Viol: 1.0571 | Val Max Thermal: 0.0000
Epoch 8390 | Val Loss: 141.9509 | Val Cost:  -18.31 | Val Max P-Miss: 1.1011 | Val Max Q-Miss: 0.4347 | Val Max Gen Viol: 1.0896 | Val Max Thermal: 0.0000
Epoch 8400 | Val Loss: 141.9355 | Val Cost:  -18.34 | Val Max P-Miss: 1.1012 | Val Max Q-Miss: 0.4349 | Val Max Gen Viol: 1.1120 | Val Max Thermal: 0.0000
Epoch 8410 | Val Loss: 141.8555 | Val Cost:  -18.35 | Val Max P-Miss: 1.1014 | Val Max Q-Miss: 0.4353 | Val Max Gen Viol: 1.1282 | Val Max Thermal: 0.0000
Epoch 8420 | Val Loss: 141.6784 | Val Cost:  -18.34 | Val Max P-Miss: 1.1015 | Val Max Q-Miss: 0.4355 | Val Max Gen Viol: 1.1405 | Val Max Thermal: 0.0000
Epoch 8430 | Val Loss: 142.0195 | Val Cost:  -18.49 | Val Max P-Miss: 1.1013 | Val Max Q-Miss: 0.4351 | Val Max Gen Viol: 1.1503 | Val Max Thermal: 0.0000
Epoch 8440 | Val Loss: 142.5852 | Val Cost:  -18.66 | Val Max P-Miss: 1.1015 | Val Max Q-Miss: 0.4353 | Val Max Gen Viol: 1.1580 | Val Max Thermal: 0.0000
Epoch 8450 | Val Loss: 146.9407 | Val Cost:  -19.31 | Val Max P-Miss: 1.1020 | Val Max Q-Miss: 0.4361 | Val Max Gen Viol: 1.1482 | Val Max Thermal: 0.0000
Epoch 8460 | Val Loss: 148.0394 | Val Cost:  -18.48 | Val Max P-Miss: 1.1036 | Val Max Q-Miss: 0.4474 | Val Max Gen Viol: 0.8454 | Val Max Thermal: 0.0000
Epoch 8470 | Val Loss: 142.7261 | Val Cost:  -18.61 | Val Max P-Miss: 1.1025 | Val Max Q-Miss: 0.4344 | Val Max Gen Viol: 1.1251 | Val Max Thermal: 0.0000
Epoch 8480 | Val Loss: 140.0505 | Val Cost:  -18.12 | Val Max P-Miss: 1.1020 | Val Max Q-Miss: 0.4352 | Val Max Gen Viol: 1.1528 | Val Max Thermal: 0.0000
Epoch 8490 | Val Loss: 141.1329 | Val Cost:  -18.18 | Val Max P-Miss: 1.1019 | Val Max Q-Miss: 0.4356 | Val Max Gen Viol: 1.2149 | Val Max Thermal: 0.0000
Epoch 8500 | Val Loss: 138.8797 | Val Cost:  -17.79 | Val Max P-Miss: 1.1025 | Val Max Q-Miss: 0.4366 | Val Max Gen Viol: 1.2015 | Val Max Thermal: 0.0000
Epoch 8510 | Val Loss: 140.8115 | Val Cost:  -17.50 | Val Max P-Miss: 1.1024 | Val Max Q-Miss: 0.4364 | Val Max Gen Viol: 1.2349 | Val Max Thermal: 0.0000
Epoch 8520 | Val Loss: 340.7210 | Val Cost:   18.07 | Val Max P-Miss: 1.1505 | Val Max Q-Miss: 0.5499 | Val Max Gen Viol: 0.8639 | Val Max Thermal: 0.0000
Epoch 8530 | Val Loss: 128.6398 | Val Cost:   14.06 | Val Max P-Miss: 1.1027 | Val Max Q-Miss: 0.4356 | Val Max Gen Viol: 0.5097 | Val Max Thermal: 0.0000
Epoch 8540 | Val Loss: 125.4118 | Val Cost:   13.75 | Val Max P-Miss: 1.1027 | Val Max Q-Miss: 0.4361 | Val Max Gen Viol: 0.7253 | Val Max Thermal: 0.0000 [*SAVED BEST*]
Epoch 8550 | Val Loss: 123.7498 | Val Cost:   13.66 | Val Max P-Miss: 1.1020 | Val Max Q-Miss: 0.4381 | Val Max Gen Viol: 1.0010 | Val Max Thermal: 0.0000 [*SAVED BEST*]
Epoch 8560 | Val Loss: 123.0363 | Val Cost:   13.56 | Val Max P-Miss: 1.1017 | Val Max Q-Miss: 0.4388 | Val Max Gen Viol: 1.1636 | Val Max Thermal: 0.0000 [*SAVED BEST*]
Epoch 8570 | Val Loss: 122.3940 | Val Cost:   13.43 | Val Max P-Miss: 1.1016 | Val Max Q-Miss: 0.4389 | Val Max Gen Viol: 1.2448 | Val Max Thermal: 0.0000 [*SAVED BEST*]
Epoch 8580 | Val Loss: 122.3461 | Val Cost:   13.41 | Val Max P-Miss: 1.1013 | Val Max Q-Miss: 0.4375 | Val Max Gen Viol: 1.2837 | Val Max Thermal: 0.0000 [*SAVED BEST*]
Epoch 8590 | Val Loss: 122.5048 | Val Cost:   13.52 | Val Max P-Miss: 1.1013 | Val Max Q-Miss: 0.4380 | Val Max Gen Viol: 1.2771 | Val Max Thermal: 0.0000
Epoch 8600 | Val Loss: 126.0888 | Val Cost:   13.86 | Val Max P-Miss: 1.1003 | Val Max Q-Miss: 0.4371 | Val Max Gen Viol: 1.1370 | Val Max Thermal: 0.0000
Epoch 8610 | Val Loss: 125.6470 | Val Cost:   14.74 | Val Max P-Miss: 1.1013 | Val Max Q-Miss: 0.4385 | Val Max Gen Viol: 1.1498 | Val Max Thermal: 0.0000
Epoch 8620 | Val Loss: 134.8208 | Val Cost:   17.32 | Val Max P-Miss: 1.1016 | Val Max Q-Miss: 0.4398 | Val Max Gen Viol: 1.1908 | Val Max Thermal: 0.0000
Epoch 8630 | Val Loss: 133.7171 | Val Cost:   17.18 | Val Max P-Miss: 1.1012 | Val Max Q-Miss: 0.4382 | Val Max Gen Viol: 1.2681 | Val Max Thermal: 0.0000
Epoch 8640 | Val Loss: 133.4978 | Val Cost:   17.15 | Val Max P-Miss: 1.1012 | Val Max Q-Miss: 0.4382 | Val Max Gen Viol: 1.2823 | Val Max Thermal: 0.0000
Epoch 8650 | Val Loss: 133.1666 | Val Cost:   17.09 | Val Max P-Miss: 1.1013 | Val Max Q-Miss: 0.4382 | Val Max Gen Viol: 1.2760 | Val Max Thermal: 0.0000
Epoch 8660 | Val Loss: 134.3697 | Val Cost:   17.36 | Val Max P-Miss: 1.1015 | Val Max Q-Miss: 0.4378 | Val Max Gen Viol: 1.2579 | Val Max Thermal: 0.0000
Epoch 8670 | Val Loss: 135.1378 | Val Cost:   17.33 | Val Max P-Miss: 1.1017 | Val Max Q-Miss: 0.4394 | Val Max Gen Viol: 1.2228 | Val Max Thermal: 0.0000
Epoch 8680 | Val Loss: 132.7133 | Val Cost:   16.97 | Val Max P-Miss: 1.1013 | Val Max Q-Miss: 0.4380 | Val Max Gen Viol: 1.2755 | Val Max Thermal: 0.0000
Epoch 8690 | Val Loss: 399.5935 | Val Cost:   16.87 | Val Max P-Miss: 1.1615 | Val Max Q-Miss: 0.6045 | Val Max Gen Viol: 1.1210 | Val Max Thermal: 0.0000
Epoch 8700 | Val Loss: 132.5565 | Val Cost:   16.15 | Val Max P-Miss: 1.1031 | Val Max Q-Miss: 0.4470 | Val Max Gen Viol: 0.5217 | Val Max Thermal: 0.0000
Epoch 8710 | Val Loss: 159.0102 | Val Cost:   19.91 | Val Max P-Miss: 1.1161 | Val Max Q-Miss: 0.4498 | Val Max Gen Viol: 0.4303 | Val Max Thermal: 0.0000
Epoch 8720 | Val Loss: 137.8879 | Val Cost:   16.47 | Val Max P-Miss: 1.1030 | Val Max Q-Miss: 0.4461 | Val Max Gen Viol: 0.9840 | Val Max Thermal: 0.0000
Epoch 8730 | Val Loss: 134.8974 | Val Cost:   14.82 | Val Max P-Miss: 1.1011 | Val Max Q-Miss: 0.4420 | Val Max Gen Viol: 1.2420 | Val Max Thermal: 0.0000
Epoch 8740 | Val Loss: 134.2150 | Val Cost:   14.25 | Val Max P-Miss: 1.1019 | Val Max Q-Miss: 0.4416 | Val Max Gen Viol: 1.3102 | Val Max Thermal: 0.0000
Epoch 8750 | Val Loss: 135.2054 | Val Cost:   17.35 | Val Max P-Miss: 1.1033 | Val Max Q-Miss: 0.4401 | Val Max Gen Viol: 1.1734 | Val Max Thermal: 0.0000
Epoch 8760 | Val Loss: 140.0381 | Val Cost:   18.77 | Val Max P-Miss: 1.1051 | Val Max Q-Miss: 0.4410 | Val Max Gen Viol: 1.2014 | Val Max Thermal: 0.0000
Epoch 8770 | Val Loss: 139.0362 | Val Cost:   18.80 | Val Max P-Miss: 1.1036 | Val Max Q-Miss: 0.4401 | Val Max Gen Viol: 1.3024 | Val Max Thermal: 0.0000
Epoch 8780 | Val Loss: 141.8694 | Val Cost:   19.43 | Val Max P-Miss: 1.1032 | Val Max Q-Miss: 0.4403 | Val Max Gen Viol: 1.2851 | Val Max Thermal: 0.0000
Epoch 8790 | Val Loss: 149.4883 | Val Cost:   14.26 | Val Max P-Miss: 1.1093 | Val Max Q-Miss: 0.4430 | Val Max Gen Viol: 1.1680 | Val Max Thermal: 0.0000
Epoch 8800 | Val Loss: 139.7328 | Val Cost:   18.89 | Val Max P-Miss: 1.1041 | Val Max Q-Miss: 0.4398 | Val Max Gen Viol: 1.2602 | Val Max Thermal: 0.0000
Epoch 8810 | Val Loss: 139.0706 | Val Cost:   18.69 | Val Max P-Miss: 1.1027 | Val Max Q-Miss: 0.4410 | Val Max Gen Viol: 1.2853 | Val Max Thermal: 0.0000
Epoch 8820 | Val Loss: 206.1467 | Val Cost:   34.05 | Val Max P-Miss: 1.0923 | Val Max Q-Miss: 0.4582 | Val Max Gen Viol: 0.6617 | Val Max Thermal: 0.0000
Epoch 8830 | Val Loss: 156.2677 | Val Cost:  -33.85 | Val Max P-Miss: 1.0960 | Val Max Q-Miss: 0.4588 | Val Max Gen Viol: 0.1127 | Val Max Thermal: 0.0000
Epoch 8840 | Val Loss: 140.1254 | Val Cost:  -16.50 | Val Max P-Miss: 1.1032 | Val Max Q-Miss: 0.4417 | Val Max Gen Viol: 0.3803 | Val Max Thermal: 0.0000
Epoch 8850 | Val Loss: 135.6159 | Val Cost:  -16.54 | Val Max P-Miss: 1.1012 | Val Max Q-Miss: 0.4380 | Val Max Gen Viol: 0.9713 | Val Max Thermal: 0.0000
Epoch 8860 | Val Loss: 135.4888 | Val Cost:  -16.68 | Val Max P-Miss: 1.1005 | Val Max Q-Miss: 0.4392 | Val Max Gen Viol: 1.1706 | Val Max Thermal: 0.0000
Epoch 8870 | Val Loss: 135.6546 | Val Cost:  -16.81 | Val Max P-Miss: 1.1003 | Val Max Q-Miss: 0.4391 | Val Max Gen Viol: 1.2107 | Val Max Thermal: 0.0000
Epoch 8880 | Val Loss: 135.9784 | Val Cost:  -16.97 | Val Max P-Miss: 1.1005 | Val Max Q-Miss: 0.4389 | Val Max Gen Viol: 1.2177 | Val Max Thermal: 0.0000
Epoch 8890 | Val Loss: 144.9048 | Val Cost:  -17.17 | Val Max P-Miss: 1.1004 | Val Max Q-Miss: 0.4385 | Val Max Gen Viol: 1.2154 | Val Max Thermal: 0.0000
Epoch 8900 | Val Loss: 129.6182 | Val Cost:  -15.15 | Val Max P-Miss: 1.1015 | Val Max Q-Miss: 0.4386 | Val Max Gen Viol: 1.0660 | Val Max Thermal: 0.0000
Epoch 8910 | Val Loss: 129.3747 | Val Cost:  -15.27 | Val Max P-Miss: 1.1010 | Val Max Q-Miss: 0.4381 | Val Max Gen Viol: 1.2807 | Val Max Thermal: 0.0000
Epoch 8920 | Val Loss: 129.8501 | Val Cost:  -15.44 | Val Max P-Miss: 1.1010 | Val Max Q-Miss: 0.4383 | Val Max Gen Viol: 1.2777 | Val Max Thermal: 0.0000
Epoch 8930 | Val Loss: 130.3002 | Val Cost:  -15.51 | Val Max P-Miss: 1.1010 | Val Max Q-Miss: 0.4381 | Val Max Gen Viol: 1.2396 | Val Max Thermal: 0.0000
Epoch 8940 | Val Loss: 128.1314 | Val Cost:  -14.95 | Val Max P-Miss: 1.1014 | Val Max Q-Miss: 0.4380 | Val Max Gen Viol: 1.2086 | Val Max Thermal: 0.0000
Epoch 8950 | Val Loss: 328.6133 | Val Cost:  -18.84 | Val Max P-Miss: 1.0811 | Val Max Q-Miss: 0.7738 | Val Max Gen Viol: 0.2068 | Val Max Thermal: 0.0000
Epoch 8960 | Val Loss: 149.6135 | Val Cost:   19.01 | Val Max P-Miss: 1.1032 | Val Max Q-Miss: 0.4452 | Val Max Gen Viol: 0.1938 | Val Max Thermal: 0.0000
Epoch 8970 | Val Loss: 138.9317 | Val Cost:   17.01 | Val Max P-Miss: 1.1017 | Val Max Q-Miss: 0.4339 | Val Max Gen Viol: 0.4108 | Val Max Thermal: 0.0000
Epoch 8980 | Val Loss: 135.5430 | Val Cost:   16.93 | Val Max P-Miss: 1.1005 | Val Max Q-Miss: 0.4349 | Val Max Gen Viol: 0.6300 | Val Max Thermal: 0.0000
Epoch 8990 | Val Loss: 134.3860 | Val Cost:   16.84 | Val Max P-Miss: 1.1000 | Val Max Q-Miss: 0.4363 | Val Max Gen Viol: 0.9090 | Val Max Thermal: 0.0000
Epoch 9000 | Val Loss: 133.7402 | Val Cost:   16.76 | Val Max P-Miss: 1.1000 | Val Max Q-Miss: 0.4371 | Val Max Gen Viol: 1.0405 | Val Max Thermal: 0.0000
Epoch 9010 | Val Loss: 133.2162 | Val Cost:   16.68 | Val Max P-Miss: 1.0999 | Val Max Q-Miss: 0.4376 | Val Max Gen Viol: 1.1087 | Val Max Thermal: 0.0000
Epoch 9020 | Val Loss: 132.7327 | Val Cost:   16.61 | Val Max P-Miss: 1.1001 | Val Max Q-Miss: 0.4377 | Val Max Gen Viol: 1.1470 | Val Max Thermal: 0.0000
Epoch 9030 | Val Loss: 132.2719 | Val Cost:   16.53 | Val Max P-Miss: 1.1001 | Val Max Q-Miss: 0.4378 | Val Max Gen Viol: 1.1695 | Val Max Thermal: 0.0000
Epoch 9040 | Val Loss: 131.8190 | Val Cost:   16.47 | Val Max P-Miss: 1.1003 | Val Max Q-Miss: 0.4379 | Val Max Gen Viol: 1.1823 | Val Max Thermal: 0.0000
Epoch 9050 | Val Loss: 131.3092 | Val Cost:   16.37 | Val Max P-Miss: 1.1004 | Val Max Q-Miss: 0.4380 | Val Max Gen Viol: 1.1893 | Val Max Thermal: 0.0000
Epoch 9060 | Val Loss: 130.7690 | Val Cost:   16.25 | Val Max P-Miss: 1.1005 | Val Max Q-Miss: 0.4379 | Val Max Gen Viol: 1.1913 | Val Max Thermal: 0.0000
Epoch 9070 | Val Loss: 129.9316 | Val Cost:   16.01 | Val Max P-Miss: 1.1007 | Val Max Q-Miss: 0.4380 | Val Max Gen Viol: 1.1854 | Val Max Thermal: 0.0000
Epoch 9080 | Val Loss: 132.0737 | Val Cost:   14.80 | Val Max P-Miss: 1.1009 | Val Max Q-Miss: 0.4384 | Val Max Gen Viol: 1.1800 | Val Max Thermal: 0.0000
Epoch 9090 | Val Loss: 129.2373 | Val Cost:   15.82 | Val Max P-Miss: 1.1011 | Val Max Q-Miss: 0.4373 | Val Max Gen Viol: 1.1592 | Val Max Thermal: 0.0000
Epoch 9100 | Val Loss: 128.6630 | Val Cost:   15.69 | Val Max P-Miss: 1.1009 | Val Max Q-Miss: 0.4376 | Val Max Gen Viol: 1.2480 | Val Max Thermal: 0.0000
Epoch 9110 | Val Loss: 127.9359 | Val Cost:   14.37 | Val Max P-Miss: 1.1012 | Val Max Q-Miss: 0.4384 | Val Max Gen Viol: 1.2379 | Val Max Thermal: 0.0000
Epoch 9120 | Val Loss: 134.6649 | Val Cost:   17.68 | Val Max P-Miss: 1.1013 | Val Max Q-Miss: 0.4370 | Val Max Gen Viol: 1.2200 | Val Max Thermal: 0.0000
Epoch 9130 | Val Loss: 134.7589 | Val Cost:   17.57 | Val Max P-Miss: 1.1011 | Val Max Q-Miss: 0.4371 | Val Max Gen Viol: 1.2781 | Val Max Thermal: 0.0000
Epoch 9140 | Val Loss: 3364.8994 | Val Cost:   -6.99 | Val Max P-Miss: 1.3319 | Val Max Q-Miss: 0.9720 | Val Max Gen Viol: 0.0808 | Val Max Thermal: 0.0000
Epoch 9150 | Val Loss: 233.1012 | Val Cost:   21.08 | Val Max P-Miss: 1.0743 | Val Max Q-Miss: 0.3863 | Val Max Gen Viol: 0.1863 | Val Max Thermal: 0.0000
Epoch 9160 | Val Loss: 125.8533 | Val Cost:   13.41 | Val Max P-Miss: 1.1033 | Val Max Q-Miss: 0.4417 | Val Max Gen Viol: 0.4513 | Val Max Thermal: 0.0000
Epoch 9170 | Val Loss: 123.4066 | Val Cost:   13.28 | Val Max P-Miss: 1.1021 | Val Max Q-Miss: 0.4448 | Val Max Gen Viol: 0.8798 | Val Max Thermal: 0.0000
Epoch 9180 | Val Loss: 122.4842 | Val Cost:   13.18 | Val Max P-Miss: 1.1014 | Val Max Q-Miss: 0.4452 | Val Max Gen Viol: 1.0630 | Val Max Thermal: 0.0000
Epoch 9190 | Val Loss: 122.9435 | Val Cost:   13.18 | Val Max P-Miss: 1.1011 | Val Max Q-Miss: 0.4444 | Val Max Gen Viol: 1.1504 | Val Max Thermal: 0.0000
Epoch 9200 | Val Loss: 126.7567 | Val Cost:   14.79 | Val Max P-Miss: 1.1011 | Val Max Q-Miss: 0.4435 | Val Max Gen Viol: 1.1892 | Val Max Thermal: 0.0000
Epoch 9210 | Val Loss: 130.9999 | Val Cost:   15.69 | Val Max P-Miss: 1.1016 | Val Max Q-Miss: 0.4428 | Val Max Gen Viol: 1.2323 | Val Max Thermal: 0.0000
Epoch 9220 | Val Loss: 131.0487 | Val Cost:   16.17 | Val Max P-Miss: 1.1012 | Val Max Q-Miss: 0.4419 | Val Max Gen Viol: 1.2556 | Val Max Thermal: 0.0000
Epoch 9230 | Val Loss: 130.5494 | Val Cost:   16.08 | Val Max P-Miss: 1.1011 | Val Max Q-Miss: 0.4415 | Val Max Gen Viol: 1.2811 | Val Max Thermal: 0.0000
Epoch 9240 | Val Loss: 130.0423 | Val Cost:   15.95 | Val Max P-Miss: 1.1013 | Val Max Q-Miss: 0.4411 | Val Max Gen Viol: 1.2892 | Val Max Thermal: 0.0000
Epoch 9250 | Val Loss: 129.2659 | Val Cost:   15.65 | Val Max P-Miss: 1.1013 | Val Max Q-Miss: 0.4402 | Val Max Gen Viol: 1.2900 | Val Max Thermal: 0.0000
Epoch 9260 | Val Loss: 127.0273 | Val Cost:   15.10 | Val Max P-Miss: 1.1015 | Val Max Q-Miss: 0.4397 | Val Max Gen Viol: 1.2951 | Val Max Thermal: 0.0000
Epoch 9270 | Val Loss: 132.9002 | Val Cost:   15.12 | Val Max P-Miss: 1.1022 | Val Max Q-Miss: 0.4414 | Val Max Gen Viol: 1.1760 | Val Max Thermal: 0.0000
Epoch 9280 | Val Loss: 128.6514 | Val Cost:   15.54 | Val Max P-Miss: 1.1016 | Val Max Q-Miss: 0.4387 | Val Max Gen Viol: 1.3420 | Val Max Thermal: 0.0000
Epoch 9290 | Val Loss: 128.1559 | Val Cost:   15.53 | Val Max P-Miss: 1.1015 | Val Max Q-Miss: 0.4388 | Val Max Gen Viol: 1.3227 | Val Max Thermal: 0.0000
Epoch 9300 | Val Loss: 126.1854 | Val Cost:   14.91 | Val Max P-Miss: 1.1017 | Val Max Q-Miss: 0.4389 | Val Max Gen Viol: 1.2681 | Val Max Thermal: 0.0000
Epoch 9310 | Val Loss: 144.6411 | Val Cost:   17.13 | Val Max P-Miss: 1.1013 | Val Max Q-Miss: 0.4440 | Val Max Gen Viol: 1.1816 | Val Max Thermal: 0.0000
Epoch 9320 | Val Loss: 130.3915 | Val Cost:   16.49 | Val Max P-Miss: 1.1021 | Val Max Q-Miss: 0.4385 | Val Max Gen Viol: 1.2823 | Val Max Thermal: 0.0000
Epoch 9330 | Val Loss: 129.6488 | Val Cost:   15.48 | Val Max P-Miss: 1.1016 | Val Max Q-Miss: 0.4383 | Val Max Gen Viol: 1.3729 | Val Max Thermal: 0.0000
Epoch 9340 | Val Loss: 131.1571 | Val Cost:   15.92 | Val Max P-Miss: 1.1017 | Val Max Q-Miss: 0.4385 | Val Max Gen Viol: 1.3407 | Val Max Thermal: 0.0000
Epoch 9350 | Val Loss: 129.8261 | Val Cost:   16.32 | Val Max P-Miss: 1.1020 | Val Max Q-Miss: 0.4386 | Val Max Gen Viol: 1.3210 | Val Max Thermal: 0.0000
Epoch 9360 | Val Loss: 138.6315 | Val Cost:   14.05 | Val Max P-Miss: 1.1013 | Val Max Q-Miss: 0.4332 | Val Max Gen Viol: 1.2059 | Val Max Thermal: 0.0000
Epoch 9370 | Val Loss: 495.7474 | Val Cost:  -31.42 | Val Max P-Miss: 1.1196 | Val Max Q-Miss: 0.4591 | Val Max Gen Viol: 0.9382 | Val Max Thermal: 0.0000
Epoch 9380 | Val Loss: 140.5373 | Val Cost:  -18.17 | Val Max P-Miss: 1.1063 | Val Max Q-Miss: 0.4440 | Val Max Gen Viol: 0.2596 | Val Max Thermal: 0.0000
Epoch 9390 | Val Loss: 134.5259 | Val Cost:  -15.98 | Val Max P-Miss: 1.1031 | Val Max Q-Miss: 0.4356 | Val Max Gen Viol: 0.7327 | Val Max Thermal: 0.0000
Epoch 9400 | Val Loss: 133.2716 | Val Cost:  -15.93 | Val Max P-Miss: 1.1024 | Val Max Q-Miss: 0.4380 | Val Max Gen Viol: 1.0550 | Val Max Thermal: 0.0000
Epoch 9410 | Val Loss: 132.7280 | Val Cost:  -15.88 | Val Max P-Miss: 1.1022 | Val Max Q-Miss: 0.4390 | Val Max Gen Viol: 1.1680 | Val Max Thermal: 0.0000
Epoch 9420 | Val Loss: 132.2339 | Val Cost:  -15.80 | Val Max P-Miss: 1.1023 | Val Max Q-Miss: 0.4395 | Val Max Gen Viol: 1.2063 | Val Max Thermal: 0.0000
Epoch 9430 | Val Loss: 134.0445 | Val Cost:  -15.66 | Val Max P-Miss: 1.1020 | Val Max Q-Miss: 0.4394 | Val Max Gen Viol: 1.2189 | Val Max Thermal: 0.0000
Epoch 9440 | Val Loss: 132.4936 | Val Cost:  -15.92 | Val Max P-Miss: 1.1022 | Val Max Q-Miss: 0.4391 | Val Max Gen Viol: 1.2207 | Val Max Thermal: 0.0000
Epoch 9450 | Val Loss: 135.6822 | Val Cost:  -16.80 | Val Max P-Miss: 1.1017 | Val Max Q-Miss: 0.4392 | Val Max Gen Viol: 1.2200 | Val Max Thermal: 0.0000
Epoch 9460 | Val Loss: 143.4328 | Val Cost:  -17.67 | Val Max P-Miss: 1.1007 | Val Max Q-Miss: 0.4386 | Val Max Gen Viol: 1.2335 | Val Max Thermal: 0.0000
Epoch 9470 | Val Loss: 130.4756 | Val Cost:  -13.94 | Val Max P-Miss: 1.0997 | Val Max Q-Miss: 0.4400 | Val Max Gen Viol: 0.7613 | Val Max Thermal: 0.0000
Epoch 9480 | Val Loss: 131.1856 | Val Cost:  -15.65 | Val Max P-Miss: 1.1016 | Val Max Q-Miss: 0.4378 | Val Max Gen Viol: 1.1457 | Val Max Thermal: 0.0000
Epoch 9490 | Val Loss: 306.6737 | Val Cost:  -74.83 | Val Max P-Miss: 1.0549 | Val Max Q-Miss: 0.4419 | Val Max Gen Viol: 0.2376 | Val Max Thermal: 0.0000
Epoch 9500 | Val Loss: 145.7063 | Val Cost:   16.75 | Val Max P-Miss: 1.1046 | Val Max Q-Miss: 0.4417 | Val Max Gen Viol: 0.1630 | Val Max Thermal: 0.0000
Epoch 9510 | Val Loss: 346.0376 | Val Cost:  -45.62 | Val Max P-Miss: 1.1025 | Val Max Q-Miss: 0.4371 | Val Max Gen Viol: 0.3360 | Val Max Thermal: 0.0000
Epoch 9520 | Val Loss: 169.1664 | Val Cost:   23.88 | Val Max P-Miss: 1.1009 | Val Max Q-Miss: 0.4356 | Val Max Gen Viol: 0.4689 | Val Max Thermal: 0.0000
Epoch 9530 | Val Loss: 135.9408 | Val Cost:   16.90 | Val Max P-Miss: 1.0999 | Val Max Q-Miss: 0.4356 | Val Max Gen Viol: 0.7208 | Val Max Thermal: 0.0000
Epoch 9540 | Val Loss: 330.5546 | Val Cost:  -43.46 | Val Max P-Miss: 1.1012 | Val Max Q-Miss: 0.4402 | Val Max Gen Viol: 0.7784 | Val Max Thermal: 0.0000
Epoch 9550 | Val Loss: 197.1413 | Val Cost:   28.60 | Val Max P-Miss: 1.1026 | Val Max Q-Miss: 0.4389 | Val Max Gen Viol: 0.3098 | Val Max Thermal: 0.0000
Epoch 9560 | Val Loss: 157.7361 | Val Cost:   21.47 | Val Max P-Miss: 1.0996 | Val Max Q-Miss: 0.4352 | Val Max Gen Viol: 0.6855 | Val Max Thermal: 0.0000
Epoch 9570 | Val Loss: 298.0793 | Val Cost:  -40.52 | Val Max P-Miss: 1.1032 | Val Max Q-Miss: 0.4435 | Val Max Gen Viol: 0.1801 | Val Max Thermal: 0.0000
Epoch 9580 | Val Loss: 190.5198 | Val Cost:   28.09 | Val Max P-Miss: 1.1008 | Val Max Q-Miss: 0.4350 | Val Max Gen Viol: 0.5447 | Val Max Thermal: 0.0000
Epoch 9590 | Val Loss: 178.8247 | Val Cost:   20.52 | Val Max P-Miss: 1.1018 | Val Max Q-Miss: 0.4360 | Val Max Gen Viol: 0.8390 | Val Max Thermal: 0.0000
Epoch 9600 | Val Loss: 291.1684 | Val Cost:  -40.17 | Val Max P-Miss: 1.1022 | Val Max Q-Miss: 0.4393 | Val Max Gen Viol: 0.7023 | Val Max Thermal: 0.0000
Epoch 9610 | Val Loss: 191.4726 | Val Cost:   27.84 | Val Max P-Miss: 1.1022 | Val Max Q-Miss: 0.4376 | Val Max Gen Viol: 0.3214 | Val Max Thermal: 0.0000
Epoch 9620 | Val Loss: 204.7607 | Val Cost:   20.20 | Val Max P-Miss: 1.1084 | Val Max Q-Miss: 0.4462 | Val Max Gen Viol: 0.5789 | Val Max Thermal: 0.0000
Epoch 9630 | Val Loss: 288.5328 | Val Cost:  -40.29 | Val Max P-Miss: 1.1024 | Val Max Q-Miss: 0.4369 | Val Max Gen Viol: 0.3494 | Val Max Thermal: 0.0000
Epoch 9640 | Val Loss: 192.9941 | Val Cost:   27.69 | Val Max P-Miss: 1.1020 | Val Max Q-Miss: 0.4387 | Val Max Gen Viol: 0.3358 | Val Max Thermal: 0.0000
Epoch 9650 | Val Loss: 194.1668 | Val Cost:   20.64 | Val Max P-Miss: 1.1082 | Val Max Q-Miss: 0.4352 | Val Max Gen Viol: 0.3393 | Val Max Thermal: 0.0000
Epoch 9660 | Val Loss: 293.8566 | Val Cost:  -39.60 | Val Max P-Miss: 1.1035 | Val Max Q-Miss: 0.4454 | Val Max Gen Viol: 0.2818 | Val Max Thermal: 0.0000
Epoch 9670 | Val Loss: 199.2634 | Val Cost:   28.02 | Val Max P-Miss: 1.1038 | Val Max Q-Miss: 0.4481 | Val Max Gen Viol: 0.2898 | Val Max Thermal: 0.0000
Epoch 9680 | Val Loss: 323.6797 | Val Cost:   20.77 | Val Max P-Miss: 1.0987 | Val Max Q-Miss: 0.4665 | Val Max Gen Viol: 0.3284 | Val Max Thermal: 0.0000
Epoch 9690 | Val Loss: 294.5258 | Val Cost:  -39.82 | Val Max P-Miss: 1.1040 | Val Max Q-Miss: 0.4396 | Val Max Gen Viol: 0.4999 | Val Max Thermal: 0.0000
Epoch 9700 | Val Loss: 195.6570 | Val Cost:   27.81 | Val Max P-Miss: 1.1067 | Val Max Q-Miss: 0.4503 | Val Max Gen Viol: 0.4140 | Val Max Thermal: 0.0000
Epoch 9710 | Val Loss: 258.7543 | Val Cost:   19.42 | Val Max P-Miss: 1.1325 | Val Max Q-Miss: 0.4679 | Val Max Gen Viol: 0.4346 | Val Max Thermal: 0.0000
Epoch 9720 | Val Loss: 291.2792 | Val Cost:  -39.64 | Val Max P-Miss: 1.1014 | Val Max Q-Miss: 0.4373 | Val Max Gen Viol: 0.2876 | Val Max Thermal: 0.0000
Epoch 9730 | Val Loss: 195.1083 | Val Cost:   27.60 | Val Max P-Miss: 1.0953 | Val Max Q-Miss: 0.4313 | Val Max Gen Viol: 0.3135 | Val Max Thermal: 0.0000
Epoch 9740 | Val Loss: 174.1077 | Val Cost:   20.71 | Val Max P-Miss: 1.1021 | Val Max Q-Miss: 0.4273 | Val Max Gen Viol: 0.3651 | Val Max Thermal: 0.0000
Epoch 9750 | Val Loss: 290.6125 | Val Cost:  -39.02 | Val Max P-Miss: 1.0999 | Val Max Q-Miss: 0.4351 | Val Max Gen Viol: 0.4641 | Val Max Thermal: 0.0000
Epoch 9760 | Val Loss: 199.0780 | Val Cost:   26.37 | Val Max P-Miss: 1.1119 | Val Max Q-Miss: 0.4408 | Val Max Gen Viol: 0.3348 | Val Max Thermal: 0.0000
Epoch 9770 | Val Loss: 218.9261 | Val Cost:   23.41 | Val Max P-Miss: 1.0889 | Val Max Q-Miss: 0.4411 | Val Max Gen Viol: 0.4026 | Val Max Thermal: 0.0000
Epoch 9780 | Val Loss: 284.0908 | Val Cost:  -42.83 | Val Max P-Miss: 1.1113 | Val Max Q-Miss: 0.4485 | Val Max Gen Viol: 0.2530 | Val Max Thermal: 0.0000
Epoch 9790 | Val Loss: 200.6507 | Val Cost:   25.65 | Val Max P-Miss: 1.1139 | Val Max Q-Miss: 0.4577 | Val Max Gen Viol: 0.3385 | Val Max Thermal: 0.0000
Epoch 9800 | Val Loss: 225.2030 | Val Cost:   45.24 | Val Max P-Miss: 1.0806 | Val Max Q-Miss: 0.4627 | Val Max Gen Viol: 0.3428 | Val Max Thermal: 0.0000
Epoch 9810 | Val Loss: 306.3473 | Val Cost:  -38.20 | Val Max P-Miss: 1.1140 | Val Max Q-Miss: 0.4498 | Val Max Gen Viol: 0.3919 | Val Max Thermal: 0.0000
Epoch 9820 | Val Loss: 194.3422 | Val Cost:   23.93 | Val Max P-Miss: 1.1122 | Val Max Q-Miss: 0.4348 | Val Max Gen Viol: 0.3491 | Val Max Thermal: 0.0000
Epoch 9830 | Val Loss: 282.7781 | Val Cost:   19.61 | Val Max P-Miss: 1.0939 | Val Max Q-Miss: 0.4503 | Val Max Gen Viol: 0.1726 | Val Max Thermal: 0.0000
Epoch 9840 | Val Loss: 289.0569 | Val Cost:  -39.78 | Val Max P-Miss: 1.1094 | Val Max Q-Miss: 0.4463 | Val Max Gen Viol: 0.3454 | Val Max Thermal: 0.0000
Epoch 9850 | Val Loss: 204.2033 | Val Cost:   25.70 | Val Max P-Miss: 1.1076 | Val Max Q-Miss: 0.4377 | Val Max Gen Viol: 0.1990 | Val Max Thermal: 0.0000
Epoch 9860 | Val Loss: 194.3509 | Val Cost:    3.55 | Val Max P-Miss: 1.1223 | Val Max Q-Miss: 0.4822 | Val Max Gen Viol: 0.2314 | Val Max Thermal: 0.0000
Epoch 9870 | Val Loss: 295.8055 | Val Cost:  -35.62 | Val Max P-Miss: 1.0891 | Val Max Q-Miss: 0.4403 | Val Max Gen Viol: 0.2568 | Val Max Thermal: 0.0000
Epoch 9880 | Val Loss: 183.2221 | Val Cost:   29.11 | Val Max P-Miss: 1.0968 | Val Max Q-Miss: 0.4281 | Val Max Gen Viol: 0.4516 | Val Max Thermal: 0.0000
Epoch 9890 | Val Loss: 234.0336 | Val Cost:    6.91 | Val Max P-Miss: 1.1260 | Val Max Q-Miss: 0.4625 | Val Max Gen Viol: 0.4984 | Val Max Thermal: 0.0000
Epoch 9900 | Val Loss: 281.7679 | Val Cost:  -32.55 | Val Max P-Miss: 1.1122 | Val Max Q-Miss: 0.4470 | Val Max Gen Viol: 0.5817 | Val Max Thermal: 0.0000
Epoch 9910 | Val Loss: 202.0823 | Val Cost:   28.73 | Val Max P-Miss: 1.1175 | Val Max Q-Miss: 0.4596 | Val Max Gen Viol: 0.4832 | Val Max Thermal: 0.0000
Epoch 9920 | Val Loss: 206.2419 | Val Cost:  -20.04 | Val Max P-Miss: 1.0993 | Val Max Q-Miss: 0.4564 | Val Max Gen Viol: 0.5936 | Val Max Thermal: 0.0000
Epoch 9930 | Val Loss: 296.8468 | Val Cost:  -35.78 | Val Max P-Miss: 1.0863 | Val Max Q-Miss: 0.4160 | Val Max Gen Viol: 0.6238 | Val Max Thermal: 0.0000
Epoch 9940 | Val Loss: 192.4206 | Val Cost:   27.27 | Val Max P-Miss: 1.1102 | Val Max Q-Miss: 0.4451 | Val Max Gen Viol: 0.5266 | Val Max Thermal: 0.0000
Epoch 9950 | Val Loss: 243.8599 | Val Cost:   22.56 | Val Max P-Miss: 1.0924 | Val Max Q-Miss: 0.4423 | Val Max Gen Viol: 0.5519 | Val Max Thermal: 0.0000
Epoch 9960 | Val Loss: 294.6759 | Val Cost:  -55.59 | Val Max P-Miss: 1.0846 | Val Max Q-Miss: 0.4305 | Val Max Gen Viol: 0.5597 | Val Max Thermal: 0.0000
Epoch 9970 | Val Loss: 191.5431 | Val Cost:   27.59 | Val Max P-Miss: 1.0992 | Val Max Q-Miss: 0.4290 | Val Max Gen Viol: 0.4789 | Val Max Thermal: 0.0000
Epoch 9980 | Val Loss: 222.1421 | Val Cost:   20.66 | Val Max P-Miss: 1.1059 | Val Max Q-Miss: 0.4086 | Val Max Gen Viol: 0.6266 | Val Max Thermal: 0.0000
Epoch 9990 | Val Loss: 284.8289 | Val Cost:  -52.46 | Val Max P-Miss: 1.1242 | Val Max Q-Miss: 0.4620 | Val Max Gen Viol: 0.5910 | Val Max Thermal: 0.0000

==================================================
Training Complete!
Total Training Time: 00h 09m 41.06s
Best model weights saved to: ./model/best_rahul_model_pglib_opf_case14_ieee_10000epochs_20260718_082429.pth
==================================================

