Job: acopf_ISS
Executing: ACOPF_pinn_rahul.py --case_name pglib_opf_case14_ieee --epochs 10000
Node: issnode1
GPU Allocated: 0
CUDA Hardware Acceleration Active: NVIDIA GeForce RTX 4090
Problem Geometry Linked -> Matrix Samples: 10000

Beginning execution of parallelized training matrix loops for Rahul KKT PINN...
Epoch    0 | Val Loss: 860.7158 | Val Cost: 1852.54 | Val Max P-Miss: 1.3949 | Val Max Q-Miss: 0.3579 | Val Max Gen Viol: 0.0000 | Val Max Thermal: 0.0000 [*SAVED BEST*]
Epoch   10 | Val Loss: 637.3781 | Val Cost: 1603.04 | Val Max P-Miss: 0.4407 | Val Max Q-Miss: 0.2394 | Val Max Gen Viol: 0.0000 | Val Max Thermal: 0.0000 [*SAVED BEST*]
Epoch   20 | Val Loss: 617.5703 | Val Cost: 2043.02 | Val Max P-Miss: 0.2755 | Val Max Q-Miss: 0.1501 | Val Max Gen Viol: 0.0000 | Val Max Thermal: 0.0000 [*SAVED BEST*]
Epoch   30 | Val Loss: 622.0115 | Val Cost: 2251.47 | Val Max P-Miss: 0.3377 | Val Max Q-Miss: 0.1731 | Val Max Gen Viol: 0.0000 | Val Max Thermal: 0.0000
Epoch   40 | Val Loss: 629.1025 | Val Cost: 2290.25 | Val Max P-Miss: 0.3179 | Val Max Q-Miss: 0.2319 | Val Max Gen Viol: 0.0000 | Val Max Thermal: 0.0000
Epoch   50 | Val Loss: 624.0418 | Val Cost: 2320.21 | Val Max P-Miss: 0.2622 | Val Max Q-Miss: 0.2294 | Val Max Gen Viol: 0.0000 | Val Max Thermal: 0.0000
Epoch   60 | Val Loss: 607.6494 | Val Cost: 2447.76 | Val Max P-Miss: 0.2246 | Val Max Q-Miss: 0.1259 | Val Max Gen Viol: 0.0000 | Val Max Thermal: 0.0000 [*SAVED BEST*]
Epoch   70 | Val Loss: 599.1443 | Val Cost: 2736.26 | Val Max P-Miss: 0.1618 | Val Max Q-Miss: 0.0749 | Val Max Gen Viol: 0.0000 | Val Max Thermal: 0.0000 [*SAVED BEST*]
Epoch   80 | Val Loss: 598.8242 | Val Cost: 2740.09 | Val Max P-Miss: 0.1401 | Val Max Q-Miss: 0.0992 | Val Max Gen Viol: 0.0000 | Val Max Thermal: 0.0000 [*SAVED BEST*]
Epoch   90 | Val Loss: 603.0052 | Val Cost: 2766.85 | Val Max P-Miss: 0.1320 | Val Max Q-Miss: 0.0924 | Val Max Gen Viol: 0.0000 | Val Max Thermal: 0.0000
Epoch  100 | Val Loss: 601.3142 | Val Cost: 2793.31 | Val Max P-Miss: 0.1877 | Val Max Q-Miss: 0.1494 | Val Max Gen Viol: 0.0000 | Val Max Thermal: 0.0000
Epoch  110 | Val Loss: 592.5627 | Val Cost: 2862.84 | Val Max P-Miss: 0.1364 | Val Max Q-Miss: 0.0807 | Val Max Gen Viol: 0.0000 | Val Max Thermal: 0.0000 [*SAVED BEST*]
Epoch  120 | Val Loss: 590.2099 | Val Cost: 2873.20 | Val Max P-Miss: 0.1277 | Val Max Q-Miss: 0.0800 | Val Max Gen Viol: 0.0000 | Val Max Thermal: 0.0000 [*SAVED BEST*]
Epoch  130 | Val Loss: 598.3863 | Val Cost: 2865.16 | Val Max P-Miss: 0.2267 | Val Max Q-Miss: 0.1774 | Val Max Gen Viol: 0.0000 | Val Max Thermal: 0.0000
Epoch  140 | Val Loss: 592.4487 | Val Cost: 2759.83 | Val Max P-Miss: 0.1313 | Val Max Q-Miss: 0.1660 | Val Max Gen Viol: 0.0000 | Val Max Thermal: 0.0000
Epoch  150 | Val Loss: 584.9526 | Val Cost: 2594.81 | Val Max P-Miss: 0.2077 | Val Max Q-Miss: 0.1281 | Val Max Gen Viol: 0.0000 | Val Max Thermal: 0.0000 [*SAVED BEST*]
Epoch  160 | Val Loss: 611.4142 | Val Cost: 2206.29 | Val Max P-Miss: 0.3517 | Val Max Q-Miss: 0.2212 | Val Max Gen Viol: 0.0000 | Val Max Thermal: 0.0000
Epoch  170 | Val Loss: 580.5876 | Val Cost: 2215.83 | Val Max P-Miss: 0.2506 | Val Max Q-Miss: 0.1288 | Val Max Gen Viol: 0.0000 | Val Max Thermal: 0.0000 [*SAVED BEST*]
Epoch  180 | Val Loss: 577.3551 | Val Cost: 2346.10 | Val Max P-Miss: 0.2565 | Val Max Q-Miss: 0.1857 | Val Max Gen Viol: 0.0000 | Val Max Thermal: 0.0000 [*SAVED BEST*]
Epoch  190 | Val Loss: 585.0523 | Val Cost: 2312.33 | Val Max P-Miss: 0.3293 | Val Max Q-Miss: 0.2270 | Val Max Gen Viol: 0.0000 | Val Max Thermal: 0.0000
Epoch  200 | Val Loss: 567.2134 | Val Cost: 2436.98 | Val Max P-Miss: 0.2387 | Val Max Q-Miss: 0.2774 | Val Max Gen Viol: 0.0000 | Val Max Thermal: 0.0000 [*SAVED BEST*]
Epoch  210 | Val Loss: 558.2722 | Val Cost: 2577.54 | Val Max P-Miss: 0.3430 | Val Max Q-Miss: 0.1648 | Val Max Gen Viol: 0.0000 | Val Max Thermal: 0.0000 [*SAVED BEST*]
Epoch  220 | Val Loss: 574.8992 | Val Cost: 2220.76 | Val Max P-Miss: 0.2263 | Val Max Q-Miss: 0.1796 | Val Max Gen Viol: 0.0000 | Val Max Thermal: 0.0000
Epoch  230 | Val Loss: 548.4474 | Val Cost: 2459.54 | Val Max P-Miss: 0.3438 | Val Max Q-Miss: 0.1999 | Val Max Gen Viol: 0.0000 | Val Max Thermal: 0.0000 [*SAVED BEST*]
Epoch  240 | Val Loss: 553.1570 | Val Cost: 2488.43 | Val Max P-Miss: 0.3392 | Val Max Q-Miss: 0.2269 | Val Max Gen Viol: 0.0000 | Val Max Thermal: 0.0000
Epoch  250 | Val Loss: 543.4680 | Val Cost: 2510.59 | Val Max P-Miss: 0.4037 | Val Max Q-Miss: 0.2597 | Val Max Gen Viol: 0.0000 | Val Max Thermal: 0.0000 [*SAVED BEST*]
Epoch  260 | Val Loss: 536.4501 | Val Cost: 2562.09 | Val Max P-Miss: 0.4974 | Val Max Q-Miss: 0.3199 | Val Max Gen Viol: 0.0000 | Val Max Thermal: 0.0000 [*SAVED BEST*]
Epoch  270 | Val Loss: 537.9462 | Val Cost: 2590.37 | Val Max P-Miss: 0.5715 | Val Max Q-Miss: 0.3278 | Val Max Gen Viol: 0.0000 | Val Max Thermal: 0.0000
Epoch  280 | Val Loss: 519.6939 | Val Cost: 2615.42 | Val Max P-Miss: 0.4975 | Val Max Q-Miss: 0.2982 | Val Max Gen Viol: 0.0000 | Val Max Thermal: 0.0000 [*SAVED BEST*]
Epoch  290 | Val Loss: 509.8994 | Val Cost: 2620.28 | Val Max P-Miss: 0.5675 | Val Max Q-Miss: 0.2922 | Val Max Gen Viol: 0.0000 | Val Max Thermal: 0.0000 [*SAVED BEST*]
Epoch  300 | Val Loss: 473.9296 | Val Cost: 2649.74 | Val Max P-Miss: 0.3887 | Val Max Q-Miss: 0.2510 | Val Max Gen Viol: 0.0000 | Val Max Thermal: 0.0000 [*SAVED BEST*]
Epoch  310 | Val Loss: 502.1357 | Val Cost: 2651.93 | Val Max P-Miss: 0.6105 | Val Max Q-Miss: 0.3403 | Val Max Gen Viol: 0.0000 | Val Max Thermal: 0.0000
Epoch  320 | Val Loss: 509.8936 | Val Cost: 2656.04 | Val Max P-Miss: 0.7035 | Val Max Q-Miss: 0.4123 | Val Max Gen Viol: 0.0000 | Val Max Thermal: 0.0000
Epoch  330 | Val Loss: 487.0143 | Val Cost: 2661.78 | Val Max P-Miss: 0.6369 | Val Max Q-Miss: 0.3605 | Val Max Gen Viol: 0.0000 | Val Max Thermal: 0.0000
Epoch  340 | Val Loss: 484.8423 | Val Cost: 2667.83 | Val Max P-Miss: 0.6581 | Val Max Q-Miss: 0.3740 | Val Max Gen Viol: 0.0000 | Val Max Thermal: 0.0000
Epoch  350 | Val Loss: 487.4458 | Val Cost: 2672.58 | Val Max P-Miss: 0.7473 | Val Max Q-Miss: 0.4289 | Val Max Gen Viol: 0.0000 | Val Max Thermal: 0.0000
Epoch  360 | Val Loss: 467.0627 | Val Cost: 2676.35 | Val Max P-Miss: 0.7118 | Val Max Q-Miss: 0.4073 | Val Max Gen Viol: 0.0000 | Val Max Thermal: 0.0000 [*SAVED BEST*]
Epoch  370 | Val Loss: 596.9409 | Val Cost: 2651.10 | Val Max P-Miss: 0.6608 | Val Max Q-Miss: 0.5972 | Val Max Gen Viol: 0.0000 | Val Max Thermal: 0.0000
Epoch  380 | Val Loss: 598.5952 | Val Cost: 2601.25 | Val Max P-Miss: 0.9131 | Val Max Q-Miss: 0.3523 | Val Max Gen Viol: 0.0000 | Val Max Thermal: 0.0000
Epoch  390 | Val Loss: 467.3987 | Val Cost: 2603.66 | Val Max P-Miss: 0.4327 | Val Max Q-Miss: 0.1697 | Val Max Gen Viol: 0.0000 | Val Max Thermal: 0.0000
Epoch  400 | Val Loss: 438.3679 | Val Cost: 2582.99 | Val Max P-Miss: 0.2339 | Val Max Q-Miss: 0.1348 | Val Max Gen Viol: 0.0000 | Val Max Thermal: 0.0000 [*SAVED BEST*]
Epoch  410 | Val Loss: 455.5058 | Val Cost: 2611.50 | Val Max P-Miss: 0.4056 | Val Max Q-Miss: 0.2074 | Val Max Gen Viol: 0.0000 | Val Max Thermal: 0.0000
Epoch  420 | Val Loss: 434.1358 | Val Cost: 2662.63 | Val Max P-Miss: 0.6111 | Val Max Q-Miss: 0.3553 | Val Max Gen Viol: 0.0000 | Val Max Thermal: 0.0000 [*SAVED BEST*]
Epoch  430 | Val Loss: 451.5883 | Val Cost: 2657.77 | Val Max P-Miss: 0.5820 | Val Max Q-Miss: 0.3639 | Val Max Gen Viol: 0.0000 | Val Max Thermal: 0.0000
Epoch  440 | Val Loss: 414.4207 | Val Cost: 2668.26 | Val Max P-Miss: 0.6470 | Val Max Q-Miss: 0.4069 | Val Max Gen Viol: 0.0000 | Val Max Thermal: 0.0000 [*SAVED BEST*]
Epoch  450 | Val Loss: 436.1327 | Val Cost: 2675.43 | Val Max P-Miss: 0.7763 | Val Max Q-Miss: 0.4988 | Val Max Gen Viol: 0.0000 | Val Max Thermal: 0.0000
Epoch  460 | Val Loss: 432.3030 | Val Cost: 2680.00 | Val Max P-Miss: 0.8241 | Val Max Q-Miss: 0.4317 | Val Max Gen Viol: 0.0000 | Val Max Thermal: 0.0000
Epoch  470 | Val Loss: 415.5925 | Val Cost: 2682.95 | Val Max P-Miss: 0.7383 | Val Max Q-Miss: 0.4499 | Val Max Gen Viol: 0.0000 | Val Max Thermal: 0.0000
Epoch  480 | Val Loss: 400.4182 | Val Cost: 2684.95 | Val Max P-Miss: 0.6022 | Val Max Q-Miss: 0.4020 | Val Max Gen Viol: 0.0000 | Val Max Thermal: 0.0000 [*SAVED BEST*]
Epoch  490 | Val Loss: 588.3781 | Val Cost: 2686.43 | Val Max P-Miss: 1.5079 | Val Max Q-Miss: 0.6506 | Val Max Gen Viol: 0.0000 | Val Max Thermal: 0.0000
Epoch  500 | Val Loss: 390.0405 | Val Cost: 2684.68 | Val Max P-Miss: 0.8906 | Val Max Q-Miss: 0.4587 | Val Max Gen Viol: 0.0000 | Val Max Thermal: 0.0000 [*SAVED BEST*]
Epoch  510 | Val Loss: 338.5370 | Val Cost: 2688.67 | Val Max P-Miss: 0.7984 | Val Max Q-Miss: 0.4052 | Val Max Gen Viol: 0.0000 | Val Max Thermal: 0.0000 [*SAVED BEST*]
Epoch  520 | Val Loss: 334.6353 | Val Cost: 2690.24 | Val Max P-Miss: 0.8102 | Val Max Q-Miss: 0.4268 | Val Max Gen Viol: 0.0000 | Val Max Thermal: 0.0000 [*SAVED BEST*]
Epoch  530 | Val Loss: 330.7672 | Val Cost: 2690.96 | Val Max P-Miss: 0.7714 | Val Max Q-Miss: 0.4058 | Val Max Gen Viol: 0.0000 | Val Max Thermal: 0.0000 [*SAVED BEST*]
Epoch  540 | Val Loss: 298.9670 | Val Cost: 2691.61 | Val Max P-Miss: 0.7915 | Val Max Q-Miss: 0.3863 | Val Max Gen Viol: 0.0000 | Val Max Thermal: 0.0000 [*SAVED BEST*]
Epoch  550 | Val Loss: 1176.8771 | Val Cost: 2672.22 | Val Max P-Miss: 1.4106 | Val Max Q-Miss: 1.2140 | Val Max Gen Viol: 0.0000 | Val Max Thermal: 0.0000
Epoch  560 | Val Loss: 415.9974 | Val Cost: 2595.76 | Val Max P-Miss: 0.5164 | Val Max Q-Miss: 0.3274 | Val Max Gen Viol: 0.0000 | Val Max Thermal: 0.0000
Epoch  570 | Val Loss: 376.2902 | Val Cost: 2661.88 | Val Max P-Miss: 0.7163 | Val Max Q-Miss: 0.4219 | Val Max Gen Viol: 0.0000 | Val Max Thermal: 0.0000
Epoch  580 | Val Loss: 386.2024 | Val Cost: 2674.85 | Val Max P-Miss: 0.8181 | Val Max Q-Miss: 0.4508 | Val Max Gen Viol: 0.0000 | Val Max Thermal: 0.0000
Epoch  590 | Val Loss: 361.7080 | Val Cost: 2679.85 | Val Max P-Miss: 0.8661 | Val Max Q-Miss: 0.4862 | Val Max Gen Viol: 0.0000 | Val Max Thermal: 0.0000
Epoch  600 | Val Loss: 348.3631 | Val Cost: 2683.39 | Val Max P-Miss: 0.8680 | Val Max Q-Miss: 0.5101 | Val Max Gen Viol: 0.0000 | Val Max Thermal: 0.0000
Epoch  610 | Val Loss: 307.3661 | Val Cost: 2684.35 | Val Max P-Miss: 0.6647 | Val Max Q-Miss: 0.4009 | Val Max Gen Viol: 0.0000 | Val Max Thermal: 0.0000
Epoch  620 | Val Loss: 389.5461 | Val Cost: 2674.06 | Val Max P-Miss: 0.8926 | Val Max Q-Miss: 0.5224 | Val Max Gen Viol: 0.0000 | Val Max Thermal: 0.0000
Epoch  630 | Val Loss: 322.2794 | Val Cost: 2683.04 | Val Max P-Miss: 0.8087 | Val Max Q-Miss: 0.5453 | Val Max Gen Viol: 0.0000 | Val Max Thermal: 0.0000
Epoch  640 | Val Loss: 343.9755 | Val Cost: 2689.12 | Val Max P-Miss: 1.0576 | Val Max Q-Miss: 0.6183 | Val Max Gen Viol: 0.0000 | Val Max Thermal: 0.0000
Epoch  650 | Val Loss: 301.5176 | Val Cost: 2688.07 | Val Max P-Miss: 0.8285 | Val Max Q-Miss: 0.5306 | Val Max Gen Viol: 0.0000 | Val Max Thermal: 0.0000
Epoch  660 | Val Loss: 308.0056 | Val Cost: 2687.31 | Val Max P-Miss: 0.8407 | Val Max Q-Miss: 0.5934 | Val Max Gen Viol: 0.0000 | Val Max Thermal: 0.0000
Epoch  670 | Val Loss: 1142.7867 | Val Cost: 2692.76 | Val Max P-Miss: 1.6113 | Val Max Q-Miss: 1.2840 | Val Max Gen Viol: 0.0000 | Val Max Thermal: 1.6852
Epoch  680 | Val Loss: 536.0214 | Val Cost: 2677.54 | Val Max P-Miss: 1.0584 | Val Max Q-Miss: 1.1365 | Val Max Gen Viol: 0.0000 | Val Max Thermal: 0.0000
Epoch  690 | Val Loss: 350.1122 | Val Cost: 2005.75 | Val Max P-Miss: 0.6472 | Val Max Q-Miss: 0.4948 | Val Max Gen Viol: 0.0000 | Val Max Thermal: 0.0000
Epoch  700 | Val Loss: 293.9031 | Val Cost: 2107.07 | Val Max P-Miss: 0.7920 | Val Max Q-Miss: 0.4459 | Val Max Gen Viol: 0.0000 | Val Max Thermal: 0.0000 [*SAVED BEST*]
Epoch  710 | Val Loss: 705.6167 | Val Cost: 2309.57 | Val Max P-Miss: 1.6199 | Val Max Q-Miss: 0.8507 | Val Max Gen Viol: 0.0000 | Val Max Thermal: 0.0000
Epoch  720 | Val Loss: 718.0265 | Val Cost: 2372.13 | Val Max P-Miss: 0.6976 | Val Max Q-Miss: 0.8939 | Val Max Gen Viol: 0.0000 | Val Max Thermal: 0.0000
Epoch  730 | Val Loss: 388.0376 | Val Cost: 2585.84 | Val Max P-Miss: 0.6019 | Val Max Q-Miss: 0.5121 | Val Max Gen Viol: 0.0000 | Val Max Thermal: 0.0000
Epoch  740 | Val Loss: 320.2479 | Val Cost: 2646.11 | Val Max P-Miss: 0.6527 | Val Max Q-Miss: 0.4092 | Val Max Gen Viol: 0.0000 | Val Max Thermal: 0.0000
Epoch  750 | Val Loss: 298.6718 | Val Cost: 2670.87 | Val Max P-Miss: 0.8386 | Val Max Q-Miss: 0.5290 | Val Max Gen Viol: 0.0000 | Val Max Thermal: 0.0000
Epoch  760 | Val Loss: 261.6190 | Val Cost: 2676.54 | Val Max P-Miss: 0.7840 | Val Max Q-Miss: 0.5340 | Val Max Gen Viol: 0.0000 | Val Max Thermal: 0.0000 [*SAVED BEST*]
Epoch  770 | Val Loss: 321.6041 | Val Cost: 2678.93 | Val Max P-Miss: 1.0656 | Val Max Q-Miss: 0.5755 | Val Max Gen Viol: 0.0000 | Val Max Thermal: 0.0000
Epoch  780 | Val Loss: 237.4698 | Val Cost: 2675.25 | Val Max P-Miss: 0.9071 | Val Max Q-Miss: 0.4103 | Val Max Gen Viol: 0.0000 | Val Max Thermal: 0.0000 [*SAVED BEST*]
Epoch  790 | Val Loss: 361.2447 | Val Cost: 2656.81 | Val Max P-Miss: 0.7570 | Val Max Q-Miss: 0.8736 | Val Max Gen Viol: 0.0000 | Val Max Thermal: 0.0000
Epoch  800 | Val Loss: 408.6410 | Val Cost: 2664.37 | Val Max P-Miss: 1.0230 | Val Max Q-Miss: 0.9162 | Val Max Gen Viol: 0.0000 | Val Max Thermal: 0.0000
Epoch  810 | Val Loss: 533.4942 | Val Cost: 2653.74 | Val Max P-Miss: 1.0911 | Val Max Q-Miss: 0.8082 | Val Max Gen Viol: 0.0000 | Val Max Thermal: 0.0000
Epoch  820 | Val Loss: 317.3812 | Val Cost: 2669.17 | Val Max P-Miss: 0.9892 | Val Max Q-Miss: 0.5733 | Val Max Gen Viol: 0.0000 | Val Max Thermal: 0.0000
Epoch  830 | Val Loss: 258.5421 | Val Cost: 2682.55 | Val Max P-Miss: 0.8251 | Val Max Q-Miss: 0.4432 | Val Max Gen Viol: 0.0000 | Val Max Thermal: 0.0000
Epoch  840 | Val Loss: 290.3570 | Val Cost: 2685.30 | Val Max P-Miss: 0.9935 | Val Max Q-Miss: 0.5565 | Val Max Gen Viol: 0.0000 | Val Max Thermal: 0.0000
Epoch  850 | Val Loss: 221.2570 | Val Cost: 2686.24 | Val Max P-Miss: 0.8548 | Val Max Q-Miss: 0.4950 | Val Max Gen Viol: 0.0000 | Val Max Thermal: 0.0000 [*SAVED BEST*]
Epoch  860 | Val Loss: 201.4880 | Val Cost: 2686.48 | Val Max P-Miss: 0.7912 | Val Max Q-Miss: 0.4383 | Val Max Gen Viol: 0.0000 | Val Max Thermal: 0.0000 [*SAVED BEST*]
Epoch  870 | Val Loss: 247.5413 | Val Cost: 2686.78 | Val Max P-Miss: 0.9291 | Val Max Q-Miss: 0.5479 | Val Max Gen Viol: 0.0000 | Val Max Thermal: 0.0000
Epoch  880 | Val Loss: 293.9663 | Val Cost: 2686.45 | Val Max P-Miss: 0.9433 | Val Max Q-Miss: 0.5615 | Val Max Gen Viol: 0.0000 | Val Max Thermal: 0.0000
Epoch  890 | Val Loss: 364.9927 | Val Cost: 2685.70 | Val Max P-Miss: 1.4111 | Val Max Q-Miss: 0.7703 | Val Max Gen Viol: 0.0000 | Val Max Thermal: 0.0000
Epoch  900 | Val Loss: 256.3213 | Val Cost: 2685.95 | Val Max P-Miss: 1.1115 | Val Max Q-Miss: 0.5572 | Val Max Gen Viol: 0.0000 | Val Max Thermal: 0.0000
Epoch  910 | Val Loss: 223.9167 | Val Cost: 2687.16 | Val Max P-Miss: 1.0138 | Val Max Q-Miss: 0.5226 | Val Max Gen Viol: 0.0000 | Val Max Thermal: 0.0000
Epoch  920 | Val Loss: 247.8213 | Val Cost: 2687.86 | Val Max P-Miss: 0.9670 | Val Max Q-Miss: 0.5324 | Val Max Gen Viol: 0.0000 | Val Max Thermal: 0.0000
Epoch  930 | Val Loss: 283.7808 | Val Cost: 2145.35 | Val Max P-Miss: 0.3987 | Val Max Q-Miss: 0.3884 | Val Max Gen Viol: 0.0000 | Val Max Thermal: 0.0000
Epoch  940 | Val Loss: 255.9704 | Val Cost: 2499.82 | Val Max P-Miss: 0.4290 | Val Max Q-Miss: 0.3484 | Val Max Gen Viol: 0.0000 | Val Max Thermal: 0.0000
Epoch  950 | Val Loss: 318.7111 | Val Cost: 2614.57 | Val Max P-Miss: 0.6827 | Val Max Q-Miss: 0.5519 | Val Max Gen Viol: 0.0000 | Val Max Thermal: 0.0000
Epoch  960 | Val Loss: 274.2273 | Val Cost: 2646.17 | Val Max P-Miss: 0.6149 | Val Max Q-Miss: 0.4348 | Val Max Gen Viol: 0.0000 | Val Max Thermal: 0.0000
Epoch  970 | Val Loss: 196.2294 | Val Cost: 2662.81 | Val Max P-Miss: 0.7694 | Val Max Q-Miss: 0.4297 | Val Max Gen Viol: 0.0000 | Val Max Thermal: 0.0000 [*SAVED BEST*]
Epoch  980 | Val Loss: 188.5688 | Val Cost: 2669.19 | Val Max P-Miss: 0.7877 | Val Max Q-Miss: 0.4219 | Val Max Gen Viol: 0.0000 | Val Max Thermal: 0.0000 [*SAVED BEST*]
Epoch  990 | Val Loss: 270.0154 | Val Cost: 2671.48 | Val Max P-Miss: 1.0140 | Val Max Q-Miss: 0.5620 | Val Max Gen Viol: 0.0000 | Val Max Thermal: 0.0000
Epoch 1000 | Val Loss: 168.6082 | Val Cost: 2673.07 | Val Max P-Miss: 0.7481 | Val Max Q-Miss: 0.4009 | Val Max Gen Viol: 0.0000 | Val Max Thermal: 0.0000 [*SAVED BEST*]
Epoch 1010 | Val Loss: 165.6839 | Val Cost: 2674.42 | Val Max P-Miss: 0.7601 | Val Max Q-Miss: 0.4116 | Val Max Gen Viol: 0.0000 | Val Max Thermal: 0.0000 [*SAVED BEST*]
Epoch 1020 | Val Loss: 160.4456 | Val Cost: 2675.19 | Val Max P-Miss: 0.7416 | Val Max Q-Miss: 0.4011 | Val Max Gen Viol: 0.0000 | Val Max Thermal: 0.0000 [*SAVED BEST*]
Epoch 1030 | Val Loss: 160.3785 | Val Cost: 2675.27 | Val Max P-Miss: 0.7585 | Val Max Q-Miss: 0.4084 | Val Max Gen Viol: 0.0000 | Val Max Thermal: 0.0000 [*SAVED BEST*]
Epoch 1040 | Val Loss: 167.9143 | Val Cost: 2675.53 | Val Max P-Miss: 0.7178 | Val Max Q-Miss: 0.3934 | Val Max Gen Viol: 0.0000 | Val Max Thermal: 0.0000
Epoch 1050 | Val Loss: 179.0621 | Val Cost: 2674.59 | Val Max P-Miss: 0.7286 | Val Max Q-Miss: 0.4086 | Val Max Gen Viol: 0.0000 | Val Max Thermal: 0.0000
Epoch 1060 | Val Loss: 180.8015 | Val Cost: 2674.11 | Val Max P-Miss: 0.6863 | Val Max Q-Miss: 0.3906 | Val Max Gen Viol: 0.0000 | Val Max Thermal: 0.0000
Epoch 1070 | Val Loss: 198.3582 | Val Cost: 2670.81 | Val Max P-Miss: 0.8486 | Val Max Q-Miss: 0.4275 | Val Max Gen Viol: 0.0000 | Val Max Thermal: 0.0000
Epoch 1080 | Val Loss: 180.9214 | Val Cost: 2669.79 | Val Max P-Miss: 0.9545 | Val Max Q-Miss: 0.4630 | Val Max Gen Viol: 0.0000 | Val Max Thermal: 0.0000
Epoch 1090 | Val Loss: 175.3638 | Val Cost: 2669.78 | Val Max P-Miss: 0.7834 | Val Max Q-Miss: 0.4190 | Val Max Gen Viol: 0.0000 | Val Max Thermal: 0.0000
Epoch 1100 | Val Loss: 154.0560 | Val Cost: 2668.15 | Val Max P-Miss: 0.8851 | Val Max Q-Miss: 0.4472 | Val Max Gen Viol: 0.0000 | Val Max Thermal: 0.0000 [*SAVED BEST*]
Epoch 1110 | Val Loss: 398.9410 | Val Cost: 2552.88 | Val Max P-Miss: 0.9655 | Val Max Q-Miss: 0.7436 | Val Max Gen Viol: 0.0000 | Val Max Thermal: 0.0000
Epoch 1120 | Val Loss: 201.0984 | Val Cost: 2672.91 | Val Max P-Miss: 0.4097 | Val Max Q-Miss: 0.3991 | Val Max Gen Viol: 0.0000 | Val Max Thermal: 0.0000
Epoch 1130 | Val Loss: 159.4089 | Val Cost: 2677.35 | Val Max P-Miss: 0.5486 | Val Max Q-Miss: 0.3356 | Val Max Gen Viol: 0.0000 | Val Max Thermal: 0.0000
Epoch 1140 | Val Loss: 172.7100 | Val Cost: 2684.26 | Val Max P-Miss: 0.8038 | Val Max Q-Miss: 0.4972 | Val Max Gen Viol: 0.0000 | Val Max Thermal: 0.0000
Epoch 1150 | Val Loss: 141.5158 | Val Cost: 2686.06 | Val Max P-Miss: 0.6837 | Val Max Q-Miss: 0.4125 | Val Max Gen Viol: 0.0000 | Val Max Thermal: 0.0000 [*SAVED BEST*]
Epoch 1160 | Val Loss: 129.0682 | Val Cost: 2686.66 | Val Max P-Miss: 0.6320 | Val Max Q-Miss: 0.3908 | Val Max Gen Viol: 0.0000 | Val Max Thermal: 0.0000 [*SAVED BEST*]
Epoch 1170 | Val Loss: 183.8349 | Val Cost: 2687.35 | Val Max P-Miss: 0.7110 | Val Max Q-Miss: 0.4024 | Val Max Gen Viol: 0.0000 | Val Max Thermal: 0.0000
Epoch 1180 | Val Loss: 207.7449 | Val Cost: 2687.59 | Val Max P-Miss: 0.8884 | Val Max Q-Miss: 0.5172 | Val Max Gen Viol: 0.0000 | Val Max Thermal: 0.0000
Epoch 1190 | Val Loss: 154.3311 | Val Cost: 2687.79 | Val Max P-Miss: 0.7075 | Val Max Q-Miss: 0.4236 | Val Max Gen Viol: 0.0000 | Val Max Thermal: 0.0000
Epoch 1200 | Val Loss: 162.8582 | Val Cost: 2688.04 | Val Max P-Miss: 0.6839 | Val Max Q-Miss: 0.3839 | Val Max Gen Viol: 0.0000 | Val Max Thermal: 0.0000
Epoch 1210 | Val Loss: 174.3437 | Val Cost: 2687.46 | Val Max P-Miss: 1.0162 | Val Max Q-Miss: 0.4875 | Val Max Gen Viol: 0.0000 | Val Max Thermal: 0.0000
Epoch 1220 | Val Loss: 127.4972 | Val Cost: 2687.27 | Val Max P-Miss: 0.8572 | Val Max Q-Miss: 0.3625 | Val Max Gen Viol: 0.0000 | Val Max Thermal: 0.0000 [*SAVED BEST*]
Epoch 1230 | Val Loss: 137.1898 | Val Cost: 2686.63 | Val Max P-Miss: 0.8450 | Val Max Q-Miss: 0.4139 | Val Max Gen Viol: 0.0000 | Val Max Thermal: 0.0000
Epoch 1240 | Val Loss: 128.1776 | Val Cost: 2687.03 | Val Max P-Miss: 0.8246 | Val Max Q-Miss: 0.3932 | Val Max Gen Viol: 0.0000 | Val Max Thermal: 0.0000
Epoch 1250 | Val Loss: 117.3088 | Val Cost: 2686.64 | Val Max P-Miss: 0.7982 | Val Max Q-Miss: 0.3723 | Val Max Gen Viol: 0.0000 | Val Max Thermal: 0.0000 [*SAVED BEST*]
Epoch 1260 | Val Loss: 99.5605 | Val Cost: 2685.63 | Val Max P-Miss: 0.7731 | Val Max Q-Miss: 0.3583 | Val Max Gen Viol: 0.0000 | Val Max Thermal: 0.0000 [*SAVED BEST*]
Epoch 1270 | Val Loss: 666.6378 | Val Cost: 2622.72 | Val Max P-Miss: 1.2556 | Val Max Q-Miss: 0.9573 | Val Max Gen Viol: 0.0000 | Val Max Thermal: 0.0000
Epoch 1280 | Val Loss: 311.1809 | Val Cost: 2507.43 | Val Max P-Miss: 0.7254 | Val Max Q-Miss: 0.5258 | Val Max Gen Viol: 0.0000 | Val Max Thermal: 0.0000
Epoch 1290 | Val Loss: 354.7456 | Val Cost: 2671.72 | Val Max P-Miss: 0.8927 | Val Max Q-Miss: 0.5444 | Val Max Gen Viol: 0.0000 | Val Max Thermal: 0.0000
Epoch 1300 | Val Loss: 209.9110 | Val Cost: 2678.11 | Val Max P-Miss: 0.7851 | Val Max Q-Miss: 0.4704 | Val Max Gen Viol: 0.0000 | Val Max Thermal: 0.0000
Epoch 1310 | Val Loss: 175.7031 | Val Cost: 2686.59 | Val Max P-Miss: 0.7841 | Val Max Q-Miss: 0.5277 | Val Max Gen Viol: 0.0000 | Val Max Thermal: 0.0000
Epoch 1320 | Val Loss: 178.7330 | Val Cost: 2687.49 | Val Max P-Miss: 0.8456 | Val Max Q-Miss: 0.5440 | Val Max Gen Viol: 0.0000 | Val Max Thermal: 0.0000
Epoch 1330 | Val Loss: 184.2882 | Val Cost: 2687.67 | Val Max P-Miss: 0.8617 | Val Max Q-Miss: 0.5237 | Val Max Gen Viol: 0.0000 | Val Max Thermal: 0.0000
Epoch 1340 | Val Loss: 172.8149 | Val Cost: 2687.77 | Val Max P-Miss: 0.8300 | Val Max Q-Miss: 0.4971 | Val Max Gen Viol: 0.0000 | Val Max Thermal: 0.0000
Epoch 1350 | Val Loss: 165.6014 | Val Cost: 2687.61 | Val Max P-Miss: 0.8101 | Val Max Q-Miss: 0.4857 | Val Max Gen Viol: 0.0000 | Val Max Thermal: 0.0000
Epoch 1360 | Val Loss: 158.3965 | Val Cost: 2688.02 | Val Max P-Miss: 0.7881 | Val Max Q-Miss: 0.5065 | Val Max Gen Viol: 0.0000 | Val Max Thermal: 0.0000
Epoch 1370 | Val Loss: 158.7075 | Val Cost: 2687.33 | Val Max P-Miss: 0.7394 | Val Max Q-Miss: 0.4788 | Val Max Gen Viol: 0.0000 | Val Max Thermal: 0.0000
Epoch 1380 | Val Loss: 120.7421 | Val Cost: 2687.40 | Val Max P-Miss: 0.6750 | Val Max Q-Miss: 0.3815 | Val Max Gen Viol: 0.0000 | Val Max Thermal: 0.0000
Epoch 1390 | Val Loss: 411.3313 | Val Cost: 2537.29 | Val Max P-Miss: 0.8407 | Val Max Q-Miss: 0.5643 | Val Max Gen Viol: 0.0000 | Val Max Thermal: 0.0201
Epoch 1400 | Val Loss: 131.7034 | Val Cost: 2635.26 | Val Max P-Miss: 0.6507 | Val Max Q-Miss: 0.3974 | Val Max Gen Viol: 0.0000 | Val Max Thermal: 0.0000
Epoch 1410 | Val Loss: 227.3317 | Val Cost: 2450.65 | Val Max P-Miss: 0.6406 | Val Max Q-Miss: 0.3371 | Val Max Gen Viol: 0.0000 | Val Max Thermal: 0.0000
Epoch 1420 | Val Loss: 280.9530 | Val Cost: 2638.51 | Val Max P-Miss: 0.7723 | Val Max Q-Miss: 0.6141 | Val Max Gen Viol: 0.0000 | Val Max Thermal: 0.0000
Epoch 1430 | Val Loss: 185.2363 | Val Cost: 2651.53 | Val Max P-Miss: 0.6652 | Val Max Q-Miss: 0.4633 | Val Max Gen Viol: 0.0000 | Val Max Thermal: 0.0000
Epoch 1440 | Val Loss: 145.1308 | Val Cost: 2669.83 | Val Max P-Miss: 0.7610 | Val Max Q-Miss: 0.3932 | Val Max Gen Viol: 0.0000 | Val Max Thermal: 0.0000
Epoch 1450 | Val Loss: 123.4082 | Val Cost: 2671.96 | Val Max P-Miss: 0.7278 | Val Max Q-Miss: 0.3813 | Val Max Gen Viol: 0.0000 | Val Max Thermal: 0.0000
Epoch 1460 | Val Loss: 141.3968 | Val Cost: 2670.63 | Val Max P-Miss: 0.8135 | Val Max Q-Miss: 0.4600 | Val Max Gen Viol: 0.0000 | Val Max Thermal: 0.0000
Epoch 1470 | Val Loss: 171.1870 | Val Cost: 2667.21 | Val Max P-Miss: 0.7085 | Val Max Q-Miss: 0.4480 | Val Max Gen Viol: 0.0000 | Val Max Thermal: 0.0000
Epoch 1480 | Val Loss: 312.4847 | Val Cost: 2573.79 | Val Max P-Miss: 0.6354 | Val Max Q-Miss: 0.6341 | Val Max Gen Viol: 0.0000 | Val Max Thermal: 0.0000
Epoch 1490 | Val Loss: 336.2252 | Val Cost: 2532.25 | Val Max P-Miss: 1.3968 | Val Max Q-Miss: 0.6702 | Val Max Gen Viol: 0.0000 | Val Max Thermal: 0.0000
Epoch 1500 | Val Loss: 314.8618 | Val Cost: 2521.13 | Val Max P-Miss: 0.9232 | Val Max Q-Miss: 0.4446 | Val Max Gen Viol: 0.0000 | Val Max Thermal: 0.0000
Epoch 1510 | Val Loss: 84.3818 | Val Cost: 2554.10 | Val Max P-Miss: 0.4804 | Val Max Q-Miss: 0.2771 | Val Max Gen Viol: 0.0000 | Val Max Thermal: 0.0000 [*SAVED BEST*]
Epoch 1520 | Val Loss: 127.3381 | Val Cost: 2549.43 | Val Max P-Miss: 0.7270 | Val Max Q-Miss: 0.3552 | Val Max Gen Viol: 0.0000 | Val Max Thermal: 0.0000
Epoch 1530 | Val Loss: 127.9648 | Val Cost: 2555.63 | Val Max P-Miss: 0.7102 | Val Max Q-Miss: 0.3656 | Val Max Gen Viol: 0.0000 | Val Max Thermal: 0.0000
Epoch 1540 | Val Loss: 96.9359 | Val Cost: 2559.33 | Val Max P-Miss: 0.5111 | Val Max Q-Miss: 0.2869 | Val Max Gen Viol: 0.0000 | Val Max Thermal: 0.0000
Epoch 1550 | Val Loss: 110.9445 | Val Cost: 2561.52 | Val Max P-Miss: 0.6012 | Val Max Q-Miss: 0.3404 | Val Max Gen Viol: 0.0000 | Val Max Thermal: 0.0000
Epoch 1560 | Val Loss: 99.2012 | Val Cost: 2526.15 | Val Max P-Miss: 0.3952 | Val Max Q-Miss: 0.2185 | Val Max Gen Viol: 0.0000 | Val Max Thermal: 0.0000
Epoch 1570 | Val Loss: 155.2118 | Val Cost: 2500.82 | Val Max P-Miss: 0.6884 | Val Max Q-Miss: 0.4057 | Val Max Gen Viol: 0.0000 | Val Max Thermal: 0.0000
Epoch 1580 | Val Loss: 124.5994 | Val Cost: 2546.46 | Val Max P-Miss: 0.6901 | Val Max Q-Miss: 0.4525 | Val Max Gen Viol: 0.0000 | Val Max Thermal: 0.0000
Epoch 1590 | Val Loss: 95.7204 | Val Cost: 2474.89 | Val Max P-Miss: 0.3381 | Val Max Q-Miss: 0.2574 | Val Max Gen Viol: 0.0000 | Val Max Thermal: 0.0000
Epoch 1600 | Val Loss: 143.5424 | Val Cost: 2541.66 | Val Max P-Miss: 0.7012 | Val Max Q-Miss: 0.4275 | Val Max Gen Viol: 0.0000 | Val Max Thermal: 0.0000
Epoch 1610 | Val Loss: 128.4427 | Val Cost: 2626.87 | Val Max P-Miss: 0.5901 | Val Max Q-Miss: 0.2233 | Val Max Gen Viol: 0.0000 | Val Max Thermal: 0.0000
Epoch 1620 | Val Loss: 154.3521 | Val Cost: 2654.72 | Val Max P-Miss: 0.6947 | Val Max Q-Miss: 0.3393 | Val Max Gen Viol: 0.0000 | Val Max Thermal: 0.0000
Epoch 1630 | Val Loss: 89.6407 | Val Cost: 2646.64 | Val Max P-Miss: 0.3462 | Val Max Q-Miss: 0.2611 | Val Max Gen Viol: 0.0000 | Val Max Thermal: 0.0000
Epoch 1640 | Val Loss: 267.1826 | Val Cost: 2585.34 | Val Max P-Miss: 0.7382 | Val Max Q-Miss: 0.7832 | Val Max Gen Viol: 0.0000 | Val Max Thermal: 0.0000
Epoch 1650 | Val Loss: 127.3979 | Val Cost: 2145.26 | Val Max P-Miss: 0.6555 | Val Max Q-Miss: 0.2972 | Val Max Gen Viol: 0.0000 | Val Max Thermal: 0.0000
Epoch 1660 | Val Loss: 175.5676 | Val Cost: 2398.13 | Val Max P-Miss: 0.6157 | Val Max Q-Miss: 0.3762 | Val Max Gen Viol: 0.0000 | Val Max Thermal: 0.0000
Epoch 1670 | Val Loss: 112.1055 | Val Cost: 2436.96 | Val Max P-Miss: 0.6631 | Val Max Q-Miss: 0.4142 | Val Max Gen Viol: 0.0000 | Val Max Thermal: 0.0000
Epoch 1680 | Val Loss: 111.4711 | Val Cost: 2437.91 | Val Max P-Miss: 0.6842 | Val Max Q-Miss: 0.4108 | Val Max Gen Viol: 0.0000 | Val Max Thermal: 0.0000
Epoch 1690 | Val Loss: 114.6716 | Val Cost: 2454.39 | Val Max P-Miss: 0.6704 | Val Max Q-Miss: 0.3921 | Val Max Gen Viol: 0.0000 | Val Max Thermal: 0.0000
Epoch 1700 | Val Loss: 117.2858 | Val Cost: 2463.20 | Val Max P-Miss: 0.6749 | Val Max Q-Miss: 0.3893 | Val Max Gen Viol: 0.0000 | Val Max Thermal: 0.0000
Epoch 1710 | Val Loss: 120.0427 | Val Cost: 2450.60 | Val Max P-Miss: 0.6311 | Val Max Q-Miss: 0.3697 | Val Max Gen Viol: 0.0000 | Val Max Thermal: 0.0000
Epoch 1720 | Val Loss: 369.4811 | Val Cost: 2347.69 | Val Max P-Miss: 1.3945 | Val Max Q-Miss: 0.6104 | Val Max Gen Viol: 0.0000 | Val Max Thermal: 0.0000
Epoch 1730 | Val Loss: 153.1044 | Val Cost: 2421.42 | Val Max P-Miss: 0.8350 | Val Max Q-Miss: 0.2966 | Val Max Gen Viol: 0.0000 | Val Max Thermal: 0.0000
Epoch 1740 | Val Loss: 129.1755 | Val Cost: 2573.61 | Val Max P-Miss: 0.5167 | Val Max Q-Miss: 0.3633 | Val Max Gen Viol: 0.0000 | Val Max Thermal: 0.0000
Epoch 1750 | Val Loss: 84.8324 | Val Cost: 2559.81 | Val Max P-Miss: 0.5949 | Val Max Q-Miss: 0.3452 | Val Max Gen Viol: 0.0000 | Val Max Thermal: 0.0000
Epoch 1760 | Val Loss: 99.0539 | Val Cost: 2539.75 | Val Max P-Miss: 0.6815 | Val Max Q-Miss: 0.3781 | Val Max Gen Viol: 0.0000 | Val Max Thermal: 0.0000
Epoch 1770 | Val Loss: 120.0343 | Val Cost: 2505.35 | Val Max P-Miss: 0.8161 | Val Max Q-Miss: 0.3809 | Val Max Gen Viol: 0.0000 | Val Max Thermal: 0.0000
Epoch 1780 | Val Loss: 101.5836 | Val Cost: 2484.24 | Val Max P-Miss: 0.6953 | Val Max Q-Miss: 0.3230 | Val Max Gen Viol: 0.0000 | Val Max Thermal: 0.0000
Epoch 1790 | Val Loss: 88.8777 | Val Cost: 2458.40 | Val Max P-Miss: 0.6529 | Val Max Q-Miss: 0.3207 | Val Max Gen Viol: 0.0000 | Val Max Thermal: 0.0000
Epoch 1800 | Val Loss: 91.7231 | Val Cost: 2526.00 | Val Max P-Miss: 0.6538 | Val Max Q-Miss: 0.3215 | Val Max Gen Viol: 0.0000 | Val Max Thermal: 0.0000
Epoch 1810 | Val Loss: 139.7433 | Val Cost: 2508.62 | Val Max P-Miss: 0.6883 | Val Max Q-Miss: 0.3454 | Val Max Gen Viol: 0.0000 | Val Max Thermal: 0.0000
Epoch 1820 | Val Loss: 360.0832 | Val Cost: 2520.45 | Val Max P-Miss: 0.9668 | Val Max Q-Miss: 0.6393 | Val Max Gen Viol: 0.0000 | Val Max Thermal: 0.0000
Epoch 1830 | Val Loss: 199.4569 | Val Cost: 2405.65 | Val Max P-Miss: 0.5963 | Val Max Q-Miss: 0.6217 | Val Max Gen Viol: 0.0000 | Val Max Thermal: 0.0000
Epoch 1840 | Val Loss: 82.4401 | Val Cost: 2499.70 | Val Max P-Miss: 0.5801 | Val Max Q-Miss: 0.3932 | Val Max Gen Viol: 0.0000 | Val Max Thermal: 0.0000 [*SAVED BEST*]
Epoch 1850 | Val Loss: 90.0725 | Val Cost: 2459.82 | Val Max P-Miss: 0.5062 | Val Max Q-Miss: 0.3378 | Val Max Gen Viol: 0.0000 | Val Max Thermal: 0.0000
Epoch 1860 | Val Loss: 89.5431 | Val Cost: 2431.82 | Val Max P-Miss: 0.4729 | Val Max Q-Miss: 0.1898 | Val Max Gen Viol: 0.0000 | Val Max Thermal: 0.0000
Epoch 1870 | Val Loss: 174.6493 | Val Cost: 2400.88 | Val Max P-Miss: 0.7592 | Val Max Q-Miss: 0.3308 | Val Max Gen Viol: 0.0000 | Val Max Thermal: 0.0000
Epoch 1880 | Val Loss: 125.2760 | Val Cost: 2412.66 | Val Max P-Miss: 0.7082 | Val Max Q-Miss: 0.3862 | Val Max Gen Viol: 0.0000 | Val Max Thermal: 0.0000
Epoch 1890 | Val Loss: 136.0223 | Val Cost: 2409.59 | Val Max P-Miss: 0.9678 | Val Max Q-Miss: 0.3816 | Val Max Gen Viol: 0.0000 | Val Max Thermal: 0.0000
Epoch 1900 | Val Loss: 164.2191 | Val Cost: 2419.38 | Val Max P-Miss: 0.7455 | Val Max Q-Miss: 0.4829 | Val Max Gen Viol: 0.0000 | Val Max Thermal: 0.0000
Epoch 1910 | Val Loss: 121.1848 | Val Cost: 2499.61 | Val Max P-Miss: 0.5864 | Val Max Q-Miss: 0.3926 | Val Max Gen Viol: 0.0000 | Val Max Thermal: 0.0000
Epoch 1920 | Val Loss: 341.9807 | Val Cost: 2367.55 | Val Max P-Miss: 1.1853 | Val Max Q-Miss: 0.5252 | Val Max Gen Viol: 0.0000 | Val Max Thermal: 0.0000
Epoch 1930 | Val Loss: 143.8928 | Val Cost: 2371.21 | Val Max P-Miss: 0.7868 | Val Max Q-Miss: 0.4182 | Val Max Gen Viol: 0.0000 | Val Max Thermal: 0.0000
Epoch 1940 | Val Loss: 75.9510 | Val Cost: 2389.46 | Val Max P-Miss: 0.6446 | Val Max Q-Miss: 0.2754 | Val Max Gen Viol: 0.0000 | Val Max Thermal: 0.0000 [*SAVED BEST*]
Epoch 1950 | Val Loss: 45.2711 | Val Cost: 2395.47 | Val Max P-Miss: 0.4906 | Val Max Q-Miss: 0.1959 | Val Max Gen Viol: 0.0000 | Val Max Thermal: 0.0000 [*SAVED BEST*]
Epoch 1960 | Val Loss: 174.1039 | Val Cost: 2382.15 | Val Max P-Miss: 0.7381 | Val Max Q-Miss: 0.4444 | Val Max Gen Viol: 0.0000 | Val Max Thermal: 0.0000
Epoch 1970 | Val Loss: 64.2644 | Val Cost: 2421.45 | Val Max P-Miss: 0.3296 | Val Max Q-Miss: 0.2165 | Val Max Gen Viol: 0.0000 | Val Max Thermal: 0.0000
Epoch 1980 | Val Loss: 112.9658 | Val Cost: 2389.17 | Val Max P-Miss: 0.5608 | Val Max Q-Miss: 0.2523 | Val Max Gen Viol: 0.0000 | Val Max Thermal: 0.0000
Epoch 1990 | Val Loss: 83.1927 | Val Cost: 2453.22 | Val Max P-Miss: 0.6897 | Val Max Q-Miss: 0.2464 | Val Max Gen Viol: 0.0000 | Val Max Thermal: 0.0000
Epoch 2000 | Val Loss: 72.9797 | Val Cost: 2386.75 | Val Max P-Miss: 0.6675 | Val Max Q-Miss: 0.2603 | Val Max Gen Viol: 0.0000 | Val Max Thermal: 0.0000
Epoch 2010 | Val Loss: 67.9126 | Val Cost: 2357.58 | Val Max P-Miss: 0.6324 | Val Max Q-Miss: 0.2587 | Val Max Gen Viol: 0.0000 | Val Max Thermal: 0.0000
Epoch 2020 | Val Loss: 62.3782 | Val Cost: 2350.48 | Val Max P-Miss: 0.6081 | Val Max Q-Miss: 0.2601 | Val Max Gen Viol: 0.0000 | Val Max Thermal: 0.0000
Epoch 2030 | Val Loss: 54.9928 | Val Cost: 2345.12 | Val Max P-Miss: 0.5839 | Val Max Q-Miss: 0.2564 | Val Max Gen Viol: 0.0000 | Val Max Thermal: 0.0000
Epoch 2040 | Val Loss: 60.5149 | Val Cost: 2329.67 | Val Max P-Miss: 0.5032 | Val Max Q-Miss: 0.2945 | Val Max Gen Viol: 0.0000 | Val Max Thermal: 0.0000
Epoch 2050 | Val Loss: 70.3318 | Val Cost: 2418.28 | Val Max P-Miss: 0.5348 | Val Max Q-Miss: 0.2737 | Val Max Gen Viol: 0.0000 | Val Max Thermal: 0.0000
Epoch 2060 | Val Loss: 57.8302 | Val Cost: 2463.57 | Val Max P-Miss: 0.5223 | Val Max Q-Miss: 0.2601 | Val Max Gen Viol: 0.0000 | Val Max Thermal: 0.0000
Epoch 2070 | Val Loss: 46.5558 | Val Cost: 2488.38 | Val Max P-Miss: 0.4396 | Val Max Q-Miss: 0.2038 | Val Max Gen Viol: 0.0000 | Val Max Thermal: 0.0000
Epoch 2080 | Val Loss: 53.8181 | Val Cost: 2506.72 | Val Max P-Miss: 0.4997 | Val Max Q-Miss: 0.2498 | Val Max Gen Viol: 0.0000 | Val Max Thermal: 0.0000
Epoch 2090 | Val Loss: 67.3290 | Val Cost: 2520.50 | Val Max P-Miss: 0.5131 | Val Max Q-Miss: 0.3330 | Val Max Gen Viol: 0.0000 | Val Max Thermal: 0.0000
Epoch 2100 | Val Loss: 60.1661 | Val Cost: 2526.81 | Val Max P-Miss: 0.5245 | Val Max Q-Miss: 0.2419 | Val Max Gen Viol: 0.0000 | Val Max Thermal: 0.0000
Epoch 2110 | Val Loss: 124.2451 | Val Cost: 2526.80 | Val Max P-Miss: 0.8663 | Val Max Q-Miss: 0.2566 | Val Max Gen Viol: 0.0000 | Val Max Thermal: 0.0000
Epoch 2120 | Val Loss: 72.1568 | Val Cost: 2242.06 | Val Max P-Miss: 0.3323 | Val Max Q-Miss: 0.2112 | Val Max Gen Viol: 0.0000 | Val Max Thermal: 0.0000
Epoch 2130 | Val Loss: 65.2826 | Val Cost: 2455.52 | Val Max P-Miss: 0.3705 | Val Max Q-Miss: 0.2810 | Val Max Gen Viol: 0.0000 | Val Max Thermal: 0.0000
Epoch 2140 | Val Loss: 107.4231 | Val Cost: 2455.28 | Val Max P-Miss: 0.5948 | Val Max Q-Miss: 0.3374 | Val Max Gen Viol: 0.0000 | Val Max Thermal: 0.0000
Epoch 2150 | Val Loss: 107.1818 | Val Cost: 2437.35 | Val Max P-Miss: 0.4784 | Val Max Q-Miss: 0.2932 | Val Max Gen Viol: 0.0000 | Val Max Thermal: 0.0000
Epoch 2160 | Val Loss: 105.5301 | Val Cost: 2494.41 | Val Max P-Miss: 0.6354 | Val Max Q-Miss: 0.2946 | Val Max Gen Viol: 0.0000 | Val Max Thermal: 0.0000
Epoch 2170 | Val Loss: 86.2686 | Val Cost: 2357.25 | Val Max P-Miss: 0.4128 | Val Max Q-Miss: 0.4067 | Val Max Gen Viol: 0.0000 | Val Max Thermal: 0.0000
Epoch 2180 | Val Loss: 82.1392 | Val Cost: 2407.27 | Val Max P-Miss: 0.3661 | Val Max Q-Miss: 0.3729 | Val Max Gen Viol: 0.0000 | Val Max Thermal: 0.0000
Epoch 2190 | Val Loss: 91.1711 | Val Cost: 2374.15 | Val Max P-Miss: 0.4730 | Val Max Q-Miss: 0.2135 | Val Max Gen Viol: 0.0000 | Val Max Thermal: 0.0000
Epoch 2200 | Val Loss: 78.2098 | Val Cost: 2405.95 | Val Max P-Miss: 0.5544 | Val Max Q-Miss: 0.2681 | Val Max Gen Viol: 0.0000 | Val Max Thermal: 0.0000
Epoch 2210 | Val Loss: 60.4320 | Val Cost: 2409.54 | Val Max P-Miss: 0.5094 | Val Max Q-Miss: 0.2380 | Val Max Gen Viol: 0.0000 | Val Max Thermal: 0.0000
Epoch 2220 | Val Loss: 209.6466 | Val Cost: 2368.54 | Val Max P-Miss: 0.8915 | Val Max Q-Miss: 0.5340 | Val Max Gen Viol: 0.0000 | Val Max Thermal: 0.0000
Epoch 2230 | Val Loss: 88.6681 | Val Cost: 2311.61 | Val Max P-Miss: 0.7025 | Val Max Q-Miss: 0.2975 | Val Max Gen Viol: 0.0000 | Val Max Thermal: 0.0000
Epoch 2240 | Val Loss: 66.6808 | Val Cost: 2229.28 | Val Max P-Miss: 0.2766 | Val Max Q-Miss: 0.2456 | Val Max Gen Viol: 0.0000 | Val Max Thermal: 0.0000
Epoch 2250 | Val Loss: 216.3833 | Val Cost: 2254.19 | Val Max P-Miss: 0.8366 | Val Max Q-Miss: 0.5914 | Val Max Gen Viol: 0.0000 | Val Max Thermal: 0.0000
Epoch 2260 | Val Loss: 45.1180 | Val Cost: 2393.22 | Val Max P-Miss: 0.3333 | Val Max Q-Miss: 0.1820 | Val Max Gen Viol: 0.0000 | Val Max Thermal: 0.0000 [*SAVED BEST*]
Epoch 2270 | Val Loss: 92.7695 | Val Cost: 2336.73 | Val Max P-Miss: 0.6186 | Val Max Q-Miss: 0.3805 | Val Max Gen Viol: 0.0000 | Val Max Thermal: 0.0000
Epoch 2280 | Val Loss: 140.2219 | Val Cost: 2337.59 | Val Max P-Miss: 0.7950 | Val Max Q-Miss: 0.4172 | Val Max Gen Viol: 0.0000 | Val Max Thermal: 0.0000
Epoch 2290 | Val Loss: 60.6358 | Val Cost: 2315.03 | Val Max P-Miss: 0.5588 | Val Max Q-Miss: 0.3488 | Val Max Gen Viol: 0.0000 | Val Max Thermal: 0.0000
Epoch 2300 | Val Loss: 52.0995 | Val Cost: 2306.65 | Val Max P-Miss: 0.5003 | Val Max Q-Miss: 0.3293 | Val Max Gen Viol: 0.0000 | Val Max Thermal: 0.0000
Epoch 2310 | Val Loss: 91.2643 | Val Cost: 2333.79 | Val Max P-Miss: 0.4240 | Val Max Q-Miss: 0.2760 | Val Max Gen Viol: 0.0000 | Val Max Thermal: 0.0000
Epoch 2320 | Val Loss: 274.5795 | Val Cost: 2152.15 | Val Max P-Miss: 0.9913 | Val Max Q-Miss: 0.6597 | Val Max Gen Viol: 0.0000 | Val Max Thermal: 0.0000
Epoch 2330 | Val Loss: 84.7531 | Val Cost: 2324.73 | Val Max P-Miss: 0.5649 | Val Max Q-Miss: 0.3468 | Val Max Gen Viol: 0.0000 | Val Max Thermal: 0.0000
Epoch 2340 | Val Loss: 94.9826 | Val Cost: 2333.01 | Val Max P-Miss: 0.6831 | Val Max Q-Miss: 0.3742 | Val Max Gen Viol: 0.0000 | Val Max Thermal: 0.0000
Epoch 2350 | Val Loss: 208.2189 | Val Cost: 2317.58 | Val Max P-Miss: 0.9714 | Val Max Q-Miss: 0.5270 | Val Max Gen Viol: 0.0000 | Val Max Thermal: 0.0000
Epoch 2360 | Val Loss: 40.4583 | Val Cost: 2354.83 | Val Max P-Miss: 0.3358 | Val Max Q-Miss: 0.1722 | Val Max Gen Viol: 0.0000 | Val Max Thermal: 0.0000 [*SAVED BEST*]
Epoch 2370 | Val Loss: 97.8316 | Val Cost: 2405.01 | Val Max P-Miss: 0.5577 | Val Max Q-Miss: 0.4211 | Val Max Gen Viol: 0.0000 | Val Max Thermal: 0.0000
Epoch 2380 | Val Loss: 300.4376 | Val Cost: 2412.91 | Val Max P-Miss: 0.6931 | Val Max Q-Miss: 1.1260 | Val Max Gen Viol: 0.0000 | Val Max Thermal: 0.0000
Epoch 2390 | Val Loss: 93.8806 | Val Cost: 2353.13 | Val Max P-Miss: 0.4514 | Val Max Q-Miss: 0.2728 | Val Max Gen Viol: 0.0000 | Val Max Thermal: 0.0000
Epoch 2400 | Val Loss: 72.2118 | Val Cost: 2387.30 | Val Max P-Miss: 0.5792 | Val Max Q-Miss: 0.2799 | Val Max Gen Viol: 0.0000 | Val Max Thermal: 0.0000
Epoch 2410 | Val Loss: 53.4494 | Val Cost: 2361.20 | Val Max P-Miss: 0.4946 | Val Max Q-Miss: 0.2235 | Val Max Gen Viol: 0.0000 | Val Max Thermal: 0.0000
Epoch 2420 | Val Loss: 60.0925 | Val Cost: 2368.92 | Val Max P-Miss: 0.5973 | Val Max Q-Miss: 0.2712 | Val Max Gen Viol: 0.0000 | Val Max Thermal: 0.0000
Epoch 2430 | Val Loss: 61.4631 | Val Cost: 2370.80 | Val Max P-Miss: 0.4561 | Val Max Q-Miss: 0.2732 | Val Max Gen Viol: 0.0000 | Val Max Thermal: 0.0000
Epoch 2440 | Val Loss: 73.2046 | Val Cost: 2357.13 | Val Max P-Miss: 0.5455 | Val Max Q-Miss: 0.3192 | Val Max Gen Viol: 0.0000 | Val Max Thermal: 0.0000
Epoch 2450 | Val Loss: 108.6442 | Val Cost: 2324.33 | Val Max P-Miss: 0.5131 | Val Max Q-Miss: 0.3081 | Val Max Gen Viol: 0.0000 | Val Max Thermal: 0.0000
Epoch 2460 | Val Loss: 133.5544 | Val Cost: 2350.45 | Val Max P-Miss: 0.5360 | Val Max Q-Miss: 0.3850 | Val Max Gen Viol: 0.0000 | Val Max Thermal: 0.0000
Epoch 2470 | Val Loss: 81.3706 | Val Cost: 2417.73 | Val Max P-Miss: 0.3354 | Val Max Q-Miss: 0.6682 | Val Max Gen Viol: 0.0000 | Val Max Thermal: 0.0000
Epoch 2480 | Val Loss: 52.3292 | Val Cost: 2197.12 | Val Max P-Miss: 0.2849 | Val Max Q-Miss: 0.2722 | Val Max Gen Viol: 0.0000 | Val Max Thermal: 0.0000
Epoch 2490 | Val Loss: 72.1730 | Val Cost: 2241.06 | Val Max P-Miss: 0.5489 | Val Max Q-Miss: 0.2547 | Val Max Gen Viol: 0.0000 | Val Max Thermal: 0.0000
Epoch 2500 | Val Loss: 52.8106 | Val Cost: 2304.15 | Val Max P-Miss: 0.3845 | Val Max Q-Miss: 0.1531 | Val Max Gen Viol: 0.0000 | Val Max Thermal: 0.0000
Epoch 2510 | Val Loss: 53.8246 | Val Cost: 2322.19 | Val Max P-Miss: 0.4566 | Val Max Q-Miss: 0.2865 | Val Max Gen Viol: 0.0000 | Val Max Thermal: 0.0000
Epoch 2520 | Val Loss: 58.4758 | Val Cost: 2342.79 | Val Max P-Miss: 0.5093 | Val Max Q-Miss: 0.3003 | Val Max Gen Viol: 0.0000 | Val Max Thermal: 0.0000
Epoch 2530 | Val Loss: 32.9272 | Val Cost: 2343.35 | Val Max P-Miss: 0.3266 | Val Max Q-Miss: 0.1923 | Val Max Gen Viol: 0.0000 | Val Max Thermal: 0.0000 [*SAVED BEST*]
Epoch 2540 | Val Loss: 192.1102 | Val Cost: 2188.06 | Val Max P-Miss: 0.8517 | Val Max Q-Miss: 0.4702 | Val Max Gen Viol: 0.0000 | Val Max Thermal: 0.0000
Epoch 2550 | Val Loss: 52.5075 | Val Cost: 2330.56 | Val Max P-Miss: 0.3866 | Val Max Q-Miss: 0.1573 | Val Max Gen Viol: 0.0000 | Val Max Thermal: 0.0000
Epoch 2560 | Val Loss: 51.2781 | Val Cost: 2400.61 | Val Max P-Miss: 0.3307 | Val Max Q-Miss: 0.2990 | Val Max Gen Viol: 0.0000 | Val Max Thermal: 0.0000
Epoch 2570 | Val Loss: 87.8574 | Val Cost: 2379.78 | Val Max P-Miss: 0.5833 | Val Max Q-Miss: 0.3144 | Val Max Gen Viol: 0.0000 | Val Max Thermal: 0.0000
Epoch 2580 | Val Loss: 51.2139 | Val Cost: 2395.28 | Val Max P-Miss: 0.4807 | Val Max Q-Miss: 0.2868 | Val Max Gen Viol: 0.0000 | Val Max Thermal: 0.0000
Epoch 2590 | Val Loss: 193.6502 | Val Cost: 2357.74 | Val Max P-Miss: 0.6670 | Val Max Q-Miss: 0.5313 | Val Max Gen Viol: 0.0000 | Val Max Thermal: 0.0000
Epoch 2600 | Val Loss: 61.7370 | Val Cost: 2383.15 | Val Max P-Miss: 0.4160 | Val Max Q-Miss: 0.2540 | Val Max Gen Viol: 0.0000 | Val Max Thermal: 0.0000
Epoch 2610 | Val Loss: 51.9756 | Val Cost: 2360.25 | Val Max P-Miss: 0.4421 | Val Max Q-Miss: 0.1811 | Val Max Gen Viol: 0.0000 | Val Max Thermal: 0.0000
Epoch 2620 | Val Loss: 55.6196 | Val Cost: 2391.37 | Val Max P-Miss: 0.5432 | Val Max Q-Miss: 0.2576 | Val Max Gen Viol: 0.0000 | Val Max Thermal: 0.0000
Epoch 2630 | Val Loss: 59.9662 | Val Cost: 2375.51 | Val Max P-Miss: 0.5603 | Val Max Q-Miss: 0.2517 | Val Max Gen Viol: 0.0000 | Val Max Thermal: 0.0000
Epoch 2640 | Val Loss: 40.9109 | Val Cost: 2357.93 | Val Max P-Miss: 0.3863 | Val Max Q-Miss: 0.2155 | Val Max Gen Viol: 0.0000 | Val Max Thermal: 0.0000
Epoch 2650 | Val Loss: 300.9810 | Val Cost: 2338.85 | Val Max P-Miss: 1.1179 | Val Max Q-Miss: 0.7621 | Val Max Gen Viol: 0.0000 | Val Max Thermal: 0.0000
Epoch 2660 | Val Loss: 107.8963 | Val Cost: 2374.99 | Val Max P-Miss: 0.5484 | Val Max Q-Miss: 0.4586 | Val Max Gen Viol: 0.0000 | Val Max Thermal: 0.0000
Epoch 2670 | Val Loss: 116.7667 | Val Cost: 2376.30 | Val Max P-Miss: 0.6507 | Val Max Q-Miss: 0.3285 | Val Max Gen Viol: 0.0000 | Val Max Thermal: 0.0000
Epoch 2680 | Val Loss: 55.3383 | Val Cost: 2421.36 | Val Max P-Miss: 0.4389 | Val Max Q-Miss: 0.2542 | Val Max Gen Viol: 0.0000 | Val Max Thermal: 0.0000
Epoch 2690 | Val Loss: 86.4239 | Val Cost: 2391.72 | Val Max P-Miss: 0.4600 | Val Max Q-Miss: 0.2737 | Val Max Gen Viol: 0.0000 | Val Max Thermal: 0.0000
Epoch 2700 | Val Loss: 72.0109 | Val Cost: 2357.92 | Val Max P-Miss: 0.4107 | Val Max Q-Miss: 0.3564 | Val Max Gen Viol: 0.0000 | Val Max Thermal: 0.0000
Epoch 2710 | Val Loss: 62.8700 | Val Cost: 2381.59 | Val Max P-Miss: 0.5871 | Val Max Q-Miss: 0.3306 | Val Max Gen Viol: 0.0000 | Val Max Thermal: 0.0000
Epoch 2720 | Val Loss: 84.4464 | Val Cost: 2341.12 | Val Max P-Miss: 0.5303 | Val Max Q-Miss: 0.2802 | Val Max Gen Viol: 0.0000 | Val Max Thermal: 0.0000
Epoch 2730 | Val Loss: 43.6155 | Val Cost: 2389.98 | Val Max P-Miss: 0.2620 | Val Max Q-Miss: 0.2479 | Val Max Gen Viol: 0.0000 | Val Max Thermal: 0.0000
Epoch 2740 | Val Loss: 31.3356 | Val Cost: 2423.94 | Val Max P-Miss: 0.3376 | Val Max Q-Miss: 0.1990 | Val Max Gen Viol: 0.0000 | Val Max Thermal: 0.0000 [*SAVED BEST*]
Epoch 2750 | Val Loss: 62.0105 | Val Cost: 2412.76 | Val Max P-Miss: 0.4568 | Val Max Q-Miss: 0.2216 | Val Max Gen Viol: 0.0000 | Val Max Thermal: 0.0000
Epoch 2760 | Val Loss: 80.4910 | Val Cost: 2409.26 | Val Max P-Miss: 0.5569 | Val Max Q-Miss: 0.3000 | Val Max Gen Viol: 0.0000 | Val Max Thermal: 0.0000
Epoch 2770 | Val Loss: 80.8518 | Val Cost: 2400.11 | Val Max P-Miss: 0.5086 | Val Max Q-Miss: 0.2530 | Val Max Gen Viol: 0.0000 | Val Max Thermal: 0.0000
Epoch 2780 | Val Loss: 93.4663 | Val Cost: 2397.43 | Val Max P-Miss: 0.4813 | Val Max Q-Miss: 0.3324 | Val Max Gen Viol: 0.0000 | Val Max Thermal: 0.0000
Epoch 2790 | Val Loss: 45.4800 | Val Cost: 2264.15 | Val Max P-Miss: 0.3188 | Val Max Q-Miss: 0.1952 | Val Max Gen Viol: 0.0000 | Val Max Thermal: 0.0000
Epoch 2800 | Val Loss: 64.6617 | Val Cost: 2302.03 | Val Max P-Miss: 0.2919 | Val Max Q-Miss: 0.2943 | Val Max Gen Viol: 0.0000 | Val Max Thermal: 0.0000
Epoch 2810 | Val Loss: 163.0611 | Val Cost: 2320.86 | Val Max P-Miss: 0.8674 | Val Max Q-Miss: 0.6507 | Val Max Gen Viol: 0.0000 | Val Max Thermal: 0.0000
Epoch 2820 | Val Loss: 49.2187 | Val Cost: 2363.28 | Val Max P-Miss: 0.3860 | Val Max Q-Miss: 0.1945 | Val Max Gen Viol: 0.0000 | Val Max Thermal: 0.0000
Epoch 2830 | Val Loss: 238.7829 | Val Cost: 2360.22 | Val Max P-Miss: 0.9150 | Val Max Q-Miss: 0.6302 | Val Max Gen Viol: 0.0000 | Val Max Thermal: 0.0000
Epoch 2840 | Val Loss: 70.9143 | Val Cost: 2425.02 | Val Max P-Miss: 0.6035 | Val Max Q-Miss: 0.3200 | Val Max Gen Viol: 0.0000 | Val Max Thermal: 0.0000
Epoch 2850 | Val Loss: 50.0970 | Val Cost: 2419.84 | Val Max P-Miss: 0.4042 | Val Max Q-Miss: 0.2047 | Val Max Gen Viol: 0.0000 | Val Max Thermal: 0.0000
Epoch 2860 | Val Loss: 52.5005 | Val Cost: 2405.86 | Val Max P-Miss: 0.4772 | Val Max Q-Miss: 0.2159 | Val Max Gen Viol: 0.0000 | Val Max Thermal: 0.0000
Epoch 2870 | Val Loss: 52.6274 | Val Cost: 2402.74 | Val Max P-Miss: 0.4674 | Val Max Q-Miss: 0.2104 | Val Max Gen Viol: 0.0000 | Val Max Thermal: 0.0000
Epoch 2880 | Val Loss: 54.1559 | Val Cost: 2401.62 | Val Max P-Miss: 0.4577 | Val Max Q-Miss: 0.2056 | Val Max Gen Viol: 0.0000 | Val Max Thermal: 0.0000
Epoch 2890 | Val Loss: 58.5542 | Val Cost: 2399.41 | Val Max P-Miss: 0.4492 | Val Max Q-Miss: 0.2008 | Val Max Gen Viol: 0.0000 | Val Max Thermal: 0.0000
Epoch 2900 | Val Loss: 36.2028 | Val Cost: 2414.65 | Val Max P-Miss: 0.2478 | Val Max Q-Miss: 0.1650 | Val Max Gen Viol: 0.0000 | Val Max Thermal: 0.0000
Epoch 2910 | Val Loss: 101.0868 | Val Cost: 2371.96 | Val Max P-Miss: 0.5842 | Val Max Q-Miss: 0.2676 | Val Max Gen Viol: 0.0000 | Val Max Thermal: 0.0000
Epoch 2920 | Val Loss: 51.6726 | Val Cost: 2394.40 | Val Max P-Miss: 0.3522 | Val Max Q-Miss: 0.2201 | Val Max Gen Viol: 0.0000 | Val Max Thermal: 0.0000
Epoch 2930 | Val Loss: 78.1110 | Val Cost: 2361.20 | Val Max P-Miss: 0.5235 | Val Max Q-Miss: 0.1913 | Val Max Gen Viol: 0.0000 | Val Max Thermal: 0.0000
Epoch 2940 | Val Loss: 77.3467 | Val Cost: 2364.38 | Val Max P-Miss: 0.6339 | Val Max Q-Miss: 0.2453 | Val Max Gen Viol: 0.0000 | Val Max Thermal: 0.0000
Epoch 2950 | Val Loss: 32.2137 | Val Cost: 2348.72 | Val Max P-Miss: 0.2713 | Val Max Q-Miss: 0.1756 | Val Max Gen Viol: 0.0000 | Val Max Thermal: 0.0000
Epoch 2960 | Val Loss: 97.0480 | Val Cost: 2339.99 | Val Max P-Miss: 0.7574 | Val Max Q-Miss: 0.2543 | Val Max Gen Viol: 0.0000 | Val Max Thermal: 0.0000
Epoch 2970 | Val Loss: 62.6275 | Val Cost: 2374.01 | Val Max P-Miss: 0.3757 | Val Max Q-Miss: 0.3435 | Val Max Gen Viol: 0.0000 | Val Max Thermal: 0.0000
Epoch 2980 | Val Loss: 43.8649 | Val Cost: 2342.63 | Val Max P-Miss: 0.4562 | Val Max Q-Miss: 0.2894 | Val Max Gen Viol: 0.0000 | Val Max Thermal: 0.0000
Epoch 2990 | Val Loss: 35.3911 | Val Cost: 2284.32 | Val Max P-Miss: 0.4428 | Val Max Q-Miss: 0.2583 | Val Max Gen Viol: 0.0000 | Val Max Thermal: 0.0000
Epoch 3000 | Val Loss: 51.2350 | Val Cost: 2241.76 | Val Max P-Miss: 0.3902 | Val Max Q-Miss: 0.2709 | Val Max Gen Viol: 0.0000 | Val Max Thermal: 0.0000
Epoch 3010 | Val Loss: 68.6990 | Val Cost: 2310.85 | Val Max P-Miss: 0.4936 | Val Max Q-Miss: 0.3174 | Val Max Gen Viol: 0.0000 | Val Max Thermal: 0.0000
Epoch 3020 | Val Loss: 109.6304 | Val Cost: 2424.41 | Val Max P-Miss: 0.3997 | Val Max Q-Miss: 0.4838 | Val Max Gen Viol: 0.0000 | Val Max Thermal: 0.0000
Epoch 3030 | Val Loss: 37.7909 | Val Cost: 2257.08 | Val Max P-Miss: 0.2961 | Val Max Q-Miss: 0.2269 | Val Max Gen Viol: 0.0000 | Val Max Thermal: 0.0000
Epoch 3040 | Val Loss: 55.0711 | Val Cost: 2270.51 | Val Max P-Miss: 0.5074 | Val Max Q-Miss: 0.2433 | Val Max Gen Viol: 0.0000 | Val Max Thermal: 0.0000
Epoch 3050 | Val Loss: 77.1332 | Val Cost: 2311.72 | Val Max P-Miss: 0.6017 | Val Max Q-Miss: 0.3027 | Val Max Gen Viol: 0.0000 | Val Max Thermal: 0.0000
Epoch 3060 | Val Loss: 70.6984 | Val Cost: 2320.92 | Val Max P-Miss: 0.6284 | Val Max Q-Miss: 0.3027 | Val Max Gen Viol: 0.0000 | Val Max Thermal: 0.0000
Epoch 3070 | Val Loss: 137.3280 | Val Cost: 2316.58 | Val Max P-Miss: 0.6273 | Val Max Q-Miss: 0.3642 | Val Max Gen Viol: 0.0000 | Val Max Thermal: 0.0000
Epoch 3080 | Val Loss: 32.2799 | Val Cost: 2365.54 | Val Max P-Miss: 0.3145 | Val Max Q-Miss: 0.2160 | Val Max Gen Viol: 0.0000 | Val Max Thermal: 0.0000
Epoch 3090 | Val Loss: 283.7834 | Val Cost: 2335.50 | Val Max P-Miss: 0.7112 | Val Max Q-Miss: 0.8755 | Val Max Gen Viol: 0.0000 | Val Max Thermal: 0.0000
Epoch 3100 | Val Loss: 70.2063 | Val Cost: 2339.28 | Val Max P-Miss: 0.4433 | Val Max Q-Miss: 0.1743 | Val Max Gen Viol: 0.0000 | Val Max Thermal: 0.0000
Epoch 3110 | Val Loss: 58.6019 | Val Cost: 2318.52 | Val Max P-Miss: 0.5128 | Val Max Q-Miss: 0.2483 | Val Max Gen Viol: 0.0000 | Val Max Thermal: 0.0000
Epoch 3120 | Val Loss: 67.3637 | Val Cost: 2312.34 | Val Max P-Miss: 0.4627 | Val Max Q-Miss: 0.2462 | Val Max Gen Viol: 0.0000 | Val Max Thermal: 0.0000
Epoch 3130 | Val Loss: 65.6237 | Val Cost: 2356.40 | Val Max P-Miss: 0.5521 | Val Max Q-Miss: 0.2895 | Val Max Gen Viol: 0.0000 | Val Max Thermal: 0.0000
Epoch 3140 | Val Loss: 59.3680 | Val Cost: 2311.05 | Val Max P-Miss: 0.3192 | Val Max Q-Miss: 0.1888 | Val Max Gen Viol: 0.0000 | Val Max Thermal: 0.0000
Epoch 3150 | Val Loss: 33.5979 | Val Cost: 2299.13 | Val Max P-Miss: 0.3619 | Val Max Q-Miss: 0.1455 | Val Max Gen Viol: 0.0000 | Val Max Thermal: 0.0000
Epoch 3160 | Val Loss: 73.2554 | Val Cost: 2310.06 | Val Max P-Miss: 0.4363 | Val Max Q-Miss: 0.2401 | Val Max Gen Viol: 0.0000 | Val Max Thermal: 0.0000
Epoch 3170 | Val Loss: 40.1319 | Val Cost: 2348.30 | Val Max P-Miss: 0.4071 | Val Max Q-Miss: 0.2106 | Val Max Gen Viol: 0.0000 | Val Max Thermal: 0.0000
Epoch 3180 | Val Loss: 199.4329 | Val Cost: 2344.83 | Val Max P-Miss: 0.8887 | Val Max Q-Miss: 0.5516 | Val Max Gen Viol: 0.0000 | Val Max Thermal: 0.0000
Epoch 3190 | Val Loss: 119.7605 | Val Cost: 2252.11 | Val Max P-Miss: 0.6491 | Val Max Q-Miss: 0.3920 | Val Max Gen Viol: 0.0000 | Val Max Thermal: 0.0000
Epoch 3200 | Val Loss: 38.8779 | Val Cost: 2279.48 | Val Max P-Miss: 0.3005 | Val Max Q-Miss: 0.1762 | Val Max Gen Viol: 0.0000 | Val Max Thermal: 0.0000
Epoch 3210 | Val Loss: 62.5664 | Val Cost: 2334.87 | Val Max P-Miss: 0.3355 | Val Max Q-Miss: 0.2032 | Val Max Gen Viol: 0.0000 | Val Max Thermal: 0.0000
Epoch 3220 | Val Loss: 30.8145 | Val Cost: 2323.48 | Val Max P-Miss: 0.2949 | Val Max Q-Miss: 0.1167 | Val Max Gen Viol: 0.0000 | Val Max Thermal: 0.0000 [*SAVED BEST*]
Epoch 3230 | Val Loss: 52.0473 | Val Cost: 2323.13 | Val Max P-Miss: 0.4956 | Val Max Q-Miss: 0.2287 | Val Max Gen Viol: 0.0000 | Val Max Thermal: 0.0000
Epoch 3240 | Val Loss: 38.8204 | Val Cost: 2299.92 | Val Max P-Miss: 0.3371 | Val Max Q-Miss: 0.1924 | Val Max Gen Viol: 0.0000 | Val Max Thermal: 0.0000
Epoch 3250 | Val Loss: 21.0227 | Val Cost: 2296.46 | Val Max P-Miss: 0.2438 | Val Max Q-Miss: 0.1204 | Val Max Gen Viol: 0.0000 | Val Max Thermal: 0.0000 [*SAVED BEST*]
Epoch 3260 | Val Loss: 73.8319 | Val Cost: 2271.71 | Val Max P-Miss: 0.4543 | Val Max Q-Miss: 0.3013 | Val Max Gen Viol: 0.0000 | Val Max Thermal: 0.0000
Epoch 3270 | Val Loss: 41.4772 | Val Cost: 2295.99 | Val Max P-Miss: 0.3543 | Val Max Q-Miss: 0.1958 | Val Max Gen Viol: 0.0000 | Val Max Thermal: 0.0000
Epoch 3280 | Val Loss: 48.8006 | Val Cost: 2296.52 | Val Max P-Miss: 0.4923 | Val Max Q-Miss: 0.2332 | Val Max Gen Viol: 0.0000 | Val Max Thermal: 0.0000
Epoch 3290 | Val Loss: 52.2068 | Val Cost: 2281.56 | Val Max P-Miss: 0.5278 | Val Max Q-Miss: 0.3098 | Val Max Gen Viol: 0.0000 | Val Max Thermal: 0.0000
Epoch 3300 | Val Loss: 53.1404 | Val Cost: 2210.32 | Val Max P-Miss: 0.3634 | Val Max Q-Miss: 0.2483 | Val Max Gen Viol: 0.0000 | Val Max Thermal: 0.0000
Epoch 3310 | Val Loss: 36.1562 | Val Cost: 2259.74 | Val Max P-Miss: 0.3482 | Val Max Q-Miss: 0.1693 | Val Max Gen Viol: 0.0000 | Val Max Thermal: 0.0000
Epoch 3320 | Val Loss: 29.5502 | Val Cost: 2275.80 | Val Max P-Miss: 0.3630 | Val Max Q-Miss: 0.1624 | Val Max Gen Viol: 0.0000 | Val Max Thermal: 0.0000
Epoch 3330 | Val Loss: 29.5090 | Val Cost: 2288.11 | Val Max P-Miss: 0.3950 | Val Max Q-Miss: 0.1782 | Val Max Gen Viol: 0.0000 | Val Max Thermal: 0.0000
Epoch 3340 | Val Loss: 69.3559 | Val Cost: 2294.14 | Val Max P-Miss: 0.3916 | Val Max Q-Miss: 0.2486 | Val Max Gen Viol: 0.0000 | Val Max Thermal: 0.0000
Epoch 3350 | Val Loss: 35.9958 | Val Cost: 2283.84 | Val Max P-Miss: 0.4800 | Val Max Q-Miss: 0.2058 | Val Max Gen Viol: 0.0000 | Val Max Thermal: 0.0000
Epoch 3360 | Val Loss: 31.2378 | Val Cost: 2261.74 | Val Max P-Miss: 0.4029 | Val Max Q-Miss: 0.1848 | Val Max Gen Viol: 0.0000 | Val Max Thermal: 0.0000
Epoch 3370 | Val Loss: 30.4595 | Val Cost: 2249.65 | Val Max P-Miss: 0.3823 | Val Max Q-Miss: 0.1740 | Val Max Gen Viol: 0.0000 | Val Max Thermal: 0.0000
Epoch 3380 | Val Loss: 28.2277 | Val Cost: 2236.68 | Val Max P-Miss: 0.3661 | Val Max Q-Miss: 0.1648 | Val Max Gen Viol: 0.0000 | Val Max Thermal: 0.0000
Epoch 3390 | Val Loss: 25.4964 | Val Cost: 2224.95 | Val Max P-Miss: 0.3548 | Val Max Q-Miss: 0.1608 | Val Max Gen Viol: 0.0000 | Val Max Thermal: 0.0000
Epoch 3400 | Val Loss: 25.0799 | Val Cost: 2219.55 | Val Max P-Miss: 0.3439 | Val Max Q-Miss: 0.1555 | Val Max Gen Viol: 0.0000 | Val Max Thermal: 0.0000
Epoch 3410 | Val Loss: 24.2794 | Val Cost: 2213.85 | Val Max P-Miss: 0.3338 | Val Max Q-Miss: 0.1514 | Val Max Gen Viol: 0.0000 | Val Max Thermal: 0.0000
Epoch 3420 | Val Loss: 51.3530 | Val Cost: 2134.83 | Val Max P-Miss: 0.3167 | Val Max Q-Miss: 0.1891 | Val Max Gen Viol: 0.0000 | Val Max Thermal: 0.0000
Epoch 3430 | Val Loss: 79.6706 | Val Cost: 2181.77 | Val Max P-Miss: 0.3418 | Val Max Q-Miss: 0.3815 | Val Max Gen Viol: 0.0000 | Val Max Thermal: 0.0000
Epoch 3440 | Val Loss: 48.8598 | Val Cost: 2322.50 | Val Max P-Miss: 0.4230 | Val Max Q-Miss: 0.2269 | Val Max Gen Viol: 0.0000 | Val Max Thermal: 0.0000
Epoch 3450 | Val Loss: 38.5581 | Val Cost: 2324.31 | Val Max P-Miss: 0.3641 | Val Max Q-Miss: 0.1801 | Val Max Gen Viol: 0.0000 | Val Max Thermal: 0.0000
Epoch 3460 | Val Loss: 58.1335 | Val Cost: 2320.51 | Val Max P-Miss: 0.5392 | Val Max Q-Miss: 0.2622 | Val Max Gen Viol: 0.0000 | Val Max Thermal: 0.0000
Epoch 3470 | Val Loss: 36.4039 | Val Cost: 2315.32 | Val Max P-Miss: 0.3616 | Val Max Q-Miss: 0.1621 | Val Max Gen Viol: 0.0000 | Val Max Thermal: 0.0000
Epoch 3480 | Val Loss: 34.4116 | Val Cost: 2306.34 | Val Max P-Miss: 0.3094 | Val Max Q-Miss: 0.1111 | Val Max Gen Viol: 0.0000 | Val Max Thermal: 0.0000
Epoch 3490 | Val Loss: 75.1257 | Val Cost: 2282.46 | Val Max P-Miss: 0.3957 | Val Max Q-Miss: 0.4582 | Val Max Gen Viol: 0.0000 | Val Max Thermal: 0.0000
Epoch 3500 | Val Loss: 50.8091 | Val Cost: 2347.56 | Val Max P-Miss: 0.3480 | Val Max Q-Miss: 0.2301 | Val Max Gen Viol: 0.0000 | Val Max Thermal: 0.0000
Epoch 3510 | Val Loss: 24.2995 | Val Cost: 2308.14 | Val Max P-Miss: 0.2033 | Val Max Q-Miss: 0.1052 | Val Max Gen Viol: 0.0000 | Val Max Thermal: 0.0000
Epoch 3520 | Val Loss: 53.0581 | Val Cost: 2302.18 | Val Max P-Miss: 0.4457 | Val Max Q-Miss: 0.2859 | Val Max Gen Viol: 0.0000 | Val Max Thermal: 0.0000
Epoch 3530 | Val Loss: 63.7413 | Val Cost: 2314.57 | Val Max P-Miss: 0.5690 | Val Max Q-Miss: 0.2847 | Val Max Gen Viol: 0.0000 | Val Max Thermal: 0.0000
Epoch 3540 | Val Loss: 52.1386 | Val Cost: 2247.91 | Val Max P-Miss: 0.3494 | Val Max Q-Miss: 0.2639 | Val Max Gen Viol: 0.0000 | Val Max Thermal: 0.0000
Epoch 3550 | Val Loss: 36.7900 | Val Cost: 2281.35 | Val Max P-Miss: 0.3930 | Val Max Q-Miss: 0.2082 | Val Max Gen Viol: 0.0000 | Val Max Thermal: 0.0000
Epoch 3560 | Val Loss: 34.0556 | Val Cost: 2249.95 | Val Max P-Miss: 0.3581 | Val Max Q-Miss: 0.1841 | Val Max Gen Viol: 0.0000 | Val Max Thermal: 0.0000
Epoch 3570 | Val Loss: 62.9369 | Val Cost: 2312.92 | Val Max P-Miss: 0.4041 | Val Max Q-Miss: 0.2232 | Val Max Gen Viol: 0.0000 | Val Max Thermal: 0.0000
Epoch 3580 | Val Loss: 43.0408 | Val Cost: 2342.78 | Val Max P-Miss: 0.3632 | Val Max Q-Miss: 0.1569 | Val Max Gen Viol: 0.0000 | Val Max Thermal: 0.0000
Epoch 3590 | Val Loss: 43.4408 | Val Cost: 2284.40 | Val Max P-Miss: 0.3740 | Val Max Q-Miss: 0.1828 | Val Max Gen Viol: 0.0000 | Val Max Thermal: 0.0000
Epoch 3600 | Val Loss: 86.0237 | Val Cost: 2250.88 | Val Max P-Miss: 0.3479 | Val Max Q-Miss: 0.4812 | Val Max Gen Viol: 0.0000 | Val Max Thermal: 0.0000
Epoch 3610 | Val Loss: 34.9488 | Val Cost: 2088.73 | Val Max P-Miss: 0.1853 | Val Max Q-Miss: 0.1435 | Val Max Gen Viol: 0.0000 | Val Max Thermal: 0.0000
Epoch 3620 | Val Loss: 28.1387 | Val Cost: 2148.79 | Val Max P-Miss: 0.2830 | Val Max Q-Miss: 0.1267 | Val Max Gen Viol: 0.0000 | Val Max Thermal: 0.0000
Epoch 3630 | Val Loss: 46.0160 | Val Cost: 2204.20 | Val Max P-Miss: 0.4273 | Val Max Q-Miss: 0.2349 | Val Max Gen Viol: 0.0000 | Val Max Thermal: 0.0000
Epoch 3640 | Val Loss: 45.1425 | Val Cost: 2218.00 | Val Max P-Miss: 0.3585 | Val Max Q-Miss: 0.1565 | Val Max Gen Viol: 0.0000 | Val Max Thermal: 0.0000
Epoch 3650 | Val Loss: 36.4674 | Val Cost: 2219.56 | Val Max P-Miss: 0.3295 | Val Max Q-Miss: 0.1579 | Val Max Gen Viol: 0.0000 | Val Max Thermal: 0.0000
Epoch 3660 | Val Loss: 47.3959 | Val Cost: 2229.80 | Val Max P-Miss: 0.3528 | Val Max Q-Miss: 0.1683 | Val Max Gen Viol: 0.0000 | Val Max Thermal: 0.0000
Epoch 3670 | Val Loss: 28.7120 | Val Cost: 2238.23 | Val Max P-Miss: 0.2660 | Val Max Q-Miss: 0.1592 | Val Max Gen Viol: 0.0000 | Val Max Thermal: 0.0000
Epoch 3680 | Val Loss: 79.9417 | Val Cost: 2215.14 | Val Max P-Miss: 0.4745 | Val Max Q-Miss: 0.2299 | Val Max Gen Viol: 0.0000 | Val Max Thermal: 0.0000
Epoch 3690 | Val Loss: 61.8751 | Val Cost: 2304.72 | Val Max P-Miss: 0.3974 | Val Max Q-Miss: 0.2216 | Val Max Gen Viol: 0.0000 | Val Max Thermal: 0.0000
Epoch 3700 | Val Loss: 30.6604 | Val Cost: 2274.57 | Val Max P-Miss: 0.3817 | Val Max Q-Miss: 0.1747 | Val Max Gen Viol: 0.0000 | Val Max Thermal: 0.0000
Epoch 3710 | Val Loss: 29.1673 | Val Cost: 2233.78 | Val Max P-Miss: 0.3580 | Val Max Q-Miss: 0.1629 | Val Max Gen Viol: 0.0000 | Val Max Thermal: 0.0000
Epoch 3720 | Val Loss: 29.7050 | Val Cost: 2192.41 | Val Max P-Miss: 0.3411 | Val Max Q-Miss: 0.1394 | Val Max Gen Viol: 0.0000 | Val Max Thermal: 0.0000
Epoch 3730 | Val Loss: 29.4491 | Val Cost: 2160.75 | Val Max P-Miss: 0.3340 | Val Max Q-Miss: 0.1193 | Val Max Gen Viol: 0.0000 | Val Max Thermal: 0.0000
Epoch 3740 | Val Loss: 30.9468 | Val Cost: 2145.50 | Val Max P-Miss: 0.3230 | Val Max Q-Miss: 0.1160 | Val Max Gen Viol: 0.0000 | Val Max Thermal: 0.0000
Epoch 3750 | Val Loss: 31.1617 | Val Cost: 2132.75 | Val Max P-Miss: 0.3126 | Val Max Q-Miss: 0.1139 | Val Max Gen Viol: 0.0000 | Val Max Thermal: 0.0000
Epoch 3760 | Val Loss: 57.9922 | Val Cost: 2100.97 | Val Max P-Miss: 0.3178 | Val Max Q-Miss: 0.2894 | Val Max Gen Viol: 0.0000 | Val Max Thermal: 0.0000
Epoch 3770 | Val Loss: 23.3291 | Val Cost: 2181.09 | Val Max P-Miss: 0.1626 | Val Max Q-Miss: 0.1542 | Val Max Gen Viol: 0.0000 | Val Max Thermal: 0.0000
Epoch 3780 | Val Loss: 44.7859 | Val Cost: 2224.04 | Val Max P-Miss: 0.5082 | Val Max Q-Miss: 0.2369 | Val Max Gen Viol: 0.0000 | Val Max Thermal: 0.0000
Epoch 3790 | Val Loss: 31.6057 | Val Cost: 2226.88 | Val Max P-Miss: 0.3270 | Val Max Q-Miss: 0.1624 | Val Max Gen Viol: 0.0000 | Val Max Thermal: 0.0000
Epoch 3800 | Val Loss: 66.9680 | Val Cost: 2218.47 | Val Max P-Miss: 0.5442 | Val Max Q-Miss: 0.2781 | Val Max Gen Viol: 0.0000 | Val Max Thermal: 0.0000
Epoch 3810 | Val Loss: 43.2809 | Val Cost: 2216.98 | Val Max P-Miss: 0.4590 | Val Max Q-Miss: 0.2282 | Val Max Gen Viol: 0.0000 | Val Max Thermal: 0.0000
Epoch 3820 | Val Loss: 74.7289 | Val Cost: 2229.45 | Val Max P-Miss: 0.5678 | Val Max Q-Miss: 0.2642 | Val Max Gen Viol: 0.0000 | Val Max Thermal: 0.0000
Epoch 3830 | Val Loss: 26.6552 | Val Cost: 2277.24 | Val Max P-Miss: 0.3297 | Val Max Q-Miss: 0.1587 | Val Max Gen Viol: 0.0000 | Val Max Thermal: 0.0000
Epoch 3840 | Val Loss: 23.7838 | Val Cost: 2218.09 | Val Max P-Miss: 0.3206 | Val Max Q-Miss: 0.1527 | Val Max Gen Viol: 0.0000 | Val Max Thermal: 0.0000
Epoch 3850 | Val Loss: 22.3380 | Val Cost: 2182.63 | Val Max P-Miss: 0.3105 | Val Max Q-Miss: 0.1468 | Val Max Gen Viol: 0.0000 | Val Max Thermal: 0.0000
Epoch 3860 | Val Loss: 34.7482 | Val Cost: 2110.75 | Val Max P-Miss: 0.2809 | Val Max Q-Miss: 0.1213 | Val Max Gen Viol: 0.0000 | Val Max Thermal: 0.0000
Epoch 3870 | Val Loss: 35.3353 | Val Cost: 2122.05 | Val Max P-Miss: 0.3394 | Val Max Q-Miss: 0.2022 | Val Max Gen Viol: 0.0000 | Val Max Thermal: 0.0000
Epoch 3880 | Val Loss: 58.9817 | Val Cost: 2234.69 | Val Max P-Miss: 0.3900 | Val Max Q-Miss: 0.2513 | Val Max Gen Viol: 0.0000 | Val Max Thermal: 0.0000
Epoch 3890 | Val Loss: 33.8066 | Val Cost: 2249.52 | Val Max P-Miss: 0.2923 | Val Max Q-Miss: 0.1935 | Val Max Gen Viol: 0.0000 | Val Max Thermal: 0.0000
Epoch 3900 | Val Loss: 44.1725 | Val Cost: 2195.13 | Val Max P-Miss: 0.3206 | Val Max Q-Miss: 0.2182 | Val Max Gen Viol: 0.0000 | Val Max Thermal: 0.0000
Epoch 3910 | Val Loss: 28.0486 | Val Cost: 2216.74 | Val Max P-Miss: 0.3289 | Val Max Q-Miss: 0.1650 | Val Max Gen Viol: 0.0000 | Val Max Thermal: 0.0000
Epoch 3920 | Val Loss: 78.1802 | Val Cost: 2142.28 | Val Max P-Miss: 0.2463 | Val Max Q-Miss: 0.4614 | Val Max Gen Viol: 0.0000 | Val Max Thermal: 0.0000
Epoch 3930 | Val Loss: 36.8354 | Val Cost: 2216.58 | Val Max P-Miss: 0.3957 | Val Max Q-Miss: 0.2201 | Val Max Gen Viol: 0.0000 | Val Max Thermal: 0.0000
Epoch 3940 | Val Loss: 25.0263 | Val Cost: 2249.48 | Val Max P-Miss: 0.1444 | Val Max Q-Miss: 0.1064 | Val Max Gen Viol: 0.0000 | Val Max Thermal: 0.0000
Epoch 3950 | Val Loss: 34.0935 | Val Cost: 2246.58 | Val Max P-Miss: 0.3900 | Val Max Q-Miss: 0.1853 | Val Max Gen Viol: 0.0000 | Val Max Thermal: 0.0000
Epoch 3960 | Val Loss: 53.2423 | Val Cost: 2251.77 | Val Max P-Miss: 0.3755 | Val Max Q-Miss: 0.2014 | Val Max Gen Viol: 0.0000 | Val Max Thermal: 0.0000
Epoch 3970 | Val Loss: 36.7914 | Val Cost: 2251.24 | Val Max P-Miss: 0.3800 | Val Max Q-Miss: 0.1793 | Val Max Gen Viol: 0.0000 | Val Max Thermal: 0.0000
Epoch 3980 | Val Loss: 55.2214 | Val Cost: 2261.34 | Val Max P-Miss: 0.4100 | Val Max Q-Miss: 0.1927 | Val Max Gen Viol: 0.0000 | Val Max Thermal: 0.0000
Epoch 3990 | Val Loss: 39.1817 | Val Cost: 2248.67 | Val Max P-Miss: 0.4119 | Val Max Q-Miss: 0.1897 | Val Max Gen Viol: 0.0000 | Val Max Thermal: 0.0000
Epoch 4000 | Val Loss: 35.4684 | Val Cost: 2222.12 | Val Max P-Miss: 0.3926 | Val Max Q-Miss: 0.1845 | Val Max Gen Viol: 0.0000 | Val Max Thermal: 0.0000
Epoch 4010 | Val Loss: 37.3153 | Val Cost: 2181.20 | Val Max P-Miss: 0.3674 | Val Max Q-Miss: 0.1741 | Val Max Gen Viol: 0.0000 | Val Max Thermal: 0.0000
Epoch 4020 | Val Loss: 95.8863 | Val Cost: 2163.87 | Val Max P-Miss: 0.6626 | Val Max Q-Miss: 0.3775 | Val Max Gen Viol: 0.0000 | Val Max Thermal: 0.0000
Epoch 4030 | Val Loss: 43.6573 | Val Cost: 2182.97 | Val Max P-Miss: 0.4235 | Val Max Q-Miss: 0.1892 | Val Max Gen Viol: 0.0000 | Val Max Thermal: 0.0000
Epoch 4040 | Val Loss: 25.3739 | Val Cost: 2192.48 | Val Max P-Miss: 0.1400 | Val Max Q-Miss: 0.0682 | Val Max Gen Viol: 0.0000 | Val Max Thermal: 0.0000
Epoch 4050 | Val Loss: 124.5061 | Val Cost: 2233.58 | Val Max P-Miss: 0.6912 | Val Max Q-Miss: 0.3865 | Val Max Gen Viol: 0.0000 | Val Max Thermal: 0.0000
Epoch 4060 | Val Loss: 55.0765 | Val Cost: 2233.42 | Val Max P-Miss: 0.4127 | Val Max Q-Miss: 0.2741 | Val Max Gen Viol: 0.0000 | Val Max Thermal: 0.0000
Epoch 4070 | Val Loss: 85.6807 | Val Cost: 2252.64 | Val Max P-Miss: 0.4636 | Val Max Q-Miss: 0.2701 | Val Max Gen Viol: 0.0000 | Val Max Thermal: 0.0000
Epoch 4080 | Val Loss: 45.7808 | Val Cost: 2263.01 | Val Max P-Miss: 0.4381 | Val Max Q-Miss: 0.1989 | Val Max Gen Viol: 0.0000 | Val Max Thermal: 0.0000
Epoch 4090 | Val Loss: 29.9686 | Val Cost: 2251.19 | Val Max P-Miss: 0.3148 | Val Max Q-Miss: 0.1456 | Val Max Gen Viol: 0.0000 | Val Max Thermal: 0.0000
Epoch 4100 | Val Loss: 44.2940 | Val Cost: 2222.75 | Val Max P-Miss: 0.4190 | Val Max Q-Miss: 0.1968 | Val Max Gen Viol: 0.0000 | Val Max Thermal: 0.0000
Epoch 4110 | Val Loss: 36.4372 | Val Cost: 2208.64 | Val Max P-Miss: 0.4012 | Val Max Q-Miss: 0.1815 | Val Max Gen Viol: 0.0000 | Val Max Thermal: 0.0000
Epoch 4120 | Val Loss: 44.1735 | Val Cost: 2174.39 | Val Max P-Miss: 0.2746 | Val Max Q-Miss: 0.2503 | Val Max Gen Viol: 0.0000 | Val Max Thermal: 0.0000
Epoch 4130 | Val Loss: 51.8409 | Val Cost: 2213.57 | Val Max P-Miss: 0.4561 | Val Max Q-Miss: 0.1975 | Val Max Gen Viol: 0.0000 | Val Max Thermal: 0.0000
Epoch 4140 | Val Loss: 33.0527 | Val Cost: 2227.94 | Val Max P-Miss: 0.3606 | Val Max Q-Miss: 0.1612 | Val Max Gen Viol: 0.0000 | Val Max Thermal: 0.0000
Epoch 4150 | Val Loss: 35.4341 | Val Cost: 2221.57 | Val Max P-Miss: 0.2853 | Val Max Q-Miss: 0.1481 | Val Max Gen Viol: 0.0000 | Val Max Thermal: 0.0000
Epoch 4160 | Val Loss: 39.5227 | Val Cost: 2258.90 | Val Max P-Miss: 0.3096 | Val Max Q-Miss: 0.1639 | Val Max Gen Viol: 0.0000 | Val Max Thermal: 0.0000
Epoch 4170 | Val Loss: 31.0987 | Val Cost: 2244.85 | Val Max P-Miss: 0.3407 | Val Max Q-Miss: 0.1573 | Val Max Gen Viol: 0.0000 | Val Max Thermal: 0.0000
Epoch 4180 | Val Loss: 26.5803 | Val Cost: 2214.84 | Val Max P-Miss: 0.3479 | Val Max Q-Miss: 0.1619 | Val Max Gen Viol: 0.0000 | Val Max Thermal: 0.0000
Epoch 4190 | Val Loss: 26.6774 | Val Cost: 2199.74 | Val Max P-Miss: 0.3322 | Val Max Q-Miss: 0.1537 | Val Max Gen Viol: 0.0000 | Val Max Thermal: 0.0000
Epoch 4200 | Val Loss: 24.6776 | Val Cost: 2180.83 | Val Max P-Miss: 0.3218 | Val Max Q-Miss: 0.1485 | Val Max Gen Viol: 0.0000 | Val Max Thermal: 0.0000
Epoch 4210 | Val Loss: 26.0039 | Val Cost: 2167.62 | Val Max P-Miss: 0.3091 | Val Max Q-Miss: 0.1398 | Val Max Gen Viol: 0.0000 | Val Max Thermal: 0.0000
Epoch 4220 | Val Loss: 27.0087 | Val Cost: 2154.76 | Val Max P-Miss: 0.2566 | Val Max Q-Miss: 0.1477 | Val Max Gen Viol: 0.0000 | Val Max Thermal: 0.0000
Epoch 4230 | Val Loss: 64.9989 | Val Cost: 2198.78 | Val Max P-Miss: 0.5193 | Val Max Q-Miss: 0.2426 | Val Max Gen Viol: 0.0000 | Val Max Thermal: 0.0000
Epoch 4240 | Val Loss: 71.9963 | Val Cost: 2192.25 | Val Max P-Miss: 0.5685 | Val Max Q-Miss: 0.3032 | Val Max Gen Viol: 0.0000 | Val Max Thermal: 0.0000
Epoch 4250 | Val Loss: 43.4058 | Val Cost: 2239.07 | Val Max P-Miss: 0.4303 | Val Max Q-Miss: 0.1968 | Val Max Gen Viol: 0.0000 | Val Max Thermal: 0.0000
Epoch 4260 | Val Loss: 38.3134 | Val Cost: 2231.93 | Val Max P-Miss: 0.3455 | Val Max Q-Miss: 0.1678 | Val Max Gen Viol: 0.0000 | Val Max Thermal: 0.0000
Epoch 4270 | Val Loss: 25.4000 | Val Cost: 2212.93 | Val Max P-Miss: 0.2513 | Val Max Q-Miss: 0.1145 | Val Max Gen Viol: 0.0000 | Val Max Thermal: 0.0000
Epoch 4280 | Val Loss: 31.1533 | Val Cost: 2190.80 | Val Max P-Miss: 0.3080 | Val Max Q-Miss: 0.1155 | Val Max Gen Viol: 0.0000 | Val Max Thermal: 0.0000
Epoch 4290 | Val Loss: 31.2459 | Val Cost: 2151.36 | Val Max P-Miss: 0.3745 | Val Max Q-Miss: 0.1183 | Val Max Gen Viol: 0.0000 | Val Max Thermal: 0.0000
Epoch 4300 | Val Loss: 42.1842 | Val Cost: 2184.20 | Val Max P-Miss: 0.3180 | Val Max Q-Miss: 0.1771 | Val Max Gen Viol: 0.0000 | Val Max Thermal: 0.0000
Epoch 4310 | Val Loss: 34.7747 | Val Cost: 2209.84 | Val Max P-Miss: 0.3905 | Val Max Q-Miss: 0.1820 | Val Max Gen Viol: 0.0000 | Val Max Thermal: 0.0000
Epoch 4320 | Val Loss: 37.3860 | Val Cost: 2200.12 | Val Max P-Miss: 0.3622 | Val Max Q-Miss: 0.1649 | Val Max Gen Viol: 0.0000 | Val Max Thermal: 0.0000
Epoch 4330 | Val Loss: 38.4003 | Val Cost: 2183.83 | Val Max P-Miss: 0.3548 | Val Max Q-Miss: 0.1662 | Val Max Gen Viol: 0.0000 | Val Max Thermal: 0.0000
Epoch 4340 | Val Loss: 34.9473 | Val Cost: 2167.45 | Val Max P-Miss: 0.3381 | Val Max Q-Miss: 0.1626 | Val Max Gen Viol: 0.0000 | Val Max Thermal: 0.0000
Epoch 4350 | Val Loss: 35.3911 | Val Cost: 2151.47 | Val Max P-Miss: 0.3300 | Val Max Q-Miss: 0.1581 | Val Max Gen Viol: 0.0000 | Val Max Thermal: 0.0000
Epoch 4360 | Val Loss: 36.3843 | Val Cost: 2147.59 | Val Max P-Miss: 0.3234 | Val Max Q-Miss: 0.1541 | Val Max Gen Viol: 0.0000 | Val Max Thermal: 0.0000
Epoch 4370 | Val Loss: 34.0972 | Val Cost: 2156.41 | Val Max P-Miss: 0.3168 | Val Max Q-Miss: 0.1378 | Val Max Gen Viol: 0.0000 | Val Max Thermal: 0.0000
Epoch 4380 | Val Loss: 35.4949 | Val Cost: 2155.85 | Val Max P-Miss: 0.3140 | Val Max Q-Miss: 0.1414 | Val Max Gen Viol: 0.0000 | Val Max Thermal: 0.0000
Epoch 4390 | Val Loss: 36.6287 | Val Cost: 2148.31 | Val Max P-Miss: 0.3058 | Val Max Q-Miss: 0.1442 | Val Max Gen Viol: 0.0000 | Val Max Thermal: 0.0000
Epoch 4400 | Val Loss: 51.7854 | Val Cost: 2135.05 | Val Max P-Miss: 0.2329 | Val Max Q-Miss: 0.4057 | Val Max Gen Viol: 0.0000 | Val Max Thermal: 0.0000
Epoch 4410 | Val Loss: 71.2106 | Val Cost: 2192.59 | Val Max P-Miss: 0.5123 | Val Max Q-Miss: 0.2661 | Val Max Gen Viol: 0.0000 | Val Max Thermal: 0.0000
Epoch 4420 | Val Loss: 53.0846 | Val Cost: 2226.07 | Val Max P-Miss: 0.3824 | Val Max Q-Miss: 0.2676 | Val Max Gen Viol: 0.0000 | Val Max Thermal: 0.0000
Epoch 4430 | Val Loss: 42.6067 | Val Cost: 2265.16 | Val Max P-Miss: 0.3454 | Val Max Q-Miss: 0.2149 | Val Max Gen Viol: 0.0000 | Val Max Thermal: 0.0000
Epoch 4440 | Val Loss: 32.2733 | Val Cost: 2210.67 | Val Max P-Miss: 0.4022 | Val Max Q-Miss: 0.1574 | Val Max Gen Viol: 0.0000 | Val Max Thermal: 0.0000
Epoch 4450 | Val Loss: 29.6393 | Val Cost: 2211.59 | Val Max P-Miss: 0.2506 | Val Max Q-Miss: 0.0973 | Val Max Gen Viol: 0.0000 | Val Max Thermal: 0.0000
Epoch 4460 | Val Loss: 56.9817 | Val Cost: 2173.46 | Val Max P-Miss: 0.4683 | Val Max Q-Miss: 0.2182 | Val Max Gen Viol: 0.0000 | Val Max Thermal: 0.0000
Epoch 4470 | Val Loss: 40.3371 | Val Cost: 2136.43 | Val Max P-Miss: 0.3641 | Val Max Q-Miss: 0.1740 | Val Max Gen Viol: 0.0000 | Val Max Thermal: 0.0000
Epoch 4480 | Val Loss: 84.0105 | Val Cost: 2127.54 | Val Max P-Miss: 0.6962 | Val Max Q-Miss: 0.2681 | Val Max Gen Viol: 0.0000 | Val Max Thermal: 0.0000
Epoch 4490 | Val Loss: 59.1588 | Val Cost: 2069.21 | Val Max P-Miss: 0.2517 | Val Max Q-Miss: 0.2543 | Val Max Gen Viol: 0.0000 | Val Max Thermal: 0.0000
Epoch 4500 | Val Loss: 59.9495 | Val Cost: 2228.32 | Val Max P-Miss: 0.4597 | Val Max Q-Miss: 0.2370 | Val Max Gen Viol: 0.0000 | Val Max Thermal: 0.0000
Epoch 4510 | Val Loss: 29.0513 | Val Cost: 2240.60 | Val Max P-Miss: 0.3399 | Val Max Q-Miss: 0.1443 | Val Max Gen Viol: 0.0000 | Val Max Thermal: 0.0000
Epoch 4520 | Val Loss: 33.2139 | Val Cost: 2203.46 | Val Max P-Miss: 0.3869 | Val Max Q-Miss: 0.1639 | Val Max Gen Viol: 0.0000 | Val Max Thermal: 0.0000
Epoch 4530 | Val Loss: 22.4865 | Val Cost: 2185.69 | Val Max P-Miss: 0.2499 | Val Max Q-Miss: 0.1052 | Val Max Gen Viol: 0.0000 | Val Max Thermal: 0.0000
Epoch 4540 | Val Loss: 28.4151 | Val Cost: 2181.28 | Val Max P-Miss: 0.2259 | Val Max Q-Miss: 0.1516 | Val Max Gen Viol: 0.0000 | Val Max Thermal: 0.0000
Epoch 4550 | Val Loss: 47.3300 | Val Cost: 2160.00 | Val Max P-Miss: 0.3743 | Val Max Q-Miss: 0.1715 | Val Max Gen Viol: 0.0000 | Val Max Thermal: 0.0000
Epoch 4560 | Val Loss: 22.1592 | Val Cost: 2137.56 | Val Max P-Miss: 0.2335 | Val Max Q-Miss: 0.1010 | Val Max Gen Viol: 0.0000 | Val Max Thermal: 0.0000
Epoch 4570 | Val Loss: 23.5317 | Val Cost: 2124.59 | Val Max P-Miss: 0.1773 | Val Max Q-Miss: 0.1066 | Val Max Gen Viol: 0.0000 | Val Max Thermal: 0.0000
Epoch 4580 | Val Loss: 41.0064 | Val Cost: 2198.43 | Val Max P-Miss: 0.3715 | Val Max Q-Miss: 0.1742 | Val Max Gen Viol: 0.0000 | Val Max Thermal: 0.0000
Epoch 4590 | Val Loss: 55.2884 | Val Cost: 2135.54 | Val Max P-Miss: 0.3660 | Val Max Q-Miss: 0.1257 | Val Max Gen Viol: 0.0000 | Val Max Thermal: 0.0000
Epoch 4600 | Val Loss: 24.9001 | Val Cost: 2195.52 | Val Max P-Miss: 0.2348 | Val Max Q-Miss: 0.1052 | Val Max Gen Viol: 0.0000 | Val Max Thermal: 0.0000
Epoch 4610 | Val Loss: 30.0811 | Val Cost: 2170.39 | Val Max P-Miss: 0.2365 | Val Max Q-Miss: 0.1574 | Val Max Gen Viol: 0.0000 | Val Max Thermal: 0.0000
Epoch 4620 | Val Loss: 39.5385 | Val Cost: 2169.73 | Val Max P-Miss: 0.3564 | Val Max Q-Miss: 0.2240 | Val Max Gen Viol: 0.0000 | Val Max Thermal: 0.0000
Epoch 4630 | Val Loss: 38.1062 | Val Cost: 2193.18 | Val Max P-Miss: 0.3759 | Val Max Q-Miss: 0.1809 | Val Max Gen Viol: 0.0000 | Val Max Thermal: 0.0000
Epoch 4640 | Val Loss: 25.8853 | Val Cost: 2172.50 | Val Max P-Miss: 0.2936 | Val Max Q-Miss: 0.1503 | Val Max Gen Viol: 0.0000 | Val Max Thermal: 0.0000
Epoch 4650 | Val Loss: 30.1601 | Val Cost: 2147.27 | Val Max P-Miss: 0.2789 | Val Max Q-Miss: 0.1707 | Val Max Gen Viol: 0.0000 | Val Max Thermal: 0.0000
Epoch 4660 | Val Loss: 33.2666 | Val Cost: 2227.13 | Val Max P-Miss: 0.3699 | Val Max Q-Miss: 0.2213 | Val Max Gen Viol: 0.0000 | Val Max Thermal: 0.0000
Epoch 4670 | Val Loss: 33.0373 | Val Cost: 2203.41 | Val Max P-Miss: 0.3128 | Val Max Q-Miss: 0.1061 | Val Max Gen Viol: 0.0000 | Val Max Thermal: 0.0000
Epoch 4680 | Val Loss: 39.5070 | Val Cost: 2213.31 | Val Max P-Miss: 0.4239 | Val Max Q-Miss: 0.1781 | Val Max Gen Viol: 0.0000 | Val Max Thermal: 0.0000
Epoch 4690 | Val Loss: 45.7117 | Val Cost: 2193.45 | Val Max P-Miss: 0.3933 | Val Max Q-Miss: 0.1899 | Val Max Gen Viol: 0.0000 | Val Max Thermal: 0.0000
Epoch 4700 | Val Loss: 37.1376 | Val Cost: 2204.97 | Val Max P-Miss: 0.3219 | Val Max Q-Miss: 0.1500 | Val Max Gen Viol: 0.0000 | Val Max Thermal: 0.0000
Epoch 4710 | Val Loss: 27.5699 | Val Cost: 2190.81 | Val Max P-Miss: 0.3346 | Val Max Q-Miss: 0.1549 | Val Max Gen Viol: 0.0000 | Val Max Thermal: 0.0000
Epoch 4720 | Val Loss: 34.7495 | Val Cost: 2183.66 | Val Max P-Miss: 0.3499 | Val Max Q-Miss: 0.1528 | Val Max Gen Viol: 0.0000 | Val Max Thermal: 0.0000
Epoch 4730 | Val Loss: 38.7477 | Val Cost: 2175.99 | Val Max P-Miss: 0.3674 | Val Max Q-Miss: 0.1765 | Val Max Gen Viol: 0.0000 | Val Max Thermal: 0.0000
Epoch 4740 | Val Loss: 39.9293 | Val Cost: 2234.44 | Val Max P-Miss: 0.3752 | Val Max Q-Miss: 0.1733 | Val Max Gen Viol: 0.0000 | Val Max Thermal: 0.0000
Epoch 4750 | Val Loss: 23.6581 | Val Cost: 2183.05 | Val Max P-Miss: 0.2329 | Val Max Q-Miss: 0.1070 | Val Max Gen Viol: 0.0000 | Val Max Thermal: 0.0000
Epoch 4760 | Val Loss: 68.0872 | Val Cost: 2139.49 | Val Max P-Miss: 0.4439 | Val Max Q-Miss: 0.2803 | Val Max Gen Viol: 0.0000 | Val Max Thermal: 0.0000
Epoch 4770 | Val Loss: 17.7980 | Val Cost: 2172.54 | Val Max P-Miss: 0.1715 | Val Max Q-Miss: 0.0667 | Val Max Gen Viol: 0.0000 | Val Max Thermal: 0.0000 [*SAVED BEST*]
Epoch 4780 | Val Loss: 68.3985 | Val Cost: 2110.44 | Val Max P-Miss: 0.4210 | Val Max Q-Miss: 0.2352 | Val Max Gen Viol: 0.0000 | Val Max Thermal: 0.0000
Epoch 4790 | Val Loss: 24.5262 | Val Cost: 2191.25 | Val Max P-Miss: 0.2263 | Val Max Q-Miss: 0.1201 | Val Max Gen Viol: 0.0000 | Val Max Thermal: 0.0000
Epoch 4800 | Val Loss: 29.4373 | Val Cost: 2184.27 | Val Max P-Miss: 0.2391 | Val Max Q-Miss: 0.1335 | Val Max Gen Viol: 0.0000 | Val Max Thermal: 0.0000
Epoch 4810 | Val Loss: 30.8418 | Val Cost: 2188.30 | Val Max P-Miss: 0.3622 | Val Max Q-Miss: 0.1241 | Val Max Gen Viol: 0.0000 | Val Max Thermal: 0.0000
Epoch 4820 | Val Loss: 49.6392 | Val Cost: 2171.35 | Val Max P-Miss: 0.5521 | Val Max Q-Miss: 0.2387 | Val Max Gen Viol: 0.0000 | Val Max Thermal: 0.0000
Epoch 4830 | Val Loss: 31.9198 | Val Cost: 2175.30 | Val Max P-Miss: 0.3386 | Val Max Q-Miss: 0.1499 | Val Max Gen Viol: 0.0000 | Val Max Thermal: 0.0000
Epoch 4840 | Val Loss: 94.9731 | Val Cost: 2116.90 | Val Max P-Miss: 0.6262 | Val Max Q-Miss: 0.3121 | Val Max Gen Viol: 0.0000 | Val Max Thermal: 0.0000
Epoch 4850 | Val Loss: 86.7605 | Val Cost: 2200.26 | Val Max P-Miss: 0.5091 | Val Max Q-Miss: 0.2787 | Val Max Gen Viol: 0.0000 | Val Max Thermal: 0.0000
Epoch 4860 | Val Loss: 18.3347 | Val Cost: 2211.10 | Val Max P-Miss: 0.1747 | Val Max Q-Miss: 0.1086 | Val Max Gen Viol: 0.0000 | Val Max Thermal: 0.0000
Epoch 4870 | Val Loss: 45.4365 | Val Cost: 2191.40 | Val Max P-Miss: 0.3988 | Val Max Q-Miss: 0.2323 | Val Max Gen Viol: 0.0000 | Val Max Thermal: 0.0000
Epoch 4880 | Val Loss: 35.1474 | Val Cost: 2147.86 | Val Max P-Miss: 0.2197 | Val Max Q-Miss: 0.1993 | Val Max Gen Viol: 0.0000 | Val Max Thermal: 0.0000
Epoch 4890 | Val Loss: 42.1526 | Val Cost: 2144.83 | Val Max P-Miss: 0.4311 | Val Max Q-Miss: 0.1900 | Val Max Gen Viol: 0.0000 | Val Max Thermal: 0.0000
Epoch 4900 | Val Loss: 32.1592 | Val Cost: 2144.76 | Val Max P-Miss: 0.3804 | Val Max Q-Miss: 0.1279 | Val Max Gen Viol: 0.0000 | Val Max Thermal: 0.0000
Epoch 4910 | Val Loss: 138.7351 | Val Cost: 2192.76 | Val Max P-Miss: 0.7905 | Val Max Q-Miss: 0.3494 | Val Max Gen Viol: 0.0000 | Val Max Thermal: 0.0000
Epoch 4920 | Val Loss: 64.8630 | Val Cost: 2216.34 | Val Max P-Miss: 0.4350 | Val Max Q-Miss: 0.2278 | Val Max Gen Viol: 0.0000 | Val Max Thermal: 0.0000
Epoch 4930 | Val Loss: 34.1356 | Val Cost: 2195.04 | Val Max P-Miss: 0.2738 | Val Max Q-Miss: 0.1744 | Val Max Gen Viol: 0.0000 | Val Max Thermal: 0.0000
Epoch 4940 | Val Loss: 23.8622 | Val Cost: 2200.98 | Val Max P-Miss: 0.2307 | Val Max Q-Miss: 0.0853 | Val Max Gen Viol: 0.0000 | Val Max Thermal: 0.0000
Epoch 4950 | Val Loss: 38.0803 | Val Cost: 2218.97 | Val Max P-Miss: 0.2897 | Val Max Q-Miss: 0.1875 | Val Max Gen Viol: 0.0000 | Val Max Thermal: 0.0000
Epoch 4960 | Val Loss: 33.3534 | Val Cost: 2213.77 | Val Max P-Miss: 0.4262 | Val Max Q-Miss: 0.1617 | Val Max Gen Viol: 0.0000 | Val Max Thermal: 0.0000
Epoch 4970 | Val Loss: 24.4399 | Val Cost: 2184.69 | Val Max P-Miss: 0.1869 | Val Max Q-Miss: 0.1871 | Val Max Gen Viol: 0.0000 | Val Max Thermal: 0.0000
Epoch 4980 | Val Loss: 24.9103 | Val Cost: 2165.30 | Val Max P-Miss: 0.2695 | Val Max Q-Miss: 0.1207 | Val Max Gen Viol: 0.0000 | Val Max Thermal: 0.0000
Epoch 4990 | Val Loss: 25.9675 | Val Cost: 2209.64 | Val Max P-Miss: 0.2024 | Val Max Q-Miss: 0.1902 | Val Max Gen Viol: 0.0000 | Val Max Thermal: 0.0000
Epoch 5000 | Val Loss: 30.5090 | Val Cost: 2174.96 | Val Max P-Miss: 0.2574 | Val Max Q-Miss: 0.1496 | Val Max Gen Viol: 0.0000 | Val Max Thermal: 0.0000
Epoch 5010 | Val Loss: 26.1709 | Val Cost: 2181.15 | Val Max P-Miss: 0.3104 | Val Max Q-Miss: 0.1207 | Val Max Gen Viol: 0.0000 | Val Max Thermal: 0.0000
Epoch 5020 | Val Loss: 31.4397 | Val Cost: 2130.63 | Val Max P-Miss: 0.2363 | Val Max Q-Miss: 0.2153 | Val Max Gen Viol: 0.0000 | Val Max Thermal: 0.0000
Epoch 5030 | Val Loss: 38.1380 | Val Cost: 2151.78 | Val Max P-Miss: 0.3254 | Val Max Q-Miss: 0.2359 | Val Max Gen Viol: 0.0000 | Val Max Thermal: 0.0000
Epoch 5040 | Val Loss: 58.5471 | Val Cost: 2184.42 | Val Max P-Miss: 0.4225 | Val Max Q-Miss: 0.2074 | Val Max Gen Viol: 0.0000 | Val Max Thermal: 0.0000
Epoch 5050 | Val Loss: 49.8791 | Val Cost: 2202.15 | Val Max P-Miss: 0.3940 | Val Max Q-Miss: 0.1810 | Val Max Gen Viol: 0.0000 | Val Max Thermal: 0.0000
Epoch 5060 | Val Loss: 44.4293 | Val Cost: 2186.80 | Val Max P-Miss: 0.3734 | Val Max Q-Miss: 0.2293 | Val Max Gen Viol: 0.0000 | Val Max Thermal: 0.0000
Epoch 5070 | Val Loss: 30.1038 | Val Cost: 2183.10 | Val Max P-Miss: 0.3253 | Val Max Q-Miss: 0.1537 | Val Max Gen Viol: 0.0000 | Val Max Thermal: 0.0000
Epoch 5080 | Val Loss: 23.2473 | Val Cost: 2186.98 | Val Max P-Miss: 0.2311 | Val Max Q-Miss: 0.0830 | Val Max Gen Viol: 0.0000 | Val Max Thermal: 0.0000
Epoch 5090 | Val Loss: 50.0790 | Val Cost: 2200.69 | Val Max P-Miss: 0.3960 | Val Max Q-Miss: 0.1875 | Val Max Gen Viol: 0.0000 | Val Max Thermal: 0.0000
Epoch 5100 | Val Loss: 23.8817 | Val Cost: 2166.03 | Val Max P-Miss: 0.1733 | Val Max Q-Miss: 0.0915 | Val Max Gen Viol: 0.0000 | Val Max Thermal: 0.0000
Epoch 5110 | Val Loss: 25.7669 | Val Cost: 2182.27 | Val Max P-Miss: 0.2206 | Val Max Q-Miss: 0.1420 | Val Max Gen Viol: 0.0000 | Val Max Thermal: 0.0000
Epoch 5120 | Val Loss: 24.6687 | Val Cost: 2165.50 | Val Max P-Miss: 0.2360 | Val Max Q-Miss: 0.1877 | Val Max Gen Viol: 0.0000 | Val Max Thermal: 0.0000
Epoch 5130 | Val Loss: 31.9152 | Val Cost: 2195.97 | Val Max P-Miss: 0.2658 | Val Max Q-Miss: 0.2950 | Val Max Gen Viol: 0.0000 | Val Max Thermal: 0.0000
Epoch 5140 | Val Loss: 35.6877 | Val Cost: 2198.38 | Val Max P-Miss: 0.2927 | Val Max Q-Miss: 0.1651 | Val Max Gen Viol: 0.0000 | Val Max Thermal: 0.0000
Epoch 5150 | Val Loss: 31.1257 | Val Cost: 2178.77 | Val Max P-Miss: 0.2801 | Val Max Q-Miss: 0.1292 | Val Max Gen Viol: 0.0000 | Val Max Thermal: 0.0000
Epoch 5160 | Val Loss: 27.9135 | Val Cost: 2165.24 | Val Max P-Miss: 0.2418 | Val Max Q-Miss: 0.1057 | Val Max Gen Viol: 0.0000 | Val Max Thermal: 0.0000
Epoch 5170 | Val Loss: 29.1132 | Val Cost: 2160.52 | Val Max P-Miss: 0.2956 | Val Max Q-Miss: 0.1206 | Val Max Gen Viol: 0.0000 | Val Max Thermal: 0.0000
Epoch 5180 | Val Loss: 26.6401 | Val Cost: 2141.55 | Val Max P-Miss: 0.2901 | Val Max Q-Miss: 0.0981 | Val Max Gen Viol: 0.0000 | Val Max Thermal: 0.0000
Epoch 5190 | Val Loss: 25.2451 | Val Cost: 2132.86 | Val Max P-Miss: 0.2826 | Val Max Q-Miss: 0.0900 | Val Max Gen Viol: 0.0000 | Val Max Thermal: 0.0000
Epoch 5200 | Val Loss: 24.3619 | Val Cost: 2128.19 | Val Max P-Miss: 0.2732 | Val Max Q-Miss: 0.0896 | Val Max Gen Viol: 0.0000 | Val Max Thermal: 0.0000
Epoch 5210 | Val Loss: 23.1384 | Val Cost: 2126.32 | Val Max P-Miss: 0.2681 | Val Max Q-Miss: 0.0805 | Val Max Gen Viol: 0.0000 | Val Max Thermal: 0.0000
Epoch 5220 | Val Loss: 22.0307 | Val Cost: 2125.39 | Val Max P-Miss: 0.2604 | Val Max Q-Miss: 0.0789 | Val Max Gen Viol: 0.0000 | Val Max Thermal: 0.0000
Epoch 5230 | Val Loss: 21.9330 | Val Cost: 2124.68 | Val Max P-Miss: 0.2590 | Val Max Q-Miss: 0.0776 | Val Max Gen Viol: 0.0000 | Val Max Thermal: 0.0000
Epoch 5240 | Val Loss: 22.5041 | Val Cost: 2088.05 | Val Max P-Miss: 0.2133 | Val Max Q-Miss: 0.1370 | Val Max Gen Viol: 0.0000 | Val Max Thermal: 0.0000
Epoch 5250 | Val Loss: 37.7705 | Val Cost: 2113.96 | Val Max P-Miss: 0.4181 | Val Max Q-Miss: 0.1809 | Val Max Gen Viol: 0.0000 | Val Max Thermal: 0.0000
Epoch 5260 | Val Loss: 26.4050 | Val Cost: 2100.24 | Val Max P-Miss: 0.3263 | Val Max Q-Miss: 0.1138 | Val Max Gen Viol: 0.0000 | Val Max Thermal: 0.0000
Epoch 5270 | Val Loss: 27.2181 | Val Cost: 2115.76 | Val Max P-Miss: 0.2967 | Val Max Q-Miss: 0.1367 | Val Max Gen Viol: 0.0000 | Val Max Thermal: 0.0000
Epoch 5280 | Val Loss: 25.1234 | Val Cost: 2108.13 | Val Max P-Miss: 0.2811 | Val Max Q-Miss: 0.1291 | Val Max Gen Viol: 0.0000 | Val Max Thermal: 0.0000
Epoch 5290 | Val Loss: 28.2715 | Val Cost: 2108.77 | Val Max P-Miss: 0.3036 | Val Max Q-Miss: 0.1017 | Val Max Gen Viol: 0.0000 | Val Max Thermal: 0.0000
Epoch 5300 | Val Loss: 28.6894 | Val Cost: 2096.73 | Val Max P-Miss: 0.1229 | Val Max Q-Miss: 0.3221 | Val Max Gen Viol: 0.0000 | Val Max Thermal: 0.0000
Epoch 5310 | Val Loss: 28.8354 | Val Cost: 2212.03 | Val Max P-Miss: 0.3195 | Val Max Q-Miss: 0.2106 | Val Max Gen Viol: 0.0000 | Val Max Thermal: 0.0000
Epoch 5320 | Val Loss: 29.5359 | Val Cost: 2203.01 | Val Max P-Miss: 0.1627 | Val Max Q-Miss: 0.0972 | Val Max Gen Viol: 0.0000 | Val Max Thermal: 0.0000
Epoch 5330 | Val Loss: 31.8689 | Val Cost: 2182.75 | Val Max P-Miss: 0.3591 | Val Max Q-Miss: 0.1675 | Val Max Gen Viol: 0.0000 | Val Max Thermal: 0.0000
Epoch 5340 | Val Loss: 25.4409 | Val Cost: 2161.82 | Val Max P-Miss: 0.2252 | Val Max Q-Miss: 0.1059 | Val Max Gen Viol: 0.0000 | Val Max Thermal: 0.0000
Epoch 5350 | Val Loss: 26.0115 | Val Cost: 2171.26 | Val Max P-Miss: 0.2635 | Val Max Q-Miss: 0.1443 | Val Max Gen Viol: 0.0000 | Val Max Thermal: 0.0000
Epoch 5360 | Val Loss: 16.0434 | Val Cost: 2133.61 | Val Max P-Miss: 0.1534 | Val Max Q-Miss: 0.0919 | Val Max Gen Viol: 0.0000 | Val Max Thermal: 0.0000 [*SAVED BEST*]
Epoch 5370 | Val Loss: 21.7524 | Val Cost: 2165.34 | Val Max P-Miss: 0.2223 | Val Max Q-Miss: 0.1125 | Val Max Gen Viol: 0.0000 | Val Max Thermal: 0.0000
Epoch 5380 | Val Loss: 23.7494 | Val Cost: 2161.87 | Val Max P-Miss: 0.2592 | Val Max Q-Miss: 0.0998 | Val Max Gen Viol: 0.0000 | Val Max Thermal: 0.0000
Epoch 5390 | Val Loss: 63.7501 | Val Cost: 2174.67 | Val Max P-Miss: 0.2927 | Val Max Q-Miss: 0.4784 | Val Max Gen Viol: 0.0000 | Val Max Thermal: 0.0000
Epoch 5400 | Val Loss: 21.5657 | Val Cost: 2185.30 | Val Max P-Miss: 0.1814 | Val Max Q-Miss: 0.1648 | Val Max Gen Viol: 0.0000 | Val Max Thermal: 0.0000
Epoch 5410 | Val Loss: 38.1945 | Val Cost: 2160.89 | Val Max P-Miss: 0.4589 | Val Max Q-Miss: 0.2438 | Val Max Gen Viol: 0.0000 | Val Max Thermal: 0.0000
Epoch 5420 | Val Loss: 73.1152 | Val Cost: 2203.39 | Val Max P-Miss: 0.3202 | Val Max Q-Miss: 0.4724 | Val Max Gen Viol: 0.0000 | Val Max Thermal: 0.0000
Epoch 5430 | Val Loss: 60.0821 | Val Cost: 2180.76 | Val Max P-Miss: 0.4477 | Val Max Q-Miss: 0.2758 | Val Max Gen Viol: 0.0000 | Val Max Thermal: 0.0000
Epoch 5440 | Val Loss: 18.4984 | Val Cost: 2190.88 | Val Max P-Miss: 0.1967 | Val Max Q-Miss: 0.0917 | Val Max Gen Viol: 0.0000 | Val Max Thermal: 0.0000
Epoch 5450 | Val Loss: 50.9148 | Val Cost: 2198.72 | Val Max P-Miss: 0.3215 | Val Max Q-Miss: 0.1735 | Val Max Gen Viol: 0.0000 | Val Max Thermal: 0.0000
Epoch 5460 | Val Loss: 26.8732 | Val Cost: 2180.58 | Val Max P-Miss: 0.2519 | Val Max Q-Miss: 0.1254 | Val Max Gen Viol: 0.0000 | Val Max Thermal: 0.0000
Epoch 5470 | Val Loss: 25.5456 | Val Cost: 2156.29 | Val Max P-Miss: 0.1994 | Val Max Q-Miss: 0.0958 | Val Max Gen Viol: 0.0000 | Val Max Thermal: 0.0000
Epoch 5480 | Val Loss: 29.1573 | Val Cost: 2148.25 | Val Max P-Miss: 0.2392 | Val Max Q-Miss: 0.1962 | Val Max Gen Viol: 0.0000 | Val Max Thermal: 0.0000
Epoch 5490 | Val Loss: 36.6289 | Val Cost: 2143.21 | Val Max P-Miss: 0.3376 | Val Max Q-Miss: 0.1868 | Val Max Gen Viol: 0.0000 | Val Max Thermal: 0.0000
Epoch 5500 | Val Loss: 22.4958 | Val Cost: 2207.12 | Val Max P-Miss: 0.2240 | Val Max Q-Miss: 0.1452 | Val Max Gen Viol: 0.0000 | Val Max Thermal: 0.0000
Epoch 5510 | Val Loss: 37.0625 | Val Cost: 2165.65 | Val Max P-Miss: 0.4136 | Val Max Q-Miss: 0.1499 | Val Max Gen Viol: 0.0000 | Val Max Thermal: 0.0000
Epoch 5520 | Val Loss: 27.7752 | Val Cost: 2158.76 | Val Max P-Miss: 0.3670 | Val Max Q-Miss: 0.1652 | Val Max Gen Viol: 0.0000 | Val Max Thermal: 0.0000
Epoch 5530 | Val Loss: 71.9516 | Val Cost: 2106.12 | Val Max P-Miss: 0.6432 | Val Max Q-Miss: 0.2403 | Val Max Gen Viol: 0.0000 | Val Max Thermal: 0.0000
Epoch 5540 | Val Loss: 46.4256 | Val Cost: 2192.87 | Val Max P-Miss: 0.3564 | Val Max Q-Miss: 0.2860 | Val Max Gen Viol: 0.0000 | Val Max Thermal: 0.0000
Epoch 5550 | Val Loss: 25.0684 | Val Cost: 2183.18 | Val Max P-Miss: 0.3134 | Val Max Q-Miss: 0.1479 | Val Max Gen Viol: 0.0000 | Val Max Thermal: 0.0000
Epoch 5560 | Val Loss: 25.4946 | Val Cost: 2162.62 | Val Max P-Miss: 0.2766 | Val Max Q-Miss: 0.1296 | Val Max Gen Viol: 0.0000 | Val Max Thermal: 0.0000
Epoch 5570 | Val Loss: 27.5547 | Val Cost: 2149.18 | Val Max P-Miss: 0.2159 | Val Max Q-Miss: 0.1123 | Val Max Gen Viol: 0.0000 | Val Max Thermal: 0.0000
Epoch 5580 | Val Loss: 25.4953 | Val Cost: 2115.67 | Val Max P-Miss: 0.2840 | Val Max Q-Miss: 0.1501 | Val Max Gen Viol: 0.0000 | Val Max Thermal: 0.0000
Epoch 5590 | Val Loss: 29.7602 | Val Cost: 2143.05 | Val Max P-Miss: 0.3074 | Val Max Q-Miss: 0.1598 | Val Max Gen Viol: 0.0000 | Val Max Thermal: 0.0000
Epoch 5600 | Val Loss: 34.3804 | Val Cost: 2155.46 | Val Max P-Miss: 0.4137 | Val Max Q-Miss: 0.1428 | Val Max Gen Viol: 0.0000 | Val Max Thermal: 0.0000
Epoch 5610 | Val Loss: 35.7189 | Val Cost: 2140.01 | Val Max P-Miss: 0.3234 | Val Max Q-Miss: 0.1538 | Val Max Gen Viol: 0.0000 | Val Max Thermal: 0.0000
Epoch 5620 | Val Loss: 24.7188 | Val Cost: 2187.07 | Val Max P-Miss: 0.3305 | Val Max Q-Miss: 0.1326 | Val Max Gen Viol: 0.0000 | Val Max Thermal: 0.0000
Epoch 5630 | Val Loss: 19.2990 | Val Cost: 2173.81 | Val Max P-Miss: 0.2563 | Val Max Q-Miss: 0.1149 | Val Max Gen Viol: 0.0000 | Val Max Thermal: 0.0000
Epoch 5640 | Val Loss: 23.2079 | Val Cost: 2149.48 | Val Max P-Miss: 0.2517 | Val Max Q-Miss: 0.1229 | Val Max Gen Viol: 0.0000 | Val Max Thermal: 0.0000
Epoch 5650 | Val Loss: 39.0651 | Val Cost: 2153.77 | Val Max P-Miss: 0.3597 | Val Max Q-Miss: 0.1950 | Val Max Gen Viol: 0.0000 | Val Max Thermal: 0.0000
Epoch 5660 | Val Loss: 37.1184 | Val Cost: 2258.27 | Val Max P-Miss: 0.3519 | Val Max Q-Miss: 0.1576 | Val Max Gen Viol: 0.0000 | Val Max Thermal: 0.0000
Epoch 5670 | Val Loss: 35.4479 | Val Cost: 2186.01 | Val Max P-Miss: 0.3043 | Val Max Q-Miss: 0.1449 | Val Max Gen Viol: 0.0000 | Val Max Thermal: 0.0000
Epoch 5680 | Val Loss: 21.6680 | Val Cost: 2175.80 | Val Max P-Miss: 0.2017 | Val Max Q-Miss: 0.1044 | Val Max Gen Viol: 0.0000 | Val Max Thermal: 0.0000
Epoch 5690 | Val Loss: 40.4343 | Val Cost: 2166.76 | Val Max P-Miss: 0.2454 | Val Max Q-Miss: 0.0799 | Val Max Gen Viol: 0.0000 | Val Max Thermal: 0.0000
Epoch 5700 | Val Loss: 22.6898 | Val Cost: 2133.51 | Val Max P-Miss: 0.2281 | Val Max Q-Miss: 0.1152 | Val Max Gen Viol: 0.0000 | Val Max Thermal: 0.0000
Epoch 5710 | Val Loss: 37.3220 | Val Cost: 2139.39 | Val Max P-Miss: 0.2879 | Val Max Q-Miss: 0.2292 | Val Max Gen Viol: 0.0000 | Val Max Thermal: 0.0000
Epoch 5720 | Val Loss: 31.7061 | Val Cost: 2157.75 | Val Max P-Miss: 0.2372 | Val Max Q-Miss: 0.1324 | Val Max Gen Viol: 0.0000 | Val Max Thermal: 0.0000
Epoch 5730 | Val Loss: 26.2046 | Val Cost: 2194.02 | Val Max P-Miss: 0.1640 | Val Max Q-Miss: 0.1612 | Val Max Gen Viol: 0.0000 | Val Max Thermal: 0.0000
Epoch 5740 | Val Loss: 22.5397 | Val Cost: 2162.99 | Val Max P-Miss: 0.2120 | Val Max Q-Miss: 0.1580 | Val Max Gen Viol: 0.0000 | Val Max Thermal: 0.0000
Epoch 5750 | Val Loss: 18.8678 | Val Cost: 2165.83 | Val Max P-Miss: 0.2351 | Val Max Q-Miss: 0.1089 | Val Max Gen Viol: 0.0000 | Val Max Thermal: 0.0000
Epoch 5760 | Val Loss: 17.6822 | Val Cost: 2143.89 | Val Max P-Miss: 0.2286 | Val Max Q-Miss: 0.0989 | Val Max Gen Viol: 0.0000 | Val Max Thermal: 0.0000
Epoch 5770 | Val Loss: 16.8416 | Val Cost: 2132.73 | Val Max P-Miss: 0.2248 | Val Max Q-Miss: 0.0903 | Val Max Gen Viol: 0.0000 | Val Max Thermal: 0.0000
Epoch 5780 | Val Loss: 16.1973 | Val Cost: 2126.78 | Val Max P-Miss: 0.2210 | Val Max Q-Miss: 0.0816 | Val Max Gen Viol: 0.0000 | Val Max Thermal: 0.0000
Epoch 5790 | Val Loss: 15.5530 | Val Cost: 2123.93 | Val Max P-Miss: 0.2180 | Val Max Q-Miss: 0.0767 | Val Max Gen Viol: 0.0000 | Val Max Thermal: 0.0000 [*SAVED BEST*]
Epoch 5800 | Val Loss: 14.9664 | Val Cost: 2123.15 | Val Max P-Miss: 0.2158 | Val Max Q-Miss: 0.0706 | Val Max Gen Viol: 0.0000 | Val Max Thermal: 0.0000 [*SAVED BEST*]
Epoch 5810 | Val Loss: 40.3371 | Val Cost: 2124.67 | Val Max P-Miss: 0.3578 | Val Max Q-Miss: 0.1991 | Val Max Gen Viol: 0.0000 | Val Max Thermal: 0.0000
Epoch 5820 | Val Loss: 38.6202 | Val Cost: 2135.18 | Val Max P-Miss: 0.3533 | Val Max Q-Miss: 0.2565 | Val Max Gen Viol: 0.0000 | Val Max Thermal: 0.0000
Epoch 5830 | Val Loss: 26.6648 | Val Cost: 2127.07 | Val Max P-Miss: 0.2080 | Val Max Q-Miss: 0.0677 | Val Max Gen Viol: 0.0000 | Val Max Thermal: 0.0000
Epoch 5840 | Val Loss: 30.7979 | Val Cost: 2116.70 | Val Max P-Miss: 0.3533 | Val Max Q-Miss: 0.1433 | Val Max Gen Viol: 0.0000 | Val Max Thermal: 0.0000
Epoch 5850 | Val Loss: 18.9133 | Val Cost: 2171.91 | Val Max P-Miss: 0.2296 | Val Max Q-Miss: 0.1429 | Val Max Gen Viol: 0.0000 | Val Max Thermal: 0.0000
Epoch 5860 | Val Loss: 30.7355 | Val Cost: 2149.39 | Val Max P-Miss: 0.3710 | Val Max Q-Miss: 0.0566 | Val Max Gen Viol: 0.0000 | Val Max Thermal: 0.0000
Epoch 5870 | Val Loss: 17.4457 | Val Cost: 2154.78 | Val Max P-Miss: 0.2253 | Val Max Q-Miss: 0.0875 | Val Max Gen Viol: 0.0000 | Val Max Thermal: 0.0000
Epoch 5880 | Val Loss: 40.4298 | Val Cost: 2157.48 | Val Max P-Miss: 0.2400 | Val Max Q-Miss: 0.2681 | Val Max Gen Viol: 0.0000 | Val Max Thermal: 0.0000
Epoch 5890 | Val Loss: 42.6570 | Val Cost: 2183.18 | Val Max P-Miss: 0.2809 | Val Max Q-Miss: 0.2670 | Val Max Gen Viol: 0.0000 | Val Max Thermal: 0.0000
Epoch 5900 | Val Loss: 22.0674 | Val Cost: 2176.04 | Val Max P-Miss: 0.2653 | Val Max Q-Miss: 0.1235 | Val Max Gen Viol: 0.0000 | Val Max Thermal: 0.0000
Epoch 5910 | Val Loss: 21.6254 | Val Cost: 2153.49 | Val Max P-Miss: 0.2673 | Val Max Q-Miss: 0.1301 | Val Max Gen Viol: 0.0000 | Val Max Thermal: 0.0000
Epoch 5920 | Val Loss: 21.1003 | Val Cost: 2138.21 | Val Max P-Miss: 0.2546 | Val Max Q-Miss: 0.1220 | Val Max Gen Viol: 0.0000 | Val Max Thermal: 0.0000
Epoch 5930 | Val Loss: 20.5015 | Val Cost: 2126.21 | Val Max P-Miss: 0.2434 | Val Max Q-Miss: 0.1174 | Val Max Gen Viol: 0.0000 | Val Max Thermal: 0.0000
Epoch 5940 | Val Loss: 19.9510 | Val Cost: 2118.42 | Val Max P-Miss: 0.2346 | Val Max Q-Miss: 0.1123 | Val Max Gen Viol: 0.0000 | Val Max Thermal: 0.0000
Epoch 5950 | Val Loss: 19.4298 | Val Cost: 2115.16 | Val Max P-Miss: 0.2252 | Val Max Q-Miss: 0.1085 | Val Max Gen Viol: 0.0000 | Val Max Thermal: 0.0000
Epoch 5960 | Val Loss: 18.7294 | Val Cost: 2116.71 | Val Max P-Miss: 0.2200 | Val Max Q-Miss: 0.1054 | Val Max Gen Viol: 0.0000 | Val Max Thermal: 0.0000
Epoch 5970 | Val Loss: 38.5542 | Val Cost: 2154.45 | Val Max P-Miss: 0.3539 | Val Max Q-Miss: 0.1928 | Val Max Gen Viol: 0.0000 | Val Max Thermal: 0.0000
Epoch 5980 | Val Loss: 88.9098 | Val Cost: 2301.37 | Val Max P-Miss: 0.5638 | Val Max Q-Miss: 0.3346 | Val Max Gen Viol: 0.0000 | Val Max Thermal: 0.0000
Epoch 5990 | Val Loss: 32.3652 | Val Cost: 2166.12 | Val Max P-Miss: 0.1962 | Val Max Q-Miss: 0.1459 | Val Max Gen Viol: 0.0000 | Val Max Thermal: 0.0000
Epoch 6000 | Val Loss: 52.6385 | Val Cost: 2162.24 | Val Max P-Miss: 0.3952 | Val Max Q-Miss: 0.2282 | Val Max Gen Viol: 0.0000 | Val Max Thermal: 0.0000
Epoch 6010 | Val Loss: 37.0996 | Val Cost: 2180.14 | Val Max P-Miss: 0.3380 | Val Max Q-Miss: 0.1048 | Val Max Gen Viol: 0.0000 | Val Max Thermal: 0.0000
Epoch 6020 | Val Loss: 18.9738 | Val Cost: 2149.00 | Val Max P-Miss: 0.2667 | Val Max Q-Miss: 0.1204 | Val Max Gen Viol: 0.0000 | Val Max Thermal: 0.0000
Epoch 6030 | Val Loss: 29.2635 | Val Cost: 2136.25 | Val Max P-Miss: 0.2976 | Val Max Q-Miss: 0.1771 | Val Max Gen Viol: 0.0000 | Val Max Thermal: 0.0000
Epoch 6040 | Val Loss: 43.0086 | Val Cost: 2168.44 | Val Max P-Miss: 0.4451 | Val Max Q-Miss: 0.2153 | Val Max Gen Viol: 0.0000 | Val Max Thermal: 0.0000
Epoch 6050 | Val Loss: 32.5658 | Val Cost: 2172.70 | Val Max P-Miss: 0.3495 | Val Max Q-Miss: 0.2353 | Val Max Gen Viol: 0.0000 | Val Max Thermal: 0.0000
Epoch 6060 | Val Loss: 37.0098 | Val Cost: 2184.67 | Val Max P-Miss: 0.4068 | Val Max Q-Miss: 0.2040 | Val Max Gen Viol: 0.0000 | Val Max Thermal: 0.0000
Epoch 6070 | Val Loss: 17.8020 | Val Cost: 2168.11 | Val Max P-Miss: 0.1793 | Val Max Q-Miss: 0.1248 | Val Max Gen Viol: 0.0000 | Val Max Thermal: 0.0000
Epoch 6080 | Val Loss: 23.7077 | Val Cost: 2147.77 | Val Max P-Miss: 0.3719 | Val Max Q-Miss: 0.1347 | Val Max Gen Viol: 0.0000 | Val Max Thermal: 0.0000
Epoch 6090 | Val Loss: 22.3360 | Val Cost: 2121.96 | Val Max P-Miss: 0.2876 | Val Max Q-Miss: 0.1226 | Val Max Gen Viol: 0.0000 | Val Max Thermal: 0.0000
Epoch 6100 | Val Loss: 36.0419 | Val Cost: 2136.31 | Val Max P-Miss: 0.3257 | Val Max Q-Miss: 0.1803 | Val Max Gen Viol: 0.0000 | Val Max Thermal: 0.0000
Epoch 6110 | Val Loss: 25.8871 | Val Cost: 2107.44 | Val Max P-Miss: 0.2411 | Val Max Q-Miss: 0.1278 | Val Max Gen Viol: 0.0000 | Val Max Thermal: 0.0000
Epoch 6120 | Val Loss: 49.3520 | Val Cost: 2158.68 | Val Max P-Miss: 0.3708 | Val Max Q-Miss: 0.2402 | Val Max Gen Viol: 0.0000 | Val Max Thermal: 0.0000
Epoch 6130 | Val Loss: 36.7332 | Val Cost: 2146.28 | Val Max P-Miss: 0.3403 | Val Max Q-Miss: 0.1231 | Val Max Gen Viol: 0.0000 | Val Max Thermal: 0.0000
Epoch 6140 | Val Loss: 44.8487 | Val Cost: 2237.68 | Val Max P-Miss: 0.3706 | Val Max Q-Miss: 0.1435 | Val Max Gen Viol: 0.0000 | Val Max Thermal: 0.0000
Epoch 6150 | Val Loss: 24.8202 | Val Cost: 2132.24 | Val Max P-Miss: 0.2412 | Val Max Q-Miss: 0.1577 | Val Max Gen Viol: 0.0000 | Val Max Thermal: 0.0000
Epoch 6160 | Val Loss: 26.3001 | Val Cost: 2127.94 | Val Max P-Miss: 0.2972 | Val Max Q-Miss: 0.0879 | Val Max Gen Viol: 0.0000 | Val Max Thermal: 0.0000
Epoch 6170 | Val Loss: 27.2318 | Val Cost: 2133.12 | Val Max P-Miss: 0.2652 | Val Max Q-Miss: 0.1287 | Val Max Gen Viol: 0.0000 | Val Max Thermal: 0.0000
Epoch 6180 | Val Loss: 23.0262 | Val Cost: 2181.46 | Val Max P-Miss: 0.1490 | Val Max Q-Miss: 0.0959 | Val Max Gen Viol: 0.0000 | Val Max Thermal: 0.0000
Epoch 6190 | Val Loss: 19.4228 | Val Cost: 2161.80 | Val Max P-Miss: 0.2796 | Val Max Q-Miss: 0.1142 | Val Max Gen Viol: 0.0000 | Val Max Thermal: 0.0000
Epoch 6200 | Val Loss: 17.6368 | Val Cost: 2131.99 | Val Max P-Miss: 0.2548 | Val Max Q-Miss: 0.1107 | Val Max Gen Viol: 0.0000 | Val Max Thermal: 0.0000
Epoch 6210 | Val Loss: 16.6963 | Val Cost: 2122.77 | Val Max P-Miss: 0.2483 | Val Max Q-Miss: 0.1007 | Val Max Gen Viol: 0.0000 | Val Max Thermal: 0.0000
Epoch 6220 | Val Loss: 16.2349 | Val Cost: 2119.51 | Val Max P-Miss: 0.2420 | Val Max Q-Miss: 0.0939 | Val Max Gen Viol: 0.0000 | Val Max Thermal: 0.0000
Epoch 6230 | Val Loss: 15.4022 | Val Cost: 2118.46 | Val Max P-Miss: 0.2389 | Val Max Q-Miss: 0.0841 | Val Max Gen Viol: 0.0000 | Val Max Thermal: 0.0000
Epoch 6240 | Val Loss: 14.8808 | Val Cost: 2118.58 | Val Max P-Miss: 0.2252 | Val Max Q-Miss: 0.0729 | Val Max Gen Viol: 0.0000 | Val Max Thermal: 0.0000 [*SAVED BEST*]
Epoch 6250 | Val Loss: 14.9826 | Val Cost: 2118.62 | Val Max P-Miss: 0.2343 | Val Max Q-Miss: 0.0734 | Val Max Gen Viol: 0.0000 | Val Max Thermal: 0.0000
Epoch 6260 | Val Loss: 14.4954 | Val Cost: 2119.69 | Val Max P-Miss: 0.2071 | Val Max Q-Miss: 0.0652 | Val Max Gen Viol: 0.0000 | Val Max Thermal: 0.0000 [*SAVED BEST*]
Epoch 6270 | Val Loss: 42.2342 | Val Cost: 2138.60 | Val Max P-Miss: 0.2692 | Val Max Q-Miss: 0.1845 | Val Max Gen Viol: 0.0000 | Val Max Thermal: 0.0000
Epoch 6280 | Val Loss: 35.6161 | Val Cost: 2085.66 | Val Max P-Miss: 0.2194 | Val Max Q-Miss: 0.2302 | Val Max Gen Viol: 0.0000 | Val Max Thermal: 0.0000
Epoch 6290 | Val Loss: 28.3060 | Val Cost: 2145.75 | Val Max P-Miss: 0.3351 | Val Max Q-Miss: 0.1498 | Val Max Gen Viol: 0.0000 | Val Max Thermal: 0.0000
Epoch 6300 | Val Loss: 29.4240 | Val Cost: 2107.64 | Val Max P-Miss: 0.3501 | Val Max Q-Miss: 0.1792 | Val Max Gen Viol: 0.0000 | Val Max Thermal: 0.0000
Epoch 6310 | Val Loss: 56.0377 | Val Cost: 2075.15 | Val Max P-Miss: 0.3459 | Val Max Q-Miss: 0.1971 | Val Max Gen Viol: 0.0000 | Val Max Thermal: 0.0000
Epoch 6320 | Val Loss: 43.1710 | Val Cost: 2192.85 | Val Max P-Miss: 0.3399 | Val Max Q-Miss: 0.3076 | Val Max Gen Viol: 0.0000 | Val Max Thermal: 0.0000
Epoch 6330 | Val Loss: 40.2023 | Val Cost: 2175.40 | Val Max P-Miss: 0.3790 | Val Max Q-Miss: 0.1957 | Val Max Gen Viol: 0.0000 | Val Max Thermal: 0.0000
Epoch 6340 | Val Loss: 82.7705 | Val Cost: 2099.17 | Val Max P-Miss: 0.4714 | Val Max Q-Miss: 0.2803 | Val Max Gen Viol: 0.0000 | Val Max Thermal: 0.0000
Epoch 6350 | Val Loss: 37.7178 | Val Cost: 2210.24 | Val Max P-Miss: 0.3370 | Val Max Q-Miss: 0.2202 | Val Max Gen Viol: 0.0000 | Val Max Thermal: 0.0000
Epoch 6360 | Val Loss: 27.8393 | Val Cost: 2205.99 | Val Max P-Miss: 0.2273 | Val Max Q-Miss: 0.1332 | Val Max Gen Viol: 0.0000 | Val Max Thermal: 0.0000
Epoch 6370 | Val Loss: 25.9441 | Val Cost: 2195.14 | Val Max P-Miss: 0.3322 | Val Max Q-Miss: 0.1734 | Val Max Gen Viol: 0.0000 | Val Max Thermal: 0.0000
Epoch 6380 | Val Loss: 17.5014 | Val Cost: 2167.42 | Val Max P-Miss: 0.1762 | Val Max Q-Miss: 0.0915 | Val Max Gen Viol: 0.0000 | Val Max Thermal: 0.0000
Epoch 6390 | Val Loss: 28.5649 | Val Cost: 2209.79 | Val Max P-Miss: 0.2402 | Val Max Q-Miss: 0.1677 | Val Max Gen Viol: 0.0000 | Val Max Thermal: 0.0000
Epoch 6400 | Val Loss: 20.4161 | Val Cost: 2167.28 | Val Max P-Miss: 0.2300 | Val Max Q-Miss: 0.1125 | Val Max Gen Viol: 0.0000 | Val Max Thermal: 0.0000
Epoch 6410 | Val Loss: 19.3629 | Val Cost: 2142.91 | Val Max P-Miss: 0.2188 | Val Max Q-Miss: 0.0987 | Val Max Gen Viol: 0.0000 | Val Max Thermal: 0.0000
Epoch 6420 | Val Loss: 18.7868 | Val Cost: 2130.78 | Val Max P-Miss: 0.2141 | Val Max Q-Miss: 0.0896 | Val Max Gen Viol: 0.0000 | Val Max Thermal: 0.0000
Epoch 6430 | Val Loss: 18.5263 | Val Cost: 2125.63 | Val Max P-Miss: 0.2123 | Val Max Q-Miss: 0.0810 | Val Max Gen Viol: 0.0000 | Val Max Thermal: 0.0000
Epoch 6440 | Val Loss: 18.0217 | Val Cost: 2123.38 | Val Max P-Miss: 0.2083 | Val Max Q-Miss: 0.0775 | Val Max Gen Viol: 0.0000 | Val Max Thermal: 0.0000
Epoch 6450 | Val Loss: 17.5878 | Val Cost: 2123.01 | Val Max P-Miss: 0.2065 | Val Max Q-Miss: 0.0740 | Val Max Gen Viol: 0.0000 | Val Max Thermal: 0.0000
Epoch 6460 | Val Loss: 17.4091 | Val Cost: 2121.50 | Val Max P-Miss: 0.1891 | Val Max Q-Miss: 0.0645 | Val Max Gen Viol: 0.0000 | Val Max Thermal: 0.0000
Epoch 6470 | Val Loss: 30.2149 | Val Cost: 2106.88 | Val Max P-Miss: 0.2689 | Val Max Q-Miss: 0.1604 | Val Max Gen Viol: 0.0000 | Val Max Thermal: 0.0000
Epoch 6480 | Val Loss: 28.4498 | Val Cost: 2129.17 | Val Max P-Miss: 0.2598 | Val Max Q-Miss: 0.1413 | Val Max Gen Viol: 0.0000 | Val Max Thermal: 0.0000
Epoch 6490 | Val Loss: 19.8365 | Val Cost: 2105.76 | Val Max P-Miss: 0.2225 | Val Max Q-Miss: 0.1183 | Val Max Gen Viol: 0.0000 | Val Max Thermal: 0.0000
Epoch 6500 | Val Loss: 60.0226 | Val Cost: 2147.73 | Val Max P-Miss: 0.4401 | Val Max Q-Miss: 0.3030 | Val Max Gen Viol: 0.0000 | Val Max Thermal: 0.0000
Epoch 6510 | Val Loss: 53.7755 | Val Cost: 2229.62 | Val Max P-Miss: 0.4837 | Val Max Q-Miss: 0.2822 | Val Max Gen Viol: 0.0000 | Val Max Thermal: 0.0000
Epoch 6520 | Val Loss: 26.0338 | Val Cost: 2154.91 | Val Max P-Miss: 0.3318 | Val Max Q-Miss: 0.1790 | Val Max Gen Viol: 0.0000 | Val Max Thermal: 0.0000
Epoch 6530 | Val Loss: 22.4517 | Val Cost: 2145.45 | Val Max P-Miss: 0.2346 | Val Max Q-Miss: 0.0882 | Val Max Gen Viol: 0.0000 | Val Max Thermal: 0.0000
Epoch 6540 | Val Loss: 38.7564 | Val Cost: 2227.40 | Val Max P-Miss: 0.4281 | Val Max Q-Miss: 0.2460 | Val Max Gen Viol: 0.0000 | Val Max Thermal: 0.0000
Epoch 6550 | Val Loss: 26.6618 | Val Cost: 2172.79 | Val Max P-Miss: 0.3022 | Val Max Q-Miss: 0.1523 | Val Max Gen Viol: 0.0000 | Val Max Thermal: 0.0000
Epoch 6560 | Val Loss: 23.6152 | Val Cost: 2147.42 | Val Max P-Miss: 0.2834 | Val Max Q-Miss: 0.1509 | Val Max Gen Viol: 0.0000 | Val Max Thermal: 0.0000
Epoch 6570 | Val Loss: 20.4581 | Val Cost: 2123.21 | Val Max P-Miss: 0.2424 | Val Max Q-Miss: 0.1079 | Val Max Gen Viol: 0.0000 | Val Max Thermal: 0.0000
Epoch 6580 | Val Loss: 22.4552 | Val Cost: 2116.41 | Val Max P-Miss: 0.1860 | Val Max Q-Miss: 0.1249 | Val Max Gen Viol: 0.0000 | Val Max Thermal: 0.0000
Epoch 6590 | Val Loss: 23.1719 | Val Cost: 2123.36 | Val Max P-Miss: 0.2414 | Val Max Q-Miss: 0.1551 | Val Max Gen Viol: 0.0000 | Val Max Thermal: 0.0000
Epoch 6600 | Val Loss: 21.0235 | Val Cost: 2144.82 | Val Max P-Miss: 0.2189 | Val Max Q-Miss: 0.1403 | Val Max Gen Viol: 0.0000 | Val Max Thermal: 0.0000
Epoch 6610 | Val Loss: 39.6269 | Val Cost: 2233.99 | Val Max P-Miss: 0.2700 | Val Max Q-Miss: 0.0948 | Val Max Gen Viol: 0.0000 | Val Max Thermal: 0.0000
Epoch 6620 | Val Loss: 26.1034 | Val Cost: 2234.45 | Val Max P-Miss: 0.1621 | Val Max Q-Miss: 0.2949 | Val Max Gen Viol: 0.0000 | Val Max Thermal: 0.0000
Epoch 6630 | Val Loss: 50.9578 | Val Cost: 2198.38 | Val Max P-Miss: 0.1749 | Val Max Q-Miss: 0.4371 | Val Max Gen Viol: 0.0000 | Val Max Thermal: 0.0000
Epoch 6640 | Val Loss: 53.4709 | Val Cost: 2160.29 | Val Max P-Miss: 0.4850 | Val Max Q-Miss: 0.1632 | Val Max Gen Viol: 0.0000 | Val Max Thermal: 0.0000
Epoch 6650 | Val Loss: 24.9834 | Val Cost: 2150.19 | Val Max P-Miss: 0.3069 | Val Max Q-Miss: 0.0823 | Val Max Gen Viol: 0.0000 | Val Max Thermal: 0.0000
Epoch 6660 | Val Loss: 62.7666 | Val Cost: 2264.82 | Val Max P-Miss: 0.4194 | Val Max Q-Miss: 0.3746 | Val Max Gen Viol: 0.0000 | Val Max Thermal: 0.0000
Epoch 6670 | Val Loss: 50.3786 | Val Cost: 2210.83 | Val Max P-Miss: 0.4695 | Val Max Q-Miss: 0.2576 | Val Max Gen Viol: 0.0000 | Val Max Thermal: 0.0000
Epoch 6680 | Val Loss: 32.3195 | Val Cost: 2192.02 | Val Max P-Miss: 0.2903 | Val Max Q-Miss: 0.2724 | Val Max Gen Viol: 0.0000 | Val Max Thermal: 0.0000
Epoch 6690 | Val Loss: 20.2233 | Val Cost: 2199.00 | Val Max P-Miss: 0.2867 | Val Max Q-Miss: 0.1442 | Val Max Gen Viol: 0.0000 | Val Max Thermal: 0.0000
Epoch 6700 | Val Loss: 22.8293 | Val Cost: 2171.85 | Val Max P-Miss: 0.2905 | Val Max Q-Miss: 0.1433 | Val Max Gen Viol: 0.0000 | Val Max Thermal: 0.0000
Epoch 6710 | Val Loss: 15.6485 | Val Cost: 2166.43 | Val Max P-Miss: 0.2224 | Val Max Q-Miss: 0.0968 | Val Max Gen Viol: 0.0000 | Val Max Thermal: 0.0000
Epoch 6720 | Val Loss: 23.9906 | Val Cost: 2134.10 | Val Max P-Miss: 0.1980 | Val Max Q-Miss: 0.1168 | Val Max Gen Viol: 0.0000 | Val Max Thermal: 0.0000
Epoch 6730 | Val Loss: 24.4863 | Val Cost: 2147.28 | Val Max P-Miss: 0.2818 | Val Max Q-Miss: 0.1349 | Val Max Gen Viol: 0.0000 | Val Max Thermal: 0.0000
Epoch 6740 | Val Loss: 25.0679 | Val Cost: 2134.73 | Val Max P-Miss: 0.2999 | Val Max Q-Miss: 0.0942 | Val Max Gen Viol: 0.0000 | Val Max Thermal: 0.0000
Epoch 6750 | Val Loss: 21.7830 | Val Cost: 2177.08 | Val Max P-Miss: 0.2631 | Val Max Q-Miss: 0.1232 | Val Max Gen Viol: 0.0000 | Val Max Thermal: 0.0000
Epoch 6760 | Val Loss: 26.7422 | Val Cost: 2161.90 | Val Max P-Miss: 0.2492 | Val Max Q-Miss: 0.1236 | Val Max Gen Viol: 0.0000 | Val Max Thermal: 0.0000
Epoch 6770 | Val Loss: 16.4289 | Val Cost: 2157.54 | Val Max P-Miss: 0.2216 | Val Max Q-Miss: 0.0849 | Val Max Gen Viol: 0.0000 | Val Max Thermal: 0.0000
Epoch 6780 | Val Loss: 24.3180 | Val Cost: 2156.51 | Val Max P-Miss: 0.2922 | Val Max Q-Miss: 0.1126 | Val Max Gen Viol: 0.0000 | Val Max Thermal: 0.0000
Epoch 6790 | Val Loss: 19.4652 | Val Cost: 2126.81 | Val Max P-Miss: 0.2486 | Val Max Q-Miss: 0.1194 | Val Max Gen Viol: 0.0000 | Val Max Thermal: 0.0000
Epoch 6800 | Val Loss: 26.7167 | Val Cost: 2093.46 | Val Max P-Miss: 0.2494 | Val Max Q-Miss: 0.1816 | Val Max Gen Viol: 0.0000 | Val Max Thermal: 0.0000
Epoch 6810 | Val Loss: 24.8298 | Val Cost: 2211.90 | Val Max P-Miss: 0.2165 | Val Max Q-Miss: 0.1754 | Val Max Gen Viol: 0.0000 | Val Max Thermal: 0.0000
Epoch 6820 | Val Loss: 22.9229 | Val Cost: 2155.38 | Val Max P-Miss: 0.1569 | Val Max Q-Miss: 0.0718 | Val Max Gen Viol: 0.0000 | Val Max Thermal: 0.0000
Epoch 6830 | Val Loss: 24.1128 | Val Cost: 2161.88 | Val Max P-Miss: 0.2448 | Val Max Q-Miss: 0.1247 | Val Max Gen Viol: 0.0000 | Val Max Thermal: 0.0000
Epoch 6840 | Val Loss: 21.8941 | Val Cost: 2167.02 | Val Max P-Miss: 0.1676 | Val Max Q-Miss: 0.1352 | Val Max Gen Viol: 0.0000 | Val Max Thermal: 0.0000
Epoch 6850 | Val Loss: 45.6011 | Val Cost: 2155.72 | Val Max P-Miss: 0.3209 | Val Max Q-Miss: 0.2742 | Val Max Gen Viol: 0.0000 | Val Max Thermal: 0.0000
Epoch 6860 | Val Loss: 39.2258 | Val Cost: 2198.38 | Val Max P-Miss: 0.3284 | Val Max Q-Miss: 0.2534 | Val Max Gen Viol: 0.0000 | Val Max Thermal: 0.0000
Epoch 6870 | Val Loss: 18.9189 | Val Cost: 2156.82 | Val Max P-Miss: 0.2490 | Val Max Q-Miss: 0.1104 | Val Max Gen Viol: 0.0000 | Val Max Thermal: 0.0000
Epoch 6880 | Val Loss: 19.2750 | Val Cost: 2168.93 | Val Max P-Miss: 0.1953 | Val Max Q-Miss: 0.1179 | Val Max Gen Viol: 0.0000 | Val Max Thermal: 0.0000
Epoch 6890 | Val Loss: 24.3242 | Val Cost: 2163.67 | Val Max P-Miss: 0.2388 | Val Max Q-Miss: 0.1328 | Val Max Gen Viol: 0.0000 | Val Max Thermal: 0.0000
Epoch 6900 | Val Loss: 21.1377 | Val Cost: 2143.48 | Val Max P-Miss: 0.2524 | Val Max Q-Miss: 0.1138 | Val Max Gen Viol: 0.0000 | Val Max Thermal: 0.0000
Epoch 6910 | Val Loss: 20.5900 | Val Cost: 2127.89 | Val Max P-Miss: 0.2406 | Val Max Q-Miss: 0.1067 | Val Max Gen Viol: 0.0000 | Val Max Thermal: 0.0000
Epoch 6920 | Val Loss: 20.3734 | Val Cost: 2121.06 | Val Max P-Miss: 0.2327 | Val Max Q-Miss: 0.1021 | Val Max Gen Viol: 0.0000 | Val Max Thermal: 0.0000
Epoch 6930 | Val Loss: 20.1092 | Val Cost: 2117.17 | Val Max P-Miss: 0.2265 | Val Max Q-Miss: 0.0962 | Val Max Gen Viol: 0.0000 | Val Max Thermal: 0.0000
Epoch 6940 | Val Loss: 19.9109 | Val Cost: 2116.05 | Val Max P-Miss: 0.2224 | Val Max Q-Miss: 0.0914 | Val Max Gen Viol: 0.0000 | Val Max Thermal: 0.0000
Epoch 6950 | Val Loss: 19.7923 | Val Cost: 2116.40 | Val Max P-Miss: 0.2208 | Val Max Q-Miss: 0.0886 | Val Max Gen Viol: 0.0000 | Val Max Thermal: 0.0000
Epoch 6960 | Val Loss: 19.7991 | Val Cost: 2117.84 | Val Max P-Miss: 0.2065 | Val Max Q-Miss: 0.0853 | Val Max Gen Viol: 0.0000 | Val Max Thermal: 0.0000
Epoch 6970 | Val Loss: 26.1293 | Val Cost: 2094.14 | Val Max P-Miss: 0.2917 | Val Max Q-Miss: 0.1991 | Val Max Gen Viol: 0.0000 | Val Max Thermal: 0.0000
Epoch 6980 | Val Loss: 29.3753 | Val Cost: 2104.72 | Val Max P-Miss: 0.3123 | Val Max Q-Miss: 0.1952 | Val Max Gen Viol: 0.0000 | Val Max Thermal: 0.0000
Epoch 6990 | Val Loss: 17.9604 | Val Cost: 2077.80 | Val Max P-Miss: 0.1961 | Val Max Q-Miss: 0.1667 | Val Max Gen Viol: 0.0000 | Val Max Thermal: 0.0000
Epoch 7000 | Val Loss: 43.6512 | Val Cost: 2201.63 | Val Max P-Miss: 0.1997 | Val Max Q-Miss: 0.2429 | Val Max Gen Viol: 0.0000 | Val Max Thermal: 0.0000
Epoch 7010 | Val Loss: 34.3927 | Val Cost: 2202.30 | Val Max P-Miss: 0.2478 | Val Max Q-Miss: 0.2409 | Val Max Gen Viol: 0.0000 | Val Max Thermal: 0.0000
Epoch 7020 | Val Loss: 23.1076 | Val Cost: 2153.77 | Val Max P-Miss: 0.2790 | Val Max Q-Miss: 0.1532 | Val Max Gen Viol: 0.0000 | Val Max Thermal: 0.0000
Epoch 7030 | Val Loss: 33.6983 | Val Cost: 2150.77 | Val Max P-Miss: 0.3399 | Val Max Q-Miss: 0.1807 | Val Max Gen Viol: 0.0000 | Val Max Thermal: 0.0000
Epoch 7040 | Val Loss: 25.2670 | Val Cost: 2152.22 | Val Max P-Miss: 0.2201 | Val Max Q-Miss: 0.0824 | Val Max Gen Viol: 0.0000 | Val Max Thermal: 0.0000
Epoch 7050 | Val Loss: 17.4080 | Val Cost: 2195.91 | Val Max P-Miss: 0.1409 | Val Max Q-Miss: 0.1043 | Val Max Gen Viol: 0.0000 | Val Max Thermal: 0.0000
Epoch 7060 | Val Loss: 23.4454 | Val Cost: 2190.39 | Val Max P-Miss: 0.2438 | Val Max Q-Miss: 0.1111 | Val Max Gen Viol: 0.0000 | Val Max Thermal: 0.0000
Epoch 7070 | Val Loss: 28.9931 | Val Cost: 2159.96 | Val Max P-Miss: 0.4033 | Val Max Q-Miss: 0.1797 | Val Max Gen Viol: 0.0000 | Val Max Thermal: 0.0000
Epoch 7080 | Val Loss: 21.1941 | Val Cost: 2165.73 | Val Max P-Miss: 0.2336 | Val Max Q-Miss: 0.1169 | Val Max Gen Viol: 0.0000 | Val Max Thermal: 0.0000
Epoch 7090 | Val Loss: 20.8123 | Val Cost: 2142.16 | Val Max P-Miss: 0.1487 | Val Max Q-Miss: 0.0993 | Val Max Gen Viol: 0.0000 | Val Max Thermal: 0.0000
Epoch 7100 | Val Loss: 17.1188 | Val Cost: 2192.67 | Val Max P-Miss: 0.2207 | Val Max Q-Miss: 0.1511 | Val Max Gen Viol: 0.0000 | Val Max Thermal: 0.0000
Epoch 7110 | Val Loss: 14.5932 | Val Cost: 2147.52 | Val Max P-Miss: 0.2191 | Val Max Q-Miss: 0.0973 | Val Max Gen Viol: 0.0000 | Val Max Thermal: 0.0000
Epoch 7120 | Val Loss: 14.1136 | Val Cost: 2131.46 | Val Max P-Miss: 0.2098 | Val Max Q-Miss: 0.0883 | Val Max Gen Viol: 0.0000 | Val Max Thermal: 0.0000 [*SAVED BEST*]
Epoch 7130 | Val Loss: 13.6746 | Val Cost: 2124.98 | Val Max P-Miss: 0.2056 | Val Max Q-Miss: 0.0791 | Val Max Gen Viol: 0.0000 | Val Max Thermal: 0.0000 [*SAVED BEST*]
Epoch 7140 | Val Loss: 13.7811 | Val Cost: 2124.60 | Val Max P-Miss: 0.2023 | Val Max Q-Miss: 0.0739 | Val Max Gen Viol: 0.0000 | Val Max Thermal: 0.0000
Epoch 7150 | Val Loss: 13.6249 | Val Cost: 2124.04 | Val Max P-Miss: 0.1984 | Val Max Q-Miss: 0.0721 | Val Max Gen Viol: 0.0000 | Val Max Thermal: 0.0000 [*SAVED BEST*]
Epoch 7160 | Val Loss: 13.3394 | Val Cost: 2123.22 | Val Max P-Miss: 0.1964 | Val Max Q-Miss: 0.0687 | Val Max Gen Viol: 0.0000 | Val Max Thermal: 0.0000 [*SAVED BEST*]
Epoch 7170 | Val Loss: 12.5129 | Val Cost: 2122.70 | Val Max P-Miss: 0.1386 | Val Max Q-Miss: 0.0833 | Val Max Gen Viol: 0.0000 | Val Max Thermal: 0.0000 [*SAVED BEST*]
Epoch 7180 | Val Loss: 58.7361 | Val Cost: 2187.32 | Val Max P-Miss: 0.2287 | Val Max Q-Miss: 0.4311 | Val Max Gen Viol: 0.0000 | Val Max Thermal: 0.0000
Epoch 7190 | Val Loss: 44.5978 | Val Cost: 2227.66 | Val Max P-Miss: 0.4799 | Val Max Q-Miss: 0.2180 | Val Max Gen Viol: 0.0000 | Val Max Thermal: 0.0000
Epoch 7200 | Val Loss: 19.0630 | Val Cost: 2179.88 | Val Max P-Miss: 0.2514 | Val Max Q-Miss: 0.1134 | Val Max Gen Viol: 0.0000 | Val Max Thermal: 0.0000
Epoch 7210 | Val Loss: 19.3954 | Val Cost: 2158.19 | Val Max P-Miss: 0.2090 | Val Max Q-Miss: 0.0998 | Val Max Gen Viol: 0.0000 | Val Max Thermal: 0.0000
Epoch 7220 | Val Loss: 16.5789 | Val Cost: 2216.43 | Val Max P-Miss: 0.2057 | Val Max Q-Miss: 0.1064 | Val Max Gen Viol: 0.0000 | Val Max Thermal: 0.0000
Epoch 7230 | Val Loss: 13.9559 | Val Cost: 2150.65 | Val Max P-Miss: 0.1992 | Val Max Q-Miss: 0.0946 | Val Max Gen Viol: 0.0000 | Val Max Thermal: 0.0000
Epoch 7240 | Val Loss: 13.7940 | Val Cost: 2137.14 | Val Max P-Miss: 0.1965 | Val Max Q-Miss: 0.0864 | Val Max Gen Viol: 0.0000 | Val Max Thermal: 0.0000
Epoch 7250 | Val Loss: 13.5079 | Val Cost: 2129.70 | Val Max P-Miss: 0.1943 | Val Max Q-Miss: 0.0832 | Val Max Gen Viol: 0.0000 | Val Max Thermal: 0.0000
Epoch 7260 | Val Loss: 13.5525 | Val Cost: 2124.56 | Val Max P-Miss: 0.1933 | Val Max Q-Miss: 0.0784 | Val Max Gen Viol: 0.0000 | Val Max Thermal: 0.0000
Epoch 7270 | Val Loss: 48.7860 | Val Cost: 2187.25 | Val Max P-Miss: 0.4077 | Val Max Q-Miss: 0.3258 | Val Max Gen Viol: 0.0000 | Val Max Thermal: 0.0000
Epoch 7280 | Val Loss: 46.9286 | Val Cost: 2156.06 | Val Max P-Miss: 0.4066 | Val Max Q-Miss: 0.2263 | Val Max Gen Viol: 0.0000 | Val Max Thermal: 0.0000
Epoch 7290 | Val Loss: 24.6915 | Val Cost: 2145.95 | Val Max P-Miss: 0.2213 | Val Max Q-Miss: 0.1139 | Val Max Gen Viol: 0.0000 | Val Max Thermal: 0.0000
Epoch 7300 | Val Loss: 22.6970 | Val Cost: 2109.98 | Val Max P-Miss: 0.1968 | Val Max Q-Miss: 0.1389 | Val Max Gen Viol: 0.0000 | Val Max Thermal: 0.0000
Epoch 7310 | Val Loss: 23.2127 | Val Cost: 2208.08 | Val Max P-Miss: 0.2991 | Val Max Q-Miss: 0.1569 | Val Max Gen Viol: 0.0000 | Val Max Thermal: 0.0000
Epoch 7320 | Val Loss: 19.2696 | Val Cost: 2162.04 | Val Max P-Miss: 0.2108 | Val Max Q-Miss: 0.1178 | Val Max Gen Viol: 0.0000 | Val Max Thermal: 0.0000
Epoch 7330 | Val Loss: 21.6888 | Val Cost: 2138.57 | Val Max P-Miss: 0.2703 | Val Max Q-Miss: 0.1504 | Val Max Gen Viol: 0.0000 | Val Max Thermal: 0.0000
Epoch 7340 | Val Loss: 31.9968 | Val Cost: 2168.43 | Val Max P-Miss: 0.2936 | Val Max Q-Miss: 0.1635 | Val Max Gen Viol: 0.0000 | Val Max Thermal: 0.0000
Epoch 7350 | Val Loss: 22.5066 | Val Cost: 2105.68 | Val Max P-Miss: 0.2610 | Val Max Q-Miss: 0.1283 | Val Max Gen Viol: 0.0000 | Val Max Thermal: 0.0000
Epoch 7360 | Val Loss: 49.2580 | Val Cost: 2143.83 | Val Max P-Miss: 0.4998 | Val Max Q-Miss: 0.2030 | Val Max Gen Viol: 0.0000 | Val Max Thermal: 0.0000
Epoch 7370 | Val Loss: 17.2294 | Val Cost: 2167.25 | Val Max P-Miss: 0.1610 | Val Max Q-Miss: 0.1262 | Val Max Gen Viol: 0.0000 | Val Max Thermal: 0.0000
Epoch 7380 | Val Loss: 34.0293 | Val Cost: 2206.47 | Val Max P-Miss: 0.4110 | Val Max Q-Miss: 0.1730 | Val Max Gen Viol: 0.0000 | Val Max Thermal: 0.0000
Epoch 7390 | Val Loss: 21.9916 | Val Cost: 2145.55 | Val Max P-Miss: 0.2882 | Val Max Q-Miss: 0.1589 | Val Max Gen Viol: 0.0000 | Val Max Thermal: 0.0000
Epoch 7400 | Val Loss: 23.3193 | Val Cost: 2123.51 | Val Max P-Miss: 0.2721 | Val Max Q-Miss: 0.1475 | Val Max Gen Viol: 0.0000 | Val Max Thermal: 0.0000
Epoch 7410 | Val Loss: 21.6433 | Val Cost: 2115.86 | Val Max P-Miss: 0.2571 | Val Max Q-Miss: 0.1429 | Val Max Gen Viol: 0.0000 | Val Max Thermal: 0.0000
Epoch 7420 | Val Loss: 19.9812 | Val Cost: 2117.23 | Val Max P-Miss: 0.2374 | Val Max Q-Miss: 0.1393 | Val Max Gen Viol: 0.0000 | Val Max Thermal: 0.0000
Epoch 7430 | Val Loss: 20.9893 | Val Cost: 2118.25 | Val Max P-Miss: 0.2125 | Val Max Q-Miss: 0.1837 | Val Max Gen Viol: 0.0000 | Val Max Thermal: 0.0000
Epoch 7440 | Val Loss: 19.9984 | Val Cost: 2115.82 | Val Max P-Miss: 0.2084 | Val Max Q-Miss: 0.1696 | Val Max Gen Viol: 0.0000 | Val Max Thermal: 0.0000
Epoch 7450 | Val Loss: 24.0337 | Val Cost: 2204.02 | Val Max P-Miss: 0.2609 | Val Max Q-Miss: 0.0755 | Val Max Gen Viol: 0.0000 | Val Max Thermal: 0.0000
Epoch 7460 | Val Loss: 48.8469 | Val Cost: 2155.60 | Val Max P-Miss: 0.4145 | Val Max Q-Miss: 0.1041 | Val Max Gen Viol: 0.0000 | Val Max Thermal: 0.0000
Epoch 7470 | Val Loss: 34.8260 | Val Cost: 2128.87 | Val Max P-Miss: 0.2364 | Val Max Q-Miss: 0.2051 | Val Max Gen Viol: 0.0000 | Val Max Thermal: 0.0000
Epoch 7480 | Val Loss: 34.0160 | Val Cost: 2207.87 | Val Max P-Miss: 0.3994 | Val Max Q-Miss: 0.1022 | Val Max Gen Viol: 0.0000 | Val Max Thermal: 0.0000
Epoch 7490 | Val Loss: 28.0890 | Val Cost: 2161.87 | Val Max P-Miss: 0.2318 | Val Max Q-Miss: 0.2024 | Val Max Gen Viol: 0.0000 | Val Max Thermal: 0.0000
Epoch 7500 | Val Loss: 22.7358 | Val Cost: 2142.29 | Val Max P-Miss: 0.2540 | Val Max Q-Miss: 0.1268 | Val Max Gen Viol: 0.0000 | Val Max Thermal: 0.0000
Epoch 7510 | Val Loss: 16.2061 | Val Cost: 2144.32 | Val Max P-Miss: 0.1561 | Val Max Q-Miss: 0.0738 | Val Max Gen Viol: 0.0000 | Val Max Thermal: 0.0000
Epoch 7520 | Val Loss: 20.1102 | Val Cost: 2153.24 | Val Max P-Miss: 0.2235 | Val Max Q-Miss: 0.1253 | Val Max Gen Viol: 0.0000 | Val Max Thermal: 0.0000
Epoch 7530 | Val Loss: 21.6529 | Val Cost: 2202.56 | Val Max P-Miss: 0.2338 | Val Max Q-Miss: 0.1254 | Val Max Gen Viol: 0.0000 | Val Max Thermal: 0.0000
Epoch 7540 | Val Loss: 28.1500 | Val Cost: 2161.66 | Val Max P-Miss: 0.1932 | Val Max Q-Miss: 0.1372 | Val Max Gen Viol: 0.0000 | Val Max Thermal: 0.0000
Epoch 7550 | Val Loss: 19.7755 | Val Cost: 2150.69 | Val Max P-Miss: 0.2388 | Val Max Q-Miss: 0.1272 | Val Max Gen Viol: 0.0000 | Val Max Thermal: 0.0000
Epoch 7560 | Val Loss: 19.4164 | Val Cost: 2134.75 | Val Max P-Miss: 0.2244 | Val Max Q-Miss: 0.1215 | Val Max Gen Viol: 0.0000 | Val Max Thermal: 0.0000
Epoch 7570 | Val Loss: 19.2774 | Val Cost: 2126.81 | Val Max P-Miss: 0.2178 | Val Max Q-Miss: 0.1171 | Val Max Gen Viol: 0.0000 | Val Max Thermal: 0.0000
Epoch 7580 | Val Loss: 19.4693 | Val Cost: 2123.80 | Val Max P-Miss: 0.2147 | Val Max Q-Miss: 0.1085 | Val Max Gen Viol: 0.0000 | Val Max Thermal: 0.0000
Epoch 7590 | Val Loss: 20.0077 | Val Cost: 2123.39 | Val Max P-Miss: 0.2086 | Val Max Q-Miss: 0.1072 | Val Max Gen Viol: 0.0000 | Val Max Thermal: 0.0000
Epoch 7600 | Val Loss: 20.7099 | Val Cost: 2122.73 | Val Max P-Miss: 0.2029 | Val Max Q-Miss: 0.1045 | Val Max Gen Viol: 0.0000 | Val Max Thermal: 0.0000
Epoch 7610 | Val Loss: 21.2138 | Val Cost: 2122.28 | Val Max P-Miss: 0.1975 | Val Max Q-Miss: 0.1083 | Val Max Gen Viol: 0.0000 | Val Max Thermal: 0.0000
Epoch 7620 | Val Loss: 22.0499 | Val Cost: 2121.77 | Val Max P-Miss: 0.1961 | Val Max Q-Miss: 0.1043 | Val Max Gen Viol: 0.0000 | Val Max Thermal: 0.0000
Epoch 7630 | Val Loss: 22.1525 | Val Cost: 2123.24 | Val Max P-Miss: 0.1924 | Val Max Q-Miss: 0.1051 | Val Max Gen Viol: 0.0000 | Val Max Thermal: 0.0000
Epoch 7640 | Val Loss: 18.8379 | Val Cost: 2127.71 | Val Max P-Miss: 0.1894 | Val Max Q-Miss: 0.1049 | Val Max Gen Viol: 0.0000 | Val Max Thermal: 0.0000
Epoch 7650 | Val Loss: 19.9718 | Val Cost: 2124.88 | Val Max P-Miss: 0.1873 | Val Max Q-Miss: 0.1045 | Val Max Gen Viol: 0.0000 | Val Max Thermal: 0.0000
Epoch 7660 | Val Loss: 21.2233 | Val Cost: 2128.93 | Val Max P-Miss: 0.1854 | Val Max Q-Miss: 0.1064 | Val Max Gen Viol: 0.0000 | Val Max Thermal: 0.0000
Epoch 7670 | Val Loss: 22.5231 | Val Cost: 2131.64 | Val Max P-Miss: 0.2014 | Val Max Q-Miss: 0.0737 | Val Max Gen Viol: 0.0000 | Val Max Thermal: 0.0000
Epoch 7680 | Val Loss: 25.6576 | Val Cost: 2123.30 | Val Max P-Miss: 0.1655 | Val Max Q-Miss: 0.2274 | Val Max Gen Viol: 0.0000 | Val Max Thermal: 0.0000
Epoch 7690 | Val Loss: 26.2101 | Val Cost: 2145.08 | Val Max P-Miss: 0.3167 | Val Max Q-Miss: 0.1834 | Val Max Gen Viol: 0.0000 | Val Max Thermal: 0.0000
Epoch 7700 | Val Loss: 52.4792 | Val Cost: 2095.07 | Val Max P-Miss: 0.3277 | Val Max Q-Miss: 0.2872 | Val Max Gen Viol: 0.0000 | Val Max Thermal: 0.0000
Epoch 7710 | Val Loss: 63.1529 | Val Cost: 2139.38 | Val Max P-Miss: 0.4469 | Val Max Q-Miss: 0.2608 | Val Max Gen Viol: 0.0000 | Val Max Thermal: 0.0000
Epoch 7720 | Val Loss: 24.2199 | Val Cost: 2144.05 | Val Max P-Miss: 0.2539 | Val Max Q-Miss: 0.1193 | Val Max Gen Viol: 0.0000 | Val Max Thermal: 0.0000
Epoch 7730 | Val Loss: 22.3103 | Val Cost: 2111.85 | Val Max P-Miss: 0.2563 | Val Max Q-Miss: 0.2100 | Val Max Gen Viol: 0.0000 | Val Max Thermal: 0.0000
Epoch 7740 | Val Loss: 20.3474 | Val Cost: 2151.45 | Val Max P-Miss: 0.2420 | Val Max Q-Miss: 0.1714 | Val Max Gen Viol: 0.0000 | Val Max Thermal: 0.0000
Epoch 7750 | Val Loss: 15.4542 | Val Cost: 2151.15 | Val Max P-Miss: 0.2223 | Val Max Q-Miss: 0.0833 | Val Max Gen Viol: 0.0000 | Val Max Thermal: 0.0000
Epoch 7760 | Val Loss: 14.5590 | Val Cost: 2144.53 | Val Max P-Miss: 0.2172 | Val Max Q-Miss: 0.0742 | Val Max Gen Viol: 0.0000 | Val Max Thermal: 0.0000
Epoch 7770 | Val Loss: 13.8325 | Val Cost: 2139.01 | Val Max P-Miss: 0.2110 | Val Max Q-Miss: 0.0700 | Val Max Gen Viol: 0.0000 | Val Max Thermal: 0.0000
Epoch 7780 | Val Loss: 13.1905 | Val Cost: 2136.41 | Val Max P-Miss: 0.2047 | Val Max Q-Miss: 0.0665 | Val Max Gen Viol: 0.0000 | Val Max Thermal: 0.0000
Epoch 7790 | Val Loss: 12.7339 | Val Cost: 2134.43 | Val Max P-Miss: 0.2023 | Val Max Q-Miss: 0.0623 | Val Max Gen Viol: 0.0000 | Val Max Thermal: 0.0000
Epoch 7800 | Val Loss: 12.5127 | Val Cost: 2132.89 | Val Max P-Miss: 0.1982 | Val Max Q-Miss: 0.0631 | Val Max Gen Viol: 0.0000 | Val Max Thermal: 0.0000 [*SAVED BEST*]
Epoch 7810 | Val Loss: 12.5412 | Val Cost: 2132.39 | Val Max P-Miss: 0.1949 | Val Max Q-Miss: 0.0614 | Val Max Gen Viol: 0.0000 | Val Max Thermal: 0.0000
Epoch 7820 | Val Loss: 12.3897 | Val Cost: 2131.58 | Val Max P-Miss: 0.1909 | Val Max Q-Miss: 0.0645 | Val Max Gen Viol: 0.0000 | Val Max Thermal: 0.0000 [*SAVED BEST*]
Epoch 7830 | Val Loss: 15.6587 | Val Cost: 2127.07 | Val Max P-Miss: 0.1780 | Val Max Q-Miss: 0.0568 | Val Max Gen Viol: 0.0000 | Val Max Thermal: 0.0000
Epoch 7840 | Val Loss: 61.8424 | Val Cost: 2136.49 | Val Max P-Miss: 0.5429 | Val Max Q-Miss: 0.0884 | Val Max Gen Viol: 0.0000 | Val Max Thermal: 0.0000
Epoch 7850 | Val Loss: 40.2725 | Val Cost: 2186.88 | Val Max P-Miss: 0.3070 | Val Max Q-Miss: 0.2737 | Val Max Gen Viol: 0.0000 | Val Max Thermal: 0.0000
Epoch 7860 | Val Loss: 34.6755 | Val Cost: 2170.46 | Val Max P-Miss: 0.4121 | Val Max Q-Miss: 0.2094 | Val Max Gen Viol: 0.0000 | Val Max Thermal: 0.0000
Epoch 7870 | Val Loss: 21.3112 | Val Cost: 2149.89 | Val Max P-Miss: 0.2920 | Val Max Q-Miss: 0.1705 | Val Max Gen Viol: 0.0000 | Val Max Thermal: 0.0000
Epoch 7880 | Val Loss: 23.5584 | Val Cost: 2123.93 | Val Max P-Miss: 0.3349 | Val Max Q-Miss: 0.1461 | Val Max Gen Viol: 0.0000 | Val Max Thermal: 0.0000
Epoch 7890 | Val Loss: 55.0980 | Val Cost: 2277.09 | Val Max P-Miss: 0.4696 | Val Max Q-Miss: 0.3081 | Val Max Gen Viol: 0.0000 | Val Max Thermal: 0.0000
Epoch 7900 | Val Loss: 18.1718 | Val Cost: 2177.35 | Val Max P-Miss: 0.1667 | Val Max Q-Miss: 0.1147 | Val Max Gen Viol: 0.0000 | Val Max Thermal: 0.0000
Epoch 7910 | Val Loss: 22.8251 | Val Cost: 2144.56 | Val Max P-Miss: 0.2852 | Val Max Q-Miss: 0.1447 | Val Max Gen Viol: 0.0000 | Val Max Thermal: 0.0000
Epoch 7920 | Val Loss: 25.8014 | Val Cost: 2151.22 | Val Max P-Miss: 0.2361 | Val Max Q-Miss: 0.1232 | Val Max Gen Viol: 0.0000 | Val Max Thermal: 0.0000
Epoch 7930 | Val Loss: 37.4734 | Val Cost: 2259.91 | Val Max P-Miss: 0.2990 | Val Max Q-Miss: 0.1284 | Val Max Gen Viol: 0.0000 | Val Max Thermal: 0.0000
Epoch 7940 | Val Loss: 47.7636 | Val Cost: 2174.71 | Val Max P-Miss: 0.2914 | Val Max Q-Miss: 0.2916 | Val Max Gen Viol: 0.0000 | Val Max Thermal: 0.0000
Epoch 7950 | Val Loss: 36.6709 | Val Cost: 2228.34 | Val Max P-Miss: 0.4088 | Val Max Q-Miss: 0.1913 | Val Max Gen Viol: 0.0000 | Val Max Thermal: 0.0000
Epoch 7960 | Val Loss: 30.4462 | Val Cost: 2168.78 | Val Max P-Miss: 0.3652 | Val Max Q-Miss: 0.1757 | Val Max Gen Viol: 0.0000 | Val Max Thermal: 0.0000
Epoch 7970 | Val Loss: 19.8235 | Val Cost: 2137.88 | Val Max P-Miss: 0.2483 | Val Max Q-Miss: 0.1316 | Val Max Gen Viol: 0.0000 | Val Max Thermal: 0.0000
Epoch 7980 | Val Loss: 14.9724 | Val Cost: 2248.18 | Val Max P-Miss: 0.2048 | Val Max Q-Miss: 0.1035 | Val Max Gen Viol: 0.0000 | Val Max Thermal: 0.0000
Epoch 7990 | Val Loss: 49.9235 | Val Cost: 2171.55 | Val Max P-Miss: 0.3800 | Val Max Q-Miss: 0.3409 | Val Max Gen Viol: 0.0000 | Val Max Thermal: 0.0000
Epoch 8000 | Val Loss: 37.8429 | Val Cost: 2169.05 | Val Max P-Miss: 0.3828 | Val Max Q-Miss: 0.1982 | Val Max Gen Viol: 0.0000 | Val Max Thermal: 0.0000
Epoch 8010 | Val Loss: 17.0455 | Val Cost: 2151.49 | Val Max P-Miss: 0.2289 | Val Max Q-Miss: 0.1021 | Val Max Gen Viol: 0.0000 | Val Max Thermal: 0.0000
Epoch 8020 | Val Loss: 13.0825 | Val Cost: 2138.33 | Val Max P-Miss: 0.2382 | Val Max Q-Miss: 0.0914 | Val Max Gen Viol: 0.0000 | Val Max Thermal: 0.0000
Epoch 8030 | Val Loss: 13.5815 | Val Cost: 2128.60 | Val Max P-Miss: 0.1869 | Val Max Q-Miss: 0.0758 | Val Max Gen Viol: 0.0000 | Val Max Thermal: 0.0000
Epoch 8040 | Val Loss: 15.1972 | Val Cost: 2129.36 | Val Max P-Miss: 0.2277 | Val Max Q-Miss: 0.0802 | Val Max Gen Viol: 0.0000 | Val Max Thermal: 0.0000
Epoch 8050 | Val Loss: 14.4429 | Val Cost: 2129.26 | Val Max P-Miss: 0.2234 | Val Max Q-Miss: 0.0714 | Val Max Gen Viol: 0.0000 | Val Max Thermal: 0.0000
Epoch 8060 | Val Loss: 13.7829 | Val Cost: 2129.43 | Val Max P-Miss: 0.2222 | Val Max Q-Miss: 0.0680 | Val Max Gen Viol: 0.0000 | Val Max Thermal: 0.0000
Epoch 8070 | Val Loss: 13.2940 | Val Cost: 2129.39 | Val Max P-Miss: 0.2205 | Val Max Q-Miss: 0.0634 | Val Max Gen Viol: 0.0000 | Val Max Thermal: 0.0000
Epoch 8080 | Val Loss: 12.7863 | Val Cost: 2129.54 | Val Max P-Miss: 0.2160 | Val Max Q-Miss: 0.0639 | Val Max Gen Viol: 0.0000 | Val Max Thermal: 0.0000
Epoch 8090 | Val Loss: 12.3882 | Val Cost: 2129.63 | Val Max P-Miss: 0.2142 | Val Max Q-Miss: 0.0616 | Val Max Gen Viol: 0.0000 | Val Max Thermal: 0.0000 [*SAVED BEST*]
Epoch 8100 | Val Loss: 75.4010 | Val Cost: 2048.99 | Val Max P-Miss: 0.3429 | Val Max Q-Miss: 0.3251 | Val Max Gen Viol: 0.0000 | Val Max Thermal: 0.0000
Epoch 8110 | Val Loss: 35.1817 | Val Cost: 2206.93 | Val Max P-Miss: 0.3389 | Val Max Q-Miss: 0.2817 | Val Max Gen Viol: 0.0000 | Val Max Thermal: 0.0000
Epoch 8120 | Val Loss: 17.7810 | Val Cost: 2153.13 | Val Max P-Miss: 0.2030 | Val Max Q-Miss: 0.1284 | Val Max Gen Viol: 0.0000 | Val Max Thermal: 0.0000
Epoch 8130 | Val Loss: 20.9589 | Val Cost: 2115.58 | Val Max P-Miss: 0.2877 | Val Max Q-Miss: 0.1603 | Val Max Gen Viol: 0.0000 | Val Max Thermal: 0.0000
Epoch 8140 | Val Loss: 22.8736 | Val Cost: 2146.39 | Val Max P-Miss: 0.2742 | Val Max Q-Miss: 0.1603 | Val Max Gen Viol: 0.0000 | Val Max Thermal: 0.0000
Epoch 8150 | Val Loss: 20.5591 | Val Cost: 2218.27 | Val Max P-Miss: 0.1652 | Val Max Q-Miss: 0.2319 | Val Max Gen Viol: 0.0000 | Val Max Thermal: 0.0000
Epoch 8160 | Val Loss: 20.2337 | Val Cost: 2198.49 | Val Max P-Miss: 0.2054 | Val Max Q-Miss: 0.0911 | Val Max Gen Viol: 0.0000 | Val Max Thermal: 0.0000
Epoch 8170 | Val Loss: 15.8161 | Val Cost: 2154.01 | Val Max P-Miss: 0.1869 | Val Max Q-Miss: 0.0930 | Val Max Gen Viol: 0.0000 | Val Max Thermal: 0.0000
Epoch 8180 | Val Loss: 21.9650 | Val Cost: 2176.34 | Val Max P-Miss: 0.2689 | Val Max Q-Miss: 0.1288 | Val Max Gen Viol: 0.0000 | Val Max Thermal: 0.0000
Epoch 8190 | Val Loss: 28.2776 | Val Cost: 2121.81 | Val Max P-Miss: 0.2882 | Val Max Q-Miss: 0.1666 | Val Max Gen Viol: 0.0000 | Val Max Thermal: 0.0000
Epoch 8200 | Val Loss: 18.3545 | Val Cost: 2137.66 | Val Max P-Miss: 0.2093 | Val Max Q-Miss: 0.0780 | Val Max Gen Viol: 0.0000 | Val Max Thermal: 0.0000
Epoch 8210 | Val Loss: 17.4670 | Val Cost: 2124.97 | Val Max P-Miss: 0.2092 | Val Max Q-Miss: 0.0871 | Val Max Gen Viol: 0.0000 | Val Max Thermal: 0.0000
Epoch 8220 | Val Loss: 16.8328 | Val Cost: 2123.05 | Val Max P-Miss: 0.2040 | Val Max Q-Miss: 0.0769 | Val Max Gen Viol: 0.0000 | Val Max Thermal: 0.0000
Epoch 8230 | Val Loss: 16.1404 | Val Cost: 2124.39 | Val Max P-Miss: 0.1996 | Val Max Q-Miss: 0.0725 | Val Max Gen Viol: 0.0000 | Val Max Thermal: 0.0000
Epoch 8240 | Val Loss: 15.7116 | Val Cost: 2125.42 | Val Max P-Miss: 0.1992 | Val Max Q-Miss: 0.0648 | Val Max Gen Viol: 0.0000 | Val Max Thermal: 0.0000
Epoch 8250 | Val Loss: 15.3410 | Val Cost: 2127.43 | Val Max P-Miss: 0.1961 | Val Max Q-Miss: 0.0635 | Val Max Gen Viol: 0.0000 | Val Max Thermal: 0.0000
Epoch 8260 | Val Loss: 14.9136 | Val Cost: 2127.63 | Val Max P-Miss: 0.1927 | Val Max Q-Miss: 0.0654 | Val Max Gen Viol: 0.0000 | Val Max Thermal: 0.0000
Epoch 8270 | Val Loss: 10.5532 | Val Cost: 2125.08 | Val Max P-Miss: 0.1414 | Val Max Q-Miss: 0.0606 | Val Max Gen Viol: 0.0000 | Val Max Thermal: 0.0000 [*SAVED BEST*]
Epoch 8280 | Val Loss: 36.0085 | Val Cost: 2178.43 | Val Max P-Miss: 0.3886 | Val Max Q-Miss: 0.2016 | Val Max Gen Viol: 0.0000 | Val Max Thermal: 0.0000
Epoch 8290 | Val Loss: 19.2924 | Val Cost: 2165.29 | Val Max P-Miss: 0.2111 | Val Max Q-Miss: 0.1347 | Val Max Gen Viol: 0.0000 | Val Max Thermal: 0.0000
Epoch 8300 | Val Loss: 24.6544 | Val Cost: 2150.24 | Val Max P-Miss: 0.2828 | Val Max Q-Miss: 0.1645 | Val Max Gen Viol: 0.0000 | Val Max Thermal: 0.0000
Epoch 8310 | Val Loss: 15.7344 | Val Cost: 2156.12 | Val Max P-Miss: 0.1689 | Val Max Q-Miss: 0.1270 | Val Max Gen Viol: 0.0000 | Val Max Thermal: 0.0000
Epoch 8320 | Val Loss: 15.6126 | Val Cost: 2154.50 | Val Max P-Miss: 0.2007 | Val Max Q-Miss: 0.0460 | Val Max Gen Viol: 0.0000 | Val Max Thermal: 0.0000
Epoch 8330 | Val Loss: 15.2459 | Val Cost: 2145.55 | Val Max P-Miss: 0.1926 | Val Max Q-Miss: 0.0582 | Val Max Gen Viol: 0.0000 | Val Max Thermal: 0.0000
Epoch 8340 | Val Loss: 17.7620 | Val Cost: 2206.25 | Val Max P-Miss: 0.1736 | Val Max Q-Miss: 0.1276 | Val Max Gen Viol: 0.0000 | Val Max Thermal: 0.0000
Epoch 8350 | Val Loss: 59.2765 | Val Cost: 2175.72 | Val Max P-Miss: 0.5726 | Val Max Q-Miss: 0.1602 | Val Max Gen Viol: 0.0000 | Val Max Thermal: 0.0000
Epoch 8360 | Val Loss: 22.9126 | Val Cost: 2166.39 | Val Max P-Miss: 0.2448 | Val Max Q-Miss: 0.1526 | Val Max Gen Viol: 0.0000 | Val Max Thermal: 0.0000
Epoch 8370 | Val Loss: 29.6161 | Val Cost: 2130.19 | Val Max P-Miss: 0.3681 | Val Max Q-Miss: 0.2078 | Val Max Gen Viol: 0.0000 | Val Max Thermal: 0.0000
Epoch 8380 | Val Loss: 90.2340 | Val Cost: 2243.06 | Val Max P-Miss: 0.5332 | Val Max Q-Miss: 0.2920 | Val Max Gen Viol: 0.0000 | Val Max Thermal: 0.0000
Epoch 8390 | Val Loss: 34.6952 | Val Cost: 2225.43 | Val Max P-Miss: 0.3418 | Val Max Q-Miss: 0.1435 | Val Max Gen Viol: 0.0000 | Val Max Thermal: 0.0000
Epoch 8400 | Val Loss: 26.8989 | Val Cost: 2163.04 | Val Max P-Miss: 0.3164 | Val Max Q-Miss: 0.1563 | Val Max Gen Viol: 0.0000 | Val Max Thermal: 0.0000
Epoch 8410 | Val Loss: 26.7508 | Val Cost: 2136.82 | Val Max P-Miss: 0.2181 | Val Max Q-Miss: 0.1480 | Val Max Gen Viol: 0.0000 | Val Max Thermal: 0.0000
Epoch 8420 | Val Loss: 17.3269 | Val Cost: 2172.86 | Val Max P-Miss: 0.1580 | Val Max Q-Miss: 0.1098 | Val Max Gen Viol: 0.0000 | Val Max Thermal: 0.0000
Epoch 8430 | Val Loss: 23.4575 | Val Cost: 2155.40 | Val Max P-Miss: 0.3197 | Val Max Q-Miss: 0.1646 | Val Max Gen Viol: 0.0000 | Val Max Thermal: 0.0000
Epoch 8440 | Val Loss: 18.5140 | Val Cost: 2138.36 | Val Max P-Miss: 0.2532 | Val Max Q-Miss: 0.1467 | Val Max Gen Viol: 0.0000 | Val Max Thermal: 0.0000
Epoch 8450 | Val Loss: 17.4150 | Val Cost: 2123.82 | Val Max P-Miss: 0.2314 | Val Max Q-Miss: 0.1457 | Val Max Gen Viol: 0.0000 | Val Max Thermal: 0.0000
Epoch 8460 | Val Loss: 16.8197 | Val Cost: 2124.25 | Val Max P-Miss: 0.2112 | Val Max Q-Miss: 0.1518 | Val Max Gen Viol: 0.0000 | Val Max Thermal: 0.0000
Epoch 8470 | Val Loss: 16.1819 | Val Cost: 2125.05 | Val Max P-Miss: 0.1886 | Val Max Q-Miss: 0.1617 | Val Max Gen Viol: 0.0000 | Val Max Thermal: 0.0000
Epoch 8480 | Val Loss: 15.9690 | Val Cost: 2129.59 | Val Max P-Miss: 0.1716 | Val Max Q-Miss: 0.1698 | Val Max Gen Viol: 0.0000 | Val Max Thermal: 0.0000
Epoch 8490 | Val Loss: 15.7698 | Val Cost: 2131.26 | Val Max P-Miss: 0.1740 | Val Max Q-Miss: 0.1564 | Val Max Gen Viol: 0.0000 | Val Max Thermal: 0.0000
Epoch 8500 | Val Loss: 15.8269 | Val Cost: 2132.40 | Val Max P-Miss: 0.1711 | Val Max Q-Miss: 0.1551 | Val Max Gen Viol: 0.0000 | Val Max Thermal: 0.0000
Epoch 8510 | Val Loss: 15.9302 | Val Cost: 2131.48 | Val Max P-Miss: 0.1756 | Val Max Q-Miss: 0.1393 | Val Max Gen Viol: 0.0000 | Val Max Thermal: 0.0000
Epoch 8520 | Val Loss: 15.7962 | Val Cost: 2126.44 | Val Max P-Miss: 0.1827 | Val Max Q-Miss: 0.1209 | Val Max Gen Viol: 0.0000 | Val Max Thermal: 0.0000
Epoch 8530 | Val Loss: 15.7006 | Val Cost: 2128.40 | Val Max P-Miss: 0.1987 | Val Max Q-Miss: 0.0842 | Val Max Gen Viol: 0.0000 | Val Max Thermal: 0.0000
Epoch 8540 | Val Loss: 15.7818 | Val Cost: 2122.16 | Val Max P-Miss: 0.1881 | Val Max Q-Miss: 0.1011 | Val Max Gen Viol: 0.0000 | Val Max Thermal: 0.0000
Epoch 8550 | Val Loss: 15.5851 | Val Cost: 2125.46 | Val Max P-Miss: 0.1901 | Val Max Q-Miss: 0.0897 | Val Max Gen Viol: 0.0000 | Val Max Thermal: 0.0000
Epoch 8560 | Val Loss: 16.1192 | Val Cost: 2117.88 | Val Max P-Miss: 0.1890 | Val Max Q-Miss: 0.1051 | Val Max Gen Viol: 0.0000 | Val Max Thermal: 0.0000
Epoch 8570 | Val Loss: 16.0271 | Val Cost: 2117.78 | Val Max P-Miss: 0.1817 | Val Max Q-Miss: 0.1045 | Val Max Gen Viol: 0.0000 | Val Max Thermal: 0.0000
Epoch 8580 | Val Loss: 15.4289 | Val Cost: 2119.35 | Val Max P-Miss: 0.1805 | Val Max Q-Miss: 0.1021 | Val Max Gen Viol: 0.0000 | Val Max Thermal: 0.0000
Epoch 8590 | Val Loss: 15.2060 | Val Cost: 2123.02 | Val Max P-Miss: 0.1781 | Val Max Q-Miss: 0.1052 | Val Max Gen Viol: 0.0000 | Val Max Thermal: 0.0000
Epoch 8600 | Val Loss: 15.3414 | Val Cost: 2122.72 | Val Max P-Miss: 0.1768 | Val Max Q-Miss: 0.1041 | Val Max Gen Viol: 0.0000 | Val Max Thermal: 0.0000
Epoch 8610 | Val Loss: 15.3695 | Val Cost: 2120.43 | Val Max P-Miss: 0.1821 | Val Max Q-Miss: 0.1019 | Val Max Gen Viol: 0.0000 | Val Max Thermal: 0.0000
Epoch 8620 | Val Loss: 15.6032 | Val Cost: 2118.40 | Val Max P-Miss: 0.1807 | Val Max Q-Miss: 0.1023 | Val Max Gen Viol: 0.0000 | Val Max Thermal: 0.0000
Epoch 8630 | Val Loss: 15.5241 | Val Cost: 2125.25 | Val Max P-Miss: 0.1796 | Val Max Q-Miss: 0.0945 | Val Max Gen Viol: 0.0000 | Val Max Thermal: 0.0000
Epoch 8640 | Val Loss: 14.9728 | Val Cost: 2127.66 | Val Max P-Miss: 0.1780 | Val Max Q-Miss: 0.0978 | Val Max Gen Viol: 0.0000 | Val Max Thermal: 0.0000
Epoch 8650 | Val Loss: 60.3852 | Val Cost: 2290.09 | Val Max P-Miss: 0.4699 | Val Max Q-Miss: 0.2963 | Val Max Gen Viol: 0.0000 | Val Max Thermal: 0.0000
Epoch 8660 | Val Loss: 27.2885 | Val Cost: 2238.28 | Val Max P-Miss: 0.2542 | Val Max Q-Miss: 0.1380 | Val Max Gen Viol: 0.0000 | Val Max Thermal: 0.0000
Epoch 8670 | Val Loss: 28.2561 | Val Cost: 2219.90 | Val Max P-Miss: 0.3293 | Val Max Q-Miss: 0.1972 | Val Max Gen Viol: 0.0000 | Val Max Thermal: 0.0000
Epoch 8680 | Val Loss: 19.7092 | Val Cost: 2189.35 | Val Max P-Miss: 0.2540 | Val Max Q-Miss: 0.1338 | Val Max Gen Viol: 0.0000 | Val Max Thermal: 0.0000
Epoch 8690 | Val Loss: 33.8334 | Val Cost: 2192.02 | Val Max P-Miss: 0.3876 | Val Max Q-Miss: 0.1757 | Val Max Gen Viol: 0.0000 | Val Max Thermal: 0.0000
Epoch 8700 | Val Loss: 19.3077 | Val Cost: 2174.07 | Val Max P-Miss: 0.2366 | Val Max Q-Miss: 0.1119 | Val Max Gen Viol: 0.0000 | Val Max Thermal: 0.0000
Epoch 8710 | Val Loss: 18.6542 | Val Cost: 2138.28 | Val Max P-Miss: 0.2252 | Val Max Q-Miss: 0.1024 | Val Max Gen Viol: 0.0000 | Val Max Thermal: 0.0000
Epoch 8720 | Val Loss: 17.0220 | Val Cost: 2125.64 | Val Max P-Miss: 0.2129 | Val Max Q-Miss: 0.0924 | Val Max Gen Viol: 0.0000 | Val Max Thermal: 0.0000
Epoch 8730 | Val Loss: 16.7777 | Val Cost: 2123.92 | Val Max P-Miss: 0.2091 | Val Max Q-Miss: 0.0876 | Val Max Gen Viol: 0.0000 | Val Max Thermal: 0.0000
Epoch 8740 | Val Loss: 16.3201 | Val Cost: 2124.01 | Val Max P-Miss: 0.2071 | Val Max Q-Miss: 0.0786 | Val Max Gen Viol: 0.0000 | Val Max Thermal: 0.0000
Epoch 8750 | Val Loss: 15.8368 | Val Cost: 2125.56 | Val Max P-Miss: 0.2079 | Val Max Q-Miss: 0.0729 | Val Max Gen Viol: 0.0000 | Val Max Thermal: 0.0000
Epoch 8760 | Val Loss: 15.4329 | Val Cost: 2127.63 | Val Max P-Miss: 0.2060 | Val Max Q-Miss: 0.0697 | Val Max Gen Viol: 0.0000 | Val Max Thermal: 0.0000
Epoch 8770 | Val Loss: 15.2114 | Val Cost: 2128.32 | Val Max P-Miss: 0.2044 | Val Max Q-Miss: 0.0674 | Val Max Gen Viol: 0.0000 | Val Max Thermal: 0.0000
Epoch 8780 | Val Loss: 49.9683 | Val Cost: 1989.72 | Val Max P-Miss: 0.3340 | Val Max Q-Miss: 0.2424 | Val Max Gen Viol: 0.0000 | Val Max Thermal: 0.0000
Epoch 8790 | Val Loss: 45.4000 | Val Cost: 2139.53 | Val Max P-Miss: 0.3248 | Val Max Q-Miss: 0.3208 | Val Max Gen Viol: 0.0000 | Val Max Thermal: 0.0000
Epoch 8800 | Val Loss: 23.4455 | Val Cost: 2119.54 | Val Max P-Miss: 0.1842 | Val Max Q-Miss: 0.3532 | Val Max Gen Viol: 0.0000 | Val Max Thermal: 0.0000
Epoch 8810 | Val Loss: 20.4033 | Val Cost: 2195.57 | Val Max P-Miss: 0.1561 | Val Max Q-Miss: 0.1967 | Val Max Gen Viol: 0.0000 | Val Max Thermal: 0.0000
Epoch 8820 | Val Loss: 19.5618 | Val Cost: 2216.47 | Val Max P-Miss: 0.2083 | Val Max Q-Miss: 0.0975 | Val Max Gen Viol: 0.0000 | Val Max Thermal: 0.0000
Epoch 8830 | Val Loss: 17.0693 | Val Cost: 2146.54 | Val Max P-Miss: 0.2445 | Val Max Q-Miss: 0.1351 | Val Max Gen Viol: 0.0000 | Val Max Thermal: 0.0000
Epoch 8840 | Val Loss: 16.8008 | Val Cost: 2113.23 | Val Max P-Miss: 0.2596 | Val Max Q-Miss: 0.1305 | Val Max Gen Viol: 0.0000 | Val Max Thermal: 0.0000
Epoch 8850 | Val Loss: 19.3440 | Val Cost: 2132.30 | Val Max P-Miss: 0.2026 | Val Max Q-Miss: 0.1735 | Val Max Gen Viol: 0.0000 | Val Max Thermal: 0.0000
Epoch 8860 | Val Loss: 24.7331 | Val Cost: 2189.30 | Val Max P-Miss: 0.3172 | Val Max Q-Miss: 0.2190 | Val Max Gen Viol: 0.0000 | Val Max Thermal: 0.0000
Epoch 8870 | Val Loss: 36.0519 | Val Cost: 2179.47 | Val Max P-Miss: 0.3718 | Val Max Q-Miss: 0.2475 | Val Max Gen Viol: 0.0000 | Val Max Thermal: 0.0000
Epoch 8880 | Val Loss: 14.2928 | Val Cost: 2179.03 | Val Max P-Miss: 0.2104 | Val Max Q-Miss: 0.1375 | Val Max Gen Viol: 0.0000 | Val Max Thermal: 0.0000
Epoch 8890 | Val Loss: 13.2974 | Val Cost: 2162.32 | Val Max P-Miss: 0.2475 | Val Max Q-Miss: 0.1057 | Val Max Gen Viol: 0.0000 | Val Max Thermal: 0.0000
Epoch 8900 | Val Loss: 12.2898 | Val Cost: 2136.45 | Val Max P-Miss: 0.1490 | Val Max Q-Miss: 0.0833 | Val Max Gen Viol: 0.0000 | Val Max Thermal: 0.0000
Epoch 8910 | Val Loss: 41.8387 | Val Cost: 2169.97 | Val Max P-Miss: 0.4338 | Val Max Q-Miss: 0.1098 | Val Max Gen Viol: 0.0000 | Val Max Thermal: 0.0000
Epoch 8920 | Val Loss: 25.7236 | Val Cost: 2188.88 | Val Max P-Miss: 0.2146 | Val Max Q-Miss: 0.1664 | Val Max Gen Viol: 0.0000 | Val Max Thermal: 0.0000
Epoch 8930 | Val Loss: 21.4344 | Val Cost: 2160.22 | Val Max P-Miss: 0.2413 | Val Max Q-Miss: 0.0976 | Val Max Gen Viol: 0.0000 | Val Max Thermal: 0.0000
Epoch 8940 | Val Loss: 10.2871 | Val Cost: 2203.64 | Val Max P-Miss: 0.1639 | Val Max Q-Miss: 0.0875 | Val Max Gen Viol: 0.0000 | Val Max Thermal: 0.0000 [*SAVED BEST*]
Epoch 8950 | Val Loss: 18.6349 | Val Cost: 2155.17 | Val Max P-Miss: 0.2114 | Val Max Q-Miss: 0.1137 | Val Max Gen Viol: 0.0000 | Val Max Thermal: 0.0000
Epoch 8960 | Val Loss: 14.0908 | Val Cost: 2106.36 | Val Max P-Miss: 0.1677 | Val Max Q-Miss: 0.1236 | Val Max Gen Viol: 0.0000 | Val Max Thermal: 0.0000
Epoch 8970 | Val Loss: 57.8996 | Val Cost: 2135.14 | Val Max P-Miss: 0.4520 | Val Max Q-Miss: 0.2774 | Val Max Gen Viol: 0.0000 | Val Max Thermal: 0.0000
Epoch 8980 | Val Loss: 27.7891 | Val Cost: 2170.14 | Val Max P-Miss: 0.2669 | Val Max Q-Miss: 0.0974 | Val Max Gen Viol: 0.0000 | Val Max Thermal: 0.0000
Epoch 8990 | Val Loss: 22.7526 | Val Cost: 2130.01 | Val Max P-Miss: 0.1580 | Val Max Q-Miss: 0.0843 | Val Max Gen Viol: 0.0000 | Val Max Thermal: 0.0000
Epoch 9000 | Val Loss: 17.1684 | Val Cost: 2155.28 | Val Max P-Miss: 0.1886 | Val Max Q-Miss: 0.1229 | Val Max Gen Viol: 0.0000 | Val Max Thermal: 0.0000
Epoch 9010 | Val Loss: 16.5826 | Val Cost: 2142.99 | Val Max P-Miss: 0.2334 | Val Max Q-Miss: 0.0994 | Val Max Gen Viol: 0.0000 | Val Max Thermal: 0.0000
Epoch 9020 | Val Loss: 15.2933 | Val Cost: 2131.94 | Val Max P-Miss: 0.2308 | Val Max Q-Miss: 0.0861 | Val Max Gen Viol: 0.0000 | Val Max Thermal: 0.0000
Epoch 9030 | Val Loss: 14.6024 | Val Cost: 2130.91 | Val Max P-Miss: 0.2237 | Val Max Q-Miss: 0.0790 | Val Max Gen Viol: 0.0000 | Val Max Thermal: 0.0000
Epoch 9040 | Val Loss: 13.9890 | Val Cost: 2131.50 | Val Max P-Miss: 0.2182 | Val Max Q-Miss: 0.0764 | Val Max Gen Viol: 0.0000 | Val Max Thermal: 0.0000
Epoch 9050 | Val Loss: 13.2558 | Val Cost: 2131.70 | Val Max P-Miss: 0.2173 | Val Max Q-Miss: 0.0675 | Val Max Gen Viol: 0.0000 | Val Max Thermal: 0.0000
Epoch 9060 | Val Loss: 12.7935 | Val Cost: 2132.78 | Val Max P-Miss: 0.2151 | Val Max Q-Miss: 0.0683 | Val Max Gen Viol: 0.0000 | Val Max Thermal: 0.0000
Epoch 9070 | Val Loss: 12.3874 | Val Cost: 2132.49 | Val Max P-Miss: 0.2134 | Val Max Q-Miss: 0.0640 | Val Max Gen Viol: 0.0000 | Val Max Thermal: 0.0000
Epoch 9080 | Val Loss: 12.0836 | Val Cost: 2132.63 | Val Max P-Miss: 0.2122 | Val Max Q-Miss: 0.0615 | Val Max Gen Viol: 0.0000 | Val Max Thermal: 0.0000
Epoch 9090 | Val Loss: 21.5701 | Val Cost: 2074.05 | Val Max P-Miss: 0.1617 | Val Max Q-Miss: 0.1625 | Val Max Gen Viol: 0.0000 | Val Max Thermal: 0.0000
Epoch 9100 | Val Loss: 35.3918 | Val Cost: 2237.07 | Val Max P-Miss: 0.3841 | Val Max Q-Miss: 0.1804 | Val Max Gen Viol: 0.0000 | Val Max Thermal: 0.0000
Epoch 9110 | Val Loss: 22.7070 | Val Cost: 2138.98 | Val Max P-Miss: 0.3090 | Val Max Q-Miss: 0.1548 | Val Max Gen Viol: 0.0000 | Val Max Thermal: 0.0000
Epoch 9120 | Val Loss: 52.5505 | Val Cost: 2123.52 | Val Max P-Miss: 0.4011 | Val Max Q-Miss: 0.2399 | Val Max Gen Viol: 0.0000 | Val Max Thermal: 0.0000
Epoch 9130 | Val Loss: 15.8014 | Val Cost: 2159.33 | Val Max P-Miss: 0.2462 | Val Max Q-Miss: 0.1016 | Val Max Gen Viol: 0.0000 | Val Max Thermal: 0.0000
Epoch 9140 | Val Loss: 19.6798 | Val Cost: 2181.77 | Val Max P-Miss: 0.1621 | Val Max Q-Miss: 0.2477 | Val Max Gen Viol: 0.0000 | Val Max Thermal: 0.0000
Epoch 9150 | Val Loss: 40.2423 | Val Cost: 2175.22 | Val Max P-Miss: 0.3431 | Val Max Q-Miss: 0.2562 | Val Max Gen Viol: 0.0000 | Val Max Thermal: 0.0000
Epoch 9160 | Val Loss: 15.5947 | Val Cost: 2182.69 | Val Max P-Miss: 0.2405 | Val Max Q-Miss: 0.0955 | Val Max Gen Viol: 0.0000 | Val Max Thermal: 0.0000
Epoch 9170 | Val Loss: 17.5446 | Val Cost: 2147.89 | Val Max P-Miss: 0.2690 | Val Max Q-Miss: 0.1354 | Val Max Gen Viol: 0.0000 | Val Max Thermal: 0.0000
Epoch 9180 | Val Loss: 17.2352 | Val Cost: 2123.90 | Val Max P-Miss: 0.2478 | Val Max Q-Miss: 0.1256 | Val Max Gen Viol: 0.0000 | Val Max Thermal: 0.0000
Epoch 9190 | Val Loss: 16.7819 | Val Cost: 2112.43 | Val Max P-Miss: 0.2304 | Val Max Q-Miss: 0.1222 | Val Max Gen Viol: 0.0000 | Val Max Thermal: 0.0000
Epoch 9200 | Val Loss: 16.7762 | Val Cost: 2110.35 | Val Max P-Miss: 0.2065 | Val Max Q-Miss: 0.1234 | Val Max Gen Viol: 0.0000 | Val Max Thermal: 0.0000
Epoch 9210 | Val Loss: 17.1334 | Val Cost: 2116.37 | Val Max P-Miss: 0.1787 | Val Max Q-Miss: 0.1369 | Val Max Gen Viol: 0.0000 | Val Max Thermal: 0.0000
Epoch 9220 | Val Loss: 17.3518 | Val Cost: 2125.35 | Val Max P-Miss: 0.1516 | Val Max Q-Miss: 0.1536 | Val Max Gen Viol: 0.0000 | Val Max Thermal: 0.0000
Epoch 9230 | Val Loss: 17.5894 | Val Cost: 2126.89 | Val Max P-Miss: 0.1603 | Val Max Q-Miss: 0.1465 | Val Max Gen Viol: 0.0000 | Val Max Thermal: 0.0000
Epoch 9240 | Val Loss: 17.4293 | Val Cost: 2129.10 | Val Max P-Miss: 0.1622 | Val Max Q-Miss: 0.1383 | Val Max Gen Viol: 0.0000 | Val Max Thermal: 0.0000
Epoch 9250 | Val Loss: 18.0855 | Val Cost: 2134.43 | Val Max P-Miss: 0.1699 | Val Max Q-Miss: 0.1584 | Val Max Gen Viol: 0.0000 | Val Max Thermal: 0.0000
Epoch 9260 | Val Loss: 17.2808 | Val Cost: 2129.53 | Val Max P-Miss: 0.1718 | Val Max Q-Miss: 0.1280 | Val Max Gen Viol: 0.0000 | Val Max Thermal: 0.0000
Epoch 9270 | Val Loss: 18.0701 | Val Cost: 2137.06 | Val Max P-Miss: 0.1699 | Val Max Q-Miss: 0.1602 | Val Max Gen Viol: 0.0000 | Val Max Thermal: 0.0000
Epoch 9280 | Val Loss: 17.2449 | Val Cost: 2130.84 | Val Max P-Miss: 0.1759 | Val Max Q-Miss: 0.1276 | Val Max Gen Viol: 0.0000 | Val Max Thermal: 0.0000
Epoch 9290 | Val Loss: 18.1688 | Val Cost: 2137.50 | Val Max P-Miss: 0.1701 | Val Max Q-Miss: 0.1583 | Val Max Gen Viol: 0.0000 | Val Max Thermal: 0.0000
Epoch 9300 | Val Loss: 17.9872 | Val Cost: 2135.12 | Val Max P-Miss: 0.1846 | Val Max Q-Miss: 0.1466 | Val Max Gen Viol: 0.0000 | Val Max Thermal: 0.0000
Epoch 9310 | Val Loss: 16.8967 | Val Cost: 2129.44 | Val Max P-Miss: 0.1653 | Val Max Q-Miss: 0.1273 | Val Max Gen Viol: 0.0000 | Val Max Thermal: 0.0000
Epoch 9320 | Val Loss: 17.3339 | Val Cost: 2136.94 | Val Max P-Miss: 0.1804 | Val Max Q-Miss: 0.1294 | Val Max Gen Viol: 0.0000 | Val Max Thermal: 0.0000
Epoch 9330 | Val Loss: 18.6822 | Val Cost: 2141.52 | Val Max P-Miss: 0.1738 | Val Max Q-Miss: 0.1683 | Val Max Gen Viol: 0.0000 | Val Max Thermal: 0.0000
Epoch 9340 | Val Loss: 16.2524 | Val Cost: 2123.39 | Val Max P-Miss: 0.1521 | Val Max Q-Miss: 0.0947 | Val Max Gen Viol: 0.0000 | Val Max Thermal: 0.0000
Epoch 9350 | Val Loss: 15.0173 | Val Cost: 2120.19 | Val Max P-Miss: 0.1528 | Val Max Q-Miss: 0.1097 | Val Max Gen Viol: 0.0000 | Val Max Thermal: 0.0000
Epoch 9360 | Val Loss: 15.5571 | Val Cost: 2110.24 | Val Max P-Miss: 0.1553 | Val Max Q-Miss: 0.0965 | Val Max Gen Viol: 0.0000 | Val Max Thermal: 0.0000
Epoch 9370 | Val Loss: 16.3894 | Val Cost: 2107.66 | Val Max P-Miss: 0.1556 | Val Max Q-Miss: 0.0923 | Val Max Gen Viol: 0.0000 | Val Max Thermal: 0.0000
Epoch 9380 | Val Loss: 16.2658 | Val Cost: 2106.89 | Val Max P-Miss: 0.1579 | Val Max Q-Miss: 0.0943 | Val Max Gen Viol: 0.0000 | Val Max Thermal: 0.0000
Epoch 9390 | Val Loss: 16.4070 | Val Cost: 2110.84 | Val Max P-Miss: 0.1535 | Val Max Q-Miss: 0.0960 | Val Max Gen Viol: 0.0000 | Val Max Thermal: 0.0000
Epoch 9400 | Val Loss: 43.5038 | Val Cost: 2199.65 | Val Max P-Miss: 0.2641 | Val Max Q-Miss: 0.2080 | Val Max Gen Viol: 0.0000 | Val Max Thermal: 0.0000
Epoch 9410 | Val Loss: 34.8801 | Val Cost: 2201.76 | Val Max P-Miss: 0.2995 | Val Max Q-Miss: 0.2506 | Val Max Gen Viol: 0.0000 | Val Max Thermal: 0.0000
Epoch 9420 | Val Loss: 13.7488 | Val Cost: 2240.20 | Val Max P-Miss: 0.1675 | Val Max Q-Miss: 0.0718 | Val Max Gen Viol: 0.0000 | Val Max Thermal: 0.0000
Epoch 9430 | Val Loss: 21.8041 | Val Cost: 2186.71 | Val Max P-Miss: 0.2605 | Val Max Q-Miss: 0.1154 | Val Max Gen Viol: 0.0000 | Val Max Thermal: 0.0000
Epoch 9440 | Val Loss: 37.0344 | Val Cost: 2147.08 | Val Max P-Miss: 0.3902 | Val Max Q-Miss: 0.2840 | Val Max Gen Viol: 0.0000 | Val Max Thermal: 0.0000
Epoch 9450 | Val Loss: 23.6886 | Val Cost: 2190.52 | Val Max P-Miss: 0.2055 | Val Max Q-Miss: 0.1241 | Val Max Gen Viol: 0.0000 | Val Max Thermal: 0.0000
Epoch 9460 | Val Loss: 31.1756 | Val Cost: 2190.08 | Val Max P-Miss: 0.3056 | Val Max Q-Miss: 0.1464 | Val Max Gen Viol: 0.0000 | Val Max Thermal: 0.0000
Epoch 9470 | Val Loss: 12.0220 | Val Cost: 2171.20 | Val Max P-Miss: 0.1865 | Val Max Q-Miss: 0.1297 | Val Max Gen Viol: 0.0000 | Val Max Thermal: 0.0000
Epoch 9480 | Val Loss: 30.1368 | Val Cost: 2147.54 | Val Max P-Miss: 0.2888 | Val Max Q-Miss: 0.1668 | Val Max Gen Viol: 0.0000 | Val Max Thermal: 0.0000
Epoch 9490 | Val Loss: 40.6114 | Val Cost: 2171.78 | Val Max P-Miss: 0.3715 | Val Max Q-Miss: 0.1331 | Val Max Gen Viol: 0.0000 | Val Max Thermal: 0.0000
Epoch 9500 | Val Loss: 13.2569 | Val Cost: 2192.46 | Val Max P-Miss: 0.1137 | Val Max Q-Miss: 0.0967 | Val Max Gen Viol: 0.0000 | Val Max Thermal: 0.0000
Epoch 9510 | Val Loss: 28.2073 | Val Cost: 2177.25 | Val Max P-Miss: 0.2308 | Val Max Q-Miss: 0.1415 | Val Max Gen Viol: 0.0000 | Val Max Thermal: 0.0000
Epoch 9520 | Val Loss: 15.4659 | Val Cost: 2145.79 | Val Max P-Miss: 0.2304 | Val Max Q-Miss: 0.1306 | Val Max Gen Viol: 0.0000 | Val Max Thermal: 0.0000
Epoch 9530 | Val Loss: 13.8972 | Val Cost: 2175.06 | Val Max P-Miss: 0.1661 | Val Max Q-Miss: 0.1226 | Val Max Gen Viol: 0.0000 | Val Max Thermal: 0.0000
Epoch 9540 | Val Loss: 11.5850 | Val Cost: 2104.90 | Val Max P-Miss: 0.1299 | Val Max Q-Miss: 0.0974 | Val Max Gen Viol: 0.0000 | Val Max Thermal: 0.0000
Epoch 9550 | Val Loss: 19.5807 | Val Cost: 2207.95 | Val Max P-Miss: 0.2002 | Val Max Q-Miss: 0.1383 | Val Max Gen Viol: 0.0000 | Val Max Thermal: 0.0000
Epoch 9560 | Val Loss: 14.0910 | Val Cost: 2179.44 | Val Max P-Miss: 0.1655 | Val Max Q-Miss: 0.1167 | Val Max Gen Viol: 0.0000 | Val Max Thermal: 0.0000
Epoch 9570 | Val Loss: 16.9324 | Val Cost: 2143.56 | Val Max P-Miss: 0.2351 | Val Max Q-Miss: 0.1046 | Val Max Gen Viol: 0.0000 | Val Max Thermal: 0.0000
Epoch 9580 | Val Loss: 15.3375 | Val Cost: 2138.22 | Val Max P-Miss: 0.2207 | Val Max Q-Miss: 0.0946 | Val Max Gen Viol: 0.0000 | Val Max Thermal: 0.0000
Epoch 9590 | Val Loss: 14.6440 | Val Cost: 2133.80 | Val Max P-Miss: 0.2160 | Val Max Q-Miss: 0.0865 | Val Max Gen Viol: 0.0000 | Val Max Thermal: 0.0000
Epoch 9600 | Val Loss: 14.1321 | Val Cost: 2132.13 | Val Max P-Miss: 0.2126 | Val Max Q-Miss: 0.0780 | Val Max Gen Viol: 0.0000 | Val Max Thermal: 0.0000
Epoch 9610 | Val Loss: 13.7659 | Val Cost: 2132.05 | Val Max P-Miss: 0.2092 | Val Max Q-Miss: 0.0733 | Val Max Gen Viol: 0.0000 | Val Max Thermal: 0.0000
Epoch 9620 | Val Loss: 13.3061 | Val Cost: 2133.57 | Val Max P-Miss: 0.2088 | Val Max Q-Miss: 0.0694 | Val Max Gen Viol: 0.0000 | Val Max Thermal: 0.0000
Epoch 9630 | Val Loss: 13.0052 | Val Cost: 2134.43 | Val Max P-Miss: 0.2057 | Val Max Q-Miss: 0.0682 | Val Max Gen Viol: 0.0000 | Val Max Thermal: 0.0000
Epoch 9640 | Val Loss: 12.6594 | Val Cost: 2134.82 | Val Max P-Miss: 0.2042 | Val Max Q-Miss: 0.0653 | Val Max Gen Viol: 0.0000 | Val Max Thermal: 0.0000
Epoch 9650 | Val Loss: 56.2340 | Val Cost: 2203.59 | Val Max P-Miss: 0.4328 | Val Max Q-Miss: 0.3242 | Val Max Gen Viol: 0.0000 | Val Max Thermal: 0.0000
Epoch 9660 | Val Loss: 17.9992 | Val Cost: 2162.26 | Val Max P-Miss: 0.1503 | Val Max Q-Miss: 0.1302 | Val Max Gen Viol: 0.0000 | Val Max Thermal: 0.0000
Epoch 9670 | Val Loss: 19.4381 | Val Cost: 2126.88 | Val Max P-Miss: 0.2050 | Val Max Q-Miss: 0.1997 | Val Max Gen Viol: 0.0000 | Val Max Thermal: 0.0000
Epoch 9680 | Val Loss: 24.4967 | Val Cost: 2180.59 | Val Max P-Miss: 0.3135 | Val Max Q-Miss: 0.2077 | Val Max Gen Viol: 0.0000 | Val Max Thermal: 0.0000
Epoch 9690 | Val Loss: 29.7841 | Val Cost: 2131.30 | Val Max P-Miss: 0.3090 | Val Max Q-Miss: 0.2352 | Val Max Gen Viol: 0.0000 | Val Max Thermal: 0.0000
Epoch 9700 | Val Loss: 42.1380 | Val Cost: 2150.50 | Val Max P-Miss: 0.2848 | Val Max Q-Miss: 0.0811 | Val Max Gen Viol: 0.0000 | Val Max Thermal: 0.0000
Epoch 9710 | Val Loss: 46.4185 | Val Cost: 2172.99 | Val Max P-Miss: 0.4390 | Val Max Q-Miss: 0.2182 | Val Max Gen Viol: 0.0000 | Val Max Thermal: 0.0000
Epoch 9720 | Val Loss: 25.7399 | Val Cost: 2156.07 | Val Max P-Miss: 0.2979 | Val Max Q-Miss: 0.1124 | Val Max Gen Viol: 0.0000 | Val Max Thermal: 0.0000
Epoch 9730 | Val Loss: 21.2675 | Val Cost: 2190.31 | Val Max P-Miss: 0.2017 | Val Max Q-Miss: 0.1284 | Val Max Gen Viol: 0.0000 | Val Max Thermal: 0.0000
Epoch 9740 | Val Loss: 17.2184 | Val Cost: 2150.79 | Val Max P-Miss: 0.1549 | Val Max Q-Miss: 0.0780 | Val Max Gen Viol: 0.0000 | Val Max Thermal: 0.0000
Epoch 9750 | Val Loss: 17.9150 | Val Cost: 2181.88 | Val Max P-Miss: 0.2097 | Val Max Q-Miss: 0.1005 | Val Max Gen Viol: 0.0000 | Val Max Thermal: 0.0000
Epoch 9760 | Val Loss: 24.9052 | Val Cost: 2149.93 | Val Max P-Miss: 0.2607 | Val Max Q-Miss: 0.1704 | Val Max Gen Viol: 0.0000 | Val Max Thermal: 0.0000
Epoch 9770 | Val Loss: 30.5027 | Val Cost: 2242.16 | Val Max P-Miss: 0.2403 | Val Max Q-Miss: 0.1856 | Val Max Gen Viol: 0.0000 | Val Max Thermal: 0.0000
Epoch 9780 | Val Loss: 12.4266 | Val Cost: 2170.39 | Val Max P-Miss: 0.2363 | Val Max Q-Miss: 0.1101 | Val Max Gen Viol: 0.0000 | Val Max Thermal: 0.0000
Epoch 9790 | Val Loss: 12.1480 | Val Cost: 2238.64 | Val Max P-Miss: 0.1496 | Val Max Q-Miss: 0.1251 | Val Max Gen Viol: 0.0000 | Val Max Thermal: 0.0000
Epoch 9800 | Val Loss: 13.5590 | Val Cost: 2176.45 | Val Max P-Miss: 0.1929 | Val Max Q-Miss: 0.0860 | Val Max Gen Viol: 0.0000 | Val Max Thermal: 0.0000
Epoch 9810 | Val Loss: 13.7258 | Val Cost: 2147.89 | Val Max P-Miss: 0.1851 | Val Max Q-Miss: 0.0878 | Val Max Gen Viol: 0.0000 | Val Max Thermal: 0.0000
Epoch 9820 | Val Loss: 13.4782 | Val Cost: 2137.31 | Val Max P-Miss: 0.1790 | Val Max Q-Miss: 0.0840 | Val Max Gen Viol: 0.0000 | Val Max Thermal: 0.0000
Epoch 9830 | Val Loss: 13.1308 | Val Cost: 2131.85 | Val Max P-Miss: 0.1755 | Val Max Q-Miss: 0.0807 | Val Max Gen Viol: 0.0000 | Val Max Thermal: 0.0000
Epoch 9840 | Val Loss: 12.9746 | Val Cost: 2130.27 | Val Max P-Miss: 0.1725 | Val Max Q-Miss: 0.0785 | Val Max Gen Viol: 0.0000 | Val Max Thermal: 0.0000
Epoch 9850 | Val Loss: 12.7411 | Val Cost: 2129.55 | Val Max P-Miss: 0.1712 | Val Max Q-Miss: 0.0755 | Val Max Gen Viol: 0.0000 | Val Max Thermal: 0.0000
Epoch 9860 | Val Loss: 17.5534 | Val Cost: 2091.20 | Val Max P-Miss: 0.2646 | Val Max Q-Miss: 0.0619 | Val Max Gen Viol: 0.0000 | Val Max Thermal: 0.0000
Epoch 9870 | Val Loss: 33.3012 | Val Cost: 2151.52 | Val Max P-Miss: 0.3873 | Val Max Q-Miss: 0.1634 | Val Max Gen Viol: 0.0000 | Val Max Thermal: 0.0000
Epoch 9880 | Val Loss: 19.8388 | Val Cost: 2134.21 | Val Max P-Miss: 0.2889 | Val Max Q-Miss: 0.1646 | Val Max Gen Viol: 0.0000 | Val Max Thermal: 0.0000
Epoch 9890 | Val Loss: 17.9342 | Val Cost: 2100.93 | Val Max P-Miss: 0.2364 | Val Max Q-Miss: 0.2034 | Val Max Gen Viol: 0.0000 | Val Max Thermal: 0.0000
Epoch 9900 | Val Loss: 17.7604 | Val Cost: 2111.37 | Val Max P-Miss: 0.2401 | Val Max Q-Miss: 0.0837 | Val Max Gen Viol: 0.0000 | Val Max Thermal: 0.0000
Epoch 9910 | Val Loss: 14.9695 | Val Cost: 2104.62 | Val Max P-Miss: 0.2507 | Val Max Q-Miss: 0.1259 | Val Max Gen Viol: 0.0000 | Val Max Thermal: 0.0000
Epoch 9920 | Val Loss: 15.7215 | Val Cost: 2114.12 | Val Max P-Miss: 0.2364 | Val Max Q-Miss: 0.1261 | Val Max Gen Viol: 0.0000 | Val Max Thermal: 0.0000
Epoch 9930 | Val Loss: 29.9702 | Val Cost: 2172.81 | Val Max P-Miss: 0.2363 | Val Max Q-Miss: 0.1600 | Val Max Gen Viol: 0.0000 | Val Max Thermal: 0.0000
Epoch 9940 | Val Loss: 29.8790 | Val Cost: 2162.31 | Val Max P-Miss: 0.2091 | Val Max Q-Miss: 0.2600 | Val Max Gen Viol: 0.0000 | Val Max Thermal: 0.0000
Epoch 9950 | Val Loss: 22.0711 | Val Cost: 2083.24 | Val Max P-Miss: 0.2238 | Val Max Q-Miss: 0.1443 | Val Max Gen Viol: 0.0000 | Val Max Thermal: 0.0000
Epoch 9960 | Val Loss: 39.3021 | Val Cost: 2120.68 | Val Max P-Miss: 0.3896 | Val Max Q-Miss: 0.2760 | Val Max Gen Viol: 0.0000 | Val Max Thermal: 0.0000
Epoch 9970 | Val Loss: 41.0641 | Val Cost: 2095.15 | Val Max P-Miss: 0.4111 | Val Max Q-Miss: 0.1717 | Val Max Gen Viol: 0.0000 | Val Max Thermal: 0.0000
Epoch 9980 | Val Loss: 43.6445 | Val Cost: 2201.36 | Val Max P-Miss: 0.2748 | Val Max Q-Miss: 0.1813 | Val Max Gen Viol: 0.0000 | Val Max Thermal: 0.0000
Epoch 9990 | Val Loss: 27.2906 | Val Cost: 2192.09 | Val Max P-Miss: 0.2567 | Val Max Q-Miss: 0.1912 | Val Max Gen Viol: 0.0000 | Val Max Thermal: 0.0000

==================================================
Training Complete!
Total Training Time: 00h 09m 48.90s
Best model weights saved to: ./model/best_rahul_model_pglib_opf_case14_ieee_10000epochs_20260719_012024.pth
==================================================

