Job: acopf_ISS
Executing: ACOPF_pinn_rahul.py --case_name pglib_opf_case14_ieee --epochs 10000
Node: issnode1
GPU Allocated: 0
CUDA Hardware Acceleration Active: NVIDIA GeForce RTX 4090
Problem Geometry Linked -> Matrix Samples: 10000

Beginning execution of parallelized training matrix loops for Rahul KKT PINN...
Epoch    0 | Val Loss: 817.6259 | Val Cost: 1917.75 | Val Max P-Miss: 1.0804 | Val Max Q-Miss: 0.6354 | Val Max Gen Viol: 0.0000 | Val Max Thermal: 0.0000 [*SAVED BEST*]
Epoch   10 | Val Loss: 622.6289 | Val Cost: 1714.33 | Val Max P-Miss: 0.3264 | Val Max Q-Miss: 0.1719 | Val Max Gen Viol: 0.0000 | Val Max Thermal: 0.0000 [*SAVED BEST*]
Epoch   20 | Val Loss: 611.9886 | Val Cost: 2088.37 | Val Max P-Miss: 0.2238 | Val Max Q-Miss: 0.1174 | Val Max Gen Viol: 0.0000 | Val Max Thermal: 0.0000 [*SAVED BEST*]
Epoch   30 | Val Loss: 611.3597 | Val Cost: 2394.56 | Val Max P-Miss: 0.1724 | Val Max Q-Miss: 0.1289 | Val Max Gen Viol: 0.0000 | Val Max Thermal: 0.0000 [*SAVED BEST*]
Epoch   40 | Val Loss: 610.7426 | Val Cost: 2547.88 | Val Max P-Miss: 0.1742 | Val Max Q-Miss: 0.1684 | Val Max Gen Viol: 0.0000 | Val Max Thermal: 0.0000 [*SAVED BEST*]
Epoch   50 | Val Loss: 606.0735 | Val Cost: 2610.28 | Val Max P-Miss: 0.1511 | Val Max Q-Miss: 0.1913 | Val Max Gen Viol: 0.0000 | Val Max Thermal: 0.0000 [*SAVED BEST*]
Epoch   60 | Val Loss: 600.4973 | Val Cost: 2653.78 | Val Max P-Miss: 0.1604 | Val Max Q-Miss: 0.0640 | Val Max Gen Viol: 0.0000 | Val Max Thermal: 0.0000 [*SAVED BEST*]
Epoch   70 | Val Loss: 606.9173 | Val Cost: 2682.14 | Val Max P-Miss: 0.1948 | Val Max Q-Miss: 0.0875 | Val Max Gen Viol: 0.0000 | Val Max Thermal: 0.0000
Epoch   80 | Val Loss: 610.2108 | Val Cost: 2576.21 | Val Max P-Miss: 0.2240 | Val Max Q-Miss: 0.0888 | Val Max Gen Viol: 0.0000 | Val Max Thermal: 0.0000
Epoch   90 | Val Loss: 594.9664 | Val Cost: 2667.71 | Val Max P-Miss: 0.1555 | Val Max Q-Miss: 0.0507 | Val Max Gen Viol: 0.0000 | Val Max Thermal: 0.0000 [*SAVED BEST*]
Epoch  100 | Val Loss: 602.2917 | Val Cost: 2509.39 | Val Max P-Miss: 0.2021 | Val Max Q-Miss: 0.1427 | Val Max Gen Viol: 0.0000 | Val Max Thermal: 0.0000
Epoch  110 | Val Loss: 599.5521 | Val Cost: 2320.10 | Val Max P-Miss: 0.1946 | Val Max Q-Miss: 0.1224 | Val Max Gen Viol: 0.0000 | Val Max Thermal: 0.0000
Epoch  120 | Val Loss: 594.8798 | Val Cost: 2291.88 | Val Max P-Miss: 0.2245 | Val Max Q-Miss: 0.1574 | Val Max Gen Viol: 0.0000 | Val Max Thermal: 0.0000 [*SAVED BEST*]
Epoch  130 | Val Loss: 587.4347 | Val Cost: 2311.52 | Val Max P-Miss: 0.2117 | Val Max Q-Miss: 0.1357 | Val Max Gen Viol: 0.0000 | Val Max Thermal: 0.0000 [*SAVED BEST*]
Epoch  140 | Val Loss: 580.3805 | Val Cost: 2378.63 | Val Max P-Miss: 0.1484 | Val Max Q-Miss: 0.1015 | Val Max Gen Viol: 0.0000 | Val Max Thermal: 0.0000 [*SAVED BEST*]
Epoch  150 | Val Loss: 576.2703 | Val Cost: 2382.40 | Val Max P-Miss: 0.2566 | Val Max Q-Miss: 0.1474 | Val Max Gen Viol: 0.0000 | Val Max Thermal: 0.0000 [*SAVED BEST*]
Epoch  160 | Val Loss: 578.5341 | Val Cost: 2391.65 | Val Max P-Miss: 0.2939 | Val Max Q-Miss: 0.2066 | Val Max Gen Viol: 0.0000 | Val Max Thermal: 0.0000
Epoch  170 | Val Loss: 573.7011 | Val Cost: 2381.83 | Val Max P-Miss: 0.1747 | Val Max Q-Miss: 0.1770 | Val Max Gen Viol: 0.0000 | Val Max Thermal: 0.0000 [*SAVED BEST*]
Epoch  180 | Val Loss: 577.5624 | Val Cost: 2396.38 | Val Max P-Miss: 0.4015 | Val Max Q-Miss: 0.1232 | Val Max Gen Viol: 0.0000 | Val Max Thermal: 0.0000
Epoch  190 | Val Loss: 567.0822 | Val Cost: 2441.16 | Val Max P-Miss: 0.2273 | Val Max Q-Miss: 0.1255 | Val Max Gen Viol: 0.0000 | Val Max Thermal: 0.0000 [*SAVED BEST*]
Epoch  200 | Val Loss: 558.6812 | Val Cost: 2498.50 | Val Max P-Miss: 0.3494 | Val Max Q-Miss: 0.2316 | Val Max Gen Viol: 0.0000 | Val Max Thermal: 0.0000 [*SAVED BEST*]
Epoch  210 | Val Loss: 550.1382 | Val Cost: 2548.04 | Val Max P-Miss: 0.2770 | Val Max Q-Miss: 0.2090 | Val Max Gen Viol: 0.0000 | Val Max Thermal: 0.0000 [*SAVED BEST*]
Epoch  220 | Val Loss: 570.2944 | Val Cost: 2573.12 | Val Max P-Miss: 0.5682 | Val Max Q-Miss: 0.3416 | Val Max Gen Viol: 0.0000 | Val Max Thermal: 0.0000
Epoch  230 | Val Loss: 545.9971 | Val Cost: 2550.23 | Val Max P-Miss: 0.3609 | Val Max Q-Miss: 0.1703 | Val Max Gen Viol: 0.0000 | Val Max Thermal: 0.0000 [*SAVED BEST*]
Epoch  240 | Val Loss: 541.9675 | Val Cost: 2570.67 | Val Max P-Miss: 0.3847 | Val Max Q-Miss: 0.2497 | Val Max Gen Viol: 0.0000 | Val Max Thermal: 0.0000 [*SAVED BEST*]
Epoch  250 | Val Loss: 547.9180 | Val Cost: 2612.41 | Val Max P-Miss: 0.4772 | Val Max Q-Miss: 0.2333 | Val Max Gen Viol: 0.0000 | Val Max Thermal: 0.0000
Epoch  260 | Val Loss: 550.3838 | Val Cost: 2598.41 | Val Max P-Miss: 0.4664 | Val Max Q-Miss: 0.2909 | Val Max Gen Viol: 0.0000 | Val Max Thermal: 0.0000
Epoch  270 | Val Loss: 534.2558 | Val Cost: 2630.03 | Val Max P-Miss: 0.5037 | Val Max Q-Miss: 0.3154 | Val Max Gen Viol: 0.0000 | Val Max Thermal: 0.0000 [*SAVED BEST*]
Epoch  280 | Val Loss: 507.8451 | Val Cost: 2650.17 | Val Max P-Miss: 0.4817 | Val Max Q-Miss: 0.2591 | Val Max Gen Viol: 0.0000 | Val Max Thermal: 0.0000 [*SAVED BEST*]
Epoch  290 | Val Loss: 590.3906 | Val Cost: 2656.27 | Val Max P-Miss: 0.7138 | Val Max Q-Miss: 0.4744 | Val Max Gen Viol: 0.0000 | Val Max Thermal: 0.0000
Epoch  300 | Val Loss: 512.4302 | Val Cost: 2642.37 | Val Max P-Miss: 0.3945 | Val Max Q-Miss: 0.3151 | Val Max Gen Viol: 0.0000 | Val Max Thermal: 0.0000
Epoch  310 | Val Loss: 463.6650 | Val Cost: 2667.01 | Val Max P-Miss: 0.3736 | Val Max Q-Miss: 0.2412 | Val Max Gen Viol: 0.0000 | Val Max Thermal: 0.0000 [*SAVED BEST*]
Epoch  320 | Val Loss: 670.2243 | Val Cost: 2670.85 | Val Max P-Miss: 1.0106 | Val Max Q-Miss: 0.5140 | Val Max Gen Viol: 0.0000 | Val Max Thermal: 0.0000
Epoch  330 | Val Loss: 482.8367 | Val Cost: 2671.51 | Val Max P-Miss: 0.5504 | Val Max Q-Miss: 0.3429 | Val Max Gen Viol: 0.0000 | Val Max Thermal: 0.0000
Epoch  340 | Val Loss: 444.5624 | Val Cost: 2681.26 | Val Max P-Miss: 0.5373 | Val Max Q-Miss: 0.2987 | Val Max Gen Viol: 0.0000 | Val Max Thermal: 0.0000 [*SAVED BEST*]
Epoch  350 | Val Loss: 452.6108 | Val Cost: 2682.42 | Val Max P-Miss: 0.5194 | Val Max Q-Miss: 0.3392 | Val Max Gen Viol: 0.0000 | Val Max Thermal: 0.0000
Epoch  360 | Val Loss: 465.6605 | Val Cost: 2687.35 | Val Max P-Miss: 0.5980 | Val Max Q-Miss: 0.3948 | Val Max Gen Viol: 0.0000 | Val Max Thermal: 0.0000
Epoch  370 | Val Loss: 444.1248 | Val Cost: 2689.42 | Val Max P-Miss: 0.7716 | Val Max Q-Miss: 0.4775 | Val Max Gen Viol: 0.0000 | Val Max Thermal: 0.0000 [*SAVED BEST*]
Epoch  380 | Val Loss: 448.8513 | Val Cost: 2690.70 | Val Max P-Miss: 0.6720 | Val Max Q-Miss: 0.4449 | Val Max Gen Viol: 0.0000 | Val Max Thermal: 0.0000
Epoch  390 | Val Loss: 438.8859 | Val Cost: 2691.39 | Val Max P-Miss: 0.7148 | Val Max Q-Miss: 0.4515 | Val Max Gen Viol: 0.0000 | Val Max Thermal: 0.0000 [*SAVED BEST*]
Epoch  400 | Val Loss: 421.4734 | Val Cost: 2691.89 | Val Max P-Miss: 0.6626 | Val Max Q-Miss: 0.4227 | Val Max Gen Viol: 0.0000 | Val Max Thermal: 0.0000 [*SAVED BEST*]
Epoch  410 | Val Loss: 433.8622 | Val Cost: 2692.20 | Val Max P-Miss: 0.7000 | Val Max Q-Miss: 0.4345 | Val Max Gen Viol: 0.0000 | Val Max Thermal: 0.0000
Epoch  420 | Val Loss: 413.9089 | Val Cost: 2692.39 | Val Max P-Miss: 0.7581 | Val Max Q-Miss: 0.4177 | Val Max Gen Viol: 0.0000 | Val Max Thermal: 0.0000 [*SAVED BEST*]
Epoch  430 | Val Loss: 453.2411 | Val Cost: 2692.57 | Val Max P-Miss: 0.7762 | Val Max Q-Miss: 0.4638 | Val Max Gen Viol: 0.0000 | Val Max Thermal: 0.0000
Epoch  440 | Val Loss: 385.7834 | Val Cost: 2692.66 | Val Max P-Miss: 0.7594 | Val Max Q-Miss: 0.4509 | Val Max Gen Viol: 0.0000 | Val Max Thermal: 0.0000 [*SAVED BEST*]
Epoch  450 | Val Loss: 415.7426 | Val Cost: 2692.62 | Val Max P-Miss: 1.1319 | Val Max Q-Miss: 0.5825 | Val Max Gen Viol: 0.0000 | Val Max Thermal: 0.0000
Epoch  460 | Val Loss: 393.0331 | Val Cost: 2692.74 | Val Max P-Miss: 1.0454 | Val Max Q-Miss: 0.5023 | Val Max Gen Viol: 0.0000 | Val Max Thermal: 0.0000
Epoch  470 | Val Loss: 397.1032 | Val Cost: 2692.91 | Val Max P-Miss: 1.1184 | Val Max Q-Miss: 0.5360 | Val Max Gen Viol: 0.0000 | Val Max Thermal: 0.0000
Epoch  480 | Val Loss: 417.6800 | Val Cost: 2693.02 | Val Max P-Miss: 0.9637 | Val Max Q-Miss: 0.5638 | Val Max Gen Viol: 0.0000 | Val Max Thermal: 0.0000
Epoch  490 | Val Loss: 484.3525 | Val Cost: 2612.46 | Val Max P-Miss: 0.5237 | Val Max Q-Miss: 0.4022 | Val Max Gen Viol: 0.0000 | Val Max Thermal: 0.0000
Epoch  500 | Val Loss: 443.8394 | Val Cost: 2653.01 | Val Max P-Miss: 0.5022 | Val Max Q-Miss: 0.3038 | Val Max Gen Viol: 0.0000 | Val Max Thermal: 0.0000
Epoch  510 | Val Loss: 536.4292 | Val Cost: 2654.01 | Val Max P-Miss: 0.8326 | Val Max Q-Miss: 0.5953 | Val Max Gen Viol: 0.0000 | Val Max Thermal: 0.0000
Epoch  520 | Val Loss: 368.0688 | Val Cost: 2677.38 | Val Max P-Miss: 0.4557 | Val Max Q-Miss: 0.3294 | Val Max Gen Viol: 0.0000 | Val Max Thermal: 0.0000 [*SAVED BEST*]
Epoch  530 | Val Loss: 394.1719 | Val Cost: 2686.06 | Val Max P-Miss: 0.7669 | Val Max Q-Miss: 0.4686 | Val Max Gen Viol: 0.0000 | Val Max Thermal: 0.0000
Epoch  540 | Val Loss: 379.3083 | Val Cost: 2688.87 | Val Max P-Miss: 0.7686 | Val Max Q-Miss: 0.4744 | Val Max Gen Viol: 0.0000 | Val Max Thermal: 0.0000
Epoch  550 | Val Loss: 349.8352 | Val Cost: 2690.14 | Val Max P-Miss: 0.8073 | Val Max Q-Miss: 0.5411 | Val Max Gen Viol: 0.0000 | Val Max Thermal: 0.0000 [*SAVED BEST*]
Epoch  560 | Val Loss: 352.2413 | Val Cost: 2690.79 | Val Max P-Miss: 0.7998 | Val Max Q-Miss: 0.4712 | Val Max Gen Viol: 0.0000 | Val Max Thermal: 0.0000
Epoch  570 | Val Loss: 364.4900 | Val Cost: 2691.28 | Val Max P-Miss: 0.8173 | Val Max Q-Miss: 0.5148 | Val Max Gen Viol: 0.0000 | Val Max Thermal: 0.0000
Epoch  580 | Val Loss: 310.3379 | Val Cost: 2691.65 | Val Max P-Miss: 0.7710 | Val Max Q-Miss: 0.5025 | Val Max Gen Viol: 0.0000 | Val Max Thermal: 0.0000 [*SAVED BEST*]
Epoch  590 | Val Loss: 299.0848 | Val Cost: 2691.93 | Val Max P-Miss: 0.6397 | Val Max Q-Miss: 0.3802 | Val Max Gen Viol: 0.0000 | Val Max Thermal: 0.0000 [*SAVED BEST*]
Epoch  600 | Val Loss: 287.4658 | Val Cost: 2692.10 | Val Max P-Miss: 0.8652 | Val Max Q-Miss: 0.3974 | Val Max Gen Viol: 0.0000 | Val Max Thermal: 0.0000 [*SAVED BEST*]
Epoch  610 | Val Loss: 337.4768 | Val Cost: 2690.69 | Val Max P-Miss: 0.6768 | Val Max Q-Miss: 0.3996 | Val Max Gen Viol: 0.0000 | Val Max Thermal: 0.0000
Epoch  620 | Val Loss: 301.3851 | Val Cost: 2691.95 | Val Max P-Miss: 0.7452 | Val Max Q-Miss: 0.4528 | Val Max Gen Viol: 0.0000 | Val Max Thermal: 0.0000
Epoch  630 | Val Loss: 264.4109 | Val Cost: 2692.17 | Val Max P-Miss: 0.7112 | Val Max Q-Miss: 0.3761 | Val Max Gen Viol: 0.0000 | Val Max Thermal: 0.0000 [*SAVED BEST*]
Epoch  640 | Val Loss: 312.5710 | Val Cost: 2692.19 | Val Max P-Miss: 1.0522 | Val Max Q-Miss: 0.4450 | Val Max Gen Viol: 0.0000 | Val Max Thermal: 0.0000
Epoch  650 | Val Loss: 283.0021 | Val Cost: 2692.22 | Val Max P-Miss: 0.8276 | Val Max Q-Miss: 0.4216 | Val Max Gen Viol: 0.0000 | Val Max Thermal: 0.0000
Epoch  660 | Val Loss: 415.3326 | Val Cost: 2692.52 | Val Max P-Miss: 1.2378 | Val Max Q-Miss: 0.6329 | Val Max Gen Viol: 0.0000 | Val Max Thermal: 0.0000
Epoch  670 | Val Loss: 311.6280 | Val Cost: 2691.42 | Val Max P-Miss: 0.7998 | Val Max Q-Miss: 0.4076 | Val Max Gen Viol: 0.0000 | Val Max Thermal: 0.0000
Epoch  680 | Val Loss: 310.8318 | Val Cost: 2691.81 | Val Max P-Miss: 0.9013 | Val Max Q-Miss: 0.5700 | Val Max Gen Viol: 0.0000 | Val Max Thermal: 0.0000
Epoch  690 | Val Loss: 360.1957 | Val Cost: 2691.74 | Val Max P-Miss: 0.8883 | Val Max Q-Miss: 0.4836 | Val Max Gen Viol: 0.0000 | Val Max Thermal: 0.0000
Epoch  700 | Val Loss: 354.9561 | Val Cost: 2692.17 | Val Max P-Miss: 1.0183 | Val Max Q-Miss: 0.6451 | Val Max Gen Viol: 0.0000 | Val Max Thermal: 0.0000
Epoch  710 | Val Loss: 244.1380 | Val Cost: 2692.23 | Val Max P-Miss: 0.7576 | Val Max Q-Miss: 0.4890 | Val Max Gen Viol: 0.0000 | Val Max Thermal: 0.0000 [*SAVED BEST*]
Epoch  720 | Val Loss: 839.8522 | Val Cost: 2692.60 | Val Max P-Miss: 1.3170 | Val Max Q-Miss: 1.3021 | Val Max Gen Viol: 0.0000 | Val Max Thermal: 0.0000
Epoch  730 | Val Loss: 377.2152 | Val Cost: 2648.11 | Val Max P-Miss: 0.8692 | Val Max Q-Miss: 0.4183 | Val Max Gen Viol: 0.0000 | Val Max Thermal: 0.0000
Epoch  740 | Val Loss: 359.8138 | Val Cost: 2685.04 | Val Max P-Miss: 0.7531 | Val Max Q-Miss: 0.4255 | Val Max Gen Viol: 0.0000 | Val Max Thermal: 0.0000
Epoch  750 | Val Loss: 640.3519 | Val Cost: 2677.83 | Val Max P-Miss: 1.4127 | Val Max Q-Miss: 0.5814 | Val Max Gen Viol: 0.0000 | Val Max Thermal: 0.0000
Epoch  760 | Val Loss: 385.2494 | Val Cost: 2689.06 | Val Max P-Miss: 0.7244 | Val Max Q-Miss: 0.4304 | Val Max Gen Viol: 0.0000 | Val Max Thermal: 0.0000
Epoch  770 | Val Loss: 356.1685 | Val Cost: 2686.11 | Val Max P-Miss: 0.8069 | Val Max Q-Miss: 0.6549 | Val Max Gen Viol: 0.0000 | Val Max Thermal: 0.0000
Epoch  780 | Val Loss: 397.9048 | Val Cost: 2677.90 | Val Max P-Miss: 0.7735 | Val Max Q-Miss: 0.4553 | Val Max Gen Viol: 0.0000 | Val Max Thermal: 0.0000
Epoch  790 | Val Loss: 532.5893 | Val Cost: 2599.70 | Val Max P-Miss: 1.2586 | Val Max Q-Miss: 0.3569 | Val Max Gen Viol: 0.0000 | Val Max Thermal: 0.0000
Epoch  800 | Val Loss: 262.6568 | Val Cost: 2686.71 | Val Max P-Miss: 0.5720 | Val Max Q-Miss: 0.3373 | Val Max Gen Viol: 0.0000 | Val Max Thermal: 0.0000
Epoch  810 | Val Loss: 281.0370 | Val Cost: 2679.08 | Val Max P-Miss: 0.6880 | Val Max Q-Miss: 0.4345 | Val Max Gen Viol: 0.0000 | Val Max Thermal: 0.0000
Epoch  820 | Val Loss: 272.7174 | Val Cost: 2689.41 | Val Max P-Miss: 0.9475 | Val Max Q-Miss: 0.5790 | Val Max Gen Viol: 0.0000 | Val Max Thermal: 0.0000
Epoch  830 | Val Loss: 283.7518 | Val Cost: 2690.74 | Val Max P-Miss: 1.1199 | Val Max Q-Miss: 0.6636 | Val Max Gen Viol: 0.0000 | Val Max Thermal: 0.0000
Epoch  840 | Val Loss: 247.0820 | Val Cost: 2689.82 | Val Max P-Miss: 0.8425 | Val Max Q-Miss: 0.3967 | Val Max Gen Viol: 0.0000 | Val Max Thermal: 0.0000
Epoch  850 | Val Loss: 309.8259 | Val Cost: 2690.83 | Val Max P-Miss: 1.2038 | Val Max Q-Miss: 0.5994 | Val Max Gen Viol: 0.0000 | Val Max Thermal: 0.0000
Epoch  860 | Val Loss: 216.1540 | Val Cost: 2691.42 | Val Max P-Miss: 0.9511 | Val Max Q-Miss: 0.4483 | Val Max Gen Viol: 0.0000 | Val Max Thermal: 0.0000 [*SAVED BEST*]
Epoch  870 | Val Loss: 214.5001 | Val Cost: 2691.65 | Val Max P-Miss: 0.8812 | Val Max Q-Miss: 0.4437 | Val Max Gen Viol: 0.0000 | Val Max Thermal: 0.0000 [*SAVED BEST*]
Epoch  880 | Val Loss: 216.9468 | Val Cost: 2691.91 | Val Max P-Miss: 0.9190 | Val Max Q-Miss: 0.4334 | Val Max Gen Viol: 0.0000 | Val Max Thermal: 0.0000
Epoch  890 | Val Loss: 395.2943 | Val Cost: 2679.05 | Val Max P-Miss: 0.9097 | Val Max Q-Miss: 0.5116 | Val Max Gen Viol: 0.0000 | Val Max Thermal: 0.0000
Epoch  900 | Val Loss: 234.6560 | Val Cost: 2682.96 | Val Max P-Miss: 0.6972 | Val Max Q-Miss: 0.4722 | Val Max Gen Viol: 0.0000 | Val Max Thermal: 0.0000
Epoch  910 | Val Loss: 262.3824 | Val Cost: 2685.18 | Val Max P-Miss: 0.7924 | Val Max Q-Miss: 0.5679 | Val Max Gen Viol: 0.0000 | Val Max Thermal: 0.0000
Epoch  920 | Val Loss: 192.7509 | Val Cost: 2686.36 | Val Max P-Miss: 0.6695 | Val Max Q-Miss: 0.4834 | Val Max Gen Viol: 0.0000 | Val Max Thermal: 0.0000 [*SAVED BEST*]
Epoch  930 | Val Loss: 280.7582 | Val Cost: 2687.18 | Val Max P-Miss: 0.9347 | Val Max Q-Miss: 0.5455 | Val Max Gen Viol: 0.0000 | Val Max Thermal: 0.0000
Epoch  940 | Val Loss: 330.3289 | Val Cost: 2687.50 | Val Max P-Miss: 1.0673 | Val Max Q-Miss: 0.6979 | Val Max Gen Viol: 0.0000 | Val Max Thermal: 0.0000
Epoch  950 | Val Loss: 218.2241 | Val Cost: 2687.85 | Val Max P-Miss: 0.8237 | Val Max Q-Miss: 0.5021 | Val Max Gen Viol: 0.0000 | Val Max Thermal: 0.0000
Epoch  960 | Val Loss: 263.3738 | Val Cost: 2688.03 | Val Max P-Miss: 0.9378 | Val Max Q-Miss: 0.5618 | Val Max Gen Viol: 0.0000 | Val Max Thermal: 0.0000
Epoch  970 | Val Loss: 731.2820 | Val Cost: 2688.15 | Val Max P-Miss: 1.3904 | Val Max Q-Miss: 1.0437 | Val Max Gen Viol: 0.0000 | Val Max Thermal: 0.0000
Epoch  980 | Val Loss: 348.6617 | Val Cost: 2682.41 | Val Max P-Miss: 0.8915 | Val Max Q-Miss: 0.5902 | Val Max Gen Viol: 0.0000 | Val Max Thermal: 0.0000
Epoch  990 | Val Loss: 214.2550 | Val Cost: 2671.90 | Val Max P-Miss: 0.5161 | Val Max Q-Miss: 0.3106 | Val Max Gen Viol: 0.0000 | Val Max Thermal: 0.0000
Epoch 1000 | Val Loss: 720.6487 | Val Cost: 2663.06 | Val Max P-Miss: 0.7503 | Val Max Q-Miss: 1.7881 | Val Max Gen Viol: 0.0000 | Val Max Thermal: 0.0000
Epoch 1010 | Val Loss: 204.6564 | Val Cost: 2662.90 | Val Max P-Miss: 0.8157 | Val Max Q-Miss: 0.5079 | Val Max Gen Viol: 0.0000 | Val Max Thermal: 0.0000
Epoch 1020 | Val Loss: 179.6227 | Val Cost: 2661.19 | Val Max P-Miss: 0.8952 | Val Max Q-Miss: 0.4969 | Val Max Gen Viol: 0.0000 | Val Max Thermal: 0.0000 [*SAVED BEST*]
Epoch 1030 | Val Loss: 166.1872 | Val Cost: 2609.83 | Val Max P-Miss: 0.8830 | Val Max Q-Miss: 0.4875 | Val Max Gen Viol: 0.0000 | Val Max Thermal: 0.0000 [*SAVED BEST*]
Epoch 1040 | Val Loss: 160.8348 | Val Cost: 2529.40 | Val Max P-Miss: 0.8744 | Val Max Q-Miss: 0.4852 | Val Max Gen Viol: 0.0000 | Val Max Thermal: 0.0000 [*SAVED BEST*]
Epoch 1050 | Val Loss: 160.6674 | Val Cost: 2457.20 | Val Max P-Miss: 0.8655 | Val Max Q-Miss: 0.4849 | Val Max Gen Viol: 0.0000 | Val Max Thermal: 0.0000 [*SAVED BEST*]
Epoch 1060 | Val Loss: 580.9530 | Val Cost: 2410.51 | Val Max P-Miss: 1.2682 | Val Max Q-Miss: 0.8743 | Val Max Gen Viol: 0.0000 | Val Max Thermal: 0.0000
Epoch 1070 | Val Loss: 207.7321 | Val Cost: 2515.18 | Val Max P-Miss: 0.8752 | Val Max Q-Miss: 0.4835 | Val Max Gen Viol: 0.0000 | Val Max Thermal: 0.0000
Epoch 1080 | Val Loss: 187.5623 | Val Cost: 2572.70 | Val Max P-Miss: 0.7985 | Val Max Q-Miss: 0.4416 | Val Max Gen Viol: 0.0000 | Val Max Thermal: 0.0000
Epoch 1090 | Val Loss: 179.2264 | Val Cost: 2593.46 | Val Max P-Miss: 0.7670 | Val Max Q-Miss: 0.4197 | Val Max Gen Viol: 0.0000 | Val Max Thermal: 0.0000
Epoch 1100 | Val Loss: 126.9577 | Val Cost: 2615.57 | Val Max P-Miss: 0.5502 | Val Max Q-Miss: 0.2914 | Val Max Gen Viol: 0.0000 | Val Max Thermal: 0.0000 [*SAVED BEST*]
Epoch 1110 | Val Loss: 162.9176 | Val Cost: 2632.44 | Val Max P-Miss: 0.7229 | Val Max Q-Miss: 0.3651 | Val Max Gen Viol: 0.0000 | Val Max Thermal: 0.0000
Epoch 1120 | Val Loss: 193.6160 | Val Cost: 2646.25 | Val Max P-Miss: 0.8189 | Val Max Q-Miss: 0.5370 | Val Max Gen Viol: 0.0000 | Val Max Thermal: 0.0000
Epoch 1130 | Val Loss: 162.8981 | Val Cost: 2657.31 | Val Max P-Miss: 0.7391 | Val Max Q-Miss: 0.4629 | Val Max Gen Viol: 0.0000 | Val Max Thermal: 0.0000
Epoch 1140 | Val Loss: 150.6566 | Val Cost: 2663.11 | Val Max P-Miss: 0.8180 | Val Max Q-Miss: 0.4998 | Val Max Gen Viol: 0.0000 | Val Max Thermal: 0.0000
Epoch 1150 | Val Loss: 125.9937 | Val Cost: 2666.69 | Val Max P-Miss: 0.6491 | Val Max Q-Miss: 0.3781 | Val Max Gen Viol: 0.0000 | Val Max Thermal: 0.0000 [*SAVED BEST*]
Epoch 1160 | Val Loss: 140.7045 | Val Cost: 2669.47 | Val Max P-Miss: 0.6498 | Val Max Q-Miss: 0.3850 | Val Max Gen Viol: 0.0000 | Val Max Thermal: 0.0000
Epoch 1170 | Val Loss: 140.2551 | Val Cost: 2671.61 | Val Max P-Miss: 0.6455 | Val Max Q-Miss: 0.3726 | Val Max Gen Viol: 0.0000 | Val Max Thermal: 0.0000
Epoch 1180 | Val Loss: 142.8151 | Val Cost: 2673.12 | Val Max P-Miss: 0.6391 | Val Max Q-Miss: 0.3655 | Val Max Gen Viol: 0.0000 | Val Max Thermal: 0.0000
Epoch 1190 | Val Loss: 128.1340 | Val Cost: 2674.51 | Val Max P-Miss: 0.6928 | Val Max Q-Miss: 0.4057 | Val Max Gen Viol: 0.0000 | Val Max Thermal: 0.0000
Epoch 1200 | Val Loss: 156.7738 | Val Cost: 2675.20 | Val Max P-Miss: 0.6728 | Val Max Q-Miss: 0.2988 | Val Max Gen Viol: 0.0000 | Val Max Thermal: 0.0000
Epoch 1210 | Val Loss: 130.7067 | Val Cost: 2675.10 | Val Max P-Miss: 0.6862 | Val Max Q-Miss: 0.3147 | Val Max Gen Viol: 0.0000 | Val Max Thermal: 0.0000
Epoch 1220 | Val Loss: 167.1738 | Val Cost: 2673.43 | Val Max P-Miss: 0.9119 | Val Max Q-Miss: 0.4221 | Val Max Gen Viol: 0.0000 | Val Max Thermal: 0.0000
Epoch 1230 | Val Loss: 137.3191 | Val Cost: 2670.67 | Val Max P-Miss: 0.8407 | Val Max Q-Miss: 0.3940 | Val Max Gen Viol: 0.0000 | Val Max Thermal: 0.0000
Epoch 1240 | Val Loss: 256.6250 | Val Cost: 2631.59 | Val Max P-Miss: 0.5397 | Val Max Q-Miss: 0.5425 | Val Max Gen Viol: 0.0000 | Val Max Thermal: 0.0000
Epoch 1250 | Val Loss: 164.1776 | Val Cost: 2676.95 | Val Max P-Miss: 0.8220 | Val Max Q-Miss: 0.4517 | Val Max Gen Viol: 0.0000 | Val Max Thermal: 0.0000
Epoch 1260 | Val Loss: 166.3358 | Val Cost: 2670.92 | Val Max P-Miss: 0.7746 | Val Max Q-Miss: 0.4152 | Val Max Gen Viol: 0.0000 | Val Max Thermal: 0.0000
Epoch 1270 | Val Loss: 311.5240 | Val Cost: 2660.36 | Val Max P-Miss: 1.1232 | Val Max Q-Miss: 0.6841 | Val Max Gen Viol: 0.0000 | Val Max Thermal: 0.0000
Epoch 1280 | Val Loss: 282.7967 | Val Cost: 2559.55 | Val Max P-Miss: 0.6923 | Val Max Q-Miss: 0.5086 | Val Max Gen Viol: 0.0000 | Val Max Thermal: 0.0000
Epoch 1290 | Val Loss: 270.5925 | Val Cost: 2669.64 | Val Max P-Miss: 0.7401 | Val Max Q-Miss: 0.5093 | Val Max Gen Viol: 0.0000 | Val Max Thermal: 0.0000
Epoch 1300 | Val Loss: 249.4070 | Val Cost: 2655.17 | Val Max P-Miss: 0.7947 | Val Max Q-Miss: 0.4270 | Val Max Gen Viol: 0.0000 | Val Max Thermal: 0.0000
Epoch 1310 | Val Loss: 226.8420 | Val Cost: 2665.50 | Val Max P-Miss: 0.9762 | Val Max Q-Miss: 0.4038 | Val Max Gen Viol: 0.0000 | Val Max Thermal: 0.0000
Epoch 1320 | Val Loss: 318.5437 | Val Cost: 2633.03 | Val Max P-Miss: 0.9045 | Val Max Q-Miss: 0.5718 | Val Max Gen Viol: 0.0000 | Val Max Thermal: 0.0000
Epoch 1330 | Val Loss: 154.1467 | Val Cost: 2614.92 | Val Max P-Miss: 0.7957 | Val Max Q-Miss: 0.4157 | Val Max Gen Viol: 0.0000 | Val Max Thermal: 0.0000
Epoch 1340 | Val Loss: 146.3740 | Val Cost: 2583.63 | Val Max P-Miss: 0.8387 | Val Max Q-Miss: 0.5433 | Val Max Gen Viol: 0.0000 | Val Max Thermal: 0.0000
Epoch 1350 | Val Loss: 103.9302 | Val Cost: 2567.61 | Val Max P-Miss: 0.5304 | Val Max Q-Miss: 0.3229 | Val Max Gen Viol: 0.0000 | Val Max Thermal: 0.0000 [*SAVED BEST*]
Epoch 1360 | Val Loss: 115.6291 | Val Cost: 2562.33 | Val Max P-Miss: 0.6387 | Val Max Q-Miss: 0.4053 | Val Max Gen Viol: 0.0000 | Val Max Thermal: 0.0000
Epoch 1370 | Val Loss: 171.9805 | Val Cost: 2575.37 | Val Max P-Miss: 0.7158 | Val Max Q-Miss: 0.4295 | Val Max Gen Viol: 0.0000 | Val Max Thermal: 0.0000
Epoch 1380 | Val Loss: 175.1033 | Val Cost: 2582.98 | Val Max P-Miss: 0.6468 | Val Max Q-Miss: 0.4940 | Val Max Gen Viol: 0.0000 | Val Max Thermal: 0.0000
Epoch 1390 | Val Loss: 190.8347 | Val Cost: 2525.81 | Val Max P-Miss: 0.4284 | Val Max Q-Miss: 0.3851 | Val Max Gen Viol: 0.0000 | Val Max Thermal: 0.0000
Epoch 1400 | Val Loss: 167.9233 | Val Cost: 2630.55 | Val Max P-Miss: 0.6904 | Val Max Q-Miss: 0.6496 | Val Max Gen Viol: 0.0000 | Val Max Thermal: 0.0000
Epoch 1410 | Val Loss: 288.7948 | Val Cost: 2644.09 | Val Max P-Miss: 0.7304 | Val Max Q-Miss: 0.6878 | Val Max Gen Viol: 0.0000 | Val Max Thermal: 0.0000
Epoch 1420 | Val Loss: 163.5519 | Val Cost: 2607.43 | Val Max P-Miss: 0.6561 | Val Max Q-Miss: 0.5926 | Val Max Gen Viol: 0.0000 | Val Max Thermal: 0.0000
Epoch 1430 | Val Loss: 417.8229 | Val Cost: 2593.17 | Val Max P-Miss: 1.0149 | Val Max Q-Miss: 0.7085 | Val Max Gen Viol: 0.0000 | Val Max Thermal: 0.0000
Epoch 1440 | Val Loss: 170.4009 | Val Cost: 2516.54 | Val Max P-Miss: 0.7051 | Val Max Q-Miss: 0.2747 | Val Max Gen Viol: 0.0000 | Val Max Thermal: 0.0000
Epoch 1450 | Val Loss: 104.6999 | Val Cost: 2537.12 | Val Max P-Miss: 0.6231 | Val Max Q-Miss: 0.3468 | Val Max Gen Viol: 0.0000 | Val Max Thermal: 0.0000
Epoch 1460 | Val Loss: 103.3974 | Val Cost: 2529.27 | Val Max P-Miss: 0.6680 | Val Max Q-Miss: 0.4124 | Val Max Gen Viol: 0.0000 | Val Max Thermal: 0.0000 [*SAVED BEST*]
Epoch 1470 | Val Loss: 89.6118 | Val Cost: 2520.47 | Val Max P-Miss: 0.5905 | Val Max Q-Miss: 0.4022 | Val Max Gen Viol: 0.0000 | Val Max Thermal: 0.0000 [*SAVED BEST*]
Epoch 1480 | Val Loss: 97.2329 | Val Cost: 2476.66 | Val Max P-Miss: 0.4837 | Val Max Q-Miss: 0.2693 | Val Max Gen Viol: 0.0000 | Val Max Thermal: 0.0000
Epoch 1490 | Val Loss: 119.5198 | Val Cost: 2437.07 | Val Max P-Miss: 0.5022 | Val Max Q-Miss: 0.2494 | Val Max Gen Viol: 0.0000 | Val Max Thermal: 0.0000
Epoch 1500 | Val Loss: 673.6048 | Val Cost: 2566.92 | Val Max P-Miss: 1.4932 | Val Max Q-Miss: 0.8779 | Val Max Gen Viol: 0.0000 | Val Max Thermal: 0.0000
Epoch 1510 | Val Loss: 168.1566 | Val Cost: 2619.09 | Val Max P-Miss: 0.7738 | Val Max Q-Miss: 0.4941 | Val Max Gen Viol: 0.0000 | Val Max Thermal: 0.0000
Epoch 1520 | Val Loss: 102.9880 | Val Cost: 2630.25 | Val Max P-Miss: 0.6785 | Val Max Q-Miss: 0.4242 | Val Max Gen Viol: 0.0000 | Val Max Thermal: 0.0000
Epoch 1530 | Val Loss: 210.1210 | Val Cost: 2603.65 | Val Max P-Miss: 0.7153 | Val Max Q-Miss: 0.6242 | Val Max Gen Viol: 0.0000 | Val Max Thermal: 0.0000
Epoch 1540 | Val Loss: 170.5541 | Val Cost: 2620.55 | Val Max P-Miss: 0.8547 | Val Max Q-Miss: 0.5147 | Val Max Gen Viol: 0.0000 | Val Max Thermal: 0.0000
Epoch 1550 | Val Loss: 150.6599 | Val Cost: 2608.81 | Val Max P-Miss: 0.7643 | Val Max Q-Miss: 0.4675 | Val Max Gen Viol: 0.0000 | Val Max Thermal: 0.0000
Epoch 1560 | Val Loss: 220.6357 | Val Cost: 2530.51 | Val Max P-Miss: 0.9005 | Val Max Q-Miss: 0.2903 | Val Max Gen Viol: 0.0000 | Val Max Thermal: 0.0000
Epoch 1570 | Val Loss: 125.9840 | Val Cost: 2489.87 | Val Max P-Miss: 0.7747 | Val Max Q-Miss: 0.3938 | Val Max Gen Viol: 0.0000 | Val Max Thermal: 0.0000
Epoch 1580 | Val Loss: 66.5214 | Val Cost: 2457.21 | Val Max P-Miss: 0.5400 | Val Max Q-Miss: 0.2713 | Val Max Gen Viol: 0.0000 | Val Max Thermal: 0.0000 [*SAVED BEST*]
Epoch 1590 | Val Loss: 144.9355 | Val Cost: 2437.03 | Val Max P-Miss: 0.8369 | Val Max Q-Miss: 0.3959 | Val Max Gen Viol: 0.0000 | Val Max Thermal: 0.0000
Epoch 1600 | Val Loss: 85.1535 | Val Cost: 2423.83 | Val Max P-Miss: 0.6895 | Val Max Q-Miss: 0.3072 | Val Max Gen Viol: 0.0000 | Val Max Thermal: 0.0000
Epoch 1610 | Val Loss: 74.4815 | Val Cost: 2388.85 | Val Max P-Miss: 0.6914 | Val Max Q-Miss: 0.2778 | Val Max Gen Viol: 0.0000 | Val Max Thermal: 0.0000
Epoch 1620 | Val Loss: 565.6046 | Val Cost: 2248.04 | Val Max P-Miss: 0.9164 | Val Max Q-Miss: 0.9513 | Val Max Gen Viol: 0.0000 | Val Max Thermal: 0.0000
Epoch 1630 | Val Loss: 176.6043 | Val Cost: 2448.77 | Val Max P-Miss: 0.6349 | Val Max Q-Miss: 0.3475 | Val Max Gen Viol: 0.0000 | Val Max Thermal: 0.0000
Epoch 1640 | Val Loss: 81.2575 | Val Cost: 2575.04 | Val Max P-Miss: 0.5450 | Val Max Q-Miss: 0.2892 | Val Max Gen Viol: 0.0000 | Val Max Thermal: 0.0000
Epoch 1650 | Val Loss: 118.3316 | Val Cost: 2569.93 | Val Max P-Miss: 0.7884 | Val Max Q-Miss: 0.4190 | Val Max Gen Viol: 0.0000 | Val Max Thermal: 0.0000
Epoch 1660 | Val Loss: 101.9860 | Val Cost: 2548.51 | Val Max P-Miss: 0.6967 | Val Max Q-Miss: 0.3410 | Val Max Gen Viol: 0.0000 | Val Max Thermal: 0.0000
Epoch 1670 | Val Loss: 102.1853 | Val Cost: 2537.46 | Val Max P-Miss: 0.6805 | Val Max Q-Miss: 0.3378 | Val Max Gen Viol: 0.0000 | Val Max Thermal: 0.0000
Epoch 1680 | Val Loss: 112.6372 | Val Cost: 2526.82 | Val Max P-Miss: 0.6557 | Val Max Q-Miss: 0.3282 | Val Max Gen Viol: 0.0000 | Val Max Thermal: 0.0000
Epoch 1690 | Val Loss: 80.8034 | Val Cost: 2536.53 | Val Max P-Miss: 0.5485 | Val Max Q-Miss: 0.3156 | Val Max Gen Viol: 0.0000 | Val Max Thermal: 0.0000
Epoch 1700 | Val Loss: 77.0340 | Val Cost: 2513.11 | Val Max P-Miss: 0.5139 | Val Max Q-Miss: 0.3131 | Val Max Gen Viol: 0.0000 | Val Max Thermal: 0.0000
Epoch 1710 | Val Loss: 104.8371 | Val Cost: 2524.92 | Val Max P-Miss: 0.7477 | Val Max Q-Miss: 0.4071 | Val Max Gen Viol: 0.0000 | Val Max Thermal: 0.0000
Epoch 1720 | Val Loss: 43.4429 | Val Cost: 2544.06 | Val Max P-Miss: 0.3696 | Val Max Q-Miss: 0.1925 | Val Max Gen Viol: 0.0000 | Val Max Thermal: 0.0000 [*SAVED BEST*]
Epoch 1730 | Val Loss: 112.4538 | Val Cost: 2543.16 | Val Max P-Miss: 0.8882 | Val Max Q-Miss: 0.3947 | Val Max Gen Viol: 0.0000 | Val Max Thermal: 0.0000
Epoch 1740 | Val Loss: 140.0551 | Val Cost: 2319.34 | Val Max P-Miss: 0.8228 | Val Max Q-Miss: 0.5075 | Val Max Gen Viol: 0.0000 | Val Max Thermal: 0.0000
Epoch 1750 | Val Loss: 102.3951 | Val Cost: 2378.26 | Val Max P-Miss: 0.7003 | Val Max Q-Miss: 0.4124 | Val Max Gen Viol: 0.0000 | Val Max Thermal: 0.0000
Epoch 1760 | Val Loss: 327.0421 | Val Cost: 2269.23 | Val Max P-Miss: 0.7155 | Val Max Q-Miss: 0.6822 | Val Max Gen Viol: 0.0000 | Val Max Thermal: 0.0000
Epoch 1770 | Val Loss: 192.2188 | Val Cost: 2535.87 | Val Max P-Miss: 0.5488 | Val Max Q-Miss: 0.6335 | Val Max Gen Viol: 0.0000 | Val Max Thermal: 0.0000
Epoch 1780 | Val Loss: 133.1040 | Val Cost: 2592.24 | Val Max P-Miss: 0.6739 | Val Max Q-Miss: 0.3854 | Val Max Gen Viol: 0.0000 | Val Max Thermal: 0.0000
Epoch 1790 | Val Loss: 103.3309 | Val Cost: 2530.22 | Val Max P-Miss: 0.5679 | Val Max Q-Miss: 0.3000 | Val Max Gen Viol: 0.0000 | Val Max Thermal: 0.0000
Epoch 1800 | Val Loss: 55.6021 | Val Cost: 2433.41 | Val Max P-Miss: 0.3660 | Val Max Q-Miss: 0.1876 | Val Max Gen Viol: 0.0000 | Val Max Thermal: 0.0000
Epoch 1810 | Val Loss: 110.4261 | Val Cost: 2366.01 | Val Max P-Miss: 0.4646 | Val Max Q-Miss: 0.3828 | Val Max Gen Viol: 0.0000 | Val Max Thermal: 0.0000
Epoch 1820 | Val Loss: 65.8254 | Val Cost: 2447.36 | Val Max P-Miss: 0.5496 | Val Max Q-Miss: 0.2317 | Val Max Gen Viol: 0.0000 | Val Max Thermal: 0.0000
Epoch 1830 | Val Loss: 68.8717 | Val Cost: 2446.44 | Val Max P-Miss: 0.5934 | Val Max Q-Miss: 0.2885 | Val Max Gen Viol: 0.0000 | Val Max Thermal: 0.0000
Epoch 1840 | Val Loss: 123.5549 | Val Cost: 2458.43 | Val Max P-Miss: 0.8617 | Val Max Q-Miss: 0.3378 | Val Max Gen Viol: 0.0000 | Val Max Thermal: 0.0000
Epoch 1850 | Val Loss: 173.1198 | Val Cost: 2466.28 | Val Max P-Miss: 0.4857 | Val Max Q-Miss: 0.7235 | Val Max Gen Viol: 0.0000 | Val Max Thermal: 0.0000
Epoch 1860 | Val Loss: 107.7120 | Val Cost: 2504.03 | Val Max P-Miss: 0.8853 | Val Max Q-Miss: 0.3530 | Val Max Gen Viol: 0.0000 | Val Max Thermal: 0.0000
Epoch 1870 | Val Loss: 123.1539 | Val Cost: 2449.94 | Val Max P-Miss: 0.6893 | Val Max Q-Miss: 0.3604 | Val Max Gen Viol: 0.0000 | Val Max Thermal: 0.0000
Epoch 1880 | Val Loss: 184.3108 | Val Cost: 2513.97 | Val Max P-Miss: 0.6440 | Val Max Q-Miss: 0.6886 | Val Max Gen Viol: 0.0000 | Val Max Thermal: 0.0000
Epoch 1890 | Val Loss: 91.5106 | Val Cost: 2474.63 | Val Max P-Miss: 0.5887 | Val Max Q-Miss: 0.3204 | Val Max Gen Viol: 0.0000 | Val Max Thermal: 0.0000
Epoch 1900 | Val Loss: 150.7182 | Val Cost: 2461.26 | Val Max P-Miss: 0.8575 | Val Max Q-Miss: 0.3684 | Val Max Gen Viol: 0.0000 | Val Max Thermal: 0.0000
Epoch 1910 | Val Loss: 86.3550 | Val Cost: 2491.08 | Val Max P-Miss: 0.6328 | Val Max Q-Miss: 0.3112 | Val Max Gen Viol: 0.0000 | Val Max Thermal: 0.0000
Epoch 1920 | Val Loss: 84.3896 | Val Cost: 2485.55 | Val Max P-Miss: 0.6143 | Val Max Q-Miss: 0.3155 | Val Max Gen Viol: 0.0000 | Val Max Thermal: 0.0000
Epoch 1930 | Val Loss: 84.1717 | Val Cost: 2495.97 | Val Max P-Miss: 0.6010 | Val Max Q-Miss: 0.3111 | Val Max Gen Viol: 0.0000 | Val Max Thermal: 0.0000
Epoch 1940 | Val Loss: 85.4349 | Val Cost: 2504.02 | Val Max P-Miss: 0.5906 | Val Max Q-Miss: 0.3046 | Val Max Gen Viol: 0.0000 | Val Max Thermal: 0.0000
Epoch 1950 | Val Loss: 89.0659 | Val Cost: 2509.16 | Val Max P-Miss: 0.5781 | Val Max Q-Miss: 0.2971 | Val Max Gen Viol: 0.0000 | Val Max Thermal: 0.0000
Epoch 1960 | Val Loss: 83.3586 | Val Cost: 2519.84 | Val Max P-Miss: 0.6500 | Val Max Q-Miss: 0.3560 | Val Max Gen Viol: 0.0000 | Val Max Thermal: 0.0000
Epoch 1970 | Val Loss: 126.3470 | Val Cost: 2526.39 | Val Max P-Miss: 0.9431 | Val Max Q-Miss: 0.3822 | Val Max Gen Viol: 0.0000 | Val Max Thermal: 0.0000
Epoch 1980 | Val Loss: 75.7638 | Val Cost: 2471.52 | Val Max P-Miss: 0.5772 | Val Max Q-Miss: 0.2934 | Val Max Gen Viol: 0.0000 | Val Max Thermal: 0.0000
Epoch 1990 | Val Loss: 73.2489 | Val Cost: 2425.62 | Val Max P-Miss: 0.5641 | Val Max Q-Miss: 0.2853 | Val Max Gen Viol: 0.0000 | Val Max Thermal: 0.0000
Epoch 2000 | Val Loss: 179.3284 | Val Cost: 2433.79 | Val Max P-Miss: 0.8434 | Val Max Q-Miss: 0.4430 | Val Max Gen Viol: 0.0000 | Val Max Thermal: 0.0000
Epoch 2010 | Val Loss: 58.8655 | Val Cost: 2496.31 | Val Max P-Miss: 0.5072 | Val Max Q-Miss: 0.2211 | Val Max Gen Viol: 0.0000 | Val Max Thermal: 0.0000
Epoch 2020 | Val Loss: 75.9602 | Val Cost: 2465.80 | Val Max P-Miss: 0.5932 | Val Max Q-Miss: 0.3236 | Val Max Gen Viol: 0.0000 | Val Max Thermal: 0.0000
Epoch 2030 | Val Loss: 70.6323 | Val Cost: 2469.49 | Val Max P-Miss: 0.5593 | Val Max Q-Miss: 0.2901 | Val Max Gen Viol: 0.0000 | Val Max Thermal: 0.0000
Epoch 2040 | Val Loss: 66.6325 | Val Cost: 2485.63 | Val Max P-Miss: 0.5268 | Val Max Q-Miss: 0.2710 | Val Max Gen Viol: 0.0000 | Val Max Thermal: 0.0000
Epoch 2050 | Val Loss: 65.4114 | Val Cost: 2503.32 | Val Max P-Miss: 0.5221 | Val Max Q-Miss: 0.2670 | Val Max Gen Viol: 0.0000 | Val Max Thermal: 0.0000
Epoch 2060 | Val Loss: 59.2641 | Val Cost: 2498.47 | Val Max P-Miss: 0.4974 | Val Max Q-Miss: 0.2748 | Val Max Gen Viol: 0.0000 | Val Max Thermal: 0.0000
Epoch 2070 | Val Loss: 71.3757 | Val Cost: 2446.79 | Val Max P-Miss: 0.4271 | Val Max Q-Miss: 0.1679 | Val Max Gen Viol: 0.0000 | Val Max Thermal: 0.0000
Epoch 2080 | Val Loss: 86.8311 | Val Cost: 2447.79 | Val Max P-Miss: 0.6359 | Val Max Q-Miss: 0.2858 | Val Max Gen Viol: 0.0000 | Val Max Thermal: 0.0000
Epoch 2090 | Val Loss: 135.0007 | Val Cost: 2496.03 | Val Max P-Miss: 0.5488 | Val Max Q-Miss: 0.4564 | Val Max Gen Viol: 0.0000 | Val Max Thermal: 0.0000
Epoch 2100 | Val Loss: 106.6784 | Val Cost: 2496.32 | Val Max P-Miss: 0.4726 | Val Max Q-Miss: 0.3015 | Val Max Gen Viol: 0.0000 | Val Max Thermal: 0.0000
Epoch 2110 | Val Loss: 66.1870 | Val Cost: 2577.20 | Val Max P-Miss: 0.5067 | Val Max Q-Miss: 0.2188 | Val Max Gen Viol: 0.0000 | Val Max Thermal: 0.0000
Epoch 2120 | Val Loss: 142.7886 | Val Cost: 2134.89 | Val Max P-Miss: 0.5072 | Val Max Q-Miss: 0.3922 | Val Max Gen Viol: 0.0000 | Val Max Thermal: 0.0000
Epoch 2130 | Val Loss: 68.5643 | Val Cost: 2321.03 | Val Max P-Miss: 0.5990 | Val Max Q-Miss: 0.3383 | Val Max Gen Viol: 0.0000 | Val Max Thermal: 0.0000
Epoch 2140 | Val Loss: 71.8749 | Val Cost: 2244.99 | Val Max P-Miss: 0.5690 | Val Max Q-Miss: 0.3508 | Val Max Gen Viol: 0.0000 | Val Max Thermal: 0.0000
Epoch 2150 | Val Loss: 68.2431 | Val Cost: 2223.97 | Val Max P-Miss: 0.5424 | Val Max Q-Miss: 0.3394 | Val Max Gen Viol: 0.0000 | Val Max Thermal: 0.0000
Epoch 2160 | Val Loss: 213.0734 | Val Cost: 2260.83 | Val Max P-Miss: 0.9726 | Val Max Q-Miss: 0.5898 | Val Max Gen Viol: 0.0000 | Val Max Thermal: 0.0000
Epoch 2170 | Val Loss: 98.1340 | Val Cost: 2304.58 | Val Max P-Miss: 0.6420 | Val Max Q-Miss: 0.3960 | Val Max Gen Viol: 0.0000 | Val Max Thermal: 0.0000
Epoch 2180 | Val Loss: 92.1389 | Val Cost: 2306.46 | Val Max P-Miss: 0.6503 | Val Max Q-Miss: 0.3900 | Val Max Gen Viol: 0.0000 | Val Max Thermal: 0.0000
Epoch 2190 | Val Loss: 65.4517 | Val Cost: 2315.81 | Val Max P-Miss: 0.5842 | Val Max Q-Miss: 0.2797 | Val Max Gen Viol: 0.0000 | Val Max Thermal: 0.0000
Epoch 2200 | Val Loss: 96.8631 | Val Cost: 2306.43 | Val Max P-Miss: 0.6377 | Val Max Q-Miss: 0.4033 | Val Max Gen Viol: 0.0000 | Val Max Thermal: 0.0000
Epoch 2210 | Val Loss: 99.7970 | Val Cost: 2309.40 | Val Max P-Miss: 0.6479 | Val Max Q-Miss: 0.3644 | Val Max Gen Viol: 0.0000 | Val Max Thermal: 0.0000
Epoch 2220 | Val Loss: 69.6964 | Val Cost: 2301.58 | Val Max P-Miss: 0.5815 | Val Max Q-Miss: 0.3450 | Val Max Gen Viol: 0.0000 | Val Max Thermal: 0.0000
Epoch 2230 | Val Loss: 53.4844 | Val Cost: 2307.18 | Val Max P-Miss: 0.4782 | Val Max Q-Miss: 0.2720 | Val Max Gen Viol: 0.0000 | Val Max Thermal: 0.0000
Epoch 2240 | Val Loss: 121.8222 | Val Cost: 2220.36 | Val Max P-Miss: 0.5169 | Val Max Q-Miss: 0.4262 | Val Max Gen Viol: 0.0000 | Val Max Thermal: 0.0000
Epoch 2250 | Val Loss: 56.0793 | Val Cost: 2285.94 | Val Max P-Miss: 0.4595 | Val Max Q-Miss: 0.2104 | Val Max Gen Viol: 0.0000 | Val Max Thermal: 0.0000
Epoch 2260 | Val Loss: 72.0230 | Val Cost: 2295.03 | Val Max P-Miss: 0.5674 | Val Max Q-Miss: 0.3377 | Val Max Gen Viol: 0.0000 | Val Max Thermal: 0.0000
Epoch 2270 | Val Loss: 41.0615 | Val Cost: 2291.24 | Val Max P-Miss: 0.3916 | Val Max Q-Miss: 0.2468 | Val Max Gen Viol: 0.0000 | Val Max Thermal: 0.0000 [*SAVED BEST*]
Epoch 2280 | Val Loss: 186.7336 | Val Cost: 2256.44 | Val Max P-Miss: 0.6970 | Val Max Q-Miss: 0.4152 | Val Max Gen Viol: 0.0000 | Val Max Thermal: 0.0000
Epoch 2290 | Val Loss: 71.2548 | Val Cost: 2285.12 | Val Max P-Miss: 0.5959 | Val Max Q-Miss: 0.2227 | Val Max Gen Viol: 0.0000 | Val Max Thermal: 0.0000
Epoch 2300 | Val Loss: 69.1936 | Val Cost: 2251.25 | Val Max P-Miss: 0.3713 | Val Max Q-Miss: 0.3257 | Val Max Gen Viol: 0.0000 | Val Max Thermal: 0.0000
Epoch 2310 | Val Loss: 59.7322 | Val Cost: 2332.27 | Val Max P-Miss: 0.3925 | Val Max Q-Miss: 0.2985 | Val Max Gen Viol: 0.0000 | Val Max Thermal: 0.0000
Epoch 2320 | Val Loss: 65.0091 | Val Cost: 2312.12 | Val Max P-Miss: 0.5553 | Val Max Q-Miss: 0.3419 | Val Max Gen Viol: 0.0000 | Val Max Thermal: 0.0000
Epoch 2330 | Val Loss: 80.4117 | Val Cost: 2291.23 | Val Max P-Miss: 0.6057 | Val Max Q-Miss: 0.3290 | Val Max Gen Viol: 0.0000 | Val Max Thermal: 0.0000
Epoch 2340 | Val Loss: 265.4144 | Val Cost: 2321.13 | Val Max P-Miss: 1.1787 | Val Max Q-Miss: 0.6737 | Val Max Gen Viol: 0.0000 | Val Max Thermal: 0.0000
Epoch 2350 | Val Loss: 196.8832 | Val Cost: 2150.85 | Val Max P-Miss: 0.8289 | Val Max Q-Miss: 0.3869 | Val Max Gen Viol: 0.0000 | Val Max Thermal: 0.0000
Epoch 2360 | Val Loss: 151.4282 | Val Cost: 2205.57 | Val Max P-Miss: 0.6380 | Val Max Q-Miss: 0.4323 | Val Max Gen Viol: 0.0000 | Val Max Thermal: 0.0000
Epoch 2370 | Val Loss: 65.2826 | Val Cost: 2253.13 | Val Max P-Miss: 0.5439 | Val Max Q-Miss: 0.2137 | Val Max Gen Viol: 0.0000 | Val Max Thermal: 0.0000
Epoch 2380 | Val Loss: 60.0940 | Val Cost: 2230.17 | Val Max P-Miss: 0.5146 | Val Max Q-Miss: 0.2043 | Val Max Gen Viol: 0.0000 | Val Max Thermal: 0.0000
Epoch 2390 | Val Loss: 55.7715 | Val Cost: 2214.10 | Val Max P-Miss: 0.4910 | Val Max Q-Miss: 0.1974 | Val Max Gen Viol: 0.0000 | Val Max Thermal: 0.0000
Epoch 2400 | Val Loss: 44.0042 | Val Cost: 2184.24 | Val Max P-Miss: 0.4706 | Val Max Q-Miss: 0.1890 | Val Max Gen Viol: 0.0000 | Val Max Thermal: 0.0000
Epoch 2410 | Val Loss: 35.9351 | Val Cost: 2172.87 | Val Max P-Miss: 0.4522 | Val Max Q-Miss: 0.1630 | Val Max Gen Viol: 0.0000 | Val Max Thermal: 0.0000 [*SAVED BEST*]
Epoch 2420 | Val Loss: 353.2642 | Val Cost: 2168.41 | Val Max P-Miss: 1.1239 | Val Max Q-Miss: 1.0632 | Val Max Gen Viol: 0.0000 | Val Max Thermal: 0.0000
Epoch 2430 | Val Loss: 214.2521 | Val Cost: 2142.44 | Val Max P-Miss: 0.8305 | Val Max Q-Miss: 0.6623 | Val Max Gen Viol: 0.0000 | Val Max Thermal: 0.0000
Epoch 2440 | Val Loss: 297.2673 | Val Cost: 2343.96 | Val Max P-Miss: 0.7949 | Val Max Q-Miss: 0.5514 | Val Max Gen Viol: 0.0000 | Val Max Thermal: 0.0000
Epoch 2450 | Val Loss: 48.4477 | Val Cost: 2454.87 | Val Max P-Miss: 0.4674 | Val Max Q-Miss: 0.2313 | Val Max Gen Viol: 0.0000 | Val Max Thermal: 0.0000
Epoch 2460 | Val Loss: 55.6853 | Val Cost: 2425.93 | Val Max P-Miss: 0.4527 | Val Max Q-Miss: 0.2388 | Val Max Gen Viol: 0.0000 | Val Max Thermal: 0.0000
Epoch 2470 | Val Loss: 250.7950 | Val Cost: 2403.44 | Val Max P-Miss: 0.5856 | Val Max Q-Miss: 0.7457 | Val Max Gen Viol: 0.0000 | Val Max Thermal: 0.0000
Epoch 2480 | Val Loss: 87.5222 | Val Cost: 2284.75 | Val Max P-Miss: 0.6594 | Val Max Q-Miss: 0.3171 | Val Max Gen Viol: 0.0000 | Val Max Thermal: 0.0000
Epoch 2490 | Val Loss: 79.0249 | Val Cost: 2293.06 | Val Max P-Miss: 0.5039 | Val Max Q-Miss: 0.3043 | Val Max Gen Viol: 0.0000 | Val Max Thermal: 0.0000
Epoch 2500 | Val Loss: 207.4418 | Val Cost: 2385.43 | Val Max P-Miss: 0.6388 | Val Max Q-Miss: 0.6102 | Val Max Gen Viol: 0.0000 | Val Max Thermal: 0.0000
Epoch 2510 | Val Loss: 73.5121 | Val Cost: 2362.00 | Val Max P-Miss: 0.4417 | Val Max Q-Miss: 0.2951 | Val Max Gen Viol: 0.0000 | Val Max Thermal: 0.0000
Epoch 2520 | Val Loss: 94.2559 | Val Cost: 2384.30 | Val Max P-Miss: 0.6343 | Val Max Q-Miss: 0.3071 | Val Max Gen Viol: 0.0000 | Val Max Thermal: 0.0000
Epoch 2530 | Val Loss: 63.9908 | Val Cost: 2389.25 | Val Max P-Miss: 0.5464 | Val Max Q-Miss: 0.2768 | Val Max Gen Viol: 0.0000 | Val Max Thermal: 0.0000
Epoch 2540 | Val Loss: 63.6076 | Val Cost: 2377.36 | Val Max P-Miss: 0.5348 | Val Max Q-Miss: 0.2808 | Val Max Gen Viol: 0.0000 | Val Max Thermal: 0.0000
Epoch 2550 | Val Loss: 102.8982 | Val Cost: 2354.60 | Val Max P-Miss: 0.4929 | Val Max Q-Miss: 0.2924 | Val Max Gen Viol: 0.0000 | Val Max Thermal: 0.0000
Epoch 2560 | Val Loss: 53.3743 | Val Cost: 2404.89 | Val Max P-Miss: 0.4943 | Val Max Q-Miss: 0.2715 | Val Max Gen Viol: 0.0000 | Val Max Thermal: 0.0000
Epoch 2570 | Val Loss: 74.5858 | Val Cost: 2411.00 | Val Max P-Miss: 0.5549 | Val Max Q-Miss: 0.2542 | Val Max Gen Viol: 0.0000 | Val Max Thermal: 0.0000
Epoch 2580 | Val Loss: 52.1912 | Val Cost: 2269.48 | Val Max P-Miss: 0.5435 | Val Max Q-Miss: 0.1785 | Val Max Gen Viol: 0.0000 | Val Max Thermal: 0.0000
Epoch 2590 | Val Loss: 41.8518 | Val Cost: 2251.31 | Val Max P-Miss: 0.4835 | Val Max Q-Miss: 0.1761 | Val Max Gen Viol: 0.0000 | Val Max Thermal: 0.0000
Epoch 2600 | Val Loss: 36.3829 | Val Cost: 2255.89 | Val Max P-Miss: 0.4595 | Val Max Q-Miss: 0.1799 | Val Max Gen Viol: 0.0000 | Val Max Thermal: 0.0000
Epoch 2610 | Val Loss: 42.3687 | Val Cost: 2296.18 | Val Max P-Miss: 0.3939 | Val Max Q-Miss: 0.1882 | Val Max Gen Viol: 0.0000 | Val Max Thermal: 0.0000
Epoch 2620 | Val Loss: 154.9089 | Val Cost: 2264.46 | Val Max P-Miss: 0.7284 | Val Max Q-Miss: 0.3687 | Val Max Gen Viol: 0.0000 | Val Max Thermal: 0.0000
Epoch 2630 | Val Loss: 159.1152 | Val Cost: 2284.36 | Val Max P-Miss: 0.6609 | Val Max Q-Miss: 0.3903 | Val Max Gen Viol: 0.0000 | Val Max Thermal: 0.0000
Epoch 2640 | Val Loss: 138.5681 | Val Cost: 2436.48 | Val Max P-Miss: 0.6731 | Val Max Q-Miss: 0.4262 | Val Max Gen Viol: 0.0000 | Val Max Thermal: 0.0000
Epoch 2650 | Val Loss: 83.0556 | Val Cost: 2422.46 | Val Max P-Miss: 0.5606 | Val Max Q-Miss: 0.2518 | Val Max Gen Viol: 0.0000 | Val Max Thermal: 0.0000
Epoch 2660 | Val Loss: 65.9348 | Val Cost: 2402.65 | Val Max P-Miss: 0.4764 | Val Max Q-Miss: 0.2048 | Val Max Gen Viol: 0.0000 | Val Max Thermal: 0.0000
Epoch 2670 | Val Loss: 50.6384 | Val Cost: 2311.58 | Val Max P-Miss: 0.2248 | Val Max Q-Miss: 0.2803 | Val Max Gen Viol: 0.0000 | Val Max Thermal: 0.0000
Epoch 2680 | Val Loss: 76.5209 | Val Cost: 2296.86 | Val Max P-Miss: 0.6060 | Val Max Q-Miss: 0.3163 | Val Max Gen Viol: 0.0000 | Val Max Thermal: 0.0000
Epoch 2690 | Val Loss: 31.2950 | Val Cost: 2308.08 | Val Max P-Miss: 0.3469 | Val Max Q-Miss: 0.1760 | Val Max Gen Viol: 0.0000 | Val Max Thermal: 0.0000 [*SAVED BEST*]
Epoch 2700 | Val Loss: 86.8373 | Val Cost: 2302.31 | Val Max P-Miss: 0.5731 | Val Max Q-Miss: 0.3592 | Val Max Gen Viol: 0.0000 | Val Max Thermal: 0.0000
Epoch 2710 | Val Loss: 115.4901 | Val Cost: 2276.27 | Val Max P-Miss: 0.6739 | Val Max Q-Miss: 0.2846 | Val Max Gen Viol: 0.0000 | Val Max Thermal: 0.0000
Epoch 2720 | Val Loss: 73.7798 | Val Cost: 2333.89 | Val Max P-Miss: 0.5113 | Val Max Q-Miss: 0.2453 | Val Max Gen Viol: 0.0000 | Val Max Thermal: 0.0000
Epoch 2730 | Val Loss: 49.1160 | Val Cost: 2322.34 | Val Max P-Miss: 0.4567 | Val Max Q-Miss: 0.2056 | Val Max Gen Viol: 0.0000 | Val Max Thermal: 0.0000
Epoch 2740 | Val Loss: 41.9465 | Val Cost: 2315.21 | Val Max P-Miss: 0.4520 | Val Max Q-Miss: 0.1974 | Val Max Gen Viol: 0.0000 | Val Max Thermal: 0.0000
Epoch 2750 | Val Loss: 83.9341 | Val Cost: 2317.56 | Val Max P-Miss: 0.7225 | Val Max Q-Miss: 0.3483 | Val Max Gen Viol: 0.0000 | Val Max Thermal: 0.0000
Epoch 2760 | Val Loss: 54.6360 | Val Cost: 2409.06 | Val Max P-Miss: 0.3022 | Val Max Q-Miss: 0.1983 | Val Max Gen Viol: 0.0000 | Val Max Thermal: 0.0000
Epoch 2770 | Val Loss: 187.8825 | Val Cost: 2377.89 | Val Max P-Miss: 1.2728 | Val Max Q-Miss: 0.3748 | Val Max Gen Viol: 0.0000 | Val Max Thermal: 0.0000
Epoch 2780 | Val Loss: 95.6487 | Val Cost: 2210.13 | Val Max P-Miss: 0.6627 | Val Max Q-Miss: 0.3094 | Val Max Gen Viol: 0.0000 | Val Max Thermal: 0.0000
Epoch 2790 | Val Loss: 89.2618 | Val Cost: 2234.69 | Val Max P-Miss: 0.4457 | Val Max Q-Miss: 0.2313 | Val Max Gen Viol: 0.0000 | Val Max Thermal: 0.0000
Epoch 2800 | Val Loss: 173.2639 | Val Cost: 2298.60 | Val Max P-Miss: 0.6560 | Val Max Q-Miss: 0.8639 | Val Max Gen Viol: 0.0000 | Val Max Thermal: 0.0000
Epoch 2810 | Val Loss: 43.5561 | Val Cost: 2322.74 | Val Max P-Miss: 0.4374 | Val Max Q-Miss: 0.1981 | Val Max Gen Viol: 0.0000 | Val Max Thermal: 0.0000
Epoch 2820 | Val Loss: 30.0651 | Val Cost: 2310.05 | Val Max P-Miss: 0.2991 | Val Max Q-Miss: 0.1238 | Val Max Gen Viol: 0.0000 | Val Max Thermal: 0.0000 [*SAVED BEST*]
Epoch 2830 | Val Loss: 38.3000 | Val Cost: 2316.04 | Val Max P-Miss: 0.3363 | Val Max Q-Miss: 0.1754 | Val Max Gen Viol: 0.0000 | Val Max Thermal: 0.0000
Epoch 2840 | Val Loss: 31.3303 | Val Cost: 2304.84 | Val Max P-Miss: 0.3623 | Val Max Q-Miss: 0.1634 | Val Max Gen Viol: 0.0000 | Val Max Thermal: 0.0000
Epoch 2850 | Val Loss: 53.6627 | Val Cost: 2358.89 | Val Max P-Miss: 0.3316 | Val Max Q-Miss: 0.1803 | Val Max Gen Viol: 0.0000 | Val Max Thermal: 0.0000
Epoch 2860 | Val Loss: 132.5666 | Val Cost: 2248.50 | Val Max P-Miss: 0.7296 | Val Max Q-Miss: 0.3109 | Val Max Gen Viol: 0.0000 | Val Max Thermal: 0.0000
Epoch 2870 | Val Loss: 60.7021 | Val Cost: 2329.47 | Val Max P-Miss: 0.5839 | Val Max Q-Miss: 0.2258 | Val Max Gen Viol: 0.0000 | Val Max Thermal: 0.0000
Epoch 2880 | Val Loss: 83.9827 | Val Cost: 2351.73 | Val Max P-Miss: 0.7416 | Val Max Q-Miss: 0.2499 | Val Max Gen Viol: 0.0000 | Val Max Thermal: 0.0000
Epoch 2890 | Val Loss: 34.6603 | Val Cost: 2337.42 | Val Max P-Miss: 0.4104 | Val Max Q-Miss: 0.1786 | Val Max Gen Viol: 0.0000 | Val Max Thermal: 0.0000
Epoch 2900 | Val Loss: 28.1774 | Val Cost: 2330.51 | Val Max P-Miss: 0.3400 | Val Max Q-Miss: 0.1566 | Val Max Gen Viol: 0.0000 | Val Max Thermal: 0.0000 [*SAVED BEST*]
Epoch 2910 | Val Loss: 27.2642 | Val Cost: 2325.87 | Val Max P-Miss: 0.2747 | Val Max Q-Miss: 0.1545 | Val Max Gen Viol: 0.0000 | Val Max Thermal: 0.0000 [*SAVED BEST*]
Epoch 2920 | Val Loss: 51.6229 | Val Cost: 2296.06 | Val Max P-Miss: 0.3108 | Val Max Q-Miss: 0.2743 | Val Max Gen Viol: 0.0000 | Val Max Thermal: 0.0000
Epoch 2930 | Val Loss: 63.9695 | Val Cost: 2321.11 | Val Max P-Miss: 0.4081 | Val Max Q-Miss: 0.2727 | Val Max Gen Viol: 0.0000 | Val Max Thermal: 0.0000
Epoch 2940 | Val Loss: 67.7780 | Val Cost: 2321.42 | Val Max P-Miss: 0.5716 | Val Max Q-Miss: 0.2525 | Val Max Gen Viol: 0.0000 | Val Max Thermal: 0.0000
Epoch 2950 | Val Loss: 32.3977 | Val Cost: 2306.51 | Val Max P-Miss: 0.3835 | Val Max Q-Miss: 0.1742 | Val Max Gen Viol: 0.0000 | Val Max Thermal: 0.0000
Epoch 2960 | Val Loss: 63.9160 | Val Cost: 2285.32 | Val Max P-Miss: 0.4211 | Val Max Q-Miss: 0.1862 | Val Max Gen Viol: 0.0000 | Val Max Thermal: 0.0000
Epoch 2970 | Val Loss: 190.2168 | Val Cost: 2279.49 | Val Max P-Miss: 0.9789 | Val Max Q-Miss: 0.6051 | Val Max Gen Viol: 0.0000 | Val Max Thermal: 0.0000
Epoch 2980 | Val Loss: 62.6208 | Val Cost: 2346.16 | Val Max P-Miss: 0.4716 | Val Max Q-Miss: 0.2111 | Val Max Gen Viol: 0.0000 | Val Max Thermal: 0.0000
Epoch 2990 | Val Loss: 61.8566 | Val Cost: 2351.80 | Val Max P-Miss: 0.5242 | Val Max Q-Miss: 0.2807 | Val Max Gen Viol: 0.0000 | Val Max Thermal: 0.0000
Epoch 3000 | Val Loss: 84.0699 | Val Cost: 1928.83 | Val Max P-Miss: 0.4464 | Val Max Q-Miss: 0.2414 | Val Max Gen Viol: 0.0000 | Val Max Thermal: 0.0000
Epoch 3010 | Val Loss: 78.1768 | Val Cost: 2143.04 | Val Max P-Miss: 0.5049 | Val Max Q-Miss: 0.3002 | Val Max Gen Viol: 0.0000 | Val Max Thermal: 0.0000
Epoch 3020 | Val Loss: 75.1746 | Val Cost: 2190.56 | Val Max P-Miss: 0.5221 | Val Max Q-Miss: 0.2523 | Val Max Gen Viol: 0.0000 | Val Max Thermal: 0.0000
Epoch 3030 | Val Loss: 38.5156 | Val Cost: 2222.64 | Val Max P-Miss: 0.3230 | Val Max Q-Miss: 0.1601 | Val Max Gen Viol: 0.0000 | Val Max Thermal: 0.0000
Epoch 3040 | Val Loss: 110.8777 | Val Cost: 2222.87 | Val Max P-Miss: 0.5242 | Val Max Q-Miss: 0.4469 | Val Max Gen Viol: 0.0000 | Val Max Thermal: 0.0000
Epoch 3050 | Val Loss: 66.2333 | Val Cost: 2264.35 | Val Max P-Miss: 0.4179 | Val Max Q-Miss: 0.1824 | Val Max Gen Viol: 0.0000 | Val Max Thermal: 0.0000
Epoch 3060 | Val Loss: 78.6849 | Val Cost: 2247.06 | Val Max P-Miss: 0.3611 | Val Max Q-Miss: 0.3219 | Val Max Gen Viol: 0.0000 | Val Max Thermal: 0.0000
Epoch 3070 | Val Loss: 71.6978 | Val Cost: 2286.61 | Val Max P-Miss: 0.5156 | Val Max Q-Miss: 0.2188 | Val Max Gen Viol: 0.0000 | Val Max Thermal: 0.0000
Epoch 3080 | Val Loss: 45.9035 | Val Cost: 2304.90 | Val Max P-Miss: 0.2277 | Val Max Q-Miss: 0.2032 | Val Max Gen Viol: 0.0000 | Val Max Thermal: 0.0000
Epoch 3090 | Val Loss: 68.8808 | Val Cost: 2278.82 | Val Max P-Miss: 0.4636 | Val Max Q-Miss: 0.2465 | Val Max Gen Viol: 0.0000 | Val Max Thermal: 0.0000
Epoch 3100 | Val Loss: 54.7515 | Val Cost: 2298.47 | Val Max P-Miss: 0.5085 | Val Max Q-Miss: 0.2576 | Val Max Gen Viol: 0.0000 | Val Max Thermal: 0.0000
Epoch 3110 | Val Loss: 52.8016 | Val Cost: 2298.23 | Val Max P-Miss: 0.4646 | Val Max Q-Miss: 0.2170 | Val Max Gen Viol: 0.0000 | Val Max Thermal: 0.0000
Epoch 3120 | Val Loss: 51.4148 | Val Cost: 2292.55 | Val Max P-Miss: 0.3820 | Val Max Q-Miss: 0.1562 | Val Max Gen Viol: 0.0000 | Val Max Thermal: 0.0000
Epoch 3130 | Val Loss: 46.8459 | Val Cost: 2288.31 | Val Max P-Miss: 0.5210 | Val Max Q-Miss: 0.2463 | Val Max Gen Viol: 0.0000 | Val Max Thermal: 0.0000
Epoch 3140 | Val Loss: 60.8266 | Val Cost: 2278.00 | Val Max P-Miss: 0.6331 | Val Max Q-Miss: 0.2359 | Val Max Gen Viol: 0.0000 | Val Max Thermal: 0.0000
Epoch 3150 | Val Loss: 35.3627 | Val Cost: 2308.80 | Val Max P-Miss: 0.2554 | Val Max Q-Miss: 0.1383 | Val Max Gen Viol: 0.0000 | Val Max Thermal: 0.0000
Epoch 3160 | Val Loss: 69.1783 | Val Cost: 2341.02 | Val Max P-Miss: 0.4564 | Val Max Q-Miss: 0.3620 | Val Max Gen Viol: 0.0000 | Val Max Thermal: 0.0000
Epoch 3170 | Val Loss: 66.2392 | Val Cost: 2269.67 | Val Max P-Miss: 0.4059 | Val Max Q-Miss: 0.3263 | Val Max Gen Viol: 0.0000 | Val Max Thermal: 0.0000
Epoch 3180 | Val Loss: 25.6921 | Val Cost: 2263.51 | Val Max P-Miss: 0.2791 | Val Max Q-Miss: 0.1095 | Val Max Gen Viol: 0.0000 | Val Max Thermal: 0.0000 [*SAVED BEST*]
Epoch 3190 | Val Loss: 46.6827 | Val Cost: 2254.36 | Val Max P-Miss: 0.4544 | Val Max Q-Miss: 0.2298 | Val Max Gen Viol: 0.0000 | Val Max Thermal: 0.0000
Epoch 3200 | Val Loss: 32.2134 | Val Cost: 2205.19 | Val Max P-Miss: 0.2646 | Val Max Q-Miss: 0.1315 | Val Max Gen Viol: 0.0000 | Val Max Thermal: 0.0000
Epoch 3210 | Val Loss: 85.7802 | Val Cost: 2237.55 | Val Max P-Miss: 0.6171 | Val Max Q-Miss: 0.2959 | Val Max Gen Viol: 0.0000 | Val Max Thermal: 0.0000
Epoch 3220 | Val Loss: 69.8615 | Val Cost: 2285.18 | Val Max P-Miss: 0.3967 | Val Max Q-Miss: 0.2197 | Val Max Gen Viol: 0.0000 | Val Max Thermal: 0.0000
Epoch 3230 | Val Loss: 64.4535 | Val Cost: 2317.60 | Val Max P-Miss: 0.4693 | Val Max Q-Miss: 0.2778 | Val Max Gen Viol: 0.0000 | Val Max Thermal: 0.0000
Epoch 3240 | Val Loss: 36.0468 | Val Cost: 2260.48 | Val Max P-Miss: 0.3484 | Val Max Q-Miss: 0.1757 | Val Max Gen Viol: 0.0000 | Val Max Thermal: 0.0000
Epoch 3250 | Val Loss: 91.0340 | Val Cost: 2228.89 | Val Max P-Miss: 0.5116 | Val Max Q-Miss: 0.3504 | Val Max Gen Viol: 0.0000 | Val Max Thermal: 0.0000
Epoch 3260 | Val Loss: 45.1440 | Val Cost: 2260.72 | Val Max P-Miss: 0.3989 | Val Max Q-Miss: 0.2007 | Val Max Gen Viol: 0.0000 | Val Max Thermal: 0.0000
Epoch 3270 | Val Loss: 33.9961 | Val Cost: 2267.35 | Val Max P-Miss: 0.4711 | Val Max Q-Miss: 0.1968 | Val Max Gen Viol: 0.0000 | Val Max Thermal: 0.0000
Epoch 3280 | Val Loss: 33.0743 | Val Cost: 2246.16 | Val Max P-Miss: 0.3340 | Val Max Q-Miss: 0.1400 | Val Max Gen Viol: 0.0000 | Val Max Thermal: 0.0000
Epoch 3290 | Val Loss: 58.4693 | Val Cost: 2272.21 | Val Max P-Miss: 0.3743 | Val Max Q-Miss: 0.3284 | Val Max Gen Viol: 0.0000 | Val Max Thermal: 0.0000
Epoch 3300 | Val Loss: 51.6732 | Val Cost: 2246.56 | Val Max P-Miss: 0.3819 | Val Max Q-Miss: 0.1352 | Val Max Gen Viol: 0.0000 | Val Max Thermal: 0.0000
Epoch 3310 | Val Loss: 67.2489 | Val Cost: 2261.27 | Val Max P-Miss: 0.6434 | Val Max Q-Miss: 0.3116 | Val Max Gen Viol: 0.0000 | Val Max Thermal: 0.0000
Epoch 3320 | Val Loss: 256.1982 | Val Cost: 2203.92 | Val Max P-Miss: 0.9440 | Val Max Q-Miss: 0.5570 | Val Max Gen Viol: 0.0000 | Val Max Thermal: 0.0000
Epoch 3330 | Val Loss: 70.6527 | Val Cost: 2243.93 | Val Max P-Miss: 0.4592 | Val Max Q-Miss: 0.2947 | Val Max Gen Viol: 0.0000 | Val Max Thermal: 0.0000
Epoch 3340 | Val Loss: 35.4725 | Val Cost: 2277.33 | Val Max P-Miss: 0.3624 | Val Max Q-Miss: 0.1530 | Val Max Gen Viol: 0.0000 | Val Max Thermal: 0.0000
Epoch 3350 | Val Loss: 37.6734 | Val Cost: 2281.37 | Val Max P-Miss: 0.3720 | Val Max Q-Miss: 0.1731 | Val Max Gen Viol: 0.0000 | Val Max Thermal: 0.0000
Epoch 3360 | Val Loss: 34.7007 | Val Cost: 2208.64 | Val Max P-Miss: 0.3645 | Val Max Q-Miss: 0.1662 | Val Max Gen Viol: 0.0000 | Val Max Thermal: 0.0000
Epoch 3370 | Val Loss: 31.5060 | Val Cost: 2166.63 | Val Max P-Miss: 0.3592 | Val Max Q-Miss: 0.1349 | Val Max Gen Viol: 0.0000 | Val Max Thermal: 0.0000
Epoch 3380 | Val Loss: 29.4272 | Val Cost: 2143.02 | Val Max P-Miss: 0.3456 | Val Max Q-Miss: 0.1280 | Val Max Gen Viol: 0.0000 | Val Max Thermal: 0.0000
Epoch 3390 | Val Loss: 28.8832 | Val Cost: 2127.35 | Val Max P-Miss: 0.3405 | Val Max Q-Miss: 0.1119 | Val Max Gen Viol: 0.0000 | Val Max Thermal: 0.0000
Epoch 3400 | Val Loss: 26.5553 | Val Cost: 2121.77 | Val Max P-Miss: 0.3334 | Val Max Q-Miss: 0.1085 | Val Max Gen Viol: 0.0000 | Val Max Thermal: 0.0000
Epoch 3410 | Val Loss: 92.4332 | Val Cost: 2101.28 | Val Max P-Miss: 0.7006 | Val Max Q-Miss: 0.2201 | Val Max Gen Viol: 0.0000 | Val Max Thermal: 0.0000
Epoch 3420 | Val Loss: 74.9300 | Val Cost: 2090.24 | Val Max P-Miss: 0.5717 | Val Max Q-Miss: 0.3270 | Val Max Gen Viol: 0.0000 | Val Max Thermal: 0.0000
Epoch 3430 | Val Loss: 191.6316 | Val Cost: 2208.35 | Val Max P-Miss: 0.8834 | Val Max Q-Miss: 0.4562 | Val Max Gen Viol: 0.0000 | Val Max Thermal: 0.0000
Epoch 3440 | Val Loss: 58.8251 | Val Cost: 2300.20 | Val Max P-Miss: 0.5057 | Val Max Q-Miss: 0.3041 | Val Max Gen Viol: 0.0000 | Val Max Thermal: 0.0000
Epoch 3450 | Val Loss: 56.5481 | Val Cost: 2262.15 | Val Max P-Miss: 0.5691 | Val Max Q-Miss: 0.2810 | Val Max Gen Viol: 0.0000 | Val Max Thermal: 0.0000
Epoch 3460 | Val Loss: 36.9468 | Val Cost: 2218.30 | Val Max P-Miss: 0.3697 | Val Max Q-Miss: 0.1665 | Val Max Gen Viol: 0.0000 | Val Max Thermal: 0.0000
Epoch 3470 | Val Loss: 49.5137 | Val Cost: 2174.18 | Val Max P-Miss: 0.4823 | Val Max Q-Miss: 0.2483 | Val Max Gen Viol: 0.0000 | Val Max Thermal: 0.0000
Epoch 3480 | Val Loss: 47.4406 | Val Cost: 2157.15 | Val Max P-Miss: 0.4061 | Val Max Q-Miss: 0.1793 | Val Max Gen Viol: 0.0000 | Val Max Thermal: 0.0000
Epoch 3490 | Val Loss: 60.3476 | Val Cost: 2214.62 | Val Max P-Miss: 0.3994 | Val Max Q-Miss: 0.2292 | Val Max Gen Viol: 0.0000 | Val Max Thermal: 0.0000
Epoch 3500 | Val Loss: 97.8751 | Val Cost: 2227.29 | Val Max P-Miss: 0.4580 | Val Max Q-Miss: 0.3863 | Val Max Gen Viol: 0.0000 | Val Max Thermal: 0.0000
Epoch 3510 | Val Loss: 70.4437 | Val Cost: 2296.12 | Val Max P-Miss: 0.5387 | Val Max Q-Miss: 0.2304 | Val Max Gen Viol: 0.0000 | Val Max Thermal: 0.0000
Epoch 3520 | Val Loss: 40.6507 | Val Cost: 2263.13 | Val Max P-Miss: 0.4281 | Val Max Q-Miss: 0.2083 | Val Max Gen Viol: 0.0000 | Val Max Thermal: 0.0000
Epoch 3530 | Val Loss: 48.1133 | Val Cost: 2199.30 | Val Max P-Miss: 0.3628 | Val Max Q-Miss: 0.2335 | Val Max Gen Viol: 0.0000 | Val Max Thermal: 0.0000
Epoch 3540 | Val Loss: 47.1593 | Val Cost: 2182.85 | Val Max P-Miss: 0.3941 | Val Max Q-Miss: 0.1965 | Val Max Gen Viol: 0.0000 | Val Max Thermal: 0.0000
Epoch 3550 | Val Loss: 51.5620 | Val Cost: 2134.32 | Val Max P-Miss: 0.5353 | Val Max Q-Miss: 0.2126 | Val Max Gen Viol: 0.0000 | Val Max Thermal: 0.0000
Epoch 3560 | Val Loss: 55.7027 | Val Cost: 2159.66 | Val Max P-Miss: 0.5895 | Val Max Q-Miss: 0.2390 | Val Max Gen Viol: 0.0000 | Val Max Thermal: 0.0000
Epoch 3570 | Val Loss: 73.6436 | Val Cost: 2128.79 | Val Max P-Miss: 0.3690 | Val Max Q-Miss: 0.2696 | Val Max Gen Viol: 0.0000 | Val Max Thermal: 0.0000
Epoch 3580 | Val Loss: 53.5011 | Val Cost: 2207.94 | Val Max P-Miss: 0.4066 | Val Max Q-Miss: 0.1952 | Val Max Gen Viol: 0.0000 | Val Max Thermal: 0.0000
Epoch 3590 | Val Loss: 38.1138 | Val Cost: 2221.42 | Val Max P-Miss: 0.4453 | Val Max Q-Miss: 0.1977 | Val Max Gen Viol: 0.0000 | Val Max Thermal: 0.0000
Epoch 3600 | Val Loss: 30.9708 | Val Cost: 2224.49 | Val Max P-Miss: 0.3038 | Val Max Q-Miss: 0.1361 | Val Max Gen Viol: 0.0000 | Val Max Thermal: 0.0000
Epoch 3610 | Val Loss: 210.1961 | Val Cost: 2250.58 | Val Max P-Miss: 0.9582 | Val Max Q-Miss: 0.4051 | Val Max Gen Viol: 0.0000 | Val Max Thermal: 0.0000
Epoch 3620 | Val Loss: 38.7405 | Val Cost: 2263.87 | Val Max P-Miss: 0.4146 | Val Max Q-Miss: 0.1918 | Val Max Gen Viol: 0.0000 | Val Max Thermal: 0.0000
Epoch 3630 | Val Loss: 77.2968 | Val Cost: 2248.49 | Val Max P-Miss: 0.3966 | Val Max Q-Miss: 0.2890 | Val Max Gen Viol: 0.0000 | Val Max Thermal: 0.0000
Epoch 3640 | Val Loss: 15.8281 | Val Cost: 2275.36 | Val Max P-Miss: 0.1836 | Val Max Q-Miss: 0.0920 | Val Max Gen Viol: 0.0000 | Val Max Thermal: 0.0000 [*SAVED BEST*]
Epoch 3650 | Val Loss: 29.9446 | Val Cost: 2233.46 | Val Max P-Miss: 0.3180 | Val Max Q-Miss: 0.2003 | Val Max Gen Viol: 0.0000 | Val Max Thermal: 0.0000
Epoch 3660 | Val Loss: 63.7731 | Val Cost: 2243.98 | Val Max P-Miss: 0.5128 | Val Max Q-Miss: 0.2320 | Val Max Gen Viol: 0.0000 | Val Max Thermal: 0.0000
Epoch 3670 | Val Loss: 60.6371 | Val Cost: 2238.97 | Val Max P-Miss: 0.3766 | Val Max Q-Miss: 0.3498 | Val Max Gen Viol: 0.0000 | Val Max Thermal: 0.0000
Epoch 3680 | Val Loss: 35.4861 | Val Cost: 2272.74 | Val Max P-Miss: 0.4256 | Val Max Q-Miss: 0.1937 | Val Max Gen Viol: 0.0000 | Val Max Thermal: 0.0000
Epoch 3690 | Val Loss: 61.2478 | Val Cost: 2259.08 | Val Max P-Miss: 0.4018 | Val Max Q-Miss: 0.2026 | Val Max Gen Viol: 0.0000 | Val Max Thermal: 0.0000
Epoch 3700 | Val Loss: 64.0904 | Val Cost: 2273.01 | Val Max P-Miss: 0.3460 | Val Max Q-Miss: 0.2193 | Val Max Gen Viol: 0.0000 | Val Max Thermal: 0.0000
Epoch 3710 | Val Loss: 42.3126 | Val Cost: 2249.28 | Val Max P-Miss: 0.3134 | Val Max Q-Miss: 0.1743 | Val Max Gen Viol: 0.0000 | Val Max Thermal: 0.0000
Epoch 3720 | Val Loss: 33.8172 | Val Cost: 2236.11 | Val Max P-Miss: 0.2975 | Val Max Q-Miss: 0.2399 | Val Max Gen Viol: 0.0000 | Val Max Thermal: 0.0000
Epoch 3730 | Val Loss: 41.7781 | Val Cost: 2199.01 | Val Max P-Miss: 0.4541 | Val Max Q-Miss: 0.2496 | Val Max Gen Viol: 0.0000 | Val Max Thermal: 0.0000
Epoch 3740 | Val Loss: 20.5780 | Val Cost: 2217.82 | Val Max P-Miss: 0.1989 | Val Max Q-Miss: 0.1061 | Val Max Gen Viol: 0.0000 | Val Max Thermal: 0.0000
Epoch 3750 | Val Loss: 49.3259 | Val Cost: 2230.55 | Val Max P-Miss: 0.4000 | Val Max Q-Miss: 0.1742 | Val Max Gen Viol: 0.0000 | Val Max Thermal: 0.0000
Epoch 3760 | Val Loss: 53.0512 | Val Cost: 2223.14 | Val Max P-Miss: 0.3861 | Val Max Q-Miss: 0.2128 | Val Max Gen Viol: 0.0000 | Val Max Thermal: 0.0000
Epoch 3770 | Val Loss: 57.0397 | Val Cost: 2217.74 | Val Max P-Miss: 0.5284 | Val Max Q-Miss: 0.2885 | Val Max Gen Viol: 0.0000 | Val Max Thermal: 0.0000
Epoch 3780 | Val Loss: 33.8559 | Val Cost: 2237.54 | Val Max P-Miss: 0.3146 | Val Max Q-Miss: 0.1718 | Val Max Gen Viol: 0.0000 | Val Max Thermal: 0.0000
Epoch 3790 | Val Loss: 45.4446 | Val Cost: 2243.65 | Val Max P-Miss: 0.3462 | Val Max Q-Miss: 0.2151 | Val Max Gen Viol: 0.0000 | Val Max Thermal: 0.0000
Epoch 3800 | Val Loss: 34.2292 | Val Cost: 2239.57 | Val Max P-Miss: 0.3402 | Val Max Q-Miss: 0.2076 | Val Max Gen Viol: 0.0000 | Val Max Thermal: 0.0000
Epoch 3810 | Val Loss: 32.3235 | Val Cost: 2195.05 | Val Max P-Miss: 0.3156 | Val Max Q-Miss: 0.1752 | Val Max Gen Viol: 0.0000 | Val Max Thermal: 0.0000
Epoch 3820 | Val Loss: 30.4250 | Val Cost: 2215.64 | Val Max P-Miss: 0.3297 | Val Max Q-Miss: 0.2114 | Val Max Gen Viol: 0.0000 | Val Max Thermal: 0.0000
Epoch 3830 | Val Loss: 14.5065 | Val Cost: 2174.56 | Val Max P-Miss: 0.1351 | Val Max Q-Miss: 0.0713 | Val Max Gen Viol: 0.0000 | Val Max Thermal: 0.0000 [*SAVED BEST*]
Epoch 3840 | Val Loss: 29.0080 | Val Cost: 2208.26 | Val Max P-Miss: 0.1820 | Val Max Q-Miss: 0.1008 | Val Max Gen Viol: 0.0000 | Val Max Thermal: 0.0000
Epoch 3850 | Val Loss: 37.9102 | Val Cost: 2232.24 | Val Max P-Miss: 0.3849 | Val Max Q-Miss: 0.1752 | Val Max Gen Viol: 0.0000 | Val Max Thermal: 0.0000
Epoch 3860 | Val Loss: 46.4596 | Val Cost: 2244.78 | Val Max P-Miss: 0.4707 | Val Max Q-Miss: 0.2239 | Val Max Gen Viol: 0.0000 | Val Max Thermal: 0.0000
Epoch 3870 | Val Loss: 26.6840 | Val Cost: 2255.58 | Val Max P-Miss: 0.3115 | Val Max Q-Miss: 0.1391 | Val Max Gen Viol: 0.0000 | Val Max Thermal: 0.0000
Epoch 3880 | Val Loss: 30.5793 | Val Cost: 2293.63 | Val Max P-Miss: 0.2484 | Val Max Q-Miss: 0.1479 | Val Max Gen Viol: 0.0000 | Val Max Thermal: 0.0000
Epoch 3890 | Val Loss: 39.4273 | Val Cost: 2274.67 | Val Max P-Miss: 0.3420 | Val Max Q-Miss: 0.1511 | Val Max Gen Viol: 0.0000 | Val Max Thermal: 0.0000
Epoch 3900 | Val Loss: 12.9765 | Val Cost: 2287.64 | Val Max P-Miss: 0.1104 | Val Max Q-Miss: 0.0843 | Val Max Gen Viol: 0.0000 | Val Max Thermal: 0.0000 [*SAVED BEST*]
Epoch 3910 | Val Loss: 70.3093 | Val Cost: 2285.52 | Val Max P-Miss: 0.4741 | Val Max Q-Miss: 0.2962 | Val Max Gen Viol: 0.0000 | Val Max Thermal: 0.0000
Epoch 3920 | Val Loss: 50.8300 | Val Cost: 2242.39 | Val Max P-Miss: 0.3793 | Val Max Q-Miss: 0.1341 | Val Max Gen Viol: 0.0000 | Val Max Thermal: 0.0000
Epoch 3930 | Val Loss: 33.4532 | Val Cost: 2232.05 | Val Max P-Miss: 0.2941 | Val Max Q-Miss: 0.1507 | Val Max Gen Viol: 0.0000 | Val Max Thermal: 0.0000
Epoch 3940 | Val Loss: 26.5255 | Val Cost: 2227.86 | Val Max P-Miss: 0.2302 | Val Max Q-Miss: 0.1896 | Val Max Gen Viol: 0.0000 | Val Max Thermal: 0.0000
Epoch 3950 | Val Loss: 74.9556 | Val Cost: 2213.83 | Val Max P-Miss: 0.4446 | Val Max Q-Miss: 0.2875 | Val Max Gen Viol: 0.0000 | Val Max Thermal: 0.0000
Epoch 3960 | Val Loss: 34.3719 | Val Cost: 2225.35 | Val Max P-Miss: 0.3485 | Val Max Q-Miss: 0.1665 | Val Max Gen Viol: 0.0000 | Val Max Thermal: 0.0000
Epoch 3970 | Val Loss: 44.2523 | Val Cost: 2199.16 | Val Max P-Miss: 0.4459 | Val Max Q-Miss: 0.1976 | Val Max Gen Viol: 0.0000 | Val Max Thermal: 0.0000
Epoch 3980 | Val Loss: 39.3108 | Val Cost: 2211.03 | Val Max P-Miss: 0.2557 | Val Max Q-Miss: 0.1833 | Val Max Gen Viol: 0.0000 | Val Max Thermal: 0.0000
Epoch 3990 | Val Loss: 31.6798 | Val Cost: 2242.09 | Val Max P-Miss: 0.3061 | Val Max Q-Miss: 0.1393 | Val Max Gen Viol: 0.0000 | Val Max Thermal: 0.0000
Epoch 4000 | Val Loss: 69.7968 | Val Cost: 2204.82 | Val Max P-Miss: 0.4635 | Val Max Q-Miss: 0.3079 | Val Max Gen Viol: 0.0000 | Val Max Thermal: 0.0000
Epoch 4010 | Val Loss: 73.0987 | Val Cost: 2205.89 | Val Max P-Miss: 0.5324 | Val Max Q-Miss: 0.2919 | Val Max Gen Viol: 0.0000 | Val Max Thermal: 0.0000
Epoch 4020 | Val Loss: 33.2244 | Val Cost: 2246.18 | Val Max P-Miss: 0.3635 | Val Max Q-Miss: 0.1738 | Val Max Gen Viol: 0.0000 | Val Max Thermal: 0.0000
Epoch 4030 | Val Loss: 29.6485 | Val Cost: 2191.16 | Val Max P-Miss: 0.3588 | Val Max Q-Miss: 0.1679 | Val Max Gen Viol: 0.0000 | Val Max Thermal: 0.0000
Epoch 4040 | Val Loss: 26.3838 | Val Cost: 2146.76 | Val Max P-Miss: 0.3443 | Val Max Q-Miss: 0.1465 | Val Max Gen Viol: 0.0000 | Val Max Thermal: 0.0000
Epoch 4050 | Val Loss: 25.4952 | Val Cost: 2123.12 | Val Max P-Miss: 0.3413 | Val Max Q-Miss: 0.1069 | Val Max Gen Viol: 0.0000 | Val Max Thermal: 0.0000
Epoch 4060 | Val Loss: 26.7598 | Val Cost: 2116.77 | Val Max P-Miss: 0.3322 | Val Max Q-Miss: 0.1113 | Val Max Gen Viol: 0.0000 | Val Max Thermal: 0.0000
Epoch 4070 | Val Loss: 26.4296 | Val Cost: 2115.12 | Val Max P-Miss: 0.3209 | Val Max Q-Miss: 0.1078 | Val Max Gen Viol: 0.0000 | Val Max Thermal: 0.0000
Epoch 4080 | Val Loss: 26.1543 | Val Cost: 2111.87 | Val Max P-Miss: 0.3175 | Val Max Q-Miss: 0.0959 | Val Max Gen Viol: 0.0000 | Val Max Thermal: 0.0000
Epoch 4090 | Val Loss: 44.7591 | Val Cost: 2155.54 | Val Max P-Miss: 0.3323 | Val Max Q-Miss: 0.1833 | Val Max Gen Viol: 0.0000 | Val Max Thermal: 0.0000
Epoch 4100 | Val Loss: 34.4709 | Val Cost: 2136.88 | Val Max P-Miss: 0.3980 | Val Max Q-Miss: 0.1983 | Val Max Gen Viol: 0.0000 | Val Max Thermal: 0.0000
Epoch 4110 | Val Loss: 30.1142 | Val Cost: 2118.49 | Val Max P-Miss: 0.3714 | Val Max Q-Miss: 0.1804 | Val Max Gen Viol: 0.0000 | Val Max Thermal: 0.0000
Epoch 4120 | Val Loss: 35.2557 | Val Cost: 2082.22 | Val Max P-Miss: 0.4298 | Val Max Q-Miss: 0.1803 | Val Max Gen Viol: 0.0000 | Val Max Thermal: 0.0000
Epoch 4130 | Val Loss: 38.7894 | Val Cost: 2073.31 | Val Max P-Miss: 0.3577 | Val Max Q-Miss: 0.2024 | Val Max Gen Viol: 0.0000 | Val Max Thermal: 0.0000
Epoch 4140 | Val Loss: 50.6064 | Val Cost: 2277.27 | Val Max P-Miss: 0.3253 | Val Max Q-Miss: 0.2572 | Val Max Gen Viol: 0.0000 | Val Max Thermal: 0.0000
Epoch 4150 | Val Loss: 56.5059 | Val Cost: 2262.79 | Val Max P-Miss: 0.3875 | Val Max Q-Miss: 0.2155 | Val Max Gen Viol: 0.0000 | Val Max Thermal: 0.0000
Epoch 4160 | Val Loss: 38.0564 | Val Cost: 2262.60 | Val Max P-Miss: 0.4172 | Val Max Q-Miss: 0.2081 | Val Max Gen Viol: 0.0000 | Val Max Thermal: 0.0000
Epoch 4170 | Val Loss: 26.1874 | Val Cost: 2247.65 | Val Max P-Miss: 0.2988 | Val Max Q-Miss: 0.1042 | Val Max Gen Viol: 0.0000 | Val Max Thermal: 0.0000
Epoch 4180 | Val Loss: 29.8466 | Val Cost: 2236.26 | Val Max P-Miss: 0.3829 | Val Max Q-Miss: 0.1768 | Val Max Gen Viol: 0.0000 | Val Max Thermal: 0.0000
Epoch 4190 | Val Loss: 34.0539 | Val Cost: 2203.25 | Val Max P-Miss: 0.3707 | Val Max Q-Miss: 0.1768 | Val Max Gen Viol: 0.0000 | Val Max Thermal: 0.0000
Epoch 4200 | Val Loss: 30.8464 | Val Cost: 2164.93 | Val Max P-Miss: 0.3541 | Val Max Q-Miss: 0.1653 | Val Max Gen Viol: 0.0000 | Val Max Thermal: 0.0000
Epoch 4210 | Val Loss: 45.9731 | Val Cost: 2162.06 | Val Max P-Miss: 0.3573 | Val Max Q-Miss: 0.2565 | Val Max Gen Viol: 0.0000 | Val Max Thermal: 0.0000
Epoch 4220 | Val Loss: 69.9283 | Val Cost: 2213.85 | Val Max P-Miss: 0.4202 | Val Max Q-Miss: 0.2580 | Val Max Gen Viol: 0.0000 | Val Max Thermal: 0.0000
Epoch 4230 | Val Loss: 23.2166 | Val Cost: 2287.98 | Val Max P-Miss: 0.2558 | Val Max Q-Miss: 0.1046 | Val Max Gen Viol: 0.0000 | Val Max Thermal: 0.0000
Epoch 4240 | Val Loss: 32.0951 | Val Cost: 2289.43 | Val Max P-Miss: 0.3303 | Val Max Q-Miss: 0.1812 | Val Max Gen Viol: 0.0000 | Val Max Thermal: 0.0000
Epoch 4250 | Val Loss: 37.1617 | Val Cost: 2200.42 | Val Max P-Miss: 0.2338 | Val Max Q-Miss: 0.1786 | Val Max Gen Viol: 0.0000 | Val Max Thermal: 0.0000
Epoch 4260 | Val Loss: 33.2595 | Val Cost: 2228.36 | Val Max P-Miss: 0.2850 | Val Max Q-Miss: 0.1671 | Val Max Gen Viol: 0.0000 | Val Max Thermal: 0.0000
Epoch 4270 | Val Loss: 29.0672 | Val Cost: 2173.79 | Val Max P-Miss: 0.3707 | Val Max Q-Miss: 0.0998 | Val Max Gen Viol: 0.0000 | Val Max Thermal: 0.0000
Epoch 4280 | Val Loss: 36.3104 | Val Cost: 2187.60 | Val Max P-Miss: 0.2096 | Val Max Q-Miss: 0.2121 | Val Max Gen Viol: 0.0000 | Val Max Thermal: 0.0000
Epoch 4290 | Val Loss: 32.4843 | Val Cost: 2222.80 | Val Max P-Miss: 0.3913 | Val Max Q-Miss: 0.1949 | Val Max Gen Viol: 0.0000 | Val Max Thermal: 0.0000
Epoch 4300 | Val Loss: 37.6079 | Val Cost: 2178.73 | Val Max P-Miss: 0.3663 | Val Max Q-Miss: 0.1310 | Val Max Gen Viol: 0.0000 | Val Max Thermal: 0.0000
Epoch 4310 | Val Loss: 40.9049 | Val Cost: 2164.33 | Val Max P-Miss: 0.3421 | Val Max Q-Miss: 0.1285 | Val Max Gen Viol: 0.0000 | Val Max Thermal: 0.0000
Epoch 4320 | Val Loss: 61.8623 | Val Cost: 2109.17 | Val Max P-Miss: 0.5348 | Val Max Q-Miss: 0.2244 | Val Max Gen Viol: 0.0000 | Val Max Thermal: 0.0000
Epoch 4330 | Val Loss: 36.1699 | Val Cost: 2198.16 | Val Max P-Miss: 0.2686 | Val Max Q-Miss: 0.1663 | Val Max Gen Viol: 0.0000 | Val Max Thermal: 0.0000
Epoch 4340 | Val Loss: 31.4482 | Val Cost: 2167.48 | Val Max P-Miss: 0.2894 | Val Max Q-Miss: 0.1374 | Val Max Gen Viol: 0.0000 | Val Max Thermal: 0.0000
Epoch 4350 | Val Loss: 29.4900 | Val Cost: 2131.76 | Val Max P-Miss: 0.2864 | Val Max Q-Miss: 0.1335 | Val Max Gen Viol: 0.0000 | Val Max Thermal: 0.0000
Epoch 4360 | Val Loss: 28.4966 | Val Cost: 2107.97 | Val Max P-Miss: 0.2779 | Val Max Q-Miss: 0.1214 | Val Max Gen Viol: 0.0000 | Val Max Thermal: 0.0000
Epoch 4370 | Val Loss: 21.5111 | Val Cost: 2107.40 | Val Max P-Miss: 0.2466 | Val Max Q-Miss: 0.0819 | Val Max Gen Viol: 0.0000 | Val Max Thermal: 0.0000
Epoch 4380 | Val Loss: 19.8576 | Val Cost: 2107.05 | Val Max P-Miss: 0.2693 | Val Max Q-Miss: 0.0864 | Val Max Gen Viol: 0.0000 | Val Max Thermal: 0.0000
Epoch 4390 | Val Loss: 21.7534 | Val Cost: 2106.68 | Val Max P-Miss: 0.2511 | Val Max Q-Miss: 0.0788 | Val Max Gen Viol: 0.0000 | Val Max Thermal: 0.0000
Epoch 4400 | Val Loss: 65.2327 | Val Cost: 2084.52 | Val Max P-Miss: 0.5098 | Val Max Q-Miss: 0.4093 | Val Max Gen Viol: 0.0000 | Val Max Thermal: 0.0000
Epoch 4410 | Val Loss: 52.0958 | Val Cost: 2198.08 | Val Max P-Miss: 0.5195 | Val Max Q-Miss: 0.2415 | Val Max Gen Viol: 0.0000 | Val Max Thermal: 0.0000
Epoch 4420 | Val Loss: 71.9350 | Val Cost: 2186.47 | Val Max P-Miss: 0.5505 | Val Max Q-Miss: 0.2810 | Val Max Gen Viol: 0.0000 | Val Max Thermal: 0.0000
Epoch 4430 | Val Loss: 46.6709 | Val Cost: 2203.04 | Val Max P-Miss: 0.3657 | Val Max Q-Miss: 0.1797 | Val Max Gen Viol: 0.0000 | Val Max Thermal: 0.0000
Epoch 4440 | Val Loss: 27.0901 | Val Cost: 2219.16 | Val Max P-Miss: 0.1659 | Val Max Q-Miss: 0.2317 | Val Max Gen Viol: 0.0000 | Val Max Thermal: 0.0000
Epoch 4450 | Val Loss: 25.4512 | Val Cost: 2217.88 | Val Max P-Miss: 0.3127 | Val Max Q-Miss: 0.1483 | Val Max Gen Viol: 0.0000 | Val Max Thermal: 0.0000
Epoch 4460 | Val Loss: 28.9394 | Val Cost: 2176.01 | Val Max P-Miss: 0.2977 | Val Max Q-Miss: 0.1298 | Val Max Gen Viol: 0.0000 | Val Max Thermal: 0.0000
Epoch 4470 | Val Loss: 64.5630 | Val Cost: 2225.22 | Val Max P-Miss: 0.4300 | Val Max Q-Miss: 0.2815 | Val Max Gen Viol: 0.0000 | Val Max Thermal: 0.0000
Epoch 4480 | Val Loss: 34.7798 | Val Cost: 2228.14 | Val Max P-Miss: 0.3567 | Val Max Q-Miss: 0.2364 | Val Max Gen Viol: 0.0000 | Val Max Thermal: 0.0000
Epoch 4490 | Val Loss: 54.5129 | Val Cost: 2190.18 | Val Max P-Miss: 0.5823 | Val Max Q-Miss: 0.2923 | Val Max Gen Viol: 0.0000 | Val Max Thermal: 0.0000
Epoch 4500 | Val Loss: 58.9092 | Val Cost: 2186.06 | Val Max P-Miss: 0.3816 | Val Max Q-Miss: 0.1884 | Val Max Gen Viol: 0.0000 | Val Max Thermal: 0.0000
Epoch 4510 | Val Loss: 47.3215 | Val Cost: 2253.79 | Val Max P-Miss: 0.3459 | Val Max Q-Miss: 0.1855 | Val Max Gen Viol: 0.0000 | Val Max Thermal: 0.0000
Epoch 4520 | Val Loss: 43.3586 | Val Cost: 2231.92 | Val Max P-Miss: 0.4860 | Val Max Q-Miss: 0.2385 | Val Max Gen Viol: 0.0000 | Val Max Thermal: 0.0000
Epoch 4530 | Val Loss: 117.2225 | Val Cost: 2264.92 | Val Max P-Miss: 0.5374 | Val Max Q-Miss: 0.5828 | Val Max Gen Viol: 0.0000 | Val Max Thermal: 0.0000
Epoch 4540 | Val Loss: 43.3970 | Val Cost: 2251.33 | Val Max P-Miss: 0.3491 | Val Max Q-Miss: 0.2055 | Val Max Gen Viol: 0.0000 | Val Max Thermal: 0.0000
Epoch 4550 | Val Loss: 23.3086 | Val Cost: 2253.61 | Val Max P-Miss: 0.2174 | Val Max Q-Miss: 0.1435 | Val Max Gen Viol: 0.0000 | Val Max Thermal: 0.0000
Epoch 4560 | Val Loss: 49.2187 | Val Cost: 2201.76 | Val Max P-Miss: 0.3790 | Val Max Q-Miss: 0.2656 | Val Max Gen Viol: 0.0000 | Val Max Thermal: 0.0000
Epoch 4570 | Val Loss: 18.8906 | Val Cost: 2219.04 | Val Max P-Miss: 0.2200 | Val Max Q-Miss: 0.0941 | Val Max Gen Viol: 0.0000 | Val Max Thermal: 0.0000
Epoch 4580 | Val Loss: 25.6747 | Val Cost: 2199.75 | Val Max P-Miss: 0.2934 | Val Max Q-Miss: 0.1587 | Val Max Gen Viol: 0.0000 | Val Max Thermal: 0.0000
Epoch 4590 | Val Loss: 51.6781 | Val Cost: 2191.76 | Val Max P-Miss: 0.3917 | Val Max Q-Miss: 0.2167 | Val Max Gen Viol: 0.0000 | Val Max Thermal: 0.0000
Epoch 4600 | Val Loss: 45.0404 | Val Cost: 2167.05 | Val Max P-Miss: 0.3723 | Val Max Q-Miss: 0.1789 | Val Max Gen Viol: 0.0000 | Val Max Thermal: 0.0000
Epoch 4610 | Val Loss: 46.5787 | Val Cost: 2197.70 | Val Max P-Miss: 0.2836 | Val Max Q-Miss: 0.2210 | Val Max Gen Viol: 0.0000 | Val Max Thermal: 0.0000
Epoch 4620 | Val Loss: 38.0721 | Val Cost: 2203.53 | Val Max P-Miss: 0.3346 | Val Max Q-Miss: 0.1808 | Val Max Gen Viol: 0.0000 | Val Max Thermal: 0.0000
Epoch 4630 | Val Loss: 43.0015 | Val Cost: 2201.23 | Val Max P-Miss: 0.4595 | Val Max Q-Miss: 0.1990 | Val Max Gen Viol: 0.0000 | Val Max Thermal: 0.0000
Epoch 4640 | Val Loss: 20.2148 | Val Cost: 2197.66 | Val Max P-Miss: 0.2563 | Val Max Q-Miss: 0.1107 | Val Max Gen Viol: 0.0000 | Val Max Thermal: 0.0000
Epoch 4650 | Val Loss: 29.2222 | Val Cost: 2177.72 | Val Max P-Miss: 0.2190 | Val Max Q-Miss: 0.0826 | Val Max Gen Viol: 0.0000 | Val Max Thermal: 0.0000
Epoch 4660 | Val Loss: 26.3425 | Val Cost: 2157.50 | Val Max P-Miss: 0.2844 | Val Max Q-Miss: 0.1343 | Val Max Gen Viol: 0.0000 | Val Max Thermal: 0.0000
Epoch 4670 | Val Loss: 23.7897 | Val Cost: 2128.00 | Val Max P-Miss: 0.2723 | Val Max Q-Miss: 0.1252 | Val Max Gen Viol: 0.0000 | Val Max Thermal: 0.0000
Epoch 4680 | Val Loss: 21.8368 | Val Cost: 2111.72 | Val Max P-Miss: 0.2631 | Val Max Q-Miss: 0.1166 | Val Max Gen Viol: 0.0000 | Val Max Thermal: 0.0000
Epoch 4690 | Val Loss: 21.5826 | Val Cost: 2102.22 | Val Max P-Miss: 0.2571 | Val Max Q-Miss: 0.1051 | Val Max Gen Viol: 0.0000 | Val Max Thermal: 0.0000
Epoch 4700 | Val Loss: 22.1659 | Val Cost: 2100.77 | Val Max P-Miss: 0.2548 | Val Max Q-Miss: 0.0921 | Val Max Gen Viol: 0.0000 | Val Max Thermal: 0.0000
Epoch 4710 | Val Loss: 22.9795 | Val Cost: 2105.49 | Val Max P-Miss: 0.2509 | Val Max Q-Miss: 0.0899 | Val Max Gen Viol: 0.0000 | Val Max Thermal: 0.0000
Epoch 4720 | Val Loss: 20.5121 | Val Cost: 2095.09 | Val Max P-Miss: 0.1454 | Val Max Q-Miss: 0.0660 | Val Max Gen Viol: 0.0000 | Val Max Thermal: 0.0000
Epoch 4730 | Val Loss: 40.5892 | Val Cost: 2152.04 | Val Max P-Miss: 0.3579 | Val Max Q-Miss: 0.1825 | Val Max Gen Viol: 0.0000 | Val Max Thermal: 0.0000
Epoch 4740 | Val Loss: 62.2332 | Val Cost: 2141.71 | Val Max P-Miss: 0.5251 | Val Max Q-Miss: 0.2730 | Val Max Gen Viol: 0.0000 | Val Max Thermal: 0.0000
Epoch 4750 | Val Loss: 34.6806 | Val Cost: 2201.26 | Val Max P-Miss: 0.3633 | Val Max Q-Miss: 0.2554 | Val Max Gen Viol: 0.0000 | Val Max Thermal: 0.0000
Epoch 4760 | Val Loss: 72.1878 | Val Cost: 2166.00 | Val Max P-Miss: 0.4594 | Val Max Q-Miss: 0.3041 | Val Max Gen Viol: 0.0000 | Val Max Thermal: 0.0000
Epoch 4770 | Val Loss: 29.7635 | Val Cost: 2219.64 | Val Max P-Miss: 0.2792 | Val Max Q-Miss: 0.2413 | Val Max Gen Viol: 0.0000 | Val Max Thermal: 0.0000
Epoch 4780 | Val Loss: 33.6763 | Val Cost: 2165.45 | Val Max P-Miss: 0.4148 | Val Max Q-Miss: 0.1762 | Val Max Gen Viol: 0.0000 | Val Max Thermal: 0.0000
Epoch 4790 | Val Loss: 39.7173 | Val Cost: 2149.11 | Val Max P-Miss: 0.4768 | Val Max Q-Miss: 0.2399 | Val Max Gen Viol: 0.0000 | Val Max Thermal: 0.0000
Epoch 4800 | Val Loss: 48.4140 | Val Cost: 2144.03 | Val Max P-Miss: 0.4262 | Val Max Q-Miss: 0.2557 | Val Max Gen Viol: 0.0000 | Val Max Thermal: 0.0000
Epoch 4810 | Val Loss: 33.5625 | Val Cost: 2111.28 | Val Max P-Miss: 0.4132 | Val Max Q-Miss: 0.2145 | Val Max Gen Viol: 0.0000 | Val Max Thermal: 0.0000
Epoch 4820 | Val Loss: 49.7188 | Val Cost: 2262.50 | Val Max P-Miss: 0.2689 | Val Max Q-Miss: 0.1472 | Val Max Gen Viol: 0.0000 | Val Max Thermal: 0.0000
Epoch 4830 | Val Loss: 20.6672 | Val Cost: 2294.66 | Val Max P-Miss: 0.2155 | Val Max Q-Miss: 0.1474 | Val Max Gen Viol: 0.0000 | Val Max Thermal: 0.0000
Epoch 4840 | Val Loss: 26.6817 | Val Cost: 2257.46 | Val Max P-Miss: 0.2489 | Val Max Q-Miss: 0.1676 | Val Max Gen Viol: 0.0000 | Val Max Thermal: 0.0000
Epoch 4850 | Val Loss: 31.7261 | Val Cost: 2231.27 | Val Max P-Miss: 0.2234 | Val Max Q-Miss: 0.0949 | Val Max Gen Viol: 0.0000 | Val Max Thermal: 0.0000
Epoch 4860 | Val Loss: 44.4608 | Val Cost: 2201.92 | Val Max P-Miss: 0.3088 | Val Max Q-Miss: 0.1131 | Val Max Gen Viol: 0.0000 | Val Max Thermal: 0.0000
Epoch 4870 | Val Loss: 29.9140 | Val Cost: 2224.24 | Val Max P-Miss: 0.3749 | Val Max Q-Miss: 0.1648 | Val Max Gen Viol: 0.0000 | Val Max Thermal: 0.0000
Epoch 4880 | Val Loss: 84.5194 | Val Cost: 2227.75 | Val Max P-Miss: 0.4885 | Val Max Q-Miss: 0.3318 | Val Max Gen Viol: 0.0000 | Val Max Thermal: 0.0000
Epoch 4890 | Val Loss: 40.0190 | Val Cost: 2192.98 | Val Max P-Miss: 0.4366 | Val Max Q-Miss: 0.1986 | Val Max Gen Viol: 0.0000 | Val Max Thermal: 0.0000
Epoch 4900 | Val Loss: 36.4691 | Val Cost: 2200.09 | Val Max P-Miss: 0.2395 | Val Max Q-Miss: 0.1328 | Val Max Gen Viol: 0.0000 | Val Max Thermal: 0.0000
Epoch 4910 | Val Loss: 26.6295 | Val Cost: 2182.72 | Val Max P-Miss: 0.2368 | Val Max Q-Miss: 0.1360 | Val Max Gen Viol: 0.0000 | Val Max Thermal: 0.0000
Epoch 4920 | Val Loss: 39.0560 | Val Cost: 2143.01 | Val Max P-Miss: 0.4206 | Val Max Q-Miss: 0.1645 | Val Max Gen Viol: 0.0000 | Val Max Thermal: 0.0000
Epoch 4930 | Val Loss: 107.3202 | Val Cost: 2181.47 | Val Max P-Miss: 0.4553 | Val Max Q-Miss: 0.5283 | Val Max Gen Viol: 0.0000 | Val Max Thermal: 0.0000
Epoch 4940 | Val Loss: 36.5768 | Val Cost: 2136.70 | Val Max P-Miss: 0.3604 | Val Max Q-Miss: 0.2066 | Val Max Gen Viol: 0.0000 | Val Max Thermal: 0.0000
Epoch 4950 | Val Loss: 23.1222 | Val Cost: 2135.27 | Val Max P-Miss: 0.3153 | Val Max Q-Miss: 0.1361 | Val Max Gen Viol: 0.0000 | Val Max Thermal: 0.0000
Epoch 4960 | Val Loss: 43.1568 | Val Cost: 2122.03 | Val Max P-Miss: 0.4269 | Val Max Q-Miss: 0.1978 | Val Max Gen Viol: 0.0000 | Val Max Thermal: 0.0000
Epoch 4970 | Val Loss: 24.3906 | Val Cost: 2172.31 | Val Max P-Miss: 0.3261 | Val Max Q-Miss: 0.1502 | Val Max Gen Viol: 0.0000 | Val Max Thermal: 0.0000
Epoch 4980 | Val Loss: 34.5741 | Val Cost: 2129.80 | Val Max P-Miss: 0.3082 | Val Max Q-Miss: 0.1105 | Val Max Gen Viol: 0.0000 | Val Max Thermal: 0.0000
Epoch 4990 | Val Loss: 41.9213 | Val Cost: 2133.11 | Val Max P-Miss: 0.3847 | Val Max Q-Miss: 0.1838 | Val Max Gen Viol: 0.0000 | Val Max Thermal: 0.0000
Epoch 5000 | Val Loss: 38.7654 | Val Cost: 2132.58 | Val Max P-Miss: 0.3491 | Val Max Q-Miss: 0.1487 | Val Max Gen Viol: 0.0000 | Val Max Thermal: 0.0000
Epoch 5010 | Val Loss: 28.5533 | Val Cost: 2167.44 | Val Max P-Miss: 0.3208 | Val Max Q-Miss: 0.1935 | Val Max Gen Viol: 0.0000 | Val Max Thermal: 0.0000
Epoch 5020 | Val Loss: 29.6180 | Val Cost: 2175.10 | Val Max P-Miss: 0.1664 | Val Max Q-Miss: 0.1136 | Val Max Gen Viol: 0.0000 | Val Max Thermal: 0.0000
Epoch 5030 | Val Loss: 21.2952 | Val Cost: 2162.75 | Val Max P-Miss: 0.2480 | Val Max Q-Miss: 0.1099 | Val Max Gen Viol: 0.0000 | Val Max Thermal: 0.0000
Epoch 5040 | Val Loss: 32.5707 | Val Cost: 2183.76 | Val Max P-Miss: 0.3547 | Val Max Q-Miss: 0.1528 | Val Max Gen Viol: 0.0000 | Val Max Thermal: 0.0000
Epoch 5050 | Val Loss: 26.9910 | Val Cost: 2165.62 | Val Max P-Miss: 0.3234 | Val Max Q-Miss: 0.1449 | Val Max Gen Viol: 0.0000 | Val Max Thermal: 0.0000
Epoch 5060 | Val Loss: 13.1485 | Val Cost: 2155.54 | Val Max P-Miss: 0.1177 | Val Max Q-Miss: 0.0637 | Val Max Gen Viol: 0.0000 | Val Max Thermal: 0.0000
Epoch 5070 | Val Loss: 26.6968 | Val Cost: 2176.88 | Val Max P-Miss: 0.3010 | Val Max Q-Miss: 0.0972 | Val Max Gen Viol: 0.0000 | Val Max Thermal: 0.0000
Epoch 5080 | Val Loss: 60.3230 | Val Cost: 2142.67 | Val Max P-Miss: 0.3735 | Val Max Q-Miss: 0.1400 | Val Max Gen Viol: 0.0000 | Val Max Thermal: 0.0000
Epoch 5090 | Val Loss: 23.7357 | Val Cost: 2158.91 | Val Max P-Miss: 0.3476 | Val Max Q-Miss: 0.1427 | Val Max Gen Viol: 0.0000 | Val Max Thermal: 0.0000
Epoch 5100 | Val Loss: 65.1835 | Val Cost: 2198.31 | Val Max P-Miss: 0.4302 | Val Max Q-Miss: 0.3969 | Val Max Gen Viol: 0.0000 | Val Max Thermal: 0.0000
Epoch 5110 | Val Loss: 29.9560 | Val Cost: 2175.12 | Val Max P-Miss: 0.2813 | Val Max Q-Miss: 0.1302 | Val Max Gen Viol: 0.0000 | Val Max Thermal: 0.0000
Epoch 5120 | Val Loss: 34.1962 | Val Cost: 2160.18 | Val Max P-Miss: 0.3004 | Val Max Q-Miss: 0.1373 | Val Max Gen Viol: 0.0000 | Val Max Thermal: 0.0000
Epoch 5130 | Val Loss: 27.8549 | Val Cost: 2131.58 | Val Max P-Miss: 0.2937 | Val Max Q-Miss: 0.1281 | Val Max Gen Viol: 0.0000 | Val Max Thermal: 0.0000
Epoch 5140 | Val Loss: 26.9612 | Val Cost: 2111.88 | Val Max P-Miss: 0.2806 | Val Max Q-Miss: 0.1168 | Val Max Gen Viol: 0.0000 | Val Max Thermal: 0.0000
Epoch 5150 | Val Loss: 26.2862 | Val Cost: 2104.19 | Val Max P-Miss: 0.2728 | Val Max Q-Miss: 0.1039 | Val Max Gen Viol: 0.0000 | Val Max Thermal: 0.0000
Epoch 5160 | Val Loss: 25.8613 | Val Cost: 2106.78 | Val Max P-Miss: 0.2713 | Val Max Q-Miss: 0.1012 | Val Max Gen Viol: 0.0000 | Val Max Thermal: 0.0000
Epoch 5170 | Val Loss: 24.7178 | Val Cost: 2106.66 | Val Max P-Miss: 0.2648 | Val Max Q-Miss: 0.0957 | Val Max Gen Viol: 0.0000 | Val Max Thermal: 0.0000
Epoch 5180 | Val Loss: 24.5790 | Val Cost: 2108.79 | Val Max P-Miss: 0.2603 | Val Max Q-Miss: 0.0898 | Val Max Gen Viol: 0.0000 | Val Max Thermal: 0.0000
Epoch 5190 | Val Loss: 18.0707 | Val Cost: 2110.76 | Val Max P-Miss: 0.1968 | Val Max Q-Miss: 0.1058 | Val Max Gen Viol: 0.0000 | Val Max Thermal: 0.0000
Epoch 5200 | Val Loss: 35.5133 | Val Cost: 2170.08 | Val Max P-Miss: 0.3854 | Val Max Q-Miss: 0.1838 | Val Max Gen Viol: 0.0000 | Val Max Thermal: 0.0000
Epoch 5210 | Val Loss: 63.1593 | Val Cost: 2152.12 | Val Max P-Miss: 0.5264 | Val Max Q-Miss: 0.2600 | Val Max Gen Viol: 0.0000 | Val Max Thermal: 0.0000
Epoch 5220 | Val Loss: 36.6361 | Val Cost: 2130.03 | Val Max P-Miss: 0.3139 | Val Max Q-Miss: 0.2343 | Val Max Gen Viol: 0.0000 | Val Max Thermal: 0.0000
Epoch 5230 | Val Loss: 52.8622 | Val Cost: 2176.30 | Val Max P-Miss: 0.5444 | Val Max Q-Miss: 0.1823 | Val Max Gen Viol: 0.0000 | Val Max Thermal: 0.0000
Epoch 5240 | Val Loss: 29.5388 | Val Cost: 2183.36 | Val Max P-Miss: 0.3378 | Val Max Q-Miss: 0.1825 | Val Max Gen Viol: 0.0000 | Val Max Thermal: 0.0000
Epoch 5250 | Val Loss: 29.6438 | Val Cost: 2142.21 | Val Max P-Miss: 0.3465 | Val Max Q-Miss: 0.1859 | Val Max Gen Viol: 0.0000 | Val Max Thermal: 0.0000
Epoch 5260 | Val Loss: 24.1167 | Val Cost: 2121.38 | Val Max P-Miss: 0.3077 | Val Max Q-Miss: 0.1332 | Val Max Gen Viol: 0.0000 | Val Max Thermal: 0.0000
Epoch 5270 | Val Loss: 27.7704 | Val Cost: 2115.79 | Val Max P-Miss: 0.3141 | Val Max Q-Miss: 0.1645 | Val Max Gen Viol: 0.0000 | Val Max Thermal: 0.0000
Epoch 5280 | Val Loss: 27.7615 | Val Cost: 2139.95 | Val Max P-Miss: 0.3282 | Val Max Q-Miss: 0.1477 | Val Max Gen Viol: 0.0000 | Val Max Thermal: 0.0000
Epoch 5290 | Val Loss: 18.9399 | Val Cost: 2123.95 | Val Max P-Miss: 0.1765 | Val Max Q-Miss: 0.0869 | Val Max Gen Viol: 0.0000 | Val Max Thermal: 0.0000
Epoch 5300 | Val Loss: 85.5024 | Val Cost: 2183.58 | Val Max P-Miss: 0.4662 | Val Max Q-Miss: 0.3357 | Val Max Gen Viol: 0.0000 | Val Max Thermal: 0.0000
Epoch 5310 | Val Loss: 57.2938 | Val Cost: 2163.62 | Val Max P-Miss: 0.4054 | Val Max Q-Miss: 0.3084 | Val Max Gen Viol: 0.0000 | Val Max Thermal: 0.0000
Epoch 5320 | Val Loss: 40.1737 | Val Cost: 2170.20 | Val Max P-Miss: 0.3088 | Val Max Q-Miss: 0.2153 | Val Max Gen Viol: 0.0000 | Val Max Thermal: 0.0000
Epoch 5330 | Val Loss: 48.8566 | Val Cost: 2135.59 | Val Max P-Miss: 0.3848 | Val Max Q-Miss: 0.1930 | Val Max Gen Viol: 0.0000 | Val Max Thermal: 0.0000
Epoch 5340 | Val Loss: 28.9872 | Val Cost: 2170.24 | Val Max P-Miss: 0.1761 | Val Max Q-Miss: 0.1552 | Val Max Gen Viol: 0.0000 | Val Max Thermal: 0.0000
Epoch 5350 | Val Loss: 20.2147 | Val Cost: 2170.25 | Val Max P-Miss: 0.2433 | Val Max Q-Miss: 0.0990 | Val Max Gen Viol: 0.0000 | Val Max Thermal: 0.0000
Epoch 5360 | Val Loss: 28.7223 | Val Cost: 2153.72 | Val Max P-Miss: 0.3825 | Val Max Q-Miss: 0.1229 | Val Max Gen Viol: 0.0000 | Val Max Thermal: 0.0000
Epoch 5370 | Val Loss: 35.6970 | Val Cost: 2205.72 | Val Max P-Miss: 0.2238 | Val Max Q-Miss: 0.3406 | Val Max Gen Viol: 0.0000 | Val Max Thermal: 0.0000
Epoch 5380 | Val Loss: 21.1936 | Val Cost: 2182.19 | Val Max P-Miss: 0.2241 | Val Max Q-Miss: 0.0793 | Val Max Gen Viol: 0.0000 | Val Max Thermal: 0.0000
Epoch 5390 | Val Loss: 37.3479 | Val Cost: 2163.36 | Val Max P-Miss: 0.2247 | Val Max Q-Miss: 0.1959 | Val Max Gen Viol: 0.0000 | Val Max Thermal: 0.0000
Epoch 5400 | Val Loss: 26.1128 | Val Cost: 2148.96 | Val Max P-Miss: 0.2634 | Val Max Q-Miss: 0.1233 | Val Max Gen Viol: 0.0000 | Val Max Thermal: 0.0000
Epoch 5410 | Val Loss: 25.3800 | Val Cost: 2126.91 | Val Max P-Miss: 0.2525 | Val Max Q-Miss: 0.1192 | Val Max Gen Viol: 0.0000 | Val Max Thermal: 0.0000
Epoch 5420 | Val Loss: 24.3227 | Val Cost: 2111.31 | Val Max P-Miss: 0.2436 | Val Max Q-Miss: 0.1111 | Val Max Gen Viol: 0.0000 | Val Max Thermal: 0.0000
Epoch 5430 | Val Loss: 24.1678 | Val Cost: 2104.23 | Val Max P-Miss: 0.2366 | Val Max Q-Miss: 0.1045 | Val Max Gen Viol: 0.0000 | Val Max Thermal: 0.0000
Epoch 5440 | Val Loss: 22.5420 | Val Cost: 2109.26 | Val Max P-Miss: 0.2299 | Val Max Q-Miss: 0.0942 | Val Max Gen Viol: 0.0000 | Val Max Thermal: 0.0000
Epoch 5450 | Val Loss: 22.5930 | Val Cost: 2106.68 | Val Max P-Miss: 0.2275 | Val Max Q-Miss: 0.0931 | Val Max Gen Viol: 0.0000 | Val Max Thermal: 0.0000
Epoch 5460 | Val Loss: 37.2383 | Val Cost: 2097.32 | Val Max P-Miss: 0.3226 | Val Max Q-Miss: 0.1736 | Val Max Gen Viol: 0.0000 | Val Max Thermal: 0.0000
Epoch 5470 | Val Loss: 23.7065 | Val Cost: 2100.28 | Val Max P-Miss: 0.2875 | Val Max Q-Miss: 0.1366 | Val Max Gen Viol: 0.0000 | Val Max Thermal: 0.0000
Epoch 5480 | Val Loss: 27.4049 | Val Cost: 2121.65 | Val Max P-Miss: 0.2847 | Val Max Q-Miss: 0.1942 | Val Max Gen Viol: 0.0000 | Val Max Thermal: 0.0000
Epoch 5490 | Val Loss: 29.9484 | Val Cost: 2114.30 | Val Max P-Miss: 0.3065 | Val Max Q-Miss: 0.1702 | Val Max Gen Viol: 0.0000 | Val Max Thermal: 0.0000
Epoch 5500 | Val Loss: 23.9283 | Val Cost: 2213.33 | Val Max P-Miss: 0.2698 | Val Max Q-Miss: 0.1583 | Val Max Gen Viol: 0.0000 | Val Max Thermal: 0.0000
Epoch 5510 | Val Loss: 37.6036 | Val Cost: 2242.14 | Val Max P-Miss: 0.3612 | Val Max Q-Miss: 0.1957 | Val Max Gen Viol: 0.0000 | Val Max Thermal: 0.0000
Epoch 5520 | Val Loss: 33.4018 | Val Cost: 2209.90 | Val Max P-Miss: 0.4194 | Val Max Q-Miss: 0.0648 | Val Max Gen Viol: 0.0000 | Val Max Thermal: 0.0000
Epoch 5530 | Val Loss: 28.4032 | Val Cost: 2146.09 | Val Max P-Miss: 0.3443 | Val Max Q-Miss: 0.1636 | Val Max Gen Viol: 0.0000 | Val Max Thermal: 0.0000
Epoch 5540 | Val Loss: 28.3259 | Val Cost: 2116.31 | Val Max P-Miss: 0.3283 | Val Max Q-Miss: 0.1533 | Val Max Gen Viol: 0.0000 | Val Max Thermal: 0.0000
Epoch 5550 | Val Loss: 27.9815 | Val Cost: 2096.62 | Val Max P-Miss: 0.3184 | Val Max Q-Miss: 0.1389 | Val Max Gen Viol: 0.0000 | Val Max Thermal: 0.0000
Epoch 5560 | Val Loss: 26.1744 | Val Cost: 2094.42 | Val Max P-Miss: 0.3081 | Val Max Q-Miss: 0.1326 | Val Max Gen Viol: 0.0000 | Val Max Thermal: 0.0000
Epoch 5570 | Val Loss: 23.1335 | Val Cost: 2097.19 | Val Max P-Miss: 0.3011 | Val Max Q-Miss: 0.1254 | Val Max Gen Viol: 0.0000 | Val Max Thermal: 0.0000
Epoch 5580 | Val Loss: 40.5474 | Val Cost: 2367.33 | Val Max P-Miss: 0.3050 | Val Max Q-Miss: 0.2589 | Val Max Gen Viol: 0.0000 | Val Max Thermal: 0.0000
Epoch 5590 | Val Loss: 63.3978 | Val Cost: 2259.17 | Val Max P-Miss: 0.5597 | Val Max Q-Miss: 0.2608 | Val Max Gen Viol: 0.0000 | Val Max Thermal: 0.0000
Epoch 5600 | Val Loss: 25.9811 | Val Cost: 2208.69 | Val Max P-Miss: 0.2365 | Val Max Q-Miss: 0.2140 | Val Max Gen Viol: 0.0000 | Val Max Thermal: 0.0000
Epoch 5610 | Val Loss: 28.1410 | Val Cost: 2171.10 | Val Max P-Miss: 0.2937 | Val Max Q-Miss: 0.1461 | Val Max Gen Viol: 0.0000 | Val Max Thermal: 0.0000
Epoch 5620 | Val Loss: 27.8645 | Val Cost: 2131.38 | Val Max P-Miss: 0.2866 | Val Max Q-Miss: 0.1335 | Val Max Gen Viol: 0.0000 | Val Max Thermal: 0.0000
Epoch 5630 | Val Loss: 26.8024 | Val Cost: 2108.16 | Val Max P-Miss: 0.2689 | Val Max Q-Miss: 0.1236 | Val Max Gen Viol: 0.0000 | Val Max Thermal: 0.0000
Epoch 5640 | Val Loss: 25.6940 | Val Cost: 2102.01 | Val Max P-Miss: 0.2619 | Val Max Q-Miss: 0.1177 | Val Max Gen Viol: 0.0000 | Val Max Thermal: 0.0000
Epoch 5650 | Val Loss: 24.6671 | Val Cost: 2096.05 | Val Max P-Miss: 0.2479 | Val Max Q-Miss: 0.1088 | Val Max Gen Viol: 0.0000 | Val Max Thermal: 0.0000
Epoch 5660 | Val Loss: 19.8598 | Val Cost: 2090.91 | Val Max P-Miss: 0.2501 | Val Max Q-Miss: 0.0988 | Val Max Gen Viol: 0.0000 | Val Max Thermal: 0.0000
Epoch 5670 | Val Loss: 87.2912 | Val Cost: 2274.52 | Val Max P-Miss: 0.4178 | Val Max Q-Miss: 0.5267 | Val Max Gen Viol: 0.0000 | Val Max Thermal: 0.0000
Epoch 5680 | Val Loss: 35.6568 | Val Cost: 2176.92 | Val Max P-Miss: 0.2971 | Val Max Q-Miss: 0.1570 | Val Max Gen Viol: 0.0000 | Val Max Thermal: 0.0000
Epoch 5690 | Val Loss: 48.2876 | Val Cost: 2133.38 | Val Max P-Miss: 0.4169 | Val Max Q-Miss: 0.2873 | Val Max Gen Viol: 0.0000 | Val Max Thermal: 0.0000
Epoch 5700 | Val Loss: 55.0526 | Val Cost: 2284.45 | Val Max P-Miss: 0.4296 | Val Max Q-Miss: 0.2356 | Val Max Gen Viol: 0.0000 | Val Max Thermal: 0.0000
Epoch 5710 | Val Loss: 69.0772 | Val Cost: 2194.27 | Val Max P-Miss: 0.4661 | Val Max Q-Miss: 0.2912 | Val Max Gen Viol: 0.0000 | Val Max Thermal: 0.0000
Epoch 5720 | Val Loss: 40.2131 | Val Cost: 2254.97 | Val Max P-Miss: 0.3738 | Val Max Q-Miss: 0.2592 | Val Max Gen Viol: 0.0000 | Val Max Thermal: 0.0000
Epoch 5730 | Val Loss: 27.8314 | Val Cost: 2182.85 | Val Max P-Miss: 0.3464 | Val Max Q-Miss: 0.1631 | Val Max Gen Viol: 0.0000 | Val Max Thermal: 0.0000
Epoch 5740 | Val Loss: 24.4646 | Val Cost: 2139.49 | Val Max P-Miss: 0.3316 | Val Max Q-Miss: 0.1550 | Val Max Gen Viol: 0.0000 | Val Max Thermal: 0.0000
Epoch 5750 | Val Loss: 23.4603 | Val Cost: 2115.03 | Val Max P-Miss: 0.3198 | Val Max Q-Miss: 0.1514 | Val Max Gen Viol: 0.0000 | Val Max Thermal: 0.0000
Epoch 5760 | Val Loss: 22.9869 | Val Cost: 2096.50 | Val Max P-Miss: 0.3016 | Val Max Q-Miss: 0.1235 | Val Max Gen Viol: 0.0000 | Val Max Thermal: 0.0000
Epoch 5770 | Val Loss: 35.0113 | Val Cost: 2226.17 | Val Max P-Miss: 0.3389 | Val Max Q-Miss: 0.1586 | Val Max Gen Viol: 0.0000 | Val Max Thermal: 0.0000
Epoch 5780 | Val Loss: 23.7371 | Val Cost: 2161.30 | Val Max P-Miss: 0.2976 | Val Max Q-Miss: 0.1154 | Val Max Gen Viol: 0.0000 | Val Max Thermal: 0.0000
Epoch 5790 | Val Loss: 23.8134 | Val Cost: 2128.08 | Val Max P-Miss: 0.1866 | Val Max Q-Miss: 0.1061 | Val Max Gen Viol: 0.0000 | Val Max Thermal: 0.0000
Epoch 5800 | Val Loss: 34.6310 | Val Cost: 2228.93 | Val Max P-Miss: 0.3271 | Val Max Q-Miss: 0.1578 | Val Max Gen Viol: 0.0000 | Val Max Thermal: 0.0000
Epoch 5810 | Val Loss: 20.2900 | Val Cost: 2158.79 | Val Max P-Miss: 0.2843 | Val Max Q-Miss: 0.1127 | Val Max Gen Viol: 0.0000 | Val Max Thermal: 0.0000
Epoch 5820 | Val Loss: 26.3264 | Val Cost: 2122.84 | Val Max P-Miss: 0.2949 | Val Max Q-Miss: 0.1276 | Val Max Gen Viol: 0.0000 | Val Max Thermal: 0.0000
Epoch 5830 | Val Loss: 27.2269 | Val Cost: 2134.15 | Val Max P-Miss: 0.2257 | Val Max Q-Miss: 0.1155 | Val Max Gen Viol: 0.0000 | Val Max Thermal: 0.0000
Epoch 5840 | Val Loss: 45.3970 | Val Cost: 2215.19 | Val Max P-Miss: 0.4829 | Val Max Q-Miss: 0.2264 | Val Max Gen Viol: 0.0000 | Val Max Thermal: 0.0000
Epoch 5850 | Val Loss: 49.2349 | Val Cost: 2139.55 | Val Max P-Miss: 0.2746 | Val Max Q-Miss: 0.2379 | Val Max Gen Viol: 0.0000 | Val Max Thermal: 0.0000
Epoch 5860 | Val Loss: 24.5915 | Val Cost: 2145.73 | Val Max P-Miss: 0.2882 | Val Max Q-Miss: 0.0908 | Val Max Gen Viol: 0.0000 | Val Max Thermal: 0.0000
Epoch 5870 | Val Loss: 21.9242 | Val Cost: 2126.86 | Val Max P-Miss: 0.2756 | Val Max Q-Miss: 0.0799 | Val Max Gen Viol: 0.0000 | Val Max Thermal: 0.0000
Epoch 5880 | Val Loss: 19.8445 | Val Cost: 2118.88 | Val Max P-Miss: 0.2682 | Val Max Q-Miss: 0.0736 | Val Max Gen Viol: 0.0000 | Val Max Thermal: 0.0000
Epoch 5890 | Val Loss: 17.9497 | Val Cost: 2114.88 | Val Max P-Miss: 0.2586 | Val Max Q-Miss: 0.0716 | Val Max Gen Viol: 0.0000 | Val Max Thermal: 0.0000
Epoch 5900 | Val Loss: 15.9824 | Val Cost: 2113.05 | Val Max P-Miss: 0.2525 | Val Max Q-Miss: 0.0668 | Val Max Gen Viol: 0.0000 | Val Max Thermal: 0.0000
Epoch 5910 | Val Loss: 53.3175 | Val Cost: 2235.71 | Val Max P-Miss: 0.5083 | Val Max Q-Miss: 0.2502 | Val Max Gen Viol: 0.0000 | Val Max Thermal: 0.0000
Epoch 5920 | Val Loss: 22.1425 | Val Cost: 2182.10 | Val Max P-Miss: 0.3019 | Val Max Q-Miss: 0.1348 | Val Max Gen Viol: 0.0000 | Val Max Thermal: 0.0000
Epoch 5930 | Val Loss: 34.2918 | Val Cost: 2108.00 | Val Max P-Miss: 0.2622 | Val Max Q-Miss: 0.2186 | Val Max Gen Viol: 0.0000 | Val Max Thermal: 0.0000
Epoch 5940 | Val Loss: 38.3521 | Val Cost: 2215.89 | Val Max P-Miss: 0.4045 | Val Max Q-Miss: 0.3296 | Val Max Gen Viol: 0.0000 | Val Max Thermal: 0.0000
Epoch 5950 | Val Loss: 53.2945 | Val Cost: 2176.77 | Val Max P-Miss: 0.3724 | Val Max Q-Miss: 0.2839 | Val Max Gen Viol: 0.0000 | Val Max Thermal: 0.0000
Epoch 5960 | Val Loss: 33.9517 | Val Cost: 2155.53 | Val Max P-Miss: 0.2812 | Val Max Q-Miss: 0.1267 | Val Max Gen Viol: 0.0000 | Val Max Thermal: 0.0000
Epoch 5970 | Val Loss: 22.3664 | Val Cost: 2163.77 | Val Max P-Miss: 0.2460 | Val Max Q-Miss: 0.1188 | Val Max Gen Viol: 0.0000 | Val Max Thermal: 0.0000
Epoch 5980 | Val Loss: 19.8197 | Val Cost: 2121.00 | Val Max P-Miss: 0.2556 | Val Max Q-Miss: 0.1183 | Val Max Gen Viol: 0.0000 | Val Max Thermal: 0.0000
Epoch 5990 | Val Loss: 19.6475 | Val Cost: 2107.63 | Val Max P-Miss: 0.2464 | Val Max Q-Miss: 0.1124 | Val Max Gen Viol: 0.0000 | Val Max Thermal: 0.0000
Epoch 6000 | Val Loss: 19.4972 | Val Cost: 2103.68 | Val Max P-Miss: 0.2404 | Val Max Q-Miss: 0.1059 | Val Max Gen Viol: 0.0000 | Val Max Thermal: 0.0000
Epoch 6010 | Val Loss: 19.6127 | Val Cost: 2105.01 | Val Max P-Miss: 0.2336 | Val Max Q-Miss: 0.1006 | Val Max Gen Viol: 0.0000 | Val Max Thermal: 0.0000
Epoch 6020 | Val Loss: 73.5706 | Val Cost: 2071.79 | Val Max P-Miss: 0.6814 | Val Max Q-Miss: 0.4045 | Val Max Gen Viol: 0.0000 | Val Max Thermal: 0.0000
Epoch 6030 | Val Loss: 34.7676 | Val Cost: 2319.15 | Val Max P-Miss: 0.4240 | Val Max Q-Miss: 0.1968 | Val Max Gen Viol: 0.0000 | Val Max Thermal: 0.0000
Epoch 6040 | Val Loss: 25.5006 | Val Cost: 2157.43 | Val Max P-Miss: 0.3006 | Val Max Q-Miss: 0.1394 | Val Max Gen Viol: 0.0000 | Val Max Thermal: 0.0000
Epoch 6050 | Val Loss: 20.3195 | Val Cost: 2106.58 | Val Max P-Miss: 0.2830 | Val Max Q-Miss: 0.1158 | Val Max Gen Viol: 0.0000 | Val Max Thermal: 0.0000
Epoch 6060 | Val Loss: 44.8283 | Val Cost: 2118.91 | Val Max P-Miss: 0.4078 | Val Max Q-Miss: 0.2481 | Val Max Gen Viol: 0.0000 | Val Max Thermal: 0.0000
Epoch 6070 | Val Loss: 27.0671 | Val Cost: 2150.96 | Val Max P-Miss: 0.2695 | Val Max Q-Miss: 0.1439 | Val Max Gen Viol: 0.0000 | Val Max Thermal: 0.0000
Epoch 6080 | Val Loss: 27.6266 | Val Cost: 2116.17 | Val Max P-Miss: 0.3428 | Val Max Q-Miss: 0.1622 | Val Max Gen Viol: 0.0000 | Val Max Thermal: 0.0000
Epoch 6090 | Val Loss: 12.9437 | Val Cost: 2129.29 | Val Max P-Miss: 0.1169 | Val Max Q-Miss: 0.0989 | Val Max Gen Viol: 0.0000 | Val Max Thermal: 0.0000 [*SAVED BEST*]
Epoch 6100 | Val Loss: 52.8307 | Val Cost: 2167.37 | Val Max P-Miss: 0.4150 | Val Max Q-Miss: 0.1627 | Val Max Gen Viol: 0.0000 | Val Max Thermal: 0.0000
Epoch 6110 | Val Loss: 18.2555 | Val Cost: 2172.37 | Val Max P-Miss: 0.2275 | Val Max Q-Miss: 0.1139 | Val Max Gen Viol: 0.0000 | Val Max Thermal: 0.0000
Epoch 6120 | Val Loss: 19.2951 | Val Cost: 2139.57 | Val Max P-Miss: 0.2204 | Val Max Q-Miss: 0.1131 | Val Max Gen Viol: 0.0000 | Val Max Thermal: 0.0000
Epoch 6130 | Val Loss: 34.6774 | Val Cost: 2263.85 | Val Max P-Miss: 0.4086 | Val Max Q-Miss: 0.1474 | Val Max Gen Viol: 0.0000 | Val Max Thermal: 0.0000
Epoch 6140 | Val Loss: 20.1669 | Val Cost: 2193.19 | Val Max P-Miss: 0.2152 | Val Max Q-Miss: 0.1020 | Val Max Gen Viol: 0.0000 | Val Max Thermal: 0.0000
Epoch 6150 | Val Loss: 36.9219 | Val Cost: 2166.80 | Val Max P-Miss: 0.3781 | Val Max Q-Miss: 0.1817 | Val Max Gen Viol: 0.0000 | Val Max Thermal: 0.0000
Epoch 6160 | Val Loss: 40.4410 | Val Cost: 2123.06 | Val Max P-Miss: 0.3446 | Val Max Q-Miss: 0.1731 | Val Max Gen Viol: 0.0000 | Val Max Thermal: 0.0000
Epoch 6170 | Val Loss: 49.9652 | Val Cost: 2140.88 | Val Max P-Miss: 0.4593 | Val Max Q-Miss: 0.2667 | Val Max Gen Viol: 0.0000 | Val Max Thermal: 0.0000
Epoch 6180 | Val Loss: 62.8311 | Val Cost: 2234.55 | Val Max P-Miss: 0.4257 | Val Max Q-Miss: 0.1867 | Val Max Gen Viol: 0.0000 | Val Max Thermal: 0.0000
Epoch 6190 | Val Loss: 49.6651 | Val Cost: 2174.71 | Val Max P-Miss: 0.3951 | Val Max Q-Miss: 0.1936 | Val Max Gen Viol: 0.0000 | Val Max Thermal: 0.0000
Epoch 6200 | Val Loss: 32.4163 | Val Cost: 2226.83 | Val Max P-Miss: 0.2466 | Val Max Q-Miss: 0.2200 | Val Max Gen Viol: 0.0000 | Val Max Thermal: 0.0000
Epoch 6210 | Val Loss: 37.4501 | Val Cost: 2181.61 | Val Max P-Miss: 0.4500 | Val Max Q-Miss: 0.2228 | Val Max Gen Viol: 0.0000 | Val Max Thermal: 0.0000
Epoch 6220 | Val Loss: 41.8702 | Val Cost: 2191.92 | Val Max P-Miss: 0.3150 | Val Max Q-Miss: 0.2436 | Val Max Gen Viol: 0.0000 | Val Max Thermal: 0.0000
Epoch 6230 | Val Loss: 33.2530 | Val Cost: 2140.76 | Val Max P-Miss: 0.2435 | Val Max Q-Miss: 0.1323 | Val Max Gen Viol: 0.0000 | Val Max Thermal: 0.0000
Epoch 6240 | Val Loss: 30.3948 | Val Cost: 2254.27 | Val Max P-Miss: 0.3203 | Val Max Q-Miss: 0.1288 | Val Max Gen Viol: 0.0000 | Val Max Thermal: 0.0000
Epoch 6250 | Val Loss: 46.5963 | Val Cost: 2211.79 | Val Max P-Miss: 0.4503 | Val Max Q-Miss: 0.2415 | Val Max Gen Viol: 0.0000 | Val Max Thermal: 0.0000
Epoch 6260 | Val Loss: 23.8167 | Val Cost: 2151.83 | Val Max P-Miss: 0.2789 | Val Max Q-Miss: 0.1357 | Val Max Gen Viol: 0.0000 | Val Max Thermal: 0.0000
Epoch 6270 | Val Loss: 20.5711 | Val Cost: 2166.65 | Val Max P-Miss: 0.1551 | Val Max Q-Miss: 0.0742 | Val Max Gen Viol: 0.0000 | Val Max Thermal: 0.0000
Epoch 6280 | Val Loss: 49.9330 | Val Cost: 2138.76 | Val Max P-Miss: 0.5596 | Val Max Q-Miss: 0.2044 | Val Max Gen Viol: 0.0000 | Val Max Thermal: 0.0000
Epoch 6290 | Val Loss: 19.2295 | Val Cost: 2201.11 | Val Max P-Miss: 0.2051 | Val Max Q-Miss: 0.0841 | Val Max Gen Viol: 0.0000 | Val Max Thermal: 0.0000
Epoch 6300 | Val Loss: 20.5926 | Val Cost: 2139.14 | Val Max P-Miss: 0.2365 | Val Max Q-Miss: 0.1416 | Val Max Gen Viol: 0.0000 | Val Max Thermal: 0.0000
Epoch 6310 | Val Loss: 24.5917 | Val Cost: 2140.75 | Val Max P-Miss: 0.2334 | Val Max Q-Miss: 0.1236 | Val Max Gen Viol: 0.0000 | Val Max Thermal: 0.0000
Epoch 6320 | Val Loss: 17.8389 | Val Cost: 2118.92 | Val Max P-Miss: 0.2597 | Val Max Q-Miss: 0.1209 | Val Max Gen Viol: 0.0000 | Val Max Thermal: 0.0000
Epoch 6330 | Val Loss: 17.2837 | Val Cost: 2107.02 | Val Max P-Miss: 0.2494 | Val Max Q-Miss: 0.1132 | Val Max Gen Viol: 0.0000 | Val Max Thermal: 0.0000
Epoch 6340 | Val Loss: 15.8860 | Val Cost: 2101.53 | Val Max P-Miss: 0.2412 | Val Max Q-Miss: 0.1084 | Val Max Gen Viol: 0.0000 | Val Max Thermal: 0.0000
Epoch 6350 | Val Loss: 15.3448 | Val Cost: 2101.49 | Val Max P-Miss: 0.2359 | Val Max Q-Miss: 0.1020 | Val Max Gen Viol: 0.0000 | Val Max Thermal: 0.0000
Epoch 6360 | Val Loss: 16.5094 | Val Cost: 2106.50 | Val Max P-Miss: 0.2438 | Val Max Q-Miss: 0.1015 | Val Max Gen Viol: 0.0000 | Val Max Thermal: 0.0000
Epoch 6370 | Val Loss: 15.7045 | Val Cost: 2105.61 | Val Max P-Miss: 0.2242 | Val Max Q-Miss: 0.0875 | Val Max Gen Viol: 0.0000 | Val Max Thermal: 0.0000
Epoch 6380 | Val Loss: 56.3713 | Val Cost: 2085.48 | Val Max P-Miss: 0.5153 | Val Max Q-Miss: 0.2726 | Val Max Gen Viol: 0.0000 | Val Max Thermal: 0.0000
Epoch 6390 | Val Loss: 60.0101 | Val Cost: 2204.78 | Val Max P-Miss: 0.4485 | Val Max Q-Miss: 0.2987 | Val Max Gen Viol: 0.0000 | Val Max Thermal: 0.0000
Epoch 6400 | Val Loss: 32.0610 | Val Cost: 2139.12 | Val Max P-Miss: 0.3881 | Val Max Q-Miss: 0.1826 | Val Max Gen Viol: 0.0000 | Val Max Thermal: 0.0000
Epoch 6410 | Val Loss: 43.2270 | Val Cost: 2131.45 | Val Max P-Miss: 0.1468 | Val Max Q-Miss: 0.4577 | Val Max Gen Viol: 0.0000 | Val Max Thermal: 0.0000
Epoch 6420 | Val Loss: 37.0323 | Val Cost: 2115.95 | Val Max P-Miss: 0.2846 | Val Max Q-Miss: 0.1182 | Val Max Gen Viol: 0.0000 | Val Max Thermal: 0.0000
Epoch 6430 | Val Loss: 31.5340 | Val Cost: 2110.95 | Val Max P-Miss: 0.3720 | Val Max Q-Miss: 0.2033 | Val Max Gen Viol: 0.0000 | Val Max Thermal: 0.0000
Epoch 6440 | Val Loss: 44.1263 | Val Cost: 2212.65 | Val Max P-Miss: 0.3300 | Val Max Q-Miss: 0.1806 | Val Max Gen Viol: 0.0000 | Val Max Thermal: 0.0000
Epoch 6450 | Val Loss: 23.2287 | Val Cost: 2237.38 | Val Max P-Miss: 0.1857 | Val Max Q-Miss: 0.2308 | Val Max Gen Viol: 0.0000 | Val Max Thermal: 0.0000
Epoch 6460 | Val Loss: 19.6608 | Val Cost: 2201.89 | Val Max P-Miss: 0.1765 | Val Max Q-Miss: 0.1123 | Val Max Gen Viol: 0.0000 | Val Max Thermal: 0.0000
Epoch 6470 | Val Loss: 19.7710 | Val Cost: 2162.43 | Val Max P-Miss: 0.2923 | Val Max Q-Miss: 0.1429 | Val Max Gen Viol: 0.0000 | Val Max Thermal: 0.0000
Epoch 6480 | Val Loss: 16.4544 | Val Cost: 2135.70 | Val Max P-Miss: 0.2568 | Val Max Q-Miss: 0.1338 | Val Max Gen Viol: 0.0000 | Val Max Thermal: 0.0000
Epoch 6490 | Val Loss: 40.4277 | Val Cost: 2123.46 | Val Max P-Miss: 0.1796 | Val Max Q-Miss: 0.4011 | Val Max Gen Viol: 0.0000 | Val Max Thermal: 0.0000
Epoch 6500 | Val Loss: 19.6588 | Val Cost: 2209.04 | Val Max P-Miss: 0.2381 | Val Max Q-Miss: 0.1018 | Val Max Gen Viol: 0.0000 | Val Max Thermal: 0.0000
Epoch 6510 | Val Loss: 20.9543 | Val Cost: 2179.31 | Val Max P-Miss: 0.1924 | Val Max Q-Miss: 0.1087 | Val Max Gen Viol: 0.0000 | Val Max Thermal: 0.0000
Epoch 6520 | Val Loss: 21.8586 | Val Cost: 2126.82 | Val Max P-Miss: 0.2408 | Val Max Q-Miss: 0.0912 | Val Max Gen Viol: 0.0000 | Val Max Thermal: 0.0000
Epoch 6530 | Val Loss: 29.0307 | Val Cost: 2212.81 | Val Max P-Miss: 0.2816 | Val Max Q-Miss: 0.1061 | Val Max Gen Viol: 0.0000 | Val Max Thermal: 0.0000
Epoch 6540 | Val Loss: 29.8938 | Val Cost: 2178.46 | Val Max P-Miss: 0.2463 | Val Max Q-Miss: 0.2457 | Val Max Gen Viol: 0.0000 | Val Max Thermal: 0.0000
Epoch 6550 | Val Loss: 15.2527 | Val Cost: 2149.77 | Val Max P-Miss: 0.1451 | Val Max Q-Miss: 0.1080 | Val Max Gen Viol: 0.0000 | Val Max Thermal: 0.0000
Epoch 6560 | Val Loss: 25.3458 | Val Cost: 2121.71 | Val Max P-Miss: 0.2733 | Val Max Q-Miss: 0.0980 | Val Max Gen Viol: 0.0000 | Val Max Thermal: 0.0000
Epoch 6570 | Val Loss: 20.8011 | Val Cost: 2184.38 | Val Max P-Miss: 0.1974 | Val Max Q-Miss: 0.1873 | Val Max Gen Viol: 0.0000 | Val Max Thermal: 0.0000
Epoch 6580 | Val Loss: 13.4919 | Val Cost: 2146.37 | Val Max P-Miss: 0.1343 | Val Max Q-Miss: 0.0683 | Val Max Gen Viol: 0.0000 | Val Max Thermal: 0.0000
Epoch 6590 | Val Loss: 12.1371 | Val Cost: 2141.08 | Val Max P-Miss: 0.1554 | Val Max Q-Miss: 0.0714 | Val Max Gen Viol: 0.0000 | Val Max Thermal: 0.0000 [*SAVED BEST*]
Epoch 6600 | Val Loss: 31.5550 | Val Cost: 2144.94 | Val Max P-Miss: 0.2565 | Val Max Q-Miss: 0.1571 | Val Max Gen Viol: 0.0000 | Val Max Thermal: 0.0000
Epoch 6610 | Val Loss: 32.8068 | Val Cost: 2133.16 | Val Max P-Miss: 0.3701 | Val Max Q-Miss: 0.1707 | Val Max Gen Viol: 0.0000 | Val Max Thermal: 0.0000
Epoch 6620 | Val Loss: 69.3966 | Val Cost: 2281.69 | Val Max P-Miss: 0.2502 | Val Max Q-Miss: 0.4921 | Val Max Gen Viol: 0.0000 | Val Max Thermal: 0.0000
Epoch 6630 | Val Loss: 26.5972 | Val Cost: 2186.67 | Val Max P-Miss: 0.2637 | Val Max Q-Miss: 0.1103 | Val Max Gen Viol: 0.0000 | Val Max Thermal: 0.0000
Epoch 6640 | Val Loss: 25.0235 | Val Cost: 2165.84 | Val Max P-Miss: 0.2779 | Val Max Q-Miss: 0.1200 | Val Max Gen Viol: 0.0000 | Val Max Thermal: 0.0000
Epoch 6650 | Val Loss: 37.8125 | Val Cost: 2116.25 | Val Max P-Miss: 0.3011 | Val Max Q-Miss: 0.2024 | Val Max Gen Viol: 0.0000 | Val Max Thermal: 0.0000
Epoch 6660 | Val Loss: 24.3483 | Val Cost: 2131.02 | Val Max P-Miss: 0.2622 | Val Max Q-Miss: 0.1146 | Val Max Gen Viol: 0.0000 | Val Max Thermal: 0.0000
Epoch 6670 | Val Loss: 23.6479 | Val Cost: 2117.34 | Val Max P-Miss: 0.2557 | Val Max Q-Miss: 0.1013 | Val Max Gen Viol: 0.0000 | Val Max Thermal: 0.0000
Epoch 6680 | Val Loss: 24.4455 | Val Cost: 2116.68 | Val Max P-Miss: 0.3419 | Val Max Q-Miss: 0.1064 | Val Max Gen Viol: 0.0000 | Val Max Thermal: 0.0000
Epoch 6690 | Val Loss: 16.2261 | Val Cost: 2109.38 | Val Max P-Miss: 0.2264 | Val Max Q-Miss: 0.1097 | Val Max Gen Viol: 0.0000 | Val Max Thermal: 0.0000
Epoch 6700 | Val Loss: 28.1200 | Val Cost: 2223.81 | Val Max P-Miss: 0.1701 | Val Max Q-Miss: 0.1300 | Val Max Gen Viol: 0.0000 | Val Max Thermal: 0.0000
Epoch 6710 | Val Loss: 75.4782 | Val Cost: 2078.19 | Val Max P-Miss: 0.4071 | Val Max Q-Miss: 0.3068 | Val Max Gen Viol: 0.0000 | Val Max Thermal: 0.0000
Epoch 6720 | Val Loss: 18.5628 | Val Cost: 2142.53 | Val Max P-Miss: 0.2386 | Val Max Q-Miss: 0.1054 | Val Max Gen Viol: 0.0000 | Val Max Thermal: 0.0000
Epoch 6730 | Val Loss: 17.6411 | Val Cost: 2110.35 | Val Max P-Miss: 0.2305 | Val Max Q-Miss: 0.1002 | Val Max Gen Viol: 0.0000 | Val Max Thermal: 0.0000
Epoch 6740 | Val Loss: 17.0682 | Val Cost: 2107.24 | Val Max P-Miss: 0.2280 | Val Max Q-Miss: 0.0931 | Val Max Gen Viol: 0.0000 | Val Max Thermal: 0.0000
Epoch 6750 | Val Loss: 16.4843 | Val Cost: 2105.57 | Val Max P-Miss: 0.2237 | Val Max Q-Miss: 0.0844 | Val Max Gen Viol: 0.0000 | Val Max Thermal: 0.0000
Epoch 6760 | Val Loss: 15.9655 | Val Cost: 2107.56 | Val Max P-Miss: 0.2232 | Val Max Q-Miss: 0.0792 | Val Max Gen Viol: 0.0000 | Val Max Thermal: 0.0000
Epoch 6770 | Val Loss: 29.5625 | Val Cost: 2086.88 | Val Max P-Miss: 0.3041 | Val Max Q-Miss: 0.2290 | Val Max Gen Viol: 0.0000 | Val Max Thermal: 0.0000
Epoch 6780 | Val Loss: 23.7521 | Val Cost: 2058.11 | Val Max P-Miss: 0.3156 | Val Max Q-Miss: 0.1656 | Val Max Gen Viol: 0.0000 | Val Max Thermal: 0.0000
Epoch 6790 | Val Loss: 24.7753 | Val Cost: 2084.08 | Val Max P-Miss: 0.3059 | Val Max Q-Miss: 0.1154 | Val Max Gen Viol: 0.0000 | Val Max Thermal: 0.0000
Epoch 6800 | Val Loss: 29.2347 | Val Cost: 2071.50 | Val Max P-Miss: 0.3168 | Val Max Q-Miss: 0.1834 | Val Max Gen Viol: 0.0000 | Val Max Thermal: 0.0000
Epoch 6810 | Val Loss: 17.5517 | Val Cost: 2150.88 | Val Max P-Miss: 0.1272 | Val Max Q-Miss: 0.0587 | Val Max Gen Viol: 0.0000 | Val Max Thermal: 0.0000
Epoch 6820 | Val Loss: 34.4795 | Val Cost: 2146.02 | Val Max P-Miss: 0.2853 | Val Max Q-Miss: 0.1550 | Val Max Gen Viol: 0.0000 | Val Max Thermal: 0.0000
Epoch 6830 | Val Loss: 49.1991 | Val Cost: 2239.78 | Val Max P-Miss: 0.1677 | Val Max Q-Miss: 0.5092 | Val Max Gen Viol: 0.0000 | Val Max Thermal: 0.0000
Epoch 6840 | Val Loss: 22.2865 | Val Cost: 2197.32 | Val Max P-Miss: 0.2983 | Val Max Q-Miss: 0.1427 | Val Max Gen Viol: 0.0000 | Val Max Thermal: 0.0000
Epoch 6850 | Val Loss: 22.8647 | Val Cost: 2125.61 | Val Max P-Miss: 0.2809 | Val Max Q-Miss: 0.1371 | Val Max Gen Viol: 0.0000 | Val Max Thermal: 0.0000
Epoch 6860 | Val Loss: 25.1984 | Val Cost: 2117.99 | Val Max P-Miss: 0.1985 | Val Max Q-Miss: 0.1092 | Val Max Gen Viol: 0.0000 | Val Max Thermal: 0.0000
Epoch 6870 | Val Loss: 28.4093 | Val Cost: 2186.97 | Val Max P-Miss: 0.3397 | Val Max Q-Miss: 0.1374 | Val Max Gen Viol: 0.0000 | Val Max Thermal: 0.0000
Epoch 6880 | Val Loss: 36.9884 | Val Cost: 2162.89 | Val Max P-Miss: 0.4222 | Val Max Q-Miss: 0.1814 | Val Max Gen Viol: 0.0000 | Val Max Thermal: 0.0000
Epoch 6890 | Val Loss: 38.4186 | Val Cost: 2175.77 | Val Max P-Miss: 0.3170 | Val Max Q-Miss: 0.2650 | Val Max Gen Viol: 0.0000 | Val Max Thermal: 0.0000
Epoch 6900 | Val Loss: 31.9053 | Val Cost: 2109.61 | Val Max P-Miss: 0.2675 | Val Max Q-Miss: 0.1437 | Val Max Gen Viol: 0.0000 | Val Max Thermal: 0.0000
Epoch 6910 | Val Loss: 19.0423 | Val Cost: 2205.73 | Val Max P-Miss: 0.0995 | Val Max Q-Miss: 0.1527 | Val Max Gen Viol: 0.0000 | Val Max Thermal: 0.0000
Epoch 6920 | Val Loss: 29.4622 | Val Cost: 2175.11 | Val Max P-Miss: 0.3269 | Val Max Q-Miss: 0.2002 | Val Max Gen Viol: 0.0000 | Val Max Thermal: 0.0000
Epoch 6930 | Val Loss: 17.3744 | Val Cost: 2121.88 | Val Max P-Miss: 0.2516 | Val Max Q-Miss: 0.1004 | Val Max Gen Viol: 0.0000 | Val Max Thermal: 0.0000
Epoch 6940 | Val Loss: 25.6004 | Val Cost: 2224.66 | Val Max P-Miss: 0.2583 | Val Max Q-Miss: 0.1187 | Val Max Gen Viol: 0.0000 | Val Max Thermal: 0.0000
Epoch 6950 | Val Loss: 27.3313 | Val Cost: 2125.83 | Val Max P-Miss: 0.2777 | Val Max Q-Miss: 0.1852 | Val Max Gen Viol: 0.0000 | Val Max Thermal: 0.0000
Epoch 6960 | Val Loss: 26.7041 | Val Cost: 2147.39 | Val Max P-Miss: 0.3565 | Val Max Q-Miss: 0.1122 | Val Max Gen Viol: 0.0000 | Val Max Thermal: 0.0000
Epoch 6970 | Val Loss: 30.4657 | Val Cost: 2299.69 | Val Max P-Miss: 0.2548 | Val Max Q-Miss: 0.1772 | Val Max Gen Viol: 0.0000 | Val Max Thermal: 0.0000
Epoch 6980 | Val Loss: 31.5155 | Val Cost: 2157.06 | Val Max P-Miss: 0.3524 | Val Max Q-Miss: 0.1404 | Val Max Gen Viol: 0.0000 | Val Max Thermal: 0.0000
Epoch 6990 | Val Loss: 27.2105 | Val Cost: 2141.61 | Val Max P-Miss: 0.2914 | Val Max Q-Miss: 0.1371 | Val Max Gen Viol: 0.0000 | Val Max Thermal: 0.0000
Epoch 7000 | Val Loss: 35.3981 | Val Cost: 2085.93 | Val Max P-Miss: 0.3073 | Val Max Q-Miss: 0.2363 | Val Max Gen Viol: 0.0000 | Val Max Thermal: 0.0000
Epoch 7010 | Val Loss: 30.5116 | Val Cost: 2223.26 | Val Max P-Miss: 0.3490 | Val Max Q-Miss: 0.1949 | Val Max Gen Viol: 0.0000 | Val Max Thermal: 0.0000
Epoch 7020 | Val Loss: 20.9633 | Val Cost: 2136.35 | Val Max P-Miss: 0.2310 | Val Max Q-Miss: 0.1166 | Val Max Gen Viol: 0.0000 | Val Max Thermal: 0.0000
Epoch 7030 | Val Loss: 16.0293 | Val Cost: 2148.64 | Val Max P-Miss: 0.1840 | Val Max Q-Miss: 0.1477 | Val Max Gen Viol: 0.0000 | Val Max Thermal: 0.0000
Epoch 7040 | Val Loss: 21.2899 | Val Cost: 2227.41 | Val Max P-Miss: 0.2228 | Val Max Q-Miss: 0.1105 | Val Max Gen Viol: 0.0000 | Val Max Thermal: 0.0000
Epoch 7050 | Val Loss: 25.6016 | Val Cost: 2170.51 | Val Max P-Miss: 0.2082 | Val Max Q-Miss: 0.1547 | Val Max Gen Viol: 0.0000 | Val Max Thermal: 0.0000
Epoch 7060 | Val Loss: 21.0228 | Val Cost: 2223.57 | Val Max P-Miss: 0.2723 | Val Max Q-Miss: 0.1033 | Val Max Gen Viol: 0.0000 | Val Max Thermal: 0.0000
Epoch 7070 | Val Loss: 16.4913 | Val Cost: 2118.72 | Val Max P-Miss: 0.2648 | Val Max Q-Miss: 0.1007 | Val Max Gen Viol: 0.0000 | Val Max Thermal: 0.0000
Epoch 7080 | Val Loss: 31.7155 | Val Cost: 2127.19 | Val Max P-Miss: 0.3259 | Val Max Q-Miss: 0.2510 | Val Max Gen Viol: 0.0000 | Val Max Thermal: 0.0000
Epoch 7090 | Val Loss: 26.0818 | Val Cost: 2224.59 | Val Max P-Miss: 0.2232 | Val Max Q-Miss: 0.2099 | Val Max Gen Viol: 0.0000 | Val Max Thermal: 0.0000
Epoch 7100 | Val Loss: 29.2583 | Val Cost: 2153.61 | Val Max P-Miss: 0.2787 | Val Max Q-Miss: 0.1311 | Val Max Gen Viol: 0.0000 | Val Max Thermal: 0.0000
Epoch 7110 | Val Loss: 27.1751 | Val Cost: 2137.53 | Val Max P-Miss: 0.2090 | Val Max Q-Miss: 0.1640 | Val Max Gen Viol: 0.0000 | Val Max Thermal: 0.0000
Epoch 7120 | Val Loss: 32.7899 | Val Cost: 2143.99 | Val Max P-Miss: 0.3013 | Val Max Q-Miss: 0.1394 | Val Max Gen Viol: 0.0000 | Val Max Thermal: 0.0000
Epoch 7130 | Val Loss: 43.4888 | Val Cost: 2195.37 | Val Max P-Miss: 0.3904 | Val Max Q-Miss: 0.1944 | Val Max Gen Viol: 0.0000 | Val Max Thermal: 0.0000
Epoch 7140 | Val Loss: 32.0750 | Val Cost: 2144.02 | Val Max P-Miss: 0.2161 | Val Max Q-Miss: 0.1641 | Val Max Gen Viol: 0.0000 | Val Max Thermal: 0.0000
Epoch 7150 | Val Loss: 24.7254 | Val Cost: 2163.04 | Val Max P-Miss: 0.1751 | Val Max Q-Miss: 0.1913 | Val Max Gen Viol: 0.0000 | Val Max Thermal: 0.0000
Epoch 7160 | Val Loss: 25.0977 | Val Cost: 2126.83 | Val Max P-Miss: 0.2124 | Val Max Q-Miss: 0.1312 | Val Max Gen Viol: 0.0000 | Val Max Thermal: 0.0000
Epoch 7170 | Val Loss: 20.0552 | Val Cost: 2112.32 | Val Max P-Miss: 0.2377 | Val Max Q-Miss: 0.0902 | Val Max Gen Viol: 0.0000 | Val Max Thermal: 0.0000
Epoch 7180 | Val Loss: 19.2694 | Val Cost: 2112.30 | Val Max P-Miss: 0.2312 | Val Max Q-Miss: 0.0860 | Val Max Gen Viol: 0.0000 | Val Max Thermal: 0.0000
Epoch 7190 | Val Loss: 18.3238 | Val Cost: 2113.72 | Val Max P-Miss: 0.2258 | Val Max Q-Miss: 0.0842 | Val Max Gen Viol: 0.0000 | Val Max Thermal: 0.0000
Epoch 7200 | Val Loss: 17.6605 | Val Cost: 2113.33 | Val Max P-Miss: 0.2223 | Val Max Q-Miss: 0.0774 | Val Max Gen Viol: 0.0000 | Val Max Thermal: 0.0000
Epoch 7210 | Val Loss: 17.4226 | Val Cost: 2115.46 | Val Max P-Miss: 0.2200 | Val Max Q-Miss: 0.0734 | Val Max Gen Viol: 0.0000 | Val Max Thermal: 0.0000
Epoch 7220 | Val Loss: 18.0463 | Val Cost: 2116.34 | Val Max P-Miss: 0.2180 | Val Max Q-Miss: 0.0693 | Val Max Gen Viol: 0.0000 | Val Max Thermal: 0.0000
Epoch 7230 | Val Loss: 23.3104 | Val Cost: 2058.93 | Val Max P-Miss: 0.3153 | Val Max Q-Miss: 0.1685 | Val Max Gen Viol: 0.0000 | Val Max Thermal: 0.0000
Epoch 7240 | Val Loss: 36.1938 | Val Cost: 2101.52 | Val Max P-Miss: 0.2570 | Val Max Q-Miss: 0.1733 | Val Max Gen Viol: 0.0000 | Val Max Thermal: 0.0000
Epoch 7250 | Val Loss: 36.1626 | Val Cost: 2141.95 | Val Max P-Miss: 0.1679 | Val Max Q-Miss: 0.3731 | Val Max Gen Viol: 0.0000 | Val Max Thermal: 0.0000
Epoch 7260 | Val Loss: 63.9755 | Val Cost: 2091.50 | Val Max P-Miss: 0.4867 | Val Max Q-Miss: 0.2737 | Val Max Gen Viol: 0.0000 | Val Max Thermal: 0.0000
Epoch 7270 | Val Loss: 30.7588 | Val Cost: 2176.99 | Val Max P-Miss: 0.2776 | Val Max Q-Miss: 0.1495 | Val Max Gen Viol: 0.0000 | Val Max Thermal: 0.0000
Epoch 7280 | Val Loss: 47.6443 | Val Cost: 2130.82 | Val Max P-Miss: 0.4669 | Val Max Q-Miss: 0.2664 | Val Max Gen Viol: 0.0000 | Val Max Thermal: 0.0000
Epoch 7290 | Val Loss: 14.2145 | Val Cost: 2189.04 | Val Max P-Miss: 0.1264 | Val Max Q-Miss: 0.1216 | Val Max Gen Viol: 0.0000 | Val Max Thermal: 0.0000
Epoch 7300 | Val Loss: 62.3696 | Val Cost: 2173.01 | Val Max P-Miss: 0.3795 | Val Max Q-Miss: 0.2146 | Val Max Gen Viol: 0.0000 | Val Max Thermal: 0.0000
Epoch 7310 | Val Loss: 20.5639 | Val Cost: 2109.24 | Val Max P-Miss: 0.2633 | Val Max Q-Miss: 0.1321 | Val Max Gen Viol: 0.0000 | Val Max Thermal: 0.0000
Epoch 7320 | Val Loss: 47.1401 | Val Cost: 2086.03 | Val Max P-Miss: 0.5539 | Val Max Q-Miss: 0.1096 | Val Max Gen Viol: 0.0000 | Val Max Thermal: 0.0000
Epoch 7330 | Val Loss: 21.7489 | Val Cost: 2146.82 | Val Max P-Miss: 0.2090 | Val Max Q-Miss: 0.1217 | Val Max Gen Viol: 0.0000 | Val Max Thermal: 0.0000
Epoch 7340 | Val Loss: 18.6444 | Val Cost: 2100.43 | Val Max P-Miss: 0.2676 | Val Max Q-Miss: 0.1280 | Val Max Gen Viol: 0.0000 | Val Max Thermal: 0.0000
Epoch 7350 | Val Loss: 26.0598 | Val Cost: 2141.65 | Val Max P-Miss: 0.2692 | Val Max Q-Miss: 0.1634 | Val Max Gen Viol: 0.0000 | Val Max Thermal: 0.0000
Epoch 7360 | Val Loss: 42.0502 | Val Cost: 2172.24 | Val Max P-Miss: 0.2620 | Val Max Q-Miss: 0.2542 | Val Max Gen Viol: 0.0000 | Val Max Thermal: 0.0000
Epoch 7370 | Val Loss: 23.4887 | Val Cost: 2200.44 | Val Max P-Miss: 0.2918 | Val Max Q-Miss: 0.1585 | Val Max Gen Viol: 0.0000 | Val Max Thermal: 0.0000
Epoch 7380 | Val Loss: 33.4552 | Val Cost: 2208.96 | Val Max P-Miss: 0.2880 | Val Max Q-Miss: 0.0984 | Val Max Gen Viol: 0.0000 | Val Max Thermal: 0.0000
Epoch 7390 | Val Loss: 70.3600 | Val Cost: 2102.86 | Val Max P-Miss: 0.4927 | Val Max Q-Miss: 0.2180 | Val Max Gen Viol: 0.0000 | Val Max Thermal: 0.0000
Epoch 7400 | Val Loss: 34.7134 | Val Cost: 2191.66 | Val Max P-Miss: 0.2980 | Val Max Q-Miss: 0.2414 | Val Max Gen Viol: 0.0000 | Val Max Thermal: 0.0000
Epoch 7410 | Val Loss: 16.9811 | Val Cost: 2110.10 | Val Max P-Miss: 0.2938 | Val Max Q-Miss: 0.1308 | Val Max Gen Viol: 0.0000 | Val Max Thermal: 0.0000
Epoch 7420 | Val Loss: 18.5702 | Val Cost: 2137.02 | Val Max P-Miss: 0.3330 | Val Max Q-Miss: 0.0400 | Val Max Gen Viol: 0.0000 | Val Max Thermal: 0.0000
Epoch 7430 | Val Loss: 49.9395 | Val Cost: 2186.63 | Val Max P-Miss: 0.3300 | Val Max Q-Miss: 0.2412 | Val Max Gen Viol: 0.0000 | Val Max Thermal: 0.0000
Epoch 7440 | Val Loss: 25.4234 | Val Cost: 2140.48 | Val Max P-Miss: 0.2198 | Val Max Q-Miss: 0.1862 | Val Max Gen Viol: 0.0000 | Val Max Thermal: 0.0000
Epoch 7450 | Val Loss: 20.5482 | Val Cost: 2137.64 | Val Max P-Miss: 0.2575 | Val Max Q-Miss: 0.0908 | Val Max Gen Viol: 0.0000 | Val Max Thermal: 0.0000
Epoch 7460 | Val Loss: 29.7969 | Val Cost: 2162.77 | Val Max P-Miss: 0.2746 | Val Max Q-Miss: 0.1949 | Val Max Gen Viol: 0.0000 | Val Max Thermal: 0.0000
Epoch 7470 | Val Loss: 18.8878 | Val Cost: 2251.03 | Val Max P-Miss: 0.2192 | Val Max Q-Miss: 0.0637 | Val Max Gen Viol: 0.0000 | Val Max Thermal: 0.0000
Epoch 7480 | Val Loss: 20.7723 | Val Cost: 2217.22 | Val Max P-Miss: 0.2663 | Val Max Q-Miss: 0.1311 | Val Max Gen Viol: 0.0000 | Val Max Thermal: 0.0000
Epoch 7490 | Val Loss: 19.8491 | Val Cost: 2159.62 | Val Max P-Miss: 0.2014 | Val Max Q-Miss: 0.0791 | Val Max Gen Viol: 0.0000 | Val Max Thermal: 0.0000
Epoch 7500 | Val Loss: 22.8003 | Val Cost: 2123.26 | Val Max P-Miss: 0.2737 | Val Max Q-Miss: 0.1081 | Val Max Gen Viol: 0.0000 | Val Max Thermal: 0.0000
Epoch 7510 | Val Loss: 53.1764 | Val Cost: 2205.98 | Val Max P-Miss: 0.3181 | Val Max Q-Miss: 0.4424 | Val Max Gen Viol: 0.0000 | Val Max Thermal: 0.0000
Epoch 7520 | Val Loss: 18.2887 | Val Cost: 2175.51 | Val Max P-Miss: 0.2251 | Val Max Q-Miss: 0.1000 | Val Max Gen Viol: 0.0000 | Val Max Thermal: 0.0000
Epoch 7530 | Val Loss: 18.5185 | Val Cost: 2116.95 | Val Max P-Miss: 0.2423 | Val Max Q-Miss: 0.1079 | Val Max Gen Viol: 0.0000 | Val Max Thermal: 0.0000
Epoch 7540 | Val Loss: 17.4717 | Val Cost: 2104.79 | Val Max P-Miss: 0.2310 | Val Max Q-Miss: 0.0979 | Val Max Gen Viol: 0.0000 | Val Max Thermal: 0.0000
Epoch 7550 | Val Loss: 16.7402 | Val Cost: 2105.61 | Val Max P-Miss: 0.2248 | Val Max Q-Miss: 0.0920 | Val Max Gen Viol: 0.0000 | Val Max Thermal: 0.0000
Epoch 7560 | Val Loss: 16.2192 | Val Cost: 2109.42 | Val Max P-Miss: 0.2177 | Val Max Q-Miss: 0.0880 | Val Max Gen Viol: 0.0000 | Val Max Thermal: 0.0000
Epoch 7570 | Val Loss: 15.4328 | Val Cost: 2111.15 | Val Max P-Miss: 0.2138 | Val Max Q-Miss: 0.0828 | Val Max Gen Viol: 0.0000 | Val Max Thermal: 0.0000
Epoch 7580 | Val Loss: 15.2512 | Val Cost: 2114.70 | Val Max P-Miss: 0.2166 | Val Max Q-Miss: 0.0751 | Val Max Gen Viol: 0.0000 | Val Max Thermal: 0.0000
Epoch 7590 | Val Loss: 15.0759 | Val Cost: 2116.28 | Val Max P-Miss: 0.2143 | Val Max Q-Miss: 0.0728 | Val Max Gen Viol: 0.0000 | Val Max Thermal: 0.0000
Epoch 7600 | Val Loss: 14.3193 | Val Cost: 2117.08 | Val Max P-Miss: 0.2118 | Val Max Q-Miss: 0.0697 | Val Max Gen Viol: 0.0000 | Val Max Thermal: 0.0000
Epoch 7610 | Val Loss: 57.3203 | Val Cost: 2269.67 | Val Max P-Miss: 0.3740 | Val Max Q-Miss: 0.3673 | Val Max Gen Viol: 0.0000 | Val Max Thermal: 0.0000
Epoch 7620 | Val Loss: 43.1749 | Val Cost: 2183.68 | Val Max P-Miss: 0.4527 | Val Max Q-Miss: 0.2246 | Val Max Gen Viol: 0.0000 | Val Max Thermal: 0.0000
Epoch 7630 | Val Loss: 19.4279 | Val Cost: 2115.08 | Val Max P-Miss: 0.2215 | Val Max Q-Miss: 0.1059 | Val Max Gen Viol: 0.0000 | Val Max Thermal: 0.0000
Epoch 7640 | Val Loss: 55.6153 | Val Cost: 2130.62 | Val Max P-Miss: 0.2596 | Val Max Q-Miss: 0.4860 | Val Max Gen Viol: 0.0000 | Val Max Thermal: 0.0000
Epoch 7650 | Val Loss: 25.3876 | Val Cost: 2207.52 | Val Max P-Miss: 0.2460 | Val Max Q-Miss: 0.2251 | Val Max Gen Viol: 0.0000 | Val Max Thermal: 0.0000
Epoch 7660 | Val Loss: 18.6345 | Val Cost: 2167.59 | Val Max P-Miss: 0.1735 | Val Max Q-Miss: 0.1241 | Val Max Gen Viol: 0.0000 | Val Max Thermal: 0.0000
Epoch 7670 | Val Loss: 48.8380 | Val Cost: 2166.54 | Val Max P-Miss: 0.3661 | Val Max Q-Miss: 0.2224 | Val Max Gen Viol: 0.0000 | Val Max Thermal: 0.0000
Epoch 7680 | Val Loss: 24.0828 | Val Cost: 2221.92 | Val Max P-Miss: 0.3370 | Val Max Q-Miss: 0.1123 | Val Max Gen Viol: 0.0000 | Val Max Thermal: 0.0000
Epoch 7690 | Val Loss: 23.1350 | Val Cost: 2125.82 | Val Max P-Miss: 0.2984 | Val Max Q-Miss: 0.1781 | Val Max Gen Viol: 0.0000 | Val Max Thermal: 0.0000
Epoch 7700 | Val Loss: 16.4430 | Val Cost: 2103.64 | Val Max P-Miss: 0.2502 | Val Max Q-Miss: 0.1066 | Val Max Gen Viol: 0.0000 | Val Max Thermal: 0.0000
Epoch 7710 | Val Loss: 27.5610 | Val Cost: 2220.45 | Val Max P-Miss: 0.2473 | Val Max Q-Miss: 0.0987 | Val Max Gen Viol: 0.0000 | Val Max Thermal: 0.0000
Epoch 7720 | Val Loss: 38.3769 | Val Cost: 2233.75 | Val Max P-Miss: 0.3092 | Val Max Q-Miss: 0.2424 | Val Max Gen Viol: 0.0000 | Val Max Thermal: 0.0000
Epoch 7730 | Val Loss: 16.9225 | Val Cost: 2214.05 | Val Max P-Miss: 0.2972 | Val Max Q-Miss: 0.1282 | Val Max Gen Viol: 0.0000 | Val Max Thermal: 0.0000
Epoch 7740 | Val Loss: 35.0686 | Val Cost: 2222.54 | Val Max P-Miss: 0.3554 | Val Max Q-Miss: 0.2073 | Val Max Gen Viol: 0.0000 | Val Max Thermal: 0.0000
Epoch 7750 | Val Loss: 24.4924 | Val Cost: 2138.87 | Val Max P-Miss: 0.2775 | Val Max Q-Miss: 0.1240 | Val Max Gen Viol: 0.0000 | Val Max Thermal: 0.0000
Epoch 7760 | Val Loss: 20.2269 | Val Cost: 2188.32 | Val Max P-Miss: 0.2703 | Val Max Q-Miss: 0.1268 | Val Max Gen Viol: 0.0000 | Val Max Thermal: 0.0000
Epoch 7770 | Val Loss: 14.2867 | Val Cost: 2125.59 | Val Max P-Miss: 0.1411 | Val Max Q-Miss: 0.1072 | Val Max Gen Viol: 0.0000 | Val Max Thermal: 0.0000
Epoch 7780 | Val Loss: 24.4648 | Val Cost: 2104.78 | Val Max P-Miss: 0.1833 | Val Max Q-Miss: 0.1278 | Val Max Gen Viol: 0.0000 | Val Max Thermal: 0.0000
Epoch 7790 | Val Loss: 32.8955 | Val Cost: 2246.48 | Val Max P-Miss: 0.3958 | Val Max Q-Miss: 0.1012 | Val Max Gen Viol: 0.0000 | Val Max Thermal: 0.0000
Epoch 7800 | Val Loss: 27.0116 | Val Cost: 2168.80 | Val Max P-Miss: 0.2799 | Val Max Q-Miss: 0.1501 | Val Max Gen Viol: 0.0000 | Val Max Thermal: 0.0000
Epoch 7810 | Val Loss: 22.3872 | Val Cost: 2136.37 | Val Max P-Miss: 0.2351 | Val Max Q-Miss: 0.1086 | Val Max Gen Viol: 0.0000 | Val Max Thermal: 0.0000
Epoch 7820 | Val Loss: 30.7490 | Val Cost: 2198.94 | Val Max P-Miss: 0.2252 | Val Max Q-Miss: 0.1279 | Val Max Gen Viol: 0.0000 | Val Max Thermal: 0.0000
Epoch 7830 | Val Loss: 27.6121 | Val Cost: 2124.31 | Val Max P-Miss: 0.1956 | Val Max Q-Miss: 0.0674 | Val Max Gen Viol: 0.0000 | Val Max Thermal: 0.0000
Epoch 7840 | Val Loss: 27.0264 | Val Cost: 2133.06 | Val Max P-Miss: 0.1685 | Val Max Q-Miss: 0.1447 | Val Max Gen Viol: 0.0000 | Val Max Thermal: 0.0000
Epoch 7850 | Val Loss: 20.1990 | Val Cost: 2158.02 | Val Max P-Miss: 0.3244 | Val Max Q-Miss: 0.1300 | Val Max Gen Viol: 0.0000 | Val Max Thermal: 0.0000
Epoch 7860 | Val Loss: 25.5933 | Val Cost: 2112.21 | Val Max P-Miss: 0.1699 | Val Max Q-Miss: 0.1134 | Val Max Gen Viol: 0.0000 | Val Max Thermal: 0.0000
Epoch 7870 | Val Loss: 18.5388 | Val Cost: 2189.35 | Val Max P-Miss: 0.2537 | Val Max Q-Miss: 0.0845 | Val Max Gen Viol: 0.0000 | Val Max Thermal: 0.0000
Epoch 7880 | Val Loss: 24.3110 | Val Cost: 2151.33 | Val Max P-Miss: 0.2352 | Val Max Q-Miss: 0.1009 | Val Max Gen Viol: 0.0000 | Val Max Thermal: 0.0000
Epoch 7890 | Val Loss: 19.0609 | Val Cost: 2119.44 | Val Max P-Miss: 0.2738 | Val Max Q-Miss: 0.1467 | Val Max Gen Viol: 0.0000 | Val Max Thermal: 0.0000
Epoch 7900 | Val Loss: 19.3885 | Val Cost: 2103.26 | Val Max P-Miss: 0.2962 | Val Max Q-Miss: 0.0830 | Val Max Gen Viol: 0.0000 | Val Max Thermal: 0.0000
Epoch 7910 | Val Loss: 16.8955 | Val Cost: 2110.97 | Val Max P-Miss: 0.2798 | Val Max Q-Miss: 0.0731 | Val Max Gen Viol: 0.0000 | Val Max Thermal: 0.0000
Epoch 7920 | Val Loss: 18.0859 | Val Cost: 2105.95 | Val Max P-Miss: 0.2692 | Val Max Q-Miss: 0.0961 | Val Max Gen Viol: 0.0000 | Val Max Thermal: 0.0000
Epoch 7930 | Val Loss: 19.5329 | Val Cost: 2107.10 | Val Max P-Miss: 0.2649 | Val Max Q-Miss: 0.0997 | Val Max Gen Viol: 0.0000 | Val Max Thermal: 0.0000
Epoch 7940 | Val Loss: 17.5602 | Val Cost: 2111.15 | Val Max P-Miss: 0.2602 | Val Max Q-Miss: 0.0939 | Val Max Gen Viol: 0.0000 | Val Max Thermal: 0.0000
Epoch 7950 | Val Loss: 19.4134 | Val Cost: 2107.85 | Val Max P-Miss: 0.2551 | Val Max Q-Miss: 0.0923 | Val Max Gen Viol: 0.0000 | Val Max Thermal: 0.0000
Epoch 7960 | Val Loss: 18.2574 | Val Cost: 2109.79 | Val Max P-Miss: 0.2437 | Val Max Q-Miss: 0.1012 | Val Max Gen Viol: 0.0000 | Val Max Thermal: 0.0000
Epoch 7970 | Val Loss: 19.1265 | Val Cost: 2110.42 | Val Max P-Miss: 0.2402 | Val Max Q-Miss: 0.1030 | Val Max Gen Viol: 0.0000 | Val Max Thermal: 0.0000
Epoch 7980 | Val Loss: 18.8159 | Val Cost: 2116.45 | Val Max P-Miss: 0.2374 | Val Max Q-Miss: 0.1046 | Val Max Gen Viol: 0.0000 | Val Max Thermal: 0.0000
Epoch 7990 | Val Loss: 39.8062 | Val Cost: 2251.18 | Val Max P-Miss: 0.3327 | Val Max Q-Miss: 0.2464 | Val Max Gen Viol: 0.0000 | Val Max Thermal: 0.0000
Epoch 8000 | Val Loss: 19.7044 | Val Cost: 2131.48 | Val Max P-Miss: 0.2707 | Val Max Q-Miss: 0.1292 | Val Max Gen Viol: 0.0000 | Val Max Thermal: 0.0000
Epoch 8010 | Val Loss: 14.0802 | Val Cost: 2116.75 | Val Max P-Miss: 0.2463 | Val Max Q-Miss: 0.0905 | Val Max Gen Viol: 0.0000 | Val Max Thermal: 0.0000
Epoch 8020 | Val Loss: 14.1639 | Val Cost: 2110.40 | Val Max P-Miss: 0.2395 | Val Max Q-Miss: 0.0673 | Val Max Gen Viol: 0.0000 | Val Max Thermal: 0.0000
Epoch 8030 | Val Loss: 14.0328 | Val Cost: 2115.26 | Val Max P-Miss: 0.2337 | Val Max Q-Miss: 0.0658 | Val Max Gen Viol: 0.0000 | Val Max Thermal: 0.0000
Epoch 8040 | Val Loss: 13.9476 | Val Cost: 2119.18 | Val Max P-Miss: 0.2305 | Val Max Q-Miss: 0.0617 | Val Max Gen Viol: 0.0000 | Val Max Thermal: 0.0000
Epoch 8050 | Val Loss: 13.6832 | Val Cost: 2121.44 | Val Max P-Miss: 0.2259 | Val Max Q-Miss: 0.0592 | Val Max Gen Viol: 0.0000 | Val Max Thermal: 0.0000
Epoch 8060 | Val Loss: 13.2143 | Val Cost: 2132.58 | Val Max P-Miss: 0.2152 | Val Max Q-Miss: 0.0816 | Val Max Gen Viol: 0.0000 | Val Max Thermal: 0.0000
Epoch 8070 | Val Loss: 12.1258 | Val Cost: 2143.26 | Val Max P-Miss: 0.2019 | Val Max Q-Miss: 0.0807 | Val Max Gen Viol: 0.0000 | Val Max Thermal: 0.0000 [*SAVED BEST*]
Epoch 8080 | Val Loss: 42.4808 | Val Cost: 2256.54 | Val Max P-Miss: 0.3568 | Val Max Q-Miss: 0.2387 | Val Max Gen Viol: 0.0000 | Val Max Thermal: 0.0000
Epoch 8090 | Val Loss: 30.0266 | Val Cost: 2137.45 | Val Max P-Miss: 0.2525 | Val Max Q-Miss: 0.1932 | Val Max Gen Viol: 0.0000 | Val Max Thermal: 0.0000
Epoch 8100 | Val Loss: 15.8593 | Val Cost: 2154.82 | Val Max P-Miss: 0.1749 | Val Max Q-Miss: 0.0891 | Val Max Gen Viol: 0.0000 | Val Max Thermal: 0.0000
Epoch 8110 | Val Loss: 26.1350 | Val Cost: 2143.22 | Val Max P-Miss: 0.2828 | Val Max Q-Miss: 0.1377 | Val Max Gen Viol: 0.0000 | Val Max Thermal: 0.0000
Epoch 8120 | Val Loss: 37.1404 | Val Cost: 2260.20 | Val Max P-Miss: 0.3807 | Val Max Q-Miss: 0.2004 | Val Max Gen Viol: 0.0000 | Val Max Thermal: 0.0000
Epoch 8130 | Val Loss: 30.4370 | Val Cost: 2155.96 | Val Max P-Miss: 0.3301 | Val Max Q-Miss: 0.1766 | Val Max Gen Viol: 0.0000 | Val Max Thermal: 0.0000
Epoch 8140 | Val Loss: 19.0073 | Val Cost: 2123.96 | Val Max P-Miss: 0.2404 | Val Max Q-Miss: 0.1685 | Val Max Gen Viol: 0.0000 | Val Max Thermal: 0.0000
Epoch 8150 | Val Loss: 20.3854 | Val Cost: 2099.92 | Val Max P-Miss: 0.2378 | Val Max Q-Miss: 0.1143 | Val Max Gen Viol: 0.0000 | Val Max Thermal: 0.0000
Epoch 8160 | Val Loss: 23.9409 | Val Cost: 2261.30 | Val Max P-Miss: 0.2407 | Val Max Q-Miss: 0.1663 | Val Max Gen Viol: 0.0000 | Val Max Thermal: 0.0000
Epoch 8170 | Val Loss: 13.1112 | Val Cost: 2183.32 | Val Max P-Miss: 0.2056 | Val Max Q-Miss: 0.1143 | Val Max Gen Viol: 0.0000 | Val Max Thermal: 0.0000
Epoch 8180 | Val Loss: 21.5729 | Val Cost: 2196.83 | Val Max P-Miss: 0.2186 | Val Max Q-Miss: 0.1468 | Val Max Gen Viol: 0.0000 | Val Max Thermal: 0.0000
Epoch 8190 | Val Loss: 15.4030 | Val Cost: 2156.94 | Val Max P-Miss: 0.2517 | Val Max Q-Miss: 0.1124 | Val Max Gen Viol: 0.0000 | Val Max Thermal: 0.0000
Epoch 8200 | Val Loss: 15.9226 | Val Cost: 2111.18 | Val Max P-Miss: 0.2351 | Val Max Q-Miss: 0.1013 | Val Max Gen Viol: 0.0000 | Val Max Thermal: 0.0000
Epoch 8210 | Val Loss: 16.1009 | Val Cost: 2094.45 | Val Max P-Miss: 0.2265 | Val Max Q-Miss: 0.0950 | Val Max Gen Viol: 0.0000 | Val Max Thermal: 0.0000
Epoch 8220 | Val Loss: 15.7815 | Val Cost: 2094.93 | Val Max P-Miss: 0.2232 | Val Max Q-Miss: 0.0844 | Val Max Gen Viol: 0.0000 | Val Max Thermal: 0.0000
Epoch 8230 | Val Loss: 15.0163 | Val Cost: 2099.11 | Val Max P-Miss: 0.2177 | Val Max Q-Miss: 0.0858 | Val Max Gen Viol: 0.0000 | Val Max Thermal: 0.0000
Epoch 8240 | Val Loss: 14.2224 | Val Cost: 2102.27 | Val Max P-Miss: 0.2129 | Val Max Q-Miss: 0.0849 | Val Max Gen Viol: 0.0000 | Val Max Thermal: 0.0000
Epoch 8250 | Val Loss: 13.4322 | Val Cost: 2105.42 | Val Max P-Miss: 0.2104 | Val Max Q-Miss: 0.0822 | Val Max Gen Viol: 0.0000 | Val Max Thermal: 0.0000
Epoch 8260 | Val Loss: 184.5437 | Val Cost: 2246.98 | Val Max P-Miss: 0.5199 | Val Max Q-Miss: 0.8379 | Val Max Gen Viol: 0.0000 | Val Max Thermal: 0.0000
Epoch 8270 | Val Loss: 30.7915 | Val Cost: 2324.50 | Val Max P-Miss: 0.3733 | Val Max Q-Miss: 0.1620 | Val Max Gen Viol: 0.0000 | Val Max Thermal: 0.0000
Epoch 8280 | Val Loss: 32.1708 | Val Cost: 2196.65 | Val Max P-Miss: 0.2877 | Val Max Q-Miss: 0.2423 | Val Max Gen Viol: 0.0000 | Val Max Thermal: 0.0000
Epoch 8290 | Val Loss: 26.9281 | Val Cost: 2111.18 | Val Max P-Miss: 0.2380 | Val Max Q-Miss: 0.1782 | Val Max Gen Viol: 0.0000 | Val Max Thermal: 0.0000
Epoch 8300 | Val Loss: 23.0259 | Val Cost: 2098.88 | Val Max P-Miss: 0.2820 | Val Max Q-Miss: 0.1263 | Val Max Gen Viol: 0.0000 | Val Max Thermal: 0.0000
Epoch 8310 | Val Loss: 52.7963 | Val Cost: 2234.24 | Val Max P-Miss: 0.5005 | Val Max Q-Miss: 0.1869 | Val Max Gen Viol: 0.0000 | Val Max Thermal: 0.0000
Epoch 8320 | Val Loss: 15.7475 | Val Cost: 2213.90 | Val Max P-Miss: 0.2713 | Val Max Q-Miss: 0.1219 | Val Max Gen Viol: 0.0000 | Val Max Thermal: 0.0000
Epoch 8330 | Val Loss: 21.2413 | Val Cost: 2155.02 | Val Max P-Miss: 0.2649 | Val Max Q-Miss: 0.1216 | Val Max Gen Viol: 0.0000 | Val Max Thermal: 0.0000
Epoch 8340 | Val Loss: 31.4270 | Val Cost: 2126.12 | Val Max P-Miss: 0.3652 | Val Max Q-Miss: 0.2333 | Val Max Gen Viol: 0.0000 | Val Max Thermal: 0.0000
Epoch 8350 | Val Loss: 19.7629 | Val Cost: 2136.87 | Val Max P-Miss: 0.2067 | Val Max Q-Miss: 0.1137 | Val Max Gen Viol: 0.0000 | Val Max Thermal: 0.0000
Epoch 8360 | Val Loss: 13.1429 | Val Cost: 2125.66 | Val Max P-Miss: 0.1846 | Val Max Q-Miss: 0.0911 | Val Max Gen Viol: 0.0000 | Val Max Thermal: 0.0000
Epoch 8370 | Val Loss: 12.2061 | Val Cost: 2169.73 | Val Max P-Miss: 0.1503 | Val Max Q-Miss: 0.1231 | Val Max Gen Viol: 0.0000 | Val Max Thermal: 0.0000
Epoch 8380 | Val Loss: 17.5871 | Val Cost: 2224.44 | Val Max P-Miss: 0.2571 | Val Max Q-Miss: 0.1270 | Val Max Gen Viol: 0.0000 | Val Max Thermal: 0.0000
Epoch 8390 | Val Loss: 14.9815 | Val Cost: 2159.82 | Val Max P-Miss: 0.2335 | Val Max Q-Miss: 0.1141 | Val Max Gen Viol: 0.0000 | Val Max Thermal: 0.0000
Epoch 8400 | Val Loss: 13.6137 | Val Cost: 2127.49 | Val Max P-Miss: 0.2227 | Val Max Q-Miss: 0.1056 | Val Max Gen Viol: 0.0000 | Val Max Thermal: 0.0000
Epoch 8410 | Val Loss: 13.3508 | Val Cost: 2115.19 | Val Max P-Miss: 0.2166 | Val Max Q-Miss: 0.1006 | Val Max Gen Viol: 0.0000 | Val Max Thermal: 0.0000
Epoch 8420 | Val Loss: 13.1037 | Val Cost: 2111.96 | Val Max P-Miss: 0.2118 | Val Max Q-Miss: 0.0942 | Val Max Gen Viol: 0.0000 | Val Max Thermal: 0.0000
Epoch 8430 | Val Loss: 12.5647 | Val Cost: 2112.53 | Val Max P-Miss: 0.2091 | Val Max Q-Miss: 0.0912 | Val Max Gen Viol: 0.0000 | Val Max Thermal: 0.0000
Epoch 8440 | Val Loss: 62.4030 | Val Cost: 2051.32 | Val Max P-Miss: 0.4888 | Val Max Q-Miss: 0.2583 | Val Max Gen Viol: 0.0000 | Val Max Thermal: 0.0000
Epoch 8450 | Val Loss: 26.9937 | Val Cost: 2088.49 | Val Max P-Miss: 0.2535 | Val Max Q-Miss: 0.2796 | Val Max Gen Viol: 0.0000 | Val Max Thermal: 0.0000
Epoch 8460 | Val Loss: 20.7753 | Val Cost: 2151.19 | Val Max P-Miss: 0.1485 | Val Max Q-Miss: 0.0800 | Val Max Gen Viol: 0.0000 | Val Max Thermal: 0.0000
Epoch 8470 | Val Loss: 19.5121 | Val Cost: 2121.10 | Val Max P-Miss: 0.2211 | Val Max Q-Miss: 0.1141 | Val Max Gen Viol: 0.0000 | Val Max Thermal: 0.0000
Epoch 8480 | Val Loss: 25.2841 | Val Cost: 2167.66 | Val Max P-Miss: 0.2240 | Val Max Q-Miss: 0.1789 | Val Max Gen Viol: 0.0000 | Val Max Thermal: 0.0000
Epoch 8490 | Val Loss: 26.2680 | Val Cost: 2151.91 | Val Max P-Miss: 0.2941 | Val Max Q-Miss: 0.2273 | Val Max Gen Viol: 0.0000 | Val Max Thermal: 0.0000
Epoch 8500 | Val Loss: 46.5699 | Val Cost: 2107.02 | Val Max P-Miss: 0.3443 | Val Max Q-Miss: 0.2349 | Val Max Gen Viol: 0.0000 | Val Max Thermal: 0.0000
Epoch 8510 | Val Loss: 26.0140 | Val Cost: 2169.42 | Val Max P-Miss: 0.3096 | Val Max Q-Miss: 0.1137 | Val Max Gen Viol: 0.0000 | Val Max Thermal: 0.0000
Epoch 8520 | Val Loss: 30.2397 | Val Cost: 2223.68 | Val Max P-Miss: 0.3230 | Val Max Q-Miss: 0.1239 | Val Max Gen Viol: 0.0000 | Val Max Thermal: 0.0000
Epoch 8530 | Val Loss: 17.4193 | Val Cost: 2138.10 | Val Max P-Miss: 0.2792 | Val Max Q-Miss: 0.1399 | Val Max Gen Viol: 0.0000 | Val Max Thermal: 0.0000
Epoch 8540 | Val Loss: 26.6361 | Val Cost: 2123.29 | Val Max P-Miss: 0.2610 | Val Max Q-Miss: 0.1557 | Val Max Gen Viol: 0.0000 | Val Max Thermal: 0.0000
Epoch 8550 | Val Loss: 40.0410 | Val Cost: 2183.67 | Val Max P-Miss: 0.2655 | Val Max Q-Miss: 0.1182 | Val Max Gen Viol: 0.0000 | Val Max Thermal: 0.0000
Epoch 8560 | Val Loss: 23.9088 | Val Cost: 2144.76 | Val Max P-Miss: 0.1870 | Val Max Q-Miss: 0.2226 | Val Max Gen Viol: 0.0000 | Val Max Thermal: 0.0000
Epoch 8570 | Val Loss: 16.9490 | Val Cost: 2203.94 | Val Max P-Miss: 0.2098 | Val Max Q-Miss: 0.1183 | Val Max Gen Viol: 0.0000 | Val Max Thermal: 0.0000
Epoch 8580 | Val Loss: 20.6166 | Val Cost: 2216.67 | Val Max P-Miss: 0.2528 | Val Max Q-Miss: 0.2130 | Val Max Gen Viol: 0.0000 | Val Max Thermal: 0.0000
Epoch 8590 | Val Loss: 29.1478 | Val Cost: 2184.86 | Val Max P-Miss: 0.2818 | Val Max Q-Miss: 0.1013 | Val Max Gen Viol: 0.0000 | Val Max Thermal: 0.0000
Epoch 8600 | Val Loss: 23.8934 | Val Cost: 2175.22 | Val Max P-Miss: 0.3097 | Val Max Q-Miss: 0.1291 | Val Max Gen Viol: 0.0000 | Val Max Thermal: 0.0000
Epoch 8610 | Val Loss: 25.2481 | Val Cost: 2179.59 | Val Max P-Miss: 0.3228 | Val Max Q-Miss: 0.1105 | Val Max Gen Viol: 0.0000 | Val Max Thermal: 0.0000
Epoch 8620 | Val Loss: 21.4962 | Val Cost: 2135.18 | Val Max P-Miss: 0.2201 | Val Max Q-Miss: 0.1269 | Val Max Gen Viol: 0.0000 | Val Max Thermal: 0.0000
Epoch 8630 | Val Loss: 15.4914 | Val Cost: 2132.80 | Val Max P-Miss: 0.2573 | Val Max Q-Miss: 0.1120 | Val Max Gen Viol: 0.0000 | Val Max Thermal: 0.0000
Epoch 8640 | Val Loss: 31.7390 | Val Cost: 2092.79 | Val Max P-Miss: 0.3317 | Val Max Q-Miss: 0.1383 | Val Max Gen Viol: 0.0000 | Val Max Thermal: 0.0000
Epoch 8650 | Val Loss: 25.2488 | Val Cost: 2152.74 | Val Max P-Miss: 0.3301 | Val Max Q-Miss: 0.2163 | Val Max Gen Viol: 0.0000 | Val Max Thermal: 0.0000
Epoch 8660 | Val Loss: 35.1400 | Val Cost: 2168.21 | Val Max P-Miss: 0.2798 | Val Max Q-Miss: 0.2775 | Val Max Gen Viol: 0.0000 | Val Max Thermal: 0.0000
Epoch 8670 | Val Loss: 30.5311 | Val Cost: 2158.72 | Val Max P-Miss: 0.2810 | Val Max Q-Miss: 0.1183 | Val Max Gen Viol: 0.0000 | Val Max Thermal: 0.0000
Epoch 8680 | Val Loss: 17.2365 | Val Cost: 2122.56 | Val Max P-Miss: 0.2964 | Val Max Q-Miss: 0.0881 | Val Max Gen Viol: 0.0000 | Val Max Thermal: 0.0000
Epoch 8690 | Val Loss: 21.7406 | Val Cost: 2117.67 | Val Max P-Miss: 0.3148 | Val Max Q-Miss: 0.1152 | Val Max Gen Viol: 0.0000 | Val Max Thermal: 0.0000
Epoch 8700 | Val Loss: 25.4702 | Val Cost: 2141.84 | Val Max P-Miss: 0.3384 | Val Max Q-Miss: 0.1900 | Val Max Gen Viol: 0.0000 | Val Max Thermal: 0.0000
Epoch 8710 | Val Loss: 46.9243 | Val Cost: 2086.93 | Val Max P-Miss: 0.4022 | Val Max Q-Miss: 0.1498 | Val Max Gen Viol: 0.0000 | Val Max Thermal: 0.0000
Epoch 8720 | Val Loss: 18.1613 | Val Cost: 2168.85 | Val Max P-Miss: 0.2061 | Val Max Q-Miss: 0.1104 | Val Max Gen Viol: 0.0000 | Val Max Thermal: 0.0000
Epoch 8730 | Val Loss: 22.7879 | Val Cost: 2195.04 | Val Max P-Miss: 0.2037 | Val Max Q-Miss: 0.2304 | Val Max Gen Viol: 0.0000 | Val Max Thermal: 0.0000
Epoch 8740 | Val Loss: 17.0839 | Val Cost: 2174.92 | Val Max P-Miss: 0.2444 | Val Max Q-Miss: 0.0963 | Val Max Gen Viol: 0.0000 | Val Max Thermal: 0.0000
Epoch 8750 | Val Loss: 23.7394 | Val Cost: 2162.20 | Val Max P-Miss: 0.2899 | Val Max Q-Miss: 0.1637 | Val Max Gen Viol: 0.0000 | Val Max Thermal: 0.0000
Epoch 8760 | Val Loss: 20.2570 | Val Cost: 2184.02 | Val Max P-Miss: 0.2360 | Val Max Q-Miss: 0.1336 | Val Max Gen Viol: 0.0000 | Val Max Thermal: 0.0000
Epoch 8770 | Val Loss: 16.8529 | Val Cost: 2150.91 | Val Max P-Miss: 0.2225 | Val Max Q-Miss: 0.1165 | Val Max Gen Viol: 0.0000 | Val Max Thermal: 0.0000
Epoch 8780 | Val Loss: 40.4586 | Val Cost: 2188.06 | Val Max P-Miss: 0.2601 | Val Max Q-Miss: 0.1391 | Val Max Gen Viol: 0.0000 | Val Max Thermal: 0.0000
Epoch 8790 | Val Loss: 17.1610 | Val Cost: 2150.78 | Val Max P-Miss: 0.2216 | Val Max Q-Miss: 0.1253 | Val Max Gen Viol: 0.0000 | Val Max Thermal: 0.0000
Epoch 8800 | Val Loss: 26.6361 | Val Cost: 2148.96 | Val Max P-Miss: 0.4297 | Val Max Q-Miss: 0.1267 | Val Max Gen Viol: 0.0000 | Val Max Thermal: 0.0000
Epoch 8810 | Val Loss: 22.8286 | Val Cost: 2180.08 | Val Max P-Miss: 0.2879 | Val Max Q-Miss: 0.1129 | Val Max Gen Viol: 0.0000 | Val Max Thermal: 0.0000
Epoch 8820 | Val Loss: 19.2256 | Val Cost: 2167.93 | Val Max P-Miss: 0.3079 | Val Max Q-Miss: 0.1418 | Val Max Gen Viol: 0.0000 | Val Max Thermal: 0.0000
Epoch 8830 | Val Loss: 29.6292 | Val Cost: 2126.74 | Val Max P-Miss: 0.2790 | Val Max Q-Miss: 0.1137 | Val Max Gen Viol: 0.0000 | Val Max Thermal: 0.0000
Epoch 8840 | Val Loss: 13.5681 | Val Cost: 2134.38 | Val Max P-Miss: 0.2069 | Val Max Q-Miss: 0.0941 | Val Max Gen Viol: 0.0000 | Val Max Thermal: 0.0000
Epoch 8850 | Val Loss: 18.1514 | Val Cost: 2189.19 | Val Max P-Miss: 0.2492 | Val Max Q-Miss: 0.1153 | Val Max Gen Viol: 0.0000 | Val Max Thermal: 0.0000
Epoch 8860 | Val Loss: 18.7169 | Val Cost: 2138.09 | Val Max P-Miss: 0.2924 | Val Max Q-Miss: 0.1174 | Val Max Gen Viol: 0.0000 | Val Max Thermal: 0.0000
Epoch 8870 | Val Loss: 55.9148 | Val Cost: 2135.92 | Val Max P-Miss: 0.4256 | Val Max Q-Miss: 0.3084 | Val Max Gen Viol: 0.0000 | Val Max Thermal: 0.0000
Epoch 8880 | Val Loss: 35.6714 | Val Cost: 2173.95 | Val Max P-Miss: 0.3805 | Val Max Q-Miss: 0.1914 | Val Max Gen Viol: 0.0000 | Val Max Thermal: 0.0000
Epoch 8890 | Val Loss: 49.7806 | Val Cost: 2128.57 | Val Max P-Miss: 0.3727 | Val Max Q-Miss: 0.1814 | Val Max Gen Viol: 0.0000 | Val Max Thermal: 0.0000
Epoch 8900 | Val Loss: 27.3686 | Val Cost: 2153.98 | Val Max P-Miss: 0.1848 | Val Max Q-Miss: 0.3912 | Val Max Gen Viol: 0.0000 | Val Max Thermal: 0.0000
Epoch 8910 | Val Loss: 38.0022 | Val Cost: 2257.83 | Val Max P-Miss: 0.2704 | Val Max Q-Miss: 0.1824 | Val Max Gen Viol: 0.0000 | Val Max Thermal: 0.0000
Epoch 8920 | Val Loss: 24.9532 | Val Cost: 2211.53 | Val Max P-Miss: 0.3116 | Val Max Q-Miss: 0.1560 | Val Max Gen Viol: 0.0000 | Val Max Thermal: 0.0000
Epoch 8930 | Val Loss: 21.3891 | Val Cost: 2160.82 | Val Max P-Miss: 0.2401 | Val Max Q-Miss: 0.0844 | Val Max Gen Viol: 0.0000 | Val Max Thermal: 0.0000
Epoch 8940 | Val Loss: 27.7782 | Val Cost: 2143.98 | Val Max P-Miss: 0.2792 | Val Max Q-Miss: 0.1212 | Val Max Gen Viol: 0.0000 | Val Max Thermal: 0.0000
Epoch 8950 | Val Loss: 24.5058 | Val Cost: 2170.16 | Val Max P-Miss: 0.2954 | Val Max Q-Miss: 0.1828 | Val Max Gen Viol: 0.0000 | Val Max Thermal: 0.0000
Epoch 8960 | Val Loss: 19.9644 | Val Cost: 2170.85 | Val Max P-Miss: 0.2845 | Val Max Q-Miss: 0.1231 | Val Max Gen Viol: 0.0000 | Val Max Thermal: 0.0000
Epoch 8970 | Val Loss: 17.8238 | Val Cost: 2124.60 | Val Max P-Miss: 0.2600 | Val Max Q-Miss: 0.1230 | Val Max Gen Viol: 0.0000 | Val Max Thermal: 0.0000
Epoch 8980 | Val Loss: 17.6042 | Val Cost: 2104.72 | Val Max P-Miss: 0.2488 | Val Max Q-Miss: 0.1182 | Val Max Gen Viol: 0.0000 | Val Max Thermal: 0.0000
Epoch 8990 | Val Loss: 17.2636 | Val Cost: 2098.28 | Val Max P-Miss: 0.2475 | Val Max Q-Miss: 0.1036 | Val Max Gen Viol: 0.0000 | Val Max Thermal: 0.0000
Epoch 9000 | Val Loss: 16.8591 | Val Cost: 2098.94 | Val Max P-Miss: 0.2413 | Val Max Q-Miss: 0.1034 | Val Max Gen Viol: 0.0000 | Val Max Thermal: 0.0000
Epoch 9010 | Val Loss: 16.4596 | Val Cost: 2102.14 | Val Max P-Miss: 0.2376 | Val Max Q-Miss: 0.0981 | Val Max Gen Viol: 0.0000 | Val Max Thermal: 0.0000
Epoch 9020 | Val Loss: 16.1458 | Val Cost: 2105.18 | Val Max P-Miss: 0.2367 | Val Max Q-Miss: 0.0938 | Val Max Gen Viol: 0.0000 | Val Max Thermal: 0.0000
Epoch 9030 | Val Loss: 15.4528 | Val Cost: 2106.57 | Val Max P-Miss: 0.2294 | Val Max Q-Miss: 0.0999 | Val Max Gen Viol: 0.0000 | Val Max Thermal: 0.0000
Epoch 9040 | Val Loss: 14.6401 | Val Cost: 2107.24 | Val Max P-Miss: 0.2225 | Val Max Q-Miss: 0.1050 | Val Max Gen Viol: 0.0000 | Val Max Thermal: 0.0000
Epoch 9050 | Val Loss: 14.6130 | Val Cost: 2111.25 | Val Max P-Miss: 0.2210 | Val Max Q-Miss: 0.1031 | Val Max Gen Viol: 0.0000 | Val Max Thermal: 0.0000
Epoch 9060 | Val Loss: 14.7477 | Val Cost: 2114.47 | Val Max P-Miss: 0.2150 | Val Max Q-Miss: 0.0988 | Val Max Gen Viol: 0.0000 | Val Max Thermal: 0.0000
Epoch 9070 | Val Loss: 14.8702 | Val Cost: 2110.38 | Val Max P-Miss: 0.2177 | Val Max Q-Miss: 0.1034 | Val Max Gen Viol: 0.0000 | Val Max Thermal: 0.0000
Epoch 9080 | Val Loss: 14.0808 | Val Cost: 2115.61 | Val Max P-Miss: 0.2205 | Val Max Q-Miss: 0.0936 | Val Max Gen Viol: 0.0000 | Val Max Thermal: 0.0000
Epoch 9090 | Val Loss: 12.2490 | Val Cost: 2164.02 | Val Max P-Miss: 0.1622 | Val Max Q-Miss: 0.0839 | Val Max Gen Viol: 0.0000 | Val Max Thermal: 0.0000
Epoch 9100 | Val Loss: 33.8486 | Val Cost: 2211.76 | Val Max P-Miss: 0.3835 | Val Max Q-Miss: 0.1221 | Val Max Gen Viol: 0.0000 | Val Max Thermal: 0.0000
Epoch 9110 | Val Loss: 33.9095 | Val Cost: 2185.48 | Val Max P-Miss: 0.3372 | Val Max Q-Miss: 0.1642 | Val Max Gen Viol: 0.0000 | Val Max Thermal: 0.0000
Epoch 9120 | Val Loss: 21.1158 | Val Cost: 2196.83 | Val Max P-Miss: 0.2647 | Val Max Q-Miss: 0.1647 | Val Max Gen Viol: 0.0000 | Val Max Thermal: 0.0000
Epoch 9130 | Val Loss: 16.4241 | Val Cost: 2147.89 | Val Max P-Miss: 0.2058 | Val Max Q-Miss: 0.1024 | Val Max Gen Viol: 0.0000 | Val Max Thermal: 0.0000
Epoch 9140 | Val Loss: 15.2582 | Val Cost: 2134.94 | Val Max P-Miss: 0.2115 | Val Max Q-Miss: 0.0782 | Val Max Gen Viol: 0.0000 | Val Max Thermal: 0.0000
Epoch 9150 | Val Loss: 14.9139 | Val Cost: 2132.57 | Val Max P-Miss: 0.2040 | Val Max Q-Miss: 0.0729 | Val Max Gen Viol: 0.0000 | Val Max Thermal: 0.0000
Epoch 9160 | Val Loss: 14.6732 | Val Cost: 2131.33 | Val Max P-Miss: 0.1995 | Val Max Q-Miss: 0.0699 | Val Max Gen Viol: 0.0000 | Val Max Thermal: 0.0000
Epoch 9170 | Val Loss: 14.5915 | Val Cost: 2130.88 | Val Max P-Miss: 0.1952 | Val Max Q-Miss: 0.0665 | Val Max Gen Viol: 0.0000 | Val Max Thermal: 0.0000
Epoch 9180 | Val Loss: 14.6101 | Val Cost: 2130.77 | Val Max P-Miss: 0.1916 | Val Max Q-Miss: 0.0660 | Val Max Gen Viol: 0.0000 | Val Max Thermal: 0.0000
Epoch 9190 | Val Loss: 14.2867 | Val Cost: 2131.13 | Val Max P-Miss: 0.1875 | Val Max Q-Miss: 0.0654 | Val Max Gen Viol: 0.0000 | Val Max Thermal: 0.0000
Epoch 9200 | Val Loss: 14.0503 | Val Cost: 2131.33 | Val Max P-Miss: 0.1851 | Val Max Q-Miss: 0.0638 | Val Max Gen Viol: 0.0000 | Val Max Thermal: 0.0000
Epoch 9210 | Val Loss: 14.2433 | Val Cost: 2130.95 | Val Max P-Miss: 0.1830 | Val Max Q-Miss: 0.0624 | Val Max Gen Viol: 0.0000 | Val Max Thermal: 0.0000
Epoch 9220 | Val Loss: 25.7766 | Val Cost: 2235.33 | Val Max P-Miss: 0.2059 | Val Max Q-Miss: 0.1420 | Val Max Gen Viol: 0.0000 | Val Max Thermal: 0.0000
Epoch 9230 | Val Loss: 24.6920 | Val Cost: 2170.16 | Val Max P-Miss: 0.3445 | Val Max Q-Miss: 0.1891 | Val Max Gen Viol: 0.0000 | Val Max Thermal: 0.0000
Epoch 9240 | Val Loss: 17.7388 | Val Cost: 2138.61 | Val Max P-Miss: 0.1802 | Val Max Q-Miss: 0.2203 | Val Max Gen Viol: 0.0000 | Val Max Thermal: 0.0000
Epoch 9250 | Val Loss: 38.0717 | Val Cost: 2190.15 | Val Max P-Miss: 0.4004 | Val Max Q-Miss: 0.1915 | Val Max Gen Viol: 0.0000 | Val Max Thermal: 0.0000
Epoch 9260 | Val Loss: 18.4022 | Val Cost: 2134.11 | Val Max P-Miss: 0.2712 | Val Max Q-Miss: 0.1352 | Val Max Gen Viol: 0.0000 | Val Max Thermal: 0.0000
Epoch 9270 | Val Loss: 34.5169 | Val Cost: 2240.70 | Val Max P-Miss: 0.2062 | Val Max Q-Miss: 0.1582 | Val Max Gen Viol: 0.0000 | Val Max Thermal: 0.0000
Epoch 9280 | Val Loss: 15.0843 | Val Cost: 2220.35 | Val Max P-Miss: 0.2451 | Val Max Q-Miss: 0.1174 | Val Max Gen Viol: 0.0000 | Val Max Thermal: 0.0000
Epoch 9290 | Val Loss: 30.8478 | Val Cost: 2175.40 | Val Max P-Miss: 0.3826 | Val Max Q-Miss: 0.1097 | Val Max Gen Viol: 0.0000 | Val Max Thermal: 0.0000
Epoch 9300 | Val Loss: 12.9659 | Val Cost: 2171.32 | Val Max P-Miss: 0.2044 | Val Max Q-Miss: 0.0937 | Val Max Gen Viol: 0.0000 | Val Max Thermal: 0.0000
Epoch 9310 | Val Loss: 18.6548 | Val Cost: 2174.88 | Val Max P-Miss: 0.1860 | Val Max Q-Miss: 0.1298 | Val Max Gen Viol: 0.0000 | Val Max Thermal: 0.0000
Epoch 9320 | Val Loss: 13.3169 | Val Cost: 2155.76 | Val Max P-Miss: 0.1701 | Val Max Q-Miss: 0.1163 | Val Max Gen Viol: 0.0000 | Val Max Thermal: 0.0000
Epoch 9330 | Val Loss: 71.8833 | Val Cost: 2120.99 | Val Max P-Miss: 0.4205 | Val Max Q-Miss: 0.3178 | Val Max Gen Viol: 0.0000 | Val Max Thermal: 0.0000
Epoch 9340 | Val Loss: 17.1731 | Val Cost: 2173.50 | Val Max P-Miss: 0.2515 | Val Max Q-Miss: 0.0957 | Val Max Gen Viol: 0.0000 | Val Max Thermal: 0.0000
Epoch 9350 | Val Loss: 15.7894 | Val Cost: 2174.39 | Val Max P-Miss: 0.1861 | Val Max Q-Miss: 0.0869 | Val Max Gen Viol: 0.0000 | Val Max Thermal: 0.0000
Epoch 9360 | Val Loss: 11.6014 | Val Cost: 2161.42 | Val Max P-Miss: 0.1665 | Val Max Q-Miss: 0.1056 | Val Max Gen Viol: 0.0000 | Val Max Thermal: 0.0000 [*SAVED BEST*]
Epoch 9370 | Val Loss: 30.2051 | Val Cost: 2122.81 | Val Max P-Miss: 0.3724 | Val Max Q-Miss: 0.1398 | Val Max Gen Viol: 0.0000 | Val Max Thermal: 0.0000
Epoch 9380 | Val Loss: 28.9820 | Val Cost: 2097.52 | Val Max P-Miss: 0.2927 | Val Max Q-Miss: 0.1461 | Val Max Gen Viol: 0.0000 | Val Max Thermal: 0.0000
Epoch 9390 | Val Loss: 31.6675 | Val Cost: 2170.46 | Val Max P-Miss: 0.2194 | Val Max Q-Miss: 0.1759 | Val Max Gen Viol: 0.0000 | Val Max Thermal: 0.0000
Epoch 9400 | Val Loss: 21.5126 | Val Cost: 2181.41 | Val Max P-Miss: 0.2957 | Val Max Q-Miss: 0.1458 | Val Max Gen Viol: 0.0000 | Val Max Thermal: 0.0000
Epoch 9410 | Val Loss: 15.0481 | Val Cost: 2133.09 | Val Max P-Miss: 0.2622 | Val Max Q-Miss: 0.0946 | Val Max Gen Viol: 0.0000 | Val Max Thermal: 0.0000
Epoch 9420 | Val Loss: 48.2157 | Val Cost: 2169.09 | Val Max P-Miss: 0.2219 | Val Max Q-Miss: 0.4790 | Val Max Gen Viol: 0.0000 | Val Max Thermal: 0.0000
Epoch 9430 | Val Loss: 81.0558 | Val Cost: 2094.35 | Val Max P-Miss: 0.4071 | Val Max Q-Miss: 0.3291 | Val Max Gen Viol: 0.0000 | Val Max Thermal: 0.0000
Epoch 9440 | Val Loss: 37.0475 | Val Cost: 2167.36 | Val Max P-Miss: 0.3370 | Val Max Q-Miss: 0.2390 | Val Max Gen Viol: 0.0000 | Val Max Thermal: 0.0000
Epoch 9450 | Val Loss: 17.1433 | Val Cost: 2214.60 | Val Max P-Miss: 0.3029 | Val Max Q-Miss: 0.0594 | Val Max Gen Viol: 0.0000 | Val Max Thermal: 0.0000
Epoch 9460 | Val Loss: 66.4474 | Val Cost: 2154.97 | Val Max P-Miss: 0.5791 | Val Max Q-Miss: 0.3018 | Val Max Gen Viol: 0.0000 | Val Max Thermal: 0.0000
Epoch 9470 | Val Loss: 13.2377 | Val Cost: 2253.25 | Val Max P-Miss: 0.2289 | Val Max Q-Miss: 0.0931 | Val Max Gen Viol: 0.0000 | Val Max Thermal: 0.0000
Epoch 9480 | Val Loss: 17.3569 | Val Cost: 2209.73 | Val Max P-Miss: 0.2336 | Val Max Q-Miss: 0.1171 | Val Max Gen Viol: 0.0000 | Val Max Thermal: 0.0000
Epoch 9490 | Val Loss: 17.4990 | Val Cost: 2150.22 | Val Max P-Miss: 0.2124 | Val Max Q-Miss: 0.0996 | Val Max Gen Viol: 0.0000 | Val Max Thermal: 0.0000
Epoch 9500 | Val Loss: 17.9268 | Val Cost: 2121.16 | Val Max P-Miss: 0.1763 | Val Max Q-Miss: 0.1022 | Val Max Gen Viol: 0.0000 | Val Max Thermal: 0.0000
Epoch 9510 | Val Loss: 15.9429 | Val Cost: 2123.50 | Val Max P-Miss: 0.2332 | Val Max Q-Miss: 0.0970 | Val Max Gen Viol: 0.0000 | Val Max Thermal: 0.0000
Epoch 9520 | Val Loss: 15.7739 | Val Cost: 2123.99 | Val Max P-Miss: 0.2283 | Val Max Q-Miss: 0.0927 | Val Max Gen Viol: 0.0000 | Val Max Thermal: 0.0000
Epoch 9530 | Val Loss: 15.1210 | Val Cost: 2124.05 | Val Max P-Miss: 0.2216 | Val Max Q-Miss: 0.0878 | Val Max Gen Viol: 0.0000 | Val Max Thermal: 0.0000
Epoch 9540 | Val Loss: 14.5541 | Val Cost: 2124.80 | Val Max P-Miss: 0.2164 | Val Max Q-Miss: 0.0813 | Val Max Gen Viol: 0.0000 | Val Max Thermal: 0.0000
Epoch 9550 | Val Loss: 14.2390 | Val Cost: 2124.19 | Val Max P-Miss: 0.2120 | Val Max Q-Miss: 0.0754 | Val Max Gen Viol: 0.0000 | Val Max Thermal: 0.0000
Epoch 9560 | Val Loss: 13.9413 | Val Cost: 2125.52 | Val Max P-Miss: 0.2114 | Val Max Q-Miss: 0.0703 | Val Max Gen Viol: 0.0000 | Val Max Thermal: 0.0000
Epoch 9570 | Val Loss: 13.7176 | Val Cost: 2126.70 | Val Max P-Miss: 0.2104 | Val Max Q-Miss: 0.0679 | Val Max Gen Viol: 0.0000 | Val Max Thermal: 0.0000
Epoch 9580 | Val Loss: 13.3800 | Val Cost: 2128.06 | Val Max P-Miss: 0.2081 | Val Max Q-Miss: 0.0675 | Val Max Gen Viol: 0.0000 | Val Max Thermal: 0.0000
Epoch 9590 | Val Loss: 13.0980 | Val Cost: 2128.61 | Val Max P-Miss: 0.2049 | Val Max Q-Miss: 0.0657 | Val Max Gen Viol: 0.0000 | Val Max Thermal: 0.0000
Epoch 9600 | Val Loss: 33.3088 | Val Cost: 2278.17 | Val Max P-Miss: 0.3558 | Val Max Q-Miss: 0.1750 | Val Max Gen Viol: 0.0000 | Val Max Thermal: 0.0000
Epoch 9610 | Val Loss: 33.5097 | Val Cost: 2206.00 | Val Max P-Miss: 0.3243 | Val Max Q-Miss: 0.2120 | Val Max Gen Viol: 0.0000 | Val Max Thermal: 0.0000
Epoch 9620 | Val Loss: 21.8312 | Val Cost: 2131.30 | Val Max P-Miss: 0.2248 | Val Max Q-Miss: 0.1543 | Val Max Gen Viol: 0.0000 | Val Max Thermal: 0.0000
Epoch 9630 | Val Loss: 30.3384 | Val Cost: 2188.69 | Val Max P-Miss: 0.1955 | Val Max Q-Miss: 0.2858 | Val Max Gen Viol: 0.0000 | Val Max Thermal: 0.0000
Epoch 9640 | Val Loss: 17.6849 | Val Cost: 2173.40 | Val Max P-Miss: 0.2047 | Val Max Q-Miss: 0.1104 | Val Max Gen Viol: 0.0000 | Val Max Thermal: 0.0000
Epoch 9650 | Val Loss: 19.0591 | Val Cost: 2118.14 | Val Max P-Miss: 0.2956 | Val Max Q-Miss: 0.1517 | Val Max Gen Viol: 0.0000 | Val Max Thermal: 0.0000
Epoch 9660 | Val Loss: 17.1962 | Val Cost: 2085.95 | Val Max P-Miss: 0.2489 | Val Max Q-Miss: 0.1763 | Val Max Gen Viol: 0.0000 | Val Max Thermal: 0.0000
Epoch 9670 | Val Loss: 20.2221 | Val Cost: 2108.25 | Val Max P-Miss: 0.2801 | Val Max Q-Miss: 0.1316 | Val Max Gen Viol: 0.0000 | Val Max Thermal: 0.0000
Epoch 9680 | Val Loss: 36.8747 | Val Cost: 2149.51 | Val Max P-Miss: 0.3887 | Val Max Q-Miss: 0.1609 | Val Max Gen Viol: 0.0000 | Val Max Thermal: 0.0000
Epoch 9690 | Val Loss: 16.9499 | Val Cost: 2160.36 | Val Max P-Miss: 0.2786 | Val Max Q-Miss: 0.1566 | Val Max Gen Viol: 0.0000 | Val Max Thermal: 0.0000
Epoch 9700 | Val Loss: 18.4691 | Val Cost: 2189.75 | Val Max P-Miss: 0.2781 | Val Max Q-Miss: 0.1431 | Val Max Gen Viol: 0.0000 | Val Max Thermal: 0.0000
Epoch 9710 | Val Loss: 15.8012 | Val Cost: 2127.18 | Val Max P-Miss: 0.2402 | Val Max Q-Miss: 0.1257 | Val Max Gen Viol: 0.0000 | Val Max Thermal: 0.0000
Epoch 9720 | Val Loss: 19.7611 | Val Cost: 2119.49 | Val Max P-Miss: 0.2653 | Val Max Q-Miss: 0.1742 | Val Max Gen Viol: 0.0000 | Val Max Thermal: 0.0000
Epoch 9730 | Val Loss: 15.6576 | Val Cost: 2127.66 | Val Max P-Miss: 0.2100 | Val Max Q-Miss: 0.0786 | Val Max Gen Viol: 0.0000 | Val Max Thermal: 0.0000
Epoch 9740 | Val Loss: 14.9400 | Val Cost: 2126.13 | Val Max P-Miss: 0.2049 | Val Max Q-Miss: 0.0701 | Val Max Gen Viol: 0.0000 | Val Max Thermal: 0.0000
Epoch 9750 | Val Loss: 14.6009 | Val Cost: 2126.11 | Val Max P-Miss: 0.1987 | Val Max Q-Miss: 0.0673 | Val Max Gen Viol: 0.0000 | Val Max Thermal: 0.0000
Epoch 9760 | Val Loss: 14.5013 | Val Cost: 2126.31 | Val Max P-Miss: 0.1937 | Val Max Q-Miss: 0.0654 | Val Max Gen Viol: 0.0000 | Val Max Thermal: 0.0000
Epoch 9770 | Val Loss: 14.2249 | Val Cost: 2127.18 | Val Max P-Miss: 0.1909 | Val Max Q-Miss: 0.0645 | Val Max Gen Viol: 0.0000 | Val Max Thermal: 0.0000
Epoch 9780 | Val Loss: 13.9612 | Val Cost: 2128.01 | Val Max P-Miss: 0.1879 | Val Max Q-Miss: 0.0644 | Val Max Gen Viol: 0.0000 | Val Max Thermal: 0.0000
Epoch 9790 | Val Loss: 13.5359 | Val Cost: 2128.50 | Val Max P-Miss: 0.1851 | Val Max Q-Miss: 0.0643 | Val Max Gen Viol: 0.0000 | Val Max Thermal: 0.0000
Epoch 9800 | Val Loss: 12.7677 | Val Cost: 2129.22 | Val Max P-Miss: 0.1760 | Val Max Q-Miss: 0.0628 | Val Max Gen Viol: 0.0000 | Val Max Thermal: 0.0000
Epoch 9810 | Val Loss: 29.3809 | Val Cost: 2231.84 | Val Max P-Miss: 0.3657 | Val Max Q-Miss: 0.1686 | Val Max Gen Viol: 0.0000 | Val Max Thermal: 0.0000
Epoch 9820 | Val Loss: 23.3490 | Val Cost: 2192.83 | Val Max P-Miss: 0.3355 | Val Max Q-Miss: 0.1484 | Val Max Gen Viol: 0.0000 | Val Max Thermal: 0.0000
Epoch 9830 | Val Loss: 18.9833 | Val Cost: 2112.83 | Val Max P-Miss: 0.2897 | Val Max Q-Miss: 0.1614 | Val Max Gen Viol: 0.0000 | Val Max Thermal: 0.0000
Epoch 9840 | Val Loss: 18.8198 | Val Cost: 2091.47 | Val Max P-Miss: 0.2604 | Val Max Q-Miss: 0.1414 | Val Max Gen Viol: 0.0000 | Val Max Thermal: 0.0000
Epoch 9850 | Val Loss: 45.6564 | Val Cost: 2241.15 | Val Max P-Miss: 0.3201 | Val Max Q-Miss: 0.1538 | Val Max Gen Viol: 0.0000 | Val Max Thermal: 0.0000
Epoch 9860 | Val Loss: 23.2346 | Val Cost: 2188.72 | Val Max P-Miss: 0.3395 | Val Max Q-Miss: 0.1244 | Val Max Gen Viol: 0.0000 | Val Max Thermal: 0.0000
Epoch 9870 | Val Loss: 29.7098 | Val Cost: 2171.65 | Val Max P-Miss: 0.3222 | Val Max Q-Miss: 0.2149 | Val Max Gen Viol: 0.0000 | Val Max Thermal: 0.0000
Epoch 9880 | Val Loss: 16.7666 | Val Cost: 2173.14 | Val Max P-Miss: 0.2288 | Val Max Q-Miss: 0.1402 | Val Max Gen Viol: 0.0000 | Val Max Thermal: 0.0000
Epoch 9890 | Val Loss: 22.2962 | Val Cost: 2240.81 | Val Max P-Miss: 0.2952 | Val Max Q-Miss: 0.1338 | Val Max Gen Viol: 0.0000 | Val Max Thermal: 0.0000
Epoch 9900 | Val Loss: 16.5221 | Val Cost: 2219.81 | Val Max P-Miss: 0.2109 | Val Max Q-Miss: 0.1351 | Val Max Gen Viol: 0.0000 | Val Max Thermal: 0.0000
Epoch 9910 | Val Loss: 12.7573 | Val Cost: 2161.57 | Val Max P-Miss: 0.1984 | Val Max Q-Miss: 0.0897 | Val Max Gen Viol: 0.0000 | Val Max Thermal: 0.0000
Epoch 9920 | Val Loss: 12.2900 | Val Cost: 2137.73 | Val Max P-Miss: 0.1905 | Val Max Q-Miss: 0.0840 | Val Max Gen Viol: 0.0000 | Val Max Thermal: 0.0000
Epoch 9930 | Val Loss: 12.0332 | Val Cost: 2130.27 | Val Max P-Miss: 0.1851 | Val Max Q-Miss: 0.0782 | Val Max Gen Viol: 0.0000 | Val Max Thermal: 0.0000
Epoch 9940 | Val Loss: 12.1523 | Val Cost: 2128.17 | Val Max P-Miss: 0.1823 | Val Max Q-Miss: 0.0760 | Val Max Gen Viol: 0.0000 | Val Max Thermal: 0.0000
Epoch 9950 | Val Loss: 22.0766 | Val Cost: 2080.45 | Val Max P-Miss: 0.2585 | Val Max Q-Miss: 0.1524 | Val Max Gen Viol: 0.0000 | Val Max Thermal: 0.0000
Epoch 9960 | Val Loss: 76.7168 | Val Cost: 2183.19 | Val Max P-Miss: 0.1386 | Val Max Q-Miss: 0.6562 | Val Max Gen Viol: 0.0000 | Val Max Thermal: 0.0000
Epoch 9970 | Val Loss: 26.5917 | Val Cost: 2213.96 | Val Max P-Miss: 0.2147 | Val Max Q-Miss: 0.1690 | Val Max Gen Viol: 0.0000 | Val Max Thermal: 0.0000
Epoch 9980 | Val Loss: 29.0850 | Val Cost: 2169.23 | Val Max P-Miss: 0.3756 | Val Max Q-Miss: 0.1960 | Val Max Gen Viol: 0.0000 | Val Max Thermal: 0.0000
Epoch 9990 | Val Loss: 15.8497 | Val Cost: 2136.95 | Val Max P-Miss: 0.2545 | Val Max Q-Miss: 0.1380 | Val Max Gen Viol: 0.0000 | Val Max Thermal: 0.0000

==================================================
Training Complete!
Total Training Time: 00h 09m 50.31s
Best model weights saved to: ./model/best_rahul_model_pglib_opf_case14_ieee_10000epochs_20260719_014039.pth
==================================================

