Job: acopf_ISS
Executing: ACOPF_FSNet.py --case_name pglib_opf_case57_ieee --epochs 10000
Node: issnode1
GPU Allocated: 0
CUDA Hardware Acceleration Active: NVIDIA GeForce RTX 4090
Problem Geometry Linked -> Matrix Samples: 10000

Beginning execution of parallelized training matrix loops for FSNet...
Epoch    0 | Val Loss: 229.6848 | Val Cost: 29770.34 | Val Max P-Miss: 0.7114 | Val Max Q-Miss: 1.4313 | Val Max Gen Viol: 0.0000 | Val Max Thermal: 0.0000 [*SAVED BEST*]
Epoch   10 | Val Loss: 24.2014 | Val Cost: 29960.77 | Val Max P-Miss: 0.4816 | Val Max Q-Miss: 0.2589 | Val Max Gen Viol: 0.0000 | Val Max Thermal: 0.0000 [*SAVED BEST*]
Epoch   20 | Val Loss: 24.5689 | Val Cost: 30244.40 | Val Max P-Miss: 0.4651 | Val Max Q-Miss: 0.2107 | Val Max Gen Viol: 0.0000 | Val Max Thermal: 0.0000
Epoch   30 | Val Loss: 21.3007 | Val Cost: 30296.91 | Val Max P-Miss: 0.3951 | Val Max Q-Miss: 0.1677 | Val Max Gen Viol: 0.0000 | Val Max Thermal: 0.0000 [*SAVED BEST*]
Epoch   40 | Val Loss: 20.2692 | Val Cost: 30196.71 | Val Max P-Miss: 0.3577 | Val Max Q-Miss: 0.1647 | Val Max Gen Viol: 0.0000 | Val Max Thermal: 0.0000 [*SAVED BEST*]
Epoch   50 | Val Loss: 20.7382 | Val Cost: 30009.05 | Val Max P-Miss: 0.3662 | Val Max Q-Miss: 0.1447 | Val Max Gen Viol: 0.0000 | Val Max Thermal: 0.0000
Epoch   60 | Val Loss: 19.6639 | Val Cost: 29994.51 | Val Max P-Miss: 0.3203 | Val Max Q-Miss: 0.1477 | Val Max Gen Viol: 0.0000 | Val Max Thermal: 0.0000 [*SAVED BEST*]
Epoch   70 | Val Loss: 18.7374 | Val Cost: 29874.79 | Val Max P-Miss: 0.3357 | Val Max Q-Miss: 0.1523 | Val Max Gen Viol: 0.0000 | Val Max Thermal: 0.0000 [*SAVED BEST*]
Epoch   80 | Val Loss: 18.0514 | Val Cost: 29768.73 | Val Max P-Miss: 0.2668 | Val Max Q-Miss: 0.1373 | Val Max Gen Viol: 0.0000 | Val Max Thermal: 0.0000 [*SAVED BEST*]
Epoch   90 | Val Loss: 18.2671 | Val Cost: 29638.30 | Val Max P-Miss: 0.2466 | Val Max Q-Miss: 0.1497 | Val Max Gen Viol: 0.0000 | Val Max Thermal: 0.0000
Epoch  100 | Val Loss: 18.4619 | Val Cost: 29591.01 | Val Max P-Miss: 0.2473 | Val Max Q-Miss: 0.1530 | Val Max Gen Viol: 0.0000 | Val Max Thermal: 0.0000
Epoch  110 | Val Loss: 17.7891 | Val Cost: 29521.81 | Val Max P-Miss: 0.2303 | Val Max Q-Miss: 0.1584 | Val Max Gen Viol: 0.0000 | Val Max Thermal: 0.0000 [*SAVED BEST*]
Epoch  120 | Val Loss: 17.7263 | Val Cost: 29451.82 | Val Max P-Miss: 0.2508 | Val Max Q-Miss: 0.1585 | Val Max Gen Viol: 0.0000 | Val Max Thermal: 0.0000 [*SAVED BEST*]
Epoch  130 | Val Loss: 17.8258 | Val Cost: 29369.60 | Val Max P-Miss: 0.2971 | Val Max Q-Miss: 0.1415 | Val Max Gen Viol: 0.0000 | Val Max Thermal: 0.0000
Epoch  140 | Val Loss: 17.5365 | Val Cost: 29304.32 | Val Max P-Miss: 0.2977 | Val Max Q-Miss: 0.1506 | Val Max Gen Viol: 0.0000 | Val Max Thermal: 0.0000 [*SAVED BEST*]
Epoch  150 | Val Loss: 17.3610 | Val Cost: 29299.26 | Val Max P-Miss: 0.1785 | Val Max Q-Miss: 0.1391 | Val Max Gen Viol: 0.0000 | Val Max Thermal: 0.0000 [*SAVED BEST*]
Epoch  160 | Val Loss: 17.2552 | Val Cost: 29244.79 | Val Max P-Miss: 0.1511 | Val Max Q-Miss: 0.1365 | Val Max Gen Viol: 0.0000 | Val Max Thermal: 0.0000 [*SAVED BEST*]
Epoch  170 | Val Loss: 17.2885 | Val Cost: 29182.15 | Val Max P-Miss: 0.1352 | Val Max Q-Miss: 0.1376 | Val Max Gen Viol: 0.0000 | Val Max Thermal: 0.0000
Epoch  180 | Val Loss: 17.3137 | Val Cost: 29139.33 | Val Max P-Miss: 0.1590 | Val Max Q-Miss: 0.1384 | Val Max Gen Viol: 0.0000 | Val Max Thermal: 0.0000
Epoch  190 | Val Loss: 17.6761 | Val Cost: 29094.15 | Val Max P-Miss: 0.1749 | Val Max Q-Miss: 0.1448 | Val Max Gen Viol: 0.0000 | Val Max Thermal: 0.0000
Epoch  200 | Val Loss: 17.8101 | Val Cost: 29016.79 | Val Max P-Miss: 0.2337 | Val Max Q-Miss: 0.1547 | Val Max Gen Viol: 0.0000 | Val Max Thermal: 0.0000
Epoch  210 | Val Loss: 16.9891 | Val Cost: 29012.07 | Val Max P-Miss: 0.1326 | Val Max Q-Miss: 0.1345 | Val Max Gen Viol: 0.0000 | Val Max Thermal: 0.0000 [*SAVED BEST*]
Epoch  220 | Val Loss: 17.0139 | Val Cost: 28954.39 | Val Max P-Miss: 0.1314 | Val Max Q-Miss: 0.1321 | Val Max Gen Viol: 0.0000 | Val Max Thermal: 0.0000
Epoch  230 | Val Loss: 17.0777 | Val Cost: 28895.73 | Val Max P-Miss: 0.1581 | Val Max Q-Miss: 0.1365 | Val Max Gen Viol: 0.0000 | Val Max Thermal: 0.0000
Epoch  240 | Val Loss: 17.8287 | Val Cost: 28908.11 | Val Max P-Miss: 0.2114 | Val Max Q-Miss: 0.1482 | Val Max Gen Viol: 0.0000 | Val Max Thermal: 0.0000
Epoch  250 | Val Loss: 17.1409 | Val Cost: 28885.30 | Val Max P-Miss: 0.1717 | Val Max Q-Miss: 0.1292 | Val Max Gen Viol: 0.0000 | Val Max Thermal: 0.0000
Epoch  260 | Val Loss: 17.1725 | Val Cost: 28870.86 | Val Max P-Miss: 0.1261 | Val Max Q-Miss: 0.1311 | Val Max Gen Viol: 0.0000 | Val Max Thermal: 0.0000
Epoch  270 | Val Loss: 17.0330 | Val Cost: 28811.57 | Val Max P-Miss: 0.1359 | Val Max Q-Miss: 0.1276 | Val Max Gen Viol: 0.0000 | Val Max Thermal: 0.0000
Epoch  280 | Val Loss: 17.1491 | Val Cost: 28816.08 | Val Max P-Miss: 0.1680 | Val Max Q-Miss: 0.1366 | Val Max Gen Viol: 0.0000 | Val Max Thermal: 0.0000
Epoch  290 | Val Loss: 17.4992 | Val Cost: 28920.02 | Val Max P-Miss: 0.1816 | Val Max Q-Miss: 0.1239 | Val Max Gen Viol: 0.0000 | Val Max Thermal: 0.0000
Epoch  300 | Val Loss: 17.0627 | Val Cost: 28756.56 | Val Max P-Miss: 0.2055 | Val Max Q-Miss: 0.1206 | Val Max Gen Viol: 0.0000 | Val Max Thermal: 0.0000
Epoch  310 | Val Loss: 16.9616 | Val Cost: 28745.92 | Val Max P-Miss: 0.1948 | Val Max Q-Miss: 0.1151 | Val Max Gen Viol: 0.0000 | Val Max Thermal: 0.0000 [*SAVED BEST*]
Epoch  320 | Val Loss: 17.0398 | Val Cost: 28797.27 | Val Max P-Miss: 0.1660 | Val Max Q-Miss: 0.1123 | Val Max Gen Viol: 0.0000 | Val Max Thermal: 0.0000
Epoch  330 | Val Loss: 16.9037 | Val Cost: 28744.01 | Val Max P-Miss: 0.1339 | Val Max Q-Miss: 0.1130 | Val Max Gen Viol: 0.0000 | Val Max Thermal: 0.0000 [*SAVED BEST*]
Epoch  340 | Val Loss: 17.0565 | Val Cost: 28694.55 | Val Max P-Miss: 0.1806 | Val Max Q-Miss: 0.1160 | Val Max Gen Viol: 0.0000 | Val Max Thermal: 0.0000
Epoch  350 | Val Loss: 16.8661 | Val Cost: 28712.44 | Val Max P-Miss: 0.1655 | Val Max Q-Miss: 0.1035 | Val Max Gen Viol: 0.0000 | Val Max Thermal: 0.0000 [*SAVED BEST*]
Epoch  360 | Val Loss: 16.8233 | Val Cost: 28707.07 | Val Max P-Miss: 0.1480 | Val Max Q-Miss: 0.0943 | Val Max Gen Viol: 0.0000 | Val Max Thermal: 0.0000 [*SAVED BEST*]
Epoch  370 | Val Loss: 16.7434 | Val Cost: 28696.22 | Val Max P-Miss: 0.1342 | Val Max Q-Miss: 0.0861 | Val Max Gen Viol: 0.0000 | Val Max Thermal: 0.0000 [*SAVED BEST*]
Epoch  380 | Val Loss: 16.9470 | Val Cost: 28711.72 | Val Max P-Miss: 0.1261 | Val Max Q-Miss: 0.0902 | Val Max Gen Viol: 0.0000 | Val Max Thermal: 0.0000
Epoch  390 | Val Loss: 16.9162 | Val Cost: 28661.64 | Val Max P-Miss: 0.1267 | Val Max Q-Miss: 0.0766 | Val Max Gen Viol: 0.0000 | Val Max Thermal: 0.0000
Epoch  400 | Val Loss: 16.8301 | Val Cost: 28644.33 | Val Max P-Miss: 0.1185 | Val Max Q-Miss: 0.0744 | Val Max Gen Viol: 0.0000 | Val Max Thermal: 0.0000
Epoch  410 | Val Loss: 16.8139 | Val Cost: 28662.09 | Val Max P-Miss: 0.1235 | Val Max Q-Miss: 0.0766 | Val Max Gen Viol: 0.0000 | Val Max Thermal: 0.0000
Epoch  420 | Val Loss: 16.8815 | Val Cost: 28635.00 | Val Max P-Miss: 0.1273 | Val Max Q-Miss: 0.0768 | Val Max Gen Viol: 0.0000 | Val Max Thermal: 0.0000
Epoch  430 | Val Loss: 16.8647 | Val Cost: 28665.14 | Val Max P-Miss: 0.1240 | Val Max Q-Miss: 0.1099 | Val Max Gen Viol: 0.0000 | Val Max Thermal: 0.0000
Epoch  440 | Val Loss: 17.1020 | Val Cost: 28718.17 | Val Max P-Miss: 0.1705 | Val Max Q-Miss: 0.0914 | Val Max Gen Viol: 0.0000 | Val Max Thermal: 0.0000
Epoch  450 | Val Loss: 16.8906 | Val Cost: 28626.76 | Val Max P-Miss: 0.1297 | Val Max Q-Miss: 0.0729 | Val Max Gen Viol: 0.0000 | Val Max Thermal: 0.0000
Epoch  460 | Val Loss: 16.9307 | Val Cost: 28490.35 | Val Max P-Miss: 0.1648 | Val Max Q-Miss: 0.0797 | Val Max Gen Viol: 0.0000 | Val Max Thermal: 0.0000
Epoch  470 | Val Loss: 16.7733 | Val Cost: 28559.03 | Val Max P-Miss: 0.1309 | Val Max Q-Miss: 0.0632 | Val Max Gen Viol: 0.0000 | Val Max Thermal: 0.0000
Epoch  480 | Val Loss: 16.7459 | Val Cost: 28561.51 | Val Max P-Miss: 0.1345 | Val Max Q-Miss: 0.0684 | Val Max Gen Viol: 0.0000 | Val Max Thermal: 0.0000
Epoch  490 | Val Loss: 16.7183 | Val Cost: 28448.44 | Val Max P-Miss: 0.1183 | Val Max Q-Miss: 0.0595 | Val Max Gen Viol: 0.0000 | Val Max Thermal: 0.0000 [*SAVED BEST*]
Epoch  500 | Val Loss: 16.8193 | Val Cost: 28404.87 | Val Max P-Miss: 0.1626 | Val Max Q-Miss: 0.0643 | Val Max Gen Viol: 0.0000 | Val Max Thermal: 0.0000
Epoch  510 | Val Loss: 16.6819 | Val Cost: 28466.03 | Val Max P-Miss: 0.1368 | Val Max Q-Miss: 0.0602 | Val Max Gen Viol: 0.0000 | Val Max Thermal: 0.0000 [*SAVED BEST*]
Epoch  520 | Val Loss: 16.6444 | Val Cost: 28468.08 | Val Max P-Miss: 0.1142 | Val Max Q-Miss: 0.0559 | Val Max Gen Viol: 0.0000 | Val Max Thermal: 0.0000 [*SAVED BEST*]
Epoch  530 | Val Loss: 16.7185 | Val Cost: 28505.44 | Val Max P-Miss: 0.1296 | Val Max Q-Miss: 0.0573 | Val Max Gen Viol: 0.0000 | Val Max Thermal: 0.0000
Epoch  540 | Val Loss: 16.7768 | Val Cost: 28458.31 | Val Max P-Miss: 0.1263 | Val Max Q-Miss: 0.0515 | Val Max Gen Viol: 0.0000 | Val Max Thermal: 0.0000
Epoch  550 | Val Loss: 16.6879 | Val Cost: 28464.28 | Val Max P-Miss: 0.1070 | Val Max Q-Miss: 0.0481 | Val Max Gen Viol: 0.0000 | Val Max Thermal: 0.0000
Epoch  560 | Val Loss: 16.6853 | Val Cost: 28480.78 | Val Max P-Miss: 0.1044 | Val Max Q-Miss: 0.0516 | Val Max Gen Viol: 0.0000 | Val Max Thermal: 0.0000
Epoch  570 | Val Loss: 16.7515 | Val Cost: 28560.02 | Val Max P-Miss: 0.1348 | Val Max Q-Miss: 0.0598 | Val Max Gen Viol: 0.0000 | Val Max Thermal: 0.0000
Epoch  580 | Val Loss: 16.6648 | Val Cost: 28415.17 | Val Max P-Miss: 0.1127 | Val Max Q-Miss: 0.0571 | Val Max Gen Viol: 0.0000 | Val Max Thermal: 0.0000
Epoch  590 | Val Loss: 16.9075 | Val Cost: 28626.59 | Val Max P-Miss: 0.1385 | Val Max Q-Miss: 0.0706 | Val Max Gen Viol: 0.0000 | Val Max Thermal: 0.0000
Epoch  600 | Val Loss: 16.7517 | Val Cost: 28434.40 | Val Max P-Miss: 0.1549 | Val Max Q-Miss: 0.0612 | Val Max Gen Viol: 0.0000 | Val Max Thermal: 0.0000
Epoch  610 | Val Loss: 16.6836 | Val Cost: 28407.39 | Val Max P-Miss: 0.1439 | Val Max Q-Miss: 0.0432 | Val Max Gen Viol: 0.0000 | Val Max Thermal: 0.0000
Epoch  620 | Val Loss: 16.7575 | Val Cost: 28373.76 | Val Max P-Miss: 0.1076 | Val Max Q-Miss: 0.0505 | Val Max Gen Viol: 0.0000 | Val Max Thermal: 0.0000
Epoch  630 | Val Loss: 16.6055 | Val Cost: 28410.02 | Val Max P-Miss: 0.1162 | Val Max Q-Miss: 0.0487 | Val Max Gen Viol: 0.0000 | Val Max Thermal: 0.0000 [*SAVED BEST*]
Epoch  640 | Val Loss: 16.5874 | Val Cost: 28347.09 | Val Max P-Miss: 0.1130 | Val Max Q-Miss: 0.0416 | Val Max Gen Viol: 0.0000 | Val Max Thermal: 0.0000 [*SAVED BEST*]
Epoch  650 | Val Loss: 16.6646 | Val Cost: 28324.92 | Val Max P-Miss: 0.1553 | Val Max Q-Miss: 0.0495 | Val Max Gen Viol: 0.0000 | Val Max Thermal: 0.0000
Epoch  660 | Val Loss: 16.6084 | Val Cost: 28447.79 | Val Max P-Miss: 0.1357 | Val Max Q-Miss: 0.0465 | Val Max Gen Viol: 0.0000 | Val Max Thermal: 0.0000
Epoch  670 | Val Loss: 16.7333 | Val Cost: 28445.56 | Val Max P-Miss: 0.1283 | Val Max Q-Miss: 0.0778 | Val Max Gen Viol: 0.0000 | Val Max Thermal: 0.0000
Epoch  680 | Val Loss: 16.6617 | Val Cost: 28372.62 | Val Max P-Miss: 0.1089 | Val Max Q-Miss: 0.0439 | Val Max Gen Viol: 0.0000 | Val Max Thermal: 0.0000
Epoch  690 | Val Loss: 16.6145 | Val Cost: 28399.92 | Val Max P-Miss: 0.1066 | Val Max Q-Miss: 0.0416 | Val Max Gen Viol: 0.0000 | Val Max Thermal: 0.0000
Epoch  700 | Val Loss: 16.9346 | Val Cost: 28599.45 | Val Max P-Miss: 0.1339 | Val Max Q-Miss: 0.0551 | Val Max Gen Viol: 0.0000 | Val Max Thermal: 0.0000
Epoch  710 | Val Loss: 16.6792 | Val Cost: 28492.76 | Val Max P-Miss: 0.1297 | Val Max Q-Miss: 0.0519 | Val Max Gen Viol: 0.0000 | Val Max Thermal: 0.0000
Epoch  720 | Val Loss: 16.6356 | Val Cost: 28357.87 | Val Max P-Miss: 0.1566 | Val Max Q-Miss: 0.0458 | Val Max Gen Viol: 0.0000 | Val Max Thermal: 0.0000
Epoch  730 | Val Loss: 16.5557 | Val Cost: 28412.75 | Val Max P-Miss: 0.1159 | Val Max Q-Miss: 0.0546 | Val Max Gen Viol: 0.0000 | Val Max Thermal: 0.0000 [*SAVED BEST*]
Epoch  740 | Val Loss: 16.7425 | Val Cost: 28306.46 | Val Max P-Miss: 0.1499 | Val Max Q-Miss: 0.0638 | Val Max Gen Viol: 0.0000 | Val Max Thermal: 0.0000
Epoch  750 | Val Loss: 16.6145 | Val Cost: 28375.02 | Val Max P-Miss: 0.1082 | Val Max Q-Miss: 0.0419 | Val Max Gen Viol: 0.0000 | Val Max Thermal: 0.0000
Epoch  760 | Val Loss: 16.6453 | Val Cost: 28323.10 | Val Max P-Miss: 0.1083 | Val Max Q-Miss: 0.0416 | Val Max Gen Viol: 0.0000 | Val Max Thermal: 0.0000
Epoch  770 | Val Loss: 16.6095 | Val Cost: 28383.00 | Val Max P-Miss: 0.1052 | Val Max Q-Miss: 0.0381 | Val Max Gen Viol: 0.0000 | Val Max Thermal: 0.0000
Epoch  780 | Val Loss: 16.6366 | Val Cost: 28442.21 | Val Max P-Miss: 0.1201 | Val Max Q-Miss: 0.0476 | Val Max Gen Viol: 0.0000 | Val Max Thermal: 0.0000
Epoch  790 | Val Loss: 16.7331 | Val Cost: 28258.64 | Val Max P-Miss: 0.1347 | Val Max Q-Miss: 0.0604 | Val Max Gen Viol: 0.0000 | Val Max Thermal: 0.0000
Epoch  800 | Val Loss: 16.6435 | Val Cost: 28256.12 | Val Max P-Miss: 0.1404 | Val Max Q-Miss: 0.0424 | Val Max Gen Viol: 0.0000 | Val Max Thermal: 0.0000
Epoch  810 | Val Loss: 16.6327 | Val Cost: 28371.77 | Val Max P-Miss: 0.1241 | Val Max Q-Miss: 0.0427 | Val Max Gen Viol: 0.0000 | Val Max Thermal: 0.0000
Epoch  820 | Val Loss: 16.6437 | Val Cost: 28391.48 | Val Max P-Miss: 0.1179 | Val Max Q-Miss: 0.0424 | Val Max Gen Viol: 0.0000 | Val Max Thermal: 0.0000
Epoch  830 | Val Loss: 16.6009 | Val Cost: 28339.67 | Val Max P-Miss: 0.1180 | Val Max Q-Miss: 0.0408 | Val Max Gen Viol: 0.0000 | Val Max Thermal: 0.0000
Epoch  840 | Val Loss: 16.6702 | Val Cost: 28583.44 | Val Max P-Miss: 0.1139 | Val Max Q-Miss: 0.0484 | Val Max Gen Viol: 0.0000 | Val Max Thermal: 0.0000
Epoch  850 | Val Loss: 16.5923 | Val Cost: 28350.48 | Val Max P-Miss: 0.1049 | Val Max Q-Miss: 0.0624 | Val Max Gen Viol: 0.0000 | Val Max Thermal: 0.0000
Epoch  860 | Val Loss: 16.5877 | Val Cost: 28391.85 | Val Max P-Miss: 0.0975 | Val Max Q-Miss: 0.0420 | Val Max Gen Viol: 0.0000 | Val Max Thermal: 0.0000
Epoch  870 | Val Loss: 16.5823 | Val Cost: 28367.05 | Val Max P-Miss: 0.1020 | Val Max Q-Miss: 0.0362 | Val Max Gen Viol: 0.0000 | Val Max Thermal: 0.0000
Epoch  880 | Val Loss: 16.5884 | Val Cost: 28409.48 | Val Max P-Miss: 0.1052 | Val Max Q-Miss: 0.0454 | Val Max Gen Viol: 0.0000 | Val Max Thermal: 0.0000
Epoch  890 | Val Loss: 16.5736 | Val Cost: 28313.53 | Val Max P-Miss: 0.1162 | Val Max Q-Miss: 0.0438 | Val Max Gen Viol: 0.0000 | Val Max Thermal: 0.0000
Epoch  900 | Val Loss: 16.5792 | Val Cost: 28349.49 | Val Max P-Miss: 0.1027 | Val Max Q-Miss: 0.0413 | Val Max Gen Viol: 0.0000 | Val Max Thermal: 0.0000
Epoch  910 | Val Loss: 16.7086 | Val Cost: 28544.74 | Val Max P-Miss: 0.1046 | Val Max Q-Miss: 0.0614 | Val Max Gen Viol: 0.0000 | Val Max Thermal: 0.0000
Epoch  920 | Val Loss: 16.5829 | Val Cost: 28403.55 | Val Max P-Miss: 0.1190 | Val Max Q-Miss: 0.0453 | Val Max Gen Viol: 0.0000 | Val Max Thermal: 0.0000
Epoch  930 | Val Loss: 16.5567 | Val Cost: 28377.31 | Val Max P-Miss: 0.1211 | Val Max Q-Miss: 0.0430 | Val Max Gen Viol: 0.0000 | Val Max Thermal: 0.0000
Epoch  940 | Val Loss: 16.5014 | Val Cost: 28233.50 | Val Max P-Miss: 0.1052 | Val Max Q-Miss: 0.0422 | Val Max Gen Viol: 0.0000 | Val Max Thermal: 0.0000 [*SAVED BEST*]
Epoch  950 | Val Loss: 16.5884 | Val Cost: 28182.94 | Val Max P-Miss: 0.1176 | Val Max Q-Miss: 0.0392 | Val Max Gen Viol: 0.0000 | Val Max Thermal: 0.0000
Epoch  960 | Val Loss: 16.5610 | Val Cost: 28250.31 | Val Max P-Miss: 0.1042 | Val Max Q-Miss: 0.0353 | Val Max Gen Viol: 0.0000 | Val Max Thermal: 0.0000
Epoch  970 | Val Loss: 16.5763 | Val Cost: 28364.39 | Val Max P-Miss: 0.0938 | Val Max Q-Miss: 0.0352 | Val Max Gen Viol: 0.0000 | Val Max Thermal: 0.0000
Epoch  980 | Val Loss: 16.5623 | Val Cost: 28282.01 | Val Max P-Miss: 0.1059 | Val Max Q-Miss: 0.0377 | Val Max Gen Viol: 0.0000 | Val Max Thermal: 0.0000
Epoch  990 | Val Loss: 16.6834 | Val Cost: 28327.67 | Val Max P-Miss: 0.1205 | Val Max Q-Miss: 0.0472 | Val Max Gen Viol: 0.0000 | Val Max Thermal: 0.0000
Epoch 1000 | Val Loss: 16.5995 | Val Cost: 28286.89 | Val Max P-Miss: 0.1131 | Val Max Q-Miss: 0.0400 | Val Max Gen Viol: 0.0000 | Val Max Thermal: 0.0000
Epoch 1010 | Val Loss: 16.5822 | Val Cost: 28365.27 | Val Max P-Miss: 0.1189 | Val Max Q-Miss: 0.0408 | Val Max Gen Viol: 0.0000 | Val Max Thermal: 0.0000
Epoch 1020 | Val Loss: 16.5615 | Val Cost: 28211.69 | Val Max P-Miss: 0.1035 | Val Max Q-Miss: 0.0342 | Val Max Gen Viol: 0.0000 | Val Max Thermal: 0.0000
Epoch 1030 | Val Loss: 16.6324 | Val Cost: 28363.55 | Val Max P-Miss: 0.1196 | Val Max Q-Miss: 0.0590 | Val Max Gen Viol: 0.0000 | Val Max Thermal: 0.0000
Epoch 1040 | Val Loss: 16.6175 | Val Cost: 28322.35 | Val Max P-Miss: 0.1129 | Val Max Q-Miss: 0.0421 | Val Max Gen Viol: 0.0000 | Val Max Thermal: 0.0000
Epoch 1050 | Val Loss: 16.5444 | Val Cost: 28403.21 | Val Max P-Miss: 0.1181 | Val Max Q-Miss: 0.0435 | Val Max Gen Viol: 0.0000 | Val Max Thermal: 0.0000
Epoch 1060 | Val Loss: 16.6204 | Val Cost: 28469.22 | Val Max P-Miss: 0.1370 | Val Max Q-Miss: 0.0378 | Val Max Gen Viol: 0.0000 | Val Max Thermal: 0.0000
Epoch 1070 | Val Loss: 16.5315 | Val Cost: 28225.69 | Val Max P-Miss: 0.1222 | Val Max Q-Miss: 0.0385 | Val Max Gen Viol: 0.0000 | Val Max Thermal: 0.0000
Epoch 1080 | Val Loss: 16.5499 | Val Cost: 28467.64 | Val Max P-Miss: 0.0907 | Val Max Q-Miss: 0.0372 | Val Max Gen Viol: 0.0000 | Val Max Thermal: 0.0000
Epoch 1090 | Val Loss: 16.6022 | Val Cost: 28355.00 | Val Max P-Miss: 0.1105 | Val Max Q-Miss: 0.0542 | Val Max Gen Viol: 0.0000 | Val Max Thermal: 0.0000
Epoch 1100 | Val Loss: 16.6834 | Val Cost: 28231.76 | Val Max P-Miss: 0.1511 | Val Max Q-Miss: 0.0441 | Val Max Gen Viol: 0.0000 | Val Max Thermal: 0.0000
Epoch 1110 | Val Loss: 16.4908 | Val Cost: 28273.95 | Val Max P-Miss: 0.1011 | Val Max Q-Miss: 0.0340 | Val Max Gen Viol: 0.0000 | Val Max Thermal: 0.0000 [*SAVED BEST*]
Epoch 1120 | Val Loss: 16.5258 | Val Cost: 28292.47 | Val Max P-Miss: 0.1089 | Val Max Q-Miss: 0.0382 | Val Max Gen Viol: 0.0000 | Val Max Thermal: 0.0000
Epoch 1130 | Val Loss: 16.5349 | Val Cost: 28237.33 | Val Max P-Miss: 0.1119 | Val Max Q-Miss: 0.0440 | Val Max Gen Viol: 0.0000 | Val Max Thermal: 0.0000
Epoch 1140 | Val Loss: 16.5582 | Val Cost: 28337.73 | Val Max P-Miss: 0.0965 | Val Max Q-Miss: 0.0390 | Val Max Gen Viol: 0.0000 | Val Max Thermal: 0.0000
Epoch 1150 | Val Loss: 16.5614 | Val Cost: 28324.91 | Val Max P-Miss: 0.1206 | Val Max Q-Miss: 0.0525 | Val Max Gen Viol: 0.0000 | Val Max Thermal: 0.0000
Epoch 1160 | Val Loss: 16.5329 | Val Cost: 28336.96 | Val Max P-Miss: 0.1198 | Val Max Q-Miss: 0.0382 | Val Max Gen Viol: 0.0000 | Val Max Thermal: 0.0000
Epoch 1170 | Val Loss: 16.5234 | Val Cost: 28338.06 | Val Max P-Miss: 0.1127 | Val Max Q-Miss: 0.0480 | Val Max Gen Viol: 0.0000 | Val Max Thermal: 0.0000
Epoch 1180 | Val Loss: 16.5480 | Val Cost: 28289.79 | Val Max P-Miss: 0.1136 | Val Max Q-Miss: 0.0440 | Val Max Gen Viol: 0.0000 | Val Max Thermal: 0.0000
Epoch 1190 | Val Loss: 16.5170 | Val Cost: 28207.94 | Val Max P-Miss: 0.1066 | Val Max Q-Miss: 0.0416 | Val Max Gen Viol: 0.0000 | Val Max Thermal: 0.0000
Epoch 1200 | Val Loss: 16.5356 | Val Cost: 28276.72 | Val Max P-Miss: 0.0972 | Val Max Q-Miss: 0.0404 | Val Max Gen Viol: 0.0000 | Val Max Thermal: 0.0000
Epoch 1210 | Val Loss: 16.5031 | Val Cost: 28274.37 | Val Max P-Miss: 0.1043 | Val Max Q-Miss: 0.0350 | Val Max Gen Viol: 0.0000 | Val Max Thermal: 0.0000
Epoch 1220 | Val Loss: 16.5144 | Val Cost: 28321.94 | Val Max P-Miss: 0.0955 | Val Max Q-Miss: 0.0372 | Val Max Gen Viol: 0.0000 | Val Max Thermal: 0.0000
Epoch 1230 | Val Loss: 16.5142 | Val Cost: 28348.85 | Val Max P-Miss: 0.0965 | Val Max Q-Miss: 0.0404 | Val Max Gen Viol: 0.0000 | Val Max Thermal: 0.0000
Epoch 1240 | Val Loss: 16.5328 | Val Cost: 28249.48 | Val Max P-Miss: 0.1224 | Val Max Q-Miss: 0.0334 | Val Max Gen Viol: 0.0000 | Val Max Thermal: 0.0000
Epoch 1250 | Val Loss: 16.5314 | Val Cost: 28178.41 | Val Max P-Miss: 0.1323 | Val Max Q-Miss: 0.0345 | Val Max Gen Viol: 0.0000 | Val Max Thermal: 0.0000
Epoch 1260 | Val Loss: 16.6189 | Val Cost: 28082.24 | Val Max P-Miss: 0.1348 | Val Max Q-Miss: 0.0603 | Val Max Gen Viol: 0.0000 | Val Max Thermal: 0.0000
Epoch 1270 | Val Loss: 16.5403 | Val Cost: 28208.02 | Val Max P-Miss: 0.0982 | Val Max Q-Miss: 0.0374 | Val Max Gen Viol: 0.0000 | Val Max Thermal: 0.0000
Epoch 1280 | Val Loss: 16.4821 | Val Cost: 28117.09 | Val Max P-Miss: 0.0961 | Val Max Q-Miss: 0.0327 | Val Max Gen Viol: 0.0000 | Val Max Thermal: 0.0000 [*SAVED BEST*]
Epoch 1290 | Val Loss: 16.5624 | Val Cost: 28370.45 | Val Max P-Miss: 0.0967 | Val Max Q-Miss: 0.0381 | Val Max Gen Viol: 0.0000 | Val Max Thermal: 0.0000
Epoch 1300 | Val Loss: 16.5038 | Val Cost: 28389.93 | Val Max P-Miss: 0.0981 | Val Max Q-Miss: 0.0451 | Val Max Gen Viol: 0.0000 | Val Max Thermal: 0.0000
Epoch 1310 | Val Loss: 16.6611 | Val Cost: 28573.67 | Val Max P-Miss: 0.1022 | Val Max Q-Miss: 0.0358 | Val Max Gen Viol: 0.0000 | Val Max Thermal: 0.0000
Epoch 1320 | Val Loss: 16.4801 | Val Cost: 28174.92 | Val Max P-Miss: 0.0922 | Val Max Q-Miss: 0.0360 | Val Max Gen Viol: 0.0000 | Val Max Thermal: 0.0000 [*SAVED BEST*]
Epoch 1330 | Val Loss: 16.5483 | Val Cost: 28261.06 | Val Max P-Miss: 0.1086 | Val Max Q-Miss: 0.0388 | Val Max Gen Viol: 0.0000 | Val Max Thermal: 0.0000
Epoch 1340 | Val Loss: 16.5053 | Val Cost: 28224.80 | Val Max P-Miss: 0.1113 | Val Max Q-Miss: 0.0370 | Val Max Gen Viol: 0.0000 | Val Max Thermal: 0.0000
Epoch 1350 | Val Loss: 16.5058 | Val Cost: 28378.83 | Val Max P-Miss: 0.1006 | Val Max Q-Miss: 0.0340 | Val Max Gen Viol: 0.0000 | Val Max Thermal: 0.0000
Epoch 1360 | Val Loss: 16.5301 | Val Cost: 28223.13 | Val Max P-Miss: 0.0974 | Val Max Q-Miss: 0.0401 | Val Max Gen Viol: 0.0000 | Val Max Thermal: 0.0000
Epoch 1370 | Val Loss: 16.5384 | Val Cost: 28252.10 | Val Max P-Miss: 0.0959 | Val Max Q-Miss: 0.0430 | Val Max Gen Viol: 0.0000 | Val Max Thermal: 0.0000
Epoch 1380 | Val Loss: 16.5177 | Val Cost: 28244.26 | Val Max P-Miss: 0.1186 | Val Max Q-Miss: 0.0323 | Val Max Gen Viol: 0.0000 | Val Max Thermal: 0.0000
Epoch 1390 | Val Loss: 16.4685 | Val Cost: 28233.22 | Val Max P-Miss: 0.0829 | Val Max Q-Miss: 0.0288 | Val Max Gen Viol: 0.0000 | Val Max Thermal: 0.0000 [*SAVED BEST*]
Epoch 1400 | Val Loss: 16.5099 | Val Cost: 28328.49 | Val Max P-Miss: 0.0899 | Val Max Q-Miss: 0.0324 | Val Max Gen Viol: 0.0000 | Val Max Thermal: 0.0000
Epoch 1410 | Val Loss: 16.4960 | Val Cost: 28314.14 | Val Max P-Miss: 0.0990 | Val Max Q-Miss: 0.0313 | Val Max Gen Viol: 0.0000 | Val Max Thermal: 0.0000
Epoch 1420 | Val Loss: 16.4891 | Val Cost: 28218.67 | Val Max P-Miss: 0.0947 | Val Max Q-Miss: 0.0318 | Val Max Gen Viol: 0.0000 | Val Max Thermal: 0.0000
Epoch 1430 | Val Loss: 16.4862 | Val Cost: 28344.89 | Val Max P-Miss: 0.0851 | Val Max Q-Miss: 0.0305 | Val Max Gen Viol: 0.0000 | Val Max Thermal: 0.0000
Epoch 1440 | Val Loss: 16.4944 | Val Cost: 28318.44 | Val Max P-Miss: 0.0937 | Val Max Q-Miss: 0.0310 | Val Max Gen Viol: 0.0000 | Val Max Thermal: 0.0000
Epoch 1450 | Val Loss: 16.4904 | Val Cost: 28358.51 | Val Max P-Miss: 0.1043 | Val Max Q-Miss: 0.0327 | Val Max Gen Viol: 0.0000 | Val Max Thermal: 0.0000
Epoch 1460 | Val Loss: 16.4634 | Val Cost: 28161.08 | Val Max P-Miss: 0.1108 | Val Max Q-Miss: 0.0363 | Val Max Gen Viol: 0.0000 | Val Max Thermal: 0.0000 [*SAVED BEST*]
Epoch 1470 | Val Loss: 16.4730 | Val Cost: 28222.10 | Val Max P-Miss: 0.0900 | Val Max Q-Miss: 0.0473 | Val Max Gen Viol: 0.0000 | Val Max Thermal: 0.0000
Epoch 1480 | Val Loss: 16.4914 | Val Cost: 28337.52 | Val Max P-Miss: 0.0830 | Val Max Q-Miss: 0.0317 | Val Max Gen Viol: 0.0000 | Val Max Thermal: 0.0000
Epoch 1490 | Val Loss: 16.4967 | Val Cost: 28151.41 | Val Max P-Miss: 0.1104 | Val Max Q-Miss: 0.0357 | Val Max Gen Viol: 0.0000 | Val Max Thermal: 0.0000
Epoch 1500 | Val Loss: 16.4972 | Val Cost: 28127.31 | Val Max P-Miss: 0.1048 | Val Max Q-Miss: 0.0360 | Val Max Gen Viol: 0.0000 | Val Max Thermal: 0.0000
Epoch 1510 | Val Loss: 16.5337 | Val Cost: 28306.85 | Val Max P-Miss: 0.1058 | Val Max Q-Miss: 0.0595 | Val Max Gen Viol: 0.0000 | Val Max Thermal: 0.0000
Epoch 1520 | Val Loss: 16.4999 | Val Cost: 28206.19 | Val Max P-Miss: 0.0934 | Val Max Q-Miss: 0.0312 | Val Max Gen Viol: 0.0000 | Val Max Thermal: 0.0000
Epoch 1530 | Val Loss: 16.4727 | Val Cost: 28312.77 | Val Max P-Miss: 0.0841 | Val Max Q-Miss: 0.0308 | Val Max Gen Viol: 0.0000 | Val Max Thermal: 0.0000
Epoch 1540 | Val Loss: 16.5249 | Val Cost: 28156.46 | Val Max P-Miss: 0.1268 | Val Max Q-Miss: 0.0346 | Val Max Gen Viol: 0.0000 | Val Max Thermal: 0.0000
Epoch 1550 | Val Loss: 16.6279 | Val Cost: 27983.34 | Val Max P-Miss: 0.1320 | Val Max Q-Miss: 0.0354 | Val Max Gen Viol: 0.0000 | Val Max Thermal: 0.0000
Epoch 1560 | Val Loss: 16.4688 | Val Cost: 28225.19 | Val Max P-Miss: 0.0955 | Val Max Q-Miss: 0.0297 | Val Max Gen Viol: 0.0000 | Val Max Thermal: 0.0000
Epoch 1570 | Val Loss: 16.4581 | Val Cost: 28243.21 | Val Max P-Miss: 0.0877 | Val Max Q-Miss: 0.0322 | Val Max Gen Viol: 0.0000 | Val Max Thermal: 0.0000 [*SAVED BEST*]
Epoch 1580 | Val Loss: 16.5272 | Val Cost: 28103.27 | Val Max P-Miss: 0.0954 | Val Max Q-Miss: 0.0347 | Val Max Gen Viol: 0.0000 | Val Max Thermal: 0.0000
Epoch 1590 | Val Loss: 16.4662 | Val Cost: 28211.21 | Val Max P-Miss: 0.0903 | Val Max Q-Miss: 0.0271 | Val Max Gen Viol: 0.0000 | Val Max Thermal: 0.0000
Epoch 1600 | Val Loss: 16.4757 | Val Cost: 28335.19 | Val Max P-Miss: 0.0882 | Val Max Q-Miss: 0.0311 | Val Max Gen Viol: 0.0000 | Val Max Thermal: 0.0000
Epoch 1610 | Val Loss: 16.5157 | Val Cost: 28380.23 | Val Max P-Miss: 0.1029 | Val Max Q-Miss: 0.0358 | Val Max Gen Viol: 0.0000 | Val Max Thermal: 0.0000
Epoch 1620 | Val Loss: 16.4698 | Val Cost: 28225.44 | Val Max P-Miss: 0.0882 | Val Max Q-Miss: 0.0314 | Val Max Gen Viol: 0.0000 | Val Max Thermal: 0.0000
Epoch 1630 | Val Loss: 16.4486 | Val Cost: 28214.79 | Val Max P-Miss: 0.0920 | Val Max Q-Miss: 0.0316 | Val Max Gen Viol: 0.0000 | Val Max Thermal: 0.0000 [*SAVED BEST*]
Epoch 1640 | Val Loss: 16.5437 | Val Cost: 28135.73 | Val Max P-Miss: 0.1392 | Val Max Q-Miss: 0.0356 | Val Max Gen Viol: 0.0000 | Val Max Thermal: 0.0000
Epoch 1650 | Val Loss: 16.4681 | Val Cost: 28227.06 | Val Max P-Miss: 0.0899 | Val Max Q-Miss: 0.0282 | Val Max Gen Viol: 0.0000 | Val Max Thermal: 0.0000
Epoch 1660 | Val Loss: 16.4843 | Val Cost: 28294.03 | Val Max P-Miss: 0.0980 | Val Max Q-Miss: 0.0327 | Val Max Gen Viol: 0.0000 | Val Max Thermal: 0.0000
Epoch 1670 | Val Loss: 16.4778 | Val Cost: 28312.23 | Val Max P-Miss: 0.0894 | Val Max Q-Miss: 0.0317 | Val Max Gen Viol: 0.0000 | Val Max Thermal: 0.0000
Epoch 1680 | Val Loss: 16.4660 | Val Cost: 28307.44 | Val Max P-Miss: 0.1044 | Val Max Q-Miss: 0.0302 | Val Max Gen Viol: 0.0000 | Val Max Thermal: 0.0000
Epoch 1690 | Val Loss: 16.4289 | Val Cost: 28179.48 | Val Max P-Miss: 0.0775 | Val Max Q-Miss: 0.0250 | Val Max Gen Viol: 0.0000 | Val Max Thermal: 0.0000 [*SAVED BEST*]
Epoch 1700 | Val Loss: 16.5255 | Val Cost: 28253.93 | Val Max P-Miss: 0.1181 | Val Max Q-Miss: 0.0568 | Val Max Gen Viol: 0.0000 | Val Max Thermal: 0.0000
Epoch 1710 | Val Loss: 16.4766 | Val Cost: 28215.16 | Val Max P-Miss: 0.0952 | Val Max Q-Miss: 0.0297 | Val Max Gen Viol: 0.0000 | Val Max Thermal: 0.0000
Epoch 1720 | Val Loss: 16.4927 | Val Cost: 28227.88 | Val Max P-Miss: 0.1013 | Val Max Q-Miss: 0.0300 | Val Max Gen Viol: 0.0000 | Val Max Thermal: 0.0000
Epoch 1730 | Val Loss: 16.4404 | Val Cost: 28152.32 | Val Max P-Miss: 0.0884 | Val Max Q-Miss: 0.0400 | Val Max Gen Viol: 0.0000 | Val Max Thermal: 0.0000
Epoch 1740 | Val Loss: 16.4778 | Val Cost: 28265.47 | Val Max P-Miss: 0.0932 | Val Max Q-Miss: 0.0325 | Val Max Gen Viol: 0.0000 | Val Max Thermal: 0.0000
Epoch 1750 | Val Loss: 16.4531 | Val Cost: 28161.59 | Val Max P-Miss: 0.0960 | Val Max Q-Miss: 0.0278 | Val Max Gen Viol: 0.0000 | Val Max Thermal: 0.0000
Epoch 1760 | Val Loss: 16.4742 | Val Cost: 28100.71 | Val Max P-Miss: 0.1034 | Val Max Q-Miss: 0.0358 | Val Max Gen Viol: 0.0000 | Val Max Thermal: 0.0000
Epoch 1770 | Val Loss: 16.4635 | Val Cost: 28174.54 | Val Max P-Miss: 0.0931 | Val Max Q-Miss: 0.0275 | Val Max Gen Viol: 0.0000 | Val Max Thermal: 0.0000
Epoch 1780 | Val Loss: 16.4586 | Val Cost: 28315.68 | Val Max P-Miss: 0.0857 | Val Max Q-Miss: 0.0268 | Val Max Gen Viol: 0.0000 | Val Max Thermal: 0.0000
Epoch 1790 | Val Loss: 16.4988 | Val Cost: 28417.48 | Val Max P-Miss: 0.0885 | Val Max Q-Miss: 0.0329 | Val Max Gen Viol: 0.0000 | Val Max Thermal: 0.0000
Epoch 1800 | Val Loss: 16.4646 | Val Cost: 28277.02 | Val Max P-Miss: 0.0930 | Val Max Q-Miss: 0.0484 | Val Max Gen Viol: 0.0000 | Val Max Thermal: 0.0000
Epoch 1810 | Val Loss: 16.4892 | Val Cost: 28327.78 | Val Max P-Miss: 0.1144 | Val Max Q-Miss: 0.0389 | Val Max Gen Viol: 0.0000 | Val Max Thermal: 0.0000
Epoch 1820 | Val Loss: 16.5139 | Val Cost: 28222.49 | Val Max P-Miss: 0.1154 | Val Max Q-Miss: 0.0350 | Val Max Gen Viol: 0.0000 | Val Max Thermal: 0.0000
Epoch 1830 | Val Loss: 16.4556 | Val Cost: 28146.50 | Val Max P-Miss: 0.0995 | Val Max Q-Miss: 0.0373 | Val Max Gen Viol: 0.0000 | Val Max Thermal: 0.0000
Epoch 1840 | Val Loss: 16.4459 | Val Cost: 28222.01 | Val Max P-Miss: 0.1047 | Val Max Q-Miss: 0.0340 | Val Max Gen Viol: 0.0000 | Val Max Thermal: 0.0000
Epoch 1850 | Val Loss: 16.4477 | Val Cost: 28258.42 | Val Max P-Miss: 0.0927 | Val Max Q-Miss: 0.0274 | Val Max Gen Viol: 0.0000 | Val Max Thermal: 0.0000
Epoch 1860 | Val Loss: 16.5638 | Val Cost: 28318.55 | Val Max P-Miss: 0.1033 | Val Max Q-Miss: 0.0347 | Val Max Gen Viol: 0.0000 | Val Max Thermal: 0.0000
Epoch 1870 | Val Loss: 16.4846 | Val Cost: 28103.55 | Val Max P-Miss: 0.0954 | Val Max Q-Miss: 0.0315 | Val Max Gen Viol: 0.0000 | Val Max Thermal: 0.0000
Epoch 1880 | Val Loss: 16.5149 | Val Cost: 28245.47 | Val Max P-Miss: 0.1381 | Val Max Q-Miss: 0.0278 | Val Max Gen Viol: 0.0000 | Val Max Thermal: 0.0000
Epoch 1890 | Val Loss: 16.4596 | Val Cost: 28121.30 | Val Max P-Miss: 0.1056 | Val Max Q-Miss: 0.0273 | Val Max Gen Viol: 0.0000 | Val Max Thermal: 0.0000
Epoch 1900 | Val Loss: 16.4566 | Val Cost: 28144.10 | Val Max P-Miss: 0.0972 | Val Max Q-Miss: 0.0295 | Val Max Gen Viol: 0.0000 | Val Max Thermal: 0.0000
Epoch 1910 | Val Loss: 16.4502 | Val Cost: 28255.02 | Val Max P-Miss: 0.0935 | Val Max Q-Miss: 0.0392 | Val Max Gen Viol: 0.0000 | Val Max Thermal: 0.0000
Epoch 1920 | Val Loss: 16.4532 | Val Cost: 28256.91 | Val Max P-Miss: 0.0861 | Val Max Q-Miss: 0.0328 | Val Max Gen Viol: 0.0000 | Val Max Thermal: 0.0000
Epoch 1930 | Val Loss: 16.5564 | Val Cost: 28346.97 | Val Max P-Miss: 0.0933 | Val Max Q-Miss: 0.0433 | Val Max Gen Viol: 0.0000 | Val Max Thermal: 0.0000
Epoch 1940 | Val Loss: 16.4381 | Val Cost: 28205.75 | Val Max P-Miss: 0.0930 | Val Max Q-Miss: 0.0341 | Val Max Gen Viol: 0.0000 | Val Max Thermal: 0.0000
Epoch 1950 | Val Loss: 16.4840 | Val Cost: 28232.59 | Val Max P-Miss: 0.0953 | Val Max Q-Miss: 0.0375 | Val Max Gen Viol: 0.0000 | Val Max Thermal: 0.0000
Epoch 1960 | Val Loss: 16.4772 | Val Cost: 28277.13 | Val Max P-Miss: 0.0960 | Val Max Q-Miss: 0.0278 | Val Max Gen Viol: 0.0000 | Val Max Thermal: 0.0000
Epoch 1970 | Val Loss: 16.4615 | Val Cost: 28325.69 | Val Max P-Miss: 0.0990 | Val Max Q-Miss: 0.0263 | Val Max Gen Viol: 0.0000 | Val Max Thermal: 0.0000
Epoch 1980 | Val Loss: 16.5238 | Val Cost: 28402.05 | Val Max P-Miss: 0.0881 | Val Max Q-Miss: 0.0379 | Val Max Gen Viol: 0.0000 | Val Max Thermal: 0.0000
Epoch 1990 | Val Loss: 16.4440 | Val Cost: 28218.60 | Val Max P-Miss: 0.0853 | Val Max Q-Miss: 0.0256 | Val Max Gen Viol: 0.0000 | Val Max Thermal: 0.0000
Epoch 2000 | Val Loss: 16.4195 | Val Cost: 28226.80 | Val Max P-Miss: 0.0793 | Val Max Q-Miss: 0.0233 | Val Max Gen Viol: 0.0000 | Val Max Thermal: 0.0000 [*SAVED BEST*]
Epoch 2010 | Val Loss: 16.4367 | Val Cost: 28300.61 | Val Max P-Miss: 0.0837 | Val Max Q-Miss: 0.0264 | Val Max Gen Viol: 0.0000 | Val Max Thermal: 0.0000
Epoch 2020 | Val Loss: 16.4880 | Val Cost: 28384.22 | Val Max P-Miss: 0.0903 | Val Max Q-Miss: 0.0386 | Val Max Gen Viol: 0.0000 | Val Max Thermal: 0.0000
Epoch 2030 | Val Loss: 16.4798 | Val Cost: 28211.58 | Val Max P-Miss: 0.1076 | Val Max Q-Miss: 0.0500 | Val Max Gen Viol: 0.0000 | Val Max Thermal: 0.0000
Epoch 2040 | Val Loss: 16.6000 | Val Cost: 28477.49 | Val Max P-Miss: 0.1025 | Val Max Q-Miss: 0.0500 | Val Max Gen Viol: 0.0000 | Val Max Thermal: 0.0000
Epoch 2050 | Val Loss: 16.4547 | Val Cost: 28240.63 | Val Max P-Miss: 0.0872 | Val Max Q-Miss: 0.0280 | Val Max Gen Viol: 0.0000 | Val Max Thermal: 0.0000
Epoch 2060 | Val Loss: 16.4643 | Val Cost: 28262.44 | Val Max P-Miss: 0.0815 | Val Max Q-Miss: 0.0551 | Val Max Gen Viol: 0.0000 | Val Max Thermal: 0.0000
Epoch 2070 | Val Loss: 16.4833 | Val Cost: 28201.96 | Val Max P-Miss: 0.1051 | Val Max Q-Miss: 0.0375 | Val Max Gen Viol: 0.0000 | Val Max Thermal: 0.0000
Epoch 2080 | Val Loss: 16.4606 | Val Cost: 28173.15 | Val Max P-Miss: 0.1055 | Val Max Q-Miss: 0.0330 | Val Max Gen Viol: 0.0000 | Val Max Thermal: 0.0000
Epoch 2090 | Val Loss: 16.4424 | Val Cost: 28203.54 | Val Max P-Miss: 0.0884 | Val Max Q-Miss: 0.0263 | Val Max Gen Viol: 0.0000 | Val Max Thermal: 0.0000
Epoch 2100 | Val Loss: 16.4284 | Val Cost: 28214.29 | Val Max P-Miss: 0.0903 | Val Max Q-Miss: 0.0248 | Val Max Gen Viol: 0.0000 | Val Max Thermal: 0.0000
Epoch 2110 | Val Loss: 16.4384 | Val Cost: 28062.79 | Val Max P-Miss: 0.1017 | Val Max Q-Miss: 0.0275 | Val Max Gen Viol: 0.0000 | Val Max Thermal: 0.0000
Epoch 2120 | Val Loss: 16.4597 | Val Cost: 28355.76 | Val Max P-Miss: 0.0889 | Val Max Q-Miss: 0.0262 | Val Max Gen Viol: 0.0000 | Val Max Thermal: 0.0000
Epoch 2130 | Val Loss: 16.4363 | Val Cost: 28226.46 | Val Max P-Miss: 0.0815 | Val Max Q-Miss: 0.0233 | Val Max Gen Viol: 0.0000 | Val Max Thermal: 0.0000
Epoch 2140 | Val Loss: 16.4780 | Val Cost: 28214.64 | Val Max P-Miss: 0.1091 | Val Max Q-Miss: 0.0416 | Val Max Gen Viol: 0.0000 | Val Max Thermal: 0.0000
Epoch 2150 | Val Loss: 16.4791 | Val Cost: 28342.40 | Val Max P-Miss: 0.0868 | Val Max Q-Miss: 0.0302 | Val Max Gen Viol: 0.0000 | Val Max Thermal: 0.0000
Epoch 2160 | Val Loss: 16.4462 | Val Cost: 28006.89 | Val Max P-Miss: 0.1000 | Val Max Q-Miss: 0.0311 | Val Max Gen Viol: 0.0000 | Val Max Thermal: 0.0000
Epoch 2170 | Val Loss: 16.4601 | Val Cost: 28154.66 | Val Max P-Miss: 0.1042 | Val Max Q-Miss: 0.0290 | Val Max Gen Viol: 0.0000 | Val Max Thermal: 0.0000
Epoch 2180 | Val Loss: 16.4726 | Val Cost: 28183.33 | Val Max P-Miss: 0.0930 | Val Max Q-Miss: 0.0326 | Val Max Gen Viol: 0.0000 | Val Max Thermal: 0.0000
Epoch 2190 | Val Loss: 16.4598 | Val Cost: 28148.79 | Val Max P-Miss: 0.1046 | Val Max Q-Miss: 0.0342 | Val Max Gen Viol: 0.0000 | Val Max Thermal: 0.0000
Epoch 2200 | Val Loss: 16.4368 | Val Cost: 28196.52 | Val Max P-Miss: 0.0988 | Val Max Q-Miss: 0.0239 | Val Max Gen Viol: 0.0000 | Val Max Thermal: 0.0000
Epoch 2210 | Val Loss: 16.5697 | Val Cost: 28392.64 | Val Max P-Miss: 0.0972 | Val Max Q-Miss: 0.0387 | Val Max Gen Viol: 0.0000 | Val Max Thermal: 0.0000
Epoch 2220 | Val Loss: 16.4347 | Val Cost: 28209.61 | Val Max P-Miss: 0.0862 | Val Max Q-Miss: 0.0269 | Val Max Gen Viol: 0.0000 | Val Max Thermal: 0.0000
Epoch 2230 | Val Loss: 16.4345 | Val Cost: 28125.57 | Val Max P-Miss: 0.0982 | Val Max Q-Miss: 0.0254 | Val Max Gen Viol: 0.0000 | Val Max Thermal: 0.0000
Epoch 2240 | Val Loss: 16.4736 | Val Cost: 28262.69 | Val Max P-Miss: 0.1002 | Val Max Q-Miss: 0.0555 | Val Max Gen Viol: 0.0000 | Val Max Thermal: 0.0000
Epoch 2250 | Val Loss: 16.4689 | Val Cost: 28186.93 | Val Max P-Miss: 0.1023 | Val Max Q-Miss: 0.0291 | Val Max Gen Viol: 0.0000 | Val Max Thermal: 0.0000
Epoch 2260 | Val Loss: 16.4439 | Val Cost: 28229.55 | Val Max P-Miss: 0.0900 | Val Max Q-Miss: 0.0278 | Val Max Gen Viol: 0.0000 | Val Max Thermal: 0.0000
Epoch 2270 | Val Loss: 16.4361 | Val Cost: 28205.95 | Val Max P-Miss: 0.0907 | Val Max Q-Miss: 0.0248 | Val Max Gen Viol: 0.0000 | Val Max Thermal: 0.0000
Epoch 2280 | Val Loss: 16.4978 | Val Cost: 28001.94 | Val Max P-Miss: 0.1143 | Val Max Q-Miss: 0.0296 | Val Max Gen Viol: 0.0000 | Val Max Thermal: 0.0000
Epoch 2290 | Val Loss: 16.4330 | Val Cost: 28206.68 | Val Max P-Miss: 0.0838 | Val Max Q-Miss: 0.0236 | Val Max Gen Viol: 0.0000 | Val Max Thermal: 0.0000
Epoch 2300 | Val Loss: 16.4816 | Val Cost: 28126.94 | Val Max P-Miss: 0.1439 | Val Max Q-Miss: 0.0260 | Val Max Gen Viol: 0.0000 | Val Max Thermal: 0.0000
Epoch 2310 | Val Loss: 16.4367 | Val Cost: 28174.42 | Val Max P-Miss: 0.0876 | Val Max Q-Miss: 0.0289 | Val Max Gen Viol: 0.0000 | Val Max Thermal: 0.0000
Epoch 2320 | Val Loss: 16.5038 | Val Cost: 28283.59 | Val Max P-Miss: 0.0960 | Val Max Q-Miss: 0.0601 | Val Max Gen Viol: 0.0000 | Val Max Thermal: 0.0000
Epoch 2330 | Val Loss: 16.4893 | Val Cost: 28263.75 | Val Max P-Miss: 0.0972 | Val Max Q-Miss: 0.0493 | Val Max Gen Viol: 0.0000 | Val Max Thermal: 0.0000
Epoch 2340 | Val Loss: 16.4817 | Val Cost: 28191.36 | Val Max P-Miss: 0.0893 | Val Max Q-Miss: 0.0325 | Val Max Gen Viol: 0.0000 | Val Max Thermal: 0.0000
Epoch 2350 | Val Loss: 16.4361 | Val Cost: 28254.00 | Val Max P-Miss: 0.0987 | Val Max Q-Miss: 0.0256 | Val Max Gen Viol: 0.0000 | Val Max Thermal: 0.0000
Epoch 2360 | Val Loss: 16.4208 | Val Cost: 28088.56 | Val Max P-Miss: 0.0896 | Val Max Q-Miss: 0.0239 | Val Max Gen Viol: 0.0000 | Val Max Thermal: 0.0000
Epoch 2370 | Val Loss: 16.4348 | Val Cost: 28222.95 | Val Max P-Miss: 0.0844 | Val Max Q-Miss: 0.0242 | Val Max Gen Viol: 0.0000 | Val Max Thermal: 0.0000
Epoch 2380 | Val Loss: 16.4426 | Val Cost: 28190.71 | Val Max P-Miss: 0.0868 | Val Max Q-Miss: 0.0276 | Val Max Gen Viol: 0.0000 | Val Max Thermal: 0.0000
Epoch 2390 | Val Loss: 16.4262 | Val Cost: 28220.78 | Val Max P-Miss: 0.0835 | Val Max Q-Miss: 0.0267 | Val Max Gen Viol: 0.0000 | Val Max Thermal: 0.0000
Epoch 2400 | Val Loss: 16.4371 | Val Cost: 28197.54 | Val Max P-Miss: 0.0860 | Val Max Q-Miss: 0.0251 | Val Max Gen Viol: 0.0000 | Val Max Thermal: 0.0000
Epoch 2410 | Val Loss: 16.5767 | Val Cost: 28370.62 | Val Max P-Miss: 0.1119 | Val Max Q-Miss: 0.0482 | Val Max Gen Viol: 0.0000 | Val Max Thermal: 0.0000
Epoch 2420 | Val Loss: 16.4267 | Val Cost: 28140.57 | Val Max P-Miss: 0.0859 | Val Max Q-Miss: 0.0288 | Val Max Gen Viol: 0.0000 | Val Max Thermal: 0.0000
Epoch 2430 | Val Loss: 16.4456 | Val Cost: 28121.77 | Val Max P-Miss: 0.1052 | Val Max Q-Miss: 0.0287 | Val Max Gen Viol: 0.0000 | Val Max Thermal: 0.0000
Epoch 2440 | Val Loss: 16.4500 | Val Cost: 28271.75 | Val Max P-Miss: 0.0793 | Val Max Q-Miss: 0.0313 | Val Max Gen Viol: 0.0000 | Val Max Thermal: 0.0000
Epoch 2450 | Val Loss: 16.4229 | Val Cost: 28244.24 | Val Max P-Miss: 0.0776 | Val Max Q-Miss: 0.0470 | Val Max Gen Viol: 0.0000 | Val Max Thermal: 0.0000
Epoch 2460 | Val Loss: 16.4488 | Val Cost: 28095.50 | Val Max P-Miss: 0.0952 | Val Max Q-Miss: 0.0335 | Val Max Gen Viol: 0.0000 | Val Max Thermal: 0.0000
Epoch 2470 | Val Loss: 16.4141 | Val Cost: 28160.49 | Val Max P-Miss: 0.0909 | Val Max Q-Miss: 0.0295 | Val Max Gen Viol: 0.0000 | Val Max Thermal: 0.0000 [*SAVED BEST*]
Epoch 2480 | Val Loss: 16.4625 | Val Cost: 28135.80 | Val Max P-Miss: 0.1198 | Val Max Q-Miss: 0.0287 | Val Max Gen Viol: 0.0000 | Val Max Thermal: 0.0000
Epoch 2490 | Val Loss: 16.4210 | Val Cost: 28223.28 | Val Max P-Miss: 0.0808 | Val Max Q-Miss: 0.0230 | Val Max Gen Viol: 0.0000 | Val Max Thermal: 0.0000
Epoch 2500 | Val Loss: 16.4251 | Val Cost: 28137.62 | Val Max P-Miss: 0.1003 | Val Max Q-Miss: 0.0255 | Val Max Gen Viol: 0.0000 | Val Max Thermal: 0.0000
Epoch 2510 | Val Loss: 16.4368 | Val Cost: 28192.17 | Val Max P-Miss: 0.1053 | Val Max Q-Miss: 0.0292 | Val Max Gen Viol: 0.0000 | Val Max Thermal: 0.0000
Epoch 2520 | Val Loss: 16.4279 | Val Cost: 28130.28 | Val Max P-Miss: 0.0953 | Val Max Q-Miss: 0.0300 | Val Max Gen Viol: 0.0000 | Val Max Thermal: 0.0000
Epoch 2530 | Val Loss: 16.5117 | Val Cost: 28362.16 | Val Max P-Miss: 0.1000 | Val Max Q-Miss: 0.0370 | Val Max Gen Viol: 0.0000 | Val Max Thermal: 0.0000
Epoch 2540 | Val Loss: 16.4339 | Val Cost: 28215.33 | Val Max P-Miss: 0.1053 | Val Max Q-Miss: 0.0218 | Val Max Gen Viol: 0.0000 | Val Max Thermal: 0.0000
Epoch 2550 | Val Loss: 16.4261 | Val Cost: 28228.80 | Val Max P-Miss: 0.0821 | Val Max Q-Miss: 0.0282 | Val Max Gen Viol: 0.0000 | Val Max Thermal: 0.0000
Epoch 2560 | Val Loss: 16.4558 | Val Cost: 28449.74 | Val Max P-Miss: 0.0781 | Val Max Q-Miss: 0.0330 | Val Max Gen Viol: 0.0000 | Val Max Thermal: 0.0000
Epoch 2570 | Val Loss: 16.4483 | Val Cost: 28188.70 | Val Max P-Miss: 0.0851 | Val Max Q-Miss: 0.0285 | Val Max Gen Viol: 0.0000 | Val Max Thermal: 0.0000
Epoch 2580 | Val Loss: 16.4302 | Val Cost: 28196.17 | Val Max P-Miss: 0.0893 | Val Max Q-Miss: 0.0356 | Val Max Gen Viol: 0.0000 | Val Max Thermal: 0.0000
Epoch 2590 | Val Loss: 16.4309 | Val Cost: 28248.46 | Val Max P-Miss: 0.0922 | Val Max Q-Miss: 0.0265 | Val Max Gen Viol: 0.0000 | Val Max Thermal: 0.0000
Epoch 2600 | Val Loss: 16.4209 | Val Cost: 28161.05 | Val Max P-Miss: 0.0923 | Val Max Q-Miss: 0.0245 | Val Max Gen Viol: 0.0000 | Val Max Thermal: 0.0000
Epoch 2610 | Val Loss: 16.4841 | Val Cost: 28231.15 | Val Max P-Miss: 0.1035 | Val Max Q-Miss: 0.0331 | Val Max Gen Viol: 0.0000 | Val Max Thermal: 0.0000
Epoch 2620 | Val Loss: 16.4335 | Val Cost: 28256.48 | Val Max P-Miss: 0.0846 | Val Max Q-Miss: 0.0257 | Val Max Gen Viol: 0.0000 | Val Max Thermal: 0.0000
Epoch 2630 | Val Loss: 16.4180 | Val Cost: 28190.86 | Val Max P-Miss: 0.0959 | Val Max Q-Miss: 0.0276 | Val Max Gen Viol: 0.0000 | Val Max Thermal: 0.0000
Epoch 2640 | Val Loss: 16.4232 | Val Cost: 28240.26 | Val Max P-Miss: 0.0938 | Val Max Q-Miss: 0.0264 | Val Max Gen Viol: 0.0000 | Val Max Thermal: 0.0000
Epoch 2650 | Val Loss: 16.4254 | Val Cost: 28157.16 | Val Max P-Miss: 0.0871 | Val Max Q-Miss: 0.0236 | Val Max Gen Viol: 0.0000 | Val Max Thermal: 0.0000
Epoch 2660 | Val Loss: 16.4541 | Val Cost: 28143.42 | Val Max P-Miss: 0.0847 | Val Max Q-Miss: 0.0257 | Val Max Gen Viol: 0.0000 | Val Max Thermal: 0.0000
Epoch 2670 | Val Loss: 16.4460 | Val Cost: 28012.28 | Val Max P-Miss: 0.1040 | Val Max Q-Miss: 0.0342 | Val Max Gen Viol: 0.0000 | Val Max Thermal: 0.0000
Epoch 2680 | Val Loss: 16.4527 | Val Cost: 28173.44 | Val Max P-Miss: 0.0876 | Val Max Q-Miss: 0.0318 | Val Max Gen Viol: 0.0000 | Val Max Thermal: 0.0000
Epoch 2690 | Val Loss: 16.4359 | Val Cost: 28237.69 | Val Max P-Miss: 0.0904 | Val Max Q-Miss: 0.0317 | Val Max Gen Viol: 0.0000 | Val Max Thermal: 0.0000
Epoch 2700 | Val Loss: 16.4358 | Val Cost: 28185.66 | Val Max P-Miss: 0.0874 | Val Max Q-Miss: 0.0262 | Val Max Gen Viol: 0.0000 | Val Max Thermal: 0.0000
Epoch 2710 | Val Loss: 16.4308 | Val Cost: 28180.90 | Val Max P-Miss: 0.0821 | Val Max Q-Miss: 0.0248 | Val Max Gen Viol: 0.0000 | Val Max Thermal: 0.0000
Epoch 2720 | Val Loss: 16.4503 | Val Cost: 28282.90 | Val Max P-Miss: 0.0899 | Val Max Q-Miss: 0.0269 | Val Max Gen Viol: 0.0000 | Val Max Thermal: 0.0000
Epoch 2730 | Val Loss: 16.4221 | Val Cost: 28170.82 | Val Max P-Miss: 0.0898 | Val Max Q-Miss: 0.0225 | Val Max Gen Viol: 0.0000 | Val Max Thermal: 0.0000
Epoch 2740 | Val Loss: 16.4228 | Val Cost: 28187.34 | Val Max P-Miss: 0.0828 | Val Max Q-Miss: 0.0357 | Val Max Gen Viol: 0.0000 | Val Max Thermal: 0.0000
Epoch 2750 | Val Loss: 16.4262 | Val Cost: 28180.58 | Val Max P-Miss: 0.1026 | Val Max Q-Miss: 0.0230 | Val Max Gen Viol: 0.0000 | Val Max Thermal: 0.0000
Epoch 2760 | Val Loss: 16.4236 | Val Cost: 28209.92 | Val Max P-Miss: 0.0847 | Val Max Q-Miss: 0.0219 | Val Max Gen Viol: 0.0000 | Val Max Thermal: 0.0000
Epoch 2770 | Val Loss: 16.4074 | Val Cost: 28215.76 | Val Max P-Miss: 0.0888 | Val Max Q-Miss: 0.0234 | Val Max Gen Viol: 0.0000 | Val Max Thermal: 0.0000 [*SAVED BEST*]
Epoch 2780 | Val Loss: 16.4150 | Val Cost: 28234.23 | Val Max P-Miss: 0.0822 | Val Max Q-Miss: 0.0232 | Val Max Gen Viol: 0.0000 | Val Max Thermal: 0.0000
Epoch 2790 | Val Loss: 16.4314 | Val Cost: 28043.03 | Val Max P-Miss: 0.1162 | Val Max Q-Miss: 0.0261 | Val Max Gen Viol: 0.0000 | Val Max Thermal: 0.0000
Epoch 2800 | Val Loss: 16.4360 | Val Cost: 28169.53 | Val Max P-Miss: 0.0879 | Val Max Q-Miss: 0.0272 | Val Max Gen Viol: 0.0000 | Val Max Thermal: 0.0000
Epoch 2810 | Val Loss: 16.4193 | Val Cost: 28228.49 | Val Max P-Miss: 0.0848 | Val Max Q-Miss: 0.0270 | Val Max Gen Viol: 0.0000 | Val Max Thermal: 0.0000
Epoch 2820 | Val Loss: 16.4352 | Val Cost: 28255.76 | Val Max P-Miss: 0.0724 | Val Max Q-Miss: 0.0231 | Val Max Gen Viol: 0.0000 | Val Max Thermal: 0.0000
Epoch 2830 | Val Loss: 16.4258 | Val Cost: 28254.64 | Val Max P-Miss: 0.0788 | Val Max Q-Miss: 0.0302 | Val Max Gen Viol: 0.0000 | Val Max Thermal: 0.0000
Epoch 2840 | Val Loss: 16.4238 | Val Cost: 28219.57 | Val Max P-Miss: 0.0929 | Val Max Q-Miss: 0.0310 | Val Max Gen Viol: 0.0000 | Val Max Thermal: 0.0000
Epoch 2850 | Val Loss: 16.5153 | Val Cost: 28007.30 | Val Max P-Miss: 0.1195 | Val Max Q-Miss: 0.0270 | Val Max Gen Viol: 0.0000 | Val Max Thermal: 0.0000
Epoch 2860 | Val Loss: 16.4952 | Val Cost: 28033.07 | Val Max P-Miss: 0.1243 | Val Max Q-Miss: 0.0444 | Val Max Gen Viol: 0.0000 | Val Max Thermal: 0.0000
Epoch 2870 | Val Loss: 16.4646 | Val Cost: 28214.62 | Val Max P-Miss: 0.0914 | Val Max Q-Miss: 0.0433 | Val Max Gen Viol: 0.0000 | Val Max Thermal: 0.0000
Epoch 2880 | Val Loss: 16.4273 | Val Cost: 28136.20 | Val Max P-Miss: 0.0897 | Val Max Q-Miss: 0.0238 | Val Max Gen Viol: 0.0000 | Val Max Thermal: 0.0000
Epoch 2890 | Val Loss: 16.4388 | Val Cost: 28215.25 | Val Max P-Miss: 0.0826 | Val Max Q-Miss: 0.0280 | Val Max Gen Viol: 0.0000 | Val Max Thermal: 0.0000
Epoch 2900 | Val Loss: 16.4089 | Val Cost: 28201.10 | Val Max P-Miss: 0.0813 | Val Max Q-Miss: 0.0263 | Val Max Gen Viol: 0.0000 | Val Max Thermal: 0.0000
Epoch 2910 | Val Loss: 16.4466 | Val Cost: 28260.72 | Val Max P-Miss: 0.0757 | Val Max Q-Miss: 0.0332 | Val Max Gen Viol: 0.0000 | Val Max Thermal: 0.0000
Epoch 2920 | Val Loss: 16.4681 | Val Cost: 28186.89 | Val Max P-Miss: 0.1011 | Val Max Q-Miss: 0.0267 | Val Max Gen Viol: 0.0000 | Val Max Thermal: 0.0000
Epoch 2930 | Val Loss: 16.4212 | Val Cost: 28157.08 | Val Max P-Miss: 0.0904 | Val Max Q-Miss: 0.0230 | Val Max Gen Viol: 0.0000 | Val Max Thermal: 0.0000
Epoch 2940 | Val Loss: 16.4375 | Val Cost: 28108.60 | Val Max P-Miss: 0.1049 | Val Max Q-Miss: 0.0236 | Val Max Gen Viol: 0.0000 | Val Max Thermal: 0.0000
Epoch 2950 | Val Loss: 16.4259 | Val Cost: 28160.06 | Val Max P-Miss: 0.0845 | Val Max Q-Miss: 0.0248 | Val Max Gen Viol: 0.0000 | Val Max Thermal: 0.0000
Epoch 2960 | Val Loss: 16.4581 | Val Cost: 28202.41 | Val Max P-Miss: 0.1050 | Val Max Q-Miss: 0.0305 | Val Max Gen Viol: 0.0000 | Val Max Thermal: 0.0000
Epoch 2970 | Val Loss: 16.4532 | Val Cost: 28182.99 | Val Max P-Miss: 0.0991 | Val Max Q-Miss: 0.0301 | Val Max Gen Viol: 0.0000 | Val Max Thermal: 0.0000
Epoch 2980 | Val Loss: 16.4751 | Val Cost: 28088.83 | Val Max P-Miss: 0.1085 | Val Max Q-Miss: 0.0315 | Val Max Gen Viol: 0.0000 | Val Max Thermal: 0.0000
Epoch 2990 | Val Loss: 16.4200 | Val Cost: 28163.91 | Val Max P-Miss: 0.0824 | Val Max Q-Miss: 0.0293 | Val Max Gen Viol: 0.0000 | Val Max Thermal: 0.0000
Epoch 3000 | Val Loss: 16.5388 | Val Cost: 27884.25 | Val Max P-Miss: 0.1469 | Val Max Q-Miss: 0.0365 | Val Max Gen Viol: 0.0000 | Val Max Thermal: 0.0000
Epoch 3010 | Val Loss: 16.3913 | Val Cost: 28114.77 | Val Max P-Miss: 0.0833 | Val Max Q-Miss: 0.0232 | Val Max Gen Viol: 0.0000 | Val Max Thermal: 0.0000 [*SAVED BEST*]
Epoch 3020 | Val Loss: 16.4234 | Val Cost: 28088.68 | Val Max P-Miss: 0.1110 | Val Max Q-Miss: 0.0292 | Val Max Gen Viol: 0.0000 | Val Max Thermal: 0.0000
Epoch 3030 | Val Loss: 16.4368 | Val Cost: 28168.97 | Val Max P-Miss: 0.1039 | Val Max Q-Miss: 0.0276 | Val Max Gen Viol: 0.0000 | Val Max Thermal: 0.0000
Epoch 3040 | Val Loss: 16.4526 | Val Cost: 28257.73 | Val Max P-Miss: 0.0872 | Val Max Q-Miss: 0.0228 | Val Max Gen Viol: 0.0000 | Val Max Thermal: 0.0000
Epoch 3050 | Val Loss: 16.4694 | Val Cost: 28142.59 | Val Max P-Miss: 0.0964 | Val Max Q-Miss: 0.0308 | Val Max Gen Viol: 0.0000 | Val Max Thermal: 0.0000
Epoch 3060 | Val Loss: 16.4239 | Val Cost: 28155.32 | Val Max P-Miss: 0.0824 | Val Max Q-Miss: 0.0245 | Val Max Gen Viol: 0.0000 | Val Max Thermal: 0.0000
Epoch 3070 | Val Loss: 16.4293 | Val Cost: 28134.37 | Val Max P-Miss: 0.0978 | Val Max Q-Miss: 0.0235 | Val Max Gen Viol: 0.0000 | Val Max Thermal: 0.0000
Epoch 3080 | Val Loss: 16.4425 | Val Cost: 28236.65 | Val Max P-Miss: 0.0821 | Val Max Q-Miss: 0.0272 | Val Max Gen Viol: 0.0000 | Val Max Thermal: 0.0000
Epoch 3090 | Val Loss: 16.4351 | Val Cost: 28422.30 | Val Max P-Miss: 0.0786 | Val Max Q-Miss: 0.0258 | Val Max Gen Viol: 0.0000 | Val Max Thermal: 0.0000
Epoch 3100 | Val Loss: 16.4367 | Val Cost: 28264.45 | Val Max P-Miss: 0.0843 | Val Max Q-Miss: 0.0248 | Val Max Gen Viol: 0.0000 | Val Max Thermal: 0.0000
Epoch 3110 | Val Loss: 16.4290 | Val Cost: 28199.49 | Val Max P-Miss: 0.0847 | Val Max Q-Miss: 0.0239 | Val Max Gen Viol: 0.0000 | Val Max Thermal: 0.0000
Epoch 3120 | Val Loss: 16.5005 | Val Cost: 28320.99 | Val Max P-Miss: 0.1149 | Val Max Q-Miss: 0.0275 | Val Max Gen Viol: 0.0000 | Val Max Thermal: 0.0000
Epoch 3130 | Val Loss: 16.4356 | Val Cost: 28261.84 | Val Max P-Miss: 0.0871 | Val Max Q-Miss: 0.0444 | Val Max Gen Viol: 0.0000 | Val Max Thermal: 0.0000
Epoch 3140 | Val Loss: 16.4159 | Val Cost: 28161.17 | Val Max P-Miss: 0.0843 | Val Max Q-Miss: 0.0238 | Val Max Gen Viol: 0.0000 | Val Max Thermal: 0.0000
Epoch 3150 | Val Loss: 16.4324 | Val Cost: 28229.71 | Val Max P-Miss: 0.0941 | Val Max Q-Miss: 0.0241 | Val Max Gen Viol: 0.0000 | Val Max Thermal: 0.0000
Epoch 3160 | Val Loss: 16.4773 | Val Cost: 28073.65 | Val Max P-Miss: 0.1135 | Val Max Q-Miss: 0.0242 | Val Max Gen Viol: 0.0000 | Val Max Thermal: 0.0000
Epoch 3170 | Val Loss: 16.4007 | Val Cost: 28115.30 | Val Max P-Miss: 0.0799 | Val Max Q-Miss: 0.0270 | Val Max Gen Viol: 0.0000 | Val Max Thermal: 0.0000
Epoch 3180 | Val Loss: 16.4965 | Val Cost: 28245.21 | Val Max P-Miss: 0.0855 | Val Max Q-Miss: 0.0235 | Val Max Gen Viol: 0.0000 | Val Max Thermal: 0.0000
Epoch 3190 | Val Loss: 16.4199 | Val Cost: 28209.94 | Val Max P-Miss: 0.0748 | Val Max Q-Miss: 0.0228 | Val Max Gen Viol: 0.0000 | Val Max Thermal: 0.0000
Epoch 3200 | Val Loss: 16.4084 | Val Cost: 28215.13 | Val Max P-Miss: 0.0779 | Val Max Q-Miss: 0.0232 | Val Max Gen Viol: 0.0000 | Val Max Thermal: 0.0000
Epoch 3210 | Val Loss: 16.4274 | Val Cost: 28290.73 | Val Max P-Miss: 0.0862 | Val Max Q-Miss: 0.0320 | Val Max Gen Viol: 0.0000 | Val Max Thermal: 0.0000
Epoch 3220 | Val Loss: 16.4974 | Val Cost: 28253.09 | Val Max P-Miss: 0.0947 | Val Max Q-Miss: 0.0223 | Val Max Gen Viol: 0.0000 | Val Max Thermal: 0.0000
Epoch 3230 | Val Loss: 16.4313 | Val Cost: 28186.05 | Val Max P-Miss: 0.0817 | Val Max Q-Miss: 0.0248 | Val Max Gen Viol: 0.0000 | Val Max Thermal: 0.0000
Epoch 3240 | Val Loss: 16.4247 | Val Cost: 28171.97 | Val Max P-Miss: 0.0836 | Val Max Q-Miss: 0.0263 | Val Max Gen Viol: 0.0000 | Val Max Thermal: 0.0000
Epoch 3250 | Val Loss: 16.4140 | Val Cost: 28238.14 | Val Max P-Miss: 0.0841 | Val Max Q-Miss: 0.0248 | Val Max Gen Viol: 0.0000 | Val Max Thermal: 0.0000
Epoch 3260 | Val Loss: 16.4132 | Val Cost: 28214.66 | Val Max P-Miss: 0.0816 | Val Max Q-Miss: 0.0243 | Val Max Gen Viol: 0.0000 | Val Max Thermal: 0.0000
Epoch 3270 | Val Loss: 16.4127 | Val Cost: 28154.75 | Val Max P-Miss: 0.0963 | Val Max Q-Miss: 0.0265 | Val Max Gen Viol: 0.0000 | Val Max Thermal: 0.0000
Epoch 3280 | Val Loss: 16.4252 | Val Cost: 28287.09 | Val Max P-Miss: 0.0824 | Val Max Q-Miss: 0.0241 | Val Max Gen Viol: 0.0000 | Val Max Thermal: 0.0000
Epoch 3290 | Val Loss: 16.4029 | Val Cost: 28154.08 | Val Max P-Miss: 0.0937 | Val Max Q-Miss: 0.0211 | Val Max Gen Viol: 0.0000 | Val Max Thermal: 0.0000
Epoch 3300 | Val Loss: 16.5369 | Val Cost: 28213.94 | Val Max P-Miss: 0.1098 | Val Max Q-Miss: 0.0537 | Val Max Gen Viol: 0.0000 | Val Max Thermal: 0.0000
Epoch 3310 | Val Loss: 16.4261 | Val Cost: 28088.56 | Val Max P-Miss: 0.1113 | Val Max Q-Miss: 0.0244 | Val Max Gen Viol: 0.0000 | Val Max Thermal: 0.0000
Epoch 3320 | Val Loss: 16.4102 | Val Cost: 28177.41 | Val Max P-Miss: 0.0961 | Val Max Q-Miss: 0.0222 | Val Max Gen Viol: 0.0000 | Val Max Thermal: 0.0000
Epoch 3330 | Val Loss: 16.4415 | Val Cost: 28308.90 | Val Max P-Miss: 0.0844 | Val Max Q-Miss: 0.0343 | Val Max Gen Viol: 0.0000 | Val Max Thermal: 0.0000
Epoch 3340 | Val Loss: 16.4218 | Val Cost: 28166.93 | Val Max P-Miss: 0.0904 | Val Max Q-Miss: 0.0239 | Val Max Gen Viol: 0.0000 | Val Max Thermal: 0.0000
Epoch 3350 | Val Loss: 16.4226 | Val Cost: 28134.07 | Val Max P-Miss: 0.0955 | Val Max Q-Miss: 0.0303 | Val Max Gen Viol: 0.0000 | Val Max Thermal: 0.0000
Epoch 3360 | Val Loss: 16.4588 | Val Cost: 28128.48 | Val Max P-Miss: 0.1013 | Val Max Q-Miss: 0.0305 | Val Max Gen Viol: 0.0000 | Val Max Thermal: 0.0000
Epoch 3370 | Val Loss: 16.4130 | Val Cost: 28125.32 | Val Max P-Miss: 0.0890 | Val Max Q-Miss: 0.0239 | Val Max Gen Viol: 0.0000 | Val Max Thermal: 0.0000
Epoch 3380 | Val Loss: 16.4315 | Val Cost: 28297.89 | Val Max P-Miss: 0.0886 | Val Max Q-Miss: 0.0250 | Val Max Gen Viol: 0.0000 | Val Max Thermal: 0.0000
Epoch 3390 | Val Loss: 16.4267 | Val Cost: 28062.37 | Val Max P-Miss: 0.1000 | Val Max Q-Miss: 0.0289 | Val Max Gen Viol: 0.0000 | Val Max Thermal: 0.0000
Epoch 3400 | Val Loss: 16.4424 | Val Cost: 28036.00 | Val Max P-Miss: 0.0995 | Val Max Q-Miss: 0.0393 | Val Max Gen Viol: 0.0000 | Val Max Thermal: 0.0000
Epoch 3410 | Val Loss: 16.4283 | Val Cost: 28148.54 | Val Max P-Miss: 0.0842 | Val Max Q-Miss: 0.0226 | Val Max Gen Viol: 0.0000 | Val Max Thermal: 0.0000
Epoch 3420 | Val Loss: 16.4159 | Val Cost: 28195.41 | Val Max P-Miss: 0.0843 | Val Max Q-Miss: 0.0323 | Val Max Gen Viol: 0.0000 | Val Max Thermal: 0.0000
Epoch 3430 | Val Loss: 16.4246 | Val Cost: 28211.53 | Val Max P-Miss: 0.0890 | Val Max Q-Miss: 0.0259 | Val Max Gen Viol: 0.0000 | Val Max Thermal: 0.0000
Epoch 3440 | Val Loss: 16.4121 | Val Cost: 28193.91 | Val Max P-Miss: 0.0798 | Val Max Q-Miss: 0.0256 | Val Max Gen Viol: 0.0000 | Val Max Thermal: 0.0000
Epoch 3450 | Val Loss: 16.4016 | Val Cost: 28154.57 | Val Max P-Miss: 0.0801 | Val Max Q-Miss: 0.0227 | Val Max Gen Viol: 0.0000 | Val Max Thermal: 0.0000
Epoch 3460 | Val Loss: 16.3985 | Val Cost: 28178.02 | Val Max P-Miss: 0.0991 | Val Max Q-Miss: 0.0240 | Val Max Gen Viol: 0.0000 | Val Max Thermal: 0.0000
Epoch 3470 | Val Loss: 16.4063 | Val Cost: 28187.78 | Val Max P-Miss: 0.0792 | Val Max Q-Miss: 0.0226 | Val Max Gen Viol: 0.0000 | Val Max Thermal: 0.0000
Epoch 3480 | Val Loss: 16.4126 | Val Cost: 28294.53 | Val Max P-Miss: 0.0765 | Val Max Q-Miss: 0.0240 | Val Max Gen Viol: 0.0000 | Val Max Thermal: 0.0000
Epoch 3490 | Val Loss: 16.4281 | Val Cost: 28398.47 | Val Max P-Miss: 0.0721 | Val Max Q-Miss: 0.0291 | Val Max Gen Viol: 0.0000 | Val Max Thermal: 0.0000
Epoch 3500 | Val Loss: 16.4165 | Val Cost: 28209.52 | Val Max P-Miss: 0.0904 | Val Max Q-Miss: 0.0271 | Val Max Gen Viol: 0.0000 | Val Max Thermal: 0.0000
Epoch 3510 | Val Loss: 16.4370 | Val Cost: 28168.34 | Val Max P-Miss: 0.0945 | Val Max Q-Miss: 0.0227 | Val Max Gen Viol: 0.0000 | Val Max Thermal: 0.0000
Epoch 3520 | Val Loss: 16.4113 | Val Cost: 28215.09 | Val Max P-Miss: 0.0804 | Val Max Q-Miss: 0.0225 | Val Max Gen Viol: 0.0000 | Val Max Thermal: 0.0000
Epoch 3530 | Val Loss: 16.4687 | Val Cost: 28230.24 | Val Max P-Miss: 0.0887 | Val Max Q-Miss: 0.0223 | Val Max Gen Viol: 0.0000 | Val Max Thermal: 0.0000
Epoch 3540 | Val Loss: 16.4259 | Val Cost: 28165.42 | Val Max P-Miss: 0.1019 | Val Max Q-Miss: 0.0242 | Val Max Gen Viol: 0.0000 | Val Max Thermal: 0.0000
Epoch 3550 | Val Loss: 16.4423 | Val Cost: 28289.86 | Val Max P-Miss: 0.0923 | Val Max Q-Miss: 0.0349 | Val Max Gen Viol: 0.0000 | Val Max Thermal: 0.0000
Epoch 3560 | Val Loss: 16.4236 | Val Cost: 28210.96 | Val Max P-Miss: 0.0920 | Val Max Q-Miss: 0.0294 | Val Max Gen Viol: 0.0000 | Val Max Thermal: 0.0000
Epoch 3570 | Val Loss: 16.4162 | Val Cost: 28196.82 | Val Max P-Miss: 0.0859 | Val Max Q-Miss: 0.0244 | Val Max Gen Viol: 0.0000 | Val Max Thermal: 0.0000
Epoch 3580 | Val Loss: 16.4164 | Val Cost: 28175.10 | Val Max P-Miss: 0.0809 | Val Max Q-Miss: 0.0222 | Val Max Gen Viol: 0.0000 | Val Max Thermal: 0.0000
Epoch 3590 | Val Loss: 16.4056 | Val Cost: 28203.08 | Val Max P-Miss: 0.0847 | Val Max Q-Miss: 0.0228 | Val Max Gen Viol: 0.0000 | Val Max Thermal: 0.0000
Epoch 3600 | Val Loss: 16.4339 | Val Cost: 28247.69 | Val Max P-Miss: 0.0835 | Val Max Q-Miss: 0.0294 | Val Max Gen Viol: 0.0000 | Val Max Thermal: 0.0000
Epoch 3610 | Val Loss: 16.4175 | Val Cost: 28119.01 | Val Max P-Miss: 0.0988 | Val Max Q-Miss: 0.0256 | Val Max Gen Viol: 0.0000 | Val Max Thermal: 0.0000
Epoch 3620 | Val Loss: 16.4090 | Val Cost: 28246.47 | Val Max P-Miss: 0.0799 | Val Max Q-Miss: 0.0232 | Val Max Gen Viol: 0.0000 | Val Max Thermal: 0.0000
Epoch 3630 | Val Loss: 16.4303 | Val Cost: 28176.63 | Val Max P-Miss: 0.0812 | Val Max Q-Miss: 0.0292 | Val Max Gen Viol: 0.0000 | Val Max Thermal: 0.0000
Epoch 3640 | Val Loss: 16.4074 | Val Cost: 28218.06 | Val Max P-Miss: 0.0853 | Val Max Q-Miss: 0.0214 | Val Max Gen Viol: 0.0000 | Val Max Thermal: 0.0000
Epoch 3650 | Val Loss: 16.4185 | Val Cost: 28323.76 | Val Max P-Miss: 0.0784 | Val Max Q-Miss: 0.0257 | Val Max Gen Viol: 0.0000 | Val Max Thermal: 0.0000
Epoch 3660 | Val Loss: 16.4425 | Val Cost: 28259.34 | Val Max P-Miss: 0.1035 | Val Max Q-Miss: 0.0255 | Val Max Gen Viol: 0.0000 | Val Max Thermal: 0.0000
Epoch 3670 | Val Loss: 16.4240 | Val Cost: 28224.65 | Val Max P-Miss: 0.0800 | Val Max Q-Miss: 0.0262 | Val Max Gen Viol: 0.0000 | Val Max Thermal: 0.0000
Epoch 3680 | Val Loss: 16.4120 | Val Cost: 28208.06 | Val Max P-Miss: 0.0881 | Val Max Q-Miss: 0.0266 | Val Max Gen Viol: 0.0000 | Val Max Thermal: 0.0000
Epoch 3690 | Val Loss: 16.4217 | Val Cost: 28251.60 | Val Max P-Miss: 0.0784 | Val Max Q-Miss: 0.0233 | Val Max Gen Viol: 0.0000 | Val Max Thermal: 0.0000
Epoch 3700 | Val Loss: 16.4133 | Val Cost: 28183.23 | Val Max P-Miss: 0.0884 | Val Max Q-Miss: 0.0215 | Val Max Gen Viol: 0.0000 | Val Max Thermal: 0.0000
Epoch 3710 | Val Loss: 16.4105 | Val Cost: 28123.81 | Val Max P-Miss: 0.0922 | Val Max Q-Miss: 0.0251 | Val Max Gen Viol: 0.0000 | Val Max Thermal: 0.0000
Epoch 3720 | Val Loss: 16.4766 | Val Cost: 28297.80 | Val Max P-Miss: 0.0852 | Val Max Q-Miss: 0.0492 | Val Max Gen Viol: 0.0000 | Val Max Thermal: 0.0000
Epoch 3730 | Val Loss: 16.4321 | Val Cost: 28125.64 | Val Max P-Miss: 0.0961 | Val Max Q-Miss: 0.0290 | Val Max Gen Viol: 0.0000 | Val Max Thermal: 0.0000
Epoch 3740 | Val Loss: 16.4161 | Val Cost: 28191.89 | Val Max P-Miss: 0.0966 | Val Max Q-Miss: 0.0223 | Val Max Gen Viol: 0.0000 | Val Max Thermal: 0.0000
Epoch 3750 | Val Loss: 16.4325 | Val Cost: 28069.37 | Val Max P-Miss: 0.1285 | Val Max Q-Miss: 0.0234 | Val Max Gen Viol: 0.0000 | Val Max Thermal: 0.0000
Epoch 3760 | Val Loss: 16.4124 | Val Cost: 28232.77 | Val Max P-Miss: 0.0717 | Val Max Q-Miss: 0.0229 | Val Max Gen Viol: 0.0000 | Val Max Thermal: 0.0000
Epoch 3770 | Val Loss: 16.4638 | Val Cost: 28020.66 | Val Max P-Miss: 0.1330 | Val Max Q-Miss: 0.0266 | Val Max Gen Viol: 0.0000 | Val Max Thermal: 0.0000
Epoch 3780 | Val Loss: 16.4272 | Val Cost: 28156.67 | Val Max P-Miss: 0.0938 | Val Max Q-Miss: 0.0300 | Val Max Gen Viol: 0.0000 | Val Max Thermal: 0.0000
Epoch 3790 | Val Loss: 16.4164 | Val Cost: 28316.24 | Val Max P-Miss: 0.0817 | Val Max Q-Miss: 0.0234 | Val Max Gen Viol: 0.0000 | Val Max Thermal: 0.0000
Epoch 3800 | Val Loss: 16.4189 | Val Cost: 28209.14 | Val Max P-Miss: 0.0825 | Val Max Q-Miss: 0.0225 | Val Max Gen Viol: 0.0000 | Val Max Thermal: 0.0000
Epoch 3810 | Val Loss: 16.4071 | Val Cost: 28125.24 | Val Max P-Miss: 0.0762 | Val Max Q-Miss: 0.0228 | Val Max Gen Viol: 0.0000 | Val Max Thermal: 0.0000
Epoch 3820 | Val Loss: 16.4322 | Val Cost: 28201.69 | Val Max P-Miss: 0.1008 | Val Max Q-Miss: 0.0251 | Val Max Gen Viol: 0.0000 | Val Max Thermal: 0.0000
Epoch 3830 | Val Loss: 16.4223 | Val Cost: 28225.56 | Val Max P-Miss: 0.0939 | Val Max Q-Miss: 0.0231 | Val Max Gen Viol: 0.0000 | Val Max Thermal: 0.0000
Epoch 3840 | Val Loss: 16.4392 | Val Cost: 28242.36 | Val Max P-Miss: 0.0800 | Val Max Q-Miss: 0.0296 | Val Max Gen Viol: 0.0000 | Val Max Thermal: 0.0000
Epoch 3850 | Val Loss: 16.4058 | Val Cost: 28177.93 | Val Max P-Miss: 0.0805 | Val Max Q-Miss: 0.0233 | Val Max Gen Viol: 0.0000 | Val Max Thermal: 0.0000
Epoch 3860 | Val Loss: 16.4057 | Val Cost: 28167.50 | Val Max P-Miss: 0.0787 | Val Max Q-Miss: 0.0238 | Val Max Gen Viol: 0.0000 | Val Max Thermal: 0.0000
Epoch 3870 | Val Loss: 16.3972 | Val Cost: 28247.99 | Val Max P-Miss: 0.0763 | Val Max Q-Miss: 0.0223 | Val Max Gen Viol: 0.0000 | Val Max Thermal: 0.0000
Epoch 3880 | Val Loss: 16.3995 | Val Cost: 28267.24 | Val Max P-Miss: 0.0780 | Val Max Q-Miss: 0.0206 | Val Max Gen Viol: 0.0000 | Val Max Thermal: 0.0000
Epoch 3890 | Val Loss: 16.4234 | Val Cost: 28194.81 | Val Max P-Miss: 0.0856 | Val Max Q-Miss: 0.0257 | Val Max Gen Viol: 0.0000 | Val Max Thermal: 0.0000
Epoch 3900 | Val Loss: 16.4344 | Val Cost: 28158.42 | Val Max P-Miss: 0.1003 | Val Max Q-Miss: 0.0219 | Val Max Gen Viol: 0.0000 | Val Max Thermal: 0.0000
Epoch 3910 | Val Loss: 16.4150 | Val Cost: 28225.98 | Val Max P-Miss: 0.0826 | Val Max Q-Miss: 0.0258 | Val Max Gen Viol: 0.0000 | Val Max Thermal: 0.0000
Epoch 3920 | Val Loss: 16.4122 | Val Cost: 28230.86 | Val Max P-Miss: 0.0925 | Val Max Q-Miss: 0.0273 | Val Max Gen Viol: 0.0000 | Val Max Thermal: 0.0000
Epoch 3930 | Val Loss: 16.4580 | Val Cost: 28426.40 | Val Max P-Miss: 0.0808 | Val Max Q-Miss: 0.0255 | Val Max Gen Viol: 0.0000 | Val Max Thermal: 0.0000
Epoch 3940 | Val Loss: 16.4682 | Val Cost: 28269.32 | Val Max P-Miss: 0.0944 | Val Max Q-Miss: 0.0274 | Val Max Gen Viol: 0.0000 | Val Max Thermal: 0.0000
Epoch 3950 | Val Loss: 16.4121 | Val Cost: 28138.78 | Val Max P-Miss: 0.0971 | Val Max Q-Miss: 0.0222 | Val Max Gen Viol: 0.0000 | Val Max Thermal: 0.0000
Epoch 3960 | Val Loss: 16.4416 | Val Cost: 28235.04 | Val Max P-Miss: 0.0808 | Val Max Q-Miss: 0.0272 | Val Max Gen Viol: 0.0000 | Val Max Thermal: 0.0000
Epoch 3970 | Val Loss: 16.3991 | Val Cost: 28152.65 | Val Max P-Miss: 0.0772 | Val Max Q-Miss: 0.0254 | Val Max Gen Viol: 0.0000 | Val Max Thermal: 0.0000
Epoch 3980 | Val Loss: 16.4354 | Val Cost: 28191.81 | Val Max P-Miss: 0.0918 | Val Max Q-Miss: 0.0235 | Val Max Gen Viol: 0.0000 | Val Max Thermal: 0.0000
Epoch 3990 | Val Loss: 16.4176 | Val Cost: 28091.24 | Val Max P-Miss: 0.1065 | Val Max Q-Miss: 0.0228 | Val Max Gen Viol: 0.0000 | Val Max Thermal: 0.0000
Epoch 4000 | Val Loss: 16.4156 | Val Cost: 28188.41 | Val Max P-Miss: 0.0872 | Val Max Q-Miss: 0.0222 | Val Max Gen Viol: 0.0000 | Val Max Thermal: 0.0000
Epoch 4010 | Val Loss: 16.4310 | Val Cost: 28206.15 | Val Max P-Miss: 0.0847 | Val Max Q-Miss: 0.0245 | Val Max Gen Viol: 0.0000 | Val Max Thermal: 0.0000
Epoch 4020 | Val Loss: 16.3938 | Val Cost: 28136.67 | Val Max P-Miss: 0.0766 | Val Max Q-Miss: 0.0214 | Val Max Gen Viol: 0.0000 | Val Max Thermal: 0.0000
Epoch 4030 | Val Loss: 16.4578 | Val Cost: 28343.59 | Val Max P-Miss: 0.0749 | Val Max Q-Miss: 0.0240 | Val Max Gen Viol: 0.0000 | Val Max Thermal: 0.0000
Epoch 4040 | Val Loss: 16.4072 | Val Cost: 28192.16 | Val Max P-Miss: 0.0851 | Val Max Q-Miss: 0.0224 | Val Max Gen Viol: 0.0000 | Val Max Thermal: 0.0000
Epoch 4050 | Val Loss: 16.4015 | Val Cost: 28099.82 | Val Max P-Miss: 0.0873 | Val Max Q-Miss: 0.0221 | Val Max Gen Viol: 0.0000 | Val Max Thermal: 0.0000
Epoch 4060 | Val Loss: 16.4379 | Val Cost: 27966.82 | Val Max P-Miss: 0.1290 | Val Max Q-Miss: 0.0252 | Val Max Gen Viol: 0.0000 | Val Max Thermal: 0.0000
Epoch 4070 | Val Loss: 16.4692 | Val Cost: 28454.42 | Val Max P-Miss: 0.0789 | Val Max Q-Miss: 0.0233 | Val Max Gen Viol: 0.0000 | Val Max Thermal: 0.0000
Epoch 4080 | Val Loss: 16.4164 | Val Cost: 28230.95 | Val Max P-Miss: 0.0813 | Val Max Q-Miss: 0.0230 | Val Max Gen Viol: 0.0000 | Val Max Thermal: 0.0000
Epoch 4090 | Val Loss: 16.4162 | Val Cost: 28193.67 | Val Max P-Miss: 0.0849 | Val Max Q-Miss: 0.0207 | Val Max Gen Viol: 0.0000 | Val Max Thermal: 0.0000
Epoch 4100 | Val Loss: 16.4072 | Val Cost: 28195.12 | Val Max P-Miss: 0.0796 | Val Max Q-Miss: 0.0275 | Val Max Gen Viol: 0.0000 | Val Max Thermal: 0.0000
Epoch 4110 | Val Loss: 16.4807 | Val Cost: 28103.39 | Val Max P-Miss: 0.1264 | Val Max Q-Miss: 0.0398 | Val Max Gen Viol: 0.0000 | Val Max Thermal: 0.0000
Epoch 4120 | Val Loss: 16.4168 | Val Cost: 28320.56 | Val Max P-Miss: 0.0715 | Val Max Q-Miss: 0.0213 | Val Max Gen Viol: 0.0000 | Val Max Thermal: 0.0000
Epoch 4130 | Val Loss: 16.4141 | Val Cost: 28185.72 | Val Max P-Miss: 0.0732 | Val Max Q-Miss: 0.0263 | Val Max Gen Viol: 0.0000 | Val Max Thermal: 0.0000
Epoch 4140 | Val Loss: 16.4103 | Val Cost: 28165.45 | Val Max P-Miss: 0.0830 | Val Max Q-Miss: 0.0250 | Val Max Gen Viol: 0.0000 | Val Max Thermal: 0.0000
Epoch 4150 | Val Loss: 16.4205 | Val Cost: 28156.62 | Val Max P-Miss: 0.0870 | Val Max Q-Miss: 0.0213 | Val Max Gen Viol: 0.0000 | Val Max Thermal: 0.0000
Epoch 4160 | Val Loss: 16.4167 | Val Cost: 28216.55 | Val Max P-Miss: 0.0766 | Val Max Q-Miss: 0.0208 | Val Max Gen Viol: 0.0000 | Val Max Thermal: 0.0000
Epoch 4170 | Val Loss: 16.4100 | Val Cost: 28151.84 | Val Max P-Miss: 0.0960 | Val Max Q-Miss: 0.0218 | Val Max Gen Viol: 0.0000 | Val Max Thermal: 0.0000
Epoch 4180 | Val Loss: 16.4242 | Val Cost: 28222.21 | Val Max P-Miss: 0.0787 | Val Max Q-Miss: 0.0252 | Val Max Gen Viol: 0.0000 | Val Max Thermal: 0.0000
Epoch 4190 | Val Loss: 16.4669 | Val Cost: 28070.81 | Val Max P-Miss: 0.1200 | Val Max Q-Miss: 0.0257 | Val Max Gen Viol: 0.0000 | Val Max Thermal: 0.0000
Epoch 4200 | Val Loss: 16.4149 | Val Cost: 28064.26 | Val Max P-Miss: 0.0928 | Val Max Q-Miss: 0.0221 | Val Max Gen Viol: 0.0000 | Val Max Thermal: 0.0000
Epoch 4210 | Val Loss: 16.4021 | Val Cost: 28305.83 | Val Max P-Miss: 0.0830 | Val Max Q-Miss: 0.0216 | Val Max Gen Viol: 0.0000 | Val Max Thermal: 0.0000
Epoch 4220 | Val Loss: 16.5433 | Val Cost: 28514.54 | Val Max P-Miss: 0.0852 | Val Max Q-Miss: 0.0334 | Val Max Gen Viol: 0.0000 | Val Max Thermal: 0.0000
Epoch 4230 | Val Loss: 16.3916 | Val Cost: 28250.84 | Val Max P-Miss: 0.0760 | Val Max Q-Miss: 0.0217 | Val Max Gen Viol: 0.0000 | Val Max Thermal: 0.0000
Epoch 4240 | Val Loss: 16.3955 | Val Cost: 28238.85 | Val Max P-Miss: 0.0736 | Val Max Q-Miss: 0.0229 | Val Max Gen Viol: 0.0000 | Val Max Thermal: 0.0000
Epoch 4250 | Val Loss: 16.3963 | Val Cost: 28236.16 | Val Max P-Miss: 0.0783 | Val Max Q-Miss: 0.0214 | Val Max Gen Viol: 0.0000 | Val Max Thermal: 0.0000
Epoch 4260 | Val Loss: 16.3981 | Val Cost: 28075.74 | Val Max P-Miss: 0.0870 | Val Max Q-Miss: 0.0211 | Val Max Gen Viol: 0.0000 | Val Max Thermal: 0.0000
Epoch 4270 | Val Loss: 16.4355 | Val Cost: 28131.73 | Val Max P-Miss: 0.0802 | Val Max Q-Miss: 0.0290 | Val Max Gen Viol: 0.0000 | Val Max Thermal: 0.0000
Epoch 4280 | Val Loss: 16.4077 | Val Cost: 28228.93 | Val Max P-Miss: 0.0832 | Val Max Q-Miss: 0.0326 | Val Max Gen Viol: 0.0000 | Val Max Thermal: 0.0000
Epoch 4290 | Val Loss: 16.4074 | Val Cost: 28209.21 | Val Max P-Miss: 0.0794 | Val Max Q-Miss: 0.0258 | Val Max Gen Viol: 0.0000 | Val Max Thermal: 0.0000
Epoch 4300 | Val Loss: 16.4193 | Val Cost: 28117.36 | Val Max P-Miss: 0.0875 | Val Max Q-Miss: 0.0207 | Val Max Gen Viol: 0.0000 | Val Max Thermal: 0.0000
Epoch 4310 | Val Loss: 16.4124 | Val Cost: 28146.85 | Val Max P-Miss: 0.0855 | Val Max Q-Miss: 0.0230 | Val Max Gen Viol: 0.0000 | Val Max Thermal: 0.0000
Epoch 4320 | Val Loss: 16.4242 | Val Cost: 28136.41 | Val Max P-Miss: 0.0880 | Val Max Q-Miss: 0.0243 | Val Max Gen Viol: 0.0000 | Val Max Thermal: 0.0000
Epoch 4330 | Val Loss: 16.4418 | Val Cost: 28094.31 | Val Max P-Miss: 0.0964 | Val Max Q-Miss: 0.0316 | Val Max Gen Viol: 0.0000 | Val Max Thermal: 0.0000
Epoch 4340 | Val Loss: 16.4076 | Val Cost: 28133.98 | Val Max P-Miss: 0.0888 | Val Max Q-Miss: 0.0224 | Val Max Gen Viol: 0.0000 | Val Max Thermal: 0.0000
Epoch 4350 | Val Loss: 16.4062 | Val Cost: 28262.60 | Val Max P-Miss: 0.0763 | Val Max Q-Miss: 0.0209 | Val Max Gen Viol: 0.0000 | Val Max Thermal: 0.0000
Epoch 4360 | Val Loss: 16.4052 | Val Cost: 28116.40 | Val Max P-Miss: 0.0819 | Val Max Q-Miss: 0.0219 | Val Max Gen Viol: 0.0000 | Val Max Thermal: 0.0000
Epoch 4370 | Val Loss: 16.4143 | Val Cost: 28056.98 | Val Max P-Miss: 0.0975 | Val Max Q-Miss: 0.0265 | Val Max Gen Viol: 0.0000 | Val Max Thermal: 0.0000
Epoch 4380 | Val Loss: 16.3952 | Val Cost: 28208.25 | Val Max P-Miss: 0.0766 | Val Max Q-Miss: 0.0238 | Val Max Gen Viol: 0.0000 | Val Max Thermal: 0.0000
Epoch 4390 | Val Loss: 16.3990 | Val Cost: 28119.92 | Val Max P-Miss: 0.0820 | Val Max Q-Miss: 0.0225 | Val Max Gen Viol: 0.0000 | Val Max Thermal: 0.0000
Epoch 4400 | Val Loss: 16.4574 | Val Cost: 28095.11 | Val Max P-Miss: 0.0888 | Val Max Q-Miss: 0.0226 | Val Max Gen Viol: 0.0000 | Val Max Thermal: 0.0000
Epoch 4410 | Val Loss: 16.4141 | Val Cost: 28094.84 | Val Max P-Miss: 0.0864 | Val Max Q-Miss: 0.0213 | Val Max Gen Viol: 0.0000 | Val Max Thermal: 0.0000
Epoch 4420 | Val Loss: 16.4234 | Val Cost: 28158.66 | Val Max P-Miss: 0.0809 | Val Max Q-Miss: 0.0226 | Val Max Gen Viol: 0.0000 | Val Max Thermal: 0.0000
Epoch 4430 | Val Loss: 16.4454 | Val Cost: 28158.59 | Val Max P-Miss: 0.0883 | Val Max Q-Miss: 0.0242 | Val Max Gen Viol: 0.0000 | Val Max Thermal: 0.0000
Epoch 4440 | Val Loss: 16.3990 | Val Cost: 28195.80 | Val Max P-Miss: 0.0789 | Val Max Q-Miss: 0.0226 | Val Max Gen Viol: 0.0000 | Val Max Thermal: 0.0000
Epoch 4450 | Val Loss: 16.3935 | Val Cost: 28190.23 | Val Max P-Miss: 0.0840 | Val Max Q-Miss: 0.0219 | Val Max Gen Viol: 0.0000 | Val Max Thermal: 0.0000
Epoch 4460 | Val Loss: 16.4085 | Val Cost: 28219.84 | Val Max P-Miss: 0.0792 | Val Max Q-Miss: 0.0215 | Val Max Gen Viol: 0.0000 | Val Max Thermal: 0.0000
Epoch 4470 | Val Loss: 16.4145 | Val Cost: 28181.75 | Val Max P-Miss: 0.0868 | Val Max Q-Miss: 0.0211 | Val Max Gen Viol: 0.0000 | Val Max Thermal: 0.0000
Epoch 4480 | Val Loss: 16.4821 | Val Cost: 28094.11 | Val Max P-Miss: 0.1002 | Val Max Q-Miss: 0.0391 | Val Max Gen Viol: 0.0000 | Val Max Thermal: 0.0000
Epoch 4490 | Val Loss: 16.4042 | Val Cost: 28209.16 | Val Max P-Miss: 0.0770 | Val Max Q-Miss: 0.0205 | Val Max Gen Viol: 0.0000 | Val Max Thermal: 0.0000
Epoch 4500 | Val Loss: 16.4194 | Val Cost: 28026.96 | Val Max P-Miss: 0.0957 | Val Max Q-Miss: 0.0206 | Val Max Gen Viol: 0.0000 | Val Max Thermal: 0.0000
Epoch 4510 | Val Loss: 16.4301 | Val Cost: 28175.72 | Val Max P-Miss: 0.0871 | Val Max Q-Miss: 0.0238 | Val Max Gen Viol: 0.0000 | Val Max Thermal: 0.0000
Epoch 4520 | Val Loss: 16.4064 | Val Cost: 28176.51 | Val Max P-Miss: 0.0797 | Val Max Q-Miss: 0.0219 | Val Max Gen Viol: 0.0000 | Val Max Thermal: 0.0000
Epoch 4530 | Val Loss: 16.3968 | Val Cost: 28162.88 | Val Max P-Miss: 0.0881 | Val Max Q-Miss: 0.0219 | Val Max Gen Viol: 0.0000 | Val Max Thermal: 0.0000
Epoch 4540 | Val Loss: 16.4188 | Val Cost: 28304.96 | Val Max P-Miss: 0.0737 | Val Max Q-Miss: 0.0257 | Val Max Gen Viol: 0.0000 | Val Max Thermal: 0.0000
Epoch 4550 | Val Loss: 16.4073 | Val Cost: 28291.82 | Val Max P-Miss: 0.0770 | Val Max Q-Miss: 0.0203 | Val Max Gen Viol: 0.0000 | Val Max Thermal: 0.0000
Epoch 4560 | Val Loss: 16.3991 | Val Cost: 28282.57 | Val Max P-Miss: 0.0796 | Val Max Q-Miss: 0.0204 | Val Max Gen Viol: 0.0000 | Val Max Thermal: 0.0000
Epoch 4570 | Val Loss: 16.4057 | Val Cost: 28142.88 | Val Max P-Miss: 0.0812 | Val Max Q-Miss: 0.0228 | Val Max Gen Viol: 0.0000 | Val Max Thermal: 0.0000
Epoch 4580 | Val Loss: 16.4032 | Val Cost: 28173.47 | Val Max P-Miss: 0.0751 | Val Max Q-Miss: 0.0222 | Val Max Gen Viol: 0.0000 | Val Max Thermal: 0.0000
Epoch 4590 | Val Loss: 16.3957 | Val Cost: 28186.21 | Val Max P-Miss: 0.0757 | Val Max Q-Miss: 0.0220 | Val Max Gen Viol: 0.0000 | Val Max Thermal: 0.0000
Epoch 4600 | Val Loss: 16.3951 | Val Cost: 28225.33 | Val Max P-Miss: 0.0785 | Val Max Q-Miss: 0.0213 | Val Max Gen Viol: 0.0000 | Val Max Thermal: 0.0000
Epoch 4610 | Val Loss: 16.4059 | Val Cost: 28228.57 | Val Max P-Miss: 0.0812 | Val Max Q-Miss: 0.0200 | Val Max Gen Viol: 0.0000 | Val Max Thermal: 0.0000
Epoch 4620 | Val Loss: 16.3993 | Val Cost: 28109.62 | Val Max P-Miss: 0.1050 | Val Max Q-Miss: 0.0238 | Val Max Gen Viol: 0.0000 | Val Max Thermal: 0.0000
Epoch 4630 | Val Loss: 16.4096 | Val Cost: 28262.74 | Val Max P-Miss: 0.0755 | Val Max Q-Miss: 0.0265 | Val Max Gen Viol: 0.0000 | Val Max Thermal: 0.0000
Epoch 4640 | Val Loss: 16.4278 | Val Cost: 28323.35 | Val Max P-Miss: 0.0892 | Val Max Q-Miss: 0.0191 | Val Max Gen Viol: 0.0000 | Val Max Thermal: 0.0000
Epoch 4650 | Val Loss: 16.4257 | Val Cost: 28268.91 | Val Max P-Miss: 0.0842 | Val Max Q-Miss: 0.0213 | Val Max Gen Viol: 0.0000 | Val Max Thermal: 0.0000
Epoch 4660 | Val Loss: 16.4062 | Val Cost: 28163.61 | Val Max P-Miss: 0.0835 | Val Max Q-Miss: 0.0218 | Val Max Gen Viol: 0.0000 | Val Max Thermal: 0.0000
Epoch 4670 | Val Loss: 16.4101 | Val Cost: 28126.93 | Val Max P-Miss: 0.0985 | Val Max Q-Miss: 0.0203 | Val Max Gen Viol: 0.0000 | Val Max Thermal: 0.0000
Epoch 4680 | Val Loss: 16.4328 | Val Cost: 28261.85 | Val Max P-Miss: 0.0832 | Val Max Q-Miss: 0.0302 | Val Max Gen Viol: 0.0000 | Val Max Thermal: 0.0000
Epoch 4690 | Val Loss: 16.4211 | Val Cost: 28187.70 | Val Max P-Miss: 0.0906 | Val Max Q-Miss: 0.0221 | Val Max Gen Viol: 0.0000 | Val Max Thermal: 0.0000
Epoch 4700 | Val Loss: 16.3846 | Val Cost: 28148.38 | Val Max P-Miss: 0.0793 | Val Max Q-Miss: 0.0209 | Val Max Gen Viol: 0.0000 | Val Max Thermal: 0.0000 [*SAVED BEST*]
Epoch 4710 | Val Loss: 16.4199 | Val Cost: 28205.02 | Val Max P-Miss: 0.0784 | Val Max Q-Miss: 0.0239 | Val Max Gen Viol: 0.0000 | Val Max Thermal: 0.0000
Epoch 4720 | Val Loss: 16.4018 | Val Cost: 28187.68 | Val Max P-Miss: 0.0822 | Val Max Q-Miss: 0.0246 | Val Max Gen Viol: 0.0000 | Val Max Thermal: 0.0000
Epoch 4730 | Val Loss: 16.4171 | Val Cost: 28208.67 | Val Max P-Miss: 0.0934 | Val Max Q-Miss: 0.0209 | Val Max Gen Viol: 0.0000 | Val Max Thermal: 0.0000
Epoch 4740 | Val Loss: 16.4224 | Val Cost: 28107.46 | Val Max P-Miss: 0.1081 | Val Max Q-Miss: 0.0211 | Val Max Gen Viol: 0.0000 | Val Max Thermal: 0.0000
Epoch 4750 | Val Loss: 16.4078 | Val Cost: 28112.02 | Val Max P-Miss: 0.1164 | Val Max Q-Miss: 0.0213 | Val Max Gen Viol: 0.0000 | Val Max Thermal: 0.0000
Epoch 4760 | Val Loss: 16.4064 | Val Cost: 28264.46 | Val Max P-Miss: 0.0821 | Val Max Q-Miss: 0.0232 | Val Max Gen Viol: 0.0000 | Val Max Thermal: 0.0000
Epoch 4770 | Val Loss: 16.3997 | Val Cost: 28304.50 | Val Max P-Miss: 0.0749 | Val Max Q-Miss: 0.0220 | Val Max Gen Viol: 0.0000 | Val Max Thermal: 0.0000
Epoch 4780 | Val Loss: 16.4156 | Val Cost: 28254.83 | Val Max P-Miss: 0.0774 | Val Max Q-Miss: 0.0247 | Val Max Gen Viol: 0.0000 | Val Max Thermal: 0.0000
Epoch 4790 | Val Loss: 16.4069 | Val Cost: 28116.86 | Val Max P-Miss: 0.1105 | Val Max Q-Miss: 0.0218 | Val Max Gen Viol: 0.0000 | Val Max Thermal: 0.0000
Epoch 4800 | Val Loss: 16.4140 | Val Cost: 28205.98 | Val Max P-Miss: 0.0782 | Val Max Q-Miss: 0.0210 | Val Max Gen Viol: 0.0000 | Val Max Thermal: 0.0000
Epoch 4810 | Val Loss: 16.3968 | Val Cost: 28184.34 | Val Max P-Miss: 0.0788 | Val Max Q-Miss: 0.0214 | Val Max Gen Viol: 0.0000 | Val Max Thermal: 0.0000
Epoch 4820 | Val Loss: 16.3998 | Val Cost: 28177.70 | Val Max P-Miss: 0.0888 | Val Max Q-Miss: 0.0217 | Val Max Gen Viol: 0.0000 | Val Max Thermal: 0.0000
Epoch 4830 | Val Loss: 16.4073 | Val Cost: 28154.47 | Val Max P-Miss: 0.0804 | Val Max Q-Miss: 0.0237 | Val Max Gen Viol: 0.0000 | Val Max Thermal: 0.0000
Epoch 4840 | Val Loss: 16.4126 | Val Cost: 28208.70 | Val Max P-Miss: 0.0863 | Val Max Q-Miss: 0.0229 | Val Max Gen Viol: 0.0000 | Val Max Thermal: 0.0000
Epoch 4850 | Val Loss: 16.4413 | Val Cost: 28144.83 | Val Max P-Miss: 0.0935 | Val Max Q-Miss: 0.0255 | Val Max Gen Viol: 0.0000 | Val Max Thermal: 0.0000
Epoch 4860 | Val Loss: 16.4243 | Val Cost: 28031.40 | Val Max P-Miss: 0.1036 | Val Max Q-Miss: 0.0232 | Val Max Gen Viol: 0.0000 | Val Max Thermal: 0.0000
Epoch 4870 | Val Loss: 16.4014 | Val Cost: 28181.32 | Val Max P-Miss: 0.0809 | Val Max Q-Miss: 0.0249 | Val Max Gen Viol: 0.0000 | Val Max Thermal: 0.0000
Epoch 4880 | Val Loss: 16.4068 | Val Cost: 28075.10 | Val Max P-Miss: 0.1117 | Val Max Q-Miss: 0.0218 | Val Max Gen Viol: 0.0000 | Val Max Thermal: 0.0000
Epoch 4890 | Val Loss: 16.3980 | Val Cost: 28023.30 | Val Max P-Miss: 0.0981 | Val Max Q-Miss: 0.0205 | Val Max Gen Viol: 0.0000 | Val Max Thermal: 0.0000
Epoch 4900 | Val Loss: 16.4034 | Val Cost: 28137.63 | Val Max P-Miss: 0.0823 | Val Max Q-Miss: 0.0224 | Val Max Gen Viol: 0.0000 | Val Max Thermal: 0.0000
Epoch 4910 | Val Loss: 16.3971 | Val Cost: 28189.63 | Val Max P-Miss: 0.0796 | Val Max Q-Miss: 0.0221 | Val Max Gen Viol: 0.0000 | Val Max Thermal: 0.0000
Epoch 4920 | Val Loss: 16.3962 | Val Cost: 28177.40 | Val Max P-Miss: 0.0837 | Val Max Q-Miss: 0.0211 | Val Max Gen Viol: 0.0000 | Val Max Thermal: 0.0000
Epoch 4930 | Val Loss: 16.3924 | Val Cost: 28181.92 | Val Max P-Miss: 0.0741 | Val Max Q-Miss: 0.0208 | Val Max Gen Viol: 0.0000 | Val Max Thermal: 0.0000
Epoch 4940 | Val Loss: 16.4230 | Val Cost: 28103.86 | Val Max P-Miss: 0.0891 | Val Max Q-Miss: 0.0231 | Val Max Gen Viol: 0.0000 | Val Max Thermal: 0.0000
Epoch 4950 | Val Loss: 16.4056 | Val Cost: 28153.28 | Val Max P-Miss: 0.0874 | Val Max Q-Miss: 0.0209 | Val Max Gen Viol: 0.0000 | Val Max Thermal: 0.0000
Epoch 4960 | Val Loss: 16.4470 | Val Cost: 28339.75 | Val Max P-Miss: 0.0864 | Val Max Q-Miss: 0.0201 | Val Max Gen Viol: 0.0000 | Val Max Thermal: 0.0000
Epoch 4970 | Val Loss: 16.4118 | Val Cost: 28256.74 | Val Max P-Miss: 0.0813 | Val Max Q-Miss: 0.0211 | Val Max Gen Viol: 0.0000 | Val Max Thermal: 0.0000
Epoch 4980 | Val Loss: 16.4043 | Val Cost: 28216.17 | Val Max P-Miss: 0.0724 | Val Max Q-Miss: 0.0207 | Val Max Gen Viol: 0.0000 | Val Max Thermal: 0.0000
Epoch 4990 | Val Loss: 16.4008 | Val Cost: 28131.34 | Val Max P-Miss: 0.0922 | Val Max Q-Miss: 0.0205 | Val Max Gen Viol: 0.0000 | Val Max Thermal: 0.0000
Epoch 5000 | Val Loss: 16.4208 | Val Cost: 28246.54 | Val Max P-Miss: 0.0909 | Val Max Q-Miss: 0.0213 | Val Max Gen Viol: 0.0000 | Val Max Thermal: 0.0000
Epoch 5010 | Val Loss: 16.4621 | Val Cost: 28100.26 | Val Max P-Miss: 0.0999 | Val Max Q-Miss: 0.0236 | Val Max Gen Viol: 0.0000 | Val Max Thermal: 0.0000
Epoch 5020 | Val Loss: 16.4223 | Val Cost: 28130.08 | Val Max P-Miss: 0.0831 | Val Max Q-Miss: 0.0227 | Val Max Gen Viol: 0.0000 | Val Max Thermal: 0.0000
Epoch 5030 | Val Loss: 16.3964 | Val Cost: 28172.55 | Val Max P-Miss: 0.0828 | Val Max Q-Miss: 0.0221 | Val Max Gen Viol: 0.0000 | Val Max Thermal: 0.0000
Epoch 5040 | Val Loss: 16.3949 | Val Cost: 28162.70 | Val Max P-Miss: 0.0859 | Val Max Q-Miss: 0.0227 | Val Max Gen Viol: 0.0000 | Val Max Thermal: 0.0000
Epoch 5050 | Val Loss: 16.4125 | Val Cost: 28132.68 | Val Max P-Miss: 0.1131 | Val Max Q-Miss: 0.0215 | Val Max Gen Viol: 0.0000 | Val Max Thermal: 0.0000
Epoch 5060 | Val Loss: 16.4305 | Val Cost: 28152.05 | Val Max P-Miss: 0.0878 | Val Max Q-Miss: 0.0264 | Val Max Gen Viol: 0.0000 | Val Max Thermal: 0.0000
Epoch 5070 | Val Loss: 16.4732 | Val Cost: 28362.52 | Val Max P-Miss: 0.0866 | Val Max Q-Miss: 0.0213 | Val Max Gen Viol: 0.0000 | Val Max Thermal: 0.0000
Epoch 5080 | Val Loss: 16.4031 | Val Cost: 28303.43 | Val Max P-Miss: 0.0731 | Val Max Q-Miss: 0.0203 | Val Max Gen Viol: 0.0000 | Val Max Thermal: 0.0000
Epoch 5090 | Val Loss: 16.3961 | Val Cost: 28141.92 | Val Max P-Miss: 0.0836 | Val Max Q-Miss: 0.0226 | Val Max Gen Viol: 0.0000 | Val Max Thermal: 0.0000
Epoch 5100 | Val Loss: 16.4300 | Val Cost: 28123.88 | Val Max P-Miss: 0.1193 | Val Max Q-Miss: 0.0238 | Val Max Gen Viol: 0.0000 | Val Max Thermal: 0.0000
Epoch 5110 | Val Loss: 16.3996 | Val Cost: 28109.87 | Val Max P-Miss: 0.0898 | Val Max Q-Miss: 0.0202 | Val Max Gen Viol: 0.0000 | Val Max Thermal: 0.0000
Epoch 5120 | Val Loss: 16.4087 | Val Cost: 28171.65 | Val Max P-Miss: 0.0761 | Val Max Q-Miss: 0.0229 | Val Max Gen Viol: 0.0000 | Val Max Thermal: 0.0000
Epoch 5130 | Val Loss: 16.4044 | Val Cost: 28163.90 | Val Max P-Miss: 0.0960 | Val Max Q-Miss: 0.0233 | Val Max Gen Viol: 0.0000 | Val Max Thermal: 0.0000
Epoch 5140 | Val Loss: 16.4021 | Val Cost: 28252.24 | Val Max P-Miss: 0.0739 | Val Max Q-Miss: 0.0211 | Val Max Gen Viol: 0.0000 | Val Max Thermal: 0.0000
Epoch 5150 | Val Loss: 16.3977 | Val Cost: 28208.44 | Val Max P-Miss: 0.0795 | Val Max Q-Miss: 0.0216 | Val Max Gen Viol: 0.0000 | Val Max Thermal: 0.0000
Epoch 5160 | Val Loss: 16.3979 | Val Cost: 28171.93 | Val Max P-Miss: 0.0797 | Val Max Q-Miss: 0.0200 | Val Max Gen Viol: 0.0000 | Val Max Thermal: 0.0000
Epoch 5170 | Val Loss: 16.4061 | Val Cost: 28235.01 | Val Max P-Miss: 0.0804 | Val Max Q-Miss: 0.0187 | Val Max Gen Viol: 0.0000 | Val Max Thermal: 0.0000
Epoch 5180 | Val Loss: 16.4392 | Val Cost: 27998.43 | Val Max P-Miss: 0.1033 | Val Max Q-Miss: 0.0252 | Val Max Gen Viol: 0.0000 | Val Max Thermal: 0.0000
Epoch 5190 | Val Loss: 16.3971 | Val Cost: 28225.03 | Val Max P-Miss: 0.0798 | Val Max Q-Miss: 0.0208 | Val Max Gen Viol: 0.0000 | Val Max Thermal: 0.0000
Epoch 5200 | Val Loss: 16.3832 | Val Cost: 28137.93 | Val Max P-Miss: 0.0884 | Val Max Q-Miss: 0.0229 | Val Max Gen Viol: 0.0000 | Val Max Thermal: 0.0000 [*SAVED BEST*]
Epoch 5210 | Val Loss: 16.3963 | Val Cost: 28154.77 | Val Max P-Miss: 0.0899 | Val Max Q-Miss: 0.0224 | Val Max Gen Viol: 0.0000 | Val Max Thermal: 0.0000
Epoch 5220 | Val Loss: 16.4665 | Val Cost: 28169.76 | Val Max P-Miss: 0.0943 | Val Max Q-Miss: 0.0285 | Val Max Gen Viol: 0.0000 | Val Max Thermal: 0.0000
Epoch 5230 | Val Loss: 16.4017 | Val Cost: 28227.87 | Val Max P-Miss: 0.0777 | Val Max Q-Miss: 0.0204 | Val Max Gen Viol: 0.0000 | Val Max Thermal: 0.0000
Epoch 5240 | Val Loss: 16.4050 | Val Cost: 28157.49 | Val Max P-Miss: 0.0999 | Val Max Q-Miss: 0.0204 | Val Max Gen Viol: 0.0000 | Val Max Thermal: 0.0000
Epoch 5250 | Val Loss: 16.3778 | Val Cost: 28192.40 | Val Max P-Miss: 0.0816 | Val Max Q-Miss: 0.0200 | Val Max Gen Viol: 0.0000 | Val Max Thermal: 0.0000 [*SAVED BEST*]
Epoch 5260 | Val Loss: 16.4179 | Val Cost: 28085.36 | Val Max P-Miss: 0.0908 | Val Max Q-Miss: 0.0211 | Val Max Gen Viol: 0.0000 | Val Max Thermal: 0.0000
Epoch 5270 | Val Loss: 16.3996 | Val Cost: 28234.18 | Val Max P-Miss: 0.0738 | Val Max Q-Miss: 0.0203 | Val Max Gen Viol: 0.0000 | Val Max Thermal: 0.0000
Epoch 5280 | Val Loss: 16.4024 | Val Cost: 28230.20 | Val Max P-Miss: 0.0799 | Val Max Q-Miss: 0.0213 | Val Max Gen Viol: 0.0000 | Val Max Thermal: 0.0000
Epoch 5290 | Val Loss: 16.4227 | Val Cost: 28172.53 | Val Max P-Miss: 0.0830 | Val Max Q-Miss: 0.0223 | Val Max Gen Viol: 0.0000 | Val Max Thermal: 0.0000
Epoch 5300 | Val Loss: 16.4011 | Val Cost: 28281.19 | Val Max P-Miss: 0.0754 | Val Max Q-Miss: 0.0213 | Val Max Gen Viol: 0.0000 | Val Max Thermal: 0.0000
Epoch 5310 | Val Loss: 16.3993 | Val Cost: 28148.08 | Val Max P-Miss: 0.0832 | Val Max Q-Miss: 0.0224 | Val Max Gen Viol: 0.0000 | Val Max Thermal: 0.0000
Epoch 5320 | Val Loss: 16.4038 | Val Cost: 28290.69 | Val Max P-Miss: 0.0768 | Val Max Q-Miss: 0.0187 | Val Max Gen Viol: 0.0000 | Val Max Thermal: 0.0000
Epoch 5330 | Val Loss: 16.4374 | Val Cost: 28198.26 | Val Max P-Miss: 0.0829 | Val Max Q-Miss: 0.0250 | Val Max Gen Viol: 0.0000 | Val Max Thermal: 0.0000
Epoch 5340 | Val Loss: 16.4085 | Val Cost: 28195.92 | Val Max P-Miss: 0.0821 | Val Max Q-Miss: 0.0203 | Val Max Gen Viol: 0.0000 | Val Max Thermal: 0.0000
Epoch 5350 | Val Loss: 16.4045 | Val Cost: 28257.98 | Val Max P-Miss: 0.0794 | Val Max Q-Miss: 0.0204 | Val Max Gen Viol: 0.0000 | Val Max Thermal: 0.0000
Epoch 5360 | Val Loss: 16.4133 | Val Cost: 28286.96 | Val Max P-Miss: 0.0853 | Val Max Q-Miss: 0.0222 | Val Max Gen Viol: 0.0000 | Val Max Thermal: 0.0000
Epoch 5370 | Val Loss: 16.4690 | Val Cost: 28340.63 | Val Max P-Miss: 0.0842 | Val Max Q-Miss: 0.0330 | Val Max Gen Viol: 0.0000 | Val Max Thermal: 0.0000
Epoch 5380 | Val Loss: 16.3965 | Val Cost: 28146.56 | Val Max P-Miss: 0.0797 | Val Max Q-Miss: 0.0203 | Val Max Gen Viol: 0.0000 | Val Max Thermal: 0.0000
Epoch 5390 | Val Loss: 16.3908 | Val Cost: 28219.88 | Val Max P-Miss: 0.0734 | Val Max Q-Miss: 0.0205 | Val Max Gen Viol: 0.0000 | Val Max Thermal: 0.0000
Epoch 5400 | Val Loss: 16.3962 | Val Cost: 28229.85 | Val Max P-Miss: 0.0738 | Val Max Q-Miss: 0.0193 | Val Max Gen Viol: 0.0000 | Val Max Thermal: 0.0000
Epoch 5410 | Val Loss: 16.4080 | Val Cost: 28075.79 | Val Max P-Miss: 0.0893 | Val Max Q-Miss: 0.0201 | Val Max Gen Viol: 0.0000 | Val Max Thermal: 0.0000
Epoch 5420 | Val Loss: 16.4174 | Val Cost: 28014.31 | Val Max P-Miss: 0.1038 | Val Max Q-Miss: 0.0230 | Val Max Gen Viol: 0.0000 | Val Max Thermal: 0.0000
Epoch 5430 | Val Loss: 16.4048 | Val Cost: 28307.77 | Val Max P-Miss: 0.0833 | Val Max Q-Miss: 0.0219 | Val Max Gen Viol: 0.0000 | Val Max Thermal: 0.0000
Epoch 5440 | Val Loss: 16.4327 | Val Cost: 28223.98 | Val Max P-Miss: 0.0858 | Val Max Q-Miss: 0.0254 | Val Max Gen Viol: 0.0000 | Val Max Thermal: 0.0000
Epoch 5450 | Val Loss: 16.4185 | Val Cost: 28170.63 | Val Max P-Miss: 0.0891 | Val Max Q-Miss: 0.0206 | Val Max Gen Viol: 0.0000 | Val Max Thermal: 0.0000
Epoch 5460 | Val Loss: 16.4030 | Val Cost: 28068.41 | Val Max P-Miss: 0.0981 | Val Max Q-Miss: 0.0230 | Val Max Gen Viol: 0.0000 | Val Max Thermal: 0.0000
Epoch 5470 | Val Loss: 16.5025 | Val Cost: 28193.25 | Val Max P-Miss: 0.1046 | Val Max Q-Miss: 0.0255 | Val Max Gen Viol: 0.0000 | Val Max Thermal: 0.0000
Epoch 5480 | Val Loss: 16.3923 | Val Cost: 28183.63 | Val Max P-Miss: 0.0779 | Val Max Q-Miss: 0.0206 | Val Max Gen Viol: 0.0000 | Val Max Thermal: 0.0000
Epoch 5490 | Val Loss: 16.3888 | Val Cost: 28220.44 | Val Max P-Miss: 0.0764 | Val Max Q-Miss: 0.0200 | Val Max Gen Viol: 0.0000 | Val Max Thermal: 0.0000
Epoch 5500 | Val Loss: 16.3924 | Val Cost: 28185.55 | Val Max P-Miss: 0.0743 | Val Max Q-Miss: 0.0205 | Val Max Gen Viol: 0.0000 | Val Max Thermal: 0.0000
Epoch 5510 | Val Loss: 16.3981 | Val Cost: 28151.09 | Val Max P-Miss: 0.0781 | Val Max Q-Miss: 0.0224 | Val Max Gen Viol: 0.0000 | Val Max Thermal: 0.0000
Epoch 5520 | Val Loss: 16.4442 | Val Cost: 28378.40 | Val Max P-Miss: 0.0808 | Val Max Q-Miss: 0.0297 | Val Max Gen Viol: 0.0000 | Val Max Thermal: 0.0000
Epoch 5530 | Val Loss: 16.4066 | Val Cost: 28250.19 | Val Max P-Miss: 0.0730 | Val Max Q-Miss: 0.0205 | Val Max Gen Viol: 0.0000 | Val Max Thermal: 0.0000
Epoch 5540 | Val Loss: 16.3958 | Val Cost: 28101.29 | Val Max P-Miss: 0.0945 | Val Max Q-Miss: 0.0232 | Val Max Gen Viol: 0.0000 | Val Max Thermal: 0.0000
Epoch 5550 | Val Loss: 16.4003 | Val Cost: 28149.36 | Val Max P-Miss: 0.0828 | Val Max Q-Miss: 0.0207 | Val Max Gen Viol: 0.0000 | Val Max Thermal: 0.0000
Epoch 5560 | Val Loss: 16.3937 | Val Cost: 28176.62 | Val Max P-Miss: 0.0850 | Val Max Q-Miss: 0.0209 | Val Max Gen Viol: 0.0000 | Val Max Thermal: 0.0000
Epoch 5570 | Val Loss: 16.3937 | Val Cost: 28160.32 | Val Max P-Miss: 0.0784 | Val Max Q-Miss: 0.0221 | Val Max Gen Viol: 0.0000 | Val Max Thermal: 0.0000
Epoch 5580 | Val Loss: 16.4125 | Val Cost: 28053.13 | Val Max P-Miss: 0.1051 | Val Max Q-Miss: 0.0207 | Val Max Gen Viol: 0.0000 | Val Max Thermal: 0.0000
Epoch 5590 | Val Loss: 16.4430 | Val Cost: 28170.87 | Val Max P-Miss: 0.0998 | Val Max Q-Miss: 0.0231 | Val Max Gen Viol: 0.0000 | Val Max Thermal: 0.0000
Epoch 5600 | Val Loss: 16.3909 | Val Cost: 28219.84 | Val Max P-Miss: 0.0751 | Val Max Q-Miss: 0.0205 | Val Max Gen Viol: 0.0000 | Val Max Thermal: 0.0000
Epoch 5610 | Val Loss: 16.3828 | Val Cost: 28168.69 | Val Max P-Miss: 0.0755 | Val Max Q-Miss: 0.0198 | Val Max Gen Viol: 0.0000 | Val Max Thermal: 0.0000
Epoch 5620 | Val Loss: 16.4026 | Val Cost: 28279.06 | Val Max P-Miss: 0.0789 | Val Max Q-Miss: 0.0193 | Val Max Gen Viol: 0.0000 | Val Max Thermal: 0.0000
Epoch 5630 | Val Loss: 16.4653 | Val Cost: 28123.72 | Val Max P-Miss: 0.1065 | Val Max Q-Miss: 0.0329 | Val Max Gen Viol: 0.0000 | Val Max Thermal: 0.0000
Epoch 5640 | Val Loss: 16.4479 | Val Cost: 28020.28 | Val Max P-Miss: 0.1032 | Val Max Q-Miss: 0.0353 | Val Max Gen Viol: 0.0000 | Val Max Thermal: 0.0000
Epoch 5650 | Val Loss: 16.4007 | Val Cost: 28086.65 | Val Max P-Miss: 0.1102 | Val Max Q-Miss: 0.0204 | Val Max Gen Viol: 0.0000 | Val Max Thermal: 0.0000
Epoch 5660 | Val Loss: 16.4215 | Val Cost: 28073.65 | Val Max P-Miss: 0.0857 | Val Max Q-Miss: 0.0205 | Val Max Gen Viol: 0.0000 | Val Max Thermal: 0.0000
Epoch 5670 | Val Loss: 16.3937 | Val Cost: 28191.69 | Val Max P-Miss: 0.0746 | Val Max Q-Miss: 0.0213 | Val Max Gen Viol: 0.0000 | Val Max Thermal: 0.0000
Epoch 5680 | Val Loss: 16.3942 | Val Cost: 28185.71 | Val Max P-Miss: 0.0750 | Val Max Q-Miss: 0.0210 | Val Max Gen Viol: 0.0000 | Val Max Thermal: 0.0000
Epoch 5690 | Val Loss: 16.4010 | Val Cost: 28132.57 | Val Max P-Miss: 0.0835 | Val Max Q-Miss: 0.0189 | Val Max Gen Viol: 0.0000 | Val Max Thermal: 0.0000
Epoch 5700 | Val Loss: 16.4060 | Val Cost: 28342.34 | Val Max P-Miss: 0.0754 | Val Max Q-Miss: 0.0195 | Val Max Gen Viol: 0.0000 | Val Max Thermal: 0.0000
Epoch 5710 | Val Loss: 16.3919 | Val Cost: 28236.74 | Val Max P-Miss: 0.0720 | Val Max Q-Miss: 0.0194 | Val Max Gen Viol: 0.0000 | Val Max Thermal: 0.0000
Epoch 5720 | Val Loss: 16.3981 | Val Cost: 28305.65 | Val Max P-Miss: 0.0772 | Val Max Q-Miss: 0.0185 | Val Max Gen Viol: 0.0000 | Val Max Thermal: 0.0000
Epoch 5730 | Val Loss: 16.4158 | Val Cost: 28323.78 | Val Max P-Miss: 0.0810 | Val Max Q-Miss: 0.0235 | Val Max Gen Viol: 0.0000 | Val Max Thermal: 0.0000
Epoch 5740 | Val Loss: 16.4101 | Val Cost: 28185.30 | Val Max P-Miss: 0.0931 | Val Max Q-Miss: 0.0224 | Val Max Gen Viol: 0.0000 | Val Max Thermal: 0.0000
Epoch 5750 | Val Loss: 16.4225 | Val Cost: 28400.89 | Val Max P-Miss: 0.0969 | Val Max Q-Miss: 0.0218 | Val Max Gen Viol: 0.0000 | Val Max Thermal: 0.0000
Epoch 5760 | Val Loss: 16.3994 | Val Cost: 28120.79 | Val Max P-Miss: 0.0952 | Val Max Q-Miss: 0.0211 | Val Max Gen Viol: 0.0000 | Val Max Thermal: 0.0000
Epoch 5770 | Val Loss: 16.3890 | Val Cost: 28195.56 | Val Max P-Miss: 0.0871 | Val Max Q-Miss: 0.0186 | Val Max Gen Viol: 0.0000 | Val Max Thermal: 0.0000
Epoch 5780 | Val Loss: 16.4350 | Val Cost: 28050.58 | Val Max P-Miss: 0.0907 | Val Max Q-Miss: 0.0273 | Val Max Gen Viol: 0.0000 | Val Max Thermal: 0.0000
Epoch 5790 | Val Loss: 16.4223 | Val Cost: 28168.40 | Val Max P-Miss: 0.0859 | Val Max Q-Miss: 0.0303 | Val Max Gen Viol: 0.0000 | Val Max Thermal: 0.0000
Epoch 5800 | Val Loss: 16.4134 | Val Cost: 28117.76 | Val Max P-Miss: 0.0874 | Val Max Q-Miss: 0.0202 | Val Max Gen Viol: 0.0000 | Val Max Thermal: 0.0000
Epoch 5810 | Val Loss: 16.3979 | Val Cost: 28247.99 | Val Max P-Miss: 0.0802 | Val Max Q-Miss: 0.0186 | Val Max Gen Viol: 0.0000 | Val Max Thermal: 0.0000
Epoch 5820 | Val Loss: 16.3848 | Val Cost: 28127.09 | Val Max P-Miss: 0.0778 | Val Max Q-Miss: 0.0208 | Val Max Gen Viol: 0.0000 | Val Max Thermal: 0.0000
Epoch 5830 | Val Loss: 16.3953 | Val Cost: 28120.95 | Val Max P-Miss: 0.0821 | Val Max Q-Miss: 0.0191 | Val Max Gen Viol: 0.0000 | Val Max Thermal: 0.0000
Epoch 5840 | Val Loss: 16.4375 | Val Cost: 28161.20 | Val Max P-Miss: 0.0782 | Val Max Q-Miss: 0.0262 | Val Max Gen Viol: 0.0000 | Val Max Thermal: 0.0000
Epoch 5850 | Val Loss: 16.4004 | Val Cost: 28166.58 | Val Max P-Miss: 0.0776 | Val Max Q-Miss: 0.0233 | Val Max Gen Viol: 0.0000 | Val Max Thermal: 0.0000
Epoch 5860 | Val Loss: 16.3997 | Val Cost: 28191.60 | Val Max P-Miss: 0.0822 | Val Max Q-Miss: 0.0208 | Val Max Gen Viol: 0.0000 | Val Max Thermal: 0.0000
Epoch 5870 | Val Loss: 16.3911 | Val Cost: 28178.20 | Val Max P-Miss: 0.0761 | Val Max Q-Miss: 0.0212 | Val Max Gen Viol: 0.0000 | Val Max Thermal: 0.0000
Epoch 5880 | Val Loss: 16.3892 | Val Cost: 28196.81 | Val Max P-Miss: 0.0741 | Val Max Q-Miss: 0.0202 | Val Max Gen Viol: 0.0000 | Val Max Thermal: 0.0000
Epoch 5890 | Val Loss: 16.4070 | Val Cost: 28138.86 | Val Max P-Miss: 0.0792 | Val Max Q-Miss: 0.0186 | Val Max Gen Viol: 0.0000 | Val Max Thermal: 0.0000
Epoch 5900 | Val Loss: 16.4479 | Val Cost: 28429.62 | Val Max P-Miss: 0.0863 | Val Max Q-Miss: 0.0331 | Val Max Gen Viol: 0.0000 | Val Max Thermal: 0.0000
Epoch 5910 | Val Loss: 16.4094 | Val Cost: 28159.67 | Val Max P-Miss: 0.0897 | Val Max Q-Miss: 0.0214 | Val Max Gen Viol: 0.0000 | Val Max Thermal: 0.0000
Epoch 5920 | Val Loss: 16.3987 | Val Cost: 28123.21 | Val Max P-Miss: 0.0768 | Val Max Q-Miss: 0.0224 | Val Max Gen Viol: 0.0000 | Val Max Thermal: 0.0000
Epoch 5930 | Val Loss: 16.3924 | Val Cost: 28128.86 | Val Max P-Miss: 0.0828 | Val Max Q-Miss: 0.0183 | Val Max Gen Viol: 0.0000 | Val Max Thermal: 0.0000
Epoch 5940 | Val Loss: 16.4698 | Val Cost: 28370.01 | Val Max P-Miss: 0.0914 | Val Max Q-Miss: 0.0309 | Val Max Gen Viol: 0.0000 | Val Max Thermal: 0.0000
Epoch 5950 | Val Loss: 16.4002 | Val Cost: 28073.96 | Val Max P-Miss: 0.0879 | Val Max Q-Miss: 0.0209 | Val Max Gen Viol: 0.0000 | Val Max Thermal: 0.0000
Epoch 5960 | Val Loss: 16.4048 | Val Cost: 28164.67 | Val Max P-Miss: 0.0838 | Val Max Q-Miss: 0.0199 | Val Max Gen Viol: 0.0000 | Val Max Thermal: 0.0000
Epoch 5970 | Val Loss: 16.4257 | Val Cost: 28337.94 | Val Max P-Miss: 0.0845 | Val Max Q-Miss: 0.0246 | Val Max Gen Viol: 0.0000 | Val Max Thermal: 0.0000
Epoch 5980 | Val Loss: 16.3934 | Val Cost: 28153.24 | Val Max P-Miss: 0.0748 | Val Max Q-Miss: 0.0216 | Val Max Gen Viol: 0.0000 | Val Max Thermal: 0.0000
Epoch 5990 | Val Loss: 16.3904 | Val Cost: 28176.64 | Val Max P-Miss: 0.0785 | Val Max Q-Miss: 0.0196 | Val Max Gen Viol: 0.0000 | Val Max Thermal: 0.0000
Epoch 6000 | Val Loss: 16.4126 | Val Cost: 28258.93 | Val Max P-Miss: 0.0878 | Val Max Q-Miss: 0.0178 | Val Max Gen Viol: 0.0000 | Val Max Thermal: 0.0000
Epoch 6010 | Val Loss: 16.3982 | Val Cost: 28156.26 | Val Max P-Miss: 0.0776 | Val Max Q-Miss: 0.0198 | Val Max Gen Viol: 0.0000 | Val Max Thermal: 0.0000
Epoch 6020 | Val Loss: 16.4239 | Val Cost: 28045.10 | Val Max P-Miss: 0.1213 | Val Max Q-Miss: 0.0222 | Val Max Gen Viol: 0.0000 | Val Max Thermal: 0.0000
Epoch 6030 | Val Loss: 16.4268 | Val Cost: 28287.54 | Val Max P-Miss: 0.0777 | Val Max Q-Miss: 0.0180 | Val Max Gen Viol: 0.0000 | Val Max Thermal: 0.0000
Epoch 6040 | Val Loss: 16.3961 | Val Cost: 28218.43 | Val Max P-Miss: 0.0704 | Val Max Q-Miss: 0.0184 | Val Max Gen Viol: 0.0000 | Val Max Thermal: 0.0000
Epoch 6050 | Val Loss: 16.4267 | Val Cost: 28075.14 | Val Max P-Miss: 0.0850 | Val Max Q-Miss: 0.0240 | Val Max Gen Viol: 0.0000 | Val Max Thermal: 0.0000
Epoch 6060 | Val Loss: 16.4174 | Val Cost: 28125.00 | Val Max P-Miss: 0.1007 | Val Max Q-Miss: 0.0188 | Val Max Gen Viol: 0.0000 | Val Max Thermal: 0.0000
Epoch 6070 | Val Loss: 16.3969 | Val Cost: 28182.45 | Val Max P-Miss: 0.0829 | Val Max Q-Miss: 0.0185 | Val Max Gen Viol: 0.0000 | Val Max Thermal: 0.0000
Epoch 6080 | Val Loss: 16.4005 | Val Cost: 28161.56 | Val Max P-Miss: 0.0849 | Val Max Q-Miss: 0.0190 | Val Max Gen Viol: 0.0000 | Val Max Thermal: 0.0000
Epoch 6090 | Val Loss: 16.3941 | Val Cost: 28220.95 | Val Max P-Miss: 0.0741 | Val Max Q-Miss: 0.0186 | Val Max Gen Viol: 0.0000 | Val Max Thermal: 0.0000
Epoch 6100 | Val Loss: 16.3908 | Val Cost: 28166.97 | Val Max P-Miss: 0.0799 | Val Max Q-Miss: 0.0204 | Val Max Gen Viol: 0.0000 | Val Max Thermal: 0.0000
Epoch 6110 | Val Loss: 16.4042 | Val Cost: 28281.19 | Val Max P-Miss: 0.0739 | Val Max Q-Miss: 0.0274 | Val Max Gen Viol: 0.0000 | Val Max Thermal: 0.0000
Epoch 6120 | Val Loss: 16.3954 | Val Cost: 28149.05 | Val Max P-Miss: 0.0763 | Val Max Q-Miss: 0.0182 | Val Max Gen Viol: 0.0000 | Val Max Thermal: 0.0000
Epoch 6130 | Val Loss: 16.3863 | Val Cost: 28242.88 | Val Max P-Miss: 0.0747 | Val Max Q-Miss: 0.0183 | Val Max Gen Viol: 0.0000 | Val Max Thermal: 0.0000
Epoch 6140 | Val Loss: 16.3910 | Val Cost: 28233.67 | Val Max P-Miss: 0.0771 | Val Max Q-Miss: 0.0218 | Val Max Gen Viol: 0.0000 | Val Max Thermal: 0.0000
Epoch 6150 | Val Loss: 16.4057 | Val Cost: 28270.14 | Val Max P-Miss: 0.0711 | Val Max Q-Miss: 0.0234 | Val Max Gen Viol: 0.0000 | Val Max Thermal: 0.0000
Epoch 6160 | Val Loss: 16.4118 | Val Cost: 28129.71 | Val Max P-Miss: 0.0859 | Val Max Q-Miss: 0.0279 | Val Max Gen Viol: 0.0000 | Val Max Thermal: 0.0000
Epoch 6170 | Val Loss: 16.4118 | Val Cost: 28122.41 | Val Max P-Miss: 0.0895 | Val Max Q-Miss: 0.0200 | Val Max Gen Viol: 0.0000 | Val Max Thermal: 0.0000
Epoch 6180 | Val Loss: 16.3955 | Val Cost: 28174.92 | Val Max P-Miss: 0.0757 | Val Max Q-Miss: 0.0199 | Val Max Gen Viol: 0.0000 | Val Max Thermal: 0.0000
Epoch 6190 | Val Loss: 16.3904 | Val Cost: 28178.82 | Val Max P-Miss: 0.0778 | Val Max Q-Miss: 0.0193 | Val Max Gen Viol: 0.0000 | Val Max Thermal: 0.0000
Epoch 6200 | Val Loss: 16.4026 | Val Cost: 28219.94 | Val Max P-Miss: 0.0856 | Val Max Q-Miss: 0.0175 | Val Max Gen Viol: 0.0000 | Val Max Thermal: 0.0000
Epoch 6210 | Val Loss: 16.3990 | Val Cost: 28255.83 | Val Max P-Miss: 0.0701 | Val Max Q-Miss: 0.0181 | Val Max Gen Viol: 0.0000 | Val Max Thermal: 0.0000
Epoch 6220 | Val Loss: 16.4100 | Val Cost: 28243.87 | Val Max P-Miss: 0.0780 | Val Max Q-Miss: 0.0245 | Val Max Gen Viol: 0.0000 | Val Max Thermal: 0.0000
Epoch 6230 | Val Loss: 16.4119 | Val Cost: 27958.19 | Val Max P-Miss: 0.1186 | Val Max Q-Miss: 0.0180 | Val Max Gen Viol: 0.0000 | Val Max Thermal: 0.0000
Epoch 6240 | Val Loss: 16.4003 | Val Cost: 28168.98 | Val Max P-Miss: 0.0834 | Val Max Q-Miss: 0.0192 | Val Max Gen Viol: 0.0000 | Val Max Thermal: 0.0000
Epoch 6250 | Val Loss: 16.3985 | Val Cost: 28019.55 | Val Max P-Miss: 0.0958 | Val Max Q-Miss: 0.0183 | Val Max Gen Viol: 0.0000 | Val Max Thermal: 0.0000
Epoch 6260 | Val Loss: 16.3990 | Val Cost: 28252.09 | Val Max P-Miss: 0.0762 | Val Max Q-Miss: 0.0211 | Val Max Gen Viol: 0.0000 | Val Max Thermal: 0.0000
Epoch 6270 | Val Loss: 16.4193 | Val Cost: 28162.18 | Val Max P-Miss: 0.0812 | Val Max Q-Miss: 0.0206 | Val Max Gen Viol: 0.0000 | Val Max Thermal: 0.0000
Epoch 6280 | Val Loss: 16.4063 | Val Cost: 28185.56 | Val Max P-Miss: 0.0801 | Val Max Q-Miss: 0.0250 | Val Max Gen Viol: 0.0000 | Val Max Thermal: 0.0000
Epoch 6290 | Val Loss: 16.4002 | Val Cost: 28165.89 | Val Max P-Miss: 0.0829 | Val Max Q-Miss: 0.0183 | Val Max Gen Viol: 0.0000 | Val Max Thermal: 0.0000
Epoch 6300 | Val Loss: 16.3939 | Val Cost: 28311.60 | Val Max P-Miss: 0.0738 | Val Max Q-Miss: 0.0177 | Val Max Gen Viol: 0.0000 | Val Max Thermal: 0.0000
Epoch 6310 | Val Loss: 16.3849 | Val Cost: 28211.97 | Val Max P-Miss: 0.0766 | Val Max Q-Miss: 0.0204 | Val Max Gen Viol: 0.0000 | Val Max Thermal: 0.0000
Epoch 6320 | Val Loss: 16.4257 | Val Cost: 28011.26 | Val Max P-Miss: 0.0889 | Val Max Q-Miss: 0.0213 | Val Max Gen Viol: 0.0000 | Val Max Thermal: 0.0000
Epoch 6330 | Val Loss: 16.4203 | Val Cost: 28342.75 | Val Max P-Miss: 0.0829 | Val Max Q-Miss: 0.0203 | Val Max Gen Viol: 0.0000 | Val Max Thermal: 0.0000
Epoch 6340 | Val Loss: 16.3931 | Val Cost: 28166.15 | Val Max P-Miss: 0.0759 | Val Max Q-Miss: 0.0203 | Val Max Gen Viol: 0.0000 | Val Max Thermal: 0.0000
Epoch 6350 | Val Loss: 16.3915 | Val Cost: 28198.74 | Val Max P-Miss: 0.0753 | Val Max Q-Miss: 0.0193 | Val Max Gen Viol: 0.0000 | Val Max Thermal: 0.0000
Epoch 6360 | Val Loss: 16.3953 | Val Cost: 28208.54 | Val Max P-Miss: 0.0756 | Val Max Q-Miss: 0.0184 | Val Max Gen Viol: 0.0000 | Val Max Thermal: 0.0000
Epoch 6370 | Val Loss: 16.3959 | Val Cost: 28190.13 | Val Max P-Miss: 0.0752 | Val Max Q-Miss: 0.0207 | Val Max Gen Viol: 0.0000 | Val Max Thermal: 0.0000
Epoch 6380 | Val Loss: 16.3968 | Val Cost: 28183.21 | Val Max P-Miss: 0.0730 | Val Max Q-Miss: 0.0229 | Val Max Gen Viol: 0.0000 | Val Max Thermal: 0.0000
Epoch 6390 | Val Loss: 16.4017 | Val Cost: 28047.99 | Val Max P-Miss: 0.0956 | Val Max Q-Miss: 0.0185 | Val Max Gen Viol: 0.0000 | Val Max Thermal: 0.0000
Epoch 6400 | Val Loss: 16.4182 | Val Cost: 28073.23 | Val Max P-Miss: 0.0806 | Val Max Q-Miss: 0.0259 | Val Max Gen Viol: 0.0000 | Val Max Thermal: 0.0000
Epoch 6410 | Val Loss: 16.4099 | Val Cost: 28169.56 | Val Max P-Miss: 0.0861 | Val Max Q-Miss: 0.0305 | Val Max Gen Viol: 0.0000 | Val Max Thermal: 0.0000
Epoch 6420 | Val Loss: 16.4288 | Val Cost: 28183.81 | Val Max P-Miss: 0.0885 | Val Max Q-Miss: 0.0420 | Val Max Gen Viol: 0.0000 | Val Max Thermal: 0.0000
Epoch 6430 | Val Loss: 16.4081 | Val Cost: 28094.09 | Val Max P-Miss: 0.0846 | Val Max Q-Miss: 0.0199 | Val Max Gen Viol: 0.0000 | Val Max Thermal: 0.0000
Epoch 6440 | Val Loss: 16.3875 | Val Cost: 28165.14 | Val Max P-Miss: 0.0786 | Val Max Q-Miss: 0.0182 | Val Max Gen Viol: 0.0000 | Val Max Thermal: 0.0000
Epoch 6450 | Val Loss: 16.4037 | Val Cost: 28193.03 | Val Max P-Miss: 0.0762 | Val Max Q-Miss: 0.0195 | Val Max Gen Viol: 0.0000 | Val Max Thermal: 0.0000
Epoch 6460 | Val Loss: 16.3850 | Val Cost: 28182.99 | Val Max P-Miss: 0.0755 | Val Max Q-Miss: 0.0166 | Val Max Gen Viol: 0.0000 | Val Max Thermal: 0.0000
Epoch 6470 | Val Loss: 16.3931 | Val Cost: 28240.35 | Val Max P-Miss: 0.0696 | Val Max Q-Miss: 0.0174 | Val Max Gen Viol: 0.0000 | Val Max Thermal: 0.0000
Epoch 6480 | Val Loss: 16.3893 | Val Cost: 28134.65 | Val Max P-Miss: 0.0757 | Val Max Q-Miss: 0.0174 | Val Max Gen Viol: 0.0000 | Val Max Thermal: 0.0000
Epoch 6490 | Val Loss: 16.4046 | Val Cost: 28166.75 | Val Max P-Miss: 0.0779 | Val Max Q-Miss: 0.0197 | Val Max Gen Viol: 0.0000 | Val Max Thermal: 0.0000
Epoch 6500 | Val Loss: 16.3910 | Val Cost: 28173.14 | Val Max P-Miss: 0.0752 | Val Max Q-Miss: 0.0203 | Val Max Gen Viol: 0.0000 | Val Max Thermal: 0.0000
Epoch 6510 | Val Loss: 16.3979 | Val Cost: 28326.67 | Val Max P-Miss: 0.0721 | Val Max Q-Miss: 0.0171 | Val Max Gen Viol: 0.0000 | Val Max Thermal: 0.0000
Epoch 6520 | Val Loss: 16.3962 | Val Cost: 28225.96 | Val Max P-Miss: 0.0771 | Val Max Q-Miss: 0.0169 | Val Max Gen Viol: 0.0000 | Val Max Thermal: 0.0000
Epoch 6530 | Val Loss: 16.3945 | Val Cost: 28216.17 | Val Max P-Miss: 0.0755 | Val Max Q-Miss: 0.0207 | Val Max Gen Viol: 0.0000 | Val Max Thermal: 0.0000
Epoch 6540 | Val Loss: 16.3897 | Val Cost: 28142.84 | Val Max P-Miss: 0.0724 | Val Max Q-Miss: 0.0224 | Val Max Gen Viol: 0.0000 | Val Max Thermal: 0.0000
Epoch 6550 | Val Loss: 16.3876 | Val Cost: 28218.29 | Val Max P-Miss: 0.0694 | Val Max Q-Miss: 0.0181 | Val Max Gen Viol: 0.0000 | Val Max Thermal: 0.0000
Epoch 6560 | Val Loss: 16.3874 | Val Cost: 28083.53 | Val Max P-Miss: 0.0850 | Val Max Q-Miss: 0.0180 | Val Max Gen Viol: 0.0000 | Val Max Thermal: 0.0000
Epoch 6570 | Val Loss: 16.3977 | Val Cost: 28099.62 | Val Max P-Miss: 0.1111 | Val Max Q-Miss: 0.0177 | Val Max Gen Viol: 0.0000 | Val Max Thermal: 0.0000
Epoch 6580 | Val Loss: 16.3939 | Val Cost: 28233.92 | Val Max P-Miss: 0.0792 | Val Max Q-Miss: 0.0188 | Val Max Gen Viol: 0.0000 | Val Max Thermal: 0.0000
Epoch 6590 | Val Loss: 16.3811 | Val Cost: 28184.11 | Val Max P-Miss: 0.0724 | Val Max Q-Miss: 0.0210 | Val Max Gen Viol: 0.0000 | Val Max Thermal: 0.0000
Epoch 6600 | Val Loss: 16.4307 | Val Cost: 28042.12 | Val Max P-Miss: 0.0975 | Val Max Q-Miss: 0.0201 | Val Max Gen Viol: 0.0000 | Val Max Thermal: 0.0000
Epoch 6610 | Val Loss: 16.3864 | Val Cost: 28254.58 | Val Max P-Miss: 0.0740 | Val Max Q-Miss: 0.0182 | Val Max Gen Viol: 0.0000 | Val Max Thermal: 0.0000
Epoch 6620 | Val Loss: 16.4084 | Val Cost: 28178.06 | Val Max P-Miss: 0.0712 | Val Max Q-Miss: 0.0170 | Val Max Gen Viol: 0.0000 | Val Max Thermal: 0.0000
Epoch 6630 | Val Loss: 16.4047 | Val Cost: 28033.25 | Val Max P-Miss: 0.1150 | Val Max Q-Miss: 0.0174 | Val Max Gen Viol: 0.0000 | Val Max Thermal: 0.0000
Epoch 6640 | Val Loss: 16.3880 | Val Cost: 28127.73 | Val Max P-Miss: 0.0800 | Val Max Q-Miss: 0.0184 | Val Max Gen Viol: 0.0000 | Val Max Thermal: 0.0000
Epoch 6650 | Val Loss: 16.4059 | Val Cost: 28229.65 | Val Max P-Miss: 0.0795 | Val Max Q-Miss: 0.0212 | Val Max Gen Viol: 0.0000 | Val Max Thermal: 0.0000
Epoch 6660 | Val Loss: 16.3939 | Val Cost: 28161.99 | Val Max P-Miss: 0.0783 | Val Max Q-Miss: 0.0230 | Val Max Gen Viol: 0.0000 | Val Max Thermal: 0.0000
Epoch 6670 | Val Loss: 16.3840 | Val Cost: 28205.29 | Val Max P-Miss: 0.0721 | Val Max Q-Miss: 0.0178 | Val Max Gen Viol: 0.0000 | Val Max Thermal: 0.0000
Epoch 6680 | Val Loss: 16.4053 | Val Cost: 28377.25 | Val Max P-Miss: 0.0679 | Val Max Q-Miss: 0.0169 | Val Max Gen Viol: 0.0000 | Val Max Thermal: 0.0000
Epoch 6690 | Val Loss: 16.3856 | Val Cost: 28136.39 | Val Max P-Miss: 0.0819 | Val Max Q-Miss: 0.0162 | Val Max Gen Viol: 0.0000 | Val Max Thermal: 0.0000
Epoch 6700 | Val Loss: 16.4064 | Val Cost: 28269.24 | Val Max P-Miss: 0.0751 | Val Max Q-Miss: 0.0243 | Val Max Gen Viol: 0.0000 | Val Max Thermal: 0.0000
Epoch 6710 | Val Loss: 16.4073 | Val Cost: 28352.98 | Val Max P-Miss: 0.0716 | Val Max Q-Miss: 0.0212 | Val Max Gen Viol: 0.0000 | Val Max Thermal: 0.0000
Epoch 6720 | Val Loss: 16.3945 | Val Cost: 28303.70 | Val Max P-Miss: 0.0740 | Val Max Q-Miss: 0.0164 | Val Max Gen Viol: 0.0000 | Val Max Thermal: 0.0000
Epoch 6730 | Val Loss: 16.3876 | Val Cost: 28135.91 | Val Max P-Miss: 0.0752 | Val Max Q-Miss: 0.0168 | Val Max Gen Viol: 0.0000 | Val Max Thermal: 0.0000
Epoch 6740 | Val Loss: 16.4236 | Val Cost: 28129.66 | Val Max P-Miss: 0.0913 | Val Max Q-Miss: 0.0230 | Val Max Gen Viol: 0.0000 | Val Max Thermal: 0.0000
Epoch 6750 | Val Loss: 16.4025 | Val Cost: 28121.60 | Val Max P-Miss: 0.0895 | Val Max Q-Miss: 0.0216 | Val Max Gen Viol: 0.0000 | Val Max Thermal: 0.0000
Epoch 6760 | Val Loss: 16.3937 | Val Cost: 28082.76 | Val Max P-Miss: 0.0929 | Val Max Q-Miss: 0.0173 | Val Max Gen Viol: 0.0000 | Val Max Thermal: 0.0000
Epoch 6770 | Val Loss: 16.3964 | Val Cost: 28162.08 | Val Max P-Miss: 0.0762 | Val Max Q-Miss: 0.0190 | Val Max Gen Viol: 0.0000 | Val Max Thermal: 0.0000
Epoch 6780 | Val Loss: 16.3880 | Val Cost: 28184.13 | Val Max P-Miss: 0.0741 | Val Max Q-Miss: 0.0197 | Val Max Gen Viol: 0.0000 | Val Max Thermal: 0.0000
Epoch 6790 | Val Loss: 16.3845 | Val Cost: 28232.70 | Val Max P-Miss: 0.0723 | Val Max Q-Miss: 0.0182 | Val Max Gen Viol: 0.0000 | Val Max Thermal: 0.0000
Epoch 6800 | Val Loss: 16.3892 | Val Cost: 28272.83 | Val Max P-Miss: 0.0718 | Val Max Q-Miss: 0.0167 | Val Max Gen Viol: 0.0000 | Val Max Thermal: 0.0000
Epoch 6810 | Val Loss: 16.3865 | Val Cost: 28209.60 | Val Max P-Miss: 0.0702 | Val Max Q-Miss: 0.0172 | Val Max Gen Viol: 0.0000 | Val Max Thermal: 0.0000
Epoch 6820 | Val Loss: 16.4001 | Val Cost: 28213.64 | Val Max P-Miss: 0.0766 | Val Max Q-Miss: 0.0285 | Val Max Gen Viol: 0.0000 | Val Max Thermal: 0.0000
Epoch 6830 | Val Loss: 16.3994 | Val Cost: 28065.55 | Val Max P-Miss: 0.0931 | Val Max Q-Miss: 0.0217 | Val Max Gen Viol: 0.0000 | Val Max Thermal: 0.0000
Epoch 6840 | Val Loss: 16.3922 | Val Cost: 28174.43 | Val Max P-Miss: 0.0868 | Val Max Q-Miss: 0.0206 | Val Max Gen Viol: 0.0000 | Val Max Thermal: 0.0000
Epoch 6850 | Val Loss: 16.4301 | Val Cost: 28064.83 | Val Max P-Miss: 0.0901 | Val Max Q-Miss: 0.0209 | Val Max Gen Viol: 0.0000 | Val Max Thermal: 0.0000
Epoch 6860 | Val Loss: 16.4069 | Val Cost: 28185.43 | Val Max P-Miss: 0.0935 | Val Max Q-Miss: 0.0168 | Val Max Gen Viol: 0.0000 | Val Max Thermal: 0.0000
Epoch 6870 | Val Loss: 16.4177 | Val Cost: 28079.89 | Val Max P-Miss: 0.0866 | Val Max Q-Miss: 0.0229 | Val Max Gen Viol: 0.0000 | Val Max Thermal: 0.0000
Epoch 6880 | Val Loss: 16.3896 | Val Cost: 28210.92 | Val Max P-Miss: 0.0852 | Val Max Q-Miss: 0.0167 | Val Max Gen Viol: 0.0000 | Val Max Thermal: 0.0000
Epoch 6890 | Val Loss: 16.4043 | Val Cost: 28186.52 | Val Max P-Miss: 0.0772 | Val Max Q-Miss: 0.0211 | Val Max Gen Viol: 0.0000 | Val Max Thermal: 0.0000
Epoch 6900 | Val Loss: 16.3998 | Val Cost: 28028.83 | Val Max P-Miss: 0.0879 | Val Max Q-Miss: 0.0217 | Val Max Gen Viol: 0.0000 | Val Max Thermal: 0.0000
Epoch 6910 | Val Loss: 16.4321 | Val Cost: 28053.83 | Val Max P-Miss: 0.0944 | Val Max Q-Miss: 0.0256 | Val Max Gen Viol: 0.0000 | Val Max Thermal: 0.0000
Epoch 6920 | Val Loss: 16.3899 | Val Cost: 28170.89 | Val Max P-Miss: 0.0747 | Val Max Q-Miss: 0.0212 | Val Max Gen Viol: 0.0000 | Val Max Thermal: 0.0000
Epoch 6930 | Val Loss: 16.3914 | Val Cost: 28178.55 | Val Max P-Miss: 0.0752 | Val Max Q-Miss: 0.0211 | Val Max Gen Viol: 0.0000 | Val Max Thermal: 0.0000
Epoch 6940 | Val Loss: 16.3996 | Val Cost: 28172.97 | Val Max P-Miss: 0.0879 | Val Max Q-Miss: 0.0164 | Val Max Gen Viol: 0.0000 | Val Max Thermal: 0.0000
Epoch 6950 | Val Loss: 16.3945 | Val Cost: 28185.34 | Val Max P-Miss: 0.0781 | Val Max Q-Miss: 0.0196 | Val Max Gen Viol: 0.0000 | Val Max Thermal: 0.0000
Epoch 6960 | Val Loss: 16.4077 | Val Cost: 28082.69 | Val Max P-Miss: 0.0994 | Val Max Q-Miss: 0.0205 | Val Max Gen Viol: 0.0000 | Val Max Thermal: 0.0000
Epoch 6970 | Val Loss: 16.3828 | Val Cost: 28122.48 | Val Max P-Miss: 0.0878 | Val Max Q-Miss: 0.0178 | Val Max Gen Viol: 0.0000 | Val Max Thermal: 0.0000
Epoch 6980 | Val Loss: 16.3947 | Val Cost: 28305.39 | Val Max P-Miss: 0.0727 | Val Max Q-Miss: 0.0186 | Val Max Gen Viol: 0.0000 | Val Max Thermal: 0.0000
Epoch 6990 | Val Loss: 16.3870 | Val Cost: 28181.60 | Val Max P-Miss: 0.0765 | Val Max Q-Miss: 0.0168 | Val Max Gen Viol: 0.0000 | Val Max Thermal: 0.0000
Epoch 7000 | Val Loss: 16.3924 | Val Cost: 28193.99 | Val Max P-Miss: 0.0765 | Val Max Q-Miss: 0.0199 | Val Max Gen Viol: 0.0000 | Val Max Thermal: 0.0000
Epoch 7010 | Val Loss: 16.3868 | Val Cost: 28223.62 | Val Max P-Miss: 0.0688 | Val Max Q-Miss: 0.0202 | Val Max Gen Viol: 0.0000 | Val Max Thermal: 0.0000
Epoch 7020 | Val Loss: 16.4003 | Val Cost: 28326.80 | Val Max P-Miss: 0.0669 | Val Max Q-Miss: 0.0167 | Val Max Gen Viol: 0.0000 | Val Max Thermal: 0.0000
Epoch 7030 | Val Loss: 16.3928 | Val Cost: 28126.13 | Val Max P-Miss: 0.0842 | Val Max Q-Miss: 0.0166 | Val Max Gen Viol: 0.0000 | Val Max Thermal: 0.0000
Epoch 7040 | Val Loss: 16.3909 | Val Cost: 28149.63 | Val Max P-Miss: 0.0812 | Val Max Q-Miss: 0.0181 | Val Max Gen Viol: 0.0000 | Val Max Thermal: 0.0000
Epoch 7050 | Val Loss: 16.4064 | Val Cost: 28180.00 | Val Max P-Miss: 0.0722 | Val Max Q-Miss: 0.0208 | Val Max Gen Viol: 0.0000 | Val Max Thermal: 0.0000
Epoch 7060 | Val Loss: 16.4023 | Val Cost: 28078.24 | Val Max P-Miss: 0.1143 | Val Max Q-Miss: 0.0170 | Val Max Gen Viol: 0.0000 | Val Max Thermal: 0.0000
Epoch 7070 | Val Loss: 16.3926 | Val Cost: 28179.02 | Val Max P-Miss: 0.0746 | Val Max Q-Miss: 0.0294 | Val Max Gen Viol: 0.0000 | Val Max Thermal: 0.0000
Epoch 7080 | Val Loss: 16.3847 | Val Cost: 28209.04 | Val Max P-Miss: 0.0669 | Val Max Q-Miss: 0.0182 | Val Max Gen Viol: 0.0000 | Val Max Thermal: 0.0000
Epoch 7090 | Val Loss: 16.4241 | Val Cost: 28169.73 | Val Max P-Miss: 0.1061 | Val Max Q-Miss: 0.0248 | Val Max Gen Viol: 0.0000 | Val Max Thermal: 0.0000
Epoch 7100 | Val Loss: 16.4010 | Val Cost: 28208.75 | Val Max P-Miss: 0.0753 | Val Max Q-Miss: 0.0212 | Val Max Gen Viol: 0.0000 | Val Max Thermal: 0.0000
Epoch 7110 | Val Loss: 16.3902 | Val Cost: 28084.24 | Val Max P-Miss: 0.0931 | Val Max Q-Miss: 0.0169 | Val Max Gen Viol: 0.0000 | Val Max Thermal: 0.0000
Epoch 7120 | Val Loss: 16.4264 | Val Cost: 28070.80 | Val Max P-Miss: 0.0779 | Val Max Q-Miss: 0.0192 | Val Max Gen Viol: 0.0000 | Val Max Thermal: 0.0000
Epoch 7130 | Val Loss: 16.3897 | Val Cost: 28193.03 | Val Max P-Miss: 0.0791 | Val Max Q-Miss: 0.0213 | Val Max Gen Viol: 0.0000 | Val Max Thermal: 0.0000
Epoch 7140 | Val Loss: 16.3814 | Val Cost: 28181.78 | Val Max P-Miss: 0.0758 | Val Max Q-Miss: 0.0197 | Val Max Gen Viol: 0.0000 | Val Max Thermal: 0.0000
Epoch 7150 | Val Loss: 16.3833 | Val Cost: 28099.46 | Val Max P-Miss: 0.0850 | Val Max Q-Miss: 0.0179 | Val Max Gen Viol: 0.0000 | Val Max Thermal: 0.0000
Epoch 7160 | Val Loss: 16.4088 | Val Cost: 27965.98 | Val Max P-Miss: 0.1231 | Val Max Q-Miss: 0.0166 | Val Max Gen Viol: 0.0000 | Val Max Thermal: 0.0000
Epoch 7170 | Val Loss: 16.3907 | Val Cost: 28172.36 | Val Max P-Miss: 0.0729 | Val Max Q-Miss: 0.0194 | Val Max Gen Viol: 0.0000 | Val Max Thermal: 0.0000
Epoch 7180 | Val Loss: 16.3825 | Val Cost: 28149.37 | Val Max P-Miss: 0.0779 | Val Max Q-Miss: 0.0185 | Val Max Gen Viol: 0.0000 | Val Max Thermal: 0.0000
Epoch 7190 | Val Loss: 16.4521 | Val Cost: 28343.98 | Val Max P-Miss: 0.0883 | Val Max Q-Miss: 0.0295 | Val Max Gen Viol: 0.0000 | Val Max Thermal: 0.0000
Epoch 7200 | Val Loss: 16.4265 | Val Cost: 28304.11 | Val Max P-Miss: 0.0880 | Val Max Q-Miss: 0.0230 | Val Max Gen Viol: 0.0000 | Val Max Thermal: 0.0000
Epoch 7210 | Val Loss: 16.4084 | Val Cost: 28174.56 | Val Max P-Miss: 0.0761 | Val Max Q-Miss: 0.0234 | Val Max Gen Viol: 0.0000 | Val Max Thermal: 0.0000
Epoch 7220 | Val Loss: 16.3959 | Val Cost: 28227.00 | Val Max P-Miss: 0.0707 | Val Max Q-Miss: 0.0183 | Val Max Gen Viol: 0.0000 | Val Max Thermal: 0.0000
Epoch 7230 | Val Loss: 16.3914 | Val Cost: 28111.96 | Val Max P-Miss: 0.0780 | Val Max Q-Miss: 0.0174 | Val Max Gen Viol: 0.0000 | Val Max Thermal: 0.0000
Epoch 7240 | Val Loss: 16.3955 | Val Cost: 28152.41 | Val Max P-Miss: 0.0906 | Val Max Q-Miss: 0.0183 | Val Max Gen Viol: 0.0000 | Val Max Thermal: 0.0000
Epoch 7250 | Val Loss: 16.3906 | Val Cost: 28180.73 | Val Max P-Miss: 0.0836 | Val Max Q-Miss: 0.0165 | Val Max Gen Viol: 0.0000 | Val Max Thermal: 0.0000
Epoch 7260 | Val Loss: 16.3942 | Val Cost: 28270.49 | Val Max P-Miss: 0.0782 | Val Max Q-Miss: 0.0164 | Val Max Gen Viol: 0.0000 | Val Max Thermal: 0.0000
Epoch 7270 | Val Loss: 16.4086 | Val Cost: 28041.09 | Val Max P-Miss: 0.0921 | Val Max Q-Miss: 0.0211 | Val Max Gen Viol: 0.0000 | Val Max Thermal: 0.0000
Epoch 7280 | Val Loss: 16.3843 | Val Cost: 28196.87 | Val Max P-Miss: 0.0735 | Val Max Q-Miss: 0.0183 | Val Max Gen Viol: 0.0000 | Val Max Thermal: 0.0000
Epoch 7290 | Val Loss: 16.4115 | Val Cost: 27958.87 | Val Max P-Miss: 0.0913 | Val Max Q-Miss: 0.0208 | Val Max Gen Viol: 0.0000 | Val Max Thermal: 0.0000
Epoch 7300 | Val Loss: 16.3842 | Val Cost: 28165.78 | Val Max P-Miss: 0.0777 | Val Max Q-Miss: 0.0181 | Val Max Gen Viol: 0.0000 | Val Max Thermal: 0.0000
Epoch 7310 | Val Loss: 16.3826 | Val Cost: 28170.13 | Val Max P-Miss: 0.0743 | Val Max Q-Miss: 0.0176 | Val Max Gen Viol: 0.0000 | Val Max Thermal: 0.0000
Epoch 7320 | Val Loss: 16.3825 | Val Cost: 28180.17 | Val Max P-Miss: 0.0776 | Val Max Q-Miss: 0.0178 | Val Max Gen Viol: 0.0000 | Val Max Thermal: 0.0000
Epoch 7330 | Val Loss: 16.3818 | Val Cost: 28206.94 | Val Max P-Miss: 0.0716 | Val Max Q-Miss: 0.0175 | Val Max Gen Viol: 0.0000 | Val Max Thermal: 0.0000
Epoch 7340 | Val Loss: 16.3805 | Val Cost: 28217.70 | Val Max P-Miss: 0.0717 | Val Max Q-Miss: 0.0163 | Val Max Gen Viol: 0.0000 | Val Max Thermal: 0.0000
Epoch 7350 | Val Loss: 16.3848 | Val Cost: 28161.21 | Val Max P-Miss: 0.0704 | Val Max Q-Miss: 0.0162 | Val Max Gen Viol: 0.0000 | Val Max Thermal: 0.0000
Epoch 7360 | Val Loss: 16.4255 | Val Cost: 28213.07 | Val Max P-Miss: 0.0936 | Val Max Q-Miss: 0.0261 | Val Max Gen Viol: 0.0000 | Val Max Thermal: 0.0000
Epoch 7370 | Val Loss: 16.4074 | Val Cost: 28214.52 | Val Max P-Miss: 0.0783 | Val Max Q-Miss: 0.0249 | Val Max Gen Viol: 0.0000 | Val Max Thermal: 0.0000
Epoch 7380 | Val Loss: 16.4326 | Val Cost: 28024.73 | Val Max P-Miss: 0.0892 | Val Max Q-Miss: 0.0328 | Val Max Gen Viol: 0.0000 | Val Max Thermal: 0.0000
Epoch 7390 | Val Loss: 16.3859 | Val Cost: 28221.12 | Val Max P-Miss: 0.0757 | Val Max Q-Miss: 0.0190 | Val Max Gen Viol: 0.0000 | Val Max Thermal: 0.0000
Epoch 7400 | Val Loss: 16.4254 | Val Cost: 28118.88 | Val Max P-Miss: 0.1011 | Val Max Q-Miss: 0.0208 | Val Max Gen Viol: 0.0000 | Val Max Thermal: 0.0000
Epoch 7410 | Val Loss: 16.4020 | Val Cost: 28086.43 | Val Max P-Miss: 0.1086 | Val Max Q-Miss: 0.0171 | Val Max Gen Viol: 0.0000 | Val Max Thermal: 0.0000
Epoch 7420 | Val Loss: 16.4403 | Val Cost: 28323.76 | Val Max P-Miss: 0.0832 | Val Max Q-Miss: 0.0239 | Val Max Gen Viol: 0.0000 | Val Max Thermal: 0.0000
Epoch 7430 | Val Loss: 16.4000 | Val Cost: 28167.61 | Val Max P-Miss: 0.0966 | Val Max Q-Miss: 0.0168 | Val Max Gen Viol: 0.0000 | Val Max Thermal: 0.0000
Epoch 7440 | Val Loss: 16.3992 | Val Cost: 28145.59 | Val Max P-Miss: 0.0924 | Val Max Q-Miss: 0.0161 | Val Max Gen Viol: 0.0000 | Val Max Thermal: 0.0000
Epoch 7450 | Val Loss: 16.4182 | Val Cost: 28007.82 | Val Max P-Miss: 0.0890 | Val Max Q-Miss: 0.0205 | Val Max Gen Viol: 0.0000 | Val Max Thermal: 0.0000
Epoch 7460 | Val Loss: 16.3851 | Val Cost: 28172.15 | Val Max P-Miss: 0.0891 | Val Max Q-Miss: 0.0173 | Val Max Gen Viol: 0.0000 | Val Max Thermal: 0.0000
Epoch 7470 | Val Loss: 16.3839 | Val Cost: 28217.71 | Val Max P-Miss: 0.0674 | Val Max Q-Miss: 0.0181 | Val Max Gen Viol: 0.0000 | Val Max Thermal: 0.0000
Epoch 7480 | Val Loss: 16.3956 | Val Cost: 28219.72 | Val Max P-Miss: 0.0778 | Val Max Q-Miss: 0.0228 | Val Max Gen Viol: 0.0000 | Val Max Thermal: 0.0000
Epoch 7490 | Val Loss: 16.4036 | Val Cost: 28394.14 | Val Max P-Miss: 0.0690 | Val Max Q-Miss: 0.0195 | Val Max Gen Viol: 0.0000 | Val Max Thermal: 0.0000
Epoch 7500 | Val Loss: 16.4332 | Val Cost: 28481.01 | Val Max P-Miss: 0.0799 | Val Max Q-Miss: 0.0235 | Val Max Gen Viol: 0.0000 | Val Max Thermal: 0.0000
Epoch 7510 | Val Loss: 16.3907 | Val Cost: 28179.11 | Val Max P-Miss: 0.0732 | Val Max Q-Miss: 0.0183 | Val Max Gen Viol: 0.0000 | Val Max Thermal: 0.0000
Epoch 7520 | Val Loss: 16.3883 | Val Cost: 28161.70 | Val Max P-Miss: 0.0763 | Val Max Q-Miss: 0.0188 | Val Max Gen Viol: 0.0000 | Val Max Thermal: 0.0000
Epoch 7530 | Val Loss: 16.3871 | Val Cost: 28170.84 | Val Max P-Miss: 0.0749 | Val Max Q-Miss: 0.0179 | Val Max Gen Viol: 0.0000 | Val Max Thermal: 0.0000
Epoch 7540 | Val Loss: 16.3946 | Val Cost: 28299.05 | Val Max P-Miss: 0.0695 | Val Max Q-Miss: 0.0174 | Val Max Gen Viol: 0.0000 | Val Max Thermal: 0.0000
Epoch 7550 | Val Loss: 16.3949 | Val Cost: 28285.07 | Val Max P-Miss: 0.0790 | Val Max Q-Miss: 0.0162 | Val Max Gen Viol: 0.0000 | Val Max Thermal: 0.0000
Epoch 7560 | Val Loss: 16.4011 | Val Cost: 28088.54 | Val Max P-Miss: 0.0852 | Val Max Q-Miss: 0.0219 | Val Max Gen Viol: 0.0000 | Val Max Thermal: 0.0000
Epoch 7570 | Val Loss: 16.3783 | Val Cost: 28201.24 | Val Max P-Miss: 0.0695 | Val Max Q-Miss: 0.0171 | Val Max Gen Viol: 0.0000 | Val Max Thermal: 0.0000
Epoch 7580 | Val Loss: 16.3812 | Val Cost: 28236.37 | Val Max P-Miss: 0.0684 | Val Max Q-Miss: 0.0164 | Val Max Gen Viol: 0.0000 | Val Max Thermal: 0.0000
Epoch 7590 | Val Loss: 16.4070 | Val Cost: 28171.63 | Val Max P-Miss: 0.0715 | Val Max Q-Miss: 0.0211 | Val Max Gen Viol: 0.0000 | Val Max Thermal: 0.0000
Epoch 7600 | Val Loss: 16.4070 | Val Cost: 28267.75 | Val Max P-Miss: 0.0810 | Val Max Q-Miss: 0.0230 | Val Max Gen Viol: 0.0000 | Val Max Thermal: 0.0000
Epoch 7610 | Val Loss: 16.3805 | Val Cost: 28193.52 | Val Max P-Miss: 0.0738 | Val Max Q-Miss: 0.0182 | Val Max Gen Viol: 0.0000 | Val Max Thermal: 0.0000
Epoch 7620 | Val Loss: 16.3831 | Val Cost: 28244.94 | Val Max P-Miss: 0.0713 | Val Max Q-Miss: 0.0190 | Val Max Gen Viol: 0.0000 | Val Max Thermal: 0.0000
Epoch 7630 | Val Loss: 16.3950 | Val Cost: 28312.75 | Val Max P-Miss: 0.0751 | Val Max Q-Miss: 0.0155 | Val Max Gen Viol: 0.0000 | Val Max Thermal: 0.0000
Epoch 7640 | Val Loss: 16.3962 | Val Cost: 28124.34 | Val Max P-Miss: 0.0788 | Val Max Q-Miss: 0.0168 | Val Max Gen Viol: 0.0000 | Val Max Thermal: 0.0000
Epoch 7650 | Val Loss: 16.3924 | Val Cost: 28206.55 | Val Max P-Miss: 0.0769 | Val Max Q-Miss: 0.0234 | Val Max Gen Viol: 0.0000 | Val Max Thermal: 0.0000
Epoch 7660 | Val Loss: 16.4236 | Val Cost: 28254.94 | Val Max P-Miss: 0.0787 | Val Max Q-Miss: 0.0216 | Val Max Gen Viol: 0.0000 | Val Max Thermal: 0.0000
Epoch 7670 | Val Loss: 16.3971 | Val Cost: 28239.89 | Val Max P-Miss: 0.0746 | Val Max Q-Miss: 0.0218 | Val Max Gen Viol: 0.0000 | Val Max Thermal: 0.0000
Epoch 7680 | Val Loss: 16.4067 | Val Cost: 28159.94 | Val Max P-Miss: 0.0851 | Val Max Q-Miss: 0.0200 | Val Max Gen Viol: 0.0000 | Val Max Thermal: 0.0000
Epoch 7690 | Val Loss: 16.3957 | Val Cost: 28218.84 | Val Max P-Miss: 0.0858 | Val Max Q-Miss: 0.0192 | Val Max Gen Viol: 0.0000 | Val Max Thermal: 0.0000
Epoch 7700 | Val Loss: 16.4073 | Val Cost: 28217.78 | Val Max P-Miss: 0.0859 | Val Max Q-Miss: 0.0237 | Val Max Gen Viol: 0.0000 | Val Max Thermal: 0.0000
Epoch 7710 | Val Loss: 16.3853 | Val Cost: 28191.03 | Val Max P-Miss: 0.0756 | Val Max Q-Miss: 0.0202 | Val Max Gen Viol: 0.0000 | Val Max Thermal: 0.0000
Epoch 7720 | Val Loss: 16.4339 | Val Cost: 28381.63 | Val Max P-Miss: 0.0727 | Val Max Q-Miss: 0.0204 | Val Max Gen Viol: 0.0000 | Val Max Thermal: 0.0000
Epoch 7730 | Val Loss: 16.3856 | Val Cost: 28169.64 | Val Max P-Miss: 0.0738 | Val Max Q-Miss: 0.0188 | Val Max Gen Viol: 0.0000 | Val Max Thermal: 0.0000
Epoch 7740 | Val Loss: 16.3811 | Val Cost: 28156.01 | Val Max P-Miss: 0.0801 | Val Max Q-Miss: 0.0184 | Val Max Gen Viol: 0.0000 | Val Max Thermal: 0.0000
Epoch 7750 | Val Loss: 16.3877 | Val Cost: 28222.36 | Val Max P-Miss: 0.0752 | Val Max Q-Miss: 0.0182 | Val Max Gen Viol: 0.0000 | Val Max Thermal: 0.0000
Epoch 7760 | Val Loss: 16.4011 | Val Cost: 28334.52 | Val Max P-Miss: 0.0739 | Val Max Q-Miss: 0.0184 | Val Max Gen Viol: 0.0000 | Val Max Thermal: 0.0000
Epoch 7770 | Val Loss: 16.4033 | Val Cost: 28368.83 | Val Max P-Miss: 0.0717 | Val Max Q-Miss: 0.0169 | Val Max Gen Viol: 0.0000 | Val Max Thermal: 0.0000
Epoch 7780 | Val Loss: 16.3969 | Val Cost: 28138.76 | Val Max P-Miss: 0.0872 | Val Max Q-Miss: 0.0295 | Val Max Gen Viol: 0.0000 | Val Max Thermal: 0.0000
Epoch 7790 | Val Loss: 16.4001 | Val Cost: 28180.30 | Val Max P-Miss: 0.0751 | Val Max Q-Miss: 0.0178 | Val Max Gen Viol: 0.0000 | Val Max Thermal: 0.0000
Epoch 7800 | Val Loss: 16.3864 | Val Cost: 28254.09 | Val Max P-Miss: 0.0694 | Val Max Q-Miss: 0.0170 | Val Max Gen Viol: 0.0000 | Val Max Thermal: 0.0000
Epoch 7810 | Val Loss: 16.3969 | Val Cost: 28206.83 | Val Max P-Miss: 0.0790 | Val Max Q-Miss: 0.0226 | Val Max Gen Viol: 0.0000 | Val Max Thermal: 0.0000
Epoch 7820 | Val Loss: 16.3795 | Val Cost: 28192.67 | Val Max P-Miss: 0.0691 | Val Max Q-Miss: 0.0188 | Val Max Gen Viol: 0.0000 | Val Max Thermal: 0.0000
Epoch 7830 | Val Loss: 16.3763 | Val Cost: 28167.11 | Val Max P-Miss: 0.0768 | Val Max Q-Miss: 0.0184 | Val Max Gen Viol: 0.0000 | Val Max Thermal: 0.0000 [*SAVED BEST*]
Epoch 7840 | Val Loss: 16.3842 | Val Cost: 28072.51 | Val Max P-Miss: 0.0920 | Val Max Q-Miss: 0.0172 | Val Max Gen Viol: 0.0000 | Val Max Thermal: 0.0000
Epoch 7850 | Val Loss: 16.4012 | Val Cost: 28254.55 | Val Max P-Miss: 0.0794 | Val Max Q-Miss: 0.0248 | Val Max Gen Viol: 0.0000 | Val Max Thermal: 0.0000
Epoch 7860 | Val Loss: 16.3908 | Val Cost: 28217.90 | Val Max P-Miss: 0.0700 | Val Max Q-Miss: 0.0201 | Val Max Gen Viol: 0.0000 | Val Max Thermal: 0.0000
Epoch 7870 | Val Loss: 16.4027 | Val Cost: 28279.07 | Val Max P-Miss: 0.0675 | Val Max Q-Miss: 0.0197 | Val Max Gen Viol: 0.0000 | Val Max Thermal: 0.0000
Epoch 7880 | Val Loss: 16.4017 | Val Cost: 28048.45 | Val Max P-Miss: 0.0915 | Val Max Q-Miss: 0.0203 | Val Max Gen Viol: 0.0000 | Val Max Thermal: 0.0000
Epoch 7890 | Val Loss: 16.4075 | Val Cost: 28100.86 | Val Max P-Miss: 0.1076 | Val Max Q-Miss: 0.0208 | Val Max Gen Viol: 0.0000 | Val Max Thermal: 0.0000
Epoch 7900 | Val Loss: 16.3917 | Val Cost: 28137.59 | Val Max P-Miss: 0.0693 | Val Max Q-Miss: 0.0210 | Val Max Gen Viol: 0.0000 | Val Max Thermal: 0.0000
Epoch 7910 | Val Loss: 16.4164 | Val Cost: 27982.09 | Val Max P-Miss: 0.0917 | Val Max Q-Miss: 0.0193 | Val Max Gen Viol: 0.0000 | Val Max Thermal: 0.0000
Epoch 7920 | Val Loss: 16.3846 | Val Cost: 28159.07 | Val Max P-Miss: 0.0847 | Val Max Q-Miss: 0.0161 | Val Max Gen Viol: 0.0000 | Val Max Thermal: 0.0000
Epoch 7930 | Val Loss: 16.3783 | Val Cost: 28138.27 | Val Max P-Miss: 0.0761 | Val Max Q-Miss: 0.0158 | Val Max Gen Viol: 0.0000 | Val Max Thermal: 0.0000
Epoch 7940 | Val Loss: 16.3821 | Val Cost: 28060.21 | Val Max P-Miss: 0.0853 | Val Max Q-Miss: 0.0164 | Val Max Gen Viol: 0.0000 | Val Max Thermal: 0.0000
Epoch 7950 | Val Loss: 16.3952 | Val Cost: 28256.24 | Val Max P-Miss: 0.0759 | Val Max Q-Miss: 0.0171 | Val Max Gen Viol: 0.0000 | Val Max Thermal: 0.0000
Epoch 7960 | Val Loss: 16.3919 | Val Cost: 28228.70 | Val Max P-Miss: 0.0718 | Val Max Q-Miss: 0.0230 | Val Max Gen Viol: 0.0000 | Val Max Thermal: 0.0000
Epoch 7970 | Val Loss: 16.3825 | Val Cost: 28203.95 | Val Max P-Miss: 0.0702 | Val Max Q-Miss: 0.0169 | Val Max Gen Viol: 0.0000 | Val Max Thermal: 0.0000
Epoch 7980 | Val Loss: 16.3808 | Val Cost: 28207.52 | Val Max P-Miss: 0.0708 | Val Max Q-Miss: 0.0186 | Val Max Gen Viol: 0.0000 | Val Max Thermal: 0.0000
Epoch 7990 | Val Loss: 16.3808 | Val Cost: 28227.21 | Val Max P-Miss: 0.0667 | Val Max Q-Miss: 0.0187 | Val Max Gen Viol: 0.0000 | Val Max Thermal: 0.0000
Epoch 8000 | Val Loss: 16.3991 | Val Cost: 28350.00 | Val Max P-Miss: 0.0733 | Val Max Q-Miss: 0.0156 | Val Max Gen Viol: 0.0000 | Val Max Thermal: 0.0000
Epoch 8010 | Val Loss: 16.3845 | Val Cost: 28090.16 | Val Max P-Miss: 0.0786 | Val Max Q-Miss: 0.0158 | Val Max Gen Viol: 0.0000 | Val Max Thermal: 0.0000
Epoch 8020 | Val Loss: 16.4026 | Val Cost: 28235.07 | Val Max P-Miss: 0.0720 | Val Max Q-Miss: 0.0175 | Val Max Gen Viol: 0.0000 | Val Max Thermal: 0.0000
Epoch 8030 | Val Loss: 16.3906 | Val Cost: 28155.90 | Val Max P-Miss: 0.0831 | Val Max Q-Miss: 0.0164 | Val Max Gen Viol: 0.0000 | Val Max Thermal: 0.0000
Epoch 8040 | Val Loss: 16.3904 | Val Cost: 28256.45 | Val Max P-Miss: 0.0720 | Val Max Q-Miss: 0.0153 | Val Max Gen Viol: 0.0000 | Val Max Thermal: 0.0000
Epoch 8050 | Val Loss: 16.3987 | Val Cost: 28207.08 | Val Max P-Miss: 0.0833 | Val Max Q-Miss: 0.0189 | Val Max Gen Viol: 0.0000 | Val Max Thermal: 0.0000
Epoch 8060 | Val Loss: 16.3967 | Val Cost: 28163.02 | Val Max P-Miss: 0.0772 | Val Max Q-Miss: 0.0223 | Val Max Gen Viol: 0.0000 | Val Max Thermal: 0.0000
Epoch 8070 | Val Loss: 16.4010 | Val Cost: 28197.97 | Val Max P-Miss: 0.0787 | Val Max Q-Miss: 0.0262 | Val Max Gen Viol: 0.0000 | Val Max Thermal: 0.0000
Epoch 8080 | Val Loss: 16.3996 | Val Cost: 28163.07 | Val Max P-Miss: 0.0848 | Val Max Q-Miss: 0.0284 | Val Max Gen Viol: 0.0000 | Val Max Thermal: 0.0000
Epoch 8090 | Val Loss: 16.3751 | Val Cost: 28133.60 | Val Max P-Miss: 0.0780 | Val Max Q-Miss: 0.0163 | Val Max Gen Viol: 0.0000 | Val Max Thermal: 0.0000 [*SAVED BEST*]
Epoch 8100 | Val Loss: 16.3877 | Val Cost: 28103.88 | Val Max P-Miss: 0.1022 | Val Max Q-Miss: 0.0157 | Val Max Gen Viol: 0.0000 | Val Max Thermal: 0.0000
Epoch 8110 | Val Loss: 16.3850 | Val Cost: 28108.16 | Val Max P-Miss: 0.0736 | Val Max Q-Miss: 0.0159 | Val Max Gen Viol: 0.0000 | Val Max Thermal: 0.0000
Epoch 8120 | Val Loss: 16.3897 | Val Cost: 28092.44 | Val Max P-Miss: 0.0998 | Val Max Q-Miss: 0.0158 | Val Max Gen Viol: 0.0000 | Val Max Thermal: 0.0000
Epoch 8130 | Val Loss: 16.3955 | Val Cost: 28241.69 | Val Max P-Miss: 0.0717 | Val Max Q-Miss: 0.0252 | Val Max Gen Viol: 0.0000 | Val Max Thermal: 0.0000
Epoch 8140 | Val Loss: 16.3845 | Val Cost: 28203.61 | Val Max P-Miss: 0.0761 | Val Max Q-Miss: 0.0187 | Val Max Gen Viol: 0.0000 | Val Max Thermal: 0.0000
Epoch 8150 | Val Loss: 16.3823 | Val Cost: 28174.28 | Val Max P-Miss: 0.0744 | Val Max Q-Miss: 0.0180 | Val Max Gen Viol: 0.0000 | Val Max Thermal: 0.0000
Epoch 8160 | Val Loss: 16.3843 | Val Cost: 28154.01 | Val Max P-Miss: 0.0757 | Val Max Q-Miss: 0.0179 | Val Max Gen Viol: 0.0000 | Val Max Thermal: 0.0000
Epoch 8170 | Val Loss: 16.3825 | Val Cost: 28197.83 | Val Max P-Miss: 0.0726 | Val Max Q-Miss: 0.0173 | Val Max Gen Viol: 0.0000 | Val Max Thermal: 0.0000
Epoch 8180 | Val Loss: 16.4291 | Val Cost: 27949.44 | Val Max P-Miss: 0.1042 | Val Max Q-Miss: 0.0202 | Val Max Gen Viol: 0.0000 | Val Max Thermal: 0.0000
Epoch 8190 | Val Loss: 16.4373 | Val Cost: 28385.08 | Val Max P-Miss: 0.0743 | Val Max Q-Miss: 0.0233 | Val Max Gen Viol: 0.0000 | Val Max Thermal: 0.0000
Epoch 8200 | Val Loss: 16.4102 | Val Cost: 28188.01 | Val Max P-Miss: 0.0800 | Val Max Q-Miss: 0.0282 | Val Max Gen Viol: 0.0000 | Val Max Thermal: 0.0000
Epoch 8210 | Val Loss: 16.3900 | Val Cost: 28147.81 | Val Max P-Miss: 0.0896 | Val Max Q-Miss: 0.0172 | Val Max Gen Viol: 0.0000 | Val Max Thermal: 0.0000
Epoch 8220 | Val Loss: 16.3872 | Val Cost: 28108.20 | Val Max P-Miss: 0.0984 | Val Max Q-Miss: 0.0159 | Val Max Gen Viol: 0.0000 | Val Max Thermal: 0.0000
Epoch 8230 | Val Loss: 16.3914 | Val Cost: 28203.72 | Val Max P-Miss: 0.0751 | Val Max Q-Miss: 0.0160 | Val Max Gen Viol: 0.0000 | Val Max Thermal: 0.0000
Epoch 8240 | Val Loss: 16.3938 | Val Cost: 28028.71 | Val Max P-Miss: 0.0966 | Val Max Q-Miss: 0.0175 | Val Max Gen Viol: 0.0000 | Val Max Thermal: 0.0000
Epoch 8250 | Val Loss: 16.4144 | Val Cost: 28342.90 | Val Max P-Miss: 0.0734 | Val Max Q-Miss: 0.0194 | Val Max Gen Viol: 0.0000 | Val Max Thermal: 0.0000
Epoch 8260 | Val Loss: 16.3855 | Val Cost: 28147.59 | Val Max P-Miss: 0.0770 | Val Max Q-Miss: 0.0180 | Val Max Gen Viol: 0.0000 | Val Max Thermal: 0.0000
Epoch 8270 | Val Loss: 16.3814 | Val Cost: 28197.36 | Val Max P-Miss: 0.0722 | Val Max Q-Miss: 0.0166 | Val Max Gen Viol: 0.0000 | Val Max Thermal: 0.0000
Epoch 8280 | Val Loss: 16.3911 | Val Cost: 28124.55 | Val Max P-Miss: 0.0965 | Val Max Q-Miss: 0.0162 | Val Max Gen Viol: 0.0000 | Val Max Thermal: 0.0000
Epoch 8290 | Val Loss: 16.3974 | Val Cost: 27999.56 | Val Max P-Miss: 0.0739 | Val Max Q-Miss: 0.0187 | Val Max Gen Viol: 0.0000 | Val Max Thermal: 0.0000
Epoch 8300 | Val Loss: 16.3989 | Val Cost: 28228.14 | Val Max P-Miss: 0.0743 | Val Max Q-Miss: 0.0172 | Val Max Gen Viol: 0.0000 | Val Max Thermal: 0.0000
Epoch 8310 | Val Loss: 16.3974 | Val Cost: 28135.05 | Val Max P-Miss: 0.0801 | Val Max Q-Miss: 0.0182 | Val Max Gen Viol: 0.0000 | Val Max Thermal: 0.0000
Epoch 8320 | Val Loss: 16.3894 | Val Cost: 28117.43 | Val Max P-Miss: 0.0931 | Val Max Q-Miss: 0.0155 | Val Max Gen Viol: 0.0000 | Val Max Thermal: 0.0000
Epoch 8330 | Val Loss: 16.3848 | Val Cost: 28256.20 | Val Max P-Miss: 0.0736 | Val Max Q-Miss: 0.0193 | Val Max Gen Viol: 0.0000 | Val Max Thermal: 0.0000
Epoch 8340 | Val Loss: 16.3920 | Val Cost: 28177.89 | Val Max P-Miss: 0.0979 | Val Max Q-Miss: 0.0215 | Val Max Gen Viol: 0.0000 | Val Max Thermal: 0.0000
Epoch 8350 | Val Loss: 16.3871 | Val Cost: 28189.87 | Val Max P-Miss: 0.0793 | Val Max Q-Miss: 0.0204 | Val Max Gen Viol: 0.0000 | Val Max Thermal: 0.0000
Epoch 8360 | Val Loss: 16.3823 | Val Cost: 28178.51 | Val Max P-Miss: 0.0753 | Val Max Q-Miss: 0.0195 | Val Max Gen Viol: 0.0000 | Val Max Thermal: 0.0000
Epoch 8370 | Val Loss: 16.3827 | Val Cost: 28165.27 | Val Max P-Miss: 0.0777 | Val Max Q-Miss: 0.0201 | Val Max Gen Viol: 0.0000 | Val Max Thermal: 0.0000
Epoch 8380 | Val Loss: 16.3989 | Val Cost: 28244.25 | Val Max P-Miss: 0.0737 | Val Max Q-Miss: 0.0164 | Val Max Gen Viol: 0.0000 | Val Max Thermal: 0.0000
Epoch 8390 | Val Loss: 16.3988 | Val Cost: 28255.04 | Val Max P-Miss: 0.0824 | Val Max Q-Miss: 0.0172 | Val Max Gen Viol: 0.0000 | Val Max Thermal: 0.0000
Epoch 8400 | Val Loss: 16.3907 | Val Cost: 28288.49 | Val Max P-Miss: 0.0721 | Val Max Q-Miss: 0.0162 | Val Max Gen Viol: 0.0000 | Val Max Thermal: 0.0000
Epoch 8410 | Val Loss: 16.3924 | Val Cost: 28292.66 | Val Max P-Miss: 0.0737 | Val Max Q-Miss: 0.0163 | Val Max Gen Viol: 0.0000 | Val Max Thermal: 0.0000
Epoch 8420 | Val Loss: 16.3838 | Val Cost: 28165.49 | Val Max P-Miss: 0.0705 | Val Max Q-Miss: 0.0184 | Val Max Gen Viol: 0.0000 | Val Max Thermal: 0.0000
Epoch 8430 | Val Loss: 16.4716 | Val Cost: 28281.77 | Val Max P-Miss: 0.0819 | Val Max Q-Miss: 0.0271 | Val Max Gen Viol: 0.0000 | Val Max Thermal: 0.0000
Epoch 8440 | Val Loss: 16.3849 | Val Cost: 28191.00 | Val Max P-Miss: 0.0682 | Val Max Q-Miss: 0.0176 | Val Max Gen Viol: 0.0000 | Val Max Thermal: 0.0000
Epoch 8450 | Val Loss: 16.3882 | Val Cost: 28145.52 | Val Max P-Miss: 0.0781 | Val Max Q-Miss: 0.0215 | Val Max Gen Viol: 0.0000 | Val Max Thermal: 0.0000
Epoch 8460 | Val Loss: 16.3831 | Val Cost: 28152.06 | Val Max P-Miss: 0.0790 | Val Max Q-Miss: 0.0164 | Val Max Gen Viol: 0.0000 | Val Max Thermal: 0.0000
Epoch 8470 | Val Loss: 16.4015 | Val Cost: 28262.58 | Val Max P-Miss: 0.0797 | Val Max Q-Miss: 0.0168 | Val Max Gen Viol: 0.0000 | Val Max Thermal: 0.0000
Epoch 8480 | Val Loss: 16.4355 | Val Cost: 28101.86 | Val Max P-Miss: 0.0845 | Val Max Q-Miss: 0.0314 | Val Max Gen Viol: 0.0000 | Val Max Thermal: 0.0000
Epoch 8490 | Val Loss: 16.4240 | Val Cost: 28277.24 | Val Max P-Miss: 0.0755 | Val Max Q-Miss: 0.0313 | Val Max Gen Viol: 0.0000 | Val Max Thermal: 0.0000
Epoch 8500 | Val Loss: 16.4129 | Val Cost: 28119.75 | Val Max P-Miss: 0.0765 | Val Max Q-Miss: 0.0198 | Val Max Gen Viol: 0.0000 | Val Max Thermal: 0.0000
Epoch 8510 | Val Loss: 16.3795 | Val Cost: 28162.06 | Val Max P-Miss: 0.0739 | Val Max Q-Miss: 0.0164 | Val Max Gen Viol: 0.0000 | Val Max Thermal: 0.0000
Epoch 8520 | Val Loss: 16.3786 | Val Cost: 28144.13 | Val Max P-Miss: 0.0766 | Val Max Q-Miss: 0.0166 | Val Max Gen Viol: 0.0000 | Val Max Thermal: 0.0000
Epoch 8530 | Val Loss: 16.3906 | Val Cost: 28053.60 | Val Max P-Miss: 0.1064 | Val Max Q-Miss: 0.0166 | Val Max Gen Viol: 0.0000 | Val Max Thermal: 0.0000
Epoch 8540 | Val Loss: 16.3943 | Val Cost: 28135.58 | Val Max P-Miss: 0.1053 | Val Max Q-Miss: 0.0165 | Val Max Gen Viol: 0.0000 | Val Max Thermal: 0.0000
Epoch 8550 | Val Loss: 16.4071 | Val Cost: 28148.27 | Val Max P-Miss: 0.0881 | Val Max Q-Miss: 0.0234 | Val Max Gen Viol: 0.0000 | Val Max Thermal: 0.0000
Epoch 8560 | Val Loss: 16.3978 | Val Cost: 28160.69 | Val Max P-Miss: 0.0888 | Val Max Q-Miss: 0.0231 | Val Max Gen Viol: 0.0000 | Val Max Thermal: 0.0000
Epoch 8570 | Val Loss: 16.3795 | Val Cost: 28259.68 | Val Max P-Miss: 0.0700 | Val Max Q-Miss: 0.0161 | Val Max Gen Viol: 0.0000 | Val Max Thermal: 0.0000
Epoch 8580 | Val Loss: 16.3866 | Val Cost: 28161.15 | Val Max P-Miss: 0.0709 | Val Max Q-Miss: 0.0168 | Val Max Gen Viol: 0.0000 | Val Max Thermal: 0.0000
Epoch 8590 | Val Loss: 16.3811 | Val Cost: 28149.15 | Val Max P-Miss: 0.0686 | Val Max Q-Miss: 0.0177 | Val Max Gen Viol: 0.0000 | Val Max Thermal: 0.0000
Epoch 8600 | Val Loss: 16.4133 | Val Cost: 28178.49 | Val Max P-Miss: 0.0754 | Val Max Q-Miss: 0.0338 | Val Max Gen Viol: 0.0000 | Val Max Thermal: 0.0000
Epoch 8610 | Val Loss: 16.3967 | Val Cost: 28209.79 | Val Max P-Miss: 0.0702 | Val Max Q-Miss: 0.0316 | Val Max Gen Viol: 0.0000 | Val Max Thermal: 0.0000
Epoch 8620 | Val Loss: 16.4037 | Val Cost: 28082.37 | Val Max P-Miss: 0.0918 | Val Max Q-Miss: 0.0181 | Val Max Gen Viol: 0.0000 | Val Max Thermal: 0.0000
Epoch 8630 | Val Loss: 16.4379 | Val Cost: 28002.44 | Val Max P-Miss: 0.1011 | Val Max Q-Miss: 0.0231 | Val Max Gen Viol: 0.0000 | Val Max Thermal: 0.0000
Epoch 8640 | Val Loss: 16.3779 | Val Cost: 28185.39 | Val Max P-Miss: 0.0718 | Val Max Q-Miss: 0.0180 | Val Max Gen Viol: 0.0000 | Val Max Thermal: 0.0000
Epoch 8650 | Val Loss: 16.3798 | Val Cost: 28180.96 | Val Max P-Miss: 0.0745 | Val Max Q-Miss: 0.0166 | Val Max Gen Viol: 0.0000 | Val Max Thermal: 0.0000
Epoch 8660 | Val Loss: 16.3790 | Val Cost: 28170.13 | Val Max P-Miss: 0.0737 | Val Max Q-Miss: 0.0170 | Val Max Gen Viol: 0.0000 | Val Max Thermal: 0.0000
Epoch 8670 | Val Loss: 16.3780 | Val Cost: 28181.27 | Val Max P-Miss: 0.0736 | Val Max Q-Miss: 0.0169 | Val Max Gen Viol: 0.0000 | Val Max Thermal: 0.0000
Epoch 8680 | Val Loss: 16.3957 | Val Cost: 28363.16 | Val Max P-Miss: 0.0697 | Val Max Q-Miss: 0.0153 | Val Max Gen Viol: 0.0000 | Val Max Thermal: 0.0000
Epoch 8690 | Val Loss: 16.4097 | Val Cost: 28206.64 | Val Max P-Miss: 0.0759 | Val Max Q-Miss: 0.0213 | Val Max Gen Viol: 0.0000 | Val Max Thermal: 0.0000
Epoch 8700 | Val Loss: 16.3824 | Val Cost: 28165.56 | Val Max P-Miss: 0.0745 | Val Max Q-Miss: 0.0174 | Val Max Gen Viol: 0.0000 | Val Max Thermal: 0.0000
Epoch 8710 | Val Loss: 16.3870 | Val Cost: 28154.44 | Val Max P-Miss: 0.0824 | Val Max Q-Miss: 0.0164 | Val Max Gen Viol: 0.0000 | Val Max Thermal: 0.0000
Epoch 8720 | Val Loss: 16.4039 | Val Cost: 28079.91 | Val Max P-Miss: 0.1195 | Val Max Q-Miss: 0.0157 | Val Max Gen Viol: 0.0000 | Val Max Thermal: 0.0000
Epoch 8730 | Val Loss: 16.4026 | Val Cost: 28125.48 | Val Max P-Miss: 0.0750 | Val Max Q-Miss: 0.0202 | Val Max Gen Viol: 0.0000 | Val Max Thermal: 0.0000
Epoch 8740 | Val Loss: 16.3802 | Val Cost: 28162.19 | Val Max P-Miss: 0.0731 | Val Max Q-Miss: 0.0164 | Val Max Gen Viol: 0.0000 | Val Max Thermal: 0.0000
Epoch 8750 | Val Loss: 16.3825 | Val Cost: 28169.77 | Val Max P-Miss: 0.0738 | Val Max Q-Miss: 0.0164 | Val Max Gen Viol: 0.0000 | Val Max Thermal: 0.0000
Epoch 8760 | Val Loss: 16.3799 | Val Cost: 28135.22 | Val Max P-Miss: 0.0748 | Val Max Q-Miss: 0.0163 | Val Max Gen Viol: 0.0000 | Val Max Thermal: 0.0000
Epoch 8770 | Val Loss: 16.4685 | Val Cost: 27810.87 | Val Max P-Miss: 0.0948 | Val Max Q-Miss: 0.0249 | Val Max Gen Viol: 0.0000 | Val Max Thermal: 0.0000
Epoch 8780 | Val Loss: 16.4192 | Val Cost: 28185.10 | Val Max P-Miss: 0.0961 | Val Max Q-Miss: 0.0252 | Val Max Gen Viol: 0.0000 | Val Max Thermal: 0.0000
Epoch 8790 | Val Loss: 16.3876 | Val Cost: 28233.43 | Val Max P-Miss: 0.0749 | Val Max Q-Miss: 0.0191 | Val Max Gen Viol: 0.0000 | Val Max Thermal: 0.0000
Epoch 8800 | Val Loss: 16.3850 | Val Cost: 28154.15 | Val Max P-Miss: 0.0801 | Val Max Q-Miss: 0.0191 | Val Max Gen Viol: 0.0000 | Val Max Thermal: 0.0000
Epoch 8810 | Val Loss: 16.4022 | Val Cost: 28282.49 | Val Max P-Miss: 0.0745 | Val Max Q-Miss: 0.0238 | Val Max Gen Viol: 0.0000 | Val Max Thermal: 0.0000
Epoch 8820 | Val Loss: 16.3803 | Val Cost: 28181.20 | Val Max P-Miss: 0.0713 | Val Max Q-Miss: 0.0175 | Val Max Gen Viol: 0.0000 | Val Max Thermal: 0.0000
Epoch 8830 | Val Loss: 16.3895 | Val Cost: 28205.50 | Val Max P-Miss: 0.0736 | Val Max Q-Miss: 0.0245 | Val Max Gen Viol: 0.0000 | Val Max Thermal: 0.0000
Epoch 8840 | Val Loss: 16.4029 | Val Cost: 28089.67 | Val Max P-Miss: 0.0743 | Val Max Q-Miss: 0.0182 | Val Max Gen Viol: 0.0000 | Val Max Thermal: 0.0000
Epoch 8850 | Val Loss: 16.3973 | Val Cost: 28313.97 | Val Max P-Miss: 0.0722 | Val Max Q-Miss: 0.0187 | Val Max Gen Viol: 0.0000 | Val Max Thermal: 0.0000
Epoch 8860 | Val Loss: 16.3895 | Val Cost: 28124.73 | Val Max P-Miss: 0.1121 | Val Max Q-Miss: 0.0167 | Val Max Gen Viol: 0.0000 | Val Max Thermal: 0.0000
Epoch 8870 | Val Loss: 16.3845 | Val Cost: 28122.71 | Val Max P-Miss: 0.0890 | Val Max Q-Miss: 0.0171 | Val Max Gen Viol: 0.0000 | Val Max Thermal: 0.0000
Epoch 8880 | Val Loss: 16.3925 | Val Cost: 28104.38 | Val Max P-Miss: 0.0849 | Val Max Q-Miss: 0.0201 | Val Max Gen Viol: 0.0000 | Val Max Thermal: 0.0000
Epoch 8890 | Val Loss: 16.3958 | Val Cost: 28078.52 | Val Max P-Miss: 0.0795 | Val Max Q-Miss: 0.0167 | Val Max Gen Viol: 0.0000 | Val Max Thermal: 0.0000
Epoch 8900 | Val Loss: 16.3964 | Val Cost: 28368.08 | Val Max P-Miss: 0.0744 | Val Max Q-Miss: 0.0168 | Val Max Gen Viol: 0.0000 | Val Max Thermal: 0.0000
Epoch 8910 | Val Loss: 16.3782 | Val Cost: 28197.75 | Val Max P-Miss: 0.0666 | Val Max Q-Miss: 0.0157 | Val Max Gen Viol: 0.0000 | Val Max Thermal: 0.0000
Epoch 8920 | Val Loss: 16.3806 | Val Cost: 28162.65 | Val Max P-Miss: 0.0705 | Val Max Q-Miss: 0.0184 | Val Max Gen Viol: 0.0000 | Val Max Thermal: 0.0000
Epoch 8930 | Val Loss: 16.3887 | Val Cost: 28074.19 | Val Max P-Miss: 0.0904 | Val Max Q-Miss: 0.0160 | Val Max Gen Viol: 0.0000 | Val Max Thermal: 0.0000
Epoch 8940 | Val Loss: 16.3886 | Val Cost: 28309.24 | Val Max P-Miss: 0.0711 | Val Max Q-Miss: 0.0158 | Val Max Gen Viol: 0.0000 | Val Max Thermal: 0.0000
Epoch 8950 | Val Loss: 16.4139 | Val Cost: 28081.03 | Val Max P-Miss: 0.0786 | Val Max Q-Miss: 0.0236 | Val Max Gen Viol: 0.0000 | Val Max Thermal: 0.0000
Epoch 8960 | Val Loss: 16.3986 | Val Cost: 28228.64 | Val Max P-Miss: 0.0711 | Val Max Q-Miss: 0.0193 | Val Max Gen Viol: 0.0000 | Val Max Thermal: 0.0000
Epoch 8970 | Val Loss: 16.3816 | Val Cost: 28182.76 | Val Max P-Miss: 0.0690 | Val Max Q-Miss: 0.0180 | Val Max Gen Viol: 0.0000 | Val Max Thermal: 0.0000
Epoch 8980 | Val Loss: 16.3922 | Val Cost: 28208.39 | Val Max P-Miss: 0.0733 | Val Max Q-Miss: 0.0164 | Val Max Gen Viol: 0.0000 | Val Max Thermal: 0.0000
Epoch 8990 | Val Loss: 16.3911 | Val Cost: 28208.32 | Val Max P-Miss: 0.0744 | Val Max Q-Miss: 0.0160 | Val Max Gen Viol: 0.0000 | Val Max Thermal: 0.0000
Epoch 9000 | Val Loss: 16.4010 | Val Cost: 28193.40 | Val Max P-Miss: 0.0888 | Val Max Q-Miss: 0.0177 | Val Max Gen Viol: 0.0000 | Val Max Thermal: 0.0000
Epoch 9010 | Val Loss: 16.3897 | Val Cost: 28209.14 | Val Max P-Miss: 0.0750 | Val Max Q-Miss: 0.0203 | Val Max Gen Viol: 0.0000 | Val Max Thermal: 0.0000
Epoch 9020 | Val Loss: 16.3856 | Val Cost: 28082.11 | Val Max P-Miss: 0.0702 | Val Max Q-Miss: 0.0246 | Val Max Gen Viol: 0.0000 | Val Max Thermal: 0.0000
Epoch 9030 | Val Loss: 16.3981 | Val Cost: 28160.63 | Val Max P-Miss: 0.0798 | Val Max Q-Miss: 0.0190 | Val Max Gen Viol: 0.0000 | Val Max Thermal: 0.0000
Epoch 9040 | Val Loss: 16.3910 | Val Cost: 28141.73 | Val Max P-Miss: 0.0802 | Val Max Q-Miss: 0.0173 | Val Max Gen Viol: 0.0000 | Val Max Thermal: 0.0000
Epoch 9050 | Val Loss: 16.3824 | Val Cost: 28083.68 | Val Max P-Miss: 0.0809 | Val Max Q-Miss: 0.0168 | Val Max Gen Viol: 0.0000 | Val Max Thermal: 0.0000
Epoch 9060 | Val Loss: 16.3821 | Val Cost: 28216.65 | Val Max P-Miss: 0.0696 | Val Max Q-Miss: 0.0165 | Val Max Gen Viol: 0.0000 | Val Max Thermal: 0.0000
Epoch 9070 | Val Loss: 16.3995 | Val Cost: 28247.30 | Val Max P-Miss: 0.0757 | Val Max Q-Miss: 0.0184 | Val Max Gen Viol: 0.0000 | Val Max Thermal: 0.0000
Epoch 9080 | Val Loss: 16.3864 | Val Cost: 28203.80 | Val Max P-Miss: 0.0720 | Val Max Q-Miss: 0.0190 | Val Max Gen Viol: 0.0000 | Val Max Thermal: 0.0000
Epoch 9090 | Val Loss: 16.3862 | Val Cost: 28197.12 | Val Max P-Miss: 0.0705 | Val Max Q-Miss: 0.0184 | Val Max Gen Viol: 0.0000 | Val Max Thermal: 0.0000
Epoch 9100 | Val Loss: 16.3871 | Val Cost: 28155.33 | Val Max P-Miss: 0.0779 | Val Max Q-Miss: 0.0165 | Val Max Gen Viol: 0.0000 | Val Max Thermal: 0.0000
Epoch 9110 | Val Loss: 16.3924 | Val Cost: 28097.02 | Val Max P-Miss: 0.0915 | Val Max Q-Miss: 0.0160 | Val Max Gen Viol: 0.0000 | Val Max Thermal: 0.0000
Epoch 9120 | Val Loss: 16.3832 | Val Cost: 28171.78 | Val Max P-Miss: 0.0799 | Val Max Q-Miss: 0.0162 | Val Max Gen Viol: 0.0000 | Val Max Thermal: 0.0000
Epoch 9130 | Val Loss: 16.4007 | Val Cost: 28227.23 | Val Max P-Miss: 0.0818 | Val Max Q-Miss: 0.0342 | Val Max Gen Viol: 0.0000 | Val Max Thermal: 0.0000
Epoch 9140 | Val Loss: 16.4308 | Val Cost: 28212.24 | Val Max P-Miss: 0.0828 | Val Max Q-Miss: 0.0240 | Val Max Gen Viol: 0.0000 | Val Max Thermal: 0.0000
Epoch 9150 | Val Loss: 16.3856 | Val Cost: 28155.57 | Val Max P-Miss: 0.0743 | Val Max Q-Miss: 0.0179 | Val Max Gen Viol: 0.0000 | Val Max Thermal: 0.0000
Epoch 9160 | Val Loss: 16.4109 | Val Cost: 28201.85 | Val Max P-Miss: 0.0743 | Val Max Q-Miss: 0.0232 | Val Max Gen Viol: 0.0000 | Val Max Thermal: 0.0000
Epoch 9170 | Val Loss: 16.3904 | Val Cost: 28287.14 | Val Max P-Miss: 0.0710 | Val Max Q-Miss: 0.0177 | Val Max Gen Viol: 0.0000 | Val Max Thermal: 0.0000
Epoch 9180 | Val Loss: 16.3831 | Val Cost: 28187.13 | Val Max P-Miss: 0.0786 | Val Max Q-Miss: 0.0172 | Val Max Gen Viol: 0.0000 | Val Max Thermal: 0.0000
Epoch 9190 | Val Loss: 16.4109 | Val Cost: 28278.10 | Val Max P-Miss: 0.0779 | Val Max Q-Miss: 0.0223 | Val Max Gen Viol: 0.0000 | Val Max Thermal: 0.0000
Epoch 9200 | Val Loss: 16.4008 | Val Cost: 28195.87 | Val Max P-Miss: 0.0767 | Val Max Q-Miss: 0.0162 | Val Max Gen Viol: 0.0000 | Val Max Thermal: 0.0000
Epoch 9210 | Val Loss: 16.3915 | Val Cost: 28221.35 | Val Max P-Miss: 0.0735 | Val Max Q-Miss: 0.0217 | Val Max Gen Viol: 0.0000 | Val Max Thermal: 0.0000
Epoch 9220 | Val Loss: 16.3852 | Val Cost: 28086.48 | Val Max P-Miss: 0.0832 | Val Max Q-Miss: 0.0190 | Val Max Gen Viol: 0.0000 | Val Max Thermal: 0.0000
Epoch 9230 | Val Loss: 16.3850 | Val Cost: 28282.98 | Val Max P-Miss: 0.0692 | Val Max Q-Miss: 0.0163 | Val Max Gen Viol: 0.0000 | Val Max Thermal: 0.0000
Epoch 9240 | Val Loss: 16.3817 | Val Cost: 28201.78 | Val Max P-Miss: 0.0630 | Val Max Q-Miss: 0.0167 | Val Max Gen Viol: 0.0000 | Val Max Thermal: 0.0000
Epoch 9250 | Val Loss: 16.3953 | Val Cost: 28095.21 | Val Max P-Miss: 0.0814 | Val Max Q-Miss: 0.0199 | Val Max Gen Viol: 0.0000 | Val Max Thermal: 0.0000
Epoch 9260 | Val Loss: 16.3796 | Val Cost: 28184.31 | Val Max P-Miss: 0.0699 | Val Max Q-Miss: 0.0188 | Val Max Gen Viol: 0.0000 | Val Max Thermal: 0.0000
Epoch 9270 | Val Loss: 16.3806 | Val Cost: 28085.02 | Val Max P-Miss: 0.0799 | Val Max Q-Miss: 0.0167 | Val Max Gen Viol: 0.0000 | Val Max Thermal: 0.0000
Epoch 9280 | Val Loss: 16.3814 | Val Cost: 28308.68 | Val Max P-Miss: 0.0718 | Val Max Q-Miss: 0.0154 | Val Max Gen Viol: 0.0000 | Val Max Thermal: 0.0000
Epoch 9290 | Val Loss: 16.3803 | Val Cost: 28190.77 | Val Max P-Miss: 0.0770 | Val Max Q-Miss: 0.0157 | Val Max Gen Viol: 0.0000 | Val Max Thermal: 0.0000
Epoch 9300 | Val Loss: 16.4029 | Val Cost: 28123.51 | Val Max P-Miss: 0.0814 | Val Max Q-Miss: 0.0217 | Val Max Gen Viol: 0.0000 | Val Max Thermal: 0.0000
Epoch 9310 | Val Loss: 16.4408 | Val Cost: 28236.89 | Val Max P-Miss: 0.0952 | Val Max Q-Miss: 0.0172 | Val Max Gen Viol: 0.0000 | Val Max Thermal: 0.0000
Epoch 9320 | Val Loss: 16.3763 | Val Cost: 28159.68 | Val Max P-Miss: 0.0717 | Val Max Q-Miss: 0.0176 | Val Max Gen Viol: 0.0000 | Val Max Thermal: 0.0000
Epoch 9330 | Val Loss: 16.3974 | Val Cost: 28016.26 | Val Max P-Miss: 0.1112 | Val Max Q-Miss: 0.0158 | Val Max Gen Viol: 0.0000 | Val Max Thermal: 0.0000
Epoch 9340 | Val Loss: 16.3810 | Val Cost: 28248.38 | Val Max P-Miss: 0.0714 | Val Max Q-Miss: 0.0167 | Val Max Gen Viol: 0.0000 | Val Max Thermal: 0.0000
Epoch 9350 | Val Loss: 16.4224 | Val Cost: 28047.32 | Val Max P-Miss: 0.1128 | Val Max Q-Miss: 0.0255 | Val Max Gen Viol: 0.0000 | Val Max Thermal: 0.0000
Epoch 9360 | Val Loss: 16.3967 | Val Cost: 28339.71 | Val Max P-Miss: 0.0687 | Val Max Q-Miss: 0.0209 | Val Max Gen Viol: 0.0000 | Val Max Thermal: 0.0000
Epoch 9370 | Val Loss: 16.3889 | Val Cost: 28146.24 | Val Max P-Miss: 0.0790 | Val Max Q-Miss: 0.0193 | Val Max Gen Viol: 0.0000 | Val Max Thermal: 0.0000
Epoch 9380 | Val Loss: 16.3965 | Val Cost: 28182.63 | Val Max P-Miss: 0.0775 | Val Max Q-Miss: 0.0163 | Val Max Gen Viol: 0.0000 | Val Max Thermal: 0.0000
Epoch 9390 | Val Loss: 16.4332 | Val Cost: 28144.42 | Val Max P-Miss: 0.0985 | Val Max Q-Miss: 0.0194 | Val Max Gen Viol: 0.0000 | Val Max Thermal: 0.0000
Epoch 9400 | Val Loss: 16.3812 | Val Cost: 28188.99 | Val Max P-Miss: 0.0681 | Val Max Q-Miss: 0.0188 | Val Max Gen Viol: 0.0000 | Val Max Thermal: 0.0000
Epoch 9410 | Val Loss: 16.3813 | Val Cost: 28163.30 | Val Max P-Miss: 0.0746 | Val Max Q-Miss: 0.0171 | Val Max Gen Viol: 0.0000 | Val Max Thermal: 0.0000
Epoch 9420 | Val Loss: 16.3938 | Val Cost: 28094.86 | Val Max P-Miss: 0.1049 | Val Max Q-Miss: 0.0154 | Val Max Gen Viol: 0.0000 | Val Max Thermal: 0.0000
Epoch 9430 | Val Loss: 16.4013 | Val Cost: 28240.28 | Val Max P-Miss: 0.0730 | Val Max Q-Miss: 0.0226 | Val Max Gen Viol: 0.0000 | Val Max Thermal: 0.0000
Epoch 9440 | Val Loss: 16.3880 | Val Cost: 28137.35 | Val Max P-Miss: 0.0963 | Val Max Q-Miss: 0.0161 | Val Max Gen Viol: 0.0000 | Val Max Thermal: 0.0000
Epoch 9450 | Val Loss: 16.3802 | Val Cost: 28217.37 | Val Max P-Miss: 0.0725 | Val Max Q-Miss: 0.0154 | Val Max Gen Viol: 0.0000 | Val Max Thermal: 0.0000
Epoch 9460 | Val Loss: 16.4215 | Val Cost: 27953.25 | Val Max P-Miss: 0.0879 | Val Max Q-Miss: 0.0238 | Val Max Gen Viol: 0.0000 | Val Max Thermal: 0.0000
Epoch 9470 | Val Loss: 16.3878 | Val Cost: 28104.83 | Val Max P-Miss: 0.0786 | Val Max Q-Miss: 0.0156 | Val Max Gen Viol: 0.0000 | Val Max Thermal: 0.0000
Epoch 9480 | Val Loss: 16.3919 | Val Cost: 28289.60 | Val Max P-Miss: 0.0706 | Val Max Q-Miss: 0.0171 | Val Max Gen Viol: 0.0000 | Val Max Thermal: 0.0000
Epoch 9490 | Val Loss: 16.3803 | Val Cost: 28216.61 | Val Max P-Miss: 0.0709 | Val Max Q-Miss: 0.0202 | Val Max Gen Viol: 0.0000 | Val Max Thermal: 0.0000
Epoch 9500 | Val Loss: 16.3905 | Val Cost: 28161.54 | Val Max P-Miss: 0.0827 | Val Max Q-Miss: 0.0177 | Val Max Gen Viol: 0.0000 | Val Max Thermal: 0.0000
Epoch 9510 | Val Loss: 16.3889 | Val Cost: 28178.13 | Val Max P-Miss: 0.0872 | Val Max Q-Miss: 0.0152 | Val Max Gen Viol: 0.0000 | Val Max Thermal: 0.0000
Epoch 9520 | Val Loss: 16.4059 | Val Cost: 28218.21 | Val Max P-Miss: 0.0760 | Val Max Q-Miss: 0.0203 | Val Max Gen Viol: 0.0000 | Val Max Thermal: 0.0000
Epoch 9530 | Val Loss: 16.3828 | Val Cost: 28190.12 | Val Max P-Miss: 0.0704 | Val Max Q-Miss: 0.0189 | Val Max Gen Viol: 0.0000 | Val Max Thermal: 0.0000
Epoch 9540 | Val Loss: 16.3780 | Val Cost: 28187.17 | Val Max P-Miss: 0.0698 | Val Max Q-Miss: 0.0172 | Val Max Gen Viol: 0.0000 | Val Max Thermal: 0.0000
Epoch 9550 | Val Loss: 16.3795 | Val Cost: 28166.29 | Val Max P-Miss: 0.0762 | Val Max Q-Miss: 0.0167 | Val Max Gen Viol: 0.0000 | Val Max Thermal: 0.0000
Epoch 9560 | Val Loss: 16.3817 | Val Cost: 28136.46 | Val Max P-Miss: 0.0849 | Val Max Q-Miss: 0.0157 | Val Max Gen Viol: 0.0000 | Val Max Thermal: 0.0000
Epoch 9570 | Val Loss: 16.3799 | Val Cost: 28134.80 | Val Max P-Miss: 0.0760 | Val Max Q-Miss: 0.0170 | Val Max Gen Viol: 0.0000 | Val Max Thermal: 0.0000
Epoch 9580 | Val Loss: 16.3855 | Val Cost: 28149.77 | Val Max P-Miss: 0.0780 | Val Max Q-Miss: 0.0159 | Val Max Gen Viol: 0.0000 | Val Max Thermal: 0.0000
Epoch 9590 | Val Loss: 16.4033 | Val Cost: 28161.05 | Val Max P-Miss: 0.0762 | Val Max Q-Miss: 0.0258 | Val Max Gen Viol: 0.0000 | Val Max Thermal: 0.0000
Epoch 9600 | Val Loss: 16.3931 | Val Cost: 28131.84 | Val Max P-Miss: 0.0809 | Val Max Q-Miss: 0.0203 | Val Max Gen Viol: 0.0000 | Val Max Thermal: 0.0000
Epoch 9610 | Val Loss: 16.3866 | Val Cost: 28161.66 | Val Max P-Miss: 0.0796 | Val Max Q-Miss: 0.0158 | Val Max Gen Viol: 0.0000 | Val Max Thermal: 0.0000
Epoch 9620 | Val Loss: 16.3810 | Val Cost: 28155.30 | Val Max P-Miss: 0.0789 | Val Max Q-Miss: 0.0162 | Val Max Gen Viol: 0.0000 | Val Max Thermal: 0.0000
Epoch 9630 | Val Loss: 16.3776 | Val Cost: 28198.93 | Val Max P-Miss: 0.0706 | Val Max Q-Miss: 0.0195 | Val Max Gen Viol: 0.0000 | Val Max Thermal: 0.0000
Epoch 9640 | Val Loss: 16.4344 | Val Cost: 28282.76 | Val Max P-Miss: 0.0800 | Val Max Q-Miss: 0.0222 | Val Max Gen Viol: 0.0000 | Val Max Thermal: 0.0000
Epoch 9650 | Val Loss: 16.3835 | Val Cost: 28232.27 | Val Max P-Miss: 0.0696 | Val Max Q-Miss: 0.0158 | Val Max Gen Viol: 0.0000 | Val Max Thermal: 0.0000
Epoch 9660 | Val Loss: 16.3975 | Val Cost: 28110.28 | Val Max P-Miss: 0.0874 | Val Max Q-Miss: 0.0190 | Val Max Gen Viol: 0.0000 | Val Max Thermal: 0.0000
Epoch 9670 | Val Loss: 16.3852 | Val Cost: 28273.76 | Val Max P-Miss: 0.0726 | Val Max Q-Miss: 0.0210 | Val Max Gen Viol: 0.0000 | Val Max Thermal: 0.0000
Epoch 9680 | Val Loss: 16.3827 | Val Cost: 28157.34 | Val Max P-Miss: 0.0737 | Val Max Q-Miss: 0.0177 | Val Max Gen Viol: 0.0000 | Val Max Thermal: 0.0000
Epoch 9690 | Val Loss: 16.3804 | Val Cost: 28165.20 | Val Max P-Miss: 0.0750 | Val Max Q-Miss: 0.0166 | Val Max Gen Viol: 0.0000 | Val Max Thermal: 0.0000
Epoch 9700 | Val Loss: 16.3778 | Val Cost: 28185.96 | Val Max P-Miss: 0.0685 | Val Max Q-Miss: 0.0162 | Val Max Gen Viol: 0.0000 | Val Max Thermal: 0.0000
Epoch 9710 | Val Loss: 16.3817 | Val Cost: 28159.64 | Val Max P-Miss: 0.0708 | Val Max Q-Miss: 0.0166 | Val Max Gen Viol: 0.0000 | Val Max Thermal: 0.0000
Epoch 9720 | Val Loss: 16.3928 | Val Cost: 28151.94 | Val Max P-Miss: 0.0842 | Val Max Q-Miss: 0.0168 | Val Max Gen Viol: 0.0000 | Val Max Thermal: 0.0000
Epoch 9730 | Val Loss: 16.3946 | Val Cost: 28183.42 | Val Max P-Miss: 0.0673 | Val Max Q-Miss: 0.0175 | Val Max Gen Viol: 0.0000 | Val Max Thermal: 0.0000
Epoch 9740 | Val Loss: 16.3853 | Val Cost: 28203.97 | Val Max P-Miss: 0.0731 | Val Max Q-Miss: 0.0167 | Val Max Gen Viol: 0.0000 | Val Max Thermal: 0.0000
Epoch 9750 | Val Loss: 16.4121 | Val Cost: 28308.27 | Val Max P-Miss: 0.0816 | Val Max Q-Miss: 0.0177 | Val Max Gen Viol: 0.0000 | Val Max Thermal: 0.0000
Epoch 9760 | Val Loss: 16.4080 | Val Cost: 28021.96 | Val Max P-Miss: 0.0888 | Val Max Q-Miss: 0.0208 | Val Max Gen Viol: 0.0000 | Val Max Thermal: 0.0000
Epoch 9770 | Val Loss: 16.3873 | Val Cost: 28185.82 | Val Max P-Miss: 0.0848 | Val Max Q-Miss: 0.0190 | Val Max Gen Viol: 0.0000 | Val Max Thermal: 0.0000
Epoch 9780 | Val Loss: 16.3830 | Val Cost: 28159.88 | Val Max P-Miss: 0.0717 | Val Max Q-Miss: 0.0171 | Val Max Gen Viol: 0.0000 | Val Max Thermal: 0.0000
Epoch 9790 | Val Loss: 16.3699 | Val Cost: 28184.52 | Val Max P-Miss: 0.0685 | Val Max Q-Miss: 0.0164 | Val Max Gen Viol: 0.0000 | Val Max Thermal: 0.0000 [*SAVED BEST*]
Epoch 9800 | Val Loss: 16.4107 | Val Cost: 28103.21 | Val Max P-Miss: 0.0853 | Val Max Q-Miss: 0.0186 | Val Max Gen Viol: 0.0000 | Val Max Thermal: 0.0000
Epoch 9810 | Val Loss: 16.3763 | Val Cost: 28155.88 | Val Max P-Miss: 0.0709 | Val Max Q-Miss: 0.0162 | Val Max Gen Viol: 0.0000 | Val Max Thermal: 0.0000
Epoch 9820 | Val Loss: 16.3781 | Val Cost: 28118.53 | Val Max P-Miss: 0.0770 | Val Max Q-Miss: 0.0154 | Val Max Gen Viol: 0.0000 | Val Max Thermal: 0.0000
Epoch 9830 | Val Loss: 16.3908 | Val Cost: 28264.88 | Val Max P-Miss: 0.0717 | Val Max Q-Miss: 0.0180 | Val Max Gen Viol: 0.0000 | Val Max Thermal: 0.0000
Epoch 9840 | Val Loss: 16.3875 | Val Cost: 28077.73 | Val Max P-Miss: 0.0956 | Val Max Q-Miss: 0.0162 | Val Max Gen Viol: 0.0000 | Val Max Thermal: 0.0000
Epoch 9850 | Val Loss: 16.3945 | Val Cost: 28039.61 | Val Max P-Miss: 0.0865 | Val Max Q-Miss: 0.0183 | Val Max Gen Viol: 0.0000 | Val Max Thermal: 0.0000
Epoch 9860 | Val Loss: 16.3834 | Val Cost: 28169.76 | Val Max P-Miss: 0.0740 | Val Max Q-Miss: 0.0175 | Val Max Gen Viol: 0.0000 | Val Max Thermal: 0.0000
Epoch 9870 | Val Loss: 16.3822 | Val Cost: 28232.91 | Val Max P-Miss: 0.0724 | Val Max Q-Miss: 0.0171 | Val Max Gen Viol: 0.0000 | Val Max Thermal: 0.0000
Epoch 9880 | Val Loss: 16.3940 | Val Cost: 28212.01 | Val Max P-Miss: 0.0734 | Val Max Q-Miss: 0.0174 | Val Max Gen Viol: 0.0000 | Val Max Thermal: 0.0000
Epoch 9890 | Val Loss: 16.4298 | Val Cost: 28273.02 | Val Max P-Miss: 0.0722 | Val Max Q-Miss: 0.0208 | Val Max Gen Viol: 0.0000 | Val Max Thermal: 0.0000
Epoch 9900 | Val Loss: 16.3873 | Val Cost: 28199.26 | Val Max P-Miss: 0.0739 | Val Max Q-Miss: 0.0204 | Val Max Gen Viol: 0.0000 | Val Max Thermal: 0.0000
Epoch 9910 | Val Loss: 16.3820 | Val Cost: 28188.95 | Val Max P-Miss: 0.0752 | Val Max Q-Miss: 0.0151 | Val Max Gen Viol: 0.0000 | Val Max Thermal: 0.0000
Epoch 9920 | Val Loss: 16.3800 | Val Cost: 28198.97 | Val Max P-Miss: 0.0707 | Val Max Q-Miss: 0.0151 | Val Max Gen Viol: 0.0000 | Val Max Thermal: 0.0000
Epoch 9930 | Val Loss: 16.3913 | Val Cost: 28385.50 | Val Max P-Miss: 0.0700 | Val Max Q-Miss: 0.0214 | Val Max Gen Viol: 0.0000 | Val Max Thermal: 0.0000
Epoch 9940 | Val Loss: 16.4111 | Val Cost: 28159.42 | Val Max P-Miss: 0.0793 | Val Max Q-Miss: 0.0310 | Val Max Gen Viol: 0.0000 | Val Max Thermal: 0.0000
Epoch 9950 | Val Loss: 16.3832 | Val Cost: 28194.98 | Val Max P-Miss: 0.0718 | Val Max Q-Miss: 0.0172 | Val Max Gen Viol: 0.0000 | Val Max Thermal: 0.0000
Epoch 9960 | Val Loss: 16.3839 | Val Cost: 28216.14 | Val Max P-Miss: 0.0718 | Val Max Q-Miss: 0.0166 | Val Max Gen Viol: 0.0000 | Val Max Thermal: 0.0000
Epoch 9970 | Val Loss: 16.3850 | Val Cost: 28254.65 | Val Max P-Miss: 0.0689 | Val Max Q-Miss: 0.0159 | Val Max Gen Viol: 0.0000 | Val Max Thermal: 0.0000
Epoch 9980 | Val Loss: 16.3821 | Val Cost: 28123.96 | Val Max P-Miss: 0.0694 | Val Max Q-Miss: 0.0156 | Val Max Gen Viol: 0.0000 | Val Max Thermal: 0.0000
Epoch 9990 | Val Loss: 16.3782 | Val Cost: 28222.76 | Val Max P-Miss: 0.0689 | Val Max Q-Miss: 0.0210 | Val Max Gen Viol: 0.0000 | Val Max Thermal: 0.0000

==================================================
Training Complete!
Total Training Time: 08h 44m 33.91s
Best model weights saved to: ./model/best_fsnet_model_pglib_opf_case57_ieee_10000epochs_20260721_195452.pth
==================================================

