Architecture,Raw_Max_Violation,Log_Max_Violation
PINN Baseline,0.33793634,-0.4711651
PINN Baseline,0.34939253,-0.45668638
PINN Baseline,0.3484419,-0.45786962
PINN Baseline,0.33052367,-0.48079744
PINN Baseline,0.35146636,-0.45411623
PINN Baseline,0.36601275,-0.4365038
PINN Baseline,0.33344454,-0.4769764
PINN Baseline,0.33448786,-0.47561964
PINN Baseline,0.33584446,-0.4738618
PINN Baseline,0.32352853,-0.49008742
PINN Baseline,0.36061597,-0.44295505
PINN Baseline,0.33991766,-0.46862626
PINN Baseline,0.34960347,-0.45642427
PINN Baseline,0.35716313,-0.4471334
PINN Baseline,0.3400718,-0.4684294
PINN Baseline,0.33483696,-0.47516662
PINN Baseline,0.31296092,-0.50450987
PINN Baseline,0.33437747,-0.475763
PINN Baseline,0.34011096,-0.46837938
PINN Baseline,0.3259939,-0.48679054
PINN Baseline,0.35993695,-0.44377357
PINN Baseline,0.33014894,-0.4812901
PINN Baseline,0.34957606,-0.45645833
PINN Baseline,0.33207017,-0.47877014
PINN Baseline,0.33779383,-0.4713483
PINN Baseline,0.34726954,-0.4593333
PINN Baseline,0.33167994,-0.4792808
PINN Baseline,0.360843,-0.4426817
PINN Baseline,0.36472428,-0.43803534
PINN Baseline,0.33318037,-0.47732058
PINN Baseline,0.35710734,-0.44720122
PINN Baseline,0.33682472,-0.47259605
PINN Baseline,0.3200404,-0.4947952
PINN Baseline,0.33736444,-0.4719007
PINN Baseline,0.3416944,-0.46636212
PINN Baseline,0.33424366,-0.47593683
PINN Baseline,0.3436033,-0.46394265
PINN Baseline,0.35521895,-0.44950387
PINN Baseline,0.32837808,-0.48362583
PINN Baseline,0.34180105,-0.4662266
PINN Baseline,0.34564346,-0.46137166
PINN Baseline,0.36262417,-0.44054326
PINN Baseline,0.33062333,-0.48066652
PINN Baseline,0.35947204,-0.4443349
PINN Baseline,0.32528222,-0.48773968
PINN Baseline,0.34803575,-0.45837614
PINN Baseline,0.34067696,-0.46765724
PINN Baseline,0.34012282,-0.46836424
PINN Baseline,0.36248994,-0.44070405
PINN Baseline,0.32262164,-0.4913065
PINN Baseline,0.34390408,-0.46356267
PINN Baseline,0.35775328,-0.44641638
PINN Baseline,0.37330055,-0.42794138
PINN Baseline,0.3453334,-0.46176142
PINN Baseline,0.34843475,-0.45787853
PINN Baseline,0.32847136,-0.48350248
PINN Baseline,0.35337365,-0.45176584
PINN Baseline,0.35046595,-0.45535415
PINN Baseline,0.34931254,-0.45678583
PINN Baseline,0.36784393,-0.43433642
PINN Baseline,0.3394664,-0.4692032
PINN Baseline,0.3436883,-0.46383524
PINN Baseline,0.34566057,-0.46135017
PINN Baseline,0.35273087,-0.45255652
PINN Baseline,0.36641544,-0.43602625
PINN Baseline,0.34560376,-0.46142155
PINN Baseline,0.35193974,-0.45353168
PINN Baseline,0.32945192,-0.48220795
PINN Baseline,0.3603145,-0.44331828
PINN Baseline,0.34331214,-0.46431082
PINN Baseline,0.3362397,-0.473351
PINN Baseline,0.37172526,-0.42977792
PINN Baseline,0.33105773,-0.48009628
PINN Baseline,0.33262277,-0.47804803
PINN Baseline,0.33737123,-0.47189197
PINN Baseline,0.33274692,-0.47788596
PINN Baseline,0.3485914,-0.45768335
PINN Baseline,0.3517925,-0.45371342
PINN Baseline,0.3322063,-0.47859213
PINN Baseline,0.34036672,-0.46805292
PINN Baseline,0.34800267,-0.45841742
PINN Baseline,0.30889738,-0.5101858
PINN Baseline,0.33615476,-0.47346073
PINN Baseline,0.3524198,-0.45293972
PINN Baseline,0.34996355,-0.4559772
PINN Baseline,0.33267635,-0.47797808
PINN Baseline,0.33331203,-0.477149
PINN Baseline,0.36051887,-0.443072
PINN Baseline,0.35713404,-0.44716874
PINN Baseline,0.31879133,-0.4964935
PINN Baseline,0.34177494,-0.46625978
PINN Baseline,0.34584385,-0.46111995
PINN Baseline,0.3384447,-0.47051227
PINN Baseline,0.34896958,-0.45721242
PINN Baseline,0.36100245,-0.44248986
PINN Baseline,0.34516174,-0.46197736
PINN Baseline,0.33915615,-0.4696003
PINN Baseline,0.3332711,-0.47720236
PINN Baseline,0.35023904,-0.45563546
PINN Baseline,0.3409106,-0.46735948
PINN Baseline,0.35441065,-0.45049325
PINN Baseline,0.3329684,-0.47759697
PINN Baseline,0.3436067,-0.46393836
PINN Baseline,0.36797225,-0.43418494
PINN Baseline,0.35061437,-0.4551703
PINN Baseline,0.35699105,-0.44734266
PINN Baseline,0.32651222,-0.48610055
PINN Baseline,0.34687567,-0.45982617
PINN Baseline,0.3610534,-0.44242856
PINN Baseline,0.35394812,-0.45106038
PINN Baseline,0.340783,-0.46752208
PINN Baseline,0.34755933,-0.45897105
PINN Baseline,0.34946305,-0.45659873
PINN Baseline,0.3397478,-0.46884337
PINN Baseline,0.35445172,-0.4504429
PINN Baseline,0.34971303,-0.4562882
PINN Baseline,0.3563609,-0.44810992
PINN Baseline,0.34709203,-0.45955536
PINN Baseline,0.35133255,-0.45428163
PINN Baseline,0.3332067,-0.47728625
PINN Baseline,0.35547835,-0.44918686
PINN Baseline,0.33276808,-0.47785833
PINN Baseline,0.35033804,-0.4555127
PINN Baseline,0.36511397,-0.43757156
PINN Baseline,0.32752615,-0.48475403
PINN Baseline,0.34040958,-0.46799824
PINN Baseline,0.33358407,-0.4767947
PINN Baseline,0.33462882,-0.47543666
PINN Baseline,0.35314488,-0.45204708
PINN Baseline,0.3295759,-0.48204455
PINN Baseline,0.35074997,-0.45500237
PINN Baseline,0.34888452,-0.4573183
PINN Baseline,0.34975082,-0.45624125
PINN Baseline,0.33479673,-0.4752188
PINN Baseline,0.33358234,-0.47679695
PINN Baseline,0.34496433,-0.46222582
PINN Baseline,0.33124602,-0.47984934
PINN Baseline,0.33913738,-0.46962434
PINN Baseline,0.3590744,-0.44481555
PINN Baseline,0.3400817,-0.46841675
PINN Baseline,0.36491477,-0.43780854
PINN Baseline,0.35391372,-0.45110258
PINN Baseline,0.3513515,-0.45425817
PINN Baseline,0.36104047,-0.44244412
PINN Baseline,0.35529035,-0.44941658
PINN Baseline,0.35572988,-0.44887966
PINN Baseline,0.34296823,-0.46474612
PINN Baseline,0.3425405,-0.46528807
PINN Baseline,0.32488483,-0.48827055
PINN Baseline,0.33401817,-0.4762299
PINN Baseline,0.3331344,-0.4773805
PINN Baseline,0.34806895,-0.4583347
PINN Baseline,0.34428793,-0.4630782
PINN Baseline,0.34156346,-0.4665286
PINN Baseline,0.34920025,-0.45692545
PINN Baseline,0.3624835,-0.44071177
PINN Baseline,0.3424306,-0.46542746
PINN Baseline,0.3331594,-0.47734794
PINN Baseline,0.35289073,-0.45235974
PINN Baseline,0.34673226,-0.46000576
PINN Baseline,0.33259195,-0.47808826
PINN Baseline,0.3396353,-0.46898717
PINN Baseline,0.33539045,-0.4744493
PINN Baseline,0.33722812,-0.4720762
PINN Baseline,0.3344795,-0.4756305
PINN Baseline,0.3536724,-0.45139885
PINN Baseline,0.35518444,-0.44954607
PINN Baseline,0.3435753,-0.46397808
PINN Baseline,0.35280466,-0.45246568
PINN Baseline,0.34187394,-0.466134
PINN Baseline,0.33547944,-0.4743341
PINN Baseline,0.3616007,-0.44177073
PINN Baseline,0.35622716,-0.44827297
PINN Baseline,0.34216487,-0.46576458
PINN Baseline,0.3429188,-0.4648087
PINN Baseline,0.34580898,-0.46116373
PINN Baseline,0.3430038,-0.46470106
PINN Baseline,0.34584522,-0.46111822
PINN Baseline,0.34172255,-0.46632636
PINN Baseline,0.33652854,-0.4729781
PINN Baseline,0.3345552,-0.4755322
PINN Baseline,0.35494173,-0.44984293
PINN Baseline,0.32222056,-0.49184674
PINN Baseline,0.3423077,-0.46558335
PINN Baseline,0.3425644,-0.46525776
PINN Baseline,0.33391112,-0.4763691
PINN Baseline,0.34413964,-0.4632653
PINN Baseline,0.35619438,-0.44831294
PINN Baseline,0.31506878,-0.5015946
PINN Baseline,0.34486032,-0.46235678
PINN Baseline,0.33358186,-0.47679758
PINN Baseline,0.359953,-0.44375423
PINN Baseline,0.32408088,-0.4893466
PINN Baseline,0.34247375,-0.4653727
PINN Baseline,0.34820205,-0.4581687
PINN Baseline,0.36326742,-0.43977356
PINN Baseline,0.33427966,-0.47589004
PINN Baseline,0.33636826,-0.47318497
PINN Baseline,0.3177473,-0.49791813
PINN Baseline,0.3480786,-0.45832267
PINN Baseline,0.33803725,-0.47103545
PINN Baseline,0.34441078,-0.46292326
PINN Baseline,0.3577006,-0.44648033
PINN Baseline,0.3481502,-0.45823336
PINN Baseline,0.3300779,-0.48138356
PINN Baseline,0.34864968,-0.45761073
PINN Baseline,0.32519037,-0.48786232
PINN Baseline,0.34181446,-0.46620956
PINN Baseline,0.34246302,-0.46538633
PINN Baseline,0.34527516,-0.46183467
PINN Baseline,0.35748065,-0.44674745
PINN Baseline,0.31085384,-0.5074438
PINN Baseline,0.3363511,-0.47320715
PINN Baseline,0.34493613,-0.46226132
PINN Baseline,0.35458815,-0.45027578
PINN Baseline,0.3507552,-0.45499587
PINN Baseline,0.33908886,-0.46968648
PINN Baseline,0.35724288,-0.44703642
PINN Baseline,0.34276974,-0.46499753
PINN Baseline,0.33907694,-0.46970174
PINN Baseline,0.34889644,-0.45730346
PINN Baseline,0.34626204,-0.46059513
PINN Baseline,0.3383937,-0.47057775
PINN Baseline,0.35094017,-0.45476693
PINN Baseline,0.33952254,-0.46913138
PINN Baseline,0.3377434,-0.47141314
PINN Baseline,0.35463434,-0.4502192
PINN Baseline,0.34148747,-0.46662524
PINN Baseline,0.36316532,-0.43989563
PINN Baseline,0.34786457,-0.4585898
PINN Baseline,0.338556,-0.4703695
PINN Baseline,0.3393975,-0.46929136
PINN Baseline,0.33401722,-0.47623116
PINN Baseline,0.3566587,-0.44774717
PINN Baseline,0.35810453,-0.44599018
PINN Baseline,0.32312387,-0.49063095
PINN Baseline,0.33380967,-0.47650108
PINN Baseline,0.32826382,-0.483777
PINN Baseline,0.35254347,-0.4527873
PINN Baseline,0.3525175,-0.45281935
PINN Baseline,0.35505867,-0.44969988
PINN Baseline,0.34827346,-0.45807964
PINN Baseline,0.3431989,-0.4644541
PINN Baseline,0.37667614,-0.42403188
PINN Baseline,0.34890616,-0.45729136
PINN Baseline,0.34477752,-0.46246105
PINN Baseline,0.3491953,-0.45693162
PINN Baseline,0.33190894,-0.47898105
PINN Baseline,0.33924156,-0.46949095
PINN Baseline,0.34943187,-0.45663747
PINN Baseline,0.3431517,-0.46451387
PINN Baseline,0.34698695,-0.45968685
PINN Baseline,0.3514421,-0.4541462
PINN Baseline,0.33195662,-0.47891867
PINN Baseline,0.31864464,-0.49669337
PINN Baseline,0.36014682,-0.44352043
PINN Baseline,0.34672028,-0.46002075
PINN Baseline,0.35974765,-0.44400203
PINN Baseline,0.34237581,-0.46549693
PINN Baseline,0.3409781,-0.46727353
PINN Baseline,0.3387918,-0.4700671
PINN Baseline,0.37390482,-0.42723894
PINN Baseline,0.34771812,-0.4587727
PINN Baseline,0.33859873,-0.47031468
PINN Baseline,0.35608226,-0.44844967
PINN Baseline,0.34284985,-0.46489602
PINN Baseline,0.33886272,-0.46997622
PINN Baseline,0.33831924,-0.4706733
PINN Baseline,0.3612765,-0.44216028
PINN Baseline,0.34278852,-0.46497375
PINN Baseline,0.33797157,-0.47111982
PINN Baseline,0.3381176,-0.47093222
PINN Baseline,0.3478477,-0.45861086
PINN Baseline,0.3651085,-0.43757808
PINN Baseline,0.34199935,-0.46597472
PINN Baseline,0.3414986,-0.46661106
PINN Baseline,0.3502729,-0.45559347
PINN Baseline,0.3447976,-0.46243575
PINN Baseline,0.3384096,-0.47055733
PINN Baseline,0.34681642,-0.45990035
PINN Baseline,0.35356814,-0.45152688
PINN Baseline,0.33130288,-0.47977477
PINN Baseline,0.34315008,-0.4645159
PINN Baseline,0.33964413,-0.46897587
PINN Baseline,0.35990494,-0.4438122
PINN Baseline,0.36637765,-0.43607104
PINN Baseline,0.33836412,-0.47061568
PINN Baseline,0.35221887,-0.45318738
PINN Baseline,0.36023974,-0.44340837
PINN Baseline,0.3459161,-0.46102923
PINN Baseline,0.3558845,-0.44869092
PINN Baseline,0.35194314,-0.4535275
PINN Baseline,0.3572936,-0.44697475
PINN Baseline,0.3558665,-0.44871292
PINN Baseline,0.35998642,-0.44371387
PINN Baseline,0.37018627,-0.43157968
PINN Baseline,0.3434664,-0.46411574
PINN Baseline,0.35213357,-0.45329258
PINN Baseline,0.34952664,-0.45651972
PINN Baseline,0.3454916,-0.4615625
PINN Baseline,0.35703564,-0.44728842
PINN Baseline,0.36189508,-0.4414173
PINN Baseline,0.33925277,-0.4694766
PINN Baseline,0.32700807,-0.48544154
PINN Baseline,0.34494686,-0.4622478
PINN Baseline,0.3275323,-0.4847459
PINN Baseline,0.36369717,-0.43926007
PINN Baseline,0.33423573,-0.47594714
PINN Baseline,0.3473171,-0.45927384
PINN Baseline,0.32781506,-0.4843711
PINN Baseline,0.3409469,-0.46731323
PINN Baseline,0.3431552,-0.4645094
PINN Baseline,0.3311208,-0.48001355
PINN Baseline,0.34440666,-0.46292844
PINN Baseline,0.35751694,-0.44670337
PINN Baseline,0.35127068,-0.4543581
PINN Baseline,0.34457725,-0.4627134
PINN Baseline,0.35478234,-0.45003802
PINN Baseline,0.33496034,-0.4750066
PINN Baseline,0.3554129,-0.44926682
PINN Baseline,0.34743792,-0.45912278
PINN Baseline,0.338287,-0.4707147
PINN Baseline,0.34698808,-0.45968544
PINN Baseline,0.33749413,-0.47173378
PINN Baseline,0.3447073,-0.4625495
PINN Baseline,0.35803246,-0.4460776
PINN Baseline,0.34227085,-0.46563008
PINN Baseline,0.36571336,-0.4368592
PINN Baseline,0.35133183,-0.4542825
PINN Baseline,0.35737306,-0.4468782
PINN Baseline,0.3542782,-0.45065555
PINN Baseline,0.3298813,-0.48164228
PINN Baseline,0.33614177,-0.4734775
PINN Baseline,0.33645916,-0.47306764
PINN Baseline,0.33254302,-0.47815216
PINN Baseline,0.34435362,-0.46299535
PINN Baseline,0.33600652,-0.4736523
PINN Baseline,0.35198426,-0.45347676
PINN Baseline,0.34843105,-0.45788315
PINN Baseline,0.32829595,-0.4837345
PINN Baseline,0.35253036,-0.45280346
PINN Baseline,0.3260002,-0.4867821
PINN Baseline,0.35479176,-0.45002648
PINN Baseline,0.3587001,-0.4452685
PINN Baseline,0.3400498,-0.46845746
PINN Baseline,0.36072052,-0.44282916
PINN Baseline,0.34646052,-0.46034625
PINN Baseline,0.3369648,-0.47241548
PINN Baseline,0.3473305,-0.45925707
PINN Baseline,0.35299647,-0.45222965
PINN Baseline,0.3499778,-0.45595953
PINN Baseline,0.33248115,-0.47823298
PINN Baseline,0.3379057,-0.4712045
PINN Baseline,0.3593104,-0.44453022
PINN Baseline,0.33602697,-0.47362587
PINN Baseline,0.34150147,-0.46660742
PINN Baseline,0.34820086,-0.45817018
PINN Baseline,0.34124267,-0.46693668
PINN Baseline,0.35695624,-0.447385
PINN Baseline,0.3354783,-0.47433555
PINN Baseline,0.35445803,-0.45043516
PINN Baseline,0.34606004,-0.46084854
PINN Baseline,0.34171218,-0.46633956
PINN Baseline,0.35463172,-0.45022243
PINN Baseline,0.34642798,-0.46038705
PINN Baseline,0.35538727,-0.44929814
PINN Baseline,0.34502178,-0.4621535
PINN Baseline,0.32212514,-0.4919754
PINN Baseline,0.3532393,-0.451931
PINN Baseline,0.36206335,-0.44121543
PINN Baseline,0.33278948,-0.4778304
PINN Baseline,0.3326887,-0.47796196
PINN Baseline,0.34710538,-0.45953864
PINN Baseline,0.32817042,-0.48390058
PINN Baseline,0.35669458,-0.44770348
PINN Baseline,0.33269632,-0.477952
PINN Baseline,0.33212233,-0.47870192
PINN Baseline,0.34671807,-0.46002352
PINN Baseline,0.35204387,-0.4534032
PINN Baseline,0.33733785,-0.4719349
PINN Baseline,0.3286723,-0.4832369
PINN Baseline,0.3270995,-0.48532012
PINN Baseline,0.34517998,-0.4619544
PINN Baseline,0.33511293,-0.4748088
PINN Baseline,0.3370431,-0.47231454
PINN Baseline,0.3160588,-0.5002321
PINN Baseline,0.32623053,-0.4864754
PINN Baseline,0.35176164,-0.45375153
PINN Baseline,0.34996277,-0.45597816
PINN Baseline,0.3420347,-0.46592984
PINN Baseline,0.36345345,-0.4395512
PINN Baseline,0.33529937,-0.47456726
PINN Baseline,0.33820903,-0.4708148
PINN Baseline,0.3308037,-0.48042965
PINN Baseline,0.344567,-0.46272632
PINN Baseline,0.3518265,-0.45367146
PINN Baseline,0.33190393,-0.4789876
PINN Baseline,0.34870976,-0.4575359
PINN Baseline,0.3389942,-0.4698077
PINN Baseline,0.36640102,-0.43604332
PINN Baseline,0.31894368,-0.496286
PINN Baseline,0.34769088,-0.4588067
PINN Baseline,0.35894293,-0.4449746
PINN Baseline,0.3441015,-0.46331346
PINN Baseline,0.34074438,-0.4675713
PINN Baseline,0.33802247,-0.47105443
PINN Baseline,0.3345437,-0.47554713
PINN Baseline,0.3420275,-0.465939
PINN Baseline,0.3199396,-0.494932
PINN Baseline,0.35344946,-0.45167267
PINN Baseline,0.34555423,-0.46148378
PINN Baseline,0.32777768,-0.48442063
PINN Baseline,0.33800387,-0.47107834
PINN Baseline,0.34417707,-0.46321806
PINN Baseline,0.34779048,-0.4586823
PINN Baseline,0.34553307,-0.4615104
PINN Baseline,0.34021878,-0.46824172
PINN Baseline,0.3634498,-0.43955556
PINN Baseline,0.35107505,-0.45460004
PINN Baseline,0.34050965,-0.46787056
PINN Baseline,0.34270036,-0.46508545
PINN Baseline,0.3374108,-0.471841
PINN Baseline,0.33638352,-0.47316527
PINN Baseline,0.35253143,-0.45280215
PINN Baseline,0.34105945,-0.4671699
PINN Baseline,0.3281808,-0.48388684
PINN Baseline,0.34078926,-0.4675141
PINN Baseline,0.34301507,-0.46468678
PINN Baseline,0.35859776,-0.44539243
PINN Baseline,0.36271834,-0.4404305
PINN Baseline,0.33848315,-0.47046295
PINN Baseline,0.3470245,-0.45963988
PINN Baseline,0.34524202,-0.46187633
PINN Baseline,0.32570428,-0.48717654
PINN Baseline,0.33957708,-0.46906164
PINN Baseline,0.36887437,-0.43312153
PINN Baseline,0.3457269,-0.46126682
PINN Baseline,0.34360796,-0.46393678
PINN Baseline,0.33156884,-0.4794263
PINN Baseline,0.34171784,-0.46633235
PINN Baseline,0.32860166,-0.48333025
PINN Baseline,0.34978622,-0.4561973
PINN Baseline,0.34120375,-0.4669862
PINN Baseline,0.34325016,-0.46438926
PINN Baseline,0.34946477,-0.45659658
PINN Baseline,0.3577094,-0.44646963
PINN Baseline,0.33657396,-0.4729195
PINN Baseline,0.33698457,-0.47238997
PINN Baseline,0.33910316,-0.46966815
PINN Baseline,0.34766525,-0.4588387
PINN Baseline,0.36617446,-0.43631196
PINN Baseline,0.34481537,-0.46241337
PINN Baseline,0.34350026,-0.46407294
PINN Baseline,0.3453462,-0.4617453
PINN Baseline,0.35404027,-0.45094734
PINN Baseline,0.34801954,-0.45839638
PINN Baseline,0.35545188,-0.44921917
PINN Baseline,0.34935158,-0.45673728
PINN Baseline,0.34480423,-0.4624274
PINN Baseline,0.3425299,-0.4653015
PINN Baseline,0.3334278,-0.4769982
PINN Baseline,0.3618573,-0.44146267
PINN Baseline,0.32813907,-0.48394206
PINN Baseline,0.34405506,-0.46337205
PINN Baseline,0.34974402,-0.4562497
PINN Baseline,0.35636646,-0.4481032
PINN Baseline,0.35752338,-0.44669554
PINN Baseline,0.3314361,-0.4796002
PINN Baseline,0.33980495,-0.4687703
PINN Baseline,0.35996073,-0.44374487
PINN Baseline,0.34620446,-0.46066734
PINN Baseline,0.3518979,-0.45358333
PINN Baseline,0.34757978,-0.4589455
PINN Baseline,0.34161878,-0.46645826
PINN Baseline,0.35395432,-0.45105278
PINN Baseline,0.34928972,-0.4568142
PINN Baseline,0.3445338,-0.46276817
PINN Baseline,0.35812962,-0.44595975
PINN Baseline,0.3449638,-0.46222648
PINN Baseline,0.34603834,-0.46087578
PINN Baseline,0.34439623,-0.46294162
PINN Baseline,0.3305434,-0.4807715
PINN Baseline,0.33938146,-0.4693119
PINN Baseline,0.34502625,-0.46214786
PINN Baseline,0.3450415,-0.46212864
PINN Baseline,0.35692602,-0.4474218
PINN Baseline,0.35094547,-0.45476034
PINN Baseline,0.34580976,-0.46116275
PINN Baseline,0.35460263,-0.45025805
PINN Baseline,0.34890544,-0.45729226
PINN Baseline,0.34819192,-0.45818132
PINN Baseline,0.36597347,-0.43655038
PINN Baseline,0.36055225,-0.4430318
PINN Baseline,0.3568018,-0.44757295
PINN Baseline,0.360525,-0.4430646
PINN Baseline,0.3501582,-0.45573568
PINN Baseline,0.33903956,-0.46974963
PINN Baseline,0.34128058,-0.46688843
PINN Baseline,0.35195786,-0.45350933
PINN Baseline,0.36018634,-0.44347277
PINN Baseline,0.36324453,-0.43980092
PINN Baseline,0.35295087,-0.45228574
PINN Baseline,0.35053128,-0.4552732
PINN Baseline,0.3564579,-0.44799176
PINN Baseline,0.3233279,-0.49035683
PINN Baseline,0.3609764,-0.44252118
PINN Baseline,0.34170383,-0.46635014
PINN Baseline,0.34184188,-0.46617472
PINN Baseline,0.33768427,-0.47148916
PINN Baseline,0.35368174,-0.45138735
PINN Baseline,0.3549322,-0.4498546
PINN Baseline,0.34107357,-0.46715194
PINN Baseline,0.3362218,-0.4733741
PINN Baseline,0.35285032,-0.45240948
PINN Baseline,0.3473013,-0.45929357
PINN Baseline,0.3581937,-0.44588205
PINN Baseline,0.3534345,-0.45169106
PINN Baseline,0.35168213,-0.4538497
PINN Baseline,0.3339132,-0.4763664
PINN Baseline,0.35162228,-0.4539236
PINN Baseline,0.34338558,-0.46421796
PINN Baseline,0.33784074,-0.471288
PINN Baseline,0.35925835,-0.44459313
PINN Baseline,0.3463177,-0.4605253
PINN Baseline,0.33308107,-0.47745004
PINN Baseline,0.33870655,-0.4701764
PINN Baseline,0.35163426,-0.4539088
PINN Baseline,0.3409981,-0.46724802
PINN Baseline,0.33062142,-0.48066902
PINN Baseline,0.33835638,-0.47062564
PINN Baseline,0.3556798,-0.44894078
PINN Baseline,0.34534597,-0.4617456
PINN Baseline,0.35504258,-0.44971955
PINN Baseline,0.34946436,-0.45659712
PINN Baseline,0.3404913,-0.467894
PINN Baseline,0.36718994,-0.43510923
PINN Baseline,0.3500141,-0.45591447
PINN Baseline,0.34568888,-0.4613146
PINN Baseline,0.3384055,-0.4705626
PINN Baseline,0.3543107,-0.45061573
PINN Baseline,0.34403098,-0.46340245
PINN Baseline,0.33597803,-0.4736891
PINN Baseline,0.34457576,-0.46271527
PINN Baseline,0.32458615,-0.48867002
PINN Baseline,0.33927536,-0.46944767
PINN Baseline,0.3492415,-0.45687416
PINN Baseline,0.36032867,-0.44330117
PINN Baseline,0.3421538,-0.46577865
PINN Baseline,0.3515206,-0.45404923
PINN Baseline,0.36019045,-0.4434678
PINN Baseline,0.33523524,-0.47465032
PINN Baseline,0.3464356,-0.46037748
PINN Baseline,0.35199922,-0.4534583
PINN Baseline,0.31037247,-0.5081168
PINN Baseline,0.35068673,-0.45508066
PINN Baseline,0.34277308,-0.4649933
PINN Baseline,0.3465532,-0.46023008
PINN Baseline,0.3500803,-0.4558323
PINN Baseline,0.34137356,-0.4667701
PINN Baseline,0.35382444,-0.45121217
PINN Baseline,0.35673875,-0.44764972
PINN Baseline,0.3508811,-0.45484003
PINN Baseline,0.34749115,-0.45905626
PINN Baseline,0.34201378,-0.4659564
PINN Baseline,0.35787064,-0.44627392
PINN Baseline,0.3414353,-0.46669155
PINN Baseline,0.35247713,-0.45286906
PINN Baseline,0.34962744,-0.4563945
PINN Baseline,0.35187483,-0.4536118
PINN Baseline,0.3600797,-0.44360134
PINN Baseline,0.34888822,-0.4573137
PINN Baseline,0.34262717,-0.4651782
PINN Baseline,0.35334694,-0.45179865
PINN Baseline,0.34317034,-0.46449023
PINN Baseline,0.34035963,-0.46806195
PINN Baseline,0.33872586,-0.47015163
PINN Baseline,0.34633702,-0.46050107
PINN Baseline,0.3656348,-0.43695247
PINN Baseline,0.3576116,-0.4465884
PINN Baseline,0.34591413,-0.4610317
PINN Baseline,0.34343684,-0.4641531
PINN Baseline,0.35584813,-0.4487353
PINN Baseline,0.3498965,-0.4560604
PINN Baseline,0.3389358,-0.46988258
PINN Baseline,0.33306903,-0.47746575
PINN Baseline,0.33018816,-0.4812385
PINN Baseline,0.33367574,-0.47667536
PINN Baseline,0.35407847,-0.45090047
PINN Baseline,0.3459425,-0.4609961
PINN Baseline,0.35910344,-0.44478044
PINN Baseline,0.36336476,-0.4396572
PINN Baseline,0.3419851,-0.4659928
PINN Baseline,0.34694242,-0.45974258
PINN Baseline,0.34716374,-0.45946565
PINN Baseline,0.34158087,-0.46650645
PINN Baseline,0.35762668,-0.4465701
PINN Baseline,0.3474146,-0.45915192
PINN Baseline,0.33285713,-0.47774214
PINN Baseline,0.34881437,-0.45740563
PINN Baseline,0.34361923,-0.46392253
PINN Baseline,0.3333574,-0.4770899
PINN Baseline,0.3544041,-0.45050126
PINN Baseline,0.33300072,-0.47755483
PINN Baseline,0.33730638,-0.47197545
PINN Baseline,0.34974915,-0.45624334
PINN Baseline,0.35245597,-0.45289513
PINN Baseline,0.3418336,-0.46618527
PINN Baseline,0.34598047,-0.4609484
PINN Baseline,0.34010696,-0.46838447
PINN Baseline,0.34012043,-0.46836728
PINN Baseline,0.3455608,-0.46147555
PINN Baseline,0.3556776,-0.44894347
PINN Baseline,0.34387743,-0.4635963
PINN Baseline,0.36293548,-0.44017056
PINN Baseline,0.35466754,-0.45017856
PINN Baseline,0.35342485,-0.45170292
PINN Baseline,0.3434685,-0.46411312
PINN Baseline,0.34947997,-0.45657772
PINN Baseline,0.327577,-0.4846866
PINN Baseline,0.34140134,-0.46673477
PINN Baseline,0.34333366,-0.46428362
PINN Baseline,0.3268867,-0.48560274
PINN Baseline,0.35804784,-0.44605893
PINN Baseline,0.3365304,-0.4729757
PINN Baseline,0.33771986,-0.4714434
PINN Baseline,0.3314808,-0.47954163
PINN Baseline,0.34643388,-0.46037963
PINN Baseline,0.3573627,-0.4468908
PINN Baseline,0.34180623,-0.46622002
PINN Baseline,0.33970833,-0.4688938
PINN Baseline,0.36353922,-0.43944874
PINN Baseline,0.33573192,-0.47400737
PINN Baseline,0.35012257,-0.45577988
PINN Baseline,0.33982193,-0.4687486
PINN Baseline,0.34970433,-0.456299
PINN Baseline,0.33018583,-0.48124155
PINN Baseline,0.34509826,-0.46205723
PINN Baseline,0.32929933,-0.48240915
PINN Baseline,0.3476954,-0.45880103
PINN Baseline,0.3373657,-0.4718991
PINN Baseline,0.34460658,-0.46267644
PINN Baseline,0.33110374,-0.4800359
PINN Baseline,0.36036497,-0.44325742
PINN Baseline,0.35926366,-0.44458672
PINN Baseline,0.33704704,-0.47230947
PINN Baseline,0.34472013,-0.46253335
PINN Baseline,0.36664963,-0.43574876
PINN Baseline,0.3524658,-0.452883
PINN Baseline,0.32148212,-0.49284318
PINN Baseline,0.3327431,-0.47789094
PINN Baseline,0.33333176,-0.4771233
PINN Baseline,0.34351027,-0.46406028
PINN Baseline,0.32642436,-0.48621744
PINN Baseline,0.35797757,-0.4461442
PINN Baseline,0.36427885,-0.43856603
PINN Baseline,0.35779524,-0.44636545
PINN Baseline,0.3306837,-0.4805872
PINN Baseline,0.35442215,-0.45047915
PINN Baseline,0.34967464,-0.45633587
PINN Baseline,0.35234916,-0.45302677
PINN Baseline,0.35773844,-0.4464344
PINN Baseline,0.34365815,-0.46387336
PINN Baseline,0.34474874,-0.46249732
PINN Baseline,0.34466362,-0.46260455
PINN Baseline,0.35504198,-0.4497203
PINN Baseline,0.3522393,-0.45316216
PINN Baseline,0.33801872,-0.47105926
PINN Baseline,0.3430938,-0.46458712
PINN Baseline,0.3418488,-0.46616596
PINN Baseline,0.3438521,-0.46362832
PINN Baseline,0.33360356,-0.47676933
PINN Baseline,0.3544587,-0.4504344
PINN Baseline,0.35152417,-0.4540448
PINN Baseline,0.36197728,-0.4413187
PINN Baseline,0.36461657,-0.4381636
PINN Baseline,0.35377306,-0.45127526
PINN Baseline,0.33578366,-0.47394043
PINN Baseline,0.35702068,-0.44730663
PINN Baseline,0.35320145,-0.45197752
PINN Baseline,0.3370571,-0.4722965
PINN Baseline,0.34618825,-0.46068767
PINN Baseline,0.34944445,-0.45662186
PINN Baseline,0.33498263,-0.4749777
PINN Baseline,0.35099423,-0.45470002
PINN Baseline,0.3466785,-0.46007308
PINN Baseline,0.36398447,-0.43891716
PINN Baseline,0.3387457,-0.47012618
PINN Baseline,0.34270835,-0.4650753
PINN Baseline,0.33808285,-0.47097686
PINN Baseline,0.34326982,-0.46436438
PINN Baseline,0.34337485,-0.46423152
PINN Baseline,0.33190364,-0.478988
PINN Baseline,0.37022573,-0.4315334
PINN Baseline,0.35965365,-0.44411552
PINN Baseline,0.3461948,-0.46067944
PINN Baseline,0.36387002,-0.4390537
PINN Baseline,0.34154433,-0.4665529
PINN Baseline,0.34151292,-0.46659288
PINN Baseline,0.3507148,-0.4550459
PINN Baseline,0.34159642,-0.4664867
PINN Baseline,0.35386956,-0.4511568
PINN Baseline,0.34663194,-0.4601314
PINN Baseline,0.34849066,-0.45780885
PINN Baseline,0.32791245,-0.48424208
PINN Baseline,0.35946387,-0.44434476
PINN Baseline,0.34690714,-0.45978677
PINN Baseline,0.3437373,-0.46377334
PINN Baseline,0.3254689,-0.4874905
PINN Baseline,0.3501718,-0.45571882
PINN Baseline,0.34768337,-0.45881608
PINN Baseline,0.33558673,-0.4741952
PINN Baseline,0.35163808,-0.4539041
PINN Baseline,0.35650307,-0.4479367
PINN Baseline,0.33889174,-0.46993902
PINN Baseline,0.33761817,-0.4715742
PINN Baseline,0.358406,-0.4456247
PINN Baseline,0.34508413,-0.46207502
PINN Baseline,0.3320303,-0.4788223
PINN Baseline,0.3317961,-0.47912872
PINN Baseline,0.37161875,-0.42990237
PINN Baseline,0.356911,-0.44744006
PINN Baseline,0.33638138,-0.47316805
PINN Baseline,0.34336877,-0.4642392
PINN Baseline,0.3515699,-0.4539883
PINN Baseline,0.35145128,-0.45413488
PINN Baseline,0.34322655,-0.46441913
PINN Baseline,0.3529607,-0.45227364
PINN Baseline,0.33212382,-0.47869998
PINN Baseline,0.34290707,-0.46482357
PINN Baseline,0.3372323,-0.47207084
PINN Baseline,0.33335823,-0.4770888
PINN Baseline,0.3577665,-0.4464003
PINN Baseline,0.33564627,-0.47411817
PINN Baseline,0.34692836,-0.4597602
PINN Baseline,0.3342538,-0.47592366
PINN Baseline,0.33848852,-0.47045606
PINN Baseline,0.34833276,-0.45800567
PINN Baseline,0.340658,-0.4676814
PINN Baseline,0.35276943,-0.45250905
PINN Baseline,0.3424589,-0.46539155
PINN Baseline,0.3367293,-0.4727191
PINN Baseline,0.34195095,-0.46603617
PINN Baseline,0.34027368,-0.46817166
PINN Baseline,0.33149683,-0.47952062
PINN Baseline,0.34990644,-0.45604807
PINN Baseline,0.3582422,-0.44582325
PINN Baseline,0.33837128,-0.4706065
PINN Baseline,0.3283574,-0.4836532
PINN Baseline,0.32901895,-0.4827791
PINN Baseline,0.35074717,-0.45500582
PINN Baseline,0.3363083,-0.4732624
PINN Baseline,0.330361,-0.4810112
PINN Baseline,0.35105282,-0.45462754
PINN Baseline,0.35509342,-0.44965738
PINN Baseline,0.33512974,-0.47478703
PINN Baseline,0.34489512,-0.46231294
PINN Baseline,0.33404166,-0.47619936
PINN Baseline,0.34497517,-0.46221215
PINN Baseline,0.34750026,-0.45904487
PINN Baseline,0.35722452,-0.44705874
PINN Baseline,0.34824044,-0.4581208
PINN Baseline,0.3552674,-0.44944462
PINN Baseline,0.33727837,-0.4720115
PINN Baseline,0.35202724,-0.45342374
PINN Baseline,0.37638927,-0.42436278
PINN Baseline,0.33637053,-0.47318205
PINN Baseline,0.34889692,-0.45730287
PINN Baseline,0.34269398,-0.46509352
PINN Baseline,0.34370965,-0.46380827
PINN Baseline,0.35514784,-0.44959083
PINN Baseline,0.3535363,-0.45156598
PINN Baseline,0.3513466,-0.45426422
PINN Baseline,0.3453232,-0.46177423
PINN Baseline,0.3232404,-0.49047437
PINN Baseline,0.35979903,-0.44394
PINN Baseline,0.3484519,-0.45785716
PINN Baseline,0.334544,-0.47554675
PINN Baseline,0.36571556,-0.43685657
PINN Baseline,0.3433593,-0.4642512
PINN Baseline,0.35133904,-0.45427358
PINN Baseline,0.35154128,-0.45402366
PINN Baseline,0.3393156,-0.46939617
PINN Baseline,0.33978152,-0.46880025
PINN Baseline,0.34756196,-0.45896778
PINN Baseline,0.34528792,-0.4618186
PINN Baseline,0.34490818,-0.46229652
PINN Baseline,0.33909273,-0.46968153
PINN Baseline,0.3347379,-0.47529513
PINN Baseline,0.34797984,-0.4584459
PINN Baseline,0.3470816,-0.4595684
PINN Baseline,0.32927144,-0.48244596
PINN Baseline,0.36344945,-0.43955597
PINN Baseline,0.35263258,-0.45267755
PINN Baseline,0.33900893,-0.46978888
PINN Baseline,0.35182524,-0.453673
PINN Baseline,0.32286716,-0.49097613
PINN Baseline,0.33370048,-0.47664317
PINN Baseline,0.3319788,-0.47888964
PINN Baseline,0.3453713,-0.46171376
PINN Baseline,0.34134477,-0.46680674
PINN Baseline,0.35961848,-0.444158
PINN Baseline,0.3471359,-0.45950046
PINN Baseline,0.34252983,-0.4653016
PINN Baseline,0.34463835,-0.4626364
PINN Baseline,0.35230392,-0.45308253
PINN Baseline,0.34812826,-0.45826072
PINN Baseline,0.3377065,-0.47146058
PINN Baseline,0.32984823,-0.48168585
PINN Baseline,0.33137548,-0.47967964
PINN Baseline,0.35125345,-0.4543794
PINN Baseline,0.3445236,-0.462781
PINN Baseline,0.3348106,-0.47520077
PINN Baseline,0.34247655,-0.46536916
PINN Baseline,0.3413062,-0.46685582
PINN Baseline,0.34885693,-0.45735264
PINN Baseline,0.3410508,-0.46718094
PINN Baseline,0.35679722,-0.44757855
PINN Baseline,0.3443408,-0.4630115
PINN Baseline,0.3294478,-0.48221338
PINN Baseline,0.3511634,-0.45449078
PINN Baseline,0.3489362,-0.45725396
PINN Baseline,0.33187407,-0.47902668
PINN Baseline,0.36115414,-0.4423074
PINN Baseline,0.32961875,-0.4819881
PINN Baseline,0.3605417,-0.44304448
PINN Baseline,0.3496765,-0.45633358
PINN Baseline,0.35011655,-0.45578736
PINN Baseline,0.35690886,-0.44744268
PINN Baseline,0.35144365,-0.4541443
PINN Baseline,0.35889977,-0.44502681
PINN Baseline,0.33868748,-0.47020087
PINN Baseline,0.33620656,-0.47339383
PINN Baseline,0.3533941,-0.4517407
PINN Baseline,0.32608604,-0.48666778
PINN Baseline,0.34328026,-0.46435118
PINN Baseline,0.33579856,-0.47392118
PINN Baseline,0.35579067,-0.44880545
PINN Baseline,0.34661174,-0.46015674
PINN Baseline,0.33257645,-0.4781085
PINN Baseline,0.37427294,-0.42681158
PINN Baseline,0.33207005,-0.4787703
PINN Baseline,0.33415616,-0.47605053
PINN Baseline,0.3614198,-0.44198805
PINN Baseline,0.33894545,-0.46987018
PINN Baseline,0.34755713,-0.4589738
PINN Baseline,0.34621924,-0.4606488
PINN Baseline,0.36063576,-0.4429312
PINN Baseline,0.35474676,-0.45008156
PINN Baseline,0.33765316,-0.4715292
PINN Baseline,0.35196602,-0.45349926
PINN Baseline,0.33961034,-0.4690191
PINN Baseline,0.35273015,-0.4525574
PINN Baseline,0.33307105,-0.4774631
PINN Baseline,0.36210328,-0.44116753
PINN Baseline,0.336694,-0.4727646
PINN Baseline,0.33716035,-0.4721635
PINN Baseline,0.3492167,-0.456905
PINN Baseline,0.30449575,-0.51641876
PINN Baseline,0.35088408,-0.45483634
PINN Baseline,0.3558821,-0.44869384
PINN Baseline,0.34895754,-0.4572274
PINN Baseline,0.33994883,-0.46858644
PINN Baseline,0.35235935,-0.4530142
PINN Baseline,0.35068917,-0.45507765
PINN Baseline,0.3616475,-0.44171456
PINN Baseline,0.32165074,-0.49261543
PINN Baseline,0.3459251,-0.46101794
PINN Baseline,0.34490824,-0.46229643
PINN Baseline,0.34930295,-0.45679775
PINN Baseline,0.3235038,-0.49012062
PINN Baseline,0.34670442,-0.46004063
PINN Baseline,0.3480777,-0.45832378
PINN Baseline,0.32769817,-0.48452598
PINN Baseline,0.34273666,-0.46503943
PINN Baseline,0.3548308,-0.44997868
PINN Baseline,0.33615822,-0.47345626
PINN Baseline,0.35358512,-0.45150602
PINN Baseline,0.33416414,-0.47604015
PINN Baseline,0.3372264,-0.47207844
PINN Baseline,0.3642388,-0.4386138
PINN Baseline,0.3477347,-0.45875198
PINN Baseline,0.35778534,-0.44637746
PINN Baseline,0.3432523,-0.46438655
PINN Baseline,0.3323468,-0.47840852
PINN Baseline,0.34970284,-0.45630085
PINN Baseline,0.33912945,-0.4696345
PINN Baseline,0.3568114,-0.44756126
PINN Baseline,0.34044892,-0.46794805
PINN Baseline,0.35339862,-0.45173514
PINN Baseline,0.3490541,-0.45710725
PINN Baseline,0.33814937,-0.47089142
PINN Baseline,0.34945285,-0.4566114
PINN Baseline,0.35260403,-0.4527127
PINN Baseline,0.34571648,-0.46127993
PINN Baseline,0.34034163,-0.46808493
PINN Baseline,0.33505416,-0.474885
PINN Baseline,0.35416114,-0.45079908
PINN Baseline,0.37449205,-0.4265574
PINN Baseline,0.34397566,-0.46347228
PINN Baseline,0.35902065,-0.44488057
PINN Baseline,0.3518046,-0.45369846
PINN Baseline,0.3218844,-0.4923001
PINN Baseline,0.3445704,-0.46272203
PINN Baseline,0.35941476,-0.4444041
PINN Baseline,0.34459007,-0.46269724
PINN Baseline,0.34047413,-0.4679159
PINN Baseline,0.3422174,-0.46569794
PINN Baseline,0.34711844,-0.4595223
PINN Baseline,0.35672277,-0.44766918
PINN Baseline,0.35661423,-0.44780132
PINN Baseline,0.3576697,-0.44651783
PINN Baseline,0.35162127,-0.45392486
PINN Baseline,0.33454567,-0.47554457
PINN Baseline,0.35289901,-0.45234954
PINN Baseline,0.3399003,-0.46864843
PINN Baseline,0.35338622,-0.4517504
PINN Baseline,0.3381582,-0.4708801
PINN Baseline,0.3429278,-0.4647973
PINN Baseline,0.35082322,-0.45491168
PINN Baseline,0.3605113,-0.4430811
PINN Baseline,0.3373286,-0.4719468
PINN Baseline,0.3486228,-0.45764422
PINN Baseline,0.3501324,-0.4557677
PINN Baseline,0.3376389,-0.4715475
PINN Baseline,0.35886264,-0.44507176
PINN Baseline,0.3583333,-0.44571283
PINN Baseline,0.3448609,-0.46235603
PINN Baseline,0.3474732,-0.45907867
PINN Baseline,0.33742464,-0.47182322
PINN Baseline,0.34253585,-0.46529397
PINN Baseline,0.35410845,-0.45086372
PINN Baseline,0.35998803,-0.44371194
PINN Baseline,0.324943,-0.4881928
PINN Baseline,0.34147656,-0.4666391
PINN Baseline,0.33751673,-0.4717047
PINN Baseline,0.3286969,-0.4832044
PINN Baseline,0.35282415,-0.4524417
PINN Baseline,0.35281336,-0.45245498
PINN Baseline,0.3522495,-0.45314962
PINN Baseline,0.34269148,-0.46509668
PINN Baseline,0.34962153,-0.45640182
PINN Baseline,0.34838265,-0.45794347
PINN Baseline,0.34609878,-0.46079993
PINN Baseline,0.35007983,-0.4558329
PINN Baseline,0.34139824,-0.46673873
PINN Baseline,0.33758616,-0.47161537
PINN Baseline,0.35100782,-0.4546832
PINN Baseline,0.33955085,-0.46909517
PINN Baseline,0.34804416,-0.45836565
PINN Baseline,0.3541422,-0.45082232
PINN Baseline,0.33647752,-0.47304395
PINN Baseline,0.33081734,-0.48041174
PINN Baseline,0.35259455,-0.4527244
PINN Baseline,0.35823768,-0.44582874
PINN Baseline,0.36356485,-0.4394181
PINN Baseline,0.3350606,-0.47487664
PINN Baseline,0.32770747,-0.48451367
PINN Baseline,0.34194523,-0.46604344
PINN Baseline,0.33814555,-0.4708963
PINN Baseline,0.32802397,-0.4840944
PINN Baseline,0.35139722,-0.45420167
PINN Baseline,0.3433417,-0.46427342
PINN Baseline,0.34164107,-0.46642992
PINN Baseline,0.34452218,-0.46278283
PINN Baseline,0.34494144,-0.46225464
PINN Baseline,0.34362864,-0.46391064
PINN Baseline,0.34625185,-0.46060792
PINN Baseline,0.34462368,-0.4626549
PINN Baseline,0.3617087,-0.44164103
PINN Baseline,0.33043098,-0.48091924
PINN Baseline,0.3609197,-0.4425894
PINN Baseline,0.3363151,-0.47325364
PINN Baseline,0.34450525,-0.46280417
PINN Baseline,0.33069837,-0.48056793
PINN Baseline,0.3589089,-0.4450158
PINN Baseline,0.31888348,-0.496368
PINN Baseline,0.36005884,-0.44362652
PINN Baseline,0.33756995,-0.4716362
PINN Baseline,0.3359896,-0.47367418
PINN Baseline,0.33317393,-0.477329
PINN Baseline,0.3349977,-0.47495815
PINN Baseline,0.3428983,-0.46483466
PINN Baseline,0.35572672,-0.4488835
PINN Baseline,0.35813922,-0.44594812
PINN Baseline,0.363352,-0.43967244
PINN Baseline,0.34191144,-0.4660864
PINN Baseline,0.35434276,-0.45057642
PINN Baseline,0.33341062,-0.47702056
PINN Baseline,0.3458413,-0.46112317
PINN Baseline,0.3501423,-0.4557554
PINN Baseline,0.34162247,-0.46645358
PINN Baseline,0.35019243,-0.45569324
PINN Baseline,0.34183997,-0.46617717
PINN Baseline,0.33443767,-0.47568482
PINN Baseline,0.32583666,-0.48700005
PINN Baseline,0.34453046,-0.46277237
PINN Baseline,0.34619105,-0.46068418
PINN Baseline,0.35151982,-0.45405018
PINN Baseline,0.34644538,-0.46036524
PINN Baseline,0.35420185,-0.45074916
PINN Baseline,0.33172518,-0.47922155
PINN Baseline,0.341475,-0.46664107
PINN Baseline,0.3408144,-0.46748206
PINN Baseline,0.3232305,-0.49048766
PINN Baseline,0.33886838,-0.46996894
PINN Baseline,0.35593075,-0.4486345
PINN Baseline,0.32892787,-0.4828993
PINN Baseline,0.33067757,-0.48059526
PINN Baseline,0.33136195,-0.47969738
PINN Baseline,0.31371158,-0.50346947
PINN Baseline,0.34652507,-0.46026534
PINN Baseline,0.33122724,-0.47987396
PINN Baseline,0.33837956,-0.47059587
PINN Baseline,0.3463393,-0.46049824
PINN Baseline,0.33356458,-0.47682008
PINN Baseline,0.33139426,-0.47965503
PINN Baseline,0.31792748,-0.49767193
PINN Baseline,0.3261662,-0.48656103
PINN Baseline,0.33157402,-0.4794195
PINN Baseline,0.32197648,-0.49217585
PINN Baseline,0.3482502,-0.4581086
PINN Baseline,0.3278228,-0.48436084
PINN Baseline,0.3442061,-0.46318144
PINN Baseline,0.3235867,-0.49000934
PINN Baseline,0.32756102,-0.48470777
PINN Baseline,0.34083253,-0.46745896
PINN Baseline,0.32992512,-0.4815846
PINN Baseline,0.3473252,-0.4592637
PINN Baseline,0.35348082,-0.45163414
PINN Baseline,0.32416195,-0.48923796
PINN Baseline,0.34908408,-0.45706996
PINN Baseline,0.3340112,-0.47623897
PINN Baseline,0.3101399,-0.50844234
PINN Baseline,0.3342666,-0.475907
PINN Baseline,0.33164728,-0.47932357
PINN Baseline,0.32825303,-0.48379126
PINN Baseline,0.3343141,-0.4758453
PINN Baseline,0.34263623,-0.46516672
PINN Baseline,0.33474052,-0.47529173
PINN Baseline,0.33758545,-0.47161627
PINN Baseline,0.33655077,-0.47294942
PINN Baseline,0.34525013,-0.46186614
PINN Baseline,0.3261391,-0.48659715
PINN Baseline,0.3460865,-0.46081534
PINN Baseline,0.32226473,-0.49178723
PINN Baseline,0.33440685,-0.47572485
PINN Baseline,0.33152354,-0.47948563
PINN Baseline,0.33673733,-0.47270873
PINN Baseline,0.3526091,-0.4527065
PINN Baseline,0.3171689,-0.4987094
PINN Baseline,0.33294213,-0.47763124
PINN Baseline,0.3467477,-0.45998642
PINN Baseline,0.36365223,-0.43931374
PINN Baseline,0.33270097,-0.47794592
PINN Baseline,0.34549224,-0.4615617
PINN Baseline,0.32468438,-0.4885386
PINN Baseline,0.34890932,-0.45728743
PINN Baseline,0.33675027,-0.47269204
PINN Baseline,0.33714676,-0.47218102
PINN Baseline,0.35121816,-0.45442304
PINN Baseline,0.3305158,-0.48080778
PINN Baseline,0.33146042,-0.47956833
PINN Baseline,0.33832145,-0.47067046
PINN Baseline,0.33755893,-0.4716504
PINN Baseline,0.35714597,-0.44715425
PINN Baseline,0.33898693,-0.46981704
PINN Baseline,0.33741754,-0.47183233
PINN Baseline,0.32578826,-0.48706457
PINN Baseline,0.3483892,-0.4579353
PINN Baseline,0.33917612,-0.46957472
PINN Baseline,0.33053875,-0.48077762
PINN Baseline,0.35678595,-0.44759226
PINN Baseline,0.32451946,-0.48875925
PINN Baseline,0.31911725,-0.49604973
PINN Baseline,0.3332134,-0.47727755
PINN Baseline,0.32352042,-0.4900983
PINN Baseline,0.3453961,-0.46168256
PINN Baseline,0.33900547,-0.4697933
PINN Baseline,0.3208391,-0.4937127
PINN Baseline,0.33685875,-0.47255218
PINN Baseline,0.33816832,-0.47086707
PINN Baseline,0.30665386,-0.51335156
PINN Baseline,0.32674736,-0.48578793
PINN Baseline,0.34501308,-0.46216443
PINN Baseline,0.33730328,-0.47197944
PINN Baseline,0.3295588,-0.4820671
PINN Baseline,0.32678384,-0.48573944
PINN Baseline,0.34629273,-0.46055663
PINN Baseline,0.351627,-0.4539178
PINN Baseline,0.31444418,-0.5024564
PINN Baseline,0.3399791,-0.46854776
PINN Baseline,0.33794016,-0.4711602
PINN Baseline,0.33882022,-0.4700307
PINN Baseline,0.34591568,-0.46102977
PINN Baseline,0.3497522,-0.45623955
PINN Baseline,0.3368969,-0.47250298
PINN Baseline,0.33080614,-0.48042643
PINN Baseline,0.32349223,-0.49013615
PINN Baseline,0.33760864,-0.47158647
PINN Baseline,0.32679713,-0.48572177
PINN Baseline,0.35092896,-0.4547808
PINN Baseline,0.33088136,-0.4803277
PINN Baseline,0.3363865,-0.47316143
PINN Baseline,0.34769958,-0.45879585
PINN Baseline,0.34526014,-0.46185356
PINN Baseline,0.3481322,-0.45825583
PINN Baseline,0.32227194,-0.4917775
PINN Baseline,0.33397692,-0.47628355
PINN Baseline,0.34906596,-0.4570925
PINN Baseline,0.34434557,-0.4630055
PINN Baseline,0.33150083,-0.47951537
PINN Baseline,0.3352859,-0.4745847
PINN Baseline,0.34188998,-0.46611363
PINN Baseline,0.3317135,-0.47923687
PINN Baseline,0.345631,-0.4613873
PINN Baseline,0.3445177,-0.46278846
PINN Baseline,0.3398329,-0.46873456
PINN Baseline,0.33873278,-0.47014278
PINN Baseline,0.33901346,-0.46978307
PINN Baseline,0.32666612,-0.4858959
PINN Baseline,0.33731723,-0.47196147
PINN Baseline,0.32983,-0.48170987
PINN Baseline,0.33434093,-0.47581047
PINN Baseline,0.35019648,-0.4556882
PINN Baseline,0.32140076,-0.4929531
PINN Baseline,0.33936876,-0.46932814
PINN Baseline,0.32487935,-0.48827788
PINN Baseline,0.33804393,-0.47102687
PINN Baseline,0.34701627,-0.45965016
PINN Baseline,0.3252256,-0.4878153
PINN Baseline,0.3352828,-0.47458872
PINN Baseline,0.34348166,-0.46409646
PINN Baseline,0.34106427,-0.46716377
PINN Baseline,0.323008,-0.49078673
PINN Baseline,0.32226336,-0.49178907
PINN Baseline,0.33496028,-0.4750067
PINN Baseline,0.3294407,-0.48222274
PINN Baseline,0.3287521,-0.48313147
PINN Baseline,0.34326172,-0.46437463
PINN Baseline,0.32737315,-0.48495695
PINN Baseline,0.34959054,-0.45644033
PINN Baseline,0.34591037,-0.4610364
PINN Baseline,0.33898503,-0.4698195
PINN Baseline,0.3457657,-0.4612181
PINN Baseline,0.34381467,-0.4636756
PINN Baseline,0.34454948,-0.4627484
PINN Baseline,0.33225048,-0.4785344
PINN Baseline,0.33205485,-0.47879016
PINN Baseline,0.3240726,-0.48935768
PINN Baseline,0.3333357,-0.47711816
PINN Baseline,0.3264314,-0.48620808
PINN Baseline,0.3447379,-0.46251097
PINN Baseline,0.3356743,-0.47408193
PINN Baseline,0.33008736,-0.4813711
PINN Baseline,0.34027797,-0.46816617
PINN Baseline,0.34503895,-0.4621319
PINN Baseline,0.33863115,-0.47027308
PINN Baseline,0.3256451,-0.48725545
PINN Baseline,0.33929437,-0.46942335
PINN Baseline,0.33628136,-0.4732972
PINN Baseline,0.3226993,-0.49120197
PINN Baseline,0.33631027,-0.47325987
PINN Baseline,0.32774258,-0.48446715
PINN Baseline,0.33269352,-0.47795567
PINN Baseline,0.3258171,-0.48702613
PINN Baseline,0.34132898,-0.46682683
PINN Baseline,0.34519184,-0.46193948
PINN Baseline,0.33413345,-0.47608006
PINN Baseline,0.34386915,-0.46360677
PINN Baseline,0.33415622,-0.47605047
PINN Baseline,0.32653308,-0.4860728
PINN Baseline,0.34958154,-0.4564515
PINN Baseline,0.34129536,-0.46686962
PINN Baseline,0.32752556,-0.4847548
PINN Baseline,0.33426392,-0.47591048
PINN Baseline,0.33784938,-0.47127688
PINN Baseline,0.34079105,-0.46751183
PINN Baseline,0.3329959,-0.47756112
PINN Baseline,0.33737612,-0.47188565
PINN Baseline,0.33581364,-0.47390166
PINN Baseline,0.32456082,-0.4887039
PINN Baseline,0.3485775,-0.45770064
PINN Baseline,0.31809074,-0.49744898
PINN Baseline,0.33685857,-0.4725524
PINN Baseline,0.33229655,-0.47847417
PINN Baseline,0.32325333,-0.490457
PINN Baseline,0.34357828,-0.4639743
PINN Baseline,0.34536868,-0.46171704
PINN Baseline,0.31577516,-0.50062203
PINN Baseline,0.34196287,-0.46602103
PINN Baseline,0.3231578,-0.4905854
PINN Baseline,0.3557257,-0.44888476
PINN Baseline,0.31181073,-0.50610894
PINN Baseline,0.33555633,-0.47423458
PINN Baseline,0.33944052,-0.4692363
PINN Baseline,0.35164917,-0.4538904
PINN Baseline,0.3252203,-0.48782238
PINN Baseline,0.32231128,-0.4917245
PINN Baseline,0.31786406,-0.49775857
PINN Baseline,0.33955616,-0.46908838
PINN Baseline,0.3287273,-0.48316422
PINN Baseline,0.3317333,-0.47921094
PINN Baseline,0.34206128,-0.46589607
PINN Baseline,0.33796048,-0.47113407
PINN Baseline,0.32321864,-0.4905036
PINN Baseline,0.33930844,-0.46940532
PINN Baseline,0.31698418,-0.4989624
PINN Baseline,0.33488178,-0.47510847
PINN Baseline,0.33073777,-0.4805162
PINN Baseline,0.34078538,-0.46751904
PINN Baseline,0.3412171,-0.46696922
PINN Baseline,0.3040371,-0.51707345
PINN Baseline,0.32989603,-0.4816229
PINN Baseline,0.33253056,-0.47816843
PINN Baseline,0.34566146,-0.46134904
PINN Baseline,0.33960062,-0.4690315
PINN Baseline,0.32760274,-0.48465246
PINN Baseline,0.3416019,-0.46647972
PINN Baseline,0.33107913,-0.4800682
PINN Baseline,0.33046228,-0.4808781
PINN Baseline,0.3346671,-0.475387
PINN Baseline,0.34027797,-0.46816617
PINN Baseline,0.33312964,-0.4773867
PINN Baseline,0.3493601,-0.4567267
PINN Baseline,0.33139163,-0.47965845
PINN Baseline,0.328911,-0.4829216
PINN Baseline,0.34874445,-0.45749268
PINN Baseline,0.3267907,-0.48573032
PINN Baseline,0.35184276,-0.45365137
PINN Baseline,0.33510035,-0.4748251
PINN Baseline,0.32920122,-0.48253855
PINN Baseline,0.33126414,-0.4798256
PINN Baseline,0.32371074,-0.4898429
PINN Baseline,0.3482042,-0.458166
PINN Baseline,0.3454091,-0.46166623
PINN Baseline,0.3213706,-0.49299386
PINN Baseline,0.32985854,-0.48167226
PINN Baseline,0.3245573,-0.48870862
PINN Baseline,0.3444581,-0.4628636
PINN Baseline,0.34290326,-0.4648284
PINN Baseline,0.34691083,-0.45978212
PINN Baseline,0.34667897,-0.4600725
PINN Baseline,0.33467615,-0.47537524
PINN Baseline,0.3624543,-0.44074675
PINN Baseline,0.33696908,-0.47240996
PINN Baseline,0.3366509,-0.47282022
PINN Baseline,0.33778167,-0.47136393
PINN Baseline,0.321832,-0.49237078
PINN Baseline,0.3337224,-0.47661462
PINN Baseline,0.33725965,-0.47203562
PINN Baseline,0.32806247,-0.48404345
PINN Baseline,0.33796823,-0.4711241
PINN Baseline,0.3424564,-0.4653947
PINN Baseline,0.32622308,-0.48648533
PINN Baseline,0.31206024,-0.50576156
PINN Baseline,0.35034323,-0.45550627
PINN Baseline,0.34215927,-0.46577168
PINN Baseline,0.34875584,-0.45747852
PINN Baseline,0.33259618,-0.47808275
PINN Baseline,0.33087087,-0.48034146
PINN Baseline,0.3299033,-0.48161334
PINN Baseline,0.35619903,-0.44830728
PINN Baseline,0.33441895,-0.4757091
PINN Baseline,0.32927293,-0.482444
PINN Baseline,0.3387245,-0.4701534
PINN Baseline,0.32917958,-0.4825671
PINN Baseline,0.333269,-0.47720507
PINN Baseline,0.3373769,-0.47188467
PINN Baseline,0.3494134,-0.45666045
PINN Baseline,0.33549798,-0.4743101
PINN Baseline,0.3266768,-0.48588172
PINN Baseline,0.32856548,-0.48337808
PINN Baseline,0.34150922,-0.46659756
PINN Baseline,0.34796524,-0.45846415
PINN Baseline,0.3339811,-0.47627813
PINN Baseline,0.3333001,-0.47716454
PINN Baseline,0.34077543,-0.4675317
PINN Baseline,0.33852977,-0.47040313
PINN Baseline,0.33053076,-0.4807881
PINN Baseline,0.3369999,-0.47237024
PINN Baseline,0.3428092,-0.46494752
PINN Baseline,0.333014,-0.47753748
PINN Baseline,0.3421749,-0.46575186
PINN Baseline,0.33333218,-0.47712275
PINN Baseline,0.3539462,-0.45106274
PINN Baseline,0.35337818,-0.45176026
PINN Baseline,0.33613652,-0.4734843
PINN Baseline,0.33947104,-0.46919727
PINN Baseline,0.34733164,-0.45925564
PINN Baseline,0.33619314,-0.47341114
PINN Baseline,0.34153038,-0.46657065
PINN Baseline,0.3396582,-0.4689579
PINN Baseline,0.34506035,-0.46210495
PINN Baseline,0.34442627,-0.46290374
PINN Baseline,0.3511479,-0.45450994
PINN Baseline,0.36139804,-0.44201422
PINN Baseline,0.32853597,-0.48341706
PINN Baseline,0.3406772,-0.46765694
PINN Baseline,0.3343922,-0.47574386
PINN Baseline,0.3375829,-0.47161958
PINN Baseline,0.34528226,-0.46182573
PINN Baseline,0.35680974,-0.4475633
PINN Baseline,0.33324558,-0.47723562
PINN Baseline,0.32366443,-0.48990503
PINN Baseline,0.32913023,-0.48263222
PINN Baseline,0.3134842,-0.50378436
PINN Baseline,0.35010862,-0.4557972
PINN Baseline,0.32784206,-0.48433533
PINN Baseline,0.34330952,-0.46431416
PINN Baseline,0.32511306,-0.48796558
PINN Baseline,0.33443844,-0.4756838
PINN Baseline,0.3357823,-0.47394222
PINN Baseline,0.3302009,-0.48122174
PINN Baseline,0.3415472,-0.46654928
PINN Baseline,0.34479022,-0.46244505
PINN Baseline,0.3410582,-0.46717152
PINN Baseline,0.33736157,-0.4719044
PINN Baseline,0.34712112,-0.45951897
PINN Baseline,0.32955015,-0.4820785
PINN Baseline,0.34542012,-0.46165237
PINN Baseline,0.33307564,-0.47745714
PINN Baseline,0.33319175,-0.47730577
PINN Baseline,0.3350742,-0.47485903
PINN Baseline,0.3320608,-0.4787824
PINN Baseline,0.3329026,-0.4776828
PINN Baseline,0.34587234,-0.46108416
PINN Baseline,0.33100486,-0.48016563
PINN Baseline,0.35228515,-0.45310566
PINN Baseline,0.34417957,-0.4632149
PINN Baseline,0.3490734,-0.45708323
PINN Baseline,0.34529245,-0.4618129
PINN Baseline,0.32139146,-0.49296567
PINN Baseline,0.32985497,-0.48167697
PINN Baseline,0.3316499,-0.47932014
PINN Baseline,0.32158792,-0.49270028
PINN Baseline,0.33482915,-0.47517675
PINN Baseline,0.32698143,-0.4854769
PINN Baseline,0.34129328,-0.46687227
PINN Baseline,0.33798373,-0.4711042
PINN Baseline,0.31949556,-0.49553517
PINN Baseline,0.3430096,-0.46469373
PINN Baseline,0.32605022,-0.4867155
PINN Baseline,0.34780258,-0.4586672
PINN Baseline,0.34523302,-0.46188766
PINN Baseline,0.33466506,-0.47538963
PINN Baseline,0.35302114,-0.45219928
PINN Baseline,0.3347994,-0.47521532
PINN Baseline,0.33156765,-0.47942784
PINN Baseline,0.33261514,-0.47805798
PINN Baseline,0.34495348,-0.46223947
PINN Baseline,0.34086174,-0.46742174
PINN Baseline,0.32388568,-0.48960826
PINN Baseline,0.32609648,-0.4866539
PINN Baseline,0.34940284,-0.45667356
PINN Baseline,0.33147037,-0.47955528
PINN Baseline,0.3270285,-0.4854144
PINN Baseline,0.34082627,-0.46746692
PINN Baseline,0.33547366,-0.47434157
PINN Baseline,0.34332824,-0.46429047
PINN Baseline,0.327047,-0.48538983
PINN Baseline,0.3464983,-0.46029887
PINN Baseline,0.3444783,-0.4628381
PINN Baseline,0.33084768,-0.4803719
PINN Baseline,0.34398288,-0.4634632
PINN Baseline,0.34506935,-0.46209362
PINN Baseline,0.34172964,-0.46631736
PINN Baseline,0.33653653,-0.4729678
PINN Baseline,0.32294488,-0.4908716
PINN Baseline,0.34321517,-0.46443352
PINN Baseline,0.3429225,-0.464804
PINN Baseline,0.33114278,-0.4799847
PINN Baseline,0.3250634,-0.48803192
PINN Baseline,0.33903384,-0.46975696
PINN Baseline,0.324058,-0.48937726
PINN Baseline,0.34290367,-0.46482787
PINN Baseline,0.3305838,-0.4807184
PINN Baseline,0.32596892,-0.4868238
PINN Baseline,0.34017694,-0.46829513
PINN Baseline,0.3384319,-0.47052872
PINN Baseline,0.33150744,-0.4795067
PINN Baseline,0.33000118,-0.4814845
PINN Baseline,0.3264609,-0.48616883
PINN Baseline,0.33618957,-0.47341576
PINN Baseline,0.32707566,-0.48535177
PINN Baseline,0.3347124,-0.4753282
PINN Baseline,0.3176918,-0.49799398
PINN Baseline,0.31464434,-0.5021801
PINN Baseline,0.34190285,-0.46609727
PINN Baseline,0.34258026,-0.46523768
PINN Baseline,0.33588487,-0.47380957
PINN Baseline,0.3551132,-0.44963318
PINN Baseline,0.32817024,-0.48390082
PINN Baseline,0.3347662,-0.47525838
PINN Baseline,0.32438552,-0.48893854
PINN Baseline,0.3321271,-0.4786957
PINN Baseline,0.34809667,-0.45830014
PINN Baseline,0.32348084,-0.49015144
PINN Baseline,0.3359719,-0.47369707
PINN Baseline,0.33116573,-0.4799546
PINN Baseline,0.35213262,-0.45329374
PINN Baseline,0.31183654,-0.506073
PINN Baseline,0.3391521,-0.4696055
PINN Baseline,0.34941238,-0.4566617
PINN Baseline,0.33625644,-0.4733294
PINN Baseline,0.33282793,-0.47778025
PINN Baseline,0.33102167,-0.48014358
PINN Baseline,0.32926196,-0.48245844
PINN Baseline,0.33482486,-0.4751823
PINN Baseline,0.31950814,-0.4955181
PINN Baseline,0.34151584,-0.46658915
PINN Baseline,0.334042,-0.4761989
PINN Baseline,0.3198192,-0.49509546
PINN Baseline,0.32935643,-0.48233384
PINN Baseline,0.3354504,-0.47437167
PINN Baseline,0.3393671,-0.46933028
PINN Baseline,0.33597934,-0.4736874
PINN Baseline,0.3298586,-0.4816722
PINN Baseline,0.35278875,-0.45248526
PINN Baseline,0.33984375,-0.4687207
PINN Baseline,0.3307917,-0.48044538
PINN Baseline,0.33525544,-0.47462416
PINN Baseline,0.33054346,-0.48077142
PINN Baseline,0.32492983,-0.4882104
PINN Baseline,0.3389628,-0.46984798
PINN Baseline,0.3324387,-0.4782884
PINN Baseline,0.32709044,-0.48533213
PINN Baseline,0.3320408,-0.47880855
PINN Baseline,0.33757663,-0.47162762
PINN Baseline,0.3453477,-0.4617434
PINN Baseline,0.3515216,-0.45404798
PINN Baseline,0.32710493,-0.4853129
PINN Baseline,0.3413869,-0.46675313
PINN Baseline,0.33430278,-0.47586
PINN Baseline,0.31995004,-0.49491784
PINN Baseline,0.33122838,-0.47987247
PINN Baseline,0.35464048,-0.4502117
PINN Baseline,0.342898,-0.46483505
PINN Baseline,0.33815742,-0.47088107
PINN Baseline,0.32330662,-0.4903854
PINN Baseline,0.33195925,-0.4789152
PINN Baseline,0.32577133,-0.48708713
PINN Baseline,0.33557975,-0.47420424
PINN Baseline,0.3357364,-0.4740016
PINN Baseline,0.3306483,-0.4806337
PINN Baseline,0.34302533,-0.46467382
PINN Baseline,0.3439775,-0.46346995
PINN Baseline,0.32944334,-0.48221928
PINN Baseline,0.32747805,-0.4848178
PINN Baseline,0.32808292,-0.4840164
PINN Baseline,0.33295453,-0.4776151
PINN Baseline,0.35656106,-0.44786608
PINN Baseline,0.3389212,-0.46990126
PINN Baseline,0.33751065,-0.47171253
PINN Baseline,0.33958948,-0.4690458
PINN Baseline,0.33756816,-0.47163853
PINN Baseline,0.3404696,-0.46792167
PINN Baseline,0.33958077,-0.4690569
PINN Baseline,0.3380986,-0.47095665
PINN Baseline,0.3373807,-0.47187975
PINN Baseline,0.32732463,-0.48502132
PINN Baseline,0.33085036,-0.48036838
PINN Baseline,0.34714675,-0.4594869
PINN Baseline,0.31880325,-0.49647725
PINN Baseline,0.33289307,-0.47769523
PINN Baseline,0.34159958,-0.46648267
PINN Baseline,0.34532285,-0.46177468
PINN Baseline,0.347503,-0.45904145
PINN Baseline,0.32531387,-0.48769742
PINN Baseline,0.33707863,-0.4722688
PINN Baseline,0.35158175,-0.45397368
PINN Baseline,0.33671534,-0.4727371
PINN Baseline,0.34989375,-0.4560638
PINN Baseline,0.33749002,-0.47173905
PINN Baseline,0.33513868,-0.47477543
PINN Baseline,0.34383667,-0.4636478
PINN Baseline,0.33788735,-0.47122806
PINN Baseline,0.33071977,-0.48053986
PINN Baseline,0.34437096,-0.46297348
PINN Baseline,0.33601975,-0.4736352
PINN Baseline,0.33315188,-0.47735775
PINN Baseline,0.33548886,-0.4743219
PINN Baseline,0.32489288,-0.48825982
PINN Baseline,0.32873106,-0.48315927
PINN Baseline,0.33490986,-0.4750721
PINN Baseline,0.33155268,-0.47944745
PINN Baseline,0.34717208,-0.4594552
PINN Baseline,0.33947772,-0.46918872
PINN Baseline,0.34234828,-0.46553186
PINN Baseline,0.34879744,-0.4574267
PINN Baseline,0.33902222,-0.46977183
PINN Baseline,0.3360296,-0.47362247
PINN Baseline,0.3598922,-0.44382757
PINN Baseline,0.3512634,-0.4543671
PINN Baseline,0.3478772,-0.45857403
PINN Baseline,0.34717393,-0.4594529
PINN Baseline,0.34512573,-0.46202266
PINN Baseline,0.3313182,-0.47975472
PINN Baseline,0.33330232,-0.47716168
PINN Baseline,0.34078008,-0.4675258
PINN Baseline,0.34537482,-0.46170932
PINN Baseline,0.34137845,-0.46676388
PINN Baseline,0.34782338,-0.45864123
PINN Baseline,0.34481156,-0.4624182
PINN Baseline,0.35022444,-0.45565355
PINN Baseline,0.31866866,-0.49666065
PINN Baseline,0.3524289,-0.45292848
PINN Baseline,0.333938,-0.47633415
PINN Baseline,0.33706534,-0.4722859
PINN Baseline,0.33303243,-0.47751346
PINN Baseline,0.3409068,-0.46736434
PINN Baseline,0.3421316,-0.46580678
PINN Baseline,0.33909804,-0.46967474
PINN Baseline,0.33110934,-0.48002857
PINN Baseline,0.34642136,-0.46039534
PINN Baseline,0.3393125,-0.46940014
PINN Baseline,0.3542726,-0.45066243
PINN Baseline,0.3451336,-0.46201277
PINN Baseline,0.34362566,-0.4639144
PINN Baseline,0.32656932,-0.48602462
PINN Baseline,0.3351686,-0.47473666
PINN Baseline,0.33986062,-0.46869916
PINN Baseline,0.33105654,-0.48009783
PINN Baseline,0.35035914,-0.45548654
PINN Baseline,0.33349812,-0.4769066
PINN Baseline,0.32691854,-0.48556045
PINN Baseline,0.33206028,-0.47878307
PINN Baseline,0.3373201,-0.4719578
PINN Baseline,0.33857924,-0.4703397
PINN Baseline,0.32633388,-0.48633784
PINN Baseline,0.33751786,-0.47170323
PINN Baseline,0.34347856,-0.46410036
PINN Baseline,0.33830762,-0.47068822
PINN Baseline,0.34727448,-0.45932713
PINN Baseline,0.34080213,-0.4674977
PINN Baseline,0.3310086,-0.4801607
PINN Baseline,0.34996527,-0.45597506
PINN Baseline,0.3385051,-0.47043478
PINN Baseline,0.33058405,-0.4807181
PINN Baseline,0.32862014,-0.48330584
PINN Baseline,0.34000057,-0.46852034
PINN Baseline,0.33340865,-0.47702312
PINN Baseline,0.33278197,-0.47784021
PINN Baseline,0.3384145,-0.47055104
PINN Baseline,0.32364887,-0.4899259
PINN Baseline,0.33086503,-0.48034912
PINN Baseline,0.34070766,-0.4676181
PINN Baseline,0.3480618,-0.45834363
PINN Baseline,0.33497804,-0.47498366
PINN Baseline,0.33566916,-0.47408855
PINN Baseline,0.35018003,-0.45570862
PINN Baseline,0.32922643,-0.4825053
PINN Baseline,0.33520508,-0.47468942
PINN Baseline,0.3403932,-0.46801913
PINN Baseline,0.30975544,-0.50898105
PINN Baseline,0.34021366,-0.46824825
PINN Baseline,0.33708566,-0.47225973
PINN Baseline,0.337596,-0.4716027
PINN Baseline,0.3424275,-0.46543136
PINN Baseline,0.3343439,-0.4758066
PINN Baseline,0.34325767,-0.46437976
PINN Baseline,0.34863532,-0.4576286
PINN Baseline,0.34542322,-0.46164846
PINN Baseline,0.32917708,-0.4825704
PINN Baseline,0.33670205,-0.47275424
PINN Baseline,0.3434692,-0.4641122
PINN Baseline,0.33042794,-0.48092324
PINN Baseline,0.34185022,-0.46616414
PINN Baseline,0.33933866,-0.46936667
PINN Baseline,0.34352994,-0.46403542
PINN Baseline,0.34421188,-0.46317413
PINN Baseline,0.3440854,-0.46333376
PINN Baseline,0.3381055,-0.47094777
PINN Baseline,0.34737134,-0.459206
PINN Baseline,0.33657956,-0.47291225
PINN Baseline,0.33231068,-0.4784557
PINN Baseline,0.3301109,-0.48134014
PINN Baseline,0.33960402,-0.4690272
PINN Baseline,0.35292578,-0.4523166
PINN Baseline,0.34778225,-0.45869258
PINN Baseline,0.33458537,-0.47549304
PINN Baseline,0.33194,-0.47894043
PINN Baseline,0.35205942,-0.453384
PINN Baseline,0.34087688,-0.46740246
PINN Baseline,0.33030587,-0.4810837
PINN Baseline,0.33161068,-0.4793715
PINN Baseline,0.3232361,-0.49048012
PINN Baseline,0.3219127,-0.4922619
PINN Baseline,0.3416683,-0.4663953
PINN Baseline,0.333858,-0.4764382
PINN Baseline,0.3528065,-0.45246342
PINN Baseline,0.347736,-0.45875034
PINN Baseline,0.33545125,-0.4743706
PINN Baseline,0.33808398,-0.4709754
PINN Baseline,0.3383004,-0.4706975
PINN Baseline,0.34031177,-0.46812305
PINN Baseline,0.34680098,-0.4599197
PINN Baseline,0.34128147,-0.4668873
PINN Baseline,0.33338267,-0.47705698
PINN Baseline,0.34033346,-0.46809536
PINN Baseline,0.33106118,-0.48009175
PINN Baseline,0.32426727,-0.48909688
PINN Baseline,0.34796077,-0.45846972
PINN Baseline,0.32276398,-0.49111494
PINN Baseline,0.33223975,-0.4785484
PINN Baseline,0.341277,-0.466893
PINN Baseline,0.3472497,-0.45935813
PINN Baseline,0.33114666,-0.47997963
PINN Baseline,0.3375997,-0.47159797
PINN Baseline,0.33217293,-0.47863576
PINN Baseline,0.33221185,-0.4785849
PINN Baseline,0.34144527,-0.46667892
PINN Baseline,0.34441638,-0.4629162
PINN Baseline,0.33373415,-0.47659934
PINN Baseline,0.35049832,-0.45531407
PINN Baseline,0.34730178,-0.45929298
PINN Baseline,0.33815092,-0.47088942
PINN Baseline,0.33204162,-0.47880748
PINN Baseline,0.33591986,-0.47376433
PINN Baseline,0.32441604,-0.48889768
PINN Baseline,0.33221394,-0.47858214
PINN Baseline,0.33434445,-0.47580588
PINN Baseline,0.3259349,-0.48686916
PINN Baseline,0.3521394,-0.45328537
PINN Baseline,0.33234596,-0.4784096
PINN Baseline,0.33127123,-0.4798163
PINN Baseline,0.32423687,-0.4891376
PINN Baseline,0.33742326,-0.47182497
PINN Baseline,0.3463289,-0.46051124
PINN Baseline,0.3364386,-0.4730942
PINN Baseline,0.3381185,-0.47093108
PINN Baseline,0.34686863,-0.45983496
PINN Baseline,0.336612,-0.4728704
PINN Baseline,0.3420573,-0.46590117
PINN Baseline,0.3287574,-0.48312446
PINN Baseline,0.34105217,-0.46717918
PINN Baseline,0.33060485,-0.48069078
PINN Baseline,0.3412602,-0.46691436
PINN Baseline,0.31759953,-0.49812013
PINN Baseline,0.333175,-0.4773276
PINN Baseline,0.32483786,-0.48833334
PINN Baseline,0.33783555,-0.47129464
PINN Baseline,0.32308143,-0.490688
PINN Baseline,0.34881532,-0.45740443
PINN Baseline,0.3452617,-0.4618516
PINN Baseline,0.3278523,-0.48432174
PINN Baseline,0.34473187,-0.46251857
PINN Baseline,0.35409606,-0.45087892
PINN Baseline,0.33912402,-0.46964145
PINN Baseline,0.3103264,-0.5081813
PINN Baseline,0.32392555,-0.4895548
PINN Baseline,0.33147198,-0.47955316
PINN Baseline,0.3408271,-0.46746588
PINN Baseline,0.3227299,-0.4911608
PINN Baseline,0.35302448,-0.45219517
PINN Baseline,0.35022408,-0.455654
PINN Baseline,0.3459072,-0.46104038
PINN Baseline,0.3172024,-0.49866354
PINN Baseline,0.34265393,-0.46514428
PINN Baseline,0.33787143,-0.47124854
PINN Baseline,0.3422209,-0.46569347
PINN Baseline,0.3450871,-0.46207127
PINN Baseline,0.3262897,-0.4863966
PINN Baseline,0.33626014,-0.4733246
PINN Baseline,0.33439803,-0.4757363
PINN Baseline,0.3483029,-0.45804292
PINN Baseline,0.34039527,-0.46801648
PINN Baseline,0.32656717,-0.48602748
PINN Baseline,0.34387445,-0.4636001
PINN Baseline,0.32995552,-0.4815446
PINN Baseline,0.33761984,-0.47157204
PINN Baseline,0.3235197,-0.49009925
PINN Baseline,0.3459428,-0.4609957
PINN Baseline,0.34219366,-0.46572804
PINN Baseline,0.35263908,-0.45266956
PINN Baseline,0.34603202,-0.4608837
PINN Baseline,0.3428774,-0.46486115
PINN Baseline,0.32513857,-0.48793152
PINN Baseline,0.3496756,-0.45633468
PINN Baseline,0.3456872,-0.46131667
PINN Baseline,0.32802987,-0.4840866
PINN Baseline,0.33626455,-0.4733189
PINN Baseline,0.33613747,-0.47348306
PINN Baseline,0.32950014,-0.4821444
PINN Baseline,0.33913946,-0.4696217
PINN Baseline,0.33669555,-0.4727626
PINN Baseline,0.35239756,-0.4529671
PINN Baseline,0.32876068,-0.4831201
PINN Baseline,0.33585095,-0.4738534
PINN Baseline,0.32322198,-0.4904991
PINN Baseline,0.33222818,-0.47856352
PINN Baseline,0.33195323,-0.4789231
PINN Baseline,0.3224613,-0.4915224
PINN Baseline,0.35481435,-0.44999883
PINN Baseline,0.3502859,-0.45557737
PINN Baseline,0.3381294,-0.47091708
PINN Baseline,0.3503114,-0.45554572
PINN Baseline,0.32956886,-0.48205382
PINN Baseline,0.33030242,-0.48108825
PINN Baseline,0.34758884,-0.4589342
PINN Baseline,0.33200932,-0.47884974
PINN Baseline,0.34173203,-0.46631432
PINN Baseline,0.33572555,-0.47401562
PINN Baseline,0.33791292,-0.47119522
PINN Baseline,0.3180136,-0.4975543
PINN Baseline,0.34605503,-0.46085483
PINN Baseline,0.34465224,-0.4626189
PINN Baseline,0.3329652,-0.47760117
PINN Baseline,0.3190623,-0.4961245
PINN Baseline,0.34117013,-0.467029
PINN Baseline,0.33981687,-0.46875507
PINN Baseline,0.3371746,-0.47214517
PINN Baseline,0.3458596,-0.4611002
PINN Baseline,0.34572065,-0.46127468
PINN Baseline,0.33140075,-0.4796465
PINN Baseline,0.33391666,-0.4763619
PINN Baseline,0.35297978,-0.45225018
PINN Baseline,0.33674574,-0.47269788
PINN Baseline,0.32770312,-0.48451942
PINN Baseline,0.3241486,-0.48925585
PINN Baseline,0.35624725,-0.44824848
PINN Baseline,0.35076153,-0.45498803
PINN Baseline,0.33210254,-0.47872782
PINN Baseline,0.33362287,-0.47674417
PINN Baseline,0.34932017,-0.45677632
PINN Baseline,0.34388775,-0.4635833
PINN Baseline,0.3338728,-0.47641897
PINN Baseline,0.33977675,-0.46880633
PINN Baseline,0.33081365,-0.4804166
PINN Baseline,0.33585888,-0.47384316
PINN Baseline,0.33350772,-0.4768941
PINN Baseline,0.32715702,-0.48524377
PINN Baseline,0.3470139,-0.45965314
PINN Baseline,0.32929724,-0.4824119
PINN Baseline,0.33917165,-0.46958047
PINN Baseline,0.3271271,-0.48528346
PINN Baseline,0.3304354,-0.48091343
PINN Baseline,0.33681792,-0.4726048
PINN Baseline,0.32722992,-0.485147
PINN Baseline,0.34316933,-0.46449155
PINN Baseline,0.33437675,-0.47576392
PINN Baseline,0.3271187,-0.48529464
PINN Baseline,0.33461803,-0.47545066
PINN Baseline,0.32771862,-0.4844989
PINN Baseline,0.3297819,-0.4817732
PINN Baseline,0.34445626,-0.46286592
PINN Baseline,0.34576303,-0.46122146
PINN Baseline,0.32528257,-0.4877392
PINN Baseline,0.32165724,-0.49260667
PINN Baseline,0.32672447,-0.48581833
PINN Baseline,0.34386712,-0.46360934
PINN Baseline,0.3296048,-0.48200646
PINN Baseline,0.32438946,-0.48893327
PINN Baseline,0.3410238,-0.4672153
PINN Baseline,0.34754735,-0.458986
PINN Baseline,0.32106042,-0.49341324
PINN Baseline,0.33601624,-0.47363973
PINN Baseline,0.32908797,-0.48268798
PINN Baseline,0.34121412,-0.466973
PINN Baseline,0.3420744,-0.46587944
PINN Baseline,0.3481,-0.45829597
PINN Baseline,0.33407003,-0.4761625
PINN Baseline,0.34397936,-0.46346763
PINN Baseline,0.3297574,-0.48180547
PINN Baseline,0.3393755,-0.46931952
PINN Baseline,0.36175567,-0.44158465
PINN Baseline,0.328009,-0.48411423
PINN Baseline,0.34296525,-0.46474987
PINN Baseline,0.32838607,-0.48361528
PINN Baseline,0.33696598,-0.47241396
PINN Baseline,0.3449375,-0.4622596
PINN Baseline,0.34556663,-0.4614682
PINN Baseline,0.33813196,-0.47091377
PINN Baseline,0.33792013,-0.47118592
PINN Baseline,0.31928104,-0.49582687
PINN Baseline,0.3444376,-0.46288943
PINN Baseline,0.3422808,-0.46561745
PINN Baseline,0.3319466,-0.47893175
PINN Baseline,0.3514508,-0.45413548
PINN Baseline,0.3344227,-0.47570425
PINN Baseline,0.34484798,-0.4623723
PINN Baseline,0.3377732,-0.4713748
PINN Baseline,0.33267522,-0.47797954
PINN Baseline,0.33081895,-0.48040962
PINN Baseline,0.34082407,-0.46746975
PINN Baseline,0.33356595,-0.4768183
PINN Baseline,0.34176636,-0.4662707
PINN Baseline,0.32905155,-0.48273605
PINN Baseline,0.32551467,-0.48742944
PINN Baseline,0.33931822,-0.46939284
PINN Baseline,0.3341452,-0.4760648
PINN Baseline,0.32246345,-0.4915195
PINN Baseline,0.35976136,-0.4439855
PINN Baseline,0.3417018,-0.46635273
PINN Baseline,0.33452308,-0.4755739
PINN Baseline,0.34922427,-0.4568956
PINN Baseline,0.31496364,-0.50173956
PINN Baseline,0.32364893,-0.48992583
PINN Baseline,0.32830572,-0.48372155
PINN Baseline,0.3296966,-0.48188552
PINN Baseline,0.33133167,-0.47973704
PINN Baseline,0.34828192,-0.45806906
PINN Baseline,0.3367231,-0.4727271
PINN Baseline,0.33803487,-0.4710385
PINN Baseline,0.33017188,-0.4812599
PINN Baseline,0.3402058,-0.4682583
PINN Baseline,0.33838975,-0.47058278
PINN Baseline,0.32669485,-0.48585773
PINN Baseline,0.32115358,-0.49328724
PINN Baseline,0.3302552,-0.48115033
PINN Baseline,0.3367871,-0.47264454
PINN Baseline,0.3345691,-0.47551417
PINN Baseline,0.3232811,-0.4904197
PINN Baseline,0.334956,-0.47501224
PINN Baseline,0.3352754,-0.4745983
PINN Baseline,0.33717716,-0.47214186
PINN Baseline,0.34124964,-0.4669278
PINN Baseline,0.34993428,-0.4560135
PINN Baseline,0.34281665,-0.4649381
PINN Baseline,0.31784326,-0.497787
PINN Baseline,0.33307564,-0.47745714
PINN Baseline,0.3300478,-0.48142317
PINN Baseline,0.32135504,-0.49301487
PINN Baseline,0.34584373,-0.4611201
PINN Baseline,0.32669115,-0.48586264
PINN Baseline,0.344271,-0.46309954
PINN Baseline,0.3387556,-0.47011352
PINN Baseline,0.34657115,-0.46020758
PINN Baseline,0.34287173,-0.46486834
PINN Baseline,0.34500402,-0.46217585
PINN Baseline,0.34582108,-0.46114853
PINN Baseline,0.33026844,-0.48113292
PINN Baseline,0.3317436,-0.47919744
PINN Baseline,0.3395607,-0.4690826
PINN Baseline,0.32841194,-0.48358107
PINN Baseline,0.33225572,-0.47852755
PINN Baseline,0.3360722,-0.4735674
PINN Baseline,0.3457812,-0.46119863
PINN Baseline,0.33838606,-0.47058755
PINN Baseline,0.32730925,-0.4850417
PINN Baseline,0.35797578,-0.44614637
PINN Baseline,0.32818925,-0.48387563
PINN Baseline,0.3245672,-0.48869538
PINN Baseline,0.35214055,-0.45328397
PINN Baseline,0.3320459,-0.47880185
PINN Baseline,0.3355549,-0.47423643
PINN Baseline,0.33788478,-0.47123137
PINN Baseline,0.34633696,-0.46050116
PINN Baseline,0.33900303,-0.46979642
PINN Baseline,0.3368678,-0.4725405
PINN Baseline,0.34159976,-0.46648243
PINN Baseline,0.33006907,-0.48139518
PINN Baseline,0.3353966,-0.47444135
PINN Baseline,0.32447678,-0.48881638
PINN Baseline,0.3531745,-0.45201066
PINN Baseline,0.33768696,-0.4714857
PINN Baseline,0.33125168,-0.47984192
PINN Baseline,0.34095436,-0.46730375
PINN Baseline,0.30332512,-0.5180916
PINN Baseline,0.33575672,-0.4739753
PINN Baseline,0.3475687,-0.45895934
PINN Baseline,0.34152478,-0.46657777
PINN Baseline,0.33268142,-0.47797146
PINN Baseline,0.34086555,-0.46741688
PINN Baseline,0.34363973,-0.46389663
PINN Baseline,0.34893936,-0.45725003
PINN Baseline,0.32123822,-0.4931728
PINN Baseline,0.33805156,-0.47101706
PINN Baseline,0.33552426,-0.47427607
PINN Baseline,0.33824593,-0.4707674
PINN Baseline,0.32007694,-0.4947456
PINN Baseline,0.33795172,-0.47114533
PINN Baseline,0.34015107,-0.46832815
PINN Baseline,0.3288542,-0.4829966
PINN Baseline,0.33667254,-0.4727923
PINN Baseline,0.3437118,-0.46380556
PINN Baseline,0.32277858,-0.4910953
PINN Baseline,0.34322673,-0.4644189
PINN Baseline,0.3291247,-0.48263955
PINN Baseline,0.3337742,-0.4765472
PINN Baseline,0.35150355,-0.45407027
PINN Baseline,0.33794838,-0.47114962
PINN Baseline,0.34672248,-0.460018
PINN Baseline,0.33807307,-0.4709894
PINN Baseline,0.32895327,-0.4828658
PINN Baseline,0.33908504,-0.46969137
PINN Baseline,0.32595843,-0.48683777
PINN Baseline,0.35306877,-0.4521407
PINN Baseline,0.34236258,-0.4655137
PINN Baseline,0.3419249,-0.46606925
PINN Baseline,0.33911645,-0.46965113
PINN Baseline,0.3292002,-0.4825399
PINN Baseline,0.33641434,-0.47312552
PINN Baseline,0.3416711,-0.46639174
PINN Baseline,0.33728415,-0.47200406
PINN Baseline,0.33730447,-0.4719779
PINN Baseline,0.3301078,-0.4813442
PINN Baseline,0.34248686,-0.46535608
PINN Baseline,0.35956144,-0.4442269
PINN Baseline,0.32981652,-0.4817276
PINN Baseline,0.34409207,-0.46332532
PINN Baseline,0.3424617,-0.465388
PINN Baseline,0.32676494,-0.48576453
PINN Baseline,0.33981234,-0.46876085
PINN Baseline,0.35061908,-0.45516446
PINN Baseline,0.34488428,-0.46232662
PINN Baseline,0.33672005,-0.47273102
PINN Baseline,0.3352105,-0.4746824
PINN Baseline,0.33693707,-0.4724512
PINN Baseline,0.34267396,-0.46511889
PINN Baseline,0.34180033,-0.46622753
PINN Baseline,0.3439477,-0.4635076
PINN Baseline,0.3425343,-0.46529594
PINN Baseline,0.3216644,-0.492597
PINN Baseline,0.3386315,-0.47027263
PINN Baseline,0.3283118,-0.4837135
PINN Baseline,0.3441698,-0.46322724
PINN Baseline,0.3360325,-0.47361872
PINN Baseline,0.33034998,-0.48102573
PINN Baseline,0.3410228,-0.4672166
PINN Baseline,0.34773242,-0.4587548
PINN Baseline,0.32900143,-0.4828022
PINN Baseline,0.33842576,-0.4705366
PINN Baseline,0.33903456,-0.46975604
PINN Baseline,0.33565748,-0.47410366
PINN Baseline,0.350344,-0.4555053
PINN Baseline,0.34559518,-0.4614323
PINN Baseline,0.33794725,-0.47115108
PINN Baseline,0.33524966,-0.47463164
PINN Baseline,0.33093655,-0.48025528
PINN Baseline,0.33817446,-0.4708592
PINN Baseline,0.3457936,-0.46118304
PINN Baseline,0.3443827,-0.46295866
PINN Baseline,0.32155752,-0.49274132
PINN Baseline,0.33678633,-0.47264555
PINN Baseline,0.3280328,-0.48408273
PINN Baseline,0.32001477,-0.49482998
PINN Baseline,0.34092945,-0.4673355
PINN Baseline,0.34255284,-0.46527243
PINN Baseline,0.33943236,-0.46924675
PINN Baseline,0.32833737,-0.48367968
PINN Baseline,0.33642423,-0.47311273
PINN Baseline,0.3366179,-0.4728628
PINN Baseline,0.33799577,-0.47108874
PINN Baseline,0.33995235,-0.46858194
PINN Baseline,0.3342098,-0.47598082
PINN Baseline,0.33068794,-0.48058164
PINN Baseline,0.34136415,-0.4667821
PINN Baseline,0.33163798,-0.47933576
PINN Baseline,0.33832926,-0.47066045
PINN Baseline,0.34218806,-0.46573514
PINN Baseline,0.32606012,-0.48670232
PINN Baseline,0.32788545,-0.48427784
PINN Baseline,0.3463868,-0.46043867
PINN Baseline,0.34520066,-0.4619284
PINN Baseline,0.35233516,-0.45304403
PINN Baseline,0.32849634,-0.48346946
PINN Baseline,0.32310796,-0.49065235
PINN Baseline,0.3268392,-0.48566586
PINN Baseline,0.33353198,-0.47686252
PINN Baseline,0.31996596,-0.49489623
PINN Baseline,0.3354389,-0.47438657
PINN Baseline,0.33750468,-0.4717202
PINN Baseline,0.3305965,-0.48070174
PINN Baseline,0.3334872,-0.4769208
PINN Baseline,0.33680952,-0.47261566
PINN Baseline,0.3420899,-0.46585977
PINN Baseline,0.335298,-0.47456902
PINN Baseline,0.33631337,-0.47325587
PINN Baseline,0.3479991,-0.4584219
PINN Baseline,0.3234898,-0.49013942
PINN Baseline,0.34854805,-0.45773733
PINN Baseline,0.3386945,-0.47019184
PINN Baseline,0.33541375,-0.47441915
PINN Baseline,0.32762808,-0.4846189
PINN Baseline,0.35669369,-0.44770458
PINN Baseline,0.31111068,-0.5070851
PINN Baseline,0.3448214,-0.4624058
PINN Baseline,0.33080506,-0.48042786
PINN Baseline,0.33042294,-0.48092982
PINN Baseline,0.32981133,-0.48173442
PINN Baseline,0.3259288,-0.48687726
PINN Baseline,0.33189332,-0.4790015
PINN Baseline,0.34887475,-0.45733047
PINN Baseline,0.34435326,-0.4629958
PINN Baseline,0.3538118,-0.4512277
PINN Baseline,0.33475155,-0.4752774
PINN Baseline,0.3427704,-0.4649967
PINN Baseline,0.32736135,-0.4849726
PINN Baseline,0.34203994,-0.46592316
PINN Baseline,0.33920437,-0.46953857
PINN Baseline,0.3364628,-0.47306296
PINN Baseline,0.34931576,-0.4567818
PINN Baseline,0.33761716,-0.4715755
PINN Baseline,0.3305639,-0.48074457
PINN Baseline,0.33529508,-0.4745728
PINN Baseline,0.33979803,-0.46877915
PINN Baseline,0.33492428,-0.47505337
PINN Baseline,0.344486,-0.46282843
PINN Baseline,0.33752394,-0.47169542
PINN Baseline,0.34460288,-0.46268108
PINN Baseline,0.34064668,-0.46769583
PINN Baseline,0.3490765,-0.45707938
PINN Baseline,0.34413266,-0.4632741
PINN Baseline,0.32785726,-0.4843152
PINN Baseline,0.34739518,-0.4591762
PINN Baseline,0.36041898,-0.44319236
PINN Baseline,0.3372848,-0.47200322
PINN Baseline,0.33583373,-0.4738757
PINN Baseline,0.3335284,-0.47686717
PINN Baseline,0.32867676,-0.483231
PINN Baseline,0.35141963,-0.45417398
PINN Baseline,0.34421337,-0.46317226
PINN Baseline,0.3486002,-0.45767236
PINN Baseline,0.34622443,-0.4606423
PINN Baseline,0.3450964,-0.46205956
PINN Baseline,0.33967727,-0.46893352
PINN Baseline,0.33087772,-0.48033246
PINN Baseline,0.33652282,-0.47298548
PINN Baseline,0.34142637,-0.46670294
PINN Baseline,0.333525,-0.4768716
PINN Baseline,0.3563071,-0.44817555
PINN Baseline,0.32914227,-0.48261634
PINN Baseline,0.34700394,-0.4596656
PINN Baseline,0.33152634,-0.47948197
PINN Baseline,0.3365329,-0.47297248
PINN Baseline,0.34224057,-0.4656685
PINN Baseline,0.33488202,-0.47510818
PINN Baseline,0.35050625,-0.45530424
PINN Baseline,0.35784143,-0.4463094
PINN Baseline,0.33182228,-0.47909448
PINN Baseline,0.3569746,-0.4473627
PINN Baseline,0.3357463,-0.47398877
PINN Baseline,0.3205433,-0.4941133
PINN Baseline,0.33774853,-0.47140655
PINN Baseline,0.34025645,-0.46819362
PINN Baseline,0.33614433,-0.4734742
PINN Baseline,0.3427962,-0.464964
PINN Baseline,0.34787446,-0.45857745
PINN Baseline,0.333502,-0.47690156
PINN Baseline,0.3440153,-0.46342224
PINN Baseline,0.347584,-0.4589402
PINN Baseline,0.35571086,-0.44890288
PINN Baseline,0.3363893,-0.47315782
PINN Baseline,0.3518551,-0.45363614
PINN Baseline,0.33383012,-0.4764745
PINN Baseline,0.34005964,-0.4684449
PINN Baseline,0.33263284,-0.47803488
PINN Baseline,0.33032203,-0.48106247
PINN Baseline,0.35686362,-0.44749773
PINN Baseline,0.3215978,-0.4926869
PINN Baseline,0.34767044,-0.45883223
PINN Baseline,0.35281342,-0.4524549
PINN Baseline,0.36751932,-0.43471983
PINN Baseline,0.34391195,-0.46355274
PINN Baseline,0.34857786,-0.4577002
PINN Baseline,0.3307802,-0.4804605
PINN Baseline,0.35850722,-0.4455021
PINN Baseline,0.34546053,-0.46160156
PINN Baseline,0.34620172,-0.46067077
PINN Baseline,0.36096406,-0.44253603
PINN Baseline,0.3433432,-0.46427155
PINN Baseline,0.34347582,-0.46410382
PINN Baseline,0.34984124,-0.456129
PINN Baseline,0.3463952,-0.46042815
PINN Baseline,0.3583277,-0.44571963
PINN Baseline,0.34881204,-0.45740852
PINN Baseline,0.35222715,-0.45317718
PINN Baseline,0.33124888,-0.47984558
PINN Baseline,0.3487965,-0.4574279
PINN Baseline,0.34405684,-0.4633698
PINN Baseline,0.33933604,-0.46937
PINN Baseline,0.36162817,-0.44173774
PINN Baseline,0.33674198,-0.47270274
PINN Baseline,0.3281573,-0.48391792
PINN Baseline,0.33899993,-0.46980038
PINN Baseline,0.33250535,-0.47820136
PINN Baseline,0.35263658,-0.45267263
PINN Baseline,0.3524897,-0.45285356
PINN Baseline,0.32170337,-0.49254438
PINN Baseline,0.34155965,-0.46653345
PINN Baseline,0.3479246,-0.45851487
PINN Baseline,0.31485504,-0.50188935
PINN Baseline,0.3440541,-0.46337324
PINN Baseline,0.34733945,-0.4592459
PINN Baseline,0.33794045,-0.47115982
PINN Baseline,0.33324087,-0.47724175
PINN Baseline,0.33140558,-0.4796402
PINN Baseline,0.3539449,-0.45106435
PINN Baseline,0.3600092,-0.4436864
PINN Baseline,0.32169586,-0.49255452
PINN Baseline,0.35144526,-0.4541423
PINN Baseline,0.35099447,-0.45469972
PINN Baseline,0.34586078,-0.46109867
PINN Baseline,0.3505749,-0.45521918
PINN Baseline,0.3516009,-0.45395005
PINN Baseline,0.34259975,-0.46521297
PINN Baseline,0.34455246,-0.46274465
PINN Baseline,0.3357824,-0.47394207
PINN Baseline,0.34664536,-0.46011463
PINN Baseline,0.33242524,-0.47830603
PINN Baseline,0.35506982,-0.44968626
PINN Baseline,0.3341664,-0.4760372
PINN Baseline,0.34583628,-0.46112946
PINN Baseline,0.3565923,-0.44782805
PINN Baseline,0.3564738,-0.4479724
PINN Baseline,0.35326684,-0.45189714
PINN Baseline,0.3327697,-0.47785625
PINN Baseline,0.3461796,-0.46069852
PINN Baseline,0.3541149,-0.45085582
PINN Baseline,0.34999663,-0.45593613
PINN Baseline,0.33852,-0.47041568
PINN Baseline,0.35127956,-0.45434713
PINN Baseline,0.34693098,-0.4597569
PINN Baseline,0.33685857,-0.4725524
PINN Baseline,0.35762203,-0.44657573
PINN Baseline,0.35008395,-0.4558278
PINN Baseline,0.34590054,-0.46104875
PINN Baseline,0.34787518,-0.45857656
PINN Baseline,0.34544832,-0.46161693
PINN Baseline,0.32794374,-0.48420066
PINN Baseline,0.35002887,-0.45589614
PINN Baseline,0.3360778,-0.47356015
PINN Baseline,0.34539652,-0.46168205
PINN Baseline,0.36301136,-0.44007978
PINN Baseline,0.33031273,-0.4810747
PINN Baseline,0.34328336,-0.46434724
PINN Baseline,0.33776468,-0.47138578
PINN Baseline,0.3393532,-0.46934804
PINN Baseline,0.3505507,-0.45524916
PINN Baseline,0.3392499,-0.46948025
PINN Baseline,0.34353006,-0.46403524
PINN Baseline,0.34347957,-0.46409908
PINN Baseline,0.3442976,-0.463066
PINN Baseline,0.33605897,-0.4735845
PINN Baseline,0.33125454,-0.47983816
PINN Baseline,0.34222358,-0.46569008
PINN Baseline,0.3380332,-0.47104064
PINN Baseline,0.3318506,-0.4790574
PINN Baseline,0.35593724,-0.44862658
PINN Baseline,0.33669114,-0.4727683
PINN Baseline,0.35671264,-0.44768152
PINN Baseline,0.35191578,-0.45356128
PINN Baseline,0.34424186,-0.46313632
PINN Baseline,0.35766745,-0.4465206
PINN Baseline,0.3541125,-0.45085874
PINN Baseline,0.35060596,-0.4551807
PINN Baseline,0.34220076,-0.46571904
PINN Baseline,0.3466121,-0.4601563
PINN Baseline,0.32915127,-0.48260447
PINN Baseline,0.3365816,-0.47290966
PINN Baseline,0.33339608,-0.47703952
PINN Baseline,0.35255277,-0.45277587
PINN Baseline,0.34375888,-0.46374607
PINN Baseline,0.3373571,-0.47191015
PINN Baseline,0.34537578,-0.46170813
PINN Baseline,0.3533126,-0.45184085
PINN Baseline,0.339657,-0.46895942
PINN Baseline,0.33650154,-0.47301295
PINN Baseline,0.34735596,-0.45922524
PINN Baseline,0.33966672,-0.468947
PINN Baseline,0.33310688,-0.4774164
PINN Baseline,0.33500397,-0.47495005
PINN Baseline,0.3362245,-0.47337064
PINN Baseline,0.3318045,-0.47911772
PINN Baseline,0.3299545,-0.48154593
PINN Baseline,0.34633756,-0.46050042
PINN Baseline,0.350246,-0.45562682
PINN Baseline,0.34467345,-0.46259215
PINN Baseline,0.3400855,-0.46841186
PINN Baseline,0.33638877,-0.4731585
PINN Baseline,0.33581543,-0.47389936
PINN Baseline,0.3616228,-0.44174418
PINN Baseline,0.35127193,-0.45435655
PINN Baseline,0.3374024,-0.47185183
PINN Baseline,0.33882856,-0.47002
PINN Baseline,0.3481545,-0.458228
PINN Baseline,0.3503815,-0.45545885
PINN Baseline,0.3497827,-0.45620167
PINN Baseline,0.34309405,-0.46458682
PINN Baseline,0.3407157,-0.46760786
PINN Baseline,0.3384816,-0.47046492
PINN Baseline,0.3575508,-0.44666225
PINN Baseline,0.3318169,-0.47910148
PINN Baseline,0.34809005,-0.4583084
PINN Baseline,0.34091884,-0.467349
PINN Baseline,0.3346203,-0.4754477
PINN Baseline,0.34767574,-0.45882562
PINN Baseline,0.3602662,-0.44337648
PINN Baseline,0.3281049,-0.48398727
PINN Baseline,0.34601456,-0.46090564
PINN Baseline,0.32963192,-0.48197073
PINN Baseline,0.3571449,-0.44715557
PINN Baseline,0.32723773,-0.48513663
PINN Baseline,0.3391797,-0.46957016
PINN Baseline,0.3473069,-0.45928657
PINN Baseline,0.36266345,-0.4404962
PINN Baseline,0.33553678,-0.47425988
PINN Baseline,0.33366454,-0.47668996
PINN Baseline,0.31832147,-0.49713406
PINN Baseline,0.34804374,-0.4583662
PINN Baseline,0.34545153,-0.46161288
PINN Baseline,0.34122783,-0.46695554
PINN Baseline,0.35267514,-0.45262516
PINN Baseline,0.3420365,-0.46592757
PINN Baseline,0.33666116,-0.472807
PINN Baseline,0.34906507,-0.45709363
PINN Baseline,0.32733923,-0.48500195
PINN Baseline,0.34136808,-0.4667771
PINN Baseline,0.34053534,-0.4678378
PINN Baseline,0.348063,-0.45834216
PINN Baseline,0.34596372,-0.46096945
PINN Baseline,0.31029528,-0.50822484
PINN Baseline,0.33565474,-0.47410724
PINN Baseline,0.33709675,-0.47224542
PINN Baseline,0.35370606,-0.45135748
PINN Baseline,0.35214698,-0.45327604
PINN Baseline,0.34155422,-0.46654034
PINN Baseline,0.35096282,-0.4547389
PINN Baseline,0.34438366,-0.46295747
PINN Baseline,0.34138978,-0.4667495
PINN Baseline,0.34406722,-0.4633567
PINN Baseline,0.3399238,-0.46861842
PINN Baseline,0.34456444,-0.46272954
PINN Baseline,0.34682906,-0.45988452
PINN Baseline,0.34273487,-0.4650417
PINN Baseline,0.33822072,-0.4707998
PINN Baseline,0.3535002,-0.45161036
PINN Baseline,0.3382845,-0.4707179
PINN Baseline,0.35877514,-0.44517764
PINN Baseline,0.34020293,-0.46826196
PINN Baseline,0.33242917,-0.47830087
PINN Baseline,0.34140378,-0.46673167
PINN Baseline,0.3252799,-0.48774278
PINN Baseline,0.3593375,-0.44449744
PINN Baseline,0.35336655,-0.45177457
PINN Baseline,0.3282622,-0.4837791
PINN Baseline,0.34589362,-0.46105745
PINN Baseline,0.33334786,-0.47710234
PINN Baseline,0.34794092,-0.45849448
PINN Baseline,0.35257798,-0.4527448
PINN Baseline,0.3576535,-0.44653752
PINN Baseline,0.3545701,-0.4502979
PINN Baseline,0.34367275,-0.4638549
PINN Baseline,0.3619867,-0.4413074
PINN Baseline,0.34350717,-0.46406418
PINN Baseline,0.33965963,-0.46895605
PINN Baseline,0.3488556,-0.45735428
PINN Baseline,0.3302012,-0.48122135
PINN Baseline,0.33394814,-0.47632098
PINN Baseline,0.34843826,-0.45787415
PINN Baseline,0.33622575,-0.47336903
PINN Baseline,0.34100902,-0.46723413
PINN Baseline,0.34669936,-0.46004698
PINN Baseline,0.33729208,-0.47199386
PINN Baseline,0.31475455,-0.502028
PINN Baseline,0.35744572,-0.4467899
PINN Baseline,0.35535872,-0.449333
PINN Baseline,0.35867298,-0.44530135
PINN Baseline,0.33431882,-0.47583917
PINN Baseline,0.34862947,-0.4576359
PINN Baseline,0.34023404,-0.46822223
PINN Baseline,0.3648275,-0.4379124
PINN Baseline,0.34387553,-0.46359873
PINN Baseline,0.33591902,-0.4737654
PINN Baseline,0.34657538,-0.4602023
PINN Baseline,0.34577906,-0.4612013
PINN Baseline,0.33618957,-0.47341576
PINN Baseline,0.34295768,-0.46475947
PINN Baseline,0.35783523,-0.4463169
PINN Baseline,0.34923327,-0.45688438
PINN Baseline,0.33539462,-0.4744439
PINN Baseline,0.33684975,-0.47256377
PINN Baseline,0.35173208,-0.453788
PINN Baseline,0.35643035,-0.44802532
PINN Baseline,0.34184086,-0.46617603
PINN Baseline,0.33974642,-0.46884513
PINN Baseline,0.35457957,-0.4502863
PINN Baseline,0.3423493,-0.46553057
PINN Baseline,0.33626354,-0.47332022
PINN Baseline,0.34189028,-0.46611324
PINN Baseline,0.35014176,-0.4557561
PINN Baseline,0.33696932,-0.47240964
PINN Baseline,0.35399318,-0.4510051
PINN Baseline,0.3338148,-0.4764944
PINN Baseline,0.3590359,-0.44486213
PINN Baseline,0.35852993,-0.4454746
PINN Baseline,0.347368,-0.4592102
PINN Baseline,0.34987873,-0.45608246
PINN Baseline,0.35454637,-0.45032695
PINN Baseline,0.34321553,-0.46443307
PINN Baseline,0.34786773,-0.45858586
PINN Baseline,0.34324098,-0.46440086
PINN Baseline,0.35355932,-0.45153773
PINN Baseline,0.3532707,-0.45189238
PINN Baseline,0.35274357,-0.4525409
PINN Baseline,0.36830747,-0.43378946
PINN Baseline,0.33903003,-0.46976185
PINN Baseline,0.35309476,-0.45210874
PINN Baseline,0.3422498,-0.4656568
PINN Baseline,0.3455181,-0.4615292
PINN Baseline,0.35130888,-0.45431086
PINN Baseline,0.36524498,-0.43741575
PINN Baseline,0.3399316,-0.46860844
PINN Baseline,0.3306797,-0.48059246
PINN Baseline,0.33510458,-0.47481963
PINN Baseline,0.32224643,-0.49181187
PINN Baseline,0.35371578,-0.45134556
PINN Baseline,0.3351323,-0.47478372
PINN Baseline,0.34216833,-0.4657602
PINN Baseline,0.3277778,-0.48442045
PINN Baseline,0.3390305,-0.46976122
PINN Baseline,0.34332967,-0.46428865
PINN Baseline,0.3330136,-0.47753805
PINN Baseline,0.3383751,-0.47060162
PINN Baseline,0.35970145,-0.4440578
PINN Baseline,0.3540712,-0.4509094
PINN Baseline,0.34074044,-0.46757632
PINN Baseline,0.36094147,-0.4425632
PINN Baseline,0.33697307,-0.4724048
PINN Baseline,0.34969813,-0.4563067
PINN Baseline,0.34458882,-0.46269882
PINN Baseline,0.34111112,-0.4671041
PINN Baseline,0.34366775,-0.46386123
PINN Baseline,0.33849752,-0.4704445
PINN Baseline,0.33764642,-0.47153786
PINN Baseline,0.35576975,-0.448831
PINN Baseline,0.34517276,-0.46196347
PINN Baseline,0.35829884,-0.4457546
PINN Baseline,0.35504317,-0.44971883
PINN Baseline,0.35167563,-0.45385772
PINN Baseline,0.35791945,-0.4462147
PINN Baseline,0.3360296,-0.47362247
PINN Baseline,0.33681774,-0.47260505
PINN Baseline,0.3316899,-0.47926775
PINN Baseline,0.33501577,-0.47493476
PINN Baseline,0.34309888,-0.4645807
PINN Baseline,0.33143073,-0.47960722
PINN Baseline,0.3487625,-0.4574702
PINN Baseline,0.34507525,-0.4620862
PINN Baseline,0.32869792,-0.48320305
PINN Baseline,0.34767485,-0.45882672
PINN Baseline,0.32561028,-0.4873019
PINN Baseline,0.3571772,-0.4471163
PINN Baseline,0.3597139,-0.44404277
PINN Baseline,0.34063727,-0.46770784
PINN Baseline,0.36155993,-0.4418197
PINN Baseline,0.33724988,-0.4720482
PINN Baseline,0.33987415,-0.46868187
PINN Baseline,0.3481061,-0.45828837
PINN Baseline,0.3501519,-0.45574352
PINN Baseline,0.3458628,-0.46109614
PINN Baseline,0.33053976,-0.48077628
PINN Baseline,0.33388126,-0.47640795
PINN Baseline,0.35548544,-0.4491782
PINN Baseline,0.33635223,-0.4732057
PINN Baseline,0.33756167,-0.47164688
PINN Baseline,0.34498155,-0.46220413
PINN Baseline,0.33964628,-0.46897313
PINN Baseline,0.35280615,-0.45246387
PINN Baseline,0.33155894,-0.47943926
PINN Baseline,0.34528595,-0.46182108
PINN Baseline,0.35710424,-0.44720498
PINN Baseline,0.33498335,-0.47497678
PINN Baseline,0.34630185,-0.46054518
PINN Baseline,0.34969914,-0.45630544
PINN Baseline,0.34980834,-0.45616984
PINN Baseline,0.34274727,-0.465026
PINN Baseline,0.33254868,-0.47814476
PINN Baseline,0.35052174,-0.45528504
PINN Baseline,0.3483867,-0.45793843
PINN Baseline,0.34194583,-0.4660427
PINN Baseline,0.33259785,-0.47808057
PINN Baseline,0.35313135,-0.4520637
PINN Baseline,0.33312082,-0.47739822
PINN Baseline,0.353144,-0.45204818
PINN Baseline,0.32635844,-0.48630515
PINN Baseline,0.33748293,-0.4717482
PINN Baseline,0.34339154,-0.46421042
PINN Baseline,0.3484733,-0.4578305
PINN Baseline,0.3316357,-0.4793387
PINN Baseline,0.3348177,-0.4751916
PINN Baseline,0.3322683,-0.4785111
PINN Baseline,0.3468122,-0.45990565
PINN Baseline,0.34150618,-0.46660143
PINN Baseline,0.3470134,-0.45965374
PINN Baseline,0.32773256,-0.4844804
PINN Baseline,0.32847053,-0.48350358
PINN Baseline,0.35175937,-0.4537543
PINN Baseline,0.3460576,-0.4608516
PINN Baseline,0.33820045,-0.47082582
PINN Baseline,0.35050827,-0.45530173
PINN Baseline,0.33723503,-0.47206733
PINN Baseline,0.3398329,-0.46873456
PINN Baseline,0.33342922,-0.47699633
PINN Baseline,0.339827,-0.4687421
PINN Baseline,0.3519597,-0.45350707
PINN Baseline,0.3407132,-0.46761104
PINN Baseline,0.34058696,-0.46777198
PINN Baseline,0.33911443,-0.46965373
PINN Baseline,0.3616119,-0.4417573
PINN Baseline,0.331317,-0.47975627
PINN Baseline,0.3440042,-0.46343625
PINN Baseline,0.35514486,-0.44959447
PINN Baseline,0.34518045,-0.46195382
PINN Baseline,0.34387618,-0.4635979
PINN Baseline,0.34093893,-0.46732342
PINN Baseline,0.3317619,-0.47917348
PINN Baseline,0.3457343,-0.46125755
PINN Baseline,0.3292542,-0.48246866
PINN Baseline,0.3524691,-0.45287895
PINN Baseline,0.34861958,-0.45764822
PINN Baseline,0.3290528,-0.4827344
PINN Baseline,0.33394688,-0.4763226
PINN Baseline,0.34056157,-0.46780437
PINN Baseline,0.3437487,-0.46375895
PINN Baseline,0.34552944,-0.46151495
PINN Baseline,0.34388584,-0.4635857
PINN Baseline,0.35497016,-0.44980815
PINN Baseline,0.35560024,-0.44903797
PINN Baseline,0.34023964,-0.46821508
PINN Baseline,0.3394286,-0.46925157
PINN Baseline,0.33458734,-0.4754905
PINN Baseline,0.3397193,-0.4688798
PINN Baseline,0.3494795,-0.45657828
PINN Baseline,0.3449769,-0.46220997
PINN Baseline,0.33674484,-0.47269905
PINN Baseline,0.34299612,-0.4647108
PINN Baseline,0.34462422,-0.4626542
PINN Baseline,0.35182154,-0.45367756
PINN Baseline,0.3609622,-0.44253826
PINN Baseline,0.33924204,-0.46949032
PINN Baseline,0.33619553,-0.47340807
PINN Baseline,0.34949178,-0.45656303
PINN Baseline,0.3297037,-0.4818762
PINN Baseline,0.34370977,-0.46380812
PINN Baseline,0.3667633,-0.43561414
PINN Baseline,0.33993328,-0.46860632
PINN Baseline,0.3447045,-0.46255302
PINN Baseline,0.3319115,-0.47897768
PINN Baseline,0.33749688,-0.47173023
PINN Baseline,0.33263528,-0.4780317
PINN Baseline,0.34761488,-0.45890164
PINN Baseline,0.34520596,-0.46192172
PINN Baseline,0.33886153,-0.46997774
PINN Baseline,0.35478598,-0.45003355
PINN Baseline,0.34880006,-0.45742345
PINN Baseline,0.33902705,-0.46976566
PINN Baseline,0.33513284,-0.474783
PINN Baseline,0.33247352,-0.47824293
PINN Baseline,0.33643794,-0.47309503
PINN Baseline,0.35665357,-0.44775343
PINN Baseline,0.3481205,-0.4582704
PINN Baseline,0.34554803,-0.46149158
PINN Baseline,0.34761906,-0.45889643
PINN Baseline,0.34350824,-0.46406284
PINN Baseline,0.34494972,-0.4622442
PINN Baseline,0.3488167,-0.45740274
PINN Baseline,0.33930612,-0.4694083
PINN Baseline,0.34672773,-0.46001142
PINN Baseline,0.3447351,-0.46251452
PINN Baseline,0.3400606,-0.4684437
PINN Baseline,0.35077733,-0.45496848
PINN Baseline,0.3291294,-0.48263332
PINN Baseline,0.34392953,-0.46353054
PINN Baseline,0.34749508,-0.45905134
PINN Baseline,0.35208708,-0.45334992
PINN Baseline,0.35979885,-0.44394022
PINN Baseline,0.33423632,-0.47594637
PINN Baseline,0.33995736,-0.46857557
PINN Baseline,0.35531282,-0.44938913
PINN Baseline,0.34679055,-0.45993274
PINN Baseline,0.35474873,-0.45007914
PINN Baseline,0.3434828,-0.46409503
PINN Baseline,0.33674002,-0.47270527
PINN Baseline,0.35463268,-0.45022124
PINN Baseline,0.3432758,-0.46435684
PINN Baseline,0.3439446,-0.4635115
PINN Baseline,0.3545159,-0.45036426
PINN Baseline,0.34502733,-0.4621465
PINN Baseline,0.34272677,-0.46505198
PINN Baseline,0.3355832,-0.47419977
PINN Baseline,0.33358973,-0.47678733
PINN Baseline,0.3382457,-0.47076774
PINN Baseline,0.34396774,-0.4634823
PINN Baseline,0.34222424,-0.46568924
PINN Baseline,0.35130095,-0.45432067
PINN Baseline,0.3457873,-0.46119097
PINN Baseline,0.35249335,-0.4528491
PINN Baseline,0.35001916,-0.45590818
PINN Baseline,0.34228516,-0.46561193
PINN Baseline,0.34385884,-0.4636198
PINN Baseline,0.36718637,-0.43511346
PINN Baseline,0.3664927,-0.4359347
PINN Baseline,0.35782975,-0.44632354
PINN Baseline,0.34923816,-0.4568783
PINN Baseline,0.35360944,-0.45147616
PINN Baseline,0.33733076,-0.47194406
PINN Baseline,0.34096003,-0.46729654
PINN Baseline,0.3495612,-0.45647675
PINN Baseline,0.3570493,-0.44727182
PINN Baseline,0.35155022,-0.45401263
PINN Baseline,0.34696388,-0.45971572
PINN Baseline,0.35108656,-0.4545858
PINN Baseline,0.35221988,-0.45318612
PINN Baseline,0.32834476,-0.4836699
PINN Baseline,0.35349035,-0.45162243
PINN Baseline,0.33611763,-0.47350872
PINN Baseline,0.34280705,-0.46495026
PINN Baseline,0.33690816,-0.47248846
PINN Baseline,0.34897554,-0.45720503
PINN Baseline,0.34416264,-0.46323627
PINN Baseline,0.3465764,-0.46020103
PINN Baseline,0.33773816,-0.47141987
PINN Baseline,0.34625775,-0.4606005
PINN Baseline,0.34477526,-0.46246392
PINN Baseline,0.36269337,-0.44046038
PINN Baseline,0.343216,-0.46443248
PINN Baseline,0.35118854,-0.45445967
PINN Baseline,0.34038627,-0.46802795
PINN Baseline,0.34651732,-0.46027505
PINN Baseline,0.33798802,-0.4710987
PINN Baseline,0.34181297,-0.46621147
PINN Baseline,0.36047167,-0.44312885
PINN Baseline,0.3404162,-0.4679898
PINN Baseline,0.33300793,-0.4775454
PINN Baseline,0.33752096,-0.47169927
PINN Baseline,0.34932625,-0.45676878
PINN Baseline,0.34491342,-0.4622899
PINN Baseline,0.33449906,-0.4756051
PINN Baseline,0.34414417,-0.46325958
PINN Baseline,0.35035896,-0.45548677
PINN Baseline,0.34677136,-0.45995677
PINN Baseline,0.35454774,-0.45032528
PINN Baseline,0.34656787,-0.4602117
PINN Baseline,0.34073043,-0.46758908
PINN Baseline,0.35961527,-0.4441619
PINN Baseline,0.33981043,-0.4687633
PINN Baseline,0.34409183,-0.46332565
PINN Baseline,0.33543956,-0.4743857
PINN Baseline,0.34765607,-0.45885018
PINN Baseline,0.3394909,-0.46917188
PINN Baseline,0.3451174,-0.46203315
PINN Baseline,0.34866393,-0.457593
PINN Baseline,0.33337575,-0.47706598
PINN Baseline,0.33855957,-0.4703649
PINN Baseline,0.34923625,-0.4568807
PINN Baseline,0.34725273,-0.45935434
PINN Baseline,0.3488598,-0.4573491
PINN Baseline,0.34281218,-0.46494377
PINN Baseline,0.3577097,-0.44646928
PINN Baseline,0.34265655,-0.46514097
PINN Baseline,0.34148055,-0.46663404
PINN Baseline,0.34852904,-0.45776102
PINN Baseline,0.31970316,-0.49525306
PINN Baseline,0.34190083,-0.46609986
PINN Baseline,0.34619582,-0.4606782
PINN Baseline,0.34965324,-0.45636243
PINN Baseline,0.35789692,-0.44624203
PINN Baseline,0.3443702,-0.46297446
PINN Baseline,0.34848255,-0.45781896
PINN Baseline,0.35318512,-0.4519976
PINN Baseline,0.35304296,-0.45217246
PINN Baseline,0.33735186,-0.47191688
PINN Baseline,0.3486209,-0.45764658
PINN Baseline,0.3534193,-0.45170975
PINN Baseline,0.3388859,-0.4699465
PINN Baseline,0.34899354,-0.45718262
PINN Baseline,0.34573996,-0.46125042
PINN Baseline,0.34543264,-0.46163663
PINN Baseline,0.35463887,-0.45021367
PINN Baseline,0.3525744,-0.45274922
PINN Baseline,0.34620988,-0.46066055
PINN Baseline,0.3467946,-0.45992768
PINN Baseline,0.34286582,-0.4648758
PINN Baseline,0.34412432,-0.46328464
PINN Baseline,0.3372432,-0.4720568
PINN Baseline,0.35038894,-0.4554496
PINN Baseline,0.3580835,-0.44601572
PINN Baseline,0.35093987,-0.4547673
PINN Baseline,0.34118402,-0.46701133
PINN Baseline,0.3381281,-0.47091874
PINN Baseline,0.3534853,-0.45162866
PINN Baseline,0.34833068,-0.4580083
PINN Baseline,0.3421836,-0.46574083
PINN Baseline,0.33285075,-0.47775045
PINN Baseline,0.32817346,-0.48389655
PINN Baseline,0.33698732,-0.47238645
PINN Baseline,0.3434764,-0.46410307
PINN Baseline,0.34181064,-0.46621442
PINN Baseline,0.36051738,-0.44307378
PINN Baseline,0.3543926,-0.45051536
PINN Baseline,0.33740973,-0.47184238
PINN Baseline,0.34712768,-0.45951077
PINN Baseline,0.34970355,-0.45629996
PINN Baseline,0.34273207,-0.46504524
PINN Baseline,0.36143392,-0.4419711
PINN Baseline,0.3470176,-0.45964852
PINN Baseline,0.32903558,-0.48275715
PINN Baseline,0.34663153,-0.46013194
PINN Baseline,0.3422923,-0.46560284
PINN Baseline,0.3341835,-0.47601497
PINN Baseline,0.35770863,-0.4464706
PINN Baseline,0.32938236,-0.48229966
PINN Baseline,0.34409416,-0.4633227
PINN Baseline,0.3517807,-0.453728
PINN Baseline,0.3500641,-0.45585242
PINN Baseline,0.3384043,-0.47056413
PINN Baseline,0.35040182,-0.45543364
PINN Baseline,0.34362328,-0.46391743
PINN Baseline,0.34014273,-0.46833882
PINN Baseline,0.338472,-0.47047725
PINN Baseline,0.34333998,-0.46427563
PINN Baseline,0.34377563,-0.4637249
PINN Baseline,0.3570165,-0.4473117
PINN Baseline,0.35821325,-0.44585836
PINN Baseline,0.34864908,-0.45761147
PINN Baseline,0.3434041,-0.4641945
PINN Baseline,0.3446144,-0.4626666
PINN Baseline,0.33810955,-0.47094256
PINN Baseline,0.34408396,-0.46333557
PINN Baseline,0.3464632,-0.46034288
PINN Baseline,0.3358583,-0.47384393
PINN Baseline,0.3591869,-0.44467953
PINN Baseline,0.3381545,-0.47088483
PINN Baseline,0.33658528,-0.4729049
PINN Baseline,0.3373726,-0.47189018
PINN Baseline,0.342575,-0.46524432
PINN Baseline,0.35305375,-0.45215917
PINN Baseline,0.34422672,-0.46315542
PINN Baseline,0.3467561,-0.4599759
PINN Baseline,0.35306865,-0.45214084
PINN Baseline,0.33494437,-0.47502732
PINN Baseline,0.3495345,-0.45650995
PINN Baseline,0.34155285,-0.4665421
PINN Baseline,0.3433478,-0.46426573
PINN Baseline,0.33745128,-0.4717889
PINN Baseline,0.34678823,-0.45993567
PINN Baseline,0.32159758,-0.49268723
PINN Baseline,0.3384406,-0.47051755
PINN Baseline,0.33256483,-0.4781237
PINN Baseline,0.33711773,-0.4722184
PINN Baseline,0.33364415,-0.4767165
PINN Baseline,0.35343695,-0.45168805
PINN Baseline,0.36021423,-0.44343913
PINN Baseline,0.3380133,-0.47106624
PINN Baseline,0.35314804,-0.4520432
PINN Baseline,0.36044544,-0.44316047
PINN Baseline,0.3494569,-0.45660636
PINN Baseline,0.3200243,-0.49481702
PINN Baseline,0.32873636,-0.48315224
PINN Baseline,0.33527523,-0.47459853
PINN Baseline,0.3447594,-0.46248388
PINN Baseline,0.3237837,-0.48974502
PINN Baseline,0.35986257,-0.44386333
PINN Baseline,0.35803854,-0.44607022
PINN Baseline,0.35765445,-0.44653636
PINN Baseline,0.33036512,-0.48100582
PINN Baseline,0.35065818,-0.45511603
PINN Baseline,0.3474425,-0.45911705
PINN Baseline,0.3515045,-0.4540691
PINN Baseline,0.35297865,-0.45225155
PINN Baseline,0.3322125,-0.47858402
PINN Baseline,0.34166867,-0.46639484
PINN Baseline,0.34788328,-0.45856643
PINN Baseline,0.35867894,-0.4452941
PINN Baseline,0.34681702,-0.4598996
PINN Baseline,0.34277695,-0.46498838
PINN Baseline,0.34678537,-0.45993924
PINN Baseline,0.33842874,-0.47053277
PINN Baseline,0.3463304,-0.4605094
PINN Baseline,0.3296851,-0.4819007
PINN Baseline,0.3540628,-0.45091972
PINN Baseline,0.35253817,-0.45279387
PINN Baseline,0.3568505,-0.44751367
PINN Baseline,0.34801942,-0.45839652
PINN Baseline,0.3548059,-0.4500092
PINN Baseline,0.33237797,-0.47836778
PINN Baseline,0.35292464,-0.452318
PINN Baseline,0.3553577,-0.44933426
PINN Baseline,0.3366052,-0.4728792
PINN Baseline,0.34201044,-0.46596065
PINN Baseline,0.3490224,-0.4571467
PINN Baseline,0.3372234,-0.4720823
PINN Baseline,0.3531881,-0.45199394
PINN Baseline,0.34638572,-0.46044
PINN Baseline,0.35421646,-0.45073128
PINN Baseline,0.33850276,-0.47043777
PINN Baseline,0.34563464,-0.46138275
PINN Baseline,0.33747667,-0.47175625
PINN Baseline,0.33896542,-0.4698446
PINN Baseline,0.34206015,-0.46589753
PINN Baseline,0.33558172,-0.4742017
PINN Baseline,0.35242635,-0.45293164
PINN Baseline,0.35119605,-0.45445037
PINN Baseline,0.34559572,-0.46143165
PINN Baseline,0.35929012,-0.44455472
PINN Baseline,0.34397066,-0.4634786
PINN Baseline,0.33873647,-0.47013804
PINN Baseline,0.35555077,-0.44909838
PINN Baseline,0.3387118,-0.47016966
PINN Baseline,0.34898406,-0.45719442
PINN Baseline,0.34065896,-0.4676802
PINN Baseline,0.34685183,-0.459856
PINN Baseline,0.32259434,-0.49134326
PINN Baseline,0.35225868,-0.4531383
PINN Baseline,0.3460515,-0.46085924
PINN Baseline,0.34313697,-0.4645325
PINN Baseline,0.32713592,-0.48527175
PINN Baseline,0.34754336,-0.458991
PINN Baseline,0.3489614,-0.45722258
PINN Baseline,0.3435632,-0.46399337
PINN Baseline,0.3524956,-0.4528463
PINN Baseline,0.34702498,-0.45963925
PINN Baseline,0.33345103,-0.47696793
PINN Baseline,0.3415562,-0.46653783
PINN Baseline,0.3544618,-0.45043057
PINN Baseline,0.34939104,-0.45668823
PINN Baseline,0.33687156,-0.47253564
PINN Baseline,0.3315509,-0.4794498
PINN Baseline,0.3664924,-0.43593505
PINN Baseline,0.35229623,-0.453092
PINN Baseline,0.34272665,-0.46505213
PINN Baseline,0.3401168,-0.46837193
PINN Baseline,0.35412717,-0.45084074
PINN Baseline,0.35170496,-0.4538215
PINN Baseline,0.33916163,-0.4695933
PINN Baseline,0.34690505,-0.45978937
PINN Baseline,0.33249885,-0.47820985
PINN Baseline,0.34215367,-0.4657788
PINN Baseline,0.3418219,-0.4662001
PINN Baseline,0.33442652,-0.47569928
PINN Baseline,0.35274547,-0.45253855
PINN Baseline,0.33388054,-0.4764089
PINN Baseline,0.3538528,-0.45117736
PINN Baseline,0.33545488,-0.4743659
PINN Baseline,0.33810252,-0.4709516
PINN Baseline,0.34438914,-0.46295056
PINN Baseline,0.33944696,-0.4692281
PINN Baseline,0.3506925,-0.4550735
PINN Baseline,0.34178597,-0.46624577
PINN Baseline,0.34198678,-0.4659907
PINN Baseline,0.346905,-0.45978945
PINN Baseline,0.33076632,-0.4804787
PINN Baseline,0.33435744,-0.475789
PINN Baseline,0.3444336,-0.46289447
PINN Baseline,0.35158032,-0.45397544
PINN Baseline,0.33344436,-0.47697663
PINN Baseline,0.33342457,-0.4770024
PINN Baseline,0.34368378,-0.46384096
PINN Baseline,0.3529318,-0.45230922
PINN Baseline,0.33814818,-0.47089294
PINN Baseline,0.33630645,-0.4732648
PINN Baseline,0.34342754,-0.46416488
PINN Baseline,0.35417533,-0.4507817
PINN Baseline,0.32976562,-0.48179463
PINN Baseline,0.33593422,-0.47374576
PINN Baseline,0.33814543,-0.47089648
PINN Baseline,0.34612548,-0.46076643
PINN Baseline,0.34641153,-0.46040767
PINN Baseline,0.35255885,-0.4527684
PINN Baseline,0.34557658,-0.4614557
PINN Baseline,0.35799587,-0.446122
PINN Baseline,0.33736265,-0.471903
PINN Baseline,0.34946692,-0.45659393
PINN Baseline,0.36495352,-0.43776244
PINN Baseline,0.33732253,-0.47195464
PINN Baseline,0.34882677,-0.4573902
PINN Baseline,0.3393554,-0.4693452
PINN Baseline,0.3486808,-0.45757198
PINN Baseline,0.35137308,-0.45423153
PINN Baseline,0.3551129,-0.44963354
PINN Baseline,0.356346,-0.4481281
PINN Baseline,0.35199928,-0.45345822
PINN Baseline,0.32450718,-0.4887757
PINN Baseline,0.35429537,-0.4506345
PINN Baseline,0.34888822,-0.4573137
PINN Baseline,0.33664036,-0.4728338
PINN Baseline,0.35605055,-0.44848832
PINN Baseline,0.34195614,-0.46602958
PINN Baseline,0.35402882,-0.45096138
PINN Baseline,0.34754378,-0.45899048
PINN Baseline,0.3462233,-0.4606437
PINN Baseline,0.34107244,-0.46715337
PINN Baseline,0.3481567,-0.45822525
PINN Baseline,0.33543772,-0.47438812
PINN Baseline,0.34552294,-0.46152312
PINN Baseline,0.3365174,-0.47299248
PINN Baseline,0.3336122,-0.47675806
PINN Baseline,0.346745,-0.4599898
PINN Baseline,0.34483862,-0.4623841
PINN Baseline,0.33739954,-0.47185552
PINN Baseline,0.36626452,-0.43620515
PINN Baseline,0.350141,-0.45575705
PINN Baseline,0.3434885,-0.46408778
PINN Baseline,0.3487652,-0.45746687
PINN Baseline,0.32431054,-0.48903894
PINN Baseline,0.34043694,-0.46796334
PINN Baseline,0.34454185,-0.46275803
PINN Baseline,0.33208942,-0.47874495
PINN Baseline,0.34205014,-0.46591023
PINN Baseline,0.34747845,-0.4590721
PINN Baseline,0.34917766,-0.45695356
PINN Baseline,0.34589612,-0.4610543
PINN Baseline,0.34050047,-0.46788228
PINN Baseline,0.35351765,-0.4515889
PINN Baseline,0.34726351,-0.45934084
PINN Baseline,0.33670765,-0.47274703
PINN Baseline,0.3300088,-0.48147446
PINN Baseline,0.33458328,-0.47549576
PINN Baseline,0.34482932,-0.46239582
PINN Baseline,0.34513485,-0.4620112
PINN Baseline,0.3310663,-0.48008502
PINN Baseline,0.34415632,-0.46324426
PINN Baseline,0.34182817,-0.46619216
PINN Baseline,0.34759897,-0.45892152
PINN Baseline,0.35033584,-0.45551544
PINN Baseline,0.35672456,-0.447667
PINN Baseline,0.34931517,-0.45678255
PINN Baseline,0.3336478,-0.47671175
PINN Baseline,0.34553725,-0.46150514
PINN Baseline,0.33755797,-0.47165164
PINN Baseline,0.32566482,-0.48722917
PINN Baseline,0.35283923,-0.45242313
PINN Baseline,0.33795166,-0.47114542
PINN Baseline,0.3554101,-0.44927025
PINN Baseline,0.34881663,-0.45740283
PINN Baseline,0.34602666,-0.46089044
PINN Baseline,0.35078448,-0.45495963
PINN Baseline,0.3435517,-0.4640079
PINN Baseline,0.35507858,-0.44967553
PINN Baseline,0.3405723,-0.4677907
PINN Baseline,0.34346765,-0.46411416
PINN Baseline,0.3469764,-0.45970008
PINN Baseline,0.32729334,-0.48506284
PINN Baseline,0.34323835,-0.4644042
PINN Baseline,0.34106684,-0.4671605
PINN Baseline,0.34469044,-0.46257076
PINN Baseline,0.34365535,-0.4638769
PINN Baseline,0.3388611,-0.46997827
PINN Baseline,0.36998522,-0.43181562
PINN Baseline,0.33904767,-0.46973923
PINN Baseline,0.33079243,-0.48044443
PINN Baseline,0.35744333,-0.4467928
PINN Baseline,0.33908904,-0.46968624
PINN Baseline,0.35117292,-0.45447898
PINN Baseline,0.34433115,-0.4630237
PINN Baseline,0.35187536,-0.45361114
PINN Baseline,0.34797078,-0.45845723
PINN Baseline,0.34694785,-0.4597358
PINN Baseline,0.35119164,-0.45445582
PINN Baseline,0.3472047,-0.45941442
PINN Baseline,0.3494593,-0.4566034
PINN Baseline,0.33556992,-0.47421697
PINN Baseline,0.36459726,-0.4381866
PINN Baseline,0.345163,-0.46197578
PINN Baseline,0.33410656,-0.476115
PINN Baseline,0.35131377,-0.4543048
PINN Baseline,0.3161704,-0.5000788
PINN Baseline,0.34428102,-0.46308693
PINN Baseline,0.34997946,-0.45595744
PINN Baseline,0.3463791,-0.46044832
PINN Baseline,0.33952552,-0.46912757
PINN Baseline,0.3419621,-0.466022
PINN Baseline,0.35052156,-0.45528525
PINN Baseline,0.36518878,-0.43748257
PINN Baseline,0.32415462,-0.4892478
PINN Baseline,0.3487625,-0.4574702
PINN Baseline,0.34145397,-0.46666783
PINN Baseline,0.33978063,-0.46880138
PINN Baseline,0.32458156,-0.48867616
PINN Baseline,0.35060132,-0.45518646
PINN Baseline,0.35062373,-0.4551587
PINN Baseline,0.3356269,-0.47414324
PINN Baseline,0.34383982,-0.46364382
PINN Baseline,0.34946138,-0.45660082
PINN Baseline,0.3338588,-0.47643718
PINN Baseline,0.36028242,-0.44335693
PINN Baseline,0.33699763,-0.47237316
PINN Baseline,0.33412522,-0.47609073
PINN Baseline,0.35973865,-0.4440129
PINN Baseline,0.3478046,-0.4586647
PINN Baseline,0.34697837,-0.4596976
PINN Baseline,0.3485533,-0.4577308
PINN Baseline,0.32358503,-0.49001157
PINN Baseline,0.3437841,-0.4637142
PINN Baseline,0.3354699,-0.47434643
PINN Baseline,0.35001332,-0.45591542
PINN Baseline,0.34856182,-0.4577202
PINN Baseline,0.3521635,-0.45325565
PINN Baseline,0.3412199,-0.46696565
PINN Baseline,0.33203077,-0.47882167
PINN Baseline,0.348024,-0.4583908
PINN Baseline,0.34987974,-0.4560812
PINN Baseline,0.34978533,-0.45619842
PINN Baseline,0.33782065,-0.4713138
PINN Baseline,0.33823615,-0.47078
PINN Baseline,0.35238218,-0.45298606
PINN Baseline,0.36780888,-0.4343778
PINN Baseline,0.3405866,-0.46777245
PINN Baseline,0.3541953,-0.4507572
PINN Baseline,0.34890938,-0.45728737
PINN Baseline,0.3271414,-0.48526448
PINN Baseline,0.35024488,-0.45562822
PINN Baseline,0.3512596,-0.4543718
PINN Baseline,0.3498236,-0.4561509
PINN Baseline,0.34979427,-0.4561873
PINN Baseline,0.34272557,-0.4650535
PINN Baseline,0.343279,-0.46435276
PINN Baseline,0.35153824,-0.4540274
PINN Baseline,0.35315752,-0.45203155
PINN Baseline,0.35442156,-0.45047987
PINN Baseline,0.34822917,-0.45813486
PINN Baseline,0.3401013,-0.46839172
PINN Baseline,0.35126913,-0.45436
PINN Baseline,0.34229273,-0.46560234
PINN Baseline,0.3488112,-0.45740956
PINN Baseline,0.3433221,-0.46429825
PINN Baseline,0.33804744,-0.47102234
PINN Baseline,0.35499126,-0.44978234
PINN Baseline,0.358522,-0.4454842
PINN Baseline,0.33497953,-0.47498173
PINN Baseline,0.34318966,-0.4644658
PINN Baseline,0.34633803,-0.46049982
PINN Baseline,0.34619814,-0.46067527
PINN Baseline,0.3613544,-0.44206664
PINN Baseline,0.34836644,-0.4579637
PINN Baseline,0.33495355,-0.47501543
PINN Baseline,0.3389246,-0.4698969
PINN Baseline,0.33693063,-0.4724595
PINN Baseline,0.34606802,-0.46083853
PINN Baseline,0.34454072,-0.46275944
PINN Baseline,0.3534549,-0.451666
PINN Baseline,0.33267665,-0.4779777
PINN Baseline,0.34938067,-0.45670113
PINN Baseline,0.3327847,-0.47783664
PINN Baseline,0.33853036,-0.47040236
PINN Baseline,0.3506704,-0.4551009
PINN Baseline,0.35473847,-0.45009172
PINN Baseline,0.3456517,-0.46136132
PINN Baseline,0.33567953,-0.47407514
PINN Baseline,0.34400433,-0.4634361
PINN Baseline,0.34074283,-0.4675733
PINN Baseline,0.34842926,-0.45788538
PINN Baseline,0.34899062,-0.45718625
PINN Baseline,0.34369224,-0.46383026
PINN Baseline,0.3395577,-0.4690864
PINN Baseline,0.35690618,-0.44744593
PINN Baseline,0.34033322,-0.46809566
PINN Baseline,0.34404552,-0.4633841
PINN Baseline,0.3500048,-0.455926
PINN Baseline,0.33399498,-0.47626007
PINN Baseline,0.3382625,-0.47074616
PINN Baseline,0.35327214,-0.45189062
PINN Baseline,0.35245037,-0.45290202
PINN Baseline,0.3669806,-0.4353569
PINN Baseline,0.33204114,-0.4788081
PINN Baseline,0.33592367,-0.47375938
PINN Baseline,0.3423987,-0.4654679
PINN Baseline,0.33887488,-0.46996063
PINN Baseline,0.3345247,-0.4755718
PINN Baseline,0.33931857,-0.46939236
PINN Baseline,0.33893603,-0.46988225
PINN Baseline,0.33346063,-0.47695544
PINN Baseline,0.33630902,-0.47326148
PINN Baseline,0.3438506,-0.4636302
PINN Baseline,0.35349447,-0.4516174
PINN Baseline,0.3480512,-0.4583569
PINN Baseline,0.34217644,-0.4657499
PINN Baseline,0.3564648,-0.44798335
PINN Baseline,0.33331376,-0.47714674
PINN Baseline,0.35558844,-0.44905236
PINN Baseline,0.33865482,-0.47024274
PINN Baseline,0.34296638,-0.46474844
PINN Baseline,0.33516288,-0.47474408
PINN Baseline,0.3549496,-0.4498333
PINN Baseline,0.31798863,-0.4975884
PINN Baseline,0.35253483,-0.45279798
PINN Baseline,0.34030348,-0.4681336
PINN Baseline,0.33406675,-0.47616675
PINN Baseline,0.33581525,-0.47389957
PINN Baseline,0.3317849,-0.47914338
PINN Baseline,0.34036595,-0.4680539
PINN Baseline,0.350671,-0.45510015
PINN Baseline,0.3556292,-0.4490026
PINN Baseline,0.3562491,-0.44824624
PINN Baseline,0.3475176,-0.45902318
PINN Baseline,0.34814405,-0.45824102
PINN Baseline,0.33884144,-0.4700035
PINN Baseline,0.34891254,-0.45728344
PINN Baseline,0.3432585,-0.46437868
PINN Baseline,0.3526129,-0.45270178
PINN Baseline,0.35133678,-0.45427638
PINN Baseline,0.3418495,-0.46616504
PINN Baseline,0.33432204,-0.475835
PINN Baseline,0.33126706,-0.47982174
PINN Baseline,0.3452685,-0.46184304
PINN Baseline,0.34422702,-0.46315506
PINN Baseline,0.35604405,-0.44849625
PINN Baseline,0.3472339,-0.45937788
PINN Baseline,0.3544783,-0.45041034
PINN Baseline,0.3270501,-0.48538572
PINN Baseline,0.3362049,-0.47339597
PINN Baseline,0.33959627,-0.4690371
PINN Baseline,0.32512748,-0.48794633
PINN Baseline,0.35641122,-0.44804862
PINN Baseline,0.3548956,-0.4498994
PINN Baseline,0.3286848,-0.48322037
PINN Baseline,0.3305276,-0.48079225
PINN Baseline,0.32642835,-0.48621213
PINN Baseline,0.32243115,-0.49156302
PINN Baseline,0.35257572,-0.4527476
PINN Baseline,0.3331797,-0.47732145
PINN Baseline,0.33719254,-0.47212204
PINN Baseline,0.34091008,-0.46736017
PINN Baseline,0.3434744,-0.46410564
PINN Baseline,0.3389517,-0.46986216
PINN Baseline,0.30946618,-0.5093868
PINN Baseline,0.32666838,-0.4858929
PINN Baseline,0.33764803,-0.47153577
PINN Baseline,0.32413274,-0.4892771
PINN Baseline,0.35249537,-0.4528466
PINN Baseline,0.32043976,-0.4942536
PINN Baseline,0.34797013,-0.45845804
PINN Baseline,0.31909686,-0.49607748
PINN Baseline,0.3256905,-0.4871949
PINN Baseline,0.339939,-0.46859902
PINN Baseline,0.3260073,-0.48677266
PINN Baseline,0.34566075,-0.46134993
PINN Baseline,0.35439712,-0.45050982
PINN Baseline,0.32023454,-0.49453184
PINN Baseline,0.35274667,-0.4525371
PINN Baseline,0.33067197,-0.48060262
PINN Baseline,0.31602168,-0.5002831
PINN Baseline,0.3263266,-0.48634753
PINN Baseline,0.3300069,-0.481477
PINN Baseline,0.33247453,-0.47824162
PINN Baseline,0.33955455,-0.46909046
PINN Baseline,0.34245837,-0.46539223
PINN Baseline,0.3272426,-0.48513016
PINN Baseline,0.33007503,-0.48138735
PINN Baseline,0.34678566,-0.45993885
PINN Baseline,0.360515,-0.44307667
PINN Baseline,0.32508832,-0.48799863
PINN Baseline,0.34925735,-0.45685443
PINN Baseline,0.32005566,-0.4947745
PINN Baseline,0.33580124,-0.4739177
PINN Baseline,0.32338172,-0.49028453
PINN Baseline,0.3351453,-0.47476688
PINN Baseline,0.34406382,-0.463361
PINN Baseline,0.31635123,-0.49983045
PINN Baseline,0.33598328,-0.47368234
PINN Baseline,0.34230256,-0.46558985
PINN Baseline,0.36849296,-0.4335708
PINN Baseline,0.33586985,-0.47382897
PINN Baseline,0.34520012,-0.46192905
PINN Baseline,0.33154047,-0.47946346
PINN Baseline,0.3501302,-0.45577043
PINN Baseline,0.33482844,-0.47517768
PINN Baseline,0.34668106,-0.4600699
PINN Baseline,0.3561362,-0.44838387
PINN Baseline,0.331919,-0.47896788
PINN Baseline,0.33447856,-0.4756317
PINN Baseline,0.34607303,-0.46083224
PINN Baseline,0.3377555,-0.47139758
PINN Baseline,0.35993755,-0.44377285
PINN Baseline,0.34594113,-0.4609978
PINN Baseline,0.34633964,-0.4604978
PINN Baseline,0.3228556,-0.49099168
PINN Baseline,0.34940124,-0.45667556
PINN Baseline,0.3450607,-0.4621045
PINN Baseline,0.33718407,-0.47213295
PINN Baseline,0.36390823,-0.43900812
PINN Baseline,0.32078755,-0.4937825
PINN Baseline,0.32203817,-0.49209264
PINN Baseline,0.33192062,-0.47896576
PINN Baseline,0.3308701,-0.48034248
PINN Baseline,0.3477806,-0.45869467
PINN Baseline,0.34667963,-0.46007168
PINN Baseline,0.32059073,-0.49404904
PINN Baseline,0.339633,-0.46899015
PINN Baseline,0.34968984,-0.45631698
PINN Baseline,0.30939645,-0.5094847
PINN Baseline,0.3277489,-0.48445877
PINN Baseline,0.34560078,-0.46142527
PINN Baseline,0.3395058,-0.4691528
PINN Baseline,0.317725,-0.49794862
PINN Baseline,0.32821232,-0.4838451
PINN Baseline,0.34775758,-0.4587234
PINN Baseline,0.34839827,-0.457924
PINN Baseline,0.30574602,-0.5146392
PINN Baseline,0.33792734,-0.47117665
PINN Baseline,0.34026146,-0.46818724
PINN Baseline,0.3276571,-0.4845804
PINN Baseline,0.34038103,-0.46803465
PINN Baseline,0.3600849,-0.4435951
PINN Baseline,0.33849233,-0.47045118
PINN Baseline,0.3347742,-0.47524804
PINN Baseline,0.32278252,-0.49109
PINN Baseline,0.3450691,-0.46209392
PINN Baseline,0.33487427,-0.47511822
PINN Baseline,0.34810632,-0.45828807
PINN Baseline,0.3310176,-0.4801489
PINN Baseline,0.33402777,-0.47621742
PINN Baseline,0.35483414,-0.4499746
PINN Baseline,0.34422296,-0.46316016
PINN Baseline,0.341429,-0.4666996
PINN Baseline,0.32038444,-0.4943286
PINN Baseline,0.33984083,-0.46872446
PINN Baseline,0.3429929,-0.46471485
PINN Baseline,0.35047495,-0.455343
PINN Baseline,0.3312524,-0.47984096
PINN Baseline,0.34340024,-0.4641994
PINN Baseline,0.34566152,-0.46134895
PINN Baseline,0.33388734,-0.47640005
PINN Baseline,0.3475148,-0.4590267
PINN Baseline,0.34945118,-0.45661348
PINN Baseline,0.34170085,-0.46635395
PINN Baseline,0.33757895,-0.47162464
PINN Baseline,0.34296465,-0.46475065
PINN Baseline,0.31951678,-0.49550635
PINN Baseline,0.35024643,-0.45562628
PINN Baseline,0.33246344,-0.4782561
PINN Baseline,0.33677995,-0.47265378
PINN Baseline,0.356417,-0.4480416
PINN Baseline,0.3197735,-0.49515754
PINN Baseline,0.3391747,-0.46957657
PINN Baseline,0.32896852,-0.48284566
PINN Baseline,0.3336485,-0.47671083
PINN Baseline,0.34876668,-0.457465
PINN Baseline,0.3284098,-0.4835839
PINN Baseline,0.33819294,-0.47083548
PINN Baseline,0.34160495,-0.46647584
PINN Baseline,0.33296221,-0.47760504
PINN Baseline,0.3290763,-0.48270342
PINN Baseline,0.3273312,-0.48501262
PINN Baseline,0.33481622,-0.4751935
PINN Baseline,0.33291727,-0.47766367
PINN Baseline,0.32971543,-0.48186073
PINN Baseline,0.35033613,-0.45551506
PINN Baseline,0.32701093,-0.48543772
PINN Baseline,0.35170287,-0.4538241
PINN Baseline,0.3408628,-0.46742037
PINN Baseline,0.33966082,-0.46895453
PINN Baseline,0.35144222,-0.45414606
PINN Baseline,0.3481871,-0.45818734
PINN Baseline,0.34650886,-0.46028566
PINN Baseline,0.33786714,-0.47125405
PINN Baseline,0.3444783,-0.4628381
PINN Baseline,0.32470268,-0.48851413
PINN Baseline,0.33406168,-0.47617334
PINN Baseline,0.33283532,-0.4777706
PINN Baseline,0.3449918,-0.46219122
PINN Baseline,0.33329552,-0.47717053
PINN Baseline,0.33137268,-0.4796833
PINN Baseline,0.33251607,-0.47818735
PINN Baseline,0.34967732,-0.45633253
PINN Baseline,0.329426,-0.48224214
PINN Baseline,0.3287741,-0.4831024
PINN Baseline,0.3404262,-0.46797702
PINN Baseline,0.33373296,-0.4766009
PINN Baseline,0.32459724,-0.48865518
PINN Baseline,0.33642042,-0.47311765
PINN Baseline,0.32516348,-0.48789823
PINN Baseline,0.31998795,-0.49486637
PINN Baseline,0.32669115,-0.48586264
PINN Baseline,0.3405367,-0.46783605
PINN Baseline,0.3421846,-0.46573955
PINN Baseline,0.33415258,-0.47605518
PINN Baseline,0.34413928,-0.46326575
PINN Baseline,0.33020324,-0.48121867
PINN Baseline,0.33053517,-0.48078233
PINN Baseline,0.3563447,-0.44812968
PINN Baseline,0.35165584,-0.45388216
PINN Baseline,0.3317346,-0.47920924
PINN Baseline,0.33558565,-0.4741966
PINN Baseline,0.34334958,-0.4642635
PINN Baseline,0.33422643,-0.4759592
PINN Baseline,0.34063035,-0.46771666
PINN Baseline,0.33694,-0.47244745
PINN Baseline,0.33170712,-0.47924522
PINN Baseline,0.3221894,-0.49188876
PINN Baseline,0.35766864,-0.44651914
PINN Baseline,0.3234781,-0.4901551
PINN Baseline,0.33922333,-0.46951428
PINN Baseline,0.33465368,-0.4754044
PINN Baseline,0.32970876,-0.48186952
PINN Baseline,0.34602422,-0.4608935
PINN Baseline,0.35287577,-0.45237815
PINN Baseline,0.30699807,-0.51286435
PINN Baseline,0.3339538,-0.47631362
PINN Baseline,0.30759126,-0.512026
PINN Baseline,0.35309285,-0.45211107
PINN Baseline,0.31957984,-0.49542063
PINN Baseline,0.3380468,-0.47102317
PINN Baseline,0.33738756,-0.47187093
PINN Baseline,0.35224545,-0.4531546
PINN Baseline,0.33073014,-0.48052624
PINN Baseline,0.33080393,-0.48042935
PINN Baseline,0.3197472,-0.49519324
PINN Baseline,0.34362245,-0.46391848
PINN Baseline,0.33671188,-0.47274154
PINN Baseline,0.33532667,-0.4745319
PINN Baseline,0.34427905,-0.4630894
PINN Baseline,0.33436126,-0.47578406
PINN Baseline,0.32115513,-0.49328515
PINN Baseline,0.33845598,-0.47049782
PINN Baseline,0.3126306,-0.5049685
PINN Baseline,0.33280855,-0.47780553
PINN Baseline,0.3368435,-0.47257185
PINN Baseline,0.33828455,-0.47071785
PINN Baseline,0.3495859,-0.4564461
PINN Baseline,0.30958778,-0.5092162
PINN Baseline,0.3280906,-0.4840062
PINN Baseline,0.33450353,-0.4755993
PINN Baseline,0.35198522,-0.45347556
PINN Baseline,0.34959948,-0.4564292
PINN Baseline,0.32802773,-0.48408943
PINN Baseline,0.34665442,-0.46010327
PINN Baseline,0.33525413,-0.47462586
PINN Baseline,0.33301508,-0.47753608
PINN Baseline,0.3423686,-0.46550608
PINN Baseline,0.33017725,-0.48125285
PINN Baseline,0.33115906,-0.47996336
PINN Baseline,0.3423789,-0.465493
PINN Baseline,0.34008092,-0.46841773
PINN Baseline,0.3424934,-0.46534777
PINN Baseline,0.33992165,-0.46862116
PINN Baseline,0.33253622,-0.47816104
PINN Baseline,0.35337913,-0.4517591
PINN Baseline,0.33746368,-0.47177297
PINN Baseline,0.32335627,-0.49031872
PINN Baseline,0.33152384,-0.47948524
PINN Baseline,0.32517177,-0.48788717
PINN Baseline,0.34882647,-0.45739058
PINN Baseline,0.35060304,-0.4551843
PINN Baseline,0.30885398,-0.5102468
PINN Baseline,0.33280486,-0.47781035
PINN Baseline,0.31538075,-0.5011648
PINN Baseline,0.3365363,-0.4729681
PINN Baseline,0.3333218,-0.47713625
PINN Baseline,0.34502542,-0.4621489
PINN Baseline,0.3559031,-0.44866824
PINN Baseline,0.33006603,-0.48139918
PINN Baseline,0.355694,-0.44892347
PINN Baseline,0.347754,-0.45872787
PINN Baseline,0.3377868,-0.47135735
PINN Baseline,0.3448797,-0.4623324
PINN Baseline,0.31865,-0.49668607
PINN Baseline,0.33860135,-0.4703113
PINN Baseline,0.33405387,-0.47618347
PINN Baseline,0.33291852,-0.47766203
PINN Baseline,0.34207237,-0.465882
PINN Baseline,0.33798432,-0.47110343
PINN Baseline,0.3296231,-0.48198235
PINN Baseline,0.31555128,-0.5009301
PINN Baseline,0.35128355,-0.4543422
PINN Baseline,0.34275514,-0.46501604
PINN Baseline,0.35885113,-0.44508567
PINN Baseline,0.32999003,-0.4814992
PINN Baseline,0.32404798,-0.48939067
PINN Baseline,0.33012146,-0.48132625
PINN Baseline,0.36724937,-0.43503895
PINN Baseline,0.34770983,-0.45878303
PINN Baseline,0.33193463,-0.47894743
PINN Baseline,0.3422163,-0.4656993
PINN Baseline,0.3427235,-0.46505612
PINN Baseline,0.32882255,-0.4830384
PINN Baseline,0.33099347,-0.48018056
PINN Baseline,0.35602248,-0.44852257
PINN Baseline,0.33327103,-0.47720245
PINN Baseline,0.32877833,-0.4830968
PINN Baseline,0.32911444,-0.48265305
PINN Baseline,0.34168696,-0.4663716
PINN Baseline,0.34643233,-0.4603816
PINN Baseline,0.3326614,-0.4779976
PINN Baseline,0.33815533,-0.47088376
PINN Baseline,0.34926552,-0.4568443
PINN Baseline,0.34456158,-0.46273315
PINN Baseline,0.33733815,-0.47193453
PINN Baseline,0.33313632,-0.477378
PINN Baseline,0.35354996,-0.4515492
PINN Baseline,0.3258354,-0.48700172
PINN Baseline,0.34558034,-0.46145096
PINN Baseline,0.3275171,-0.48476604
PINN Baseline,0.35348606,-0.4516277
PINN Baseline,0.35148293,-0.45409575
PINN Baseline,0.339781,-0.46880093
PINN Baseline,0.34225744,-0.4656471
PINN Baseline,0.35173464,-0.45378485
PINN Baseline,0.33214837,-0.47866789
PINN Baseline,0.34100538,-0.46723875
PINN Baseline,0.33931047,-0.46940273
PINN Baseline,0.3509187,-0.45479348
PINN Baseline,0.35300004,-0.45222524
PINN Baseline,0.34963834,-0.45638093
PINN Baseline,0.35493886,-0.44984645
PINN Baseline,0.3312829,-0.47980097
PINN Baseline,0.34877795,-0.457451
PINN Baseline,0.3420326,-0.4659325
PINN Baseline,0.33355063,-0.47683823
PINN Baseline,0.3405366,-0.4678362
PINN Baseline,0.3575384,-0.4466773
PINN Baseline,0.33425957,-0.47591615
PINN Baseline,0.32043117,-0.49426523
PINN Baseline,0.33252078,-0.4781812
PINN Baseline,0.31345826,-0.5038203
PINN Baseline,0.3507077,-0.4550547
PINN Baseline,0.32057226,-0.49407408
PINN Baseline,0.34925205,-0.45686105
PINN Baseline,0.3288449,-0.4830089
PINN Baseline,0.33396083,-0.47630447
PINN Baseline,0.3378889,-0.47122607
PINN Baseline,0.32696784,-0.48549497
PINN Baseline,0.3379364,-0.47116503
PINN Baseline,0.35071898,-0.45504072
PINN Baseline,0.35017622,-0.45571336
PINN Baseline,0.3313492,-0.4797141
PINN Baseline,0.35732073,-0.4469418
PINN Baseline,0.32903308,-0.48276043
PINN Baseline,0.34180647,-0.46621972
PINN Baseline,0.3353625,-0.47448552
PINN Baseline,0.33274376,-0.47789007
PINN Baseline,0.33993572,-0.4686032
PINN Baseline,0.33023852,-0.48117226
PINN Baseline,0.33271223,-0.47793123
PINN Baseline,0.3453563,-0.46173263
PINN Baseline,0.3418334,-0.46618548
PINN Baseline,0.3589568,-0.4449578
PINN Baseline,0.3510921,-0.45457894
PINN Baseline,0.34698385,-0.45969075
PINN Baseline,0.33938527,-0.469307
PINN Baseline,0.3287539,-0.4831291
PINN Baseline,0.3177294,-0.49794257
PINN Baseline,0.32978576,-0.4817681
PINN Baseline,0.32666826,-0.48589307
PINN Baseline,0.33638197,-0.4731673
PINN Baseline,0.32243997,-0.49155113
PINN Baseline,0.34221357,-0.46570277
PINN Baseline,0.34691888,-0.45977205
PINN Baseline,0.32121855,-0.49319938
PINN Baseline,0.34146005,-0.4666601
PINN Baseline,0.30388236,-0.5172945
PINN Baseline,0.3502035,-0.4556795
PINN Baseline,0.35391623,-0.45109951
PINN Baseline,0.33630222,-0.47327027
PINN Baseline,0.36021465,-0.44343862
PINN Baseline,0.32691044,-0.4855712
PINN Baseline,0.3349403,-0.47503257
PINN Baseline,0.341241,-0.4669388
PINN Baseline,0.3488196,-0.4573991
PINN Baseline,0.34305686,-0.46463388
PINN Baseline,0.32558388,-0.4873371
PINN Baseline,0.32598794,-0.48679847
PINN Baseline,0.35399103,-0.45100775
PINN Baseline,0.32735384,-0.48498258
PINN Baseline,0.3297062,-0.4818729
PINN Baseline,0.33060372,-0.48069227
PINN Baseline,0.32647634,-0.4861483
PINN Baseline,0.34337205,-0.46423507
PINN Baseline,0.3220561,-0.49206844
PINN Baseline,0.34612262,-0.46077
PINN Baseline,0.34284073,-0.4649076
PINN Baseline,0.33455896,-0.47552732
PINN Baseline,0.34739536,-0.45917597
PINN Baseline,0.34845358,-0.45785508
PINN Baseline,0.34586334,-0.46109545
PINN Baseline,0.33931357,-0.46939877
PINN Baseline,0.32332957,-0.49035457
PINN Baseline,0.34836477,-0.45796576
PINN Baseline,0.3396659,-0.46894807
PINN Baseline,0.3330294,-0.47751743
PINN Baseline,0.3239751,-0.4894884
PINN Baseline,0.33617133,-0.47343934
PINN Baseline,0.33142745,-0.47961152
PINN Baseline,0.34246194,-0.46538767
PINN Baseline,0.31960016,-0.495393
PINN Baseline,0.31072557,-0.507623
PINN Baseline,0.33585805,-0.47384423
PINN Baseline,0.33933717,-0.46936858
PINN Baseline,0.3267821,-0.48574173
PINN Baseline,0.3203014,-0.49444115
PINN Baseline,0.32516986,-0.4878897
PINN Baseline,0.33533472,-0.4745215
PINN Baseline,0.332865,-0.47773185
PINN Baseline,0.33366168,-0.47669366
PINN Baseline,0.316976,-0.4989736
PINN Baseline,0.31463867,-0.5021879
PINN Baseline,0.34880543,-0.45741677
PINN Baseline,0.3395967,-0.46903655
PINN Baseline,0.33606404,-0.47357795
PINN Baseline,0.35097265,-0.45472673
PINN Baseline,0.32949698,-0.48214856
PINN Baseline,0.33164865,-0.47932178
PINN Baseline,0.3223793,-0.49163288
PINN Baseline,0.34169388,-0.4663628
PINN Baseline,0.34684932,-0.45985916
PINN Baseline,0.3294028,-0.4822727
PINN Baseline,0.33683848,-0.4725783
PINN Baseline,0.3328542,-0.47774595
PINN Baseline,0.35558015,-0.4490625
PINN Baseline,0.300664,-0.52191854
PINN Baseline,0.33710235,-0.4722382
PINN Baseline,0.35410833,-0.45086384
PINN Baseline,0.33961195,-0.46901703
PINN Baseline,0.34231502,-0.46557406
PINN Baseline,0.33393896,-0.4763329
PINN Baseline,0.32392615,-0.489554
PINN Baseline,0.33207536,-0.47876334
PINN Baseline,0.31747448,-0.49829116
PINN Baseline,0.34398526,-0.46346018
PINN Baseline,0.34601647,-0.46090323
PINN Baseline,0.31315517,-0.5042404
PINN Baseline,0.3335032,-0.4769
PINN Baseline,0.3282568,-0.48378628
PINN Baseline,0.33950216,-0.46915746
PINN Baseline,0.33740723,-0.47184563
PINN Baseline,0.33132017,-0.47975212
PINN Baseline,0.35559666,-0.44904232
PINN Baseline,0.34900266,-0.45717126
PINN Baseline,0.32629877,-0.48638457
PINN Baseline,0.32941663,-0.48225448
PINN Baseline,0.3284284,-0.4835593
PINN Baseline,0.32886684,-0.48297992
PINN Baseline,0.34987193,-0.4560909
PINN Baseline,0.33157128,-0.4794231
PINN Baseline,0.32863355,-0.4832881
PINN Baseline,0.33358788,-0.47678974
PINN Baseline,0.34167498,-0.46638682
PINN Baseline,0.3507673,-0.45498088
PINN Baseline,0.35767108,-0.4465162
PINN Baseline,0.33204818,-0.4787989
PINN Baseline,0.33492798,-0.47504857
PINN Baseline,0.33222383,-0.4785692
PINN Baseline,0.31805247,-0.49750122
PINN Baseline,0.33436447,-0.47577986
PINN Baseline,0.35961133,-0.44416663
PINN Baseline,0.33563596,-0.47413152
PINN Baseline,0.33609217,-0.4735416
PINN Baseline,0.3249088,-0.48823854
PINN Baseline,0.33129603,-0.47978377
PINN Baseline,0.33173037,-0.47921476
PINN Baseline,0.3358038,-0.47391438
PINN Baseline,0.34016925,-0.46830493
PINN Baseline,0.3351578,-0.47475067
PINN Baseline,0.34837687,-0.45795068
PINN Baseline,0.34165138,-0.4664168
PINN Baseline,0.32953078,-0.48210403
PINN Baseline,0.33609825,-0.47353375
PINN Baseline,0.32722652,-0.4851515
PINN Baseline,0.33595622,-0.47371733
PINN Baseline,0.35182846,-0.45366904
PINN Baseline,0.33856547,-0.47035733
PINN Baseline,0.33736837,-0.47189564
PINN Baseline,0.3418498,-0.46616468
PINN Baseline,0.33570856,-0.4740376
PINN Baseline,0.34590292,-0.46104577
PINN Baseline,0.33980352,-0.46877214
PINN Baseline,0.3353272,-0.4745312
PINN Baseline,0.33160746,-0.47937572
PINN Baseline,0.33807886,-0.470982
PINN Baseline,0.32987875,-0.48164567
PINN Baseline,0.35068643,-0.45508105
PINN Baseline,0.32200974,-0.492131
PINN Baseline,0.33289027,-0.4776989
PINN Baseline,0.34144777,-0.46667573
PINN Baseline,0.35535938,-0.4493322
PINN Baseline,0.3534472,-0.45167544
PINN Baseline,0.32749742,-0.4847921
PINN Baseline,0.34092706,-0.46733853
PINN Baseline,0.34346247,-0.46412072
PINN Baseline,0.33931917,-0.4693916
PINN Baseline,0.35014647,-0.45575026
PINN Baseline,0.33909523,-0.4696783
PINN Baseline,0.33273208,-0.47790533
PINN Baseline,0.34048307,-0.46790448
PINN Baseline,0.33335948,-0.4770872
PINN Baseline,0.33762407,-0.4715666
PINN Baseline,0.3506595,-0.4551144
PINN Baseline,0.3363806,-0.47316906
PINN Baseline,0.33764952,-0.47153386
PINN Baseline,0.32742965,-0.484882
PINN Baseline,0.3232833,-0.4904167
PINN Baseline,0.32879055,-0.4830807
PINN Baseline,0.33869213,-0.4701949
PINN Baseline,0.34237468,-0.46549836
PINN Baseline,0.3513953,-0.45420405
PINN Baseline,0.34065872,-0.46768048
PINN Baseline,0.34861618,-0.45765245
PINN Baseline,0.3498646,-0.4561
PINN Baseline,0.33443838,-0.4756839
PINN Baseline,0.3429793,-0.46473208
PINN Baseline,0.36156416,-0.44181463
PINN Baseline,0.3599438,-0.44376528
PINN Baseline,0.3444469,-0.46287772
PINN Baseline,0.34850192,-0.45779482
PINN Baseline,0.3547238,-0.45010966
PINN Baseline,0.33944905,-0.4692254
PINN Baseline,0.3351481,-0.47476324
PINN Baseline,0.34618872,-0.46068707
PINN Baseline,0.34895265,-0.4572335
PINN Baseline,0.35032618,-0.4555274
PINN Baseline,0.3518319,-0.45366478
PINN Baseline,0.34163678,-0.46643537
PINN Baseline,0.35243964,-0.45291525
PINN Baseline,0.32255328,-0.49139854
PINN Baseline,0.34962547,-0.45639694
PINN Baseline,0.33849442,-0.4704485
PINN Baseline,0.34220934,-0.46570814
PINN Baseline,0.31863862,-0.4967016
PINN Baseline,0.3522876,-0.45310265
PINN Baseline,0.33988327,-0.46867022
PINN Baseline,0.33810377,-0.47094998
PINN Baseline,0.33075124,-0.48049852
PINN Baseline,0.33288503,-0.47770575
PINN Baseline,0.33016092,-0.48127434
PINN Baseline,0.3550195,-0.44974777
PINN Baseline,0.34152943,-0.46657187
PINN Baseline,0.34743863,-0.45912188
PINN Baseline,0.32696152,-0.48550335
PINN Baseline,0.34064728,-0.4676951
PINN Baseline,0.33757842,-0.47162533
PINN Baseline,0.33638078,-0.47316882
PINN Baseline,0.35351104,-0.45159703
PINN Baseline,0.33620995,-0.47338945
PINN Baseline,0.32372195,-0.48982787
PINN Baseline,0.32324445,-0.49046892
PINN Baseline,0.3483768,-0.45795077
PINN Baseline,0.33275497,-0.47787544
PINN Baseline,0.3238576,-0.4896459
PINN Baseline,0.34360433,-0.46394137
PINN Baseline,0.34114897,-0.46705595
PINN Baseline,0.3407144,-0.46760952
PINN Baseline,0.3413388,-0.46681434
PINN Baseline,0.33711284,-0.4722247
PINN Baseline,0.33549976,-0.47430778
PINN Baseline,0.3482486,-0.45811063
PINN Baseline,0.33901024,-0.46978718
PINN Baseline,0.33659297,-0.47289497
PINN Baseline,0.32995713,-0.4815425
PINN Baseline,0.34138596,-0.46675435
PINN Baseline,0.3370036,-0.47236547
PINN Baseline,0.33408886,-0.476138
PINN Baseline,0.33752382,-0.47169557
PINN Baseline,0.31929696,-0.49580523
PINN Baseline,0.33141625,-0.4796262
PINN Baseline,0.3388905,-0.4699406
PINN Baseline,0.3437692,-0.46373305
PINN Baseline,0.3439318,-0.46352768
PINN Baseline,0.33556294,-0.474226
PINN Baseline,0.35570186,-0.44891387
PINN Baseline,0.32099342,-0.49350387
PINN Baseline,0.34290606,-0.46482486
PINN Baseline,0.35043645,-0.45539072
PINN Baseline,0.3068918,-0.51301473
PINN Baseline,0.33897042,-0.4698382
PINN Baseline,0.3382377,-0.470778
PINN Baseline,0.34043205,-0.46796957
PINN Baseline,0.3390776,-0.4697009
PINN Baseline,0.3402171,-0.46824384
PINN Baseline,0.34478796,-0.4624479
PINN Baseline,0.34891516,-0.45728016
PINN Baseline,0.35582143,-0.4487679
PINN Baseline,0.33202696,-0.47882664
PINN Baseline,0.33847648,-0.4704715
PINN Baseline,0.34565282,-0.4613599
PINN Baseline,0.33268315,-0.4779692
PINN Baseline,0.34905434,-0.45710695
PINN Baseline,0.3381287,-0.47091797
PINN Baseline,0.33876473,-0.4701018
PINN Baseline,0.34638214,-0.4604445
PINN Baseline,0.3439343,-0.46352452
PINN Baseline,0.3428731,-0.46486658
PINN Baseline,0.34459734,-0.4626881
PINN Baseline,0.33621752,-0.47337964
PINN Baseline,0.33450246,-0.4756007
PINN Baseline,0.3323279,-0.4784332
PINN Baseline,0.3387975,-0.47005978
PINN Baseline,0.35655755,-0.44787037
PINN Baseline,0.34021813,-0.46824256
PINN Baseline,0.33660614,-0.47287795
PINN Baseline,0.33305585,-0.47748291
PINN Baseline,0.3479933,-0.4584291
PINN Baseline,0.3485312,-0.45775837
PINN Baseline,0.33451432,-0.47558528
PINN Baseline,0.32733876,-0.48500258
PINN Baseline,0.32400686,-0.4894458
PINN Baseline,0.33023703,-0.48117423
PINN Baseline,0.3361327,-0.47348922
PINN Baseline,0.33618712,-0.47341892
PINN Baseline,0.35733277,-0.44692716
PINN Baseline,0.34298187,-0.46472883
PINN Baseline,0.33016676,-0.48126665
PINN Baseline,0.33931857,-0.46939236
PINN Baseline,0.34113252,-0.46707687
PINN Baseline,0.33398765,-0.47626957
PINN Baseline,0.3561175,-0.4484067
PINN Baseline,0.34438485,-0.46295595
PINN Baseline,0.32892346,-0.48290515
PINN Baseline,0.34576654,-0.46121702
PINN Baseline,0.34023207,-0.46822473
PINN Baseline,0.32175308,-0.49247727
PINN Baseline,0.3496986,-0.4563061
PINN Baseline,0.3251505,-0.48791558
PINN Baseline,0.33606982,-0.4735705
PINN Baseline,0.34253657,-0.46529305
PINN Baseline,0.342112,-0.4658317
PINN Baseline,0.33742124,-0.4718276
PINN Baseline,0.34338212,-0.4642223
PINN Baseline,0.33069623,-0.48057076
PINN Baseline,0.32853937,-0.48341256
PINN Baseline,0.33637208,-0.47318006
PINN Baseline,0.33753902,-0.47167602
PINN Baseline,0.33670342,-0.47275248
PINN Baseline,0.3526966,-0.45259872
PINN Baseline,0.35654283,-0.44788828
PINN Baseline,0.34234297,-0.4655386
PINN Baseline,0.34081924,-0.4674759
PINN Baseline,0.33108276,-0.48006344
PINN Baseline,0.33244723,-0.47827727
PINN Baseline,0.3365451,-0.47295672
PINN Baseline,0.32825673,-0.48378637
PINN Baseline,0.32099986,-0.49349517
PINN Baseline,0.35369992,-0.45136502
PINN Baseline,0.3328356,-0.4777702
PINN Baseline,0.32714522,-0.4852594
PINN Baseline,0.32230884,-0.4917278
PINN Baseline,0.33303475,-0.47751045
PINN Baseline,0.3460533,-0.460857
PINN Baseline,0.33328784,-0.47718054
PINN Baseline,0.34036815,-0.46805108
PINN Baseline,0.34580588,-0.46116763
PINN Baseline,0.333126,-0.47739145
PINN Baseline,0.3448373,-0.46238574
PINN Baseline,0.3336444,-0.47671616
PINN Baseline,0.34147382,-0.4666426
PINN Baseline,0.31883168,-0.49643853
PINN Baseline,0.33118534,-0.47992888
PINN Baseline,0.32090187,-0.49362776
PINN Baseline,0.3334465,-0.47697383
PINN Baseline,0.3307212,-0.48053795
PINN Baseline,0.33411545,-0.47610345
PINN Baseline,0.32392973,-0.4895492
PINN Baseline,0.35340375,-0.45172885
PINN Baseline,0.34862822,-0.45763746
PINN Baseline,0.32911688,-0.48264983
PINN Baseline,0.34941608,-0.4566571
PINN Baseline,0.3537404,-0.45131534
PINN Baseline,0.33542615,-0.47440308
PINN Baseline,0.30538893,-0.51514673
PINN Baseline,0.32184446,-0.49235398
PINN Baseline,0.32964802,-0.48194954
PINN Baseline,0.3362062,-0.47339427
PINN Baseline,0.32186162,-0.4923308
PINN Baseline,0.34819615,-0.45817605
PINN Baseline,0.3575344,-0.44668216
PINN Baseline,0.35266578,-0.4526367
PINN Baseline,0.3146705,-0.502144
PINN Baseline,0.34682631,-0.45988795
PINN Baseline,0.3443408,-0.4630115
PINN Baseline,0.3457635,-0.46122086
PINN Baseline,0.3460939,-0.46080607
PINN Baseline,0.32528162,-0.4877405
PINN Baseline,0.33480746,-0.47520489
PINN Baseline,0.343279,-0.46435276
PINN Baseline,0.3496247,-0.4563979
PINN Baseline,0.33991945,-0.468624
PINN Baseline,0.33177787,-0.4791526
PINN Baseline,0.3464856,-0.46031478
PINN Baseline,0.33803147,-0.47104287
PINN Baseline,0.3440485,-0.46338034
PINN Baseline,0.3276636,-0.4845718
PINN Baseline,0.34663153,-0.46013194
PINN Baseline,0.3465069,-0.4602881
PINN Baseline,0.35430038,-0.45062837
PINN Baseline,0.35058486,-0.45520684
PINN Baseline,0.34630835,-0.46053705
PINN Baseline,0.32014954,-0.49464712
PINN Baseline,0.35870832,-0.44525856
PINN Baseline,0.345254,-0.46186128
PINN Baseline,0.328299,-0.48373047
PINN Baseline,0.33954793,-0.4690989
PINN Baseline,0.34077448,-0.46753293
PINN Baseline,0.33081526,-0.48041448
PINN Baseline,0.35081536,-0.4549214
PINN Baseline,0.33845806,-0.47049513
PINN Baseline,0.34812605,-0.4582635
PINN Baseline,0.34447485,-0.46284246
PINN Baseline,0.33299565,-0.47756144
PINN Baseline,0.33222032,-0.4785738
PINN Baseline,0.33131927,-0.47975332
PINN Baseline,0.3291818,-0.4825642
PINN Baseline,0.32522625,-0.48781443
PINN Baseline,0.35963386,-0.44413942
PINN Baseline,0.3457181,-0.4612779
PINN Baseline,0.3465501,-0.46023396
PINN Baseline,0.3519395,-0.45353198
PINN Baseline,0.3274246,-0.4848887
PINN Baseline,0.32844108,-0.48354253
PINN Baseline,0.33775747,-0.47139505
PINN Baseline,0.3356188,-0.47415373
PINN Baseline,0.3371601,-0.47216383
PINN Baseline,0.341388,-0.46675175
PINN Baseline,0.34148145,-0.46663287
PINN Baseline,0.32148224,-0.492843
PINN Baseline,0.3482855,-0.45806462
PINN Baseline,0.33922195,-0.46951604
PINN Baseline,0.34180677,-0.46621934
PINN Baseline,0.3278064,-0.48438254
PINN Baseline,0.3504852,-0.4553303
PINN Baseline,0.34042436,-0.46797937
PINN Baseline,0.33644998,-0.4730795
PINN Baseline,0.3402577,-0.46819204
PINN Baseline,0.34997982,-0.455957
PINN Baseline,0.3258657,-0.48696136
PINN Baseline,0.33094364,-0.48024595
PINN Baseline,0.35417503,-0.45078206
PINN Baseline,0.3455302,-0.46151397
PINN Baseline,0.3250789,-0.4880112
PINN Baseline,0.3256024,-0.48731238
PINN Baseline,0.3613953,-0.4420175
PINN Baseline,0.35348624,-0.4516275
PINN Baseline,0.33198303,-0.4788841
PINN Baseline,0.3338821,-0.47640687
PINN Baseline,0.35339952,-0.45173404
PINN Baseline,0.34684473,-0.45986488
PINN Baseline,0.3425454,-0.46528187
PINN Baseline,0.34023446,-0.4682217
PINN Baseline,0.32560945,-0.48730302
PINN Baseline,0.33455783,-0.4755288
PINN Baseline,0.33294946,-0.47762167
PINN Baseline,0.32279986,-0.49106666
PINN Baseline,0.34819025,-0.4581834
PINN Baseline,0.3323869,-0.4783561
PINN Baseline,0.33904618,-0.46974114
PINN Baseline,0.32525706,-0.48777327
PINN Baseline,0.33192128,-0.4789649
PINN Baseline,0.341407,-0.46672758
PINN Baseline,0.33550668,-0.47429883
PINN Baseline,0.3461367,-0.46075237
PINN Baseline,0.3405168,-0.46786144
PINN Baseline,0.3293321,-0.4823659
PINN Baseline,0.3374691,-0.471766
PINN Baseline,0.32578897,-0.48706362
PINN Baseline,0.3299212,-0.4815898
PINN Baseline,0.34051883,-0.46785885
PINN Baseline,0.34998858,-0.45594612
PINN Baseline,0.32907158,-0.48270962
PINN Baseline,0.32708073,-0.48534504
PINN Baseline,0.3244415,-0.48886362
PINN Baseline,0.34371245,-0.46380475
PINN Baseline,0.33451045,-0.47559032
PINN Baseline,0.33601326,-0.4736436
PINN Baseline,0.3414793,-0.4666356
PINN Baseline,0.34661376,-0.4601542
PINN Baseline,0.3242783,-0.48908213
PINN Baseline,0.32672566,-0.48581675
PINN Baseline,0.326194,-0.48652405
PINN Baseline,0.33363628,-0.4767267
PINN Baseline,0.3418929,-0.46610993
PINN Baseline,0.3485906,-0.4576843
PINN Baseline,0.3458979,-0.46105206
PINN Baseline,0.35246748,-0.45288095
PINN Baseline,0.332762,-0.47786626
PINN Baseline,0.34503347,-0.46213877
PINN Baseline,0.36203778,-0.44124612
PINN Baseline,0.33808172,-0.47097832
PINN Baseline,0.34106678,-0.46716058
PINN Baseline,0.33053726,-0.4807796
PINN Baseline,0.34161675,-0.46646085
PINN Baseline,0.3485136,-0.45778027
PINN Baseline,0.34998184,-0.4559545
PINN Baseline,0.35159189,-0.45396116
PINN Baseline,0.3504948,-0.45531842
PINN Baseline,0.3128364,-0.5046827
PINN Baseline,0.35295838,-0.4522765
PINN Baseline,0.34279758,-0.46496224
PINN Baseline,0.33337104,-0.47707212
PINN Baseline,0.35511434,-0.44963178
PINN Baseline,0.34045273,-0.4679432
PINN Baseline,0.3424484,-0.46540484
PINN Baseline,0.34642023,-0.46039677
PINN Baseline,0.33692193,-0.47247073
PINN Baseline,0.3383692,-0.4706092
PINN Baseline,0.3436336,-0.46390438
PINN Baseline,0.32882893,-0.48303
PINN Baseline,0.34341955,-0.464175
PINN Baseline,0.3285482,-0.4834009
PINN Baseline,0.32968754,-0.48189747
PINN Baseline,0.3395939,-0.46904013
PINN Baseline,0.335055,-0.4748839
PINN Baseline,0.32840276,-0.4835932
PINN Baseline,0.3537892,-0.4512554
PINN Baseline,0.34182423,-0.46619716
PINN Baseline,0.3424073,-0.465457
PINN Baseline,0.3467173,-0.46002448
PINN Baseline,0.31079644,-0.50752395
PINN Baseline,0.3302911,-0.48110315
PINN Baseline,0.31961071,-0.49537867
PINN Baseline,0.32905418,-0.4827326
PINN Baseline,0.3321135,-0.47871345
PINN Baseline,0.34398955,-0.46345475
PINN Baseline,0.3402207,-0.46823928
PINN Baseline,0.34366047,-0.4638704
PINN Baseline,0.33729255,-0.47199324
PINN Baseline,0.34340662,-0.46419135
PINN Baseline,0.3423183,-0.46556988
PINN Baseline,0.3275354,-0.48474178
PINN Baseline,0.32498968,-0.48813042
PINN Baseline,0.32599396,-0.48679045
PINN Baseline,0.33780003,-0.47134033
PINN Baseline,0.3389544,-0.46985874
PINN Baseline,0.3266371,-0.4859345
PINN Baseline,0.33789825,-0.47121406
PINN Baseline,0.33735365,-0.4719146
PINN Baseline,0.3384472,-0.47050905
PINN Baseline,0.33915895,-0.4695967
PINN Baseline,0.35090637,-0.45480874
PINN Baseline,0.34588408,-0.46106943
PINN Baseline,0.3179056,-0.49770182
PINN Baseline,0.3380639,-0.4710012
PINN Baseline,0.33447832,-0.47563204
PINN Baseline,0.32749587,-0.48479417
PINN Baseline,0.3475442,-0.45898998
PINN Baseline,0.32316875,-0.49057063
PINN Baseline,0.34717226,-0.45945498
PINN Baseline,0.33796763,-0.4711249
PINN Baseline,0.33753234,-0.4716846
PINN Baseline,0.347543,-0.45899144
PINN Baseline,0.34649986,-0.46029693
PINN Baseline,0.35015416,-0.45574072
PINN Baseline,0.33020514,-0.48121616
PINN Baseline,0.33462113,-0.47544664
PINN Baseline,0.33964968,-0.46896878
PINN Baseline,0.32072157,-0.49387184
PINN Baseline,0.33690548,-0.47249192
PINN Baseline,0.32883793,-0.4830181
PINN Baseline,0.3437339,-0.46377763
PINN Baseline,0.33239824,-0.47834128
PINN Baseline,0.3306846,-0.48058602
PINN Baseline,0.36515522,-0.4375225
PINN Baseline,0.31957245,-0.49543068
PINN Baseline,0.3291716,-0.48257765
PINN Baseline,0.3470537,-0.4596033
PINN Baseline,0.330069,-0.48139524
PINN Baseline,0.33828616,-0.47071576
PINN Baseline,0.33773422,-0.47142494
PINN Baseline,0.3524987,-0.45284247
PINN Baseline,0.34860587,-0.4576653
PINN Baseline,0.3334689,-0.47694466
PINN Baseline,0.34056938,-0.46779442
PINN Baseline,0.33436173,-0.47578344
PINN Baseline,0.34337878,-0.46422654
PINN Baseline,0.32659,-0.4859971
PINN Baseline,0.36339217,-0.43962443
PINN Baseline,0.33745503,-0.47178409
PINN Baseline,0.32511175,-0.48796734
PINN Baseline,0.3434983,-0.46407542
PINN Baseline,0.29057866,-0.53673625
PINN Baseline,0.33874273,-0.47013003
PINN Baseline,0.35116845,-0.4544845
PINN Baseline,0.34468406,-0.4625788
PINN Baseline,0.33553624,-0.47426057
PINN Baseline,0.34009045,-0.46840554
PINN Baseline,0.3337443,-0.47658616
PINN Baseline,0.35880905,-0.4451366
PINN Baseline,0.3106656,-0.5077068
PINN Baseline,0.33302504,-0.47752312
PINN Baseline,0.33094704,-0.4802415
PINN Baseline,0.34069073,-0.46763968
PINN Baseline,0.31253654,-0.5050992
PINN Baseline,0.3412552,-0.46692073
PINN Baseline,0.3445608,-0.46273413
PINN Baseline,0.32000983,-0.4948367
PINN Baseline,0.33964103,-0.46897984
PINN Baseline,0.34597015,-0.46096137
PINN Baseline,0.32788408,-0.48427966
PINN Baseline,0.34257323,-0.4652466
PINN Baseline,0.328889,-0.48295063
PINN Baseline,0.33326024,-0.4772165
PINN Baseline,0.35359484,-0.45149407
PINN Baseline,0.34222138,-0.46569285
PINN Baseline,0.34955627,-0.45648292
PINN Baseline,0.33057702,-0.48072734
PINN Baseline,0.32224828,-0.4918094
PINN Baseline,0.33293825,-0.4776363
PINN Baseline,0.3348295,-0.47517627
PINN Baseline,0.3512109,-0.454432
PINN Baseline,0.34474456,-0.46250257
PINN Baseline,0.3492794,-0.456827
PINN Baseline,0.3348682,-0.4751261
PINN Baseline,0.31669152,-0.49936357
PINN Baseline,0.33921182,-0.46952903
PINN Baseline,0.34406942,-0.46335393
PINN Baseline,0.3438527,-0.46362758
PINN Baseline,0.332677,-0.47797722
PINN Baseline,0.3296498,-0.48194718
PINN Baseline,0.33998328,-0.46854243
PINN Baseline,0.36505926,-0.43763664
PINN Baseline,0.32930714,-0.48239887
PINN Baseline,0.35086846,-0.45485565
PINN Baseline,0.34630483,-0.46054146
PINN Baseline,0.3141669,-0.50283957
PINN Baseline,0.33011895,-0.48132953
PINN Baseline,0.34753066,-0.45900688
PINN Baseline,0.3369487,-0.47243622
PINN Baseline,0.33716464,-0.47215798
PINN Baseline,0.33523154,-0.47465512
PINN Baseline,0.33349198,-0.4769146
PINN Baseline,0.35152817,-0.45403987
PINN Baseline,0.35132152,-0.45429525
PINN Baseline,0.35048705,-0.45532802
PINN Baseline,0.3469227,-0.45976728
PINN Baseline,0.33205307,-0.47879252
PINN Baseline,0.3456201,-0.46140102
PINN Baseline,0.33522516,-0.47466338
PINN Baseline,0.34941208,-0.4566621
PINN Baseline,0.33422107,-0.4759662
PINN Baseline,0.32888424,-0.48295695
PINN Baseline,0.3509879,-0.45470783
PINN Baseline,0.34708798,-0.45956042
PINN Baseline,0.3288058,-0.48306054
PINN Baseline,0.33931494,-0.469397
PINN Baseline,0.34267002,-0.4651239
PINN Baseline,0.3330984,-0.47742745
PINN Baseline,0.3599397,-0.44377026
PINN Baseline,0.3396256,-0.4689996
PINN Baseline,0.33438408,-0.4757544
PINN Baseline,0.33205396,-0.47879133
PINN Baseline,0.34160203,-0.46647957
PINN Baseline,0.34064376,-0.46769956
PINN Baseline,0.3413481,-0.4668025
PINN Baseline,0.34236997,-0.46550432
PINN Baseline,0.31662422,-0.49945587
PINN Baseline,0.3275339,-0.48474374
PINN Baseline,0.3321038,-0.47872618
PINN Baseline,0.3251778,-0.48787913
PINN Baseline,0.34679252,-0.45993027
PINN Baseline,0.3438102,-0.46368125
PINN Baseline,0.34472692,-0.4625248
PINN Baseline,0.3213339,-0.49304348
PINN Baseline,0.34393632,-0.46352196
PINN Baseline,0.33454204,-0.4755493
PINN Baseline,0.34017682,-0.46829528
PINN Baseline,0.34079963,-0.4675009
PINN Baseline,0.33156133,-0.47943613
PINN Baseline,0.33092374,-0.48027208
PINN Baseline,0.3474686,-0.45908442
PINN Baseline,0.3255763,-0.48734722
PINN Baseline,0.33735603,-0.47191152
PINN Baseline,0.34285676,-0.4648873
PINN Baseline,0.32876515,-0.4831142
PINN Baseline,0.32389212,-0.48959962
PINN Baseline,0.3465342,-0.4602539
PINN Baseline,0.34562182,-0.46139884
PINN Baseline,0.35572886,-0.44888088
PINN Baseline,0.32946724,-0.48218778
PINN Baseline,0.32262093,-0.49130747
PINN Baseline,0.33215052,-0.47866505
PINN Baseline,0.3298726,-0.48165375
PINN Baseline,0.32835507,-0.48365626
PINN Baseline,0.34634787,-0.46048748
PINN Baseline,0.3372056,-0.47210523
PINN Baseline,0.3393178,-0.46939337
PINN Baseline,0.33083868,-0.48038372
PINN Baseline,0.34486115,-0.46235573
PINN Baseline,0.34495413,-0.46223864
PINN Baseline,0.34900945,-0.4571628
PINN Baseline,0.33935428,-0.46934667
PINN Baseline,0.35531247,-0.44938955
PINN Baseline,0.32970995,-0.48186794
PINN Baseline,0.35386366,-0.45116404
PINN Baseline,0.32872248,-0.4831706
PINN Baseline,0.3396911,-0.46891582
PINN Baseline,0.32757318,-0.48469165
PINN Baseline,0.3503443,-0.45550495
PINN Baseline,0.30742973,-0.5122541
PINN Baseline,0.34644556,-0.460365
PINN Baseline,0.33663195,-0.47284466
PINN Baseline,0.32910383,-0.48266706
PINN Baseline,0.33185357,-0.4790535
PINN Baseline,0.3246355,-0.48860398
PINN Baseline,0.32821476,-0.4838419
PINN Baseline,0.34507352,-0.46208838
PINN Baseline,0.35305113,-0.45216238
PINN Baseline,0.34760022,-0.45891994
PINN Baseline,0.32867026,-0.4832396
PINN Baseline,0.3477015,-0.45879346
PINN Baseline,0.33445907,-0.47565702
PINN Baseline,0.34337926,-0.46422595
PINN Baseline,0.34006244,-0.46844134
PINN Baseline,0.33755636,-0.4716537
PINN Baseline,0.34947884,-0.45657912
PINN Baseline,0.3349892,-0.4749692
PINN Baseline,0.32876468,-0.48311484
PINN Baseline,0.31487364,-0.5018637
PINN Baseline,0.34310156,-0.46457732
PINN Baseline,0.33615184,-0.47346452
PINN Baseline,0.34588093,-0.4610734
PINN Baseline,0.34626812,-0.4605875
PINN Baseline,0.3497507,-0.4562414
PINN Baseline,0.3380733,-0.4709891
PINN Baseline,0.35061336,-0.45517156
PINN Baseline,0.35814375,-0.44594264
PINN Baseline,0.33851832,-0.47041783
PINN Baseline,0.3580283,-0.44608265
PINN Baseline,0.3715036,-0.430037
PINN Baseline,0.34541863,-0.46165425
PINN Baseline,0.3435744,-0.46397918
PINN Baseline,0.33863187,-0.47027218
PINN Baseline,0.3321966,-0.47860482
PINN Baseline,0.35996604,-0.44373846
PINN Baseline,0.3443699,-0.46297482
PINN Baseline,0.35556787,-0.4490775
PINN Baseline,0.35730636,-0.44695926
PINN Baseline,0.34856707,-0.45771363
PINN Baseline,0.34250653,-0.46533114
PINN Baseline,0.32793832,-0.48420784
PINN Baseline,0.33675545,-0.47268537
PINN Baseline,0.34949064,-0.45656446
PINN Baseline,0.33409375,-0.47613165
PINN Baseline,0.36726582,-0.4350195
PINN Baseline,0.33252025,-0.4781819
PINN Baseline,0.36057353,-0.44300616
PINN Baseline,0.32804942,-0.48406073
PINN Baseline,0.34337497,-0.46423137
PINN Baseline,0.35760075,-0.44660157
PINN Baseline,0.34719098,-0.45943156
PINN Baseline,0.3612073,-0.4422435
PINN Baseline,0.36528075,-0.43737322
PINN Baseline,0.335061,-0.4748761
PINN Baseline,0.36688024,-0.43547568
PINN Baseline,0.34536403,-0.46172288
PINN Baseline,0.32748008,-0.48481512
PINN Baseline,0.35026103,-0.4556082
PINN Baseline,0.3447644,-0.46247756
PINN Baseline,0.33833998,-0.47064668
PINN Baseline,0.3474729,-0.45907906
PINN Baseline,0.35435194,-0.4505652
PINN Baseline,0.34342754,-0.46416488
PINN Baseline,0.35276085,-0.45251963
PINN Baseline,0.34593546,-0.4610049
PINN Baseline,0.36449355,-0.43831015
PINN Baseline,0.33876246,-0.47010472
PINN Baseline,0.3652044,-0.437464
PINN Baseline,0.34227222,-0.46562836
PINN Baseline,0.3525921,-0.4527274
PINN Baseline,0.33689135,-0.47251013
PINN Baseline,0.3512075,-0.4544362
PINN Baseline,0.36965936,-0.4321983
PINN Baseline,0.3294062,-0.4822682
PINN Baseline,0.3482067,-0.45816287
PINN Baseline,0.3669954,-0.4353394
PINN Baseline,0.3765021,-0.4242326
PINN Baseline,0.3496434,-0.45637465
PINN Baseline,0.3593263,-0.444511
PINN Baseline,0.34213048,-0.46580824
PINN Baseline,0.3648774,-0.43785304
PINN Baseline,0.35747945,-0.4467489
PINN Baseline,0.35578454,-0.44881293
PINN Baseline,0.36603445,-0.43647805
PINN Baseline,0.3511644,-0.45448953
PINN Baseline,0.34268582,-0.46510386
PINN Baseline,0.35622698,-0.44827318
PINN Baseline,0.35822552,-0.44584346
PINN Baseline,0.36660683,-0.43579945
PINN Baseline,0.35606325,-0.44847286
PINN Baseline,0.35853672,-0.44546637
PINN Baseline,0.3358621,-0.473839
PINN Baseline,0.3635267,-0.43946368
PINN Baseline,0.35356504,-0.4515307
PINN Baseline,0.3432629,-0.4643731
PINN Baseline,0.36926037,-0.4326673
PINN Baseline,0.33957863,-0.46905965
PINN Baseline,0.33698696,-0.4723869
PINN Baseline,0.35074198,-0.45501226
PINN Baseline,0.33991623,-0.4686281
PINN Baseline,0.35605252,-0.44848594
PINN Baseline,0.35510588,-0.44964215
PINN Baseline,0.33504683,-0.4748945
PINN Baseline,0.3462975,-0.46055064
PINN Baseline,0.35438228,-0.450528
PINN Baseline,0.31683612,-0.49916533
PINN Baseline,0.34139448,-0.4667435
PINN Baseline,0.35786098,-0.44628567
PINN Baseline,0.34816873,-0.45821023
PINN Baseline,0.3417365,-0.46630865
PINN Baseline,0.34025496,-0.46819553
PINN Baseline,0.36201853,-0.44126922
PINN Baseline,0.36849123,-0.43357283
PINN Baseline,0.33219862,-0.47860217
PINN Baseline,0.35160363,-0.45394665
PINN Baseline,0.35328567,-0.451874
PINN Baseline,0.35357404,-0.45151964
PINN Baseline,0.35548013,-0.44918466
PINN Baseline,0.36458784,-0.43819782
PINN Baseline,0.3473937,-0.45917806
PINN Baseline,0.34083438,-0.4674566
PINN Baseline,0.33459228,-0.47548407
PINN Baseline,0.34964716,-0.45637
PINN Baseline,0.34529054,-0.46181533
PINN Baseline,0.35894102,-0.4449769
PINN Baseline,0.3451712,-0.46196544
PINN Baseline,0.35519254,-0.44953617
PINN Baseline,0.36533177,-0.43731257
PINN Baseline,0.36451244,-0.43828765
PINN Baseline,0.35707808,-0.4472368
PINN Baseline,0.33664042,-0.47283375
PINN Baseline,0.3437702,-0.46373177
PINN Baseline,0.36683708,-0.43552676
PINN Baseline,0.35840464,-0.44562638
PINN Baseline,0.34459293,-0.46269363
PINN Baseline,0.3511737,-0.45447803
PINN Baseline,0.35506016,-0.44969806
PINN Baseline,0.34475183,-0.46249342
PINN Baseline,0.35679615,-0.44757986
PINN Baseline,0.35963613,-0.44413668
PINN Baseline,0.3558461,-0.44873777
PINN Baseline,0.35451746,-0.45036238
PINN Baseline,0.3555988,-0.4490397
PINN Baseline,0.33679307,-0.47263685
PINN Baseline,0.35937965,-0.44444653
PINN Baseline,0.3416791,-0.46638158
PINN Baseline,0.34834743,-0.4579874
PINN Baseline,0.36576426,-0.43679872
PINN Baseline,0.33910668,-0.46966365
PINN Baseline,0.35604823,-0.4484912
PINN Baseline,0.3440801,-0.46334046
PINN Baseline,0.3480152,-0.4584018
PINN Baseline,0.3589639,-0.4449492
PINN Baseline,0.33692193,-0.47247073
PINN Baseline,0.35046518,-0.45535514
PINN Baseline,0.3607546,-0.44278812
PINN Baseline,0.34821045,-0.4581582
PINN Baseline,0.3350222,-0.4749264
PINN Baseline,0.33731252,-0.47196755
PINN Baseline,0.34426332,-0.46310925
PINN Baseline,0.3443764,-0.46296665
PINN Baseline,0.34715497,-0.45947662
PINN Baseline,0.35842758,-0.44559857
PINN Baseline,0.34235382,-0.46552482
PINN Baseline,0.36729193,-0.43498862
PINN Baseline,0.35714173,-0.4471594
PINN Baseline,0.35481983,-0.44999212
PINN Baseline,0.3594476,-0.4443644
PINN Baseline,0.35966712,-0.44409925
PINN Baseline,0.35838157,-0.44565433
PINN Baseline,0.3471077,-0.45953575
PINN Baseline,0.34318435,-0.46447253
PINN Baseline,0.33774567,-0.4714102
PINN Baseline,0.3455698,-0.46146423
PINN Baseline,0.3355521,-0.47424003
PINN Baseline,0.36139143,-0.44202214
PINN Baseline,0.3500113,-0.45591795
PINN Baseline,0.34863847,-0.45762467
PINN Baseline,0.35132784,-0.45428744
PINN Baseline,0.3602357,-0.44341326
PINN Baseline,0.35105234,-0.4546281
PINN Baseline,0.33987683,-0.46867844
PINN Baseline,0.3524692,-0.45287883
PINN Baseline,0.3515293,-0.45403847
PINN Baseline,0.34312177,-0.46455172
PINN Baseline,0.34672797,-0.46001112
PINN Baseline,0.3453309,-0.46176457
PINN Baseline,0.33990955,-0.46863663
PINN Baseline,0.3376342,-0.47155356
PINN Baseline,0.35829568,-0.44575843
PINN Baseline,0.36081088,-0.44272038
PINN Baseline,0.34616596,-0.46071565
PINN Baseline,0.35952955,-0.4442654
PINN Baseline,0.34877497,-0.45745468
PINN Baseline,0.33763725,-0.47154966
PINN Baseline,0.36480153,-0.43794334
PINN Baseline,0.35574955,-0.44885564
PINN Baseline,0.34413302,-0.46327364
PINN Baseline,0.34425563,-0.46311894
PINN Baseline,0.34924465,-0.45687023
PINN Baseline,0.3603028,-0.44333234
PINN Baseline,0.35326898,-0.4518945
PINN Baseline,0.35521293,-0.44951123
PINN Baseline,0.34576756,-0.46121576
PINN Baseline,0.33986813,-0.46868956
PINN Baseline,0.36291188,-0.4401988
PINN Baseline,0.33615488,-0.47346058
PINN Baseline,0.3508498,-0.45487875
PINN Baseline,0.34272766,-0.46505085
PINN Baseline,0.3401451,-0.46833578
PINN Baseline,0.35525614,-0.44945842
PINN Baseline,0.36533886,-0.43730414
PINN Baseline,0.33020753,-0.48121303
PINN Baseline,0.35918015,-0.44468766
PINN Baseline,0.3391658,-0.46958795
PINN Baseline,0.36346203,-0.43954095
PINN Baseline,0.3305071,-0.4808192
PINN Baseline,0.34372413,-0.46378997
PINN Baseline,0.35769773,-0.44648382
PINN Baseline,0.3699332,-0.43187672
PINN Baseline,0.3392595,-0.46946797
PINN Baseline,0.33948582,-0.46917835
PINN Baseline,0.3303488,-0.48102728
PINN Baseline,0.35103852,-0.45464522
PINN Baseline,0.34311873,-0.4645556
PINN Baseline,0.34956545,-0.4564715
PINN Baseline,0.35855627,-0.44544268
PINN Baseline,0.3408283,-0.46746436
PINN Baseline,0.34180617,-0.4662201
PINN Baseline,0.3564132,-0.44804624
PINN Baseline,0.33606935,-0.4735711
PINN Baseline,0.34917498,-0.4569569
PINN Baseline,0.3427192,-0.46506158
PINN Baseline,0.35358876,-0.45150155
PINN Baseline,0.3582269,-0.44584182
PINN Baseline,0.32099038,-0.49350798
PINN Baseline,0.34532082,-0.46177724
PINN Baseline,0.34878272,-0.45744506
PINN Baseline,0.35716873,-0.44712657
PINN Baseline,0.3525756,-0.45274773
PINN Baseline,0.34402984,-0.46340388
PINN Baseline,0.35921776,-0.4446422
PINN Baseline,0.34548485,-0.46157098
PINN Baseline,0.33886552,-0.4699726
PINN Baseline,0.3504911,-0.455323
PINN Baseline,0.35236794,-0.45300362
PINN Baseline,0.34886432,-0.45734346
PINN Baseline,0.3594048,-0.44441614
PINN Baseline,0.3465287,-0.46026078
PINN Baseline,0.34714305,-0.45949152
PINN Baseline,0.3605917,-0.44298425
PINN Baseline,0.34446412,-0.462856
PINN Baseline,0.36646587,-0.43596646
PINN Baseline,0.34977782,-0.45620772
PINN Baseline,0.3403209,-0.4681114
PINN Baseline,0.34408683,-0.46333197
PINN Baseline,0.33612692,-0.4734967
PINN Baseline,0.3647248,-0.43803468
PINN Baseline,0.36126596,-0.44217297
PINN Baseline,0.33138955,-0.4796612
PINN Baseline,0.34312308,-0.46455008
PINN Baseline,0.34580827,-0.46116462
PINN Baseline,0.3575173,-0.44670293
PINN Baseline,0.36058706,-0.44298986
PINN Baseline,0.36715043,-0.43515596
PINN Baseline,0.3615017,-0.44188967
PINN Baseline,0.34928262,-0.45682302
PINN Baseline,0.37302244,-0.42826504
PINN Baseline,0.3558063,-0.44878638
PINN Baseline,0.3495505,-0.4564901
PINN Baseline,0.3575791,-0.44662786
PINN Baseline,0.3347324,-0.47530222
PINN Baseline,0.34776753,-0.45871097
PINN Baseline,0.35109735,-0.45457247
PINN Baseline,0.34560168,-0.46142417
PINN Baseline,0.35677898,-0.44760075
PINN Baseline,0.3576395,-0.44655454
PINN Baseline,0.33944672,-0.4692284
PINN Baseline,0.32695597,-0.48551074
PINN Baseline,0.36237085,-0.44084674
PINN Baseline,0.36089188,-0.4426229
PINN Baseline,0.3642851,-0.43855858
PINN Baseline,0.34600562,-0.46091685
PINN Baseline,0.3550772,-0.4496772
PINN Baseline,0.34540224,-0.46167484
PINN Baseline,0.38134283,-0.41868442
PINN Baseline,0.35891736,-0.44500554
PINN Baseline,0.34935284,-0.45673573
PINN Baseline,0.35949165,-0.4443112
PINN Baseline,0.349622,-0.45640123
PINN Baseline,0.34961003,-0.45641613
PINN Baseline,0.34908688,-0.45706648
PINN Baseline,0.36199135,-0.44130182
PINN Baseline,0.35599715,-0.44855347
PINN Baseline,0.33614635,-0.47347158
PINN Baseline,0.3425548,-0.46526992
PINN Baseline,0.35451353,-0.45036718
PINN Baseline,0.35988867,-0.44383183
PINN Baseline,0.34246117,-0.46538866
PINN Baseline,0.3476867,-0.4588119
PINN Baseline,0.35792774,-0.44620463
PINN Baseline,0.35358465,-0.4515066
PINN Baseline,0.3413309,-0.4668244
PINN Baseline,0.35301054,-0.45221233
PINN Baseline,0.35591358,-0.44865546
PINN Baseline,0.3490349,-0.45713115
PINN Baseline,0.3534959,-0.45161563
PINN Baseline,0.34527588,-0.46183378
PINN Baseline,0.36700755,-0.435325
PINN Baseline,0.37164277,-0.4298743
PINN Baseline,0.35175437,-0.4537605
PINN Baseline,0.35063177,-0.45514873
PINN Baseline,0.3652572,-0.4374012
PINN Baseline,0.35082912,-0.45490435
PINN Baseline,0.357732,-0.44644222
PINN Baseline,0.35343158,-0.45169464
PINN Baseline,0.36694652,-0.43539724
PINN Baseline,0.3640772,-0.4388065
PINN Baseline,0.3596241,-0.44415122
PINN Baseline,0.37451875,-0.42652643
PINN Baseline,0.3447026,-0.46255544
PINN Baseline,0.35657787,-0.4478456
PINN Baseline,0.35533923,-0.44935685
PINN Baseline,0.34653533,-0.4602525
PINN Baseline,0.358451,-0.4455702
PINN Baseline,0.36809683,-0.43403792
PINN Baseline,0.3458202,-0.46114966
PINN Baseline,0.3382941,-0.4707056
PINN Baseline,0.34933573,-0.45675698
PINN Baseline,0.32825983,-0.48378226
PINN Baseline,0.3648355,-0.4379029
PINN Baseline,0.34388548,-0.46358615
PINN Baseline,0.35934818,-0.44448456
PINN Baseline,0.3433625,-0.46424714
PINN Baseline,0.34470832,-0.46254823
PINN Baseline,0.35106432,-0.4546133
PINN Baseline,0.3423121,-0.46557775
PINN Baseline,0.35095,-0.45475474
PINN Baseline,0.35875797,-0.44519845
PINN Baseline,0.36313146,-0.43993613
PINN Baseline,0.3490767,-0.45707914
PINN Baseline,0.3642944,-0.4385475
PINN Baseline,0.33826703,-0.47074032
PINN Baseline,0.35997164,-0.4437317
PINN Baseline,0.35002357,-0.45590273
PINN Baseline,0.3490047,-0.45716873
PINN Baseline,0.34738165,-0.4591931
PINN Baseline,0.33820844,-0.47081557
PINN Baseline,0.34949714,-0.45655638
PINN Baseline,0.36090398,-0.44260833
PINN Baseline,0.34759498,-0.4589265
PINN Baseline,0.36538935,-0.43724412
PINN Baseline,0.35747814,-0.44675052
PINN Baseline,0.3597849,-0.44395706
PINN Baseline,0.36661977,-0.43578413
PINN Baseline,0.336747,-0.47269627
PINN Baseline,0.3469612,-0.4597191
PINN Baseline,0.34356362,-0.46399283
PINN Baseline,0.3329975,-0.47755903
PINN Baseline,0.34479547,-0.46243846
PINN Baseline,0.34219015,-0.4657325
PINN Baseline,0.35452265,-0.450356
PINN Baseline,0.35633713,-0.44813892
PINN Baseline,0.33705902,-0.47229403
PINN Baseline,0.35517764,-0.44955438
PINN Baseline,0.3402084,-0.46825495
PINN Baseline,0.36778194,-0.43440962
PINN Baseline,0.35885698,-0.4450786
PINN Baseline,0.34521568,-0.4619095
PINN Baseline,0.37046796,-0.43124935
PINN Baseline,0.3478908,-0.45855707
PINN Baseline,0.3469249,-0.45976454
PINN Baseline,0.35419333,-0.45075962
PINN Baseline,0.3587619,-0.44519368
PINN Baseline,0.35460055,-0.4502606
PINN Baseline,0.33805746,-0.47100946
PINN Baseline,0.33866078,-0.4702351
PINN Baseline,0.36600804,-0.43650937
PINN Baseline,0.34896332,-0.45722023
PINN Baseline,0.33578777,-0.47393513
PINN Baseline,0.35331947,-0.45183244
PINN Baseline,0.35118032,-0.45446983
PINN Baseline,0.3578999,-0.44623843
PINN Baseline,0.33922982,-0.46950597
PINN Baseline,0.35675985,-0.44762403
PINN Baseline,0.36367345,-0.4392884
PINN Baseline,0.34905922,-0.45710087
PINN Baseline,0.3636511,-0.4393151
PINN Baseline,0.3615921,-0.44178104
PINN Baseline,0.3569768,-0.44736
PINN Baseline,0.35051614,-0.455292
PINN Baseline,0.33469176,-0.47535497
PINN Baseline,0.35578758,-0.44880924
PINN Baseline,0.3582366,-0.44583005
PINN Baseline,0.3422122,-0.4657045
PINN Baseline,0.33782375,-0.4713098
PINN Baseline,0.36426312,-0.4385848
PINN Baseline,0.3423255,-0.46556073
PINN Baseline,0.3666287,-0.43577352
PINN Baseline,0.343247,-0.46439326
PINN Baseline,0.34390426,-0.46356246
PINN Baseline,0.34863406,-0.4576302
PINN Baseline,0.35320675,-0.451971
PINN Baseline,0.3374763,-0.4717567
PINN Baseline,0.34673566,-0.4600015
PINN Baseline,0.33444178,-0.4756795
PINN Baseline,0.35596085,-0.44859776
PINN Baseline,0.3401881,-0.4682809
PINN Baseline,0.353895,-0.45112556
PINN Baseline,0.33624554,-0.47334346
PINN Baseline,0.32827467,-0.48376262
PINN Baseline,0.35491294,-0.44987816
PINN Baseline,0.35585165,-0.448731
PINN Baseline,0.34698814,-0.45968536
PINN Baseline,0.36900455,-0.4329683
PINN Baseline,0.3429858,-0.46472386
PINN Baseline,0.35091597,-0.45479688
PINN Baseline,0.3413636,-0.46678278
PINN Baseline,0.35085458,-0.45487285
PINN Baseline,0.35957974,-0.44420478
PINN Baseline,0.33918363,-0.46956512
PINN Baseline,0.35058022,-0.4552126
PINN Baseline,0.3455947,-0.46143293
PINN Baseline,0.36777055,-0.43442306
PINN Baseline,0.33137488,-0.47968042
PINN Baseline,0.35265917,-0.45264482
PINN Baseline,0.3622929,-0.4409402
PINN Baseline,0.35745323,-0.44678077
PINN Baseline,0.3526715,-0.45262963
PINN Baseline,0.34676844,-0.45996043
PINN Baseline,0.34309602,-0.46458432
PINN Baseline,0.35518909,-0.44954038
PINN Baseline,0.34139627,-0.46674123
PINN Baseline,0.3544817,-0.4504062
PINN Baseline,0.34693056,-0.45975745
PINN Baseline,0.33969575,-0.4689099
PINN Baseline,0.3418032,-0.4662239
PINN Baseline,0.35179806,-0.45370656
PINN Baseline,0.35288423,-0.45236775
PINN Baseline,0.34958202,-0.4564509
PINN Baseline,0.34867215,-0.45758274
PINN Baseline,0.368056,-0.43408608
PINN Baseline,0.35922313,-0.44463572
PINN Baseline,0.34758228,-0.45894238
PINN Baseline,0.34714586,-0.459488
PINN Baseline,0.34357858,-0.4639739
PINN Baseline,0.3359443,-0.47373274
PINN Baseline,0.35188812,-0.4535954
PINN Baseline,0.34688097,-0.45981953
PINN Baseline,0.34167516,-0.4663866
PINN Baseline,0.3440252,-0.46340975
PINN Baseline,0.35093212,-0.45477688
PINN Baseline,0.3595006,-0.44430038
PINN Baseline,0.3674147,-0.43484345
PINN Baseline,0.34172004,-0.46632954
PINN Baseline,0.35293388,-0.45230666
PINN Baseline,0.35381222,-0.4512272
PINN Baseline,0.33509493,-0.47483215
PINN Baseline,0.3480698,-0.45833367
PINN Baseline,0.37259823,-0.42875922
PINN Baseline,0.35614383,-0.44837457
PINN Baseline,0.35349965,-0.451611
PINN Baseline,0.33529705,-0.47457027
PINN Baseline,0.33994067,-0.46859688
PINN Baseline,0.34008437,-0.46841332
PINN Baseline,0.35538012,-0.44930688
PINN Baseline,0.3463853,-0.46044055
PINN Baseline,0.35001266,-0.45591626
PINN Baseline,0.35937,-0.4444582
PINN Baseline,0.36358833,-0.43939006
PINN Baseline,0.3432451,-0.46439567
PINN Baseline,0.34528428,-0.4618232
PINN Baseline,0.34660488,-0.46016532
PINN Baseline,0.34458053,-0.46270928
PINN Baseline,0.36886877,-0.43312812
PINN Baseline,0.3527795,-0.45249665
PINN Baseline,0.3519929,-0.4534661
PINN Baseline,0.35460955,-0.45024958
PINN Baseline,0.35399306,-0.45100525
PINN Baseline,0.3576669,-0.44652125
PINN Baseline,0.35599416,-0.4485571
PINN Baseline,0.35030198,-0.4555574
PINN Baseline,0.34799582,-0.45842597
PINN Baseline,0.34599084,-0.4609354
PINN Baseline,0.3463086,-0.46053675
PINN Baseline,0.360888,-0.44262755
PINN Baseline,0.33124483,-0.4798509
PINN Baseline,0.3506862,-0.45508134
PINN Baseline,0.35204303,-0.45340425
PINN Baseline,0.36255628,-0.44062456
PINN Baseline,0.3632086,-0.4398439
PINN Baseline,0.3400272,-0.46848634
PINN Baseline,0.350397,-0.45543963
PINN Baseline,0.3697595,-0.43208066
PINN Baseline,0.34744036,-0.45911974
PINN Baseline,0.36571163,-0.43686122
PINN Baseline,0.35122007,-0.4544207
PINN Baseline,0.35007882,-0.45583415
PINN Baseline,0.35425448,-0.45068464
PINN Baseline,0.35075212,-0.45499972
PINN Baseline,0.3467688,-0.45995998
PINN Baseline,0.36003667,-0.44365326
PINN Baseline,0.35059106,-0.45519915
PINN Baseline,0.35136074,-0.45424676
PINN Baseline,0.345469,-0.46159092
PINN Baseline,0.3410359,-0.4671999
PINN Baseline,0.3413021,-0.46686104
PINN Baseline,0.35179836,-0.4537062
PINN Baseline,0.35162652,-0.4539184
PINN Baseline,0.35672826,-0.4476625
PINN Baseline,0.35638142,-0.44808495
PINN Baseline,0.35944045,-0.44437304
PINN Baseline,0.3609187,-0.44259062
PINN Baseline,0.34902304,-0.4571459
PINN Baseline,0.34944504,-0.4566211
PINN Baseline,0.3755796,-0.425298
PINN Baseline,0.362747,-0.44039616
PINN Baseline,0.36021918,-0.44343317
PINN Baseline,0.36098218,-0.44251424
PINN Baseline,0.35380173,-0.45124006
PINN Baseline,0.34156483,-0.46652684
PINN Baseline,0.34243345,-0.46542382
PINN Baseline,0.3576721,-0.44651493
PINN Baseline,0.36352307,-0.43946803
PINN Baseline,0.3623863,-0.44082823
PINN Baseline,0.36480027,-0.43794483
PINN Baseline,0.3606075,-0.44296524
PINN Baseline,0.36636358,-0.4360877
PINN Baseline,0.3307017,-0.48056355
PINN Baseline,0.36561257,-0.43697888
PINN Baseline,0.34506166,-0.4621033
PINN Baseline,0.35156208,-0.45399797
PINN Baseline,0.34346122,-0.4641223
PINN Baseline,0.36017877,-0.4434819
PINN Baseline,0.35475594,-0.45007032
PINN Baseline,0.34886676,-0.45734042
PINN Baseline,0.3468719,-0.45983085
PINN Baseline,0.36871457,-0.4333097
PINN Baseline,0.3552127,-0.44951153
PINN Baseline,0.3658015,-0.4367545
PINN Baseline,0.35785413,-0.44629398
PINN Baseline,0.3591416,-0.4447343
PINN Baseline,0.34326357,-0.46437228
PINN Baseline,0.35273743,-0.45254844
PINN Baseline,0.35011625,-0.45578772
PINN Baseline,0.34402347,-0.46341193
PINN Baseline,0.36279655,-0.44033685
PINN Baseline,0.35219955,-0.4532112
PINN Baseline,0.33909065,-0.46968418
PINN Baseline,0.34569567,-0.46130607
PINN Baseline,0.35670346,-0.4476927
PINN Baseline,0.35105866,-0.4546203
PINN Baseline,0.33263063,-0.47803774
PINN Baseline,0.35570192,-0.44891378
PINN Baseline,0.3555333,-0.44911972
PINN Baseline,0.35760558,-0.44659573
PINN Baseline,0.35811323,-0.44597962
PINN Baseline,0.35485303,-0.44995147
PINN Baseline,0.35259908,-0.45271882
PINN Baseline,0.36116326,-0.44229645
PINN Baseline,0.35784334,-0.44630706
PINN Baseline,0.3484652,-0.4578406
PINN Baseline,0.34034932,-0.46807513
PINN Baseline,0.35543948,-0.44923434
PINN Baseline,0.3497501,-0.45624214
PINN Baseline,0.3518917,-0.453591
PINN Baseline,0.35550457,-0.4491548
PINN Baseline,0.33844894,-0.47050685
PINN Baseline,0.3436203,-0.4639212
PINN Baseline,0.3528322,-0.4524318
PINN Baseline,0.36197227,-0.44132468
PINN Baseline,0.351502,-0.4540722
PINN Baseline,0.3514886,-0.45408878
PINN Baseline,0.36950314,-0.43238187
PINN Baseline,0.3457383,-0.4612525
PINN Baseline,0.35072798,-0.45502958
PINN Baseline,0.35418105,-0.45077467
PINN Baseline,0.32159346,-0.4926928
PINN Baseline,0.3534794,-0.4516359
PINN Baseline,0.34789532,-0.4585514
PINN Baseline,0.34805024,-0.45835808
PINN Baseline,0.36194187,-0.44136116
PINN Baseline,0.3499093,-0.4560445
PINN Baseline,0.3604014,-0.44321355
PINN Baseline,0.36339247,-0.43962407
PINN Baseline,0.35975796,-0.44398957
PINN Baseline,0.34528166,-0.4618265
PINN Baseline,0.35609573,-0.44843322
PINN Baseline,0.35882735,-0.44511446
PINN Baseline,0.34606773,-0.4608389
PINN Baseline,0.35832602,-0.44572166
PINN Baseline,0.35343975,-0.45168462
PINN Baseline,0.3548804,-0.449918
PINN Baseline,0.35970384,-0.44405493
PINN Baseline,0.35192788,-0.45354635
PINN Baseline,0.35174775,-0.45376867
PINN Baseline,0.36094952,-0.44255355
PINN Baseline,0.35131347,-0.4543052
PINN Baseline,0.35225242,-0.453146
PINN Baseline,0.3446625,-0.46260598
PINN Baseline,0.35187626,-0.45361003
PINN Baseline,0.3677106,-0.43449387
PINN Baseline,0.359775,-0.443969
PINN Baseline,0.34919697,-0.45692953
PINN Baseline,0.34476447,-0.4624775
PINN Baseline,0.36152202,-0.44186524
PINN Baseline,0.35649753,-0.44794348
PINN Baseline,0.34696305,-0.45971677
PINN Baseline,0.34224963,-0.465657
PINN Baseline,0.33217925,-0.4786275
PINN Baseline,0.3412534,-0.466923
PINN Baseline,0.35537034,-0.44931883
PINN Baseline,0.35136116,-0.45424625
PINN Baseline,0.36799037,-0.43416354
PINN Baseline,0.37048084,-0.43123424
PINN Baseline,0.34695774,-0.4597234
PINN Baseline,0.35153848,-0.45402712
PINN Baseline,0.3504225,-0.455408
PINN Baseline,0.350421,-0.45540985
PINN Baseline,0.3622346,-0.4410101
PINN Baseline,0.35156637,-0.45399266
PINN Baseline,0.34126598,-0.466907
PINN Baseline,0.35342622,-0.45170122
PINN Baseline,0.35330033,-0.45185596
PINN Baseline,0.33867538,-0.47021636
PINN Baseline,0.3608392,-0.4426863
PINN Baseline,0.3380378,-0.47103474
PINN Baseline,0.3462177,-0.46065074
PINN Baseline,0.34934872,-0.45674083
PINN Baseline,0.35845327,-0.44556746
PINN Baseline,0.35201603,-0.45343757
PINN Baseline,0.35131437,-0.4543041
PINN Baseline,0.34730762,-0.45928568
PINN Baseline,0.34614784,-0.4607384
PINN Baseline,0.34734923,-0.45923367
PINN Baseline,0.3546536,-0.45019564
PINN Baseline,0.3490517,-0.45711023
PINN Baseline,0.3636204,-0.43935177
PINN Baseline,0.36164302,-0.44171992
PINN Baseline,0.36481923,-0.43792227
PINN Baseline,0.34720176,-0.4594181
PINN Baseline,0.3515069,-0.45406616
PINN Baseline,0.33793736,-0.4711638
PINN Baseline,0.35104215,-0.45464075
PINN Baseline,0.3514356,-0.45415425
PINN Baseline,0.33728182,-0.47200707
PINN Baseline,0.363106,-0.43996656
PINN Baseline,0.34958196,-0.456451
PINN Baseline,0.33884937,-0.46999332
PINN Baseline,0.33983672,-0.4687297
PINN Baseline,0.34731263,-0.45927942
PINN Baseline,0.3550042,-0.44976652
PINN Baseline,0.34576052,-0.4612246
PINN Baseline,0.34662092,-0.46014524
PINN Baseline,0.36259526,-0.44057786
PINN Baseline,0.34692073,-0.45976976
PINN Baseline,0.3584525,-0.44556838
PINN Baseline,0.33864313,-0.47025773
PINN Baseline,0.35026318,-0.4556055
PINN Baseline,0.34524786,-0.461869
PINN Baseline,0.35157555,-0.45398134
PINN Baseline,0.33579993,-0.4739194
PINN Baseline,0.34878385,-0.45744362
PINN Baseline,0.34256858,-0.4652525
PINN Baseline,0.35244763,-0.45290542
PINN Baseline,0.34435165,-0.46299782
PINN Baseline,0.36459118,-0.43819383
PINN Baseline,0.36382174,-0.43911135
PINN Baseline,0.34466106,-0.46260777
PINN Baseline,0.35336447,-0.45177713
PINN Baseline,0.36619872,-0.43628317
PINN Baseline,0.3548252,-0.44998553
PINN Baseline,0.3256222,-0.487286
PINN Baseline,0.33788723,-0.4712282
PINN Baseline,0.34789503,-0.4585518
PINN Baseline,0.3573557,-0.44689927
PINN Baseline,0.33596164,-0.4737103
PINN Baseline,0.37072027,-0.43095368
PINN Baseline,0.36939305,-0.43251127
PINN Baseline,0.36430448,-0.43853548
PINN Baseline,0.32600337,-0.4867779
PINN Baseline,0.35555398,-0.44909444
PINN Baseline,0.3523841,-0.4529837
PINN Baseline,0.3602413,-0.4434065
PINN Baseline,0.36047852,-0.4431206
PINN Baseline,0.34680855,-0.4599102
PINN Baseline,0.3440842,-0.46333528
PINN Baseline,0.34722805,-0.4593852
PINN Baseline,0.3605783,-0.4430004
PINN Baseline,0.3570646,-0.4472532
PINN Baseline,0.33594716,-0.47372904
PINN Baseline,0.3572324,-0.44704917
PINN Baseline,0.3463502,-0.46048456
PINN Baseline,0.35235947,-0.45301405
PINN Baseline,0.33735144,-0.47191742
PINN Baseline,0.35598093,-0.44857326
PINN Baseline,0.35808742,-0.44601095
PINN Baseline,0.36742592,-0.43483022
PINN Baseline,0.36508656,-0.43760416
PINN Baseline,0.35445923,-0.4504337
PINN Baseline,0.33450985,-0.4755911
PINN Baseline,0.3650052,-0.43770096
PINN Baseline,0.3598317,-0.4439006
PINN Baseline,0.34558654,-0.4614432
PINN Baseline,0.35266358,-0.4526394
PINN Baseline,0.34798533,-0.45843908
PINN Baseline,0.34353155,-0.46403337
PINN Baseline,0.35802507,-0.44608656
PINN Baseline,0.358025,-0.44608662
PINN Baseline,0.36467016,-0.43809977
PINN Baseline,0.35216492,-0.4532539
PINN Baseline,0.34917408,-0.456958
PINN Baseline,0.34217787,-0.46574807
PINN Baseline,0.3440835,-0.46333617
PINN Baseline,0.34680235,-0.45991796
PINN Baseline,0.3371529,-0.4721731
PINN Baseline,0.37068903,-0.43099025
PINN Baseline,0.36156124,-0.44181815
PINN Baseline,0.35763252,-0.446563
PINN Baseline,0.3699118,-0.4319018
PINN Baseline,0.35227662,-0.45311618
PINN Baseline,0.34278238,-0.46498153
PINN Baseline,0.36399496,-0.43890464
PINN Baseline,0.34435225,-0.46299708
PINN Baseline,0.35584056,-0.44874454
PINN Baseline,0.3477401,-0.4587452
PINN Baseline,0.35202992,-0.45342043
PINN Baseline,0.33313435,-0.47738057
PINN Baseline,0.3622976,-0.44093454
PINN Baseline,0.3580647,-0.44603848
PINN Baseline,0.3474489,-0.45910907
PINN Baseline,0.33420336,-0.4759892
PINN Baseline,0.3593552,-0.44447604
PINN Baseline,0.35639626,-0.44806686
PINN Baseline,0.3490296,-0.45713773
PINN Baseline,0.3610943,-0.4423794
PINN Baseline,0.35948902,-0.44431436
PINN Baseline,0.3422891,-0.46560696
PINN Baseline,0.34788293,-0.45856687
PINN Baseline,0.36791426,-0.43425336
PINN Baseline,0.35300237,-0.45222238
PINN Baseline,0.33765787,-0.47152314
PINN Baseline,0.33930558,-0.469409
PINN Baseline,0.37853992,-0.42188832
PINN Baseline,0.3620329,-0.44125196
PINN Baseline,0.34202254,-0.46594527
PINN Baseline,0.34915745,-0.45697868
PINN Baseline,0.3623063,-0.4409241
PINN Baseline,0.3539905,-0.4510084
PINN Baseline,0.35278308,-0.45249224
PINN Baseline,0.35336983,-0.45177054
PINN Baseline,0.3399409,-0.46859658
PINN Baseline,0.35210377,-0.45332932
PINN Baseline,0.3452562,-0.4618585
PINN Baseline,0.33524603,-0.47463638
PINN Baseline,0.3546502,-0.45019978
PINN Baseline,0.33694565,-0.47244015
PINN Baseline,0.356933,-0.4474133
PINN Baseline,0.33682948,-0.4725899
PINN Baseline,0.34134704,-0.46680385
PINN Baseline,0.3520857,-0.4533516
PINN Baseline,0.34162605,-0.46644902
PINN Baseline,0.35855722,-0.4454415
PINN Baseline,0.34932053,-0.45677587
PINN Baseline,0.33811373,-0.4709372
PINN Baseline,0.34883374,-0.45738152
PINN Baseline,0.34211063,-0.46583343
PINN Baseline,0.34585172,-0.46111006
PINN Baseline,0.35724974,-0.44702807
PINN Baseline,0.35876733,-0.44518712
PINN Baseline,0.3390674,-0.46971396
PINN Baseline,0.33863586,-0.47026706
PINN Baseline,0.34736723,-0.45921117
PINN Baseline,0.35729343,-0.44697496
PINN Baseline,0.3436234,-0.46391726
PINN Baseline,0.33878124,-0.47008064
PINN Baseline,0.35246867,-0.4528795
PINN Baseline,0.35856414,-0.44543314
PINN Baseline,0.34247077,-0.4653765
PINN Baseline,0.35240668,-0.45295587
PINN Baseline,0.34560186,-0.46142393
PINN Baseline,0.35590768,-0.44866264
PINN Baseline,0.35405397,-0.45093054
PINN Baseline,0.36806566,-0.4340747
PINN Baseline,0.35337615,-0.45176277
PINN Baseline,0.36082458,-0.44270387
PINN Baseline,0.34475422,-0.4624904
PINN Baseline,0.35170972,-0.45381564
PINN Baseline,0.37801224,-0.42249414
PINN Baseline,0.349245,-0.45686978
PINN Baseline,0.3596561,-0.44411257
PINN Baseline,0.3468547,-0.45985243
PINN Baseline,0.35380262,-0.45123896
PINN Baseline,0.35826653,-0.44579375
PINN Baseline,0.36315048,-0.4399134
PINN Baseline,0.35802543,-0.4460861
PINN Baseline,0.35205632,-0.45338786
PINN Baseline,0.33178854,-0.4791386
PINN Baseline,0.36032325,-0.44330773
PINN Baseline,0.35959536,-0.4441859
PINN Baseline,0.33816415,-0.47087243
PINN Baseline,0.36996222,-0.43184263
PINN Baseline,0.3508638,-0.45486143
PINN Baseline,0.35215753,-0.453263
PINN Baseline,0.35121298,-0.45442945
PINN Baseline,0.3552029,-0.44952348
PINN Baseline,0.3426684,-0.46512592
PINN Baseline,0.34863847,-0.45762467
PINN Baseline,0.34565854,-0.4613527
PINN Baseline,0.35180867,-0.45369348
PINN Baseline,0.34277236,-0.4649942
PINN Baseline,0.33661962,-0.47286057
PINN Baseline,0.3541057,-0.45086706
PINN Baseline,0.34610945,-0.46078655
PINN Baseline,0.34047347,-0.46791673
PINN Baseline,0.36643875,-0.43599862
PINN Baseline,0.35306048,-0.45215088
PINN Baseline,0.34519416,-0.46193656
PINN Baseline,0.3585288,-0.44547597
PINN Baseline,0.32715523,-0.48524612
PINN Baseline,0.33946204,-0.46920878
PINN Baseline,0.3462112,-0.4606589
PINN Baseline,0.34458733,-0.4627007
PINN Baseline,0.34411085,-0.46330163
PINN Baseline,0.36547488,-0.43714246
PINN Baseline,0.35614198,-0.44837683
PINN Baseline,0.3535837,-0.45150778
PINN Baseline,0.34993374,-0.4560142
PINN Baseline,0.35676837,-0.44761366
PINN Baseline,0.35125363,-0.45437917
PINN Baseline,0.34209085,-0.46585855
PINN Baseline,0.3346659,-0.47538856
PINN Baseline,0.34743494,-0.4591265
PINN Baseline,0.3500929,-0.45581672
PINN Baseline,0.34589112,-0.46106058
PINN Baseline,0.3375653,-0.4716422
PINN Baseline,0.34917808,-0.45695302
PINN Baseline,0.3484668,-0.45783857
PINN Baseline,0.35349953,-0.45161116
PINN Baseline,0.35447496,-0.45041445
PINN Baseline,0.36158288,-0.44179216
PINN Baseline,0.35697204,-0.4473658
PINN Baseline,0.33742672,-0.47182053
PINN Baseline,0.3520618,-0.4533811
PINN Baseline,0.34682572,-0.4598887
PINN Baseline,0.33662927,-0.47284812
PINN Baseline,0.35902667,-0.4448733
PINN Baseline,0.34034854,-0.4680761
PINN Baseline,0.36144388,-0.4419591
PINN Baseline,0.3564757,-0.44797006
PINN Baseline,0.35765088,-0.4465407
PINN Baseline,0.35760957,-0.44659087
PINN Baseline,0.3495949,-0.45643494
PINN Baseline,0.3596893,-0.44407248
PINN Baseline,0.3478313,-0.45863134
PINN Baseline,0.34933335,-0.45675996
PINN Baseline,0.3568722,-0.4474873
PINN Baseline,0.33460516,-0.47546738
PINN Baseline,0.35077965,-0.4549656
PINN Baseline,0.35305172,-0.45216167
PINN Baseline,0.3554799,-0.44918495
PINN Baseline,0.3476171,-0.45889887
PINN Baseline,0.34225428,-0.46565112
PINN Baseline,0.37587345,-0.42495835
PINN Baseline,0.34408194,-0.46333814
PINN Baseline,0.33882564,-0.47002372
PINN Baseline,0.36525613,-0.4374025
PINN Baseline,0.34197825,-0.4660015
PINN Baseline,0.35319167,-0.45198953
PINN Baseline,0.34841698,-0.45790067
PINN Baseline,0.35927236,-0.4445762
PINN Baseline,0.3561964,-0.44831046
PINN Baseline,0.35456496,-0.45030418
PINN Baseline,0.3565935,-0.4478266
PINN Baseline,0.35166425,-0.4538718
PINN Baseline,0.350174,-0.4557161
PINN Baseline,0.33947313,-0.4691946
PINN Baseline,0.36726415,-0.43502146
PINN Baseline,0.34969276,-0.45631337
PINN Baseline,0.34164965,-0.466419
PINN Baseline,0.36091506,-0.44259498
PINN Baseline,0.32315463,-0.49058962
PINN Baseline,0.35374206,-0.4513133
PINN Baseline,0.35906017,-0.44483277
PINN Baseline,0.358078,-0.44602236
PINN Baseline,0.35007614,-0.4558375
PINN Baseline,0.35524774,-0.44946867
PINN Baseline,0.35766757,-0.44652045
PINN Baseline,0.36360776,-0.43936685
PINN Baseline,0.32881212,-0.4830522
PINN Baseline,0.34747988,-0.45907032
PINN Baseline,0.3510595,-0.4546193
PINN Baseline,0.35303533,-0.45218182
PINN Baseline,0.33262485,-0.4780453
PINN Baseline,0.35114568,-0.45451266
PINN Baseline,0.35590363,-0.4486676
PINN Baseline,0.34156907,-0.46652147
PINN Baseline,0.3493759,-0.45670706
PINN Baseline,0.35726547,-0.44700897
PINN Baseline,0.3406915,-0.4676387
PINN Baseline,0.358006,-0.44610968
PINN Baseline,0.33904165,-0.46974695
PINN Baseline,0.34791517,-0.45852664
PINN Baseline,0.36804813,-0.43409538
PINN Baseline,0.3517567,-0.45375764
PINN Baseline,0.36313075,-0.43993697
PINN Baseline,0.3476246,-0.45888948
PINN Baseline,0.3368336,-0.4725846
PINN Baseline,0.35218138,-0.45323363
PINN Baseline,0.34132487,-0.46683207
PINN Baseline,0.35858667,-0.44540587
PINN Baseline,0.35259092,-0.45272887
PINN Baseline,0.35850048,-0.44551027
PINN Baseline,0.35115564,-0.45450035
PINN Baseline,0.34531236,-0.46178788
PINN Baseline,0.35195845,-0.4535086
PINN Baseline,0.35686755,-0.44749293
PINN Baseline,0.34893066,-0.45726088
PINN Baseline,0.34410363,-0.46331075
PINN Baseline,0.3464588,-0.4603484
PINN Baseline,0.3569041,-0.44744846
PINN Baseline,0.37799394,-0.42251515
PINN Baseline,0.3471136,-0.45952836
PINN Baseline,0.358086,-0.44601268
PINN Baseline,0.3555913,-0.44904888
PINN Baseline,0.3397634,-0.4688234
PINN Baseline,0.35850793,-0.44550124
PINN Baseline,0.35919553,-0.44466907
PINN Baseline,0.35772896,-0.4464459
PINN Baseline,0.35778427,-0.44637877
PINN Baseline,0.3465848,-0.4601905
PINN Baseline,0.35337818,-0.45176026
PINN Baseline,0.3578267,-0.44632724
PINN Baseline,0.35784537,-0.4463046
PINN Baseline,0.36137456,-0.44204244
PINN Baseline,0.3542468,-0.45069408
PINN Baseline,0.33942044,-0.469262
PINN Baseline,0.36092544,-0.44258252
PINN Baseline,0.3451982,-0.46193147
PINN Baseline,0.357857,-0.4462905
PINN Baseline,0.35418022,-0.4507757
PINN Baseline,0.34655637,-0.46022612
PINN Baseline,0.3621704,-0.44108704
PINN Baseline,0.35899007,-0.44491756
PINN Baseline,0.33454585,-0.47554436
PINN Baseline,0.35218954,-0.45322356
PINN Baseline,0.35174447,-0.45377272
PINN Baseline,0.3458637,-0.461095
PINN Baseline,0.3638414,-0.43908787
PINN Baseline,0.35556674,-0.44907886
PINN Baseline,0.34396458,-0.46348628
PINN Baseline,0.34793705,-0.4584993
PINN Baseline,0.34722954,-0.45938334
PINN Baseline,0.35081095,-0.45492688
PINN Baseline,0.3595224,-0.44427404
PINN Baseline,0.36297172,-0.4401272
PINN Baseline,0.3370989,-0.47224268
PINN Baseline,0.35462046,-0.4502362
PINN Baseline,0.34371096,-0.46380663
PINN Baseline,0.33383554,-0.47646743
PINN Baseline,0.35767668,-0.44650936
PINN Baseline,0.3594454,-0.44436708
PINN Baseline,0.358553,-0.44544664
PINN Baseline,0.34566504,-0.46134454
PINN Baseline,0.35319465,-0.45198587
PINN Baseline,0.3498469,-0.45612198
PINN Baseline,0.3497542,-0.45623705
PINN Baseline,0.3524084,-0.45295373
PINN Baseline,0.35064805,-0.45512858
PINN Baseline,0.34756732,-0.45896107
PINN Baseline,0.35425687,-0.45068172
PINN Baseline,0.34816492,-0.458215
PINN Baseline,0.35316014,-0.4520283
PINN Baseline,0.35607004,-0.44846457
PINN Baseline,0.34079188,-0.46751076
PINN Baseline,0.33637363,-0.47317806
PINN Baseline,0.35562593,-0.4490066
PINN Baseline,0.36280298,-0.44032916
PINN Baseline,0.3675847,-0.43464255
PINN Baseline,0.34291238,-0.46481684
PINN Baseline,0.33417708,-0.47602335
PINN Baseline,0.34792686,-0.45851204
PINN Baseline,0.34563357,-0.4613841
PINN Baseline,0.33596432,-0.47370684
PINN Baseline,0.3532101,-0.45196688
PINN Baseline,0.34765816,-0.45884758
PINN Baseline,0.34730214,-0.45929253
PINN Baseline,0.34387642,-0.4635976
PINN Baseline,0.35202944,-0.45342103
PINN Baseline,0.3566805,-0.44772062
PINN Baseline,0.35264558,-0.45266157
PINN Baseline,0.34589076,-0.46106103
PINN Baseline,0.36434114,-0.4384918
PINN Baseline,0.3383047,-0.47069198
PINN Baseline,0.36426127,-0.438587
PINN Baseline,0.3399099,-0.46863618
PINN Baseline,0.34731627,-0.4592749
PINN Baseline,0.33935243,-0.46934903
PINN Baseline,0.3651117,-0.43757424
PINN Baseline,0.32523006,-0.48780933
PINN Baseline,0.36257565,-0.44060138
PINN Baseline,0.34663475,-0.46012792
PINN Baseline,0.34428793,-0.4630782
PINN Baseline,0.34305662,-0.4646342
PINN Baseline,0.3418917,-0.46611142
PINN Baseline,0.3488043,-0.45741817
PINN Baseline,0.35965985,-0.44410804
PINN Baseline,0.3586961,-0.44527334
PINN Baseline,0.37023032,-0.43152803
PINN Baseline,0.34852892,-0.45776117
PINN Baseline,0.35935664,-0.4444743
PINN Baseline,0.3496592,-0.45635504
PINN Baseline,0.35566252,-0.44896188
PINN Baseline,0.3521822,-0.4532326
PINN Baseline,0.3547132,-0.45012265
PINN Baseline,0.36381227,-0.43912265
PINN Baseline,0.3527509,-0.45253187
PINN Baseline,0.33768308,-0.4714907
PINN Baseline,0.35107195,-0.45460385
PINN Baseline,0.35446048,-0.45043218
PINN Baseline,0.35507536,-0.44967946
PINN Baseline,0.35653883,-0.44789317
PINN Baseline,0.35238856,-0.4529782
PINN Baseline,0.365335,-0.43730873
DC3,927.75,2.967431
DC3,926.5392,2.9668639
DC3,943.995,2.9749696
DC3,933.27155,2.9700081
DC3,940.3713,2.9732993
DC3,938.8516,2.972597
DC3,932.1011,2.969463
DC3,939.5581,2.9729238
DC3,930.90576,2.9689057
DC3,924.56384,2.965937
DC3,941.7531,2.973937
DC3,932.364,2.9695854
DC3,933.529,2.9701278
DC3,927.99774,2.967547
DC3,942.6655,2.9743576
DC3,937.92596,2.9721684
DC3,927.0067,2.967083
DC3,923.49445,2.9654343
DC3,936.46094,2.9714897
DC3,926.83246,2.9670012
DC3,945.6803,2.9757442
DC3,928.65625,2.967855
DC3,948.83185,2.9771893
DC3,927.39545,2.967265
DC3,923.36127,2.9653716
DC3,937.5435,2.9719915
DC3,926.4115,2.966804
DC3,934.57074,2.9706123
DC3,948.4106,2.9769964
DC3,928.16907,2.967627
DC3,945.69073,2.975749
DC3,936.6862,2.971594
DC3,927.42725,2.96728
DC3,939.2475,2.97278
DC3,928.08594,2.9675882
DC3,930.0626,2.9685123
DC3,937.6116,2.972023
DC3,934.7106,2.9706771
DC3,933.24677,2.9699965
DC3,931.6304,2.9692435
DC3,939.3564,2.9728303
DC3,942.2854,2.9741824
DC3,924.9316,2.9661095
DC3,949.7138,2.9775927
DC3,928.67523,2.9678638
DC3,935.4565,2.9710236
DC3,929.2559,2.9681354
DC3,939.70337,2.9729908
DC3,934.685,2.9706652
DC3,935.0432,2.9708316
DC3,934.02673,2.9703593
DC3,936.7556,2.9716263
DC3,952.5,2.978865
DC3,930.8362,2.9688733
DC3,938.0358,2.9722195
DC3,937.2009,2.9718328
DC3,940.04846,2.9731503
DC3,928.6128,2.9678347
DC3,940.5206,2.9733684
DC3,936.5234,2.9715185
DC3,933.9563,2.9703267
DC3,932.58966,2.9696906
DC3,943.33276,2.974665
DC3,930.29694,2.9686215
DC3,944.27576,2.9750988
DC3,934.8774,2.9707546
DC3,940.89795,2.9735425
DC3,924.94293,2.966115
DC3,933.49976,2.9701142
DC3,941.40063,2.9737744
DC3,930.34705,2.968645
DC3,946.14465,2.9759576
DC3,926.9459,2.9670544
DC3,927.60474,2.9673629
DC3,931.91003,2.969374
DC3,925.5842,2.966416
DC3,943.48645,2.9747357
DC3,934.82404,2.9707298
DC3,932.1565,2.9694889
DC3,943.4196,2.974705
DC3,941.8432,2.9739785
DC3,926.69806,2.9669383
DC3,927.4899,2.9673092
DC3,936.7637,2.97163
DC3,936.9399,2.9717116
DC3,921.4183,2.9644568
DC3,931.6844,2.9692688
DC3,935.84503,2.971204
DC3,940.99884,2.9735892
DC3,919.1474,2.963385
DC3,939.337,2.9728215
DC3,935.69617,2.971135
DC3,936.41693,2.9714692
DC3,935.8176,2.9711912
DC3,958.837,2.9817448
DC3,929.453,2.9682274
DC3,933.5089,2.9701185
DC3,929.785,2.9683826
DC3,938.11536,2.9722562
DC3,928.91595,2.9679763
DC3,944.57306,2.9752355
DC3,936.7257,2.9716125
DC3,933.26324,2.970004
DC3,939.46606,2.972881
DC3,940.85034,2.9735205
DC3,932.2,2.9695091
DC3,931.13025,2.9690104
DC3,941.12604,2.9736478
DC3,941.59436,2.9738638
DC3,937.76917,2.972096
DC3,927.22437,2.9671848
DC3,931.2503,2.9690664
DC3,931.6133,2.9692357
DC3,935.0455,2.9708328
DC3,941.1331,2.9736512
DC3,939.48004,2.9728875
DC3,935.3204,2.9709604
DC3,927.3976,2.9672658
DC3,940.01904,2.9731367
DC3,930.9009,2.9689035
DC3,943.4104,2.9747007
DC3,934.49005,2.9705746
DC3,926.2107,2.9667099
DC3,941.33984,2.9737465
DC3,926.67303,2.9669266
DC3,943.21716,2.9746118
DC3,929.731,2.9683573
DC3,946.37787,2.9760647
DC3,942.87305,2.9744532
DC3,938.4715,2.9724212
DC3,934.1051,2.9703958
DC3,933.5167,2.970122
DC3,923.3411,2.965362
DC3,930.35803,2.96865
DC3,922.39856,2.9649186
DC3,933.2965,2.9700196
DC3,937.0471,2.9717615
DC3,936.23535,2.971385
DC3,937.1018,2.9717867
DC3,924.77594,2.9660366
DC3,939.97906,2.973118
DC3,938.4846,2.9724271
DC3,940.1466,2.9731956
DC3,942.98175,2.9745033
DC3,943.8492,2.9749026
DC3,939.2762,2.9727933
DC3,929.3877,2.9681969
DC3,948.8073,2.977178
DC3,931.75366,2.9693012
DC3,927.4128,2.967273
DC3,930.5068,2.9687195
DC3,941.63226,2.9738812
DC3,932.5242,2.96966
DC3,932.402,2.9696033
DC3,929.5335,2.968265
DC3,937.5312,2.9719858
DC3,925.67847,2.9664602
DC3,926.42004,2.9668078
DC3,933.44366,2.970088
DC3,931.8929,2.969366
DC3,925.7592,2.9664981
DC3,936.8608,2.9716752
DC3,926.6868,2.966933
DC3,925.2947,2.96628
DC3,925.3288,2.9662962
DC3,933.4193,2.9700768
DC3,927.26544,2.967204
DC3,938.21735,2.9723034
DC3,941.9658,2.9740353
DC3,927.24603,2.967195
DC3,925.1962,2.966234
DC3,946.8928,2.9763007
DC3,944.8106,2.9753447
DC3,934.7405,2.970691
DC3,931.05444,2.968975
DC3,935.08685,2.970852
DC3,936.14014,2.971341
DC3,940.6281,2.973418
DC3,942.6841,2.9743662
DC3,929.3757,2.9681914
DC3,922.099,2.9647775
DC3,951.8874,2.9785855
DC3,937.6589,2.972045
DC3,944.6055,2.9752505
DC3,932.4712,2.9696355
DC3,929.20264,2.9681103
DC3,938.3095,2.972346
DC3,936.56384,2.9715374
DC3,929.7164,2.9683504
DC3,937.51447,2.971978
DC3,923.6258,2.965496
DC3,946.4061,2.9760776
DC3,928.00867,2.967552
DC3,938.49524,2.9724321
DC3,929.1098,2.968067
DC3,940.49646,2.9733572
DC3,930.2977,2.968622
DC3,934.2833,2.9704785
DC3,930.4861,2.96871
DC3,941.57684,2.9738557
DC3,931.1368,2.9690135
DC3,932.69385,2.9697392
DC3,939.1731,2.9727457
DC3,932.6798,2.9697325
DC3,938.43524,2.9724042
DC3,934.96436,2.9707952
DC3,919.8351,2.96371
DC3,926.5366,2.9668627
DC3,937.52,2.9719806
DC3,933.2199,2.969984
DC3,938.8943,2.9726167
DC3,934.0736,2.970381
DC3,920.0402,2.9638069
DC3,928.6268,2.9678411
DC3,946.4861,2.9761143
DC3,934.22687,2.9704523
DC3,933.31305,2.9700274
DC3,934.4873,2.9705734
DC3,935.5252,2.9710555
DC3,933.09247,2.9699247
DC3,938.80206,2.972574
DC3,930.7383,2.9688275
DC3,930.9999,2.9689496
DC3,944.21576,2.9750712
DC3,932.63654,2.9697125
DC3,933.3289,2.9700348
DC3,940.9436,2.9735637
DC3,925.3298,2.9662964
DC3,948.758,2.9771554
DC3,930.94934,2.968926
DC3,922.4258,2.9649315
DC3,927.61926,2.9673698
DC3,933.88574,2.9702938
DC3,937.53357,2.9719868
DC3,932.8259,2.9698007
DC3,922.57587,2.965002
DC3,932.3688,2.9695878
DC3,928.1289,2.9676082
DC3,927.1558,2.9671528
DC3,929.19354,2.9681063
DC3,939.05817,2.9726925
DC3,944.5607,2.97523
DC3,926.45197,2.9668229
DC3,945.42944,2.975629
DC3,930.51843,2.968725
DC3,942.35223,2.9742134
DC3,939.15125,2.9727356
DC3,920.4485,2.9639995
DC3,952.1177,2.9786906
DC3,937.9005,2.9721568
DC3,938.7657,2.9725573
DC3,932.97327,2.9698691
DC3,936.149,2.971345
DC3,937.04553,2.9717607
DC3,928.007,2.9675512
DC3,940.31177,2.9732718
DC3,941.28864,2.9737227
DC3,943.0171,2.9745195
DC3,925.91675,2.966572
DC3,934.9423,2.970785
DC3,935.25555,2.9709303
DC3,947.7076,2.9766743
DC3,943.12195,2.974568
DC3,927.5789,2.967351
DC3,935.26685,2.9709356
DC3,945.17737,2.9755132
DC3,939.8382,2.973053
DC3,933.01483,2.9698884
DC3,945.6483,2.9757297
DC3,928.9284,2.9679823
DC3,938.19354,2.9722924
DC3,924.1754,2.9657545
DC3,944.4151,2.975163
DC3,940.85535,2.973523
DC3,935.4979,2.9710429
DC3,936.54767,2.97153
DC3,936.2663,2.9713993
DC3,941.00543,2.973592
DC3,936.3577,2.9714417
DC3,932.7897,2.9697838
DC3,944.2485,2.9750862
DC3,923.29,2.9653382
DC3,935.21985,2.9709136
DC3,929.40375,2.9682045
DC3,944.04553,2.974993
DC3,946.606,2.9761693
DC3,938.45886,2.9724152
DC3,936.4657,2.9714918
DC3,953.69684,2.9794104
DC3,926.5407,2.9668646
DC3,934.2223,2.9704502
DC3,931.89166,2.9693654
DC3,938.43463,2.972404
DC3,943.5708,2.9747746
DC3,941.217,2.9736898
DC3,937.9332,2.972172
DC3,930.64886,2.9687858
DC3,941.4636,2.9738035
DC3,946.7408,2.976231
DC3,934.1864,2.9704335
DC3,933.6698,2.9701934
DC3,949.6791,2.977577
DC3,945.1294,2.9754913
DC3,927.32513,2.967232
DC3,930.5412,2.9687357
DC3,924.22095,2.9657757
DC3,945.33234,2.9755845
DC3,920.8814,2.9642036
DC3,947.21497,2.9764485
DC3,945.60724,2.9757109
DC3,929.69794,2.9683418
DC3,941.7675,2.9739437
DC3,927.15564,2.9671526
DC3,926.9282,2.967046
DC3,939.0441,2.972686
DC3,941.6237,2.9738774
DC3,940.0042,2.9731297
DC3,944.836,2.9753563
DC3,928.0238,2.967559
DC3,943.13025,2.9745717
DC3,934.97363,2.9707994
DC3,930.55615,2.9687426
DC3,937.20044,2.9718325
DC3,931.0241,2.968961
DC3,927.25604,2.9671996
DC3,944.6137,2.9752543
DC3,936.8287,2.9716601
DC3,941.6915,2.9739087
DC3,940.4314,2.9733272
DC3,950.8505,2.9781122
DC3,941.61847,2.973875
DC3,921.511,2.9645004
DC3,925.9753,2.9665995
DC3,930.19995,2.9685764
DC3,925.1817,2.966227
DC3,929.8611,2.9684181
DC3,928.74335,2.9678957
DC3,934.15405,2.9704185
DC3,938.3981,2.972387
DC3,925.8696,2.9665499
DC3,930.36084,2.9686515
DC3,947.51996,2.9765882
DC3,939.96796,2.973113
DC3,945.8388,2.9758172
DC3,936.50275,2.971509
DC3,953.2909,2.9792254
DC3,919.2685,2.9634423
DC3,938.81775,2.9725814
DC3,931.5012,2.9691834
DC3,940.9176,2.9735515
DC3,936.70667,2.9716036
DC3,930.45593,2.9686959
DC3,930.3173,2.968631
DC3,944.67236,2.9752812
DC3,925.21,2.9662404
DC3,926.91595,2.9670403
DC3,931.9844,2.9694085
DC3,919.50525,2.9635541
DC3,928.5848,2.9678216
DC3,922.84406,2.9651284
DC3,934.8188,2.9707274
DC3,943.06683,2.9745424
DC3,929.254,2.9681344
DC3,945.10645,2.9754808
DC3,939.37506,2.972839
DC3,935.2499,2.9709277
DC3,931.90967,2.9693737
DC3,929.8725,2.9684234
DC3,947.02704,2.9763625
DC3,927.5045,2.9673162
DC3,932.50366,2.9696505
DC3,923.62244,2.9654944
DC3,941.7859,2.9739523
DC3,938.0189,2.9722116
DC3,935.9531,2.971254
DC3,920.57697,2.96406
DC3,935.13367,2.9708736
DC3,941.2067,2.973685
DC3,929.383,2.9681947
DC3,936.03015,2.9712899
DC3,925.9985,2.9666102
DC3,934.2183,2.9704485
DC3,932.9648,2.9698653
DC3,935.9987,2.9712753
DC3,930.3295,2.9686368
DC3,935.1408,2.970877
DC3,928.94696,2.9679909
DC3,930.2174,2.9685845
DC3,931.3611,2.969118
DC3,941.90485,2.9740071
DC3,942.9183,2.974474
DC3,932.8607,2.969817
DC3,936.5539,2.9715328
DC3,923.208,2.9652996
DC3,937.2914,2.9718747
DC3,937.8525,2.9721346
DC3,936.65955,2.9715817
DC3,924.84845,2.9660707
DC3,934.4827,2.9705713
DC3,941.37604,2.9737632
DC3,928.7099,2.96788
DC3,936.1055,2.971325
DC3,945.3297,2.9755833
DC3,929.7868,2.9683833
DC3,936.76654,2.9716313
DC3,931.6407,2.9692485
DC3,925.287,2.9662764
DC3,932.7712,2.9697752
DC3,931.8177,2.969331
DC3,937.38934,2.97192
DC3,937.6611,2.972046
DC3,922.1813,2.9648163
DC3,933.7591,2.9702349
DC3,920.3681,2.9639616
DC3,928.15076,2.9676185
DC3,935.2851,2.970944
DC3,930.7621,2.9688387
DC3,950.51556,2.9779592
DC3,938.7549,2.9725523
DC3,922.39624,2.9649174
DC3,926.9501,2.9670563
DC3,933.45996,2.9700956
DC3,931.0883,2.9689908
DC3,932.80914,2.9697928
DC3,932.9977,2.9698806
DC3,935.4962,2.971042
DC3,935.78217,2.9711747
DC3,934.31934,2.9704952
DC3,940.3356,2.9732828
DC3,949.0343,2.9772818
DC3,934.6749,2.9706607
DC3,938.7361,2.9725435
DC3,924.1857,2.9657593
DC3,922.68097,2.9650517
DC3,928.40106,2.9677355
DC3,945.4851,2.9756546
DC3,940.2587,2.9732473
DC3,925.27124,2.966269
DC3,932.05585,2.969442
DC3,936.141,2.9713414
DC3,930.34265,2.968643
DC3,930.975,2.968938
DC3,930.43414,2.9686856
DC3,928.2388,2.9676597
DC3,943.42926,2.9747093
DC3,930.47516,2.9687047
DC3,923.17633,2.9652846
DC3,930.201,2.968577
DC3,920.4647,2.9640071
DC3,924.88513,2.9660878
DC3,940.97217,2.9735768
DC3,933.2795,2.9700117
DC3,928.8434,2.9679425
DC3,933.34375,2.9700415
DC3,932.9863,2.9698753
DC3,943.36426,2.9746795
DC3,935.4774,2.9710333
DC3,932.495,2.9696465
DC3,931.9119,2.969375
DC3,934.98083,2.9708028
DC3,932.7753,2.969777
DC3,934.8444,2.9707394
DC3,923.7636,2.965561
DC3,929.1742,2.9680972
DC3,933.9958,2.970345
DC3,949.5668,2.9775255
DC3,939.5667,2.9729276
DC3,927.8426,2.9674742
DC3,937.92096,2.9721663
DC3,936.1981,2.9713678
DC3,939.8119,2.9730408
DC3,941.0708,2.9736223
DC3,938.72394,2.972538
DC3,934.21545,2.970447
DC3,938.815,2.97258
DC3,926.31415,2.9667583
DC3,929.8071,2.9683928
DC3,940.113,2.97318
DC3,933.92865,2.9703138
DC3,928.09753,2.9675937
DC3,924.3044,2.965815
DC3,927.41205,2.9672728
DC3,919.0112,2.9633207
DC3,937.74396,2.9720843
DC3,941.88336,2.973997
DC3,939.3341,2.97282
DC3,932.89594,2.9698331
DC3,939.6761,2.972978
DC3,942.62054,2.9743369
DC3,929.99133,2.968479
DC3,943.8142,2.9748864
DC3,951.3725,2.9783506
DC3,938.235,2.9723117
DC3,943.69415,2.9748313
DC3,941.05597,2.9736154
DC3,939.0592,2.972693
DC3,946.93835,2.9763217
DC3,935.3772,2.9709868
DC3,933.8745,2.9702885
DC3,941.01025,2.9735944
DC3,938.3792,2.9723785
DC3,951.48883,2.9784038
DC3,939.2236,2.972769
DC3,951.14746,2.978248
DC3,927.26434,2.9672036
DC3,947.2444,2.9764621
DC3,937.2034,2.971834
DC3,930.6999,2.9688096
DC3,929.5767,2.9682853
DC3,942.357,2.9742155
DC3,935.0855,2.9708514
DC3,940.51825,2.9733672
DC3,936.5436,2.971528
DC3,941.8658,2.973989
DC3,929.36597,2.9681869
DC3,946.0403,2.9759097
DC3,934.07556,2.970382
DC3,940.74255,2.9734707
DC3,929.3374,2.9681735
DC3,928.23425,2.9676576
DC3,939.54,2.9729152
DC3,936.5903,2.9715497
DC3,941.95953,2.9740322
DC3,935.728,2.9711497
DC3,922.7318,2.9650755
DC3,928.93805,2.9679868
DC3,935.5952,2.971088
DC3,929.2326,2.9681244
DC3,928.8326,2.9679375
DC3,950.21954,2.977824
DC3,932.94965,2.9698582
DC3,933.3535,2.9700463
DC3,931.57,2.9692154
DC3,926.5257,2.9668574
DC3,928.6354,2.9678452
DC3,934.9768,2.9708009
DC3,929.16925,2.9680948
DC3,931.39874,2.9691358
DC3,928.3355,2.967705
DC3,935.0135,2.9708178
DC3,931.1647,2.9690266
DC3,929.5332,2.9682648
DC3,936.1746,2.9713569
DC3,924.749,2.966024
DC3,929.0774,2.968052
DC3,924.07184,2.9657056
DC3,933.38245,2.9700596
DC3,941.1964,2.9736803
DC3,930.99084,2.9689455
DC3,947.39954,2.9765332
DC3,930.7302,2.968824
DC3,933.9171,2.9703083
DC3,933.8252,2.9702656
DC3,921.42,2.9644575
DC3,932.13306,2.969478
DC3,941.20465,2.973684
DC3,940.38257,2.9733045
DC3,934.84314,2.9707386
DC3,932.74243,2.9697618
DC3,945.4154,2.9756227
DC3,944.4111,2.975161
DC3,942.22174,2.974153
DC3,933.74054,2.9702263
DC3,937.42316,2.9719357
DC3,932.1965,2.9695075
DC3,934.3241,2.9704976
DC3,935.57684,2.9710793
DC3,928.62756,2.9678416
DC3,935.25336,2.9709294
DC3,929.92444,2.9684477
DC3,935.7924,2.9711795
DC3,940.77185,2.9734843
DC3,945.40924,2.9756198
DC3,932.74475,2.9697628
DC3,933.39496,2.9700654
DC3,934.25555,2.9704657
DC3,932.8933,2.969832
DC3,940.95654,2.9735696
DC3,935.4665,2.9710283
DC3,937.0108,2.9717445
DC3,930.7464,2.9688313
DC3,948.6311,2.9770973
DC3,937.20386,2.9718342
DC3,929.38995,2.968198
DC3,936.89087,2.971689
DC3,927.91156,2.9675066
DC3,931.45917,2.969164
DC3,935.90283,2.9712307
DC3,934.0438,2.9703672
DC3,943.37,2.974682
DC3,938.5348,2.9724503
DC3,922.9516,2.965179
DC3,937.9513,2.9721804
DC3,931.437,2.9691534
DC3,940.8178,2.9735055
DC3,939.2959,2.9728024
DC3,945.6988,2.9757528
DC3,926.7996,2.966986
DC3,943.1832,2.974596
DC3,931.46954,2.9691687
DC3,919.3105,2.963462
DC3,939.44763,2.9728725
DC3,930.9307,2.9689174
DC3,933.80896,2.970258
DC3,949.53613,2.9775114
DC3,940.64276,2.9734247
DC3,925.8018,2.966518
DC3,941.4624,2.973803
DC3,939.28375,2.972797
DC3,922.6728,2.9650476
DC3,940.0087,2.973132
DC3,937.35834,2.9719057
DC3,930.70483,2.968812
DC3,944.79425,2.9753373
DC3,943.02783,2.9745245
DC3,939.33466,2.9728203
DC3,947.7357,2.9766872
DC3,928.6315,2.9678433
DC3,931.1644,2.9690263
DC3,928.79,2.9679174
DC3,928.2507,2.9676652
DC3,924.6065,2.965957
DC3,940.8555,2.973523
DC3,932.3157,2.969563
DC3,927.61115,2.967366
DC3,923.83716,2.9655955
DC3,932.18494,2.969502
DC3,929.96497,2.9684665
DC3,933.40454,2.97007
DC3,940.32623,2.9732785
DC3,939.5079,2.9729004
DC3,932.242,2.9695287
DC3,938.7499,2.97255
DC3,927.303,2.9672217
DC3,935.5817,2.9710817
DC3,935.83997,2.9712017
DC3,932.7962,2.969787
DC3,937.42035,2.9719343
DC3,930.3522,2.9686475
DC3,929.7774,2.968379
DC3,936.45026,2.9714847
DC3,925.4476,2.9663517
DC3,942.4957,2.9742794
DC3,940.1185,2.9731827
DC3,928.45026,2.9677587
DC3,947.106,2.9763987
DC3,932.9727,2.969869
DC3,930.0719,2.9685166
DC3,917.2263,2.9624765
DC3,932.80255,2.9697897
DC3,928.8954,2.9679668
DC3,938.06006,2.9722307
DC3,944.50195,2.9752028
DC3,940.5524,2.973383
DC3,950.28235,2.9778526
DC3,943.51263,2.9747477
DC3,926.8075,2.9669895
DC3,938.5335,2.9724498
DC3,934.2472,2.9704618
DC3,936.73804,2.9716182
DC3,932.8932,2.969832
DC3,930.0756,2.9685183
DC3,933.1706,2.969961
DC3,936.2337,2.9713843
DC3,933.65326,2.9701855
DC3,929.3589,2.9681835
DC3,933.29095,2.970017
DC3,940.4166,2.9733202
DC3,941.5152,2.9738274
DC3,936.99414,2.971737
DC3,930.2472,2.9685984
DC3,937.32715,2.9718912
DC3,935.6887,2.9711313
DC3,940.689,2.9734461
DC3,933.7556,2.9702332
DC3,935.4457,2.9710186
DC3,925.46735,2.966361
DC3,941.0267,2.9736018
DC3,946.0811,2.9759283
DC3,935.203,2.9709058
DC3,950.21185,2.9778204
DC3,932.08496,2.9694555
DC3,934.6646,2.970656
DC3,952.3425,2.9787931
DC3,934.064,2.9703767
DC3,933.58923,2.9701557
DC3,957.60187,2.981185
DC3,928.68646,2.967869
DC3,933.17944,2.9699652
DC3,924.9443,2.9661155
DC3,931.089,2.9689913
DC3,934.9089,2.9707692
DC3,945.361,2.9755976
DC3,943.212,2.9746094
DC3,946.0968,2.9759355
DC3,936.96356,2.9717226
DC3,931.2447,2.9690638
DC3,928.9704,2.9680018
DC3,935.54193,2.9710634
DC3,935.6173,2.9710982
DC3,929.18726,2.9681032
DC3,937.1908,2.971828
DC3,941.7375,2.97393
DC3,928.3657,2.967719
DC3,938.19965,2.9722953
DC3,938.037,2.97222
DC3,940.59436,2.9734023
DC3,938.3419,2.972361
DC3,944.0137,2.9749782
DC3,932.88153,2.9698265
DC3,937.2146,2.971839
DC3,942.5171,2.9742892
DC3,936.62994,2.971568
DC3,931.67993,2.9692667
DC3,937.59314,2.9720144
DC3,947.4245,2.9765446
DC3,935.1629,2.9708872
DC3,930.6482,2.9687855
DC3,927.211,2.9671786
DC3,939.9004,2.9730818
DC3,956.1381,2.9805207
DC3,930.5753,2.9687514
DC3,934.6999,2.9706721
DC3,959.1119,2.9818692
DC3,940.604,2.9734068
DC3,942.783,2.9744117
DC3,932.8531,2.9698133
DC3,928.21576,2.967649
DC3,936.051,2.9712994
DC3,927.5385,2.967332
DC3,926.0367,2.966628
DC3,942.7678,2.9744048
DC3,938.6121,2.9724863
DC3,929.2806,2.9681468
DC3,928.30945,2.9676929
DC3,931.5068,2.969186
DC3,933.8879,2.9702947
DC3,929.4401,2.9682214
DC3,935.0492,2.9708345
DC3,933.4409,2.9700868
DC3,931.36224,2.9691186
DC3,932.25916,2.9695365
DC3,925.2783,2.9662724
DC3,930.54895,2.9687393
DC3,943.9724,2.9749594
DC3,939.77094,2.973022
DC3,932.5899,2.9696908
DC3,927.654,2.967386
DC3,929.84393,2.96841
DC3,945.47656,2.9756508
DC3,932.26355,2.9695387
DC3,933.9533,2.9703252
DC3,926.8031,2.9669874
DC3,937.30975,2.971883
DC3,936.16547,2.9713526
DC3,928.77277,2.9679096
DC3,924.0892,2.965714
DC3,941.94507,2.9740255
DC3,939.81433,2.973042
DC3,941.69763,2.9739115
DC3,939.3095,2.9728088
DC3,935.736,2.9711533
DC3,938.3243,2.972353
DC3,938.0799,2.9722397
DC3,952.1298,2.978696
DC3,938.8785,2.9726093
DC3,932.44965,2.9696255
DC3,929.256,2.9681354
DC3,933.4639,2.9700975
DC3,935.05457,2.9708369
DC3,940.20703,2.9732234
DC3,946.20685,2.975986
DC3,942.66925,2.9743593
DC3,918.3769,2.963021
DC3,937.5606,2.9719994
DC3,941.0077,2.9735932
DC3,934.1554,2.9704192
DC3,935.64197,2.9711096
DC3,930.5542,2.9687417
DC3,939.09906,2.9727113
DC3,932.92224,2.9698455
DC3,938.5676,2.9724655
DC3,942.863,2.9744487
DC3,929.1662,2.9680934
DC3,923.6259,2.965496
DC3,945.448,2.9756377
DC3,927.40076,2.9672675
DC3,927.2404,2.9671924
DC3,930.74536,2.9688308
DC3,936.2254,2.9713805
DC3,939.37054,2.972837
DC3,945.1844,2.9755166
DC3,936.7218,2.9716105
DC3,945.7951,2.9757972
DC3,936.5397,2.9715261
DC3,920.3393,2.963948
DC3,931.3622,2.9691186
DC3,938.1912,2.9722915
DC3,926.0262,2.9666233
DC3,936.6726,2.971588
DC3,943.816,2.9748874
DC3,934.4361,2.9705496
DC3,942.5758,2.9743164
DC3,931.1311,2.9690108
DC3,933.8615,2.9702826
DC3,936.23425,2.9713845
DC3,928.1884,2.967636
DC3,934.2576,2.9704666
DC3,926.0017,2.9666119
DC3,943.0603,2.9745395
DC3,933.7411,2.9702265
DC3,929.5403,2.9682682
DC3,941.43823,2.9737918
DC3,937.6906,2.9720595
DC3,940.1137,2.9731803
DC3,940.61005,2.9734097
DC3,948.15344,2.9768786
DC3,953.8718,2.97949
DC3,930.5245,2.9687278
DC3,934.4341,2.9705486
DC3,930.2199,2.9685857
DC3,931.429,2.9691498
DC3,943.0146,2.9745183
DC3,931.1412,2.9690156
DC3,928.5638,2.9678118
DC3,942.7086,2.9743774
DC3,932.76013,2.96977
DC3,939.7263,2.9730015
DC3,950.05896,2.9777505
DC3,945.1037,2.9754794
DC3,935.0034,2.9708133
DC3,937.51654,2.971979
DC3,935.9806,2.9712667
DC3,927.43335,2.9672828
DC3,934.38904,2.9705276
DC3,931.42053,2.9691458
DC3,933.1249,2.9699397
DC3,934.05334,2.9703717
DC3,923.0989,2.965248
DC3,948.27344,2.9769335
DC3,932.0563,2.9694421
DC3,927.515,2.967321
DC3,940.6598,2.9734325
DC3,922.08673,2.9647717
DC3,933.9646,2.9703305
DC3,940.1491,2.9731967
DC3,939.76685,2.97302
DC3,936.68115,2.9715917
DC3,939.0405,2.9726844
DC3,934.83374,2.9707344
DC3,932.74365,2.9697623
DC3,940.51575,2.973366
DC3,934.64026,2.9706445
DC3,947.39136,2.9765294
DC3,938.63,2.9724944
DC3,926.6427,2.9669123
DC3,927.4182,2.9672756
DC3,939.3646,2.972834
DC3,942.62054,2.9743369
DC3,942.14307,2.9741168
DC3,945.16595,2.975508
DC3,939.03705,2.9726827
DC3,935.3392,2.9709692
DC3,928.47925,2.9677722
DC3,943.01953,2.9745207
DC3,923.0311,2.9652164
DC3,933.72845,2.9702206
DC3,929.5719,2.968283
DC3,939.03687,2.9726827
DC3,928.1997,2.9676414
DC3,929.64075,2.9683151
DC3,939.27765,2.972794
DC3,921.8808,2.9646747
DC3,933.07117,2.9699147
DC3,933.41595,2.9700751
DC3,930.28467,2.9686158
DC3,933.3573,2.970048
DC3,927.6467,2.9673827
DC3,933.6925,2.9702039
DC3,939.914,2.973088
DC3,934.0124,2.9703526
DC3,941.0449,2.9736104
DC3,928.64935,2.9678519
DC3,928.0896,2.9675899
DC3,927.0106,2.9670846
DC3,933.94366,2.9703207
DC3,946.7201,2.9762216
DC3,944.3675,2.975141
DC3,939.90814,2.9730854
DC3,932.8474,2.9698107
DC3,925.3432,2.9663029
DC3,931.95483,2.969395
DC3,938.1652,2.9722793
DC3,932.4983,2.9696481
DC3,931.1833,2.9690351
DC3,929.594,2.9682932
DC3,932.272,2.9695427
DC3,942.137,2.9741142
DC3,922.7999,2.9651074
DC3,944.69244,2.9752905
DC3,931.7426,2.969296
DC3,937.5445,2.9719918
DC3,933.62335,2.9701717
DC3,937.34784,2.9719007
DC3,938.03314,2.9722183
DC3,938.82275,2.9725835
DC3,933.8146,2.9702606
DC3,927.7945,2.9674518
DC3,938.3441,2.972362
DC3,937.9048,2.9721587
DC3,938.89874,2.9726188
DC3,935.3138,2.9709573
DC3,933.2985,2.9700205
DC3,933.8752,2.9702888
DC3,931.3469,2.9691114
DC3,956.90735,2.98087
DC3,931.681,2.9692674
DC3,929.19727,2.968108
DC3,944.0556,2.9749975
DC3,946.21594,2.9759903
DC3,929.2819,2.9681475
DC3,936.744,2.971621
DC3,935.4274,2.9710102
DC3,929.35443,2.9681814
DC3,941.6368,2.9738834
DC3,926.32294,2.9667623
DC3,939.19385,2.9727552
DC3,938.12537,2.972261
DC3,941.8527,2.973983
DC3,943.5479,2.9747639
DC3,943.4552,2.9747212
DC3,925.9871,2.966605
DC3,920.4111,2.9639819
DC3,939.7437,2.9730093
DC3,940.2243,2.9732316
DC3,922.78937,2.9651027
DC3,934.983,2.9708037
DC3,932.79443,2.969786
DC3,935.8432,2.971203
DC3,920.40564,2.9639792
DC3,931.9349,2.9693856
DC3,927.77576,2.967443
DC3,933.1654,2.9699585
DC3,934.5288,2.9705927
DC3,925.6366,2.9664404
DC3,938.97455,2.9726539
DC3,932.4282,2.9696155
DC3,925.56335,2.966406
DC3,934.7146,2.970679
DC3,937.15656,2.9718122
DC3,932.1556,2.9694884
DC3,925.7512,2.9664943
DC3,937.9424,2.972176
DC3,936.50885,2.9715118
DC3,933.2098,2.9699793
DC3,934.25885,2.9704673
DC3,932.6563,2.9697216
DC3,930.4504,2.9686933
DC3,928.5035,2.9677835
DC3,939.7745,2.9730237
DC3,938.9304,2.9726334
DC3,934.62366,2.9706368
DC3,942.1334,2.9741125
DC3,928.1567,2.9676213
DC3,939.78265,2.9730275
DC3,943.4775,2.9747314
DC3,940.9379,2.973561
DC3,942.4487,2.9742577
DC3,943.924,2.974937
DC3,943.0181,2.97452
DC3,942.412,2.9742408
DC3,938.9327,2.9726346
DC3,939.295,2.972802
DC3,937.777,2.9720995
DC3,944.2717,2.975097
DC3,918.77954,2.9632113
DC3,941.69104,2.9739084
DC3,934.8386,2.9707367
DC3,928.7562,2.9679017
DC3,938.51385,2.9724407
DC3,925.57214,2.9664102
DC3,922.24994,2.9648485
DC3,942.98364,2.9745042
DC3,939.9041,2.9730835
DC3,937.48083,2.9719625
DC3,933.2439,2.9699953
DC3,945.59766,2.9757063
DC3,937.97156,2.9721897
DC3,942.67706,2.9743629
DC3,929.82745,2.9684024
DC3,946.3806,2.9760659
DC3,943.795,2.9748776
DC3,934.33075,2.9705007
DC3,929.32104,2.9681659
DC3,942.8461,2.9744408
DC3,941.1633,2.973665
DC3,930.5588,2.9687438
DC3,936.68317,2.9715927
DC3,933.3303,2.9700353
DC3,944.09674,2.9750166
DC3,922.8612,2.9651363
DC3,923.09296,2.9652455
DC3,938.8353,2.9725895
DC3,930.6286,2.9687765
DC3,935.5724,2.9710774
DC3,934.28705,2.9704804
DC3,925.6407,2.9664423
DC3,938.73706,2.972544
DC3,928.30426,2.9676902
DC3,918.2814,2.9629757
DC3,936.5586,2.971535
DC3,924.86786,2.9660797
DC3,928.3002,2.9676883
DC3,923.60474,2.965486
DC3,937.42267,2.9719355
DC3,933.04553,2.9699028
DC3,913.66864,2.9607887
DC3,917.91675,2.9628034
DC3,930.66296,2.9687924
DC3,924.9066,2.9660978
DC3,937.8151,2.9721172
DC3,925.0954,2.9661865
DC3,949.7682,2.9776175
DC3,928.5953,2.9678264
DC3,918.27783,2.962974
DC3,928.14276,2.967615
DC3,918.43274,2.9630473
DC3,926.194,2.966702
DC3,938.15344,2.9722738
DC3,930.38586,2.9686632
DC3,936.366,2.9714456
DC3,932.0813,2.9694538
DC3,926.51056,2.9668503
DC3,926.8628,2.9670155
DC3,922.1493,2.9648013
DC3,926.0183,2.9666195
DC3,933.8783,2.9702902
DC3,928.6378,2.9678464
DC3,930.5895,2.968758
DC3,920.9198,2.9642217
DC3,941.08563,2.9736292
DC3,936.5026,2.971509
DC3,923.8576,2.965605
DC3,943.2356,2.97462
DC3,918.46155,2.963061
DC3,927.76654,2.9674387
DC3,926.629,2.9669058
DC3,938.93353,2.9726348
DC3,928.9896,2.968011
DC3,931.6359,2.9692461
DC3,927.5922,2.9673572
DC3,931.11597,2.9690037
DC3,944.2215,2.9750738
DC3,924.0403,2.9656909
DC3,929.35095,2.9681797
DC3,932.7147,2.9697487
DC3,931.9383,2.969387
DC3,919.6898,2.9636414
DC3,937.6986,2.9720633
DC3,931.0497,2.968973
DC3,928.57806,2.9678185
DC3,923.14514,2.96527
DC3,936.2439,2.971389
DC3,922.8299,2.9651217
DC3,936.0801,2.971313
DC3,929.1012,2.968063
DC3,932.0685,2.9694479
DC3,919.54205,2.9635715
DC3,926.7471,2.9669611
DC3,935.705,2.971139
DC3,921.80743,2.9646401
DC3,940.1833,2.9732125
DC3,921.83636,2.9646537
DC3,924.85175,2.966072
DC3,928.1011,2.9675953
DC3,918.2723,2.9629714
DC3,938.7359,2.9725435
DC3,929.41644,2.9682105
DC3,926.11096,2.9666631
DC3,938.07825,2.972239
DC3,934.5116,2.9705846
DC3,925.7443,2.966491
DC3,923.02576,2.9652138
DC3,930.6161,2.9687705
DC3,931.4097,2.9691408
DC3,913.6637,2.9607863
DC3,928.6645,2.9678588
DC3,925.8523,2.9665418
DC3,935.7909,2.9711788
DC3,914.0175,2.9609544
DC3,933.879,2.9702907
DC3,928.9315,2.9679837
DC3,923.9763,2.9656608
DC3,926.70197,2.9669402
DC3,951.85406,2.9785705
DC3,925.2464,2.9662573
DC3,931.62317,2.9692402
DC3,925.64185,2.966443
DC3,937.2359,2.971849
DC3,926.58795,2.9668868
DC3,940.3492,2.9732893
DC3,935.9182,2.971238
DC3,925.13086,2.9662032
DC3,933.9838,2.9703393
DC3,929.9586,2.9684637
DC3,925.5204,2.966386
DC3,922.33124,2.964887
DC3,939.5915,2.972939
DC3,938.0964,2.9722474
DC3,931.86993,2.9693553
DC3,921.51044,2.9645002
DC3,928.01263,2.9675539
DC3,926.30896,2.9667559
DC3,930.23175,2.9685912
DC3,931.99023,2.9694114
DC3,936.30505,2.9714174
DC3,930.21027,2.9685812
DC3,922.66943,2.9650462
DC3,933.7583,2.9702344
DC3,929.4993,2.968249
DC3,938.47723,2.9724238
DC3,929.91766,2.9684446
DC3,918.62555,2.9631386
DC3,933.3585,2.9700484
DC3,919.1048,2.963365
DC3,938.42816,2.9724011
DC3,924.2433,2.9657862
DC3,941.10645,2.9736388
DC3,937.4275,2.9719377
DC3,935.7793,2.9711735
DC3,929.89294,2.968433
DC3,926.59106,2.9668882
DC3,919.299,2.9634569
DC3,923.8975,2.9656239
DC3,916.8209,2.9622846
DC3,928.7058,2.967878
DC3,936.6532,2.9715788
DC3,933.5887,2.9701555
DC3,928.2684,2.9676735
DC3,920.555,2.9640498
DC3,931.8474,2.9693449
DC3,928.4506,2.967759
DC3,935.1335,2.9708736
DC3,940.20685,2.9732234
DC3,938.4627,2.972417
DC3,930.5084,2.9687202
DC3,924.51074,2.9659119
DC3,950.24023,2.9778335
DC3,923.7913,2.9655738
DC3,922.82794,2.9651208
DC3,929.97974,2.9684734
DC3,935.41766,2.9710057
DC3,925.37244,2.9663165
DC3,924.07605,2.9657078
DC3,922.65436,2.965039
DC3,931.33435,2.9691057
DC3,918.1639,2.9629202
DC3,923.6934,2.9655278
DC3,927.45557,2.967293
DC3,924.168,2.965751
DC3,925.0033,2.9661434
DC3,929.984,2.9684756
DC3,917.9906,2.9628382
DC3,922.1861,2.9648185
DC3,918.55835,2.9631066
DC3,927.5722,2.9673476
DC3,917.3333,2.9625273
DC3,937.9196,2.9721656
DC3,940.3344,2.9732823
DC3,926.0746,2.966646
DC3,920.6253,2.964083
DC3,938.9617,2.972648
DC3,938.3314,2.9723563
DC3,930.56177,2.9687452
DC3,927.7836,2.9674468
DC3,930.2337,2.9685922
DC3,925.3639,2.9663126
DC3,935.149,2.9708807
DC3,939.28955,2.9727995
DC3,920.8961,2.9642107
DC3,914.4086,2.9611404
DC3,944.16766,2.975049
DC3,932.74786,2.9697642
DC3,940.6019,2.9734058
DC3,923.9586,2.9656525
DC3,928.14734,2.967617
DC3,932.1432,2.9694827
DC3,928.5523,2.9678063
DC3,918.81995,2.9632304
DC3,928.95746,2.967996
DC3,912.3297,2.960152
DC3,942.8714,2.9744525
DC3,925.9923,2.9666073
DC3,935.31165,2.9709563
DC3,922.5801,2.965004
DC3,935.08276,2.97085
DC3,926.3776,2.966788
DC3,931.63715,2.9692469
DC3,928.7066,2.9678786
DC3,940.99457,2.973587
DC3,924.378,2.9658496
DC3,926.9418,2.9670525
DC3,930.4887,2.9687111
DC3,929.9682,2.9684682
DC3,929.7101,2.9683475
DC3,927.6037,2.9673624
DC3,914.5666,2.9612153
DC3,924.9935,2.9661386
DC3,932.1673,2.9694939
DC3,926.96124,2.9670615
DC3,933.13043,2.9699423
DC3,935.22534,2.9709163
DC3,918.60657,2.9631295
DC3,923.21375,2.9653022
DC3,937.66473,2.9720476
DC3,932.406,2.969605
DC3,926.58,2.966883
DC3,928.2757,2.9676769
DC3,929.86365,2.9684193
DC3,934.29584,2.9704845
DC3,936.0235,2.9712868
DC3,920.53107,2.9640384
DC3,922.5826,2.9650052
DC3,934.86145,2.9707472
DC3,925.63556,2.96644
DC3,925.32764,2.9662955
DC3,937.4776,2.9719608
DC3,921.2616,2.964383
DC3,939.62494,2.9729545
DC3,923.34973,2.9653661
DC3,918.1974,2.9629362
DC3,923.2347,2.965312
DC3,931.86316,2.9693522
DC3,930.85565,2.9688823
DC3,926.0499,2.9666345
DC3,911.22046,2.9596236
DC3,926.2052,2.9667072
DC3,910.2535,2.9591622
DC3,920.3182,2.963938
DC3,923.78735,2.965572
DC3,932.8605,2.9698167
DC3,937.8384,2.972128
DC3,916.879,2.962312
DC3,941.5413,2.9738393
DC3,924.0296,2.9656858
DC3,937.8231,2.972121
DC3,939.0276,2.9726784
DC3,918.1767,2.9629261
DC3,942.8935,2.9744627
DC3,930.8271,2.968869
DC3,937.4674,2.9719563
DC3,925.7234,2.9664812
DC3,923.48865,2.9654315
DC3,933.1594,2.969956
DC3,924.7236,2.966012
DC3,932.8375,2.969806
DC3,933.86896,2.970286
DC3,937.92664,2.972169
DC3,921.8833,2.964676
DC3,926.4,2.9667985
DC3,928.4322,2.96775
DC3,938.3774,2.9723775
DC3,936.8624,2.9716759
DC3,922.879,2.9651449
DC3,927.2311,2.967188
DC3,944.78705,2.975334
DC3,931.215,2.96905
DC3,929.2451,2.9681304
DC3,940.39954,2.9733124
DC3,918.9471,2.9632905
DC3,935.177,2.9708939
DC3,922.2043,2.964827
DC3,938.73114,2.9725413
DC3,931.0643,2.9689796
DC3,934.72314,2.970683
DC3,932.63385,2.969711
DC3,930.06885,2.9685152
DC3,933.0568,2.969908
DC3,930.8121,2.968862
DC3,927.1225,2.967137
DC3,938.4147,2.9723947
DC3,920.84546,2.9641867
DC3,932.17883,2.9694993
DC3,921.7816,2.964628
DC3,935.6,2.9710903
DC3,939.0206,2.972675
DC3,933.5822,2.9701526
DC3,932.58,2.969686
DC3,950.05414,2.9777484
DC3,915.44135,2.9616306
DC3,919.5688,2.9635842
DC3,923.2729,2.9653301
DC3,932.30725,2.969559
DC3,937.96576,2.972187
DC3,937.00354,2.9717412
DC3,933.17865,2.9699647
DC3,927.6568,2.9673874
DC3,934.7335,2.9706879
DC3,946.98364,2.9763424
DC3,928.8403,2.967941
DC3,924.51733,2.965915
DC3,943.59863,2.9747872
DC3,943.93646,2.9749427
DC3,919.2391,2.9634285
DC3,926.59955,2.966892
DC3,922.8519,2.965132
DC3,937.4481,2.9719472
DC3,909.49854,2.958802
DC3,941.05597,2.9736154
DC3,940.2379,2.9732378
DC3,924.7142,2.9660075
DC3,932.06146,2.9694445
DC3,919.1156,2.96337
DC3,923.3174,2.965351
DC3,934.25146,2.9704638
DC3,933.96063,2.9703286
DC3,931.44995,2.9691596
DC3,942.0395,2.974069
DC3,921.42804,2.9644613
DC3,938.31995,2.9723508
DC3,929.0722,2.9680495
DC3,924.0131,2.9656782
DC3,931.6309,2.969244
DC3,929.9647,2.9684665
DC3,921.445,2.9644694
DC3,934.46,2.9705608
DC3,932.38635,2.969596
DC3,934.286,2.9704797
DC3,932.46954,2.9696348
DC3,943.26447,2.9746335
DC3,938.40466,2.9723902
DC3,924.7139,2.9660075
DC3,914.8236,2.9613373
DC3,924.66956,2.9659865
DC3,918.2368,2.9629548
DC3,921.9793,2.9647212
DC3,925.7684,2.9665024
DC3,931.3739,2.969124
DC3,936.09283,2.971319
DC3,922.84875,2.9651306
DC3,924.9407,2.9661138
DC3,948.4863,2.977031
DC3,933.86005,2.9702818
DC3,939.40936,2.9728549
DC3,930.4099,2.9686744
DC3,942.413,2.9742413
DC3,914.91974,2.961383
DC3,934.0027,2.9703481
DC3,922.9105,2.9651597
DC3,932.7099,2.9697466
DC3,934.1289,2.9704068
DC3,923.81647,2.9655857
DC3,927.10156,2.9671273
DC3,937.1639,2.9718156
DC3,921.0922,2.964303
DC3,924.32806,2.965826
DC3,924.4474,2.9658823
DC3,915.1661,2.9615
DC3,923.5191,2.965446
DC3,918.6187,2.9631352
DC3,932.1581,2.9694896
DC3,934.4216,2.970543
DC3,926.2214,2.9667149
DC3,937.5572,2.9719977
DC3,936.8838,2.9716856
DC3,927.068,2.9671116
DC3,925.9537,2.9665892
DC3,924.27045,2.965799
DC3,942.9462,2.9744868
DC3,924.3888,2.9658546
DC3,930.9816,2.9689412
DC3,919.61316,2.9636052
DC3,934.75903,2.9706998
DC3,935.07544,2.9708467
DC3,929.1762,2.9680982
DC3,915.06036,2.9614499
DC3,922.669,2.965046
DC3,933.46063,2.970096
DC3,924.48456,2.9658997
DC3,928.65314,2.9678535
DC3,918.7837,2.9632132
DC3,930.0184,2.9684916
DC3,925.63293,2.9664388
DC3,928.2901,2.9676838
DC3,920.2991,2.963929
DC3,926.7785,2.966976
DC3,924.1802,2.9657567
DC3,925.004,2.9661436
DC3,923.9697,2.9656577
DC3,941.90564,2.9740074
DC3,943.7659,2.9748642
DC3,928.69995,2.9678755
DC3,931.981,2.969407
DC3,917.45654,2.9625854
DC3,932.2949,2.9695532
DC3,936.95636,2.9717193
DC3,930.58655,2.9687567
DC3,917.9753,2.962831
DC3,923.6822,2.9655225
DC3,931.7277,2.969289
DC3,916.52466,2.9621441
DC3,932.56,2.9696767
DC3,939.95996,2.9731092
DC3,929.83264,2.9684048
DC3,933.34375,2.9700415
DC3,925.49115,2.9663723
DC3,923.75806,2.9655583
DC3,925.69257,2.9664667
DC3,924.13104,2.9657335
DC3,930.8536,2.9688814
DC3,937.39856,2.9719243
DC3,908.526,2.9583373
DC3,932.0633,2.9694455
DC3,914.80865,2.9613302
DC3,920.1984,2.9638815
DC3,934.49475,2.9705768
DC3,922.93665,2.9651718
DC3,945.3222,2.97558
DC3,931.61646,2.969237
DC3,913.1088,2.9605227
DC3,921.6373,2.96456
DC3,929.2198,2.9681184
DC3,927.43427,2.9672832
DC3,929.3677,2.9681876
DC3,926.5627,2.9668748
DC3,936.57794,2.971544
DC3,928.78894,2.967917
DC3,928.34827,2.967711
DC3,932.6317,2.96971
DC3,945.3474,2.9755914
DC3,929.03644,2.9680328
DC3,934.3624,2.9705153
DC3,917.2331,2.9624798
DC3,916.62683,2.9621925
DC3,922.9014,2.9651554
DC3,937.7647,2.9720938
DC3,935.1212,2.9708679
DC3,917.0749,2.9624047
DC3,925.98315,2.966603
DC3,932.4127,2.9696083
DC3,923.7105,2.9655359
DC3,922.8274,2.9651206
DC3,921.6109,2.9645476
DC3,920.4724,2.9640107
DC3,940.8164,2.9735048
DC3,922.5386,2.9649844
DC3,917.5188,2.962615
DC3,925.572,2.9664102
DC3,914.6373,2.9612489
DC3,921.4075,2.9644518
DC3,932.1778,2.9694986
DC3,928.60156,2.9678295
DC3,926.55853,2.966873
DC3,925.8793,2.9665544
DC3,922.7148,2.9650674
DC3,939.8906,2.9730773
DC3,929.01196,2.9680214
DC3,927.3202,2.9672296
DC3,923.00165,2.9652026
DC3,931.4957,2.9691808
DC3,925.0345,2.966158
DC3,927.8996,2.967501
DC3,927.2734,2.967208
DC3,925.1427,2.9662087
DC3,930.1985,2.9685757
DC3,943.65015,2.974811
DC3,937.69165,2.97206
DC3,923.0992,2.9652483
DC3,936.8937,2.9716904
DC3,927.15125,2.9671507
DC3,936.1515,2.9713461
DC3,932.51935,2.969658
DC3,936.47485,2.971496
DC3,931.4946,2.9691803
DC3,933.35974,2.9700491
DC3,919.0591,2.9633434
DC3,925.7113,2.9664755
DC3,936.4795,2.9714983
DC3,924.9835,2.966134
DC3,924.5175,2.9659152
DC3,919.5164,2.9635594
DC3,920.8076,2.9641688
DC3,913.1335,2.9605343
DC3,932.2476,2.9695313
DC3,937.4841,2.971964
DC3,936.0161,2.9712834
DC3,924.8684,2.96608
DC3,937.3337,2.9718943
DC3,938.66174,2.9725091
DC3,922.3506,2.964896
DC3,939.1718,2.972745
DC3,941.97955,2.9740415
DC3,928.63385,2.9678445
DC3,937.03235,2.9717546
DC3,938.0312,2.9722173
DC3,937.4612,2.9719534
DC3,940.8694,2.9735293
DC3,931.07495,2.9689846
DC3,931.4788,2.969173
DC3,932.9053,2.9698377
DC3,929.2614,2.968138
DC3,942.16504,2.974127
DC3,929.7793,2.96838
DC3,942.9808,2.9745028
DC3,922.59125,2.9650092
DC3,937.0619,2.9717684
DC3,932.3905,2.9695978
DC3,926.3776,2.966788
DC3,916.9845,2.962362
DC3,936.61926,2.971563
DC3,932.0885,2.9694571
DC3,935.02625,2.9708238
DC3,934.016,2.9703543
DC3,939.80536,2.973038
DC3,920.8248,2.9641771
DC3,937.122,2.971796
DC3,924.937,2.9661121
DC3,935.76965,2.971169
DC3,922.08887,2.9647727
DC3,920.82654,2.9641778
DC3,930.0619,2.9685118
DC3,930.24,2.968595
DC3,935.0044,2.9708138
DC3,931.03894,2.968968
DC3,919.3557,2.9634836
DC3,922.14624,2.9648
DC3,928.0665,2.9675791
DC3,922.8742,2.9651425
DC3,926.6462,2.966914
DC3,942.632,2.974342
DC3,927.8478,2.9674768
DC3,928.5742,2.9678166
DC3,927.0867,2.9671204
DC3,920.03546,2.9638045
DC3,919.62537,2.963611
DC3,929.09344,2.9680593
DC3,920.0746,2.963823
DC3,928.15344,2.96762
DC3,922.311,2.9648774
DC3,927.54034,2.9673328
DC3,925.9776,2.9666004
DC3,923.6953,2.9655287
DC3,928.109,2.967599
DC3,916.91785,2.9623303
DC3,926.66266,2.9669216
DC3,918.9206,2.963278
DC3,928.7921,2.9679186
DC3,934.1056,2.970396
DC3,923.37036,2.965376
DC3,940.9652,2.9735737
DC3,921.4471,2.9644704
DC3,933.1623,2.969957
DC3,928.5258,2.967794
DC3,913.47455,2.9606965
DC3,929.12286,2.9680731
DC3,941.33795,2.9737456
DC3,933.0347,2.9698977
DC3,928.6054,2.9678311
DC3,926.2112,2.96671
DC3,935.9192,2.9712384
DC3,937.08405,2.9717786
DC3,936.4161,2.971469
DC3,923.87695,2.965614
DC3,928.4807,2.967773
DC3,926.00433,2.966613
DC3,932.9365,2.9698522
DC3,927.1354,2.967143
DC3,923.6481,2.9655066
DC3,928.1204,2.9676044
DC3,921.53064,2.9645097
DC3,932.31726,2.9695637
DC3,936.4195,2.9714704
DC3,941.90485,2.9740071
DC3,925.61957,2.9664326
DC3,926.26825,2.9667368
DC3,928.70544,2.967878
DC3,925.21136,2.966241
DC3,937.93567,2.972173
DC3,926.86475,2.9670165
DC3,932.40027,2.9696023
DC3,925.66284,2.9664528
DC3,943.4362,2.9747126
DC3,936.4022,2.9714625
DC3,923.97156,2.9656587
DC3,933.2305,2.9699888
DC3,924.1072,2.9657223
DC3,924.69867,2.9660003
DC3,926.219,2.9667137
DC3,928.6568,2.9678552
DC3,936.40356,2.971463
DC3,936.27075,2.9714015
DC3,919.52124,2.9635618
DC3,931.1474,2.9690185
DC3,925.1686,2.9662209
DC3,934.50287,2.9705806
DC3,933.8229,2.9702644
DC3,939.13556,2.9727283
DC3,925.8014,2.966518
DC3,939.0258,2.9726775
DC3,927.2605,2.9672017
DC3,909.8079,2.9589498
DC3,931.2154,2.9690502
DC3,927.9041,2.967503
DC3,928.941,2.967988
DC3,943.7866,2.9748738
DC3,938.94806,2.9726415
DC3,927.2925,2.9672167
DC3,933.9147,2.970307
DC3,933.9677,2.970332
DC3,916.5381,2.9621506
DC3,935.59485,2.971088
DC3,931.37164,2.9691231
DC3,922.79083,2.9651034
DC3,939.2569,2.9727843
DC3,938.43585,2.9724045
DC3,931.1258,2.9690084
DC3,943.46857,2.9747274
DC3,921.0977,2.9643056
DC3,929.1572,2.968089
DC3,921.6962,2.964588
DC3,918.53687,2.9630966
DC3,916.5023,2.9621336
DC3,934.9956,2.9708095
DC3,925.89325,2.9665608
DC3,922.6932,2.9650574
DC3,922.2339,2.9648411
DC3,925.20447,2.9662378
DC3,925.2562,2.966262
DC3,928.7551,2.9679012
DC3,933.7048,2.9702096
DC3,929.7498,2.9683661
DC3,925.612,2.966429
DC3,934.2075,2.9704432
DC3,927.1024,2.9671278
DC3,932.16223,2.9694915
DC3,922.46735,2.964951
DC3,922.20746,2.9648287
DC3,935.90955,2.9712338
DC3,927.8113,2.9674597
DC3,925.0305,2.966156
DC3,923.667,2.9655154
DC3,919.0883,2.9633572
DC3,935.8965,2.971228
DC3,934.044,2.9703674
DC3,925.82916,2.9665308
DC3,939.34863,2.9728267
DC3,926.0802,2.9666486
DC3,921.498,2.9644945
DC3,911.539,2.9597752
DC3,931.95074,2.969393
DC3,929.01917,2.9680247
DC3,928.01965,2.9675572
DC3,946.27277,2.9760163
DC3,935.905,2.9712317
DC3,944.1239,2.975029
DC3,935.88135,2.9712207
DC3,919.8701,2.9637265
DC3,930.0406,2.9685018
DC3,927.64325,2.967381
DC3,929.5105,2.9682543
DC3,926.89264,2.9670293
DC3,922.00555,2.9647336
DC3,929.7851,2.9683826
DC3,930.53076,2.9687307
DC3,927.501,2.9673145
DC3,920.56915,2.9640565
DC3,940.05225,2.973152
DC3,931.84326,2.969343
DC3,941.4449,2.973795
DC3,930.9037,2.9689047
DC3,929.27594,2.9681447
DC3,930.657,2.9687896
DC3,929.52045,2.9682589
DC3,937.67615,2.9720528
DC3,934.515,2.9705863
DC3,931.2449,2.969064
DC3,926.13556,2.9666746
DC3,933.53156,2.970129
DC3,938.2996,2.9723415
DC3,926.44635,2.9668202
DC3,943.6901,2.9748294
DC3,927.15356,2.9671516
DC3,929.68414,2.9683354
DC3,950.94525,2.9781556
DC3,929.2822,2.9681475
DC3,926.71875,2.966948
DC3,949.6689,2.9775722
DC3,923.9607,2.9656534
DC3,927.0985,2.967126
DC3,919.7405,2.9636652
DC3,925.048,2.9661644
DC3,930.6028,2.9687643
DC3,936.4409,2.9714804
DC3,942.02466,2.9740622
DC3,942.6739,2.9743614
DC3,925.879,2.9665542
DC3,921.4635,2.9644783
DC3,922.40485,2.9649215
DC3,925.3659,2.9663136
DC3,929.0002,2.968016
DC3,922.67554,2.965049
DC3,931.9707,2.9694023
DC3,938.8816,2.9726107
DC3,922.80646,2.9651105
DC3,928.882,2.9679606
DC3,930.8492,2.9688792
DC3,937.393,2.9719217
DC3,939.5744,2.9729311
DC3,936.419,2.97147
DC3,927.1027,2.9671278
DC3,934.19244,2.9704363
DC3,933.9689,2.9703324
DC3,929.73376,2.9683585
DC3,925.6276,2.9664364
DC3,933.60846,2.9701648
DC3,940.2711,2.973253
DC3,932.7521,2.9697661
DC3,923.3588,2.9653704
DC3,923.38794,2.9653842
DC3,931.37976,2.9691267
DC3,946.24554,2.976004
DC3,924.45197,2.9658844
DC3,929.7864,2.968383
DC3,948.3292,2.9769592
DC3,935.9753,2.9712644
DC3,941.8494,2.9739814
DC3,925.5013,2.966377
DC3,926.92993,2.967047
DC3,932.99,2.969877
DC3,925.27875,2.9662726
DC3,925.0415,2.9661613
DC3,935.3441,2.9709713
DC3,931.61914,2.9692385
DC3,922.1942,2.9648223
DC3,923.8072,2.9655814
DC3,925.7443,2.966491
DC3,929.404,2.9682045
DC3,926.20514,2.9667072
DC3,927.7905,2.96745
DC3,928.1602,2.967623
DC3,927.0932,2.9671235
DC3,926.71515,2.9669464
DC3,921.3389,2.9644194
DC3,926.09424,2.9666553
DC3,939.7232,2.973
DC3,933.1552,2.9699538
DC3,928.2298,2.9676554
DC3,922.27454,2.9648602
DC3,923.993,2.9656687
DC3,939.75055,2.9730127
DC3,927.64294,2.9673808
DC3,934.5709,2.9706123
DC3,921.96857,2.9647162
DC3,928.9487,2.9679918
DC3,935.42413,2.9710085
DC3,921.6404,2.9645615
DC3,919.5942,2.963596
DC3,929.0452,2.968037
DC3,934.44586,2.970554
DC3,935.2868,2.970945
DC3,937.97577,2.9721916
DC3,928.5661,2.9678128
DC3,936.3151,2.971422
DC3,934.105,2.9703958
DC3,947.0043,2.976352
DC3,932.6011,2.9696958
DC3,922.84674,2.9651296
DC3,925.2217,2.966246
DC3,927.65436,2.9673862
DC3,925.2117,2.9662411
DC3,932.4123,2.969608
DC3,939.9106,2.9730866
DC3,937.7549,2.9720893
DC3,915.8348,2.961817
DC3,930.2682,2.9686081
DC3,936.80286,2.9716482
DC3,927.7802,2.9674451
DC3,927.5202,2.9673233
DC3,924.6841,2.9659934
DC3,931.3399,2.969108
DC3,930.51495,2.9687233
DC3,935.0334,2.970827
DC3,937.6433,2.9720376
DC3,925.4996,2.9663763
DC3,922.416,2.9649267
DC3,939.8128,2.9730413
DC3,918.3384,2.9630027
DC3,921.9777,2.9647205
DC3,925.1369,2.966206
DC3,930.74677,2.9688315
DC3,934.69385,2.9706693
DC3,939.46765,2.9728818
DC3,931.4438,2.9691567
DC3,939.04694,2.9726872
DC3,931.104,2.9689982
DC3,922.6468,2.9650354
DC3,930.0539,2.968508
DC3,929.307,2.9681592
DC3,924.0475,2.9656942
DC3,929.6382,2.968314
DC3,931.24335,2.9690633
DC3,926.91205,2.9670386
DC3,934.71967,2.9706814
DC3,927.41,2.9672718
DC3,926.51526,2.9668527
DC3,931.5404,2.9692018
DC3,924.9528,2.9661195
DC3,932.4606,2.9696305
DC3,919.2827,2.963449
DC3,936.18475,2.9713616
DC3,933.69794,2.9702065
DC3,923.9257,2.965637
DC3,938.0799,2.9722397
DC3,928.62256,2.9678392
DC3,933.0055,2.9698842
DC3,931.46466,2.9691663
DC3,947.25854,2.9764686
DC3,945.2062,2.9755266
DC3,920.53357,2.9640396
DC3,926.594,2.9668894
DC3,927.0532,2.9671047
DC3,930.8271,2.968869
DC3,937.6189,2.9720263
DC3,926.39233,2.966795
DC3,922.10364,2.9647799
DC3,935.3719,2.9709842
DC3,926.19916,2.9667044
DC3,934.6405,2.9706447
DC3,941.2938,2.9737253
DC3,941.65656,2.9738925
DC3,925.96924,2.9665966
DC3,930.4701,2.9687023
DC3,930.4985,2.9687157
DC3,921.4613,2.964477
DC3,926.342,2.9667714
DC3,920.5973,2.9640696
DC3,927.54553,2.9673352
DC3,928.3725,2.9677222
DC3,919.9849,2.9637806
DC3,940.45105,2.9733362
DC3,915.78613,2.9617941
DC3,921.19977,2.9643538
DC3,934.09705,2.970392
DC3,919.3268,2.96347
DC3,925.4455,2.9663508
DC3,936.64343,2.9715743
DC3,933.9828,2.9703388
DC3,932.8367,2.9698057
DC3,928.8306,2.9679365
DC3,931.0672,2.968981
DC3,929.1153,2.9680696
DC3,936.19336,2.9713655
DC3,931.72125,2.969286
DC3,937.9595,2.9721842
DC3,932.1537,2.9694874
DC3,926.62885,2.9669058
DC3,918.5575,2.9631064
DC3,931.93024,2.9693835
DC3,937.237,2.9718494
DC3,939.95526,2.973107
DC3,940.34485,2.973287
DC3,932.51654,2.9696565
DC3,932.66693,2.9697266
DC3,912.632,2.9602957
DC3,939.17206,2.9727452
DC3,915.669,2.9617386
DC3,927.94855,2.9675238
DC3,921.4153,2.9644554
DC3,936.238,2.9713862
DC3,926.1851,2.9666977
DC3,930.5102,2.9687212
DC3,934.109,2.9703975
DC3,911.03455,2.959535
DC3,926.9429,2.967053
DC3,925.84576,2.9665387
DC3,926.64825,2.966915
DC3,924.72327,2.9660118
DC3,926.1402,2.9666767
DC3,931.6045,2.9692316
DC3,936.7639,2.97163
DC3,927.1458,2.967148
DC3,937.6609,2.972046
DC3,922.8796,2.965145
DC3,928.4696,2.9677677
DC3,917.47144,2.9625926
DC3,931.6818,2.9692676
DC3,938.3493,2.9723644
DC3,941.2992,2.9737277
DC3,932.9385,2.969853
DC3,930.5224,2.9687269
DC3,915.38336,2.961603
DC3,926.3412,2.966771
DC3,929.31226,2.9681616
DC3,927.43884,2.9672854
DC3,925.095,2.9661863
DC3,925.00995,2.9661465
DC3,925.7066,2.9664733
DC3,937.77905,2.9721005
DC3,916.4865,2.962126
DC3,937.6192,2.9720266
DC3,926.7424,2.966959
DC3,927.025,2.9670916
DC3,924.7384,2.966019
DC3,931.5054,2.9691854
DC3,930.2536,2.9686015
DC3,927.1225,2.967137
DC3,928.1648,2.9676251
DC3,919.1215,2.963373
DC3,934.68054,2.9706633
DC3,931.7424,2.9692957
DC3,934.66327,2.9706552
DC3,930.61273,2.968769
DC3,926.96246,2.9670622
DC3,927.24146,2.967193
DC3,927.0055,2.9670823
DC3,947.3732,2.976521
DC3,923.47614,2.9654257
DC3,922.4912,2.9649622
DC3,937.12537,2.9717977
DC3,935.4808,2.9710348
DC3,932.19836,2.9695084
DC3,933.0369,2.969899
DC3,927.8678,2.9674861
DC3,925.52527,2.9663882
DC3,932.5499,2.9696722
DC3,917.6073,2.962657
DC3,937.1078,2.9717896
DC3,936.48,2.9714985
DC3,934.43146,2.9705474
DC3,936.1019,2.9713233
DC3,939.8101,2.97304
DC3,919.58716,2.963593
DC3,912.90686,2.9604266
DC3,930.49286,2.968713
DC3,937.5261,2.9719834
DC3,922.1496,2.9648013
DC3,932.75195,2.9697661
DC3,924.44794,2.9658825
DC3,930.3368,2.96864
DC3,913.39996,2.960661
DC3,926.02716,2.9666238
DC3,919.37695,2.9634936
DC3,927.90265,2.9675024
DC3,930.0297,2.9684968
DC3,920.1595,2.9638631
DC3,935.8742,2.9712174
DC3,928.3709,2.9677215
DC3,917.0252,2.9623814
DC3,928.6565,2.9678552
DC3,929.31354,2.9681623
DC3,927.82,2.9674637
DC3,922.2598,2.9648533
DC3,931.3347,2.9691057
DC3,922.8455,2.965129
DC3,931.4915,2.969179
DC3,930.4556,2.9686956
DC3,928.2318,2.9676564
DC3,928.51245,2.9677877
DC3,922.1224,2.9647887
DC3,936.0909,2.971318
DC3,935.1405,2.970877
DC3,929.72577,2.968355
DC3,935.86993,2.9712155
DC3,922.8327,2.965123
DC3,934.48303,2.9705715
DC3,926.7142,2.966946
DC3,938.73486,2.972543
DC3,937.0442,2.97176
DC3,936.3406,2.9714339
DC3,936.4382,2.9714792
DC3,937.9647,2.9721866
DC3,942.4597,2.9742627
DC3,932.13,2.9694765
DC3,933.0897,2.9699235
DC3,941.1723,2.973669
DC3,917.33777,2.9625292
DC3,930.00964,2.9684875
DC3,930.36334,2.9686525
DC3,923.7228,2.9655416
DC3,935.20056,2.9709048
DC3,920.2238,2.9638934
DC3,916.5052,2.9621348
DC3,936.24744,2.9713907
DC3,930.6676,2.9687946
DC3,931.08923,2.9689913
DC3,922.6885,2.965055
DC3,937.48755,2.9719656
DC3,930.6772,2.968799
DC3,937.6266,2.97203
DC3,920.92615,2.9642248
DC3,937.0218,2.9717498
DC3,941.4107,2.9737792
DC3,926.80396,2.9669878
DC3,922.7622,2.9650898
DC3,937.8118,2.9721158
DC3,935.3785,2.9709873
DC3,923.92566,2.965637
DC3,935.7743,2.9711711
DC3,930.14874,2.9685524
DC3,935.7338,2.9711523
DC3,917.9605,2.962824
DC3,920.1756,2.9638708
DC3,934.3896,2.970528
DC3,921.8966,2.964682
DC3,934.3528,2.970511
DC3,931.8994,2.969369
DC3,919.25586,2.9634364
DC3,931.48883,2.9691777
DC3,927.30225,2.9672213
DC3,915.2661,2.9615474
DC3,931.91,2.969374
DC3,922.1408,2.9647973
DC3,926.31934,2.9667606
DC3,921.4044,2.9644504
DC3,934.0204,2.9703565
DC3,930.55414,2.9687417
DC3,915.4929,2.961655
DC3,915.278,2.961553
DC3,926.39325,2.9667954
DC3,919.58093,2.96359
DC3,939.4234,2.9728613
DC3,918.236,2.9629543
DC3,945.37415,2.9756038
DC3,923.0474,2.965224
DC3,915.42114,2.961621
DC3,930.0133,2.9684892
DC3,915.1446,2.9614897
DC3,925.08563,2.966182
DC3,939.3249,2.9728158
DC3,922.9077,2.9651582
DC3,935.74066,2.9711554
DC3,930.2897,2.9686182
DC3,924.2063,2.9657688
DC3,922.89655,2.965153
DC3,919.8421,2.9637132
DC3,922.188,2.9648194
DC3,929.0044,2.9680178
DC3,922.95624,2.965181
DC3,928.2407,2.9676607
DC3,921.6333,2.9645581
DC3,934.7322,2.9706872
DC3,931.7115,2.9692814
DC3,919.7543,2.963672
DC3,934.98193,2.9708033
DC3,917.18353,2.9624562
DC3,927.4793,2.9673042
DC3,920.23596,2.9638991
DC3,936.194,2.971366
DC3,919.85065,2.9637172
DC3,926.3071,2.966755
DC3,925.5213,2.9663863
DC3,928.2656,2.9676723
DC3,947.53467,2.9765952
DC3,922.92773,2.9651678
DC3,933.21625,2.9699824
DC3,933.146,2.9699495
DC3,931.1845,2.9690356
DC3,922.55817,2.9649937
DC3,933.8085,2.9702578
DC3,927.8673,2.967486
DC3,925.5082,2.9663804
DC3,921.7096,2.9645941
DC3,935.929,2.971243
DC3,922.6468,2.9650354
DC3,935.24426,2.970925
DC3,928.5281,2.9677951
DC3,931.9378,2.9693868
DC3,917.19507,2.9624617
DC3,927.37476,2.9672554
DC3,931.2806,2.9690804
DC3,920.8937,2.9642096
DC3,938.6685,2.9725122
DC3,920.0335,2.9638035
DC3,917.12854,2.9624302
DC3,925.1587,2.9662163
DC3,915.931,2.9618628
DC3,938.872,2.9726064
DC3,928.77405,2.96791
DC3,923.70526,2.9655335
DC3,934.0483,2.9703693
DC3,933.7049,2.9702096
DC3,921.74207,2.9646094
DC3,921.0265,2.964272
DC3,928.61597,2.9678361
DC3,930.14484,2.9685507
DC3,913.06506,2.9605017
DC3,923.1626,2.9652781
DC3,927.65906,2.9673884
DC3,930.6717,2.9687965
DC3,909.097,2.9586103
DC3,928.4598,2.9677632
DC3,928.3712,2.9677217
DC3,924.6721,2.9659877
DC3,928.309,2.9676926
DC3,949.27026,2.9773898
DC3,922.46313,2.9649491
DC3,931.2961,2.9690878
DC3,922.1016,2.964779
DC3,931.32245,2.9691
DC3,922.114,2.9647846
DC3,936.8454,2.971668
DC3,932.60315,2.9696968
DC3,922.738,2.9650784
DC3,933.1073,2.9699316
DC3,929.42523,2.9682145
DC3,925.87134,2.9665506
DC3,918.44006,2.9630508
DC3,934.44147,2.9705522
DC3,935.74225,2.9711561
DC3,930.7657,2.9688404
DC3,921.9491,2.964707
DC3,925.3992,2.966329
DC3,924.5765,2.9659429
DC3,929.2605,2.9681375
DC3,934.92194,2.9707754
DC3,924.98096,2.9661329
DC3,925.5695,2.966409
DC3,922.81104,2.9651127
DC3,930.7927,2.968853
DC3,923.1609,2.9652774
DC3,937.41095,2.97193
DC3,926.68115,2.9669304
DC3,919.414,2.9635112
DC3,935.8657,2.9712136
DC3,915.3366,2.9615808
DC3,938.8973,2.972618
DC3,925.45996,2.9663577
DC3,934.65955,2.9706535
DC3,933.7811,2.9702451
DC3,932.4201,2.9696116
DC3,927.1052,2.967129
DC3,927.9189,2.96751
DC3,920.48694,2.9640176
DC3,921.2446,2.964375
DC3,912.71234,2.9603338
DC3,924.5804,2.9659448
DC3,931.2761,2.9690785
DC3,930.0908,2.9685254
DC3,931.9774,2.9694054
DC3,916.52515,2.9621444
DC3,932.5352,2.9696653
DC3,928.9963,2.968014
DC3,935.2175,2.9709127
DC3,943.02136,2.9745216
DC3,937.7241,2.972075
DC3,931.2091,2.9690473
DC3,920.8815,2.9642038
DC3,944.8614,2.975368
DC3,921.7134,2.9645958
DC3,919.1049,2.963365
DC3,922.1475,2.9648004
DC3,932.7693,2.9697742
DC3,922.5872,2.9650075
DC3,925.22705,2.9662483
DC3,925.6717,2.966457
DC3,928.3994,2.9677348
DC3,916.8347,2.962291
DC3,918.5648,2.9631097
DC3,929.5106,2.9682543
DC3,921.8608,2.9646654
DC3,921.3099,2.9644058
DC3,925.8143,2.966524
DC3,915.70624,2.9617562
DC3,918.4516,2.9630563
DC3,916.07776,2.9619324
DC3,925.67535,2.9664588
DC3,921.5319,2.9645104
DC3,928.59924,2.9678283
DC3,944.16534,2.975048
DC3,923.28186,2.9653344
DC3,916.53876,2.9621508
DC3,937.12213,2.9717963
DC3,934.0082,2.9703507
DC3,926.55835,2.9668727
DC3,920.5465,2.9640458
DC3,925.412,2.966335
DC3,924.53314,2.9659226
DC3,936.0756,2.9713109
DC3,942.07837,2.974087
DC3,918.2761,2.9629734
DC3,920.89844,2.9642117
DC3,944.3031,2.9751115
DC3,929.64777,2.9683185
DC3,936.83466,2.971663
DC3,925.82733,2.96653
DC3,921.4765,2.9644842
DC3,926.33075,2.966766
DC3,926.2813,2.966743
DC3,916.49493,2.96213
DC3,926.3367,2.9667687
DC3,921.5895,2.9645376
DC3,937.56305,2.9720006
DC3,922.30554,2.9648747
DC3,931.1141,2.969003
DC3,921.089,2.9643016
DC3,932.6261,2.9697075
DC3,921.4497,2.9644716
DC3,922.8597,2.9651356
DC3,919.57135,2.9635854
DC3,937.5018,2.971972
DC3,924.47,2.9658928
DC3,921.5771,2.9645317
DC3,931.4769,2.969172
DC3,928.86365,2.967952
DC3,928.2616,2.9676704
DC3,926.78546,2.9669793
DC3,909.01355,2.9585702
DC3,919.69727,2.963645
DC3,928.4743,2.9677699
DC3,925.93555,2.9665809
DC3,933.21576,2.9699821
DC3,931.38776,2.9691305
DC3,916.0166,2.9619033
DC3,918.95105,2.9632924
DC3,940.4301,2.9733264
DC3,929.94196,2.9684558
DC3,926.2088,2.966709
DC3,927.01,2.9670844
DC3,926.5799,2.966883
DC3,927.11694,2.9671345
DC3,928.89905,2.9679685
DC3,920.1265,2.9638476
DC3,924.2345,2.9657822
DC3,938.48724,2.9724283
DC3,921.6937,2.9645867
DC3,922.26855,2.9648573
DC3,934.3667,2.9705174
DC3,915.90204,2.961849
DC3,945.6501,2.9757304
DC3,924.37714,2.9658492
DC3,911.82367,2.9599109
DC3,922.33105,2.964887
DC3,928.81354,2.9679286
DC3,930.19946,2.9685762
DC3,926.2467,2.9667268
DC3,906.3046,2.9572742
DC3,922.5789,2.9650035
DC3,919.52875,2.9635653
DC3,919.78326,2.9636855
DC3,923.22406,2.965307
DC3,933.0642,2.9699116
DC3,935.53723,2.971061
DC3,917.52734,2.962619
DC3,935.7481,2.971159
DC3,921.0003,2.9642599
DC3,933.2775,2.9700108
DC3,932.8039,2.9697905
DC3,915.2249,2.9615278
DC3,938.0782,2.972239
DC3,932.2799,2.9695463
DC3,932.6807,2.969733
DC3,925.3807,2.9663205
DC3,919.62244,2.9636095
DC3,931.11334,2.9690025
DC3,922.01544,2.9647381
DC3,932.80347,2.9697902
DC3,929.639,2.9683144
DC3,936.0939,2.9713194
DC3,916.91504,2.9623291
DC3,926.26855,2.966737
DC3,925.78284,2.966509
DC3,932.22314,2.9695199
DC3,932.76776,2.9697735
DC3,916.4254,2.9620972
DC3,925.6858,2.9664636
DC3,939.3775,2.97284
DC3,929.2456,2.9681306
DC3,927.9608,2.9675295
DC3,939.5787,2.972933
DC3,924.6227,2.9659646
DC3,927.77,2.9674404
DC3,915.2767,2.9615524
DC3,934.9059,2.970768
DC3,934.26715,2.9704711
DC3,929.9648,2.9684665
DC3,927.98267,2.9675398
DC3,930.44257,2.9686897
DC3,929.8117,2.968395
DC3,928.53754,2.9677994
DC3,926.754,2.9669645
DC3,937.39703,2.9719236
DC3,916.7027,2.9622285
DC3,929.2195,2.9681182
DC3,925.25336,2.9662607
DC3,931.37366,2.9691238
DC3,936.28345,2.9714074
DC3,928.1151,2.9676018
DC3,931.2603,2.9690711
DC3,940.2941,2.9732637
DC3,918.80927,2.9632254
DC3,923.72833,2.9655442
DC3,925.1883,2.9662302
DC3,934.57837,2.9706156
DC3,933.4302,2.9700818
DC3,935.00305,2.970813
DC3,934.1303,2.9704075
DC3,924.3772,2.9658492
DC3,932.2221,2.9695194
DC3,936.4073,2.9714649
DC3,925.4435,2.9663498
DC3,927.153,2.9671514
DC3,937.46906,2.971957
DC3,935.7639,2.9711664
DC3,915.60803,2.9617095
DC3,921.03735,2.9642773
DC3,919.14215,2.9633827
DC3,933.8066,2.970257
DC3,915.2612,2.961545
DC3,938.79803,2.972572
DC3,936.425,2.971473
DC3,922.87915,2.9651449
DC3,930.1352,2.9685462
DC3,915.99,2.9618907
DC3,921.0094,2.9642642
DC3,931.142,2.9690158
DC3,933.60376,2.9701626
DC3,926.6762,2.966928
DC3,933.4412,2.970087
DC3,918.2759,2.962973
DC3,929.2916,2.968152
DC3,926.7742,2.966974
DC3,921.9084,2.9646878
DC3,931.5513,2.9692068
DC3,925.5449,2.9663975
DC3,921.41956,2.9644575
DC3,935.6955,2.9711344
DC3,922.92975,2.9651687
DC3,933.7231,2.9702182
DC3,931.38135,2.9691277
DC3,944.2578,2.9750905
DC3,936.77576,2.9716356
DC3,916.2877,2.9620318
DC3,911.057,2.9595456
DC3,924.5667,2.9659383
DC3,917.9197,2.9628048
DC3,921.4702,2.9644814
DC3,917.4037,2.9625604
DC3,928.26544,2.967672
DC3,931.7761,2.9693115
DC3,917.0124,2.9623752
DC3,923.3281,2.965356
DC3,953.0141,2.9790993
DC3,934.58325,2.970618
DC3,934.7828,2.9707108
DC3,930.211,2.9685814
DC3,940.15186,2.973198
DC3,911.54193,2.9597766
DC3,929.7987,2.968389
DC3,926.3777,2.966788
DC3,933.6715,2.970194
DC3,927.1601,2.9671547
DC3,920.08026,2.9638257
DC3,922.6081,2.9650173
DC3,939.5303,2.972911
DC3,916.11975,2.9619522
DC3,925.25885,2.9662633
DC3,924.02686,2.9656847
DC3,914.9783,2.9614108
DC3,919.7736,2.963681
DC3,915.04004,2.96144
DC3,930.4069,2.968673
DC3,936.1009,2.9713228
DC3,920.7643,2.9641485
DC3,934.69446,2.9706697
DC3,929.8757,2.9684248
DC3,927.1766,2.9671624
DC3,923.7969,2.9655764
DC3,922.12933,2.9647918
DC3,938.6361,2.9724972
DC3,921.9819,2.9647224
DC3,928.9126,2.967975
DC3,917.4107,2.9625638
DC3,933.27057,2.9700077
DC3,929.83923,2.9684079
DC3,926.2031,2.9667063
DC3,909.53735,2.9588206
DC3,923.2063,2.9652987
DC3,930.8349,2.9688725
DC3,924.20245,2.9657671
DC3,925.964,2.966594
DC3,917.2935,2.9625084
DC3,928.5633,2.9678116
DC3,927.6725,2.9673946
DC3,928.33466,2.9677045
DC3,920.76337,2.964148
DC3,920.5594,2.9640517
DC3,925.4117,2.966335
DC3,923.3868,2.9653838
DC3,923.1684,2.965281
DC3,935.94714,2.9712512
DC3,939.9734,2.9731154
DC3,926.4478,2.966821
DC3,923.7361,2.9655478
DC3,916.12146,2.9619532
DC3,925.36646,2.9663138
DC3,928.66925,2.9678612
DC3,924.9806,2.9661326
DC3,918.96704,2.9633
DC3,923.13544,2.9652655
DC3,932.9678,2.9698668
DC3,919.0867,2.9633565
DC3,929.9861,2.9684765
DC3,936.9517,2.9717171
DC3,923.55096,2.9654608
DC3,928.125,2.9676065
DC3,923.7239,2.965542
DC3,920.0604,2.9638164
DC3,925.30536,2.966285
DC3,911.5188,2.9597657
DC3,928.3871,2.967729
DC3,933.38696,2.9700618
DC3,910.094,2.9590862
DC3,927.60455,2.9673629
DC3,912.15607,2.9600692
DC3,921.44904,2.9644713
DC3,931.8087,2.9693267
DC3,923.1693,2.9652812
DC3,942.54486,2.974302
DC3,929.3143,2.9681625
DC3,917.0063,2.9623723
DC3,921.34814,2.9644237
DC3,923.22375,2.965307
DC3,924.48706,2.965901
DC3,927.2492,2.9671965
DC3,924.5173,2.965915
DC3,925.16736,2.9662204
DC3,927.38947,2.9672623
DC3,924.78015,2.9660385
DC3,932.86774,2.96982
DC3,939.71185,2.9729948
DC3,929.0269,2.9680283
DC3,929.4551,2.9682283
DC3,920.5189,2.9640326
DC3,914.1113,2.960999
DC3,919.5627,2.9635813
DC3,935.40155,2.970998
DC3,929.93634,2.9684532
DC3,916.7403,2.9622464
DC3,922.15686,2.964805
DC3,930.5848,2.968756
DC3,922.3394,2.9648907
DC3,924.18494,2.9657588
DC3,922.5156,2.9649737
DC3,920.47266,2.964011
DC3,933.28094,2.9700124
DC3,924.5921,2.9659503
DC3,913.554,2.9607341
DC3,921.81226,2.9646425
DC3,911.5308,2.9597714
DC3,917.4997,2.962606
DC3,933.1398,2.9699466
DC3,924.87164,2.9660814
DC3,923.8589,2.9656057
DC3,927.40497,2.9672694
DC3,924.1478,2.9657414
DC3,935.0558,2.9708376
DC3,926.2604,2.966733
DC3,923.47565,2.9654255
DC3,922.0284,2.9647443
DC3,930.1043,2.9685316
DC3,926.35645,2.966778
DC3,928.09827,2.967594
DC3,925.7619,2.9664993
DC3,924.7114,2.9660063
DC3,924.3595,2.9658408
DC3,938.15234,2.9722733
DC3,934.26056,2.970468
DC3,918.0201,2.9628522
DC3,934.24396,2.9704604
DC3,927.39246,2.9672635
DC3,931.8546,2.9693482
DC3,930.77625,2.9688454
DC3,930.21436,2.968583
DC3,926.7298,2.966953
DC3,932.0132,2.969422
DC3,918.08105,2.962881
DC3,925.2301,2.9662497
DC3,933.1771,2.969964
DC3,926.73737,2.9669566
DC3,919.6875,2.9636402
DC3,916.85254,2.9622996
DC3,916.7694,2.96226
DC3,911.8956,2.9599452
DC3,928.64124,2.967848
DC3,932.49445,2.9696462
DC3,934.7348,2.9706883
DC3,925.4302,2.9663436
DC3,930.8238,2.9688675
DC3,938.2142,2.972302
DC3,919.01605,2.963323
DC3,939.36255,2.9728332
DC3,944.5673,2.9752328
DC3,931.4496,2.9691594
DC3,935.0673,2.9708428
DC3,933.143,2.9699483
DC3,933.48413,2.9701068
DC3,938.36145,2.9723701
DC3,927.7752,2.9674428
DC3,926.28406,2.9667442
DC3,931.434,2.9691522
DC3,928.25726,2.9676683
DC3,937.6089,2.9720218
DC3,930.1596,2.9685574
DC3,938.2894,2.9723368
DC3,921.64606,2.964564
DC3,940.36816,2.9732978
DC3,927.1107,2.9671316
DC3,923.8968,2.9656234
DC3,918.8457,2.9632425
DC3,930.97455,2.9689379
DC3,925.4317,2.9663444
DC3,936.5977,2.971553
DC3,929.0087,2.9680197
DC3,933.6337,2.9701765
DC3,917.1855,2.9624572
DC3,937.5009,2.9719718
DC3,927.6891,2.9674025
DC3,931.7883,2.9693172
DC3,920.57477,2.964059
DC3,922.9638,2.9651847
DC3,928.93854,2.967987
DC3,927.98395,2.9675405
DC3,934.5001,2.9705794
DC3,924.15125,2.965743
DC3,916.64166,2.9621997
DC3,921.0127,2.9642656
DC3,923.85596,2.9656043
DC3,921.5896,2.9645376
DC3,922.9026,2.9651558
DC3,943.0668,2.9745424
DC3,927.1336,2.9671423
DC3,928.6905,2.967871
DC3,926.52234,2.966856
DC3,918.61,2.9631312
DC3,918.7879,2.9632154
DC3,935.437,2.9710145
DC3,922.1015,2.9647787
DC3,923.97375,2.9656596
DC3,921.6934,2.9645865
DC3,927.8328,2.9674697
DC3,923.50336,2.9654384
DC3,921.2125,2.9643598
DC3,921.45276,2.964473
DC3,919.12665,2.9633753
DC3,923.4557,2.965416
DC3,917.92914,2.962809
DC3,928.00604,2.9675508
DC3,932.12555,2.9694743
DC3,921.28375,2.9643934
DC3,939.1309,2.972726
DC3,925.3651,2.9663131
DC3,924.4203,2.9658694
DC3,923.9471,2.965647
DC3,915.389,2.9616058
DC3,930.0055,2.9684856
DC3,933.7664,2.9702382
DC3,932.0511,2.9694397
DC3,923.7383,2.965549
DC3,924.26917,2.9657984
DC3,937.048,2.971762
DC3,934.61865,2.9706345
DC3,935.3034,2.9709525
DC3,922.47314,2.9649537
DC3,931.2827,2.9690816
DC3,923.3109,2.965348
DC3,926.95966,2.9670608
DC3,923.5962,2.9654822
DC3,922.6737,2.965048
DC3,927.8141,2.9674609
DC3,924.5455,2.9659283
DC3,929.29565,2.968154
DC3,931.322,2.9690998
DC3,935.07306,2.9708455
DC3,921.4666,2.9644797
DC3,927.11865,2.9671354
DC3,924.55707,2.9659338
DC3,927.3009,2.9672208
DC3,936.67126,2.9715872
DC3,926.0376,2.9666286
DC3,928.72437,2.967887
DC3,922.22363,2.9648364
DC3,946.10846,2.975941
DC3,931.64575,2.969251
DC3,920.945,2.9642336
DC3,928.0467,2.9675698
DC3,919.478,2.9635413
DC3,924.03156,2.9656868
DC3,927.80664,2.9674575
DC3,923.15894,2.9652765
DC3,934.55725,2.9706059
DC3,928.62195,2.967839
DC3,915.34326,2.961584
DC3,928.62494,2.9678404
DC3,925.8913,2.96656
DC3,930.13806,2.9685473
DC3,929.6942,2.9683402
DC3,939.7038,2.972991
DC3,922.1392,2.9647965
DC3,934.35394,2.9705114
DC3,921.20575,2.9643567
DC3,911.22363,2.959625
DC3,930.2778,2.9686127
DC3,926.5555,2.9668715
DC3,925.47656,2.9663653
DC3,937.922,2.9721668
DC3,933.7045,2.9702094
DC3,917.5291,2.9626198
DC3,933.55347,2.9701393
DC3,929.8343,2.9684055
DC3,917.30914,2.9625158
DC3,931.9674,2.9694006
DC3,927.3937,2.9672642
DC3,921.87787,2.9646733
DC3,936.16315,2.9713516
DC3,935.67426,2.9711246
DC3,930.5473,2.9687386
DC3,940.3533,2.9732912
DC3,919.23926,2.9634285
DC3,925.06165,2.9661708
DC3,923.69305,2.9655278
DC3,917.41754,2.962567
DC3,915.1656,2.9614997
DC3,936.8779,2.971683
DC3,926.23364,2.9667206
DC3,919.37506,2.9634926
DC3,923.48883,2.9654317
DC3,924.5991,2.9659536
DC3,925.2882,2.9662771
DC3,924.53735,2.9659245
DC3,932.54736,2.969671
DC3,931.06744,2.968981
DC3,920.15485,2.963861
DC3,932.41974,2.9696114
DC3,919.7853,2.9636865
DC3,927.77924,2.9674447
DC3,922.2503,2.9648488
DC3,921.29016,2.9643965
DC3,927.8129,2.9674604
DC3,924.8754,2.9660833
DC3,923.18896,2.9652905
DC3,922.36304,2.964902
DC3,916.5626,2.9621623
DC3,935.786,2.9711766
DC3,931.88306,2.9693613
DC3,923.561,2.9654655
DC3,936.09814,2.9713213
DC3,926.18335,2.966697
DC3,925.83386,2.966533
DC3,913.8155,2.9608586
DC3,925.07416,2.9661765
DC3,920.03516,2.9638045
DC3,928.3871,2.967729
DC3,931.4308,2.9691505
DC3,935.8053,2.9711854
DC3,936.2155,2.971376
DC3,936.74097,2.9716196
DC3,924.3965,2.9658582
DC3,929.62506,2.9683077
DC3,929.9936,2.9684799
DC3,929.45624,2.968229
DC3,926.21484,2.9667118
DC3,921.60004,2.9645424
DC3,926.1352,2.9666743
DC3,928.35236,2.9677129
DC3,925.2362,2.9662526
DC3,924.0311,2.9656866
DC3,931.76,2.969304
DC3,932.63196,2.9697104
DC3,931.79443,2.96932
DC3,928.6632,2.9678583
DC3,924.3121,2.9658186
DC3,928.93976,2.9679875
DC3,926.3871,2.9667926
DC3,934.3617,2.970515
DC3,929.5374,2.968267
DC3,929.7835,2.968382
DC3,923.2053,2.9652984
DC3,933.58356,2.970153
DC3,939.34076,2.9728231
DC3,923.2933,2.9653397
DC3,939.5879,2.9729373
DC3,921.765,2.96462
DC3,927.75543,2.9674335
DC3,939.64374,2.9729633
DC3,926.16205,2.966687
DC3,926.74884,2.966962
DC3,940.44446,2.9733331
DC3,920.02625,2.9638002
DC3,925.3833,2.9663217
DC3,918.13586,2.9629068
DC3,928.34503,2.9677093
DC3,928.55743,2.9678087
DC3,941.22723,2.9736946
DC3,936.7233,2.9716113
DC3,938.11,2.9722538
DC3,924.5174,2.9659152
DC3,925.07355,2.9661763
DC3,920.03845,2.963806
DC3,922.9226,2.9651654
DC3,927.19635,2.9671717
DC3,923.16187,2.965278
DC3,927.15375,2.9671516
DC3,931.86115,2.9693513
DC3,918.9485,2.9632912
DC3,927.7968,2.9674528
DC3,926.491,2.9668412
DC3,935.2458,2.9709258
DC3,936.6908,2.9715962
DC3,935.2218,2.9709146
DC3,923.52716,2.9654496
DC3,928.7052,2.9678779
DC3,935.54913,2.9710667
DC3,930.9711,2.9689362
DC3,922.48285,2.9649582
DC3,934.0452,2.970368
DC3,940.9901,2.9735851
DC3,929.34045,2.968175
DC3,921.801,2.9646373
DC3,917.3228,2.9625223
DC3,930.3531,2.9686477
DC3,944.42725,2.9751685
DC3,920.3578,2.9639566
DC3,925.1637,2.9662185
DC3,950.75696,2.9780695
DC3,935.7225,2.971147
DC3,935.4614,2.971026
DC3,923.9103,2.9656298
DC3,922.54016,2.9649854
DC3,928.0333,2.9675636
DC3,920.81396,2.964172
DC3,918.35974,2.963013
DC3,937.7919,2.9721065
DC3,928.41235,2.967741
DC3,927.61633,2.9673684
DC3,920.27014,2.9639153
DC3,926.0491,2.966634
DC3,924.4989,2.9659064
DC3,924.4072,2.9658632
DC3,927.3061,2.9672232
DC3,921.4661,2.9644794
DC3,924.177,2.9657552
DC3,925.44324,2.9663498
DC3,915.6662,2.9617372
DC3,920.2777,2.963919
DC3,936.98645,2.9717333
DC3,931.1551,2.969022
DC3,921.584,2.964535
DC3,916.82385,2.962286
DC3,919.57654,2.963588
DC3,936.97754,2.9717293
DC3,924.7818,2.9660392
DC3,928.85895,2.9679499
DC3,920.21246,2.9638882
DC3,930.10706,2.968533
DC3,925.91614,2.9665716
DC3,923.9327,2.9656403
DC3,919.3859,2.9634979
DC3,927.74115,2.9674268
DC3,934.6252,2.9706376
DC3,933.1004,2.9699283
DC3,930.7841,2.968849
DC3,926.56793,2.9668772
DC3,930.8233,2.9688673
DC3,932.17896,2.9694993
DC3,943.4386,2.9747136
DC3,926.95105,2.9670568
DC3,924.2057,2.9657686
DC3,918.97864,2.9633055
DC3,924.4121,2.9658656
DC3,922.99713,2.9652004
DC3,930.4511,2.9686935
DC3,935.3159,2.9709582
DC3,935.1643,2.970888
DC3,907.371,2.957785
DC3,929.8005,2.9683897
DC3,935.1563,2.9708843
DC3,925.7573,2.9664972
DC3,930.31085,2.9686282
DC3,923.6747,2.965519
DC3,931.7057,2.9692788
DC3,926.99493,2.9670773
DC3,928.4948,2.9677794
DC3,930.7996,2.968856
DC3,923.1697,2.9652815
DC3,916.3465,2.9620597
DC3,938.716,2.9725342
DC3,913.6355,2.960773
DC3,921.51984,2.9645047
DC3,920.5237,2.964035
DC3,930.486,2.96871
DC3,929.2612,2.9681377
DC3,936.53265,2.9715228
DC3,929.21204,2.9681149
DC3,939.97925,2.9731183
DC3,930.892,2.9688993
DC3,914.90466,2.961376
DC3,931.25244,2.9690673
DC3,930.00525,2.9684854
DC3,920.2477,2.9639046
DC3,927.2208,2.967183
DC3,930.721,2.9688196
DC3,922.80536,2.96511
DC3,933.2748,2.9700096
DC3,923.1659,2.9652798
DC3,921.8509,2.9646606
DC3,929.2946,2.9681535
DC3,925.233,2.9662511
DC3,928.987,2.9680097
DC3,915.6098,2.9617105
DC3,932.0972,2.9694612
DC3,927.1135,2.9671328
DC3,921.263,2.9643836
DC3,931.24536,2.9690642
DC3,929.80365,2.9683912
DC3,930.82263,2.9688668
DC3,932.74274,2.9697618
DC3,940.27075,2.973253
DC3,941.7097,2.973917
DC3,921.0788,2.9642968
DC3,926.22144,2.9667149
DC3,922.61395,2.96502
DC3,924.09143,2.965715
DC3,936.7109,2.9716055
DC3,922.5983,2.9650126
DC3,920.30597,2.9639323
DC3,931.68414,2.9692688
DC3,925.92804,2.9665773
DC3,929.6349,2.9683125
DC3,938.5492,2.972457
DC3,941.06506,2.9736197
DC3,925.171,2.966222
DC3,924.8186,2.9660566
DC3,927.22955,2.9671872
DC3,917.4165,2.9625666
DC3,923.63257,2.9654992
DC3,919.7425,2.9636662
DC3,925.5717,2.9664102
DC3,923.90234,2.965626
DC3,914.40015,2.9611363
DC3,940.36,2.9732943
DC3,921.5225,2.964506
DC3,919.4428,2.9635248
DC3,933.238,2.9699924
DC3,916.84534,2.962296
DC3,928.2059,2.9676442
DC3,932.1973,2.969508
DC3,932.4966,2.9696472
DC3,928.0997,2.9675946
DC3,926.1685,2.96669
DC3,926.7795,2.9669764
DC3,925.37463,2.9663177
DC3,938.70447,2.972529
DC3,925.9461,2.9665856
DC3,940.2778,2.973256
DC3,932.334,2.9695716
DC3,919.07837,2.9633524
DC3,922.4799,2.964957
DC3,916.97687,2.9623585
DC3,933.8902,2.970296
DC3,935.7054,2.9711392
DC3,935.9551,2.971255
DC3,930.6573,2.9687898
DC3,929.72314,2.9683537
DC3,918.1985,2.9629366
DC3,933.1691,2.9699605
DC3,915.2952,2.9615612
DC3,923.8294,2.9655917
DC3,919.46936,2.9635372
DC3,932.2399,2.9695277
DC3,920.61346,2.9640772
DC3,922.319,2.9648812
DC3,930.83075,2.9688706
DC3,910.3578,2.959212
DC3,922.8912,2.9651506
DC3,923.81836,2.9655867
DC3,922.0164,2.9647386
DC3,926.9553,2.967059
DC3,917.8737,2.9627829
DC3,926.6657,2.966923
DC3,932.1303,2.9694767
DC3,928.4438,2.9677556
DC3,932.7292,2.9697556
DC3,922.5747,2.9650016
DC3,922.69794,2.9650595
DC3,916.47205,2.9621193
DC3,927.3434,2.9672406
DC3,942.98785,2.9745061
DC3,938.38763,2.9723823
DC3,931.0353,2.9689662
DC3,928.4768,2.967771
DC3,912.67926,2.960318
DC3,925.06256,2.966171
DC3,929.25476,2.9681349
DC3,927.3831,2.9672592
DC3,922.89044,2.96515
DC3,924.0144,2.9656787
DC3,927.6901,2.967403
DC3,933.9902,2.9703424
DC3,915.8484,2.9618237
DC3,935.24225,2.9709241
DC3,925.20337,2.9662373
DC3,928.8982,2.9679682
DC3,919.74243,2.9636662
DC3,928.9904,2.9680111
DC3,929.0332,2.9680312
DC3,926.19446,2.9667022
DC3,926.37085,2.966785
DC3,918.70355,2.9631753
DC3,934.0183,2.9703553
DC3,930.00726,2.9684863
DC3,931.0658,2.9689803
DC3,928.62164,2.9678388
DC3,926.0414,2.9666305
DC3,924.79175,2.966044
DC3,922.0322,2.964746
DC3,943.0706,2.9745443
DC3,922.9862,2.9651952
DC3,920.4822,2.9640155
DC3,929.71674,2.9683506
DC3,938.4203,2.9723973
DC3,924.74976,2.9660242
DC3,930.90356,2.9689047
DC3,930.6605,2.9687912
DC3,922.44446,2.9649403
DC3,933.4169,2.9700756
DC3,917.78827,2.9627426
DC3,937.0079,2.9717433
DC3,935.7416,2.971156
DC3,932.6899,2.9697373
DC3,928.2065,2.9676447
DC3,939.52374,2.9729078
DC3,923.40015,2.96539
DC3,915.0989,2.961468
DC3,933.9355,2.970317
DC3,927.12305,2.9671373
DC3,918.47723,2.9630685
DC3,926.0964,2.9666562
DC3,923.7985,2.9655774
DC3,930.0158,2.9684904
DC3,913.28107,2.9606044
DC3,925.168,2.9662206
DC3,918.0123,2.9628484
DC3,926.3087,2.9667559
DC3,926.45917,2.9668262
DC3,919.64026,2.963618
DC3,929.2297,2.968123
DC3,924.98083,2.9661326
DC3,917.4286,2.9625723
DC3,923.00555,2.9652042
DC3,929.71423,2.9683495
DC3,926.3901,2.9667938
DC3,919.94666,2.9637628
DC3,930.88916,2.968898
DC3,929.7168,2.9683506
DC3,928.8392,2.9679406
DC3,923.6048,2.9654863
DC3,925.8029,2.9665186
DC3,921.9733,2.9647183
DC3,918.78265,2.9632127
DC3,928.3317,2.967703
DC3,928.89325,2.9679658
DC3,925.6071,2.9664266
DC3,931.9426,2.9693892
DC3,922.32587,2.9648843
DC3,931.68427,2.9692688
DC3,928.3576,2.9677153
DC3,930.5307,2.9687307
DC3,932.86035,2.9698167
DC3,935.7323,2.9711516
DC3,932.0704,2.9694488
DC3,932.77094,2.969775
DC3,931.7308,2.9692905
DC3,930.8189,2.9688652
DC3,930.1713,2.9685628
DC3,934.17224,2.970427
DC3,915.4065,2.961614
DC3,931.4127,2.9691422
DC3,925.1875,2.9662297
DC3,922.2182,2.9648337
DC3,931.7826,2.9693146
DC3,918.1545,2.9629157
DC3,914.8425,2.9613464
DC3,936.3147,2.971422
DC3,932.3013,2.9695563
DC3,932.27673,2.969545
DC3,924.49115,2.9659028
DC3,934.52045,2.970589
DC3,924.757,2.9660277
DC3,934.93066,2.9707794
DC3,921.781,2.9646277
DC3,935.25494,2.97093
DC3,930.3318,2.968638
DC3,928.48627,2.9677756
DC3,924.67804,2.9659905
DC3,935.52454,2.9710553
DC3,932.24603,2.9695306
DC3,923.8293,2.9655917
DC3,936.2792,2.9714053
DC3,926.81824,2.9669945
DC3,933.5234,2.9701252
DC3,921.0802,2.9642975
DC3,920.965,2.9642432
DC3,939.4872,2.9728909
DC3,929.0231,2.9680264
DC3,935.52826,2.971057
DC3,936.40643,2.9714644
DC3,929.759,2.9683704
DC3,938.13324,2.9722645
DC3,929.84973,2.9684129
DC3,920.2842,2.963922
DC3,938.71875,2.9725356
DC3,927.11884,2.9671354
DC3,929.97253,2.96847
DC3,929.67004,2.968329
DC3,937.92523,2.9721682
DC3,929.74945,2.968366
DC3,924.9076,2.9660983
DC3,919.6281,2.9636123
DC3,929.3737,2.9681904
DC3,924.52203,2.9659173
DC3,941.7699,2.973945
DC3,929.1295,2.9680762
DC3,949.0521,2.9772902
DC3,926.06696,2.9666424
DC3,917.73627,2.962718
DC3,932.441,2.9696214
DC3,921.47174,2.964482
DC3,928.03186,2.967563
DC3,939.53864,2.9729147
DC3,926.85724,2.967013
DC3,940.4922,2.9733553
DC3,929.8209,2.9683993
DC3,926.9175,2.967041
DC3,929.57886,2.9682863
DC3,922.4452,2.9649405
DC3,932.7556,2.9697678
DC3,931.4139,2.9691427
DC3,927.5305,2.9673283
DC3,937.14624,2.9718075
DC3,926.2526,2.9667294
DC3,937.8033,2.9721117
DC3,939.1603,2.9727397
DC3,923.9991,2.9656715
DC3,943.4466,2.9747174
DC3,923.49646,2.9654353
DC3,931.6389,2.9692476
DC3,928.337,2.9677057
DC3,939.35913,2.9728317
DC3,929.0098,2.9680202
DC3,933.9581,2.9703274
DC3,925.5039,2.9663782
DC3,931.6733,2.9692636
DC3,950.14557,2.97779
DC3,924.46747,2.9658916
DC3,932.8877,2.9698293
DC3,929.33484,2.9681723
DC3,932.25085,2.9695327
DC3,928.4717,2.9677687
DC3,938.8847,2.9726124
DC3,930.4137,2.968676
DC3,932.92535,2.969847
DC3,924.9926,2.9661384
DC3,935.99,2.9712713
DC3,926.87415,2.9670208
DC3,942.1516,2.9741209
DC3,929.97784,2.9684727
DC3,933.22943,2.9699883
DC3,920.03625,2.963805
DC3,929.4402,2.9682214
DC3,937.94226,2.972176
DC3,927.8626,2.9674838
DC3,947.1262,2.9764078
DC3,918.96857,2.9633007
DC3,924.8972,2.9660935
DC3,927.7268,2.96742
DC3,919.68463,2.963639
DC3,937.6155,2.9720247
DC3,932.48987,2.969644
DC3,931.1709,2.9690294
DC3,938.33813,2.9723594
DC3,936.9893,2.9717345
DC3,927.39795,2.967266
DC3,921.8537,2.964662
DC3,933.06256,2.9699109
DC3,933.7609,2.9702356
DC3,918.25665,2.962964
DC3,927.2374,2.967191
DC3,928.27423,2.9676764
DC3,935.1999,2.9709044
DC3,911.06665,2.9595501
DC3,934.07935,2.970384
DC3,931.10187,2.9689972
DC3,931.4047,2.9691384
DC3,929.43475,2.9682188
DC3,949.09375,2.9773092
DC3,923.13715,2.9652662
DC3,932.29675,2.9695542
DC3,930.2861,2.9686165
DC3,935.9441,2.9712498
DC3,929.4422,2.9682224
DC3,942.9425,2.9744852
DC3,937.356,2.9719045
DC3,925.934,2.9665802
DC3,934.94653,2.9707868
DC3,930.5045,2.9687185
DC3,926.90955,2.9670374
DC3,923.4466,2.965412
DC3,941.16125,2.973664
DC3,937.0269,2.9717522
DC3,933.57916,2.9701512
DC3,922.7564,2.9650872
DC3,927.80493,2.9674566
DC3,929.26666,2.9681404
DC3,930.57513,2.9687514
DC3,934.8666,2.9707496
DC3,936.43475,2.9714775
DC3,930.70703,2.968813
DC3,924.5981,2.9659529
DC3,934.4088,2.970537
DC3,926.9924,2.967076
DC3,941.0838,2.9736283
DC3,933.55896,2.9701416
DC3,923.77155,2.9655645
DC3,936.20087,2.971369
DC3,922.8072,2.965111
DC3,943.20483,2.974606
DC3,924.6595,2.9659817
DC3,940.02014,2.9731371
DC3,938.37335,2.9723756
DC3,936.0528,2.9713004
DC3,931.6011,2.96923
DC3,930.52875,2.9687297
DC3,921.16815,2.964339
DC3,928.5198,2.967791
DC3,921.01776,2.964268
DC3,929.38904,2.9681976
DC3,934.44916,2.9705558
DC3,934.7259,2.9706843
DC3,931.047,2.9689715
DC3,921.54144,2.964515
DC3,936.7766,2.971636
DC3,931.7,2.9692762
DC3,934.60175,2.9706266
DC3,941.6276,2.973879
DC3,938.13446,2.972265
DC3,933.3718,2.9700546
DC3,922.59875,2.9650128
DC3,946.29443,2.9760263
DC3,925.6543,2.9664488
DC3,921.68176,2.964581
DC3,928.37805,2.9677248
DC3,935.9286,2.9712427
DC3,927.13104,2.9671412
DC3,926.4218,2.9668088
DC3,921.8672,2.9646683
DC3,932.119,2.9694715
DC3,920.16406,2.9638653
DC3,924.9297,2.9661088
DC3,928.2554,2.9676676
DC3,922.93054,2.965169
DC3,919.0493,2.9633389
DC3,932.2202,2.9695184
DC3,921.7033,2.9645913
DC3,919.1494,2.963386
DC3,918.60645,2.9631295
DC3,927.3035,2.967222
DC3,921.9737,2.9647186
DC3,930.86127,2.968885
DC3,939.21576,2.9727654
DC3,924.11456,2.965726
DC3,920.4027,2.9639778
DC3,938.5231,2.972445
DC3,939.3056,2.972807
DC3,928.93567,2.9679856
DC3,928.21136,2.9676468
DC3,930.6518,2.9687872
DC3,929.73096,2.9683573
DC3,937.72034,2.9720733
DC3,944.4294,2.9751694
DC3,925.87085,2.9665504
DC3,917.9245,2.962807
DC3,948.1874,2.9768941
DC3,931.548,2.9692051
DC3,940.47107,2.9733455
DC3,927.90173,2.9675019
DC3,926.769,2.9669714
DC3,933.79694,2.9702525
DC3,930.9188,2.968912
DC3,926.132,2.966673
DC3,931.61523,2.9692366
DC3,923.0064,2.9652047
DC3,943.04266,2.9745314
DC3,926.8134,2.9669924
DC3,936.97614,2.9717286
DC3,924.4916,2.965903
DC3,935.23566,2.970921
DC3,925.1462,2.9662104
DC3,924.32117,2.965823
DC3,931.3603,2.9691176
DC3,941.4227,2.9737847
DC3,924.16956,2.9657516
DC3,928.5562,2.9678082
DC3,939.27686,2.9727936
DC3,933.2436,2.969995
DC3,932.14703,2.9694843
DC3,931.3262,2.969102
DC3,909.51306,2.958809
DC3,922.2434,2.9648457
DC3,934.04724,2.9703689
DC3,925.31335,2.9662888
DC3,934.42413,2.970544
DC3,938.5732,2.9724681
DC3,918.9749,2.9633036
DC3,921.5457,2.9645169
DC3,941.0647,2.9736195
DC3,929.26086,2.9681377
DC3,928.02106,2.967558
DC3,928.8807,2.96796
DC3,927.39703,2.9672656
DC3,931.9351,2.9693856
DC3,939.46765,2.9728818
DC3,926.6125,2.9668982
DC3,925.9119,2.9665697
DC3,939.4154,2.9728577
DC3,926.51276,2.9668515
DC3,928.803,2.9679236
DC3,939.1085,2.9727159
DC3,920.4103,2.9639814
DC3,945.45557,2.975641
DC3,926.91174,2.9670384
DC3,915.7861,2.9617941
DC3,924.5343,2.965923
DC3,934.3372,2.9705036
DC3,931.8526,2.9693472
DC3,928.20404,2.9676435
DC3,919.66833,2.9636312
DC3,923.9093,2.9656293
DC3,917.1427,2.962437
DC3,924.3211,2.965823
DC3,923.2001,2.9652958
DC3,932.2702,2.9695418
DC3,938.1301,2.972263
DC3,920.2538,2.9639077
DC3,943.8536,2.9749045
DC3,924.44885,2.9658828
DC3,938.4789,2.9724245
DC3,938.5836,2.972473
DC3,911.6889,2.9598467
DC3,943.76953,2.974866
DC3,932.7883,2.969783
DC3,936.16626,2.971353
DC3,929.8249,2.9684012
DC3,928.01556,2.9675553
DC3,930.27875,2.9686131
DC3,927.4556,2.967293
DC3,935.2353,2.9709208
DC3,936.1345,2.9713383
DC3,939.2752,2.9727929
DC3,923.46606,2.965421
DC3,924.9587,2.9661224
DC3,929.601,2.9682965
DC3,939.4875,2.972891
DC3,937.58887,2.9720125
DC3,922.9433,2.965175
DC3,928.8425,2.967942
DC3,942.38873,2.97423
DC3,935.56635,2.9710746
DC3,928.68884,2.9678702
DC3,943.9532,2.9749506
DC3,925.87317,2.9665515
DC3,932.2106,2.9695141
DC3,918.6965,2.963172
DC3,939.5548,2.972922
DC3,935.51855,2.9710524
DC3,933.54517,2.9701355
DC3,933.4161,2.9700754
DC3,933.76215,2.9702363
DC3,932.64087,2.9697144
DC3,930.5531,2.9687412
DC3,929.28326,2.9681482
DC3,939.4992,2.9728963
DC3,923.4196,2.965399
DC3,931.461,2.9691646
DC3,925.37524,2.966318
DC3,939.20074,2.9727585
DC3,939.3114,2.9728096
DC3,930.76306,2.9688392
DC3,931.4326,2.9691515
DC3,949.2622,2.9773862
DC3,920.0299,2.9638019
DC3,925.5155,2.9663837
DC3,928.9119,2.9679744
DC3,933.7188,2.970216
DC3,939.54333,2.9729168
DC3,937.56354,2.9720006
DC3,932.47754,2.9696383
DC3,925.10065,2.966189
DC3,934.0424,2.9703667
DC3,945.05975,2.9754593
DC3,929.67944,2.9683332
DC3,928.3407,2.9677074
DC3,942.16174,2.9741254
DC3,942.24036,2.9741616
DC3,923.8738,2.9656126
DC3,922.1633,2.9648077
DC3,924.04926,2.9656951
DC3,942.1414,2.974116
DC3,920.057,2.9638147
DC3,941.36694,2.973759
DC3,940.8741,2.9735315
DC3,924.407,2.9658632
DC3,932.67206,2.969729
DC3,925.5709,2.9664097
DC3,924.3804,2.9658508
DC3,937.95074,2.9721801
DC3,936.1028,2.9713235
DC3,930.11694,2.9685376
DC3,939.9381,2.9730992
DC3,921.4622,2.9644775
DC3,936.2327,2.9713838
DC3,928.4237,2.9677463
DC3,926.9633,2.9670625
DC3,931.9744,2.969404
DC3,925.50085,2.9663768
DC3,925.3406,2.9663017
DC3,936.1984,2.9713678
DC3,933.0638,2.9699113
DC3,938.0684,2.9722345
DC3,933.80035,2.970254
DC3,945.55945,2.975689
DC3,935.7032,2.971138
DC3,917.57416,2.9626412
DC3,915.9636,2.9618783
DC3,921.9677,2.9647157
DC3,917.62915,2.9626672
DC3,924.9098,2.9660993
DC3,921.03064,2.9642742
DC3,930.8437,2.9688768
DC3,937.4378,2.9719424
DC3,921.8553,2.9646628
DC3,925.0767,2.9661777
DC3,950.57556,2.9779866
DC3,934.41455,2.9705396
DC3,939.9321,2.9730966
DC3,930.9931,2.9689465
DC3,942.0983,2.9740963
DC3,919.66986,2.9636319
DC3,936.2985,2.9714143
DC3,922.3193,2.9648812
DC3,932.44586,2.9696236
DC3,934.84686,2.9707406
DC3,926.7097,2.9669437
DC3,926.3168,2.9667594
DC3,938.0685,2.9722345
DC3,922.1381,2.964796
DC3,925.74927,2.9664934
DC3,926.12744,2.9666708
DC3,918.73004,2.963188
DC3,925.06616,2.9661727
DC3,915.9696,2.9618812
DC3,932.0227,2.9694264
DC3,934.4024,2.9705338
DC3,925.49976,2.9663763
DC3,940.8662,2.973528
DC3,934.6028,2.970627
DC3,927.5584,2.9673412
DC3,930.0026,2.9684842
DC3,928.8231,2.967933
DC3,945.2533,2.9755483
DC3,926.7145,2.966946
DC3,930.02576,2.968495
DC3,921.6218,2.9645526
DC3,932.64014,2.9697142
DC3,940.38184,2.9733043
DC3,929.0976,2.9680614
DC3,917.2579,2.9624915
DC3,928.4594,2.967763
DC3,935.66785,2.9711218
DC3,926.0954,2.9666557
DC3,931.2975,2.9690883
DC3,924.728,2.966014
DC3,931.32074,2.9690993
DC3,929.1218,2.9680727
DC3,930.8655,2.9688869
DC3,927.55664,2.9673405
DC3,934.4385,2.9705508
DC3,922.0865,2.9647717
DC3,926.55334,2.9668705
DC3,926.752,2.9669635
DC3,942.1598,2.9741247
DC3,938.87866,2.9726095
DC3,929.04785,2.968038
DC3,932.65326,2.9697201
DC3,917.5897,2.9626486
DC3,935.7117,2.971142
DC3,936.79865,2.9716463
DC3,930.2015,2.968577
DC3,920.40607,2.9639795
DC3,929.8436,2.96841
DC3,933.89825,2.9702995
DC3,918.28613,2.9629781
DC3,933.2796,2.9700117
DC3,941.315,2.973735
DC3,927.6418,2.9673803
DC3,934.78577,2.9707122
DC3,926.85077,2.9670098
DC3,921.2422,2.9643738
DC3,932.1674,2.9694939
DC3,922.22046,2.9648347
DC3,934.67035,2.9706585
DC3,932.7048,2.9697442
DC3,910.2994,2.9591842
DC3,929.37415,2.9681907
DC3,914.7078,2.9612825
DC3,923.22766,2.965309
DC3,936.11804,2.9713306
DC3,921.9535,2.964709
DC3,945.55536,2.975687
DC3,933.9744,2.970335
DC3,916.9725,2.9623563
DC3,923.8982,2.965624
DC3,927.3812,2.9672582
DC3,930.52606,2.9687285
DC3,930.2572,2.9686031
DC3,924.98254,2.9661336
DC3,939.0112,2.9726708
DC3,931.1444,2.969017
DC3,926.7353,2.9669557
DC3,934.5384,2.970597
DC3,944.83923,2.975358
DC3,928.71,2.9678802
DC3,935.8637,2.9712126
DC3,923.9311,2.9656396
DC3,913.7345,2.96082
DC3,923.66266,2.9655135
DC3,940.5642,2.9733884
DC3,933.54736,2.9701364
DC3,918.6364,2.9631436
DC3,929.5259,2.9682615
DC3,932.34564,2.9695768
DC3,927.7678,2.9674394
DC3,926.94086,2.967052
DC3,924.999,2.9661412
DC3,921.2081,2.9643579
DC3,938.42993,2.9724019
DC3,923.2947,2.9653404
DC3,914.3563,2.9611154
DC3,927.0689,2.967112
DC3,914.7825,2.9613178
DC3,923.8921,2.9656212
DC3,935.82166,2.971193
DC3,929.4581,2.9682298
DC3,927.41205,2.9672728
DC3,927.05164,2.967104
DC3,922.1465,2.9648
DC3,938.4134,2.9723942
DC3,932.6046,2.9696975
DC3,926.46716,2.96683
DC3,924.9781,2.9661314
DC3,928.06494,2.9675784
DC3,928.8468,2.9679441
DC3,932.23083,2.9695234
DC3,921.85956,2.9646647
DC3,926.5538,2.9668705
DC3,928.36835,2.9677203
DC3,946.33,2.9760425
DC3,937.0524,2.9717638
DC3,926.94934,2.967056
DC3,935.5947,2.9710877
DC3,932.62573,2.9697075
DC3,931.08966,2.9689915
DC3,936.6325,2.9715693
DC3,935.506,2.9710467
DC3,928.3353,2.9677048
DC3,932.3495,2.9695787
DC3,925.4929,2.9663732
DC3,924.0984,2.9657183
DC3,938.8335,2.9725885
DC3,926.58905,2.9668872
DC3,924.80676,2.966051
DC3,918.46844,2.9630642
DC3,920.08563,2.9638283
DC3,913.26196,2.9605954
DC3,932.0189,2.9694247
DC3,935.60254,2.9710915
DC3,938.9465,2.9726408
DC3,925.1235,2.9661996
DC3,933.8072,2.9702573
DC3,943.15027,2.974581
DC3,931.1933,2.96904
DC3,941.09247,2.9736323
DC3,945.73505,2.9757695
DC3,930.9611,2.9689314
DC3,936.29346,2.971412
DC3,937.6665,2.9720483
DC3,936.2467,2.9713902
DC3,944.0804,2.975009
DC3,932.4174,2.9696105
DC3,928.5562,2.9678082
DC3,932.912,2.9698408
DC3,930.868,2.968888
DC3,944.8653,2.97537
DC3,934.0578,2.9703739
DC3,943.1058,2.9745605
DC3,923.62756,2.9654968
DC3,939.8807,2.9730728
DC3,932.5075,2.9696524
DC3,924.59424,2.9659512
DC3,921.7235,2.9646006
DC3,932.1914,2.969505
DC3,934.1419,2.970413
DC3,933.988,2.9703412
DC3,931.2085,2.9690468
DC3,939.3267,2.9728167
DC3,925.78345,2.9665093
DC3,940.3817,2.9733043
DC3,933.1418,2.9699476
DC3,935.86865,2.971215
DC3,922.6867,2.9650543
DC3,924.75433,2.9660263
DC3,933.17377,2.9699626
DC3,929.26355,2.968139
DC3,938.12177,2.9722593
DC3,929.2461,2.9681308
DC3,921.7099,2.9645944
DC3,927.0256,2.9670918
DC3,928.3207,2.967698
DC3,922.3152,2.9648793
DC3,930.9253,2.9689147
DC3,939.6666,2.9729738
DC3,929.1151,2.9680696
DC3,928.72986,2.9678893
DC3,925.849,2.96654
DC3,921.4436,2.9644687
DC3,921.4892,2.9644902
DC3,937.1841,2.971825
DC3,923.60645,2.965487
DC3,927.2907,2.967216
DC3,925.1097,2.9661932
DC3,927.8766,2.9674902
DC3,923.5951,2.9654815
DC3,925.63763,2.966441
DC3,926.0602,2.9666393
DC3,920.05444,2.9638135
DC3,925.59644,2.9664216
DC3,921.9613,2.9647126
DC3,927.9606,2.9675295
DC3,934.1502,2.9704168
DC3,923.2065,2.965299
DC3,943.29517,2.9746475
DC3,928.4861,2.9677753
DC3,930.13885,2.9685478
DC3,924.3373,2.9658306
DC3,921.1998,2.9643538
DC3,935.24274,2.9709244
DC3,941.48175,2.9738119
DC3,935.1051,2.9708605
DC3,929.33594,2.9681728
DC3,926.23895,2.966723
DC3,941.3205,2.9737375
DC3,938.05566,2.9722285
DC3,939.6951,2.972987
DC3,924.7033,2.9660025
DC3,931.03406,2.9689655
DC3,928.3567,2.9677148
DC3,930.5989,2.9687626
DC3,928.3397,2.967707
DC3,923.15125,2.965273
DC3,930.7142,2.9688163
DC3,928.9906,2.9680114
DC3,930.58984,2.9687583
DC3,937.4801,2.971962
DC3,944.51074,2.9752069
DC3,925.26245,2.966265
DC3,928.2524,2.9676661
DC3,928.68005,2.9678662
DC3,927.6416,2.9673803
DC3,938.08746,2.9722433
DC3,930.53564,2.968733
DC3,932.0206,2.9694254
DC3,924.7288,2.9660144
DC3,947.91583,2.9767697
DC3,936.5994,2.9715538
DC3,923.8274,2.965591
DC3,937.77203,2.9720972
DC3,926.2282,2.966718
DC3,922.5884,2.965008
DC3,929.7621,2.9683719
DC3,925.7855,2.9665103
DC3,937.7147,2.9720707
DC3,932.63354,2.969711
DC3,921.1216,2.9643168
DC3,931.2326,2.9690583
DC3,924.1907,2.9657617
DC3,936.4351,2.9714777
DC3,936.47614,2.9714968
DC3,941.2424,2.9737015
DC3,928.8924,2.9679654
DC3,939.5265,2.972909
DC3,925.08264,2.9661806
DC3,915.7645,2.961784
DC3,932.7067,2.9697452
DC3,924.8673,2.9660795
DC3,927.4421,2.9672868
DC3,945.80664,2.9758024
DC3,935.6641,2.9711199
DC3,924.17914,2.9657562
DC3,936.17944,2.971359
DC3,936.8077,2.9716504
DC3,915.5051,2.9616609
DC3,938.49005,2.9724298
DC3,930.7383,2.9688275
DC3,923.1178,2.9652572
DC3,939.3898,2.9728458
DC3,939.48596,2.9728904
DC3,934.92865,2.9707785
DC3,942.92474,2.974477
DC3,922.1387,2.9647963
DC3,931.76654,2.9693072
DC3,922.5005,2.9649665
DC3,922.9784,2.9651916
DC3,917.38635,2.9625523
DC3,937.50214,2.9719722
DC3,927.3197,2.9672296
DC3,919.8069,2.9636967
DC3,914.52136,2.9611938
DC3,930.41156,2.9686751
DC3,927.62256,2.9673712
DC3,929.6448,2.968317
DC3,936.2977,2.971414
DC3,932.53534,2.9696653
DC3,929.43976,2.9682212
DC3,934.9584,2.9707923
DC3,924.8558,2.966074
DC3,931.594,2.9692266
DC3,925.48486,2.9663694
DC3,926.04944,2.9666343
DC3,937.4217,2.971935
DC3,926.8161,2.9669936
DC3,925.66833,2.9664555
DC3,929.8145,2.9683964
DC3,922.7287,2.965074
DC3,940.0346,2.9731438
DC3,932.98157,2.969873
DC3,923.0025,2.9652028
DC3,942.16876,2.9741287
DC3,928.3464,2.96771
DC3,926.70056,2.9669394
DC3,912.5411,2.9602525
DC3,928.3538,2.9677136
DC3,926.1388,2.966676
DC3,932.41534,2.9696095
DC3,933.58386,2.9701533
DC3,939.14215,2.9727314
DC3,944.05164,2.9749959
DC3,937.9239,2.9721675
DC3,923.1099,2.9652534
DC3,932.8312,2.969803
DC3,928.1711,2.967628
DC3,930.592,2.9687593
DC3,931.91547,2.9693766
DC3,929.0454,2.968037
DC3,930.30695,2.9686263
DC3,933.9882,2.9703414
DC3,928.97723,2.9680052
DC3,921.92926,2.9646976
DC3,930.9816,2.9689412
DC3,935.51556,2.971051
DC3,938.5531,2.9724588
DC3,931.05365,2.9689746
DC3,933.54456,2.970135
DC3,929.3542,2.9681814
DC3,929.59576,2.9682941
DC3,935.4982,2.9710429
DC3,931.9405,2.9693882
DC3,928.34985,2.9677117
DC3,926.24445,2.9667256
DC3,936.17676,2.9713578
DC3,941.2896,2.9737232
DC3,926.071,2.9666443
DC3,943.44586,2.974717
DC3,925.16754,2.9662204
DC3,928.7418,2.967895
DC3,945.6519,2.9757314
DC3,931.14874,2.9690192
DC3,929.626,2.9683082
DC3,941.51587,2.9738276
DC3,925.11426,2.9661953
DC3,925.0542,2.9661672
DC3,926.0709,2.9666443
DC3,927.0248,2.9670913
DC3,931.1559,2.9690223
DC3,944.26935,2.975096
DC3,944.0495,2.9749947
DC3,941.87177,2.9739919
DC3,931.071,2.9689827
DC3,926.4222,2.966809
DC3,926.75006,2.9669626
DC3,927.49805,2.967313
DC3,932.23755,2.9695265
DC3,927.0427,2.9670997
DC3,933.4205,2.9700773
DC3,937.19275,2.971829
DC3,923.2856,2.965336
DC3,931.8019,2.9693236
DC3,936.0859,2.9713156
DC3,935.8721,2.9712164
DC3,942.0277,2.9740636
DC3,937.5819,2.9720092
DC3,926.49817,2.9668446
DC3,933.2543,2.97
DC3,935.4431,2.9710174
DC3,934.58344,2.970618
DC3,927.5188,2.9673228
DC3,935.849,2.9712057
DC3,948.4575,2.9770179
DC3,928.97015,2.9680018
DC3,926.1516,2.9666822
DC3,923.27234,2.96533
DC3,934.9846,2.9708045
DC3,950.53235,2.9779668
DC3,924.6098,2.9659586
DC3,927.35626,2.9672465
DC3,955.2554,2.9801195
DC3,937.58545,2.9720109
DC3,942.4144,2.974242
DC3,926.74506,2.9669602
DC3,923.7108,2.965536
DC3,930.67865,2.9687998
DC3,923.67065,2.965517
DC3,925.3177,2.966291
DC3,938.4591,2.9724154
DC3,936.3623,2.971444
DC3,929.00867,2.9680197
DC3,925.9262,2.9665763
DC3,928.7294,2.967889
DC3,928.03046,2.9675622
DC3,927.01685,2.9670875
DC3,927.83435,2.9674704
DC3,926.6683,2.9669242
DC3,926.56226,2.9668746
DC3,928.79285,2.9679189
DC3,926.2138,2.9667113
DC3,925.90436,2.966566
DC3,939.82355,2.9730463
DC3,935.42596,2.9710095
DC3,929.4391,2.968221
DC3,922.3806,2.9649103
DC3,925.2742,2.9662704
DC3,940.34296,2.9732864
DC3,928.18536,2.9676347
DC3,932.2027,2.9695103
DC3,923.4542,2.9654155
DC3,931.5062,2.9691858
DC3,939.966,2.973112
DC3,925.877,2.9665532
DC3,922.5038,2.9649682
DC3,931.30316,2.9690912
DC3,936.42975,2.9714751
DC3,935.7954,2.971181
DC3,931.8477,2.9693449
DC3,930.1723,2.9685633
DC3,934.36804,2.9705179
DC3,935.5189,2.9710526
DC3,946.71985,2.9762216
DC3,935.49817,2.9710429
DC3,928.1936,2.9676385
DC3,922.55334,2.9649916
DC3,929.00085,2.9680161
DC3,926.6015,2.966893
DC3,936.4788,2.971498
DC3,938.8467,2.9725947
DC3,939.75995,2.973017
DC3,910.3907,2.9592278
DC3,933.4907,2.97011
DC3,936.8362,2.9716637
DC3,928.1673,2.9676263
DC3,931.8495,2.9693458
DC3,924.8502,2.9660714
DC3,934.51697,2.9705873
DC3,929.606,2.968299
DC3,933.67633,2.9701962
DC3,935.6631,2.9711194
DC3,926.4167,2.9668064
DC3,922.7623,2.9650898
DC3,941.21716,2.9736898
DC3,919.10156,2.9633634
DC3,920.4014,2.9639773
DC3,925.4801,2.966367
DC3,932.0275,2.9694288
DC3,935.4872,2.9710379
DC3,941.7979,2.9739578
DC3,929.62256,2.9683065
DC3,943.24725,2.9746256
DC3,934.8694,2.970751
DC3,918.3585,2.9630122
DC3,930.1429,2.9685497
DC3,930.3645,2.9686532
DC3,924.99274,2.9661384
DC3,930.47864,2.9687064
DC3,936.57983,2.9715447
DC3,927.24585,2.9671948
DC3,937.8828,2.9721487
DC3,926.96277,2.9670622
DC3,924.4672,2.9658916
DC3,934.23987,2.9704585
DC3,927.27765,2.9672098
DC3,934.36273,2.9705155
DC3,924.3535,2.9658382
DC3,933.2396,2.969993
DC3,931.0907,2.968992
DC3,922.0776,2.9647675
DC3,937.58966,2.9720128
DC3,928.05145,2.967572
DC3,932.1627,2.9694917
DC3,934.459,2.9705603
DC3,945.7356,2.9757698
DC3,948.2751,2.9769344
DC3,923.23206,2.9653108
DC3,930.6538,2.9687881
DC3,924.8211,2.9660578
DC3,927.1852,2.9671664
DC3,940.4789,2.973349
DC3,925.4027,2.9663308
DC3,920.587,2.9640648
DC3,932.9667,2.969866
DC3,929.05194,2.96804
DC3,933.4458,2.9700892
DC3,943.3339,2.9746654
DC3,944.98346,2.9754243
DC3,926.3318,2.9667666
DC3,931.23737,2.9690604
DC3,931.5642,2.9692128
DC3,928.1448,2.9676158
DC3,928.0119,2.9675536
DC3,923.6168,2.9654918
DC3,930.4373,2.968687
DC3,931.2415,2.9690623
DC3,919.9116,2.963746
DC3,937.44244,2.9719446
DC3,920.18866,2.963877
DC3,923.00635,2.9652047
DC3,935.06165,2.9708402
DC3,918.84564,2.9632425
DC3,930.5153,2.9687235
DC3,936.01996,2.971285
DC3,936.6112,2.9715593
DC3,932.6605,2.9697237
DC3,930.2014,2.968577
DC3,931.257,2.9690695
DC3,925.99744,2.9666097
DC3,935.7935,2.97118
DC3,924.7775,2.9660373
DC3,939.58356,2.9729354
DC3,933.81604,2.9702613
DC3,923.97473,2.96566
DC3,921.2281,2.9643672
DC3,932.96814,2.9698668
DC3,938.2086,2.9722993
DC3,945.0311,2.9754462
DC3,940.5871,2.973399
DC3,933.046,2.969903
DC3,931.74036,2.969295
DC3,919.3261,2.9634695
DC3,937.6589,2.972045
DC3,921.97095,2.9647171
DC3,926.95544,2.967059
DC3,924.7277,2.966014
DC3,936.7751,2.9716353
DC3,925.3659,2.9663136
DC3,924.92645,2.9661071
DC3,933.428,2.9700809
DC3,919.8374,2.963711
DC3,925.8944,2.9665616
DC3,928.617,2.9678366
DC3,927.226,2.9671855
DC3,926.1406,2.966677
DC3,929.26263,2.9681385
DC3,930.2572,2.9686031
DC3,939.22205,2.9727683
DC3,929.10254,2.9680636
DC3,940.03314,2.973143
DC3,920.42944,2.9639904
DC3,924.24567,2.9657874
DC3,923.3915,2.965386
DC3,937.0209,2.9717493
DC3,943.78925,2.974875
DC3,943.14655,2.974579
DC3,934.7846,2.9707115
DC3,930.1726,2.9685636
DC3,919.31635,2.963465
DC3,928.6926,2.967872
DC3,931.5022,2.969184
DC3,928.01654,2.9675558
DC3,925.1733,2.966223
DC3,925.8884,2.9665587
DC3,927.9354,2.9675179
DC3,937.5664,2.972002
DC3,915.165,2.9614995
DC3,939.48706,2.9728909
DC3,926.7116,2.9669447
DC3,929.7378,2.9683604
DC3,925.1002,2.9661887
DC3,934.9529,2.9707897
DC3,931.70044,2.9692762
DC3,930.5025,2.9687176
DC3,929.36633,2.9681869
DC3,923.31323,2.965349
DC3,939.41364,2.9728568
DC3,933.8713,2.970287
DC3,933.24493,2.9699957
DC3,930.41315,2.9686759
DC3,932.77814,2.9697783
DC3,925.567,2.9664078
DC3,926.48615,2.9668388
DC3,948.5945,2.9770806
DC3,927.9536,2.9675262
DC3,926.4157,2.966806
DC3,935.36487,2.9709811
DC3,938.2223,2.9723058
DC3,929.6894,2.9683378
DC3,933.5415,2.9701335
DC3,931.7807,2.9693136
DC3,924.1319,2.965734
DC3,932.6313,2.9697099
DC3,924.4921,2.9659033
DC3,938.4032,2.9723895
DC3,937.17926,2.9718227
DC3,941.31244,2.973734
DC3,933.16437,2.969958
DC3,940.1627,2.973203
DC3,926.0349,2.9666274
DC3,921.2684,2.9643862
DC3,930.36005,2.968651
DC3,932.61584,2.9697027
DC3,919.45197,2.963529
DC3,932.26465,2.9695392
DC3,924.16974,2.9657516
DC3,931.81934,2.9693317
DC3,915.37756,2.9616003
DC3,926.85455,2.9670117
DC3,918.28357,2.962977
DC3,927.70636,2.9674106
DC3,929.0961,2.9680607
DC3,920.7168,2.964126
DC3,934.06824,2.9703786
DC3,927.3762,2.967256
DC3,924.3096,2.9658175
DC3,929.9013,2.968437
DC3,931.6417,2.969249
DC3,929.4476,2.968225
DC3,921.5183,2.964504
DC3,934.7386,2.9706903
DC3,929.71466,2.9683497
DC3,931.6942,2.9692733
DC3,932.7409,2.9697611
DC3,927.0546,2.9671054
DC3,925.992,2.9666073
DC3,926.171,2.9666913
DC3,933.92737,2.970313
DC3,935.68097,2.9711277
DC3,927.7331,2.967423
DC3,935.6914,2.9711328
DC3,923.06287,2.9652312
DC3,939.3357,2.9728208
DC3,930.59515,2.9687607
DC3,933.90466,2.9703026
DC3,937.0509,2.9717631
DC3,937.5373,2.9719884
DC3,942.54816,2.9743035
DC3,941.41785,2.9737825
DC3,941.821,2.9739683
DC3,933.37,2.970054
DC3,930.92706,2.9689157
DC3,949.3545,2.9774284
DC3,918.781,2.963212
DC3,934.5864,2.9706194
DC3,931.4017,2.969137
DC3,921.3899,2.9644434
DC3,935.492,2.97104
DC3,921.3333,2.9644167
DC3,915.8463,2.9618225
DC3,939.16876,2.9727437
DC3,932.509,2.9696531
DC3,932.82654,2.969801
DC3,927.5951,2.9673584
DC3,937.5685,2.972003
DC3,931.27765,2.9690793
DC3,939.64777,2.972965
DC3,920.60706,2.9640744
DC3,936.74786,2.9716227
DC3,940.7477,2.973473
DC3,929.6233,2.968307
DC3,925.608,2.966427
DC3,945.0528,2.975456
DC3,935.5412,2.971063
DC3,927.2336,2.967189
DC3,934.9423,2.970785
DC3,930.50543,2.968719
DC3,937.9702,2.972189
DC3,913.01605,2.9604783
DC3,913.3814,2.960652
DC3,930.8855,2.9688962
DC3,918.5741,2.9631143
DC3,924.0765,2.965708
DC3,932.6849,2.969735
DC3,915.7673,2.961785
DC3,926.57294,2.9668796
DC3,921.9262,2.9646962
DC3,910.11554,2.9590964
DC3,927.5682,2.967346
DC3,920.016,2.9637954
DC3,926.4695,2.9668312
DC3,920.1187,2.9638438
DC3,929.3818,2.9681942
DC3,923.1881,2.9652903
DC3,910.33936,2.9592032
DC3,909.8643,2.9589767
DC3,919.7822,2.963685
DC3,913.3237,2.9606247
DC3,932.3531,2.9695804
DC3,913.9722,2.960933
DC3,941.98566,2.9740443
DC3,917.7888,2.9627428
DC3,907.2576,2.9577305
DC3,922.2296,2.964839
DC3,910.9404,2.95949
DC3,922.32556,2.9648843
DC3,935.4233,2.971008
DC3,915.6682,2.961738
DC3,932.60944,2.9696999
DC3,924.04785,2.9656944
DC3,913.54156,2.9607284
DC3,920.68134,2.9641094
DC3,914.2957,2.9610868
DC3,915.98987,2.9618907
DC3,925.4862,2.9663699
DC3,921.0703,2.9642928
DC3,916.32446,2.9620492
DC3,915.05646,2.961448
DC3,930.4752,2.9687047
DC3,928.57056,2.967815
DC3,914.75903,2.9613068
DC3,931.94995,2.9693925
DC3,910.9207,2.9594805
DC3,922.962,2.9651837
DC3,916.6397,2.9621987
DC3,929.7194,2.9683518
DC3,930.11884,2.9685385
DC3,914.09155,2.9609897
DC3,920.99493,2.9642572
DC3,927.8792,2.9674914
DC3,943.5785,2.974778
DC3,917.62744,2.9626665
DC3,928.2358,2.9676583
DC3,925.80194,2.9665182
DC3,927.94525,2.9675224
DC3,918.1056,2.9628925
DC3,930.98267,2.9689417
DC3,924.9557,2.966121
DC3,920.1522,2.9638598
DC3,918.46893,2.9630644
DC3,931.912,2.969375
DC3,921.11365,2.9643133
DC3,931.40497,2.9691386
DC3,925.1018,2.9661896
DC3,923.4349,2.9654062
DC3,913.126,2.9605308
DC3,923.3322,2.965358
DC3,928.28357,2.9676807
DC3,914.8708,2.9613597
DC3,938.1556,2.9722748
DC3,912.23505,2.9601068
DC3,913.12384,2.9605296
DC3,922.75494,2.9650865
DC3,910.3729,2.9592192
DC3,935.05786,2.9708385
DC3,927.44385,2.9672875
DC3,916.8757,2.9623106
DC3,927.05615,2.967106
DC3,930.7386,2.9688277
DC3,914.4886,2.9611783
DC3,914.8947,2.9613712
DC3,924.5294,2.9659207
DC3,923.876,2.9656136
DC3,909.9427,2.959014
DC3,917.0509,2.9623935
DC3,921.76227,2.964619
DC3,932.8329,2.9698038
DC3,906.7966,2.9575098
DC3,925.7506,2.966494
DC3,925.1527,2.9662135
DC3,925.16797,2.9662206
DC3,923.9512,2.9656491
DC3,943.95325,2.9749506
DC3,918.5155,2.9630866
DC3,921.53613,2.9645123
DC3,917.5263,2.9626186
DC3,929.0829,2.9680545
DC3,914.231,2.961056
DC3,933.3129,2.9700272
DC3,923.8386,2.9655962
DC3,917.9072,2.9627988
DC3,928.63837,2.9678466
DC3,925.99133,2.9666069
DC3,922.44684,2.9649413
DC3,914.42377,2.9611475
DC3,928.50476,2.9677842
DC3,935.99146,2.971272
DC3,927.09015,2.967122
DC3,916.05676,2.9619224
DC3,920.8564,2.964192
DC3,922.9404,2.9651737
DC3,925.8351,2.9665337
DC3,929.6675,2.9683275
DC3,927.20984,2.967178
DC3,921.82837,2.9646502
DC3,918.7968,2.9632194
DC3,929.83887,2.9684076
DC3,916.9683,2.9623544
DC3,931.5963,2.9692278
DC3,919.6069,2.9636023
DC3,916.7497,2.9622507
DC3,927.97394,2.9675357
DC3,911.2738,2.9596488
DC3,930.41583,2.968677
DC3,914.3495,2.9611123
DC3,931.5565,2.9692092
DC3,933.2502,2.9699981
DC3,925.52466,2.966388
DC3,921.0516,2.964284
DC3,922.2964,2.9648705
DC3,916.15326,2.9619682
DC3,916.9325,2.9623373
DC3,909.12006,2.9586213
DC3,922.2997,2.9648721
DC3,924.0753,2.9657073
DC3,923.3642,2.965373
DC3,925.8934,2.966561
DC3,912.28796,2.960132
DC3,935.10046,2.9708583
DC3,925.15643,2.9662151
DC3,929.27026,2.968142
DC3,936.3659,2.9714456
DC3,933.4704,2.9701006
DC3,929.2806,2.9681468
DC3,914.2687,2.9610739
DC3,937.77496,2.9720986
DC3,914.9895,2.961416
DC3,913.3317,2.9606285
DC3,916.99054,2.962365
DC3,929.10065,2.9680629
DC3,922.29144,2.964868
DC3,918.6884,2.9631681
DC3,915.0761,2.9614573
DC3,923.3416,2.9653623
DC3,909.39404,2.9587522
DC3,914.5754,2.9612195
DC3,921.08075,2.9642978
DC3,917.9625,2.962825
DC3,911.38324,2.959701
DC3,921.36957,2.964434
DC3,912.2907,2.9601333
DC3,912.1825,2.9600818
DC3,909.55023,2.9588268
DC3,923.3458,2.9653645
DC3,913.54443,2.9607296
DC3,923.75433,2.9655564
DC3,934.49554,2.9705772
DC3,914.8607,2.961355
DC3,909.70654,2.9589014
DC3,933.81104,2.970259
DC3,924.50525,2.9659095
DC3,920.2008,2.9638827
DC3,917.47736,2.9625955
DC3,923.1523,2.9652734
DC3,925.1517,2.966213
DC3,929.55145,2.9682734
DC3,933.27594,2.97001
DC3,913.6206,2.9607658
DC3,915.9279,2.9618614
DC3,939.723,2.9729998
DC3,919.48804,2.963546
DC3,929.9331,2.9684517
DC3,918.99695,2.963314
DC3,917.8549,2.962774
DC3,922.90216,2.9651556
DC3,924.40674,2.965863
DC3,910.66693,2.9593596
DC3,927.8913,2.967497
DC3,909.3814,2.958746
DC3,933.0418,2.969901
DC3,913.05084,2.960495
DC3,927.3984,2.9672663
DC3,917.71576,2.9627082
DC3,934.5024,2.9705803
DC3,913.25726,2.9605932
DC3,921.7343,2.9646058
DC3,913.55505,2.9607346
DC3,930.7056,2.9688122
DC3,917.2575,2.9624913
DC3,918.8098,2.9632256
DC3,928.71423,2.9678822
DC3,924.7225,2.9660115
DC3,919.8358,2.9637103
DC3,922.9904,2.965197
DC3,904.4208,2.9563706
DC3,916.1586,2.9619706
DC3,923.1001,2.9652488
DC3,920.77246,2.9641523
DC3,922.1794,2.9648154
DC3,924.9147,2.9661016
DC3,915.23145,2.961531
DC3,915.0142,2.961428
DC3,934.02966,2.9703608
DC3,922.8752,2.965143
DC3,917.8679,2.9627802
DC3,923.8576,2.965605
DC3,924.0993,2.9657187
DC3,920.9927,2.9642563
DC3,922.5314,2.964981
DC3,916.85114,2.9622989
DC3,917.1923,2.9624605
DC3,932.7388,2.96976
DC3,916.46344,2.962115
DC3,918.12823,2.9629033
DC3,936.55414,2.9715328
DC3,912.1543,2.9600682
DC3,941.8401,2.973977
DC3,918.80023,2.963221
DC3,909.8502,2.9589698
DC3,914.27216,2.9610755
DC3,918.056,2.9628692
DC3,923.9361,2.965642
DC3,922.8612,2.9651363
DC3,907.746,2.9579644
DC3,914.7611,2.9613078
DC3,906.80206,2.9575126
DC3,916.5424,2.9621525
DC3,921.4008,2.9644487
DC3,932.87006,2.9698212
DC3,931.1467,2.9690182
DC3,916.0518,2.96192
DC3,939.1748,2.9727464
DC3,915.3275,2.9615765
DC3,929.2936,2.968153
DC3,928.09344,2.9675918
DC3,906.31976,2.9572814
DC3,933.1994,2.9699745
DC3,929.4554,2.9682286
DC3,925.7776,2.9665067
DC3,921.22516,2.9643657
DC3,919.9025,2.9637418
DC3,923.2301,2.9653099
DC3,913.7899,2.9608464
DC3,930.91675,2.968911
DC3,927.48804,2.9673083
DC3,931.1296,2.96901
DC3,914.0162,2.960954
DC3,922.2164,2.9648328
DC3,920.1335,2.9638507
DC3,935.685,2.9711297
DC3,928.7706,2.9679084
DC3,915.24,2.961535
DC3,922.1167,2.9647858
DC3,929.91187,2.9684417
DC3,924.61896,2.965963
DC3,922.0255,2.964743
DC3,935.5865,2.9710839
DC3,918.2595,2.9629655
DC3,922.0031,2.9647324
DC3,911.7244,2.9598637
DC3,932.7413,2.9697611
DC3,930.5229,2.968727
DC3,925.11993,2.966198
DC3,925.0297,2.9661558
DC3,931.9638,2.969399
DC3,925.759,2.966498
DC3,920.0999,2.963835
DC3,922.30865,2.9648762
DC3,930.60767,2.9687667
DC3,911.81555,2.959907
DC3,929.285,2.968149
DC3,912.8276,2.9603887
DC3,934.204,2.9704418
DC3,935.23895,2.9709225
DC3,923.8874,2.965619
DC3,928.0006,2.9675484
DC3,944.30347,2.9751115
DC3,913.821,2.9608612
DC3,922.6035,2.9650152
DC3,920.19086,2.963878
DC3,928.383,2.9677272
DC3,932.077,2.969452
DC3,930.99866,2.968949
DC3,933.1857,2.969968
DC3,919.9533,2.9637659
DC3,927.6073,2.967364
DC3,932.5939,2.9696925
DC3,923.8404,2.965597
DC3,921.5261,2.9645076
DC3,938.2422,2.972315
DC3,931.6121,2.9692352
DC3,913.57574,2.9607446
DC3,918.5237,2.9630904
DC3,909.1141,2.9586184
DC3,935.8871,2.9712234
DC3,907.55457,2.9578726
DC3,932.33655,2.9695728
DC3,934.3154,2.9704936
DC3,917.7013,2.9627013
DC3,926.20905,2.9667091
DC3,909.2877,2.9587014
DC3,915.5552,2.9616845
DC3,933.2785,2.9700112
DC3,929.9256,2.9684482
DC3,924.51953,2.9659162
DC3,935.6699,2.9711227
DC3,913.4,2.960661
DC3,929.86896,2.9684217
DC3,921.13574,2.9643235
DC3,918.4165,2.9630396
DC3,923.91785,2.9656334
DC3,924.0237,2.965683
DC3,917.34436,2.9625323
DC3,930.983,2.9689417
DC3,919.857,2.9637203
DC3,930.79224,2.9688528
DC3,930.4813,2.9687076
DC3,936.2058,2.9713714
DC3,936.4908,2.9715035
DC3,913.4179,2.9606695
DC3,912.13416,2.9600587
DC3,916.8988,2.9623215
DC3,912.7301,2.9603424
DC3,917.2453,2.9624856
DC3,912.3037,2.9601395
DC3,925.37695,2.9663186
DC3,926.7187,2.966948
DC3,912.1134,2.960049
DC3,920.11475,2.963842
DC3,926.33923,2.9667702
DC3,928.66095,2.9678571
DC3,935.72705,2.9711492
DC3,924.43274,2.9658754
DC3,941.5525,2.9738445
DC3,912.4496,2.960209
DC3,922.55066,2.9649901
DC3,920.1146,2.963842
DC3,926.56775,2.9668772
DC3,924.85583,2.966074
DC3,912.9379,2.9604414
DC3,916.72656,2.9622397
DC3,933.10736,2.9699316
DC3,913.1067,2.9605215
DC3,916.5531,2.9621577
DC3,920.2645,2.9639127
DC3,910.5043,2.959282
DC3,919.3579,2.9634845
DC3,910.6338,2.9593437
DC3,926.8493,2.967009
DC3,931.64307,2.9692495
DC3,916.0271,2.9619083
DC3,932.0452,2.969437
DC3,928.2642,2.9676716
DC3,922.23627,2.964842
DC3,920.97345,2.9642472
DC3,920.00323,2.9637895
DC3,932.66327,2.969725
DC3,918.00183,2.9628437
DC3,918.9804,2.9633062
DC3,911.8993,2.9599469
DC3,930.07764,2.9685192
DC3,922.3404,2.9648912
DC3,927.59406,2.9673579
DC3,909.728,2.9589117
DC3,918.88806,2.9632626
DC3,928.92584,2.967981
DC3,916.8354,2.9622915
DC3,916.73157,2.9622421
DC3,911.76263,2.9598818
DC3,920.3187,2.9639382
DC3,919.6369,2.9636164
DC3,923.2645,2.965326
DC3,917.2453,2.9624856
DC3,917.15326,2.962442
DC3,914.0644,2.9609768
DC3,918.61316,2.9631326
DC3,917.5807,2.9626443
DC3,930.6089,2.9687672
DC3,933.3112,2.9700265
DC3,920.75726,2.9641452
DC3,919.7363,2.9636633
DC3,912.6803,2.9603186
DC3,918.8738,2.963256
DC3,929.84155,2.968409
DC3,920.8944,2.9642098
DC3,913.22754,2.960579
DC3,917.8829,2.9627872
DC3,929.6533,2.968321
DC3,910.02057,2.9590511
DC3,927.3897,2.9672623
DC3,932.79175,2.9697847
DC3,920.71735,2.9641263
DC3,925.2891,2.9662774
DC3,920.42786,2.9639897
DC3,911.8951,2.959945
DC3,922.0753,2.9647665
DC3,909.66437,2.9588811
DC3,926.4729,2.9668326
DC3,927.3787,2.967257
DC3,904.2348,2.9562812
DC3,921.32935,2.9644148
DC3,906.6717,2.9574502
DC3,917.5759,2.962642
DC3,928.8336,2.967938
DC3,915.55255,2.9616833
DC3,939.5238,2.9729078
DC3,927.6002,2.9673607
DC3,910.92377,2.959482
DC3,920.0263,2.9638002
DC3,917.6333,2.9626691
DC3,920.0782,2.9638247
DC3,923.0666,2.965233
DC3,920.2092,2.9638865
DC3,922.6776,2.96505
DC3,922.4637,2.9649494
DC3,919.92633,2.963753
DC3,928.8343,2.9679382
DC3,938.57794,2.9724703
DC3,920.197,2.9638808
DC3,924.9909,2.9661374
DC3,914.07745,2.960983
DC3,908.83563,2.9584854
DC3,917.75055,2.9627247
DC3,933.8744,2.9702885
DC3,929.5873,2.96829
DC3,912.718,2.9603367
DC3,917.6693,2.9626863
DC3,923.2576,2.965323
DC3,917.16376,2.962447
DC3,919.5555,2.963578
DC3,918.3017,2.9629853
DC3,915.12,2.961478
DC3,935.404,2.9709992
DC3,919.15686,2.9633896
DC3,909.1553,2.958638
DC3,915.2528,2.9615412
DC3,908.34344,2.95825
DC3,912.65796,2.960308
DC3,931.905,2.9693716
DC3,923.4438,2.9654105
DC3,919.50604,2.9635546
DC3,923.8481,2.9656005
DC3,920.70233,2.9641192
DC3,930.69244,2.9688063
DC3,925.64545,2.9664447
DC3,924.7317,2.9660158
DC3,918.1312,2.9629047
DC3,920.598,2.96407
DC3,921.87823,2.9646735
DC3,926.8942,2.9670303
DC3,915.09686,2.961467
DC3,920.38806,2.963971
DC3,919.9647,2.963771
DC3,935.1624,2.970887
DC3,930.4869,2.9687102
DC3,912.0079,2.9599986
DC3,930.3963,2.968668
DC3,920.60187,2.9640718
DC3,925.7368,2.9664876
DC3,930.39026,2.9686651
DC3,926.53625,2.9668624
DC3,921.7951,2.9646344
DC3,927.3944,2.9672644
DC3,916.79706,2.9622731
DC3,915.4167,2.961619
DC3,932.6083,2.9696994
DC3,919.6155,2.9636064
DC3,917.90533,2.9627979
DC3,915.6984,2.9617524
DC3,910.132,2.9591043
DC3,908.9039,2.958518
DC3,926.5727,2.9668796
DC3,928.4792,2.9677722
DC3,929.1494,2.9680855
DC3,920.6792,2.9641082
DC3,929.47125,2.968236
DC3,937.2327,2.9718475
DC3,918.921,2.9632783
DC3,930.37415,2.9686577
DC3,940.4476,2.9733346
DC3,927.2016,2.967174
DC3,936.2069,2.971372
DC3,931.33527,2.969106
DC3,929.8116,2.968395
DC3,929.8929,2.968433
DC3,921.41754,2.9644566
DC3,919.96674,2.963772
DC3,930.3956,2.9686677
DC3,926.87756,2.9670224
DC3,942.41223,2.974241
DC3,928.3727,2.9677224
DC3,939.84985,2.9730585
DC3,913.4577,2.9606884
DC3,934.0537,2.970372
DC3,923.78577,2.9655712
DC3,917.3463,2.9625332
DC3,912.5406,2.9602523
DC3,929.3946,2.9682002
DC3,924.9189,2.9661036
DC3,930.7588,2.9688373
DC3,925.0365,2.9661589
DC3,938.3773,2.9723775
DC3,916.2521,2.962015
DC3,935.09644,2.9708564
DC3,922.5465,2.9649882
DC3,931.06665,2.9689808
DC3,916.56244,2.962162
DC3,917.427,2.9625716
DC3,923.3563,2.9653692
DC3,923.6367,2.9655013
DC3,935.0929,2.9708548
DC3,918.46466,2.9630625
DC3,912.3234,2.9601488
DC3,917.9256,2.9628074
DC3,917.94635,2.9628172
DC3,914.5783,2.961221
DC3,914.9305,2.961388
DC3,933.4656,2.9700983
DC3,925.6903,2.9664657
DC3,927.18494,2.9671664
DC3,924.2257,2.965778
DC3,915.8176,2.961809
DC3,916.53375,2.9621484
DC3,931.8845,2.969362
DC3,918.0763,2.9628787
DC3,914.55707,2.9612107
DC3,913.07306,2.9605055
DC3,923.8671,2.9656096
DC3,920.209,2.9638865
DC3,916.417,2.962093
DC3,914.3955,2.9611342
DC3,912.24023,2.9601092
DC3,918.2078,2.962941
DC3,915.0193,2.9614303
DC3,925.53455,2.9663925
DC3,929.7643,2.9683728
DC3,915.8734,2.9618354
DC3,939.64496,2.9729638
DC3,915.6006,2.9617062
DC3,918.81055,2.963226
DC3,918.5407,2.9630985
DC3,904.0867,2.9562101
DC3,926.41705,2.9668067
DC3,928.81573,2.9679296
DC3,928.5637,2.9678118
DC3,924.2644,2.9657962
DC3,916.8284,2.9622881
DC3,933.5543,2.9701395
DC3,932.981,2.9698727
DC3,933.30634,2.970024
DC3,916.9095,2.9623265
DC3,916.71216,2.962233
DC3,924.83594,2.9660647
DC3,921.762,2.964619
DC3,921.6327,2.964558
DC3,916.9381,2.96234
DC3,924.94135,2.9661143
DC3,918.03345,2.9628584
DC3,925.61145,2.9664288
DC3,928.6122,2.9678345
DC3,930.96735,2.9689345
DC3,920.0159,2.9637954
DC3,920.8734,2.9642
DC3,920.4934,2.9640207
DC3,925.235,2.966252
DC3,933.6833,2.9701996
DC3,925.71155,2.9664757
DC3,926.8005,2.9669862
DC3,917.57263,2.9626405
DC3,937.25397,2.9718573
DC3,928.08374,2.9675872
DC3,914.8958,2.9613717
DC3,922.35254,2.964897
DC3,914.8663,2.9613576
DC3,917.2863,2.9625049
DC3,925.4067,2.9663327
DC3,918.68616,2.9631672
DC3,935.21735,2.9709125
DC3,934.22876,2.9704533
DC3,912.7204,2.9603376
DC3,924.67944,2.9659913
DC3,919.6047,2.963601
DC3,928.52484,2.9677935
DC3,929.4339,2.9682186
DC3,934.47736,2.970569
DC3,917.13446,2.962433
DC3,931.76373,2.9693058
DC3,918.08203,2.9628816
DC3,904.92163,2.956611
DC3,927.72473,2.9674191
DC3,916.91626,2.9623296
DC3,919.1941,2.9634073
DC3,931.9213,2.9693792
DC3,928.8924,2.9679654
DC3,916.5428,2.9621527
DC3,929.7191,2.9683518
DC3,920.79974,2.9641652
DC3,911.55176,2.9597814
DC3,924.74066,2.9660199
DC3,919.3319,2.9634724
DC3,916.0391,2.961914
DC3,931.4612,2.9691648
DC3,935.1544,2.9708834
DC3,927.70715,2.9674108
DC3,933.1738,2.9699626
DC3,917.6534,2.9626787
DC3,919.5148,2.9635587
DC3,913.93085,2.9609134
DC3,913.11505,2.9605255
DC3,910.61847,2.9593365
DC3,933.4149,2.9700747
DC3,922.1982,2.9648242
DC3,913.0742,2.960506
DC3,910.5617,2.9593093
DC3,920.03986,2.9638066
DC3,926.31323,2.9667578
DC3,922.26324,2.964855
DC3,927.56287,2.9673433
DC3,929.2253,2.968121
DC3,917.2146,2.962471
DC3,930.3727,2.968657
DC3,916.99194,2.9623656
DC3,921.8691,2.9646692
DC3,919.0013,2.9633162
DC3,917.29224,2.9625077
DC3,918.92426,2.9632797
DC3,919.65656,2.9636257
DC3,913.57745,2.9607453
DC3,915.59564,2.9617038
DC3,908.52277,2.9583359
DC3,932.3382,2.9695735
DC3,929.60486,2.9682984
DC3,915.51855,2.961667
DC3,932.78284,2.9697804
DC3,927.3774,2.9672565
DC3,919.4994,2.9635515
DC3,901.51624,2.9549735
DC3,915.98486,2.9618883
DC3,914.6832,2.9612708
DC3,926.8494,2.967009
DC3,922.78754,2.9651017
DC3,933.03516,2.969898
DC3,934.90533,2.9707677
DC3,934.0064,2.9703498
DC3,914.3783,2.9611259
DC3,926.62897,2.9669058
DC3,924.2731,2.9658003
DC3,927.50055,2.9673142
DC3,921.64014,2.9645615
DC3,915.7332,2.9617689
DC3,922.0291,2.9647446
DC3,925.7227,2.966481
DC3,925.484,2.966369
DC3,918.19116,2.962933
DC3,926.0491,2.966634
DC3,927.69763,2.9674065
DC3,929.0262,2.968028
DC3,923.38104,2.965381
DC3,918.4728,2.9630663
DC3,923.7108,2.965536
DC3,925.8768,2.9665532
DC3,931.03516,2.968966
DC3,923.245,2.965317
DC3,926.19617,2.966703
DC3,914.03107,2.9609609
DC3,931.43744,2.9691536
DC3,935.16724,2.9708893
DC3,918.3892,2.9630268
DC3,935.1442,2.9708786
DC3,918.612,2.9631321
DC3,920.6632,2.9641008
DC3,934.4135,2.970539
DC3,921.9826,2.9647226
DC3,928.1076,2.9675984
DC3,936.89874,2.9716926
DC3,915.8165,2.9618084
DC3,918.402,2.9630327
DC3,913.4867,2.9607022
DC3,919.9271,2.9637535
DC3,922.5426,2.9649863
DC3,934.11194,2.970399
DC3,936.5819,2.9715457
DC3,933.841,2.970273
DC3,923.51105,2.9654422
DC3,920.33264,2.963945
DC3,918.5098,2.9630837
DC3,922.7923,2.9651039
DC3,921.8417,2.9646564
DC3,921.59766,2.9645414
DC3,923.3716,2.9653766
DC3,927.778,2.9674442
DC3,912.25323,2.9601154
DC3,924.2427,2.965786
DC3,926.7364,2.9669561
DC3,926.2686,2.966737
DC3,926.8721,2.9670198
DC3,932.3566,2.969582
DC3,921.1193,2.964316
DC3,928.9349,2.9679852
DC3,924.55,2.9659305
DC3,927.6809,2.9673986
DC3,918.7802,2.9632115
DC3,927.4325,2.9672823
DC3,939.6702,2.9729755
DC3,923.9039,2.9656267
DC3,917.93243,2.9628108
DC3,912.5553,2.9602592
DC3,929.365,2.9681864
DC3,941.6445,2.973887
DC3,914.57196,2.9612179
DC3,920.8839,2.9642048
DC3,945.5015,2.9756622
DC3,931.9646,2.9693995
DC3,926.35205,2.9667761
DC3,920.43475,2.963993
DC3,914.9569,2.9614007
DC3,926.1636,2.9666877
DC3,916.3595,2.962066
DC3,913.1072,2.9605217
DC3,932.0862,2.969456
DC3,924.24634,2.9657876
DC3,920.1131,2.9638412
DC3,916.5954,2.9621778
DC3,919.7351,2.9636629
DC3,921.8357,2.9646535
DC3,917.08624,2.9624102
DC3,922.4678,2.9649513
DC3,915.0619,2.9614506
DC3,918.3025,2.9629858
DC3,922.0413,2.9647503
DC3,913.7844,2.9608438
DC3,917.3841,2.962551
DC3,933.5918,2.970157
DC3,928.358,2.9677155
DC3,916.5755,2.9621682
DC3,909.6826,2.95889
DC3,917.8551,2.962774
DC3,931.9045,2.9693713
DC3,916.98846,2.962364
DC3,921.808,2.9646404
DC3,916.62164,2.9621902
DC3,924.85834,2.9660752
DC3,924.59143,2.9659498
DC3,916.60376,2.9621816
DC3,911.51227,2.9597626
DC3,925.3169,2.9662905
DC3,931.32446,2.969101
DC3,930.40155,2.9686704
DC3,924.927,2.9661074
DC3,925.1329,2.9662042
DC3,924.35223,2.9658375
DC3,926.10626,2.9666607
DC3,939.77704,2.9730248
DC3,922.50653,2.9649694
DC3,918.6224,2.963137
DC3,913.5944,2.9607534
DC3,920.5398,2.9640427
DC3,921.1537,2.964332
DC3,928.3566,2.9677148
DC3,932.25183,2.9695332
DC3,926.42566,2.9668105
DC3,901.70044,2.9550624
DC3,926.4382,2.9668164
DC3,931.8339,2.9693384
DC3,918.2076,2.962941
DC3,925.1053,2.966191
DC3,917.3573,2.9625385
DC3,927.9504,2.9675248
DC3,921.19183,2.96435
DC3,926.43945,2.9668171
DC3,926.4242,2.96681
DC3,920.56177,2.964053
DC3,911.33655,2.959679
DC3,933.74756,2.9702294
DC3,912.8255,2.9603877
DC3,914.51434,2.9611905
DC3,923.4238,2.9654012
DC3,927.64575,2.9673822
DC3,927.6895,2.9674027
DC3,934.55084,2.970603
DC3,924.21326,2.9657722
DC3,928.7345,2.9678917
DC3,926.8808,2.9670238
DC3,908.1081,2.9581375
DC3,924.4958,2.965905
DC3,923.79193,2.9655743
DC3,915.9599,2.9618764
DC3,919.8433,2.963714
DC3,933.3567,2.9700477
DC3,919.8797,2.963731
DC3,927.64636,2.9673824
DC3,919.27527,2.9634457
DC3,918.73224,2.963189
DC3,921.8278,2.96465
DC3,916.3579,2.9620652
DC3,916.0528,2.9619205
DC3,909.8648,2.958977
DC3,926.9842,2.9670722
DC3,923.0089,2.965206
DC3,914.8787,2.9613636
DC3,928.37256,2.9677222
DC3,922.8837,2.965147
DC3,926.99164,2.9670758
DC3,930.9604,2.9689312
DC3,940.04956,2.9731507
DC3,938.27466,2.97233
DC3,912.18524,2.960083
DC3,921.6501,2.964566
DC3,917.60394,2.9626553
DC3,912.8185,2.9603844
DC3,931.42755,2.969149
DC3,920.2072,2.9638855
DC3,916.07446,2.9619308
DC3,927.313,2.9672263
DC3,921.38477,2.964441
DC3,926.0963,2.9666562
DC3,932.3916,2.9695983
DC3,937.3462,2.9719
DC3,917.7532,2.9627259
DC3,920.6376,2.9640887
DC3,926.10815,2.9666617
DC3,913.3314,2.9606285
DC3,921.0886,2.9643013
DC3,916.7244,2.9622388
DC3,920.1459,2.9638567
DC3,924.60675,2.9659572
DC3,912.4474,2.960208
DC3,937.84735,2.9721322
DC3,911.40216,2.9597101
DC3,914.9406,2.9613929
DC3,933.7896,2.970249
DC3,911.84216,2.9599197
DC3,920.58704,2.9640648
DC3,927.0763,2.9671154
DC3,928.4127,2.967741
DC3,923.3809,2.965381
DC3,926.9344,2.967049
DC3,925.4749,2.9663646
DC3,918.48083,2.9630702
DC3,929.3084,2.96816
DC3,918.7585,2.9632013
DC3,936.6228,2.9715648
DC3,929.8944,2.9684336
DC3,917.0277,2.9623826
DC3,915.6436,2.9617264
DC3,924.4794,2.9658973
DC3,931.28455,2.9690824
DC3,931.4812,2.9691741
DC3,931.86383,2.9693525
DC3,924.41473,2.9658668
DC3,924.5885,2.9659486
DC3,912.1112,2.9600477
DC3,930.2377,2.9685938
DC3,910.1287,2.9591029
DC3,920.39404,2.9639738
DC3,915.431,2.9616256
DC3,929.328,2.968169
DC3,914.762,2.9613082
DC3,916.01965,2.9619048
DC3,928.09265,2.9675913
DC3,909.9626,2.9590235
DC3,918.3155,2.962992
DC3,922.2321,2.9648402
DC3,917.0948,2.9624143
DC3,917.5379,2.962624
DC3,912.49695,2.9602313
DC3,919.3583,2.9634848
DC3,932.514,2.9696553
DC3,921.5339,2.9645114
DC3,930.24945,2.9685993
DC3,917.50305,2.9626076
DC3,919.73816,2.9636643
DC3,914.7508,2.9613028
DC3,918.9787,2.9633055
DC3,933.73364,2.970223
DC3,936.89044,2.9716887
DC3,929.16595,2.9680934
DC3,921.1518,2.9643312
DC3,911.1838,2.959606
DC3,922.2859,2.9648654
DC3,927.3518,2.9672446
DC3,925.2639,2.9662657
DC3,916.1397,2.9619617
DC3,919.648,2.9636216
DC3,921.31323,2.9644072
DC3,933.528,2.9701273
DC3,908.1129,2.95814
DC3,931.1259,2.9690084
DC3,919.7013,2.963647
DC3,913.3609,2.9606423
DC3,922.5037,2.9649682
DC3,926.4331,2.966814
DC3,927.1606,2.967155
DC3,922.23956,2.9648438
DC3,923.4387,2.965408
DC3,914.15564,2.9610202
DC3,929.4182,2.9682112
DC3,928.78766,2.9679165
DC3,926.9491,2.9670558
DC3,921.48126,2.9644866
DC3,921.84406,2.9646575
DC3,924.0513,2.965696
DC3,917.24695,2.9624863
DC3,937.1752,2.9718208
DC3,920.87396,2.9642003
DC3,917.1037,2.9624186
DC3,927.52075,2.9673235
DC3,934.24225,2.9704595
DC3,921.0681,2.9642918
DC3,925.9837,2.9666033
DC3,925.05347,2.9661667
DC3,917.3466,2.9625335
DC3,927.1372,2.967144
DC3,916.26117,2.9620192
DC3,925.6238,2.9664345
DC3,923.86646,2.9656093
DC3,924.76514,2.9660316
DC3,925.6367,2.9664407
DC3,931.463,2.9691656
DC3,915.6786,2.961743
DC3,909.04016,2.958583
DC3,922.1337,2.964794
DC3,923.0929,2.9652455
DC3,911.3199,2.9596708
DC3,927.6642,2.9673908
DC3,920.7669,2.9641497
DC3,925.43024,2.9663436
DC3,907.21533,2.9577103
DC3,917.435,2.9625752
DC3,915.2869,2.9615571
DC3,923.8074,2.9655814
DC3,919.5438,2.9635725
DC3,915.836,2.9618177
DC3,928.4888,2.9677765
DC3,924.11224,2.9657247
DC3,911.8319,2.9599147
DC3,925.5154,2.9663837
DC3,926.0765,2.966647
DC3,917.6422,2.9626734
DC3,914.61755,2.9612396
DC3,927.71124,2.9674127
DC3,920.973,2.964247
DC3,927.40137,2.9672678
DC3,917.6532,2.9626787
DC3,921.31055,2.964406
DC3,918.1621,2.9629195
DC3,917.97656,2.9628315
DC3,927.4523,2.9672916
DC3,923.83356,2.9655938
DC3,921.66046,2.964571
DC3,921.9617,2.9647129
DC3,913.9513,2.960923
DC3,926.9716,2.9670665
DC3,930.26984,2.9686089
DC3,927.6715,2.967394
DC3,927.36096,2.967249
DC3,930.1371,2.9685469
DC3,926.38153,2.96679
DC3,933.44885,2.9700906
DC3,932.84326,2.9698086
DC3,929.17444,2.9680972
DC3,924.73737,2.9660184
DC3,934.58984,2.970621
DC3,905.44946,2.956864
DC3,924.89636,2.966093
DC3,922.87396,2.9651425
DC3,915.75507,2.9617794
DC3,927.83826,2.9674723
DC3,911.85693,2.9599266
DC3,909.27673,2.9586961
DC3,932.20764,2.9695127
DC3,928.5391,2.9678001
DC3,926.9295,2.9670467
DC3,919.69977,2.9636462
DC3,932.33704,2.969573
DC3,917.04156,2.962389
DC3,931.8625,2.9693518
DC3,915.9959,2.9618936
DC3,930.76794,2.9688413
DC3,930.8624,2.9688854
DC3,922.42957,2.9649332
DC3,916.0403,2.9619145
DC3,930.24536,2.9685974
DC3,929.57874,2.9682863
DC3,918.239,2.9629557
DC3,932.8514,2.9698124
DC3,925.6672,2.966455
DC3,933.32404,2.9700325
FSNet,943.8916,2.9749222
FSNet,951.5667,2.9784393
FSNet,918.13794,2.962908
FSNet,946.49225,2.9761171
FSNet,942.7437,2.9743936
FSNet,925.428,2.9663427
FSNet,943.10834,2.9745617
FSNet,962.2617,2.9832933
FSNet,934.5934,2.9706228
FSNet,954.7343,2.9798825
FSNet,928.559,2.9678094
FSNet,930.2305,2.9685905
FSNet,928.4923,2.9677782
FSNet,909.58105,2.9588413
FSNet,952.23016,2.978742
FSNet,962.7478,2.9835126
FSNet,962.6839,2.9834838
FSNet,950.6165,2.9780054
FSNet,941.98346,2.9740434
FSNet,959.42346,2.9820104
FSNet,926.73346,2.966955
FSNet,955.48804,2.9802253
FSNet,925.8429,2.9665372
FSNet,960.0303,2.982285
FSNet,936.0646,2.9713058
FSNet,921.5638,2.9645255
FSNet,941.37335,2.9737618
FSNet,923.8013,2.9655786
FSNet,924.30505,2.9658153
FSNet,946.5453,2.9761415
FSNet,950.55457,2.977977
FSNet,944.75195,2.9753177
FSNet,963.1509,2.9836943
FSNet,934.4029,2.970534
FSNet,936.4736,2.9714956
FSNet,945.8661,2.9758296
FSNet,949.43335,2.9774644
FSNet,941.45074,2.9737976
FSNet,937.8286,2.9721234
FSNet,948.2797,2.9769366
FSNet,956.9979,2.980911
FSNet,933.0691,2.9699137
FSNet,946.3207,2.9760382
FSNet,946.11475,2.9759438
FSNet,939.0231,2.9726763
FSNet,938.7739,2.9725611
FSNet,962.36176,2.9833384
FSNet,917.9337,2.9628112
FSNet,927.9227,2.967512
FSNet,940.9996,2.9735894
FSNet,946.1103,2.9759417
FSNet,924.855,2.9660738
FSNet,925.00653,2.9661448
FSNet,940.27423,2.9732544
FSNet,914.1032,2.9609952
FSNet,935.0842,2.9708507
FSNet,939.6274,2.9729557
FSNet,943.3106,2.9746547
FSNet,938.1328,2.9722643
FSNet,944.8043,2.9753418
FSNet,943.2312,2.9746182
FSNet,943.91833,2.9749343
FSNet,940.6252,2.9734166
FSNet,932.3218,2.9695659
FSNet,930.11383,2.9685361
FSNet,940.3577,2.973293
FSNet,939.992,2.9731243
FSNet,942.57434,2.9743156
FSNet,914.27234,2.9610755
FSNet,939.86383,2.973065
FSNet,937.8911,2.9721525
FSNet,926.7926,2.9669826
FSNet,956.815,2.980828
FSNet,942.4155,2.9742424
FSNet,925.2965,2.966281
FSNet,941.0397,2.973608
FSNet,942.324,2.9742002
FSNet,938.1658,2.9722795
FSNet,940.44574,2.9733338
FSNet,939.91736,2.9730897
FSNet,938.9865,2.9726593
FSNet,959.197,2.9819078
FSNet,957.19745,2.9810016
FSNet,921.9221,2.9646943
FSNet,936.9247,2.9717047
FSNet,930.83093,2.9688709
FSNet,934.0841,2.970386
FSNet,942.52966,2.9742951
FSNet,935.0256,2.9708235
FSNet,950.1161,2.9777768
FSNet,959.85736,2.9822066
FSNet,945.79285,2.975796
FSNet,929.916,2.9684436
FSNet,942.7483,2.9743958
FSNet,930.204,2.968578
FSNet,942.75464,2.9743986
FSNet,967.59265,2.9856925
FSNet,951.9869,2.978631
FSNet,939.7966,2.973034
FSNet,929.0093,2.96802
FSNet,944.114,2.9750245
FSNet,947.00134,2.9763505
FSNet,933.4721,2.9701014
FSNet,935.6747,2.971125
FSNet,935.3788,2.9709876
FSNet,944.72906,2.9753072
FSNet,950.5792,2.9779882
FSNet,945.22327,2.9755344
FSNet,929.6288,2.9683096
FSNet,927.7206,2.9674172
FSNet,931.6006,2.9692297
FSNet,954.6939,2.9798641
FSNet,921.7122,2.9645953
FSNet,946.6806,2.9762034
FSNet,955.9459,2.9804332
FSNet,941.62775,2.9738793
FSNet,931.333,2.969105
FSNet,927.9675,2.9675329
FSNet,927.89,2.9674964
FSNet,941.89044,2.9740005
FSNet,930.4297,2.9686835
FSNet,934.5002,2.9705794
FSNet,937.5657,2.9720018
FSNet,940.0814,2.9731655
FSNet,942.73,2.9743874
FSNet,936.68005,2.9715912
FSNet,945.48364,2.9756541
FSNet,938.501,2.9724348
FSNet,940.6631,2.9734342
FSNet,961.6364,2.983011
FSNet,944.1889,2.9750588
FSNet,926.98425,2.9670722
FSNet,925.9865,2.9666047
FSNet,945.36505,2.9755995
FSNet,951.8546,2.9785707
FSNet,929.01056,2.9680207
FSNet,945.3339,2.9755852
FSNet,930.7959,2.9688544
FSNet,935.21515,2.9709115
FSNet,942.24146,2.974162
FSNet,914.66455,2.9612617
FSNet,931.90753,2.9693727
FSNet,927.3806,2.967258
FSNet,954.14075,2.9796124
FSNet,943.4588,2.9747229
FSNet,928.4688,2.9677672
FSNet,943.6726,2.9748213
FSNet,959.26825,2.98194
FSNet,936.30206,2.971416
FSNet,934.04736,2.9703689
FSNet,956.5304,2.9806988
FSNet,942.5653,2.9743114
FSNet,939.7558,2.973015
FSNet,927.3888,2.9672618
FSNet,951.13727,2.978243
FSNet,927.9949,2.9675455
FSNet,950.57446,2.977986
FSNet,951.1748,2.9782603
FSNet,928.95294,2.9679937
FSNet,929.8401,2.9684083
FSNet,945.8554,2.9758248
FSNet,920.48535,2.964017
FSNet,935.1377,2.9708755
FSNet,931.07056,2.9689827
FSNet,936.5292,2.9715214
FSNet,916.974,2.962357
FSNet,931.5439,2.9692032
FSNet,955.4228,2.9801955
FSNet,927.3202,2.9672296
FSNet,924.18896,2.9657607
FSNet,939.26324,2.9727874
FSNet,938.06506,2.972233
FSNet,932.4202,2.9696116
FSNet,930.6336,2.9687788
FSNet,941.51843,2.9738288
FSNet,950.5397,2.9779704
FSNet,946.1062,2.97594
FSNet,950.5872,2.977992
FSNet,927.6869,2.9674015
FSNet,937.10144,2.9717865
FSNet,951.71265,2.9785058
FSNet,930.03784,2.9685006
FSNet,972.56976,2.9879208
FSNet,945.51733,2.9756694
FSNet,949.8486,2.9776545
FSNet,947.7688,2.9767025
FSNet,941.9175,2.9740129
FSNet,938.5899,2.9724758
FSNet,950.58875,2.9779928
FSNet,933.9694,2.9703326
FSNet,930.5432,2.9687366
FSNet,934.5417,2.9705987
FSNet,957.4433,2.981113
FSNet,934.6337,2.9706414
FSNet,931.78357,2.969315
FSNet,924.2754,2.9658015
FSNet,945.4013,2.9756162
FSNet,961.1629,2.982797
FSNet,960.00336,2.9822729
FSNet,947.32007,2.9764967
FSNet,949.85925,2.9776592
FSNet,920.01245,2.9637938
FSNet,945.24097,2.9755425
FSNet,930.7373,2.968827
FSNet,956.2162,2.980556
FSNet,929.151,2.9680862
FSNet,922.18506,2.964818
FSNet,943.3333,2.9746652
FSNet,942.2761,2.974178
FSNet,947.0342,2.9763656
FSNet,924.66327,2.9659836
FSNet,976.0288,2.9894626
FSNet,935.7781,2.9711728
FSNet,935.65857,2.9711175
FSNet,944.0504,2.9749951
FSNet,944.3478,2.975132
FSNet,939.5571,2.9729233
FSNet,931.5169,2.9691908
FSNet,950.4192,2.9779153
FSNet,954.13336,2.979609
FSNet,949.56824,2.9775262
FSNet,926.6529,2.966917
FSNet,936.9872,2.9717336
FSNet,913.7128,2.9608097
FSNet,945.6751,2.9757419
FSNet,950.7793,2.9780798
FSNet,932.6801,2.9697328
FSNet,930.0887,2.9685245
FSNet,921.70593,2.9645925
FSNet,924.21326,2.9657722
FSNet,930.3887,2.9686644
FSNet,952.55365,2.9788895
FSNet,935.2548,2.9709299
FSNet,949.8971,2.9776766
FSNet,937.3678,2.97191
FSNet,961.46295,2.9829326
FSNet,960.2742,2.9823952
FSNet,946.52515,2.9761322
FSNet,914.55054,2.9612076
FSNet,948.4652,2.9770215
FSNet,936.29236,2.9714115
FSNet,938.11597,2.9722564
FSNet,926.3876,2.9667928
FSNet,917.74316,2.962721
FSNet,927.41815,2.9672756
FSNet,936.43933,2.9714797
FSNet,954.8016,2.9799132
FSNet,945.0995,2.9754775
FSNet,931.7401,2.9692948
FSNet,927.84454,2.9674752
FSNet,952.9914,2.979089
FSNet,925.93536,2.9665806
FSNet,936.5165,2.9715154
FSNet,957.7215,2.9812393
FSNet,958.49207,2.9815886
FSNet,919.2304,2.9634244
FSNet,959.015,2.9818254
FSNet,939.78973,2.9730308
FSNet,926.59845,2.9668915
FSNet,951.2256,2.9782834
FSNet,943.8584,2.974907
FSNet,917.094,2.9624138
FSNet,927.197,2.9671721
FSNet,920.4634,2.9640064
FSNet,924.7898,2.966043
FSNet,959.2121,2.9819148
FSNet,929.1234,2.9680734
FSNet,936.95966,2.971721
FSNet,938.5951,2.9724784
FSNet,930.9348,2.9689193
FSNet,953.204,2.9791858
FSNet,939.11646,2.9727194
FSNet,937.9748,2.972191
FSNet,931.61896,2.9692383
FSNet,946.1312,2.9759514
FSNet,927.692,2.967404
FSNet,937.7852,2.9721034
FSNet,940.1453,2.973195
FSNet,946.38055,2.9760659
FSNet,924.58386,2.9659462
FSNet,941.58496,2.9738595
FSNet,927.7764,2.9674432
FSNet,939.7156,2.9729965
FSNet,920.4324,2.9639919
FSNet,928.31946,2.9676974
FSNet,924.7381,2.9660187
FSNet,945.07874,2.975468
FSNet,944.3119,2.9751155
FSNet,931.34106,2.9691088
FSNet,932.0913,2.9694583
FSNet,934.89246,2.9707615
FSNet,922.0277,2.964744
FSNet,926.88074,2.9670238
FSNet,924.63525,2.9659705
FSNet,916.9385,2.96234
FSNet,925.24744,2.9662578
FSNet,942.5557,2.974307
FSNet,953.77924,2.9794478
FSNet,933.3519,2.9700453
FSNet,928.13855,2.9676127
FSNet,935.4374,2.9710147
FSNet,945.44543,2.9756365
FSNet,961.6448,2.9830146
FSNet,933.6845,2.9702
FSNet,921.54816,2.964518
FSNet,946.7733,2.976246
FSNet,921.9393,2.9647024
FSNet,939.2862,2.9727979
FSNet,921.1847,2.9643466
FSNet,937.84015,2.9721289
FSNet,944.8247,2.9753513
FSNet,937.42017,2.9719343
FSNet,946.61194,2.976172
FSNet,931.4068,2.9691393
FSNet,949.41296,2.9774551
FSNet,938.928,2.9726322
FSNet,933.1802,2.9699655
FSNet,948.83417,2.9771903
FSNet,948.9582,2.977247
FSNet,935.499,2.9710433
FSNet,940.5889,2.9733999
FSNet,946.14105,2.975956
FSNet,962.3753,2.9833446
FSNet,957.16504,2.9809868
FSNet,916.93665,2.9623394
FSNet,938.5678,2.9724658
FSNet,966.6116,2.985252
FSNet,912.0584,2.9600227
FSNet,940.1736,2.973208
FSNet,930.57385,2.968751
FSNet,949.8788,2.9776683
FSNet,960.5349,2.9825132
FSNet,935.6702,2.9711227
FSNet,920.7064,2.964121
FSNet,945.33325,2.975585
FSNet,932.6331,2.9697108
FSNet,934.5614,2.9706078
FSNet,947.2102,2.9764464
FSNet,937.34424,2.971899
FSNet,941.66125,2.9738946
FSNet,925.32654,2.966295
FSNet,961.322,2.982869
FSNet,940.4601,2.9733403
FSNet,939.8408,2.9730544
FSNet,939.18,2.9727488
FSNet,941.16626,2.9736664
FSNet,904.99506,2.9566462
FSNet,946.5009,2.976121
FSNet,939.5314,2.9729114
FSNet,934.80743,2.9707222
FSNet,942.33563,2.9742055
FSNet,948.9862,2.9772599
FSNet,935.3969,2.970996
FSNet,925.4888,2.966371
FSNet,931.4718,2.9691696
FSNet,954.12476,2.9796052
FSNet,928.1029,2.967596
FSNet,922.8832,2.9651468
FSNet,926.2287,2.9667182
FSNet,933.1309,2.9699426
FSNet,930.86255,2.9688857
FSNet,955.04395,2.9800234
FSNet,930.3924,2.968666
FSNet,928.2086,2.9676456
FSNet,937.2118,2.9718378
FSNet,925.55585,2.9664025
FSNet,919.159,2.9633906
FSNet,945.2786,2.97556
FSNet,929.949,2.9684591
FSNet,912.60474,2.9602828
FSNet,956.30676,2.9805973
FSNet,927.1892,2.9671683
FSNet,935.095,2.9708557
FSNet,943.4995,2.9747417
FSNet,929.62006,2.9683056
FSNet,921.9302,2.964698
FSNet,946.0753,2.9759257
FSNet,941.95636,2.9740307
FSNet,950.46094,2.9779344
FSNet,949.25665,2.9773836
FSNet,938.3813,2.9723794
FSNet,951.0116,2.978186
FSNet,937.4395,2.9719431
FSNet,959.4531,2.9820237
FSNet,946.0684,2.9759226
FSNet,972.2516,2.9877787
FSNet,956.3676,2.980625
FSNet,950.81885,2.9780977
FSNet,939.06274,2.9726946
FSNet,942.1479,2.9741192
FSNet,924.4918,2.965903
FSNet,941.34314,2.973748
FSNet,933.41425,2.9700744
FSNet,937.38367,2.9719174
FSNet,948.8031,2.9771762
FSNet,938.45844,2.972415
FSNet,962.89703,2.9835799
FSNet,935.0453,2.9708326
FSNet,939.7977,2.9730344
FSNet,925.98975,2.9666061
FSNet,984.1078,2.9930427
FSNet,923.4115,2.9653952
FSNet,921.0191,2.9642687
FSNet,942.823,2.97443
FSNet,945.96045,2.975873
FSNet,941.43085,2.9737885
FSNet,939.0978,2.9727108
FSNet,946.098,2.9759362
FSNet,944.8658,2.9753702
FSNet,922.7044,2.9650626
FSNet,953.0893,2.9791336
FSNet,949.81726,2.9776402
FSNet,947.4896,2.9765744
FSNet,924.1418,2.9657385
FSNet,934.0188,2.9703555
FSNet,937.74133,2.972083
FSNet,937.0311,2.971754
FSNet,932.47455,2.969637
FSNet,934.7454,2.9706933
FSNet,935.83624,2.9711998
FSNet,934.01117,2.9703522
FSNet,944.61456,2.9752545
FSNet,946.7931,2.9762552
FSNet,952.38934,2.9788146
FSNet,943.74945,2.9748566
FSNet,961.6439,2.9830143
FSNet,952.47675,2.9788544
FSNet,932.2075,2.9695127
FSNet,921.2623,2.9643834
FSNet,944.235,2.97508
FSNet,959.24786,2.9819307
FSNet,927.1903,2.9671688
FSNet,951.7865,2.9785395
FSNet,934.5533,2.9706042
FSNet,930.63806,2.9687808
FSNet,933.3728,2.970055
FSNet,925.98914,2.966606
FSNet,938.51917,2.972443
FSNet,931.94214,2.969389
FSNet,944.94946,2.9754086
FSNet,945.4706,2.975648
FSNet,955.4722,2.9802182
FSNet,941.14056,2.9736545
FSNet,937.8534,2.972135
FSNet,950.03906,2.9777415
FSNet,911.6494,2.959828
FSNet,930.491,2.968712
FSNet,930.15845,2.968557
FSNet,922.38684,2.9649131
FSNet,936.25085,2.9713922
FSNet,929.345,2.9681768
FSNet,931.246,2.9690645
FSNet,925.4806,2.9663672
FSNet,925.17773,2.9662251
FSNet,924.78174,2.9660392
FSNet,934.8059,2.9707215
FSNet,926.87195,2.9670198
FSNet,926.2746,2.9667397
FSNet,944.6372,2.975265
FSNet,944.1608,2.975046
FSNet,933.3358,2.970038
FSNet,933.7562,2.9702334
FSNet,961.8173,2.9830925
FSNet,940.37115,2.9732993
FSNet,930.81573,2.9688637
FSNet,929.99475,2.9684806
FSNet,954.7075,2.9798703
FSNet,943.37805,2.9746857
FSNet,933.6173,2.9701688
FSNet,923.4364,2.965407
FSNet,939.143,2.9727318
FSNet,918.21765,2.9629457
FSNet,944.629,2.9752612
FSNet,934.9579,2.970792
FSNet,947.90674,2.9767656
FSNet,925.5411,2.9663956
FSNet,956.82025,2.9808304
FSNet,943.87744,2.9749155
FSNet,943.8468,2.9749014
FSNet,916.2939,2.9620347
FSNet,922.71497,2.9650676
FSNet,941.8667,2.9739895
FSNet,953.81836,2.9794657
FSNet,933.954,2.9703255
FSNet,950.5154,2.9779592
FSNet,935.5246,2.9710553
FSNet,926.25385,2.96673
FSNet,940.04193,2.9731472
FSNet,927.0017,2.9670806
FSNet,920.0232,2.9637988
FSNet,946.6231,2.9761772
FSNet,928.93536,2.9679854
FSNet,944.54297,2.9752216
FSNet,938.7772,2.9725626
FSNet,934.1171,2.9704013
FSNet,937.3612,2.971907
FSNet,946.35626,2.9760547
FSNet,944.01294,2.974978
FSNet,936.7459,2.9716218
FSNet,935.36255,2.97098
FSNet,916.3503,2.9620614
FSNet,922.9259,2.9651668
FSNet,925.5149,2.9663835
FSNet,941.9605,2.9740326
FSNet,948.9362,2.977237
FSNet,920.24023,2.9639013
FSNet,943.8196,2.974889
FSNet,941.63306,2.9738817
FSNet,942.706,2.9743762
FSNet,938.75366,2.9725516
FSNet,937.81396,2.9721167
FSNet,935.6787,2.9711268
FSNet,937.92236,2.9721668
FSNet,934.60315,2.9706273
FSNet,928.02985,2.967562
FSNet,922.46484,2.9649498
FSNet,921.9645,2.9647143
FSNet,936.71045,2.9716053
FSNet,937.5822,2.9720094
FSNet,932.73126,2.9697566
FSNet,926.9686,2.967065
FSNet,946.3574,2.9760551
FSNet,943.38525,2.974689
FSNet,928.57166,2.9678154
FSNet,932.2834,2.969548
FSNet,930.31067,2.968628
FSNet,939.3444,2.9728248
FSNet,927.849,2.9674773
FSNet,962.91504,2.983588
FSNet,945.5721,2.9756947
FSNet,936.51855,2.9715164
FSNet,920.4385,2.9639947
FSNet,935.13434,2.970874
FSNet,933.87317,2.9702878
FSNet,912.33826,2.960156
FSNet,940.4993,2.9733584
FSNet,916.2972,2.9620364
FSNet,939.98376,2.9731205
FSNet,940.0118,2.9731333
FSNet,934.296,2.9704845
FSNet,926.83777,2.9670038
FSNet,942.5779,2.9743173
FSNet,965.78687,2.9848814
FSNet,942.9786,2.9745018
FSNet,938.1345,2.972265
FSNet,941.68884,2.9739075
FSNet,919.0853,2.9633558
FSNet,946.6249,2.976178
FSNet,927.2645,2.9672036
FSNet,919.2234,2.963421
FSNet,964.9336,2.9844973
FSNet,934.8959,2.9707632
FSNet,948.7021,2.97713
FSNet,968.3061,2.9860127
FSNet,923.7573,2.9655578
FSNet,961.50586,2.9829519
FSNet,948.66455,2.9771128
FSNet,947.9481,2.9767845
FSNet,948.9978,2.9772651
FSNet,918.99493,2.963313
FSNet,932.405,2.9696045
FSNet,944.5243,2.975213
FSNet,934.848,2.970741
FSNet,955.17444,2.9800828
FSNet,920.5005,2.964024
FSNet,948.4897,2.9770327
FSNet,920.07153,2.9638216
FSNet,933.2435,2.969995
FSNet,940.249,2.973243
FSNet,940.25476,2.9732456
FSNet,945.21497,2.9755306
FSNet,948.39764,2.9769905
FSNet,925.9243,2.9665754
FSNet,923.5871,2.965478
FSNet,947.98083,2.9767995
FSNet,935.73596,2.9711533
FSNet,940.2329,2.9732354
FSNet,923.90424,2.965627
FSNet,926.04987,2.9666343
FSNet,918.21906,2.9629464
FSNet,933.3659,2.970052
FSNet,936.97687,2.9717288
FSNet,931.39105,2.969132
FSNet,941.3487,2.9737506
FSNet,957.7104,2.9812343
FSNet,952.8253,2.9790132
FSNet,946.01166,2.9758966
FSNet,918.5547,2.963105
FSNet,935.58746,2.9710844
FSNet,939.8954,2.9730794
FSNet,926.964,2.967063
FSNet,920.82117,2.9641752
FSNet,941.6284,2.9738796
FSNet,942.1315,2.9741116
FSNet,933.74316,2.9702275
FSNet,934.5832,2.970618
FSNet,944.4507,2.9751792
FSNet,928.31757,2.9676967
FSNet,941.7612,2.9739408
FSNet,946.34143,2.9760478
FSNet,957.7362,2.981246
FSNet,931.58594,2.969223
FSNet,928.9657,2.9679997
FSNet,941.0536,2.9736145
FSNet,959.9307,2.98224
FSNet,931.3711,2.9691226
FSNet,928.09143,2.9675908
FSNet,937.9112,2.9721618
FSNet,942.786,2.9744132
FSNet,936.7106,2.9716055
FSNet,924.0254,2.965684
FSNet,924.7773,2.966037
FSNet,948.12164,2.976864
FSNet,957.7937,2.981272
FSNet,940.1959,2.9732184
FSNet,920.3882,2.9639711
FSNet,950.23004,2.9778287
FSNet,939.02277,2.972676
FSNet,960.3949,2.9824498
FSNet,943.9391,2.9749439
FSNet,940.0344,2.9731438
FSNet,937.3863,2.9719186
FSNet,918.42114,2.9630418
FSNet,915.6423,2.961726
FSNet,947.3285,2.9765005
FSNet,944.6621,2.9752765
FSNet,936.9225,2.9717038
FSNet,922.2929,2.9648688
FSNet,936.80804,2.9716506
FSNet,951.01294,2.9781864
FSNet,930.3177,2.9686313
FSNet,927.37115,2.9672537
FSNet,938.56866,2.972466
FSNet,949.11566,2.9773192
FSNet,932.28674,2.9695494
FSNet,941.22473,2.9736934
FSNet,929.5511,2.9682732
FSNet,939.74164,2.9730084
FSNet,938.7622,2.9725556
FSNet,940.31836,2.973275
FSNet,937.4456,2.971946
FSNet,920.6048,2.9640732
FSNet,917.026,2.9623816
FSNet,943.8556,2.9749055
FSNet,937.11523,2.971793
FSNet,945.08417,2.9754705
FSNet,926.9605,2.9670613
FSNet,922.9355,2.9651713
FSNet,952.8007,2.979002
FSNet,948.17365,2.976888
FSNet,933.06165,2.9699104
FSNet,936.06726,2.971307
FSNet,944.9525,2.97541
FSNet,926.5793,2.9668825
FSNet,934.0125,2.9703526
FSNet,942.3074,2.9741926
FSNet,952.00165,2.9786377
FSNet,939.47144,2.9728835
FSNet,927.6888,2.9674022
FSNet,927.80554,2.967457
FSNet,941.44965,2.973797
FSNet,919.5637,2.9635818
FSNet,948.0775,2.9768438
FSNet,944.2124,2.9750698
FSNet,939.4704,2.972883
FSNet,924.7433,2.9660213
FSNet,968.23987,2.985983
FSNet,926.75073,2.966963
FSNet,944.238,2.9750814
FSNet,938.7643,2.9725566
FSNet,944.32654,2.9751222
FSNet,943.4217,2.974706
FSNet,943.8157,2.9748871
FSNet,917.286,2.9625049
FSNet,918.5832,2.9631186
FSNet,935.10394,2.97086
FSNet,948.45636,2.9770174
FSNet,921.5215,2.9645054
FSNet,946.40643,2.9760778
FSNet,931.7991,2.9693222
FSNet,928.34045,2.9677072
FSNet,957.07043,2.980944
FSNet,936.055,2.9713013
FSNet,970.933,2.9871893
FSNet,931.18787,2.9690373
FSNet,914.0293,2.9609601
FSNet,969.46936,2.986534
FSNet,954.5919,2.9798179
FSNet,948.2709,2.9769325
FSNet,938.63,2.9724944
FSNet,941.91516,2.974012
FSNet,948.4209,2.9770012
FSNet,923.06995,2.9652345
FSNet,927.2831,2.9672124
FSNet,946.7395,2.9762304
FSNet,932.9393,2.9698534
FSNet,941.7451,2.9739335
FSNet,937.57764,2.9720073
FSNet,933.4367,2.970085
FSNet,933.1257,2.9699402
FSNet,921.3684,2.9644334
FSNet,938.0755,2.9722378
FSNet,944.4413,2.975175
FSNet,936.08655,2.971316
FSNet,941.4398,2.9737926
FSNet,937.7028,2.9720652
FSNet,954.1243,2.979605
FSNet,961.6315,2.9830086
FSNet,920.87726,2.9642017
FSNet,934.04803,2.970369
FSNet,947.97217,2.9767957
FSNet,942.77057,2.974406
FSNet,912.53424,2.9602492
FSNet,929.3006,2.968156
FSNet,934.9397,2.9707837
FSNet,919.0881,2.9633572
FSNet,941.9989,2.9740503
FSNet,947.0856,2.9763892
FSNet,946.63464,2.9761825
FSNet,928.17755,2.967631
FSNet,932.52026,2.9696584
FSNet,950.1133,2.9777753
FSNet,939.4833,2.972889
FSNet,936.5958,2.9715521
FSNet,939.04944,2.9726884
FSNet,951.2527,2.9782958
FSNet,937.06757,2.971771
FSNet,929.3336,2.9681716
FSNet,940.1416,2.9731932
FSNet,944.0904,2.9750135
FSNet,947.8634,2.9767458
FSNet,936.0921,2.9713185
FSNet,946.47845,2.9761107
FSNet,938.029,2.9722164
FSNet,948.3237,2.9769566
FSNet,940.2672,2.9732513
FSNet,937.09875,2.9717853
FSNet,950.5207,2.9779615
FSNet,930.2382,2.968594
FSNet,946.646,2.9761877
FSNet,966.1381,2.9850392
FSNet,954.2271,2.9796517
FSNet,934.485,2.9705722
FSNet,933.27686,2.9700105
FSNet,935.21796,2.970913
FSNet,944.2988,2.9751093
FSNet,944.47736,2.9751916
FSNet,956.06354,2.9804869
FSNet,956.3345,2.98061
FSNet,940.5138,2.973365
FSNet,946.81305,2.9762642
FSNet,963.0705,2.983658
FSNet,931.72266,2.9692867
FSNet,938.0083,2.9722066
FSNet,953.96436,2.9795322
FSNet,911.5293,2.9597707
FSNet,940.1207,2.9731836
FSNet,950.29517,2.9778585
FSNet,925.3794,2.9663198
FSNet,924.17206,2.9657528
FSNet,955.05304,2.9800274
FSNet,955.8316,2.9803815
FSNet,937.05365,2.9717646
FSNet,938.5244,2.9724455
FSNet,931.8657,2.9693534
FSNet,937.1973,2.971831
FSNet,921.2523,2.9643786
FSNet,928.7969,2.9679208
FSNet,937.96027,2.9721844
FSNet,932.4512,2.9696262
FSNet,940.57874,2.973395
FSNet,943.46625,2.9747264
FSNet,968.1702,2.9859517
FSNet,930.1651,2.96856
FSNet,935.2346,2.9709206
FSNet,929.19104,2.968105
FSNet,948.9519,2.9772441
FSNet,926.5675,2.966877
FSNet,936.9369,2.9717104
FSNet,938.69324,2.9725237
FSNet,942.2862,2.9741828
FSNet,950.47473,2.9779406
FSNet,949.5524,2.977519
FSNet,937.02936,2.9717531
FSNet,936.71014,2.9716053
FSNet,929.3332,2.9681714
FSNet,931.1644,2.9690263
FSNet,949.82196,2.9776423
FSNet,921.171,2.9643402
FSNet,930.35425,2.9686484
FSNet,951.8412,2.9785645
FSNet,930.2469,2.9685981
FSNet,924.781,2.966039
FSNet,956.9372,2.9808834
FSNet,927.93976,2.9675198
FSNet,951.3066,2.9783206
FSNet,955.7988,2.9803665
FSNet,959.4713,2.982032
FSNet,937.0555,2.9717653
FSNet,960.33936,2.9824247
FSNet,912.7289,2.9603417
FSNet,940.10223,2.973175
FSNet,939.22217,2.9727683
FSNet,932.67834,2.9697318
FSNet,940.9539,2.9735684
FSNet,951.9661,2.9786215
FSNet,945.7036,2.975755
FSNet,951.9207,2.9786007
FSNet,935.6212,2.9711
FSNet,944.9605,2.9754136
FSNet,931.17773,2.9690325
FSNet,936.463,2.9714906
FSNet,933.66693,2.970192
FSNet,934.17236,2.970427
FSNet,931.9255,2.969381
FSNet,938.58795,2.972475
FSNet,934.7016,2.970673
FSNet,952.41724,2.9788272
FSNet,954.96576,2.9799879
FSNet,954.40497,2.9797328
FSNet,926.05725,2.9666378
FSNet,942.2548,2.9741683
FSNet,952.58185,2.9789023
FSNet,954.61676,2.979829
FSNet,931.69366,2.969273
FSNet,959.4082,2.9820035
FSNet,917.2661,2.9624953
FSNet,939.8938,2.9730787
FSNet,943.6181,2.9747963
FSNet,943.74255,2.9748535
FSNet,930.63556,2.9687796
FSNet,944.255,2.9750893
FSNet,926.447,2.9668205
FSNet,923.326,2.9653552
FSNet,946.14813,2.975959
FSNet,929.4148,2.9682095
FSNet,926.83795,2.9670038
FSNet,938.2897,2.972337
FSNet,971.8723,2.9876091
FSNet,937.9817,2.9721944
FSNet,944.6838,2.9752865
FSNet,943.5189,2.9747505
FSNet,915.8187,2.9618096
FSNet,944.0211,2.9749818
FSNet,932.62335,2.9697063
FSNet,950.42834,2.9779193
FSNet,934.04456,2.9703677
FSNet,938.1052,2.9722517
FSNet,952.0498,2.9786596
FSNet,935.65466,2.9711156
FSNet,943.45044,2.974719
FSNet,956.94336,2.9808862
FSNet,941.7052,2.9739149
FSNet,934.7628,2.9707015
FSNet,938.9536,2.972644
FSNet,929.9386,2.9684544
FSNet,938.42554,2.9723997
FSNet,968.541,2.986118
FSNet,932.6134,2.9697018
FSNet,931.22205,2.9690533
FSNet,932.11755,2.9694707
FSNet,938.6977,2.9725258
FSNet,943.49854,2.9747412
FSNet,934.69586,2.9706702
FSNet,949.76917,2.977618
FSNet,936.84314,2.9716668
FSNet,952.194,2.9787254
FSNet,945.4427,2.9756353
FSNet,924.8214,2.9660578
FSNet,938.5849,2.9724736
FSNet,938.954,2.9726443
FSNet,945.695,2.9757512
FSNet,939.5931,2.9729397
FSNet,939.91583,2.973089
FSNet,926.4012,2.966799
FSNet,929.7477,2.9683652
FSNet,949.3389,2.9774213
FSNet,947.7694,2.9767027
FSNet,928.17834,2.9676313
FSNet,938.81,2.9725778
FSNet,936.0138,2.9712822
FSNet,916.15,2.9619665
FSNet,941.10876,2.9736397
FSNet,927.6649,2.967391
FSNet,938.4537,2.9724128
FSNet,959.5531,2.982069
FSNet,916.3521,2.9620624
FSNet,940.31506,2.9732733
FSNet,936.7064,2.9716034
FSNet,932.8722,2.9698222
FSNet,930.4399,2.9686882
FSNet,937.6527,2.972042
FSNet,930.09204,2.968526
FSNet,952.28284,2.978766
FSNet,928.6013,2.9678292
FSNet,929.96533,2.9684668
FSNet,931.11597,2.9690037
FSNet,928.8916,2.9679651
FSNet,927.28674,2.967214
FSNet,939.76587,2.9730196
FSNet,933.2261,2.969987
FSNet,929.4283,2.968216
FSNet,949.6807,2.9775777
FSNet,931.0044,2.9689517
FSNet,948.586,2.9770768
FSNet,946.4226,2.9760852
FSNet,924.1977,2.9657648
FSNet,937.67566,2.9720526
FSNet,929.07544,2.968051
FSNet,929.91113,2.9684415
FSNet,942.99066,2.9745073
FSNet,943.2617,2.9746323
FSNet,962.4681,2.9833863
FSNet,939.8218,2.9730456
FSNet,945.5584,2.9756885
FSNet,942.1987,2.9741426
FSNet,931.8213,2.9693327
FSNet,927.0411,2.967099
FSNet,939.66925,2.972975
FSNet,940.91565,2.9735508
FSNet,966.9431,2.985401
FSNet,926.0598,2.966639
FSNet,925.0252,2.9661536
FSNet,948.6372,2.9771001
FSNet,935.9188,2.9712381
FSNet,927.6637,2.9673905
FSNet,928.766,2.9679062
FSNet,957.265,2.9810321
FSNet,947.0091,2.9763541
FSNet,949.637,2.9775577
FSNet,915.77893,2.9617906
FSNet,936.77435,2.971635
FSNet,936.01074,2.9712808
FSNet,954.9498,2.9799805
FSNet,942.6681,2.9743588
FSNet,962.1217,2.98323
FSNet,944.8503,2.975363
FSNet,938.9536,2.972644
FSNet,944.02325,2.9749827
FSNet,938.51025,2.972439
FSNet,937.8953,2.9721544
FSNet,930.69464,2.9688072
FSNet,942.6401,2.974346
FSNet,937.4479,2.9719472
FSNet,921.4695,2.9644809
FSNet,936.20715,2.971372
FSNet,945.0686,2.9754634
FSNet,961.0305,2.982737
FSNet,914.8665,2.9613578
FSNet,931.5741,2.9692173
FSNet,927.38995,2.9672623
FSNet,952.91187,2.9790528
FSNet,936.0931,2.971319
FSNet,934.1698,2.9704258
FSNet,933.7993,2.9702535
FSNet,934.86334,2.9707482
FSNet,947.8176,2.9767249
FSNet,950.074,2.9777575
FSNet,946.23157,2.9759974
FSNet,942.6172,2.9743354
FSNet,927.56195,2.9673429
FSNet,930.32526,2.9686348
FSNet,944.2693,2.9750957
FSNet,931.47327,2.9691703
FSNet,933.0296,2.9698954
FSNet,948.47284,2.9770248
FSNet,950.86646,2.9781196
FSNet,951.43994,2.9783814
FSNet,933.85803,2.970281
FSNet,934.7061,2.970675
FSNet,926.5764,2.9668813
FSNet,953.04736,2.9791145
FSNet,939.0272,2.9726782
FSNet,939.1584,2.9727387
FSNet,920.54224,2.9640436
FSNet,947.82745,2.9767294
FSNet,936.0936,2.9713192
FSNet,937.93677,2.9721735
FSNet,940.0718,2.973161
FSNet,932.8857,2.9698284
FSNet,933.36755,2.9700527
FSNet,918.5089,2.9630833
FSNet,916.10675,2.961946
FSNet,944.5684,2.9752333
FSNet,911.9808,2.9599857
FSNet,937.9635,2.9721859
FSNet,921.57227,2.9645295
FSNet,943.08923,2.9745529
FSNet,948.0841,2.976847
FSNet,933.35284,2.9700458
FSNet,960.41486,2.9824588
FSNet,927.5569,2.9673405
FSNet,930.4428,2.9686897
FSNet,943.1972,2.9746025
FSNet,948.6151,2.9770901
FSNet,941.9282,2.9740179
FSNet,926.36194,2.9667807
FSNet,931.1099,2.969001
FSNet,941.07715,2.9736252
FSNet,920.27924,2.9639196
FSNet,942.6283,2.9743404
FSNet,952.6853,2.9789495
FSNet,924.62646,2.9659662
FSNet,948.0217,2.9768183
FSNet,953.91034,2.9795074
FSNet,931.4589,2.9691637
FSNet,946.2991,2.9760284
FSNet,963.6337,2.983912
FSNet,937.46826,2.9719565
FSNet,953.4699,2.979307
FSNet,933.4951,2.970112
FSNet,931.878,2.9693592
FSNet,931.723,2.969287
FSNet,917.2042,2.962466
FSNet,958.7793,2.9817185
FSNet,962.9241,2.983592
FSNet,958.5285,2.981605
FSNet,952.24036,2.9787467
FSNet,946.4673,2.9761057
FSNet,959.0576,2.9818447
FSNet,938.0597,2.9722304
FSNet,956.4653,2.9806693
FSNet,926.4099,2.966803
FSNet,953.1594,2.9791656
FSNet,937.33154,2.9718933
FSNet,925.3221,2.9662929
FSNet,945.2634,2.9755528
FSNet,931.55786,2.96921
FSNet,932.8529,2.969813
FSNet,948.11084,2.976859
FSNet,957.6845,2.9812224
FSNet,945.6712,2.9757402
FSNet,963.41284,2.9838123
FSNet,939.40204,2.9728515
FSNet,935.44116,2.9710164
FSNet,946.8953,2.976302
FSNet,954.42847,2.9797435
FSNet,943.5916,2.9747841
FSNet,938.20605,2.9722981
FSNet,952.96423,2.9790766
FSNet,958.4262,2.9815588
FSNet,937.9911,2.9721987
FSNet,949.6509,2.9775639
FSNet,957.5005,2.981139
FSNet,941.04126,2.9736087
FSNet,945.60944,2.9757118
FSNet,961.59375,2.9829917
FSNet,923.97687,2.965661
FSNet,936.1306,2.9713364
FSNet,940.26,2.973248
FSNet,954.0654,2.9795783
FSNet,929.8339,2.9684055
FSNet,934.57135,2.9706125
FSNet,942.1811,2.9741344
FSNet,921.77704,2.9646258
FSNet,936.9502,2.9717164
FSNet,946.51654,2.976128
FSNet,949.5289,2.977508
FSNet,940.8647,2.9735272
FSNet,950.1196,2.9777782
FSNet,949.2644,2.9773872
FSNet,950.19434,2.9778125
FSNet,945.60004,2.9757075
FSNet,945.06274,2.9754605
FSNet,936.02954,2.9712896
FSNet,946.5092,2.9761248
FSNet,945.4569,2.9756417
FSNet,940.43274,2.9733276
FSNet,920.9937,2.9642568
FSNet,940.6365,2.9734218
FSNet,939.3183,2.972813
FSNet,936.9168,2.9717011
FSNet,960.8389,2.9826505
FSNet,943.5353,2.9747581
FSNet,930.4325,2.968685
FSNet,943.47754,2.9747317
FSNet,948.23883,2.9769177
FSNet,943.4474,2.9747176
FSNet,941.0348,2.9736056
FSNet,944.3384,2.9751277
FSNet,947.1849,2.9764347
FSNet,955.7582,2.980348
FSNet,959.26154,2.981937
FSNet,923.7753,2.9655664
FSNet,944.5838,2.9752405
FSNet,933.9622,2.9703293
FSNet,934.02454,2.9703584
FSNet,949.39343,2.9774463
FSNet,938.72144,2.9725368
FSNet,946.8262,2.9762702
FSNet,964.0431,2.9840965
FSNet,948.1848,2.976893
FSNet,940.0463,2.9731493
FSNet,945.595,2.9757051
FSNet,939.1021,2.9727128
FSNet,947.4139,2.9765399
FSNet,966.7309,2.9853055
FSNet,951.0134,2.9781866
FSNet,941.246,2.9737031
FSNet,932.9022,2.9698362
FSNet,954.33685,2.9797018
FSNet,950.2415,2.977834
FSNet,939.4315,2.972865
FSNet,942.17896,2.9741335
FSNet,942.23395,2.9741588
FSNet,949.4448,2.9774697
FSNet,950.88666,2.9781287
FSNet,947.0973,2.9763947
FSNet,935.49695,2.9710424
FSNet,932.8908,2.9698308
FSNet,933.4624,2.9700968
FSNet,958.08167,2.9814026
FSNet,927.17737,2.9671628
FSNet,949.0402,2.9772847
FSNet,961.9431,2.9831493
FSNet,938.7357,2.9725432
FSNet,933.76984,2.9702399
FSNet,932.3766,2.9695914
FSNet,936.1564,2.9713483
FSNet,939.23303,2.9727733
FSNet,940.2894,2.9732616
FSNet,935.0481,2.970834
FSNet,940.3336,2.9732819
FSNet,944.4646,2.9751856
FSNet,949.375,2.9774377
FSNet,939.96545,2.9731119
FSNet,950.2069,2.9778183
FSNet,941.7609,2.9739406
FSNet,943.99963,2.9749718
FSNet,961.67834,2.9830298
FSNet,947.17236,2.976429
FSNet,935.35895,2.9709783
FSNet,930.6148,2.96877
FSNet,946.7947,2.976256
FSNet,950.19806,2.9778142
FSNet,931.6178,2.9692378
FSNet,949.14703,2.9773335
FSNet,936.60114,2.9715548
FSNet,942.5487,2.9743037
FSNet,944.61273,2.9752538
FSNet,923.9882,2.9656665
FSNet,940.1991,2.9732199
FSNet,930.2637,2.968606
FSNet,961.4114,2.9829092
FSNet,946.8554,2.9762836
FSNet,935.0652,2.970842
FSNet,948.1938,2.976897
FSNet,961.02344,2.982734
FSNet,938.4584,2.972415
FSNet,936.54224,2.9715273
FSNet,957.5214,2.9811485
FSNet,949.6543,2.9775655
FSNet,944.50574,2.9752047
FSNet,930.41943,2.9686787
FSNet,955.02405,2.9800143
FSNet,936.7918,2.971643
FSNet,956.6295,2.980744
FSNet,954.7799,2.9799032
FSNet,933.72205,2.9702177
FSNet,935.83685,2.9712002
FSNet,944.6561,2.9752738
FSNet,923.4451,2.9654112
FSNet,936.4392,2.9714797
FSNet,933.02637,2.969894
FSNet,937.49243,2.9719677
FSNet,922.7122,2.9650662
FSNet,938.5507,2.9724576
FSNet,954.48505,2.9797692
FSNet,934.55334,2.9706042
FSNet,924.5259,2.965919
FSNet,938.7866,2.9725668
FSNet,947.1833,2.976434
FSNet,935.2213,2.9709144
FSNet,936.21277,2.9713745
FSNet,943.1212,2.9745674
FSNet,955.43115,2.9801993
FSNet,948.25055,2.976923
FSNet,955.8289,2.98038
FSNet,941.4282,2.9737873
FSNet,941.3403,2.9737465
FSNet,952.4492,2.9788418
FSNet,939.25745,2.9727848
FSNet,971.9501,2.987644
FSNet,946.8181,2.9762666
FSNet,952.0847,2.9786756
FSNet,949.9906,2.9777193
FSNet,944.138,2.9750354
FSNet,946.17865,2.9759731
FSNet,953.29767,2.9792285
FSNet,943.5578,2.9747684
FSNet,935.7072,2.97114
FSNet,941.2418,2.9737012
FSNet,955.1325,2.9800637
FSNet,937.6173,2.9720256
FSNet,936.69214,2.971597
FSNet,935.19885,2.9709039
FSNet,944.4995,2.9752018
FSNet,966.04346,2.9849966
FSNet,954.7965,2.9799109
FSNet,953.6997,2.9794116
FSNet,948.5724,2.9770706
FSNet,925.55444,2.966402
FSNet,952.6277,2.978923
FSNet,931.7691,2.9693084
FSNet,960.12573,2.9823282
FSNet,937.91876,2.972165
FSNet,920.62146,2.964081
FSNet,944.58405,2.9752407
FSNet,944.21497,2.975071
FSNet,950.0299,2.9777372
FSNet,929.9686,2.9684682
FSNet,973.5254,2.9883473
FSNet,938.8548,2.9725983
FSNet,940.8782,2.9735334
FSNet,954.7911,2.9799085
FSNet,951.9709,2.9786236
FSNet,940.67633,2.9734402
FSNet,933.91736,2.9703085
FSNet,955.70557,2.980324
FSNet,955.7898,2.9803624
FSNet,951.62134,2.9784641
FSNet,930.13635,2.9685466
FSNet,941.0642,2.9736192
FSNet,920.6738,2.9641058
FSNet,949.385,2.9774423
FSNet,954.2713,2.979672
FSNet,940.91235,2.9735491
FSNet,931.3645,2.9691198
FSNet,939.6906,2.9729848
FSNet,931.0874,2.9689906
FSNet,933.9767,2.970336
FSNet,951.4544,2.978388
FSNet,939.3024,2.9728055
FSNet,953.7746,2.9794457
FSNet,941.67004,2.9738986
FSNet,957.06683,2.9809422
FSNet,961.93555,2.983146
FSNet,941.13965,2.973654
FSNet,917.1577,2.962444
FSNet,956.7135,2.9807818
FSNet,935.22797,2.9709175
FSNet,940.7926,2.9734938
FSNet,933.20483,2.969977
FSNet,927.6776,2.967397
FSNet,928.18604,2.967635
FSNet,939.59644,2.9729414
FSNet,958.21216,2.9814618
FSNet,943.5558,2.9747677
FSNet,940.45483,2.973338
FSNet,934.2671,2.9704711
FSNet,955.6975,2.9803205
FSNet,934.49774,2.9705782
FSNet,938.1942,2.9722927
FSNet,957.723,2.98124
FSNet,956.89,2.9808621
FSNet,931.2771,2.969079
FSNet,963.5944,2.9838943
FSNet,945.89386,2.9758425
FSNet,927.6198,2.96737
FSNet,951.4459,2.978384
FSNet,946.68835,2.976207
FSNet,927.83923,2.9674728
FSNet,939.98865,2.9731226
FSNet,924.97797,2.9661314
FSNet,925.98706,2.966605
FSNet,963.84283,2.9840062
FSNet,932.94324,2.9698553
FSNet,938.94147,2.9726386
FSNet,945.314,2.9755762
FSNet,938.9259,2.9726312
FSNet,955.6033,2.9802775
FSNet,946.9156,2.9763112
FSNet,945.5145,2.9756682
FSNet,937.1834,2.9718246
FSNet,948.99695,2.977265
FSNet,930.9745,2.9689379
FSNet,944.3462,2.9751313
FSNet,941.8197,2.9739678
FSNet,948.03406,2.976824
FSNet,927.76636,2.9674387
FSNet,945.3398,2.9755878
FSNet,932.5638,2.9696786
FSNet,943.3933,2.9746928
FSNet,921.53766,2.964513
FSNet,931.23114,2.9690576
FSNet,932.152,2.9694867
FSNet,947.4369,2.9765503
FSNet,948.1676,2.976885
FSNet,935.3491,2.9709737
FSNet,940.08356,2.9731665
FSNet,940.24426,2.9732406
FSNet,928.10986,2.9675994
FSNet,934.0684,2.9703786
FSNet,934.4314,2.9705474
FSNet,921.17395,2.9643416
FSNet,930.57196,2.96875
FSNet,945.6616,2.9757357
FSNet,956.8982,2.9808657
FSNet,941.99976,2.9740508
FSNet,931.76324,2.9693055
FSNet,940.01184,2.9731333
FSNet,950.8988,2.9781344
FSNet,965.3058,2.984665
FSNet,936.8159,2.9716542
FSNet,925.55664,2.966403
FSNet,943.23694,2.9746208
FSNet,930.09564,2.9685276
FSNet,946.0539,2.975916
FSNet,927.31067,2.9672253
FSNet,943.95557,2.9749515
FSNet,947.5613,2.9766073
FSNet,940.5546,2.9733841
FSNet,945.1018,2.9754786
FSNet,934.19946,2.9704397
FSNet,955.7029,2.9803228
FSNet,951.4092,2.9783673
FSNet,934.2954,2.9704843
FSNet,956.6288,2.9807434
FSNet,951.9835,2.9786294
FSNet,938.1793,2.9722857
FSNet,945.90765,2.9758487
FSNet,948.9278,2.9772332
FSNet,965.907,2.9849353
FSNet,956.6576,2.9807565
FSNet,921.5657,2.9645262
FSNet,943.0471,2.9745333
FSNet,970.136,2.9868326
FSNet,921.2908,2.9643967
FSNet,943.70026,2.974834
FSNet,931.35236,2.969114
FSNet,953.104,2.9791403
FSNet,957.91187,2.9813256
FSNet,938.46295,2.972417
FSNet,920.0812,2.9638262
FSNet,943.8032,2.9748814
FSNet,936.67053,2.971587
FSNet,935.4266,2.9710097
FSNet,947.9053,2.976765
FSNet,939.8745,2.97307
FSNet,940.72595,2.973463
FSNet,928.5008,2.9677823
FSNet,965.831,2.9849012
FSNet,947.90356,2.9767642
FSNet,945.27734,2.9755592
FSNet,943.29614,2.974648
FSNet,943.55457,2.974767
FSNet,905.3136,2.956799
FSNet,947.659,2.9766521
FSNet,945.17993,2.9755144
FSNet,937.7845,2.972103
FSNet,944.80475,2.975342
FSNet,951.9524,2.9786153
FSNet,936.6362,2.971571
FSNet,932.3922,2.9695985
FSNet,935.7121,2.9711423
FSNet,952.3364,2.9787903
FSNet,935.38135,2.9709888
FSNet,929.97675,2.968472
FSNet,928.0846,2.9675875
FSNet,934.49475,2.9705768
FSNet,935.71765,2.971145
FSNet,955.621,2.9802856
FSNet,936.24695,2.9713905
FSNet,934.52905,2.9705927
FSNet,939.0633,2.9726949
FSNet,931.5055,2.9691854
FSNet,925.70575,2.9664729
FSNet,948.11584,2.9768615
FSNet,935.74915,2.9711595
FSNet,918.493,2.9630759
FSNet,958.1368,2.9814274
FSNet,926.73737,2.9669566
FSNet,933.9934,2.9703438
FSNet,948.66254,2.9771118
FSNet,935.08075,2.970849
FSNet,918.1094,2.9628944
FSNet,952.291,2.9787698
FSNet,940.3823,2.9733045
FSNet,953.8872,2.979497
FSNet,950.50214,2.9779532
FSNet,942.0145,2.9740577
FSNet,947.03296,2.976365
FSNet,944.3364,2.9751267
FSNet,958.97504,2.9818072
FSNet,946.65247,2.9761906
FSNet,970.06995,2.986803
FSNet,956.6387,2.980748
FSNet,954.4546,2.9797552
FSNet,944.70087,2.9752944
FSNet,948.5272,2.9770498
FSNet,926.3684,2.9667838
FSNet,943.8218,2.97489
FSNet,939.5729,2.9729304
FSNet,939.32935,2.972818
FSNet,950.61694,2.9780056
FSNet,942.8552,2.974445
FSNet,962.4216,2.9833653
FSNet,941.01135,2.973595
FSNet,942.08905,2.974092
FSNet,932.8765,2.969824
FSNet,980.43005,2.9914167
FSNet,925.7467,2.9664922
FSNet,927.54694,2.967336
FSNet,948.7894,2.9771698
FSNet,949.3159,2.9774108
FSNet,943.13116,2.9745722
FSNet,942.1488,2.9741194
FSNet,951.30743,2.9783208
FSNet,943.9981,2.974971
FSNet,931.0246,2.9689612
FSNet,955.7107,2.9803264
FSNet,947.2755,2.9764762
FSNet,948.5234,2.977048
FSNet,924.87024,2.966081
FSNet,938.6361,2.9724972
FSNet,942.75256,2.9743977
FSNet,941.109,2.97364
FSNet,938.1651,2.9722793
FSNet,943.0091,2.974516
FSNet,940.84576,2.9735184
FSNet,940.20197,2.973221
FSNet,946.6195,2.9761755
FSNet,949.3141,2.9774098
FSNet,955.23126,2.9801085
FSNet,948.85364,2.9771993
FSNet,961.6918,2.9830358
FSNet,956.10815,2.9805071
FSNet,935.32776,2.9709637
FSNet,928.21375,2.967648
FSNet,949.53864,2.9775126
FSNet,958.0268,2.9813776
FSNet,930.7068,2.968813
FSNet,955.7624,2.98035
FSNet,933.88196,2.970292
FSNet,934.3268,2.9704988
FSNet,940.8876,2.9735377
FSNet,929.38617,2.9681962
FSNet,941.8052,2.973961
FSNet,933.4241,2.970079
FSNet,945.10266,2.975479
FSNet,947.6378,2.9766424
FSNet,960.08655,2.9823103
FSNet,943.93823,2.9749436
FSNet,943.7789,2.9748702
FSNet,958.2611,2.981484
FSNet,923.62427,2.9654953
FSNet,931.2755,2.9690783
FSNet,932.8973,2.9698339
FSNet,925.5489,2.9663994
FSNet,940.5292,2.9733722
FSNet,936.2102,2.9713733
FSNet,933.91516,2.9703074
FSNet,928.3685,2.9677205
FSNet,928.9707,2.968002
FSNet,929.24396,2.9681296
FSNet,940.57764,2.9733946
FSNet,933.7461,2.970229
FSNet,931.8888,2.9693642
FSNet,949.6636,2.9775698
FSNet,949.31085,2.9774084
FSNet,936.5882,2.9715488
FSNet,940.4544,2.9733377
FSNet,962.4779,2.9833908
FSNet,941.23267,2.973697
FSNet,933.26276,2.9700038
FSNet,937.99536,2.9722006
FSNet,963.31287,2.9837673
FSNet,942.5579,2.974308
FSNet,935.32117,2.9709609
FSNet,927.68896,2.9674025
FSNet,944.364,2.9751394
FSNet,928.1437,2.9676151
FSNet,948.6362,2.9770997
FSNet,938.45355,2.9724128
FSNet,950.4168,2.977914
FSNet,932.8628,2.9698179
FSNet,960.0436,2.982291
FSNet,950.23145,2.9778295
FSNet,950.44495,2.977927
FSNet,922.0943,2.9647753
FSNet,923.4951,2.9654346
FSNet,941.4536,2.973799
FSNet,957.21375,2.981009
FSNet,938.3159,2.9723492
FSNet,954.19867,2.9796388
FSNet,940.8247,2.9735086
FSNet,931.6646,2.9692595
FSNet,947.7317,2.9766853
FSNet,932.85547,2.9698143
FSNet,925.973,2.9665983
FSNet,950.0182,2.977732
FSNet,939.558,2.9729235
FSNet,949.28107,2.9773948
FSNet,948.0409,2.9768271
FSNet,940.406,2.9733155
FSNet,941.0675,2.973621
FSNet,946.37213,2.976062
FSNet,946.3541,2.9760537
FSNet,942.0558,2.9740765
FSNet,942.7221,2.9743836
FSNet,923.5197,2.9654462
FSNet,930.87915,2.9688933
FSNet,934.2892,2.9704814
FSNet,945.99866,2.9758906
FSNet,950.0729,2.977757
FSNet,923.9745,2.96566
FSNet,946.0882,2.9759316
FSNet,945.08014,2.9754686
FSNet,944.479,2.9751923
FSNet,943.9161,2.9749334
FSNet,944.8377,2.9753573
FSNet,940.5597,2.9733863
FSNet,942.8082,2.9744234
FSNet,927.78357,2.9674466
FSNet,931.28235,2.9690814
FSNet,931.8843,2.969362
FSNet,930.36145,2.9686518
FSNet,941.98627,2.9740446
FSNet,939.1155,2.972719
FSNet,938.19904,2.972295
FSNet,930.73456,2.9688258
FSNet,949.9335,2.977693
FSNet,952.51666,2.9788725
FSNet,926.6719,2.966926
FSNet,930.35785,2.96865
FSNet,929.07855,2.9680524
FSNet,945.05896,2.9754589
FSNet,930.9553,2.9689288
FSNet,961.8756,2.983119
FSNet,947.66156,2.9766533
FSNet,943.1024,2.9745588
FSNet,927.37646,2.967256
FSNet,938.03735,2.9722202
FSNet,939.15784,2.9727385
FSNet,914.19366,2.961038
FSNet,948.34766,2.9769676
FSNet,923.3832,2.9653819
FSNet,944.2023,2.975065
FSNet,940.244,2.9732406
FSNet,939.61847,2.9729517
FSNet,931.611,2.9692347
FSNet,949.7069,2.9775896
FSNet,969.9513,2.98675
FSNet,943.68475,2.974827
FSNet,940.7817,2.9734888
FSNet,943.44666,2.9747174
FSNet,918.8439,2.9632418
FSNet,951.6744,2.9784884
FSNet,929.33105,2.9681704
FSNet,923.9775,2.9656613
FSNet,967.2921,2.9855576
FSNet,939.2065,2.9727612
FSNet,949.13116,2.9773262
FSNet,960.6329,2.9825575
FSNet,925.8947,2.9665616
FSNet,963.9606,2.9840593
FSNet,953.03516,2.9791088
FSNet,956.49286,2.9806817
FSNet,953.0562,2.9791186
FSNet,926.98376,2.967072
FSNet,936.119,2.9713311
FSNet,950.08185,2.977761
FSNet,937.818,2.9721186
FSNet,952.1643,2.9787118
FSNet,926.0408,2.9666302
FSNet,951.78766,2.9785402
FSNet,924.5343,2.965923
FSNet,939.56866,2.9729285
FSNet,947.30963,2.976492
FSNet,948.6192,2.977092
FSNet,948.75323,2.9771533
FSNet,954.5994,2.9798212
FSNet,928.8924,2.9679654
FSNet,923.3573,2.9653697
FSNet,956.579,2.9807208
FSNet,937.5571,2.9719977
FSNet,943.7865,2.9748738
FSNet,932.81256,2.9697943
FSNet,932.9051,2.9698374
FSNet,925.0994,2.9661884
FSNet,936.56354,2.9715374
FSNet,939.03937,2.972684
FSNet,933.7206,2.970217
FSNet,945.6312,2.9757218
FSNet,956.16003,2.9805305
FSNet,950.26196,2.9778433
FSNet,950.0712,2.9777563
FSNet,919.652,2.9636235
FSNet,940.066,2.9731584
FSNet,948.17993,2.9768908
FSNet,927.2582,2.9672008
FSNet,924.7588,2.9660285
FSNet,947.47736,2.976569
FSNet,944.9463,2.9754071
FSNet,932.95355,2.96986
FSNet,945.3202,2.975579
FSNet,950.4282,2.9779193
FSNet,924.8724,2.9660819
FSNet,946.40955,2.9760792
FSNet,950.6483,2.97802
FSNet,956.67065,2.9807625
FSNet,936.42834,2.9714746
FSNet,925.7706,2.9665034
FSNet,943.5913,2.974784
FSNet,963.54895,2.9838738
FSNet,937.2385,2.9718502
FSNet,933.74774,2.9702296
FSNet,941.0394,2.9736078
FSNet,951.3968,2.9783616
FSNet,940.7759,2.9734862
FSNet,921.4707,2.9644816
FSNet,930.9675,2.9689345
FSNet,949.5123,2.9775007
FSNet,962.7315,2.9835052
FSNet,949.0848,2.977305
FSNet,927.46204,2.9672961
FSNet,952.5491,2.9788873
FSNet,946.36224,2.9760573
FSNet,959.08704,2.981858
FSNet,949.12317,2.9773226
FSNet,941.5582,2.9738472
FSNet,939.13165,2.9727266
FSNet,925.24304,2.966256
FSNet,924.6466,2.9659758
FSNet,948.0228,2.9768188
FSNet,946.19006,2.9759784
FSNet,941.7723,2.9739459
FSNet,927.78796,2.9674487
FSNet,939.9355,2.973098
FSNet,954.7776,2.9799023
FSNet,936.75793,2.9716275
FSNet,929.0738,2.9680502
FSNet,944.2647,2.9750938
FSNet,954.001,2.979549
FSNet,935.8613,2.9712114
FSNet,943.597,2.9747865
FSNet,932.7092,2.9697464
FSNet,933.51904,2.9701233
FSNet,947.1654,2.976426
FSNet,943.3153,2.9746568
FSNet,938.809,2.9725773
FSNet,920.9312,2.9642272
FSNet,921.0015,2.9642603
FSNet,948.1249,2.9768655
FSNet,938.1188,2.9722579
FSNet,946.1467,2.9759586
FSNet,931.1747,2.969031
FSNet,934.8848,2.9707582
FSNet,954.2593,2.9796665
FSNet,949.59753,2.9775395
FSNet,936.85925,2.9716744
FSNet,945.2787,2.97556
FSNet,962.2886,2.9833052
FSNet,927.18756,2.9671676
FSNet,939.9838,2.9731205
FSNet,949.51654,2.9775026
FSNet,959.23224,2.9819238
FSNet,944.8436,2.97536
FSNet,931.2218,2.969053
FSNet,935.4352,2.9710138
FSNet,945.139,2.9754956
FSNet,922.1376,2.9647958
FSNet,950.0189,2.9777322
FSNet,950.48413,2.9779449
FSNet,946.5857,2.97616
FSNet,930.5879,2.9687574
FSNet,968.76685,2.9862192
FSNet,933.35284,2.9700458
FSNet,944.3408,2.9751287
FSNet,943.6488,2.9748104
FSNet,942.6614,2.9743557
FSNet,946.9474,2.9763258
FSNet,949.30975,2.977408
FSNet,923.2943,2.9653401
FSNet,934.612,2.9706314
FSNet,941.0332,2.973605
FSNet,949.0415,2.9772851
FSNet,928.8631,2.9679518
FSNet,950.9271,2.9781473
FSNet,931.2272,2.9690557
FSNet,933.45,2.970091
FSNet,957.37646,2.9810827
FSNet,939.4499,2.9728737
FSNet,969.73,2.9866507
FSNet,938.65356,2.9725053
FSNet,918.9861,2.963309
FSNet,969.16614,2.9863982
FSNet,957.7018,2.9812303
FSNet,950.5211,2.9779618
FSNet,941.6169,2.9738743
FSNet,945.9701,2.9758775
FSNet,950.6013,2.9779985
FSNet,929.3124,2.9681618
FSNet,935.1493,2.970881
FSNet,953.3114,2.9792347
FSNet,937.92175,2.9721665
FSNet,948.0833,2.9768465
FSNet,938.304,2.9723437
FSNet,935.4962,2.971042
FSNet,937.9636,2.972186
FSNet,924.26776,2.965798
FSNet,942.8019,2.9744205
FSNet,949.0001,2.9772663
FSNet,937.7045,2.972066
FSNet,949.28534,2.9773967
FSNet,942.12634,2.9741092
FSNet,958.7563,2.9817083
FSNet,957.7567,2.9812553
FSNet,929.1682,2.9680943
FSNet,938.5252,2.972446
FSNet,951.849,2.978568
FSNet,951.218,2.97828
FSNet,922.88586,2.965148
FSNet,931.01514,2.9689567
FSNet,938.2438,2.9723158
FSNet,931.6805,2.969267
FSNet,946.08514,2.9759302
FSNet,949.3901,2.9774446
FSNet,945.98486,2.9758842
FSNet,934.2785,2.9704764
FSNet,941.2796,2.9737186
FSNet,949.4086,2.9774532
FSNet,942.94476,2.9744864
FSNet,941.54065,2.973839
FSNet,943.9357,2.9749424
FSNet,955.4639,2.9802144
FSNet,940.4881,2.9733534
FSNet,929.1456,2.9680839
FSNet,945.6861,2.975747
FSNet,946.738,2.97623
FSNet,950.44006,2.9779248
FSNet,940.67194,2.9734383
FSNet,945.386,2.975609
FSNet,942.79663,2.974418
FSNet,946.48816,2.9761152
FSNet,941.3428,2.9737477
FSNet,941.7873,2.9739528
FSNet,948.50653,2.9770403
FSNet,936.15546,2.971348
FSNet,952.5884,2.9789052
FSNet,966.21893,2.9850755
FSNet,957.5734,2.981172
FSNet,938.244,2.9723158
FSNet,930.63,2.968777
FSNet,938.05273,2.9722273
FSNet,947.0486,2.9763722
FSNet,946.14294,2.9759567
FSNet,949.80615,2.977635
FSNet,959.193,2.981906
FSNet,947.03894,2.976368
FSNet,950.298,2.9778597
FSNet,963.1868,2.9837105
FSNet,932.078,2.9694521
FSNet,943.40796,2.9746995
FSNet,949.08386,2.9773047
FSNet,918.60767,2.96313
FSNet,942.5915,2.9743235
FSNet,947.6117,2.9766304
FSNet,930.1346,2.9685457
FSNet,933.7832,2.970246
FSNet,954.1775,2.9796293
FSNet,959.30743,2.981958
FSNet,938.8465,2.9725945
FSNet,941.453,2.9737988
FSNet,942.9023,2.9744668
FSNet,940.54456,2.9733794
FSNet,924.32886,2.9658265
FSNet,933.18207,2.9699664
FSNet,941.66785,2.9738977
FSNet,934.2869,2.9704802
FSNet,946.5493,2.9761434
FSNet,948.5564,2.9770632
FSNet,970.16626,2.9868462
FSNet,928.48676,2.9677758
FSNet,939.4048,2.9728527
FSNet,935.86084,2.9712112
FSNet,948.19226,2.9768965
FSNet,934.9175,2.9707732
FSNet,943.346,2.9746711
FSNet,942.8499,2.9744425
FSNet,948.7474,2.9771507
FSNet,954.6902,2.9798625
FSNet,949.16724,2.9773428
FSNet,940.1566,2.9732003
FSNet,936.38385,2.971454
FSNet,933.384,2.9700603
FSNet,932.5214,2.9696589
FSNet,950.53406,2.9779677
FSNet,925.67413,2.966458
FSNet,932.30615,2.9695585
FSNet,955.8288,2.98038
FSNet,940.2466,2.9732418
FSNet,930.34436,2.9686437
FSNet,959.4053,2.982002
FSNet,930.7803,2.9688473
FSNet,949.54956,2.9775176
FSNet,961.67523,2.9830284
FSNet,961.37146,2.9828913
FSNet,937.2644,2.971862
FSNet,960.6288,2.9825556
FSNet,923.10486,2.965251
FSNet,946.5505,2.9761438
FSNet,946.6707,2.976199
FSNet,936.9474,2.9717152
FSNet,945.25006,2.9755466
FSNet,954.9752,2.9799922
FSNet,947.70355,2.9766724
FSNet,954.06824,2.9795794
FSNet,933.90424,2.9703023
FSNet,947.8166,2.9767244
FSNet,933.703,2.9702086
FSNet,935.9727,2.9712632
FSNet,938.82306,2.9725838
FSNet,937.62463,2.972029
FSNet,935.8695,2.9712152
FSNet,945.2915,2.9755657
FSNet,941.9135,2.974011
FSNet,955.36945,2.9801714
FSNet,958.9382,2.9817905
FSNet,960.4971,2.982496
FSNet,929.79004,2.968385
FSNet,938.8285,2.9725862
FSNet,954.376,2.9797194
FSNet,959.2572,2.981935
FSNet,937.1943,2.9718297
FSNet,961.74817,2.9830613
FSNet,920.34326,2.96395
FSNet,944.34705,2.9751315
FSNet,940.7978,2.9734962
FSNet,948.7027,2.9771302
FSNet,939.3448,2.972825
FSNet,945.76373,2.9757826
FSNet,933.35583,2.9700472
FSNet,924.7733,2.9660354
FSNet,949.4222,2.9774594
FSNet,932.2883,2.9695501
FSNet,932.65247,2.96972
FSNet,941.8126,2.9739645
FSNet,975.28076,2.9891295
FSNet,944.54034,2.9752204
FSNet,947.2272,2.9764543
FSNet,947.9053,2.976765
FSNet,920.53796,2.9640417
FSNet,947.99536,2.9768062
FSNet,938.6543,2.9725056
FSNet,954.40894,2.9797344
FSNet,937.1651,2.971816
FSNet,943.4683,2.9747274
FSNet,957.8556,2.9813
FSNet,938.1238,2.9722602
FSNet,947.73535,2.9766872
FSNet,960.2754,2.982396
FSNet,940.68005,2.9734418
FSNet,943.5775,2.9747777
FSNet,945.0917,2.9754739
FSNet,932.43256,2.9696174
FSNet,936.5306,2.9715219
FSNet,976.8517,2.9898286
FSNet,938.7647,2.9725568
FSNet,935.59845,2.9710896
FSNet,936.5796,2.9715447
FSNet,938.04944,2.9722257
FSNet,945.69275,2.97575
FSNet,940.5192,2.9733677
FSNet,958.282,2.9814932
FSNet,937.05383,2.9717646
FSNet,954.31494,2.9796917
FSNet,944.6361,2.9752645
FSNet,930.52625,2.9687285
FSNet,938.3641,2.9723713
FSNet,943.6057,2.9747906
FSNet,952.63025,2.9789243
FSNet,943.5048,2.974744
FSNet,940.97076,2.973576
FSNet,932.345,2.9695766
FSNet,940.77734,2.973487
FSNet,951.1874,2.978266
FSNet,948.5078,2.977041
FSNet,930.7493,2.9688327
FSNet,942.82294,2.97443
FSNet,941.1584,2.9736626
FSNet,923.8041,2.96558
FSNet,944.33826,2.9751277
FSNet,933.03577,2.9698982
FSNet,942.50195,2.9742823
FSNet,960.50507,2.9824996
FSNet,919.08887,2.9633574
FSNet,944.573,2.9752355
FSNet,942.9136,2.9744718
FSNet,934.85144,2.9707427
FSNet,938.28076,2.9723327
FSNet,942.353,2.9742136
FSNet,934.992,2.9708078
FSNet,954.9253,2.9799695
FSNet,928.9375,2.9679866
FSNet,932.40674,2.9696054
FSNet,934.83734,2.970736
FSNet,935.2343,2.9709203
FSNet,928.98376,2.968008
FSNet,943.323,2.9746604
FSNet,938.78015,2.972564
FSNet,937.1888,2.971827
FSNet,951.18555,2.9782653
FSNet,933.56714,2.9701455
FSNet,954.042,2.9795675
FSNet,952.51056,2.97887
FSNet,926.68054,2.9669302
FSNet,940.61346,2.973411
FSNet,936.4585,2.9714885
FSNet,937.5708,2.9720042
FSNet,949.62573,2.9775524
FSNet,947.3313,2.976502
FSNet,964.117,2.9841297
FSNet,945.2605,2.9755516
FSNet,949.4769,2.9774845
FSNet,944.2165,2.9750717
FSNet,940.4091,2.973317
FSNet,930.57544,2.9687517
FSNet,948.6315,2.9770975
FSNet,947.27747,2.9764771
FSNet,964.34814,2.9842339
FSNet,929.46515,2.968233
FSNet,931.19946,2.9690428
FSNet,949.7791,2.9776225
FSNet,945.0432,2.9754517
FSNet,930.40546,2.9686723
FSNet,927.4489,2.96729
FSNet,961.12225,2.9827785
FSNet,948.6339,2.9770987
FSNet,952.6373,2.9789276
FSNet,920.6993,2.9641178
FSNet,943.5774,2.9747775
FSNet,936.9145,2.9717
FSNet,956.12256,2.9805136
FSNet,944.56384,2.9752314
FSNet,961.9365,2.9831464
FSNet,950.9219,2.978145
FSNet,944.2272,2.9750764
FSNet,949.7501,2.9776094
FSNet,942.58496,2.9743204
FSNet,943.82916,2.9748933
FSNet,936.4616,2.97149
FSNet,945.20435,2.9755256
FSNet,939.4061,2.9728534
FSNet,927.2261,2.9671857
FSNet,940.00867,2.973132
FSNet,948.4234,2.9770021
FSNet,963.33887,2.9837792
FSNet,919.82947,2.9637072
FSNet,936.7344,2.9716165
FSNet,930.2302,2.9685905
FSNet,952.0487,2.9786592
FSNet,940.0448,2.9731486
FSNet,943.6781,2.974824
FSNet,944.5633,2.9752312
FSNet,937.82837,2.9721234
FSNet,950.08923,2.9777644
FSNet,951.8445,2.978566
FSNet,949.661,2.9775686
FSNet,946.1454,2.9759579
FSNet,928.96704,2.9680004
FSNet,933.66675,2.970192
FSNet,952.1884,2.9787228
FSNet,935.4951,2.9710414
FSNet,936.678,2.9715903
FSNet,953.5515,2.9793441
FSNet,951.2436,2.9782917
FSNet,953.7092,2.979416
FSNet,940.7545,2.9734764
FSNet,940.8397,2.9735157
FSNet,933.6991,2.970207
FSNet,951.42914,2.9783764
FSNet,944.62573,2.9752598
FSNet,941.7851,2.9739518
FSNet,933.1137,2.9699345
FSNet,941.67676,2.9739017
FSNet,947.04803,2.976372
FSNet,942.65784,2.974354
FSNet,939.39435,2.972848
FSNet,938.05286,2.9722273
FSNet,935.4501,2.9710207
FSNet,912.3699,2.960171
FSNet,923.58093,2.9654748
FSNet,949.32056,2.977413
FSNet,916.7572,2.9622543
FSNet,941.729,2.9739258
FSNet,930.2486,2.968599
FSNet,943.7655,2.974864
FSNet,950.6548,2.9780228
FSNet,932.6192,2.9697044
FSNet,964.42346,2.9842677
FSNet,935.1758,2.9708931
FSNet,933.9897,2.9703422
FSNet,944.87463,2.9753742
FSNet,948.6273,2.9770956
FSNet,945.35974,2.9755971
FSNet,932.6778,2.9697316
FSNet,937.2326,2.9718473
FSNet,948.3555,2.9769711
FSNet,928.88477,2.9679618
FSNet,953.4272,2.9792876
FSNet,961.4178,2.982912
FSNet,927.2219,2.9671836
FSNet,956.83356,2.9808364
FSNet,961.38477,2.9828973
FSNet,937.8224,2.9721205
FSNet,952.4748,2.9788535
FSNet,969.2367,2.98643
FSNet,949.19806,2.977357
FSNet,966.8303,2.9853504
FSNet,939.76874,2.973021
FSNet,942.8534,2.9744442
FSNet,940.51953,2.973368
FSNet,925.7971,2.9665158
FSNet,963.48413,2.9838445
FSNet,971.69244,2.9875288
FSNet,964.2416,2.984186
FSNet,959.82214,2.9821908
FSNet,952.15375,2.978707
FSNet,967.8392,2.9858031
FSNet,941.36554,2.9737582
FSNet,963.85486,2.9840117
FSNet,936.0499,2.971299
FSNet,963.9899,2.9840724
FSNet,944.375,2.9751444
FSNet,937.60205,2.9720185
FSNet,950.4071,2.9779096
FSNet,936.8822,2.971685
FSNet,937.61176,2.972023
FSNet,955.04236,2.9800227
FSNet,960.9176,2.982686
FSNet,950.07104,2.977756
FSNet,971.21027,2.9873133
FSNet,944.61426,2.9752545
FSNet,942.92346,2.9744763
FSNet,955.2431,2.980114
FSNet,962.42096,2.983365
FSNet,953.0706,2.979125
FSNet,940.08923,2.973169
FSNet,962.9321,2.9835956
FSNet,967.6271,2.985708
FSNet,942.40375,2.974237
FSNet,957.5167,2.9811463
FSNet,960.3391,2.9824245
FSNet,945.2972,2.9755683
FSNet,948.313,2.9769516
FSNet,971.02435,2.98723
FSNet,929.79114,2.9683855
FSNet,945.36664,2.9756002
FSNet,948.95306,2.9772446
FSNet,958.6694,2.981669
FSNet,934.1448,2.9704142
FSNet,935.75494,2.971162
FSNet,950.11755,2.9777772
FSNet,924.2274,2.9657788
FSNet,946.032,2.975906
FSNet,952.1377,2.9786997
FSNet,953.0983,2.9791377
FSNet,949.8944,2.9776754
FSNet,957.3854,2.9810867
FSNet,954.6743,2.9798553
FSNet,958.43726,2.9815636
FSNet,950.3364,2.9778774
FSNet,948.8179,2.9771829
FSNet,936.6293,2.9715676
FSNet,952.236,2.9787445
FSNet,949.7652,2.9776163
FSNet,949.49475,2.9774926
FSNet,927.58997,2.967356
FSNet,947.8195,2.9767256
FSNet,947.2749,2.976476
FSNet,941.3634,2.9737573
FSNet,966.3536,2.985136
FSNet,950.6153,2.9780047
FSNet,937.90845,2.9721603
FSNet,953.51276,2.9793265
FSNet,950.5584,2.9779787
FSNet,951.0589,2.9782073
FSNet,954.5589,2.9798028
FSNet,949.53674,2.977512
FSNet,951.6771,2.9784896
FSNet,959.8319,2.9821951
FSNet,965.8519,2.9849105
FSNet,931.65515,2.9692552
FSNet,950.4931,2.977949
FSNet,938.81177,2.9725785
FSNet,943.6788,2.9748242
FSNet,956.6403,2.9807487
FSNet,943.8459,2.9749012
FSNet,952.6988,2.9789555
FSNet,971.59485,2.9874852
FSNet,955.8563,2.9803927
FSNet,945.0664,2.9754624
FSNet,952.1418,2.9787016
FSNet,935.00726,2.970815
FSNet,955.3344,2.9801555
FSNet,975.0294,2.9890177
FSNet,957.48535,2.981132
FSNet,948.5856,2.9770765
FSNet,946.4809,2.976112
FSNet,954.9146,2.9799645
FSNet,955.0038,2.980005
FSNet,945.14764,2.9754996
FSNet,947.31976,2.9764967
FSNet,946.76385,2.9762416
FSNet,957.3906,2.981089
FSNet,958.6976,2.9816816
FSNet,953.0246,2.979104
FSNet,943.19824,2.974603
FSNet,940.4437,2.973333
FSNet,939.953,2.9731061
FSNet,966.7722,2.9853241
FSNet,936.2604,2.9713967
FSNet,955.4188,2.9801939
FSNet,966.93726,2.9853983
FSNet,946.84576,2.9762793
FSNet,939.49457,2.9728942
FSNet,938.19464,2.972293
FSNet,942.79333,2.9744165
FSNet,943.34045,2.9746685
FSNet,947.5563,2.976605
FSNet,946.7785,2.9762485
FSNet,950.8315,2.9781036
FSNet,952.75494,2.9789813
FSNet,954.5218,2.979786
FSNet,948.0997,2.976854
FSNet,956.36475,2.9806235
FSNet,960.771,2.98262
FSNet,948.87067,2.977207
FSNet,966.22046,2.9850762
FSNet,954.89575,2.979956
FSNet,936.3956,2.9714594
FSNet,941.97205,2.9740381
FSNet,956.4821,2.980677
FSNet,961.29913,2.9828587
FSNet,939.18787,2.9727526
FSNet,954.7741,2.9799006
FSNet,941.43085,2.9737885
FSNet,949.1653,2.977342
FSNet,953.4486,2.9792974
FSNet,928.81116,2.9679275
FSNet,944.6888,2.9752889
FSNet,938.2407,2.9723144
FSNet,967.6379,2.9857128
FSNet,953.49225,2.9793172
FSNet,943.2472,2.9746256
FSNet,953.9171,2.9795105
FSNet,970.79224,2.9871264
FSNet,941.17505,2.9736705
FSNet,943.8593,2.9749072
FSNet,965.923,2.9849424
FSNet,953.0316,2.9791074
FSNet,953.25055,2.979207
FSNet,935.10913,2.9708624
FSNet,960.8801,2.982669
FSNet,941.4536,2.973799
FSNet,962.1383,2.9832375
FSNet,967.3521,2.9855845
FSNet,938.33673,2.9723587
FSNet,942.458,2.974262
FSNet,952.1455,2.9787033
FSNet,930.7831,2.9688485
FSNet,947.8813,2.976754
FSNet,939.8269,2.973048
FSNet,946.6876,2.9762068
FSNet,928.02264,2.9675586
FSNet,941.4485,2.9737966
FSNet,963.9689,2.984063
FSNet,940.04285,2.9731476
FSNet,932.6548,2.9697208
FSNet,946.62524,2.9761782
FSNet,950.9452,2.9781554
FSNet,940.7,2.9734511
FSNet,944.74194,2.9753132
FSNet,948.83984,2.9771929
FSNet,963.669,2.983928
FSNet,956.37585,2.9806285
FSNet,964.6428,2.9843667
FSNet,934.793,2.9707155
FSNet,951.5656,2.9784389
FSNet,960.0677,2.982302
FSNet,942.95624,2.9744916
FSNet,978.6293,2.9906182
FSNet,960.0183,2.9822795
FSNet,962.7893,2.9835312
FSNet,954.5951,2.9798193
FSNet,948.8957,2.9772184
FSNet,951.1584,2.978253
FSNet,958.60376,2.9816391
FSNet,948.56366,2.9770665
FSNet,943.31476,2.9746566
FSNet,946.92303,2.9763148
FSNet,966.8863,2.9853754
FSNet,944.20166,2.9750648
FSNet,942.44965,2.9742582
FSNet,938.3562,2.9723678
FSNet,951.86456,2.9785752
FSNet,969.1056,2.986371
FSNet,967.30725,2.9855645
FSNet,958.37354,2.9815347
FSNet,958.19275,2.981453
FSNet,932.66455,2.9697254
FSNet,958.5011,2.9815927
FSNet,945.762,2.975782
FSNet,968.4896,2.986095
FSNet,945.0448,2.9754524
FSNet,929.4227,2.9682133
FSNet,951.49615,2.9784071
FSNet,951.02686,2.9781928
FSNet,957.3508,2.9810712
FSNet,934.9697,2.9707975
FSNet,983.5657,2.9928033
FSNet,945.559,2.9756887
FSNet,947.1894,2.9764369
FSNet,956.20917,2.980553
FSNet,954.6933,2.979864
FSNet,947.194,2.976439
FSNet,943.478,2.9747317
FSNet,959.38556,2.9819932
FSNet,962.8785,2.9835715
FSNet,957.638,2.9812014
FSNet,941.0979,2.9736347
FSNet,946.3772,2.9760642
FSNet,923.3774,2.9653792
FSNet,962.8961,2.9835794
FSNet,961.6811,2.983031
FSNet,943.15643,2.9745836
FSNet,945.3207,2.9755793
FSNet,947.0196,2.976359
FSNet,939.14935,2.9727347
FSNet,940.93115,2.973558
FSNet,961.58734,2.9829888
FSNet,944.6079,2.9752517
FSNet,961.06995,2.982755
FSNet,946.5546,2.9761457
FSNet,969.72363,2.986648
FSNet,966.23804,2.985084
FSNet,953.82153,2.9794672
FSNet,925.06976,2.9661746
FSNet,964.03754,2.984094
FSNet,950.5059,2.9779549
FSNet,945.94006,2.9758637
FSNet,939.4979,2.9728959
FSNet,938.23267,2.9723105
FSNet,937.5036,2.971973
FSNet,946.0877,2.9759314
FSNet,962.47577,2.9833899
FSNet,954.5622,2.9798043
FSNet,947.4413,2.9765522
FSNet,940.48035,2.9733498
FSNet,965.8385,2.9849045
FSNet,939.7603,2.9730172
FSNet,951.5885,2.978449
FSNet,963.7968,2.9839854
FSNet,962.41833,2.9833639
FSNet,931.29456,2.9690871
FSNet,970.27246,2.9868937
FSNet,952.3031,2.9787753
FSNet,937.1369,2.971803
FSNet,963.6801,2.983933
FSNet,954.3485,2.979707
FSNet,931.317,2.9690976
FSNet,936.9967,2.971738
FSNet,932.8212,2.9697983
FSNet,936.9967,2.971738
FSNet,973.52435,2.9883468
FSNet,942.4856,2.9742746
FSNet,949.9706,2.9777102
FSNet,952.2252,2.9787397
FSNet,943.225,2.9746153
FSNet,964.03796,2.9840941
FSNet,949.70416,2.9775884
FSNet,948.83014,2.9771886
FSNet,945.1351,2.975494
FSNet,955.1444,2.980069
FSNet,936.6572,2.9715807
FSNet,950.9512,2.9781582
FSNet,949.2999,2.9774034
FSNet,953.2469,2.9792054
FSNet,934.97974,2.9708023
FSNet,951.4738,2.978397
FSNet,937.87134,2.9721432
FSNet,950.1019,2.97777
FSNet,930.58624,2.9687567
FSNet,933.77954,2.9702444
FSNet,937.218,2.9718406
FSNet,954.1677,2.9796247
FSNet,957.56354,2.9811676
FSNet,934.9248,2.9707768
FSNet,943.30426,2.9746518
FSNet,946.8285,2.9762714
FSNet,937.1616,2.9718144
FSNet,938.5731,2.9724681
FSNet,937.54456,2.971992
FSNet,926.42554,2.9668105
FSNet,936.724,2.9716117
FSNet,954.5927,2.979818
FSNet,963.8103,2.9839916
FSNet,940.391,2.9733086
FSNet,939.294,2.9728014
FSNet,945.4413,2.9756346
FSNet,955.9352,2.9804285
FSNet,969.8073,2.9866855
FSNet,943.60657,2.974791
FSNet,931.1138,2.9690027
FSNet,951.9102,2.978596
FSNet,932.8589,2.969816
FSNet,952.69006,2.9789517
FSNet,928.1442,2.9676154
FSNet,950.71185,2.9780488
FSNet,955.5237,2.9802415
FSNet,945.3802,2.9756064
FSNet,954.1944,2.979637
FSNet,940.5148,2.9733655
FSNet,963.8332,2.9840019
FSNet,955.85583,2.9803925
FSNet,936.2941,2.9714122
FSNet,960.41534,2.982459
FSNet,962.2911,2.9833064
FSNet,943.62317,2.9747987
FSNet,953.61456,2.979373
FSNet,955.1021,2.9800498
FSNet,973.79663,2.9884682
FSNet,965.2739,2.9846506
FSNet,930.1147,2.9685366
FSNet,948.9462,2.9772415
FSNet,979.31036,2.9909203
FSNet,928.5231,2.9677927
FSNet,952.6163,2.978918
FSNet,939.4461,2.9728718
FSNet,965.29266,2.984659
FSNet,969.24097,2.9864318
FSNet,947.79535,2.9767146
FSNet,927.94684,2.967523
FSNet,955.322,2.9801497
FSNet,946.4206,2.9760842
FSNet,943.3251,2.9746614
FSNet,957.7773,2.9812646
FSNet,949.3392,2.9774213
FSNet,951.7782,2.9785357
FSNet,935.92596,2.9712415
FSNet,973.23895,2.9882195
FSNet,953.71106,2.9794168
FSNet,952.7943,2.9789991
FSNet,951.05725,2.9782066
FSNet,947.76733,2.9767017
FSNet,912.6156,2.9602878
FSNet,956.3477,2.9806159
FSNet,952.35974,2.978801
FSNet,942.3753,2.9742239
FSNet,955.82513,2.9803784
FSNet,960.94824,2.9827
FSNet,947.3487,2.9765098
FSNet,936.7866,2.9716406
FSNet,943.5984,2.9747872
FSNet,962.1428,2.9832397
FSNet,943.0458,2.9745328
FSNet,934.9953,2.9708095
FSNet,936.50433,2.9715097
FSNet,942.3487,2.9742117
FSNet,941.7461,2.973934
FSNet,969.36426,2.986487
FSNet,944.47406,2.97519
FSNet,936.0785,2.9713123
FSNet,948.42395,2.9770026
FSNet,936.9076,2.9716969
FSNet,932.649,2.9697182
FSNet,955.9756,2.9804468
FSNet,939.8466,2.973057
FSNet,922.91296,2.9651608
FSNet,962.1693,2.9832516
FSNet,936.3441,2.9714355
FSNet,949.2572,2.9773839
FSNet,955.30475,2.9801419
FSNet,942.80396,2.9744215
FSNet,929.21326,2.9681153
FSNet,954.5824,2.9798133
FSNet,951.978,2.978627
FSNet,960.13367,2.9823318
FSNet,960.0661,2.9823012
FSNet,944.24255,2.9750836
FSNet,955.6615,2.980304
FSNet,951.6315,2.978469
FSNet,968.4386,2.986072
FSNet,958.1308,2.9814248
FSNet,973.9827,2.9885511
FSNet,966.4121,2.9851623
FSNet,961.8292,2.983098
FSNet,953.4282,2.979288
FSNet,950.60315,2.9779992
FSNet,951.4715,2.9783957
FSNet,950.99475,2.978178
FSNet,949.44446,2.9774697
FSNet,944.99097,2.9754276
FSNet,961.4719,2.9829366
FSNet,950.733,2.9780586
FSNet,973.4731,2.988324
FSNet,948.28357,2.9769382
FSNet,949.0403,2.9772847
FSNet,939.153,2.9727364
FSNet,995.00854,2.9978268
FSNet,931.6944,2.9692736
FSNet,933.33923,2.9700396
FSNet,954.5781,2.9798114
FSNet,959.04474,2.981839
FSNet,949.926,2.9776897
FSNet,947.60803,2.9766288
FSNet,957.6908,2.9812253
FSNet,951.61414,2.9784608
FSNet,936.74207,2.97162
FSNet,962.73865,2.9835083
FSNet,955.5241,2.9802415
FSNet,955.8517,2.9803905
FSNet,932.60596,2.9696982
FSNet,945.3967,2.975614
FSNet,946.68176,2.976204
FSNet,947.3479,2.9765096
FSNet,942.6138,2.9743338
FSNet,950.7773,2.9780788
FSNet,948.54175,2.9770565
FSNet,945.8804,2.9758363
FSNet,954.19653,2.9796379
FSNet,957.6864,2.9812233
FSNet,962.8576,2.983562
FSNet,955.77014,2.9803534
FSNet,968.4923,2.9860961
FSNet,962.9038,2.983583
FSNet,946.72076,2.9762218
FSNet,935.8083,2.9711869
FSNet,955.9476,2.9804342
FSNet,968.0628,2.9859035
FSNet,935.18854,2.970899
FSNet,963.30164,2.9837623
FSNet,941.5825,2.9738584
FSNet,941.9614,2.974033
FSNet,946.23596,2.9759994
FSNet,932.7947,2.9697862
FSNet,945.646,2.9757285
FSNet,941.0637,2.973619
FSNet,953.51416,2.9793272
FSNet,955.26355,2.9801233
FSNet,967.7841,2.9857786
FSNet,950.53894,2.97797
FSNet,952.3339,2.9787893
FSNet,960.65674,2.9825683
FSNet,924.50665,2.96591
FSNet,939.2809,2.9727955
FSNet,941.1481,2.9736578
FSNet,933.07874,2.9699183
FSNet,946.2311,2.9759972
FSNet,942.56915,2.9743133
FSNet,940.6308,2.9734192
FSNet,933.92896,2.9703138
FSNet,935.089,2.9708529
FSNet,933.3616,2.9700499
FSNet,944.895,2.9753835
FSNet,938.5993,2.9724803
FSNet,937.0018,2.9717405
FSNet,960.1234,2.982327
FSNet,957.833,2.9812899
FSNet,941.3646,2.973758
FSNet,946.18787,2.9759774
FSNet,975.7209,2.9893255
FSNet,949.725,2.977598
FSNet,941.1888,2.9736767
FSNet,944.05273,2.9749963
FSNet,969.5952,2.9865904
FSNet,953.0638,2.979122
FSNet,939.16003,2.9727397
FSNet,932.7323,2.969757
FSNet,955.05725,2.9800293
FSNet,925.5544,2.966402
FSNet,953.59973,2.979366
FSNet,945.90424,2.9758472
FSNet,954.4758,2.979765
FSNet,937.18475,2.9718251
FSNet,967.9583,2.9858568
FSNet,957.57697,2.9811738
FSNet,955.6361,2.9802926
FSNet,930.73956,2.9688282
FSNet,933.3536,2.9700463
FSNet,950.59155,2.977994
FSNet,964.90735,2.9844856
FSNet,945.3214,2.9755795
FSNet,961.7596,2.9830666
FSNet,946.8513,2.976282
FSNet,937.4125,2.9719307
FSNet,953.14233,2.9791577
FSNet,938.0127,2.9722087
FSNet,931.83575,2.9693394
FSNet,957.84283,2.9812942
FSNet,939.44586,2.9728718
FSNet,953.7784,2.9794474
FSNet,950.0028,2.9777248
FSNet,945.4957,2.9756596
FSNet,947.8468,2.9767382
FSNet,952.8125,2.9790075
FSNet,955.5165,2.9802382
FSNet,951.4081,2.9783669
FSNet,947.2153,2.9764488
FSNet,934.77344,2.9707065
FSNet,936.10486,2.9713244
FSNet,938.41876,2.9723966
FSNet,948.70795,2.9771326
FSNet,959.7258,2.9821472
FSNet,937.0722,2.9717731
FSNet,952.94495,2.9790678
FSNet,952.78394,2.9789944
FSNet,951.6497,2.9784772
FSNet,950.0032,2.977725
FSNet,953.78217,2.9794493
FSNet,945.54407,2.9756818
FSNet,948.4837,2.9770298
FSNet,943.77246,2.9748673
FSNet,941.4592,2.9738016
FSNet,932.60364,2.969697
FSNet,938.2191,2.9723043
FSNet,948.61523,2.9770901
FSNet,945.6925,2.97575
FSNet,945.2338,2.9755392
FSNet,937.3279,2.9718916
FSNet,956.97534,2.9809008
FSNet,957.5769,2.9811738
FSNet,939.01904,2.9726744
FSNet,939.28204,2.972796
FSNet,939.73444,2.973005
FSNet,951.65875,2.9784813
FSNet,937.67566,2.9720526
FSNet,972.0946,2.9877086
FSNet,959.4756,2.982034
FSNet,948.0248,2.9768198
FSNet,933.2921,2.9700177
FSNet,945.87585,2.9758341
FSNet,946.88025,2.976295
FSNet,920.44135,2.9639962
FSNet,954.812,2.9799178
FSNet,934.2709,2.9704728
FSNet,952.5729,2.9788983
FSNet,947.19556,2.9764397
FSNet,948.5801,2.977074
FSNet,937.0395,2.971758
FSNet,957.5431,2.9811583
FSNet,978.2701,2.9904587
FSNet,948.88666,2.9772143
FSNet,947.97144,2.9767952
FSNet,952.10486,2.9786847
FSNet,926.6464,2.966914
FSNet,955.5588,2.9802575
FSNet,941.1019,2.9736366
FSNet,930.32025,2.9686325
FSNet,979.024,2.9907932
FSNet,948.0998,2.976854
FSNet,956.32947,2.9806075
FSNet,972.1109,2.9877157
FSNet,930.39685,2.9686682
FSNet,971.23334,2.9873235
FSNet,958.78894,2.981723
FSNet,959.0807,2.9818552
FSNet,959.31635,2.9819617
FSNet,933.6791,2.9701977
FSNet,938.78986,2.9725683
FSNet,954.3208,2.9796944
FSNet,952.21747,2.9787362
FSNet,964.87994,2.9844732
FSNet,934.1483,2.9704158
FSNet,960.18243,2.9823537
FSNet,934.2069,2.970443
FSNet,947.0166,2.9763577
FSNet,953.2372,2.979201
FSNet,957.6431,2.9812038
FSNet,953.2844,2.9792225
FSNet,961.0675,2.982754
FSNet,933.1293,2.9699419
FSNet,935.907,2.9712327
FSNet,958.91174,2.9817786
FSNet,945.80786,2.975803
FSNet,951.31433,2.978324
FSNet,935.3447,2.9709716
FSNet,937.70074,2.9720643
FSNet,930.4781,2.9687061
FSNet,945.843,2.975819
FSNet,947.4158,2.9765406
FSNet,942.719,2.9743822
FSNet,952.3295,2.9787872
FSNet,965.9724,2.9849646
FSNet,963.50854,2.9838555
FSNet,958.2328,2.981471
FSNet,929.10876,2.9680665
FSNet,946.92334,2.9763148
FSNet,953.8188,2.979466
FSNet,944.68726,2.9752882
FSNet,931.559,2.9692104
FSNet,952.7486,2.9789784
FSNet,951.30054,2.9783177
FSNet,950.42664,2.9779186
FSNet,949.272,2.9773908
FSNet,955.28064,2.980131
FSNet,931.83026,2.9693367
FSNet,952.08795,2.978677
FSNet,959.6849,2.9821286
FSNet,965.40857,2.9847112
FSNet,941.65265,2.9738908
FSNet,935.2142,2.970911
FSNet,950.84937,2.9781117
FSNet,967.45166,2.9856293
FSNet,938.91895,2.972628
FSNet,942.0419,2.9740703
FSNet,949.1269,2.9773242
FSNet,958.9921,2.981815
FSNet,947.7291,2.9766843
FSNet,930.3397,2.9686415
FSNet,934.5311,2.9705937
FSNet,957.5605,2.9811661
FSNet,968.67114,2.9861763
FSNet,955.8292,2.9803803
FSNet,934.95044,2.9707885
FSNet,960.3327,2.9824216
FSNet,950.2919,2.977857
FSNet,965.1441,2.9845922
FSNet,954.7414,2.9798858
FSNet,951.1799,2.9782627
FSNet,947.0021,2.976351
FSNet,931.48663,2.9691765
FSNet,928.6828,2.9678674
FSNet,954.9176,2.979966
FSNet,951.8887,2.9785862
FSNet,949.4813,2.9774864
FSNet,933.22675,2.9699872
FSNet,946.47736,2.9761102
FSNet,961.5453,2.9829698
FSNet,947.2788,2.9764779
FSNet,937.43567,2.9719415
FSNet,948.2776,2.9769354
FSNet,960.93085,2.9826922
FSNet,940.9185,2.973552
FSNet,953.06836,2.979124
FSNet,938.00977,2.9722073
FSNet,953.0697,2.9791245
FSNet,952.7212,2.9789658
FSNet,954.3568,2.9797108
FSNet,947.2195,2.9764507
FSNet,932.73694,2.9697592
FSNet,930.4821,2.968708
FSNet,953.09827,2.9791377
FSNet,949.7428,2.977606
FSNet,951.8864,2.9785852
FSNet,940.73834,2.9734688
FSNet,934.5599,2.970607
FSNet,963.1705,2.9837031
FSNet,961.13477,2.9827843
FSNet,941.3397,2.9737463
FSNet,945.49805,2.9756606
FSNet,962.4439,2.9833753
FSNet,940.18896,2.973215
FSNet,943.9103,2.9749308
FSNet,954.5526,2.9798
FSNet,957.8124,2.9812803
FSNet,952.7435,2.978976
FSNet,938.96075,2.9726474
FSNet,941.09814,2.973635
FSNet,953.47217,2.9793081
FSNet,931.1223,2.9690068
FSNet,957.8438,2.9812946
FSNet,957.5449,2.9811592
FSNet,952.20325,2.9787297
FSNet,935.69275,2.9711332
FSNet,980.4802,2.9914389
FSNet,936.4307,2.9714756
FSNet,951.91284,2.9785972
FSNet,948.48816,2.977032
FSNet,952.61835,2.978919
FSNet,950.3496,2.9778833
FSNet,956.1086,2.9805071
FSNet,928.7117,2.967881
FSNet,944.77844,2.9753299
FSNet,946.8712,2.976291
FSNet,956.1996,2.9805486
FSNet,931.3395,2.969108
FSNet,958.345,2.9815218
FSNet,938.1333,2.9722645
FSNet,942.6947,2.974371
FSNet,969.04956,2.986346
FSNet,945.94116,2.9758642
FSNet,980.24896,2.9913363
FSNet,945.95667,2.9758713
FSNet,927.47046,2.9673002
FSNet,979.423,2.9909704
FSNet,961.7366,2.983056
FSNet,960.56116,2.982525
FSNet,948.1845,2.976893
FSNet,951.32947,2.9783309
FSNet,955.8598,2.9803941
FSNet,934.8876,2.9707594
FSNet,938.1573,2.9722757
FSNet,957.2503,2.9810255
FSNet,943.78394,2.9748726
FSNet,952.0536,2.9786613
FSNet,948.5148,2.977044
FSNet,945.34235,2.975589
FSNet,944.8699,2.975372
FSNet,930.5473,2.9687386
FSNet,949.4125,2.977455
FSNet,954.9078,2.9799614
FSNet,949.2884,2.9773982
FSNet,956.8325,2.980836
FSNet,945.83435,2.975815
FSNet,963.087,2.9836655
FSNet,967.1049,2.9854736
FSNet,934.1521,2.9704175
FSNet,947.78174,2.9767084
FSNet,955.02454,2.9800146
FSNet,951.54297,2.9784284
FSNet,927.5575,2.967341
FSNet,937.36084,2.971907
FSNet,945.1156,2.9754848
FSNet,936.8992,2.9716928
FSNet,952.61584,2.9789178
FSNet,956.9634,2.9808953
FSNet,955.53296,2.9802456
FSNet,941.60376,2.9738681
FSNet,942.7166,2.9743812
FSNet,958.25885,2.9814827
FSNet,951.8286,2.9785588
FSNet,952.76556,2.978986
FSNet,950.95795,2.9781613
FSNet,956.9573,2.9808927
FSNet,949.62537,2.9775524
FSNet,936.72076,2.97161
FSNet,948.2309,2.9769142
FSNet,958.00323,2.9813669
FSNet,956.1449,2.9805238
FSNet,944.6982,2.9752932
FSNet,954.94275,2.9799774
FSNet,947.58374,2.9766176
FSNet,956.6641,2.9807594
FSNet,947.3618,2.9765158
FSNet,948.72235,2.9771392
FSNet,960.4321,2.9824667
FSNet,942.3296,2.9742029
FSNet,956.2173,2.9805565
FSNet,974.5121,2.9887872
FSNet,963.55707,2.9838774
FSNet,950.0848,2.9777625
FSNet,940.18445,2.973213
FSNet,941.3047,2.9737303
FSNet,954.85956,2.9799395
FSNet,953.69666,2.9794102
FSNet,958.20325,2.9814577
FSNet,967.0703,2.9854581
FSNet,955.46704,2.9802158
FSNet,957.5026,2.98114
FSNet,970.36487,2.9869351
FSNet,942.65717,2.9743538
FSNet,949.12415,2.977323
FSNet,957.80237,2.9812758
FSNet,923.25336,2.9653208
FSNet,950.08185,2.977761
FSNet,963.3991,2.9838061
FSNet,932.8485,2.9698112
FSNet,938.5167,2.972442
FSNet,957.72864,2.9812424
FSNet,967.85547,2.9858105
FSNet,948.5487,2.9770596
FSNet,949.77075,2.9776187
FSNet,950.2252,2.9778266
FSNet,948.4389,2.9770093
FSNet,931.9966,2.9694142
FSNet,941.8851,2.9739978
FSNet,944.4059,2.9751587
FSNet,943.4477,2.9747179
FSNet,951.6691,2.978486
FSNet,958.9762,2.9818077
FSNet,976.8121,2.989811
FSNet,935.85486,2.9712086
FSNet,947.3125,2.9764934
FSNet,939.18256,2.97275
FSNet,956.4232,2.9806502
FSNet,939.4387,2.9728684
FSNet,949.0668,2.9772968
FSNet,948.87933,2.977211
FSNet,957.6824,2.9812214
FSNet,958.92456,2.9817843
FSNet,958.99585,2.9818168
FSNet,948.83716,2.9771917
FSNet,947.0049,2.9763522
FSNet,940.6863,2.9734447
FSNet,941.79865,2.973958
FSNet,959.71576,2.9821427
FSNet,932.14667,2.9694843
FSNet,940.38135,2.973304
FSNet,962.8088,2.98354
FSNet,940.64014,2.9734235
FSNet,935.54785,2.971066
FSNet,966.8571,2.9853623
FSNet,933.8787,2.9702904
FSNet,956.0658,2.9804878
FSNet,971.7759,2.9875662
FSNet,969.6195,2.9866014
FSNet,949.3237,2.9774144
FSNet,970.09546,2.9868145
FSNet,932.25684,2.9695356
FSNet,952.165,2.9787123
FSNet,953.2655,2.979214
FSNet,945.96936,2.975877
FSNet,950.4103,2.9779112
FSNet,963.1616,2.983699
FSNet,958.0199,2.9813745
FSNet,956.9849,2.980905
FSNet,940.67413,2.9734392
FSNet,953.8628,2.979486
FSNet,939.88,2.9730725
FSNet,946.0196,2.9759002
FSNet,948.0837,2.9768467
FSNet,940.1622,2.9732027
FSNet,942.47,2.9742675
FSNet,951.79266,2.9785423
FSNet,946.3232,2.9760394
FSNet,969.6499,2.986615
FSNet,967.1092,2.9854755
FSNet,967.49695,2.9856496
FSNet,938.86554,2.9726033
FSNet,948.79425,2.9771721
FSNet,962.56433,2.9834297
FSNet,963.4663,2.9838367
FSNet,947.08386,2.9763885
FSNet,969.9561,2.986752
FSNet,929.2979,2.968155
FSNet,951.28046,2.9783087
FSNet,948.98224,2.977258
FSNet,953.796,2.9794555
FSNet,943.1292,2.9745712
FSNet,955.2301,2.980108
FSNet,939.11456,2.9727185
FSNet,935.0732,2.9708457
FSNet,959.0043,2.9818206
FSNet,938.94415,2.9726398
FSNet,941.08594,2.9736292
FSNet,946.3583,2.9760556
FSNet,978.99963,2.9907825
FSNet,950.96814,2.9781659
FSNet,956.70166,2.9807765
FSNet,955.147,2.98007
FSNet,928.8349,2.9679384
FSNet,955.6036,2.9802778
FSNet,942.6166,2.974335
FSNet,957.8959,2.9813182
FSNet,943.10156,2.9745584
FSNet,950.50836,2.977956
FSNet,964.4512,2.9842803
FSNet,950.4826,2.9779441
FSNet,953.27576,2.9792185
FSNet,969.78894,2.9866772
FSNet,949.82556,2.977644
FSNet,948.6017,2.977084
FSNet,948.8684,2.977206
FSNet,937.6743,2.972052
FSNet,949.50867,2.977499
FSNet,981.3993,2.9918458
FSNet,943.5134,2.9747481
FSNet,940.84045,2.973516
FSNet,939.52734,2.9729095
FSNet,946.64825,2.9761887
FSNet,952.1597,2.9787097
FSNet,941.5001,2.9738204
FSNet,965.0634,2.984556
FSNet,944.9935,2.9754288
FSNet,961.02783,2.9827359
FSNet,955.4773,2.9802203
FSNet,933.4037,2.9700694
FSNet,948.75323,2.9771533
FSNet,947.98535,2.9768016
FSNet,955.8456,2.9803877
FSNet,951.3882,2.9783578
FSNet,949.0387,2.977284
FSNet,937.1017,2.9717867
FSNet,949.45715,2.9774754
FSNet,957.19885,2.981002
FSNet,957.04144,2.9809308
FSNet,936.11676,2.97133
FSNet,953.94727,2.9795244
FSNet,946.69147,2.9762084
FSNet,930.1066,2.9685328
FSNet,950.2335,2.9778304
FSNet,940.14355,2.9731941
FSNet,951.6119,2.9784598
FSNet,968.40344,2.9860563
FSNet,924.98083,2.9661326
FSNet,947.8391,2.9767346
FSNet,950.98706,2.9781747
FSNet,943.5,2.974742
FSNet,943.209,2.974608
FSNet,950.0218,2.9777336
FSNet,945.05066,2.975455
FSNet,962.65375,2.9834702
FSNet,935.55597,2.9710698
FSNet,938.9503,2.9726427
FSNet,942.85834,2.9744465
FSNet,941.92975,2.9740186
FSNet,938.975,2.972654
FSNet,952.20233,2.9787292
FSNet,946.7987,2.9762576
FSNet,945.0989,2.9754772
FSNet,961.05664,2.982749
FSNet,940.69556,2.973449
FSNet,959.4696,2.982031
FSNet,958.5249,2.9816034
FSNet,934.0872,2.9703875
FSNet,949.90674,2.977681
FSNet,944.2875,2.9751043
FSNet,945.0421,2.9754512
FSNet,955.9862,2.9804516
FSNet,955.70526,2.980324
FSNet,974.2161,2.9886553
FSNet,948.7181,2.977137
FSNet,957.8032,2.9812763
FSNet,951.7791,2.9785361
FSNet,944.64215,2.9752674
FSNet,938.094,2.9722464
FSNet,953.12524,2.97915
FSNet,953.9678,2.9795337
FSNet,971.8747,2.9876103
FSNet,934.4051,2.9705353
FSNet,938.0438,2.972223
FSNet,956.2294,2.980562
FSNet,947.4984,2.9765785
FSNet,939.3048,2.9728065
FSNet,940.10815,2.973178
FSNet,968.07886,2.9859107
FSNet,954.9831,2.9799957
FSNet,960.88434,2.982671
FSNet,925.07153,2.9661753
FSNet,947.41583,2.9765406
FSNet,946.26154,2.9760113
FSNet,964.9478,2.9845037
FSNet,951.8328,2.9785607
FSNet,973.79016,2.9884653
FSNet,956.98804,2.9809065
FSNet,950.7998,2.978089
FSNet,953.04315,2.9791126
FSNet,951.3345,2.9783332
FSNet,948.0405,2.976827
FSNet,944.45044,2.9751792
FSNet,953.17706,2.9791737
FSNet,944.647,2.9752696
FSNet,930.8838,2.9688954
FSNet,945.6405,2.9757261
FSNet,957.46045,2.9811208
FSNet,971.3258,2.987365
FSNet,928.43176,2.96775
FSNet,943.11633,2.9745653
FSNet,937.1271,2.9717984
FSNet,959.14685,2.9818852
FSNet,947.26575,2.976472
FSNet,947.75323,2.9766953
FSNet,948.5991,2.9770827
FSNet,946.5659,2.9761508
FSNet,955.39453,2.9801826
FSNet,959.8154,2.9821877
FSNet,957.59485,2.9811819
FSNet,952.7758,2.9789908
FSNet,937.0573,2.9717662
FSNet,937.71246,2.9720697
FSNet,958.0804,2.981402
FSNet,942.7472,2.9743953
FSNet,944.47217,2.9751892
FSNet,963.4752,2.9838405
FSNet,954.15186,2.9796176
FSNet,959.78,2.9821718
FSNet,948.4884,2.977032
FSNet,946.93274,2.976319
FSNet,938.90686,2.9726224
FSNet,948.9306,2.9772344
FSNet,951.7905,2.9785414
FSNet,945.03186,2.9754465
FSNet,933.1257,2.9699402
FSNet,952.5669,2.9788954
FSNet,948.1385,2.9768717
FSNet,953.57947,2.979357
FSNet,949.27454,2.9773917
FSNet,945.0355,2.9754481
FSNet,944.0412,2.9749908
FSNet,923.95074,2.965649
FSNet,926.25995,2.966733
FSNet,957.5725,2.9811716
FSNet,924.60944,2.9659584
FSNet,944.9498,2.9754088
FSNet,934.27924,2.9704766
FSNet,948.0375,2.9768255
FSNet,956.46094,2.9806674
FSNet,939.9144,2.9730883
FSNet,969.79126,2.9866784
FSNet,945.5239,2.9756725
FSNet,937.5943,2.972015
FSNet,952.03424,2.9786525
FSNet,955.59937,2.9802759
FSNet,950.40906,2.9779105
FSNet,940.06,2.9731555
FSNet,941.8566,2.9739847
FSNet,956.44354,2.9806592
FSNet,932.0291,2.9694295
FSNet,937.233,2.9718475
FSNet,942.0211,2.9740605
FSNet,911.8529,2.9599247
FSNet,939.6072,2.9729464
FSNet,947.3296,2.976501
FSNet,921.648,2.964565
FSNet,933.5509,2.970138
FSNet,949.83466,2.977648
FSNet,926.7987,2.9669855
FSNet,947.1015,2.9763966
FSNet,921.6527,2.9645674
FSNet,917.67474,2.9626887
FSNet,925.34955,2.9663057
FSNet,908.195,2.958179
FSNet,948.1296,2.9768677
FSNet,953.20667,2.979187
FSNet,948.3053,2.9769483
FSNet,941.608,2.97387
FSNet,936.70483,2.9716027
FSNet,952.6698,2.9789424
FSNet,924.8269,2.9660604
FSNet,943.5651,2.974772
FSNet,917.69116,2.9626966
FSNet,941.0133,2.9735959
FSNet,924.5569,2.9659336
FSNet,916.922,2.9623325
FSNet,935.0734,2.9708457
FSNet,918.64716,2.9631488
FSNet,922.7603,2.9650888
FSNet,938.41656,2.9723957
FSNet,950.30664,2.9778638
FSNet,935.174,2.9708924
FSNet,958.1392,2.9814286
FSNet,931.8854,2.9693625
FSNet,924.6187,2.9659626
FSNet,934.4064,2.9705358
FSNet,944.94574,2.975407
FSNet,934.7548,2.9706976
FSNet,924.86346,2.9660776
FSNet,940.2067,2.9732234
FSNet,950.1733,2.9778028
FSNet,927.1963,2.9671717
FSNet,938.28986,2.972337
FSNet,940.4906,2.9733546
FSNet,935.49854,2.971043
FSNet,937.84174,2.9721296
FSNet,953.0555,2.979118
FSNet,916.8776,2.9623113
FSNet,916.76215,2.9622567
FSNet,940.6565,2.973431
FSNet,942.5644,2.974311
FSNet,918.1966,2.9629357
FSNet,922.8195,2.9651167
FSNet,932.0903,2.9694579
FSNet,911.54736,2.9597793
FSNet,920.98804,2.964254
FSNet,935.2298,2.9709184
FSNet,934.95374,2.9707901
FSNet,927.42236,2.9672775
FSNet,938.4155,2.9723952
FSNet,943.772,2.974867
FSNet,939.9574,2.973108
FSNet,936.3816,2.971453
FSNet,932.48157,2.9696403
FSNet,913.4252,2.960673
FSNet,934.8834,2.9707575
FSNet,936.64636,2.9715757
FSNet,932.63715,2.9697127
FSNet,909.5627,2.9588327
FSNet,927.7036,2.9674091
FSNet,929.8529,2.9684143
FSNet,924.59424,2.9659512
FSNet,945.8389,2.9758172
FSNet,930.155,2.9685555
FSNet,925.3894,2.9663246
FSNet,937.3573,2.9719052
FSNet,936.0536,2.9713006
FSNet,930.2155,2.9685836
FSNet,937.1023,2.971787
FSNet,933.61896,2.9701695
FSNet,938.7608,2.972555
FSNet,946.2873,2.976023
FSNet,951.8069,2.9785488
FSNet,913.8546,2.9608772
FSNet,935.1671,2.9708893
FSNet,920.5537,2.964049
FSNet,926.2611,2.9667335
FSNet,939.896,2.9730797
FSNet,929.32477,2.9681675
FSNet,942.60205,2.9743283
FSNet,948.3563,2.9769716
FSNet,934.78625,2.9707124
FSNet,925.23694,2.966253
FSNet,933.9181,2.9703088
FSNet,927.2797,2.9672108
FSNet,937.37305,2.9719124
FSNet,961.7302,2.9830532
FSNet,944.4441,2.9751763
FSNet,931.3989,2.9691358
FSNet,928.58203,2.9678202
FSNet,937.975,2.9721913
FSNet,937.39355,2.971922
FSNet,929.6271,2.9683087
FSNet,934.5264,2.9705915
FSNet,932.13477,2.9694786
FSNet,937.6405,2.9720364
FSNet,942.7115,2.9743788
FSNet,935.90247,2.9712305
FSNet,924.4995,2.9659066
FSNet,922.6317,2.9650283
FSNet,923.0975,2.9652476
FSNet,948.2011,2.9769006
FSNet,917.4734,2.9625936
FSNet,936.55096,2.9715314
FSNet,946.09503,2.9759347
FSNet,928.71014,2.9678802
FSNet,925.21094,2.9662406
FSNet,920.58203,2.9640625
FSNet,924.7804,2.9660387
FSNet,932.80334,2.96979
FSNet,929.1178,2.9680707
FSNet,927.2264,2.9671857
FSNet,928.6321,2.9678438
FSNet,937.1542,2.971811
FSNet,939.7534,2.9730139
FSNet,925.85657,2.9665437
FSNet,942.30286,2.9741905
FSNet,926.42346,2.9668095
FSNet,936.3328,2.9714303
FSNet,953.3695,2.9792612
FSNet,937.4112,2.97193
FSNet,921.678,2.964579
FSNet,918.0222,2.9628532
FSNet,938.1135,2.9722555
FSNet,945.1468,2.9754992
FSNet,923.1167,2.9652567
FSNet,937.48584,2.9719646
FSNet,924.09094,2.9657147
FSNet,931.33386,2.9691055
FSNet,934.63904,2.970644
FSNet,915.1492,2.9614918
FSNet,928.2721,2.9676752
FSNet,921.0906,2.9643023
FSNet,950.947,2.9781563
FSNet,936.1547,2.9713476
FSNet,926.9177,2.9670413
FSNet,938.05975,2.9722304
FSNet,947.20624,2.9764445
FSNet,927.41986,2.9672763
FSNet,928.7721,2.967909
FSNet,952.93756,2.9790645
FSNet,936.82355,2.9716578
FSNet,935.3635,2.9709804
FSNet,925.09875,2.9661882
FSNet,943.8236,2.974891
FSNet,924.3892,2.965855
FSNet,944.2627,2.975093
FSNet,947.0081,2.9763536
FSNet,922.37415,2.9649072
FSNet,924.82404,2.9660592
FSNet,937.9917,2.972199
FSNet,914.89685,2.9613721
FSNet,929.9466,2.968458
FSNet,921.7865,2.9646304
FSNet,930.1465,2.9685514
FSNet,910.54376,2.9593008
FSNet,926.0864,2.9666514
FSNet,951.10315,2.9782276
FSNet,917.4883,2.9626005
FSNet,920.89703,2.964211
FSNet,930.4989,2.968716
FSNet,936.92065,2.9717028
FSNet,921.39307,2.9644449
FSNet,925.71765,2.9664786
FSNet,932.42883,2.9696157
FSNet,944.65125,2.9752715
FSNet,936.5664,2.9715385
FSNet,946.94116,2.976323
FSNet,922.684,2.965053
FSNet,930.57996,2.9687536
FSNet,940.83246,2.9735122
FSNet,926.3147,2.9667585
FSNet,966.58765,2.9852412
FSNet,936.0049,2.9712782
FSNet,943.6618,2.9748163
FSNet,941.6637,2.9738958
FSNet,932.5838,2.969688
FSNet,938.05194,2.9722269
FSNet,949.6613,2.9775689
FSNet,928.81573,2.9679296
FSNet,928.2292,2.9676552
FSNet,929.99176,2.9684792
FSNet,949.0972,2.9773107
FSNet,927.8807,2.967492
FSNet,925.6975,2.966469
FSNet,920.8275,2.9641783
FSNet,938.33374,2.9723573
FSNet,955.6433,2.980296
FSNet,956.56555,2.9807148
FSNet,938.3651,2.9723718
FSNet,940.65063,2.9734282
FSNet,914.7465,2.9613008
FSNet,943.0729,2.9745452
FSNet,914.9941,2.9614184
FSNet,953.3749,2.9792638
FSNet,927.92847,2.9675145
FSNet,913.4302,2.9606752
FSNet,933.43066,2.970082
FSNet,934.7915,2.9707148
FSNet,942.2576,2.9741697
FSNet,921.20435,2.964356
FSNet,965.8266,2.984899
FSNet,928.98474,2.9680085
FSNet,930.553,2.9687412
FSNet,938.83295,2.9725883
FSNet,942.2563,2.974169
FSNet,931.3859,2.9691296
FSNet,923.3841,2.9653823
FSNet,944.45764,2.9751825
FSNet,948.72473,2.9771402
FSNet,939.0395,2.972684
FSNet,921.9471,2.964706
FSNet,929.9168,2.968444
FSNet,903.7712,2.9560585
FSNet,941.14905,2.9736583
FSNet,944.51324,2.975208
FSNet,930.61475,2.96877
FSNet,927.87683,2.9674904
FSNet,930.85596,2.9688826
FSNet,920.91425,2.964219
FSNet,924.2991,2.9658124
FSNet,944.8153,2.9753468
FSNet,925.9419,2.9665837
FSNet,942.49097,2.9742773
FSNet,931.9649,2.9693995
FSNet,950.9231,2.9781454
FSNet,954.5691,2.9798074
FSNet,934.2072,2.9704432
FSNet,905.05176,2.9566734
FSNet,942.2764,2.9741783
FSNet,929.98096,2.9684741
FSNet,933.2466,2.9699965
FSNet,920.06415,2.963818
FSNet,916.5099,2.9621372
FSNet,917.9828,2.9628346
FSNet,927.2132,2.9671795
FSNet,948.0808,2.9768453
FSNet,937.4032,2.9719265
FSNet,923.6692,2.9655166
FSNet,923.1527,2.9652736
FSNet,946.485,2.9761138
FSNet,927.01807,2.9670882
FSNet,930.053,2.9685078
FSNet,950.5213,2.9779618
FSNet,949.0592,2.9772933
FSNet,914.3767,2.9611251
FSNet,955.00555,2.980006
FSNet,934.0661,2.9703777
FSNet,924.53845,2.965925
FSNet,948.7012,2.9771295
FSNet,937.16113,2.9718142
FSNet,921.38025,2.964439
FSNet,922.3464,2.964894
FSNet,917.10205,2.9624176
FSNet,917.2279,2.9624772
FSNet,953.7256,2.9794235
FSNet,927.3749,2.9672554
FSNet,929.7508,2.9683666
FSNet,931.24335,2.9690633
FSNet,926.0923,2.9666543
FSNet,945.8722,2.9758325
FSNet,931.7558,2.9693022
FSNet,932.9442,2.9698558
FSNet,921.9389,2.9647021
FSNet,935.53,2.9710577
FSNet,920.8015,2.964166
FSNet,930.67566,2.9687984
FSNet,936.09326,2.9713192
FSNet,937.5304,2.9719853
FSNet,916.80225,2.9622757
FSNet,931.60834,2.9692333
FSNet,919.8125,2.9636993
FSNet,932.756,2.969768
FSNet,911.6318,2.9598196
FSNet,922.8712,2.965141
FSNet,921.8674,2.9646685
FSNet,938.1544,2.9722743
FSNet,937.50854,2.9719753
FSNet,925.1237,2.9661999
FSNet,926.6366,2.9669094
FSNet,925.5363,2.9663935
FSNet,918.93384,2.9632843
FSNet,921.45776,2.9644754
FSNet,922.82996,2.9651217
FSNet,909.34784,2.95873
FSNet,918.736,2.9631908
FSNet,933.17096,2.9699612
FSNet,948.1778,2.9768898
FSNet,931.57733,2.969219
FSNet,921.19196,2.9643502
FSNet,928.5193,2.9677908
FSNet,943.1697,2.9745898
FSNet,951.1265,2.9782383
FSNet,926.2083,2.9667087
FSNet,916.00385,2.9618974
FSNet,934.871,2.9707518
FSNet,916.41364,2.9620914
FSNet,933.0036,2.9698832
FSNet,917.0111,2.9623747
FSNet,924.81116,2.966053
FSNet,939.18066,2.9727492
FSNet,929.0169,2.9680235
FSNet,940.6089,2.9734092
FSNet,926.4225,2.966809
FSNet,945.6358,2.975724
FSNet,942.56934,2.9743133
FSNet,921.4117,2.9644537
FSNet,944.1858,2.9750574
FSNet,940.8118,2.9735029
FSNet,926.67847,2.966929
FSNet,935.7624,2.9711657
FSNet,937.2375,2.9718497
FSNet,953.8822,2.9794948
FSNet,951.4788,2.978399
FSNet,914.84515,2.9613476
FSNet,931.6205,2.969239
FSNet,961.5907,2.9829903
FSNet,911.3223,2.959672
FSNet,934.955,2.9707906
FSNet,926.4101,2.9668033
FSNet,937.0921,2.9717822
FSNet,952.65326,2.9789348
FSNet,925.57245,2.9664104
FSNet,910.135,2.9591057
FSNet,934.1084,2.9703972
FSNet,925.32227,2.966293
FSNet,928.9313,2.9679835
FSNet,938.1773,2.972285
FSNet,928.3712,2.9677217
FSNet,934.4501,2.970556
FSNet,916.8275,2.9622877
FSNet,964.68304,2.9843845
FSNet,937.6238,2.9720285
FSNet,930.64264,2.968783
FSNet,931.92413,2.9693806
FSNet,932.8671,2.9698198
FSNet,890.3163,2.9495444
FSNet,937.9885,2.9721975
FSNet,933.77783,2.9702435
FSNet,930.03564,2.9684997
FSNet,936.0182,2.9712844
FSNet,944.89905,2.9753854
FSNet,927.7429,2.9674277
FSNet,920.40295,2.963978
FSNet,925.4335,2.9663453
FSNet,942.1559,2.9741228
FSNet,923.7451,2.965552
FSNet,914.5519,2.9612083
FSNet,918.8445,2.963242
FSNet,924.01117,2.9656773
FSNet,921.8119,2.9646423
FSNet,948.6891,2.977124
FSNet,925.2843,2.9662752
FSNet,921.84454,2.9646578
FSNet,929.8393,2.9684079
FSNet,922.38257,2.964911
FSNet,912.8228,2.9603865
FSNet,941.8362,2.9739754
FSNet,919.81226,2.963699
FSNet,908.5036,2.9583266
FSNet,952.31793,2.978782
FSNet,918.473,2.9630663
FSNet,928.54504,2.967803
FSNet,936.1646,2.9713523
FSNet,926.6832,2.9669313
FSNet,912.9676,2.9604554
FSNet,946.271,2.9760156
FSNet,934.4674,2.9705641
FSNet,944.0277,2.9749846
FSNet,937.6222,2.9720278
FSNet,933.9519,2.9703245
FSNet,937.0959,2.971784
FSNet,932.8233,2.9697993
FSNet,949.32153,2.9774134
FSNet,938.91187,2.9726248
FSNet,965.3213,2.9846718
FSNet,953.5167,2.9793284
FSNet,946.25195,2.9760067
FSNet,936.5366,2.9715247
FSNet,934.1759,2.9704287
FSNet,908.8298,2.9584825
FSNet,933.7418,2.9702268
FSNet,930.1977,2.9685752
FSNet,927.1759,2.9671621
FSNet,946.5239,2.9761317
FSNet,931.32825,2.9691029
FSNet,955.23804,2.9801116
FSNet,930.94257,2.9689229
FSNet,931.4108,2.9691412
FSNet,923.41907,2.9653988
FSNet,980.79083,2.9915764
FSNet,913.3139,2.9606202
FSNet,917.9336,2.9628112
FSNet,944.9151,2.9753928
FSNet,938.98627,2.9726593
FSNet,932.76465,2.969772
FSNet,933.83923,2.970272
FSNet,939.9663,2.9731123
FSNet,949.94556,2.9776988
FSNet,917.5918,2.9626496
FSNet,948.1453,2.9768748
FSNet,939.0277,2.9726784
FSNet,939.8263,2.9730475
FSNet,917.8566,2.9627748
FSNet,927.811,2.9674594
FSNet,931.84106,2.9693418
FSNet,931.21375,2.9690495
FSNet,924.3094,2.9658175
FSNet,932.96783,2.9698668
FSNet,926.62616,2.9669046
FSNet,928.48047,2.9677727
FSNet,936.358,2.971442
FSNet,941.6912,2.9739084
FSNet,945.12195,2.975488
FSNet,936.2932,2.971412
FSNet,954.9716,2.9799905
FSNet,945.0699,2.9754639
FSNet,926.232,2.9667199
FSNet,917.4582,2.9625862
FSNet,939.4998,2.9728968
FSNet,948.9018,2.9772213
FSNet,919.6672,2.9636307
FSNet,942.9172,2.9744735
FSNet,926.68445,2.9669318
FSNet,920.798,2.9641643
FSNet,927.92065,2.967511
FSNet,918.4601,2.9630604
FSNet,928.11774,2.967603
FSNet,926.73413,2.9669552
FSNet,931.8906,2.969365
FSNet,937.7939,2.9721074
FSNet,950.5868,2.9779918
FSNet,935.1804,2.9708953
FSNet,932.3835,2.9695945
FSNet,943.9009,2.9749265
FSNet,909.3299,2.9587214
FSNet,920.1686,2.9638674
FSNet,924.80383,2.9660497
FSNet,914.94666,2.9613957
FSNet,927.9454,2.9675224
FSNet,924.98505,2.9661348
FSNet,924.14264,2.965739
FSNet,917.52795,2.9626193
FSNet,917.2054,2.9624665
FSNet,921.1707,2.9643402
FSNet,927.75653,2.967434
FSNet,922.17505,2.9648135
FSNet,921.5344,2.9645116
FSNet,941.3078,2.9737318
FSNet,941.04663,2.973611
FSNet,925.64465,2.9664443
FSNet,933.4635,2.9700973
FSNet,956.0788,2.9804938
FSNet,931.6293,2.969243
FSNet,922.89417,2.9651518
FSNet,925.7682,2.9665022
FSNet,953.4198,2.979284
FSNet,934.2691,2.970472
FSNet,921.22784,2.9643672
FSNet,920.50464,2.964026
FSNet,935.2412,2.9709237
FSNet,912.6783,2.9603176
FSNet,939.5508,2.9729202
FSNet,931.35077,2.9691133
FSNet,942.1312,2.9741113
FSNet,918.0427,2.962863
FSNet,951.17194,2.978259
FSNet,936.0841,2.971315
FSNet,937.15125,2.9718096
FSNet,913.17285,2.960553
FSNet,914.5761,2.9612198
FSNet,938.5781,2.9724705
FSNet,947.35364,2.9765122
FSNet,929.7351,2.9683592
FSNet,945.45996,2.9756432
FSNet,928.0196,2.9675572
FSNet,921.3535,2.9644263
FSNet,934.7212,2.9706821
FSNet,920.36035,2.9639578
FSNet,911.834,2.9599159
FSNet,938.25604,2.9723213
FSNet,926.16785,2.9666896
FSNet,938.0787,2.9722393
FSNet,934.6642,2.9706557
FSNet,927.8391,2.9674728
FSNet,929.0581,2.9680429
FSNet,941.1985,2.9736812
FSNet,935.30585,2.9709537
FSNet,932.7279,2.969755
FSNet,931.761,2.9693046
FSNet,916.13635,2.96196
FSNet,918.73145,2.9631886
FSNet,922.5546,2.964992
FSNet,933.8465,2.9702754
FSNet,941.3058,2.9737308
FSNet,911.7517,2.9598765
FSNet,937.113,2.971792
FSNet,935.30115,2.9709516
FSNet,930.57556,2.9687517
FSNet,934.2117,2.9704454
FSNet,932.6159,2.9697027
FSNet,931.0857,2.9689896
FSNet,930.70703,2.968813
FSNet,921.7546,2.9646153
FSNet,920.3168,2.9639373
FSNet,918.3119,2.9629903
FSNet,922.95337,2.9651797
FSNet,933.2826,2.9700131
FSNet,929.5237,2.9682605
FSNet,925.7102,2.966475
FSNet,918.1953,2.962935
FSNet,941.11646,2.9736433
FSNet,942.08484,2.97409
FSNet,919.7533,2.9636714
FSNet,921.7882,2.964631
FSNet,923.3822,2.9653814
FSNet,935.19006,2.9708998
FSNet,920.89514,2.9642103
FSNet,949.9341,2.9776936
FSNet,939.986,2.9731214
FSNet,931.6748,2.9692643
FSNet,920.61804,2.9640794
FSNet,927.04803,2.9671023
FSNet,928.2363,2.9676585
FSNet,904.0838,2.9562087
FSNet,933.77246,2.970241
FSNet,911.7216,2.9598622
FSNet,936.29126,2.971411
FSNet,932.7546,2.9697673
FSNet,928.93036,2.9679832
FSNet,921.7541,2.964615
FSNet,941.104,2.9736376
FSNet,961.42834,2.9829168
FSNet,935.12683,2.9708705
FSNet,929.962,2.968465
FSNet,931.25494,2.9690685
FSNet,914.97205,2.961408
FSNet,941.2534,2.9737065
FSNet,921.2081,2.9643579
FSNet,919.443,2.9635248
FSNet,957.9022,2.981321
FSNet,932.0348,2.969432
FSNet,940.28204,2.9732583
FSNet,956.2264,2.9805608
FSNet,910.0779,2.9590786
FSNet,951.2948,2.978315
FSNet,941.26355,2.9737113
FSNet,941.435,2.9737904
FSNet,944.36597,2.9751403
FSNet,918.89355,2.9632652
FSNet,928.1144,2.9676015
FSNet,938.8348,2.9725893
FSNet,926.9573,2.9670596
FSNet,951.10114,2.9782267
FSNet,914.3562,2.9611154
FSNet,941.568,2.9738517
FSNet,917.9065,2.9627984
FSNet,927.18964,2.9671686
FSNet,932.794,2.9697857
FSNet,934.4323,2.970548
FSNet,935.7212,2.9711466
FSNet,941.60126,2.973867
FSNet,911.70386,2.959854
FSNet,913.8766,2.9608874
FSNet,944.006,2.9749746
FSNet,930.3793,2.96866
FSNet,935.8822,2.9712212
FSNet,921.1864,2.9643476
FSNet,919.435,2.963521
FSNet,913.92053,2.9609084
FSNet,925.8554,2.9665432
FSNet,929.23206,2.9681242
FSNet,923.85474,2.9656036
FSNet,936.05054,2.9712994
FSNet,945.9359,2.9758618
FSNet,944.2888,2.9751048
FSNet,943.79193,2.9748762
FSNet,913.4429,2.9606814
FSNet,930.2407,2.9685953
FSNet,936.68634,2.971594
FSNet,926.2677,2.9667366
FSNet,913.4248,2.9606729
FSNet,936.72003,2.9716098
FSNet,933.1642,2.969958
FSNet,925.713,2.9664764
FSNet,931.9917,2.969412
FSNet,936.75696,2.971627
FSNet,913.92633,2.9609113
FSNet,933.5727,2.970148
FSNet,940.1189,2.9731827
FSNet,948.8134,2.9771807
FSNet,925.2642,2.9662657
FSNet,916.67957,2.9622176
FSNet,936.16766,2.9713535
FSNet,951.33813,2.978335
FSNet,926.41864,2.9668074
FSNet,924.7416,2.9660203
FSNet,930.9789,2.9689398
FSNet,945.3845,2.9756086
FSNet,928.6008,2.967829
FSNet,914.26855,2.9610739
FSNet,916.7728,2.9622617
FSNet,942.51166,2.9742868
FSNet,950.7473,2.978065
FSNet,938.67566,2.9725156
FSNet,917.8568,2.962775
FSNet,946.249,2.9760056
FSNet,932.00616,2.9694188
FSNet,953.72327,2.9794223
FSNet,939.17993,2.9727488
FSNet,928.7473,2.9678977
FSNet,932.6195,2.9697044
FSNet,914.9075,2.9613771
FSNet,911.30853,2.9596655
FSNet,936.2043,2.9713707
FSNet,937.46814,2.9719565
FSNet,932.09607,2.9694607
FSNet,915.24457,2.9615371
FSNet,928.98004,2.9680064
FSNet,943.7442,2.9748542
FSNet,933.22864,2.969988
FSNet,920.19104,2.963878
FSNet,930.24146,2.9685957
FSNet,940.2628,2.9732492
FSNet,922.18567,2.9648185
FSNet,933.74396,2.9702277
FSNet,922.38763,2.9649134
FSNet,935.3464,2.9709725
FSNet,935.1316,2.9708726
FSNet,936.279,2.9714053
FSNet,929.663,2.9683256
FSNet,917.79767,2.9627469
FSNet,913.39984,2.960661
FSNet,939.2541,2.972783
FSNet,930.48334,2.9687085
FSNet,934.7631,2.9707015
FSNet,921.71265,2.9645956
FSNet,918.4447,2.963053
FSNet,948.81226,2.9771802
FSNet,941.82324,2.9739695
FSNet,928.33264,2.9677036
FSNet,935.0177,2.97082
FSNet,943.1687,2.9745893
FSNet,927.997,2.9675465
FSNet,927.71906,2.9674165
FSNet,938.1306,2.9722633
FSNet,946.19165,2.975979
FSNet,934.57227,2.970613
FSNet,918.70306,2.963175
FSNet,923.2018,2.9652967
FSNet,936.3433,2.971435
FSNet,911.21124,2.959619
FSNet,938.9985,2.9726648
FSNet,937.7385,2.9720817
FSNet,935.2382,2.9709222
FSNet,922.47205,2.9649532
FSNet,960.81354,2.982639
FSNet,923.90393,2.9656267
FSNet,932.6952,2.9697397
FSNet,932.11145,2.9694679
FSNet,934.50946,2.9705837
FSNet,933.0576,2.9699085
FSNet,938.72437,2.972538
FSNet,910.9767,2.9595072
FSNet,916.08215,2.9619343
FSNet,931.08374,2.9689887
FSNet,934.2895,2.9704814
FSNet,917.2271,2.962477
FSNet,942.1265,2.9741092
FSNet,919.89655,2.963739
FSNet,922.68567,2.9650538
FSNet,947.51636,2.9765868
FSNet,932.9629,2.9698644
FSNet,959.81335,2.9821868
FSNet,929.31287,2.968162
FSNet,910.7703,2.9594088
FSNet,965.8555,2.9849122
FSNet,948.38,2.9769824
FSNet,940.0686,2.9731596
FSNet,930.0,2.968483
FSNet,936.32416,2.9714262
FSNet,941.28876,2.973723
FSNet,921.699,2.964589
FSNet,921.0801,2.9642973
FSNet,939.9708,2.9731145
FSNet,928.6381,2.9678464
FSNet,934.0974,2.9703922
FSNet,926.81464,2.9669929
FSNet,928.42957,2.9677489
FSNet,927.0718,2.9671133
FSNet,913.31433,2.9606202
FSNet,930.1534,2.9685545
FSNet,940.8689,2.973529
FSNet,932.2074,2.9695125
FSNet,939.2466,2.9727795
FSNet,928.5513,2.9678059
FSNet,948.44543,2.9770124
FSNet,953.63776,2.9793835
FSNet,916.3153,2.962045
FSNet,929.17944,2.9680996
FSNet,938.5511,2.972458
FSNet,940.55426,2.973384
FSNet,912.56134,2.960262
FSNet,921.53864,2.9645135
FSNet,927.81165,2.96746
FSNet,916.07104,2.961929
FSNet,936.59735,2.9715528
FSNet,938.0105,2.9722078
FSNet,938.3819,2.9723797
FSNet,926.10754,2.9666615
FSNet,927.80884,2.9674585
FSNet,938.77277,2.9725604
FSNet,934.9161,2.9707727
FSNet,930.8552,2.968882
FSNet,935.4205,2.9710069
FSNet,946.4717,2.9761076
FSNet,928.8366,2.9679394
FSNet,924.1919,2.9657621
FSNet,935.2407,2.9709234
FSNet,934.96375,2.9707947
FSNet,939.2361,2.9727747
FSNet,929.43774,2.9682202
FSNet,937.18396,2.971825
FSNet,932.1457,2.9694839
FSNet,937.42554,2.9719367
FSNet,928.2125,2.9676473
FSNet,933.01465,2.9698884
FSNet,943.16974,2.9745898
FSNet,929.408,2.9682064
FSNet,943.7511,2.9748576
FSNet,955.5133,2.9802368
FSNet,943.8949,2.9749236
FSNet,927.7096,2.967412
FSNet,924.75073,2.9660246
FSNet,925.8452,2.9665384
FSNet,936.00024,2.971276
FSNet,937.4706,2.9719577
FSNet,948.9076,2.9772239
FSNet,951.58997,2.9784498
FSNet,939.0562,2.9726915
FSNet,941.6836,2.973905
FSNet,957.55994,2.981166
FSNet,922.32245,2.9648829
FSNet,936.76025,2.9716284
FSNet,942.861,2.9744477
FSNet,913.09985,2.9605184
FSNet,934.73083,2.9706867
FSNet,947.46857,2.976565
FSNet,914.4923,2.96118
FSNet,925.5414,2.9663959
FSNet,946.4982,2.9761198
FSNet,947.7085,2.9766748
FSNet,926.7435,2.9669595
FSNet,931.54156,2.9692023
FSNet,935.54285,2.9710636
FSNet,932.17267,2.9694963
FSNet,917.1851,2.962457
FSNet,921.6392,2.964561
FSNet,930.5786,2.968753
FSNet,925.7918,2.9665134
FSNet,935.646,2.9711115
FSNet,940.8839,2.973536
FSNet,957.6486,2.9812062
FSNet,924.31116,2.9658182
FSNet,930.9667,2.968934
FSNet,922.067,2.9647624
FSNet,938.4866,2.972428
FSNet,926.3253,2.9667635
FSNet,933.3408,2.9700403
FSNet,932.18396,2.9695017
FSNet,938.7986,2.9725723
FSNet,945.2282,2.9755366
FSNet,943.1676,2.9745889
FSNet,928.315,2.9676955
FSNet,927.36414,2.9672503
FSNet,922.391,2.964915
FSNet,923.9625,2.9656544
FSNet,938.80676,2.9725761
FSNet,914.043,2.9609666
FSNet,923.8787,2.965615
FSNet,942.694,2.9743707
FSNet,928.8981,2.967968
FSNet,916.8312,2.9622893
FSNet,945.9683,2.9758766
FSNet,914.84265,2.9613464
FSNet,941.4149,2.973781
FSNet,950.1273,2.9777818
FSNet,952.6748,2.9789448
FSNet,933.84607,2.9702754
FSNet,949.5183,2.9775033
FSNet,904.4027,2.9563618
FSNet,935.8096,2.9711876
FSNet,934.25635,2.9704661
FSNet,924.6061,2.9659567
FSNet,934.5674,2.9706106
FSNet,939.63696,2.97296
FSNet,938.09094,2.972245
FSNet,941.9236,2.9740157
FSNet,924.45544,2.9658859
FSNet,935.29285,2.9709475
FSNet,924.7815,2.9660392
FSNet,927.2427,2.9671934
FSNet,931.3031,2.969091
FSNet,929.6119,2.9683018
FSNet,925.7151,2.9664774
FSNet,934.08777,2.9703877
FSNet,930.5022,2.9687173
FSNet,946.4049,2.976077
FSNet,948.48865,2.9770322
FSNet,948.42676,2.9770038
FSNet,918.79,2.9632163
FSNet,938.70905,2.972531
FSNet,941.1805,2.9736729
FSNet,948.70087,2.9771292
FSNet,926.4822,2.9668372
FSNet,953.08167,2.97913
FSNet,910.8516,2.9594476
FSNet,932.3171,2.9695637
FSNet,927.18933,2.9671683
FSNet,935.63513,2.9711065
FSNet,929.4816,2.9682407
FSNet,937.2823,2.9718704
FSNet,922.22345,2.9648361
FSNet,918.07605,2.9628787
FSNet,940.9982,2.9735887
FSNet,922.7151,2.9650676
FSNet,918.6999,2.9631736
FSNet,922.5616,2.9649954
FSNet,966.28076,2.9851034
FSNet,933.9048,2.9703026
FSNet,937.80597,2.972113
FSNet,938.44104,2.972407
FSNet,912.07196,2.9600291
FSNet,935.39844,2.9709966
FSNet,930.8657,2.968887
FSNet,944.11646,2.9750257
FSNet,925.0867,2.9661825
FSNet,932.8884,2.9698298
FSNet,947.9784,2.9767985
FSNet,927.78064,2.9674454
FSNet,936.1766,2.9713578
FSNet,950.0785,2.9777596
FSNet,932.7954,2.9697864
FSNet,937.04865,2.9717622
FSNet,934.92004,2.9707744
FSNet,921.6959,2.9645877
FSNet,926.4663,2.9668295
FSNet,958.823,2.9817383
FSNet,924.5818,2.9659452
FSNet,926.2876,2.9667459
FSNet,925.0131,2.966148
FSNet,932.2505,2.9695327
FSNet,932.25385,2.9695342
FSNet,926.28094,2.9667428
FSNet,948.09265,2.9768507
FSNet,928.7147,2.9678824
FSNet,942.531,2.9742956
FSNet,942.16846,2.9741285
FSNet,924.313,2.9658191
FSNet,928.5243,2.9677932
FSNet,929.6709,2.9683292
FSNet,943.17017,2.97459
FSNet,930.2044,2.9685783
FSNet,932.24164,2.9695284
FSNet,919.312,2.9634628
FSNet,930.2686,2.9686084
FSNet,941.4843,2.973813
FSNet,937.452,2.971949
FSNet,922.11957,2.9647872
FSNet,932.77405,2.9697764
FSNet,928.98096,2.9680068
FSNet,912.04395,2.9600158
FSNet,932.593,2.9696922
FSNet,923.32294,2.9653537
FSNet,932.911,2.9698403
FSNet,953.63696,2.979383
FSNet,906.5502,2.9573917
FSNet,927.9109,2.9675062
FSNet,931.4353,2.9691527
FSNet,925.53613,2.9663935
FSNet,925.2227,2.9662464
FSNet,930.0169,2.9684908
FSNet,926.7006,2.9669394
FSNet,941.7963,2.973957
FSNet,917.51575,2.9626136
FSNet,922.6691,2.965046
FSNet,926.79974,2.966986
FSNet,927.37506,2.9672554
FSNet,922.3929,2.964916
FSNet,932.34705,2.9695776
FSNet,930.14667,2.9685514
FSNet,921.77234,2.9646237
FSNet,940.69495,2.9734488
FSNet,922.62775,2.9650266
FSNet,942.6225,2.9743378
FSNet,942.78644,2.9744134
FSNet,916.8319,2.9622898
FSNet,931.659,2.9692569
FSNet,926.71277,2.9669452
FSNet,928.03394,2.9675639
FSNet,939.04285,2.9726853
FSNet,939.0697,2.9726977
FSNet,953.7753,2.9794462
FSNet,934.995,2.9708092
FSNet,939.7577,2.9730158
FSNet,932.8415,2.9698079
FSNet,927.334,2.9672363
FSNet,921.16,2.964335
FSNet,937.8921,2.972153
FSNet,936.84766,2.971669
FSNet,953.16223,2.9791667
FSNet,916.7777,2.962264
FSNet,921.96765,2.9647157
FSNet,938.96246,2.9726481
FSNet,929.3363,2.9681728
FSNet,924.0348,2.9656882
FSNet,912.80743,2.9603791
FSNet,949.9187,2.9776864
FSNet,940.23773,2.9732378
FSNet,943.0969,2.9745564
FSNet,905.67114,2.9569705
FSNet,929.3414,2.9681752
FSNet,927.1452,2.9671478
FSNet,945.2107,2.9755287
FSNet,941.9772,2.9740403
FSNet,955.4082,2.9801888
FSNet,939.4402,2.9728692
FSNet,936.2089,2.9713728
FSNet,940.0175,2.973136
FSNet,930.30225,2.968624
FSNet,933.089,2.969923
FSNet,926.13074,2.9666722
FSNet,934.3618,2.970515
FSNet,929.6234,2.968307
FSNet,916.33,2.9620519
FSNet,928.07025,2.9675808
FSNet,937.2635,2.9718616
FSNet,952.81006,2.9790063
FSNet,913.22925,2.9605799
FSNet,925.38495,2.9663224
FSNet,920.10944,2.9638395
FSNet,942.13007,2.9741108
FSNet,929.4389,2.968221
FSNet,928.6791,2.9678657
FSNet,932.6576,2.9697223
FSNet,925.861,2.9665458
FSNet,937.9947,2.9722004
FSNet,941.61395,2.973873
FSNet,939.95483,2.973107
FSNet,936.4621,2.9714901
FSNet,920.9529,2.9642375
FSNet,922.8073,2.965111
FSNet,940.95215,2.9735675
FSNet,923.7628,2.9655604
FSNet,922.44366,2.9649398
FSNet,944.16095,2.975046
FSNet,941.021,2.9735992
FSNet,944.3627,2.975139
FSNet,928.14746,2.967617
FSNet,926.1798,2.9666953
FSNet,920.6665,2.9641023
FSNet,932.60205,2.9696963
FSNet,935.2455,2.9709256
FSNet,929.0616,2.9680445
FSNet,915.32367,2.9615748
FSNet,939.9419,2.973101
FSNet,933.1317,2.969943
FSNet,933.8362,2.9702706
FSNet,930.00305,2.9684844
FSNet,927.3007,2.9672205
FSNet,930.27386,2.9686108
FSNet,908.4369,2.9582949
FSNet,910.6922,2.9593716
FSNet,940.39044,2.9733083
FSNet,908.1087,2.9581378
FSNet,930.5208,2.9687262
FSNet,920.5624,2.9640532
FSNet,935.1473,2.97088
FSNet,939.7932,2.9730322
FSNet,923.7513,2.965555
FSNet,955.09125,2.9800448
FSNet,923.6238,2.965495
FSNet,923.03845,2.9652197
FSNet,934.05817,2.9703739
FSNet,936.8208,2.9716566
FSNet,934.4365,2.9705498
FSNet,924.3049,2.9658153
FSNet,923.775,2.9655662
FSNet,935.35535,2.9709766
FSNet,920.48914,2.9640186
FSNet,944.24146,2.975083
FSNet,951.1974,2.9782705
FSNet,923.72577,2.965543
FSNet,947.22876,2.976455
FSNet,950.71106,2.9780486
FSNet,925.65045,2.966447
FSNet,941.5597,2.9738479
FSNet,963.5249,2.9838629
FSNet,936.3918,2.9714575
FSNet,953.4064,2.979278
FSNet,929.875,2.9684246
FSNet,930.44226,2.9686894
FSNet,929.78186,2.9683812
FSNet,912.85126,2.9604
FSNet,954.58325,2.9798138
FSNet,965.0818,2.984564
FSNet,955.6755,2.9803104
FSNet,950.8458,2.97811
FSNet,942.53076,2.9742956
FSNet,957.07947,2.980948
FSNet,930.4052,2.968672
FSNet,952.4392,2.9788373
FSNet,929.7092,2.968347
FSNet,950.7125,2.9780493
FSNet,933.9019,2.9703012
FSNet,921.11633,2.9643145
FSNet,941.79517,2.9739563
FSNet,925.7827,2.966509
FSNet,927.9878,2.9675422
FSNet,946.1737,2.975971
FSNet,955.5397,2.9802487
FSNet,943.2158,2.974611
FSNet,963.4574,2.9838326
FSNet,937.7846,2.972103
FSNet,933.38696,2.9700618
FSNet,945.14514,2.9754984
FSNet,953.7976,2.9794562
FSNet,941.7333,2.973928
FSNet,938.555,2.9724598
FSNet,946.65814,2.9761932
FSNet,957.63446,2.9811997
FSNet,930.06604,2.9685137
FSNet,947.5536,2.9766037
FSNet,948.914,2.977227
FSNet,937.2693,2.9718645
FSNet,945.8895,2.9758403
FSNet,964.21484,2.9841738
FSNet,921.55054,2.9645193
FSNet,929.43317,2.968218
FSNet,943.7994,2.9748797
FSNet,948.0148,2.976815
FSNet,925.2285,2.966249
FSNet,926.4025,2.9667997
FSNet,939.9058,2.9730844
FSNet,915.5305,2.9616728
FSNet,933.8241,2.9702652
FSNet,938.36053,2.9723697
FSNet,944.6471,2.9752696
FSNet,938.5712,2.9724672
FSNet,945.84094,2.9758182
FSNet,946.55743,2.976147
FSNet,946.483,2.9761128
FSNet,942.5359,2.974298
FSNet,937.3347,2.9718947
FSNet,928.47644,2.9677708
FSNet,941.905,2.9740071
FSNet,943.7477,2.974856
FSNet,940.27783,2.973256
FSNet,916.72577,2.9622395
FSNet,938.01917,2.9722116
FSNet,936.8139,2.9716532
FSNet,928.68774,2.9678698
FSNet,957.1687,2.9809885
FSNet,941.8476,2.9739807
FSNet,925.8271,2.9665298
FSNet,941.6178,2.9738746
FSNet,941.94324,2.9740248
FSNet,939.78015,2.9730263
FSNet,942.5417,2.9743006
FSNet,941.80554,2.9739614
FSNet,944.0558,2.9749978
FSNet,956.1275,2.9805157
FSNet,958.0217,2.9813755
FSNet,920.5397,2.9640424
FSNet,938.23663,2.9723125
FSNet,932.5935,2.9696925
FSNet,932.7931,2.9697852
FSNet,945.4293,2.975629
FSNet,934.58496,2.9706187
FSNet,945.8159,2.9758067
FSNet,962.5037,2.9834025
FSNet,945.4259,2.9756274
FSNet,933.9065,2.9703033
FSNet,942.1064,2.9740999
FSNet,927.95605,2.9675274
FSNet,947.12555,2.9764075
FSNet,968.3052,2.9860122
FSNet,951.90045,2.9785914
FSNet,942.731,2.974388
FSNet,933.9688,2.9703324
FSNet,945.98083,2.9758823
FSNet,945.8726,2.9758327
FSNet,935.0849,2.970851
FSNet,938.08795,2.9722435
FSNet,932.9241,2.9698462
FSNet,945.1111,2.975483
FSNet,949.97644,2.9777129
FSNet,949.4059,2.9774518
FSNet,933.4889,2.9701092
FSNet,930.4066,2.9686728
FSNet,932.7968,2.9697871
FSNet,956.7259,2.9807875
FSNet,924.5906,2.9659495
FSNet,945.62634,2.9757195
FSNet,957.76746,2.98126
FSNet,937.11804,2.9717944
FSNet,932.8423,2.9698083
FSNet,927.4781,2.9673038
FSNet,930.3319,2.968638
FSNet,936.5451,2.9715288
FSNet,937.7494,2.972087
FSNet,932.3689,2.9695878
FSNet,939.2028,2.9727595
FSNet,939.20215,2.972759
FSNet,944.8093,2.9753442
FSNet,941.7701,2.973945
FSNet,950.2303,2.977829
FSNet,945.2263,2.9755359
FSNet,943.836,2.9748964
FSNet,961.2637,2.9828424
FSNet,946.6443,2.9761868
FSNet,928.4516,2.9677594
FSNet,928.08124,2.967586
FSNet,946.83813,2.9762757
FSNet,952.0014,2.9786377
FSNet,928.9578,2.967996
FSNet,944.5721,2.9752352
FSNet,933.0056,2.9698842
FSNet,936.53674,2.9715247
FSNet,943.1144,2.9745643
FSNet,920.183,2.963874
FSNet,934.9341,2.970781
FSNet,928.1299,2.9676087
FSNet,958.5406,2.9816105
FSNet,943.4969,2.9747405
FSNet,932.70935,2.9697464
FSNet,945.87524,2.975834
FSNet,959.275,2.9819431
FSNet,934.70184,2.970673
FSNet,934.48724,2.9705734
FSNet,958.2331,2.981471
FSNet,943.25995,2.9746313
FSNet,940.31323,2.9732726
FSNet,928.0431,2.9675682
FSNet,950.0659,2.9777536
FSNet,930.9907,2.9689453
FSNet,954.60913,2.9798255
FSNet,955.1359,2.980065
FSNet,930.87305,2.9688904
FSNet,930.4119,2.9686754
FSNet,945.6029,2.9757087
FSNet,922.1056,2.9647806
FSNet,937.35803,2.9719055
FSNet,929.10767,2.968066
FSNet,937.5144,2.971978
FSNet,918.031,2.9628572
FSNet,932.9229,2.9698458
FSNet,958.46387,2.9815757
FSNet,923.0227,2.9652123
FSNet,924.56946,2.9659395
FSNet,937.8277,2.9721231
FSNet,941.0198,2.9735987
FSNet,931.99963,2.9694157
FSNet,931.92694,2.9693818
FSNet,941.6023,2.9738674
FSNet,953.94354,2.9795227
FSNet,943.7058,2.9748366
FSNet,952.20856,2.978732
FSNet,936.4046,2.9714634
FSNet,936.29395,2.9714122
FSNet,950.6926,2.9780402
FSNet,932.86035,2.9698167
FSNet,971.2099,2.987313
FSNet,945.7726,2.9757867
FSNet,950.89825,2.9781342
FSNet,948.28015,2.9769366
FSNet,942.5946,2.974325
FSNet,942.2472,2.974165
FSNet,945.4065,2.9756186
FSNet,929.42676,2.9682152
FSNet,929.9337,2.968452
FSNet,939.4171,2.9728584
FSNet,960.8318,2.9826474
FSNet,934.8859,2.9707587
FSNet,933.27545,2.9700098
FSNet,927.50916,2.9673183
FSNet,944.47534,2.9751906
FSNet,961.4236,2.9829147
FSNet,959.0855,2.9818573
FSNet,950.2713,2.9778476
FSNet,947.65857,2.976652
FSNet,922.6356,2.9650302
FSNet,946.0405,2.9759097
FSNet,931.6576,2.9692564
FSNet,957.0073,2.9809153
FSNet,932.3904,2.9695978
FSNet,921.15594,2.964333
FSNet,942.29144,2.9741852
FSNet,943.17914,2.974594
FSNet,947.73804,2.9766884
FSNet,928.3113,2.9676936
FSNet,975.0879,2.9890437
FSNet,937.52545,2.971983
FSNet,939.5179,2.9729052
FSNet,946.8785,2.9762943
FSNet,947.59174,2.9766212
FSNet,936.665,2.9715843
FSNet,930.08386,2.968522
FSNet,951.7199,2.9785092
FSNet,954.72534,2.9798784
FSNet,949.0343,2.9772818
FSNet,926.0392,2.9666293
FSNet,937.62354,2.9720285
FSNet,911.9033,2.9599488
FSNet,946.2368,2.9759998
FSNet,951.9034,2.9785929
FSNet,932.6688,2.9697275
FSNet,934.2088,2.970444
FSNet,933.7253,2.9702191
FSNet,927.6444,2.9673815
FSNet,931.6832,2.9692683
FSNet,952.74615,2.9789772
FSNet,936.4146,2.9714682
FSNet,949.1207,2.9773214
FSNet,938.3777,2.9723778
FSNet,954.09814,2.979593
FSNet,960.8681,2.9826639
FSNet,937.5865,2.9720113
FSNet,912.844,2.9603965
FSNet,945.91815,2.9758534
FSNet,931.627,2.969242
FSNet,937.98224,2.9721947
FSNet,928.9595,2.9679968
FSNet,917.2565,2.9624908
FSNet,924.4749,2.9658952
FSNet,938.2996,2.9723415
FSNet,954.0553,2.9795735
FSNet,944.9776,2.9754214
FSNet,933.4556,2.9700937
FSNet,930.4733,2.968704
FSNet,955.8206,2.9803765
FSNet,928.50586,2.9677846
FSNet,934.03143,2.9703615
FSNet,957.3971,2.9810922
FSNet,953.803,2.9794586
FSNet,921.3377,2.964419
FSNet,956.0673,2.9804885
FSNet,941.7132,2.9739187
FSNet,928.7418,2.967895
FSNet,941.4231,2.973785
FSNet,946.2935,2.9760258
FSNet,925.1495,2.9662118
FSNet,924.4816,2.9658983
FSNet,921.4085,2.9644523
FSNet,927.019,2.9670887
FSNet,962.7218,2.9835007
FSNet,930.89954,2.9689028
FSNet,937.13196,2.9718008
FSNet,940.2391,2.9732382
FSNet,933.02747,2.9698944
FSNet,955.5555,2.9802558
FSNet,939.04126,2.9726846
FSNet,941.5381,2.9738379
FSNet,930.5573,2.968743
FSNet,944.4227,2.9751663
FSNet,930.80585,2.9688592
FSNet,938.4372,2.9724052
FSNet,941.39465,2.9737718
FSNet,947.8789,2.9767528
FSNet,924.7529,2.9660258
FSNet,941.92505,2.9740164
FSNet,929.40106,2.968203
FSNet,941.95355,2.9740295
FSNet,917.4636,2.9625888
FSNet,935.2443,2.970925
FSNet,926.9599,2.967061
FSNet,945.2008,2.9755242
FSNet,944.849,2.9753623
FSNet,929.13574,2.968079
FSNet,934.7074,2.9706757
FSNet,933.48486,2.9701073
FSNet,924.4705,2.965893
FSNet,926.4174,2.9668067
FSNet,927.2359,2.9671903
FSNet,917.1584,2.9624443
FSNet,923.07043,2.9652348
FSNet,942.23535,2.9741595
FSNet,953.294,2.9792268
FSNet,933.14996,2.9699514
FSNet,929.66754,2.9683278
FSNet,933.5326,2.9701295
FSNet,943.1062,2.9745605
FSNet,961.2236,2.9828243
FSNet,936.9634,2.9717226
FSNet,922.4684,2.9649515
FSNet,942.707,2.9743767
FSNet,925.82556,2.9665291
FSNet,942.2266,2.9741554
FSNet,921.89795,2.9646828
FSNet,936.6559,2.97158
FSNet,947.23413,2.9764574
FSNet,936.0211,2.9712856
FSNet,947.0517,2.9763737
FSNet,932.46436,2.9696321
FSNet,954.40015,2.9797306
FSNet,943.0023,2.9745128
FSNet,931.76935,2.9693084
FSNet,950.89575,2.978133
FSNet,951.2721,2.9783049
FSNet,937.8233,2.972121
FSNet,942.5239,2.9742923
FSNet,945.9298,2.975859
FSNet,964.4619,2.984285
FSNet,961.03827,2.9827406
FSNet,916.8499,2.9622982
FSNet,937.79736,2.972109
FSNet,967.82385,2.9857962
FSNet,915.2192,2.9615252
FSNet,943.216,2.974611
FSNet,932.7269,2.9697545
FSNet,952.1931,2.978725
FSNet,961.6405,2.9830127
FSNet,933.3067,2.9700243
FSNet,918.9404,2.9632874
FSNet,944.18854,2.9750588
FSNet,936.12335,2.971333
FSNet,932.4381,2.96962
FSNet,943.6032,2.9747894
FSNet,933.65204,2.970185
FSNet,941.3881,2.9737687
FSNet,926.54645,2.9668672
FSNet,945.3252,2.9755812
FSNet,939.51874,2.9729054
FSNet,939.15076,2.9727354
FSNet,938.6267,2.972493
FSNet,939.7482,2.9730115
FSNet,901.1481,2.954796
FSNet,946.3917,2.976071
FSNet,939.82227,2.9730458
FSNet,934.84344,2.970739
FSNet,941.2419,2.9737012
FSNet,950.3325,2.9778757
FSNet,937.43713,2.9719422
FSNet,926.3611,2.9667802
FSNet,933.53827,2.970132
FSNet,954.98114,2.9799948
FSNet,930.4665,2.9687006
FSNet,928.08826,2.9675894
FSNet,926.39307,2.9667952
FSNet,931.35254,2.969114
FSNet,930.77814,2.968846
FSNet,951.1668,2.9782567
FSNet,933.673,2.9701948
FSNet,929.4819,2.968241
FSNet,937.361,2.971907
FSNet,927.49915,2.9673135
FSNet,921.0342,2.9642758
FSNet,947.2863,2.9764812
FSNet,931.6569,2.969256
FSNet,915.0458,2.9614427
FSNet,957.8847,2.9813132
FSNet,926.9195,2.967042
FSNet,927.524,2.9673252
FSNet,944.91583,2.975393
FSNet,928.66724,2.9678602
FSNet,918.2257,2.9629495
FSNet,944.28705,2.975104
FSNet,942.17163,2.97413
FSNet,951.92065,2.9786007
FSNet,947.94824,2.9767847
FSNet,935.06323,2.970841
FSNet,946.2946,2.9760263
FSNet,939.1202,2.972721
FSNet,957.2097,2.981007
FSNet,946.51135,2.9761257
FSNet,968.3781,2.986045
FSNet,952.0554,2.9786623
FSNet,953.4049,2.9792774
FSNet,943.4893,2.974737
FSNet,946.3473,2.9760506
FSNet,912.00433,2.959997
FSNet,941.4876,2.9738147
FSNet,939.5038,2.9728985
FSNet,937.4984,2.9719706
FSNet,950.38354,2.9778988
FSNet,938.8408,2.9725919
FSNet,961.559,2.982976
FSNet,937.5012,2.9719718
FSNet,940.50275,2.97336
FSNet,929.2528,2.968134
FSNet,980.8866,2.9916189
FSNet,922.1365,2.964795
FSNet,923.884,2.9656174
FSNet,946.0458,2.975912
FSNet,947.254,2.9764664
FSNet,941.4293,2.9737878
FSNet,938.65814,2.9725075
FSNet,947.49994,2.9765792
FSNet,941.05676,2.973616
FSNet,926.3125,2.9667575
FSNet,954.32556,2.9796965
FSNet,946.9673,2.976335
FSNet,949.4302,2.977463
FSNet,926.85803,2.9670131
FSNet,935.6767,2.9711258
FSNet,940.62946,2.9734185
FSNet,938.82544,2.972585
FSNet,931.00476,2.968952
FSNet,936.6203,2.9715636
FSNet,936.0599,2.9713037
FSNet,933.9936,2.9703438
FSNet,943.7379,2.9748514
FSNet,949.05273,2.9772904
FSNet,950.8356,2.9781053
FSNet,943.4724,2.9747293
FSNet,959.52527,2.9820564
FSNet,952.23315,2.9787433
FSNet,933.77954,2.9702444
FSNet,923.3767,2.965379
FSNet,948.16064,2.976882
FSNet,958.23193,2.9814706
FSNet,928.7921,2.9679186
FSNet,952.15674,2.9787085
FSNet,932.83374,2.9698043
FSNet,929.2817,2.9681473
FSNet,937.0746,2.971774
FSNet,927.4165,2.967275
FSNet,939.63855,2.9729607
FSNet,933.9889,2.9703417
FSNet,943.4657,2.9747262
FSNet,948.5006,2.9770377
FSNet,959.20087,2.9819095
FSNet,946.48975,2.976116
FSNet,939.2485,2.9727805
FSNet,954.93726,2.9799747
FSNet,910.39655,2.9592307
FSNet,926.57983,2.966883
FSNet,930.10315,2.9685311
FSNet,922.8507,2.9651315
FSNet,937.0062,2.9717424
FSNet,930.60223,2.968764
FSNet,931.5092,2.9691873
FSNet,923.83716,2.9655955
FSNet,924.5964,2.9659522
FSNet,927.15643,2.967153
FSNet,937.36676,2.9719095
FSNet,928.4532,2.96776
FSNet,931.0812,2.9689875
FSNet,947.8801,2.9767535
FSNet,947.2923,2.976484
FSNet,932.1005,2.9694626
FSNet,939.5132,2.9729028
FSNet,964.0003,2.9840772
FSNet,940.50305,2.9733603
FSNet,931.1867,2.9690368
FSNet,936.7909,2.9716427
FSNet,958.5043,2.981594
FSNet,943.20294,2.974605
FSNet,931.41223,2.969142
FSNet,924.892,2.966091
FSNet,942.1449,2.9741178
FSNet,921.7516,2.964614
FSNet,949.23706,2.9773748
FSNet,936.3334,2.9714305
FSNet,948.81586,2.977182
FSNet,926.7513,2.9669633
FSNet,958.39014,2.9815423
FSNet,947.1719,2.9764287
FSNet,945.95416,2.9758701
FSNet,918.49365,2.963076
FSNet,921.19104,2.9643497
FSNet,941.726,2.9739246
FSNet,955.70135,2.9803221
FSNet,935.68695,2.9711306
FSNet,952.92126,2.979057
FSNet,934.93115,2.9707797
FSNet,929.5552,2.968275
FSNet,942.20825,2.9741468
FSNet,927.5392,2.9673324
FSNet,922.62463,2.965025
FSNet,947.4828,2.9765713
FSNet,929.0984,2.9680617
FSNet,944.8967,2.9753842
FSNet,937.05237,2.9717638
FSNet,937.3172,2.9718866
FSNet,936.5339,2.9715235
FSNet,943.4,2.974696
FSNet,945.25836,2.9755504
FSNet,939.937,2.9730988
FSNet,936.799,2.9716463
FSNet,921.57825,2.9645321
FSNet,924.9793,2.966132
FSNet,926.848,2.9670086
FSNet,940.8058,2.9735
FSNet,949.8791,2.9776683
FSNet,921.0268,2.9642723
FSNet,945.2214,2.9755335
FSNet,943.565,2.9747717
FSNet,941.3624,2.9737568
FSNet,942.6252,2.974339
FSNet,940.24817,2.9732425
FSNet,939.6417,2.9729624
FSNet,936.74146,2.9716198
FSNet,925.1801,2.9662263
FSNet,929.4333,2.9682183
FSNet,925.42725,2.9663422
FSNet,927.89636,2.9674995
FSNet,938.604,2.9724824
FSNet,936.8008,2.9716473
FSNet,936.75146,2.9716244
FSNet,933.84753,2.9702759
FSNet,947.4597,2.9765608
FSNet,945.39124,2.9756117
FSNet,929.39087,2.9681983
FSNet,928.75006,2.9678988
FSNet,928.5322,2.967797
FSNet,941.5275,2.973833
FSNet,929.9795,2.9684734
FSNet,960.0832,2.9823089
FSNet,946.8172,2.9762661
FSNet,938.9004,2.9726195
FSNet,921.6583,2.96457
FSNet,932.96716,2.9698663
FSNet,936.42004,2.9714706
FSNet,912.9337,2.9604392
FSNet,944.45667,2.975182
FSNet,921.07605,2.9642954
FSNet,941.0694,2.9736216
FSNet,940.1088,2.9731781
FSNet,935.1579,2.970885
FSNet,927.1123,2.9671323
FSNet,941.36304,2.973757
FSNet,960.5679,2.982528
FSNet,942.04016,2.9740694
FSNet,938.2288,2.9723089
FSNet,941.2531,2.9737065
FSNet,915.72894,2.961767
FSNet,946.5858,2.97616
FSNet,929.1123,2.9680681
FSNet,919.0164,2.9633234
FSNet,966.80804,2.9853404
FSNet,937.61993,2.9720268
FSNet,947.48004,2.9765701
FSNet,963.60144,2.9838974
FSNet,920.0674,2.9638197
FSNet,961.39954,2.982904
FSNet,950.45605,2.977932
FSNet,949.51953,2.977504
FSNet,951.9431,2.978611
FSNet,923.2312,2.9653106
FSNet,933.00714,2.9698849
FSNet,945.48145,2.975653
FSNet,937.4057,2.9719276
FSNet,950.8706,2.9781215
FSNet,922.21185,2.9648306
FSNet,949.43176,2.9774637
FSNet,920.2845,2.963922
FSNet,934.25525,2.9704657
FSNet,941.0494,2.9736123
FSNet,942.9922,2.974508
FSNet,944.2376,2.9750812
FSNet,951.9882,2.9786315
FSNet,922.79675,2.965106
FSNet,922.57947,2.9650037
FSNet,950.1833,2.9778073
FSNet,938.0161,2.9722104
FSNet,942.168,2.9741282
FSNet,923.63336,2.9654996
FSNet,926.60754,2.9668958
FSNet,920.1263,2.9638474
FSNet,934.8149,2.9707255
FSNet,936.07153,2.971309
FSNet,931.71466,2.9692829
FSNet,941.8407,2.9739776
FSNet,955.1625,2.9800773
FSNet,953.1773,2.9791737
FSNet,949.1493,2.9773345
FSNet,918.68646,2.9631674
FSNet,938.28564,2.972335
FSNet,942.8407,2.9744384
FSNet,929.10443,2.9680645
FSNet,920.1142,2.9638417
FSNet,943.2549,2.9746292
FSNet,941.2864,2.9737217
FSNet,936.89734,2.971692
FSNet,934.47943,2.9705698
FSNet,946.15875,2.975964
FSNet,919.09326,2.9633596
FSNet,942.919,2.9744744
FSNet,947.3678,2.9765186
FSNet,954.5188,2.9797845
FSNet,934.2217,2.97045
FSNet,928.3065,2.9676914
FSNet,941.9812,2.9740422
FSNet,961.8114,2.98309
FSNet,933.22906,2.9699883
FSNet,930.4226,2.9686801
FSNet,938.7227,2.9725373
FSNet,948.2654,2.97693
FSNet,936.6769,2.9715898
FSNet,925.9832,2.966603
FSNet,925.47906,2.9663665
FSNet,950.5579,2.9779785
FSNet,960.8085,2.982637
FSNet,944.5219,2.975212
FSNet,925.5071,2.9663796
FSNet,952.93475,2.9790633
FSNet,937.35065,2.9719021
FSNet,955.84204,2.980386
FSNet,945.98157,2.9758828
FSNet,939.48114,2.972888
FSNet,937.1792,2.9718227
FSNet,919.39575,2.9635024
FSNet,917.4967,2.9626045
FSNet,945.8733,2.975833
FSNet,947.7173,2.9766788
FSNet,940.0778,2.9731638
FSNet,925.4055,2.9663322
FSNet,939.1473,2.9727337
FSNet,951.9265,2.9786034
FSNet,933.9224,2.9703107
FSNet,928.45575,2.9677613
FSNet,938.3652,2.9723718
FSNet,950.3634,2.9778898
FSNet,933.50305,2.9701157
FSNet,935.06946,2.9708438
FSNet,929.8624,2.9684186
FSNet,930.7274,2.9688225
FSNet,942.8921,2.974462
FSNet,945.5559,2.9756873
FSNet,938.52985,2.972448
FSNet,921.4443,2.9644692
FSNet,918.19165,2.9629333
FSNet,945.5764,2.9756966
FSNet,936.26465,2.9713986
FSNet,943.2371,2.9746208
FSNet,927.9607,2.9675295
FSNet,923.79596,2.9655762
FSNet,952.6942,2.9789536
FSNet,950.7946,2.9780867
FSNet,934.16095,2.9704218
FSNet,945.0531,2.9754562
FSNet,955.3711,2.9801722
FSNet,920.15753,2.9638622
FSNet,937.5786,2.9720078
FSNet,943.97095,2.9749587
FSNet,948.1986,2.9768994
FSNet,942.34045,2.9742079
FSNet,927.51636,2.9673216
FSNet,929.5639,2.9682794
FSNet,945.2424,2.9755433
FSNet,918.91235,2.963274
FSNet,948.86945,2.9772065
FSNet,946.55725,2.976147
FSNet,942.02014,2.9740603
FSNet,925.86194,2.9665463
FSNet,968.49695,2.9860983
FSNet,928.34717,2.9677105
FSNet,942.18475,2.974136
FSNet,939.7797,2.973026
FSNet,946.2969,2.9760275
FSNet,942.87317,2.9744532
FSNet,944.8205,2.9753492
FSNet,916.25183,2.962015
FSNet,921.2473,2.9643762
FSNet,937.162,2.9718146
FSNet,947.20215,2.9764426
FSNet,922.42145,2.9649293
FSNet,948.9647,2.97725
FSNet,928.32367,2.9676995
FSNet,928.6649,2.967859
FSNet,956.3648,2.9806235
FSNet,937.1026,2.9717872
FSNet,966.2993,2.9851117
FSNet,935.61365,2.9710965
FSNet,914.3389,2.9611073
FSNet,971.1242,2.987275
FSNet,951.8691,2.9785771
FSNet,949.3288,2.9774168
FSNet,940.65326,2.9734297
FSNet,943.02704,2.9745243
FSNet,948.1249,2.9768655
FSNet,927.2571,2.9672
FSNet,926.9103,2.9670377
FSNet,947.4397,2.9765515
FSNet,935.672,2.9711237
FSNet,939.72156,2.972999
FSNet,939.015,2.9726725
FSNet,928.7022,2.9678764
FSNet,934.9644,2.9707952
FSNet,923.54895,2.9654598
FSNet,940.9421,2.973563
FSNet,946.7733,2.976246
FSNet,937.88684,2.9721503
FSNet,942.9494,2.9744885
FSNet,937.2672,2.9718635
FSNet,954.5115,2.9797812
FSNet,955.5391,2.9802485
FSNet,922.286,2.9648657
FSNet,934.07196,2.9703803
FSNet,952.698,2.9789553
FSNet,946.2792,2.9760194
FSNet,917.139,2.9624352
FSNet,929.7473,2.968365
FSNet,934.3314,2.970501
FSNet,923.0379,2.9652195
FSNet,943.0777,2.9745474
FSNet,946.6975,2.9762113
FSNet,945.7463,2.9757745
FSNet,930.80493,2.9688587
FSNet,938.95276,2.9726439
FSNet,948.65125,2.9771066
FSNet,942.2278,2.974156
FSNet,934.45496,2.9705584
FSNet,943.93005,2.9749398
FSNet,951.5347,2.9784245
FSNet,937.9967,2.9722013
FSNet,929.05725,2.9680424
FSNet,941.7604,2.9739404
FSNet,942.8172,2.9744275
FSNet,949.4535,2.9774737
FSNet,935.1727,2.970892
FSNet,944.24524,2.9750848
FSNet,938.2397,2.972314
FSNet,945.02606,2.9754438
FSNet,936.63763,2.9715717
FSNet,938.0639,2.9722323
FSNet,950.73694,2.9780605
FSNet,932.3279,2.9695687
FSNet,951.51904,2.9784174
FSNet,967.6926,2.9857373
FSNet,953.49475,2.9793184
FSNet,932.418,2.9696107
FSNet,929.25806,2.9681363
FSNet,934.15186,2.9704175
FSNet,946.10675,2.9759402
FSNet,947.03424,2.9763656
FSNet,954.1331,2.979609
FSNet,956.7228,2.980786
FSNet,943.3485,2.974672
FSNet,947.9227,2.976773
FSNet,964.2676,2.9841976
FSNet,930.43097,2.9686842
FSNet,941.245,2.9737027
FSNet,954.0658,2.9795783
FSNet,916.14905,2.961966
FSNet,940.95874,2.9735706
FSNet,942.5785,2.9743176
FSNet,923.3704,2.965376
FSNet,927.84125,2.9674737
FSNet,952.86993,2.9790337
FSNet,955.3475,2.9801614
FSNet,938.98804,2.97266
FSNet,938.84875,2.9725957
FSNet,941.13654,2.9736526
FSNet,938.65424,2.9725056
FSNet,925.7965,2.9665155
FSNet,930.5217,2.9687266
FSNet,936.9767,2.9717288
FSNet,936.2634,2.971398
FSNet,944.9328,2.975401
FSNet,946.54395,2.9761407
FSNet,971.3078,2.987357
FSNet,924.6574,2.9659808
FSNet,935.2432,2.9709246
FSNet,929.1695,2.9680948
FSNet,942.8394,2.9744377
FSNet,928.494,2.9677792
FSNet,940.2385,2.973238
FSNet,939.43945,2.9728687
FSNet,945.9374,2.9758625
FSNet,950.0888,2.9777641
FSNet,949.73773,2.9776037
FSNet,939.903,2.973083
FSNet,937.70807,2.9720676
FSNet,933.14307,2.9699483
FSNet,930.0364,2.9685
FSNet,950.3129,2.9778666
FSNet,922.19165,2.964821
FSNet,933.3994,2.9700675
FSNet,953.98474,2.9795415
FSNet,933.2452,2.9699957
FSNet,925.1177,2.966197
FSNet,960.9911,2.9827194
FSNet,927.90894,2.9675055
FSNet,946.06396,2.9759204
FSNet,960.4391,2.9824698
FSNet,953.95496,2.979528
FSNet,937.5656,2.9720016
FSNet,959.67267,2.9821231
FSNet,910.20026,2.959137
FSNet,941.65295,2.9738908
FSNet,939.7804,2.9730263
FSNet,932.4864,2.9696424
FSNet,943.92926,2.9749393
FSNet,952.1966,2.9787266
FSNet,947.02344,2.9763608
FSNet,951.37476,2.9783516
FSNet,931.9474,2.9693913
FSNet,941.70166,2.9739134
FSNet,932.21967,2.9695182
FSNet,934.43823,2.9705505
FSNet,938.66766,2.9725118
FSNet,934.55334,2.9706042
FSNet,934.38007,2.9705236
FSNet,940.602,2.9734058
FSNet,937.1996,2.971832
FSNet,954.0474,2.97957
FSNet,954.4717,2.979763
FSNet,957.2167,2.9810102
FSNet,927.2274,2.9671862
FSNet,943.4679,2.9747272
FSNet,951.5958,2.9784524
FSNet,959.8662,2.9822106
FSNet,934.2906,2.9704819
FSNet,961.285,2.9828522
FSNet,915.0715,2.961455
FSNet,940.9825,2.9735816
FSNet,945.1809,2.975515
FSNet,944.8152,2.9753468
FSNet,933.52167,2.9701245
FSNet,943.1313,2.9745722
FSNet,931.649,2.9692523
FSNet,924.67444,2.9659889
FSNet,948.23047,2.976914
FSNet,929.2352,2.9681256
FSNet,929.92566,2.9684482
FSNet,932.7792,2.9697788
FSNet,973.7915,2.988466
FSNet,939.07623,2.9727008
FSNet,942.7849,2.9744127
FSNet,945.4829,2.9756536
FSNet,918.44324,2.9630523
FSNet,944.3063,2.975113
FSNet,934.76654,2.9707031
FSNet,952.9503,2.9790702
FSNet,933.3736,2.9700556
FSNet,940.41736,2.9733207
FSNet,951.00684,2.9781837
FSNet,936.63885,2.9715722
FSNet,941.4262,2.9737864
FSNet,958.45233,2.9815705
FSNet,937.2527,2.9718566
FSNet,939.02484,2.972677
FSNet,940.6787,2.9734414
FSNet,926.9363,2.9670498
FSNet,932.1802,2.9694998
FSNet,958.86707,2.9817584
FSNet,934.75525,2.9706979
FSNet,928.0265,2.9675603
FSNet,931.9889,2.9694107
FSNet,939.1228,2.9727223
FSNet,941.17755,2.9736717
FSNet,935.1197,2.9708672
FSNet,954.74945,2.9798894
FSNet,936.44446,2.971482
FSNet,953.7478,2.9794335
FSNet,945.28955,2.975565
FSNet,929.25055,2.9681327
FSNet,936.7306,2.9716146
FSNet,940.8671,2.9735284
FSNet,947.1631,2.9764247
FSNet,938.14856,2.9722717
FSNet,940.1722,2.9732075
FSNet,928.0824,2.9675865
FSNet,938.40247,2.9723892
FSNet,948.5012,2.977038
FSNet,946.6377,2.976184
FSNet,928.796,2.9679203
FSNet,939.06726,2.9726968
FSNet,938.7841,2.9725657
FSNet,916.91345,2.9623284
FSNet,944.3466,2.9751315
FSNet,929.4261,2.9682148
FSNet,942.87854,2.9744558
FSNet,959.6293,2.9821036
FSNet,913.1022,2.9605193
FSNet,940.5067,2.973362
FSNet,939.70496,2.9729915
FSNet,932.82733,2.9698012
FSNet,931.5487,2.9692056
FSNet,938.626,2.9724925
FSNet,932.23364,2.9695249
FSNet,953.46606,2.9793053
FSNet,926.5451,2.9668665
FSNet,930.10364,2.9685314
FSNet,936.20557,2.9713712
FSNet,931.8968,2.9693677
FSNet,931.71423,2.9692826
FSNet,943.4524,2.97472
FSNet,934.9199,2.9707744
FSNet,929.95355,2.9684613
FSNet,945.0279,2.9754446
FSNet,926.42773,2.9668117
FSNet,947.45886,2.9765604
FSNet,948.72504,2.9771404
FSNet,923.4287,2.9654033
FSNet,939.62,2.9729524
FSNet,934.8925,2.9707618
FSNet,933.9228,2.970311
FSNet,945.1326,2.9754927
FSNet,947.27637,2.9764767
FSNet,962.0947,2.9832177
FSNet,945.02124,2.9754415
FSNet,945.2413,2.9755428
FSNet,941.8051,2.973961
FSNet,933.74304,2.9702275
FSNet,932.4465,2.9696238
FSNet,943.4443,2.9747162
FSNet,942.3624,2.974218
FSNet,959.5383,2.9820623
FSNet,925.71783,2.9664786
FSNet,927.817,2.9674623
FSNet,947.1444,2.976416
FSNet,940.4828,2.9733508
FSNet,929.97577,2.9684715
FSNet,926.09247,2.9666543
FSNet,960.16315,2.982345
FSNet,946.9774,2.9763396
FSNet,950.3556,2.9778862
FSNet,916.9183,2.9623306
FSNet,938.5973,2.9724793
FSNet,934.6267,2.9706383
FSNet,950.51355,2.9779582
FSNet,947.1233,2.9764066
FSNet,962.64154,2.9834645
FSNet,946.9748,2.9763384
FSNet,940.60645,2.973408
FSNet,946.0359,2.9759076
FSNet,939.34125,2.9728234
FSNet,939.5237,2.9729078
FSNet,932.97003,2.9698677
FSNet,943.808,2.9748836
FSNet,939.46674,2.9728813
FSNet,921.3432,2.9644215
FSNet,937.63873,2.9720356
FSNet,945.2435,2.9755437
FSNet,963.04456,2.9836464
FSNet,917.73914,2.9627192
FSNet,932.33716,2.969573
FSNet,930.0722,2.9685166
FSNet,952.57086,2.9788973
FSNet,937.91705,2.9721644
FSNet,937.53455,2.9719872
FSNet,937.18866,2.971827
FSNet,935.1964,2.970903
FSNet,946.07947,2.9759276
FSNet,951.85754,2.978572
FSNet,947.6333,2.9766402
FSNet,939.08136,2.9727032
FSNet,928.7741,2.96791
FSNet,929.4828,2.9682415
FSNet,946.7335,2.9762278
FSNet,932.3074,2.9695592
FSNet,930.52124,2.9687264
FSNet,946.32446,2.9760401
FSNet,944.7357,2.9753103
FSNet,952.5591,2.9788918
FSNet,937.42596,2.971937
FSNet,935.8943,2.9712267
FSNet,927.37335,2.9672546
FSNet,936.2623,2.9713976
FSNet,941.273,2.9737155
FSNet,939.41223,2.9728563
FSNet,922.62585,2.9650257
FSNet,944.33984,2.9751284
FSNet,939.22516,2.9727697
FSNet,939.6819,2.9729807
FSNet,940.08606,2.9731677
FSNet,933.8736,2.970288
FSNet,935.91364,2.9712358
FSNet,910.1166,2.959097
FSNet,917.33734,2.9625292
FSNet,946.77277,2.9762456
FSNet,916.6273,2.9621928
FSNet,937.21295,2.9718382
FSNet,926.0562,2.9666374
FSNet,942.436,2.9742517
FSNet,948.4227,2.977002
FSNet,928.9863,2.9680092
FSNet,959.88635,2.98222
FSNet,929.7294,2.9683566
FSNet,929.5979,2.968295
FSNet,942.02026,2.9740603
FSNet,950.5166,2.9779596
FSNet,941.1895,2.9736772
FSNet,929.1084,2.9680665
FSNet,933.3912,2.9700637
FSNet,943.5548,2.9747672
FSNet,922.5862,2.9650068
KKT,0.06069895,-1.2168188
KKT,0.05974123,-1.2237258
KKT,0.06104867,-1.2143238
KKT,0.059500575,-1.2254789
KKT,0.059243754,-1.2273574
KKT,0.06578376,-1.1818813
KKT,0.05874633,-1.2310193
KKT,0.06258839,-1.2035062
KKT,0.0596606,-1.2243124
KKT,0.05881043,-1.2305456
KKT,0.059069254,-1.2286385
KKT,0.06240014,-1.2048144
KKT,0.058736578,-1.2310914
KKT,0.064011455,-1.1937423
KKT,0.059480615,-1.2256246
KKT,0.06004461,-1.221526
KKT,0.060912773,-1.2152916
KKT,0.06256156,-1.2036924
KKT,0.0597478,-1.2236781
KKT,0.059462808,-1.2257546
KKT,0.06155903,-1.2107083
KKT,0.057148933,-1.2429919
KKT,0.06308626,-1.2000653
KKT,0.06391137,-1.1944219
KKT,0.05913733,-1.2281383
KKT,0.06419181,-1.1925204
KKT,0.058472686,-1.233047
KKT,0.061623953,-1.2102505
KKT,0.060251318,-1.2200334
KKT,0.061480112,-1.2112653
KKT,0.05959952,-1.2247572
KKT,0.060992755,-1.2147218
KKT,0.06208156,-1.2070373
KKT,0.06375087,-1.1955138
KKT,0.057891354,-1.2373863
KKT,0.06207995,-1.2070487
KKT,0.059706748,-1.2239766
KKT,0.06122227,-1.2130905
KKT,0.063525856,-1.1970495
KKT,0.062643826,-1.2031218
KKT,0.06081526,-1.2159874
KKT,0.05985365,-1.2229093
KKT,0.05849029,-1.2329162
KKT,0.062182695,-1.2063304
KKT,0.060364507,-1.2192184
KKT,0.061622486,-1.2102607
KKT,0.064658664,-1.1893733
KKT,0.06125461,-1.2128612
KKT,0.060492422,-1.218299
KKT,0.063013345,-1.2005675
KKT,0.059730247,-1.2238057
KKT,0.060080886,-1.2212636
KKT,0.058919713,-1.2297394
KKT,0.0595709,-1.2249658
KKT,0.062072113,-1.2071035
KKT,0.059723765,-1.2238529
KKT,0.059530046,-1.2252638
KKT,0.058582805,-1.2322298
KKT,0.061597496,-1.2104369
KKT,0.058261953,-1.234615
KKT,0.060571827,-1.2177293
KKT,0.0648506,-1.188086
KKT,0.060079187,-1.2212759
KKT,0.06215224,-1.2065432
KKT,0.059252664,-1.2272921
KKT,0.06297721,-1.2008166
KKT,0.060752943,-1.2164327
KKT,0.060394123,-1.2190053
KKT,0.06068719,-1.216903
KKT,0.057966776,-1.2368208
KKT,0.061619982,-1.2102784
KKT,0.061561823,-1.2106885
KKT,0.059761945,-1.2235752
KKT,0.061400607,-1.2118273
KKT,0.059290715,-1.2270133
KKT,0.059814215,-1.2231956
KKT,0.059756048,-1.2236181
KKT,0.060075566,-1.2213022
KKT,0.061190754,-1.2133142
KKT,0.059610568,-1.2246767
KKT,0.061549827,-1.2107731
KKT,0.06379813,-1.1951921
KKT,0.059837356,-1.2230276
KKT,0.059988946,-1.2219287
KKT,0.059528053,-1.2252784
KKT,0.05956611,-1.2250007
KKT,0.060151134,-1.2207562
KKT,0.0632066,-1.1992376
KKT,0.059582457,-1.2248816
KKT,0.05943423,-1.2259634
KKT,0.06028706,-1.2197759
KKT,0.059737705,-1.2237514
KKT,0.05840946,-1.2335168
KKT,0.058925375,-1.2296976
KKT,0.060634695,-1.2172788
KKT,0.06170445,-1.2096835
KKT,0.060298294,-1.219695
KKT,0.059583068,-1.2248771
KKT,0.059462532,-1.2257566
KKT,0.06571534,-1.1823332
KKT,0.059893806,-1.2226181
KKT,0.05914019,-1.2281172
KKT,0.060992606,-1.2147228
KKT,0.059793413,-1.2233467
KKT,0.060149238,-1.2207699
KKT,0.05762004,-1.2394265
KKT,0.05913864,-1.2281287
KKT,0.06343338,-1.1976821
KKT,0.0627695,-1.2022513
KKT,0.058453962,-1.233186
KKT,0.059767246,-1.2235367
KKT,0.0585332,-1.2325977
KKT,0.059132986,-1.2281702
KKT,0.0599691,-1.2220725
KKT,0.05910307,-1.22839
KKT,0.060779393,-1.2162436
KKT,0.062347054,-1.2051841
KKT,0.059268594,-1.2271754
KKT,0.058891132,-1.2299501
KKT,0.0626494,-1.203083
KKT,0.061450034,-1.2114779
KKT,0.0625115,-1.20404
KKT,0.06184856,-1.2086704
KKT,0.059196208,-1.2277061
KKT,0.06169622,-1.2097415
KKT,0.065546095,-1.1834532
KKT,0.061011523,-1.2145882
KKT,0.062220916,-1.2060636
KKT,0.062306657,-1.2054656
KKT,0.061404526,-1.2117996
KKT,0.058600046,-1.232102
KKT,0.059524134,-1.2253069
KKT,0.059626505,-1.2245606
KKT,0.06186509,-1.2085544
KKT,0.061362505,-1.2120969
KKT,0.05993227,-1.2223393
KKT,0.060211603,-1.2203199
KKT,0.059560537,-1.2250414
KKT,0.059181042,-1.2278174
KKT,0.059153274,-1.2280213
KKT,0.060301177,-1.2196742
KKT,0.061231665,-1.2130239
KKT,0.0603711,-1.2191709
KKT,0.059393637,-1.2262601
KKT,0.0604769,-1.2184105
KKT,0.058464266,-1.2331095
KKT,0.059679568,-1.2241744
KKT,0.06409323,-1.1931878
KKT,0.059656993,-1.2243387
KKT,0.063989446,-1.1938916
KKT,0.06087774,-1.2155415
KKT,0.059401527,-1.2262024
KKT,0.05935975,-1.2265079
KKT,0.061054215,-1.2142843
KKT,0.06072744,-1.2166151
KKT,0.059432358,-1.2259771
KKT,0.062670976,-1.2029335
KKT,0.066158816,-1.1794122
KKT,0.059871092,-1.2227829
KKT,0.059125297,-1.2282267
KKT,0.062433213,-1.2045844
KKT,0.059454195,-1.2258174
KKT,0.062174343,-1.2063888
KKT,0.05896651,-1.2293946
KKT,0.060954105,-1.214997
KKT,0.05897145,-1.2293582
KKT,0.05908154,-1.2285482
KKT,0.060514152,-1.2181431
KKT,0.05995212,-1.2221954
KKT,0.058970533,-1.229365
KKT,0.061341397,-1.2122463
KKT,0.060286447,-1.2197803
KKT,0.059381217,-1.2263509
KKT,0.06059696,-1.2175492
KKT,0.06110985,-1.2138888
KKT,0.059338674,-1.2266622
KKT,0.058872752,-1.2300856
KKT,0.060331807,-1.2194537
KKT,0.060024828,-1.2216691
KKT,0.0608882,-1.2154669
KKT,0.060451414,-1.2185935
KKT,0.060351208,-1.219314
KKT,0.06120959,-1.2131805
KKT,0.061928645,-1.2081084
KKT,0.059208937,-1.2276127
KKT,0.064822145,-1.1882766
KKT,0.0601227,-1.2209616
KKT,0.059558548,-1.2250559
KKT,0.06865379,-1.1633354
KKT,0.060086675,-1.2212218
KKT,0.06186396,-1.2085623
KKT,0.062513046,-1.2040293
KKT,0.062835306,-1.2017963
KKT,0.059032977,-1.2289053
KKT,0.05931153,-1.2268609
KKT,0.058824323,-1.2304431
KKT,0.06140607,-1.2117887
KKT,0.06193681,-1.2080512
KKT,0.061264187,-1.2127934
KKT,0.059287295,-1.2270384
KKT,0.059541196,-1.2251824
KKT,0.058702372,-1.2313443
KKT,0.061855078,-1.2086246
KKT,0.06408613,-1.193236
KKT,0.062476754,-1.2042816
KKT,0.06455564,-1.1900659
KKT,0.059631996,-1.2245207
KKT,0.057714164,-1.2387176
KKT,0.061000347,-1.2146677
KKT,0.057560444,-1.2398759
KKT,0.058786318,-1.2307237
KKT,0.06242437,-1.2046459
KKT,0.05833981,-1.234035
KKT,0.05974581,-1.2236925
KKT,0.06610248,-1.1797823
KKT,0.06296642,-1.200891
KKT,0.06102851,-1.2144673
KKT,0.059055515,-1.2287395
KKT,0.059948646,-1.2222207
KKT,0.060764,-1.2163537
KKT,0.06110716,-1.213908
KKT,0.05845701,-1.2331634
KKT,0.05953919,-1.2251971
KKT,0.05945915,-1.2257813
KKT,0.058113478,-1.2357231
KKT,0.05941376,-1.226113
KKT,0.060531333,-1.2180197
KKT,0.064351164,-1.1914436
KKT,0.062494382,-1.204159
KKT,0.06293347,-1.2011184
KKT,0.06151188,-1.211041
KKT,0.0589173,-1.2297572
KKT,0.059987724,-1.2219377
KKT,0.06297732,-1.2008158
KKT,0.05858752,-1.2321949
KKT,0.06600928,-1.180395
KKT,0.06061613,-1.2174118
KKT,0.06102562,-1.2144878
KKT,0.060041368,-1.2215494
KKT,0.059143435,-1.2280935
KKT,0.059999377,-1.2218533
KKT,0.06129954,-1.2125428
KKT,0.06387109,-1.1946956
KKT,0.05794207,-1.237006
KKT,0.059538532,-1.2252018
KKT,0.060729742,-1.2165985
KKT,0.06026133,-1.2199613
KKT,0.06059652,-1.2175523
KKT,0.06152425,-1.2109537
KKT,0.06288366,-1.2014621
KKT,0.060666293,-1.2170526
KKT,0.058096625,-1.2358491
KKT,0.05927013,-1.2271641
KKT,0.060102016,-1.2211109
KKT,0.061750196,-1.2093617
KKT,0.06028033,-1.2198244
KKT,0.06630873,-1.1784292
KKT,0.059140213,-1.2281171
KKT,0.059607983,-1.2246956
KKT,0.06345689,-1.1975212
KKT,0.060405463,-1.2189238
KKT,0.059249073,-1.2273184
KKT,0.06293344,-1.2011186
KKT,0.059041806,-1.2288404
KKT,0.060084388,-1.2212384
KKT,0.06057533,-1.2177042
KKT,0.06357663,-1.1967025
KKT,0.05969806,-1.2240398
KKT,0.060776018,-1.2162677
KKT,0.06017168,-1.2206079
KKT,0.061965838,-1.2078477
KKT,0.06311424,-1.1998726
KKT,0.062417865,-1.204691
KKT,0.064611405,-1.1896908
KKT,0.06274655,-1.2024102
KKT,0.060952015,-1.215012
KKT,0.059477672,-1.225646
KKT,0.061090767,-1.2140244
KKT,0.06249273,-1.2041705
KKT,0.059206575,-1.22763
KKT,0.060056962,-1.2214366
KKT,0.059023052,-1.2289783
KKT,0.061084993,-1.2140654
KKT,0.066371985,-1.1780152
KKT,0.059676856,-1.224194
KKT,0.058828518,-1.2304121
KKT,0.060048446,-1.2214983
KKT,0.05978568,-1.2234029
KKT,0.06500821,-1.1870317
KKT,0.05828752,-1.2344245
KKT,0.05841808,-1.2334527
KKT,0.059441686,-1.2259089
KKT,0.059773274,-1.223493
KKT,0.059398428,-1.226225
KKT,0.06289004,-1.2014182
KKT,0.058936723,-1.229614
KKT,0.060859017,-1.2156751
KKT,0.06008888,-1.2212058
KKT,0.061610784,-1.2103432
KKT,0.058739208,-1.231072
KKT,0.060755923,-1.2164114
KKT,0.064600065,-1.189767
KKT,0.060105465,-1.221086
KKT,0.060603555,-1.2175019
KKT,0.059655555,-1.2243491
KKT,0.061026942,-1.2144784
KKT,0.06263262,-1.2031994
KKT,0.061228134,-1.2130489
KKT,0.060942195,-1.2150819
KKT,0.061378464,-1.211984
KKT,0.060511157,-1.2181646
KKT,0.06090393,-1.2153547
KKT,0.05862482,-1.2319185
KKT,0.058372967,-1.2337883
KKT,0.06241116,-1.2047378
KKT,0.059346564,-1.2266045
KKT,0.0631036,-1.1999458
KKT,0.058171645,-1.2352886
KKT,0.057478018,-1.2404982
KKT,0.061182424,-1.2133733
KKT,0.061633654,-1.2101821
KKT,0.06014225,-1.2208203
KKT,0.05965699,-1.2243387
KKT,0.059976086,-1.2220219
KKT,0.059827432,-1.2230996
KKT,0.060462914,-1.2185109
KKT,0.05870883,-1.2312965
KKT,0.060102634,-1.2211065
KKT,0.060167298,-1.2206395
KKT,0.05958499,-1.2248632
KKT,0.05982042,-1.2231505
KKT,0.06017098,-1.2206129
KKT,0.059463196,-1.2257518
KKT,0.06010025,-1.2211237
KKT,0.0585811,-1.2322425
KKT,0.058746994,-1.2310144
KKT,0.06154859,-1.2107819
KKT,0.06278724,-1.2021286
KKT,0.059898213,-1.2225862
KKT,0.059184283,-1.2277936
KKT,0.060221992,-1.2202449
KKT,0.07063766,-1.1509637
KKT,0.06334922,-1.1982588
KKT,0.061998293,-1.2076203
KKT,0.061103195,-1.2139361
KKT,0.06012152,-1.22097
KKT,0.05986116,-1.2228549
KKT,0.058556758,-1.232423
KKT,0.062329866,-1.2053038
KKT,0.060195908,-1.220433
KKT,0.059979342,-1.2219983
KKT,0.062447324,-1.2044861
KKT,0.059887677,-1.2226626
KKT,0.06285972,-1.2016275
KKT,0.061679743,-1.2098575
KKT,0.061470367,-1.2113342
KKT,0.061391335,-1.211893
KKT,0.062999934,-1.2006599
KKT,0.060764596,-1.2163494
KKT,0.059170224,-1.2278968
KKT,0.060132314,-1.2208921
KKT,0.06253752,-1.2038593
KKT,0.059334904,-1.2266898
KKT,0.061060727,-1.214238
KKT,0.05895029,-1.229514
KKT,0.060506225,-1.2182
KKT,0.059148826,-1.2280539
KKT,0.065104954,-1.186386
KKT,0.06169225,-1.2097694
KKT,0.061061643,-1.2142315
KKT,0.06274559,-1.2024168
KKT,0.059106328,-1.228366
KKT,0.061243147,-1.2129425
KKT,0.060279906,-1.2198274
KKT,0.062196996,-1.2062306
KKT,0.06659287,-1.1765722
KKT,0.065190434,-1.1858162
KKT,0.06148824,-1.211208
KKT,0.058620468,-1.2319508
KKT,0.05849035,-1.2329158
KKT,0.061676025,-1.2098836
KKT,0.06020519,-1.220366
KKT,0.059360385,-1.2265033
KKT,0.058797352,-1.2306422
KKT,0.063436076,-1.1976637
KKT,0.06861225,-1.1635983
KKT,0.059829876,-1.223082
KKT,0.060605653,-1.2174869
KKT,0.060595132,-1.2175623
KKT,0.06027171,-1.2198865
KKT,0.062234834,-1.2059665
KKT,0.06007939,-1.2212745
KKT,0.06464943,-1.1894352
KKT,0.060008436,-1.2217877
KKT,0.059060052,-1.2287061
KKT,0.057607457,-1.2395213
KKT,0.059073128,-1.22861
KKT,0.05717632,-1.2427838
KKT,0.061058372,-1.2142547
KKT,0.061128438,-1.2137567
KKT,0.0678636,-1.1683631
KKT,0.06010337,-1.2211012
KKT,0.060421422,-1.218809
KKT,0.059436783,-1.2259448
KKT,0.06282858,-1.2018428
KKT,0.062304027,-1.2054839
KKT,0.058816556,-1.2305005
KKT,0.059296653,-1.2269698
KKT,0.06337408,-1.1980883
KKT,0.06033942,-1.2193989
KKT,0.05947233,-1.225685
KKT,0.062833205,-1.2018108
KKT,0.05983191,-1.2230672
KKT,0.061937056,-1.2080494
KKT,0.060881548,-1.2155143
KKT,0.05994135,-1.2222735
KKT,0.064156085,-1.1927621
KKT,0.05986519,-1.2228256
KKT,0.059260532,-1.2272345
KKT,0.06067372,-1.2169994
KKT,0.05770333,-1.2387991
KKT,0.0604674,-1.2184787
KKT,0.061015695,-1.2145585
KKT,0.06466347,-1.189341
KKT,0.060724683,-1.2166348
KKT,0.06292378,-1.2011852
KKT,0.05819568,-1.2351092
KKT,0.0595154,-1.2253706
KKT,0.059692897,-1.2240773
KKT,0.06030543,-1.2196436
KKT,0.060116634,-1.2210053
KKT,0.05944337,-1.2258966
KKT,0.059292063,-1.2270035
KKT,0.061509393,-1.2110586
KKT,0.059105612,-1.2283713
KKT,0.059499826,-1.2254843
KKT,0.058539137,-1.2325537
KKT,0.06301689,-1.200543
KKT,0.06432004,-1.1916537
KKT,0.057807356,-1.2380168
KKT,0.061704352,-1.2096843
KKT,0.060403384,-1.2189387
KKT,0.05986584,-1.2228209
KKT,0.06328485,-1.1987002
KKT,0.059357427,-1.226525
KKT,0.06394461,-1.1941961
KKT,0.059024952,-1.2289643
KKT,0.060418595,-1.2188294
KKT,0.06108868,-1.2140392
KKT,0.060878374,-1.215537
KKT,0.061285242,-1.2126441
KKT,0.06047138,-1.2184502
KKT,0.06298306,-1.2007762
KKT,0.060165614,-1.2206516
KKT,0.058971822,-1.2293555
KKT,0.059419475,-1.2260712
KKT,0.059291884,-1.2270048
KKT,0.05883673,-1.2303514
KKT,0.059083913,-1.2285308
KKT,0.061438106,-1.2115622
KKT,0.05937106,-1.2264252
KKT,0.059909947,-1.222501
KKT,0.059131347,-1.2281822
KKT,0.061594337,-1.2104592
KKT,0.060017824,-1.2217197
KKT,0.061452374,-1.2114613
KKT,0.059801266,-1.2232896
KKT,0.060158677,-1.2207017
KKT,0.059893273,-1.2226219
KKT,0.0637238,-1.1956983
KKT,0.06280902,-1.201978
KKT,0.058880612,-1.2300277
KKT,0.060169846,-1.2206211
KKT,0.05847597,-1.2330226
KKT,0.05963604,-1.2244912
KKT,0.064454645,-1.1907458
KKT,0.060012907,-1.2217554
KKT,0.05856265,-1.2323793
KKT,0.059986167,-1.2219489
KKT,0.0587921,-1.2306811
KKT,0.059720766,-1.2238747
KKT,0.061855108,-1.2086245
KKT,0.061809324,-1.208946
KKT,0.05954042,-1.2251881
KKT,0.0625559,-1.2037317
KKT,0.059552044,-1.2251034
KKT,0.059582725,-1.2248796
KKT,0.060065046,-1.2213782
KKT,0.05986027,-1.2228613
KKT,0.0576552,-1.2391615
KKT,0.060277037,-1.2198482
KKT,0.06153424,-1.2108831
KKT,0.059960805,-1.2221326
KKT,0.059743643,-1.2237083
KKT,0.059546813,-1.2251415
KKT,0.058994308,-1.2291899
KKT,0.06351414,-1.1971296
KKT,0.06065741,-1.2171161
KKT,0.05931153,-1.2268609
KKT,0.06080307,-1.2160745
KKT,0.06011255,-1.2210349
KKT,0.058962718,-1.2294225
KKT,0.0614153,-1.2117234
KKT,0.059793726,-1.2233444
KKT,0.061322026,-1.2123835
KKT,0.06404057,-1.1935447
KKT,0.05943992,-1.2259218
KKT,0.05922404,-1.227502
KKT,0.059022605,-1.2289816
KKT,0.060727343,-1.2166157
KKT,0.05783817,-1.2377855
KKT,0.060673006,-1.2170045
KKT,0.059125975,-1.2282217
KKT,0.061133742,-1.213719
KKT,0.062384903,-1.2049205
KKT,0.05906532,-1.2286675
KKT,0.059873916,-1.2227623
KKT,0.059774645,-1.223483
KKT,0.060154907,-1.220729
KKT,0.059233375,-1.2274336
KKT,0.06110781,-1.2139033
KKT,0.059317626,-1.2268163
KKT,0.057450145,-1.2407088
KKT,0.062167898,-1.2064338
KKT,0.058967337,-1.2293885
KKT,0.06750831,-1.1706427
KKT,0.059027493,-1.2289456
KKT,0.06048795,-1.2183311
KKT,0.058611587,-1.2320166
KKT,0.062096924,-1.2069299
KKT,0.059533767,-1.2252367
KKT,0.059150875,-1.2280388
KKT,0.059952587,-1.222192
KKT,0.057886824,-1.2374203
KKT,0.0607101,-1.216739
KKT,0.06002304,-1.2216821
KKT,0.059807315,-1.2232457
KKT,0.059881166,-1.2227098
KKT,0.06300923,-1.2005959
KKT,0.059500184,-1.2254817
KKT,0.059066348,-1.2286599
KKT,0.064055085,-1.1934464
KKT,0.058379546,-1.2337393
KKT,0.06007517,-1.221305
KKT,0.05916568,-1.2279302
KKT,0.05947928,-1.2256343
KKT,0.064743936,-1.1888009
KKT,0.061534055,-1.2108845
KKT,0.05956815,-1.2249858
KKT,0.059647195,-1.2244099
KKT,0.06239766,-1.2048317
KKT,0.058614224,-1.231997
KKT,0.060201034,-1.220396
KKT,0.061991952,-1.2076647
KKT,0.061897665,-1.2083257
KKT,0.060441997,-1.2186612
KKT,0.060185753,-1.2205063
KKT,0.059217256,-1.2275517
KKT,0.06006618,-1.22137
KKT,0.0595029,-1.2254618
KKT,0.061470315,-1.2113346
KKT,0.059585527,-1.2248592
KKT,0.06179446,-1.2090504
KKT,0.065479875,-1.1838921
KKT,0.058368832,-1.233819
KKT,0.06347574,-1.1973922
KKT,0.05957073,-1.2249671
KKT,0.05981946,-1.2231575
KKT,0.057593733,-1.2396247
KKT,0.063514754,-1.1971254
KKT,0.059689313,-1.2241035
KKT,0.060621776,-1.2173713
KKT,0.062301762,-1.2054996
KKT,0.060302407,-1.2196654
KKT,0.059770703,-1.2235116
KKT,0.060030922,-1.221625
KKT,0.061314724,-1.2124352
KKT,0.058785096,-1.2307328
KKT,0.06234694,-1.2051848
KKT,0.05855938,-1.2324035
KKT,0.058872074,-1.2300906
KKT,0.060953945,-1.2149981
KKT,0.05962123,-1.2245991
KKT,0.05870223,-1.2313454
KKT,0.061760545,-1.2092888
KKT,0.06023147,-1.2201766
KKT,0.064963594,-1.18733
KKT,0.061915785,-1.2081987
KKT,0.05996386,-1.2221104
KKT,0.058414303,-1.2334808
KKT,0.05841419,-1.2334816
KKT,0.057753913,-1.2384186
KKT,0.059719786,-1.2238817
KKT,0.059367023,-1.2264547
KKT,0.06001708,-1.2217251
KKT,0.063228354,-1.1990881
KKT,0.059836686,-1.2230325
KKT,0.061516702,-1.211007
KKT,0.060049005,-1.2214942
KKT,0.061660334,-1.2099941
KKT,0.06187874,-1.2084585
KKT,0.059934467,-1.2223233
KKT,0.06349334,-1.1972718
KKT,0.06049308,-1.2182943
KKT,0.06184864,-1.2086699
KKT,0.06005212,-1.2214717
KKT,0.05928871,-1.227028
KKT,0.060347468,-1.2193409
KKT,0.0650458,-1.1867808
KKT,0.059179783,-1.2278266
KKT,0.06129019,-1.212609
KKT,0.060164124,-1.2206624
KKT,0.060395494,-1.2189955
KKT,0.06011656,-1.2210059
KKT,0.06127975,-1.212683
KKT,0.061346423,-1.2122108
KKT,0.06344797,-1.1975822
KKT,0.057940677,-1.2370164
KKT,0.05995202,-1.2221962
KKT,0.060663175,-1.2170749
KKT,0.064787626,-1.1885079
KKT,0.065789565,-1.1818429
KKT,0.060253397,-1.2200185
KKT,0.059087947,-1.2285011
KKT,0.05993344,-1.2223308
KKT,0.06431885,-1.1916617
KKT,0.062351935,-1.20515
KKT,0.062119983,-1.2067686
KKT,0.059728272,-1.2238201
KKT,0.059981927,-1.2219796
KKT,0.057651743,-1.2391876
KKT,0.059302695,-1.2269256
KKT,0.058753096,-1.2309692
KKT,0.06025389,-1.2200149
KKT,0.058849752,-1.2302554
KKT,0.060191832,-1.2204624
KKT,0.063484445,-1.1973326
KKT,0.060559645,-1.2178167
KKT,0.05994585,-1.2222409
KKT,0.0615777,-1.2105765
KKT,0.06606934,-1.1800001
KKT,0.059971817,-1.2220528
KKT,0.059437633,-1.2259384
KKT,0.059806682,-1.2232503
KKT,0.06053756,-1.217975
KKT,0.060155913,-1.2207217
KKT,0.05948005,-1.2256287
KKT,0.05964251,-1.2244442
KKT,0.058802363,-1.2306052
KKT,0.06111,-1.2138877
KKT,0.059765905,-1.2235465
KKT,0.060413152,-1.2188685
KKT,0.065187365,-1.1858366
KKT,0.06268943,-1.2028056
KKT,0.060929075,-1.2151754
KKT,0.059213176,-1.2275816
KKT,0.06455633,-1.1900612
KKT,0.060749024,-1.2164607
KKT,0.059057847,-1.2287223
KKT,0.05837421,-1.233779
KKT,0.06016755,-1.2206377
KKT,0.06443611,-1.1908706
KKT,0.05898069,-1.2292901
KKT,0.05838488,-1.2336996
KKT,0.06300756,-1.2006073
KKT,0.058694646,-1.2314016
KKT,0.0641761,-1.1926267
KKT,0.059310965,-1.226865
KKT,0.06019001,-1.2204756
KKT,0.05912493,-1.2282294
KKT,0.064261556,-1.1920488
KKT,0.058582373,-1.232233
KKT,0.06086517,-1.2156311
KKT,0.05880267,-1.230603
KKT,0.06189269,-1.2083607
KKT,0.061040327,-1.2143831
KKT,0.066948414,-1.1742597
KKT,0.060687087,-1.2169037
KKT,0.061425887,-1.2116486
KKT,0.061461087,-1.2113998
KKT,0.060334705,-1.2194328
KKT,0.05830729,-1.2342771
KKT,0.059942484,-1.2222652
KKT,0.062295865,-1.2055408
KKT,0.059209883,-1.2276058
KKT,0.058142,-1.23551
KKT,0.06206711,-1.2071384
KKT,0.06113106,-1.2137381
KKT,0.059772,-1.2235022
KKT,0.06280531,-1.2020036
KKT,0.060830086,-1.2158816
KKT,0.063296124,-1.1986228
KKT,0.061999187,-1.2076141
KKT,0.05883935,-1.2303321
KKT,0.06044022,-1.218674
KKT,0.05866523,-1.2316192
KKT,0.062162742,-1.2064699
KKT,0.061328083,-1.2123406
KKT,0.062363908,-1.2050667
KKT,0.06408864,-1.193219
KKT,0.060286015,-1.2197834
KKT,0.060412988,-1.2188697
KKT,0.05942221,-1.2260512
KKT,0.059432507,-1.225976
KKT,0.06047815,-1.2184016
KKT,0.0612424,-1.2129478
KKT,0.06301151,-1.2005801
KKT,0.06473963,-1.1888298
KKT,0.06082633,-1.2159084
KKT,0.059717007,-1.223902
KKT,0.062227063,-1.2060207
KKT,0.06100703,-1.2146201
KKT,0.059383564,-1.2263337
KKT,0.05975135,-1.2236522
KKT,0.061952963,-1.207938
KKT,0.061408058,-1.2117746
KKT,0.06399042,-1.1938851
KKT,0.058828782,-1.2304101
KKT,0.061401013,-1.2118244
KKT,0.059374273,-1.2264017
KKT,0.060051396,-1.2214769
KKT,0.05990284,-1.2225525
KKT,0.062126234,-1.206725
KKT,0.062424675,-1.2046437
KKT,0.060005315,-1.2218103
KKT,0.060455628,-1.2185633
KKT,0.05997119,-1.2220573
KKT,0.062324274,-1.2053428
KKT,0.06348669,-1.1973174
KKT,0.059377506,-1.2263781
KKT,0.059172884,-1.2278773
KKT,0.061026968,-1.2144783
KKT,0.060224593,-1.2202262
KKT,0.058768198,-1.2308576
KKT,0.059206463,-1.2276309
KKT,0.060592845,-1.2175786
KKT,0.059479155,-1.2256352
KKT,0.062950194,-1.201003
KKT,0.05896452,-1.2294092
KKT,0.059515357,-1.225371
KKT,0.05996819,-1.222079
KKT,0.05962783,-1.224551
KKT,0.060157515,-1.2207102
KKT,0.059329398,-1.2267301
KKT,0.059056684,-1.2287309
KKT,0.06006726,-1.2213622
KKT,0.06103023,-1.214455
KKT,0.059776813,-1.2234672
KKT,0.059056092,-1.2287353
KKT,0.062203743,-1.2061834
KKT,0.0604776,-1.2184055
KKT,0.061445903,-1.2115071
KKT,0.05831962,-1.2341853
KKT,0.061682835,-1.2098356
KKT,0.07405451,-1.1304485
KKT,0.061754294,-1.2093328
KKT,0.060678553,-1.2169648
KKT,0.06613164,-1.1795907
KKT,0.06019059,-1.2204714
KKT,0.06010458,-1.2210925
KKT,0.06265577,-1.2030389
KKT,0.058961436,-1.229432
KKT,0.06026107,-1.2199632
KKT,0.061269492,-1.2127557
KKT,0.06120637,-1.2132034
KKT,0.060668,-1.2170403
KKT,0.062140767,-1.2066234
KKT,0.059614077,-1.2246512
KKT,0.059051834,-1.2287666
KKT,0.0603515,-1.219312
KKT,0.05909583,-1.2284431
KKT,0.060547143,-1.2179064
KKT,0.059879176,-1.2227242
KKT,0.058638886,-1.2318143
KKT,0.060753718,-1.2164271
KKT,0.060051657,-1.221475
KKT,0.05933647,-1.2266783
KKT,0.06182442,-1.20884
KKT,0.060957715,-1.2149713
KKT,0.059176534,-1.2278504
KKT,0.05849544,-1.232878
KKT,0.061307266,-1.212488
KKT,0.060726702,-1.2166203
KKT,0.057838954,-1.2377796
KKT,0.059725195,-1.2238424
KKT,0.059641242,-1.2244533
KKT,0.060655646,-1.2171288
KKT,0.05958134,-1.2248898
KKT,0.05826671,-1.2345794
KKT,0.05957909,-1.2249061
KKT,0.062141337,-1.2066194
KKT,0.061103575,-1.2139333
KKT,0.061538205,-1.2108551
KKT,0.062803715,-1.2020147
KKT,0.06074795,-1.2164683
KKT,0.061708868,-1.2096524
KKT,0.05933936,-1.2266572
KKT,0.065689944,-1.1825011
KKT,0.058089517,-1.2359022
KKT,0.059572548,-1.2249538
KKT,0.06132767,-1.2123436
KKT,0.059063993,-1.2286772
KKT,0.062198274,-1.2062217
KKT,0.059599936,-1.2247542
KKT,0.06159148,-1.2104794
KKT,0.06031987,-1.2195396
KKT,0.060160555,-1.2206882
KKT,0.059799153,-1.223305
KKT,0.059500672,-1.2254782
KKT,0.060302943,-1.2196615
KKT,0.06304391,-1.2003568
KKT,0.059475303,-1.2256633
KKT,0.06704756,-1.173617
KKT,0.06329867,-1.1986054
KKT,0.059848994,-1.2229432
KKT,0.059036814,-1.2288771
KKT,0.05927229,-1.2271483
KKT,0.059749857,-1.2236631
KKT,0.060209297,-1.2203364
KKT,0.061841473,-1.2087202
KKT,0.05866541,-1.2316179
KKT,0.05931157,-1.2268606
KKT,0.06034243,-1.2193772
KKT,0.063451715,-1.1975566
KKT,0.059996113,-1.2218769
KKT,0.060559243,-1.2178196
KKT,0.06230945,-1.2054461
KKT,0.058527485,-1.2326401
KKT,0.063202575,-1.1992652
KKT,0.06012115,-1.2209728
KKT,0.059546113,-1.2251465
KKT,0.061176643,-1.2134143
KKT,0.058727533,-1.2311583
KKT,0.06274296,-1.202435
KKT,0.061790083,-1.2090812
KKT,0.06047994,-1.2183887
KKT,0.06201391,-1.207511
KKT,0.059234053,-1.2274286
KKT,0.059196666,-1.2277027
KKT,0.060516387,-1.218127
KKT,0.06317425,-1.1994599
KKT,0.05871866,-1.2312238
KKT,0.061107818,-1.2139032
KKT,0.062039517,-1.2073315
KKT,0.062221155,-1.206062
KKT,0.06015958,-1.2206953
KKT,0.059749067,-1.2236688
KKT,0.062058743,-1.2071971
KKT,0.05960639,-1.2247072
KKT,0.059905197,-1.2225355
KKT,0.060363665,-1.2192245
KKT,0.062601715,-1.2034137
KKT,0.061228275,-1.213048
KKT,0.061905608,-1.20827
KKT,0.061638437,-1.2101483
KKT,0.05918823,-1.2277646
KKT,0.060539037,-1.2179645
KKT,0.075142056,-1.1241169
KKT,0.05884216,-1.2303114
KKT,0.06319402,-1.199324
KKT,0.061553158,-1.2107496
KKT,0.05922939,-1.2274628
KKT,0.057272144,-1.2420566
KKT,0.06262897,-1.2032248
KKT,0.060470596,-1.2184558
KKT,0.061261863,-1.2128098
KKT,0.06145551,-1.2114391
KKT,0.06051731,-1.2181203
KKT,0.066150196,-1.1794689
KKT,0.059438027,-1.2259356
KKT,0.059210673,-1.2276
KKT,0.06162861,-1.2102176
KKT,0.05927016,-1.2271639
KKT,0.05970773,-1.2239695
KKT,0.05922664,-1.2274829
KKT,0.057734743,-1.2385628
KKT,0.061029866,-1.2144576
KKT,0.05967301,-1.2242221
KKT,0.06192613,-1.2081261
KKT,0.05986984,-1.2227919
KKT,0.05972912,-1.2238139
KKT,0.05887325,-1.230082
KKT,0.06364695,-1.1962224
KKT,0.059596375,-1.2247802
KKT,0.057301097,-1.241837
KKT,0.05959303,-1.2248045
KKT,0.06125915,-1.212829
KKT,0.060143262,-1.220813
KKT,0.05849144,-1.2329077
KKT,0.06182978,-1.2088023
KKT,0.059342332,-1.2266353
KKT,0.05940238,-1.2261962
KKT,0.05992338,-1.2224036
KKT,0.061275274,-1.2127148
KKT,0.05957453,-1.2249393
KKT,0.060767263,-1.2163303
KKT,0.061658636,-1.2100061
KKT,0.062715836,-1.2026228
KKT,0.064063445,-1.1933897
KKT,0.061966315,-1.2078444
KKT,0.059628546,-1.2245458
KKT,0.06726526,-1.1722091
KKT,0.0620016,-1.2075971
KKT,0.058668524,-1.2315948
KKT,0.06557435,-1.183266
KKT,0.059777625,-1.2234614
KKT,0.060121804,-1.220968
KKT,0.060002573,-1.2218301
KKT,0.0634863,-1.19732
KKT,0.059482083,-1.2256138
KKT,0.05990766,-1.2225176
KKT,0.062301442,-1.2055019
KKT,0.060974587,-1.2148511
KKT,0.062304124,-1.2054832
KKT,0.060297027,-1.2197042
KKT,0.0617619,-1.2092793
KKT,0.059036978,-1.2288759
KKT,0.058672577,-1.2315649
KKT,0.06112189,-1.2138033
KKT,0.06056872,-1.2177516
KKT,0.06378684,-1.1952689
KKT,0.05978827,-1.223384
KKT,0.06153795,-1.2108569
KKT,0.058675475,-1.2315434
KKT,0.059351303,-1.2265698
KKT,0.0597874,-1.2233903
KKT,0.060563236,-1.217791
KKT,0.05843886,-1.2332983
KKT,0.06034121,-1.219386
KKT,0.059408046,-1.2261547
KKT,0.0635393,-1.1969576
KKT,0.060727403,-1.2166153
KKT,0.06478275,-1.1885406
KKT,0.062196583,-1.2062335
KKT,0.060942546,-1.2150794
KKT,0.06279877,-1.2020489
KKT,0.057148777,-1.2429931
KKT,0.06120757,-1.2131948
KKT,0.059233293,-1.2274342
KKT,0.060205363,-1.2203648
KKT,0.059922427,-1.2224106
KKT,0.05923216,-1.2274424
KKT,0.059988678,-1.2219307
KKT,0.064264044,-1.192032
KKT,0.058949605,-1.2295191
KKT,0.05960601,-1.22471
KKT,0.06059573,-1.217558
KKT,0.0620011,-1.2076006
KKT,0.06046155,-1.2185208
KKT,0.061930217,-1.2080975
KKT,0.06173928,-1.2094384
KKT,0.061934505,-1.2080673
KKT,0.06084092,-1.2158042
KKT,0.060239356,-1.2201197
KKT,0.059895337,-1.222607
KKT,0.060481854,-1.2183748
KKT,0.060005784,-1.2218069
KKT,0.060102142,-1.2211101
KKT,0.059320107,-1.226798
KKT,0.06229254,-1.205564
KKT,0.059107743,-1.2283556
KKT,0.058646843,-1.2317554
KKT,0.0668604,-1.174831
KKT,0.060452357,-1.2185868
KKT,0.06356348,-1.1967924
KKT,0.05938819,-1.2262999
KKT,0.058886006,-1.2299879
KKT,0.059846506,-1.2229612
KKT,0.058686107,-1.2314647
KKT,0.060546055,-1.2179141
KKT,0.060702294,-1.2167948
KKT,0.0615526,-1.2107536
KKT,0.060150057,-1.2207639
KKT,0.059941895,-1.2222695
KKT,0.062481344,-1.2042496
KKT,0.06100487,-1.2146355
KKT,0.05946347,-1.2257497
KKT,0.05975489,-1.2236265
KKT,0.06014411,-1.2208068
KKT,0.059462108,-1.2257597
KKT,0.061085463,-1.2140621
KKT,0.06403201,-1.1936029
KKT,0.060462207,-1.218516
KKT,0.058767863,-1.2308601
KKT,0.06174293,-1.2094128
KKT,0.06070268,-1.2167921
KKT,0.05894462,-1.2295558
KKT,0.062918246,-1.2012234
KKT,0.06052521,-1.2180637
KKT,0.06351057,-1.197154
KKT,0.061183408,-1.2133664
KKT,0.060876757,-1.2155485
KKT,0.058615737,-1.2319858
KKT,0.059810355,-1.2232236
KKT,0.06675505,-1.1755159
KKT,0.062241644,-1.2059189
KKT,0.061962917,-1.2078681
KKT,0.058953732,-1.2294887
KKT,0.057966024,-1.2368265
KKT,0.059663452,-1.2242916
KKT,0.06348704,-1.197315
KKT,0.06602077,-1.1803194
KKT,0.064308405,-1.1917323
KKT,0.0666141,-1.1764338
KKT,0.06557882,-1.1832364
KKT,0.065185055,-1.1858519
KKT,0.06798982,-1.1675562
KKT,0.0632579,-1.1988852
KKT,0.066350825,-1.1781536
KKT,0.06389585,-1.1945274
KKT,0.06544574,-1.1841186
KKT,0.06853331,-1.1640983
KKT,0.06419248,-1.1925159
KKT,0.06908722,-1.1606022
KKT,0.061504453,-1.2110934
KKT,0.06507748,-1.1865692
KKT,0.06480561,-1.1883874
KKT,0.0644563,-1.1907346
KKT,0.06349489,-1.1972612
KKT,0.067092,-1.1733292
KKT,0.06731132,-1.171912
KKT,0.061465383,-1.2113694
KKT,0.06180702,-1.2089622
KKT,0.06404519,-1.1935135
KKT,0.061474334,-1.2113062
KKT,0.06370845,-1.1958029
KKT,0.06405147,-1.1934708
KKT,0.065676816,-1.1825879
KKT,0.0685573,-1.1639463
KKT,0.066766515,-1.1754413
KKT,0.06504175,-1.1868078
KKT,0.061746985,-1.2093842
KKT,0.063185886,-1.1993799
KKT,0.06616077,-1.1793995
KKT,0.06390892,-1.1944386
KKT,0.07157483,-1.1452397
KKT,0.070062995,-1.1545113
KKT,0.06943062,-1.1584489
KKT,0.06886608,-1.1619946
KKT,0.062533885,-1.2038846
KKT,0.07149023,-1.1457533
KKT,0.06265505,-1.2030439
KKT,0.06302664,-1.2004758
KKT,0.06350475,-1.1971939
KKT,0.062951714,-1.2009925
KKT,0.06591759,-1.1809987
KKT,0.066956386,-1.174208
KKT,0.066912085,-1.1744955
KKT,0.065611914,-1.1830173
KKT,0.067507744,-1.1706464
KKT,0.0612092,-1.2131833
KKT,0.07096428,-1.1489602
KKT,0.06054887,-1.217894
KKT,0.06443873,-1.190853
KKT,0.06807709,-1.166999
KKT,0.061021555,-1.2145168
KKT,0.061165158,-1.2134959
KKT,0.06343812,-1.1976497
KKT,0.06814417,-1.1665713
KKT,0.06414412,-1.1928432
KKT,0.06484519,-1.1881223
KKT,0.06660734,-1.1764779
KKT,0.06566024,-1.1826975
KKT,0.06253046,-1.2039084
KKT,0.06368199,-1.1959834
KKT,0.06559559,-1.1831254
KKT,0.061407477,-1.2117788
KKT,0.06775811,-1.1690387
KKT,0.06533105,-1.1848804
KKT,0.062132813,-1.206679
KKT,0.07250569,-1.1396279
KKT,0.061462827,-1.2113875
KKT,0.06897989,-1.1612775
KKT,0.06442884,-1.1909196
KKT,0.06263961,-1.203151
KKT,0.063143164,-1.1996737
KKT,0.063019186,-1.2005272
KKT,0.06390365,-1.1944743
KKT,0.0631448,-1.1996623
KKT,0.06593846,-1.1808612
KKT,0.06760847,-1.1699989
KKT,0.064686224,-1.1891882
KKT,0.061777145,-1.2091721
KKT,0.06325331,-1.1989167
KKT,0.064355,-1.1914177
KKT,0.06356253,-1.1967988
KKT,0.06674889,-1.175556
KKT,0.067597464,-1.1700696
KKT,0.06347898,-1.19737
KKT,0.0643571,-1.1914035
KKT,0.06145145,-1.2114679
KKT,0.062014583,-1.2075062
KKT,0.065779686,-1.1819082
KKT,0.061690107,-1.2097845
KKT,0.06135196,-1.2121716
KKT,0.066602916,-1.1765068
KKT,0.060685936,-1.2169119
KKT,0.06309717,-1.1999902
KKT,0.06710443,-1.1732488
KKT,0.065224916,-1.1855865
KKT,0.06427431,-1.1919626
KKT,0.06534814,-1.1847668
KKT,0.06681141,-1.1751493
KKT,0.06662174,-1.176384
KKT,0.065078236,-1.1865642
KKT,0.062699914,-1.202733
KKT,0.066441655,-1.1775596
KKT,0.06575002,-1.1821041
KKT,0.06838393,-1.165046
KKT,0.06955163,-1.1576927
KKT,0.06712934,-1.1730876
KKT,0.06259049,-1.2034917
KKT,0.064091444,-1.1932
KKT,0.062132344,-1.2066822
KKT,0.06413072,-1.1929339
KKT,0.06418411,-1.1925725
KKT,0.0669519,-1.1742371
KKT,0.062481195,-1.2042507
KKT,0.06459678,-1.1897892
KKT,0.0667599,-1.1754843
KKT,0.064002335,-1.1938041
KKT,0.06943978,-1.1583916
KKT,0.06887784,-1.1619205
KKT,0.06302132,-1.2005125
KKT,0.06323019,-1.1990756
KKT,0.06786019,-1.1683849
KKT,0.06413421,-1.1929102
KKT,0.06263557,-1.203179
KKT,0.06464607,-1.1894579
KKT,0.062358655,-1.2051033
KKT,0.06361222,-1.1964594
KKT,0.062333472,-1.2052786
KKT,0.07014188,-1.1540226
KKT,0.07222921,-1.1412872
KKT,0.06910325,-1.1605015
KKT,0.06950776,-1.1579667
KKT,0.064373136,-1.1912954
KKT,0.07024874,-1.1533614
KKT,0.06398839,-1.1938988
KKT,0.06511968,-1.1862878
KKT,0.06909486,-1.1605543
KKT,0.066373944,-1.1780024
KKT,0.0628127,-1.2019526
KKT,0.06436188,-1.1913713
KKT,0.062543616,-1.203817
KKT,0.069632955,-1.1571852
KKT,0.06240443,-1.2047845
KKT,0.06759451,-1.1700885
KKT,0.06639618,-1.1778569
KKT,0.064390525,-1.1911781
KKT,0.0632747,-1.1987699
KKT,0.06234728,-1.2051824
KKT,0.06255779,-1.2037187
KKT,0.062948406,-1.2010152
KKT,0.06627803,-1.1786304
KKT,0.06440443,-1.1910843
KKT,0.06248361,-1.2042339
KKT,0.06414516,-1.192836
KKT,0.06624235,-1.1788642
KKT,0.06372221,-1.1957092
KKT,0.064100705,-1.1931372
KKT,0.06835827,-1.1652089
KKT,0.063645944,-1.1962292
KKT,0.06153454,-1.210881
KKT,0.06766876,-1.1696118
KKT,0.06720387,-1.1726058
KKT,0.0658741,-1.1812853
KKT,0.06775442,-1.1690624
KKT,0.0619545,-1.2079271
KKT,0.06815051,-1.1665308
KKT,0.06672292,-1.175725
KKT,0.0655579,-1.183375
KKT,0.065099,-1.1864257
KKT,0.06643358,-1.1776123
KKT,0.0689692,-1.1613449
KKT,0.06782143,-1.1686331
KKT,0.062489707,-1.2041916
KKT,0.06595686,-1.18074
KKT,0.064017385,-1.1937021
KKT,0.06835498,-1.1652298
KKT,0.06316315,-1.1995362
KKT,0.065688565,-1.1825103
KKT,0.06812262,-1.1667087
KKT,0.0694333,-1.1584321
KKT,0.07051353,-1.1517276
KKT,0.06808598,-1.1669422
KKT,0.067217276,-1.1725191
KKT,0.06772926,-1.1692237
KKT,0.06771369,-1.1693234
KKT,0.06367652,-1.1960207
KKT,0.0659223,-1.1809677
KKT,0.06668685,-1.1759598
KKT,0.069695264,-1.1567967
KKT,0.0667004,-1.1758716
KKT,0.06497166,-1.187276
KKT,0.06234044,-1.2052301
KKT,0.06414926,-1.1928084
KKT,0.06837518,-1.1651015
KKT,0.06311013,-1.199901
KKT,0.060694277,-1.2168523
KKT,0.064646855,-1.1894526
KKT,0.06619861,-1.1791512
KKT,0.067296654,-1.1720065
KKT,0.068051,-1.1671655
KKT,0.06433962,-1.1915215
KKT,0.063409925,-1.1978427
KKT,0.06616874,-1.1793472
KKT,0.0655052,-1.1837243
KKT,0.064412266,-1.1910315
KKT,0.06439842,-1.1911248
KKT,0.06840785,-1.1648941
KKT,0.0652938,-1.1851281
KKT,0.0609615,-1.2149444
KKT,0.06760718,-1.1700072
KKT,0.063438,-1.1976506
KKT,0.06637663,-1.1779848
KKT,0.064034805,-1.193584
KKT,0.0679721,-1.1676693
KKT,0.06849638,-1.1643324
KKT,0.06846405,-1.1645374
KKT,0.065258995,-1.1853596
KKT,0.061125174,-1.2137799
KKT,0.07028951,-1.1531096
KKT,0.06369222,-1.1959137
KKT,0.06528217,-1.1852053
KKT,0.062825255,-1.2018658
KKT,0.06767686,-1.1695598
KKT,0.06439489,-1.1911486
KKT,0.06476802,-1.1886394
KKT,0.070652485,-1.1508726
KKT,0.0635641,-1.1967881
KKT,0.06612311,-1.1796467
KKT,0.06417762,-1.1926165
KKT,0.07213975,-1.1418254
KKT,0.062299244,-1.2055172
KKT,0.06691472,-1.1744783
KKT,0.06904298,-1.1608804
KKT,0.066887856,-1.1746527
KKT,0.067488186,-1.1707722
KKT,0.07014831,-1.1539828
KKT,0.0617955,-1.2090431
KKT,0.06616827,-1.1793503
KKT,0.06377669,-1.195338
KKT,0.06620423,-1.1791142
KKT,0.061753064,-1.2093415
KKT,0.062427286,-1.2046255
KKT,0.063698746,-1.1958691
KKT,0.065390885,-1.1844828
KKT,0.061932366,-1.2080823
KKT,0.06516966,-1.1859546
KKT,0.06772598,-1.1692448
KKT,0.063010484,-1.2005872
KKT,0.06039787,-1.2189784
KKT,0.06872161,-1.1629066
KKT,0.070709124,-1.1505245
KKT,0.06338974,-1.197981
KKT,0.06454641,-1.1901278
KKT,0.06471406,-1.1890013
KKT,0.06499125,-1.1871451
KKT,0.06302239,-1.2005051
KKT,0.06568823,-1.1825124
KKT,0.05956182,-1.2250321
KKT,0.06617526,-1.1793044
KKT,0.058706045,-1.2313172
KKT,0.06342542,-1.1977366
KKT,0.063446075,-1.1975952
KKT,0.06684818,-1.1749104
KKT,0.06441952,-1.1909825
KKT,0.065392874,-1.1844696
KKT,0.060649425,-1.2171733
KKT,0.06644811,-1.1775174
KKT,0.065628245,-1.1829093
KKT,0.06365676,-1.1961554
KKT,0.06386275,-1.1947523
KKT,0.06410107,-1.1931347
KKT,0.07010498,-1.1542511
KKT,0.061357692,-1.212131
KKT,0.066294335,-1.1785235
KKT,0.07241848,-1.1401505
KKT,0.06435344,-1.1914282
KKT,0.06700955,-1.1738633
KKT,0.062291175,-1.2055734
KKT,0.06456501,-1.1900028
KKT,0.066193245,-1.1791863
KKT,0.06455151,-1.1900936
KKT,0.069516405,-1.1579127
KKT,0.06254159,-1.2038311
KKT,0.06388605,-1.194594
KKT,0.06392202,-1.1943495
KKT,0.06589441,-1.1811514
KKT,0.060713798,-1.2167126
KKT,0.06682872,-1.1750369
KKT,0.062323093,-1.205351
KKT,0.06339966,-1.197913
KKT,0.06445251,-1.1907601
KKT,0.06062043,-1.217381
KKT,0.06983074,-1.1559534
KKT,0.060875952,-1.2155542
KKT,0.061910804,-1.2082336
KKT,0.06464176,-1.1894869
KKT,0.0688584,-1.1620431
KKT,0.06722984,-1.1724379
KKT,0.0607042,-1.2167813
KKT,0.061518945,-1.2109911
KKT,0.070716195,-1.1504811
KKT,0.063548595,-1.196894
KKT,0.06745253,-1.1710018
KKT,0.061980784,-1.2077429
KKT,0.070607476,-1.1511493
KKT,0.064133376,-1.1929159
KKT,0.06278765,-1.2021258
KKT,0.06428914,-1.1918623
KKT,0.07030261,-1.1530285
KKT,0.062094692,-1.2069455
KKT,0.070187956,-1.1537374
KKT,0.065637596,-1.1828474
KKT,0.06530239,-1.185071
KKT,0.06531179,-1.1850084
KKT,0.06357859,-1.1966891
KKT,0.06662037,-1.1763929
KKT,0.069861814,-1.1557602
KKT,0.061321314,-1.2123885
KKT,0.062135383,-1.206661
KKT,0.066688076,-1.1759518
KKT,0.061261512,-1.2128123
KKT,0.062083412,-1.2070245
KKT,0.06624718,-1.1788327
KKT,0.0643949,-1.1911485
KKT,0.063993074,-1.193867
KKT,0.07056827,-1.1513906
KKT,0.062406614,-1.2047694
KKT,0.0703575,-1.1526896
KKT,0.06276843,-1.2022587
KKT,0.071122505,-1.147993
KKT,0.063980445,-1.1939528
KKT,0.06693707,-1.1743333
KKT,0.065334596,-1.1848568
KKT,0.06883828,-1.1621699
KKT,0.06120996,-1.2131779
KKT,0.062033087,-1.2073766
KKT,0.06404603,-1.1935078
KKT,0.06828752,-1.1656586
KKT,0.06770823,-1.1693585
KKT,0.062494162,-1.2041606
KKT,0.06260157,-1.2034148
KKT,0.069124386,-1.1603687
KKT,0.062524006,-1.2039531
KKT,0.06468418,-1.189202
KKT,0.06454998,-1.1901039
KKT,0.06812396,-1.1667001
KKT,0.067097224,-1.1732955
KKT,0.06846512,-1.1645306
KKT,0.06257206,-1.2036195
KKT,0.06314854,-1.1996367
KKT,0.0667245,-1.1757146
KKT,0.062600255,-1.2034239
KKT,0.060519185,-1.218107
KKT,0.06511745,-1.1863027
KKT,0.061881214,-1.2084411
KKT,0.06332373,-1.1984335
KKT,0.07074393,-1.1503108
KKT,0.07000227,-1.1548879
KKT,0.0633765,-1.1980717
KKT,0.0702722,-1.1532165
KKT,0.06276433,-1.2022871
KKT,0.06768056,-1.1695361
KKT,0.06411731,-1.1930246
KKT,0.06699832,-1.1739361
KKT,0.063957654,-1.1941075
KKT,0.06716148,-1.1728797
KKT,0.06429838,-1.1918
KKT,0.06218137,-1.2063397
KKT,0.062840894,-1.2017577
KKT,0.06523012,-1.1855518
KKT,0.060884148,-1.2154958
KKT,0.06550687,-1.1837132
KKT,0.06338267,-1.1980295
KKT,0.07140087,-1.1462965
KKT,0.061491013,-1.2111883
KKT,0.06547782,-1.1839058
KKT,0.06476708,-1.1886457
KKT,0.06481355,-1.1883342
KKT,0.068716586,-1.1629385
KKT,0.06425446,-1.1920967
KKT,0.06399169,-1.1938764
KKT,0.0663492,-1.1781642
KKT,0.063278645,-1.1987429
KKT,0.062726885,-1.2025462
KKT,0.062226772,-1.2060227
KKT,0.06255573,-1.2037328
KKT,0.06831107,-1.1655089
KKT,0.06287931,-1.2014922
KKT,0.06856576,-1.1638926
KKT,0.06255889,-1.2037109
KKT,0.06059052,-1.2175953
KKT,0.06822097,-1.1660821
KKT,0.06269154,-1.2027911
KKT,0.06309686,-1.1999923
KKT,0.06483364,-1.1881996
KKT,0.06647276,-1.1773562
KKT,0.0658324,-1.1815603
KKT,0.06390513,-1.1944643
KKT,0.062418044,-1.2046899
KKT,0.06249752,-1.2041372
KKT,0.0630617,-1.2002343
KKT,0.0688366,-1.1621805
KKT,0.06545308,-1.1840699
KKT,0.06146072,-1.2114024
KKT,0.06547754,-1.1839076
KKT,0.06748486,-1.1707937
KKT,0.063534886,-1.1969877
KKT,0.06429402,-1.1918294
KKT,0.067436725,-1.1711035
KKT,0.06625394,-1.1787883
KKT,0.06469606,-1.1891222
KKT,0.072583646,-1.1391612
KKT,0.069045,-1.1608678
KKT,0.06586413,-1.1813511
KKT,0.06237498,-1.2049896
KKT,0.06320591,-1.1992422
KKT,0.06293756,-1.2010901
KKT,0.06621968,-1.1790129
KKT,0.06835389,-1.1652367
KKT,0.06525079,-1.1854142
KKT,0.064591706,-1.1898233
KKT,0.062263057,-1.2057695
KKT,0.062733196,-1.2025026
KKT,0.06844665,-1.1646478
KKT,0.068951055,-1.1614591
KKT,0.06367343,-1.1960417
KKT,0.06394261,-1.1942096
KKT,0.06263538,-1.2031803
KKT,0.06056598,-1.2177713
KKT,0.06525522,-1.1853848
KKT,0.06334327,-1.1982995
KKT,0.061817285,-1.2088901
KKT,0.0618639,-1.2085627
KKT,0.064335324,-1.1915505
KKT,0.062101692,-1.2068965
KKT,0.06333755,-1.1983387
KKT,0.066518836,-1.1770554
KKT,0.06278956,-1.2021126
KKT,0.059666317,-1.2242708
KKT,0.06180617,-1.2089682
KKT,0.06291354,-1.2012559
KKT,0.065866016,-1.1813385
KKT,0.066912316,-1.1744939
KKT,0.06269276,-1.2027826
KKT,0.06357744,-1.196697
KKT,0.063567184,-1.196767
KKT,0.06159385,-1.2104627
KKT,0.06384717,-1.1948583
KKT,0.062081754,-1.207036
KKT,0.062092394,-1.2069616
KKT,0.068087995,-1.1669295
KKT,0.066603065,-1.1765058
KKT,0.068822004,-1.1622727
KKT,0.063578025,-1.196693
KKT,0.06667025,-1.176068
KKT,0.06668701,-1.1759588
KKT,0.06152314,-1.2109615
KKT,0.069329225,-1.1590836
KKT,0.06454578,-1.1901321
KKT,0.06287165,-1.2015451
KKT,0.06480332,-1.1884028
KKT,0.060464144,-1.218502
KKT,0.062181666,-1.2063377
KKT,0.07023581,-1.1534414
KKT,0.06386313,-1.1947498
KKT,0.064347185,-1.1914705
KKT,0.067105606,-1.1732411
KKT,0.060621083,-1.2173764
KKT,0.06736732,-1.1715508
KKT,0.064590365,-1.1898322
KKT,0.064718224,-1.1889734
KKT,0.06867924,-1.1631745
KKT,0.06690825,-1.1745204
KKT,0.064712524,-1.1890117
KKT,0.061737478,-1.2094511
KKT,0.06396496,-1.1940578
KKT,0.07103424,-1.1485323
KKT,0.071846604,-1.1435938
KKT,0.06098044,-1.2148094
KKT,0.0705384,-1.1515744
KKT,0.063689,-1.1959356
KKT,0.067632906,-1.169842
KKT,0.06396389,-1.1940651
KKT,0.06705651,-1.1735591
KKT,0.07000717,-1.1548575
KKT,0.062225282,-1.2060331
KKT,0.06322315,-1.1991239
KKT,0.064080834,-1.1932719
KKT,0.066378504,-1.1779726
KKT,0.06734216,-1.171713
KKT,0.06813033,-1.1666595
KKT,0.070364416,-1.1526469
KKT,0.06496466,-1.1873229
KKT,0.06989761,-1.1555377
KKT,0.062217593,-1.2060868
KKT,0.07075982,-1.1502132
KKT,0.064911164,-1.1876806
KKT,0.06409614,-1.1931682
KKT,0.073676005,-1.132674
KKT,0.062600635,-1.2034212
KKT,0.06345314,-1.1975468
KKT,0.067175604,-1.1727884
KKT,0.062277332,-1.20567
KKT,0.06564304,-1.1828113
KKT,0.06452007,-1.1903052
KKT,0.06672127,-1.1757357
KKT,0.06608179,-1.1799182
KKT,0.0643718,-1.1913043
KKT,0.062054455,-1.207227
KKT,0.067297444,-1.1720015
KKT,0.06813474,-1.1666313
KKT,0.06571027,-1.1823667
KKT,0.065791294,-1.1818316
KKT,0.06576077,-1.1820331
KKT,0.0663515,-1.1781492
KKT,0.06215246,-1.2065417
KKT,0.06690894,-1.1745158
KKT,0.066921696,-1.1744331
KKT,0.06484912,-1.1880959
KKT,0.06496945,-1.1872908
KKT,0.06371539,-1.1957556
KKT,0.06955014,-1.157702
KKT,0.067040354,-1.1736637
KKT,0.06285472,-1.2016621
KKT,0.0704673,-1.1520123
KKT,0.06286749,-1.2015738
KKT,0.06813346,-1.1666396
KKT,0.061885893,-1.2084084
KKT,0.06927934,-1.1593963
KKT,0.06814354,-1.1665753
KKT,0.0653815,-1.1845452
KKT,0.06418903,-1.1925392
KKT,0.07213722,-1.1418406
KKT,0.064548016,-1.1901171
KKT,0.07485897,-1.1257561
KKT,0.062069297,-1.2071232
KKT,0.062992156,-1.2007135
KKT,0.061599486,-1.2104229
KKT,0.061141357,-1.2136649
KKT,0.06312631,-1.1997896
KKT,0.062181726,-1.2063372
KKT,0.07382792,-1.1317793
KKT,0.067772746,-1.168945
KKT,0.07183098,-1.1436882
KKT,0.064143725,-1.1928458
KKT,0.06059259,-1.2175804
KKT,0.06338844,-1.19799
KKT,0.06281133,-1.201962
KKT,0.06607652,-1.1799529
KKT,0.06433535,-1.1915503
KKT,0.068389766,-1.1650089
KKT,0.06293085,-1.2011364
KKT,0.06278341,-1.2021551
KKT,0.06203419,-1.2073689
KKT,0.06832948,-1.1653919
KKT,0.06408686,-1.193231
KKT,0.06642348,-1.1776783
KKT,0.062345643,-1.2051939
KKT,0.06148854,-1.2112058
KKT,0.06864829,-1.1633703
KKT,0.061331913,-1.2123135
KKT,0.06315923,-1.1995631
KKT,0.063081734,-1.2000964
KKT,0.068026595,-1.1673213
KKT,0.064218536,-1.1923397
KKT,0.06464493,-1.1894655
KKT,0.0668518,-1.1748868
KKT,0.0628881,-1.2014315
KKT,0.063063644,-1.200221
KKT,0.06479964,-1.1884274
KKT,0.0691706,-1.1600784
KKT,0.06854921,-1.1639975
KKT,0.06718258,-1.1727433
KKT,0.070041284,-1.1546459
KKT,0.06383389,-1.1949487
KKT,0.06225419,-1.2058314
KKT,0.06362252,-1.1963891
KKT,0.07032122,-1.1529136
KKT,0.06214466,-1.2065961
KKT,0.06467687,-1.189251
KKT,0.06413864,-1.1928803
KKT,0.06622004,-1.1790106
KKT,0.06532126,-1.1849455
KKT,0.06701345,-1.173838
KKT,0.06312354,-1.1998087
KKT,0.0660376,-1.1802087
KKT,0.065970436,-1.1806506
KKT,0.06359178,-1.196599
KKT,0.06879671,-1.1624323
KKT,0.06303373,-1.2004269
KKT,0.07002771,-1.1547301
KKT,0.06509347,-1.1864625
KKT,0.06176547,-1.2092543
KKT,0.07016864,-1.153857
KKT,0.06040489,-1.2189279
KKT,0.06520702,-1.1857057
KKT,0.06517722,-1.1859041
KKT,0.066623345,-1.1763736
KKT,0.06331007,-1.1985272
KKT,0.06587596,-1.181273
KKT,0.06552112,-1.1836187
KKT,0.06464432,-1.1894696
KKT,0.067586735,-1.1701385
KKT,0.06284678,-1.201717
KKT,0.06207958,-1.2070513
KKT,0.0670065,-1.1738831
KKT,0.07024453,-1.1533875
KKT,0.06531436,-1.1849914
KKT,0.062262505,-1.2057734
KKT,0.060471892,-1.2184465
KKT,0.06462379,-1.1896076
KKT,0.0628466,-1.2017182
KKT,0.067074,-1.1734458
KKT,0.06440593,-1.1910741
KKT,0.07330661,-1.1348568
KKT,0.06356147,-1.1968061
KKT,0.0675596,-1.1703129
KKT,0.06531792,-1.1849676
KKT,0.06551381,-1.1836672
KKT,0.0633548,-1.1982205
KKT,0.068379864,-1.1650717
KKT,0.06889045,-1.1618409
KKT,0.068545885,-1.1640186
KKT,0.06956275,-1.1576233
KKT,0.06994965,-1.1552144
KKT,0.06532961,-1.1848899
KKT,0.063151546,-1.199616
KKT,0.06626256,-1.1787318
KKT,0.06226775,-1.2057369
KKT,0.06418167,-1.1925889
KKT,0.06758425,-1.1701546
KKT,0.06617401,-1.1793126
KKT,0.06709031,-1.1733402
KKT,0.070457004,-1.1520759
KKT,0.06363565,-1.1962996
KKT,0.065847434,-1.1814611
KKT,0.06875828,-1.162675
KKT,0.06274128,-1.2024466
KKT,0.061410956,-1.2117541
KKT,0.06297146,-1.2008562
KKT,0.0657635,-1.1820151
KKT,0.065543026,-1.1834735
KKT,0.06850868,-1.1642544
KKT,0.06578146,-1.1818964
KKT,0.06457016,-1.1899681
KKT,0.06401109,-1.1937448
KKT,0.063536614,-1.196976
KKT,0.06662641,-1.1763536
KKT,0.06350949,-1.1971614
KKT,0.06292607,-1.2011694
KKT,0.06491897,-1.1876284
KKT,0.061407324,-1.2117798
KKT,0.06391926,-1.1943682
KKT,0.061736107,-1.2094607
KKT,0.066788524,-1.1752981
KKT,0.06233114,-1.205295
KKT,0.065825984,-1.1816026
KKT,0.06415233,-1.1927875
KKT,0.06738107,-1.171462
KKT,0.067303605,-1.1719617
KKT,0.067593396,-1.1700957
KKT,0.06528,-1.1852199
KKT,0.06503279,-1.1868676
KKT,0.064273655,-1.191967
KKT,0.069141306,-1.1602625
KKT,0.070508316,-1.1517596
KKT,0.06819019,-1.1662781
KKT,0.06597377,-1.1806287
KKT,0.063882805,-1.1946161
KKT,0.060182884,-1.220527
KKT,0.062461406,-1.2043883
KKT,0.06616185,-1.1793923
KKT,0.06803878,-1.1672435
KKT,0.066588864,-1.1765984
KKT,0.06723247,-1.172421
KKT,0.06475051,-1.1887568
KKT,0.06262493,-1.2032528
KKT,0.06368595,-1.1959563
KKT,0.0659098,-1.18105
KKT,0.062021464,-1.207458
KKT,0.06157276,-1.2106113
KKT,0.061278373,-1.2126927
KKT,0.06107429,-1.2141416
KKT,0.0701736,-1.1538262
KKT,0.066590816,-1.1765857
KKT,0.06436588,-1.1913443
KKT,0.063216425,-1.1991701
KKT,0.06302172,-1.2005098
KKT,0.06238832,-1.2048967
KKT,0.065657414,-1.1827163
KKT,0.063297644,-1.1986125
KKT,0.0636895,-1.1959321
KKT,0.06373793,-1.195602
KKT,0.066480815,-1.1773037
KKT,0.06509027,-1.186484
KKT,0.06379968,-1.1951815
KKT,0.070770875,-1.1501454
KKT,0.064239286,-1.1921993
KKT,0.064900234,-1.1877537
KKT,0.063564986,-1.196782
KKT,0.06871764,-1.1629318
KKT,0.0611618,-1.2135197
KKT,0.06788753,-1.16821
KKT,0.06781273,-1.1686888
KKT,0.0642526,-1.1921093
KKT,0.06326869,-1.1988112
KKT,0.06463519,-1.189531
KKT,0.06689718,-1.1745921
KKT,0.06372088,-1.1957182
KKT,0.0640722,-1.1933304
KKT,0.065820605,-1.1816381
KKT,0.062859684,-1.2016279
KKT,0.06360322,-1.1965209
KKT,0.06286502,-1.2015909
KKT,0.06489106,-1.1878151
KKT,0.06527878,-1.185228
KKT,0.06573071,-1.1822317
KKT,0.06616706,-1.1793582
KKT,0.06708545,-1.1733717
KKT,0.06322701,-1.1990974
KKT,0.06374319,-1.1955662
KKT,0.066325374,-1.1783203
KKT,0.0628804,-1.2014847
KKT,0.06342246,-1.1977569
KKT,0.061349083,-1.2121919
KKT,0.06775685,-1.1690468
KKT,0.06250864,-1.20406
KKT,0.066957876,-1.1741984
KKT,0.06387696,-1.1946558
KKT,0.06725695,-1.1722628
KKT,0.06407464,-1.1933138
KKT,0.063127846,-1.199779
KKT,0.06150049,-1.2111214
KKT,0.06562675,-1.1829191
KKT,0.06596057,-1.1807156
KKT,0.06495497,-1.1873876
KKT,0.066273175,-1.1786622
KKT,0.06468595,-1.18919
KKT,0.06523063,-1.1855484
KKT,0.062647015,-1.2030996
KKT,0.06544569,-1.184119
KKT,0.06376733,-1.1954018
KKT,0.06248571,-1.2042193
KKT,0.06362024,-1.1964047
KKT,0.06664501,-1.1762323
KKT,0.06676076,-1.1754787
KKT,0.06527521,-1.1852517
KKT,0.06698413,-1.174028
KKT,0.070268564,-1.1532389
KKT,0.06637184,-1.1780161
KKT,0.06667101,-1.176063
KKT,0.06234509,-1.2051977
KKT,0.06248723,-1.2042087
KKT,0.06969788,-1.1567805
KKT,0.06247741,-1.204277
KKT,0.06113312,-1.2137234
KKT,0.06893168,-1.1615812
KKT,0.061791822,-1.209069
KKT,0.066064104,-1.1800344
KKT,0.066972725,-1.1741021
KKT,0.06597264,-1.1806362
KKT,0.061847284,-1.2086793
KKT,0.06446275,-1.1906911
KKT,0.062045336,-1.2072909
KKT,0.06887515,-1.1619375
KKT,0.06312963,-1.1997668
KKT,0.06982124,-1.1560124
KKT,0.063958615,-1.194101
KKT,0.06576375,-1.1820134
KKT,0.06509093,-1.1864796
KKT,0.06994313,-1.155255
KKT,0.06326894,-1.1988095
KKT,0.06830168,-1.1655686
KKT,0.06759258,-1.1701009
KKT,0.061772913,-1.2092019
KKT,0.061653227,-1.2100441
KKT,0.060968906,-1.2148916
KKT,0.06410524,-1.1931064
KKT,0.06745516,-1.1709849
KKT,0.06428982,-1.1918578
KKT,0.06557369,-1.1832703
KKT,0.06402581,-1.1936449
KKT,0.0684932,-1.1643525
KKT,0.06445804,-1.190723
KKT,0.06220016,-1.2062085
KKT,0.066146195,-1.1794951
KKT,0.061927672,-1.2081152
KKT,0.0711137,-1.1480467
KKT,0.06360695,-1.1964954
KKT,0.06936947,-1.1588316
KKT,0.06264446,-1.2031174
KKT,0.06950804,-1.157965
KKT,0.063576594,-1.1967027
KKT,0.06549366,-1.1838007
KKT,0.06432496,-1.1916205
KKT,0.07093228,-1.1491561
KKT,0.061074726,-1.2141385
KKT,0.06126777,-1.212768
KKT,0.066303276,-1.178465
KKT,0.062827095,-1.201853
KKT,0.06298992,-1.2007289
KKT,0.06405151,-1.1934706
KKT,0.06314547,-1.1996578
KKT,0.06731217,-1.1719064
KKT,0.06988813,-1.1555966
KKT,0.0660647,-1.1800306
KKT,0.06404146,-1.1935388
KKT,0.067907445,-1.1680826
KKT,0.065384366,-1.1845261
KKT,0.07184404,-1.1436093
KKT,0.062585555,-1.2035259
KKT,0.062583834,-1.2035378
KKT,0.063005984,-1.2006181
KKT,0.06699871,-1.1739335
KKT,0.06955519,-1.1576705
KKT,0.063702494,-1.1958436
KKT,0.06443445,-1.1908818
KKT,0.06607265,-1.1799783
KKT,0.068445615,-1.1646544
KKT,0.06397145,-1.1940138
KKT,0.06761157,-1.169979
KKT,0.06639623,-1.1778566
KKT,0.068566844,-1.1638858
KKT,0.06156805,-1.2106446
KKT,0.07325697,-1.135151
KKT,0.061095685,-1.2139895
KKT,0.06386046,-1.194768
KKT,0.06433677,-1.1915407
KKT,0.06827967,-1.1657085
KKT,0.07234767,-1.1405754
KKT,0.06593553,-1.1808805
KKT,0.07246456,-1.1398743
KKT,0.06683206,-1.1750152
KKT,0.06972725,-1.1565975
KKT,0.063230306,-1.1990747
KKT,0.061228856,-1.2130438
KKT,0.06430451,-1.1917586
KKT,0.061270237,-1.2127504
KKT,0.06367429,-1.1960359
KKT,0.062954575,-1.2009727
KKT,0.06175205,-1.2093486
KKT,0.06384232,-1.1948913
KKT,0.06944081,-1.1583852
KKT,0.06458295,-1.1898822
KKT,0.07241745,-1.1401567
KKT,0.061911836,-1.2082263
KKT,0.06494531,-1.1874522
KKT,0.06684455,-1.174934
KKT,0.062413696,-1.2047201
KKT,0.06475555,-1.188723
KKT,0.065450005,-1.1840903
KKT,0.06826568,-1.1657976
KKT,0.061294287,-1.21258
KKT,0.0727039,-1.1384423
KKT,0.0671754,-1.1727897
KKT,0.06954647,-1.157725
KKT,0.07018173,-1.1537759
KKT,0.06235704,-1.2051145
KKT,0.06184584,-1.2086896
KKT,0.06200719,-1.2075579
KKT,0.0665695,-1.1767247
KKT,0.06866751,-1.1632487
KKT,0.069338515,-1.1590254
KKT,0.06748769,-1.1707754
KKT,0.06920323,-1.1598736
KKT,0.06361778,-1.1964215
KKT,0.07385084,-1.1316446
KKT,0.06421101,-1.1923904
KKT,0.068778135,-1.1625496
KKT,0.06770635,-1.1693707
KKT,0.06353609,-1.1969795
KKT,0.06076309,-1.2163601
KKT,0.061136737,-1.2136978
KKT,0.06749919,-1.1707014
KKT,0.06450774,-1.1903882
KKT,0.06878883,-1.1624821
KKT,0.062350594,-1.2051594
KKT,0.061838597,-1.2087404
KKT,0.06895595,-1.1614282
KKT,0.067384936,-1.1714371
KKT,0.06503935,-1.1868238
KKT,0.06307514,-1.2001418
KKT,0.062341686,-1.2052214
KKT,0.06970349,-1.1567454
KKT,0.06504707,-1.1867722
KKT,0.064089246,-1.1932149
KKT,0.06322059,-1.1991415
KKT,0.061609536,-1.2103521
KKT,0.06997352,-1.1550663
KKT,0.06358873,-1.1966199
KKT,0.071961686,-1.1428987
KKT,0.06468849,-1.189173
KKT,0.070813246,-1.1498855
KKT,0.067141786,-1.1730071
KKT,0.06297538,-1.2008293
KKT,0.06422264,-1.1923119
KKT,0.06637505,-1.1779952
KKT,0.07070585,-1.1505446
KKT,0.064801715,-1.1884135
KKT,0.06634586,-1.1781862
KKT,0.06301598,-1.2005492
KKT,0.06474609,-1.1887865
KKT,0.06855367,-1.1639693
KKT,0.0729128,-1.1371962
KKT,0.06450918,-1.1903784
KKT,0.061668903,-1.2099338
KKT,0.063739754,-1.1955897
KKT,0.060757495,-1.2164001
KKT,0.06341332,-1.1978195
KKT,0.06489907,-1.1877615
KKT,0.062358633,-1.2051034
KKT,0.06979042,-1.1562042
KKT,0.06417853,-1.1926103
KKT,0.06514801,-1.1860988
KKT,0.06421078,-1.1923921
KKT,0.06867825,-1.1631807
KKT,0.06364221,-1.1962547
KKT,0.06770409,-1.1693851
KKT,0.06424328,-1.1921723
KKT,0.06822336,-1.1660669
KKT,0.06222265,-1.2060515
KKT,0.06333356,-1.198366
KKT,0.06316717,-1.1995085
KKT,0.06458206,-1.1898881
KKT,0.06444879,-1.1907853
KKT,0.06411329,-1.1930519
KKT,0.06223523,-1.2059637
KKT,0.061718464,-1.2095848
KKT,0.06479153,-1.1884818
KKT,0.066947415,-1.1742662
KKT,0.06838336,-1.1650496
KKT,0.06353608,-1.1969796
KKT,0.060767207,-1.2163308
KKT,0.06514446,-1.1861225
KKT,0.061927885,-1.2081138
KKT,0.0636303,-1.196336
KKT,0.061262667,-1.2128041
KKT,0.06999211,-1.1549509
KKT,0.06687641,-1.1747271
KKT,0.06908926,-1.1605895
KKT,0.06905129,-1.1608282
KKT,0.06216544,-1.2064509
KKT,0.063408315,-1.1978538
KKT,0.06455448,-1.1900736
KKT,0.07018008,-1.1537862
KKT,0.070131995,-1.1540838
KKT,0.07119666,-1.1475403
KKT,0.07089009,-1.1494144
KKT,0.0682994,-1.1655831
KKT,0.061169326,-1.2134663
KKT,0.06210302,-1.2068872
KKT,0.06453865,-1.1901801
KKT,0.06324461,-1.1989765
KKT,0.06238419,-1.2049254
KKT,0.069711305,-1.1566968
KKT,0.06906295,-1.1607549
KKT,0.06310403,-1.1999428
KKT,0.06972445,-1.1566149
KKT,0.06467715,-1.1892492
KKT,0.061535835,-1.2108719
KKT,0.06217873,-1.2063582
KKT,0.06681904,-1.1750997
KKT,0.066671185,-1.1760619
KKT,0.06426347,-1.1920358
KKT,0.068515986,-1.164208
KKT,0.066550665,-1.1768476
KKT,0.063673705,-1.1960399
KKT,0.06794058,-1.1678708
KKT,0.06419818,-1.1924772
KKT,0.06863432,-1.1634587
KKT,0.062424853,-1.2046424
KKT,0.063713185,-1.1957706
KKT,0.06148792,-1.2112103
KKT,0.06314894,-1.199634
KKT,0.07027384,-1.1532063
KKT,0.06573292,-1.1822171
KKT,0.06329119,-1.1986567
KKT,0.06288634,-1.2014437
KKT,0.06829803,-1.1655918
KKT,0.06720746,-1.1725825
KKT,0.066214584,-1.1790464
KKT,0.06399134,-1.1938788
KKT,0.06824517,-1.165928
KKT,0.064233676,-1.1922373
KKT,0.063950054,-1.194159
KKT,0.06830484,-1.1655486
KKT,0.066576615,-1.1766783
KKT,0.068176255,-1.1663668
KKT,0.070858024,-1.149611
KKT,0.068731524,-1.1628441
KKT,0.07990184,-1.0974432
KKT,0.069341,-1.1590099
KKT,0.06311545,-1.1998644
KKT,0.062604606,-1.2033937
KKT,0.063057214,-1.2002652
KKT,0.0616066,-1.2103728
KKT,0.061881766,-1.2084373
KKT,0.06280646,-1.2019957
KKT,0.0639825,-1.1939387
KKT,0.061838105,-1.2087438
KKT,0.0653668,-1.1846428
KKT,0.0643285,-1.1915966
KKT,0.061509773,-1.2110559
KKT,0.062715024,-1.2026284
KKT,0.061854765,-1.2086269
KKT,0.065262005,-1.1853396
KKT,0.06252164,-1.2039697
KKT,0.06305732,-1.2002645
KKT,0.0613664,-1.2120694
KKT,0.06499097,-1.187147
KKT,0.061490208,-1.211194
KKT,0.06350614,-1.1971843
KKT,0.06257669,-1.2035874
KKT,0.063973784,-1.193998
KKT,0.064049184,-1.1934865
KKT,0.06487607,-1.1879154
KKT,0.06193161,-1.2080877
KKT,0.06355873,-1.1968248
KKT,0.06428211,-1.1919099
KKT,0.060045242,-1.2215214
KKT,0.063822374,-1.195027
KKT,0.064783484,-1.1885357
KKT,0.06362887,-1.1963458
KKT,0.06524013,-1.1854851
KKT,0.06368445,-1.1959666
KKT,0.06265065,-1.2030745
KKT,0.06292665,-1.2011654
KKT,0.06387643,-1.1946594
KKT,0.06618066,-1.179269
KKT,0.0646979,-1.1891098
KKT,0.060957,-1.2149764
KKT,0.06476286,-1.188674
KKT,0.062433913,-1.2045795
KKT,0.06568377,-1.182542
KKT,0.06784669,-1.1684713
KKT,0.06747782,-1.170839
KKT,0.06250741,-1.2040684
KKT,0.06528459,-1.1851894
KKT,0.0625554,-1.2037352
KKT,0.066409156,-1.177772
KKT,0.06422034,-1.1923274
KKT,0.062106594,-1.2068623
KKT,0.065554775,-1.1833956
KKT,0.0637984,-1.1951902
KKT,0.065519646,-1.1836284
KKT,0.06585862,-1.1813874
KKT,0.06334582,-1.198282
KKT,0.06380343,-1.195156
KKT,0.064714774,-1.1889966
KKT,0.06146743,-1.211355
KKT,0.064139605,-1.1928737
KKT,0.06275374,-1.2023604
KKT,0.062186107,-1.2063066
KKT,0.06936845,-1.158838
KKT,0.062123656,-1.206743
KKT,0.06173423,-1.209474
KKT,0.061682895,-1.2098353
KKT,0.06734266,-1.1717098
KKT,0.0645938,-1.1898092
KKT,0.06165566,-1.2100271
KKT,0.06403595,-1.1935761
KKT,0.06613897,-1.1795425
KKT,0.06476925,-1.188631
KKT,0.06253892,-1.2038496
KKT,0.064546615,-1.1901265
KKT,0.060345292,-1.2193567
KKT,0.06522149,-1.1856093
KKT,0.062723786,-1.2025677
KKT,0.06348505,-1.1973286
KKT,0.06466925,-1.1893022
KKT,0.06093186,-1.2151556
KKT,0.06161423,-1.2103189
KKT,0.062961966,-1.2009218
KKT,0.0655386,-1.1835028
KKT,0.0648185,-1.188301
KKT,0.06285265,-1.2016764
KKT,0.0635748,-1.196715
KKT,0.06830874,-1.1655238
KKT,0.06547561,-1.1839204
KKT,0.06757276,-1.1702284
KKT,0.06272836,-1.2025361
KKT,0.06402089,-1.1936783
KKT,0.06506344,-1.186663
KKT,0.061143674,-1.2136484
KKT,0.062058583,-1.2071981
KKT,0.06617225,-1.1793242
KKT,0.06530769,-1.1850357
KKT,0.06285589,-1.201654
KKT,0.061367556,-1.2120612
KKT,0.063534304,-1.1969917
KKT,0.06463787,-1.189513
KKT,0.06364276,-1.196251
KKT,0.06300673,-1.200613
KKT,0.06372243,-1.1957077
KKT,0.06711127,-1.1732045
KKT,0.06893828,-1.1615396
KKT,0.06543239,-1.1842072
KKT,0.061243236,-1.2129419
KKT,0.06208799,-1.2069924
KKT,0.06331599,-1.1984866
KKT,0.0636515,-1.1961913
KKT,0.063423246,-1.1977515
KKT,0.059637994,-1.2244769
KKT,0.06598836,-1.1805327
KKT,0.06652864,-1.1769913
KKT,0.062490813,-1.2041838
KKT,0.062740974,-1.2024487
KKT,0.06449425,-1.190479
KKT,0.06355588,-1.1968442
KKT,0.061651528,-1.2100562
KKT,0.06391743,-1.1943808
KKT,0.06518407,-1.1858585
KKT,0.062830836,-1.2018272
KKT,0.0657475,-1.1821208
KKT,0.061783753,-1.2091258
KKT,0.067195654,-1.1726588
KKT,0.06583089,-1.1815703
KKT,0.06526274,-1.1853347
KKT,0.06523767,-1.1855016
KKT,0.063325375,-1.1984222
KKT,0.062348276,-1.2051755
KKT,0.07234135,-1.1406133
KKT,0.06883032,-1.1622202
KKT,0.059580684,-1.2248945
KKT,0.063149914,-1.1996273
KKT,0.058771238,-1.2308352
KKT,0.061282143,-1.212666
KKT,0.06702463,-1.1737655
KKT,0.06416942,-1.1926719
KKT,0.06125173,-1.2128817
KKT,0.0630284,-1.2004637
KKT,0.058921196,-1.2297285
KKT,0.060945198,-1.2150605
KKT,0.064607166,-1.1897193
KKT,0.06328507,-1.1986988
KKT,0.06348872,-1.1973034
KKT,0.064095706,-1.193171
KKT,0.060603097,-1.2175052
KKT,0.061731197,-1.2094953
KKT,0.061450012,-1.211478
KKT,0.06347698,-1.1973838
KKT,0.062832296,-1.201817
KKT,0.062021486,-1.2074578
KKT,0.07039069,-1.1524848
KKT,0.059986904,-1.2219435
KKT,0.06305012,-1.200314
KKT,0.06367142,-1.1960555
KKT,0.06331264,-1.1985096
KKT,0.06269239,-1.2027851
KKT,0.06235099,-1.2051567
KKT,0.06666056,-1.176131
KKT,0.06248288,-1.204239
KKT,0.06455851,-1.1900464
KKT,0.06408271,-1.1932591
KKT,0.06260651,-1.2033805
KKT,0.0626736,-1.2029153
KKT,0.066762775,-1.1754656
KKT,0.06399745,-1.1938374
KKT,0.06383321,-1.1949533
KKT,0.0634622,-1.1974849
KKT,0.06182176,-1.2088586
KKT,0.06315081,-1.1996211
KKT,0.06242636,-1.204632
KKT,0.0637249,-1.1956909
KKT,0.06433031,-1.1915843
KKT,0.061040215,-1.214384
KKT,0.06633523,-1.1782558
KKT,0.063127644,-1.1997805
KKT,0.067435116,-1.1711138
KKT,0.06444765,-1.1907929
KKT,0.064417765,-1.1909944
KKT,0.06012386,-1.2209531
KKT,0.0638568,-1.1947929
KKT,0.067381874,-1.1714569
KKT,0.06582743,-1.1815931
KKT,0.07076588,-1.150176
KKT,0.06282931,-1.2018378
KKT,0.06356871,-1.1967566
KKT,0.063076645,-1.2001314
KKT,0.06298287,-1.2007775
KKT,0.063403815,-1.1978846
KKT,0.06890336,-1.1617596
KKT,0.06415474,-1.1927713
KKT,0.061979733,-1.2077503
KKT,0.06798422,-1.1675918
KKT,0.06349709,-1.1972462
KKT,0.06607833,-1.1799409
KKT,0.067125075,-1.1731153
KKT,0.067497045,-1.1707152
KKT,0.060356528,-1.2192757
KKT,0.0670455,-1.1736304
KKT,0.060619697,-1.2173862
KKT,0.06275962,-1.2023196
KKT,0.061627433,-1.2102259
KKT,0.06711079,-1.1732076
KKT,0.063878894,-1.1946427
KKT,0.06336895,-1.1981235
KKT,0.06353552,-1.1969835
KKT,0.06282875,-1.2018416
KKT,0.065358944,-1.184695
KKT,0.064985216,-1.1871854
KKT,0.06981106,-1.1560757
KKT,0.06355508,-1.1968497
KKT,0.06272123,-1.2025855
KKT,0.06349239,-1.1972784
KKT,0.061252564,-1.2128757
KKT,0.0658299,-1.1815767
KKT,0.06602594,-1.1802853
KKT,0.062963575,-1.2009106
KKT,0.06454168,-1.1901597
KKT,0.06651355,-1.1770898
KKT,0.065512545,-1.1836755
KKT,0.06239377,-1.2048588
KKT,0.062580496,-1.203561
KKT,0.06082212,-1.2159384
KKT,0.062684715,-1.2028383
KKT,0.061859667,-1.2085924
KKT,0.06186612,-1.2085471
KKT,0.062831886,-1.2018199
KKT,0.061487198,-1.2112153
KKT,0.06057276,-1.2177227
KKT,0.06418572,-1.1925615
KKT,0.065174565,-1.1859219
KKT,0.066832766,-1.1750106
KKT,0.06619258,-1.1791906
KKT,0.06528113,-1.1852124
KKT,0.061789192,-1.2090875
KKT,0.067151636,-1.1729434
KKT,0.065161765,-1.1860071
KKT,0.06571742,-1.1823195
KKT,0.06282209,-1.2018876
KKT,0.066613555,-1.1764374
KKT,0.06468375,-1.1892048
KKT,0.06648171,-1.1772978
KKT,0.06333123,-1.198382
KKT,0.065577134,-1.1832476
KKT,0.062271416,-1.2057112
KKT,0.06364302,-1.1962492
KKT,0.06339645,-1.1979351
KKT,0.063822925,-1.1950233
KKT,0.061272547,-1.2127341
KKT,0.06163563,-1.2101681
KKT,0.06550348,-1.1837356
KKT,0.064666755,-1.1893189
KKT,0.061935022,-1.2080637
KKT,0.06573635,-1.1821944
KKT,0.061843954,-1.2087028
KKT,0.062281378,-1.2056417
KKT,0.063489705,-1.1972967
KKT,0.0635916,-1.1966002
KKT,0.064137354,-1.192889
KKT,0.06427723,-1.1919428
KKT,0.06993568,-1.1553012
KKT,0.06354815,-1.1968971
KKT,0.06368622,-1.1959546
KKT,0.06763177,-1.1698493
KKT,0.06474975,-1.188762
KKT,0.065880045,-1.1812462
KKT,0.06525741,-1.1853702
KKT,0.06298365,-1.2007722
KKT,0.06542605,-1.1842493
KKT,0.063007854,-1.2006053
KKT,0.06373403,-1.1956286
KKT,0.060838774,-1.2158196
KKT,0.06597252,-1.1806369
KKT,0.06495127,-1.1874124
KKT,0.06025864,-1.2199807
KKT,0.066676244,-1.1760288
KKT,0.06377767,-1.1953313
KKT,0.062983006,-1.2007766
KKT,0.061301127,-1.2125316
KKT,0.06433061,-1.1915823
KKT,0.068388686,-1.1650157
KKT,0.06704682,-1.1736218
KKT,0.06390524,-1.1944635
KKT,0.064492226,-1.1904926
KKT,0.06211081,-1.2068328
KKT,0.06353979,-1.1969543
KKT,0.063888304,-1.1945786
KKT,0.061905026,-1.2082741
KKT,0.063652515,-1.1961844
KKT,0.06733255,-1.171775
KKT,0.062551446,-1.2037627
KKT,0.06159605,-1.2104471
KKT,0.065717615,-1.1823182
KKT,0.06612032,-1.1796651
KKT,0.06743711,-1.1711011
KKT,0.060986012,-1.2147697
KKT,0.066656485,-1.1761576
KKT,0.06349107,-1.1972873
KKT,0.06470766,-1.1890444
KKT,0.06323948,-1.1990117
KKT,0.06336174,-1.1981729
KKT,0.06450373,-1.1904151
KKT,0.06239696,-1.2048366
KKT,0.06328069,-1.1987288
KKT,0.06414837,-1.1928144
KKT,0.06796055,-1.1677431
KKT,0.060894474,-1.2154222
KKT,0.06384346,-1.1948836
KKT,0.06591539,-1.1810132
KKT,0.06514543,-1.186116
KKT,0.06516029,-1.186017
KKT,0.062314756,-1.205409
KKT,0.06552421,-1.1835982
KKT,0.0651111,-1.186345
KKT,0.06259755,-1.2034427
KKT,0.06259845,-1.2034364
KKT,0.06194368,-1.208003
KKT,0.06277725,-1.2021977
KKT,0.06388438,-1.1946054
KKT,0.062022015,-1.2074541
KKT,0.06437575,-1.1912777
KKT,0.06302175,-1.2005095
KKT,0.064302295,-1.1917735
KKT,0.062167585,-1.206436
KKT,0.0632956,-1.1986265
KKT,0.06373471,-1.195624
KKT,0.061639473,-1.2101411
KKT,0.064556375,-1.1900609
KKT,0.06272205,-1.2025797
KKT,0.064117566,-1.193023
KKT,0.06366567,-1.1960946
KKT,0.063507825,-1.1971728
KKT,0.0628939,-1.2013915
KKT,0.06331293,-1.1985075
KKT,0.06305417,-1.2002861
KKT,0.06238237,-1.2049382
KKT,0.062057473,-1.2072059
KKT,0.063687414,-1.1959463
KKT,0.06499331,-1.1871314
KKT,0.06580688,-1.1817287
KKT,0.061871916,-1.2085065
KKT,0.06285043,-1.2016917
KKT,0.06332375,-1.1984334
KKT,0.06336702,-1.1981367
KKT,0.06318216,-1.1994056
KKT,0.07204683,-1.1423851
KKT,0.06518042,-1.1858828
KKT,0.06253925,-1.2038473
KKT,0.06280309,-1.202019
KKT,0.06130278,-1.2125198
KKT,0.06329311,-1.1986436
KKT,0.06263839,-1.2031595
KKT,0.06669785,-1.1758882
KKT,0.064995706,-1.1871153
KKT,0.06393225,-1.19428
KKT,0.065351576,-1.1847439
KKT,0.06349183,-1.1972822
KKT,0.06693897,-1.174321
KKT,0.065507375,-1.1837099
KKT,0.063255414,-1.1989022
KKT,0.06488319,-1.1878679
KKT,0.07144678,-1.1460173
KKT,0.06332852,-1.1984006
KKT,0.063169025,-1.1994958
KKT,0.061048776,-1.214323
KKT,0.063726634,-1.1956791
KKT,0.06497599,-1.187247
KKT,0.06254088,-1.203836
KKT,0.062880576,-1.2014835
KKT,0.06392441,-1.1943333
KKT,0.062263295,-1.2057679
KKT,0.0686231,-1.1635296
KKT,0.06119451,-1.2132876
KKT,0.0654115,-1.1843458
KKT,0.063418835,-1.1977817
KKT,0.060120583,-1.2209768
KKT,0.065446906,-1.1841109
KKT,0.063726336,-1.1956811
KKT,0.063682914,-1.1959771
KKT,0.066587746,-1.1766057
KKT,0.060963646,-1.2149291
KKT,0.0618248,-1.2088373
KKT,0.06349401,-1.1972672
KKT,0.06295114,-1.2009964
KKT,0.06409265,-1.1931918
KKT,0.06176439,-1.2092619
KKT,0.06246189,-1.2043849
KKT,0.062277302,-1.2056702
KKT,0.06716086,-1.1728837
KKT,0.07387607,-1.1314962
KKT,0.06063658,-1.2172652
KKT,0.063973874,-1.1939974
KKT,0.06357362,-1.1967231
KKT,0.061391782,-1.2118897
KKT,0.06300406,-1.2006315
KKT,0.06253872,-1.203851
KKT,0.06572101,-1.1822958
KKT,0.064213604,-1.1923729
KKT,0.062301233,-1.2055033
KKT,0.059171557,-1.227887
KKT,0.05994261,-1.2222643
KKT,0.06379929,-1.1951841
KKT,0.065600425,-1.1830933
KKT,0.064243495,-1.1921709
KKT,0.06730201,-1.1719719
KKT,0.06706618,-1.1734965
KKT,0.06411871,-1.1930152
KKT,0.060846083,-1.2157674
KKT,0.06336641,-1.1981409
KKT,0.06415499,-1.1927695
KKT,0.063639514,-1.1962731
KKT,0.06349662,-1.1972494
KKT,0.06639705,-1.1778512
KKT,0.06377918,-1.1953211
KKT,0.063776106,-1.195342
KKT,0.06391311,-1.1944101
KKT,0.062476635,-1.2042824
KKT,0.06316589,-1.1995174
KKT,0.06416213,-1.1927212
KKT,0.06458007,-1.1899015
KKT,0.067089185,-1.1733475
KKT,0.06054859,-1.217896
KKT,0.06307785,-1.2001231
KKT,0.062250957,-1.2058539
KKT,0.060496457,-1.2182701
KKT,0.06353268,-1.1970028
KKT,0.06295731,-1.2009538
KKT,0.06772332,-1.1692618
KKT,0.06208042,-1.2070453
KKT,0.067970455,-1.1676798
KKT,0.06343869,-1.1976458
KKT,0.060963593,-1.2149295
KKT,0.062092945,-1.2069577
KKT,0.0615274,-1.2109314
KKT,0.06655815,-1.1767987
KKT,0.0634493,-1.1975732
KKT,0.06526497,-1.1853199
KKT,0.062813714,-1.2019455
KKT,0.061918594,-1.2081789
KKT,0.0658603,-1.1813763
KKT,0.06138576,-1.2119324
KKT,0.06578088,-1.1819004
KKT,0.064987,-1.1871735
KKT,0.06453661,-1.1901939
KKT,0.062408745,-1.2047546
KKT,0.06701444,-1.1738316
KKT,0.063176006,-1.1994479
KKT,0.064990856,-1.1871477
KKT,0.061632007,-1.2101936
KKT,0.0640678,-1.1933602
KKT,0.065642245,-1.1828166
KKT,0.06499378,-1.1871282
KKT,0.06562509,-1.1829301
KKT,0.06307942,-1.2001123
KKT,0.06620765,-1.1790918
KKT,0.06565853,-1.1827089
KKT,0.06425705,-1.1920792
KKT,0.06719783,-1.1726447
KKT,0.066542104,-1.1769035
KKT,0.06257731,-1.2035831
KKT,0.062337764,-1.2052488
KKT,0.062009983,-1.2075384
KKT,0.060336456,-1.2194202
KKT,0.06271901,-1.2026008
KKT,0.06450991,-1.1903735
KKT,0.062208474,-1.2061504
KKT,0.06402922,-1.1936218
KKT,0.066244796,-1.1788483
KKT,0.062262744,-1.2057718
KKT,0.06258364,-1.2035391
KKT,0.06357229,-1.1967322
KKT,0.0649813,-1.1872116
KKT,0.06085907,-1.2156746
KKT,0.064658895,-1.1893717
KKT,0.06428739,-1.1918743
KKT,0.062811114,-1.2019635
KKT,0.064323395,-1.1916311
KKT,0.062723204,-1.2025717
KKT,0.06307918,-1.200114
KKT,0.066225745,-1.1789732
KKT,0.064757645,-1.1887089
KKT,0.06257819,-1.203577
KKT,0.065489545,-1.183828
KKT,0.06362739,-1.1963558
KKT,0.062337436,-1.2052511
KKT,0.066671126,-1.1760622
KKT,0.06425913,-1.1920652
KKT,0.063310206,-1.1985263
KKT,0.06466028,-1.1893624
KKT,0.063556984,-1.1968367
KKT,0.065474465,-1.183928
KKT,0.06147231,-1.2113204
KKT,0.061319,-1.212405
KKT,0.06338679,-1.1980013
KKT,0.06212157,-1.2067575
KKT,0.06642011,-1.1777004
KKT,0.06330559,-1.198558
KKT,0.065679744,-1.1825686
KKT,0.062367767,-1.2050399
KKT,0.06424477,-1.1921623
KKT,0.065415695,-1.1843181
KKT,0.060614914,-1.2174205
KKT,0.061755948,-1.2093213
KKT,0.06289041,-1.2014155
KKT,0.06795954,-1.1677495
KKT,0.06404239,-1.1935325
KKT,0.06602837,-1.1802694
KKT,0.061605938,-1.2103775
KKT,0.06439785,-1.1911286
KKT,0.059678853,-1.2241795
KKT,0.06066391,-1.2170696
KKT,0.06338332,-1.198025
KKT,0.06383267,-1.194957
KKT,0.06462886,-1.1895735
KKT,0.060929798,-1.2151703
KKT,0.06622081,-1.1790055
KKT,0.06305525,-1.2002788
KKT,0.06361413,-1.1964464
KKT,0.06705177,-1.1735897
KKT,0.06283421,-1.2018038
KKT,0.06227623,-1.2056777
KKT,0.060951672,-1.2150143
KKT,0.06235303,-1.2051424
KKT,0.06476027,-1.1886914
KKT,0.06237507,-1.204989
KKT,0.061745875,-1.2093921
KKT,0.06318216,-1.1994056
KKT,0.06591164,-1.1810379
KKT,0.062083825,-1.2070215
KKT,0.06438017,-1.1912479
KKT,0.0627434,-1.2024319
KKT,0.06359113,-1.1966034
KKT,0.061197028,-1.2132697
KKT,0.063337356,-1.19834
KKT,0.063430324,-1.1977031
KKT,0.06523897,-1.1854929
KKT,0.06373468,-1.1956242
KKT,0.06386505,-1.1947367
KKT,0.06518029,-1.1858838
KKT,0.06346685,-1.197453
KKT,0.06600797,-1.1804036
KKT,0.0606597,-1.2170998
KKT,0.06689462,-1.1746088
KKT,0.0634868,-1.1973165
KKT,0.06312856,-1.1997741
KKT,0.06712034,-1.1731458
KKT,0.064654805,-1.1893992
KKT,0.063263044,-1.1988499
KKT,0.063346565,-1.1982769
KKT,0.0635194,-1.1970936
KKT,0.06957497,-1.157547
KKT,0.06591028,-1.1810468
KKT,0.067037225,-1.173684
KKT,0.06398974,-1.1938896
KKT,0.06656067,-1.1767824
KKT,0.063671656,-1.1960539
KKT,0.06662533,-1.1763606
KKT,0.0630083,-1.2006022
KKT,0.06310525,-1.1999345
KKT,0.0601393,-1.2208416
KKT,0.06120936,-1.2131822
KKT,0.059196316,-1.2277054
KKT,0.06185744,-1.208608
KKT,0.0606165,-1.2174091
KKT,0.06311287,-1.199882
KKT,0.06506169,-1.1866747
KKT,0.069151975,-1.1601955
KKT,0.068359375,-1.1652019
KKT,0.06274241,-1.2024388
KKT,0.064618126,-1.1896456
KKT,0.06584056,-1.1815065
KKT,0.063373074,-1.1980952
KKT,0.064150006,-1.1928033
KKT,0.065458305,-1.1840353
KKT,0.06323094,-1.1990703
KKT,0.063140936,-1.199689
KKT,0.06601812,-1.1803368
KKT,0.06443612,-1.1908706
KKT,0.06589505,-1.1811472
KKT,0.061368898,-1.2120516
KKT,0.06621541,-1.1790409
KKT,0.062362,-1.2050799
KKT,0.0674701,-1.1708887
KKT,0.064943075,-1.1874671
KKT,0.06268747,-1.2028192
KKT,0.05942902,-1.2260014
KKT,0.0641786,-1.1926098
KKT,0.061863124,-1.2085681
KKT,0.06142021,-1.2116888
KKT,0.060921818,-1.2152271
KKT,0.06374777,-1.195535
KKT,0.06396926,-1.1940286
KKT,0.062077403,-1.2070664
KKT,0.063642636,-1.1962519
KKT,0.06239418,-1.2048559
KKT,0.06339572,-1.19794
KKT,0.060552455,-1.2178682
KKT,0.06298821,-1.2007408
KKT,0.05895558,-1.2294751
KKT,0.065240726,-1.1854812
KKT,0.061685212,-1.209819
KKT,0.067990854,-1.1675495
KKT,0.065031365,-1.1868771
KKT,0.06302615,-1.2004791
KKT,0.0658665,-1.1813354
KKT,0.06272994,-1.2025251
KKT,0.062668994,-1.2029473
KKT,0.06256476,-1.2036703
KKT,0.066885084,-1.1746707
KKT,0.061561473,-1.210691
KKT,0.06305641,-1.2002708
KKT,0.06260986,-1.2033572
KKT,0.06686372,-1.1748095
KKT,0.06332964,-1.198393
KKT,0.06795268,-1.1677934
KKT,0.06156221,-1.2106858
KKT,0.066801995,-1.1752106
KKT,0.0615922,-1.2104743
KKT,0.06350643,-1.1971823
KKT,0.064297184,-1.191808
KKT,0.066171385,-1.1793298
KKT,0.06164208,-1.2101227
KKT,0.06317626,-1.1994461
KKT,0.063738294,-1.1955996
KKT,0.066067204,-1.180014
KKT,0.07143833,-1.1460687
KKT,0.06518933,-1.1858234
KKT,0.06365554,-1.1961638
KKT,0.06086254,-1.21565
KKT,0.06879005,-1.1624744
KKT,0.061730348,-1.2095013
KKT,0.06386024,-1.1947695
KKT,0.061936565,-1.2080529
KKT,0.060979165,-1.2148185
KKT,0.063523695,-1.1970643
KKT,0.06405553,-1.1934433
KKT,0.064833425,-1.1882011
KKT,0.06285659,-1.2016492
KKT,0.06422673,-1.1922842
KKT,0.06439778,-1.1911291
KKT,0.06256464,-1.2036711
KKT,0.06836,-1.165198
KKT,0.063384645,-1.1980159
KKT,0.06209434,-1.206948
KKT,0.06389949,-1.1945026
KKT,0.065988846,-1.1805295
KKT,0.06294374,-1.2010474
KKT,0.06408395,-1.1932508
KKT,0.062168986,-1.2064263
KKT,0.06219998,-1.2062098
KKT,0.061894447,-1.2083483
KKT,0.06614454,-1.179506
KKT,0.061874524,-1.2084881
KKT,0.063597724,-1.1965585
KKT,0.06221512,-1.206104
KKT,0.06535886,-1.1846955
KKT,0.06285049,-1.2016914
KKT,0.0645486,-1.1901132
KKT,0.06261484,-1.2033226
KKT,0.061120078,-1.213816
KKT,0.0629386,-1.201083
KKT,0.06447156,-1.1906319
KKT,0.06353763,-1.196969
KKT,0.06534385,-1.1847953
KKT,0.06426424,-1.1920307
KKT,0.06713901,-1.1730251
KKT,0.06332083,-1.1984534
KKT,0.063518144,-1.1971022
KKT,0.06656366,-1.1767628
KKT,0.062403843,-1.2047887
KKT,0.06431982,-1.1916552
KKT,0.065312564,-1.1850033
KKT,0.06399053,-1.1938843
KKT,0.06347327,-1.1974092
KKT,0.06630865,-1.1784298
KKT,0.06363103,-1.196331
KKT,0.06290304,-1.2013284
KKT,0.06078624,-1.2161947
KKT,0.06475791,-1.1887071
KKT,0.06441444,-1.1910168
KKT,0.0656273,-1.1829154
KKT,0.06373628,-1.1956133
KKT,0.06523416,-1.185525
KKT,0.065816075,-1.181668
KKT,0.070222735,-1.1535223
KKT,0.06050752,-1.2181907
KKT,0.061758436,-1.2093037
KKT,0.06373733,-1.1956061
KKT,0.06334127,-1.1983132
KKT,0.06292617,-1.2011687
KKT,0.06250909,-1.2040569
KKT,0.06600318,-1.1804352
KKT,0.063578576,-1.1966892
KKT,0.06484517,-1.1881224
KKT,0.06725429,-1.17228
KKT,0.062256932,-1.2058123
KKT,0.06438884,-1.1911894
KKT,0.062100187,-1.206907
KKT,0.06444516,-1.1908097
KKT,0.06473544,-1.1888579
KKT,0.065888114,-1.1811929
KKT,0.06484017,-1.1881559
KKT,0.06999025,-1.1549624
KKT,0.06397445,-1.1939934
KKT,0.06557953,-1.1832317
KKT,0.062277198,-1.205671
KKT,0.061597228,-1.2104388
KKT,0.06308949,-1.200043
KKT,0.06222461,-1.2060378
KKT,0.06388144,-1.1946253
KKT,0.06478804,-1.1885052
KKT,0.06898293,-1.1612583
KKT,0.06598137,-1.1805787
KKT,0.062290564,-1.2055777
KKT,0.06548615,-1.1838505
KKT,0.06346536,-1.1974633
KKT,0.06356893,-1.1967552
KKT,0.062220126,-1.2060691
KKT,0.06520061,-1.1857483
KKT,0.061165594,-1.2134928
KKT,0.06749321,-1.1707399
KKT,0.06273487,-1.2024909
KKT,0.062371053,-1.205017
KKT,0.06507248,-1.1866027
KKT,0.06217786,-1.2063643
KKT,0.0620858,-1.2070078
KKT,0.06392236,-1.1943471
KKT,0.072684795,-1.1385565
KKT,0.064315595,-1.1916838
KKT,0.06469358,-1.1891389
KKT,0.06492995,-1.187555
KKT,0.06210904,-1.2068452
KKT,0.06308904,-1.2000461
KKT,0.06366154,-1.1961229
KKT,0.06349355,-1.1972704
KKT,0.06359937,-1.1965472
KKT,0.06096551,-1.2149158
KKT,0.064851776,-1.1880782
KKT,0.061628997,-1.2102149
KKT,0.062299356,-1.2055165
KKT,0.061356366,-1.2121403
KKT,0.06430857,-1.1917312
KKT,0.06207198,-1.2071044
KKT,0.06461023,-1.1896987
KKT,0.06287368,-1.2015312
KKT,0.0616228,-1.2102586
KKT,0.06435898,-1.1913909
KKT,0.065761596,-1.1820277
KKT,0.063671045,-1.196058
KKT,0.06366719,-1.1960843
KKT,0.06562629,-1.1829221
KKT,0.0670096,-1.1738629
KKT,0.06308113,-1.2001005
KKT,0.06451355,-1.1903491
KKT,0.063509114,-1.1971639
KKT,0.064175226,-1.1926326
KKT,0.06242504,-1.2046412
KKT,0.06719132,-1.1726868
KKT,0.065731525,-1.1822263
KKT,0.06118779,-1.2133353
KKT,0.06609282,-1.1798457
KKT,0.06419209,-1.1925185
KKT,0.06204599,-1.2072862
KKT,0.064633444,-1.1895427
KKT,0.06725816,-1.172255
KKT,0.063833736,-1.1949497
KKT,0.062412575,-1.2047279
KKT,0.06269423,-1.2027724
KKT,0.06139505,-1.2118666
KKT,0.06320822,-1.1992264
KKT,0.06650172,-1.177167
KKT,0.06374976,-1.1955215
KKT,0.064033195,-1.1935948
KKT,0.06544029,-1.1841547
KKT,0.062321953,-1.205359
KKT,0.06383113,-1.1949675
KKT,0.063960254,-1.1940898
KKT,0.063118204,-1.1998453
KKT,0.06294431,-1.2010435
KKT,0.060742937,-1.2165042
KKT,0.058924153,-1.2297066
KKT,0.06477339,-1.1886034
KKT,0.064319074,-1.1916602
KKT,0.063413166,-1.1978205
KKT,0.062143706,-1.2066028
KKT,0.06603972,-1.1801947
KKT,0.065378174,-1.1845672
KKT,0.062705845,-1.202692
KKT,0.06718871,-1.1727037
KKT,0.06283656,-1.2017876
KKT,0.062358156,-1.2051067
KKT,0.06439321,-1.19116
KKT,0.061814547,-1.2089093
KKT,0.06310307,-1.1999495
KKT,0.06870246,-1.1630278
KKT,0.06398442,-1.1939257
KKT,0.062267408,-1.2057393
KKT,0.06792927,-1.1679431
KKT,0.06352925,-1.1970263
KKT,0.063871965,-1.1946898
KKT,0.061955772,-1.2079182
KKT,0.06735078,-1.1716573
KKT,0.060886085,-1.215482
KKT,0.061157353,-1.2135513
KKT,0.05824458,-1.2347445
KKT,0.0642459,-1.1921545
KKT,0.06767625,-1.1695637
KKT,0.06599496,-1.1804892
KKT,0.064872384,-1.1879401
KKT,0.06413521,-1.1929035
KKT,0.06331908,-1.1984653
KKT,0.06314358,-1.1996708
KKT,0.06270782,-1.2026783
KKT,0.0657064,-1.1823924
KKT,0.06315392,-1.1995996
KKT,0.06519112,-1.1858115
KKT,0.0698027,-1.1561278
KKT,0.06502984,-1.1868874
KKT,0.061107695,-1.2139041
KKT,0.061527587,-1.2109301
KKT,0.06252448,-1.2039499
KKT,0.06103672,-1.2144088
KKT,0.06859464,-1.1637098
KKT,0.06445387,-1.190751
KKT,0.063913986,-1.1944041
KKT,0.06653802,-1.1769301
KKT,0.06268905,-1.2028083
KKT,0.06608687,-1.1798848
KKT,0.06694923,-1.1742544
KKT,0.06257845,-1.2035753
KKT,0.0654963,-1.1837832
KKT,0.0630391,-1.20039
KKT,0.063672826,-1.1960459
KKT,0.06582369,-1.1816177
KKT,0.06414075,-1.192866
KKT,0.062180094,-1.2063487
KKT,0.064125575,-1.1929687
KKT,0.06323948,-1.1990117
KKT,0.0636957,-1.19589
KKT,0.06665283,-1.1761814
KKT,0.062585115,-1.203529
KKT,0.06299086,-1.2007225
KKT,0.0618579,-1.2086048
KKT,0.065670535,-1.1826295
KKT,0.06388828,-1.1945788
KKT,0.06356931,-1.1967525
KKT,0.062370613,-1.20502
KKT,0.0679104,-1.1680636
KKT,0.06190996,-1.2082394
KKT,0.061036885,-1.2144077
KKT,0.063864976,-1.1947372
KKT,0.062155277,-1.206522
KKT,0.062498093,-1.2041333
KKT,0.06387586,-1.1946633
KKT,0.06428256,-1.1919068
KKT,0.062803864,-1.2020136
KKT,0.06388128,-1.1946265
KKT,0.066566095,-1.176747
KKT,0.064422704,-1.190961
KKT,0.062361926,-1.2050805
KKT,0.06751393,-1.1706066
KKT,0.07410429,-1.1301566
KKT,0.062600315,-1.2034235
KKT,0.06753135,-1.1704946
KKT,0.063962564,-1.1940742
KKT,0.06268582,-1.2028307
KKT,0.060952537,-1.2150083
KKT,0.060977295,-1.2148318
KKT,0.06194397,-1.208001
KKT,0.06217952,-1.2063526
KKT,0.064530924,-1.1902322
KKT,0.062279418,-1.2056555
KKT,0.06685027,-1.1748968
KKT,0.063591,-1.1966044
KKT,0.060674235,-1.2169957
KKT,0.06434338,-1.1914961
KKT,0.06445534,-1.1907411
KKT,0.062473252,-1.2043059
KKT,0.06568581,-1.1825285
KKT,0.0670908,-1.173337
KKT,0.06424236,-1.1921785
KKT,0.06466022,-1.1893628
KKT,0.06191773,-1.208185
KKT,0.063625075,-1.1963717
KKT,0.06349773,-1.1972418
KKT,0.063447535,-1.1975852
KKT,0.06814504,-1.1665658
KKT,0.06223791,-1.205945
KKT,0.06363426,-1.196309
KKT,0.061491467,-1.2111851
KKT,0.06381807,-1.1950563
KKT,0.06391394,-1.1944044
KKT,0.063524306,-1.1970601
KKT,0.06418306,-1.1925796
KKT,0.06392297,-1.1943431
KKT,0.06308153,-1.2000978
KKT,0.06170252,-1.2096971
KKT,0.06610796,-1.1797463
KKT,0.0618843,-1.2084196
KKT,0.062466606,-1.2043521
KKT,0.06738276,-1.1714512
KKT,0.06793747,-1.1678907
KKT,0.06746043,-1.1709509
KKT,0.059725575,-1.2238396
KKT,0.064653926,-1.1894051
KKT,0.07461849,-1.1271535
KKT,0.063578576,-1.1966892
KKT,0.061579145,-1.2105663
KKT,0.06595507,-1.1807518
KKT,0.06256126,-1.2036945
KKT,0.066204466,-1.1791127
KKT,0.065956175,-1.1807445
KKT,0.063854374,-1.1948093
KKT,0.063474156,-1.1974031
KKT,0.062304907,-1.2054777
KKT,0.066851445,-1.1748892
KKT,0.060235746,-1.2201457
KKT,0.06641797,-1.1777143
KKT,0.063277215,-1.1987526
KKT,0.06483334,-1.1882015
KKT,0.0627766,-1.2022022
KKT,0.06306708,-1.2001973
KKT,0.06420475,-1.1924329
KKT,0.06165462,-1.2100344
KKT,0.064791545,-1.1884817
KKT,0.06593308,-1.1808966
KKT,0.06127265,-1.2127334
KKT,0.061694846,-1.2097511
KKT,0.063489735,-1.1972965
KKT,0.063362494,-1.1981677
KKT,0.06488484,-1.1878568
KKT,0.064795926,-1.1884522
KKT,0.06187716,-1.2084696
KKT,0.0611746,-1.2134289
KKT,0.06267618,-1.2028975
KKT,0.066071406,-1.1799865
KKT,0.06624002,-1.1788795
KKT,0.06080389,-1.2160686
KKT,0.062114567,-1.2068065
KKT,0.066306874,-1.1784414
KKT,0.06493989,-1.1874884
KKT,0.06459506,-1.1898007
KKT,0.0647538,-1.1887348
KKT,0.06429398,-1.1918297
KKT,0.063731015,-1.1956491
KKT,0.061224565,-1.2130743
KKT,0.06286531,-1.201589
KKT,0.06389168,-1.1945556
KKT,0.062537394,-1.2038602
KKT,0.06698936,-1.1739942
KKT,0.06316075,-1.1995528
KKT,0.064450644,-1.1907728
KKT,0.06266192,-1.2029963
KKT,0.06392415,-1.1943351
KKT,0.06421062,-1.1923931
KKT,0.062943846,-1.2010467
KKT,0.06275515,-1.2023506
KKT,0.06368007,-1.1959965
KKT,0.059584215,-1.2248688
KKT,0.063993186,-1.1938663
KKT,0.0649712,-1.1872791
KKT,0.06236911,-1.2050304
KKT,0.06226772,-1.205737
KKT,0.06153278,-1.2108935
KKT,0.065087676,-1.1865013
KKT,0.063119814,-1.1998343
KKT,0.06762756,-1.1698763
KKT,0.062573016,-1.2036129
KKT,0.06645266,-1.1774876
KKT,0.06486584,-1.187984
KKT,0.06210947,-1.2068422
KKT,0.06535498,-1.1847214
KKT,0.06265417,-1.20305
KKT,0.063414276,-1.1978129
KKT,0.063686684,-1.1959513
KKT,0.06000893,-1.2217841
KKT,0.06239283,-1.2048653
KKT,0.06332153,-1.1984485
KKT,0.061863758,-1.2085637
KKT,0.066815615,-1.175122
KKT,0.064754196,-1.1887321
KKT,0.061279222,-1.2126868
KKT,0.063659295,-1.1961381
KKT,0.06097556,-1.2148442
KKT,0.064298116,-1.1918018
KKT,0.06786749,-1.1683382
KKT,0.06346792,-1.1974458
KKT,0.062693745,-1.2027758
KKT,0.06435933,-1.1913885
KKT,0.06808481,-1.1669497
KKT,0.06341606,-1.1978008
KKT,0.06258105,-1.2035571
KKT,0.06492165,-1.1876105
KKT,0.06283368,-1.2018075
KKT,0.0629864,-1.2007532
KKT,0.06224744,-1.2058785
KKT,0.062773086,-1.2022265
KKT,0.06406844,-1.1933559
KKT,0.0627823,-1.2021627
KKT,0.064857356,-1.1880407
KKT,0.067503214,-1.1706755
KKT,0.062029086,-1.2074046
KKT,0.06228268,-1.2056327
KKT,0.064403795,-1.1910886
KKT,0.06300092,-1.2006531
KKT,0.062800705,-1.2020354
KKT,0.06090799,-1.2153257
KKT,0.061310366,-1.2124661
KKT,0.064117365,-1.1930243
KKT,0.063762374,-1.1954355
KKT,0.06279349,-1.2020854
KKT,0.06420529,-1.1924292
KKT,0.063678674,-1.196006
KKT,0.06200085,-1.2076024
KKT,0.061437972,-1.2115631
KKT,0.066729255,-1.1756837
KKT,0.062773064,-1.2022266
KKT,0.06555489,-1.1833949
KKT,0.06368871,-1.1959375
KKT,0.06411574,-1.1930354
KKT,0.061870113,-1.2085191
KKT,0.063337564,-1.1983386
KKT,0.06335735,-1.198203
KKT,0.062750116,-1.2023854
KKT,0.06502844,-1.1868967
KKT,0.062474154,-1.2042996
KKT,0.06148296,-1.2112453
KKT,0.06824042,-1.1659583
KKT,0.06218289,-1.2063291
KKT,0.06476043,-1.1886903
KKT,0.062693,-1.202781
KKT,0.06557372,-1.1832702
KKT,0.06357822,-1.1966916
KKT,0.062028334,-1.2074099
KKT,0.06425837,-1.1920704
KKT,0.06364553,-1.1962321
KKT,0.06429011,-1.1918559
KKT,0.06381295,-1.1950911
KKT,0.059669122,-1.2242503
KKT,0.0670518,-1.1735896
KKT,0.0618269,-1.2088225
KKT,0.062956125,-1.2009621
KKT,0.06850868,-1.1642544
KKT,0.065395474,-1.1844523
KKT,0.060822047,-1.2159389
KKT,0.063225225,-1.1991097
KKT,0.062443897,-1.20451
KKT,0.065263435,-1.18533
KKT,0.063882254,-1.1946198
KKT,0.06096813,-1.2148972
KKT,0.066278,-1.1786306
KKT,0.061460957,-1.2114006
KKT,0.06449048,-1.1905044
KKT,0.06078224,-1.2162234
KKT,0.06351273,-1.1971393
KKT,0.064224206,-1.1923013
KKT,0.06509658,-1.1864418
KKT,0.06169316,-1.2097629
KKT,0.06682425,-1.1750659
KKT,0.061485246,-1.2112291
KKT,0.06256432,-1.2036732
KKT,0.06429127,-1.191848
KKT,0.062040046,-1.2073278
KKT,0.061974734,-1.2077854
KKT,0.064570695,-1.1899645
KKT,0.06888766,-1.1618586
KKT,0.06328444,-1.198703
KKT,0.06441271,-1.1910284
KKT,0.058642164,-1.2317901
KKT,0.066369034,-1.1780345
KKT,0.06416802,-1.1926813
KKT,0.062321432,-1.2053626
KKT,0.062400192,-1.2048141
KKT,0.060471475,-1.2184495
KKT,0.063786715,-1.1952697
KKT,0.06348557,-1.197325
KKT,0.062466867,-1.2043502
KKT,0.063258804,-1.198879
KKT,0.062799364,-1.2020447
KKT,0.063077375,-1.2001264
KKT,0.06288146,-1.2014774
KKT,0.06375107,-1.1955125
KKT,0.06330147,-1.1985862
KKT,0.06354054,-1.1969491
KKT,0.06582731,-1.1815939
KKT,0.063358404,-1.1981958
KKT,0.06336121,-1.1981765
KKT,0.0633803,-1.1980457
KKT,0.062491223,-1.204181
KKT,0.06192267,-1.2081504
KKT,0.06257586,-1.2035931
KKT,0.06317024,-1.1994874
KKT,0.062739715,-1.2024574
KKT,0.06331259,-1.1985099
KKT,0.064050294,-1.1934788
KKT,0.063734084,-1.1956283
KKT,0.060082808,-1.2212498
KKT,0.06448315,-1.1905538
KKT,0.06644932,-1.1775094
KKT,0.06376955,-1.1953866
KKT,0.063265234,-1.1988349
KKT,0.062975645,-1.2008274
KKT,0.065378904,-1.1845623
KKT,0.06948035,-1.158138
KKT,0.061427668,-1.211636
KKT,0.061842114,-1.2087157
KKT,0.06494784,-1.1874353
KKT,0.061999515,-1.2076117
KKT,0.064722344,-1.1889458
KKT,0.062648684,-1.203088
KKT,0.06255318,-1.2037506
KKT,0.0627296,-1.2025275
KKT,0.06689732,-1.1745913
KKT,0.062300436,-1.205509
KKT,0.06339083,-1.1979736
KKT,0.06278464,-1.2021465
KKT,0.06301592,-1.2005497
KKT,0.062271245,-1.2057124
KKT,0.06365579,-1.1961621
KKT,0.06394322,-1.1942055
KKT,0.062475853,-1.2042878
KKT,0.06467442,-1.1892674
KKT,0.06233175,-1.2052907
KKT,0.062353037,-1.2051424
KKT,0.063645296,-1.1962337
KKT,0.06787328,-1.1683012
KKT,0.06317414,-1.1994606
KKT,0.06362775,-1.1963534
KKT,0.061947208,-1.2079782
KKT,0.0648302,-1.1882226
KKT,0.063938454,-1.1942378
KKT,0.05897793,-1.2293105
KKT,0.062766,-1.2022755
KKT,0.062967956,-1.2008804
KKT,0.062202007,-1.2061956
KKT,0.066243514,-1.1788566
KKT,0.06502915,-1.1868919
KKT,0.064356156,-1.19141
KKT,0.062024042,-1.2074399
KKT,0.061102882,-1.2139384
KKT,0.062169164,-1.206425
KKT,0.06185691,-1.2086117
KKT,0.06297241,-1.2008497
KKT,0.06277615,-1.2022053
KKT,0.06335001,-1.1982533
KKT,0.06302375,-1.2004957
KKT,0.06148252,-1.2112484
KKT,0.061808936,-1.2089487
KKT,0.06301411,-1.2005621
KKT,0.06278327,-1.2021561
KKT,0.062713176,-1.2026412
KKT,0.06757642,-1.1702048
KKT,0.061374255,-1.2120137
KKT,0.064414926,-1.1910135
KKT,0.062825084,-1.2018669
KKT,0.061901145,-1.2083013
KKT,0.06421688,-1.1923507
KKT,0.0637503,-1.1955178
KKT,0.06553205,-1.1835462
KKT,0.0638501,-1.1948384
KKT,0.068471745,-1.1644886
KKT,0.06587912,-1.1812522
KKT,0.06284859,-1.2017045
KKT,0.062231578,-1.2059892
KKT,0.06573427,-1.1822082
KKT,0.0625813,-1.2035555
KKT,0.0625668,-1.2036561
KKT,0.06138441,-1.211942
KKT,0.06361258,-1.196457
KKT,0.063440666,-1.1976323
KKT,0.06147605,-1.211294
KKT,0.0669785,-1.1740646
KKT,0.062692896,-1.2027817
KKT,0.06298806,-1.2007418
KKT,0.06674753,-1.1755648
KKT,0.064855866,-1.1880507
KKT,0.063054055,-1.200287
KKT,0.0649209,-1.1876154
KKT,0.06276713,-1.2022678
KKT,0.061003767,-1.2146434
KKT,0.06265848,-1.2030201
KKT,0.06413357,-1.1929146
KKT,0.06305201,-1.200301
KKT,0.06809297,-1.1668977
KKT,0.06405108,-1.1934736
KKT,0.06337243,-1.1980996
KKT,0.06279457,-1.2020779
KKT,0.0663669,-1.1780485
KKT,0.06155444,-1.2107406
KKT,0.06866587,-1.163259
KKT,0.06326091,-1.1988646
KKT,0.06400029,-1.1938181
KKT,0.06798996,-1.1675552
KKT,0.067925215,-1.167969
KKT,0.06845765,-1.1645781
KKT,0.065255895,-1.1853802
KKT,0.061253376,-1.21287
KKT,0.062352493,-1.2051462
KKT,0.06288541,-1.2014501
KKT,0.061942875,-1.2080086
KKT,0.06164904,-1.2100737
KKT,0.06207113,-1.2071104
KKT,0.06291141,-1.2012706
KKT,0.06329648,-1.1986204
KKT,0.062626466,-1.2032421
KKT,0.06299161,-1.2007173
KKT,0.06328775,-1.1986804
KKT,0.065202326,-1.1857369
KKT,0.066555604,-1.1768154
KKT,0.06668281,-1.1759862
KKT,0.063456595,-1.1975232
KKT,0.060967796,-1.2148995
KKT,0.06294198,-1.2010596
KKT,0.061902657,-1.2082907
KKT,0.060308494,-1.2196215
KKT,0.06572687,-1.182257
KKT,0.062329493,-1.2053064
KKT,0.06327293,-1.1987821
KKT,0.064926155,-1.1875803
KKT,0.066275224,-1.1786488
KKT,0.060663402,-1.2170732
KKT,0.062163956,-1.2064613
KKT,0.062428474,-1.2046173
KKT,0.064634375,-1.1895365
KKT,0.061749376,-1.2093674
KKT,0.062853605,-1.2016698
KKT,0.06343461,-1.1976737
KKT,0.06275666,-1.2023402
KKT,0.061268196,-1.2127649
KKT,0.06307387,-1.2001505
KKT,0.062216878,-1.2060918
KKT,0.069515906,-1.1579158
KKT,0.06253426,-1.203882
KKT,0.0647047,-1.1890641
KKT,0.062284127,-1.2056227
KKT,0.06299813,-1.2006724
KKT,0.06202937,-1.2074026
KKT,0.06604138,-1.1801839
KKT,0.061144546,-1.2136422
KKT,0.066900566,-1.1745702
KKT,0.06403349,-1.1935928
KKT,0.06458077,-1.1898968
KKT,0.06371611,-1.1957507
KKT,0.06298052,-1.2007937
KKT,0.06341774,-1.1977892
KKT,0.06632334,-1.1783336
KKT,0.06576284,-1.1820195
KKT,0.062289402,-1.2055858
KKT,0.06182839,-1.2088121
KKT,0.059945606,-1.2222426
KKT,0.06189827,-1.2083215
KKT,0.06511497,-1.1863191
KKT,0.062380113,-1.2049538
KKT,0.06316371,-1.1995324
KKT,0.06188164,-1.2084382
KKT,0.061917394,-1.2081873
KKT,0.06220855,-1.2061499
KKT,0.06252528,-1.2039443
KKT,0.060306408,-1.2196366
KKT,0.0644052,-1.191079
KKT,0.07324337,-1.1352316
KKT,0.06402014,-1.1936834
KKT,0.06180945,-1.2089452
KKT,0.06471707,-1.1889812
KKT,0.063106924,-1.199923
KKT,0.06424227,-1.1921791
KKT,0.06934074,-1.1590115
KKT,0.062041402,-1.2073184
KKT,0.0635229,-1.1970696
KKT,0.06277502,-1.2022132
KKT,0.06640965,-1.1777688
KKT,0.062824465,-1.2018712
KKT,0.06391709,-1.194383
KKT,0.06335385,-1.1982269
KKT,0.0635644,-1.196786
KKT,0.06585993,-1.1813787
KKT,0.061967768,-1.2078341
KKT,0.06404555,-1.193511
KKT,0.06283106,-1.2018256
KKT,0.0643869,-1.1912025
KKT,0.064664796,-1.1893321
KKT,0.06460831,-1.1897116
KKT,0.06315546,-1.1995891
KKT,0.06314975,-1.1996284
KKT,0.06279728,-1.2020591
KKT,0.06344343,-1.1976134
KKT,0.06458363,-1.1898775
KKT,0.06609117,-1.1798565
KKT,0.06581873,-1.1816505
KKT,0.06024327,-1.2200915
KKT,0.06243539,-1.2045692
KKT,0.060744986,-1.2164896
KKT,0.06207186,-1.2071053
KKT,0.061336704,-1.2122796
KKT,0.06529403,-1.1851265
KKT,0.062227823,-1.2060153
KKT,0.065091714,-1.1864743
KKT,0.06460735,-1.189718
KKT,0.065828905,-1.1815834
KKT,0.06498031,-1.1872182
KKT,0.06368903,-1.1959354
KKT,0.06467365,-1.1892726
KKT,0.062431112,-1.2045989
KKT,0.062509805,-1.2040519
KKT,0.06373528,-1.1956202
KKT,0.06783321,-1.1685576
KKT,0.062114537,-1.2068068
KKT,0.06335434,-1.1982236
KKT,0.0639804,-1.193953
KKT,0.06107921,-1.2141066
KKT,0.06415485,-1.1927705
KKT,0.06342932,-1.1977099
KKT,0.06660062,-1.1765218
KKT,0.06463213,-1.1895515
KKT,0.06267135,-1.2029309
KKT,0.06369126,-1.1959202
KKT,0.06110689,-1.2139099
KKT,0.06189599,-1.2083375
KKT,0.06610936,-1.1797371
KKT,0.06281012,-1.2019703
KKT,0.06367561,-1.1960269
KKT,0.06308136,-1.200099
KKT,0.061957233,-1.207908
KKT,0.063388795,-1.1979876
KKT,0.06328463,-1.1987017
KKT,0.06346421,-1.1974711
KKT,0.06183821,-1.2087431
KKT,0.063765064,-1.1954172
KKT,0.063124016,-1.1998054
KKT,0.064461194,-1.1907016
KKT,0.0612564,-1.2128485
KKT,0.06368823,-1.1959409
KKT,0.063632116,-1.1963236
KKT,0.062065296,-1.2071512
KKT,0.063305974,-1.1985554
KKT,0.063489005,-1.1973015
KKT,0.06390467,-1.1944674
KKT,0.063391894,-1.1979662
KKT,0.06227556,-1.2056824
KKT,0.06283969,-1.201766
KKT,0.061492033,-1.2111812
KKT,0.062610015,-1.2033561
KKT,0.0640771,-1.1932971
KKT,0.061876446,-1.2084746
KKT,0.06157501,-1.2105955
KKT,0.06829195,-1.1656305
KKT,0.065274954,-1.1852534
KKT,0.061620653,-1.2102737
KKT,0.06431685,-1.1916753
KKT,0.06252897,-1.2039187
KKT,0.06334723,-1.1982723
KKT,0.061471865,-1.2113236
KKT,0.0643438,-1.1914933
KKT,0.06605823,-1.180073
KKT,0.06276526,-1.2022806
KKT,0.065669626,-1.1826354
KKT,0.06361502,-1.1964403
KKT,0.06735791,-1.1716114
KKT,0.06602118,-1.1803167
KKT,0.06354126,-1.1969441
KKT,0.062020466,-1.2074649
KKT,0.06703271,-1.1737132
KKT,0.06328895,-1.198672
KKT,0.062206194,-1.2061664
KKT,0.06177232,-1.2092061
KKT,0.06485636,-1.1880474
KKT,0.063287675,-1.1986809
KKT,0.06391953,-1.1943665
KKT,0.060782187,-1.2162237
KKT,0.06452013,-1.1903048
KKT,0.06237366,-1.2049987
KKT,0.07033591,-1.1528229
KKT,0.062773585,-1.2022231
KKT,0.063896954,-1.1945199
KKT,0.06528209,-1.1852059
KKT,0.061610952,-1.210342
KKT,0.06293682,-1.2010952
KKT,0.06321356,-1.1991898
KKT,0.06253278,-1.2038922
KKT,0.06555129,-1.1834188
KKT,0.06406224,-1.1933979
KKT,0.06375961,-1.1954544
KKT,0.0633058,-1.1985564
KKT,0.060926273,-1.2151954
KKT,0.06510891,-1.1863595
KKT,0.061975956,-1.2077768
KKT,0.062944904,-1.2010394
KKT,0.06264905,-1.2030855
KKT,0.06367397,-1.196038
KKT,0.06274473,-1.2024227
KKT,0.06216328,-1.2064661
KKT,0.062812015,-1.2019572
KKT,0.06397739,-1.1939734
KKT,0.06015064,-1.2207597
KKT,0.062306434,-1.2054671
KKT,0.06300775,-1.200606
KKT,0.067790255,-1.1688328
KKT,0.06405719,-1.1934321
KKT,0.06428014,-1.1919233
KKT,0.060452573,-1.2185853
KKT,0.063759975,-1.1954519
KKT,0.06356809,-1.1967608
KKT,0.063639715,-1.1962718
KKT,0.063871175,-1.1946951
KKT,0.0637901,-1.1952467
KKT,0.065109074,-1.1863585
KKT,0.06514374,-1.1861273
KKT,0.06338101,-1.1980408
KKT,0.06403374,-1.1935911
KKT,0.066058286,-1.1800727
KKT,0.060245275,-1.220077
KKT,0.06288059,-1.2014834
KKT,0.06646226,-1.1774249
KKT,0.06366951,-1.1960685
KKT,0.06430377,-1.1917635
KKT,0.064256154,-1.1920853
KKT,0.06094417,-1.2150679
KKT,0.06374257,-1.1955705
KKT,0.0648418,-1.1881449
KKT,0.06279439,-1.2020792
KKT,0.06637781,-1.1779771
KKT,0.061227977,-1.2130501
KKT,0.06384462,-1.1948757
KKT,0.063557334,-1.1968343
KKT,0.060476832,-1.218411
KKT,0.062700175,-1.2027313
KKT,0.06409769,-1.1931577
KKT,0.06471457,-1.1889979
KKT,0.0620234,-1.2074444
KKT,0.06977296,-1.1563128
KKT,0.06388353,-1.1946111
KKT,0.061662726,-1.2099773
KKT,0.06260424,-1.2033962
KKT,0.060338825,-1.2194031
KKT,0.06416264,-1.1927178
KKT,0.06190142,-1.2082994
KKT,0.063435465,-1.1976678
KKT,0.062420398,-1.2046734
KKT,0.0638066,-1.1951344
KKT,0.062677376,-1.2028892
KKT,0.06197296,-1.2077978
KKT,0.06263594,-1.2031764
KKT,0.06291804,-1.2012248
KKT,0.06185571,-1.2086202
KKT,0.06253687,-1.2038639
KKT,0.06400926,-1.1937572
KKT,0.06449972,-1.1904422
KKT,0.06707661,-1.1734289
KKT,0.062460333,-1.2043957
KKT,0.06587723,-1.1812646
KKT,0.065340936,-1.1848147
KKT,0.06290758,-1.201297
KKT,0.06414184,-1.1928586
KKT,0.062233187,-1.2059779
KKT,0.065387815,-1.1845032
KKT,0.06553908,-1.1834997
KKT,0.063130915,-1.1997579
KKT,0.06477679,-1.1885805
KKT,0.063177355,-1.1994386
KKT,0.0628717,-1.2015448
KKT,0.062271006,-1.2057141
KKT,0.061375923,-1.2120019
KKT,0.062110066,-1.206838
KKT,0.064766556,-1.1886492
KKT,0.06419702,-1.1924851
KKT,0.06281623,-1.2019281
KKT,0.06112273,-1.2137972
KKT,0.06692271,-1.1744264
KKT,0.0621012,-1.2069
KKT,0.06289538,-1.2013812
KKT,0.063832544,-1.1949579
KKT,0.0634291,-1.1977115
KKT,0.064811096,-1.1883507
KKT,0.06462404,-1.1896058
KKT,0.063767426,-1.1954011
KKT,0.06325183,-1.1989269
KKT,0.06284687,-1.2017163
KKT,0.062533066,-1.2038903
KKT,0.06341602,-1.197801
KKT,0.06654163,-1.1769066
KKT,0.0634777,-1.1973788
KKT,0.06207078,-1.2071128
KKT,0.064124286,-1.1929774
KKT,0.06277583,-1.2022076
KKT,0.0611697,-1.2134637
KKT,0.06722952,-1.17244
KKT,0.06322138,-1.199136
KKT,0.0625918,-1.2034826
KKT,0.062383264,-1.2049319
KKT,0.062100798,-1.2069029
KKT,0.063381016,-1.1980408
KKT,0.06332337,-1.198436
KKT,0.061713934,-1.2096168
KKT,0.061132178,-1.2137301
KKT,0.062763765,-1.202291
KKT,0.06274481,-1.2024221
KKT,0.063684076,-1.1959691
KKT,0.06313686,-1.199717
KKT,0.06281524,-1.2019349
KKT,0.06389868,-1.1945081
KKT,0.065059856,-1.1866869
KKT,0.06229671,-1.2055349
KKT,0.062113795,-1.2068119
KKT,0.063714765,-1.1957599
KKT,0.06359133,-1.1966021
KKT,0.0611,-1.2139587
KKT,0.06284773,-1.2017103
KKT,0.0630211,-1.200514
KKT,0.06399564,-1.1938497
KKT,0.0614098,-1.2117623
KKT,0.06100905,-1.2146057
KKT,0.062953174,-1.2009823
KKT,0.062179543,-1.2063525
KKT,0.06335856,-1.1981947
KKT,0.061563537,-1.2106764
KKT,0.06399858,-1.1938297
KKT,0.06274055,-1.2024517
KKT,0.066250674,-1.1788096
KKT,0.06447035,-1.19064
KKT,0.063118875,-1.1998408
KKT,0.060793497,-1.2161429
KKT,0.061561227,-1.2106928
KKT,0.06543561,-1.1841859
KKT,0.064921096,-1.1876142
KKT,0.06357843,-1.1966902
KKT,0.06260422,-1.2033964
KKT,0.06326547,-1.1988332
KKT,0.0672597,-1.172245
KKT,0.06140043,-1.2118286
KKT,0.068127185,-1.1666795
KKT,0.06262837,-1.2032288
KKT,0.06401178,-1.1937401
KKT,0.06074196,-1.2165112
KKT,0.06448762,-1.1905236
KKT,0.061884463,-1.2084184
KKT,0.06307331,-1.2001544
KKT,0.06392558,-1.1943253
KKT,0.06399464,-1.1938564
KKT,0.06347874,-1.1973717
KKT,0.06305711,-1.2002659
KKT,0.06339108,-1.1979718
KKT,0.062277876,-1.2056662
KKT,0.06831879,-1.1654599
KKT,0.062545165,-1.2038063
KKT,0.0627795,-1.2021822
KKT,0.06931936,-1.1591455
KKT,0.060239166,-1.220121
KKT,0.06446321,-1.190688
KKT,0.06217263,-1.2064008
KKT,0.064739965,-1.1888275
KKT,0.06839421,-1.1649806
KKT,0.063756734,-1.1954739
KKT,0.06295365,-1.2009791
KKT,0.06364759,-1.196218
KKT,0.06459583,-1.1897955
KKT,0.0638618,-1.1947588
KKT,0.06563711,-1.1828505
KKT,0.064877935,-1.1879029
KKT,0.063689336,-1.1959332
KKT,0.060614727,-1.2174219
KKT,0.06231998,-1.2053727
KKT,0.062238395,-1.2059416
KKT,0.0647293,-1.188899
KKT,0.060431316,-1.218738
KKT,0.06224978,-1.2058622
KKT,0.06351375,-1.1971322
KKT,0.06380428,-1.1951503
KKT,0.06784472,-1.168484
KKT,0.062898666,-1.2013586
KKT,0.06561287,-1.1830109
KKT,0.06435257,-1.1914341
KKT,0.06239467,-1.2048525
KKT,0.061478518,-1.2112767
KKT,0.066032544,-1.180242
KKT,0.061717905,-1.2095888
KKT,0.06286085,-1.2016197
KKT,0.063664466,-1.1961029
KKT,0.06289792,-1.2013637
KKT,0.063821375,-1.1950338
KKT,0.06300492,-1.2006255
KKT,0.065494105,-1.1837978
KKT,0.06175687,-1.2093147
KKT,0.064478874,-1.1905825
KKT,0.06279428,-1.2020799
KKT,0.062690884,-1.2027956
KKT,0.05990766,-1.2225176
KKT,0.0646414,-1.1894892
KKT,0.06259055,-1.2034912
KKT,0.059716627,-1.2239047
KKT,0.061662808,-1.2099767
KKT,0.061798617,-1.2090212
KKT,0.067690395,-1.1694729
KKT,0.062038906,-1.2073358
KKT,0.06281148,-1.2019609
KKT,0.063576974,-1.1967001
KKT,0.06285528,-1.2016582
KKT,0.061726168,-1.2095307
KKT,0.06423608,-1.1922209
KKT,0.061479986,-1.2112663
KKT,0.066018835,-1.1803322
KKT,0.06222266,-1.2060515
KKT,0.06390481,-1.1944665
KKT,0.063948885,-1.194167
KKT,0.06550327,-1.183737
KKT,0.064704664,-1.1890644
KKT,0.063758075,-1.1954648
KKT,0.06104569,-1.214345
KKT,0.06185911,-1.2085963
KKT,0.060983285,-1.2147892
KKT,0.06193681,-1.2080512
KKT,0.06298246,-1.2007804
KKT,0.06359465,-1.1965795
KKT,0.068484694,-1.1644065
KKT,0.062923044,-1.2011902
KKT,0.063106924,-1.199923
KKT,0.062253773,-1.2058343
KKT,0.064141564,-1.1928605
KKT,0.062108397,-1.2068497
KKT,0.06397896,-1.1939628
KKT,0.06355737,-1.1968341
KKT,0.06834179,-1.1653136
KKT,0.064692244,-1.1891478
KKT,0.06647928,-1.1773137
KKT,0.06371628,-1.1957496
KKT,0.06638921,-1.1779025
KKT,0.073190436,-1.1355456
KKT,0.066619195,-1.1764007
KKT,0.0625014,-1.2041103
KKT,0.062452763,-1.2044483
KKT,0.0663089,-1.1784282
KKT,0.06376917,-1.1953893
KKT,0.064869165,-1.1879617
KKT,0.06211304,-1.2068173
KKT,0.062636934,-1.2031695
KKT,0.06192848,-1.2081096
KKT,0.06261538,-1.203319
KKT,0.06366409,-1.1961055
KKT,0.06212938,-1.206703
KKT,0.06351058,-1.1971539
KKT,0.06475083,-1.1887547
KKT,0.06405847,-1.1934235
KKT,0.06469537,-1.1891267
KKT,0.06471259,-1.1890112
KKT,0.06406958,-1.1933482
KKT,0.06560046,-1.1830931
KKT,0.0631601,-1.1995572
KKT,0.06273374,-1.2024988
KKT,0.063673094,-1.1960441
KKT,0.064782746,-1.1885407
KKT,0.06317732,-1.1994388
KKT,0.0619295,-1.2081025
KKT,0.06384982,-1.1948403
KKT,0.061079174,-1.2141068
KKT,0.061465062,-1.2113717
KKT,0.062475644,-1.2042893
KKT,0.06281339,-1.2019478
KKT,0.066934556,-1.1743497
KKT,0.06354375,-1.1969272
KKT,0.06096168,-1.214943
KKT,0.06249848,-1.2041305
KKT,0.06469636,-1.1891202
KKT,0.06264596,-1.203107
KKT,0.06485374,-1.1880649
KKT,0.06281566,-1.2019321
KKT,0.06031066,-1.2196059
KKT,0.06430451,-1.1917586
KKT,0.06232959,-1.2053057
KKT,0.06359075,-1.196606
KKT,0.06655947,-1.1767901
KKT,0.06254912,-1.2037787
KKT,0.06513922,-1.1861575
KKT,0.065410994,-1.1843493
KKT,0.060078144,-1.2212834
KKT,0.06402288,-1.1936648
KKT,0.06279938,-1.2020446
KKT,0.06401645,-1.1937084
KKT,0.062803775,-1.2020142
KKT,0.06238331,-1.2049316
KKT,0.06640232,-1.1778167
KKT,0.06571232,-1.1823533
KKT,0.06432076,-1.1916488
KKT,0.06404845,-1.1934913
KKT,0.0672106,-1.1725622
KKT,0.062178597,-1.206359
KKT,0.061025664,-1.2144874
KKT,0.062239707,-1.2059325
KKT,0.06217768,-1.2063655
KKT,0.06368088,-1.1959909
KKT,0.063600615,-1.1965387
KKT,0.061794817,-1.2090479
KKT,0.05947288,-1.2256811
KKT,0.06678763,-1.1753039
KKT,0.06289673,-1.2013719
KKT,0.06524131,-1.1854774
KKT,0.065699816,-1.1824359
KKT,0.06289211,-1.2014039
KKT,0.06338937,-1.1979836
KKT,0.060950182,-1.215025
KKT,0.06387139,-1.1946936
KKT,0.064152926,-1.1927835
KKT,0.06740444,-1.1713115
KKT,0.059542075,-1.225176
KKT,0.06662408,-1.1763687
KKT,0.06447983,-1.1905761
KKT,0.06434588,-1.1914792
KKT,0.06409249,-1.1931928
KKT,0.061945975,-1.207987
KKT,0.06128162,-1.2126697
KKT,0.061636686,-1.2101607
KKT,0.06327745,-1.198751
KKT,0.066257,-1.1787683
KKT,0.0691475,-1.1602235
KKT,0.06618896,-1.1792145
KKT,0.06182667,-1.2088242
KKT,0.06531601,-1.1849804
KKT,0.06430606,-1.1917481
KKT,0.06321167,-1.1992028
KKT,0.06292543,-1.2011738
KKT,0.06688262,-1.1746868
KKT,0.06096345,-1.2149304
KKT,0.06778899,-1.1688409
KKT,0.06383796,-1.194921
KKT,0.06271918,-1.2025996
KKT,0.06508233,-1.1865369
KKT,0.06219496,-1.2062448
KKT,0.06295843,-1.2009461
KKT,0.06562182,-1.1829517
KKT,0.071168765,-1.1477106
KKT,0.06534922,-1.1847596
KKT,0.06221074,-1.2061347
KKT,0.06221182,-1.206127
KKT,0.0629022,-1.2013342
KKT,0.06290715,-1.2013
KKT,0.06595766,-1.1807348
KKT,0.064392835,-1.1911625
KKT,0.06501362,-1.1869956
KKT,0.06171544,-1.2096062
KKT,0.06275846,-1.2023277
KKT,0.062163047,-1.2064677
KKT,0.061819382,-1.2088753
KKT,0.06162017,-1.2102771
KKT,0.064346395,-1.1914757
KKT,0.061336845,-1.2122786
KKT,0.06555122,-1.1834192
KKT,0.0641703,-1.1926659
KKT,0.0623672,-1.2050438
KKT,0.06234245,-1.2052162
KKT,0.06397398,-1.1939967
KKT,0.060792767,-1.2161481
KKT,0.06199859,-1.2076182
KKT,0.06468022,-1.1892285
KKT,0.062116265,-1.2067946
KKT,0.06196396,-1.2078608
KKT,0.06796767,-1.1676977
KKT,0.063291505,-1.1986545
KKT,0.061791547,-1.2090709
KKT,0.06188406,-1.2084212
KKT,0.06600421,-1.1804284
KKT,0.06402241,-1.193668
KKT,0.061490633,-1.211191
KKT,0.062196195,-1.2062361
KKT,0.0658599,-1.181379
KKT,0.06252757,-1.2039285
KKT,0.062889926,-1.2014189
KKT,0.06629515,-1.1785183
KKT,0.06280574,-1.2020006
KKT,0.062397897,-1.20483
KKT,0.06447254,-1.1906252
KKT,0.06023851,-1.2201258
KKT,0.06325649,-1.198895
KKT,0.064168364,-1.192679
KKT,0.06281095,-1.2019646
KKT,0.0634837,-1.1973377
KKT,0.061067373,-1.2141907
KKT,0.06363754,-1.1962866
KKT,0.06296299,-1.2009146
KKT,0.06410995,-1.1930746
KKT,0.061304376,-1.2125086
KKT,0.063463494,-1.197476
KKT,0.061370596,-1.2120397
KKT,0.0598415,-1.2229975
KKT,0.065141976,-1.1861391
KKT,0.0636733,-1.1960427
KKT,0.062752426,-1.2023695
KKT,0.06227207,-1.2057067
KKT,0.06313893,-1.1997027
KKT,0.068466045,-1.1645248
KKT,0.062937886,-1.2010878
KKT,0.06432822,-1.1915984
KKT,0.06293998,-1.2010734
KKT,0.0626502,-1.2030776
KKT,0.062038712,-1.2073373
KKT,0.06169343,-1.2097611
KKT,0.062188685,-1.2062886
KKT,0.06371089,-1.1957864
KKT,0.06342771,-1.197721
KKT,0.061203428,-1.2132243
KKT,0.06376914,-1.1953894
KKT,0.06361987,-1.1964072
KKT,0.064242214,-1.1921794
KKT,0.060342334,-1.2193779
KKT,0.06987306,-1.1556903
KKT,0.060606398,-1.2174815
KKT,0.059240304,-1.2273828
KKT,0.061700065,-1.2097144
KKT,0.06350119,-1.1972182
KKT,0.06747885,-1.1708323
KKT,0.06406048,-1.1934098
KKT,0.063623175,-1.1963847
KKT,0.061801597,-1.2090003
KKT,0.060927264,-1.2151883
KKT,0.06310551,-1.1999327
KKT,0.0639588,-1.1940997
KKT,0.060724363,-1.216637
KKT,0.065691434,-1.1824913
KKT,0.06261598,-1.2033148
KKT,0.07150767,-1.1456474
KKT,0.06403874,-1.1935573
KKT,0.06245792,-1.2044125
KKT,0.06495442,-1.1873913
KKT,0.06142208,-1.2116755
KKT,0.06041886,-1.2188275
KKT,0.06470046,-1.1890926
KKT,0.062657766,-1.2030251
KKT,0.06266253,-1.2029921
KKT,0.062434644,-1.2045743
KKT,0.061720967,-1.2095673
KKT,0.065955915,-1.1807462
KKT,0.062184528,-1.2063177
KKT,0.062254876,-1.2058266
KKT,0.06583619,-1.1815352
KKT,0.06475939,-1.1886972
KKT,0.061131626,-1.213734
KKT,0.06348854,-1.1973046
KKT,0.06374103,-1.195581
KKT,0.06400653,-1.1937758
KKT,0.062388286,-1.2048969
KKT,0.06434347,-1.1914955
KKT,0.06481151,-1.1883478
KKT,0.063339576,-1.1983248
KKT,0.06463962,-1.1895012
KKT,0.06246239,-1.2043813
KKT,0.061417468,-1.2117081
KKT,0.06402349,-1.1936606
KKT,0.063557796,-1.1968312
KKT,0.06304704,-1.2003353
KKT,0.062781915,-1.2021655
KKT,0.065933585,-1.1808933
KKT,0.06466823,-1.189309
KKT,0.061716534,-1.2095984
KKT,0.06156408,-1.2106726
KKT,0.062446743,-1.2044902
KKT,0.06451877,-1.1903139
KKT,0.061419353,-1.2116947
KKT,0.06300168,-1.2006478
KKT,0.06176074,-1.2092875
KKT,0.06250475,-1.2040869
KKT,0.06764425,-1.169769
KKT,0.066238284,-1.178891
KKT,0.061752066,-1.2093486
KKT,0.063795924,-1.1952071
KKT,0.07080022,-1.1499654
KKT,0.061867334,-1.2085387
KKT,0.06295721,-1.2009546
KKT,0.066138804,-1.1795436
KKT,0.06218142,-1.2063394
KKT,0.060192898,-1.2204547
KKT,0.065683424,-1.1825442
KKT,0.060664244,-1.2170672
KKT,0.063585214,-1.1966438
KKT,0.06446902,-1.1906489
KKT,0.061488565,-1.2112056
KKT,0.06631941,-1.1783593
KKT,0.061264426,-1.2127917
KKT,0.06400532,-1.1937839
KKT,0.06355639,-1.1968408
KKT,0.0640983,-1.1931535
KKT,0.064179316,-1.1926049
KKT,0.06396317,-1.19407
KKT,0.06384072,-1.1949023
KKT,0.06449734,-1.1904582
KKT,0.062937364,-1.2010914
KKT,0.062563494,-1.203679
KKT,0.06323026,-1.199075
KKT,0.063904,-1.194472
KKT,0.06258457,-1.2035327
KKT,0.06642677,-1.1776569
KKT,0.06499851,-1.1870966
KKT,0.06068951,-1.2168864
KKT,0.06168951,-1.2097887
KKT,0.06424382,-1.1921686
KKT,0.06348276,-1.1973442
KKT,0.06328982,-1.1986661
KKT,0.06348658,-1.1973181
KKT,0.060701035,-1.2168039
KKT,0.06257421,-1.2036047
KKT,0.06291078,-1.2012749
KKT,0.06404482,-1.193516
KKT,0.06380012,-1.1951785
KKT,0.062378675,-1.2049638
KKT,0.069974184,-1.1550622
KKT,0.06646248,-1.1774235
KKT,0.06906878,-1.1607182
KKT,0.061956808,-1.207911
KKT,0.06379089,-1.1952413
KKT,0.06673507,-1.175646
KKT,0.06433176,-1.1915746
KKT,0.060835972,-1.2158395
KKT,0.06746409,-1.1709273
KKT,0.06434276,-1.1915003
KKT,0.0629816,-1.2007864
KKT,0.06380257,-1.1951618
KKT,0.06407519,-1.1933101
KKT,0.06239567,-1.2048455
KKT,0.06315681,-1.1995798
KKT,0.06545954,-1.1840271
KKT,0.06375936,-1.195456
KKT,0.06324811,-1.1989524
KKT,0.06344395,-1.1976098
KKT,0.061339207,-1.2122618
KKT,0.06367638,-1.1960217
KKT,0.06355005,-1.1968842
KKT,0.06399618,-1.193846
KKT,0.0625854,-1.203527
KKT,0.06635767,-1.1781088
KKT,0.06173648,-1.2094581
KKT,0.06338239,-1.1980314
KKT,0.06376497,-1.1954179
KKT,0.0624772,-1.2042785
KKT,0.06275787,-1.2023318
KKT,0.06323507,-1.199042
KKT,0.060982063,-1.2147979
KKT,0.06319687,-1.1993045
KKT,0.062045813,-1.2072875
KKT,0.06448443,-1.1905451
KKT,0.06463162,-1.1895549
KKT,0.06828653,-1.1656649
KKT,0.064377725,-1.1912644
KKT,0.063997075,-1.1938399
KKT,0.065453805,-1.1840651
KKT,0.06351141,-1.1971482
KKT,0.066475764,-1.1773367
KKT,0.06286841,-1.2015675
KKT,0.06387833,-1.1946465
KKT,0.0641108,-1.1930687
KKT,0.06220276,-1.2061903
KKT,0.06392969,-1.1942974
KKT,0.0655399,-1.1834942
KKT,0.0628748,-1.2015234
KKT,0.062156558,-1.206513
KKT,0.062462896,-1.2043779
KKT,0.06443872,-1.1908531
KKT,0.060420476,-1.2188158
KKT,0.06610571,-1.179761
KKT,0.06530167,-1.1850758
KKT,0.062678844,-1.2028791
KKT,0.06264703,-1.2030995
KKT,0.06311609,-1.19986
KKT,0.06364621,-1.1962274
KKT,0.06332964,-1.198393
KKT,0.06249824,-1.2041322
KKT,0.06189546,-1.2083412
KKT,0.061232984,-1.2130146
KKT,0.06443276,-1.1908933
KKT,0.063635066,-1.1963035
KKT,0.064725995,-1.1889212
KKT,0.06981862,-1.1560287
KKT,0.06306168,-1.2002345
KKT,0.066400856,-1.1778263
KKT,0.063446894,-1.1975896
KKT,0.06151662,-1.2110075
KKT,0.06234379,-1.2052068
KKT,0.06286962,-1.2015592
KKT,0.06427232,-1.1919761
KKT,0.06347419,-1.1974028
KKT,0.061302036,-1.2125251
KKT,0.062216975,-1.2060912
KKT,0.06441036,-1.1910443
KKT,0.059492543,-1.2255374
KKT,0.06446133,-1.1907008
KKT,0.061341926,-1.2122426
KKT,0.06477736,-1.1885768
KKT,0.062391922,-1.2048717
KKT,0.06249594,-1.2041482
KKT,0.064436994,-1.1908647
KKT,0.06438761,-1.1911976
KKT,0.06135471,-1.2121521
KKT,0.06436194,-1.1913708
KKT,0.06363821,-1.196282
KKT,0.06457719,-1.1899209
KKT,0.062943,-1.2010525
KKT,0.06535195,-1.1847415
KKT,0.06142257,-1.211672
KKT,0.063720524,-1.1957207
KKT,0.06429103,-1.1918496
KKT,0.06256667,-1.203657
KKT,0.06242904,-1.2046133
KKT,0.06463128,-1.1895572
KKT,0.07028818,-1.1531177
KKT,0.067454845,-1.1709869
KKT,0.06556415,-1.1833336
KKT,0.062255852,-1.2058198
KKT,0.06500803,-1.187033
KKT,0.06375347,-1.1954962
KKT,0.06564301,-1.1828115
KKT,0.063767135,-1.1954031
KKT,0.063177705,-1.1994362
KKT,0.06143421,-1.2115897
KKT,0.06545961,-1.1840266
KKT,0.06387999,-1.1946352
KKT,0.06024225,-1.2200989
KKT,0.06314927,-1.1996317
KKT,0.06274769,-1.2024022
KKT,0.066372395,-1.1780125
KKT,0.06290859,-1.20129
KKT,0.06576003,-1.182038
KKT,0.061665345,-1.2099588
KKT,0.06578237,-1.1818905
KKT,0.06165278,-1.2100474
KKT,0.062182337,-1.2063329
KKT,0.062438525,-1.2045474
KKT,0.065373406,-1.1845989
KKT,0.06168992,-1.2097858
KKT,0.06362255,-1.196389
KKT,0.0647732,-1.1886046
KKT,0.06022279,-1.2202392
KKT,0.06589386,-1.1811551
KKT,0.0694418,-1.158379
KKT,0.06121117,-1.2131693
KKT,0.06564448,-1.1828018
KKT,0.060324296,-1.2195077
KKT,0.06530446,-1.1850572
KKT,0.06306839,-1.2001883
KKT,0.065420605,-1.1842854
KKT,0.061188623,-1.2133293
KKT,0.06559019,-1.1831611
KKT,0.06421091,-1.1923912
KKT,0.0666453,-1.1762304
KKT,0.059766434,-1.2235427
KKT,0.06644243,-1.1775545
KKT,0.060152277,-1.220748
KKT,0.06458405,-1.1898748
KKT,0.0695858,-1.1574794
KKT,0.06696139,-1.1741755
KKT,0.06462184,-1.1896206
KKT,0.05988279,-1.222698
KKT,0.06332615,-1.198417
KKT,0.06618424,-1.1792455
KKT,0.06492178,-1.1876096
KKT,0.061288178,-1.2126232
KKT,0.06720457,-1.1726012
KKT,0.060560286,-1.2178121
KKT,0.06583455,-1.1815461
KKT,0.060696162,-1.2168387
KKT,0.06146115,-1.2113993
KKT,0.06281617,-1.2019285
KKT,0.062683426,-1.2028472
KKT,0.061163906,-1.2135048
KKT,0.06690225,-1.1745592
KKT,0.06632882,-1.1782978
KKT,0.061075427,-1.2141335
KKT,0.06317691,-1.1994417
KKT,0.06420076,-1.1924598
KKT,0.06113793,-1.2136893
KKT,0.06399512,-1.1938531
KKT,0.07045689,-1.1520765
KKT,0.06320402,-1.1992553
KKT,0.06891835,-1.1616652
KKT,0.061422944,-1.2116693
KKT,0.0655438,-1.1834683
KKT,0.06354503,-1.1969184
KKT,0.0625104,-1.2040477
KKT,0.06259835,-1.2034371
KKT,0.059694365,-1.2240666
KKT,0.06317315,-1.1994674
KKT,0.064183585,-1.192576
KKT,0.06323254,-1.1990594
KKT,0.06631407,-1.1783943
KKT,0.062004596,-1.2075762
KKT,0.06300971,-1.2005925
KKT,0.06285228,-1.201679
KKT,0.063887835,-1.1945819
KKT,0.06540577,-1.184384
KKT,0.061473377,-1.2113129
KKT,0.06640739,-1.1777836
KKT,0.0662967,-1.1785082
KKT,0.062170275,-1.2064172
KKT,0.06087762,-1.2155423
KKT,0.06346232,-1.197484
KKT,0.0633533,-1.1982307
KKT,0.06251609,-1.2040082
KKT,0.06370753,-1.1958092
KKT,0.065444626,-1.184126
KKT,0.06478794,-1.1885059
KKT,0.06221044,-1.2061367
KKT,0.06292683,-1.2011641
KKT,0.059559494,-1.225049
KKT,0.06295535,-1.2009673
KKT,0.066537246,-1.1769352
KKT,0.06302577,-1.2004818
KKT,0.06371167,-1.195781
KKT,0.06441718,-1.1909983
KKT,0.06419775,-1.1924802
KKT,0.06808805,-1.1669291
KKT,0.06317724,-1.1994393
KKT,0.06338088,-1.1980417
KKT,0.06486783,-1.1879706
KKT,0.06510636,-1.1863766
KKT,0.06273438,-1.2024944
KKT,0.05860722,-1.2320489
KKT,0.060242772,-1.220095
KKT,0.06541444,-1.1843263
KKT,0.066708125,-1.1758213
KKT,0.06177762,-1.2091688
KKT,0.066492625,-1.1772265
KKT,0.06289244,-1.2014016
KKT,0.062787294,-1.2021282
KKT,0.061533935,-1.2108853
KKT,0.061793804,-1.2090551
KKT,0.06354643,-1.1969088
KKT,0.060400397,-1.2189602
KKT,0.06543444,-1.1841936
KKT,0.061218098,-1.2131202
KKT,0.06637114,-1.1780207
KKT,0.065294124,-1.185126
KKT,0.069248356,-1.1595905
KKT,0.06424376,-1.1921691
KKT,0.06256854,-1.203644
KKT,0.06416567,-1.1926973
KKT,0.06692678,-1.1744001
KKT,0.06429266,-1.1918386
KKT,0.06002468,-1.2216702
KKT,0.061834708,-1.2087677
KKT,0.060593195,-1.2175761
KKT,0.061820783,-1.2088655
KKT,0.06141764,-1.2117069
KKT,0.066280484,-1.1786144
KKT,0.06355721,-1.1968352
KKT,0.06312545,-1.1997955
KKT,0.06243542,-1.204569
KKT,0.06321059,-1.1992102
KKT,0.06377983,-1.1953167
KKT,0.062614754,-1.2033234
KKT,0.062325396,-1.2053349
KKT,0.06220819,-1.2061524
KKT,0.06521279,-1.1856672
KKT,0.06378007,-1.195315
KKT,0.060989417,-1.2147455
KKT,0.06353638,-1.1969775
KKT,0.061880127,-1.2084488
KKT,0.06279991,-1.202041
KKT,0.067408755,-1.1712837
KKT,0.0619898,-1.2076797
KKT,0.06411877,-1.1930147
KKT,0.06278169,-1.202167
KKT,0.06270027,-1.2027305
KKT,0.06346231,-1.1974841
KKT,0.06240063,-1.204811
KKT,0.06370851,-1.1958026
KKT,0.06485741,-1.1880404
KKT,0.06856742,-1.1638823
KKT,0.07022883,-1.1534846
KKT,0.06315039,-1.199624
KKT,0.06324939,-1.1989437
KKT,0.06645614,-1.1774648
KKT,0.06295359,-1.2009795
KKT,0.06410634,-1.193099
KKT,0.06282674,-1.2018555
KKT,0.0653197,-1.1849558
KKT,0.06200394,-1.2075807
KKT,0.061342016,-1.212242
KKT,0.0652749,-1.1852537
KKT,0.063858494,-1.1947813
KKT,0.063112535,-1.1998844
KKT,0.06795794,-1.1677598
KKT,0.06569734,-1.1824522
KKT,0.06361979,-1.1964078
KKT,0.06494857,-1.1874304
KKT,0.06327078,-1.1987969
KKT,0.064190805,-1.1925272
KKT,0.062247016,-1.2058815
KKT,0.06358271,-1.196661
KKT,0.06323469,-1.1990446
KKT,0.06814484,-1.166567
KKT,0.062453553,-1.2044429
KKT,0.06288479,-1.2014544
KKT,0.06232673,-1.2053256
KKT,0.06640924,-1.1777714
KKT,0.06377572,-1.1953447
KKT,0.07019026,-1.1537231
KKT,0.06365403,-1.1961741
KKT,0.062262118,-1.2057761
KKT,0.07224743,-1.1411775
KKT,0.065089956,-1.186486
KKT,0.066730246,-1.1756773
KKT,0.06702205,-1.1737823
KKT,0.063171364,-1.1994797
KKT,0.061963513,-1.2078639
KKT,0.06277799,-1.2021925
KKT,0.058970667,-1.2293639
KKT,0.061092086,-1.214015
KKT,0.064846225,-1.1881154
KKT,0.06302312,-1.2005001
KKT,0.060691044,-1.2168754
KKT,0.064743415,-1.1888044
KKT,0.062274612,-1.205689
KKT,0.06445581,-1.190738
KKT,0.06565489,-1.1827329
KKT,0.067493305,-1.1707393
KKT,0.06671855,-1.1757534
KKT,0.06294769,-1.2010202
KKT,0.0594851,-1.2255918
KKT,0.063182205,-1.1994052
KKT,0.06266874,-1.202949
KKT,0.06222167,-1.2060584
KKT,0.064663045,-1.1893438
KKT,0.062500775,-1.2041146
KKT,0.063844964,-1.1948733
KKT,0.064627446,-1.1895831
KKT,0.068287335,-1.1656598
KKT,0.062053025,-1.207237
KKT,0.061944418,-1.2079978
KKT,0.062161855,-1.206476
KKT,0.06311601,-1.1998605
KKT,0.06140192,-1.2118181
KKT,0.06267425,-1.2029109
KKT,0.06320803,-1.1992278
KKT,0.061365694,-1.2120744
KKT,0.056932874,-1.2446369
KKT,0.06301499,-1.2005562
KKT,0.063182816,-1.199401
KKT,0.06771129,-1.169339
KKT,0.06514022,-1.1861508
KKT,0.06483919,-1.1881624
KKT,0.062381856,-1.2049417
KKT,0.063626185,-1.1963642
KKT,0.06616035,-1.1794022
KKT,0.067945845,-1.1678371
KKT,0.06255633,-1.2037288
KKT,0.06666809,-1.176082
KKT,0.0646153,-1.1896646
KKT,0.06442025,-1.1909776
KKT,0.064091586,-1.193199
KKT,0.063514575,-1.1971266
KKT,0.062041726,-1.2073162
KKT,0.066232316,-1.17893
KKT,0.06490009,-1.1877546
KKT,0.06204237,-1.2073116
KKT,0.061950654,-1.207954
KKT,0.06266856,-1.2029502
KKT,0.061414808,-1.2117269
KKT,0.06462217,-1.1896185
KKT,0.06350744,-1.1971754
KKT,0.0631215,-1.1998227
KKT,0.062340103,-1.2052325
KKT,0.061556906,-1.2107232
KKT,0.064074904,-1.193312
KKT,0.062254786,-1.2058272
KKT,0.06255012,-1.2037718
KKT,0.06372533,-1.1956879
KKT,0.06971286,-1.1566871
KKT,0.06214857,-1.2065688
KKT,0.06338659,-1.1980026
KKT,0.06488388,-1.1878632
KKT,0.06268114,-1.2028631
KKT,0.060483694,-1.2183617
KKT,0.06594067,-1.1808467
KKT,0.06131512,-1.2124324
KKT,0.061600357,-1.2104168
KKT,0.06379151,-1.195237
KKT,0.068240896,-1.1659553
KKT,0.06347354,-1.1974072
KKT,0.06408426,-1.1932486
KKT,0.06360647,-1.1964988
KKT,0.065656625,-1.1827215
KKT,0.06634107,-1.1782175
KKT,0.06139458,-1.21187
KKT,0.06483881,-1.188165
KKT,0.06531383,-1.1849948
KKT,0.064828604,-1.1882334
KKT,0.06357667,-1.1967022
KKT,0.06590894,-1.1810557
KKT,0.06457895,-1.189909
KKT,0.06182082,-1.2088653
KKT,0.06267178,-1.202928
KKT,0.062454686,-1.204435
KKT,0.06592133,-1.180974
KKT,0.065434046,-1.1841962
KKT,0.066427335,-1.1776532
KKT,0.061083674,-1.2140749
KKT,0.06268971,-1.2028037
KKT,0.06179414,-1.2090527
KKT,0.06290744,-1.201298
KKT,0.059879877,-1.2227191
KKT,0.06291571,-1.2012409
KKT,0.06450303,-1.1904199
KKT,0.062371776,-1.2050118
KKT,0.06060244,-1.2175099
KKT,0.06956199,-1.157628
KKT,0.062127337,-1.2067173
KKT,0.0639531,-1.1941384
KKT,0.061576188,-1.2105871
KKT,0.06848797,-1.1643857
KKT,0.06165038,-1.2100643
KKT,0.063313276,-1.1985052
KKT,0.07042593,-1.1522675
KKT,0.061531454,-1.2109028
KKT,0.06385118,-1.1948311
KKT,0.063652486,-1.1961846
KKT,0.06159866,-1.2104287
KKT,0.06547985,-1.1838923
KKT,0.06380999,-1.1951113
KKT,0.06641763,-1.1777166
KKT,0.06748607,-1.1707859
KKT,0.06512822,-1.1862308
KKT,0.064518474,-1.190316
KKT,0.06464472,-1.189467
KKT,0.06331617,-1.1984854
KKT,0.06688244,-1.1746879
KKT,0.062765345,-1.20228
KKT,0.06589079,-1.1811754
KKT,0.062137038,-1.2066494
KKT,0.058736067,-1.2310952
KKT,0.064353496,-1.1914278
KKT,0.06595816,-1.1807315
KKT,0.06360245,-1.1965262
KKT,0.060904592,-1.2153499
KKT,0.06331937,-1.1984634
KKT,0.06608321,-1.1799089
KKT,0.0642688,-1.1919998
KKT,0.061772313,-1.2092061
KKT,0.06274839,-1.2023975
KKT,0.06302662,-1.2004759
KKT,0.06576602,-1.1819984
KKT,0.064216375,-1.1923542
KKT,0.06202916,-1.2074041
KKT,0.065380506,-1.1845517
KKT,0.064147584,-1.1928197
KKT,0.063159436,-1.1995617
KKT,0.06546241,-1.184008
KKT,0.06431558,-1.1916838
KKT,0.06412482,-1.1929739
KKT,0.06257932,-1.2035692
KKT,0.061780423,-1.2091491
KKT,0.06272806,-1.2025381
KKT,0.07203005,-1.1424862
KKT,0.06584959,-1.1814469
KKT,0.061803877,-1.2089843
KKT,0.06659579,-1.1765532
KKT,0.06482005,-1.1882906
KKT,0.062904805,-1.2013162
KKT,0.060977757,-1.2148286
KKT,0.0666921,-1.1759256
KKT,0.06623416,-1.178918
KKT,0.06414096,-1.1928645
KKT,0.0670525,-1.173585
KKT,0.064912945,-1.1876687
KKT,0.06768696,-1.169495
KKT,0.06505394,-1.1867265
KKT,0.06506514,-1.1866516
KKT,0.06271559,-1.2026244
KKT,0.065463215,-1.1840026
KKT,0.06386026,-1.1947693
KKT,0.060559034,-1.217821
KKT,0.062487263,-1.2042085
KKT,0.06307728,-1.200127
KKT,0.0645386,-1.1901804
KKT,0.06251836,-1.2039925
KKT,0.058847867,-1.2302693
KKT,0.06540764,-1.1843715
KKT,0.061267555,-1.2127695
KKT,0.06871478,-1.1629498
KKT,0.06435828,-1.1913955
KKT,0.06541908,-1.1842955
KKT,0.065010086,-1.1870192
KKT,0.06194794,-1.2079731
KKT,0.06340077,-1.1979055
KKT,0.06282565,-1.201863
KKT,0.06395588,-1.1941196
KKT,0.06714722,-1.172972
KKT,0.06425157,-1.1921163
KKT,0.06384412,-1.194879
KKT,0.061518088,-1.2109972
KKT,0.063834436,-1.194945
KKT,0.060963772,-1.2149282
KKT,0.062126264,-1.2067248
KKT,0.061627015,-1.2102289
KKT,0.063917585,-1.1943797
KKT,0.066994965,-1.1739578
KKT,0.06998874,-1.1549718
KKT,0.063145116,-1.1996602
KKT,0.063093275,-1.200017
KKT,0.06199433,-1.207648
KKT,0.06259146,-1.2034849
KKT,0.06338032,-1.1980455
KKT,0.06407598,-1.1933048
KKT,0.067434296,-1.1711192
KKT,0.065702915,-1.1824154
KKT,0.0627003,-1.2027304
KKT,0.058083966,-1.2359437
KKT,0.061107695,-1.2139041
KKT,0.059788197,-1.2233845
KKT,0.0654113,-1.1843473
KKT,0.06267302,-1.2029194
KKT,0.06611806,-1.1796799
KKT,0.06437929,-1.1912538
KKT,0.06490559,-1.1877179
KKT,0.06217596,-1.2063775
KKT,0.06637555,-1.1779919
KKT,0.06474848,-1.1887704
KKT,0.061984666,-1.2077157
KKT,0.0621603,-1.2064869
KKT,0.06575948,-1.1820416
KKT,0.06435011,-1.1914507
KKT,0.06616749,-1.1793554
KKT,0.06773669,-1.169176
KKT,0.062440008,-1.204537
KKT,0.06448332,-1.1905526
KKT,0.06578669,-1.181862
KKT,0.06486907,-1.1879623
KKT,0.069260165,-1.1595165
KKT,0.06188277,-1.2084303
KKT,0.061572626,-1.2106123
KKT,0.0646141,-1.1896727
KKT,0.06325777,-1.1988862
KKT,0.0625598,-1.2037047
KKT,0.063872784,-1.1946841
KKT,0.0694368,-1.1584103
KKT,0.058262467,-1.2346112
KKT,0.069259025,-1.1595236
KKT,0.060540996,-1.2179505
KKT,0.061797857,-1.2090266
KKT,0.061468065,-1.2113504
KKT,0.06326243,-1.1988541
KKT,0.06388855,-1.194577
KKT,0.060358524,-1.2192614
KKT,0.06324095,-1.1990016
KKT,0.06391328,-1.1944089
KKT,0.06266482,-1.2029762
KKT,0.062217943,-1.2060844
KKT,0.06675877,-1.1754917
KKT,0.06801933,-1.1673677
KKT,0.06559374,-1.1831375
KKT,0.06250928,-1.2040554
KKT,0.062405907,-1.2047743
KKT,0.06343511,-1.1976703
KKT,0.061232045,-1.2130213
KKT,0.0666582,-1.1761464
KKT,0.059831604,-1.2230693
KKT,0.066880435,-1.1747009
KKT,0.06462166,-1.1896219
KKT,0.064267814,-1.1920065
KKT,0.065890305,-1.1811785
KKT,0.06387317,-1.1946815
KKT,0.065951176,-1.1807774
KKT,0.0651577,-1.1860343
KKT,0.06512932,-1.1862235
KKT,0.062374532,-1.2049927
KKT,0.06308959,-1.2000424
KKT,0.06220965,-1.2061422
KKT,0.06594592,-1.180812
KKT,0.062313825,-1.2054156
KKT,0.061585397,-1.2105223
KKT,0.06319301,-1.1993309
KKT,0.062629044,-1.2032242
KKT,0.06439033,-1.1911794
KKT,0.062032506,-1.2073807
KKT,0.0674507,-1.1710135
KKT,0.062448397,-1.2044787
KKT,0.062263295,-1.2057679
KKT,0.06422755,-1.1922786
KKT,0.06585753,-1.1813946
KKT,0.06336283,-1.1981654
KKT,0.06030806,-1.2196246
KKT,0.062750965,-1.2023796
KKT,0.06094055,-1.2150936
KKT,0.061922997,-1.208148
KKT,0.06242442,-1.2046455
KKT,0.06449417,-1.1904795
KKT,0.065598294,-1.1831075
KKT,0.06360753,-1.1964915
KKT,0.06140265,-1.2118129
KKT,0.06474789,-1.1887743
KKT,0.062749565,-1.2023892
KKT,0.060707882,-1.2167549
KKT,0.06697529,-1.1740854
KKT,0.06539565,-1.1844511
KKT,0.06122139,-1.2130969
KKT,0.06101942,-1.2145319
KKT,0.063513696,-1.1971326
KKT,0.06509337,-1.1864632
KKT,0.06305948,-1.2002497
KKT,0.06361791,-1.1964207
KKT,0.0594825,-1.2256107
KKT,0.06268853,-1.202812
KKT,0.062693395,-1.2027782
KKT,0.06485699,-1.1880432
KKT,0.06603947,-1.1801964
KKT,0.06270006,-1.202732
KKT,0.06526902,-1.1852928
KKT,0.062773965,-1.2022204
KKT,0.06352605,-1.1970482
KKT,0.06357169,-1.1967362
KKT,0.06463132,-1.189557
KKT,0.066530466,-1.1769794
KKT,0.062175453,-1.2063811
KKT,0.06438482,-1.1912165
KKT,0.06580353,-1.1817508
KKT,0.06516149,-1.186009
KKT,0.0650689,-1.1866266
KKT,0.060202494,-1.2203856
KKT,0.06333523,-1.1983546
KKT,0.062520936,-1.2039745
KKT,0.065953545,-1.1807618
KKT,0.06305694,-1.2002671
KKT,0.06492229,-1.1876062
KKT,0.062726855,-1.2025465
KKT,0.0653419,-1.1848083
KKT,0.06368254,-1.1959796
KKT,0.061802976,-1.2089906
KKT,0.061833978,-1.2087728
KKT,0.062059283,-1.2071933
KKT,0.06452839,-1.1902492
KKT,0.06291216,-1.2012655
KKT,0.06304337,-1.2003605
KKT,0.06378784,-1.1952621
KKT,0.05965612,-1.224345
KKT,0.06632423,-1.1783278
KKT,0.0617539,-1.2093356
KKT,0.06991695,-1.1554176
KKT,0.062094152,-1.2069494
KKT,0.06424748,-1.1921439
KKT,0.061313346,-1.212445
KKT,0.06695849,-1.1741943
KKT,0.0639257,-1.1943245
KKT,0.06203203,-1.207384
KKT,0.062733844,-1.2024981
KKT,0.059763685,-1.2235626
KKT,0.06390403,-1.1944717
KKT,0.06187608,-1.2084773
KKT,0.06315135,-1.1996174
KKT,0.06318408,-1.1993923
KKT,0.0689126,-1.1617013
KKT,0.062427174,-1.2046263
KKT,0.06046897,-1.2184675
KKT,0.065200165,-1.1857513
KKT,0.06280711,-1.2019912
KKT,0.06582631,-1.1816005
KKT,0.062321298,-1.2053635
KKT,0.063704416,-1.1958305
KKT,0.06984374,-1.1558725
KKT,0.06279084,-1.2021037
KKT,0.065201476,-1.1857426
KKT,0.060822606,-1.215935
KKT,0.062042758,-1.2073089
KKT,0.063032925,-1.2004325
KKT,0.06689277,-1.1746207
KKT,0.063590646,-1.1966068
KKT,0.06464347,-1.1894753
KKT,0.060951978,-1.2150122
KKT,0.060599983,-1.2175275
KKT,0.06402375,-1.193659
KKT,0.061744764,-1.2093998
KKT,0.06033101,-1.2194594
KKT,0.064628065,-1.1895789
KKT,0.062337533,-1.2052504
KKT,0.065069936,-1.1866196
KKT,0.06740674,-1.1712967
KKT,0.06228537,-1.205614
KKT,0.067181624,-1.1727495
KKT,0.0636314,-1.1963285
KKT,0.064903766,-1.1877301
KKT,0.059243336,-1.2273605
KKT,0.06830415,-1.1655529
KKT,0.06364802,-1.196215
KKT,0.060503744,-1.2182177
KKT,0.06686124,-1.1748255
KKT,0.062550694,-1.2037679
KKT,0.06272681,-1.2025468
KKT,0.06381155,-1.1951007
KKT,0.0662746,-1.1786529
KKT,0.06400544,-1.193783
KKT,0.06281088,-1.2019651
KKT,0.061162353,-1.2135158
KKT,0.061744772,-1.2093998
KKT,0.06066844,-1.2170372
KKT,0.06373647,-1.195612
KKT,0.061657652,-1.210013
KKT,0.059816003,-1.2231826
KKT,0.063094884,-1.2000059
KKT,0.06398571,-1.193917
KKT,0.06790976,-1.1680678
KKT,0.063861564,-1.1947604
KKT,0.06268531,-1.2028342
KKT,0.06276755,-1.2022648
KKT,0.061123453,-1.2137921
KKT,0.06377486,-1.1953505
KKT,0.0650007,-1.1870819
KKT,0.06150706,-1.2110751
KKT,0.065722406,-1.1822865
KKT,0.06259939,-1.2034299
KKT,0.06416175,-1.1927239
KKT,0.06258418,-1.2035354
KKT,0.06531963,-1.1849563
KKT,0.063595496,-1.1965736
KKT,0.062854335,-1.2016648
KKT,0.06841944,-1.1648204
KKT,0.06284617,-1.2017212
KKT,0.06555557,-1.1833904
KKT,0.060967624,-1.2149007
KKT,0.06265661,-1.2030331
KKT,0.06396857,-1.1940334
KKT,0.06854169,-1.1640452
KKT,0.06336666,-1.1981392
KKT,0.06464725,-1.1894499
KKT,0.06406118,-1.193405
KKT,0.06392186,-1.1943506
KKT,0.06288691,-1.2014397
KKT,0.06287218,-1.2015415
KKT,0.0634556,-1.19753
KKT,0.06824209,-1.1659477
KKT,0.06407745,-1.1932948
KKT,0.06509821,-1.1864309
KKT,0.06410086,-1.1931361
KKT,0.06623541,-1.1789098
KKT,0.07216947,-1.1416465
KKT,0.06499094,-1.1871471
KKT,0.06147457,-1.2113045
KKT,0.060064033,-1.2213855
KKT,0.067580596,-1.1701779
KKT,0.06593967,-1.1808532
KKT,0.06517888,-1.185893
KKT,0.06248194,-1.2042454
KKT,0.061201677,-1.2132367
KKT,0.06094435,-1.2150666
KKT,0.061006546,-1.2146236
KKT,0.062348038,-1.2051772
KKT,0.06490208,-1.1877414
KKT,0.061334155,-1.2122976
KKT,0.06529113,-1.1851459
KKT,0.06438106,-1.1912419
KKT,0.06257993,-1.2035649
KKT,0.065524556,-1.1835959
KKT,0.06504707,-1.1867722
KKT,0.06717143,-1.1728154
KKT,0.0656446,-1.182801
KKT,0.06121424,-1.2131475
KKT,0.06503353,-1.1868627
KKT,0.062096655,-1.2069318
KKT,0.0620177,-1.2074844
KKT,0.059893444,-1.2226207
KKT,0.06584643,-1.1814678
KKT,0.06340396,-1.1978836
KKT,0.06308424,-1.2000792
KKT,0.06444602,-1.1908039
KKT,0.06295128,-1.2009954
KKT,0.064772114,-1.188612
KKT,0.06632581,-1.1783174
KKT,0.064015344,-1.1937159
KKT,0.062104344,-1.2068781
KKT,0.06505385,-1.186727
KKT,0.06280759,-1.2019879
KKT,0.06396896,-1.1940308
KKT,0.06074086,-1.2165191
KKT,0.06372324,-1.1957022
KKT,0.06469032,-1.1891607
KKT,0.062024616,-1.207436
KKT,0.063122004,-1.1998192
KKT,0.06651413,-1.1770861
KKT,0.06377762,-1.1953317
KKT,0.06893417,-1.1615654
KKT,0.059969887,-1.2220668
KKT,0.062742025,-1.2024415
KKT,0.06293559,-1.2011037
KKT,0.062722325,-1.2025778
KKT,0.062354624,-1.2051313
KKT,0.06215141,-1.206549
KKT,0.062138498,-1.2066393
KKT,0.066635236,-1.1762961
KKT,0.063242,-1.1989944
KKT,0.06372107,-1.195717
KKT,0.06429794,-1.191803
KKT,0.066115186,-1.1796988
KKT,0.06369496,-1.195895
KKT,0.06138004,-1.2119728
KKT,0.058926344,-1.2296906
KKT,0.06322244,-1.1991287
KKT,0.06457937,-1.1899062
KKT,0.06260882,-1.2033645
KKT,0.05885546,-1.2302133
KKT,0.06319976,-1.1992846
KKT,0.06739505,-1.171372
KKT,0.06347421,-1.1974027
KKT,0.0670626,-1.1735196
KKT,0.06411146,-1.1930643
KKT,0.06315094,-1.1996201
KKT,0.066543534,-1.1768942
KKT,0.062374003,-1.2049963
KKT,0.067241155,-1.1723648
KKT,0.062496424,-1.2041448
KKT,0.069284156,-1.159366
KKT,0.06292948,-1.2011459
KKT,0.06730777,-1.1719348
KKT,0.0665828,-1.176638
KKT,0.062360257,-1.2050921
KKT,0.062929586,-1.2011452
KKT,0.06108685,-1.2140523
KKT,0.061899632,-1.2083119
KKT,0.06148389,-1.2112386
KKT,0.060009003,-1.2217836
KKT,0.06732154,-1.1718459
KKT,0.06903273,-1.1609449
KKT,0.06476017,-1.188692
KKT,0.06308872,-1.2000482
KKT,0.06702073,-1.1737908
KKT,0.06397591,-1.1939836
KKT,0.06411662,-1.1930294
KKT,0.06309535,-1.2000027
KKT,0.067054,-1.1735753
KKT,0.062638104,-1.2031614
KKT,0.0687983,-1.1624223
KKT,0.061680313,-1.2098534
KKT,0.06574978,-1.1821057
KKT,0.062417492,-1.2046937
KKT,0.06559476,-1.1831309
KKT,0.06333086,-1.1983846
KKT,0.06665707,-1.1761538
KKT,0.069221646,-1.1597581
KKT,0.06332743,-1.1984081
KKT,0.06197959,-1.2077513
KKT,0.064041995,-1.1935352
KKT,0.06348212,-1.1973486
KKT,0.060681105,-1.2169465
KKT,0.061972953,-1.2077978
KKT,0.061464444,-1.2113761
KKT,0.064590834,-1.1898291
KKT,0.060884684,-1.2154919
KKT,0.06225066,-1.2058561
KKT,0.061778724,-1.209161
KKT,0.06476146,-1.1886834
KKT,0.060706116,-1.2167675
KKT,0.06546555,-1.1839871
KKT,0.062171936,-1.2064056
KKT,0.0628628,-1.2016063
KKT,0.06527862,-1.1852291
KKT,0.06343567,-1.1976664
KKT,0.063387424,-1.1979969
KKT,0.06406185,-1.1934005
KKT,0.06109921,-1.2139645
KKT,0.06407654,-1.193301
KKT,0.06371237,-1.1957762
KKT,0.06352094,-1.1970831
KKT,0.061088696,-1.2140391
KKT,0.06437185,-1.1913041
KKT,0.06370211,-1.1958462
KKT,0.0638852,-1.1945997
KKT,0.060936302,-1.2151239
KKT,0.06767723,-1.1695575
KKT,0.06484723,-1.1881086
KKT,0.062900774,-1.201344
KKT,0.06282479,-1.2018689
KKT,0.06846854,-1.1645089
KKT,0.06096171,-1.2149428
KKT,0.0618023,-1.2089953
KKT,0.06621128,-1.179068
KKT,0.06390144,-1.1944894
KKT,0.06363782,-1.1962847
KKT,0.063416325,-1.197799
KKT,0.062144965,-1.2065941
KKT,0.06400627,-1.1937774
KKT,0.061845675,-1.2086906
KKT,0.062947035,-1.2010248
KKT,0.064227976,-1.1922758
KKT,0.061779052,-1.2091588
KKT,0.061377496,-1.2119908
KKT,0.06396569,-1.1940529
KKT,0.06186837,-1.2085314
KKT,0.06044016,-1.2186744
KKT,0.06213558,-1.2066597
KKT,0.06243369,-1.204581
KKT,0.061201893,-1.2132351
KKT,0.0683054,-1.165545
KKT,0.06528425,-1.1851915
KKT,0.06265271,-1.2030602
KKT,0.061329708,-1.2123291
KKT,0.065383285,-1.1845332
KKT,0.06610007,-1.1797981
KKT,0.06327504,-1.1987675
KKT,0.06520574,-1.1857142
KKT,0.061693877,-1.2097579
KKT,0.06255313,-1.203751
KKT,0.06368777,-1.195944
KKT,0.061656367,-1.2100221
KKT,0.062466785,-1.2043508
KKT,0.065843776,-1.1814853
KKT,0.062300704,-1.205507
KKT,0.06251611,-1.2040081
KKT,0.06940946,-1.1585814
KKT,0.06546027,-1.1840222
KKT,0.06432684,-1.1916078
KKT,0.061104417,-1.2139274
KKT,0.0696957,-1.156794
KKT,0.06065353,-1.2171439
KKT,0.06330493,-1.1985625
KKT,0.06475657,-1.1887162
KKT,0.060795084,-1.2161316
KKT,0.06852581,-1.1641458
KKT,0.06502235,-1.1869373
KKT,0.06387,-1.1947031
KKT,0.062868804,-1.2015648
KKT,0.06348118,-1.197355
KKT,0.06376682,-1.1954052
KKT,0.06437885,-1.1912568
KKT,0.06434253,-1.1915019
KKT,0.06432256,-1.1916367
KKT,0.06423639,-1.1922189
KKT,0.07115977,-1.1477654
KKT,0.06577681,-1.1819272
KKT,0.06348874,-1.1973033
KKT,0.06307675,-1.2001307
KKT,0.06161666,-1.2103019
KKT,0.0669303,-1.1743772
KKT,0.064501755,-1.1904285
KKT,0.06524116,-1.1854783
KKT,0.06349636,-1.1972512
KKT,0.0647905,-1.1884886
KKT,0.06280014,-1.2020394
KKT,0.06652661,-1.1770046
KKT,0.064031795,-1.1936044
KKT,0.06302717,-1.2004721
KKT,0.06479892,-1.1884322
KKT,0.0626669,-1.2029618
KKT,0.062295906,-1.2055405
KKT,0.06289613,-1.2013761
KKT,0.062696904,-1.2027539
KKT,0.06308917,-1.2000452
KKT,0.06239073,-1.2048799
KKT,0.06668806,-1.175952
KKT,0.06530072,-1.1850821
KKT,0.06283983,-1.2017651
KKT,0.06529601,-1.1851133
KKT,0.06601127,-1.1803819
KKT,0.06373763,-1.1956041
KKT,0.062678516,-1.2028813
KKT,0.0646117,-1.1896888
KKT,0.06117981,-1.2133919
KKT,0.06240502,-1.2047805
KKT,0.06721486,-1.1725347
KKT,0.06345682,-1.1975217
KKT,0.062687814,-1.2028168
KKT,0.062909886,-1.2012811
KKT,0.06420225,-1.1924498
KKT,0.06369902,-1.1958672
KKT,0.06027323,-1.2198756
KKT,0.06409408,-1.1931821
KKT,0.06424287,-1.192175
KKT,0.06382501,-1.1950091
KKT,0.06773542,-1.1691842
KKT,0.06536132,-1.1846792
KKT,0.061299384,-1.2125438
KKT,0.06367488,-1.1960318
KKT,0.076334134,-1.1172812
KKT,0.061715245,-1.2096075
KKT,0.065506175,-1.1837177
KKT,0.068264656,-1.1658041
KKT,0.06351157,-1.1971471
KKT,0.061237805,-1.2129804
KKT,0.065215275,-1.1856507
KKT,0.06244433,-1.204507
KKT,0.06453416,-1.1902103
KKT,0.06408228,-1.1932621
KKT,0.065623775,-1.1829388
KKT,0.06815761,-1.1664857
KKT,0.060289934,-1.2197552
KKT,0.063434035,-1.1976776
KKT,0.06619948,-1.1791455
KKT,0.06455632,-1.1900612
KKT,0.06321358,-1.1991897
KKT,0.06277727,-1.2021976
KKT,0.062121958,-1.2067549
KKT,0.06520515,-1.185718
KKT,0.062855005,-1.2016602
KKT,0.063366115,-1.1981429
KKT,0.06163998,-1.2101375
KKT,0.06391652,-1.1943868
KKT,0.061404184,-1.211802
KKT,0.06919795,-1.1599067
KKT,0.06364887,-1.1962093
KKT,0.05951161,-1.2253983
KKT,0.063238166,-1.1990207
KKT,0.06525457,-1.185389
KKT,0.06447223,-1.1906273
KKT,0.06173663,-1.209457
KKT,0.06370577,-1.1958212
KKT,0.0640959,-1.1931697
KKT,0.062274743,-1.205688
KKT,0.059599414,-1.224758
KKT,0.064357996,-1.1913974
KKT,0.06256035,-1.2037008
KKT,0.0627272,-1.2025441
KKT,0.06891738,-1.1616713
KKT,0.06809993,-1.1668533
KKT,0.06857716,-1.1638205
KKT,0.063193366,-1.1993285
KKT,0.06536701,-1.1846414
KKT,0.06736718,-1.1715516
KKT,0.06530974,-1.185022
KKT,0.06092815,-1.215182
KKT,0.0690584,-1.1607834
KKT,0.06532805,-1.1849003
KKT,0.06344096,-1.1976303
KKT,0.06406768,-1.193361
KKT,0.064967185,-1.1873059
KKT,0.061333105,-1.2123051
KKT,0.061113365,-1.2138638
KKT,0.06787023,-1.1683207
KKT,0.0648547,-1.1880586
KKT,0.065344766,-1.1847892
KKT,0.06296766,-1.2008824
KKT,0.06255839,-1.2037145
KKT,0.060902707,-1.2153634
KKT,0.061408907,-1.2117686
KKT,0.06403045,-1.1936134
KKT,0.06173881,-1.2094418
KKT,0.06710803,-1.1732255
KKT,0.06374879,-1.195528
KKT,0.065463126,-1.1840032
KKT,0.0624459,-1.204496
KKT,0.06254442,-1.2038114
KKT,0.061746232,-1.2093896
KKT,0.06610091,-1.1797925
KKT,0.06044972,-1.2186058
KKT,0.063914776,-1.1943988
KKT,0.06340197,-1.1978973
KKT,0.062349416,-1.2051677
KKT,0.064483,-1.1905547
KKT,0.06669387,-1.175914
KKT,0.0636214,-1.1963967
KKT,0.06327378,-1.1987762
KKT,0.067426845,-1.1711671
KKT,0.06202209,-1.2074536
KKT,0.06519419,-1.1857911
KKT,0.06094805,-1.2150402
KKT,0.06392233,-1.1943474
KKT,0.0636015,-1.1965326
KKT,0.06155196,-1.2107581
KKT,0.06412484,-1.1929737
KKT,0.065346956,-1.1847746
KKT,0.06487545,-1.1879196
KKT,0.06153494,-1.2108783
KKT,0.06150174,-1.2111126
KKT,0.067216,-1.1725273
KKT,0.0600783,-1.2212824
KKT,0.06433038,-1.1915839
KKT,0.064447686,-1.1907927
KKT,0.06693514,-1.1743459
KKT,0.0636303,-1.196336
KKT,0.061344534,-1.2122241
KKT,0.06330312,-1.1985749
KKT,0.06621294,-1.1790571
KKT,0.06403149,-1.1936064
KKT,0.062880754,-1.2014823
KKT,0.06283262,-1.2018148
KKT,0.06651585,-1.1770749
KKT,0.06220305,-1.2061883
KKT,0.062209815,-1.2061411
KKT,0.067545466,-1.1704038
KKT,0.06286542,-1.2015882
KKT,0.06571159,-1.182358
KKT,0.06067352,-1.2170008
KKT,0.06255837,-1.2037146
KKT,0.06306724,-1.2001961
KKT,0.06390244,-1.1944826
KKT,0.06312668,-1.199787
KKT,0.06313676,-1.1997178
KKT,0.06382248,-1.1950263
KKT,0.06422515,-1.1922948
KKT,0.06361562,-1.1964363
KKT,0.06055484,-1.2178512
KKT,0.0658526,-1.1814271
KKT,0.0629105,-1.2012769
KKT,0.06445643,-1.1907338
KKT,0.06194161,-1.2080175
KKT,0.062073708,-1.2070923
KKT,0.063993596,-1.1938635
KKT,0.06358635,-1.1966361
KKT,0.061917424,-1.2081871
KKT,0.06250965,-1.2040529
KKT,0.060181566,-1.2205365
KKT,0.06216356,-1.206464
KKT,0.06271805,-1.2026075
KKT,0.06302637,-1.2004777
KKT,0.06433475,-1.1915544
KKT,0.06629172,-1.1785407
KKT,0.065148704,-1.1860942
KKT,0.06706521,-1.1735027
KKT,0.06319392,-1.1993247
KKT,0.06544858,-1.1840998
KKT,0.06817865,-1.1663516
KKT,0.06725807,-1.1722556
KKT,0.066687755,-1.1759539
KKT,0.06240263,-1.2047971
KKT,0.06406143,-1.1934034
KKT,0.06126514,-1.2127866
Rahul's Model,1.1139431,0.04686301
Rahul's Model,1.1149687,0.047262657
Rahul's Model,0.94341195,-0.025298629
Rahul's Model,1.0281265,0.012046544
Rahul's Model,0.9589051,-0.018224372
Rahul's Model,1.0648652,0.027294647
Rahul's Model,1.1114961,0.04590794
Rahul's Model,1.0270854,0.011606566
Rahul's Model,1.1074002,0.04430459
Rahul's Model,1.0623858,0.026282256
Rahul's Model,1.0032465,0.0014076731
Rahul's Model,1.1252769,0.051259413
Rahul's Model,1.0852498,0.035529707
Rahul's Model,1.1158184,0.04759351
Rahul's Model,0.9942684,-0.0024963557
Rahul's Model,0.9806609,-0.008481134
Rahul's Model,1.1064934,0.04394881
Rahul's Model,1.109,0.044931535
Rahul's Model,1.0305561,0.013071631
Rahul's Model,1.0158659,0.006836392
Rahul's Model,1.0519059,0.021976879
Rahul's Model,1.0444874,0.018903188
Rahul's Model,0.96154547,-0.017030176
Rahul's Model,1.1276436,0.052171852
Rahul's Model,1.1314971,0.053653464
Rahul's Model,1.1671196,0.067115374
Rahul's Model,1.0889215,0.03699659
Rahul's Model,1.0771751,0.032286324
Rahul's Model,1.0722047,0.03027771
Rahul's Model,1.0944113,0.03918055
Rahul's Model,1.0078156,0.0033810763
Rahul's Model,1.0517616,0.021917323
Rahul's Model,1.0180995,0.007790244
Rahul's Model,1.1380885,0.05617602
Rahul's Model,1.0534853,0.02262847
Rahul's Model,1.1149733,0.04726447
Rahul's Model,1.0210469,0.009045681
Rahul's Model,1.1183339,0.048571505
Rahul's Model,1.143199,0.058121823
Rahul's Model,1.1731848,0.06936641
Rahul's Model,1.0261227,0.011199291
Rahul's Model,1.0483094,0.020489499
Rahul's Model,1.0785215,0.032828804
Rahul's Model,0.9367435,-0.028379314
Rahul's Model,1.0996053,0.041236833
Rahul's Model,1.0747557,0.031309746
Rahul's Model,1.0407369,0.017340958
Rahul's Model,0.99257874,-0.003235029
Rahul's Model,1.1215515,0.049819227
Rahul's Model,1.0601993,0.025387498
Rahul's Model,1.094669,0.039282814
Rahul's Model,1.1018283,0.042113937
Rahul's Model,1.0532142,0.022516703
Rahul's Model,1.0370764,0.015810732
Rahul's Model,1.0956262,0.039662424
Rahul's Model,1.0288734,0.012361958
Rahul's Model,1.0587802,0.024805808
Rahul's Model,1.1189306,0.048803143
Rahul's Model,1.0719905,0.030190933
Rahul's Model,1.0842187,0.03511691
Rahul's Model,1.0586685,0.02475999
Rahul's Model,1.1722714,0.06902816
Rahul's Model,0.961923,-0.01685969
Rahul's Model,1.133444,0.05440005
Rahul's Model,1.0234001,0.010045442
Rahul's Model,1.0980861,0.0406364
Rahul's Model,1.0339944,0.014518202
Rahul's Model,1.0703785,0.029537395
Rahul's Model,1.0204437,0.008789039
Rahul's Model,1.0071197,0.0030810721
Rahul's Model,1.058653,0.024753632
Rahul's Model,1.0703654,0.029532073
Rahul's Model,1.1566918,0.063217655
Rahul's Model,1.1214526,0.04978091
Rahul's Model,1.0490792,0.020808268
Rahul's Model,1.0738147,0.030929364
Rahul's Model,1.0098617,0.004261905
Rahul's Model,1.1395003,0.05671443
Rahul's Model,1.0847286,0.03532109
Rahul's Model,1.0113329,0.0048941225
Rahul's Model,1.0136212,0.00587569
Rahul's Model,1.1179821,0.04843487
Rahul's Model,1.050112,0.021235624
Rahul's Model,1.0916725,0.038092386
Rahul's Model,1.0941747,0.039086685
Rahul's Model,1.169626,0.06804701
Rahul's Model,0.98520744,-0.006472318
Rahul's Model,1.0884064,0.036791105
Rahul's Model,1.0571702,0.024144894
Rahul's Model,1.1255592,0.051368345
Rahul's Model,1.0690418,0.028994706
Rahul's Model,1.0786505,0.03288074
Rahul's Model,1.1163652,0.04780629
Rahul's Model,1.0510906,0.021640152
Rahul's Model,0.90700734,-0.0423892
Rahul's Model,1.0875499,0.0364492
Rahul's Model,1.012883,0.0055592596
Rahul's Model,1.0978682,0.040550206
Rahul's Model,1.0299033,0.012796447
Rahul's Model,1.0511649,0.021670837
Rahul's Model,1.0443594,0.018849999
Rahul's Model,1.0216954,0.009321428
Rahul's Model,1.1166164,0.04790399
Rahul's Model,1.0280857,0.012029322
Rahul's Model,1.0513061,0.021729195
Rahul's Model,1.13157,0.05368142
Rahul's Model,1.0949603,0.039398387
Rahul's Model,1.0765042,0.03201574
Rahul's Model,1.1081282,0.044590004
Rahul's Model,1.0146296,0.006307529
Rahul's Model,1.0861266,0.035880435
Rahul's Model,1.0285922,0.012243239
Rahul's Model,1.1137451,0.046785805
Rahul's Model,1.0418026,0.017785456
Rahul's Model,1.0924234,0.03839101
Rahul's Model,1.0589519,0.024876215
Rahul's Model,0.9906337,-0.0040868907
Rahul's Model,1.0509826,0.021595523
Rahul's Model,1.0689576,0.028960466
Rahul's Model,1.0542514,0.022944199
Rahul's Model,1.0496677,0.02105184
Rahul's Model,1.0722264,0.030286498
Rahul's Model,1.1774758,0.07095199
Rahul's Model,1.0430955,0.018324059
Rahul's Model,1.050414,0.021360487
Rahul's Model,1.0830169,0.034635223
Rahul's Model,1.0758773,0.03176275
Rahul's Model,1.0841284,0.035080712
Rahul's Model,1.0002307,0.00010016715
Rahul's Model,1.0552723,0.023364555
Rahul's Model,1.014062,0.0060645286
Rahul's Model,1.1331998,0.054306492
Rahul's Model,1.1240706,0.050793607
Rahul's Model,1.1018018,0.04210346
Rahul's Model,1.1426148,0.057899863
Rahul's Model,1.0963526,0.03995024
Rahul's Model,0.97385216,-0.011506969
Rahul's Model,0.96956706,-0.013422147
Rahul's Model,1.0447389,0.019007761
Rahul's Model,1.0981522,0.04066252
Rahul's Model,1.0316266,0.013522524
Rahul's Model,1.1164508,0.047839586
Rahul's Model,1.0323552,0.013829146
Rahul's Model,1.033053,0.01412262
Rahul's Model,1.000257,0.00011160595
Rahul's Model,1.0757822,0.031724345
Rahul's Model,1.0043416,0.0018814526
Rahul's Model,0.97552955,-0.01075957
Rahul's Model,1.068042,0.028588347
Rahul's Model,1.049898,0.02114712
Rahul's Model,1.0113287,0.0048923306
Rahul's Model,1.075472,0.031599108
Rahul's Model,1.172172,0.068991326
Rahul's Model,0.9993683,-0.0002744262
Rahul's Model,1.1249193,0.051121365
Rahul's Model,1.0632017,0.026615648
Rahul's Model,1.1390501,0.056542836
Rahul's Model,1.0874306,0.036401547
Rahul's Model,1.0546122,0.023092775
Rahul's Model,1.1137643,0.04679329
Rahul's Model,1.0252732,0.010839607
Rahul's Model,1.0778745,0.032568213
Rahul's Model,1.187591,0.07466688
Rahul's Model,1.0961106,0.03985437
Rahul's Model,1.1121336,0.04615697
Rahul's Model,1.046336,0.01967119
Rahul's Model,1.0534635,0.022619477
Rahul's Model,0.9759214,-0.010585162
Rahul's Model,0.98840106,-0.0050667995
Rahul's Model,0.9894738,-0.0045956923
Rahul's Model,1.060259,0.025411962
Rahul's Model,1.0766661,0.032081045
Rahul's Model,1.0015879,0.0006890553
Rahul's Model,1.1332372,0.05432084
Rahul's Model,1.0348201,0.014864847
Rahul's Model,1.0823686,0.03437519
Rahul's Model,1.1217356,0.049890492
Rahul's Model,1.079526,0.033233084
Rahul's Model,0.99537337,-0.0020139832
Rahul's Model,1.1695195,0.068007484
Rahul's Model,1.0824081,0.034391023
Rahul's Model,1.0597234,0.025192514
Rahul's Model,1.0146154,0.006301457
Rahul's Model,1.0688931,0.028934263
Rahul's Model,1.0746439,0.03126456
Rahul's Model,1.0078614,0.0034008021
Rahul's Model,0.9900843,-0.0043278304
Rahul's Model,1.0091308,0.003947477
Rahul's Model,1.1507012,0.060962554
Rahul's Model,1.1008208,0.04171662
Rahul's Model,1.1762251,0.07049043
Rahul's Model,1.1312119,0.053543955
Rahul's Model,1.0671159,0.028211592
Rahul's Model,1.0474013,0.020113112
Rahul's Model,1.0888759,0.036978383
Rahul's Model,1.079189,0.033097487
Rahul's Model,0.9864626,-0.0059193787
Rahul's Model,0.957482,-0.01886939
Rahul's Model,1.1276608,0.052178465
Rahul's Model,0.9978403,-0.00093896646
Rahul's Model,1.0610129,0.02572065
Rahul's Model,1.1385434,0.05634958
Rahul's Model,1.0967776,0.040118556
Rahul's Model,1.1412443,0.05737862
Rahul's Model,1.1668698,0.06702238
Rahul's Model,1.1101365,0.045376386
Rahul's Model,1.0990753,0.041027457
Rahul's Model,1.0370088,0.015782425
Rahul's Model,1.1053303,0.043492094
Rahul's Model,1.0365684,0.0155979665
Rahul's Model,0.981928,-0.00792036
Rahul's Model,1.0424987,0.018075526
Rahul's Model,1.0562134,0.023751665
Rahul's Model,1.1096461,0.045184486
Rahul's Model,1.0581781,0.024558757
Rahul's Model,1.0347751,0.014845986
Rahul's Model,1.0174649,0.007519426
Rahul's Model,1.046743,0.01984008
Rahul's Model,1.034692,0.014811112
Rahul's Model,1.0397213,0.016916921
Rahul's Model,1.0326226,0.013941616
Rahul's Model,1.146767,0.059475195
Rahul's Model,1.0964559,0.03999118
Rahul's Model,1.1270807,0.051955003
Rahul's Model,0.97777045,-0.009763093
Rahul's Model,1.0577558,0.024385426
Rahul's Model,1.0859632,0.035815127
Rahul's Model,1.0687556,0.028878415
Rahul's Model,1.0364512,0.015548867
Rahul's Model,1.1604359,0.06462116
Rahul's Model,1.1569676,0.06332121
Rahul's Model,1.0311058,0.013303212
Rahul's Model,1.0188757,0.008121212
Rahul's Model,1.0671669,0.028232357
Rahul's Model,1.006651,0.0028789483
Rahul's Model,1.2554029,0.098783135
Rahul's Model,1.0419892,0.017863221
Rahul's Model,1.2058818,0.08130475
Rahul's Model,1.1983675,0.07859001
Rahul's Model,1.1163884,0.04781533
Rahul's Model,1.1358958,0.055338513
Rahul's Model,0.9858258,-0.00619983
Rahul's Model,1.1579999,0.063708514
Rahul's Model,1.1158581,0.04760896
Rahul's Model,1.0028523,0.0012369838
Rahul's Model,1.0780927,0.032656103
Rahul's Model,0.9847857,-0.006658277
Rahul's Model,1.0954778,0.039603587
Rahul's Model,0.9867426,-0.005796115
Rahul's Model,1.1470313,0.05957527
Rahul's Model,1.0307113,0.013137034
Rahul's Model,1.0625275,0.026340194
Rahul's Model,1.1715957,0.06877777
Rahul's Model,1.0040181,0.0017415284
Rahul's Model,1.0120252,0.005191343
Rahul's Model,1.1343588,0.05475043
Rahul's Model,1.1035974,0.04281067
Rahul's Model,1.011685,0.0050453166
Rahul's Model,1.100409,0.041554146
Rahul's Model,1.1222473,0.050088584
Rahul's Model,1.1303098,0.0531975
Rahul's Model,0.98704946,-0.005661085
Rahul's Model,0.99481106,-0.0022593958
Rahul's Model,1.0788105,0.032945145
Rahul's Model,1.0548235,0.023179805
Rahul's Model,0.9817673,-0.007991439
Rahul's Model,1.1729847,0.06929235
Rahul's Model,1.0821629,0.034292623
Rahul's Model,1.0109147,0.004714505
Rahul's Model,1.0476013,0.020196047
Rahul's Model,1.0811609,0.033890333
Rahul's Model,1.0803543,0.033566218
Rahul's Model,1.135066,0.055021126
Rahul's Model,1.060106,0.025349308
Rahul's Model,1.0193888,0.008339856
Rahul's Model,1.040395,0.017198265
Rahul's Model,1.0490439,0.02079366
Rahul's Model,1.076825,0.03214514
Rahul's Model,1.0739778,0.030995315
Rahul's Model,1.1405311,0.057107117
Rahul's Model,1.0252347,0.010823296
Rahul's Model,1.0974469,0.040383525
Rahul's Model,1.0450954,0.019155955
Rahul's Model,1.1509205,0.06104533
Rahul's Model,0.96544564,-0.015272176
Rahul's Model,1.0164403,0.007081864
Rahul's Model,1.0508211,0.021528771
Rahul's Model,1.0676953,0.028447315
Rahul's Model,0.9285923,-0.03217491
Rahul's Model,1.0676528,0.028430052
Rahul's Model,1.0754429,0.031587362
Rahul's Model,1.0799277,0.033394676
Rahul's Model,1.061379,0.025870472
Rahul's Model,1.0487952,0.0206907
Rahul's Model,1.098457,0.04078305
Rahul's Model,1.089504,0.03722883
Rahul's Model,1.0590429,0.024913566
Rahul's Model,1.0423506,0.018013842
Rahul's Model,0.9715477,-0.012535862
Rahul's Model,1.145781,0.05910163
Rahul's Model,1.0872856,0.036343653
Rahul's Model,1.0146576,0.0063195196
Rahul's Model,1.0239569,0.010281675
Rahul's Model,1.1314573,0.05363818
Rahul's Model,1.1267514,0.051828116
Rahul's Model,1.0714872,0.029986983
Rahul's Model,1.0604984,0.02551
Rahul's Model,1.1478238,0.05987523
Rahul's Model,1.0487126,0.02065649
Rahul's Model,1.0255946,0.010975722
Rahul's Model,1.0579247,0.024454776
Rahul's Model,1.0950669,0.039440654
Rahul's Model,1.10961,0.04517035
Rahul's Model,1.0303065,0.012966422
Rahul's Model,1.1310484,0.053481206
Rahul's Model,0.97687685,-0.01016018
Rahul's Model,0.9938586,-0.0026754106
Rahul's Model,0.99352443,-0.0028214485
Rahul's Model,1.0848776,0.035380747
Rahul's Model,0.9679655,-0.014140129
Rahul's Model,1.1237367,0.05066458
Rahul's Model,1.105033,0.043375265
Rahul's Model,1.0858269,0.035760585
Rahul's Model,1.0288093,0.012334885
Rahul's Model,1.0415815,0.017693263
Rahul's Model,1.0491066,0.020819617
Rahul's Model,0.98781765,-0.0053232205
Rahul's Model,1.0861576,0.03589283
Rahul's Model,1.0221276,0.009505128
Rahul's Model,0.9648038,-0.015560988
Rahul's Model,1.1189754,0.04882054
Rahul's Model,1.0040395,0.00175081
Rahul's Model,1.1913402,0.0760358
Rahul's Model,1.0627991,0.026451176
Rahul's Model,1.12617,0.05160397
Rahul's Model,1.1376635,0.05601382
Rahul's Model,1.0584462,0.024668775
Rahul's Model,1.0082755,0.0035792182
Rahul's Model,1.000969,0.0004206503
Rahul's Model,1.0225866,0.009700091
Rahul's Model,1.0532986,0.022551503
Rahul's Model,1.0252565,0.010832538
Rahul's Model,1.0297253,0.012721389
Rahul's Model,0.9464321,-0.023910532
Rahul's Model,1.0573326,0.024211638
Rahul's Model,0.9302602,-0.03139557
Rahul's Model,1.1966777,0.077977195
Rahul's Model,0.9731033,-0.0118410615
Rahul's Model,1.0532403,0.022527467
Rahul's Model,0.98770094,-0.005374533
Rahul's Model,1.0726061,0.030440258
Rahul's Model,1.1043732,0.043115865
Rahul's Model,1.1436657,0.058299087
Rahul's Model,1.0501832,0.021265058
Rahul's Model,1.1293755,0.052838344
Rahul's Model,1.1035743,0.04280157
Rahul's Model,1.1319491,0.053826887
Rahul's Model,1.1449853,0.05879992
Rahul's Model,1.117071,0.04808079
Rahul's Model,1.1182852,0.04855257
Rahul's Model,1.0450097,0.019120336
Rahul's Model,1.0870292,0.03624122
Rahul's Model,1.0870066,0.03623217
Rahul's Model,1.004504,0.0019516555
Rahul's Model,0.9860239,-0.006112557
Rahul's Model,1.0616714,0.025990108
Rahul's Model,1.1039606,0.042953588
Rahul's Model,1.0770043,0.032217443
Rahul's Model,1.0614866,0.025914516
Rahul's Model,1.1625234,0.065401696
Rahul's Model,1.0079107,0.003422068
Rahul's Model,1.0846865,0.03530424
Rahul's Model,1.0736922,0.0308798
Rahul's Model,1.0163319,0.007035562
Rahul's Model,1.1075916,0.044379666
Rahul's Model,1.2296193,0.08977066
Rahul's Model,1.2103473,0.08291
Rahul's Model,1.1307573,0.053369414
Rahul's Model,1.0684241,0.028743679
Rahul's Model,1.1327734,0.05414304
Rahul's Model,1.0935786,0.038849995
Rahul's Model,1.0844487,0.03520901
Rahul's Model,1.0999812,0.04138526
Rahul's Model,1.1016024,0.042024888
Rahul's Model,1.1345098,0.05480825
Rahul's Model,1.0825863,0.034462523
Rahul's Model,1.0685843,0.028808799
Rahul's Model,0.9891957,-0.0047177784
Rahul's Model,1.1279187,0.052277803
Rahul's Model,1.0476496,0.02021606
Rahul's Model,0.97926354,-0.009100413
Rahul's Model,1.0711206,0.02983838
Rahul's Model,1.0763777,0.03196471
Rahul's Model,1.0968112,0.040131867
Rahul's Model,1.0079759,0.003450164
Rahul's Model,1.055744,0.023558643
Rahul's Model,1.0249931,0.010720925
Rahul's Model,1.0989069,0.04096089
Rahul's Model,1.1528709,0.061780676
Rahul's Model,1.0449386,0.019090757
Rahul's Model,1.143989,0.058421835
Rahul's Model,1.0405084,0.017245587
Rahul's Model,1.0675864,0.028403042
Rahul's Model,0.9948878,-0.0022258821
Rahul's Model,1.1082658,0.044643916
Rahul's Model,1.1281507,0.052367117
Rahul's Model,1.0648435,0.0272858
Rahul's Model,1.111759,0.046010632
Rahul's Model,1.0248213,0.010648135
Rahul's Model,1.124871,0.051102728
Rahul's Model,1.0437149,0.018581875
Rahul's Model,1.1502621,0.060796816
Rahul's Model,0.9888092,-0.004887489
Rahul's Model,1.0930094,0.038623877
Rahul's Model,1.1430689,0.058072414
Rahul's Model,1.0385206,0.016415104
Rahul's Model,1.0870917,0.036266174
Rahul's Model,1.0034955,0.0015154098
Rahul's Model,1.0459701,0.019519262
Rahul's Model,1.155052,0.062601514
Rahul's Model,1.1334394,0.054398313
Rahul's Model,1.0552192,0.023342675
Rahul's Model,1.0951751,0.03948358
Rahul's Model,1.0275825,0.01181671
Rahul's Model,1.1089643,0.044917576
Rahul's Model,1.0801002,0.033464037
Rahul's Model,1.0644157,0.02711127
Rahul's Model,1.013484,0.0058168974
Rahul's Model,1.0624413,0.026304964
Rahul's Model,1.0307873,0.01316908
Rahul's Model,1.0544753,0.023036415
Rahul's Model,1.0002046,8.8831555e-05
Rahul's Model,1.0738956,0.030962052
Rahul's Model,1.0931962,0.038698096
Rahul's Model,1.0986243,0.04084922
Rahul's Model,1.089915,0.037392646
Rahul's Model,0.9284663,-0.032233845
Rahul's Model,1.13496,0.054980576
Rahul's Model,1.1739419,0.06964658
Rahul's Model,1.1105912,0.045554217
Rahul's Model,1.00616,0.0026670569
Rahul's Model,1.1378244,0.05607525
Rahul's Model,1.0189542,0.008154646
Rahul's Model,1.146918,0.05953239
Rahul's Model,0.97023475,-0.013123174
Rahul's Model,1.0807834,0.033738654
Rahul's Model,1.0904698,0.037613656
Rahul's Model,1.0709522,0.029770078
Rahul's Model,1.1434766,0.058227282
Rahul's Model,1.095197,0.03949223
Rahul's Model,1.0469174,0.019912435
Rahul's Model,1.1162354,0.04775578
Rahul's Model,1.0150031,0.0064673624
Rahul's Model,1.1240076,0.05076924
Rahul's Model,1.0670321,0.028177485
Rahul's Model,0.9430598,-0.025460767
Rahul's Model,1.1053596,0.043503568
Rahul's Model,1.0919756,0.03821292
Rahul's Model,1.1746126,0.06989467
Rahul's Model,1.0286396,0.012263221
Rahul's Model,1.0844307,0.035201803
Rahul's Model,1.1014739,0.04197422
Rahul's Model,1.0254875,0.010930389
Rahul's Model,1.036177,0.015433964
Rahul's Model,1.1419417,0.05764392
Rahul's Model,0.9942758,-0.0024931272
Rahul's Model,1.0569683,0.024061976
Rahul's Model,1.1487459,0.06022397
Rahul's Model,0.9936054,-0.0027860678
Rahul's Model,1.0757221,0.03170009
Rahul's Model,1.1396742,0.05678071
Rahul's Model,1.0443307,0.018838052
Rahul's Model,1.0241948,0.010382582
Rahul's Model,0.9986495,-0.0005869207
Rahul's Model,1.0900749,0.037456337
Rahul's Model,1.2118869,0.08346208
Rahul's Model,1.0866264,0.036080256
Rahul's Model,1.0397868,0.016944306
Rahul's Model,1.1010633,0.041812267
Rahul's Model,1.0709361,0.029763551
Rahul's Model,1.116412,0.047824513
Rahul's Model,1.1098582,0.045267478
Rahul's Model,1.104161,0.04303241
Rahul's Model,1.0320117,0.013684641
Rahul's Model,0.9569026,-0.019132255
Rahul's Model,1.0317141,0.013559358
Rahul's Model,1.0664743,0.027950402
Rahul's Model,0.99928033,-0.00031265971
Rahul's Model,0.99214816,-0.0034234682
Rahul's Model,1.0951498,0.03947351
Rahul's Model,1.0578282,0.024415135
Rahul's Model,1.0088519,0.00382741
Rahul's Model,0.9828845,-0.007497502
Rahul's Model,1.0899352,0.03740067
Rahul's Model,0.996992,-0.00130833
Rahul's Model,1.0375937,0.016027335
Rahul's Model,1.0544833,0.023039704
Rahul's Model,1.0817156,0.034113087
Rahul's Model,1.0145786,0.0062856893
Rahul's Model,1.1029832,0.04256891
Rahul's Model,1.0764867,0.03200867
Rahul's Model,0.935678,-0.02887358
Rahul's Model,1.124713,0.051041692
Rahul's Model,0.9540324,-0.020436866
Rahul's Model,1.0983359,0.040735163
Rahul's Model,0.9901755,-0.00428783
Rahul's Model,1.0529109,0.022391632
Rahul's Model,1.0046356,0.0020085517
Rahul's Model,1.1364541,0.0555519
Rahul's Model,1.0155892,0.00671809
Rahul's Model,0.99878156,-0.0005294836
Rahul's Model,1.0883055,0.036750812
Rahul's Model,1.0042768,0.0018534096
Rahul's Model,1.1769204,0.07074709
Rahul's Model,1.1760907,0.07044082
Rahul's Model,1.0381728,0.016269663
Rahul's Model,1.1968174,0.0780279
Rahul's Model,1.0274785,0.011772725
Rahul's Model,1.0836107,0.034873266
Rahul's Model,1.1025385,0.04239375
Rahul's Model,1.0670888,0.028200578
Rahul's Model,1.0505447,0.021414552
Rahul's Model,1.0506928,0.021475755
Rahul's Model,1.1020943,0.042218752
Rahul's Model,1.0676169,0.028415456
Rahul's Model,1.160726,0.06472969
Rahul's Model,1.0052053,0.0022547583
Rahul's Model,1.1239647,0.05075266
Rahul's Model,1.0872335,0.036322843
Rahul's Model,0.9622098,-0.016730215
Rahul's Model,1.0629107,0.02649677
Rahul's Model,1.0366379,0.015627084
Rahul's Model,1.1345495,0.054823447
Rahul's Model,1.1266878,0.051803578
Rahul's Model,1.0974299,0.04037678
Rahul's Model,1.0948352,0.039348736
Rahul's Model,1.1107361,0.0456109
Rahul's Model,1.0213977,0.00919488
Rahul's Model,1.1236475,0.05063007
Rahul's Model,1.139267,0.056625504
Rahul's Model,1.0163704,0.007052015
Rahul's Model,1.0482689,0.020472707
Rahul's Model,1.1436062,0.058276497
Rahul's Model,1.087945,0.036606934
Rahul's Model,1.0269014,0.01152873
Rahul's Model,1.1158886,0.04762084
Rahul's Model,1.0654956,0.027551666
Rahul's Model,1.0884085,0.036791913
Rahul's Model,1.164172,0.06601717
Rahul's Model,1.0791295,0.03307355
Rahul's Model,1.1006627,0.04165425
Rahul's Model,1.0320096,0.013683738
Rahul's Model,1.0021012,0.0009115748
Rahul's Model,1.1318547,0.053790662
Rahul's Model,1.0647999,0.027268004
Rahul's Model,1.0376713,0.016059816
Rahul's Model,1.0528026,0.022346934
Rahul's Model,1.064932,0.027321873
Rahul's Model,1.037697,0.016070543
Rahul's Model,1.11839,0.04859326
Rahul's Model,1.0488242,0.020702695
Rahul's Model,1.0470338,0.019960696
Rahul's Model,1.2044268,0.0807804
Rahul's Model,1.1886035,0.07503701
Rahul's Model,1.1081326,0.044591732
Rahul's Model,1.0480673,0.020389184
Rahul's Model,1.064881,0.027301066
Rahul's Model,1.089401,0.037187774
Rahul's Model,1.0455431,0.019341929
Rahul's Model,1.1658001,0.06662408
Rahul's Model,1.0602132,0.02539321
Rahul's Model,1.017459,0.0075169327
Rahul's Model,1.0650215,0.027358381
Rahul's Model,1.0471339,0.02000223
Rahul's Model,1.0419259,0.017836837
Rahul's Model,1.0215186,0.009246274
Rahul's Model,1.058658,0.024755685
Rahul's Model,1.0150493,0.0064871525
Rahul's Model,1.0749568,0.031391002
Rahul's Model,1.0811187,0.03387338
Rahul's Model,1.0949701,0.03940226
Rahul's Model,1.1284925,0.05249867
Rahul's Model,1.0480812,0.020394914
Rahul's Model,1.0575786,0.02431264
Rahul's Model,0.98279893,-0.0075353235
Rahul's Model,1.1236664,0.050637398
Rahul's Model,1.0213732,0.009184438
Rahul's Model,1.1332313,0.054318555
Rahul's Model,1.0452565,0.019222874
Rahul's Model,1.0221919,0.009532427
Rahul's Model,1.1455519,0.05901478
Rahul's Model,1.110822,0.04564446
Rahul's Model,1.0516025,0.021851603
Rahul's Model,1.0562544,0.023768526
Rahul's Model,1.0614333,0.025892714
Rahul's Model,1.0987115,0.040883668
Rahul's Model,1.082713,0.034513354
Rahul's Model,1.0609896,0.025711134
Rahul's Model,0.9877776,-0.005340831
Rahul's Model,1.0405722,0.017272204
Rahul's Model,1.1556146,0.06281303
Rahul's Model,1.0605884,0.025546856
Rahul's Model,1.0708933,0.029746197
Rahul's Model,1.0182147,0.007839364
Rahul's Model,1.0930799,0.038651917
Rahul's Model,0.9908068,-0.0040110135
Rahul's Model,0.9910213,-0.0039170217
Rahul's Model,1.1070102,0.04415164
Rahul's Model,1.076182,0.03188573
Rahul's Model,1.0668654,0.02810965
Rahul's Model,1.0664918,0.027957538
Rahul's Model,1.0489045,0.020735964
Rahul's Model,1.0859238,0.035799347
Rahul's Model,1.0159222,0.0068604457
Rahul's Model,1.0545864,0.02308217
Rahul's Model,1.0682874,0.028688096
Rahul's Model,1.0184985,0.007960411
Rahul's Model,1.1281205,0.052355506
Rahul's Model,1.0002699,0.00011719585
Rahul's Model,1.0035515,0.0015396571
Rahul's Model,1.1441512,0.058483426
Rahul's Model,1.1070181,0.044154726
Rahul's Model,1.0787659,0.032927196
Rahul's Model,1.0815436,0.034044016
Rahul's Model,1.0855498,0.035649765
Rahul's Model,1.0759741,0.03180182
Rahul's Model,1.1543815,0.062349364
Rahul's Model,1.1470388,0.059578117
Rahul's Model,1.1107489,0.045615885
Rahul's Model,1.0718404,0.030130126
Rahul's Model,1.039551,0.01684581
Rahul's Model,1.1138192,0.046814717
Rahul's Model,0.97388196,-0.011493679
Rahul's Model,1.1309959,0.05346102
Rahul's Model,1.0971673,0.040272836
Rahul's Model,1.1970583,0.07811531
Rahul's Model,1.1322536,0.053943727
Rahul's Model,1.0502177,0.021279354
Rahul's Model,1.0822517,0.034328263
Rahul's Model,1.0426524,0.018139534
Rahul's Model,1.1958312,0.077669874
Rahul's Model,1.0873433,0.036366697
Rahul's Model,1.0408154,0.01737369
Rahul's Model,1.047565,0.020180972
Rahul's Model,1.0458891,0.019485652
Rahul's Model,1.0114924,0.004962612
Rahul's Model,1.0001708,7.418285e-05
Rahul's Model,1.0913254,0.037954263
Rahul's Model,1.1735563,0.06950394
Rahul's Model,1.0369346,0.015751371
Rahul's Model,1.0248605,0.0106647555
Rahul's Model,1.0576386,0.02433731
Rahul's Model,1.0529165,0.022393942
Rahul's Model,1.0306017,0.013090871
Rahul's Model,0.93991053,-0.026913485
Rahul's Model,1.0405982,0.01728305
Rahul's Model,1.1484859,0.060125668
Rahul's Model,1.097023,0.040215738
Rahul's Model,1.0455924,0.01936243
Rahul's Model,1.087593,0.036466386
Rahul's Model,1.0829529,0.034609552
Rahul's Model,1.2074282,0.08186132
Rahul's Model,1.0640827,0.026975399
Rahul's Model,1.0886228,0.03687743
Rahul's Model,1.1064163,0.043918584
Rahul's Model,1.0442044,0.018785499
Rahul's Model,1.0221549,0.009516726
Rahul's Model,1.0675179,0.028375156
Rahul's Model,1.0036392,0.0015776247
Rahul's Model,1.0058581,0.002536702
Rahul's Model,1.0695537,0.029202608
Rahul's Model,1.0759673,0.031799078
Rahul's Model,1.0943938,0.039173644
Rahul's Model,0.99400854,-0.002609884
Rahul's Model,1.0798463,0.03336193
Rahul's Model,1.09385,0.03895778
Rahul's Model,1.2091757,0.082489416
Rahul's Model,1.0146722,0.0063257446
Rahul's Model,1.0946165,0.039262004
Rahul's Model,1.0689384,0.028952667
Rahul's Model,1.0153044,0.006596288
Rahul's Model,1.0475622,0.020179836
Rahul's Model,1.0789168,0.032987952
Rahul's Model,0.96518445,-0.015389684
Rahul's Model,1.1289823,0.052687135
Rahul's Model,1.0923734,0.038371105
Rahul's Model,0.86193603,-0.06452496
Rahul's Model,1.0885433,0.036845706
Rahul's Model,1.0726106,0.03044209
Rahul's Model,1.1295464,0.052904077
Rahul's Model,1.1059046,0.043717656
Rahul's Model,1.0226415,0.00972343
Rahul's Model,1.0536149,0.022681884
Rahul's Model,1.0377314,0.016084962
Rahul's Model,0.95807457,-0.018600687
Rahul's Model,1.0324739,0.0138790915
Rahul's Model,1.0922565,0.038324658
Rahul's Model,1.1476527,0.0598105
Rahul's Model,1.0645065,0.02714833
Rahul's Model,1.125517,0.05135206
Rahul's Model,1.1238384,0.050703876
Rahul's Model,1.0516675,0.021878432
Rahul's Model,0.96732724,-0.014426583
Rahul's Model,1.0546393,0.023103967
Rahul's Model,1.0961359,0.039864384
Rahul's Model,1.0602572,0.02541123
Rahul's Model,1.0171309,0.0073768278
Rahul's Model,1.0791109,0.033066064
Rahul's Model,1.080065,0.0334499
Rahul's Model,1.0697372,0.029277097
Rahul's Model,1.11898,0.048822343
Rahul's Model,1.019461,0.008370631
Rahul's Model,1.0500364,0.021204367
Rahul's Model,1.0786456,0.03287877
Rahul's Model,1.1089835,0.04492509
Rahul's Model,1.1085299,0.044747423
Rahul's Model,1.0088209,0.0038140672
Rahul's Model,1.1399897,0.05690094
Rahul's Model,1.089271,0.03713592
Rahul's Model,1.0448489,0.019053498
Rahul's Model,0.97010314,-0.013182088
Rahul's Model,1.1102941,0.045438033
Rahul's Model,0.9754871,-0.010778463
Rahul's Model,1.0173281,0.007461059
Rahul's Model,1.020248,0.008705775
Rahul's Model,0.9428623,-0.025551742
Rahul's Model,1.1067779,0.04406048
Rahul's Model,1.0423424,0.018010415
Rahul's Model,0.9671937,-0.014486531
Rahul's Model,1.0494452,0.020959746
Rahul's Model,1.0586511,0.02475285
Rahul's Model,1.0612779,0.025829107
Rahul's Model,1.1078328,0.044474214
Rahul's Model,1.0110608,0.004777287
Rahul's Model,1.0270413,0.011587915
Rahul's Model,1.1498019,0.060623005
Rahul's Model,1.0023164,0.0010048172
Rahul's Model,1.045688,0.019402139
Rahul's Model,1.0093318,0.004033966
Rahul's Model,0.97789764,-0.009706601
Rahul's Model,1.1220841,0.050025426
Rahul's Model,1.0465091,0.019743029
Rahul's Model,1.0633324,0.026669063
Rahul's Model,1.0729309,0.030571766
Rahul's Model,0.9653591,-0.015311109
Rahul's Model,0.98555374,-0.006319689
Rahul's Model,1.0993985,0.041155137
Rahul's Model,1.0489628,0.0207601
Rahul's Model,1.0585003,0.024690982
Rahul's Model,1.1511531,0.061133083
Rahul's Model,1.027197,0.011653744
Rahul's Model,1.0322055,0.013766153
Rahul's Model,1.1044453,0.043144226
Rahul's Model,1.099561,0.041219316
Rahul's Model,0.98797,-0.005256245
Rahul's Model,1.0712905,0.02990725
Rahul's Model,1.078076,0.03264938
Rahul's Model,1.2058934,0.081308916
Rahul's Model,1.0415521,0.017680986
Rahul's Model,1.0443388,0.018841423
Rahul's Model,0.9537512,-0.020564899
Rahul's Model,1.0613557,0.025860962
Rahul's Model,1.0377729,0.016102323
Rahul's Model,1.0298994,0.012794788
Rahul's Model,1.0564684,0.023856498
Rahul's Model,1.0670859,0.028199365
Rahul's Model,1.0798024,0.033344287
Rahul's Model,1.0948286,0.039346136
Rahul's Model,1.032948,0.014078466
Rahul's Model,1.1231649,0.05044352
Rahul's Model,0.9699483,-0.013251417
Rahul's Model,0.9846686,-0.0067099053
Rahul's Model,0.97812283,-0.009606604
Rahul's Model,1.0742558,0.031107716
Rahul's Model,1.0917332,0.038116526
Rahul's Model,1.0928552,0.03856263
Rahul's Model,1.1330211,0.054238003
Rahul's Model,1.0452094,0.01920331
Rahul's Model,1.0937872,0.038932834
Rahul's Model,1.1002768,0.041501965
Rahul's Model,1.0245627,0.010538548
Rahul's Model,1.096179,0.039881483
Rahul's Model,0.9860059,-0.0061204853
Rahul's Model,1.1128346,0.04643061
Rahul's Model,1.0795419,0.033239514
Rahul's Model,1.045829,0.019460704
Rahul's Model,1.1891801,0.075247645
Rahul's Model,1.1385261,0.056342985
Rahul's Model,1.0706103,0.029631412
Rahul's Model,1.1062608,0.043857515
Rahul's Model,1.0621475,0.02618483
Rahul's Model,1.0669234,0.028133232
Rahul's Model,1.1170785,0.04808371
Rahul's Model,1.0758501,0.031751778
Rahul's Model,1.0105252,0.0045471597
Rahul's Model,1.0993593,0.041139644
Rahul's Model,1.0570524,0.024096506
Rahul's Model,1.1158015,0.04758692
Rahul's Model,1.0361117,0.015406583
Rahul's Model,1.137693,0.056025103
Rahul's Model,0.9832003,-0.007357992
Rahul's Model,1.0683599,0.028717559
Rahul's Model,1.0547447,0.02314736
Rahul's Model,1.1162819,0.04777387
Rahul's Model,1.0566325,0.023923973
Rahul's Model,1.0019721,0.0008556197
Rahul's Model,1.08154,0.034042582
Rahul's Model,1.0137181,0.005917213
Rahul's Model,1.1073354,0.044279203
Rahul's Model,1.0204002,0.008770521
Rahul's Model,1.035809,0.015279697
Rahul's Model,1.0634631,0.026722422
Rahul's Model,1.1194664,0.049011074
Rahul's Model,1.1160167,0.04767071
Rahul's Model,0.98484075,-0.0066339895
Rahul's Model,1.1198915,0.04917596
Rahul's Model,1.0263985,0.011316026
Rahul's Model,0.9486753,-0.022882419
Rahul's Model,1.1470215,0.05957157
Rahul's Model,1.1451305,0.05885499
Rahul's Model,1.0603474,0.025448192
Rahul's Model,0.97676265,-0.010210955
Rahul's Model,1.0642416,0.02704025
Rahul's Model,1.1049074,0.04332588
Rahul's Model,1.1228938,0.05033869
Rahul's Model,1.0639274,0.026911998
Rahul's Model,1.1127455,0.046395857
Rahul's Model,1.0454938,0.019321479
Rahul's Model,1.0701263,0.029435035
Rahul's Model,1.0551848,0.023328543
Rahul's Model,1.0819882,0.034222532
Rahul's Model,1.1107633,0.045621525
Rahul's Model,1.0569766,0.024065355
Rahul's Model,1.1818515,0.07256291
Rahul's Model,1.1471142,0.05960664
Rahul's Model,1.0872171,0.036316272
Rahul's Model,1.1071298,0.044198547
Rahul's Model,1.0315312,0.013482374
Rahul's Model,1.0500989,0.021230202
Rahul's Model,1.0959816,0.039803263
Rahul's Model,1.1925733,0.07648508
Rahul's Model,1.0523359,0.022154368
Rahul's Model,1.1039412,0.042945944
Rahul's Model,1.0919715,0.03821131
Rahul's Model,1.0843213,0.035157975
Rahul's Model,0.98740256,-0.005505752
Rahul's Model,1.0378972,0.016154353
Rahul's Model,0.99064016,-0.0040840684
Rahul's Model,1.0913733,0.037973333
Rahul's Model,1.1183611,0.04858206
Rahul's Model,1.0519443,0.021992726
Rahul's Model,1.0701051,0.029426424
Rahul's Model,1.0445682,0.018936792
Rahul's Model,1.0305066,0.0130507825
Rahul's Model,1.068665,0.028841598
Rahul's Model,1.0421472,0.01792905
Rahul's Model,1.1439904,0.05842238
Rahul's Model,1.1974655,0.07826302
Rahul's Model,1.0578628,0.024429329
Rahul's Model,1.083317,0.034755576
Rahul's Model,0.9674876,-0.014354604
Rahul's Model,0.9491817,-0.022650655
Rahul's Model,1.0604305,0.02548222
Rahul's Model,1.1248484,0.05109398
Rahul's Model,1.0226648,0.009733302
Rahul's Model,1.1589931,0.06408086
Rahul's Model,1.1020354,0.042195547
Rahul's Model,1.1092548,0.04503133
Rahul's Model,0.9435121,-0.025252534
Rahul's Model,1.110937,0.04568943
Rahul's Model,1.0365139,0.015575141
Rahul's Model,1.0351864,0.015018562
Rahul's Model,1.1355381,0.05520171
Rahul's Model,1.0322307,0.013776786
Rahul's Model,1.1623607,0.06534091
Rahul's Model,1.1250759,0.051181834
Rahul's Model,1.04992,0.021156194
Rahul's Model,1.1179476,0.04842144
Rahul's Model,1.0311486,0.013321237
Rahul's Model,1.1375865,0.05598442
Rahul's Model,1.0735844,0.030836208
Rahul's Model,1.0165017,0.007108094
Rahul's Model,1.1223766,0.05013859
Rahul's Model,1.110143,0.045378905
Rahul's Model,1.1548657,0.0625315
Rahul's Model,1.0322032,0.0137652
Rahul's Model,1.0644313,0.02711764
Rahul's Model,1.0122741,0.005298145
Rahul's Model,1.0722307,0.030288236
Rahul's Model,1.1945711,0.07721202
Rahul's Model,1.202648,0.08013855
Rahul's Model,1.0856732,0.03569912
Rahul's Model,1.0783328,0.03275281
Rahul's Model,1.1000307,0.04140479
Rahul's Model,1.0771145,0.032261856
Rahul's Model,1.0376877,0.016066652
Rahul's Model,1.1065525,0.043972015
Rahul's Model,1.065931,0.027729077
Rahul's Model,1.1203383,0.049349193
Rahul's Model,1.1344594,0.054788947
Rahul's Model,1.0717473,0.0300924
Rahul's Model,1.2060493,0.08136507
Rahul's Model,1.1333055,0.054347016
Rahul's Model,1.0624346,0.026302187
Rahul's Model,1.1101937,0.04539877
Rahul's Model,1.07922,0.033110008
Rahul's Model,1.1296319,0.052936938
Rahul's Model,1.1682267,0.06752714
Rahul's Model,1.1233575,0.050518002
Rahul's Model,1.0696212,0.029230004
Rahul's Model,1.0003214,0.00013955472
Rahul's Model,1.0108694,0.0046950434
Rahul's Model,1.1393231,0.05664691
Rahul's Model,0.9832195,-0.007349515
Rahul's Model,1.0639384,0.026916476
Rahul's Model,1.0830963,0.03466706
Rahul's Model,1.0889999,0.03702783
Rahul's Model,1.1259295,0.051511187
Rahul's Model,1.0210971,0.009067028
Rahul's Model,1.1230974,0.05041743
Rahul's Model,1.0754331,0.031583413
Rahul's Model,1.1077541,0.04444337
Rahul's Model,1.0901287,0.037477758
Rahul's Model,1.0584847,0.024684574
Rahul's Model,0.9925724,-0.0032377935
Rahul's Model,1.1981343,0.0785055
Rahul's Model,1.0993927,0.04115283
Rahul's Model,1.0565833,0.023903737
Rahul's Model,1.0206738,0.008886946
Rahul's Model,1.042974,0.01827348
Rahul's Model,1.0707605,0.029692337
Rahul's Model,1.1026459,0.042436056
Rahul's Model,1.1524308,0.061614845
Rahul's Model,1.0488575,0.020716468
Rahul's Model,0.9695326,-0.013437579
Rahul's Model,1.0576775,0.02435327
Rahul's Model,1.0542123,0.022928093
Rahul's Model,1.0919464,0.038201306
Rahul's Model,1.0019708,0.0008550514
Rahul's Model,1.161475,0.06500985
Rahul's Model,0.9913974,-0.0037522328
Rahul's Model,1.1417701,0.057578675
Rahul's Model,1.045062,0.019142034
Rahul's Model,1.0484427,0.02054471
Rahul's Model,1.0755156,0.031616725
Rahul's Model,1.0185843,0.007996957
Rahul's Model,1.0240062,0.010302606
Rahul's Model,1.1560795,0.062987715
Rahul's Model,1.1409295,0.057258796
Rahul's Model,1.125868,0.05148746
Rahul's Model,1.1096107,0.045170628
Rahul's Model,1.0508713,0.021549512
Rahul's Model,1.1406503,0.05715251
Rahul's Model,0.9584689,-0.018421968
Rahul's Model,1.0889208,0.036996305
Rahul's Model,1.0679525,0.028551942
Rahul's Model,1.0838377,0.03496427
Rahul's Model,1.0078287,0.003386727
Rahul's Model,1.1202497,0.049314857
Rahul's Model,1.0758799,0.031763807
Rahul's Model,1.0063773,0.0027608492
Rahul's Model,1.0692728,0.0290885
Rahul's Model,1.0337187,0.014402375
Rahul's Model,1.1037639,0.042876203
Rahul's Model,1.0971082,0.040249478
Rahul's Model,1.0694375,0.02915541
Rahul's Model,0.94814944,-0.023123207
Rahul's Model,1.0154226,0.0066468176
Rahul's Model,0.9655075,-0.015244345
Rahul's Model,1.066985,0.028158318
Rahul's Model,1.0653607,0.027496658
Rahul's Model,1.0100211,0.0043304423
Rahul's Model,1.0986357,0.040853698
Rahul's Model,1.0222702,0.009565702
Rahul's Model,1.0624614,0.02631315
Rahul's Model,1.1028327,0.042509627
Rahul's Model,1.0896554,0.037289176
Rahul's Model,1.0257667,0.011048609
Rahul's Model,1.1278291,0.052243285
Rahul's Model,1.0024847,0.0010777441
Rahul's Model,1.1033307,0.042705715
Rahul's Model,1.1215374,0.049813777
Rahul's Model,1.0932777,0.038730487
Rahul's Model,1.034343,0.014664581
Rahul's Model,1.0706673,0.029654525
Rahul's Model,1.1407187,0.05717856
Rahul's Model,0.96876764,-0.013780375
Rahul's Model,1.027395,0.011737452
Rahul's Model,0.983986,-0.007011072
Rahul's Model,1.1577758,0.06362445
Rahul's Model,1.0636351,0.026792666
Rahul's Model,1.0080959,0.0035018313
Rahul's Model,1.0865953,0.03606782
Rahul's Model,1.1126764,0.04636887
Rahul's Model,1.2118565,0.08345119
Rahul's Model,1.0848249,0.035359655
Rahul's Model,1.1069975,0.044146635
Rahul's Model,1.0712111,0.029875064
Rahul's Model,1.0130618,0.0056359232
Rahul's Model,1.0148311,0.0063937535
Rahul's Model,0.9989753,-0.00044525973
Rahul's Model,0.990021,-0.0043555973
Rahul's Model,0.932201,-0.030490423
Rahul's Model,0.96200764,-0.016821478
Rahul's Model,0.93730867,-0.028117366
Rahul's Model,0.96980333,-0.013316328
Rahul's Model,0.9633152,-0.016231593
Rahul's Model,0.9111523,-0.04040902
Rahul's Model,0.94940287,-0.02254946
Rahul's Model,0.95824677,-0.018522637
Rahul's Model,0.9536108,-0.020628849
Rahul's Model,0.94866115,-0.022888886
Rahul's Model,0.96143246,-0.01708122
Rahul's Model,0.9776614,-0.009811544
Rahul's Model,0.9478258,-0.023271479
Rahul's Model,0.9636621,-0.016075227
Rahul's Model,0.98516047,-0.0064930227
Rahul's Model,0.98626417,-0.006006744
Rahul's Model,0.9472891,-0.023517456
Rahul's Model,0.9600538,-0.01770443
Rahul's Model,0.93055654,-0.031257235
Rahul's Model,0.9639861,-0.01592923
Rahul's Model,0.9226806,-0.034948602
Rahul's Model,0.9494961,-0.02250682
Rahul's Model,0.98922175,-0.0047063427
Rahul's Model,0.9873564,-0.0055260435
Rahul's Model,0.989182,-0.004723797
Rahul's Model,0.9660802,-0.014986824
Rahul's Model,0.96996343,-0.013244639
Rahul's Model,0.942739,-0.025608521
Rahul's Model,0.95094836,-0.021843066
Rahul's Model,0.95397234,-0.020464217
Rahul's Model,0.93515766,-0.029115167
Rahul's Model,0.9669493,-0.014596304
Rahul's Model,0.9707972,-0.012871494
Rahul's Model,0.9749718,-0.011007958
Rahul's Model,0.9662762,-0.014898704
Rahul's Model,0.9707109,-0.012910105
Rahul's Model,0.97875726,-0.009325002
Rahul's Model,0.96021414,-0.017631903
Rahul's Model,0.97018117,-0.01314716
Rahul's Model,0.96311235,-0.016323047
Rahul's Model,0.959776,-0.01783012
Rahul's Model,0.9262744,-0.03326033
Rahul's Model,0.97118497,-0.012698048
Rahul's Model,0.9444038,-0.024842262
Rahul's Model,0.9695995,-0.013407623
Rahul's Model,0.9367162,-0.028391968
Rahul's Model,1.0103161,0.0044572884
Rahul's Model,0.9625865,-0.016560223
Rahul's Model,0.9582231,-0.018533362
Rahul's Model,0.9562714,-0.019418828
Rahul's Model,0.9535335,-0.020664059
Rahul's Model,0.9403378,-0.026716117
Rahul's Model,0.9683733,-0.013957194
Rahul's Model,0.930009,-0.031512845
Rahul's Model,0.9770906,-0.010065166
Rahul's Model,0.9365702,-0.028459651
Rahul's Model,0.93210316,-0.03053602
Rahul's Model,0.9731033,-0.0118410615
Rahul's Model,0.9386624,-0.027490573
Rahul's Model,0.97537947,-0.010826391
Rahul's Model,0.93065166,-0.031212842
Rahul's Model,0.9556924,-0.019681863
Rahul's Model,0.9598954,-0.017776102
Rahul's Model,0.9576989,-0.018771019
Rahul's Model,0.9495567,-0.022479095
Rahul's Model,0.97353864,-0.011646808
Rahul's Model,0.95244694,-0.02115921
Rahul's Model,0.9632876,-0.016244033
Rahul's Model,0.97265387,-0.012041682
Rahul's Model,0.9444705,-0.024811592
Rahul's Model,0.97240824,-0.012151372
Rahul's Model,0.91781306,-0.037245765
Rahul's Model,0.96591353,-0.015061748
Rahul's Model,0.97364765,-0.011598178
Rahul's Model,0.9482564,-0.02307423
Rahul's Model,0.9492464,-0.022621037
Rahul's Model,0.9352565,-0.029069273
Rahul's Model,0.9740827,-0.011404166
Rahul's Model,0.9529396,-0.020934612
Rahul's Model,0.9423783,-0.02577473
Rahul's Model,0.95825624,-0.018518342
Rahul's Model,0.97308135,-0.011850851
Rahul's Model,0.9637883,-0.016018363
Rahul's Model,0.99023783,-0.0042604855
Rahul's Model,0.9441346,-0.024966089
Rahul's Model,0.9731569,-0.011817121
Rahul's Model,0.9722779,-0.012209595
Rahul's Model,0.9733964,-0.011710255
Rahul's Model,0.98446673,-0.0067989556
Rahul's Model,0.94221455,-0.025850194
Rahul's Model,0.9883182,-0.005103205
Rahul's Model,0.96631247,-0.014882416
Rahul's Model,0.909721,-0.041091774
Rahul's Model,0.9783086,-0.009524121
Rahul's Model,0.95174134,-0.021481067
Rahul's Model,0.95076734,-0.021925746
Rahul's Model,0.95791745,-0.018671915
Rahul's Model,0.95176286,-0.021471249
Rahul's Model,0.95597017,-0.01955566
Rahul's Model,0.949692,-0.022417216
Rahul's Model,0.9875504,-0.0054407404
Rahul's Model,0.94124013,-0.026299564
Rahul's Model,0.97339845,-0.011709351
Rahul's Model,0.975186,-0.010912547
Rahul's Model,0.97760975,-0.009834474
Rahul's Model,0.96030056,-0.017592816
Rahul's Model,0.96079284,-0.017370243
Rahul's Model,0.9543422,-0.020295877
Rahul's Model,0.94312334,-0.025431506
Rahul's Model,0.95934236,-0.018026378
Rahul's Model,0.9763194,-0.010408093
Rahul's Model,0.9388014,-0.027426267
Rahul's Model,0.95775545,-0.01874537
Rahul's Model,0.9748554,-0.011059788
Rahul's Model,0.9430176,-0.025480201
Rahul's Model,0.96392477,-0.015956862
Rahul's Model,0.9517052,-0.02149755
Rahul's Model,0.9110853,-0.040440958
Rahul's Model,0.92442787,-0.03412697
Rahul's Model,0.97099197,-0.012784362
Rahul's Model,0.9678706,-0.014182705
Rahul's Model,0.9546175,-0.020170609
Rahul's Model,0.97267586,-0.0120318625
Rahul's Model,0.92596567,-0.033405118
Rahul's Model,0.95038855,-0.022098804
Rahul's Model,0.95195925,-0.02138164
Rahul's Model,0.9633809,-0.01620198
Rahul's Model,0.96623415,-0.014917619
Rahul's Model,0.92696655,-0.03293594
Rahul's Model,0.9562608,-0.019423647
Rahul's Model,0.9859569,-0.0061420663
Rahul's Model,0.9579139,-0.018673535
Rahul's Model,0.9982959,-0.0007407111
Rahul's Model,0.9784316,-0.009469537
Rahul's Model,0.9536122,-0.020628197
Rahul's Model,0.9132335,-0.039418157
Rahul's Model,0.94817436,-0.023111794
Rahul's Model,0.9590678,-0.01815068
Rahul's Model,0.97133076,-0.012632857
Rahul's Model,0.96947616,-0.013462865
Rahul's Model,0.9280535,-0.032426987
Rahul's Model,0.9392574,-0.027215382
Rahul's Model,0.9311912,-0.030961134
Rahul's Model,0.95771354,-0.018764371
Rahul's Model,0.9597409,-0.017846007
Rahul's Model,0.9352866,-0.029055296
Rahul's Model,0.982152,-0.007821301
Rahul's Model,0.9853356,-0.006415831
Rahul's Model,0.96397716,-0.015933257
Rahul's Model,0.9686343,-0.013840153
Rahul's Model,0.98679614,-0.0057725576
Rahul's Model,0.9502014,-0.022184338
Rahul's Model,0.9935465,-0.0028118084
Rahul's Model,0.96565884,-0.015176278
Rahul's Model,1.006378,0.002761158
Rahul's Model,0.96557987,-0.015211798
Rahul's Model,0.95320374,-0.020814264
Rahul's Model,0.9704857,-0.013010865
Rahul's Model,0.97199345,-0.012336663
Rahul's Model,0.98086536,-0.008390603
Rahul's Model,0.99225247,-0.0033778118
Rahul's Model,0.9807271,-0.008451834
Rahul's Model,0.95868725,-0.01832305
Rahul's Model,0.94084716,-0.026480922
Rahul's Model,0.97278607,-0.011982657
Rahul's Model,0.93373,-0.029778685
Rahul's Model,0.90376556,-0.043944214
Rahul's Model,0.9731469,-0.011821589
Rahul's Model,0.98327374,-0.007325557
Rahul's Model,0.9747508,-0.011106392
Rahul's Model,0.9483002,-0.023054166
Rahul's Model,0.93824923,-0.027681783
Rahul's Model,0.9708736,-0.01283731
Rahul's Model,0.96344554,-0.016172828
Rahul's Model,0.9728879,-0.011937209
Rahul's Model,0.9234574,-0.03458314
Rahul's Model,0.9556157,-0.019716725
Rahul's Model,1.0228627,0.00981733
Rahul's Model,0.9679705,-0.014137883
Rahul's Model,0.95549756,-0.019770415
Rahul's Model,0.9481373,-0.023128776
Rahul's Model,0.9483435,-0.023034321
Rahul's Model,0.9642744,-0.01579936
Rahul's Model,0.9406175,-0.026586944
Rahul's Model,0.98393476,-0.0070336964
Rahul's Model,0.9847992,-0.00665231
Rahul's Model,0.98865974,-0.004953151
Rahul's Model,0.9552064,-0.019902779
Rahul's Model,0.97969157,-0.008910631
Rahul's Model,0.96755975,-0.0143222045
Rahul's Model,0.92932856,-0.031830717
Rahul's Model,0.95384413,-0.020522589
Rahul's Model,0.9812238,-0.008231916
Rahul's Model,0.9594611,-0.017972631
Rahul's Model,0.9626534,-0.016530052
Rahul's Model,0.93916535,-0.027257938
Rahul's Model,0.9694819,-0.013460301
Rahul's Model,0.9341688,-0.029574635
Rahul's Model,0.9738324,-0.011515767
Rahul's Model,0.9648854,-0.015524259
Rahul's Model,0.94198483,-0.02595609
Rahul's Model,0.9742417,-0.011333297
Rahul's Model,0.9407432,-0.026528908
Rahul's Model,0.9569119,-0.019128036
Rahul's Model,0.97063446,-0.012944294
Rahul's Model,0.95857584,-0.01837352
Rahul's Model,0.9464871,-0.023885287
Rahul's Model,0.9719919,-0.012337356
Rahul's Model,0.9241303,-0.03426678
Rahul's Model,0.96296227,-0.01639073
Rahul's Model,0.9560986,-0.01949731
Rahul's Model,0.975165,-0.01092189
Rahul's Model,0.93538386,-0.02901013
Rahul's Model,0.95044196,-0.0220744
Rahul's Model,0.9426973,-0.025627743
Rahul's Model,0.9479419,-0.02321828
Rahul's Model,0.9459665,-0.024124252
Rahul's Model,0.9467484,-0.023765432
Rahul's Model,0.94669414,-0.023790313
Rahul's Model,0.9883238,-0.005100743
Rahul's Model,0.9693114,-0.013536672
Rahul's Model,0.95367575,-0.02059926
Rahul's Model,0.99366474,-0.0027601202
Rahul's Model,0.9595002,-0.017954933
Rahul's Model,0.9281,-0.03240523
Rahul's Model,0.9774895,-0.009887911
Rahul's Model,0.911285,-0.040345788
Rahul's Model,0.97150755,-0.01255382
Rahul's Model,0.988535,-0.0050079552
Rahul's Model,0.95958495,-0.017916571
Rahul's Model,0.91013163,-0.04089579
Rahul's Model,0.9827497,-0.0075570797
Rahul's Model,0.9658144,-0.0151063185
Rahul's Model,1.014405,0.0062113865
Rahul's Model,0.9757862,-0.010645324
Rahul's Model,0.98238385,-0.007718787
Rahul's Model,0.99560285,-0.0019138706
Rahul's Model,1.0019201,0.00083309104
Rahul's Model,0.9733897,-0.01171326
Rahul's Model,0.97881603,-0.009298926
Rahul's Model,0.965263,-0.015354336
Rahul's Model,0.96581674,-0.015105274
Rahul's Model,0.96924293,-0.013567358
Rahul's Model,0.93323386,-0.030009514
Rahul's Model,0.9267244,-0.033049416
Rahul's Model,0.97918856,-0.009133669
Rahul's Model,0.9173817,-0.037449926
Rahul's Model,0.9507235,-0.021945758
Rahul's Model,0.9223995,-0.035080932
Rahul's Model,0.9620936,-0.016782679
Rahul's Model,0.9845953,-0.0067422423
Rahul's Model,0.9307737,-0.031155908
Rahul's Model,0.9230796,-0.034760844
Rahul's Model,0.98721504,-0.005588236
Rahul's Model,0.95762897,-0.018802727
Rahul's Model,0.9567411,-0.019205572
Rahul's Model,0.9838357,-0.007077424
Rahul's Model,0.96881366,-0.013759747
Rahul's Model,0.9567818,-0.019187093
Rahul's Model,0.96067035,-0.017425612
Rahul's Model,0.93790877,-0.027839404
Rahul's Model,0.9735557,-0.011639203
Rahul's Model,0.9586971,-0.018318595
Rahul's Model,0.91283906,-0.03960579
Rahul's Model,0.9716923,-0.012471228
Rahul's Model,0.9611131,-0.017225506
Rahul's Model,0.937051,-0.028236773
Rahul's Model,0.9680842,-0.01408686
Rahul's Model,0.9420303,-0.025935123
Rahul's Model,0.978338,-0.009511076
Rahul's Model,0.9728929,-0.011934975
Rahul's Model,0.93060577,-0.031234259
Rahul's Model,0.93030924,-0.031372666
Rahul's Model,0.95137113,-0.02165003
Rahul's Model,0.9535289,-0.020666149
Rahul's Model,0.97387505,-0.011496762
Rahul's Model,0.94674706,-0.023766033
Rahul's Model,0.967818,-0.014206295
Rahul's Model,0.9367213,-0.028389594
Rahul's Model,0.9707817,-0.012878426
Rahul's Model,0.9709541,-0.012801291
Rahul's Model,0.97566354,-0.010699923
Rahul's Model,0.9706479,-0.012938294
Rahul's Model,0.913502,-0.039290506
Rahul's Model,0.97267604,-0.012031782
Rahul's Model,0.95942307,-0.017989844
Rahul's Model,0.94072104,-0.026539145
Rahul's Model,0.9627781,-0.016473802
Rahul's Model,0.9345257,-0.029408738
Rahul's Model,0.9431825,-0.025404252
Rahul's Model,0.94753504,-0.023404721
Rahul's Model,0.9656502,-0.015180165
Rahul's Model,0.955076,-0.019962078
Rahul's Model,0.9833007,-0.007313658
Rahul's Model,0.9449718,-0.024581151
Rahul's Model,0.96327364,-0.016250322
Rahul's Model,0.90952986,-0.041183036
Rahul's Model,0.9798968,-0.008819668
Rahul's Model,0.95021236,-0.022179324
Rahul's Model,0.96089697,-0.017323177
Rahul's Model,0.914663,-0.03873888
Rahul's Model,0.96168053,-0.016969176
Rahul's Model,0.94235504,-0.025785444
Rahul's Model,0.92397463,-0.034339953
Rahul's Model,0.9330008,-0.030117983
Rahul's Model,0.9880476,-0.0052221324
Rahul's Model,0.9709507,-0.01280281
Rahul's Model,0.91893196,-0.036716644
Rahul's Model,0.9645128,-0.015691994
Rahul's Model,0.95783377,-0.018709857
Rahul's Model,0.99660903,-0.0014751812
Rahul's Model,0.9895665,-0.004555013
Rahul's Model,0.963518,-0.016140157
Rahul's Model,0.9604422,-0.017528772
Rahul's Model,0.9357113,-0.028858114
Rahul's Model,0.9584316,-0.018438876
Rahul's Model,0.99182177,-0.0035663652
Rahul's Model,0.9499645,-0.022292614
Rahul's Model,0.9459516,-0.024131093
Rahul's Model,0.9737092,-0.011570715
Rahul's Model,0.9377173,-0.027928064
Rahul's Model,0.9826164,-0.0076159807
Rahul's Model,0.93752104,-0.028018977
Rahul's Model,0.9669101,-0.014613893
Rahul's Model,0.9773644,-0.009943475
Rahul's Model,0.9671068,-0.014525554
Rahul's Model,0.9679548,-0.014144916
Rahul's Model,0.9347385,-0.029309861
Rahul's Model,0.9580778,-0.018599229
Rahul's Model,0.9544662,-0.020239435
Rahul's Model,0.9824966,-0.007668935
Rahul's Model,0.95757747,-0.018826082
Rahul's Model,0.95196563,-0.021378731
Rahul's Model,0.9875145,-0.0054565207
Rahul's Model,0.95730966,-0.018947557
Rahul's Model,0.945181,-0.02448501
Rahul's Model,0.9369283,-0.028293656
Rahul's Model,0.9454978,-0.024339473
Rahul's Model,0.95308614,-0.020867847
Rahul's Model,0.9713814,-0.012610205
Rahul's Model,0.9688418,-0.013747136
Rahul's Model,0.94622767,-0.024004357
Rahul's Model,0.94854385,-0.02294259
Rahul's Model,0.9216194,-0.035448384
Rahul's Model,0.9722239,-0.012233716
Rahul's Model,0.9384001,-0.02761196
Rahul's Model,0.9495555,-0.022479638
Rahul's Model,0.9619798,-0.016834045
Rahul's Model,0.96228015,-0.01669847
Rahul's Model,0.9565359,-0.019298736
Rahul's Model,0.93341446,-0.029925477
Rahul's Model,0.94011664,-0.026818259
Rahul's Model,0.9816003,-0.008065324
Rahul's Model,0.94784766,-0.023261456
Rahul's Model,0.9677601,-0.014232294
Rahul's Model,0.9851228,-0.0065096295
Rahul's Model,0.9986163,-0.0006013589
Rahul's Model,0.959496,-0.017956821
Rahul's Model,0.94304717,-0.025466586
Rahul's Model,0.9947813,-0.0022723805
Rahul's Model,0.94463205,-0.024737323
Rahul's Model,0.93203104,-0.030569626
Rahul's Model,0.9905647,-0.004117151
Rahul's Model,0.97697777,-0.01011532
Rahul's Model,0.9582006,-0.018543573
Rahul's Model,0.9836916,-0.007141049
Rahul's Model,0.9254242,-0.033659138
Rahul's Model,0.96753573,-0.014332986
Rahul's Model,0.969249,-0.013564634
Rahul's Model,0.96027374,-0.017604945
Rahul's Model,0.9570899,-0.019047266
Rahul's Model,0.9475436,-0.023400787
Rahul's Model,0.98926693,-0.004686508
Rahul's Model,1.0064344,0.0027854901
Rahul's Model,0.9751437,-0.010931394
Rahul's Model,0.9652996,-0.01533787
Rahul's Model,0.95918554,-0.018097376
Rahul's Model,0.9485253,-0.022951076
Rahul's Model,0.9921289,-0.0034318957
Rahul's Model,0.9604534,-0.017523706
Rahul's Model,0.963964,-0.015939191
Rahul's Model,0.9520153,-0.021356082
Rahul's Model,0.99445975,-0.0024127907
Rahul's Model,0.97602916,-0.010537208
Rahul's Model,0.9670031,-0.0145721305
Rahul's Model,0.96838254,-0.013953051
Rahul's Model,0.98948675,-0.0045900154
Rahul's Model,0.9177237,-0.037288044
Rahul's Model,0.9283995,-0.0322651
Rahul's Model,0.9461715,-0.024030127
Rahul's Model,0.9601033,-0.01768205
Rahul's Model,0.9441079,-0.024978373
Rahul's Model,0.95322734,-0.02080351
Rahul's Model,0.98000467,-0.008771855
Rahul's Model,0.9375843,-0.027989682
Rahul's Model,0.97343576,-0.011692704
Rahul's Model,0.95750237,-0.018860145
Rahul's Model,0.95996594,-0.017744174
Rahul's Model,0.98059666,-0.008509589
Rahul's Model,0.93755275,-0.028004289
Rahul's Model,0.96209455,-0.016782248
Rahul's Model,0.95483154,-0.020073244
Rahul's Model,0.93329036,-0.029983219
Rahul's Model,0.9545523,-0.020200275
Rahul's Model,0.95874023,-0.018299047
Rahul's Model,0.9713688,-0.012615855
Rahul's Model,0.985462,-0.006360113
Rahul's Model,0.95531046,-0.019855466
Rahul's Model,0.98212683,-0.007832424
Rahul's Model,0.96631384,-0.014881801
Rahul's Model,0.92179537,-0.035365477
Rahul's Model,0.9831523,-0.0073792133
Rahul's Model,0.97955173,-0.008972622
Rahul's Model,0.9543959,-0.02027144
Rahul's Model,0.95034313,-0.02211956
Rahul's Model,0.9267516,-0.03303665
Rahul's Model,0.9670372,-0.014556819
Rahul's Model,0.96185136,-0.016892038
Rahul's Model,0.9660201,-0.0150138335
Rahul's Model,0.9512252,-0.021716643
Rahul's Model,0.97309023,-0.011846887
Rahul's Model,0.9731771,-0.01180813
Rahul's Model,0.96792877,-0.014156602
Rahul's Model,0.9777756,-0.009760817
Rahul's Model,0.9547641,-0.020103907
Rahul's Model,0.9847738,-0.006663508
Rahul's Model,0.9432043,-0.025394235
Rahul's Model,0.93674195,-0.02838003
Rahul's Model,0.9474282,-0.02345368
Rahul's Model,0.9457929,-0.024203945
Rahul's Model,0.98048276,-0.008560039
Rahul's Model,0.9637812,-0.016021559
Rahul's Model,0.9776998,-0.009794466
Rahul's Model,0.984144,-0.006941363
Rahul's Model,0.9526669,-0.021058934
Rahul's Model,1.0001029,4.4676883e-05
Rahul's Model,0.98011714,-0.008722015
Rahul's Model,0.94543266,-0.024369398
Rahul's Model,0.9881471,-0.005178408
Rahul's Model,0.9567988,-0.019179381
Rahul's Model,0.9690869,-0.013637284
Rahul's Model,0.95784867,-0.0187031
Rahul's Model,0.9607471,-0.017390907
Rahul's Model,0.94784313,-0.02326353
Rahul's Model,0.98802197,-0.005233398
Rahul's Model,0.94888747,-0.02278529
Rahul's Model,0.97693545,-0.010134133
Rahul's Model,0.96249634,-0.016600912
Rahul's Model,0.9608669,-0.017336754
Rahul's Model,0.9741876,-0.011357397
Rahul's Model,0.95515615,-0.019925624
Rahul's Model,0.9746784,-0.01113866
Rahul's Model,0.94223535,-0.025840607
Rahul's Model,0.9347974,-0.029282501
Rahul's Model,0.94501245,-0.02456247
Rahul's Model,0.97176945,-0.012436757
Rahul's Model,0.99755013,-0.0010652705
Rahul's Model,0.9370079,-0.028256746
Rahul's Model,0.9519816,-0.021371443
Rahul's Model,0.97126436,-0.012662546
Rahul's Model,0.9639449,-0.015947785
Rahul's Model,0.9523935,-0.02118359
Rahul's Model,0.9999788,-9.215502e-06
Rahul's Model,0.93481314,-0.02927519
Rahul's Model,0.9414686,-0.026194163
Rahul's Model,0.98390615,-0.0070463247
Rahul's Model,0.9314227,-0.030853176
Rahul's Model,0.97735137,-0.009949275
Rahul's Model,0.9734769,-0.011674356
Rahul's Model,0.9779927,-0.009664381
Rahul's Model,0.93905365,-0.027309593
Rahul's Model,0.9394356,-0.027132986
Rahul's Model,0.95679224,-0.019182358
Rahul's Model,0.97036624,-0.013064322
Rahul's Model,0.96476483,-0.015578535
Rahul's Model,0.94166386,-0.026104096
Rahul's Model,0.9778428,-0.009730955
Rahul's Model,0.9740077,-0.011437599
Rahul's Model,0.9784188,-0.0094751995
Rahul's Model,0.9852806,-0.0064400802
Rahul's Model,0.97371006,-0.011570343
Rahul's Model,0.9504968,-0.022049345
Rahul's Model,0.93152523,-0.030805377
Rahul's Model,0.9531898,-0.020820618
Rahul's Model,0.95519626,-0.019907385
Rahul's Model,0.9592167,-0.018083263
Rahul's Model,0.9422785,-0.025820715
Rahul's Model,0.9698545,-0.0132934265
Rahul's Model,0.9285425,-0.032198217
Rahul's Model,0.94686687,-0.023711078
Rahul's Model,0.9762657,-0.0104319565
Rahul's Model,0.98534846,-0.0064101564
Rahul's Model,0.9343447,-0.02949287
Rahul's Model,0.98695016,-0.0057047787
Rahul's Model,0.9536078,-0.020630207
Rahul's Model,0.95612824,-0.019483855
Rahul's Model,0.94959176,-0.022463065
Rahul's Model,0.9556087,-0.019719893
Rahul's Model,0.9654273,-0.015280434
Rahul's Model,0.9205126,-0.035970256
Rahul's Model,0.97132087,-0.012637281
Rahul's Model,0.9190936,-0.036640253
Rahul's Model,0.94822085,-0.0230905
Rahul's Model,0.9534104,-0.02072012
Rahul's Model,0.96797526,-0.014135743
Rahul's Model,0.9622773,-0.016699761
Rahul's Model,0.97820485,-0.00957019
Rahul's Model,0.9551109,-0.019946195
Rahul's Model,0.9475172,-0.02341289
Rahul's Model,0.9640616,-0.015895206
Rahul's Model,0.92939734,-0.03179857
Rahul's Model,0.96633637,-0.014871675
Rahul's Model,0.9815075,-0.008106386
Rahul's Model,0.97136784,-0.012616281
Rahul's Model,1.0018144,0.0007872549
Rahul's Model,0.96197164,-0.016837731
Rahul's Model,0.9521264,-0.0213054
Rahul's Model,0.9630749,-0.016339926
Rahul's Model,0.95925885,-0.018064184
Rahul's Model,0.97079206,-0.0128737865
Rahul's Model,0.9540565,-0.020425905
Rahul's Model,0.9506384,-0.02198464
Rahul's Model,0.9594028,-0.01799902
Rahul's Model,0.9660008,-0.015022516
Rahul's Model,0.95671165,-0.019218938
Rahul's Model,0.98498756,-0.0065692556
Rahul's Model,0.96417975,-0.015841993
Rahul's Model,0.93032277,-0.031366352
Rahul's Model,0.9682415,-0.014016301
Rahul's Model,0.96676904,-0.014677267
Rahul's Model,0.98726,-0.0055684657
Rahul's Model,0.98731136,-0.0055458643
Rahul's Model,0.9711404,-0.012717986
Rahul's Model,0.9432399,-0.025377823
Rahul's Model,0.9499305,-0.022308173
Rahul's Model,0.9499924,-0.02227986
Rahul's Model,0.9668342,-0.014648002
Rahul's Model,0.9400084,-0.026868265
Rahul's Model,0.9472816,-0.023520898
Rahul's Model,0.98606443,-0.0060947053
Rahul's Model,1.0144632,0.0062362915
Rahul's Model,0.95605886,-0.01951537
Rahul's Model,0.9555894,-0.01972867
Rahul's Model,1.0055977,0.002424276
Rahul's Model,0.97653294,-0.010313105
Rahul's Model,0.9549079,-0.020038517
Rahul's Model,0.982305,-0.0077536497
Rahul's Model,0.9574869,-0.018867146
Rahul's Model,0.975654,-0.010704168
Rahul's Model,0.9589937,-0.018184258
Rahul's Model,0.9947195,-0.002299366
Rahul's Model,0.9897306,-0.0044830036
Rahul's Model,0.93029654,-0.031378593
Rahul's Model,0.93722934,-0.028154127
Rahul's Model,0.959906,-0.017771302
Rahul's Model,0.97724116,-0.00999825
Rahul's Model,0.98333776,-0.0072972835
Rahul's Model,0.94736165,-0.0234842
Rahul's Model,0.94644237,-0.023905827
Rahul's Model,0.9643723,-0.015755283
Rahul's Model,0.9583122,-0.018492976
Rahul's Model,0.9922569,-0.0033758811
Rahul's Model,0.9796493,-0.008929365
Rahul's Model,0.93845224,-0.027587824
Rahul's Model,0.9722954,-0.012201767
Rahul's Model,0.9521537,-0.02129295
Rahul's Model,0.94948447,-0.022512136
Rahul's Model,0.97711766,-0.010053138
Rahul's Model,0.967816,-0.014207205
Rahul's Model,0.954018,-0.020443432
Rahul's Model,0.9324688,-0.030365704
Rahul's Model,0.98131305,-0.008192426
Rahul's Model,0.93396354,-0.029670078
Rahul's Model,0.9610341,-0.017261194
Rahul's Model,0.96144074,-0.017077478
Rahul's Model,0.9308839,-0.031104488
Rahul's Model,0.94556266,-0.024309685
Rahul's Model,0.9646926,-0.015611056
Rahul's Model,0.94825226,-0.023076113
Rahul's Model,0.9805211,-0.008543064
Rahul's Model,0.9529644,-0.02092331
Rahul's Model,0.97974116,-0.008888648
Rahul's Model,0.9430623,-0.025459614
Rahul's Model,0.9650908,-0.0154318195
Rahul's Model,0.9573312,-0.018937796
Rahul's Model,0.95020187,-0.02218412
Rahul's Model,0.951682,-0.021508157
Rahul's Model,0.9682894,-0.013994833
Rahul's Model,0.95834243,-0.018479282
Rahul's Model,0.98882884,-0.0048788763
Rahul's Model,0.9577329,-0.018755587
Rahul's Model,0.95593405,-0.01957207
Rahul's Model,0.9711867,-0.012697275
Rahul's Model,0.98971665,-0.004489124
Rahul's Model,0.93854564,-0.0275446
Rahul's Model,0.9799253,-0.008807041
Rahul's Model,0.9536732,-0.020600429
Rahul's Model,0.94836915,-0.023022585
Rahul's Model,0.9967363,-0.0014197301
Rahul's Model,0.9754426,-0.010798287
Rahul's Model,0.93716717,-0.028182935
Rahul's Model,0.977393,-0.009930789
Rahul's Model,0.93510467,-0.029139776
Rahul's Model,0.95481414,-0.02008116
Rahul's Model,0.9523426,-0.021206776
Rahul's Model,0.94605243,-0.024084793
Rahul's Model,0.96954083,-0.013433895
Rahul's Model,0.9673452,-0.014418528
Rahul's Model,0.95803845,-0.01861706
Rahul's Model,0.9462862,-0.023977492
Rahul's Model,0.9969367,-0.0013324253
Rahul's Model,0.94197774,-0.02595936
Rahul's Model,0.97537076,-0.0108302655
Rahul's Model,0.9262029,-0.033293866
Rahul's Model,0.9327161,-0.03025054
Rahul's Model,0.95825815,-0.018517477
Rahul's Model,0.96796316,-0.014141172
Rahul's Model,0.9610975,-0.017232561
Rahul's Model,0.9817697,-0.007990384
Rahul's Model,0.9865774,-0.005868841
Rahul's Model,0.97297716,-0.011897353
Rahul's Model,0.94683224,-0.023726963
Rahul's Model,0.9638996,-0.015968194
Rahul's Model,0.9616536,-0.016981343
Rahul's Model,0.95219135,-0.021275766
Rahul's Model,0.9638573,-0.015987262
Rahul's Model,0.97071457,-0.012908452
Rahul's Model,0.9735204,-0.011654944
Rahul's Model,0.9399642,-0.026888698
Rahul's Model,0.99341345,-0.002869965
Rahul's Model,0.9467856,-0.023748342
Rahul's Model,0.9849139,-0.0066017397
Rahul's Model,0.96634924,-0.014865888
Rahul's Model,0.99179244,-0.0035792063
Rahul's Model,0.9834212,-0.0072604306
Rahul's Model,0.9257544,-0.033504203
Rahul's Model,0.9397952,-0.026966779
Rahul's Model,0.93410325,-0.029605117
Rahul's Model,0.9715719,-0.012525044
Rahul's Model,0.97595096,-0.010572006
Rahul's Model,0.9650604,-0.015445499
Rahul's Model,0.97252345,-0.012099918
Rahul's Model,0.9789279,-0.0092492895
Rahul's Model,0.97563523,-0.010712526
Rahul's Model,0.9825946,-0.0076256227
Rahul's Model,0.9618828,-0.016877828
Rahul's Model,0.9910997,-0.0038826487
Rahul's Model,0.9654045,-0.015290677
Rahul's Model,0.9582064,-0.018540926
Rahul's Model,0.9698293,-0.01330469
Rahul's Model,0.92515993,-0.033783186
Rahul's Model,0.9500271,-0.022264002
Rahul's Model,0.93360686,-0.029835964
Rahul's Model,0.9304633,-0.031300746
Rahul's Model,0.9652114,-0.015377562
Rahul's Model,0.9635724,-0.016115656
Rahul's Model,0.94254947,-0.025695847
Rahul's Model,0.95653343,-0.019299846
Rahul's Model,0.96767205,-0.014271803
Rahul's Model,0.94425213,-0.024912026
Rahul's Model,0.9658929,-0.015071021
Rahul's Model,0.96786934,-0.014183267
Rahul's Model,0.9855965,-0.0063008573
Rahul's Model,0.9646268,-0.015640682
Rahul's Model,0.95277554,-0.021009402
Rahul's Model,0.9860387,-0.006106046
Rahul's Model,0.90772736,-0.042044573
Rahul's Model,0.9541204,-0.02039682
Rahul's Model,0.92692184,-0.032956883
Rahul's Model,0.9648551,-0.015537915
Rahul's Model,0.96554136,-0.015229117
Rahul's Model,0.9545295,-0.020210635
Rahul's Model,0.93401027,-0.02964835
Rahul's Model,0.97275794,-0.011995218
Rahul's Model,0.94790596,-0.023234747
Rahul's Model,0.9618715,-0.016882941
Rahul's Model,0.9646682,-0.015622031
Rahul's Model,0.94983846,-0.02235025
Rahul's Model,0.8966222,-0.04739052
Rahul's Model,0.9748932,-0.0110429535
Rahul's Model,0.976295,-0.010418938
Rahul's Model,0.94654214,-0.023860045
Rahul's Model,0.9699316,-0.01325889
Rahul's Model,0.9829446,-0.0074709556
Rahul's Model,0.9345042,-0.029418737
Rahul's Model,0.9959463,-0.0017640827
Rahul's Model,0.95072865,-0.021943416
Rahul's Model,0.9621736,-0.016746571
Rahul's Model,0.98320657,-0.007355228
Rahul's Model,0.92819977,-0.032358546
Rahul's Model,0.93927616,-0.0272067
Rahul's Model,0.939671,-0.027024185
Rahul's Model,0.9163305,-0.03794785
Rahul's Model,0.97322327,-0.011787516
Rahul's Model,0.9652624,-0.015354604
Rahul's Model,0.9470179,-0.023641808
Rahul's Model,1.0007991,0.00034688873
Rahul's Model,0.94771826,-0.023320751
Rahul's Model,0.96670246,-0.014707176
Rahul's Model,0.9430873,-0.025448114
Rahul's Model,0.9465127,-0.023873555
Rahul's Model,0.95843244,-0.018438498
Rahul's Model,0.96950155,-0.01345149
Rahul's Model,0.9587299,-0.018303718
Rahul's Model,0.9270452,-0.032899078
Rahul's Model,0.94438833,-0.024849389
Rahul's Model,0.93946505,-0.027119374
Rahul's Model,0.97646666,-0.010342582
Rahul's Model,0.96642,-0.014834093
Rahul's Model,0.9724638,-0.012126562
Rahul's Model,0.94161236,-0.026127849
Rahul's Model,0.94592834,-0.024141764
Rahul's Model,0.9492291,-0.022628946
Rahul's Model,0.96450496,-0.015695537
Rahul's Model,0.95990026,-0.01777389
Rahul's Model,0.97885954,-0.009279621
Rahul's Model,0.967536,-0.014332879
Rahul's Model,0.9587586,-0.01829073
Rahul's Model,0.92095304,-0.035762515
Rahul's Model,0.96447706,-0.015708096
Rahul's Model,0.92729604,-0.032781594
Rahul's Model,0.9298445,-0.031589676
Rahul's Model,0.96573067,-0.0151439775
Rahul's Model,0.9348024,-0.029280175
Rahul's Model,0.9577507,-0.018747533
Rahul's Model,0.96025723,-0.017612413
Rahul's Model,0.9479952,-0.023193868
Rahul's Model,0.9837116,-0.007132207
Rahul's Model,0.95048344,-0.022055445
Rahul's Model,0.9409268,-0.026444167
Rahul's Model,0.96951854,-0.013443881
Rahul's Model,0.9725281,-0.012097841
Rahul's Model,0.941509,-0.02617552
Rahul's Model,0.96383965,-0.015995212
Rahul's Model,0.96270806,-0.016505394
Rahul's Model,0.9586431,-0.01834306
Rahul's Model,0.9473603,-0.02348483
Rahul's Model,0.9753363,-0.010845606
Rahul's Model,0.9691287,-0.013618533
Rahul's Model,0.93659925,-0.028446192
Rahul's Model,0.9412745,-0.026283696
Rahul's Model,0.98381805,-0.007085212
Rahul's Model,0.9311403,-0.030984875
Rahul's Model,0.93815124,-0.027727142
Rahul's Model,0.96242255,-0.01663421
Rahul's Model,0.98606646,-0.0060938126
Rahul's Model,0.95618343,-0.019458786
Rahul's Model,0.9622593,-0.016707886
Rahul's Model,0.9641911,-0.01583689
Rahul's Model,0.9417412,-0.026068415
Rahul's Model,0.9842278,-0.0069043827
Rahul's Model,0.94563603,-0.024275986
Rahul's Model,0.89699,-0.0472124
Rahul's Model,0.9648986,-0.01551833
Rahul's Model,0.98674786,-0.0057938066
Rahul's Model,0.9910073,-0.003923134
Rahul's Model,0.9501686,-0.022199322
Rahul's Model,0.9417311,-0.026073089
Rahul's Model,0.9366727,-0.028412143
Rahul's Model,0.97894573,-0.009241383
Rahul's Model,0.9403665,-0.026702847
Rahul's Model,0.9449775,-0.024578523
Rahul's Model,0.9534267,-0.020712681
Rahul's Model,0.95122087,-0.02171863
Rahul's Model,0.9868368,-0.005754668
Rahul's Model,0.9589062,-0.018223885
Rahul's Model,0.9652622,-0.015354712
Rahul's Model,1.0055113,0.0023869486
Rahul's Model,0.9629309,-0.016404869
Rahul's Model,0.9569327,-0.019118594
Rahul's Model,0.9533051,-0.020768072
Rahul's Model,0.99213666,-0.0034285039
Rahul's Model,0.94866836,-0.022885583
Rahul's Model,0.94491804,-0.024605861
Rahul's Model,0.9866044,-0.0058569554
Rahul's Model,0.9474716,-0.02343379
Rahul's Model,0.9775822,-0.009846708
Rahul's Model,0.9621116,-0.016774552
Rahul's Model,0.9556202,-0.019714665
Rahul's Model,0.9566591,-0.019242803
Rahul's Model,0.9510214,-0.021809723
Rahul's Model,0.9861144,-0.006072707
Rahul's Model,0.97914577,-0.00915265
Rahul's Model,0.95908177,-0.018144364
Rahul's Model,1.0051835,0.002245333
Rahul's Model,0.964674,-0.015619428
Rahul's Model,0.98954177,-0.0045658695
Rahul's Model,0.96159196,-0.017009176
Rahul's Model,0.910999,-0.0404821
Rahul's Model,0.97955334,-0.008971909
Rahul's Model,0.97132546,-0.012635229
Rahul's Model,0.933905,-0.029697297
Rahul's Model,0.9593808,-0.018008975
Rahul's Model,0.9634998,-0.01614838
Rahul's Model,0.9420513,-0.02592545
Rahul's Model,0.9579191,-0.018671159
Rahul's Model,0.9404498,-0.026664393
Rahul's Model,0.95211947,-0.021308554
Rahul's Model,0.9301244,-0.031458963
Rahul's Model,0.96988255,-0.0132808555
Rahul's Model,0.9535661,-0.020649208
Rahul's Model,0.9568746,-0.019144969
Rahul's Model,0.9842955,-0.006874506
Rahul's Model,0.94497234,-0.024580905
Rahul's Model,0.9536817,-0.020596547
Rahul's Model,0.9517021,-0.021498963
Rahul's Model,0.9832406,-0.007340195
Rahul's Model,0.9160305,-0.038090054
Rahul's Model,0.95869774,-0.018318297
Rahul's Model,0.96988916,-0.013277893
Rahul's Model,0.95804644,-0.01861344
Rahul's Model,0.96592927,-0.015054674
Rahul's Model,0.93981045,-0.026959728
Rahul's Model,0.9953624,-0.0020187683
Rahul's Model,0.9620304,-0.0168112
Rahul's Model,0.9180114,-0.037151914
Rahul's Model,0.9584955,-0.018409923
Rahul's Model,0.927485,-0.03269311
Rahul's Model,0.9577038,-0.018768776
Rahul's Model,0.96030647,-0.017590147
Rahul's Model,0.9523284,-0.02121327
Rahul's Model,0.9648429,-0.015543387
Rahul's Model,0.9911201,-0.0038737163
Rahul's Model,0.93539894,-0.029003128
Rahul's Model,0.96222097,-0.016725184
Rahul's Model,0.9573713,-0.018919598
Rahul's Model,0.9636078,-0.016099699
Rahul's Model,0.9170251,-0.037618782
Rahul's Model,0.97048247,-0.013012306
Rahul's Model,0.99358356,-0.0027956031
Rahul's Model,0.9590937,-0.018138966
Rahul's Model,0.99534607,-0.0020258944
Rahul's Model,0.95900416,-0.018179508
Rahul's Model,0.9718226,-0.012412997
Rahul's Model,0.9602742,-0.017604731
Rahul's Model,0.93770766,-0.027932536
Rahul's Model,0.97367764,-0.011584805
Rahul's Model,0.972226,-0.012232758
Rahul's Model,0.9750271,-0.01098332
Rahul's Model,0.942273,-0.025823243
Rahul's Model,0.98538196,-0.0063953926
Rahul's Model,0.9717654,-0.012438568
Rahul's Model,0.95956457,-0.017925797
Rahul's Model,0.92741644,-0.032725208
Rahul's Model,0.95875347,-0.018293053
Rahul's Model,0.93603206,-0.028709278
Rahul's Model,0.9761678,-0.010475523
Rahul's Model,0.9822725,-0.0077680117
Rahul's Model,0.9640503,-0.015900308
Rahul's Model,0.9249537,-0.033880007
Rahul's Model,0.9455589,-0.02431141
Rahul's Model,0.9650512,-0.015449656
Rahul's Model,0.9543164,-0.020307623
Rahul's Model,0.96489334,-0.015520691
Rahul's Model,1.0048735,0.0021113995
Rahul's Model,1.0045483,0.0019708278
Rahul's Model,0.91512686,-0.038518697
Rahul's Model,0.94572914,-0.024233231
Rahul's Model,0.9362762,-0.028596018
Rahul's Model,0.92847145,-0.032231446
Rahul's Model,0.92678046,-0.03302313
Rahul's Model,0.9835947,-0.007183813
Rahul's Model,0.96149886,-0.017051227
Rahul's Model,0.97215533,-0.012264337
Rahul's Model,0.96465856,-0.015626378
Rahul's Model,0.9785824,-0.009402608
Rahul's Model,0.92833424,-0.032295633
Rahul's Model,0.95840836,-0.018449409
Rahul's Model,0.9760645,-0.010521481
Rahul's Model,0.9584098,-0.01844876
Rahul's Model,0.9957894,-0.0018324972
Rahul's Model,0.97516686,-0.010921068
Rahul's Model,0.985952,-0.006144219
Rahul's Model,0.9691702,-0.013599942
Rahul's Model,0.9832761,-0.007324504
Rahul's Model,0.9847928,-0.0066551226
Rahul's Model,0.9475807,-0.023383796
Rahul's Model,0.9765183,-0.010319625
Rahul's Model,0.9562628,-0.019422727
Rahul's Model,0.94593084,-0.024140615
Rahul's Model,0.99665475,-0.0014552595
Rahul's Model,0.97472084,-0.01111975
Rahul's Model,0.98782146,-0.005321543
Rahul's Model,0.9553116,-0.01985495
Rahul's Model,0.9467081,-0.023783915
Rahul's Model,0.93964887,-0.027034406
Rahul's Model,0.96246666,-0.016614307
Rahul's Model,0.95511156,-0.019945897
Rahul's Model,0.97360647,-0.01161655
Rahul's Model,0.9331026,-0.030070597
Rahul's Model,0.9678532,-0.014190515
Rahul's Model,0.9627385,-0.016491653
Rahul's Model,0.97472394,-0.011118369
Rahul's Model,0.9515505,-0.021568166
Rahul's Model,0.98138505,-0.008160561
Rahul's Model,0.9703485,-0.013072271
Rahul's Model,0.9997193,-0.000121914134
Rahul's Model,0.9614922,-0.017054243
Rahul's Model,0.98279744,-0.007535982
Rahul's Model,0.9761971,-0.010462476
Rahul's Model,0.9734683,-0.011678184
Rahul's Model,0.98714316,-0.00561986
Rahul's Model,0.97712445,-0.010050118
Rahul's Model,0.96851456,-0.0138938455
Rahul's Model,0.97887444,-0.009273009
Rahul's Model,0.9864584,-0.0059212158
Rahul's Model,0.93922675,-0.027229548
Rahul's Model,0.962414,-0.016638055
Rahul's Model,0.9498218,-0.022357853
Rahul's Model,0.98086286,-0.008391711
Rahul's Model,0.9434581,-0.025277391
Rahul's Model,0.96297467,-0.016385138
Rahul's Model,0.95574874,-0.019656267
Rahul's Model,0.95022357,-0.022174204
Rahul's Model,0.99158573,-0.003669731
Rahul's Model,0.9558287,-0.019619921
Rahul's Model,0.9647124,-0.015602147
Rahul's Model,0.9603634,-0.017564405
Rahul's Model,0.9492362,-0.022625702
Rahul's Model,0.9657203,-0.015148642
Rahul's Model,0.9414881,-0.026185172
Rahul's Model,0.97534084,-0.010843589
Rahul's Model,0.9496299,-0.02244562
Rahul's Model,1.0005654,0.0002454849
Rahul's Model,0.9305533,-0.03125874
Rahul's Model,0.936184,-0.028638791
Rahul's Model,0.96112317,-0.017220953
Rahul's Model,0.9717175,-0.012459986
Rahul's Model,0.92132545,-0.035586935
Rahul's Model,0.97071755,-0.012907119
Rahul's Model,0.9792987,-0.009084817
Rahul's Model,0.9647428,-0.015588463
Rahul's Model,0.9524026,-0.021179432
Rahul's Model,0.9664859,-0.014804469
Rahul's Model,0.9629145,-0.016412262
Rahul's Model,0.9989478,-0.00045720558
Rahul's Model,0.93430525,-0.02951121
Rahul's Model,0.98431724,-0.0068649068
Rahul's Model,0.949148,-0.022666063
Rahul's Model,0.9865792,-0.005868054
Rahul's Model,0.9643488,-0.015765859
Rahul's Model,0.9696425,-0.013388349
Rahul's Model,0.96452594,-0.01568609
Rahul's Model,0.9044893,-0.043596577
Rahul's Model,0.97768235,-0.009802224
Rahul's Model,0.9596715,-0.017877404
Rahul's Model,0.96348536,-0.01615488
Rahul's Model,0.9552209,-0.019896194
Rahul's Model,0.9596506,-0.017886871
Rahul's Model,0.94875896,-0.02284411
Rahul's Model,0.9609139,-0.017315526
Rahul's Model,0.9471178,-0.023595998
Rahul's Model,0.9749756,-0.011006259
Rahul's Model,0.9550848,-0.019958066
Rahul's Model,0.95174104,-0.021481203
Rahul's Model,0.9255641,-0.033593494
Rahul's Model,1.0035069,0.0015203626
Rahul's Model,0.93996745,-0.026887184
Rahul's Model,0.9578798,-0.018688994
Rahul's Model,0.961124,-0.017220577
Rahul's Model,0.9509182,-0.02185684
Rahul's Model,0.960682,-0.017420357
Rahul's Model,0.93904525,-0.02731348
Rahul's Model,0.9887135,-0.0049295346
Rahul's Model,0.938569,-0.02753379
Rahul's Model,0.9476022,-0.023373934
Rahul's Model,0.9334589,-0.029904788
Rahul's Model,0.9366784,-0.02840949
Rahul's Model,0.9450025,-0.024567043
Rahul's Model,0.9692391,-0.013569067
Rahul's Model,0.9537711,-0.020555835
Rahul's Model,0.9477621,-0.023300676
Rahul's Model,0.9664726,-0.014810442
Rahul's Model,0.9622601,-0.01670751
Rahul's Model,0.9622277,-0.016722145
Rahul's Model,0.94202816,-0.025936112
Rahul's Model,0.959041,-0.018162826
Rahul's Model,0.9424617,-0.025736276
Rahul's Model,0.96957994,-0.013416381
Rahul's Model,1.0016797,0.0007288546
Rahul's Model,0.963189,-0.016288484
Rahul's Model,0.98246676,-0.0076821353
Rahul's Model,0.9678379,-0.014197362
Rahul's Model,0.96485543,-0.015537754
Rahul's Model,0.93614954,-0.028654773
Rahul's Model,0.9650276,-0.015460279
Rahul's Model,0.9345484,-0.029398212
Rahul's Model,0.9721205,-0.012279888
Rahul's Model,0.9528177,-0.020990193
Rahul's Model,0.95384365,-0.020522805
Rahul's Model,0.9304569,-0.03130375
Rahul's Model,0.9623319,-0.016675122
Rahul's Model,0.9869613,-0.005699874
Rahul's Model,0.9587661,-0.018287329
Rahul's Model,0.9737874,-0.011535837
Rahul's Model,0.96253425,-0.016583808
Rahul's Model,0.95945835,-0.017973872
Rahul's Model,0.9541129,-0.020400237
Rahul's Model,1.004274,0.0018522239
Rahul's Model,0.9913815,-0.0037591783
Rahul's Model,0.9374671,-0.028043965
Rahul's Model,0.91135097,-0.040314343
Rahul's Model,0.8533797,-0.06885768
Rahul's Model,0.9373908,-0.02807931
Rahul's Model,1.0072815,0.0031508757
Rahul's Model,0.89829755,-0.046579786
Rahul's Model,0.9886297,-0.0049663475
Rahul's Model,0.94978976,-0.022372516
Rahul's Model,0.8861202,-0.052507363
Rahul's Model,1.0139068,0.0059980513
Rahul's Model,0.95731604,-0.018944664
Rahul's Model,0.9898069,-0.0044495272
Rahul's Model,0.88197744,-0.054542523
Rahul's Model,0.8531438,-0.06897776
Rahul's Model,0.9953512,-0.0020236576
Rahul's Model,0.9891701,-0.004729031
Rahul's Model,0.91868997,-0.03683103
Rahul's Model,0.89444447,-0.048446618
Rahul's Model,0.9373747,-0.028086767
Rahul's Model,0.9146863,-0.038727816
Rahul's Model,0.8328637,-0.07942607
Rahul's Model,1.0024304,0.0010542456
Rahul's Model,1.0108322,0.004679064
Rahul's Model,1.0664052,0.027922245
Rahul's Model,0.97213805,-0.012272059
Rahul's Model,0.95128214,-0.021690655
Rahul's Model,0.94888866,-0.022784743
Rahul's Model,0.9634584,-0.016167024
Rahul's Model,0.8793373,-0.0558445
Rahul's Model,0.92581177,-0.033477303
Rahul's Model,0.9163079,-0.037958555
Rahul's Model,1.0226253,0.009716544
Rahul's Model,0.94061494,-0.026588129
Rahul's Model,1.0157748,0.006797454
Rahul's Model,0.9038677,-0.04389512
Rahul's Model,0.99986565,-5.835089e-05
Rahul's Model,1.0453545,0.019263588
Rahul's Model,1.065201,0.027431583
Rahul's Model,0.9136728,-0.039209303
Rahul's Model,0.9399203,-0.026908968
Rahul's Model,0.9633149,-0.016231727
Rahul's Model,0.9353924,-0.029006172
Rahul's Model,0.98847914,-0.0050324923
Rahul's Model,0.94125366,-0.02629332
Rahul's Model,0.9096713,-0.041115504
Rahul's Model,0.865036,-0.06296581
Rahul's Model,0.99076855,-0.0040277867
Rahul's Model,0.9478239,-0.023272352
Rahul's Model,0.9902823,-0.0042409846
Rahul's Model,0.9817499,-0.007999138
Rahul's Model,0.9400109,-0.026867108
Rahul's Model,0.90040433,-0.045562424
Rahul's Model,0.9884051,-0.005065019
Rahul's Model,0.90800595,-0.041911304
Rahul's Model,0.9400095,-0.02686777
Rahul's Model,0.986843,-0.0057519395
Rahul's Model,0.9637306,-0.016044363
Rahul's Model,0.95592105,-0.019577973
Rahul's Model,0.9427556,-0.025600888
Rahul's Model,1.0767351,0.032108888
Rahul's Model,0.8373575,-0.07708907
Rahul's Model,1.0119592,0.005163001
Rahul's Model,0.9060981,-0.042824768
Rahul's Model,0.9856807,-0.0062637473
Rahul's Model,0.92737067,-0.032746647
Rahul's Model,0.9416776,-0.026097775
Rahul's Model,0.8910314,-0.050107
Rahul's Model,0.8886957,-0.05124691
Rahul's Model,0.94704115,-0.023631148
Rahul's Model,0.9629195,-0.01641003
Rahul's Model,1.0385574,0.016430508
Rahul's Model,1.0027217,0.0011803994
Rahul's Model,0.9284191,-0.03225593
Rahul's Model,0.96486306,-0.01553432
Rahul's Model,0.8880856,-0.05154517
Rahul's Model,1.0378597,0.01613864
Rahul's Model,0.9738592,-0.011503832
Rahul's Model,0.8937669,-0.048775744
Rahul's Model,0.8942386,-0.048546594
Rahul's Model,1.0192219,0.0082687475
Rahul's Model,0.93334126,-0.029959533
Rahul's Model,0.9880415,-0.005224805
Rahul's Model,0.9801955,-0.008687286
Rahul's Model,1.0488169,0.020699685
Rahul's Model,0.85613275,-0.06745889
Rahul's Model,0.9590483,-0.018159533
Rahul's Model,0.9274361,-0.032716
Rahul's Model,1.0093116,0.004025246
Rahul's Model,0.9712913,-0.0126505
Rahul's Model,0.96488297,-0.015525359
Rahul's Model,1.0043975,0.001905628
Rahul's Model,0.9256195,-0.033567514
Rahul's Model,0.8132634,-0.08976876
Rahul's Model,0.9606428,-0.017438062
Rahul's Model,0.9026449,-0.04448308
Rahul's Model,0.9886123,-0.004973993
Rahul's Model,0.91715467,-0.03755742
Rahul's Model,0.93981504,-0.026957607
Rahul's Model,0.91717005,-0.037550136
Rahul's Model,0.9108225,-0.040566243
Rahul's Model,1.0180095,0.0077518495
Rahul's Model,0.8956177,-0.04787732
Rahul's Model,0.9236039,-0.034514245
Rahul's Model,0.9997492,-0.000108941815
Rahul's Model,0.98260057,-0.0076229884
Rahul's Model,0.9622954,-0.016691584
Rahul's Model,0.9834832,-0.0072330562
Rahul's Model,0.89073515,-0.05025141
Rahul's Model,0.96021163,-0.017633036
Rahul's Model,0.9032216,-0.04420568
Rahul's Model,1.0058275,0.0025235252
Rahul's Model,0.91178584,-0.040107157
Rahul's Model,0.97025144,-0.013115703
Rahul's Model,0.9435724,-0.02522477
Rahul's Model,0.9353955,-0.029004734
Rahul's Model,0.9263145,-0.03324155
Rahul's Model,0.94781435,-0.023276722
Rahul's Model,0.92253315,-0.035018016
Rahul's Model,0.94531476,-0.024423558
Rahul's Model,0.9758357,-0.010623306
Rahul's Model,1.0645883,0.027181692
Rahul's Model,0.9142406,-0.0389395
Rahul's Model,0.9322789,-0.030454159
Rahul's Model,0.9757173,-0.010675992
Rahul's Model,0.9668013,-0.014662781
Rahul's Model,0.9692011,-0.013586107
Rahul's Model,0.87881434,-0.056102864
Rahul's Model,0.9478501,-0.023260336
Rahul's Model,0.9889641,-0.0048194816
Rahul's Model,1.0210978,0.009067331
Rahul's Model,0.99270487,-0.0031798482
Rahul's Model,0.99768674,-0.0010057982
Rahul's Model,1.0351957,0.015022463
Rahul's Model,0.97873616,-0.009334365
Rahul's Model,0.8541131,-0.06848462
Rahul's Model,0.9015112,-0.045028877
Rahul's Model,0.91678655,-0.037731767
Rahul's Model,0.97591364,-0.010588611
Rahul's Model,0.9216919,-0.03541423
Rahul's Model,0.98708975,-0.0056433566
Rahul's Model,0.9044304,-0.04362485
Rahul's Model,0.9208236,-0.035823572
Rahul's Model,0.87035334,-0.0603044
Rahul's Model,0.95079803,-0.021911725
Rahul's Model,0.8769649,-0.057017777
Rahul's Model,0.90251803,-0.044544112
Rahul's Model,0.945609,-0.024288416
Rahul's Model,0.9195683,-0.03641601
Rahul's Model,0.892022,-0.04962443
Rahul's Model,0.96217275,-0.01674695
Rahul's Model,1.0781162,0.032665562
Rahul's Model,0.8974397,-0.046994712
Rahul's Model,1.008505,0.0036780501
Rahul's Model,0.94625854,-0.023990186
Rahul's Model,1.0138063,0.005955004
Rahul's Model,0.9566926,-0.019227596
Rahul's Model,0.9275011,-0.032685574
Rahul's Model,0.9872825,-0.0055585545
Rahul's Model,0.8973808,-0.047023214
Rahul's Model,0.96554375,-0.015228044
Rahul's Model,1.0874399,0.03640526
Rahul's Model,0.9622872,-0.016695296
Rahul's Model,0.9947109,-0.0023031132
Rahul's Model,0.9169773,-0.03764142
Rahul's Model,0.9244032,-0.034138564
Rahul's Model,1.0073795,0.0031931226
Rahul's Model,0.8505229,-0.070314
Rahul's Model,0.8566327,-0.06720535
Rahul's Model,0.94137347,-0.026238047
Rahul's Model,0.9708879,-0.012830911
Rahul's Model,0.88085306,-0.055096533
Rahul's Model,1.024871,0.010669201
Rahul's Model,0.910406,-0.04076489
Rahul's Model,0.96966183,-0.013379699
Rahul's Model,1.0042039,0.0018219105
Rahul's Model,0.9735997,-0.011619581
Rahul's Model,0.8734875,-0.05874332
Rahul's Model,1.0608466,0.025652576
Rahul's Model,0.9517114,-0.021494722
Rahul's Model,0.95393133,-0.020482887
Rahul's Model,0.90200686,-0.044790156
Rahul's Model,0.9719528,-0.012354827
Rahul's Model,0.94330704,-0.025346924
Rahul's Model,0.8994818,-0.046007633
Rahul's Model,0.8738233,-0.058576386
Rahul's Model,0.88327456,-0.05390428
Rahul's Model,1.0358399,0.015292643
Rahul's Model,0.97527266,-0.010873952
Rahul's Model,1.0590395,0.024912149
Rahul's Model,1.017769,0.00764921
Rahul's Model,0.95917666,-0.018101398
Rahul's Model,0.9257895,-0.03348776
Rahul's Model,0.97144663,-0.012581052
Rahul's Model,0.95975864,-0.01783797
Rahul's Model,0.8653307,-0.062817894
Rahul's Model,0.8812227,-0.05491431
Rahul's Model,1.026694,0.011441049
Rahul's Model,0.8773724,-0.056816038
Rahul's Model,0.94452786,-0.024785226
Rahul's Model,1.0387573,0.016514098
Rahul's Model,0.9659867,-0.01502884
Rahul's Model,1.0197595,0.0084977755
Rahul's Model,1.0673997,0.028327093
Rahul's Model,0.9966012,-0.0014785838
Rahul's Model,0.98683953,-0.005753461
Rahul's Model,0.9069704,-0.042406894
Rahul's Model,1.0030838,0.0013372274
Rahul's Model,0.9032432,-0.044195306
Rahul's Model,0.92527294,-0.033730138
Rahul's Model,0.93723047,-0.028153602
Rahul's Model,0.93203723,-0.030566737
Rahul's Model,0.9918425,-0.0035572827
Rahul's Model,0.93569994,-0.028863398
Rahul's Model,0.9209045,-0.035785396
Rahul's Model,0.98684525,-0.005750943
Rahul's Model,0.91365194,-0.03921922
Rahul's Model,0.90507424,-0.043315798
Rahul's Model,0.97430086,-0.011306914
Rahul's Model,0.91271496,-0.03966483
Rahul's Model,1.0175462,0.007554127
Rahul's Model,0.9831203,-0.0073933266
Rahul's Model,1.0160887,0.006931632
Rahul's Model,0.8565339,-0.06725545
Rahul's Model,0.9453361,-0.024413755
Rahul's Model,0.9596789,-0.017874058
Rahul's Model,0.9476216,-0.023365056
Rahul's Model,0.91408217,-0.039014764
Rahul's Model,1.0554234,0.02342671
Rahul's Model,1.0402293,0.017129092
Rahul's Model,0.9520476,-0.021341344
Rahul's Model,0.8976623,-0.04688702
Rahul's Model,0.946126,-0.02405103
Rahul's Model,0.8780401,-0.05648566
Rahul's Model,1.1495107,0.060513034
Rahul's Model,0.92315197,-0.0347268
Rahul's Model,1.1087847,0.044847216
Rahul's Model,1.0835956,0.034867246
Rahul's Model,0.98755145,-0.0054402687
Rahul's Model,1.0263572,0.011298522
Rahul's Model,0.8762065,-0.05739352
Rahul's Model,1.0452129,0.019204747
Rahul's Model,0.98068416,-0.008470839
Rahul's Model,0.87721205,-0.056895413
Rahul's Model,0.96522677,-0.015370642
Rahul's Model,0.8674464,-0.06175734
Rahul's Model,0.974066,-0.011411607
Rahul's Model,0.87634623,-0.057324275
Rahul's Model,1.0318764,0.013627699
Rahul's Model,0.9143586,-0.03888344
Rahul's Model,0.93819416,-0.027707277
Rahul's Model,1.0491385,0.020832844
Rahul's Model,0.87682605,-0.057086557
Rahul's Model,0.89195085,-0.049659077
Rahul's Model,1.027918,0.011958463
Rahul's Model,0.99645627,-0.0015417577
Rahul's Model,0.8944099,-0.048463404
Rahul's Model,0.97608733,-0.010511324
Rahul's Model,1.0138761,0.0059848772
Rahul's Model,1.0283216,0.012128969
Rahul's Model,0.8588501,-0.06608262
Rahul's Model,0.8911898,-0.050029784
Rahul's Model,0.9705359,-0.012988407
Rahul's Model,0.9133444,-0.039365437
Rahul's Model,0.8748112,-0.05808568
Rahul's Model,1.0559365,0.023637785
Rahul's Model,0.9640844,-0.01588495
Rahul's Model,0.8898685,-0.050674167
Rahul's Model,0.92318535,-0.034711096
Rahul's Model,0.9606308,-0.017443504
Rahul's Model,0.9626322,-0.016539624
Rahul's Model,1.0345272,0.014741907
Rahul's Model,1.039254,0.016721684
Rahul's Model,0.89106584,-0.05009021
Rahul's Model,0.92236745,-0.03509603
Rahul's Model,0.93314385,-0.030051399
Rahul's Model,0.9732144,-0.011791479
Rahul's Model,0.95792985,-0.018666293
Rahul's Model,1.0283607,0.012145482
Rahul's Model,0.9104458,-0.0407459
Rahul's Model,0.98439145,-0.0068321666
Rahul's Model,0.9307592,-0.031162666
Rahul's Model,1.0427114,0.018164111
Rahul's Model,0.95040727,-0.022090252
Rahul's Model,0.91637397,-0.037927255
Rahul's Model,0.9352664,-0.02906468
Rahul's Model,0.9447589,-0.024679013
Rahul's Model,0.8996289,-0.04593661
Rahul's Model,0.9294994,-0.03175089
Rahul's Model,0.9428842,-0.025541639
Rahul's Model,0.94988537,-0.022328801
Rahul's Model,0.94461536,-0.024744995
Rahul's Model,0.94432425,-0.024878856
Rahul's Model,0.97639847,-0.010372911
Rahul's Model,0.95807195,-0.018601876
Rahul's Model,0.9345368,-0.029403586
Rahul's Model,0.93076634,-0.031159328
Rahul's Model,0.8545785,-0.06824804
Rahul's Model,1.030888,0.013211468
Rahul's Model,0.9462484,-0.023994837
Rahul's Model,0.88951373,-0.050847344
Rahul's Model,0.9072486,-0.042273685
Rahul's Model,1.0168332,0.0072497115
Rahul's Model,1.0126922,0.0054774703
Rahul's Model,0.9518219,-0.021444296
Rahul's Model,0.9447361,-0.024689479
Rahul's Model,1.0279706,0.011980674
Rahul's Model,0.93733346,-0.028105877
Rahul's Model,0.89821124,-0.046621513
Rahul's Model,0.9368088,-0.028349027
Rahul's Model,0.9797021,-0.008905955
Rahul's Model,0.99216497,-0.0034161108
Rahul's Model,0.90415657,-0.04375636
Rahul's Model,1.0332273,0.014195883
Rahul's Model,0.846058,-0.07259986
Rahul's Model,0.89685726,-0.047276672
Rahul's Model,0.88023937,-0.055399213
Rahul's Model,0.9612998,-0.017141158
Rahul's Model,0.9290457,-0.031962935
Rahul's Model,1.0018702,0.00081143965
Rahul's Model,0.99726975,-0.0011873543
Rahul's Model,0.9626881,-0.016514402
Rahul's Model,0.9087192,-0.041570306
Rahul's Model,0.915252,-0.038459327
Rahul's Model,0.92558956,-0.03358155
Rahul's Model,0.8714191,-0.05977294
Rahul's Model,0.9801338,-0.008714646
Rahul's Model,0.8997247,-0.045890346
Rahul's Model,0.88779736,-0.051686153
Rahul's Model,1.0118225,0.0051043164
Rahul's Model,0.86556864,-0.06269849
Rahul's Model,1.0726216,0.030446531
Rahul's Model,0.9401709,-0.026793202
Rahul's Model,1.0168234,0.007245537
Rahul's Model,1.0109016,0.0047088712
Rahul's Model,0.92757463,-0.032651138
Rahul's Model,0.88016725,-0.055434797
Rahul's Model,0.87907517,-0.055973988
Rahul's Model,0.9033865,-0.044126417
Rahul's Model,0.9170871,-0.037589427
Rahul's Model,0.89566433,-0.047854718
Rahul's Model,0.9143063,-0.038908295
Rahul's Model,0.9771104,-0.010056371
Rahul's Model,0.94400394,-0.025026193
Rahul's Model,0.7948377,-0.099721536
Rahul's Model,1.0764836,0.032007422
Rahul's Model,0.85060406,-0.07027255
Rahul's Model,0.9248074,-0.03394869
Rahul's Model,0.85861504,-0.06620151
Rahul's Model,0.9440688,-0.024996359
Rahul's Model,0.99245167,-0.0032906341
Rahul's Model,1.0363737,0.015516398
Rahul's Model,0.93108344,-0.031011397
Rahul's Model,1.0158911,0.006847145
Rahul's Model,0.98782754,-0.0053188703
Rahul's Model,1.0153004,0.0065945545
Rahul's Model,1.02968,0.012702283
Rahul's Model,1.0007455,0.00032366105
Rahul's Model,0.98773384,-0.0053600664
Rahul's Model,0.92035854,-0.036042955
Rahul's Model,0.9777639,-0.009766005
Rahul's Model,0.97065175,-0.01293656
Rahul's Model,0.88443387,-0.053334635
Rahul's Model,0.8617525,-0.06461744
Rahul's Model,0.93313134,-0.030057225
Rahul's Model,0.9902742,-0.0042445394
Rahul's Model,0.96188855,-0.016875245
Rahul's Model,0.9467641,-0.023758214
Rahul's Model,1.0426204,0.018126227
Rahul's Model,0.8822355,-0.054415457
Rahul's Model,0.97016644,-0.01315375
Rahul's Model,0.9608269,-0.017354859
Rahul's Model,0.9118856,-0.040059634
Rahul's Model,0.99199605,-0.0034900573
Rahul's Model,1.1130272,0.046505783
Rahul's Model,1.1039778,0.04296034
Rahul's Model,1.0226781,0.0097389715
Rahul's Model,0.9434285,-0.025291001
Rahul's Model,1.0188606,0.008114759
Rahul's Model,0.9796673,-0.008921385
Rahul's Model,0.9772731,-0.009984053
Rahul's Model,0.9905033,-0.0041440683
Rahul's Model,0.9959042,-0.0017824329
Rahul's Model,1.0269407,0.011545368
Rahul's Model,0.97906876,-0.009186808
Rahul's Model,0.958681,-0.018325886
Rahul's Model,0.8539095,-0.06858816
Rahul's Model,1.0048223,0.002089245
Rahul's Model,0.9213035,-0.035597272
Rahul's Model,0.857321,-0.066856526
Rahul's Model,0.95924795,-0.018069122
Rahul's Model,0.9639101,-0.015963469
Rahul's Model,0.9774364,-0.009911481
Rahul's Model,0.89635515,-0.04751988
Rahul's Model,0.9350101,-0.02918371
Rahul's Model,0.9051024,-0.043302298
Rahul's Model,0.9703367,-0.013077553
Rahul's Model,1.0556351,0.02351382
Rahul's Model,0.927848,-0.032523174
Rahul's Model,1.0167301,0.0072056684
Rahul's Model,0.9169786,-0.037640803
Rahul's Model,0.96301055,-0.016368955
Rahul's Model,0.8633988,-0.06378856
Rahul's Model,1.0040414,0.001751635
Rahul's Model,1.0209414,0.009000805
Rahul's Model,0.92692924,-0.03295342
Rahul's Model,0.99327826,-0.0029290677
Rahul's Model,0.9061465,-0.04280157
Rahul's Model,1.00723,0.0031286713
Rahul's Model,0.9369954,-0.028262546
Rahul's Model,1.0315613,0.013495022
Rahul's Model,0.8599516,-0.065525986
Rahul's Model,0.96606374,-0.014994219
Rahul's Model,1.0239294,0.010269995
Rahul's Model,0.9227698,-0.034906633
Rahul's Model,0.96788454,-0.014176447
Rahul's Model,0.8775431,-0.05673155
Rahul's Model,0.9322847,-0.030451437
Rahul's Model,1.0308343,0.013188868
Rahul's Model,1.0138899,0.0059908004
Rahul's Model,0.93089175,-0.031100817
Rahul's Model,0.99128234,-0.0038026292
Rahul's Model,0.90797925,-0.041924078
Rahul's Model,0.99538314,-0.0020097182
Rahul's Model,0.98449135,-0.006788096
Rahul's Model,0.9388939,-0.027383476
Rahul's Model,0.8934777,-0.04891629
Rahul's Model,0.940179,-0.026789458
Rahul's Model,0.91393065,-0.039086755
Rahul's Model,0.9483416,-0.023035195
Rahul's Model,0.87047076,-0.060245812
Rahul's Model,0.9473064,-0.02350953
Rahul's Model,0.9691026,-0.013630232
Rahul's Model,0.98730755,-0.0055475426
Rahul's Model,0.97562397,-0.01071754
Rahul's Model,0.82837605,-0.08177246
Rahul's Model,1.0178431,0.0076808487
Rahul's Model,1.0780625,0.032643955
Rahul's Model,0.98649263,-0.0059061535
Rahul's Model,0.8901558,-0.050533976
Rahul's Model,1.0282849,0.012113461
Rahul's Model,0.892336,-0.04947158
Rahul's Model,1.0344216,0.014697565
Rahul's Model,0.8392006,-0.076134205
Rahul's Model,0.94377697,-0.025130626
Rahul's Model,0.97560394,-0.010726456
Rahul's Model,0.9700899,-0.013188011
Rahul's Model,1.0201006,0.008643
Rahul's Model,0.9741343,-0.011381153
Rahul's Model,0.909256,-0.041313834
Rahul's Model,1.0052061,0.002255119
Rahul's Model,0.8850384,-0.053037897
Rahul's Model,1.0200922,0.008639447
Rahul's Model,0.9268851,-0.032974087
Rahul's Model,0.81435394,-0.089186795
Rahul's Model,0.97948253,-0.009003305
Rahul's Model,0.96695817,-0.014592315
Rahul's Model,1.0662688,0.027866703
Rahul's Model,0.9366865,-0.028405732
Rahul's Model,0.97219765,-0.0122454325
Rahul's Model,0.9864055,-0.0059445184
Rahul's Model,0.9127356,-0.03965502
Rahul's Model,0.90700555,-0.042390056
Rahul's Model,1.0343288,0.014658625
Rahul's Model,0.88437426,-0.053363904
Rahul's Model,0.93170774,-0.030720297
Rahul's Model,1.0505022,0.02139696
Rahul's Model,0.86893,-0.06101522
Rahul's Model,0.957286,-0.018958293
Rahul's Model,1.0402927,0.017155567
Rahul's Model,0.9287696,-0.032092012
Rahul's Model,0.90483856,-0.043428898
Rahul's Model,0.8747046,-0.05813859
Rahul's Model,0.9643215,-0.015778152
Rahul's Model,1.0961404,0.03986618
Rahul's Model,0.981112,-0.008281411
Rahul's Model,0.9135051,-0.039289035
Rahul's Model,0.98517764,-0.006485455
Rahul's Model,0.97007465,-0.013194842
Rahul's Model,0.9856336,-0.006284495
Rahul's Model,0.9915781,-0.0036730727
Rahul's Model,0.9894185,-0.0046199705
Rahul's Model,0.9103142,-0.04080868
Rahul's Model,0.83775115,-0.07688497
Rahul's Model,0.9048548,-0.04342112
Rahul's Model,0.93362045,-0.029829642
Rahul's Model,0.8960401,-0.047672562
Rahul's Model,0.8768871,-0.057056326
Rahul's Model,0.964208,-0.015829267
Rahul's Model,0.94596934,-0.024122939
Rahul's Model,0.88465023,-0.053228404
Rahul's Model,0.84642804,-0.07240996
Rahul's Model,0.9742503,-0.011329444
Rahul's Model,0.95399094,-0.020455752
Rahul's Model,0.9317019,-0.03072302
Rahul's Model,0.9552624,-0.019877305
Rahul's Model,0.9741317,-0.011382322
Rahul's Model,0.9376168,-0.027974607
Rahul's Model,0.98097146,-0.00834363
Rahul's Model,0.9717283,-0.012455137
Rahul's Model,0.82788706,-0.0820289
Rahul's Model,1.0126219,0.0054473067
Rahul's Model,0.8138287,-0.089467
Rahul's Model,0.9872941,-0.005553468
Rahul's Model,0.85209143,-0.069513805
Rahul's Model,0.93176734,-0.030692514
Rahul's Model,0.87617815,-0.057407584
Rahul's Model,1.0174806,0.0075261425
Rahul's Model,0.89061904,-0.050308026
Rahul's Model,0.96056676,-0.017472446
Rahul's Model,0.97932494,-0.009073187
Rahul's Model,0.8762522,-0.05737089
Rahul's Model,1.0671605,0.028229736
Rahul's Model,1.0545127,0.02305183
Rahul's Model,0.92066646,-0.03589768
Rahul's Model,1.1039039,0.042931262
Rahul's Model,0.90995276,-0.040981155
Rahul's Model,0.967121,-0.014519184
Rahul's Model,0.98548245,-0.0063511035
Rahul's Model,0.94511867,-0.02451366
Rahul's Model,0.9398335,-0.026949069
Rahul's Model,0.9213561,-0.03557249
Rahul's Model,1.0009893,0.0004294429
Rahul's Model,0.9369037,-0.028305039
Rahul's Model,1.0513152,0.02173294
Rahul's Model,0.8895104,-0.050848972
Rahul's Model,1.0007204,0.0003127452
Rahul's Model,0.9849179,-0.006599979
Rahul's Model,0.8261912,-0.08291944
Rahul's Model,0.9377326,-0.027920997
Rahul's Model,0.91215384,-0.03993191
Rahul's Model,1.0148274,0.006392172
Rahul's Model,1.0070881,0.0030674492
Rahul's Model,0.97568595,-0.010689947
Rahul's Model,0.970006,-0.013225584
Rahul's Model,0.99436915,-0.0024523584
Rahul's Model,0.9458773,-0.02416519
Rahul's Model,1.0211525,0.009090603
Rahul's Model,1.023337,0.010018679
Rahul's Model,0.8930353,-0.04913138
Rahul's Model,0.93044007,-0.031311594
Rahul's Model,1.0327353,0.013989042
Rahul's Model,0.96488667,-0.015523695
Rahul's Model,0.8984382,-0.046511784
Rahul's Model,0.997942,-0.0008947117
Rahul's Model,0.93400466,-0.029650955
Rahul's Model,0.98897207,-0.0048159743
Rahul's Model,1.0480238,0.020371154
Rahul's Model,0.9649477,-0.015496224
Rahul's Model,0.9968766,-0.0013585994
Rahul's Model,0.9421773,-0.025867365
Rahul's Model,0.88426614,-0.053417005
Rahul's Model,1.0156035,0.006724207
Rahul's Model,0.93346536,-0.029901793
Rahul's Model,0.9193584,-0.036515165
Rahul's Model,0.9273255,-0.032767802
Rahul's Model,0.9483472,-0.023032628
Rahul's Model,0.9142548,-0.03893276
Rahul's Model,1.0027273,0.0011828261
Rahul's Model,0.9206346,-0.035912693
Rahul's Model,0.93280864,-0.03020744
Rahul's Model,1.1121964,0.046181504
Rahul's Model,1.1014454,0.04196299
Rahul's Model,0.99451876,-0.0023870217
Rahul's Model,0.9344832,-0.029428516
Rahul's Model,0.9408686,-0.026471017
Rahul's Model,0.9599905,-0.017733064
Rahul's Model,0.90562475,-0.04305172
Rahul's Model,1.0554636,0.02344324
Rahul's Model,0.9419383,-0.025977552
Rahul's Model,0.9091897,-0.041345492
Rahul's Model,0.9505402,-0.02202952
Rahul's Model,0.9250128,-0.033852246
Rahul's Model,0.9167104,-0.037767854
Rahul's Model,0.9025601,-0.04452386
Rahul's Model,0.92748356,-0.03269378
Rahul's Model,0.88658977,-0.052277286
Rahul's Model,0.93974006,-0.026992258
Rahul's Model,0.9639089,-0.015964005
Rahul's Model,0.981449,-0.008132259
Rahul's Model,1.0252767,0.010841072
Rahul's Model,0.9396293,-0.027043441
Rahul's Model,0.9395292,-0.027089726
Rahul's Model,0.8457947,-0.07273505
Rahul's Model,1.0130181,0.0056172186
Rahul's Model,0.8899864,-0.050616633
Rahul's Model,1.0098228,0.004245192
Rahul's Model,0.92812574,-0.032393184
Rahul's Model,0.89182544,-0.049720146
Rahul's Model,1.0099659,0.0043067094
Rahul's Model,1.0009944,0.0004316669
Rahul's Model,0.93779397,-0.027892563
Rahul's Model,0.93108726,-0.031009618
Rahul's Model,0.9315561,-0.030790983
Rahul's Model,1.0029459,0.0012775073
Rahul's Model,0.9790255,-0.0092060035
Rahul's Model,0.9388765,-0.027391527
Rahul's Model,0.8636308,-0.063671894
Rahul's Model,0.9240056,-0.034325384
Rahul's Model,1.0441488,0.018762395
Rahul's Model,0.9495791,-0.022468844
Rahul's Model,0.95426595,-0.02033057
Rahul's Model,0.9040806,-0.043792836
Rahul's Model,0.9829477,-0.007469586
Rahul's Model,0.8578793,-0.06657382
Rahul's Model,0.8576883,-0.06667051
Rahul's Model,1.0040362,0.0017493662
Rahul's Model,0.9764514,-0.010349369
Rahul's Model,0.9520906,-0.021321714
Rahul's Model,0.94682467,-0.023730434
Rahul's Model,0.9187062,-0.036823362
Rahul's Model,0.9759989,-0.0105506815
Rahul's Model,0.8841399,-0.053479012
Rahul's Model,0.94024825,-0.026757466
Rahul's Model,0.9500321,-0.022261713
Rahul's Model,0.90921235,-0.041334674
Rahul's Model,1.0005939,0.00025785124
Rahul's Model,0.88207567,-0.054494157
Rahul's Model,0.87750256,-0.05675161
Rahul's Model,1.0173118,0.007454087
Rahul's Model,0.9912511,-0.0038163129
Rahul's Model,0.9644679,-0.01571223
Rahul's Model,0.9638909,-0.015972115
Rahul's Model,0.9583677,-0.018467829
Rahul's Model,0.9527273,-0.021031382
Rahul's Model,1.0382887,0.016318133
Rahul's Model,1.028822,0.01234022
Rahul's Model,0.9934137,-0.0028698607
Rahul's Model,0.96469486,-0.015610036
Rahul's Model,0.90175426,-0.044911798
Rahul's Model,1.0087267,0.0037735233
Rahul's Model,0.8390213,-0.076227
Rahul's Model,1.0256543,0.011001012
Rahul's Model,0.98586714,-0.0061816075
Rahul's Model,1.091253,0.037925467
Rahul's Model,1.0203526,0.008750277
Rahul's Model,0.9570122,-0.019082537
Rahul's Model,0.9583142,-0.018492086
Rahul's Model,0.9231075,-0.03474772
Rahul's Model,1.0792769,0.03313289
Rahul's Model,0.97954834,-0.008974129
Rahul's Model,0.93251395,-0.030344661
Rahul's Model,0.9267298,-0.03304687
Rahul's Model,0.9113326,-0.04032309
Rahul's Model,0.8959446,-0.047718845
Rahul's Model,0.92100286,-0.03573902
Rahul's Model,0.95908964,-0.018140802
Rahul's Model,1.0498605,0.021131586
Rahul's Model,0.92383873,-0.03440383
Rahul's Model,0.9048418,-0.043427356
Rahul's Model,0.9291042,-0.031935573
Rahul's Model,0.937381,-0.02808384
Rahul's Model,0.8925079,-0.049387924
Rahul's Model,0.92419887,-0.03423457
Rahul's Model,0.9252758,-0.033728793
Rahul's Model,1.0461859,0.019608842
Rahul's Model,0.97789204,-0.009709088
Rahul's Model,0.92725074,-0.03280281
Rahul's Model,0.9814149,-0.008147347
Rahul's Model,0.95609677,-0.019498149
Rahul's Model,1.0970148,0.040212482
Rahul's Model,0.93850577,-0.027563054
Rahul's Model,0.9848008,-0.0066516004
Rahul's Model,0.9990449,-0.00041499498
Rahul's Model,0.90444577,-0.04361747
Rahul's Model,0.9883537,-0.0050875945
Rahul's Model,0.9502133,-0.022178888
Rahul's Model,0.91235876,-0.039834354
Rahul's Model,0.8769436,-0.057028342
Rahul's Model,0.9467585,-0.023760783
Rahul's Model,0.959823,-0.017808842
Rahul's Model,0.9808059,-0.008416942
Rahul's Model,0.88906145,-0.05106822
Rahul's Model,0.94709325,-0.02360726
Rahul's Model,0.98970425,-0.004494564
Rahul's Model,1.1060662,0.04378113
Rahul's Model,0.8927386,-0.049275696
Rahul's Model,0.9893507,-0.004649745
Rahul's Model,0.95085704,-0.021884773
Rahul's Model,0.89239,-0.049445298
Rahul's Model,0.9226023,-0.034985468
Rahul's Model,0.9669553,-0.0145936
Rahul's Model,0.85125554,-0.06994005
Rahul's Model,1.0350283,0.0149522405
Rahul's Model,0.9583684,-0.018467505
Rahul's Model,0.83700585,-0.077271506
Rahul's Model,0.9800571,-0.008748611
Rahul's Model,0.9545157,-0.020216925
Rahul's Model,1.0040073,0.0017368876
Rahul's Model,0.9923625,-0.0033296559
Rahul's Model,0.92366743,-0.034484368
Rahul's Model,0.92672,-0.033051454
Rahul's Model,0.90538096,-0.04316864
Rahul's Model,0.83817685,-0.07666434
Rahul's Model,0.8975816,-0.04692607
Rahul's Model,0.96893954,-0.01370332
Rahul's Model,1.0315346,0.0134837795
Rahul's Model,0.93264675,-0.030282818
Rahul's Model,1.0252893,0.010846424
Rahul's Model,1.0121833,0.005259171
Rahul's Model,0.93236077,-0.030416008
Rahul's Model,0.9283271,-0.03229898
Rahul's Model,0.9300021,-0.031516075
Rahul's Model,0.9765644,-0.010299108
Rahul's Model,0.9403701,-0.026701195
Rahul's Model,0.89324415,-0.04902982
Rahul's Model,0.9852135,-0.0064696376
Rahul's Model,0.96762097,-0.014294729
Rahul's Model,0.94913006,-0.022674272
Rahul's Model,1.0176693,0.007606682
Rahul's Model,0.9767666,-0.010209206
Rahul's Model,0.92460275,-0.03404482
Rahul's Model,0.954746,-0.02011215
Rahul's Model,0.9940084,-0.002609936
Rahul's Model,1.0087118,0.0037671076
Rahul's Model,0.89345825,-0.04892574
Rahul's Model,1.033834,0.0144508025
Rahul's Model,0.9797988,-0.0088631
Rahul's Model,0.9238398,-0.034403328
Rahul's Model,0.9512563,-0.021702465
Rahul's Model,0.9935372,-0.002815873
Rahul's Model,0.9064481,-0.042657044
Rahul's Model,0.90847313,-0.041687913
Rahul's Model,0.89039123,-0.050419126
Rahul's Model,0.8189217,-0.08675763
Rahul's Model,0.9926621,-0.0031985715
Rahul's Model,0.92049694,-0.03597765
Rahul's Model,0.8278835,-0.08203078
Rahul's Model,0.9314573,-0.030837057
Rahul's Model,0.9387226,-0.02746272
Rahul's Model,0.9384928,-0.027569067
Rahul's Model,1.0150414,0.006483735
Rahul's Model,0.87332356,-0.058824822
Rahul's Model,0.89203584,-0.049617697
Rahul's Model,1.0421664,0.017937047
Rahul's Model,0.87413776,-0.058420118
Rahul's Model,0.9374654,-0.028044738
Rahul's Model,0.87389815,-0.058539182
Rahul's Model,0.8457378,-0.07276425
Rahul's Model,1.0043522,0.0018860404
Rahul's Model,0.9208441,-0.0358139
Rahul's Model,0.9353727,-0.029015305
Rahul's Model,0.9582393,-0.018526014
Rahul's Model,0.8292451,-0.08131709
Rahul's Model,0.8643899,-0.06329032
Rahul's Model,0.98525107,-0.006453085
Rahul's Model,0.92818904,-0.032363564
Rahul's Model,0.9236653,-0.034485377
Rahul's Model,1.0574332,0.02425296
Rahul's Model,0.9071499,-0.042320937
Rahul's Model,0.9195552,-0.0364222
Rahul's Model,0.98408437,-0.006967667
Rahul's Model,0.9704925,-0.013007824
Rahul's Model,0.94648504,-0.023886245
Rahul's Model,0.9375106,-0.02802381
Rahul's Model,0.96206415,-0.01679597
Rahul's Model,1.0982515,0.04070179
Rahul's Model,0.9182794,-0.037025154
Rahul's Model,0.9123572,-0.03983509
Rahul's Model,0.9252012,-0.033763822
Rahul's Model,0.9501277,-0.022218011
Rahul's Model,0.9295064,-0.031747606
Rahul's Model,0.9110248,-0.040469795
Rahul's Model,0.9253471,-0.033695336
Rahul's Model,0.9701798,-0.013147774
Rahul's Model,0.9604299,-0.017534325
Rahul's Model,0.99158144,-0.0036716107
Rahul's Model,0.91990614,-0.03625648
Rahul's Model,1.0098873,0.004272927
Rahul's Model,0.8784983,-0.056259066
Rahul's Model,0.87410426,-0.058436763
Rahul's Model,0.8800039,-0.05551539
Rahul's Model,0.94947684,-0.022515625
Rahul's Model,0.96808374,-0.014087074
Rahul's Model,0.98223364,-0.0077851946
Rahul's Model,1.02701,0.011574657
Rahul's Model,0.9200022,-0.036211126
Rahul's Model,0.97832894,-0.009515098
Rahul's Model,0.9833673,-0.007284227
Rahul's Model,0.89787793,-0.046782702
Rahul's Model,1.0003568,0.00015492577
Rahul's Model,0.87587166,-0.057559527
Rahul's Model,0.9995941,-0.00017631923
Rahul's Model,0.9466405,-0.023814922
Rahul's Model,0.9345479,-0.029398434
Rahul's Model,1.0852026,0.035510816
Rahul's Model,1.0245433,0.010530312
Rahul's Model,0.94122076,-0.026308503
Rahul's Model,0.98642933,-0.0059340214
Rahul's Model,0.957399,-0.018907025
Rahul's Model,0.9472095,-0.023553966
Rahul's Model,1.0018606,0.00080730557
Rahul's Model,0.9766594,-0.010256858
Rahul's Model,0.88685644,-0.052146677
Rahul's Model,0.97404265,-0.011422025
Rahul's Model,0.9455904,-0.024296956
Rahul's Model,0.9969342,-0.0013335159
Rahul's Model,0.94686866,-0.023710258
Rahul's Model,1.0358349,0.015290543
Rahul's Model,0.9347644,-0.029297844
Rahul's Model,0.9670943,-0.014531176
Rahul's Model,0.959458,-0.017974034
Rahul's Model,1.0068403,0.0029606111
Rahul's Model,0.942569,-0.02568684
Rahul's Model,0.8748907,-0.058046207
Rahul's Model,0.9606092,-0.017453259
Rahul's Model,0.89290094,-0.049196716
Rahul's Model,0.9982085,-0.0007787264
Rahul's Model,0.8865378,-0.052302748
Rahul's Model,0.9226632,-0.034956794
Rahul's Model,0.94644237,-0.023905827
Rahul's Model,1.0237011,0.010173158
Rahul's Model,1.0024763,0.001074129
Rahul's Model,0.9165535,-0.03784218
Rahul's Model,1.0181156,0.007797109
Rahul's Model,0.90843904,-0.04170421
Rahul's Model,0.8604636,-0.06526749
Rahul's Model,1.0415161,0.017665973
Rahul's Model,1.03462,0.014780889
Rahul's Model,0.9384347,-0.027595934
Rahul's Model,0.8567102,-0.06716607
Rahul's Model,0.9407351,-0.02653265
Rahul's Model,0.9887959,-0.004893353
Rahul's Model,1.0081444,0.0035227328
Rahul's Model,0.93715465,-0.028188735
Rahul's Model,0.9867579,-0.005789399
Rahul's Model,0.9297508,-0.03163344
Rahul's Model,0.9544536,-0.020245185
Rahul's Model,0.9362807,-0.028593916
Rahul's Model,0.96502936,-0.015459474
Rahul's Model,1.0140866,0.006075046
Rahul's Model,0.9403746,-0.026699103
Rahul's Model,1.0846041,0.03527126
Rahul's Model,1.0336856,0.014388451
Rahul's Model,0.9674244,-0.014382967
Rahul's Model,0.9860443,-0.0061035785
Rahul's Model,0.90190554,-0.044838946
Rahul's Model,0.9224113,-0.035075374
Rahul's Model,0.99469364,-0.0023106602
Rahul's Model,1.0875534,0.036450583
Rahul's Model,0.9309714,-0.031063668
Rahul's Model,0.9906726,-0.0040698536
Rahul's Model,0.96841955,-0.013936451
Rahul's Model,0.9671711,-0.014496701
Rahul's Model,0.86758566,-0.061687637
Rahul's Model,0.91973865,-0.03633556
Rahul's Model,0.90566874,-0.043030623
Rahul's Model,0.9673785,-0.01440357
Rahul's Model,1.0086334,0.0037333346
Rahul's Model,0.93917596,-0.027253032
Rahul's Model,0.95725787,-0.018971056
Rahul's Model,0.9219395,-0.03529758
Rahul's Model,0.90987813,-0.041016772
Rahul's Model,0.95145833,-0.021610225
Rahul's Model,0.9152266,-0.038471375
Rahul's Model,1.0314151,0.013433487
Rahul's Model,1.0775148,0.03242323
Rahul's Model,0.9294348,-0.03178108
Rahul's Model,0.97440886,-0.0112587735
Rahul's Model,0.8437643,-0.07377885
Rahul's Model,0.87313175,-0.05892022
Rahul's Model,0.9288266,-0.03206537
Rahul's Model,1.0021993,0.00095409167
Rahul's Model,0.90246105,-0.044571534
Rahul's Model,1.0567766,0.023983207
Rahul's Model,0.9779452,-0.009685477
Rahul's Model,0.976686,-0.010245037
Rahul's Model,0.91600704,-0.03810119
Rahul's Model,1.0060793,0.0026322205
Rahul's Model,0.9257841,-0.033490278
Rahul's Model,0.9030099,-0.044307493
Rahul's Model,1.0274342,0.01175403
Rahul's Model,0.90124214,-0.045158513
Rahul's Model,1.0648879,0.027303886
Rahul's Model,1.01515,0.006530198
Rahul's Model,0.93250835,-0.03034727
Rahul's Model,1.0141437,0.0060994993
Rahul's Model,0.9091221,-0.04137778
Rahul's Model,1.0316633,0.013537981
Rahul's Model,0.9474441,-0.023446413
Rahul's Model,0.89449465,-0.04842225
Rahul's Model,1.0043893,0.0019020714
Rahul's Model,0.9865155,-0.005896077
Rahul's Model,1.0184299,0.007931131
Rahul's Model,0.92470706,-0.03399583
Rahul's Model,0.9468255,-0.023730053
Rahul's Model,0.89594173,-0.04772023
Rahul's Model,0.96086836,-0.017336108
Rahul's Model,1.0850736,0.035459194
Rahul's Model,1.0879332,0.03660222
Rahul's Model,0.9616772,-0.016970683
Rahul's Model,0.9566196,-0.019260716
Rahul's Model,0.99005556,-0.0043404326
Rahul's Model,0.9550909,-0.019955302
Rahul's Model,0.91855586,-0.03689443
Rahul's Model,0.9919485,-0.0035108814
Rahul's Model,0.9396174,-0.027048951
Rahul's Model,1.0044321,0.0019205759
Rahul's Model,1.0320072,0.013682734
Rahul's Model,0.95853126,-0.01839372
Rahul's Model,1.1090546,0.044952914
Rahul's Model,1.0149784,0.006456804
Rahul's Model,0.9440874,-0.024987806
Rahul's Model,0.9926144,-0.0032194338
Rahul's Model,0.95938814,-0.018005656
Rahul's Model,1.0251273,0.010777796
Rahul's Model,1.058662,0.024757348
Rahul's Model,1.0185211,0.007970017
Rahul's Model,0.9542767,-0.020325689
Rahul's Model,0.8776387,-0.056684237
Rahul's Model,0.8989581,-0.046260558
Rahul's Model,1.0388383,0.016547939
Rahul's Model,0.8428782,-0.07423516
Rahul's Model,0.95747304,-0.018873446
Rahul's Model,0.9816128,-0.008059787
Rahul's Model,0.97231054,-0.012195005
Rahul's Model,1.0091107,0.0039388067
Rahul's Model,0.9186162,-0.036865912
Rahul's Model,1.001707,0.0007406904
Rahul's Model,0.94967806,-0.022423593
Rahul's Model,0.9953966,-0.0020038409
Rahul's Model,0.9735848,-0.011626228
Rahul's Model,0.9300133,-0.03151084
Rahul's Model,0.8616222,-0.06468311
Rahul's Model,1.0781453,0.03267728
Rahul's Model,0.98322606,-0.007346619
Rahul's Model,0.93226707,-0.030459655
Rahul's Model,0.91912174,-0.03662696
Rahul's Model,0.9390211,-0.027324645
Rahul's Model,0.9494909,-0.022509191
Rahul's Model,0.97997487,-0.0087850625
Rahul's Model,1.049577,0.021014305
Rahul's Model,0.918195,-0.037065074
Rahul's Model,0.84128857,-0.07505501
Rahul's Model,0.9339862,-0.029659547
Rahul's Model,0.9407306,-0.026534742
Rahul's Model,0.97547615,-0.010783346
Rahul's Model,0.8701929,-0.06038447
Rahul's Model,1.0411688,0.017521149
Rahul's Model,0.8648958,-0.0630362
Rahul's Model,1.0103981,0.0044925422
Rahul's Model,0.9173378,-0.03747072
Rahul's Model,0.9197893,-0.03631164
Rahul's Model,0.946944,-0.023675704
Rahul's Model,0.89486,-0.04824489
Rahul's Model,0.90671456,-0.04252941
Rahul's Model,1.043391,0.018447082
Rahul's Model,1.0273389,0.011713717
Rahul's Model,1.014825,0.006391152
Rahul's Model,1.0086778,0.0037524798
Rahul's Model,0.9194795,-0.036457956
Rahul's Model,1.0247968,0.010637779
Rahul's Model,0.95352674,-0.020667126
Rahul's Model,0.9791614,-0.009145724
Rahul's Model,0.96474147,-0.015589054
Rahul's Model,0.9709729,-0.012792893
Rahul's Model,0.8817946,-0.054632578
Rahul's Model,1.0111207,0.0048029916
Rahul's Model,0.9846779,-0.0067058043
Rahul's Model,0.8845639,-0.053270776
Rahul's Model,0.94282687,-0.02556805
Rahul's Model,0.919695,-0.036356166
Rahul's Model,0.9759325,-0.010580229
Rahul's Model,0.9872174,-0.005587187
Rahul's Model,0.9447901,-0.024664655
Rahul's Model,0.8436518,-0.07383677
Rahul's Model,0.8981639,-0.046644397
Rahul's Model,0.89325285,-0.04902559
Rahul's Model,0.97056746,-0.012974272
Rahul's Model,0.94772315,-0.02331851
Rahul's Model,0.86886716,-0.06104662
Rahul's Model,0.99128914,-0.0037996522
Rahul's Model,0.9002626,-0.045630794
Rahul's Model,0.9427382,-0.025608907
Rahul's Model,0.9936476,-0.002767623
Rahul's Model,0.9674643,-0.014365039
Rahul's Model,0.9005264,-0.04550355
Rahul's Model,1.0109397,0.0047252593
Rahul's Model,0.88218594,-0.05443987
Rahul's Model,0.98315096,-0.0073797926
Rahul's Model,1.005948,0.0025755088
Rahul's Model,0.97121656,-0.0126839215
Rahul's Model,0.9129213,-0.039566655
Rahul's Model,0.9417926,-0.026044723
Rahul's Model,1.034354,0.014669186
Rahul's Model,0.92421484,-0.034227062
Rahul's Model,0.9151615,-0.038502265
Rahul's Model,0.859769,-0.065618224
Rahul's Model,1.0391332,0.016671216
Rahul's Model,0.96077085,-0.017380184
Rahul's Model,0.8718511,-0.059557687
Rahul's Model,0.95974135,-0.01784579
Rahul's Model,0.99045503,-0.0041652373
Rahul's Model,1.1116803,0.0459799
Rahul's Model,0.9784025,-0.009482448
Rahul's Model,0.99189496,-0.0035343163
Rahul's Model,0.96120596,-0.017183546
Rahul's Model,0.89650524,-0.047447167
Rahul's Model,0.8937743,-0.048772153
Rahul's Model,0.8028658,-0.09535704
Rahul's Model,0.78690475,-0.10407783
Rahul's Model,0.7205104,-0.14235973
Rahul's Model,0.75568455,-0.12165946
Rahul's Model,0.8117263,-0.090590395
Rahul's Model,0.7574892,-0.12062355
Rahul's Model,0.7867404,-0.104168534
Rahul's Model,0.7369299,-0.13257383
Rahul's Model,0.76627433,-0.11561572
Rahul's Model,0.79467154,-0.09981234
Rahul's Model,0.7430969,-0.12895456
Rahul's Model,0.78203875,-0.10677173
Rahul's Model,0.76573956,-0.11591891
Rahul's Model,0.74707085,-0.1266382
Rahul's Model,0.7737225,-0.11141476
Rahul's Model,0.77583003,-0.11023341
Rahul's Model,0.8350861,-0.078268744
Rahul's Model,0.7848068,-0.105237246
Rahul's Model,0.8025657,-0.09551941
Rahul's Model,0.75077015,-0.124493
Rahul's Model,0.79659843,-0.09876055
Rahul's Model,0.7505006,-0.12464894
Rahul's Model,0.702805,-0.15316516
Rahul's Model,0.7565905,-0.121139124
Rahul's Model,0.7823516,-0.10659802
Rahul's Model,0.8182956,-0.087089784
Rahul's Model,0.809,-0.09205147
Rahul's Model,0.7712539,-0.11280264
Rahul's Model,0.7885895,-0.10314902
Rahul's Model,0.7827069,-0.106400825
Rahul's Model,0.7977435,-0.09813672
Rahul's Model,0.76845795,-0.11437989
Rahul's Model,0.753883,-0.12269605
Rahul's Model,0.83534616,-0.078133516
Rahul's Model,0.78264964,-0.10643261
Rahul's Model,0.7781834,-0.10891804
Rahul's Model,0.76589364,-0.11583154
Rahul's Model,0.77428454,-0.111099415
Rahul's Model,0.80450034,-0.094473764
Rahul's Model,0.81847715,-0.08699344
Rahul's Model,0.7776169,-0.109234296
Rahul's Model,0.7657366,-0.1159206
Rahul's Model,0.7554486,-0.12179509
Rahul's Model,0.7372136,-0.13240665
Rahul's Model,0.8382938,-0.07660375
Rahul's Model,0.75163996,-0.12399014
Rahul's Model,0.72712964,-0.13838816
Rahul's Model,0.7430844,-0.12896188
Rahul's Model,0.81046295,-0.09126683
Rahul's Model,0.77139914,-0.11272085
Rahul's Model,0.8039661,-0.09476226
Rahul's Model,0.78183174,-0.1068867
Rahul's Model,0.75846356,-0.12006528
Rahul's Model,0.76956683,-0.113753654
Rahul's Model,0.8152738,-0.0886965
Rahul's Model,0.7496147,-0.1251619
Rahul's Model,0.81329906,-0.08974973
Rahul's Model,0.7901461,-0.10229259
Rahul's Model,0.75827247,-0.12017471
Rahul's Model,0.76624566,-0.11563197
Rahul's Model,0.79526883,-0.09948604
Rahul's Model,0.80154014,-0.09607472
Rahul's Model,0.8121098,-0.090385236
Rahul's Model,0.77371806,-0.111417264
Rahul's Model,0.7088141,-0.14946766
Rahul's Model,0.7980854,-0.09795064
Rahul's Model,0.78725064,-0.10388698
Rahul's Model,0.79510224,-0.099577025
Rahul's Model,0.759509,-0.11946706
Rahul's Model,0.7409602,-0.13020512
Rahul's Model,0.80331993,-0.09511146
Rahul's Model,0.7524953,-0.12349621
Rahul's Model,0.82246965,-0.08488012
Rahul's Model,0.78449243,-0.10541124
Rahul's Model,0.8100683,-0.091478355
Rahul's Model,0.80521476,-0.09408827
Rahul's Model,0.7800237,-0.10789221
Rahul's Model,0.7842627,-0.10553843
Rahul's Model,0.7790756,-0.10842039
Rahul's Model,0.7551371,-0.1219742
Rahul's Model,0.78143257,-0.10710849
Rahul's Model,0.7742146,-0.11113863
Rahul's Model,0.7932006,-0.10061696
Rahul's Model,0.781978,-0.10680546
Rahul's Model,0.7576597,-0.12052583
Rahul's Model,0.79727066,-0.09839422
Rahul's Model,0.753864,-0.122707
Rahul's Model,0.79635584,-0.09889283
Rahul's Model,0.78150696,-0.10706715
Rahul's Model,0.8178943,-0.08730283
Rahul's Model,0.7990351,-0.097434156
Rahul's Model,0.7769593,-0.10960173
Rahul's Model,0.8091158,-0.0919893
Rahul's Model,0.76961505,-0.113726445
Rahul's Model,0.716891,-0.14454688
Rahul's Model,0.77888495,-0.10852669
Rahul's Model,0.7593978,-0.11953066
Rahul's Model,0.77937466,-0.10825372
Rahul's Model,0.76818466,-0.11453437
Rahul's Model,0.75813735,-0.12025211
Rahul's Model,0.75693154,-0.1209434
Rahul's Model,0.75300056,-0.1232047
Rahul's Model,0.82874006,-0.08158167
Rahul's Model,0.7667906,-0.1153232
Rahul's Model,0.81405354,-0.089347035
Rahul's Model,0.76826006,-0.114491746
Rahul's Model,0.79377145,-0.10030453
Rahul's Model,0.753811,-0.12273753
Rahul's Model,0.80149734,-0.09609792
Rahul's Model,0.77185094,-0.11246656
Rahul's Model,0.78251475,-0.106507465
Rahul's Model,0.78024024,-0.10777166
Rahul's Model,0.77147037,-0.11268075
Rahul's Model,0.7715521,-0.11263475
Rahul's Model,0.7736283,-0.11146765
Rahul's Model,0.7710084,-0.11294091
Rahul's Model,0.75573516,-0.12163037
Rahul's Model,0.7843131,-0.10551054
Rahul's Model,0.7663759,-0.11555816
Rahul's Model,0.7695604,-0.11375729
Rahul's Model,0.7855551,-0.104823336
Rahul's Model,0.7945359,-0.09988649
Rahul's Model,0.8032324,-0.0951588
Rahul's Model,0.79230565,-0.10110725
Rahul's Model,0.81627893,-0.08816141
Rahul's Model,0.78663754,-0.10422533
Rahul's Model,0.8429707,-0.0741875
Rahul's Model,0.73599625,-0.1331244
Rahul's Model,0.7735211,-0.11152782
Rahul's Model,0.802912,-0.09533206
Rahul's Model,0.755768,-0.1216115
Rahul's Model,0.79433787,-0.099994734
Rahul's Model,0.7728737,-0.11189147
Rahul's Model,0.7868686,-0.1040978
Rahul's Model,0.81327796,-0.089761
Rahul's Model,0.77519757,-0.1105876
Rahul's Model,0.74933475,-0.12532413
Rahul's Model,0.7570244,-0.12089012
Rahul's Model,0.7837219,-0.105838
Rahul's Model,0.7703314,-0.11332241
Rahul's Model,0.7442222,-0.12829736
Rahul's Model,0.7887229,-0.103075564
Rahul's Model,0.7591372,-0.11967972
Rahul's Model,0.75575054,-0.121621534
Rahul's Model,0.7623693,-0.11783461
Rahul's Model,0.7844261,-0.10544797
Rahul's Model,0.7670399,-0.11518205
Rahul's Model,0.7579751,-0.12034506
Rahul's Model,0.80747706,-0.09286981
Rahul's Model,0.8001766,-0.09681414
Rahul's Model,0.7650482,-0.1163112
Rahul's Model,0.8202732,-0.086041465
Rahul's Model,0.8276867,-0.08213401
Rahul's Model,0.7922594,-0.1011326
Rahul's Model,0.80685526,-0.093204364
Rahul's Model,0.76510787,-0.11627733
Rahul's Model,0.835299,-0.07815803
Rahul's Model,0.7954693,-0.09937659
Rahul's Model,0.7672831,-0.11504438
Rahul's Model,0.7765473,-0.10983208
Rahul's Model,0.7925622,-0.100966655
Rahul's Model,0.7685092,-0.11435092
Rahul's Model,0.8153906,-0.088634305
Rahul's Model,0.76457715,-0.11657868
Rahul's Model,0.7897364,-0.10251785
Rahul's Model,0.7442226,-0.12829715
Rahul's Model,0.8049873,-0.09421097
Rahul's Model,0.77056265,-0.113192044
Rahul's Model,0.7348546,-0.1337986
Rahul's Model,0.7561948,-0.12136633
Rahul's Model,0.7836242,-0.105892174
Rahul's Model,0.7907355,-0.10196877
Rahul's Model,0.7375738,-0.13219452
Rahul's Model,0.7948727,-0.09970242
Rahul's Model,0.75155187,-0.12404104
Rahul's Model,0.76460075,-0.11656528
Rahul's Model,0.807409,-0.09290642
Rahul's Model,0.81224984,-0.090310365
Rahul's Model,0.7716831,-0.11256101
Rahul's Model,0.7971549,-0.09845728
Rahul's Model,0.7792716,-0.10831115
Rahul's Model,0.7739381,-0.11129376
Rahul's Model,0.8018997,-0.095879965
Rahul's Model,0.7985822,-0.097680375
Rahul's Model,0.8043859,-0.09453555
Rahul's Model,0.77193457,-0.11241951
Rahul's Model,0.7728357,-0.11191284
Rahul's Model,0.79898894,-0.097459234
Rahul's Model,0.8549729,-0.06804765
Rahul's Model,0.82462835,-0.08374174
Rahul's Model,0.82279015,-0.08471092
Rahul's Model,0.74533355,-0.12764932
Rahul's Model,0.79240453,-0.10105305
Rahul's Model,0.75357366,-0.12287429
Rahul's Model,0.79858553,-0.097678564
Rahul's Model,0.77868414,-0.108638674
Rahul's Model,0.7842804,-0.10552863
Rahul's Model,0.74600327,-0.12725927
Rahul's Model,0.81964153,-0.08637604
Rahul's Model,0.72979534,-0.13679892
Rahul's Model,0.7967525,-0.098676555
Rahul's Model,0.7727248,-0.11197515
Rahul's Model,0.8164402,-0.08807561
Rahul's Model,0.760072,-0.11914527
Rahul's Model,0.82610583,-0.08296431
Rahul's Model,0.783528,-0.1059455
Rahul's Model,0.8023472,-0.095637664
Rahul's Model,0.7512373,-0.124222875
Rahul's Model,0.7709379,-0.11298059
Rahul's Model,0.8108326,-0.09106879
Rahul's Model,0.7555642,-0.12172862
Rahul's Model,0.7737703,-0.11138796
Rahul's Model,0.76287884,-0.117544435
Rahul's Model,0.7940185,-0.100169376
Rahul's Model,0.72237,-0.14124028
Rahul's Model,0.80017185,-0.09681673
Rahul's Model,0.7725175,-0.112091675
Rahul's Model,0.7591444,-0.11967559
Rahul's Model,0.7566571,-0.12110087
Rahul's Model,0.75512886,-0.12197893
Rahul's Model,0.7443121,-0.12824492
Rahul's Model,0.81274366,-0.090046406
Rahul's Model,0.8185405,-0.086959824
Rahul's Model,0.756354,-0.1212749
Rahul's Model,0.7935493,-0.100426085
Rahul's Model,0.8155302,-0.08855996
Rahul's Model,0.770306,-0.11333673
Rahul's Model,0.7999806,-0.09692056
Rahul's Model,0.7586597,-0.11995298
Rahul's Model,0.80426794,-0.09459924
Rahul's Model,0.7951906,-0.099528775
Rahul's Model,0.7990684,-0.09741605
Rahul's Model,0.73062456,-0.13630573
Rahul's Model,0.8243551,-0.083885655
Rahul's Model,0.7832175,-0.10611762
Rahul's Model,0.84368706,-0.07381862
Rahul's Model,0.8112587,-0.090840645
Rahul's Model,0.84697163,-0.072131135
Rahul's Model,0.79885334,-0.09753294
Rahul's Model,0.818537,-0.08696169
Rahul's Model,0.82353723,-0.08431676
Rahul's Model,0.812348,-0.09025788
Rahul's Model,0.7942566,-0.100039154
Rahul's Model,0.7407862,-0.13030712
Rahul's Model,0.77229685,-0.11221574
Rahul's Model,0.75004756,-0.1249112
Rahul's Model,0.7740759,-0.11121644
Rahul's Model,0.81727725,-0.08763059
Rahul's Model,0.7445772,-0.12809025
Rahul's Model,0.8025516,-0.09552702
Rahul's Model,0.7424318,-0.12934342
Rahul's Model,0.78520024,-0.10501958
Rahul's Model,0.83037156,-0.08072753
Rahul's Model,0.7706176,-0.11316107
Rahul's Model,0.7616712,-0.118232474
Rahul's Model,0.7899727,-0.102387905
Rahul's Model,0.8290738,-0.08140682
Rahul's Model,0.79705733,-0.09851044
Rahul's Model,0.75185317,-0.12386697
Rahul's Model,0.86572456,-0.06262026
Rahul's Model,0.80018425,-0.09681
Rahul's Model,0.7484301,-0.12584877
Rahul's Model,0.7436266,-0.12864509
Rahul's Model,0.79362667,-0.10038375
Rahul's Model,0.7769252,-0.10962079
Rahul's Model,0.7829993,-0.10623864
Rahul's Model,0.8235298,-0.084320694
Rahul's Model,0.7918076,-0.10138034
Rahul's Model,0.7607627,-0.118750796
Rahul's Model,0.79644644,-0.098843426
Rahul's Model,0.7457109,-0.1274295
Rahul's Model,0.7954301,-0.099397965
Rahul's Model,0.77386534,-0.1113346
Rahul's Model,0.7457189,-0.12742485
Rahul's Model,0.7292315,-0.1371346
Rahul's Model,0.75595635,-0.12150328
Rahul's Model,0.78865373,-0.10311364
Rahul's Model,0.8309908,-0.08040379
Rahul's Model,0.75597084,-0.12149496
Rahul's Model,0.7783351,-0.10883339
Rahul's Model,0.7763055,-0.109967336
Rahul's Model,0.8109373,-0.09101273
Rahul's Model,0.78030336,-0.10773652
Rahul's Model,0.8071346,-0.09305402
Rahul's Model,0.77747726,-0.1093123
Rahul's Model,0.7317462,-0.13563953
Rahul's Model,0.80476254,-0.09433225
Rahul's Model,0.7760403,-0.110115714
Rahul's Model,0.72350043,-0.14056121
Rahul's Model,0.7845599,-0.10537389
Rahul's Model,0.7478788,-0.12616879
Rahul's Model,0.7725208,-0.11208983
Rahul's Model,0.79148126,-0.10155936
Rahul's Model,0.77840775,-0.10879285
Rahul's Model,0.7657869,-0.115892075
Rahul's Model,0.8042929,-0.094585754
Rahul's Model,0.7471194,-0.12660997
Rahul's Model,0.8158402,-0.08839491
Rahul's Model,0.7308886,-0.13614881
Rahul's Model,0.7699729,-0.11352455
Rahul's Model,0.8007749,-0.09648956
Rahul's Model,0.78310704,-0.10617887
Rahul's Model,0.74119145,-0.1300696
Rahul's Model,0.7877559,-0.10360833
Rahul's Model,0.78500056,-0.10513003
Rahul's Model,0.74635184,-0.12705639
Rahul's Model,0.7139254,-0.14634715
Rahul's Model,0.8340734,-0.078795716
Rahul's Model,0.79112095,-0.10175712
Rahul's Model,0.7245195,-0.13994993
Rahul's Model,0.76676947,-0.11533519
Rahul's Model,0.7967914,-0.09865537
Rahul's Model,0.7979617,-0.098017946
Rahul's Model,0.7505735,-0.124606766
Rahul's Model,0.78326964,-0.106088705
Rahul's Model,0.78358424,-0.10591431
Rahul's Model,0.7226306,-0.14108364
Rahul's Model,0.78258896,-0.106466286
Rahul's Model,0.78734934,-0.10383253
Rahul's Model,0.7072946,-0.15039967
Rahul's Model,0.79583955,-0.099174485
Rahul's Model,0.8069838,-0.09313517
Rahul's Model,0.76849395,-0.11435955
Rahul's Model,0.7707988,-0.11305897
Rahul's Model,0.7652002,-0.11622493
Rahul's Model,0.797017,-0.09853242
Rahul's Model,0.77843606,-0.10877705
Rahul's Model,0.7702984,-0.11334099
Rahul's Model,0.78795815,-0.10349685
Rahul's Model,0.75217986,-0.1236783
Rahul's Model,0.83002484,-0.08090891
Rahul's Model,0.77950287,-0.10818228
Rahul's Model,0.8088559,-0.09212885
Rahul's Model,0.7690629,-0.114038154
Rahul's Model,0.78284234,-0.10632569
Rahul's Model,0.80288583,-0.095346205
Rahul's Model,0.73001504,-0.13666819
Rahul's Model,0.77437806,-0.11104696
Rahul's Model,0.7659789,-0.11578321
Rahul's Model,0.7709391,-0.11297992
Rahul's Model,0.75063735,-0.124569826
Rahul's Model,0.86765873,-0.06165106
Rahul's Model,0.839468,-0.075995855
Rahul's Model,0.7436038,-0.12865838
Rahul's Model,0.7778673,-0.10909448
Rahul's Model,0.7522838,-0.12361828
Rahul's Model,0.7676176,-0.11485509
Rahul's Model,0.7420368,-0.12957454
Rahul's Model,0.7856844,-0.10475186
Rahul's Model,0.8002765,-0.09675992
Rahul's Model,0.7656227,-0.115985215
Rahul's Model,0.78709704,-0.10397172
Rahul's Model,0.793024,-0.10071367
Rahul's Model,0.77522904,-0.11056997
Rahul's Model,0.7865025,-0.1042999
Rahul's Model,0.78854334,-0.10317443
Rahul's Model,0.81700945,-0.08777292
Rahul's Model,0.82361275,-0.08427694
Rahul's Model,0.77400535,-0.11125603
Rahul's Model,0.7587135,-0.1199222
Rahul's Model,0.74214965,-0.12950851
Rahul's Model,0.83990085,-0.07577198
Rahul's Model,0.7873188,-0.10384937
Rahul's Model,0.7624504,-0.117788404
Rahul's Model,0.7909477,-0.101852246
Rahul's Model,0.79222643,-0.10115067
Rahul's Model,0.7937088,-0.1003388
Rahul's Model,0.81221116,-0.09033105
Rahul's Model,0.7417443,-0.1297458
Rahul's Model,0.76041996,-0.11894649
Rahul's Model,0.7991017,-0.09739794
Rahul's Model,0.7700683,-0.11347076
Rahul's Model,0.8495703,-0.07080069
Rahul's Model,0.7642889,-0.11674245
Rahul's Model,0.82768315,-0.082135886
Rahul's Model,0.8093352,-0.09187158
Rahul's Model,0.8349606,-0.078334026
Rahul's Model,0.77922225,-0.108338654
Rahul's Model,0.76049757,-0.11890217
Rahul's Model,0.7557623,-0.12161479
Rahul's Model,0.8179279,-0.08728498
Rahul's Model,0.75951725,-0.119462356
Rahul's Model,0.8123252,-0.09027009
Rahul's Model,0.8083879,-0.09238021
Rahul's Model,0.8282969,-0.08181396
Rahul's Model,0.8267951,-0.082602106
Rahul's Model,0.8234598,-0.0843576
Rahul's Model,0.78512084,-0.10506349
Rahul's Model,0.7901187,-0.10230766
Rahul's Model,0.7526647,-0.12339846
Rahul's Model,0.68950784,-0.16146079
Rahul's Model,0.7903982,-0.10215407
Rahul's Model,0.81071496,-0.091131814
Rahul's Model,0.78864515,-0.10311837
Rahul's Model,0.76546013,-0.11607742
Rahul's Model,0.75157714,-0.12402644
Rahul's Model,0.7775692,-0.10926096
Rahul's Model,0.8089899,-0.09205691
Rahul's Model,0.8178357,-0.08733394
Rahul's Model,0.7849246,-0.105172046
Rahul's Model,0.83012736,-0.08085527
Rahul's Model,0.75548995,-0.12177131
Rahul's Model,0.7731273,-0.11174898
Rahul's Model,0.79011893,-0.10230753
Rahul's Model,0.80380505,-0.094849266
Rahul's Model,0.7963256,-0.09890931
Rahul's Model,0.7687274,-0.11422763
Rahul's Model,0.8035684,-0.09497714
Rahul's Model,0.8223089,-0.08496501
Rahul's Model,0.79067016,-0.102004655
Rahul's Model,0.79233366,-0.10109189
Rahul's Model,0.8216524,-0.08531187
Rahul's Model,0.77322483,-0.11169421
Rahul's Model,0.8001811,-0.09681172
Rahul's Model,0.81715494,-0.08769558
Rahul's Model,0.7427019,-0.12918547
Rahul's Model,0.8113329,-0.090800926
Rahul's Model,0.7405078,-0.13047038
Rahul's Model,0.787543,-0.103725724
Rahul's Model,0.8111328,-0.09090804
Rahul's Model,0.7731887,-0.1117145
Rahul's Model,0.7575461,-0.12059092
Rahul's Model,0.7935053,-0.100450166
Rahul's Model,0.77538997,-0.110479824
Rahul's Model,0.7907759,-0.10194658
Rahul's Model,0.8209845,-0.085665055
Rahul's Model,0.77547556,-0.11043189
Rahul's Model,0.785544,-0.1048295
Rahul's Model,0.76262176,-0.11769081
Rahul's Model,0.76091963,-0.11866121
Rahul's Model,0.79880977,-0.097556636
Rahul's Model,0.7198596,-0.1427522
Rahul's Model,0.8137926,-0.08948627
Rahul's Model,0.79348266,-0.100462556
Rahul's Model,0.783021,-0.10622661
Rahul's Model,0.7979921,-0.098001406
Rahul's Model,0.7344525,-0.13403629
Rahul's Model,0.78141284,-0.107119456
Rahul's Model,0.81009066,-0.091466375
Rahul's Model,0.7427556,-0.12915407
Rahul's Model,0.7660348,-0.11575151
Rahul's Model,0.8132288,-0.08978726
Rahul's Model,0.7894837,-0.10265682
Rahul's Model,0.80296373,-0.09530407
Rahul's Model,0.7518582,-0.12386408
Rahul's Model,0.77474713,-0.11084002
Rahul's Model,0.78477955,-0.105252326
Rahul's Model,0.7923541,-0.101080686
Rahul's Model,0.80256593,-0.09551928
Rahul's Model,0.7737305,-0.111410275
Rahul's Model,0.75749564,-0.12061986
Rahul's Model,0.7729135,-0.1118691
Rahul's Model,0.7444521,-0.12816323
Rahul's Model,0.813608,-0.0895848
Rahul's Model,0.75469095,-0.12223086
Rahul's Model,0.72517246,-0.1395587
Rahul's Model,0.75521076,-0.121931836
Rahul's Model,0.7763418,-0.10994703
Rahul's Model,0.8212968,-0.08549986
Rahul's Model,0.81143755,-0.0907449
Rahul's Model,0.81899047,-0.08672115
Rahul's Model,0.7591902,-0.1196494
Rahul's Model,0.76926434,-0.1139244
Rahul's Model,0.8047123,-0.09435936
Rahul's Model,0.7802029,-0.10779242
Rahul's Model,0.7476814,-0.12628344
Rahul's Model,0.7838628,-0.105759926
Rahul's Model,0.8047048,-0.094363414
Rahul's Model,0.75333655,-0.12301096
Rahul's Model,0.7812032,-0.10723598
Rahul's Model,0.7928453,-0.10081154
Rahul's Model,0.78226787,-0.10664451
Rahul's Model,0.74722135,-0.12655073
Rahul's Model,0.7673593,-0.11500123
Rahul's Model,0.7986678,-0.09763383
Rahul's Model,0.8108067,-0.09108268
Rahul's Model,0.81564313,-0.088499814
Rahul's Model,0.7454981,-0.12755345
Rahul's Model,0.81042445,-0.091287464
Rahul's Model,0.7857048,-0.1047406
Rahul's Model,0.7594799,-0.119483724
Rahul's Model,0.8119501,-0.090470664
Rahul's Model,0.786592,-0.10425047
Rahul's Model,0.775649,-0.110334754
Rahul's Model,0.78571695,-0.10473388
Rahul's Model,0.7610079,-0.11861083
Rahul's Model,0.7786343,-0.108666465
Rahul's Model,0.77797157,-0.109036274
Rahul's Model,0.74011034,-0.13070352
Rahul's Model,0.73668253,-0.13271962
Rahul's Model,0.77612746,-0.11006695
Rahul's Model,0.761051,-0.11858624
Rahul's Model,0.76949036,-0.113796815
Rahul's Model,0.7884345,-0.10323438
Rahul's Model,0.73675156,-0.13267894
Rahul's Model,0.7794117,-0.108233094
Rahul's Model,0.79670453,-0.098702714
Rahul's Model,0.75270844,-0.12337322
Rahul's Model,0.796804,-0.09864849
Rahul's Model,0.77699554,-0.10958147
Rahul's Model,0.7969623,-0.09856221
Rahul's Model,0.75239134,-0.12355621
Rahul's Model,0.8149252,-0.08888225
Rahul's Model,0.74583936,-0.1273547
Rahul's Model,0.8044112,-0.0945219
Rahul's Model,0.70508856,-0.15175633
Rahul's Model,0.7449894,-0.1278499
Rahul's Model,0.78047717,-0.1076398
Rahul's Model,0.8193944,-0.086507
Rahul's Model,0.78518915,-0.10502571
Rahul's Model,0.7129185,-0.14696011
Rahul's Model,0.8055692,-0.093897164
Rahul's Model,0.7668966,-0.11526319
Rahul's Model,0.8176237,-0.08744654
Rahul's Model,0.80715925,-0.09304077
Rahul's Model,0.7842741,-0.105532125
Rahul's Model,0.7972027,-0.09843124
Rahul's Model,0.7815955,-0.107017934
Rahul's Model,0.80626,-0.09352489
Rahul's Model,0.7685538,-0.11432573
Rahul's Model,0.77966475,-0.1080921
Rahul's Model,0.80187464,-0.095893525
Rahul's Model,0.7648753,-0.11640937
Rahul's Model,0.777786,-0.10913987
Rahul's Model,0.7851011,-0.105074406
Rahul's Model,0.8359289,-0.07783065
Rahul's Model,0.7761,-0.11008233
Rahul's Model,0.8041694,-0.094652444
Rahul's Model,0.7740668,-0.11122156
Rahul's Model,0.70287424,-0.15312237
Rahul's Model,0.7474806,-0.1264001
Rahul's Model,0.78961754,-0.102583215
Rahul's Model,0.7973099,-0.098372854
Rahul's Model,0.8009218,-0.09640989
Rahul's Model,0.7909573,-0.10184698
Rahul's Model,0.7546978,-0.122226916
Rahul's Model,0.7945824,-0.09986104
Rahul's Model,0.78228223,-0.10663653
Rahul's Model,0.8005452,-0.09661414
Rahul's Model,0.7954879,-0.099366434
Rahul's Model,0.77230656,-0.112210274
Rahul's Model,0.83351564,-0.079086244
Rahul's Model,0.8257973,-0.08312653
Rahul's Model,0.8131397,-0.08983485
Rahul's Model,0.7492211,-0.12539001
Rahul's Model,0.78537023,-0.104925565
Rahul's Model,0.80310154,-0.095229544
Rahul's Model,0.80134994,-0.096177794
Rahul's Model,0.78371423,-0.10584226
Rahul's Model,0.8050252,-0.094190516
Rahul's Model,0.8207435,-0.08579255
Rahul's Model,0.7984754,-0.09773847
Rahul's Model,0.79315174,-0.100643724
Rahul's Model,0.81139505,-0.090767644
Rahul's Model,0.7319435,-0.13552245
Rahul's Model,0.7525376,-0.12347179
Rahul's Model,0.7556345,-0.12168823
Rahul's Model,0.80832636,-0.092413254
Rahul's Model,0.8033142,-0.09511455
Rahul's Model,0.7767768,-0.10970376
Rahul's Model,0.73658586,-0.13277662
Rahul's Model,0.78933734,-0.10273735
Rahul's Model,0.807353,-0.09293652
Rahul's Model,0.85923433,-0.065888375
Rahul's Model,0.77616084,-0.11004827
Rahul's Model,0.75936615,-0.11954876
Rahul's Model,0.7773528,-0.109381825
Rahul's Model,0.8132434,-0.08977946
Rahul's Model,0.7639391,-0.11694127
Rahul's Model,0.81796277,-0.08726647
Rahul's Model,0.7691728,-0.11397609
Rahul's Model,0.76004016,-0.11916345
Rahul's Model,0.7191466,-0.14318256
Rahul's Model,0.7619056,-0.118098825
Rahul's Model,0.79558784,-0.099311866
Rahul's Model,0.78764784,-0.103667915
Rahul's Model,0.7897567,-0.102506675
Rahul's Model,0.7285448,-0.13754375
Rahul's Model,0.7507259,-0.12451859
Rahul's Model,0.77443707,-0.11101387
Rahul's Model,0.7702832,-0.113349564
Rahul's Model,0.7741469,-0.11117661
Rahul's Model,0.7747735,-0.110825256
Rahul's Model,0.79777193,-0.09812125
Rahul's Model,0.72374016,-0.14041732
Rahul's Model,0.76463324,-0.116546825
Rahul's Model,0.7636163,-0.117124796
Rahul's Model,0.7874694,-0.10376632
Rahul's Model,0.7698157,-0.11361325
Rahul's Model,0.77756464,-0.109263495
Rahul's Model,0.7876628,-0.10365966
Rahul's Model,0.7732266,-0.1116932
Rahul's Model,0.78497535,-0.10514398
Rahul's Model,0.7946435,-0.099827655
Rahul's Model,0.71340674,-0.14666279
Rahul's Model,0.79246616,-0.10101927
Rahul's Model,0.77324176,-0.1116847
Rahul's Model,0.7497737,-0.12506981
Rahul's Model,0.748736,-0.12567127
Rahul's Model,0.78837544,-0.10326692
Rahul's Model,0.847245,-0.071991
Rahul's Model,0.79196316,-0.10129502
Rahul's Model,0.7605611,-0.118865885
Rahul's Model,0.816177,-0.08821564
Rahul's Model,0.74902177,-0.12550557
Rahul's Model,0.7418371,-0.12969147
Rahul's Model,0.7782885,-0.1088594
Rahul's Model,0.79968756,-0.09707966
Rahul's Model,0.8264234,-0.08279739
Rahul's Model,0.779711,-0.108066335
Rahul's Model,0.75022507,-0.12480843
Rahul's Model,0.74026304,-0.13061394
Rahul's Model,0.82347286,-0.08435071
Rahul's Model,0.7323387,-0.135288
Rahul's Model,0.7736339,-0.11146451
Rahul's Model,0.79302025,-0.10071573
Rahul's Model,0.7846736,-0.10531098
Rahul's Model,0.78937376,-0.10271732
Rahul's Model,0.7999015,-0.096963495
Rahul's Model,0.8271743,-0.08240297
Rahul's Model,0.8247253,-0.083690695
Rahul's Model,0.8286637,-0.081621684
Rahul's Model,0.7738166,-0.111361966
Rahul's Model,0.76972777,-0.11366285
Rahul's Model,0.76445854,-0.11664607
Rahul's Model,0.8306707,-0.0805711
Rahul's Model,0.78410745,-0.10562442
Rahul's Model,0.7561659,-0.1213829
Rahul's Model,0.7437603,-0.12856701
Rahul's Model,0.78778005,-0.103595026
Rahul's Model,0.7555966,-0.12171002
Rahul's Model,0.78987336,-0.10244253
Rahul's Model,0.74797326,-0.12611392
Rahul's Model,0.76031125,-0.119008586
Rahul's Model,0.7508228,-0.12446256
Rahul's Model,0.85490876,-0.06808023
Rahul's Model,0.8163128,-0.0881434
Rahul's Model,0.7692039,-0.11395852
Rahul's Model,0.77745783,-0.10932316
Rahul's Model,0.7907581,-0.10195637
Rahul's Model,0.83580154,-0.07789683
Rahul's Model,0.81867796,-0.0868869
Rahul's Model,0.78122026,-0.107226506
Rahul's Model,0.786072,-0.104537666
Rahul's Model,0.796359,-0.09889111
Rahul's Model,0.78563946,-0.10477671
Rahul's Model,0.7610003,-0.11861519
Rahul's Model,0.77709156,-0.109527804
Rahul's Model,0.82475996,-0.083672434
Rahul's Model,0.75252014,-0.12348187
Rahul's Model,0.76996756,-0.11352757
Rahul's Model,0.76465416,-0.11653495
Rahul's Model,0.7260834,-0.1390135
Rahul's Model,0.8201194,-0.08612292
Rahul's Model,0.7335474,-0.13457182
Rahul's Model,0.7845025,-0.105405666
Rahul's Model,0.81040925,-0.091295615
Rahul's Model,0.800118,-0.09684594
Rahul's Model,0.77864504,-0.10866048
Rahul's Model,0.79171556,-0.10143082
Rahul's Model,0.77992034,-0.107949756
Rahul's Model,0.81818783,-0.08714698
Rahul's Model,0.75947213,-0.11948816
Rahul's Model,0.78180397,-0.10690213
Rahul's Model,0.792812,-0.10082979
Rahul's Model,0.7898173,-0.10247337
Rahul's Model,0.779991,-0.107910424
Rahul's Model,0.81032896,-0.09133864
Rahul's Model,0.7252662,-0.13950256
Rahul's Model,0.7890851,-0.102876164
Rahul's Model,0.760761,-0.11875175
Rahul's Model,0.7780087,-0.10901555
Rahul's Model,0.7898443,-0.10245853
Rahul's Model,0.76305217,-0.117445774
Rahul's Model,0.78632796,-0.10439628
Rahul's Model,0.79088,-0.101889394
Rahul's Model,0.78176355,-0.10692458
Rahul's Model,0.78038114,-0.10769323
Rahul's Model,0.80177116,-0.09594957
Rahul's Model,0.75237364,-0.123566434
Rahul's Model,0.76086944,-0.11868986
Rahul's Model,0.7793978,-0.108240835
Rahul's Model,0.82268155,-0.08476824
Rahul's Model,0.79602426,-0.09907369
Rahul's Model,0.8144673,-0.08912634
Rahul's Model,0.77908945,-0.108412676
Rahul's Model,0.7748441,-0.11078566
Rahul's Model,0.8424864,-0.07443711
Rahul's Model,0.78797346,-0.10348841
Rahul's Model,0.8013,-0.09620486
Rahul's Model,0.8043779,-0.094539866
Rahul's Model,0.78754675,-0.10372365
Rahul's Model,0.77271205,-0.111982316
Rahul's Model,0.71813154,-0.143796
Rahul's Model,0.7607835,-0.11873892
Rahul's Model,0.7757389,-0.11028443
Rahul's Model,0.82076824,-0.08577946
Rahul's Model,0.77250147,-0.11210068
Rahul's Model,0.82655424,-0.08272864
Rahul's Model,0.7988264,-0.09754759
Rahul's Model,0.7760923,-0.11008663
Rahul's Model,0.7528302,-0.12330297
Rahul's Model,0.7382735,-0.13178273
Rahul's Model,0.7803588,-0.107705675
Rahul's Model,0.8208676,-0.08572689
Rahul's Model,0.7702721,-0.113355845
Rahul's Model,0.80171585,-0.09597953
Rahul's Model,0.8201873,-0.08608697
Rahul's Model,0.7753723,-0.1104897
Rahul's Model,0.80334663,-0.09509702
Rahul's Model,0.7928171,-0.100826986
Rahul's Model,0.7995357,-0.09716214
Rahul's Model,0.75916684,-0.11966277
Rahul's Model,0.7491779,-0.12541506
Rahul's Model,0.7857908,-0.10469306
Rahul's Model,0.78201604,-0.106784336
Rahul's Model,0.79029423,-0.10221119
Rahul's Model,0.78214604,-0.10671215
Rahul's Model,0.7778861,-0.109083995
Rahul's Model,0.7943912,-0.099965565
Rahul's Model,0.7479268,-0.12614092
Rahul's Model,0.7587612,-0.11989487
Rahul's Model,0.7699237,-0.11355232
Rahul's Model,0.7897848,-0.10249124
Rahul's Model,0.78547776,-0.10486611
Rahul's Model,0.7462603,-0.12710968
Rahul's Model,0.74444973,-0.12816462
Rahul's Model,0.7442211,-0.12829803
Rahul's Model,0.73648417,-0.13283658
Rahul's Model,0.7717457,-0.11252579
Rahul's Model,0.74329656,-0.12883787
Rahul's Model,0.7682538,-0.11449528
Rahul's Model,0.78750604,-0.1037461
Rahul's Model,0.8023102,-0.09565767
Rahul's Model,0.74033797,-0.13056998
Rahul's Model,0.80604386,-0.093641326
Rahul's Model,0.75063205,-0.124572895
Rahul's Model,0.79502654,-0.099618375
Rahul's Model,0.80171967,-0.09597746
Rahul's Model,0.7737938,-0.11137474
Rahul's Model,0.7775775,-0.109256305
Rahul's Model,0.76177657,-0.11817239
Rahul's Model,0.7483866,-0.12587398
Rahul's Model,0.80927336,-0.09190475
Rahul's Model,0.7338002,-0.13442218
Rahul's Model,0.74623424,-0.12712483
Rahul's Model,0.7890101,-0.10291743
Rahul's Model,0.8098587,-0.09159076
Rahul's Model,0.7959137,-0.09913402
Rahul's Model,0.8100007,-0.091514595
Rahul's Model,0.8007204,-0.09651911
Rahul's Model,0.79974896,-0.097046316
Rahul's Model,0.7547943,-0.12217139
Rahul's Model,0.7691685,-0.11397851
Rahul's Model,0.7116966,-0.1477051
Rahul's Model,0.77123433,-0.112813644
Rahul's Model,0.8151391,-0.088768266
Rahul's Model,0.8438595,-0.07372986
Rahul's Model,0.767357,-0.11500254
Rahul's Model,0.75000775,-0.12493425
Rahul's Model,0.75954723,-0.11944521
Rahul's Model,0.79078484,-0.10194167
Rahul's Model,0.7674098,-0.11497266
Rahul's Model,0.7494639,-0.12524927
Rahul's Model,0.7500726,-0.1248967
Rahul's Model,0.81095004,-0.0910059
Rahul's Model,0.8357369,-0.077930436
Rahul's Model,0.7774708,-0.109315895
Rahul's Model,0.7933298,-0.10054625
Rahul's Model,0.7832625,-0.10609267
Rahul's Model,0.7820865,-0.10674521
Rahul's Model,0.79465246,-0.09982277
Rahul's Model,0.77939963,-0.1082398
Rahul's Model,0.786852,-0.10410695
Rahul's Model,0.791094,-0.101771906
Rahul's Model,0.780529,-0.10761094
Rahul's Model,0.7602631,-0.11903609
Rahul's Model,0.7820065,-0.10678963
Rahul's Model,0.8229552,-0.08462381
Rahul's Model,0.7709203,-0.11299053
Rahul's Model,0.7615845,-0.11828189
Rahul's Model,0.82190263,-0.08517963
Rahul's Model,0.77160937,-0.11260251
Rahul's Model,0.7719849,-0.11239121
Rahul's Model,0.7680601,-0.1146048
Rahul's Model,0.7568417,-0.12099493
Rahul's Model,0.8159865,-0.08831702
Rahul's Model,0.798825,-0.097548336
Rahul's Model,0.7674261,-0.11496345
Rahul's Model,0.78204226,-0.10676978
Rahul's Model,0.77238727,-0.11216489
Rahul's Model,0.77804935,-0.10899285
Rahul's Model,0.78170216,-0.10695869
Rahul's Model,0.7583861,-0.12010965
Rahul's Model,0.7286648,-0.1374722
Rahul's Model,0.7388234,-0.13145936
Rahul's Model,0.7745314,-0.11096096
Rahul's Model,0.8472833,-0.07197135
Rahul's Model,0.72501874,-0.13965076
Rahul's Model,0.77990454,-0.10795855
Rahul's Model,0.7297907,-0.13680169
Rahul's Model,0.7994295,-0.09721984
Rahul's Model,0.7974898,-0.09827485
Rahul's Model,0.79608643,-0.09903978
Rahul's Model,0.79902476,-0.097439766
Rahul's Model,0.7737405,-0.11140469
Rahul's Model,0.77954847,-0.10815688
Rahul's Model,0.7691926,-0.113964915
Rahul's Model,0.79353887,-0.10043179
Rahul's Model,0.7620476,-0.118017904
Rahul's Model,0.7793693,-0.108256705
Rahul's Model,0.801321,-0.09619346
Rahul's Model,0.79634047,-0.09890121
Rahul's Model,0.7981628,-0.097908504
Rahul's Model,0.7352401,-0.13357082
Rahul's Model,0.8406067,-0.075407155
Rahul's Model,0.7291399,-0.13718912
Rahul's Model,0.6956299,-0.15762176
Rahul's Model,0.8332723,-0.07921307
Rahul's Model,0.8164223,-0.08808515
Rahul's Model,0.7635548,-0.117159784
Rahul's Model,0.7578858,-0.12039622
Rahul's Model,0.7502318,-0.12480453
Rahul's Model,0.84119266,-0.07510453
Rahul's Model,0.7920779,-0.101232104
Rahul's Model,0.798114,-0.09793507
Rahul's Model,0.75650316,-0.12118925
Rahul's Model,0.75765955,-0.1205259
Rahul's Model,0.73505443,-0.1336805
Rahul's Model,0.7372838,-0.13236529
Rahul's Model,0.81989384,-0.08624238
Rahul's Model,0.79991907,-0.09695395
Rahul's Model,0.7568382,-0.12099695
Rahul's Model,0.79444367,-0.099936895
Rahul's Model,0.81244254,-0.090207346
Rahul's Model,0.82463205,-0.08373979
Rahul's Model,0.74575657,-0.12740292
Rahul's Model,0.7265966,-0.13870664
Rahul's Model,0.7966926,-0.09870921
Rahul's Model,0.80535734,-0.09401138
Rahul's Model,0.8427586,-0.07429681
Rahul's Model,0.76132834,-0.11842801
Rahul's Model,0.79252696,-0.10098595
Rahul's Model,0.74507755,-0.12779853
Rahul's Model,0.8192067,-0.086606495
Rahul's Model,0.7649674,-0.11635708
Rahul's Model,0.7320498,-0.13545936
Rahul's Model,0.756644,-0.1211084
Rahul's Model,0.8204382,-0.08595412
Rahul's Model,0.7686046,-0.11429703
Rahul's Model,0.79109764,-0.10176991
Rahul's Model,0.78407097,-0.10564463
Rahul's Model,0.7459751,-0.12727568
Rahul's Model,0.7893717,-0.102718435
Rahul's Model,0.80988383,-0.09157727
Rahul's Model,0.7292182,-0.13714251
Rahul's Model,0.83727443,-0.07713217
Rahul's Model,0.8549192,-0.068074934
Rahul's Model,0.74751073,-0.12638257
Rahul's Model,0.73346454,-0.13462088
Rahul's Model,0.73155534,-0.13575281
Rahul's Model,0.7156986,-0.14526983
Rahul's Model,0.7416943,-0.12977508
Rahul's Model,0.8184887,-0.0869873
Rahul's Model,0.78213394,-0.10671887
Rahul's Model,0.80918664,-0.091951296
Rahul's Model,0.76199496,-0.1180479
Rahul's Model,0.7973606,-0.09834523
Rahul's Model,0.76196766,-0.118063465
Rahul's Model,0.76937467,-0.11386212
Rahul's Model,0.79786384,-0.09807122
Rahul's Model,0.7758523,-0.11022094
Rahul's Model,0.8112531,-0.09084365
Rahul's Model,0.79149854,-0.10154988
Rahul's Model,0.7873665,-0.10382306
Rahul's Model,0.7895037,-0.10264584
Rahul's Model,0.82586604,-0.08309039
Rahul's Model,0.77461696,-0.110913
Rahul's Model,0.74752843,-0.12637228
Rahul's Model,0.78904724,-0.102896996
Rahul's Model,0.7872761,-0.10387294
Rahul's Model,0.74513775,-0.12776344
Rahul's Model,0.82263803,-0.08479121
Rahul's Model,0.7551145,-0.121987194
Rahul's Model,0.7822877,-0.10663349
Rahul's Model,0.7718387,-0.112473436
Rahul's Model,0.7692794,-0.11391588
Rahul's Model,0.7363937,-0.13288994
Rahul's Model,0.7790326,-0.10844438
Rahul's Model,0.77440286,-0.11103305
Rahul's Model,0.8239124,-0.08411897
Rahul's Model,0.7634363,-0.11722718
Rahul's Model,0.8080906,-0.09253993
Rahul's Model,0.7894842,-0.10265656
Rahul's Model,0.783729,-0.105834074
Rahul's Model,0.7768175,-0.109680995
Rahul's Model,0.7906997,-0.10198841
Rahul's Model,0.7770137,-0.109571315
Rahul's Model,0.8195059,-0.08644793
Rahul's Model,0.76782465,-0.11473795
Rahul's Model,0.80588603,-0.093726374
Rahul's Model,0.85107875,-0.07003026
Rahul's Model,0.8263053,-0.08285945
Rahul's Model,0.7486992,-0.12569264
Rahul's Model,0.80424345,-0.09461247
Rahul's Model,0.8211862,-0.08555836
Rahul's Model,0.8046503,-0.09439282
Rahul's Model,0.8281708,-0.0818801
Rahul's Model,0.7810844,-0.107302025
Rahul's Model,0.7685802,-0.11431081
Rahul's Model,0.7607794,-0.11874127
Rahul's Model,0.7895932,-0.10259659
Rahul's Model,0.7922693,-0.10112718
Rahul's Model,0.7709663,-0.11296461
Rahul's Model,0.7637139,-0.117069304
Rahul's Model,0.7604408,-0.11893457
Rahul's Model,0.8180113,-0.0872407
Rahul's Model,0.78732,-0.1038487
Rahul's Model,0.8001139,-0.096848175
Rahul's Model,0.790902,-0.10187732
Rahul's Model,0.77455807,-0.11094602
Rahul's Model,0.78998166,-0.10238299
Rahul's Model,0.7727925,-0.11193709
Rahul's Model,0.7763056,-0.10996727
Rahul's Model,0.74528044,-0.12768027
Rahul's Model,0.7946357,-0.099831924
Rahul's Model,0.76820135,-0.11452493
Rahul's Model,0.7262357,-0.13892241
Rahul's Model,0.7996073,-0.097123265
Rahul's Model,0.7887502,-0.103060536
Rahul's Model,0.7432931,-0.1288399
Rahul's Model,0.80120146,-0.09625827
Rahul's Model,0.8084812,-0.09233007
Rahul's Model,0.82572925,-0.08316233
Rahul's Model,0.7640643,-0.11687008
Rahul's Model,0.8101184,-0.09145152
Rahul's Model,0.7654034,-0.11610962
Rahul's Model,0.8153993,-0.08862967
Rahul's Model,0.7787095,-0.10862454
Rahul's Model,0.8022864,-0.09567057
Rahul's Model,0.7646621,-0.11653044
Rahul's Model,0.7825117,-0.10650916
Rahul's Model,0.76900506,-0.1140708
Rahul's Model,0.79594004,-0.09911965
Rahul's Model,0.80029494,-0.09674993
Rahul's Model,0.7384513,-0.13167813
Rahul's Model,0.77500767,-0.110694
Rahul's Model,0.8150325,-0.088825084
Rahul's Model,0.76529443,-0.11617145
Rahul's Model,0.787348,-0.10383329
Rahul's Model,0.78576326,-0.10470828
Rahul's Model,0.7790323,-0.10844454
Rahul's Model,0.7769354,-0.10961509
Rahul's Model,0.7716674,-0.11256983
Rahul's Model,0.7813807,-0.107137315
Rahul's Model,0.7686433,-0.11427514
Rahul's Model,0.8125621,-0.090143435
Rahul's Model,0.7526431,-0.12341091
Rahul's Model,0.8154106,-0.08862364
Rahul's Model,0.8053465,-0.09401723
Rahul's Model,0.7596541,-0.11938411
Rahul's Model,0.7393417,-0.1311548
Rahul's Model,0.7672034,-0.11508948
Rahul's Model,0.7815989,-0.10701605
Rahul's Model,0.7727686,-0.111950524
Rahul's Model,0.8394245,-0.07601836
Rahul's Model,0.72867745,-0.13746467
Rahul's Model,0.7766527,-0.109773144
Rahul's Model,0.7520812,-0.12373526
Rahul's Model,0.75764304,-0.12053536
Rahul's Model,0.7533641,-0.122995086
Rahul's Model,0.73460466,-0.13394633
Rahul's Model,0.7867281,-0.104175344
Rahul's Model,0.7708627,-0.11302297
Rahul's Model,0.71221447,-0.1473892
Rahul's Model,0.78194785,-0.10682221
Rahul's Model,0.8092471,-0.09191886
Rahul's Model,0.7727004,-0.11198885
Rahul's Model,0.78668046,-0.10420164
Rahul's Model,0.7922915,-0.10111499
Rahul's Model,0.8194524,-0.08647627
Rahul's Model,0.7858264,-0.10467339
Rahul's Model,0.74893737,-0.1255545
Rahul's Model,0.79908407,-0.09740753
Rahul's Model,0.7896695,-0.10255463
Rahul's Model,0.8345829,-0.078530505
Rahul's Model,0.74921805,-0.12539177
Rahul's Model,0.8023349,-0.09564431
Rahul's Model,0.78181905,-0.106893755
Rahul's Model,0.7764405,-0.10989182
Rahul's Model,0.8230054,-0.08459733
Rahul's Model,0.70265526,-0.1532577
Rahul's Model,0.7963551,-0.09889322
Rahul's Model,0.7861878,-0.10447369
Rahul's Model,0.8496427,-0.07076367
Rahul's Model,0.79269916,-0.100891605
Rahul's Model,0.8322018,-0.07977136
Rahul's Model,0.7736815,-0.111437775
Rahul's Model,0.76272464,-0.117632225
Rahul's Model,0.7865443,-0.1042768
Rahul's Model,0.83615583,-0.077712774
Rahul's Model,0.8423385,-0.074513346
Rahul's Model,0.80376387,-0.09487152
Rahul's Model,0.824869,-0.08361503
Rahul's Model,0.7977367,-0.098140426
Rahul's Model,0.8196615,-0.08636546
Rahul's Model,0.85353464,-0.06877885
Rahul's Model,0.82478034,-0.0836617
Rahul's Model,0.8050022,-0.09420293
Rahul's Model,0.828883,-0.081506774
Rahul's Model,0.8378209,-0.07684882
Rahul's Model,0.8530306,-0.06903538
Rahul's Model,0.8253555,-0.083358936
Rahul's Model,0.8189129,-0.08676227
Rahul's Model,0.8337918,-0.07894238
Rahul's Model,0.80779254,-0.09270016
Rahul's Model,0.8323417,-0.07969836
Rahul's Model,0.85140944,-0.06986154
Rahul's Model,0.82945526,-0.08120704
Rahul's Model,0.8305892,-0.08061373
Rahul's Model,0.8186531,-0.086900085
Rahul's Model,0.8093662,-0.09185492
Rahul's Model,0.8099336,-0.09155058
Rahul's Model,0.82728195,-0.08234645
Rahul's Model,0.8473464,-0.071939
Rahul's Model,0.852414,-0.06934942
Rahul's Model,0.8396575,-0.075897835
Rahul's Model,0.8138143,-0.08947469
Rahul's Model,0.82349277,-0.084340215
Rahul's Model,0.8038883,-0.09480428
Rahul's Model,0.81126404,-0.09083778
Rahul's Model,0.8190763,-0.086675644
Rahul's Model,0.8103182,-0.09134442
Rahul's Model,0.8401076,-0.07566508
Rahul's Model,0.8502362,-0.07046042
Rahul's Model,0.86751306,-0.061723977
Rahul's Model,0.80738777,-0.09291784
Rahul's Model,0.8477616,-0.07172627
Rahul's Model,0.8714964,-0.05973441
Rahul's Model,0.8561148,-0.067467995
Rahul's Model,0.8592654,-0.065872684
Rahul's Model,0.8650416,-0.062963
Rahul's Model,0.83159834,-0.08008639
Rahul's Model,0.7820451,-0.10676818
Rahul's Model,0.8563839,-0.06733149
Rahul's Model,0.8061432,-0.09358779
Rahul's Model,0.8133191,-0.08973903
Rahul's Model,0.79152316,-0.10153637
Rahul's Model,0.8264385,-0.082789466
Rahul's Model,0.8434869,-0.07392166
Rahul's Model,0.84475964,-0.07326684
Rahul's Model,0.8445541,-0.07337251
Rahul's Model,0.84249943,-0.074430384
Rahul's Model,0.8089457,-0.09208062
Rahul's Model,0.8461679,-0.07254344
Rahul's Model,0.7934927,-0.10045708
Rahul's Model,0.83512217,-0.07824999
Rahul's Model,0.8160478,-0.08828441
Rahul's Model,0.8379769,-0.076767966
Rahul's Model,0.8338468,-0.078913726
Rahul's Model,0.84379107,-0.07376508
Rahul's Model,0.8649369,-0.06301558
Rahul's Model,0.8009701,-0.096383706
Rahul's Model,0.8104978,-0.09124815
Rahul's Model,0.8423138,-0.07452607
Rahul's Model,0.84098685,-0.075210795
Rahul's Model,0.8464744,-0.07238617
Rahul's Model,0.8074125,-0.09290453
Rahul's Model,0.80527085,-0.09405802
Rahul's Model,0.822064,-0.08509438
Rahul's Model,0.8449452,-0.07317146
Rahul's Model,0.8500079,-0.07057704
Rahul's Model,0.8433182,-0.07400852
Rahul's Model,0.81285006,-0.08998956
Rahul's Model,0.8247563,-0.08367435
Rahul's Model,0.83854324,-0.07647454
Rahul's Model,0.8293771,-0.081247956
Rahul's Model,0.8631019,-0.063937925
Rahul's Model,0.8097955,-0.09162464
Rahul's Model,0.8449896,-0.07314864
Rahul's Model,0.83043575,-0.08069396
Rahul's Model,0.8622492,-0.064367205
Rahul's Model,0.8334576,-0.07911649
Rahul's Model,0.8482215,-0.071490735
Rahul's Model,0.8238199,-0.084167734
Rahul's Model,0.8333112,-0.07919278
Rahul's Model,0.8015661,-0.09606065
Rahul's Model,0.80835474,-0.09239801
Rahul's Model,0.81977254,-0.08630663
Rahul's Model,0.84184146,-0.07476969
Rahul's Model,0.8571263,-0.06695518
Rahul's Model,0.8378455,-0.07683606
Rahul's Model,0.846386,-0.07243152
Rahul's Model,0.8133653,-0.08971437
Rahul's Model,0.80854404,-0.09229632
Rahul's Model,0.81587416,-0.08837682
Rahul's Model,0.8347094,-0.078464694
Rahul's Model,0.85937965,-0.065814935
Rahul's Model,0.8414459,-0.07497379
Rahul's Model,0.8478549,-0.07167846
Rahul's Model,0.82202375,-0.085115634
Rahul's Model,0.83124757,-0.08026961
Rahul's Model,0.8565515,-0.067246504
Rahul's Model,0.8189333,-0.08675146
Rahul's Model,0.8335614,-0.079062395
Rahul's Model,0.8182663,-0.08710535
Rahul's Model,0.83440465,-0.07862329
Rahul's Model,0.8586484,-0.066184625
Rahul's Model,0.8116982,-0.090605415
Rahul's Model,0.8081593,-0.092503026
Rahul's Model,0.80815244,-0.092506714
Rahul's Model,0.8151266,-0.088774934
Rahul's Model,0.8479277,-0.071641184
Rahul's Model,0.80107206,-0.096328415
Rahul's Model,0.8478774,-0.07166695
Rahul's Model,0.83212626,-0.079810776
Rahul's Model,0.7999611,-0.09693114
Rahul's Model,0.8222689,-0.084986135
Rahul's Model,0.81615126,-0.08822934
Rahul's Model,0.786536,-0.1042814
Rahul's Model,0.83524835,-0.07818437
Rahul's Model,0.8515651,-0.06978214
Rahul's Model,0.82568514,-0.08318553
Rahul's Model,0.80554956,-0.093907736
Rahul's Model,0.8315514,-0.080110915
Rahul's Model,0.8474957,-0.07186251
Rahul's Model,0.81999314,-0.086189784
Rahul's Model,0.8272512,-0.0823626
Rahul's Model,0.81843626,-0.08701514
Rahul's Model,0.8392597,-0.076103635
Rahul's Model,0.7944126,-0.09995387
Rahul's Model,0.8410969,-0.07515398
Rahul's Model,0.822383,-0.08492588
Rahul's Model,0.8463577,-0.07244605
Rahul's Model,0.8536103,-0.06874037
Rahul's Model,0.84216255,-0.07460407
Rahul's Model,0.8217518,-0.08525935
Rahul's Model,0.7897253,-0.102523945
Rahul's Model,0.8179023,-0.08729856
Rahul's Model,0.80607843,-0.0936227
Rahul's Model,0.8198694,-0.08625532
Rahul's Model,0.8295219,-0.081172146
Rahul's Model,0.79804426,-0.09797302
Rahul's Model,0.81066865,-0.091156624
Rahul's Model,0.8119712,-0.090459384
Rahul's Model,0.80564165,-0.093858086
Rahul's Model,0.82087135,-0.0857249
Rahul's Model,0.8499932,-0.070584536
Rahul's Model,0.8275135,-0.082224905
Rahul's Model,0.8079735,-0.09260288
Rahul's Model,0.8274483,-0.082259126
Rahul's Model,0.8499854,-0.07058852
Rahul's Model,0.85906726,-0.065972835
Rahul's Model,0.7963704,-0.098884895
Rahul's Model,0.8411751,-0.0751136
Rahul's Model,0.8403363,-0.07554686
Rahul's Model,0.81569445,-0.08847249
Rahul's Model,0.8225604,-0.084832184
Rahul's Model,0.827561,-0.082199976
Rahul's Model,0.8093569,-0.091859914
Rahul's Model,0.8246104,-0.08375119
Rahul's Model,0.84113866,-0.07513241
Rahul's Model,0.8670192,-0.061971296
Rahul's Model,0.80447644,-0.09448667
Rahul's Model,0.8213665,-0.08546302
Rahul's Model,0.826168,-0.08293163
Rahul's Model,0.81930166,-0.08655617
Rahul's Model,0.8103466,-0.09132919
Rahul's Model,0.76302934,-0.11745876
Rahul's Model,0.800103,-0.0968541
Rahul's Model,0.84268415,-0.07433517
Rahul's Model,0.86312294,-0.06392734
Rahul's Model,0.842091,-0.07464096
Rahul's Model,0.82969594,-0.08108103
Rahul's Model,0.8252894,-0.083393715
Rahul's Model,0.8398204,-0.07581359
Rahul's Model,0.85245574,-0.06932817
Rahul's Model,0.8420406,-0.07466697
Rahul's Model,0.808652,-0.092238344
Rahul's Model,0.8644998,-0.0632351
Rahul's Model,0.7969822,-0.09855136
Rahul's Model,0.87110686,-0.059928566
Rahul's Model,0.83393306,-0.078868814
Rahul's Model,0.84691817,-0.07215855
Rahul's Model,0.7947017,-0.09979586
Rahul's Model,0.82308203,-0.08455688
Rahul's Model,0.83466905,-0.07848569
Rahul's Model,0.8301611,-0.08083762
Rahul's Model,0.8544175,-0.06832986
Rahul's Model,0.80763197,-0.0927865
Rahul's Model,0.8322768,-0.0797322
Rahul's Model,0.8450273,-0.073129244
Rahul's Model,0.8525754,-0.06926719
Rahul's Model,0.8180205,-0.0872358
Rahul's Model,0.83999175,-0.07572498
Rahul's Model,0.82460284,-0.08375517
Rahul's Model,0.82879484,-0.08155296
Rahul's Model,0.81174886,-0.09057831
Rahul's Model,0.850747,-0.07019958
Rahul's Model,0.83182704,-0.07996696
Rahul's Model,0.83923227,-0.07611783
Rahul's Model,0.8548715,-0.068099156
Rahul's Model,0.79216206,-0.10118596
Rahul's Model,0.8131906,-0.08980766
Rahul's Model,0.8589442,-0.06603506
Rahul's Model,0.8343993,-0.07862608
Rahul's Model,0.8387798,-0.07635203
Rahul's Model,0.8189289,-0.0867538
Rahul's Model,0.8578272,-0.066600196
Rahul's Model,0.8141202,-0.08931148
Rahul's Model,0.7926016,-0.10094506
Rahul's Model,0.851502,-0.069814324
Rahul's Model,0.81205773,-0.09041309
Rahul's Model,0.81986547,-0.086257406
Rahul's Model,0.819546,-0.086426675
Rahul's Model,0.8401784,-0.075628504
Rahul's Model,0.81639093,-0.08810183
Rahul's Model,0.8064366,-0.093429774
Rahul's Model,0.83728707,-0.07712562
Rahul's Model,0.82512915,-0.08347807
Rahul's Model,0.8311178,-0.08033741
Rahul's Model,0.81455815,-0.089077905
Rahul's Model,0.8400526,-0.07569352
Rahul's Model,0.8334032,-0.07914482
Rahul's Model,0.82923234,-0.08132377
Rahul's Model,0.8351946,-0.07821233
Rahul's Model,0.79329133,-0.10056729
Rahul's Model,0.81417406,-0.08928274
Rahul's Model,0.80527544,-0.09405555
Rahul's Model,0.8313499,-0.08021615
Rahul's Model,0.82326627,-0.08445968
Rahul's Model,0.7982965,-0.09783577
Rahul's Model,0.82640815,-0.08280541
Rahul's Model,0.8325396,-0.07959509
Rahul's Model,0.82076025,-0.08578368
Rahul's Model,0.8550537,-0.0680066
Rahul's Model,0.8356452,-0.077978075
Rahul's Model,0.8685149,-0.06122273
Rahul's Model,0.8572867,-0.066873915
Rahul's Model,0.82341564,-0.08438089
Rahul's Model,0.8533653,-0.068865016
Rahul's Model,0.83117163,-0.08030929
Rahul's Model,0.841625,-0.07488138
Rahul's Model,0.80355257,-0.09498571
Rahul's Model,0.817381,-0.08757545
Rahul's Model,0.8226903,-0.08476362
Rahul's Model,0.8192878,-0.08656353
Rahul's Model,0.8121083,-0.09038606
Rahul's Model,0.83613366,-0.07772429
Rahul's Model,0.8243401,-0.08389357
Rahul's Model,0.8229107,-0.084647276
Rahul's Model,0.8167472,-0.08791235
Rahul's Model,0.8243089,-0.083910026
Rahul's Model,0.81928813,-0.086563334
Rahul's Model,0.8150668,-0.088806786
Rahul's Model,0.87857985,-0.05621876
Rahul's Model,0.8684638,-0.061248273
Rahul's Model,0.83840007,-0.076548696
Rahul's Model,0.81703764,-0.08775794
Rahul's Model,0.8486172,-0.07128817
Rahul's Model,0.850391,-0.07038136
Rahul's Model,0.8321422,-0.07980247
Rahul's Model,0.85683167,-0.06710449
Rahul's Model,0.83330023,-0.079198495
Rahul's Model,0.7897521,-0.10250919
Rahul's Model,0.8334367,-0.079127364
Rahul's Model,0.83551586,-0.0780453
Rahul's Model,0.8163934,-0.08810053
Rahul's Model,0.8333123,-0.07919222
Rahul's Model,0.82006717,-0.08615057
Rahul's Model,0.8395411,-0.07595805
Rahul's Model,0.8289194,-0.08148769
Rahul's Model,0.87052953,-0.06021649
Rahul's Model,0.81777596,-0.08736566
Rahul's Model,0.82628727,-0.08286894
Rahul's Model,0.83129746,-0.08024355
Rahul's Model,0.8263103,-0.08285685
Rahul's Model,0.8450187,-0.073133685
Rahul's Model,0.8317991,-0.07998156
Rahul's Model,0.85811245,-0.0664558
Rahul's Model,0.8301199,-0.08085917
Rahul's Model,0.8372929,-0.077122584
Rahul's Model,0.84466994,-0.07331296
Rahul's Model,0.8577384,-0.06664516
Rahul's Model,0.8179871,-0.087253556
Rahul's Model,0.79445976,-0.099928096
Rahul's Model,0.8375738,-0.0769769
Rahul's Model,0.823914,-0.08411812
Rahul's Model,0.81492174,-0.0888841
Rahul's Model,0.79754496,-0.09824482
Rahul's Model,0.8008642,-0.09644111
Rahul's Model,0.7947182,-0.09978684
Rahul's Model,0.81775236,-0.0873782
Rahul's Model,0.8368248,-0.07736547
Rahul's Model,0.8186298,-0.08691245
Rahul's Model,0.8290812,-0.08140294
Rahul's Model,0.8182758,-0.08710029
Rahul's Model,0.8359216,-0.07783446
Rahul's Model,0.81573474,-0.08845104
Rahul's Model,0.84225667,-0.074555546
Rahul's Model,0.7842331,-0.105554834
Rahul's Model,0.8195862,-0.08640535
Rahul's Model,0.8296254,-0.08111794
Rahul's Model,0.8399941,-0.075723775
Rahul's Model,0.8271302,-0.08242612
Rahul's Model,0.8250209,-0.083535045
Rahul's Model,0.83604014,-0.07777287
Rahul's Model,0.8091673,-0.09196166
Rahul's Model,0.83564353,-0.077978946
Rahul's Model,0.8054875,-0.09394119
Rahul's Model,0.8205819,-0.08587806
Rahul's Model,0.83389574,-0.078888245
Rahul's Model,0.8419931,-0.074691474
Rahul's Model,0.8156237,-0.08851016
Rahul's Model,0.8727753,-0.059097543
Rahul's Model,0.8059093,-0.09371384
Rahul's Model,0.78912866,-0.10285218
Rahul's Model,0.83348036,-0.07910463
Rahul's Model,0.81776285,-0.08737262
Rahul's Model,0.8013944,-0.09615369
Rahul's Model,0.82568586,-0.08318515
Rahul's Model,0.84151864,-0.074936256
Rahul's Model,0.8148333,-0.08893124
Rahul's Model,0.8183897,-0.087039836
Rahul's Model,0.8001192,-0.0968453
Rahul's Model,0.8122378,-0.0903168
Rahul's Model,0.8460678,-0.072594844
Rahul's Model,0.85647804,-0.06728377
Rahul's Model,0.81921124,-0.086604096
Rahul's Model,0.7966896,-0.098710835
Rahul's Model,0.8322493,-0.07974657
Rahul's Model,0.80230224,-0.095662
Rahul's Model,0.8471688,-0.072030045
Rahul's Model,0.81548494,-0.08858406
Rahul's Model,0.837979,-0.076766856
Rahul's Model,0.8117209,-0.09059327
Rahul's Model,0.809164,-0.091963455
Rahul's Model,0.80479646,-0.09431394
Rahul's Model,0.8122065,-0.090333536
Rahul's Model,0.8160515,-0.08828244
Rahul's Model,0.80969137,-0.09168049
Rahul's Model,0.82417905,-0.08397843
Rahul's Model,0.8267268,-0.08263799
Rahul's Model,0.79681414,-0.09864297
Rahul's Model,0.82898617,-0.08145271
Rahul's Model,0.8167959,-0.08788646
Rahul's Model,0.84504575,-0.07311978
Rahul's Model,0.8038933,-0.094801575
Rahul's Model,0.8232126,-0.08448798
Rahul's Model,0.8062464,-0.09353221
Rahul's Model,0.8281703,-0.081880346
Rahul's Model,0.8304008,-0.08071223
Rahul's Model,0.8397967,-0.075825825
Rahul's Model,0.8284593,-0.08172881
Rahul's Model,0.8417817,-0.074800536
Rahul's Model,0.82813764,-0.081897475
Rahul's Model,0.8041297,-0.09467389
Rahul's Model,0.833125,-0.07928984
Rahul's Model,0.8463395,-0.07245538
Rahul's Model,0.8122981,-0.09028455
Rahul's Model,0.8181446,-0.08716992
Rahul's Model,0.8604485,-0.065275125
Rahul's Model,0.8233032,-0.08444019
Rahul's Model,0.81362563,-0.08957538
Rahul's Model,0.82634676,-0.08283767
Rahul's Model,0.8194523,-0.086476326
Rahul's Model,0.82022095,-0.086069144
Rahul's Model,0.8279201,-0.08201159
Rahul's Model,0.84400165,-0.0736567
Rahul's Model,0.8505296,-0.07031056
Rahul's Model,0.8421719,-0.07459925
Rahul's Model,0.8296045,-0.081128895
Rahul's Model,0.8281638,-0.08188376
Rahul's Model,0.8476176,-0.07180002
Rahul's Model,0.83462495,-0.07850864
Rahul's Model,0.8420047,-0.07468548
Rahul's Model,0.87292325,-0.059023935
Rahul's Model,0.8302779,-0.08077651
Rahul's Model,0.8298407,-0.08100526
Rahul's Model,0.828568,-0.08167186
Rahul's Model,0.8263368,-0.08284291
Rahul's Model,0.84390366,-0.073707126
Rahul's Model,0.84411985,-0.07359589
Rahul's Model,0.8453633,-0.0729566
Rahul's Model,0.84975284,-0.07070737
Rahul's Model,0.8734071,-0.05878327
Rahul's Model,0.8233123,-0.0844354
Rahul's Model,0.81152093,-0.090700276
Rahul's Model,0.8391704,-0.07614984
Rahul's Model,0.80344176,-0.0950456
Rahul's Model,0.77430433,-0.11108831
Rahul's Model,0.8275529,-0.08220423
Rahul's Model,0.8586356,-0.06619111
Rahul's Model,0.8301568,-0.08083987
Rahul's Model,0.8380098,-0.07675092
Rahul's Model,0.8335521,-0.07906724
Rahul's Model,0.8283615,-0.08178009
Rahul's Model,0.8012481,-0.096233
Rahul's Model,0.86084276,-0.065076165
Rahul's Model,0.8235966,-0.08428545
Rahul's Model,0.8421205,-0.074625745
Rahul's Model,0.8230274,-0.08458572
Rahul's Model,0.8409215,-0.07524453
Rahul's Model,0.79259527,-0.10094853
Rahul's Model,0.85177016,-0.06967758
Rahul's Model,0.8611432,-0.064924635
Rahul's Model,0.8110124,-0.09097251
Rahul's Model,0.8432532,-0.07404201
Rahul's Model,0.84211886,-0.07462661
Rahul's Model,0.83137274,-0.08020422
Rahul's Model,0.85276467,-0.0691708
Rahul's Model,0.8437383,-0.07379223
Rahul's Model,0.79896265,-0.097473525
Rahul's Model,0.8145438,-0.089085564
Rahul's Model,0.8312739,-0.08025585
Rahul's Model,0.8346231,-0.0785096
Rahul's Model,0.83114713,-0.08032209
Rahul's Model,0.8178279,-0.08733809
Rahul's Model,0.8436527,-0.07383629
Rahul's Model,0.81445366,-0.08913362
Rahul's Model,0.8143722,-0.08917707
Rahul's Model,0.81466734,-0.08901969
Rahul's Model,0.8563273,-0.067360215
Rahul's Model,0.82657456,-0.08271796
Rahul's Model,0.84248257,-0.07443908
Rahul's Model,0.8724065,-0.059281114
Rahul's Model,0.8196939,-0.08634829
Rahul's Model,0.82512754,-0.08347891
Rahul's Model,0.8292913,-0.0812929
Rahul's Model,0.82702816,-0.08247971
Rahul's Model,0.83437294,-0.07863979
Rahul's Model,0.79608536,-0.09904037
Rahul's Model,0.82193553,-0.085162245
Rahul's Model,0.82484156,-0.08362947
Rahul's Model,0.85471034,-0.068181045
Rahul's Model,0.855455,-0.06780284
Rahul's Model,0.79031444,-0.10220008
Rahul's Model,0.8564485,-0.06729876
Rahul's Model,0.8647175,-0.06312576
Rahul's Model,0.81204313,-0.0904209
Rahul's Model,0.8445882,-0.07335498
Rahul's Model,0.8423757,-0.074494176
Rahul's Model,0.8108525,-0.09105813
Rahul's Model,0.8353562,-0.078128316
Rahul's Model,0.8247521,-0.08367658
Rahul's Model,0.7977621,-0.098126605
Rahul's Model,0.8497373,-0.07071532
Rahul's Model,0.8526537,-0.06922733
Rahul's Model,0.81727254,-0.08763309
Rahul's Model,0.81880903,-0.08681738
Rahul's Model,0.80479383,-0.09431536
Rahul's Model,0.854361,-0.068358585
Rahul's Model,0.8242407,-0.08394595
Rahul's Model,0.85591483,-0.06756945
Rahul's Model,0.80174685,-0.09596274
Rahul's Model,0.8257234,-0.0831654
Rahul's Model,0.82357395,-0.0842974
Rahul's Model,0.80071026,-0.0965246
Rahul's Model,0.8461915,-0.07253133
Rahul's Model,0.8147405,-0.088980705
Rahul's Model,0.83718115,-0.07718056
Rahul's Model,0.83605057,-0.077767454
Rahul's Model,0.82605326,-0.08299195
Rahul's Model,0.80946827,-0.09180017
Rahul's Model,0.87112194,-0.059921045
Rahul's Model,0.8303227,-0.080753095
Rahul's Model,0.8071485,-0.093046546
Rahul's Model,0.8696177,-0.060671628
Rahul's Model,0.8083823,-0.09238322
Rahul's Model,0.8474512,-0.071885295
Rahul's Model,0.8587222,-0.066147305
Rahul's Model,0.841212,-0.07509455
Rahul's Model,0.82681197,-0.08259325
Rahul's Model,0.7932924,-0.10056671
Rahul's Model,0.82875776,-0.08157239
Rahul's Model,0.8430073,-0.07416865
Rahul's Model,0.84346205,-0.07393445
Rahul's Model,0.8178489,-0.087326914
Rahul's Model,0.8420067,-0.07468446
Rahul's Model,0.8496259,-0.07077227
Rahul's Model,0.8178704,-0.08731552
Rahul's Model,0.8340601,-0.07880267
Rahul's Model,0.8353948,-0.078108236
Rahul's Model,0.8235127,-0.08432971
Rahul's Model,0.80447334,-0.094488345
Rahul's Model,0.8125069,-0.09017293
Rahul's Model,0.8081498,-0.09250812
Rahul's Model,0.85700166,-0.06701834
Rahul's Model,0.78702575,-0.10401106
Rahul's Model,0.81485116,-0.08892171
Rahul's Model,0.8296709,-0.08109414
Rahul's Model,0.8177588,-0.08737478
Rahul's Model,0.8218454,-0.08520986
Rahul's Model,0.8562684,-0.06739008
Rahul's Model,0.8027457,-0.095422015
Rahul's Model,0.85539335,-0.06783413
Rahul's Model,0.84743965,-0.07189122
Rahul's Model,0.8487742,-0.071207836
Rahul's Model,0.8142763,-0.08922822
Rahul's Model,0.83477277,-0.078431726
Rahul's Model,0.85682523,-0.06710775
Rahul's Model,0.7781399,-0.10894232
Rahul's Model,0.849398,-0.07088876
Rahul's Model,0.7930647,-0.10069137
Rahul's Model,0.8334178,-0.07913724
Rahul's Model,0.80226517,-0.09568206
Rahul's Model,0.8133842,-0.08970428
Rahul's Model,0.81482184,-0.08893734
Rahul's Model,0.83686835,-0.07734286
Rahul's Model,0.8342781,-0.07868915
Rahul's Model,0.79146063,-0.10157068
Rahul's Model,0.838814,-0.07633432
Rahul's Model,0.8043344,-0.09456336
Rahul's Model,0.85080296,-0.070171006
Rahul's Model,0.83917266,-0.076148674
Rahul's Model,0.8361466,-0.07771757
Rahul's Model,0.865566,-0.0626998
Rahul's Model,0.8332984,-0.07919946
Rahul's Model,0.837415,-0.07705928
Rahul's Model,0.82600117,-0.08301934
Rahul's Model,0.8188466,-0.08679746
Rahul's Model,0.8336305,-0.0790264
Rahul's Model,0.81859773,-0.08692946
Rahul's Model,0.8776193,-0.056693822
Rahul's Model,0.80204093,-0.09580346
Rahul's Model,0.8447665,-0.07326332
Rahul's Model,0.8447995,-0.073246345
Rahul's Model,0.8298788,-0.08098532
Rahul's Model,0.8537705,-0.06865886
Rahul's Model,0.8040799,-0.0947008
Rahul's Model,0.826032,-0.08300313
Rahul's Model,0.8244661,-0.08382719
Rahul's Model,0.8469504,-0.07214202
Rahul's Model,0.82431144,-0.08390868
Rahul's Model,0.8286963,-0.08160459
Rahul's Model,0.811995,-0.09044663
Rahul's Model,0.8100126,-0.09150824
Rahul's Model,0.83108556,-0.08035426
Rahul's Model,0.86315155,-0.06391294
Rahul's Model,0.8226743,-0.08477208
Rahul's Model,0.80624855,-0.09353106
Rahul's Model,0.839143,-0.07616404
Rahul's Model,0.8727544,-0.059107956
Rahul's Model,0.82817066,-0.08188016
Rahul's Model,0.8185346,-0.08696295
Rahul's Model,0.83660626,-0.077478886
Rahul's Model,0.8195587,-0.08641995
Rahul's Model,0.87424463,-0.058367025
Rahul's Model,0.8478731,-0.07166915
Rahul's Model,0.8306825,-0.08056493
Rahul's Model,0.85369545,-0.068697035
Rahul's Model,0.81905794,-0.086685374
Rahul's Model,0.8239325,-0.08410835
Rahul's Model,0.8355209,-0.07804267
Rahul's Model,0.79771805,-0.09815058
Rahul's Model,0.833375,-0.07915954
Rahul's Model,0.8439058,-0.07370602
Rahul's Model,0.83244073,-0.07964668
Rahul's Model,0.8301897,-0.080822654
Rahul's Model,0.8209836,-0.085665524
Rahul's Model,0.84245837,-0.07445155
Rahul's Model,0.8392014,-0.0761338
Rahul's Model,0.842743,-0.07430486
Rahul's Model,0.8828707,-0.05410291
Rahul's Model,0.8500217,-0.07056998
Rahul's Model,0.83344185,-0.0791247
Rahul's Model,0.8243909,-0.08386682
Rahul's Model,0.8196448,-0.086374305
Rahul's Model,0.78595173,-0.104604125
Rahul's Model,0.84342456,-0.073953755
Rahul's Model,0.8422273,-0.07457069
Rahul's Model,0.8313302,-0.08022645
Rahul's Model,0.84191245,-0.07473307
Rahul's Model,0.83181715,-0.07997213
Rahul's Model,0.8237716,-0.084193185
Rahul's Model,0.81856954,-0.086944416
Rahul's Model,0.7921962,-0.10116724
Rahul's Model,0.82324094,-0.08447304
Rahul's Model,0.7945205,-0.099894896
Rahul's Model,0.8281976,-0.08186603
Rahul's Model,0.82533497,-0.083369754
Rahul's Model,0.8390581,-0.076207966
Rahul's Model,0.8286635,-0.08162177
Rahul's Model,0.8188509,-0.08679518
Rahul's Model,0.79396635,-0.100197904
Rahul's Model,0.8271463,-0.082417674
Rahul's Model,0.82736826,-0.08230115
Rahul's Model,0.79695654,-0.09856536
Rahul's Model,0.82014287,-0.08611049
Rahul's Model,0.817354,-0.08758979
Rahul's Model,0.8111833,-0.09088101
Rahul's Model,0.82710993,-0.08243676
Rahul's Model,0.839359,-0.076052256
Rahul's Model,0.8155767,-0.088535205
Rahul's Model,0.8141818,-0.08927861
Rahul's Model,0.87645984,-0.05726798
Rahul's Model,0.8415445,-0.07492291
Rahul's Model,0.8138148,-0.08947441
Rahul's Model,0.8158337,-0.08839837
Rahul's Model,0.8186611,-0.086895846
Rahul's Model,0.83651775,-0.07752484
Rahul's Model,0.8474018,-0.07191062
Rahul's Model,0.8172178,-0.08766217
Rahul's Model,0.8354597,-0.07807449
Rahul's Model,0.8610625,-0.06496531
Rahul's Model,0.82229173,-0.08497408
Rahul's Model,0.79206836,-0.101237334
Rahul's Model,0.8430163,-0.07416402
Rahul's Model,0.8609093,-0.06504261
Rahul's Model,0.84485924,-0.07321564
Rahul's Model,0.8480326,-0.07158746
Rahul's Model,0.8109308,-0.09101621
Rahul's Model,0.84545475,-0.07290963
Rahul's Model,0.82042754,-0.08595977
Rahul's Model,0.83997875,-0.075731695
Rahul's Model,0.8194074,-0.086500116
Rahul's Model,0.8334089,-0.07914187
Rahul's Model,0.81110746,-0.0909216
Rahul's Model,0.84513235,-0.07307527
Rahul's Model,0.80241543,-0.09560073
Rahul's Model,0.83932847,-0.07606804
Rahul's Model,0.84055233,-0.07543524
Rahul's Model,0.83958066,-0.07593758
Rahul's Model,0.82822084,-0.081853844
Rahul's Model,0.8152067,-0.08873226
Rahul's Model,0.8261431,-0.08294473
Rahul's Model,0.82299423,-0.084603205
Rahul's Model,0.8437469,-0.07378781
Rahul's Model,0.85856587,-0.06622638
Rahul's Model,0.858006,-0.06650967
Rahul's Model,0.7974085,-0.09831913
Rahul's Model,0.85824275,-0.06638986
Rahul's Model,0.8014241,-0.09613761
Rahul's Model,0.8716597,-0.059653036
Rahul's Model,0.8484205,-0.07138885
Rahul's Model,0.84114885,-0.07512714
Rahul's Model,0.84866405,-0.0712642
Rahul's Model,0.8541396,-0.068471126
Rahul's Model,0.80371296,-0.09489903
Rahul's Model,0.81971395,-0.08633767
Rahul's Model,0.8466193,-0.07231183
Rahul's Model,0.8577555,-0.066636495
Rahul's Model,0.8295836,-0.08113985
Rahul's Model,0.8377388,-0.07689136
Rahul's Model,0.79639167,-0.098873295
Rahul's Model,0.8298824,-0.08098345
Rahul's Model,0.8033515,-0.09509438
Rahul's Model,0.8149435,-0.08887251
Rahul's Model,0.8169785,-0.087789364
Rahul's Model,0.835008,-0.07830935
Rahul's Model,0.82673633,-0.082632974
Rahul's Model,0.8224751,-0.08487725
Rahul's Model,0.8139416,-0.08940676
Rahul's Model,0.79989487,-0.096967086
Rahul's Model,0.7955962,-0.099307306
Rahul's Model,0.8138161,-0.08947374
Rahul's Model,0.8555249,-0.067767344
Rahul's Model,0.8114215,-0.09075348
Rahul's Model,0.8292577,-0.08131047
Rahul's Model,0.83819306,-0.07665594
Rahul's Model,0.81812793,-0.08717878
Rahul's Model,0.82013035,-0.08611712
Rahul's Model,0.8129307,-0.08994647
Rahul's Model,0.83875734,-0.07636367
Rahul's Model,0.85129654,-0.06991913
Rahul's Model,0.79389644,-0.10023615
Rahul's Model,0.8334139,-0.07913926
Rahul's Model,0.83510154,-0.07826071
Rahul's Model,0.81094104,-0.09101072
Rahul's Model,0.8186908,-0.0868801
Rahul's Model,0.8177349,-0.087387465
Rahul's Model,0.85218775,-0.06946471
Rahul's Model,0.84648967,-0.07237834
Rahul's Model,0.81879914,-0.08682262
Rahul's Model,0.7951584,-0.09954636
Rahul's Model,0.8570123,-0.06701296
Rahul's Model,0.8495314,-0.070820555
Rahul's Model,0.82008207,-0.08614268
Rahul's Model,0.84475726,-0.07326807
Rahul's Model,0.82838565,-0.08176743
Rahul's Model,0.81704915,-0.08775182
Rahul's Model,0.814446,-0.08913772
Rahul's Model,0.83651537,-0.07752608
Rahul's Model,0.8434899,-0.07392012
Rahul's Model,0.85406595,-0.06850859
Rahul's Model,0.7945462,-0.09988085
Rahul's Model,0.8037869,-0.09485909
Rahul's Model,0.83350635,-0.07909109
Rahul's Model,0.8227556,-0.084729165
Rahul's Model,0.82171786,-0.085277274
Rahul's Model,0.8412588,-0.075070366
Rahul's Model,0.8052683,-0.0940594
Rahul's Model,0.7867395,-0.104169026
Rahul's Model,0.8063754,-0.093462735
Rahul's Model,0.80517536,-0.09410952
Rahul's Model,0.81952786,-0.08643628
Rahul's Model,0.81393325,-0.08941121
Rahul's Model,0.8226971,-0.08476003
Rahul's Model,0.8449489,-0.07316956
Rahul's Model,0.8467698,-0.07223464
Rahul's Model,0.84795135,-0.07162906
Rahul's Model,0.82024026,-0.086058915
Rahul's Model,0.8160207,-0.08829881
Rahul's Model,0.796477,-0.09882675
Rahul's Model,0.7987958,-0.09756422
Rahul's Model,0.834672,-0.07848417
Rahul's Model,0.811146,-0.09090096
Rahul's Model,0.85328406,-0.06890637
Rahul's Model,0.8377726,-0.07687385
Rahul's Model,0.82051855,-0.085911594
Rahul's Model,0.8701869,-0.060387447
Rahul's Model,0.83031094,-0.08075924
Rahul's Model,0.8098727,-0.091583245
Rahul's Model,0.81669134,-0.08794205
Rahul's Model,0.8375792,-0.07697412
Rahul's Model,0.84065115,-0.075384185
Rahul's Model,0.8354443,-0.07808252
Rahul's Model,0.85022056,-0.070468396
Rahul's Model,0.84673136,-0.07225435
Rahul's Model,0.83634794,-0.07761301
Rahul's Model,0.7933853,-0.100515835
Rahul's Model,0.85021853,-0.07046943
Rahul's Model,0.7936812,-0.100353904
Rahul's Model,0.8280736,-0.08193105
Rahul's Model,0.81397223,-0.08939041
Rahul's Model,0.8106471,-0.09116818
Rahul's Model,0.84253794,-0.074410535
Rahul's Model,0.81660926,-0.087985694
Rahul's Model,0.80515516,-0.09412042
Rahul's Model,0.8450438,-0.07312079
Rahul's Model,0.81660396,-0.08798852
Rahul's Model,0.81376666,-0.08950011
Rahul's Model,0.860546,-0.065225914
Rahul's Model,0.80446136,-0.09449481
Rahul's Model,0.79392576,-0.10022011
Rahul's Model,0.8547863,-0.06814246
Rahul's Model,0.82040334,-0.085972585
Rahul's Model,0.8322054,-0.07976946
Rahul's Model,0.81032246,-0.09134212
Rahul's Model,0.8281159,-0.08190889
Rahul's Model,0.8503734,-0.070390336
Rahul's Model,0.82794887,-0.081996486
Rahul's Model,0.7960441,-0.09906287
Rahul's Model,0.8445522,-0.07337349
Rahul's Model,0.7927488,-0.1008644
Rahul's Model,0.78666145,-0.104212135
Rahul's Model,0.8277634,-0.08209379
Rahul's Model,0.82411325,-0.084013104
Rahul's Model,0.82834315,-0.08178971
Rahul's Model,0.86462295,-0.06317324
Rahul's Model,0.81545174,-0.08860174
Rahul's Model,0.8466818,-0.07227979
Rahul's Model,0.8303255,-0.080751635
Rahul's Model,0.8178414,-0.0873309
Rahul's Model,0.7969956,-0.09854408
Rahul's Model,0.8044971,-0.09447551
Rahul's Model,0.83246076,-0.07963623
Rahul's Model,0.86735296,-0.061804134
Rahul's Model,0.8267088,-0.08264744
Rahul's Model,0.80238605,-0.09561663
Rahul's Model,0.81509507,-0.088791735
Rahul's Model,0.8457562,-0.07275482
Rahul's Model,0.8257133,-0.083170734
Rahul's Model,0.8334075,-0.079142585
Rahul's Model,0.8267077,-0.08264801
Rahul's Model,0.8473283,-0.07194828
Rahul's Model,0.8242564,-0.08393766
Rahul's Model,0.86435884,-0.06330592
Rahul's Model,0.840835,-0.075289235
Rahul's Model,0.84498286,-0.0731521
Rahul's Model,0.8246728,-0.08371832
Rahul's Model,0.8369678,-0.077291235
Rahul's Model,0.8350252,-0.078300424
Rahul's Model,0.81535053,-0.08865564
Rahul's Model,0.82043517,-0.08595573
Rahul's Model,0.840472,-0.07547676
Rahul's Model,0.85468537,-0.06819373
Rahul's Model,0.80870444,-0.09221017
Rahul's Model,0.83951515,-0.07597146
Rahul's Model,0.83343506,-0.079128236
Rahul's Model,0.8054714,-0.09394986
Rahul's Model,0.8731206,-0.058925763
Rahul's Model,0.8320376,-0.07985704
Rahul's Model,0.84495807,-0.07316484
Rahul's Model,0.8223077,-0.08496564
Rahul's Model,0.83426595,-0.07869548
Rahul's Model,0.8509886,-0.07007624
Rahul's Model,0.8413458,-0.07502548
Rahul's Model,0.83023775,-0.08079752
Rahul's Model,0.83088595,-0.08045859
Rahul's Model,0.84616494,-0.07254497
Rahul's Model,0.83495677,-0.078336015
Rahul's Model,0.83674085,-0.07740903
Rahul's Model,0.857263,-0.0668859
Rahul's Model,0.818611,-0.08692241
Rahul's Model,0.8311744,-0.080307856
Rahul's Model,0.81933,-0.08654115
Rahul's Model,0.8400504,-0.07569466
Rahul's Model,0.7958764,-0.09915438
Rahul's Model,0.854311,-0.06838401
Rahul's Model,0.76508677,-0.11628931
Rahul's Model,0.8607558,-0.06512004
Rahul's Model,0.8502764,-0.07043987
Rahul's Model,0.8424256,-0.07446845
Rahul's Model,0.840821,-0.07529644
Rahul's Model,0.81593525,-0.0883443
Rahul's Model,0.8151601,-0.08875709
Rahul's Model,0.8351991,-0.078209974
Rahul's Model,0.85135406,-0.069889784
Rahul's Model,0.8022402,-0.095695585
Rahul's Model,0.83191955,-0.07991867
Rahul's Model,0.8214219,-0.085433714
Rahul's Model,0.8835476,-0.053770047
Rahul's Model,0.84402037,-0.073647074
Rahul's Model,0.81152713,-0.09069695
Rahul's Model,0.8565726,-0.067235805
Rahul's Model,0.8337269,-0.07897619
Rahul's Model,0.81322795,-0.0897877
Rahul's Model,0.84341353,-0.07395943
Rahul's Model,0.8404257,-0.07550066
Rahul's Model,0.823141,-0.08452578
Rahul's Model,0.82654977,-0.08273099
Rahul's Model,0.8185975,-0.08692959
Rahul's Model,0.82108426,-0.085612275
Rahul's Model,0.8439281,-0.07369455
Rahul's Model,0.79852366,-0.09771221
Rahul's Model,0.82318425,-0.08450295
Rahul's Model,0.83180076,-0.07998069
Rahul's Model,0.83849317,-0.07650047
Rahul's Model,0.8254156,-0.08332732
Rahul's Model,0.8291995,-0.08134097
Rahul's Model,0.87815917,-0.05642676
Rahul's Model,0.8333997,-0.07914665
Rahul's Model,0.8629797,-0.063999414
Rahul's Model,0.83844554,-0.07652514
Rahul's Model,0.84037316,-0.075527824
Rahul's Model,0.823767,-0.08419561
Rahul's Model,0.7907833,-0.10194252
Rahul's Model,0.8294684,-0.08120014
Rahul's Model,0.86418176,-0.063394904
Rahul's Model,0.85799915,-0.06651314
Rahul's Model,0.81313527,-0.0898372
Rahul's Model,0.84656334,-0.07234054
Rahul's Model,0.8337421,-0.07896828
Rahul's Model,0.8387673,-0.07635851
Rahul's Model,0.826313,-0.0828554
Rahul's Model,0.82731116,-0.08233112
Rahul's Model,0.8278657,-0.0820401
Rahul's Model,0.8347035,-0.078467764
Rahul's Model,0.841882,-0.074748784
Rahul's Model,0.8602216,-0.06538964
Rahul's Model,0.81680477,-0.08788174
Rahul's Model,0.80230826,-0.095658734
Rahul's Model,0.8318573,-0.07995115
Rahul's Model,0.8352773,-0.07816931
Rahul's Model,0.82578796,-0.083131455
Rahul's Model,0.8483748,-0.07141225
Rahul's Model,0.86846673,-0.061246812
Rahul's Model,0.80800784,-0.09258442
Rahul's Model,0.83921707,-0.0761257
Rahul's Model,0.8147636,-0.08896838
Rahul's Model,0.8042371,-0.094615884
Rahul's Model,0.79299533,-0.10072937
Rahul's Model,0.8231727,-0.084509045
Rahul's Model,0.8264433,-0.08278693
Rahul's Model,0.85160774,-0.0697604
Rahul's Model,0.836834,-0.077360675
Rahul's Model,0.8214787,-0.08540368
Rahul's Model,0.7922111,-0.101159066
Rahul's Model,0.83903337,-0.076220766
Rahul's Model,0.8180589,-0.08721542
Rahul's Model,0.81272954,-0.09005395
Rahul's Model,0.8528099,-0.069147766
Rahul's Model,0.818846,-0.086797774
Rahul's Model,0.86341465,-0.06378059
Rahul's Model,0.8248541,-0.08362287
Rahul's Model,0.84380865,-0.073756024
Rahul's Model,0.8621789,-0.064402595
Rahul's Model,0.816024,-0.08829706
Rahul's Model,0.860901,-0.06504679
Rahul's Model,0.83104306,-0.08037647
Rahul's Model,0.8199303,-0.08622306
Rahul's Model,0.82256615,-0.08482917
Rahul's Model,0.8020357,-0.09580631
Rahul's Model,0.80594087,-0.093696825
Rahul's Model,0.84291106,-0.07421824
Rahul's Model,0.8203618,-0.08599457
Rahul's Model,0.8282276,-0.08185031
Rahul's Model,0.83657604,-0.07749458
Rahul's Model,0.83732903,-0.07710385
Rahul's Model,0.8312192,-0.08028444
Rahul's Model,0.8204019,-0.08597334
Rahul's Model,0.8131006,-0.08985573
Rahul's Model,0.8527134,-0.06919691
Rahul's Model,0.8359523,-0.07781851
Rahul's Model,0.8180998,-0.08719371
Rahul's Model,0.83207726,-0.079836346
Rahul's Model,0.8258745,-0.08308594
Rahul's Model,0.8383009,-0.076600075
Rahul's Model,0.8703091,-0.06032647
Rahul's Model,0.8376057,-0.07696037
Rahul's Model,0.87354136,-0.058716528
Rahul's Model,0.844792,-0.073250204
Rahul's Model,0.82731915,-0.08232693
Rahul's Model,0.8395541,-0.07595133
Rahul's Model,0.85060704,-0.07027103
Rahul's Model,0.86798275,-0.061488908
Rahul's Model,0.8390188,-0.0762283
Rahul's Model,0.8391918,-0.07613877
Rahul's Model,0.82212234,-0.085063554
Rahul's Model,0.828717,-0.08159375
Rahul's Model,0.8181725,-0.08715511
Rahul's Model,0.86209315,-0.06444581
Rahul's Model,0.7998912,-0.0969691
Rahul's Model,0.84637874,-0.07243525
Rahul's Model,0.85431886,-0.068380006
Rahul's Model,0.8234617,-0.08435659
Rahul's Model,0.82463634,-0.08373753
Rahul's Model,0.84902275,-0.07108068
Rahul's Model,0.8438722,-0.07372332
Rahul's Model,0.81209487,-0.09039324
Rahul's Model,0.83906496,-0.07620442
Rahul's Model,0.82284033,-0.08468443
Rahul's Model,0.8192497,-0.08658371
Rahul's Model,0.8345183,-0.07856413
Rahul's Model,0.8288011,-0.08154968
Rahul's Model,0.81887,-0.08678503
Rahul's Model,0.8247895,-0.08365686
Rahul's Model,0.84302425,-0.07415993
Rahul's Model,0.837307,-0.07711529
Rahul's Model,0.7979442,-0.09802748
Rahul's Model,0.81431925,-0.089205295
Rahul's Model,0.8709016,-0.06003092
Rahul's Model,0.83041584,-0.080704376
Rahul's Model,0.81056476,-0.09121228
Rahul's Model,0.82601196,-0.08301367
Rahul's Model,0.8470857,-0.07207264
Rahul's Model,0.84139824,-0.0749984
Rahul's Model,0.79898494,-0.0974614
Rahul's Model,0.8253097,-0.08338305
Rahul's Model,0.8173627,-0.08758517
Rahul's Model,0.8153088,-0.08867787
Rahul's Model,0.8241383,-0.08399991
Rahul's Model,0.8249289,-0.08358349
Rahul's Model,0.82464117,-0.08373499
Rahul's Model,0.83074754,-0.080530934
Rahul's Model,0.8487039,-0.07124379
Rahul's Model,0.84245694,-0.07445229
Rahul's Model,0.841138,-0.07513274
Rahul's Model,0.8425717,-0.074393146
Rahul's Model,0.8521774,-0.069469996
Rahul's Model,0.8212351,-0.08553249
Rahul's Model,0.83305275,-0.079327494
Rahul's Model,0.77887714,-0.10853104
Rahul's Model,0.85089386,-0.07012461
Rahul's Model,0.848805,-0.07119206
Rahul's Model,0.83258456,-0.07957165
Rahul's Model,0.82134354,-0.085475154
Rahul's Model,0.8300085,-0.080917455
Rahul's Model,0.84563327,-0.07281794
Rahul's Model,0.80034596,-0.096722245
Rahul's Model,0.82884496,-0.0815267
Rahul's Model,0.82055897,-0.0858902
Rahul's Model,0.8068018,-0.093233146
Rahul's Model,0.84000087,-0.075720266
Rahul's Model,0.8373493,-0.07709334
Rahul's Model,0.81653976,-0.088022664
Rahul's Model,0.8196596,-0.086366475
Rahul's Model,0.80385125,-0.09482431
Rahul's Model,0.8636289,-0.06367282
Rahul's Model,0.8197632,-0.08631159
Rahul's Model,0.7928848,-0.10078989
Rahul's Model,0.8306515,-0.080581136
Rahul's Model,0.8365251,-0.07752103
Rahul's Model,0.8225802,-0.08482174
Rahul's Model,0.8364355,-0.07756755
Rahul's Model,0.82013106,-0.08611674
Rahul's Model,0.81473327,-0.08898455
Rahul's Model,0.8327387,-0.07949125
Rahul's Model,0.8095878,-0.091736056
Rahul's Model,0.82397133,-0.0840879
Rahul's Model,0.84713787,-0.07204591
Rahul's Model,0.83923435,-0.07611675
Rahul's Model,0.8203435,-0.086004265
Rahul's Model,0.8136438,-0.08956567
Rahul's Model,0.84573185,-0.07276731
Rahul's Model,0.786507,-0.1042974
Rahul's Model,0.843079,-0.07413174
Rahul's Model,0.810335,-0.091335416
Rahul's Model,0.8474231,-0.07189971
Rahul's Model,0.84596276,-0.072648756
Rahul's Model,0.8001728,-0.09681621
Rahul's Model,0.819291,-0.08656182
Rahul's Model,0.81239533,-0.09023258
Rahul's Model,0.8579938,-0.06651586
Rahul's Model,0.8465674,-0.07233846
Rahul's Model,0.8303895,-0.08071815
Rahul's Model,0.8456656,-0.07280135
Rahul's Model,0.82657623,-0.08271708
Rahul's Model,0.8222516,-0.08499526
