Architecture,Run,Instance_ID,Success,Status,NN_Time_s,NN_Initialized_IPOPT_Time_s,Total_Online_Time_s,Cold_IPOPT_Time_s,Cold_IPOPT_Cost,Speedup_vs_Cold_IPOPT,Feasible_Cost,Feasible_Obj_Gap_pct
PINN Baseline,1,0,True,optimal,6.979949843781266e-05,0.6762472507543862,0.676317050252824,1.7847302909940481,108877.06720057585,2.6388958999730554,108877.06720057594,8.019272893285586e-14
PINN Baseline,1,1,True,optimal,6.979949843781266e-05,0.6587024303153157,0.6587722298137535,1.865777017083019,106536.90445984298,2.832203503190332,106536.90445984277,-1.912265183882143e-13
PINN Baseline,1,2,True,optimal,6.979949843781266e-05,0.7109169918112457,0.7109867913096835,1.725114674307406,107936.0983009915,2.426366699625507,107936.09830099168,1.6178367153262027e-13
PINN Baseline,1,3,True,optimal,6.979949843781266e-05,0.6756229200400412,0.675692719538479,1.7752124881371856,109950.74309256567,2.627248210325125,109950.74309256602,3.1763856765095276e-13
PINN Baseline,1,4,True,optimal,6.979949843781266e-05,0.6267608851194382,0.6268306846178759,1.6225328636355698,108416.29662127362,2.588470704213669,108416.29662127377,1.3422258167700087e-13
PINN Baseline,1,5,True,optimal,6.979949843781266e-05,0.7000889591872692,0.700158758685707,1.8838105350732803,106403.6891941819,2.6905476960817407,106403.68919421801,3.393049804475414e-11
PINN Baseline,1,6,True,optimal,6.979949843781266e-05,0.7082193628884852,0.708289162386923,1.858479265589267,107600.81949957322,2.62389905745024,107600.81949957335,1.2171583605440954e-13
PINN Baseline,1,7,True,optimal,6.979949843781266e-05,0.6631355937570333,0.6632053932554711,1.5804488440044224,109424.13931111751,2.383045825738065,109424.13931111772,1.861808687550145e-13
PINN Baseline,1,8,True,optimal,6.979949843781266e-05,0.697436346206814,0.6975061457052518,1.8380808597430587,108880.72994772463,2.635218156944791,108880.72994772453,-9.355503645821828e-14
PINN Baseline,1,9,True,optimal,6.979949843781266e-05,0.6438299403525889,0.6438997398510267,1.6059250668622553,108583.92821096,2.4940607480813766,108583.92821096024,2.1442459071983424e-13
PINN Baseline,1,10,True,optimal,6.979949843781266e-05,0.6961160521022975,0.6961858516007353,1.9726422149688005,109353.15913483287,2.83349943184441,109353.15913483253,-3.0606710670311643e-13
PINN Baseline,1,11,True,optimal,6.979949843781266e-05,0.7536063268780708,0.7536761263765086,1.6928835581056774,110244.58357065184,2.24616847855411,110244.58357065186,1.3199664561335157e-14
PINN Baseline,1,12,True,optimal,6.979949843781266e-05,0.6916572712361813,0.691727070734619,1.5272290189750493,110056.5909325695,2.207849141068198,110056.59093256887,-5.685550947177296e-13
PINN Baseline,1,13,True,optimal,6.979949843781266e-05,0.6849543680436909,0.6850241675421287,1.4124120296910405,108689.08795278132,2.061842627770031,108689.08795279099,8.890010849877896e-12
PINN Baseline,1,14,True,optimal,6.979949843781266e-05,0.688383350148797,0.6884531496472348,1.4632038529962301,107481.16759995068,2.12534992939749,107481.1675999504,-2.707807433303977e-13
PINN Baseline,1,15,True,optimal,6.979949843781266e-05,0.7889603669755161,0.7890301664739539,1.7861384581774473,114609.23216198436,2.2637137768247904,114609.23216198567,1.1427285096038121e-12
PINN Baseline,1,16,True,optimal,6.979949843781266e-05,0.6967232776805758,0.6967930771790136,1.6345147392712533,107621.30735375873,2.34576776492762,107621.30735375891,1.6225688670218837e-13
PINN Baseline,1,17,True,optimal,6.979949843781266e-05,0.6942492900416255,0.6943190895400633,1.5707424571737647,105529.92167265005,2.262277504445786,105529.92167264999,-5.5157494662059396e-14
PINN Baseline,1,18,True,optimal,6.979949843781266e-05,0.6233408581465483,0.623410657644986,1.4230409348383546,102959.30556307294,2.282670206849005,102959.30556307243,-4.946779994362256e-13
PINN Baseline,1,19,True,optimal,6.979949843781266e-05,0.6923217056319118,0.6923915051303495,1.4733537547290325,111709.7507260652,2.12792003340893,111709.75072606532,1.0421231904134189e-13
PINN Baseline,1,20,True,optimal,6.979949843781266e-05,0.6928340960294008,0.6929038955278386,1.6002011108212173,105053.42777183131,2.309412778812883,105053.42777183148,1.662230223650304e-13
PINN Baseline,1,21,True,optimal,6.979949843781266e-05,0.6876671207137406,0.6877369202121784,1.5572486938908696,108219.69960825871,2.264308703116349,108219.69960825873,1.3446641675261435e-14
PINN Baseline,1,22,True,optimal,6.979949843781266e-05,0.9274385361932218,0.9275083356916596,1.7215526248328388,108265.78227578515,1.856104747079223,108265.78227578475,-3.7634570944711436e-13
PINN Baseline,1,23,True,optimal,6.979949843781266e-05,0.6165763563476503,0.6166461558460881,1.4843235006555915,105270.67718761627,2.4070911438975573,105270.67718761542,-8.017532572162121e-13
PINN Baseline,1,24,True,optimal,6.979949843781266e-05,0.694342102855444,0.6944119023538817,1.5382078108377755,106589.74625659699,2.215123049624636,106589.7462565969,-8.191359341452348e-14
PINN Baseline,1,25,True,optimal,6.979949843781266e-05,0.6694851866923273,0.669554986190765,1.4399546710774302,110737.47437137822,2.1506145137826937,110737.4743713781,-1.0512730445387882e-13
PINN Baseline,1,26,True,optimal,6.979949843781266e-05,0.671095184981823,0.6711649844802607,1.7021430833265185,111660.31352560828,2.5361023335337296,111660.31352560926,8.861968986877385e-13
PINN Baseline,1,27,True,optimal,6.979949843781266e-05,0.664358067791909,0.6644278672903468,1.4650265048258007,103882.48377557757,2.2049443994581917,103882.48377557992,2.2693048734647694e-12
PINN Baseline,1,28,True,optimal,6.979949843781266e-05,0.6737156943418086,0.6737854938402463,1.7061548558995128,109737.50841280662,2.532192918216847,109737.50841280594,-6.232509062994405e-13
PINN Baseline,1,29,True,optimal,6.979949843781266e-05,0.6448228009976447,0.6448926004960824,1.4637496010400355,105262.71313522584,2.269757165633547,105262.7131352242,-1.5621547002052069e-12
PINN Baseline,1,30,True,optimal,6.979949843781266e-05,0.6654273117892444,0.6654971112876822,1.5045020380057395,110160.9891403156,2.260719111304107,110160.98914031567,5.2838723914621384e-14
PINN Baseline,1,31,True,optimal,6.979949843781266e-05,0.7027594670653343,0.7028292665637721,1.590288466308266,109013.0933062641,2.2626952831423806,109013.09330626408,-1.3348777460597635e-14
PINN Baseline,1,32,True,optimal,6.979949843781266e-05,0.8800216712988913,0.8800914707973291,2.011766794603318,112654.19820406882,2.28586102849143,112654.19820407133,2.2346981955764694e-12
PINN Baseline,1,33,True,optimal,6.979949843781266e-05,0.691759420093149,0.6918292195915867,1.715422441251576,107678.96144842662,2.4795460970328134,107678.96144801931,-3.782615487400205e-10
PINN Baseline,1,34,True,optimal,6.979949843781266e-05,0.6945031550712883,0.6945729545697261,1.5963502060621977,105370.31377968761,2.2983189822746617,105370.31377966923,-1.74423594978136e-11
PINN Baseline,1,35,True,optimal,6.979949843781266e-05,0.640614558942616,0.6406843584410538,1.3882612027227879,105705.30033838797,2.166841104254171,105705.30033839436,6.043491447261963e-12
PINN Baseline,1,36,True,optimal,6.979949843781266e-05,0.7721779346466064,0.7722477341450442,1.7682727929204702,104926.96161640872,2.28977401258176,104926.96161640796,-7.211679250195136e-13
PINN Baseline,1,37,True,optimal,6.979949843781266e-05,0.6760815950110555,0.6761513945094932,1.558708708267659,108167.44312857518,2.305265833842445,108167.44312857519,1.3453137845802139e-14
PINN Baseline,1,38,True,optimal,6.979949843781266e-05,0.6982111260294914,0.6982809255279292,1.6624067472293973,106916.86236317095,2.380713386911649,106916.86236308527,-8.013860018972865e-11
PINN Baseline,1,39,True,optimal,6.979949843781266e-05,0.63788155419752,0.6379513536959578,1.5689353202469647,108150.51890674402,2.459333789570899,108150.5189067434,-5.785754531231892e-13
PINN Baseline,1,40,True,optimal,6.979949843781266e-05,0.6766267567873001,0.6766965562857379,1.6886817761696875,108164.81927624285,2.495478601869277,108164.81927624274,-1.076277135263555e-13
PINN Baseline,1,41,True,optimal,6.979949843781266e-05,0.6944908606819808,0.6945606601804186,1.6405739928595722,107715.6325320884,2.362031262227575,107715.63253208839,-1.3509566704750907e-14
PINN Baseline,1,42,True,optimal,6.979949843781266e-05,0.6830782131291926,0.6831480126276304,1.5221768729388714,107196.83580684727,2.228180196388243,107196.83580684674,-5.02273093601128e-13
PINN Baseline,1,43,True,optimal,6.979949843781266e-05,0.6773602426983416,0.6774300421967794,1.4490136969834566,107683.84195104902,2.138986473473446,107683.84195104867,-3.243253204501794e-13
PINN Baseline,1,44,True,optimal,6.979949843781266e-05,0.6516944542527199,0.6517642537511577,1.307226236909628,110358.55930252817,2.0056734154811817,110358.55930252803,-1.3186032257339814e-13
PINN Baseline,1,46,True,optimal,6.979949843781266e-05,0.6871132608503103,0.6871830603487481,1.3341030590236187,106119.37488483146,1.9414085358078474,106119.3748848568,2.3887660811539953e-11
PINN Baseline,1,47,True,optimal,6.979949843781266e-05,0.7051637708209455,0.7052335703193833,1.445161947980523,109093.61492941905,2.0491961937178402,109093.61492887496,-4.987423972893864e-10
PINN Baseline,1,48,True,optimal,6.979949843781266e-05,0.6692171832546592,0.669286982753097,1.5158409709110856,114876.92271458294,2.2648594847545187,114876.92271457556,-6.4223699995102875e-12
PINN Baseline,1,49,True,optimal,6.979949843781266e-05,0.681126719340682,0.6811965188391198,1.3321644337847829,116480.76359186176,1.9556242537102633,116480.76359186285,9.369732893850698e-13
PINN Baseline,1,50,True,optimal,6.979949843781266e-05,0.6942582619376481,0.6943280614360858,1.1914931652136147,112165.28212539479,1.7160377513033784,112165.282125392,-2.490938078970754e-12
PINN Baseline,1,51,True,optimal,6.979949843781266e-05,0.7052134112454951,0.7052832107439329,1.2844604006968439,108554.43627495646,1.8211980394967786,108554.43627495659,1.206466004978148e-13
PINN Baseline,1,52,True,optimal,6.979949843781266e-05,0.7367399702779949,0.7368097697764326,1.2426477740518749,111711.00113382096,1.686524561731757,111711.00113381646,-4.025155767943441e-12
PINN Baseline,1,53,True,optimal,6.979949843781266e-05,0.6826791209168732,0.682748920415311,1.1233605109155178,108071.01005219758,1.6453493770919274,108071.01005219758,0.0
PINN Baseline,1,54,True,optimal,6.979949843781266e-05,0.7022384461015463,0.7023082455999841,1.1874049128964543,108284.0112637743,1.690717602043887,108284.01126377398,-2.9565042085873687e-13
PINN Baseline,1,55,True,optimal,6.979949843781266e-05,0.6515378612093627,0.6516076607078005,1.21749607892707,106221.46073605456,1.8684496090862104,106221.46073605443,-1.2329639994382763e-13
PINN Baseline,1,56,True,optimal,6.979949843781266e-05,0.7533893929794431,0.7534591924778808,1.3489037118852139,105822.57134016354,1.790281046872772,105822.57134016413,5.500495799365958e-13
PINN Baseline,1,57,True,optimal,6.979949843781266e-05,0.6491044512949884,0.6491742507934262,1.7624327689409256,110967.06865353687,2.7148839726573653,110967.06865353679,-7.8682344617759e-14
PINN Baseline,1,58,True,optimal,6.979949843781266e-05,0.726897279266268,0.7269670787647058,1.9662965000607073,107860.12642273864,2.704794422605662,107860.12642273841,-2.1586349967858485e-13
PINN Baseline,1,59,True,optimal,6.979949843781266e-05,0.7319724238477647,0.7320422233462025,1.958918352611363,106641.83875809934,2.67596361266847,106641.83875809929,-5.458238679239445e-14
PINN Baseline,1,60,True,optimal,6.979949843781266e-05,0.6495939227752388,0.6496637222736765,1.703387247864157,110554.36523404947,2.6219522338459744,110554.36523404965,1.579521372771813e-13
PINN Baseline,1,61,True,optimal,6.979949843781266e-05,0.6664322796277702,0.666502079126208,1.862439049873501,109800.5113401173,2.79434844721742,109800.51134011759,2.650609737743559e-13
PINN Baseline,1,62,True,optimal,6.979949843781266e-05,0.6622061529196799,0.6622759524181177,1.6861459179781377,111027.04924400538,2.545986928593197,111027.04924400513,-2.22812873589535e-13
PINN Baseline,1,63,True,optimal,6.979949843781266e-05,0.6808200269006193,0.680889826399057,1.8504464547149837,109838.24718319307,2.7176885054976148,109838.24718319312,3.9745486480942815e-14
PINN Baseline,1,64,True,optimal,6.979949843781266e-05,0.6528207142837346,0.6528905137821723,1.7007422442547977,104908.48113994401,2.604942495492018,104908.48113994398,-2.7742114022135426e-14
PINN Baseline,1,65,True,optimal,6.979949843781266e-05,0.9770423518493772,0.9771121513478149,1.9917859612032771,106160.57631981354,2.0384415017824056,106160.57631981309,-4.249311634484585e-13
PINN Baseline,1,66,True,optimal,6.979949843781266e-05,0.6917321090586483,0.6918019085570861,1.9344260557554662,108542.35847971297,2.7962138176088036,108542.35847971303,5.3626677850699793e-14
PINN Baseline,1,67,True,optimal,6.979949843781266e-05,0.6802842351607978,0.6803540346592356,1.997136422432959,109026.21646467096,2.935437023509755,109026.21646466802,-2.6961284830815167e-12
PINN Baseline,1,68,True,optimal,6.979949843781266e-05,0.6324520320631564,0.6325218315615941,1.6747254943475127,107668.14539040117,2.647695954166335,107668.14539040111,-5.406210044986689e-14
PINN Baseline,1,69,True,optimal,6.979949843781266e-05,0.7051973999477923,0.7052671994462301,2.1375795691274107,107861.71138993838,3.030879035358259,107861.7113899383,-8.094762288218778e-14
PINN Baseline,1,70,True,optimal,6.979949843781266e-05,0.7034787409938872,0.703548540492325,1.8016942478716373,103775.30287806819,2.560867010840302,103775.30287806838,1.822927929114714e-13
PINN Baseline,1,71,True,optimal,6.979949843781266e-05,0.7351024989038706,0.7351722984023084,1.9228192497976124,108843.15193322762,2.615467495138654,108843.15193322785,2.1391391145738322e-13
PINN Baseline,1,72,True,optimal,6.979949843781266e-05,0.7538524540141225,0.7539222535125603,2.0303332270123065,109935.70532123644,2.693027321521398,109935.70532123589,-5.029965260714272e-13
PINN Baseline,1,73,True,optimal,6.979949843781266e-05,0.7465429198928177,0.7466127193912555,1.9172118678689003,112755.29713414115,2.5678799973192032,112755.29713414065,-4.3879545381878396e-13
PINN Baseline,1,74,True,optimal,6.979949843781266e-05,0.6792519786395133,0.679321778137951,1.6834007930010557,105305.54010005722,2.478060982551342,105305.54010074121,6.495367886098367e-10
PINN Baseline,1,75,True,optimal,6.979949843781266e-05,0.6537913200445473,0.6538611195429851,1.5456189666874707,101321.1328042637,2.3638337262930973,101321.13280426466,9.47903343054408e-13
PINN Baseline,1,76,True,optimal,6.979949843781266e-05,0.7252986072562635,0.7253684067547013,1.6095998529344797,109768.25856769591,2.2190101442876875,109768.25856769597,5.30277711179774e-14
PINN Baseline,1,77,True,optimal,6.979949843781266e-05,0.6099590598605573,0.6100288593589951,1.4679895951412618,104739.48150978665,2.4064264708456466,104739.48150981286,2.5022082359496763e-11
PINN Baseline,1,78,True,optimal,6.979949843781266e-05,0.6645094100385904,0.6645792095370282,1.6067710141651332,104805.85849527956,2.4177268730456865,104805.85849527956,0.0
PINN Baseline,1,79,True,optimal,6.979949843781266e-05,0.6949548269622028,0.6950246264606406,1.6542868171818554,108064.88236910733,2.3801844628242654,108064.88236908779,-1.8084711446725762e-11
PINN Baseline,1,80,True,optimal,6.979949843781266e-05,0.6589500489644706,0.6590198484629084,1.642730558756739,109276.1113813085,2.49268753071433,109276.11138130866,1.4648312928475534e-13
PINN Baseline,1,81,True,optimal,6.979949843781266e-05,0.7737493580207229,0.7738191575191606,1.9311787472106516,108639.64279763623,2.495646080153855,108639.64279750381,-1.2189144327803292e-10
PINN Baseline,1,82,True,optimal,6.979949843781266e-05,0.6704227812588215,0.6704925807572593,1.8406509971246123,105268.98302607624,2.7452220202731663,105268.98302607611,-1.2441199039878603e-13
PINN Baseline,1,83,True,optimal,6.979949843781266e-05,0.6948371999897063,0.694906999488144,1.883398710284382,107623.73717550874,2.710288875592935,107623.73717550872,-1.3521101952291563e-14
PINN Baseline,1,84,True,optimal,6.979949843781266e-05,0.7006623870693147,0.7007321865677525,1.9698952180333436,109528.93865846266,2.8111955691404193,109528.93865846223,-3.9857727300023947e-13
PINN Baseline,1,85,True,optimal,6.979949843781266e-05,0.6929510268382728,0.6930208263367106,1.7361704390496016,108569.34721783205,2.505221160851618,108569.347217832,-5.361334704967909e-14
PINN Baseline,1,86,True,optimal,6.979949843781266e-05,0.7033645291812718,0.7034343286797096,1.870545371901244,112088.85673641482,2.659161339782932,112088.85673641498,1.4280729786409923e-13
PINN Baseline,1,87,True,optimal,6.979949843781266e-05,0.6709555299021304,0.6710253294005681,1.6847413331270218,106055.81963364282,2.510697077012001,106055.81963364287,4.116298929743235e-14
PINN Baseline,1,88,True,optimal,6.979949843781266e-05,0.6967392321676016,0.6968090316660394,2.1064311740919948,106322.46714683443,3.022967668854136,106322.46714683458,1.3686585365132876e-13
PINN Baseline,1,89,True,optimal,6.979949843781266e-05,0.7374886739999056,0.7375584734983434,2.099604783114046,110809.34412445486,2.846696036390614,110809.3441244549,3.93971700040647e-14
PINN Baseline,1,90,True,optimal,6.979949843781266e-05,0.7349565289914608,0.7350263284898986,1.8080654428340495,108854.65278121222,2.4598648684445017,108854.65278121101,-1.1095611745526698e-12
PINN Baseline,1,91,True,optimal,6.979949843781266e-05,0.7131675272248685,0.7132373267233063,1.908466697204858,109218.42758615366,2.6757807334237147,109218.42758615348,-1.598841757748766e-13
PINN Baseline,1,92,True,optimal,6.979949843781266e-05,0.6559371403418481,0.6560069398402859,1.72764258319512,109204.2897209708,2.63357363813215,109204.28972097086,5.3301624929015615e-14
PINN Baseline,1,93,True,optimal,6.979949843781266e-05,0.7215745011344552,0.721644300632893,1.8745560753159225,105654.10720586358,2.5976177926880437,105654.10720586337,-1.9282431945611058e-13
PINN Baseline,1,94,True,optimal,6.979949843781266e-05,0.6898649428039789,0.6899347423024167,1.9045514478348196,109784.29055316623,2.7604805658561897,109784.29055316607,-1.4580507530311572e-13
PINN Baseline,1,95,True,optimal,6.979949843781266e-05,0.6796267121098936,0.6796965116083313,1.6264373688027263,109044.49879020455,2.392887621203425,109044.4987902047,1.3344932930879817e-13
PINN Baseline,1,96,True,optimal,6.979949843781266e-05,0.6752327070571482,0.675302506555586,1.5373736401088536,109178.48363535228,2.2765703150582164,109178.48363535135,-8.530275779667578e-13
PINN Baseline,1,97,True,optimal,6.979949843781266e-05,0.6846722378395498,0.6847420373379876,1.6758943619206548,106718.46480946364,2.4474828045257517,106718.46480946333,-2.8635177646277814e-13
PINN Baseline,1,98,True,optimal,6.979949843781266e-05,0.6360352579504251,0.6361050574488629,1.6285323100164533,104432.2282056514,2.5601624935160534,104432.22820565096,-4.18029438183893e-13
PINN Baseline,1,99,True,optimal,6.979949843781266e-05,0.710594377014786,0.7106641765132238,1.680159649811685,112503.46885281954,2.3642104179996206,112503.46885282024,6.208625725802262e-13
PINN Baseline,1,100,True,optimal,6.979949843781266e-05,0.6775097427889705,0.6775795422874082,1.485599079169333,105129.27764033226,2.192508755730981,105129.27764025988,-6.88497324156711e-11
PINN Baseline,1,101,True,optimal,6.979949843781266e-05,0.6570043941028416,0.6570741936012794,1.6131256492808461,104261.74440487826,2.4550129422062046,104261.74440487976,1.4375812308504372e-12
PINN Baseline,1,102,True,optimal,6.979949843781266e-05,0.6218786430545151,0.6219484425529529,1.5266423323191702,113338.46805434416,2.4546123566973823,113338.4680543443,1.1555409147801853e-13
PINN Baseline,1,103,True,optimal,6.979949843781266e-05,0.661465342156589,0.6615351416550268,1.5689953258261085,109278.08441539138,2.371749022887583,109278.08440607124,-8.528826210441473e-09
PINN Baseline,1,104,True,optimal,6.979949843781266e-05,0.7425927249714732,0.742662524469911,1.8781335768289864,109498.92131621025,2.5289192802202303,109498.92131621031,5.315820486064489e-14
PINN Baseline,1,105,True,optimal,6.979949843781266e-05,0.6450653341598809,0.6451351336583186,1.748144798912108,109624.1305631282,2.7097342986097135,109624.13056312816,-3.9823116918551924e-14
PINN Baseline,1,106,True,optimal,6.979949843781266e-05,0.7122490387409925,0.7123188382394303,1.8979798229411244,106251.96772916931,2.664508814103777,106251.9677291698,4.656526635117038e-13
PINN Baseline,1,107,True,optimal,6.979949843781266e-05,0.6700958157889545,0.6701656152873923,1.610238186083734,103080.15480054608,2.402746648517924,103080.15480054647,3.811613514998559e-13
PINN Baseline,1,108,True,optimal,6.979949843781266e-05,0.6871197591535747,0.6871895586520125,1.565448823850602,108522.95925396669,2.278045124727125,108522.9592539668,9.386346197967753e-14
PINN Baseline,1,109,True,optimal,6.979949843781266e-05,0.712789922952652,0.7128597224510898,1.1398183908313513,106977.9228660657,1.5989378484061507,106977.92286606519,-4.760954590887832e-13
PINN Baseline,1,110,True,optimal,6.979949843781266e-05,0.6660136510618031,0.6660834505602409,1.1616820748895407,109112.72202173813,1.7440488484024836,109112.722021738,-1.2002930055141465e-13
PINN Baseline,1,111,True,optimal,6.979949843781266e-05,0.7168492791242898,0.7169190786227275,1.1564334812574089,109666.97805385804,1.6130599892515511,109666.97805385868,5.838441811843255e-13
PINN Baseline,1,112,True,optimal,6.979949843781266e-05,0.7339600920677185,0.7340298915661563,1.160443204920739,105759.46911593789,1.580920911060951,105759.46911593659,-1.2245905413016828e-12
PINN Baseline,1,113,True,optimal,6.979949843781266e-05,0.6855922630056739,0.6856620625041117,1.1370110921561718,108496.46530604672,1.6582674678013902,108496.46530604658,-1.341234038115327e-13
PINN Baseline,1,114,True,optimal,6.979949843781266e-05,0.6467707119882107,0.6468405114866485,1.0826282459311187,105290.33572317987,1.6737174414801097,105290.33572317961,-2.487735197266903e-13
PINN Baseline,1,115,True,optimal,6.979949843781266e-05,0.7860351842828095,0.7861049837812473,1.3958814041689038,108303.09162508957,1.7756933653499665,108303.09162507713,-1.148802618056691e-11
PINN Baseline,1,116,True,optimal,6.979949843781266e-05,0.7111575277522206,0.7112273272506584,1.2144600916653872,107016.81675805882,1.7075554399182613,107016.81675805875,-6.798891832703962e-14
PINN Baseline,1,117,True,optimal,6.979949843781266e-05,0.6635045381262898,0.6635743376247276,1.2822659690864384,106858.10830128586,1.9323622032707368,106858.10830136134,7.063645940345603e-11
PINN Baseline,1,118,True,optimal,6.979949843781266e-05,0.721112095285207,0.7211818947836448,1.2220814982429147,113695.52527616716,1.6945537694197663,113695.52527616709,-6.399510971526872e-14
PINN Baseline,1,119,True,optimal,6.979949843781266e-05,0.7216846141964197,0.7217544136948575,1.521174515131861,107605.56695558378,2.107606806787026,107605.56695561415,2.8223304742344182e-11
PINN Baseline,1,120,True,optimal,6.979949843781266e-05,0.7034659059718251,0.7035357054702629,1.4611917650327086,108024.71639094442,2.0769262365383536,108024.7163909436,-7.543711106256201e-13
PINN Baseline,1,121,True,optimal,6.979949843781266e-05,0.6995470277033746,0.6996168272018124,1.33489806111902,103480.64702715352,1.9080416725510714,103480.64702722574,6.979194405252774e-11
PINN Baseline,1,122,True,optimal,6.979949843781266e-05,0.6591917821206152,0.659261581619053,1.1138444989919662,108353.39077420508,1.6895334568966116,108353.39077420348,-1.4773055680888056e-12
PINN Baseline,1,123,True,optimal,6.979949843781266e-05,0.7163693131878972,0.716439112686335,1.3141992357559502,111855.5983773533,1.8343488127389846,111855.59837735326,-2.6019109350745e-14
PINN Baseline,1,124,True,optimal,6.979949843781266e-05,0.7107062633149326,0.7107760628133704,1.0039308378472924,105965.96613127821,1.4124432298318637,105965.96613127834,1.235936799680098e-13
PINN Baseline,1,125,True,optimal,6.979949843781266e-05,0.6621488742530346,0.6622186737514724,1.1067948853597045,104843.12658404678,1.6713435142046138,104843.12658529598,1.1914892769460815e-09
PINN Baseline,1,126,True,optimal,6.979949843781266e-05,0.6950846039690077,0.6951544034674455,1.0984806567430496,108765.01625508192,1.580196645901693,108765.01625508185,-6.689612032162469e-14
PINN Baseline,1,127,True,optimal,6.979949843781266e-05,0.7283884980715811,0.7284582975700189,1.0923783089965582,108008.3349269455,1.4995756279261265,108008.33492694712,1.4954980941436131e-12
PINN Baseline,1,128,True,optimal,6.979949843781266e-05,0.6508000520989299,0.6508698515973677,1.1233527632430196,105553.92805566255,1.725925329750767,105553.92805566221,-3.170834628493796e-13
PINN Baseline,1,129,True,optimal,6.979949843781266e-05,0.6519000460393727,0.6519698455378105,0.9945382811129093,105571.68676844201,1.5254360119868946,105571.68676842429,-1.6788812692769285e-11
PINN Baseline,1,130,True,optimal,6.979949843781266e-05,0.718359877821058,0.7184296773194958,1.0546170850284398,109399.90558516803,1.4679475505010864,109399.90558516832,2.6603158660019424e-13
PINN Baseline,1,131,True,optimal,6.979949843781266e-05,0.6519470810890198,0.6520168805874575,0.9553221161477268,110184.08540137636,1.4651800353496918,110184.08540137629,-6.603456014249893e-14
PINN Baseline,1,132,True,optimal,6.979949843781266e-05,0.6396893109194934,0.6397591104179312,1.512404760811478,106682.95207445277,2.3640222330299903,106682.95207445283,5.4561351913888707e-14
PINN Baseline,1,133,True,optimal,6.979949843781266e-05,0.6345584420487285,0.6346282415471662,1.481747468933463,104196.69656186177,2.3348274973094436,104196.6965618618,2.793162491428383e-14
PINN Baseline,1,134,True,optimal,6.979949843781266e-05,0.7008169237524271,0.7008867232508649,1.6492950171232224,109434.0110782604,2.3531548856760103,109434.01107825962,-7.18061427694405e-13
PINN Baseline,1,135,True,optimal,6.979949843781266e-05,0.6623052549548447,0.6623750544532825,1.569290020968765,102699.78041687197,2.369186475876633,102699.78041687209,1.1335498611037886e-13
PINN Baseline,1,136,True,optimal,6.979949843781266e-05,0.7677917904220521,0.7678615899204899,1.8976447116583586,112459.39896550402,2.471336939584196,112459.39896550347,-4.917088155944708e-13
PINN Baseline,1,137,True,optimal,6.979949843781266e-05,0.7188895680010319,0.7189593674994696,1.585271978750825,106057.86591947907,2.204953506989384,106057.86591948068,1.523001218575391e-12
PINN Baseline,1,138,True,optimal,6.979949843781266e-05,0.7427129172720015,0.7427827167704393,1.681043075863272,115828.55635773766,2.263169346713282,115828.55635773772,5.025329050436618e-14
PINN Baseline,1,139,True,optimal,6.979949843781266e-05,0.6424625879153609,0.6425323874137987,1.326399858109653,105867.49074753454,2.0643315171215413,105867.49074753451,-2.7490809738882453e-14
PINN Baseline,1,140,True,optimal,6.979949843781266e-05,0.7095150989480317,0.7095848984464694,1.452449896838516,109307.92847947616,2.0469008007617395,109307.92847947624,6.656385968882003e-14
PINN Baseline,1,141,True,optimal,6.979949843781266e-05,0.6782888048328459,0.6783586043312837,1.5029239691793919,107917.43661157327,2.215530192413426,107917.4366115724,-8.090582403700058e-13
PINN Baseline,1,142,True,optimal,6.979949843781266e-05,0.7004440440796316,0.7005138435780693,1.549684084020555,110748.31564663223,2.2122105055127994,110748.31564663185,-3.4163029363331316e-13
PINN Baseline,1,143,True,optimal,6.979949843781266e-05,0.6144480337388813,0.6145178332373191,1.2093001771718264,101214.83848625835,1.9678845946604282,101214.83848625848,1.2939529323369194e-13
PINN Baseline,1,144,True,optimal,6.979949843781266e-05,0.6749914148822427,0.6750612143806805,1.6555333151482046,108442.77172701947,2.4524195434143494,108442.77172693454,-7.831317470059569e-11
PINN Baseline,1,145,True,optimal,6.979949843781266e-05,0.6622269577346742,0.662296757233112,1.6038178708404303,105789.29744707132,2.421600065717861,105789.29744717342,9.650904175188685e-11
PINN Baseline,1,146,True,optimal,6.979949843781266e-05,0.6723259896971285,0.6723957891955663,1.5968632642179728,108403.18427226276,2.374885878045743,108403.18427226253,-2.147821073863457e-13
PINN Baseline,1,147,True,optimal,6.979949843781266e-05,0.7219886491075158,0.7220584486059536,1.8825199217535555,107489.71261868572,2.6071572535271264,107489.71261868607,3.2491106076330925e-13
PINN Baseline,1,148,True,optimal,6.979949843781266e-05,0.6442504143342376,0.6443202138326753,1.6469828612171113,102888.9541177796,2.556155814855157,102888.9541177796,0.0
PINN Baseline,1,149,True,optimal,6.979949843781266e-05,0.7199747050181031,0.7200445045165409,1.793892142828554,114372.8196748799,2.4913628693451746,114372.81967487984,-5.089291413723165e-14
PINN Baseline,1,150,True,optimal,6.979949843781266e-05,0.6622902271337807,0.6623600266322185,1.6372365169227123,107852.70067468159,2.4718226509641155,107852.70067468124,-3.238175430898504e-13
PINN Baseline,1,151,True,optimal,6.979949843781266e-05,0.6305763977579772,0.630646197256415,1.6599281602539122,104518.60512555485,2.6321068254677837,104518.6051255548,-5.56911956905131e-14
PINN Baseline,1,152,True,optimal,6.979949843781266e-05,0.6974543291144073,0.6975241286128451,1.7611070708371699,105211.67695179096,2.52479734907444,105211.67695180993,1.8035733302193472e-11
PINN Baseline,1,153,True,optimal,6.979949843781266e-05,0.7183804661035538,0.7184502656019915,1.8201225968077779,107444.87113699336,2.533400965872971,107444.87113699323,-1.2189249767754576e-13
PINN Baseline,1,154,True,optimal,6.979949843781266e-05,0.70171535667032,0.7017851561687578,1.6728643220849335,107773.32046394121,2.3837271383988363,107773.32046394113,-8.101401255370413e-14
PINN Baseline,1,155,True,optimal,6.979949843781266e-05,0.7666797367855906,0.7667495362840284,1.782784114126116,109912.07704462801,2.325119259629674,109912.0770446273,-6.487402161460891e-13
PINN Baseline,1,156,True,optimal,6.979949843781266e-05,0.7123369830660522,0.71240678256449,1.769526693969965,111392.16145913696,2.483871205717753,111392.16145913413,-2.53435386953936e-12
PINN Baseline,1,157,True,optimal,6.979949843781266e-05,0.6191572239622474,0.6192270234606851,1.4454205469228327,104581.10715169032,2.334233636711759,104581.1071507076,-9.396725335644782e-10
PINN Baseline,1,158,True,optimal,6.979949843781266e-05,0.6609767111949623,0.6610465106934,1.6717750490643084,109063.56202613235,2.5289824876478235,109063.5620261324,4.002780110431415e-14
PINN Baseline,1,159,True,optimal,6.979949843781266e-05,0.6550389719195664,0.6551087714180042,1.7471130480989814,114265.44450179077,2.666905290120446,114265.44450178983,-8.277869954192684e-13
PINN Baseline,1,160,True,optimal,6.979949843781266e-05,0.6756581887602806,0.6757279882587184,1.835594980046153,110268.56216013472,2.7164702542161865,110268.56216013464,-7.918076526961984e-14
PINN Baseline,1,161,True,optimal,6.979949843781266e-05,0.6089076362550259,0.6089774357534636,1.6088712741620839,115519.64040440203,2.641922639007948,115519.64040440186,-1.5116302485802058e-13
PINN Baseline,1,162,True,optimal,6.979949843781266e-05,0.6410076906904578,0.6410774901888956,1.4511742130853236,105403.37636943492,2.263648677880938,105403.37636943511,1.794770760527804e-13
PINN Baseline,1,163,True,optimal,6.979949843781266e-05,0.6880159829743207,0.6880857824727584,1.4967042868956923,104800.79821518327,2.175171068812118,104800.79821518311,-1.527384048958939e-13
PINN Baseline,1,164,True,optimal,6.979949843781266e-05,0.6846093260683119,0.6846791255667497,1.6276547270826995,107666.45444361301,2.377251863397168,107666.45444361304,2.7031474758905467e-14
PINN Baseline,1,165,True,optimal,6.979949843781266e-05,0.7169839977286756,0.7170537972271134,1.4740419937297702,107685.67088939677,2.0556923335877615,107685.67088939693,1.48646580543147e-13
PINN Baseline,1,166,True,optimal,6.979949843781266e-05,0.6899578380398452,0.690027637538283,1.3598876921460032,104569.34288214086,1.9707727896196856,104569.34288214105,1.8090856531630534e-13
PINN Baseline,1,167,True,optimal,6.979949843781266e-05,0.6551916371099651,0.6552614366084029,1.5218399320729077,105718.21535345101,2.3224927441936267,105718.21535345077,-2.3400183029495406e-13
PINN Baseline,1,168,True,optimal,6.979949843781266e-05,0.6958102998323739,0.6958800993308116,1.4901460679247975,111826.73494193738,2.1413833638263062,111826.73494087633,-9.488365187692266e-10
PINN Baseline,1,169,True,optimal,6.979949843781266e-05,0.6881409278139472,0.688210727312385,1.5601680940017104,108716.16099622629,2.266991826899461,108716.16099622645,1.4723760114891446e-13
PINN Baseline,1,170,True,optimal,6.979949843781266e-05,0.6823320910334587,0.6824018905318965,1.3948584008030593,109906.83766296561,2.044042403979626,109906.83766296536,-2.250838657016468e-13
PINN Baseline,1,171,True,optimal,6.979949843781266e-05,0.6674704723991454,0.6675402718975831,1.556773123331368,109973.1951030176,2.3321036780387905,109973.19510301783,2.1171581259939305e-13
PINN Baseline,1,172,True,optimal,6.979949843781266e-05,0.6472724140621722,0.64734221356061,1.2308048969134688,112797.42828241971,1.9013203080695276,112797.42828241955,-1.41910210143491e-13
PINN Baseline,1,173,True,optimal,6.979949843781266e-05,0.6191240879707038,0.6191938874691416,1.272714224178344,112784.57955040963,2.0554373192867983,112784.57955040963,0.0
PINN Baseline,1,174,True,optimal,6.979949843781266e-05,0.6692280462011695,0.6692978456996073,1.3565395809710026,109718.28768903145,2.0268100214083784,109718.28768903142,-2.652596123193346e-14
PINN Baseline,1,175,True,optimal,6.979949843781266e-05,0.6902716290205717,0.6903414285190095,1.498377728741616,105137.13700212952,2.1704879163287187,105137.13700223103,9.655404695966852e-11
PINN Baseline,1,176,True,optimal,6.979949843781266e-05,0.6876455671153963,0.687715366613834,1.348660851828754,106030.86168149213,1.9610741846140165,106030.8616814921,-2.744845226681189e-14
PINN Baseline,1,177,True,optimal,6.979949843781266e-05,0.7152878381311893,0.7153576376296271,1.3534335382282734,112085.73450006943,1.8919676914514287,112085.73450006946,2.5965686522503607e-14
PINN Baseline,1,178,True,optimal,6.979949843781266e-05,0.6859236089512706,0.6859934084497084,1.231445758137852,106006.7486052952,1.7951276833997916,106006.74860529309,-1.9904654523172446e-12
PINN Baseline,1,179,True,optimal,6.979949843781266e-05,0.7009586887434125,0.7010284882418503,1.442040240392089,108223.35366251085,2.0570351484697356,108223.3536625111,2.2858519026649893e-13
PINN Baseline,1,180,True,optimal,6.979949843781266e-05,0.6629610992968082,0.663030898795246,1.3606005953624845,107472.5473858793,2.052092289868769,107472.54738587908,-2.0310184668999684e-13
PINN Baseline,1,181,True,optimal,6.979949843781266e-05,0.6358215897344053,0.635891389232843,1.3180025918409228,106877.54321757122,2.0726850750896273,106877.54321757144,2.0423254675788302e-13
PINN Baseline,1,182,True,optimal,6.979949843781266e-05,0.6264188038185239,0.6264886033169617,1.3922130852006376,104939.01486344263,2.2222480629807566,104939.01486343771,-4.687053098019371e-12
PINN Baseline,1,183,True,optimal,6.979949843781266e-05,0.6879039299674332,0.687973729465871,1.5515946610830724,108388.54835520934,2.2553109146881223,108388.54835520954,1.879597211040095e-13
PINN Baseline,1,184,True,optimal,6.979949843781266e-05,0.6228243173100054,0.6228941168084432,1.4636836131103337,103389.83189240174,2.3498112658534804,103389.8318924017,-4.222440919580301e-14
PINN Baseline,1,185,True,optimal,6.979949843781266e-05,0.6420071162283421,0.6420769157267798,1.471939705312252,105970.365345436,2.292466321805284,105970.36534543616,1.5105267117863098e-13
PINN Baseline,1,186,True,optimal,6.979949843781266e-05,0.7106080260127783,0.710677825511216,1.4778282027691603,107916.46936988988,2.0794629432909426,107916.46936989012,2.292352226927649e-13
PINN Baseline,1,187,True,optimal,6.979949843781266e-05,0.6565200006589293,0.6565898001573671,1.5046571558341384,109543.57027901632,2.2916243223295765,109543.57027901622,-9.298894160480039e-14
PINN Baseline,1,188,True,optimal,6.979949843781266e-05,0.6560446447692811,0.6561144442677189,1.468338882084936,109622.40504532929,2.237931042234149,109622.40504532907,-1.9911871878312073e-13
PINN Baseline,1,189,True,optimal,6.979949843781266e-05,0.7188943289220333,0.7189641284204711,1.3813663846813142,112023.01821887858,1.9213286589361676,112023.01821887822,-3.247527932146561e-13
PINN Baseline,1,190,True,optimal,6.979949843781266e-05,0.659520884975791,0.6595906844742288,1.4844416379928589,110394.1215739431,2.2505497317266285,110394.12157394295,-1.4499962971743756e-13
PINN Baseline,1,191,True,optimal,6.979949843781266e-05,0.687880540266633,0.6879503397650708,1.5710385600104928,109893.34655291318,2.283651114333324,109893.34655291271,-4.2373929078911555e-13
PINN Baseline,1,192,True,optimal,6.979949843781266e-05,0.6484045009128749,0.6484743004113127,1.41590071702376,106906.79041035652,2.1834338170775403,106906.7904103564,-1.088942258766541e-13
PINN Baseline,1,193,True,optimal,6.979949843781266e-05,0.6858187699690461,0.6858885694674839,1.6221482157707214,109761.94966535347,2.365031709203346,109761.94966535305,-3.844734381170029e-13
PINN Baseline,1,194,True,optimal,6.979949843781266e-05,0.7009109877981246,0.7009807872965623,1.3909268751740456,112657.13419566702,1.9842581999121032,112657.13419566683,-1.6792092158158684e-13
PINN Baseline,1,195,True,optimal,6.979949843781266e-05,0.7372820121236145,0.7373518116220523,1.617589671164751,113350.34783615646,2.1937827312125546,113350.34783615662,1.4121797644892268e-13
PINN Baseline,1,196,True,optimal,6.979949843781266e-05,0.6614078967832029,0.6614776962816407,1.549999613314867,110383.2140658764,2.343237908137897,110383.21406587634,-5.2732348306807986e-14
PINN Baseline,1,197,True,optimal,6.979949843781266e-05,0.6581030120141804,0.6581728115126182,1.4895727219991386,109838.25871259537,2.263193945334494,109838.2587125953,-6.624247051495799e-14
PINN Baseline,1,198,True,optimal,6.979949843781266e-05,0.7368742329999804,0.7369440324984182,1.445736971218139,113727.36136718259,1.9618002283249945,113727.36136718218,-3.5827229392824683e-13
PINN Baseline,1,199,True,optimal,6.979949843781266e-05,0.6639399640262127,0.6640097635246505,1.490672081708908,113611.72807510155,2.2449550648114363,113611.72807510191,3.202115546281344e-13
PINN Baseline,1,200,True,optimal,6.979949843781266e-05,0.6855299570597708,0.6855997565582086,1.4605158353224397,115249.56322020305,2.1302747285885877,115249.56322020333,2.399023316129172e-13
PINN Baseline,1,201,True,optimal,6.979949843781266e-05,0.6723863929510117,0.6724561924494494,1.2301868749782443,106857.33982754895,1.829393332667869,106857.33982754864,-2.859796250672895e-13
PINN Baseline,1,202,True,optimal,6.979949843781266e-05,0.6865397179499269,0.6866095174483646,1.2205802137032151,115085.08512536701,1.777691952536919,115085.08512536944,2.1116288357348637e-12
PINN Baseline,1,203,True,optimal,6.979949843781266e-05,0.6632141135632992,0.663283913061737,1.2424452509731054,105402.55613357149,1.8731725985000054,105402.55613357144,-4.1418109091944384e-14
PINN Baseline,1,204,True,optimal,6.979949843781266e-05,0.7571660871617496,0.7572358866601874,1.2178078875876963,110087.95740460414,1.6082279102736086,110087.95740460425,1.0574755365755025e-13
PINN Baseline,1,205,True,optimal,6.979949843781266e-05,0.6489689648151398,0.6490387643135775,1.1908534090034664,104987.4259316855,1.8347955075732822,104987.4259316856,9.702438715360988e-14
PINN Baseline,1,206,True,optimal,6.979949843781266e-05,0.7453850470483303,0.7454548465467681,1.2754997941665351,109021.50623406842,1.7110356181533166,109021.50623406973,1.2012972630750113e-12
PINN Baseline,1,207,True,optimal,6.979949843781266e-05,0.6342180757783353,0.6342878752767731,1.082137973047793,110836.5150094327,1.706067568413789,110836.51500943286,1.4442087745037146e-13
PINN Baseline,1,208,True,optimal,6.979949843781266e-05,0.635293513070792,0.6353633125692297,1.265590196941048,107191.22730054404,1.9919157620595982,107191.22730054404,0.0
PINN Baseline,1,209,True,optimal,6.979949843781266e-05,0.6918249218724668,0.6918947213709046,1.6894518393091857,108877.2477857177,2.4417758759045656,108877.24778571757,-1.202888938863145e-13
PINN Baseline,1,210,True,optimal,6.979949843781266e-05,0.6579174548387527,0.6579872543371905,1.7205236391164362,108387.64783713415,2.6148282170747654,108387.6478371344,2.2823870045963116e-13
PINN Baseline,1,211,True,optimal,6.979949843781266e-05,0.6962024816311896,0.6962722811296274,1.7442257292568684,108880.54644928305,2.505091436969239,108880.54644928311,5.3460110930450507e-14
PINN Baseline,1,212,True,optimal,6.979949843781266e-05,0.684805491939187,0.6848752914376248,1.8289608010090888,111942.56866411032,2.6705019495883824,111942.56866411095,5.589762342307135e-13
PINN Baseline,1,213,True,optimal,6.979949843781266e-05,0.638428851030767,0.6384986505292047,1.8792342529632151,109197.36881562926,2.9432078695947994,109197.36881562925,-1.3326250793585108e-14
PINN Baseline,1,214,True,optimal,6.979949843781266e-05,0.6730697280727327,0.6731395275711705,1.8455410990864038,111718.00902278344,2.7416917644778724,111718.00902278305,-3.5169057755565424e-13
PINN Baseline,1,215,True,optimal,6.979949843781266e-05,0.6494781957007945,0.6495479951992322,1.6234383550472558,105734.67381747153,2.499335487209544,105734.67381747204,4.81693482945876e-13
PINN Baseline,1,216,True,optimal,6.979949843781266e-05,0.6817528628744185,0.6818226623728563,1.6790556209161878,109062.65409582926,2.462598727758322,109062.65409582917,-8.005626865955763e-14
PINN Baseline,1,217,True,optimal,6.979949843781266e-05,0.6566312252543867,0.6567010247528244,1.70478549413383,113275.5704965628,2.5959842148495107,113275.57049656368,7.83634834094535e-13
PINN Baseline,1,218,True,optimal,6.979949843781266e-05,0.7133259321562946,0.7133957316547324,1.7675271299667656,109253.98502709641,2.4776250425089583,109253.98502709663,1.9979017549919742e-13
PINN Baseline,1,219,True,optimal,6.979949843781266e-05,0.6318040327169001,0.6318738322153379,1.7017706530168653,103503.0653895337,2.693212736869462,103503.06538947287,-5.876831321434882e-11
PINN Baseline,1,220,True,optimal,6.979949843781266e-05,0.6889812792651355,0.6890510787635733,1.630507117137313,115023.44552829314,2.3663080537702363,115023.44552829313,-1.2651260064007917e-14
PINN Baseline,1,221,True,optimal,6.979949843781266e-05,0.6800939212553203,0.6801637207537581,1.7172778747044504,110274.97965005241,2.5248007535617476,110274.97965005266,2.243324457345469e-13
PINN Baseline,1,222,True,optimal,6.979949843781266e-05,0.6938466047868133,0.693916404285251,1.5459795729257166,113242.21466647592,2.227904634302613,113242.21466647582,-8.995179659685998e-14
PINN Baseline,1,223,True,optimal,6.979949843781266e-05,0.7443638616241515,0.7444336611225892,1.820389891974628,106340.36160884323,2.445335275717545,106340.36160891203,6.469928647863181e-11
PINN Baseline,1,224,True,optimal,6.979949843781266e-05,0.7465204480104148,0.7465902475088526,1.9190206727944314,109408.21585238678,2.5703800434008173,109408.2158523865,-2.6601137976695e-13
PINN Baseline,1,225,True,optimal,6.979949843781266e-05,0.6926070381887257,0.6926768376871635,1.6643537878990173,106336.3418628828,2.4027853933390744,106336.34186288415,1.2726863577676852e-12
PINN Baseline,1,226,True,optimal,6.979949843781266e-05,0.6530914651229978,0.6531612646214355,1.5083054839633405,106652.68482499676,2.309239028186303,106652.68482499676,0.0
PINN Baseline,1,227,True,optimal,6.979949843781266e-05,0.7050784830935299,0.7051482825919677,1.592502370942384,108113.8875877188,2.258393603525064,108113.88758771867,-1.211382182044288e-13
PINN Baseline,1,228,True,optimal,6.979949843781266e-05,0.680154066067189,0.6802238655656268,1.548279098700732,107118.04889214196,2.276131692929196,107118.04889214189,-6.792466525888319e-14
PINN Baseline,1,229,True,optimal,6.979949843781266e-05,0.6793413711711764,0.6794111706696142,1.5238519059494138,105324.53136721901,2.2429008702455326,105324.53136626024,-9.102983647687829e-10
PINN Baseline,1,231,True,optimal,6.979949843781266e-05,0.6997878681868315,0.6998576676852692,1.9041527146473527,109486.2601357303,2.720771383337423,109486.26013572919,-1.0234137792223107e-12
PINN Baseline,1,232,True,optimal,6.979949843781266e-05,0.7321830331347883,0.732252832633226,1.9345075250603259,108480.9251653865,2.6418573460531634,108480.92516538672,2.0121392594386718e-13
PINN Baseline,1,233,True,optimal,6.979949843781266e-05,0.6668439088389277,0.6669137083373655,1.7372927288524806,108991.78340437346,2.6049737876637744,108991.78340437393,4.27244396561598e-13
PINN Baseline,1,234,True,optimal,6.979949843781266e-05,0.6886960351839662,0.6887658346824039,1.7644585128873587,107267.51324045207,2.5617683456975855,107267.51324045182,-2.306220694495834e-13
PINN Baseline,1,235,True,optimal,6.979949843781266e-05,0.7069803597405553,0.7070501592389931,1.7687196680344641,112308.51702894863,2.50154765531509,112308.51702895033,1.5159794882520498e-12
PINN Baseline,1,236,True,optimal,6.979949843781266e-05,0.6669997223652899,0.6670695218637277,1.7823923407122493,105536.28062250227,2.671973883220474,105536.28062250257,2.8955939890357143e-13
PINN Baseline,1,237,True,optimal,6.979949843781266e-05,0.636582724750042,0.6366525242484797,1.8737978707067668,108185.39416586679,2.9432033948481457,108185.39416586676,-2.6901811174355508e-14
PINN Baseline,1,238,True,optimal,6.979949843781266e-05,0.7429186976514757,0.7429884971499134,1.9507798999547958,110217.16973211747,2.625585601174099,110217.16973211696,-4.621031679825689e-13
PINN Baseline,1,239,True,optimal,6.979949843781266e-05,0.7132362881675363,0.713306087665974,2.0411092406138778,106121.82642666952,2.8614773880489937,106121.82642666943,-8.227477259876751e-14
PINN Baseline,1,240,True,optimal,6.979949843781266e-05,0.7217059298418462,0.721775729340284,1.662012352142483,111677.32182084893,2.302671431833254,111677.32182084904,1.0424258025607608e-13
PINN Baseline,1,241,True,optimal,6.979949843781266e-05,0.7014930201694369,0.7015628196678747,1.574703958351165,112365.5811057148,2.2445658666698476,112365.58110571447,-2.849112084623827e-13
PINN Baseline,1,242,True,optimal,6.979949843781266e-05,0.6990754120051861,0.6991452115036239,1.5026235757395625,113875.84037134486,2.149229589240738,113875.84037134504,1.5334506614481456e-13
PINN Baseline,1,243,True,optimal,6.979949843781266e-05,0.669716055970639,0.6697858554690768,1.521400747820735,104152.18699500966,2.271473390185643,104152.18699549352,4.645756822001348e-10
PINN Baseline,1,244,True,optimal,6.979949843781266e-05,0.6833643862046301,0.6834341857030679,1.4799505691044033,106678.97177588605,2.165461722670394,106678.9717758866,5.183521826959862e-13
PINN Baseline,1,245,True,optimal,6.979949843781266e-05,0.6777411201037467,0.6778109196021844,1.5035444595851004,110355.64144182332,2.218235817840688,110355.64144182314,-1.582365708349029e-13
PINN Baseline,1,246,True,optimal,6.979949843781266e-05,0.668101767078042,0.6681715665764798,1.5006183148361742,110167.05258175998,2.245857785486015,110167.0525817601,1.0567163148940352e-13
PINN Baseline,1,247,True,optimal,6.979949843781266e-05,0.6954487510956824,0.6955185505941202,1.705214286223054,111024.47051417876,2.4517164707777237,111024.47051416316,-1.4050644017993365e-11
PINN Baseline,1,248,True,optimal,6.979949843781266e-05,0.6488873390480876,0.6489571385465254,1.510053946170956,109054.87650103882,2.3268931898230383,109054.87650223705,1.0987439004827714e-09
PINN Baseline,1,249,True,optimal,6.979949843781266e-05,0.6687025111168623,0.6687723106153001,1.5507451468147337,107783.61401325637,2.3187938887421637,107783.61401325626,-1.0800836740602966e-13
PINN Baseline,1,250,True,optimal,6.979949843781266e-05,0.6649983860552311,0.6650681855536689,1.4769029831513762,110371.10519663568,2.2206790449942444,110371.10519663588,1.8458346759704815e-13
PINN Baseline,1,251,True,optimal,6.979949843781266e-05,0.6209683180786669,0.6210381175771047,1.4110074928030372,108761.62050866892,2.2720143142064932,108761.62050866902,9.365749252554478e-14
PINN Baseline,1,252,True,optimal,6.979949843781266e-05,0.666113412939012,0.6661832124374498,1.456289139110595,106967.37649695562,2.1860189688393428,106967.37649695555,-6.802034276675474e-14
PINN Baseline,1,254,True,optimal,6.979949843781266e-05,0.6338840806856751,0.6339538801841129,0.899586935993284,105612.12296133344,1.41901006384254,105612.12296133343,-1.3778640955541228e-14
PINN Baseline,1,255,True,optimal,6.979949843781266e-05,0.6743133058771491,0.6743831053755869,0.9027912602759898,110102.57197952512,1.338691988396113,110102.57197952489,-2.114670343006767e-13
PINN Baseline,1,256,True,optimal,6.979949843781266e-05,0.6607672609388828,0.6608370604373206,0.9606264950707555,109139.18235468557,1.4536510625403545,109139.18235468552,-5.333342220239607e-14
PINN Baseline,1,257,True,optimal,6.979949843781266e-05,0.6301086549647152,0.630178454463153,0.9466753480955958,104765.55669049911,1.5022337583757375,104765.55669050802,8.500667968643699e-12
PINN Baseline,1,258,True,optimal,6.979949843781266e-05,0.7212839857675135,0.7213537852659513,1.0208322261460125,107338.15075914917,1.4151616682369643,107338.15075906673,-7.680083845833498e-11
PINN Baseline,1,259,True,optimal,6.979949843781266e-05,0.6996307149529457,0.6997005144513835,0.9803832247853279,109379.4524761037,1.4011469257729792,109379.45247610385,1.330406662215285e-13
PINN Baseline,1,260,True,optimal,6.979949843781266e-05,0.7292737988755107,0.7293435983739485,0.8958424748852849,108100.13333204522,1.2282859229621554,108100.13333204539,1.4807666057205858e-13
PINN Baseline,1,261,True,optimal,6.979949843781266e-05,0.6661826618947089,0.6662524613931466,0.9283044752664864,107733.05993762315,1.3933223951253912,107733.05993762305,-9.455166933673499e-14
PINN Baseline,1,262,True,optimal,6.979949843781266e-05,0.6410157158970833,0.641085515395521,0.914982461836189,102380.80674285865,1.4272393305777402,102380.80674285842,-2.2741630102471354e-13
PINN Baseline,1,263,True,optimal,6.979949843781266e-05,0.6818077592179179,0.6818775587163557,0.8413969110697508,105686.78979770278,1.233941343741672,105686.78979770643,3.455995521589276e-12
PINN Baseline,1,264,True,optimal,6.979949843781266e-05,0.6438662987202406,0.6439360982186784,0.8476319280453026,109372.89568148112,1.3163292606053745,109372.89568148172,5.454994316878649e-13
PINN Baseline,1,265,True,optimal,6.979949843781266e-05,0.7048544441349804,0.7049242436334182,0.8974734568037093,110393.6946474882,1.2731488027391813,110393.69465179711,3.903220581909237e-09
PINN Baseline,1,266,True,optimal,6.979949843781266e-05,0.6596083608455956,0.6596781603440334,0.97366400109604,105606.84775569699,1.4759682215161674,105606.84775509004,-5.747220423281796e-10
PINN Baseline,1,267,True,optimal,6.979949843781266e-05,0.6957272910512984,0.6957970905497362,0.8907495150342584,107094.93246628372,1.2801857425567762,107094.93246628378,5.435146143053286e-14
PINN Baseline,1,268,True,optimal,6.979949843781266e-05,0.7006223076023161,0.7006921071007539,0.9040613588877022,114364.18205632546,1.2902405346457049,114364.18205632527,-1.6541446331124777e-13
PINN Baseline,1,269,True,optimal,6.979949843781266e-05,0.66362244496122,0.6636922444596578,0.8399962848052382,107644.05259924036,1.2656412543875928,107644.05259924034,-1.3518550144654758e-14
PINN Baseline,1,270,True,optimal,6.979949843781266e-05,0.6748940059915185,0.6749638054899563,0.8700376502238214,107816.97158665943,1.2890137858462811,107816.97158665981,3.5091858950372586e-13
PINN Baseline,1,271,True,optimal,6.979949843781266e-05,0.6785973878577352,0.6786671873561729,0.827573380433023,109566.80935949484,1.2194097428769637,109566.80935949498,1.1953185259378213e-13
PINN Baseline,1,272,True,optimal,6.979949843781266e-05,0.6860641380771995,0.6861339375756372,0.9472024561837316,106506.27437007966,1.3804920647571306,106506.27437007992,2.4593337402870177e-13
PINN Baseline,1,273,True,optimal,6.979949843781266e-05,0.7099244152195752,0.7099942147180129,0.8341904636472464,112112.52391325284,1.1749257196110539,112112.52391325345,5.451491218450395e-13
PINN Baseline,1,274,True,optimal,6.979949843781266e-05,0.7044719350524247,0.7045417345508624,0.8668900881893933,108283.73841402585,1.2304311379680384,108283.73841402569,-1.4782558291439777e-13
PINN Baseline,1,275,True,optimal,6.979949843781266e-05,0.6881513493135571,0.6882211488119949,0.9221931686624885,110985.09727280818,1.3399663324127358,110985.09727280788,-2.753434716055115e-13
PINN Baseline,1,276,True,optimal,6.979949843781266e-05,0.7430315241217613,0.7431013236201991,0.9538667560555041,107884.6282874712,1.2836294671209976,107884.62828661092,-7.974075066359543e-10
PINN Baseline,1,277,True,optimal,6.979949843781266e-05,0.7268196810036898,0.7268894805021275,0.8796134507283568,108710.10275225561,1.2101061775178383,108710.10275225551,-9.370187684461038e-14
PINN Baseline,1,278,True,optimal,6.979949843781266e-05,0.686134294141084,0.6862040936395217,0.8616332421079278,107343.5370773793,1.2556515621146425,107343.53707737947,1.6267675492612478e-13
PINN Baseline,1,279,True,optimal,6.979949843781266e-05,0.6412176489830017,0.6412874484814395,0.9121955414302647,110214.23577072626,1.4224440905405713,110214.23577072834,1.8880717750339555e-12
PINN Baseline,1,280,True,optimal,6.979949843781266e-05,0.610321203712374,0.6103910032108117,0.8231590641662478,105801.40375166516,1.3485766661635281,105801.40375166536,1.9255586974565975e-13
PINN Baseline,1,281,True,optimal,6.979949843781266e-05,0.6397286378778517,0.6397984373762895,0.924061955884099,112455.23251900649,1.4443016767492094,112455.23251900655,5.1760740349391485e-14
PINN Baseline,1,282,True,optimal,6.979949843781266e-05,0.6400706549175084,0.6401404544159461,0.8242686381563544,105653.5285821117,1.287637162235597,105653.52858211145,-2.341450987980737e-13
PINN Baseline,1,283,True,optimal,6.979949843781266e-05,0.6830435418523848,0.6831133413508226,0.8516174643300474,108646.8446912197,1.2466708125565462,108646.8446912198,9.375643341329365e-14
PINN Baseline,1,284,True,optimal,6.979949843781266e-05,0.6494316249154508,0.6495014244138886,0.8920636549592018,107704.49612582987,1.3734591202231803,107704.49612583028,3.783069797924208e-13
PINN Baseline,1,285,True,optimal,6.979949843781266e-05,0.5891798748634756,0.5892496743619133,0.9691507392562926,106782.82976172969,1.6447200251841743,106782.82976172976,6.813789848441612e-14
PINN Baseline,1,286,True,optimal,6.979949843781266e-05,0.6028072047047317,0.6028770042031695,0.9832279989495873,108086.00354210382,1.630893187324557,108086.00354210362,-1.8848584138627736e-13
PINN Baseline,1,287,True,optimal,6.979949843781266e-05,0.55210753204301,0.5521773315414478,0.9232339579612017,103107.08838236907,1.671988155297718,103107.08838237058,1.467793541155739e-12
PINN Baseline,1,288,True,optimal,6.979949843781266e-05,0.584549737162888,0.5846195366613258,0.8939404669217765,104901.1466442821,1.529097833484895,104901.14664428247,3.6067269809787254e-13
PINN Baseline,1,289,True,optimal,6.979949843781266e-05,0.5908667473122478,0.5909365468106855,0.8621906950138509,106393.53543589814,1.4590241535527593,106393.53543589967,1.4361315212606187e-12
PINN Baseline,1,290,True,optimal,6.979949843781266e-05,0.6144163082353771,0.6144861077338148,0.9185063680633903,105163.78586585507,1.4947553028509994,105163.78586585511,4.151214729069092e-14
PINN Baseline,1,291,True,optimal,6.979949843781266e-05,0.6123668979853392,0.6124366974837769,0.8198066218756139,107350.86764222955,1.3385981363360906,107350.867642229,-5.151078801904463e-13
PINN Baseline,1,292,True,optimal,6.979949843781266e-05,0.5857513039372861,0.5858211034357239,0.8328839871101081,106482.82331364776,1.4217377664024216,106482.82331364766,-9.566181983973773e-14
PINN Baseline,1,293,True,optimal,6.979949843781266e-05,0.6116508981212974,0.6117206976197351,0.8836440360173583,109740.14114276644,1.444522049778115,109740.14114258823,-1.6239937724333433e-10
PINN Baseline,1,294,True,optimal,6.979949843781266e-05,0.6306606149300933,0.6307304144285311,0.9237202280201018,108781.251777947,1.4645246319016219,108781.25177794567,-1.2307049046857518e-12
PINN Baseline,1,295,True,optimal,6.979949843781266e-05,0.7161842496134341,0.7162540491118718,1.0494217928498983,110396.31963977028,1.4651530335516316,110396.31963977069,3.6908261772114966e-13
PINN Baseline,1,296,True,optimal,6.979949843781266e-05,0.6090877582319081,0.6091575577303459,0.8248371020890772,114083.72388649822,1.3540620018937788,114083.72388649832,8.928829032606944e-14
PINN Baseline,1,297,True,optimal,6.979949843781266e-05,0.5718508809804916,0.5719206804789294,0.876134451944381,109260.82698882019,1.5319160188624432,109260.82698882054,3.196442632788603e-13
PINN Baseline,1,298,True,optimal,6.979949843781266e-05,0.6096043810248375,0.6096741805232753,0.9403783828020096,112032.01133690996,1.5424277636210464,112032.01133691006,9.092348283584563e-14
PINN Baseline,1,299,True,optimal,6.979949843781266e-05,0.6300676772370934,0.6301374767355312,0.8754722238518298,106637.22265436742,1.3893352739266855,106637.22265436778,3.4115468469046034e-13
PINN Baseline,1,300,True,optimal,6.979949843781266e-05,0.6106369039043784,0.6107067034028162,0.861545910127461,106208.92526042237,1.4107359642967496,106208.92526042287,4.658413749610194e-13
PINN Baseline,1,301,True,optimal,6.979949843781266e-05,0.561672599054873,0.5617423985533108,0.8393373480066657,105189.37887601028,1.4941677006547165,105189.37887601016,-1.1067212590365885e-13
PINN Baseline,1,302,True,optimal,6.979949843781266e-05,0.6006713570095599,0.6007411565079976,0.8513935538940132,108946.79223058232,1.417238597140595,108946.79223058234,2.6713802087110925e-14
PINN Baseline,1,303,True,optimal,6.979949843781266e-05,0.6127940420992672,0.612863841597705,0.8754325010813773,109321.46970756348,1.4284290272357545,109321.46970747749,-7.86554254296406e-11
PINN Baseline,1,304,True,optimal,6.979949843781266e-05,0.6008672579191625,0.6009370574176003,0.9213565932586789,108478.98590791269,1.5331998283114936,108478.98590791324,5.097510582808696e-13
PINN Baseline,1,305,True,optimal,6.979949843781266e-05,0.6139875021763146,0.6140573016747524,0.8682305342517793,110172.421681339,1.413924289938099,110172.42168133942,3.8304099626968446e-13
PINN Baseline,1,306,True,optimal,6.979949843781266e-05,0.576712666079402,0.5767824655778397,0.8313273442909122,109504.29554689291,1.4413186840866616,109504.2955468928,-1.0631119194505242e-13
PINN Baseline,1,307,True,optimal,6.979949843781266e-05,0.6017153831198812,0.6017851826183189,0.9108857437968254,105961.10842698837,1.5136393685095981,105961.10842698818,-1.7853238870100957e-13
PINN Baseline,1,308,True,optimal,6.979949843781266e-05,0.7082408796995878,0.7083106791980256,1.0197247448377311,114574.61864585213,1.439657448045679,114574.61864585342,1.130372913854369e-12
PINN Baseline,1,309,True,optimal,6.979949843781266e-05,0.6085999370552599,0.6086697365536977,0.9968709428794682,115449.96260567305,1.6377862788509492,115449.96260557065,-8.869801700306975e-11
PINN Baseline,1,310,True,optimal,6.979949843781266e-05,0.561209580861032,0.5612793803594698,0.8343230239115655,105637.85452885478,1.4864665496481018,105637.85452885463,-1.3775284715188934e-13
PINN Baseline,1,311,True,optimal,6.979949843781266e-05,0.6301846993155777,0.6302544988140155,0.8661766350269318,109079.23379264152,1.3743283652189138,109079.23379264158,5.3362733574127924e-14
PINN Baseline,1,312,True,optimal,6.979949843781266e-05,0.6248228526674211,0.6248926521658589,0.8414959851652384,109731.92054006094,1.3466248678851303,109731.92054006072,-1.9891999278898392e-13
PINN Baseline,1,313,True,optimal,6.979949843781266e-05,0.6076375502161682,0.6077073497146059,0.9235779298469424,107246.99709604887,1.5197741647861869,107246.99709604931,4.0705797707327037e-13
PINN Baseline,1,314,True,optimal,6.979949843781266e-05,0.4637175649404526,0.4637873644388904,0.803337574005127,108537.83804086829,1.7321247528531503,108537.83804086848,1.7429396179564412e-13
PINN Baseline,1,315,True,optimal,6.979949843781266e-05,0.6216106782667339,0.6216804777651717,0.9611731688492,108341.38547567776,1.5460887115266075,108341.38547567783,6.715769400804692e-14
PINN Baseline,1,316,True,optimal,6.979949843781266e-05,0.6073762979358435,0.6074460974342812,0.981682205107063,114705.51662792037,1.616081178648563,114705.51662793671,1.424674355852056e-11
PINN Baseline,1,317,True,optimal,6.979949843781266e-05,0.5881602852605283,0.5882300847589661,0.8839963767677546,102311.95157242953,1.5028071492296795,102311.95157243028,7.253773046459016e-13
PINN Baseline,1,318,True,optimal,6.979949843781266e-05,0.5969068543054163,0.5969766538038541,0.7991050789132714,106915.85857687854,1.3385868171250626,106915.85857687824,-2.8582309852187854e-13
PINN Baseline,1,319,True,optimal,6.979949843781266e-05,0.5442710407078266,0.5443408402062644,0.9100381121970713,108686.11642712192,1.6718167092739817,108686.11642712216,2.276119223085091e-13
PINN Baseline,1,320,True,optimal,6.979949843781266e-05,0.5978217320516706,0.5978915315501083,0.8702226593159139,103746.2247150171,1.455485842155605,103746.22471501713,2.805290557480977e-14
PINN Baseline,1,321,True,optimal,6.979949843781266e-05,0.624152101110667,0.6242219006091048,0.8741543269716203,104637.85473215189,1.4003903517621472,104637.85473215181,-6.953465963926873e-14
PINN Baseline,1,322,True,optimal,6.979949843781266e-05,0.6620279233902693,0.662097722888707,1.031229211948812,111792.44809678243,1.5575181371257378,111792.44809678334,8.070480247267365e-13
PINN Baseline,1,323,True,optimal,6.979949843781266e-05,0.5993004539050162,0.599370253403454,0.8922977698966861,108312.29159824598,1.4887254828378242,108312.29159824594,-4.0305439983699434e-14
PINN Baseline,1,324,True,optimal,6.979949843781266e-05,0.6254531480371952,0.625522947535633,0.951058906968683,108653.05489737132,1.5204220895741092,108653.05489737235,9.509037570917325e-13
PINN Baseline,1,325,True,optimal,6.979949843781266e-05,0.6358693880029023,0.63593918750134,0.8991628233343363,104330.44339602735,1.4139132184434562,104330.44339602703,-3.068539964014578e-13
PINN Baseline,1,326,True,optimal,6.979949843781266e-05,0.5841171406209469,0.5841869401193847,0.8890457209199667,107206.41706297357,1.5218514141009059,107206.41706297558,1.8731754651729664e-12
PINN Baseline,1,327,True,optimal,6.979949843781266e-05,0.6153097753413022,0.6153795748397399,1.0648914966732264,111829.87666024544,1.7304628561169755,111829.87666024566,1.9518820456957456e-13
PINN Baseline,1,328,True,optimal,6.979949843781266e-05,0.5887833251617849,0.5888531246602227,0.9765610634349287,111090.87715715334,1.658411957987689,111090.87715715362,2.488830734029061e-13
PINN Baseline,1,329,True,optimal,6.979949843781266e-05,0.5781994992867112,0.578269298785149,0.9194899997673929,108246.16012307258,1.5900723100795664,108246.16012204615,-9.482404654179513e-10
PINN Baseline,1,330,True,optimal,6.979949843781266e-05,0.6196313360705972,0.6197011355690349,0.8984845150262117,109575.61994681974,1.449867465873185,109575.61994681845,-1.1819421655594646e-12
PINN Baseline,1,331,True,optimal,6.979949843781266e-05,0.5772047471255064,0.5772745466239442,0.8370038759894669,109410.06602333559,1.4499234045299403,109410.06602333515,-3.99010322101345e-13
PINN Baseline,1,332,True,optimal,6.979949843781266e-05,0.6242216308601201,0.6242914303585578,0.9377990239299834,113204.3194868807,1.5021814785946437,113204.31948688057,-1.1569102455536558e-13
PINN Baseline,1,333,True,optimal,6.979949843781266e-05,0.6126483660191298,0.6127181655175675,0.9097868758253753,107734.8061896453,1.4848374457069862,107734.80618964549,1.7559311113974159e-13
PINN Baseline,1,334,True,optimal,6.979949843781266e-05,0.6245822296477854,0.6246520291462232,0.8939487091265619,107805.99735806006,1.431114712535897,107805.99735805974,-2.969613406207549e-13
PINN Baseline,1,335,True,optimal,6.979949843781266e-05,0.5635468047112226,0.5636166042096604,0.8917689099907875,106971.61876122677,1.5822261149337207,106971.61876122664,-1.22431761407328e-13
PINN Baseline,1,336,True,optimal,6.979949843781266e-05,0.5857168333604932,0.585786632858931,0.9560095821507275,106491.83575307915,1.6320098966494403,106491.83575307915,0.0
PINN Baseline,1,337,True,optimal,6.979949843781266e-05,0.5970060271210968,0.5970758266195346,0.8925917111337185,103835.62310854188,1.494938618076881,103835.62310854236,4.624744265598788e-13
PINN Baseline,1,338,True,optimal,6.979949843781266e-05,0.5718633029609919,0.5719331024594296,0.8755972776561975,107148.35084684085,1.5309435210008822,107148.35084684138,4.889192825468973e-13
PINN Baseline,1,339,True,optimal,6.979949843781266e-05,0.6238215840421617,0.6238913835405995,1.0182363791391253,112924.0473812821,1.6320731556839396,112924.04738128243,2.9638864175879273e-13
PINN Baseline,1,340,True,optimal,6.979949843781266e-05,0.6074753007851541,0.6075451002835919,1.000046556815505,110763.59593878694,1.6460449707333662,110763.5959387871,1.4451595414119455e-13
PINN Baseline,1,341,True,optimal,6.979949843781266e-05,0.6186920432373881,0.6187618427358259,0.997040837071836,107422.74836331155,1.61134828977732,107422.74836331107,-4.4703120135410254e-13
PINN Baseline,1,342,True,optimal,6.979949843781266e-05,0.6450335909612477,0.6451033904596855,1.058524294756353,109500.5359754171,1.64085991549676,109500.53597541714,3.986806575531401e-14
PINN Baseline,1,343,True,optimal,6.979949843781266e-05,0.5743606588803232,0.5744304583787609,0.8948297491297126,105563.10707218274,1.5577686316551318,105563.10707218251,-2.2056062019343835e-13
PINN Baseline,1,344,True,optimal,6.979949843781266e-05,0.5696585550904274,0.5697283545888652,0.9318492077291012,103699.66627424877,1.6356026520771543,103699.6662742045,-4.268762640722649e-11
PINN Baseline,1,345,True,optimal,6.979949843781266e-05,0.5830891132354736,0.5831589127339114,0.9101484171114862,112643.22867075335,1.5607210954636928,112643.22867075475,1.2401844996883777e-12
PINN Baseline,1,346,True,optimal,6.979949843781266e-05,0.6424987209029496,0.6425685204013873,1.0229839100502431,108593.32892357405,1.5920230723584547,108593.32892357733,3.0150847743942437e-12
PINN Baseline,1,347,True,optimal,6.979949843781266e-05,0.6462108520790935,0.6462806515775312,0.9079303788021207,105732.36140598565,1.4048546503534007,105732.36140599084,4.913380981419061e-12
PINN Baseline,1,348,True,optimal,6.979949843781266e-05,0.6005431576631963,0.6006129571616341,0.8803682937286794,110111.60761938708,1.465783052515397,110111.60761938713,3.964681528944837e-14
PINN Baseline,1,349,True,optimal,6.979949843781266e-05,0.6410836316645145,0.6411534311629523,0.9113008677959442,108654.59924672732,1.4213460047199413,108654.59924672717,-1.3392820303283347e-13
PINN Baseline,1,350,True,optimal,6.979949843781266e-05,0.5742441341280937,0.5743139336265315,0.870288179256022,109485.36028988406,1.515352716171359,109485.36028988421,1.3291197279561202e-13
PINN Baseline,1,351,True,optimal,6.979949843781266e-05,0.6260131197050214,0.6260829192034592,0.9650231436826289,113176.65053129657,1.5413663495410321,113176.6505312962,-3.343002237311429e-13
PINN Baseline,1,352,True,optimal,6.979949843781266e-05,0.5498049510642886,0.5498747505627264,0.8822088651359081,109763.04729257303,1.6043814782058647,109763.04729257303,0.0
PINN Baseline,1,353,True,optimal,6.979949843781266e-05,0.5961789577268064,0.5962487572252442,0.8337159361690283,104730.07713036379,1.3982686354750362,104730.07713036374,-4.1684057609123726e-14
PINN Baseline,1,354,True,optimal,6.979949843781266e-05,0.6765651372261345,0.6766349367245723,0.9872983060777187,112822.5460726166,1.4591299569262466,112822.54607261662,1.289805604901056e-14
PINN Baseline,1,355,True,optimal,6.979949843781266e-05,0.6066486169584095,0.6067184164568473,0.9367548399604857,108993.62857284583,1.5439696810771066,108993.6285728457,-1.2016045228530931e-13
PINN Baseline,1,356,True,optimal,6.979949843781266e-05,0.6240571709349751,0.6241269704334129,0.9082200983539224,104788.44145280398,1.4551848283743074,104788.4414528036,-3.610606195607408e-13
PINN Baseline,1,357,True,optimal,6.979949843781266e-05,0.6131503297947347,0.6132201292931725,0.8846721891313791,106557.46623255267,1.4426665839412276,106557.46623255248,-1.7753321719935686e-13
PINN Baseline,1,358,True,optimal,6.979949843781266e-05,0.5882602911442518,0.5883300906426896,0.8052338329143822,111883.17934300244,1.36867694806286,111883.17934300278,2.9914599515120993e-13
PINN Baseline,1,359,True,optimal,6.979949843781266e-05,0.596482444088906,0.5965522435873438,0.8463292447850108,109770.93820637313,1.4187009669021486,109770.9382063734,2.386191449126157e-13
PINN Baseline,1,360,True,optimal,6.979949843781266e-05,0.7386514032259583,0.7387212027243961,0.9739057407714427,114375.06639013611,1.318367114927375,114375.0663901348,-1.1450680746148751e-12
PINN Baseline,1,361,True,optimal,6.979949843781266e-05,0.5940951639786363,0.594164963477074,0.7981172162108123,111383.20543071197,1.3432586323168614,111383.2054307133,1.1888904441748556e-12
PINN Baseline,1,362,True,optimal,6.979949843781266e-05,0.6455525769852102,0.645622376483648,0.8321125889196992,106458.26637003578,1.2888533905094204,106458.26637003588,9.56838863451931e-14
PINN Baseline,1,363,True,optimal,6.979949843781266e-05,0.5959133487194777,0.5959831482179154,0.7916768155992031,107310.86790541417,1.328354363653474,107310.86790541423,5.4242093135219764e-14
PINN Baseline,1,364,True,optimal,6.979949843781266e-05,0.6154390498995781,0.6155088493980159,0.9052242902107537,107799.05292836315,1.4706925677771931,107799.0529283633,1.3499112314128763e-13
PINN Baseline,1,365,True,optimal,6.979949843781266e-05,0.5720069683156908,0.5720767678141285,0.8255964033305645,106374.74581989675,1.443156670188023,106374.74581989714,3.693561927105589e-13
PINN Baseline,1,366,True,optimal,6.979949843781266e-05,0.6080097877420485,0.6080795872404863,0.8113734908401966,110505.54795936479,1.3343212103571414,110505.54795936531,4.740657441143537e-13
PINN Baseline,1,367,True,optimal,6.979949843781266e-05,0.6515837963670492,0.651653595865487,0.9834664529189467,108335.17437171166,1.509185952718892,108335.17437171037,-1.1954754887650137e-12
PINN Baseline,1,368,True,optimal,6.979949843781266e-05,0.605142567306757,0.6052123668051947,0.9180475301109254,106875.16863143185,1.5169014720520835,106875.16863143175,-9.531063941508492e-14
PINN Baseline,1,369,True,optimal,6.979949843781266e-05,0.6227874257601798,0.6228572252586175,0.9190493058413267,106839.22156135617,1.4755376811431011,106839.22156135419,-1.8523726044946397e-12
PINN Baseline,1,370,True,optimal,6.979949843781266e-05,0.6193372420966625,0.6194070415951003,0.9098826898261905,109336.4210106633,1.4689576138544627,109336.42101066373,3.992790808548866e-13
PINN Baseline,1,371,True,optimal,6.979949843781266e-05,0.6179169109091163,0.617986710407554,0.8658633576706052,104279.73759728012,1.401103523892253,104279.73759728002,-9.768283747697579e-14
PINN Baseline,1,372,True,optimal,6.979949843781266e-05,0.6170665663667023,0.6171363658651401,0.9023484727367759,111114.54460847471,1.462154108309284,111114.54460847464,-6.548159504969513e-14
PINN Baseline,1,373,True,optimal,6.979949843781266e-05,0.65161696029827,0.6516867597967078,0.9200741527602077,112538.28453573839,1.4118349635447907,112538.28453573925,7.629074870081153e-13
PINN Baseline,1,374,True,optimal,6.979949843781266e-05,0.5811685849912465,0.5812383844896842,0.8561501330696046,106976.73233598561,1.47297590096581,106976.73233598561,0.0
PINN Baseline,1,375,True,optimal,6.979949843781266e-05,0.6019930602051318,0.6020628597035695,0.862736287061125,106190.95073919986,1.4329671281930596,106190.95073919994,6.851768030642128e-14
PINN Baseline,1,376,True,optimal,6.979949843781266e-05,0.5592010752297938,0.5592708747282316,0.8510101060383022,105579.88392539581,1.5216420959733268,105579.88392539576,-5.5131393168226755e-14
PINN Baseline,1,377,True,optimal,6.979949843781266e-05,0.6308876019902527,0.6309574014886905,0.8861241708509624,114840.79454043234,1.40441203916497,114840.79454043233,-1.2671381530056827e-14
PINN Baseline,1,378,True,optimal,6.979949843781266e-05,0.5989128709770739,0.5989826704755117,0.8053176756948233,108932.88207971914,1.3444757509520424,108932.88207971913,-1.3358606648924872e-14
PINN Baseline,1,379,True,optimal,6.979949843781266e-05,0.5996780167333782,0.5997478162318159,0.842996730003506,110008.7598439287,1.4055853263460134,110008.75984392874,3.9683881308211915e-14
PINN Baseline,1,380,True,optimal,6.979949843781266e-05,0.6725965491496027,0.6726663486480404,0.854399180971086,107874.8612892794,1.270167866563121,107874.86128927929,-1.0791700720221845e-13
PINN Baseline,1,381,True,optimal,6.979949843781266e-05,0.6166397561319172,0.616709555630355,0.8202102859504521,107874.34558350948,1.3299782344252695,107874.34558350955,6.744845194496073e-14
PINN Baseline,1,382,True,optimal,6.979949843781266e-05,0.6090422389097512,0.609112038408189,0.8189611732959747,106632.06366280705,1.3445164791623407,106632.06366280688,-1.6376217128517432e-13
PINN Baseline,1,383,True,optimal,6.979949843781266e-05,0.6304131560027599,0.6304829555011977,0.8353173420764506,114182.74037335,1.3248848914756488,114182.74037335029,2.5488817628278325e-13
PINN Baseline,1,384,True,optimal,6.979949843781266e-05,0.5699803698807955,0.5700501693792333,0.8659704979509115,105814.60843361352,1.519112780711786,105814.60843358967,-2.2539977619684495e-11
PINN Baseline,1,385,True,optimal,6.979949843781266e-05,0.6338461800478399,0.6339159795462777,0.826489828992635,108006.34727785902,1.3037845008800555,108006.34727785879,-2.1557125995094107e-13
PINN Baseline,1,386,True,optimal,6.979949843781266e-05,0.6518295318819582,0.651899331380396,0.852880849968642,109599.43152054245,1.3083014645262296,109599.43152054233,-1.0621891027337569e-13
PINN Baseline,1,387,True,optimal,6.979949843781266e-05,0.6047555739060044,0.6048253734044422,0.8064420954324305,112588.65601743093,1.3333469971557703,112588.65601743091,-1.2924850285195633e-14
PINN Baseline,1,388,True,optimal,6.979949843781266e-05,0.5939348237589002,0.5940046232573379,0.906774319242686,106739.97002131528,1.5265442115083476,106739.97002131553,2.3176187779782567e-13
PINN Baseline,1,389,True,optimal,6.979949843781266e-05,0.6325606903992593,0.6326304898976971,0.876912300940603,110058.52590178823,1.3861366389128806,110058.52590178826,2.6443958083451692e-14
PINN Baseline,1,390,True,optimal,6.979949843781266e-05,0.6208751290105283,0.6209449285089661,0.883241503033787,109950.31893064486,1.4224151973584136,109950.31893064562,6.882195515525443e-13
PINN Baseline,1,391,True,optimal,6.979949843781266e-05,0.5368800507858396,0.5369498502842773,0.8523428533226252,107158.6697221816,1.5873788825369246,107158.66972218157,-2.7159566773447242e-14
PINN Baseline,1,392,True,optimal,6.979949843781266e-05,0.8175431382842362,0.817612937782674,0.944452861789614,107973.01360821344,1.1551344384922817,107973.01360821346,1.347736322445287e-14
PINN Baseline,1,393,True,optimal,6.979949843781266e-05,0.6320447153411806,0.6321145148396183,0.9875644720159471,106965.81925266741,1.5623189292948199,106965.81925266662,-7.34630396721067e-13
PINN Baseline,1,394,True,optimal,6.979949843781266e-05,0.5974245397374034,0.5974943392358412,0.8301046290434897,107833.88417755906,1.3893096127155664,107833.8841775592,1.3494751987608736e-13
PINN Baseline,1,395,True,optimal,6.979949843781266e-05,0.603894803673029,0.6039646031714667,0.8508656159974635,110205.92806458374,1.4088004686524669,110205.92806458374,0.0
PINN Baseline,1,396,True,optimal,6.979949843781266e-05,0.6506995558738708,0.6507693553723086,0.9016141397878528,111958.83491557324,1.3854588147778324,111958.83491557321,-2.5995117293495004e-14
PINN Baseline,1,397,True,optimal,6.979949843781266e-05,0.6314425650052726,0.6315123645037104,0.9727987549267709,112092.59072220678,1.5404270915443894,112092.59072220667,-9.087434409559748e-14
PINN Baseline,1,398,True,optimal,6.979949843781266e-05,0.5835120319388807,0.5835818314373185,0.8033285168930888,105783.17088951723,1.3765481953311511,105783.17088951729,5.502544537472888e-14
PINN Baseline,1,399,True,optimal,6.979949843781266e-05,0.5920916167087853,0.5921614162072231,0.808748871088028,104374.11480193537,1.365757458951043,104374.11480193553,1.533628024685937e-13
PINN Baseline,1,400,True,optimal,6.979949843781266e-05,0.6305037597194314,0.6305735592178692,0.8814005539752543,112000.79321215222,1.3977759471369176,112000.79321215229,6.496344718203278e-14
PINN Baseline,1,401,True,optimal,6.979949843781266e-05,0.6050065169110894,0.6050763164095272,0.8861131300218403,109074.4832637905,1.4644650699269843,109074.48326379083,2.935078172681552e-13
PINN Baseline,1,402,True,optimal,6.979949843781266e-05,0.6294877622276545,0.6295575617260922,0.8370235050097108,108294.60957158716,1.3295424531393092,108294.60957158737,1.8812276437680323e-13
PINN Baseline,1,403,True,optimal,6.979949843781266e-05,0.5961955608800054,0.5962653603784431,0.8461694200523198,105985.20888531888,1.4191155084294436,105985.20888347596,-1.7388395716381635e-09
PINN Baseline,1,404,True,optimal,6.979949843781266e-05,0.5941078839823604,0.5941776834807981,0.8803270212374628,108061.13869484568,1.4815888339668886,108061.1386948457,1.3466372281584104e-14
PINN Baseline,1,405,True,optimal,6.979949843781266e-05,0.6024070819839835,0.6024768814824213,0.8451522761024535,108437.44858686099,1.4027961936446731,108437.44858686067,-2.9523208005731454e-13
PINN Baseline,1,406,True,optimal,6.979949843781266e-05,0.6685359221883118,0.6686057216867496,0.8775546639226377,101888.85036902493,1.3125144393152284,101888.8503704988,1.4465386789001854e-09
PINN Baseline,1,407,True,optimal,6.979949843781266e-05,0.5965252430178225,0.5965950425162603,0.9119248948991299,108733.57081786447,1.5285492334178679,108733.57081786437,-9.368165308320053e-14
PINN Baseline,1,408,True,optimal,6.979949843781266e-05,0.5933966743759811,0.5934664738744189,0.7969103739596903,106965.67169140543,1.342806053991723,106965.67169140556,1.2243856835970743e-13
PINN Baseline,1,409,True,optimal,6.979949843781266e-05,0.6259030061773956,0.6259728056758334,0.9236816139891744,107424.43580618581,1.4755938366873922,107424.4358061855,-2.8446993228528284e-13
PINN Baseline,1,410,True,optimal,6.979949843781266e-05,0.5879584299400449,0.5880282294384827,0.9160873708315194,107907.189861359,1.557896925639617,107907.18986135896,-4.045675338333822e-14
PINN Baseline,1,411,True,optimal,6.979949843781266e-05,0.5980220451019704,0.5980918446004082,0.8277098420076072,108776.57554964954,1.3839176198107321,108776.57554964932,-2.006670345361925e-13
PINN Baseline,1,412,True,optimal,6.979949843781266e-05,0.5915469732135534,0.5916167727119912,0.8758368892595172,110810.13079711955,1.4804125401053987,110810.13079711943,-1.050583741662373e-13
PINN Baseline,1,413,True,optimal,6.979949843781266e-05,0.6168407793156803,0.616910578814118,0.8829660899937153,111338.7767182591,1.4312707875605464,111338.77671825892,-1.699092657066576e-13
PINN Baseline,1,414,True,optimal,6.979949843781266e-05,0.6067339298315346,0.6068037293299724,0.797339831944555,111409.91693083693,1.3139995576905419,111409.91693083695,1.3061597772665654e-14
PINN Baseline,1,415,True,optimal,6.979949843781266e-05,0.618014725856483,0.6180845253549208,0.7992199142463505,115212.117634057,1.2930592523529318,115212.11763405689,-8.841379595340142e-14
PINN Baseline,1,416,True,optimal,6.979949843781266e-05,0.6311165150254965,0.6311863145239343,0.9150721300393343,109646.3999540768,1.4497654796738075,109646.3999533522,-6.608498474959346e-10
PINN Baseline,1,417,True,optimal,6.979949843781266e-05,0.5634478507563472,0.563517650254785,0.7735827579163015,105625.16988998116,1.3727746727481192,105625.16988998053,-5.924083771619355e-13
PINN Baseline,1,418,True,optimal,6.979949843781266e-05,0.557771559804678,0.5578413593031157,0.8545772968791425,111955.06742457992,1.5319360650252334,111955.06742459275,1.1464232505657591e-11
PINN Baseline,1,419,True,optimal,6.979949843781266e-05,0.5991481612436473,0.5992179607420851,0.9190454841591418,108963.50962376448,1.5337415504384666,108963.5096237645,2.6709703603734035e-14
PINN Baseline,1,420,True,optimal,6.979949843781266e-05,0.6405373429879546,0.6406071424863924,1.0284889223985374,111076.53948493626,1.6054908760565128,111076.53948494449,7.40195197127318e-12
PINN Baseline,1,421,True,optimal,6.979949843781266e-05,0.5873321667313576,0.5874019662297953,0.9207981117069721,109425.64021390206,1.5675775101963996,109425.64021390218,1.0638760860742467e-13
PINN Baseline,1,422,True,optimal,6.979949843781266e-05,0.6002947771921754,0.6003645766906132,0.9237996218726039,107440.48677403515,1.5387310606579425,107440.48677403516,1.3544163532106757e-14
PINN Baseline,1,423,True,optimal,6.979949843781266e-05,0.595720883924514,0.5957906834229518,0.921409725677222,110845.94858247251,1.5465326184416235,110845.94858247228,-2.1004885305360265e-13
PINN Baseline,1,424,True,optimal,6.979949843781266e-05,0.5690862261690199,0.5691560256674577,0.8676070729270577,110809.96706087151,1.5243747475213005,110809.9670608713,-1.8385242645656793e-13
PINN Baseline,1,425,True,optimal,6.979949843781266e-05,0.5472300401888788,0.5472998396873165,0.8319389251992106,108581.16514287694,1.5200788760956228,108581.16514287707,1.2061690154362217e-13
PINN Baseline,1,426,True,optimal,6.979949843781266e-05,0.6026849308982491,0.6027547303966869,0.8809594409540296,105809.85993475065,1.461555416370187,105809.85993475065,0.0
PINN Baseline,1,427,True,optimal,6.979949843781266e-05,0.5785583318211138,0.5786281313195516,0.8425523461773992,108204.36015236971,1.4561206076447974,108204.3601523695,-2.0172821882420457e-13
PINN Baseline,1,428,True,optimal,6.979949843781266e-05,0.6053368910215795,0.6054066905200173,0.827243804000318,106463.77297047344,1.366426597118959,106463.77297047345,1.3668419615752925e-14
PINN Baseline,1,429,True,optimal,6.979949843781266e-05,0.5585836372338235,0.5586534367322613,0.9176912908442318,112568.39542472268,1.6426844095188875,112568.39542472287,1.6805329529217204e-13
PINN Baseline,1,430,True,optimal,6.979949843781266e-05,0.6211364408954978,0.6212062403939356,0.847563955001533,103937.19019318148,1.3643841608288636,103937.1901931822,7.000340879583202e-13
PINN Baseline,1,431,True,optimal,6.979949843781266e-05,0.6266026240773499,0.6266724235757877,0.8947573648765683,104508.25467821796,1.4277911891688009,104508.25467789135,-3.125142472152849e-10
PINN Baseline,1,432,True,optimal,6.979949843781266e-05,0.6263361908495426,0.6264059903479804,0.9320272724144161,107632.85970318058,1.487896486904056,107632.85970318016,-3.920787227863354e-13
PINN Baseline,1,433,True,optimal,6.979949843781266e-05,0.6346645290032029,0.6347343285016407,0.8161880937404931,108611.28770293827,1.2858735648774404,108611.28770293831,4.0194483104281925e-14
PINN Baseline,1,434,True,optimal,6.979949843781266e-05,0.6928350511007011,0.6929048505991389,1.0912307379767299,112684.64183857925,1.5748637594803496,112684.64183858004,6.973474020155057e-13
PINN Baseline,1,435,True,optimal,6.979949843781266e-05,0.6098911389708519,0.6099609384692897,0.8904316322878003,105041.03036194906,1.4598174672010276,105041.03036194897,-8.312132037294786e-14
PINN Baseline,1,436,True,optimal,6.979949843781266e-05,0.5852007116191089,0.5852705111175467,1.003959143999964,114115.51969072767,1.7153762660670377,114115.51969072314,-3.965845879935836e-12
PINN Baseline,1,437,True,optimal,6.979949843781266e-05,0.5977526078931987,0.5978224073916365,1.0153893940150738,107604.28620758772,1.698479985795994,107604.28620758791,1.7580609902826473e-13
PINN Baseline,1,438,True,optimal,6.979949843781266e-05,0.5326292207464576,0.5326990202448953,0.8456313032656908,104327.87583813164,1.5874467027871244,104327.87583816612,3.304340944263822e-11
PINN Baseline,1,439,True,optimal,6.979949843781266e-05,0.6297672931104898,0.6298370926089276,0.9928864021785557,108858.44788314661,1.5764177972843674,108858.44788314668,6.683870435111986e-14
PINN Baseline,1,440,True,optimal,6.979949843781266e-05,0.6345108370296657,0.6345806365281035,1.0679153227247298,104772.49305100169,1.6828678047402654,104772.49305099927,-2.3055840875457747e-12
PINN Baseline,1,441,True,optimal,6.979949843781266e-05,0.5988779268227518,0.5989477263211895,1.0068236622028053,113123.61387207199,1.6809875352342345,113123.61387207199,0.0
PINN Baseline,1,442,True,optimal,6.979949843781266e-05,0.5920921158976853,0.5921619153961231,1.0226819128729403,111802.68883871827,1.7270308783516135,111802.68883871836,7.809426792601821e-14
PINN Baseline,1,443,True,optimal,6.979949843781266e-05,0.6193991960026324,0.6194689955010702,1.013938448857516,103920.21325714783,1.6367864351909513,103920.21325714777,-5.6011875927769784e-14
PINN Baseline,1,444,True,optimal,6.979949843781266e-05,0.6172881200909615,0.6173579195893992,0.9637018931098282,113398.85651676399,1.5610100114221912,113398.85651676408,7.699503685673732e-14
PINN Baseline,1,445,True,optimal,6.979949843781266e-05,0.5976426098495722,0.59771240934801,0.9281413019634783,112497.61759087513,1.5528225404854872,112497.61759087496,-1.5522371627056233e-13
PINN Baseline,1,446,True,optimal,6.979949843781266e-05,0.5858764387667179,0.5859462382651557,0.9822977217845619,106482.85288044706,1.6764297774022863,106482.85288044704,-1.3665970468226393e-14
PINN Baseline,1,447,True,optimal,6.979949843781266e-05,0.60674217203632,0.6068119715347577,0.9227206860668957,110698.28389120821,1.5206039586416482,110698.28389120821,0.0
PINN Baseline,1,448,True,optimal,6.979949843781266e-05,0.5851550162769854,0.5852248157754232,0.9005281021818519,111173.72372800087,1.5387729260739766,111173.72372800081,-5.235739072290054e-14
PINN Baseline,1,449,True,optimal,6.979949843781266e-05,0.6065840260125697,0.6066538255110074,0.9076155941002071,106201.92277263598,1.4961013281927105,106201.9227726185,-1.6456246490644214e-11
PINN Baseline,1,450,True,optimal,6.979949843781266e-05,0.5846693641506135,0.5847391636490513,0.8955520777963102,107976.71093528306,1.5315411271713666,107976.71093528296,-9.433831213808766e-14
PINN Baseline,1,451,True,optimal,6.979949843781266e-05,0.5823579300194979,0.5824277295179356,0.8421955523081124,104456.49102986546,1.4460086799184195,104456.49102986543,-2.786215597498153e-14
PINN Baseline,1,452,True,optimal,6.979949843781266e-05,0.6201802636496723,0.62025006314811,0.9259513840079308,107110.85685873925,1.4928678593085802,107110.85685873906,-1.7661598788090934e-13
PINN Baseline,1,453,True,optimal,6.979949843781266e-05,0.5914827496744692,0.591552549172907,0.895645247772336,110399.25094006842,1.5140586394642426,110399.25094006855,1.1863054861341299e-13
PINN Baseline,1,454,True,optimal,6.979949843781266e-05,0.5924665979109704,0.5925363974094082,0.9448422328568995,105621.44935425,1.5945724802523285,105621.44935424995,-4.133227289722278e-14
PINN Baseline,1,455,True,optimal,6.979949843781266e-05,0.5903847427107394,0.5904545422091771,0.9737071008421481,108653.38629094354,1.6490805493663188,108653.38629094363,8.035781888693761e-14
PINN Baseline,1,456,True,optimal,6.979949843781266e-05,0.5714419740252197,0.5715117735236575,0.8889662497676909,105840.6726193081,1.5554644557657438,105840.67261930826,1.5123776479367747e-13
PINN Baseline,1,457,True,optimal,6.979949843781266e-05,0.5987192811444402,0.598789080642878,0.9722022050991654,111105.71276750744,1.6236137840980331,111105.71276750765,1.833630405876981e-13
PINN Baseline,1,458,True,optimal,6.979949843781266e-05,0.6276009064167738,0.6276707059152116,0.9281052518635988,114468.52855922972,1.4786499403541882,114468.52855922963,-7.627554269208879e-14
PINN Baseline,1,459,True,optimal,6.979949843781266e-05,0.5907878270372748,0.5908576265357126,1.01120340032503,113496.20049732171,1.711416346191329,113496.20049732178,6.410749947840874e-14
PINN Baseline,1,460,True,optimal,6.979949843781266e-05,0.6404444109648466,0.6405142104632844,0.9932913430966437,115424.40220860454,1.5507717500571851,115424.4022086049,3.025755029249519e-13
PINN Baseline,1,461,True,optimal,6.979949843781266e-05,0.6396796409972012,0.639749440495639,0.9310415871441364,104742.84670573632,1.4553222374416177,104742.84670573771,1.3337272242064345e-12
PINN Baseline,1,462,True,optimal,6.979949843781266e-05,0.5769076058641076,0.5769774053625454,0.8851519371382892,103204.35343702545,1.5341188908118533,103204.35343710947,8.141396727015037e-11
PINN Baseline,1,463,True,optimal,6.979949843781266e-05,0.5747151249088347,0.5747849244072725,0.8617429649457335,106727.31746038269,1.499244201358233,106727.3174603826,-8.180800702932616e-14
PINN Baseline,1,464,True,optimal,6.979949843781266e-05,0.6246007378213108,0.6246705373197485,0.9338427660986781,109838.47987038629,1.4949364669982417,109838.47987038677,4.37199425103822e-13
PINN Baseline,1,465,True,optimal,6.979949843781266e-05,0.5784531207755208,0.5785229202739586,0.7594546903856099,107070.82317194619,1.3127477992159262,107070.82317194613,-5.436369982884235e-14
PINN Baseline,1,466,True,optimal,6.979949843781266e-05,0.5981776332482696,0.5982474327467073,0.9062221581116319,103307.55582421695,1.5147948967385176,103307.55582421337,-3.465159075362704e-12
PINN Baseline,1,467,True,optimal,6.979949843781266e-05,0.6173098557628691,0.6173796552613069,0.8747976617887616,102788.42153276311,1.4169525256197537,102788.42153276326,1.41571540951512e-13
PINN Baseline,1,468,True,optimal,6.979949843781266e-05,0.6230959543026984,0.6231657538011361,0.8552575651556253,104447.54723788997,1.3724399326163133,104447.54723770391,-1.781380157124476e-10
PINN Baseline,1,469,True,optimal,6.979949843781266e-05,0.6169039090164006,0.6169737085148383,0.9559142529033124,109807.52667641033,1.5493597858559682,109807.52667640882,-1.3782290062956788e-12
PINN Baseline,1,470,True,optimal,6.979949843781266e-05,0.5751932640559971,0.5752630635544349,0.8950839340686798,105728.42361081821,1.5559558587650943,105728.42361081876,5.23012412171593e-13
PINN Baseline,1,471,True,optimal,6.979949843781266e-05,0.541084386408329,0.5411541859067668,0.8189804442226887,104681.03706712554,1.5133957484785814,104681.03706712542,-1.1120956105190742e-13
PINN Baseline,1,472,True,optimal,6.979949843781266e-05,0.5901334919035435,0.5902032914019812,0.8809517021290958,105632.42457511609,1.4926241770635753,105632.42457511586,-2.2041588517008983e-13
PINN Baseline,1,473,True,optimal,6.979949843781266e-05,0.5456713638268411,0.5457411633252789,0.8941402831114829,102916.578421145,1.6383962640152676,102916.57842094474,-1.9457400209917356e-10
PINN Baseline,1,474,True,optimal,6.979949843781266e-05,0.628967800643295,0.6290376001417328,0.9002342531457543,106488.68347819927,1.4311294792917248,106488.68347819928,1.3665222212410928e-14
PINN Baseline,1,475,True,optimal,6.979949843781266e-05,0.5670176632702351,0.5670874627686728,0.870958250015974,104597.68402007932,1.5358446574779183,104597.68402007918,-1.3912272881274658e-13
PINN Baseline,1,476,True,optimal,6.979949843781266e-05,0.6147241019643843,0.6147939014628221,0.9575857911258936,112662.89666196925,1.5575720397476989,112662.89666196896,-2.583266658237633e-13
PINN Baseline,1,477,True,optimal,6.979949843781266e-05,0.6848815400153399,0.6849513395137776,1.0033926307223737,106546.50925522478,1.4649108233508181,106546.50925522519,3.824185599720071e-13
PINN Baseline,1,478,True,optimal,6.979949843781266e-05,0.618045886978507,0.6181156864769448,0.9786846269853413,111730.64560452336,1.5833356900607398,111730.64560452377,3.6467490560868673e-13
PINN Baseline,1,479,True,optimal,6.979949843781266e-05,0.6624763822183013,0.6625461817167391,0.9151657982729375,109208.86783142127,1.3812860499801385,109208.86783142308,1.6522811051414652e-12
PINN Baseline,1,480,True,optimal,6.979949843781266e-05,0.6261653201654553,0.6262351196638931,0.9707293957471848,114488.2557988966,1.5501037314358628,114488.25579889714,4.702847988140655e-13
PINN Baseline,1,481,True,optimal,6.979949843781266e-05,0.5869294609874487,0.5869992604858865,0.9184165960177779,113318.05450726896,1.5645958314454467,113318.05450724962,-1.7066561390055445e-11
PINN Baseline,1,482,True,optimal,6.979949843781266e-05,0.5779888578690588,0.5780586573674966,0.9706826438196003,105332.14998899367,1.6792113247470937,105332.14998899384,1.6578317518312202e-13
PINN Baseline,1,483,True,optimal,6.979949843781266e-05,0.6328378962352872,0.632907695733725,1.053954535163939,111323.99483385583,1.665257891898593,111323.99483385627,3.921503692914906e-13
PINN Baseline,1,484,True,optimal,6.979949843781266e-05,0.6673541152849793,0.6674239147834171,1.0393447941169143,106296.7901972169,1.5572483560979196,106296.79019721704,1.2320902335085814e-13
PINN Baseline,1,485,True,optimal,6.979949843781266e-05,0.5643553538247943,0.5644251533232321,0.9125730888918042,106542.14577448895,1.6168186047675954,106542.14577448889,-5.463346029905564e-14
PINN Baseline,1,486,True,optimal,6.979949843781266e-05,0.5804174263030291,0.5804872258014668,0.9124692366458476,104462.59503026825,1.5719023538993817,104462.59503026807,-1.6716316753360842e-13
PINN Baseline,1,487,True,optimal,6.979949843781266e-05,0.5707904268056154,0.5708602263040532,0.8803004403598607,104368.48381050679,1.5420595091362916,104368.48381050664,-1.394282516816816e-13
PINN Baseline,1,488,True,optimal,6.979949843781266e-05,0.6049892832525074,0.6050590827509452,0.9869573856703937,107448.5030713416,1.6311752253732315,107448.50307134169,8.125891834177503e-14
PINN Baseline,1,489,True,optimal,6.979949843781266e-05,0.592373798135668,0.5924435976341058,0.9408139251172543,106772.7713769927,1.588022773601315,106772.7713769927,0.0
PINN Baseline,1,490,True,optimal,6.979949843781266e-05,0.5923253670334816,0.5923951665319194,0.9639288303442299,108888.28509095663,1.6271720040988749,108888.28509095681,1.6036893463290016e-13
PINN Baseline,1,491,True,optimal,6.979949843781266e-05,0.6278849989175797,0.6279547984160174,0.9280319409444928,109622.07756003147,1.4778642400462645,109622.0775600314,-6.637310454364406e-14
PINN Baseline,1,492,True,optimal,6.979949843781266e-05,0.6219758782535791,0.6220456777520169,0.9343566759489477,107812.04931902977,1.502070843616465,107812.04931902984,6.748742520098962e-14
PINN Baseline,1,494,True,optimal,6.979949843781266e-05,0.6152976038865745,0.6153674033850123,0.8955637812614441,108162.31709218716,1.4553318494530714,108162.31709219434,6.632711281018831e-12
PINN Baseline,1,495,True,optimal,6.979949843781266e-05,0.6027369080111384,0.6028067075095762,0.8936912487260997,105474.09374154238,1.4825502729030309,105474.09374154215,-2.2074675912779724e-13
PINN Baseline,1,496,True,optimal,6.979949843781266e-05,0.5861136098392308,0.5861834093376685,0.8041134430095553,104170.09187507343,1.3717778944274914,104170.09187223561,-2.7242105611587324e-09
PINN Baseline,1,497,True,optimal,6.979949843781266e-05,0.6009865100495517,0.6010563095479895,0.8664756249636412,111829.70407735379,1.4415881028106237,111829.70407735034,-3.0839783915884903e-12
PINN Baseline,1,498,True,optimal,6.979949843781266e-05,0.5862676417455077,0.5863374412439455,0.8653361857868731,107424.00577862668,1.4758330696927988,107424.00577862663,-5.4184965912943574e-14
PINN Baseline,1,499,True,optimal,6.979949843781266e-05,0.5965083609335124,0.5965781604319502,0.861282086931169,107772.40106358481,1.44370368219239,107772.40106358468,-1.215220555196057e-13
PINN Baseline,1,500,True,optimal,6.979949843781266e-05,0.641440249979496,0.6415100494779338,1.1671756291761994,107293.42328192442,1.8194190880190524,107293.42328192407,-3.2550547349311897e-13
PINN Baseline,1,501,True,optimal,6.979949843781266e-05,0.5488168839365244,0.5488866834349622,0.8056107587181032,103431.31842245994,1.467717805935003,103431.31842245972,-2.1103736446049585e-13
PINN Baseline,1,502,True,optimal,6.979949843781266e-05,0.5578362089581788,0.5579060084566165,0.7531627640128136,101819.34660340639,1.3499814531418162,101819.34660346902,6.151232082331549e-11
PINN Baseline,1,503,True,optimal,6.979949843781266e-05,0.6546239508315921,0.6546937503300299,0.842844950966537,107912.13033728262,1.2873881116807064,107912.13033728181,-7.551581552894252e-13
PINN Baseline,1,504,True,optimal,6.979949843781266e-05,0.6245453036390245,0.6246151031374623,0.8883046028204262,108325.37179096325,1.4221631823477257,108325.37179096346,1.880693413083963e-13
PINN Baseline,1,505,True,optimal,6.979949843781266e-05,0.6027132011950016,0.6027830006934394,0.860262646805495,111544.98527225973,1.427151472114927,111544.98527225963,-9.132047160160458e-14
PINN Baseline,1,506,True,optimal,6.979949843781266e-05,0.5750664821825922,0.5751362816810299,0.7732022469863296,112353.71909676278,1.344380926076138,112353.71909676255,-2.0723002809844513e-13
PINN Baseline,1,507,True,optimal,6.979949843781266e-05,0.6048105293884873,0.6048803288869251,0.8490262189880013,108097.30678845945,1.4036267645706764,108097.30678845943,-1.3461866591037423e-14
PINN Baseline,1,508,True,optimal,6.979949843781266e-05,0.5470368801616132,0.547106679660051,0.7783896378241479,106004.36828998904,1.4227383191662115,106004.36828985726,-1.2431765448342906e-10
PINN Baseline,1,509,True,optimal,6.979949843781266e-05,0.5951567627489567,0.5952265622473945,0.7623853902332485,109468.06429120897,1.2808322722606886,109468.06429120908,1.0634637835309175e-13
PINN Baseline,1,510,True,optimal,6.979949843781266e-05,0.6064332351088524,0.6065030346072902,0.8458887282758951,108226.52028537389,1.394698262018766,108226.5202853736,-2.689158847571938e-13
PINN Baseline,1,511,True,optimal,6.979949843781266e-05,0.5934080109000206,0.5934778103984584,0.7870990801602602,104156.91767147282,1.3262485410057798,104156.9176715268,5.1818981195518945e-11
PINN Baseline,1,512,True,optimal,6.979949843781266e-05,0.622066737152636,0.6221365366510738,0.8395769740454853,107189.6797658741,1.3495059759146781,107189.67976587366,-4.0727564239817056e-13
PINN Baseline,1,513,True,optimal,6.979949843781266e-05,0.5900288820266724,0.5900986815251101,0.8144246363081038,109405.98370017376,1.3801499000187956,109405.98370017043,-3.045892440790436e-12
PINN Baseline,1,514,True,optimal,6.979949843781266e-05,0.5780124980956316,0.5780822975940694,0.7948208721354604,103620.39137791484,1.3749268494182212,103620.39137791186,-2.8789146442569966e-12
PINN Baseline,1,515,True,optimal,6.979949843781266e-05,0.5868553700856864,0.5869251695841242,0.8222398296929896,110540.15018643468,1.4009278734384514,110540.15018643456,-1.0531496621869175e-13
PINN Baseline,1,516,True,optimal,6.979949843781266e-05,0.5467070234008133,0.5467768228992511,0.7654921398498118,105063.60454266005,1.4000083906096017,105063.60454267169,1.1080461434165388e-11
PINN Baseline,1,517,True,optimal,6.979949843781266e-05,0.5935402498580515,0.5936100493564893,0.8768458473496139,107951.70810380334,1.477141177613435,107951.70810380306,-2.5612043958869887e-13
PINN Baseline,1,518,True,optimal,6.979949843781266e-05,0.622437581885606,0.6225073813840438,0.8212090753950179,107488.36728535945,1.3191957235417726,107488.36728536156,1.9630288945700562e-12
PINN Baseline,1,519,True,optimal,6.979949843781266e-05,0.6009524529799819,0.6010222524784197,0.8785298648290336,110261.51852472243,1.461726019637814,110261.51852180321,-2.6475384134696578e-09
PINN Baseline,1,520,True,optimal,6.979949843781266e-05,0.6053749392740428,0.6054447387724806,0.7526054349727929,107331.48111551194,1.2430621438691098,107331.48111551235,3.796217308841228e-13
PINN Baseline,1,521,True,optimal,6.979949843781266e-05,0.5978153059259057,0.5978851054243435,0.7251175460405648,107490.44709958471,1.2128041649840386,107490.44709958462,-8.122721016250982e-14
PINN Baseline,1,522,True,optimal,6.979949843781266e-05,0.6249435408972204,0.6250133403956581,0.8074297970160842,108699.84046646228,1.291860100945924,108699.84046646228,0.0
PINN Baseline,1,523,True,optimal,6.979949843781266e-05,0.5574137736111879,0.5574835731096257,0.7699974719434977,108256.6188459699,1.3812020821501092,108256.61884597025,3.2260934176941175e-13
PINN Baseline,1,524,True,optimal,6.979949843781266e-05,0.6141381440684199,0.6142079435668577,0.8291764622554183,106794.03817920828,1.349993061698592,106794.03817920863,3.2702758640397503e-13
PINN Baseline,1,525,True,optimal,6.979949843781266e-05,0.5807885020039976,0.5808583015024353,0.8034917400218546,109443.25806577783,1.3832835614874757,109443.25806577748,-3.1911144793487405e-13
PINN Baseline,1,526,True,optimal,6.979949843781266e-05,0.5238966275937855,0.5239664270922233,0.7512882850132883,113925.33186431999,1.4338481363827038,113925.33186432102,9.068974953213435e-13
PINN Baseline,1,527,True,optimal,6.979949843781266e-05,0.6082657631486654,0.6083355626471032,0.9068760671652853,112865.61676988886,1.4907497158626022,112865.61676988968,7.220155049079135e-13
PINN Baseline,1,528,True,optimal,6.979949843781266e-05,0.6100666699931026,0.6101364694915403,0.7948202290572226,103236.3639732345,1.3026925430626843,103236.36397320604,-2.7571240492415193e-11
PINN Baseline,1,529,True,optimal,6.979949843781266e-05,0.5984247578307986,0.5984945573292364,0.7263587927445769,107549.73519276289,1.213643104769291,107549.73519276257,-2.9766891982604653e-13
PINN Baseline,1,530,True,optimal,6.979949843781266e-05,0.6004296839237213,0.6004994834221591,0.7596041532233357,111277.03256146854,1.2649538828817342,111277.03256146837,-1.5692634744186038e-13
PINN Baseline,1,531,True,optimal,6.979949843781266e-05,0.6036585629917681,0.6037283624902059,0.8289685426279902,111405.34432159908,1.373081992054727,111405.34432159906,-2.6124267766471147e-14
PINN Baseline,1,532,True,optimal,6.979949843781266e-05,0.6409904127940536,0.6410602122924913,0.7819097391329706,106872.00448588983,1.2197134124683673,106872.00448588992,8.169725251268093e-14
PINN Baseline,1,533,True,optimal,6.979949843781266e-05,0.5686000823043287,0.5686698818027665,0.7878091116435826,112276.29590018101,1.38535402850264,112276.29590018153,4.665890907970024e-13
PINN Baseline,1,534,True,optimal,6.979949843781266e-05,0.646990954875946,0.6470607543743838,0.7610769458115101,104824.04077857218,1.1762063155064377,104824.04077857225,6.94111537786736e-14
PINN Baseline,1,535,True,optimal,6.979949843781266e-05,0.5953385713510215,0.5954083708494593,0.7765553430654109,108359.37091982891,1.304239881541323,108359.3709198287,-2.0143964160423108e-13
PINN Baseline,1,536,True,optimal,6.979949843781266e-05,0.6129294410347939,0.6129992405332316,0.8149312590248883,111098.18085359836,1.3294164252405947,111098.18085360633,7.177839892494288e-12
PINN Baseline,1,537,True,optimal,6.979949843781266e-05,0.6197530822828412,0.619822881781279,0.8329696063883603,112494.5151460749,1.343883278388383,112494.51514607598,9.572393156242867e-13
PINN Baseline,1,538,True,optimal,6.979949843781266e-05,0.6164547223597765,0.6165245218582143,0.7957637431100011,111903.80593990853,1.2907252102666689,111903.80593990852,-1.300395022862861e-14
PINN Baseline,1,539,True,optimal,6.979949843781266e-05,0.6323577472940087,0.6324275467924465,0.8249535760842264,109837.87395889914,1.3044238510296329,109837.87395889954,3.577105938093149e-13
PINN Baseline,1,540,True,optimal,6.979949843781266e-05,0.572850972879678,0.5729207723781158,0.7674095658585429,105513.96925896323,1.3394689158731856,105513.96925896322,-1.3791458449119704e-14
PINN Baseline,1,541,True,optimal,6.979949843781266e-05,0.586072342004627,0.5861421415030648,0.8203880316577852,110290.34432749341,1.3996400763030543,110290.34432749356,1.319418786576344e-13
PINN Baseline,1,542,True,optimal,6.979949843781266e-05,0.6092891488224268,0.6093589483208646,0.7356625441461802,106249.35491953969,1.2072728991235049,106249.3549198836,3.2367764759835563e-10
PINN Baseline,1,543,True,optimal,6.979949843781266e-05,0.5610741442069411,0.5611439437053789,0.707712790928781,111527.47888420889,1.2611965234010547,111527.47888420889,0.0
PINN Baseline,1,544,True,optimal,6.979949843781266e-05,0.5681753279641271,0.5682451274625648,0.7984016537666321,111630.86371035826,1.4050303560574386,111630.86371035823,-2.6071490884678295e-14
PINN Baseline,1,545,True,optimal,6.979949843781266e-05,0.5944220940582454,0.5944918935566832,0.7364215138368309,105115.72326234789,1.2387410523481177,105115.72326234786,-2.7687418735726476e-14
PINN Baseline,1,546,True,optimal,6.979949843781266e-05,0.5860183201730251,0.5860881196714629,0.7341755367815495,107395.4141808653,1.252670907564375,107395.41418086522,-6.774923929181874e-14
PINN Baseline,1,547,True,optimal,6.979949843781266e-05,0.6434164782986045,0.6434862777970423,0.6628500432707369,108551.50988235758,1.0300919633282406,108551.50988235789,2.8151632356554643e-13
PINN Baseline,1,548,True,optimal,6.979949843781266e-05,0.6210769079625607,0.6211467074609984,0.7297688028775156,110978.11816991075,1.174873494637879,110978.11816990917,-1.4292536096742344e-12
PINN Baseline,1,549,True,optimal,6.979949843781266e-05,0.6013490459881723,0.6014188454866101,0.6731854430399835,107848.9411747305,1.1193288140069952,107848.94117473067,1.6191441551335062e-13
PINN Baseline,1,550,True,optimal,6.979949843781266e-05,0.6074150241911411,0.6074848236895789,0.6352757760323584,110387.11496704306,1.0457475664560478,110387.11496705099,7.184528558272163e-12
PINN Baseline,1,551,True,optimal,6.979949843781266e-05,0.593448129016906,0.5935179285153438,0.6275268043391407,105110.88842651535,1.0573005029668916,105110.88842651516,-1.7997649986663768e-13
PINN Baseline,1,552,True,optimal,6.979949843781266e-05,0.5974609558470547,0.5975307553454925,0.675386265385896,108436.89334525401,1.1302954021092813,108436.89334525389,-1.0735766973356398e-13
PINN Baseline,1,553,True,optimal,6.979949843781266e-05,0.570227833930403,0.5702976334288408,0.5888847699388862,103460.82255609709,1.032591993058594,103460.82255609208,-4.838410052118028e-12
PINN Baseline,1,554,True,optimal,6.979949843781266e-05,0.5667224349454045,0.5667922344438423,0.5895392480306327,106763.23760564446,1.0401328956264029,106763.23760564713,2.494304731210534e-12
PINN Baseline,1,555,True,optimal,6.979949843781266e-05,0.5685644610784948,0.5686342605769326,0.5914993989281356,102681.26382447327,1.0402106238340338,102681.26382446327,-9.736114836858174e-12
PINN Baseline,1,556,True,optimal,6.979949843781266e-05,0.624126841314137,0.6241966408125748,0.6655172547325492,113571.20734139674,1.0661980715983725,113571.20734139682,6.406516039150476e-14
PINN Baseline,1,557,True,optimal,6.979949843781266e-05,0.5769267319701612,0.576996531468599,0.6342298230156302,105360.74171058512,1.0991917428019167,105360.74171058518,5.524606221296138e-14
PINN Baseline,1,558,True,optimal,6.979949843781266e-05,0.6318807909265161,0.6319505904249538,0.692204135004431,110371.76997461788,1.0953453410637053,110371.7699746211,2.9137643314125064e-12
PINN Baseline,1,559,True,optimal,6.979949843781266e-05,0.5252974508330226,0.5253672503314604,0.5818924871273339,106427.39202990272,1.1075918545745116,106427.39202990373,9.434433481891556e-13
PINN Baseline,1,560,True,optimal,6.979949843781266e-05,0.6479701902717352,0.648039989770173,0.6535741193220019,105714.96553341072,1.0085397963693439,105714.96553341395,3.0558825464275903e-12
PINN Baseline,1,561,True,optimal,6.979949843781266e-05,0.5503881340846419,0.5504579335830797,0.5924591650255024,104604.49646103682,1.0763023455198935,104604.49646103692,9.737956784344365e-14
PINN Baseline,1,562,True,optimal,6.979949843781266e-05,0.5639065210707486,0.5639763205691863,0.6130209667608142,109260.35659053797,1.0869622436313109,109260.3565905379,-6.659284155048722e-14
PINN Baseline,1,563,True,optimal,6.979949843781266e-05,0.5662275939248502,0.566297393423288,0.66397177381441,104823.34717371542,1.1724789510343263,104823.34717371521,-1.9435251658155472e-13
PINN Baseline,1,564,True,optimal,6.979949843781266e-05,0.5596808725968003,0.5597506720952381,0.614466096740216,104467.62847031221,1.0977496363517871,104467.6284703997,8.374471176762998e-11
PINN Baseline,1,565,True,optimal,6.979949843781266e-05,0.6333316559903324,0.6334014554887701,0.6160901659168303,105917.01094988038,0.9726693246093326,105917.01094988057,1.786067188567907e-13
PINN Baseline,1,566,True,optimal,6.979949843781266e-05,0.6165177742950618,0.6165875737934996,0.6609676377847791,111618.68288858802,1.0719769030021722,111618.68288858687,-1.0299362734717572e-12
PINN Baseline,1,567,True,optimal,6.979949843781266e-05,0.5914399647153914,0.5915097642138292,0.6703116330318153,106485.51994392482,1.1332215858223762,106485.51994392493,9.565939730792425e-14
PINN Baseline,1,568,True,optimal,6.979949843781266e-05,0.6007199422456324,0.6007897417440702,0.631336625199765,106099.60185512634,1.0508445489881673,106099.60185512643,8.229200660848902e-14
PINN Baseline,1,569,True,optimal,6.979949843781266e-05,0.6420561522245407,0.6421259517229785,0.629199496936053,111817.05963434788,0.9798692845971407,111817.059634348,1.0411230827176432e-13
PINN Baseline,1,570,True,optimal,6.979949843781266e-05,0.6856551170349121,0.6857249165333499,0.7117026066407561,108273.3584457254,1.037883544087526,108273.35844568656,-3.5871300476912916e-11
PINN Baseline,1,571,True,optimal,6.979949843781266e-05,0.579472980927676,0.5795427804261137,0.6013961140997708,105318.95029386495,1.0377078869960026,105318.95029386507,1.1053596860024558e-13
PINN Baseline,1,572,True,optimal,6.979949843781266e-05,0.6470993952825665,0.6471691947810043,0.722949834074825,109608.69647047385,1.1170955600250165,109608.69647047509,1.128480525944745e-12
PINN Baseline,1,573,True,optimal,6.979949843781266e-05,0.6369357439689338,0.6370055434673716,0.7807516129687428,114529.48306176206,1.225659055836355,114529.48306075184,-8.820637550934399e-10
PINN Baseline,1,574,True,optimal,6.979949843781266e-05,0.6165047739632428,0.6165745734616805,0.6381875490769744,105849.20984989374,1.0350533034373288,105849.20984989373,-1.3747778796840456e-14
PINN Baseline,1,575,True,optimal,6.979949843781266e-05,0.6442980272695422,0.64436782676798,0.6075170319527388,110722.53202526801,0.9428109330037823,110722.53202526792,-7.885611878011943e-14
PINN Baseline,1,576,True,optimal,6.979949843781266e-05,0.6191351930610836,0.6192049925595213,0.6678359108045697,107965.62164921248,1.0785376714164232,107965.6216492122,-2.560874333102929e-13
PINN Baseline,1,577,True,optimal,6.979949843781266e-05,0.6382489819079638,0.6383187814064015,0.6921426560729742,106012.02968212494,1.0843213081526177,106012.0296821249,-2.745332821567608e-14
PINN Baseline,1,578,True,optimal,6.979949843781266e-05,0.5918420730158687,0.5919118725143064,0.6673076148144901,109786.41360557241,1.127376634599201,109786.4136055717,-6.49482775484146e-13
PINN Baseline,1,579,True,optimal,6.979949843781266e-05,0.6191736529581249,0.6192434524565626,0.6310216458514333,107228.6752054175,1.0190202954074783,107228.67520541733,-1.6285101201323037e-13
PINN Baseline,1,580,True,optimal,6.979949843781266e-05,0.6183031252585351,0.6183729247569729,0.6330560771748424,105014.59891441646,1.0237448177790773,105014.59891441636,-9.69992816728114e-14
PINN Baseline,1,581,True,optimal,6.979949843781266e-05,0.5733638261444867,0.5734336256429244,0.5878313598223031,110795.13799729715,1.0251079349649859,110795.13799796462,6.024336985897465e-10
PINN Baseline,1,582,True,optimal,6.979949843781266e-05,0.5870913448743522,0.58716114437279,0.6035601780749857,106912.37920793764,1.027929357825122,106912.3792079374,-2.3138813364268456e-13
PINN Baseline,1,583,True,optimal,6.979949843781266e-05,0.5725742247886956,0.5726440242871333,0.5746475388295949,105486.42683747859,1.0034987085475233,105486.42683748037,1.6829972453195203e-12
PINN Baseline,1,584,True,optimal,6.979949843781266e-05,0.6452610618434846,0.6453308613419224,0.6920872465707362,109566.50950937948,1.0724533538216148,109566.50950926072,-1.0838912429581006e-10
PINN Baseline,1,585,True,optimal,6.979949843781266e-05,0.6276866239495575,0.6277564234479953,0.6758731240406632,108054.66597689284,1.0766486790025718,108054.66597689284,0.0
PINN Baseline,1,586,True,optimal,6.979949843781266e-05,0.5839080256409943,0.5839778251394321,0.6178826843388379,104134.8979753388,1.0580584702703575,104134.89797533909,2.7948200865022276e-13
PINN Baseline,1,587,True,optimal,6.979949843781266e-05,0.6220391760580242,0.6221089755564619,0.6854853117838502,106818.1020337935,1.1018733673962824,106818.10203379561,1.9753465638676625e-12
PINN Baseline,1,588,True,optimal,6.979949843781266e-05,0.575003701262176,0.5750735007606138,0.6267670388333499,106132.79959315465,1.0898903148977728,106132.79959315459,-5.484417742356594e-14
PINN Baseline,1,589,True,optimal,6.979949843781266e-05,0.645471375901252,0.6455411753996898,0.7433349452912807,112830.50330643599,1.1514911420344975,112830.5033060855,-3.106277717501094e-10
PINN Baseline,1,590,True,optimal,6.979949843781266e-05,0.6074638981372118,0.6075336976356496,0.6584229809232056,104752.0073952169,1.0837637212316005,104752.00739503156,-1.7693956313831155e-10
PINN Baseline,1,591,True,optimal,6.979949843781266e-05,0.6320860916748643,0.6321558911733021,0.6368356556631625,106186.50917915448,1.0074028646338715,106186.50917915419,-2.740821850319107e-13
PINN Baseline,1,592,True,optimal,6.979949843781266e-05,0.6229749331250787,0.6230447326235165,0.6340308277867734,108200.05408775316,1.0176329155645,108200.05408775297,-1.7483808077890897e-13
PINN Baseline,1,593,True,optimal,6.979949843781266e-05,0.635319257620722,0.6353890571191598,0.6340704588219523,114393.5710176232,0.9979247387369465,114393.57101762299,-1.7809288702574927e-13
PINN Baseline,1,594,True,optimal,6.979949843781266e-05,0.5751437642611563,0.5752135637595941,0.6166805787943304,106025.51710522352,1.0720897726467158,106025.51710522338,-1.3724917949633775e-13
PINN Baseline,1,595,True,optimal,6.979949843781266e-05,0.6054952233098447,0.6055650228082825,0.6566657926887274,106632.66320048831,1.0843852731841532,106632.66320118905,6.571466048721631e-10
PINN Baseline,1,596,True,optimal,6.979949843781266e-05,0.6167242689989507,0.6167940684973885,0.6726766866631806,108783.4167479045,1.0906017437909727,108783.41674790463,1.2039264896303645e-13
PINN Baseline,1,597,True,optimal,6.979949843781266e-05,0.626197868026793,0.6262676675252308,0.643241245765239,113569.00346289156,1.0271027535352117,113569.00346289146,-8.969296506317555e-14
PINN Baseline,1,598,True,optimal,6.979949843781266e-05,0.5871417880989611,0.5872115875973989,0.6686458648182452,104563.58308787638,1.1386796155607863,104563.58308787619,-1.8091853050768586e-13
PINN Baseline,1,599,True,optimal,6.979949843781266e-05,0.5928320470266044,0.5929018465250422,0.6396524291485548,107551.67897961353,1.0788504588027759,107551.67897961356,2.7060321821893966e-14
PINN Baseline,1,600,True,optimal,6.979949843781266e-05,0.6468098880723119,0.6468796875707497,0.69463663501665,112885.3086020433,1.0738266301501036,112885.3086020423,-8.765801748546e-13
PINN Baseline,1,601,True,optimal,6.979949843781266e-05,0.596677865833044,0.5967476653314818,0.6244948050007224,106870.04883890205,1.0464972739421237,106870.04883889252,-8.918779937069422e-12
PINN Baseline,1,602,True,optimal,6.979949843781266e-05,0.6040091197937727,0.6040789192922105,0.6283842818811536,111905.32291269554,1.0402354093359545,111905.3229126956,5.2015095795647635e-14
PINN Baseline,1,603,True,optimal,6.979949843781266e-05,0.6040078881196678,0.6040776876181055,0.6094349729828537,106307.86929189875,1.0088685370682569,106307.8692918983,-4.243424076544345e-13
PINN Baseline,1,604,True,optimal,6.979949843781266e-05,0.6071129231713712,0.607182722669809,0.641299138776958,116799.23664889485,1.0561880548200344,116799.2366488948,-3.7376738870590575e-14
PINN Baseline,1,605,True,optimal,6.979949843781266e-05,0.6485533597879112,0.648623159286349,0.6715500159189105,106094.49774598538,1.035346959639534,106094.49774598544,5.486397706771743e-14
PINN Baseline,1,606,True,optimal,6.979949843781266e-05,0.6083361958153546,0.6084059953137924,0.6377619751729071,104452.5622778716,1.0482506419812219,104452.56227778373,-8.413294432196488e-11
PINN Baseline,1,607,True,optimal,6.979949843781266e-05,0.666086760815233,0.6661565603136708,0.6821915479376912,108631.58616592688,1.0240708995141774,108631.5861659254,-1.366357065822702e-12
PINN Baseline,1,608,True,optimal,6.979949843781266e-05,0.5452766120433807,0.5453464115418185,0.6205839291214943,107310.7264998673,1.1379627994011405,107310.72649986757,2.4408974075012644e-13
PINN Baseline,1,609,True,optimal,6.979949843781266e-05,0.588688732124865,0.5887585316233028,0.6755945230834186,109879.15196546726,1.147489992579292,109879.15196546729,2.6487126935490397e-14
PINN Baseline,1,610,True,optimal,6.979949843781266e-05,0.5217820559628308,0.5218518554612686,0.5853264420293272,107772.03869198175,1.1216333446049607,107772.03869198174,-1.3502496013791669e-14
PINN Baseline,1,611,True,optimal,6.979949843781266e-05,0.5870005050674081,0.5870703045658459,0.6412567757070065,110507.8554844232,1.0922997990525734,110507.85548442324,3.950465375853223e-14
PINN Baseline,1,612,True,optimal,6.979949843781266e-05,0.5903206509537995,0.5903904504522373,0.6423585489392281,110489.4289469126,1.088023270781537,110489.42894691274,1.31704140088901e-13
PINN Baseline,1,613,True,optimal,6.979949843781266e-05,0.5720434691756964,0.5721132686741341,0.6063243132084608,103066.79991565834,1.0597976771516073,103066.79991607279,4.021208555599589e-10
PINN Baseline,1,614,True,optimal,6.979949843781266e-05,0.6133235287852585,0.6133933282836963,0.6675516269169748,108999.34848185981,1.0882929372329757,108999.34848186186,1.882414964655683e-12
PINN Baseline,1,615,True,optimal,6.979949843781266e-05,0.6242340067401528,0.6243038062385906,0.6370490398257971,110016.67914982128,1.0204151143399174,110016.67914982127,-1.3227008250767121e-14
PINN Baseline,1,616,True,optimal,6.979949843781266e-05,0.5912091978825629,0.5912789973810006,0.6075897770933807,111000.89508490225,1.0275855895180221,111000.89508490305,7.210350303463787e-13
PINN Baseline,1,617,True,optimal,6.979949843781266e-05,0.5691077867522836,0.5691775862507213,0.6076925112865865,110689.38505353508,1.0676676769539892,110689.38505353504,-3.943986649125062e-14
PINN Baseline,1,618,True,optimal,6.979949843781266e-05,0.6140471915714443,0.614116991069882,0.6237996462732553,112724.20371435733,1.015766792556097,112724.20371435712,-1.80730319207558e-13
PINN Baseline,1,619,True,optimal,6.979949843781266e-05,0.6379812862724066,0.6380510857708444,0.7217487129382789,108737.38536696315,1.1311769998264598,108737.38536696287,-2.542698524577297e-13
PINN Baseline,1,620,True,optimal,6.979949843781266e-05,0.5872524427250028,0.5873222422234405,0.6473674438893795,106010.03754355416,1.1022355316199577,106010.03754355435,1.7844998676757065e-13
PINN Baseline,1,621,True,optimal,6.979949843781266e-05,0.5777796506881714,0.5778494501866092,0.6160184908658266,104784.44691169928,1.0660536073312716,104784.44691168315,-1.540121121396787e-11
PINN Baseline,1,622,True,optimal,6.979949843781266e-05,0.591834656894207,0.5919044563926448,0.6329968748614192,110642.74844166175,1.0694240734716067,110642.74844166171,-3.945649064214884e-14
PINN Baseline,1,623,True,optimal,6.979949843781266e-05,0.5995209701359272,0.599590769634365,0.6564431651495397,104472.68833980219,1.0948186636526172,104472.68833982087,1.7884730880524803e-11
PINN Baseline,1,624,True,optimal,6.979949843781266e-05,0.6395241976715624,0.6395939971700002,0.6608373620547354,108010.31650864542,1.0332138278012777,108010.31650864538,-4.041812587560211e-14
PINN Baseline,1,625,True,optimal,6.979949843781266e-05,0.6588870198465884,0.6589568193450261,0.6710179229266942,109897.10600078265,1.0183033291827168,109897.10600078407,1.297657185230879e-12
PINN Baseline,1,626,True,optimal,6.979949843781266e-05,0.5793911623768508,0.5794609618752886,0.5798147851601243,105115.49752143418,1.0006106076303927,105115.4975214221,-1.1490303451288555e-11
PINN Baseline,1,627,True,optimal,6.979949843781266e-05,0.5780504252761602,0.578120224774598,0.5925088520161808,107008.63199669404,1.024888641886197,107008.63199669393,-9.519176602660893e-14
PINN Baseline,1,628,True,optimal,6.979949843781266e-05,0.6656700619496405,0.6657398614480783,0.7177073010243475,112963.25054912192,1.078059678540553,112963.2505491224,4.251056872051376e-13
PINN Baseline,1,629,True,optimal,6.979949843781266e-05,0.6069471761584282,0.607016975656866,0.6301517798565328,109273.28859155695,1.0381122853683493,109273.28859155708,1.198529290582922e-13
PINN Baseline,1,630,True,optimal,6.979949843781266e-05,0.5952699459157884,0.5953397454142262,0.669620328117162,110379.04409188525,1.1247700716693336,110379.04409188512,-1.1865226604633187e-13
PINN Baseline,1,631,True,optimal,6.979949843781266e-05,0.6730153448879719,0.6730851443864097,0.6824472150765359,109267.21064552446,1.0139091922741228,109267.21064552368,-7.191575749847295e-13
PINN Baseline,1,632,True,optimal,6.979949843781266e-05,0.5858229962177575,0.5858927957161952,0.615410118829459,106946.37064358934,1.0503800752101444,106946.37064358925,-8.164044356509895e-14
PINN Baseline,1,633,True,optimal,6.979949843781266e-05,0.5837400490418077,0.5838098485402454,0.6384298210032284,106299.00179689658,1.0935578127014378,106299.00179689658,0.0
PINN Baseline,1,634,True,optimal,6.979949843781266e-05,0.6559413271024823,0.6560111266009201,0.6620621890760958,106007.36296660957,1.0092240241511283,106007.3629666098,2.1963629425175602e-13
PINN Baseline,1,635,True,optimal,6.979949843781266e-05,0.5988342827185988,0.5989040822170366,0.6544184498488903,106738.78377124503,1.0926932530270113,106738.78377124497,-5.4532812588734316e-14
PINN Baseline,1,636,True,optimal,6.979949843781266e-05,0.6268643848598003,0.6269341843582381,0.6471891426481307,105798.64130602928,1.032307950013328,105798.6413060293,1.3754349818420176e-14
PINN Baseline,1,637,True,optimal,6.979949843781266e-05,0.5739784720353782,0.574048271533816,0.6200642217881978,102291.4594010008,1.080160419491257,102291.4594010012,3.841002107767962e-13
PINN Baseline,1,638,True,optimal,6.979949843781266e-05,0.606724286917597,0.6067940864160348,0.5644595450721681,104577.79511895179,0.9302324424519177,104577.79511997358,9.770638503403138e-10
PINN Baseline,1,639,True,optimal,6.979949843781266e-05,0.5904599521309137,0.5905297516293515,0.6234072991646826,106190.4256295311,1.0556746674399005,106190.42562953109,-1.3703603825013792e-14
PINN Baseline,1,640,True,optimal,6.979949843781266e-05,0.6112355259247124,0.6113053254231502,0.6118985181674361,104196.64308052527,1.00097037064723,104196.64308052586,5.58632785016724e-13
PINN Baseline,1,641,True,optimal,6.979949843781266e-05,0.6162695428356528,0.6163393423340906,0.6322127738967538,108154.10974897348,1.0257543701535425,108154.10974897358,9.418357456317999e-14
PINN Baseline,1,642,True,optimal,6.979949843781266e-05,0.6536785182543099,0.6537483177527477,0.6080183889716864,109232.48936973893,0.9300496421340595,109232.48936973882,-1.065757289782922e-13
PINN Baseline,1,643,True,optimal,6.979949843781266e-05,0.6312295449897647,0.6312993444882025,0.5698251440189779,105818.4640342285,0.9026227398999408,105818.46403422864,1.3751773247870832e-13
PINN Baseline,1,644,True,optimal,6.979949843781266e-05,0.6941461218520999,0.6942159213505377,0.606200210750103,107249.61202104604,0.8732156553983843,107249.61202073397,-2.9097151606580093e-10
PINN Baseline,1,645,True,optimal,6.979949843781266e-05,0.6349373715929687,0.6350071710914065,0.5486443000845611,107675.55932825601,0.8639970146188888,107675.55932825596,-5.405837803546256e-14
PINN Baseline,1,646,True,optimal,6.979949843781266e-05,0.5834951382130384,0.5835649377114762,0.5920291068032384,112200.97226042539,1.0145042454485964,112200.97226042555,1.4266459932316855e-13
PINN Baseline,1,647,True,optimal,6.979949843781266e-05,0.7106957221403718,0.7107655216388096,0.570364257786423,108476.72745579087,0.8024647234876223,108476.72745579103,1.4756258901456213e-13
PINN Baseline,1,648,True,optimal,6.979949843781266e-05,0.6850443468429148,0.6851141463413526,0.5461925882846117,104465.84647036159,0.7972285949741222,104465.84647016186,-1.9118692209707007e-10
PINN Baseline,1,649,True,optimal,6.979949843781266e-05,0.7205033525824547,0.7205731520808925,0.560293666087091,108942.154103925,0.777566669628279,108942.15410392493,-6.678734851564024e-14
PINN Baseline,1,650,True,optimal,6.979949843781266e-05,0.7048801546916366,0.7049499541900743,0.5473314081318676,107675.55916660369,0.776411722390568,107675.5591666045,7.433026991035236e-13
PINN Baseline,1,651,True,optimal,6.979949843781266e-05,0.725617092102766,0.7256868916012038,0.5446534189395607,109851.24151025219,0.7505350106818123,109851.24151025202,-1.589631399150869e-13
PINN Baseline,1,652,True,optimal,6.979949843781266e-05,0.7174387080594897,0.7175085075579275,0.5432154987938702,109874.34393310196,0.7570857949025979,109874.34393310208,1.0595314398219788e-13
PINN Baseline,1,653,True,optimal,6.979949843781266e-05,0.7186557441018522,0.71872554360029,0.55212113680318,109624.11811836113,0.7681946769798335,109624.11811836144,2.787618500755082e-13
PINN Baseline,1,654,True,optimal,6.979949843781266e-05,0.6719163898378611,0.6719861893362988,0.5704068578779697,104887.93071610715,0.848837173932613,104887.93071643934,3.1671052957682714e-10
PINN Baseline,1,655,True,optimal,6.979949843781266e-05,0.6818238208070397,0.6818936203054775,0.5929875429719687,107748.33402665185,0.869618845687865,107748.33402665162,-2.160874650704839e-13
PINN Baseline,1,656,True,optimal,6.979949843781266e-05,0.7379160998389125,0.7379858993373503,0.6085863602347672,106756.50834307534,0.8246585209571442,106756.50834307524,-9.541657757409714e-14
PINN Baseline,1,657,True,optimal,6.979949843781266e-05,0.8080199593678117,0.8080897588662495,0.6427399329841137,110330.6950747936,0.7953818569435632,110330.69507479346,-1.318936241496716e-13
PINN Baseline,1,658,True,optimal,6.979949843781266e-05,0.6668069250881672,0.666876724586605,0.5703041828237474,112390.25061266827,0.8551868160900014,112390.25061266846,1.68319669132801e-13
PINN Baseline,1,659,True,optimal,6.979949843781266e-05,0.6606696140952408,0.6607394135936786,0.5375979160889983,110614.8876016174,0.8136307673324206,110614.8876016172,-1.8417666700603965e-13
PINN Baseline,1,660,True,optimal,6.979949843781266e-05,0.7354093752801418,0.7354791747785796,0.571567618753761,102969.03390939908,0.7771363736108978,102969.03390939895,-1.2719089621695177e-13
PINN Baseline,1,661,True,optimal,6.979949843781266e-05,0.7737518781796098,0.7738216776780475,0.6165155037306249,108008.52489264323,0.796715214260422,108008.52489257528,-6.290512000675664e-11
PINN Baseline,1,662,True,optimal,6.979949843781266e-05,0.6478113569319248,0.6478811564303626,0.585881635081023,107087.47009364587,0.904304175643973,107087.4700936457,-1.6306574670939363e-13
PINN Baseline,1,663,True,optimal,6.979949843781266e-05,0.6357112168334424,0.6357810163318802,0.5851068780757487,108113.70259754342,0.9202962388709017,108113.70259754341,-1.3459825053385512e-14
PINN Baseline,1,664,True,optimal,6.979949843781266e-05,0.6114831101149321,0.6115529096133698,0.5333697646856308,109003.81712436302,0.8721563683227879,109003.81712436305,2.6699826872602995e-14
PINN Baseline,1,665,True,optimal,6.979949843781266e-05,0.63151363003999,0.6315834295384277,0.5715937772765756,108224.76536840059,0.9050170579907493,108224.76536839869,-1.761427607098013e-12
PINN Baseline,1,666,True,optimal,6.979949843781266e-05,0.5877554770559072,0.587825276554345,0.5642876178026199,106048.43423147606,0.9599580697010925,106048.4342314759,-1.509414718586434e-13
PINN Baseline,1,667,True,optimal,6.979949843781266e-05,0.6486278949305415,0.6486976944289793,0.6508921468630433,109794.67877526334,1.0033828583836661,109794.6787752622,-1.0337927124281913e-12
PINN Baseline,1,668,True,optimal,6.979949843781266e-05,0.6113213049247861,0.6113911044232239,0.5969310142099857,113009.82258022172,0.9763488704552227,113009.82258030736,7.577927224701861e-11
PINN Baseline,1,669,True,optimal,6.979949843781266e-05,0.6355364052578807,0.6356062047563185,0.609782924875617,107314.08947029196,0.9593722029655112,107314.08947029186,-9.492081338188782e-14
PINN Baseline,1,670,True,optimal,6.979949843781266e-05,0.6506972191855311,0.6507670186839689,0.6231790389865637,106974.02991028057,0.9576069792946856,106974.02991028798,6.924040215602737e-12
PINN Baseline,1,671,True,optimal,6.979949843781266e-05,0.5945575381629169,0.5946273376613547,0.5909823756664991,105480.33254983608,0.9938701742015579,105480.33255338893,3.36825834458491e-09
PINN Baseline,1,672,True,optimal,6.979949843781266e-05,0.6113050659187138,0.6113748654171516,0.550731451716274,110105.6057440179,0.9008081340414615,110105.6057440179,0.0
PINN Baseline,1,673,True,optimal,6.979949843781266e-05,0.6208240422420204,0.6208938417404581,0.6074022715911269,107701.3668879492,0.9782707296443587,107701.36688794942,2.0267034182824858e-13
PINN Baseline,1,674,True,optimal,6.979949843781266e-05,0.6416196399368346,0.6416894394352723,0.6120905829593539,105201.63109457615,0.9538735490146646,105201.63109457653,3.596425188478324e-13
PINN Baseline,1,675,True,optimal,6.979949843781266e-05,0.5939038568176329,0.5939736563160707,0.5262382281944156,106372.86713992494,0.885962235191099,106372.86713992478,-1.5048110652265748e-13
PINN Baseline,1,676,True,optimal,6.979949843781266e-05,0.5729512693360448,0.5730210688344826,0.5446291691623628,104374.47141406681,0.9504522587103673,104374.47141501422,9.077095002469795e-10
PINN Baseline,1,677,True,optimal,6.979949843781266e-05,0.5942701371386647,0.5943399366371025,0.580639336258173,114889.88897475348,0.976948208366326,114889.88897475353,3.799790048947972e-14
PINN Baseline,1,678,True,optimal,6.979949843781266e-05,0.5968678309582174,0.5969376304566552,0.5726442858576775,103999.34734388914,0.9593033788464745,103999.34734412062,2.2257573864595297e-10
PINN Baseline,1,679,True,optimal,6.979949843781266e-05,0.6230537770316005,0.6231235765300382,0.564780883025378,112557.6159881908,0.9063705889134371,112557.61598819062,-1.5514097487523468e-13
PINN Baseline,1,680,True,optimal,6.979949843781266e-05,0.6002040822058916,0.6002738817043294,0.5586160230450332,107340.57322256312,0.9306019136781047,107340.57322175216,-7.555052664756877e-10
PINN Baseline,1,681,True,optimal,6.979949843781266e-05,0.7594406427815557,0.7595104422799934,0.6065293061546981,112135.35744188927,0.7985792852747917,112135.35744188915,-1.038167840034429e-13
PINN Baseline,1,682,True,optimal,6.979949843781266e-05,0.5938794431276619,0.5939492426260997,0.5331569807603955,104945.90980778333,0.8976473787609931,104945.90980778361,2.634560888036291e-13
PINN Baseline,1,683,True,optimal,6.979949843781266e-05,0.5922596692107618,0.5923294687091996,0.5847499347291887,106159.22747701482,0.9872038546443955,106159.22747701476,-5.483052420108304e-14
PINN Baseline,1,684,True,optimal,6.979949843781266e-05,0.5803569508716464,0.5804267503700842,0.5319273280911148,105873.89471405886,0.9164417865853945,105873.89471405899,1.23701161092651e-13
PINN Baseline,1,685,True,optimal,6.979949843781266e-05,0.6110350140370429,0.6111048135354806,0.5745204137638211,109687.73036670848,0.9401340016289441,109687.73036670854,5.306670191722202e-14
PINN Baseline,1,686,True,optimal,6.979949843781266e-05,0.6062719328328967,0.6063417323313345,0.6222590790130198,114268.8591398387,1.0262514450728708,114268.85913983657,-1.8720161859252696e-12
PINN Baseline,1,687,True,optimal,6.979949843781266e-05,0.6676767179742455,0.6677465174726833,0.5918784500099719,105553.79368279983,0.8863819346451101,105553.7936827995,-3.1708386650528936e-13
PINN Baseline,1,688,True,optimal,6.979949843781266e-05,0.6343685132451355,0.6344383127435733,0.5939566004090011,111027.47948865358,0.9361928314834699,111027.47948865377,1.70385654830705e-13
PINN Baseline,1,689,True,optimal,6.979949843781266e-05,0.6079865610226989,0.6080563605211367,0.5423469641245902,102669.73638922298,0.8919353522751904,102669.73638922322,2.4094983349757943e-13
PINN Baseline,1,690,True,optimal,6.979949843781266e-05,0.5720653119497001,0.5721351114481379,0.5578931216150522,105955.50458619771,0.9751072962520381,105955.50458619787,1.5107385702817653e-13
PINN Baseline,1,691,True,optimal,6.979949843781266e-05,0.792264980264008,0.7923347797624458,0.6318227760493755,113456.40855770189,0.7974189599992136,113456.40855770187,-1.282599670953449e-14
PINN Baseline,1,692,True,optimal,6.979949843781266e-05,0.6369079849682748,0.6369777844667126,0.6095252018421888,111104.45922318753,0.9569018209206347,111104.45922318842,7.989479766489172e-13
PINN Baseline,1,693,True,optimal,6.979949843781266e-05,0.5993649261072278,0.5994347256056656,0.6412790711037815,116649.6380838218,1.0698063420597408,116649.63808382189,7.48493461312422e-14
PINN Baseline,1,694,True,optimal,6.979949843781266e-05,0.6150626321323216,0.6151324316307594,0.5648811287246644,107185.83024566187,0.9183081555741173,107185.83024566178,-8.145805389582722e-14
PINN Baseline,1,695,True,optimal,6.979949843781266e-05,0.5737854759208858,0.5738552754193236,0.5507427370175719,105636.89523965037,0.959724098754929,105636.89523964725,-2.9617131088537928e-12
PINN Baseline,1,696,True,optimal,6.979949843781266e-05,0.5986806168220937,0.5987504163205315,0.5947175868786871,106797.20293453822,0.9932645901665889,106797.20293453817,-4.087723693649498e-14
PINN Baseline,1,697,True,optimal,6.979949843781266e-05,0.6855080099776387,0.6855778094760765,0.5440596407279372,106830.17274932661,0.7935782535664501,106830.17274931546,-1.0434100009446322e-11
PINN Baseline,1,698,True,optimal,6.979949843781266e-05,0.6798934298567474,0.6799632293551852,0.6249640616588295,105114.14674157582,0.9191144971934557,105114.14674157585,2.7687833996584458e-14
PINN Baseline,1,699,True,optimal,6.979949843781266e-05,0.6087435288354754,0.6088133283339132,0.5998991630040109,108193.19269132106,0.985358130456347,108193.19269131814,-2.7034371462229407e-12
PINN Baseline,1,700,True,optimal,6.979949843781266e-05,0.6721513797529042,0.672221179251342,0.6109692840836942,106131.66741450962,0.9088813368899438,106131.66741450959,-2.74223812418449e-14
PINN Baseline,1,701,True,optimal,6.979949843781266e-05,0.7201572312042117,0.7202270307026495,0.6119910278357565,110648.0834513869,0.8497196047178367,110648.08345138669,-1.972729410368895e-13
PINN Baseline,1,702,True,optimal,6.979949843781266e-05,0.6571958339773118,0.6572656334757496,0.6111935931257904,107997.67447713717,0.9299034697640872,107997.67447713736,1.7516571434028138e-13
PINN Baseline,1,703,True,optimal,6.979949843781266e-05,0.6481845607049763,0.6482543602034141,0.5695940260775387,107111.50063935579,0.8786582259142959,107111.50063935577,-1.358576356554197e-14
PINN Baseline,1,704,True,optimal,6.979949843781266e-05,0.6352214952930808,0.6352912947915186,0.5451274081133306,102875.21851694377,0.8580747329336903,102875.2185169323,-1.1146425120899698e-11
PINN Baseline,1,705,True,optimal,6.979949843781266e-05,0.6434374279342592,0.643507227432697,0.61451730504632,107850.64458931363,0.9549501215362667,107850.64458932051,6.382025744238832e-12
PINN Baseline,1,706,True,optimal,6.979949843781266e-05,0.6533000413328409,0.6533698408312787,0.5904321079142392,102088.56978555156,0.9036721180197662,102088.56978554823,-3.2642132163238877e-12
PINN Baseline,1,707,True,optimal,6.979949843781266e-05,0.6007181890308857,0.6007879885293235,0.574931075796485,110529.87482721006,0.9569616682981064,110529.87482720998,-7.899356758224331e-14
PINN Baseline,1,708,True,optimal,6.979949843781266e-05,0.5758933797478676,0.5759631792463054,0.5432367362082005,105170.25409371185,0.9431796263765851,105170.25409371169,-1.522018453710345e-13
PINN Baseline,1,709,True,optimal,6.979949843781266e-05,0.588910199701786,0.5889799992002238,0.5745729231275618,106010.84697064036,0.9755389383472692,106010.84697064041,5.4907268998226176e-14
PINN Baseline,1,710,True,optimal,6.979949843781266e-05,0.5817771698348224,0.5818469693332602,0.5409048032015562,110668.87067931367,0.9296341335615794,110668.87067931375,7.889435469455953e-14
PINN Baseline,1,711,True,optimal,6.979949843781266e-05,0.5892182909883559,0.5892880904867936,0.5847841808572412,107959.18809541981,0.9923570326598117,107959.18809541965,-1.482699808473517e-13
PINN Baseline,1,712,True,optimal,6.979949843781266e-05,0.5983902770094573,0.5984600765078951,0.5555345751345158,109839.19173449412,0.9282734086058737,109839.19173449415,2.649676312903337e-14
PINN Baseline,1,713,True,optimal,6.979949843781266e-05,0.6730119059793651,0.6730817054778029,0.6143914591521025,112173.84727361014,0.9128036821561838,112173.84727361014,0.0
PINN Baseline,1,714,True,optimal,6.979949843781266e-05,0.6561167081817985,0.6561865076802362,0.6068633659742773,109053.20517047598,0.9248336545651827,109053.2051704767,6.538495086644353e-13
PINN Baseline,1,715,True,optimal,6.979949843781266e-05,0.678456649184227,0.6785264486826648,0.6222368231974542,108036.51761032357,0.9170413686975727,108036.51761032363,5.3877764853006794e-14
PINN Baseline,1,716,True,optimal,6.979949843781266e-05,0.6204121029004455,0.6204819023988832,0.5682614757679403,109904.54321755773,0.9158389206372493,109904.54321755764,-7.944302283970798e-14
PINN Baseline,1,717,True,optimal,6.979949843781266e-05,0.6407961430959404,0.6408659425943781,0.5382348308339715,113400.81153108653,0.8398555689432778,113400.8115310868,2.43813413330977e-13
PINN Baseline,1,718,True,optimal,6.979949843781266e-05,0.7335747522301972,0.733644551728635,0.6405375362373888,114907.25009658848,0.8730897472463135,114907.25009658858,8.864837206785808e-14
PINN Baseline,1,719,True,optimal,6.979949843781266e-05,0.6868925886228681,0.6869623881213058,0.5809954311698675,111110.15952089328,0.8457456204534937,111110.15952089262,-6.0245445006224e-13
PINN Baseline,1,720,True,optimal,6.979949843781266e-05,0.7136213318444788,0.7136911313429166,0.6110910782590508,105763.14028839933,0.8562402577557487,105763.14028839934,1.3758966676562443e-14
PINN Baseline,1,721,True,optimal,6.979949843781266e-05,0.6387456180527806,0.6388154175512184,0.6089402339421213,106655.53976628745,0.95323346495985,106655.53976628727,-1.637261253593116e-13
PINN Baseline,1,722,True,optimal,6.979949843781266e-05,0.8731262320652604,0.8731960315636982,0.6233550109900534,115046.6150394485,0.7138775125601114,115046.61503944808,-3.66812653703837e-13
PINN Baseline,1,723,True,optimal,6.979949843781266e-05,0.6831509689800441,0.6832207684784819,0.5737240333110094,110400.71352375128,0.839734474976047,110400.71352375098,-2.7680094633623914e-13
PINN Baseline,1,725,True,optimal,6.979949843781266e-05,0.6910519893281162,0.691121788826554,0.576703964266926,107634.52801408443,0.8344462200303417,107634.52801408425,-1.6223695682258398e-13
PINN Baseline,1,726,True,optimal,6.979949843781266e-05,0.6403798912651837,0.6404496907636215,0.5812352136708796,108385.53761204607,0.9075423441579944,108385.53761204581,-2.416692114848095e-13
PINN Baseline,1,727,True,optimal,6.979949843781266e-05,0.6030162540264428,0.6030860535248805,0.5290276068262756,103374.41900250982,0.8772008633498443,103374.41900250992,9.853831110392487e-14
PINN Baseline,1,728,True,optimal,6.979949843781266e-05,0.6627713837660849,0.6628411832645227,0.6277297441847622,107785.21173724133,0.9470288811765813,107785.21173721318,-2.61241366167497e-11
PINN Baseline,1,729,True,optimal,6.979949843781266e-05,0.6579709760844707,0.6580407755829085,0.5944398380815983,110474.09807406484,0.9033480296947085,110474.09807406484,0.0
PINN Baseline,1,730,True,optimal,6.979949843781266e-05,0.6634997772052884,0.6635695767037262,0.5964180971495807,110889.11041965405,0.8988026547453853,110889.11041965378,-2.4933592513513896e-13
PINN Baseline,1,731,True,optimal,6.979949843781266e-05,0.618050784803927,0.6181205843023647,0.5905795637518167,106178.99333831546,0.9554439356171388,106178.9933383157,2.329863479624521e-13
PINN Baseline,1,732,True,optimal,6.979949843781266e-05,0.6035187840461731,0.6035885835446109,0.5577876321040094,106984.27108038541,0.9241189235693748,106984.27108038544,2.720384049246434e-14
PINN Baseline,1,733,True,optimal,6.979949843781266e-05,0.6384581681340933,0.6385279676325311,0.5670719100162387,107159.75449599548,0.8880925171042549,107159.75449599567,1.7653539694871032e-13
PINN Baseline,1,734,True,optimal,6.979949843781266e-05,0.5773307560011744,0.5774005554996122,0.5091729960404336,107040.73513350011,0.8818366923804867,107040.73513350014,2.7189490450000837e-14
PINN Baseline,1,735,True,optimal,6.979949843781266e-05,0.6930238171480596,0.6930936166464974,0.5986269493587315,113145.00624158105,0.8637028750245332,113145.00624157792,-2.7651788426426217e-12
PINN Baseline,1,736,True,optimal,6.979949843781266e-05,0.61484678927809,0.6149165887765278,0.5655022063292563,105864.09753699721,0.9196405116577046,105864.0975369973,8.247507266539313e-14
PINN Baseline,1,737,True,optimal,6.979949843781266e-05,0.633397244848311,0.6334670443467487,0.5793435098603368,106448.75375856458,0.914559826009219,106448.75375856449,-8.202208883368564e-14
PINN Baseline,1,738,True,optimal,6.979949843781266e-05,1.0678462306968868,1.0679160301953246,0.610645579174161,111213.4722853296,0.571810481262719,111213.47228531896,-9.564893365297233e-12
PINN Baseline,1,739,True,optimal,6.979949843781266e-05,1.0435988921672106,1.0436686916656484,0.5642037251964211,110172.39638070537,0.5405965798360564,110172.39638070544,6.604156624714821e-14
PINN Baseline,1,740,True,optimal,6.979949843781266e-05,1.1775615406222641,1.177631340120702,0.569182489067316,106808.6724225912,0.48332824516115325,106808.67242259117,-2.724856493074239e-14
PINN Baseline,1,741,True,optimal,6.979949843781266e-05,1.0416127387434244,1.0416825382418622,0.6018273863010108,109859.45856612832,0.5777454879072534,109859.45856612794,-3.4439437520966475e-13
PINN Baseline,1,742,True,optimal,6.979949843781266e-05,1.0247255573049188,1.0247953568033565,0.5830756961368024,107955.95133180972,0.568967933222873,107955.95133180943,-2.6958986603046243e-13
PINN Baseline,1,743,True,optimal,6.979949843781266e-05,1.0816599386744201,1.081729738172858,0.5876799640245736,110668.98883927573,0.5432779956823778,110668.98883927581,7.889427045999612e-14
PINN Baseline,1,744,True,optimal,6.979949843781266e-05,0.9749310580082238,0.9750008575066615,0.5467748329974711,112916.14050371577,0.5607942072950796,112916.14050371603,2.3197257092043785e-13
PINN Baseline,1,745,True,optimal,6.979949843781266e-05,1.103128592018038,1.1031983915164758,0.5227769180200994,104940.19137880641,0.47387389434232324,104940.19137880651,9.706805872963195e-14
PINN Baseline,1,746,True,optimal,6.979949843781266e-05,1.0098842368461192,1.009954036344557,0.5785485180094838,104561.49831808344,0.5728463842805076,104561.49831808296,-4.592638880090104e-13
PINN Baseline,1,747,True,optimal,6.979949843781266e-05,1.1160557670518756,1.1161255665503134,0.5899514299817383,108042.09940555284,0.528570841545313,108042.09940555283,-1.3468745339484724e-14
PINN Baseline,1,748,True,optimal,6.979949843781266e-05,1.0116609670221806,1.0117307665206183,0.5449472819454968,105088.80550150019,0.5386287537934542,105088.80550149581,-4.168023856428642e-12
PINN Baseline,1,749,True,optimal,6.979949843781266e-05,1.0978266377933323,1.09789643729177,0.5553191439248621,111307.4523807741,0.5058028472108832,111307.45238077421,9.151535177545992e-14
PINN Baseline,1,750,True,optimal,6.979949843781266e-05,1.0487628327682614,1.0488326322666992,0.5474257608875632,108858.43087847345,0.5219381472756873,108858.4308784731,-3.2082583100126897e-13
PINN Baseline,1,751,True,optimal,6.979949843781266e-05,0.9926542700268328,0.9927240695252706,0.5386588620021939,104780.1848735733,0.5426068315839117,104780.1848735726,-6.66625976852782e-13
PINN Baseline,1,752,True,optimal,6.979949843781266e-05,1.03186114737764,1.0319309468760778,0.5788551508449018,106155.41213686611,0.560943687750858,106155.41213686622,9.59568660213344e-14
PINN Baseline,1,753,True,optimal,6.979949843781266e-05,0.9910415429621935,0.9911113424606313,0.5475488300435245,103906.04024960041,0.5524594529249615,103906.04024960042,1.4004879017052922e-14
PINN Baseline,1,754,True,optimal,6.979949843781266e-05,1.031282084994018,1.0313518844924559,0.5433123540133238,106432.26222854984,0.5267962973478214,106432.2622285499,5.4689865361006616e-14
PINN Baseline,1,755,True,optimal,6.979949843781266e-05,1.086400767788291,1.0864705672867288,0.5654766228981316,109497.64154045373,0.5204711843325044,109497.6415404536,-1.1960735885522798e-13
PINN Baseline,1,756,True,optimal,6.979949843781266e-05,1.0967331361025572,1.096802935600995,0.6001880718395114,108272.47766991044,0.5472159604593303,108272.4776699112,6.988845255596913e-13
PINN Baseline,1,757,True,optimal,6.979949843781266e-05,1.1010725940577686,1.1011423935562064,0.5690090521238744,109287.40628367368,0.5167442970624581,109287.40628367258,-1.011960659479112e-12
PINN Baseline,1,758,True,optimal,6.979949843781266e-05,0.7090855361893773,0.7091553356878151,0.6058279993012547,108372.97694221468,0.8542951999559555,108372.9769422144,-2.5512484490150614e-13
PINN Baseline,1,759,True,optimal,6.979949843781266e-05,0.6553973243571818,0.6554671238556196,0.5506120757199824,108813.39253247123,0.8400300422104257,108813.3925324712,-2.67465518530256e-14
PINN Baseline,1,760,True,optimal,6.979949843781266e-05,0.6438910379074514,0.6439608374058892,0.5393910822458565,112991.33187171053,0.8376147288998536,112991.33187171277,1.9833335071338954e-12
PINN Baseline,1,761,True,optimal,6.979949843781266e-05,0.6933215940371156,0.6933913935355533,0.5984908319078386,107001.40951587174,0.8631356510731644,107001.40951587155,-1.7679664111406717e-13
PINN Baseline,1,762,True,optimal,6.979949843781266e-05,0.7411838732659817,0.7412536727644194,0.5605963082052767,106032.06674948215,0.7562813228494342,106032.0667494822,4.117221046746574e-14
PINN Baseline,1,763,True,optimal,6.979949843781266e-05,0.687695687636733,0.6877654871351708,0.5642973338253796,110393.53277821939,0.8204792830996981,110393.53277821945,5.2727419304903124e-14
PINN Baseline,1,764,True,optimal,6.979949843781266e-05,0.6273901220411062,0.627459921539544,0.5691035091876984,109527.84069215284,0.9069957931198832,109527.84069215272,-1.0628833828116857e-13
PINN Baseline,1,765,True,optimal,6.979949843781266e-05,0.6358776441775262,0.635947443675964,0.5428629172965884,111119.54396429055,0.8536285862848673,111119.54396429067,1.0476583836984259e-13
PINN Baseline,1,766,True,optimal,6.979949843781266e-05,0.6883169012144208,0.6883867007128586,0.6081916061230004,107131.09758046045,0.8835028414889303,107131.09758046072,2.444990110494092e-13
PINN Baseline,1,767,True,optimal,6.979949843781266e-05,0.6290724808350205,0.6291422803334583,0.5365999350324273,111177.35819880378,0.8529071273798644,111177.35819880398,1.8324487692254586e-13
PINN Baseline,1,768,True,optimal,6.979949843781266e-05,0.6598098571412265,0.6598796566396643,0.5683240783400834,106156.39599821404,0.8612541281150965,106156.3959982145,4.3865589343818105e-13
PINN Baseline,1,769,True,optimal,6.979949843781266e-05,0.6659102337434888,0.6659800332419266,0.5754972626455128,104503.61826885886,0.8641359108681497,104503.61826885851,-3.3419509416630083e-13
PINN Baseline,1,770,True,optimal,6.979949843781266e-05,0.7082826439291239,0.7083524434275617,0.5666977800428867,104123.55528937996,0.8000223409984454,104123.55528937961,-3.3541494478380114e-13
PINN Baseline,1,771,True,optimal,6.979949843781266e-05,0.685921436175704,0.6859912356741418,0.5905588921159506,111290.0503529829,0.8608840192186897,111290.05035298264,-2.3536198723948436e-13
PINN Baseline,1,772,True,optimal,6.979949843781266e-05,0.7044551819562912,0.704524981454729,0.6287460159510374,106283.28181484886,0.8924396330883535,106283.2818148475,-1.2733217239148552e-12
PINN Baseline,1,773,True,optimal,6.979949843781266e-05,0.666662507224828,0.6667323067232658,0.5255541657097638,110971.3471120323,0.7882536370446206,110971.3471120317,-5.376419588388958e-13
PINN Baseline,1,774,True,optimal,6.979949843781266e-05,0.6450211978517473,0.645090997350185,0.5741275050677359,112603.78560921618,0.8899946014222132,112603.78560921612,-5.16924547416844e-14
PINN Baseline,1,775,True,optimal,6.979949843781266e-05,0.6705269468948245,0.6705967463932623,0.5987591091543436,108956.5965623024,0.8928750584829255,108956.5965623024,0.0
PINN Baseline,1,776,True,optimal,6.979949843781266e-05,0.612304903101176,0.6123747025996138,0.517313992138952,104265.6198266855,0.8447670845037913,104265.61982668561,9.769606392585533e-14
PINN Baseline,1,777,True,optimal,6.979949843781266e-05,0.6796722449362278,0.6797420444346656,0.5798152759671211,104560.39915652556,0.8529931033607719,104560.39915652716,1.5308957196348405e-12
PINN Baseline,1,778,True,optimal,6.979949843781266e-05,0.6142984302714467,0.6143682297698845,0.5845345943234861,106277.34578236895,0.9514401396413796,106277.34578238952,1.934735579470362e-11
PINN Baseline,1,779,True,optimal,6.979949843781266e-05,0.756810228805989,0.7568800283044268,0.5628444240428507,109850.52313551729,0.743637568695983,109850.5231355174,1.0597611964334375e-13
PINN Baseline,1,780,True,optimal,6.979949843781266e-05,0.6801364882849157,0.6802062877833535,0.5819483082741499,109592.82906700134,0.8555467932685461,109592.82906700124,-9.294714578112782e-14
PINN Baseline,1,781,True,optimal,6.979949843781266e-05,0.6475936062633991,0.6476634057618369,0.5661623170599341,106669.78819790126,0.8741613498974298,106669.78819749046,-3.85114261345162e-10
PINN Baseline,1,782,True,optimal,6.979949843781266e-05,0.7037459267303348,0.7038157262287725,0.607850787229836,110618.61314201052,0.8636504763638323,110618.6131420107,1.5786039779419749e-13
PINN Baseline,1,783,True,optimal,6.979949843781266e-05,0.6711086910218,0.6711784905202378,0.5760449399240315,109386.8332134548,0.8582589401479966,109386.83321345481,1.3303168947190014e-14
PINN Baseline,1,784,True,optimal,6.979949843781266e-05,0.7049970510415733,0.7050668505400111,0.5904097808524966,109189.24755256689,0.8373812786692517,109189.24755218063,-3.537449836538059e-10
PINN Baseline,1,785,True,optimal,6.979949843781266e-05,0.6347132278606296,0.6347830273590673,0.5189731363207102,106525.0863048023,0.817559881019237,106525.08630480237,6.830276197443846e-14
PINN Baseline,1,786,True,optimal,6.979949843781266e-05,0.7829760881140828,0.7830458876125206,0.6534456629306078,114884.52951432715,0.8344921712352524,114884.52951432689,-2.2799803874196803e-13
PINN Baseline,1,787,True,optimal,6.979949843781266e-05,0.6241801488213241,0.6242499483197619,0.5411379858851433,104521.48005990464,0.866861082394442,104521.4800599046,-4.1767247899742745e-14
PINN Baseline,1,788,True,optimal,6.979949843781266e-05,0.6614560717716813,0.6615258712701191,0.5796919972635806,111889.95822390953,0.8762952779920476,111889.95822390958,3.901667886740872e-14
PINN Baseline,1,789,True,optimal,6.979949843781266e-05,0.6137818279676139,0.6138516274660517,0.5208877790719271,102517.90871350393,0.8485564846054499,102517.90871350374,-1.8452863537963533e-13
PINN Baseline,1,790,True,optimal,6.979949843781266e-05,0.6950966040603817,0.6951664035588194,0.6114820698276162,107354.483597117,0.8796197093202556,107354.48359711659,-3.795403906215744e-13
PINN Baseline,1,791,True,optimal,6.979949843781266e-05,0.7250038939528167,0.7250736934512545,0.637588556855917,112461.4390977286,0.8793431103824497,112461.43909772814,-4.011235990741324e-13
PINN Baseline,1,792,True,optimal,6.979949843781266e-05,0.6505129900760949,0.6505827895745326,0.5938738379627466,107558.8720215499,0.9128336123848704,107558.87202154963,-2.5705586544601814e-13
PINN Baseline,1,793,True,optimal,6.979949843781266e-05,0.6920960070565343,0.6921658065549721,0.5847277203574777,112113.48321508885,0.8447798415061383,112113.48321508881,-3.893888980449153e-14
PINN Baseline,1,794,True,optimal,6.979949843781266e-05,0.653961859177798,0.6540316586762358,0.5766180660575628,107004.52505147675,0.8816363220469196,107004.52505147668,-6.799672827558624e-14
PINN Baseline,1,795,True,optimal,6.979949843781266e-05,0.6562921931035817,0.6563619926020194,0.6010335492901504,111512.81371163702,0.9157043766465969,111512.81371163709,6.52477268935071e-14
PINN Baseline,1,796,True,optimal,6.979949843781266e-05,0.6910404018126428,0.6911102013110806,0.6008675810880959,112235.65754308527,0.8694236895189962,112235.65754308518,-7.779300561114795e-14
PINN Baseline,1,797,True,optimal,6.979949843781266e-05,0.6161065069027245,0.6161763064011623,0.5328238098882139,105295.87739342464,0.8647262225972681,105295.87739337869,-4.364363489700333e-11
PINN Baseline,1,798,True,optimal,6.979949843781266e-05,0.6912468168884516,0.6913166163868893,0.5804689242504537,113603.60116647108,0.8396571274161293,113603.60116647129,1.7933129857265807e-13
PINN Baseline,1,799,True,optimal,6.979949843781266e-05,0.6607417040504515,0.6608115035488893,0.553736574947834,105198.83571091003,0.8379644905907219,105198.8357109106,5.394781131094305e-13
PINN Baseline,1,800,True,optimal,6.979949843781266e-05,0.6336972839199007,0.6337670834183384,0.5214744638651609,110002.93438469655,0.8228172107842731,110002.93438469655,0.0
PINN Baseline,1,801,True,optimal,6.979949843781266e-05,0.6733890632167459,0.6734588627151836,0.6115340851247311,107253.31684859663,0.9080496508119434,107253.31684859697,3.1205939367348987e-13
PINN Baseline,1,802,True,optimal,6.979949843781266e-05,0.6380874081514776,0.6381572076499153,0.5716236052103341,104381.04799271942,0.8957410468110223,104381.04799344427,6.944224678513854e-10
PINN Baseline,1,803,True,optimal,6.979949843781266e-05,0.730496380943805,0.7305661804422428,0.6171230617910624,107618.95946415968,0.8447189020130819,107618.959464176,1.5171349888088323e-11
PINN Baseline,1,804,True,optimal,6.979949843781266e-05,0.6649156180210412,0.6649854175194789,0.5661587617360055,104667.86171178549,0.8513852286383731,104667.86171178563,1.3902944982708404e-13
PINN Baseline,1,805,True,optimal,6.979949843781266e-05,0.6701812488026917,0.6702510483011295,0.5942960428074002,107326.0969489964,0.8866767822500976,107326.09694898225,-1.3192516936425634e-11
PINN Baseline,1,806,True,optimal,6.979949843781266e-05,0.7273161541670561,0.7273859536654939,0.5925202700309455,110594.40154991105,0.8145885510231208,110594.40154991273,1.513160004312654e-12
PINN Baseline,1,807,True,optimal,6.979949843781266e-05,0.6789785018190742,0.6790483013175119,0.6038667811080813,109493.38836423785,0.8892839875108134,109493.38836423775,-9.303155936659098e-14
PINN Baseline,1,808,True,optimal,6.979949843781266e-05,0.6530318669974804,0.6531016664959182,0.5669561759568751,108042.88054576478,0.8680978858908156,108042.88054576496,1.6162377554015273e-13
PINN Baseline,1,809,True,optimal,6.979949843781266e-05,0.6703394050709903,0.6704092045694281,0.5589325996115804,110233.49128420075,0.8337185644259705,110233.49128420047,-2.508188628682195e-13
PINN Baseline,1,810,True,optimal,6.979949843781266e-05,0.7032944275997579,0.7033642270981957,0.5819275742396712,105256.93993419703,0.8273488355250531,105256.93993419691,-1.1060108901105582e-13
PINN Baseline,1,811,True,optimal,6.979949843781266e-05,0.6759846853092313,0.676054484807669,0.610527791082859,107197.39783715429,0.9030748331719866,107197.39783715385,-4.072463190890032e-13
PINN Baseline,1,812,True,optimal,6.979949843781266e-05,0.5913708503358066,0.5914406498342444,0.5306650819256902,105771.33280714517,0.8972414765106406,105771.33280714514,-2.7515801951554544e-14
PINN Baseline,1,813,True,optimal,6.979949843781266e-05,0.6765612890012562,0.676631088499694,0.5947479722090065,106171.1573636012,0.8789841056930323,106171.15736360126,5.48243631875702e-14
PINN Baseline,1,814,True,optimal,6.979949843781266e-05,0.6763043873943388,0.6763741868927766,0.585926310159266,107710.47760982312,0.8662753864853672,107710.47760982314,1.3510213259921267e-14
PINN Baseline,1,815,True,optimal,6.979949843781266e-05,0.653285295702517,0.6533550952009548,0.5523777408525348,107126.23056237402,0.845447972947449,107126.23056275127,3.521489073215666e-10
PINN Baseline,1,816,True,optimal,6.979949843781266e-05,0.6969670769758523,0.69703687647429,0.5975490403361619,111204.76153294147,0.8572703403565224,111204.7615329412,-2.4862819318853393e-13
PINN Baseline,1,817,True,optimal,6.979949843781266e-05,0.6675413632765412,0.667611162774979,0.5346765308640897,104511.06767319851,0.8008801540130996,104511.06767320176,3.1050080801710118e-12
PINN Baseline,1,819,True,optimal,6.979949843781266e-05,0.6751928073354065,0.6752626068338443,0.5884792818687856,110065.04259094136,0.8714821106828848,110065.04259094101,-3.173087087957465e-13
PINN Baseline,1,820,True,optimal,6.979949843781266e-05,0.6721799150109291,0.6722497145093669,0.5703822881914675,110557.30991424958,0.8484678771604298,110557.30991424927,-2.7640887792288514e-13
PINN Baseline,1,821,True,optimal,6.979949843781266e-05,0.7314229942858219,0.7314927937842597,0.5761613110080361,110004.96127580726,0.7876513834502166,110004.96127580729,2.6456834418371217e-14
PINN Baseline,1,822,True,optimal,6.979949843781266e-05,0.7062608990818262,0.706330698580264,0.6020781118422747,105979.24665861693,0.8524025828871112,105979.24665861629,-6.041600504206654e-13
PINN Baseline,1,823,True,optimal,6.979949843781266e-05,0.670345083810389,0.6704148833088268,0.5784645439125597,110613.65460085732,0.862845617414627,110613.65460085717,-1.3155622857663058e-13
PINN Baseline,1,824,True,optimal,6.979949843781266e-05,0.6758624496869743,0.6759322491854121,0.5549918403849006,105388.70222123551,0.8210761375178345,105388.70221914972,-1.9791345498914923e-09
PINN Baseline,1,825,True,optimal,6.979949843781266e-05,0.6753039467148483,0.675373746213286,0.6059892973862588,112669.78940431314,0.8972651080737816,112669.78940431282,-2.8414194853533234e-13
PINN Baseline,1,826,True,optimal,6.979949843781266e-05,0.6729307319037616,0.6730005314021994,0.5895338789559901,108436.34390335351,0.8759783260909079,108436.34390335342,-8.051866028240455e-14
PINN Baseline,1,827,True,optimal,6.979949843781266e-05,0.7039687382057309,0.7040385377041687,0.5765455039218068,112494.58598275535,0.8189118536066083,112494.58598275707,1.5264076772641416e-12
PINN Baseline,1,828,True,optimal,6.979949843781266e-05,0.6664846618659794,0.6665544613644172,0.5891194827854633,109303.50705999476,0.8838279794565522,109303.50705999476,0.0
PINN Baseline,1,829,True,optimal,6.979949843781266e-05,0.6477421359159052,0.647811935414343,0.5706756128929555,104652.69808208985,0.8809279077699445,104652.69808208988,2.780991889373419e-14
PINN Baseline,1,830,True,optimal,6.979949843781266e-05,0.7034041108563542,0.703473910354792,0.5608016029000282,109604.55204170055,0.7971889143937008,109604.55204170135,7.302208919714126e-13
PINN Baseline,1,831,True,optimal,6.979949843781266e-05,0.6841150862164795,0.6841848857149173,0.5829645381309092,107345.1558941479,0.8520570247934648,107345.15589367755,-4.3816323158082547e-10
PINN Baseline,1,832,True,optimal,6.979949843781266e-05,0.6548597598448396,0.6549295593432773,0.5792613620869815,107015.29820102229,0.8844636095946392,107015.29820102215,-1.3597976619223063e-13
PINN Baseline,1,833,True,optimal,6.979949843781266e-05,0.6695161028765142,0.669585902374952,0.5588683034293354,109711.88727448066,0.834647655285285,109711.88727448118,4.774951568471107e-13
PINN Baseline,1,834,True,optimal,6.979949843781266e-05,0.6461305189877748,0.6462003184862126,0.5551754860207438,109479.40715728719,0.859138366445403,109479.4071572872,1.3291920011459657e-14
PINN Baseline,1,835,True,optimal,6.979949843781266e-05,0.5999792627990246,0.6000490622974624,0.5350218960084021,108554.17683373,0.891630250966338,108554.17683373028,2.546989875502056e-13
PINN Baseline,1,836,True,optimal,6.979949843781266e-05,0.6337127108126879,0.6337825103111256,0.5696032671257854,108636.02012429904,0.8987361718867336,108636.0201242988,-2.2771688303675574e-13
PINN Baseline,1,837,True,optimal,6.979949843781266e-05,0.6605066661722958,0.6605764656707336,0.5658518583513796,107637.66502329803,0.8566031152454503,107637.66502329911,1.0004320761380935e-12
PINN Baseline,1,838,True,optimal,6.979949843781266e-05,0.6549174929969013,0.654987292495339,0.5488112890161574,110413.01131914658,0.8378960863886726,110413.01131914664,5.271811738312194e-14
PINN Baseline,1,839,True,optimal,6.979949843781266e-05,0.6577942636795342,0.657864063177972,0.5932233347557485,104336.51617819458,0.9017415115974556,104336.51617819429,-2.789419421195525e-13
PINN Baseline,1,840,True,optimal,6.979949843781266e-05,0.7624004762619734,0.7624702757604112,0.6216583829373121,109026.3239760582,0.8153214658988936,109026.32397605809,-9.343010282630168e-14
PINN Baseline,1,841,True,optimal,6.979949843781266e-05,0.6516146771609783,0.6516844766594161,0.5633327919058502,106413.90247657194,0.8644256723645416,106413.90247657154,-3.6922028233332213e-13
PINN Baseline,1,842,True,optimal,6.979949843781266e-05,0.5522636487148702,0.552333448213308,0.5250938590615988,112400.8395650239,0.950682709439698,112400.8395646073,-3.706308874291705e-10
PINN Baseline,1,843,True,optimal,6.979949843781266e-05,0.6895153522491455,0.6895851517475833,0.5754157369956374,111032.82843397067,0.8344375390586476,111032.82843397062,-5.2423829721749823e-14
PINN Baseline,1,844,True,optimal,6.979949843781266e-05,0.7033381587825716,0.7034079582810093,0.5691724391654134,106077.45751112647,0.8091640597248272,106077.45751112625,-2.057729639707923e-13
PINN Baseline,1,845,True,optimal,6.979949843781266e-05,0.6210559750907123,0.6211257745891501,0.5823669130913913,108079.30844189438,0.9375990128192696,108079.30844189425,-1.2117697544827678e-13
PINN Baseline,1,846,True,optimal,6.979949843781266e-05,0.6640143804252148,0.6640841799236525,0.5079031637869775,103163.60814655249,0.7648174420377992,103163.60814655002,-2.3979634226326107e-12
PINN Baseline,1,847,True,optimal,6.979949843781266e-05,0.7277478189207613,0.7278176184191991,0.5895839808508754,107122.24750304018,0.8100710479246661,107122.24750304008,-9.509080417275321e-14
PINN Baseline,1,848,True,optimal,6.979949843781266e-05,0.6852137669920921,0.6852835664905299,0.5639788499101996,103845.97459677923,0.8229861001898013,103845.97459677911,-1.1210383674375514e-13
PINN Baseline,1,849,True,optimal,6.979949843781266e-05,0.6510508889332414,0.6511206884316791,0.5584070421755314,110206.73321261797,0.8576091223894877,110206.73321261798,1.3204197968823152e-14
PINN Baseline,1,850,True,optimal,6.979949843781266e-05,0.6399520928971469,0.6400218923955847,0.5590258399024606,107958.62097195657,0.8734479969271706,107958.62097195651,-5.3916639902789685e-14
PINN Baseline,1,851,True,optimal,6.979949843781266e-05,0.66790726268664,0.6679770621850778,0.5533903571777046,110957.02117017511,0.8284571260088801,110957.02117017485,-2.360684086037905e-13
PINN Baseline,1,852,True,optimal,6.979949843781266e-05,0.8340065679512918,0.8340763674497296,0.7296456373296678,115824.85659848715,0.8747947619720134,115824.85659848968,2.186087964272864e-12
PINN Baseline,1,853,True,optimal,6.979949843781266e-05,0.6353903920389712,0.635460191537409,0.5427643586881459,104651.50478373458,0.8541280255101453,104651.50478373514,5.422996019781213e-13
PINN Baseline,1,854,True,optimal,6.979949843781266e-05,0.6813611588440835,0.6814309583425213,0.5844315639697015,108712.33243459812,0.8576533789883038,108712.33243459808,-4.0157123582427104e-14
PINN Baseline,1,855,True,optimal,6.979949843781266e-05,0.681242199614644,0.6813119991130818,0.5926860277540982,114206.90488435094,0.8699186694578179,114206.90488435078,-1.401588351195821e-13
PINN Baseline,1,856,True,optimal,6.979949843781266e-05,0.6558390790596604,0.6559088785580982,0.5836611450649798,106487.81430667569,0.8898509597065639,106487.8143066756,-8.19920025015741e-14
PINN Baseline,1,857,True,optimal,6.979949843781266e-05,0.7485034861601889,0.7485732856586267,0.6275587426498532,106283.99867785523,0.838339751995959,106283.99867785488,-3.2859693822713834e-13
PINN Baseline,1,858,True,optimal,6.979949843781266e-05,0.6906829020008445,0.6907527014992823,0.5858991541899741,113707.1103288217,0.8482039272785716,113707.11032882133,-3.199429478571124e-13
PINN Baseline,1,859,True,optimal,6.979949843781266e-05,0.641389197204262,0.6414589967026998,0.5932054342702031,107116.29660065754,0.9247752971264959,107116.2966006576,5.4340621138604685e-14
PINN Baseline,1,860,True,optimal,6.979949843781266e-05,0.6738884961232543,0.6739582956216921,0.6003527981229126,109440.44449721914,0.8907862727160556,109440.44449722167,2.3136174760329767e-12
PINN Baseline,1,861,True,optimal,6.979949843781266e-05,0.7088572597131133,0.7089270592115511,0.6154710599221289,109144.90545212929,0.8681726165264995,109144.90545212914,-1.3332656405799252e-13
PINN Baseline,1,862,True,optimal,6.979949843781266e-05,0.6320920800790191,0.6321618795774568,0.5313007109798491,104998.57673153216,0.8404504101623079,104998.57673153208,-6.929577372069636e-14
PINN Baseline,1,863,True,optimal,6.979949843781266e-05,0.6391462199389935,0.6392160194374312,0.5539425718598068,104164.707062502,0.866596823320115,104164.70706249421,-7.474004263752082e-12
PINN Baseline,1,864,True,optimal,6.979949843781266e-05,0.6535452483221889,0.6536150478206266,0.5699696186929941,107718.98643961367,0.8720264635789298,107718.9864396136,-6.754573037374673e-14
PINN Baseline,1,865,True,optimal,6.979949843781266e-05,0.6842113398015499,0.6842811392999877,0.5970187368802726,102283.73172719931,0.8724758035725148,102283.73172719934,2.845401704188547e-14
PINN Baseline,1,866,True,optimal,6.979949843781266e-05,0.8321267641149461,0.8321965636133839,0.7047714940272272,115377.89953382431,0.8468810433043857,115377.89953382403,-2.396354851805177e-13
PINN Baseline,1,867,True,optimal,6.979949843781266e-05,0.6451846389099956,0.6452544384084333,0.6013725590892136,110551.40410236378,0.9319929058877029,110551.40410236354,-2.2377152139395306e-13
PINN Baseline,1,868,True,optimal,6.979949843781266e-05,0.6432038773782551,0.6432736768766929,0.6254545440897346,108489.76292612901,0.9722992974413688,108489.76292612893,-8.047901388599379e-14
PINN Baseline,1,869,True,optimal,6.979949843781266e-05,0.6463705082423985,0.6464403077408363,0.5781777058728039,111267.74371455885,0.8944023120919009,111267.74371455944,5.362097805214818e-13
PINN Baseline,1,870,True,optimal,6.979949843781266e-05,0.6596813569776714,0.6597511564761092,0.5688156709074974,106367.48193496828,0.8621669933034749,106367.48193496838,9.576555235259395e-14
PINN Baseline,1,871,True,optimal,6.979949843781266e-05,0.6558050657622516,0.6558748652606894,0.5765473349019885,110299.40458274764,0.8790508150862425,110299.4045827465,-1.0290621169773314e-12
PINN Baseline,1,872,True,optimal,6.979949843781266e-05,1.068035808391869,1.0681056078903068,0.5430634231306612,104012.85427398415,0.5084360751586215,104012.854273988,3.707481697751803e-12
PINN Baseline,1,873,True,optimal,6.979949843781266e-05,0.7340945228934288,0.7341643223918666,0.5999330529011786,106181.06712682964,0.8171645428732223,106181.06712682964,0.0
PINN Baseline,1,874,True,optimal,6.979949843781266e-05,0.7609450039453804,0.7610148034438182,0.6447304361499846,107323.60305163976,0.8471982847539729,107323.60305164555,5.3964478420495205e-12
PINN Baseline,1,875,True,optimal,6.979949843781266e-05,0.6820637062191963,0.6821335057176341,0.5802326048724353,110330.32894636202,0.850614432525207,110330.32894637957,1.5906423857344167e-11
PINN Baseline,1,876,True,optimal,6.979949843781266e-05,0.6836400111205876,0.6837098106190254,0.6266092816367745,110980.5386457908,0.9164842626280988,110980.53864579064,-1.442334570234188e-13
PINN Baseline,1,877,True,optimal,6.979949843781266e-05,0.706295263953507,0.7063650634519447,0.6307688471861184,113808.14849187278,0.8929785458295542,113808.1484918716,-1.035694850603679e-12
PINN Baseline,1,878,True,optimal,6.979949843781266e-05,0.6860186215490103,0.686088421047448,0.5695575531572104,106876.08772405755,0.8301518225415748,106876.0877240572,-3.267765249627396e-13
PINN Baseline,1,879,True,optimal,6.979949843781266e-05,0.6764250048436224,0.6764948043420602,0.5706637380644679,114160.62998486547,0.8435596761448587,114160.62998486543,-3.8240631372556453e-14
PINN Baseline,1,880,True,optimal,6.979949843781266e-05,0.6983021493069828,0.6983719488054205,0.6096774078905582,110144.19326019773,0.8729981336355561,110144.19326019786,1.1890525789762959e-13
PINN Baseline,1,881,True,optimal,6.979949843781266e-05,0.7373855551704764,0.7374553546689142,0.6211914885789156,108975.30586806628,0.8423445360401565,108975.30586806586,-3.8724877921751413e-13
PINN Baseline,1,882,True,optimal,6.979949843781266e-05,0.6881136358715594,0.6881834353699972,0.6107999049127102,108428.75862509485,0.887553918795383,108428.75862504405,-4.685171785271302e-11
PINN Baseline,1,883,True,optimal,6.979949843781266e-05,0.665451789740473,0.6655215892389108,0.5862732790410519,105780.25513758956,0.8809230061364544,105780.25513758953,-2.7513481054548437e-14
PINN Baseline,1,884,True,optimal,6.979949843781266e-05,0.6638712543062866,0.6639410538047243,0.6028985748998821,113264.36044836868,0.9080603939837167,113264.36044836858,-8.993420895622518e-14
PINN Baseline,1,885,True,optimal,6.979949843781266e-05,0.6964041427709162,0.696473942269354,0.5809728656895459,107612.50379603053,0.8341631042168419,107612.5037982055,2.0211018953565072e-09
PINN Baseline,1,886,True,optimal,6.979949843781266e-05,0.6061948239803314,0.6062646234787692,0.6141791930422187,106427.2119914934,1.0130546452109235,106427.21199149342,1.3673115132932326e-14
PINN Baseline,1,887,True,optimal,6.979949843781266e-05,0.6402261359617114,0.6402959354601492,0.5645964234136045,108321.31025722394,0.8817741799467411,108321.31025722394,0.0
PINN Baseline,1,888,True,optimal,6.979949843781266e-05,0.6278147120028734,0.6278845115013112,0.5567831587977707,105162.6110539237,0.886760460879131,105162.61105392392,2.07563055194186e-13
PINN Baseline,1,889,True,optimal,6.979949843781266e-05,0.6614606874063611,0.6615304869047989,0.5833856179378927,107558.92132357726,0.8818726112948563,107558.92132357723,-2.705849974934069e-14
PINN Baseline,1,890,True,optimal,6.979949843781266e-05,0.6006964491680264,0.6007662486664642,0.5630172938108444,106667.37355882936,0.937165320223278,106667.37355882947,9.549631082121665e-14
PINN Baseline,1,891,True,optimal,6.979949843781266e-05,0.6437565837986767,0.6438263832971145,0.5481896516866982,111562.86606021154,0.8514557121430023,111562.86606021144,-9.130583517242315e-14
PINN Baseline,1,892,True,optimal,6.979949843781266e-05,0.6943905972875655,0.6944603967860032,0.584900185931474,109752.84922016067,0.8422369204038426,109752.84922016208,1.2861039938198683e-12
PINN Baseline,1,893,True,optimal,6.979949843781266e-05,0.7250002780929208,0.7250700775913586,0.6199668319895864,108019.54196491616,0.8550440173301328,108019.54196491643,2.424880436872038e-13
PINN Baseline,1,894,True,optimal,6.979949843781266e-05,0.6074456269852817,0.6075154264837195,0.5261436123400927,103672.97648188294,0.8660580281646437,103672.97648188284,-9.825454043597253e-14
PINN Baseline,1,895,True,optimal,6.979949843781266e-05,0.6588218109682202,0.658891610466658,0.5461173849180341,108362.54498270659,0.8288425231750152,108362.54498270662,2.6857832160898712e-14
PINN Baseline,1,896,True,optimal,6.979949843781266e-05,0.6459417450241745,0.6460115445226122,0.578972342889756,108854.59887641603,0.8962260006012792,108854.59887641632,2.673642708451449e-13
PINN Baseline,1,897,True,optimal,6.979949843781266e-05,0.653882022947073,0.6539518224455108,0.5850672493688762,107548.77739810903,0.894664146941231,107548.77739810894,-8.118315566433976e-14
PINN Baseline,1,898,True,optimal,6.979949843781266e-05,0.623722393065691,0.6237921925641288,0.5415285411290824,101855.18323520472,0.8681233070633707,101855.18323520522,4.857535002631705e-13
PINN Baseline,1,899,True,optimal,6.979949843781266e-05,0.6542468797415495,0.6543166792399873,0.5765647296793759,110277.86270655874,0.881170766346774,110277.86270657861,1.8025300558139025e-11
PINN Baseline,1,900,True,optimal,6.979949843781266e-05,0.6210082941688597,0.6210780936672975,0.5270003513433039,103907.64688508006,0.848525099688366,103907.64688508086,7.70256435934263e-13
PINN Baseline,1,901,True,optimal,6.979949843781266e-05,0.705554367043078,0.7056241665415157,0.57296401867643,110205.69021683207,0.8119960254262627,110205.69021683194,-1.1883890641002365e-13
PINN Baseline,1,902,True,optimal,6.979949843781266e-05,0.6539456150494516,0.6540154145478894,0.5613577170297503,109008.88999276803,0.8583249026596845,109008.88999276819,1.4684221399067082e-13
PINN Baseline,1,903,True,optimal,6.979949843781266e-05,0.6628965921700001,0.6629663916684378,0.5973099460825324,108273.26928714944,0.9009656501279457,108273.26928714993,4.569596180312206e-13
PINN Baseline,1,904,True,optimal,6.979949843781266e-05,0.6655980660580099,0.6656678655564476,0.5874093258753419,107699.92657650211,0.8824360559816304,107699.92657650234,2.1618458902892923e-13
PINN Baseline,1,905,True,optimal,6.979949843781266e-05,0.6173836109228432,0.617453410421281,0.5504257655702531,102840.17602174496,0.8914450163854537,102840.17602173255,-1.2069975149762787e-11
PINN Baseline,1,906,True,optimal,6.979949843781266e-05,0.659175094217062,0.6592448937154998,0.710780621971935,109003.64921945776,1.0781738755168513,109003.64921945738,-3.470982839994687e-13
PINN Baseline,1,907,True,optimal,6.979949843781266e-05,0.67431027488783,0.6743800743862678,0.5765402638353407,111295.13059741918,0.8549188888180482,111295.13059741915,-2.6150138196080783e-14
PINN Baseline,1,908,True,optimal,6.979949843781266e-05,0.6356720412150025,0.6357418407134403,0.5805169502273202,109854.92610526811,0.9131331509907452,109854.92610526845,3.0466913238985585e-13
PINN Baseline,1,909,True,optimal,6.979949843781266e-05,0.6995779927819967,0.6996477922804345,0.6349880187772214,110551.70264190598,0.9075823947182614,110551.7026419107,4.2648104202093485e-12
PINN Baseline,1,910,True,optimal,6.979949843781266e-05,0.709402846172452,0.7094726456708897,0.6077314703725278,105967.85313287689,0.856596056353725,105967.85313287699,9.612670596509847e-14
PINN Baseline,1,911,True,optimal,6.979949843781266e-05,0.7323718378320336,0.7324416373304714,0.6510534272529185,109646.90699058856,0.8888809620733901,109646.90699058853,-2.6543229768653487e-14
PINN Baseline,1,912,True,optimal,6.979949843781266e-05,0.7590522151440382,0.759122014642476,0.627097122836858,110801.28252098123,0.8260821195288378,110801.28252098175,4.728004372350179e-13
PINN Baseline,1,913,True,optimal,6.979949843781266e-05,0.7199525381438434,0.7200223376422812,0.5665498119778931,111336.61715523856,0.7868503272177151,111336.61715523961,9.410541861367445e-13
PINN Baseline,1,914,True,optimal,6.979949843781266e-05,0.6479069967754185,0.6479767962738563,0.5625964049249887,111053.57458929655,0.8682354185522672,111053.57458937874,7.400861927567116e-11
PINN Baseline,1,915,True,optimal,6.979949843781266e-05,0.6425869129598141,0.6426567124582518,0.5810931492596865,109377.48047697371,0.904204590094335,109377.48047697371,0.0
PINN Baseline,1,916,True,optimal,6.979949843781266e-05,0.644882254768163,0.6449520542666007,0.5870361472479999,103696.70895101142,0.9102012209505105,103696.70895101027,-1.1086188893266401e-12
PINN Baseline,1,917,True,optimal,6.979949843781266e-05,0.7283267928287387,0.7283965923271765,0.6444961442612112,102923.60985879296,0.8848148811378851,102923.6098587929,-5.6554235702892634e-14
PINN Baseline,1,918,True,optimal,6.979949843781266e-05,0.6371862748637795,0.6372560743622173,0.5678946892730892,109580.87001187677,0.8911561805690956,109580.87001187688,9.29572895228224e-14
PINN Baseline,1,920,True,optimal,6.979949843781266e-05,0.6478308928199112,0.647900692318349,0.6032201019115746,106749.59012511517,0.9310379029741483,106749.59012511635,1.1041776667397236e-12
PINN Baseline,1,921,True,optimal,6.979949843781266e-05,0.7243096749298275,0.7243794744282652,0.6119382227770984,109231.05857597737,0.8447757624000681,109231.05857597735,-1.3322140623808969e-14
PINN Baseline,1,922,True,optimal,6.979949843781266e-05,0.6595290619879961,0.6595988614864339,0.6174841742031276,108253.41994394953,0.9361510612853409,108253.41994394934,-1.747518905792707e-13
PINN Baseline,1,923,True,optimal,6.979949843781266e-05,0.6333153150044382,0.6333851145028759,0.6614264706149697,107823.75666372557,1.044272205756055,107823.75666372525,-2.969124290693296e-13
PINN Baseline,1,924,True,optimal,6.979949843781266e-05,0.5888313190080225,0.5889011185064603,0.63803301891312,110870.26922581816,1.0834297963829063,110870.26922581813,-2.6250347058737317e-14
PINN Baseline,1,925,True,optimal,6.979949843781266e-05,0.6106972731649876,0.6107670726634253,0.5988856349140406,105302.24928915275,0.9805466956534308,105302.2492891528,4.145756237858213e-14
PINN Baseline,1,926,True,optimal,6.979949843781266e-05,0.6966289412230253,0.6966987407214631,0.6361391041427851,106584.51163966459,0.9130762939000495,106584.5116396645,-8.191761638443237e-14
PINN Baseline,1,927,True,optimal,6.979949843781266e-05,0.672606073319912,0.6726758728183497,0.6062421007081866,109992.69018086664,0.9012395496930466,109992.69018086698,3.0428753920108956e-13
PINN Baseline,1,928,True,optimal,6.979949843781266e-05,0.6586641822941601,0.6587339817925979,0.5684238439425826,109240.0879845705,0.8629034779650256,109240.08798457039,-1.0656831569320757e-13
PINN Baseline,1,929,True,optimal,6.979949843781266e-05,0.664015952963382,0.6640857524618198,0.5820848410949111,106467.0023397443,0.8765205983369999,106467.00233974442,1.0934404018950837e-13
PINN Baseline,1,930,True,optimal,6.979949843781266e-05,0.7960359868593514,0.7961057863577892,0.7125151180662215,116181.45407959406,0.8950005517809413,116181.45407959336,-6.012077714943068e-13
PINN Baseline,1,931,True,optimal,6.979949843781266e-05,0.6584506388753653,0.658520438373803,0.5464446251280606,110538.71642499293,0.8298066290508608,110538.71642499304,9.215179069650978e-14
PINN Baseline,1,932,True,optimal,6.979949843781266e-05,0.7087602321989834,0.7088300316974212,0.5787475011311471,106966.88926856345,0.8164827606771006,106966.88926856348,2.7208261038294065e-14
PINN Baseline,1,933,True,optimal,6.979949843781266e-05,0.7064714548178017,0.7065412543162395,0.5797920343466103,113535.71893813067,0.8206060591716026,113535.71893813089,1.922555566362776e-13
PINN Baseline,1,934,True,optimal,6.979949843781266e-05,0.7120225518010557,0.7120923512994934,0.6707655601203442,106466.53473832028,0.9419642815939081,106466.5347383203,2.7336130107236808e-14
PINN Baseline,1,935,True,optimal,6.979949843781266e-05,0.6927090506069362,0.692778850105374,0.5969270947389305,108056.84750851509,0.8616416258206149,108056.84750851708,1.8449662675279865e-12
PINN Baseline,1,936,True,optimal,6.979949843781266e-05,0.62623171787709,0.6263015173755277,0.5651500369422138,112535.25144911376,0.9023609575631161,112535.25144911397,1.9396475825550907e-13
PINN Baseline,1,937,True,optimal,6.979949843781266e-05,0.6279851971194148,0.6280549966178526,0.5621217237785459,107974.51195130541,0.8950199055904898,107974.51195130557,1.4824893821629367e-13
PINN Baseline,1,938,True,optimal,6.979949843781266e-05,0.6904914546757936,0.6905612541742314,0.5876037999987602,107389.16366695779,0.850907571843736,107389.16366695757,-2.0325954777191753e-13
PINN Baseline,1,939,True,optimal,6.979949843781266e-05,0.6909675509668887,0.6910373504653264,0.5866598761640489,109651.26709223297,0.8489553795739225,109651.26709223316,1.7252413308607271e-13
PINN Baseline,1,940,True,optimal,6.979949843781266e-05,0.681335671339184,0.6814054708376218,0.5780660598538816,108533.24140263893,0.8483437315865551,108533.24140263864,-2.6815591316179064e-13
PINN Baseline,1,941,True,optimal,6.979949843781266e-05,0.6516289520077407,0.6516987515061785,0.6000922541134059,107506.85076599503,0.9208123427066542,107506.85076599475,-2.5718025164813426e-13
PINN Baseline,1,942,True,optimal,6.979949843781266e-05,0.646745499689132,0.6468152991875697,0.5549430111423135,107285.63900118161,0.8579620980507849,107285.6390011817,8.138227276554645e-14
PINN Baseline,1,943,True,optimal,6.979949843781266e-05,0.6752386726438999,0.6753084721423377,0.5865045068785548,108964.34104314739,0.8684986655327119,108964.341043147,-3.605782473463726e-13
PINN Baseline,1,944,True,optimal,6.979949843781266e-05,0.6226408965885639,0.6227106960870017,0.6066396827809513,115465.66584635341,0.9741918463790045,115465.6658463534,-1.2602807182293164e-14
PINN Baseline,1,945,True,optimal,6.979949843781266e-05,0.6758505348116159,0.6759203343100537,0.6247793547809124,103580.51125173665,0.924338746841603,103580.51125173751,8.288846889228397e-13
PINN Baseline,1,946,True,optimal,6.979949843781266e-05,0.6952931699343026,0.6953629694327403,0.5724452422000468,110882.88893081105,0.8232322792038138,110882.8889308111,3.937103921628608e-14
PINN Baseline,1,947,True,optimal,6.979949843781266e-05,0.6301172720268369,0.6301870715252746,0.5498085753060877,107031.93515638524,0.8724529590481083,107031.93515638486,-3.5349243698595954e-13
PINN Baseline,1,948,True,optimal,6.979949843781266e-05,0.6495197140611708,0.6495895135596086,0.5265321363694966,104993.50611583704,0.8105613243111262,104993.50611583695,-8.315894439592507e-14
PINN Baseline,1,949,True,optimal,6.979949843781266e-05,0.6745756268501282,0.674645426348566,0.5564554962329566,106484.22236787739,0.8248117818639971,106484.22236787737,-1.3665794710969934e-14
PINN Baseline,1,950,True,optimal,6.979949843781266e-05,0.6604867489077151,0.6605565484061529,0.574445788282901,106117.42604425538,0.8696390788479393,106117.42604425541,2.7426061431791794e-14
PINN Baseline,1,951,True,optimal,6.979949843781266e-05,0.6320652081631124,0.6321350076615502,0.565985084977001,111225.31978747765,0.8953547551032541,111225.3197874776,-5.2333102772540414e-14
PINN Baseline,1,952,True,optimal,6.979949843781266e-05,0.6908334130421281,0.6909032125405659,0.5774945137090981,112075.36658638151,0.8358544340611109,112075.36658638154,2.5968088566814615e-14
PINN Baseline,1,953,True,optimal,6.979949843781266e-05,0.6418597190640867,0.6419295185625244,0.5470784711651504,108214.82297023613,0.852240713887446,108214.822970236,-1.210252287630905e-13
PINN Baseline,1,954,True,optimal,6.979949843781266e-05,0.6403353796340525,0.6404051791324903,0.5857739192433655,109635.5931224736,0.9146926638489562,109635.59312247342,-1.5927581341702726e-13
PINN Baseline,1,955,True,optimal,6.979949843781266e-05,0.6628835378214717,0.6629533373199095,0.5792266251519322,114881.78205939992,0.8737064775833918,114881.78205939988,-3.800058190473424e-14
PINN Baseline,1,956,True,optimal,6.979949843781266e-05,0.5602938546799123,0.5603636541783501,0.5345043609850109,108108.98907634025,0.9538526580007117,108108.98907634031,5.384164759173223e-14
PINN Baseline,1,957,True,optimal,6.979949843781266e-05,0.605026715900749,0.6050965153991867,0.568698407150805,104591.86079115709,0.939847433719942,104591.86079115706,-2.7826094914638273e-14
PINN Baseline,1,958,True,optimal,6.979949843781266e-05,0.6374165322631598,0.6374863317615975,0.5670912247151136,110133.30914815841,0.8895739350960552,110133.30914815838,-2.6426001980546464e-14
PINN Baseline,1,959,True,optimal,6.979949843781266e-05,0.6310729812830687,0.6311427807815064,0.552315307315439,110113.85775537827,0.8751035805741767,110113.85775537798,-2.6430670080952813e-13
PINN Baseline,1,960,True,optimal,6.979949843781266e-05,0.6466322606429458,0.6467020601413835,0.573214188683778,104247.0497627455,0.8863651811445608,104247.04976273596,-9.157147767283965e-12
PINN Baseline,1,961,True,optimal,6.979949843781266e-05,0.6996143790893257,0.6996841785877634,0.61869677901268,112870.0818064624,0.8842514922396164,112870.08180646373,1.1732287817882708e-12
PINN Baseline,1,962,True,optimal,6.979949843781266e-05,0.7256267722696066,0.7256965717680444,0.6723796660080552,114096.67044986247,0.9265300294445501,114096.67044986263,1.4029424949992333e-13
PINN Baseline,1,963,True,optimal,6.979949843781266e-05,0.6686922390945256,0.6687620385929633,0.558706286828965,112698.15242431976,0.8354336140317573,112698.15242432005,2.58245852577555e-13
PINN Baseline,1,964,True,optimal,6.979949843781266e-05,0.6688667619600892,0.668936561458527,0.5219449810683727,110473.65719954431,0.7802608066904599,110473.65719954425,-5.2689177120595505e-14
PINN Baseline,1,965,True,optimal,6.979949843781266e-05,0.6536622839048505,0.6537320834032883,0.5199418500997126,102890.66331654045,0.7953439387477022,102890.66331654054,8.485851733853593e-14
PINN Baseline,1,966,True,optimal,6.979949843781266e-05,0.6331751011312008,0.6332449006296386,0.5604728497564793,111040.4338302732,0.8850807155323293,111040.43383027297,-2.0968095640706374e-13
PINN Baseline,1,967,True,optimal,6.979949843781266e-05,0.7045808401890099,0.7046506396874477,0.5561720160767436,109989.76291855611,0.7892876054486195,109989.76291631054,-2.0416120436708013e-09
PINN Baseline,1,968,True,optimal,6.979949843781266e-05,0.686093547847122,0.6861633473455597,0.5850278404541314,108612.29875933575,0.8526072439125849,108612.29875933594,1.7417447207147762e-13
PINN Baseline,1,969,True,optimal,6.979949843781266e-05,0.6699172058142722,0.6699870053127099,0.5439766859635711,108653.59505230557,0.8119212486959732,108653.59505230584,2.544659375567558e-13
PINN Baseline,1,970,True,optimal,6.979949843781266e-05,0.6521506179124117,0.6522204174108495,0.559347374830395,107860.28734367658,0.8576048217730794,107860.28734367643,-1.34914486014671e-13
PINN Baseline,1,971,True,optimal,6.979949843781266e-05,0.6897611417807639,0.6898309412792016,0.5681643523275852,107230.53111574483,0.8236283969431676,107230.53111574499,1.4927751065529497e-13
PINN Baseline,1,972,True,optimal,6.979949843781266e-05,0.65558359073475,0.6556533902331878,0.5021353820338845,104417.06023341011,0.7658549311478379,104417.06023340682,-3.1496125578132486e-12
PINN Baseline,1,973,True,optimal,6.979949843781266e-05,0.660515527240932,0.6605853267393698,0.5508446879684925,107351.73580057043,0.8338736355036012,107351.73580057107,5.964358799354777e-13
PINN Baseline,1,974,True,optimal,6.979949843781266e-05,0.6654935572296381,0.6655633567280759,0.5511954030953348,106027.66570173024,0.8281636864821157,106027.66570173032,8.23478389270776e-14
PINN Baseline,1,975,True,optimal,6.979949843781266e-05,0.6310070459730923,0.6310768454715301,0.539877044968307,109561.92089665133,0.8554854275550545,109561.92089665167,3.1876582906048597e-13
PINN Baseline,1,976,True,optimal,6.979949843781266e-05,0.6650853059254587,0.6651551054238964,0.5824887091293931,108069.07454506455,0.875718617176033,108069.07454506453,-1.3465383403740297e-14
PINN Baseline,1,977,True,optimal,6.979949843781266e-05,0.6424998277798295,0.6425696272782673,0.5124649158678949,106975.65490921342,0.797524336838862,106975.65490921364,2.0404523684454045e-13
PINN Baseline,1,978,True,optimal,6.979949843781266e-05,0.6753575159236789,0.6754273154221166,0.5492662116885185,107065.04820590341,0.8132129085499715,107065.0482059035,8.154994821679526e-14
PINN Baseline,1,979,True,optimal,6.979949843781266e-05,0.6172870020382106,0.6173568015366484,0.8435211819596589,109199.81124690377,1.3663430610306229,109199.81124690379,1.3325952730325304e-14
PINN Baseline,1,980,True,optimal,6.979949843781266e-05,0.6369029311463237,0.6369727306447615,0.9020356698893011,103995.09344483403,1.4161291786796517,103995.09344483403,0.0
PINN Baseline,1,982,True,optimal,6.979949843781266e-05,0.6487571629695594,0.6488269624679972,0.5682570291683078,107191.52064519428,0.8758221560441649,107191.52064519392,-3.393905399601041e-13
PINN Baseline,1,983,True,optimal,6.979949843781266e-05,0.6813821247778833,0.6814519242763211,0.6173696829937398,107145.66047159099,0.905962197772595,107145.66047159123,2.1730291514288927e-13
PINN Baseline,1,984,True,optimal,6.979949843781266e-05,0.6466469019651413,0.6467167014635791,0.5684437141753733,109289.80559911662,0.878968662613681,109289.80559911657,-3.9944938547363855e-14
PINN Baseline,1,985,True,optimal,6.979949843781266e-05,0.683031371794641,0.6831011712930788,0.5673567070625722,107454.74033002442,0.8305602901962419,107454.7403300242,-2.0313550407837386e-13
PINN Baseline,1,986,True,optimal,6.979949843781266e-05,0.6818203120492399,0.6818901115476776,0.5647938582114875,107640.29348480483,0.8282769446965316,107640.29348480505,2.0278533378052926e-13
PINN Baseline,1,987,True,optimal,6.979949843781266e-05,0.6145349182188511,0.6146047177172889,0.5635106968693435,108727.93084609664,0.9168668586897375,108727.9308460959,-6.825731630055689e-13
PINN Baseline,1,988,True,optimal,6.979949843781266e-05,0.6743964022025466,0.6744662017009844,0.5960475173778832,108145.43985906131,0.8837322253875265,108145.43985906137,5.382350008407709e-14
PINN Baseline,1,989,True,optimal,6.979949843781266e-05,0.6341238101013005,0.6341936095997383,0.5609096419066191,109997.43947985902,0.8844454334073608,109997.43947985912,9.260525252246401e-14
PINN Baseline,1,990,True,optimal,6.979949843781266e-05,0.5805881270207465,0.5806579265191842,0.5443141129799187,113230.03161334542,0.9374092527124663,113230.03161330926,-3.193632363009037e-11
PINN Baseline,1,991,True,optimal,6.979949843781266e-05,0.6171588730067015,0.6172286725051392,0.5509683242999017,111185.5574455885,0.8926486225335136,111185.55744558896,4.0572659115383244e-13
PINN Baseline,1,993,True,optimal,6.979949843781266e-05,0.6784621151164174,0.6785319146148552,0.7229772480204701,106953.43985593675,1.065502200336211,106953.43985593673,-2.7211682481588004e-14
PINN Baseline,1,994,True,optimal,6.979949843781266e-05,0.5026895301416516,0.5027593296400894,0.5722102909348905,107230.99573455652,1.1381395773292144,107230.99573455626,-2.4427123176120214e-13
PINN Baseline,1,995,True,optimal,6.979949843781266e-05,0.6500596031546593,0.650129402653097,0.6695471392013133,109036.36519324685,1.0298674947925364,109036.36519324675,-9.342149879816139e-14
PINN Baseline,1,996,True,optimal,6.979949843781266e-05,0.6038340320810676,0.6039038315795053,0.6519707893021405,106715.62784365314,1.079593728685106,106715.62784365298,-1.4999777515862266e-13
PINN Baseline,1,997,True,optimal,6.979949843781266e-05,0.574323024135083,0.5743928236335207,0.5959508498199284,107982.41472931315,1.0375318515472303,107982.4147293132,4.0428569591201844e-14
PINN Baseline,1,998,True,optimal,6.979949843781266e-05,0.7115790350362659,0.7116488345347036,0.6287396550178528,111298.6947456006,0.8834970627457582,111298.69474560031,-2.6149300783137995e-13
PINN Baseline,1,999,True,optimal,6.979949843781266e-05,0.6803882620297372,0.680458061528175,0.7069004811346531,113963.11131181337,1.0388597344957506,113963.11131181338,1.2768969766498825e-14
PINN Baseline,2,0,True,optimal,3.5303891998246747e-07,0.6762577057816088,0.6762580588205288,1.7847302909940481,108877.06720057585,2.6391260964887002,108877.06720057577,-8.019272893285586e-14
PINN Baseline,2,1,True,optimal,3.5303891998246747e-07,0.685653543099761,0.685653896138681,1.865777017083019,106536.90445984298,2.721164464448176,106536.90445984283,-1.3659037027729592e-13
PINN Baseline,2,2,True,optimal,3.5303891998246747e-07,0.6775702596642077,0.6775706127031277,1.725114674307406,107936.0983009915,2.5460293613165477,107936.0983009916,8.089183576631014e-14
PINN Baseline,2,3,True,optimal,3.5303891998246747e-07,0.6525374338962138,0.6525377869351338,1.7752124881371856,109950.74309256567,2.720474620289924,109950.74309256599,2.9116868701337335e-13
PINN Baseline,2,4,True,optimal,3.5303891998246747e-07,0.5921359076164663,0.5921362606553863,1.6225328636355698,108416.29662127362,2.7401342755799543,108416.29662127374,1.073780653416007e-13
PINN Baseline,2,5,True,optimal,3.5303891998246747e-07,0.6776941027492285,0.6776944557881485,1.8838105350732803,106403.6891941819,2.779734316820457,106403.68919421818,3.409461169914231e-11
PINN Baseline,2,6,True,optimal,3.5303891998246747e-07,0.7213397319428623,0.7213400849817823,1.858479265589267,107600.81949957322,2.576425883272803,107600.81949957252,-6.491511256235175e-13
PINN Baseline,2,7,True,optimal,3.5303891998246747e-07,0.6837718752212822,0.6837722282602022,1.5804488440044224,109424.13931111751,2.311367409620795,109424.13931111767,1.4628496830751138e-13
PINN Baseline,2,8,True,optimal,3.5303891998246747e-07,0.6940875663422048,0.6940879193811248,1.8380808597430587,108880.72994772463,2.6481960115109935,108880.72994772458,-4.009501562495069e-14
PINN Baseline,2,9,True,optimal,3.5303891998246747e-07,0.6248787688091397,0.6248791218480597,1.6059250668622553,108583.92821096,2.569977153521763,108583.92821096003,2.680307383997928e-14
PINN Baseline,2,10,True,optimal,3.5303891998246747e-07,0.7390220630913973,0.7390224161303173,1.9726422149688005,109353.15913483287,2.669258972275815,109353.15913483301,1.330726550883115e-13
PINN Baseline,2,11,True,optimal,3.5303891998246747e-07,0.7466963892802596,0.7466967423191796,1.6928835581056774,110244.58357065184,2.2671634442219717,110244.58357065209,2.2439429754269767e-13
PINN Baseline,2,12,True,optimal,3.5303891998246747e-07,0.637906180229038,0.637906533267958,1.5272290189750493,110056.5909325695,2.3941266303562436,110056.5909325684,-9.91665862879761e-13
PINN Baseline,2,13,True,optimal,3.5303891998246747e-07,0.6825607577338815,0.6825611107728015,1.4124120296910405,108689.08795278132,2.0692828926217253,108689.08795278672,4.967159676663704e-12
PINN Baseline,2,14,True,optimal,3.5303891998246747e-07,0.7129978518933058,0.7129982049322258,1.4632038529962301,107481.16759995068,2.052184483599528,107481.16759995064,-4.061711149955965e-14
PINN Baseline,2,15,True,optimal,3.5303891998246747e-07,0.7480401587672532,0.7480405118061731,1.7861384581774473,114609.23216198436,2.3877563179897114,114609.23216198727,2.5393966880084713e-12
PINN Baseline,2,16,True,optimal,3.5303891998246747e-07,0.657528592273593,0.6575289453125129,1.6345147392712533,107621.30735375873,2.4858445410253305,107621.30735375875,1.3521407225182364e-14
PINN Baseline,2,17,True,optimal,3.5303891998246747e-07,0.6678882366977632,0.6678885897366832,1.5707424571737647,105529.92167265005,2.3518031020608303,105529.92167265,-4.1368120996544545e-14
PINN Baseline,2,18,True,optimal,3.5303891998246747e-07,0.6459535742178559,0.6459539272567759,1.4230409348383546,102959.30556307294,2.2030068628604766,102959.30556307301,7.066828563374653e-14
PINN Baseline,2,19,True,optimal,3.5303891998246747e-07,0.6350824660621583,0.6350828191010783,1.4733537547290325,111709.7507260652,2.3199395581421594,111709.75072606547,2.3447771784301925e-13
PINN Baseline,2,20,True,optimal,3.5303891998246747e-07,0.6640546480193734,0.6640550010582934,1.6002011108212173,105053.42777183131,2.409741826009899,105053.4277718316,2.77038370608384e-13
PINN Baseline,2,21,True,optimal,3.5303891998246747e-07,0.663581371307373,0.663581724346293,1.5572486938908696,108219.69960825871,2.3467323417095987,108219.69960825889,1.6135970010313722e-13
PINN Baseline,2,22,True,optimal,3.5303891998246747e-07,0.6883153230883181,0.6883156761272381,1.7215526248328388,108265.78227578515,2.501109134284198,108265.78227578475,-3.7634570944711436e-13
PINN Baseline,2,23,True,optimal,3.5303891998246747e-07,0.6113423281349242,0.6113426811738442,1.4843235006555915,105270.67718761627,2.4279729624071553,105270.67718766512,4.640492559439352e-11
PINN Baseline,2,24,True,optimal,3.5303891998246747e-07,0.6412680889479816,0.6412684419869016,1.5382078108377755,106589.74625659699,2.398695632162723,106589.74625659695,-4.095679670726174e-14
PINN Baseline,2,25,True,optimal,3.5303891998246747e-07,0.6384642329066992,0.6384645859456192,1.4399546710774302,110737.47437137822,2.255339924523359,110737.47437137816,-5.256365222693941e-14
PINN Baseline,2,26,True,optimal,3.5303891998246747e-07,0.6649184627458453,0.6649188157847653,1.7021430833265185,111660.31352560828,2.559926178833693,111660.31352560932,9.383261280223112e-13
PINN Baseline,2,27,True,optimal,3.5303891998246747e-07,0.6063778251409531,0.606378178179873,1.4650265048258007,103882.48377557757,2.4160277489260547,103882.48377557761,4.202416432342165e-14
PINN Baseline,2,28,True,optimal,3.5303891998246747e-07,0.6457789656706154,0.6457793187095354,1.7061548558995128,109737.50841280662,2.6420091298509405,109737.50841280544,-1.074113264047972e-12
PINN Baseline,2,29,True,optimal,3.5303891998246747e-07,0.5970009472221136,0.5970013002610336,1.4637496010400355,105262.71313522584,2.4518365377094216,105262.71313522407,-1.6865741011065066e-12
PINN Baseline,2,30,True,optimal,3.5303891998246747e-07,0.6748454649932683,0.6748458180321882,1.5045020380057395,110160.9891403156,2.2294011429051768,110160.9891403158,1.717258527225195e-13
PINN Baseline,2,31,True,optimal,3.5303891998246747e-07,0.6951173851266503,0.6951177381655703,1.590288466308266,109013.0933062641,2.2877972737468464,109013.09330626327,-7.608803152540652e-13
PINN Baseline,2,32,True,optimal,3.5303891998246747e-07,0.8398868599906564,0.8398872130295764,2.011766794603318,112654.19820406882,2.395282084777345,112654.19820407036,1.3692370446884726e-12
PINN Baseline,2,33,True,optimal,3.5303891998246747e-07,0.6801916738040745,0.6801920268429945,1.715422441251576,107678.96144842662,2.521967876062062,107678.96144801832,-3.791805121310288e-10
PINN Baseline,2,34,True,optimal,3.5303891998246747e-07,0.6516124536283314,0.6516128066672514,1.5963502060621977,105370.31377968761,2.449844738667606,105370.31377968787,2.4858469593083515e-13
PINN Baseline,2,35,True,optimal,3.5303891998246747e-07,0.6207498610019684,0.6207502140408884,1.3882612027227879,105705.30033838797,2.2364248474207438,105705.3003383926,4.377745513050807e-12
PINN Baseline,2,36,True,optimal,3.5303891998246747e-07,0.7112461649812758,0.7112465180201958,1.7682727929204702,104926.96161640872,2.486160210446556,104926.96161640815,-5.408759437646352e-13
PINN Baseline,2,37,True,optimal,3.5303891998246747e-07,0.6565847881138325,0.6565851411527525,1.558708708267659,108167.44312857518,2.373962812394852,108167.44312857522,4.0359413537406414e-14
PINN Baseline,2,38,True,optimal,3.5303891998246747e-07,0.640688544139266,0.640688897178186,1.6624067472293973,106916.86236317095,2.5947175837621157,106916.86236308605,-7.94036334080973e-11
PINN Baseline,2,39,True,optimal,3.5303891998246747e-07,0.6807243986986578,0.6807247517375777,1.5689353202469647,108150.51890674402,2.3048013403981464,108150.51890673385,-9.405214924025797e-12
PINN Baseline,2,40,True,optimal,3.5303891998246747e-07,0.7017077025957406,0.7017080556346605,1.6886817761696875,108164.81927624285,2.4065304119137663,108164.81927624307,2.0180196286191657e-13
PINN Baseline,2,41,True,optimal,3.5303891998246747e-07,0.6299344152212143,0.6299347682601343,1.6405739928595722,107715.6325320884,2.6043553642717656,107715.63253208832,-8.105740022850544e-14
PINN Baseline,2,42,True,optimal,3.5303891998246747e-07,0.6514799501746893,0.6514803032136093,1.5221768729388714,107196.83580684727,2.3364894770115185,107196.83580684698,-2.7149896951412325e-13
PINN Baseline,2,43,True,optimal,3.5303891998246747e-07,0.6639291299507022,0.6639294829896222,1.4490136969834566,107683.84195104902,2.1824813238578624,107683.84195104889,-1.2162199516881726e-13
PINN Baseline,2,44,True,optimal,3.5303891998246747e-07,0.6447847532108426,0.6447851062497626,1.307226236909628,110358.55930252817,2.027382804346699,110358.559302528,-1.5823238708807775e-13
PINN Baseline,2,46,True,optimal,3.5303891998246747e-07,0.6655417499132454,0.6655421029521654,1.3341030590236187,106119.37488483146,2.0045359310942117,106119.37488485256,1.9883529378147493e-11
PINN Baseline,2,47,True,optimal,3.5303891998246747e-07,0.691052156034857,0.691052509073777,1.445161947980523,109093.61492941905,2.091247667876186,109093.61492941847,-5.335569909487953e-13
PINN Baseline,2,48,True,optimal,3.5303891998246747e-07,0.6813471801578999,0.6813475331968198,1.5158409709110856,114876.92271458294,2.2247691479837015,114876.92270828842,-5.479358338280418e-09
PINN Baseline,2,49,True,optimal,3.5303891998246747e-07,0.8726246277801692,0.8726249808190892,1.3321644337847829,116480.76359186176,1.5266173477343579,116480.76359186154,-1.8739465787701396e-13
PINN Baseline,2,50,True,optimal,3.5303891998246747e-07,0.7301101302728057,0.7301104833117257,1.1914931652136147,112165.28212539479,1.6319354295655257,112165.28212539475,-3.892090748391803e-14
PINN Baseline,2,51,True,optimal,3.5303891998246747e-07,0.660400397144258,0.660400750183178,1.2844604006968439,108554.43627495646,1.9449711411450818,108554.43627495671,2.2788802316253906e-13
PINN Baseline,2,52,True,optimal,3.5303891998246747e-07,0.7058849390596151,0.7058852920985351,1.2426477740518749,111711.00113382096,1.760410349899191,111711.00113381637,-4.1033141323695275e-12
PINN Baseline,2,53,True,optimal,3.5303891998246747e-07,0.7188717750832438,0.7188721281221638,1.1233605109155178,108071.01005219758,1.5626708380667889,108071.01005219769,9.425599571001382e-14
PINN Baseline,2,54,True,optimal,3.5303891998246747e-07,0.6970113129355013,0.6970116659744213,1.1874049128964543,108284.0112637743,1.7035653359351797,108284.01126377421,-8.063193296147369e-14
PINN Baseline,2,55,True,optimal,3.5303891998246747e-07,0.6687296177260578,0.6687299707649778,1.21749607892707,106221.46073605456,1.820609412098495,106221.46073605455,-1.3699599993758626e-14
PINN Baseline,2,56,True,optimal,3.5303891998246747e-07,0.7556976722553372,0.7556980252942572,1.3489037118852139,105822.57134016354,1.7849771558685381,105822.57134030326,1.3202565042428143e-10
PINN Baseline,2,57,True,optimal,3.5303891998246747e-07,0.6605841568671167,0.6605845099060367,1.7624327689409256,110967.06865353687,2.6679898521865413,110967.06865353702,1.3113724102959833e-13
PINN Baseline,2,58,True,optimal,3.5303891998246747e-07,0.7163279331289232,0.7163282861678432,1.9662965000607073,107860.12642273864,2.744965594727309,107860.12642273851,-1.2142321856920398e-13
PINN Baseline,2,59,True,optimal,3.5303891998246747e-07,0.7321706293150783,0.7321709823539982,1.958918352611363,106641.83875809934,2.675493019831593,106641.83875809914,-1.910383537733806e-13
PINN Baseline,2,60,True,optimal,3.5303891998246747e-07,0.6637965552508831,0.6637969082898031,1.703387247864157,110554.36523404947,2.5661271189899626,110554.36523404963,1.4478945917074952e-13
PINN Baseline,2,61,True,optimal,3.5303891998246747e-07,0.6736318906769156,0.6736322437158356,1.862439049873501,109800.5113401173,2.764771234227248,109800.51133370938,-5.835966737028193e-09
PINN Baseline,2,62,True,optimal,3.5303891998246747e-07,0.6689401711337268,0.6689405241726468,1.6861459179781377,111027.04924400538,2.5206215755333137,111027.04924400528,-9.174647736039677e-14
PINN Baseline,2,63,True,optimal,3.5303891998246747e-07,0.6569928349927068,0.6569931880316268,1.8504464547149837,109838.24718319307,2.816538266186568,109838.24718319229,-7.154187566569706e-13
PINN Baseline,2,64,True,optimal,3.5303891998246747e-07,0.6493479581549764,0.6493483111938964,1.7007422442547977,104908.48113994401,2.6191524870955636,104908.4811399438,-1.9419479815494797e-13
PINN Baseline,2,65,True,optimal,3.5303891998246747e-07,0.6644264049828053,0.6644267580217252,1.9917859612032771,106160.57631981354,2.997750974288953,106160.5763198134,-1.3707456885434146e-13
PINN Baseline,2,66,True,optimal,3.5303891998246747e-07,0.6936042373999953,0.6936045904389153,1.9344260557554662,108542.35847971297,2.788946443580131,108542.35847971283,-1.340666946267495e-13
PINN Baseline,2,67,True,optimal,3.5303891998246747e-07,0.639864741358906,0.639865094397826,1.997136422432959,109026.21646467096,3.1211835743477376,109026.21646467097,1.334717070832434e-14
PINN Baseline,2,68,True,optimal,3.5303891998246747e-07,0.6149113159626722,0.6149116690015922,1.6747254943475127,107668.14539040117,2.7235220581627573,107668.14539040091,-2.43279452024401e-13
PINN Baseline,2,69,True,optimal,3.5303891998246747e-07,0.6433081058785319,0.6433084589174519,2.1375795691274107,107861.71138993838,3.322791018051421,107861.71138993841,2.698254096072926e-14
PINN Baseline,2,70,True,optimal,3.5303891998246747e-07,0.6765012671239674,0.6765016201628874,1.8016942478716373,103775.30287806819,2.6632519334363565,103775.30287806813,-5.6090090126606584e-14
PINN Baseline,2,71,True,optimal,3.5303891998246747e-07,0.7119949059560895,0.7119952589950095,1.9228192497976124,108843.15193322762,2.70060681655619,108843.15193322774,1.0695695572869161e-13
PINN Baseline,2,72,True,optimal,3.5303891998246747e-07,0.6959173837676644,0.6959177368065844,2.0303332270123065,109935.70532123644,2.9174902716649607,109935.70532123643,-1.3236750686090188e-14
PINN Baseline,2,73,True,optimal,3.5303891998246747e-07,0.7431737412698567,0.7431740943087767,1.9172118678689003,112755.29713414115,2.5797614348386184,112755.29713414003,-9.937426454131285e-13
PINN Baseline,2,74,True,optimal,3.5303891998246747e-07,0.6343791335821152,0.6343794866210352,1.6834007930010557,105305.54010005722,2.653617950302172,105305.54010005742,1.9346257851539688e-13
PINN Baseline,2,75,True,optimal,3.5303891998246747e-07,0.6422102251090109,0.6422105781479309,1.5456189666874707,101321.1328042637,2.4067167674890633,101321.13280426542,1.694736280006366e-12
PINN Baseline,2,76,True,optimal,3.5303891998246747e-07,0.6570496568456292,0.6570500098845492,1.6095998529344797,109768.25856769591,2.4497372022219492,109768.25856769609,1.590833133539322e-13
PINN Baseline,2,77,True,optimal,3.5303891998246747e-07,0.5951036009937525,0.5951039540326725,1.4679895951412618,104739.48150978665,2.466778426178405,104739.48150978684,1.8061469776427425e-13
PINN Baseline,2,78,True,optimal,3.5303891998246747e-07,0.6298440047539771,0.629844357792897,1.6067710141651332,104805.85849527956,2.55106042355541,104805.85849527943,-1.249617520772471e-13
PINN Baseline,2,79,True,optimal,3.5303891998246747e-07,0.6336367367766798,0.6336370898155997,1.6542868171818554,108064.88236910733,2.610779646221915,108064.88236908763,-1.823283641017623e-11
PINN Baseline,2,80,True,optimal,3.5303891998246747e-07,0.6419263388961554,0.6419266919350753,1.642730558756739,109276.1113813085,2.5590625524618082,109276.11138130882,2.929662585695107e-13
PINN Baseline,2,81,True,optimal,3.5303891998246747e-07,0.6885193819180131,0.6885197349569331,1.9311787472106516,108639.64279763623,2.804827006638302,108639.64279763267,-3.281692703639348e-12
PINN Baseline,2,82,True,optimal,3.5303891998246747e-07,0.6585981771349907,0.6585985301739107,1.8406509971246123,105268.98302607624,2.794799734276004,105268.98302607622,-1.3823554488754004e-14
PINN Baseline,2,83,True,optimal,3.5303891998246747e-07,0.6764773312024772,0.6764776842413972,1.883398710284382,107623.73717550874,2.7841254104286195,107623.73717550853,-1.8929542733208187e-13
PINN Baseline,2,84,True,optimal,3.5303891998246747e-07,0.6926577859558165,0.6926581389947365,1.9698952180333436,109528.93865846266,2.8439645867617718,109528.93865846237,-2.6571818200015963e-13
PINN Baseline,2,85,True,optimal,3.5303891998246747e-07,0.6692361896857619,0.6692365427246819,1.7361704390496016,108569.34721783205,2.594255286749706,108569.34721783224,1.7424337791145705e-13
PINN Baseline,2,86,True,optimal,3.5303891998246747e-07,0.6797231519594789,0.6797235049983988,1.870545371901244,112088.85673641482,2.7519209769061175,112088.85673641504,1.9473722436013533e-13
PINN Baseline,2,87,True,optimal,3.5303891998246747e-07,0.6535246800631285,0.6535250331020485,1.6847413331270218,106055.81963364282,2.5779293030752934,106055.81963364291,8.23259785948647e-14
PINN Baseline,2,88,True,optimal,3.5303891998246747e-07,0.6858005761168897,0.6858009291558097,2.1064311740919948,106322.46714683443,3.0714906972857525,106322.46714683487,4.105975609539863e-13
PINN Baseline,2,89,True,optimal,3.5303891998246747e-07,0.7231987752020359,0.7231991282409559,2.099604783114046,110809.34412445486,2.9032180780152963,110809.34412445614,1.1556503201192311e-12
PINN Baseline,2,90,True,optimal,3.5303891998246747e-07,0.7109213722869754,0.7109217253258954,1.8080654428340495,108854.65278121222,2.543269362045744,108854.65278121125,-8.956698637955286e-13
PINN Baseline,2,91,True,optimal,3.5303891998246747e-07,0.6548263821750879,0.6548267352140079,1.908466697204858,109218.42758615366,2.9144605657878957,109218.4275861535,-1.4656049446030355e-13
PINN Baseline,2,92,True,optimal,3.5303891998246747e-07,0.668889591936022,0.668889944974942,1.72764258319512,109204.2897209708,2.5828502822834944,109204.28972097088,6.662703116126951e-14
PINN Baseline,2,93,True,optimal,3.5303891998246747e-07,0.7028395109809935,0.7028398640199135,1.8745560753159225,105654.10720586358,2.6671168943012757,105654.10720586355,-2.754633135087294e-14
PINN Baseline,2,94,True,optimal,3.5303891998246747e-07,0.7295136549510062,0.7295140079899262,1.9045514478348196,109784.29055316623,2.6107126483870333,109784.29055316605,-1.5906008214885351e-13
PINN Baseline,2,95,True,optimal,3.5303891998246747e-07,0.649873442016542,0.649873795055462,1.6264373688027263,109044.49879020455,2.502697263957107,109044.49879020445,-9.341453051615873e-14
PINN Baseline,2,96,True,optimal,3.5303891998246747e-07,0.6358353979885578,0.6358357510274778,1.5373736401088536,109178.48363535228,2.417878575755668,109178.48363535224,-3.998566771719177e-14
PINN Baseline,2,97,True,optimal,3.5303891998246747e-07,0.6767086270265281,0.6767089800654481,1.6758943619206548,106718.46480946364,2.476536312195192,106718.46480946324,-3.6816656973785764e-13
PINN Baseline,2,98,True,optimal,3.5303891998246747e-07,0.6560694198124111,0.6560697728513311,1.6285323100164533,104432.2282056514,2.482254750037825,104432.22820565096,-4.18029438183893e-13
PINN Baseline,2,99,True,optimal,3.5303891998246747e-07,0.6887203343212605,0.6887206873601804,1.680159649811685,112503.46885281954,2.439537073079107,112503.46885282027,6.467318464377357e-13
PINN Baseline,2,100,True,optimal,3.5303891998246747e-07,0.6470561372116208,0.6470564902505408,1.485599079169333,105129.27764033226,2.295934128709702,105129.27764033103,-1.1765635816912031e-12
PINN Baseline,2,101,True,optimal,3.5303891998246747e-07,0.6414358410984278,0.6414361941373478,1.6131256492808461,104261.74440487826,2.5148653350475496,104261.7444048796,1.284053138235342e-12
PINN Baseline,2,102,True,optimal,3.5303891998246747e-07,0.614012670237571,0.614013023276491,1.5266423323191702,113338.46805434416,2.4863354268492786,113338.46805434416,0.0
PINN Baseline,2,103,True,optimal,3.5303891998246747e-07,0.6871425257995725,0.6871428788384925,1.5689953258261085,109278.08441539138,2.2833611089417816,109278.0844060714,-8.528679729956967e-09
PINN Baseline,2,104,True,optimal,3.5303891998246747e-07,0.7463993690907955,0.7463997221297155,1.8781335768289864,109498.92131621025,2.516257068625474,109498.92131620986,-3.5881788280935306e-13
PINN Baseline,2,105,True,optimal,3.5303891998246747e-07,0.6500228918157518,0.6500232448546718,1.748144798912108,109624.1305631282,2.689357361832418,109624.13056312829,7.964623383710385e-14
PINN Baseline,2,106,True,optimal,3.5303891998246747e-07,0.6822953945957124,0.6822957476346324,1.8979798229411244,106251.96772916931,2.781755315815756,106251.96772917086,1.4654363234044798e-12
PINN Baseline,2,107,True,optimal,3.5303891998246747e-07,0.6606380068697035,0.6606383599086235,1.610238186083734,103080.15480054608,2.4373973474783615,103080.15480054662,5.223322224257284e-13
PINN Baseline,2,108,True,optimal,3.5303891998246747e-07,0.6662170980125666,0.6662174510514866,1.565448823850602,108522.95925396669,2.3497565567816703,108522.9592539667,1.340906599709679e-14
PINN Baseline,2,109,True,optimal,3.5303891998246747e-07,0.7142199659720063,0.7142203190109263,1.1398183908313513,106977.9228660657,1.5958918564649713,106977.92286606503,-6.257254605166865e-13
PINN Baseline,2,110,True,optimal,3.5303891998246747e-07,0.6630799472332001,0.6630803002721201,1.1616820748895407,109112.72202173813,1.7519478024197077,109112.72202173789,-2.1338542320251494e-13
PINN Baseline,2,111,True,optimal,3.5303891998246747e-07,0.7045547259040177,0.7045550789429377,1.1564334812574089,109666.97805385804,1.6413670354806555,109666.97805385714,-8.226895280324588e-13
PINN Baseline,2,112,True,optimal,3.5303891998246747e-07,0.7105245771817863,0.7105249302207063,1.160443204920739,105759.46911593789,1.6332195473567368,105759.46911593668,-1.1420338755959515e-12
PINN Baseline,2,113,True,optimal,3.5303891998246747e-07,0.6761602400802076,0.6761605931191276,1.1370110921561718,108496.46530604672,1.6815695911989512,108496.46530604668,-4.023702114345981e-14
PINN Baseline,2,114,True,optimal,3.5303891998246747e-07,0.6392502002418041,0.6392505532807241,1.0826282459311187,105290.33572317987,1.6935898457575322,105290.33572317976,-1.1056600876741791e-13
PINN Baseline,2,115,True,optimal,3.5303891998246747e-07,0.7329582902602851,0.7329586432992051,1.3958814041689038,108303.09162508957,1.9044477023775042,108303.09162507675,-1.1837369666759589e-11
PINN Baseline,2,116,True,optimal,3.5303891998246747e-07,0.6768561056815088,0.6768564587204288,1.2144600916653872,107016.81675805882,1.794265351270013,107016.81675805853,-2.719556733081585e-13
PINN Baseline,2,117,True,optimal,3.5303891998246747e-07,0.6887412099167705,0.6887415629556904,1.2822659690864384,106858.10830128586,1.8617519807918603,106858.10830136122,7.052751556786172e-11
PINN Baseline,2,118,True,optimal,3.5303891998246747e-07,0.6617666278034449,0.6617669808423648,1.2220814982429147,113695.52527616716,1.846694582264174,113695.5252761663,-7.55142294640171e-13
PINN Baseline,2,119,True,optimal,3.5303891998246747e-07,0.7118198638781905,0.7118202169171105,1.521174515131861,107605.56695558378,2.1370206675501007,107605.56695561718,3.1036168846995635e-11
PINN Baseline,2,120,True,optimal,3.5303891998246747e-07,0.6729434188455343,0.6729437718844543,1.4611917650327086,108024.71639094442,2.1713430246050303,108024.71639090953,-3.2303248630004234e-11
PINN Baseline,2,121,True,optimal,3.5303891998246747e-07,0.6613439549691975,0.6613443080081175,1.33489806111902,103480.64702715352,2.0184615561893295,103480.64702715345,-7.031225473758587e-14
PINN Baseline,2,122,True,optimal,3.5303891998246747e-07,0.650137928314507,0.650138281353427,1.1138444989919662,108353.39077420508,1.7132424453967203,108353.39077420362,-1.343005061898914e-12
PINN Baseline,2,123,True,optimal,3.5303891998246747e-07,0.7341657322831452,0.7341660853220652,1.3141992357559502,111855.5983773533,1.7900571301648116,111855.59837735318,-1.0407643740298e-13
PINN Baseline,2,124,True,optimal,3.5303891998246747e-07,0.652584888972342,0.652585242011262,1.0039308378472924,105965.96613127821,1.5383903484442683,105965.96613127805,-1.510589421831231e-13
PINN Baseline,2,125,True,optimal,3.5303891998246747e-07,0.6385106183588505,0.6385109713977705,1.1067948853597045,104843.12658404678,1.7333999491611072,104843.12658404786,1.0270980673548535e-12
PINN Baseline,2,126,True,optimal,3.5303891998246747e-07,0.6908005070872605,0.6908008601261805,1.0984806567430496,108765.01625508192,1.5901553112461428,108765.01625508197,4.013767219297482e-14
PINN Baseline,2,127,True,optimal,3.5303891998246747e-07,0.7128828573040664,0.7128832103429864,1.0923783089965582,108008.3349269455,1.5323383874772236,108008.33492694588,3.50296850880486e-13
PINN Baseline,2,128,True,optimal,3.5303891998246747e-07,0.6972609618678689,0.6972613149067889,1.1233527632430196,105553.92805566255,1.611092913412515,105553.92805566186,-6.479531632139496e-13
PINN Baseline,2,129,True,optimal,3.5303891998246747e-07,0.6153991371393204,0.6153994901782404,0.9945382811129093,105571.68676844201,1.6160856435302824,105571.6867684244,-1.6678541345033527e-11
PINN Baseline,2,130,True,optimal,3.5303891998246747e-07,0.6922887153923512,0.6922890684312711,1.0546170850284398,109399.90558516803,1.5233767700798813,109399.90558529475,1.1583015280572458e-10
PINN Baseline,2,131,True,optimal,3.5303891998246747e-07,0.6381635232828557,0.6381638763217757,0.9553221161477268,110184.08540137636,1.496985573132054,110184.08540137617,-1.7168985637049722e-13
PINN Baseline,2,132,True,optimal,3.5303891998246747e-07,0.6420267759822309,0.6420271290211509,1.512404760811478,106682.95207445277,2.3556711117757976,106682.95207445303,2.455260836124992e-13
PINN Baseline,2,133,True,optimal,3.5303891998246747e-07,0.6927422322332859,0.6927425852722059,1.481747468933463,104196.69656186177,2.138958251500052,104196.69656186143,-3.21213686514264e-13
PINN Baseline,2,134,True,optimal,3.5303891998246747e-07,0.7247649761848152,0.7247653292237352,1.6492950171232224,109434.0110782604,2.2756262622133305,109434.011078261,5.451947876939001e-13
PINN Baseline,2,135,True,optimal,3.5303891998246747e-07,0.6340110409073532,0.6340113939462731,1.569290020968765,102699.78041687197,2.475176370571265,102699.78041687187,-9.91856128465815e-14
PINN Baseline,2,136,True,optimal,3.5303891998246747e-07,0.762477801181376,0.762478154220296,1.8976447116583586,112459.39896550402,2.488785680160076,112459.39896550226,-1.5657043864981833e-12
PINN Baseline,2,137,True,optimal,3.5303891998246747e-07,0.6602083947509527,0.6602087477898727,1.585271978750825,106057.86591947907,2.401167788305913,106057.8659194796,5.076670728584636e-13
PINN Baseline,2,138,True,optimal,3.5303891998246747e-07,0.727244149427861,0.727244502466781,1.681043075863272,115828.55635773766,2.311523937494541,115828.55635773782,1.38196548887007e-13
PINN Baseline,2,139,True,optimal,3.5303891998246747e-07,0.6370972981676459,0.6370976512065659,1.326399858109653,105867.49074753454,2.0819412151302923,105867.49074752431,-9.663019623217181e-12
PINN Baseline,2,140,True,optimal,3.5303891998246747e-07,0.6269643371924758,0.6269646902313958,1.452449896838516,109307.92847947616,2.3166374749149843,109307.92847947612,-3.9938315813292014e-14
PINN Baseline,2,141,True,optimal,3.5303891998246747e-07,0.6815567780286074,0.6815571310675274,1.5029239691793919,107917.43661157327,2.205132777094346,107917.43661157184,-1.3214617926043429e-12
PINN Baseline,2,142,True,optimal,3.5303891998246747e-07,0.6698987297713757,0.6698990828102956,1.549684084020555,110748.31564663223,2.3133097563284766,110748.31564663246,2.1023402685126962e-13
PINN Baseline,2,143,True,optimal,3.5303891998246747e-07,0.6343718781135976,0.6343722311525176,1.2093001771718264,101214.83848625835,1.9062943139468582,101214.83848625844,8.626352882246129e-14
PINN Baseline,2,144,True,optimal,3.5303891998246747e-07,0.6301265871152282,0.6301269401541482,1.6555333151482046,108442.77172701947,2.627301277966644,108442.77172693526,-7.765564461829117e-11
PINN Baseline,2,145,True,optimal,3.5303891998246747e-07,0.654400628991425,0.654400982030345,1.6038178708404303,105789.29744707132,2.4508182519293045,105789.29744717879,1.0158484511654566e-10
PINN Baseline,2,146,True,optimal,3.5303891998246747e-07,0.6393219982273877,0.6393223512663077,1.5968632642179728,108403.18427226276,2.4977435264934207,108403.18427226221,-5.101075050425711e-13
PINN Baseline,2,147,True,optimal,3.5303891998246747e-07,0.6864167479798198,0.6864171010187398,1.8825199217535555,107489.71261868572,2.742530625999309,107489.71261868598,2.436832955724819e-13
PINN Baseline,2,148,True,optimal,3.5303891998246747e-07,0.6246680840849876,0.6246684371239076,1.6469828612171113,102888.9541177796,2.6365712805982864,102888.95411777149,-7.891973212336835e-12
PINN Baseline,2,149,True,optimal,3.5303891998246747e-07,0.6824959088116884,0.6824962618506084,1.793892142828554,114372.8196748799,2.6284277923579586,114372.81967487995,5.089291413723165e-14
PINN Baseline,2,150,True,optimal,3.5303891998246747e-07,0.6180256023071706,0.6180259553460906,1.6372365169227123,107852.70067468159,2.6491387663579116,107852.70067468141,-1.619087715449252e-13
PINN Baseline,2,151,True,optimal,3.5303891998246747e-07,0.6383419069461524,0.6383422599850724,1.6599281602539122,104518.60512555485,2.6003732861000453,104518.60512555474,-1.113823913810262e-13
PINN Baseline,2,152,True,optimal,3.5303891998246747e-07,0.6417110729962587,0.6417114260351787,1.7611070708371699,105211.67695179096,2.7443910134469474,105211.67695180394,1.233732676806486e-11
PINN Baseline,2,153,True,optimal,3.5303891998246747e-07,0.6885061101056635,0.6885064631445835,1.8201225968077779,107444.87113699336,2.6435809890510202,107444.87113699318,-1.6252333023672768e-13
PINN Baseline,2,154,True,optimal,3.5303891998246747e-07,0.644039555452764,0.644039908491684,1.6728643220849335,107773.32046394121,2.5974544434718583,107773.32046394116,-5.4009341702469416e-14
PINN Baseline,2,155,True,optimal,3.5303891998246747e-07,0.7200310742482543,0.7200314272871743,1.782784114126116,109912.07704462801,2.4759809732792095,109912.0770446265,-1.3769180097794545e-12
PINN Baseline,2,156,True,optimal,3.5303891998246747e-07,0.6795406150631607,0.6795409681020806,1.769526693969965,111392.16145913696,2.6040029623411116,111392.16145913328,-3.305110974193083e-12
PINN Baseline,2,157,True,optimal,3.5303891998246747e-07,0.6131112729199231,0.613111625958843,1.4454205469228327,104581.10715169032,2.3575161287511794,104581.10715068698,-9.593893490010249e-10
PINN Baseline,2,158,True,optimal,3.5303891998246747e-07,0.6879314170219004,0.6879317700608204,1.6717750490643084,109063.56202613235,2.430146595666756,109063.56202613252,1.601112044172566e-13
PINN Baseline,2,159,True,optimal,3.5303891998246747e-07,0.6716097062453628,0.6716100592842827,1.7471130480989814,114265.44450179077,2.6013801073212544,114265.4445017893,-1.286253639036094e-12
PINN Baseline,2,160,True,optimal,3.5303891998246747e-07,0.6771884420886636,0.6771887951275836,1.835594980046153,110268.56216013472,2.7106103840662685,110268.56216010766,-2.454603723358215e-11
PINN Baseline,2,161,True,optimal,3.5303891998246747e-07,0.6000381060875952,0.6000384591265152,1.6088712741620839,115519.64040440203,2.6812802574424004,115519.64040440184,-1.6375994359618895e-13
PINN Baseline,2,162,True,optimal,3.5303891998246747e-07,0.6225020177662373,0.6225023708051572,1.4511742130853236,105403.37636943492,2.3311946767501386,105403.37636943493,1.3805928927136953e-14
PINN Baseline,2,163,True,optimal,3.5303891998246747e-07,0.6797472657635808,0.6797476188025008,1.4967042868956923,104800.79821518327,2.201852931139957,104800.79821518328,1.3885309535990354e-14
PINN Baseline,2,164,True,optimal,3.5303891998246747e-07,0.6558728781528771,0.6558732311917971,1.6276547270826995,107666.45444361301,2.4816605552342237,107666.45444360671,-5.852314285303033e-12
PINN Baseline,2,165,True,optimal,3.5303891998246747e-07,0.6668481533415616,0.6668485063804815,1.4740419937297702,107685.67088939677,2.21046006645583,107685.6708893967,-6.756662751961227e-14
PINN Baseline,2,166,True,optimal,3.5303891998246747e-07,0.6398683837614954,0.6398687368004153,1.3598876921460032,104569.34288214086,2.1252604072296983,104569.34288214135,4.731454785195678e-13
PINN Baseline,2,167,True,optimal,3.5303891998246747e-07,0.6699493192136288,0.6699496722525488,1.5218399320729077,105718.21535345101,2.2715735153001533,105718.21535345101,0.0
PINN Baseline,2,168,True,optimal,3.5303891998246747e-07,0.6480557909235358,0.6480561439624558,1.4901460679247975,111826.73494193738,2.2994089043172887,111826.73494196744,2.688467733356953e-11
PINN Baseline,2,169,True,optimal,3.5303891998246747e-07,0.6941969902254641,0.6941973432643841,1.5601680940017104,108716.16099622629,2.247441752895794,108716.16099622654,2.2754901995741325e-13
PINN Baseline,2,170,True,optimal,3.5303891998246747e-07,0.6669737040065229,0.6669740570454429,1.3948584008030593,109906.83766296561,2.091323322202356,109906.83766296554,-6.620113697107259e-14
PINN Baseline,2,171,True,optimal,3.5303891998246747e-07,0.6994517683051527,0.6994521213440726,1.556773123331368,109973.1951030176,2.225703626918538,109973.19510301751,-7.939342972477239e-14
PINN Baseline,2,172,True,optimal,3.5303891998246747e-07,0.619645191822201,0.619645544861121,1.2308048969134688,112797.42828241971,1.9863047626515653,112797.42828241987,1.41910210143491e-13
PINN Baseline,2,173,True,optimal,3.5303891998246747e-07,0.6148883029818535,0.6148886560207735,1.272714224178344,112784.57955040963,2.069828759591471,112784.57955040938,-2.1934076437432444e-13
PINN Baseline,2,174,True,optimal,3.5303891998246747e-07,0.6558372457511723,0.6558375987900923,1.3565395809710026,109718.28768903145,2.0684077635585165,109718.28768903165,1.856817286235342e-13
PINN Baseline,2,175,True,optimal,3.5303891998246747e-07,0.6255740839987993,0.6255744370377193,1.498377728741616,105137.13700212952,2.3952029367390386,105137.1370022308,9.633259272352249e-11
PINN Baseline,2,176,True,optimal,3.5303891998246747e-07,0.671427883207798,0.671428236246718,1.348660851828754,106030.86168149213,2.008644824602201,106030.8616814918,-3.0193297493493077e-13
PINN Baseline,2,177,True,optimal,3.5303891998246747e-07,0.6919362768530846,0.6919366298920046,1.3534335382282734,112085.73450006943,1.9560079344831236,112085.73450006926,-1.5579411913502164e-13
PINN Baseline,2,178,True,optimal,3.5303891998246747e-07,0.6335446019656956,0.6335449550046156,1.231445758137852,106006.7486052952,1.9437385593716556,106006.74860529293,-2.1414662797344147e-12
PINN Baseline,2,179,True,optimal,3.5303891998246747e-07,0.6932786321267486,0.6932789851656685,1.442040240392089,108223.35366251085,2.0800287780935602,108223.35366251101,1.4790806429008755e-13
PINN Baseline,2,180,True,optimal,3.5303891998246747e-07,0.7842660448513925,0.7842663978903125,1.3606005953624845,107472.5473858793,1.7348704458364135,107472.54738587851,-7.311666480839887e-13
PINN Baseline,2,181,True,optimal,3.5303891998246747e-07,0.6498387320898473,0.6498390851287673,1.3180025918409228,106877.54321757122,2.028198398653964,106877.54321757136,1.3615503117192201e-13
PINN Baseline,2,182,True,optimal,3.5303891998246747e-07,0.6551684569567442,0.6551688099956642,1.3922130852006376,104939.01486344263,2.1249685027128367,104939.01486323905,-1.9399962379080178e-10
PINN Baseline,2,183,True,optimal,3.5303891998246747e-07,0.657419181894511,0.657419534933431,1.5515946610830724,108388.54835520934,2.360128622037652,108388.54835520909,-2.282368041977258e-13
PINN Baseline,2,184,True,optimal,3.5303891998246747e-07,0.6515794787555933,0.6515798317945133,1.4636836131103337,103389.83189240174,2.246361139016855,103389.8318924017,-4.222440919580301e-14
PINN Baseline,2,185,True,optimal,3.5303891998246747e-07,0.6262623760849237,0.6262627291238437,1.471939705312252,105970.365345436,2.3503549498650993,105970.3653454359,-9.612442711367427e-14
PINN Baseline,2,186,True,optimal,3.5303891998246747e-07,0.6561914440244436,0.6561917970633636,1.4778282027691603,107916.46936988988,2.252128431630573,107916.4693698899,2.6968849728560576e-14
PINN Baseline,2,187,True,optimal,3.5303891998246747e-07,0.6153113231994212,0.6153116762383412,1.5046571558341384,109543.57027901632,2.445357716974818,109543.57027901658,2.3911442126948673e-13
PINN Baseline,2,188,True,optimal,3.5303891998246747e-07,0.6474024541676044,0.6474028072065244,1.468338882084936,109622.40504532929,2.2680452814541616,109622.40504532907,-1.9911871878312073e-13
PINN Baseline,2,189,True,optimal,3.5303891998246747e-07,0.6744869952090085,0.6744873482479284,1.3813663846813142,112023.01821887858,2.048024159785353,112023.01821887818,-3.637231284004148e-13
PINN Baseline,2,190,True,optimal,3.5303891998246747e-07,0.6484851990826428,0.6484855521215628,1.4844416379928589,110394.1215739431,2.2890897617324106,110394.12157394312,1.3181784519767052e-14
PINN Baseline,2,191,True,optimal,3.5303891998246747e-07,0.6783429132774472,0.6783432663163672,1.5710385600104928,109893.34655291318,2.315993447597353,109893.34655291312,-5.2967411348639443e-14
PINN Baseline,2,192,True,optimal,3.5303891998246747e-07,0.6443497380241752,0.6443500910630952,1.41590071702376,106906.79041035652,2.1974090430990785,106906.7904103563,-2.0417667351872644e-13
PINN Baseline,2,193,True,optimal,3.5303891998246747e-07,0.6573397926986217,0.6573401457375417,1.6221482157707214,109761.94966535347,2.467745544356881,109761.94966535365,1.5909245715186328e-13
PINN Baseline,2,194,True,optimal,3.5303891998246747e-07,0.6513608731329441,0.6513612261718641,1.3909268751740456,112657.13419566702,2.135415525650347,112657.13419566675,-2.454228853884731e-13
PINN Baseline,2,195,True,optimal,3.5303891998246747e-07,0.7263234569691122,0.7263238100080321,1.617589671164751,113350.34783615646,2.227091620673791,113350.34783615667,1.797319700259016e-13
PINN Baseline,2,196,True,optimal,3.5303891998246747e-07,0.6488248561508954,0.6488252091898153,1.549999613314867,110383.2140658764,2.388932475743881,110383.21406587643,2.6366174153403993e-14
PINN Baseline,2,197,True,optimal,3.5303891998246747e-07,0.6502896463498473,0.6502899993887673,1.4895727219991386,109838.25871259537,2.2906283710333013,109838.25871259536,-1.3248494102991597e-14
PINN Baseline,2,198,True,optimal,3.5303891998246747e-07,0.6868000258691609,0.6868003789080809,1.445736971218139,113727.36136718259,2.105032285387879,113727.36136718142,-1.0236351255092768e-12
PINN Baseline,2,199,True,optimal,3.5303891998246747e-07,0.6698491838760674,0.6698495369149874,1.490672081708908,113611.72807510155,2.2253834623432662,113611.72807510236,7.17273882367021e-13
PINN Baseline,2,200,True,optimal,3.5303891998246747e-07,0.661999830044806,0.662000183083726,1.4605158353224397,115249.56322020305,2.206216663746333,115249.56322020311,5.0505754023772044e-14
PINN Baseline,2,201,True,optimal,3.5303891998246747e-07,0.6761193471029401,0.6761197001418601,1.2301868749782443,106857.33982754895,1.819480891800864,106857.33982754897,2.7236154768313285e-14
PINN Baseline,2,202,True,optimal,3.5303891998246747e-07,0.6764571648091078,0.6764575178480278,1.2205802137032151,115085.08512536701,1.8043708311294566,115085.08512536967,2.3139405804759284e-12
PINN Baseline,2,203,True,optimal,3.5303891998246747e-07,0.6308716661296785,0.6308720191685985,1.2424452509731054,105402.55613357149,1.9694093464637652,105402.5561335716,1.104482909118517e-13
PINN Baseline,2,204,True,optimal,3.5303891998246747e-07,0.729031384922564,0.729031737961484,1.2178078875876963,110087.95740460414,1.6704456392981277,110087.95740460415,1.321844420719378e-14
PINN Baseline,2,205,True,optimal,3.5303891998246747e-07,0.615382106974721,0.6153824600136409,1.1908534090034664,104987.4259316855,1.9351435674280824,104987.42593168582,3.049337881970596e-13
PINN Baseline,2,206,True,optimal,3.5303891998246747e-07,0.7664401661604643,0.7664405191993843,1.2754997941665351,109021.50623406842,1.664186276971511,109021.50623312153,-8.685379212032331e-10
PINN Baseline,2,207,True,optimal,3.5303891998246747e-07,0.7379568917676806,0.7379572448066006,1.082137973047793,110836.5150094327,1.4663965706189295,110836.51500943299,2.6258341354612996e-13
PINN Baseline,2,208,True,optimal,3.5303891998246747e-07,0.6026465278118849,0.6026468808508049,1.265590196941048,107191.22730054404,2.1000526795298646,107191.22730054415,1.0860527000080721e-13
PINN Baseline,2,209,True,optimal,3.5303891998246747e-07,0.6243590451776981,0.6243593982166181,1.6894518393091857,108877.2477857177,2.705896386175706,108877.24778571757,-1.202888938863145e-13
PINN Baseline,2,210,True,optimal,3.5303891998246747e-07,0.6579698799178004,0.6579702329567204,1.7205236391164362,108387.64783713415,2.6148958614509357,108387.64783713441,2.416645063690212e-13
PINN Baseline,2,211,True,optimal,3.5303891998246747e-07,0.6698947018012404,0.6698950548401604,1.7442257292568684,108880.54644928305,2.6037298180579156,108880.54644928315,9.355519412828839e-14
PINN Baseline,2,212,True,optimal,3.5303891998246747e-07,0.6459426451474428,0.6459429981863628,1.8289608010090888,111942.56866411032,2.8314585128166527,111942.56866411047,1.299944730769101e-13
PINN Baseline,2,213,True,optimal,3.5303891998246747e-07,0.6926346886903048,0.6926350417292247,1.8792342529632151,109197.36881562926,2.7131665880945617,109197.36881562897,-2.6652501587170215e-13
PINN Baseline,2,214,True,optimal,3.5303891998246747e-07,0.6685834140516818,0.6685837670906017,1.8455410990864038,111718.00902278344,2.760373778019515,111718.00902218976,-5.314174882635401e-10
PINN Baseline,2,215,True,optimal,3.5303891998246747e-07,0.6471585636027157,0.6471589166416357,1.6234383550472558,105734.67381747153,2.5085621372134086,105734.67381747176,2.2020273506097188e-13
PINN Baseline,2,216,True,optimal,3.5303891998246747e-07,0.665299248881638,0.665299601920558,1.6790556209161878,109062.65409582926,2.5237586435782657,109062.6540958292,-5.337084577303842e-14
PINN Baseline,2,217,True,optimal,3.5303891998246747e-07,0.6867175279185176,0.6867178809574376,1.70478549413383,113275.5704965628,2.482512166068808,113275.57049656277,-2.569294538014869e-14
PINN Baseline,2,218,True,optimal,3.5303891998246747e-07,0.6412026910111308,0.6412030440500508,1.7675271299667656,109253.98502709641,2.7565794429210424,109253.9850270965,7.991607019967896e-14
PINN Baseline,2,219,True,optimal,3.5303891998246747e-07,0.6106665101833642,0.6106668632222841,1.7017706530168653,103503.0653895337,2.7867414387563008,103503.06538947305,-5.859960035344639e-11
PINN Baseline,2,220,True,optimal,3.5303891998246747e-07,0.6442095898091793,0.6442099428480993,1.630507117137313,115023.44552829314,2.531018242172298,115023.44552829287,-2.403739412161504e-13
PINN Baseline,2,221,True,optimal,3.5303891998246747e-07,0.6507084188051522,0.6507087718440722,1.7172778747044504,110274.97965005241,2.6390882511661573,110274.97965005253,1.0556820975743385e-13
PINN Baseline,2,222,True,optimal,3.5303891998246747e-07,0.6318281018175185,0.6318284548564385,1.5459795729257166,113242.21466647592,2.4468343599323776,113242.21466647577,-1.2850256656694283e-13
PINN Baseline,2,223,True,optimal,3.5303891998246747e-07,0.7051641549915075,0.7051645080304275,1.820389891974628,106340.36160884323,2.581510939992004,106340.36160891251,6.515086779288621e-11
PINN Baseline,2,224,True,optimal,3.5303891998246747e-07,0.7544985841959715,0.7544989372348915,1.9190206727944314,109408.21585238678,2.5434372112269785,109408.21585238577,-9.310398291843252e-13
PINN Baseline,2,225,True,optimal,3.5303891998246747e-07,0.6492854477837682,0.6492858008226882,1.6643537878990173,106336.3418628828,2.5633608278360174,106336.34186288327,4.5159838501433987e-13
PINN Baseline,2,226,True,optimal,3.5303891998246747e-07,0.6423894362524152,0.6423897892913352,1.5083054839633405,106652.68482499676,2.3479599288576134,106652.68482499689,1.227978810568172e-13
PINN Baseline,2,227,True,optimal,3.5303891998246747e-07,0.6904303887858987,0.6904307418248187,1.592502370942384,108113.8875877188,2.306534565267729,108113.88758771861,-1.7497742629528606e-13
PINN Baseline,2,228,True,optimal,3.5303891998246747e-07,0.6954077580012381,0.6954081110401581,1.548279098700732,107118.04889214196,2.226432326745356,107118.04889214183,-1.2226439746598974e-13
PINN Baseline,2,229,True,optimal,3.5303891998246747e-07,0.6833315133117139,0.6833318663506339,1.5238519059494138,105324.53136721901,2.2300319668796025,105324.53136724661,2.6209452660146024e-11
PINN Baseline,2,231,True,optimal,3.5303891998246747e-07,0.6679298672825098,0.6679302203214298,1.9041527146473527,109486.2601357303,2.850825814904755,109486.26013573013,-1.5949305650217827e-13
PINN Baseline,2,232,True,optimal,3.5303891998246747e-07,0.7128271069377661,0.7128274599766861,1.9345075250603259,108480.9251653865,2.71385101399376,108480.92516538687,3.353565432397786e-13
PINN Baseline,2,233,True,optimal,3.5303891998246747e-07,0.6886046980507672,0.6886050510896872,1.7372927288524806,108991.78340437346,2.5229160403387856,108991.78340437403,5.207041083094475e-13
PINN Baseline,2,234,True,optimal,3.5303891998246747e-07,0.6960185072384775,0.6960188602773975,1.7644585128873587,107267.51324045207,2.535072845848079,107267.51324045187,-1.899240571937746e-13
PINN Baseline,2,235,True,optimal,3.5303891998246747e-07,0.7166050388477743,0.7166053918866943,1.7687196680344641,112308.51702894863,2.468191961796074,112308.5170289504,1.5807649364679495e-12
PINN Baseline,2,236,True,optimal,3.5303891998246747e-07,0.7010485688224435,0.7010489218613635,1.7823923407122493,105536.28062250227,2.542464990859408,105536.2806225024,1.2409688524438777e-13
PINN Baseline,2,237,True,optimal,3.5303891998246747e-07,0.6719644227996469,0.6719647758385668,1.8737978707067668,108185.39416586679,2.788535854976019,108185.39416586685,5.3803622348711015e-14
PINN Baseline,2,238,True,optimal,3.5303891998246747e-07,0.6864707749336958,0.6864711279726158,1.9507798999547958,110217.16973211747,2.84175083330324,110217.16973211645,-9.242063359651378e-13
PINN Baseline,2,239,True,optimal,3.5303891998246747e-07,0.7047463939525187,0.7047467469914387,2.0411092406138778,106121.82642666952,2.8962308081979318,106121.82642666936,-1.5083708309774044e-13
PINN Baseline,2,240,True,optimal,3.5303891998246747e-07,0.6881122030317783,0.6881125560706983,1.662012352142483,111677.32182084893,2.4153204842431677,111677.32181907087,-1.5921360192186461e-09
PINN Baseline,2,241,True,optimal,3.5303891998246747e-07,0.6382362968288362,0.6382366498677562,1.574703958351165,112365.5811057148,2.4672728504034462,112365.58110571797,2.8232110656727008e-12
PINN Baseline,2,242,True,optimal,3.5303891998246747e-07,0.6690880758687854,0.6690884289077054,1.5026235757395625,113875.84037134486,2.2457772557696343,113875.84037134513,2.300175992172218e-13
PINN Baseline,2,243,True,optimal,3.5303891998246747e-07,0.6530638290569186,0.6530641820958386,1.521400747820735,104152.18699500966,2.329634344572684,104152.18699547173,4.436459546149253e-10
PINN Baseline,2,244,True,optimal,3.5303891998246747e-07,0.7078358922153711,0.7078362452542911,1.4799505691044033,106678.97177588605,2.0908092500585767,106678.97177588625,1.9097185678273173e-13
PINN Baseline,2,245,True,optimal,3.5303891998246747e-07,0.656840689945966,0.656841042984886,1.5035444595851004,110355.64144182332,2.2890537606367225,110355.64144182303,-2.6372761805817153e-13
PINN Baseline,2,246,True,optimal,3.5303891998246747e-07,0.6740505020134151,0.6740508550523351,1.5006183148361742,110167.05258175998,2.2262686911355707,110167.05258176025,2.377611708511579e-13
PINN Baseline,2,247,True,optimal,3.5303891998246747e-07,0.7241507149301469,0.7241510679690669,1.705214286223054,111024.47051417876,2.3547770094511473,111024.47051417895,1.7039027260626283e-13
PINN Baseline,2,248,True,optimal,3.5303891998246747e-07,0.6660826383158565,0.6660829913547764,1.510053946170956,109054.87650103882,2.2670657647323926,109054.87650103864,-1.6012395625310606e-13
PINN Baseline,2,249,True,optimal,3.5303891998246747e-07,0.6485212170518935,0.6485215700908135,1.5507451468147337,107783.61401325637,2.3912005680822315,107783.61401332496,6.363042944807722e-11
PINN Baseline,2,250,True,optimal,3.5303891998246747e-07,0.6523989499546587,0.6523993029935787,1.4769029831513762,110371.10519663568,2.2638022088228884,110371.10519663598,2.768752013955722e-13
PINN Baseline,2,251,True,optimal,3.5303891998246747e-07,0.6499254931695759,0.6499258462084959,1.4110074928030372,108761.62050866892,2.171028435066093,108761.62050866902,9.365749252554478e-14
PINN Baseline,2,252,True,optimal,3.5303891998246747e-07,0.660356274805963,0.660356627844883,1.456289139110595,106967.37649695562,2.205307068490082,106967.37649695553,-8.162441132010569e-14
PINN Baseline,2,254,True,optimal,3.5303891998246747e-07,0.6809144308790565,0.6809147839179764,0.899586935993284,105612.12296133344,1.321144667790983,105612.12296133305,-3.720233057996132e-13
PINN Baseline,2,255,True,optimal,3.5303891998246747e-07,0.6485987612977624,0.6485991143366824,0.9027912602759898,110102.57197952512,1.3919094866468757,110102.57197952534,1.982503446568844e-13
PINN Baseline,2,256,True,optimal,3.5303891998246747e-07,0.7028554230928421,0.7028557761317621,0.9606264950707555,109139.18235468557,1.3667476709911395,109139.18235468586,2.6666711101198035e-13
PINN Baseline,2,257,True,optimal,3.5303891998246747e-07,0.6433939221315086,0.6433942751704286,0.9466753480955958,104765.55669049911,1.4713767041909585,104765.55669050796,8.445108047280014e-12
PINN Baseline,2,258,True,optimal,3.5303891998246747e-07,0.6950720530003309,0.6950724060392509,1.0208322261460125,107338.15075914917,1.468670338911952,107338.15075906685,-7.669238184621376e-11
PINN Baseline,2,259,True,optimal,3.5303891998246747e-07,0.654239587020129,0.654239940059049,0.9803832247853279,109379.4524761037,1.498507145095487,109379.4524761039,1.862569327101399e-13
PINN Baseline,2,260,True,optimal,3.5303891998246747e-07,0.699662288185209,0.699662641224129,0.8958424748852849,108100.13333204522,1.280392037679645,108100.13333204547,2.288457481568178e-13
PINN Baseline,2,261,True,optimal,3.5303891998246747e-07,0.6715880781412125,0.6715884311801325,0.9283044752664864,107733.05993762315,1.382252034382495,107733.05993762378,5.808173973542292e-13
PINN Baseline,2,262,True,optimal,3.5303891998246747e-07,0.6382202720269561,0.6382206250658761,0.914982461836189,102380.80674285865,1.433646024431984,102380.8067428586,-5.685407525617839e-14
PINN Baseline,2,263,True,optimal,3.5303891998246747e-07,0.651444224640727,0.651444577679647,0.8413969110697508,105686.78979770278,1.2915863296716459,105686.78979770647,3.4973022409708213e-12
PINN Baseline,2,264,True,optimal,3.5303891998246747e-07,0.6575028477236629,0.6575032007625828,0.8476319280453026,109372.89568148112,1.289167759278138,109372.89568148274,1.476839924813488e-12
PINN Baseline,2,265,True,optimal,3.5303891998246747e-07,0.688203158788383,0.688203511827303,0.8974734568037093,110393.6946474882,1.3040814837180317,110393.69465179711,3.903220581909237e-09
PINN Baseline,2,266,True,optimal,3.5303891998246747e-07,0.685013972222805,0.685014325261725,0.97366400109604,105606.84775569699,1.4213775758981828,105606.84775509061,-5.741846484887013e-10
PINN Baseline,2,267,True,optimal,3.5303891998246747e-07,0.6698476411402225,0.6698479941791425,0.8907495150342584,107094.93246628372,1.3297785807746085,107094.93246628363,-8.152719214579929e-14
PINN Baseline,2,268,True,optimal,3.5303891998246747e-07,0.6757339602336287,0.6757343132725487,0.9040613588877022,114364.18205632546,1.3378947037769573,114364.18205675058,3.717244716288302e-10
PINN Baseline,2,269,True,optimal,3.5303891998246747e-07,0.6332759042270482,0.6332762572659681,0.8399962848052382,107644.05259924036,1.3264294613408352,107644.05259924065,2.7037100289309515e-13
PINN Baseline,2,270,True,optimal,3.5303891998246747e-07,0.6695720781572163,0.6695724311961363,0.8700376502238214,107816.97158665943,1.299392880721762,107816.97158665955,1.0797495061653103e-13
PINN Baseline,2,271,True,optimal,3.5303891998246747e-07,0.6324913026764989,0.6324916557154189,0.827573380433023,109566.80935949484,1.308433673321658,109566.80935949493,7.968790172918809e-14
PINN Baseline,2,272,True,optimal,3.5303891998246747e-07,0.7002956499345601,0.70029600297348,0.9472024561837316,106506.27437007966,1.3525744144788467,106506.27437007983,1.6395558268580118e-13
PINN Baseline,2,273,True,optimal,3.5303891998246747e-07,0.6983833950944245,0.6983837481333445,0.8341904636472464,112112.52391325284,1.1944585850929221,112112.52391325291,6.489870498155232e-14
PINN Baseline,2,274,True,optimal,3.5303891998246747e-07,0.6473990422673523,0.6473993953062723,0.8668900881893933,108283.73841402585,1.339034442222925,108283.73841402611,2.418964084053782e-13
PINN Baseline,2,275,True,optimal,3.5303891998246747e-07,0.7085144049488008,0.7085147579877208,0.9221931686624885,110985.09727280818,1.3015863936012337,110985.09727280865,4.195710043512556e-13
PINN Baseline,2,276,True,optimal,3.5303891998246747e-07,0.7417899970896542,0.7417903501285742,0.9538667560555041,107884.6282874712,1.2858980382936644,107884.62828661103,-7.973130878033406e-10
PINN Baseline,2,277,True,optimal,3.5303891998246747e-07,0.7469226298853755,0.7469229829242955,0.8796134507283568,108710.10275225561,1.1776494643190143,108710.10275225545,-1.4724580647010204e-13
PINN Baseline,2,278,True,optimal,3.5303891998246747e-07,0.6739970576018095,0.6739974106407295,0.8616332421079278,107343.5370773793,1.2783925108685863,107343.53707737925,-4.0669188731531196e-14
PINN Baseline,2,279,True,optimal,3.5303891998246747e-07,0.6413545240648091,0.6413548771037291,0.9121955414302647,110214.23577072626,1.4222945423750655,110214.23577072872,2.2313575523128565e-12
PINN Baseline,2,280,True,optimal,3.5303891998246747e-07,0.662405185867101,0.6624055389060209,0.8231590641662478,105801.40375166516,1.2426814327756306,105801.4037516651,-5.501596278447421e-14
PINN Baseline,2,281,True,optimal,3.5303891998246747e-07,0.6512081790715456,0.6512085321104656,0.924061955884099,112455.23251900649,1.4189954681480568,112455.23251900659,9.05812956114351e-14
PINN Baseline,2,282,True,optimal,3.5303891998246747e-07,0.6389260371215641,0.6389263901604841,0.8242686381563544,105653.5285821117,1.2900838826665406,105653.52858211113,-5.371564031249926e-13
PINN Baseline,2,283,True,optimal,3.5303891998246747e-07,0.6643601362593472,0.6643604892982672,0.8516174643300474,108646.8446912197,1.2818604929826138,108646.84469122007,3.4823818124937643e-13
PINN Baseline,2,284,True,optimal,3.5303891998246747e-07,0.6548841367475688,0.6548844897864888,0.8920636549592018,107704.49612582987,1.3621694648014038,107704.49612582977,-9.45767449481052e-14
PINN Baseline,2,285,True,optimal,3.5303891998246747e-07,0.6969677009619772,0.6969680540008972,0.9691507392562926,106782.82976172969,1.3905239037757173,106782.82976172984,1.3627579696883224e-13
PINN Baseline,2,286,True,optimal,3.5303891998246747e-07,0.6383716776035726,0.6383720306424926,0.9832279989495873,108086.00354210382,1.540211587841674,108086.00354210367,-1.3463274384734096e-13
PINN Baseline,2,287,True,optimal,3.5303891998246747e-07,0.5677138520404696,0.5677142050793896,0.9232339579612017,103107.08838236907,1.6262301518985172,103107.08838237052,1.4113399434189798e-12
PINN Baseline,2,288,True,optimal,3.5303891998246747e-07,0.5899607967585325,0.5899611497974525,0.8939404669217765,104901.1466442821,1.515253109850856,104901.14664428213,2.7744053699836352e-14
PINN Baseline,2,289,True,optimal,3.5303891998246747e-07,0.6831497838720679,0.6831501369109879,0.8621906950138509,106393.53543589814,1.2620808346938697,106393.53543589976,1.5181961796183684e-12
PINN Baseline,2,290,True,optimal,3.5303891998246747e-07,0.6734588420949876,0.6734591951339076,0.9185063680633903,105163.78586585507,1.3638634303311554,105163.78586585513,5.534952972092123e-14
PINN Baseline,2,291,True,optimal,3.5303891998246747e-07,0.6819917131215334,0.6819920661604534,0.8198066218756139,107350.86764222955,1.2020764794098597,107350.86764222736,-2.0468760502304574e-12
PINN Baseline,2,292,True,optimal,3.5303891998246747e-07,0.6597567079588771,0.6597570609977971,0.8328839871101081,106482.82331364776,1.2624101147935862,106482.82331364766,-9.566181983973773e-14
PINN Baseline,2,293,True,optimal,3.5303891998246747e-07,0.6567946160212159,0.6567949690601359,0.8836440360173583,109740.14114276644,1.3453879485128215,109740.14114258719,-1.633408613442796e-10
PINN Baseline,2,294,True,optimal,3.5303891998246747e-07,0.690130069386214,0.690130422425134,0.9237202280201018,108781.251777947,1.3384719728397538,108781.25177794737,3.3443068062112817e-13
PINN Baseline,2,295,True,optimal,3.5303891998246747e-07,0.7098342590034008,0.7098346120423208,1.0494217928498983,110396.31963977028,1.4784032435816628,110396.31963976861,-1.5158750370690076e-12
PINN Baseline,2,296,True,optimal,3.5303891998246747e-07,0.6297863107174635,0.6297866637563835,0.8248371020890772,114083.72388649822,1.3097087467195778,114083.72388649824,1.2755470046581349e-14
PINN Baseline,2,297,True,optimal,3.5303891998246747e-07,0.6241625812835991,0.6241629343225191,0.876134451944381,109260.82698882019,1.4036950990935686,109260.82698882053,3.0632575230890776e-13
PINN Baseline,2,298,True,optimal,3.5303891998246747e-07,0.6414704760536551,0.6414708290925751,0.9403783828020096,112032.01133690996,1.4659721691978873,112032.01133690975,-1.8184696567169127e-13
PINN Baseline,2,299,True,optimal,3.5303891998246747e-07,0.598022632766515,0.598022985805435,0.8754722238518298,106637.22265436742,1.4639441035409666,106637.22265436756,1.3646187387618414e-13
PINN Baseline,2,300,True,optimal,3.5303891998246747e-07,0.6125917467288673,0.6125920997677873,0.861545910127461,106208.92526042237,1.4063940923398188,106208.92526042281,4.110365073185465e-13
PINN Baseline,2,301,True,optimal,3.5303891998246747e-07,0.5719701210036874,0.5719704740426074,0.8393373480066657,105189.37887601028,1.4674487339780786,105189.37887601023,-4.1502047213872066e-14
PINN Baseline,2,302,True,optimal,3.5303891998246747e-07,0.6145105930045247,0.6145109460434447,0.8513935538940132,108946.79223058232,1.3854815107456546,108946.79223058227,-4.007070313066639e-14
PINN Baseline,2,303,True,optimal,3.5303891998246747e-07,0.6374665461480618,0.6374668991869817,0.8754325010813773,109321.46970756348,1.373298758253792,109321.46970756324,-2.1297796697821114e-13
PINN Baseline,2,304,True,optimal,3.5303891998246747e-07,0.6137800980359316,0.6137804510748516,0.9213565932586789,108478.98590791269,1.5011175276846964,108478.985907913,2.81704532207849e-13
PINN Baseline,2,305,True,optimal,3.5303891998246747e-07,0.6052482849918306,0.6052486380307506,0.8682305342517793,110172.421681339,1.434502251961561,110172.42168135002,1.001189914387658e-11
PINN Baseline,2,306,True,optimal,3.5303891998246747e-07,0.5915578007698059,0.5915581538087259,0.8313273442909122,109504.29554689291,1.405318038367726,109504.29554689281,-9.302229295192087e-14
PINN Baseline,2,307,True,optimal,3.5303891998246747e-07,0.6235535880550742,0.6235539410939942,0.9108857437968254,105961.10842698837,1.4607970277578903,105961.10842698812,-2.334654313782433e-13
PINN Baseline,2,308,True,optimal,3.5303891998246747e-07,0.6824756199494004,0.6824759729883204,1.0197247448377311,114574.61864585213,1.4941547910803628,114574.61864585374,1.4097909375037634e-12
PINN Baseline,2,309,True,optimal,3.5303891998246747e-07,0.6127276183106005,0.6127279713495205,0.9968709428794682,115449.96260567305,1.6269388529527726,115449.96260567254,-4.4115824855868136e-13
PINN Baseline,2,310,True,optimal,3.5303891998246747e-07,0.5665494692511857,0.5665498222901056,0.8343230239115655,105637.85452885478,1.4726384001658812,105637.85452885454,-2.2040455544302292e-13
PINN Baseline,2,311,True,optimal,3.5303891998246747e-07,0.6248875856399536,0.6248879386788736,0.8661766350269318,109079.23379264152,1.3861311467431845,109079.23379264171,1.7342888411591575e-13
PINN Baseline,2,312,True,optimal,3.5303891998246747e-07,0.6268068212084472,0.6268071742473672,0.8414959851652384,109731.92054006094,1.3425117320580395,109731.92054006104,9.28293299681925e-14
PINN Baseline,2,313,True,optimal,3.5303891998246747e-07,0.617459577973932,0.617459931012852,0.9235779298469424,107246.99709604887,1.4957698199654008,107246.9970960493,3.9348937783749467e-13
PINN Baseline,2,314,True,optimal,3.5303891998246747e-07,0.4908402790315449,0.4908406320704649,0.803337574005127,108537.83804086829,1.6366566284793638,108537.83804086816,-1.2066505047390747e-13
PINN Baseline,2,315,True,optimal,3.5303891998246747e-07,0.6097883647307754,0.6097887177696953,0.9611731688492,108341.38547567776,1.5762396725946237,108341.38547567737,-3.6265154764345337e-13
PINN Baseline,2,316,True,optimal,3.5303891998246747e-07,0.619632382877171,0.619632735916091,0.981682205107063,114705.51662792037,1.5842968716875536,114705.51662791947,-7.865521822157388e-13
PINN Baseline,2,317,True,optimal,3.5303891998246747e-07,0.6159977950155735,0.6159981480544935,0.8839963767677546,102311.95157242953,1.4350633675761522,102311.95157242974,1.9912318166750238e-13
PINN Baseline,2,318,True,optimal,3.5303891998246747e-07,0.5739874052815139,0.5739877583204339,0.7991050789132714,106915.85857687854,1.3921988184060952,106915.85857687841,-1.2249561365223366e-13
PINN Baseline,2,319,True,optimal,3.5303891998246747e-07,0.6141949486918747,0.6141953017307947,0.9100381121970713,108686.11642712192,1.4816754697285948,108686.11642712174,-1.6066723927659466e-13
PINN Baseline,2,320,True,optimal,3.5303891998246747e-07,0.6075023869052529,0.6075027399441729,0.8702226593159139,103746.2247150171,1.4324588221542571,103746.22471501787,7.434019977324589e-13
PINN Baseline,2,321,True,optimal,3.5303891998246747e-07,0.5896772150881588,0.5896775681270788,0.8741543269716203,104637.85473215189,1.4824276421911222,104637.8547321518,-8.344159156712247e-14
PINN Baseline,2,322,True,optimal,3.5303891998246747e-07,0.6288783978670835,0.6288787509060035,1.031229211948812,111792.44809678243,1.639790198767499,111792.44809678353,9.762677718468588e-13
PINN Baseline,2,323,True,optimal,3.5303891998246747e-07,0.6409503608010709,0.6409507138399909,0.8922977698966861,108312.29159824598,1.3921472441318512,108312.29159824603,4.0305439983699434e-14
PINN Baseline,2,324,True,optimal,3.5303891998246747e-07,0.6501197791658342,0.6501201322047542,0.951058906968683,108653.05489737132,1.462897178315882,108653.05489737073,-5.357204265305535e-13
PINN Baseline,2,325,True,optimal,3.5303891998246747e-07,0.6070976769551635,0.6070980299940835,0.8991628233343363,104330.44339602735,1.4810834147215057,104330.44339602735,0.0
PINN Baseline,2,326,True,optimal,3.5303891998246747e-07,0.5753274746239185,0.5753278276628385,0.8890457209199667,107206.41706297357,1.5452854497435806,107206.41706297564,1.9274704061924727e-12
PINN Baseline,2,327,True,optimal,3.5303891998246747e-07,0.638221621979028,0.638221975017948,1.0648914966732264,111829.87666024544,1.6685284091687373,111829.87666024621,6.896649894791634e-13
PINN Baseline,2,328,True,optimal,3.5303891998246747e-07,0.6342417020350695,0.6342420550739895,0.9765610634349287,111090.87715715334,1.5397292809935237,111090.8771571539,4.977661468058122e-13
PINN Baseline,2,329,True,optimal,3.5303891998246747e-07,0.6032638479955494,0.6032642010344694,0.9194899997673929,108246.16012307258,1.5241912220063176,108246.16012204583,-9.485362192208207e-10
PINN Baseline,2,330,True,optimal,3.5303891998246747e-07,0.5823709978722036,0.5823713509111236,0.8984845150262117,109575.61994681974,1.5428034253754537,109575.61994681913,-5.577704601516574e-13
PINN Baseline,2,331,True,optimal,3.5303891998246747e-07,0.6481110118329525,0.6481113648718725,0.8370038759894669,109410.06602333559,1.291450700227942,109410.066023335,-5.320137628017933e-13
PINN Baseline,2,332,True,optimal,3.5303891998246747e-07,0.6100797839462757,0.6100801369851957,0.9377990239299834,113204.3194868807,1.5371735073432495,113204.31948688146,6.684370307643345e-13
PINN Baseline,2,333,True,optimal,3.5303891998246747e-07,0.5734837991185486,0.5734841521574686,0.9097868758253753,107734.8061896453,1.5864202566064352,107734.80618964534,4.052148718609421e-14
PINN Baseline,2,334,True,optimal,3.5303891998246747e-07,0.6267122970893979,0.6267126501283179,0.8939487091265619,107805.99735806006,1.426409230679368,107805.99735806,-5.399297102195543e-14
PINN Baseline,2,335,True,optimal,3.5303891998246747e-07,0.5959691680036485,0.5959695210425685,0.8917689099907875,106971.61876122677,1.496333081649474,106971.61876122655,-2.0405293567888e-13
PINN Baseline,2,336,True,optimal,3.5303891998246747e-07,0.5902273342944682,0.5902276873333882,0.9560095821507275,106491.83575307915,1.6197301527312606,106491.83575307921,5.465927082751446e-14
PINN Baseline,2,337,True,optimal,3.5303891998246747e-07,0.5689237951301038,0.5689241481690238,0.8925917111337185,103835.62310854188,1.5689116273344317,103835.62310870616,1.5820829701316583e-10
PINN Baseline,2,338,True,optimal,3.5303891998246747e-07,0.5327916108071804,0.5327919638461004,0.8755972776561975,107148.35084684085,1.6434130712773254,107148.35084684083,-2.7162182363716516e-14
PINN Baseline,2,339,True,optimal,3.5303891998246747e-07,0.6220500427298248,0.6220503957687448,1.0182363791391253,112924.0473812821,1.6369033539167908,112924.0473812824,2.7061571638846293e-13
PINN Baseline,2,340,True,optimal,3.5303891998246747e-07,0.6171658160164952,0.6171661690554152,1.000046556815505,110763.59593878694,1.620384601356383,110763.59593878702,7.882688407701521e-14
PINN Baseline,2,341,True,optimal,3.5303891998246747e-07,0.6032516481354833,0.6032520011744033,0.997040837071836,107422.74836331155,1.6527766756360687,107422.7483633115,-4.0639200123100226e-14
PINN Baseline,2,342,True,optimal,3.5303891998246747e-07,0.629871801007539,0.629872154046459,1.058524294756353,109500.5359754171,1.680538325049176,109500.53597541674,-3.1894452604251206e-13
PINN Baseline,2,343,True,optimal,3.5303891998246747e-07,0.6069392850622535,0.6069396381011735,0.8948297491297126,105563.10707218274,1.4743307125716996,105563.1070721829,1.5163542638298887e-13
PINN Baseline,2,344,True,optimal,3.5303891998246747e-07,0.5851164879277349,0.5851168409666548,0.9318492077291012,103699.66627424877,1.5925865442355405,103699.66627420446,-4.272972465812119e-11
PINN Baseline,2,345,True,optimal,3.5303891998246747e-07,0.5836716648191214,0.5836720178580413,0.9101484171114862,112643.22867075335,1.5593490680803022,112643.22867075379,3.875576561526181e-13
PINN Baseline,2,346,True,optimal,3.5303891998246747e-07,0.644638791680336,0.644639144719256,1.0229839100502431,108593.32892357405,1.5869093871048716,108593.32892357702,2.7336768621174475e-12
PINN Baseline,2,347,True,optimal,3.5303891998246747e-07,0.616482013836503,0.616482366875423,0.9079303788021207,105732.36140598565,1.4727596888194414,105732.36140613191,1.3833163093625484e-10
PINN Baseline,2,348,True,optimal,3.5303891998246747e-07,0.6537226992659271,0.6537230523048471,0.8803682937286794,110111.60761938708,1.346699172722675,110111.60761938697,-1.0572484077186232e-13
PINN Baseline,2,349,True,optimal,3.5303891998246747e-07,0.6915966151282191,0.6915969681671391,0.9113008677959442,108654.59924672732,1.3176762041208212,108654.59924672726,-5.3571281213133394e-14
PINN Baseline,2,350,True,optimal,3.5303891998246747e-07,0.5890023889951408,0.5890027420340608,0.870288179256022,109485.36028988406,1.4775621862991175,109485.3602898839,-1.4620317007517324e-13
PINN Baseline,2,351,True,optimal,3.5303891998246747e-07,0.6188894198276103,0.6188897728665302,0.9650231436826289,113176.65053129657,1.5592811288719515,113176.65053129628,-2.5715401825472527e-13
PINN Baseline,2,352,True,optimal,3.5303891998246747e-07,0.5855795661918819,0.5855799192308019,0.8822088651359081,109763.04729257303,1.5065558707934317,109763.04729257275,-2.518938715340115e-13
PINN Baseline,2,353,True,optimal,3.5303891998246747e-07,0.6235214481130242,0.6235218011519442,0.8337159361690283,104730.07713036379,1.3371079160804875,104730.07713036271,-1.0282067543583852e-12
PINN Baseline,2,354,True,optimal,3.5303891998246747e-07,0.6388491168618202,0.6388494699007402,0.9872983060777187,112822.5460726166,1.5454318311183979,112822.54607261666,5.159222419604224e-14
PINN Baseline,2,355,True,optimal,3.5303891998246747e-07,0.6239239699207246,0.6239243229596446,0.9367548399604857,108993.62857284583,1.501391764175661,108993.62857284561,-2.002674204755155e-13
PINN Baseline,2,356,True,optimal,3.5303891998246747e-07,0.6202012128196657,0.6202015658585857,0.9082200983539224,104788.44145280398,1.464395042435299,104788.44145280361,-3.4717367265455843e-13
PINN Baseline,2,357,True,optimal,3.5303891998246747e-07,0.6320882788859308,0.6320886319248508,0.8846721891313791,106557.46623255267,1.399601486958174,106557.46623255251,-1.5022041455330194e-13
PINN Baseline,2,358,True,optimal,3.5303891998246747e-07,0.590289254207164,0.590289607246084,0.8052338329143822,111883.17934300244,1.3641335084164725,111883.17934300294,4.422158189191799e-13
PINN Baseline,2,359,True,optimal,3.5303891998246747e-07,0.6083702496252954,0.6083706026642154,0.8463292447850108,109770.93820637313,1.3911409280440439,109770.93820637136,-1.6173075377410619e-12
PINN Baseline,2,360,True,optimal,3.5303891998246747e-07,0.7778839250095189,0.7778842780484388,0.9739057407714427,114375.06639013611,1.25199308978809,114375.06639013637,2.29013614922975e-13
PINN Baseline,2,361,True,optimal,3.5303891998246747e-07,0.5996823529712856,0.5996827060102056,0.7981172162108123,111383.20543071197,1.3308991708645834,111383.20543071322,1.1235667933960174e-12
PINN Baseline,2,362,True,optimal,3.5303891998246747e-07,0.625999609939754,0.625999962978674,0.8321125889196992,106458.26637003578,1.3292534155438072,106458.26637003571,-6.834563310370935e-14
PINN Baseline,2,363,True,optimal,3.5303891998246747e-07,0.5676652761176229,0.5676656291565428,0.7916768155992031,107310.86790541417,1.3946181958832065,107310.86790541447,2.847709889599038e-13
PINN Baseline,2,364,True,optimal,3.5303891998246747e-07,0.5971263353712857,0.5971266884102057,0.9052242902107537,107799.05292836315,1.5159668924208183,107799.05292836411,8.909414127324983e-13
PINN Baseline,2,365,True,optimal,3.5303891998246747e-07,0.6303134937770665,0.6303138468159865,0.8255964033305645,106374.74581989675,1.3098179700494328,106374.74581989698,2.1887774382847932e-13
PINN Baseline,2,366,True,optimal,3.5303891998246747e-07,0.6164707127027214,0.6164710657416413,0.8113734908401966,110505.54795936479,1.3161582691055893,110505.54795936534,5.004027298984845e-13
PINN Baseline,2,367,True,optimal,3.5303891998246747e-07,0.6593436640687287,0.6593440171076487,0.9834664529189467,108335.17437171166,1.4915831908707224,108335.17437171152,-1.3432308862528243e-13
PINN Baseline,2,368,True,optimal,3.5303891998246747e-07,0.5894092847593129,0.5894096377982329,0.9180475301109254,106875.16863143185,1.5575712903852994,106875.16863143182,-2.7231611261452834e-14
PINN Baseline,2,369,True,optimal,3.5303891998246747e-07,0.6141415140591562,0.6141418670980762,0.9190493058413267,106839.22156135617,1.4964772067795826,106839.22156135426,-1.7842706705058662e-12
PINN Baseline,2,370,True,optimal,3.5303891998246747e-07,0.6211237637326121,0.6211241167715321,0.9098826898261905,109336.4210106633,1.4648967336118948,109336.42101066376,4.258976862452124e-13
PINN Baseline,2,371,True,optimal,3.5303891998246747e-07,0.6028808900155127,0.6028812430544327,0.8658633576706052,104279.73759728012,1.4362088183135404,104279.73759728015,2.7909382136278797e-14
PINN Baseline,2,372,True,optimal,3.5303891998246747e-07,0.6352752489037812,0.6352756019427012,0.9023484727367759,111114.54460847471,1.4204047345393935,111114.54460847449,-1.9644478514908538e-13
PINN Baseline,2,373,True,optimal,3.5303891998246747e-07,0.6441610823385417,0.6441614353774617,0.9200741527602077,112538.28453573839,1.4283285248535071,112538.28453573927,7.758381223811342e-13
PINN Baseline,2,374,True,optimal,3.5303891998246747e-07,0.5848448658362031,0.5848452188751231,0.8561501330696046,106976.73233598561,1.463891822038492,106976.73233598584,2.176460605682086e-13
PINN Baseline,2,375,True,optimal,3.5303891998246747e-07,0.5858710212633014,0.5858713743022214,0.862736287061125,106190.95073919986,1.4725694493755606,106190.95073919963,-2.1925657698054807e-13
PINN Baseline,2,376,True,optimal,3.5303891998246747e-07,0.5909736519679427,0.5909740050068627,0.8510101060383022,105579.88392539581,1.4400127566159526,105579.8839253956,-2.0674272438085033e-13
PINN Baseline,2,377,True,optimal,3.5303891998246747e-07,0.6223945170640945,0.6223948701030145,0.8861241708509624,114840.79454043234,1.423733088777382,114840.79454043222,-1.0137105224045461e-13
PINN Baseline,2,378,True,optimal,3.5303891998246747e-07,0.6111805732361972,0.6111809262751172,0.8053176756948233,108932.88207971914,1.3176420288553266,108932.88207971906,-8.015163989354923e-14
PINN Baseline,2,379,True,optimal,3.5303891998246747e-07,0.6132047418504953,0.6132050948894153,0.842996730003506,110008.7598439287,1.3747386266507309,110008.75984392861,-7.936776261642383e-14
PINN Baseline,2,380,True,optimal,3.5303891998246747e-07,0.6858650129288435,0.6858653659677635,0.854399180971086,107874.8612892794,1.2457243409069352,107874.86128927965,2.293236403047142e-13
PINN Baseline,2,381,True,optimal,3.5303891998246747e-07,0.630286131054163,0.630286484093083,0.8202102859504521,107874.34558350948,1.3013293266642862,107874.34558350922,-2.4281442700185865e-13
PINN Baseline,2,382,True,optimal,3.5303891998246747e-07,0.5995291690342128,0.5995295220731328,0.8189611732959747,106632.06366280705,1.366006415270531,106632.06366280682,-2.1834956171356578e-13
PINN Baseline,2,383,True,optimal,3.5303891998246747e-07,0.6136312643066049,0.6136316173455248,0.8353173420764506,114182.74037335,1.3612684197889016,114182.74037335053,4.71543126123149e-13
PINN Baseline,2,384,True,optimal,3.5303891998246747e-07,0.6231857612729073,0.6231861143118272,0.8659704979509115,105814.60843361352,1.3895856760338547,105814.60843361344,-8.251364595369552e-14
PINN Baseline,2,385,True,optimal,3.5303891998246747e-07,0.617344057187438,0.617344410226358,0.826489828992635,108006.34727785902,1.3387823965063375,108006.34727785917,1.3473203746933816e-13
PINN Baseline,2,386,True,optimal,3.5303891998246747e-07,0.6557313217781484,0.6557316748170684,0.852880849968642,109599.43152054245,1.3006552569030205,109599.43152054262,1.5932836541006353e-13
PINN Baseline,2,387,True,optimal,3.5303891998246747e-07,0.5903185126371682,0.5903188656760882,0.8064420954324305,112588.65601743093,1.3661126931947498,112588.65601743122,2.5849700570391266e-13
PINN Baseline,2,388,True,optimal,3.5303891998246747e-07,0.6357407602481544,0.6357411132870744,0.906774319242686,106739.97002131528,1.4263263776574793,106739.9700213153,1.3633051635166216e-14
PINN Baseline,2,389,True,optimal,3.5303891998246747e-07,0.6112700970843434,0.6112704501232634,0.876912300940603,110058.52590178823,1.4345733558096463,110058.5259017881,-1.1899781137553262e-13
PINN Baseline,2,390,True,optimal,3.5303891998246747e-07,0.6144611989147961,0.6144615519537161,0.883241503033787,109950.31893064486,1.4374235462340474,109950.31893064515,2.646998275202093e-13
PINN Baseline,2,391,True,optimal,3.5303891998246747e-07,0.6214299220591784,0.6214302750980983,0.8523428533226252,107158.6697221816,1.37158244050481,107158.66972218144,-1.4937761725395983e-13
PINN Baseline,2,392,True,optimal,3.5303891998246747e-07,0.6893124459311366,0.6893127989700566,0.944452861789614,107973.01360821344,1.3701368423751559,107973.01360821286,-5.390945289781148e-13
PINN Baseline,2,393,True,optimal,3.5303891998246747e-07,0.6689408062957227,0.6689411593346427,0.9875644720159471,106965.81925266741,1.4763099238776407,106965.81925266726,-1.3604266605945684e-13
PINN Baseline,2,394,True,optimal,3.5303891998246747e-07,0.4389050737954676,0.4389054268343876,0.8301046290434897,107833.88417755906,1.8913063687333114,107833.8841775593,2.294107837893485e-13
PINN Baseline,2,395,True,optimal,3.5303891998246747e-07,0.7376902168616652,0.7376905699005852,0.8508656159974635,110205.92806458374,1.1534180464203714,110205.92806458374,0.0
PINN Baseline,2,396,True,optimal,3.5303891998246747e-07,0.6381538938730955,0.6381542469120155,0.9016141397878528,111958.83491557324,1.4128467281236496,111958.8349155731,-1.2997558646747503e-13
PINN Baseline,2,397,True,optimal,3.5303891998246747e-07,0.6550224958918989,0.6550228489308189,0.9727987549267709,112092.59072220678,1.4851371314980104,112092.59072220695,1.557845898781671e-13
PINN Baseline,2,398,True,optimal,3.5303891998246747e-07,0.606586470734328,0.606586823773248,0.8033285168930888,105783.17088951723,1.3243421805571334,105783.17088951718,-5.502544537472888e-14
PINN Baseline,2,399,True,optimal,3.5303891998246747e-07,0.606286761816591,0.606287114855511,0.808748871088028,104374.11480193537,1.3339370922978746,104374.1148019353,-6.971036475845169e-14
PINN Baseline,2,400,True,optimal,3.5303891998246747e-07,0.6367280785925686,0.6367284316314886,0.8814005539752543,112000.79321215222,1.3842644841802376,112000.79321215232,9.094882605484589e-14
PINN Baseline,2,401,True,optimal,3.5303891998246747e-07,0.6300253518857062,0.6300257049246262,0.8861131300218403,109074.4832637905,1.4064713917154403,109074.48326379064,1.2007137979151804e-13
PINN Baseline,2,402,True,optimal,3.5303891998246747e-07,0.6001440840773284,0.6001444371162484,0.8370235050097108,108294.60957158716,1.3947034301137389,108294.60957158725,8.062404187577282e-14
PINN Baseline,2,403,True,optimal,3.5303891998246747e-07,0.606765806209296,0.606766159248216,0.8461694200523198,105985.20888531888,1.39455605286347,105985.20888531677,-1.9908699811087276e-12
PINN Baseline,2,404,True,optimal,3.5303891998246747e-07,0.6165288547053933,0.6165292077443133,0.8803270212374628,108061.13869484568,1.4278756142929592,108061.13869484563,-4.039911684475231e-14
PINN Baseline,2,405,True,optimal,3.5303891998246747e-07,0.6082103583030403,0.6082107113419603,0.8451522761024535,108437.44858686099,1.3895715092516272,108437.44858686069,-2.8181244005470934e-13
PINN Baseline,2,406,True,optimal,3.5303891998246747e-07,0.6501824520528316,0.6501828050917516,0.8775546639226377,101888.85036902493,1.349704509332264,101888.85037049808,1.4458388537047812e-09
PINN Baseline,2,407,True,optimal,3.5303891998246747e-07,0.5953013030812144,0.5953016561201344,0.9119248948991299,108733.57081786447,1.5318702468301206,108733.57081786427,-1.8736330616640105e-13
PINN Baseline,2,408,True,optimal,3.5303891998246747e-07,0.5671217599883676,0.5671221130272875,0.7969103739596903,106965.67169140543,1.4051830384567394,106965.67169140563,1.9045999522621157e-13
PINN Baseline,2,409,True,optimal,3.5303891998246747e-07,0.6334855100139976,0.6334858630529175,0.9236816139891744,107424.43580618581,1.458093491680675,107424.43580618581,0.0
PINN Baseline,2,410,True,optimal,3.5303891998246747e-07,0.5820356509648263,0.5820360040037463,0.9160873708315194,107907.189861359,1.5739359155273545,107907.18986135893,-6.74279223055637e-14
PINN Baseline,2,411,True,optimal,3.5303891998246747e-07,0.5966916289180517,0.5966919819569717,0.8277098420076072,108776.57554964954,1.3871643444796524,108776.57554964947,-6.688901151206417e-14
PINN Baseline,2,412,True,optimal,3.5303891998246747e-07,0.5961105711758137,0.5961109242147337,0.8758368892595172,110810.13079711955,1.4692515330318279,110810.13079711981,2.3638134187403396e-13
PINN Baseline,2,413,True,optimal,3.5303891998246747e-07,0.6369192400015891,0.636919593040509,0.8829660899937153,111338.7767182591,1.3863069995674593,111338.77671825893,-1.5683932219076085e-13
PINN Baseline,2,414,True,optimal,3.5303891998246747e-07,0.6398831787519157,0.6398835317908357,0.797339831944555,111409.91693083693,1.2460702492421518,111409.91693083681,-1.0449278218132523e-13
PINN Baseline,2,415,True,optimal,3.5303891998246747e-07,0.6468910803087056,0.6468914333476256,0.7992199142463505,115212.117634057,1.2354776598453838,115212.11763405662,-3.2839409925549097e-13
PINN Baseline,2,416,True,optimal,3.5303891998246747e-07,0.6424372843466699,0.6424376373855899,0.9150721300393343,109646.3999540768,1.4243750315800843,109646.39995335176,-6.612479977836174e-10
PINN Baseline,2,417,True,optimal,3.5303891998246747e-07,0.56932278489694,0.56932313793586,0.7735827579163015,105625.16988998116,1.3587762491456186,105625.16988997739,-3.5682272019753784e-12
PINN Baseline,2,418,True,optimal,3.5303891998246747e-07,0.5910589750856161,0.5910593281245361,0.8545772968791425,111955.06742457992,1.4458401318032887,111955.06742459399,1.2569062168901237e-11
PINN Baseline,2,419,True,optimal,3.5303891998246747e-07,0.695457773283124,0.695458126322044,0.9190454841591418,108963.50962376448,1.32149650622324,108963.50962376437,-9.348396261306912e-14
PINN Baseline,2,420,True,optimal,3.5303891998246747e-07,1.025766521692276,1.0257668747311959,1.0284889223985374,111076.53948493626,1.002653670862646,111076.53948494463,7.53295997076474e-12
PINN Baseline,2,421,True,optimal,3.5303891998246747e-07,1.036275006365031,1.0362753594039509,0.9207981117069721,109425.64021390206,0.8885650935834281,109425.64021390212,5.3193804303712334e-14
PINN Baseline,2,422,True,optimal,3.5303891998246747e-07,0.6155502051115036,0.6155505581504236,0.9237996218726039,107440.48677403515,1.500769692498358,107440.48677403505,-9.480914472474729e-14
PINN Baseline,2,423,True,optimal,3.5303891998246747e-07,0.6363200671039522,0.6363204201428722,0.921409725677222,110845.94858247251,1.4480279062399712,110845.94858247241,-9.189637321095116e-14
PINN Baseline,2,424,True,optimal,3.5303891998246747e-07,0.5811187992803752,0.5811191523192952,0.8676070729270577,110809.96706087151,1.4929934239206628,110809.96706087151,0.0
PINN Baseline,2,425,True,optimal,3.5303891998246747e-07,0.5284235123544931,0.5284238653934131,0.8319389251992106,108581.16514287694,1.5743780318851224,108581.16514287709,1.340187794929135e-13
PINN Baseline,2,426,True,optimal,3.5303891998246747e-07,0.6116831176914275,0.6116834707303475,0.8809594409540296,105809.85993475065,1.4402210998151834,105809.85993475087,2.0629337243250095e-13
PINN Baseline,2,427,True,optimal,3.5303891998246747e-07,0.6148335463367403,0.6148338993756602,0.8425523461773992,108204.36015236971,1.3703739286870456,108204.36015237137,1.5331344630639547e-12
PINN Baseline,2,428,True,optimal,3.5303891998246747e-07,0.6234104656614363,0.6234108187003563,0.827243804000318,106463.77297047344,1.3269641449676775,106463.77297047368,2.3236313346779973e-13
PINN Baseline,2,429,True,optimal,3.5303891998246747e-07,0.5707375542260706,0.5707379072649906,0.9176912908442318,112568.39542472268,1.6079031709000409,112568.39542472245,-2.0683482497498096e-13
PINN Baseline,2,430,True,optimal,3.5303891998246747e-07,0.6323608541861176,0.6323612072250376,0.847563955001533,103937.19019318148,1.3403161758148638,103937.19019318193,4.340211345341585e-13
PINN Baseline,2,431,True,optimal,3.5303891998246747e-07,0.5962085137143731,0.5962088667532931,0.8947573648765683,104508.25467821796,1.5007448140599566,104508.25467789148,-3.123889296148154e-10
PINN Baseline,2,432,True,optimal,3.5303891998246747e-07,0.6219546687789261,0.6219550218178461,0.9320272724144161,107632.85970318058,1.498544492317616,107632.85970317991,-6.219179740748768e-13
PINN Baseline,2,433,True,optimal,3.5303891998246747e-07,0.6031832699663937,0.6031836230053137,0.8161880937404931,108611.28770293827,1.3531337102189576,108611.28770293818,-8.038896620856385e-14
PINN Baseline,2,434,True,optimal,3.5303891998246747e-07,0.714410814922303,0.714411167961223,1.0912307379767299,112684.64183857925,1.5274547584283567,112684.64183857862,-5.552951534567916e-13
PINN Baseline,2,435,True,optimal,3.5303891998246747e-07,0.5792697882279754,0.5792701412668954,0.8904316322878003,105041.03036194906,1.5371612808151613,105041.03036194899,-6.926776697745655e-14
PINN Baseline,2,436,True,optimal,3.5303891998246747e-07,0.5875765969976783,0.5875769500365983,1.003959143999964,114115.51969072767,1.7086428321217002,114115.51969072806,3.4430173234169635e-13
PINN Baseline,2,437,True,optimal,3.5303891998246747e-07,0.5966201727278531,0.596620525766773,1.0153893940150738,107604.28620758772,1.7019015440511396,107604.2862075889,1.0954072324068802e-12
PINN Baseline,2,438,True,optimal,3.5303891998246747e-07,0.5412870231084526,0.5412873761473725,0.8456313032656908,104327.87583813164,1.5622594217594623,104327.87583816625,3.316894371236543e-11
PINN Baseline,2,439,True,optimal,3.5303891998246747e-07,0.5980269010178745,0.5980272540567945,0.9928864021785557,108858.44788314661,1.6602694867887435,108858.44788314695,3.0745804001515136e-13
PINN Baseline,2,440,True,optimal,3.5303891998246747e-07,0.644854552578181,0.644854905617101,1.0679153227247298,104772.49305100169,1.6560552047018646,104772.49305099888,-2.6805887282911716e-12
PINN Baseline,2,441,True,optimal,3.5303891998246747e-07,0.5783812738955021,0.5783816269344221,1.0068236622028053,113123.61387207199,1.740760105986148,113123.61387201988,-4.6065013880931835e-11
PINN Baseline,2,442,True,optimal,3.5303891998246747e-07,0.6482344986870885,0.6482348517260085,1.0226819128729403,111802.68883871827,1.5776410511559482,111802.6888387183,2.6031422642006073e-14
PINN Baseline,2,443,True,optimal,3.5303891998246747e-07,0.6405696561560035,0.6405700091949235,1.013938448857516,103920.21325714783,1.5828690608413698,103920.21325738584,2.2903256066865063e-10
PINN Baseline,2,444,True,optimal,3.5303891998246747e-07,0.5955273960717022,0.5955277491106222,0.9637018931098282,113398.85651676399,1.6182317189233375,113398.85651676399,0.0
PINN Baseline,2,445,True,optimal,3.5303891998246747e-07,0.5501180402934551,0.5501183933323751,0.9281413019634783,112497.61759087513,1.6871664594619475,112497.61759087528,1.2935309689213527e-13
PINN Baseline,2,446,True,optimal,3.5303891998246747e-07,0.566267488989979,0.566267842028899,0.9822977217845619,106482.85288044706,1.734687455083192,106482.85288044672,-3.1431732076920703e-13
PINN Baseline,2,447,True,optimal,3.5303891998246747e-07,0.6103093000128865,0.6103096530518065,0.9227206860668957,110698.28389120821,1.5118893850898505,110698.28389120844,2.1032904528374657e-13
PINN Baseline,2,448,True,optimal,3.5303891998246747e-07,0.5831205132417381,0.5831208662806581,0.9005281021818519,111173.72372800087,1.544324949175159,111173.72372800091,3.9268043042175405e-14
PINN Baseline,2,449,True,optimal,3.5303891998246747e-07,0.6018659961409867,0.6018663491799067,0.9076155941002071,106201.92277263598,1.5080018933387942,106201.92277263581,-1.6442544370335604e-13
PINN Baseline,2,450,True,optimal,3.5303891998246747e-07,0.5601363182067871,0.5601366712457071,0.8955520777963102,107976.71093528306,1.5988099400895524,107976.71093528232,-6.873219884346386e-13
PINN Baseline,2,451,True,optimal,3.5303891998246747e-07,0.5741858878172934,0.5741862408562134,0.8421955523081124,104456.49102986546,1.466763729921932,104456.49102986525,-1.950350918248707e-13
PINN Baseline,2,452,True,optimal,3.5303891998246747e-07,0.6236204360611737,0.6236207891000937,0.9259513840079308,107110.85685873925,1.484798775461143,107110.85685873944,1.7661598788090934e-13
PINN Baseline,2,453,True,optimal,3.5303891998246747e-07,0.608158799353987,0.608159152392907,0.895645247772336,110399.25094006842,1.4727152329258968,110399.25094006864,1.97717581022355e-13
PINN Baseline,2,454,True,optimal,3.5303891998246747e-07,0.6184444688260555,0.6184448218649755,0.9448422328568995,105621.44935425,1.527771273122869,105621.44935425013,1.2399681869166833e-13
PINN Baseline,2,455,True,optimal,3.5303891998246747e-07,0.6555088278837502,0.6555091809226702,0.9737071008421481,108653.38629094354,1.485420996654226,108653.38629094347,-6.6964849072448e-14
PINN Baseline,2,456,True,optimal,3.5303891998246747e-07,0.5736315962858498,0.5736319493247698,0.8889662497676909,105840.6726193081,1.5497153720501544,105840.67261930818,8.24933262510968e-14
PINN Baseline,2,457,True,optimal,3.5303891998246747e-07,0.5969050065614283,0.5969053596003483,0.9722022050991654,111105.71276750744,1.6287376038139332,111105.71276750734,-9.168152029384904e-14
PINN Baseline,2,458,True,optimal,3.5303891998246747e-07,0.6004407019354403,0.6004410549743603,0.9281052518635988,114468.52855922972,1.5457058510151847,114468.52855922967,-3.8137771346044394e-14
PINN Baseline,2,459,True,optimal,3.5303891998246747e-07,0.5776605452410877,0.5776608982800077,1.01120340032503,113496.20049732171,1.7505138452955713,113496.20049732176,3.8464499687045246e-14
PINN Baseline,2,460,True,optimal,3.5303891998246747e-07,0.6529368278570473,0.6529371808959673,0.9932913430966437,115424.40220860454,1.521266321108623,115424.40220860488,2.8996819030307886e-13
PINN Baseline,2,461,True,optimal,3.5303891998246747e-07,0.6318020252510905,0.6318023782900105,0.9310415871441364,104742.84670573632,1.47362786076245,104742.84670573658,2.5007385453870646e-13
PINN Baseline,2,462,True,optimal,3.5303891998246747e-07,0.5920993289910257,0.5920996820299457,0.8851519371382892,103204.35343702545,1.4949373627488662,103204.35343710927,8.121656589471182e-11
PINN Baseline,2,463,True,optimal,3.5303891998246747e-07,0.5834900517947972,0.5834904048337172,0.8617429649457335,106727.31746038269,1.4768759825473268,106727.31746038256,-1.2271201054398923e-13
PINN Baseline,2,464,True,optimal,3.5303891998246747e-07,0.6308352081105113,0.6308355611494313,0.9338427660986781,109838.47987038629,1.480326765975501,109838.47987038644,1.3248467427388545e-13
PINN Baseline,2,465,True,optimal,3.5303891998246747e-07,0.5926977777853608,0.5926981308242808,0.7594546903856099,107070.82317194619,1.2813515867333956,107070.8231719463,9.513647470047412e-14
PINN Baseline,2,466,True,optimal,3.5303891998246747e-07,0.6260563437826931,0.6260566968216131,0.9062221581116319,103307.55582421695,1.4475081293952652,103307.55582422648,9.226338188465736e-12
PINN Baseline,2,467,True,optimal,3.5303891998246747e-07,0.5795140778645873,0.5795144309035073,0.8747976617887616,102788.42153276311,1.5095355959037728,102788.42153276339,2.6898592780787284e-13
PINN Baseline,2,468,True,optimal,3.5303891998246747e-07,0.6163073098286986,0.6163076628676186,0.8552575651556253,104447.54723788997,1.387712041703646,104447.54723770422,-1.7784543802357217e-10
PINN Baseline,2,469,True,optimal,3.5303891998246747e-07,0.6539102406241,0.65391059366302,0.9559142529033124,109807.52667641033,1.461842432538911,109807.52667641027,-5.3008807934449186e-14
PINN Baseline,2,470,True,optimal,3.5303891998246747e-07,0.6111706090159714,0.6111709620548914,0.8950839340686798,105728.42361081821,1.464539367281473,105728.42361081734,-8.258090718498836e-13
PINN Baseline,2,471,True,optimal,3.5303891998246747e-07,0.6064391741529107,0.6064395271918307,0.8189804442226887,104681.03706712554,1.3504733901746917,104681.03706712066,-4.656900369048624e-12
PINN Baseline,2,472,True,optimal,3.5303891998246747e-07,0.5855597900226712,0.5855601430615912,0.8809517021290958,105632.42457511609,1.5044598109479494,105632.42457511579,-2.892958492857429e-13
PINN Baseline,2,473,True,optimal,3.5303891998246747e-07,0.5608277027495205,0.5608280557884405,0.8941402831114829,102916.578421145,1.5943215997895381,102916.57842094566,-1.936832120307012e-10
PINN Baseline,2,474,True,optimal,3.5303891998246747e-07,0.6298118168488145,0.6298121698877345,0.9002342531457543,106488.68347819927,1.4293694154976764,106488.68347819915,-1.0932177769928743e-13
PINN Baseline,2,475,True,optimal,3.5303891998246747e-07,0.5617887680418789,0.5617891210807989,0.870958250015974,104597.68402007932,1.5503295050291817,104597.68402007915,-1.669472745752959e-13
PINN Baseline,2,476,True,optimal,3.5303891998246747e-07,0.641849007923156,0.641849360962076,0.9575857911258936,112662.89666196925,1.4919167165494351,112662.89666196912,-1.1624699962069346e-13
PINN Baseline,2,477,True,optimal,3.5303891998246747e-07,0.7027771337889135,0.7027774868278335,1.0033926307223737,106546.50925522478,1.4277529510107727,106546.50925522478,0.0
PINN Baseline,2,478,True,optimal,3.5303891998246747e-07,0.6359753012657166,0.6359756543046365,0.9786846269853413,111730.64560452336,1.5388712136401135,111730.64560452332,-3.9072311315216434e-14
PINN Baseline,2,479,True,optimal,3.5303891998246747e-07,0.6395985269919038,0.6395988800308238,0.9151657982729375,109208.86783142127,1.4308433407963965,109208.86783142152,2.2652240957584606e-13
PINN Baseline,2,480,True,optimal,3.5303891998246747e-07,0.6305779269896448,0.6305782800285648,0.9707293957471848,114488.2557988966,1.5394272630246817,114488.25579889746,7.499135981089152e-13
PINN Baseline,2,481,True,optimal,3.5303891998246747e-07,0.6349813309498131,0.6349816839887331,0.9184165960177779,113318.05450726896,1.4463670672335078,113318.05450727182,2.5298063159073908e-12
PINN Baseline,2,482,True,optimal,3.5303891998246747e-07,0.6024119472131133,0.6024123002520333,0.9706826438196003,105332.14998899367,1.6113260692278237,105332.14998899389,2.0722896897890255e-13
PINN Baseline,2,483,True,optimal,3.5303891998246747e-07,0.6613943809643388,0.6613947340032588,1.053954535163939,111323.99483385583,1.593533303152586,111323.9948338564,5.097954800789378e-13
PINN Baseline,2,484,True,optimal,3.5303891998246747e-07,0.6624313769862056,0.6624317300251256,1.0393447941169143,106296.7901972169,1.5689840130053745,106296.79019721679,-1.0951913186742947e-13
PINN Baseline,2,485,True,optimal,3.5303891998246747e-07,0.6321577867493033,0.6321581397882233,0.9125730888918042,106542.14577448895,1.443583545720888,106542.14577448866,-2.731673014952782e-13
PINN Baseline,2,486,True,optimal,3.5303891998246747e-07,0.55213060695678,0.5521309599956999,0.9124692366458476,104462.59503026825,1.6526318985136315,104462.59503026829,4.1790791883402105e-14
PINN Baseline,2,487,True,optimal,3.5303891998246747e-07,0.5975144649855793,0.5975148180244992,0.8803004403598607,104368.48381050679,1.4732696391870346,104368.48381050656,-2.2308520269069057e-13
PINN Baseline,2,488,True,optimal,3.5303891998246747e-07,0.5694588245823979,0.5694591776213179,0.9869573856703937,107448.5030713416,1.7331486161887903,107448.50307134133,-2.573199080822876e-13
PINN Baseline,2,489,True,optimal,3.5303891998246747e-07,0.5591863780282438,0.5591867310671638,0.9408139251172543,106772.7713769927,1.6824682576458585,106772.77137752877,5.020600723098665e-10
PINN Baseline,2,490,True,optimal,3.5303891998246747e-07,0.590370318852365,0.590370671891285,0.9639288303442299,108888.28509095663,1.6327518900222986,108888.28509095666,2.6728155772150027e-14
PINN Baseline,2,491,True,optimal,3.5303891998246747e-07,0.6357077481225133,0.6357081011614333,0.9280319409444928,109622.07756003147,1.4598397271467618,109622.0775600313,-1.4602082999601693e-13
PINN Baseline,2,492,True,optimal,3.5303891998246747e-07,0.6890943222679198,0.6890946753068398,0.9343566759489477,107812.04931902977,1.355919163840437,107812.04931902996,1.7546730552257303e-13
PINN Baseline,2,494,True,optimal,3.5303891998246747e-07,0.6297222399152815,0.6297225929542015,0.8955637812614441,108162.31709218716,1.4221560275614515,108162.31709028786,-1.7559733137673366e-09
PINN Baseline,2,495,True,optimal,3.5303891998246747e-07,0.6214239159598947,0.6214242689988146,0.8936912487260997,105474.09374154238,1.4381338053725166,105474.09374154235,-2.7593344890974655e-14
PINN Baseline,2,496,True,optimal,3.5303891998246747e-07,0.6040672501549125,0.6040676031938325,0.8041134430095553,104170.09187507343,1.3311646556743624,104170.0918722353,-2.7245178875028504e-09
PINN Baseline,2,497,True,optimal,3.5303891998246747e-07,0.6387780313380063,0.6387783843769262,0.8664756249636412,111829.70407735379,1.35645733505653,111829.70407735377,-1.3012567053115994e-14
PINN Baseline,2,498,True,optimal,3.5303891998246747e-07,0.6497331308200955,0.6497334838590155,0.8653361857868731,107424.00577862668,1.3318325240794282,107424.00577862668,0.0
PINN Baseline,2,499,True,optimal,3.5303891998246747e-07,0.6169631667435169,0.6169635197824369,0.861282086931169,107772.40106358481,1.3960016424226953,107772.40106358475,-5.400980245315809e-14
PINN Baseline,2,500,True,optimal,3.5303891998246747e-07,0.6256972588598728,0.6256976118987928,1.1671756291761994,107293.42328192442,1.865398887546004,107293.423281925,5.425091224885316e-13
PINN Baseline,2,501,True,optimal,3.5303891998246747e-07,0.584955882281065,0.584956235319985,0.8056107587181032,103431.31842245994,1.3772154395061964,103431.31842245864,-1.2521550291322754e-12
PINN Baseline,2,502,True,optimal,3.5303891998246747e-07,0.5743011659942567,0.5743015190331767,0.7531627640128136,101819.34660340639,1.3114413579834259,101819.34660340665,2.5725412983728603e-13
PINN Baseline,2,503,True,optimal,3.5303891998246747e-07,0.6393519369885325,0.6393522900274525,0.842844950966537,107912.13033728262,1.3182793963721424,107912.13033728249,-1.2136470352865764e-13
PINN Baseline,2,504,True,optimal,3.5303891998246747e-07,0.6373254577629268,0.6373258108018468,0.8883046028204262,108325.37179096325,1.393799823833923,108325.37179096337,1.0746819503336931e-13
PINN Baseline,2,505,True,optimal,3.5303891998246747e-07,0.5882404167205095,0.5882407697594295,0.860262646805495,111544.98527225973,1.4624328863796932,111544.98527225945,-2.478698514900696e-13
PINN Baseline,2,506,True,optimal,3.5303891998246747e-07,0.5719371470622718,0.5719375001011918,0.7732022469863296,112353.71909676278,1.3518998961416735,112353.71909677355,9.584388799553088e-12
PINN Baseline,2,507,True,optimal,3.5303891998246747e-07,0.592548131942749,0.592548484981669,0.8490262189880013,108097.30678845945,1.432838392986975,108097.30678845951,5.384746636414969e-14
PINN Baseline,2,508,True,optimal,3.5303891998246747e-07,0.5592919047921896,0.5592922578311096,0.7783896378241479,106004.36828998904,1.3917404128615698,106004.36828985621,-1.2530604572932203e-10
PINN Baseline,2,509,True,optimal,3.5303891998246747e-07,0.5978548903949559,0.5978552434338759,0.7623853902332485,109468.06429120897,1.275200641972073,109468.06429120907,9.305308105895529e-14
PINN Baseline,2,510,True,optimal,3.5303891998246747e-07,0.5972955110482872,0.5972958640872071,0.8458887282758951,108226.52028537389,1.4161971966248081,108226.5202853733,-5.378317695143876e-13
PINN Baseline,2,511,True,optimal,3.5303891998246747e-07,0.5776372798718512,0.5776376329107712,0.7870990801602602,104156.91767147282,1.362617383832824,104156.917671527,5.201457724209141e-11
PINN Baseline,2,512,True,optimal,3.5303891998246747e-07,0.6256294320337474,0.6256297850726674,0.8395769740454853,107189.6797658741,1.3419709132741622,107189.67976587388,-2.0363782119908528e-13
PINN Baseline,2,513,True,optimal,3.5303891998246747e-07,0.6061711721122265,0.6061715251511465,0.8144246363081038,109405.98370017376,1.3435547572199638,109405.98370017082,-2.686769751264926e-12
PINN Baseline,2,514,True,optimal,3.5303891998246747e-07,0.5911387698724866,0.5911391229114066,0.7948208721354604,103620.39137791484,1.3445580597354228,103620.39137791164,-3.0895669353001915e-12
PINN Baseline,2,515,True,optimal,3.5303891998246747e-07,0.5914621693082154,0.5914625223471354,0.8222398296929896,110540.15018643468,1.3901807783696034,110540.15018648843,4.8629185651480916e-11
PINN Baseline,2,516,True,optimal,3.5303891998246747e-07,0.5602235780097544,0.5602239310486744,0.7654921398498118,105063.60454266005,1.3664038564309438,105063.60454266092,8.310346075624041e-13
PINN Baseline,2,517,True,optimal,3.5303891998246747e-07,0.6272009499371052,0.6272013029760252,0.8768458473496139,107951.70810380334,1.3980293777915374,107951.7081038031,-2.1568037017995696e-13
PINN Baseline,2,518,True,optimal,3.5303891998246747e-07,0.6176794893108308,0.6176798423497508,0.8212090753950179,107488.36728535945,1.3295060306177549,107488.36728536132,1.746418809651981e-12
PINN Baseline,2,519,True,optimal,3.5303891998246747e-07,0.6295968438498676,0.6295971968887876,0.8785298648290336,110261.51852472243,1.3953840156378867,110261.51852472188,-5.015102150565384e-13
PINN Baseline,2,520,True,optimal,3.5303891998246747e-07,0.5997653636150062,0.5997657166539262,0.7526054349727929,107331.48111551194,1.2548323688315408,107331.48111551213,1.7625294648191416e-13
PINN Baseline,2,521,True,optimal,3.5303891998246747e-07,0.5761758247390389,0.5761761777779589,0.7251175460405648,107490.44709958471,1.258499698541864,107490.44709958488,1.6245442032501965e-13
PINN Baseline,2,522,True,optimal,3.5303891998246747e-07,0.6561499917879701,0.65615034482689,0.8074297970160842,108699.84046646228,1.230556081212006,108699.84046646187,-3.7484289272713846e-13
PINN Baseline,2,523,True,optimal,3.5303891998246747e-07,0.6126681929454207,0.6126685459843407,0.7699974719434977,108256.6188459699,1.2567928890594264,108256.61884597,9.409439134941176e-14
PINN Baseline,2,524,True,optimal,3.5303891998246747e-07,0.5949191222898662,0.5949194753287862,0.8291764622554183,106794.03817920828,1.3937625118040864,106794.03817920854,2.4527068980298126e-13
PINN Baseline,2,525,True,optimal,3.5303891998246747e-07,0.6070502977818251,0.607050650820745,0.8034917400218546,109443.25806577783,1.3235991740318822,109443.25806577757,-2.393335859511555e-13
PINN Baseline,2,526,True,optimal,3.5303891998246747e-07,0.5243063471280038,0.5243067001669238,0.7512882850132883,113925.33186431999,1.4329175743397904,113925.3318643195,-4.3428894142148845e-13
PINN Baseline,2,527,True,optimal,3.5303891998246747e-07,0.667542717885226,0.667543070924146,0.9068760671652853,112865.61676988886,1.3585281709385537,112865.61676989004,1.044343855313232e-12
PINN Baseline,2,528,True,optimal,3.5303891998246747e-07,0.6131366291083395,0.6131369821472595,0.7948202290572226,103236.3639732345,1.2963175476280886,103236.36397320525,-2.8332409708463466e-11
PINN Baseline,2,529,True,optimal,3.5303891998246747e-07,0.6228585578501225,0.6228589108890424,0.7263587927445769,107549.73519276289,1.1661690634044284,107549.73519276286,-2.7060810893276958e-14
PINN Baseline,2,530,True,optimal,3.5303891998246747e-07,0.6042243419215083,0.6042246949604283,0.7596041532233357,111277.03256146854,1.257155094055008,111277.0325614684,-1.307719562015503e-13
PINN Baseline,2,531,True,optimal,3.5303891998246747e-07,0.6107560740783811,0.610756427117301,0.8289685426279902,111405.34432159908,1.3572817342923837,111405.34432160176,2.4034326345153456e-12
PINN Baseline,2,532,True,optimal,3.5303891998246747e-07,0.6163803762756288,0.6163807293145488,0.7819097391329706,106872.00448588983,1.268549943153641,106872.00448588992,8.169725251268093e-14
PINN Baseline,2,533,True,optimal,3.5303891998246747e-07,0.5453980383463204,0.5453983913852404,0.7878091116435826,112276.29590018101,1.4444654111330448,112276.29590018104,2.5921616155389024e-14
PINN Baseline,2,534,True,optimal,3.5303891998246747e-07,0.6536082113161683,0.6536085643550883,0.7610769458115101,104824.04077857218,1.1644231537303373,104824.04077857199,-1.8046899982455137e-13
PINN Baseline,2,535,True,optimal,3.5303891998246747e-07,0.622372979298234,0.622373332337154,0.7765553430654109,108359.37091982891,1.2477323540667595,108359.37091982896,4.028792832084622e-14
PINN Baseline,2,536,True,optimal,3.5303891998246747e-07,0.658884366042912,0.658884719081832,0.8149312590248883,111098.18085359836,1.236834358763867,111098.18085360657,7.387411860158355e-12
PINN Baseline,2,537,True,optimal,3.5303891998246747e-07,0.6241092439740896,0.6241095970130096,0.8329696063883603,112494.5151460749,1.3346527763312008,112494.51514607323,-1.487601639145851e-12
PINN Baseline,2,538,True,optimal,3.5303891998246747e-07,0.6236231359653175,0.6236234890042375,0.7957637431100011,111903.80593990853,1.2760323450622848,111903.80593990846,-6.501975114314305e-14
PINN Baseline,2,539,True,optimal,3.5303891998246747e-07,0.6053903098218143,0.6053906628607343,0.8249535760842264,109837.87395889914,1.362679715253555,109837.87395889041,-7.949124306873665e-12
PINN Baseline,2,540,True,optimal,3.5303891998246747e-07,0.5951718417927623,0.5951721948316823,0.7674095658585429,105513.96925896323,1.2893908225594615,105513.96925896342,1.7928895983855614e-13
PINN Baseline,2,541,True,optimal,3.5303891998246747e-07,0.6002631396986544,0.6002634927375744,0.8203880316577852,110290.34432749341,1.3667131877641037,110290.34432749379,3.430488845098494e-13
PINN Baseline,2,542,True,optimal,3.5303891998246747e-07,0.6079870359972119,0.6079873890361319,0.7356625441461802,106249.35491953969,1.2099963871166095,106249.35491988344,3.235269915613065e-10
PINN Baseline,2,543,True,optimal,3.5303891998246747e-07,0.5899434559978545,0.5899438090367745,0.707712790928781,111527.47888420889,1.1996274561882305,111527.47888420898,7.828697666594838e-14
PINN Baseline,2,544,True,optimal,3.5303891998246747e-07,0.6289011249318719,0.6289014779707919,0.7984016537666321,111630.86371035826,1.2695178525303328,111630.86371035814,-1.0428596353871318e-13
PINN Baseline,2,545,True,optimal,3.5303891998246747e-07,0.5628100098110735,0.5628103628499935,0.7364215138368309,105115.72326234789,1.3084718449527022,105115.72326234769,-1.9381193115008534e-13
PINN Baseline,2,546,True,optimal,3.5303891998246747e-07,0.618772089947015,0.618772442985935,0.7341755367815495,107395.4141808653,1.1865032858262525,107395.41418086531,1.3549847858363747e-14
PINN Baseline,2,547,True,optimal,3.5303891998246747e-07,0.6487811901606619,0.6487815431995819,0.6628500432707369,108551.50988235758,1.0216844949099102,108551.50988235803,4.1557171573961616e-13
PINN Baseline,2,548,True,optimal,3.5303891998246747e-07,0.6978645129129291,0.697864865951849,0.7297688028775156,110978.11816991075,1.045716496820844,110978.11816990879,-1.77017648904607e-12
PINN Baseline,2,549,True,optimal,3.5303891998246747e-07,0.6048864158801734,0.6048867689190934,0.6731854430399835,107848.9411747305,1.112911502830417,107848.94117473063,1.2143581163501297e-13
PINN Baseline,2,550,True,optimal,3.5303891998246747e-07,0.6347137498669326,0.6347141029058526,0.6352757760323584,110387.11496704306,1.000884923029021,110387.11496704312,5.273048483135533e-14
PINN Baseline,2,551,True,optimal,3.5303891998246747e-07,0.5581782083027065,0.5581785613416265,0.6275268043391407,105110.88842651535,1.1242402481937503,105110.8884265155,1.5228780757946266e-13
PINN Baseline,2,552,True,optimal,3.5303891998246747e-07,0.6194996568374336,0.6195000098763536,0.675386265385896,108436.89334525401,1.0902118718621114,108436.89334525348,-4.831095138010379e-13
PINN Baseline,2,553,True,optimal,3.5303891998246747e-07,0.5570284398272634,0.5570287928661833,0.5888847699388862,103460.82255609709,1.057189103114021,103460.82255609726,1.6878174600411724e-13
PINN Baseline,2,554,True,optimal,3.5303891998246747e-07,0.5356845161877573,0.5356848692266772,0.5895392480306327,106763.23760564446,1.100533694150631,106763.23760564468,2.044512074762733e-13
PINN Baseline,2,555,True,optimal,3.5303891998246747e-07,0.6005958947353065,0.6005962477742265,0.5914993989281356,102681.26382447327,0.9848536368986599,102681.26382446336,-9.651083266230593e-12
PINN Baseline,2,556,True,optimal,3.5303891998246747e-07,0.6173092187382281,0.6173095717771481,0.6655172547325492,113571.20734139674,1.0780932050293954,113571.207341397,2.3063457740941714e-13
PINN Baseline,2,557,True,optimal,3.5303891998246747e-07,0.6114416779018939,0.6114420309408138,0.6342298230156302,105360.74171058512,1.0372689329841347,105360.74171058525,1.243036399791631e-13
PINN Baseline,2,558,True,optimal,3.5303891998246747e-07,0.6612903741188347,0.6612907271577547,0.692204135004431,110371.76997461788,1.0467470759487933,110371.7699746207,2.5577840737286254e-12
PINN Baseline,2,559,True,optimal,3.5303891998246747e-07,0.5570792020298541,0.557079555068774,0.5818924871273339,106427.39202990272,1.044541092619162,106427.3920299036,8.203855201644831e-13
PINN Baseline,2,560,True,optimal,3.5303891998246747e-07,0.7523146229796112,0.7523149760185311,0.6535741193220019,105714.96553341072,0.8687506432224779,105714.96553341394,3.0421173097319706e-12
PINN Baseline,2,561,True,optimal,3.5303891998246747e-07,0.5833947542123497,0.5833951072512696,0.5924591650255024,104604.49646103682,1.0155367394439407,104604.49646103683,1.3911366834777664e-14
PINN Baseline,2,562,True,optimal,3.5303891998246747e-07,0.5902135730721056,0.5902139261110256,0.6130209667608142,109260.35659053797,1.0386419900324384,109260.3565905378,-1.4650425141107186e-13
PINN Baseline,2,563,True,optimal,3.5303891998246747e-07,0.5444215261377394,0.5444218791766594,0.66397177381441,104823.34717371542,1.2195905403701783,104823.34717371527,-1.3882322612968194e-13
PINN Baseline,2,564,True,optimal,3.5303891998246747e-07,0.5781656508333981,0.5781660038723181,0.614466096740216,104467.62847031221,1.0627848967680127,104467.62847031216,-4.178877832716067e-14
PINN Baseline,2,565,True,optimal,3.5303891998246747e-07,0.5769302221015096,0.5769305751404296,0.6160901659168303,105917.01094988038,1.0678757418375149,105917.0109498804,1.3738978373599285e-14
PINN Baseline,2,566,True,optimal,3.5303891998246747e-07,0.6099061332643032,0.6099064863032232,0.6609676377847791,111618.68288858802,1.0837196400239137,111618.68288858714,-7.9526724913642e-13
PINN Baseline,2,567,True,optimal,3.5303891998246747e-07,0.6041163611225784,0.6041167141614984,0.6703116330318153,106485.51994392482,1.1095730631492196,106485.51994393706,1.1492793305137757e-11
PINN Baseline,2,568,True,optimal,3.5303891998246747e-07,0.5858064382337034,0.5858067912726234,0.631336625199765,106099.60185512634,1.0777215877409534,106099.60185512643,8.229200660848902e-14
PINN Baseline,2,569,True,optimal,3.5303891998246747e-07,0.5806379620917141,0.5806383151306341,0.629199496936053,111817.05963434788,1.0836341325399677,111817.05963434803,1.301403853397054e-13
PINN Baseline,2,570,True,optimal,3.5303891998246747e-07,0.6430686190724373,0.6430689721113573,0.7117026066407561,108273.3584457254,1.1067282632282154,108273.35844572383,-1.4515175914224784e-12
PINN Baseline,2,571,True,optimal,3.5303891998246747e-07,0.5509512391872704,0.5509515922261904,0.6013961140997708,105318.95029386495,1.0915589002470305,105318.95029386423,-6.908498037515349e-13
PINN Baseline,2,572,True,optimal,3.5303891998246747e-07,0.6475406577810645,0.6475410108199845,0.722949834074825,109608.69647047385,1.1164541272209925,109608.69647047562,1.6197014607677516e-12
PINN Baseline,2,573,True,optimal,3.5303891998246747e-07,0.6418201131746173,0.6418204662135373,0.7807516129687428,114529.48306176206,1.216464189082095,114529.48306176272,5.717621068134711e-13
PINN Baseline,2,574,True,optimal,3.5303891998246747e-07,0.5887610311619937,0.5887613842009137,0.6381875490769744,105849.20984989374,1.083949399879789,105849.20984989336,-3.5744224871785185e-13
PINN Baseline,2,575,True,optimal,3.5303891998246747e-07,0.70615872181952,0.70615907485844,0.6075170319527388,110722.53202526801,0.8603118668049753,110722.53202526768,-3.0228178865712447e-13
PINN Baseline,2,576,True,optimal,3.5303891998246747e-07,0.9457023716531694,0.9457027246920894,0.6678359108045697,107965.62164921248,0.7061795354581535,107965.62164921235,-1.2130457367329665e-13
PINN Baseline,2,577,True,optimal,3.5303891998246747e-07,0.975998732727021,0.975999085765941,0.6921426560729742,106012.02968212494,0.7091632217358043,106012.02968154859,-5.436582586550333e-10
PINN Baseline,2,578,True,optimal,3.5303891998246747e-07,0.7050170782022178,0.7050174312411378,0.6673076148144901,109786.41360557241,0.9465122211797486,109786.41360557172,-6.229732744439768e-13
PINN Baseline,2,579,True,optimal,3.5303891998246747e-07,0.6081930827349424,0.6081934357738624,0.6310216458514333,107228.6752054175,1.037534456531127,107228.67520541754,4.0712753003307593e-14
PINN Baseline,2,580,True,optimal,3.5303891998246747e-07,0.5679200352169573,0.5679203882558773,0.6330560771748424,105014.59891441646,1.1146915840070493,105014.5989144165,4.157112071691917e-14
PINN Baseline,2,581,True,optimal,3.5303891998246747e-07,0.5725528667680919,0.5725532198070119,0.5878313598223031,110795.13799729715,1.026684226874911,110795.13799796492,6.027095141402476e-10
PINN Baseline,2,582,True,optimal,3.5303891998246747e-07,0.6095260982401669,0.6095264512790869,0.6035601780749857,106912.37920793764,0.990211625448607,106912.37920793751,-1.224996001637742e-13
PINN Baseline,2,583,True,optimal,3.5303891998246747e-07,0.6080152043141425,0.6080155573530625,0.5746475388295949,105486.42683747859,0.9451197948474672,105486.42683749594,1.6443710790334986e-11
PINN Baseline,2,584,True,optimal,3.5303891998246747e-07,0.6538636772893369,0.6538640303282569,0.6920872465707362,109566.50950937948,1.0584574383504324,109566.50950925983,-1.0919928684721852e-10
PINN Baseline,2,585,True,optimal,3.5303891998246747e-07,0.626342908013612,0.626343261052532,0.6758731240406632,108054.66597689284,1.079077825320415,108054.66597689284,0.0
PINN Baseline,2,586,True,optimal,3.5303891998246747e-07,0.5696101398207247,0.5696104928596447,0.6178826843388379,104134.8979753388,1.0847459660317171,104134.89797533918,3.633266112452896e-13
PINN Baseline,2,587,True,optimal,3.5303891998246747e-07,0.6268517230637372,0.6268520761026571,0.6854853117838502,106818.1020337935,1.0935359998258838,106818.10203379272,-7.35646306543819e-13
PINN Baseline,2,588,True,optimal,3.5303891998246747e-07,0.5968280429951847,0.5968283960341046,0.6267670388333499,106132.79959315465,1.0501628994166265,106132.7995931546,-4.113313306767446e-14
PINN Baseline,2,589,True,optimal,3.5303891998246747e-07,0.698580957017839,0.6985813100567589,0.7433349452912807,112830.50330643599,1.0640636023183696,112830.5033064353,-6.061658821779175e-13
PINN Baseline,2,590,True,optimal,3.5303891998246747e-07,0.5964999189600348,0.5965002719989548,0.6584229809232056,104752.0073952169,1.1038100263001376,104752.00739521609,-7.779395097546868e-13
PINN Baseline,2,591,True,optimal,3.5303891998246747e-07,0.6253984249196947,0.6253987779586146,0.6368356556631625,106186.50917915448,1.0182873361887264,106186.50917915434,-1.3704109251595534e-13
PINN Baseline,2,592,True,optimal,3.5303891998246747e-07,0.6109298011288047,0.6109301541677247,0.6340308277867734,108200.05408775316,1.0378122989370513,108200.05408775288,-2.555325795999439e-13
PINN Baseline,2,593,True,optimal,3.5303891998246747e-07,0.5859620729461312,0.5859624259850512,0.6340704588219523,114393.5710176232,1.0821008834415067,114393.57101687512,-6.539443602380495e-10
PINN Baseline,2,594,True,optimal,3.5303891998246747e-07,0.5827021608129144,0.5827025138518344,0.6166805787943304,106025.51710522352,1.058311169309861,106025.51710520542,-1.7073797929344417e-11
PINN Baseline,2,595,True,optimal,3.5303891998246747e-07,0.6704635098576546,0.6704638628965746,0.6566657926887274,106632.66320048831,0.979420113489434,106632.66320119154,6.594802026923471e-10
PINN Baseline,2,596,True,optimal,3.5303891998246747e-07,0.617875489871949,0.6178758429108689,0.6726766866631806,108783.4167479045,1.0886923228688468,108783.41674790446,-4.013088298767882e-14
PINN Baseline,2,597,True,optimal,3.5303891998246747e-07,0.616017681080848,0.616018034119768,0.643241245765239,113569.00346289156,1.0441922316192747,113569.00346289152,-3.843984216993238e-14
PINN Baseline,2,598,True,optimal,3.5303891998246747e-07,0.601214068941772,0.601214421980692,0.6686458648182452,104563.58308787638,1.112158724694929,104563.58308787647,8.350086023431655e-14
PINN Baseline,2,599,True,optimal,3.5303891998246747e-07,0.6383137428201735,0.6383140958590935,0.6396524291485548,107551.67897961353,1.00209666886278,107551.67897961343,-9.471112637662887e-14
PINN Baseline,2,600,True,optimal,3.5303891998246747e-07,0.6686887620016932,0.6686891150406132,0.69463663501665,112885.3086020433,1.0388035626607452,112885.30860204274,-4.898536271246294e-13
PINN Baseline,2,601,True,optimal,3.5303891998246747e-07,0.6369950766675174,0.6369954297064374,0.6244948050007224,106870.04883890205,0.9803756445921818,106870.04883889241,-9.014095142503752e-12
PINN Baseline,2,602,True,optimal,3.5303891998246747e-07,0.578977664001286,0.578978017040206,0.6283842818811536,111905.32291269554,1.0853335763826015,111905.32291269547,-6.501886974455954e-14
PINN Baseline,2,603,True,optimal,3.5303891998246747e-07,0.6130807776935399,0.6130811307324598,0.6094349729828537,106307.86929189875,0.9940527320662275,106307.86929189863,-1.095077181043702e-13
PINN Baseline,2,604,True,optimal,3.5303891998246747e-07,0.59967593383044,0.59967628686936,0.641299138776958,116799.23664889485,1.0694088674489568,116799.23664889489,3.7376738870590575e-14
PINN Baseline,2,605,True,optimal,3.5303891998246747e-07,0.6721483091823757,0.6721486622212957,0.6715500159189105,106094.49774598538,0.9991093543199108,106094.49774598557,1.7830792547008165e-13
PINN Baseline,2,606,True,optimal,3.5303891998246747e-07,0.6006459058262408,0.6006462588651608,0.6377619751729071,104452.5622778716,1.0617929700883701,104452.56227787184,2.229056315865935e-13
PINN Baseline,2,607,True,optimal,3.5303891998246747e-07,0.6231242902576923,0.6231246432966123,0.6821915479376912,108631.58616592688,1.0947914759534916,108631.58616591056,-1.5029927724049723e-11
PINN Baseline,2,608,True,optimal,3.5303891998246747e-07,0.5271002342924476,0.5271005873313676,0.6205839291214943,107310.7264998673,1.1773538941844461,107310.72649986742,1.0848432922227842e-13
PINN Baseline,2,609,True,optimal,3.5303891998246747e-07,0.6462923549115658,0.6462927079504858,0.6755945230834186,109879.15196546726,1.0453383037940414,109879.15196546729,2.6487126935490397e-14
PINN Baseline,2,610,True,optimal,3.5303891998246747e-07,0.5696261469274759,0.5696264999663959,0.5853264420293272,107772.03869198175,1.0275618182508317,107772.03869198152,-2.160399362206667e-13
PINN Baseline,2,611,True,optimal,3.5303891998246747e-07,0.603291030973196,0.603291384012116,0.6412567757070065,110507.8554844232,1.0629304390896588,110507.85548442326,5.2672871678042973e-14
PINN Baseline,2,612,True,optimal,3.5303891998246747e-07,0.6200113780796528,0.6200117311185728,0.6423585489392281,110489.4289469126,1.0360425725821978,110489.42894691287,2.5023786616891193e-13
PINN Baseline,2,613,True,optimal,3.5303891998246747e-07,0.5736806658096611,0.5736810188485811,0.6063243132084608,103066.79991565834,1.0569014718761256,103066.79991606328,3.928870842901224e-10
PINN Baseline,2,614,True,optimal,3.5303891998246747e-07,0.6297335340641439,0.6297338871030639,0.6675516269169748,108999.34848185981,1.0600535251292924,108999.3484818596,-1.869064503913444e-13
PINN Baseline,2,615,True,optimal,3.5303891998246747e-07,0.6250361409038305,0.6250364939427505,0.6370490398257971,110016.67914982128,1.0192189512123861,110016.67914982139,9.258905775536985e-14
PINN Baseline,2,616,True,optimal,3.5303891998246747e-07,0.6087536830455065,0.6087540360844265,0.6075897770933807,111000.89508490225,0.9980874722432488,111000.89508490206,-1.7042646171823494e-13
PINN Baseline,2,617,True,optimal,3.5303891998246747e-07,0.5733022508211434,0.5733026038600634,0.6076925112865865,110689.38505353508,1.0599856117780992,110689.38505353575,6.047446195325096e-13
PINN Baseline,2,618,True,optimal,3.5303891998246747e-07,0.6068656179122627,0.6068659709511827,0.6237996462732553,112724.20371435733,1.0279034846780606,112724.20371435865,1.174747074849127e-12
PINN Baseline,2,619,True,optimal,3.5303891998246747e-07,0.6227632141672075,0.6227635672061275,0.7217487129382789,108737.38536696315,1.158944984813777,108737.38536696266,-4.550092096612005e-13
PINN Baseline,2,620,True,optimal,3.5303891998246747e-07,0.5954365339130163,0.5954368869519363,0.6473674438893795,106010.03754355416,1.0872142087187069,106010.03754355438,2.0590383088565842e-13
PINN Baseline,2,621,True,optimal,3.5303891998246747e-07,0.5729028601199389,0.5729032131588588,0.6160184908658266,104784.44691169928,1.0752575246859586,104784.44691180238,9.83927695680454e-11
PINN Baseline,2,622,True,optimal,3.5303891998246747e-07,0.6119799669831991,0.6119803200221191,0.6329968748614192,110642.74844166175,1.0343418802070963,110642.74844166203,2.49891107400276e-13
PINN Baseline,2,623,True,optimal,3.5303891998246747e-07,0.596059400588274,0.596059753627194,0.6564431651495397,104472.68833980219,1.10130429232119,104472.68833982071,1.7731512781081055e-11
PINN Baseline,2,624,True,optimal,3.5303891998246747e-07,0.6383512211032212,0.6383515741421412,0.6608373620547354,108010.31650864542,1.0352247708369986,108010.31650864548,5.3890834500802817e-14
PINN Baseline,2,625,True,optimal,3.5303891998246747e-07,0.6418524868786335,0.6418528399175535,0.6710179229266942,109897.10600078265,1.0454388937702401,109897.10600078355,8.209667906562703e-13
PINN Baseline,2,626,True,optimal,3.5303891998246747e-07,0.6098819118924439,0.6098822649313639,0.5798147851601243,105115.49752143418,0.9506995341557877,105115.49752152927,9.045499126592701e-11
PINN Baseline,2,627,True,optimal,3.5303891998246747e-07,0.5666994447819889,0.5666997978209088,0.5925088520161808,107008.63199669404,1.045542727021456,107008.6319966942,1.4958706089895688e-13
PINN Baseline,2,628,True,optimal,3.5303891998246747e-07,0.6537827341817319,0.6537830872206519,0.7177073010243475,112963.25054912192,1.0977758755972853,112963.25054912156,-3.2204976303419514e-13
PINN Baseline,2,629,True,optimal,3.5303891998246747e-07,0.6018421789631248,0.6018425320020447,0.6301517798565328,109273.28859155695,1.0470376325187862,109273.28859155628,-6.12581637409049e-13
PINN Baseline,2,630,True,optimal,3.5303891998246747e-07,0.6365461712703109,0.6365465243092309,0.669620328117162,110379.04409188525,1.051958187728418,110379.04409187769,-6.855464260454731e-12
PINN Baseline,2,631,True,optimal,3.5303891998246747e-07,0.6589077152311802,0.6589080682701002,0.6824472150765359,109267.21064552446,1.0357244780265562,109267.21064552458,1.0654186296070067e-13
PINN Baseline,2,632,True,optimal,3.5303891998246747e-07,0.6114823198877275,0.6114826729266475,0.615410118829459,106946.37064358934,1.0064228245160474,106946.37064358931,-2.7213481188366318e-14
PINN Baseline,2,633,True,optimal,3.5303891998246747e-07,0.5777729083783925,0.5777732614173124,0.6384298210032284,106299.00179689658,1.104983327606961,106299.00179689657,-1.3689606658932612e-14
PINN Baseline,2,634,True,optimal,3.5303891998246747e-07,0.6462108981795609,0.6462112512184809,0.6620621890760958,106007.36296660957,1.024529034162941,106007.36296660962,5.4909073562939005e-14
PINN Baseline,2,635,True,optimal,3.5303891998246747e-07,0.6087640067562461,0.6087643597951661,0.6544184498488903,106738.78377124503,1.0749946827851184,106738.78377124504,1.3633203147183579e-14
PINN Baseline,2,636,True,optimal,3.5303891998246747e-07,0.6336714341305196,0.6336717871694396,0.6471891426481307,105798.64130602928,1.021331793133906,105798.64130602931,2.7508699636840352e-14
PINN Baseline,2,637,True,optimal,3.5303891998246747e-07,0.5889979652129114,0.5889983182518314,0.6200642217881978,102291.4594010008,1.0527436200982223,102291.45940100834,7.369033673421497e-12
PINN Baseline,2,638,True,optimal,3.5303891998246747e-07,0.6042829668149352,0.6042833198538552,0.5644595450721681,104577.79511895179,0.9340975110957582,104577.79512004985,1.0499919395442615e-09
PINN Baseline,2,639,True,optimal,3.5303891998246747e-07,0.5860648131929338,0.5860651662318538,0.6234072991646826,106190.4256295311,1.0637166907102202,106190.42562953121,9.592522677509655e-14
PINN Baseline,2,640,True,optimal,3.5303891998246747e-07,0.5859286449849606,0.5859289980238805,0.6118985181674361,104196.64308052527,1.0443219574916773,104196.64308052571,4.189745887625431e-13
PINN Baseline,2,641,True,optimal,3.5303891998246747e-07,0.6077348939143121,0.6077352469532321,0.6322127738967538,108154.10974897348,1.040276628788992,108154.10974897354,5.381918546467428e-14
PINN Baseline,2,642,True,optimal,3.5303891998246747e-07,0.6081983302719891,0.6081986833109091,0.6080183889716864,109232.48936973893,0.9997035601290005,109232.48936973883,-9.325376285600569e-14
PINN Baseline,2,643,True,optimal,3.5303891998246747e-07,0.6370980050414801,0.6370983580804,0.5698251440189779,105818.4640342285,0.8944068632289075,105818.46403422875,2.337801452138041e-13
PINN Baseline,2,644,True,optimal,3.5303891998246747e-07,0.6744523653760552,0.6744527184149752,0.606200210750103,107249.61202104604,0.8988031246648812,107249.61202104576,-2.5779709980182876e-13
PINN Baseline,2,645,True,optimal,3.5303891998246747e-07,0.5764043438248336,0.5764046968637536,0.5486443000845611,107675.55932825601,0.9518387047672613,107675.55932825599,-2.702918901773128e-14
PINN Baseline,2,646,True,optimal,3.5303891998246747e-07,0.6241150991991162,0.6241154522380362,0.5920291068032384,112200.97226042539,0.9485890866509741,112200.97226042581,3.761157618519898e-13
PINN Baseline,2,647,True,optimal,3.5303891998246747e-07,0.6146786869503558,0.6146790399892758,0.570364257786423,108476.72745579087,0.9279058186144985,108476.72745579116,2.68295616390113e-13
PINN Baseline,2,648,True,optimal,3.5303891998246747e-07,0.5932009508833289,0.5932013039222489,0.5461925882846117,104465.84647036159,0.9207541936829615,104465.84647016179,-1.91256571249018e-10
PINN Baseline,2,649,True,optimal,3.5303891998246747e-07,0.6280337083153427,0.6280340613542627,0.560293666087091,108942.154103925,0.8921389787026844,108942.15410392488,-1.0685975762502439e-13
PINN Baseline,2,650,True,optimal,3.5303891998246747e-07,0.6274368339218199,0.6274371869607399,0.5473314081318676,107675.55916660369,0.8723286083553657,107675.55916660377,6.757297264577488e-14
PINN Baseline,2,651,True,optimal,3.5303891998246747e-07,0.6090485020540655,0.6090488550929855,0.5446534189395607,109851.24151025219,0.8942688495102854,109851.2415102524,1.8545699656760139e-13
PINN Baseline,2,652,True,optimal,3.5303891998246747e-07,0.5822306666523218,0.5822310196912418,0.5432154987938702,109874.34393310196,0.9329896216830535,109874.34393310221,2.2515043096217048e-13
PINN Baseline,2,653,True,optimal,3.5303891998246747e-07,0.6275976062752306,0.6275979593141506,0.55212113680318,109624.11811836113,0.8797369854525133,109624.11811836118,3.9823121439358316e-14
PINN Baseline,2,654,True,optimal,3.5303891998246747e-07,0.6083034728653729,0.6083038259042929,0.5704068578779697,104887.93071610715,0.9377005923479337,104887.93071643947,3.168353935494131e-10
PINN Baseline,2,655,True,optimal,3.5303891998246747e-07,0.6503968420438468,0.6503971950827668,0.5929875429719687,107748.33402665185,0.9117313965299428,107748.33402665192,6.752733283452621e-14
PINN Baseline,2,656,True,optimal,3.5303891998246747e-07,0.676186584867537,0.676186937906457,0.6085863602347672,106756.50834307534,0.9000267915837179,106756.50834307543,8.178563792065468e-14
PINN Baseline,2,657,True,optimal,3.5303891998246747e-07,0.6919797179289162,0.6919800709678362,0.6427399329841137,110330.6950747936,0.9288416819362255,110330.69507479329,-2.9016597312927754e-13
PINN Baseline,2,658,True,optimal,3.5303891998246747e-07,0.5879657492041588,0.5879661022430788,0.5703041828237474,112390.25061266827,0.9699609903496962,112390.25061266827,0.0
PINN Baseline,2,659,True,optimal,3.5303891998246747e-07,0.6001464677974582,0.6001468208363782,0.5375979160889983,110614.8876016174,0.8957773288539457,110614.88760161735,-5.262190485886847e-14
PINN Baseline,2,660,True,optimal,3.5303891998246747e-07,0.6102578230202198,0.6102581760591398,0.571567618753761,102969.03390939908,0.9365996903880411,102969.0339093991,2.826464360376706e-14
PINN Baseline,2,661,True,optimal,3.5303891998246747e-07,0.6269905949011445,0.6269909479400645,0.6165155037306249,108008.52489264323,0.9832925112493953,108008.52489257533,-6.286470121043617e-11
PINN Baseline,2,662,True,optimal,3.5303891998246747e-07,0.6209013029001653,0.6209016559390853,0.585881635081023,107087.47009364587,0.9435981197294503,107087.47009364593,5.435524890313121e-14
PINN Baseline,2,663,True,optimal,3.5303891998246747e-07,0.6137099508196115,0.6137103038585315,0.5851068780757487,108113.70259754342,0.9533926257992625,108113.70259754313,-2.6919650106771024e-13
PINN Baseline,2,664,True,optimal,3.5303891998246747e-07,0.5646371617913246,0.5646375148302446,0.5333697646856308,109003.81712436302,0.9446233214702103,109003.81712436302,0.0
PINN Baseline,2,665,True,optimal,3.5303891998246747e-07,0.6113281128928065,0.6113284659317265,0.5715937772765756,108224.76536840059,0.9350027180648438,108224.7653683988,-1.6538595089546228e-12
PINN Baseline,2,666,True,optimal,3.5303891998246747e-07,0.6024096189066768,0.6024099719455968,0.5642876178026199,106048.43423147606,0.9367169271453899,106048.43423147588,-1.6466342384579278e-13
PINN Baseline,2,667,True,optimal,3.5303891998246747e-07,0.631683929823339,0.631684282862259,0.6508921468630433,109794.67877526334,1.0304073799553006,109794.67877526033,-2.7435268137517382e-12
PINN Baseline,2,668,True,optimal,3.5303891998246747e-07,0.602309153880924,0.602309506919844,0.5969310142099857,113009.82258022172,0.9910702178065172,113009.82258030423,7.301078566535182e-11
PINN Baseline,2,669,True,optimal,3.5303891998246747e-07,0.6416221298277378,0.6416224828666578,0.609782924875617,107314.08947029196,0.9503764926553272,107314.08947029168,-2.5764220775083835e-13
PINN Baseline,2,670,True,optimal,3.5303891998246747e-07,0.6532255467027426,0.6532258997416626,0.6231790389865637,106974.02991028057,0.9540023431909516,106974.02991028086,2.720644485502058e-13
PINN Baseline,2,671,True,optimal,3.5303891998246747e-07,0.5683249146677554,0.5683252677066754,0.5909823756664991,105480.33254983608,1.039866444881556,105480.33255338887,3.368203161159236e-09
PINN Baseline,2,672,True,optimal,3.5303891998246747e-07,0.6095615150406957,0.6095618680796157,0.550731451716274,110105.6057440179,0.9034873743846823,110105.60574401807,1.585959057764773e-13
PINN Baseline,2,673,True,optimal,3.5303891998246747e-07,0.6296141827479005,0.6296145357868205,0.6074022715911269,107701.3668879492,0.9647208523101596,107701.36688794915,-5.4045424487532957e-14
PINN Baseline,2,674,True,optimal,3.5303891998246747e-07,0.652201103977859,0.652201457016779,0.6120905829593539,105201.63109457615,0.9384992572066684,105201.63109457628,1.244916411396343e-13
PINN Baseline,2,675,True,optimal,3.5303891998246747e-07,0.5877951141446829,0.5877954671836029,0.5262382281944156,106372.86713992494,0.8952743897734765,106372.86713992478,-1.5048110652265748e-13
PINN Baseline,2,676,True,optimal,3.5303891998246747e-07,0.5810770187526941,0.5810773717916141,0.5446291691623628,104374.47141406681,0.9372747857710034,104374.47141408837,2.066208151884655e-11
PINN Baseline,2,677,True,optimal,3.5303891998246747e-07,0.5995212360285223,0.5995215890674422,0.580639336258173,114889.88897475348,0.968504465637942,114889.88897475325,-2.0265546927722515e-13
PINN Baseline,2,678,True,optimal,3.5303891998246747e-07,0.6229741689749062,0.6229745220138262,0.5726442858576775,103999.34734388914,0.9192098001159802,103999.34734412094,2.2288356955374267e-10
PINN Baseline,2,679,True,optimal,3.5303891998246747e-07,0.60095459735021,0.6009549503891299,0.564780883025378,112557.6159881908,0.9398056920234561,112557.61598819151,6.33492314073875e-13
PINN Baseline,2,680,True,optimal,3.5303891998246747e-07,0.5833775321952999,0.5833778852342199,0.5586160230450332,107340.57322256312,0.9575543351643421,107340.57322175117,-7.564271268736914e-10
PINN Baseline,2,681,True,optimal,3.5303891998246747e-07,0.6597760198637843,0.6597763729027043,0.6065293061546981,112135.35744188927,0.9192952810453878,112135.35744188934,6.488549000215182e-14
PINN Baseline,2,682,True,optimal,3.5303891998246747e-07,0.5591486180201173,0.5591489710590373,0.5331569807603955,104945.90980778333,0.9535150887438593,104945.90980778322,-1.1092887949626489e-13
PINN Baseline,2,683,True,optimal,3.5303891998246747e-07,0.5616677049547434,0.5616680579936634,0.5847499347291887,106159.22747701482,1.041095227700817,106159.22747702875,1.3118202915109117e-11
PINN Baseline,2,684,True,optimal,3.5303891998246747e-07,0.586392639670521,0.586392992709441,0.5319273280911148,105873.89471405886,0.9071174702025914,105873.8947140589,4.1233720364217e-14
PINN Baseline,2,685,True,optimal,3.5303891998246747e-07,0.6120787882246077,0.6120791412635277,0.5745204137638211,109687.73036670848,0.938637465373884,109687.7303667086,1.0613340383444404e-13
PINN Baseline,2,686,True,optimal,3.5303891998246747e-07,0.6558692269027233,0.6558695799416433,0.6222590790130198,114268.8591398387,0.9487542920779859,114268.85913983843,-2.4196127573183754e-13
PINN Baseline,2,687,True,optimal,3.5303891998246747e-07,0.6437413929961622,0.6437417460350822,0.5918784500099719,105553.79368279983,0.919434623675495,105553.79368279959,-2.343663361126052e-13
PINN Baseline,2,688,True,optimal,3.5303891998246747e-07,0.6619785320945084,0.6619788851334284,0.5939566004090011,111027.47948865358,0.8972440265814268,111027.47948865381,2.0970542133009844e-13
PINN Baseline,2,689,True,optimal,3.5303891998246747e-07,0.5900119068101048,0.5900122598490248,0.5423469641245902,102669.73638922298,0.9192130418838559,102669.73638922276,-2.1260279426257008e-13
PINN Baseline,2,690,True,optimal,3.5303891998246747e-07,0.5734471906907856,0.5734475437297056,0.5578931216150522,105955.50458619771,0.9728755972804638,105955.50458619822,4.806895450896526e-13
PINN Baseline,2,691,True,optimal,3.5303891998246747e-07,0.6662000715732574,0.6662004246121774,0.6318227760493755,113456.40855770189,0.9483974382291718,113456.40855770191,2.565199341906898e-14
PINN Baseline,2,692,True,optimal,3.5303891998246747e-07,0.642748462036252,0.642748815075172,0.6095252018421888,111104.45922318753,0.9483101136030915,111104.45922318813,5.369978203705836e-13
PINN Baseline,2,693,True,optimal,3.5303891998246747e-07,0.5975532359443605,0.5975535889832805,0.6412790711037815,116649.6380838218,1.073174160320748,116649.6380838218,0.0
PINN Baseline,2,694,True,optimal,3.5303891998246747e-07,0.5991329331882298,0.5991332862271498,0.5648811287246644,107185.83024566187,0.9428304881570221,107185.83024566187,0.0
PINN Baseline,2,695,True,optimal,3.5303891998246747e-07,0.5682825408875942,0.5682828939265142,0.5507427370175719,105636.89523965037,0.9691348145502855,105636.89523964691,-3.2785475344521054e-12
PINN Baseline,2,696,True,optimal,3.5303891998246747e-07,0.6060409168712795,0.6060412699101995,0.5947175868786871,106797.20293453822,0.9813153268700823,106797.2029345381,-1.0900596516398661e-13
PINN Baseline,2,697,True,optimal,3.5303891998246747e-07,0.5877964436076581,0.5877967966465781,0.5440596407279372,106830.17274932661,0.9255913673429926,106830.17274931559,-1.0311506145105567e-11
PINN Baseline,2,698,True,optimal,3.5303891998246747e-07,0.6412528832443058,0.6412532362832258,0.6249640616588295,105114.14674157582,0.9745979065636998,105114.14674157559,-2.2150267197267566e-13
PINN Baseline,2,699,True,optimal,3.5303891998246747e-07,0.6147954389452934,0.6147957919842134,0.5998991630040109,108193.19269132106,0.9757697935242455,108193.19269131811,-2.7303370183246615e-12
PINN Baseline,2,700,True,optimal,3.5303891998246747e-07,0.622527445666492,0.622527798705412,0.6109692840836942,106131.66741450962,0.9814329341665473,106131.66741450984,2.0566785931383677e-13
PINN Baseline,2,701,True,optimal,3.5303891998246747e-07,0.6799881351180375,0.6799884881569574,0.6119910278357565,110648.0834513869,0.9000020419382372,110648.08345138661,-2.63030588049186e-13
PINN Baseline,2,702,True,optimal,3.5303891998246747e-07,0.6315813660621643,0.6315817191010843,0.6111935931257904,107997.67447713717,0.9677189422070166,107997.67447713697,-1.8864000005876455e-13
PINN Baseline,2,703,True,optimal,3.5303891998246747e-07,0.6117472220212221,0.6117475750601421,0.5695940260775387,107111.50063935579,0.9310932307684927,107111.50063935583,4.075729069662591e-14
PINN Baseline,2,704,True,optimal,3.5303891998246747e-07,0.5866165324114263,0.5866168854503463,0.5451274081133306,102875.21851694377,0.9292732985257248,102875.2185169317,-1.1740523921759836e-11
PINN Baseline,2,705,True,optimal,3.5303891998246747e-07,0.6730532757937908,0.6730536288327108,0.61451730504632,107850.64458931363,0.9130287375644769,107850.64458940898,8.84173672346661e-11
PINN Baseline,2,706,True,optimal,3.5303891998246747e-07,0.6423153090290725,0.6423156620679925,0.5904321079142392,102088.56978555156,0.9192242113687379,102088.56978554832,-3.1786879792149647e-12
PINN Baseline,2,707,True,optimal,3.5303891998246747e-07,0.5995583152398467,0.5995586682787667,0.574931075796485,110529.87482721006,0.9589237988119104,110529.87482721003,-2.63311891940811e-14
PINN Baseline,2,708,True,optimal,3.5303891998246747e-07,0.5817864970304072,0.5817868500693272,0.5432367362082005,105170.25409371185,0.9337384235196567,105170.25409371141,-4.1509594192100315e-13
PINN Baseline,2,709,True,optimal,3.5303891998246747e-07,0.580139712896198,0.580140065935118,0.5745729231275618,106010.84697064036,0.9904037953341791,106010.84697064025,-9.60877207468958e-14
PINN Baseline,2,710,True,optimal,3.5303891998246747e-07,0.6014536418952048,0.6014539949341248,0.5409048032015562,110668.87067931367,0.8993286398584811,110668.8706793136,-6.574529557879961e-14
PINN Baseline,2,711,True,optimal,3.5303891998246747e-07,0.5925729810260236,0.5925733340649436,0.5847841808572412,107959.18809541981,0.9868553767779756,107959.18809541983,1.3479089167941065e-14
PINN Baseline,2,712,True,optimal,3.5303891998246747e-07,0.6076358971185982,0.6076362501575182,0.5555345751345158,109839.19173449412,0.9142551567496243,109839.19173449453,3.7095468380646714e-13
PINN Baseline,2,713,True,optimal,3.5303891998246747e-07,0.6586951878853142,0.6586955409242342,0.6143914591521025,112173.84727361014,0.9327396664778276,112173.8472736081,-1.8161703297936578e-12
PINN Baseline,2,714,True,optimal,3.5303891998246747e-07,0.6016568071208894,0.6016571601598094,0.6068633659742773,109053.20517047598,1.0086531103744947,109053.20517047614,1.4678254276140384e-13
PINN Baseline,2,715,True,optimal,3.5303891998246747e-07,0.6406696569174528,0.6406700099563728,0.6222368231974542,108036.51761032357,0.9712282665452472,108036.51761032356,-1.3469441213251698e-14
PINN Baseline,2,716,True,optimal,3.5303891998246747e-07,0.619513425976038,0.619513779014958,0.5682614757679403,109904.54321755773,0.9172701157212192,109904.5432175576,-1.1916453425956197e-13
PINN Baseline,2,717,True,optimal,3.5303891998246747e-07,0.5913302293047309,0.5913305823436509,0.5382348308339715,113400.81153108653,0.9102096981028069,113400.8115310865,-2.5664569824313364e-14
PINN Baseline,2,718,True,optimal,3.5303891998246747e-07,0.6531516099348664,0.6531519629737864,0.6405375362373888,114907.25009658848,0.9806868424937983,114907.25009658703,-1.2664053152551152e-12
PINN Baseline,2,719,True,optimal,3.5303891998246747e-07,0.624436839018017,0.624437192056937,0.5809954311698675,111110.15952089328,0.9304305357854014,111110.15952089267,-5.500671065785669e-13
PINN Baseline,2,720,True,optimal,3.5303891998246747e-07,0.6060180189087987,0.6060183719477187,0.6110910782590508,105763.14028839933,1.0083705487261527,105763.14028858166,1.7239985245732742e-10
PINN Baseline,2,721,True,optimal,3.5303891998246747e-07,0.6135897440835834,0.6135900971225033,0.6089402339421213,106655.53976628745,0.9924218738174099,106655.53976628762,1.637261253593116e-13
PINN Baseline,2,722,True,optimal,3.5303891998246747e-07,0.6742109348997474,0.6742112879386674,0.6233550109900534,115046.6150394485,0.9245692294709247,115046.61503944894,3.7946136590052103e-13
PINN Baseline,2,723,True,optimal,3.5303891998246747e-07,0.623138246126473,0.6231385991653929,0.5737240333110094,110400.71352375128,0.9207005216486871,110400.7135237513,1.3180997444582816e-14
PINN Baseline,2,725,True,optimal,3.5303891998246747e-07,0.6150739151053131,0.615074268144233,0.576703964266926,107634.52801408443,0.9376167954593911,107634.52801408425,-1.6223695682258398e-13
PINN Baseline,2,726,True,optimal,3.5303891998246747e-07,0.6033705826848745,0.6033709357237945,0.5812352136708796,108385.53761204607,0.9633132444035256,108385.5376120458,-2.550952787895211e-13
PINN Baseline,2,727,True,optimal,3.5303891998246747e-07,0.5741735650226474,0.5741739180615674,0.5290276068262756,103374.41900250982,0.9213717136652473,103374.41900250982,0.0
PINN Baseline,2,728,True,optimal,3.5303891998246747e-07,0.6297048940323293,0.6297052470712493,0.6277297441847622,107785.21173724133,0.9968628133627994,107785.21173721326,-2.604313154196908e-11
PINN Baseline,2,729,True,optimal,3.5303891998246747e-07,0.6661976901814342,0.6661980432203541,0.5944398380815983,110474.09807406484,0.8922869770198036,110474.09807406472,-1.053779337025108e-13
PINN Baseline,2,730,True,optimal,3.5303891998246747e-07,0.6504771122708917,0.6504774653098117,0.5964180971495807,110889.11041965405,0.9168927886925593,110889.11041965403,-2.6245886856330415e-14
PINN Baseline,2,731,True,optimal,3.5303891998246747e-07,0.6148340660147369,0.6148344190536569,0.5905795637518167,106178.99333831546,0.9605505896381455,106178.9933383155,4.111523787572684e-14
PINN Baseline,2,732,True,optimal,3.5303891998246747e-07,0.5393417160958052,0.5393420691347252,0.5577876321040094,106984.27108038541,1.0342001190429606,106984.27108038528,-1.2241728221608952e-13
PINN Baseline,2,733,True,optimal,3.5303891998246747e-07,0.6357908607460558,0.6357912137849758,0.5670719100162387,107159.75449599548,0.891915298168971,107159.75449599561,1.2221681327218407e-13
PINN Baseline,2,734,True,optimal,3.5303891998246747e-07,0.5370183698832989,0.5370187229222189,0.5091729960404336,107040.73513350011,0.9481475678720082,107040.73513350026,1.3594745225000418e-13
PINN Baseline,2,735,True,optimal,3.5303891998246747e-07,0.6376299760304391,0.6376303290693591,0.5986269493587315,113145.00624158105,0.9388307332125273,113145.00624157996,-9.645972706892866e-13
PINN Baseline,2,736,True,optimal,3.5303891998246747e-07,0.6193633247166872,0.6193636777556072,0.5655022063292563,105864.09753699721,0.9130374070020878,105864.09753699705,-1.5120429988655406e-13
PINN Baseline,2,737,True,optimal,3.5303891998246747e-07,0.5542104737833142,0.5542108268222342,0.5793435098603368,106448.75375856458,1.0453485962773585,106448.75375856881,3.9780713084337536e-12
PINN Baseline,2,738,True,optimal,3.5303891998246747e-07,0.6417437489144504,0.6417441019533704,0.610645579174161,111213.4722853296,0.9515406176939526,111213.47228531587,-1.2338843287927896e-11
PINN Baseline,2,739,True,optimal,3.5303891998246747e-07,0.5963195790536702,0.5963199320925902,0.5642037251964211,110172.39638070537,0.946142657376104,110172.39638070538,1.3208313249429643e-14
PINN Baseline,2,740,True,optimal,3.5303891998246747e-07,0.5917002479545772,0.5917006009934972,0.569182489067316,106808.6724225912,0.9619434019698949,106808.67242259128,6.812141232685597e-14
PINN Baseline,2,741,True,optimal,3.5303891998246747e-07,0.5949731087312102,0.5949734617701302,0.6018273863010108,109859.45856612832,1.0115197146953232,109859.458566128,-2.9141062517740866e-13
PINN Baseline,2,742,True,optimal,3.5303891998246747e-07,0.6070079738274217,0.6070083268663417,0.5830756961368024,107955.95133180972,0.960572813139005,107955.95133180985,1.2131543971370808e-13
PINN Baseline,2,743,True,optimal,3.5303891998246747e-07,0.8247217307798564,0.8247220838187764,0.5876799640245736,110668.98883927573,0.7125793955988085,110668.9888392759,1.5778854091999224e-13
PINN Baseline,2,744,True,optimal,3.5303891998246747e-07,0.6000556540675461,0.6000560071064661,0.5467748329974711,112916.14050371577,0.9112063316124065,112916.14050371603,2.3197257092043785e-13
PINN Baseline,2,745,True,optimal,3.5303891998246747e-07,0.6255045249126852,0.6255048779516051,0.5227769180200994,104940.19137880641,0.8357679315500818,104940.19137881717,1.0247613628742572e-11
PINN Baseline,2,746,True,optimal,3.5303891998246747e-07,0.5996972727589309,0.5996976257978509,0.5785485180094838,104561.49831808344,0.9647337143277334,104561.49831781813,-2.5373633958122056e-10
PINN Baseline,2,747,True,optimal,3.5303891998246747e-07,0.6708620060235262,0.6708623590624462,0.5899514299817383,108042.09940555284,0.8793926533696365,108042.09940555255,-2.693749067896945e-13
PINN Baseline,2,748,True,optimal,3.5303891998246747e-07,0.6158034042455256,0.6158037572844456,0.5449472819454968,105088.80550150019,0.8849365979002634,105088.80550150087,6.508210008376949e-13
PINN Baseline,2,749,True,optimal,3.5303891998246747e-07,0.594810358248651,0.594810711287571,0.5553191439248621,111307.4523807741,0.9336064959603325,111307.45238077406,-3.922086504662568e-14
PINN Baseline,2,750,True,optimal,3.5303891998246747e-07,0.5960758817382157,0.5960762347771357,0.5474257608875632,108858.43087847345,0.9183821279038877,108858.43087847334,-9.357420070870346e-14
PINN Baseline,2,751,True,optimal,3.5303891998246747e-07,0.6393543840385973,0.6393547370775173,0.5386588620021939,104780.1848735733,0.8425039039585395,104780.18487362028,4.4844484984534024e-11
PINN Baseline,2,752,True,optimal,3.5303891998246747e-07,0.607163708191365,0.607164061230285,0.5788551508449018,106155.41213686611,0.9533751877078802,106155.41213686611,0.0
PINN Baseline,2,753,True,optimal,3.5303891998246747e-07,0.6161985178478062,0.6161988708867262,0.5475488300435245,103906.04024960041,0.8885910960135118,103906.0402496006,1.82063427221688e-13
PINN Baseline,2,754,True,optimal,3.5303891998246747e-07,0.6203135317191482,0.6203138847580681,0.5433123540133238,106432.26222854984,0.8758668270422866,106432.26222854981,-2.7344932680503308e-14
PINN Baseline,2,755,True,optimal,3.5303891998246747e-07,0.6093555027619004,0.6093558558008204,0.5654766228981316,109497.64154045373,0.9279907914480902,109497.64154045377,3.9869119618409324e-14
PINN Baseline,2,756,True,optimal,3.5303891998246747e-07,0.5968906050547957,0.5968909580937157,0.6001880718395114,108272.47766991044,1.005523812517324,108272.47766991098,4.972832201097803e-13
PINN Baseline,2,757,True,optimal,3.5303891998246747e-07,0.6366543606854975,0.6366547137244175,0.5690090521238744,109287.40628367368,0.8937482749404032,109287.40628293157,-6.790522330541547e-10
PINN Baseline,2,758,True,optimal,3.5303891998246747e-07,0.6448543220758438,0.6448546751147638,0.6058279993012547,108372.97694221468,0.9394798900906417,108372.97694221459,-8.056574049521246e-14
PINN Baseline,2,759,True,optimal,3.5303891998246747e-07,0.6138447048142552,0.6138450578531752,0.5506120757199824,108813.39253247123,0.8969886923023539,108813.39253247125,1.33732759265128e-14
PINN Baseline,2,760,True,optimal,3.5303891998246747e-07,0.5759446071460843,0.5759449601850043,0.5393910822458565,112991.33187171053,0.9365323416886815,112991.33187171123,6.181818723534219e-13
PINN Baseline,2,761,True,optimal,3.5303891998246747e-07,0.5977464877068996,0.5977468407458196,0.5984908319078386,107001.40951587174,1.0012446592960502,107001.40951587191,1.6319689948990815e-13
PINN Baseline,2,762,True,optimal,3.5303891998246747e-07,0.6185913663357496,0.6185917193746696,0.5605963082052767,106032.06674948215,0.9062460596336142,106032.06674948233,1.6468884186986296e-13
PINN Baseline,2,763,True,optimal,3.5303891998246747e-07,0.6041981307789683,0.6041984838178883,0.5642973338253796,110393.53277821939,0.9339601950995042,110393.53277821917,-1.9772782239338672e-13
PINN Baseline,2,764,True,optimal,3.5303891998246747e-07,0.5938225616700947,0.5938229147090147,0.5691035091876984,109527.84069215284,0.9583724290373177,109527.84069215273,-9.30022959960225e-14
PINN Baseline,2,765,True,optimal,3.5303891998246747e-07,0.5997718051075935,0.5997721581465135,0.5428629172965884,111119.54396429055,0.9051152340485548,111119.5439642906,3.928718938869097e-14
PINN Baseline,2,766,True,optimal,3.5303891998246747e-07,0.6331198690459132,0.6331202220848332,0.6081916061230004,107131.09758046045,0.9606257783399429,107131.0975804607,2.309157326577753e-13
PINN Baseline,2,767,True,optimal,3.5303891998246747e-07,0.5897187450900674,0.5897190981289874,0.5365999350324273,111177.35819880378,0.9099246348556589,111177.35819880373,-3.926675934054554e-14
PINN Baseline,2,768,True,optimal,3.5303891998246747e-07,0.631023261230439,0.6310236142693589,0.5683240783400834,106156.39599821404,0.9006383683408214,106156.39599821472,6.442758434873284e-13
PINN Baseline,2,769,True,optimal,3.5303891998246747e-07,0.6172915296629071,0.6172918827018271,0.5754972626455128,104503.61826885886,0.9322935855346368,104503.6182688585,-3.4811988975656337e-13
PINN Baseline,2,770,True,optimal,3.5303891998246747e-07,0.6479304861277342,0.6479308391666542,0.5666977800428867,104123.55528937996,0.8746269598337895,104123.55528938156,1.5373184969257553e-12
PINN Baseline,2,771,True,optimal,3.5303891998246747e-07,0.5926201418042183,0.5926204948431383,0.5905588921159506,111290.0503529829,0.996521209196902,111290.05035298265,-2.2228632128173523e-13
PINN Baseline,2,772,True,optimal,3.5303891998246747e-07,0.6788639747537673,0.6788643277926872,0.6287460159510374,106283.28181484886,0.9261733018074341,106283.28181484758,-1.2048635667151317e-12
PINN Baseline,2,773,True,optimal,3.5303891998246747e-07,0.581734353210777,0.581734706249697,0.5255541657097638,110971.3471120323,0.9034258401013829,110971.3471120318,-4.458494292810356e-13
PINN Baseline,2,774,True,optimal,3.5303891998246747e-07,0.6624205973930657,0.6624209504319857,0.5741275050677359,112603.78560921618,0.8667109708612465,112603.78560915828,-5.142106935429056e-11
PINN Baseline,2,775,True,optimal,3.5303891998246747e-07,0.6330215251073241,0.6330218781462441,0.5987591091543436,108956.5965623024,0.9458742735839772,108956.59656230242,2.671139827692017e-14
PINN Baseline,2,776,True,optimal,3.5303891998246747e-07,0.5026303888298571,0.5026307418687771,0.517313992138952,104265.6198266855,1.029212797879379,104265.61982668593,4.047408362642578e-13
PINN Baseline,2,777,True,optimal,3.5303891998246747e-07,0.6470218449831009,0.6470221980220209,0.5798152759671211,104560.39915652556,0.8961288774011855,104560.39915652676,1.1551304066335616e-12
PINN Baseline,2,778,True,optimal,3.5303891998246747e-07,0.6073067630641162,0.6073071161030362,0.5845345943234861,106277.34578236895,0.9625024618093121,106277.3457823691,1.3692396174595626e-13
PINN Baseline,2,779,True,optimal,3.5303891998246747e-07,0.6424331637099385,0.6424335167488585,0.5628444240428507,109850.52313551729,0.8761131064444122,109850.52313551732,2.6494029910835938e-14
PINN Baseline,2,780,True,optimal,3.5303891998246747e-07,0.6139963809400797,0.6139967339789997,0.5819483082741499,109592.82906700134,0.9478035892843268,109592.82906700132,-1.3278163683018261e-14
PINN Baseline,2,781,True,optimal,3.5303891998246747e-07,0.599575879983604,0.5995762330225239,0.5661623170599341,106669.78819790126,0.9442707797236276,106669.78819749325,-3.8249499325524805e-10
PINN Baseline,2,782,True,optimal,3.5303891998246747e-07,0.6270576631650329,0.6270580162039529,0.607850787229836,110618.61314201052,0.9693692952202534,110618.61314201057,3.946509944854937e-14
PINN Baseline,2,783,True,optimal,3.5303891998246747e-07,0.6588198919780552,0.6588202450169752,0.5760449399240315,109386.8332134548,0.8743582855581329,109386.83321347345,1.70546625902976e-11
PINN Baseline,2,784,True,optimal,3.5303891998246747e-07,0.6403156900778413,0.6403160431167613,0.5904097808524966,109189.24755256689,0.9220599533609307,109189.24755218024,-3.541048191870407e-10
PINN Baseline,2,785,True,optimal,3.5303891998246747e-07,0.5791891179978848,0.5791894710368047,0.5189731363207102,106525.0863048023,0.8960334437566665,106525.08630480194,-3.415138098721923e-13
PINN Baseline,2,786,True,optimal,3.5303891998246747e-07,0.7106689638458192,0.7106693168847392,0.6534456629306078,114884.52951432715,0.9194792112244627,114884.52951432856,1.22865609766505e-12
PINN Baseline,2,787,True,optimal,3.5303891998246747e-07,0.5835602930746973,0.5835606461136172,0.5411379858851433,104521.48005990464,0.927303767807169,104521.48005990454,-9.745691176606641e-14
PINN Baseline,2,788,True,optimal,3.5303891998246747e-07,0.5817753951996565,0.5817757482385765,0.5796919972635806,111889.95822390953,0.9964182917880218,111889.95822390966,1.1705003660222617e-13
PINN Baseline,2,789,True,optimal,3.5303891998246747e-07,0.5704852258786559,0.5704855789175759,0.5208877790719271,102517.90871350393,0.9130603793004648,102517.90871350333,-5.819749269665422e-13
PINN Baseline,2,790,True,optimal,3.5303891998246747e-07,0.6458234027959406,0.6458237558348606,0.6114820698276162,107354.483597117,0.946824987936762,107354.48359711676,-2.1688022321232823e-13
PINN Baseline,2,791,True,optimal,3.5303891998246747e-07,0.6707057519815862,0.6707061050205062,0.637588556855917,112461.4390977286,0.950622861613021,112461.43909772845,-1.2939470937875239e-13
PINN Baseline,2,792,True,optimal,3.5303891998246747e-07,0.6114975782111287,0.6114979312500487,0.5938738379627466,107558.8720215499,0.9711788178068335,107558.8720215499,0.0
PINN Baseline,2,793,True,optimal,3.5303891998246747e-07,0.6167457597330213,0.6167461127719412,0.5847277203574777,112113.48321508885,0.948084970863362,112113.48321508858,-2.466129687617797e-13
PINN Baseline,2,794,True,optimal,3.5303891998246747e-07,0.6631851186975837,0.6631854717365037,0.5766180660575628,107004.52505147675,0.8694672766997288,107004.52505147661,-1.359934565511725e-13
PINN Baseline,2,795,True,optimal,3.5303891998246747e-07,0.608629563357681,0.608629916396601,0.6010335492901504,111512.81371163702,0.9875189061500214,111512.8137116372,1.5659454454441703e-13
PINN Baseline,2,796,True,optimal,3.5303891998246747e-07,0.6253433111123741,0.625343664151294,0.6008675810880959,112235.65754308527,0.9608597888388033,112235.65754308514,-1.1668950841672191e-13
PINN Baseline,2,797,True,optimal,3.5303891998246747e-07,0.5520354970358312,0.5520358500747512,0.5328238098882139,105295.87739342464,0.9651978396259304,105295.87739337885,-4.34916146361208e-11
PINN Baseline,2,798,True,optimal,3.5303891998246747e-07,0.6123852408491075,0.6123855938880275,0.5804689242504537,113603.60116647108,0.9478814166170447,113603.60116647123,1.2809378469475577e-13
PINN Baseline,2,799,True,optimal,3.5303891998246747e-07,0.6140895802527666,0.6140899332916866,0.553736574947834,105198.83571091003,0.9017190234330298,105198.8357109104,3.45819303275276e-13
PINN Baseline,2,800,True,optimal,3.5303891998246747e-07,0.5652465871535242,0.5652469401924441,0.5214744638651609,110002.93438469655,0.9225604364839544,110002.93438469656,1.3228660953240256e-14
PINN Baseline,2,801,True,optimal,3.5303891998246747e-07,0.6265378189273179,0.6265381719662378,0.6115340851247311,107253.31684859663,0.9760523979019186,107253.3168485965,-1.221101975244091e-13
PINN Baseline,2,802,True,optimal,3.5303891998246747e-07,0.5834414139389992,0.5834417669779192,0.5716236052103341,104381.04799271942,0.9797440594135037,104381.04799272005,5.994693163680627e-13
PINN Baseline,2,803,True,optimal,3.5303891998246747e-07,0.7020163689740002,0.7020167220129202,0.6171230617910624,107618.95946415968,0.8790717406582013,107618.95946417376,1.3089007746586005e-11
PINN Baseline,2,804,True,optimal,3.5303891998246747e-07,0.6070065968669951,0.6070069499059151,0.5661587617360055,104667.86171178549,0.9327055675783598,104667.86171178558,8.341766989625043e-14
PINN Baseline,2,805,True,optimal,3.5303891998246747e-07,0.619465796276927,0.619466149315847,0.5942960428074002,107326.0969489964,0.9593680679142109,107326.09694898213,-1.3300985729325332e-11
PINN Baseline,2,806,True,optimal,3.5303891998246747e-07,0.6493077459745109,0.6493080990134309,0.5925202700309455,110594.40154991105,0.912541012396473,110594.4015499111,3.94737392429388e-14
PINN Baseline,2,807,True,optimal,3.5303891998246747e-07,0.6243330403231084,0.6243333933620284,0.6038667811080813,109493.38836423785,0.9672184565625513,109493.38836423725,-5.448991334328901e-13
PINN Baseline,2,808,True,optimal,3.5303891998246747e-07,0.5997893768362701,0.5997897298751901,0.5669561759568751,108042.88054576478,0.9452582258700106,108042.88054576411,-6.195578062372522e-13
PINN Baseline,2,809,True,optimal,3.5303891998246747e-07,0.5894345170818269,0.5894348701207469,0.5589325996115804,110233.49128420075,0.9482516694288581,110233.49128420078,2.6401985565075738e-14
PINN Baseline,2,810,True,optimal,3.5303891998246747e-07,0.6656932607293129,0.6656936137682329,0.5819275742396712,105256.93993419703,0.8741672778646701,105256.939934197,-2.7650272252763955e-14
PINN Baseline,2,811,True,optimal,3.5303891998246747e-07,0.6325093191117048,0.6325096721506248,0.610527791082859,107197.39783715429,0.9652465692848234,107197.39783715426,-2.7149754605933546e-14
PINN Baseline,2,812,True,optimal,3.5303891998246747e-07,0.5334232039749622,0.5334235570138822,0.5306650819256902,105771.33280714517,0.9948287340296067,105771.33280714521,4.127370292733182e-14
PINN Baseline,2,813,True,optimal,3.5303891998246747e-07,0.6511500822380185,0.6511504352769385,0.5947479722090065,106171.1573636012,0.9133802881603794,106171.15736360184,6.030679950632722e-13
PINN Baseline,2,814,True,optimal,3.5303891998246747e-07,0.6030807620845735,0.6030811151234935,0.585926310159266,107710.47760982312,0.9715547303106735,107710.47760982349,3.377553314980317e-13
PINN Baseline,2,815,True,optimal,3.5303891998246747e-07,0.5921908807940781,0.5921912338329981,0.5523777408525348,107126.23056237402,0.9327691956485614,107126.23056275133,3.5220324290362516e-10
PINN Baseline,2,816,True,optimal,3.5303891998246747e-07,0.6158659886568785,0.6158663416957985,0.5975490403361619,111204.76153294147,0.970257667744596,111204.7615329412,-2.4862819318853393e-13
PINN Baseline,2,817,True,optimal,3.5303891998246747e-07,0.6099253688007593,0.6099257218396793,0.5346765308640897,104511.06767319851,0.8766256475483272,104511.06767320147,2.826532019169127e-12
PINN Baseline,2,819,True,optimal,3.5303891998246747e-07,0.6312044686637819,0.6312048217027019,0.5884792818687856,110065.04259094136,0.9323111320368842,110065.0425909402,-1.0576956959858215e-12
PINN Baseline,2,820,True,optimal,3.5303891998246747e-07,0.6408778880722821,0.6408782411112021,0.5703822881914675,110557.30991424958,0.8900010198544056,110557.30991424908,-4.4751913568467117e-13
PINN Baseline,2,821,True,optimal,3.5303891998246747e-07,0.6394637408666313,0.6394640939055513,0.5761613110080361,110004.96127580726,0.9010065091991468,110004.96127580704,-1.984262581377841e-13
PINN Baseline,2,822,True,optimal,3.5303891998246747e-07,0.6709465789608657,0.6709469319997857,0.6020781118422747,105979.24665861693,0.8973557864669794,105979.24665861564,-1.2220510110781642e-12
PINN Baseline,2,823,True,optimal,3.5303891998246747e-07,0.5854756743647158,0.5854760274036358,0.5784645439125597,110613.65460085732,0.9880243030236963,110613.6546008575,1.5786747429195671e-13
PINN Baseline,2,824,True,optimal,3.5303891998246747e-07,0.6022242358885705,0.6022245889274905,0.5549918403849006,105388.70222123551,0.92156954496543,105388.70222123589,3.5900413228667864e-13
PINN Baseline,2,825,True,optimal,3.5303891998246747e-07,0.6517773913219571,0.6517777443608771,0.6059892973862588,112669.78940431314,0.9297483730139978,112669.78940431327,1.162398880371814e-13
PINN Baseline,2,826,True,optimal,3.5303891998246747e-07,0.5806204569526017,0.5806208099915217,0.5895338789559901,108436.34390335351,1.015350929231418,108436.3439033535,-1.3419776713734092e-14
PINN Baseline,2,827,True,optimal,3.5303891998246747e-07,0.653475129045546,0.653475482084466,0.5765455039218068,112494.58598275535,0.8822756472557061,112494.58598275547,1.0348526625519604e-13
PINN Baseline,2,828,True,optimal,3.5303891998246747e-07,0.5892401752062142,0.5892405282451342,0.5891194827854633,109303.50705999476,0.9997945737710349,109303.50705999485,7.987986270401861e-14
PINN Baseline,2,829,True,optimal,3.5303891998246747e-07,0.6276305690407753,0.6276309220796953,0.5706756128929555,104652.69808208985,0.9092535004521213,104652.69808209165,1.7242149714115199e-12
PINN Baseline,2,830,True,optimal,3.5303891998246747e-07,0.6501474971882999,0.6501478502272199,0.5608016029000282,109604.55204170055,0.862575493718904,109604.55204170113,5.310697396155728e-13
PINN Baseline,2,831,True,optimal,3.5303891998246747e-07,0.6372673716396093,0.6372677246785293,0.5829645381309092,107345.1558941479,0.9147874834316873,107345.15589367787,-4.378649953610749e-10
PINN Baseline,2,832,True,optimal,3.5303891998246747e-07,0.5996125717647374,0.5996129248036574,0.5792613620869815,107015.29820102229,0.9660588324987492,107015.29820102238,8.158785971533838e-14
PINN Baseline,2,833,True,optimal,3.5303891998246747e-07,0.6049908106215298,0.6049911636604498,0.5588683034293354,109711.88727448066,0.9237627539019714,109711.88727448089,2.1222006970982697e-13
PINN Baseline,2,834,True,optimal,3.5303891998246747e-07,0.6293924562633038,0.6293928093022237,0.5551754860207438,109479.40715728719,0.882081075308501,109479.40715728737,1.5950304013751588e-13
PINN Baseline,2,835,True,optimal,3.5303891998246747e-07,0.5655502201989293,0.5655505732378493,0.5350218960084021,108554.17683373,0.9460195450697422,108554.17683372996,-4.021562961319036e-14
PINN Baseline,2,836,True,optimal,3.5303891998246747e-07,0.5838615768589079,0.5838619298978279,0.5696032671257854,108636.02012429904,0.9755787078384478,108636.02012429881,-2.1432177226988774e-13
PINN Baseline,2,837,True,optimal,3.5303891998246747e-07,0.723751453217119,0.723751806256039,0.5658518583513796,107637.66502329803,0.7818313591209198,107637.66502329907,9.5987401899736e-13
PINN Baseline,2,838,True,optimal,3.5303891998246747e-07,0.6274465243332088,0.6274468773721288,0.5488112890161574,110413.01131914658,0.8746737115254877,110413.01131914683,2.2405199887826825e-13
PINN Baseline,2,839,True,optimal,3.5303891998246747e-07,0.623228803742677,0.623229156781597,0.5932233347557485,104336.51617819458,0.9518542710986103,104336.51617819576,1.1297148655841876e-12
PINN Baseline,2,840,True,optimal,3.5303891998246747e-07,0.6773540521971881,0.6773544052361081,0.6216583829373121,109026.3239760582,0.9177741786747784,109026.3239760577,-4.538033565848938e-13
PINN Baseline,2,841,True,optimal,3.5303891998246747e-07,0.6415183749049902,0.6415187279439102,0.5633327919058502,106413.90247657194,0.8781236889394505,106413.90247657205,1.093986021728362e-13
PINN Baseline,2,842,True,optimal,3.5303891998246747e-07,0.5222789109684527,0.5222792640073727,0.5250938590615988,112400.8395650239,1.0053890614623107,112400.83956417999,-7.508033063671889e-10
PINN Baseline,2,843,True,optimal,3.5303891998246747e-07,0.6234744670800865,0.6234748201190065,0.5754157369956374,111032.82843397067,0.9229173631836556,111032.82843397064,-2.6211914860874912e-14
PINN Baseline,2,844,True,optimal,3.5303891998246747e-07,0.6343807866796851,0.6343811397186051,0.5691724391654134,106077.45751112647,0.8972089545693042,106077.45751112635,-1.0974558078442256e-13
PINN Baseline,2,845,True,optimal,3.5303891998246747e-07,0.6063773757778108,0.6063777288167308,0.5823669130913913,108079.30844189438,0.960402873350587,108079.3084418942,-1.6156930059770235e-13
PINN Baseline,2,846,True,optimal,3.5303891998246747e-07,0.5758854825980961,0.5758858356370161,0.5079031637869775,103163.60814655249,0.8819511305138464,103163.6081465524,-8.46340031517392e-14
PINN Baseline,2,847,True,optimal,3.5303891998246747e-07,0.663406765088439,0.663407118127359,0.5895839808508754,107122.24750304018,0.8887212161894361,107122.24750303458,-5.229994229501427e-12
PINN Baseline,2,848,True,optimal,3.5303891998246747e-07,0.6365862176753581,0.636586570714278,0.5639788499101996,103845.97459677923,0.8859421103988899,103845.97459677926,2.8025959185938785e-14
PINN Baseline,2,849,True,optimal,3.5303891998246747e-07,0.5875105340965092,0.5875108871354292,0.5584070421755314,110206.73321261797,0.9504624584885539,110206.73321261811,1.3204197968823153e-13
PINN Baseline,2,850,True,optimal,3.5303891998246747e-07,0.6065566525794566,0.6065570056183766,0.5590258399024606,107958.62097195657,0.9216377598879456,107958.62097195719,5.796038789549891e-13
PINN Baseline,2,851,True,optimal,3.5303891998246747e-07,0.5844941888935864,0.5844945419325064,0.5533903571777046,110957.02117017511,0.9467844735522039,110957.02117017435,-6.819754026331726e-13
PINN Baseline,2,852,True,optimal,3.5303891998246747e-07,0.8019066769629717,0.8019070300018917,0.7296456373296678,115824.85659848715,0.9098880668597538,115824.856598485,-1.859431142025195e-12
PINN Baseline,2,853,True,optimal,3.5303891998246747e-07,0.6212948518805206,0.6212952049194406,0.5427643586881459,104651.50478373458,0.8736013965511333,104651.50478407882,3.289394713947292e-10
PINN Baseline,2,854,True,optimal,3.5303891998246747e-07,0.6340094292536378,0.6340097822925578,0.5844315639697015,108712.33243459812,0.921802124024675,108712.3324387553,3.824015635968065e-09
PINN Baseline,2,855,True,optimal,3.5303891998246747e-07,0.6113524050451815,0.6113527580841015,0.5926860277540982,114206.90488435094,0.9694665148996753,114206.904884351,5.096684913439349e-14
PINN Baseline,2,856,True,optimal,3.5303891998246747e-07,0.5696284058503807,0.5696287588893006,0.5836611450649798,106487.81430667569,1.024634265662851,106487.81430667578,8.19920025015741e-14
PINN Baseline,2,857,True,optimal,3.5303891998246747e-07,0.6668581827543676,0.6668585357932876,0.6275587426498532,106283.99867785523,0.941067271341614,106283.99867785512,-9.584077364958201e-14
PINN Baseline,2,858,True,optimal,3.5303891998246747e-07,0.618610676843673,0.618611029882593,0.5858991541899741,113707.1103288217,0.9471204454617834,113707.11032882136,-2.9434751202854343e-13
PINN Baseline,2,859,True,optimal,3.5303891998246747e-07,0.614578987006098,0.614579340045018,0.5932054342702031,107116.29660065754,0.9652218934446295,107116.29660065749,-5.4340621138604685e-14
PINN Baseline,2,860,True,optimal,3.5303891998246747e-07,0.645496207755059,0.645496560793979,0.6003527981229126,109440.44449721914,0.9300635117009172,109440.44449722038,1.1302154336942702e-12
PINN Baseline,2,861,True,optimal,3.5303891998246747e-07,0.6664987090043724,0.6664990620432923,0.6154710599221289,109144.90545212929,0.9234387487887433,109144.905452129,-2.6665312811598504e-13
PINN Baseline,2,862,True,optimal,3.5303891998246747e-07,0.5911976587958634,0.5911980118347834,0.5313007109798491,104998.57673153216,0.8986848743468487,104998.57673153198,-1.6630985692967127e-13
PINN Baseline,2,863,True,optimal,3.5303891998246747e-07,0.6003582919947803,0.6003586450337003,0.5539425718598068,104164.707062502,0.922686091792202,104164.70706249538,-6.356396149546163e-12
PINN Baseline,2,864,True,optimal,3.5303891998246747e-07,0.6197233507409692,0.6197237037798892,0.5699696186929941,107718.98643961367,0.9197156978449763,107718.98643961357,-9.456402252324543e-14
PINN Baseline,2,865,True,optimal,3.5303891998246747e-07,0.6418549730442464,0.6418553260831664,0.5970187368802726,102283.73172719931,0.9301453343442627,102283.73172719931,0.0
PINN Baseline,2,866,True,optimal,3.5303891998246747e-07,0.7163229621946812,0.7163233152336012,0.7047714940272272,115377.89953382431,0.9838734535639024,115377.89953382462,2.6486027309425645e-13
PINN Baseline,2,867,True,optimal,3.5303891998246747e-07,0.6348251919262111,0.6348255449651311,0.6013725590892136,110551.40410236378,0.9473036550888088,110551.40410236352,-2.369345520641856e-13
PINN Baseline,2,868,True,optimal,3.5303891998246747e-07,0.630621843971312,0.630622197010232,0.6254545440897346,108489.76292612901,0.9918054693523362,108489.76292612885,-1.4754485879098863e-13
PINN Baseline,2,869,True,optimal,3.5303891998246747e-07,0.6317818970419466,0.6317822500808666,0.5781777058728039,111267.74371455885,0.9151534500989835,111267.7437145601,1.1247327103621327e-12
PINN Baseline,2,870,True,optimal,3.5303891998246747e-07,0.640107172075659,0.640107525114579,0.5688156709074974,106367.48193496828,0.8886251896596272,106367.48193496851,2.188926910916433e-13
PINN Baseline,2,871,True,optimal,3.5303891998246747e-07,0.6049758731387556,0.6049762261776755,0.5765473349019885,110299.40458274764,0.9530082504972059,110299.40458274688,-6.860414113182209e-13
PINN Baseline,2,872,True,optimal,3.5303891998246747e-07,0.6330151329748333,0.6330154860137532,0.5430634231306612,104012.85427398415,0.8578991116796507,104012.85427398815,3.8473866674782855e-12
PINN Baseline,2,873,True,optimal,3.5303891998246747e-07,0.6058004098013043,0.6058007628402243,0.5999330529011786,106181.06712682964,0.9903141258661747,106181.06712682957,-6.852405811190938e-14
PINN Baseline,2,874,True,optimal,3.5303891998246747e-07,0.675434045959264,0.675434398998184,0.6447304361499846,107323.60305163976,0.9545419023761004,107323.60305164564,5.477801327105544e-12
PINN Baseline,2,875,True,optimal,3.5303891998246747e-07,0.6122779208235443,0.6122782738624643,0.5802326048724353,110330.32894636202,0.947661593824204,110330.32894636215,1.1870465565182212e-13
PINN Baseline,2,876,True,optimal,3.5303891998246747e-07,0.6644513341598213,0.6644516871987413,0.6266092816367745,110980.5386457908,0.9430471676255254,110980.53864579354,2.465080901854794e-12
PINN Baseline,2,877,True,optimal,3.5303891998246747e-07,0.6511279530823231,0.6511283061212431,0.6307688471861184,113808.14849187278,0.9687320321605959,113808.14849187229,-4.3473611012993933e-13
PINN Baseline,2,878,True,optimal,3.5303891998246747e-07,0.6220552679151297,0.6220556209540496,0.5695575531572104,106876.08772405755,0.9156055085294097,106876.0877240576,4.084706562034245e-14
PINN Baseline,2,879,True,optimal,3.5303891998246747e-07,0.6316497926600277,0.6316501456989477,0.5706637380644679,114160.62998486547,0.9034490721647886,114160.62998486539,-7.648126274511291e-14
PINN Baseline,2,880,True,optimal,3.5303891998246747e-07,0.6681964718736708,0.6681968249125908,0.6096774078905582,110144.19326019773,0.912421887024549,110144.19326019769,-3.963508596587653e-14
PINN Baseline,2,881,True,optimal,3.5303891998246747e-07,0.6482062167488039,0.6482065697877238,0.6211914885789156,108975.30586806628,0.9583233455692138,108975.30586806613,-1.335340617991428e-13
PINN Baseline,2,882,True,optimal,3.5303891998246747e-07,0.6280042179860175,0.6280045710249375,0.6107999049127102,108428.75862509485,0.9726042342587597,108428.75862509478,-6.710357756045979e-14
PINN Baseline,2,883,True,optimal,3.5303891998246747e-07,0.5792890759184957,0.5792894289574156,0.5862732790410519,105780.25513758956,1.0120558907767496,105780.25513758951,-4.127022158182266e-14
PINN Baseline,2,884,True,optimal,3.5303891998246747e-07,0.6769220121204853,0.6769223651594053,0.6028985748998821,113264.36044836868,0.8906465584984894,113264.3604483687,1.2847744136603598e-14
PINN Baseline,2,885,True,optimal,3.5303891998246747e-07,0.6258319709450006,0.6258323239839206,0.5809728656895459,107612.50379603053,0.9283203238707636,107612.50379820571,2.021304733057263e-09
PINN Baseline,2,886,True,optimal,3.5303891998246747e-07,0.5852382937446237,0.5852386467835436,0.6141791930422187,106427.2119914934,1.0494508461082184,106427.2119914935,9.571180593052629e-14
PINN Baseline,2,887,True,optimal,3.5303891998246747e-07,0.6303615691140294,0.6303619221529494,0.5645964234136045,108321.31025722394,0.8956702547724833,108321.310257224,5.3736112289673435e-14
PINN Baseline,2,888,True,optimal,3.5303891998246747e-07,0.6134583749808371,0.6134587280197571,0.5567831587977707,105162.6110539237,0.9076130689265195,105162.61105392364,-5.535014805178293e-14
PINN Baseline,2,889,True,optimal,3.5303891998246747e-07,0.6380540723912418,0.6380544254301618,0.5833856179378927,107558.92132357726,0.9143195230478769,107558.92132357646,-7.44108743106869e-13
PINN Baseline,2,890,True,optimal,3.5303891998246747e-07,0.5847653578966856,0.5847657109356056,0.5630172938108444,106667.37355882936,0.9628083235421508,106667.37355882942,5.456932046926666e-14
PINN Baseline,2,891,True,optimal,3.5303891998246747e-07,0.5952674462459981,0.5952677992849181,0.5481896516866982,111562.86606021154,0.9209126587146594,111562.86606021175,1.826116703448463e-13
PINN Baseline,2,892,True,optimal,3.5303891998246747e-07,0.6630108361132443,0.6630111891521643,0.584900185931474,109752.84922016067,0.8821875037726348,109752.84922016207,1.2728451897598698e-12
PINN Baseline,2,893,True,optimal,3.5303891998246747e-07,0.6756000053137541,0.6756003583526741,0.6199668319895864,108019.54196491616,0.9176532018148426,108019.5419650094,8.631227199466192e-11
PINN Baseline,2,894,True,optimal,3.5303891998246747e-07,0.5938274851068854,0.5938278381458054,0.5261436123400927,103672.97648188294,0.8860204566746938,103672.97648188198,-9.263999526820267e-13
PINN Baseline,2,895,True,optimal,3.5303891998246747e-07,0.6094046263024211,0.6094049793413411,0.5461173849180341,108362.54498270659,0.8961485439588799,108362.54498270665,5.3715664321797424e-14
PINN Baseline,2,896,True,optimal,3.5303891998246747e-07,0.6086048679426312,0.6086052209815512,0.578972342889756,108854.59887641603,0.9513101809346891,108854.59887641612,8.020928125354348e-14
PINN Baseline,2,897,True,optimal,3.5303891998246747e-07,0.6250831899233162,0.6250835429622362,0.5850672493688762,107548.77739810903,0.9359824873908453,107548.77739810903,0.0
PINN Baseline,2,898,True,optimal,3.5303891998246747e-07,0.6013400959782302,0.6013404490171502,0.5415285411290824,101855.18323520472,0.9005356982291375,101855.18323520533,6.000484415015635e-13
PINN Baseline,2,899,True,optimal,3.5303891998246747e-07,0.6297193723730743,0.6297197254119943,0.5765647296793759,110277.86270655874,0.9155894383047288,110277.86270658315,2.214235310143286e-11
PINN Baseline,2,900,True,optimal,3.5303891998246747e-07,0.5824103699997067,0.5824107230386267,0.5270003513433039,103907.64688508006,0.9048603167774302,103907.64688508087,7.84261098405795e-13
PINN Baseline,2,901,True,optimal,3.5303891998246747e-07,0.6453064023517072,0.6453067553906272,0.57296401867643,110205.69021683207,0.8878940347208893,110205.6902168322,1.1883890641002365e-13
PINN Baseline,2,902,True,optimal,3.5303891998246747e-07,0.634649065323174,0.634649418362094,0.5613577170297503,109008.88999276803,0.8845162396563836,109008.88999276799,-4.004787654291022e-14
PINN Baseline,2,903,True,optimal,3.5303891998246747e-07,0.6247876812703907,0.6247880343093107,0.5973099460825324,108273.26928714944,0.9560201432840263,108273.26928714992,4.435196292655965e-13
PINN Baseline,2,904,True,optimal,3.5303891998246747e-07,0.6028567529283464,0.6028571059672664,0.5874093258753419,107699.92657650211,0.9743757186586712,107699.92657650233,2.0267305221462117e-13
PINN Baseline,2,905,True,optimal,3.5303891998246747e-07,0.5929614128544927,0.5929617658934127,0.5504257655702531,102840.17602174496,0.9282651888034118,102840.17602173272,-1.1900174795956041e-11
PINN Baseline,2,906,True,optimal,3.5303891998246747e-07,0.6638921499252319,0.6638925029641519,0.710780621971935,109003.64921945776,1.0706260709353348,109003.6492194575,-2.402988119996322e-13
PINN Baseline,2,907,True,optimal,3.5303891998246747e-07,0.62241485202685,0.62241520506577,0.5765402638353407,111295.13059741918,0.9262952754735777,111295.13059741899,-1.699758982745251e-13
PINN Baseline,2,908,True,optimal,3.5303891998246747e-07,0.619101035874337,0.619101388913257,0.5805169502273202,109854.92610526811,0.9376767046934491,109854.92610526808,-2.6492968033900507e-14
PINN Baseline,2,909,True,optimal,3.5303891998246747e-07,0.639536667149514,0.639537020188434,0.6349880187772214,110551.70264190598,0.9928870397371646,110551.70264190696,8.819206733148961e-13
PINN Baseline,2,910,True,optimal,3.5303891998246747e-07,0.6745932130143046,0.6745935660532246,0.6077314703725278,105967.85313287689,0.9008853640987418,105967.85313446676,1.5003318943166907e-09
PINN Baseline,2,911,True,optimal,3.5303891998246747e-07,0.6835211343131959,0.6835214873521159,0.6510534272529185,109646.90699058856,0.9524988450253773,109646.90699058853,-2.6543229768653487e-14
PINN Baseline,2,912,True,optimal,3.5303891998246747e-07,0.6941023459658027,0.6941026990047227,0.627097122836858,110801.28252098123,0.9034644638841712,110801.28252098124,1.3133345478750497e-14
PINN Baseline,2,913,True,optimal,3.5303891998246747e-07,0.6331989290192723,0.6331992820581923,0.5665498119778931,111336.61715523856,0.89474171565126,111336.61715523958,9.149137920773905e-13
PINN Baseline,2,914,True,optimal,3.5303891998246747e-07,0.7003770489245653,0.7003774019634853,0.5625964049249887,111053.57458929655,0.8032760670857855,111053.57458937858,7.386448067580707e-11
PINN Baseline,2,915,True,optimal,3.5303891998246747e-07,0.6638823770917952,0.6638827301307152,0.5810931492596865,109377.48047697371,0.8752948719501592,109377.48047697406,3.1930335564305505e-13
PINN Baseline,2,916,True,optimal,3.5303891998246747e-07,0.6705300388857722,0.6705303919246922,0.5870361472479999,103696.70895101142,0.875480297862368,103696.70895101049,-8.981216318595565e-13
PINN Baseline,2,917,True,optimal,3.5303891998246747e-07,0.7272469797171652,0.7272473327560852,0.6444961442612112,102923.60985879296,0.8862131426714653,102923.60985877733,-1.5184812286226672e-11
PINN Baseline,2,918,True,optimal,3.5303891998246747e-07,0.6500026639550924,0.6500030169940124,0.5678946892730892,109580.87001187677,0.8736800821315579,109580.87001187688,9.29572895228224e-14
PINN Baseline,2,920,True,optimal,3.5303891998246747e-07,0.6432073703035712,0.6432077233424912,0.6032201019115746,106749.59012511517,0.9378309370678619,106749.59012511524,6.815911523084713e-14
PINN Baseline,2,921,True,optimal,3.5303891998246747e-07,0.6698619499802589,0.6698623030191789,0.6119382227770984,109231.05857597737,0.9135283774277083,109231.0585759769,-4.26308499961887e-13
PINN Baseline,2,922,True,optimal,3.5303891998246747e-07,0.7025255230255425,0.7025258760644625,0.6174841742031276,108253.41994394953,0.8789486554748176,108253.41994394935,-1.6130943745778832e-13
PINN Baseline,2,923,True,optimal,3.5303891998246747e-07,0.6852946178987622,0.6852949709376822,0.6614264706149697,107823.75666372557,0.965170472081455,107823.7566637251,-4.3187262410084307e-13
PINN Baseline,2,924,True,optimal,3.5303891998246747e-07,0.6653583822771907,0.6653587353161107,0.63803301891312,110870.26922581816,0.9589308519561132,110870.26922581847,2.7562864411674185e-13
PINN Baseline,2,925,True,optimal,3.5303891998246747e-07,0.6866358430124819,0.6866361960514019,0.5988856349140406,105302.24928915275,0.872202249689161,105302.2492891527,-4.145756237858213e-14
PINN Baseline,2,926,True,optimal,3.5303891998246747e-07,0.6975088431499898,0.6975091961889098,0.6361391041427851,106584.51163966459,0.912015364985233,106584.51163966446,-1.2287642457664855e-13
PINN Baseline,2,927,True,optimal,3.5303891998246747e-07,0.6799513902515173,0.6799517432904373,0.6062421007081866,109992.69018086664,0.8915957738036624,109992.69018086692,2.5136796716611746e-13
PINN Baseline,2,928,True,optimal,3.5303891998246747e-07,0.6878709960728884,0.6878713491118084,0.5684238439425826,109240.0879845705,0.8263519692694593,109240.08798457056,5.3284157846603785e-14
PINN Baseline,2,929,True,optimal,3.5303891998246747e-07,0.6449398542754352,0.6449402073143552,0.5820848410949111,106467.0023397443,0.9025407851664499,106467.00233974465,3.280321205685251e-13
PINN Baseline,2,930,True,optimal,3.5303891998246747e-07,0.7732935547828674,0.7732939078217874,0.7125151180662215,116181.45407959406,0.9214027303968196,116181.45407959368,-3.2565420955941623e-13
PINN Baseline,2,931,True,optimal,3.5303891998246747e-07,0.6953544039279222,0.6953547569668422,0.5464446251280606,110538.71642499293,0.7858501285180934,110538.71642499285,-7.898724916843695e-14
PINN Baseline,2,932,True,optimal,3.5303891998246747e-07,0.8394349790178239,0.8394353320567439,0.5787475011311471,106966.88926856345,0.6894485841013244,106966.88926856348,2.7208261038294065e-14
PINN Baseline,2,933,True,optimal,3.5303891998246747e-07,0.8227330530062318,0.8227334060451518,0.5797920343466103,113535.71893813067,0.7047143462104555,113535.71893813061,-5.12681484363407e-14
PINN Baseline,2,934,True,optimal,3.5303891998246747e-07,0.8559251851402223,0.8559255381791423,0.6707655601203442,106466.53473832028,0.783672796523049,106466.53473832014,-1.2301258548256563e-13
PINN Baseline,2,935,True,optimal,3.5303891998246747e-07,0.8975667650811374,0.8975671181200574,0.5969270947389305,108056.84750851509,0.6650500922863423,108056.84750851798,2.679914505387367e-12
PINN Baseline,2,936,True,optimal,3.5303891998246747e-07,0.688541634939611,0.688541987978531,0.5651500369422138,112535.25144911376,0.820792408900756,112535.25144911399,2.068957421392097e-13
PINN Baseline,2,937,True,optimal,3.5303891998246747e-07,0.7007079138420522,0.7007082668809722,0.5621217237785459,107974.51195130541,0.8022193405547936,107974.51195130558,1.617261144177749e-13
PINN Baseline,2,938,True,optimal,3.5303891998246747e-07,0.8530826508067548,0.8530830038456748,0.5876037999987602,107389.16366695779,0.6888002660349092,107389.163666957,-7.317343719789031e-13
PINN Baseline,2,939,True,optimal,3.5303891998246747e-07,0.9037277158349752,0.9037280688738952,0.5866598761640489,109651.26709223297,0.6491553116138861,109651.26709223319,1.9906630740700698e-13
PINN Baseline,2,940,True,optimal,3.5303891998246747e-07,0.7808513161726296,0.7808516692115496,0.5780660598538816,108533.24140263893,0.7403020095193918,108533.24140263865,-2.5474811750370107e-13
PINN Baseline,2,941,True,optimal,3.5303891998246747e-07,0.7889116434380412,0.7889119964769612,0.6000922541134059,107506.85076599503,0.7606580414459835,107506.85076599453,-4.602172924229771e-13
PINN Baseline,2,942,True,optimal,3.5303891998246747e-07,0.7578537194058299,0.7578540724447499,0.5549430111423135,107285.63900118161,0.7322557617881913,107285.63900118168,6.781856063795538e-14
PINN Baseline,2,943,True,optimal,3.5303891998246747e-07,0.7282330254092813,0.7282333784482012,0.5865045068785548,108964.34104314739,0.8053798744138072,108964.34104314717,-2.0032124852576257e-13
PINN Baseline,2,944,True,optimal,3.5303891998246747e-07,0.7838706281036139,0.7838709811425338,0.6066396827809513,115465.66584635341,0.7739024627455166,115465.66584635332,-7.561684309375898e-14
PINN Baseline,2,945,True,optimal,3.5303891998246747e-07,0.8532211119309068,0.8532214649698268,0.6247793547809124,103580.51125173665,0.7322593024578994,103580.51125173668,2.8097786065181004e-14
PINN Baseline,2,946,True,optimal,3.5303891998246747e-07,0.7906426629051566,0.7906430159440766,0.5724452422000468,110882.88893081105,0.7240249147290725,110882.88893081085,-1.8373151634266837e-13
PINN Baseline,2,947,True,optimal,3.5303891998246747e-07,0.8042902201414108,0.8042905731803308,0.5498085753060877,107031.93515638524,0.6835944540939118,107031.93515638474,-4.622593406739471e-13
PINN Baseline,2,948,True,optimal,3.5303891998246747e-07,0.7304906928911805,0.7304910459301005,0.5265321363694966,104993.50611583704,0.720792047079903,104993.506115837,-4.1579472197962535e-14
PINN Baseline,2,949,True,optimal,3.5303891998246747e-07,0.7751671252772212,0.7751674783161412,0.5564554962329566,106484.22236787739,0.7178519633482535,106484.22236787745,5.466317884387974e-14
PINN Baseline,2,950,True,optimal,3.5303891998246747e-07,0.837576312944293,0.837576665983213,0.574445788282901,106117.42604425538,0.6858426358004752,106117.42604425517,-1.9198243002254255e-13
PINN Baseline,2,951,True,optimal,3.5303891998246747e-07,0.8003364033065736,0.8003367563454936,0.565985084977001,111225.31978747765,0.7071836704856693,111225.319787478,3.1399861663524247e-13
PINN Baseline,2,952,True,optimal,3.5303891998246747e-07,0.8613283578306437,0.8613287108695636,0.5774945137090981,112075.36658638151,0.6704693648561678,112075.36658638158,6.492022141703654e-14
PINN Baseline,2,953,True,optimal,3.5303891998246747e-07,0.7315179919824004,0.7315183450213204,0.5470784711651504,108214.82297023613,0.7478670560875758,108214.82297023597,-1.4791972404377725e-13
PINN Baseline,2,954,True,optimal,3.5303891998246747e-07,0.8497460037469864,0.8497463567859064,0.5857739192433655,109635.5931224736,0.6893514924371147,109635.59312247306,-4.911004247025008e-13
PINN Baseline,2,955,True,optimal,3.5303891998246747e-07,0.867519757244736,0.8675201102836559,0.5792266251519322,114881.78205939992,0.667680919768581,114881.78205940024,2.786709339680511e-13
PINN Baseline,2,956,True,optimal,3.5303891998246747e-07,0.7071514609269798,0.7071518139658998,0.5345043609850109,108108.98907634025,0.7558551790843397,108108.98907634032,6.730205948966528e-14
PINN Baseline,2,957,True,optimal,3.5303891998246747e-07,0.7803226336836815,0.7803229867226015,0.568698407150805,104591.86079115709,0.7287987369683532,104591.86079115709,0.0
PINN Baseline,2,958,True,optimal,3.5303891998246747e-07,0.8573987572453916,0.8573991102843116,0.5670912247151136,110133.30914815841,0.6614086927697738,110133.30914815831,-9.249100693191263e-14
PINN Baseline,2,959,True,optimal,3.5303891998246747e-07,0.8384004640392959,0.8384008170782159,0.552315307315439,110113.85775537827,0.6587723867448384,110113.85775537789,-3.435987110523866e-13
PINN Baseline,2,960,True,optimal,3.5303891998246747e-07,0.8359724199399352,0.8359727729788552,0.573214188683778,104247.0497627455,0.685685236662937,104247.0497627457,1.8146786733946883e-13
PINN Baseline,2,961,True,optimal,3.5303891998246747e-07,0.84648665972054,0.84648701275946,0.61869677901268,112870.0818064624,0.7308993164535302,112870.0818064634,8.766984303472793e-13
PINN Baseline,2,962,True,optimal,3.5303891998246747e-07,0.9668989810161293,0.9668993340550492,0.6723796660080552,114096.67044986247,0.6953977961575203,114096.67044986245,-2.5508045363622426e-14
PINN Baseline,2,963,True,optimal,3.5303891998246747e-07,0.8098202426917851,0.8098205957307051,0.558706286828965,112698.15242431976,0.6899136546716764,112698.15242432001,2.1950897469092175e-13
PINN Baseline,2,964,True,optimal,3.5303891998246747e-07,0.8931469339877367,0.8931472870266567,0.5219449810683727,110473.65719954431,0.5843884750587558,110473.65719954428,-2.6344588560297753e-14
PINN Baseline,2,965,True,optimal,3.5303891998246747e-07,0.8431135350838304,0.8431138881227503,0.5199418500997126,102890.66331654045,0.6166923086243995,102890.66331654051,5.657234489235729e-14
PINN Baseline,2,966,True,optimal,3.5303891998246747e-07,0.8357802419923246,0.8357805950312446,0.5604728497564793,111040.4338302732,0.6705980649569002,111040.4338302732,0.0
PINN Baseline,2,967,True,optimal,3.5303891998246747e-07,0.847087109927088,0.847087462966008,0.5561720160767436,109989.76291855611,0.6565697645073774,109989.76291631816,-2.0346926254790635e-09
PINN Baseline,2,968,True,optimal,3.5303891998246747e-07,0.7957925861701369,0.7957929392090569,0.5850278404541314,108612.29875933575,0.7351508308626034,108612.2987593359,1.3398036313190584e-13
PINN Baseline,2,969,True,optimal,3.5303891998246747e-07,0.8526916219852865,0.8526919750242065,0.5439766859635711,108653.59505230557,0.6379521584545562,108653.5950523057,1.2053649673741065e-13
PINN Baseline,2,970,True,optimal,3.5303891998246747e-07,1.0624788873828948,1.0624792404218146,0.559347374830395,107860.28734367658,0.5264548741755449,107860.2873436768,2.0237172902200653e-13
PINN Baseline,2,971,True,optimal,3.5303891998246747e-07,0.8525745179504156,0.8525748709893356,0.5681643523275852,107230.53111574483,0.6664099208885692,107230.5311157447,-1.2213614508160498e-13
PINN Baseline,2,972,True,optimal,3.5303891998246747e-07,0.7590222270227969,0.7590225800617169,0.5021353820338845,104417.06023341011,0.6615552622862094,104417.06023340566,-4.2645196579241325e-12
PINN Baseline,2,973,True,optimal,3.5303891998246747e-07,0.8053598515689373,0.8053602046078573,0.5508446879684925,107351.73580057043,0.68397306548901,107351.73580057107,5.964358799354777e-13
PINN Baseline,2,974,True,optimal,3.5303891998246747e-07,0.8344812449067831,0.8344815979457031,0.5511954030953348,106027.66570173024,0.6605243356501185,106027.66570173012,-1.097971185694368e-13
PINN Baseline,2,975,True,optimal,3.5303891998246747e-07,0.7588831642642617,0.7588835173031817,0.539877044968307,109561.92089665133,0.7114096335717628,109561.9208966516,2.523562813395514e-13
PINN Baseline,2,976,True,optimal,3.5303891998246747e-07,0.803623256739229,0.803623609778149,0.5824887091293931,108069.07454506455,0.7248277701674256,108069.07454506456,1.3465383403740297e-14
PINN Baseline,2,977,True,optimal,3.5303891998246747e-07,0.7764588636346161,0.7764592166735361,0.5124649158678949,106975.65490921342,0.6600023605404144,106975.65490921342,0.0
PINN Baseline,2,978,True,optimal,3.5303891998246747e-07,0.7827645819634199,0.7827649350023399,0.5492662116885185,107065.04820590341,0.7017000725599398,107065.0482059035,8.154994821679526e-14
PINN Baseline,2,979,True,optimal,3.5303891998246747e-07,0.7562202708795667,0.7562206239184867,0.8435211819596589,109199.81124690377,1.1154432387585642,109199.81124690389,1.0660762184260243e-13
PINN Baseline,2,980,True,optimal,3.5303891998246747e-07,0.824724406003952,0.824724759042872,0.9020356698893011,103995.09344483403,1.0937414695008691,103995.09344483363,-3.778079312696867e-13
PINN Baseline,2,982,True,optimal,3.5303891998246747e-07,0.8338862997479737,0.8338866527868937,0.5682570291683078,107191.52064519428,0.6814559595949431,107191.52064519425,-2.7151243196808326e-14
PINN Baseline,2,983,True,optimal,3.5303891998246747e-07,0.8689530529081821,0.8689534059471021,0.6173696829937398,107145.66047159099,0.7104750136986314,107145.6604714739,-1.0928978488467687e-10
PINN Baseline,2,984,True,optimal,3.5303891998246747e-07,0.8775456100702286,0.8775459631091486,0.5684437141753733,109289.80559911662,0.6477651747851191,109289.80559911669,6.657489757893976e-14
PINN Baseline,2,985,True,optimal,3.5303891998246747e-07,0.8358322321437299,0.8358325851826499,0.5673567070625722,107454.74033002442,0.6787922810386614,107454.74033002432,-9.47965685699078e-14
PINN Baseline,2,986,True,optimal,3.5303891998246747e-07,0.8967974209226668,0.8967977739615868,0.5647938582114875,107640.29348480483,0.6297895407528964,107640.29348480495,1.0815217801628228e-13
PINN Baseline,2,987,True,optimal,3.5303891998246747e-07,0.7464399300515652,0.7464402830904852,0.5635106968693435,108727.93084609664,0.7549307153363178,108727.93084609628,-3.345946877478279e-13
PINN Baseline,2,988,True,optimal,3.5303891998246747e-07,0.8573441640473902,0.8573445170863102,0.5960475173778832,108145.43985906131,0.6952252046861556,108145.43985906045,-7.938966262401372e-13
PINN Baseline,2,989,True,optimal,3.5303891998246747e-07,0.855747536290437,0.855747889329357,0.5609096419066191,109997.43947985902,0.6554613209109983,109997.43947985905,2.6458643577846857e-14
PINN Baseline,2,990,True,optimal,3.5303891998246747e-07,0.739467587787658,0.739467940826578,0.5443141129799187,113230.03161334542,0.7360888592025827,113230.03161334686,1.2723122894885096e-12
PINN Baseline,2,991,True,optimal,3.5303891998246747e-07,0.8199492790736258,0.8199496321125458,0.5509683242999017,111185.5574455885,0.6719538648738318,111185.55744558838,-1.177915909801449e-13
PINN Baseline,2,993,True,optimal,3.5303891998246747e-07,0.7958373231813312,0.7958376762202511,0.7229772480204701,106953.43985593675,0.9084481290885548,106953.43985593668,-6.802920620397001e-14
PINN Baseline,2,994,True,optimal,3.5303891998246747e-07,0.6467009861953557,0.6467013392342756,0.5722102909348905,107230.99573455652,0.8848138332486121,107230.99573455627,-2.307006077744687e-13
PINN Baseline,2,995,True,optimal,3.5303891998246747e-07,0.8480341825634241,0.8480345356023441,0.6695471392013133,109036.36519324685,0.7895281513809407,109036.36519324682,-2.669185679947468e-14
PINN Baseline,2,996,True,optimal,3.5303891998246747e-07,0.8382152877748013,0.8382156408137212,0.6519707893021405,106715.62784365314,0.7778079500750208,106715.62784365304,-9.545312964639625e-14
PINN Baseline,2,997,True,optimal,3.5303891998246747e-07,0.7454493739642203,0.7454497270031403,0.5959508498199284,107982.41472931315,0.7994514294287453,107982.41472931312,-2.6952379727467893e-14
PINN Baseline,2,998,True,optimal,3.5303891998246747e-07,0.7701798509806395,0.7701802040195594,0.6287396550178528,111298.6947456006,0.8163539542258675,111298.6947456006,0.0
PINN Baseline,2,999,True,optimal,3.5303891998246747e-07,0.9117973656393588,0.9117977186782787,0.7069004811346531,113963.11131181337,0.7752821340234981,113963.11131181278,-5.107587906599531e-13
PINN Baseline,3,0,True,optimal,6.765649700020444e-07,0.8884891881607473,0.8884898647257173,1.7847302909940481,108877.06720057585,2.0087232976428,108877.06720057593,6.682727411071322e-14
PINN Baseline,3,1,True,optimal,6.765649700020444e-07,0.8932562689296901,0.8932569454946602,1.865777017083019,106536.90445984298,2.0887349675739775,106536.90445984292,-5.463614811091837e-14
PINN Baseline,3,2,True,optimal,6.765649700020444e-07,0.9594787550158799,0.9594794315808499,1.725114674307406,107936.0983009915,1.7979694170880622,107936.09830099184,3.1008537043752216e-13
PINN Baseline,3,3,True,optimal,6.765649700020444e-07,0.9330226448364556,0.9330233214014256,1.7752124881371856,109950.74309256567,1.902645354534943,109950.74309256597,2.7793374669458365e-13
PINN Baseline,3,4,True,optimal,6.765649700020444e-07,1.0749602890573442,1.0749609656223142,1.6225328636355698,108416.29662127362,1.509387703856071,108416.29662127396,3.08711937857102e-13
PINN Baseline,3,5,True,optimal,6.765649700020444e-07,0.9815973592922091,0.9815980358571792,1.8838105350732803,106403.6891941819,1.9191262270897325,106403.68919418173,-1.6411365438816996e-13
PINN Baseline,3,6,True,optimal,6.765649700020444e-07,1.1787148118019104,1.1787154883668804,1.858479265589267,107600.81949957322,1.5766987741581342,107600.81949957206,-1.0819185427058625e-12
PINN Baseline,3,7,True,optimal,6.765649700020444e-07,1.135960501153022,1.135961177717992,1.5804488440044224,109424.13931111751,1.391287726205003,109424.1393111177,1.7288223527251348e-13
PINN Baseline,3,8,True,optimal,6.765649700020444e-07,1.1190147390589118,1.1190154156238818,1.8380808597430587,108880.72994772463,1.642587612359458,108880.72994772487,2.2720508854138724e-13
PINN Baseline,3,9,True,optimal,6.765649700020444e-07,1.1736669386737049,1.173667615238675,1.6059250668622553,108583.92821096,1.3682963097994976,108583.92821096009,8.040922151993785e-14
PINN Baseline,3,10,True,optimal,6.765649700020444e-07,1.144215561915189,1.144216238480159,1.9726422149688005,109353.15913483287,1.7240117284028622,109353.15913483285,-1.3307265508831149e-14
PINN Baseline,3,11,True,optimal,6.765649700020444e-07,1.2498994790948927,1.2499001556598628,1.6928835581056774,110244.58357065184,1.3544150310245775,110244.58357065146,-3.431912785947141e-13
PINN Baseline,3,12,True,optimal,6.765649700020444e-07,1.3215537811629474,1.3215544577279175,1.5272290189750493,110056.5909325695,1.1556307877018839,110056.59093256854,-8.726659593341895e-13
PINN Baseline,3,13,True,optimal,6.765649700020444e-07,1.3123585991561413,1.3123592757211113,1.4124120296910405,108689.08795278132,1.0762388439057227,108689.08795279014,8.113473757569285e-12
PINN Baseline,3,14,True,optimal,6.765649700020444e-07,1.37296420102939,1.3729648775943601,1.4632038529962301,107481.16759995068,1.0657256255236347,107481.16759995048,-1.895465203312784e-13
PINN Baseline,3,15,True,optimal,6.765649700020444e-07,1.6499438430182636,1.6499445195832336,1.7861384581774473,114609.23216198436,1.0825445564852179,114609.23216198635,1.7394867312858028e-12
PINN Baseline,3,16,True,optimal,6.765649700020444e-07,1.238186663016677,1.238187339581647,1.6345147392712533,107621.30735375873,1.3200867809095154,107621.30735375876,2.704281445036473e-14
PINN Baseline,3,17,True,optimal,6.765649700020444e-07,1.405246365815401,1.4052470423803711,1.5707424571737647,105529.92167265005,1.1177696232778105,105529.9216726499,-1.378937366551485e-13
PINN Baseline,3,18,True,optimal,6.765649700020444e-07,1.2345685651525855,1.2345692417175556,1.4230409348383546,102959.30556307294,1.1526619056688905,102959.30556307308,1.4133657126749306e-13
PINN Baseline,3,19,True,optimal,6.765649700020444e-07,1.922927615698427,1.922928292263397,1.4733537547290325,111709.7507260652,0.7662031707874091,111709.75072606519,-1.3026539880167736e-14
PINN Baseline,3,20,True,optimal,6.765649700020444e-07,1.42128875432536,1.42128943089033,1.6002011108212173,105053.42777183131,1.1258798356213855,105053.42777183073,-5.54076741216768e-13
PINN Baseline,3,21,True,optimal,6.765649700020444e-07,1.2449723491445184,1.2449730257094884,1.5572486938908696,108219.69960825871,1.2508292643556842,108219.69960825871,0.0
PINN Baseline,3,22,True,optimal,6.765649700020444e-07,1.4572128816507757,1.4572135582157457,1.7215526248328388,108265.78227578515,1.1814003617566924,108265.78227578459,-5.241958095870522e-13
PINN Baseline,3,23,True,optimal,6.765649700020444e-07,1.1926227449439466,1.1926234215089166,1.4843235006555915,105270.67718761627,1.2445869114138421,105270.67718761416,-2.0043831430405302e-12
PINN Baseline,3,24,True,optimal,6.765649700020444e-07,1.4399566859938204,1.4399573625587905,1.5382078108377755,106589.74625659699,1.0682314982607506,106589.74625659693,-5.460906227634898e-14
PINN Baseline,3,25,True,optimal,6.765649700020444e-07,1.5089240721426904,1.5089247487076605,1.4399546710774302,110737.47437137822,0.9542919037617346,110737.47437137818,-3.9422739170204556e-14
PINN Baseline,3,26,True,optimal,6.765649700020444e-07,1.3573641083203256,1.3573647848852957,1.7021430833265185,111660.31352560828,1.2540056308226373,111660.31352560829,1.3032307333643212e-14
PINN Baseline,3,27,True,optimal,6.765649700020444e-07,1.2047637607902288,1.204764437355199,1.4650265048258007,103882.48377557757,1.2160273489164,103882.48377558005,2.3953773664350342e-12
PINN Baseline,3,28,True,optimal,6.765649700020444e-07,1.273725923616439,1.2737266001814092,1.7061548558995128,109737.50841280662,1.339498488652522,109737.50841280553,-9.945493185629369e-13
PINN Baseline,3,29,True,optimal,6.765649700020444e-07,1.0632930742576718,1.0632937508226419,1.4637496010400355,105262.71313522584,1.376618267442625,105262.7131352244,-1.3686134099142963e-12
PINN Baseline,3,30,True,optimal,6.765649700020444e-07,1.254079235251993,1.254079911816963,1.5045020380057395,110160.9891403156,1.1996859401295683,110160.98914031565,3.962904293596604e-14
PINN Baseline,3,31,True,optimal,6.765649700020444e-07,1.3488015946932137,1.3488022712581837,1.590288466308266,109013.0933062641,1.1790375062349354,109013.09330626376,-3.070218815937456e-13
PINN Baseline,3,32,True,optimal,6.765649700020444e-07,1.7210281840525568,1.7210288606175268,2.011766794603318,112654.19820406882,1.1689326313107096,112654.19820407158,2.454292815951036e-12
PINN Baseline,3,33,True,optimal,6.765649700020444e-07,1.3334940979257226,1.3334947744906926,1.715422441251576,107678.96144842662,1.2864110711695549,107678.9614480189,-3.786399454304357e-10
PINN Baseline,3,34,True,optimal,6.765649700020444e-07,1.199573605787009,1.199574282351979,1.5963502060621977,105370.31377968761,1.3307639464662986,105370.31377968751,-9.667182619532478e-14
PINN Baseline,3,35,True,optimal,6.765649700020444e-07,1.0132069308310747,1.0132076073960448,1.3882612027227879,105705.30033838797,1.3701646065317603,105705.30033836846,-1.8460870229563307e-11
PINN Baseline,3,36,True,optimal,6.765649700020444e-07,1.249182133935392,1.249182810500362,1.7682727929204702,104926.96161640872,1.4155436482608867,104926.96161640887,1.3868613942682955e-13
PINN Baseline,3,37,True,optimal,6.765649700020444e-07,1.163472339976579,1.163473016541549,1.558708708267659,108167.44312857518,1.3397033589149814,108167.44312857531,1.2107824061221924e-13
PINN Baseline,3,38,True,optimal,6.765649700020444e-07,1.0213182102888823,1.0213188868538523,1.6624067472293973,106916.86236317095,1.6277058699564446,106916.86236308554,-7.988000076656205e-11
PINN Baseline,3,39,True,optimal,6.765649700020444e-07,1.1332042971625924,1.1332049737275625,1.5689353202469647,108150.51890674402,1.3845115019978351,108150.51890673324,-9.970335134053097e-12
PINN Baseline,3,40,True,optimal,6.765649700020444e-07,1.2744132401421666,1.2744139167071367,1.6886817761696875,108164.81927624285,1.325065392045425,108164.81927624306,1.8834849867112215e-13
PINN Baseline,3,41,True,optimal,6.765649700020444e-07,1.113527823239565,1.113528499804535,1.6405739928595722,107715.6325320884,1.4733111843545568,107715.6325320883,-9.456696693325635e-14
PINN Baseline,3,42,True,optimal,6.765649700020444e-07,1.1599570661783218,1.1599577427432919,1.5221768729388714,107196.83580684727,1.3122692464114545,107196.83580684691,-3.3937371189265406e-13
PINN Baseline,3,43,True,optimal,6.765649700020444e-07,1.1564277368597686,1.1564284134247387,1.4490136969834566,107683.84195104902,1.2530076917534676,107683.84195104876,-2.432439903376345e-13
PINN Baseline,3,44,True,optimal,6.765649700020444e-07,1.2597585264593363,1.2597592030243063,1.307226236909628,110358.55930252817,1.0376794499864477,110358.55930252797,-1.846044516027574e-13
PINN Baseline,3,46,True,optimal,6.765649700020444e-07,1.036574361845851,1.036575038410821,1.3341030590236187,106119.37488483146,1.287029891312972,106119.37488485724,2.4299044177984385e-11
PINN Baseline,3,47,True,optimal,6.765649700020444e-07,0.9183166399598122,0.9183173165247822,1.445161947980523,109093.61492941905,1.5737065194953483,109093.61492886856,-5.046115241898232e-10
PINN Baseline,3,48,True,optimal,6.765649700020444e-07,1.059382414445281,1.059383091010251,1.5158409709110856,114876.92271458294,1.4308714040975925,114876.92271457212,-9.411875561412512e-12
PINN Baseline,3,49,True,optimal,6.765649700020444e-07,0.8901025340892375,0.8901032106542075,1.3321644337847829,116480.76359186176,1.4966404096056114,116480.76359186137,-3.373103841786251e-13
PINN Baseline,3,50,True,optimal,6.765649700020444e-07,0.8471422898583114,0.8471429664232815,1.1914931652136147,112165.28212539479,1.4064841619876898,112165.28212539473,-5.189454331189071e-14
PINN Baseline,3,51,True,optimal,6.765649700020444e-07,0.8888442278839648,0.8888449044489348,1.2844604006968439,108554.43627495646,1.4450894574157258,108554.43627495655,8.04310669985432e-14
PINN Baseline,3,52,True,optimal,6.765649700020444e-07,1.0270039970055223,1.0270046735704923,1.2426477740518749,111711.00113382096,1.2099728521503959,111711.00113381614,-4.3117364375057575e-12
PINN Baseline,3,53,True,optimal,6.765649700020444e-07,0.9670148291625082,0.9670155057274783,1.1233605109155178,108071.01005219758,1.1616778678956368,108071.01005219744,-1.3465142244287688e-13
PINN Baseline,3,54,True,optimal,6.765649700020444e-07,0.9297449723817408,0.9297456489467109,1.1874049128964543,108284.0112637743,1.2771287655302719,108284.01126377411,-1.7470252141652633e-13
PINN Baseline,3,55,True,optimal,6.765649700020444e-07,1.1288548116572201,1.1288554882221902,1.21749607892707,106221.46073605456,1.0785225315637859,106221.46073605442,-1.3699599993758624e-13
PINN Baseline,3,56,True,optimal,6.765649700020444e-07,1.1125044748187065,1.1125051513836766,1.3489037118852139,105822.57134016354,1.212492104155668,105822.57134016394,3.712834664572022e-13
PINN Baseline,3,57,True,optimal,6.765649700020444e-07,0.9017904927022755,0.9017911692672456,1.7624327689409256,110967.06865353687,1.954369070139596,110967.06865353681,-5.245489641183934e-14
PINN Baseline,3,58,True,optimal,6.765649700020444e-07,0.9403956430032849,0.940396319568255,1.9662965000607073,107860.12642273864,2.090923219439494,107860.12642273748,-1.0793174983929242e-12
PINN Baseline,3,59,True,optimal,6.765649700020444e-07,1.0210697907023132,1.0210704672672832,1.958918352611363,106641.83875809934,1.9184947713296083,106641.8387581013,1.8285099575452142e-12
PINN Baseline,3,60,True,optimal,6.765649700020444e-07,0.968466529622674,0.968467206187644,1.703387247864157,110554.36523404947,1.7588486600073059,110554.36523404975,2.5009088402220374e-13
PINN Baseline,3,61,True,optimal,6.765649700020444e-07,0.9314007689245045,0.9314014454894746,1.862439049873501,109800.5113401173,1.9996093616697612,109800.51134011756,2.3855487639692036e-13
PINN Baseline,3,62,True,optimal,6.765649700020444e-07,1.101119851693511,1.101120528258481,1.6861459179781377,111027.04924400538,1.531300048183577,111027.04924400529,-7.863983773748294e-14
PINN Baseline,3,63,True,optimal,6.765649700020444e-07,0.9027181761339307,0.9027188526989007,1.8504464547149837,109838.24718319307,2.0498590997436437,109838.24718319236,-6.491762791887326e-13
PINN Baseline,3,64,True,optimal,6.765649700020444e-07,0.8775747497566044,0.8775754263215745,1.7007422442547977,104908.48113994401,1.9380012170390764,104908.48113994404,2.7742114022135426e-14
PINN Baseline,3,65,True,optimal,6.765649700020444e-07,0.9289655210450292,0.9289661976099992,1.9917859612032771,106160.57631981354,2.1440887368427948,106160.57631981344,-9.595219819803902e-14
PINN Baseline,3,66,True,optimal,6.765649700020444e-07,0.9462219099514186,0.9462225865163887,1.9344260557554662,108542.35847971297,2.0443668152936887,108542.35847971318,1.8769337247744927e-13
PINN Baseline,3,67,True,optimal,6.765649700020444e-07,0.9390726522542536,0.9390733288192237,1.997136422432959,109026.21646467096,2.1267097692404144,109026.21646467106,9.343019495827039e-14
PINN Baseline,3,68,True,optimal,6.765649700020444e-07,0.9055995712988079,0.9056002478637779,1.6747254943475127,107668.14539040117,1.849298847143677,107668.1453904011,-6.757762556233361e-14
PINN Baseline,3,69,True,optimal,6.765649700020444e-07,0.865469862241298,0.865470538806268,2.1375795691274107,107861.71138993838,2.4698467172270773,107861.71138989985,-3.572488423200554e-11
PINN Baseline,3,70,True,optimal,6.765649700020444e-07,0.8978339559398592,0.8978346325048292,1.8016942478716373,103775.30287806819,2.006710570793165,103775.30287806822,2.8045045063303292e-14
PINN Baseline,3,71,True,optimal,6.765649700020444e-07,0.9052547928877175,0.9052554694526875,1.9228192497976124,108843.15193322762,2.124062559887253,108843.1519352535,1.8612783132101574e-09
PINN Baseline,3,72,True,optimal,6.765649700020444e-07,0.9602058790624142,0.9602065556273842,2.0303332270123065,109935.70532123644,2.114475489792629,109935.70532123595,-4.500495233270664e-13
PINN Baseline,3,73,True,optimal,6.765649700020444e-07,1.0079672513529658,1.0079679279179359,1.9172118678689003,112755.29713414115,1.90205641942309,112755.29713414011,-9.163081535627548e-13
PINN Baseline,3,74,True,optimal,6.765649700020444e-07,0.8334251306951046,0.8334258072600746,1.6834007930010557,105305.54010005722,2.019856810692379,105305.54010074129,6.496058823878779e-10
PINN Baseline,3,75,True,optimal,6.765649700020444e-07,0.7755986722186208,0.7755993487835908,1.5456189666874707,101321.1328042637,1.9928059108243683,101321.13280426447,7.611951088164187e-13
PINN Baseline,3,76,True,optimal,6.765649700020444e-07,0.7858575438149273,0.7858582203798974,1.6095998529344797,109768.25856769591,2.048206420944953,109768.25856769594,2.65138855589887e-14
PINN Baseline,3,77,True,optimal,6.765649700020444e-07,0.7194728390313685,0.7194735155963385,1.4679895951412618,104739.48150978665,2.0403664114369975,104739.48150978862,1.8756141690905404e-12
PINN Baseline,3,78,True,optimal,6.765649700020444e-07,0.6895769271068275,0.6895776036717975,1.6067710141651332,104805.85849527956,2.330080045537371,104805.85849527975,1.8050030855602358e-13
PINN Baseline,3,79,True,optimal,6.765649700020444e-07,0.6769059589132667,0.6769066354782367,1.6542868171818554,108064.88236910733,2.443892156579462,108064.88236910725,-8.079543460934814e-14
PINN Baseline,3,80,True,optimal,6.765649700020444e-07,0.703114059753716,0.703114736318686,1.642730558756739,109276.1113813085,2.336362010214181,109276.11138130868,1.7311642551834723e-13
PINN Baseline,3,81,True,optimal,6.765649700020444e-07,0.7588791530579329,0.7588798296229029,1.9311787472106516,108639.64279763623,2.5447754332464982,108639.64279763955,3.0539834139990668e-12
PINN Baseline,3,82,True,optimal,6.765649700020444e-07,0.6870811241678894,0.6870818007328594,1.8406509971246123,105268.98302607624,2.6789401133334136,105268.98302607636,1.1058843591003203e-13
PINN Baseline,3,83,True,optimal,6.765649700020444e-07,0.6968140983954072,0.6968147749603772,1.883398710284382,107623.73717550874,2.7028685067584526,107623.73717550881,6.760550976145782e-14
PINN Baseline,3,84,True,optimal,6.765649700020444e-07,0.7572899679653347,0.7572906445303047,1.9698952180333436,109528.93865846266,2.6012406626984466,109528.93865846228,-3.4543363660020753e-13
PINN Baseline,3,85,True,optimal,6.765649700020444e-07,0.694453053176403,0.6944537297413731,1.7361704390496016,108569.34721783205,2.50005200446714,108569.34721783234,2.6806673524839546e-13
PINN Baseline,3,86,True,optimal,6.765649700020444e-07,0.6865397971123457,0.6865404736773157,1.870545371901244,112088.85673641482,2.7245959176769934,112088.85673641326,-1.3891255337689653e-12
PINN Baseline,3,87,True,optimal,6.765649700020444e-07,1.08615647489205,1.08615715145702,1.6847413331270218,106055.81963364282,1.5511027394765426,106055.81963364322,3.704669036768912e-13
PINN Baseline,3,88,True,optimal,6.765649700020444e-07,1.231749557889998,1.231750234454968,2.1064311740919948,106322.46714683443,1.7101122574773129,106322.46714683447,4.105975609539863e-14
PINN Baseline,3,89,True,optimal,6.765649700020444e-07,1.1036854390986264,1.1036861156635964,2.099604783114046,110809.34412445486,1.9023567962995065,110809.34412445479,-6.56619500067745e-14
PINN Baseline,3,90,True,optimal,6.765649700020444e-07,1.2411608239635825,1.2411615005285526,1.8080654428340495,108854.65278121222,1.4567527610742672,108854.65278121133,-8.154606222616006e-13
PINN Baseline,3,91,True,optimal,6.765649700020444e-07,1.165317416191101,1.1653180927560711,1.908466697204858,109218.42758615366,1.6377216736515097,109218.42758615314,-4.796525273246298e-13
PINN Baseline,3,92,True,optimal,6.765649700020444e-07,1.1003457512706518,1.1003464278356219,1.72764258319512,109204.2897209708,1.570089691292394,109204.2897209708,0.0
PINN Baseline,3,93,True,optimal,6.765649700020444e-07,1.1180405882187188,1.1180412647836888,1.8745560753159225,105654.10720586358,1.6766430134209753,105654.10720586366,8.263899405261882e-14
PINN Baseline,3,94,True,optimal,6.765649700020444e-07,1.1730876928195357,1.1730883693845058,1.9045514478348196,109784.29055316623,1.6235362122242305,109784.29055316604,-1.723150889945913e-13
PINN Baseline,3,95,True,optimal,6.765649700020444e-07,1.061421810183674,1.0614224867486441,1.6264373688027263,109044.49879020455,1.532318552798744,109044.49879020471,1.4679426223967798e-13
PINN Baseline,3,96,True,optimal,6.765649700020444e-07,1.165690464898944,1.165691141463914,1.5373736401088536,109178.48363535228,1.3188516112236799,109178.48363535164,-5.86456459852146e-13
PINN Baseline,3,97,True,optimal,6.765649700020444e-07,1.2191817699931562,1.2191824465581262,1.6758943619206548,106718.46480946364,1.3746050614917167,106718.46480946311,-4.908887596504768e-13
PINN Baseline,3,98,True,optimal,6.765649700020444e-07,1.088104611262679,1.0881052878276491,1.6285323100164533,104432.2282056514,1.4966679495398292,104432.22820565102,-3.6229217975937395e-13
PINN Baseline,3,99,True,optimal,6.765649700020444e-07,1.107086501084268,1.1070871776492381,1.680159649811685,112503.46885281954,1.5176398785317837,112503.46885281714,-2.1342150932445276e-12
PINN Baseline,3,100,True,optimal,6.765649700020444e-07,1.1498791612684727,1.1498798378334427,1.485599079169333,105129.27764033226,1.291960281665986,105129.27764026009,-6.865594547280432e-11
PINN Baseline,3,101,True,optimal,6.765649700020444e-07,1.0942104188725352,1.0942110954375053,1.6131256492808461,104261.74440487826,1.474236238333756,104261.7444048795,1.1863534429348267e-12
PINN Baseline,3,102,True,optimal,6.765649700020444e-07,1.0792261511087418,1.0792268276737118,1.5266423323191702,113338.46805434416,1.4145704064917184,113338.4680543442,2.567868699511523e-14
PINN Baseline,3,103,True,optimal,6.765649700020444e-07,1.1400010683573782,1.1400017449223483,1.5689953258261085,109278.08441539138,1.376309582695403,109278.08440607272,-8.52746793685786e-09
PINN Baseline,3,104,True,optimal,6.765649700020444e-07,1.1897500408813357,1.1897507174463058,1.8781335768289864,109498.92131621025,1.5785941956481717,109498.92131621028,2.6579102430322446e-14
PINN Baseline,3,105,True,optimal,6.765649700020444e-07,1.0714997006580234,1.0715003772229934,1.748144798912108,109624.1305631282,1.6314924717458088,109624.1305631281,-9.292060614328781e-14
PINN Baseline,3,106,True,optimal,6.765649700020444e-07,1.0389444730244577,1.0389451495894277,1.8979798229411244,106251.96772916931,1.8268335182961022,106251.9677291704,1.0271749930405232e-12
PINN Baseline,3,107,True,optimal,6.765649700020444e-07,1.0560131738893688,1.0560138504543388,1.610238186083734,103080.15480054608,1.5248267675570222,103080.15480054598,-9.881960964811078e-14
PINN Baseline,3,108,True,optimal,6.765649700020444e-07,1.0410033999942243,1.0410040765591944,1.565448823850602,108522.95925396669,1.5037874097715755,108522.95925396676,6.704532998548395e-14
PINN Baseline,3,109,True,optimal,6.765649700020444e-07,1.1221180902794003,1.1221187668443704,1.1398183908313513,106977.9228660657,1.0157733962838496,106977.92286606488,-7.61752734542053e-13
PINN Baseline,3,110,True,optimal,6.765649700020444e-07,1.0539932940155268,1.0539939705804968,1.1616820748895407,109112.72202173813,1.1021714614266092,109112.7220217381,-2.6673177900314368e-14
PINN Baseline,3,111,True,optimal,6.765649700020444e-07,1.1206403491087258,1.1206410256736958,1.1564334812574089,109666.97805385804,1.031939269367901,109666.97805385763,-3.715372062082072e-13
PINN Baseline,3,112,True,optimal,6.765649700020444e-07,1.1591136888600886,1.1591143654250586,1.160443204920739,105759.46911593789,1.0011464265609313,105759.46911593676,-1.05947720989022e-12
PINN Baseline,3,113,True,optimal,6.765649700020444e-07,1.0658038421534002,1.0658045187183702,1.1370110921561718,108496.46530604672,1.0668101628274456,108496.46530604662,-9.388638266807288e-14
PINN Baseline,3,114,True,optimal,6.765649700020444e-07,1.0572093799710274,1.0572100565359974,1.0826282459311187,105290.33572317987,1.0240427048891356,105290.33572317957,-2.90235773014472e-13
PINN Baseline,3,115,True,optimal,6.765649700020444e-07,1.1889689690433443,1.1889696456083143,1.3958814041689038,108303.09162508957,1.174026106826913,108303.09162507666,-1.1917987394342513e-11
PINN Baseline,3,116,True,optimal,6.765649700020444e-07,0.9614399969577789,0.961440673522749,1.2144600916653872,107016.81675805882,1.2631669588260366,107016.81675805862,-1.9036897131571093e-13
PINN Baseline,3,117,True,optimal,6.765649700020444e-07,0.9949207198806107,0.9949213964455808,1.2822659690864384,106858.10830128586,1.288811330892485,106858.1083013612,7.050027960896314e-11
PINN Baseline,3,118,True,optimal,6.765649700020444e-07,0.9925876478664577,0.9925883244314277,1.2220814982429147,113695.52527616716,1.2312068036292334,113695.52527616709,-6.399510971526872e-14
PINN Baseline,3,119,True,optimal,6.765649700020444e-07,1.0088958498090506,1.0088965263740206,1.521174515131861,107605.56695558378,1.5077606824546914,107605.5669555852,1.311768356496112e-12
PINN Baseline,3,120,True,optimal,6.765649700020444e-07,0.9783919123001397,0.9783925888651097,1.4611917650327086,108024.71639094442,1.493461603922842,108024.71639094397,-4.175982933820397e-13
PINN Baseline,3,121,True,optimal,6.765649700020444e-07,0.8707299642264843,0.8707306407914543,1.33489806111902,103480.64702715352,1.5330780824545909,103480.64702715387,3.3749882274041217e-13
PINN Baseline,3,122,True,optimal,6.765649700020444e-07,0.9181968839839101,0.9181975605488801,1.1138444989919662,108353.39077420508,1.2130771708063919,108353.39077420328,-1.6653262767546534e-12
PINN Baseline,3,123,True,optimal,6.765649700020444e-07,0.9559520198963583,0.9559526964613283,1.3141992357559502,111855.5983773533,1.3747534167964077,111855.59837742773,6.654387216453034e-11
PINN Baseline,3,124,True,optimal,6.765649700020444e-07,0.9032498621381819,0.903250538703152,1.0039308378472924,105965.96613127821,1.1114644219185221,105965.96613127811,-9.612841775289653e-14
PINN Baseline,3,125,True,optimal,6.765649700020444e-07,0.8371564382687211,0.8371571148336912,1.1067948853597045,104843.12658404678,1.3220874143554038,104843.12658404757,7.495039950967849e-13
PINN Baseline,3,126,True,optimal,6.765649700020444e-07,0.880449881311506,0.8804505578764761,1.0984806567430496,108765.01625508192,1.2476346876222462,108765.01625508183,-8.027534438594963e-14
PINN Baseline,3,127,True,optimal,6.765649700020444e-07,0.9279116713441908,0.9279123479091609,1.0923783089965582,108008.3349269455,1.177242992248119,108008.33492694491,-5.523911879269202e-13
PINN Baseline,3,128,True,optimal,6.765649700020444e-07,0.8705593189224601,0.8705599954874301,1.1233527632430196,105553.92805566255,1.2903794902889487,105553.928055662,-5.100907880620454e-13
PINN Baseline,3,129,True,optimal,6.765649700020444e-07,0.8415468758903444,0.8415475524553144,0.9945382811129093,105571.68676844201,1.1817968909911583,105571.68676842448,-1.6609621752698678e-11
PINN Baseline,3,130,True,optimal,6.765649700020444e-07,0.9032967910170555,0.9032974675820256,1.0546170850284398,109399.90558516803,1.1675191427819134,109399.90558516837,3.059363245902234e-13
PINN Baseline,3,131,True,optimal,6.765649700020444e-07,1.0431223809719086,1.0431230575368786,0.9553221161477268,110184.08540137636,0.9158287790162785,110184.0854013764,3.962073608549936e-14
PINN Baseline,3,132,True,optimal,6.765649700020444e-07,0.8617687500081956,0.8617694265731657,1.512404760811478,106682.95207445277,1.754999323688669,106682.95207445297,1.9096473169861046e-13
PINN Baseline,3,133,True,optimal,6.765649700020444e-07,0.9050928079523146,0.9050934845172847,1.481747468933463,104196.69656186177,1.6371209099176385,104196.6965618617,-6.982906228570958e-14
PINN Baseline,3,134,True,optimal,6.765649700020444e-07,0.9998990106396377,0.9998996872046078,1.6492950171232224,109434.0110782604,1.6494604791147713,109434.01107826053,1.1967690461573416e-13
PINN Baseline,3,135,True,optimal,6.765649700020444e-07,0.9143821499310434,0.9143828264960134,1.569290020968765,102699.78041687197,1.7162286686665007,102699.780416872,2.8338746527594715e-14
PINN Baseline,3,136,True,optimal,6.765649700020444e-07,1.0387371801771224,1.0387378567420924,1.8976447116583586,112459.39896550402,1.826875471363054,112459.39896550463,5.434676382886256e-13
PINN Baseline,3,137,True,optimal,6.765649700020444e-07,0.943684539757669,0.943685216322639,1.585271978750825,106057.86591947907,1.67987370293701,106057.86591947898,-8.232439019326439e-14
PINN Baseline,3,138,True,optimal,6.765649700020444e-07,1.0487262387759984,1.0487269153409684,1.681043075863272,115828.55635773766,1.6029369049965891,115828.55635773746,-1.7588651676528163e-13
PINN Baseline,3,139,True,optimal,6.765649700020444e-07,0.8808291307650506,0.8808298073300207,1.326399858109653,105867.49074753454,1.5058526029338724,105867.49074753432,-2.061810730416184e-13
PINN Baseline,3,140,True,optimal,6.765649700020444e-07,1.0093366508372128,1.0093373274021828,1.452449896838516,109307.92847947616,1.439013357978952,109307.92847947631,1.3312771937764006e-13
PINN Baseline,3,141,True,optimal,6.765649700020444e-07,0.9456455269828439,0.9456462035478139,1.5029239691793919,107917.43661157327,1.5893089440224255,107917.43661157218,-1.0113228004625072e-12
PINN Baseline,3,142,True,optimal,6.765649700020444e-07,1.2281290562823415,1.2281297328473115,1.549684084020555,110748.31564663223,1.261824416894254,110748.31564663224,1.3139626678204351e-14
PINN Baseline,3,143,True,optimal,6.765649700020444e-07,0.8907408406957984,0.8907415172607684,1.2093001771718264,101214.83848625835,1.3576331109957667,101214.83848625829,-5.75090192149742e-14
PINN Baseline,3,144,True,optimal,6.765649700020444e-07,0.8419559327885509,0.8419566093535209,1.6555333151482046,108442.77172701947,1.9662929143336398,108442.77172693446,-7.839368858822482e-11
PINN Baseline,3,145,True,optimal,6.765649700020444e-07,0.8289189711213112,0.8289196476862812,1.6038178708404303,105789.29744707132,1.9348291180177484,105789.2974471761,9.904006565187932e-11
PINN Baseline,3,146,True,optimal,6.765649700020444e-07,0.8526735627092421,0.8526742392742122,1.5968632642179728,108403.18427226276,1.8727706205563415,108403.18427226234,-3.892925696377516e-13
PINN Baseline,3,147,True,optimal,6.765649700020444e-07,0.8396853669546545,0.8396860435196245,1.8825199217535555,107489.71261868572,2.2419330847310417,107489.7126186856,-1.0830368692110308e-13
PINN Baseline,3,148,True,optimal,6.765649700020444e-07,0.7858990151435137,0.7858996917084837,1.6469828612171113,102888.9541177796,2.095665488348393,102888.95411777946,-1.414332116906243e-13
PINN Baseline,3,149,True,optimal,6.765649700020444e-07,0.8794571440666914,0.8794578206316614,1.793892142828554,114372.8196748799,2.0397705276418026,114372.81967487994,3.8169685602923736e-14
PINN Baseline,3,150,True,optimal,6.765649700020444e-07,0.7828078777529299,0.7828085543179,1.6372365169227123,107852.70067468159,2.09149032402861,107852.70067468147,-1.0793918102995014e-13
PINN Baseline,3,151,True,optimal,6.765649700020444e-07,0.7684710901230574,0.7684717666880274,1.6599281602539122,104518.60512555485,2.16003792489072,104518.6051255547,-1.3922798922628275e-13
PINN Baseline,3,152,True,optimal,6.765649700020444e-07,0.8293045349419117,0.8293052115068817,1.7611070708371699,105211.67695179096,2.123593396497733,105211.6769518101,1.8201706308041878e-11
PINN Baseline,3,153,True,optimal,6.765649700020444e-07,0.8064631670713425,0.8064638436363125,1.8201225968077779,107444.87113699336,2.256917791380354,107444.8711369932,-1.4897971938366705e-13
PINN Baseline,3,154,True,optimal,6.765649700020444e-07,0.6850078487768769,0.685008525341847,1.6728643220849335,107773.32046394121,2.442107302606353,107773.32046394145,2.1603736680987766e-13
PINN Baseline,3,155,True,optimal,6.765649700020444e-07,0.7696114210411906,0.7696120976061607,1.782784114126116,109912.07704462801,2.3164710113983076,109912.07704462748,-4.766254649236573e-13
PINN Baseline,3,156,True,optimal,6.765649700020444e-07,1.2078628758899868,1.2078635524549568,1.769526693969965,111392.16145913696,1.4650054556025305,111392.16145913267,-3.853785523268615e-12
PINN Baseline,3,157,True,optimal,6.765649700020444e-07,1.165262877009809,1.165263553574779,1.4454205469228327,104581.10715169032,1.2404237157238738,104581.10715169019,-1.252303027021309e-13
PINN Baseline,3,158,True,optimal,6.765649700020444e-07,1.2431947337463498,1.2431954103113199,1.6717750490643084,109063.56202613235,1.344740364385406,109063.5620261325,1.3342600368104718e-13
PINN Baseline,3,159,True,optimal,6.765649700020444e-07,1.2690212200395763,1.2690218966045463,1.7471130480989814,114265.44450179077,1.3767398756267626,114265.44450178849,-1.999423973551156e-12
PINN Baseline,3,160,True,optimal,6.765649700020444e-07,1.543522674124688,1.543523350689658,1.835594980046153,110268.56216013472,1.189223978520309,110268.56216013465,-6.598397105801653e-14
PINN Baseline,3,161,True,optimal,6.765649700020444e-07,1.2270536911673844,1.2270543677323544,1.6088712741620839,115519.64040440203,1.3111654352653848,115519.64040440218,1.2596918738168382e-13
PINN Baseline,3,162,True,optimal,6.765649700020444e-07,1.1635693940334022,1.1635700705983723,1.4511742130853236,105403.37636943492,1.2471738915895707,105403.37636943493,1.3805928927136953e-14
PINN Baseline,3,163,True,optimal,6.765649700020444e-07,1.3212278941646218,1.3212285707295919,1.4967042868956923,104800.79821518327,1.132812535282371,104800.79821518324,-2.777061907198071e-14
PINN Baseline,3,164,True,optimal,6.765649700020444e-07,1.2917149299755692,1.2917156065405393,1.6276547270826995,107666.45444361301,1.2600720459218335,107666.45444361323,2.02736060691791e-13
PINN Baseline,3,165,True,optimal,6.765649700020444e-07,1.466263840906322,1.466264517471292,1.4740419937297702,107685.67088939677,1.0053042791159477,107685.67088939685,6.756662751961227e-14
PINN Baseline,3,166,True,optimal,6.765649700020444e-07,1.4451224650256336,1.4451231415906036,1.3598876921460032,104569.34288214086,0.9410185561413236,104569.34288214134,4.592294350336981e-13
PINN Baseline,3,167,True,optimal,6.765649700020444e-07,1.338232845067978,1.338233521632948,1.5218399320729077,105718.21535345101,1.137200576335824,105718.21535345128,2.47766643841716e-13
PINN Baseline,3,168,True,optimal,6.765649700020444e-07,1.4711735132150352,1.4711741897800052,1.4901460679247975,111826.73494193738,1.0128957388435622,111826.73494086952,-9.549265618438202e-10
PINN Baseline,3,169,True,optimal,6.765649700020444e-07,1.2298338287509978,1.2298345053159678,1.5601680940017104,108716.16099622629,1.2686000329783182,108716.1609962264,1.0708189174466506e-13
PINN Baseline,3,170,True,optimal,6.765649700020444e-07,1.3444414902478456,1.3444421668128157,1.3948584008030593,109906.83766296561,1.037499741703105,109906.83766296552,-7.944136436528711e-14
PINN Baseline,3,171,True,optimal,6.765649700020444e-07,1.077886750921607,1.077887427486577,1.556773123331368,109973.1951030176,1.444281734467818,109973.1951030176,0.0
PINN Baseline,3,172,True,optimal,6.765649700020444e-07,1.1726656714454293,1.1726663480103994,1.2308048969134688,112797.42828241971,1.0495780824628507,112797.42828241982,9.030649736403973e-14
PINN Baseline,3,173,True,optimal,6.765649700020444e-07,1.0964188273064792,1.0964195038714493,1.272714224178344,112784.57955040963,1.1607913026760281,112784.57955040934,-2.580479580874405e-13
PINN Baseline,3,174,True,optimal,6.765649700020444e-07,1.2595396623946726,1.2595403389596427,1.3565395809710026,109718.28768903145,1.0770116200418633,109718.28768903136,-7.957788369580038e-14
PINN Baseline,3,175,True,optimal,6.765649700020444e-07,1.194340059068054,1.194340735633024,1.498377728741616,105137.13700212952,1.2545647017117325,105137.1370021285,-9.688622831388757e-13
PINN Baseline,3,176,True,optimal,6.765649700020444e-07,1.3347927872091532,1.3347934637741232,1.348660851828754,106030.86168149213,1.0103891638901352,106030.86168149217,4.117267840021783e-14
PINN Baseline,3,177,True,optimal,6.765649700020444e-07,1.3383362051099539,1.338336881674924,1.3534335382282734,112085.73450006943,1.0112801617889033,112085.73450006876,-5.972107900175829e-13
PINN Baseline,3,178,True,optimal,6.765649700020444e-07,1.1957625658251345,1.1957632423901046,1.231445758137852,106006.7486052952,1.029840786606239,106006.74860529506,-1.372734794701548e-13
PINN Baseline,3,179,True,optimal,6.765649700020444e-07,1.3827801388688385,1.3827808154338086,1.442040240392089,108223.35366251085,1.042855255364307,108223.35366251106,1.8824662727829325e-13
PINN Baseline,3,180,True,optimal,6.765649700020444e-07,1.27838462498039,1.2783853015453601,1.3606005953624845,107472.5473858793,1.064311826581344,107472.54738587921,-8.124073867599874e-14
PINN Baseline,3,181,True,optimal,6.765649700020444e-07,1.1534246928058565,1.1534253693708265,1.3180025918409228,106877.54321757122,1.142685627384692,106877.5432175713,8.169301870315322e-14
PINN Baseline,3,182,True,optimal,6.765649700020444e-07,1.2213806291110814,1.2213813056760514,1.3922130852006376,104939.01486344263,1.1398676881091023,104939.01486323978,-1.933062727407989e-10
PINN Baseline,3,183,True,optimal,6.765649700020444e-07,1.166626107878983,1.166626784443953,1.5515946610830724,108388.54835520934,1.3299837461066057,108388.54835520966,2.953652760205863e-13
PINN Baseline,3,184,True,optimal,6.765649700020444e-07,0.972013468388468,0.9720141449534381,1.4636836131103337,103389.83189240174,1.5058254251849883,103389.8318924019,1.5482283371794438e-13
PINN Baseline,3,185,True,optimal,6.765649700020444e-07,1.09461680194363,1.0946174785086,1.471939705312252,105970.365345436,1.344706926585667,105970.365345436,0.0
PINN Baseline,3,186,True,optimal,6.765649700020444e-07,1.1081263520754874,1.1081270286404574,1.4778282027691603,107916.46936988988,1.333627070338933,107916.4693698899,2.6968849728560576e-14
PINN Baseline,3,187,True,optimal,6.765649700020444e-07,1.1171957408078015,1.1171964173727715,1.5046571558341384,109543.57027901632,1.3468152353840606,109543.57027901606,-2.3911442126948673e-13
PINN Baseline,3,188,True,optimal,6.765649700020444e-07,1.0944001991301775,1.0944008756951475,1.468338882084936,109622.40504532929,1.3416828464727502,109622.40504532885,-3.9823743756624146e-13
PINN Baseline,3,189,True,optimal,6.765649700020444e-07,1.1496212780475616,1.1496219546125317,1.3813663846813142,112023.01821887858,1.2015831631772287,112023.01821887825,-2.987725697574836e-13
PINN Baseline,3,190,True,optimal,6.765649700020444e-07,1.2390635460615158,1.2390642226264859,1.4844416379928589,110394.1215739431,1.198034460914575,110394.1215739432,7.909070711860231e-14
PINN Baseline,3,191,True,optimal,6.765649700020444e-07,1.2313456078991294,1.2313462844640994,1.5710385600104928,109893.34655291318,1.275870630246172,109893.34655291181,-1.2447341666930269e-12
PINN Baseline,3,192,True,optimal,6.765649700020444e-07,1.137221067212522,1.137221743777492,1.41590071702376,106906.79041035652,1.2450524488923191,106906.79041035638,-1.3611778234581763e-13
PINN Baseline,3,193,True,optimal,6.765649700020444e-07,1.1696749827824533,1.1696756593474233,1.6221482157707214,109761.94966535347,1.3868359171257254,109761.94966535328,-1.7235016191451855e-13
PINN Baseline,3,194,True,optimal,6.765649700020444e-07,1.2686635139398277,1.2686641905047977,1.3909268751740456,112657.13419566702,1.0963711954544881,112657.1341956668,-1.9375490951721558e-13
PINN Baseline,3,195,True,optimal,6.765649700020444e-07,1.2563828760758042,1.2563835526407743,1.617589671164751,113350.34783615646,1.2874966945920001,113350.34783615654,6.418998929496486e-14
PINN Baseline,3,196,True,optimal,6.765649700020444e-07,1.1086827120743692,1.1086833886393392,1.549999613314867,110383.2140658764,1.3980543311081306,110383.21406587657,1.5819704492042397e-13
PINN Baseline,3,197,True,optimal,6.765649700020444e-07,1.1822640607133508,1.1822647372783208,1.4895727219991386,109838.25871259537,1.259931616862961,109838.25871259518,-1.7223042333889075e-13
PINN Baseline,3,198,True,optimal,6.765649700020444e-07,1.3606960531324148,1.3606967296973849,1.445736971218139,113727.36136718259,1.0624975717694765,113727.36136717486,-6.794378145567824e-12
PINN Baseline,3,199,True,optimal,6.765649700020444e-07,1.435198042076081,1.435198718641051,1.490672081708908,113611.72807510155,1.0386520433354227,113611.72807510255,8.837838907736509e-13
PINN Baseline,3,200,True,optimal,6.765649700020444e-07,1.1904281531460583,1.1904288297110284,1.4605158353224397,115249.56322020305,1.2268821107742944,115249.56322020321,1.3889082356537311e-13
PINN Baseline,3,201,True,optimal,6.765649700020444e-07,1.1444453680887818,1.1444460446537519,1.2301868749782443,106857.33982754895,1.074919067373275,106857.33982754873,-2.0427116076234964e-13
PINN Baseline,3,202,True,optimal,6.765649700020444e-07,1.1795873208902776,1.1795879974552477,1.2205802137032151,115085.08512536701,1.0347512998914883,115085.0851253697,2.3392295485685616e-12
PINN Baseline,3,203,True,optimal,6.765649700020444e-07,1.0731112626381218,1.073111939203092,1.2424452509731054,105402.55613357149,1.1577965034064972,105402.55613357147,-1.3806036363981462e-14
PINN Baseline,3,204,True,optimal,6.765649700020444e-07,1.2880473202094436,1.2880479967744136,1.2178078875876963,110087.95740460414,0.9454677858568814,110087.95740460417,2.643688841438756e-14
PINN Baseline,3,205,True,optimal,6.765649700020444e-07,1.0946667729876935,1.0946674495526636,1.1908534090034664,104987.4259316855,1.0878677442086262,104987.42593168127,-4.0334423802429256e-12
PINN Baseline,3,206,True,optimal,6.765649700020444e-07,1.3270641816779971,1.3270648582429672,1.2754997941665351,109021.50623406842,0.9611435238028199,109021.50623406848,5.33909894700005e-14
PINN Baseline,3,207,True,optimal,6.765649700020444e-07,1.2153692082501948,1.2153698848151648,1.082137973047793,110836.5150094327,0.8903774781389832,110836.51500943284,1.3129170677306498e-13
PINN Baseline,3,208,True,optimal,6.765649700020444e-07,1.0750421788543463,1.0750428554193163,1.265590196941048,107191.22730054404,1.1772462749379506,107191.22730054408,4.07269762503027e-14
PINN Baseline,3,209,True,optimal,6.765649700020444e-07,1.1123591042123735,1.1123597807773435,1.6894518393091857,108877.2477857177,1.5187998240358498,108877.24778571754,-1.4701975919438438e-13
PINN Baseline,3,210,True,optimal,6.765649700020444e-07,1.165082432795316,1.165083109360286,1.7205236391164362,108387.64783713415,1.4767389770684487,108387.64783713444,2.6851611818780136e-13
PINN Baseline,3,211,True,optimal,6.765649700020444e-07,1.0523145529441535,1.0523152295091236,1.7442257292568684,108880.54644928305,1.657512578308405,108880.54644928311,5.3460110930450507e-14
PINN Baseline,3,212,True,optimal,6.765649700020444e-07,1.326716368086636,1.3267170446516061,1.8289608010090888,111942.56866411032,1.378561320503251,111942.5686641102,-1.1699502576921911e-13
PINN Baseline,3,213,True,optimal,6.765649700020444e-07,1.1633554110303521,1.1633560875953222,1.8792342529632151,109197.36881562926,1.6153560143804515,109197.36881562915,-1.0661000634868086e-13
PINN Baseline,3,214,True,optimal,6.765649700020444e-07,1.2503658407367766,1.2503665173017466,1.8455410990864038,111718.00902278344,1.476000095611186,111718.0090227829,-4.819463470207113e-13
PINN Baseline,3,215,True,optimal,6.765649700020444e-07,1.0846012718975544,1.0846019484625244,1.6234383550472558,105734.67381747153,1.4968056782016277,105734.6738174717,1.651520512957289e-13
PINN Baseline,3,216,True,optimal,6.765649700020444e-07,1.0001757978461683,1.0001764744111383,1.6790556209161878,109062.65409582926,1.6787593628461865,109062.65409582945,1.7345524876237487e-13
PINN Baseline,3,217,True,optimal,6.765649700020444e-07,1.0805306490510702,1.0805313256160403,1.70478549413383,113275.5704965628,1.5777288947748789,113275.57049656297,1.5415767228089215e-13
PINN Baseline,3,218,True,optimal,6.765649700020444e-07,0.9261669656261802,0.9261676421911502,1.7675271299667656,109253.98502709641,1.908431097619764,109253.9850270966,1.7315148543263775e-13
PINN Baseline,3,219,True,optimal,6.765649700020444e-07,0.899113385938108,0.899114062503078,1.7017706530168653,103503.0653895337,1.8927194268091423,103503.06538947337,-5.829029344179193e-11
PINN Baseline,3,220,True,optimal,6.765649700020444e-07,0.923235029913485,0.9232357064784551,1.630507117137313,115023.44552829314,1.7660789175460285,115023.445528293,-1.2651260064007918e-13
PINN Baseline,3,221,True,optimal,6.765649700020444e-07,1.7840640651993454,1.7840647417643154,1.7172778747044504,110274.97965005241,0.9625647738580285,110274.97965005244,2.6392052439358462e-14
PINN Baseline,3,222,True,optimal,6.765649700020444e-07,1.5641963295638561,1.5641970061288262,1.5459795729257166,113242.21466647592,0.9883534918352803,113242.21466647589,-2.5700513313388566e-14
PINN Baseline,3,223,True,optimal,6.765649700020444e-07,1.5352803417481482,1.5352810183131183,1.820389891974628,106340.36160884323,1.1857046822442783,106340.3616089122,6.484981358338327e-11
PINN Baseline,3,224,True,optimal,6.765649700020444e-07,1.5951047632843256,1.5951054398492956,1.9190206727944314,109408.21585238678,1.203068226621896,109408.21585238354,-2.9660268844014928e-12
PINN Baseline,3,225,True,optimal,6.765649700020444e-07,1.5086176162585616,1.5086182928235317,1.6643537878990173,106336.3418628828,1.1032305493154342,106336.34186288177,-9.57935968212236e-13
PINN Baseline,3,226,True,optimal,6.765649700020444e-07,1.4134458778426051,1.4134465544075752,1.5083054839633405,106652.68482499676,1.067111790863238,106652.68482499676,0.0
PINN Baseline,3,227,True,optimal,6.765649700020444e-07,1.5310552748851478,1.5310559514501179,1.592502370942384,108113.8875877188,1.0401333598775853,108113.88758771843,-3.3649505056785777e-13
PINN Baseline,3,228,True,optimal,6.765649700020444e-07,1.5030193151906133,1.5030199917555833,1.548279098700732,107118.04889214196,1.0301121124092862,107118.04889214184,-1.0867946441421311e-13
PINN Baseline,3,229,True,optimal,6.765649700020444e-07,1.4331270260736346,1.4331277026386047,1.5238519059494138,105324.53136721901,1.063305037746303,105324.53136626148,-9.091239823354078e-10
PINN Baseline,3,231,True,optimal,6.765649700020444e-07,1.6576722720637918,1.6576729486287618,1.9041527146473527,109486.2601357303,1.1486902263938616,109486.26013573009,-1.9936632062772284e-13
PINN Baseline,3,232,True,optimal,6.765649700020444e-07,1.4849685318768024,1.4849692084417725,1.9345075250603259,108480.9251653865,1.302725682164325,108480.92516538627,-2.1462818767345832e-13
PINN Baseline,3,233,True,optimal,6.765649700020444e-07,2.0745907430537045,2.0745914196186743,1.7372927288524806,108991.78340437346,0.8374143999746264,108991.78340437393,4.27244396561598e-13
PINN Baseline,3,234,True,optimal,6.765649700020444e-07,1.488568298984319,1.488568975549289,1.7644585128873587,107267.51324045207,1.1853387662041426,107267.51324045216,8.139602451161768e-14
PINN Baseline,3,235,True,optimal,6.765649700020444e-07,1.5232952311635017,1.5232959077284718,1.7687196680344641,112308.51702894863,1.1611136477560466,112308.51702895261,3.5502425622312962e-12
PINN Baseline,3,236,True,optimal,6.765649700020444e-07,1.5507078748196363,1.5507085513846064,1.7823923407122493,105536.28062250227,1.1494051149203863,105536.28062250241,1.3788542804931973e-13
PINN Baseline,3,237,True,optimal,6.765649700020444e-07,1.4105913979001343,1.4105920744651044,1.8737978707067668,108185.39416586679,1.3283768600623322,108185.39416586782,9.550142966896206e-13
PINN Baseline,3,238,True,optimal,6.765649700020444e-07,1.5006761397235096,1.5006768162884796,1.9507798999547958,110217.16973211747,1.2999333892420122,110217.16973211631,-1.0562358125315859e-12
PINN Baseline,3,239,True,optimal,6.765649700020444e-07,1.5662033818662167,1.5662040584311867,2.0411092406138778,106121.82642666952,1.303220502862435,106121.82642666934,-1.6454954519753503e-13
PINN Baseline,3,240,True,optimal,6.765649700020444e-07,1.5656505189836025,1.5656511955485726,1.662012352142483,111677.32182084893,1.0615470143464154,111677.32181907128,-1.5917711701877497e-09
PINN Baseline,3,241,True,optimal,6.765649700020444e-07,1.5886653261259198,1.5886660026908899,1.574703958351165,112365.5811057148,0.9912114665284737,112365.58110571411,-6.086739453514539e-13
PINN Baseline,3,242,True,optimal,6.765649700020444e-07,1.5984008950181305,1.5984015715831006,1.5026235757395625,113875.84037134486,0.9400788903450108,113875.8403713448,-5.1115022048271517e-14
PINN Baseline,3,243,True,optimal,6.765649700020444e-07,1.5275927442125976,1.5275934207775677,1.521400747820735,104152.18699500966,0.9959461248833603,104152.18699510569,9.219978126488494e-11
PINN Baseline,3,244,True,optimal,6.765649700020444e-07,1.5853985478170216,1.5853992243819917,1.4799505691044033,106678.97177588605,0.9334876328587245,106678.97177588634,2.7281693826104533e-13
PINN Baseline,3,245,True,optimal,6.765649700020444e-07,1.492870558053255,1.4928712346182251,1.5035444595851004,110355.64144182332,1.0071494611989122,110355.64144182301,-2.769139989610801e-13
PINN Baseline,3,246,True,optimal,6.765649700020444e-07,1.6553182327188551,1.6553189092838252,1.5006183148361742,110167.05258175998,0.9065433291554784,110167.05258175997,-1.320895393617544e-14
PINN Baseline,3,247,True,optimal,6.765649700020444e-07,1.6241908483207226,1.6241915248856926,1.705214286223054,111024.47051417876,1.0498849797551206,111024.4705141788,3.932083213990681e-14
PINN Baseline,3,248,True,optimal,6.765649700020444e-07,1.5936956177465618,1.5936962943115318,1.510053946170956,109054.87650103882,0.9475167580930413,109054.87650223728,1.098957399091109e-09
PINN Baseline,3,249,True,optimal,6.765649700020444e-07,1.6385349119082093,1.6385355884731794,1.5507451468147337,107783.61401325637,0.9464214007458632,107783.61401308604,-1.5802974256094715e-10
PINN Baseline,3,250,True,optimal,6.765649700020444e-07,1.5663343891501427,1.5663350657151127,1.4769029831513762,110371.10519663568,0.9429036069476577,110371.10519663547,-1.8458346759704815e-13
PINN Baseline,3,251,True,optimal,6.765649700020444e-07,1.5290600578300655,1.5290607343950355,1.4110074928030372,108761.62050866892,0.9227936216420433,108761.62050866908,1.4717605968299892e-13
PINN Baseline,3,252,True,optimal,6.765649700020444e-07,1.511914525181055,1.5119152017460251,1.456289139110595,106967.37649695562,0.963208212622513,106967.37649695545,-1.6324882264021137e-13
PINN Baseline,3,254,True,optimal,6.765649700020444e-07,1.475811324082315,1.475812000647285,0.899586935993284,105612.12296133344,0.6095538832850858,105612.12296133339,-5.511456382216491e-14
PINN Baseline,3,255,True,optimal,6.765649700020444e-07,1.3826154400594532,1.3826161166244233,0.9027912602759898,110102.57197952512,0.6529587276040887,110102.57197952506,-5.286675857516917e-14
PINN Baseline,3,256,True,optimal,6.765649700020444e-07,1.5916854119859636,1.5916860885509336,0.9606264950707555,109139.18235468557,0.6035276063418429,109139.18235468563,5.333342220239607e-14
PINN Baseline,3,257,True,optimal,6.765649700020444e-07,1.4163137660361826,1.4163144426011527,0.9466753480955958,104765.55669049911,0.6684076075345003,104765.55669049862,-4.722593315913166e-13
PINN Baseline,3,258,True,optimal,6.765649700020444e-07,1.7778220567852259,1.777822733350196,1.0208322261460125,107338.15075914917,0.5742036070279729,107338.15075914936,1.7624199469697347e-13
PINN Baseline,3,259,True,optimal,6.765649700020444e-07,1.6654177880845964,1.6654184646495664,0.9803832247853279,109379.4524761037,0.5886708029213654,109379.45247610335,-3.192975989316684e-13
PINN Baseline,3,260,True,optimal,6.765649700020444e-07,1.552643131930381,1.552643808495351,0.8958424748852849,108100.13333204522,0.5769787442449117,108100.13333204552,2.6923029194919744e-13
PINN Baseline,3,261,True,optimal,6.765649700020444e-07,1.5898250257596374,1.5898257023246074,0.9283044752664864,107733.05993762315,0.5839033007889736,107733.05993762302,-1.2156643200437356e-13
PINN Baseline,3,262,True,optimal,6.765649700020444e-07,1.398144245147705,1.3981449217126751,0.914982461836189,102380.80674285865,0.6544260524262177,102380.80674285871,5.685407525617839e-14
PINN Baseline,3,263,True,optimal,6.765649700020444e-07,1.4032935569994152,1.4032942335643852,0.8413969110697508,105686.78979770278,0.5995869511503599,105686.78979770646,3.483533334510306e-12
PINN Baseline,3,264,True,optimal,6.765649700020444e-07,1.4294719025492668,1.4294725791142369,0.8476319280453026,109372.89568148112,0.592968302036638,109372.89568148274,1.476839924813488e-12
PINN Baseline,3,265,True,optimal,6.765649700020444e-07,1.653979904949665,1.6539805815146351,0.8974734568037093,110393.6946474882,0.5426142645410302,110393.69465179642,3.902601035640841e-09
PINN Baseline,3,266,True,optimal,6.765649700020444e-07,1.5332760028541088,1.5332766794190789,0.97366400109604,105606.84775569699,0.6350217244971974,105606.8477550881,-5.765546931140927e-10
PINN Baseline,3,267,True,optimal,6.765649700020444e-07,1.7048568641766906,1.7048575407416606,0.8907495150342584,107094.93246628372,0.5224773881381065,107094.93246628341,-2.853451725102975e-13
PINN Baseline,3,268,True,optimal,6.765649700020444e-07,1.7619578656740487,1.7619585422390187,0.9040613588877022,114364.18205632546,0.5131002445374573,114364.18205675126,3.7232250853464776e-10
PINN Baseline,3,269,True,optimal,6.765649700020444e-07,1.4806573982350528,1.4806580748000229,0.8399962848052382,107644.05259924036,0.5673128044222416,107644.05259924052,1.4870405159120235e-13
PINN Baseline,3,270,True,optimal,6.765649700020444e-07,1.5426142537035048,1.5426149302684748,0.8700376502238214,107816.97158665943,0.5640018342571086,107816.97158665939,-4.0490606481199136e-14
PINN Baseline,3,271,True,optimal,6.765649700020444e-07,1.5473133432678878,1.5473140198328579,0.827573380433023,109566.80935949484,0.5348451379781449,109566.80935949481,-2.6562633909729364e-14
PINN Baseline,3,272,True,optimal,6.765649700020444e-07,1.6115472670644522,1.6115479436294222,0.9472024561837316,106506.27437007966,0.5877594023361815,106506.27437008005,3.689000610430527e-13
PINN Baseline,3,273,True,optimal,6.765649700020444e-07,1.7760942508466542,1.7760949274116242,0.8341904636472464,112112.52391325284,0.46967673336185145,112112.52391325303,1.6873663295203604e-13
PINN Baseline,3,274,True,optimal,6.765649700020444e-07,1.4933272558264434,1.4933279323914135,0.8668900881893933,108283.73841402585,0.5805088550116092,108283.73841402595,9.40708254909804e-14
PINN Baseline,3,275,True,optimal,6.765649700020444e-07,1.5811279970221221,1.5811286735870922,0.9221931686624885,110985.09727280818,0.5832499176492177,110985.09727280834,1.4422753274574411e-13
PINN Baseline,3,276,True,optimal,6.765649700020444e-07,1.5508046648465097,1.5508053414114797,0.9538667560555041,107884.6282874712,0.6150783277463653,107884.62828747102,-1.7534926056814178e-13
PINN Baseline,3,277,True,optimal,6.765649700020444e-07,1.54746730113402,1.5474679776989901,0.8796134507283568,108710.10275225561,0.5684211004070658,108710.1027522556,-1.3385982406372913e-14
PINN Baseline,3,278,True,optimal,6.765649700020444e-07,1.5958753409795463,1.5958760175445164,0.8616332421079278,107343.5370773793,0.5399123945942078,107343.53707737928,-1.3556396243843732e-14
PINN Baseline,3,279,True,optimal,6.765649700020444e-07,1.7071155081503093,1.7071161847152794,0.9121955414302647,110214.23577072626,0.5343488331946222,110214.23577072854,2.0729179627995174e-12
PINN Baseline,3,280,True,optimal,6.765649700020444e-07,1.3165465639904141,1.3165472405553842,0.8231590641662478,105801.40375166516,0.6252408108189107,105801.4037516653,1.3753990696118553e-13
PINN Baseline,3,281,True,optimal,6.765649700020444e-07,1.8301728409714997,1.8301735175364697,0.924061955884099,112455.23251900649,0.5049040143078594,112455.23251900653,3.8820555262043614e-14
PINN Baseline,3,282,True,optimal,6.765649700020444e-07,1.3963067280128598,1.3963074045778299,0.8242686381563544,105653.5285821117,0.5903203230563473,105653.52858211176,5.509296442307617e-14
PINN Baseline,3,283,True,optimal,6.765649700020444e-07,1.5043530771508813,1.5043537537158513,0.8516174643300474,108646.8446912197,0.5661018641569491,108646.84469121973,2.6787552403798186e-14
PINN Baseline,3,284,True,optimal,6.765649700020444e-07,1.544273094739765,1.544273771304735,0.8920636549592018,107704.49612582987,0.5776590080951189,107704.49612582881,-9.86300340173097e-13
PINN Baseline,3,285,True,optimal,6.765649700020444e-07,1.318758886307478,1.318759562872448,0.9691507392562926,106782.82976172969,0.7348957054349945,106782.82976172998,2.725515939376645e-13
PINN Baseline,3,286,True,optimal,6.765649700020444e-07,1.3370243380777538,1.3370250146427238,0.9832279989495873,108086.00354210382,0.7353848942103173,108086.00354210386,4.038982315420229e-14
PINN Baseline,3,287,True,optimal,6.765649700020444e-07,1.099785776808858,1.099786453373828,0.9232339579612017,103107.08838236907,0.8394665665584313,103107.0883823707,1.5807007366292574e-12
PINN Baseline,3,288,True,optimal,6.765649700020444e-07,1.641995885875076,1.641996562440046,0.8939404669217765,104901.1466442821,0.5444228613934244,104901.14664428211,1.3872026849918176e-14
PINN Baseline,3,289,True,optimal,6.765649700020444e-07,1.824373499955982,1.824374176520952,0.8621906950138509,106393.53543589814,0.4725953184987702,106393.53543589963,1.3950991920817438e-12
PINN Baseline,3,290,True,optimal,6.765649700020444e-07,1.8843734432011843,1.8843741197661543,0.9185063680633903,105163.78586585507,0.4874331261657183,105163.78586585511,4.151214729069092e-14
PINN Baseline,3,291,True,optimal,6.765649700020444e-07,2.2945282058790326,2.2945288824440024,0.8198066218756139,107350.86764222955,0.35728755830800535,107350.86764222899,-5.286633507217739e-13
PINN Baseline,3,292,True,optimal,6.765649700020444e-07,1.651583265978843,1.651583942543813,0.8328839871101081,106482.82331364776,0.50429406926013,106482.8233136475,-2.4598753673075413e-13
PINN Baseline,3,293,True,optimal,6.765649700020444e-07,1.7651127469725907,1.7651134235375607,0.8836440360173583,109740.14114276644,0.5006160081466032,109740.14114258878,-1.6189548434423688e-10
PINN Baseline,3,294,True,optimal,6.765649700020444e-07,2.0707780830562115,2.0707787596211813,0.9237202280201018,108781.251777947,0.44607383754944585,108781.25177794546,-1.4179860858335835e-12
PINN Baseline,3,295,True,optimal,6.765649700020444e-07,2.3580887191928923,2.358089395757862,1.0494217928498983,110396.31963977028,0.4450305381711903,110396.31963977337,2.794482677031562e-12
PINN Baseline,3,296,True,optimal,6.765649700020444e-07,1.7645579962991178,1.7645586728640879,0.8248371020890772,114083.72388649822,0.46744668498342923,114083.72388649844,1.9133205069872023e-13
PINN Baseline,3,297,True,optimal,6.765649700020444e-07,1.678338648751378,1.678339325316348,0.876134451944381,109260.82698882019,0.522024622034784,109260.82698882048,2.6637021939905025e-13
PINN Baseline,3,298,True,optimal,6.765649700020444e-07,1.8392842006869614,1.8392848772519315,0.9403783828020096,112032.01133690996,0.5112739165272893,112032.01133690983,-1.1690162078894438e-13
PINN Baseline,3,299,True,optimal,6.765649700020444e-07,1.8164186482317746,1.8164193247967446,0.8754722238518298,106637.22265436742,0.4819769377590134,106637.22265436803,5.731398702799734e-13
PINN Baseline,3,300,True,optimal,6.765649700020444e-07,1.8630651608109474,1.8630658373759175,0.861545910127461,106208.92526042237,0.4624344952516156,106208.9252604226,2.1921947056989145e-13
PINN Baseline,3,301,True,optimal,6.765649700020444e-07,1.8207000470720232,1.8207007236369932,0.8393373480066657,105189.37887601028,0.4609968772517557,105189.37887601025,-2.7668031475914712e-14
PINN Baseline,3,302,True,optimal,6.765649700020444e-07,1.870318931993097,1.8703196085580671,0.8513935538940132,108946.79223058232,0.4552128684307596,108946.79223058218,-1.2021210939199916e-13
PINN Baseline,3,303,True,optimal,6.765649700020444e-07,1.713419911917299,1.713420588482269,0.8754325010813773,109321.46970756348,0.5109268016073197,109321.46970756317,-2.795335816589021e-13
PINN Baseline,3,304,True,optimal,6.765649700020444e-07,1.678729449864477,1.678730126429447,0.9213565932586789,108478.98590791269,0.5488414002662514,108478.98590791313,4.024350460112129e-13
PINN Baseline,3,305,True,optimal,6.765649700020444e-07,1.7327879881486297,1.7327886647135997,0.8682305342517793,110172.421681339,0.5010596802324321,110172.42168134973,9.747732939552659e-12
PINN Baseline,3,306,True,optimal,6.765649700020444e-07,1.772275669965893,1.772276346530863,0.8313273442909122,109504.29554689291,0.46907320402836233,109504.29554689284,-6.644449496565776e-14
PINN Baseline,3,307,True,optimal,6.765649700020444e-07,2.0766879129223526,2.0766885894873224,0.9108857437968254,105961.10842698837,0.43862413864454186,105961.1084269881,-2.6093195271686013e-13
PINN Baseline,3,308,True,optimal,6.765649700020444e-07,2.1358037469908595,2.1358044235558293,1.0197247448377311,114574.61864585213,0.47744294074455823,114574.61864585288,6.604426013531145e-13
PINN Baseline,3,309,True,optimal,6.765649700020444e-07,1.8902895483188331,1.8902902248838032,0.9968709428794682,115449.96260567305,0.5273639622935394,115449.9626056736,4.789718127208541e-13
PINN Baseline,3,310,True,optimal,6.765649700020444e-07,1.7708277311176062,1.7708284076825762,0.8343230239115655,105637.85452885478,0.4711484299054227,105637.85452885464,-1.2397756243670039e-13
PINN Baseline,3,311,True,optimal,6.765649700020444e-07,1.737320170737803,1.737320847302773,0.8661766350269318,109079.23379264152,0.4985703339551178,109079.23379264155,2.6681366787063962e-14
PINN Baseline,3,312,True,optimal,6.765649700020444e-07,1.8508109929971397,1.8508116695621097,0.8414959851652384,109731.92054006094,0.45466321560655115,109731.92054006086,-6.630666426299464e-14
PINN Baseline,3,313,True,optimal,6.765649700020444e-07,1.8589566922746599,1.85895736883963,0.9235779298469424,107246.99709604887,0.4968257719774629,107246.99709604909,2.0352898853663519e-13
PINN Baseline,3,314,True,optimal,6.765649700020444e-07,1.9530478878878057,1.9530485644527757,0.803337574005127,108537.83804086829,0.4113249350920334,108537.83804086845,1.474795061347758e-13
PINN Baseline,3,315,True,optimal,6.765649700020444e-07,1.6019006450660527,1.6019013216310227,0.9611731688492,108341.38547567776,0.6000202109019758,108341.38547567796,1.8804154322253138e-13
PINN Baseline,3,316,True,optimal,6.765649700020444e-07,2.021409092936665,2.0214097695016346,0.981682205107063,114705.51662792037,0.48564235709075965,114705.51662793651,1.4069135001246037e-11
PINN Baseline,3,317,True,optimal,6.765649700020444e-07,1.566943893674761,1.566944570239731,0.8839963767677546,102311.95157242953,0.5641529340329566,102311.95157242971,1.706770128578592e-13
PINN Baseline,3,318,True,optimal,6.765649700020444e-07,1.7637587361969054,1.7637594127618754,0.7991050789132714,106915.85857687854,0.4530692072463277,106915.85857687827,-2.586018510436044e-13
PINN Baseline,3,319,True,optimal,6.765649700020444e-07,1.607209462672472,1.607210139237442,0.9100381121970713,108686.11642712192,0.5662222319160135,108686.11642712199,6.694468303191445e-14
PINN Baseline,3,320,True,optimal,6.765649700020444e-07,1.6180576561018825,1.6180583326668525,0.8702226593159139,103746.2247150171,0.537819089551382,103746.22471501798,8.415871672442931e-13
PINN Baseline,3,321,True,optimal,6.765649700020444e-07,1.6886130128987134,1.6886136894636834,0.8741543269716203,104637.85473215189,0.5176757315341074,104637.85473215196,6.953465963926873e-14
PINN Baseline,3,322,True,optimal,6.765649700020444e-07,1.7640205747447908,1.7640212513097608,1.031229211948812,111792.44809678243,0.5845900162388287,111792.44809678264,1.8223665074474697e-13
PINN Baseline,3,323,True,optimal,6.765649700020444e-07,1.5395564269274473,1.5395571034924174,0.8922977698966861,108312.29159824598,0.5795808209208662,108312.29159824576,-2.0152719991849716e-13
PINN Baseline,3,324,True,optimal,6.765649700020444e-07,2.7038537212647498,2.7038543978297196,0.951058906968683,108653.05489737132,0.35174190878475614,108653.05489737156,2.2768118127548525e-13
PINN Baseline,3,325,True,optimal,6.765649700020444e-07,2.438689535949379,2.438690212514349,0.8991628233343363,104330.44339602735,0.3687072752087185,104330.44339602717,-1.673749071280679e-13
PINN Baseline,3,326,True,optimal,6.765649700020444e-07,2.3624160941690207,2.3624167707339905,0.8890457209199667,107206.41706297357,0.3763289068777415,107206.41706297552,1.81888052415346e-12
PINN Baseline,3,327,True,optimal,6.765649700020444e-07,2.7115229312330484,2.7115236077980183,1.0648914966732264,111829.87666024544,0.39272809339027165,111829.87666024774,2.055982421466185e-12
PINN Baseline,3,328,True,optimal,6.765649700020444e-07,2.3894053362309933,2.389406012795963,0.9765610634349287,111090.87715715334,0.4087045308353459,111090.8771571534,5.2396436505874966e-14
PINN Baseline,3,329,True,optimal,6.765649700020444e-07,3.290251940023154,3.290252616588124,0.9194899997673929,108246.16012307258,0.27945878536246604,108246.16012307206,-4.839607683317207e-13
PINN Baseline,3,330,True,optimal,6.765649700020444e-07,2.94928569579497,2.9492863723599396,0.8984845150262117,109575.61994681974,0.30464471793807824,109575.61994681954,-1.8592348671721913e-13
PINN Baseline,3,331,True,optimal,6.765649700020444e-07,3.3274135310202837,3.3274142075852535,0.8370038759894669,109410.06602333559,0.25154784579611783,109410.06602333576,1.59604128840538e-13
PINN Baseline,3,332,True,optimal,6.765649700020444e-07,1.8671415229327977,1.8671421994977677,0.9377990239299834,113204.3194868807,0.5022643825318911,113204.31948688159,7.841280553197001e-13
PINN Baseline,3,333,True,optimal,6.765649700020444e-07,1.7331219869665802,1.7331226635315502,0.9097868758253753,107734.8061896453,0.5249408451976044,107734.80618964546,1.4857878634901212e-13
PINN Baseline,3,334,True,optimal,6.765649700020444e-07,1.6427247221581638,1.6427253987231338,0.8939487091265619,107805.99735806006,0.5441863319465414,107805.99735805923,-7.693998370628649e-13
PINN Baseline,3,335,True,optimal,6.765649700020444e-07,1.6409092042595148,1.6409098808244849,0.8917689099907875,106971.61876122677,0.5434600159411027,106971.6187612266,-1.63242348543104e-13
PINN Baseline,3,336,True,optimal,6.765649700020444e-07,1.5109152761287987,1.5109159526937688,0.9560095821507275,106491.83575307915,0.6327351170303586,106491.83575307902,-1.2298335936190753e-13
PINN Baseline,3,337,True,optimal,6.765649700020444e-07,1.4957929337397218,1.4957936103046918,0.8925917111337185,103835.62310854188,0.5967345394341526,103835.62310865827,1.1208698374623973e-10
PINN Baseline,3,338,True,optimal,6.765649700020444e-07,1.5961699867621064,1.5961706633270765,0.8755972776561975,107148.35084684085,0.5485611894602126,107148.3508468408,-5.432436472743303e-14
PINN Baseline,3,339,True,optimal,6.765649700020444e-07,2.149055839050561,2.149056515615531,1.0182363791391253,112924.0473812821,0.4738062362438537,112924.04738128242,2.8350217907362783e-13
PINN Baseline,3,340,True,optimal,6.765649700020444e-07,1.8848843611776829,1.884885037742653,1.000046556815505,110763.59593878694,0.5305610351775966,110763.59593878682,-1.0510251210268695e-13
PINN Baseline,3,341,True,optimal,6.765649700020444e-07,1.6810802319087088,1.6810809084736789,0.997040837071836,107422.74836331155,0.5930950925955667,107422.74836331129,-2.4383520073860136e-13
PINN Baseline,3,342,True,optimal,6.765649700020444e-07,1.6107983817346394,1.6107990582996095,1.058524294756353,109500.5359754171,0.657142360061814,109500.53597541687,-1.9934032877657003e-13
PINN Baseline,3,343,True,optimal,6.765649700020444e-07,1.3384977392852306,1.3384984158502007,0.8948297491297126,105563.10707218274,0.6685325425367245,105563.10707218264,-9.649527133462927e-14
PINN Baseline,3,344,True,optimal,6.765649700020444e-07,1.4282336770556867,1.4282343536206568,0.9318492077291012,103699.66627424877,0.6524483922171522,103699.66627424858,-1.824257538770363e-13
PINN Baseline,3,345,True,optimal,6.765649700020444e-07,1.7549867541529238,1.7549874307178939,0.9101484171114862,112643.22867075335,0.518606800926877,112643.22867075406,6.330108383826095e-13
PINN Baseline,3,346,True,optimal,6.765649700020444e-07,1.6821629339829087,1.6821636105478788,1.0229839100502431,108593.32892357405,0.6081357982277708,108593.32892357618,1.956455009162487e-12
PINN Baseline,3,347,True,optimal,6.765649700020444e-07,1.6124944319017231,1.6124951084666932,0.9079303788021207,105732.36140598565,0.5630593073026208,105732.36140598555,-9.634080355723648e-14
PINN Baseline,3,348,True,optimal,6.765649700020444e-07,1.2996193720027804,1.2996200485677505,0.8803682937286794,110111.60761938708,0.6774043649902842,110111.60761938711,2.643121019296558e-14
PINN Baseline,3,349,True,optimal,6.765649700020444e-07,1.3349625412374735,1.3349632178024435,0.9113008677959442,108654.59924672732,0.6826411811526064,108654.59924672719,-1.2053538272955012e-13
PINN Baseline,3,350,True,optimal,6.765649700020444e-07,1.5987585177645087,1.5987591943294788,0.870288179256022,109485.36028988406,0.5443522591412034,109485.3602898839,-1.4620317007517324e-13
PINN Baseline,3,351,True,optimal,6.765649700020444e-07,1.5521529442630708,1.5521536208280409,0.9650231436826289,113176.65053129657,0.6217317221267117,113176.65053129643,-1.2857700912736264e-13
PINN Baseline,3,352,True,optimal,6.765649700020444e-07,1.9235948249697685,1.9235955015347386,0.8822088651359081,109763.04729257303,0.4586249367042285,109763.04729257317,1.3257572186000604e-13
PINN Baseline,3,353,True,optimal,6.765649700020444e-07,2.012297091074288,2.0122977676392577,0.8337159361690283,104730.07713036379,0.4143104214378314,104730.07713036299,-7.64207722833935e-13
PINN Baseline,3,354,True,optimal,6.765649700020444e-07,2.8240053271874785,2.8240060037524484,0.9872983060777187,112822.5460726166,0.3496091384953957,112822.54607261617,-3.869416814703168e-13
PINN Baseline,3,355,True,optimal,6.765649700020444e-07,1.8856265707872808,1.8856272473522508,0.9367548399604857,108993.62857284583,0.49678686032769875,108993.62857284545,-3.4713019549089355e-13
PINN Baseline,3,356,True,optimal,6.765649700020444e-07,2.0234200791455805,2.0234207557105504,0.9082200983539224,104788.44145280398,0.4488538015589294,104788.44145280434,3.4717367265455843e-13
PINN Baseline,3,357,True,optimal,6.765649700020444e-07,1.7354977698996663,1.7354984464646364,0.8846721891313791,106557.46623255267,0.5097510694599205,106557.46623255254,-1.2290761190724705e-13
PINN Baseline,3,358,True,optimal,6.765649700020444e-07,2.0060959570109844,2.0060966335759542,0.8052338329143822,111883.17934300244,0.4013933423929923,111883.17934300276,2.8613964753593996e-13
PINN Baseline,3,359,True,optimal,6.765649700020444e-07,1.8069050242193043,1.8069057007842744,0.8463292447850108,109770.93820637313,0.46838595086487783,109770.93820637227,-7.82140530546907e-13
PINN Baseline,3,360,True,optimal,6.765649700020444e-07,2.3947406131774187,2.3947412897423885,0.9739057407714427,114375.06639013611,0.40668515841066466,114375.06639013707,8.397165880509084e-13
PINN Baseline,3,361,True,optimal,6.765649700020444e-07,1.8395280102267861,1.8395286867917562,0.7981172162108123,111383.20543071197,0.4338704919045186,111383.20543071358,1.4501850472902087e-12
PINN Baseline,3,362,True,optimal,6.765649700020444e-07,2.0751579450443387,2.0751586216093085,0.8321125889196992,106458.26637003578,0.4009874619967059,106458.26637003568,-9.56838863451931e-14
PINN Baseline,3,363,True,optimal,6.765649700020444e-07,1.7404328840784729,1.740433560643443,0.7916768155992031,107310.86790541417,0.45487333357701865,107310.86790541423,5.4242093135219764e-14
PINN Baseline,3,364,True,optimal,6.765649700020444e-07,2.053503011353314,2.0535036879182837,0.9052242902107537,107799.05292836315,0.44081941295582217,107799.0529283626,-5.129662679368929e-13
PINN Baseline,3,365,True,optimal,6.765649700020444e-07,1.804372648242861,1.804373324807831,0.8255964033305645,106374.74581989675,0.45755298639126796,106374.74581989684,8.207915393567974e-14
PINN Baseline,3,366,True,optimal,6.765649700020444e-07,1.8231979757547379,1.823198652319708,0.8113734908401966,110505.54795936479,0.4450274739989868,110505.54795936565,7.769410806318574e-13
PINN Baseline,3,367,True,optimal,6.765649700020444e-07,1.9287985931150615,1.9287992696800316,0.9834664529189467,108335.17437171166,0.5098853304118546,108335.17437171156,-9.402616203769771e-14
PINN Baseline,3,368,True,optimal,6.765649700020444e-07,1.8531162296421826,1.8531169062071526,0.9180475301109254,106875.16863143185,0.49540723903379064,106875.1686314319,4.084741689217925e-14
PINN Baseline,3,369,True,optimal,6.765649700020444e-07,2.1007763547822833,2.100777031347253,0.9190493058413267,106839.22156135617,0.43748065221939786,106839.22156135653,3.405096699438676e-13
PINN Baseline,3,370,True,optimal,6.765649700020444e-07,2.066005412954837,2.066006089519807,0.9098826898261905,109336.4210106633,0.44040658662224497,109336.4210106636,2.794953565984206e-13
PINN Baseline,3,371,True,optimal,6.765649700020444e-07,1.8084352468140423,1.8084359233790124,0.8658633576706052,104279.73759728012,0.47879128393599013,104279.73759728008,-4.18640732044182e-14
PINN Baseline,3,372,True,optimal,6.765649700020444e-07,2.035684034228325,2.0356847107932947,0.9023484727367759,111114.54460847471,0.44326533866098344,111114.54460847433,-3.405042942584147e-13
PINN Baseline,3,373,True,optimal,6.765649700020444e-07,2.379123792052269,2.379124468617239,0.9200741527602077,112538.28453573839,0.3867280442435028,112538.28453573983,1.2801329019288715e-12
PINN Baseline,3,374,True,optimal,6.765649700020444e-07,2.0276248389855027,2.0276255155504725,0.8561501330696046,106976.73233598561,0.42224272998319,106976.73233598578,1.6323454542615645e-13
PINN Baseline,3,375,True,optimal,6.765649700020444e-07,1.7620224938727915,1.7620231704377616,0.862736287061125,106190.95073919986,0.4896282305111712,106190.95073919992,5.481414424513702e-14
PINN Baseline,3,376,True,optimal,6.765649700020444e-07,1.6079226052388549,1.607923281803825,0.8510101060383022,105579.88392539581,0.529260391754269,105579.88392539578,-2.7565696584113378e-14
PINN Baseline,3,377,True,optimal,6.765649700020444e-07,1.9958566296845675,1.9958573062495375,0.8861241708509624,114840.79454043234,0.44398172558543236,114840.79454043205,-2.5342763060113654e-13
PINN Baseline,3,378,True,optimal,6.765649700020444e-07,1.954588497057557,1.9545891736225272,0.8053176756948233,108932.88207971914,0.4120137809841094,108932.8820797191,-4.0075819946774614e-14
PINN Baseline,3,379,True,optimal,6.765649700020444e-07,1.7001569280400872,1.7001576046050573,0.842996730003506,110008.7598439287,0.4958344612994465,110008.75984392875,5.2911841744282554e-14
PINN Baseline,3,380,True,optimal,6.765649700020444e-07,1.5999071951955557,1.5999078717605257,0.854399180971086,107874.8612892794,0.5340302376479416,107874.86128927946,5.395850360110922e-14
PINN Baseline,3,381,True,optimal,6.765649700020444e-07,1.6521412776783109,1.652141954243281,0.8202102859504521,107874.34558350948,0.4964526709365766,107874.34558350922,-2.4281442700185865e-13
PINN Baseline,3,382,True,optimal,6.765649700020444e-07,1.686186008155346,1.686186684720316,0.8189611732959747,106632.06366280705,0.4856883171461018,106632.06366280699,-5.4587390428391445e-14
PINN Baseline,3,383,True,optimal,6.765649700020444e-07,2.4352254420518875,2.4352261186168573,0.8353173420764506,114182.74037335,0.34301428343372414,114182.74037335021,1.9116613221208743e-13
PINN Baseline,3,384,True,optimal,6.765649700020444e-07,1.7013850081712008,1.7013856847361708,0.8659704979509115,105814.60843361352,0.5089795369268052,105814.60843361347,-5.500909730246368e-14
PINN Baseline,3,385,True,optimal,6.765649700020444e-07,1.8361035180278122,1.8361041945927823,0.826489828992635,108006.34727785902,0.45013231352915506,108006.34727785896,-5.3892814987735266e-14
PINN Baseline,3,386,True,optimal,6.765649700020444e-07,1.9748001112602651,1.9748007878252352,0.852880849968642,109599.43152054245,0.43188196765299236,109599.43152054235,-9.294154648920373e-14
PINN Baseline,3,387,True,optimal,6.765649700020444e-07,1.848567462991923,1.8485681395568931,0.8064420954324305,112588.65601743093,0.4362522961289038,112588.65601743075,-1.550982034223476e-13
PINN Baseline,3,388,True,optimal,6.765649700020444e-07,1.6450735088437796,1.6450741854087496,0.906774319242686,106739.97002131528,0.5512057311976972,106739.97002131547,1.772296712571608e-13
PINN Baseline,3,389,True,optimal,6.765649700020444e-07,1.6397409797646105,1.6397416563295806,0.876912300940603,110058.52590178823,0.5347868656965726,110058.52590178803,-1.8510770658416185e-13
PINN Baseline,3,390,True,optimal,6.765649700020444e-07,1.7384479530155659,1.738448629580536,0.883241503033787,109950.31893064486,0.508063044259698,109950.31893064493,6.617495688005233e-14
PINN Baseline,3,391,True,optimal,6.765649700020444e-07,1.8028210629709065,1.8028217395358765,0.8523428533226252,107158.6697221816,0.47278265766977867,107158.66972218145,-1.357978338672362e-13
PINN Baseline,3,392,True,optimal,6.765649700020444e-07,1.9226877079345286,1.9226883844994986,0.944452861789614,107973.01360821344,0.4912147331848929,107973.01360821273,-6.603907979981906e-13
PINN Baseline,3,393,True,optimal,6.765649700020444e-07,1.9606869788840413,1.9606876554490114,0.9875644720159471,106965.81925266741,0.5036827101304863,106965.81925266709,-2.9929386533080506e-13
PINN Baseline,3,394,True,optimal,6.765649700020444e-07,1.7845402117818594,1.7845408883468294,0.8301046290434897,107833.88417755906,0.46516425286981544,107833.88417755927,2.0242127981413102e-13
PINN Baseline,3,395,True,optimal,6.765649700020444e-07,1.75197036517784,1.75197104174281,0.8508656159974635,110205.92806458374,0.4856619177626629,110205.9280645838,5.2817177746877734e-14
PINN Baseline,3,396,True,optimal,6.765649700020444e-07,1.7787269111722708,1.7787275877372408,0.9016141397878528,111958.83491557324,0.5068871400003506,111958.83491557052,-2.430543466941783e-12
PINN Baseline,3,397,True,optimal,6.765649700020444e-07,2.105220858938992,2.105221535503962,0.9727987549267709,112092.59072220678,0.46208854437445035,112092.59072220678,0.0
PINN Baseline,3,398,True,optimal,6.765649700020444e-07,1.5682794451713562,1.5682801217363262,0.8033285168930888,105783.17088951723,0.5122353498963444,105783.17088951734,9.629452940577555e-14
PINN Baseline,3,399,True,optimal,6.765649700020444e-07,1.446437292266637,1.4464379688316071,0.808748871088028,104374.11480193537,0.5591313893269223,104374.11480197332,3.63609262580084e-11
PINN Baseline,3,400,True,optimal,6.765649700020444e-07,1.6623672530986369,1.662367929663607,0.8814005539752543,112000.79321215222,0.5302078668911837,112000.79321215204,-1.5591227323687868e-13
PINN Baseline,3,401,True,optimal,6.765649700020444e-07,1.7486163941211998,1.74861707068617,0.8861131300218403,109074.4832637905,0.5067508174755054,109074.48326379078,2.534840240043158e-13
PINN Baseline,3,402,True,optimal,6.765649700020444e-07,1.8139450191520154,1.8139456957169855,0.8370235050097108,108294.60957158716,0.4614380171281073,108294.60957158734,1.6124808375154563e-13
PINN Baseline,3,403,True,optimal,6.765649700020444e-07,1.8163292687386274,1.8163299453035975,0.8461694200523198,105985.20888531888,0.4658676812768638,105985.20888531735,-1.441664469078734e-12
PINN Baseline,3,404,True,optimal,6.765649700020444e-07,1.6987129030749202,1.6987135796398902,0.8803270212374628,108061.13869484568,0.5182315793484638,108061.13869484591,2.1546195650534566e-13
PINN Baseline,3,405,True,optimal,6.765649700020444e-07,1.7989533222280443,1.7989539987930143,0.8451522761024535,108437.44858686099,0.4698020497853185,108437.448586861,1.3419640002605207e-14
PINN Baseline,3,406,True,optimal,6.765649700020444e-07,1.5866887932643294,1.5866894698292995,0.8775546639226377,101888.85036902493,0.5530727219214782,101888.8503705001,1.4478240721162337e-09
PINN Baseline,3,407,True,optimal,6.765649700020444e-07,1.7431972208432853,1.7431978974082554,0.9119248948991299,108733.57081786447,0.5231333150728084,108733.57081786447,0.0
PINN Baseline,3,408,True,optimal,6.765649700020444e-07,1.6724365320988,1.67243720866377,0.7969103739596903,106965.67169140543,0.47649643874905123,106965.67169140556,1.2243856835970743e-13
PINN Baseline,3,409,True,optimal,6.765649700020444e-07,1.6445320090278983,1.6445326855928684,0.9236816139891744,107424.43580618581,0.5616681395761854,107424.4358061851,-6.637631753323266e-13
PINN Baseline,3,410,True,optimal,6.765649700020444e-07,1.5971554950810969,1.597156171646067,0.9160873708315194,107907.189861359,0.5735740731523944,107907.18986135871,-2.697116892222548e-13
PINN Baseline,3,411,True,optimal,6.765649700020444e-07,1.3412179490551353,1.3412186256201053,0.8277098420076072,108776.57554964954,0.6171326778472972,108776.57554964935,-1.7391142993136685e-13
PINN Baseline,3,412,True,optimal,6.765649700020444e-07,1.6683565620332956,1.6683572385982657,0.8758368892595172,110810.13079711955,0.5249696341985995,110810.13079711977,1.9698445156169496e-13
PINN Baseline,3,413,True,optimal,6.765649700020444e-07,1.3123959517106414,1.3123966282756114,0.8829660899937153,111338.7767182591,0.672789057035193,111338.77671825892,-1.699092657066576e-13
PINN Baseline,3,414,True,optimal,6.765649700020444e-07,1.2769821900874376,1.2769828666524077,0.797339831944555,111409.91693083693,0.6243935238025315,111409.91693083706,1.175543799539909e-13
PINN Baseline,3,415,True,optimal,6.765649700020444e-07,1.504963707178831,1.5049643837438011,0.7992199142463505,115212.117634057,0.5310556999748948,115212.117634057,0.0
PINN Baseline,3,416,True,optimal,6.765649700020444e-07,2.0756464432924986,2.0756471198574684,0.9150721300393343,109646.3999540768,0.44086112773455005,109646.39995335246,-6.606109573233249e-10
PINN Baseline,3,417,True,optimal,6.765649700020444e-07,1.99153914116323,1.9915398177282,0.7735827579163015,105625.16988998116,0.3884344922607407,105625.16989046014,4.534679473089559e-10
PINN Baseline,3,418,True,optimal,6.765649700020444e-07,2.7107072742655873,2.710707950830557,0.8545772968791425,111955.06742457992,0.3152598186083828,111955.06742455746,-2.0055907886881703e-11
PINN Baseline,3,419,True,optimal,6.765649700020444e-07,1.8249597032554448,1.8249603798204148,0.9190454841591418,108963.50962376448,0.5035974996068574,108963.50962376452,4.0064555405601053e-14
PINN Baseline,3,420,True,optimal,6.765649700020444e-07,2.219889763277024,2.219890439841994,1.0284889223985374,111076.53948493626,0.463306163195938,111076.5394849361,-1.4410879944071677e-13
PINN Baseline,3,421,True,optimal,6.765649700020444e-07,1.9601334328763187,1.9601341094412887,0.9207981117069721,109425.64021390206,0.46976281228503997,109425.64021390189,-1.5958141291113698e-13
PINN Baseline,3,422,True,optimal,6.765649700020444e-07,1.84196267882362,1.8419633553885901,0.9237996218726039,107440.48677403515,0.5015298589790427,107440.48677403531,1.4898579885317431e-13
PINN Baseline,3,423,True,optimal,6.765649700020444e-07,2.2696235380135477,2.2696242145785175,0.921409725677222,110845.94858247251,0.4059745748916118,110845.94858247254,2.6256106631700332e-14
PINN Baseline,3,424,True,optimal,6.765649700020444e-07,1.8368919743224978,1.836892650887468,0.8676070729270577,110809.96706087151,0.47232323157691664,110809.96706087123,-2.495140073339136e-13
PINN Baseline,3,425,True,optimal,6.765649700020444e-07,1.5435337643139064,1.5435344408788765,0.8319389251992106,108581.16514287694,0.5389830658559915,108581.16514287707,1.2061690154362217e-13
PINN Baseline,3,426,True,optimal,6.765649700020444e-07,1.9569894336163998,1.9569901101813698,0.8809594409540296,105809.85993475065,0.4501603949712265,105809.85993474892,-1.6365940879645075e-12
PINN Baseline,3,427,True,optimal,6.765649700020444e-07,1.8324066172353923,1.8324072938003624,0.8425523461773992,108204.36015236971,0.4598062608831734,108204.36015236974,2.6897095843227274e-14
PINN Baseline,3,428,True,optimal,6.765649700020444e-07,1.7048179409466684,1.7048186175116384,0.827243804000318,106463.77297047344,0.48523860280677084,106463.7729704734,-4.100525884725878e-14
PINN Baseline,3,429,True,optimal,6.765649700020444e-07,2.07156615331769,2.0715668298826597,0.9176912908442318,112568.39542472268,0.4429938139607173,112568.39542472281,1.1634458904842678e-13
PINN Baseline,3,430,True,optimal,6.765649700020444e-07,2.0596371279098094,2.059637804474779,0.847563955001533,103937.19019318148,0.4115111662643361,103937.1901931818,3.080149987016609e-13
PINN Baseline,3,431,True,optimal,6.765649700020444e-07,1.9827187270857394,1.9827194036507094,0.8947573648765683,104508.25467821796,0.45127785768832646,104508.25467789122,-3.126395648157544e-10
PINN Baseline,3,432,True,optimal,6.765649700020444e-07,1.732916328124702,1.732917004689672,0.9320272724144161,107632.85970318058,0.5378372246865464,107632.85970318034,-2.2983925128854144e-13
PINN Baseline,3,433,True,optimal,6.765649700020444e-07,1.957301075104624,1.957301751669594,0.8161880937404931,108611.28770293827,0.4169965581670164,108611.2877029384,1.2058344931284578e-13
PINN Baseline,3,434,True,optimal,6.765649700020444e-07,2.3527818364091218,2.3527825129740916,1.0912307379767299,112684.64183857925,0.463804338887802,112684.64183857923,-1.2913840778064921e-14
PINN Baseline,3,435,True,optimal,6.765649700020444e-07,1.5385091360658407,1.5385098126308108,0.8904316322878003,105041.03036194906,0.5787624004589129,105041.03036194903,-2.770710679098262e-14
PINN Baseline,3,436,True,optimal,6.765649700020444e-07,1.661112424917519,1.6611131014824891,1.003959143999964,114115.51969072767,0.6043893959441794,114115.51969072307,-4.029605459999113e-12
PINN Baseline,3,437,True,optimal,6.765649700020444e-07,1.7336314707063138,1.733632147271284,1.0153893940150738,107604.28620758772,0.5857006029873664,107604.28620758817,4.1922992845201587e-13
PINN Baseline,3,438,True,optimal,6.765649700020444e-07,1.6952461618930101,1.6952468384579802,0.8456313032656908,104327.87583813164,0.4988248814756019,104327.87583813154,-9.763776534338014e-14
PINN Baseline,3,439,True,optimal,6.765649700020444e-07,1.7858554916456342,1.7858561682106042,0.9928864021785557,108858.44788314661,0.5559722108938986,108858.44788314661,0.0
PINN Baseline,3,440,True,optimal,6.765649700020444e-07,1.9966253228485584,1.9966259994135285,1.0679153227247298,104772.49305100169,0.5348599702890826,104772.49305099915,-2.416696573692559e-12
PINN Baseline,3,441,True,optimal,6.765649700020444e-07,1.9394687791354954,1.9394694557004655,1.0068236622028053,113123.61387207199,0.5191232371531097,113123.61387202062,-4.540896369720452e-11
PINN Baseline,3,442,True,optimal,6.765649700020444e-07,2.457793246023357,2.4577939225883267,1.0226819128729403,111802.68883871827,0.4160975025098703,111802.68883871814,-1.1714140188902732e-13
PINN Baseline,3,443,True,optimal,6.765649700020444e-07,1.6745560709387064,1.6745567475036764,1.013938448857516,103920.21325714783,0.605496618952467,103920.21325714781,-1.4002968981942446e-14
PINN Baseline,3,444,True,optimal,6.765649700020444e-07,2.2851343639194965,2.2851350404844664,0.9637018931098282,113398.85651676399,0.4217264520636452,113398.85651676405,5.133002457115822e-14
PINN Baseline,3,445,True,optimal,6.765649700020444e-07,1.9304223521612585,1.9304230287262285,0.9281413019634783,112497.61759087513,0.4807968451225448,112497.61759087497,-1.422884065813488e-13
PINN Baseline,3,446,True,optimal,6.765649700020444e-07,1.6129047279246151,1.6129054044895852,0.9822977217845619,106482.85288044706,0.6090237648471496,106482.85288044674,-3.0065135030098066e-13
PINN Baseline,3,447,True,optimal,6.765649700020444e-07,2.0984512590803206,2.0984519356452904,0.9227206860668957,110698.28389120821,0.439714949098013,110698.28389120834,1.1831008797210743e-13
PINN Baseline,3,448,True,optimal,6.765649700020444e-07,1.4054353199899197,1.4054359965548897,0.9005281021818519,111173.72372800087,0.6407464334123318,111173.72372800065,-1.9634021521087703e-13
PINN Baseline,3,449,True,optimal,6.765649700020444e-07,1.4937050910666585,1.4937057676316285,0.9076155941002071,106201.92277263598,0.6076267587419797,106201.92277263585,-1.23319082777517e-13
PINN Baseline,3,450,True,optimal,6.765649700020444e-07,1.3373883669264615,1.3373890434914315,0.8955520777963102,107976.71093528306,0.6696271979755066,107976.71093528291,-1.3476901734012523e-13
PINN Baseline,3,451,True,optimal,6.765649700020444e-07,1.4146222779527307,1.4146229545177007,0.8421955523081124,104456.49102986546,0.5953498418914382,104456.4910298655,4.179323396247229e-14
PINN Baseline,3,452,True,optimal,6.765649700020444e-07,1.5714227291755378,1.5714234057405079,0.9259513840079308,107110.85685873925,0.5892437268182289,107110.85685873909,-1.4944429743769251e-13
PINN Baseline,3,453,True,optimal,6.765649700020444e-07,1.5816052719019353,1.5816059484669054,0.895645247772336,110399.25094006842,0.5662884921750009,110399.25094006842,0.0
PINN Baseline,3,454,True,optimal,6.765649700020444e-07,1.5471435859799385,1.5471442625449086,0.9448422328568995,105621.44935425,0.6107007961253218,105621.44935425589,5.579856841125075e-12
PINN Baseline,3,455,True,optimal,6.765649700020444e-07,1.3981962287798524,1.3981969053448224,0.9737071008421481,108653.38629094354,0.6964019853856085,108653.38629094351,-2.6785939628979204e-14
PINN Baseline,3,456,True,optimal,6.765649700020444e-07,1.5335738202556968,1.5335744968206668,0.8889662497676909,105840.6726193081,0.5796694269568601,105840.6726193082,9.624221395961293e-14
PINN Baseline,3,457,True,optimal,6.765649700020444e-07,1.457820612937212,1.457821289502182,0.9722022050991654,111105.71276750744,0.6668870952153222,111105.71276750733,-1.0477888033582747e-13
PINN Baseline,3,458,True,optimal,6.765649700020444e-07,1.5531571628525853,1.5531578394175554,0.9281052518635988,114468.52855922972,0.5975601631136501,114468.52855922955,-1.398384949354961e-13
PINN Baseline,3,459,True,optimal,6.765649700020444e-07,1.8930954560637474,1.8930961326287175,1.01120340032503,113496.20049732171,0.534153222805908,113496.20049732213,3.718234969747707e-13
PINN Baseline,3,460,True,optimal,6.765649700020444e-07,1.9627334703691304,1.9627341469341004,0.9932913430966437,115424.40220860454,0.5060753361061251,115424.40220860453,-1.2607312621872994e-14
PINN Baseline,3,461,True,optimal,6.765649700020444e-07,1.8073322791606188,1.8073329557255888,0.9310415871441364,104742.84670573632,0.5151466884918013,104742.84670573547,-8.057935312913875e-13
PINN Baseline,3,462,True,optimal,6.765649700020444e-07,1.56819678703323,1.5681974635982001,0.8851519371382892,103204.35343702545,0.5644390822488161,103204.35343710949,8.142806736839597e-11
PINN Baseline,3,463,True,optimal,6.765649700020444e-07,1.4746500561013818,1.4746507326663518,0.8617429649457335,106727.31746038269,0.584370892616447,106727.31746038274,4.090400351466308e-14
PINN Baseline,3,464,True,optimal,6.765649700020444e-07,1.610999002121389,1.610999678686359,0.9338427660986781,109838.47987038629,0.5796666370909224,109838.47987038679,4.504478925312105e-13
PINN Baseline,3,465,True,optimal,6.765649700020444e-07,1.5591979981400073,1.5591986747049773,0.7594546903856099,107070.82317194619,0.4870801282134937,107070.82317194618,-1.3590924957210587e-14
PINN Baseline,3,466,True,optimal,6.765649700020444e-07,1.7627941290847957,1.7627948056497658,0.9062221581116319,103307.55582421695,0.5140826120017971,103307.55582422638,9.127736100955416e-12
PINN Baseline,3,467,True,optimal,6.765649700020444e-07,1.723381919786334,1.723382596351304,0.8747976617887616,102788.42153276311,0.5076050226112635,102788.42153276328,1.6988584914181443e-13
PINN Baseline,3,468,True,optimal,6.765649700020444e-07,1.5915181231684983,1.5915187997334683,0.8552575651556253,104447.54723788997,0.5373845193024772,104447.54723770401,-1.7804048981615577e-10
PINN Baseline,3,469,True,optimal,6.765649700020444e-07,1.6772189713083208,1.6772196478732908,0.9559142529033124,109807.52667641033,0.5699398132590497,109807.52667640871,-1.470994420180965e-12
PINN Baseline,3,470,True,optimal,6.765649700020444e-07,1.5385729097761214,1.5385735863410914,0.8950839340686798,105728.42361081821,0.5817621867520126,105728.4236108194,1.1286057315281744e-12
PINN Baseline,3,471,True,optimal,6.765649700020444e-07,1.5655833771452308,1.5655840537102008,0.8189804442226887,104681.03706712554,0.523114962931455,104681.03706712557,2.7802390262976856e-14
PINN Baseline,3,472,True,optimal,6.765649700020444e-07,1.4846866130828857,1.4846872896478558,0.8809517021290958,105632.42457511609,0.5933584184842342,105632.4245751161,1.3775992823130615e-14
PINN Baseline,3,473,True,optimal,6.765649700020444e-07,1.5730076869949698,1.57300836355994,0.8941402831114829,102916.578421145,0.5684269097513996,102916.57842114437,-6.079995705446161e-13
PINN Baseline,3,474,True,optimal,6.765649700020444e-07,1.5824714759364724,1.5824721525014425,0.9002342531457543,106488.68347819927,0.568878417053177,106488.68347819909,-1.6398266654893113e-13
PINN Baseline,3,475,True,optimal,6.765649700020444e-07,1.2470768098719418,1.2470774864369119,0.870958250015974,104597.68402007932,0.6983994655411773,104597.68402007934,1.3912272881274657e-14
PINN Baseline,3,476,True,optimal,6.765649700020444e-07,1.445083579979837,1.445084256544807,0.9575857911258936,112662.89666196925,0.6626504903011531,112662.89666196884,-3.616573321532686e-13
PINN Baseline,3,477,True,optimal,6.765649700020444e-07,1.4345900220796466,1.4345906986446166,1.0033926307223737,106546.50925522478,0.6994278100857384,106546.50925522525,4.370497828251509e-13
PINN Baseline,3,478,True,optimal,6.765649700020444e-07,1.4150714930146933,1.4150721695796633,0.9786846269853413,111730.64560452336,0.6916146384788645,111730.64560452329,-6.512051885869405e-14
PINN Baseline,3,479,True,optimal,6.765649700020444e-07,1.8275510221719742,1.8275516987369442,0.9151657982729375,109208.86783142127,0.5007605524404185,109208.86783142196,6.262678382391038e-13
PINN Baseline,3,480,True,optimal,6.765649700020444e-07,1.9459173418581486,1.9459180184231186,0.9707293957471848,114488.2557988966,0.4988542099701706,114488.25579889669,7.626239980768629e-14
PINN Baseline,3,481,True,optimal,6.765649700020444e-07,2.370564389973879,2.3705650665388487,0.9184165960177779,113318.05450726896,0.387425179330224,113318.0545072708,1.6308903660925819e-12
PINN Baseline,3,482,True,optimal,6.765649700020444e-07,1.73650790611282,1.73650858267779,0.9706826438196003,105332.14998899367,0.5589852267374086,105332.14998899374,6.907632299296751e-14
PINN Baseline,3,483,True,optimal,6.765649700020444e-07,1.916247711982578,1.916248388547548,1.053954535163939,111323.99483385583,0.5500093523693977,111323.99483385564,-1.6993182669297927e-13
PINN Baseline,3,484,True,optimal,6.765649700020444e-07,2.3098583668470383,2.309859043412008,1.0393447941169143,106296.7901972169,0.4499602679571504,106296.7901972168,-9.582924038400078e-14
PINN Baseline,3,485,True,optimal,6.765649700020444e-07,1.907163925934583,1.907164602499553,0.9125730888918042,106542.14577448895,0.4784972873845157,106542.14577448854,-3.824342220933895e-13
PINN Baseline,3,486,True,optimal,6.765649700020444e-07,1.7356566111557186,1.7356572877206886,0.9124692366458476,104462.59503026825,0.525719704633699,104462.59503026858,3.2039607110608284e-13
PINN Baseline,3,487,True,optimal,6.765649700020444e-07,1.9990335833281279,1.999034259893098,0.8803004403598607,104368.48381050679,0.4403628582168153,104368.48381050664,-1.394282516816816e-13
PINN Baseline,3,488,True,optimal,6.765649700020444e-07,2.0443066568113863,2.044307333376356,0.9869573856703937,107448.5030713416,0.48278327311987157,107448.5030713415,-9.480207139873754e-14
PINN Baseline,3,489,True,optimal,6.765649700020444e-07,1.92060054698959,1.92060122355456,0.9408139251172543,106772.7713769927,0.489853861165432,106772.7713775285,5.018011239040386e-10
PINN Baseline,3,490,True,optimal,6.765649700020444e-07,1.7877801191061735,1.7877807956711436,0.9639288303442299,108888.28509095663,0.5391761857372258,108888.2850909568,1.4700485674682516e-13
PINN Baseline,3,491,True,optimal,6.765649700020444e-07,2.476479458156973,2.476480134721943,0.9280319409444928,109622.07756003147,0.3747382940540694,109622.07756003122,-2.256685554483898e-13
PINN Baseline,3,492,True,optimal,6.765649700020444e-07,1.823097450658679,1.823098127223649,0.9343566759489477,107812.04931902977,0.5125103591499248,107812.04931897458,-5.1195960757470725e-11
PINN Baseline,3,494,True,optimal,6.765649700020444e-07,1.8336794669739902,1.8336801435389602,0.8955637812614441,108162.31709218716,0.48839694557253954,108162.31709218718,1.3453775417888097e-14
PINN Baseline,3,495,True,optimal,6.765649700020444e-07,1.645978739950806,1.645979416515776,0.8936912487260997,105474.09374154238,0.5429540854270666,105474.09374154262,2.2074675912779724e-13
PINN Baseline,3,496,True,optimal,6.765649700020444e-07,1.4587427359074354,1.4587434124724055,0.8041134430095553,104170.09187507343,0.5512370689281632,104170.09187500265,-6.794706080864391e-11
PINN Baseline,3,497,True,optimal,6.765649700020444e-07,1.4969879193231463,1.4969885958881164,0.8664756249636412,111829.70407735379,0.5788124420878359,111829.70407735037,-3.0579532574822584e-12
PINN Baseline,3,498,True,optimal,6.765649700020444e-07,1.6320436336100101,1.6320443101749802,0.8653361857868731,107424.00577862668,0.5302161101827534,107424.00577862682,1.2191617330412305e-13
PINN Baseline,3,499,True,optimal,6.765649700020444e-07,1.6522822477854788,1.6522829243504489,0.861282086931169,107772.40106358481,0.5212679222414401,107772.40106358472,-8.101470367973714e-14
PINN Baseline,3,500,True,optimal,6.765649700020444e-07,1.7113673496060073,1.7113680261709774,1.1671756291761994,107293.42328192442,0.6820132264523158,107293.42328192494,4.882582102396784e-13
PINN Baseline,3,501,True,optimal,6.765649700020444e-07,1.354758356232196,1.3547590327971661,0.8056107587181032,103431.31842245994,0.5946524357580857,103431.31842245982,-1.1255326104559779e-13
PINN Baseline,3,502,True,optimal,6.765649700020444e-07,1.5199912651441991,1.5199919417091692,0.7531627640128136,101819.34660340639,0.49550444534983035,101819.34660346856,6.105498014804922e-11
PINN Baseline,3,503,True,optimal,6.765649700020444e-07,1.7075126091949642,1.7075132857599342,0.842844950966537,107912.13033728262,0.4936096005785549,107912.13033728176,-7.956130564656445e-13
PINN Baseline,3,504,True,optimal,6.765649700020444e-07,1.7561750719323754,1.7561757484973455,0.8883046028204262,108325.37179096325,0.5058176003059462,108325.37179096336,9.403467065419815e-14
PINN Baseline,3,505,True,optimal,6.765649700020444e-07,1.5607044319622219,1.560705108527192,0.860262646805495,111544.98527225973,0.5512012756960274,111544.98527225945,-2.478698514900696e-13
PINN Baseline,3,506,True,optimal,6.765649700020444e-07,1.7089056251570582,1.7089063017220283,0.7732022469863296,112353.71909676278,0.45245444188905515,112353.71909676267,-1.0361501404922257e-13
PINN Baseline,3,507,True,optimal,6.765649700020444e-07,1.6668142811395228,1.6668149577044928,0.8490262189880013,108097.30678845945,0.5093704103527273,108097.30678845927,-1.6154239909244909e-13
PINN Baseline,3,508,True,optimal,6.765649700020444e-07,1.2835354385897517,1.2835361151547218,0.7783896378241479,106004.36828998904,0.6064415551955998,106004.36828985637,-1.2515504151119952e-10
PINN Baseline,3,509,True,optimal,6.765649700020444e-07,1.825757198035717,1.825757874600687,0.7623853902332485,109468.06429120897,0.4175720126087313,109468.06429120904,6.646648647068235e-14
PINN Baseline,3,510,True,optimal,6.765649700020444e-07,1.4222973259165883,1.4222980024815584,0.8458887282758951,108226.52028537389,0.5947338228697702,108226.52028537379,-9.412055966501783e-14
PINN Baseline,3,511,True,optimal,6.765649700020444e-07,1.3099693963304162,1.3099700728953863,0.7870990801602602,104156.91767147282,0.6008527190400308,104156.91767147285,2.7942292367494715e-14
PINN Baseline,3,512,True,optimal,6.765649700020444e-07,1.4626777358353138,1.4626784124002838,0.8395769740454853,107189.6797658741,0.573999702824439,107189.6797658737,-3.665480781583535e-13
PINN Baseline,3,513,True,optimal,6.765649700020444e-07,1.3942679390311241,1.3942686155960942,0.8144246363081038,109405.98370017376,0.5841231934779737,109405.98370017082,-2.686769751264926e-12
PINN Baseline,3,514,True,optimal,6.765649700020444e-07,1.2605259539559484,1.2605266305209184,0.7948208721354604,103620.39137791484,0.630546672232539,103620.39137791177,-2.9631755606742744e-12
PINN Baseline,3,515,True,optimal,6.765649700020444e-07,1.6673016380518675,1.6673023146168375,0.8222398296929896,110540.15018643468,0.49315581372652767,110540.15018643446,-1.9746556166004704e-13
PINN Baseline,3,516,True,optimal,6.765649700020444e-07,1.3076976318843663,1.3076983084493363,0.7654921398498118,105063.60454266005,0.5853736560671471,105063.6045426615,1.3850576792706736e-12
PINN Baseline,3,517,True,optimal,6.765649700020444e-07,1.4137092912569642,1.4137099678219343,0.8768458473496139,107951.70810380334,0.6202445107609641,107951.70810380319,-1.348002313624731e-13
PINN Baseline,3,518,True,optimal,6.765649700020444e-07,1.4239691286347806,1.4239698051997507,0.8212090753950179,107488.36728535945,0.5767039949838128,107488.36728536038,8.664403396723007e-13
PINN Baseline,3,519,True,optimal,6.765649700020444e-07,1.7174453400075436,1.7174460165725136,0.8785298648290336,110261.51852472243,0.5115327389342375,110261.51852472218,-2.243598330516093e-13
PINN Baseline,3,520,True,optimal,6.765649700020444e-07,1.42271423432976,1.4227149108947301,0.7526054349727929,107331.48111551194,0.5289924419921117,107331.48111551214,1.898108654420614e-13
PINN Baseline,3,521,True,optimal,6.765649700020444e-07,1.5051266686059535,1.5051273451709235,0.7251175460405648,107490.44709958471,0.48176491402341765,107490.44709958472,1.3537868360418303e-14
PINN Baseline,3,522,True,optimal,6.765649700020444e-07,1.587559824809432,1.587560501374402,0.8074297970160842,108699.84046646228,0.5085978117476886,108699.84046646222,-5.35489846753055e-14
PINN Baseline,3,523,True,optimal,6.765649700020444e-07,1.5047231297940016,1.5047238063589716,0.7699974719434977,108256.6188459699,0.5117201367383727,108256.61884596995,4.032616772117647e-14
PINN Baseline,3,524,True,optimal,6.765649700020444e-07,1.667963053099811,1.6679637296647811,0.8291764622554183,106794.03817920828,0.4971190005564821,106794.03817920867,3.679060347044719e-13
PINN Baseline,3,525,True,optimal,6.765649700020444e-07,1.5858017159625888,1.5858023925275588,0.8034917400218546,109443.25806577783,0.5066783502206699,109443.2580657778,-2.65926206612395e-14
PINN Baseline,3,526,True,optimal,6.765649700020444e-07,1.417345954105258,1.417346630670228,0.7512882850132883,113925.33186431999,0.5300667238034937,113925.33186432144,1.2773204159455543e-12
PINN Baseline,3,527,True,optimal,6.765649700020444e-07,2.6841815868392587,2.6841822634042285,0.9068760671652853,112865.61676988886,0.3378593471574225,112865.61676988896,9.025193811348919e-14
PINN Baseline,3,528,True,optimal,6.765649700020444e-07,1.6257867091335356,1.6257873856985057,0.7948202290572226,103236.3639732345,0.4888832549993829,103236.36397320525,-2.8332409708463466e-11
PINN Baseline,3,529,True,optimal,6.765649700020444e-07,1.3115109549835324,1.3115116315485025,0.7263587927445769,107549.73519276289,0.5538332831154267,107549.73519276278,-1.0824324357310783e-13
PINN Baseline,3,530,True,optimal,6.765649700020444e-07,1.33498006593436,1.33498074249933,0.7596041532233357,111277.03256146854,0.5690000829534191,111277.03256146837,-1.5692634744186038e-13
PINN Baseline,3,531,True,optimal,6.765649700020444e-07,1.9708088040351868,1.9708094806001568,0.8289685426279902,111405.34432159908,0.4206233787628981,111405.34432159917,7.837280329941344e-14
PINN Baseline,3,532,True,optimal,6.765649700020444e-07,1.6105122878216207,1.6105129643865908,0.7819097391329706,106872.00448588983,0.4855035360927895,106872.00448583208,-5.404273253713844e-11
PINN Baseline,3,533,True,optimal,6.765649700020444e-07,2.222939965315163,2.222940641880133,0.7878091116435826,112276.29590018101,0.3543995268255406,112276.2959001811,7.776484846616706e-14
PINN Baseline,3,534,True,optimal,6.765649700020444e-07,1.8960536648519337,1.8960543414169038,0.7610769458115101,104824.04077857218,0.401400386680249,104824.04077857209,-8.329338453440832e-14
PINN Baseline,3,535,True,optimal,6.765649700020444e-07,1.8529876698739827,1.8529883464389527,0.7765553430654109,108359.37091982891,0.4190826912418441,108359.370919829,8.057585664169244e-14
PINN Baseline,3,536,True,optimal,6.765649700020444e-07,1.7919361558742821,1.7919368324392522,0.8149312590248883,111098.18085359836,0.4547767779936601,111098.18085360645,7.282625876326322e-12
PINN Baseline,3,537,True,optimal,6.765649700020444e-07,1.8067804910242558,1.8067811675892258,0.8329696063883603,112494.5151460749,0.4610240693950697,112494.51514607178,-2.781168281881374e-12
PINN Baseline,3,538,True,optimal,6.765649700020444e-07,1.6467900169081986,1.6467906934731686,0.7957637431100011,111903.80593990853,0.48322093770866126,111903.80593990866,1.170355520576575e-13
PINN Baseline,3,539,True,optimal,6.765649700020444e-07,1.7291958979330957,1.7291965744980657,0.8249535760842264,109837.87395889914,0.4770733346633455,109837.87395889027,-8.081609711988225e-12
PINN Baseline,3,540,True,optimal,6.765649700020444e-07,1.203607439994812,1.203608116559782,0.7674095658585429,105513.96925896323,0.6375908863526066,105513.96925896288,-3.3099500277887287e-13
PINN Baseline,3,541,True,optimal,6.765649700020444e-07,1.325981189031154,1.325981865596124,0.8203880316577852,110290.34432749341,0.6187023012482618,110290.34432749332,-7.916512719458064e-14
PINN Baseline,3,542,True,optimal,6.765649700020444e-07,1.2991232057102025,1.2991238822751725,0.7356625441461802,106249.35491953969,0.5662758988448467,106249.35491988358,3.236639515949875e-10
PINN Baseline,3,543,True,optimal,6.765649700020444e-07,1.232792598195374,1.232793274760344,0.707712790928781,111527.47888420889,0.5740725597861174,111527.478884209,1.0438263555459783e-13
PINN Baseline,3,544,True,optimal,6.765649700020444e-07,1.61870954092592,1.61871021749089,0.7984016537666321,111630.86371035826,0.49323322058484836,111630.86371036262,3.910723632701744e-12
PINN Baseline,3,545,True,optimal,6.765649700020444e-07,1.3097326359711587,1.3097333125361288,0.7364215138368309,105115.72326234789,0.5622682929327392,105115.72326234773,-1.522808030464956e-13
PINN Baseline,3,546,True,optimal,6.765649700020444e-07,1.2074411800131202,1.2074418565780902,0.7341755367815495,107395.4141808653,0.6080421452857488,107395.41418086535,5.4199391433454986e-14
PINN Baseline,3,547,True,optimal,6.765649700020444e-07,2.024837289005518,2.024837965570488,0.6628500432707369,108551.50988235758,0.3273595490313628,108551.50988235799,3.7535509808739523e-13
PINN Baseline,3,548,True,optimal,6.765649700020444e-07,2.0127011919394135,2.0127018685043834,0.7297688028775156,110978.11816991075,0.3625816690972711,110978.1181699106,-1.4423660281116128e-13
PINN Baseline,3,549,True,optimal,6.765649700020444e-07,1.848105626180768,1.848106302745738,0.6731854430399835,107848.9411747305,0.36425688394646427,107848.9411747304,-9.44500757161212e-14
PINN Baseline,3,550,True,optimal,6.765649700020444e-07,1.9526864727959037,1.9526871493608737,0.6352757760323584,110387.11496704306,0.3253341305801536,110387.1149670431,3.95478636235165e-14
PINN Baseline,3,551,True,optimal,6.765649700020444e-07,1.7381888227537274,1.7381894993186975,0.6275268043391407,105110.88842651535,0.36102323974751127,105110.88842651519,-1.5228780757946266e-13
PINN Baseline,3,552,True,optimal,6.765649700020444e-07,1.7261077519506216,1.7261084285155917,0.675386265385896,108436.89334525401,0.3912768480985349,108436.89334525389,-1.0735766973356398e-13
PINN Baseline,3,553,True,optimal,6.765649700020444e-07,1.7407606057822704,1.7407612823472405,0.5888847699388862,103460.82255609709,0.33829151412698855,103460.822556092,-4.922800925120086e-12
PINN Baseline,3,554,True,optimal,6.765649700020444e-07,1.7564068529754877,1.7564075295404578,0.5895392480306327,106763.23760564446,0.3356506039261164,106763.23760564455,8.178048299050931e-14
PINN Baseline,3,555,True,optimal,6.765649700020444e-07,1.8343747528269887,1.8343754293919587,0.5914993989281356,102681.26382447327,0.3224527484671991,102681.26382446339,-9.622739409354732e-12
PINN Baseline,3,556,True,optimal,6.765649700020444e-07,2.1200404497794807,2.1200411263444505,0.6655172547325492,113571.20734139674,0.3139171436169679,113571.2073413972,3.9720399442732955e-13
PINN Baseline,3,557,True,optimal,6.765649700020444e-07,2.0207173540256917,2.0207180305906616,0.6342298230156302,105360.74171058512,0.3138635937396189,105360.74171058509,-2.762303110648069e-14
PINN Baseline,3,558,True,optimal,6.765649700020444e-07,2.1938442112877965,2.1938448878527663,0.692204135004431,110371.76997461788,0.3155210009773883,110371.76997461777,-1.0547563190633507e-13
PINN Baseline,3,559,True,optimal,6.765649700020444e-07,1.61606435617432,1.61606503273929,0.5818924871273339,106427.39202990272,0.36006749440089336,106427.39202990365,8.750778881754486e-13
PINN Baseline,3,560,True,optimal,6.765649700020444e-07,1.8570969626307487,1.8570976391957188,0.6535741193220019,105714.96553341072,0.35193309469988615,105714.96553341391,3.014586836340731e-12
PINN Baseline,3,561,True,optimal,6.765649700020444e-07,1.6969779678620398,1.6969786444270099,0.5924591650255024,104604.49646103682,0.34912588144298545,104604.49646102749,-8.917186141092482e-12
PINN Baseline,3,562,True,optimal,6.765649700020444e-07,1.7741434061899781,1.7741440827549482,0.6130209667608142,109260.35659053797,0.3455305421467773,109260.35659053813,1.4650425141107186e-13
PINN Baseline,3,563,True,optimal,6.765649700020444e-07,1.861433255020529,1.861433931585499,0.66397177381441,104823.34717371542,0.35669908157785857,104823.34717371549,6.941161306484097e-14
PINN Baseline,3,564,True,optimal,6.765649700020444e-07,1.7275245352648199,1.72752521182979,0.614466096740216,104467.62847031221,0.3556915363853794,104467.6284703124,1.810847060843629e-13
PINN Baseline,3,565,True,optimal,6.765649700020444e-07,1.7365393517538905,1.7365400283188606,0.6160901659168303,105917.01094988038,0.3547802848594659,105917.01094988064,2.4730161072478714e-13
PINN Baseline,3,566,True,optimal,6.765649700020444e-07,1.9363879840821028,1.9363886606470728,0.6609676377847791,111618.68288858802,0.3413403782089423,111618.68288860042,1.110766715187262e-11
PINN Baseline,3,567,True,optimal,6.765649700020444e-07,1.8295527771115303,1.8295534536765004,0.6703116330318153,106485.51994392482,0.36637991182210033,106485.51994392482,0.0
PINN Baseline,3,568,True,optimal,6.765649700020444e-07,1.7954637580551207,1.7954644346200908,0.631336625199765,106099.60185512634,0.3516285886962456,106099.6018551263,-4.114600330424451e-14
PINN Baseline,3,569,True,optimal,6.765649700020444e-07,1.8367232489399612,1.8367239255049312,0.629199496936053,111817.05963434788,0.3425661789444381,111817.05963434804,1.4315442387367594e-13
PINN Baseline,3,570,True,optimal,6.765649700020444e-07,1.934156645089388,1.934157321654358,0.7117026066407561,108273.3584457254,0.3679652108299081,108273.35844572552,1.0751982158685026e-13
PINN Baseline,3,571,True,optimal,6.765649700020444e-07,1.6097985990345478,1.6097992755995179,0.6013961140997708,105318.95029386495,0.37358453517492124,105318.95029386453,-4.006928861758902e-13
PINN Baseline,3,572,True,optimal,6.765649700020444e-07,1.790512393694371,1.790513070259341,0.722949834074825,109608.69647047385,0.40376685659720524,109608.69647047497,1.022270594091122e-12
PINN Baseline,3,573,True,optimal,6.765649700020444e-07,1.9496878101490438,1.9496884867140138,0.7807516129687428,114529.48306176206,0.40044941450344923,114529.48306008716,-1.462414999333709e-09
PINN Baseline,3,574,True,optimal,6.765649700020444e-07,1.7603955217637122,1.7603961983286822,0.6381875490769744,105849.20984989374,0.3625249530093673,105849.20984989348,-2.474600183431282e-13
PINN Baseline,3,575,True,optimal,6.765649700020444e-07,1.7931208503432572,1.7931215269082272,0.6075170319527388,110722.53202526801,0.3388041595821139,110722.53202526837,3.2856716158383094e-13
PINN Baseline,3,576,True,optimal,6.765649700020444e-07,1.605508891865611,1.6055095684305811,0.6678359108045697,107965.62164921248,0.41596507671853566,107965.6216492125,1.3478285963699627e-14
PINN Baseline,3,577,True,optimal,6.765649700020444e-07,1.937518403865397,1.937519080430367,0.6921426560729742,106012.02968212494,0.3572314012614697,106012.02968212502,8.235998464702824e-14
PINN Baseline,3,578,True,optimal,6.765649700020444e-07,1.707575848326087,1.707576524891057,0.6673076148144901,109786.41360557241,0.39079221638811423,109786.41360557235,-5.301900208033845e-14
PINN Baseline,3,579,True,optimal,6.765649700020444e-07,1.6387927932664752,1.6387934698314452,0.6310216458514333,107228.6752054175,0.3850525752438687,107228.67520541757,6.785458833884598e-14
PINN Baseline,3,580,True,optimal,6.765649700020444e-07,1.605359171051532,1.605359847616502,0.6330560771748424,105014.59891441646,0.3943390499735923,105014.59891441655,8.314224143383834e-14
PINN Baseline,3,581,True,optimal,6.765649700020444e-07,1.8722973270341754,1.8722980035991454,0.5878313598223031,110795.13799729715,0.3139624988609219,110795.13799729719,3.940222150015783e-14
PINN Baseline,3,582,True,optimal,6.765649700020444e-07,1.94932996109128,1.94933063765625,0.6035601780749857,106912.37920793764,0.30962432253189626,106912.37920793776,1.088885334789104e-13
PINN Baseline,3,583,True,optimal,6.765649700020444e-07,1.5080305552110076,1.5080312317759776,0.5746475388295949,105486.42683747859,0.3810581151909196,105486.42684331445,5.5323292317311845e-09
PINN Baseline,3,584,True,optimal,6.765649700020444e-07,1.563411925919354,1.563412602484324,0.6920872465707362,109566.50950937948,0.4426772852355049,109566.50950926029,-1.0878756489486341e-10
PINN Baseline,3,585,True,optimal,6.765649700020444e-07,1.535942134913057,1.5359428114780271,0.6758731240406632,108054.66597689284,0.44003794867223944,108054.66597689278,-5.386871579050084e-14
PINN Baseline,3,586,True,optimal,6.765649700020444e-07,1.5454364130273461,1.5454370895923162,0.6178826843388379,104134.8979753388,0.3998109586601382,104134.8979753391,2.934561090827339e-13
PINN Baseline,3,587,True,optimal,6.765649700020444e-07,1.6977669140323997,1.6977675905973697,0.6854853117838502,106818.1020337935,0.40375686023235846,106818.10203379396,4.223154722751554e-13
PINN Baseline,3,588,True,optimal,6.765649700020444e-07,1.55680176243186,1.55680243899683,0.6267670388333499,106132.79959315465,0.4025989574099236,106132.79959315478,1.2339939920302336e-13
PINN Baseline,3,589,True,optimal,6.765649700020444e-07,2.070672231260687,2.070672907825657,0.7433349452912807,112830.50330643599,0.35898231076574594,112830.50330643538,-5.416801500313305e-13
PINN Baseline,3,590,True,optimal,6.765649700020444e-07,1.7599333035759628,1.7599339801409328,0.6584229809232056,104752.0073952169,0.37411800008002577,104752.00739503103,-1.7743966710886814e-10
PINN Baseline,3,591,True,optimal,6.765649700020444e-07,1.6776105668395758,1.6776112434045458,0.6368356556631625,106186.50917915448,0.3796086001252397,106186.50917915453,4.1112327754786606e-14
PINN Baseline,3,592,True,optimal,6.765649700020444e-07,1.8350099162198603,1.8350105927848304,0.6340308277867734,108200.05408775316,0.3455188925228829,108200.05408775301,-1.3449083136839153e-13
PINN Baseline,3,593,True,optimal,6.765649700020444e-07,1.8034063028171659,1.803406979382136,0.6340704588219523,114393.5710176232,0.3515958771764268,114393.57101762283,-3.1802301254598084e-13
PINN Baseline,3,594,True,optimal,6.765649700020444e-07,1.6938392659649253,1.6938399425298953,0.6166805787943304,106025.51710522352,0.3640725214409958,106025.5171052234,-1.097993435970702e-13
PINN Baseline,3,595,True,optimal,6.765649700020444e-07,1.8058168911375105,1.8058175677024806,0.6566657926887274,106632.66320048831,0.3636390543725827,106632.6632011899,6.579517643539809e-10
PINN Baseline,3,596,True,optimal,6.765649700020444e-07,2.23393069813028,2.2339313746952496,0.6726766866631806,108783.4167479045,0.3011178831556302,108783.41674790441,-8.026176597535764e-14
PINN Baseline,3,597,True,optimal,6.765649700020444e-07,2.0191453783772886,2.0191460549422584,0.643241245765239,113569.00346289156,0.31857093457443514,113569.00346289141,-1.2813280723310793e-13
PINN Baseline,3,598,True,optimal,6.765649700020444e-07,1.6981138158589602,1.6981144924239302,0.6686458648182452,104563.58308787638,0.3937578224562489,104563.58308787632,-5.5667240156211034e-14
PINN Baseline,3,599,True,optimal,6.765649700020444e-07,1.7554925847798586,1.7554932613448286,0.6396524291485548,107551.67897961353,0.36437190801777103,107551.6789796137,1.623619309313638e-13
PINN Baseline,3,600,True,optimal,6.765649700020444e-07,1.9327546320855618,1.9327553086505318,0.69463663501665,112885.3086020433,0.35940226468794534,112885.30860204206,-1.09572521856825e-12
PINN Baseline,3,601,True,optimal,6.765649700020444e-07,1.7101351171731949,1.710135793738165,0.6244948050007224,106870.04883890205,0.3651726414284604,106870.04883890189,-1.4978103711108952e-13
PINN Baseline,3,602,True,optimal,6.765649700020444e-07,1.6776076452806592,1.6776083218456292,0.6283842818811536,111905.32291269554,0.37457150974897013,111905.32291269561,6.501886974455954e-14
PINN Baseline,3,603,True,optimal,6.765649700020444e-07,1.5281235673464835,1.5281242439114535,0.6094349729828537,106307.86929189875,0.39881244958388806,106307.86929189855,-1.9163850668264785e-13
PINN Baseline,3,604,True,optimal,6.765649700020444e-07,1.6279633329249918,1.627964009489962,0.641299138776958,116799.23664889485,0.3939270985344914,116799.23664889476,-7.475347774118115e-14
PINN Baseline,3,605,True,optimal,6.765649700020444e-07,1.6734838960692286,1.6734845726341987,0.6715500159189105,106094.49774598538,0.40128844143560705,106094.49774598553,1.3715994266929356e-13
PINN Baseline,3,606,True,optimal,6.765649700020444e-07,1.4498843126930296,1.4498849892579997,0.6377619751729071,104452.5622778716,0.4398707345051495,104452.56227787181,1.9504242763826932e-13
PINN Baseline,3,607,True,optimal,6.765649700020444e-07,1.5324861253611743,1.5324868019261444,0.6821915479376912,108631.58616592688,0.44515329403180615,108631.58616592648,-3.7507841022583977e-13
PINN Baseline,3,608,True,optimal,6.765649700020444e-07,1.2971956888213754,1.2971963653863454,0.6205839291214943,107310.7264998673,0.4784039993333354,107310.72649986728,-2.7121082305569604e-14
PINN Baseline,3,609,True,optimal,6.765649700020444e-07,1.2921129958704114,1.2921136724353814,0.6755945230834186,109879.15196546726,0.5228599754772776,109879.15196546711,-1.32435634677452e-13
PINN Baseline,3,610,True,optimal,6.765649700020444e-07,1.5550740603357553,1.5550747369007254,0.5853264420293272,107772.03869198175,0.3763976278052634,107772.03869198171,-4.050748804137501e-14
PINN Baseline,3,611,True,optimal,6.765649700020444e-07,1.3428998650051653,1.3429005415701354,0.6412567757070065,110507.8554844232,0.4775162090241183,110507.85548442317,-2.6336435839021487e-14
PINN Baseline,3,612,True,optimal,6.765649700020444e-07,1.1975125591270626,1.1975132356920326,0.6423585489392281,110489.4289469126,0.5364103959719615,110489.42894691278,1.7121538211557132e-13
PINN Baseline,3,613,True,optimal,6.765649700020444e-07,1.3272585067898035,1.3272591833547736,0.6063243132084608,103066.79991565834,0.4568243496164167,103066.79991606824,3.9770163475344695e-10
PINN Baseline,3,614,True,optimal,6.765649700020444e-07,1.8216817597858608,1.8216824363508308,0.6675516269169748,108999.34848185981,0.3664478580878262,108999.34848185947,-3.070605970714944e-13
PINN Baseline,3,615,True,optimal,6.765649700020444e-07,2.0768953231163323,2.076895999681302,0.6370490398257971,110016.67914982128,0.3067313143862532,110016.67914983284,1.0502244551109093e-11
PINN Baseline,3,616,True,optimal,6.765649700020444e-07,1.8750817491672933,1.8750824257322634,0.6075897770933807,111000.89508490225,0.32403363647126215,111000.89508490218,-6.554863912239806e-14
PINN Baseline,3,617,True,optimal,6.765649700020444e-07,2.4556340910494328,2.4556347676144026,0.6076925112865865,110689.38505353508,0.2474686053891259,110689.38505353541,3.023723097662548e-13
PINN Baseline,3,618,True,optimal,6.765649700020444e-07,2.066232922952622,2.066233599517592,0.6237996462732553,112724.20371435733,0.3019018016253802,112724.20371435718,-1.290930851482557e-13
PINN Baseline,3,619,True,optimal,6.765649700020444e-07,1.8907273579388857,1.8907280345038557,0.7217487129382789,108737.38536696315,0.38173058195948967,108737.385366962,-1.057227281271613e-12
PINN Baseline,3,620,True,optimal,6.765649700020444e-07,1.8724863100796938,1.8724869866446638,0.6473674438893795,106010.03754355416,0.345726004242842,106010.03754355427,9.608845441330726e-14
PINN Baseline,3,621,True,optimal,6.765649700020444e-07,1.7028755662031472,1.7028762427681172,0.6160184908658266,104784.44691169928,0.3617517676237325,104784.44691168287,-1.566507326362106e-11
PINN Baseline,3,622,True,optimal,6.765649700020444e-07,1.853038468863815,1.8530391454287851,0.6329968748614192,110642.74844166175,0.3415992999516189,110642.74844166177,1.3152163547382949e-14
PINN Baseline,3,623,True,optimal,6.765649700020444e-07,1.883628447074443,1.8836291236394131,0.6564431651495397,104472.68833980219,0.3484991588371745,104472.68833980207,-1.1143134504999878e-13
PINN Baseline,3,624,True,optimal,6.765649700020444e-07,2.0082812421023846,2.0082819186673544,0.6608373620547354,108010.31650864542,0.3290560732097068,108010.3165086454,-2.6945417250401408e-14
PINN Baseline,3,625,True,optimal,6.765649700020444e-07,1.9441242408938706,1.9441249174588406,0.6710179229266942,109897.10600078265,0.34515164992781405,109897.1060007836,8.739323900534492e-13
PINN Baseline,3,626,True,optimal,6.765649700020444e-07,1.9948144466616213,1.9948151232265914,0.5798147851601243,105115.49752143418,0.29066091308866776,105115.49752152924,9.042730378773113e-11
PINN Baseline,3,627,True,optimal,6.765649700020444e-07,1.777761944103986,1.777762620668956,0.5925088520161808,107008.63199669404,0.33328907083962933,107008.63199669418,1.359882371808699e-13
PINN Baseline,3,628,True,optimal,6.765649700020444e-07,2.1624398129060864,2.1624404894710563,0.7177073010243475,112963.25054912192,0.3318969028368047,112963.2505491227,6.956274881538615e-13
PINN Baseline,3,629,True,optimal,6.765649700020444e-07,1.8611491569317877,1.8611498334967578,0.6301517798565328,109273.28859155695,0.3385819714861934,109273.28859155685,-9.321894482311617e-14
PINN Baseline,3,630,True,optimal,6.765649700020444e-07,1.7083088201470673,1.7083094967120374,0.669620328117162,110379.04409188525,0.39197834432576306,110379.04409188515,-9.228509581381368e-14
PINN Baseline,3,631,True,optimal,6.765649700020444e-07,1.8569919001311064,1.8569925766960764,0.6824472150765359,109267.21064552446,0.3675013156437772,109267.21064552505,5.327093148035034e-13
PINN Baseline,3,632,True,optimal,6.765649700020444e-07,1.7297765361145139,1.729777212679484,0.615410118829459,106946.37064358934,0.35577420856190356,106946.37064358953,1.7688762772438108e-13
PINN Baseline,3,633,True,optimal,6.765649700020444e-07,1.6752925589680672,1.6752932355330372,0.6384298210032284,106299.00179689658,0.38108541684649955,106299.00179689654,-4.1068819976797834e-14
PINN Baseline,3,634,True,optimal,6.765649700020444e-07,1.8105920259840786,1.8105927025490487,0.6620621890760958,106007.36296660957,0.36566047579006006,106007.36296660955,-1.3727268390734751e-14
PINN Baseline,3,635,True,optimal,6.765649700020444e-07,1.64120541093871,1.64120608750368,0.6544184498488903,106738.78377124503,0.39874239733309724,106738.78377124494,-8.179921888310148e-14
PINN Baseline,3,636,True,optimal,6.765649700020444e-07,1.787559235934168,1.7875599124991381,0.6471891426481307,105798.64130602928,0.3620517209648729,105798.64130602921,-6.877174909210087e-14
PINN Baseline,3,637,True,optimal,6.765649700020444e-07,1.5556244091130793,1.5556250856780494,0.6200642217881978,102291.4594010008,0.3985948976375183,102291.45940100073,-7.112966866236966e-14
PINN Baseline,3,638,True,optimal,6.765649700020444e-07,1.623227380681783,1.623228057246753,0.5644595450721681,104577.79511895179,0.34773890369390187,104577.7951200472,1.0474594243305392e-09
PINN Baseline,3,639,True,optimal,6.765649700020444e-07,1.7251492138020694,1.7251498903670395,0.6234072991646826,106190.4256295311,0.3613641357459367,106190.4256295312,8.222162295008276e-14
PINN Baseline,3,640,True,optimal,6.765649700020444e-07,1.8166394270956516,1.8166401036606217,0.6118985181674361,104196.64308052527,0.3368297974565406,104196.64308052567,3.7707712988628876e-13
PINN Baseline,3,641,True,optimal,6.765649700020444e-07,1.5691562071442604,1.5691568837092305,0.6322127738967538,108154.10974897348,0.4028996593395468,108154.10974897358,9.418357456317999e-14
PINN Baseline,3,642,True,optimal,6.765649700020444e-07,1.7754463981837034,1.7754470747486735,0.6080183889716864,109232.48936973893,0.34245931496310894,109232.48936973856,-3.4637111917944967e-13
PINN Baseline,3,643,True,optimal,6.765649700020444e-07,1.515344075858593,1.515344752423563,0.5698251440189779,105818.4640342285,0.3760366366185842,105818.46403422885,3.3004255794889997e-13
PINN Baseline,3,644,True,optimal,6.765649700020444e-07,1.718264710623771,1.718265387188741,0.606200210750103,107249.61202104604,0.35279777807892,107249.61202104606,2.7136536821245132e-14
PINN Baseline,3,645,True,optimal,6.765649700020444e-07,1.5670897513628006,1.5670904279277706,0.5486443000845611,107675.55932825601,0.3501037912726303,107675.55932825585,-1.4866053959752203e-13
PINN Baseline,3,646,True,optimal,6.765649700020444e-07,1.7208170052617788,1.7208176818267489,0.5920291068032384,112200.97226042539,0.34403941396904103,112200.97226042555,1.4266459932316855e-13
PINN Baseline,3,647,True,optimal,6.765649700020444e-07,1.4256532220169902,1.4256538985819602,0.570364257786423,108476.72745579087,0.40007203596450797,108476.72745579125,3.4878430130714687e-13
PINN Baseline,3,648,True,optimal,6.765649700020444e-07,1.6984525644220412,1.6984532409870112,0.5461925882846117,104465.84647036159,0.32158235216838016,104465.84647036137,-2.0894745584379243e-13
PINN Baseline,3,649,True,optimal,6.765649700020444e-07,1.638614903204143,1.638615579769113,0.560293666087091,108942.154103925,0.34193112344631704,108942.15410392456,-4.0072409109384144e-13
PINN Baseline,3,650,True,optimal,6.765649700020444e-07,1.615125308278948,1.6151259848439181,0.5473314081318676,107675.55916660369,0.3388784610413908,107675.5591666036,-8.108756717492986e-14
PINN Baseline,3,651,True,optimal,6.765649700020444e-07,1.7450890056788921,1.7450896822438622,0.5446534189395607,109851.24151025219,0.31210626277913533,109851.241510252,-1.7221006824134415e-13
PINN Baseline,3,652,True,optimal,6.765649700020444e-07,1.3696483401581645,1.3696490167231345,0.5432154987938702,109874.34393310196,0.39660927154425696,109874.34393310217,1.8541800196884628e-13
PINN Baseline,3,653,True,optimal,6.765649700020444e-07,1.491714898031205,1.491715574596175,0.55212113680318,109624.11811836113,0.37012493950305886,109624.11811836116,2.6548747626238876e-14
PINN Baseline,3,654,True,optimal,6.765649700020444e-07,1.4994563600048423,1.4994570365698123,0.5704068578779697,104887.93071610715,0.3804089373463102,104887.9307161053,-1.7619693909346876e-12
PINN Baseline,3,655,True,optimal,6.765649700020444e-07,1.5830369829200208,1.5830376594849909,0.5929875429719687,107748.33402665185,0.3745883993466618,107748.334026652,1.3505466566905242e-13
PINN Baseline,3,656,True,optimal,6.765649700020444e-07,1.6818341896869242,1.6818348662518943,0.6085863602347672,106756.50834307534,0.3618585703310167,106756.50834307527,-6.815469826721223e-14
PINN Baseline,3,657,True,optimal,6.765649700020444e-07,1.7523174500092864,1.7523181265742565,0.6427399329841137,110330.6950747936,0.36679409020361853,110330.69507479333,-2.5059788588437607e-13
PINN Baseline,3,658,True,optimal,6.765649700020444e-07,1.7960553937591612,1.7960560703241313,0.5703041828237474,112390.25061266827,0.31753139127823865,112390.2506126686,2.977963376964941e-13
PINN Baseline,3,659,True,optimal,6.765649700020444e-07,1.5257889507338405,1.5257896272988105,0.5375979160889983,110614.8876016174,0.352340785695822,110614.88760161745,3.946642864415135e-14
PINN Baseline,3,660,True,optimal,6.765649700020444e-07,1.4319896907545626,1.4319903673195327,0.571567618753761,102969.03390939908,0.3991420834929556,102969.03390939937,2.826464360376706e-13
PINN Baseline,3,661,True,optimal,6.765649700020444e-07,1.591920625884086,1.591921302449056,0.6165155037306249,108008.52489264323,0.3872776265900584,108008.52489264347,2.290398458159912e-13
PINN Baseline,3,662,True,optimal,6.765649700020444e-07,1.6543944347649813,1.6543951113299513,0.585881635081023,107087.47009364587,0.3541364641787648,107087.47009364581,-5.435524890313121e-14
PINN Baseline,3,663,True,optimal,6.765649700020444e-07,1.477415671106428,1.477416347671398,0.5851068780757487,108113.70259754342,0.396033845840378,108113.70259754313,-2.6919650106771024e-13
PINN Baseline,3,664,True,optimal,6.765649700020444e-07,1.674249631818384,1.674250308383354,0.5333697646856308,109003.81712436302,0.31857229591950886,109003.81712436303,1.3349913436301498e-14
PINN Baseline,3,665,True,optimal,6.765649700020444e-07,1.4319366817362607,1.4319373583012307,0.5715937772765756,108224.76536840059,0.399175127293754,108224.76536839895,-1.5193993862753852e-12
PINN Baseline,3,666,True,optimal,6.765649700020444e-07,1.3935374491848052,1.3935381257497752,0.5642876178026199,106048.43423147606,0.40493159632716347,106048.43423147607,1.3721951987149398e-14
PINN Baseline,3,667,True,optimal,6.765649700020444e-07,1.6810431140474975,1.6810437906124676,0.6508921468630433,109794.67877526334,0.38719523578020465,109794.67877525956,-3.445975708093971e-12
PINN Baseline,3,668,True,optimal,6.765649700020444e-07,1.561449782922864,1.561450459487834,0.5969310142099857,113009.82258022172,0.3822926373250311,113009.82258030989,7.801981487590242e-11
PINN Baseline,3,669,True,optimal,6.765649700020444e-07,1.6346866367384791,1.6346873133034492,0.609782924875617,107314.08947029196,0.37302725720880553,107314.08947029183,-1.220410457767129e-13
PINN Baseline,3,670,True,optimal,6.765649700020444e-07,1.543274703901261,1.5432753804662311,0.6231790389865637,106974.02991028057,0.4038028772274577,106974.02991028079,2.0404833641265435e-13
PINN Baseline,3,671,True,optimal,6.765649700020444e-07,1.3469303669407964,1.3469310435057664,0.5909823756664991,105480.33254983608,0.43876216122267214,105480.33255338899,3.3683135280105844e-09
PINN Baseline,3,672,True,optimal,6.765649700020444e-07,1.624065457843244,1.6240661344082141,0.550731451716274,110105.6057440179,0.33910654255280837,110105.60574401793,2.643265096274622e-14
PINN Baseline,3,673,True,optimal,6.765649700020444e-07,1.603508918080479,1.603509594645449,0.6074022715911269,107701.3668879492,0.37879553301047086,107701.36688794948,2.567157663157815e-13
PINN Baseline,3,674,True,optimal,6.765649700020444e-07,1.4846531576476991,1.4846538342126692,0.6120905829593539,105201.63109457615,0.41227831623386696,105201.63109457609,-5.532961828428191e-14
PINN Baseline,3,675,True,optimal,6.765649700020444e-07,1.3266752031631768,1.3266758797281468,0.5262382281944156,106372.86713992494,0.39665922644365,106372.86713992456,-3.556826154171904e-13
PINN Baseline,3,676,True,optimal,6.765649700020444e-07,1.421027870848775,1.421028547413745,0.5446291691623628,104374.47141406681,0.3832640590884549,104374.47141501358,9.070960511330596e-10
PINN Baseline,3,677,True,optimal,6.765649700020444e-07,1.476294046267867,1.4762947228328371,0.580639336258173,114889.88897475348,0.39330854962618433,114889.88897475324,-2.153214361070517e-13
PINN Baseline,3,678,True,optimal,6.765649700020444e-07,1.394472192041576,1.394472868606546,0.5726442858576775,103999.34734388914,0.41065287016297664,103999.3473441211,2.2303748500763754e-10
PINN Baseline,3,679,True,optimal,6.765649700020444e-07,2.0935328509658575,2.0935335275308273,0.564780883025378,112557.6159881908,0.2697739852733558,112557.61598819257,1.5772665778982194e-12
PINN Baseline,3,680,True,optimal,6.765649700020444e-07,1.8729398204013705,1.8729404969663406,0.5586160230450332,107340.57322256312,0.2982561506624694,107340.57322175296,-7.547596440949495e-10
PINN Baseline,3,681,True,optimal,6.765649700020444e-07,2.8821669719181955,2.8821676484831653,0.6065293061546981,112135.35744188927,0.21044206310271504,112135.35744188933,5.190839200172145e-14
PINN Baseline,3,682,True,optimal,6.765649700020444e-07,1.7776966108940542,1.7776972874590242,0.5331569807603955,104945.90980778333,0.29991438054252234,104945.90980778368,3.327866384887947e-13
PINN Baseline,3,683,True,optimal,6.765649700020444e-07,1.8981964131817222,1.8981970897466922,0.5847499347291887,106159.22747701482,0.30805543738728497,106159.22747702875,1.3118202915109117e-11
PINN Baseline,3,684,True,optimal,6.765649700020444e-07,1.6966140046715736,1.6966146812365437,0.5319273280911148,105873.89471405886,0.3135227662320063,105873.89471405881,-4.1233720364217e-14
PINN Baseline,3,685,True,optimal,6.765649700020444e-07,1.767766886856407,1.767767563421377,0.5745204137638211,109687.73036670848,0.3249977121720015,109687.73036670835,-1.1940007931374954e-13
PINN Baseline,3,686,True,optimal,6.765649700020444e-07,1.8199216998182237,1.8199223763831938,0.6222590790130198,114268.8591398387,0.3419151756624152,114268.859139837,-1.489972066348684e-12
PINN Baseline,3,687,True,optimal,6.765649700020444e-07,1.8731610141694546,1.8731616907344246,0.5918784500099719,105553.79368279983,0.3159783017865957,105553.79368279963,-1.930075709162631e-13
PINN Baseline,3,688,True,optimal,6.765649700020444e-07,2.0084725646302104,2.0084732411951802,0.5939566004090011,111027.47948865358,0.295725423782871,111027.47948865358,0.0
PINN Baseline,3,689,True,optimal,6.765649700020444e-07,1.9596478212624788,1.9596484978274489,0.5423469641245902,102669.73638922298,0.2767572678089257,102669.73638922317,1.8425575502756073e-13
PINN Baseline,3,690,True,optimal,6.765649700020444e-07,1.8685649619437754,1.8685656385087455,0.5578931216150522,105955.50458619771,0.2985675804572177,105955.5045861978,8.240392201536903e-14
PINN Baseline,3,691,True,optimal,6.765649700020444e-07,2.2518087732605636,2.2518094498255334,0.6318227760493755,113456.40855770189,0.28058447667422665,113456.40855770203,1.282599670953449e-13
PINN Baseline,3,692,True,optimal,6.765649700020444e-07,1.9909869460389018,1.9909876226038719,0.6095252018421888,111104.45922318753,0.30614213515051086,111104.45922318724,-2.619501562783335e-13
PINN Baseline,3,693,True,optimal,6.765649700020444e-07,2.0632023522630334,2.063203028828003,0.6412790711037815,116649.6380838218,0.310817240060014,116649.63808382174,-4.9899564087494807e-14
PINN Baseline,3,694,True,optimal,6.765649700020444e-07,1.9820572747848928,1.9820579513498628,0.5648811287246644,107185.83024566187,0.28499728191093365,107185.83024566218,2.8510318863539525e-13
PINN Baseline,3,695,True,optimal,6.765649700020444e-07,1.528094032779336,1.528094709344306,0.5507427370175719,105636.89523965037,0.3604113891958251,105636.89523964566,-4.4632327779936225e-12
PINN Baseline,3,696,True,optimal,6.765649700020444e-07,1.560130609665066,1.560131286230036,0.5947175868786871,106797.20293453822,0.38119714163016793,106797.20293453826,4.087723693649498e-14
PINN Baseline,3,697,True,optimal,6.765649700020444e-07,1.622322790324688,1.622323466889658,0.5440596407279372,106830.17274932661,0.33535830050650517,106830.17274932667,5.448616192922361e-14
PINN Baseline,3,698,True,optimal,6.765649700020444e-07,1.8304748092778027,1.8304754858427728,0.6249640616588295,105114.14674157582,0.3414217051757394,105114.1467415757,-1.1075133598633783e-13
PINN Baseline,3,699,True,optimal,6.765649700020444e-07,1.6382145467214286,1.6382152232863987,0.5998991630040109,108193.19269132106,0.3661906900123674,108193.19269132141,3.227984652206496e-13
PINN Baseline,3,700,True,optimal,6.765649700020444e-07,1.580638569779694,1.5806392463446641,0.6109692840836942,106131.66741450962,0.38653303433822883,106131.66741450969,6.855595310461225e-14
PINN Baseline,3,701,True,optimal,6.765649700020444e-07,1.7367327637039125,1.7367334402688825,0.6119910278357565,110648.0834513869,0.3523805171512144,110648.08345138651,-3.550912938664011e-13
PINN Baseline,3,702,True,optimal,6.765649700020444e-07,1.7431413996964693,1.7431420762614394,0.6111935931257904,107997.67447713717,0.3506275256900646,107997.67447713688,-2.6948571436966365e-13
PINN Baseline,3,703,True,optimal,6.765649700020444e-07,1.8526441352441907,1.8526448118091607,0.5695940260775387,107111.50063935579,0.30744912486560977,107111.50063935579,0.0
PINN Baseline,3,704,True,optimal,6.765649700020444e-07,1.63558510504663,1.6355857816116,0.5451274081133306,102875.21851694377,0.33329184824301755,102875.21851694369,-8.487125726573374e-14
PINN Baseline,3,705,True,optimal,6.765649700020444e-07,1.9745744979009032,1.9745751744658733,0.61451730504632,107850.64458931363,0.3112149453679565,107850.64458940462,8.436957077954634e-11
PINN Baseline,3,706,True,optimal,6.765649700020444e-07,1.8555259928107262,1.8555266693756962,0.5904321079142392,102088.56978555156,0.3182018979618837,102088.56978554818,-3.306975834878349e-12
PINN Baseline,3,707,True,optimal,6.765649700020444e-07,1.8470184616744518,1.8470191382394219,0.574931075796485,110529.87482721006,0.31127510478560017,110529.87482720996,-9.215916217928386e-14
PINN Baseline,3,708,True,optimal,6.765649700020444e-07,1.5126915010623634,1.5126921776273334,0.5432367362082005,105170.25409371185,0.3591191547379259,105170.25409371186,1.3836531397366772e-14
PINN Baseline,3,709,True,optimal,6.765649700020444e-07,1.5685619660653174,1.5685626426302874,0.5745729231275618,106010.84697064036,0.3663053725186731,106010.84697064033,-2.7453634499113088e-14
PINN Baseline,3,710,True,optimal,6.765649700020444e-07,1.8990927198901772,1.8990933964551473,0.5409048032015562,110668.87067931367,0.28482264443192234,110668.87067931386,1.7093776850487898e-13
PINN Baseline,3,711,True,optimal,6.765649700020444e-07,1.608674384187907,1.608675060752877,0.5847841808572412,107959.18809541981,0.3635191438745597,107959.18809541996,1.3479089167941065e-13
PINN Baseline,3,712,True,optimal,6.765649700020444e-07,1.5372064057737589,1.537207082338729,0.5555345751345158,109839.19173449412,0.36139215172578926,109839.19173449428,1.4573219720968352e-13
PINN Baseline,3,713,True,optimal,6.765649700020444e-07,1.7110315621830523,1.7110322387480223,0.6143914591521025,112173.84727361014,0.35907649501780176,112173.84727360857,-1.4010456829836788e-12
PINN Baseline,3,714,True,optimal,6.765649700020444e-07,1.6752465199679136,1.6752471965328837,0.6068633659742773,109053.20517047598,0.362253025840157,109053.20517047615,1.6012641028516784e-13
PINN Baseline,3,715,True,optimal,6.765649700020444e-07,1.835440712980926,1.835441389545896,0.6222368231974542,108036.51761032357,0.3390120909016882,108036.51761032351,-5.3877764853006794e-14
PINN Baseline,3,716,True,optimal,6.765649700020444e-07,1.7194890342652798,1.7194897108302498,0.5682614757679403,109904.54321755773,0.3304826264377919,109904.54321755741,-2.912910837455959e-13
PINN Baseline,3,717,True,optimal,6.765649700020444e-07,2.145937815774232,2.145938492339202,0.5382348308339715,113400.81153108653,0.250815590826773,113400.81153108671,1.6681970385803689e-13
PINN Baseline,3,718,True,optimal,6.765649700020444e-07,1.9821426551789045,1.9821433317438746,0.6405375362373888,114907.25009658848,0.3231539949605202,114907.25009658809,-3.4192943511888116e-13
PINN Baseline,3,719,True,optimal,6.765649700020444e-07,1.7597056687809527,1.7597063453459227,0.5809954311698675,111110.15952089328,0.33016612840346127,111110.15952089294,-3.1432406090203826e-13
PINN Baseline,3,720,True,optimal,6.765649700020444e-07,1.5857562571763992,1.5857569337413693,0.6110910782590508,105763.14028839933,0.3853623876751829,105763.14028858015,1.7096891992296493e-10
PINN Baseline,3,721,True,optimal,6.765649700020444e-07,1.5134682818315923,1.5134689583965624,0.6089402339421213,106655.53976628745,0.40234735609461075,106655.53976628739,-5.4575375119770535e-14
PINN Baseline,3,722,True,optimal,6.765649700020444e-07,2.1634441362693906,2.1634448128343604,0.6233550109900534,115046.6150394485,0.288130765939616,115046.61503944805,-3.9211007809720506e-13
PINN Baseline,3,723,True,optimal,6.765649700020444e-07,1.8260165671817958,1.8260172437467659,0.5737240333110094,110400.71352375128,0.31419420340949095,110400.71352375153,2.2407695655790786e-13
PINN Baseline,3,725,True,optimal,6.765649700020444e-07,1.5412096637301147,1.5412103402950847,0.576703964266926,107634.52801408443,0.3741890053479064,107634.5280140841,-2.97434420841404e-13
PINN Baseline,3,726,True,optimal,6.765649700020444e-07,1.6009328458458185,1.6009335224107886,0.5812352136708796,108385.53761204607,0.36306018053492833,108385.53761204593,-1.3426067304711638e-13
PINN Baseline,3,727,True,optimal,6.765649700020444e-07,1.4398381761275232,1.4398388526924932,0.5290276068262756,103374.41900250982,0.3674213998580438,103374.41900250988,5.630760634509993e-14
PINN Baseline,3,728,True,optimal,6.765649700020444e-07,1.6511836308054626,1.6511843073704326,0.6277297441847622,107785.21173724133,0.3801693980391827,107785.21173721307,-2.621864253732709e-11
PINN Baseline,3,729,True,optimal,6.765649700020444e-07,1.6220709369517863,1.6220716135167563,0.5944398380815983,110474.09807406484,0.36646954001791215,110474.09807406465,-1.7123914226658006e-13
PINN Baseline,3,730,True,optimal,6.765649700020444e-07,1.5713581149466336,1.5713587915116036,0.5964180971495807,110889.11041965405,0.3795556434160037,110889.11041965376,-2.6245886856330414e-13
PINN Baseline,3,731,True,optimal,6.765649700020444e-07,1.61004470102489,1.61004537758986,0.5905795637518167,106178.99333831546,0.366809266354889,106178.99333831549,2.7410158583817894e-14
PINN Baseline,3,732,True,optimal,6.765649700020444e-07,1.2601587488316,1.26015942539657,0.5577876321040094,106984.27108038541,0.44263259145046235,106984.27108038547,5.440768098492868e-14
PINN Baseline,3,733,True,optimal,6.765649700020444e-07,1.504921433981508,1.504922110546478,0.5670719100162387,107159.75449599548,0.3768114682096866,107159.75449599556,6.789822959565782e-14
PINN Baseline,3,734,True,optimal,6.765649700020444e-07,1.3627581233158708,1.3627587998808408,0.5091729960404336,107040.73513350011,0.373633981365562,107040.73513349995,-1.495421974750046e-13
PINN Baseline,3,735,True,optimal,6.765649700020444e-07,1.5767306732013822,1.5767313497663522,0.5986269493587315,113145.00624158105,0.37966325046269866,113145.00624157852,-2.237865667999145e-12
PINN Baseline,3,736,True,optimal,6.765649700020444e-07,1.3717400478199124,1.3717407243848825,0.5655022063292563,105864.09753699721,0.4122515255810018,105864.09753699714,-6.872922722116094e-14
PINN Baseline,3,737,True,optimal,6.765649700020444e-07,1.3266007928177714,1.3266014693827415,0.5793435098603368,106448.75375856458,0.436712549496799,106448.75375856934,4.470203841435867e-12
PINN Baseline,3,738,True,optimal,6.765649700020444e-07,1.509291754104197,1.509292430669167,0.610645579174161,111213.4722853296,0.4045906325147488,111213.47228532757,-1.8187690530455752e-12
PINN Baseline,3,739,True,optimal,6.765649700020444e-07,1.5232509467750788,1.5232516233400488,0.5642037251964211,110172.39638070537,0.3703943042314218,110172.39638070535,-1.3208313249429643e-14
PINN Baseline,3,740,True,optimal,6.765649700020444e-07,1.4431270258501172,1.4431277024150873,0.569182489067316,106808.6724225912,0.39440895501817613,106808.67242259106,-1.3624282465371195e-13
PINN Baseline,3,741,True,optimal,6.765649700020444e-07,1.3496432192623615,1.3496438958273316,0.6018273863010108,109859.45856612832,0.4459156879541849,109859.45856612873,3.708862502257928e-13
PINN Baseline,3,742,True,optimal,6.765649700020444e-07,1.3834966951981187,1.3834973717630887,0.5830756961368024,107955.95133180972,0.42145052678614614,107955.95133180989,1.6175391961827745e-13
PINN Baseline,3,743,True,optimal,6.765649700020444e-07,1.2949375449679792,1.2949382215329492,0.5876799640245736,110668.98883927573,0.45382857209116695,110668.988839276,2.4983185645665436e-13
PINN Baseline,3,744,True,optimal,6.765649700020444e-07,1.1705633052624762,1.1705639818274463,0.5467748329974711,112916.14050371577,0.46710375638234153,112916.14050371591,1.2887365051135438e-13
PINN Baseline,3,745,True,optimal,6.765649700020444e-07,1.1748237069696188,1.1748243835345888,0.5227769180200994,104940.19137880641,0.4449830335043501,104940.1913788065,8.320119319682738e-14
PINN Baseline,3,746,True,optimal,6.765649700020444e-07,1.1565434359945357,1.1565441125595057,0.5785485180094838,104561.49831808344,0.500239041232175,104561.49831808318,-2.505075752776421e-13
PINN Baseline,3,747,True,optimal,6.765649700020444e-07,1.4249907159246504,1.4249913924896205,0.5899514299817383,108042.09940555284,0.41400350422540216,108042.09940555271,-1.2121870805536253e-13
PINN Baseline,3,748,True,optimal,6.765649700020444e-07,1.8119084029458463,1.8119090795108164,0.5449472819454968,105088.80550150019,0.3007586242090155,105088.8055013483,-1.4453765120731614e-10
PINN Baseline,3,749,True,optimal,6.765649700020444e-07,2.0484717008657753,2.048472377430745,0.5553191439248621,111307.4523807741,0.2710893981501278,111307.45238077422,1.0458897345766848e-13
PINN Baseline,3,750,True,optimal,6.765649700020444e-07,1.731653839815408,1.731654516380378,0.5474257608875632,108858.43087847345,0.3161287402938952,108858.43087847304,-3.7429680283481385e-13
PINN Baseline,3,751,True,optimal,6.765649700020444e-07,1.7762148571200669,1.776215533685037,0.5386588620021939,104780.1848735733,0.3032621051819437,104780.18487362046,4.501114147874722e-11
PINN Baseline,3,752,True,optimal,6.765649700020444e-07,1.8895223960280418,1.8895230725930119,0.5788551508449018,106155.41213686611,0.30634987169039063,106155.41213686594,-1.644974846080018e-13
PINN Baseline,3,753,True,optimal,6.765649700020444e-07,1.7191150719299912,1.7191157484949613,0.5475488300435245,103906.04024960041,0.31850608693619875,103906.04024959842,-1.9186684253362504e-12
PINN Baseline,3,754,True,optimal,6.765649700020444e-07,1.7677869712933898,1.7677876478583598,0.5433123540133238,106432.26222854984,0.30734028188936385,106432.26222856222,1.1635268855554158e-11
PINN Baseline,3,755,True,optimal,6.765649700020444e-07,2.0098174237646163,2.009818100329586,0.5654766228981316,109497.64154045373,0.2813571152560524,109497.64154045374,1.3289706539469775e-14
PINN Baseline,3,756,True,optimal,6.765649700020444e-07,1.949613319709897,1.949613996274867,0.6001880718395114,108272.47766991044,0.3078496938298004,108272.47766991102,5.376034811997626e-13
PINN Baseline,3,757,True,optimal,6.765649700020444e-07,2.093300453387201,2.0933011299521707,0.5690090521238744,109287.40628367368,0.27182379256484496,109287.40628367264,-9.58699572138106e-13
PINN Baseline,3,758,True,optimal,6.765649700020444e-07,1.9116176590323448,1.9116183355973149,0.6058279993012547,108372.97694221468,0.31691891002497335,108372.97694221447,-1.879867278221624e-13
PINN Baseline,3,759,True,optimal,6.765649700020444e-07,1.8451716601848602,1.8451723367498303,0.5506120757199824,108813.39253247123,0.29840685596330546,108813.3925324709,-3.075853463097944e-13
PINN Baseline,3,760,True,optimal,6.765649700020444e-07,2.23466805415228,2.23466873071725,0.5393910822458565,112991.33187171053,0.2413740680359057,112991.33187171235,1.6098486259203696e-12
PINN Baseline,3,761,True,optimal,6.765649700020444e-07,1.820391431916505,1.8203921084814751,0.5984908319078386,107001.40951587174,0.32877028477512155,107001.40951587164,-9.51981913691131e-14
PINN Baseline,3,762,True,optimal,6.765649700020444e-07,1.7805046699941158,1.7805053465590859,0.5605963082052767,106032.06674948215,0.3148523587916524,106032.06674948259,4.1172210467465744e-13
PINN Baseline,3,763,True,optimal,6.765649700020444e-07,1.682304384186864,1.682305060751834,0.5642973338253796,110393.53277821939,0.33543103863290474,110393.5327782192,-1.7136411274093515e-13
PINN Baseline,3,764,True,optimal,6.765649700020444e-07,1.7902231561020017,1.7902238326669717,0.5691035091876984,109527.84069215284,0.3178951697564438,109527.84069215291,6.643021142573036e-14
PINN Baseline,3,765,True,optimal,6.765649700020444e-07,2.0798808853141963,2.079881561879166,0.5428629172965884,111119.54396429055,0.2610066492469473,111119.54396429058,2.6191459592460647e-14
PINN Baseline,3,766,True,optimal,6.765649700020444e-07,1.8274060413241386,1.8274067178891087,0.6081916061230004,107131.09758046045,0.3328167726260416,107131.09758046061,1.4941606230797228e-13
PINN Baseline,3,767,True,optimal,6.765649700020444e-07,2.013951457105577,2.013952133670547,0.5365999350324273,111177.35819880378,0.266441255510101,111177.35819880378,0.0
PINN Baseline,3,768,True,optimal,6.765649700020444e-07,1.8043449968099594,1.8043456733749295,0.5683240783400834,106156.39599821404,0.31497516619255356,106156.39599821456,4.934878801179537e-13
PINN Baseline,3,769,True,optimal,6.765649700020444e-07,1.8720407979562879,1.872041474521258,0.5754972626455128,104503.61826885886,0.3074169405315586,104503.61826885855,-2.9242070739551326e-13
PINN Baseline,3,770,True,optimal,6.765649700020444e-07,1.776297037024051,1.776297713589021,0.5666977800428867,104123.55528937996,0.3190331078554789,104123.55528937974,-2.0963434048987572e-13
PINN Baseline,3,771,True,optimal,6.765649700020444e-07,1.887213580776006,1.887214257340976,0.5905588921159506,111290.0503529829,0.31292625615706665,111290.05035301608,2.981251838366802e-11
PINN Baseline,3,772,True,optimal,6.765649700020444e-07,2.029268487356603,2.029269163921573,0.6287460159510374,106283.28181484886,0.30983864887395346,106283.28181484752,-1.2596300924749104e-12
PINN Baseline,3,773,True,optimal,6.765649700020444e-07,1.9337492836639285,1.9337499602288986,0.5255541657097638,110971.3471120323,0.2717797939334172,110971.34711203174,-4.983023033140986e-13
PINN Baseline,3,774,True,optimal,6.765649700020444e-07,2.1876722439192235,2.1876729204841934,0.5741275050677359,112603.78560921618,0.26243754251008666,112603.78560915944,-5.038722025945687e-11
PINN Baseline,3,775,True,optimal,6.765649700020444e-07,1.659481095150113,1.6594817717150832,0.5987591091543436,108956.5965623024,0.3608108985346208,108956.59656230241,1.3355699138460086e-14
PINN Baseline,3,776,True,optimal,6.765649700020444e-07,1.5009628278203309,1.500963504385301,0.517313992138952,104265.6198266855,0.34465461060681213,104265.61982668555,4.186974168250943e-14
PINN Baseline,3,777,True,optimal,6.765649700020444e-07,1.7259024637751281,1.7259031403400982,0.5798152759671211,104560.39915652556,0.33594890838014557,104560.39915652701,1.3917233814862186e-12
PINN Baseline,3,778,True,optimal,6.765649700020444e-07,1.5100696869194508,1.5100703634844208,0.5845345943234861,106277.34578236895,0.38709096506913643,106277.34578239,1.9799204868465276e-11
PINN Baseline,3,779,True,optimal,6.765649700020444e-07,1.6444529802538455,1.6444536568188155,0.5628444240428507,109850.52313551729,0.34226834043573445,109850.52313551729,0.0
PINN Baseline,3,780,True,optimal,6.765649700020444e-07,1.607756310608238,1.607756987173208,0.5819483082741499,109592.82906700134,0.36196285440957315,109592.82906700122,-1.0622530946414609e-13
PINN Baseline,3,781,True,optimal,6.765649700020444e-07,1.603911560960114,1.603912237525084,0.5661623170599341,106669.78819790126,0.3529883392707014,106669.78819749158,-3.840638257049361e-10
PINN Baseline,3,782,True,optimal,6.765649700020444e-07,1.6722037820145488,1.6722044585795188,0.607850787229836,110618.61314201052,0.3635026710466881,110618.61314201022,-2.7625569613984557e-13
PINN Baseline,3,783,True,optimal,6.765649700020444e-07,1.7137661399319768,1.7137668164969468,0.5760449399240315,109386.8332134548,0.3361279576538339,109386.83321345449,-2.793665478909903e-13
PINN Baseline,3,784,True,optimal,6.765649700020444e-07,1.6522038336843252,1.6522045102492953,0.5904097808524966,109189.24755256689,0.35734667057857855,109189.24755218095,-3.534517843304293e-10
PINN Baseline,3,785,True,optimal,6.765649700020444e-07,1.4789961641654372,1.4789968407304073,0.5189731363207102,106525.0863048023,0.3508953650397344,106525.08630480227,-2.7321104789775385e-14
PINN Baseline,3,786,True,optimal,6.765649700020444e-07,1.943875574041158,1.943876250606128,0.6534456629306078,114884.52951432715,0.33615599898751486,114884.52951432735,1.773318079104196e-13
PINN Baseline,3,787,True,optimal,6.765649700020444e-07,1.4754788358695805,1.4754795124345506,0.5411379858851433,104521.48005990464,0.36675398155292727,104521.48005990469,4.1767247899742745e-14
PINN Baseline,3,788,True,optimal,6.765649700020444e-07,2.081416310276836,2.081416986841806,0.5796919972635806,111889.95822390953,0.27850834356029924,111889.9582239094,-1.1705003660222617e-13
PINN Baseline,3,789,True,optimal,6.765649700020444e-07,1.3647383209317923,1.3647389974967623,0.5208877790719271,102517.90871350393,0.38167574900940926,102517.90871350389,-4.258353124145431e-14
PINN Baseline,3,790,True,optimal,6.765649700020444e-07,1.5101012797094882,1.5101019562744582,0.6114820698276162,107354.483597117,0.40492767212631864,107354.48359711697,-2.711002790154103e-14
PINN Baseline,3,791,True,optimal,6.765649700020444e-07,1.7007136829197407,1.7007143594847107,0.637588556855917,112461.4390977286,0.3748945572783287,112461.43909772726,-1.190431326284522e-12
PINN Baseline,3,792,True,optimal,6.765649700020444e-07,1.6487134438939393,1.6487141204589093,0.5938738379627466,107558.8720215499,0.3602042528740189,107558.87202154985,-5.4117024304424875e-14
PINN Baseline,3,793,True,optimal,6.765649700020444e-07,1.868650859221816,1.868651535786786,0.5847277203574777,112113.48321508885,0.31291426419494583,112113.48321508883,-2.595925986966102e-14
PINN Baseline,3,794,True,optimal,6.765649700020444e-07,1.751134776044637,1.751135452609607,0.5766180660575628,107004.52505147675,0.3292823894338186,107004.52505147684,8.159607393070349e-14
PINN Baseline,3,795,True,optimal,6.765649700020444e-07,1.6152565330266953,1.6152572095916653,0.6010335492901504,111512.81371163702,0.37209773509823296,111512.81371163686,-1.4354499916571562e-13
PINN Baseline,3,796,True,optimal,6.765649700020444e-07,1.889501807745546,1.8895024843105162,0.6008675810880959,112235.65754308527,0.31800306486887414,112235.65754308506,-1.8151701309267853e-13
PINN Baseline,3,797,True,optimal,6.765649700020444e-07,1.5106351068243384,1.5106357833893085,0.5328238098882139,105295.87739342464,0.35271494012458393,105295.8773933787,-4.3629814873286734e-11
PINN Baseline,3,798,True,optimal,6.765649700020444e-07,1.5977785638533533,1.5977792404183233,0.5804689242504537,113603.60116647108,0.36329732516644664,113603.60116647116,6.404689234737788e-14
PINN Baseline,3,799,True,optimal,6.765649700020444e-07,1.5775890299119055,1.5775897064768756,0.553736574947834,105198.83571091003,0.35100164046104004,105198.83571090996,-6.91638606550552e-14
PINN Baseline,3,800,True,optimal,6.765649700020444e-07,2.000105452723801,2.000106129288771,0.5214744638651609,110002.93438469655,0.26072339673824957,110002.93438469678,2.116585752518441e-13
PINN Baseline,3,801,True,optimal,6.765649700020444e-07,1.7240604171529412,1.7240610937179113,0.6115340851247311,107253.31684859663,0.35470557705467803,107253.31684859672,8.140679834960605e-14
PINN Baseline,3,802,True,optimal,6.765649700020444e-07,1.4912005881778896,1.4912012647428596,0.5716236052103341,104381.04799271942,0.38333095520067434,104381.04799272504,5.381282700420284e-12
PINN Baseline,3,803,True,optimal,6.765649700020444e-07,1.8547361618839204,1.8547368384488905,0.6171230617910624,107618.95946415968,0.33272809867040765,107618.95946417678,1.5888000105618342e-11
PINN Baseline,3,804,True,optimal,6.765649700020444e-07,1.6502887289971113,1.6502894055620814,0.5661587617360055,104667.86171178549,0.34306634934929753,104667.86171178572,2.2244711972333448e-13
PINN Baseline,3,805,True,optimal,6.765649700020444e-07,1.7020143819972873,1.7020150585622573,0.5942960428074002,107326.0969489964,0.3491720239593061,107326.0969489822,-1.323319273376302e-11
PINN Baseline,3,806,True,optimal,6.765649700020444e-07,1.5144399050623178,1.514440581627288,0.5925202700309455,110594.40154991105,0.39124695760217554,110594.40154991152,4.2105321859134717e-13
PINN Baseline,3,807,True,optimal,6.765649700020444e-07,1.467795617878437,1.467796294443407,0.6038667811080813,109493.38836423785,0.41141048209082004,109493.38836423637,-1.3556027221988972e-12
PINN Baseline,3,808,True,optimal,6.765649700020444e-07,1.5327473720535636,1.5327480486185336,0.5669561759568751,108042.88054576478,0.3698952195488834,108042.88054576455,-2.1549836738687033e-13
PINN Baseline,3,809,True,optimal,6.765649700020444e-07,1.215400064829737,1.215400741394707,0.5589325996115804,110233.49128420075,0.4598751511128661,110233.49128420059,-1.4521092060791657e-13
PINN Baseline,3,810,True,optimal,6.765649700020444e-07,1.3066104892641306,1.3066111658291006,0.5819275742396712,105256.93993419703,0.44537165260669825,105256.93993419697,-5.530054450552791e-14
PINN Baseline,3,811,True,optimal,6.765649700020444e-07,1.2041975622996688,1.2041982388646388,0.610527791082859,107197.39783715429,0.5069994053956486,107197.39783715442,1.2217389572670095e-13
PINN Baseline,3,812,True,optimal,6.765649700020444e-07,1.0432564690709114,1.0432571456358815,0.5306650819256902,105771.33280714517,0.5086618233534759,105771.33280714524,6.878950487888636e-14
PINN Baseline,3,813,True,optimal,6.765649700020444e-07,1.0945303472690284,1.0945310238339985,0.5947479722090065,106171.1573636012,0.5433815572679543,106171.15736360116,-4.111827239067765e-14
PINN Baseline,3,814,True,optimal,6.765649700020444e-07,1.1621610959991813,1.1621617725641513,0.585926310159266,107710.47760982312,0.5041693196176119,107710.47760982352,3.647757580178742e-13
PINN Baseline,3,815,True,optimal,6.765649700020444e-07,1.0874644871801138,1.0874651637450838,0.5523777408525348,107126.23056237402,0.5079498261353219,107126.23056275111,3.5199948447090556e-10
PINN Baseline,3,816,True,optimal,6.765649700020444e-07,2.1187365986406803,2.11873727520565,0.5975490403361619,111204.76153294147,0.28203073940734924,111204.76153294109,-3.402280538369412e-13
PINN Baseline,3,817,True,optimal,6.765649700020444e-07,1.5736730489879847,1.5736737255529547,0.5346765308640897,104511.06767319851,0.33976326997276135,104511.06767319985,1.2809898806086686e-12
PINN Baseline,3,819,True,optimal,6.765649700020444e-07,1.9134428990073502,1.9134435755723203,0.5884792818687856,110065.04259094136,0.30754984854610545,110065.04259093924,-1.9302946451741242e-12
PINN Baseline,3,820,True,optimal,6.765649700020444e-07,2.388851477764547,2.3888521543295167,0.5703822881914675,110557.30991424958,0.23876835038020916,110557.30991424924,-3.027335329631599e-13
PINN Baseline,3,821,True,optimal,6.765649700020444e-07,1.8792209466919303,1.8792216232569003,0.5761613110080361,110004.96127580726,0.30659572233395466,110004.96127580747,1.851978409285985e-13
PINN Baseline,3,822,True,optimal,6.765649700020444e-07,2.00372311193496,2.0037237884999297,0.6020781118422747,105979.24665861693,0.3004795946915494,105979.24665861738,4.256582173418325e-13
PINN Baseline,3,823,True,optimal,6.765649700020444e-07,1.7245051520876586,1.7245058286526287,0.5784645439125597,110613.65460085732,0.33543785953134125,110613.65460085719,-1.1840060571896754e-13
PINN Baseline,3,824,True,optimal,6.765649700020444e-07,1.647722948808223,1.647723625373193,0.5549918403849006,105388.70222123551,0.3368233797456175,105388.70221915038,-1.9785131965856112e-09
PINN Baseline,3,825,True,optimal,6.765649700020444e-07,1.8093629768118262,1.8093636533767963,0.6059892973862588,112669.78940431314,0.33491846498370154,112669.7894043131,-3.8746629345727133e-14
PINN Baseline,3,826,True,optimal,6.765649700020444e-07,2.0542160468176007,2.0542167233825706,0.5895338789559901,108436.34390335351,0.2869871870117169,108436.34390335286,-6.038899521180342e-13
PINN Baseline,3,827,True,optimal,6.765649700020444e-07,2.272942171897739,2.272942848462709,0.5765455039218068,112494.58598275535,0.2536559616145869,112494.58598275567,2.8458448220178913e-13
PINN Baseline,3,828,True,optimal,6.765649700020444e-07,1.749453344848007,1.749454021412977,0.5891194827854633,109303.50705999476,0.3367447646950165,109303.50705999476,0.0
PINN Baseline,3,829,True,optimal,6.765649700020444e-07,1.9822366861626506,1.9822373627276206,0.5706756128929555,104652.69808208985,0.28789469093029707,104652.69808279065,6.696489420016724e-10
PINN Baseline,3,830,True,optimal,6.765649700020444e-07,1.8428698903881013,1.8428705669530714,0.5608016029000282,109604.55204170055,0.3043087306056633,109604.55204170171,1.0621394792311456e-12
PINN Baseline,3,831,True,optimal,6.765649700020444e-07,1.7884335508570075,1.7884342274219776,0.5829645381309092,107345.1558941479,0.32596364417116463,107345.15589367767,-4.380547820463707e-10
PINN Baseline,3,832,True,optimal,6.765649700020444e-07,1.7293084212578833,1.7293090978228534,0.5792613620869815,107015.29820102229,0.3349669314850964,107015.29820102229,0.0
PINN Baseline,3,833,True,optimal,6.765649700020444e-07,1.5844973563216627,1.5844980328866327,0.5588683034293354,109711.88727448066,0.35271000141993936,109711.88727448074,7.958252614118511e-14
PINN Baseline,3,834,True,optimal,6.765649700020444e-07,1.5638536410406232,1.5638543176055932,0.5551754860207438,109479.40715728719,0.35500460610088624,109479.40715728725,5.316768004583863e-14
PINN Baseline,3,835,True,optimal,6.765649700020444e-07,1.995250036008656,1.995250712573626,0.5350218960084021,108554.17683373,0.2681477032619576,108554.17683373025,2.278885678080787e-13
PINN Baseline,3,836,True,optimal,6.765649700020444e-07,1.7116000452078879,1.711600721772858,0.5696032671257854,108636.02012429904,0.3327898030656334,108636.02012429915,9.37657753680759e-14
PINN Baseline,3,837,True,optimal,6.765649700020444e-07,1.6956640742719173,1.6956647508368874,0.5658518583513796,107637.66502329803,0.3337050310635437,107637.66502329921,1.095067542799805e-12
PINN Baseline,3,838,True,optimal,6.765649700020444e-07,1.6126671601086855,1.6126678366736555,0.5488112890161574,110413.01131914658,0.3403126648499139,110413.01131914661,2.635905869156097e-14
PINN Baseline,3,839,True,optimal,6.765649700020444e-07,1.5532492212951183,1.5532498978600884,0.5932233347557485,104336.51617819458,0.38192394898788146,104336.51617819695,2.2733768282743528e-12
PINN Baseline,3,840,True,optimal,6.765649700020444e-07,1.7582455198280513,1.7582461963930214,0.6216583829373121,109026.3239760582,0.35356731282150466,109026.3239760579,-2.669431509322905e-13
PINN Baseline,3,841,True,optimal,6.765649700020444e-07,1.6917025558650494,1.6917032324300194,0.5633327919058502,106413.90247657194,0.3329974082372947,106413.9024765719,-4.102447581481357e-14
PINN Baseline,3,842,True,optimal,6.765649700020444e-07,1.3858952992595732,1.3858959758245433,0.5250938590615988,112400.8395650239,0.37888403474812926,112400.83956417984,-7.509327708381367e-10
PINN Baseline,3,843,True,optimal,6.765649700020444e-07,1.4436356029473245,1.4436362795122946,0.5754157369956374,111032.82843397067,0.3985877503646769,111032.82843397057,-9.174170201306219e-14
PINN Baseline,3,844,True,optimal,6.765649700020444e-07,1.5966720287688076,1.5966727053337777,0.5691724391654134,106077.45751112647,0.35647408342615233,106077.45751112633,-1.3718197598052819e-13
PINN Baseline,3,845,True,optimal,6.765649700020444e-07,1.8472423939965665,1.8472430705615366,0.5823669130913913,108079.30844189438,0.3152627406605238,108079.30844189425,-1.2117697544827678e-13
PINN Baseline,3,846,True,optimal,6.765649700020444e-07,1.3584381369873881,1.3584388135523582,0.5079031637869775,103163.60814655249,0.37388740568947343,103163.6081465524,-8.46340031517392e-14
PINN Baseline,3,847,True,optimal,6.765649700020444e-07,1.591193235013634,1.591193911578604,0.5895839808508754,107122.24750304018,0.37052930919397264,107122.24750303419,-5.596773045596332e-12
PINN Baseline,3,848,True,optimal,6.765649700020444e-07,1.495176495052874,1.4951771716178441,0.5639788499101996,103845.97459677923,0.37719867626118914,103845.97459677923,0.0
PINN Baseline,3,849,True,optimal,6.765649700020444e-07,1.944750176742673,1.944750853307643,0.5584070421755314,110206.73321261797,0.2871355172441702,110206.73321265054,2.9550995054226216e-11
PINN Baseline,3,850,True,optimal,6.765649700020444e-07,1.6335270190611482,1.6335276956261182,0.5590258399024606,107958.62097195657,0.342219995044645,107958.62097195646,-9.435411982988194e-14
PINN Baseline,3,851,True,optimal,6.765649700020444e-07,1.9149305522441864,1.9149312288091564,0.5533903571777046,110957.02117017511,0.2889870658811298,110957.02116589955,-3.8533446336396725e-09
PINN Baseline,3,852,True,optimal,6.765649700020444e-07,2.20392228057608,2.20392295714105,0.7296456373296678,115824.85659848715,0.33106676209597236,115824.85659848776,5.276764051693121e-13
PINN Baseline,3,853,True,optimal,6.765649700020444e-07,1.4362453669309616,1.4362460434959317,0.5427643586881459,104651.50478373458,0.3779048590915637,104651.50478373525,6.396354279741944e-13
PINN Baseline,3,854,True,optimal,6.765649700020444e-07,1.504608147777617,1.504608824342587,0.5844315639697015,108712.33243459812,0.38842757965683133,108712.33243459821,8.031424716485421e-14
PINN Baseline,3,855,True,optimal,6.765649700020444e-07,2.0804987149313092,2.080499391496279,0.5926860277540982,114206.90488435094,0.28487680898952006,114206.90488435124,2.675759579555658e-13
PINN Baseline,3,856,True,optimal,6.765649700020444e-07,1.4567009112797678,1.4567015878447378,0.5836611450649798,106487.81430667569,0.4006731028065504,106487.81430667588,1.7764933875341054e-13
PINN Baseline,3,857,True,optimal,6.765649700020444e-07,1.61530152708292,1.6153022036478901,0.6275587426498532,106283.99867785523,0.38850856590959676,106283.99867780873,-4.374446740148779e-11
PINN Baseline,3,858,True,optimal,6.765649700020444e-07,1.8307692781090736,1.8307699546740437,0.5858991541899741,113707.1103288217,0.3200288232249745,113707.11032882117,-4.607178449142419e-13
PINN Baseline,3,859,True,optimal,6.765649700020444e-07,1.3834184417501092,1.3834191183150792,0.5932054342702031,107116.29660065754,0.4287966144292493,107116.29660065733,-2.0377732926976757e-13
PINN Baseline,3,860,True,optimal,6.765649700020444e-07,1.5009460542351007,1.5009467308000708,0.6003527981229126,109440.44449721914,0.39998274809053225,109440.44449721948,3.058229997055084e-13
PINN Baseline,3,861,True,optimal,6.765649700020444e-07,1.957233474124223,1.957234150689193,0.6154710599221289,109144.90545212929,0.31445959580533867,109144.90545212934,5.3330625623197003e-14
PINN Baseline,3,862,True,optimal,6.765649700020444e-07,1.3626074870117009,1.362608163576671,0.5313007109798491,104998.57673153216,0.3899145221508531,104998.57673153194,-2.0788732116208906e-13
PINN Baseline,3,863,True,optimal,6.765649700020444e-07,1.3823650698177516,1.3823657463827217,0.5539425718598068,104164.707062502,0.4007207016734356,104164.70706220686,-2.8334159715405555e-10
PINN Baseline,3,864,True,optimal,6.765649700020444e-07,1.3999342913739383,1.3999349679389084,0.5699696186929941,107718.98643961367,0.4071400684648567,107718.98643961342,-2.296554832707389e-13
PINN Baseline,3,865,True,optimal,6.765649700020444e-07,1.5746789490804076,1.5746796256453777,0.5970187368802726,102283.73172719931,0.37913663653048557,102283.73172719934,2.845401704188547e-14
PINN Baseline,3,866,True,optimal,6.765649700020444e-07,1.730932795908302,1.7309334724732721,0.7047714940272272,115377.89953382431,0.40716266987442506,115377.89953382398,-2.9008506100799514e-13
PINN Baseline,3,867,True,optimal,6.765649700020444e-07,1.2779665919952095,1.2779672685601795,0.6013725590892136,110551.40410236378,0.4705696099452918,110551.40410236309,-6.318254721711616e-13
PINN Baseline,3,868,True,optimal,6.765649700020444e-07,1.3792198118753731,1.3792204884403432,0.6254545440897346,108489.76292612901,0.4534840870853174,108489.76292612901,0.0
PINN Baseline,3,869,True,optimal,6.765649700020444e-07,1.504579892847687,1.504580569412657,0.5781777058728039,111267.74371455885,0.3842783282111021,111267.74371455905,1.8309602261709137e-13
PINN Baseline,3,870,True,optimal,6.765649700020444e-07,1.4606879418715835,1.4606886184365535,0.5688156709074974,106367.48193496828,0.3894161039717888,106367.48193496837,8.208475915936625e-14
PINN Baseline,3,871,True,optimal,6.765649700020444e-07,1.3306033983826637,1.3306040749476338,0.5765473349019885,110299.40458274764,0.43329743667339865,110299.40458274633,-1.1873793657430747e-12
PINN Baseline,3,872,True,optimal,6.765649700020444e-07,1.272737706080079,1.2727383826450491,0.5430634231306612,104012.85427398415,0.42668896494034225,104012.85427398399,-1.5389546669913142e-13
PINN Baseline,3,873,True,optimal,6.765649700020444e-07,1.2854001829400659,1.285400859505036,0.5999330529011786,106181.06712682964,0.4667283738492227,106181.06712682964,0.0
PINN Baseline,3,874,True,optimal,6.765649700020444e-07,1.4909720560535789,1.490972732618549,0.6447304361499846,107323.60305163976,0.432422687581727,107323.60305163973,-2.7117828352007642e-14
PINN Baseline,3,875,True,optimal,6.765649700020444e-07,1.2900120317935944,1.2900127083585644,0.5802326048724353,110330.32894636202,0.4497882858927288,110330.3289463622,1.714622803859653e-13
PINN Baseline,3,876,True,optimal,6.765649700020444e-07,1.4886151468381286,1.4886158234030986,0.6266092816367745,110980.5386457908,0.4209341804551654,110980.53864579095,1.3112132456674437e-13
PINN Baseline,3,877,True,optimal,6.765649700020444e-07,1.5297360657714307,1.5297367423364008,0.6307688471861184,113808.14849187278,0.4123381688686716,113808.14849187128,-1.3169946865701104e-12
PINN Baseline,3,878,True,optimal,6.765649700020444e-07,1.1538167777471244,1.1538174543120945,0.5695575531572104,106876.08772405755,0.49362882406453135,106876.08772405754,-1.3615688540114153e-14
PINN Baseline,3,879,True,optimal,6.765649700020444e-07,1.28216083208099,1.2821615086459601,0.5706637380644679,114160.62998486547,0.44507944920848796,114160.6299848651,-3.314188052288226e-13
PINN Baseline,3,880,True,optimal,6.765649700020444e-07,1.7478751512244344,1.7478758277894044,0.6096774078905582,110144.19326019773,0.34881048081180754,110144.19326019767,-5.284678128783537e-14
PINN Baseline,3,881,True,optimal,6.765649700020444e-07,1.5289617436937988,1.5289624202587688,0.6211914885789156,108975.30586806628,0.40628303243305497,108975.3058680669,5.741964657363141e-13
PINN Baseline,3,882,True,optimal,6.765649700020444e-07,1.755290255881846,1.755290932446816,0.6107999049127102,108428.75862509485,0.3479764485886541,108428.75862504383,-4.7053028585394406e-11
PINN Baseline,3,883,True,optimal,6.765649700020444e-07,1.4601239310577512,1.4601246076227212,0.5862732790410519,105780.25513758956,0.401522771399342,105780.25513758935,-1.9259436738183906e-13
PINN Baseline,3,884,True,optimal,6.765649700020444e-07,2.0289070177823305,2.0289076943473003,0.6028985748998821,113264.36044836868,0.29715426511497095,113264.3604483689,1.9271616204905398e-13
PINN Baseline,3,885,True,optimal,6.765649700020444e-07,1.6858429429121315,1.6858436194771016,0.5809728656895459,107612.50379603053,0.34461848001640055,107612.50379820551,2.021115417869891e-09
PINN Baseline,3,886,True,optimal,6.765649700020444e-07,1.5049510477110744,1.5049517242760444,0.6141791930422187,106427.2119914934,0.40810557783019186,106427.21199149337,-2.7346230265864652e-14
PINN Baseline,3,887,True,optimal,6.765649700020444e-07,1.6130528100766242,1.6130534866415942,0.5645964234136045,108321.31025722394,0.3500171743152201,108321.3102572238,-1.3434028072418359e-13
PINN Baseline,3,888,True,optimal,6.765649700020444e-07,1.7027086480520666,1.7027093246170366,0.5567831587977707,105162.6110539237,0.3269983612282144,105162.61105392386,1.5221290714240305e-13
PINN Baseline,3,889,True,optimal,6.765649700020444e-07,1.6147119523957372,1.6147126289607072,0.5833856179378927,107558.92132357726,0.361293772944219,107558.92132357701,-2.2999724786939586e-13
PINN Baseline,3,890,True,optimal,6.765649700020444e-07,1.4908207235857844,1.4908214001507545,0.5630172938108444,106667.37355882936,0.377655763295262,106667.37355882957,1.909926216424333e-13
PINN Baseline,3,891,True,optimal,6.765649700020444e-07,1.7382973600178957,1.7382980365828657,0.5481896516866982,111562.86606021154,0.3153599901454906,111562.8660602252,1.224802560384362e-11
PINN Baseline,3,892,True,optimal,6.765649700020444e-07,1.9513602531515062,1.9513609297164762,0.584900185931474,109752.84922016067,0.29973962121730974,109752.84922016118,4.640581420999525e-13
PINN Baseline,3,893,True,optimal,6.765649700020444e-07,1.9763467591255903,1.9763474356905604,0.6199668319895864,108019.54196491616,0.31369324077016963,108019.54196500963,8.652781692238388e-11
PINN Baseline,3,894,True,optimal,6.765649700020444e-07,1.5652934899553657,1.5652941665203357,0.5261436123400927,103672.97648188294,0.33613082038740044,103672.97648188239,-5.333817909381366e-13
PINN Baseline,3,895,True,optimal,6.765649700020444e-07,1.7199250501580536,1.7199257267230237,0.5461173849180341,108362.54498270659,0.31752381886777875,108362.54498270646,-1.2086024472404421e-13
PINN Baseline,3,896,True,optimal,6.765649700020444e-07,1.7321568210609257,1.7321574976258958,0.578972342889756,108854.59887641603,0.3342492490915512,108854.59887641588,-1.3368213542257246e-13
PINN Baseline,3,897,True,optimal,6.765649700020444e-07,1.6434334251098335,1.6434341016748035,0.5850672493688762,107548.77739810903,0.3560028654465922,107548.7773981089,-1.2177473349650965e-13
PINN Baseline,3,898,True,optimal,6.765649700020444e-07,1.5469668530859053,1.5469675296508754,0.5415285411290824,101855.18323520472,0.3500581174132959,101855.18323520457,-1.4286867654799132e-13
PINN Baseline,3,899,True,optimal,6.765649700020444e-07,1.7540052100084722,1.7540058865734423,0.5765647296793759,110277.86270655874,0.32871310985491065,110277.8627073655,7.315685673083657e-10
PINN Baseline,3,900,True,optimal,6.765649700020444e-07,1.4940439597703516,1.4940446363353217,0.5270003513433039,103907.64688508006,0.3527340070882759,103907.64688508006,0.0
PINN Baseline,3,901,True,optimal,6.765649700020444e-07,1.6618570182472467,1.6618576948122168,0.57296401867643,110205.69021683207,0.3447732140152786,110205.69021683205,-1.3204322934447073e-14
PINN Baseline,3,902,True,optimal,6.765649700020444e-07,1.9054955183528364,1.9054961949178064,0.5613577170297503,109008.88999276803,0.2945992327494333,109008.88999276796,-6.674646090485037e-14
PINN Baseline,3,903,True,optimal,6.765649700020444e-07,1.6791313448920846,1.6791320214570546,0.5973099460825324,108273.26928714944,0.35572542149736447,108273.26928714984,3.763196854374758e-13
PINN Baseline,3,904,True,optimal,6.765649700020444e-07,1.7447278243489563,1.7447285009139264,0.5874093258753419,107699.92657650211,0.33667663797986,107699.9265765022,8.106922088584847e-14
PINN Baseline,3,905,True,optimal,6.765649700020444e-07,1.5477620125748217,1.5477626891397918,0.5504257655702531,102840.17602174496,0.35562671812186286,102840.17602173281,-1.181527461905267e-11
PINN Baseline,3,906,True,optimal,6.765649700020444e-07,1.5078468089923263,1.5078474855572963,0.710780621971935,109003.64921945776,0.47138760967541254,109003.6492194554,-2.1626893079966898e-12
PINN Baseline,3,907,True,optimal,6.765649700020444e-07,1.5829428578726947,1.5829435344376648,0.5765402638353407,111295.13059741918,0.3642203599133147,111295.13059741893,-2.2227617466668665e-13
PINN Baseline,3,908,True,optimal,6.765649700020444e-07,1.4845246011391282,1.4845252777040983,0.5805169502273202,109854.92610526811,0.3910455139740849,109854.92610526808,-2.6492968033900507e-14
PINN Baseline,3,909,True,optimal,6.765649700020444e-07,1.5057145901955664,1.5057152667605365,0.6349880187772214,110551.70264190598,0.42171852327921416,110551.70264190942,3.106466849288291e-12
PINN Baseline,3,910,True,optimal,6.765649700020444e-07,1.520593869034201,1.520594545599171,0.6077314703725278,105967.85313287689,0.39966700665301874,105967.85313446699,1.5005516125017537e-09
PINN Baseline,3,911,True,optimal,6.765649700020444e-07,1.786542700137943,1.786543376702913,0.6510534272529185,109646.90699058856,0.36442072201708603,109646.90699058828,-2.5216068280220815e-13
PINN Baseline,3,912,True,optimal,6.765649700020444e-07,1.8341159112751484,1.8341165878401184,0.627097122836858,110801.28252098123,0.34190690329851736,110801.28252098158,3.152002914900119e-13
PINN Baseline,3,913,True,optimal,6.765649700020444e-07,1.8460360439494252,1.8460367205143953,0.5665498119778931,111336.61715523856,0.3069006188674432,111336.61715523936,7.188608366322353e-13
PINN Baseline,3,914,True,optimal,6.765649700020444e-07,1.5864332118071616,1.5864338883721316,0.5625964049249887,111053.57458929655,0.3546295934854739,111053.57458937884,7.410034383922103e-11
PINN Baseline,3,915,True,optimal,6.765649700020444e-07,1.6259420868009329,1.625942763365903,0.5810931492596865,109377.48047697371,0.3573884409416428,109377.48047697384,1.1973875836614562e-13
PINN Baseline,3,916,True,optimal,6.765649700020444e-07,1.403918754775077,1.4039194313400472,0.5870361472479999,103696.70895101142,0.418140909046092,103696.7089510115,8.419890298683342e-14
PINN Baseline,3,917,True,optimal,6.765649700020444e-07,1.5536071448586881,1.5536078214236582,0.6444961442612112,102923.60985879296,0.4148383751509587,102923.60985877745,-1.5071703814820887e-11
PINN Baseline,3,918,True,optimal,6.765649700020444e-07,1.4648333420045674,1.4648340185695374,0.5678946892730892,109580.87001187677,0.38768535006284094,109580.87001187705,2.5231264299051796e-13
PINN Baseline,3,920,True,optimal,6.765649700020444e-07,1.555142652709037,1.5551433292740071,0.6032201019115746,106749.59012511517,0.3878871423338053,106749.59012511621,9.814912593241988e-13
PINN Baseline,3,921,True,optimal,6.765649700020444e-07,1.6636939221061766,1.6636945986711467,0.6119382227770984,109231.05857597737,0.3678188432335332,109231.05857597738,1.3322140623808969e-14
PINN Baseline,3,922,True,optimal,6.765649700020444e-07,1.4970121788792312,1.4970128554442013,0.6174841742031276,108253.41994394953,0.4124775361530911,108253.41994394918,-3.2261887491557664e-13
PINN Baseline,3,923,True,optimal,6.765649700020444e-07,1.3432124182581902,1.3432130948231602,0.6614264706149697,107823.75666372557,0.4924211006906908,107823.75666372513,-4.0488058509454037e-13
PINN Baseline,3,924,True,optimal,6.765649700020444e-07,1.4267329177819192,1.4267335943468893,0.63803301891312,110870.26922581816,0.44719842684099,110870.26922581806,-9.187621470558062e-14
PINN Baseline,3,925,True,optimal,6.765649700020444e-07,1.468657793942839,1.468658470507809,0.5988856349140406,105302.24928915275,0.4077773334919504,105302.24928915277,1.3819187459527375e-14
PINN Baseline,3,926,True,optimal,6.765649700020444e-07,1.6251905793324113,1.6251912558973813,0.6361391041427851,106584.51163966459,0.3914241489021108,106584.51163966407,-4.915056983065942e-13
PINN Baseline,3,927,True,optimal,6.765649700020444e-07,1.4372058687731624,1.4372065453381324,0.6062421007081866,109992.69018086664,0.4218197465595007,109992.69018086648,-1.4552882309617328e-13
PINN Baseline,3,928,True,optimal,6.765649700020444e-07,1.604207166004926,1.604207842569896,0.5684238439425826,109240.0879845705,0.3543330414293347,109240.08798457032,-1.731735130014623e-13
PINN Baseline,3,929,True,optimal,6.765649700020444e-07,1.7081594201736152,1.7081600967385853,0.5820848410949111,106467.0023397443,0.34076714601066616,106467.00233974443,1.230120452131969e-13
PINN Baseline,3,930,True,optimal,6.765649700020444e-07,2.3701782398857176,2.3701789164506875,0.7125151180662215,116181.45407959406,0.3006165961231331,116181.45407959398,-6.262580953065696e-14
PINN Baseline,3,931,True,optimal,6.765649700020444e-07,1.5899917408823967,1.5899924174473667,0.5464446251280606,110538.71642499293,0.3436775038244165,110538.71642499277,-1.4480995680880109e-13
PINN Baseline,3,932,True,optimal,6.765649700020444e-07,1.708410028833896,1.708410705398866,0.5787475011311471,106966.88926856345,0.3387636821182444,106966.88926856362,1.6324956622976439e-13
PINN Baseline,3,933,True,optimal,6.765649700020444e-07,2.2315430780872703,2.23154375465224,0.5797920343466103,113535.71893813067,0.2598165656119811,113535.71893813107,3.588770390543849e-13
PINN Baseline,3,934,True,optimal,6.765649700020444e-07,1.7253835280425847,1.7253842046075547,0.6707655601203442,106466.53473832028,0.3887630119303847,106466.5347383204,1.2301258548256563e-13
PINN Baseline,3,935,True,optimal,6.765649700020444e-07,1.5545305511914194,1.5545312277563894,0.5969270947389305,108056.84750851509,0.38399170378870956,108056.84750851683,1.616028847469769e-12
PINN Baseline,3,936,True,optimal,6.765649700020444e-07,1.6050027911551297,1.6050034677200997,0.5651500369422138,112535.25144911376,0.3521176423032948,112535.251449113,-6.724111619524315e-13
PINN Baseline,3,937,True,optimal,6.765649700020444e-07,1.4309657556004822,1.4309664321654523,0.5621217237785459,107974.51195130541,0.39282663180847543,107974.51195130542,1.3477176201481241e-14
PINN Baseline,3,938,True,optimal,6.765649700020444e-07,1.5037848078645766,1.5037854844295466,0.5876037999987602,107389.16366695779,0.39074974860637435,107389.16366695773,-5.4202546072511344e-14
PINN Baseline,3,939,True,optimal,6.765649700020444e-07,1.3529277527704835,1.3529284293354535,0.5866598761640489,109651.26709223297,0.43362225483886907,109651.26709223715,3.808802015054067e-12
PINN Baseline,3,940,True,optimal,6.765649700020444e-07,1.4028590759262443,1.4028597524912143,0.5780660598538816,108533.24140263893,0.41206261625750207,108533.24140263851,-3.888260740845964e-13
PINN Baseline,3,941,True,optimal,6.765649700020444e-07,1.617983352392912,1.617984028957882,0.6000922541134059,107506.85076599503,0.3708888613071885,107506.85076599463,-3.6546667339471714e-13
PINN Baseline,3,942,True,optimal,6.765649700020444e-07,1.5860084369778633,1.5860091135428334,0.5549430111423135,107285.63900118161,0.3498990052476304,107285.63900118161,0.0
PINN Baseline,3,943,True,optimal,6.765649700020444e-07,1.5526219788007438,1.5526226553657139,0.5865045068785548,108964.34104314739,0.3777508365291798,108964.34104314724,-1.3354749901717503e-13
PINN Baseline,3,944,True,optimal,6.765649700020444e-07,1.6489991890266538,1.6489998655916238,0.6066396827809513,115465.66584635341,0.36788340341271203,115465.66584635265,-6.553459734792445e-13
PINN Baseline,3,945,True,optimal,6.765649700020444e-07,1.4509524842724204,1.4509531608373905,0.6247793547809124,103580.51125173665,0.43059925822852385,103580.51125173678,1.2644003729331452e-13
PINN Baseline,3,946,True,optimal,6.765649700020444e-07,1.4500049687922,1.4500056453571701,0.5724452422000468,110882.88893081105,0.3947882851580486,110882.88893081089,-1.443604771263823e-13
PINN Baseline,3,947,True,optimal,6.765649700020444e-07,1.2343279221095145,1.2343285986744845,0.5498085753060877,107031.93515638524,0.44543128620410627,107031.93515638482,-3.9428002586895483e-13
PINN Baseline,3,948,True,optimal,6.765649700020444e-07,1.202034445013851,1.202035121578821,0.5265321363694966,104993.50611583704,0.43803390343363635,104993.5061158368,-2.2175718505580019e-13
PINN Baseline,3,949,True,optimal,6.765649700020444e-07,1.2647543749772012,1.2647550515421713,0.5564554962329566,106484.22236787739,0.43997096161382876,106484.22236787736,-2.733158942193987e-14
PINN Baseline,3,950,True,optimal,6.765649700020444e-07,1.852665652986616,1.852666329551586,0.574445788282901,106117.42604425538,0.31006435380187336,106117.42604425552,1.3713030715895898e-13
PINN Baseline,3,951,True,optimal,6.765649700020444e-07,2.2047816324047744,2.2047823089697443,0.565985084977001,111225.31978747765,0.2567079219904825,111225.31978747793,2.48582238169567e-13
PINN Baseline,3,952,True,optimal,6.765649700020444e-07,2.713719956111163,2.7137206326761327,0.5774945137090981,112075.36658638151,0.21280544016043482,112075.36658638137,-1.2984044283407307e-13
PINN Baseline,3,953,True,optimal,6.765649700020444e-07,2.023488591890782,2.023489268455752,0.5470784711651504,108214.82297023613,0.2703639103471299,108214.82297023611,-1.3447247640343387e-14
PINN Baseline,3,954,True,optimal,6.765649700020444e-07,1.9324118229560554,1.9324124995210255,0.5857739192433655,109635.5931224736,0.30313088918052306,109635.59312247307,-4.778274402510818e-13
PINN Baseline,3,955,True,optimal,6.765649700020444e-07,2.1701532849110663,2.170153961476036,0.5792266251519322,114881.78205939992,0.2669057750897866,114881.78205939973,-1.6466918825384839e-13
PINN Baseline,3,956,True,optimal,6.765649700020444e-07,1.9302956080064178,1.9302962845713878,0.5345043609850109,108108.98907634025,0.276902755943342,108108.98907634009,-1.4806453087726362e-13
PINN Baseline,3,957,True,optimal,6.765649700020444e-07,1.8167207329533994,1.8167214095183695,0.568698407150805,104591.86079115709,0.31303556184851283,104591.86079116125,3.979131572793273e-12
PINN Baseline,3,958,True,optimal,6.765649700020444e-07,1.974084540270269,1.974085216835239,0.5670912247151136,110133.30914815841,0.2872678544365211,110133.3091481582,-1.981950148540985e-13
PINN Baseline,3,959,True,optimal,6.765649700020444e-07,2.1370936390012503,2.13709431556622,0.552315307315439,110113.85775537827,0.2584421769748163,110113.8577553782,-6.607667520238203e-14
PINN Baseline,3,960,True,optimal,6.765649700020444e-07,1.834901676978916,1.834902353543886,0.573214188683778,104247.0497627455,0.31239492803346514,104247.04976272953,-1.5327055256825906e-11
PINN Baseline,3,961,True,optimal,6.765649700020444e-07,2.863905747886747,2.863906424451717,0.61869677901268,112870.0818064624,0.21603247010108823,112870.08180646262,1.9338935963542924e-13
PINN Baseline,3,962,True,optimal,6.765649700020444e-07,2.4371787342242897,2.4371794107892595,0.6723796660080552,114096.67044986247,0.2758843534585379,114096.67044986253,5.101609072724485e-14
PINN Baseline,3,963,True,optimal,6.765649700020444e-07,2.2466735471971333,2.246674223762103,0.558706286828965,112698.15242431976,0.2486814870263654,112698.15242431985,7.74737557732665e-14
PINN Baseline,3,964,True,optimal,6.765649700020444e-07,1.7067232369445264,1.7067239135094965,0.5219449810683727,110473.65719954431,0.30581687930715723,110473.6571995443,-1.3172294280148876e-14
PINN Baseline,3,965,True,optimal,6.765649700020444e-07,1.7298593898303807,1.7298600663953507,0.5199418500997126,102890.66331654045,0.3005687339688449,102890.66331654033,-1.1314468978471458e-13
PINN Baseline,3,966,True,optimal,6.765649700020444e-07,2.142531074117869,2.142531750682839,0.5604728497564793,111040.4338302732,0.2615937194759671,111040.43383027338,1.5726071730529782e-13
PINN Baseline,3,967,True,optimal,6.765649700020444e-07,1.787381929345429,1.787382605910399,0.5561720160767436,109989.76291855611,0.3111656196259439,109989.76291855908,2.698970002131002e-12
PINN Baseline,3,968,True,optimal,6.765649700020444e-07,2.9426811072044075,2.9426817837693773,0.5850278404541314,108612.29875933575,0.198807714677443,108612.29875933556,-1.7417447207147762e-13
PINN Baseline,3,969,True,optimal,6.765649700020444e-07,3.0542037189006805,3.0542043954656504,0.5439766859635711,108653.59505230557,0.178107492337832,108653.59505230577,1.8750121714708321e-13
PINN Baseline,3,970,True,optimal,6.765649700020444e-07,2.8619589330628514,2.8619596096278213,0.559347374830395,107860.28734367658,0.1954420925259439,107860.28734367661,2.6982897202934204e-14
PINN Baseline,3,971,True,optimal,6.765649700020444e-07,2.7918353998102248,2.7918360763751946,0.5681643523275852,107230.53111574483,0.20350920927466004,107230.53111605215,2.8659924977537946e-10
PINN Baseline,3,972,True,optimal,6.765649700020444e-07,2.277760360855609,2.277761037420579,0.5021353820338845,104417.06023341011,0.22045130010763606,104417.06023340778,-2.2298142002217686e-12
PINN Baseline,3,973,True,optimal,6.765649700020444e-07,2.4408900351263583,2.440890711691328,0.5508446879684925,107351.73580057043,0.22567363845094252,107351.73580057024,-1.762196917991184e-13
PINN Baseline,3,974,True,optimal,6.765649700020444e-07,2.5014010020531714,2.5014016786181412,0.5511954030953348,106027.66570173024,0.22035461469740186,106027.66570173018,-5.48985592847184e-14
PINN Baseline,3,975,True,optimal,6.765649700020444e-07,1.864073298405856,1.864073974970826,0.539877044968307,109561.92089665133,0.2896221138309473,109561.92089665146,1.1953718589768224e-13
PINN Baseline,3,976,True,optimal,6.765649700020444e-07,1.5178960571065545,1.5178967336715246,0.5824887091293931,108069.07454506455,0.3837472577732318,108069.07454506459,4.039615021122089e-14
PINN Baseline,3,977,True,optimal,6.765649700020444e-07,1.4413493499159813,1.4413500264809513,0.5124649158678949,106975.65490921342,0.3555450837428264,106975.65490921354,1.0882412631708823e-13
PINN Baseline,3,978,True,optimal,6.765649700020444e-07,1.6788337649777532,1.6788344415427232,0.5492662116885185,107065.04820590341,0.32717116000061564,107065.04820590347,5.436663214453017e-14
PINN Baseline,3,979,True,optimal,6.765649700020444e-07,1.5912074320949614,1.5912081086599315,0.8435211819596589,109199.81124690377,0.5301136773806712,109199.811246904,2.1321524368520486e-13
PINN Baseline,3,980,True,optimal,6.765649700020444e-07,1.7044317000545561,1.7044323766195262,0.9020356698893011,103995.09344483403,0.5292293682418466,103995.0934448516,1.690340670273265e-11
PINN Baseline,3,982,True,optimal,6.765649700020444e-07,1.4761166428215802,1.4761173193865502,0.5682570291683078,107191.52064519428,0.3849673882320315,107191.52064519434,5.430248639361665e-14
PINN Baseline,3,983,True,optimal,6.765649700020444e-07,1.533176857046783,1.533177533611753,0.6173696829937398,107145.66047159099,0.40267331698983566,107145.66047147229,-1.1078374242628424e-10
PINN Baseline,3,984,True,optimal,6.765649700020444e-07,1.6309288339689374,1.6309295105339074,0.5684437141753733,109289.80559911662,0.34853971953042,109289.8055991166,-1.3314979515787952e-14
PINN Baseline,3,985,True,optimal,6.765649700020444e-07,1.5667556482367218,1.5667563248016918,0.5673567070625722,107454.74033002442,0.3621218552504544,107454.74033002445,2.7084733877116514e-14
PINN Baseline,3,986,True,optimal,6.765649700020444e-07,1.594071013852954,1.594071690417924,0.5647938582114875,107640.29348480483,0.3543089445766478,107640.29348480495,1.0815217801628228e-13
PINN Baseline,3,987,True,optimal,6.765649700020444e-07,1.4865485979244113,1.4865492744893813,0.5635106968693435,108727.93084609664,0.37907300251645226,108727.93084609589,-6.95956950515482e-13
PINN Baseline,3,988,True,optimal,6.765649700020444e-07,1.51630050688982,1.5163011834547901,0.5960475173778832,108145.43985906131,0.3930930898700673,108145.43985906035,-8.880877513872721e-13
PINN Baseline,3,989,True,optimal,6.765649700020444e-07,1.5810036887414753,1.5810043653064454,0.5609096419066191,109997.43947985902,0.35478057759688614,109997.43947985907,3.968796536677029e-14
PINN Baseline,3,990,True,optimal,6.765649700020444e-07,1.422035380732268,1.4220360572972381,0.5443141129799187,113230.03161334542,0.38277096434140884,113230.03161334597,4.883622929349835e-13
PINN Baseline,3,991,True,optimal,6.765649700020444e-07,1.6856991704553366,1.6856998470203066,0.5509683242999017,111185.5574455885,0.3268484156736502,111185.55744558868,1.570554546401932e-13
PINN Baseline,3,993,True,optimal,6.765649700020444e-07,1.6513869632035494,1.6513876397685194,0.7229772480204701,106953.43985593675,0.43779984215081824,106953.4398559367,-5.442336496317601e-14
PINN Baseline,3,994,True,optimal,6.765649700020444e-07,1.2188098640181124,1.2188105405830825,0.5722102909348905,107230.99573455652,0.4694825585124522,107230.99573455643,-8.142374392040071e-14
PINN Baseline,3,995,True,optimal,6.765649700020444e-07,1.5771285542286932,1.5771292307936633,0.6695471392013133,109036.36519324685,0.42453536852168744,109036.36519324673,-1.0676742719789872e-13
PINN Baseline,3,996,True,optimal,6.765649700020444e-07,1.4799292217940092,1.4799298983589793,0.6519707893021405,106715.62784365314,0.44054167026767854,106715.62784365316,1.3636161378056606e-14
PINN Baseline,3,997,True,optimal,6.765649700020444e-07,1.5406128470785916,1.5406135236435616,0.5959508498199284,107982.41472931315,0.386826962553529,107982.41472931305,-9.433332904613764e-14
PINN Baseline,3,998,True,optimal,6.765649700020444e-07,1.5182830630801618,1.5182837396451319,0.6287396550178528,111298.6947456006,0.4141120915678172,111298.69474560069,7.844790234941398e-14
PINN Baseline,3,999,True,optimal,6.765649700020444e-07,2.142547106835991,2.142547783400961,0.7069004811346531,113963.11131181337,0.3299345230996709,113963.11131181281,-4.852208511269553e-13
PINN Baseline,4,0,True,optimal,8.847385900533043e-07,1.5627925409935415,1.5627934257321314,1.7847302909940481,108877.06720057585,1.1420129248099087,108877.0672005752,-6.014454669964189e-13
PINN Baseline,4,1,True,optimal,8.847385900533043e-07,1.4148522289469838,1.4148531136855738,1.865777017083019,106536.90445984298,1.318707220584069,106536.90445984268,-2.7318074055459183e-13
PINN Baseline,4,2,True,optimal,8.847385900533043e-07,1.5007350533269346,1.5007359380655245,1.725114674307406,107936.0983009915,1.149512469549513,107936.0983009916,8.089183576631014e-14
PINN Baseline,4,3,True,optimal,8.847385900533043e-07,1.541993800085038,1.541994684823628,1.7752124881371856,109950.74309256567,1.1512442329463886,109950.74309256574,6.617470159394849e-14
PINN Baseline,4,4,True,optimal,8.847385900533043e-07,1.4084240160882473,1.4084249008268372,1.6225328636355698,108416.29662127362,1.152019438653092,108416.2966212737,6.711129083850044e-14
PINN Baseline,4,5,True,optimal,8.847385900533043e-07,1.7611082550138235,1.7611091397524135,1.8838105350732803,106403.6891941819,1.069672794576557,106403.68919418195,4.102841359704249e-14
PINN Baseline,4,6,True,optimal,8.847385900533043e-07,1.595405745320022,1.595406630058612,1.858479265589267,107600.81949957322,1.1648937835497086,107600.81949957236,-7.979149252455736e-13
PINN Baseline,4,7,True,optimal,8.847385900533043e-07,1.5416137599386275,1.5416146446772174,1.5804488440044224,109424.13931111751,1.0251906009464098,109424.13931111764,1.1968770134250932e-13
PINN Baseline,4,8,True,optimal,8.847385900533043e-07,1.4869679771363735,1.4869688618749635,1.8380808597430587,108880.72994772463,1.2361259921915027,108880.7299477249,2.5393509895802104e-13
PINN Baseline,4,9,True,optimal,8.847385900533043e-07,1.375891995150596,1.3758928798891858,1.6059250668622553,108583.92821096,1.1671875698576157,108583.92821096008,6.70076845999482e-14
PINN Baseline,4,10,True,optimal,8.847385900533043e-07,1.3944580247625709,1.3944589095011608,1.9726422149688005,109353.15913483287,1.4146291450599093,109353.15913483276,-9.315085856181804e-14
PINN Baseline,4,11,True,optimal,8.847385900533043e-07,1.4067236729897559,1.4067245577283458,1.6928835581056774,110244.58357065184,1.2034221971922041,110244.58357065216,2.9039262034937344e-13
PINN Baseline,4,12,True,optimal,8.847385900533043e-07,1.2370364824309945,1.2370373671695845,1.5272290189750493,110056.5909325695,1.23458600322595,110056.59093256928,-1.9833317257595215e-13
PINN Baseline,4,13,True,optimal,8.847385900533043e-07,1.2137414468452334,1.2137423315838234,1.4124120296910405,108689.08795278132,1.1636835866538255,108689.08795278743,5.623199633958911e-12
PINN Baseline,4,14,True,optimal,8.847385900533043e-07,1.8003981937654316,1.8003990785040216,1.4632038529962301,107481.16759995068,0.812710843093759,107481.16759995074,5.415614866607954e-14
PINN Baseline,4,15,True,optimal,8.847385900533043e-07,1.868605730123818,1.8686066148624079,1.7861384581774473,114609.23216198436,0.955866496442306,114609.23216198484,4.1900045352139777e-13
PINN Baseline,4,16,True,optimal,8.847385900533043e-07,1.878937487024814,1.8789383717634038,1.6345147392712533,107621.30735375873,0.8699139704817693,107621.307353759,2.433853300532825e-13
PINN Baseline,4,17,True,optimal,8.847385900533043e-07,1.8788208588957787,1.8788217436343686,1.5707424571737647,105529.92167265005,0.8360252708888395,105529.9216726502,1.5168311032066332e-13
PINN Baseline,4,18,True,optimal,8.847385900533043e-07,1.5765887522138655,1.5765896369524555,1.4230409348383546,102959.30556307294,0.9026070586059983,102959.30556307251,-4.0987605667572984e-13
PINN Baseline,4,19,True,optimal,8.847385900533043e-07,1.6794819277711213,1.6794828125097112,1.4733537547290325,111709.7507260652,0.8772663487561074,111709.75072606538,1.5631847856201285e-13
PINN Baseline,4,20,True,optimal,8.847385900533043e-07,1.7382331700064242,1.7382340547450141,1.6002011108212173,105053.42777183131,0.9205901279249501,105053.42777183159,2.631864520779648e-13
PINN Baseline,4,21,True,optimal,8.847385900533043e-07,1.807513436768204,1.807514321506794,1.5572486938908696,108219.69960825871,0.8615415520429758,108219.6996082585,-2.0169962512892153e-13
PINN Baseline,4,22,True,optimal,8.847385900533043e-07,2.0385717223398387,2.0385726070784287,1.7215526248328388,108265.78227578515,0.844489236662546,108265.78227578475,-3.7634570944711436e-13
PINN Baseline,4,23,True,optimal,8.847385900533043e-07,1.688209124840796,1.688210009579386,1.4843235006555915,105270.67718761627,0.8792291789724713,105270.67718761467,-1.5205665223066093e-12
PINN Baseline,4,24,True,optimal,8.847385900533043e-07,1.7819802020676434,1.7819810868062333,1.5382078108377755,106589.74625659699,0.8632009745931917,106589.74625659698,-1.3652265569087245e-14
PINN Baseline,4,25,True,optimal,8.847385900533043e-07,1.6623666938394308,1.6623675785780208,1.4399546710774302,110737.47437137822,0.8662071431332646,110737.47437137806,-1.4455004362408339e-13
PINN Baseline,4,26,True,optimal,8.847385900533043e-07,1.7232649251818657,1.7232658099204556,1.7021430833265185,111660.31352560828,0.9877426184211755,111660.31352560916,7.94970747352236e-13
PINN Baseline,4,27,True,optimal,8.847385900533043e-07,1.9211640739813447,1.9211649587199346,1.4650265048258007,103882.48377557757,0.7625719479091179,103882.48377557975,2.1012082161710828e-12
PINN Baseline,4,28,True,optimal,8.847385900533043e-07,1.7591436910443008,1.7591445757828907,1.7061548558995128,109737.50841280662,0.9698775640087481,109737.5084128067,6.63032879041958e-14
PINN Baseline,4,29,True,optimal,8.847385900533043e-07,1.3667884739115834,1.3667893586501734,1.4637496010400355,105262.71313522584,1.0709401501966762,105262.71313521902,-6.483633224745505e-12
PINN Baseline,4,30,True,optimal,8.847385900533043e-07,1.5840845461934805,1.5840854309320704,1.5045020380057395,110160.9891403156,0.949760668602637,110160.9891403158,1.717258527225195e-13
PINN Baseline,4,31,True,optimal,8.847385900533043e-07,1.6857246807776392,1.685725565516229,1.590288466308266,109013.0933062641,0.9433851504893461,109013.09330626356,-4.939047660421126e-13
PINN Baseline,4,32,True,optimal,8.847385900533043e-07,2.067666060756892,2.067666945495482,2.011766794603318,112654.19820406882,0.9729646251714062,112654.19820407193,2.7643087505974825e-12
PINN Baseline,4,33,True,optimal,8.847385900533043e-07,1.7758906823582947,1.7758915670968847,1.715422441251576,107678.96144842662,0.965949989872321,107678.96144842681,1.7568417769275694e-13
PINN Baseline,4,34,True,optimal,8.847385900533043e-07,1.6841756352223456,1.6841765199609355,1.5963502060621977,105370.31377968761,0.9478520731895876,105370.31377968764,2.7620521770092794e-14
PINN Baseline,4,35,True,optimal,8.847385900533043e-07,1.4142496515996754,1.4142505363382654,1.3882612027227879,105705.30033838797,0.9816232464137731,105705.30033839605,7.640404904852823e-12
PINN Baseline,4,36,True,optimal,8.847385900533043e-07,1.7433278043754399,1.7433286891140298,1.7682727929204702,104926.96161640872,1.0143083194593197,104926.96161640837,-3.328467346243909e-13
PINN Baseline,4,37,True,optimal,8.847385900533043e-07,1.6905681560747325,1.6905690408133225,1.558708708267659,108167.44312857518,0.9220023972033545,108167.44312857531,1.2107824061221924e-13
PINN Baseline,4,38,True,optimal,8.847385900533043e-07,1.3737646020017564,1.3737654867403464,1.6624067472293973,106916.86236317095,1.210109558927656,106916.86236308559,-7.983916927869365e-11
PINN Baseline,4,39,True,optimal,8.847385900533043e-07,1.592186070047319,1.5921869547859089,1.5689353202469647,108150.51890674402,0.9853964168786506,108150.51890673376,-9.485946382601125e-12
PINN Baseline,4,40,True,optimal,8.847385900533043e-07,1.6724329520948231,1.672433836833413,1.6886817761696875,108164.81927624285,1.0097151462607563,108164.81927624301,1.4798810609873881e-13
PINN Baseline,4,41,True,optimal,8.847385900533043e-07,1.6378608820959926,1.6378617668345825,1.6405739928595722,107715.6325320884,1.0016559553925186,107715.63253208812,-2.7019133409501814e-13
PINN Baseline,4,42,True,optimal,8.847385900533043e-07,1.4350916119292378,1.4350924966678278,1.5221768729388714,107196.83580684727,1.0606820650747228,107196.83580684691,-3.3937371189265406e-13
PINN Baseline,4,43,True,optimal,8.847385900533043e-07,1.4346548598259687,1.4346557445645587,1.4490136969834566,107683.84195104902,1.0100079426533477,107683.8419510488,-2.027033252813621e-13
PINN Baseline,4,44,True,optimal,8.847385900533043e-07,1.4259887211956084,1.4259896059341983,1.307226236909628,110358.55930252817,0.916715122936141,110358.55930252791,-2.3734858063211666e-13
PINN Baseline,4,46,True,optimal,8.847385900533043e-07,1.4663352179341018,1.4663361026726918,1.3341030590236187,106119.37488483146,0.9098207816011269,106119.37488485257,1.9897242157028973e-11
PINN Baseline,4,47,True,optimal,8.847385900533043e-07,1.4279842237010598,1.4279851084396498,1.445161947980523,109093.61492941905,1.0120287245569686,109093.61492941837,-6.269294643648345e-13
PINN Baseline,4,48,True,optimal,8.847385900533043e-07,1.348670416045934,1.348671300784524,1.5158409709110856,114876.92271458294,1.12395138091047,114876.9227145696,-1.1603335147044229e-11
PINN Baseline,4,49,True,optimal,8.847385900533043e-07,1.3712157951667905,1.3712166799053804,1.3321644337847829,116480.76359186176,0.9715200035903208,116480.7635918619,1.249297719180093e-13
PINN Baseline,4,50,True,optimal,8.847385900533043e-07,1.3786034979857504,1.3786043827243404,1.1914931652136147,112165.28212539479,0.8642749001414283,112165.2821253946,-1.6865726576364481e-13
PINN Baseline,4,51,True,optimal,8.847385900533043e-07,1.4226069361902773,1.4226078209288673,1.2844604006968439,108554.43627495646,0.9028914236238189,108554.43627495658,1.0724142266472427e-13
PINN Baseline,4,52,True,optimal,8.847385900533043e-07,1.3683957238681614,1.3683966086067514,1.2426477740518749,111711.00113382096,0.908104979386854,111711.00113381616,-4.298710043434743e-12
PINN Baseline,4,53,True,optimal,8.847385900533043e-07,1.429314395878464,1.429315280617054,1.1233605109155178,108071.01005219758,0.785943119862644,108071.01005219774,1.4811656468716458e-13
PINN Baseline,4,54,True,optimal,8.847385900533043e-07,1.4920439501293004,1.4920448348678903,1.1874049128964543,108284.0112637743,0.7958238821969384,108284.01126377418,-1.0750924394863158e-13
PINN Baseline,4,55,True,optimal,8.847385900533043e-07,1.4216014849953353,1.4216023697339253,1.21749607892707,106221.46073605456,0.8564251895239475,106221.46073605446,-9.589719995631038e-14
PINN Baseline,4,56,True,optimal,8.847385900533043e-07,1.6181467911228538,1.6181476758614437,1.3489037118852139,105822.57134016354,0.8336097699903107,105822.5713401637,1.5126363448256385e-13
PINN Baseline,4,57,True,optimal,8.847385900533043e-07,1.2661742297932506,1.2661751145318405,1.7624327689409256,110967.06865353687,1.3919344557585724,110967.06865353654,-3.016156543680762e-13
PINN Baseline,4,58,True,optimal,8.847385900533043e-07,1.3859033286571503,1.3859042133957402,1.9662965000607073,107860.12642273864,1.418782395677181,107860.12642273796,-6.340990303058429e-13
PINN Baseline,4,59,True,optimal,8.847385900533043e-07,1.5207277839072049,1.5207286686457948,1.958918352611363,106641.83875809934,1.2881445539892233,106641.83875809934,0.0
PINN Baseline,4,60,True,optimal,8.847385900533043e-07,1.4263284732587636,1.4263293579973535,1.703387247864157,110554.36523404947,1.1942453812041058,110554.36523404943,-3.9488034319295324e-14
PINN Baseline,4,61,True,optimal,8.847385900533043e-07,1.3581205210648477,1.3581214058034377,1.862439049873501,109800.5113401173,1.3713347289241193,109800.51134011765,3.1807316852922713e-13
PINN Baseline,4,62,True,optimal,8.847385900533043e-07,1.4295371128246188,1.4295379975632088,1.6861459179781377,111027.04924400538,1.1795040921279063,111027.04924400557,1.703863150978797e-13
PINN Baseline,4,63,True,optimal,8.847385900533043e-07,1.445302682928741,1.445303567667331,1.8504464547149837,109838.24718319307,1.2803168110222956,109838.24718319325,1.5898194592377126e-13
PINN Baseline,4,64,True,optimal,8.847385900533043e-07,1.3704097401350737,1.3704106248736636,1.7007422442547977,104908.48113994401,1.2410457226362988,104908.48113994398,-2.7742114022135426e-14
PINN Baseline,4,65,True,optimal,8.847385900533043e-07,1.4779390720650554,1.4779399568036453,1.9917859612032771,106160.57631981354,1.3476771854189067,106160.57631981348,-5.482982754173658e-14
PINN Baseline,4,66,True,optimal,8.847385900533043e-07,1.4615823538042605,1.4615832385428504,1.9344260557554662,108542.35847971297,1.323514121360631,108542.35847971309,1.0725335570139959e-13
PINN Baseline,4,67,True,optimal,8.847385900533043e-07,1.4533977531827986,1.4533986379213886,1.997136422432959,109026.21646467096,1.3741146925039158,109026.21646467129,3.0698492629145985e-13
PINN Baseline,4,68,True,optimal,8.847385900533043e-07,1.2144570387899876,1.2144579235285775,1.6747254943475127,107668.14539040117,1.3789901337064352,107668.14539040113,-4.0546575337400163e-14
PINN Baseline,4,69,True,optimal,8.847385900533043e-07,1.315521885175258,1.3155227699138479,2.1375795691274107,107861.71138993838,1.6248898293622074,107861.71138993844,5.396508192145852e-14
PINN Baseline,4,70,True,optimal,8.847385900533043e-07,1.3223777646198869,1.3223786493584768,1.8016942478716373,103775.30287806819,1.362464713677652,103775.30287806837,1.6827027037981975e-13
PINN Baseline,4,71,True,optimal,8.847385900533043e-07,1.4365792241878808,1.4365801089264707,1.9228192497976124,108843.15193322762,1.338469910483794,108843.15193525466,1.8623478827674444e-09
PINN Baseline,4,72,True,optimal,8.847385900533043e-07,1.319753766991198,1.319754651729788,2.0303332270123065,109935.70532123644,1.5384171780346982,109935.70532123627,-1.5884100823308225e-13
PINN Baseline,4,73,True,optimal,8.847385900533043e-07,1.2844725591130555,1.2844734438516454,1.9172118678689003,112755.29713414115,1.4926052983391498,112755.297134141,-1.2905748641728941e-13
PINN Baseline,4,74,True,optimal,8.847385900533043e-07,1.2131555886007845,1.2131564733393745,1.6834007930010557,105305.54010005722,1.3876205007316749,105305.54010074148,6.497855262107851e-10
PINN Baseline,4,75,True,optimal,8.847385900533043e-07,1.0958909969776869,1.0958918817162768,1.5456189666874707,101321.1328042637,1.4103754142852816,101321.13280426404,3.303299528825968e-13
PINN Baseline,4,76,True,optimal,8.847385900533043e-07,1.3243820988573134,1.3243829835959033,1.6095998529344797,109768.25856769591,1.2153583010891371,109768.25856769588,-2.65138855589887e-14
PINN Baseline,4,77,True,optimal,8.847385900533043e-07,1.1222635987214744,1.1222644834600644,1.4679895951412618,104739.48150978665,1.3080602805991766,104739.48150981202,2.421626293870231e-11
PINN Baseline,4,78,True,optimal,8.847385900533043e-07,1.095645789988339,1.095646674726929,1.6067710141651332,104805.85849527956,1.4665047147298589,104805.85849527977,1.943849476757177e-13
PINN Baseline,4,79,True,optimal,8.847385900533043e-07,1.0923202927224338,1.0923211774610238,1.6542868171818554,108064.88236910733,1.5144692342476203,108064.88236908763,-1.823283641017623e-11
PINN Baseline,4,80,True,optimal,8.847385900533043e-07,1.0678301029838622,1.067830987722452,1.642730558756739,109276.1113813085,1.5383806778828124,109276.11138130886,3.3291620291989853e-13
PINN Baseline,4,81,True,optimal,8.847385900533043e-07,1.7742823720909655,1.7742832568295555,1.9311787472106516,108639.64279763623,1.0884275325132982,108639.64279764038,3.817479267498834e-12
PINN Baseline,4,82,True,optimal,8.847385900533043e-07,1.6745146089233458,1.6745154936619357,1.8406509971246123,105268.98302607624,1.0992140736180118,105268.9830260763,5.5294217955016016e-14
PINN Baseline,4,83,True,optimal,8.847385900533043e-07,1.643627563957125,1.643628448695715,1.883398710284382,107623.73717550874,1.145878627118516,107623.73717550887,1.2168991757062406e-13
PINN Baseline,4,84,True,optimal,8.847385900533043e-07,1.4689709790982306,1.4689718638368205,1.9698952180333436,109528.93865846266,1.341002688021646,109528.93865846244,-1.9928863650011973e-13
PINN Baseline,4,85,True,optimal,8.847385900533043e-07,1.3877252154052258,1.3877261001438157,1.7361704390496016,108569.34721783205,1.2510901386589726,108569.34721783208,2.6806673524839546e-14
PINN Baseline,4,86,True,optimal,8.847385900533043e-07,1.4108466878533363,1.4108475725919263,1.870545371901244,112088.85673641482,1.3258309460495352,112088.85673641464,-1.5578977948810826e-13
PINN Baseline,4,87,True,optimal,8.847385900533043e-07,1.3918485189788043,1.3918494037173943,1.6847413331270218,106055.81963364282,1.2104336350091918,106055.81963364311,2.74419928649549e-13
PINN Baseline,4,88,True,optimal,8.847385900533043e-07,1.6124129807576537,1.6124138654962437,2.1064311740919948,106322.46714683443,1.3063836891800171,106322.46714683455,1.0949268292106302e-13
PINN Baseline,4,89,True,optimal,8.847385900533043e-07,1.4320515007711947,1.4320523855097846,2.099604783114046,110809.34412445486,1.4661508226646505,110809.3441244547,-1.444562900149039e-13
PINN Baseline,4,90,True,optimal,8.847385900533043e-07,1.6439326726831496,1.6439335574217395,1.8080654428340495,108854.65278121222,1.0998409483590845,108854.65278121192,-2.8073234536874777e-13
PINN Baseline,4,91,True,optimal,8.847385900533043e-07,1.5795281371101737,1.5795290218487636,1.908466697204858,109218.42758615366,1.2082504789757447,109218.42758615305,-5.59594615212068e-13
PINN Baseline,4,92,True,optimal,8.847385900533043e-07,1.5258807907812297,1.5258816755198197,1.72764258319512,109204.2897209708,1.1322257884816442,109204.28972097141,5.596670617546639e-13
PINN Baseline,4,93,True,optimal,8.847385900533043e-07,1.6160641382448375,1.6160650229834275,1.8745560753159225,105654.10720586358,1.1599508984207165,105654.10720586326,-3.0300964485960234e-13
PINN Baseline,4,94,True,optimal,8.847385900533043e-07,1.72958305478096,1.72958393951955,1.9045514478348196,109784.29055316623,1.1011616171481522,109784.29055316625,2.6510013691475584e-14
PINN Baseline,4,95,True,optimal,8.847385900533043e-07,2.088063078932464,2.088063963671054,1.6264373688027263,109044.49879020455,0.7789212385732017,109044.49879020479,2.135189268940771e-13
PINN Baseline,4,96,True,optimal,8.847385900533043e-07,1.4262034581042826,1.4262043428428726,1.5373736401088536,109178.48363535228,1.077947664248719,109178.48363535164,-5.86456459852146e-13
PINN Baseline,4,97,True,optimal,8.847385900533043e-07,1.401280825957656,1.4012817106962459,1.6758943619206548,106718.46480946364,1.1959724794295388,106718.46480946326,-3.545307708586777e-13
PINN Baseline,4,98,True,optimal,8.847385900533043e-07,1.277037598658353,1.277038483396943,1.6285323100164533,104432.2282056514,1.2752413738421813,104432.22820565113,-2.508176629103358e-13
PINN Baseline,4,99,True,optimal,8.847385900533043e-07,1.286045926157385,1.286046810895975,1.680159649811685,112503.46885281954,1.3064529499055604,112503.46885281947,-6.467318464377357e-14
PINN Baseline,4,100,True,optimal,8.847385900533043e-07,1.51600821595639,1.5160091006949798,1.485599079169333,105129.27764033226,0.9799407394640929,105129.27764026106,-6.772853653194184e-11
PINN Baseline,4,101,True,optimal,8.847385900533043e-07,1.5794089403934777,1.5794098251320676,1.6131256492808461,104261.74440487826,1.021347102957245,104261.74440487973,1.4096670321931471e-12
PINN Baseline,4,102,True,optimal,8.847385900533043e-07,1.2037123958580196,1.2037132805966095,1.5266423323191702,113338.46805434416,1.268277385427287,113338.46805434398,-1.66911465468249e-13
PINN Baseline,4,103,True,optimal,8.847385900533043e-07,1.368786761071533,1.368787645810123,1.5689953258261085,109278.08441539138,1.146266428272365,109278.08440607159,-8.528506616657095e-09
PINN Baseline,4,104,True,optimal,8.847385900533043e-07,1.5937056806869805,1.5937065654255704,1.8781335768289864,109498.92131621025,1.1784688709790594,109498.92131620993,-2.923701267335469e-13
PINN Baseline,4,105,True,optimal,8.847385900533043e-07,1.3337053772993386,1.3337062620379285,1.748144798912108,109624.1305631282,1.3107419892000127,109624.13056312816,-3.9823116918551924e-14
PINN Baseline,4,106,True,optimal,8.847385900533043e-07,1.692265986930579,1.692266871669169,1.8979798229411244,106251.96772916931,1.1215605852220285,106251.96772917022,8.628269941540395e-13
PINN Baseline,4,107,True,optimal,8.847385900533043e-07,1.5761543572880328,1.5761552420266227,1.610238186083734,103080.15480054608,1.0216241034818927,103080.15480054654,4.5174678696279217e-13
PINN Baseline,4,108,True,optimal,8.847385900533043e-07,1.6739230011589825,1.6739238858975725,1.565448823850602,108522.95925396669,0.9351971359266402,108522.95925396668,-1.340906599709679e-14
PINN Baseline,4,109,True,optimal,8.847385900533043e-07,1.5321029392071068,1.5321038239456968,1.1398183908313513,106977.9228660657,0.7439563644557228,106977.92286606508,-5.713145509065398e-13
PINN Baseline,4,110,True,optimal,8.847385900533043e-07,1.4363159849308431,1.436316869669433,1.1616820748895407,109112.72202173813,0.8087923350485333,109112.72202173789,-2.1338542320251494e-13
PINN Baseline,4,111,True,optimal,8.847385900533043e-07,1.401483526919037,1.401484411657627,1.1564334812574089,109666.97805385804,0.8251490146006116,109666.97805385772,-2.9192209059216276e-13
PINN Baseline,4,112,True,optimal,8.847385900533043e-07,1.365174788981676,1.365175673720266,1.160443204920739,105759.46911593789,0.8500321440378389,105759.46911593694,-8.943638784787571e-13
PINN Baseline,4,113,True,optimal,8.847385900533043e-07,1.3669911548495293,1.3669920395881192,1.1370110921561718,108496.46530604672,0.8317613118645214,108496.46530604668,-4.023702114345981e-14
PINN Baseline,4,114,True,optimal,8.847385900533043e-07,1.2248953129164875,1.2248961976550774,1.0826282459311187,105290.33572317987,0.8838530546536807,105290.33572317971,-1.5202826205519962e-13
PINN Baseline,4,115,True,optimal,8.847385900533043e-07,1.467287965118885,1.467288849857475,1.3958814041689038,108303.09162508957,0.9513337502050074,108303.09162507669,-1.1891114818481539e-11
PINN Baseline,4,116,True,optimal,8.847385900533043e-07,1.4291310622356832,1.4291319469742731,1.2144600916653872,107016.81675805882,0.8497886386464283,107016.81675805885,2.7195567330815848e-14
PINN Baseline,4,117,True,optimal,8.847385900533043e-07,1.5085477568209171,1.508548641559507,1.2822659690864384,106858.10830128586,0.849999750595286,106858.10830136096,7.028239193777455e-11
PINN Baseline,4,118,True,optimal,8.847385900533043e-07,1.3730221618898213,1.3730230466284112,1.2220814982429147,113695.52527616716,0.8900662674554897,113695.52527616709,-6.399510971526872e-14
PINN Baseline,4,119,True,optimal,8.847385900533043e-07,1.3936985218897462,1.3936994066283361,1.521174515131861,107605.56695558378,1.0914652814640389,107605.56695561972,3.340276124273605e-11
PINN Baseline,4,120,True,optimal,8.847385900533043e-07,1.3462916589342058,1.3462925436727957,1.4611917650327086,108024.71639094442,1.085344914000978,108024.7163909094,-3.242448684421192e-11
PINN Baseline,4,121,True,optimal,8.847385900533043e-07,1.3594109960831702,1.3594118808217601,1.33489806111902,103480.64702715352,0.9819673345153335,103480.64702715352,0.0
PINN Baseline,4,122,True,optimal,8.847385900533043e-07,1.368729301262647,1.3687301860012369,1.1138444989919662,108353.39077420508,0.8137794507521439,108353.39077420352,-1.4370154162318381e-12
PINN Baseline,4,123,True,optimal,8.847385900533043e-07,1.522871526889503,1.522872411628093,1.3141992357559502,111855.5983773533,0.8629739600778167,111855.59837735316,-1.170859920783525e-13
PINN Baseline,4,124,True,optimal,8.847385900533043e-07,1.3424265920184553,1.3424274767570452,1.0039308378472924,105965.96613127821,0.747847355056027,105965.9661312781,-1.0986104886045317e-13
PINN Baseline,4,125,True,optimal,8.847385900533043e-07,1.2267840378917754,1.2267849226303653,1.1067948853597045,104843.12658404678,0.9021914639989309,104843.12658404779,9.576995492903364e-13
PINN Baseline,4,126,True,optimal,8.847385900533043e-07,1.2960684699937701,1.29606935473236,1.0984806567430496,108765.01625508192,0.8475477432840677,108765.01625508207,1.3379224064324938e-13
PINN Baseline,4,127,True,optimal,8.847385900533043e-07,1.6042452650144696,1.6042461497530596,1.0923783089965582,108008.3349269455,0.6809293630935048,108008.33492694572,2.0209433704643422e-13
PINN Baseline,4,128,True,optimal,8.847385900533043e-07,1.2661411850713193,1.2661420698099093,1.1233527632430196,105553.92805566255,0.8872248936580022,105553.92805566231,-2.2057980024304667e-13
PINN Baseline,4,129,True,optimal,8.847385900533043e-07,1.2651471327990294,1.2651480175376193,0.9945382811129093,105571.68676844201,0.7861042876616108,105571.6867684247,-1.640286297569413e-11
PINN Baseline,4,130,True,optimal,8.847385900533043e-07,1.3543685376644135,1.3543694224030034,1.0546170850284398,109399.90558516803,0.7786775657983144,109399.90558516831,2.5273000727018454e-13
PINN Baseline,4,131,True,optimal,8.847385900533043e-07,1.2226166031323373,1.2226174878709273,0.9553221161477268,110184.08540137636,0.7813744900797468,110184.08540137633,-2.6413824056999574e-14
PINN Baseline,4,132,True,optimal,8.847385900533043e-07,1.5052215000614524,1.5052223848000423,1.512404760811478,106682.95207445277,1.0047716377885183,106682.9520744527,-6.820168989236088e-14
PINN Baseline,4,133,True,optimal,8.847385900533043e-07,1.3415165888145566,1.3415174735531465,1.481747468933463,104196.69656186177,1.1045308750313203,104196.69656186173,-4.1897437371425745e-14
PINN Baseline,4,134,True,optimal,8.847385900533043e-07,1.5284991757944226,1.5285000605330126,1.6492950171232224,109434.0110782604,1.0790284277437887,109434.0110782595,-8.244408984639465e-13
PINN Baseline,4,135,True,optimal,8.847385900533043e-07,1.2780648041516542,1.2780656888902442,1.569290020968765,102699.78041687197,1.227863352103125,102699.78041687164,-3.258955850673392e-13
PINN Baseline,4,136,True,optimal,8.847385900533043e-07,1.6104503287933767,1.6104512135319666,1.8976447116583586,112459.39896550402,1.178331076230824,112459.39896550379,-2.070352907766193e-13
PINN Baseline,4,137,True,optimal,8.847385900533043e-07,1.4202185198664665,1.4202194046050565,1.585271978750825,106057.86591947907,1.1162162505388857,106057.86591948087,1.7013707306607973e-12
PINN Baseline,4,138,True,optimal,8.847385900533043e-07,1.5754790212959051,1.575479906034495,1.681043075863272,115828.55635773766,1.0670038185980302,115828.55635773703,-5.402228729219364e-13
PINN Baseline,4,139,True,optimal,8.847385900533043e-07,1.132730842102319,1.132731726840909,1.326399858109653,105867.49074753454,1.1709744034528526,105867.49074753467,1.2370864382497103e-13
PINN Baseline,4,140,True,optimal,8.847385900533043e-07,1.3205946986563504,1.3205955833949403,1.452449896838516,109307.92847947616,1.0998445815672118,109307.92847947626,9.318940356434804e-14
PINN Baseline,4,141,True,optimal,8.847385900533043e-07,1.298743654973805,1.298744539712395,1.5029239691793919,107917.43661157327,1.1572129261942554,107917.43661157158,-1.5641792647153445e-12
PINN Baseline,4,142,True,optimal,8.847385900533043e-07,1.1116505600512028,1.1116514447897927,1.549684084020555,110748.31564663223,1.3940377546251397,110748.31564663218,-3.9418880034613056e-14
PINN Baseline,4,143,True,optimal,8.847385900533043e-07,1.071629571262747,1.071630456001337,1.2093001771718264,101214.83848625835,1.1284675331869418,101214.83848625829,-5.75090192149742e-14
PINN Baseline,4,144,True,optimal,8.847385900533043e-07,1.1208363231271505,1.1208372078657405,1.6555333151482046,108442.77172701947,1.4770506399413827,108442.77172693548,-7.745435989921835e-11
PINN Baseline,4,145,True,optimal,8.847385900533043e-07,1.1148509588092566,1.1148518435478465,1.6038178708404303,105789.29744707132,1.4385928319735506,105789.29745339675,5.979268852438737e-09
PINN Baseline,4,146,True,optimal,8.847385900533043e-07,1.054153449833393,1.054154334571983,1.5968632642179728,108403.18427226276,1.5148287227470778,108403.18427226241,-3.221731610795186e-13
PINN Baseline,4,147,True,optimal,8.847385900533043e-07,1.062646104954183,1.062646989692773,1.8825199217535555,107489.71261868572,1.7715383754089586,107489.71261868603,2.842971781678956e-13
PINN Baseline,4,148,True,optimal,8.847385900533043e-07,1.3121218429878354,1.3121227277264254,1.6469828612171113,102888.9541177796,1.2552048877858502,102888.95411777173,-7.651536752462773e-12
PINN Baseline,4,149,True,optimal,8.847385900533043e-07,1.5630043870769441,1.563005271815534,1.793892142828554,114372.8196748799,1.147719828702068,114372.81967488003,1.145090568087712e-13
PINN Baseline,4,150,True,optimal,8.847385900533043e-07,1.4679587092250586,1.4679595939636485,1.6372365169227123,107852.70067468159,1.1153144293992439,107852.70067468137,-2.0238596443115651e-13
PINN Baseline,4,151,True,optimal,8.847385900533043e-07,1.5217627817764878,1.5217636665150778,1.6599281602539122,104518.60512555485,1.090792346261781,104518.60512555472,-1.2530519030365447e-13
PINN Baseline,4,152,True,optimal,8.847385900533043e-07,1.5602341261692345,1.5602350109078245,1.7611070708371699,105211.67695179096,1.128744745839582,105211.67695179484,3.692899380127037e-12
PINN Baseline,4,153,True,optimal,8.847385900533043e-07,1.591717239934951,1.591718124673541,1.8201225968077779,107444.87113699336,1.1434955527575477,107444.87113699285,-4.740263798571224e-13
PINN Baseline,4,154,True,optimal,8.847385900533043e-07,1.6747491988353431,1.674750083573933,1.6728643220849335,107773.32046394121,0.9988740042424865,107773.32046394155,3.105537147891991e-13
PINN Baseline,4,155,True,optimal,8.847385900533043e-07,1.975145623087883,1.975146507826473,1.782784114126116,109912.07704462801,0.9026085442582992,109912.07704462767,-3.0451071370122553e-13
PINN Baseline,4,156,True,optimal,8.847385900533043e-07,1.4521911540068686,1.4521920387454585,1.769526693969965,111392.16145913696,1.2185211368454067,111392.16145913381,-2.8217548238170196e-12
PINN Baseline,4,157,True,optimal,8.847385900533043e-07,1.4386342326179147,1.4386351173565046,1.4454205469228327,104581.10715169032,1.0047165744006001,104581.10715169106,7.096383819787418e-13
PINN Baseline,4,158,True,optimal,8.847385900533043e-07,1.5288523682393134,1.5288532529779033,1.6717750490643084,109063.56202613235,1.0934830048652622,109063.56202613236,1.3342600368104718e-14
PINN Baseline,4,159,True,optimal,8.847385900533043e-07,1.5440946011804044,1.5440954859189944,1.7471130480989814,114265.44450179077,1.13147992726574,114265.44450179023,-4.712018281617373e-13
PINN Baseline,4,160,True,optimal,8.847385900533043e-07,1.6344476323574781,1.634448517096068,1.835594980046153,110268.56216013472,1.1230668698622963,110268.56216013485,1.1877114790442974e-13
PINN Baseline,4,161,True,optimal,8.847385900533043e-07,1.5141243897378445,1.5141252744764344,1.6088712741620839,115519.64040440203,1.0625747428451133,115519.64040440202,-1.259691873816838e-14
PINN Baseline,4,162,True,optimal,8.847385900533043e-07,1.5766552523709834,1.5766561371095733,1.4511742130853236,105403.37636943492,0.9204126244963653,105403.37636943489,-2.7611857854273907e-14
PINN Baseline,4,163,True,optimal,8.847385900533043e-07,1.5005193250253797,1.5005202097639696,1.4967042868956923,104800.79821518327,0.9974569333732083,104800.79821518331,4.1655928607971064e-14
PINN Baseline,4,164,True,optimal,8.847385900533043e-07,1.4019729918800294,1.4019738766186194,1.6276547270826995,107666.45444361301,1.1609736488160487,107666.45444361315,1.3515737379452734e-13
PINN Baseline,4,165,True,optimal,8.847385900533043e-07,1.375293199904263,1.375294084642853,1.4740419937297702,107685.67088939677,1.0718013043098058,107685.67088939679,1.3513325503922455e-14
PINN Baseline,4,166,True,optimal,8.847385900533043e-07,1.3024542089551687,1.3024550936937587,1.3598876921460032,104569.34288214086,1.0440956457772113,104569.34288214133,4.453133915478285e-13
PINN Baseline,4,167,True,optimal,8.847385900533043e-07,1.4989232397638261,1.498924124502416,1.5218399320729077,105718.21535345101,1.0152881704923515,105718.21535345096,-5.5059254187048005e-14
PINN Baseline,4,168,True,optimal,8.847385900533043e-07,1.5152134508825839,1.5152143356211738,1.4901460679247975,111826.73494193738,0.9834556292749835,111826.73494087686,-9.483550410047823e-10
PINN Baseline,4,169,True,optimal,8.847385900533043e-07,1.3368942523375154,1.3368951370761053,1.5601680940017104,108716.16099622629,1.1670085788582645,108716.16099622645,1.4723760114891446e-13
PINN Baseline,4,170,True,optimal,8.847385900533043e-07,1.3536957101896405,1.3536965949282305,1.3948584008030593,109906.83766296561,1.0304069656591042,109906.83766296576,1.3240227394214517e-13
PINN Baseline,4,171,True,optimal,8.847385900533043e-07,1.3800399298779666,1.3800408146165566,1.556773123331368,109973.1951030176,1.1280631028031707,109973.19510301764,3.9696714862386196e-14
PINN Baseline,4,172,True,optimal,8.847385900533043e-07,1.2378288707695901,1.23782975550818,1.2308048969134688,112797.42828241971,0.9943248588398755,112797.42828241963,-7.74055691691769e-14
PINN Baseline,4,173,True,optimal,8.847385900533043e-07,1.1037630061618984,1.1037638909004883,1.272714224178344,112784.57955040963,1.1530674582405664,112784.57955040972,7.741438742623216e-14
PINN Baseline,4,174,True,optimal,8.847385900533043e-07,1.3238692269660532,1.3238701117046432,1.3565395809710026,109718.28768903145,1.0246772466403773,109718.28768903123,-1.9894470923950094e-13
PINN Baseline,4,175,True,optimal,8.847385900533043e-07,1.441185403149575,1.441186287888165,1.498377728741616,105137.13700212952,1.0396835865939693,105137.13700212819,-1.2595209680805383e-12
PINN Baseline,4,176,True,optimal,8.847385900533043e-07,1.4276357470080256,1.4276366317466156,1.348660851828754,106030.86168149213,0.9446807554796067,106030.86168149218,5.489690453362378e-14
PINN Baseline,4,177,True,optimal,8.847385900533043e-07,1.7001420762389898,1.7001429609775798,1.3534335382282734,112085.73450006943,0.7960704301302115,112085.73450006952,7.789705956751082e-14
PINN Baseline,4,178,True,optimal,8.847385900533043e-07,1.5573955508880317,1.5573964356266217,1.231445758137852,106006.7486052952,0.7907079597510297,106006.74860529538,1.6472817536418576e-13
PINN Baseline,4,179,True,optimal,8.847385900533043e-07,1.583848952781409,1.583849837519999,1.442040240392089,108223.35366251085,0.9104652513334495,108223.35366251085,0.0
PINN Baseline,4,180,True,optimal,8.847385900533043e-07,1.513702467083931,1.513703351822521,1.3606005953624845,107472.5473858793,0.8988555080652372,107472.54738587988,5.416049245066582e-13
PINN Baseline,4,181,True,optimal,8.847385900533043e-07,1.3893694742582738,1.3893703589968638,1.3180025918409228,106877.54321757122,0.9486330144487399,106877.54321757136,1.3615503117192201e-13
PINN Baseline,4,182,True,optimal,8.847385900533043e-07,1.3765822732821107,1.3765831580207006,1.3922130852006376,104939.01486344263,1.0113541467428748,104939.0148632399,-1.931814695517984e-10
PINN Baseline,4,183,True,optimal,8.847385900533043e-07,1.4641873319633305,1.4641882167019205,1.5515946610830724,108388.54835520934,1.0596961807123642,108388.54835520935,1.3425694364572107e-14
PINN Baseline,4,184,True,optimal,8.847385900533043e-07,1.3471632730215788,1.3471641577601687,1.4636836131103337,103389.83189240174,1.0864923956586652,103389.83189240178,4.222440919580301e-14
PINN Baseline,4,185,True,optimal,8.847385900533043e-07,1.483598883729428,1.483599768468018,1.471939705312252,105970.365345436,0.9921406949477983,105970.36534543603,2.7464122032478363e-14
PINN Baseline,4,186,True,optimal,8.847385900533043e-07,1.6169244418852031,1.616925326623793,1.4778282027691603,107916.46936988988,0.9139743056996495,107916.46936989,1.078753989142423e-13
PINN Baseline,4,187,True,optimal,8.847385900533043e-07,1.5244665662758052,1.5244674510143952,1.5046571558341384,109543.57027901632,0.987005104525469,109543.57027901638,5.313653805988594e-14
PINN Baseline,4,188,True,optimal,8.847385900533043e-07,1.563521615229547,1.563522499968137,1.468338882084936,109622.40504532929,0.9391223229054005,109622.40504532903,-2.3894246253974485e-13
PINN Baseline,4,189,True,optimal,8.847385900533043e-07,1.5400354308076203,1.5400363155462102,1.3813663846813142,112023.01821887858,0.8969700069646604,112023.01821887835,-2.078417876573799e-13
PINN Baseline,4,190,True,optimal,8.847385900533043e-07,1.560860120691359,1.560861005429949,1.4844416379928589,110394.1215739431,0.9510402481891461,110394.12157394335,2.2409033683603988e-13
PINN Baseline,4,191,True,optimal,8.847385900533043e-07,1.4881216757930815,1.4881225605316715,1.5710385600104928,109893.34655291318,1.0557185286198452,109893.34655291306,-1.0593482269727889e-13
PINN Baseline,4,192,True,optimal,8.847385900533043e-07,1.4303907128050923,1.4303915975436823,1.41590071702376,106906.79041035652,0.9898692913571315,106906.79041035636,-1.497295605803994e-13
PINN Baseline,4,193,True,optimal,8.847385900533043e-07,1.6697198669426143,1.6697207516812043,1.6221482157707214,109761.94966535347,0.9715086873882456,109761.94966535349,1.3257704762655274e-14
PINN Baseline,4,194,True,optimal,8.847385900533043e-07,1.6997193428687751,1.699720227607365,1.3909268751740456,112657.13419566702,0.8183269532139434,112657.13419566707,3.8750981903443115e-14
PINN Baseline,4,195,True,optimal,8.847385900533043e-07,1.6278048600070179,1.6278057447456078,1.617589671164751,113350.34783615646,0.9937240216691499,113350.34783615672,2.3108396146187346e-13
PINN Baseline,4,196,True,optimal,8.847385900533043e-07,1.465795319993049,1.4657962047316389,1.549999613314867,110383.2140658764,1.0574455086671781,110383.21406587641,1.3183087076701997e-14
PINN Baseline,4,197,True,optimal,8.847385900533043e-07,1.5918262796476483,1.5918271643862383,1.4895727219991386,109838.25871259537,0.9357628487094414,109838.25871259547,9.273945872094118e-14
PINN Baseline,4,198,True,optimal,8.847385900533043e-07,1.6946554416790605,1.6946563264176504,1.445736971218139,113727.36136718259,0.8531151412123162,113727.36136717445,-7.152650439496071e-12
PINN Baseline,4,199,True,optimal,8.847385900533043e-07,1.6668988750316203,1.6668997597702102,1.490672081708908,113611.72807510155,0.8942781789796431,113611.72807510215,5.251469495901404e-13
PINN Baseline,4,200,True,optimal,8.847385900533043e-07,1.7887465092353523,1.7887473939739422,1.4605158353224397,115249.56322020305,0.8165020059527287,115249.56322020308,2.5252877011886022e-14
PINN Baseline,4,201,True,optimal,8.847385900533043e-07,1.8004447286948562,1.8004456134334461,1.2301868749782443,106857.33982754895,0.6832680008768943,106857.33982754871,-2.1788923814650628e-13
PINN Baseline,4,202,True,optimal,8.847385900533043e-07,1.645478520076722,1.6454794048153119,1.2205802137032151,115085.08512536701,0.7417778734460749,115085.0851253697,2.3392295485685616e-12
PINN Baseline,4,203,True,optimal,8.847385900533043e-07,1.6355857308954,1.63558661563399,1.2424452509731054,105402.55613357149,0.7596328064175958,105402.55613357127,-2.070905454597219e-13
PINN Baseline,4,204,True,optimal,8.847385900533043e-07,1.6565269068814814,1.6565277916200714,1.2178078875876963,110087.95740460414,0.7351569311111222,110087.95740460425,1.0574755365755025e-13
PINN Baseline,4,205,True,optimal,8.847385900533043e-07,1.5631822342984378,1.5631831190370278,1.1908534090034664,104987.4259316855,0.7618131199734752,104987.42593168582,3.049337881970596e-13
PINN Baseline,4,206,True,optimal,8.847385900533043e-07,2.0584471886977553,2.0584480734363453,1.2754997941665351,109021.50623406842,0.6196414719547592,109021.50623312026,-8.696991752242056e-10
PINN Baseline,4,207,True,optimal,8.847385900533043e-07,1.8254890656098723,1.8254899503484623,1.082137973047793,110836.5150094327,0.5927931692208039,110836.5150094325,-1.7067921880498445e-13
PINN Baseline,4,208,True,optimal,8.847385900533043e-07,1.4083640789613128,1.4083649636999027,1.265590196941048,107191.22730054404,0.8986237442432731,107191.22730054408,4.07269762503027e-14
PINN Baseline,4,209,True,optimal,8.847385900533043e-07,1.4133903817273676,1.4133912664659576,1.6894518393091857,108877.2477857177,1.195317870849372,108877.24778571777,6.682716327017472e-14
PINN Baseline,4,210,True,optimal,8.847385900533043e-07,1.446144909132272,1.446145793870862,1.7205236391164362,108387.64783713415,1.1897304175059376,108387.64783713316,-9.129548018385246e-13
PINN Baseline,4,211,True,optimal,8.847385900533043e-07,1.3253056211397052,1.3253065058782951,1.7442257292568684,108880.54644928305,1.3160923314874629,108880.546449283,-4.009508319783788e-14
PINN Baseline,4,212,True,optimal,8.847385900533043e-07,1.2355931219644845,1.2355940067030744,1.8289608010090888,111942.56866411032,1.480227964110388,111942.56866411101,6.109740234614776e-13
PINN Baseline,4,213,True,optimal,8.847385900533043e-07,1.3045123382471502,1.3045132229857401,1.8792342529632151,109197.36881562926,1.4405635909631231,109197.36881562932,5.330500317434043e-14
PINN Baseline,4,214,True,optimal,8.847385900533043e-07,1.1618375233374536,1.1618384080760435,1.8455410990864038,111718.00902278344,1.5884662499172701,111718.00902278302,-3.7774173144866567e-13
PINN Baseline,4,215,True,optimal,8.847385900533043e-07,1.1394452219828963,1.1394461067214863,1.6234383550472558,105734.67381747153,1.4247609829642178,105734.67381747212,5.642695085937404e-13
PINN Baseline,4,216,True,optimal,8.847385900533043e-07,1.1771305943839252,1.1771314791225151,1.6790556209161878,109062.65409582926,1.4263959894843936,109062.65409582906,-1.867979602056345e-13
PINN Baseline,4,217,True,optimal,8.847385900533043e-07,1.1584220882505178,1.1584229729891078,1.70478549413383,113275.5704965628,1.4716433754200586,113275.57049656335,4.881659622228251e-13
PINN Baseline,4,218,True,optimal,8.847385900533043e-07,1.3275114838033915,1.3275123685419814,1.7675271299667656,109253.98502709641,1.3314581256279039,109253.98502709655,1.3319345033279829e-13
PINN Baseline,4,219,True,optimal,8.847385900533043e-07,1.153322814963758,1.153323699702348,1.7017706530168653,103503.0653895337,1.4755360125314876,103503.06538947311,-5.854336273314557e-11
PINN Baseline,4,220,True,optimal,8.847385900533043e-07,1.253941535949707,1.253942420688297,1.630507117137313,115023.44552829314,1.3003046154562004,115023.44552829294,-1.7711764089611085e-13
PINN Baseline,4,221,True,optimal,8.847385900533043e-07,1.249847386032343,1.2498482707709329,1.7172778747044504,110274.97965005241,1.3739890792065481,110274.97965005245,3.958807865903769e-14
PINN Baseline,4,222,True,optimal,8.847385900533043e-07,1.6133417980745435,1.6133426828131334,1.5459795729257166,113242.21466647592,0.9582462482366375,113242.21466647593,1.2850256656694283e-14
PINN Baseline,4,223,True,optimal,8.847385900533043e-07,2.053638730663806,2.053639615402396,1.820389891974628,106340.36160884323,0.8864212972527488,106340.361608912,6.467191791413153e-11
PINN Baseline,4,224,True,optimal,8.847385900533043e-07,2.097705519758165,2.097706404496755,1.9190206727944314,109408.21585238678,0.914818522115734,109408.2158523851,-1.5428660026483102e-12
PINN Baseline,4,225,True,optimal,8.847385900533043e-07,1.930906976107508,1.930907860846098,1.6643537878990173,106336.3418628828,0.8619540174069827,106336.34186288306,2.4632639182600355e-13
PINN Baseline,4,226,True,optimal,8.847385900533043e-07,2.059046695008874,2.059047579747464,1.5083054839633405,106652.68482499676,0.732525804065358,106652.68482499674,-1.3644209006313024e-14
PINN Baseline,4,227,True,optimal,8.847385900533043e-07,1.7558447350747883,1.7558456198133783,1.592502370942384,108113.8875877188,0.9069717479556344,108113.88758771858,-2.0189703034071467e-13
PINN Baseline,4,228,True,optimal,8.847385900533043e-07,1.9961727070622146,1.9961735918008046,1.548279098700732,107118.04889214196,0.7756234753631751,107118.04889214192,-4.0754799155329915e-14
PINN Baseline,4,229,True,optimal,8.847385900533043e-07,1.8635246600024402,1.8635255447410302,1.5238519059494138,105324.53136721901,0.817725257509781,105324.53136626177,-9.088476570569666e-10
PINN Baseline,4,231,True,optimal,8.847385900533043e-07,1.9481237512081861,1.948124635946776,1.9041527146473527,109486.2601357303,0.9774285892760382,109486.2601357301,-1.8607523258587465e-13
PINN Baseline,4,232,True,optimal,8.847385900533043e-07,2.030413179192692,2.030414063931282,1.9345075250603259,108480.9251653865,0.9527650341993484,108480.9251653864,-9.389983210713802e-14
PINN Baseline,4,233,True,optimal,8.847385900533043e-07,1.896178306080401,1.896179190818991,1.7372927288524806,108991.78340437346,0.9162070427015473,108991.78340437368,2.0027081088824903e-13
PINN Baseline,4,234,True,optimal,8.847385900533043e-07,2.5982207469642162,2.598221631702806,1.7644585128873587,107267.51324045207,0.6791023873244327,107267.5132404519,-1.6279204902323536e-13
PINN Baseline,4,235,True,optimal,8.847385900533043e-07,2.104716007132083,2.104716891870673,1.7687196680344641,112308.51702894863,0.840359895844436,112308.51702894867,3.887126892953974e-14
PINN Baseline,4,236,True,optimal,8.847385900533043e-07,1.7747669126838446,1.7747677974224345,1.7823923407122493,105536.28062250227,1.004296079352402,105536.28062250254,2.619823132937075e-13
PINN Baseline,4,237,True,optimal,8.847385900533043e-07,1.8331177337095141,1.833118618448104,1.8737978707067668,108185.39416586679,1.0221912820312202,108185.39416586793,1.0491706357998648e-12
PINN Baseline,4,238,True,optimal,8.847385900533043e-07,1.8128569978289306,1.8128578825675206,1.9507798999547958,110217.16973211747,1.0760798839851355,110217.1697321166,-7.921768593986894e-13
PINN Baseline,4,239,True,optimal,8.847385900533043e-07,1.6243206951767206,1.6243215799153106,2.0411092406138778,106121.82642666952,1.2565918386187407,106121.82642668122,1.1024819528234847e-11
PINN Baseline,4,240,True,optimal,8.847385900533043e-07,1.861067854333669,1.861068739072259,1.662012352142483,111677.32182084893,0.893041894288652,111677.32181907039,-1.5925660198622023e-09
PINN Baseline,4,241,True,optimal,8.847385900533043e-07,1.7787652839906514,1.7787661687292413,1.574703958351165,112365.5811057148,0.8852787882041521,112365.58110571449,-2.719606989868198e-13
PINN Baseline,4,242,True,optimal,8.847385900533043e-07,1.7811895087361336,1.7811903934747235,1.5026235757395625,113875.84037134486,0.8436063776474022,113875.84037134508,1.916813326810182e-13
PINN Baseline,4,243,True,optimal,8.847385900533043e-07,1.8555444907397032,1.8555453754782931,1.521400747820735,104152.18699500966,0.8199210689895268,104152.18699500852,-1.0897988996304026e-12
PINN Baseline,4,244,True,optimal,8.847385900533043e-07,1.8565501309931278,1.8565510157317178,1.4799505691044033,106678.97177588605,0.7971504992665737,106678.97177588617,1.0912677530441813e-13
PINN Baseline,4,245,True,optimal,8.847385900533043e-07,1.730200031772256,1.7302009165108458,1.5035444595851004,110355.64144182332,0.8689999208977274,110355.64144180642,-1.5309388228276855e-11
PINN Baseline,4,246,True,optimal,8.847385900533043e-07,1.6485617281869054,1.6485626129254953,1.5006183148361742,110167.05258175998,0.9102586113931196,110167.05258176035,3.30223848404386e-13
PINN Baseline,4,247,True,optimal,8.847385900533043e-07,1.7209133640863001,1.72091424882489,1.705214286223054,111024.47051417876,0.9908769640250484,111024.47051416343,-1.3801612081107289e-11
PINN Baseline,4,248,True,optimal,8.847385900533043e-07,1.8412220096215606,1.8412228943601505,1.510053946170956,109054.87650103882,0.8201364162896311,109054.87650223714,1.098823962460898e-09
PINN Baseline,4,249,True,optimal,8.847385900533043e-07,1.5957821737974882,1.5957830585360782,1.5507451468147337,107783.61401325637,0.9717769207534633,107783.61401332487,6.354942317252271e-11
PINN Baseline,4,250,True,optimal,8.847385900533043e-07,1.7391178379766643,1.7391187227152543,1.4769029831513762,110371.10519663568,0.8492249343653288,110371.10519663578,9.229173379852407e-14
PINN Baseline,4,251,True,optimal,8.847385900533043e-07,1.5895620612427592,1.5895629459813492,1.4110074928030372,108761.62050866892,0.8876700959658587,108761.62050866896,4.013892536809062e-14
PINN Baseline,4,252,True,optimal,8.847385900533043e-07,1.5077623869292438,1.5077632716678337,1.456289139110595,106967.37649695562,0.9658606005833397,106967.37649695565,2.7208137106701893e-14
PINN Baseline,4,254,True,optimal,8.847385900533043e-07,1.475204387679696,1.475205272418286,0.899586935993284,105612.12296133344,0.6098045830046432,105612.12296133321,-2.2045825528865965e-13
PINN Baseline,4,255,True,optimal,8.847385900533043e-07,1.5026930449530482,1.5026939296916382,0.9027912602759898,110102.57197952512,0.6007818641160333,110102.5719795253,1.586002757255075e-13
PINN Baseline,4,256,True,optimal,8.847385900533043e-07,1.3429699842818081,1.342970869020398,0.9606264950707555,109139.18235468557,0.7152995773999657,109139.18235468547,-9.333348885419312e-14
PINN Baseline,4,257,True,optimal,8.847385900533043e-07,1.183389088138938,1.183389972877528,0.9466753480955958,104765.55669049911,0.7999690463775543,104765.55669049983,6.806090367051328e-13
PINN Baseline,4,258,True,optimal,8.847385900533043e-07,1.6853170557878911,1.685317940526481,1.0208322261460125,107338.15075914917,0.6057208563430542,107338.15075914933,1.4912784166666986e-13
PINN Baseline,4,259,True,optimal,8.847385900533043e-07,1.4488458116538823,1.4488466963924722,0.9803832247853279,109379.4524761037,0.6766645686023333,109379.45247610346,-2.2616913257659844e-13
PINN Baseline,4,260,True,optimal,8.847385900533043e-07,1.5147891067899764,1.5147899915285663,0.8958424748852849,108100.13333204522,0.5913971440894557,108100.13333204531,8.076908758475923e-14
PINN Baseline,4,261,True,optimal,8.847385900533043e-07,1.4467631443403661,1.446764029078956,0.9283044752664864,107733.05993762315,0.6416419378752918,107733.05993762291,-2.2962548267492783e-13
PINN Baseline,4,262,True,optimal,8.847385900533043e-07,1.4318175693042576,1.4318184540428476,0.914982461836189,102380.80674285865,0.6390352486746256,102380.80674285872,7.106759407022297e-14
PINN Baseline,4,263,True,optimal,8.847385900533043e-07,1.421710014808923,1.421710899547513,0.8413969110697508,105686.78979770278,0.5918199764365186,105686.78979770659,3.6074534926549414e-12
PINN Baseline,4,264,True,optimal,8.847385900533043e-07,1.5414856760762632,1.5414865608148531,0.8476319280453026,109372.89568148112,0.5498795445853459,109372.89568148204,8.382064438130608e-13
PINN Baseline,4,265,True,optimal,8.847385900533043e-07,1.5103405211120844,1.5103414058506743,0.8974734568037093,110393.6946474882,0.5942189317773636,110393.69464748092,-6.590917748896066e-12
PINN Baseline,4,266,True,optimal,8.847385900533043e-07,1.5699260379187763,1.5699269226573662,0.97366400109604,105606.84775569699,0.6201970213033543,105606.84775509186,-5.729996261760056e-10
PINN Baseline,4,267,True,optimal,8.847385900533043e-07,1.5482205972075462,1.5482214819461362,0.8907495150342584,107094.93246628372,0.5753372662899456,107094.93246628363,-8.152719214579929e-14
PINN Baseline,4,268,True,optimal,8.847385900533043e-07,1.5167653849348426,1.5167662696734325,0.9040613588877022,114364.18205632546,0.5960452687824811,114364.18205632419,-1.107004485236812e-12
PINN Baseline,4,269,True,optimal,8.847385900533043e-07,1.4249067949131131,1.424907679651703,0.8399962848052382,107644.05259924036,0.5895092691272199,107644.05259924056,1.8925970202516662e-13
PINN Baseline,4,270,True,optimal,8.847385900533043e-07,1.5727734370157123,1.5727743217543022,0.8700376502238214,107816.97158665943,0.5531865813102576,107816.97158665943,0.0
PINN Baseline,4,271,True,optimal,8.847385900533043e-07,1.5415138159878552,1.5415147007264451,0.827573380433023,109566.80935949484,0.5368572742400871,109566.8093594948,-3.9843950864594044e-14
PINN Baseline,4,272,True,optimal,8.847385900533043e-07,1.6733298432081938,1.6733307279467837,0.9472024561837316,106506.27437007966,0.5660581260860316,106506.2743700799,2.32270408804885e-13
PINN Baseline,4,273,True,optimal,8.847385900533043e-07,1.6011664611287415,1.6011673458673314,0.8341904636472464,112112.52391325284,0.5209889308574278,112112.52391325282,-1.2979740996310464e-14
PINN Baseline,4,274,True,optimal,8.847385900533043e-07,1.6882070382125676,1.6882079229511575,0.8668900881893933,108283.73841402585,0.5134972276838875,108283.73841402592,6.719344677927171e-14
PINN Baseline,4,275,True,optimal,8.847385900533043e-07,1.6983252163045108,1.6983261010431008,0.9221931686624885,110985.09727280818,0.5430012340363158,110985.0972728084,1.9667390828965106e-13
PINN Baseline,4,276,True,optimal,8.847385900533043e-07,1.720182549674064,1.7201834344126539,0.9538667560555041,107884.6282874712,0.5545145575600756,107884.62828661103,-7.973130878033406e-10
PINN Baseline,4,277,True,optimal,8.847385900533043e-07,1.622526003047824,1.6225268877864139,0.8796134507283568,108710.10275225561,0.5421256543417895,108710.10275225547,-1.3385982406372914e-13
PINN Baseline,4,278,True,optimal,8.847385900533043e-07,1.6673504658974707,1.6673513506360607,0.8616332421079278,107343.5370773793,0.5167676517485246,107343.5370773791,-1.8978954741381225e-13
PINN Baseline,4,279,True,optimal,8.847385900533043e-07,1.3973150048404932,1.3973158895790831,0.9121955414302647,110214.23577072626,0.652819844269464,110214.23577072854,2.0729179627995174e-12
PINN Baseline,4,280,True,optimal,8.847385900533043e-07,1.6252508303150535,1.6252517150536434,0.8231590641662478,105801.40375166516,0.5064809694042246,105801.4037516653,1.3753990696118553e-13
PINN Baseline,4,281,True,optimal,8.847385900533043e-07,1.3530704560689628,1.3530713408075528,0.924061955884099,112455.23251900649,0.68293661096435,112455.23251900655,5.1760740349391485e-14
PINN Baseline,4,282,True,optimal,8.847385900533043e-07,1.3665720410645008,1.3665729258030908,0.8242686381563544,105653.5285821117,0.6031647653724431,105653.52858211222,4.958366798076855e-13
PINN Baseline,4,283,True,optimal,8.847385900533043e-07,1.2227932382375002,1.2227941229760901,0.8516174643300474,108646.8446912197,0.6964520423579919,108646.8446912199,1.875128668265873e-13
PINN Baseline,4,284,True,optimal,8.847385900533043e-07,1.2395622981712222,1.2395631829098122,0.8920636549592018,107704.49612582987,0.7196596892020681,107704.49612583006,1.7564252633219537e-13
PINN Baseline,4,285,True,optimal,8.847385900533043e-07,1.2390283327549696,1.2390292174935595,0.9691507392562926,106782.82976172969,0.7821855413682609,106782.82976172976,6.813789848441612e-14
PINN Baseline,4,286,True,optimal,8.847385900533043e-07,1.4289456489495933,1.4289465336881833,0.9832279989495873,108086.00354210382,0.6880789279160965,108086.00354210363,-1.7502256700154326e-13
PINN Baseline,4,287,True,optimal,8.847385900533043e-07,1.3114852840080857,1.3114861687466757,0.9232339579612017,103107.08838236907,0.7039601178893804,103107.08838226502,-1.0091080595445707e-10
PINN Baseline,4,288,True,optimal,8.847385900533043e-07,1.3711050399579108,1.3711059246965007,0.8939404669217765,104901.1466442821,0.6519849785636755,104901.1466442823,1.9420837589885445e-13
PINN Baseline,4,289,True,optimal,8.847385900533043e-07,1.262047789990902,1.262048674729492,0.8621906950138509,106393.53543589814,0.6831675451809759,106393.53543589976,1.5181961796183684e-12
PINN Baseline,4,290,True,optimal,8.847385900533043e-07,1.1622650288045406,1.1622659135431306,0.9185063680633903,105163.78586585507,0.7902721376929595,105163.78586585514,6.918691215115154e-14
PINN Baseline,4,291,True,optimal,8.847385900533043e-07,1.1813443219289184,1.1813452066675083,0.8198066218756139,107350.86764222955,0.6939602558580068,107350.8676422282,-1.2606587594134607e-12
PINN Baseline,4,292,True,optimal,8.847385900533043e-07,1.0818192483857274,1.0818201331243174,0.8328839871101081,106482.82331364776,0.7698913725193144,106482.8233136476,-1.5032571689101641e-13
PINN Baseline,4,293,True,optimal,8.847385900533043e-07,1.509239885956049,1.509240770694639,0.8836440360173583,109740.14114276644,0.5854891102700961,109740.14114276641,-2.65206788998668e-14
PINN Baseline,4,294,True,optimal,8.847385900533043e-07,1.8929381216876209,1.8929390064262108,0.9237202280201018,108781.251777947,0.48798203475348456,108781.25177794551,-1.3778544041590481e-12
PINN Baseline,4,295,True,optimal,8.847385900533043e-07,2.207228865008801,2.207229749747391,1.0494217928498983,110396.31963977028,0.47544746665814946,110396.3196397703,1.3181522061469631e-14
PINN Baseline,4,296,True,optimal,8.847385900533043e-07,1.9910318460315466,1.9910327307701365,0.8248371020890772,114083.72388649822,0.4142760133179871,114083.72388649834,1.0204376037265079e-13
PINN Baseline,4,297,True,optimal,8.847385900533043e-07,1.8995470660738647,1.8995479508124546,0.876134451944381,109260.82698882019,0.46123313263539883,109260.82698882064,4.1287384006852786e-13
PINN Baseline,4,298,True,optimal,8.847385900533043e-07,2.1006836579181254,2.1006845426567153,0.9403783828020096,112032.01133690996,0.44765330715135465,112032.01133690971,-2.208141726013394e-13
PINN Baseline,4,299,True,optimal,8.847385900533043e-07,2.1110766329802573,2.111077517718847,0.8754722238518298,106637.22265436742,0.4147039682360091,106637.22265436781,3.6844705946569717e-13
PINN Baseline,4,300,True,optimal,8.847385900533043e-07,1.8674826161004603,1.8674835008390502,0.861545910127461,106208.92526042237,0.4613405739544007,106208.92526042272,3.2882920585483715e-13
PINN Baseline,4,301,True,optimal,8.847385900533043e-07,1.7526508099399507,1.7526516946785407,0.8393373480066657,105189.37887601028,0.4788956930547522,105189.37887601032,4.1502047213872066e-14
PINN Baseline,4,302,True,optimal,8.847385900533043e-07,1.8495207871310413,1.8495216718696312,0.8513935538940132,108946.79223058232,0.4603317532545388,108946.7922305821,-2.0035351565333196e-13
PINN Baseline,4,303,True,optimal,8.847385900533043e-07,1.8812231747433543,1.8812240594819443,0.8754325010813773,109321.46970756348,0.46535259671432005,109321.46970756279,-6.256227779984952e-13
PINN Baseline,4,304,True,optimal,8.847385900533043e-07,1.7280035759322345,1.7280044606708245,0.9213565932586789,108478.98590791269,0.5331910965675408,108478.98590791205,-5.902380674831122e-13
PINN Baseline,4,305,True,optimal,8.847385900533043e-07,1.6720689572393894,1.6720698419779794,0.8682305342517793,110172.421681339,0.519254945250794,110172.42168134986,9.866607731498423e-12
PINN Baseline,4,306,True,optimal,8.847385900533043e-07,1.8671519071795046,1.8671527919180946,0.8313273442909122,109504.29554689291,0.44523798367722417,109504.29554689281,-9.302229295192087e-14
PINN Baseline,4,307,True,optimal,8.847385900533043e-07,2.0564154610037804,2.0564163457423703,0.9108857437968254,105961.10842698837,0.44294811490033836,105961.10842698795,-3.982645594099444e-13
PINN Baseline,4,308,True,optimal,8.847385900533043e-07,2.0304676173254848,2.0304685020640747,1.0197247448377311,114574.61864585213,0.5022115555110207,114574.61864585534,2.8068810557507366e-12
PINN Baseline,4,309,True,optimal,8.847385900533043e-07,1.8680166685953736,1.8680175533339636,0.9968709428794682,115449.96260567305,0.5336518070187791,115449.96260567315,8.823164971173628e-14
PINN Baseline,4,310,True,optimal,8.847385900533043e-07,1.6589001612737775,1.6589010460123674,0.8343230239115655,105637.85452885478,0.5029371859865266,105637.85452885454,-2.2040455544302292e-13
PINN Baseline,4,311,True,optimal,8.847385900533043e-07,1.7139802486635745,1.7139811334021644,0.8661766350269318,109079.23379264152,0.5053594920893999,109079.23379264149,-2.6681366787063962e-14
PINN Baseline,4,312,True,optimal,8.847385900533043e-07,1.8893118663690984,1.8893127511076884,0.8414959851652384,109731.92054006094,0.4453979282529461,109731.92054006086,-6.630666426299464e-14
PINN Baseline,4,313,True,optimal,8.847385900533043e-07,1.8024250310845673,1.8024259158231573,0.9235779298469424,107246.99709604887,0.5124082614098177,107246.99709604908,1.8996038930085951e-13
PINN Baseline,4,314,True,optimal,8.847385900533043e-07,1.2140618967823684,1.2140627815209584,0.803337574005127,108537.83804086829,0.6616936012145258,108537.8380408684,1.0725782264347331e-13
PINN Baseline,4,315,True,optimal,8.847385900533043e-07,1.7866188818588853,1.7866197665974752,0.9611731688492,108341.38547567776,0.5379841792972573,108341.38547567786,9.402077161126569e-14
PINN Baseline,4,316,True,optimal,8.847385900533043e-07,1.7963789417408407,1.7963798264794306,0.981682205107063,114705.51662792037,0.5464780836639527,114705.51662793655,1.4107193977804865e-11
PINN Baseline,4,317,True,optimal,8.847385900533043e-07,1.5855925739742815,1.5855934587128715,0.8839963767677546,102311.95157242953,0.5575176738464546,102311.95157242974,1.9912318166750238e-13
PINN Baseline,4,318,True,optimal,8.847385900533043e-07,1.6743870922364295,1.6743879769750194,0.7991050789132714,106915.85857687854,0.47725204068709903,106915.85857687812,-3.9470808843497516e-13
PINN Baseline,4,319,True,optimal,8.847385900533043e-07,1.6288758269511163,1.6288767116897063,0.9100381121970713,108686.11642712192,0.5586906029573278,108686.11642712183,-8.033361963829733e-14
PINN Baseline,4,320,True,optimal,8.847385900533043e-07,1.8010948561131954,1.8010957408517854,0.8702226593159139,103746.2247150171,0.48316290998742956,103746.22471501712,1.4026452787404885e-14
PINN Baseline,4,321,True,optimal,8.847385900533043e-07,1.7305839671753347,1.7305848519139246,0.8741543269716203,104637.85473215189,0.5051207549891918,104637.85473215213,2.3641784277351367e-13
PINN Baseline,4,322,True,optimal,8.847385900533043e-07,1.7089153020642698,1.7089161868028597,1.031229211948812,111792.44809678243,0.6034404846255778,111792.44809678214,-2.6033807249249566e-13
PINN Baseline,4,323,True,optimal,8.847385900533043e-07,1.5225790808908641,1.522579965629454,0.8922977698966861,108312.29159824598,0.5860432883916207,108312.2915982459,-8.061087996739887e-14
PINN Baseline,4,324,True,optimal,8.847385900533043e-07,1.7176367393694818,1.7176376241080717,0.951058906968683,108653.05489737132,0.55370172009509,108653.05489737252,1.1116198850508985e-12
PINN Baseline,4,325,True,optimal,8.847385900533043e-07,1.5505978227593005,1.5505987074978904,0.8991628233343363,104330.44339602735,0.5798810607712052,104330.44339602707,-2.6501026961944084e-13
PINN Baseline,4,326,True,optimal,8.847385900533043e-07,1.3889512461610138,1.3889521308996038,0.8890457209199667,107206.41706297357,0.6400837733292831,107206.4170629757,1.981765347211979e-12
PINN Baseline,4,327,True,optimal,8.847385900533043e-07,1.6917739170603454,1.6917748017989354,1.0648914966732264,111829.87666024544,0.6294522743457831,111829.87666024576,2.8627603336870934e-13
PINN Baseline,4,328,True,optimal,8.847385900533043e-07,1.6939604668878019,1.6939613516263918,0.9765610634349287,111090.87715715334,0.5764954805476058,111090.87715715401,6.025590198175621e-13
PINN Baseline,4,329,True,optimal,8.847385900533043e-07,1.5293104778975248,1.5293113626361148,0.9194899997673929,108246.16012307258,0.6012444700485606,108246.16012307246,-1.0754683740704904e-13
PINN Baseline,4,330,True,optimal,8.847385900533043e-07,1.6327146268449724,1.6327155115835623,0.8984845150262117,109575.61994681974,0.5503007159862016,109575.61994681836,-1.2616236598668441e-12
PINN Baseline,4,331,True,optimal,8.847385900533043e-07,1.7156998869031668,1.7157007716417567,0.8370038759894669,109410.06602333559,0.487849565509338,109410.06602333506,-4.78812386521614e-13
PINN Baseline,4,332,True,optimal,8.847385900533043e-07,1.750044007319957,1.750044892058547,0.9377990239299834,113204.3194868807,0.5358714100338688,113204.3194868817,8.741099633072067e-13
PINN Baseline,4,333,True,optimal,8.847385900533043e-07,1.5963506922125816,1.5963515769511716,0.9097868758253753,107734.8061896453,0.5699163573747035,107734.80618964373,-1.4587735386993918e-12
PINN Baseline,4,334,True,optimal,8.847385900533043e-07,1.6237031258642673,1.6237040106028573,0.8939487091265619,107805.99735806006,0.5505613728173597,107805.99735805986,-1.88975398576844e-13
PINN Baseline,4,335,True,optimal,8.847385900533043e-07,1.5784201989881694,1.5784210837267594,0.8917689099907875,106971.61876122677,0.5649752902978593,106971.6187612267,-6.801764522629333e-14
PINN Baseline,4,336,True,optimal,8.847385900533043e-07,1.6114684049971402,1.6114692897357301,0.9560095821507275,106491.83575307915,0.5932533671228116,106491.83575307898,-1.6397781248254338e-13
PINN Baseline,4,337,True,optimal,8.847385900533043e-07,1.4905834146775305,1.4905842994161205,0.8925917111337185,103835.62310854188,0.5988200140598269,103835.6231086934,1.4591768876792298e-10
PINN Baseline,4,338,True,optimal,8.847385900533043e-07,1.4573120968416333,1.4573129815802233,0.8755972776561975,107148.35084684085,0.6008299443725205,107148.35084684091,5.432436472743303e-14
PINN Baseline,4,339,True,optimal,8.847385900533043e-07,1.6781368581578135,1.6781377428964035,1.0182363791391253,112924.0473812821,0.606765674301376,112924.04738128255,3.99480343240112e-13
PINN Baseline,4,340,True,optimal,8.847385900533043e-07,1.5277542942203581,1.527755178958948,1.000046556815505,110763.59593878694,0.6545856106977577,110763.59593878691,-2.6275628025671737e-14
PINN Baseline,4,341,True,optimal,8.847385900533043e-07,1.839027555193752,1.839028439932342,0.997040837071836,107422.74836331155,0.5421562904750495,107422.74836331142,-1.2191760036930068e-13
PINN Baseline,4,342,True,optimal,8.847385900533043e-07,1.6558565003797412,1.6558573851183311,1.058524294756353,109500.5359754171,0.6392605451831883,109500.535975417,-7.973613151062802e-14
PINN Baseline,4,343,True,optimal,8.847385900533043e-07,1.7875150148756802,1.7875158996142702,0.8948297491297126,105563.10707218274,0.5005996026792314,105563.1070721824,-3.1705589152806763e-13
PINN Baseline,4,344,True,optimal,8.847385900533043e-07,1.4958266951143742,1.495827579852964,0.9318492077291012,103699.66627424877,0.6229656547853594,103699.6662742048,-4.239293865096359e-11
PINN Baseline,4,345,True,optimal,8.847385900533043e-07,1.5682292999699712,1.5682301847085611,0.9101484171114862,112643.22867075335,0.5803665979561716,112643.22867075373,3.3588330199893563e-13
PINN Baseline,4,346,True,optimal,8.847385900533043e-07,1.8452217332087457,1.8452226179473357,1.0229839100502431,108593.32892357405,0.5543959303881891,108593.32892357733,3.0150847743942437e-12
PINN Baseline,4,347,True,optimal,8.847385900533043e-07,1.7361618061549962,1.736162690893586,0.9079303788021207,105732.36140598565,0.5229523612990541,105732.36140593702,-4.599585221261205e-11
PINN Baseline,4,348,True,optimal,8.847385900533043e-07,1.655493120662868,1.655494005401458,0.8803682937286794,110111.60761938708,0.5317858541657418,110111.60761938726,1.5858726115779348e-13
PINN Baseline,4,349,True,optimal,8.847385900533043e-07,1.6790245440788567,1.6790254288174467,0.9113008677959442,108654.59924672732,0.5427558464303796,108654.5992467274,8.03569218197001e-14
PINN Baseline,4,350,True,optimal,8.847385900533043e-07,1.5786420060321689,1.5786428907707588,0.870288179256022,109485.36028988406,0.5512888217747025,109485.36028988416,9.303838095692842e-14
PINN Baseline,4,351,True,optimal,8.847385900533043e-07,1.704341085627675,1.704341970366265,0.9650231436826289,113176.65053129657,0.5662145041674027,113176.65053129646,-1.0286160730189011e-13
PINN Baseline,4,352,True,optimal,8.847385900533043e-07,1.564187590032816,1.5641884747714059,0.8822088651359081,109763.04729257303,0.5640041972977944,109763.0472925728,-2.1212115497600968e-13
PINN Baseline,4,353,True,optimal,8.847385900533043e-07,1.437514333985746,1.4375152187243359,0.8337159361690283,104730.07713036379,0.5799701633133842,104730.07713036406,2.6399903152445027e-13
PINN Baseline,4,354,True,optimal,8.847385900533043e-07,1.5573413111269474,1.5573421958655373,0.9872983060777187,112822.5460726166,0.6339636264263677,112822.54607261685,2.1926695283317952e-13
PINN Baseline,4,355,True,optimal,8.847385900533043e-07,1.4951593587175012,1.495160243456091,0.9367548399604857,108993.62857284583,0.6265247113547905,108993.62857284564,-1.7356509774544678e-13
PINN Baseline,4,356,True,optimal,8.847385900533043e-07,1.614878695923835,1.614879580662425,0.9082200983539224,104788.44145280398,0.5624073207869591,104788.44145280338,-5.693648231534759e-13
PINN Baseline,4,357,True,optimal,8.847385900533043e-07,1.37347126705572,1.37347215179431,0.8846721891313791,106557.46623255267,0.6441136705798072,106557.46623255241,-2.458152238144941e-13
PINN Baseline,4,358,True,optimal,8.847385900533043e-07,1.218881701119244,1.218882585857834,0.8052338329143822,111883.17934300244,0.6606328142326103,111883.17934300294,4.422158189191799e-13
PINN Baseline,4,359,True,optimal,8.847385900533043e-07,1.2619215231388807,1.2619224078774707,0.8463292447850108,109770.93820637313,0.6706666269668041,109770.93820637144,-1.53776782277019e-12
PINN Baseline,4,360,True,optimal,8.847385900533043e-07,1.6353725120425224,1.6353733967811124,0.9739057407714427,114375.06639013611,0.5955249991765615,114375.06639013733,1.0687302029738835e-12
PINN Baseline,4,361,True,optimal,8.847385900533043e-07,1.116233292967081,1.116234177705671,0.7981172162108123,111383.20543071197,0.7150087608419925,111383.20543071347,1.3456672060440674e-12
PINN Baseline,4,362,True,optimal,8.847385900533043e-07,1.3210311559960246,1.3210320407346146,0.8321125889196992,106458.26637003578,0.6298958414793395,106458.26637003559,-1.7769864606964432e-13
PINN Baseline,4,363,True,optimal,8.847385900533043e-07,1.4281156361103058,1.4281165208488957,0.7916768155992031,107310.86790541417,0.5543502956807876,107310.86790541431,1.3560523283804941e-13
PINN Baseline,4,364,True,optimal,8.847385900533043e-07,2.195505963638425,2.195506848377015,0.9052242902107537,107799.05292836315,0.4123076595638601,107799.05292836353,3.509769201673478e-13
PINN Baseline,4,365,True,optimal,8.847385900533043e-07,1.9169413773342967,1.9169422620728866,0.8255964033305645,106374.74581989675,0.4306840219787347,106374.74581989695,1.9151802584991942e-13
PINN Baseline,4,366,True,optimal,8.847385900533043e-07,1.9130824808962643,1.9130833656348543,0.8113734908401966,110505.54795936479,0.4241182090728928,110505.54795936482,2.633698578413076e-14
PINN Baseline,4,367,True,optimal,8.847385900533043e-07,1.9626834117807448,1.9626842965193347,0.9834664529189467,108335.17437171166,0.5010823465918827,108335.17437171131,-3.2237541270067785e-13
PINN Baseline,4,368,True,optimal,8.847385900533043e-07,1.9358086613938212,1.9358095461324112,0.9180475301109254,106875.16863143185,0.4742447581917907,106875.16863143165,-1.9062127883016984e-13
PINN Baseline,4,369,True,optimal,8.847385900533043e-07,2.0640189298428595,2.0640198145814495,0.9190493058413267,106839.22156135617,0.44527155182746897,106839.22156135368,-2.3290861424160543e-12
PINN Baseline,4,370,True,optimal,8.847385900533043e-07,1.841894500888884,1.841895385627474,0.9098826898261905,109336.4210106633,0.49399259964822756,109336.42101066344,1.3309302695162887e-13
PINN Baseline,4,371,True,optimal,8.847385900533043e-07,1.7513931021094322,1.7513939868480222,0.8658633576706052,104279.73759728012,0.4943852520750608,104279.73759728012,0.0
PINN Baseline,4,372,True,optimal,8.847385900533043e-07,1.758310365024954,1.758311249763544,0.9023484727367759,111114.54460847471,0.513190410888927,111114.54460847468,-2.619263801987805e-14
PINN Baseline,4,373,True,optimal,8.847385900533043e-07,1.7402246501296759,1.7402255348682658,0.9200741527602077,112538.28453573839,0.5287097185537257,112538.28453573983,1.2801329019288715e-12
PINN Baseline,4,374,True,optimal,8.847385900533043e-07,1.5865599382668734,1.5865608230054633,0.8561501330696046,106976.73233598561,0.5396264175033499,106976.73233598564,2.7205757571026075e-14
PINN Baseline,4,375,True,optimal,8.847385900533043e-07,1.747004013042897,1.747004897781487,0.862736287061125,106190.95073919986,0.49383736024822233,106190.95073919975,-1.0962828849027404e-13
PINN Baseline,4,376,True,optimal,8.847385900533043e-07,1.5955541976727545,1.5955550824113445,0.8510101060383022,105579.88392539581,0.5333630379918819,105579.88392539594,1.240456346285102e-13
PINN Baseline,4,377,True,optimal,8.847385900533043e-07,1.3725963067263365,1.3725971914649264,0.8861241708509624,114840.79454043234,0.6455820952869881,114840.79454043225,-7.602828918034095e-14
PINN Baseline,4,378,True,optimal,8.847385900533043e-07,1.1836683386936784,1.1836692234322683,0.8053176756948233,108932.88207971914,0.6803570285959243,108932.88207971913,-1.3358606648924872e-14
PINN Baseline,4,379,True,optimal,8.847385900533043e-07,1.388869776390493,1.3888706611290829,0.842996730003506,110008.7598439287,0.6069656114113545,110008.75984392861,-7.936776261642383e-14
PINN Baseline,4,380,True,optimal,8.847385900533043e-07,1.3283665850758553,1.3283674698144452,0.854399180971086,107874.8612892794,0.6431948992927642,107874.8612892791,-2.8328214390582344e-13
PINN Baseline,4,381,True,optimal,8.847385900533043e-07,1.1131156762130558,1.1131165609516458,0.8202102859504521,107874.34558350948,0.7368592964327321,107874.34558350945,-2.6979380777984293e-14
PINN Baseline,4,382,True,optimal,8.847385900533043e-07,1.0665374491363764,1.0665383338749663,0.8189611732959747,106632.06366280705,0.7678684837520188,106632.06366280738,3.138774949632508e-13
PINN Baseline,4,383,True,optimal,8.847385900533043e-07,1.1804340411908925,1.1804349259294824,0.8353173420764506,114182.74037335,0.7076352314963199,114182.7403733501,8.921086169897413e-14
PINN Baseline,4,384,True,optimal,8.847385900533043e-07,1.1341674560680985,1.1341683408066885,0.8659704979509115,105814.60843361352,0.7635290695338766,105814.6084335897,-2.2512473071033264e-11
PINN Baseline,4,385,True,optimal,8.847385900533043e-07,1.2095504230819643,1.2095513078205542,0.826489828992635,108006.34727785902,0.6833028277914531,108006.34727785917,1.3473203746933816e-13
PINN Baseline,4,386,True,optimal,8.847385900533043e-07,1.1875321543775499,1.1875330391161398,0.852880849968642,109599.43152054245,0.7181954706737477,109599.4315205426,1.327736378417196e-13
PINN Baseline,4,387,True,optimal,8.847385900533043e-07,1.1608793381601572,1.1608802228987471,0.8064420954324305,112588.65601743093,0.6946815696616179,112588.6560174307,-2.0679760456313013e-13
PINN Baseline,4,388,True,optimal,8.847385900533043e-07,1.1405846308916807,1.1405855156302707,0.906774319242686,106739.97002131528,0.7950077454224166,106739.97002131544,1.4996356798682838e-13
PINN Baseline,4,389,True,optimal,8.847385900533043e-07,1.2569081168621778,1.2569090016007678,0.876912300940603,110058.52590178823,0.6976736580164431,110058.52590178829,5.2887916166903384e-14
PINN Baseline,4,390,True,optimal,8.847385900533043e-07,1.130804399959743,1.130805284698333,0.883241503033787,109950.31893064486,0.7810730237871244,109950.3189306456,6.749845601765338e-13
PINN Baseline,4,391,True,optimal,8.847385900533043e-07,1.1620473503135145,1.1620482350521044,0.8523428533226252,107158.6697221816,0.7334831959745693,107158.66972218126,-3.123350178946433e-13
PINN Baseline,4,392,True,optimal,8.847385900533043e-07,1.2633485537953675,1.2633494385339574,0.944452861789614,107973.01360821344,0.747578486982664,107973.01360801623,-1.826452264177853e-10
PINN Baseline,4,393,True,optimal,8.847385900533043e-07,1.1765769869089127,1.1765778716475026,0.9875644720159471,106965.81925266741,0.8393532598340562,106965.81925266718,-2.1766826569513095e-13
PINN Baseline,4,394,True,optimal,8.847385900533043e-07,1.1717988583259284,1.1717997430645184,0.8301046290434897,107833.88417755906,0.708401443127629,107833.88417755936,2.8338979173978344e-13
PINN Baseline,4,395,True,optimal,8.847385900533043e-07,1.1106249783188105,1.1106258630574004,0.8508656159974635,110205.92806458374,0.7661136340325692,110205.92806458368,-5.2817177746877734e-14
PINN Baseline,4,396,True,optimal,8.847385900533043e-07,1.2685338822193444,1.2685347669579343,0.9016141397878528,111958.83491557324,0.7107524076379934,111958.83491557308,-1.4297314511422252e-13
PINN Baseline,4,397,True,optimal,8.847385900533043e-07,1.2513152132742107,1.2513160980128006,0.9727987549267709,112092.59072220678,0.7774204747079179,112092.59072220729,4.543717204779874e-13
PINN Baseline,4,398,True,optimal,8.847385900533043e-07,1.0090708998031914,1.0090717845417814,0.8033285168930888,105783.17088951723,0.7961064110596251,105783.17088951732,8.253816806209332e-14
PINN Baseline,4,399,True,optimal,8.847385900533043e-07,1.110729195177555,1.110730079916145,0.808748871088028,104374.11480193537,0.728123678030836,104374.11480193566,2.7884145903380676e-13
PINN Baseline,4,400,True,optimal,8.847385900533043e-07,1.3081235811114311,1.308124465850021,0.8814005539752543,112000.79321215222,0.67378951849396,112000.79321215236,1.2992689436406557e-13
PINN Baseline,4,401,True,optimal,8.847385900533043e-07,1.2764206039719284,1.2764214887105183,0.8861131300218403,109074.4832637905,0.6942167127858526,109074.4832637907,1.7343643747663715e-13
PINN Baseline,4,402,True,optimal,8.847385900533043e-07,1.2363916840404272,1.2363925687790172,0.8370235050097108,108294.60957158716,0.6769884631677316,108294.60957158712,-4.031202093788641e-14
PINN Baseline,4,403,True,optimal,8.847385900533043e-07,1.1730958889238536,1.1730967736624436,0.8461694200523198,105985.20888531888,0.7213125456057247,105985.2088834761,-1.7387160003979567e-09
PINN Baseline,4,404,True,optimal,8.847385900533043e-07,1.193440455943346,1.193441340681936,0.8803270212374628,108061.13869484568,0.7376374449492769,108061.13869484598,2.8279381791326615e-13
PINN Baseline,4,405,True,optimal,8.847385900533043e-07,1.21555938385427,1.21556026859286,0.8451522761024535,108437.44858686099,0.6952779701172752,108437.44858686108,8.051784001563124e-14
PINN Baseline,4,406,True,optimal,8.847385900533043e-07,1.3025045418180525,1.3025054265566425,0.8775546639226377,101888.85036902493,0.6737435760575506,101888.85036902345,-1.4567789781880365e-12
PINN Baseline,4,407,True,optimal,8.847385900533043e-07,1.1680738292634487,1.1680747140020387,0.9119248948991299,108733.57081786447,0.7807076756029652,108733.57081786453,5.35323731904003e-14
PINN Baseline,4,408,True,optimal,8.847385900533043e-07,1.041220156941563,1.0412210416801528,0.7969103739596903,106965.67169140543,0.7653613805900102,106965.67169140579,3.4010713433252067e-13
PINN Baseline,4,409,True,optimal,8.847385900533043e-07,1.2407411918975413,1.2407420766361312,0.9236816139891744,107424.43580618581,0.7444590067368689,107424.43580618483,-9.075945458625691e-13
PINN Baseline,4,410,True,optimal,8.847385900533043e-07,1.1280262120999396,1.1280270968385295,0.9160873708315194,107907.189861359,0.8121146853643817,107907.18986135922,2.022837669166911e-13
PINN Baseline,4,411,True,optimal,8.847385900533043e-07,1.146165169775486,1.146166054514076,0.8277098420076072,108776.57554964954,0.7221552573012816,108776.57554964934,-1.8728923223377966e-13
PINN Baseline,4,412,True,optimal,8.847385900533043e-07,1.03081936808303,1.03082025282162,0.8758368892595172,110810.13079711955,0.8496504476528537,110810.13079711948,-6.566148385389832e-14
PINN Baseline,4,413,True,optimal,8.847385900533043e-07,0.9618181250989437,0.9618190098375338,0.8829660899937153,111338.7767182591,0.9180168835952431,111338.77671825893,-1.5683932219076085e-13
PINN Baseline,4,414,True,optimal,8.847385900533043e-07,1.0673054936341941,1.067306378372784,0.797339831944555,111409.91693083693,0.7470580595238078,111409.91693083677,-1.4367757549932218e-13
PINN Baseline,4,415,True,optimal,8.847385900533043e-07,1.0931266602128744,1.0931275449514644,0.7992199142463505,115212.117634057,0.7311314383554725,115212.11763405705,5.052216911622938e-14
PINN Baseline,4,416,True,optimal,8.847385900533043e-07,1.0409357659518719,1.0409366506904618,0.9150721300393343,109646.3999540768,0.8790853213136068,109646.39995335398,-6.592307029926912e-10
PINN Baseline,4,417,True,optimal,8.847385900533043e-07,0.901817764621228,0.901818649359818,0.7735827579163015,105625.16988998116,0.857803016676858,105625.16988997764,-3.3340192389113575e-12
PINN Baseline,4,418,True,optimal,8.847385900533043e-07,0.9959815689362586,0.9959824536748486,0.8545772968791425,111955.06742457992,0.8580244498545457,111955.06742458958,8.630669369338595e-12
PINN Baseline,4,419,True,optimal,8.847385900533043e-07,1.0141615229658782,1.0141624077044682,0.9190454841591418,108963.50962376448,0.9062113495602532,108963.50962376439,-8.012911081120211e-14
PINN Baseline,4,420,True,optimal,8.847385900533043e-07,1.0993808996863663,1.0993817844249563,1.0284889223985374,111076.53948493626,0.9355157025241234,111076.53948493645,1.703103993390289e-13
PINN Baseline,4,421,True,optimal,8.847385900533043e-07,0.9668014110065997,0.9668022957451897,0.9207981117069721,109425.64021390206,0.9524161410862615,109425.64021390172,-3.1916282582227396e-13
PINN Baseline,4,422,True,optimal,8.847385900533043e-07,1.0900080860592425,1.0900089707978324,0.9237996218726039,107440.48677403515,0.847515613744379,107440.48677403531,1.4898579885317431e-13
PINN Baseline,4,423,True,optimal,8.847385900533043e-07,1.0153231360018253,1.0153240207404153,0.921409725677222,110845.94858247251,0.9075031289078465,110845.9485824725,-1.3128053315850166e-14
PINN Baseline,4,424,True,optimal,8.847385900533043e-07,0.9298558407463133,0.9298567254849034,0.8676070729270577,110809.96706087151,0.9330545762032494,110809.96706087168,1.5758779410562966e-13
PINN Baseline,4,425,True,optimal,8.847385900533043e-07,0.8978716609999537,0.8978725457385438,0.8319389251992106,108581.16514287694,0.9265668375180137,108581.16514287717,2.1443004718866163e-13
PINN Baseline,4,426,True,optimal,8.847385900533043e-07,1.0658256178721786,1.0658265026107685,0.8809594409540296,105809.85993475065,0.8265505115477026,105809.85993474883,-1.719111436937508e-12
PINN Baseline,4,427,True,optimal,8.847385900533043e-07,1.0772662842646241,1.077267169003214,0.8425523461773992,108204.36015236971,0.782120137344393,108204.36015236976,4.034564376484091e-14
PINN Baseline,4,428,True,optimal,8.847385900533043e-07,1.0507476623170078,1.0507485470555977,0.827243804000318,106463.77297047344,0.7872899813360832,106463.77297047357,1.2301577654177633e-13
PINN Baseline,4,429,True,optimal,8.847385900533043e-07,0.9565435801632702,0.9565444649018603,0.9176912908442318,112568.39542472268,0.9593817376157054,112568.39542472281,1.1634458904842678e-13
PINN Baseline,4,430,True,optimal,8.847385900533043e-07,1.1464625261723995,1.1464634109109895,0.847563955001533,103937.19019318148,0.7392856561624166,103937.19019318145,-2.8001363518332807e-14
PINN Baseline,4,431,True,optimal,8.847385900533043e-07,1.0781771237961948,1.0781780085347847,0.8947573648765683,104508.25467821796,0.8298790717244546,104508.25467789125,-3.126117164600945e-10
PINN Baseline,4,432,True,optimal,8.847385900533043e-07,1.0502005442976952,1.050201429036285,0.9320272724144161,107632.85970318058,0.8874747706920268,107632.8597031795,-1.0004767409030628e-12
PINN Baseline,4,433,True,optimal,8.847385900533043e-07,1.098036183975637,1.098037068714227,0.8161880937404931,108611.28770293827,0.7433156101881225,108611.28770287457,-5.864375084914733e-11
PINN Baseline,4,434,True,optimal,8.847385900533043e-07,1.1956176264211535,1.1956185111597435,1.0912307379767299,112684.64183857925,0.9126914043161158,112684.6418385809,1.459264007921336e-12
PINN Baseline,4,435,True,optimal,8.847385900533043e-07,1.5398132051341236,1.5398140898727135,0.8904316322878003,105041.03036194906,0.5782721681429779,105041.03036194871,-3.3248528149179143e-13
PINN Baseline,4,436,True,optimal,8.847385900533043e-07,0.9890225208364427,0.9890234055750328,1.003959143999964,114115.51969072767,1.0151015014819063,114115.51969072303,-4.067861208037079e-12
PINN Baseline,4,437,True,optimal,8.847385900533043e-07,0.9725970681756735,0.9725979529142635,1.0153893940150738,107604.28620758772,1.0439970503460256,107604.2862075886,8.114127647458372e-13
PINN Baseline,4,438,True,optimal,8.847385900533043e-07,0.9801039267331362,0.9801048114717262,0.8456313032656908,104327.87583813164,0.8627968084310188,104327.87583816652,3.3433960504011745e-11
PINN Baseline,4,439,True,optimal,8.847385900533043e-07,0.9702563299797475,0.9702572147183376,0.9928864021785557,108858.44788314661,1.023322874715018,108858.44788314673,1.0694192696179178e-13
PINN Baseline,4,440,True,optimal,8.847385900533043e-07,1.0123122329823673,1.0123131177209572,1.0679153227247298,104772.49305100169,1.054925895980634,104772.49305099933,-2.2500278444723823e-12
PINN Baseline,4,441,True,optimal,8.847385900533043e-07,0.9429969787597656,0.9429978634983557,1.0068236622028053,113123.61387207199,1.0676839271593546,113123.61387202,-4.59621040481903e-11
PINN Baseline,4,442,True,optimal,8.847385900533043e-07,1.0407347097061574,1.0407355944447474,1.0226819128729403,111802.68883871827,0.9826529603982277,111802.68883871824,-2.6031422642006073e-14
PINN Baseline,4,443,True,optimal,8.847385900533043e-07,1.0343473041430116,1.0343481888816015,1.013938448857516,103920.21325714783,0.9802680178266143,103920.21325714762,-1.9604156574719424e-13
PINN Baseline,4,444,True,optimal,8.847385900533043e-07,0.9671513601206243,0.9671522448592144,0.9637018931098282,113398.85651676399,0.9964324626575329,113398.8565167641,1.0266004914231644e-13
PINN Baseline,4,445,True,optimal,8.847385900533043e-07,0.9433905826881528,0.9433914674267428,0.9281413019634783,112497.61759087513,0.983834743062854,112497.61759087509,-3.8805929067640583e-14
PINN Baseline,4,446,True,optimal,8.847385900533043e-07,0.9809071100316942,0.9809079947702842,0.9822977217845619,106482.85288044706,1.001416776111202,106482.85288044694,-1.0932776374581114e-13
PINN Baseline,4,447,True,optimal,8.847385900533043e-07,0.9940863526426256,0.9940872373812156,0.9227206860668957,110698.28389120821,0.9282089653395761,110698.28389120853,2.892024372651515e-13
PINN Baseline,4,448,True,optimal,8.847385900533043e-07,0.9634244428016245,0.9634253275402146,0.9005281021818519,111173.72372800087,0.934714997041909,111173.72372800112,2.225189105723273e-13
PINN Baseline,4,449,True,optimal,8.847385900533043e-07,1.017407457344234,1.017408342082824,0.9076155941002071,106201.92277263598,0.8920858583114714,106201.92277261832,-1.6634374054656185e-11
PINN Baseline,4,450,True,optimal,8.847385900533043e-07,1.018461816944182,1.0184627016827719,0.8955520777963102,107976.71093528306,0.8793175010892588,107976.71093528254,-4.851684624244508e-13
PINN Baseline,4,451,True,optimal,8.847385900533043e-07,0.910802046302706,0.9108029310412961,0.8421955523081124,104456.49102986546,0.9246737396258192,104456.4910298654,-5.572431194996306e-14
PINN Baseline,4,452,True,optimal,8.847385900533043e-07,1.0449176831170917,1.0449185678556816,0.9259513840079308,107110.85685873925,0.8861469328735463,107110.85685873899,-2.445452139889514e-13
PINN Baseline,4,453,True,optimal,8.847385900533043e-07,0.9774195998907089,0.977420484629299,0.895645247772336,110399.25094006842,0.9163356629588366,110399.25094006838,-3.9543516204471e-14
PINN Baseline,4,454,True,optimal,8.847385900533043e-07,1.0778174526058137,1.0778183373444037,0.9448422328568995,105621.44935425,0.8766247521682188,105621.44935425135,1.2813004598139061e-12
PINN Baseline,4,455,True,optimal,8.847385900533043e-07,0.9584822119213641,0.9584830966599541,0.9737071008421481,108653.38629094354,1.0158834352272308,108653.38629094341,-1.2053672833040642e-13
PINN Baseline,4,456,True,optimal,8.847385900533043e-07,1.0423390069045126,1.0423398916431026,0.8889662497676909,105840.6726193081,0.8528564021150148,105840.67261930792,-1.649866525021936e-13
PINN Baseline,4,457,True,optimal,8.847385900533043e-07,1.0759905241429806,1.0759914088815705,0.9722022050991654,111105.71276750744,0.903540862012748,111105.71276750718,-2.357524807556118e-13
PINN Baseline,4,458,True,optimal,8.847385900533043e-07,1.0527868950739503,1.0527877798125402,0.9281052518635988,114468.52855922972,0.8815691724963388,114468.5285592295,-1.9068885673022198e-13
PINN Baseline,4,459,True,optimal,8.847385900533043e-07,1.101850664243102,1.101851548981692,1.01120340032503,113496.20049732171,0.9177310693618963,113496.2004973219,1.6667949864386275e-13
PINN Baseline,4,460,True,optimal,8.847385900533043e-07,1.1565881432034075,1.1565890279419975,0.9932913430966437,115424.40220860454,0.8588109683731644,115424.40220860459,3.7821937865618985e-14
PINN Baseline,4,461,True,optimal,8.847385900533043e-07,1.1812671162188053,1.1812680009573953,0.9310415871441364,104742.84670573632,0.7881713433272931,104742.8467057345,-1.7366239898521283e-12
PINN Baseline,4,462,True,optimal,8.847385900533043e-07,1.0004718769341707,1.0004727616727607,0.8851519371382892,103204.35343702545,0.8847336689689997,103204.35343702558,1.2690088421048724e-13
PINN Baseline,4,463,True,optimal,8.847385900533043e-07,0.9875017995946109,0.987502684333201,0.8617429649457335,106727.31746038269,0.8726487316109068,106727.31746038252,-1.636160140586523e-13
PINN Baseline,4,464,True,optimal,8.847385900533043e-07,1.1133894519880414,1.1133903367266313,0.9338427660986781,109838.47987038629,0.8387379837013645,109838.47987038651,1.9872701141082817e-13
PINN Baseline,4,465,True,optimal,8.847385900533043e-07,0.9700053702108562,0.9700062549494463,0.7594546903856099,107070.82317194619,0.7829379310808571,107070.82317194615,-4.077277487163176e-14
PINN Baseline,4,466,True,optimal,8.847385900533043e-07,1.0787989851087332,1.0787998698473231,0.9062221581116319,103307.55582421695,0.8400280565846608,103307.55582422635,9.099564075952467e-12
PINN Baseline,4,467,True,optimal,8.847385900533043e-07,0.9777639848180115,0.9777648695566016,0.8747976617887616,102788.42153276311,0.8946912381761745,102788.4215327631,-1.4157154095151201e-14
PINN Baseline,4,468,True,optimal,8.847385900533043e-07,1.0657160878181458,1.0657169725567357,0.8552575651556253,104447.54723788997,0.8025184802150591,104447.54723770423,-1.7783150575267333e-10
PINN Baseline,4,469,True,optimal,8.847385900533043e-07,1.0580437621101737,1.0580446468487636,0.9559142529033124,109807.52667641033,0.9034725101160597,109807.52667640871,-1.470994420180965e-12
PINN Baseline,4,470,True,optimal,8.847385900533043e-07,0.919257927685976,0.9192588124245661,0.8950839340686798,105728.42361081821,0.9737017714389656,105728.42361081856,3.303236287399535e-13
PINN Baseline,4,471,True,optimal,8.847385900533043e-07,0.9289566073566675,0.9289574920952576,0.8189804442226887,104681.03706712554,0.8816124001276782,104681.03706712073,-4.587394393391181e-12
PINN Baseline,4,472,True,optimal,8.847385900533043e-07,0.9774495968595147,0.9774504815981048,0.8809517021290958,105632.42457511609,0.9012750197726271,105632.42457511603,-5.510397129252246e-14
PINN Baseline,4,473,True,optimal,8.847385900533043e-07,0.9569846279919147,0.9569855127305048,0.8941402831114829,102916.578421145,0.9343300094066108,102916.5784207766,-3.5795621227691865e-10
PINN Baseline,4,474,True,optimal,8.847385900533043e-07,1.0291747781448066,1.0291756628833966,0.9002342531457543,106488.68347819927,0.8747138954137404,106488.68347819916,-9.56565554868765e-14
PINN Baseline,4,475,True,optimal,8.847385900533043e-07,0.8904254231601954,0.8904263078987854,0.870958250015974,104597.68402007932,0.9781362503442291,104597.6840200795,1.669472745752959e-13
PINN Baseline,4,476,True,optimal,8.847385900533043e-07,1.0834064320661128,1.0834073168047027,0.9575857911258936,112662.89666196925,0.8838649843625802,112662.89666196912,-1.1624699962069346e-13
PINN Baseline,4,477,True,optimal,8.847385900533043e-07,1.2019121018238366,1.2019129865624265,1.0033926307223737,106546.50925522478,0.8348296773064763,106546.50925522482,4.09734171398579e-14
PINN Baseline,4,478,True,optimal,8.847385900533043e-07,1.1178055037744343,1.1178063885130243,0.9786846269853413,111730.64560452336,0.8755403771553396,111730.64560452334,-2.6048207543477622e-14
PINN Baseline,4,479,True,optimal,8.847385900533043e-07,0.9749796572141349,0.974980541952725,0.9151657982729375,109208.86783142127,0.9386503205900003,109208.86783142184,5.19669057262235e-13
PINN Baseline,4,480,True,optimal,8.847385900533043e-07,1.0545277567580342,1.0545286414966242,0.9707293957471848,114488.2557988966,0.9205339310362319,114488.25579889667,6.355199983973858e-14
PINN Baseline,4,481,True,optimal,8.847385900533043e-07,1.0195896700024605,1.0195905547410504,0.9184165960177779,113318.05450726896,0.9007700117926573,113318.05450726996,8.860742933888831e-13
PINN Baseline,4,482,True,optimal,8.847385900533043e-07,1.022315464913845,1.022316349652435,0.9706826438196003,105332.14998899367,0.9494934167389684,105332.14998899297,-6.631327007324881e-13
PINN Baseline,4,483,True,optimal,8.847385900533043e-07,1.076237453147769,1.076238337886359,1.053954535163939,111323.99483385583,0.9792947324602993,111323.99483385556,-2.4836190055127736e-13
PINN Baseline,4,484,True,optimal,8.847385900533043e-07,1.0912688528187573,1.0912697375573472,1.0393447941169143,106296.7901972169,0.9524178654888208,106296.79019721682,-8.21393489005721e-14
PINN Baseline,4,485,True,optimal,8.847385900533043e-07,0.8907571583986282,0.8907580431372183,0.9125730888918042,106542.14577448895,1.0244904280378475,106542.14577448874,-1.9121711104669475e-13
PINN Baseline,4,486,True,optimal,8.847385900533043e-07,0.9364706366322935,0.9364715213708835,0.9124692366458476,104462.59503026825,0.9743694451168152,104462.59503026829,4.1790791883402105e-14
PINN Baseline,4,487,True,optimal,8.847385900533043e-07,0.9541104040108621,0.9541112887494522,0.8803004403598607,104368.48381050679,0.9226391624751291,104368.48381050662,-1.6731390201801792e-13
PINN Baseline,4,488,True,optimal,8.847385900533043e-07,1.063492665067315,1.063493549805905,0.9869573856703937,107448.5030713416,0.9280332596756419,107448.50307134136,-2.302336019683626e-13
PINN Baseline,4,489,True,optimal,8.847385900533043e-07,0.9138012817129493,0.9138021664515393,0.9408139251172543,106772.7713769927,1.0295597446114693,106772.77137699272,1.3628863464625294e-14
PINN Baseline,4,490,True,optimal,8.847385900533043e-07,0.984710399992764,0.984711284731354,0.9639288303442299,108888.28509095663,0.9788948753717249,108888.28509095676,1.2027670097467512e-13
PINN Baseline,4,491,True,optimal,8.847385900533043e-07,1.0082833520136774,1.0082842367522673,0.9280319409444928,109622.07756003147,0.9204070708610192,109622.0775600312,-2.389431763571186e-13
PINN Baseline,4,492,True,optimal,8.847385900533043e-07,1.0069851269945502,1.0069860117331402,0.9343566759489477,107812.04931902977,0.927874533570542,107812.04931897423,-5.151990039843548e-11
PINN Baseline,4,494,True,optimal,8.847385900533043e-07,1.0271790949627757,1.0271799797013657,0.8955637812614441,108162.31709218716,0.8718664683494058,108162.31709218706,-9.417642792521668e-14
PINN Baseline,4,495,True,optimal,8.847385900533043e-07,1.0438353959470987,1.0438362806856887,0.8936912487260997,105474.09374154238,0.8561603627525193,105474.0937415431,6.76036949828879e-13
PINN Baseline,4,496,True,optimal,8.847385900533043e-07,1.0365491542033851,1.036550038941975,0.8041134430095553,104170.09187507343,0.7757594064926456,104170.09187223532,-2.7244899487442943e-09
PINN Baseline,4,497,True,optimal,8.847385900533043e-07,1.03741840319708,1.0374192879356698,0.8664756249636412,111829.70407735379,0.8352222047922547,111829.70407735028,-3.1360286598009544e-12
PINN Baseline,4,498,True,optimal,8.847385900533043e-07,1.001791353803128,1.001792238541718,0.8653361857868731,107424.00577862668,0.8637880715132309,107424.00577862666,-2.7092482956471787e-14
PINN Baseline,4,499,True,optimal,8.847385900533043e-07,0.9252644260413945,0.9252653107799845,0.861282086931169,107772.40106358481,0.9308487813134606,107772.40106358475,-5.400980245315809e-14
PINN Baseline,4,500,True,optimal,8.847385900533043e-07,1.0794582813978195,1.0794591661364095,1.1671756291761994,107293.42328192442,1.0812596398192105,107293.42328192502,5.560718505507449e-13
PINN Baseline,4,501,True,optimal,8.847385900533043e-07,0.9878929108381271,0.9878937955767172,0.8056107587181032,103431.31842245994,0.8154831646126495,103431.31842244361,-1.578559486164509e-11
PINN Baseline,4,502,True,optimal,8.847385900533043e-07,0.919287642929703,0.919288527668293,0.7531627640128136,101819.34660340639,0.8192887666325553,101819.34660340637,-1.4291896102071445e-14
PINN Baseline,4,503,True,optimal,8.847385900533043e-07,1.0953754428774118,1.0953763276160018,0.842844950966537,107912.13033728262,0.7694569708302178,107912.13033728207,-5.1242874823211e-13
PINN Baseline,4,504,True,optimal,8.847385900533043e-07,1.0545313940383494,1.0545322787769393,0.8883046028204262,108325.37179096325,0.8423683377911332,108325.3717909632,-5.3734097516684654e-14
PINN Baseline,4,505,True,optimal,8.847385900533043e-07,1.0190049917437136,1.0190058764823036,0.860262646805495,111544.98527225973,0.844217552282619,111544.98527225967,-5.218312662948834e-14
PINN Baseline,4,506,True,optimal,8.847385900533043e-07,0.9849074669182301,0.9849083516568201,0.7732022469863296,112353.71909676278,0.7850499446833231,112353.7190967627,-7.771126053691692e-14
PINN Baseline,4,507,True,optimal,8.847385900533043e-07,1.012655952014029,1.012656836752619,0.8490262189880013,108097.30678845945,0.8384145429864008,108097.30678845957,1.0769493272829939e-13
PINN Baseline,4,508,True,optimal,8.847385900533043e-07,0.9492649710737169,0.9492658558123069,0.7783896378241479,106004.36828998904,0.8199911890416236,106004.3682898571,-1.244686587015516e-10
PINN Baseline,4,509,True,optimal,8.847385900533043e-07,1.0879023517481983,1.0879032364867882,0.7623853902332485,109468.06429120897,0.7007841917037142,109468.0642912087,-2.392793512944564e-13
PINN Baseline,4,510,True,optimal,8.847385900533043e-07,1.0520398919470608,1.0520407766856508,0.8458887282758951,108226.52028537389,0.8040455722075555,108226.52028537325,-5.916149464658264e-13
PINN Baseline,4,511,True,optimal,8.847385900533043e-07,0.974303366150707,0.9743042508892971,0.7870990801602602,104156.91767147282,0.8078575860074867,104156.91767152684,5.186089463407019e-11
PINN Baseline,4,512,True,optimal,8.847385900533043e-07,1.1315705878660083,1.1315714726045982,0.8395769740454853,107189.6797658741,0.7419566455780175,107189.6797658742,9.50309832262398e-14
PINN Baseline,4,513,True,optimal,8.847385900533043e-07,1.0081898239441216,1.0081907086827115,0.8144246363081038,109405.98370017376,0.8078081153636301,109405.98370017087,-2.646867230206536e-12
PINN Baseline,4,514,True,optimal,8.847385900533043e-07,0.9851229758933187,0.9851238606319087,0.7948208721354604,103620.39137791484,0.8068232878103487,103620.3913779116,-3.1316973935088304e-12
PINN Baseline,4,515,True,optimal,8.847385900533043e-07,0.9039196851663291,0.9039205699049192,0.8222398296929896,110540.15018643468,0.9096372591448811,110540.15018648854,4.8721336246922276e-11
PINN Baseline,4,516,True,optimal,8.847385900533043e-07,0.9916769438423216,0.9916778285809117,0.7654921398498118,105063.60454266005,0.7719161584415263,105063.60454267198,1.1357472970019522e-11
PINN Baseline,4,517,True,optimal,8.847385900533043e-07,1.0520427911542356,1.0520436758928255,0.8768458473496139,107951.70810380334,0.8334690540347305,107951.70810380332,-1.348002313624731e-14
PINN Baseline,4,518,True,optimal,8.847385900533043e-07,1.0051372828893363,1.0051381676279263,0.8212090753950179,107488.36728535945,0.8170111352283324,107488.36728536083,1.2861223792010713e-12
PINN Baseline,4,519,True,optimal,8.847385900533043e-07,1.049952041823417,1.049952926562007,0.8785298648290336,110261.51852472243,0.8367326216287758,110261.51852180345,-2.6473272512738446e-09
PINN Baseline,4,520,True,optimal,8.847385900533043e-07,0.9730661399662495,0.9730670247048395,0.7526054349727929,107331.48111551194,0.7734363778292463,107331.48111551238,4.067375688044173e-13
PINN Baseline,4,521,True,optimal,8.847385900533043e-07,1.0887925932183862,1.0887934779569761,0.7251175460405648,107490.44709958471,0.6659826318956128,107490.4470995847,-1.3537868360418303e-14
PINN Baseline,4,522,True,optimal,8.847385900533043e-07,1.1030726372264326,1.1030735219650225,0.8074297970160842,108699.84046646228,0.7319818497480779,108699.84046646215,-1.2048521551943737e-13
PINN Baseline,4,523,True,optimal,8.847385900533043e-07,1.0081381788477302,1.00813906358632,0.7699974719434977,108256.6188459699,0.7637810097392065,108256.61884597002,1.0753644725647057e-13
PINN Baseline,4,524,True,optimal,8.847385900533043e-07,1.0887995311059058,1.0888004158444957,0.8291764622554183,106794.03817920828,0.761550464335828,106794.03817920819,-8.175689660099376e-14
PINN Baseline,4,525,True,optimal,8.847385900533043e-07,0.9873913270421326,0.9873922117807227,0.8034917400218546,109443.25806577783,0.8137513446382053,109443.25806577766,-1.5955572396743702e-13
PINN Baseline,4,526,True,optimal,8.847385900533043e-07,0.8735961318016052,0.8735970165401953,0.7512882850132883,113925.33186431999,0.8599941057361894,113925.33186431849,-1.315640028423921e-12
PINN Baseline,4,527,True,optimal,8.847385900533043e-07,1.1177579397335649,1.1177588244721548,0.9068760671652853,112865.61676988886,0.8113342944025016,112865.6167698892,2.9654208237289304e-13
PINN Baseline,4,528,True,optimal,8.847385900533043e-07,0.9848207258619368,0.9848216106005269,0.7948202290572226,103236.3639732345,0.8070702556705222,103236.36397320632,-2.7303421694175986e-11
PINN Baseline,4,529,True,optimal,8.847385900533043e-07,0.97059764014557,0.9705985248841601,0.7263587927445769,107549.73519276289,0.7483617315730694,107549.7351927628,-8.118243267983088e-14
PINN Baseline,4,530,True,optimal,8.847385900533043e-07,0.9985983432270586,0.9985992279656487,0.7596041532233357,111277.03256146854,0.7606696780357072,111277.0325614687,1.4384915182170533e-13
PINN Baseline,4,531,True,optimal,8.847385900533043e-07,1.0001414520666003,1.0001423368051903,0.8289685426279902,111405.34432159908,0.8288505666863479,111405.34432159903,-5.2248535532942295e-14
PINN Baseline,4,532,True,optimal,8.847385900533043e-07,0.9785345536656678,0.9785354384042578,0.7819097391329706,106872.00448588983,0.799061238301258,106872.00448588975,-8.169725251268093e-14
PINN Baseline,4,533,True,optimal,8.847385900533043e-07,1.0037569170817733,1.0037578018203632,0.7878091116435826,112276.29590018101,0.7848597641929684,112276.29590018127,2.332945453985012e-13
PINN Baseline,4,534,True,optimal,8.847385900533043e-07,1.1012604250572622,1.1012613097958521,0.7610769458115101,104824.04077857218,0.6910956909514925,104824.04077857206,-1.1105784604587777e-13
PINN Baseline,4,535,True,optimal,8.847385900533043e-07,1.0480429558083415,1.0480438405469314,0.7765553430654109,108359.37091982891,0.740956926630243,108359.37091982902,9.400516608197451e-14
PINN Baseline,4,536,True,optimal,8.847385900533043e-07,1.1755882250145078,1.1755891097530977,0.8149312590248883,111098.18085359836,0.6932109631366384,111098.18085359808,-2.4886671160107934e-13
PINN Baseline,4,537,True,optimal,8.847385900533043e-07,1.1378063932061195,1.1378072779447095,0.8329696063883603,112494.5151460749,0.7320832117483058,112494.51514607479,-1.0348533141884181e-13
PINN Baseline,4,538,True,optimal,8.847385900533043e-07,1.0605260450392962,1.060526929777886,0.7957637431100011,111903.80593990853,0.7503475119454663,111903.80593990842,-1.0403160182902888e-13
PINN Baseline,4,539,True,optimal,8.847385900533043e-07,1.0850013922899961,1.085002277028586,0.8249535760842264,109837.87395889914,0.7603242809254415,109837.87395889952,3.444620532978588e-13
PINN Baseline,4,540,True,optimal,8.847385900533043e-07,0.9856515866704285,0.9856524714090186,0.7674095658585429,105513.96925896323,0.7785802685215296,105513.96925896389,6.206156302103867e-13
PINN Baseline,4,541,True,optimal,8.847385900533043e-07,0.9517485196702182,0.9517494044088083,0.8203880316577852,110290.34432749341,0.8619790334067822,110290.34432749341,0.0
PINN Baseline,4,542,True,optimal,8.847385900533043e-07,0.9777270848862827,0.9777279696248727,0.7356625441461802,106249.35491953969,0.7524204758389326,106249.35491988354,3.236228635848832e-10
PINN Baseline,4,543,True,optimal,8.847385900533043e-07,0.9770747451111674,0.9770756298497575,0.707712790928781,111527.47888420889,0.724317309027147,111527.47888420887,-1.304782944432473e-14
PINN Baseline,4,544,True,optimal,8.847385900533043e-07,0.9533030991442502,0.9533039838828402,0.7984016537666321,111630.86371035826,0.8375100359013653,111630.86371036264,3.9237593781440835e-12
PINN Baseline,4,545,True,optimal,8.847385900533043e-07,0.9826972801238298,0.9826981648624199,0.7364215138368309,105115.72326234789,0.7493872891682174,105115.72326234778,-1.107496749429059e-13
PINN Baseline,4,546,True,optimal,8.847385900533043e-07,0.9828819809481502,0.9828828656867402,0.7341755367815495,107395.4141808653,0.7469613749636189,107395.41418086526,-2.7099695716727493e-14
PINN Baseline,4,547,True,optimal,8.847385900533043e-07,1.0742726819589734,1.0742735666975634,0.6628500432707369,108551.50988235758,0.6170216449692715,108551.50988235782,2.1448862747851157e-13
PINN Baseline,4,548,True,optimal,8.847385900533043e-07,1.1114208991639316,1.1114217839025216,0.7297688028775156,110978.11816991075,0.6566083312809359,110978.11816991045,-2.7536078718494425e-13
PINN Baseline,4,549,True,optimal,8.847385900533043e-07,1.1490232478827238,1.1490241326213138,0.6731854430399835,107848.9411747305,0.585875808808488,107848.94117473056,5.397147183778354e-14
PINN Baseline,4,550,True,optimal,8.847385900533043e-07,1.0269685089588165,1.0269693936974065,0.6352757760323584,110387.11496704306,0.6185927058109977,110387.11496705098,7.1713459370643244e-12
PINN Baseline,4,551,True,optimal,8.847385900533043e-07,0.9406153340823948,0.9406162188209849,0.6275268043391407,105110.88842651535,0.6671443589668419,105110.88842651538,2.7688692287175026e-14
PINN Baseline,4,552,True,optimal,8.847385900533043e-07,1.0110673420131207,1.0110682267517106,0.675386265385896,108436.89334525401,0.6679927699397001,108436.89334525396,-4.0259126150086495e-14
PINN Baseline,4,553,True,optimal,8.847385900533043e-07,1.0397059032693505,1.0397067880079405,0.5888847699388862,103460.82255609709,0.566395042074486,103460.82255609719,9.845601850240172e-14
PINN Baseline,4,554,True,optimal,8.847385900533043e-07,1.015988017898053,1.0159889026366429,0.5895392480306327,106763.23760564446,0.5802615033497811,106763.23760564708,2.4534144897152793e-12
PINN Baseline,4,555,True,optimal,8.847385900533043e-07,0.9213744630105793,0.9213753477491694,0.5914993989281356,102681.26382447327,0.64197441398135,102681.26382446368,-9.339300840596123e-12
PINN Baseline,4,556,True,optimal,8.847385900533043e-07,0.9689484457485378,0.9689493304871278,0.6655172547325492,113571.20734139674,0.6868442278586108,113571.20734139698,2.0500851325281524e-13
PINN Baseline,4,557,True,optimal,8.847385900533043e-07,1.0711929807439446,1.0711938654825346,0.6342298230156302,105360.74171058512,0.5920775346579606,105360.74171058508,-4.143454665972104e-14
PINN Baseline,4,558,True,optimal,8.847385900533043e-07,1.1114858137443662,1.1114866984829561,0.692204135004431,110371.76997461788,0.6227732063273499,110371.76997461963,1.5821344785950261e-12
PINN Baseline,4,559,True,optimal,8.847385900533043e-07,0.917635730933398,0.9176366156719881,0.5818924871273339,106427.39202990272,0.6341208242886126,106427.39202990351,7.383469681480348e-13
PINN Baseline,4,560,True,optimal,8.847385900533043e-07,1.1351384720765054,1.1351393568150954,0.6535741193220019,105714.96553341072,0.5757655352165396,105714.96553341394,3.0421173097319706e-12
PINN Baseline,4,561,True,optimal,8.847385900533043e-07,1.0317183858714998,1.0317192706100897,0.5924591650255024,104604.49646103682,0.5742445468476728,104604.49646071023,-3.122128058729151e-10
PINN Baseline,4,562,True,optimal,8.847385900533043e-07,1.0876338556408882,1.0876347403794782,0.6130209667608142,109260.35659053797,0.5636276076901789,109260.35659053823,2.3973422958175396e-13
PINN Baseline,4,563,True,optimal,8.847385900533043e-07,0.9858406148850918,0.9858414996236818,0.66397177381441,104823.34717371542,0.6735076318737476,104823.34717371516,-2.498818070334275e-13
PINN Baseline,4,564,True,optimal,8.847385900533043e-07,0.9730032840743661,0.9730041688129561,0.614466096740216,104467.62847031221,0.6315143515673229,104467.62847031218,-2.7859185551440445e-14
PINN Baseline,4,565,True,optimal,8.847385900533043e-07,1.0553374118171632,1.0553382965557532,0.6160901659168303,105917.01094988038,0.5837845247609494,105917.01094988055,1.6486774048319143e-13
PINN Baseline,4,566,True,optimal,8.847385900533043e-07,0.9942168989218771,0.9942177836604672,0.6609676377847791,111618.68288858802,0.6648117229921774,111618.68288858721,-7.300814090432708e-13
PINN Baseline,4,567,True,optimal,8.847385900533043e-07,0.9904843140393496,0.9904851987779396,0.6703116330318153,106485.51994392482,0.6767507822013349,106485.51994392487,4.0996884560538964e-14
PINN Baseline,4,568,True,optimal,8.847385900533043e-07,0.9561431943438947,0.9561440790824848,0.631336625199765,106099.60185512634,0.6602944462152557,106099.60185512638,4.114600330424451e-14
PINN Baseline,4,569,True,optimal,8.847385900533043e-07,1.035553826019168,1.0355547107577578,0.629199496936053,111817.05963434788,0.6075965764045841,111817.05963434798,9.109826973779379e-14
PINN Baseline,4,570,True,optimal,8.847385900533043e-07,1.2034156951121986,1.2034165798507885,0.7117026066407561,108273.3584457254,0.5914016962679707,108273.35844572505,-3.2255946476055076e-13
PINN Baseline,4,571,True,optimal,8.847385900533043e-07,0.9368913820944726,0.9368922668330627,0.6013961140997708,105318.95029386495,0.6419053026583779,105318.95029386418,-7.323007919766269e-13
PINN Baseline,4,572,True,optimal,8.847385900533043e-07,1.0470716319978237,1.0470725167364137,0.722949834074825,109608.69647047385,0.6904486771634155,109608.69647047443,5.310496592681152e-13
PINN Baseline,4,573,True,optimal,8.847385900533043e-07,1.049561358988285,1.049562243726875,0.7807516129687428,114529.48306176206,0.7438830975820772,114529.48306171497,-4.11160483921865e-11
PINN Baseline,4,574,True,optimal,8.847385900533043e-07,1.0954715069383383,1.0954723916769282,0.6381875490769744,105849.20984989374,0.5825683549176891,105849.20984989336,-3.5744224871785185e-13
PINN Baseline,4,575,True,optimal,8.847385900533043e-07,1.040297699160874,1.0402985838994638,0.6075170319527388,110722.53202526801,0.5839833307044568,110722.53202526791,-9.199880524347266e-14
PINN Baseline,4,576,True,optimal,8.847385900533043e-07,1.0112872119061649,1.0112880966447548,0.6678359108045697,107965.62164921248,0.6603814610498348,107965.62164921232,-1.482611456006959e-13
PINN Baseline,4,577,True,optimal,8.847385900533043e-07,1.1182316672056913,1.1182325519442813,0.6921426560729742,106012.02968212494,0.6189612839203611,106012.02968212488,-5.490665643135216e-14
PINN Baseline,4,578,True,optimal,8.847385900533043e-07,0.9711476610973477,0.9711485458359378,0.6673076148144901,109786.41360557241,0.6871323832751972,109786.41360557177,-5.83209022883723e-13
PINN Baseline,4,579,True,optimal,8.847385900533043e-07,1.0250856610946357,1.0250865458332257,0.6310216458514333,107228.6752054175,0.6155788976222658,107228.67520541763,1.2213825900992277e-13
PINN Baseline,4,580,True,optimal,8.847385900533043e-07,1.054578682873398,1.054579567611988,0.6330560771748424,105014.59891441646,0.6002923787043852,105014.59891441643,-2.7714080477946112e-14
PINN Baseline,4,581,True,optimal,8.847385900533043e-07,0.9824046562425792,0.9824055409811693,0.5878313598223031,110795.13799729715,0.5983591656407102,110795.13799796508,6.028539889524148e-10
PINN Baseline,4,582,True,optimal,8.847385900533043e-07,0.9180188393220305,0.9180197240606206,0.6035601780749857,106912.37920793764,0.6574588347680537,106912.37920793754,-9.527746679404659e-14
PINN Baseline,4,583,True,optimal,8.847385900533043e-07,0.9591780249029398,0.9591789096415299,0.5746475388295949,105486.42683747859,0.5991036010626585,105486.42684332763,5.54482755553659e-09
PINN Baseline,4,584,True,optimal,8.847385900533043e-07,1.1475024190731347,1.1475033038117246,0.6920872465707362,109566.50950937948,0.6031244043235362,109566.50950926059,-1.0850865647552607e-10
PINN Baseline,4,585,True,optimal,8.847385900533043e-07,0.9936014879494905,0.9936023726880806,0.6758731240406632,108054.66597689284,0.6802249497574807,108054.6659768927,-1.212046105286269e-13
PINN Baseline,4,586,True,optimal,8.847385900533043e-07,0.8795818798244,0.87958276456299,0.6178826843388379,104134.8979753388,0.7024724781252681,104134.89797533912,3.0743020951524503e-13
PINN Baseline,4,587,True,optimal,8.847385900533043e-07,1.0466120718047023,1.0466129565432922,0.6854853117838502,106818.1020337935,0.6549558817309517,106818.10203379534,1.7165080486022445e-12
PINN Baseline,4,588,True,optimal,8.847385900533043e-07,1.004824792034924,1.004825676773514,0.6267670388333499,106132.79959315465,0.6237569892181628,106132.79959315463,-1.3711044355891485e-14
PINN Baseline,4,589,True,optimal,8.847385900533043e-07,1.174332753289491,1.1743336380280809,0.7433349452912807,112830.50330643599,0.6329844613320239,112830.50330643494,-9.285945429108523e-13
PINN Baseline,4,590,True,optimal,8.847385900533043e-07,1.0018188976682723,1.0018197824068622,0.6584229809232056,104752.0073952169,0.6572269708443478,104752.00739521554,-1.3058270342310816e-12
PINN Baseline,4,591,True,optimal,8.847385900533043e-07,1.0727019631303847,1.0727028478689746,0.6368356556631625,106186.50917915448,0.5936738742964061,106186.50917915456,6.852054625797767e-14
PINN Baseline,4,592,True,optimal,8.847385900533043e-07,1.0808520070277154,1.0808528917663054,0.6340308277867734,108200.05408775316,0.5866023328583176,108200.05408766301,-8.331707003271855e-11
PINN Baseline,4,593,True,optimal,8.847385900533043e-07,0.9637070749886334,0.9637079597272235,0.6340704588219523,114393.5710176232,0.6579487617819669,114393.57101687815,-6.512984087736669e-10
PINN Baseline,4,594,True,optimal,8.847385900533043e-07,0.9637104189023376,0.9637113036409276,0.6166805787943304,106025.51710522352,0.6399017801954738,106025.51710526367,3.786704862303959e-11
PINN Baseline,4,595,True,optimal,8.847385900533043e-07,0.9567687548696995,0.9567696396082895,0.6566657926887274,106632.66320048831,0.6863363609212898,106632.66320118862,6.567508485166933e-10
PINN Baseline,4,596,True,optimal,8.847385900533043e-07,0.9494946552440524,0.9494955399826425,0.6726766866631806,108783.4167479045,0.7084569208987308,108783.41674790456,5.350784398357176e-14
PINN Baseline,4,597,True,optimal,8.847385900533043e-07,1.099444180727005,1.099445065465595,0.643241245765239,113569.00346289156,0.5850599233831096,113569.00346289144,-1.0250624578648634e-13
PINN Baseline,4,598,True,optimal,8.847385900533043e-07,0.9812551699578762,0.9812560546964663,0.6686458648182452,104563.58308787638,0.6814183327766355,104563.58308787624,-1.391681003905276e-13
PINN Baseline,4,599,True,optimal,8.847385900533043e-07,1.090119007974863,1.090119892713453,0.6396524291485548,107551.67897961353,0.5867725499040065,107551.67897961367,1.3530160910946983e-13
PINN Baseline,4,600,True,optimal,8.847385900533043e-07,1.1416590018197894,1.1416598865583794,0.69463663501665,112885.3086020433,0.6084444616081633,112885.30860204359,2.5781769848664706e-13
PINN Baseline,4,601,True,optimal,8.847385900533043e-07,1.0051315971650183,1.0051324819036083,0.6244948050007224,106870.04883890205,0.6213059633870346,106870.04883889241,-9.014095142503752e-12
PINN Baseline,4,602,True,optimal,8.847385900533043e-07,1.0380052183754742,1.0380061031140642,0.6283842818811536,111905.32291269554,0.6053762882472203,111905.32291269535,-1.690490613358548e-13
PINN Baseline,4,603,True,optimal,8.847385900533043e-07,1.0220409953035414,1.0220418800421314,0.6094349729828537,106307.86929189875,0.5962915853876076,106307.86929189839,-3.422116190761569e-13
PINN Baseline,4,604,True,optimal,8.847385900533043e-07,1.0408579469658434,1.0408588317044334,0.641299138776958,116799.23664889485,0.616124991442705,116799.23664889476,-7.475347774118115e-14
PINN Baseline,4,605,True,optimal,8.847385900533043e-07,1.0583886420354247,1.0583895267740147,0.6715500159189105,106094.49774598538,0.6345017585026601,106094.49774598543,4.1147982800788076e-14
PINN Baseline,4,606,True,optimal,8.847385900533043e-07,0.9734181589446962,0.9734190436832862,0.6377619751729071,104452.5622778716,0.6551772120254622,104452.56227787188,2.6470043750907977e-13
PINN Baseline,4,607,True,optimal,8.847385900533043e-07,1.0941606969572604,1.0941615816958503,0.6821915479376912,108631.58616592688,0.6234833678590294,108631.58616592636,-4.822436702903655e-13
PINN Baseline,4,608,True,optimal,8.847385900533043e-07,0.9506346289999783,0.9506355137385684,0.6205839291214943,107310.7264998673,0.6528095365182827,107310.72649986818,8.136324691670881e-13
PINN Baseline,4,609,True,optimal,8.847385900533043e-07,1.0511676026508212,1.0511684873894112,0.6755945230834186,109879.15196546726,0.642708120713612,109879.15196546716,-9.270494427421639e-14
PINN Baseline,4,610,True,optimal,8.847385900533043e-07,0.861052003223449,0.861052887962039,0.5853264420293272,107772.03869198175,0.6797798953031701,107772.03869198204,2.700499202758334e-13
PINN Baseline,4,611,True,optimal,8.847385900533043e-07,0.9169489978812635,0.9169498826198536,0.6412567757070065,110507.8554844232,0.6993367771364413,110507.85548442318,-1.3168217919510743e-14
PINN Baseline,4,612,True,optimal,8.847385900533043e-07,0.9839487667195499,0.98394965145814,0.6423585489392281,110489.4289469126,0.6528368072363262,110489.42894691293,3.0291952220447235e-13
PINN Baseline,4,613,True,optimal,8.847385900533043e-07,0.928663874976337,0.928664759714927,0.6063243132084608,103066.79991565834,0.6528990218112558,103066.79991606934,3.987746723933668e-10
PINN Baseline,4,614,True,optimal,8.847385900533043e-07,1.0852501969784498,1.0852510817170398,0.6675516269169748,108999.34848185981,0.6151126114159702,108999.34848186187,1.895765425397922e-12
PINN Baseline,4,615,True,optimal,8.847385900533043e-07,1.046839302405715,1.046840187144305,0.6370490398257971,110016.67914982128,0.6085446925414806,110016.67914983252,1.0211250369592218e-11
PINN Baseline,4,616,True,optimal,8.847385900533043e-07,1.0557476067915559,1.0557484915301458,0.6075897770933807,111000.89508490225,0.5755061759195813,111000.89508490307,7.341447581708582e-13
PINN Baseline,4,617,True,optimal,8.847385900533043e-07,0.9859572937712073,0.9859581785097974,0.6076925112865865,110689.38505353508,0.6163471479135846,110689.38505353489,-1.709060881287527e-13
PINN Baseline,4,618,True,optimal,8.847385900533043e-07,0.967495730612427,0.967496615351017,0.6237996462732553,112724.20371435733,0.6447564119352861,112724.20371435712,-1.80730319207558e-13
PINN Baseline,4,619,True,optimal,8.847385900533043e-07,1.075785863213241,1.075786747951831,0.7217487129382789,108737.38536696315,0.6709031453607343,108737.38536696306,-8.029574288138834e-14
PINN Baseline,4,620,True,optimal,8.847385900533043e-07,1.0551334437914193,1.0551343285300092,0.6473674438893795,106010.03754355416,0.6135403108259003,106010.03754355424,6.863461029521948e-14
PINN Baseline,4,621,True,optimal,8.847385900533043e-07,1.0665401299484074,1.0665410146869974,0.6160184908658266,104784.44691169928,0.5775853740107804,104784.44691168319,-1.535954878507526e-11
PINN Baseline,4,622,True,optimal,8.847385900533043e-07,0.9290741989389062,0.9290750836774962,0.6329968748614192,110642.74844166175,0.6813193960125049,110642.74844166207,2.893475980424249e-13
PINN Baseline,4,623,True,optimal,8.847385900533043e-07,0.9765234817750752,0.9765243665136653,0.6564431651495397,104472.68833980219,0.6722240505816949,104472.68833980225,5.571567252499939e-14
PINN Baseline,4,624,True,optimal,8.847385900533043e-07,1.2520659356378019,1.2520668203763918,0.6608373620547354,108010.31650864542,0.527797200037676,108010.31650864522,-1.8861792075280986e-13
PINN Baseline,4,625,True,optimal,8.847385900533043e-07,1.110285839997232,1.110286724735822,0.6710179229266942,109897.10600078265,0.6043645375354317,109897.1060007845,1.6816577808604248e-12
PINN Baseline,4,626,True,optimal,8.847385900533043e-07,1.0326720271259546,1.0326729118645446,0.5798147851601243,105115.49752143418,0.5614699276978599,105115.49752143028,-3.710122078247389e-12
PINN Baseline,4,627,True,optimal,8.847385900533043e-07,0.9386689602397382,0.9386698449783283,0.5925088520161808,107008.63199669404,0.6312217817435697,107008.6319966941,5.4395294872347956e-14
PINN Baseline,4,628,True,optimal,8.847385900533043e-07,1.2142961318604648,1.2142970165990548,0.7177073010243475,112963.25054912192,0.5910475700866563,112963.25054912237,3.99341706162402e-13
PINN Baseline,4,629,True,optimal,8.847385900533043e-07,1.0876922430470586,1.0876931277856485,0.6301517798565328,109273.28859155695,0.5793470269867483,109273.28859155814,1.091993353642218e-12
PINN Baseline,4,630,True,optimal,8.847385900533043e-07,1.0458816536702216,1.0458825384088115,0.669620328117162,110379.04409188525,0.6402442946756826,110379.04409187757,-6.960932941384804e-12
PINN Baseline,4,631,True,optimal,8.847385900533043e-07,1.0718240039423108,1.0718248886809008,0.6824472150765359,109267.21064552446,0.63671521559499,109267.21064552374,-6.658866435043792e-13
PINN Baseline,4,632,True,optimal,8.847385900533043e-07,0.9714987357147038,0.9714996204532939,0.615410118829459,106946.37064358934,0.6334640857011489,106946.3706435892,-1.360674059418316e-13
PINN Baseline,4,633,True,optimal,8.847385900533043e-07,0.9608686622232199,0.9608695469618099,0.6384298210032284,106299.00179689658,0.6644292381019783,106299.00179689658,0.0
PINN Baseline,4,634,True,optimal,8.847385900533043e-07,1.1331412009894848,1.1331420857280747,0.6620621890760958,106007.36296660957,0.5842711142889929,106007.36296660971,1.3727268390734752e-13
PINN Baseline,4,635,True,optimal,8.847385900533043e-07,0.9608733570203185,0.9608742417589086,0.6544184498488903,106738.78377124503,0.6810656602168439,106738.78377124501,-1.3633203147183579e-14
PINN Baseline,4,636,True,optimal,8.847385900533043e-07,0.9881774848327041,0.9881783695712941,0.6471891426481307,105798.64130602928,0.6549315008067862,105798.64130602931,2.7508699636840352e-14
PINN Baseline,4,637,True,optimal,8.847385900533043e-07,1.074488578364253,1.074489463102843,0.6200642217881978,102291.4594010008,0.5770779919959526,102291.45940100832,7.354807739689023e-12
PINN Baseline,4,638,True,optimal,8.847385900533043e-07,1.0087440223433077,1.0087449070818977,0.5644595450721681,104577.79511895179,0.5595661907280797,104577.79511997371,9.771890846091243e-10
PINN Baseline,4,639,True,optimal,8.847385900533043e-07,1.0133913978934288,1.0133922826320187,0.6234072991646826,106190.4256295311,0.6151687849304979,106190.42562953106,-4.111081147504138e-14
PINN Baseline,4,640,True,optimal,8.847385900533043e-07,0.974965185392648,0.974966070131238,0.6118985181674361,104196.64308052527,0.6276100645072396,104196.64308052578,4.888036868896336e-13
PINN Baseline,4,641,True,optimal,8.847385900533043e-07,0.9870490459725261,0.9870499307111161,0.6322127738967538,108154.10974897348,0.6405073889638782,108154.10974897348,0.0
PINN Baseline,4,642,True,optimal,8.847385900533043e-07,1.0660728020593524,1.0660736867979423,0.6080183889716864,109232.48936973893,0.5703342991214141,109232.48936973885,-7.993179673371916e-14
PINN Baseline,4,643,True,optimal,8.847385900533043e-07,1.1138141020201147,1.1138149867587046,0.5698251440189779,105818.4640342285,0.5115976628014469,105818.46403422861,1.1001418598296664e-13
PINN Baseline,4,644,True,optimal,8.847385900533043e-07,1.1135043199174106,1.1135052046560006,0.606200210750103,107249.61202104604,0.5444071641653249,107249.61202073422,-2.9074085550282035e-10
PINN Baseline,4,645,True,optimal,8.847385900533043e-07,0.9985777582041919,0.998578642942782,0.5486443000845611,107675.55932825601,0.5494252295119415,107675.55932825599,-2.702918901773128e-14
PINN Baseline,4,646,True,optimal,8.847385900533043e-07,0.9649061085656285,0.9649069933042186,0.5920291068032384,112200.97226042539,0.6135608000683044,112200.97226042552,1.1672558126441063e-13
PINN Baseline,4,647,True,optimal,8.847385900533043e-07,1.0205546636134386,1.0205555483520286,0.570364257786423,108476.72745579087,0.5588762500066117,108476.72745579116,2.68295616390113e-13
PINN Baseline,4,648,True,optimal,8.847385900533043e-07,1.1229523182846606,1.1229532030232505,0.5461925882846117,104465.84647036159,0.4863894477651736,104465.84647016191,-1.911451326059013e-10
PINN Baseline,4,649,True,optimal,8.847385900533043e-07,1.1074526361189783,1.1074535208575682,0.560293666087091,108942.154103925,0.5059297347785953,108942.15410392512,1.0685975762502439e-13
PINN Baseline,4,650,True,optimal,8.847385900533043e-07,1.0059449039399624,1.0059457886785523,0.5473314081318676,107675.55916660369,0.5440963263545866,107675.55916660516,1.3649740474446526e-12
PINN Baseline,4,651,True,optimal,8.847385900533043e-07,0.9788757530041039,0.978876637742694,0.5446534189395607,109851.24151025219,0.556406597051433,109851.2415102523,9.272849828380069e-14
PINN Baseline,4,652,True,optimal,8.847385900533043e-07,1.0535960760898888,1.0535969608284788,0.5432154987938702,109874.34393310196,0.5155818771218945,109874.34393310208,1.0595314398219788e-13
PINN Baseline,4,653,True,optimal,8.847385900533043e-07,1.0334315742366016,1.0334324589751915,0.55212113680318,109624.11811836113,0.5342595270819088,109624.11811836125,1.061949905049555e-13
PINN Baseline,4,654,True,optimal,8.847385900533043e-07,1.0230253702029586,1.0230262549415485,0.5704068578779697,104887.93071610715,0.5575681514748225,104887.93071611086,3.537812556601144e-12
PINN Baseline,4,655,True,optimal,8.847385900533043e-07,1.0527270389720798,1.0527279237106697,0.5929875429719687,107748.33402665185,0.5632866095940517,107748.33402665175,-9.45382659683367e-14
PINN Baseline,4,656,True,optimal,8.847385900533043e-07,1.1456833858974278,1.1456842706360177,0.6085863602347672,106756.50834307534,0.531199018641423,106756.50834307486,-4.4982100856360077e-13
PINN Baseline,4,657,True,optimal,8.847385900533043e-07,1.0787375560030341,1.078738440741624,0.6427399329841137,110330.6950747936,0.5958255576228795,110330.69507479352,-7.913617448980296e-14
PINN Baseline,4,658,True,optimal,8.847385900533043e-07,1.1801763591356575,1.1801772438742475,0.5703041828237474,112390.25061266827,0.4832360442331284,112390.25061266852,2.2011033655827822e-13
PINN Baseline,4,659,True,optimal,8.847385900533043e-07,0.9448560178279877,0.9448569025665777,0.5375979160889983,110614.8876016174,0.5689728408912348,110614.88760161742,1.3155476214717118e-14
PINN Baseline,4,660,True,optimal,8.847385900533043e-07,0.9647941468283534,0.9647950315669435,0.571567618753761,102969.03390939908,0.5924238828484287,102969.03390939903,-4.2396965405650596e-14
PINN Baseline,4,661,True,optimal,8.847385900533043e-07,1.0506096868775785,1.0506105716161684,0.6165155037306249,108008.52489264323,0.5868163907604992,108008.52489257527,-6.291859293886345e-11
PINN Baseline,4,662,True,optimal,8.847385900533043e-07,0.9976399522274733,0.9976408369660633,0.585881635081023,107087.47009364587,0.5872670938999993,107087.4700936457,-1.6306574670939363e-13
PINN Baseline,4,663,True,optimal,8.847385900533043e-07,1.0375351049005985,1.0375359896391885,0.5851068780757487,108113.70259754342,0.5639388743316984,108113.70259754347,4.0379475160156536e-14
PINN Baseline,4,664,True,optimal,8.847385900533043e-07,0.91046969499439,0.9104705797329801,0.5333697646856308,109003.81712436302,0.5858176821507575,109003.81712436321,1.7354887467191947e-13
PINN Baseline,4,665,True,optimal,8.847385900533043e-07,1.0346556659787893,1.0346565507173793,0.5715937772765756,108224.76536840059,0.5524478406677664,108224.76536839896,-1.5059533740074614e-12
PINN Baseline,4,666,True,optimal,8.847385900533043e-07,1.0290910974144936,1.0290919821530835,0.5642876178026199,106048.43423147606,0.5483354526016303,106048.43423147593,-1.234975678843446e-13
PINN Baseline,4,667,True,optimal,8.847385900533043e-07,1.0638130721636117,1.0638139569022016,0.6508921468630433,109794.67877526334,0.6118477226585973,109794.67877526242,-8.34986421576616e-13
PINN Baseline,4,668,True,optimal,8.847385900533043e-07,1.8330489648506045,1.8330498495891945,0.5969310142099857,113009.82258022172,0.3256490893271474,113009.82258030536,7.401516684381698e-11
PINN Baseline,4,669,True,optimal,8.847385900533043e-07,1.864650271832943,1.864651156571533,0.609782924875617,107314.08947029196,0.32702252253810465,107314.08947029182,-1.3560116197412547e-13
PINN Baseline,4,670,True,optimal,8.847385900533043e-07,1.8843880342319608,1.8843889189705507,0.6231790389865637,106974.02991028057,0.3307061683036265,106974.02991028056,-1.360322242751029e-14
PINN Baseline,4,671,True,optimal,8.847385900533043e-07,1.5185303860343993,1.5185312707729892,0.5909823756664991,105480.33254983608,0.38918024741477136,105480.33255338875,3.368092794307888e-09
PINN Baseline,4,672,True,optimal,8.847385900533043e-07,1.614265438169241,1.614266322907831,0.550731451716274,110105.6057440179,0.341165174482624,110105.60574401788,-1.321632548137311e-14
PINN Baseline,4,673,True,optimal,8.847385900533043e-07,1.6982874651439488,1.6982883498825387,0.6074022715911269,107701.3668879492,0.35765556045481767,107701.36688794955,3.242725469251977e-13
PINN Baseline,4,674,True,optimal,8.847385900533043e-07,1.8115495657548308,1.8115504504934208,0.6120905829593539,105201.63109457615,0.33788216209636107,105201.63109457638,2.2131847313712763e-13
PINN Baseline,4,675,True,optimal,8.847385900533043e-07,1.265539085958153,1.265539970696743,0.5262382281944156,106372.86713992494,0.41582110433437763,106372.86713992489,-5.4720402371875445e-14
PINN Baseline,4,676,True,optimal,8.847385900533043e-07,0.9999440289102495,0.9999449136488395,0.5446291691623628,104374.47141406681,0.5446591724487991,104374.47141500955,9.032341101204277e-10
PINN Baseline,4,677,True,optimal,8.847385900533043e-07,1.021861903835088,1.021862788573678,0.580639336258173,114889.88897475348,0.5682165382190233,114889.8889747533,-1.6465756878774543e-13
PINN Baseline,4,678,True,optimal,8.847385900533043e-07,0.9695008168928325,0.9695017016314226,0.5726442858576775,103999.34734388914,0.590658360778598,103999.34734412115,2.230934542635993e-10
PINN Baseline,4,679,True,optimal,8.847385900533043e-07,1.007155877072364,1.007156761810954,0.564780883025378,112557.6159881908,0.5607676028604064,112557.61598819018,-5.429934120633214e-13
PINN Baseline,4,680,True,optimal,8.847385900533043e-07,0.9938820619136095,0.9938829466521996,0.5586160230450332,107340.57322256312,0.56205413819271,107340.5732225631,-1.3556770558877565e-14
PINN Baseline,4,681,True,optimal,8.847385900533043e-07,1.2031910750083625,1.2031919597469525,0.6065293061546981,112135.35744188927,0.5041001988429672,112135.35744188979,4.671755280154931e-13
PINN Baseline,4,682,True,optimal,8.847385900533043e-07,1.0678204749710858,1.0678213597096757,0.5331569807603955,104945.90980778333,0.4992941711761158,104945.90980778328,-5.5464439748132446e-14
PINN Baseline,4,683,True,optimal,8.847385900533043e-07,1.063347957096994,1.0633488418355839,0.5847499347291887,106159.22747701482,0.5499135483326207,106159.22747702939,1.372133868132103e-11
PINN Baseline,4,684,True,optimal,8.847385900533043e-07,1.0344523065723479,1.0344531913109378,0.5319273280911148,105873.89471405886,0.5142111141993926,105873.89471405884,-1.3744573454739e-14
PINN Baseline,4,685,True,optimal,8.847385900533043e-07,1.052425738889724,1.052426623628314,0.5745204137638211,109687.73036670848,0.5459006840620604,109687.73036670846,-1.3266675479305505e-14
PINN Baseline,4,686,True,optimal,8.847385900533043e-07,1.1612915019504726,1.1612923866890625,0.6222590790130198,114268.8591398387,0.5358332545235487,114268.85913983868,-2.5469607971772372e-14
PINN Baseline,4,687,True,optimal,8.847385900533043e-07,1.043708919081837,1.0437098038204269,0.5918784500099719,105553.79368279983,0.5670910130799214,105553.79368279972,-1.102900405235789e-13
PINN Baseline,4,688,True,optimal,8.847385900533043e-07,1.0283453986048698,1.0283462833434598,0.5939566004090011,111027.47948865358,0.5775842340557419,111027.4794886536,1.3106588833131152e-14
PINN Baseline,4,689,True,optimal,8.847385900533043e-07,0.9908476527780294,0.9908485375166195,0.5423469641245902,102669.73638922298,0.5473560726888527,102669.73638922327,2.834703923500934e-13
PINN Baseline,4,690,True,optimal,8.847385900533043e-07,0.9192886911332607,0.9192895758718508,0.5578931216150522,105955.50458619771,0.6068741953110351,105955.5045861977,-1.3733987002561504e-14
PINN Baseline,4,691,True,optimal,8.847385900533043e-07,1.2298646457493305,1.2298655304879205,0.6318227760493755,113456.40855770189,0.5137332174833086,113456.4085577022,2.8217192760975877e-13
PINN Baseline,4,692,True,optimal,8.847385900533043e-07,1.1122902273200452,1.1122911120586352,0.6095252018421888,111104.45922318753,0.5479907150512745,111104.45922318836,7.465579453932505e-13
PINN Baseline,4,693,True,optimal,8.847385900533043e-07,1.0259841550141573,1.0259850397527472,0.6412790711037815,116649.6380838218,0.6250374481662264,116649.63808382179,-1.2474891021873702e-14
PINN Baseline,4,694,True,optimal,8.847385900533043e-07,0.997655016835779,0.997655901574369,0.5648811287246644,107185.83024566187,0.5662083768895102,107185.83024566193,5.430536926388481e-14
PINN Baseline,4,695,True,optimal,8.847385900533043e-07,0.9266714309342206,0.9266723156728106,0.5507427370175719,105636.89523965037,0.5943230716002399,105636.89523964713,-3.071916387322771e-12
PINN Baseline,4,696,True,optimal,8.847385900533043e-07,1.0724200941622257,1.0724209789008157,0.5947175868786871,106797.20293453822,0.5545560918513982,106797.20293453817,-4.087723693649498e-14
PINN Baseline,4,697,True,optimal,8.847385900533043e-07,0.9800505009479821,0.9800513856865721,0.5440596407279372,106830.17274932661,0.5551337906091504,106830.17274932636,-2.315661881992003e-13
PINN Baseline,4,698,True,optimal,8.847385900533043e-07,1.1538662570528686,1.1538671417914586,0.6249640616588295,105114.14674157582,0.5416256681757394,105114.1467415724,-3.2533204945986738e-12
PINN Baseline,4,699,True,optimal,8.847385900533043e-07,0.9481118386611342,0.9481127233997243,0.5998991630040109,108193.19269132106,0.6327297885560528,108193.19269131777,-3.0396855474944507e-12
PINN Baseline,4,700,True,optimal,8.847385900533043e-07,1.0846425080671906,1.0846433928057806,0.6109692840836942,106131.66741450962,0.5632904677575408,106131.66741450976,1.371119062092245e-13
PINN Baseline,4,701,True,optimal,8.847385900533043e-07,1.129449755884707,1.129450640623297,0.6119910278357565,110648.0834513869,0.5418484047235779,110648.08345138695,3.94545882073779e-14
PINN Baseline,4,702,True,optimal,8.847385900533043e-07,1.1465169079601765,1.1465177926987664,0.6111935931257904,107997.67447713717,0.5330868801321551,107997.6744771369,-2.560114286511805e-13
PINN Baseline,4,703,True,optimal,8.847385900533043e-07,1.0192860183306038,1.0192869030691938,0.5695940260775387,107111.50063935579,0.5588161923423361,107111.50063935592,1.2227187208987772e-13
PINN Baseline,4,704,True,optimal,8.847385900533043e-07,0.8977478672750294,0.8977487520136195,0.5451274081133306,102875.21851694377,0.6072160021282442,102875.21851694369,-8.487125726573374e-14
PINN Baseline,4,705,True,optimal,8.847385900533043e-07,0.9878737758845091,0.9878746606230991,0.61451730504632,107850.64458931363,0.6220599935812858,107850.64458941056,8.987457395850923e-11
PINN Baseline,4,706,True,optimal,8.847385900533043e-07,1.0371743901632726,1.0371752749018626,0.5904321079142392,102088.56978555156,0.5692693628568284,102088.56978554816,-3.3354842472479898e-12
PINN Baseline,4,707,True,optimal,8.847385900533043e-07,1.0169657347723842,1.0169666195109741,0.574931075796485,110529.87482721006,0.565339181017515,110529.87482721005,-1.316559459704055e-14
PINN Baseline,4,708,True,optimal,8.847385900533043e-07,0.9502606391906738,0.9502615239292639,0.5432367362082005,105170.25409371185,0.5716707690762383,105170.25409371167,-1.6603837676840127e-13
PINN Baseline,4,709,True,optimal,8.847385900533043e-07,1.0051759374327958,1.0051768221713857,0.5745729231275618,106010.84697064036,0.5716137802365636,106010.84697064037,1.3726817249556544e-14
PINN Baseline,4,710,True,optimal,8.847385900533043e-07,0.9954785699956119,0.995479454734202,0.5409048032015562,110668.87067931367,0.5433610916118611,110668.87067931372,5.259623646303968e-14
PINN Baseline,4,711,True,optimal,8.847385900533043e-07,1.1422572913579643,1.1422581760965542,0.5847841808572412,107959.18809541981,0.5119544714975275,107959.1880954197,-1.0783271334352852e-13
PINN Baseline,4,712,True,optimal,8.847385900533043e-07,1.0465017897076905,1.0465026744462804,0.5555345751345158,109839.19173449412,0.5308486912644127,109839.19173449425,1.1923543408065017e-13
PINN Baseline,4,713,True,optimal,8.847385900533043e-07,1.1114240218885243,1.1114249066271142,0.6143914591521025,112173.84727361014,0.552796194766429,112173.84727360895,-1.063756907450571e-12
PINN Baseline,4,714,True,optimal,8.847385900533043e-07,1.0299001960083842,1.0299010807469742,0.6068633659742773,109053.20517047598,0.5892443238666445,109053.20517047585,-1.2009480771387587e-13
PINN Baseline,4,715,True,optimal,8.847385900533043e-07,1.1186206969432533,1.1186215816818432,0.6222368231974542,108036.51761032357,0.5562531899857712,108036.5176103236,2.6938882426503397e-14
PINN Baseline,4,716,True,optimal,8.847385900533043e-07,1.068497027270496,1.0684979120090858,0.5682614757679403,109904.54321755773,0.5318320881876539,109904.54321755769,-3.972151141985399e-14
PINN Baseline,4,717,True,optimal,8.847385900533043e-07,1.0412478032521904,1.0412486879907803,0.5382348308339715,113400.81153108653,0.5169128538087889,113400.81153108632,-1.7965198877019355e-13
PINN Baseline,4,718,True,optimal,8.847385900533043e-07,1.068430233746767,1.068431118485357,0.6405375362373888,114907.25009658848,0.5995122429094314,114907.25009658845,-2.5328106305102306e-14
PINN Baseline,4,719,True,optimal,8.847385900533043e-07,1.005006754770875,1.005007639509465,0.5809954311698675,111110.15952089328,0.5781005122045103,111110.15952089282,-4.190987478693843e-13
PINN Baseline,4,720,True,optimal,8.847385900533043e-07,1.051891686860472,1.051892571599062,0.6110910782590508,105763.14028839933,0.5809443804038703,105763.14028839924,-8.255380005937467e-14
PINN Baseline,4,721,True,optimal,8.847385900533043e-07,1.069687598850578,1.069688483589168,0.6089402339421213,106655.53976628745,0.5692687574787382,106655.53976628724,-1.9101381291919686e-13
PINN Baseline,4,722,True,optimal,8.847385900533043e-07,1.1196194142103195,1.1196202989489095,0.6233550109900534,115046.6150394485,0.5567557247535205,115046.61503944805,-3.9211007809720506e-13
PINN Baseline,4,723,True,optimal,8.847385900533043e-07,1.043112717103213,1.043113601841803,0.5737240333110094,110400.71352375128,0.5500110748225288,110400.7135237516,2.899819437808219e-13
PINN Baseline,4,725,True,optimal,8.847385900533043e-07,1.2127001117914915,1.2127009965300815,0.576703964266926,107634.52801408443,0.47555330284798747,107634.52801408414,-2.7039492803764e-13
PINN Baseline,4,726,True,optimal,8.847385900533043e-07,0.9378486280329525,0.9378495127715426,0.5812352136708796,108385.53761204607,0.6197531754888983,108385.53761204585,-2.0139100957067455e-13
PINN Baseline,4,727,True,optimal,8.847385900533043e-07,0.9405498569831252,0.9405507417217153,0.5290276068262756,103374.41900250982,0.5624657802702592,103374.41900251585,5.827837256717843e-12
PINN Baseline,4,728,True,optimal,8.847385900533043e-07,1.012555839959532,1.012556724698122,0.6277297441847622,107785.21173724133,0.6199452621994191,107785.21173724119,-1.3500845796769872e-13
PINN Baseline,4,729,True,optimal,8.847385900533043e-07,1.0269920201972127,1.0269929049358026,0.5944398380815983,110474.09807406484,0.5788159151097122,110474.09807406466,-1.5806690055376622e-13
PINN Baseline,4,730,True,optimal,8.847385900533043e-07,1.0979616409167647,1.0979625256553547,0.5964180971495807,110889.11041965405,0.5432044201996686,110889.11041965398,-6.561471714082604e-14
PINN Baseline,4,731,True,optimal,8.847385900533043e-07,1.0135241467505693,1.0135250314891593,0.5905795637518167,106178.99333831546,0.5826985475475488,106178.9933383155,4.111523787572684e-14
PINN Baseline,4,732,True,optimal,8.847385900533043e-07,0.9552456792443991,0.9552465639829891,0.5577876321040094,106984.27108038541,0.5839200612020651,106984.27108038533,-8.161152147739303e-14
PINN Baseline,4,733,True,optimal,8.847385900533043e-07,1.0275375708006322,1.0275384555392222,0.5670719100162387,107159.75449599548,0.5518741483194961,107159.75449599563,1.3579645919131563e-13
PINN Baseline,4,734,True,optimal,8.847385900533043e-07,0.886585601605475,0.886586486344065,0.5091729960404336,107040.73513350011,0.5743071926801675,107040.7351335001,-1.3594745225000418e-14
PINN Baseline,4,735,True,optimal,8.847385900533043e-07,1.0620918809436262,1.0620927656822161,0.5986269493587315,113145.00624158105,0.5636296269979905,113145.00624157861,-2.160697886344002e-12
PINN Baseline,4,736,True,optimal,8.847385900533043e-07,1.0291590532287955,1.0291599379673855,0.5655022063292563,105864.09753699721,0.5494794205127496,105864.09753699714,-6.872922722116094e-14
PINN Baseline,4,737,True,optimal,8.847385900533043e-07,0.9517469801940024,0.9517478649325924,0.5793435098603368,106448.75375856458,0.6087153238860891,106448.75375856455,-2.734069627789521e-14
PINN Baseline,4,738,True,optimal,8.847385900533043e-07,1.033498705830425,1.033499590569015,0.610645579174161,111213.4722853296,0.5908522700410139,111213.47228531764,-1.0755598284916999e-11
PINN Baseline,4,739,True,optimal,8.847385900533043e-07,1.0615815217606723,1.0615824064992623,0.5642037251964211,110172.39638070537,0.5314742611993478,110172.39638070525,-1.0566650599543714e-13
PINN Baseline,4,740,True,optimal,8.847385900533043e-07,1.2246129838749766,1.2246138686135666,0.569182489067316,106808.6724225912,0.46478527122325497,106808.67242259133,1.2261854218834074e-13
PINN Baseline,4,741,True,optimal,8.847385900533043e-07,0.9947537118569016,0.9947545965954917,0.6018273863010108,109859.45856612832,0.6050008598711092,109859.45856612876,3.9737812524192084e-13
PINN Baseline,4,742,True,optimal,8.847385900533043e-07,1.0731979440897703,1.0731988288283603,0.5830756961368024,107955.95133180972,0.5433063105122484,107955.95133180961,-9.435645311066185e-14
PINN Baseline,4,743,True,optimal,8.847385900533043e-07,1.064569923095405,1.064570807833995,0.5876799640245736,110668.98883927573,0.5520346412844848,110668.98883927599,2.366828113799884e-13
PINN Baseline,4,744,True,optimal,8.847385900533043e-07,1.0061114756390452,1.0061123603776352,0.5467748329974711,112916.14050371577,0.5434530520947423,112916.14050371619,3.737335864829277e-13
PINN Baseline,4,745,True,optimal,8.847385900533043e-07,1.0108827259391546,1.0108836106777446,0.5227769180200994,104940.19137880641,0.5171484753517814,104940.1913788067,2.7733731065609125e-13
PINN Baseline,4,746,True,optimal,8.847385900533043e-07,1.0115946540609002,1.0115955387994902,0.5785485180094838,104561.49831808344,0.5719168341687979,104561.49831781807,-2.5379200793128226e-10
PINN Baseline,4,747,True,optimal,8.847385900533043e-07,1.0600141971372068,1.0600150818757967,0.5899514299817383,108042.09940555284,0.5565500341162728,108042.0994055526,-2.2896867077124033e-13
PINN Baseline,4,748,True,optimal,8.847385900533043e-07,0.9447406837716699,0.9447415685102599,0.5449472819454968,105088.80550150019,0.5768215352319164,105088.8055013485,-1.4434378963259852e-10
PINN Baseline,4,749,True,optimal,8.847385900533043e-07,1.0343321869149804,1.0343330716535704,0.5553191439248621,111307.4523807741,0.5368861918309187,111307.45238077428,1.5688346018650271e-13
PINN Baseline,4,750,True,optimal,8.847385900533043e-07,1.0214895508252084,1.0214904355637984,0.5474257608875632,108858.43087847345,0.5359088463568615,108858.43087847331,-1.2030968662547588e-13
PINN Baseline,4,751,True,optimal,8.847385900533043e-07,0.9177954229526222,0.9177963076912122,0.5386588620021939,104780.1848735733,0.5869045860047444,104780.18487362,4.45806122020298e-11
PINN Baseline,4,752,True,optimal,8.847385900533043e-07,0.981126022990793,0.981126907729383,0.5788551508449018,106155.41213686611,0.5899900882186009,106155.4121368661,-1.3708123717333484e-14
PINN Baseline,4,753,True,optimal,8.847385900533043e-07,0.9347651717253029,0.934766056463893,0.5475488300435245,103906.04024960041,0.5857602832893136,103906.04024960035,-5.601951606821169e-14
PINN Baseline,4,754,True,optimal,8.847385900533043e-07,0.9002183289267123,0.9002192136653023,0.5433123540133238,106432.26222854984,0.6035333902741216,106432.26222854981,-2.7344932680503308e-14
PINN Baseline,4,755,True,optimal,8.847385900533043e-07,0.9948018225841224,0.9948027073227125,0.5654766228981316,109497.64154045373,0.5684309247810398,109497.64154045391,1.7276618501310709e-13
PINN Baseline,4,756,True,optimal,8.847385900533043e-07,1.1365959914401174,1.1365968761787073,0.6001880718395114,108272.47766991044,0.5280571189473723,108272.47766991131,8.064052217996438e-13
PINN Baseline,4,757,True,optimal,8.847385900533043e-07,1.0785588901489973,1.0785597748875873,0.5690090521238744,109287.40628367368,0.5275637617610757,109287.40628367294,-6.790788635978252e-13
PINN Baseline,4,758,True,optimal,8.847385900533043e-07,1.1252402807585895,1.1252411654971795,0.6058279993012547,108372.97694221468,0.5383983610602925,108372.97694221439,-2.6855246831737486e-13
PINN Baseline,4,759,True,optimal,8.847385900533043e-07,1.087615495081991,1.087616379820581,0.5506120757199824,108813.39253247123,0.506255777253754,108813.39253247117,-5.34931037060512e-14
PINN Baseline,4,760,True,optimal,8.847385900533043e-07,1.0195831749588251,1.019584059697415,0.5393910822458565,112991.33187171053,0.5290305170188059,112991.33187171526,4.185606427392961e-12
PINN Baseline,4,761,True,optimal,8.847385900533043e-07,0.9669149578548968,0.9669158425934868,0.5984908319078386,107001.40951587174,0.618968896302858,107001.4095158716,-1.3599741624159014e-13
PINN Baseline,4,762,True,optimal,8.847385900533043e-07,1.0654419683851302,1.0654428531237201,0.5605963082052767,106032.06674948215,0.5261627186870621,106032.06674948208,-6.862035077910958e-14
PINN Baseline,4,763,True,optimal,8.847385900533043e-07,1.050822428893298,1.0508233136318879,0.5642973338253796,110393.53277821939,0.5370049622091442,110393.53277821933,-5.2727419304903124e-14
PINN Baseline,4,764,True,optimal,8.847385900533043e-07,0.9437890597619116,0.9437899445005017,0.5691035091876984,109527.84069215284,0.6029980638211767,109527.84069215287,2.6572084570292143e-14
PINN Baseline,4,765,True,optimal,8.847385900533043e-07,0.8504256391897798,0.8504265239283698,0.5428629172965884,111119.54396429055,0.6383419402171809,111119.54396429096,3.6668043429444905e-13
PINN Baseline,4,766,True,optimal,8.847385900533043e-07,1.1265009422786534,1.1265018270172433,0.6081916061230004,107131.09758046045,0.5398940255013814,107131.0975804605,4.074983517490153e-14
PINN Baseline,4,767,True,optimal,8.847385900533043e-07,1.0699499798938632,1.0699508646324531,0.5365999350324273,111177.35819880378,0.5015182965591217,111177.35819880385,6.544459890090923e-14
PINN Baseline,4,768,True,optimal,8.847385900533043e-07,1.0898622102104127,1.0898630949490027,0.5683240783400834,106156.39599821404,0.5214637333569649,106156.39599821554,1.4119236570041452e-12
PINN Baseline,4,769,True,optimal,8.847385900533043e-07,1.0201074620708823,1.0201083468094723,0.5754972626455128,104503.61826885886,0.5641530769211515,104503.6182688585,-3.4811988975656337e-13
PINN Baseline,4,770,True,optimal,8.847385900533043e-07,1.0048415563069284,1.0048424410455183,0.5666977800428867,104123.55528937996,0.5639668040426806,104123.55528937984,-1.1180498159460038e-13
PINN Baseline,4,771,True,optimal,8.847385900533043e-07,1.0640850821509957,1.0640859668895857,0.5905588921159506,111290.0503529829,0.5549917116586028,111290.05035301547,2.926334041344256e-11
PINN Baseline,4,772,True,optimal,8.847385900533043e-07,1.07769098225981,1.0776918669984,0.6287460159510374,106283.28181484886,0.5834190970580749,106283.28181484752,-1.2596300924749104e-12
PINN Baseline,4,773,True,optimal,8.847385900533043e-07,1.0047325929626822,1.0047334777012722,0.5255541657097638,110971.3471120323,0.5230781867766346,110971.34711203189,-3.6717011823144107e-13
PINN Baseline,4,774,True,optimal,8.847385900533043e-07,0.963072719052434,0.963073603791024,0.5741275050677359,112603.78560921618,0.5961408378422497,112603.7856091598,-5.007706553100676e-11
PINN Baseline,4,775,True,optimal,8.847385900533043e-07,0.9605782269500196,0.9605791116886097,0.5987591091543436,108956.5965623024,0.623331386107054,108956.59656230241,1.3355699138460086e-14
PINN Baseline,4,776,True,optimal,8.847385900533043e-07,0.8648022566922009,0.864803141430791,0.517313992138952,104265.6198266855,0.5981869946529929,104265.61982668543,-6.978290280418238e-14
PINN Baseline,4,777,True,optimal,8.847385900533043e-07,1.0124588031321764,1.0124596878707663,0.5798152759671211,104560.39915652556,0.5726798636165854,104560.399156527,1.3778061476713565e-12
PINN Baseline,4,778,True,optimal,8.847385900533043e-07,1.073047528974712,1.0730484137133018,0.5845345943234861,106277.34578236895,0.5447420515731386,106277.34578236903,6.846198087297813e-14
PINN Baseline,4,779,True,optimal,8.847385900533043e-07,1.0807156353257596,1.0807165200643496,0.5628444240428507,109850.52313551729,0.5208067181293176,109850.52313551745,1.4571716450959767e-13
PINN Baseline,4,780,True,optimal,8.847385900533043e-07,1.0632900912314653,1.0632909759700553,0.5819483082741499,109592.82906700134,0.5473086120600528,109592.82906700126,-6.63908184150913e-14
PINN Baseline,4,781,True,optimal,8.847385900533043e-07,0.9618557607755065,0.9618566455140966,0.5661623170599341,106669.78819790126,0.5886140306878368,106669.78819749248,-3.832180203842347e-10
PINN Baseline,4,782,True,optimal,8.847385900533043e-07,1.0858117379248142,1.0858126226634042,0.607850787229836,110618.61314201052,0.5598118630623677,110618.61314201016,-3.288758287379114e-13
PINN Baseline,4,783,True,optimal,8.847385900533043e-07,1.0378649360500276,1.0378658207886176,0.5760449399240315,109386.8332134548,0.5550283364051111,109386.83321345483,2.6606337894380028e-14
PINN Baseline,4,784,True,optimal,8.847385900533043e-07,0.9911745567806065,0.9911754415191966,0.5904097808524966,109189.24755256689,0.5956662727110777,109189.24755218074,-3.5365169296000424e-10
PINN Baseline,4,785,True,optimal,8.847385900533043e-07,1.0298166661523283,1.0298175508909182,0.5189731363207102,106525.0863048023,0.5039466805277643,106525.08630480224,-5.464220957955077e-14
PINN Baseline,4,786,True,optimal,8.847385900533043e-07,1.1384161375463009,1.1384170222848908,0.6534456629306078,114884.52951432715,0.5739949861423294,114884.52951432859,1.2539892130808243e-12
PINN Baseline,4,787,True,optimal,8.847385900533043e-07,0.9596314248628914,0.9596323096014815,0.5411379858851433,104521.48005990464,0.5639013823011737,104521.4800599047,5.568966386632366e-14
PINN Baseline,4,788,True,optimal,8.847385900533043e-07,1.0675734682008624,1.0675743529394524,0.5796919972635806,111889.95822390953,0.5429991790899251,111889.95822390955,1.3005559622469574e-14
PINN Baseline,4,789,True,optimal,8.847385900533043e-07,0.9747354448772967,0.9747363296158867,0.5208877790719271,102517.90871350393,0.5343883912454487,102517.9087135035,-4.258353124145431e-13
PINN Baseline,4,790,True,optimal,8.847385900533043e-07,1.1266143238171935,1.1266152085557835,0.6114820698276162,107354.483597117,0.5427603543640066,107354.48359711672,-2.5754526506463975e-13
PINN Baseline,4,791,True,optimal,8.847385900533043e-07,1.283659365028143,1.2836602497667329,0.637588556855917,112461.4390977286,0.4966957237881128,112461.43909772734,-1.1127945006572704e-12
PINN Baseline,4,792,True,optimal,8.847385900533043e-07,1.02947311475873,1.0294739994973199,0.5938738379627466,107558.8720215499,0.5768711383218307,107558.87202154993,2.7058512152212438e-14
PINN Baseline,4,793,True,optimal,8.847385900533043e-07,1.0465340428054333,1.0465349275440232,0.5847277203574777,112113.48321508885,0.5587273821139436,112113.48321508887,1.297962993483051e-14
PINN Baseline,4,794,True,optimal,8.847385900533043e-07,1.0268648136407137,1.0268656983793036,0.5766180660575628,107004.52505147675,0.5615321136616365,107004.52505147674,-1.3599345655117249e-14
PINN Baseline,4,795,True,optimal,8.847385900533043e-07,1.0622712532058358,1.0622721379444258,0.6010335492901504,111512.81371163702,0.5657999751863908,111512.81371163717,1.304954537870142e-13
PINN Baseline,4,796,True,optimal,8.847385900533043e-07,1.079652328044176,1.079653212782766,0.6008675810880959,112235.65754308527,0.5565375751898909,112235.65754308506,-1.8151701309267853e-13
PINN Baseline,4,797,True,optimal,8.847385900533043e-07,0.9301845370791852,0.9301854218177753,0.5328238098882139,105295.87739342464,0.5728146210321869,105295.87739338005,-4.234455266764351e-11
PINN Baseline,4,798,True,optimal,8.847385900533043e-07,0.9546272861771286,0.9546281709157186,0.5804689242504537,113603.60116647108,0.6080576102145028,113603.60116647132,2.0495005551160924e-13
PINN Baseline,4,799,True,optimal,8.847385900533043e-07,1.0161135140806437,1.0161143988192336,0.553736574947834,105198.83571091003,0.5449549534887986,105198.83571091012,8.299663278606623e-14
PINN Baseline,4,800,True,optimal,8.847385900533043e-07,0.9981533531099558,0.9981542378485458,0.5214744638651609,110002.93438469655,0.5224387615576968,110002.93438469675,1.8520125334536359e-13
PINN Baseline,4,801,True,optimal,8.847385900533043e-07,1.0989106390625238,1.0989115238011138,0.6115340851247311,107253.31684859663,0.5564907382256276,107253.31684859713,4.613051906477676e-13
PINN Baseline,4,802,True,optimal,8.847385900533043e-07,1.024218198377639,1.024219083116229,0.5716236052103341,104381.04799271942,0.558106770937274,104381.04799271916,-2.509406440610495e-13
PINN Baseline,4,803,True,optimal,8.847385900533043e-07,1.0680692833848298,1.0680701681234197,0.6171230617910624,107618.95946415968,0.577792620943001,107618.95946510596,8.792892518026805e-10
PINN Baseline,4,804,True,optimal,8.847385900533043e-07,1.022726611699909,1.022727496438499,0.5661587617360055,104667.86171178549,0.5535773348302181,104667.86171178559,9.732061487895883e-14
PINN Baseline,4,805,True,optimal,8.847385900533043e-07,1.1019074488431215,1.1019083335817115,0.5942960428074002,107326.0969489964,0.5393334678535948,107326.09694898233,-1.3111165341750862e-11
PINN Baseline,4,806,True,optimal,8.847385900533043e-07,1.099481194280088,1.099482079018678,0.5925202700309455,110594.40154991105,0.5389085291501872,110594.40154991194,8.026326979397556e-13
PINN Baseline,4,807,True,optimal,8.847385900533043e-07,1.0592965800315142,1.0592974647701041,0.6038667811080813,109493.38836423785,0.5700634629944447,109493.38836423658,-1.1562493806990594e-12
PINN Baseline,4,808,True,optimal,8.847385900533043e-07,1.0358439241535962,1.035844808892186,0.5669561759568751,108042.88054576478,0.5473369862839035,108042.8805457647,-8.081188777007637e-14
PINN Baseline,4,809,True,optimal,8.847385900533043e-07,1.0271563339047134,1.0271572186433033,0.5589325996115804,110233.49128420075,0.5441548669149534,110233.49128420047,-2.508188628682195e-13
PINN Baseline,4,810,True,optimal,8.847385900533043e-07,1.0861590933054686,1.0861599780440585,0.5819275742396712,105256.93993419703,0.5357659884390126,105256.9399341971,6.912568063190988e-14
PINN Baseline,4,811,True,optimal,8.847385900533043e-07,1.0956010539084673,1.0956019386470572,0.610527791082859,107197.39783715429,0.5572532956967846,107197.3978371545,1.9004828224153482e-13
PINN Baseline,4,812,True,optimal,8.847385900533043e-07,0.8920959997922182,0.8920968845308083,0.5306650819256902,105771.33280714517,0.5948514013752997,105771.3328071452,2.7515801951554544e-14
PINN Baseline,4,813,True,optimal,8.847385900533043e-07,1.0045762513764203,1.0045771361150102,0.5947479722090065,106171.1573636012,0.5920381330885836,106171.15736360158,3.5635836071920633e-13
PINN Baseline,4,814,True,optimal,8.847385900533043e-07,1.0556022399105132,1.055603124649103,0.585926310159266,107710.47760982312,0.5550630691378788,107710.47760982328,1.4861234585913396e-13
PINN Baseline,4,815,True,optimal,8.847385900533043e-07,0.9667436936870217,0.9667445784256118,0.5523777408525348,107126.23056237402,0.5713791969251149,107126.23056275117,3.520538200529641e-10
PINN Baseline,4,816,True,optimal,8.847385900533043e-07,1.016545546706766,1.0165464314453558,0.5975490403361619,111204.76153294147,0.5878226727789984,111204.76153294125,-1.9628541567515837e-13
PINN Baseline,4,817,True,optimal,8.847385900533043e-07,0.8309348896145821,0.8309357743531721,0.5346765308640897,104511.06767319851,0.6434631259922581,104511.06767319841,-9.746662135065956e-14
PINN Baseline,4,819,True,optimal,8.847385900533043e-07,0.9152458165772259,0.915246701315816,0.5884792818687856,110065.04259094136,0.6429733983446768,110065.04259094183,4.2307827839432864e-13
PINN Baseline,4,820,True,optimal,8.847385900533043e-07,1.0771196191199124,1.0771205038585023,0.5703822881914675,110557.30991424958,0.5295436175880249,110557.30991424929,-2.6324655040274774e-13
PINN Baseline,4,821,True,optimal,8.847385900533043e-07,0.9737402447499335,0.9737411294885235,0.5761613110080361,110004.96127580726,0.591698649219712,110004.96127580761,3.174820130204546e-13
PINN Baseline,4,822,True,optimal,8.847385900533043e-07,1.0694738822057843,1.0694747669443743,0.6020781118422747,105979.24665861693,0.5629661684889383,105979.2466586168,-1.2357819213149974e-13
PINN Baseline,4,823,True,optimal,8.847385900533043e-07,0.9565302380360663,0.9565311227746564,0.5784645439125597,110613.65460085732,0.6047524540911743,110613.65460085712,-1.8417872000728282e-13
PINN Baseline,4,824,True,optimal,8.847385900533043e-07,0.9432353172451258,0.9432362019837158,0.5549918403849006,105388.70222123551,0.5883911571859728,105388.70221915065,-1.978250847412017e-09
PINN Baseline,4,825,True,optimal,8.847385900533043e-07,1.005101339891553,1.0051022246301429,0.6059892973862588,112669.78940431314,0.6029130993210671,112669.7894043129,-2.0664868984387804e-13
PINN Baseline,4,826,True,optimal,8.847385900533043e-07,0.9327486078254879,0.9327494925640779,0.5895338789559901,108436.34390335351,0.6320388096222849,108436.3439033533,-1.878768739922773e-13
PINN Baseline,4,827,True,optimal,8.847385900533043e-07,0.9654992609284818,0.9655001456670719,0.5765455039218068,112494.58598275535,0.5971469880239809,112494.58598275793,2.289611515896212e-12
PINN Baseline,4,828,True,optimal,8.847385900533043e-07,0.8306606058031321,0.8306614905417221,0.5891194827854633,109303.50705999476,0.709217279834731,109303.50705999491,1.3313310450669768e-13
PINN Baseline,4,829,True,optimal,8.847385900533043e-07,0.8936123191379011,0.8936132038764911,0.5706756128929555,104652.69808208985,0.6386159139293899,104652.69808209129,1.3765909852398425e-12
PINN Baseline,4,830,True,optimal,8.847385900533043e-07,1.0026724669151008,1.0026733516536908,0.5608016029000282,109604.55204170055,0.5593063802634312,109604.55204170269,1.95168129308723e-12
PINN Baseline,4,831,True,optimal,8.847385900533043e-07,0.9971359837800264,0.9971368685186165,0.5829645381309092,107345.1558941479,0.5846384348389233,107345.15589367777,-4.379598887037228e-10
PINN Baseline,4,832,True,optimal,8.847385900533043e-07,0.9620880289003253,0.9620889136389154,0.5792613620869815,107015.29820102229,0.602087139634566,107015.29820102235,5.439190647689226e-14
PINN Baseline,4,833,True,optimal,8.847385900533043e-07,0.9781145919114351,0.9781154766500252,0.5588683034293354,109711.88727448066,0.571372518655383,109711.88727448069,2.6527508713728372e-14
PINN Baseline,4,834,True,optimal,8.847385900533043e-07,0.9755524122156203,0.9755532969542103,0.5551754860207438,109479.40715728719,0.5690878066365678,109479.4071572874,1.860868801604352e-13
PINN Baseline,4,835,True,optimal,8.847385900533043e-07,0.9042666149325669,0.9042674996711569,0.5350218960084021,108554.17683373,0.5916633033952525,108554.17683373028,2.546989875502056e-13
PINN Baseline,4,836,True,optimal,8.847385900533043e-07,0.9274373222142458,0.9274382069528359,0.5696032671257854,108636.02012429904,0.6141684296113457,108636.0201242991,5.3580443067471936e-14
PINN Baseline,4,837,True,optimal,8.847385900533043e-07,0.9020337606780231,0.9020346454166132,0.5658518583513796,107637.66502329803,0.6273061253540163,107637.6650232992,1.0815481904195606e-12
PINN Baseline,4,838,True,optimal,8.847385900533043e-07,0.8522163210436702,0.8522172057822602,0.5488112890161574,110413.01131914658,0.6439805313627728,110413.01131914655,-2.635905869156097e-14
PINN Baseline,4,839,True,optimal,8.847385900533043e-07,0.9763634838163853,0.9763643685549753,0.5932233347557485,104336.51617819458,0.607583965434669,104336.516178198,3.2775678199047416e-12
PINN Baseline,4,840,True,optimal,8.847385900533043e-07,1.084481752011925,1.084482636750515,0.6216583829373121,109026.3239760582,0.5732303698287099,109026.32397605844,2.269016782924469e-13
PINN Baseline,4,841,True,optimal,8.847385900533043e-07,0.9126024139113724,0.9126032986499625,0.5633327919058502,106413.90247657194,0.6172811261357513,106413.9024765718,-1.2307342744444072e-13
PINN Baseline,4,842,True,optimal,8.847385900533043e-07,0.8222942207939923,0.8222951055325823,0.5250938590615988,112400.8395650239,0.6385710622970413,112400.83956460787,-3.701259759924743e-10
PINN Baseline,4,843,True,optimal,8.847385900533043e-07,0.9299763478338718,0.9299772325724619,0.5754157369956374,111032.82843397067,0.6187417464016274,111032.82843397083,1.4416553173481203e-13
PINN Baseline,4,844,True,optimal,8.847385900533043e-07,1.0047766668722034,1.0047775516107933,0.5691724391654134,106077.45751112647,0.5664661180506606,106077.45751112631,-1.50900173578581e-13
PINN Baseline,4,845,True,optimal,8.847385900533043e-07,0.9294293541461229,0.929430238884713,0.5823669130913913,108079.30844189438,0.6265848567507479,108079.3084418943,-6.732054191570932e-14
PINN Baseline,4,846,True,optimal,8.847385900533043e-07,0.8305143900215626,0.8305152747601526,0.5079031637869775,103163.60814655249,0.6115518633099875,103163.6081465524,-8.46340031517392e-14
PINN Baseline,4,847,True,optimal,8.847385900533043e-07,1.054397186730057,1.054398071468647,0.5895839808508754,107122.24750304018,0.559166406696531,107122.24750304031,1.2225960536496842e-13
PINN Baseline,4,848,True,optimal,8.847385900533043e-07,0.9916067477315664,0.9916076324701565,0.5639788499101996,103845.97459677923,0.5687520259452755,103845.97459677931,8.407787755781635e-14
PINN Baseline,4,849,True,optimal,8.847385900533043e-07,0.9291825559921563,0.9291834407307463,0.5584070421755314,110206.73321261797,0.6009653397787397,110206.7332126179,-6.602098984411576e-14
PINN Baseline,4,850,True,optimal,8.847385900533043e-07,0.9545236760750413,0.9545245608136314,0.5590258399024606,107958.62097195657,0.5856589372891046,107958.62097195722,6.06562198906384e-13
PINN Baseline,4,851,True,optimal,8.847385900533043e-07,0.8787497440353036,0.8787506287738936,0.5533903571777046,110957.02117017511,0.6297467552880629,110957.0211701751,-1.3114911589099474e-14
PINN Baseline,4,852,True,optimal,8.847385900533043e-07,1.2753604059107602,1.27536129064935,0.7296456373296678,115824.85659848715,0.5721089723196544,115824.85659848973,2.2237791360706722e-12
PINN Baseline,4,853,True,optimal,8.847385900533043e-07,0.8761388557031751,0.8761397404417651,0.5427643586881459,104651.50478373458,0.6194951942420447,104651.5047837357,1.0706940859568036e-12
PINN Baseline,4,854,True,optimal,8.847385900533043e-07,0.9352056300267577,0.9352065147653478,0.5844315639697015,108712.33243459812,0.6249224687194795,108712.3324387556,3.824296735833142e-09
PINN Baseline,4,855,True,optimal,8.847385900533043e-07,0.9859178648330271,0.9859187495716172,0.5926860277540982,114206.90488435094,0.6011509853237105,114206.90488435036,-5.096684913439349e-13
PINN Baseline,4,856,True,optimal,8.847385900533043e-07,0.8098920723423362,0.8098929570809262,0.5836611450649798,106487.81430667569,0.7206645519781438,106487.81430667583,1.366533375026235e-13
PINN Baseline,4,857,True,optimal,8.847385900533043e-07,1.0329197379760444,1.0329206227146344,0.6275587426498532,106283.99867785523,0.607557569138814,106283.99867780876,-4.3717084323302194e-11
PINN Baseline,4,858,True,optimal,8.847385900533043e-07,0.9382196688093245,0.9382205535479146,0.5858991541899741,113707.1103288217,0.6244791291070905,113707.11032882145,-2.1756120454283644e-13
PINN Baseline,4,859,True,optimal,8.847385900533043e-07,0.9344788296148181,0.9344797143534082,0.5932054342702031,107116.29660065754,0.6347975511492596,107116.29660065766,1.0868124227720937e-13
PINN Baseline,4,860,True,optimal,8.847385900533043e-07,0.9867687071673572,0.9867695919059473,0.6003527981229126,109440.44449721914,0.6084022076149814,109440.44449722143,2.0875743892941227e-12
PINN Baseline,4,861,True,optimal,8.847385900533043e-07,0.9774227440357208,0.9774236287743109,0.6154710599221289,109144.90545212929,0.6296871098705988,109144.90545212911,-1.59991876869591e-13
PINN Baseline,4,862,True,optimal,8.847385900533043e-07,0.8580217938870192,0.8580226786256092,0.5313007109798491,104998.57673153216,0.6192152308035643,104998.57673153213,-2.7718309488278542e-14
PINN Baseline,4,863,True,optimal,8.847385900533043e-07,0.9416539669036865,0.9416548516422766,0.5539425718598068,104164.707062502,0.5882649793538609,104164.70706179863,-6.752448525017886e-10
PINN Baseline,4,864,True,optimal,8.847385900533043e-07,0.9038855009712279,0.9038863857098179,0.5699696186929941,107718.98643961367,0.6305766163801655,107718.98643961367,0.0
PINN Baseline,4,865,True,optimal,8.847385900533043e-07,0.9019238958135247,0.9019247805521148,0.5970187368802726,102283.73172719931,0.6619385005862757,102283.73172719944,1.280430766884846e-13
PINN Baseline,4,866,True,optimal,8.847385900533043e-07,1.1407852061092854,1.1407860908478753,0.7047714940272272,115377.89953382431,0.6177946064396826,115377.89953382556,1.0846658802907644e-12
PINN Baseline,4,867,True,optimal,8.847385900533043e-07,0.957150736823678,0.9571516215622681,0.6013725590892136,110551.40410236378,0.6282939354035153,110551.40410236339,-3.554018280962784e-13
PINN Baseline,4,868,True,optimal,8.847385900533043e-07,1.0011469530873,1.00114783782589,0.6254545440897346,108489.76292612901,0.624737446817028,108489.76292612909,6.706584490499483e-14
PINN Baseline,4,869,True,optimal,8.847385900533043e-07,0.9063628227449954,0.9063637074835854,0.5781777058728039,111267.74371455885,0.6379091540172629,111267.74371455958,6.53914366489612e-13
PINN Baseline,4,870,True,optimal,8.847385900533043e-07,0.8697497881948948,0.8697506729334848,0.5688156709074974,106367.48193496828,0.6539985407415697,106367.48193496844,1.5048872512550479e-13
PINN Baseline,4,871,True,optimal,8.847385900533043e-07,0.9228121349588037,0.9228130196973937,0.5765473349019885,110299.40458274764,0.6247715654153301,110299.40458274602,-1.4644345510831254e-12
PINN Baseline,4,872,True,optimal,8.847385900533043e-07,0.9160824636928737,0.9160833484314638,0.5430634231306612,104012.85427398415,0.5928100582337898,104012.85427398811,3.80541517656034e-12
PINN Baseline,4,873,True,optimal,8.847385900533043e-07,0.9823671728372574,0.9823680575758474,0.5999330529011786,106181.06712682964,0.6107008959367131,106181.06712682947,-1.6445773946858252e-13
PINN Baseline,4,874,True,optimal,8.847385900533043e-07,1.0186995160765946,1.0187004008151845,0.6447304361499846,107323.60305163976,0.6328950451320706,107323.60305164542,5.2744176144654864e-12
PINN Baseline,4,875,True,optimal,8.847385900533043e-07,0.9540386530570686,0.9540395377956586,0.5802326048724353,110330.32894636202,0.6081850718819084,110330.32894636222,1.846516865695011e-13
PINN Baseline,4,876,True,optimal,8.847385900533043e-07,1.0505500850267708,1.0505509697653608,0.6266092816367745,110980.5386457908,0.5964577632789458,110980.53864579105,2.2290625176346542e-13
PINN Baseline,4,877,True,optimal,8.847385900533043e-07,1.0717944907955825,1.0717953755341725,0.6307688471861184,113808.14849187278,0.5885161119227159,113808.14849187223,-4.858815348511087e-13
PINN Baseline,4,878,True,optimal,8.847385900533043e-07,1.0406062761321664,1.0406071608707563,0.5695575531572104,106876.08772405755,0.5473319563557659,106876.08772405743,-1.0892550832091322e-13
PINN Baseline,4,879,True,optimal,8.847385900533043e-07,0.9038125150837004,0.9038133998222905,0.5706637380644679,114160.62998486547,0.6313955271925299,114160.62998486543,-3.8240631372556453e-14
PINN Baseline,4,880,True,optimal,8.847385900533043e-07,0.9817249258048832,0.9817258105434733,0.6096774078905582,110144.19326019773,0.6210261575511059,110144.19326019751,-1.9817542982938266e-13
PINN Baseline,4,881,True,optimal,8.847385900533043e-07,1.0033272695727646,1.0033281543113546,0.6211914885789156,108975.30586806628,0.6191309253205172,108975.30586806613,-1.335340617991428e-13
PINN Baseline,4,882,True,optimal,8.847385900533043e-07,0.9956131060607731,0.9956139907993632,0.6107999049127102,108428.75862509485,0.6134906806826894,108428.75862504379,-4.709329073193068e-11
PINN Baseline,4,883,True,optimal,8.847385900533043e-07,0.8667640620842576,0.8667649468228477,0.5862732790410519,105780.25513758956,0.6763924650968567,105780.25513758951,-4.127022158182266e-14
PINN Baseline,4,884,True,optimal,8.847385900533043e-07,1.052753257099539,1.052754141838129,0.6028985748998821,113264.36044836868,0.5726869654933958,113264.36044836888,1.7986841791245036e-13
PINN Baseline,4,885,True,optimal,8.847385900533043e-07,1.0831053317524493,1.0831062164910392,0.5809728656895459,107612.50379603053,0.5363950985081918,107612.50379820542,2.0210342827895885e-09
PINN Baseline,4,886,True,optimal,8.847385900533043e-07,0.9243867830373347,0.9243876677759247,0.6141791930422187,106427.2119914934,0.6644173375007618,106427.21199149343,2.7346230265864652e-14
PINN Baseline,4,887,True,optimal,8.847385900533043e-07,0.935241671744734,0.9352425564833241,0.5645964234136045,108321.31025722394,0.6036898337224794,108321.31025722397,2.6868056144836717e-14
PINN Baseline,4,888,True,optimal,8.847385900533043e-07,0.9493599352426827,0.9493608199812728,0.5567831587977707,105162.6110539237,0.5864821331143136,105162.61105392373,2.7675074025891464e-14
PINN Baseline,4,889,True,optimal,8.847385900533043e-07,0.9251231290400028,0.9251240137785929,0.5833856179378927,107558.92132357726,0.6306026102977288,107558.9213235759,-1.2717494882190124e-12
PINN Baseline,4,890,True,optimal,8.847385900533043e-07,0.8983209780417383,0.8983218627803283,0.5630172938108444,106667.37355882936,0.6267433946985238,106667.37355882935,-1.3642330117316665e-14
PINN Baseline,4,891,True,optimal,8.847385900533043e-07,0.9420061982236803,0.9420070829622703,0.5481896516866982,111562.86606021154,0.5819379297688938,111562.86606022582,1.2795860614878159e-11
PINN Baseline,4,892,True,optimal,8.847385900533043e-07,0.8920719646848738,0.8920728494234639,0.584900185931474,109752.84922016067,0.6556641493006855,109752.84922016117,4.5079933803995384e-13
PINN Baseline,4,893,True,optimal,8.847385900533043e-07,1.0835802853107452,1.0835811700493352,0.6199668319895864,108019.54196491616,0.5721461844536846,108019.5419649162,4.04146739478673e-14
PINN Baseline,4,894,True,optimal,8.847385900533043e-07,0.9365222230553627,0.9365231077939528,0.5261436123400927,103672.97648188294,0.5618052645593141,103672.97648188239,-5.333817909381366e-13
PINN Baseline,4,895,True,optimal,8.847385900533043e-07,0.861254382878542,0.861255267617132,0.5461173849180341,108362.54498270659,0.6340946818577935,108362.5449827066,1.3428916080449356e-14
PINN Baseline,4,896,True,optimal,8.847385900533043e-07,0.8633595104329288,0.8633603951715189,0.578972342889756,108854.59887641603,0.6706033148239732,108854.59887641598,-4.010464062677174e-14
PINN Baseline,4,897,True,optimal,8.847385900533043e-07,0.9196650451049209,0.9196659298435109,0.5850672493688762,107548.77739810903,0.636173669571983,107548.77739810913,9.471368160839638e-14
PINN Baseline,4,898,True,optimal,8.847385900533043e-07,0.8425461160950363,0.8425470008336263,0.5415285411290824,101855.18323520472,0.6427279909527747,101855.18323520538,6.42909044465961e-13
PINN Baseline,4,899,True,optimal,8.847385900533043e-07,0.9524276689626276,0.9524285537012177,0.5765647296793759,110277.86270655874,0.6053627092959327,110277.86270736551,7.315817629895943e-10
PINN Baseline,4,900,True,optimal,8.847385900533043e-07,0.9078101366758347,0.9078110214144247,0.5270003513433039,103907.64688508006,0.5805176836498475,103907.64688507978,-2.66088586959109e-13
PINN Baseline,4,901,True,optimal,8.847385900533043e-07,0.878373347222805,0.8783742319613951,0.57296401867643,110205.69021683207,0.6523005773940008,110205.69021683198,-7.922593760668244e-14
PINN Baseline,4,902,True,optimal,8.847385900533043e-07,0.8844269309192896,0.8844278156578796,0.5613577170297503,109008.88999276803,0.6347128698255444,109008.88999276827,2.1358867489552119e-13
PINN Baseline,4,903,True,optimal,8.847385900533043e-07,0.9155504400841892,0.9155513248227792,0.5973099460825324,108273.26928714944,0.6524046548653644,108273.26928714965,2.0159983148436204e-13
PINN Baseline,4,904,True,optimal,8.847385900533043e-07,0.8888614731840789,0.888862357922669,0.5874093258753419,107699.92657650211,0.6608552163781094,107699.92657650239,2.567191994718535e-13
PINN Baseline,4,905,True,optimal,8.847385900533043e-07,0.7899239058606327,0.7899247905992227,0.5504257655702531,102840.17602174496,0.6968078127446918,102840.17602173274,-1.1886024766472147e-11
PINN Baseline,4,906,True,optimal,8.847385900533043e-07,1.0127225150354207,1.0127233997740106,0.710780621971935,109003.64921945776,0.7018506949978107,109003.6492194576,-1.4684927399977522e-13
PINN Baseline,4,907,True,optimal,8.847385900533043e-07,0.9886651281267405,0.9886660128653305,0.5765402638353407,111295.13059741918,0.5831496747465044,111295.13059741916,-1.3075069098040391e-14
PINN Baseline,4,908,True,optimal,8.847385900533043e-07,0.9797680601477623,0.9797689448863524,0.5805169502273202,109854.92610526811,0.5925039298879359,109854.92610526826,1.3246484016950254e-13
PINN Baseline,4,909,True,optimal,8.847385900533043e-07,0.9174389340914786,0.9174398188300686,0.6349880187772214,110551.70264190598,0.6921304326936306,110551.70264190662,5.791717854605288e-13
PINN Baseline,4,910,True,optimal,8.847385900533043e-07,1.0245046829804778,1.0245055677190678,0.6077314703725278,105967.85313287689,0.5931948927574549,105967.85313287686,-2.746477313288528e-14
PINN Baseline,4,911,True,optimal,8.847385900533043e-07,1.0668172566220164,1.0668181413606064,0.6510534272529185,109646.90699058856,0.6102759242756907,109646.90699058866,9.29013041902872e-14
PINN Baseline,4,912,True,optimal,8.847385900533043e-07,1.1015094900503755,1.1015103747889654,0.627097122836858,110801.28252098123,0.5693065968234765,110801.28252098103,-1.8386683670250693e-13
PINN Baseline,4,913,True,optimal,8.847385900533043e-07,1.0244583170861006,1.0244592018246905,0.5665498119778931,111336.61715523856,0.5530233033866031,111336.61715523995,1.2416687178193158e-12
PINN Baseline,4,914,True,optimal,8.847385900533043e-07,0.9707685220055282,0.9707694067441183,0.5625964049249887,111053.57458929655,0.5795366036635738,111053.57458937848,7.37727561122572e-11
PINN Baseline,4,915,True,optimal,8.847385900533043e-07,1.08262979099527,1.08263067573386,0.5810931492596865,109377.48047697371,0.536741810743348,109377.48047697417,4.257378075240734e-13
PINN Baseline,4,916,True,optimal,8.847385900533043e-07,1.0177726410329342,1.0177735257715241,0.5870361472479999,103696.70895101142,0.5767846503995048,103696.70895101139,-2.806630099561114e-14
PINN Baseline,4,917,True,optimal,8.847385900533043e-07,1.1130619058385491,1.113062790577139,0.6444961442612112,102923.60985879296,0.5790294579221632,102923.60985879313,1.696627071086779e-13
PINN Baseline,4,918,True,optimal,8.847385900533043e-07,0.9731008796952665,0.9731017644338565,0.5678946892730892,109580.87001187677,0.5835922922239136,109580.87001187688,9.29572895228224e-14
PINN Baseline,4,920,True,optimal,8.847385900533043e-07,0.92120370734483,0.9212045920834201,0.6032201019115746,106749.59012511517,0.6548166466987713,106749.59012511646,1.213232251109079e-12
PINN Baseline,4,921,True,optimal,8.847385900533043e-07,0.8938364740461111,0.8938373587847012,0.6119382227770984,109231.05857597737,0.6846192059024198,109231.05857597728,-7.993284374285381e-14
PINN Baseline,4,922,True,optimal,8.847385900533043e-07,0.9208628362976015,0.9208637210361915,0.6174841742031276,108253.41994394953,0.6705489206462717,108253.4199439495,-2.688490624296472e-14
PINN Baseline,4,923,True,optimal,8.847385900533043e-07,0.9087926531210542,0.9087935378596442,0.6614264706149697,107823.75666372557,0.7278071894885345,107823.75666372523,-3.1040844857248094e-13
PINN Baseline,4,924,True,optimal,8.847385900533043e-07,0.8489743918180466,0.8489752765566366,0.63803301891312,110870.26922581816,0.7515330970542765,110870.26922581812,-3.9375520588105975e-14
PINN Baseline,4,925,True,optimal,8.847385900533043e-07,0.8431998868472874,0.8432007715858775,0.5988856349140406,105302.24928915275,0.710252712159723,105302.24928915274,-1.3819187459527375e-14
PINN Baseline,4,926,True,optimal,8.847385900533043e-07,0.9792098952457309,0.9792107799843209,0.6361391041427851,106584.51163966459,0.6496447109711874,106584.51163966455,-4.0958808192216186e-14
PINN Baseline,4,927,True,optimal,8.847385900533043e-07,1.0038385191000998,1.0038394038386897,0.6062421007081866,109992.69018086664,0.6039233949075042,109992.69018086676,1.058391440699442e-13
PINN Baseline,4,928,True,optimal,8.847385900533043e-07,0.8967480552382767,0.8967489399768668,0.5684238439425826,109240.0879845705,0.6338717768177636,109240.08798457055,3.996311838495284e-14
PINN Baseline,4,929,True,optimal,8.847385900533043e-07,0.8752822796814144,0.8752831644200044,0.5820848410949111,106467.0023397443,0.6650246054722444,106467.00233974465,3.280321205685251e-13
PINN Baseline,4,930,True,optimal,8.847385900533043e-07,1.1535018407739699,1.1535027255125598,0.7125151180662215,116181.45407959406,0.617696952341066,116181.45407959384,-1.878774285919709e-13
PINN Baseline,4,931,True,optimal,8.847385900533043e-07,0.9024774404242635,0.9024783251628535,0.5464446251280606,110538.71642499293,0.6054933508009224,110538.71642499295,1.3164541528072826e-14
PINN Baseline,4,932,True,optimal,8.847385900533043e-07,1.0026004631072283,1.0026013478458182,0.5787475011311471,106966.88926856345,0.57724588379483,106966.88926856351,5.441652207658813e-14
PINN Baseline,4,933,True,optimal,8.847385900533043e-07,0.9796299561858177,0.9796308409244078,0.5797920343466103,113535.71893813067,0.5918474696034497,113535.71893813075,7.690222265451105e-14
PINN Baseline,4,934,True,optimal,8.847385900533043e-07,0.9743038546293974,0.9743047393679874,0.6707655601203442,106466.53473832028,0.688455606359317,106466.53473832039,1.0934452042894723e-13
PINN Baseline,4,935,True,optimal,8.847385900533043e-07,0.9546311222948134,0.9546320070334035,0.5969270947389305,108056.84750851509,0.6252954964226791,108056.8475085164,1.2120216356023268e-12
PINN Baseline,4,936,True,optimal,8.847385900533043e-07,0.8727751788683236,0.8727760636069136,0.5651500369422138,112535.25144911376,0.647531549624108,112535.25144911394,1.6810279048810788e-13
PINN Baseline,4,937,True,optimal,8.847385900533043e-07,0.9411070733331144,0.9411079580717044,0.5621217237785459,107974.51195130541,0.5972978115394036,107974.5119513057,2.6954352402962485e-13
PINN Baseline,4,938,True,optimal,8.847385900533043e-07,0.9296739590354264,0.9296748437740164,0.5876037999987602,107389.16366695779,0.6320530279311224,107389.16366695816,3.5231654947132373e-13
PINN Baseline,4,939,True,optimal,8.847385900533043e-07,0.9266614760272205,0.9266623607658105,0.5866598761640489,109651.26709223297,0.6330891390465266,109651.26709223716,3.8220731022145344e-12
PINN Baseline,4,940,True,optimal,8.847385900533043e-07,0.943791578989476,0.943792463728066,0.5780660598538816,108533.24140263893,0.6124927694066004,108533.24140263874,-1.743013435551639e-13
PINN Baseline,4,941,True,optimal,8.847385900533043e-07,0.9826833442784846,0.9826842290170746,0.6000922541134059,107506.85076599503,0.6106664138831712,107506.85076599439,-5.955753196062057e-13
PINN Baseline,4,942,True,optimal,8.847385900533043e-07,0.9724056059494615,0.9724064906880515,0.5549430111423135,107285.63900118161,0.5706903609308995,107285.63900118164,2.7127424255182152e-14
PINN Baseline,4,943,True,optimal,8.847385900533043e-07,0.9643007470294833,0.9643016317680734,0.5865045068785548,108964.34104314739,0.6082168561751604,108964.34104314737,-1.3354749901717504e-14
PINN Baseline,4,944,True,optimal,8.847385900533043e-07,0.9214634546078742,0.9214643393464642,0.6066396827809513,115465.66584635341,0.6583430924860337,115465.66584635335,-5.0411228729172656e-14
PINN Baseline,4,945,True,optimal,8.847385900533043e-07,0.980511493049562,0.980512377788152,0.6247793547809124,103580.51125173665,0.637196805399127,103580.51125173699,3.231245397495816e-13
PINN Baseline,4,946,True,optimal,8.847385900533043e-07,0.8873846689239144,0.8873855536625045,0.5724452422000468,110882.88893081105,0.6450919105425987,110882.88893081088,-1.5748415686514432e-13
PINN Baseline,4,947,True,optimal,8.847385900533043e-07,0.9612847417593002,0.9612856264978903,0.5498085753060877,107031.93515638524,0.5719513120248391,107031.93515638498,-2.4472553329797197e-13
PINN Baseline,4,948,True,optimal,8.847385900533043e-07,0.9418785977177322,0.9418794824563222,0.5265321363694966,104993.50611583704,0.5590228327262808,104993.50611583675,-2.7719648131975026e-13
PINN Baseline,4,949,True,optimal,8.847385900533043e-07,0.9948626039549708,0.9948634886935609,0.5564554962329566,106484.22236787739,0.55932849336313,106484.2223678773,-8.19947682658196e-14
PINN Baseline,4,950,True,optimal,8.847385900533043e-07,1.0024476018734276,1.0024484866120176,0.574445788282901,106117.42604425538,0.573042700901629,106117.42604425554,1.5084333787485486e-13
PINN Baseline,4,951,True,optimal,8.847385900533043e-07,0.8527665580622852,0.8527674428008752,0.565985084977001,111225.31978747765,0.6637039086741505,111225.31978747774,7.849965415881062e-14
PINN Baseline,4,952,True,optimal,8.847385900533043e-07,0.9356819586828351,0.9356828434214252,0.5774945137090981,112075.36658638151,0.6171904484188544,112075.36658638142,-7.790426570044384e-14
PINN Baseline,4,953,True,optimal,8.847385900533043e-07,0.8566900510340929,0.856690935772683,0.5470784711651504,108214.82297023613,0.6385949101605926,108214.82297023603,-9.413073348240372e-14
PINN Baseline,4,954,True,optimal,8.847385900533043e-07,0.9589031501673162,0.9589040349059063,0.5857739192433655,109635.5931224736,0.6108785633599356,109635.59312247302,-5.309193780567576e-13
PINN Baseline,4,955,True,optimal,8.847385900533043e-07,1.062899913173169,1.0629007979117588,0.5792266251519322,114881.78205939992,0.5449489042532633,114881.78205939996,3.800058190473424e-14
PINN Baseline,4,956,True,optimal,8.847385900533043e-07,0.8612505150958896,0.8612513998344796,0.5345043609850109,108108.98907634025,0.6206136339374717,108108.9890763404,1.3460411897933056e-13
PINN Baseline,4,957,True,optimal,8.847385900533043e-07,0.9485626826062799,0.9485635673448699,0.568698407150805,104591.86079115709,0.5995364219423398,104591.86079115707,-1.3913047457319136e-14
PINN Baseline,4,958,True,optimal,8.847385900533043e-07,1.0025276793166995,1.0025285640552895,0.5670912247151136,110133.30914815841,0.5656609148583207,110133.30914815822,-1.7176901287355201e-13
PINN Baseline,4,959,True,optimal,8.847385900533043e-07,0.9186448571272194,0.9186457418658095,0.552315307315439,110113.85775537827,0.6012277444335208,110113.85775537827,0.0
PINN Baseline,4,960,True,optimal,8.847385900533043e-07,0.9316929597407579,0.931693844479348,0.573214188683778,104247.0497627455,0.6152387848007125,104247.04976274652,9.771346702894475e-13
PINN Baseline,4,961,True,optimal,8.847385900533043e-07,0.9278647862374783,0.9278656709760683,0.61869677901268,112870.0818064624,0.666795634719239,112870.08180646315,6.575238227604595e-13
PINN Baseline,4,962,True,optimal,8.847385900533043e-07,1.0056943478994071,1.005695232637997,0.6723796660080552,114096.67044986247,0.6685719929728257,114096.67044986236,-1.020321814544897e-13
PINN Baseline,4,963,True,optimal,8.847385900533043e-07,0.8518592659384012,0.8518601506769913,0.558706286828965,112698.15242431976,0.6558662080682484,112698.15242432003,2.324212673197995e-13
PINN Baseline,4,964,True,optimal,8.847385900533043e-07,0.9131884602829814,0.9131893450215715,0.5219449810683727,110473.65719954431,0.5715627146920371,110473.65719954422,-7.903376568089325e-14
PINN Baseline,4,965,True,optimal,8.847385900533043e-07,0.9548477078787982,0.9548485926173883,0.5199418500997126,102890.66331654045,0.544528058290866,102890.6633165403,-1.4143086223089322e-13
PINN Baseline,4,966,True,optimal,8.847385900533043e-07,0.9274360933341086,0.9274369780726986,0.5604728497564793,111040.4338302732,0.6043244587046708,111040.43383027326,5.2420239101765935e-14
PINN Baseline,4,967,True,optimal,8.847385900533043e-07,0.9270444437861443,0.9270453285247343,0.5561720160767436,109989.76291855611,0.599940476440149,109989.76291855943,3.016495884734649e-12
PINN Baseline,4,968,True,optimal,8.847385900533043e-07,0.8778631393797696,0.8778640241183596,0.5850278404541314,108612.29875933575,0.6664219336721036,108612.29875933588,1.2058232681871526e-13
PINN Baseline,4,969,True,optimal,8.847385900533043e-07,0.9615739090368152,0.9615747937754052,0.5439766859635711,108653.59505230557,0.5657143775865526,108653.59505230591,3.214306579664284e-13
PINN Baseline,4,970,True,optimal,8.847385900533043e-07,0.9882237990386784,0.9882246837772685,0.559347374830395,107860.28734367658,0.566012349228532,107860.2873436767,1.0793158881173682e-13
PINN Baseline,4,971,True,optimal,8.847385900533043e-07,0.9915684680454433,0.9915693527840334,0.5681643523275852,107230.53111574483,0.5729950716330107,107230.5311157446,-2.1713092458951993e-13
PINN Baseline,4,972,True,optimal,8.847385900533043e-07,0.9233609731309116,0.9233618578695016,0.5021353820338845,104417.06023341011,0.5438121336227548,104417.06023340604,-3.902174850388096e-12
PINN Baseline,4,973,True,optimal,8.847385900533043e-07,0.8952115140855312,0.8952123988241213,0.5508446879684925,107351.73580057043,0.6153228984451484,107351.73580057024,-1.762196917991184e-13
PINN Baseline,4,974,True,optimal,8.847385900533043e-07,0.9741130508482456,0.9741139355868357,0.5511954030953348,106027.66570173024,0.565842847493274,106027.66570173013,-9.60724787482572e-14
PINN Baseline,4,975,True,optimal,8.847385900533043e-07,0.8499058210290968,0.8499067057676869,0.539877044968307,109561.92089665133,0.6352191850053207,109561.92089665149,1.461010049860561e-13
PINN Baseline,4,976,True,optimal,8.847385900533043e-07,0.9528002887964249,0.9528011735350149,0.5824887091293931,108069.07454506455,0.6113434001852507,108069.07454506449,-5.386153361496119e-14
PINN Baseline,4,977,True,optimal,8.847385900533043e-07,0.9045135672204196,0.9045144519590097,0.5124649158678949,106975.65490921342,0.5665635466166311,106975.65490921329,-1.2242714210672426e-13
PINN Baseline,4,978,True,optimal,8.847385900533043e-07,0.9932354092597961,0.9932362939983862,0.5492662116885185,107065.04820590341,0.553006585650817,107065.04820590338,-2.7183316072265086e-14
PINN Baseline,4,979,True,optimal,8.847385900533043e-07,0.958697278983891,0.9586981637224811,0.8435211819596589,109199.81124690377,0.879861059381185,109199.81124690367,-9.328166911227712e-14
PINN Baseline,4,980,True,optimal,8.847385900533043e-07,0.90237727900967,0.9023781637482601,0.9020356698893011,103995.09344483403,0.9996204541812754,103995.09344483403,0.0
PINN Baseline,4,982,True,optimal,8.847385900533043e-07,0.8536748457700014,0.8536757305085915,0.5682570291683078,107191.52064519428,0.6656591125411978,107191.5206451942,-6.787810799202081e-14
PINN Baseline,4,983,True,optimal,8.847385900533043e-07,1.017811412923038,1.017812297661628,0.6173696829937398,107145.66047159099,0.6065653602458089,107145.66047159096,-2.716286439286116e-14
PINN Baseline,4,984,True,optimal,8.847385900533043e-07,0.8898553401231766,0.8898562248617666,0.5684437141753733,109289.80559911662,0.6388039980994428,109289.80559911672,9.320485661051567e-14
PINN Baseline,4,985,True,optimal,8.847385900533043e-07,0.9405419998802245,0.9405428846188145,0.5673567070625722,107454.74033002442,0.6032225817034509,107454.74033002437,-4.062710081567477e-14
PINN Baseline,4,986,True,optimal,8.847385900533043e-07,0.9143380532041192,0.9143389379427093,0.5647938582114875,107640.29348480483,0.617707323590846,107640.29348480505,2.0278533378052926e-13
PINN Baseline,4,987,True,optimal,8.847385900533043e-07,0.94559804815799,0.94559893289658,0.5635106968693435,108727.93084609664,0.5959299204612941,108727.93084609695,2.810595377081754e-13
PINN Baseline,4,988,True,optimal,8.847385900533043e-07,1.0039460938423872,1.0039469785809771,0.5960475173778832,108145.43985906131,0.5937041796971818,108145.43985906064,-6.189702509668866e-13
PINN Baseline,4,989,True,optimal,8.847385900533043e-07,0.9433591812849045,0.9433600660234945,0.5609096419066191,109997.43947985902,0.5945870109501217,109997.43947985917,1.3229321788923428e-13
PINN Baseline,4,990,True,optimal,8.847385900533043e-07,0.8402990372851491,0.8402999220237392,0.5443141129799187,113230.03161334542,0.6477617083065033,113230.03161330946,-3.175640068006169e-11
PINN Baseline,4,991,True,optimal,8.847385900533043e-07,0.8787402040325105,0.8787410887711006,0.5509683242999017,111185.5574455885,0.6269973389663824,111185.55744558843,-6.543977276674717e-14
PINN Baseline,4,993,True,optimal,8.847385900533043e-07,0.9028619211167097,0.9028628058552998,0.7229772480204701,106953.43985593675,0.8007609166440072,106953.4398559368,4.081752372238201e-14
PINN Baseline,4,994,True,optimal,8.847385900533043e-07,0.688077615108341,0.688078499846931,0.5722102909348905,107230.99573455652,0.831606119159636,107230.99573455646,-5.428249594693381e-14
PINN Baseline,4,995,True,optimal,8.847385900533043e-07,0.9386495249345899,0.9386504096731799,0.6695471392013133,109036.36519324685,0.7133083119139496,109036.36519324673,-1.0676742719789872e-13
PINN Baseline,4,996,True,optimal,8.847385900533043e-07,0.8746017068624496,0.8746025916010397,0.6519707893021405,106715.62784365314,0.7454480418456668,106715.62784365304,-9.545312964639625e-14
PINN Baseline,4,997,True,optimal,8.847385900533043e-07,0.8810500572435558,0.8810509419821458,0.5959508498199284,107982.41472931315,0.6764090717378805,107982.41472931317,1.3476189863733946e-14
PINN Baseline,4,998,True,optimal,8.847385900533043e-07,0.8605711092241108,0.8605719939627009,0.6287396550178528,111298.6947456006,0.7306066888403805,111298.69474560066,5.229860156627599e-14
PINN Baseline,4,999,True,optimal,8.847385900533043e-07,0.9333326541818678,0.9333335389204579,0.7069004811346531,113963.11131181337,0.7573932058118161,113963.11131181328,-7.661381859899295e-14
