Architecture,Run,Instance_ID,Success,Status,NN_Time_s,NN_Initialized_IPOPT_Time_s,Total_Online_Time_s,Cold_IPOPT_Time_s,Cold_IPOPT_Cost,Speedup_vs_Cold_IPOPT,Feasible_Cost,Feasible_Obj_Gap_pct
Ablated PINN,1,0,True,optimal,3.091070000300533e-05,0.17925210000248626,0.17928301070248925,0.1580188000007183,2258.8033432564825,0.881393052144479,2258.8033431681765,-3.909416199963665e-09
Ablated PINN,1,1,True,optimal,3.091070000300533e-05,0.10163490000195452,0.10166581070195753,0.1364416999967943,2132.4803529294104,1.3420608074113078,2132.480352903193,-1.229439182623277e-09
Ablated PINN,1,2,True,optimal,3.091070000300533e-05,0.0892003000008117,0.0892312107008147,0.1422778999985894,2135.9239151446804,1.5944858181475998,2135.923913610412,-7.183160590592048e-08
Ablated PINN,1,3,True,optimal,3.091070000300533e-05,0.10508540000228095,0.10511631070228396,0.1374840999997104,2230.6274619893297,1.3079235665823568,2230.6274619590467,-1.3575996374838483e-09
Ablated PINN,1,4,True,optimal,3.091070000300533e-05,0.09002700000201003,0.09005791070201304,0.1485682999991695,2211.824042324871,1.6496973873928502,2211.8240422601407,-2.926548447280349e-09
Ablated PINN,1,5,True,optimal,3.091070000300533e-05,0.11005819999991218,0.11008911069991519,0.1162113999998837,2054.379271037716,1.0556121242241376,2054.379270979431,-2.8371084533810047e-09
Ablated PINN,1,6,True,optimal,3.091070000300533e-05,0.09279389999937848,0.09282481069938149,0.1165894000005209,2228.4021577280987,1.2560154889849697,2228.4021577329845,2.1925151710072605e-10
Ablated PINN,1,7,True,optimal,3.091070000300533e-05,0.09803520000059507,0.09806611070059808,0.1197737000002234,2124.2689515758198,1.2213566862654515,2124.2689512159086,-1.6942824251804666e-08
Ablated PINN,1,8,True,optimal,3.091070000300533e-05,0.10198619999937364,0.10201711069937665,0.1624183999992965,2161.3389486519645,1.592070182010055,2161.338945702631,-1.364586300708808e-07
Ablated PINN,1,9,True,optimal,3.091070000300533e-05,0.10326419999910286,0.10329511069910587,0.1442825000012817,2185.1997142303785,1.3967989290564808,2185.199714114277,-5.3130862775951724e-09
Ablated PINN,1,10,True,optimal,3.091070000300533e-05,0.12086160000035306,0.12089251070035607,0.1447871999989729,2159.2549350682007,1.1976523538157144,2159.2549350375634,-1.4188800973126027e-09
Ablated PINN,1,11,True,optimal,3.091070000300533e-05,0.11651690000144299,0.116547810701446,0.131315499998891,2209.1933247940983,1.1267092810115031,2209.193324564093,-1.0411279799799731e-08
Ablated PINN,1,12,True,optimal,3.091070000300533e-05,0.12849499999720138,0.12852591069720437,0.1959759999990638,2162.6605920617144,1.524797598678494,2162.660588028272,-1.8650372507076287e-07
Ablated PINN,1,13,True,optimal,3.091070000300533e-05,0.10604509999757283,0.10607601069757584,0.1631779999988793,2127.792379358761,1.538311998403692,2127.792378699961,-3.096167766766436e-08
Ablated PINN,1,14,True,optimal,3.091070000300533e-05,0.09499700000014855,0.09502791070015155,0.1588497000011557,2068.844944758893,1.671610991242201,2068.8449447129888,-2.2188234407887428e-09
Ablated PINN,1,15,True,optimal,3.091070000300533e-05,0.10626599999886821,0.10629691069887122,0.1449954000017896,2115.124279203919,1.364060338616495,2115.124276104032,-1.465581363920399e-07
Ablated PINN,1,16,True,optimal,3.091070000300533e-05,0.11479079999844544,0.11482171069844845,0.1761528999995789,2074.229953009288,1.5341427934495946,2074.229953019891,5.11194236937731e-10
Ablated PINN,1,17,True,optimal,3.091070000300533e-05,0.10291979999965406,0.10295071069965707,0.1556702999987465,2155.7483907558176,1.51208572472016,2155.748390300719,-2.1110924530565853e-08
Ablated PINN,1,18,True,optimal,3.091070000300533e-05,0.09726319999754196,0.09729411069754497,0.1529525000005378,2217.2043257976898,1.5720632924639835,2217.2043254752084,-1.4544503257768573e-08
Ablated PINN,1,19,True,optimal,3.091070000300533e-05,0.08620529999825521,0.08623621069825822,0.1670651999993424,2122.928893233439,1.9372975533897938,2122.9288932286204,-2.2697429694189608e-10
Ablated PINN,1,20,True,optimal,3.091070000300533e-05,0.09885409999697004,0.09888501069697304,0.1930621999999857,2186.863990356032,1.952390950248393,2186.8639877954392,-1.1708971197594588e-07
Ablated PINN,1,21,True,optimal,3.091070000300533e-05,0.1050667000017711,0.1050976107017741,0.1470046000031288,2218.9480886748343,1.3987435016031937,2218.94808865198,-1.0299581919083866e-09
Ablated PINN,1,22,True,optimal,3.091070000300533e-05,0.10680990000037127,0.10684081070037428,0.1728406000001996,2175.372295783297,1.6177395029780892,2175.3722946913053,-5.019791954740928e-08
Ablated PINN,1,23,True,optimal,3.091070000300533e-05,0.16710849999799393,0.16713941069799693,0.1613689000005251,2191.8790222163125,0.9654748651238305,2191.8790221169597,-4.53276597236026e-09
Ablated PINN,1,24,True,optimal,3.091070000300533e-05,0.10143569999854662,0.10146661069854963,0.159499199999118,2234.059526415036,1.5719377921568625,2234.0595263765467,-1.722844023473393e-09
Ablated PINN,1,25,True,optimal,3.091070000300533e-05,0.1264210000008461,0.1264519107008491,0.1419519000010041,2147.844207595302,1.1225761573253232,2147.8442063809507,-5.653815159392887e-08
Ablated PINN,1,26,True,optimal,3.091070000300533e-05,0.11545709999700193,0.11548801069700494,0.174140900002385,2238.7433812303657,1.50786994209522,2238.7433811977107,-1.4586286572005245e-09
Ablated PINN,1,27,True,optimal,3.091070000300533e-05,0.11286649999965448,0.11289741069965749,0.151714700001321,2195.225854880796,1.3438279856119082,2195.2258538636993,-4.6332205997435396e-08
Ablated PINN,1,28,True,optimal,3.091070000300533e-05,0.1110670999987633,0.1110980106987663,0.178602599997248,2142.388382854504,1.6076129435072892,2142.388382622533,-1.082768992854682e-08
Ablated PINN,1,29,True,optimal,3.091070000300533e-05,0.10193450000224402,0.10196541070224703,0.182869499996741,2142.7650504902767,1.7934464122421374,2142.765050081152,-1.9093312298292785e-08
Ablated PINN,1,30,True,optimal,3.091070000300533e-05,0.12189740000030724,0.12192831070031025,0.163448100000096,2250.996336748536,1.3405262408813157,2250.9963367004966,-2.1341443059404087e-09
Ablated PINN,1,31,True,optimal,3.091070000300533e-05,0.1179904999989958,0.11802141069899881,0.1785808999993605,2128.2040082167287,1.5131229066123628,2128.2040082395492,1.0722931740297457e-09
Ablated PINN,1,32,True,optimal,3.091070000300533e-05,0.094114499999705,0.09414541069970801,0.1667731999987154,2168.073081251529,1.7714426944364334,2168.0730812535458,9.30229021623782e-11
Ablated PINN,1,33,True,optimal,3.091070000300533e-05,0.09665510000195354,0.09668601070195655,0.1164429000018572,2267.5026109621767,1.204340722680172,2267.5026104631274,-2.2008763744947182e-08
Ablated PINN,1,34,True,optimal,3.091070000300533e-05,0.10363539999889326,0.10366631069889627,0.1878309000021545,2137.412125224102,1.811879855044888,2137.412125126895,-4.5478944994124394e-09
Ablated PINN,1,35,True,optimal,3.091070000300533e-05,0.0996238000006997,0.09965471070070271,0.1462437000009231,2150.900835057297,1.4675041347532793,2150.900834986129,-3.3087513498424864e-09
Ablated PINN,1,36,True,optimal,3.091070000300533e-05,0.1248459999987972,0.1248769106988002,0.1323833999995258,2163.6759136029063,1.0601111066787283,2163.6759132389748,-1.6820059517338756e-08
Ablated PINN,1,37,True,optimal,3.091070000300533e-05,0.1105600000009872,0.11059091070099021,0.1725956000009318,2201.5724177016077,1.5606671371717569,2201.572417601532,-4.545650824727817e-09
Ablated PINN,1,38,True,optimal,3.091070000300533e-05,0.14160549999724026,0.14163641069724325,0.160774300002231,2099.834296655896,1.1351198410830685,2099.8342961241515,-2.5323175187587067e-08
Ablated PINN,1,39,True,optimal,3.091070000300533e-05,0.1295533999982581,0.1295843106982611,0.1851115999998001,2285.354927408515,1.4285031806885564,2285.3549274124366,1.716031548102656e-10
Ablated PINN,1,40,True,optimal,3.091070000300533e-05,0.13207770000008168,0.13210861070008467,0.167299799999455,2215.9289669061777,1.2663807386428578,2215.9289680204656,5.0285361766971826e-08
Ablated PINN,1,41,True,optimal,3.091070000300533e-05,0.11501729999872623,0.11504821069872924,0.1460824999994656,2073.5224011154382,1.2697502995679284,2073.522401095319,-9.702999608032561e-10
Ablated PINN,1,42,True,optimal,3.091070000300533e-05,0.13129470000058063,0.13132561070058363,0.1406917999993311,2001.7136200687307,1.0713203559365274,2001.713620214595,7.2869717256548895e-09
Ablated PINN,1,43,True,optimal,3.091070000300533e-05,0.10436079999999492,0.10439171069999793,0.1380315000023984,2111.4222191006984,1.322245790176529,2111.4222186475417,-2.1462151935015288e-08
Ablated PINN,1,44,True,optimal,3.091070000300533e-05,0.09400110000206041,0.09403201070206342,0.1788926000008359,2140.494524151504,1.9024649017412782,2140.4945241217915,-1.3881036403958006e-09
Ablated PINN,1,45,True,optimal,3.091070000300533e-05,0.12103170000045793,0.12106261070046094,0.1777834999993501,2281.3183748346523,1.4685252446705512,2281.3183748344627,-8.312283257412491e-12
Ablated PINN,1,46,True,optimal,3.091070000300533e-05,0.1158437000012782,0.1158746107012812,0.142802100002882,2264.943098474857,1.2323847229227676,2264.9430984761552,5.732169111246516e-11
Ablated PINN,1,47,True,optimal,3.091070000300533e-05,0.11654629999975441,0.11657721069975742,0.1615461999972467,2170.3089782897773,1.3857442550526118,2170.3089773137654,-4.497110645500117e-08
Ablated PINN,1,48,True,optimal,3.091070000300533e-05,0.11076820000016596,0.11079911070016897,0.1840803000013693,2241.2291134721945,1.6613878833333322,2241.2291133979134,-3.3143046523619918e-09
Ablated PINN,1,49,True,optimal,3.091070000300533e-05,0.09352329999819631,0.09355421069819932,0.1611412000020209,2242.603410195248,1.7224366364636805,2242.6034100561506,-6.202508402040219e-09
Ablated PINN,1,50,True,optimal,3.091070000300533e-05,0.10719840000092518,0.10722931070092818,0.1861996000006911,2210.802143979641,1.7364617825439341,2210.802142914463,-4.818062845398706e-08
Ablated PINN,1,51,True,optimal,3.091070000300533e-05,0.10200500000064494,0.10203591070064795,0.1366025000024819,2150.0550898106903,1.3387688615162665,2150.0550886503356,-5.396860383468413e-08
Ablated PINN,1,52,True,optimal,3.091070000300533e-05,0.1120980999985477,0.1121290106985507,0.1610689999979513,2119.480941998499,1.4364614384315901,2119.480943538456,7.265726495927905e-08
Ablated PINN,1,53,True,optimal,3.091070000300533e-05,0.09637199999997392,0.09640291069997693,0.1741050999989966,2084.5650550714536,1.8060149712786449,2084.5650550885107,8.182579067466766e-10
Ablated PINN,1,54,True,optimal,3.091070000300533e-05,0.1113030999986222,0.11133401069862521,0.1924714000015228,2193.838244627009,1.7287745118832722,2193.8382445536345,-3.3445672095440973e-09
Ablated PINN,1,55,True,optimal,3.091070000300533e-05,0.11424089999854914,0.11427181069855215,0.1349238000002515,2180.968264237297,1.1807268929708228,2180.968261336557,-1.3300237884776765e-07
Ablated PINN,1,56,True,optimal,3.091070000300533e-05,0.10304259999975329,0.1030735106997563,0.1286418999989109,2162.009325302643,1.2480597500325081,2162.009322288812,-1.3939952787301433e-07
Ablated PINN,1,57,True,optimal,3.091070000300533e-05,0.09779680000065127,0.09782771070065428,0.1437790999989374,2204.156487257329,1.4697175163271585,2204.1564864257057,-3.7729776241730586e-08
Ablated PINN,1,58,True,optimal,3.091070000300533e-05,0.10804550000102608,0.1080764107010291,0.1624030999992101,2151.4437424105463,1.5026692591454067,2151.4437432153077,3.7405643883638594e-08
Ablated PINN,1,59,True,optimal,3.091070000300533e-05,0.1313661999993201,0.13139711069932308,0.1590326000005006,2188.1406708967816,1.2103203727547402,2188.1406707019346,-8.904681690163933e-09
Ablated PINN,1,60,True,optimal,3.091070000300533e-05,0.09928299999955925,0.09931391069956226,0.1382499999999709,2172.1347605289216,1.3920507109844407,2172.134760529461,2.482950726408972e-11
Ablated PINN,1,61,True,optimal,3.091070000300533e-05,0.0965312999978778,0.0965622106978808,0.142772999999579,2150.339709145356,1.478559769579844,2150.3397116494434,1.1645077265627461e-07
Ablated PINN,1,62,True,optimal,3.091070000300533e-05,0.08512139999947976,0.08515231069948277,0.1488883000019996,2292.0675324817557,1.7484939490068818,2292.067532432758,-2.1377058974746354e-09
Ablated PINN,1,63,True,optimal,3.091070000300533e-05,0.09175089999916963,0.09178181069917264,0.1309757999988505,2186.753880721318,1.4270343873269344,2186.7538801503497,-2.6110322731254598e-08
Ablated PINN,1,64,True,optimal,3.091070000300533e-05,0.11556360000031418,0.11559451070031719,0.1257339000003412,2145.1385468092994,1.0877151452832456,2145.138542917985,-1.8140154487142028e-07
Ablated PINN,1,65,True,optimal,3.091070000300533e-05,0.10228819999974803,0.10231911069975104,0.1355769000001601,2188.756171133299,1.3250398588588395,2188.756171002381,-5.98139372800118e-09
Ablated PINN,1,66,True,optimal,3.091070000300533e-05,0.08972119999816641,0.08975211069816942,0.1682771999985561,2211.8674635917264,1.8749107813682677,2211.8674635666025,-1.1358674086637234e-09
Ablated PINN,1,67,True,optimal,3.091070000300533e-05,0.12290229999780422,0.12293321069780723,0.1762397000020428,2198.483750442569,1.433621549471061,2198.483750430026,-5.705430470876254e-10
Ablated PINN,1,68,True,optimal,3.091070000300533e-05,0.11211010000261012,0.11214101070261313,0.1660001999989617,2246.4362665097174,1.4802809334327993,2246.436266649617,6.227634469511415e-09
Ablated PINN,1,69,True,optimal,3.091070000300533e-05,0.1176725000004808,0.1177034107004838,0.1949729999978444,2172.9731343845856,1.6564770624530678,2172.973134382952,-7.517131521493911e-11
Ablated PINN,1,70,True,optimal,3.091070000300533e-05,0.12143600000126753,0.12146691070127054,0.136045400002331,2155.710575034231,1.1200202525683234,2155.7105734024403,-7.569619300764103e-08
Ablated PINN,1,71,True,optimal,3.091070000300533e-05,0.10910920000242186,0.10914011070242487,0.1852145999982895,2108.463038982749,1.6970351120797829,2108.463036775973,-1.0466278401416389e-07
Ablated PINN,1,72,True,optimal,3.091070000300533e-05,0.13453350000054343,0.13456441070054642,0.1786711999993713,2157.1703631360488,1.3277745510064927,2157.170363111211,-1.1514086222637997e-09
Ablated PINN,1,73,True,optimal,3.091070000300533e-05,0.09705160000157775,0.09708251070158076,0.1690064999966125,2206.707055968855,1.740854236002578,2206.7070553764106,-2.6847441865246667e-08
Ablated PINN,1,74,True,optimal,3.091070000300533e-05,0.10715310000159661,0.10718401070159962,0.1781746000015118,2298.2483271354718,1.6623244347288892,2298.2483271304627,-2.1795042819666288e-10
Ablated PINN,1,75,True,optimal,3.091070000300533e-05,0.12470840000241878,0.1247393107024218,0.1858909000002313,2180.174836417228,1.4902351067474855,2180.1748361121117,-1.3995041496648526e-08
Ablated PINN,1,76,True,optimal,3.091070000300533e-05,0.08255990000179736,0.08259081070180037,0.1516329000005498,2174.618399834324,1.8359536455941872,2174.618399790511,-2.0147483471971554e-09
Ablated PINN,1,77,True,optimal,3.091070000300533e-05,0.10840459999963059,0.1084355106996336,0.1475656000002345,2174.3947837836326,1.3608604694913207,2174.394782640589,-5.256836774839041e-08
Ablated PINN,1,78,True,optimal,3.091070000300533e-05,0.1028552000025229,0.10288611070252592,0.175710399998934,2221.9042045612405,1.7078145805993639,2221.9042044192606,-6.390007875238525e-09
Ablated PINN,1,79,True,optimal,3.091070000300533e-05,0.11625050000293413,0.11628141070293714,0.1808302999997977,2132.6047374876903,1.5551092724680036,2132.6047374985596,5.096758433394883e-10
Ablated PINN,1,80,True,optimal,3.091070000300533e-05,0.11397069999657106,0.11400161069657407,0.1701151999986905,2134.406430592673,1.492217513061881,2134.4064305585157,-1.600324908956083e-09
Ablated PINN,1,81,True,optimal,3.091070000300533e-05,0.11596320000171545,0.11599411070171846,0.186559900001157,2163.312600643721,1.6083566559762685,2163.3126000168118,-2.89791332411841e-08
Ablated PINN,1,82,True,optimal,3.091070000300533e-05,0.11114639999868814,0.11117731069869115,0.1820082999984151,2124.354416854229,1.63709932228607,2124.354416413565,-2.0743423128145016e-08
Ablated PINN,1,83,True,optimal,3.091070000300533e-05,0.12085649999789894,0.12088741069790195,0.1581809000017529,2111.224892134784,1.3084977094682548,2111.224891911724,-1.0565427818879778e-08
Ablated PINN,1,84,True,optimal,3.091070000300533e-05,0.10730659999899217,0.10733751069899518,0.1533509000000776,2238.5025672758397,1.4286794895972295,2238.502567232212,-1.9489614167580976e-09
Ablated PINN,1,85,True,optimal,3.091070000300533e-05,0.10051100000055158,0.10054191070055458,0.1683806000000913,2118.7422199002453,1.6747304564519534,2118.7422193738935,-2.4842657299849742e-08
Ablated PINN,1,86,True,optimal,3.091070000300533e-05,0.12650530000246363,0.12653621070246662,0.1525234000000637,2183.6453491731,1.2053735381621515,2183.6453490477984,-5.738181791198659e-09
Ablated PINN,1,87,True,optimal,3.091070000300533e-05,0.11848079999981564,0.11851171069981865,0.1800709999988612,2174.0695859136545,1.5194363403880622,2174.069583564848,-1.080373168520073e-07
Ablated PINN,1,88,True,optimal,3.091070000300533e-05,0.09911250000004657,0.09914341070004958,0.1865829999987909,2165.537593223561,1.881950587349499,2165.5375932154093,-3.764331331628468e-10
Ablated PINN,1,89,True,optimal,3.091070000300533e-05,0.11154000000169617,0.11157091070169918,0.1680597999984456,2156.9892815453127,1.5063048149510725,2156.9892814334526,-5.185937573735469e-09
Ablated PINN,1,90,True,optimal,3.091070000300533e-05,0.10954010000205017,0.10957101070205318,0.1868438000019523,2176.584765774934,1.705230232018396,2176.58476574871,-1.204819398532966e-09
Ablated PINN,1,91,True,optimal,3.091070000300533e-05,0.13552200000049197,0.13555291070049497,0.1937982000017655,2132.20843254752,1.4296867474130739,2132.2084324978227,-2.330778899614902e-09
Ablated PINN,1,92,True,optimal,3.091070000300533e-05,0.1052655000021332,0.1052964107021362,0.1752362000006542,2088.460785092103,1.6642181707063552,2088.4607862843836,5.7088967850126426e-08
Ablated PINN,1,93,True,optimal,3.091070000300533e-05,0.09491429999980028,0.09494521069980329,0.1827865999985078,2170.8885121196104,1.925179781594676,2170.8885119527627,-7.685687754275267e-09
Ablated PINN,1,94,True,optimal,3.091070000300533e-05,0.12946630000078585,0.12949721070078885,0.1812150000005203,2294.137593102091,1.3993737704453615,2294.1375950239385,8.377210453197474e-08
Ablated PINN,1,95,True,optimal,3.091070000300533e-05,0.10283759999947506,0.10286851069947807,0.1734155999984068,2133.9083211622224,1.6857986843517767,2133.908321327324,7.737046670197141e-09
Ablated PINN,1,96,True,optimal,3.091070000300533e-05,0.13101000000096974,0.13104091070097273,0.1461980999993102,2177.351260156052,1.1156676126353031,2177.3512595761717,-2.663236704344765e-08
Ablated PINN,1,97,True,optimal,3.091070000300533e-05,0.09733110000161105,0.09736201070161406,0.1424073000016505,2135.045588662113,1.4626577550671895,2135.045588619794,-1.9821023353422933e-09
Ablated PINN,1,98,True,optimal,3.091070000300533e-05,0.1124335999993491,0.11246451069935211,0.1267745000004652,2195.8694888507703,1.127240044100379,2195.8694870139866,-8.364721476900443e-08
Ablated PINN,1,99,True,optimal,3.091070000300533e-05,0.12383490000138409,0.1238658107013871,0.1410213999988627,2117.840656955495,1.1385014089064005,2117.840656969096,6.422125514020232e-10
Ablated PINN,1,100,True,optimal,3.091070000300533e-05,0.11238130000128876,0.11241221070129177,0.1444588000013027,2176.65736376737,1.2850810343474783,2176.6573625921924,-5.399001596938918e-08
Ablated PINN,1,101,True,optimal,3.091070000300533e-05,0.11886850000155391,0.11889941070155692,0.1367282999999588,2186.908978284832,1.14994934956535,2186.908978236851,-2.194002961065739e-09
Ablated PINN,1,102,True,optimal,3.091070000300533e-05,0.10012879999703728,0.10015971069704029,0.1435158999993291,2199.344849847065,1.432870552446294,2199.3448490267547,-3.729793015958673e-08
Ablated PINN,1,103,True,optimal,3.091070000300533e-05,0.11352009999973234,0.11355101069973535,0.1415545000018028,2206.863707568415,1.2466159405319386,2206.8637075472343,-9.597678048535408e-10
Ablated PINN,1,104,True,optimal,3.091070000300533e-05,0.12297360000229673,0.12300451070229974,0.1865074999986973,2195.0450697213405,1.5162655331404062,2195.045069860681,6.347956219635313e-09
Ablated PINN,1,105,True,optimal,3.091070000300533e-05,0.1224742000013066,0.12250511070130961,0.1680889000017487,2128.435027387236,1.3720970418253071,2128.4350268894264,-2.338852935951467e-08
Ablated PINN,1,106,True,optimal,3.091070000300533e-05,0.13281060000008438,0.13284151070008737,0.1757152999998652,2247.7592614274795,1.3227439154660987,2247.7592614227997,-2.0819867448797024e-10
Ablated PINN,1,107,True,optimal,3.091070000300533e-05,0.10454529999697115,0.10457621069697416,0.1554652000013447,2195.818498739696,1.486621086815139,2195.818498695678,-2.0046365102134616e-09
Ablated PINN,1,108,True,optimal,3.091070000300533e-05,0.13643859999865526,0.13646951069865826,0.1388245000016468,2218.4259265962355,1.0172565233870345,2218.4259265834503,-5.763195253397303e-10
Ablated PINN,1,109,True,optimal,3.091070000300533e-05,0.12170699999842327,0.12173791069842628,0.2014097000028414,2154.0852717993635,1.654453397855505,2154.0852714713787,-1.5226171040271055e-08
Ablated PINN,1,110,True,optimal,3.091070000300533e-05,0.09652830000050017,0.09655921070050318,0.1782966999999189,2255.863249566368,1.8465012162634609,2255.8632495468682,-8.64394878978585e-10
Ablated PINN,1,111,True,optimal,3.091070000300533e-05,0.09179550000044401,0.09182641070044702,0.1371277000034751,2200.2656308036394,1.4933361650256418,2200.265630766858,-1.6716767951474851e-09
Ablated PINN,1,112,True,optimal,3.091070000300533e-05,0.11270370000056573,0.11273461070056874,0.1570001000000047,2196.633877311928,1.3926521679930957,2196.6338772041645,-4.905837966081149e-09
Ablated PINN,1,113,True,optimal,3.091070000300533e-05,0.12188940000123694,0.12192031070123995,0.1431541000019933,2172.075677873342,1.1741612138176531,2172.07567454892,-1.5305278527210844e-07
Ablated PINN,1,114,True,optimal,3.091070000300533e-05,0.09988010000233771,0.09991101070234072,0.1366515999980038,2150.16380719921,1.3677331360916993,2150.1638050040547,-1.0209247757564265e-07
Ablated PINN,1,115,True,optimal,3.091070000300533e-05,0.08881160000237287,0.08884251070237588,0.1552469999987806,2215.825267783301,1.7474404850945855,2215.825267613672,-7.655339516128133e-09
Ablated PINN,1,116,True,optimal,3.091070000300533e-05,0.08863790000032168,0.08866881070032469,0.1743716999990283,2125.0705722715743,1.9665505674633998,2125.0705719889816,-1.329804009589191e-08
Ablated PINN,1,117,True,optimal,3.091070000300533e-05,0.11379729999680421,0.11382821069680722,0.1843821000002208,2183.1345993605905,1.619827799027263,2183.1345991379167,-1.0199731232194226e-08
Ablated PINN,1,118,True,optimal,3.091070000300533e-05,0.1143928000019514,0.11442371070195441,0.1934298999985912,2241.540549661129,1.6904704349470754,2241.540549656992,-1.8455328196670641e-10
Ablated PINN,1,119,True,optimal,3.091070000300533e-05,0.11217910000050324,0.11221001070050625,0.1797949000028893,2214.417993148464,1.6023071282184465,2214.4179929934867,-6.998563185192008e-09
Ablated PINN,1,120,True,optimal,3.091070000300533e-05,0.13885840000148164,0.13888931070148464,0.1488666999975976,2174.0594272111,1.0718369847594493,2174.0594267786605,-1.9890866801010778e-08
Ablated PINN,1,121,True,optimal,3.091070000300533e-05,0.09836460000224179,0.0983955107022448,0.167944400000124,2192.149157617594,1.7068299031278114,2192.1491576144845,-1.4184994550010835e-10
Ablated PINN,1,122,True,optimal,3.091070000300533e-05,0.09958130000086385,0.09961221070086686,0.1704238999991503,2128.1258175165203,1.7108735846745666,2128.125817348184,-7.91008473165337e-09
Ablated PINN,1,123,True,optimal,3.091070000300533e-05,0.13230570000087027,0.13233661070087327,0.1413733000008505,2111.411491836729,1.06828563352286,2111.4114889817174,-1.3521815406544893e-07
Ablated PINN,1,124,True,optimal,3.091070000300533e-05,0.11168540000289795,0.11171631070290096,0.1805094000010285,2086.656025401258,1.6157837549887974,2086.656025408913,3.668653008274644e-10
Ablated PINN,1,125,True,optimal,3.091070000300533e-05,0.10432410000066739,0.1043550107006704,0.1477255000027071,2160.2534662464805,1.4156052403313881,2160.2534656637927,-2.697312138036778e-08
Ablated PINN,1,126,True,optimal,3.091070000300533e-05,0.0824797999994189,0.08251071069942191,0.1755259000019577,2172.577289017766,2.1273104850760602,2172.5772879807123,-4.7733795832055e-08
Ablated PINN,1,127,True,optimal,3.091070000300533e-05,0.09875599999941187,0.09878691069941488,0.1871931999994558,2134.577079016257,1.8949190603706627,2134.5770785493255,-2.1874656167204587e-08
Ablated PINN,1,128,True,optimal,3.091070000300533e-05,0.1078985999993165,0.10792951069931951,0.1382033000008959,2235.479863362912,1.280495937630219,2235.479863331269,-1.4154965196815424e-09
Ablated PINN,1,129,True,optimal,3.091070000300533e-05,0.10050630000114325,0.10053721070114625,0.1843040000021574,2157.164165409233,1.8331918969784597,2157.164164547291,-3.9957191940213946e-08
Ablated PINN,1,130,True,optimal,3.091070000300533e-05,0.10669920000145794,0.10673011070146095,0.1753537000004144,2167.001353365036,1.642963722682751,2167.00135337666,5.364210670800475e-10
Ablated PINN,1,131,True,optimal,3.091070000300533e-05,0.10741350000171224,0.10744441070171525,0.1672820000021602,2157.411703639563,1.5569167247476905,2157.4117035453883,-4.365163043794876e-09
Ablated PINN,1,132,True,optimal,3.091070000300533e-05,0.12259000000267406,0.12262091070267707,0.1481457000008958,2285.828976459381,1.2081601673968114,2285.8289764839546,1.0750426913069373e-09
Ablated PINN,1,133,True,optimal,3.091070000300533e-05,0.11299909999797819,0.1130300106979812,0.1746313000003283,2217.5341680514166,1.5449994114124892,2217.5341679356866,-5.218860626208198e-09
Ablated PINN,1,134,True,optimal,3.091070000300533e-05,0.10991499999727239,0.1099459106972754,0.1597514999994018,2186.03217742319,1.4530008345581937,2186.032177184458,-1.09208069871635e-08
Ablated PINN,1,135,True,optimal,3.091070000300533e-05,0.11932739999974729,0.1193583106997503,0.1856459000009636,2242.493779482257,1.5553663495452938,2242.4937794957473,6.015660015414412e-10
Ablated PINN,1,136,True,optimal,3.091070000300533e-05,0.09061300000030315,0.09064391070030615,0.1805501999988337,2211.021614016419,1.9918624274252974,2211.0216113480064,-1.2068685435266931e-07
Ablated PINN,1,137,True,optimal,3.091070000300533e-05,0.0988569999972242,0.0988879106972272,0.1534460000002582,2220.467363536261,1.5517164729071458,2220.4673634778846,-2.6290128438401153e-09
Ablated PINN,1,138,True,optimal,3.091070000300533e-05,0.09975929999927757,0.09979021069928058,0.1363553000010142,2181.887090435368,1.3664196021383612,2181.8870904211867,-6.499555453423892e-10
Ablated PINN,1,139,True,optimal,3.091070000300533e-05,0.11664410000230419,0.1166750107023072,0.1600980000002891,2180.738724118713,1.3721704333824691,2180.738722526723,-7.300232565988684e-08
Ablated PINN,1,140,True,optimal,3.091070000300533e-05,0.10661540000000969,0.1066463107000127,0.154283600000781,2175.2610737509094,1.4466848312715486,2175.261073052061,-3.2127107008798957e-08
Ablated PINN,1,141,True,optimal,3.091070000300533e-05,0.1113359999981185,0.1113669106981215,0.1414598000010301,2157.122146538401,1.2702139182479466,2157.122146413093,-5.809031559691926e-09
Ablated PINN,1,142,True,optimal,3.091070000300533e-05,0.10267499999827123,0.10270591069827424,0.1838609000005817,2099.713466251298,1.7901686353838162,2099.713466211064,-1.9161770052778947e-09
Ablated PINN,1,143,True,optimal,3.091070000300533e-05,0.10424710000006598,0.104278010700069,0.155400899999222,2086.8362074908523,1.4902557016185884,2086.83620750324,5.936149919687682e-10
Ablated PINN,1,144,True,optimal,3.091070000300533e-05,0.11534889999893494,0.11537981069893795,0.1584197999982279,2168.272679792461,1.3730287737392355,2168.2726797951304,1.2311029763835083e-10
Ablated PINN,1,145,True,optimal,3.091070000300533e-05,0.09811989999798243,0.09815081069798544,0.1777634000027319,2228.263833373323,1.8111251322183985,2228.263833368646,-2.0989778830573904e-10
Ablated PINN,1,146,True,optimal,3.091070000300533e-05,0.13133059999745456,0.13136151069745755,0.1569512999994913,2239.5598810323054,1.194804316471134,2239.559878377108,-1.1855889630302644e-07
Ablated PINN,1,147,True,optimal,3.091070000300533e-05,0.1262937999999849,0.1263247106999879,0.1781134000011661,2164.149316344846,1.4099648359707913,2164.1493114985196,-2.239367753097021e-07
Ablated PINN,1,148,True,optimal,3.091070000300533e-05,0.12380370000028051,0.12383461070028352,0.160323199997947,2177.2689536288126,1.2946558243395838,2177.268953597729,-1.427650928043896e-09
Ablated PINN,1,149,True,optimal,3.091070000300533e-05,0.11506000000008498,0.11509091070008799,0.1897965999996813,2135.709550435667,1.6491015567186418,2135.7095487519587,-7.883602116105082e-08
Ablated PINN,1,150,True,optimal,3.091070000300533e-05,0.10722159999932046,0.10725251069932347,0.1435891000000992,2240.7276403431883,1.3387947663308635,2240.7276401806016,-7.255979126148397e-09
Ablated PINN,1,151,True,optimal,3.091070000300533e-05,0.13131609999982174,0.13134701069982474,0.1522335999979986,2186.645354633932,1.1590183833411118,2186.6453543661373,-1.2246832923956656e-08
Ablated PINN,1,152,True,optimal,3.091070000300533e-05,0.13249830000131624,0.13252921070131923,0.1559569999990344,2074.4486760734053,1.1767745327519856,2074.448676104828,1.5147440166310425e-09
Ablated PINN,1,153,True,optimal,3.091070000300533e-05,0.10919260000082431,0.10922351070082732,0.1841856999999436,2258.4795956987864,1.6863191708280119,2258.479595646021,-2.3363170833399687e-09
Ablated PINN,1,154,True,optimal,3.091070000300533e-05,0.11240390000239131,0.11243481070239432,0.1595646999994642,2299.556233363131,1.4191752447720023,2299.5562333621483,-4.273472468331093e-11
Ablated PINN,1,155,True,optimal,3.091070000300533e-05,0.09690369999952964,0.09693461069953264,0.185013300000719,2248.43890471399,1.9086402541420742,2248.4389046768397,-1.6522632661012615e-09
Ablated PINN,1,156,True,optimal,3.091070000300533e-05,0.11222110000016983,0.11225201070017284,0.1810452999998233,2050.773843777751,1.6128468333934667,2050.773843738545,-1.9117682320569613e-09
Ablated PINN,1,157,True,optimal,3.091070000300533e-05,0.09197230000063428,0.09200321070063729,0.1634640000011131,2208.9904429627195,1.7767206030776144,2208.9904429184908,-2.0022145178635316e-09
Ablated PINN,1,158,True,optimal,3.091070000300533e-05,0.10417380000217236,0.10420471070217537,0.1887347000010777,2241.200808370232,1.8111916316383736,2241.2008085509965,8.065513140947556e-09
Ablated PINN,1,159,True,optimal,3.091070000300533e-05,0.09440349999931641,0.09443441069931942,0.1697529000011854,2175.896258431304,1.7975746207776018,2175.8962577087914,-3.320528691248468e-08
Ablated PINN,1,160,True,optimal,3.091070000300533e-05,0.08931699999811826,0.08934791069812127,0.1654935000005934,2196.517831214311,1.852236932095081,2196.5178311971595,-7.808589390737024e-10
Ablated PINN,1,161,True,optimal,3.091070000300533e-05,0.10756499999843072,0.10759591069843373,0.1651651000029232,2146.0168371156287,1.5350499747694175,2146.016836182502,-4.34817910660301e-08
Ablated PINN,1,162,True,optimal,3.091070000300533e-05,0.09676649999892106,0.09679741069892407,0.1747522999976354,2239.406982234709,1.8053406463648083,2239.4069768839586,-2.3893605050810093e-07
Ablated PINN,1,163,True,optimal,3.091070000300533e-05,0.12741359999927226,0.12744451069927526,0.1569643000002543,2188.527464101313,1.2316285663384552,2188.5274637524194,-1.5941930910477997e-08
Ablated PINN,1,164,True,optimal,3.091070000300533e-05,0.09949200000119163,0.09952291070119464,0.1716226000025926,2226.2755497624607,1.7244531816183357,2226.2755496671343,-4.281878469165517e-09
Ablated PINN,1,165,True,optimal,3.091070000300533e-05,0.1045700000031502,0.10460091070315321,0.1836794999981066,2086.418406022037,1.7560028757241934,2086.4184060428724,9.986306707599064e-10
Ablated PINN,1,166,True,optimal,3.091070000300533e-05,0.10186950000206707,0.10190041070207008,0.1604220000008354,2125.608758310557,1.5743018001160662,2125.6087582627497,-2.2491031834729738e-09
Ablated PINN,1,167,True,optimal,3.091070000300533e-05,0.10150030000295374,0.10153121070295675,0.2267114999995101,2171.1031409311204,2.23292422526887,2171.103140869211,-2.8515137389157936e-09
Ablated PINN,1,168,True,optimal,3.091070000300533e-05,0.10411219999878085,0.10414311069878386,0.2041195999991032,2133.775502059201,1.9599913871353838,2133.7755019581946,-4.733684857880827e-09
Ablated PINN,1,169,True,optimal,3.091070000300533e-05,0.16305540000030305,0.16308631070030605,0.144463500000711,2222.58842802577,0.8858100927071858,2222.5884280129417,-5.771839089390963e-10
Ablated PINN,1,170,True,optimal,3.091070000300533e-05,0.13053179999769782,0.1305627106977008,0.1493336999992607,2152.4635388030665,1.1437699110354824,2152.463538576356,-1.0532612967358693e-08
Ablated PINN,1,171,True,optimal,3.091070000300533e-05,0.21395359999951324,0.21398451069951624,0.1881853999984741,2199.261565717433,0.8794346814322928,2199.2615625111985,-1.4578686074371362e-07
Ablated PINN,1,172,True,optimal,3.091070000300533e-05,0.2353878000030818,0.2354187107030848,0.1594803999978467,2218.2303582625814,0.6774329853457861,2218.230358252073,-4.737245500740055e-10
Ablated PINN,1,173,True,optimal,3.091070000300533e-05,0.10330149999936111,0.10333241069936412,0.1421609000026364,2212.373136064863,1.3757629289830478,2212.373136093081,1.2754621793771215e-09
Ablated PINN,1,174,True,optimal,3.091070000300533e-05,0.11170130000027712,0.11173221070028012,0.1542595999999321,2164.894136983754,1.3806188836067248,2164.894136843856,-6.4621183035894e-09
Ablated PINN,1,175,True,optimal,3.091070000300533e-05,0.11991259999922477,0.11994351069922778,0.1285323000010976,2169.8810059153825,1.0716069527380037,2169.8810056898833,-1.0392238387641415e-08
Ablated PINN,1,176,True,optimal,3.091070000300533e-05,0.12547099999937927,0.12550191069938227,0.2092736000013246,2172.5767638423304,1.6674933380305474,2172.5767638026305,-1.8273185620160822e-09
Ablated PINN,1,177,True,optimal,3.091070000300533e-05,0.12843449999854784,0.12846541069855083,0.1819918000001052,2184.393641188927,1.4166599321209985,2184.393641053485,-6.2004369740934514e-09
Ablated PINN,1,178,True,optimal,3.091070000300533e-05,0.10916770000039833,0.10919861070040134,0.1521375000011176,2154.1415568471784,1.3932182747134387,2154.1415568691145,1.0183222473163343e-09
Ablated PINN,1,179,True,optimal,3.091070000300533e-05,0.10253179999926942,0.10256271069927243,0.1214622000006784,2150.4889701216216,1.1842725213925145,2150.488969837055,-1.3232655408633786e-08
Ablated PINN,1,180,True,optimal,3.091070000300533e-05,0.10225369999898248,0.10228461069898549,0.1793864999999641,2168.062715731733,1.7537975534548653,2168.062715739462,3.564881181519605e-10
Ablated PINN,1,181,True,optimal,3.091070000300533e-05,0.11793039999975008,0.11796131069975309,0.1791943999996874,2197.708183636096,1.5190946839832162,2197.7081845623384,4.214584078338657e-08
Ablated PINN,1,182,True,optimal,3.091070000300533e-05,0.1237330000003567,0.1237639107003597,0.1535698000006959,2148.512333281335,1.2408285996432202,2148.512335891904,1.215058897400701e-07
Ablated PINN,1,183,True,optimal,3.091070000300533e-05,0.10114610000164248,0.10117701070164549,0.1666522000014083,2091.0013945320507,1.647135044272443,2091.0013944956613,-1.7402828071011108e-09
Ablated PINN,1,184,True,optimal,3.091070000300533e-05,0.08725290000074892,0.08728381070075193,0.1744021999984397,2203.4150729445887,1.9981047871107358,2203.415072853721,-4.123944542718411e-09
Ablated PINN,1,185,True,optimal,3.091070000300533e-05,0.12054310000166879,0.1205740107016718,0.1651047000013932,2140.469384184977,1.3693224521650915,2140.469384145608,-1.8392833574975577e-09
Ablated PINN,1,186,True,optimal,3.091070000300533e-05,0.12167330000011134,0.12170421070011435,0.1914623999982723,2172.793681228396,1.5731781086033731,2172.7936807049555,-2.4090670952280326e-08
Ablated PINN,1,187,True,optimal,3.091070000300533e-05,0.089115299997502,0.08914621069750502,0.1591209000034723,2123.986826024159,1.7849429466318942,2123.986825931717,-4.35230598408625e-09
Ablated PINN,1,188,True,optimal,3.091070000300533e-05,0.09874389999822597,0.09877481069822898,0.1361703000002307,2175.827201860663,1.3785933785917366,2175.8272001937244,-7.66117232855587e-08
Ablated PINN,1,189,True,optimal,3.091070000300533e-05,0.10305190000144648,0.10308281070144949,0.1584094999998342,2180.1644696590224,1.5367208065234366,2180.164468630765,-4.716421369741698e-08
Ablated PINN,1,190,True,optimal,3.091070000300533e-05,0.1004676999982621,0.10049861069826511,0.1826565999981539,2171.6127217499998,1.8175037319327545,2171.6127194315277,-1.0676268595719401e-07
Ablated PINN,1,191,True,optimal,3.091070000300533e-05,0.09921749999921303,0.09924841069921604,0.182301600001665,2239.865022265964,1.8368213527786497,2239.8650222388483,-1.210594154965037e-09
Ablated PINN,1,192,True,optimal,3.091070000300533e-05,0.11659359999976004,0.11662451069976305,0.1405183999995642,2192.0895212092523,1.2048787956874119,2192.0895212067117,-1.1590190203551215e-10
Ablated PINN,1,193,True,optimal,3.091070000300533e-05,0.09030109999730485,0.09033201069730785,0.1785666000032506,2208.679391242466,1.9767809730440593,2208.6793914767527,1.0607548818555006e-08
Ablated PINN,1,194,True,optimal,3.091070000300533e-05,0.1174234999998589,0.11745441069986191,0.1606246999981522,2166.5077506583,1.367549324380894,2166.507747629605,-1.397961820252235e-07
Ablated PINN,1,195,True,optimal,3.091070000300533e-05,0.10632400000031339,0.1063549107003164,0.1736755999991146,2139.2633586126103,1.6329814848746607,2139.263355046994,-1.6667495430294442e-07
Ablated PINN,1,196,True,optimal,3.091070000300533e-05,0.10451950000060606,0.10455041070060907,0.2090443000015511,2194.5969662763114,1.9994593861536434,2194.596966182139,-4.2910960919084955e-09
Ablated PINN,1,197,True,optimal,3.091070000300533e-05,0.09977160000198637,0.09980251070198938,0.144250400000601,2199.282299487039,1.4453584282196381,2199.2822992414594,-1.1166346661965617e-08
Ablated PINN,1,198,True,optimal,3.091070000300533e-05,0.10091580000153044,0.10094671070153345,0.1912620000002789,2239.817752546761,1.8946828348451923,2239.8177523950803,-6.7720029439164194e-09
Ablated PINN,1,199,True,optimal,3.091070000300533e-05,0.09031060000052094,0.09034151070052394,0.1643854000030842,2106.1646766369963,1.819599857567257,2106.164676650487,6.405261212973508e-10
Ablated PINN,1,200,True,optimal,3.091070000300533e-05,0.0891087999989395,0.08913971069894251,0.2004094000003533,2142.3130341915,2.2482617278982353,2142.31303412551,-3.0803039180542415e-09
Ablated PINN,1,201,True,optimal,3.091070000300533e-05,0.08745640000051935,0.08748731070052236,0.1870936999985133,2049.590738116899,2.138523844205857,2049.5907399292955,8.84272378259222e-08
Ablated PINN,1,202,True,optimal,3.091070000300533e-05,0.09903470000062953,0.09906561070063254,0.194703400000435,2240.5332363379944,1.9653984730262388,2240.533236319473,-8.266516449685355e-10
Ablated PINN,1,203,True,optimal,3.091070000300533e-05,0.09259469999960857,0.09262561069961157,0.1754158000003371,2117.504098796574,1.893815313879196,2117.504098221748,-2.714639927728249e-08
Ablated PINN,1,204,True,optimal,3.091070000300533e-05,0.09308280000186642,0.09311371070186943,0.1983172000000195,2226.221432526177,2.1298388658893597,2226.221432801915,1.2385914140019797e-08
Ablated PINN,1,205,True,optimal,3.091070000300533e-05,0.08834879999994882,0.08837971069995183,0.1912572000001091,2216.567806586794,2.1640396702522056,2216.5678065816082,-2.339625602293151e-10
Ablated PINN,1,206,True,optimal,3.091070000300533e-05,0.08528719999958412,0.08531811069958713,0.1950174000012339,2213.620576697396,2.2857679149495937,2213.6205754374782,-5.6916599288101886e-08
Ablated PINN,1,207,True,optimal,3.091070000300533e-05,0.08842920000097365,0.08846011070097666,0.1802447000009124,2262.6614519989166,2.03758166898747,2262.6614520354024,1.6125145090283327e-09
Ablated PINN,1,208,True,optimal,3.091070000300533e-05,0.09285000000090804,0.09288091070091105,0.1517549999989569,2149.9697779261032,1.6338664086491173,2149.9697777552037,-7.948926221474443e-09
Ablated PINN,1,209,True,optimal,3.091070000300533e-05,0.08463960000153747,0.08467051070154048,0.1734698000000207,2066.340722505003,2.048762887606684,2066.3407228795572,1.8126440413254833e-08
Ablated PINN,1,210,True,optimal,3.091070000300533e-05,0.08414999999877182,0.08418091069877483,0.1688500999989628,2208.201297716252,2.0058003482898914,2208.2012976066076,-4.965334846645638e-09
Ablated PINN,1,211,True,optimal,3.091070000300533e-05,0.08904320000146981,0.08907411070147282,0.1884791000011318,2190.717004313053,2.1159807099597048,2190.7170040172127,-1.350427444577513e-08
Ablated PINN,1,212,True,optimal,3.091070000300533e-05,0.08414690000063274,0.08417781070063575,0.1851094000012381,2214.9684135868,2.199028443012715,2214.968413568994,-8.038980222962266e-10
Ablated PINN,1,213,True,optimal,3.091070000300533e-05,0.09291590000066208,0.09294681070066509,0.1830778000003192,2354.966217688865,1.96970502398324,2354.9662173711686,-1.3490490920196162e-08
Ablated PINN,1,214,True,optimal,3.091070000300533e-05,0.11080430000220076,0.11083521070220377,0.1650474000016402,2144.7554674622625,1.4891242499199626,2144.755466937847,-2.445106505113499e-08
Ablated PINN,1,215,True,optimal,3.091070000300533e-05,0.09528040000077453,0.09531131070077754,0.1528197000006912,2193.940292266001,1.6033742362483796,2193.940292200236,-2.9975796228221126e-09
Ablated PINN,1,216,True,optimal,3.091070000300533e-05,0.08837900000071386,0.08840991070071687,0.1810650999977952,2172.003481336323,2.0480181301249414,2172.0034813513694,6.92734874877975e-10
Ablated PINN,1,217,True,optimal,3.091070000300533e-05,0.08617609999782871,0.08620701069783172,0.178206799999316,2138.386466707876,2.067196142828303,2138.3864666696145,-1.7892711726608682e-09
Ablated PINN,1,218,True,optimal,3.091070000300533e-05,0.08624739999868325,0.08627831069868626,0.1613545000000158,2192.302524729663,1.8701629493363818,2192.302524652356,-3.5262947872685486e-09
Ablated PINN,1,219,True,optimal,3.091070000300533e-05,0.09169790000305511,0.09172881070305812,0.1872309000027598,2322.5481640934368,2.0411351522790184,2322.5481640336093,-2.575941024701097e-09
Ablated PINN,1,220,True,optimal,3.091070000300533e-05,0.08502469999802997,0.08505561069803298,0.1657451999999466,2150.495950016065,1.9486686256169539,2150.4959500285054,5.784955455558084e-10
Ablated PINN,1,221,True,optimal,3.091070000300533e-05,0.08816070000102627,0.08819161070102928,0.1721108000019739,2059.2495401305023,1.951555240162602,2059.249544451789,2.098476478830908e-07
Ablated PINN,1,222,True,optimal,3.091070000300533e-05,0.08669530000042869,0.0867262107004317,0.1648593000027176,2198.4992904629758,1.9009166741087302,2198.4992904225514,-1.8387229500168953e-09
Ablated PINN,1,223,True,optimal,3.091070000300533e-05,0.08558400000038091,0.08561491070038392,0.1469413999984681,2235.8922996888737,1.716306176066702,2235.8922997524887,2.8451755780772824e-09
Ablated PINN,1,224,True,optimal,3.091070000300533e-05,0.09296750000066822,0.09299841070067123,0.1875618999983999,2076.2792272501188,2.0168290897152517,2076.2792272762886,1.2604181655987686e-09
Ablated PINN,1,225,True,optimal,3.091070000300533e-05,0.0841751000007207,0.08420601070072371,0.2215020000003278,2286.836929862118,2.6304773039013485,2286.836929917445,2.419380694376334e-09
Ablated PINN,1,226,True,optimal,3.091070000300533e-05,0.09471829999893089,0.0947492106989339,0.1873942999991413,2080.463959208041,1.9777927290031752,2080.46395925695,2.3508692311670185e-09
Ablated PINN,1,227,True,optimal,3.091070000300533e-05,0.09113979999892763,0.09117071069893064,0.1700560999997833,2060.082420295672,1.8652492527052105,2060.082420344382,2.3644812464936476e-09
Ablated PINN,1,228,True,optimal,3.091070000300533e-05,0.08589170000050217,0.08592261070050518,0.2066310000009252,2180.314112245705,2.4048501124013257,2180.3141122396423,-2.780650571386624e-10
Ablated PINN,1,229,True,optimal,3.091070000300533e-05,0.08770699999877252,0.08773791069877553,0.2069301999981689,2276.716349943137,2.3585038479957423,2276.716350045872,4.512406761845072e-09
Ablated PINN,1,230,True,optimal,3.091070000300533e-05,0.0843806000011682,0.08441151070117121,0.1743741000027512,2175.9405394864084,2.065762104650163,2175.9405459105415,2.952347706831878e-07
Ablated PINN,1,231,True,optimal,3.091070000300533e-05,0.09165969999958179,0.0916906106995848,0.1648185000012745,2270.9542795612897,1.7975504661135475,2270.9542795774214,7.103492866647585e-10
Ablated PINN,1,232,True,optimal,3.091070000300533e-05,0.08427600000140956,0.08430691070141257,0.2048910000012256,2117.0853331765643,2.430298990872555,2117.0853337612507,2.761751711274308e-08
Ablated PINN,1,233,True,optimal,3.091070000300533e-05,0.09180410000044503,0.09183501070044804,0.1794805000026826,2145.028989981709,1.954379910599901,2145.0289901335855,7.080394761954073e-09
Ablated PINN,1,234,True,optimal,3.091070000300533e-05,0.09178249999968102,0.09181341069968403,0.1867048000021895,2181.070621304501,2.033524281250038,2181.07062342918,9.741450791449528e-08
Ablated PINN,1,235,True,optimal,3.091070000300533e-05,0.09003979999761214,0.09007071069761514,0.1541531000002578,2171.7651219174927,1.7114675659413823,2171.765120839032,-4.965825339878879e-08
Ablated PINN,1,236,True,optimal,3.091070000300533e-05,0.09086860000024899,0.090899510700252,0.1518465000008291,2097.0429322095297,1.6704875398235577,2097.0429321658726,-2.0818414948307382e-09
Ablated PINN,1,237,True,optimal,3.091070000300533e-05,0.08699469999919529,0.0870256106991983,0.1905240999985835,2215.8277017225564,2.1892877104548565,2215.827701659273,-2.855977962314772e-09
Ablated PINN,1,238,True,optimal,3.091070000300533e-05,0.08720099999845843,0.08723191069846144,0.161496900000202,2213.065903764337,1.8513511707711616,2213.065904034789,1.222070912032168e-08
Ablated PINN,1,239,True,optimal,3.091070000300533e-05,0.0937155999999959,0.09374651069999891,0.1797532999989926,2144.724819794156,1.917439898901695,2144.724819262377,-2.4794734444932864e-08
Ablated PINN,1,240,True,optimal,3.091070000300533e-05,0.08814300000085495,0.08817391070085796,0.2170844000029319,2227.303081240274,2.462002629546742,2227.3030812286775,-5.206526355855532e-10
Ablated PINN,1,241,True,optimal,3.091070000300533e-05,0.0916298000011011,0.09166071070110411,0.1749574999994365,2195.997977255815,1.9087512922516432,2195.9979772096485,-2.1022972829435685e-09
Ablated PINN,1,242,True,optimal,3.091070000300533e-05,0.08400020000044606,0.08403111070044907,0.1473356999995303,2150.070248313176,1.753347049341607,2150.07024719517,-5.1998575987266704e-08
Ablated PINN,1,243,True,optimal,3.091070000300533e-05,0.08602869999958784,0.08605961069959085,0.1628168000024743,2253.1276826909134,1.8919072335897562,2253.1276827702604,3.5216400240580814e-09
Ablated PINN,1,244,True,optimal,3.091070000300533e-05,0.07920779999767547,0.07923871069767847,0.154321300000447,2160.725050099758,1.9475493561377228,2160.725049934688,-7.639570112481882e-09
Ablated PINN,1,245,True,optimal,3.091070000300533e-05,0.08635529999810387,0.08638621069810688,0.1683622000018658,2216.017872035165,1.9489476230209897,2216.01787193959,-4.312923710436271e-09
Ablated PINN,1,246,True,optimal,3.091070000300533e-05,0.08296790000167675,0.08299881070167976,0.1499887999998463,2166.915413034995,1.8071198699333986,2166.9154128482983,-8.615773545352634e-09
Ablated PINN,1,247,True,optimal,3.091070000300533e-05,0.0879583999994793,0.0879893106994823,0.1854454999993322,2194.0667932879514,2.1075912349478525,2194.0667930756467,-9.676310362400358e-09
Ablated PINN,1,248,True,optimal,3.091070000300533e-05,0.08707850000064354,0.08710941070064655,0.164037599999574,2108.92246520784,1.8831214524374744,2108.922465023892,-8.722370544786789e-09
Ablated PINN,1,249,True,optimal,3.091070000300533e-05,0.08745490000001155,0.08748581070001456,0.1914649999998801,2211.376165698668,2.1885263275024807,2211.376166438619,3.34611000910736e-08
Ablated PINN,1,250,True,optimal,3.091070000300533e-05,0.09455420000085724,0.09458511070086024,0.1957933000012417,2230.8479523420733,2.070022422667218,2230.847952344336,1.0143330546734048e-10
Ablated PINN,1,251,True,optimal,3.091070000300533e-05,0.08902549999766052,0.08905641069766353,0.1901084000019182,2226.7534290027884,2.1346964077332378,2226.753429008264,2.459011752583702e-10
Ablated PINN,1,252,True,optimal,3.091070000300533e-05,0.09598740000001271,0.09601831070001572,0.2105768999972497,2134.994969312902,2.193091072547012,2134.9949693093035,-1.6854446213157383e-10
Ablated PINN,1,253,True,optimal,3.091070000300533e-05,0.09003730000040377,0.09006821070040678,0.1540368999994825,2222.6753230172544,1.7102249373183873,2222.675323008537,-3.92207832885804e-10
Ablated PINN,1,254,True,optimal,3.091070000300533e-05,0.11492189999989932,0.11495281069990233,0.1864795000001322,2182.1593758800086,1.6222265368261295,2182.159375116976,-3.4966850355547926e-08
Ablated PINN,1,255,True,optimal,3.091070000300533e-05,0.14987250000194763,0.14990341070195062,0.1633569000005081,2120.4797410569017,1.0897477197854204,2120.47974102479,-1.5143520974876923e-09
Ablated PINN,1,256,True,optimal,3.091070000300533e-05,0.12711359999957494,0.12714451069957794,0.1984661000024061,2300.1678923890854,1.5609490249354896,2300.167892389992,3.942174050285479e-11
Ablated PINN,1,257,True,optimal,3.091070000300533e-05,0.15209049999975832,0.15212141069976132,0.1652689999973517,2085.162441274529,1.0864282630374726,2085.1624413228296,2.3163919592533907e-09
Ablated PINN,1,258,True,optimal,3.091070000300533e-05,0.1049139999995532,0.10494491069955621,0.1868017000015243,2141.9358861714218,1.7799977031407799,2141.9358860678585,-4.835030444412343e-09
Ablated PINN,1,259,True,optimal,3.091070000300533e-05,0.10280930000226363,0.10284021070226664,0.2039970000005269,2166.4386621944127,1.983630708333727,2166.438660711097,-6.8467935574836e-08
Ablated PINN,1,260,True,optimal,3.091070000300533e-05,0.09058739999818499,0.090618310698188,0.1963370000012219,2212.2281696701148,2.166637167350636,2212.2281692145184,-2.05944563240286e-08
Ablated PINN,1,261,True,optimal,3.091070000300533e-05,0.0884518000020762,0.0884827107020792,0.2069185000000288,2075.912783905306,2.338518998324116,2075.91278897196,2.440687321346217e-07
Ablated PINN,1,262,True,optimal,3.091070000300533e-05,0.08857759999955306,0.08860851069955607,0.1651162999987718,2219.190948463322,1.8634361270175264,2219.19094839772,-2.9561157359760905e-09
Ablated PINN,1,263,True,optimal,3.091070000300533e-05,0.08968090000053053,0.08971181070053354,0.1523746000020764,2177.9007071265937,1.6984898511380753,2177.900707070045,-2.5964793708176432e-09
Ablated PINN,1,264,True,optimal,3.091070000300533e-05,0.09021930000017164,0.09025021070017465,0.1882799000013619,2082.1606036047424,2.0861990076328714,2082.1606036409476,1.7388267276547498e-09
Ablated PINN,1,265,True,optimal,3.091070000300533e-05,0.08986300000105985,0.08989391070106285,0.167796099998668,2187.077225453803,1.8666014048122181,2187.077225354661,-4.533070096916275e-09
Ablated PINN,1,266,True,optimal,3.091070000300533e-05,0.08631709999826853,0.08634801069827154,0.157673400000931,2105.9647774907417,1.8260223799699788,2105.9647756465115,-8.757174739903347e-08
Ablated PINN,1,267,True,optimal,3.091070000300533e-05,0.09359319999930449,0.0936241106993075,0.1496342000027652,2162.19410042925,1.598244286488822,2162.1941002824738,-6.788293147797414e-09
Ablated PINN,1,268,True,optimal,3.091070000300533e-05,0.09757180000087828,0.09760271070088129,0.1357625000018743,2162.8386441282087,1.3909705891052515,2162.838643083188,-4.831709401244266e-08
Ablated PINN,1,269,True,optimal,3.091070000300533e-05,0.0874803000006068,0.08751121070060981,0.1630485999994562,2127.5411836072435,1.8631738573160892,2127.54118333966,-1.257711708544357e-08
Ablated PINN,1,270,True,optimal,3.091070000300533e-05,0.0808327000013378,0.08086361070134081,0.1753764999994018,2141.4755157456925,2.1687938304799674,2141.4755156741185,-3.3422772883373424e-09
Ablated PINN,1,271,True,optimal,3.091070000300533e-05,0.08581749999939348,0.08584841069939649,0.1578702999977395,2157.231709987476,1.8389426048961128,2157.2317100134246,1.20287464791782e-09
Ablated PINN,1,272,True,optimal,3.091070000300533e-05,0.08969140000044717,0.08972231070045018,0.1553596000012476,2251.103522681476,1.7315603977246663,2251.103522680217,-5.593680618937894e-11
Ablated PINN,1,273,True,optimal,3.091070000300533e-05,0.0851459999976214,0.08517691069762441,0.1258467000006931,2224.7645391161536,1.477474340991836,2224.7645392500986,6.020633660500512e-09
Ablated PINN,1,274,True,optimal,3.091070000300533e-05,0.10478510000029928,0.10481601070030229,0.1255964999982097,2248.992133882215,1.1982568231615354,2248.9921335281897,-1.574151171118157e-08
Ablated PINN,1,275,True,optimal,3.091070000300533e-05,0.14103329999852576,0.14106421069852876,0.1602650999993784,2165.2296063945014,1.1361145339825724,2165.22960378242,-1.206376223890298e-07
Ablated PINN,1,276,True,optimal,3.091070000300533e-05,0.11664240000027348,0.11667331070027649,0.1355507000007492,2255.260071499048,1.1617969798505767,2255.2600714896016,-4.18863741674172e-10
Ablated PINN,1,277,True,optimal,3.091070000300533e-05,0.11718399999881512,0.11721491069881813,0.174569300001167,2167.9748501241124,1.4893096702493769,2167.9748502385414,5.278150961562672e-09
Ablated PINN,1,278,True,optimal,3.091070000300533e-05,0.12477360000048066,0.12480451070048366,0.189471699999558,2168.666543748825,1.518147853279663,2168.6665437295123,-8.905318016947302e-10
Ablated PINN,1,279,True,optimal,3.091070000300533e-05,0.23127159999785363,0.23130251069785662,0.1697157000016886,2033.8752707221165,0.7337391171831378,2033.875270707978,-6.951532421843765e-10
Ablated PINN,1,280,True,optimal,3.091070000300533e-05,0.15145660000052885,0.15148751070053185,0.1369254000019282,2155.3513359880685,0.9038725329153322,2155.3513358738282,-5.300308276435785e-09
Ablated PINN,1,281,True,optimal,3.091070000300533e-05,0.1485248999997566,0.1485558106997596,0.2123275999983889,2122.6809873022803,1.4292783230641581,2122.6809867251472,-2.7188873605386503e-08
Ablated PINN,1,282,True,optimal,3.091070000300533e-05,0.1439375999980257,0.14396851069802868,0.1921188999986043,2118.7416343232285,1.334450839750438,2118.741633695617,-2.962189257559523e-08
Ablated PINN,1,283,True,optimal,3.091070000300533e-05,0.1297100000010687,0.1297409107010717,0.192897199998697,2158.957560505516,1.4867877753929133,2158.9575595996153,-4.196010380337247e-08
Ablated PINN,1,284,True,optimal,3.091070000300533e-05,0.11558020000302349,0.1156111107030265,0.1796782000019448,2273.889670073256,1.5541603130471535,2273.8896700650957,-3.5887586451785497e-10
Ablated PINN,1,285,True,optimal,3.091070000300533e-05,0.1498253999998269,0.1498563106998299,0.1300529000000096,2115.677822328654,0.8678506723718323,2115.6778293644825,3.3255669654861407e-07
Ablated PINN,1,286,True,optimal,3.091070000300533e-05,0.13085289999798988,0.13088381069799288,0.1459980999970866,2196.2220295681013,1.1154786769921385,2196.222029470526,-4.442863142525588e-09
Ablated PINN,1,287,True,optimal,3.091070000300533e-05,0.16203239999958896,0.16206331069959196,0.1868482999998377,2202.066156379918,1.1529339934699245,2202.0661563780855,-8.322328640140411e-11
Ablated PINN,1,288,True,optimal,3.091070000300533e-05,0.19045879999976023,0.19048971069976323,0.1656379000014567,2182.373867339894,0.8695372542327169,2182.3738734597773,2.804232367760838e-07
Ablated PINN,1,289,True,optimal,3.091070000300533e-05,0.4352650000000722,0.4352959107000752,0.1495441000006394,2211.584568758089,0.34354584163249197,2211.5845684120454,-1.5646864222342718e-08
Ablated PINN,1,290,True,optimal,3.091070000300533e-05,0.3567161999999371,0.3567471106999401,0.1592672999977367,2234.958415963913,0.4464431391897001,2234.9584157626364,-9.005833532869168e-09
Ablated PINN,1,291,True,optimal,3.091070000300533e-05,0.2244749999990745,0.2245059106990775,0.1775887000003422,2225.3833521530064,0.7910201537561207,2225.383352123945,-1.30591158260373e-09
Ablated PINN,1,292,True,optimal,3.091070000300533e-05,0.12965919999987818,0.12969011069988118,0.1876599000024725,2191.5297747841546,1.4469869675471287,2191.529774692003,-4.204908517937555e-09
Ablated PINN,1,293,True,optimal,3.091070000300533e-05,0.12902409999878728,0.12905501069879027,0.1814896999967459,2173.9351671876693,1.4062971984895365,2173.935167236367,2.2400635630443745e-09
Ablated PINN,1,294,True,optimal,3.091070000300533e-05,0.15208550000170362,0.15211641070170662,0.1912125000017113,2221.8731689601696,1.2570142768926513,2221.8731689830347,1.0290934635401861e-09
Ablated PINN,1,295,True,optimal,3.091070000300533e-05,0.16780980000112322,0.16784071070112622,0.1916350999999849,2152.791180484056,1.1417676867516924,2152.7911804306627,-2.480187172525805e-09
Ablated PINN,1,296,True,optimal,3.091070000300533e-05,0.1453053999975964,0.1453363106975994,0.1938859000001684,2162.3602395464923,1.3340499636294327,2162.360238129724,-6.551952233768507e-08
Ablated PINN,1,297,True,optimal,3.091070000300533e-05,0.1370323000010103,0.1370632107010133,0.1667852999999013,2139.5005791467493,1.2168495043044272,2139.5005788412022,-1.4281230945925913e-08
Ablated PINN,1,298,True,optimal,3.091070000300533e-05,0.12251880000258097,0.12254971070258398,0.185193999997864,2183.7547421460417,1.5111745179661136,2183.7547421019635,-2.0184595423365674e-09
Ablated PINN,1,299,True,optimal,3.091070000300533e-05,0.1284282999986317,0.1284592106986347,0.1797445000011066,2165.291704792407,1.3992340371979024,2165.2917047977003,2.44459402518513e-10
Ablated PINN,1,300,True,optimal,3.091070000300533e-05,0.13395630000013625,0.13398721070013925,0.2011792999983299,2134.5860261439225,1.5014813648786616,2134.58602602534,-5.555299540467636e-09
Ablated PINN,1,301,True,optimal,3.091070000300533e-05,0.1484399000000849,0.14847081070008789,0.1329354000008606,2209.4187808300176,0.8953638723600094,2209.4187805598,-1.2230261616835127e-08
Ablated PINN,1,302,True,optimal,3.091070000300533e-05,0.15724450000197976,0.15727541070198275,0.1474019999986922,2264.6526783053887,0.9372221591460381,2264.652678655011,1.5438239145304905e-08
Ablated PINN,1,303,True,optimal,3.091070000300533e-05,0.13761580000209506,0.13764671070209805,0.2004344999986642,2182.4879524071234,1.4561517596483264,2182.4879521638272,-1.1147653709558072e-08
Ablated PINN,1,304,True,optimal,3.091070000300533e-05,0.13130630000159726,0.13133721070160026,0.2144152000000758,2298.446942840016,1.6325548475917442,2298.4469428282678,-5.111450515205366e-10
Ablated PINN,1,305,True,optimal,3.091070000300533e-05,0.12848859999940032,0.12851951069940332,0.1916431999998167,2219.554113561441,1.4911603612314908,2219.5541135397193,-9.786612805280646e-10
Ablated PINN,1,306,True,optimal,3.091070000300533e-05,0.14603490000081365,0.14606581070081665,0.1999945999996271,2158.6573355187134,1.3692088452462814,2158.657335421234,-4.515732339021184e-09
Ablated PINN,1,307,True,optimal,3.091070000300533e-05,0.1528943999983312,0.1529253106983342,0.164086299999326,2106.293427636591,1.0729832703953655,2106.2934275183816,-5.612195270381727e-09
Ablated PINN,1,308,True,optimal,3.091070000300533e-05,0.13406580000082613,0.13409671070082912,0.1880562000005738,2120.317801078761,1.4023923407049763,2120.3178009080384,-8.051746517667772e-09
Ablated PINN,1,309,True,optimal,3.091070000300533e-05,0.1468548999982886,0.1468858106982916,0.1561755000002449,2126.1744321940173,1.0632442933581558,2126.174431443952,-3.527769271493849e-08
Ablated PINN,1,310,True,optimal,3.091070000300533e-05,0.13866119999875082,0.1386921106987538,0.1320761000024504,2069.081862536293,0.9522971374292968,2069.081862551159,7.184679915107881e-10
Ablated PINN,1,311,True,optimal,3.091070000300533e-05,0.12446120000095107,0.12449211070095408,0.1515479000008781,2061.1549558310385,1.2173293484027712,2061.154955878445,2.2999969847535432e-09
Ablated PINN,1,312,True,optimal,3.091070000300533e-05,0.1175705999994534,0.11760151069945642,0.1136442999995779,2180.1149814162545,0.9663506814126597,2180.114981397185,-8.746958566233542e-10
Ablated PINN,1,313,True,optimal,3.091070000300533e-05,0.11425930000041262,0.11429021070041563,0.1372040999995079,2188.0807312513416,1.2004886434163249,2188.080731244175,-3.275390230173108e-10
Ablated PINN,1,314,True,optimal,3.091070000300533e-05,0.11275190000014845,0.11278281070015146,0.1179652999999234,2222.5581159645926,1.04595105643847,2222.55811588872,-3.4137589456496227e-09
Ablated PINN,1,315,True,optimal,3.091070000300533e-05,0.11459950000062236,0.11463041070062537,0.204678000001877,2145.9342340595863,1.7855471227127024,2145.9342340339026,-1.1968528775520455e-09
Ablated PINN,1,316,True,optimal,3.091070000300533e-05,0.1556027999977232,0.1556337106977262,0.1662551999979769,2132.5852964854,1.0682467137269502,2132.5852964091855,-3.5737980512255917e-09
Ablated PINN,1,317,True,optimal,3.091070000300533e-05,0.1563464999999269,0.1563774106999299,0.1558721000001242,2254.9250954710506,0.9967686464589485,2254.9250954710915,1.815016457175582e-12
Ablated PINN,1,318,True,optimal,3.091070000300533e-05,0.12859889999890584,0.12862981069890883,0.1743176999989373,2263.226844507007,1.3551889647647288,2263.226844548922,1.8520005154426931e-09
Ablated PINN,1,319,True,optimal,3.091070000300533e-05,0.13367039999866392,0.13370131069866692,0.1878381000024092,2210.304634881842,1.4049084412175628,2210.3046346061938,-1.247105424388806e-08
Ablated PINN,1,320,True,optimal,3.091070000300533e-05,0.12677740000071935,0.12680831070072235,0.1402054000027419,2082.329886286688,1.1056483540234026,2082.3298875024443,5.8384415296777784e-08
Ablated PINN,1,321,True,optimal,3.091070000300533e-05,0.13883219999843277,0.13886311069843577,0.1832721000027959,2092.9242742982774,1.3198040795787847,2092.924274321369,1.1033182621194452e-09
Ablated PINN,1,322,True,optimal,3.091070000300533e-05,0.15210319999823696,0.15213411069823995,0.1814297999990231,2185.130356631259,1.1925648966318376,2185.1303566003885,-1.4127543384880549e-09
Ablated PINN,1,323,True,optimal,3.091070000300533e-05,0.13157020000289776,0.13160111070290076,0.1583245000001625,2189.102213805668,1.203063554361572,2189.1022137060813,-4.549193088592801e-09
Ablated PINN,1,324,True,optimal,3.091070000300533e-05,0.135717699999077,0.13574861069908,0.1484041000003344,2171.272589872131,1.093227394638376,2171.2725892672615,-2.785783133251947e-08
Ablated PINN,1,325,True,optimal,3.091070000300533e-05,0.14142749999882653,0.14145841069882953,0.1501671000005444,2214.206873225862,1.0615636020417054,2214.206873021142,-9.245747716120891e-09
Ablated PINN,1,326,True,optimal,3.091070000300533e-05,0.13585189999866998,0.13588281069867297,0.1545449000004737,2125.986871701245,1.1373395884721935,2125.9868716008577,-4.721915174257833e-09
Ablated PINN,1,327,True,optimal,3.091070000300533e-05,0.13408530000015162,0.13411621070015461,0.1809763999990536,2202.56873108054,1.3493998902464142,2202.568730265055,-3.702428102079966e-08
Ablated PINN,1,328,True,optimal,3.091070000300533e-05,0.12707379999847035,0.12710471069847334,0.1562159999994037,2184.037543854672,1.229033913384927,2184.0375438516444,-1.386289292838065e-10
Ablated PINN,1,329,True,optimal,3.091070000300533e-05,0.11955469999884372,0.11958561069884673,0.1399351000000024,2173.826474611812,1.170166704691603,2173.8264743059153,-1.4071809460542448e-08
Ablated PINN,1,330,True,optimal,3.091070000300533e-05,0.11024240000188001,0.11027331070188302,0.2051428000013402,2128.234033394617,1.8603123339239436,2128.234033229018,-7.781051036256306e-09
Ablated PINN,1,331,True,optimal,3.091070000300533e-05,0.11018809999950463,0.11021901069950764,0.1862562999995134,2104.584535308683,1.6898745399494448,2104.5845352636306,-2.140673089810811e-09
Ablated PINN,1,332,True,optimal,3.091070000300533e-05,0.11525679999977001,0.11528771069977302,0.1896450000022014,2252.763428235852,1.6449715138855194,2252.7634284824835,1.0947945672738037e-08
Ablated PINN,1,333,True,optimal,3.091070000300533e-05,0.1091539000008197,0.10918481070082271,0.1778735000007145,2151.601771701695,1.629104807335387,2151.601771493714,-9.666332190282001e-09
Ablated PINN,1,334,True,optimal,3.091070000300533e-05,0.10832000000300468,0.10835091070300769,0.1836159999984374,2228.6659115636726,1.694641962924825,2228.66591173107,7.51110793293904e-09
Ablated PINN,1,335,True,optimal,3.091070000300533e-05,0.11143119999906048,0.11146211069906349,0.2050641000023461,2190.661498984035,1.8397650889278292,2190.6614989096315,-3.396393639537418e-09
Ablated PINN,1,336,True,optimal,3.091070000300533e-05,0.10954320000018924,0.10957411070019225,0.1579936000016459,2235.4954508447577,1.441888042641159,2235.495450531402,-1.4017272342962236e-08
Ablated PINN,1,337,True,optimal,3.091070000300533e-05,0.11098459999993793,0.11101551069994094,0.1761824999994132,2092.3407048610115,1.5870079675227486,2092.3407051688337,1.4711854483292788e-08
Ablated PINN,1,338,True,optimal,3.091070000300533e-05,0.10916240000005928,0.10919331070006229,0.1750023999993573,2171.447278130524,1.6026842567312822,2171.447278090592,-1.8389495352182818e-09
Ablated PINN,1,339,True,optimal,3.091070000300533e-05,0.10574830000041402,0.10577921070041703,0.1660876999994798,2216.45546251155,1.5701355578258727,2216.4554624777484,-1.525039682071465e-09
Ablated PINN,1,340,True,optimal,3.091070000300533e-05,0.1049459999994724,0.10497691069947541,0.1920820000013918,2163.9528951434622,1.8297547405569792,2163.95289487553,-1.2381606712547316e-08
Ablated PINN,1,341,True,optimal,3.091070000300533e-05,0.1133427999993728,0.11337371069937581,0.1864521000024979,2223.825782895802,1.644579672415401,2223.8257828616115,-1.5374691033228164e-09
Ablated PINN,1,342,True,optimal,3.091070000300533e-05,0.1093230999977095,0.10935401069771251,0.1492392000000109,2055.728688606198,1.3647345812724974,2055.7286886772526,3.4564253890690522e-09
Ablated PINN,1,343,True,optimal,3.091070000300533e-05,0.11548629999742843,0.11551721069743144,0.1174037999990105,2147.2559572665987,1.0163316729185967,2147.2559574464995,8.378171213635825e-09
Ablated PINN,1,344,True,optimal,3.091070000300533e-05,0.10254920000079437,0.10258011070079738,0.1245152000010421,2208.61954208722,1.2138337456490405,2208.6195422520486,7.462970926230279e-09
Ablated PINN,1,345,True,optimal,3.091070000300533e-05,0.16701180000018212,0.16704271070018512,0.1329647999991721,2179.495059787069,0.7959928298686592,2179.4950596961107,-4.173357033708809e-09
Ablated PINN,1,346,True,optimal,3.091070000300533e-05,0.14700290000109817,0.14703381070110116,0.1801190999976825,2158.0024019819666,1.2250182399464502,2158.0024012080635,-3.586201471303688e-08
Ablated PINN,1,347,True,optimal,3.091070000300533e-05,0.1367069999978412,0.1367379106978442,0.1875204000025405,2237.1176063082003,1.3713855875486691,2237.1176062783966,-1.3322360230730765e-09
Ablated PINN,1,348,True,optimal,3.091070000300533e-05,0.13936830000238842,0.13939921070239142,0.1707534999986819,2237.530400967604,1.2249244392296448,2237.5304009853867,7.947554656117788e-10
Ablated PINN,1,349,True,optimal,3.091070000300533e-05,0.12887179999961518,0.12890271069961817,0.1921939000021666,2219.2598792165377,1.490999676880619,2219.259879141848,-3.3655149898606718e-09
Ablated PINN,1,350,True,optimal,3.091070000300533e-05,0.12743070000215084,0.12746161070215384,0.2011267999987467,2187.0903956003863,1.5779402040409651,2187.0903946652606,-4.275660615546882e-08
Ablated PINN,1,351,True,optimal,3.091070000300533e-05,0.11948689999917406,0.11951781069917707,0.1784593000011227,2233.2405725405383,1.4931607176967097,2233.2405730799887,2.4155499326178763e-08
Ablated PINN,1,352,True,optimal,3.091070000300533e-05,0.12580270000034943,0.12583361070035243,0.1700487999987672,2097.0363356283888,1.3513782132796333,2097.0363356010994,-1.301331219829307e-09
Ablated PINN,1,353,True,optimal,3.091070000300533e-05,0.11273539999820059,0.1127663106982036,0.2080347999981313,2229.6858589191493,1.8448311265134378,2229.685858799333,-5.373688709776194e-09
Ablated PINN,1,354,True,optimal,3.091070000300533e-05,0.11838309999802732,0.11841401069803033,0.1655281000021204,2296.944400859072,1.3978759694596996,2296.9444008634923,1.9243583993427392e-10
Ablated PINN,1,355,True,optimal,3.091070000300533e-05,0.11788899999737623,0.11791991069737924,0.1689585999993141,2212.5342058492406,1.4328250335341306,2212.534205748685,-4.544813497191655e-09
Ablated PINN,1,356,True,optimal,3.091070000300533e-05,0.1266795000010461,0.1267104107010491,0.1854023999985656,2177.056471960629,1.4631978459606598,2177.0564718384494,-5.61215112333481e-09
Ablated PINN,1,357,True,optimal,3.091070000300533e-05,0.17071020000003045,0.17074111070003345,0.1829232999989472,2202.5500756591496,1.0713488933565392,2202.5500755987264,-2.7433287748930574e-09
Ablated PINN,1,358,True,optimal,3.091070000300533e-05,0.13005940000221017,0.13009031070221316,0.1786783999996259,2195.4449655584485,1.373495066889606,2195.4449637461094,-8.254997081311459e-08
Ablated PINN,1,359,True,optimal,3.091070000300533e-05,0.17333460000008927,0.17336551070009226,0.1633247999998275,2143.921737046292,0.9420835744104007,2143.9217368052787,-1.1241705483977592e-08
Ablated PINN,1,360,True,optimal,3.091070000300533e-05,0.1335362999998324,0.1335672106998354,0.1304525000014109,2194.863228487653,0.9766805739065393,2194.863228452643,-1.5950920583862726e-09
Ablated PINN,1,361,True,optimal,3.091070000300533e-05,0.13189609999972163,0.13192701069972462,0.1422778999985894,2225.630974859284,1.078459211983694,2225.630975009599,6.75381137053149e-09
Ablated PINN,1,362,True,optimal,3.091070000300533e-05,0.13718640000297455,0.13721731070297755,0.1539554000009957,2196.8047850498147,1.121982344736734,2196.8047815398454,-1.597761107720359e-07
Ablated PINN,1,363,True,optimal,3.091070000300533e-05,0.14269849999982398,0.14272941069982698,0.1502572999997937,2147.5048863780557,1.0527423833886527,2147.5048864626965,3.941353554785085e-09
Ablated PINN,1,364,True,optimal,3.091070000300533e-05,0.13734910000130185,0.13738001070130484,0.1727430999999342,2205.4671880296964,1.257410733323618,2205.467187952598,-3.4957818023817225e-09
Ablated PINN,1,365,True,optimal,3.091070000300533e-05,0.12670959999741171,0.1267405106974147,0.1417947999980242,2246.439198885705,1.1187804058684179,2246.43920036274,6.575004824621182e-08
Ablated PINN,1,366,True,optimal,3.091070000300533e-05,0.12157650000153808,0.12160741070154109,0.1278607999993255,2161.93904328185,1.0514227649590533,2161.9390499761307,3.0964243644021436e-07
Ablated PINN,1,367,True,optimal,3.091070000300533e-05,0.11586249999891152,0.11589341069891453,0.1172116999987338,2236.582282354143,1.0113750151269958,2236.5822823444287,-4.3433738102457484e-10
Ablated PINN,1,368,True,optimal,3.091070000300533e-05,0.11182369999733055,0.11185461069733356,0.1598924999998416,2181.218795697856,1.4294672253832552,2181.218795141749,-2.549523681517378e-08
Ablated PINN,1,369,True,optimal,3.091070000300533e-05,0.11331799999970826,0.11334891069971127,0.1559689999994589,2234.464631649203,1.376007930174632,2234.4646316337144,-6.931725189027112e-10
Ablated PINN,1,370,True,optimal,3.091070000300533e-05,0.10663199999908102,0.10666291069908403,0.1223349999963829,2191.33690772516,1.1469310109257451,2191.3369075404453,-8.42931706667726e-09
Ablated PINN,1,371,True,optimal,3.091070000300533e-05,0.10985970000183443,0.10989061070183744,0.1226728000001458,2208.4067469090646,1.1163173925112662,2208.406746913009,1.7861195756216423e-10
Ablated PINN,1,372,True,optimal,3.091070000300533e-05,0.10873630000060075,0.10876721070060376,0.1449767999984033,2179.438998301441,1.3329090547101667,2179.438996279703,-9.276414970856672e-08
Ablated PINN,1,373,True,optimal,3.091070000300533e-05,0.11442729999907897,0.11445821069908198,0.125074499999755,2296.6511708700623,1.0927525359328212,2296.651170771889,-4.274620939014105e-09
Ablated PINN,1,374,True,optimal,3.091070000300533e-05,0.16592669999954524,0.16595761069954823,0.132039000000077,2098.7791718246262,0.79561882967285,2098.7791717197333,-4.997807051752962e-09
Ablated PINN,1,375,True,optimal,3.091070000300533e-05,0.17768689999866183,0.17771781069866482,0.1689020000012533,2137.17485298067,0.950394332100121,2137.1748529761367,-2.1212004879547231e-10
Ablated PINN,1,376,True,optimal,3.091070000300533e-05,0.14779560000170022,0.14782651070170322,0.1527489000000059,2224.7053493523745,1.0332984203911537,2224.7053493352714,-7.687781157994122e-10
Ablated PINN,1,377,True,optimal,3.091070000300533e-05,0.12855320000016945,0.12858411070017245,0.1738801000028615,2114.418486646166,1.3522673917954646,2114.418486456991,-8.94689954536073e-09
Ablated PINN,1,378,True,optimal,3.091070000300533e-05,0.1504625000015949,0.15049341070159789,0.2094768000024487,2117.5697502775542,1.3919333678854855,2117.5697505276,1.180813804769612e-08
Ablated PINN,1,379,True,optimal,3.091070000300533e-05,0.1700660999995307,0.1700970106995337,0.1831095999987155,2194.5511020909207,1.0765009875580223,2194.5511019814044,-4.990375920719798e-09
Ablated PINN,1,380,True,optimal,3.091070000300533e-05,0.11845270000048913,0.11848361070049214,0.1691259999970498,2230.5320363874084,1.427421050026688,2230.5320363666556,-9.303991050792615e-10
Ablated PINN,1,381,True,optimal,3.091070000300533e-05,0.16710740000053192,0.16713831070053492,0.2007329999978537,2090.7168882174,1.2009993349610375,2090.716888220416,1.44251211059497e-10
Ablated PINN,1,382,True,optimal,3.091070000300533e-05,0.20065160000012838,0.20068251070013138,0.1909339000012551,2215.6356898679733,0.9514227190756892,2215.6356902727807,1.8270487942157378e-08
Ablated PINN,1,383,True,optimal,3.091070000300533e-05,0.1804152000004251,0.1804461107004281,0.1491624999980558,2224.1887217386115,0.826631837167671,2224.188721862152,5.5543984246109535e-09
Ablated PINN,1,384,True,optimal,3.091070000300533e-05,0.14788670000052662,0.1479176107005296,0.1969654000022274,2162.2599642954547,1.3315885719719929,2162.259964334635,1.8119986913989007e-09
Ablated PINN,1,385,True,optimal,3.091070000300533e-05,0.16546229999948991,0.1654932106994929,0.1817249000014271,2197.3120325813948,1.0980806960800835,2197.3120324488086,-6.0340149991667655e-09
Ablated PINN,1,386,True,optimal,3.091070000300533e-05,0.13591730000189273,0.13594821070189572,0.1660755999982939,2276.9669437276,1.2216093109343003,2276.9669438030546,3.313812225120044e-09
Ablated PINN,1,387,True,optimal,3.091070000300533e-05,0.12609660000089207,0.12612751070089506,0.2082173999988299,2140.71019038978,1.6508484060436808,2140.7101903704947,-9.008870276005262e-10
Ablated PINN,1,388,True,optimal,3.091070000300533e-05,0.09764910000012605,0.09768001070012906,0.1282137000016519,2142.9942876946343,1.3125889225714682,2142.9942868747835,-3.825725602479324e-08
Ablated PINN,1,389,True,optimal,3.091070000300533e-05,0.16175049999947078,0.16178141069947377,0.0971374000000651,2156.97839410696,0.6004237420114242,2156.9783934155253,-3.205570851855807e-08
Ablated PINN,1,390,True,optimal,3.091070000300533e-05,0.12472270000216668,0.12475361070216968,0.1546777999974438,2121.662768269533,1.2398663183121295,2121.662768379212,5.169490220526891e-09
Ablated PINN,1,391,True,optimal,3.091070000300533e-05,0.08889300000009825,0.08892391070010126,0.1664391999984218,2179.108154986151,1.8717035574351124,2179.1081546506775,-1.5394990213966184e-08
Ablated PINN,1,392,True,optimal,3.091070000300533e-05,0.1013327999971807,0.10136371069718371,0.1512585999989824,2178.747628554961,1.4922362150972928,2178.747628107526,-2.0536339666883212e-08
Ablated PINN,1,393,True,optimal,3.091070000300533e-05,0.10385139999925741,0.10388231069926042,0.1759530999988783,2210.081430874533,1.6937734520390388,2210.081430986793,5.079443633446253e-09
Ablated PINN,1,394,True,optimal,3.091070000300533e-05,0.11369800000102259,0.1137289107010256,0.2010760000011942,2209.614837155141,1.7680288922294312,2209.614837132119,-1.0418822435256332e-09
Ablated PINN,1,395,True,optimal,3.091070000300533e-05,0.11287149999770918,0.11290241069771219,0.1911084999992454,2250.0994968703653,1.6926875061235336,2250.0994968759724,2.491905288734501e-10
Ablated PINN,1,396,True,optimal,3.091070000300533e-05,0.09908590000122786,0.09911681070123086,0.1411408000021765,2174.589089535385,1.4239844785524738,2174.5890893633327,-7.911945148340697e-09
Ablated PINN,1,397,True,optimal,3.091070000300533e-05,0.10881460000018706,0.10884551070019007,0.1573333999986061,2206.5415063809373,1.4454744066751057,2206.5415063620494,-8.559970961093934e-10
Ablated PINN,1,398,True,optimal,3.091070000300533e-05,0.09534010000061244,0.09537101070061545,0.1464271000004373,2177.2681869428293,1.5353418080059456,2177.268186780239,-7.467631631739618e-09
Ablated PINN,1,399,True,optimal,3.091070000300533e-05,0.10807480000221403,0.10810571070221704,0.1915522000017517,2278.0058111328985,1.77189714361522,2278.005811133901,4.39973926517475e-11
Ablated PINN,1,400,True,optimal,3.091070000300533e-05,0.1089745999997831,0.1090055106997861,0.2054897000016353,2186.1111524012417,1.8851312991650295,2186.111152322677,-3.593819131152347e-09
Ablated PINN,1,401,True,optimal,3.091070000300533e-05,0.09305640000093263,0.09308731070093564,0.1837744000004022,2189.316129951744,1.9742153749700608,2189.316129608823,-1.566339984587945e-08
Ablated PINN,1,402,True,optimal,3.091070000300533e-05,0.09030999999959022,0.09034091069959323,0.1856459000009636,2253.001817826864,2.054948290462601,2253.001817750716,-3.379862048850417e-09
Ablated PINN,1,403,True,optimal,3.091070000300533e-05,0.08433570000124746,0.08436661070125047,0.1958493999991333,2139.5946957270985,2.321408888791955,2139.594694809074,-4.290646259625043e-08
Ablated PINN,1,404,True,optimal,3.091070000300533e-05,0.0974796000009519,0.09751051070095491,0.1675045999982103,2229.818283830382,1.7178107138820464,2229.8182837629547,-3.023888053761633e-09
Ablated PINN,1,405,True,optimal,3.091070000300533e-05,0.10830779999741935,0.10833871069742236,0.1756791000007069,2164.096343412927,1.6215727404340132,2164.0963415148103,-8.770944106160702e-08
Ablated PINN,1,406,True,optimal,3.091070000300533e-05,0.09487199999784934,0.09490291069785235,0.1916470000032859,2259.564290805501,2.0194006547748895,2259.5642907068,-4.368147165457196e-09
Ablated PINN,1,407,True,optimal,3.091070000300533e-05,0.09510109999973793,0.09513201069974093,0.180398000000423,2173.329620252804,1.8962912554198148,2173.3296202068072,-2.1164201057598282e-09
Ablated PINN,1,408,True,optimal,3.091070000300533e-05,0.09419950000301469,0.0942304107030177,0.1754146999992372,2198.982306947815,1.8615508378933512,2198.9823059381474,-4.591521061951233e-08
Ablated PINN,1,409,True,optimal,3.091070000300533e-05,0.10067229999913252,0.10070321069913553,0.1634501999978965,2101.757465941314,1.6230882696106492,2101.757469061782,1.4846946838050304e-07
Ablated PINN,1,410,True,optimal,3.091070000300533e-05,0.09831309999935911,0.09834401069936212,0.1857828000029258,2222.3545773784226,1.8891114840827905,2222.3545768598588,-2.3333984185254705e-08
Ablated PINN,1,411,True,optimal,3.091070000300533e-05,0.10251319999952102,0.10254411069952403,0.2085518999992928,2207.183435496908,2.0337774502759505,2207.1834354727425,-1.0948466646437262e-09
Ablated PINN,1,412,True,optimal,3.091070000300533e-05,0.10628749999887077,0.10631841069887378,0.120748099998309,2160.7392493565994,1.135721454116771,2160.7392493861776,1.3688894646827806e-09
Ablated PINN,1,413,True,optimal,3.091070000300533e-05,0.11784719999923254,0.11787811069923555,0.12858750000305,2137.8859251232807,1.0908513823328854,2137.8859250809887,-1.9782139862000958e-09
Ablated PINN,1,414,True,optimal,3.091070000300533e-05,0.10659380000288365,0.10662471070288666,0.1461687000009988,2164.422742503913,1.3708707769280875,2164.4227424079445,-4.433908164262104e-09
Ablated PINN,1,415,True,optimal,3.091070000300533e-05,0.09732789999907254,0.09735881069907555,0.1160552000001189,2183.6447305417146,1.192035925324023,2183.644729968906,-2.6231758095290335e-08
Ablated PINN,1,416,True,optimal,3.091070000300533e-05,0.09819479999714531,0.09822571069714832,0.1706560999991779,2165.022676697812,1.7373872765894112,2165.0226754096866,-5.949709189827148e-08
Ablated PINN,1,417,True,optimal,3.091070000300533e-05,0.10156260000076145,0.10159351070076446,0.160851000000548,2210.084839800277,1.5832802596449465,2210.084837451394,-1.0628023219376608e-07
Ablated PINN,1,418,True,optimal,3.091070000300533e-05,0.13912969999728375,0.13916061069728675,0.1954523000022163,2183.472931097952,1.404508783217255,2183.4729310289395,-3.160673850709343e-09
Ablated PINN,1,419,True,optimal,3.091070000300533e-05,0.10042299999986426,0.10045391069986727,0.1770538999990094,2298.137789102097,1.7625386484753682,2298.137789091188,-4.74685819629536e-10
Ablated PINN,1,420,True,optimal,3.091070000300533e-05,0.1126910000020871,0.1127219107020901,0.1652902000023459,2167.561559471917,1.466353781379622,2167.5615578722095,-7.38021716372399e-08
Ablated PINN,1,421,True,optimal,3.091070000300533e-05,0.10547840000072028,0.1055093107007233,0.1562787999973807,2192.4891056494184,1.4811849206433056,2192.489103787481,-8.492345788881213e-08
Ablated PINN,1,422,True,optimal,3.091070000300533e-05,0.08279559999937192,0.08282651069937493,0.1788482999982079,2110.181463539362,2.1593122599037318,2110.181463673535,6.3583513290205516e-09
Ablated PINN,1,423,True,optimal,3.091070000300533e-05,0.09265830000003916,0.09268921070004217,0.1785305999983393,2184.4806474491047,1.9261206201884087,2184.4806473655544,-3.8247203576092e-09
Ablated PINN,1,424,True,optimal,3.091070000300533e-05,0.10338570000021718,0.1034166107002202,0.1587675000009767,2147.8010678037863,1.5352224263199399,2147.8010674354045,-1.7151576071372016e-08
Ablated PINN,1,425,True,optimal,3.091070000300533e-05,0.1361466999987897,0.1361776106987927,0.1850125999990268,2206.613199891192,1.3586124697711932,2206.613199870922,-9.185981675181115e-10
Ablated PINN,1,426,True,optimal,3.091070000300533e-05,0.14125020000210498,0.14128111070210797,0.1704420999994909,2138.9719123375457,1.2064040206965037,2138.9719120698333,-1.251594246781861e-08
Ablated PINN,1,427,True,optimal,3.091070000300533e-05,0.09796719999940251,0.09799811069940552,0.1837349999987054,2209.529803481716,1.8748830838411255,2209.5297970567917,-2.9078242403526497e-07
Ablated PINN,1,428,True,optimal,3.091070000300533e-05,0.11204369999904884,0.11207461069905185,0.1591241000023728,2192.2824505501385,1.41980506565988,2192.2824503076226,-1.1062253984298046e-08
Ablated PINN,1,429,True,optimal,3.091070000300533e-05,0.2345696999982465,0.2346006106982495,0.1789229999994859,2234.0549479820165,0.762670648925216,2234.0549481005814,5.307161878971364e-09
Ablated PINN,1,430,True,optimal,3.091070000300533e-05,0.0982782999999472,0.0983092106999502,0.1666087000012339,2182.7978551841825,1.6947415080947068,2182.7978551403535,-2.0079277758906376e-09
Ablated PINN,1,431,True,optimal,3.091070000300533e-05,0.11805299999832641,0.11808391069832942,0.1814020999991044,2192.955539329313,1.5362135190672572,2192.9555392517827,-3.5354264694165116e-09
Ablated PINN,1,432,True,optimal,3.091070000300533e-05,0.1041006000014022,0.10413151070140521,0.1483079999998153,2110.1541273223324,1.4242374762533236,2110.1541317833767,2.114084544628015e-07
Ablated PINN,1,433,True,optimal,3.091070000300533e-05,0.10973169999851962,0.10976261069852263,0.1869723999989219,2154.821625953693,1.7034252265779835,2154.8216249811426,-4.513368589215636e-08
Ablated PINN,1,434,True,optimal,3.091070000300533e-05,0.10035710000011022,0.10038801070011323,0.1717438999985461,2248.9722686070386,1.7108009093993573,2248.9722686367127,1.319450846458181e-09
Ablated PINN,1,435,True,optimal,3.091070000300533e-05,0.135826999998244,0.135857910698247,0.1613763000023027,2135.562419517048,1.1878314569457382,2135.5624194681313,-2.290577757898945e-09
Ablated PINN,1,436,True,optimal,3.091070000300533e-05,0.11153939999712748,0.11157031069713048,0.1735336999990977,2120.722574417725,1.5553752509498109,2120.722574421067,1.575848874331053e-10
Ablated PINN,1,437,True,optimal,3.091070000300533e-05,0.09829679999893415,0.09832771069893716,0.1575269999993906,2181.472956994183,1.602061096303886,2181.4729569289984,-2.9880908934385367e-09
Ablated PINN,1,438,True,optimal,3.091070000300533e-05,0.11070359999939683,0.11073451069939984,0.1948885999991034,2244.8638781162217,1.75996262383051,2244.863879835067,7.656791190935638e-08
Ablated PINN,1,439,True,optimal,3.091070000300533e-05,0.12720869999975548,0.12723961069975848,0.1831988000012643,2171.9382680719627,1.4397937795766302,2171.9382658205764,-1.0365793586215345e-07
Ablated PINN,1,440,True,optimal,3.091070000300533e-05,0.12384550000206218,0.12387641070206519,0.1786931000024196,2154.6680283886826,1.44251112047631,2154.668028400505,5.486934169245313e-10
Ablated PINN,1,441,True,optimal,3.091070000300533e-05,0.11120149999987916,0.11123241069988217,0.1710525000016787,2195.5273350951056,1.5377936963282943,2195.527334731281,-1.6571176545479606e-08
Ablated PINN,1,442,True,optimal,3.091070000300533e-05,0.108362599999964,0.10839351069996701,0.1860339999984717,2259.8735075259665,1.7162835560646557,2259.873507561013,1.5508155089833196e-09
Ablated PINN,1,443,True,optimal,3.091070000300533e-05,0.08858400000099209,0.0886149107009951,0.1997216000017942,2174.3117033236044,2.253814831182259,2174.311703589728,1.223944139656604e-08
Ablated PINN,1,444,True,optimal,3.091070000300533e-05,0.09935330000007525,0.09938421070007826,0.1627028999973845,2210.518851685285,1.6371101490999351,2210.5188519291637,1.1032646491918616e-08
Ablated PINN,1,445,True,optimal,3.091070000300533e-05,0.11073080000278424,0.11076171070278724,0.2036231000020052,2123.64674799817,1.838388904523133,2123.646746761442,-5.823605871138923e-08
Ablated PINN,1,446,True,optimal,3.091070000300533e-05,0.11329710000063642,0.11332801070063943,0.1699284000023908,2230.36479564666,1.4994386555611887,2230.364795616004,-1.3744784362246448e-09
Ablated PINN,1,447,True,optimal,3.091070000300533e-05,0.0989025999988371,0.09893351069884011,0.1734460000006947,2210.1544048525216,1.7531572343437336,2210.1544048278174,-1.1177567405547673e-09
Ablated PINN,1,448,True,optimal,3.091070000300533e-05,0.09918210000250838,0.09921301070251139,0.179119600001286,2260.76425873745,1.8054043389366867,2260.7642587295873,-3.477842356379924e-10
Ablated PINN,1,449,True,optimal,3.091070000300533e-05,0.1063493000001472,0.1063802107001502,0.1732862999997451,2183.5003051598856,1.628933603902896,2183.5003049866386,-7.934366523659994e-09
Ablated PINN,1,450,True,optimal,3.091070000300533e-05,0.10024329999941983,0.10027421069942284,0.1824215000015101,2179.3664867408806,1.819226486342815,2179.366486666868,-3.3960722205818353e-09
Ablated PINN,1,451,True,optimal,3.091070000300533e-05,0.10152849999940372,0.10155941069940673,0.2047748000004503,2128.8352728291547,2.0163055160544223,2128.835272540796,-1.3545384974418151e-08
Ablated PINN,1,452,True,optimal,3.091070000300533e-05,0.10860490000050049,0.1086358107005035,0.1769419999982346,2218.975889484013,1.6287631017551243,2218.9758894626725,-9.61722197322403e-10
Ablated PINN,1,453,True,optimal,3.091070000300533e-05,0.09889820000171312,0.09892911070171613,0.1835611999995308,2136.67793062613,1.855482159876997,2136.6779306290855,1.3831766552411959e-10
Ablated PINN,1,454,True,optimal,3.091070000300533e-05,0.12505079999755253,0.12508171069755553,0.1794731000009051,2180.715322383944,1.434846861303861,2180.71532151912,-3.9657810954216115e-08
Ablated PINN,1,455,True,optimal,3.091070000300533e-05,0.10260280000147759,0.1026337107014806,0.1848115000029793,2119.248972775559,1.8006900339063079,2119.248972638201,-6.481459143743894e-09
Ablated PINN,1,456,True,optimal,3.091070000300533e-05,0.09565269999802695,0.09568361069802996,0.1498170999984722,2155.155951815585,1.5657550849673028,2155.155951245385,-2.645748081901981e-08
Ablated PINN,1,457,True,optimal,3.091070000300533e-05,0.1096988000026613,0.10972971070266431,0.1687678999987838,2185.720389807243,1.5380328528897325,2185.7203893123738,-2.264101379186329e-08
Ablated PINN,1,458,True,optimal,3.091070000300533e-05,0.1291849999979604,0.1292159106979634,0.1445120999997016,2159.08903107746,1.1183769801962886,2159.0890307245,-1.634763004281278e-08
Ablated PINN,1,459,True,optimal,3.091070000300533e-05,0.11140220000015688,0.11143311070015989,0.1666079999995418,2223.278272148316,1.49513909243586,2223.278272122551,-1.1588776685893183e-09
Ablated PINN,1,460,True,optimal,3.091070000300533e-05,0.08475000000180444,0.08478091070180745,0.1377937000033853,2126.525063848751,1.6252915764025602,2126.5250644273046,2.7206530091878864e-08
Ablated PINN,1,461,True,optimal,3.091070000300533e-05,0.09044399999766028,0.0904749106976633,0.203197499999078,2271.2281018472117,2.245898873314124,2271.2281019260254,3.4700886080128133e-09
Ablated PINN,1,462,True,optimal,3.091070000300533e-05,0.11822770000071614,0.11825861070071915,0.1574200000031851,2242.721123420562,1.3311504259218208,2242.72112342223,7.437452947816907e-11
Ablated PINN,1,463,True,optimal,3.091070000300533e-05,0.09805539999797475,0.09808631069797775,0.1579239000020607,2201.387739689864,1.6100503615466966,2201.3877395142244,-7.978573692537141e-09
Ablated PINN,1,464,True,optimal,3.091070000300533e-05,0.10377840000001015,0.10380931070001316,0.1535595000023022,2194.835931961373,1.4792459266592812,2194.835931275733,-3.1238775133326106e-08
Ablated PINN,1,465,True,optimal,3.091070000300533e-05,0.13638749999881838,0.13641841069882138,0.1743497999996179,2159.174762268526,1.2780518341071996,2159.1747621969425,-3.3153221658275087e-09
Ablated PINN,1,466,True,optimal,3.091070000300533e-05,0.09995809999963967,0.09998901069964268,0.1858401000026788,2254.2657547172157,1.858605247739919,2254.2657548675825,6.6703208674250055e-09
Ablated PINN,1,467,True,optimal,3.091070000300533e-05,0.10007790000236128,0.10010881070236428,0.1781869000005826,2181.9666272810764,1.7799322432303586,2181.966625411777,-8.567039678080646e-08
Ablated PINN,1,468,True,optimal,3.091070000300533e-05,0.1034046999993734,0.10343561069937642,0.1500932000017201,2087.1013563087363,1.4510785887652229,2087.1013563791853,3.3754472267976863e-09
Ablated PINN,1,469,True,optimal,3.091070000300533e-05,0.10136190000048373,0.10139281070048674,0.1666350000014063,2235.40349788644,1.6434597172145102,2235.40349747154,-1.856041267973872e-08
Ablated PINN,1,470,True,optimal,3.091070000300533e-05,0.09603659999993397,0.09606751069993698,0.1990038000003551,2094.414903593367,2.071499496036027,2094.414902324291,-6.059335057573067e-08
Ablated PINN,1,471,True,optimal,3.091070000300533e-05,0.09493579999980284,0.09496671069980585,0.1612644999986514,2155.171056657264,1.6981160957381782,2155.1710563630486,-1.3651613564461938e-08
Ablated PINN,1,472,True,optimal,3.091070000300533e-05,0.11609649999809335,0.11612741069809636,0.1613777999991725,2164.4343397912007,1.389661571105864,2164.4343397822363,-4.1416985321391874e-10
Ablated PINN,1,473,True,optimal,3.091070000300533e-05,0.09177060000001802,0.09180151070002103,0.1380901999982597,2052.637038393842,1.504225790461072,2052.6370386370736,1.1849714319374747e-08
Ablated PINN,1,474,True,optimal,3.091070000300533e-05,0.09848770000098739,0.0985186107009904,0.1862413000017113,2274.4780000374203,1.890417441705144,2274.4780000328465,-2.0109444255520633e-10
Ablated PINN,1,475,True,optimal,3.091070000300533e-05,0.12721420000161743,0.12724511070162042,0.1686779000010574,2200.6172045858484,1.3256139986124382,2200.617204588488,1.1995763581211892e-10
Ablated PINN,1,476,True,optimal,3.091070000300533e-05,0.09696420000182115,0.09699511070182416,0.1603213999987929,2032.290280439808,1.6528812518359008,2032.2902804474927,3.7813375168862664e-10
Ablated PINN,1,477,True,optimal,3.091070000300533e-05,0.09715049999795156,0.09718141069795456,0.1251594999994267,2195.0179589594245,1.287895484337325,2195.0179587666385,-8.782891542880638e-09
Ablated PINN,1,478,True,optimal,3.091070000300533e-05,0.09846509999988484,0.09849601069988785,0.1461575000030279,2204.822692399768,1.483892585745042,2204.8226912972927,-5.000290427532349e-08
Ablated PINN,1,479,True,optimal,3.091070000300533e-05,0.09892740000213962,0.09895831070214263,0.116620699998748,2126.587299298268,1.1784831326574265,2126.5873057347103,3.0266531570901935e-07
Ablated PINN,1,480,True,optimal,3.091070000300533e-05,0.1019034000019019,0.10193431070190491,0.1334341000001586,2135.643612864021,1.309020476828172,2135.6436118901083,-4.560277948020451e-08
Ablated PINN,1,481,True,optimal,3.091070000300533e-05,0.1234796999997343,0.1235106106997373,0.1941578999976627,2168.009808483197,1.5719936845723625,2168.009807417161,-4.9171180691899765e-08
Ablated PINN,1,482,True,optimal,3.091070000300533e-05,0.10277270000005956,0.10280361070006257,0.1747250000007625,2208.999043862063,1.6995998371159948,2208.9990438107675,-2.322115137284605e-09
Ablated PINN,1,483,True,optimal,3.091070000300533e-05,0.12155560000246624,0.12158651070246924,0.1954340000011143,2181.208935460057,1.6073658078679063,2181.208935457488,-1.1777266007833468e-10
Ablated PINN,1,484,True,optimal,3.091070000300533e-05,0.09675240000069607,0.09678331070069908,0.1567410999996354,2053.6605644636165,1.6195054587908744,2053.6605648177283,1.7242954763937728e-08
Ablated PINN,1,485,True,optimal,3.091070000300533e-05,0.1195834999998624,0.1196144106998654,0.1837539999978616,2286.816645147236,1.5362195819275843,2286.8166451959337,2.129489903255598e-09
Ablated PINN,1,486,True,optimal,3.091070000300533e-05,0.09594980000110809,0.0959807107011111,0.1678267999996023,2263.3134892876537,1.7485471692559522,2263.3134892726307,-6.637628218534375e-10
Ablated PINN,1,487,True,optimal,3.091070000300533e-05,0.08950320000076317,0.08953411070076618,0.1940441000006103,2212.354477516583,2.167264503794862,2212.354477443066,-3.323008642068263e-09
Ablated PINN,1,488,True,optimal,3.091070000300533e-05,0.09268599999995786,0.09271691069996087,0.1924752999984775,2219.5784225975053,2.0759460010627677,2219.5784225599177,-1.693456588521164e-09
Ablated PINN,1,489,True,optimal,3.091070000300533e-05,0.10807829999976093,0.10810921069976394,0.1863731999983429,2161.023028549685,1.7239345176233893,2161.023027667367,-4.0828722273329795e-08
Ablated PINN,1,490,True,optimal,3.091070000300533e-05,0.10649170000033337,0.10652261070033638,0.1771953999996185,2185.9925656277424,1.6634534098877372,2185.992564346045,-5.863227730846027e-08
Ablated PINN,1,491,True,optimal,3.091070000300533e-05,0.1177425999994739,0.1177735106994769,0.1428784000017913,2110.86357186984,1.2131624433475083,2110.863571860653,-4.352370684866667e-10
Ablated PINN,1,492,True,optimal,3.091070000300533e-05,0.10737200000221492,0.10740291070221793,0.166033100002096,2143.599423388134,1.5458901338571203,2143.5994233654274,-1.0592671595597622e-09
Ablated PINN,1,493,True,optimal,3.091070000300533e-05,0.12669420000020182,0.1267251107002048,0.159541299999546,2247.7707763521057,1.2589556964521014,2247.7707764606575,4.829310523005118e-09
Ablated PINN,1,494,True,optimal,3.091070000300533e-05,0.10372350000034203,0.10375441070034504,0.1706368999984988,2206.9709592114127,1.6446230945431155,2206.970959146154,-2.9569269281313963e-09
Ablated PINN,1,495,True,optimal,3.091070000300533e-05,0.11657779999950435,0.11660871069950736,0.1827196000012918,2125.185473270581,1.5669464048200281,2125.1854702162127,-1.437224361618631e-07
Ablated PINN,1,496,True,optimal,3.091070000300533e-05,0.10623660000055679,0.1062675107005598,0.1718775000008463,2102.3821887523045,1.6174040293948553,2102.3821888287816,3.637641916131234e-09
Ablated PINN,1,497,True,optimal,3.091070000300533e-05,0.14630929999839282,0.1463402106983958,0.1302648999990197,2116.7842522919,0.890151103222702,2116.7842604980633,3.876712197013036e-07
Ablated PINN,1,498,True,optimal,3.091070000300533e-05,0.10528070000145817,0.10531161070146118,0.208923500002129,2225.6785431953995,1.9838600759263691,2225.6785431685075,-1.2082580130108669e-09
Ablated PINN,1,499,True,optimal,3.091070000300533e-05,0.10133099999802653,0.10136191069802954,0.1905633999995188,2144.5475783365337,1.880029674728925,2144.5475781900573,-6.830177000358379e-09
Ablated PINN,1,500,True,optimal,3.091070000300533e-05,0.11935090000042692,0.11938181070042993,0.15810490000149,2215.532885820832,1.3243633940033765,2215.5328857497643,-3.207691553757099e-09
Ablated PINN,1,501,True,optimal,3.091070000300533e-05,0.11011230000076466,0.11014321070076767,0.1664386000011291,2228.371373234856,1.5111108432575322,2228.3713730890345,-6.543862527740315e-09
Ablated PINN,1,502,True,optimal,3.091070000300533e-05,0.08693330000096466,0.08696421070096767,0.128640599999926,2234.7304045953138,1.4792361014149304,2234.7304045504347,-2.0082519111343215e-09
Ablated PINN,1,503,True,optimal,3.091070000300533e-05,0.09158039999965695,0.09161131069965996,0.1857732999997097,2160.985498572136,2.0278423982902285,2160.985497479736,-5.055101011722778e-08
Ablated PINN,1,504,True,optimal,3.091070000300533e-05,0.0950118000000657,0.09504271070006871,0.1972738000004028,2150.609055033745,2.0756331395360776,2150.6090546946352,-1.5768074919791697e-08
Ablated PINN,1,505,True,optimal,3.091070000300533e-05,0.10955790000298293,0.10958881070298594,0.2053951999987475,2239.70532090254,1.8742351402591793,2239.7053208269535,-3.374831723152103e-09
Ablated PINN,1,506,True,optimal,3.091070000300533e-05,0.08564540000224952,0.08567631070225253,0.1785152000011294,2205.5060222723287,2.0836004554574736,2205.5060222374955,-1.5793741653293558e-09
Ablated PINN,1,507,True,optimal,3.091070000300533e-05,0.09856310000031954,0.09859401070032255,0.1844048000020848,2062.1130495714992,1.8703448484572252,2062.113048794214,-3.7693621846606435e-08
Ablated PINN,1,508,True,optimal,3.091070000300533e-05,0.1120279999995546,0.1120589106995576,0.225116200002958,2095.2932231735585,2.008909408431781,2095.293223228006,2.5985553939090472e-09
Ablated PINN,1,509,True,optimal,3.091070000300533e-05,0.09879910000017844,0.09883001070018145,0.1696919000023626,2109.9558600376304,1.717007807650182,2109.9558602454144,9.847792221494113e-09
Ablated PINN,1,510,True,optimal,3.091070000300533e-05,0.09858729999905336,0.09861821069905637,0.2062023999969824,2188.181474928856,2.090916054299852,2188.181474376875,-2.5225557433420987e-08
Ablated PINN,1,511,True,optimal,3.091070000300533e-05,0.1357324000018707,0.1357633107018737,0.1841409000007843,2168.283338603913,1.3563377251836783,2168.28333859113,-5.895423262187234e-10
Ablated PINN,1,512,True,optimal,3.091070000300533e-05,0.11997879999762517,0.12000971069762818,0.1948730999974941,2185.775845588756,1.6238110971577027,2185.775845595885,3.261576082577134e-10
Ablated PINN,1,513,True,optimal,3.091070000300533e-05,0.10037070000180393,0.10040161070180693,0.2116956999998365,2239.0913794904154,2.1084890821978277,2239.09137965377,7.295584254804451e-09
Ablated PINN,1,514,True,optimal,3.091070000300533e-05,0.12202009999964503,0.12205101069964804,0.1635018999986641,2238.4883450230823,1.3396193858731855,2238.488344945588,-3.461907931375226e-09
Ablated PINN,1,515,True,optimal,3.091070000300533e-05,0.10663589999967371,0.10666681069967672,0.1587159000009705,2227.148149431635,1.4879595533032237,2227.148149430405,-5.52316910063573e-11
Ablated PINN,1,516,True,optimal,3.091070000300533e-05,0.11584059999950114,0.11587151069950415,0.1804768000001786,2107.0622828312303,1.5575597393238347,2107.062282705023,-5.989732603631912e-09
Ablated PINN,1,517,True,optimal,3.091070000300533e-05,0.12118740000005346,0.12121831070005647,0.1521785999975691,2170.7776773875285,1.255409344666756,2170.7776768162876,-2.6315034248243432e-08
Ablated PINN,1,518,True,optimal,3.091070000300533e-05,0.12198690000150236,0.12201781070150537,0.1835428999984287,2168.713871826128,1.504230398359084,2168.7138718276606,7.066393554244987e-11
Ablated PINN,1,519,True,optimal,3.091070000300533e-05,0.11567610000201967,0.11570701070202268,0.161152900000161,2154.9939499950024,1.3927669466388166,2154.993949756895,-1.104910442621467e-08
Ablated PINN,1,520,True,optimal,3.091070000300533e-05,0.095526000000973,0.09555691070097601,0.1398150999993959,2219.0477741393584,1.463160528880177,2219.0477743432098,9.186436468243281e-09
Ablated PINN,1,521,True,optimal,3.091070000300533e-05,0.1062785999965854,0.10630951069658841,0.1394892999996955,2183.678255515077,1.3121055593775004,2183.678255466548,-2.2223637077479577e-09
Ablated PINN,1,522,True,optimal,3.091070000300533e-05,0.08997799999997369,0.0900089106999767,0.1971363000011479,2216.718268789507,2.190186487849574,2216.7182685496523,-1.0820259597835156e-08
Ablated PINN,1,523,True,optimal,3.091070000300533e-05,0.10254480000003241,0.10257571070003542,0.1848064000005251,2219.422771846843,1.8016584895127739,2219.4227718466627,-8.113819198186847e-12
Ablated PINN,1,524,True,optimal,3.091070000300533e-05,0.0904463000006217,0.09047721070062471,0.1557698000033269,2152.909609072655,1.7216467969900775,2152.909615591052,3.027715217630924e-07
Ablated PINN,1,525,True,optimal,3.091070000300533e-05,0.11237139999866486,0.11240231069866786,0.2068163000003551,2229.4545173467577,1.839964843381162,2229.45451728722,-2.670509600064208e-09
Ablated PINN,1,526,True,optimal,3.091070000300533e-05,0.11439350000000559,0.1144244107000086,0.1982573999994201,2115.290480401064,1.732649517585894,2115.290480134344,-1.2609154047758098e-08
Ablated PINN,1,527,True,optimal,3.091070000300533e-05,0.11272099999769125,0.11275191069769426,0.1780744999996386,2268.181556168367,1.5793479586974322,2268.1815562732277,4.623115204472496e-09
Ablated PINN,1,528,True,optimal,3.091070000300533e-05,0.10217369999736547,0.10220461069736848,0.1950312000008125,2211.8826734236586,1.908242677801561,2211.8826733970127,-1.20467153820363e-09
Ablated PINN,1,529,True,optimal,3.091070000300533e-05,0.10707539999930304,0.10710631069930605,0.173392500000773,2192.773069247439,1.6188822009522956,2192.7730690252242,-1.0133951837692411e-08
Ablated PINN,1,530,True,optimal,3.091070000300533e-05,0.08875020000050426,0.08878111070050727,0.1609853999980259,2267.5659160432533,1.8132843656472308,2267.56591651051,2.060608415873438e-08
Ablated PINN,1,531,True,optimal,3.091070000300533e-05,0.08515239999906044,0.08518331069906344,0.1357917000023007,2186.7010960664984,1.594111556452967,2186.7010959195636,-6.719472590528657e-09
Ablated PINN,1,532,True,optimal,3.091070000300533e-05,0.08993399999963003,0.08996491069963304,0.1930357000019285,2128.186405964066,2.145677670335484,2128.1864054873026,-2.2402336928578777e-08
Ablated PINN,1,533,True,optimal,3.091070000300533e-05,0.09171540000170353,0.09174631070170654,0.1395507000015641,2170.7533313885287,1.5210497177950109,2170.7533313014187,-4.012894373311325e-09
Ablated PINN,1,534,True,optimal,3.091070000300533e-05,0.09255699999994249,0.0925879106999455,0.1570429999992484,2200.119136245156,1.696150164876124,2200.1191361806714,-2.9309566711830943e-09
Ablated PINN,1,535,True,optimal,3.091070000300533e-05,0.10304370000085328,0.10307461070085629,0.1822710999986156,2075.490185828783,1.76834138648948,2075.490185879661,2.4513747865091833e-09
Ablated PINN,1,536,True,optimal,3.091070000300533e-05,0.09544169999935548,0.09547261069935849,0.1251176000005216,2135.324230351599,1.3105077894487944,2135.3242300499173,-1.41281432593101e-08
Ablated PINN,1,537,True,optimal,3.091070000300533e-05,0.11234840000179247,0.11237931070179548,0.1633997999997518,2227.3126109095265,1.454002511488453,2227.312610849061,-2.7147281084143608e-09
Ablated PINN,1,538,True,optimal,3.091070000300533e-05,0.11841120000099181,0.11844211070099482,0.185410199999751,2209.0793631289366,1.5654077667343842,2209.079362732555,-1.7943286443699974e-08
Ablated PINN,1,539,True,optimal,3.091070000300533e-05,0.09964070000205538,0.09967161070205839,0.1370349000026181,2277.595306783959,1.3748639059545977,2277.595306773412,-4.630741588593461e-10
Ablated PINN,1,540,True,optimal,3.091070000300533e-05,0.11246670000036829,0.1124976107003713,0.1725866999986465,2263.642184676107,1.53413658231656,2263.6421846099856,-2.9210082212288603e-09
Ablated PINN,1,541,True,optimal,3.091070000300533e-05,0.1129164000012679,0.11294731070127091,0.2192446000008203,2061.1091102720484,1.9411227999991088,2061.1091102384376,-1.6307157774356309e-09
Ablated PINN,1,542,True,optimal,3.091070000300533e-05,0.0939232999990054,0.0939542106990084,0.1478786999978183,2111.3638354169184,1.5739443596792306,2111.3638354305826,6.471763970864016e-10
Ablated PINN,1,543,True,optimal,3.091070000300533e-05,0.1244884000007005,0.1245193107007035,0.1067839999996067,2212.072125144018,0.8575697969953779,2212.07212561734,2.1397220994770085e-08
Ablated PINN,1,544,True,optimal,3.091070000300533e-05,0.09187659999952302,0.09190751069952603,0.0949197999980242,2140.190620277965,1.0327752245226864,2140.1906200145,-1.231035923610714e-08
Ablated PINN,1,545,True,optimal,3.091070000300533e-05,0.09640610000133165,0.09643701070133466,0.0857566000013321,2200.6618662996466,0.889249878005035,2200.6618646517613,-7.488134733653963e-08
Ablated PINN,1,546,True,optimal,3.091070000300533e-05,0.09893439999723341,0.09896531069723642,0.0894052000003284,2216.544733685447,0.903399376715391,2216.544733646519,-1.7562556547441746e-09
Ablated PINN,1,547,True,optimal,3.091070000300533e-05,0.09083689999897615,0.09086781069897916,0.0908162000014272,2208.053753945172,0.999432024419264,2208.053753941804,-1.5252612734847305e-10
Ablated PINN,1,548,True,optimal,3.091070000300533e-05,0.1038574999984121,0.1038884106984151,0.1061957000019901,2220.8426764803626,1.022209304079865,2220.842675797565,-3.074498241676115e-08
Ablated PINN,1,549,True,optimal,3.091070000300533e-05,0.09261899999910383,0.09264991069910684,0.096353299999464,2162.123785274977,1.0399718604412305,2162.123785152536,-5.662984009521387e-09
Ablated PINN,1,550,True,optimal,3.091070000300533e-05,0.09876070000245818,0.09879161070246119,0.0937330000015208,2142.747993904557,0.9487951389296018,2142.7479941036704,9.29243204935007e-09
Ablated PINN,1,551,True,optimal,3.091070000300533e-05,0.10909059999903548,0.10912151069903848,0.0955342999986896,2159.302784894489,0.875485496733793,2159.3027841972644,-3.2289336862442713e-08
Ablated PINN,1,552,True,optimal,3.091070000300533e-05,0.1193383999998332,0.11936931069983621,0.0953525000004447,2260.3214574923254,0.7988024680834112,2260.3214574762656,-7.105120995366605e-10
Ablated PINN,1,553,True,optimal,3.091070000300533e-05,0.1053425000027346,0.1053734107027376,0.1021557999993092,2174.590464464566,0.9694646810616635,2174.590469215973,2.1849662522680953e-07
Ablated PINN,1,554,True,optimal,3.091070000300533e-05,0.09938980000151787,0.09942071070152088,0.0998246999988623,2207.425761709772,1.004063432000142,2207.425761649923,-2.7112505951937633e-09
Ablated PINN,1,555,True,optimal,3.091070000300533e-05,0.08316749999721651,0.08319841069721952,0.0698370999998587,2218.0561687167738,0.8394042556175012,2218.056168518404,-8.94341145194973e-09
Ablated PINN,1,556,True,optimal,3.091070000300533e-05,0.09031669999967562,0.09034761069967863,0.1180387999993399,2182.357712001526,1.3064960886647972,2182.357710862398,-5.2197126554380306e-08
Ablated PINN,1,557,True,optimal,3.091070000300533e-05,0.09906599999885657,0.09909691069885958,0.0988580000012007,2285.5102190187017,0.997589120629755,2285.51021902601,3.1976425286928735e-10
Ablated PINN,1,558,True,optimal,3.091070000300533e-05,0.11649680000118678,0.1165277107011898,0.1008622000008472,2167.216844563321,0.8655640739350537,2167.216844568439,2.3614280683147115e-10
Ablated PINN,1,559,True,optimal,3.091070000300533e-05,0.09519570000338717,0.09522661070339018,0.101941999997507,2174.36804697582,1.0705200914378206,2174.36804675434,-1.0185954952924602e-08
Ablated PINN,1,560,True,optimal,3.091070000300533e-05,0.10500930000125663,0.10504021070125964,0.0934461000033479,2137.2957759539263,0.8896221683057542,2137.2957758989182,-2.5737223257309266e-09
Ablated PINN,1,561,True,optimal,3.091070000300533e-05,0.11491689999820665,0.11494781069820965,0.102568300000712,2170.5660320386637,0.8923032059305636,2170.566031704639,-1.538882748654305e-08
Ablated PINN,1,562,True,optimal,3.091070000300533e-05,0.09570929999972577,0.09574021069972878,0.0993453999981284,2212.307944664741,1.0376559574294923,2212.307944660442,-1.943301548795975e-10
Ablated PINN,1,563,True,optimal,3.091070000300533e-05,0.09731269999974757,0.09734361069975057,0.0853888999990886,2071.973421216104,0.8771905971565465,2071.973423939647,1.314468249188676e-07
Ablated PINN,1,564,True,optimal,3.091070000300533e-05,0.1063901999987138,0.1064211106987168,0.0922797999992326,2179.6777383108465,0.867119309255107,2179.677738224302,-3.970510459785843e-09
Ablated PINN,1,565,True,optimal,3.091070000300533e-05,0.1283082000009017,0.1283391107009047,0.1027715999989595,2200.711868220565,0.8007816123836912,2200.711868193542,-1.2279166104978213e-09
Ablated PINN,1,566,True,optimal,3.091070000300533e-05,0.10972250000122585,0.10975341070122886,0.1099680000006628,2201.05256115928,1.00195519481411,2201.052561574581,1.8868300046855e-08
Ablated PINN,1,567,True,optimal,3.091070000300533e-05,0.10296960000050603,0.10300051070050904,0.1160980999993626,2188.883161991926,1.1271604306597756,2188.883161080739,-4.1627953800134753e-08
Ablated PINN,1,568,True,optimal,3.091070000300533e-05,0.10294789999898057,0.10297881069898358,0.1286785999982385,2200.689859193108,1.2495638580870556,2200.6898591058707,-3.9640918590860665e-09
Ablated PINN,1,569,True,optimal,3.091070000300533e-05,0.10579979999965872,0.10583071069966173,0.0923110000003362,2221.972222219237,0.87225153634569,2221.972222120716,-4.433944429384122e-09
Ablated PINN,1,570,True,optimal,3.091070000300533e-05,0.16131600000153412,0.16134691070153712,0.0853204999984882,2186.966511266396,0.5288015718895036,2186.9665111724125,-4.297438667590055e-09
Ablated PINN,1,571,True,optimal,3.091070000300533e-05,0.10065599999870756,0.10068691069871057,0.097397000001365,2141.1903807316767,0.9673253387702986,2141.1903807042677,-1.280081739887781e-09
Ablated PINN,1,572,True,optimal,3.091070000300533e-05,0.1000917000019399,0.10012261070194291,0.1207890000005136,2211.026761572185,1.206410811241158,2211.026761406211,-7.506654634784885e-09
Ablated PINN,1,573,True,optimal,3.091070000300533e-05,0.11145699999906356,0.11148791069906656,0.1201727999978174,2229.6978687586407,1.0778998300738947,2229.697868760497,8.325247614610714e-11
Ablated PINN,1,574,True,optimal,3.091070000300533e-05,0.09444860000076005,0.09447951070076306,0.1233026999980211,2170.676763864259,1.305073439558205,2170.676763345024,-2.392042340709109e-08
Ablated PINN,1,575,True,optimal,3.091070000300533e-05,0.09520909999992,0.09524001069992301,0.1093321000007563,2194.114861276719,1.147963961755883,2194.1148609886714,-1.3128183775800452e-08
Ablated PINN,1,576,True,optimal,3.091070000300533e-05,0.11220649999813759,0.1122374106981406,0.1137926000010338,2082.110488284622,1.0138562471569827,2082.1104883944477,5.274723823888929e-09
Ablated PINN,1,577,True,optimal,3.091070000300533e-05,0.10942749999958323,0.10945841069958624,0.1353416999991168,2194.578646110108,1.2364668839434227,2194.578646100702,-4.286013728606972e-10
Ablated PINN,1,578,True,optimal,3.091070000300533e-05,0.11872389999916777,0.11875481069917078,0.1185464000009233,2205.762114605342,0.9982450336367811,2205.762114354369,-1.1378073922977886e-08
Ablated PINN,1,579,True,optimal,3.091070000300533e-05,0.11186309999902733,0.11189401069903034,0.103309199999785,2242.554332549244,0.9232772992440449,2242.554332598302,2.1876011431065065e-09
Ablated PINN,1,580,True,optimal,3.091070000300533e-05,0.10963880000053905,0.10966971070054206,0.1116365999987465,2165.30112750936,1.0179346629588102,2165.3011336408085,2.8316840064782936e-07
Ablated PINN,1,581,True,optimal,3.091070000300533e-05,0.09925310000107856,0.09928401070108157,0.1104821000008087,2167.331404682976,1.1127884462024975,2167.3314046025207,-3.7121810437963177e-09
Ablated PINN,1,582,True,optimal,3.091070000300533e-05,0.1121419999981299,0.11217291069813291,0.1236622000033094,2114.215242064586,1.1024248121375326,2114.2152422194213,7.323526168637783e-09
Ablated PINN,1,583,True,optimal,3.091070000300533e-05,0.1050786000014341,0.1051095107014371,0.1227229999967676,2125.3347546461755,1.1675727455849498,2125.334754669487,1.0968490209615817e-09
Ablated PINN,1,584,True,optimal,3.091070000300533e-05,0.10951719999866327,0.10954811069866628,0.1262203000005684,2144.751710540295,1.1521905690164047,2144.751709475052,-4.966742470619531e-08
Ablated PINN,1,585,True,optimal,3.091070000300533e-05,0.13589590000265162,0.1359268107026546,0.1177199000012478,2139.915154880837,0.866053572453523,2139.91515313629,-8.152411106016668e-08
Ablated PINN,1,586,True,optimal,3.091070000300533e-05,0.11929969999982859,0.1193306106998316,0.1051735000000917,2205.827125905075,0.881362287373596,2205.8271259030666,-9.103906094593219e-11
Ablated PINN,1,587,True,optimal,3.091070000300533e-05,0.08729899999889312,0.08732991069889613,0.0923498000011022,2222.332069057373,1.0574819012413066,2222.332069041876,-6.973251405260106e-10
Ablated PINN,1,588,True,optimal,3.091070000300533e-05,0.10735990000102902,0.10739081070103203,0.0897266000029048,2163.022218268948,0.8355146908490796,2163.022216213339,-9.503411406344231e-08
Ablated PINN,1,589,True,optimal,3.091070000300533e-05,0.09561119999852963,0.09564211069853264,0.1249128999988897,2148.688547764192,1.3060449951028332,2148.6885476097227,-7.189012563246935e-09
Ablated PINN,1,590,True,optimal,3.091070000300533e-05,0.09625460000097519,0.0962855107009782,0.103250799998932,2198.220392382221,1.072339952784641,2198.2203923617717,-9.302560810338842e-10
Ablated PINN,1,591,True,optimal,3.091070000300533e-05,0.10754440000164323,0.10757531070164623,0.1372334000006958,2212.829963415354,1.2756960598636293,2212.8299633461215,-3.1286884592570798e-09
Ablated PINN,1,592,True,optimal,3.091070000300533e-05,0.10632840000107535,0.10635931070107836,0.1004586999988532,2219.3200689157115,0.9445219166678434,2219.320068790397,-5.646536938901637e-09
Ablated PINN,1,593,True,optimal,3.091070000300533e-05,0.10423870000158786,0.10426961070159087,0.0962385000020731,2193.549359870409,0.9229774557948432,2193.5493598217677,-2.2174627926194694e-09
Ablated PINN,1,594,True,optimal,3.091070000300533e-05,0.09862729999804287,0.09865821069804588,0.1092939000009209,2179.055956786505,1.1078033873473208,2179.0559554091337,-6.320953159266596e-08
Ablated PINN,1,595,True,optimal,3.091070000300533e-05,0.0904826999976649,0.0905136106976679,0.1111529000008886,2226.5560559836435,1.2280241517727064,2226.5560561860257,9.089469125948266e-09
Ablated PINN,1,596,True,optimal,3.091070000300533e-05,0.10466170000290731,0.10469261070291032,0.0954019999990123,2119.7892345239147,0.9112582001583446,2119.789234747823,1.0562750401570655e-08
Ablated PINN,1,597,True,optimal,3.091070000300533e-05,0.09577200000057928,0.09580291070058229,0.1121457999979611,2192.758484262404,1.1705886509905328,2192.758484274734,5.623063260468075e-10
Ablated PINN,1,598,True,optimal,3.091070000300533e-05,0.09631299999819021,0.09634391069819322,0.1123325000007753,2157.86194648099,1.1659532936406112,2157.861944670866,-8.38850746171343e-08
Ablated PINN,1,599,True,optimal,3.091070000300533e-05,0.09696819999953732,0.09699911069954033,0.1204207999981008,2189.6792015737747,1.241462928161376,2189.67920150733,-3.034439913952632e-09
Ablated PINN,1,600,True,optimal,3.091070000300533e-05,0.11947449999934179,0.1195054106993448,0.1161562000015692,2219.330023975723,0.9719744011741724,2219.3300241487154,7.79479648683452e-09
Ablated PINN,1,601,True,optimal,3.091070000300533e-05,0.11647829999856185,0.11650921069856486,0.1058228999972925,2159.020300864705,0.9082792627535671,2159.0203001317836,-3.3946939144158724e-08
Ablated PINN,1,602,True,optimal,3.091070000300533e-05,0.11775109999871347,0.11778201069871648,0.0952967999983229,2236.106142973,0.8090946947924823,2236.1061429619403,-4.945854474893031e-10
Ablated PINN,1,603,True,optimal,3.091070000300533e-05,0.10290180000083637,0.10293271070083938,0.0998766000011528,2144.1394977367727,0.9703096257848608,2144.1394977320883,-2.184723739488962e-10
Ablated PINN,1,604,True,optimal,3.091070000300533e-05,0.0936215000001539,0.09365241070015691,0.1116714000017964,2146.403274202287,1.1924028347687723,2146.4032737069506,-2.307750302054858e-08
Ablated PINN,1,605,True,optimal,3.091070000300533e-05,0.09557570000106352,0.09560661070106653,0.1013592999988759,2232.3054420137773,1.06017041348528,2232.305442001077,-5.689268043937684e-10
Ablated PINN,1,606,True,optimal,3.091070000300533e-05,0.1085583999993105,0.1085893106993135,0.1049061000012443,2118.766390138243,0.9660812774816473,2118.766390439924,1.4238531108085024e-08
Ablated PINN,1,607,True,optimal,3.091070000300533e-05,0.09992140000031213,0.09995231070031514,0.1286032000025443,2142.823008414849,1.286645592297836,2142.823006348315,-9.643978267779216e-08
Ablated PINN,1,608,True,optimal,3.091070000300533e-05,0.10263879999911296,0.10266971069911597,0.1190274000000499,2122.315985100524,1.1593234186553014,2122.315984567445,-2.5117793488864517e-08
Ablated PINN,1,609,True,optimal,3.091070000300533e-05,0.11469950000173412,0.11473041070173713,0.1265557000006083,2189.831787457177,1.103070225466317,2189.831787226347,-1.0541001887882862e-08
Ablated PINN,1,610,True,optimal,3.091070000300533e-05,0.11453729999993811,0.11456821069994112,0.1114930000003369,2195.257101131361,0.9731582549747737,2195.2571008899063,-1.0998936162830026e-08
Ablated PINN,1,611,True,optimal,3.091070000300533e-05,0.09041099999740254,0.09044191069740555,0.1192601000002469,2204.885343771604,1.3186375550961025,2204.8853435863903,-8.400146262407316e-09
Ablated PINN,1,612,True,optimal,3.091070000300533e-05,0.09875330000068061,0.09878421070068362,0.1316415000001143,2204.717517065051,1.3326168126097433,2204.7175168078547,-1.1665733114149724e-08
Ablated PINN,1,613,True,optimal,3.091070000300533e-05,0.11702919999879668,0.1170601106987997,0.1171033999999053,2161.4947106731497,1.0003698040335618,2161.4947100503673,-2.881258074236149e-08
Ablated PINN,1,614,True,optimal,3.091070000300533e-05,0.19715290000021923,0.19718381070022223,0.1641037000008509,2180.209930913208,0.8322371873131973,2180.209930271521,-2.9432356789460524e-08
Ablated PINN,1,615,True,optimal,3.091070000300533e-05,0.1449572999990778,0.1449882106990808,0.1246342999984335,2141.301320617485,0.8596167881339587,2141.3013204572994,-7.48076238977269e-09
Ablated PINN,1,616,True,optimal,3.091070000300533e-05,0.13601379999818164,0.13604471069818463,0.1006606000009924,2262.496724536963,0.7399082219690853,2262.4967245291336,-3.4605067292703355e-10
Ablated PINN,1,617,True,optimal,3.091070000300533e-05,0.10065790000226116,0.10068881070226417,0.1069905000003927,2158.006871491612,1.0625857953249898,2158.0068701133287,-6.386834559335976e-08
Ablated PINN,1,618,True,optimal,3.091070000300533e-05,0.11849380000057863,0.11852471070058164,0.1058778999977221,2163.588798699971,0.8932981094988027,2163.5887984781593,-1.025202481764645e-08
Ablated PINN,1,619,True,optimal,3.091070000300533e-05,0.12316220000138856,0.12319311070139156,0.1062416999993729,2180.4353000383635,0.8623996861065771,2180.4352983633207,-7.682148457108918e-08
Ablated PINN,1,620,True,optimal,3.091070000300533e-05,0.13199389999863342,0.13202481069863642,0.1320154000022739,2202.8473656540828,0.99992872024347,2202.847365390542,-1.196363605862825e-08
Ablated PINN,1,621,True,optimal,3.091070000300533e-05,0.09848699999929522,0.09851791069929823,0.1153688999984297,2204.1024320121955,1.171044931622281,2204.102431970158,-1.9072504979847467e-09
Ablated PINN,1,622,True,optimal,3.091070000300533e-05,0.08478330000070855,0.08481421070071156,0.1095088000001851,2133.686583691826,1.291160987002693,2133.6865815398533,-1.008570195225577e-07
Ablated PINN,1,623,True,optimal,3.091070000300533e-05,0.09014329999990878,0.09017421069991179,0.1420283000006748,2183.0068868535345,1.5750434508745164,2183.006886806512,-2.1540332902403185e-09
Ablated PINN,1,624,True,optimal,3.091070000300533e-05,0.0867275000018708,0.0867584107018738,0.1152020000008633,2120.0099596930995,1.327848205942011,2120.0099622397415,1.2012405869789977e-07
Ablated PINN,1,625,True,optimal,3.091070000300533e-05,0.1104044999992766,0.1104354106992796,0.1084355999992112,2218.156836577463,0.9818915809032125,2218.1568357698834,-3.640768049667875e-08
Ablated PINN,1,626,True,optimal,3.091070000300533e-05,0.08997680000175023,0.09000771070175324,0.1087654000002658,2164.591121375274,1.208400915346769,2164.591120687186,-3.178834836407814e-08
Ablated PINN,1,627,True,optimal,3.091070000300533e-05,0.08462839999992866,0.08465931069993167,0.0932749999992665,2068.2673698575004,1.1017689516735196,2068.267369862531,2.432188056930305e-10
Ablated PINN,1,628,True,optimal,3.091070000300533e-05,0.08518809999804944,0.08521901069805245,0.1130072000014479,2098.3823497994363,1.3260796983651268,2098.3823464718303,-1.585795843986578e-07
Ablated PINN,1,629,True,optimal,3.091070000300533e-05,0.10255630000028759,0.1025872107002906,0.1105009999992034,2172.8828727837745,1.077142065223247,2172.8828707580187,-9.322894360343657e-08
Ablated PINN,1,630,True,optimal,3.091070000300533e-05,0.08814840000195545,0.08817931070195846,0.0942606000025989,2174.25639514468,1.0689650355874847,2174.2563945388238,-2.7864986804691634e-08
Ablated PINN,1,631,True,optimal,3.091070000300533e-05,0.12280209999880753,0.12283301069881054,0.1218747000020812,2128.1482380531047,0.9921982642021276,2128.1482370346444,-4.78566452414687e-08
Ablated PINN,1,632,True,optimal,3.091070000300533e-05,0.1225838999998814,0.1226148106998844,0.0930888999973831,2136.4424945639207,0.7591978445836385,2136.4424953947414,3.888804326348355e-08
Ablated PINN,1,633,True,optimal,3.091070000300533e-05,0.12070130000211066,0.12073221070211367,0.0920519999999669,2107.709452170081,0.7624477301015357,2107.709452004414,-7.860058142334304e-09
Ablated PINN,1,634,True,optimal,3.091070000300533e-05,0.10357599999770173,0.10360691069770474,0.1095159000033163,2047.9459968290416,1.057032771905074,2047.9459944303012,-1.1712908633539223e-07
Ablated PINN,1,635,True,optimal,3.091070000300533e-05,0.1196775999997044,0.11970851069970741,0.1004419999990204,2160.855060266584,0.8390547957862606,2160.8550602348087,-1.4705045112684025e-09
Ablated PINN,1,636,True,optimal,3.091070000300533e-05,0.11795250000068336,0.11798341070068637,0.1182555000013962,2162.859964405213,1.0023061657490144,2162.8599623729183,-9.396329830135793e-08
Ablated PINN,1,637,True,optimal,3.091070000300533e-05,0.09360469999955967,0.09363561069956268,0.0945245000002614,2072.841717570554,1.00949306886619,2072.841711291595,-3.029155101273261e-07
Ablated PINN,1,638,True,optimal,3.091070000300533e-05,0.0934025999995356,0.0934335106995386,0.0888355999995837,2178.017926171404,0.9507894901354957,2178.01792569719,-2.1772718903624934e-08
Ablated PINN,1,639,True,optimal,3.091070000300533e-05,0.09327789999952074,0.09330881069952375,0.1015274999990651,2204.0542578229224,1.088080527850767,2204.0542578292216,2.8579878567514766e-10
Ablated PINN,1,640,True,optimal,3.091070000300533e-05,0.08749950000128592,0.08753041070128893,0.1188681000021461,2190.4473095838243,1.3580205902129474,2190.4473093731294,-9.618807351946773e-09
Ablated PINN,1,641,True,optimal,3.091070000300533e-05,0.08732519999830402,0.08735611069830702,0.1115506999994977,2273.8091708838424,1.2769650469530298,2273.8091708832812,-2.467921398943832e-11
Ablated PINN,1,642,True,optimal,3.091070000300533e-05,0.08453910000025644,0.08457001070025945,0.1104951000015717,2072.257797995907,1.3065518034897532,2072.257797977599,-8.834870045799779e-10
Ablated PINN,1,643,True,optimal,3.091070000300533e-05,0.09576759999981732,0.09579851069982033,0.1168818000005558,2213.731965941241,1.2200795100750457,2213.7319660194585,3.5332847449721347e-09
Ablated PINN,1,644,True,optimal,3.091070000300533e-05,0.1030986000005214,0.10312951070052441,0.1434605000031297,2226.952816015813,1.3910712756091863,2226.95281655411,2.41719163647655e-08
Ablated PINN,1,645,True,optimal,3.091070000300533e-05,0.11594180000247434,0.11597271070247735,0.1014982000015152,2210.436130649556,0.8751903735517933,2210.4361306545925,2.2784313200615398e-10
Ablated PINN,1,646,True,optimal,3.091070000300533e-05,0.0956834999997227,0.09571441069972571,0.1163393999995605,2175.616502172721,1.2154846814503126,2175.6165019622854,-9.67246298484169e-09
Ablated PINN,1,647,True,optimal,3.091070000300533e-05,0.0894789000012679,0.08950981070127091,0.1226314999985334,2194.288158495127,1.3700341787985952,2194.288158752222,1.171655836573392e-08
Ablated PINN,1,648,True,optimal,3.091070000300533e-05,0.07929849999709404,0.07932941069709705,0.1012484000020776,2231.8968320477143,1.2763034429774562,2231.8968320194795,-1.2650588442873894e-09
Ablated PINN,1,649,True,optimal,3.091070000300533e-05,0.08422989999962738,0.08426081069963039,0.1083577999997942,2131.67927704834,1.2859809809576104,2131.6792765499868,-2.337842656391626e-08
Ablated PINN,1,650,True,optimal,3.091070000300533e-05,0.09120339999935823,0.09123431069936123,0.0897040999989258,2195.696037076173,0.9832276838756655,2195.696036935072,-6.426266631956008e-09
Ablated PINN,1,651,True,optimal,3.091070000300533e-05,0.10174140000162879,0.1017723107016318,0.0925821000018913,2185.101248473243,0.9096983193524646,2185.1012482781357,-8.928971931959982e-09
Ablated PINN,1,652,True,optimal,3.091070000300533e-05,0.10116840000046068,0.10119931070046369,0.1113416999978653,2061.7568306611,1.1002219207542008,2061.7568306762632,7.354453950370195e-10
Ablated PINN,1,653,True,optimal,3.091070000300533e-05,0.11247430000003078,0.11250521070003379,0.0967079000001831,2191.620676942746,0.8595859640495217,2191.6206769412643,-6.760142778242299e-11
Ablated PINN,1,654,True,optimal,3.091070000300533e-05,0.11531860000104643,0.11534951070104944,0.1112295999992056,2167.111898213451,0.9642832407627512,2167.111898177523,-1.657864055554978e-09
Ablated PINN,1,655,True,optimal,3.091070000300533e-05,0.10719819999940228,0.10722911069940529,0.1006243000010727,2245.899956653403,0.9384046864209495,2245.8999561654286,-2.172734249039356e-08
Ablated PINN,1,656,True,optimal,3.091070000300533e-05,0.1373764999989362,0.1374074106989392,0.0930773000000044,2167.948435738087,0.6773819514286428,2167.9484356994067,-1.7841916478000947e-09
Ablated PINN,1,657,True,optimal,3.091070000300533e-05,0.09765490000063437,0.09768581070063738,0.1055230999991181,2177.151763261153,1.0802295568032747,2177.1517632164832,-2.0517555565656334e-09
Ablated PINN,1,658,True,optimal,3.091070000300533e-05,0.12879070000053616,0.12882161070053916,0.1014568999999028,2142.7066744994554,0.7875767074186891,2142.7066728888576,-7.516650837892075e-08
Ablated PINN,1,659,True,optimal,3.091070000300533e-05,0.1468127000007371,0.1468436107007401,0.0976937999985239,2249.161512946493,0.6652914589359898,2249.1615129476454,5.123375002254512e-11
Ablated PINN,1,660,True,optimal,3.091070000300533e-05,0.13963890000013635,0.13966981070013934,0.0929490999988047,2237.285776289896,0.6654917016989411,2237.2857762993076,4.206637915319573e-10
Ablated PINN,1,661,True,optimal,3.091070000300533e-05,0.14358390000052168,0.14361481070052468,0.1039409000004525,2202.5939653309374,0.7237477770812727,2202.5939664583516,5.1185747238794325e-08
Ablated PINN,1,662,True,optimal,3.091070000300533e-05,0.13653960000010557,0.13657051070010856,0.0958350999972026,2254.4500890244285,0.7017261596659345,2254.4500888323496,-8.51998966340606e-09
Ablated PINN,1,663,True,optimal,3.091070000300533e-05,0.15049699999872246,0.15052791069872545,0.0971105999997234,2055.626592294665,0.6451335141034787,2055.6265922755915,-9.278663843776967e-10
Ablated PINN,1,664,True,optimal,3.091070000300533e-05,0.18724070000098436,0.18727161070098736,0.125094099999842,2393.316285385306,0.6679821865769987,2393.316285521855,5.70544150897505e-09
Ablated PINN,1,665,True,optimal,3.091070000300533e-05,0.1531250000007276,0.1531559107007306,0.1274516000012227,2139.467907163163,0.8321689931397125,2139.467907076735,-4.039692157945393e-09
Ablated PINN,1,666,True,optimal,3.091070000300533e-05,0.15357719999883557,0.15360811069883856,0.1087732999985746,2209.1460832434605,0.7081221134985097,2209.1460835120433,1.215776912254852e-08
Ablated PINN,1,667,True,optimal,3.091070000300533e-05,0.1532645000006596,0.1532954107006626,0.1244183999988308,2185.8306339413634,0.8116250801648625,2185.8306340270774,3.921345167167984e-09
Ablated PINN,1,668,True,optimal,3.091070000300533e-05,0.13707699999940814,0.13710791069941114,0.1113383999982033,2233.823589176101,0.8120494246484167,2233.823589163432,-5.671354940350786e-10
Ablated PINN,1,669,True,optimal,3.091070000300533e-05,0.11186279999674298,0.11189371069674599,0.1069250000000465,2158.5994799556447,0.9555943701771972,2158.5994798404963,-5.334403013463675e-09
Ablated PINN,1,670,True,optimal,3.091070000300533e-05,0.14899119999972754,0.14902211069973054,0.1001768999994965,2130.705886305839,0.6722284332782413,2130.705885849612,-2.1412016632536883e-08
Ablated PINN,1,671,True,optimal,3.091070000300533e-05,0.1507850000016333,0.1508159107016363,0.107704800000647,2163.659344053905,0.7141474629538437,2163.659342691594,-6.296329406712687e-08
Ablated PINN,1,672,True,optimal,3.091070000300533e-05,0.14503510000213282,0.14506601070213582,0.0971184000009088,2209.0057928235133,0.6694772919641535,2209.005793251733,1.938517615316704e-08
Ablated PINN,1,673,True,optimal,3.091070000300533e-05,0.12758120000216877,0.12761211070217177,0.1151122999981453,2127.194332621426,0.9020483977951026,2127.1943325137763,-5.0606383366293784e-09
Ablated PINN,1,674,True,optimal,3.091070000300533e-05,0.12097930000163615,0.12101021070163916,0.0921143999985361,2184.785675711488,0.761211797454447,2184.7856756862266,-1.156233108930313e-09
Ablated PINN,1,675,True,optimal,3.091070000300533e-05,0.16729629999827011,0.1673272106982731,0.1287230999987514,2177.6365423732987,0.769289701666436,2177.6365400579684,-1.0632307898166453e-07
Ablated PINN,1,676,True,optimal,3.091070000300533e-05,0.1331620999990264,0.1331930106990294,0.0969169999989389,2215.739597568961,0.7276432861626511,2215.7395975354534,-1.5122536889931333e-09
Ablated PINN,1,677,True,optimal,3.091070000300533e-05,0.14480490000278223,0.14483581070278523,0.0933471999996982,2122.353808579658,0.6445035902844096,2122.3538073843906,-5.631801266746656e-08
Ablated PINN,1,678,True,optimal,3.091070000300533e-05,0.11732019999908516,0.11735111069908817,0.1005844999999681,2190.2970826922037,0.8571243970403226,2190.297082006125,-3.13235450088427e-08
Ablated PINN,1,679,True,optimal,3.091070000300533e-05,0.12577590000000782,0.12580681070001082,0.1300998000006075,2168.639816365135,1.0341236637087432,2168.639816265213,-4.607592713349394e-09
Ablated PINN,1,680,True,optimal,3.091070000300533e-05,0.11526669999875594,0.11529761069875895,0.1011779999971622,2149.5158028594237,0.8775376990379495,2149.515801920209,-4.369424563618976e-08
Ablated PINN,1,681,True,optimal,3.091070000300533e-05,0.12150349999865284,0.12153441069865585,0.1024683000032382,2185.449968209164,0.843121708610642,2185.449966329904,-8.598962595928146e-08
Ablated PINN,1,682,True,optimal,3.091070000300533e-05,0.12387200000011944,0.12390291070012245,0.1079938000002584,2223.4604917115844,0.8716001859038787,2223.46049200458,1.3177456413448978e-08
Ablated PINN,1,683,True,optimal,3.091070000300533e-05,0.1642054999974789,0.1642364106974819,0.1132006000007095,2138.5740821843297,0.6892539816229989,2138.5740765569585,-2.6313660044986493e-07
Ablated PINN,1,684,True,optimal,3.091070000300533e-05,0.13199609999719542,0.1320270106971984,0.0927545999984431,2061.1510609350016,0.7025426047945152,2061.151060913128,-1.0612420767969903e-09
Ablated PINN,1,685,True,optimal,3.091070000300533e-05,0.1335722000003443,0.1336031107003473,0.1054205000000365,2174.62580015718,0.7890572266425714,2174.62579828442,-8.6118728768019e-08
Ablated PINN,1,686,True,optimal,3.091070000300533e-05,0.12412480000057258,0.12415571070057559,0.1106030000009923,2173.1821103278085,0.8908410203355998,2173.1821062590816,-1.8722438617541383e-07
Ablated PINN,1,687,True,optimal,3.091070000300533e-05,0.1381258000001253,0.1381567107001283,0.1161972000008972,2147.5127339133096,0.8410536079793139,2147.5127333204023,-2.7609024963046918e-08
Ablated PINN,1,688,True,optimal,3.091070000300533e-05,0.11570250000295346,0.11573341070295647,0.1312399000016739,2126.8270680029523,1.1339845529871808,2126.827067704515,-1.4032052873665817e-08
Ablated PINN,1,689,True,optimal,3.091070000300533e-05,0.17851680000239867,0.17854771070240166,0.1128758999984711,2187.528679575168,0.6321890073774706,2187.528679560098,-6.888994234330769e-10
Ablated PINN,1,690,True,optimal,3.091070000300533e-05,0.18148310000105994,0.18151401070106293,0.094044000001304,2244.953675435381,0.518108765478087,2244.953675340444,-4.2288932724392875e-09
Ablated PINN,1,691,True,optimal,3.091070000300533e-05,0.15566480000052252,0.1556957107005255,0.1115934999979799,2100.5271219706883,0.7167410039485644,2100.5271217626523,-9.903990142196274e-09
Ablated PINN,1,692,True,optimal,3.091070000300533e-05,0.1293827000008605,0.1294136107008635,0.1365667000027315,2212.383646993115,1.0552730834348034,2212.3836468849154,-4.890625619364189e-09
Ablated PINN,1,693,True,optimal,3.091070000300533e-05,0.16659950000030221,0.1666304107003052,0.098798800001532,2251.2355322340327,0.5929217817222306,2251.235532292366,2.5911625126325476e-09
Ablated PINN,1,694,True,optimal,3.091070000300533e-05,0.15609129999938887,0.15612221069939186,0.0961877000008826,2145.1265246579646,0.6161051625517193,2145.1265243722232,-1.3320492014790237e-08
Ablated PINN,1,695,True,optimal,3.091070000300533e-05,0.1650627999988501,0.1650937106988531,0.0978136999983689,2155.31340862008,0.5924738112936995,2155.3134084371463,-8.487558693144952e-09
Ablated PINN,1,696,True,optimal,3.091070000300533e-05,0.15560779999941587,0.15563871069941887,0.1110398999990138,2205.137667137029,0.7134465423159562,2205.137667618499,2.183401659629976e-08
Ablated PINN,1,697,True,optimal,3.091070000300533e-05,0.14780919999975595,0.14784011069975894,0.1003676000000268,2143.6366273394115,0.6788928899265931,2143.636627312359,-1.2619893134808582e-09
Ablated PINN,1,698,True,optimal,3.091070000300533e-05,0.1754346000016085,0.17546551070161148,0.1058760999985679,2053.370345991096,0.6034012016105882,2053.370345987618,-1.6939771696428536e-10
Ablated PINN,1,699,True,optimal,3.091070000300533e-05,0.14794260000053328,0.14797351070053627,0.1021807999968587,2166.450459641476,0.6905344038477853,2166.4504594038776,-1.0967165846011695e-08
Ablated PINN,1,700,True,optimal,3.091070000300533e-05,0.1572096000018064,0.1572405107018094,0.0996520000007876,2180.640773315581,0.6337552552838465,2180.640773143128,-7.908360262372051e-09
Ablated PINN,1,701,True,optimal,3.091070000300533e-05,0.16603290000057314,0.16606381070057613,0.1660667000032845,2223.5399270839503,1.0000173987498913,2223.5399270680623,-7.1453463694297e-10
Ablated PINN,1,702,True,optimal,3.091070000300533e-05,0.1508395000018936,0.1508704107018966,0.1133463000005576,2198.8148438848766,0.7512825044568711,2198.8148436688984,-9.822480604859702e-09
Ablated PINN,1,703,True,optimal,3.091070000300533e-05,0.1689055000024382,0.1689364107024412,0.1123265999995055,2165.7660453958315,0.6649046202204079,2165.7660451161514,-1.2913679230441966e-08
Ablated PINN,1,704,True,optimal,3.091070000300533e-05,0.17048670000076527,0.17051761070076826,0.1128763000015169,2205.6927825309817,0.6619627118726004,2205.692782538539,3.4263367429212656e-10
Ablated PINN,1,705,True,optimal,3.091070000300533e-05,0.16448529999979655,0.16451621069979955,0.0924095000009401,2162.269089103981,0.5617045250912328,2162.2690890944195,-4.4219832988968894e-10
Ablated PINN,1,706,True,optimal,3.091070000300533e-05,0.13864339999781805,0.13867431069782105,0.0912553000016487,2139.8525375662093,0.658054830360751,2139.8525365336213,-4.825510030808286e-08
Ablated PINN,1,707,True,optimal,3.091070000300533e-05,0.15607620000082534,0.15610711070082833,0.1108521999994991,2190.892496755412,0.7101034635888043,2190.8924966869017,-3.1270551611551545e-09
Ablated PINN,1,708,True,optimal,3.091070000300533e-05,0.13117069999861997,0.13120161069862296,0.0883727999971597,2212.666470722974,0.673564901578508,2212.6664696542657,-4.829955756648667e-08
Ablated PINN,1,709,True,optimal,3.091070000300533e-05,0.16305460000148742,0.1630855107014904,0.1135267999998177,2141.5624494968506,0.6961182480987883,2141.5624495237753,1.257244735385213e-09
Ablated PINN,1,710,True,optimal,3.091070000300533e-05,0.1484004999983881,0.1484314106983911,0.1301991000000271,2155.439402566203,0.8771667626644633,2155.4394024877906,-3.6378912052618234e-09
Ablated PINN,1,711,True,optimal,3.091070000300533e-05,0.14341440000134753,0.14344531070135053,0.1575611000007484,2127.008836000788,1.0984053729632655,2127.008839803851,1.7879864648566563e-07
Ablated PINN,1,712,True,optimal,3.091070000300533e-05,0.15846520000195596,0.15849611070195896,0.1465223999985028,2120.081630732464,0.9244542301358303,2120.081636784735,2.854734958663731e-07
Ablated PINN,1,713,True,optimal,3.091070000300533e-05,0.18698570000196924,0.18701661070197223,0.1314487999989069,2201.385218268302,0.7028723251133151,2201.385218533812,1.2061028464256396e-08
Ablated PINN,1,714,True,optimal,3.091070000300533e-05,0.17997879999893485,0.18000971069893784,0.1315121000006911,2217.380614324773,0.7305833640310778,2217.3806143207707,-1.8049366037100098e-10
Ablated PINN,1,715,True,optimal,3.091070000300533e-05,0.10533450000002631,0.10536541070002932,0.1079632000000856,2199.244140743131,1.0246550483958352,2199.2441407402616,-1.3047463585029678e-10
Ablated PINN,1,716,True,optimal,3.091070000300533e-05,0.11130090000006021,0.11133181070006322,0.111854000002495,2186.67298615557,1.0046903872230966,2186.6729842234936,-8.835689843630768e-08
Ablated PINN,1,717,True,optimal,3.091070000300533e-05,0.1186018000007607,0.11863271070076371,0.136706299999787,2134.62196980022,1.1523491218590771,2134.6219694635024,-1.5774112734134178e-08
Ablated PINN,1,718,True,optimal,3.091070000300533e-05,0.09265800000139279,0.0926889107013958,0.1300302999989071,2116.9858223987403,1.402867926863542,2116.9858220655487,-1.5738960624099593e-08
Ablated PINN,1,719,True,optimal,3.091070000300533e-05,0.11984630000006291,0.11987721070006592,0.1093187000005855,2152.0812906310784,0.9119222858304742,2152.081290509586,-5.645352549110985e-09
Ablated PINN,1,720,True,optimal,3.091070000300533e-05,0.12008770000102231,0.12011861070102532,0.1557367999994312,2215.1665515270925,1.2965251520187775,2215.1665516965445,7.649630249998823e-09
Ablated PINN,1,721,True,optimal,3.091070000300533e-05,0.1387563999996928,0.1387873106996958,0.1452413999977579,2098.17640001431,1.0465034538498068,2098.1763999245177,-4.279532367663385e-09
Ablated PINN,1,722,True,optimal,3.091070000300533e-05,0.11589490000187652,0.11592581070187953,0.095336699996551,2138.132401553344,0.8223940761710393,2138.1324011389875,-1.9379374770229384e-08
Ablated PINN,1,723,True,optimal,3.091070000300533e-05,0.09986170000047423,0.09989261070047724,0.0969640000002982,2160.89672581727,0.9706824090426436,2160.8967257566956,-2.803216838228194e-09
Ablated PINN,1,724,True,optimal,3.091070000300533e-05,0.09784339999896474,0.09787431069896775,0.1349957999991602,2123.1656433548533,1.379277146731251,2123.1656433577186,1.3495711306857798e-10
Ablated PINN,1,725,True,optimal,3.091070000300533e-05,0.11138520000167773,0.11141611070168074,0.1549517999992531,2125.6512387542584,1.3907486002104328,2125.6512413811574,1.2358090340532334e-07
Ablated PINN,1,726,True,optimal,3.091070000300533e-05,0.0992511000004015,0.0992820107004045,0.1330903000016405,2135.4531155211166,1.3405278465124624,2135.453115524774,1.712766680099778e-10
Ablated PINN,1,727,True,optimal,3.091070000300533e-05,0.1152230999978201,0.11525401069782311,0.1024930999992648,2179.4726442594533,0.8892801159691067,2179.472644245157,-6.559544234163264e-10
Ablated PINN,1,728,True,optimal,3.091070000300533e-05,0.11350360000142246,0.11353451070142546,0.1484806000007665,2155.7194918607565,1.3078014700855383,2155.719497847168,2.776989990807496e-07
Ablated PINN,1,729,True,optimal,3.091070000300533e-05,0.1255194000004849,0.1255503107004879,0.1037150999982259,2214.9108237805967,0.826083977168707,2214.910823766809,-6.225054088337143e-10
Ablated PINN,1,730,True,optimal,3.091070000300533e-05,0.09267829999953392,0.09270921069953693,0.1153385999969032,2215.212917716952,1.2440899790497224,2215.212917516139,-9.065168885870241e-09
Ablated PINN,1,731,True,optimal,3.091070000300533e-05,0.10405270000046585,0.10408361070046886,0.1370184000006702,2215.789356672032,1.3164262757465328,2215.7893564791507,-8.70486822427651e-09
Ablated PINN,1,732,True,optimal,3.091070000300533e-05,0.18618090000018128,0.18621181070018428,0.1387686999987636,2221.171052251004,0.7452196478675145,2221.1710522373473,-6.14834129079409e-10
Ablated PINN,1,733,True,optimal,3.091070000300533e-05,0.08827079999900889,0.0883017106990119,0.1293422000017017,2249.3664094584024,1.4647756988829104,2249.366409372564,-3.8161219239220294e-09
Ablated PINN,1,734,True,optimal,3.091070000300533e-05,0.12909159999981057,0.12912251069981356,0.1108213999978033,2319.944938638373,0.858265529357952,2319.944938700322,2.6702731749129143e-09
Ablated PINN,1,735,True,optimal,3.091070000300533e-05,0.11727749999772641,0.11730841069772942,0.125463899999886,2207.2240297997,1.0695217781372128,2207.2240302541927,2.0591144633887107e-08
Ablated PINN,1,736,True,optimal,3.091070000300533e-05,0.11863649999941117,0.11866741069941418,0.1520268999993277,2225.892545030186,1.2811175292634762,2225.8925466306728,7.190315377070518e-08
Ablated PINN,1,737,True,optimal,3.091070000300533e-05,0.10930240000016056,0.10933331070016357,0.1736464999994496,2238.1216473494846,1.5882305117025035,2238.1216472617507,-3.919981372016769e-09
Ablated PINN,1,738,True,optimal,3.091070000300533e-05,0.1169240000017453,0.11695491070174831,0.1422646999999415,2169.042258277396,1.216406383847676,2169.042255643366,-1.2143746334384912e-07
Ablated PINN,1,739,True,optimal,3.091070000300533e-05,0.10926410000320175,0.10929501070320476,0.1108657000004313,2182.589460706401,1.0143710978856284,2182.5894615704656,3.9588962903037746e-08
Ablated PINN,1,740,True,optimal,3.091070000300533e-05,0.09734500000195112,0.09737591070195413,0.1077010000008158,2139.6773823950925,1.106033301505795,2139.677381491433,-4.223344094775742e-08
Ablated PINN,1,741,True,optimal,3.091070000300533e-05,0.10700960000031046,0.10704051070031347,0.1242430999991484,2099.704070668296,1.1607110166635684,2099.7040745653726,1.8560122931928788e-07
Ablated PINN,1,742,True,optimal,3.091070000300533e-05,0.11422839999795542,0.11425931069795843,0.1270535000003292,2306.5334268129404,1.1119750261419998,2306.5334267214994,-3.964436456919249e-09
Ablated PINN,1,743,True,optimal,3.091070000300533e-05,0.10783829999854788,0.10786921069855089,0.1173746999993454,2203.569741771308,1.088120504815395,2203.56974174447,-1.2179455292866643e-09
Ablated PINN,1,744,True,optimal,3.091070000300533e-05,0.09923889999845414,0.09926981069845715,0.1755483000015374,2152.8814630618504,1.7683956357566195,2152.8814700924677,3.265677858387523e-07
Ablated PINN,1,745,True,optimal,3.091070000300533e-05,0.1020717000028526,0.1021026107028556,0.1463349000005109,2324.199348846464,1.4332140872125436,2324.1993488581807,5.041118999282424e-10
Ablated PINN,1,746,True,optimal,3.091070000300533e-05,0.0976169999994454,0.0976479106994484,0.1306363999974564,2258.829466518266,1.3378309792980994,2258.8294664664454,-2.2941410645816883e-09
Ablated PINN,1,747,True,optimal,3.091070000300533e-05,0.11889599999994971,0.11892691069995272,0.1099880999972811,2246.487308272045,0.924837779354886,2246.4873082463223,-1.145022444960008e-09
Ablated PINN,1,748,True,optimal,3.091070000300533e-05,0.11108690000037313,0.11111781070037614,0.1005313999994541,2194.622533845843,0.9047280482382091,2194.6225336708603,-7.973247572023915e-09
Ablated PINN,1,749,True,optimal,3.091070000300533e-05,0.10221170000295388,0.10224261070295688,0.0938669999995909,2166.189916711525,0.9180810168502108,2166.1899167234537,5.506872881470588e-10
Ablated PINN,1,750,True,optimal,3.091070000300533e-05,0.11391849999927217,0.11394941069927518,0.1060683999967295,2143.85742504082,0.9308376352788298,2143.8574250283123,-5.834261989644223e-10
Ablated PINN,1,751,True,optimal,3.091070000300533e-05,0.10508320000008098,0.10511411070008399,0.1196380000001227,2326.460095981221,1.1381725936061895,2326.4600960013654,8.658819544924269e-10
Ablated PINN,1,752,True,optimal,3.091070000300533e-05,0.12219420000110404,0.12222511070110705,0.1505317999981343,2166.951330498295,1.231594711877572,2166.95133004115,-2.10962390910075e-08
Ablated PINN,1,753,True,optimal,3.091070000300533e-05,0.08808510000017122,0.08811601070017423,0.1160373000020627,2200.084267658183,1.3168696480926054,2200.0842675407866,-5.335987061429968e-09
Ablated PINN,1,754,True,optimal,3.091070000300533e-05,0.10501510000176495,0.10504601070176796,0.1045751000019663,2192.6507197651194,0.9955171005861556,2192.650719234172,-2.4214871100946773e-08
Ablated PINN,1,755,True,optimal,3.091070000300533e-05,0.10456519999934244,0.10459611069934545,0.1203139999997802,2159.319912990352,1.1502722156239134,2159.319912739492,-1.1617547282609909e-08
Ablated PINN,1,756,True,optimal,3.091070000300533e-05,0.12177980000342359,0.1218107107034266,0.1313281000002462,2107.6418835362306,1.0781326144627106,2107.6418828791266,-3.11772135222935e-08
Ablated PINN,1,757,True,optimal,3.091070000300533e-05,0.1099967000009201,0.11002761070092311,0.1477945000006002,2224.350010324529,1.3432491995335154,2224.350010291867,-1.4683942871317684e-09
Ablated PINN,1,758,True,optimal,3.091070000300533e-05,0.11122519999844371,0.11125611069844672,0.1560762000008253,2107.9142072633003,1.4028550793390653,2107.9142072930294,1.4103566436320868e-09
Ablated PINN,1,759,True,optimal,3.091070000300533e-05,0.10876469999857363,0.10879561069857664,0.1519188999991456,2260.6564050966595,1.3963697526368417,2260.6564050773827,-8.52705442570473e-10
Ablated PINN,1,760,True,optimal,3.091070000300533e-05,0.140789400000358,0.140820310700361,0.179667899999913,2156.1852399890167,1.2758663796887393,2156.185239688549,-1.3935163828356848e-08
Ablated PINN,1,761,True,optimal,3.091070000300533e-05,0.10437380000075791,0.10440471070076092,0.1701767000013205,2309.662922175484,1.6299714721596392,2309.6629221751546,-1.4254767606161762e-11
Ablated PINN,1,762,True,optimal,3.091070000300533e-05,0.08113640000010491,0.08116731070010792,0.1039946000018972,2164.240757740613,1.2812374723875004,2164.240756873244,-4.0077275278823904e-08
Ablated PINN,1,763,True,optimal,3.091070000300533e-05,0.08714580000014394,0.08717671070014694,0.1006861999994725,2166.1213946676053,1.154966724378863,2166.121394609849,-2.666337026919025e-09
Ablated PINN,1,764,True,optimal,3.091070000300533e-05,0.10018960000161314,0.10022051070161615,0.1399548999979742,2135.021424948894,1.3964696349897694,2135.021424946562,-1.0922346671071967e-10
Ablated PINN,1,765,True,optimal,3.091070000300533e-05,0.09808379999958561,0.09811471069958862,0.2011033999988285,2105.1326890611285,2.04967632850261,2105.1326890361406,-1.1869993902856886e-09
Ablated PINN,1,766,True,optimal,3.091070000300533e-05,0.09312160000263248,0.09315251070263549,0.1493995999990147,2167.9715890243724,1.603817211926075,2167.9715889520285,-3.336941195603036e-09
Ablated PINN,1,767,True,optimal,3.091070000300533e-05,0.09386969999832218,0.09390061069832518,0.1374014000030001,2239.493200441943,1.4632641788074208,2239.493200424466,-7.803930900892977e-10
Ablated PINN,1,768,True,optimal,3.091070000300533e-05,0.1079466000010143,0.10797751070101731,0.1389769999987038,2137.14418627282,1.2870920907180576,2137.1441855313433,-3.4694754292516305e-08
Ablated PINN,1,769,True,optimal,3.091070000300533e-05,0.09044600000197534,0.09047691070197834,0.1324855999991996,2089.640778431818,1.4643028698846003,2089.640778392124,-1.8995603059568085e-09
Ablated PINN,1,770,True,optimal,3.091070000300533e-05,0.09914789999675122,0.09917881069675423,0.1254450999986147,2145.6448634353037,1.2648377119803482,2145.6448622527478,-5.511424347138603e-08
Ablated PINN,1,771,True,optimal,3.091070000300533e-05,0.08742839999831631,0.08745931069831932,0.1297511000011582,2079.996500898453,1.4835596000604152,2079.996500910566,5.823399430229718e-10
Ablated PINN,1,772,True,optimal,3.091070000300533e-05,0.08777869999903487,0.08780961069903788,0.0922629000015149,2130.9116201759307,1.050715283521076,2130.9116200567673,-5.59213056703419e-09
Ablated PINN,1,773,True,optimal,3.091070000300533e-05,0.10381710000001476,0.10384801070001777,0.135609499997372,2174.3304894610515,1.3058459096448423,2174.330489220717,-1.105326126160419e-08
Ablated PINN,1,774,True,optimal,3.091070000300533e-05,0.09163429999898653,0.09166521069898954,0.1089367999993555,2181.74933669246,1.1884203305557486,2181.749336694047,7.274292366692139e-11
Ablated PINN,1,775,True,optimal,3.091070000300533e-05,0.10960290000002715,0.10963381070003016,0.0909789000033924,2176.846969917512,0.8298434526947204,2176.8469699113875,-2.8134900644719997e-10
Ablated PINN,1,776,True,optimal,3.091070000300533e-05,0.12555050000082701,0.12558141070083,0.119744300001912,2198.3032603092447,0.9535193093759423,2198.3032602642006,-2.049038918361991e-09
Ablated PINN,1,777,True,optimal,3.091070000300533e-05,0.08524560000296333,0.08527651070296634,0.1565726999979233,2188.410745349634,1.8360589417558912,2188.410745279815,-3.1904056365729295e-09
Ablated PINN,1,778,True,optimal,3.091070000300533e-05,0.08912349999809521,0.08915441069809822,0.1156338000000687,2209.33536755024,1.2970059371671145,2209.335367446234,-4.707556982800576e-09
Ablated PINN,1,779,True,optimal,3.091070000300533e-05,0.08890569999857689,0.0889366106985799,0.1134657000002334,2227.8749834185915,1.2758041835525578,2227.8749834013483,-7.739711689052693e-10
Ablated PINN,1,780,True,optimal,3.091070000300533e-05,0.09923369999887655,0.09926461069887955,0.1481304000008094,2187.4504670359534,1.4922780531539568,2187.450466659437,-1.721256139477079e-08
Ablated PINN,1,781,True,optimal,3.091070000300533e-05,0.10760490000029677,0.10763581070029977,0.1159706999969785,2122.1638380872832,1.0774360247063712,2122.163836491525,-7.519485503815359e-08
Ablated PINN,1,782,True,optimal,3.091070000300533e-05,0.09544340000138618,0.09547431070138919,0.0902100999992399,2209.525733442365,0.944862542986941,2209.5257334375256,-2.1902534262835217e-10
Ablated PINN,1,783,True,optimal,3.091070000300533e-05,0.10553770000115037,0.10556861070115338,0.0988352999993367,2140.019045698295,0.9362186292204079,2140.019045642512,-2.606656616008697e-09
Ablated PINN,1,784,True,optimal,3.091070000300533e-05,0.11236920000010286,0.11240011070010587,0.0642023000000335,2164.033360072612,0.5711942773021934,2164.033359364382,-3.272733029665857e-08
Ablated PINN,1,785,True,optimal,3.091070000300533e-05,0.11454609999782406,0.11457701069782707,0.073649199999636,2288.1181335471138,0.6427921234031003,2288.118134683176,4.9650500710899875e-08
Ablated PINN,1,786,True,optimal,3.091070000300533e-05,0.12846390000049723,0.12849481070050023,0.1064272000003256,2089.9251652700104,0.8282606855493136,2089.925165293744,1.1356253029782118e-09
Ablated PINN,1,787,True,optimal,3.091070000300533e-05,0.11400979999962146,0.11404071069962447,0.0810764999987441,2211.5127043931125,0.710943482387567,2211.512704367441,-1.160807143510734e-09
Ablated PINN,1,788,True,optimal,3.091070000300533e-05,0.11464150000028894,0.11467241070029195,0.0771961999998893,2161.68342159744,0.6731889521503952,2161.6834212906847,-1.4190573857572036e-08
Ablated PINN,1,789,True,optimal,3.091070000300533e-05,0.10600479999993695,0.10603571069993996,0.0880562999991525,2205.707294852995,0.8304400415472706,2205.707295601544,3.393692158755032e-08
Ablated PINN,1,790,True,optimal,3.091070000300533e-05,0.11057419999997364,0.11060511069997665,0.0693079000011493,2199.2707245260253,0.6266247514470769,2199.270724365464,-7.3006603218843944e-09
Ablated PINN,1,791,True,optimal,3.091070000300533e-05,0.10450589999891235,0.10453681069891536,0.0695395000002463,2147.9208417799714,0.6652154349775644,2147.920841779771,-9.33663745144077e-12
Ablated PINN,1,792,True,optimal,3.091070000300533e-05,0.09240140000110841,0.09243231070111142,0.0621151000013924,2151.7091099163554,0.672006352867748,2151.7091084654307,-6.743126297865235e-08
Ablated PINN,1,793,True,optimal,3.091070000300533e-05,0.08682039999985136,0.08685131069985437,0.0612724000020534,2238.3985991718487,0.7054861867750274,2238.3985992863686,5.116154688034988e-09
Ablated PINN,1,794,True,optimal,3.091070000300533e-05,0.09457939999992959,0.0946103106999326,0.0666798999991442,2245.360295322794,0.7047847058723559,2245.3602952957763,-1.2032770159202172e-09
Ablated PINN,1,795,True,optimal,3.091070000300533e-05,0.10386250000010477,0.10389341070010778,0.0624257999988913,2253.102796372987,0.6008639005902473,2253.1027964632367,4.005570191895421e-09
Ablated PINN,1,796,True,optimal,3.091070000300533e-05,0.10557429999971646,0.10560521069971947,0.0615045000013196,2240.701502252212,0.5824002394749541,2240.7015022361907,-7.150083981725148e-10
Ablated PINN,1,797,True,optimal,3.091070000300533e-05,0.09698969999953988,0.09702061069954289,0.0611744000016187,2190.840324583168,0.6305299416333907,2190.8403243888133,-8.871229368682724e-09
Ablated PINN,1,798,True,optimal,3.091070000300533e-05,0.09366610000142828,0.09369701070143129,0.0584616000014648,2197.170995127462,0.6239430646059209,2197.170995126903,-2.543654979420673e-11
Ablated PINN,1,799,True,optimal,3.091070000300533e-05,0.09354789999997593,0.09357881069997893,0.0567969000003358,2153.593563661499,0.6069418875436572,2153.5935703855216,3.122233778191718e-07
Ablated PINN,1,800,True,optimal,3.091070000300533e-05,0.10390629999892553,0.10393721069892854,0.0922023999992234,2265.5833581349607,0.8870971173769808,2265.583358129972,-2.2018957816370674e-10
Ablated PINN,1,801,True,optimal,3.091070000300533e-05,0.08854950000022654,0.08858041070022955,0.1170894999995653,2142.9249185060357,1.3218441760878161,2142.9249182930967,-9.936843012672921e-09
Ablated PINN,1,802,True,optimal,3.091070000300533e-05,0.11334590000114986,0.11337681070115287,0.1244087000013678,2185.6565966284143,1.0973028720069893,2185.6565965317313,-4.423518540214052e-09
Ablated PINN,1,803,True,optimal,3.091070000300533e-05,0.10030539999934263,0.10033631069934563,0.1063532000007398,2157.8500099467183,1.0599672168475835,2157.850009432836,-2.3814548707260606e-08
Ablated PINN,1,804,True,optimal,3.091070000300533e-05,0.09592369999882067,0.09595461069882368,0.0933168000010482,2083.3465180258863,0.9725098077250829,2083.346518307148,1.3500475741171646e-08
Ablated PINN,1,805,True,optimal,3.091070000300533e-05,0.09776289999717847,0.09779381069718147,0.107426899998245,2245.1237808884016,1.0985040794748493,2245.1237808863075,-9.327376818410972e-11
Ablated PINN,1,806,True,optimal,3.091070000300533e-05,0.11302210000212654,0.11305301070212954,0.0998983000026783,2170.365447072126,0.8836412173567753,2170.365452600581,2.547246322571915e-07
Ablated PINN,1,807,True,optimal,3.091070000300533e-05,0.10760300000038114,0.10763391070038415,0.0859085000010964,2205.7428930638634,0.7981545912629354,2205.7428930317765,-1.4547014150855472e-09
Ablated PINN,1,808,True,optimal,3.091070000300533e-05,0.09596930000043358,0.09600021070043659,0.0814357999988715,2232.9801599287457,0.8482877215028982,2232.980159912972,-7.064022172369916e-10
Ablated PINN,1,809,True,optimal,3.091070000300533e-05,0.10007729999779258,0.10010821069779559,0.1005719999993743,2178.422329786948,1.0046328797442878,2178.4223291781204,-2.794809658682966e-08
Ablated PINN,1,810,True,optimal,3.091070000300533e-05,0.09278450000056182,0.09281541070056483,0.0863230000031762,2213.4155283627456,0.9300502939287311,2213.415528537084,7.87643841225351e-09
Ablated PINN,1,811,True,optimal,3.091070000300533e-05,0.10244170000078157,0.10247261070078457,0.0797216999999363,2292.810168680216,0.7779805691954125,2292.810168680248,1.3883536891488821e-12
Ablated PINN,1,812,True,optimal,3.091070000300533e-05,0.09252569999807747,0.09255661069808048,0.0678661999991163,2116.131275230048,0.7332399002864932,2116.131275214609,-7.295706435281098e-10
Ablated PINN,1,813,True,optimal,3.091070000300533e-05,0.10780560000057449,0.1078365107005775,0.0726809000007051,2129.509371071957,0.6739915778850945,2129.509370171725,-4.227414845934963e-08
Ablated PINN,1,814,True,optimal,3.091070000300533e-05,0.1336644000002707,0.13369531070027368,0.0681239999976242,2153.934623761386,0.5095466672750306,2153.9346228526774,-4.2188301983668415e-08
Ablated PINN,1,815,True,optimal,3.091070000300533e-05,0.10158189999856404,0.10161281069856705,0.0591978000011295,2195.872937619504,0.5825820543114286,2195.8729359308227,-7.690249588087052e-08
Ablated PINN,1,816,True,optimal,3.091070000300533e-05,0.10605390000273474,0.10608481070273774,0.0551077000018267,2136.688200180949,0.5194683351629389,2136.688200010293,-7.986950158856463e-09
Ablated PINN,1,817,True,optimal,3.091070000300533e-05,0.10546360000080313,0.10549451070080614,0.0588013999986287,2232.0072626494,0.5573882433124491,2232.0072629250008,1.2347654333897846e-08
Ablated PINN,1,818,True,optimal,3.091070000300533e-05,0.10694880000301055,0.10697971070301356,0.0564730000005511,2190.664671690613,0.5278851441029396,2190.664668492181,-1.4600280373753585e-07
Ablated PINN,1,819,True,optimal,3.091070000300533e-05,0.1047723000010592,0.1048032107010622,0.058216800000082,2238.0197906277417,0.555486798645301,2238.019790601122,-1.1894240520265659e-09
Ablated PINN,1,820,True,optimal,3.091070000300533e-05,0.11097179999705986,0.11100271069706287,0.1101100999985646,2151.3130110604907,0.9919586585508322,2151.31300896313,-9.749212271162513e-08
Ablated PINN,1,821,True,optimal,3.091070000300533e-05,0.1696671999998216,0.1696981106998246,0.0831022000020311,2193.6736558687267,0.489706100199482,2193.6736553107075,-2.5437653797676838e-08
Ablated PINN,1,822,True,optimal,3.091070000300533e-05,0.10799300000144285,0.10802391070144586,0.0753828999986581,2135.850487640817,0.6978353172845198,2135.8504846764195,-1.387923685865615e-07
Ablated PINN,1,823,True,optimal,3.091070000300533e-05,0.1014766000007512,0.10150751070075421,0.0739915999984077,2153.346116066893,0.7289273422982082,2153.3461158552723,-9.827531713652303e-09
Ablated PINN,1,824,True,optimal,3.091070000300533e-05,0.12549030000081984,0.12552121070082284,0.0953582000001915,2160.627085108109,0.7596978986083537,2160.6270850118644,-4.454472916421814e-09
Ablated PINN,1,825,True,optimal,3.091070000300533e-05,0.11317870000129915,0.11320961070130216,0.0844053000000712,2230.78538072225,0.7455665599166339,2230.7853806508047,-3.2026996821469613e-09
Ablated PINN,1,826,True,optimal,3.091070000300533e-05,0.09677379999993718,0.09680471069994019,0.1013650999993842,2125.31601225673,1.0471091671724486,2125.3160122572212,2.310842887010889e-11
Ablated PINN,1,827,True,optimal,3.091070000300533e-05,0.13392889999886393,0.13395981069886692,0.079744099999516,2220.9747981485484,0.595283761476609,2220.9747981266814,-9.84566827726064e-10
Ablated PINN,1,828,True,optimal,3.091070000300533e-05,0.098514500001329,0.098545410701332,0.0747054999992542,2237.4865078881985,0.7580819793391397,2237.4865078798225,-3.7434824417704643e-10
Ablated PINN,1,829,True,optimal,3.091070000300533e-05,0.10562220000065281,0.10565311070065582,0.100370500000281,2151.481950283664,0.9500004243571976,2151.481949993225,-1.3499483345448262e-08
Ablated PINN,1,830,True,optimal,3.091070000300533e-05,0.09172970000145142,0.09176061070145443,0.0988470999982382,2168.8963367058977,1.0772280093017237,2168.8963365262075,-8.284869563855788e-09
Ablated PINN,1,831,True,optimal,3.091070000300533e-05,0.09262350000062725,0.09265441070063025,0.1336632000020472,2209.555018644443,1.442599429334431,2209.5550186455403,4.966182550015126e-11
Ablated PINN,1,832,True,optimal,3.091070000300533e-05,0.09730449999915436,0.09733541069915737,0.1014569999970262,2250.942634975713,1.0423441917824519,2250.942635218449,1.07837466259329e-08
Ablated PINN,1,833,True,optimal,3.091070000300533e-05,0.08926929999870481,0.08930021069870782,0.1482988000025216,2172.7157449850506,1.660676932811173,2172.7157445606326,-1.9533985395867402e-08
Ablated PINN,1,834,True,optimal,3.091070000300533e-05,0.11652809999941383,0.11655901069941683,0.1342702000001736,2199.0639222087407,1.1519504085911512,2199.06392222383,6.861749876719739e-10
Ablated PINN,1,835,True,optimal,3.091070000300533e-05,0.10382700000263867,0.10385791070264168,0.0970311000019137,2173.92062351468,0.9342677832189982,2173.920623347521,-7.689276136158935e-09
Ablated PINN,1,836,True,optimal,3.091070000300533e-05,0.10149119999914546,0.10152211069914847,0.1223054000001866,2202.4887431244583,1.2047168755447522,2202.4887444828933,6.167727000781359e-08
Ablated PINN,1,837,True,optimal,3.091070000300533e-05,0.09163669999907142,0.09166761069907443,0.102231999997457,2200.801004163574,1.1152466963829049,2200.8010041417715,-9.906578082095503e-10
Ablated PINN,1,838,True,optimal,3.091070000300533e-05,0.09582080000109272,0.09585171070109573,0.106494699997711,2302.53021175128,1.1110359869298985,2302.5302117649335,5.929709149236577e-10
Ablated PINN,1,839,True,optimal,3.091070000300533e-05,0.09735129999899073,0.09738221069899373,0.1102935000017169,2199.218372488099,1.1325836537294443,2199.218372448386,-1.805761169621137e-09
Ablated PINN,1,840,True,optimal,3.091070000300533e-05,0.10485360000166111,0.10488451070166412,0.0991678999998839,2206.597335336667,0.9454961398633905,2206.597335310947,-1.1655980457740986e-09
Ablated PINN,1,841,True,optimal,3.091070000300533e-05,0.11523849999866798,0.11526941069867098,0.0984644999989541,2117.128618086004,0.8542118798225916,2117.1286180219204,-3.0269040287314353e-09
Ablated PINN,1,842,True,optimal,3.091070000300533e-05,0.11350909999964642,0.11354001069964943,0.1245623999966483,2160.1220611622384,1.097079339953179,2160.1220608877325,-1.2707891353054541e-08
Ablated PINN,1,843,True,optimal,3.091070000300533e-05,0.11886289999893052,0.11889381069893352,0.0935185000016645,2244.5341073260383,0.7865716428122138,2244.5341069904653,-1.4950678440858113e-08
Ablated PINN,1,844,True,optimal,3.091070000300533e-05,0.10589739999704761,0.10592831069705062,0.1019971999994595,2203.5582075110574,0.9628889512942966,2203.5582066365996,-3.968389760018585e-08
Ablated PINN,1,845,True,optimal,3.091070000300533e-05,0.1035593999986304,0.1035903106986334,0.1058495000033872,2204.4131125280637,1.0218088862705148,2204.41311244168,-3.918675963387194e-09
Ablated PINN,1,846,True,optimal,3.091070000300533e-05,0.10224430000016582,0.10227521070016883,0.100414799999271,2174.049539338711,0.9818097592939521,2174.0495386195976,-3.3077137667294964e-08
Ablated PINN,1,847,True,optimal,3.091070000300533e-05,0.12205730000277981,0.12208821070278282,0.1441817000013543,2249.954835468638,1.1809633311143932,2249.9548354609046,-3.437150527319109e-10
Ablated PINN,1,848,True,optimal,3.091070000300533e-05,0.09500520000074175,0.09503611070074476,0.0993211000022711,2196.7588383707343,1.0450880120191277,2196.758839393268,4.654737273199781e-08
Ablated PINN,1,849,True,optimal,3.091070000300533e-05,0.09764160000122502,0.09767251070122802,0.0951131000001623,2194.463102894298,0.9737959976385296,2194.4631028443496,-2.2761166255559203e-09
Ablated PINN,1,850,True,optimal,3.091070000300533e-05,0.10994460000074469,0.1099755107007477,0.0978451000009954,2217.274263020496,0.8896989827784467,2217.2742629650443,-2.500903604570584e-09
Ablated PINN,1,851,True,optimal,3.091070000300533e-05,0.10034400000222377,0.10037491070222677,0.0921605999974417,2212.9676055801974,0.9181637059767481,2212.967605586451,2.8259272994423517e-10
Ablated PINN,1,852,True,optimal,3.091070000300533e-05,0.09690459999910672,0.09693551069910973,0.1054700999993656,2205.7464218702075,1.0880439917085438,2205.7464220871793,9.836660387964684e-09
Ablated PINN,1,853,True,optimal,3.091070000300533e-05,0.12930140000025858,0.12933231070026158,0.089220199999545,2178.0647467486538,0.6898523618457592,2178.0647464647554,-1.3034429616239053e-08
Ablated PINN,1,854,True,optimal,3.091070000300533e-05,0.12781420000101207,0.12784511070101506,0.1218503999989479,2219.073221577553,0.9531095818276015,2219.073221549334,-1.2716521400698828e-09
Ablated PINN,1,855,True,optimal,3.091070000300533e-05,0.10475840000071912,0.10478931070072213,0.0991031999983533,2167.0337407969764,0.9457376838883087,2167.0337407049747,-4.245515601128035e-09
Ablated PINN,1,856,True,optimal,3.091070000300533e-05,0.09513759999754257,0.09516851069754557,0.0940855999979248,2212.4418692242134,0.9886211238183357,2212.44186920815,-7.260527675850791e-10
Ablated PINN,1,857,True,optimal,3.091070000300533e-05,0.09626220000063768,0.09629311070064069,0.1233008999988669,2111.832248441616,1.2804747826891683,2111.832248360181,-3.856120267828494e-09
Ablated PINN,1,858,True,optimal,3.091070000300533e-05,0.09355309999955352,0.09358401069955653,0.115413499999704,2268.79490113783,1.2332608865229038,2268.7949010917478,-2.0311345695602485e-09
Ablated PINN,1,859,True,optimal,3.091070000300533e-05,0.09296750000066822,0.09299841070067123,0.0979086000006645,2211.922120771761,1.052798636697109,2211.922120273172,-2.2540987476725206e-08
Ablated PINN,1,860,True,optimal,3.091070000300533e-05,0.11846560000049067,0.11849651070049368,0.0925181999991764,2162.3352604774186,0.7807672939249759,2162.335260465068,-5.711641265100878e-10
Ablated PINN,1,861,True,optimal,3.091070000300533e-05,0.1095153999995091,0.10954631069951211,0.0940732000017305,2122.672658011883,0.8587527904958416,2122.672657700662,-1.4661747317453686e-08
Ablated PINN,1,862,True,optimal,3.091070000300533e-05,0.11103629999706754,0.11106721069707055,0.1240146000018285,2175.3070569825845,1.1165725619964582,2175.3070563230285,-3.0320133698561315e-08
Ablated PINN,1,863,True,optimal,3.091070000300533e-05,0.11255429999800981,0.11258521069801282,0.105847700000595,2125.6344609896337,0.9401563433096924,2125.6344608948266,-4.460178534681982e-09
Ablated PINN,1,864,True,optimal,3.091070000300533e-05,0.09454120000009425,0.09457211070009726,0.100574800002505,2200.847578190558,1.063472087679667,2200.8475781829243,-3.46859267083243e-10
Ablated PINN,1,865,True,optimal,3.091070000300533e-05,0.10124390000055428,0.10127481070055729,0.1035154999990481,2239.6220430834937,1.0221248431173664,2239.622043069383,-6.300531976627329e-10
Ablated PINN,1,866,True,optimal,3.091070000300533e-05,0.10695710000072722,0.10698801070073023,0.1178729000021121,2234.3288853029217,1.101739337240594,2234.32888520839,-4.230868413421119e-09
Ablated PINN,1,867,True,optimal,3.091070000300533e-05,0.09860720000142464,0.09863811070142765,0.104140899999038,2264.256881305836,1.055787659135798,2264.2568814120814,4.692283501438954e-09
Ablated PINN,1,868,True,optimal,3.091070000300533e-05,0.08797880000201985,0.08800971070202286,0.1010007000004407,2228.2001883685493,1.147608589947555,2228.200188298868,-3.127250041869143e-09
Ablated PINN,1,869,True,optimal,3.091070000300533e-05,0.10635690000344766,0.10638781070345067,0.1054631000006338,2133.0817377674684,0.9913081141842984,2133.0817378721877,4.9092924151953244e-09
Ablated PINN,1,870,True,optimal,3.091070000300533e-05,0.1057357999998203,0.10576671069982331,0.0998972000015783,2249.998160800221,0.9445051220803937,2249.998160786894,-5.923038559435523e-10
Ablated PINN,1,871,True,optimal,3.091070000300533e-05,0.0962418000017351,0.09627271070173811,0.0993393999997351,2206.78641525319,1.0318541908256627,2206.7864154986223,1.112169921827824e-08
Ablated PINN,1,872,True,optimal,3.091070000300533e-05,0.09151009999914095,0.09154101069914396,0.1023925999979837,2183.416128812071,1.1185434726573455,2183.4161286659023,-6.694488035144275e-09
Ablated PINN,1,873,True,optimal,3.091070000300533e-05,0.10125179999886313,0.10128271069886614,0.115620200002013,2045.6228501996304,1.1415590993192815,2045.6228502878653,4.313349152194175e-09
Ablated PINN,1,874,True,optimal,3.091070000300533e-05,0.09685189999800059,0.0968828106980036,0.0946383000009518,2308.93293548919,0.9768327252184267,2308.932935480777,-3.643796062430009e-10
Ablated PINN,1,875,True,optimal,3.091070000300533e-05,0.10956559999976889,0.1095965106997719,0.1258168999993358,2176.8827785621656,1.1480009645927318,2176.882777975892,-2.693178880413762e-08
Ablated PINN,1,876,True,optimal,3.091070000300533e-05,0.09843710000131978,0.09846801070132279,0.1251641999988351,2211.869385493217,1.2711153511416848,2211.8693859086,1.877972807418076e-08
Ablated PINN,1,877,True,optimal,3.091070000300533e-05,0.10352429999693413,0.10355521069693714,0.1403337000010651,2234.638471254582,1.3551582682957717,2234.638471242229,-5.527854817851035e-10
Ablated PINN,1,878,True,optimal,3.091070000300533e-05,0.10079509999923175,0.10082601069923476,0.1640990000014426,2220.9570698653297,1.6275462934951572,2220.957070157352,1.3148492683488135e-08
Ablated PINN,1,879,True,optimal,3.091070000300533e-05,0.10673350000070059,0.1067644107007036,0.291046099999221,2117.8412674350734,2.7260591623094395,2117.8412679443654,2.404769562854665e-08
Ablated PINN,1,880,True,optimal,3.091070000300533e-05,0.08885359999840148,0.08888451069840449,0.2369683000033546,2156.1419137942858,2.666024689131897,2156.1419137940707,-9.975943401182797e-12
Ablated PINN,1,881,True,optimal,3.091070000300533e-05,0.11261309999827063,0.11264401069827364,0.2301845000001776,2224.5346514408734,2.0434686102996276,2224.534651416332,-1.1032127671912825e-09
Ablated PINN,1,882,True,optimal,3.091070000300533e-05,0.10682980000274256,0.10686071070274557,0.2539629000020795,2277.307157445397,2.3765788036776967,2277.307157383833,-2.7033749447931696e-09
Ablated PINN,1,883,True,optimal,3.091070000300533e-05,0.10019069999907515,0.10022161069907816,0.2289533999974082,2150.7173687391687,2.284471367007417,2150.717368686635,-2.4426165418124775e-09
Ablated PINN,1,884,True,optimal,3.091070000300533e-05,0.11271249999845168,0.11274341069845469,0.2333772999991197,2155.528380616301,2.06998616197016,2155.5283798760115,-3.434376395263821e-08
Ablated PINN,1,885,True,optimal,3.091070000300533e-05,0.08340970000062953,0.08344061070063254,0.2149341999975149,2185.6147778057707,2.575894377962475,2185.6147778022896,-1.592728511165492e-10
Ablated PINN,1,886,True,optimal,3.091070000300533e-05,0.12323190000097384,0.12326281070097685,0.2121760999980324,2068.722086126791,1.7213310226451857,2068.722091179205,2.4422874813562027e-07
Ablated PINN,1,887,True,optimal,3.091070000300533e-05,0.09187270000256831,0.09190361070257132,0.2355787999986205,2107.31413837561,2.5633247507655255,2107.3141380452607,-1.5676324096449754e-08
Ablated PINN,1,888,True,optimal,3.091070000300533e-05,0.09931490000235499,0.099345810702358,0.2293844999985594,2161.5356046318407,2.30894990313985,2161.5356043558872,-1.2766545452797779e-08
Ablated PINN,1,889,True,optimal,3.091070000300533e-05,0.09390939999866532,0.09394031069866833,0.2730091999983415,2154.4086333093483,2.906198605985786,2154.4086335470374,1.103268714559645e-08
Ablated PINN,1,890,True,optimal,3.091070000300533e-05,0.11065679999956046,0.11068771069956347,0.2284598000005644,2116.7996358163264,2.064003298619721,2116.7996386335635,1.3308945722228696e-07
Ablated PINN,1,891,True,optimal,3.091070000300533e-05,0.10282969999752822,0.10286061069753123,0.2151989999983925,2141.5899935137386,2.092141963177723,2141.58999335303,-7.504173244398717e-09
Ablated PINN,1,892,True,optimal,3.091070000300533e-05,0.08610939999925904,0.08614031069926205,0.2229795999992347,2179.7873067823725,2.588562755220535,2179.7873066769466,-4.836522215602484e-09
Ablated PINN,1,893,True,optimal,3.091070000300533e-05,0.10064560000319034,0.10067651070319335,0.1871869999995397,2126.84622935289,1.8592916926907592,2126.846229239871,-5.3139369951019785e-09
Ablated PINN,1,894,True,optimal,3.091070000300533e-05,0.12089939999714261,0.12093031069714562,0.2023311999982979,2258.961724615864,1.6731223035142142,2258.9617246053413,-4.658270029476568e-10
Ablated PINN,1,895,True,optimal,3.091070000300533e-05,0.09874630000194884,0.09877721070195185,0.1823293999987072,2120.857831624615,1.8458650401544934,2120.857830728726,-4.224180648394233e-08
Ablated PINN,1,896,True,optimal,3.091070000300533e-05,0.10437140000067302,0.10440231070067603,0.1709375000027648,2139.357414393901,1.637296136987301,2139.3574143279207,-3.0841131169057897e-09
Ablated PINN,1,897,True,optimal,3.091070000300533e-05,0.09120099999927334,0.09123191069927634,0.1385478000011062,2236.828311045135,1.5186331069815593,2236.8283112795475,1.047969164777232e-08
Ablated PINN,1,898,True,optimal,3.091070000300533e-05,0.10057050000250456,0.10060141070250757,0.2057855000020936,2189.895832980872,2.045552826397535,2189.895832151047,-3.789334508013887e-08
Ablated PINN,1,899,True,optimal,3.091070000300533e-05,0.12367860000085784,0.12370951070086085,0.1981755999986489,2165.0991649802154,1.6019431236604984,2165.0991642565496,-3.342414271443288e-08
Ablated PINN,1,900,True,optimal,3.091070000300533e-05,0.0969301999975869,0.0969611106975899,0.2204181000015523,2163.198417931077,2.2732629444500687,2163.198417921346,-4.4984955984419066e-10
Ablated PINN,1,901,True,optimal,3.091070000300533e-05,0.10419919999912963,0.10423011069913264,0.1574610999996366,2187.286236367795,1.5107064450325574,2187.2862363191975,-2.221816438066409e-09
Ablated PINN,1,902,True,optimal,3.091070000300533e-05,0.12037590000181808,0.12040681070182109,0.1863426999989315,2163.079428579788,1.5476092997795279,2163.079428271624,-1.4246545259970062e-08
Ablated PINN,1,903,True,optimal,3.091070000300533e-05,0.11533509999935632,0.11536601069935933,0.1730766000000585,2099.9592458107286,1.5002390994613777,2099.95924571421,-4.5962206731462765e-09
Ablated PINN,1,904,True,optimal,3.091070000300533e-05,0.10756590000164579,0.1075968107016488,0.1858194999986153,2250.8485716085247,1.7269982147878649,2250.848571590956,-7.80537143891138e-10
Ablated PINN,1,905,True,optimal,3.091070000300533e-05,0.10170130000187783,0.10173221070188083,0.245987199999945,2114.74707455696,2.417987364108241,2114.7470739409373,-2.9129847100637498e-08
Ablated PINN,1,906,True,optimal,3.091070000300533e-05,0.08522059999813791,0.08525151069814092,0.1542054000019561,2142.258415625311,1.808828943195711,2142.258411353624,-1.9940110607299485e-07
Ablated PINN,1,907,True,optimal,3.091070000300533e-05,0.0973840000006021,0.09741491070060511,0.1289409000019077,2153.850406989045,1.3236259118298073,2153.850406879888,-5.067998176903618e-09
Ablated PINN,1,908,True,optimal,3.091070000300533e-05,0.13524150000012014,0.13527241070012314,0.1241946000009193,2175.305344746177,0.9181073905472008,2175.3053434064304,-6.158889992581105e-08
Ablated PINN,1,909,True,optimal,3.091070000300533e-05,0.10410550000233343,0.10413641070233644,0.1774317000017617,2142.843560672238,1.7038392124819104,2142.8435606360554,-1.6885239960905735e-09
Ablated PINN,1,910,True,optimal,3.091070000300533e-05,0.11406089999945834,0.11409181069946135,0.170436399999744,2190.423457092006,1.4938530553144131,2190.4234570351705,-2.5947351856475133e-09
Ablated PINN,1,911,True,optimal,3.091070000300533e-05,0.10631659999853582,0.10634751069853883,0.1926137000009475,2188.2095645514646,1.811172623936123,2188.2095645355384,-7.278170235952818e-10
Ablated PINN,1,912,True,optimal,3.091070000300533e-05,0.10257470000215108,0.10260561070215408,0.1566028000015649,2072.8184387330907,1.526259616115488,2072.8184387339074,3.940172602339806e-11
Ablated PINN,1,913,True,optimal,3.091070000300533e-05,0.11273290000099223,0.11276381070099524,0.1495484999977634,2168.1539062117854,1.3262100586003298,2168.1539062059196,-2.705428826929194e-10
Ablated PINN,1,914,True,optimal,3.091070000300533e-05,0.10471500000130618,0.10474591070130919,0.1880190999982005,2106.224971315142,1.7950018166756985,2106.2249711006616,-1.0183158338951093e-08
Ablated PINN,1,915,True,optimal,3.091070000300533e-05,0.09691390000079991,0.09694481070080292,0.1798093999968841,2152.118648047007,1.854760442534908,2152.118647418115,-2.922199201165964e-08
Ablated PINN,1,916,True,optimal,3.091070000300533e-05,0.09414969999852474,0.09418061069852775,0.2104014999968058,2074.6824072151853,2.234021402455132,2074.6824072563522,1.9842513384473462e-09
Ablated PINN,1,917,True,optimal,3.091070000300533e-05,0.10066949999963981,0.10070041069964282,0.1787471999996341,2179.2877825005544,1.775039433878576,2179.2877824971183,-1.5766944645353412e-10
Ablated PINN,1,918,True,optimal,3.091070000300533e-05,0.08851659999709227,0.08854751069709528,0.1252236000000266,2093.161032672173,1.4141967291253785,2093.1610324951453,-8.45743275212288e-09
Ablated PINN,1,919,True,optimal,3.091070000300533e-05,0.09341400000266731,0.09344491070267032,0.1342676999993273,2123.124970405285,1.4368647686608622,2123.124968743713,-7.826066811832866e-08
Ablated PINN,1,920,True,optimal,3.091070000300533e-05,0.09856710000167368,0.09859801070167669,0.1202875000017229,2187.401856543794,1.2199789746840946,2187.4018564558473,-4.020604314487959e-09
Ablated PINN,1,921,True,optimal,3.091070000300533e-05,0.10160850000102073,0.10163941070102374,0.1752381000005698,2109.721338315743,1.7241156633231518,2109.7213383220974,3.011859726938776e-10
Ablated PINN,1,922,True,optimal,3.091070000300533e-05,0.09074799999871175,0.09077891069871476,0.1547479000000748,2140.4219111097755,1.7046679543629477,2140.421910577419,-2.4871561537236045e-08
Ablated PINN,1,923,True,optimal,3.091070000300533e-05,0.08988210000097752,0.08991301070098053,0.137724000000162,2128.926327684905,1.5317471734784216,2128.926327257371,-2.0082137160297417e-08
Ablated PINN,1,924,True,optimal,3.091070000300533e-05,0.10827330000029178,0.10830421070029479,0.1327710000005026,2168.728739301412,1.2259080154133029,2168.7287390583597,-1.1207139473117661e-08
Ablated PINN,1,925,True,optimal,3.091070000300533e-05,0.1268119000014849,0.1268428107014879,0.1303479000016523,2208.2689928113737,1.0276333304251142,2208.2689929903368,8.104225166401608e-09
Ablated PINN,1,926,True,optimal,3.091070000300533e-05,0.08860799999820301,0.08863891069820602,0.1742757000029087,2253.969415059693,1.9661308857492075,2253.969415126589,2.967922428429782e-09
Ablated PINN,1,927,True,optimal,3.091070000300533e-05,0.12468240000089281,0.12471331070089582,0.1460759999972651,2174.4531577407306,1.1712943804980378,2174.4531561891713,-7.135400007015416e-08
Ablated PINN,1,928,True,optimal,3.091070000300533e-05,0.1048399999999674,0.10487091069997041,0.1834857999965606,2178.779410148717,1.7496348489001188,2178.7794099786033,-7.807752690181729e-09
Ablated PINN,1,929,True,optimal,3.091070000300533e-05,0.09886829999959446,0.09889921069959746,0.1900859000015771,2130.525708269769,1.922016350352438,2130.5257076410876,-2.9508275302663897e-08
Ablated PINN,1,930,True,optimal,3.091070000300533e-05,0.09395049999875482,0.09398141069875783,0.180231400001503,2113.444409484092,1.9177345675221404,2113.444409448572,-1.6806621773913371e-09
Ablated PINN,1,931,True,optimal,3.091070000300533e-05,0.10677909999867552,0.10681001069867853,0.2093681000005745,2192.3910014445137,1.9601917332563736,2192.3910013615073,-3.786112885186449e-09
Ablated PINN,1,932,True,optimal,3.091070000300533e-05,0.10465859999749227,0.10468951069749528,0.1477196000014373,2221.246231469925,1.4110257944397053,2221.2462314750046,2.2867919087207146e-10
Ablated PINN,1,933,True,optimal,3.091070000300533e-05,0.11321710000265739,0.1132480107026604,0.192126099998859,2149.6294757185665,1.696507504253632,2149.6294757637247,2.100744869872711e-09
Ablated PINN,1,934,True,optimal,3.091070000300533e-05,0.11610669999936363,0.11613761069936664,0.1968147000006865,2136.3431310642613,1.694668065026413,2136.3431338162786,1.2881906659611313e-07
Ablated PINN,1,935,True,optimal,3.091070000300533e-05,0.10231109999949695,0.10234201069949996,0.1679875000008905,2243.2982163963766,1.6414324758005883,2243.2982164648924,3.054247240183044e-09
Ablated PINN,1,936,True,optimal,3.091070000300533e-05,0.09567889999743784,0.09570981069744085,0.1494700999974156,2102.457957637901,1.56170092604114,2102.457953505738,-1.9653963578570507e-07
Ablated PINN,1,937,True,optimal,3.091070000300533e-05,0.09992170000259648,0.09995261070259949,0.1852222999987134,2170.5630955109577,1.8531011716124817,2170.5630954622557,-2.243753113586547e-09
Ablated PINN,1,938,True,optimal,3.091070000300533e-05,0.12339979999887873,0.12343071069888174,0.1607534000031591,2255.1790958793754,1.3023776586309124,2255.1790958411484,-1.6950747672353657e-09
Ablated PINN,1,939,True,optimal,3.091070000300533e-05,0.11343080000006012,0.11346171070006313,0.1971234000011463,2206.3724089315883,1.737356142304636,2206.3724089161897,-6.979173023276736e-10
Ablated PINN,1,940,True,optimal,3.091070000300533e-05,0.11447039999984554,0.11450131069984855,0.2109291999986453,2189.1711010548124,1.8421553317548556,2189.1710993819393,-7.641582547770845e-08
Ablated PINN,1,941,True,optimal,3.091070000300533e-05,0.09517990000313148,0.09521081070313449,0.1633666999987326,2085.4343266158776,1.7158419174489217,2085.43432659944,-7.882172208782644e-10
Ablated PINN,1,942,True,optimal,3.091070000300533e-05,0.12388579999969807,0.12391671069970107,0.2018755999997665,2190.5510210162406,1.629123294670002,2190.551020301918,-3.2609265380601814e-08
Ablated PINN,1,943,True,optimal,3.091070000300533e-05,0.09937969999737106,0.09941061069737407,0.1596859000019321,2228.600124584464,1.6063265166738405,2228.600124536351,-2.1588969096670347e-09
Ablated PINN,1,944,True,optimal,3.091070000300533e-05,0.11102329999994254,0.11105421069994555,0.1591383000013593,2166.1819354901013,1.4329785336220244,2166.1819351671766,-1.490755364419946e-08
Ablated PINN,1,945,True,optimal,3.091070000300533e-05,0.11302969999815105,0.11306061069815405,0.1923009999991336,2178.099464903521,1.700866453945957,2178.099464098115,-3.6977476435960116e-08
Ablated PINN,1,946,True,optimal,3.091070000300533e-05,0.10518740000043181,0.10521831070043482,0.1951030000018363,2238.9125429516,1.8542685080480963,2238.912542961114,4.2494844674476764e-10
Ablated PINN,1,947,True,optimal,3.091070000300533e-05,0.10187419999783742,0.10190511069784043,0.1580558999994537,2193.3170511699705,1.551010532416832,2193.3170509556035,-9.773643605188255e-09
Ablated PINN,1,948,True,optimal,3.091070000300533e-05,0.114504000001034,0.11453491070103701,0.1961898000008659,2143.5775558986584,1.7129257690955668,2143.5775552652794,-2.9547749731844772e-08
Ablated PINN,1,949,True,optimal,3.091070000300533e-05,0.0891762999999628,0.0892072106999658,0.1584670000011101,2246.86419198104,1.7763922754415957,2246.864192091769,4.9281441485998785e-09
Ablated PINN,1,950,True,optimal,3.091070000300533e-05,0.10084999999889988,0.10088091069890288,0.1850651999993715,2204.0493213063164,1.8344917657586544,2204.049321262044,-2.0086838649628235e-09
Ablated PINN,1,951,True,optimal,3.091070000300533e-05,0.10305680000237771,0.10308771070238072,0.204940899999201,2131.637076925947,1.9880245530999854,2131.6370793985366,1.1599486668192126e-07
Ablated PINN,1,952,True,optimal,3.091070000300533e-05,0.11911120000149822,0.11914211070150123,0.1576543000010133,2126.582387491638,1.3232458202457111,2126.5823875333213,1.9600957819518746e-09
Ablated PINN,1,953,True,optimal,3.091070000300533e-05,0.1080374999983178,0.10806841069832081,0.1640867999994952,2161.594759950924,1.5183604435300981,2161.5947569720142,-1.378107445791914e-07
Ablated PINN,1,954,True,optimal,3.091070000300533e-05,0.0935994000028586,0.09363031070286161,0.1564891999987594,2196.2510681535,1.6713519246495103,2196.2510680764667,-3.5074902347221647e-09
Ablated PINN,1,955,True,optimal,3.091070000300533e-05,0.11326720000215573,0.11329811070215874,0.2018350999969698,2201.7273910196127,1.781451594789251,2201.727390945931,-3.3465452657747155e-09
Ablated PINN,1,956,True,optimal,3.091070000300533e-05,0.09439120000024559,0.0944221107002486,0.1458315999989281,2128.407782774298,1.5444645212590462,2128.4077827670935,-3.3849539258418705e-10
Ablated PINN,1,957,True,optimal,3.091070000300533e-05,0.11246980000214535,0.11250071070214836,0.1721011000008729,2215.466502507869,1.529777891417235,2215.4665036670003,5.231997152569866e-08
Ablated PINN,1,958,True,optimal,3.091070000300533e-05,0.11238919999959762,0.11242011069960063,0.2006235999979253,2070.757387364137,1.7845881733208258,2070.7573873726806,4.1259267167605116e-10
Ablated PINN,1,959,True,optimal,3.091070000300533e-05,0.10651870000219787,0.10654961070220088,0.1748012999996717,2152.569632952415,1.6405625402821018,2152.5696397533343,3.1594422463223284e-07
Ablated PINN,1,960,True,optimal,3.091070000300533e-05,0.0991561000009824,0.09918701070098541,0.1453218999995442,2208.2816603649258,1.4651303529817987,2208.2816602022185,-7.3680473295347795e-09
Ablated PINN,1,961,True,optimal,3.091070000300533e-05,0.1265002000000095,0.1265311107000125,0.1717176999991352,2140.3153301753514,1.357118411820898,2140.3153294652357,-3.317808913415761e-08
Ablated PINN,1,962,True,optimal,3.091070000300533e-05,0.10535049999816692,0.10538141069816993,0.1122461999984807,2205.2286535391745,1.0651423173672696,2205.228652223088,-5.968027759049299e-08
Ablated PINN,1,963,True,optimal,3.091070000300533e-05,0.11850029999914113,0.11853121069914414,0.1463411000004271,2041.90100108964,1.2346208153721638,2041.9010011358966,2.265372960481986e-09
Ablated PINN,1,964,True,optimal,3.091070000300533e-05,0.10421060000226134,0.10424151070226435,0.1407110000000102,2199.037105258003,1.349855724960763,2199.037105230644,-1.2441338441250375e-09
Ablated PINN,1,965,True,optimal,3.091070000300533e-05,0.10282360000201152,0.10285451070201453,0.1750933000002987,2154.4765206611346,1.7023395357698135,2154.476520087633,-2.6619061885298254e-08
Ablated PINN,1,966,True,optimal,3.091070000300533e-05,0.10799209999822779,0.1080230106982308,0.1517297999998845,2155.5068833801656,1.4046062873006884,2155.506883275016,-4.87817560532134e-09
Ablated PINN,1,967,True,optimal,3.091070000300533e-05,0.13397400000030757,0.13400491070031056,0.1242051999979594,2165.3524323271827,0.9268705105571295,2165.3524307022813,-7.50409675090059e-08
Ablated PINN,1,968,True,optimal,3.091070000300533e-05,0.10384970000086469,0.1038806107008677,0.1950344999968365,2259.411352469595,1.8774870370992862,2259.411352468531,-4.709672720335886e-11
Ablated PINN,1,969,True,optimal,3.091070000300533e-05,0.09403259999817237,0.09406351069817538,0.1984840000004624,2130.5117978633302,2.110106230643936,2130.5117966184316,-5.843190419731993e-08
Ablated PINN,1,970,True,optimal,3.091070000300533e-05,0.13801070000045002,0.138041610700453,0.1575219000005745,2227.5823011913035,1.1411189655153564,2227.5823012004716,4.115745279677838e-10
Ablated PINN,1,971,True,optimal,3.091070000300533e-05,0.10596569999688654,0.10599661069688955,0.1863833999996131,2231.3761046089585,1.758390186008867,2231.376104571749,-1.6675674669737403e-09
Ablated PINN,1,972,True,optimal,3.091070000300533e-05,0.09879919999730191,0.09883011069730492,0.1495025999975041,2177.8711865954,1.5127231867158173,2177.8711865998607,2.048154542977573e-10
Ablated PINN,1,973,True,optimal,3.091070000300533e-05,0.09810049999941839,0.0981314106994214,0.1700973999977577,2292.3375689272434,1.7333634438291083,2292.3375689235627,-1.6056645007120515e-10
Ablated PINN,1,974,True,optimal,3.091070000300533e-05,0.09295560000100522,0.09298651070100823,0.1654496999981347,2123.7679115938085,1.7792871111179436,2123.7679157108814,1.9385700546287932e-07
Ablated PINN,1,975,True,optimal,3.091070000300533e-05,0.09331949999977951,0.09335041069978252,0.1801885999993828,2081.519862479512,1.9302389635850055,2081.5198625412277,2.964928804699938e-09
Ablated PINN,1,976,True,optimal,3.091070000300533e-05,0.09047579999969457,0.09050671069969758,0.1608983000005537,2279.993276093463,1.777749945353956,2279.9932760856996,-3.40503055677234e-10
Ablated PINN,1,977,True,optimal,3.091070000300533e-05,0.12326759999996284,0.12329851069996585,0.1935578999982681,2206.80239291884,1.5698316135323906,2206.802392739714,-8.116988253395816e-09
Ablated PINN,1,978,True,optimal,3.091070000300533e-05,0.0958561000006739,0.09588701070067691,0.1667740999982925,2191.2788649745967,1.739277288754974,2191.278864639845,-1.5276549622080207e-08
Ablated PINN,1,979,True,optimal,3.091070000300533e-05,0.09730639999906998,0.09733731069907299,0.1474191999986942,2144.7878017555126,1.5145189335922158,2144.7878006433866,-5.185249690862199e-08
Ablated PINN,1,980,True,optimal,3.091070000300533e-05,0.08899690000180271,0.08902781070180572,0.1694267999992007,2175.611569659908,1.9030772369174331,2175.611575723286,2.786976306031805e-07
Ablated PINN,1,981,True,optimal,3.091070000300533e-05,0.11567159999685828,0.11570251069686129,0.2062537999991036,2139.8385787781785,1.7826216454324422,2139.8385784108896,-1.7164330981061392e-08
Ablated PINN,1,982,True,optimal,3.091070000300533e-05,0.10755459999927552,0.10758551069927853,0.1952295999981288,2193.7236332086177,1.8146458452368346,2193.723633168407,-1.8329829312168774e-09
Ablated PINN,1,983,True,optimal,3.091070000300533e-05,0.10499139999956242,0.10502231069956543,0.1808397999993758,2091.0992006599117,1.7219179314831443,2091.0992005746643,-4.076678577354196e-09
Ablated PINN,1,984,True,optimal,3.091070000300533e-05,0.10406199999852106,0.10409291069852407,0.2067786999978125,2159.9303979583897,1.9864820630935092,2159.930396813226,-5.301855464756936e-08
Ablated PINN,1,985,True,optimal,3.091070000300533e-05,0.09670879999976023,0.09673971069976324,0.1426815000013448,2191.8489054652828,1.4749010408369352,2191.8489050284034,-1.993200429491708e-08
Ablated PINN,1,986,True,optimal,3.091070000300533e-05,0.1008707000000868,0.10090161070008981,0.1296245000012277,2084.63256651023,1.284662346833204,2084.6325702623785,1.799908840904869e-07
Ablated PINN,1,987,True,optimal,3.091070000300533e-05,0.11984139999913168,0.11987231069913469,0.1381621999971685,2226.623195511604,1.152578099073599,2226.6231953524916,-7.145908675392558e-09
Ablated PINN,1,988,True,optimal,3.091070000300533e-05,0.12381169999935082,0.12384261069935383,0.1530366999977559,2250.582573839561,1.235735415569323,2250.5825743551304,2.2908262079031436e-08
Ablated PINN,1,989,True,optimal,3.091070000300533e-05,0.11256049999792594,0.11259141069792895,0.1347377999991295,2195.062900428284,1.1966969697237118,2195.062900378661,-2.26066143315304e-09
Ablated PINN,1,990,True,optimal,3.091070000300533e-05,0.11477630000081263,0.11480721070081563,0.1816442999988794,2234.6352392300864,1.582168044063359,2234.63523925606,1.1623082477738092e-09
Ablated PINN,1,991,True,optimal,3.091070000300533e-05,0.10024049999992712,0.10027141069993013,0.1567233999994641,2140.8749725548146,1.5629918728127887,2140.874972593584,1.8109177741267116e-09
Ablated PINN,1,992,True,optimal,3.091070000300533e-05,0.0885682000007364,0.0885991107007394,0.169110399998317,2127.0365293244954,1.9087144177950048,2127.0365292316437,-4.365307180480758e-09
Ablated PINN,1,993,True,optimal,3.091070000300533e-05,0.0953086000008625,0.0953395107008655,0.1865990999976929,2153.5631839712364,1.9572063945572453,2153.5631839729526,7.969195029981707e-11
Ablated PINN,1,994,True,optimal,3.091070000300533e-05,0.08733879999999772,0.08736971070000073,0.2146871000004466,2200.2868690383903,2.4572257167888827,2200.2868690075898,-1.3998398688963726e-09
Ablated PINN,1,995,True,optimal,3.091070000300533e-05,0.11574339999788208,0.11577431069788509,0.2157412999986263,2099.884810703952,1.8634643445350036,2099.884810237947,-2.219193519233033e-08
Ablated PINN,1,996,True,optimal,3.091070000300533e-05,0.10621750000063912,0.10624841070064213,0.2010126000022865,2028.9773836280724,1.8919115935639275,2028.9773837528192,6.14825719838545e-09
Ablated PINN,1,997,True,optimal,3.091070000300533e-05,0.10131819999878644,0.10134911069878945,0.181254799997987,2083.4181846731835,1.7884202313000854,2083.418186734465,9.893748339849562e-08
Ablated PINN,1,998,True,optimal,3.091070000300533e-05,0.10851009999896633,0.10854101069896933,0.1986563999998907,2136.148351520434,1.830242769259353,2136.148351632925,5.266059920825146e-09
Ablated PINN,1,999,True,optimal,3.091070000300533e-05,0.12386219999825698,0.12389311069825999,0.1808257999982743,2189.8752646350795,1.4595307114265064,2189.8752640872267,-2.501753351443073e-08
Ablated PINN,2,0,True,optimal,1.3357200001337333e-05,0.10206499999912921,0.10207835719913055,0.1580188000007183,2258.8033432564825,1.5480147245361842,2258.8033432150683,-1.8334617803812354e-09
Ablated PINN,2,1,True,optimal,1.3357200001337333e-05,0.09140930000285152,0.09142265720285286,0.1364416999967943,2132.4803529294104,1.492427634148186,2132.4803529225524,-3.2159943651053093e-10
Ablated PINN,2,2,True,optimal,1.3357200001337333e-05,0.09471269999994547,0.09472605719994681,0.1422778999985894,2135.9239151446804,1.501993265678425,2135.923914365633,-3.647354830459491e-08
Ablated PINN,2,3,True,optimal,1.3357200001337333e-05,0.10032180000052904,0.10033515720053038,0.1374840999997104,2230.6274619893297,1.3702485134391522,2230.627462049502,2.697544547202601e-09
Ablated PINN,2,4,True,optimal,1.3357200001337333e-05,0.08823100000154227,0.08824435720154361,0.1485682999991695,2211.824042324871,1.683601135649393,2211.824042304287,-9.306203249734636e-10
Ablated PINN,2,5,True,optimal,1.3357200001337333e-05,0.09968529999969178,0.09969865719969312,0.1162113999998837,2054.379271037716,1.165626531630372,2054.3792709946033,-2.0985792621615007e-09
Ablated PINN,2,6,True,optimal,1.3357200001337333e-05,0.09990590000234079,0.09991925720234213,0.1165894000005209,2228.4021577280987,1.166836136145616,2228.4021577293147,5.4567996716990085e-11
Ablated PINN,2,7,True,optimal,1.3357200001337333e-05,0.11004089999914868,0.11005425719915002,0.1197737000002234,2124.2689515758198,1.0883150097818155,2124.2689519767478,1.8873693070344775e-08
Ablated PINN,2,8,True,optimal,1.3357200001337333e-05,0.1030986000005214,0.10311195720052274,0.1624183999992965,2161.3389486519645,1.575165523077406,2161.338948106836,-2.5221790742962716e-08
Ablated PINN,2,9,True,optimal,1.3357200001337333e-05,0.10232739999992191,0.10234075719992325,0.1442825000012817,2185.1997142303785,1.4098244330890088,2185.1997141793327,-2.3359807596503686e-09
Ablated PINN,2,10,True,optimal,1.3357200001337333e-05,0.11501589999897988,0.11502925719898122,0.1447871999989729,2159.2549350682007,1.2586989043014984,2159.2549351126663,2.0593052721505015e-09
Ablated PINN,2,11,True,optimal,1.3357200001337333e-05,0.1261238000006415,0.12613715720064284,0.131315499998891,2209.1933247940983,1.0410532702113393,2209.1933247260886,-3.078487486746494e-09
Ablated PINN,2,12,True,optimal,1.3357200001337333e-05,0.1162506000000576,0.11626395720005894,0.1959759999990638,2162.6605920617144,1.685612675834196,2162.6605920541397,-3.5025036529170165e-10
Ablated PINN,2,13,True,optimal,1.3357200001337333e-05,0.11323239999910584,0.11324575719910718,0.1631779999988793,2127.792379358761,1.44091932479185,2127.792379896174,2.5256841246981336e-08
Ablated PINN,2,14,True,optimal,1.3357200001337333e-05,0.10739960000137216,0.1074129572013735,0.1588497000011557,2068.844944758893,1.4788690688717439,2068.8449388713884,-2.8457929496991033e-07
Ablated PINN,2,15,True,optimal,1.3357200001337333e-05,0.09547309999834397,0.09548645719834531,0.1449954000017896,2115.124279203919,1.5184917762798955,2115.124278963648,-1.135965235821297e-08
Ablated PINN,2,16,True,optimal,1.3357200001337333e-05,0.08881620000101975,0.08882955720102109,0.1761528999995789,2074.229953009288,1.9830437700026498,2074.2299587592847,2.7721116147308813e-07
Ablated PINN,2,17,True,optimal,1.3357200001337333e-05,0.09502210000209743,0.09503545720209877,0.1556702999987465,2155.7483907558176,1.6380233712950312,2155.7483906110715,-6.714423742949553e-09
Ablated PINN,2,18,True,optimal,1.3357200001337333e-05,0.11283080000066548,0.11284415720066682,0.1529525000005378,2217.2043257976898,1.3554312761497056,2217.204325665907,-5.943638009457216e-09
Ablated PINN,2,19,True,optimal,1.3357200001337333e-05,0.0983940000005532,0.09840735720055455,0.1670651999993424,2122.928893233439,1.6976901397612267,2122.9288870331297,-2.920639105763593e-07
Ablated PINN,2,20,True,optimal,1.3357200001337333e-05,0.10433000000193715,0.10434335720193849,0.1930621999999857,2186.863990356032,1.850258657351299,2186.8639892688884,-4.971244568388255e-08
Ablated PINN,2,21,True,optimal,1.3357200001337333e-05,0.10263199999826611,0.10264535719826745,0.1470046000031288,2218.9480886748343,1.432160245876275,2218.948088655773,-8.590191927896996e-10
Ablated PINN,2,22,True,optimal,1.3357200001337333e-05,0.11802049999823794,0.11803385719823928,0.1728406000001996,2175.372295783297,1.4643306937763776,2175.3722955422845,-1.1079136130316322e-08
Ablated PINN,2,23,True,optimal,1.3357200001337333e-05,0.10180810000019846,0.1018214572001998,0.1613689000005251,2191.8790222163125,1.5848221429717315,2191.879022202623,-6.245444828379885e-10
Ablated PINN,2,24,True,optimal,1.3357200001337333e-05,0.12540870000157156,0.1254220572015729,0.159499199999118,2234.059526415036,1.2716997596585247,2234.0595264218346,3.043102842770735e-10
Ablated PINN,2,25,True,optimal,1.3357200001337333e-05,0.10672909999993863,0.10674245719993997,0.1419519000010041,2147.844207595302,1.329854152927294,2147.8442072980592,-1.3839126523781775e-08
Ablated PINN,2,26,True,optimal,1.3357200001337333e-05,0.10269439999683527,0.10270775719683661,0.174140900002385,2238.7433812303657,1.695499003728109,2238.743381207797,-1.0080948297317166e-09
Ablated PINN,2,27,True,optimal,1.3357200001337333e-05,0.09267979999640374,0.09269315719640508,0.151714700001321,2195.225854880796,1.636741099236233,2195.225854610009,-1.2335270204122768e-08
Ablated PINN,2,28,True,optimal,1.3357200001337333e-05,0.08899850000307197,0.08901185720307331,0.178602599997248,2142.388382854504,2.006503466047009,2142.3883828380112,-7.698313272206702e-10
Ablated PINN,2,29,True,optimal,1.3357200001337333e-05,0.0970223000003898,0.09703565720039115,0.182869499996741,2142.7650504902767,1.8845598130910979,2142.765050499708,4.4015371891693376e-10
Ablated PINN,2,30,True,optimal,1.3357200001337333e-05,0.08691860000180895,0.0869319572018103,0.163448100000096,2250.996336748536,1.8801842873577026,2250.9963367487194,8.141425173172895e-12
Ablated PINN,2,31,True,optimal,1.3357200001337333e-05,0.11202910000065458,0.11204245720065592,0.1785808999993605,2128.2040082167287,1.593868114473261,2128.204015374792,3.3634291761198755e-07
Ablated PINN,2,32,True,optimal,1.3357200001337333e-05,0.10480949999691802,0.10482285719691936,0.1667731999987154,2168.073081251529,1.591000326249614,2168.0730812504075,-5.172367006368087e-11
Ablated PINN,2,33,True,optimal,1.3357200001337333e-05,0.100373799999943,0.10038715719994434,0.1164429000018572,2267.5026109621767,1.1599382157015774,2267.5026108476177,-5.052212182106598e-09
Ablated PINN,2,34,True,optimal,1.3357200001337333e-05,0.11122379999869736,0.1112371571986987,0.1878309000021545,2137.412125224102,1.6885625696694073,2137.412126292008,4.996256589225912e-08
Ablated PINN,2,35,True,optimal,1.3357200001337333e-05,0.11488570000074105,0.1148990572007424,0.1462437000009231,2150.900835057297,1.2728015665560934,2150.9008350262557,-1.4431864274223512e-09
Ablated PINN,2,36,True,optimal,1.3357200001337333e-05,0.10080920000109472,0.10082255720109606,0.1323833999995258,2163.6759136029063,1.313033547993431,2163.6759134681156,-6.229710833038041e-09
Ablated PINN,2,37,True,optimal,1.3357200001337333e-05,0.11215209999863873,0.11216545719864007,0.1725956000009318,2201.5724177016077,1.5387589397979506,2201.57241764364,-2.6330069293253676e-09
Ablated PINN,2,38,True,optimal,1.3357200001337333e-05,0.125587300000916,0.12560065720091734,0.160774300002231,2099.834296655896,1.2800434614370535,2099.834288816179,-3.7334931677749916e-07
Ablated PINN,2,39,True,optimal,1.3357200001337333e-05,0.10298780000084662,0.10300115720084796,0.1851115999998001,2285.354927408515,1.797179808755354,2285.354927411054,1.1111224680664692e-10
Ablated PINN,2,40,True,optimal,1.3357200001337333e-05,0.0975347999992664,0.09754815719926774,0.167299799999455,2215.9289669061777,1.7150482879722801,2215.928968410279,6.787678855581347e-08
Ablated PINN,2,41,True,optimal,1.3357200001337333e-05,0.11048719999962486,0.1105005571996262,0.1460824999994656,2073.5224011154382,1.3220069083955692,2073.5224011564246,1.976654735601055e-09
Ablated PINN,2,42,True,optimal,1.3357200001337333e-05,0.129191299998638,0.12920465719863933,0.1406917999993311,2001.7136200687307,1.088906569234818,2001.71362008233,6.793788777733734e-10
Ablated PINN,2,43,True,optimal,1.3357200001337333e-05,0.09619430000020657,0.09620765720020791,0.1380315000023984,2111.4222191006984,1.434724678048808,2111.422219829581,3.452093521739099e-08
Ablated PINN,2,44,True,optimal,1.3357200001337333e-05,0.11363459999847692,0.11364795719847826,0.1788926000008359,2140.494524151504,1.5740942856404574,2140.494524183996,1.5179741224084046e-09
Ablated PINN,2,45,True,optimal,1.3357200001337333e-05,0.10054669999954058,0.10056005719954192,0.1777834999993501,2281.3183748346523,1.7679335608031053,2281.318374717856,-5.119688746444387e-09
Ablated PINN,2,46,True,optimal,1.3357200001337333e-05,0.09969099999943865,0.09970435719943999,0.142802100002882,2264.943098474857,1.4322553598859575,2264.943098474771,-3.794675873995066e-12
Ablated PINN,2,47,True,optimal,1.3357200001337333e-05,0.11888899999757996,0.1189023571975813,0.1615461999972467,2170.3089782897773,1.3586458990783814,2170.308978009052,-1.2934798326171824e-08
Ablated PINN,2,48,True,optimal,1.3357200001337333e-05,0.12105630000223755,0.12106965720223889,0.1840803000013693,2241.2291134721945,1.5204495020075532,2241.229113416013,-2.5067185849142917e-09
Ablated PINN,2,49,True,optimal,1.3357200001337333e-05,0.09797370000160299,0.09798705720160433,0.1611412000020209,2242.603410195248,1.644515149286293,2242.603410102906,-4.117641170670406e-09
Ablated PINN,2,50,True,optimal,1.3357200001337333e-05,0.11803119999967748,0.11804455719967882,0.1861996000006911,2210.802143979641,1.5773670927133412,2210.8021436142017,-1.65297251787556e-08
Ablated PINN,2,51,True,optimal,1.3357200001337333e-05,0.10018339999805903,0.10019675719806037,0.1366025000024819,2150.0550898106903,1.3633425254717353,2150.0550894070943,-1.8771426208071632e-08
Ablated PINN,2,52,True,optimal,1.3357200001337333e-05,0.13452459999825805,0.1345379571982594,0.1610689999979513,2119.480941998499,1.1972011717153912,2119.4809418566556,-6.692366354221914e-09
Ablated PINN,2,53,True,optimal,1.3357200001337333e-05,0.11418129999947269,0.11419465719947403,0.1741050999989966,2084.5650550714536,1.524634376675536,2084.56505507138,-3.534025990907825e-12
Ablated PINN,2,54,True,optimal,1.3357200001337333e-05,0.10244059999968158,0.10245395719968292,0.1924714000015228,2193.838244627009,1.8786136256933028,2193.8382446030046,-1.0941688031322494e-09
Ablated PINN,2,55,True,optimal,1.3357200001337333e-05,0.11206350000065868,0.11207685720066002,0.1349238000002515,2180.968264237297,1.2038506732811647,2180.9682637032583,-2.4486301427950326e-08
Ablated PINN,2,56,True,optimal,1.3357200001337333e-05,0.1105186999993748,0.11053205719937614,0.1286418999989109,2162.009325302643,1.1638424476879905,2162.009324901897,-1.8535817504515117e-08
Ablated PINN,2,57,True,optimal,1.3357200001337333e-05,0.09017180000228109,0.09018515720228243,0.1437790999989374,2204.156487257329,1.5942656691992616,2204.156487066575,-8.654275768251155e-09
Ablated PINN,2,58,True,optimal,1.3357200001337333e-05,0.10184139999910258,0.10185475719910392,0.1624030999992101,2151.4437424105463,1.5944576813604034,2151.443743974205,7.267951002580496e-08
Ablated PINN,2,59,True,optimal,1.3357200001337333e-05,0.09774209999886807,0.09775545719886941,0.1590326000005006,2188.1406708967816,1.6268411458295535,2188.140670807593,-4.0760034133503665e-09
Ablated PINN,2,60,True,optimal,1.3357200001337333e-05,0.09748789999866858,0.09750125719866992,0.1382499999999709,2172.1347605289216,1.4179304346637374,2172.1347605256783,-1.4931201164206398e-10
Ablated PINN,2,61,True,optimal,1.3357200001337333e-05,0.11133630000040284,0.11134965720040418,0.142772999999579,2150.339709145356,1.2822042167819152,2150.339709350559,9.54281419932809e-09
Ablated PINN,2,62,True,optimal,1.3357200001337333e-05,0.095914300000004,0.09592765720000535,0.1488883000019996,2292.0675324817557,1.5520894009907218,2292.0675324940557,5.366336799622629e-10
Ablated PINN,2,63,True,optimal,1.3357200001337333e-05,0.08678169999984675,0.08679505719984809,0.1309757999988505,2186.753880721318,1.5090237189114928,2186.75388070768,-6.236791401480094e-10
Ablated PINN,2,64,True,optimal,1.3357200001337333e-05,0.083245399997395,0.08325875719739634,0.1257339000003412,2145.1385468092994,1.5101582612173936,2145.1385447914677,-9.406533570749843e-08
Ablated PINN,2,65,True,optimal,1.3357200001337333e-05,0.08411820000037551,0.08413155720037685,0.1355769000001601,2188.756171133299,1.6114868726042408,2188.756171102694,-1.398280533284035e-09
Ablated PINN,2,66,True,optimal,1.3357200001337333e-05,0.09417749999920488,0.09419085719920622,0.1682771999985561,2211.8674635917264,1.7865555639085342,2211.867463579255,-5.638423776897374e-10
Ablated PINN,2,67,True,optimal,1.3357200001337333e-05,0.08981929999936256,0.0898326571993639,0.1762397000020428,2198.483750442569,1.961866714138461,2198.4837507333787,1.3227733277141542e-08
Ablated PINN,2,68,True,optimal,1.3357200001337333e-05,0.0997295999986818,0.09974295719868315,0.1660001999989617,2246.4362665097174,1.664279911696395,2246.436266790434,1.2496078939869705e-08
Ablated PINN,2,69,True,optimal,1.3357200001337333e-05,0.10939440000220202,0.10940775720220336,0.1949729999978444,2172.9731343845856,1.7820765637074758,2172.9731343819503,-1.2127443532031516e-10
Ablated PINN,2,70,True,optimal,1.3357200001337333e-05,0.10152449999804958,0.10153785719805092,0.136045400002331,2155.710575034231,1.3398490351925851,2155.7105747500455,-1.3182925390265632e-08
Ablated PINN,2,71,True,optimal,1.3357200001337333e-05,0.12746960000004037,0.1274829572000417,0.1852145999982895,2108.463038982749,1.4528577314664683,2108.463039018072,1.6752940210182168e-09
Ablated PINN,2,72,True,optimal,1.3357200001337333e-05,0.12403760000233888,0.12405095720234022,0.1786711999993713,2157.1703631360488,1.4403048878368565,2157.1703631545884,8.594404533417464e-10
Ablated PINN,2,73,True,optimal,1.3357200001337333e-05,0.08722249999846099,0.08723585719846233,0.1690064999966125,2206.707055968855,1.937351284485246,2206.7070559401955,-1.2987470274949864e-09
Ablated PINN,2,74,True,optimal,1.3357200001337333e-05,0.09227409999948577,0.09228745719948711,0.1781746000015118,2298.2483271354718,1.9306480578002319,2298.2483271290866,-2.778249625337579e-10
Ablated PINN,2,75,True,optimal,1.3357200001337333e-05,0.09949609999966924,0.09950945719967058,0.1858909000002313,2180.174836417228,1.8680726961180398,2180.1748363697534,-2.177564530368686e-09
Ablated PINN,2,76,True,optimal,1.3357200001337333e-05,0.1130462000000989,0.11305955720010025,0.1516329000005498,2174.618399834324,1.3411771968306927,2174.61839981023,-1.107958936328928e-09
Ablated PINN,2,77,True,optimal,1.3357200001337333e-05,0.1092529999987164,0.10926635719871775,0.1475656000002345,2174.3947837836326,1.3505126718177642,2174.394783761755,-1.0061392929635476e-09
Ablated PINN,2,78,True,optimal,1.3357200001337333e-05,0.08676749999722233,0.08678085719722367,0.175710399998934,2221.9042045612405,2.0247599029772596,2221.9042044957605,-2.947020866805285e-09
Ablated PINN,2,79,True,optimal,1.3357200001337333e-05,0.16483330000119167,0.16484665720119301,0.1808302999997977,2132.6047374876903,1.0969606728457761,2132.604738020491,2.4983562662794804e-08
Ablated PINN,2,80,True,optimal,1.3357200001337333e-05,0.09685750000062399,0.09687085720062533,0.1701151999986905,2134.406430592673,1.756102969610063,2134.406431038417,2.0883736185263025e-08
Ablated PINN,2,81,True,optimal,1.3357200001337333e-05,0.12154710000322666,0.121560457203228,0.186559900001157,2163.312600643721,1.5347087720249455,2163.31260067053,1.2392649733646075e-09
Ablated PINN,2,82,True,optimal,1.3357200001337333e-05,0.10821250000299187,0.10822585720299321,0.1820082999984151,2124.354416854229,1.6817450533751124,2124.354417732301,4.1333597991350466e-08
Ablated PINN,2,83,True,optimal,1.3357200001337333e-05,0.1036536999999953,0.10366705719999664,0.1581809000017529,2111.224892134784,1.5258550235161688,2111.224892783419,3.072315024651858e-08
Ablated PINN,2,84,True,optimal,1.3357200001337333e-05,0.1094797000005201,0.10949305720052144,0.1533509000000776,2238.5025672758397,1.4005536416727917,2238.502567245282,-1.3650937097072472e-09
Ablated PINN,2,85,True,optimal,1.3357200001337333e-05,0.10172680000323453,0.10174015720323587,0.1683806000000913,2118.7422199002453,1.6550062888514578,2118.7422201508634,1.1828625678474151e-08
Ablated PINN,2,86,True,optimal,1.3357200001337333e-05,0.11193869999988237,0.11195205719988371,0.1525234000000637,2183.6453491731,1.3623992610313742,2183.6453492819433,4.984478076009044e-09
Ablated PINN,2,87,True,optimal,1.3357200001337333e-05,0.11486629999853903,0.11487965719854037,0.1800709999988612,2174.0695859136545,1.5674750812291693,2174.0695853308216,-2.680838082440044e-08
Ablated PINN,2,88,True,optimal,1.3357200001337333e-05,0.0873396999995748,0.08735305719957615,0.1865829999987909,2165.537593223561,2.135964166342838,2165.5375932162397,-3.380884438202518e-10
Ablated PINN,2,89,True,optimal,1.3357200001337333e-05,0.11043760000029579,0.11045095720029713,0.1680597999984456,2156.9892815453127,1.521578483866625,2156.98928152087,-1.1331845883182229e-09
Ablated PINN,2,90,True,optimal,1.3357200001337333e-05,0.09897949999867706,0.0989928571986784,0.1868438000019523,2176.584765774934,1.887447289524711,2176.584765767546,-3.394437159547939e-10
Ablated PINN,2,91,True,optimal,1.3357200001337333e-05,0.10621559999708552,0.10622895719708686,0.1937982000017655,2132.20843254752,1.8243443700780306,2132.20843278906,1.1328180490160169e-08
Ablated PINN,2,92,True,optimal,1.3357200001337333e-05,0.10900430000037886,0.1090176572003802,0.1752362000006542,2088.460785092103,1.6074111708212628,2088.4607844352745,-3.1450359906651314e-08
Ablated PINN,2,93,True,optimal,1.3357200001337333e-05,0.11974649999683606,0.1197598571968374,0.1827865999985078,2170.8885121196104,1.5262760350330042,2170.8885120637656,-2.572439504216439e-09
Ablated PINN,2,94,True,optimal,1.3357200001337333e-05,0.11840479999955278,0.11841815719955412,0.1812150000005203,2294.137593102091,1.5302974162580756,2294.137595023442,8.375045874627029e-08
Ablated PINN,2,95,True,optimal,1.3357200001337333e-05,0.12985629999820958,0.12986965719821092,0.1734155999984068,2133.9083211622224,1.3353049799287202,2133.9083246055566,1.6136279960289423e-07
Ablated PINN,2,96,True,optimal,1.3357200001337333e-05,0.1155538000020897,0.11556715720209104,0.1461980999993102,2177.351260156052,1.2650488559102924,2177.3512608878573,3.360988973331982e-08
Ablated PINN,2,97,True,optimal,1.3357200001337333e-05,0.10307539999848814,0.10308875719848948,0.1424073000016505,2135.045588662113,1.3814047610202167,2135.0455892993,2.984418642978651e-08
Ablated PINN,2,98,True,optimal,1.3357200001337333e-05,0.12018679999891901,0.12020015719892035,0.1267745000004652,2195.8694888507703,1.054694960096141,2195.869488189121,-3.013153620681573e-08
Ablated PINN,2,99,True,optimal,1.3357200001337333e-05,0.09849230000327225,0.09850565720327359,0.1410213999988627,2117.840656955495,1.4316071178313625,2117.840657625082,3.161648743016286e-08
Ablated PINN,2,100,True,optimal,1.3357200001337333e-05,0.10581879999881494,0.10583215719881628,0.1444588000013027,2176.65736376737,1.364980208519443,2176.6573634365877,-1.5196802172280916e-08
Ablated PINN,2,101,True,optimal,1.3357200001337333e-05,0.10513480000008713,0.10514815720008847,0.1367282999999588,2186.908978284832,1.3003394794620686,2186.908978321366,1.6705746688881769e-09
Ablated PINN,2,102,True,optimal,1.3357200001337333e-05,0.11120619999928749,0.11121955719928883,0.1435158999993291,2199.344849847065,1.2903836664460913,2199.3448499142723,3.0557993549549454e-09
Ablated PINN,2,103,True,optimal,1.3357200001337333e-05,0.1133190000000468,0.11333235720004814,0.1415545000018028,2206.863707568415,1.2490210518778717,2206.8637075688084,1.7824229795785746e-11
Ablated PINN,2,104,True,optimal,1.3357200001337333e-05,0.1242277000019385,0.12424105720193984,0.1865074999986973,2195.0450697213405,1.501174444254369,2195.045068909125,-3.700222899394758e-08
Ablated PINN,2,105,True,optimal,1.3357200001337333e-05,0.09288329999981215,0.09289665719981349,0.1680889000017487,2128.435027387236,1.809418175728353,2128.4350292020254,8.526402420847287e-08
Ablated PINN,2,106,True,optimal,1.3357200001337333e-05,0.10624639999878127,0.10625975719878261,0.1757152999998652,2247.7592614274795,1.6536392010679122,2247.759261454714,1.2116228176474638e-09
Ablated PINN,2,107,True,optimal,1.3357200001337333e-05,0.10145559999727993,0.10146895719728127,0.1554652000013447,2195.818498739696,1.5321454393098877,2195.818498745559,2.6698940968906005e-10
Ablated PINN,2,108,True,optimal,1.3357200001337333e-05,0.11303169999882812,0.11304505719882946,0.1388245000016468,2218.4259265962355,1.2280457318666764,2218.4259266033887,3.2244375364019056e-10
Ablated PINN,2,109,True,optimal,1.3357200001337333e-05,0.09688299999834271,0.09689635719834405,0.2014097000028414,2154.0852717993635,2.078609617805977,2154.0852719042073,4.86720846703989e-09
Ablated PINN,2,110,True,optimal,1.3357200001337333e-05,0.08400130000154604,0.08401465720154738,0.1782966999999189,2255.863249566368,2.1222094565260576,2255.8632495426737,-1.0503365385797621e-09
Ablated PINN,2,111,True,optimal,1.3357200001337333e-05,0.09620020000147633,0.09621355720147767,0.1371277000034751,2200.2656308036394,1.425243011401402,2200.2656308125743,4.060816941886155e-10
Ablated PINN,2,112,True,optimal,1.3357200001337333e-05,0.1098478999992949,0.10986125719929624,0.1570001000000047,2196.633877311928,1.4290761274941102,2196.6338773071075,-2.1944129921620167e-10
Ablated PINN,2,113,True,optimal,1.3357200001337333e-05,0.09847960000115563,0.09849295720115697,0.1431541000019933,2172.075677873342,1.453445038812498,2172.0756766462196,-5.649538601230558e-08
Ablated PINN,2,114,True,optimal,1.3357200001337333e-05,0.09009909999804222,0.09011245719804356,0.1366515999980038,2150.16380719921,1.5164562619536543,2150.163806103757,-5.094742865920563e-08
Ablated PINN,2,115,True,optimal,1.3357200001337333e-05,0.10291260000303737,0.10292595720303871,0.1552469999987806,2215.825267783301,1.5083367132795265,2215.825267712248,-3.2066115666709712e-09
Ablated PINN,2,116,True,optimal,1.3357200001337333e-05,0.12707139999838546,0.1270847571983868,0.1743716999990283,2125.0705722715743,1.372089807173521,2125.0705768502194,2.154584951327784e-07
Ablated PINN,2,117,True,optimal,1.3357200001337333e-05,0.10532539999985602,0.10533875719985736,0.1843821000002208,2183.1345993605905,1.750372843780527,2183.1345993022555,-2.672074831703053e-09
Ablated PINN,2,118,True,optimal,1.3357200001337333e-05,0.10836429999835673,0.10837765719835807,0.1934298999985912,2241.540549661129,1.784776539730568,2241.5405496511376,-4.457315772332095e-10
Ablated PINN,2,119,True,optimal,1.3357200001337333e-05,0.10260729999936302,0.10262065719936436,0.1797949000028893,2214.417993148464,1.752034189896057,2214.4179930186388,-5.8627308330637155e-09
Ablated PINN,2,120,True,optimal,1.3357200001337333e-05,0.10744810000323923,0.10746145720324057,0.1488666999975976,2174.0594272111,1.3853031949496812,2174.0594270844667,-5.824727625612729e-09
Ablated PINN,2,121,True,optimal,1.3357200001337333e-05,0.09862290000091889,0.09863625720092023,0.167944400000124,2192.149157617594,1.7026639571088384,2192.1491576119543,-2.572715741579912e-10
Ablated PINN,2,122,True,optimal,1.3357200001337333e-05,0.1128363999996509,0.11284975719965223,0.1704238999991503,2128.1258175165203,1.5101840201360708,2128.1258176062947,4.218472530320933e-09
Ablated PINN,2,123,True,optimal,1.3357200001337333e-05,0.09687040000062552,0.09688375720062686,0.1413733000008505,2111.411491836729,1.4592053826741536,2111.411491775958,-2.8782201842403205e-09
Ablated PINN,2,124,True,optimal,1.3357200001337333e-05,0.11946380000154022,0.11947715720154156,0.1805094000010285,2086.656025401258,1.510827711581168,2086.6560263767265,4.674793190972886e-08
Ablated PINN,2,125,True,optimal,1.3357200001337333e-05,0.11592110000128741,0.11593445720128875,0.1477255000027071,2160.2534662464805,1.274215652264812,2160.2534661095374,-6.339213158687545e-09
Ablated PINN,2,126,True,optimal,1.3357200001337333e-05,0.11152140000194777,0.11153475720194911,0.1755259000019577,2172.577289017766,1.5737327484753814,2172.577288768555,-1.1470758680940675e-08
Ablated PINN,2,127,True,optimal,1.3357200001337333e-05,0.11224899999797344,0.11226235719797478,0.1871931999994558,2134.577079016257,1.6674618694255672,2134.5770756006063,-1.600153298320202e-07
Ablated PINN,2,128,True,optimal,1.3357200001337333e-05,0.11243440000180271,0.11244775720180405,0.1382033000008959,2235.479863362912,1.229044522007404,2235.4798633280025,-1.5616150455046126e-09
Ablated PINN,2,129,True,optimal,1.3357200001337333e-05,0.1104473000013968,0.11046065720139814,0.1843040000021574,2157.164165409233,1.6685035620069135,2157.1641649806193,-1.986932367033869e-08
Ablated PINN,2,130,True,optimal,1.3357200001337333e-05,0.10913739999887184,0.10915075719887318,0.1753537000004144,2167.001353365036,1.6065275633490947,2167.0013534680984,4.755999584532538e-09
Ablated PINN,2,131,True,optimal,1.3357200001337333e-05,0.09730510000008508,0.09731845720008642,0.1672820000021602,2157.411703639563,1.7189133984957137,2157.411703556161,-3.86583739459328e-09
Ablated PINN,2,132,True,optimal,1.3357200001337333e-05,0.09858860000167624,0.09860195720167758,0.1481457000008958,2285.828976459381,1.502462062673694,2285.8289764719,5.476872810185422e-10
Ablated PINN,2,133,True,optimal,1.3357200001337333e-05,0.10898250000172993,0.10899585720173127,0.1746313000003283,2217.5341680514166,1.6021829130360241,2217.5341679982143,-2.3991628895174945e-09
Ablated PINN,2,134,True,optimal,1.3357200001337333e-05,0.11927420000210986,0.1192875572021112,0.1597514999994018,2186.03217742319,1.3392134414214867,2186.0321773239493,-4.539772088029693e-09
Ablated PINN,2,135,True,optimal,1.3357200001337333e-05,0.13778730000194628,0.13780065720194762,0.1856459000009636,2242.493779482257,1.3472062018463273,2242.493779646367,7.318177657248503e-09
Ablated PINN,2,136,True,optimal,1.3357200001337333e-05,0.11081390000254032,0.11082725720254166,0.1805501999988337,2211.021614016419,1.6291136725405946,2211.021613411617,-2.7353947816090057e-08
Ablated PINN,2,137,True,optimal,1.3357200001337333e-05,0.11012800000025891,0.11014135720026025,0.1534460000002582,2220.467363536261,1.393173317460225,2220.4673635041586,-1.4457512420877698e-09
Ablated PINN,2,138,True,optimal,1.3357200001337333e-05,0.09745069999917177,0.09746405719917312,0.1363553000010142,2181.887090435368,1.3990316422223703,2181.887090424074,-5.176301402637029e-10
Ablated PINN,2,139,True,optimal,1.3357200001337333e-05,0.10149230000024545,0.10150565720024679,0.1600980000002891,2180.738724118713,1.577232288486674,2180.738723769441,-1.6016218826074814e-08
Ablated PINN,2,140,True,optimal,1.3357200001337333e-05,0.0993709000031231,0.09938425720312444,0.154283600000781,2175.2610737509094,1.5523947589149023,2175.261073509781,-1.1085033492081268e-08
Ablated PINN,2,141,True,optimal,1.3357200001337333e-05,0.1173581999973976,0.11737155719739895,0.1414598000010301,2157.122146538401,1.2052306655787042,2157.1221465842914,2.127388763821201e-09
Ablated PINN,2,142,True,optimal,1.3357200001337333e-05,0.12907669999913196,0.1290900571991333,0.1838609000005817,2099.713466251298,1.4242839765494821,2099.713461852281,-2.0950559274620156e-07
Ablated PINN,2,143,True,optimal,1.3357200001337333e-05,0.11324070000046049,0.11325405720046183,0.155400899999222,2086.8362074908523,1.3721442201771143,2086.836212717853,2.504748881365091e-07
Ablated PINN,2,144,True,optimal,1.3357200001337333e-05,0.12955240000155754,0.12956575720155888,0.1584197999982279,2168.272679792461,1.2226980601964317,2168.2726797875184,-2.279532921688646e-10
Ablated PINN,2,145,True,optimal,1.3357200001337333e-05,0.12215640000067651,0.12216975720067785,0.1777634000027319,2228.263833373323,1.4550524129366573,2228.263833377086,1.6887741353718917e-10
Ablated PINN,2,146,True,optimal,1.3357200001337333e-05,0.11322130000189645,0.11323465720189779,0.1569512999994913,2239.5598810323054,1.3860712248163263,2239.5598787575577,-1.0157119160148628e-07
Ablated PINN,2,147,True,optimal,1.3357200001337333e-05,0.11755560000165133,0.11756895720165267,0.1781134000011661,2164.149316344846,1.514969633486401,2164.149314086918,-1.0433327776752695e-07
Ablated PINN,2,148,True,optimal,1.3357200001337333e-05,0.1401051999964693,0.14011855719647065,0.160323199997947,2177.2689536288126,1.144196765979726,2177.268953653636,1.1401114961689463e-09
Ablated PINN,2,149,True,optimal,1.3357200001337333e-05,0.14169910000055097,0.1417124572005523,0.1897965999996813,2135.709550435667,1.339307805037069,2135.709550410522,-1.1773723988890534e-09
Ablated PINN,2,150,True,optimal,1.3357200001337333e-05,0.11007080000126734,0.11008415720126868,0.1435891000000992,2240.7276403431883,1.304357535640418,2240.7276401923227,-6.732885075891428e-09
Ablated PINN,2,151,True,optimal,1.3357200001337333e-05,0.12952490000316175,0.1295382572031631,0.1522335999979986,2186.645354633932,1.1752018537600128,2186.6453545377,-4.400908905900344e-09
Ablated PINN,2,152,True,optimal,1.3357200001337333e-05,0.1224450000008801,0.12245835720088144,0.1559569999990344,2074.4486760734053,1.2735512999182372,2074.4486760283726,-2.17082838360814e-09
Ablated PINN,2,153,True,optimal,1.3357200001337333e-05,0.10165219999908004,0.10166555719908138,0.1841856999999436,2258.4795956987864,1.8116823934704984,2258.479595659538,-1.7378210737460875e-09
Ablated PINN,2,154,True,optimal,1.3357200001337333e-05,0.10490329999811365,0.104916657198115,0.1595646999994642,2299.556233363131,1.5208709871317847,2299.5562333676476,1.9640966476383348e-10
Ablated PINN,2,155,True,optimal,1.3357200001337333e-05,0.10942680000152905,0.10944015720153039,0.185013300000719,2248.43890471399,1.6905430760668883,2248.4389046956485,-8.157359697366047e-10
Ablated PINN,2,156,True,optimal,1.3357200001337333e-05,0.10977099999945494,0.10978435719945628,0.1810452999998233,2050.773843777751,1.6490992398024438,2050.77384372342,-2.649289677260401e-09
Ablated PINN,2,157,True,optimal,1.3357200001337333e-05,0.11384600000019418,0.11385935720019552,0.1634640000011131,2208.9904429627195,1.4356659305014274,2208.990442894548,-3.0860989161776667e-09
Ablated PINN,2,158,True,optimal,1.3357200001337333e-05,0.11395139999876847,0.1139647571987698,0.1887347000010777,2241.200808370232,1.656079516511399,2241.200808561393,8.529390982555443e-09
Ablated PINN,2,159,True,optimal,1.3357200001337333e-05,0.1054495999997016,0.10546295719970294,0.1697529000011854,2175.896258431304,1.6095973838448703,2175.8962582236045,-9.545468229455914e-09
Ablated PINN,2,160,True,optimal,1.3357200001337333e-05,0.09380700000110664,0.09382035720110798,0.1654935000005934,2196.517831214311,1.763940203785954,2196.5178312139437,-1.6728107293038987e-11
Ablated PINN,2,161,True,optimal,1.3357200001337333e-05,0.09942880000016885,0.09944215720017019,0.1651651000029232,2146.0168371156287,1.6609163020313131,2146.016837158196,1.983538982121454e-09
Ablated PINN,2,162,True,optimal,1.3357200001337333e-05,0.11224850000144215,0.1122618572014435,0.1747522999976354,2239.406982234709,1.5566489309370555,2239.4069811219724,-4.96889026032962e-08
Ablated PINN,2,163,True,optimal,1.3357200001337333e-05,0.10176140000112355,0.10177475720112489,0.1569643000002543,2188.527464101313,1.542271426794614,2188.527464907335,3.6829418753972745e-08
Ablated PINN,2,164,True,optimal,1.3357200001337333e-05,0.0985266000025149,0.09853995720251624,0.1716226000025926,2226.2755497624607,1.7416549070533816,2226.275549724025,-1.726457484042164e-09
Ablated PINN,2,165,True,optimal,1.3357200001337333e-05,0.14099980000173673,0.14101315720173807,0.1836794999981066,2086.418406022037,1.3025699420042673,2086.4184066326698,2.9267040686492628e-08
Ablated PINN,2,166,True,optimal,1.3357200001337333e-05,0.11440609999772278,0.11441945719772412,0.1604220000008354,2125.608758310557,1.4020517482757846,2125.6087587356997,2.0000992277351633e-08
Ablated PINN,2,167,True,optimal,1.3357200001337333e-05,0.10863039999821922,0.10864375719822056,0.2267114999995101,2171.1031409311204,2.0867420811476074,2171.103140889594,-1.9126757756469338e-09
Ablated PINN,2,168,True,optimal,1.3357200001337333e-05,0.11559910000141826,0.1156124572014196,0.2041195999991032,2133.775502059201,1.7655502265079166,2133.7755021259236,3.126983367951576e-09
Ablated PINN,2,169,True,optimal,1.3357200001337333e-05,0.10372559999814257,0.10373895719814391,0.144463500000711,2222.58842802577,1.3925674973267972,2222.588428011056,-6.620326033868252e-10
Ablated PINN,2,170,True,optimal,1.3357200001337333e-05,0.12250680000215652,0.12252015720215786,0.1493336999992607,2152.4635388030665,1.21885005218252,2152.4635390553353,1.1720004293675153e-08
Ablated PINN,2,171,True,optimal,1.3357200001337333e-05,0.11067710000133957,0.11069045720134091,0.1881853999984741,2199.261565717433,1.7001050023325266,2199.261564156538,-7.097358678920716e-08
Ablated PINN,2,172,True,optimal,1.3357200001337333e-05,0.09168180000051507,0.09169515720051641,0.1594803999978467,2218.2303582625814,1.7392456141287747,2218.2303582397694,-1.0283849026273329e-09
Ablated PINN,2,173,True,optimal,1.3357200001337333e-05,0.1181536000003689,0.11816695720037024,0.1421609000026364,2212.373136064863,1.2030512028974456,2212.37313621169,6.636629385492288e-09
Ablated PINN,2,174,True,optimal,1.3357200001337333e-05,0.10994950000167591,0.10996285720167726,0.1542595999999321,2164.894136983754,1.4028336833501194,2164.894136891948,-4.240658139844229e-09
Ablated PINN,2,175,True,optimal,1.3357200001337333e-05,0.11634680000133812,0.11636015720133946,0.1285323000010976,2169.8810059153825,1.1046074798497953,2169.88100582972,-3.947800697013306e-09
Ablated PINN,2,176,True,optimal,1.3357200001337333e-05,0.09971299999961047,0.09972635719961181,0.2092736000013246,2172.5767638423304,2.0984783348943905,2172.5767639004825,2.676645663549015e-09
Ablated PINN,2,177,True,optimal,1.3357200001337333e-05,0.13015269999959855,0.1301660571995999,0.1819918000001052,2184.393641188927,1.3981509766485007,2184.3936414060904,9.94157962552849e-09
Ablated PINN,2,178,True,optimal,1.3357200001337333e-05,0.08920810000199708,0.08922145720199842,0.1521375000011176,2154.1415568471784,1.7051671735945368,2154.1415569356877,4.108796639250537e-09
Ablated PINN,2,179,True,optimal,1.3357200001337333e-05,0.0950818999990588,0.09509525719906015,0.1214622000006784,2150.4889701216216,1.2772687469199973,2150.488970292259,7.934826884863436e-09
Ablated PINN,2,180,True,optimal,1.3357200001337333e-05,0.11964260000240756,0.1196559572024089,0.1793864999999641,2168.062715731733,1.499185700353519,2168.0627157282283,-1.6165297285226876e-10
Ablated PINN,2,181,True,optimal,1.3357200001337333e-05,0.12228660000255331,0.12229995720255465,0.1791943999996874,2197.708183636096,1.4652041104389226,2197.7081850147033,6.272932556464331e-08
Ablated PINN,2,182,True,optimal,1.3357200001337333e-05,0.09337039999809349,0.09338375719809483,0.1535698000006959,2148.512333281335,1.644502262582223,2148.512333436876,7.23946853797917e-09
Ablated PINN,2,183,True,optimal,1.3357200001337333e-05,0.09203920000072685,0.09205255720072819,0.1666522000014083,2091.0013945320507,1.8104027206762918,2091.0013974072726,1.375045462916241e-07
Ablated PINN,2,184,True,optimal,1.3357200001337333e-05,0.11780619999990449,0.11781955719990583,0.1744021999984397,2203.4150729445887,1.4802483063361835,2203.4150732190265,1.245510915728079e-08
Ablated PINN,2,185,True,optimal,1.3357200001337333e-05,0.11217609999948763,0.11218945719948897,0.1651047000013932,2140.469384184977,1.471659673937216,2140.469384211525,1.2402744834170759e-09
Ablated PINN,2,186,True,optimal,1.3357200001337333e-05,0.1259940000018105,0.12600735720181183,0.1914623999982723,2172.793681228396,1.5194541354567772,2172.793681022842,-9.46035464981595e-09
Ablated PINN,2,187,True,optimal,1.3357200001337333e-05,0.15579239999715355,0.1558057571971549,0.1591209000034723,2123.986826024159,1.0212774089093668,2123.986826063272,1.8414812733541829e-09
Ablated PINN,2,188,True,optimal,1.3357200001337333e-05,0.13103839999894262,0.13105175719894396,0.1361703000002307,2175.827201860663,1.0390574144955302,2175.8272005704507,-5.929755662872513e-08
Ablated PINN,2,189,True,optimal,1.3357200001337333e-05,0.13089960000070278,0.13091295720070412,0.1584094999998342,2180.1644696590224,1.2100368320072001,2180.164470389854,3.352186285659231e-08
Ablated PINN,2,190,True,optimal,1.3357200001337333e-05,0.1085994999994,0.10861285719940134,0.1826565999981539,2171.6127217499998,1.6817217105597024,2171.612721531813,-1.0047227448768915e-08
Ablated PINN,2,191,True,optimal,1.3357200001337333e-05,0.12148629999865079,0.12149965719865213,0.182301600001665,2239.865022265964,1.5004289246973068,2239.865022240198,-1.1503364999718083e-09
Ablated PINN,2,192,True,optimal,1.3357200001337333e-05,0.10686750000240863,0.10688085720240997,0.1405183999995642,2192.0895212092523,1.3147199945585368,2192.089521204365,-2.22945720632835e-10
Ablated PINN,2,193,True,optimal,1.3357200001337333e-05,0.12341830000150367,0.12343165720150501,0.1785666000032506,2208.679391242466,1.4466839711285455,2208.679391483247,1.0901581847692673e-08
Ablated PINN,2,194,True,optimal,1.3357200001337333e-05,0.0911420000011276,0.09115535720112894,0.1606246999981522,2166.5077506583,1.7620983004185178,2166.507750298636,-1.6601105035526793e-08
Ablated PINN,2,195,True,optimal,1.3357200001337333e-05,0.09702860000106739,0.09704195720106873,0.1736755999991146,2139.2633586126103,1.789695972838457,2139.2633557620593,-1.3324918672337854e-07
Ablated PINN,2,196,True,optimal,1.3357200001337333e-05,0.10887229999934789,0.10888565719934923,0.2090443000015511,2194.5969662763114,1.9198515707062334,2194.59696620805,-3.110421475825138e-09
Ablated PINN,2,197,True,optimal,1.3357200001337333e-05,0.10035559999960242,0.10036895719960376,0.144250400000601,2199.282299487039,1.4372013421812304,2199.2822993777513,-4.969239823129147e-09
Ablated PINN,2,198,True,optimal,1.3357200001337333e-05,0.09326309999960358,0.09327645719960492,0.1912620000002789,2239.817752546761,2.0504852536475733,2239.817752479656,-2.995993435504308e-09
Ablated PINN,2,199,True,optimal,1.3357200001337333e-05,0.09657510000033653,0.09658845720033787,0.1643854000030842,2106.1646766369963,1.7019155784021485,2106.1646805104474,1.8391017193830199e-07
Ablated PINN,2,200,True,optimal,1.3357200001337333e-05,0.11945519999790122,0.11946855719790256,0.2004094000003533,2142.3130341915,1.6775074940293309,2142.3130342283434,1.7198061058675282e-09
Ablated PINN,2,201,True,optimal,1.3357200001337333e-05,0.12359149999974761,0.12360485719974895,0.1870936999985133,2049.590738116899,1.5136435916605169,2049.5907381186153,8.37345949280744e-11
Ablated PINN,2,202,True,optimal,1.3357200001337333e-05,0.12413889999879757,0.12415225719879891,0.194703400000435,2240.5332363379944,1.5682630698261573,2240.5332363187736,-8.578674919071201e-10
Ablated PINN,2,203,True,optimal,1.3357200001337333e-05,0.10897059999842895,0.10898395719843029,0.1754158000003371,2117.504098796574,1.6095561632154025,2117.504103647038,2.2906514990039248e-07
Ablated PINN,2,204,True,optimal,1.3357200001337333e-05,0.10485509999853093,0.10486845719853227,0.1983172000000195,2226.221432526177,1.8911043920916493,2226.221432863036,1.5131428413559084e-08
Ablated PINN,2,205,True,optimal,1.3357200001337333e-05,0.10868370000025607,0.10869705720025741,0.1912572000001091,2216.567806586794,1.7595434957153209,2216.56780658029,-2.934379602735789e-10
Ablated PINN,2,206,True,optimal,1.3357200001337333e-05,0.10861279999880935,0.10862615719881069,0.1950174000012339,2213.620576697396,1.7953079168980222,2213.620576643787,-2.4217700864496877e-09
Ablated PINN,2,207,True,optimal,1.3357200001337333e-05,0.115975000000617,0.11598835720061834,0.1802447000009124,2262.6614519989166,1.5539895930171126,2262.66145195564,-1.912636393581074e-09
Ablated PINN,2,208,True,optimal,1.3357200001337333e-05,0.13901020000048447,0.13902355720048581,0.1517549999989569,2149.9697779261032,1.091577593429803,2149.9697788865788,4.467390786825844e-08
Ablated PINN,2,209,True,optimal,1.3357200001337333e-05,0.10984329999701004,0.10985665719701138,0.1734698000000207,2066.340722505003,1.579055875411617,2066.3407207660202,-8.415761034376483e-08
Ablated PINN,2,210,True,optimal,1.3357200001337333e-05,0.09829870000248775,0.09831205720248909,0.1688500999989628,2208.201297716252,1.717491270182553,2208.201297687445,-1.3045611020040889e-09
Ablated PINN,2,211,True,optimal,1.3357200001337333e-05,0.10052930000165361,0.10054265720165495,0.1884791000011318,2190.717004313053,1.874618249079152,2190.7170042276102,-3.900226927402753e-09
Ablated PINN,2,212,True,optimal,1.3357200001337333e-05,0.09790419999990263,0.09791755719990397,0.1851094000012381,2214.9684135868,1.8904617853499683,2214.9684135790903,-3.48076592859593e-10
Ablated PINN,2,213,True,optimal,1.3357200001337333e-05,0.09512109999923268,0.09513445719923402,0.1830778000003192,2354.966217688865,1.924411042961133,2354.966217387627,-1.2791618214521649e-08
Ablated PINN,2,214,True,optimal,1.3357200001337333e-05,0.11041599999953178,0.11042935719953312,0.1650474000016402,2144.7554674622625,1.49459712695256,2144.7554673853792,-3.58470820035457e-09
Ablated PINN,2,215,True,optimal,1.3357200001337333e-05,0.09921410000242759,0.09922745720242893,0.1528197000006912,2193.940292266001,1.540094892172148,2193.9402922114823,-2.4849696500521887e-09
Ablated PINN,2,216,True,optimal,1.3357200001337333e-05,0.08961689999705413,0.08963025719705547,0.1810650999977952,2172.003481336323,2.020133665350494,2172.0034813928105,2.6007026310247956e-09
Ablated PINN,2,217,True,optimal,1.3357200001337333e-05,0.09526580000238027,0.09527915720238161,0.178206799999316,2138.386466707876,1.8703649909579751,2138.386466788568,3.77350821224221e-09
Ablated PINN,2,218,True,optimal,1.3357200001337333e-05,0.10778349999964121,0.10779685719964255,0.1613545000000158,2192.302524729663,1.4968386295454155,2192.302524717038,-5.758854245819807e-10
Ablated PINN,2,219,True,optimal,1.3357200001337333e-05,0.12120919999870239,0.12122255719870373,0.1872309000027598,2322.5481640934368,1.5445219464877114,2322.5481639890318,-4.495277693559692e-09
Ablated PINN,2,220,True,optimal,1.3357200001337333e-05,0.08780140000089887,0.0878147572009002,0.1657451999999466,2150.495950016065,1.887441305801931,2150.495950118167,4.747841955109035e-09
Ablated PINN,2,221,True,optimal,1.3357200001337333e-05,0.10453670000060811,0.10455005720060945,0.1721108000019739,2059.2495401305023,1.646204742592629,2059.2495401385695,3.9175524129118535e-10
Ablated PINN,2,222,True,optimal,1.3357200001337333e-05,0.10203069999988656,0.1020440571998879,0.1648593000027176,2198.4992904629758,1.6155698286259308,2198.4992904391333,-1.0844853901206585e-09
Ablated PINN,2,223,True,optimal,1.3357200001337333e-05,0.10145589999956428,0.10146925719956562,0.1469413999984681,2235.8922996888737,1.4481371407841264,2235.8922997562813,3.014798815606248e-09
Ablated PINN,2,224,True,optimal,1.3357200001337333e-05,0.12723909999840544,0.12725245719840678,0.1875618999983999,2076.2792272501188,1.473935388972184,2076.2792272612796,5.37541583344175e-10
Ablated PINN,2,225,True,optimal,1.3357200001337333e-05,0.11349890000201412,0.11351225720201547,0.2215020000003278,2286.836929862118,1.951348739424018,2286.836929849752,-5.407444908370099e-10
Ablated PINN,2,226,True,optimal,1.3357200001337333e-05,0.09827919999952428,0.09829255719952562,0.1873942999991413,2080.463959208041,1.9064953170233088,2080.4639589950966,-1.0235435276690156e-08
Ablated PINN,2,227,True,optimal,1.3357200001337333e-05,0.11988339999879827,0.11989675719879961,0.1700560999997833,2060.082420295672,1.4183544573921627,2060.0824194733746,-3.991575016060668e-08
Ablated PINN,2,228,True,optimal,1.3357200001337333e-05,0.09657380000135163,0.09658715720135297,0.2066310000009252,2180.314112245705,2.139321686113677,2180.3141122937514,2.2036426351624193e-09
Ablated PINN,2,229,True,optimal,1.3357200001337333e-05,0.10138419999930193,0.10139755719930327,0.2069301999981689,2276.716349943137,2.0407809193217012,2276.7163500448696,4.468384450441247e-09
Ablated PINN,2,230,True,optimal,1.3357200001337333e-05,0.12424559999999474,0.12425895719999608,0.1743741000027512,2175.9405394864084,1.4033121147322545,2175.9405398565405,1.7010210060566815e-08
Ablated PINN,2,231,True,optimal,1.3357200001337333e-05,0.09778580000056536,0.0977991572005667,0.1648185000012745,2270.9542795612897,1.6852752592056022,2270.954279526633,-1.5260875425947995e-09
Ablated PINN,2,232,True,optimal,1.3357200001337333e-05,0.10478329999750713,0.10479665719750847,0.2048910000012256,2117.0853331765643,1.9551291566015414,2117.085333181427,2.2968433755728165e-10
Ablated PINN,2,233,True,optimal,1.3357200001337333e-05,0.1023657000005187,0.10237905720052004,0.1794805000026826,2145.028989981709,1.753097800570202,2145.0289926214646,1.2306386690026652e-07
Ablated PINN,2,234,True,optimal,1.3357200001337333e-05,0.09703330000047572,0.09704665720047706,0.1867048000021895,2181.070621304501,1.9238663689002542,2181.0706238092075,1.1483839851220841e-07
Ablated PINN,2,235,True,optimal,1.3357200001337333e-05,0.09812620000229799,0.09813955720229933,0.1541531000002578,2171.7651219174927,1.5707539792796836,2171.765121731866,-8.547264274412364e-09
Ablated PINN,2,236,True,optimal,1.3357200001337333e-05,0.10018230000059702,0.10019565720059836,0.1518465000008291,2097.0429322095297,1.5154998154942216,2097.0429297210126,-1.186679143886411e-07
Ablated PINN,2,237,True,optimal,1.3357200001337333e-05,0.09250610000162851,0.09251945720162985,0.1905240999985835,2215.8277017225564,2.059286832859058,2215.827701666642,-2.5234078434654392e-09
Ablated PINN,2,238,True,optimal,1.3357200001337333e-05,0.1308403000002727,0.13085365720027403,0.161496900000202,2213.065903764337,1.2341794907040917,2213.065904050718,1.2940474861583909e-08
Ablated PINN,2,239,True,optimal,1.3357200001337333e-05,0.09497629999896162,0.09498965719896296,0.1797532999989926,2144.724819794156,1.89234602270946,2144.7248129884474,-3.1732315111202866e-07
Ablated PINN,2,240,True,optimal,1.3357200001337333e-05,0.11102329999994254,0.11103665719994388,0.2170844000029319,2227.303081240274,1.9550696632737032,2227.3030812389798,-5.810663898970567e-11
Ablated PINN,2,241,True,optimal,1.3357200001337333e-05,0.10012629999982892,0.10013965719983026,0.1749574999994365,2195.997977255815,1.747135000175865,2195.997977254869,-4.3072648501518135e-11
Ablated PINN,2,242,True,optimal,1.3357200001337333e-05,0.19030510000084178,0.19031845720084312,0.1473356999995303,2150.070248313176,0.7741535012762683,2150.0702484717845,7.376903157281483e-09
Ablated PINN,2,243,True,optimal,1.3357200001337333e-05,0.12466289999792934,0.12467625719793068,0.1628168000024743,2253.1276826909134,1.3059166489413725,2253.1276827669335,3.3739816536672826e-09
Ablated PINN,2,244,True,optimal,1.3357200001337333e-05,0.09514489999855869,0.09515825719856003,0.154321300000447,2160.725050099758,1.6217331479541037,2160.72505059715,2.3019689302328406e-08
Ablated PINN,2,245,True,optimal,1.3357200001337333e-05,0.11275959999693441,0.11277295719693575,0.1683622000018658,2216.017872035165,1.4929306119715775,2216.017872006947,-1.2733643971603806e-09
Ablated PINN,2,246,True,optimal,1.3357200001337333e-05,0.10829680000097142,0.10831015720097276,0.1499887999998463,2166.915413034995,1.3848082569166396,2166.9154140622773,4.740759352789043e-08
Ablated PINN,2,247,True,optimal,1.3357200001337333e-05,0.11876959999790415,0.11878295719790549,0.1854454999993322,2194.0667932879514,1.5612130256225187,2194.066793238088,-2.272651950459903e-09
Ablated PINN,2,248,True,optimal,1.3357200001337333e-05,0.11668810000264784,0.11670145720264918,0.164037599999574,2108.92246520784,1.4056174098557037,2108.9224671990955,9.44205139647166e-08
Ablated PINN,2,249,True,optimal,1.3357200001337333e-05,0.11006769999949029,0.11008105719949163,0.1914649999998801,2211.376165698668,1.739309240579898,2211.3761671342013,6.491583258751765e-08
Ablated PINN,2,250,True,optimal,1.3357200001337333e-05,0.10035620000053314,0.10036955720053448,0.1957933000012417,2230.8479523420733,1.9507239591587946,2230.8479523948254,2.364663933707375e-09
Ablated PINN,2,251,True,optimal,1.3357200001337333e-05,0.10964819999935571,0.10966155719935705,0.1901084000019182,2226.7534290027884,1.7335920158083695,2226.753428997763,-2.25683405678951e-10
Ablated PINN,2,252,True,optimal,1.3357200001337333e-05,0.10803490000034799,0.10804825720034933,0.2105768999972497,2134.994969312902,1.9489152852024798,2134.994969463766,7.0662579919118095e-09
Ablated PINN,2,253,True,optimal,1.3357200001337333e-05,0.09972729999935837,0.0997406571993597,0.1540368999994825,2222.6753230172544,1.5443742233580486,2222.675323033615,7.360699636793203e-10
Ablated PINN,2,254,True,optimal,1.3357200001337333e-05,0.09191529999952763,0.09192865719952897,0.1864795000001322,2182.1593758800086,2.028524136879133,2182.1593755994527,-1.2856802600355998e-08
Ablated PINN,2,255,True,optimal,1.3357200001337333e-05,0.10242839999773423,0.10244175719773557,0.1633569000005081,2120.4797410569017,1.594631959360016,2120.479741612943,2.6222434623429925e-08
Ablated PINN,2,256,True,optimal,1.3357200001337333e-05,0.10436879999906523,0.10438215719906657,0.1984661000024061,2300.1678923890854,1.901341238080687,2300.1678923973595,3.597184395433515e-10
Ablated PINN,2,257,True,optimal,1.3357200001337333e-05,0.10803220000161673,0.10804555720161807,0.1652689999973517,2085.162441274529,1.52962328371311,2085.1624416085388,1.6018399760029935e-08
Ablated PINN,2,258,True,optimal,1.3357200001337333e-05,0.09152890000041225,0.09154225720041359,0.1868017000015243,2141.9358861714218,2.040606226177699,2141.9358862455847,3.462425133519358e-09
Ablated PINN,2,259,True,optimal,1.3357200001337333e-05,0.11243910000121105,0.11245245720121239,0.2039970000005269,2166.4386621944127,1.8140732988654298,2166.4386620915147,-4.7496362863838505e-09
Ablated PINN,2,260,True,optimal,1.3357200001337333e-05,0.10283589999744436,0.1028492571974457,0.1963370000012219,2212.2281696701148,1.908978298446068,2212.2281696600744,-4.5385764894764226e-10
Ablated PINN,2,261,True,optimal,1.3357200001337333e-05,0.12820769999962067,0.128221057199622,0.2069185000000288,2075.912783905306,1.613763796050176,2075.9127842614785,1.715740082584096e-08
Ablated PINN,2,262,True,optimal,1.3357200001337333e-05,0.10428519999913988,0.10429855719914122,0.1651162999987718,2219.190948463322,1.583112024105079,2219.190948434969,-1.2776296965366233e-09
Ablated PINN,2,263,True,optimal,1.3357200001337333e-05,0.11420559999896795,0.1142189571989693,0.1523746000020764,2177.9007071265937,1.3340570054114573,2177.9007073548223,1.0479293188898923e-08
Ablated PINN,2,264,True,optimal,1.3357200001337333e-05,0.10451110000212793,0.10452445720212927,0.1882799000013619,2082.1606036047424,1.8012999544907127,2082.1606035905747,-6.8043039966946e-10
Ablated PINN,2,265,True,optimal,1.3357200001337333e-05,0.11198779999904218,0.11200115719904352,0.167796099998668,2187.077225453803,1.498163985042299,2187.0772254078106,-2.1029087148219993e-09
Ablated PINN,2,266,True,optimal,1.3357200001337333e-05,0.11909800000285031,0.11911135720285165,0.157673400000931,2105.9647774907417,1.3237478247553385,2105.9647775037874,6.194686702108548e-10
Ablated PINN,2,267,True,optimal,1.3357200001337333e-05,0.1347816999987117,0.13479505719871304,0.1496342000027652,2162.19410042925,1.1100866983733424,2162.1941003235092,-4.890429702459821e-09
Ablated PINN,2,268,True,optimal,1.3357200001337333e-05,0.10241040000255452,0.10242375720255587,0.1357625000018743,2162.8386441282087,1.3254981433007467,2162.8386436627534,-2.1520573808010636e-08
Ablated PINN,2,269,True,optimal,1.3357200001337333e-05,0.18802160000268486,0.1880349572026862,0.1630485999994562,2127.5411836072435,0.8671185529810993,2127.5411843610054,3.5428781816121994e-08
Ablated PINN,2,270,True,optimal,1.3357200001337333e-05,0.1279324999995879,0.12794585719958923,0.1753764999994018,2141.4755157456925,1.3707087031807768,2141.475515955246,9.785472187902865e-09
Ablated PINN,2,271,True,optimal,1.3357200001337333e-05,0.13838340000074822,0.13839675720074956,0.1578702999977395,2157.231709987476,1.1407080858747496,2157.231710074528,4.035370191211459e-09
Ablated PINN,2,272,True,optimal,1.3357200001337333e-05,0.10257310000088182,0.10258645720088316,0.1553596000012476,2251.103522681476,1.5144260191871615,2251.1035226978634,7.279663228026217e-10
Ablated PINN,2,273,True,optimal,1.3357200001337333e-05,0.09769020000021555,0.0977035572002169,0.1258467000006931,2224.7645391161536,1.2880462452641768,2224.7645392711934,6.968815804814165e-09
Ablated PINN,2,274,True,optimal,1.3357200001337333e-05,0.09943679999923916,0.0994501571992405,0.1255964999982097,2248.992133882215,1.2629090142772432,2248.9921337246133,-7.0076629892283936e-09
Ablated PINN,2,275,True,optimal,1.3357200001337333e-05,0.11363120000169147,0.11364455720169281,0.1602650999993784,2165.2296063945014,1.4102311975658008,2165.229607105106,3.281890194468132e-08
Ablated PINN,2,276,True,optimal,1.3357200001337333e-05,0.09573029999955907,0.0957436571995604,0.1355507000007492,2255.260071499048,1.4157668921944164,2255.260071493076,-2.6481189618287686e-10
Ablated PINN,2,277,True,optimal,1.3357200001337333e-05,0.1058679999987362,0.10588135719873754,0.174569300001167,2167.9748501241124,1.6487255605677904,2167.9748529289354,1.2937525533097747e-07
Ablated PINN,2,278,True,optimal,1.3357200001337333e-05,0.11755730000004405,0.11757065720004539,0.189471699999558,2168.666543748825,1.6115560167123473,2168.6665437596475,4.990408615350699e-10
Ablated PINN,2,279,True,optimal,1.3357200001337333e-05,0.10354830000142101,0.10356165720142235,0.1697157000016886,2033.8752707221165,1.6387889551786514,2033.8752685873915,-1.0495850298538292e-07
Ablated PINN,2,280,True,optimal,1.3357200001337333e-05,0.10129279999819119,0.10130615719819253,0.1369254000019282,2155.3513359880685,1.3515999795950329,2155.3513359528006,-1.636296143887465e-09
Ablated PINN,2,281,True,optimal,1.3357200001337333e-05,0.11649209999814047,0.11650545719814182,0.2123275999983889,2122.6809873022803,1.8224691366798516,2122.6809896559193,1.1088048846217694e-07
Ablated PINN,2,282,True,optimal,1.3357200001337333e-05,0.10257009999986622,0.10258345719986756,0.1921188999986043,2118.7416343232285,1.8728058621020265,2118.7416346015407,1.3135730918964937e-08
Ablated PINN,2,283,True,optimal,1.3357200001337333e-05,0.11843679999947199,0.11845015719947333,0.192897199998697,2158.957560505516,1.6285094470060755,2158.9575613965526,4.127160825670941e-08
Ablated PINN,2,284,True,optimal,1.3357200001337333e-05,0.10638019999896642,0.10639355719896776,0.1796782000019448,2273.889670073256,1.6888071489698067,2273.8896700626524,-4.663286379953939e-10
Ablated PINN,2,285,True,optimal,1.3357200001337333e-05,0.09592780000093626,0.0959411572009376,0.1300529000000096,2115.677822328654,1.3555485861779728,2115.677824275959,9.20416609866812e-08
Ablated PINN,2,286,True,optimal,1.3357200001337333e-05,0.10979880000013509,0.10981215720013643,0.1459980999970866,2196.2220295681013,1.3295258350220736,2196.2220295256375,-1.933495443845351e-09
Ablated PINN,2,287,True,optimal,1.3357200001337333e-05,0.09032979999756208,0.09034315719756342,0.1868482999998377,2202.066156379918,2.068206445245607,2202.0661563743556,-2.5260229262083745e-10
Ablated PINN,2,288,True,optimal,1.3357200001337333e-05,0.11995679999745334,0.11997015719745469,0.1656379000014567,2182.373867339894,1.3806591895085965,2182.3738655522516,-8.191274332780413e-08
Ablated PINN,2,289,True,optimal,1.3357200001337333e-05,0.11031379999985802,0.11032715719985936,0.1495441000006394,2211.584568758089,1.3554604668163246,2211.5845687109572,-2.13113416963944e-09
Ablated PINN,2,290,True,optimal,1.3357200001337333e-05,0.10183519999918644,0.10184855719918778,0.1592672999977367,2234.958415963913,1.5637658929841651,2234.958415937266,-1.192274108080067e-09
Ablated PINN,2,291,True,optimal,1.3357200001337333e-05,0.10499519999939366,0.105008557199395,0.1775887000003422,2225.3833521530064,1.6911831258011547,2225.383352127964,-1.125310919655199e-09
Ablated PINN,2,292,True,optimal,1.3357200001337333e-05,0.12113479999970878,0.12114815719971012,0.1876599000024725,2191.5297747841546,1.5490115932437933,2191.529774717713,-3.0317530685848204e-09
Ablated PINN,2,293,True,optimal,1.3357200001337333e-05,0.11505609999949229,0.11506945719949363,0.1814896999967459,2173.9351671876693,1.5772187026319315,2173.9351676579827,2.163419405536978e-08
Ablated PINN,2,294,True,optimal,1.3357200001337333e-05,0.1109677999993437,0.11098115719934504,0.1912125000017113,2221.8731689601696,1.7229276106596567,2221.8731690486575,3.982582084483089e-09
Ablated PINN,2,295,True,optimal,1.3357200001337333e-05,0.11359559999982594,0.11360895719982728,0.1916350999999849,2152.791180484056,1.6867956957206913,2152.791180472489,-5.373003067834599e-10
Ablated PINN,2,296,True,optimal,1.3357200001337333e-05,0.10944759999983944,0.10946095719984078,0.1938859000001684,2162.3602395464923,1.771279047434188,2162.360239426745,-5.537803252061012e-09
Ablated PINN,2,297,True,optimal,1.3357200001337333e-05,0.11011290000169538,0.11012625720169672,0.1667852999999013,2139.5005791467493,1.514491677442858,2139.5005796314294,2.265389364639286e-08
Ablated PINN,2,298,True,optimal,1.3357200001337333e-05,0.09360640000159037,0.09361975720159171,0.185193999997864,2183.7547421460417,1.978150825568637,2183.754742182025,1.6477696733279812e-09
Ablated PINN,2,299,True,optimal,1.3357200001337333e-05,0.13778540000203066,0.137798757202032,0.1797445000011066,2165.291704792407,1.3043985566399292,2165.2917048321856,1.8370998089264953e-09
Ablated PINN,2,300,True,optimal,1.3357200001337333e-05,0.10336699999970733,0.10338035719970867,0.2011792999983299,2134.5860261439225,1.9460108810583296,2134.5860263105615,7.806618307247041e-09
Ablated PINN,2,301,True,optimal,1.3357200001337333e-05,0.08415320000131032,0.08416655720131166,0.1329354000008606,2209.4187808300176,1.5794325492357066,2209.418780749299,-3.6533845451755152e-09
Ablated PINN,2,302,True,optimal,1.3357200001337333e-05,0.10867250000228523,0.10868585720228657,0.1474019999986922,2264.6526783053887,1.356220614098364,2264.652678570572,1.1709662665966488e-08
Ablated PINN,2,303,True,optimal,1.3357200001337333e-05,0.10532729999977164,0.10534065719977298,0.2004344999986642,2182.4879524071234,1.9027268798840962,2182.4879523445425,-2.867414050002903e-09
Ablated PINN,2,304,True,optimal,1.3357200001337333e-05,0.10185509999791975,0.10186845719792109,0.2144152000000758,2298.446942840016,2.10482425961833,2298.4469428282514,-5.118573109304356e-10
Ablated PINN,2,305,True,optimal,1.3357200001337333e-05,0.0996856999990996,0.09969905719910094,0.1916431999998167,2219.554113561441,1.922216772994167,2219.5541135365293,-1.122386213701686e-09
Ablated PINN,2,306,True,optimal,1.3357200001337333e-05,0.11002820000067004,0.11004155720067138,0.1999945999996271,2158.6573355187134,1.8174461093359273,2158.6573355579526,1.8177613819315258e-09
Ablated PINN,2,307,True,optimal,1.3357200001337333e-05,0.10841419999997015,0.10842755719997149,0.164086299999326,2106.293427636591,1.5133265401959008,2106.2934277909494,7.3284438561535425e-09
Ablated PINN,2,308,True,optimal,1.3357200001337333e-05,0.09263980000105221,0.09265315720105355,0.1880562000005738,2120.317801078761,2.0296793512659215,2120.3178010546258,-1.1382850669210447e-09
Ablated PINN,2,309,True,optimal,1.3357200001337333e-05,0.11559230000057141,0.11560565720057275,0.1561755000002449,2126.1744321940173,1.3509330233665344,2126.1744343475602,1.0128721821965524e-07
Ablated PINN,2,310,True,optimal,1.3357200001337333e-05,0.09934240000075079,0.09935575720075213,0.1320761000024504,2069.081862536293,1.3293250811383337,2069.08186666625,1.996033532129114e-07
Ablated PINN,2,311,True,optimal,1.3357200001337333e-05,0.10821329999816953,0.10822665719817087,0.1515479000008781,2061.1549558310385,1.4002825544485114,2061.1549555006704,-1.6028297036515304e-08
Ablated PINN,2,312,True,optimal,1.3357200001337333e-05,0.09883809999882942,0.09885145719883076,0.1136442999995779,2180.1149814162545,1.1496471900357794,2180.1149813947472,-9.865202589545843e-10
Ablated PINN,2,313,True,optimal,1.3357200001337333e-05,0.0895992000005208,0.08961255720052214,0.1372040999995079,2188.0807312513416,1.5310811819876116,2188.080731250893,-2.0491971871514497e-11
Ablated PINN,2,314,True,optimal,1.3357200001337333e-05,0.09234080000169342,0.09235415720169476,0.1179652999999234,2222.5581159645926,1.2773144552907971,2222.5581159380317,-1.1950591113811728e-09
Ablated PINN,2,315,True,optimal,1.3357200001337333e-05,0.10399820000020554,0.10401155720020688,0.204678000001877,2145.9342340595863,1.967839012427264,2145.934234086245,1.2422866240679468e-09
Ablated PINN,2,316,True,optimal,1.3357200001337333e-05,0.11376400000153808,0.11377735720153942,0.1662551999979769,2132.5852964854,1.4612327451364588,2132.5852968699032,1.8029920665936007e-08
Ablated PINN,2,317,True,optimal,1.3357200001337333e-05,0.12464360000012675,0.1246569572001281,0.1558721000001242,2254.9250954710506,1.2504083486482214,2254.9250954671957,-1.7095438341641564e-10
Ablated PINN,2,318,True,optimal,1.3357200001337333e-05,0.11063130000184174,0.11064465720184308,0.1743176999989373,2263.226844507007,1.575473270986225,2263.2268445489835,1.85471305362766e-09
Ablated PINN,2,319,True,optimal,1.3357200001337333e-05,0.11308709999866551,0.11310045719866685,0.1878381000024092,2210.304634881842,1.6608076099326616,2210.3046348343673,-2.1478810290954748e-09
Ablated PINN,2,320,True,optimal,1.3357200001337333e-05,0.10043439999935799,0.10044775719935933,0.1402054000027419,2082.329886286688,1.3958041862943271,2082.3298862935417,3.2912639684730214e-10
Ablated PINN,2,321,True,optimal,1.3357200001337333e-05,0.08514529999956721,0.08515865719956855,0.1832721000027959,2092.9242742982774,2.1521252921273684,2092.9242741537723,-6.90445743621765e-09
Ablated PINN,2,322,True,optimal,1.3357200001337333e-05,0.0941863000007288,0.09419965720073015,0.1814297999990231,2185.130356631259,1.9260133782909012,2185.13035661217,-8.735831018150265e-10
Ablated PINN,2,323,True,optimal,1.3357200001337333e-05,0.10835969999970985,0.10837305719971119,0.1583245000001625,2189.102213805668,1.4609212297886935,2189.1022137944797,-5.11083904776174e-10
Ablated PINN,2,324,True,optimal,1.3357200001337333e-05,0.09435179999854881,0.09436515719855015,0.1484041000003344,2171.272589872131,1.5726577945298492,2171.2725904355348,2.5948090352200026e-08
Ablated PINN,2,325,True,optimal,1.3357200001337333e-05,0.09529209999891464,0.09530545719891598,0.1501671000005444,2214.206873225862,1.5756400988363595,2214.2068732100206,-7.154516096502483e-10
Ablated PINN,2,326,True,optimal,1.3357200001337333e-05,0.09418089999962831,0.09419425719962965,0.1545449000004737,2125.986871701245,1.6407040577106575,2125.986871797878,4.545319816172939e-09
Ablated PINN,2,327,True,optimal,1.3357200001337333e-05,0.11285639999914565,0.11286975719914699,0.1809763999990536,2202.56873108054,1.603409137132629,2202.5687309311984,-6.780344985736531e-09
Ablated PINN,2,328,True,optimal,1.3357200001337333e-05,0.1127215000014985,0.11273485720149984,0.1562159999994037,2184.037543854672,1.3856938650322377,2184.0375438475435,-3.263963796114375e-10
Ablated PINN,2,329,True,optimal,1.3357200001337333e-05,0.1081028000007791,0.10811615720078044,0.1399351000000024,2173.826474611812,1.2943033088026945,2173.8264745030933,-5.001260412590922e-09
Ablated PINN,2,330,True,optimal,1.3357200001337333e-05,0.11495889999787323,0.11497225719787457,0.2051428000013402,2128.234033394617,1.784280877849309,2128.234033851531,2.1469150483290212e-08
Ablated PINN,2,331,True,optimal,1.3357200001337333e-05,0.10650960000202758,0.10652295720202892,0.1862562999995134,2104.584535308683,1.7485085364863098,2104.5845361634892,4.061639322473665e-08
Ablated PINN,2,332,True,optimal,1.3357200001337333e-05,0.10867490000237012,0.10868825720237146,0.1896450000022014,2252.763428235852,1.7448527088726156,2252.763428493057,1.141729502930768e-08
Ablated PINN,2,333,True,optimal,1.3357200001337333e-05,0.09928470000158995,0.0992980572015913,0.1778735000007145,2151.601771701695,1.7913089642791522,2151.601771668799,-1.5289060014929535e-09
Ablated PINN,2,334,True,optimal,1.3357200001337333e-05,0.10193819999767584,0.10195155719767718,0.1836159999984374,2228.6659115636726,1.8010122164433289,2228.665911740598,7.938622278913323e-09
Ablated PINN,2,335,True,optimal,1.3357200001337333e-05,0.11422070000116946,0.1142340572011708,0.2050641000023461,2190.661498984035,1.7951222693703324,2190.661498932042,-2.3733965124400034e-09
Ablated PINN,2,336,True,optimal,1.3357200001337333e-05,0.11154100000203471,0.11155435720203605,0.1579936000016459,2235.4954508447577,1.416292504966917,2235.49545068935,-6.951820607372233e-09
Ablated PINN,2,337,True,optimal,1.3357200001337333e-05,0.08838290000130655,0.08839625720130789,0.1761824999994132,2092.3407048610115,1.9930990923992022,2092.3407031521865,-8.167049634097329e-08
Ablated PINN,2,338,True,optimal,1.3357200001337333e-05,0.10702260000107344,0.10703595720107478,0.1750023999993573,2171.447278130524,1.6349870134818585,2171.447278147571,7.850576946706873e-10
Ablated PINN,2,339,True,optimal,1.3357200001337333e-05,0.14646150000044145,0.1464748572004428,0.1660876999994798,2216.45546251155,1.1338990402441418,2216.455462496527,-6.777954142539844e-10
Ablated PINN,2,340,True,optimal,1.3357200001337333e-05,0.12476220000098692,0.12477555720098826,0.1920820000013918,2163.9528951434622,1.539420094049241,2163.952895076221,-3.1073327515462933e-09
Ablated PINN,2,341,True,optimal,1.3357200001337333e-05,0.09514010000202688,0.09515345720202822,0.1864521000024979,2223.825782895802,1.9594884461909348,2223.8257829043905,3.8619745012841104e-10
Ablated PINN,2,342,True,optimal,1.3357200001337333e-05,0.12641429999712273,0.12642765719712407,0.1492392000000109,2055.728688606198,1.1804315867952804,2055.728687928728,-3.2955217980839674e-08
Ablated PINN,2,343,True,optimal,1.3357200001337333e-05,0.12714439999763272,0.12715775719763406,0.1174037999990105,2147.2559572665987,0.9232924721732585,2147.25595725321,-6.235247111314437e-10
Ablated PINN,2,344,True,optimal,1.3357200001337333e-05,0.1014181999998982,0.10143155719989955,0.1245152000010421,2208.61954208722,1.2275785114454048,2208.6195423227086,1.0662254744755917e-08
Ablated PINN,2,345,True,optimal,1.3357200001337333e-05,0.10164110000187065,0.101654457201872,0.1329647999991721,2179.495059787069,1.3080075744747917,2179.495059743494,-1.999307154240575e-09
Ablated PINN,2,346,True,optimal,1.3357200001337333e-05,0.11776950000057695,0.1177828572005783,0.1801190999976825,2158.0024019819666,1.5292471610783622,2158.002401781549,-9.287182282126575e-09
Ablated PINN,2,347,True,optimal,1.3357200001337333e-05,0.10904189999928349,0.10905525719928483,0.1875204000025405,2237.1176063082003,1.719498947766181,2237.1176062810578,-1.2132802073446759e-09
Ablated PINN,2,348,True,optimal,1.3357200001337333e-05,0.10117080000054557,0.10118415720054691,0.1707534999986819,2237.530400967604,1.687551734608498,2237.5304009709366,1.4895186823855584e-10
Ablated PINN,2,349,True,optimal,1.3357200001337333e-05,0.09822799999892595,0.09824135719892729,0.1921939000021666,2219.2598792165377,1.956344104784672,2219.2598791340224,-3.7181436853412512e-09
Ablated PINN,2,350,True,optimal,1.3357200001337333e-05,0.1082752000002074,0.10828855720020875,0.2011267999987467,2187.0903956003863,1.8573227421147964,2187.0903955765357,-1.090516839508408e-09
Ablated PINN,2,351,True,optimal,1.3357200001337333e-05,0.09971130000121775,0.09972465720121909,0.1784593000011227,2233.2405725405383,1.7895203153322157,2233.2405729502184,1.8344645644609582e-08
Ablated PINN,2,352,True,optimal,1.3357200001337333e-05,0.10486230000242358,0.10487565720242492,0.1700487999987672,2097.0363356283888,1.621432509076428,2097.036335632523,1.9714051190581953e-10
Ablated PINN,2,353,True,optimal,1.3357200001337333e-05,0.11237260000052629,0.11238595720052763,0.2080347999981313,2229.6858589191493,1.8510746821058761,2229.6858589379267,8.421557475323597e-10
Ablated PINN,2,354,True,optimal,1.3357200001337333e-05,0.14128420000270125,0.1412975572027026,0.1655281000021204,2296.944400859072,1.1714859285547108,2296.944400896637,1.6354274684784601e-09
Ablated PINN,2,355,True,optimal,1.3357200001337333e-05,0.10104569999748492,0.10105905719748626,0.1689585999993141,2212.5342058492406,1.6718798362539717,2212.534205765663,-3.777458475042768e-09
Ablated PINN,2,356,True,optimal,1.3357200001337333e-05,0.10530560000188416,0.1053189572018855,0.1854023999985656,2177.056471960629,1.7603896290310628,2177.056472111235,6.917870900016237e-09
Ablated PINN,2,357,True,optimal,1.3357200001337333e-05,0.09782750000158558,0.09784085720158692,0.1829232999989472,2202.5500756591496,1.8696003411137354,2202.5500756353586,-1.0801578324709502e-09
Ablated PINN,2,358,True,optimal,1.3357200001337333e-05,0.11191020000114804,0.11192355720114938,0.1786783999996259,2195.4449655584485,1.5964324621893897,2195.444965185141,-1.7003731050755443e-08
Ablated PINN,2,359,True,optimal,1.3357200001337333e-05,0.11027090000061435,0.11028425720061569,0.1633247999998275,2143.921737046292,1.4809439184300521,2143.9217375528046,2.3625517542340503e-08
Ablated PINN,2,360,True,optimal,1.3357200001337333e-05,0.11794340000051307,0.1179567572005144,0.1304525000014109,2194.863228487653,1.1059349468183075,2194.8632284518008,-1.6334631096167418e-09
Ablated PINN,2,361,True,optimal,1.3357200001337333e-05,0.09886130000086268,0.09887465720086402,0.1422778999985894,2225.630974859284,1.4389723719552485,2225.6309750330165,7.805992520316662e-09
Ablated PINN,2,362,True,optimal,1.3357200001337333e-05,0.09883300000001327,0.09884635720001461,0.1539554000009957,2196.8047850498147,1.5575222432271174,2196.80478574306,3.1556992022789666e-08
Ablated PINN,2,363,True,optimal,1.3357200001337333e-05,0.10202690000005532,0.10204025720005666,0.1502572999997937,2147.5048863780557,1.4725296086347994,2147.504886859665,2.2426457791004208e-08
Ablated PINN,2,364,True,optimal,1.3357200001337333e-05,0.10473650000130874,0.10474985720131008,0.1727430999999342,2205.4671880296964,1.6491010547914497,2205.4671880442847,6.614605329708192e-10
Ablated PINN,2,365,True,optimal,1.3357200001337333e-05,0.1061403000021528,0.10615365720215414,0.1417947999980242,2246.439198885705,1.3357504935321889,2246.4392008688164,8.827798951528559e-08
Ablated PINN,2,366,True,optimal,1.3357200001337333e-05,0.10175370000069961,0.10176705720070095,0.1278607999993255,2161.93904328185,1.2564065771024853,2161.9390506467125,3.4066004604325854e-07
Ablated PINN,2,367,True,optimal,1.3357200001337333e-05,0.09308959999907529,0.09310295719907663,0.1172116999987338,2236.582282354143,1.2589471218202752,2236.582282395835,1.864100728728353e-09
Ablated PINN,2,368,True,optimal,1.3357200001337333e-05,0.11464089999935823,0.11465425719935957,0.1598924999998416,2181.218795697856,1.3945622596623017,2181.2187954448273,-1.1600335669668075e-08
Ablated PINN,2,369,True,optimal,1.3357200001337333e-05,0.10993049999888171,0.10994385719888305,0.1559689999994589,2234.464631649203,1.4186240502488339,2234.4646316331246,-7.19568430735266e-10
Ablated PINN,2,370,True,optimal,1.3357200001337333e-05,0.13071189999755006,0.1307252571975514,0.1223349999963829,2191.33690772516,0.9358176271285573,2191.336907700133,-1.1420891222982801e-09
Ablated PINN,2,371,True,optimal,1.3357200001337333e-05,0.13156700000035926,0.1315803572003606,0.1226728000001458,2208.4067469090646,0.9323032906298389,2208.4067469244874,6.983657529076319e-10
Ablated PINN,2,372,True,optimal,1.3357200001337333e-05,0.15531109999938053,0.15532445719938187,0.1449767999984033,2179.438998301441,0.933380374298068,2179.4389989526626,2.988023060484121e-08
Ablated PINN,2,373,True,optimal,1.3357200001337333e-05,0.1533071000012569,0.15332045720125825,0.125074499999755,2296.6511708700623,0.8157717651179073,2296.6511691267096,-7.5908464595192e-08
Ablated PINN,2,374,True,optimal,1.3357200001337333e-05,0.13950130000011995,0.1395146572001213,0.132039000000077,2098.7791718246262,0.9464166894714071,2098.7791720537007,1.0914651413106785e-08
Ablated PINN,2,375,True,optimal,1.3357200001337333e-05,0.19952000000193948,0.19953335720194082,0.1689020000012533,2137.17485298067,0.8464850307225243,2137.174852988226,3.5355469262569645e-10
Ablated PINN,2,376,True,optimal,1.3357200001337333e-05,0.18885329999829992,0.18886665719830126,0.1527489000000059,2224.7053493523745,0.8087658365215128,2224.7053493318313,-9.234126929337529e-10
Ablated PINN,2,377,True,optimal,1.3357200001337333e-05,0.1784600999999384,0.17847345719993973,0.1738801000028615,2114.418486646166,0.9742630794004713,2114.4184920064504,2.5351104382689815e-07
Ablated PINN,2,378,True,optimal,1.3357200001337333e-05,0.12724960000196006,0.1272629572019614,0.2094768000024487,2117.5697502775542,1.6460154989956512,2117.5697488892424,-6.55615631910044e-08
Ablated PINN,2,379,True,optimal,1.3357200001337333e-05,0.1854527000032249,0.18546605720322623,0.1831095999987155,2194.5511020909207,0.987294401789495,2194.551102037466,-2.4357893307233385e-09
Ablated PINN,2,380,True,optimal,1.3357200001337333e-05,0.1689527000016824,0.16896605720168373,0.1691259999970498,2230.5320363874084,1.0009465971924478,2230.5320363789697,-3.7832886740634273e-10
Ablated PINN,2,381,True,optimal,1.3357200001337333e-05,0.10107509999943431,0.10108845719943566,0.2007329999978537,2090.7168882174,1.9857163276498628,2090.7168857906695,-1.1607169782760993e-07
Ablated PINN,2,382,True,optimal,1.3357200001337333e-05,0.10604380000222591,0.10605715720222725,0.1909339000012551,2215.6356898679733,1.8002924558612006,2215.6356903445303,2.150881735721527e-08
Ablated PINN,2,383,True,optimal,1.3357200001337333e-05,0.10677580000265152,0.10678915720265286,0.1491624999980558,2224.1887217386115,1.3967944303089819,2224.188721930977,8.648789713861136e-09
Ablated PINN,2,384,True,optimal,1.3357200001337333e-05,0.11497629999939818,0.11498965719939952,0.1969654000022274,2162.2599642954547,1.7128966621813353,2162.259966266142,9.114016078673237e-08
Ablated PINN,2,385,True,optimal,1.3357200001337333e-05,0.13938400000188267,0.139397357201884,0.1817249000014271,2197.3120325813948,1.3036466662581105,2197.3120325297627,-2.349780707248575e-09
Ablated PINN,2,386,True,optimal,1.3357200001337333e-05,0.12190779999946244,0.12192115719946378,0.1660755999982939,2276.9669437276,1.3621557063028296,2276.9669438111346,3.6686680983161247e-09
Ablated PINN,2,387,True,optimal,1.3357200001337333e-05,0.16063199999916833,0.16064535719916967,0.2082173999988299,2140.71019038978,1.2961308289829998,2140.71019039447,2.1907726934481425e-10
Ablated PINN,2,388,True,optimal,1.3357200001337333e-05,0.1157935000010184,0.11580685720101974,0.1282137000016519,2142.9942876946343,1.1071339219498557,2142.9942875087227,-8.675320883790395e-09
Ablated PINN,2,389,True,optimal,1.3357200001337333e-05,0.11426869999922928,0.11428205719923062,0.0971374000000651,2156.97839410696,0.8499794489236675,2156.9783939883278,-5.499925983803044e-09
Ablated PINN,2,390,True,optimal,1.3357200001337333e-05,0.08252079999874695,0.08253415719874829,0.1546777999974438,2121.662768269533,1.8741064941751127,2121.6627693305877,5.0010526353874243e-08
Ablated PINN,2,391,True,optimal,1.3357200001337333e-05,0.0958755999999994,0.09588895720000074,0.1664391999984218,2179.108154986151,1.7357494007497718,2179.108155335999,1.6054643739131044e-08
Ablated PINN,2,392,True,optimal,1.3357200001337333e-05,0.11507960000017192,0.11509295720017326,0.1512585999989824,2178.747628554961,1.3142298510577735,2178.747628392953,-7.4358238813970104e-09
Ablated PINN,2,393,True,optimal,1.3357200001337333e-05,0.09622210000088671,0.09623545720088805,0.1759530999988783,2210.081430874533,1.8283604101509334,2210.0814309936136,5.388063733170229e-09
Ablated PINN,2,394,True,optimal,1.3357200001337333e-05,0.0958877000011853,0.09590105720118663,0.2010760000011942,2209.614837155141,2.096702641967394,2209.614837148976,-2.7898776677992063e-10
Ablated PINN,2,395,True,optimal,1.3357200001337333e-05,0.1294512999993458,0.12946465719934713,0.1911084999992454,2250.0994968703653,1.4761441781364337,2250.09949686932,-4.6463019130580836e-11
Ablated PINN,2,396,True,optimal,1.3357200001337333e-05,0.1357659000022977,0.13577925720229905,0.1411408000021765,2174.589089535385,1.0394872008460705,2174.5890894693043,-3.0387672833161933e-09
Ablated PINN,2,397,True,optimal,1.3357200001337333e-05,0.1027289000012388,0.10274225720124014,0.1573333999986061,2206.5415063809373,1.531340699381744,2206.5415063670894,-6.275869404291139e-10
Ablated PINN,2,398,True,optimal,1.3357200001337333e-05,0.10225179999906686,0.1022651571990682,0.1464271000004373,2177.2681869428293,1.4318376269192443,2177.26818685231,-4.157470344085411e-09
Ablated PINN,2,399,True,optimal,1.3357200001337333e-05,0.09115559999918332,0.09116895719918466,0.1915522000017517,2278.0058111328985,2.1010682351367813,2278.005811130495,-1.0550191477517492e-10
Ablated PINN,2,400,True,optimal,1.3357200001337333e-05,0.11397109999961685,0.1139844571996182,0.2054897000016353,2186.1111524012417,1.8027870207055179,2186.111152383834,-7.962874427868437e-10
Ablated PINN,2,401,True,optimal,1.3357200001337333e-05,0.11194070000055945,0.11195405720056079,0.1837744000004022,2189.316129951744,1.6415162129513396,2189.316130123673,7.853073493328234e-09
Ablated PINN,2,402,True,optimal,1.3357200001337333e-05,0.09779840000192053,0.09781175720192187,0.1856459000009636,2253.001817826864,1.8979916659478633,2253.001817755007,-3.1894052117093104e-09
Ablated PINN,2,403,True,optimal,1.3357200001337333e-05,0.11977240000123857,0.1197857572012399,0.1958493999991333,2139.5946957270985,1.634997386793712,2139.5946957422602,7.086263326500343e-10
Ablated PINN,2,404,True,optimal,1.3357200001337333e-05,0.11392749999868101,0.11394085719868235,0.1675045999982103,2229.818283830382,1.4701012798782715,2229.8182838051116,-1.1332901192895177e-09
Ablated PINN,2,405,True,optimal,1.3357200001337333e-05,0.10894439999901806,0.1089577571990194,0.1756791000007069,2164.096343412927,1.6123597302009076,2164.0963429928056,-1.9413254156945522e-08
Ablated PINN,2,406,True,optimal,1.3357200001337333e-05,0.10830200000054901,0.10831535720055036,0.1916470000032859,2259.564290805501,1.769342824106129,2259.5642907377564,-2.9981276758497713e-09
Ablated PINN,2,407,True,optimal,1.3357200001337333e-05,0.08891070000026957,0.08892405720027091,0.180398000000423,2173.329620252804,2.0286748679734488,2173.3296202513134,-6.858885105667652e-11
Ablated PINN,2,408,True,optimal,1.3357200001337333e-05,0.11342909999802941,0.11344245719803076,0.1754146999992372,2198.982306947815,1.5462879095877184,2198.982306560688,-1.7604819890266852e-08
Ablated PINN,2,409,True,optimal,1.3357200001337333e-05,0.11890910000147414,0.11892245720147548,0.1634501999978965,2101.757465941314,1.3744266965572636,2101.7574658993926,-1.9945850065076027e-09
Ablated PINN,2,410,True,optimal,1.3357200001337333e-05,0.0922169000004942,0.09223025720049555,0.1857828000029258,2222.3545773784226,2.0143367875366565,2222.3545779636834,2.6335165236142373e-08
Ablated PINN,2,411,True,optimal,1.3357200001337333e-05,0.1078983999977936,0.10791175719779494,0.2085518999992928,2207.183435496908,1.932615179428793,2207.1834354978264,4.161818333798131e-11
Ablated PINN,2,412,True,optimal,1.3357200001337333e-05,0.11787510000067414,0.11788845720067548,0.120748099998309,2160.7392493565994,1.0242571907847238,2160.7392517334,1.0999942240809323e-07
Ablated PINN,2,413,True,optimal,1.3357200001337333e-05,0.11213850000058301,0.11215185720058435,0.12858750000305,2137.8859251232807,1.1465481108624924,2137.885925290744,7.833132651284423e-09
Ablated PINN,2,414,True,optimal,1.3357200001337333e-05,0.10319470000104047,0.10320805720104181,0.1461687000009988,2164.422742503913,1.4162528000723118,2164.42274243257,-3.29616930846373e-09
Ablated PINN,2,415,True,optimal,1.3357200001337333e-05,0.1179751000017859,0.11798845720178724,0.1160552000001189,2183.6447305417146,0.9836148615930961,2183.64473038356,-7.242696578035616e-09
Ablated PINN,2,416,True,optimal,1.3357200001337333e-05,0.11113379999733297,0.11114715719733431,0.1706560999991779,2165.022676697812,1.5354067913423055,2165.02267664531,-2.4250067432075686e-09
Ablated PINN,2,417,True,optimal,1.3357200001337333e-05,0.1041209999966668,0.10413435719666814,0.160851000000548,2210.084839800277,1.5446487051028204,2210.0848397898976,-4.696475038904631e-10
Ablated PINN,2,418,True,optimal,1.3357200001337333e-05,0.10123509999903035,0.1012484571990317,0.1954523000022163,2183.472931097952,1.9304225013325491,2183.472931020978,-3.5252884863469843e-09
Ablated PINN,2,419,True,optimal,1.3357200001337333e-05,0.08289529999819933,0.08290865719820067,0.1770538999990094,2298.137789102097,2.135529701991747,2298.137789089666,-5.409150679641918e-10
Ablated PINN,2,420,True,optimal,1.3357200001337333e-05,0.10136160000183736,0.1013749572018387,0.1652902000023459,2167.561559471917,1.630483549041123,2167.561559509982,1.7561245994128148e-09
Ablated PINN,2,421,True,optimal,1.3357200001337333e-05,0.13473270000031334,0.13474605720031468,0.1562787999973807,2192.4891056494184,1.1598023960363846,2192.489104786971,-3.933645317199687e-08
Ablated PINN,2,422,True,optimal,1.3357200001337333e-05,0.11775399999896763,0.11776735719896897,0.1788482999982079,2110.181463539362,1.5186576675575911,2110.181463141932,-1.8833929316175087e-08
Ablated PINN,2,423,True,optimal,1.3357200001337333e-05,0.11862320000000182,0.11863655720000316,0.1785305999983393,2184.4806474491047,1.504853176895246,2184.4806474078564,-1.8882434714024467e-09
Ablated PINN,2,424,True,optimal,1.3357200001337333e-05,0.10537209999893093,0.10538545719893228,0.1587675000009767,2147.8010678037863,1.5065408854399815,2147.801067669225,-6.265063714999992e-09
Ablated PINN,2,425,True,optimal,1.3357200001337333e-05,0.10746160000053351,0.10747495720053485,0.1850125999990268,2206.613199891192,1.7214484640716479,2206.613199877844,-6.048973260867682e-10
Ablated PINN,2,426,True,optimal,1.3357200001337333e-05,0.08985699999902863,0.08987035719902997,0.1704420999994909,2138.9719123375457,1.8965330205823483,2138.971913701125,6.374927240309721e-08
Ablated PINN,2,427,True,optimal,1.3357200001337333e-05,0.10311039999942295,0.10312375719942429,0.1837349999987054,2209.529803481716,1.7816941991687938,2209.529802636681,-3.8245022671696515e-08
Ablated PINN,2,428,True,optimal,1.3357200001337333e-05,0.12260220000098343,0.12261555720098477,0.1591241000023728,2192.2824505501385,1.2977480479214003,2192.282450468965,-3.7026849166979246e-09
Ablated PINN,2,429,True,optimal,1.3357200001337333e-05,0.12123040000005858,0.12124375720005992,0.1789229999994859,2234.0549479820165,1.4757295891470237,2234.054948111893,5.813478235073854e-09
Ablated PINN,2,430,True,optimal,1.3357200001337333e-05,0.11189119999835384,0.11190455719835518,0.1666087000012339,2182.7978551841825,1.4888464256724907,2182.797855199493,7.014132698217075e-10
Ablated PINN,2,431,True,optimal,1.3357200001337333e-05,0.09589989999949466,0.095913257199496,0.1814020999991044,2192.955539329313,1.8913141446316935,2192.9555393592127,1.3634402423830915e-09
Ablated PINN,2,432,True,optimal,1.3357200001337333e-05,0.10208500000226195,0.10209835720226329,0.1483079999998153,2110.1541273223324,1.4525992784194148,2110.1541325896856,2.496193547680386e-07
Ablated PINN,2,433,True,optimal,1.3357200001337333e-05,0.09896189999926719,0.09897525719926853,0.1869723999989219,2154.821625953693,1.889082234183916,2154.821625921849,-1.4778085392140883e-09
Ablated PINN,2,434,True,optimal,1.3357200001337333e-05,0.116341699998884,0.11635505719888534,0.1717438999985461,2248.9722686070386,1.4760329643857661,2248.9722686492423,1.8765788259301255e-09
Ablated PINN,2,435,True,optimal,1.3357200001337333e-05,0.10658929999772226,0.1066026571977236,0.1613763000023027,2135.562419517048,1.5138112336448284,2135.5624195239684,3.2405258317643693e-10
Ablated PINN,2,436,True,optimal,1.3357200001337333e-05,0.1029430999988108,0.10295645719881213,0.1735336999990977,2120.722574417725,1.6855057440836247,2120.7225750654975,3.054490023774299e-08
Ablated PINN,2,437,True,optimal,1.3357200001337333e-05,0.11674069999935455,0.11675405719935589,0.1575269999993906,2181.472956994183,1.3492207789440285,2181.4729569443107,-2.2861682429671996e-09
Ablated PINN,2,438,True,optimal,1.3357200001337333e-05,0.11364079999839305,0.11365415719839439,0.1948885999991034,2244.8638781162217,1.7147511785152425,2244.8638806331187,1.1211802233076294e-07
Ablated PINN,2,439,True,optimal,1.3357200001337333e-05,0.11321329999918817,0.1132266571991895,0.1831988000012643,2171.9382680719627,1.6179829426473227,2171.9382671179,-4.3926785796303126e-08
Ablated PINN,2,440,True,optimal,1.3357200001337333e-05,0.10107439999774215,0.10108775719774349,0.1786931000024196,2154.6680283886826,1.7677026868136754,2154.6680290362665,3.005492567729105e-08
Ablated PINN,2,441,True,optimal,1.3357200001337333e-05,0.11274289999710163,0.11275625719710297,0.1710525000016787,2195.5273350951056,1.5170111553336796,2195.527335123761,1.305173891971532e-09
Ablated PINN,2,442,True,optimal,1.3357200001337333e-05,0.11133260000133305,0.11134595720133439,0.1860339999984717,2259.8735075259665,1.6707746259892249,2259.8735075641102,1.6878711537604696e-09
Ablated PINN,2,443,True,optimal,1.3357200001337333e-05,0.12691590000031283,0.12692925720031417,0.1997216000017942,2174.3117033236044,1.5734875032523223,2174.311703344082,9.41802774940988e-10
Ablated PINN,2,444,True,optimal,1.3357200001337333e-05,0.12704759999905946,0.1270609571990608,0.1627028999973845,2210.518851685285,1.2805105799926018,2210.518851966461,1.2719918608895617e-08
Ablated PINN,2,445,True,optimal,1.3357200001337333e-05,0.10199149999971269,0.10200485719971403,0.2036231000020052,2123.64674799817,1.9962098432561313,2123.646747996608,-7.355541366601853e-11
Ablated PINN,2,446,True,optimal,1.3357200001337333e-05,0.1220735999995668,0.12208695719956814,0.1699284000023908,2230.36479564666,1.3918636675056055,2230.364795633967,-5.69095606365275e-10
Ablated PINN,2,447,True,optimal,1.3357200001337333e-05,0.11765700000250945,0.11767035720251079,0.1734460000006947,2210.1544048525216,1.4739990947949109,2210.1544048470537,-2.4739819693383383e-10
Ablated PINN,2,448,True,optimal,1.3357200001337333e-05,0.11841550000099232,0.11842885720099366,0.179119600001286,2260.76425873745,1.5124658316789288,2260.764258732004,-2.4089439016776153e-10
Ablated PINN,2,449,True,optimal,1.3357200001337333e-05,0.09881969999696594,0.09883305719696728,0.1732862999997451,2183.5003051598856,1.7533232798252691,2183.500305165685,2.656007398831309e-10
Ablated PINN,2,450,True,optimal,1.3357200001337333e-05,0.10516369999822928,0.10517705719823062,0.1824215000015101,2179.3664867408806,1.7344229327285168,2179.366486708174,-1.5007477593508524e-09
Ablated PINN,2,451,True,optimal,1.3357200001337333e-05,0.1056946999997308,0.10570805719973214,0.2047748000004503,2128.8352728291547,1.9371730540230683,2128.835272834346,2.438608484169221e-10
Ablated PINN,2,452,True,optimal,1.3357200001337333e-05,0.10157200000321609,0.10158535720321743,0.1769419999982346,2218.975889484013,1.7418061507060434,2218.975889475921,-3.6466256348352457e-10
Ablated PINN,2,453,True,optimal,1.3357200001337333e-05,0.09002940000209492,0.09004275720209626,0.1835611999995308,2136.67793062613,2.0386003905626446,2136.677930625901,-1.0726589232829091e-11
Ablated PINN,2,454,True,optimal,1.3357200001337333e-05,0.09625320000122883,0.09626655720123017,0.1794731000009051,2180.715322383944,1.8643348761890868,2180.715318737013,-1.672355362484665e-07
Ablated PINN,2,455,True,optimal,1.3357200001337333e-05,0.09435000000303262,0.09436335720303396,0.1848115000029793,2119.248972775559,1.9585091658548712,2119.248972037954,-3.480502833004422e-08
Ablated PINN,2,456,True,optimal,1.3357200001337333e-05,0.09835179999936372,0.09836515719936506,0.1498170999984722,2155.155951815585,1.523070813528261,2155.155951881414,3.0544783411853333e-09
Ablated PINN,2,457,True,optimal,1.3357200001337333e-05,0.09207109999988461,0.09208445719988595,0.1687678999987838,2185.720389807243,1.8327512061285498,2185.720389615107,-8.790521130412571e-09
Ablated PINN,2,458,True,optimal,1.3357200001337333e-05,0.11101480000070296,0.1110281572007043,0.1445120999997016,2159.08903107746,1.3015806408321158,2159.0890308797743,-9.155967715789717e-09
Ablated PINN,2,459,True,optimal,1.3357200001337333e-05,0.10580889999982901,0.10582225719983035,0.1666079999995418,2223.278272148316,1.574413591319699,2223.278272127773,-9.23984958891134e-10
Ablated PINN,2,460,True,optimal,1.3357200001337333e-05,0.0997758999983489,0.09978925719835025,0.1377937000033853,2126.525063848751,1.3808470357635187,2126.5250635002353,-1.638897406666395e-08
Ablated PINN,2,461,True,optimal,1.3357200001337333e-05,0.1128580000004149,0.11287135720041624,0.203197499999078,2271.2281018472117,1.8002574350043223,2271.2281019644865,5.163496974378289e-09
Ablated PINN,2,462,True,optimal,1.3357200001337333e-05,0.10531129999799305,0.10532465719799439,0.1574200000031851,2242.721123420562,1.494616780069451,2242.721123421361,3.5625967364542815e-11
Ablated PINN,2,463,True,optimal,1.3357200001337333e-05,0.11377980000179377,0.11379315720179511,0.1579239000020607,2201.387739689864,1.3878154353517613,2201.387739661934,-1.26873027832342e-09
Ablated PINN,2,464,True,optimal,1.3357200001337333e-05,0.1146627999987686,0.11467615719876995,0.1535595000023022,2194.835931961373,1.3390708561687776,2194.83593177277,-8.593026159946846e-09
Ablated PINN,2,465,True,optimal,1.3357200001337333e-05,0.11048079999818583,0.11049415719818717,0.1743497999996179,2159.174762268526,1.5779096779470108,2159.1747624503328,8.42019042735297e-09
Ablated PINN,2,466,True,optimal,1.3357200001337333e-05,0.10569249999753083,0.10570585719753217,0.1858401000026788,2254.2657547172157,1.7580870628143155,2254.2657549892397,1.2067075632741674e-08
Ablated PINN,2,467,True,optimal,1.3357200001337333e-05,0.12116659999810508,0.12117995719810642,0.1781869000005826,2181.9666272810764,1.470432108746173,2181.96662700899,-1.2469771561576829e-08
Ablated PINN,2,468,True,optimal,1.3357200001337333e-05,0.10380029999942053,0.10381365719942187,0.1500932000017201,2087.1013563087363,1.4457943593432712,2087.101356160245,-7.114718244047594e-09
Ablated PINN,2,469,True,optimal,1.3357200001337333e-05,0.09173860000009881,0.09175195720010015,0.1666350000014063,2235.40349788644,1.8161465442965439,2235.403497880712,-2.5623998697244983e-10
Ablated PINN,2,470,True,optimal,1.3357200001337333e-05,0.11511330000212183,0.11512665720212317,0.1990038000003551,2094.414903593367,1.7285640427392264,2094.414903567377,-1.2409060188252524e-09
Ablated PINN,2,471,True,optimal,1.3357200001337333e-05,0.10800639999797568,0.10801975719797702,0.1612644999986514,2155.171056657264,1.4929167050717231,2155.1710570812065,1.967093559838408e-08
Ablated PINN,2,472,True,optimal,1.3357200001337333e-05,0.11378590000094846,0.1137992572009498,0.1613777999991725,2164.4343397912007,1.4180918572623653,2164.4343397773832,-6.383884233706144e-10
Ablated PINN,2,473,True,optimal,1.3357200001337333e-05,0.12432869999975082,0.12434205719975217,0.1380901999982597,2052.637038393842,1.110567117097166,2052.6370382806176,-5.5160438766300776e-09
Ablated PINN,2,474,True,optimal,1.3357200001337333e-05,0.09104289999959292,0.09105625719959426,0.1862413000017113,2274.4780000374203,2.045343238669173,2274.4780000228657,-6.399113867987606e-10
Ablated PINN,2,475,True,optimal,1.3357200001337333e-05,0.10633039999811444,0.10634375719811578,0.1686779000010574,2200.6172045858484,1.5861570480984102,2200.6172045865696,3.277395527959012e-11
Ablated PINN,2,476,True,optimal,1.3357200001337333e-05,0.09733549999873503,0.09734885719873637,0.1603213999987929,2032.290280439808,1.6468750082140045,2032.2902804362975,-1.7273232121192693e-10
Ablated PINN,2,477,True,optimal,1.3357200001337333e-05,0.09423880000031204,0.09425215720031338,0.1251594999994267,2195.0179589594245,1.3279218610713193,2195.0179589288987,-1.3906868186821954e-09
Ablated PINN,2,478,True,optimal,1.3357200001337333e-05,0.08720049999828916,0.0872138571982905,0.1461575000030279,2204.822692399768,1.675851804957123,2204.822692151102,-1.12782906086265e-08
Ablated PINN,2,479,True,optimal,1.3357200001337333e-05,0.11263740000140388,0.11265075720140522,0.116620699998748,2126.587299298268,1.0352411550172276,2126.5873060833987,3.1906193602851805e-07
Ablated PINN,2,480,True,optimal,1.3357200001337333e-05,0.10848899999837158,0.10850235719837292,0.1334341000001586,2135.643612864021,1.2297806558820046,2135.643614136131,5.956563992980417e-08
Ablated PINN,2,481,True,optimal,1.3357200001337333e-05,0.10853479999786941,0.10854815719787075,0.1941578999976627,2168.009808483197,1.7886798358422176,2168.009809541493,4.881415949074322e-08
Ablated PINN,2,482,True,optimal,1.3357200001337333e-05,0.10701609999887296,0.1070294571988743,0.1747250000007625,2208.999043862063,1.6324944979969513,2208.9990438218765,-1.81921663827108e-09
Ablated PINN,2,483,True,optimal,1.3357200001337333e-05,0.09221880000040983,0.09223215720041117,0.1954340000011143,2181.208935460057,2.1189355853019456,2181.208935455206,-2.2241082275016367e-10
Ablated PINN,2,484,True,optimal,1.3357200001337333e-05,0.10943240000051446,0.1094457572005158,0.1567410999996354,2053.6605644636165,1.4321350046714894,2053.6605636723234,-3.853086269679549e-08
Ablated PINN,2,485,True,optimal,1.3357200001337333e-05,0.10296139999991283,0.10297475719991417,0.1837539999978616,2286.816645147236,1.7844567444924722,2286.8166451947877,2.0793781758171214e-09
Ablated PINN,2,486,True,optimal,1.3357200001337333e-05,0.1219230000024254,0.12193635720242674,0.1678267999996023,2263.3134892876537,1.3763474967600742,2263.3134892816834,-2.6378926286819773e-10
Ablated PINN,2,487,True,optimal,1.3357200001337333e-05,0.10263440000198898,0.10264775720199032,0.1940441000006103,2212.354477516583,1.890388112608931,2212.3544774710276,-2.0591286718613948e-09
Ablated PINN,2,488,True,optimal,1.3357200001337333e-05,0.12035719999767025,0.12037055719767159,0.1924752999984775,2219.5784225975053,1.5990230873684175,2219.5784225969132,-2.667538325414435e-11
Ablated PINN,2,489,True,optimal,1.3357200001337333e-05,0.10548220000055153,0.10549555720055287,0.1863731999983429,2161.023028549685,1.7666450127756297,2161.0230285026787,-2.1751884892211957e-09
Ablated PINN,2,490,True,optimal,1.3357200001337333e-05,0.12104840000029071,0.12106175720029205,0.1771953999996185,2185.9925656277424,1.4636777467756021,2185.992565292689,-1.532728454469478e-08
Ablated PINN,2,491,True,optimal,1.3357200001337333e-05,0.11966389999724925,0.11967725719725059,0.1428784000017913,2110.86357186984,1.193864259157451,2110.863573529007,7.86013414104748e-08
Ablated PINN,2,492,True,optimal,1.3357200001337333e-05,0.12664800000129617,0.1266613572012975,0.166033100002096,2143.599423388134,1.3108425779634325,2143.599423509726,5.672336181040765e-09
Ablated PINN,2,493,True,optimal,1.3357200001337333e-05,0.09857159999955911,0.09858495719956045,0.159541299999546,2247.7707763521057,1.6183128190297305,2247.7707764762285,5.522041481407091e-09
Ablated PINN,2,494,True,optimal,1.3357200001337333e-05,0.11239839999689138,0.11241175719689273,0.1706368999984988,2206.9709592114127,1.5179631050480147,2206.970959147134,-2.912523056976223e-09
Ablated PINN,2,495,True,optimal,1.3357200001337333e-05,0.10558469999887166,0.105598057198873,0.1827196000012918,2125.185473270581,1.7303310766141813,2125.1854706718123,-1.2228432861067252e-07
Ablated PINN,2,496,True,optimal,1.3357200001337333e-05,0.09692470000300091,0.09693805720300225,0.1718775000008463,2102.3821887523045,1.7730652435184469,2102.3821911159826,1.1242856138994709e-07
Ablated PINN,2,497,True,optimal,1.3357200001337333e-05,0.09038570000120671,0.09039905720120806,0.1302648999990197,2116.7842522919,1.4409984355155296,2116.7842551494527,1.349949938965289e-07
Ablated PINN,2,498,True,optimal,1.3357200001337333e-05,0.10229439999966417,0.1023077571996655,0.208923500002129,2225.6785431953995,2.0421081032437303,2225.6785431748885,-9.215582626292299e-10
Ablated PINN,2,499,True,optimal,1.3357200001337333e-05,0.11605310000231839,0.11606645720231973,0.1905633999995188,2144.5475783365337,1.6418473053531797,2144.5475783405177,1.8577538597705643e-10
Ablated PINN,2,500,True,optimal,1.3357200001337333e-05,0.12770119999913732,0.12771455719913866,0.15810490000149,2215.532885820832,1.2379551984427684,2215.5328857929107,-1.26024004318643e-09
Ablated PINN,2,501,True,optimal,1.3357200001337333e-05,0.10413039999912144,0.10414375719912278,0.1664386000011291,2228.371373234856,1.5981620452092833,2228.371373206468,-1.2739374804132565e-09
Ablated PINN,2,502,True,optimal,1.3357200001337333e-05,0.09726009999940288,0.09727345719940422,0.128640599999926,2234.7304045953138,1.3224635342837787,2234.730404603045,3.459549168223184e-10
Ablated PINN,2,503,True,optimal,1.3357200001337333e-05,0.08716129999811528,0.08717465719811662,0.1857732999997097,2160.985498572136,2.131047095229911,2160.9854985459287,-1.2127378850484272e-09
Ablated PINN,2,504,True,optimal,1.3357200001337333e-05,0.08792800000082934,0.08794135720083068,0.1972738000004028,2150.609055033745,2.2432426139375,2150.609055009185,-1.142001837534846e-09
Ablated PINN,2,505,True,optimal,1.3357200001337333e-05,0.09617740000248887,0.0961907572024902,0.2053951999987475,2239.70532090254,2.135290395587303,2239.7053208791135,-1.0459549996280777e-09
Ablated PINN,2,506,True,optimal,1.3357200001337333e-05,0.10938749999695574,0.10940085719695708,0.1785152000011294,2205.5060222723287,1.6317532108523065,2205.5060223096643,1.69283904126517e-09
Ablated PINN,2,507,True,optimal,1.3357200001337333e-05,0.09852129999853787,0.09853465719853921,0.1844048000020848,2062.1130495714992,1.8714714725248838,2062.11304953359,-1.8383620345075505e-09
Ablated PINN,2,508,True,optimal,1.3357200001337333e-05,0.10736249999899883,0.10737585719900017,0.225116200002958,2095.2932231735585,2.0965252886014136,2095.2932253048175,1.0171650100616219e-07
Ablated PINN,2,509,True,optimal,1.3357200001337333e-05,0.10180570000011357,0.10181905720011492,0.1696919000023626,2109.9558600376304,1.6666025464059302,2109.955858049412,-9.423032068427177e-08
Ablated PINN,2,510,True,optimal,1.3357200001337333e-05,0.12763550000090618,0.12764885720090752,0.2062023999969824,2188.181474928856,1.615387748222758,2188.181476771609,8.421390807730166e-08
Ablated PINN,2,511,True,optimal,1.3357200001337333e-05,0.10644170000159647,0.10645505720159781,0.1841409000007843,2168.283338603913,1.7297524874940418,2168.2833386549864,2.3554848005079068e-09
Ablated PINN,2,512,True,optimal,1.3357200001337333e-05,0.1084539000003133,0.10846725720031464,0.1948730999974941,2185.775845588756,1.7966076125406887,2185.7758455915205,1.2647267338129998e-10
Ablated PINN,2,513,True,optimal,1.3357200001337333e-05,0.11013269999966724,0.11014605719966858,0.2116956999998365,2239.0913794904154,1.9219544065574912,2239.091380221318,3.264282515885224e-08
Ablated PINN,2,514,True,optimal,1.3357200001337333e-05,0.10229880000042613,0.10231215720042747,0.1635018999986641,2238.4883450230823,1.5980691295401694,2238.4883449974373,-1.1456401889654163e-09
Ablated PINN,2,515,True,optimal,1.3357200001337333e-05,0.11095339999883436,0.1109667571988357,0.1587159000009705,2227.148149431635,1.4303013263384414,2227.148149426267,-2.4101844016230746e-10
Ablated PINN,2,516,True,optimal,1.3357200001337333e-05,0.1275521999996272,0.12756555719962853,0.1804768000001786,2107.0622828312303,1.414776872081143,2107.062284003758,5.564751716345869e-08
Ablated PINN,2,517,True,optimal,1.3357200001337333e-05,0.10961350000070524,0.10962685720070658,0.1521785999975691,2170.7776773875285,1.3881507130954063,2170.777678732569,6.196122061596518e-08
Ablated PINN,2,518,True,optimal,1.3357200001337333e-05,0.0951082999999926,0.09512165719999394,0.1835428999984287,2168.713871826128,1.9295595283051945,2168.713871823563,-1.1828346005785155e-10
Ablated PINN,2,519,True,optimal,1.3357200001337333e-05,0.12022090000027674,0.12023425720027808,0.161152900000161,2154.9939499950024,1.3403243281299058,2154.993950027525,1.5091745868137386e-09
Ablated PINN,2,520,True,optimal,1.3357200001337333e-05,0.11165529999925639,0.11166865719925773,0.1398150999993959,2219.0477741393584,1.2520532037016854,2219.047774347352,9.37310633932487e-09
Ablated PINN,2,521,True,optimal,1.3357200001337333e-05,0.09738429999924847,0.09739765719924981,0.1394892999996955,2183.678255515077,1.4321627851308307,2183.678255531306,7.431966416045158e-10
Ablated PINN,2,522,True,optimal,1.3357200001337333e-05,0.12599870000121882,0.12601205720122016,0.1971363000011479,2216.718268789507,1.564424106546838,2216.718268701014,-3.992069097537048e-09
Ablated PINN,2,523,True,optimal,1.3357200001337333e-05,0.09983519999877899,0.09984855719878033,0.1848064000005251,2219.422771846843,1.8508670048442377,2219.422771872855,1.1720165958471865e-09
Ablated PINN,2,524,True,optimal,1.3357200001337333e-05,0.11571140000160085,0.11572475720160219,0.1557698000033269,2152.909609072655,1.3460369567417878,2152.9096091448455,3.3531685167669786e-09
Ablated PINN,2,525,True,optimal,1.3357200001337333e-05,0.11884880000070552,0.11886215720070686,0.2068163000003551,2229.4545173467577,1.739967579850765,2229.4545173680976,9.571816230835446e-10
Ablated PINN,2,526,True,optimal,1.3357200001337333e-05,0.10646540000016103,0.10647875720016237,0.1982573999994201,2115.290480401064,1.8619432195919525,2115.2904801895247,-1.0000488095859865e-08
Ablated PINN,2,527,True,optimal,1.3357200001337333e-05,0.12158650000128546,0.1215998572012868,0.1780744999996386,2268.181556168367,1.4644301736709124,2268.1815562998754,5.797965601352183e-09
Ablated PINN,2,528,True,optimal,1.3357200001337333e-05,0.09767610000199056,0.0976894572019919,0.1950312000008125,2211.8826734236586,1.9964406148510752,2211.8826734820937,2.641868634852231e-09
Ablated PINN,2,529,True,optimal,1.3357200001337333e-05,0.10378230000060285,0.10379565720060419,0.173392500000773,2192.773069247439,1.6705178682539688,2192.7730691758206,-3.266099957880668e-09
Ablated PINN,2,530,True,optimal,1.3357200001337333e-05,0.1027217999981076,0.10273515719810894,0.1609853999980259,2267.5659160432533,1.5669942441183045,2267.565916970212,4.0879024176454876e-08
Ablated PINN,2,531,True,optimal,1.3357200001337333e-05,0.11726690000068629,0.11728025720068763,0.1357917000023007,2186.7010960664984,1.157839377602461,2186.7010960158514,-2.3161387511413614e-09
Ablated PINN,2,532,True,optimal,1.3357200001337333e-05,0.09466430000247783,0.09467765720247917,0.1930357000019285,2128.186405964066,2.038872799620498,2128.1864064502215,2.2843646816262397e-08
Ablated PINN,2,533,True,optimal,1.3357200001337333e-05,0.10124569999970845,0.10125905719970979,0.1395507000015641,2170.7533313885287,1.378155237277521,2170.7533312842684,-4.802958418974304e-09
Ablated PINN,2,534,True,optimal,1.3357200001337333e-05,0.12029880000045523,0.12031215720045657,0.1570429999992484,2200.119136245156,1.3052961866321888,2200.1191361863252,-2.673976323145187e-09
Ablated PINN,2,535,True,optimal,1.3357200001337333e-05,0.09195189999809372,0.09196525719809506,0.1822710999986156,2075.490185828783,1.9819560728895684,2075.4901889678367,1.5124396549761791e-07
Ablated PINN,2,536,True,optimal,1.3357200001337333e-05,0.10027579999950831,0.10028915719950965,0.1251176000005216,2135.324230351599,1.2475685656787368,2135.324230594404,1.1370876075725205e-08
Ablated PINN,2,537,True,optimal,1.3357200001337333e-05,0.09156150000126217,0.09157485720126352,0.1633997999997518,2227.3126109095265,1.7843303827450279,2227.3126109096456,5.3492179476145045e-12
Ablated PINN,2,538,True,optimal,1.3357200001337333e-05,0.10391009999875678,0.10392345719875812,0.185410199999751,2209.0793631289366,1.7841034641981353,2209.079362971165,-7.14195301408888e-09
Ablated PINN,2,539,True,optimal,1.3357200001337333e-05,0.10219579999829875,0.1022091571983001,0.1370349000026181,2277.595306783959,1.3407301631178816,2277.595306786903,1.2926064348964803e-10
Ablated PINN,2,540,True,optimal,1.3357200001337333e-05,0.11359550000270247,0.1136088572027038,0.1725866999986465,2263.642184676107,1.519130675619005,2263.64218467189,-1.8628704718955187e-10
Ablated PINN,2,541,True,optimal,1.3357200001337333e-05,0.11037220000071102,0.11038555720071236,0.2192446000008203,2061.1091102720484,1.98617106767121,2061.1091105912406,1.5486427487865422e-08
Ablated PINN,2,542,True,optimal,1.3357200001337333e-05,0.08931509999820264,0.08932845719820398,0.1478786999978183,2111.3638354169184,1.6554489424316567,2111.3638333926374,-9.587551744617573e-08
Ablated PINN,2,543,True,optimal,1.3357200001337333e-05,0.10679140000138432,0.10680475720138566,0.1067839999996067,2212.072125144018,0.9998056528349217,2212.072126105791,4.347837039515926e-08
Ablated PINN,2,544,True,optimal,1.3357200001337333e-05,0.12107370000012452,0.12108705720012586,0.0949197999980242,2140.190620277965,0.7838971579030624,2140.190620401278,5.7617732026675725e-09
Ablated PINN,2,545,True,optimal,1.3357200001337333e-05,0.10421450000285404,0.10422785720285538,0.0857566000013321,2200.6618662996466,0.8227800350382983,2200.6618656943597,-2.750476677917325e-08
Ablated PINN,2,546,True,optimal,1.3357200001337333e-05,0.11999020000075689,0.12000355720075823,0.0894052000003284,2216.544733685447,0.7450212484181552,2216.544733670061,-6.941604373425208e-10
Ablated PINN,2,547,True,optimal,1.3357200001337333e-05,0.09822069999790983,0.09823405719791117,0.0908162000014272,2208.053753945172,0.9244879280355968,2208.0537539404713,-2.128898971646187e-10
Ablated PINN,2,548,True,optimal,1.3357200001337333e-05,0.11039080000045942,0.11040415720046076,0.1061957000019901,2220.8426764803626,0.9618813520687508,2220.8426761950877,-1.2845341980473442e-08
Ablated PINN,2,549,True,optimal,1.3357200001337333e-05,0.1084303000025102,0.10844365720251153,0.096353299999464,2162.123785274977,0.8885102410326353,2162.12378532062,2.1110258311445183e-09
Ablated PINN,2,550,True,optimal,1.3357200001337333e-05,0.1018551999986812,0.10186855719868254,0.0937330000015208,2142.747993904557,0.9201367191125098,2142.747993869849,-1.6197955572840205e-09
Ablated PINN,2,551,True,optimal,1.3357200001337333e-05,0.09306800000194926,0.0930813572019506,0.0955342999986896,2159.302784894489,1.026352675449468,2159.3027849199943,1.1811875040218315e-09
Ablated PINN,2,552,True,optimal,1.3357200001337333e-05,0.08771110000088811,0.08772445720088945,0.0953525000004447,2260.3214574923254,1.0869545739346895,2260.321457475997,-7.224022527484106e-10
Ablated PINN,2,553,True,optimal,1.3357200001337333e-05,0.10030800000095041,0.10032135720095176,0.1021557999993092,2174.590464464566,1.0182856656801693,2174.5904632821366,-5.4374813723494197e-08
Ablated PINN,2,554,True,optimal,1.3357200001337333e-05,0.11153760000161128,0.11155095720161262,0.0998246999988623,2207.425761709772,0.8948798154949332,2207.425761666485,-1.9609694846545385e-09
Ablated PINN,2,555,True,optimal,1.3357200001337333e-05,0.09768040000199107,0.09769375720199241,0.0698370999998587,2218.0561687167738,0.7148573460580796,2218.056168711071,-2.570959140054322e-10
Ablated PINN,2,556,True,optimal,1.3357200001337333e-05,0.10255250000045635,0.10256585720045769,0.1180387999993399,2182.357712001526,1.1508586114445614,2182.357711696455,-1.3978959390722386e-08
Ablated PINN,2,557,True,optimal,1.3357200001337333e-05,0.12974369999938062,0.12975705719938196,0.0988580000012007,2285.5102190187017,0.7618699293503364,2285.5102190217053,1.3141950657716652e-10
Ablated PINN,2,558,True,optimal,1.3357200001337333e-05,0.09381950000170036,0.0938328572017017,0.1008622000008472,2167.216844563321,1.0749134472590482,2167.216844563737,1.9199455149350996e-11
Ablated PINN,2,559,True,optimal,1.3357200001337333e-05,0.11690200000157347,0.11691535720157481,0.101941999997507,2174.36804697582,0.871929936644233,2174.3680468846956,-4.190852051662689e-09
Ablated PINN,2,560,True,optimal,1.3357200001337333e-05,0.11980020000191871,0.11981355720192005,0.0934461000033479,2137.2957759539263,0.7799292683203165,2137.2957760673094,5.304977802644947e-09
Ablated PINN,2,561,True,optimal,1.3357200001337333e-05,0.11742489999960526,0.1174382571996066,0.102568300000712,2170.5660320386637,0.8733806380179796,2170.566031975164,-2.925483717078739e-09
Ablated PINN,2,562,True,optimal,1.3357200001337333e-05,0.1112433999987843,0.11125675719878564,0.0993453999981284,2212.307944664741,0.8929381234851662,2212.3079446923434,1.2476678380454632e-09
Ablated PINN,2,563,True,optimal,1.3357200001337333e-05,0.1161396000024979,0.11615295720249924,0.0853888999990886,2071.973421216104,0.7351418513626211,2071.973421185206,-1.4912261151422467e-09
Ablated PINN,2,564,True,optimal,1.3357200001337333e-05,0.13131480000083684,0.13132815720083818,0.0922797999992326,2179.6777383108465,0.7026657646471844,2179.677738319255,3.857578746666819e-10
Ablated PINN,2,565,True,optimal,1.3357200001337333e-05,0.13323179999861168,0.13324515719861302,0.1027715999989595,2200.711868220565,0.7712970749531247,2200.7118682247988,1.92378561586812e-10
Ablated PINN,2,566,True,optimal,1.3357200001337333e-05,0.12081079999916255,0.1208241571991639,0.1099680000006628,2201.05256115928,0.9101491171123499,2201.052561890232,3.320921383314208e-08
Ablated PINN,2,567,True,optimal,1.3357200001337333e-05,0.11293509999813978,0.11294845719814112,0.1160980999993626,2188.883161991926,1.0278856646593781,2188.883161795982,-8.951791965714237e-09
Ablated PINN,2,568,True,optimal,1.3357200001337333e-05,0.11130489999777637,0.11131825719777771,0.1286785999982385,2200.689859193108,1.1559523409499386,2200.689859122791,-3.1952311601965176e-09
Ablated PINN,2,569,True,optimal,1.3357200001337333e-05,0.13012090000120224,0.13013425720120358,0.0923110000003362,2221.972222219237,0.7093520337047917,2221.9722221804113,-1.747360911314964e-09
Ablated PINN,2,570,True,optimal,1.3357200001337333e-05,0.10721859999830485,0.1072319571983062,0.0853204999984882,2186.966511266396,0.7956629928958893,2186.9665113302576,2.92009659947005e-09
Ablated PINN,2,571,True,optimal,1.3357200001337333e-05,0.09357250000175554,0.09358585720175688,0.097397000001365,2141.1903807316767,1.0407234908517413,2141.1903809088262,8.273414667657566e-09
Ablated PINN,2,572,True,optimal,1.3357200001337333e-05,0.14150250000238884,0.14151585720239018,0.1207890000005136,2211.026761572185,0.8535368572001519,2211.0267615418575,-1.3716503167245384e-09
Ablated PINN,2,573,True,optimal,1.3357200001337333e-05,0.09837119999792776,0.0983845571979291,0.1201727999978174,2229.6978687586407,1.2214599874252106,2229.697868753743,-2.196543772889696e-10
Ablated PINN,2,574,True,optimal,1.3357200001337333e-05,0.089410599997791,0.08942395719779234,0.1233026999980211,2170.676763864259,1.3788553298451565,2170.6767636764766,-8.650871686950876e-09
Ablated PINN,2,575,True,optimal,1.3357200001337333e-05,0.10495420000006561,0.10496755720006695,0.1093321000007563,2194.114861276719,1.0415799216168342,2194.114861242917,-1.5405677221051703e-09
Ablated PINN,2,576,True,optimal,1.3357200001337333e-05,0.10291259999939939,0.10292595719940073,0.1137926000010338,2082.110488284622,1.1055772819346328,2082.1104881379506,-7.044365940044436e-09
Ablated PINN,2,577,True,optimal,1.3357200001337333e-05,0.11446690000229864,0.11448025720229998,0.1353416999991168,2194.578646110108,1.1822274277384983,2194.5786460974164,-5.783134652470121e-10
Ablated PINN,2,578,True,optimal,1.3357200001337333e-05,0.09177400000044145,0.09178735720044279,0.1185464000009233,2205.762114605342,1.2915329912162612,2205.762114514022,-4.140069713936691e-09
Ablated PINN,2,579,True,optimal,1.3357200001337333e-05,0.12746189999961643,0.12747525719961778,0.103309199999785,2242.554332549244,0.810425507422273,2242.5543326462393,4.325216776222676e-09
Ablated PINN,2,580,True,optimal,1.3357200001337333e-05,0.10719119999703253,0.10720455719703387,0.1116365999987465,2165.30112750936,1.0413419253583305,2165.3011284125887,4.171377027194382e-08
Ablated PINN,2,581,True,optimal,1.3357200001337333e-05,0.11212529999829712,0.11213865719829846,0.1104821000008087,2167.331404682976,0.9852275991270306,2167.3314051396824,2.1072292012530832e-08
Ablated PINN,2,582,True,optimal,1.3357200001337333e-05,0.1033026000004611,0.10331595720046244,0.1236622000033094,2114.215242064586,1.1969322392606734,2114.2152420462303,-8.682123018187653e-10
Ablated PINN,2,583,True,optimal,1.3357200001337333e-05,0.09505429999990156,0.0950676571999029,0.1227229999967676,2125.3347546461755,1.2909016968695526,2125.334754938593,1.3758658613346638e-08
Ablated PINN,2,584,True,optimal,1.3357200001337333e-05,0.09351699999751872,0.09353035719752006,0.1262203000005684,2144.751710540295,1.3495115787274583,2144.7517121251485,7.389450383493083e-08
Ablated PINN,2,585,True,optimal,1.3357200001337333e-05,0.12269519999972545,0.12270855719972679,0.1177199000012478,2139.915154880837,0.9593454823989236,2139.915154226605,-3.057279278362846e-08
Ablated PINN,2,586,True,optimal,1.3357200001337333e-05,0.10413390000030631,0.10414725720030765,0.1051735000000917,2205.827125905075,1.0098537669389627,2205.8271258995437,-2.5074911645955014e-10
Ablated PINN,2,587,True,optimal,1.3357200001337333e-05,0.08487379999860423,0.08488715719860557,0.0923498000011022,2222.332069057373,1.0879125070125357,2222.3320690400983,-7.773135193720748e-10
Ablated PINN,2,588,True,optimal,1.3357200001337333e-05,0.09246690000145463,0.09248025720145597,0.0897266000029048,2163.022218268948,0.9702243778090637,2163.0222183495584,3.726745556596736e-09
Ablated PINN,2,589,True,optimal,1.3357200001337333e-05,0.09892649999892456,0.0989398571989259,0.1249128999988897,2148.688547764192,1.2625134453928217,2148.6885477286,-1.6564599693248719e-09
Ablated PINN,2,590,True,optimal,1.3357200001337333e-05,0.13554210000074818,0.13555545720074952,0.103250799998932,2198.220392382221,0.7616867821560569,2198.220392372535,-4.406138647469467e-10
Ablated PINN,2,591,True,optimal,1.3357200001337333e-05,0.11958440000307746,0.1195977572030788,0.1372334000006958,2212.829963415354,1.147457972541002,2212.829963356729,-2.6493277816564474e-09
Ablated PINN,2,592,True,optimal,1.3357200001337333e-05,0.12026509999850532,0.12027845719850666,0.1004586999988532,2219.3200689157115,0.8352177300799337,2219.320068855396,-2.7177429578372777e-09
Ablated PINN,2,593,True,optimal,1.3357200001337333e-05,0.11553899999853456,0.1155523571985359,0.0962385000020731,2193.549359870409,0.8328562249640761,2193.5493598267412,-1.9907265327643874e-09
Ablated PINN,2,594,True,optimal,1.3357200001337333e-05,0.11874100000204635,0.11875435720204769,0.1092939000009209,2179.055956786505,0.9203359150432616,2179.055956522162,-1.2131070579331493e-08
Ablated PINN,2,595,True,optimal,1.3357200001337333e-05,0.10590080000110902,0.10591415720111036,0.1111529000008886,2226.5560559836435,1.0494621582063943,2226.556056203819,9.888611563780349e-09
Ablated PINN,2,596,True,optimal,1.3357200001337333e-05,0.14588110000113375,0.14589445720113509,0.0954019999990123,2119.7892345239147,0.6539110657746774,2119.789233863943,-3.113383332462733e-08
Ablated PINN,2,597,True,optimal,1.3357200001337333e-05,0.11414810000133002,0.11416145720133136,0.1121457999979611,2192.758484262404,0.9823438027791155,2192.7584843806017,5.39035546063879e-09
Ablated PINN,2,598,True,optimal,1.3357200001337333e-05,0.151662899999792,0.15167625719979333,0.1123325000007753,2157.86194648099,0.7406070144044163,2157.861946105407,-1.7405335576135463e-08
Ablated PINN,2,599,True,optimal,1.3357200001337333e-05,0.11396930000046268,0.11398265720046402,0.1204207999981008,2189.6792015737747,1.0564835296506017,2189.67920154328,-1.3926445405257275e-09
Ablated PINN,2,600,True,optimal,1.3357200001337333e-05,0.11490069999854313,0.11491405719854447,0.1161562000015692,2219.330023975723,1.0108093198804964,2219.3300242652963,1.3047771420855993e-08
Ablated PINN,2,601,True,optimal,1.3357200001337333e-05,0.09692590000122436,0.0969392572012257,0.1058228999972925,2159.020300864705,1.091641333475727,2159.020300695341,-7.844476013475588e-09
Ablated PINN,2,602,True,optimal,1.3357200001337333e-05,0.11687299999903189,0.11688635719903323,0.0952967999983229,2236.106142973,0.8152944644861522,2236.1061429571737,-7.077534022830069e-10
Ablated PINN,2,603,True,optimal,1.3357200001337333e-05,0.11345729999811738,0.11347065719811872,0.0998766000011528,2144.1394977367727,0.880197598809789,2144.1394977823293,2.124702691214486e-09
Ablated PINN,2,604,True,optimal,1.3357200001337333e-05,0.10134740000285092,0.10136075720285226,0.1116714000017964,2146.403274202287,1.1017222353450808,2146.4032677846,-2.9899726185618787e-07
Ablated PINN,2,605,True,optimal,1.3357200001337333e-05,0.09307510000144248,0.09308845720144382,0.1013592999988759,2232.3054420137773,1.088849284283807,2232.3054419959803,-7.972471862200845e-10
Ablated PINN,2,606,True,optimal,1.3357200001337333e-05,0.1185561999991478,0.11856955719914913,0.1049061000012443,2118.766390138243,0.8847642049050101,2118.766391834402,8.005408093760149e-08
Ablated PINN,2,607,True,optimal,1.3357200001337333e-05,0.09438280000176746,0.0943961572017688,0.1286032000025443,2142.823008414849,1.3623774930547121,2142.8230096137754,5.5950789180506696e-08
Ablated PINN,2,608,True,optimal,1.3357200001337333e-05,0.11553470000217203,0.11554805720217337,0.1190274000000499,2122.315985100524,1.0301116512222162,2122.315985276467,8.290146968463419e-09
Ablated PINN,2,609,True,optimal,1.3357200001337333e-05,0.10423359999913373,0.10424695719913507,0.1265557000006083,2189.831787457177,1.2139989828082802,2189.8317873984456,-2.682011020119833e-09
Ablated PINN,2,610,True,optimal,1.3357200001337333e-05,0.11288539999804925,0.11289875719805059,0.1114930000003369,2195.257101131361,0.9875485148587804,2195.2571010424313,-4.05100328094484e-09
Ablated PINN,2,611,True,optimal,1.3357200001337333e-05,0.09862530000100378,0.09863865720100512,0.1192601000002469,2204.885343771604,1.2090604574758104,2204.8853437414887,-1.3658392101963523e-09
Ablated PINN,2,612,True,optimal,1.3357200001337333e-05,0.12178149999817833,0.12179485719817967,0.1316415000001143,2204.717517065051,1.0808461295365908,2204.7175173083638,1.1035997501199315e-08
Ablated PINN,2,613,True,optimal,1.3357200001337333e-05,0.08884279999983846,0.0888561571998398,0.1171033999999053,2161.4947106731497,1.3178985417581892,2161.494711661846,4.574132076314508e-08
Ablated PINN,2,614,True,optimal,1.3357200001337333e-05,0.10615780000080122,0.10617115720080256,0.1641037000008509,2180.209930913208,1.5456523629150989,2180.209932109774,5.488305385114612e-08
Ablated PINN,2,615,True,optimal,1.3357200001337333e-05,0.09218630000032135,0.0921996572003227,0.1246342999984335,2141.301320617485,1.3517870215898948,2141.3013216554623,4.847413062836321e-08
Ablated PINN,2,616,True,optimal,1.3357200001337333e-05,0.10856970000168076,0.1085830572016821,0.1006606000009924,2262.496724536963,0.9270378141409803,2262.496724539882,1.2901778878542304e-10
Ablated PINN,2,617,True,optimal,1.3357200001337333e-05,0.13105849999919883,0.13107185719920017,0.1069905000003927,2158.006871491612,0.8162736249154604,2158.0068719054398,1.9176390283021207e-08
Ablated PINN,2,618,True,optimal,1.3357200001337333e-05,0.10747210000045015,0.1074854572004515,0.1058778999977221,2163.588798699971,0.9850439562281301,2163.5887985882755,-5.1625105075048616e-09
Ablated PINN,2,619,True,optimal,1.3357200001337333e-05,0.09506709999914165,0.09508045719914299,0.1062416999993729,2180.4353000383635,1.1173873488728925,2180.4352997909045,-1.1349062108507944e-08
Ablated PINN,2,620,True,optimal,1.3357200001337333e-05,0.125717099999747,0.12573045719974835,0.1320154000022739,2202.8473656540828,1.0499874329776806,2202.8473656589135,2.1929713260149204e-10
Ablated PINN,2,621,True,optimal,1.3357200001337333e-05,0.10118539999893983,0.10119875719894117,0.1153688999984297,2204.1024320121955,1.1400228934791383,2204.1024319687453,-1.9713330583657492e-09
Ablated PINN,2,622,True,optimal,1.3357200001337333e-05,0.08477039999706903,0.08478375719707038,0.1095088000001851,2133.686583691826,1.2916247595119443,2133.6865831596306,-2.4942527936558664e-08
Ablated PINN,2,623,True,optimal,1.3357200001337333e-05,0.15961699999752454,0.15963035719752589,0.1420283000006748,2183.0068868535345,0.8897323948535028,2183.0068868197527,-1.5474901457591828e-09
Ablated PINN,2,624,True,optimal,1.3357200001337333e-05,0.1744994000000588,0.17451275720006015,0.1152020000008633,2120.0099596930995,0.6601351204874757,2120.0099600733743,1.7937403536014072e-08
Ablated PINN,2,625,True,optimal,1.3357200001337333e-05,0.14205040000160807,0.1420637572016094,0.1084355999992112,2218.156836577463,0.7632882737665814,2218.1568361598206,-1.882834585471829e-08
Ablated PINN,2,626,True,optimal,1.3357200001337333e-05,0.1306765000008454,0.13068985720084675,0.1087654000002658,2164.591121375274,0.8322405604370122,2164.591122111207,3.399871190832196e-08
Ablated PINN,2,627,True,optimal,1.3357200001337333e-05,0.11338049999903888,0.11339385719904022,0.0932749999992665,2068.2673698575004,0.8225754225428712,2068.2673767557076,3.33525891080979e-07
Ablated PINN,2,628,True,optimal,1.3357200001337333e-05,0.12150339999789139,0.12151675719789273,0.1130072000014479,2098.3823497994363,0.9299721504040235,2098.3823462143046,-1.7085216658885653e-07
Ablated PINN,2,629,True,optimal,1.3357200001337333e-05,0.09591249999721185,0.0959258571972132,0.1105009999992034,2172.8828727837745,1.15194175197231,2172.882872223673,-2.5776879424378102e-08
Ablated PINN,2,630,True,optimal,1.3357200001337333e-05,0.10395799999969313,0.10397135719969447,0.0942606000025989,2174.25639514468,0.9066016116492118,2174.25639514853,1.7706702306140046e-10
Ablated PINN,2,631,True,optimal,1.3357200001337333e-05,0.10719649999737157,0.10720985719737292,0.1218747000020812,2128.1482380531047,1.1367863290565752,2128.148238274976,1.0425553470865379e-08
Ablated PINN,2,632,True,optimal,1.3357200001337333e-05,0.10801859999992303,0.10803195719992437,0.0930888999973831,2136.4424945639207,0.861679288334214,2136.4424945704463,3.054434885013245e-10
Ablated PINN,2,633,True,optimal,1.3357200001337333e-05,0.11043989999961923,0.11045325719962057,0.0920519999999669,2107.709452170081,0.8334023127412409,2107.7094524673653,1.4104612906948873e-08
Ablated PINN,2,634,True,optimal,1.3357200001337333e-05,0.10603579999951762,0.10604915719951896,0.1095159000033163,2047.9459968290416,1.0326899609138342,2047.9459967810228,-2.344730731060837e-09
Ablated PINN,2,635,True,optimal,1.3357200001337333e-05,0.09539280000171857,0.09540615720171991,0.1004419999990204,2160.855060266584,1.0527832054555248,2160.8550602765886,4.6298532018468493e-10
Ablated PINN,2,636,True,optimal,1.3357200001337333e-05,0.1042766999999003,0.10429005719990164,0.1182555000013962,2162.859964405213,1.1339096283620385,2162.8599638966193,-2.351486172603148e-08
Ablated PINN,2,637,True,optimal,1.3357200001337333e-05,0.10102610000103596,0.1010394572010373,0.0945245000002614,2072.841717570554,0.9355206631028,2072.8417133963862,-2.0137416837767104e-07
Ablated PINN,2,638,True,optimal,1.3357200001337333e-05,0.1062259999998787,0.10623935719988004,0.0888355999995837,2178.017926171404,0.8361835231405561,2178.0179245605245,-7.396079073899938e-08
Ablated PINN,2,639,True,optimal,1.3357200001337333e-05,0.10832440000012866,0.10833775720013,0.1015274999990651,2204.0542578229224,0.9371386543614295,2204.054257821225,-7.702042065588552e-11
Ablated PINN,2,640,True,optimal,1.3357200001337333e-05,0.09913099999903352,0.09914435719903486,0.1188681000021461,2190.4473095838243,1.1989396407454165,2190.4473095243075,-2.7171107141571686e-09
Ablated PINN,2,641,True,optimal,1.3357200001337333e-05,0.11661269999967772,0.11662605719967906,0.1115506999994977,2273.8091708838424,0.956481790415913,2273.809170882699,-5.0278398678645004e-11
Ablated PINN,2,642,True,optimal,1.3357200001337333e-05,0.09458629999789991,0.09459965719790125,0.1104951000015717,2072.257797995907,1.1680285454990327,2072.257795264894,-1.317892473599686e-07
Ablated PINN,2,643,True,optimal,1.3357200001337333e-05,0.10848400000031688,0.10849735720031822,0.1168818000005558,2213.731965941241,1.077277852812188,2213.7319662332698,1.3191693881214844e-08
Ablated PINN,2,644,True,optimal,1.3357200001337333e-05,0.09647799999947893,0.09649135719948027,0.1434605000031297,2226.952816015813,1.4867704649085653,2226.95281665814,2.8843314080515415e-08
Ablated PINN,2,645,True,optimal,1.3357200001337333e-05,0.11804029999984778,0.11805365719984912,0.1014982000015152,2210.436130649556,0.8597632839929074,2210.436130659928,4.692231291012515e-10
Ablated PINN,2,646,True,optimal,1.3357200001337333e-05,0.10713169999871752,0.10714505719871886,0.1163393999995605,2175.616502172721,1.085812104087911,2175.6165024198726,1.1360069524255011e-08
Ablated PINN,2,647,True,optimal,1.3357200001337333e-05,0.13357670000186772,0.13359005720186906,0.1226314999985334,2194.288158495127,0.9179687662924189,2194.2881588414743,1.578404388345166e-08
Ablated PINN,2,648,True,optimal,1.3357200001337333e-05,0.10643400000117254,0.10644735720117388,0.1012484000020776,2231.8968320477143,0.9511593586182623,2231.8968320415215,-2.774657562773707e-10
Ablated PINN,2,649,True,optimal,1.3357200001337333e-05,0.10822510000070906,0.1082384572007104,0.1083577999997942,2131.67927704834,1.0011025914649032,2131.6792770018883,-2.1791051261083852e-09
Ablated PINN,2,650,True,optimal,1.3357200001337333e-05,0.12612679999801912,0.12614015719802046,0.0897040999989258,2195.696037076173,0.7111462518482856,2195.696037020046,-2.5562368759339648e-09
Ablated PINN,2,651,True,optimal,1.3357200001337333e-05,0.10846020000099088,0.10847355720099222,0.0925821000018913,2185.101248473243,0.853499252636701,2185.1012484123626,-2.7861505793914544e-09
Ablated PINN,2,652,True,optimal,1.3357200001337333e-05,0.10281679999752669,0.10283015719752803,0.1113416999978653,2061.7568306611,1.0827728268856707,2061.7568306485687,-6.078055647503342e-10
Ablated PINN,2,653,True,optimal,1.3357200001337333e-05,0.09799770000245189,0.09801105720245323,0.0967079000001831,2191.620676942746,0.9867039776993906,2191.6206769537803,5.034833164949336e-10
Ablated PINN,2,654,True,optimal,1.3357200001337333e-05,0.09251819999917643,0.09253155719917777,0.1112295999992056,2167.111898213451,1.2020720645582519,2167.1118982130456,-1.86967682644291e-11
Ablated PINN,2,655,True,optimal,1.3357200001337333e-05,0.10358959999939543,0.10360295719939677,0.1006243000010727,2245.899956653403,0.971249303312923,2245.8999563700777,-1.2615225086478583e-08
Ablated PINN,2,656,True,optimal,1.3357200001337333e-05,0.10796450000270852,0.10797785720270986,0.0930773000000044,2167.948435738087,0.8620035849134121,2167.948435716271,-1.006299275932726e-09
Ablated PINN,2,657,True,optimal,1.3357200001337333e-05,0.10012350000033621,0.10013685720033755,0.1055230999991181,2177.151763261153,1.0537888141227025,2177.151763248013,-6.035373796901555e-10
Ablated PINN,2,658,True,optimal,1.3357200001337333e-05,0.10303170000042883,0.10304505720043017,0.1014568999999028,2142.7066744994554,0.9845877401238345,2142.706674471337,-1.3122838175659904e-09
Ablated PINN,2,659,True,optimal,1.3357200001337333e-05,0.11585559999730322,0.11586895719730456,0.0976937999985239,2249.161512946493,0.843140409317471,2249.1615129796714,1.475143804911165e-09
Ablated PINN,2,660,True,optimal,1.3357200001337333e-05,0.09792559999914374,0.09793895719914508,0.0929490999988047,2237.285776289896,0.9490513546086241,2237.285776284229,-2.533007426590284e-10
Ablated PINN,2,661,True,optimal,1.3357200001337333e-05,0.09308859999873675,0.0931019571987381,0.1039409000004525,2202.5939653309374,1.1164201390372201,2202.5939669263316,7.243251588594241e-08
Ablated PINN,2,662,True,optimal,1.3357200001337333e-05,0.1141499000004842,0.11416325720048554,0.0958350999972026,2254.4500890244285,0.8394566023015942,2254.4500889432684,-3.5999964847250377e-09
Ablated PINN,2,663,True,optimal,1.3357200001337333e-05,0.10144270000091637,0.10145605720091772,0.0971105999997234,2055.626592294665,0.9571690708166509,2055.626592401437,5.194131556006411e-09
Ablated PINN,2,664,True,optimal,1.3357200001337333e-05,0.11412180000115768,0.11413515720115902,0.125094099999842,2393.316285385306,1.096017240151238,2393.3162855323885,6.1455552103234446e-09
Ablated PINN,2,665,True,optimal,1.3357200001337333e-05,0.12422970000261557,0.12424305720261691,0.1274516000012227,2139.467907163163,1.0258247251061543,2139.4679087312193,7.329187655014043e-08
Ablated PINN,2,666,True,optimal,1.3357200001337333e-05,0.11363010000059148,0.11364345720059282,0.1087732999985746,2209.1460832434605,0.9571452917573435,2209.1460836647248,1.9069101253014243e-08
Ablated PINN,2,667,True,optimal,1.3357200001337333e-05,0.08772500000122818,0.08773835720122952,0.1244183999988308,2185.8306339413634,1.4180616547614964,2185.830633949462,3.7050425802360177e-10
Ablated PINN,2,668,True,optimal,1.3357200001337333e-05,0.10998960000142688,0.11000295720142822,0.1113383999982033,2233.823589176101,1.012140062692403,2233.823589154027,-9.881662664114558e-10
Ablated PINN,2,669,True,optimal,1.3357200001337333e-05,0.12659640000129002,0.12660975720129136,0.1069250000000465,2158.5994799556447,0.8445241690974186,2158.599480093164,6.370762068825274e-09
Ablated PINN,2,670,True,optimal,1.3357200001337333e-05,0.15466909999668133,0.15468245719668267,0.1001768999994965,2130.705886305839,0.6476293550995187,2130.7058865045633,9.326680836958521e-09
Ablated PINN,2,671,True,optimal,1.3357200001337333e-05,0.17766449999908218,0.17767785719908352,0.107704800000647,2163.659344053905,0.6061802055613857,2163.659343769963,-1.3123229076567596e-08
Ablated PINN,2,672,True,optimal,1.3357200001337333e-05,0.13499199999932898,0.13500535719933032,0.0971184000009088,2209.0057928235133,0.7193670089514829,2209.0057933341423,2.311578270908335e-08
Ablated PINN,2,673,True,optimal,1.3357200001337333e-05,0.22152179999829968,0.22153515719830102,0.1151122999981453,2127.194332621426,0.519611882167785,2127.194333387209,3.5999680822077426e-08
Ablated PINN,2,674,True,optimal,1.3357200001337333e-05,0.113162800000282,0.11317615720028334,0.0921143999985361,2184.785675711488,0.813902877401332,2184.7856756582833,-2.4352288258979076e-09
Ablated PINN,2,675,True,optimal,1.3357200001337333e-05,0.18684749999738415,0.1868608571973855,0.1287230999987514,2177.6365423732987,0.6888713983730588,2177.636541566461,-3.7051075574243015e-08
Ablated PINN,2,676,True,optimal,1.3357200001337333e-05,0.16136999999798718,0.16138335719798852,0.0969169999989389,2215.739597568961,0.6005390003136387,2215.73959753301,-1.6225264628783746e-09
Ablated PINN,2,677,True,optimal,1.3357200001337333e-05,0.16686979999940377,0.1668831571994051,0.0933471999996982,2122.353808579658,0.5593566275125035,2122.353808597571,8.44013511147634e-10
Ablated PINN,2,678,True,optimal,1.3357200001337333e-05,0.17739889999938896,0.1774122571993903,0.1005844999999681,2190.2970826922037,0.56695349908616,2190.2970827702634,3.563884421581248e-09
Ablated PINN,2,679,True,optimal,1.3357200001337333e-05,0.2005405999989307,0.20055395719893204,0.1300998000006075,2168.639816365135,0.6487022336415922,2168.6398163966837,1.4547621959638265e-09
Ablated PINN,2,680,True,optimal,1.3357200001337333e-05,0.1863138999979128,0.18632725719791415,0.1011779999971622,2149.5158028594237,0.5430123403238442,2149.5158025788533,-1.3052729127371321e-08
Ablated PINN,2,681,True,optimal,1.3357200001337333e-05,0.1780862999985402,0.17809965719854154,0.1024683000032382,2185.449968209164,0.5753424886663808,2185.4499677186636,-2.2443913347043736e-08
Ablated PINN,2,682,True,optimal,1.3357200001337333e-05,0.14384069999869098,0.14385405719869232,0.1079938000002584,2223.4604917115844,0.7507177906779268,2223.460492046893,1.5080475464862887e-08
Ablated PINN,2,683,True,optimal,1.3357200001337333e-05,0.18461540000134846,0.1846287572013498,0.1132006000007095,2138.5740821843297,0.6131255050222583,2138.5740776555135,-2.1176802675578858e-07
Ablated PINN,2,684,True,optimal,1.3357200001337333e-05,0.1845193000008294,0.18453265720083073,0.0927545999984431,2061.1510609350016,0.5026459890917646,2061.151061058338,5.983868860707256e-09
Ablated PINN,2,685,True,optimal,1.3357200001337333e-05,0.1650539000002027,0.16506725720020404,0.1054205000000365,2174.62580015718,0.6386517943541997,2174.6257999240825,-1.0718974286610226e-08
Ablated PINN,2,686,True,optimal,1.3357200001337333e-05,0.16201860000001034,0.16203195720001168,0.1106030000009923,2173.1821103278085,0.6825999136976686,2173.182108419199,-8.782557329853081e-08
Ablated PINN,2,687,True,optimal,1.3357200001337333e-05,0.15852340000128606,0.1585367572012874,0.1161972000008972,2147.5127339133096,0.7329353902033365,2147.512726067648,-3.653371332098417e-07
Ablated PINN,2,688,True,optimal,1.3357200001337333e-05,0.18648229999962496,0.1864956571996263,0.1312399000016739,2126.8270680029523,0.7037155822947329,2126.8270680294654,1.2466051047407826e-09
Ablated PINN,2,689,True,optimal,1.3357200001337333e-05,0.1694359999964945,0.16944935719649584,0.1128758999984711,2187.528679575168,0.6661335390465875,2187.5286796167534,1.9010164933970426e-09
Ablated PINN,2,690,True,optimal,1.3357200001337333e-05,0.17219910000130767,0.172212457201309,0.094044000001304,2244.953675435381,0.5460928990251303,2244.953675391394,-1.959363448691885e-09
Ablated PINN,2,691,True,optimal,1.3357200001337333e-05,0.1818903000021237,0.18190365720212504,0.1115934999979799,2100.5271219706883,0.6134758460297535,2100.5271243094894,1.11343532365734e-07
Ablated PINN,2,692,True,optimal,1.3357200001337333e-05,0.17881589999888092,0.17882925719888226,0.1365667000027315,2212.383646993115,0.7636709011817395,2212.383647038443,2.048844760865385e-09
Ablated PINN,2,693,True,optimal,1.3357200001337333e-05,0.17286030000104802,0.17287365720104936,0.098798800001532,2251.2355322340327,0.57150870526578,2251.235532292573,2.6003736675310514e-09
Ablated PINN,2,694,True,optimal,1.3357200001337333e-05,0.18269119999968098,0.18270455719968232,0.0961877000008826,2145.1265246579646,0.526465795244268,2145.1265252483736,2.752326905002054e-08
Ablated PINN,2,695,True,optimal,1.3357200001337333e-05,0.1909551000026113,0.19096845720261263,0.0978136999983689,2155.31340862008,0.5121981998031805,2155.3134085315046,-4.10962201153957e-09
Ablated PINN,2,696,True,optimal,1.3357200001337333e-05,0.1796297999972012,0.17964315719720253,0.1110398999990138,2205.137667137029,0.6181137190609505,2205.1376677724934,2.881744810523014e-08
Ablated PINN,2,697,True,optimal,1.3357200001337333e-05,0.17249459999948158,0.17250795719948292,0.1003676000000268,2143.6366273394115,0.5818143210864458,2143.636627319816,-9.141249896149484e-10
Ablated PINN,2,698,True,optimal,1.3357200001337333e-05,0.15861210000002757,0.1586254572000289,0.1058760999985679,2053.370345991096,0.6674596995175665,2053.370342563866,-1.669075550224392e-07
Ablated PINN,2,699,True,optimal,1.3357200001337333e-05,0.177428000002692,0.17744135720269333,0.1021807999968587,2166.450459641476,0.5758567315292589,2166.4504596366137,-2.2442971885370088e-10
Ablated PINN,2,700,True,optimal,1.3357200001337333e-05,0.18910419999883743,0.18911755719883877,0.0996520000007876,2180.640773315581,0.526931510097781,2180.640773295132,-9.37755504019604e-10
Ablated PINN,2,701,True,optimal,1.3357200001337333e-05,0.17583300000114832,0.17584635720114966,0.1660667000032845,2223.5399270839503,0.9443852158581922,2223.5399270935854,4.333264608033559e-10
Ablated PINN,2,702,True,optimal,1.3357200001337333e-05,0.21305910000228323,0.21307245720228457,0.1133463000005576,2198.8148438848766,0.5319612937722403,2198.8148438267845,-2.641975755616819e-09
Ablated PINN,2,703,True,optimal,1.3357200001337333e-05,0.1985220999995363,0.19853545719953763,0.1123265999995055,2165.7660453958315,0.5657760159517093,2165.7660460188144,2.8765016131853432e-08
Ablated PINN,2,704,True,optimal,1.3357200001337333e-05,0.18812899999829824,0.18814235719829958,0.1128763000015169,2205.6927825309817,0.5999515562704828,2205.6927825411763,4.6219157050850793e-10
Ablated PINN,2,705,True,optimal,1.3357200001337333e-05,0.18690540000170586,0.1869187572017072,0.0924095000009401,2162.269089103981,0.494383235713575,2162.2690893315253,1.0523399092483263e-08
Ablated PINN,2,706,True,optimal,1.3357200001337333e-05,0.17008669999995618,0.17010005719995752,0.0912553000016487,2139.8525375662093,0.5364801253086909,2139.8525371342566,-2.0186095891785913e-08
Ablated PINN,2,707,True,optimal,1.3357200001337333e-05,0.14560309999797028,0.14561645719797162,0.1108521999994991,2190.892496755412,0.76126148192708,2190.8924967160915,-1.79473156475416e-09
Ablated PINN,2,708,True,optimal,1.3357200001337333e-05,0.1335553000026266,0.13356865720262795,0.0883727999971597,2212.666470722974,0.6616282730393502,2212.6664704958703,-1.026379522272062e-08
Ablated PINN,2,709,True,optimal,1.3357200001337333e-05,0.14502019999781623,0.14503355719781758,0.1135267999998177,2141.5624494968506,0.7827622944183432,2141.562449865149,1.71976546996061e-08
Ablated PINN,2,710,True,optimal,1.3357200001337333e-05,0.17497179999918444,0.17498515719918578,0.1301991000000271,2155.439402566203,0.7440579651668474,2155.4394025974107,1.4478482514878293e-09
Ablated PINN,2,711,True,optimal,1.3357200001337333e-05,0.179476599998452,0.17948995719845334,0.1575611000007484,2127.008836000788,0.8778268291999242,2127.008836550762,2.5856694402843152e-08
Ablated PINN,2,712,True,optimal,1.3357200001337333e-05,0.2001988000010897,0.20021215720109103,0.1465223999985028,2120.081630732464,0.7318356789459953,2120.081631337795,2.8552250802145776e-08
Ablated PINN,2,713,True,optimal,1.3357200001337333e-05,0.15860579999934998,0.15861915719935132,0.1314487999989069,2201.385218268302,0.8287069627642963,2201.385218650514,1.736233904074636e-08
Ablated PINN,2,714,True,optimal,1.3357200001337333e-05,0.1455753000009281,0.14558865720092945,0.1315121000006911,2217.380614324773,0.9033128165966182,2217.380614321216,-1.6041602220451877e-10
Ablated PINN,2,715,True,optimal,1.3357200001337333e-05,0.17059389999849373,0.17060725719849507,0.1079632000000856,2199.244140743131,0.6328171601426926,2199.244140733754,-4.2636877832537553e-10
Ablated PINN,2,716,True,optimal,1.3357200001337333e-05,0.15277680000144755,0.1527901572014489,0.111854000002495,2186.67298615557,0.7320759533941646,2186.6729846982716,-6.66445498041957e-08
Ablated PINN,2,717,True,optimal,1.3357200001337333e-05,0.17544229999839445,0.1754556571983958,0.136706299999787,2134.62196980022,0.7791501407401581,2134.621970192477,1.8375941266034073e-08
Ablated PINN,2,718,True,optimal,1.3357200001337333e-05,0.14286939999874448,0.14288275719874582,0.1300302999989071,2116.9858223987403,0.9100489278635538,2116.9858231380645,3.492343418282003e-08
Ablated PINN,2,719,True,optimal,1.3357200001337333e-05,0.1578245999990031,0.15783795719900445,0.1093187000005855,2152.0812906310784,0.6926008289802867,2152.081290622402,-4.031715480584568e-10
Ablated PINN,2,720,True,optimal,1.3357200001337333e-05,0.1622191999995266,0.16223255719952795,0.1557367999994312,2215.1665515270925,0.9599602119807081,2215.1665517707265,1.0998454102736554e-08
Ablated PINN,2,721,True,optimal,1.3357200001337333e-05,0.11767189999955008,0.11768525719955142,0.1452413999977579,2098.17640001431,1.2341511881261498,2098.1764023263236,1.101915810527355e-07
Ablated PINN,2,722,True,optimal,1.3357200001337333e-05,0.11736889999883715,0.11738225719883849,0.095336699996551,2138.132401553344,0.8121900385256382,2138.1324016620615,5.084687860870826e-09
Ablated PINN,2,723,True,optimal,1.3357200001337333e-05,0.13500910000220756,0.1350224572022089,0.0969640000002982,2160.89672581727,0.7181323907850784,2160.896725856479,1.8144676176485352e-09
Ablated PINN,2,724,True,optimal,1.3357200001337333e-05,0.12225229999967269,0.12226565719967403,0.1349957999991602,2123.1656433548533,1.1041187124091303,2123.165643452269,4.5882205688680695e-09
Ablated PINN,2,725,True,optimal,1.3357200001337333e-05,0.1261047999978473,0.12611815719784863,0.1549517999992531,2125.6512387542584,1.2286240414706624,2125.651238834604,3.779814392148778e-09
Ablated PINN,2,726,True,optimal,1.3357200001337333e-05,0.10345700000107172,0.10347035720107306,0.1330903000016405,2135.4531155211166,1.286265009629833,2135.4531158003606,1.3076567930483528e-08
Ablated PINN,2,727,True,optimal,1.3357200001337333e-05,0.09779110000090441,0.09780445720090575,0.1024930999992648,2179.4726442594533,1.047938948106709,2179.4726442244882,-1.604290338509381e-09
Ablated PINN,2,728,True,optimal,1.3357200001337333e-05,0.10940589999881922,0.10941925719882056,0.1484806000007665,2155.7194918607565,1.356987826475274,2155.7194911577126,-3.261296075850456e-08
Ablated PINN,2,729,True,optimal,1.3357200001337333e-05,0.10433840000041528,0.10435175720041662,0.1037150999982259,2214.9108237805967,0.9938989316589277,2214.910823815547,1.577944449252109e-09
Ablated PINN,2,730,True,optimal,1.3357200001337333e-05,0.11204609999913373,0.11205945719913507,0.1153385999969032,2215.212917716952,1.029262526160027,2215.2129176355143,-3.6762840803010483e-09
Ablated PINN,2,731,True,optimal,1.3357200001337333e-05,0.10489289999895846,0.1049062571989598,0.1370184000006702,2215.789356672032,1.3061032169016207,2215.789356609083,-2.8409429511705135e-09
Ablated PINN,2,732,True,optimal,1.3357200001337333e-05,0.09418089999962831,0.09419425719962965,0.1387686999987636,2221.171052251004,1.4732182632393984,2221.1710522418666,-4.11370322519815e-10
Ablated PINN,2,733,True,optimal,1.3357200001337333e-05,0.10073980000015581,0.10075315720015715,0.1293422000017017,2249.3664094584024,1.2837533194592534,2249.366409465224,3.0327051128545814e-10
Ablated PINN,2,734,True,optimal,1.3357200001337333e-05,0.1018225000007078,0.10183585720070915,0.1108213999978033,2319.944938638373,1.0882355492857931,2319.944938780951,6.145742687402614e-09
Ablated PINN,2,735,True,optimal,1.3357200001337333e-05,0.1083029000001261,0.10831625720012744,0.125463899999886,2207.2240297997,1.158310887423632,2207.224030346819,2.478764315009875e-08
Ablated PINN,2,736,True,optimal,1.3357200001337333e-05,0.09838990000207559,0.09840325720207693,0.1520268999993277,2225.892545030186,1.5449376811494302,2225.892547634703,1.1701001716359623e-07
Ablated PINN,2,737,True,optimal,1.3357200001337333e-05,0.10414369999853079,0.10415705719853213,0.1736464999994496,2238.1216473494846,1.6671601970134844,2238.1216473348277,-6.548778027226207e-10
Ablated PINN,2,738,True,optimal,1.3357200001337333e-05,0.11944719999883091,0.11946055719883225,0.1422646999999415,2169.042258277396,1.1908926539088014,2169.042257515481,-3.512677687986299e-08
Ablated PINN,2,739,True,optimal,1.3357200001337333e-05,0.1282930999987002,0.12830645719870154,0.1108657000004313,2182.589460706401,0.8640695286967464,2182.5894617528124,4.794357423870285e-08
Ablated PINN,2,740,True,optimal,1.3357200001337333e-05,0.14795310000044992,0.14796645720045126,0.1077010000008158,2139.6773823950925,0.7278744253159515,2139.677382270398,-5.827722119378317e-09
Ablated PINN,2,741,True,optimal,1.3357200001337333e-05,0.12858710000000428,0.12860045720000562,0.1242430999991484,2099.704070668296,0.9661170940156111,2099.704070564665,-4.935505483802765e-09
Ablated PINN,2,742,True,optimal,1.3357200001337333e-05,0.11725590000060038,0.11726925720060172,0.1270535000003292,2306.5334268129404,1.0834339965417406,2306.5334266531627,-6.927181440916163e-09
Ablated PINN,2,743,True,optimal,1.3357200001337333e-05,0.0970342000000528,0.09704755720005415,0.1173746999993454,2203.569741771308,1.2094554812687228,2203.5697417427305,-1.2968814750916982e-09
Ablated PINN,2,744,True,optimal,1.3357200001337333e-05,0.09698289999869303,0.09699625719869437,0.1755483000015374,2152.8814630618504,1.8098461226388474,2152.8814625828104,-2.225110683472203e-08
Ablated PINN,2,745,True,optimal,1.3357200001337333e-05,0.09663060000093537,0.09664395720093671,0.1463349000005109,2324.199348846464,1.5141650263374413,2324.1993488682087,9.355761194981084e-10
Ablated PINN,2,746,True,optimal,1.3357200001337333e-05,0.10566810000091209,0.10568145720091343,0.1306363999974564,2258.829466518266,1.2361335986227042,2258.829466493125,-1.113017269066414e-09
Ablated PINN,2,747,True,optimal,1.3357200001337333e-05,0.0941387000020768,0.09415205720207814,0.1099880999972811,2246.487308272045,1.1681964607657391,2246.487308245861,-1.1655484373438044e-09
Ablated PINN,2,748,True,optimal,1.3357200001337333e-05,0.0962656000010611,0.09627895720106244,0.1005313999994541,2194.622533845843,1.0441679357776086,2194.6225338480012,9.834178288168254e-11
Ablated PINN,2,749,True,optimal,1.3357200001337333e-05,0.09436550000100397,0.0943788572010053,0.0938669999995909,2166.189916711525,0.9945765691957441,2166.1899169641597,1.1662638111089452e-08
Ablated PINN,2,750,True,optimal,1.3357200001337333e-05,0.10569480000049225,0.10570815720049359,0.1060683999967295,2143.85742504082,1.0034078996907745,2143.8574250474967,3.1142932023979816e-10
Ablated PINN,2,751,True,optimal,1.3357200001337333e-05,0.09933559999990393,0.09934895719990527,0.1196380000001227,2326.460095981221,1.2042199875273252,2326.460096026426,1.9430838288461937e-09
Ablated PINN,2,752,True,optimal,1.3357200001337333e-05,0.10815980000188574,0.10817315720188708,0.1505317999981343,2166.951330498295,1.3915818294661761,2166.951330372153,-5.82119062329792e-09
Ablated PINN,2,753,True,optimal,1.3357200001337333e-05,0.11618140000064159,0.11619475720064293,0.1160373000020627,2200.084267658183,0.9986448855148573,2200.084267678558,9.260988479389277e-10
Ablated PINN,2,754,True,optimal,1.3357200001337333e-05,0.10316439999951399,0.10317775719951533,0.1045751000019663,2192.6507197651194,1.0135430623845498,2192.6507195898075,-7.995433262429272e-09
Ablated PINN,2,755,True,optimal,1.3357200001337333e-05,0.1086089999989781,0.10862235719897945,0.1203139999997802,2159.319912990352,1.1076356939979075,2159.3199129510926,-1.8181302390881825e-09
Ablated PINN,2,756,True,optimal,1.3357200001337333e-05,0.10298759999932372,0.10300095719932506,0.1313281000002462,2107.6418835362306,1.2750182480935892,2107.64188355528,9.038236845375597e-10
Ablated PINN,2,757,True,optimal,1.3357200001337333e-05,0.10933490000024904,0.10934825720025038,0.1477945000006002,2224.350010324529,1.3515944724198292,2224.3500103066444,-8.040442592217934e-10
Ablated PINN,2,758,True,optimal,1.3357200001337333e-05,0.10244740000052843,0.10246075720052977,0.1560762000008253,2107.9142072633003,1.5232778310954969,2107.9142068643655,-1.892557310423235e-08
Ablated PINN,2,759,True,optimal,1.3357200001337333e-05,0.12280599999940023,0.12281935719940157,0.1519188999991456,2260.6564050966595,1.23692961324085,2260.656405109807,5.815857455908826e-10
Ablated PINN,2,760,True,optimal,1.3357200001337333e-05,0.11528700000053504,0.11530035720053639,0.179667899999913,2156.1852399890167,1.5582596998153722,2156.185240325965,1.5627054049980333e-08
Ablated PINN,2,761,True,optimal,1.3357200001337333e-05,0.1509440000008908,0.15095735720089215,0.1701767000013205,2309.662922175484,1.1273163703763807,2309.6629221810185,2.396336692466779e-10
Ablated PINN,2,762,True,optimal,1.3357200001337333e-05,0.13309440000011818,0.13310775720011953,0.1039946000018972,2164.240757740613,0.7812812881036494,2164.2407577505937,4.6116841767991163e-10
Ablated PINN,2,763,True,optimal,1.3357200001337333e-05,0.13969579999684356,0.1397091571968449,0.1006861999994725,2166.1213946676053,0.7206843274962246,2166.12139471548,2.210166601210808e-09
Ablated PINN,2,764,True,optimal,1.3357200001337333e-05,0.1449876000006043,0.14500095720060563,0.1399548999979742,2135.021424948894,0.9651998352283266,2135.021424945435,-1.6202474868729416e-10
Ablated PINN,2,765,True,optimal,1.3357200001337333e-05,0.09591960000034305,0.0959329572003444,0.2011033999988285,2105.1326890611285,2.096291054375071,2105.1326895931456,2.527237898204248e-08
Ablated PINN,2,766,True,optimal,1.3357200001337333e-05,0.09460500000204775,0.09461835720204909,0.1493995999990147,2167.9715890243724,1.5789705551533213,2167.9715890396933,7.066925173872112e-10
Ablated PINN,2,767,True,optimal,1.3357200001337333e-05,0.11232070000187377,0.11233405720187511,0.1374014000030001,2239.493200441943,1.2231499816309186,2239.4932004259103,-7.159018209874137e-10
Ablated PINN,2,768,True,optimal,1.3357200001337333e-05,0.1152064000016253,0.11521975720162664,0.1389769999987038,2137.14418627282,1.206190703522345,2137.144186209664,-2.955168958251636e-09
Ablated PINN,2,769,True,optimal,1.3357200001337333e-05,0.11665920000086771,0.11667255720086905,0.1324855999991996,2089.640778431818,1.1355335237154873,2089.6407749274194,-1.6770339801600312e-07
Ablated PINN,2,770,True,optimal,1.3357200001337333e-05,0.15822290000141948,0.15823625720142082,0.1254450999986147,2145.6448634353037,0.7927708997751011,2145.644863565796,6.081737152533717e-09
Ablated PINN,2,771,True,optimal,1.3357200001337333e-05,0.1780016999982763,0.17801505719827765,0.1297511000011582,2079.996500898453,0.728877107606904,2079.996500663711,-1.1285711366129679e-08
Ablated PINN,2,772,True,optimal,1.3357200001337333e-05,0.172967400001653,0.17298075720165434,0.0922629000015149,2130.9116201759307,0.5333708875719531,2130.9116207809607,2.8393011514044693e-08
Ablated PINN,2,773,True,optimal,1.3357200001337333e-05,0.14310939999995753,0.14312275719995887,0.135609499997372,2174.3304894610515,0.9475048039209447,2174.3304893573777,-4.768077176167661e-09
Ablated PINN,2,774,True,optimal,1.3357200001337333e-05,0.135824799999682,0.13583815719968334,0.1089367999993555,2181.74933669246,0.8019602315365439,2181.7493366930894,2.8847050531524124e-11
Ablated PINN,2,775,True,optimal,1.3357200001337333e-05,0.1604351999994833,0.16044855719948464,0.0909789000033924,2176.846969917512,0.5670284706286198,2176.84696991563,-8.646447413758247e-11
Ablated PINN,2,776,True,optimal,1.3357200001337333e-05,0.18888289999813423,0.18889625719813558,0.119744300001912,2198.3032603092447,0.6339156835506314,2198.303260276359,-1.495949627171976e-09
Ablated PINN,2,777,True,optimal,1.3357200001337333e-05,0.15909430000101565,0.159107657201017,0.1565726999979233,2188.410745349634,0.9840676605533132,2188.410745359682,4.5915043538053755e-10
Ablated PINN,2,778,True,optimal,1.3357200001337333e-05,0.19086349999997765,0.190876857199979,0.1156338000000687,2209.33536755024,0.6058031429075805,2209.3353675110884,-1.772092808978211e-09
Ablated PINN,2,779,True,optimal,1.3357200001337333e-05,0.19652359999963664,0.19653695719963798,0.1134657000002334,2227.8749834185915,0.5773250060291581,2227.874983402346,-7.291878801089677e-10
Ablated PINN,2,780,True,optimal,1.3357200001337333e-05,0.1903080999982194,0.19032145719822074,0.1481304000008094,2187.4504670359534,0.7783168654837003,2187.450467081176,2.067375044040804e-09
Ablated PINN,2,781,True,optimal,1.3357200001337333e-05,0.20868479999990086,0.2086981571999022,0.1159706999969785,2122.1638380872832,0.5556862674445927,2122.163836790078,-6.112652538412353e-08
Ablated PINN,2,782,True,optimal,1.3357200001337333e-05,0.18307610000192653,0.18308945720192787,0.0902100999992399,2209.525733442365,0.49271051090477547,2209.525733435697,-3.0178242801724563e-10
Ablated PINN,2,783,True,optimal,1.3357200001337333e-05,0.14807920000021113,0.14809255720021247,0.0988352999993367,2140.019045698295,0.6673887051981765,2140.019045812793,5.350331214376477e-09
Ablated PINN,2,784,True,optimal,1.3357200001337333e-05,0.17753309999898192,0.17754645719898327,0.0642023000000335,2164.033360072612,0.361608454558344,2164.0333598521374,-1.01881379211056e-08
Ablated PINN,2,785,True,optimal,1.3357200001337333e-05,0.18675190000067232,0.18676525720067366,0.073649199999636,2288.1181335471138,0.3943410091551564,2288.1181349429016,6.100156525688608e-08
Ablated PINN,2,786,True,optimal,1.3357200001337333e-05,0.22688469999775407,0.2268980571977554,0.1064272000003256,2089.9251652700104,0.46905293643641843,2089.9251650921587,-8.50995489633804e-09
Ablated PINN,2,787,True,optimal,1.3357200001337333e-05,0.20276469999953406,0.2027780571995354,0.0810764999987441,2211.5127043931125,0.399828764110133,2211.512704377184,-7.202506875885793e-10
Ablated PINN,2,788,True,optimal,1.3357200001337333e-05,0.1900184000005538,0.19003175720055515,0.0771961999998893,2161.68342159744,0.40622789125934466,2161.683421770336,7.998204111403552e-09
Ablated PINN,2,789,True,optimal,1.3357200001337333e-05,0.16010539999842877,0.1601187571984301,0.0880562999991525,2205.707294852995,0.549943688921012,2205.70729571577,3.911558551754291e-08
Ablated PINN,2,790,True,optimal,1.3357200001337333e-05,0.10413530000005267,0.104148657200054,0.0693079000011493,2199.2707245260253,0.6654708938591419,2199.2707244439434,-3.7322325041496024e-09
Ablated PINN,2,791,True,optimal,1.3357200001337333e-05,0.1040288000003784,0.10404215720037974,0.0695395000002463,2147.9208417799714,0.6683781062547258,2147.9208418009744,9.778275222953367e-10
Ablated PINN,2,792,True,optimal,1.3357200001337333e-05,0.10928099999728147,0.10929435719728281,0.0621151000013924,2151.7091099163554,0.5683285175397569,2151.7091107683923,3.959814620453944e-08
Ablated PINN,2,793,True,optimal,1.3357200001337333e-05,0.0930346000022837,0.09304795720228504,0.0612724000020534,2238.3985991718487,0.6585034410680076,2238.398599323962,6.7956370092061035e-09
Ablated PINN,2,794,True,optimal,1.3357200001337333e-05,0.09766280000258121,0.09767615720258255,0.0666798999991442,2245.360295322794,0.6826630153031982,2245.3602953042273,-8.268997910054457e-10
Ablated PINN,2,795,True,optimal,1.3357200001337333e-05,0.09564379999937955,0.0956571571993809,0.0624257999988913,2253.102796372987,0.6525993645073045,2253.1027964829427,4.880187263741256e-09
Ablated PINN,2,796,True,optimal,1.3357200001337333e-05,0.10030170000027283,0.10031505720027417,0.0615045000013196,2240.701502252212,0.6131133422824934,2240.7015022568517,2.070685103049635e-10
Ablated PINN,2,797,True,optimal,1.3357200001337333e-05,0.08527289999983623,0.08528625719983757,0.0611744000016187,2190.840324583168,0.7172832061123116,2190.8403245242835,-2.687750645761456e-09
Ablated PINN,2,798,True,optimal,1.3357200001337333e-05,0.0931406000017887,0.09315395720179004,0.0584616000014648,2197.170995127462,0.6275804244668353,2197.170995138352,4.95629827438461e-10
Ablated PINN,2,799,True,optimal,1.3357200001337333e-05,0.11811849999867263,0.11813185719867397,0.0567969000003358,2153.593563661499,0.4807924072912429,2153.593563992389,1.5364555979620374e-08
Ablated PINN,2,800,True,optimal,1.3357200001337333e-05,0.11363010000059148,0.11364345720059282,0.0922023999992234,2265.5833581349607,0.811330474014675,2265.5833581180163,-7.479019026397336e-10
Ablated PINN,2,801,True,optimal,1.3357200001337333e-05,0.11574580000160495,0.11575915720160629,0.1170894999995653,2142.9249185060357,1.0114923331347523,2142.924921383818,1.3429225556323262e-07
Ablated PINN,2,802,True,optimal,1.3357200001337333e-05,0.11084000000118976,0.1108533572011911,0.1244087000013678,2185.6565966284143,1.1222817526001914,2185.6565966957,3.0785157367817383e-09
Ablated PINN,2,803,True,optimal,1.3357200001337333e-05,0.1007716000021901,0.10078495720219144,0.1063532000007398,2157.8500099467183,1.0552487489514684,2157.8500124721863,1.1703631163379345e-07
Ablated PINN,2,804,True,optimal,1.3357200001337333e-05,0.09080199999880278,0.09081535719880413,0.0933168000010482,2083.3465180258863,1.0275442709184985,2083.34651542642,-1.247735961188015e-07
Ablated PINN,2,805,True,optimal,1.3357200001337333e-05,0.10164740000254824,0.10166075720254958,0.107426899998245,2245.1237808884016,1.0567194555142545,2245.1237808854553,-1.3123143193590596e-10
Ablated PINN,2,806,True,optimal,1.3357200001337333e-05,0.10316969999985304,0.10318305719985438,0.0998983000026783,2170.365447072126,0.9681657310190581,2170.365447621591,2.5316718578513806e-08
Ablated PINN,2,807,True,optimal,1.3357200001337333e-05,0.10384089999934076,0.1038542571993421,0.0859085000010964,2205.7428930638634,0.8272024885431525,2205.742893036265,-1.2512163957134616e-09
Ablated PINN,2,808,True,optimal,1.3357200001337333e-05,0.0814864000021771,0.08149975720217845,0.0814357999988715,2232.9801599287457,0.9992152467013088,2232.9801599148227,-6.235164956653781e-10
Ablated PINN,2,809,True,optimal,1.3357200001337333e-05,0.10246470000129193,0.10247805720129327,0.1005719999993743,2178.422329786948,0.9814003382385071,2178.422329567331,-1.0081472581151903e-08
Ablated PINN,2,810,True,optimal,1.3357200001337333e-05,0.11132240000006277,0.11133575720006411,0.0863230000031762,2213.4155283627456,0.7753394073393566,2213.415528602958,1.0852573966465929e-08
Ablated PINN,2,811,True,optimal,1.3357200001337333e-05,0.11735939999925904,0.11737275719926038,0.0797216999999363,2292.810168680216,0.6792180903154131,2292.8101686775685,-1.154713596889256e-10
Ablated PINN,2,812,True,optimal,1.3357200001337333e-05,0.12413209999795072,0.12414545719795206,0.0678661999991163,2116.131275230048,0.5466668014352107,2116.131276208916,4.625744350541994e-08
Ablated PINN,2,813,True,optimal,1.3357200001337333e-05,0.13283080000110203,0.13284415720110337,0.0726809000007051,2129.509371071957,0.5471140133824525,2129.5093715929097,2.4463506032740935e-08
Ablated PINN,2,814,True,optimal,1.3357200001337333e-05,0.11936950000017532,0.11938285720017666,0.0681239999976242,2153.934623761386,0.5706346924114611,2153.9346239236256,7.532250786010203e-09
Ablated PINN,2,815,True,optimal,1.3357200001337333e-05,0.09479670000291662,0.09481005720291796,0.0591978000011295,2195.872937619504,0.624383127144739,2195.8729381628614,2.4744491877560032e-08
Ablated PINN,2,816,True,optimal,1.3357200001337333e-05,0.1357625000018743,0.13577585720187563,0.0551077000018267,2136.688200180949,0.4058725986895514,2136.688200591427,1.921095230414319e-08
Ablated PINN,2,817,True,optimal,1.3357200001337333e-05,0.10291829999914626,0.1029316571991476,0.0588013999986287,2232.0072626494,0.5712664266627162,2232.0072630653553,1.863592180364835e-08
Ablated PINN,2,818,True,optimal,1.3357200001337333e-05,0.15206269999907818,0.15207605719907952,0.0564730000005511,2190.664671690613,0.3713470814582174,2190.664670610527,-4.930402669372628e-08
Ablated PINN,2,819,True,optimal,1.3357200001337333e-05,0.1159871000018029,0.11600045720180424,0.058216800000082,2238.0197906277417,0.5018669874619814,2238.0197906002422,-1.2287416723465584e-09
Ablated PINN,2,820,True,optimal,1.3357200001337333e-05,0.09595769999941695,0.09597105719941829,0.1101100999985646,2151.3130110604907,1.1473261128067682,2151.313010559554,-2.3285151509236507e-08
Ablated PINN,2,821,True,optimal,1.3357200001337333e-05,0.12065209999855142,0.12066545719855276,0.0831022000020311,2193.6736558687267,0.6886991681910091,2193.673655672652,-8.938192743447108e-09
Ablated PINN,2,822,True,optimal,1.3357200001337333e-05,0.12219609999738168,0.12220945719738302,0.0753828999986581,2135.850487640817,0.6168336045949834,2135.8504871743385,-2.1840408352390687e-08
Ablated PINN,2,823,True,optimal,1.3357200001337333e-05,0.09945320000042557,0.09946655720042691,0.0739915999984077,2153.346116066893,0.7438841966683665,2153.3461161094774,1.9775901611299154e-09
Ablated PINN,2,824,True,optimal,1.3357200001337333e-05,0.1055077999990317,0.10552115719903304,0.0953582000001915,2160.627085108109,0.9036879667679131,2160.6270850895166,-8.605069134391047e-10
Ablated PINN,2,825,True,optimal,1.3357200001337333e-05,0.1043351000007533,0.10434845720075464,0.0844053000000712,2230.78538072225,0.8088792327584196,2230.7853806509647,-3.1955241345171747e-09
Ablated PINN,2,826,True,optimal,1.3357200001337333e-05,0.10049449999860371,0.10050785719860506,0.1013650999993842,2125.31601225673,1.008529112297014,2125.316013174989,4.32057652683624e-08
Ablated PINN,2,827,True,optimal,1.3357200001337333e-05,0.11600600000019767,0.11601935720019901,0.079744099999516,2220.9747981485484,0.6873344407684686,2220.974798147811,-3.321065163606196e-11
Ablated PINN,2,828,True,optimal,1.3357200001337333e-05,0.11524470000222209,0.11525805720222343,0.0747054999992542,2237.4865078881985,0.6481585913614816,2237.486507896988,3.9282278426917605e-10
Ablated PINN,2,829,True,optimal,1.3357200001337333e-05,0.09398929999952088,0.09400265719952222,0.100370500000281,2151.481950283664,1.0677410936080554,2151.481951423942,5.299965787315883e-08
Ablated PINN,2,830,True,optimal,1.3357200001337333e-05,0.0979564000008395,0.09796975720084083,0.0988470999982382,2168.8963367058977,1.008955241111793,2168.8963366000125,-4.881984923752761e-09
Ablated PINN,2,831,True,optimal,1.3357200001337333e-05,0.10407750000013039,0.10409085720013173,0.1336632000020472,2209.555018644443,1.284101251515854,2209.5550186445307,3.97212280212565e-12
Ablated PINN,2,832,True,optimal,1.3357200001337333e-05,0.1004646999972465,0.10047805719724784,0.1014569999970262,2250.942634975713,1.0097428515945188,2250.9426354205634,1.976284169261252e-08
Ablated PINN,2,833,True,optimal,1.3357200001337333e-05,0.10400680000020657,0.10402015720020791,0.1482988000025216,2172.7157449850506,1.425673677045983,2172.7157447719683,-9.80718858132955e-09
Ablated PINN,2,834,True,optimal,1.3357200001337333e-05,0.12840609999693697,0.1284194571969383,0.1342702000001736,2199.0639222087407,1.0455596288205988,2199.0639222095847,3.8380470650327996e-11
Ablated PINN,2,835,True,optimal,1.3357200001337333e-05,0.10923619999812217,0.10924955719812351,0.0970311000019137,2173.92062351468,0.8881601215641387,2173.920623512319,-1.0860784061127787e-10
Ablated PINN,2,836,True,optimal,1.3357200001337333e-05,0.10655079999924055,0.1065641571992419,0.1223054000001866,2202.4887431244583,1.1477161103194713,2202.4887446478847,6.916840631276331e-08
Ablated PINN,2,837,True,optimal,1.3357200001337333e-05,0.10542209999766783,0.10543545719766917,0.102231999997457,2200.801004163574,0.9696168889920365,2200.8010041899342,1.1977611623661564e-09
Ablated PINN,2,838,True,optimal,1.3357200001337333e-05,0.1245669000018097,0.12458025720181104,0.106494699997711,2302.53021175128,0.8548280633679962,2302.530211751422,6.161967940853357e-12
Ablated PINN,2,839,True,optimal,1.3357200001337333e-05,0.10569219999888446,0.1057055571988858,0.1102935000017169,2199.218372488099,1.043403042606349,2199.2183724403576,-2.1708256207159757e-09
Ablated PINN,2,840,True,optimal,1.3357200001337333e-05,0.11408940000183065,0.114102757201832,0.0991678999998839,2206.597335336667,0.8691104617609687,2206.5973353226914,-6.333620598096744e-10
Ablated PINN,2,841,True,optimal,1.3357200001337333e-05,0.11065949999829172,0.11067285719829306,0.0984644999989541,2117.128618086004,0.8896896898806435,2117.1286190828846,4.7086453000191725e-08
Ablated PINN,2,842,True,optimal,1.3357200001337333e-05,0.11605129999952624,0.11606465719952758,0.1245623999966483,2160.1220611622384,1.073215593809166,2160.1220610088944,-7.098857638992227e-09
Ablated PINN,2,843,True,optimal,1.3357200001337333e-05,0.09576559999914025,0.09577895719914159,0.0935185000016645,2244.5341073260383,0.9763992293967328,2244.5341072152532,-4.9357723954388985e-09
Ablated PINN,2,844,True,optimal,1.3357200001337333e-05,0.09401580000121612,0.09402915720121746,0.1019971999994595,2203.5582075110574,1.0847401278008995,2203.5582072906327,-1.0003124965022278e-08
Ablated PINN,2,845,True,optimal,1.3357200001337333e-05,0.11470439999902737,0.11471775719902871,0.1058495000033872,2204.4131125280637,0.9226949914976494,2204.4131124406,-3.967669727406169e-09
Ablated PINN,2,846,True,optimal,1.3357200001337333e-05,0.12293600000339211,0.12294935720339345,0.100414799999271,2174.049539338711,0.8167167546322033,2174.0495397420414,1.8552035032581037e-08
Ablated PINN,2,847,True,optimal,1.3357200001337333e-05,0.10229769999932614,0.10231105719932748,0.1441817000013543,2249.954835468638,1.4092484619766206,2249.9548354663034,-1.0376532286990654e-10
Ablated PINN,2,848,True,optimal,1.3357200001337333e-05,0.10033760000078473,0.10035095720078607,0.0993211000022711,2196.7588383707343,0.9897374451899408,2196.7588397660106,6.351522348513552e-08
Ablated PINN,2,849,True,optimal,1.3357200001337333e-05,0.11821549999876879,0.11822885719877013,0.0951131000001623,2194.463102894298,0.804482951571249,2194.4631028785116,-7.193811673207249e-10
Ablated PINN,2,850,True,optimal,1.3357200001337333e-05,0.10746389999985695,0.10747725719985829,0.0978451000009954,2217.274263020496,0.9103795775049274,2217.2742629917207,-1.297787258405916e-09
Ablated PINN,2,851,True,optimal,1.3357200001337333e-05,0.1015741999981401,0.10158755719814144,0.0921605999974417,2212.9676055801974,0.9072036235469966,2212.967605585552,2.4196694263331657e-10
Ablated PINN,2,852,True,optimal,1.3357200001337333e-05,0.1117019999983313,0.11171535719833264,0.1054700999993656,2205.7464218702075,0.944096699365338,2205.7464221005757,1.0444001380425902e-08
Ablated PINN,2,853,True,optimal,1.3357200001337333e-05,0.09481909999885829,0.09483245719885963,0.089220199999545,2178.0647467486538,0.9408192367350984,2178.0647466688742,-3.6628622320140364e-09
Ablated PINN,2,854,True,optimal,1.3357200001337333e-05,0.1232133999983489,0.12322675719835025,0.1218503999989479,2219.073221577553,0.9888306952913893,2219.0732215483204,-1.317330301352246e-09
Ablated PINN,2,855,True,optimal,1.3357200001337333e-05,0.11127979999946547,0.11129315719946681,0.0991031999983533,2167.0337407969764,0.8904698410229672,2167.033741069988,1.2598403969955742e-08
Ablated PINN,2,856,True,optimal,1.3357200001337333e-05,0.1031946999974025,0.10320805719740384,0.0940855999979248,2212.4418692242134,0.9116109977534922,2212.4418692078734,-7.385496558959083e-10
Ablated PINN,2,857,True,optimal,1.3357200001337333e-05,0.10236000000077183,0.10237335720077317,0.1233008999988669,2111.832248441616,1.2044237228349455,2111.8322488130448,1.7587997165896373e-08
Ablated PINN,2,858,True,optimal,1.3357200001337333e-05,0.1213659999993979,0.12137935719939924,0.115413499999704,2268.79490113783,0.9508494909072993,2268.794901168006,1.3300507989942268e-09
Ablated PINN,2,859,True,optimal,1.3357200001337333e-05,0.11729249999916647,0.1173058571991678,0.0979086000006645,2211.922120771761,0.8346437453198123,2211.9221206556876,-5.247623807775342e-09
Ablated PINN,2,860,True,optimal,1.3357200001337333e-05,0.13610350000089966,0.136116857200901,0.0925181999991764,2162.3352604774186,0.6796968568163797,2162.335260466572,-5.01616655455599e-10
Ablated PINN,2,861,True,optimal,1.3357200001337333e-05,0.10559949999878881,0.10561285719879016,0.0940732000017305,2122.672658011883,0.890736246484279,2122.672659417265,6.62081423951484e-08
Ablated PINN,2,862,True,optimal,1.3357200001337333e-05,0.10890329999892856,0.1089166571989299,0.1240146000018285,2175.3070569825845,1.1386192267664172,2175.307056777509,-9.427432011567597e-09
Ablated PINN,2,863,True,optimal,1.3357200001337333e-05,0.10015439999915543,0.10016775719915677,0.105847700000595,2125.6344609896337,1.056704302464766,2125.6344610225,1.5461929433843796e-09
Ablated PINN,2,864,True,optimal,1.3357200001337333e-05,0.11091029999806779,0.11092365719806913,0.100574800002505,2200.847578190558,0.9067028850564777,2200.847578175955,-6.63530806209816e-10
Ablated PINN,2,865,True,optimal,1.3357200001337333e-05,0.11692150000089896,0.1169348572009003,0.1035154999990481,2239.6220430834937,0.8852407440939786,2239.6220430758963,-3.3922973810348946e-10
Ablated PINN,2,866,True,optimal,1.3357200001337333e-05,0.09672800000043935,0.09674135720044069,0.1178729000021121,2234.3288853029217,1.2184333920175263,2234.328885205465,-4.361777295284551e-09
Ablated PINN,2,867,True,optimal,1.3357200001337333e-05,0.12510439999823575,0.1251177571982371,0.104140899999038,2264.256881305836,0.8323430848751288,2264.256881448032,6.2800232525464794e-09
Ablated PINN,2,868,True,optimal,1.3357200001337333e-05,0.1234745000001567,0.12348785720015804,0.1010007000004407,2228.2001883685493,0.8178998509685974,2228.200188339993,-1.2815865825401825e-09
Ablated PINN,2,869,True,optimal,1.3357200001337333e-05,0.10773199999675853,0.10774535719675987,0.1054631000006338,2133.0817377674684,0.9788180460346119,2133.081738642459,4.1020028957737124e-08
Ablated PINN,2,870,True,optimal,1.3357200001337333e-05,0.09614509999664733,0.09615845719664867,0.0998972000015783,2249.998160800221,1.0388810606360261,2249.9981607999657,-1.1338376550342349e-11
Ablated PINN,2,871,True,optimal,1.3357200001337333e-05,0.12380969999867375,0.12382305719867509,0.0993393999997351,2206.78641525319,0.8022689977711036,2206.7864168961664,7.445107722240948e-08
Ablated PINN,2,872,True,optimal,1.3357200001337333e-05,0.09136719999878551,0.09138055719878685,0.1023925999979837,2183.416128812071,1.120507503311033,2183.416128656919,-7.105911173907046e-09
Ablated PINN,2,873,True,optimal,1.3357200001337333e-05,0.12894320000123116,0.1289565572012325,0.115620200002013,2045.6228501996304,0.8965825585866987,2045.6228501164437,-4.066570996499542e-09
Ablated PINN,2,874,True,optimal,1.3357200001337333e-05,0.12233439999909024,0.12234775719909158,0.0946383000009518,2308.93293548919,0.7735188790338895,2308.932935498327,3.9571455859869056e-10
Ablated PINN,2,875,True,optimal,1.3357200001337333e-05,0.1204963999989559,0.12050975719895723,0.1258168999993358,2176.8827785621656,1.044039112879604,2176.8827801644647,7.360520848418495e-08
Ablated PINN,2,876,True,optimal,1.3357200001337333e-05,0.14714330000060727,0.1471566572006086,0.1251641999988351,2211.869385493217,0.8505507149989641,2211.869386165396,3.03896283119529e-08
Ablated PINN,2,877,True,optimal,1.3357200001337333e-05,0.10758910000004107,0.10760245720004241,0.1403337000010651,2234.638471254582,1.3041867597890673,2234.6384712385698,-7.165413635375968e-10
Ablated PINN,2,878,True,optimal,1.3357200001337333e-05,0.1589310999988811,0.15894445719888245,0.1640990000014426,2220.9570698653297,1.0324298367706553,2220.9570702236683,1.613442437153941e-08
Ablated PINN,2,879,True,optimal,1.3357200001337333e-05,0.18443679999836604,0.18445015719836738,0.291046099999221,2117.8412674350734,1.5779119108378679,2117.8412670834828,-1.660136896131918e-08
Ablated PINN,2,880,True,optimal,1.3357200001337333e-05,0.16110290000142413,0.16111625720142547,0.2369683000033546,2156.1419137942858,1.4707907452635265,2156.141913798297,1.8604185357681492e-10
Ablated PINN,2,881,True,optimal,1.3357200001337333e-05,0.11927789999754168,0.11929125719754302,0.2301845000001776,2224.5346514408734,1.9296007553931502,2224.5346514222247,-8.383206843023941e-10
Ablated PINN,2,882,True,optimal,1.3357200001337333e-05,0.13709250000101747,0.1371058572010188,0.2539629000020795,2277.307157445397,1.8523125502197169,2277.307157405548,-1.7498322736372212e-09
Ablated PINN,2,883,True,optimal,1.3357200001337333e-05,0.1741299000022991,0.17414325720230045,0.2289533999974082,2150.7173687391687,1.3147416883987382,2150.71736876891,1.382858885828966e-09
Ablated PINN,2,884,True,optimal,1.3357200001337333e-05,0.09874970000237226,0.0987630572023736,0.2333772999991197,2155.528380616301,2.363001982825526,2155.5283804774854,-6.439985798032566e-09
Ablated PINN,2,885,True,optimal,1.3357200001337333e-05,0.11330910000106087,0.11332245720106221,0.2149341999975149,2185.6147778057707,1.896660249928822,2185.614777803223,-1.16557349700184e-10
Ablated PINN,2,886,True,optimal,1.3357200001337333e-05,0.11651060000076541,0.11652395720076675,0.2121760999980324,2068.722086126791,1.8208796293491847,2068.7220913766637,2.537737023388314e-07
Ablated PINN,2,887,True,optimal,1.3357200001337333e-05,0.10178490000180318,0.10179825720180452,0.2355787999986205,2107.31413837561,2.3141732135119946,2107.3141395560847,5.6017967798097933e-08
Ablated PINN,2,888,True,optimal,1.3357200001337333e-05,0.09407389999978477,0.09408725719978611,0.2293844999985594,2161.5356046318407,2.4379975229959285,2161.5356045106955,-5.604587255648687e-09
Ablated PINN,2,889,True,optimal,1.3357200001337333e-05,0.14899439999862807,0.1490077571986294,0.2730091999983415,2154.4086333093483,1.8321811235264513,2154.4086333497094,1.8734190210670557e-09
Ablated PINN,2,890,True,optimal,1.3357200001337333e-05,0.12630179999905522,0.12631515719905656,0.2284598000005644,2116.7996358163264,1.8086491365445632,2116.7996359084673,4.352840329220955e-09
Ablated PINN,2,891,True,optimal,1.3357200001337333e-05,0.0949570999982825,0.09497045719828384,0.2151989999983925,2141.5899935137386,2.265957291845924,2141.5899947704806,5.868266364957334e-08
Ablated PINN,2,892,True,optimal,1.3357200001337333e-05,0.0959947999981523,0.09600815719815364,0.2229795999992347,2179.7873067823725,2.3225068213633295,2179.787306738062,-2.0327938295862818e-09
Ablated PINN,2,893,True,optimal,1.3357200001337333e-05,0.09367790000032983,0.09369125720033117,0.1871869999995397,2126.84622935289,1.9979132054904056,2126.8462305158655,5.4680747793619136e-08
Ablated PINN,2,894,True,optimal,1.3357200001337333e-05,0.11194860000250628,0.11196195720250762,0.2023311999982979,2258.961724615864,1.8071423995593234,2258.9617246038233,-5.330236553175478e-10
Ablated PINN,2,895,True,optimal,1.3357200001337333e-05,0.08934559999761404,0.08935895719761539,0.1823293999987072,2120.857831624615,2.0404154851034093,2120.8578315809837,-2.0572425307136415e-09
Ablated PINN,2,896,True,optimal,1.3357200001337333e-05,0.11323629999969853,0.11324965719969987,0.1709375000027648,2139.357414393901,1.5093864672927046,2139.3574149970796,2.819438683536175e-08
Ablated PINN,2,897,True,optimal,1.3357200001337333e-05,0.09801840000000084,0.09803175720000218,0.1385478000011062,2236.828311045135,1.4132950786390996,2236.8283116217435,2.57779608806096e-08
Ablated PINN,2,898,True,optimal,1.3357200001337333e-05,0.09236590000000433,0.09237925720000567,0.2057855000020936,2189.895832980872,2.2276158765442093,2189.8958327640894,-9.899220153590741e-09
Ablated PINN,2,899,True,optimal,1.3357200001337333e-05,0.10082490000058897,0.10083825720059031,0.1981755999986489,2165.0991649802154,1.9652818830895935,2165.099164963314,-7.80638368153066e-10
Ablated PINN,2,900,True,optimal,1.3357200001337333e-05,0.11637409999821102,0.11638745719821236,0.2204181000015523,2163.198417931077,1.8938303603125524,2163.1984179229144,-3.773447170056181e-10
Ablated PINN,2,901,True,optimal,1.3357200001337333e-05,0.1171582999995735,0.11717165719957484,0.1574610999996366,2187.286236367795,1.343849730924587,2187.2862363362096,-1.4440445070861779e-09
Ablated PINN,2,902,True,optimal,1.3357200001337333e-05,0.09102019999772892,0.09103355719773026,0.1863426999989315,2163.079428579788,2.0469671375598795,2163.079428897868,1.4704975986202845e-08
Ablated PINN,2,903,True,optimal,1.3357200001337333e-05,0.0988074000015331,0.09882075720153444,0.1730766000000585,2099.9592458107286,1.7514194881859402,2099.959246067114,1.2209055613779472e-08
Ablated PINN,2,904,True,optimal,1.3357200001337333e-05,0.09711429999879329,0.09712765719879463,0.1858194999986153,2250.8485716085247,1.9131471442607941,2250.8485715812094,-1.2135560548249984e-09
Ablated PINN,2,905,True,optimal,1.3357200001337333e-05,0.10060970000267844,0.10062305720267978,0.245987199999945,2114.74707455696,2.444640491338539,2114.747074820087,1.2442493931199964e-08
Ablated PINN,2,906,True,optimal,1.3357200001337333e-05,0.0901702999981353,0.09018365719813665,0.1542054000019561,2142.258415625311,1.7099040424049496,2142.2584156508124,1.190394294031398e-09
Ablated PINN,2,907,True,optimal,1.3357200001337333e-05,0.0963171000003058,0.09633045720030714,0.1289409000019077,2153.850406989045,1.3385268143572828,2153.8504069416235,-2.2017085468848235e-09
Ablated PINN,2,908,True,optimal,1.3357200001337333e-05,0.11492659999930765,0.114939957199309,0.1241946000009193,2175.305344746177,1.080517193734138,2175.3053442681203,-2.1976537305570038e-08
Ablated PINN,2,909,True,optimal,1.3357200001337333e-05,0.09281349999946542,0.09282685719946676,0.1774317000017617,2142.843560672238,1.911426340983361,2142.84356068831,7.500377497150685e-10
Ablated PINN,2,910,True,optimal,1.3357200001337333e-05,0.09060110000064014,0.09061445720064149,0.170436399999744,2190.423457092006,1.8808963300674877,2190.4234570560834,-1.6399918868184098e-09
Ablated PINN,2,911,True,optimal,1.3357200001337333e-05,0.1251942999988387,0.12520765719884003,0.1926137000009475,2188.2095645514646,1.5383539977516003,2188.2095645576683,2.835040784617336e-10
Ablated PINN,2,912,True,optimal,1.3357200001337333e-05,0.14892689999760478,0.14894025719760612,0.1566028000015649,2072.8184387330907,1.0514470899146664,2072.8184362800625,-1.1834264533927136e-07
Ablated PINN,2,913,True,optimal,1.3357200001337333e-05,0.10703659999853699,0.10704995719853833,0.1495484999977634,2168.1539062117854,1.3969972890358648,2168.1539062452052,1.5413959990685589e-09
Ablated PINN,2,914,True,optimal,1.3357200001337333e-05,0.09246800000255462,0.09248135720255596,0.1880190999982005,2106.224971315142,2.0330486671642847,2106.224972832012,7.201843539687617e-08
Ablated PINN,2,915,True,optimal,1.3357200001337333e-05,0.11576609999974607,0.11577945719974742,0.1798093999968841,2152.118648047007,1.5530337103469887,2152.1186478475283,-9.268938941920154e-09
Ablated PINN,2,916,True,optimal,1.3357200001337333e-05,0.12805160000061733,0.12806495720061867,0.2104014999968058,2074.6824072151853,1.6429279687120324,2074.6824070463526,-8.137760465621647e-09
Ablated PINN,2,917,True,optimal,1.3357200001337333e-05,0.10291070000312175,0.10292405720312309,0.1787471999996341,2179.2877825005544,1.7366901855304073,2179.287782492718,-3.59576482436117e-10
Ablated PINN,2,918,True,optimal,1.3357200001337333e-05,0.090714999998454,0.09072835719845534,0.1252236000000266,2093.161032672173,1.380203542384415,2093.161032638462,-1.6105247203808522e-09
Ablated PINN,2,919,True,optimal,1.3357200001337333e-05,0.11729339999874355,0.1173067571987449,0.1342676999993273,2123.124970405285,1.1445862387266117,2123.1249704580055,2.483164209010619e-09
Ablated PINN,2,920,True,optimal,1.3357200001337333e-05,0.12030149999918649,0.12031485719918783,0.1202875000017229,2187.401856543794,0.9997726199564894,2187.401856508452,-1.6157092721881684e-09
Ablated PINN,2,921,True,optimal,1.3357200001337333e-05,0.1257712000005995,0.12578455720060083,0.1752381000005698,2109.721338315743,1.3931606860220576,2109.7213390141824,3.3105755133826914e-08
Ablated PINN,2,922,True,optimal,1.3357200001337333e-05,0.11079569999856176,0.1108090571985631,0.1547479000000748,2140.4219111097755,1.3965275394661645,2140.4219132404587,9.954501172062999e-08
Ablated PINN,2,923,True,optimal,1.3357200001337333e-05,0.09004099999947357,0.09005435719947491,0.137724000000162,2128.926327684905,1.5293429910903305,2128.926327506102,-8.398741565857257e-09
Ablated PINN,2,924,True,optimal,1.3357200001337333e-05,0.10006540000176756,0.1000787572017689,0.1327710000005026,2168.728739301412,1.3266651556515918,2168.728739881907,2.6766602356884855e-08
Ablated PINN,2,925,True,optimal,1.3357200001337333e-05,0.11317639999833773,0.11318975719833907,0.1303479000016523,2208.2689928113737,1.151587415928877,2208.2689930370007,1.0217368971034128e-08
Ablated PINN,2,926,True,optimal,1.3357200001337333e-05,0.11320619999969495,0.11321955719969629,0.1742757000029087,2253.969415059693,1.5392720508129332,2253.969415057024,-1.1840942403745865e-10
Ablated PINN,2,927,True,optimal,1.3357200001337333e-05,0.10439380000025267,0.10440715720025401,0.1460759999972651,2174.4531577407306,1.3990994862266943,2174.4531577359458,-2.2004850318315728e-10
Ablated PINN,2,928,True,optimal,1.3357200001337333e-05,0.13028470000062953,0.13029805720063087,0.1834857999965606,2178.779410148717,1.4082005821010215,2178.779410140876,-3.5988997026551133e-10
Ablated PINN,2,929,True,optimal,1.3357200001337333e-05,0.1225326000021596,0.12254595720216094,0.1900859000015771,2130.525708269769,1.5511397058003085,2130.525708291724,1.0305063213073653e-09
Ablated PINN,2,930,True,optimal,1.3357200001337333e-05,0.15426319999824045,0.1542765571982418,0.180231400001503,2113.444409484092,1.1682358180310561,2113.4444103435853,4.0667897754801456e-08
Ablated PINN,2,931,True,optimal,1.3357200001337333e-05,0.12432460000127321,0.12433795720127455,0.2093681000005745,2192.3910014445137,1.6838631156023876,2192.3910013896025,-2.504626105959738e-09
Ablated PINN,2,932,True,optimal,1.3357200001337333e-05,0.1499695000020438,0.14998285720204513,0.1477196000014373,2221.246231469925,0.9849098940850357,2221.246231471696,7.972039115987881e-11
Ablated PINN,2,933,True,optimal,1.3357200001337333e-05,0.11484210000344319,0.11485545720344453,0.192126099998859,2149.6294757185665,1.672764226244333,2149.6294761405684,1.9631378728781484e-08
Ablated PINN,2,934,True,optimal,1.3357200001337333e-05,0.13203659999999218,0.13204995719999352,0.1968147000006865,2136.3431310642613,1.4904563710127137,2136.3431277880413,-1.53356451305264e-07
Ablated PINN,2,935,True,optimal,1.3357200001337333e-05,0.13067990000126883,0.13069325720127017,0.1679875000008905,2243.2982163963766,1.2853570535944823,2243.2982165038766,4.7920512407616124e-09
Ablated PINN,2,936,True,optimal,1.3357200001337333e-05,0.11431529999754275,0.11432865719754409,0.1494700999974156,2102.457957637901,1.30737212927422,2102.4579577793816,6.7292922812781655e-09
Ablated PINN,2,937,True,optimal,1.3357200001337333e-05,0.10024600000178907,0.10025935720179041,0.1852222999987134,2170.5630955109577,1.8474315532057464,2170.5630955292995,8.450240257280763e-10
Ablated PINN,2,938,True,optimal,1.3357200001337333e-05,0.12078699999983655,0.1208003571998379,0.1607534000031591,2255.1790958793754,1.3307361313280524,2255.1790958891493,4.333972778685936e-10
Ablated PINN,2,939,True,optimal,1.3357200001337333e-05,0.10182720000011614,0.10184055720011748,0.1971234000011463,2206.3724089315883,1.9356080271025748,2206.372408921299,-4.663362141180658e-10
Ablated PINN,2,940,True,optimal,1.3357200001337333e-05,0.10133829999904265,0.10135165719904399,0.2109291999986453,2189.1711010548124,2.0811618263370133,2189.1711003974306,-3.002880225442512e-08
Ablated PINN,2,941,True,optimal,1.3357200001337333e-05,0.0940097999991849,0.09402315719918625,0.1633666999987326,2085.4343266158776,1.7375155745157909,2085.434324813542,-8.642495345257018e-08
Ablated PINN,2,942,True,optimal,1.3357200001337333e-05,0.12138559999948484,0.12139895719948618,0.2018755999997665,2190.5510210162406,1.6629104949232707,2190.5510209486033,-3.0876843923074126e-09
Ablated PINN,2,943,True,optimal,1.3357200001337333e-05,0.10771300000124029,0.10772635720124163,0.1596859000019321,2228.600124584464,1.4823289689785557,2228.6001245387642,-2.0506072185496366e-09
Ablated PINN,2,944,True,optimal,1.3357200001337333e-05,0.10458490000019083,0.10459825720019217,0.1591383000013593,2166.1819354901013,1.521424010887506,2166.1819361688335,3.133311371269128e-08
Ablated PINN,2,945,True,optimal,1.3357200001337333e-05,0.11464650000198162,0.11465985720198296,0.1923009999991336,2178.099464903521,1.6771432015686123,2178.099465180045,1.26956614160567e-08
Ablated PINN,2,946,True,optimal,1.3357200001337333e-05,0.13466559999869787,0.1346789571986992,0.1951030000018363,2238.9125429516,1.4486524402916947,2238.912542955547,1.7630018725478364e-10
Ablated PINN,2,947,True,optimal,1.3357200001337333e-05,0.10678859999825363,0.10680195719825497,0.1580558999994537,2193.3170511699705,1.4798970369621294,2193.317051103017,-3.0526075530211774e-09
Ablated PINN,2,948,True,optimal,1.3357200001337333e-05,0.10277120000318973,0.10278455720319107,0.1961898000008659,2143.5775558986584,1.908747824958037,2143.577556480706,2.7153088242715987e-08
Ablated PINN,2,949,True,optimal,1.3357200001337333e-05,0.09713550000014948,0.09714885720015082,0.1584670000011101,2246.86419198104,1.6311771910464028,2246.8641921436324,7.2364047371280525e-09
Ablated PINN,2,950,True,optimal,1.3357200001337333e-05,0.11515370000051917,0.1151670572005205,0.1850651999993715,2204.0493213063164,1.6069282700967988,2204.0493212766523,-1.3458899901316294e-09
Ablated PINN,2,951,True,optimal,1.3357200001337333e-05,0.1330143000013777,0.13302765720137905,0.204940899999201,2131.637076925947,1.5405886588603055,2131.6370796130445,1.260579288097998e-07
Ablated PINN,2,952,True,optimal,1.3357200001337333e-05,0.10514020000118762,0.10515355720118896,0.1576543000010133,2126.582387491638,1.4992769070034915,2126.5823873695517,-5.740970900442951e-09
Ablated PINN,2,953,True,optimal,1.3357200001337333e-05,0.11111879999953089,0.11113215719953223,0.1640867999994952,2161.594759950924,1.4765015287599028,2161.5947599413594,-4.4248354078227655e-10
Ablated PINN,2,954,True,optimal,1.3357200001337333e-05,0.11821939999936149,0.11823275719936283,0.1564891999987594,2196.2510681535,1.323568896688157,2196.2510681464287,-3.219723559305875e-10
Ablated PINN,2,955,True,optimal,1.3357200001337333e-05,0.11488879999888013,0.11490215719888147,0.2018350999969698,2201.7273910196127,1.7565823385510346,2201.727387716703,-1.500144660845241e-07
Ablated PINN,2,956,True,optimal,1.3357200001337333e-05,0.10256789999766625,0.10258125719766759,0.1458315999989281,2128.407782774298,1.4216203230763673,2128.4077828010313,1.256020238833971e-09
Ablated PINN,2,957,True,optimal,1.3357200001337333e-05,0.10088560000076541,0.10089895720076675,0.1721011000008729,2215.466502507869,1.7056776876140507,2215.466504547354,9.205668526237114e-08
Ablated PINN,2,958,True,optimal,1.3357200001337333e-05,0.11329120000300463,0.11330455720300597,0.2006235999979253,2070.757387364137,1.7706578177475352,2070.7573933117533,2.8721937861611e-07
Ablated PINN,2,959,True,optimal,1.3357200001337333e-05,0.13336030000209576,0.1333736572020971,0.1748012999996717,2152.569632952415,1.3106133824822734,2152.5696324085807,-2.5264417354462795e-08
Ablated PINN,2,960,True,optimal,1.3357200001337333e-05,0.12443360000179382,0.12444695720179516,0.1453218999995442,2208.2816603649258,1.16774168904668,2208.281660343465,-9.718367052343503e-10
Ablated PINN,2,961,True,optimal,1.3357200001337333e-05,0.0953717999982473,0.09538515719824864,0.1717176999991352,2140.3153301753514,1.8002559836666925,2140.3153309221093,3.48900881455078e-08
Ablated PINN,2,962,True,optimal,1.3357200001337333e-05,0.08412120000139112,0.08413455720139246,0.1122461999984807,2205.2286535391745,1.3341271854536247,2205.228653562947,1.078000345986276e-09
Ablated PINN,2,963,True,optimal,1.3357200001337333e-05,0.1023745999991661,0.10238795719916743,0.1463411000004271,2041.90100108964,1.4292803958942262,2041.9010010906425,4.9095942187904365e-11
Ablated PINN,2,964,True,optimal,1.3357200001337333e-05,0.10946489999696496,0.1094782571969663,0.1407110000000102,2199.037105258003,1.2852871757617763,2199.0371052342407,-1.0805805875855544e-09
Ablated PINN,2,965,True,optimal,1.3357200001337333e-05,0.10402059999978519,0.10403395719978653,0.1750933000002987,2154.4765206611346,1.683039891139102,2154.476520580316,-3.751194683219093e-09
Ablated PINN,2,966,True,optimal,1.3357200001337333e-05,0.12349520000134362,0.12350855720134496,0.1517297999998845,2155.5068833801656,1.2284962551423297,2155.506883444886,3.0025676545913685e-09
Ablated PINN,2,967,True,optimal,1.3357200001337333e-05,0.09990029999971739,0.09991365719971873,0.1242051999979594,2165.3524323271827,1.2431253492171144,2165.352431859473,-2.1599692613246685e-08
Ablated PINN,2,968,True,optimal,1.3357200001337333e-05,0.11679259999800706,0.1168059571980084,0.1950344999968365,2259.411352469595,1.6697307626717683,2259.4113523655647,-4.604308888323243e-09
Ablated PINN,2,969,True,optimal,1.3357200001337333e-05,0.1265014999989944,0.12651485719899574,0.1984840000004624,2130.5117978633302,1.5688592185522219,2130.5117978799362,7.794375524686142e-10
Ablated PINN,2,970,True,optimal,1.3357200001337333e-05,0.1232804000028409,0.12329375720284225,0.1575219000005745,2227.5823011913035,1.2776145651999258,2227.5823012028804,5.197095547345787e-10
Ablated PINN,2,971,True,optimal,1.3357200001337333e-05,0.11687969999911729,0.11689305719911863,0.1863833999996131,2231.3761046089585,1.5944779310726969,2231.3761045919005,-7.644622456908277e-10
Ablated PINN,2,972,True,optimal,1.3357200001337333e-05,0.127555899998697,0.12756925719869833,0.1495025999975041,2177.8711865954,1.17193282519975,2177.87118659615,3.443171415404239e-11
Ablated PINN,2,973,True,optimal,1.3357200001337333e-05,0.11985029999777908,0.11986365719778042,0.1700973999977577,2292.3375689272434,1.4190906899919578,2292.337568923547,-1.612409323176125e-10
Ablated PINN,2,974,True,optimal,1.3357200001337333e-05,0.12903159999768832,0.12904495719768966,0.1654496999981347,2123.7679115938085,1.2821089920210909,2123.7679165932004,2.3540198762723482e-07
Ablated PINN,2,975,True,optimal,1.3357200001337333e-05,0.1127215000014985,0.11273485720149984,0.1801885999993828,2081.519862479512,1.5983397191635025,2081.5198647992156,1.1144277640432358e-07
Ablated PINN,2,976,True,optimal,1.3357200001337333e-05,0.11355249999905936,0.1135658571990607,0.1608983000005537,2279.993276093463,1.4167840931146027,2279.9932760887405,-2.071300511485517e-10
Ablated PINN,2,977,True,optimal,1.3357200001337333e-05,0.13034549999792944,0.13035885719793078,0.1935578999982681,2206.80239291884,1.4848081991419952,2206.8023929018937,-7.679056396331957e-10
Ablated PINN,2,978,True,optimal,1.3357200001337333e-05,0.11362269999881391,0.11363605719881525,0.1667740999982925,2191.2788649745967,1.4676160376323868,2191.278865162735,8.585786672947256e-09
Ablated PINN,2,979,True,optimal,1.3357200001337333e-05,0.09321060000002035,0.09322395720002169,0.1474191999986942,2144.7878017555126,1.581344585945767,2144.787801401463,-1.6507435442258113e-08
Ablated PINN,2,980,True,optimal,1.3357200001337333e-05,0.10139800000251853,0.10141135720251987,0.1694267999992007,2175.611569659908,1.6706886158801038,2175.6115757691437,2.808054348177564e-07
Ablated PINN,2,981,True,optimal,1.3357200001337333e-05,0.10634209999989253,0.10635545719989387,0.2062537999991036,2139.8385787781785,1.9392874181477302,2139.838578787895,4.5408035646965156e-10
Ablated PINN,2,982,True,optimal,1.3357200001337333e-05,0.10701349999726517,0.10702685719726651,0.1952295999981288,2193.7236332086177,1.8241178439752879,2193.7236332882408,3.629585637107083e-09
Ablated PINN,2,983,True,optimal,1.3357200001337333e-05,0.10779519999778131,0.10780855719778265,0.1808397999993758,2091.0992006599117,1.6774160113061527,2091.0992008917424,1.1086545016903496e-08
Ablated PINN,2,984,True,optimal,1.3357200001337333e-05,0.13331970000217552,0.13333305720217686,0.2067786999978125,2159.9303979583897,1.5508434617550833,2159.9303988415177,4.088687285738146e-08
Ablated PINN,2,985,True,optimal,1.3357200001337333e-05,0.11657439999908092,0.11658775719908226,0.1426815000013448,2191.8489054652828,1.2238120316330088,2191.8489053288713,-6.223580101711307e-09
Ablated PINN,2,986,True,optimal,1.3357200001337333e-05,0.09283789999972214,0.09285125719972348,0.1296245000012277,2084.63256651023,1.3960446407570422,2084.6325664902615,-9.578863558772642e-10
Ablated PINN,2,987,True,optimal,1.3357200001337333e-05,0.09070620000056806,0.0907195572005694,0.1381621999971685,2226.623195511604,1.5229593734866833,2226.623195503453,-3.660651489537806e-10
Ablated PINN,2,988,True,optimal,1.3357200001337333e-05,0.11639220000142814,0.11640555720142948,0.1530366999977559,2250.582573839561,1.3146855156832373,2250.5825741028375,1.1698145920232193e-08
Ablated PINN,2,989,True,optimal,1.3357200001337333e-05,0.1034378000003926,0.10345115720039394,0.1347377999991295,2195.062900428284,1.3024291235150767,2195.0629003905433,-1.7193514994379708e-09
Ablated PINN,2,990,True,optimal,1.3357200001337333e-05,0.11347870000099647,0.11349205720099781,0.1816442999988794,2234.6352392300864,1.6005023124850222,2234.6352392356,2.4672290069349504e-10
Ablated PINN,2,991,True,optimal,1.3357200001337333e-05,0.1185163999980432,0.11852975719804454,0.1567233999994641,2140.8749725548146,1.3222283054001707,2140.8749730276427,2.208574118615905e-08
Ablated PINN,2,992,True,optimal,1.3357200001337333e-05,0.10515179999856628,0.10516515719856762,0.169110399998317,2127.0365293244954,1.608045901353156,2127.036529470147,6.847624935197164e-09
Ablated PINN,2,993,True,optimal,1.3357200001337333e-05,0.10047069999927771,0.10048405719927905,0.1865990999976929,2153.5631839712364,1.8570020478734381,2153.5631840067804,1.6504722361776102e-09
Ablated PINN,2,994,True,optimal,1.3357200001337333e-05,0.08768019999843091,0.08769355719843225,0.2146871000004466,2200.2868690383903,2.448151344968872,2200.286869041095,1.229311178071433e-10
Ablated PINN,2,995,True,optimal,1.3357200001337333e-05,0.10175009999875329,0.10176345719875463,0.2157412999986263,2099.884810703952,2.1200272272320806,2099.8848110626363,1.708113916154334e-08
Ablated PINN,2,996,True,optimal,1.3357200001337333e-05,0.11384370000087074,0.11385705720087208,0.2010126000022865,2028.9773836280724,1.7654821312274953,2028.9773829024318,-3.576385725333555e-08
Ablated PINN,2,997,True,optimal,1.3357200001337333e-05,0.118684499997471,0.11869785719747233,0.181254799997987,2083.4181846731835,1.527026723797056,2083.418184732428,2.843619457165387e-09
Ablated PINN,2,998,True,optimal,1.3357200001337333e-05,0.09785140000167303,0.09786475720167437,0.1986563999998907,2136.148351520434,2.029907452695258,2136.148351371474,-6.9733090111368825e-09
Ablated PINN,2,999,True,optimal,1.3357200001337333e-05,0.0915491000014299,0.09156245720143125,0.1808257999982743,2189.8752646350795,1.9748902063699505,2189.875264662399,1.2475323272080394e-09
Ablated PINN,3,0,True,optimal,1.2911899997561705e-05,0.1120857000023534,0.11209861190235097,0.1580188000007183,2258.8033432564825,1.4096410055315258,2258.8033431681765,-3.909416199963665e-09
Ablated PINN,3,1,True,optimal,1.2911899997561705e-05,0.10177230000044801,0.10178521190044558,0.1364416999967943,2132.4803529294104,1.3404864758767283,2132.480352903193,-1.229439182623277e-09
Ablated PINN,3,2,True,optimal,1.2911899997561705e-05,0.09874159999890253,0.0987545118989001,0.1422778999985894,2135.9239151446804,1.4407230339434653,2135.923913610412,-7.183160590592048e-08
Ablated PINN,3,3,True,optimal,1.2911899997561705e-05,0.09794369999872288,0.09795661189872044,0.1374840999997104,2230.6274619893297,1.4035203681999364,2230.6274619590467,-1.3575996374838483e-09
Ablated PINN,3,4,True,optimal,1.2911899997561705e-05,0.10519099999874015,0.10520391189873772,0.1485682999991695,2211.824042324871,1.4121936847954044,2211.8240422601407,-2.926548447280349e-09
Ablated PINN,3,5,True,optimal,1.2911899997561705e-05,0.10959210000146413,0.1096050119014617,0.1162113999998837,2054.379271037716,1.0602745073771018,2054.379270979431,-2.8371084533810047e-09
Ablated PINN,3,6,True,optimal,1.2911899997561705e-05,0.10450649999984307,0.10451941189984064,0.1165894000005209,2228.4021577280987,1.1154808267793044,2228.4021577329845,2.1925151710072605e-10
Ablated PINN,3,7,True,optimal,1.2911899997561705e-05,0.10781109999879845,0.10782401189879602,0.1197737000002234,2124.2689515758198,1.1108258530821817,2124.2689512159086,-1.6942824251804666e-08
Ablated PINN,3,8,True,optimal,1.2911899997561705e-05,0.10808779999933904,0.10810071189933661,0.1624183999992965,2161.3389486519645,1.502472991579746,2161.338945702631,-1.364586300708808e-07
Ablated PINN,3,9,True,optimal,1.2911899997561705e-05,0.09821229999943171,0.09822521189942927,0.1442825000012817,2185.1997142303785,1.4688947695934678,2185.199714114277,-5.3130862775951724e-09
Ablated PINN,3,10,True,optimal,1.2911899997561705e-05,0.07478850000188686,0.07480141190188443,0.1447871999989729,2159.2549350682007,1.9356212178038497,2159.2549350375634,-1.4188800973126027e-09
Ablated PINN,3,11,True,optimal,1.2911899997561705e-05,0.10164870000153314,0.10166161190153071,0.131315499998891,2209.1933247940983,1.2916920904823248,2209.193324564093,-1.0411279799799731e-08
Ablated PINN,3,12,True,optimal,1.2911899997561705e-05,0.08884609999950044,0.088859011899498,0.1959759999990638,2162.6605920617144,2.205471294467218,2162.660588028272,-1.8650372507076287e-07
Ablated PINN,3,13,True,optimal,1.2911899997561705e-05,0.09315509999942151,0.09316801189941908,0.1631779999988793,2127.792379358761,1.7514380383584933,2127.792378699961,-3.096167766766436e-08
Ablated PINN,3,14,True,optimal,1.2911899997561705e-05,0.117351900000358,0.11736481190035557,0.1588497000011557,2068.844944758893,1.3534695572640751,2068.8449447129888,-2.2188234407887428e-09
Ablated PINN,3,15,True,optimal,1.2911899997561705e-05,0.11060580000048503,0.1106187119004826,0.1449954000017896,2115.124279203919,1.3107673874582246,2115.124276104032,-1.465581363920399e-07
Ablated PINN,3,16,True,optimal,1.2911899997561705e-05,0.15028560000064317,0.15029851190064072,0.1761528999995789,2074.229953009288,1.1720202533743647,2074.229953019891,5.11194236937731e-10
Ablated PINN,3,17,True,optimal,1.2911899997561705e-05,0.12376589999985299,0.12377881189985056,0.1556702999987465,2155.7483907558176,1.2576490080119636,2155.748390300719,-2.1110924530565853e-08
Ablated PINN,3,18,True,optimal,1.2911899997561705e-05,0.12423439999838592,0.12424731189838349,0.1529525000005378,2217.2043257976898,1.2310326691464444,2217.2043254752084,-1.4544503257768573e-08
Ablated PINN,3,19,True,optimal,1.2911899997561705e-05,0.08990959999937331,0.08992251189937088,0.1670651999993424,2122.928893233439,1.857879595115172,2122.9288932286204,-2.2697429694189608e-10
Ablated PINN,3,20,True,optimal,1.2911899997561705e-05,0.08890980000069248,0.08892271190069005,0.1930621999999857,2186.863990356032,2.1711236181775457,2186.8639877954392,-1.1708971197594588e-07
Ablated PINN,3,21,True,optimal,1.2911899997561705e-05,0.09696419999818318,0.09697711189818074,0.1470046000031288,2218.9480886748343,1.515869024409321,2218.94808865198,-1.0299581919083866e-09
Ablated PINN,3,22,True,optimal,1.2911899997561705e-05,0.08234819999779575,0.08236111189779331,0.1728406000001996,2175.372295783297,2.0985705027232697,2175.3722946913053,-5.019791954740928e-08
Ablated PINN,3,23,True,optimal,1.2911899997561705e-05,0.08386609999797656,0.08387901189797413,0.1613689000005251,2191.8790222163125,1.9238292911319157,2191.8790221169597,-4.53276597236026e-09
Ablated PINN,3,24,True,optimal,1.2911899997561705e-05,0.0827724999981001,0.08278541189809767,0.159499199999118,2234.059526415036,1.926658288485041,2234.0595263765467,-1.722844023473393e-09
Ablated PINN,3,25,True,optimal,1.2911899997561705e-05,0.0811409999987518,0.08115391189874936,0.1419519000010041,2147.844207595302,1.7491689147173655,2147.8442063809507,-5.653815159392887e-08
Ablated PINN,3,26,True,optimal,1.2911899997561705e-05,0.08115259999976843,0.081165511899766,0.174140900002385,2238.7433812303657,2.1455036249563415,2238.7433811977107,-1.4586286572005245e-09
Ablated PINN,3,27,True,optimal,1.2911899997561705e-05,0.07227720000082627,0.07229011190082384,0.151714700001321,2195.225854880796,2.0986922832469985,2195.2258538636993,-4.6332205997435396e-08
Ablated PINN,3,28,True,optimal,1.2911899997561705e-05,0.09899429999859422,0.09900721189859178,0.178602599997248,2142.388382854504,1.8039352545366278,2142.388382622533,-1.082768992854682e-08
Ablated PINN,3,29,True,optimal,1.2911899997561705e-05,0.08681950000027427,0.08683241190027184,0.182869499996741,2142.7650504902767,2.1060050733909015,2142.765050081152,-1.9093312298292785e-08
Ablated PINN,3,30,True,optimal,1.2911899997561705e-05,0.08795950000057928,0.08797241190057685,0.163448100000096,2250.996336748536,1.857947241287632,2250.9963367004966,-2.1341443059404087e-09
Ablated PINN,3,31,True,optimal,1.2911899997561705e-05,0.0905772000005527,0.09059011190055026,0.1785808999993605,2128.2040082167287,1.9713067602279424,2128.2040082395492,1.0722931740297457e-09
Ablated PINN,3,32,True,optimal,1.2911899997561705e-05,0.08127539999986766,0.08128831189986523,0.1667731999987154,2168.073081251529,2.051625825421919,2168.0730812535458,9.30229021623782e-11
Ablated PINN,3,33,True,optimal,1.2911899997561705e-05,0.08302040000125999,0.08303331190125755,0.1164429000018572,2267.5026109621767,1.4023636699007023,2267.5026104631274,-2.2008763744947182e-08
Ablated PINN,3,34,True,optimal,1.2911899997561705e-05,0.07381330000134767,0.07382621190134524,0.1878309000021545,2137.412125224102,2.5442304997736436,2137.412125126895,-4.5478944994124394e-09
Ablated PINN,3,35,True,optimal,1.2911899997561705e-05,0.10887490000095568,0.10888781190095324,0.1462437000009231,2150.900835057297,1.3430676716504286,2150.900834986129,-3.3087513498424864e-09
Ablated PINN,3,36,True,optimal,1.2911899997561705e-05,0.0790037000006123,0.07901661190060986,0.1323833999995258,2163.6759136029063,1.675386944786278,2163.6759132389748,-1.6820059517338756e-08
Ablated PINN,3,37,True,optimal,1.2911899997561705e-05,0.11012760000085109,0.11014051190084866,0.1725956000009318,2201.5724177016077,1.5670491903679078,2201.572417601532,-4.545650824727817e-09
Ablated PINN,3,38,True,optimal,1.2911899997561705e-05,0.09086399999796413,0.0908769118979617,0.160774300002231,2099.834296655896,1.769143522204533,2099.8342961241515,-2.5323175187587067e-08
Ablated PINN,3,39,True,optimal,1.2911899997561705e-05,0.08841649999885703,0.0884294118988546,0.1851115999998001,2285.354927408515,2.0933261459606944,2285.3549274124366,1.716031548102656e-10
Ablated PINN,3,40,True,optimal,1.2911899997561705e-05,0.08923510000022361,0.08924801190022118,0.167299799999455,2215.9289669061777,1.874549319781995,2215.9289680204656,5.0285361766971826e-08
Ablated PINN,3,41,True,optimal,1.2911899997561705e-05,0.0955069999981788,0.09551991189817637,0.1460824999994656,2073.5224011154382,1.529340815925256,2073.522401095319,-9.702999608032561e-10
Ablated PINN,3,42,True,optimal,1.2911899997561705e-05,0.08997099999760394,0.0899839118976015,0.1406917999993311,2001.7136200687307,1.563521712185989,2001.713620214595,7.2869717256548895e-09
Ablated PINN,3,43,True,optimal,1.2911899997561705e-05,0.07715019999886863,0.0771631118988662,0.1380315000023984,2111.4222191006984,1.788827544738078,2111.4222186475417,-2.1462151935015288e-08
Ablated PINN,3,44,True,optimal,1.2911899997561705e-05,0.0874238999967929,0.08743681189679046,0.1788926000008359,2140.494524151504,2.0459643497981026,2140.4945241217915,-1.3881036403958006e-09
Ablated PINN,3,45,True,optimal,1.2911899997561705e-05,0.07790569999997388,0.07791861189997144,0.1777834999993501,2281.3183748346523,2.281656406143129,2281.3183748344627,-8.312283257412491e-12
Ablated PINN,3,46,True,optimal,1.2911899997561705e-05,0.1076041999986046,0.10761711189860217,0.142802100002882,2264.943098474857,1.3269460356586362,2264.9430984761552,5.732169111246516e-11
Ablated PINN,3,47,True,optimal,1.2911899997561705e-05,0.1117709999998624,0.11178391189985996,0.1615461999972467,2170.3089782897773,1.4451650264482208,2170.3089773137654,-4.497110645500117e-08
Ablated PINN,3,48,True,optimal,1.2911899997561705e-05,0.10571110000091721,0.10572401190091478,0.1840803000013693,2241.2291134721945,1.7411399424937688,2241.2291133979134,-3.3143046523619918e-09
Ablated PINN,3,49,True,optimal,1.2911899997561705e-05,0.10189620000164723,0.1019091119016448,0.1611412000020209,2242.603410195248,1.581224651997189,2242.6034100561506,-6.202508402040219e-09
Ablated PINN,3,50,True,optimal,1.2911899997561705e-05,0.09361010000066017,0.09362301190065773,0.1861996000006911,2210.802143979641,1.9888230064448822,2210.802142914463,-4.818062845398706e-08
Ablated PINN,3,51,True,optimal,1.2911899997561705e-05,0.0879462999982934,0.08795921189829096,0.1366025000024819,2150.0550898106903,1.5530209634033347,2150.0550886503356,-5.396860383468413e-08
Ablated PINN,3,52,True,optimal,1.2911899997561705e-05,0.07746140000017476,0.07747431190017233,0.1610689999979513,2119.480941998499,2.078998780982952,2119.480943538456,7.265726495927905e-08
Ablated PINN,3,53,True,optimal,1.2911899997561705e-05,0.08324830000128713,0.0832612119012847,0.1741050999989966,2084.5650550714536,2.0910709323498353,2084.5650550885107,8.182579067466766e-10
Ablated PINN,3,54,True,optimal,1.2911899997561705e-05,0.07891649999874062,0.07892941189873819,0.1924714000015228,2193.838244627009,2.438525707608874,2193.8382445536345,-3.3445672095440973e-09
Ablated PINN,3,55,True,optimal,1.2911899997561705e-05,0.10580670000126702,0.10581961190126458,0.1349238000002515,2180.968264237297,1.2750358612743988,2180.968261336557,-1.3300237884776765e-07
Ablated PINN,3,56,True,optimal,1.2911899997561705e-05,0.08908759999758331,0.08910051189758088,0.1286418999989109,2162.009325302643,1.443784073280993,2162.009322288812,-1.3939952787301433e-07
Ablated PINN,3,57,True,optimal,1.2911899997561705e-05,0.09467070000027888,0.09468361190027645,0.1437790999989374,2204.156487257329,1.518521496099766,2204.1564864257057,-3.7729776241730586e-08
Ablated PINN,3,58,True,optimal,1.2911899997561705e-05,0.11507709999932558,0.11509001189932315,0.1624030999992101,2151.4437424105463,1.411096387245792,2151.4437432153077,3.7405643883638594e-08
Ablated PINN,3,59,True,optimal,1.2911899997561705e-05,0.07321320000119158,0.07322611190118915,0.1590326000005006,2188.1406708967816,2.171801777692337,2188.1406707019346,-8.904681690163933e-09
Ablated PINN,3,60,True,optimal,1.2911899997561705e-05,0.08485759999894071,0.08487051189893828,0.1382499999999709,2172.1347605289216,1.6289521166620935,2172.134760529461,2.482950726408972e-11
Ablated PINN,3,61,True,optimal,1.2911899997561705e-05,0.10119659999691066,0.10120951189690823,0.142772999999579,2150.339709145356,1.4106678050676424,2150.3397116494434,1.1645077265627461e-07
Ablated PINN,3,62,True,optimal,1.2911899997561705e-05,0.09382510000068578,0.09383801190068335,0.1488883000019996,2292.0675324817557,1.5866523276258304,2292.067532432758,-2.1377058974746354e-09
Ablated PINN,3,63,True,optimal,1.2911899997561705e-05,0.08879389999856357,0.08880681189856114,0.1309757999988505,2186.753880721318,1.474839566906833,2186.7538801503497,-2.6110322731254598e-08
Ablated PINN,3,64,True,optimal,1.2911899997561705e-05,0.0752323000015167,0.07524521190151427,0.1257339000003412,2145.1385468092994,1.6709887157326335,2145.138542917985,-1.8140154487142028e-07
Ablated PINN,3,65,True,optimal,1.2911899997561705e-05,0.07152560000031372,0.07153851190031128,0.1355769000001601,2188.756171133299,1.895159633584301,2188.756171002381,-5.98139372800118e-09
Ablated PINN,3,66,True,optimal,1.2911899997561705e-05,0.07576749999861931,0.07578041189861688,0.1682771999985561,2211.8674635917264,2.22058967195489,2211.8674635666025,-1.1358674086637234e-09
Ablated PINN,3,67,True,optimal,1.2911899997561705e-05,0.0706157999993593,0.07062871189935686,0.1762397000020428,2198.483750442569,2.495298233007243,2198.483750430026,-5.705430470876254e-10
Ablated PINN,3,68,True,optimal,1.2911899997561705e-05,0.09450980000110576,0.09452271190110333,0.1660001999989617,2246.4362665097174,1.7561937936423515,2246.436266649617,6.227634469511415e-09
Ablated PINN,3,69,True,optimal,1.2911899997561705e-05,0.1118997000012314,0.11191261190122896,0.1949729999978444,2172.9731343845856,1.7421897021751425,2172.973134382952,-7.517131521493911e-11
Ablated PINN,3,70,True,optimal,1.2911899997561705e-05,0.08236320000287378,0.08237611190287135,0.136045400002331,2155.710575034231,1.6515151888054689,2155.7105734024403,-7.569619300764103e-08
Ablated PINN,3,71,True,optimal,1.2911899997561705e-05,0.10959550000188756,0.10960841190188512,0.1852145999982895,2108.463038982749,1.689784541026673,2108.463036775973,-1.0466278401416389e-07
Ablated PINN,3,72,True,optimal,1.2911899997561705e-05,0.10740470000018831,0.10741761190018588,0.1786711999993713,2157.1703631360488,1.6633324539498735,2157.170363111211,-1.1514086222637997e-09
Ablated PINN,3,73,True,optimal,1.2911899997561705e-05,0.08390090000102646,0.08391381190102402,0.1690064999966125,2206.707055968855,2.0140486550170658,2206.7070553764106,-2.6847441865246667e-08
Ablated PINN,3,74,True,optimal,1.2911899997561705e-05,0.07632999999987078,0.07634291189986835,0.1781746000015118,2298.2483271354718,2.333872203292511,2298.2483271304627,-2.1795042819666288e-10
Ablated PINN,3,75,True,optimal,1.2911899997561705e-05,0.09900089999791817,0.09901381189791574,0.1858909000002313,2180.174836417228,1.8774239314398555,2180.1748361121117,-1.3995041496648526e-08
Ablated PINN,3,76,True,optimal,1.2911899997561705e-05,0.24496490000092308,0.24497781190092063,0.1516329000005498,2174.618399834324,0.6189658517395712,2174.618399790511,-2.0147483471971554e-09
Ablated PINN,3,77,True,optimal,1.2911899997561705e-05,0.08976500000062515,0.08977791190062272,0.1475656000002345,2174.3947837836326,1.6436737820721241,2174.394782640589,-5.256836774839041e-08
Ablated PINN,3,78,True,optimal,1.2911899997561705e-05,0.07394040000144741,0.07395331190144498,0.175710399998934,2221.9042045612405,2.3759639085954283,2221.9042044192606,-6.390007875238525e-09
Ablated PINN,3,79,True,optimal,1.2911899997561705e-05,0.09741589999975986,0.09742881189975743,0.1808302999997977,2132.6047374876903,1.8560248911364166,2132.6047374985596,5.096758433394883e-10
Ablated PINN,3,80,True,optimal,1.2911899997561705e-05,0.0887739000027068,0.08878681190270436,0.1701151999986905,2134.406430592673,1.9159962651334814,2134.4064305585157,-1.600324908956083e-09
Ablated PINN,3,81,True,optimal,1.2911899997561705e-05,0.0880457999992359,0.08805871189923346,0.186559900001157,2163.312600643721,2.1185853844266935,2163.3126000168118,-2.89791332411841e-08
Ablated PINN,3,82,True,optimal,1.2911899997561705e-05,0.09223209999981918,0.09224501189981675,0.1820082999984151,2124.354416854229,1.9730963902534515,2124.354416413565,-2.0743423128145016e-08
Ablated PINN,3,83,True,optimal,1.2911899997561705e-05,0.08325260000128765,0.08326551190128521,0.1581809000017529,2111.224892134784,1.8997168982673527,2111.224891911724,-1.0565427818879778e-08
Ablated PINN,3,84,True,optimal,1.2911899997561705e-05,0.07160769999973127,0.07162061189972883,0.1533509000000776,2238.5025672758397,2.1411559596108143,2238.502567232212,-1.9489614167580976e-09
Ablated PINN,3,85,True,optimal,1.2911899997561705e-05,0.07521540000016103,0.07522831190015859,0.1683806000000913,2118.7422199002453,2.238261044905041,2118.7422193738935,-2.4842657299849742e-08
Ablated PINN,3,86,True,optimal,1.2911899997561705e-05,0.07842040000105044,0.078433311901048,0.1525234000000637,2183.6453491731,1.9446252657606535,2183.6453490477984,-5.738181791198659e-09
Ablated PINN,3,87,True,optimal,1.2911899997561705e-05,0.09673760000077891,0.09675051190077648,0.1800709999988612,2174.0695859136545,1.8611891189116905,2174.069583564848,-1.080373168520073e-07
Ablated PINN,3,88,True,optimal,1.2911899997561705e-05,0.09376440000050934,0.09377731190050691,0.1865829999987909,2165.537593223561,1.9896390312056103,2165.5375932154093,-3.764331331628468e-10
Ablated PINN,3,89,True,optimal,1.2911899997561705e-05,0.09664700000212179,0.09665991190211935,0.1680597999984456,2156.9892815453127,1.7386711480621653,2156.9892814334526,-5.185937573735469e-09
Ablated PINN,3,90,True,optimal,1.2911899997561705e-05,0.09971720000248752,0.09973011190248508,0.1868438000019523,2176.584765774934,1.873494338246065,2176.58476574871,-1.204819398532966e-09
Ablated PINN,3,91,True,optimal,1.2911899997561705e-05,0.06881889999931445,0.06883181189931202,0.1937982000017655,2132.20843254752,2.8155324501010637,2132.2084324978227,-2.330778899614902e-09
Ablated PINN,3,92,True,optimal,1.2911899997561705e-05,0.11064529999930528,0.11065821189930285,0.1752362000006542,2088.460785092103,1.583580621744695,2088.4607862843836,5.7088967850126426e-08
Ablated PINN,3,93,True,optimal,1.2911899997561705e-05,0.08231820000219159,0.08233111190218916,0.1827865999985078,2170.8885121196104,2.2201400634022965,2170.8885119527627,-7.685687754275267e-09
Ablated PINN,3,94,True,optimal,1.2911899997561705e-05,0.08232649999990826,0.08233941189990583,0.1812150000005203,2294.137593102091,2.200829418369061,2294.1375950239385,8.377210453197474e-08
Ablated PINN,3,95,True,optimal,1.2911899997561705e-05,0.09194159999969997,0.09195451189969754,0.1734155999984068,2133.9083211622224,1.885884622905352,2133.908321327324,7.737046670197141e-09
Ablated PINN,3,96,True,optimal,1.2911899997561705e-05,0.09698980000030133,0.0970027119002989,0.1461980999993102,2177.351260156052,1.5071547705756432,2177.3512595761717,-2.663236704344765e-08
Ablated PINN,3,97,True,optimal,1.2911899997561705e-05,0.12033529999825987,0.12034821189825744,0.1424073000016505,2135.045588662113,1.1832938583420072,2135.045588619794,-1.9821023353422933e-09
Ablated PINN,3,98,True,optimal,1.2911899997561705e-05,0.10123629999725381,0.10124921189725138,0.1267745000004652,2195.8694888507703,1.2521035732022991,2195.8694870139866,-8.364721476900443e-08
Ablated PINN,3,99,True,optimal,1.2911899997561705e-05,0.09039979999943171,0.09041271189942927,0.1410213999988627,2117.840656955495,1.5597519091754275,2117.840656969096,6.422125514020232e-10
Ablated PINN,3,100,True,optimal,1.2911899997561705e-05,0.07773230000020703,0.0777452119002046,0.1444588000013027,2176.65736376737,1.8581054250226121,2176.6573625921924,-5.399001596938918e-08
Ablated PINN,3,101,True,optimal,1.2911899997561705e-05,0.07655359999989741,0.07656651189989498,0.1367282999999588,2186.908978284832,1.7857454467655636,2186.908978236851,-2.194002961065739e-09
Ablated PINN,3,102,True,optimal,1.2911899997561705e-05,0.08722430000125314,0.08723721190125071,0.1435158999993291,2199.344849847065,1.645122498433166,2199.3448490267547,-3.729793015958673e-08
Ablated PINN,3,103,True,optimal,1.2911899997561705e-05,0.0975137999994331,0.09752671189943067,0.1415545000018028,2206.863707568415,1.4514433763313326,2206.8637075472343,-9.597678048535408e-10
Ablated PINN,3,104,True,optimal,1.2911899997561705e-05,0.10371409999788739,0.10372701189788495,0.1865074999986973,2195.0450697213405,1.7980610506962873,2195.045069860681,6.347956219635313e-09
Ablated PINN,3,105,True,optimal,1.2911899997561705e-05,0.10979709999810439,0.10981001189810195,0.1680889000017487,2128.435027387236,1.5307247226029495,2128.4350268894264,-2.338852935951467e-08
Ablated PINN,3,106,True,optimal,1.2911899997561705e-05,0.09085849999974016,0.09087141189973773,0.1757152999998652,2247.7592614274795,1.9336697463635684,2247.7592614227997,-2.0819867448797024e-10
Ablated PINN,3,107,True,optimal,1.2911899997561705e-05,0.07486629999766592,0.07487921189766349,0.1554652000013447,2195.818498739696,2.076213091209041,2195.818498695678,-2.0046365102134616e-09
Ablated PINN,3,108,True,optimal,1.2911899997561705e-05,0.08931250000023283,0.0893254119002304,0.1388245000016468,2218.4259265962355,1.554143407216561,2218.4259265834503,-5.763195253397303e-10
Ablated PINN,3,109,True,optimal,1.2911899997561705e-05,0.10238380000009784,0.1023967119000954,0.2014097000028414,2154.0852717993635,1.966954761197305,2154.0852714713787,-1.5226171040271055e-08
Ablated PINN,3,110,True,optimal,1.2911899997561705e-05,0.10234339999806252,0.10235631189806009,0.1782966999999189,2255.863249566368,1.741921887313508,2255.8632495468682,-8.64394878978585e-10
Ablated PINN,3,111,True,optimal,1.2911899997561705e-05,0.0800039999994624,0.08001691189945996,0.1371277000034751,2200.2656308036394,1.7137339688361628,2200.265630766858,-1.6716767951474851e-09
Ablated PINN,3,112,True,optimal,1.2911899997561705e-05,0.09599140000136686,0.09600431190136442,0.1570001000000047,2196.633877311928,1.6353442558008,2196.6338772041645,-4.905837966081149e-09
Ablated PINN,3,113,True,optimal,1.2911899997561705e-05,0.09476940000240575,0.09478231190240331,0.1431541000019933,2172.075677873342,1.5103461513937124,2172.07567454892,-1.5305278527210844e-07
Ablated PINN,3,114,True,optimal,1.2911899997561705e-05,0.08672160000060103,0.0867345119005986,0.1366515999980038,2150.16380719921,1.5755158702525736,2150.1638050040547,-1.0209247757564265e-07
Ablated PINN,3,115,True,optimal,1.2911899997561705e-05,0.10441320000245469,0.10442611190245225,0.1552469999987806,2215.825267783301,1.4866683932827238,2215.825267613672,-7.655339516128133e-09
Ablated PINN,3,116,True,optimal,1.2911899997561705e-05,0.12785299999814015,0.1278659118981377,0.1743716999990283,2125.0705722715743,1.3637074761406205,2125.0705719889816,-1.329804009589191e-08
Ablated PINN,3,117,True,optimal,1.2911899997561705e-05,0.1060388999976567,0.10605181189765427,0.1843821000002208,2183.1345993605905,1.7386039587721471,2183.1345991379167,-1.0199731232194226e-08
Ablated PINN,3,118,True,optimal,1.2911899997561705e-05,0.07535539999662433,0.0753683118966219,0.1934298999985912,2241.540549661129,2.5664618873765828,2241.540549656992,-1.8455328196670641e-10
Ablated PINN,3,119,True,optimal,1.2911899997561705e-05,0.08679829999891808,0.08681121189891565,0.1797949000028893,2214.417993148464,2.0711022927803997,2214.4179929934867,-6.998563185192008e-09
Ablated PINN,3,120,True,optimal,1.2911899997561705e-05,0.10077439999804483,0.1007873118980424,0.1488666999975976,2174.0594272111,1.4770381032504654,2174.0594267786605,-1.9890866801010778e-08
Ablated PINN,3,121,True,optimal,1.2911899997561705e-05,0.08015350000277977,0.08016641190277733,0.167944400000124,2192.149157617594,2.0949471981333074,2192.1491576144845,-1.4184994550010835e-10
Ablated PINN,3,122,True,optimal,1.2911899997561705e-05,0.10876350000035018,0.10877641190034774,0.1704238999991503,2128.1258175165203,1.5667358117610928,2128.125817348184,-7.91008473165337e-09
Ablated PINN,3,123,True,optimal,1.2911899997561705e-05,0.08319230000051903,0.08320521190051659,0.1413733000008505,2111.411491836729,1.6990918810456481,2111.4114889817174,-1.3521815406544893e-07
Ablated PINN,3,124,True,optimal,1.2911899997561705e-05,0.09047429999918677,0.09048721189918434,0.1805094000010285,2086.656025401258,1.9948608893170643,2086.656025408913,3.668653008274644e-10
Ablated PINN,3,125,True,optimal,1.2911899997561705e-05,0.10206359999938286,0.10207651189938043,0.1477255000027071,2160.2534662464805,1.4472036441480691,2160.2534656637927,-2.697312138036778e-08
Ablated PINN,3,126,True,optimal,1.2911899997561705e-05,0.09718339999744785,0.09719631189744542,0.1755259000019577,2172.577289017766,1.8058905381837949,2172.5772879807123,-4.7733795832055e-08
Ablated PINN,3,127,True,optimal,1.2911899997561705e-05,0.08795850000024075,0.08797141190023831,0.1871931999994558,2134.577079016257,2.12788672997243,2134.5770785493255,-2.1874656167204587e-08
Ablated PINN,3,128,True,optimal,1.2911899997561705e-05,0.06758710000212886,0.06760001190212643,0.1382033000008959,2235.479863362912,2.04442715485008,2235.479863331269,-1.4154965196815424e-09
Ablated PINN,3,129,True,optimal,1.2911899997561705e-05,0.08754570000019157,0.08755861190018914,0.1843040000021574,2157.164165409233,2.1049214463592847,2157.164164547291,-3.9957191940213946e-08
Ablated PINN,3,130,True,optimal,1.2911899997561705e-05,0.08988390000013169,0.08989681190012926,0.1753537000004144,2167.001353365036,1.9506108870159196,2167.00135337666,5.364210670800475e-10
Ablated PINN,3,131,True,optimal,1.2911899997561705e-05,0.11488399999871035,0.11489691189870792,0.1672820000021602,2157.411703639563,1.4559312103151607,2157.4117035453883,-4.365163043794876e-09
Ablated PINN,3,132,True,optimal,1.2911899997561705e-05,0.08259009999892442,0.08260301189892198,0.1481457000008958,2285.828976459381,1.7934660806578797,2285.8289764839546,1.0750426913069373e-09
Ablated PINN,3,133,True,optimal,1.2911899997561705e-05,0.07848340000055032,0.07849631190054789,0.1746313000003283,2217.5341680514166,2.224707069315309,2217.5341679356866,-5.218860626208198e-09
Ablated PINN,3,134,True,optimal,1.2911899997561705e-05,0.07265960000222549,0.07267251190222306,0.1597514999994018,2186.03217742319,2.1982383134676673,2186.032177184458,-1.09208069871635e-08
Ablated PINN,3,135,True,optimal,1.2911899997561705e-05,0.07573600000250735,0.07574891190250492,0.1856459000009636,2242.493779482257,2.4508061612806418,2242.4937794957473,6.015660015414412e-10
Ablated PINN,3,136,True,optimal,1.2911899997561705e-05,0.10653570000067702,0.10654861190067459,0.1805501999988337,2211.021614016419,1.6945335727803188,2211.0216113480064,-1.2068685435266931e-07
Ablated PINN,3,137,True,optimal,1.2911899997561705e-05,0.081654300000082,0.08166721190007957,0.1534460000002582,2220.467363536261,1.878918067975683,2220.4673634778846,-2.6290128438401153e-09
Ablated PINN,3,138,True,optimal,1.2911899997561705e-05,0.07779789999767672,0.07781081189767429,0.1363553000010142,2181.887090435368,1.7523952864073606,2181.8870904211867,-6.499555453423892e-10
Ablated PINN,3,139,True,optimal,1.2911899997561705e-05,0.09613979999994626,0.09615271189994383,0.1600980000002891,2180.738724118713,1.6650388412017594,2180.738722526723,-7.300232565988684e-08
Ablated PINN,3,140,True,optimal,1.2911899997561705e-05,0.11032110000087414,0.1103340119008717,0.154283600000781,2175.2610737509094,1.3983321855403508,2175.261073052061,-3.2127107008798957e-08
Ablated PINN,3,141,True,optimal,1.2911899997561705e-05,0.09733649999907357,0.09734941189907113,0.1414598000010301,2157.122146538401,1.4531140686056865,2157.122146413093,-5.809031559691926e-09
Ablated PINN,3,142,True,optimal,1.2911899997561705e-05,0.08282289999988279,0.08283581189988036,0.1838609000005817,2099.713466251298,2.2195822770809017,2099.713466211064,-1.9161770052778947e-09
Ablated PINN,3,143,True,optimal,1.2911899997561705e-05,0.10318569999799365,0.10319861189799122,0.155400899999222,2086.8362074908523,1.5058429289032609,2086.83620750324,5.936149919687682e-10
Ablated PINN,3,144,True,optimal,1.2911899997561705e-05,0.09101209999789717,0.09102501189789473,0.1584197999982279,2168.272679792461,1.740398564033496,2168.2726797951304,1.2311029763835083e-10
Ablated PINN,3,145,True,optimal,1.2911899997561705e-05,0.10845719999997527,0.10847011189997284,0.1777634000027319,2228.263833373323,1.6388237910795074,2228.263833368646,-2.0989778830573904e-10
Ablated PINN,3,146,True,optimal,1.2911899997561705e-05,0.10019389999797568,0.10020681189797324,0.1569512999994913,2239.5598810323054,1.566273759505423,2239.559878377108,-1.1855889630302644e-07
Ablated PINN,3,147,True,optimal,1.2911899997561705e-05,0.09247460000187857,0.09248751190187614,0.1781134000011661,2164.149316344846,1.9258102671216202,2164.1493114985196,-2.239367753097021e-07
Ablated PINN,3,148,True,optimal,1.2911899997561705e-05,0.08588360000067041,0.08589651190066798,0.160323199997947,2177.2689536288126,1.8664692715735323,2177.268953597729,-1.427650928043896e-09
Ablated PINN,3,149,True,optimal,1.2911899997561705e-05,0.06913720000011381,0.06915011190011137,0.1897965999996813,2135.709550435667,2.7447041629353546,2135.7095487519587,-7.883602116105082e-08
Ablated PINN,3,150,True,optimal,1.2911899997561705e-05,0.06953169999906095,0.06954461189905851,0.1435891000000992,2240.7276403431883,2.064704886246451,2240.7276401806016,-7.255979126148397e-09
Ablated PINN,3,151,True,optimal,1.2911899997561705e-05,0.07325330000094255,0.07326621190094011,0.1522335999979986,2186.645354633932,2.0778145348066674,2186.6453543661373,-1.2246832923956656e-08
Ablated PINN,3,152,True,optimal,1.2911899997561705e-05,0.08710829999836278,0.08712121189836035,0.1559569999990344,2074.4486760734053,1.7901151350027256,2074.448676104828,1.5147440166310425e-09
Ablated PINN,3,153,True,optimal,1.2911899997561705e-05,0.09603019999849494,0.0960431118984925,0.1841856999999436,2258.4795956987864,1.91773981870359,2258.479595646021,-2.3363170833399687e-09
Ablated PINN,3,154,True,optimal,1.2911899997561705e-05,0.10301930000059656,0.10303221190059413,0.1595646999994642,2299.556233363131,1.5486875129247235,2299.5562333621483,-4.273472468331093e-11
Ablated PINN,3,155,True,optimal,1.2911899997561705e-05,0.11246830000163754,0.11248121190163511,0.185013300000719,2248.43890471399,1.6448373632612818,2248.4389046768397,-1.6522632661012615e-09
Ablated PINN,3,156,True,optimal,1.2911899997561705e-05,0.09084979999897769,0.09086271189897525,0.1810452999998233,2050.773843777751,1.9925148195127238,2050.773843738545,-1.9117682320569613e-09
Ablated PINN,3,157,True,optimal,1.2911899997561705e-05,0.09902060000240454,0.0990335119024021,0.1634640000011131,2208.9904429627195,1.6505927827966709,2208.9904429184908,-2.0022145178635316e-09
Ablated PINN,3,158,True,optimal,1.2911899997561705e-05,0.09452450000026147,0.09453741190025904,0.1887347000010777,2241.200808370232,1.9964022306872626,2241.2008085509965,8.065513140947556e-09
Ablated PINN,3,159,True,optimal,1.2911899997561705e-05,0.0711513999995077,0.07116431189950527,0.1697529000011854,2175.896258431304,2.3853655781974266,2175.8962577087914,-3.320528691248468e-08
Ablated PINN,3,160,True,optimal,1.2911899997561705e-05,0.07033880000017234,0.07035171190016991,0.1654935000005934,2196.517831214311,2.3523734608680322,2196.5178311971595,-7.808589390737024e-10
Ablated PINN,3,161,True,optimal,1.2911899997561705e-05,0.09654770000270219,0.09656061190269975,0.1651651000029232,2146.0168371156287,1.710481082797543,2146.016836182502,-4.34817910660301e-08
Ablated PINN,3,162,True,optimal,1.2911899997561705e-05,0.12204860000201734,0.1220615119020149,0.1747522999976354,2239.406982234709,1.4316740574040907,2239.4069768839586,-2.3893605050810093e-07
Ablated PINN,3,163,True,optimal,1.2911899997561705e-05,0.10350340000150027,0.10351631190149783,0.1569643000002543,2188.527464101313,1.5163243078985997,2188.5274637524194,-1.5941930910477997e-08
Ablated PINN,3,164,True,optimal,1.2911899997561705e-05,0.10582559999966179,0.10583851189965936,0.1716226000025926,2226.2755497624607,1.6215515214849217,2226.2755496671343,-4.281878469165517e-09
Ablated PINN,3,165,True,optimal,1.2911899997561705e-05,0.09217599999828963,0.09218891189828719,0.1836794999981066,2086.418406022037,1.9924250781998787,2086.4184060428724,9.986306707599064e-10
Ablated PINN,3,166,True,optimal,1.2911899997561705e-05,0.11412489999929676,0.11413781189929433,0.1604220000008354,2125.608758310557,1.4055114368442456,2125.6087582627497,-2.2491031834729738e-09
Ablated PINN,3,167,True,optimal,1.2911899997561705e-05,0.10307050000119489,0.10308341190119245,0.2267114999995101,2171.1031409311204,2.199301476524833,2171.103140869211,-2.8515137389157936e-09
Ablated PINN,3,168,True,optimal,1.2911899997561705e-05,0.14565289999882225,0.1456658118988198,0.2041195999991032,2133.775502059201,1.4012869412411313,2133.7755019581946,-4.733684857880827e-09
Ablated PINN,3,169,True,optimal,1.2911899997561705e-05,0.09817480000128853,0.0981877119012861,0.144463500000711,2222.58842802577,1.4712991799416681,2222.5884280129417,-5.771839089390963e-10
Ablated PINN,3,170,True,optimal,1.2911899997561705e-05,0.09003070000107982,0.09004361190107739,0.1493336999992607,2152.4635388030665,1.6584596824405473,2152.463538576356,-1.0532612967358693e-08
Ablated PINN,3,171,True,optimal,1.2911899997561705e-05,0.10587339999983669,0.10588631189983426,0.1881853999984741,2199.261565717433,1.7772401042402222,2199.2615625111985,-1.4578686074371362e-07
Ablated PINN,3,172,True,optimal,1.2911899997561705e-05,0.12491729999965173,0.1249302118996493,0.1594803999978467,2218.2303582625814,1.276555907276856,2218.230358252073,-4.737245500740055e-10
Ablated PINN,3,173,True,optimal,1.2911899997561705e-05,0.11434030000236817,0.11435321190236573,0.1421609000026364,2212.373136064863,1.243173651510661,2212.373136093081,1.2754621793771215e-09
Ablated PINN,3,174,True,optimal,1.2911899997561705e-05,0.18295729999954347,0.18297021189954102,0.1542595999999321,2164.894136983754,0.8430858684506943,2164.894136843856,-6.4621183035894e-09
Ablated PINN,3,175,True,optimal,1.2911899997561705e-05,0.14390869999988354,0.1439216118998811,0.1285323000010976,2169.8810059153825,0.8930715707277581,2169.8810056898833,-1.0392238387641415e-08
Ablated PINN,3,176,True,optimal,1.2911899997561705e-05,0.1323240000019723,0.13233691190196986,0.2092736000013246,2172.5767638423304,1.5813698309383744,2172.5767638026305,-1.8273185620160822e-09
Ablated PINN,3,177,True,optimal,1.2911899997561705e-05,0.14720330000272952,0.14721621190272707,0.1819918000001052,2184.393641188927,1.2362211854789202,2184.393641053485,-6.2004369740934514e-09
Ablated PINN,3,178,True,optimal,1.2911899997561705e-05,0.1434996999996656,0.14351261189966316,0.1521375000011176,2154.1415568471784,1.060098467913639,2154.1415568691145,1.0183222473163343e-09
Ablated PINN,3,179,True,optimal,1.2911899997561705e-05,0.16078139999808627,0.16079431189808382,0.1214622000006784,2150.4889701216216,0.7553886612460814,2150.488969837055,-1.3232655408633786e-08
Ablated PINN,3,180,True,optimal,1.2911899997561705e-05,0.12642010000126902,0.12643301190126657,0.1793864999999641,2168.062715731733,1.4188264386207114,2168.062715739462,3.564881181519605e-10
Ablated PINN,3,181,True,optimal,1.2911899997561705e-05,0.17402380000203266,0.1740367119020302,0.1791943999996874,2197.708183636096,1.0296356328575123,2197.7081845623384,4.214584078338657e-08
Ablated PINN,3,182,True,optimal,1.2911899997561705e-05,0.13431109999874025,0.1343240118987378,0.1535698000006959,2148.512333281335,1.1432788362252524,2148.512335891904,1.215058897400701e-07
Ablated PINN,3,183,True,optimal,1.2911899997561705e-05,0.15512970000054338,0.15514261190054093,0.1666522000014083,2091.0013945320507,1.0741871492291617,2091.0013944956613,-1.7402828071011108e-09
Ablated PINN,3,184,True,optimal,1.2911899997561705e-05,0.1626576999988174,0.16267061189881496,0.1744021999984397,2203.4150729445887,1.0721186695167906,2203.415072853721,-4.123944542718411e-09
Ablated PINN,3,185,True,optimal,1.2911899997561705e-05,0.08332789999985835,0.08334081189985591,0.1651047000013932,2140.469384184977,1.98107861247844,2140.469384145608,-1.8392833574975577e-09
Ablated PINN,3,186,True,optimal,1.2911899997561705e-05,0.09889710000061314,0.0989100119006107,0.1914623999982723,2172.793681228396,1.9357231519763891,2172.7936807049555,-2.4090670952280326e-08
Ablated PINN,3,187,True,optimal,1.2911899997561705e-05,0.08395060000111698,0.08396351190111455,0.1591209000034723,2123.986826024159,1.8951196347155184,2123.986825931717,-4.35230598408625e-09
Ablated PINN,3,188,True,optimal,1.2911899997561705e-05,0.08071080000081565,0.08072371190081322,0.1361703000002307,2175.827201860663,1.6868686634175813,2175.8272001937244,-7.66117232855587e-08
Ablated PINN,3,189,True,optimal,1.2911899997561705e-05,0.07212649999928544,0.07213941189928301,0.1584094999998342,2180.1644696590224,2.195880113647123,2180.164468630765,-4.716421369741698e-08
Ablated PINN,3,190,True,optimal,1.2911899997561705e-05,0.08913200000097277,0.08914491190097033,0.1826565999981539,2171.6127217499998,2.0489851423159653,2171.6127194315277,-1.0676268595719401e-07
Ablated PINN,3,191,True,optimal,1.2911899997561705e-05,0.08521169999949052,0.08522461189948809,0.182301600001665,2239.865022265964,2.139072222665763,2239.8650222388483,-1.210594154965037e-09
Ablated PINN,3,192,True,optimal,1.2911899997561705e-05,0.08040570000230218,0.08041861190229975,0.1405183999995642,2192.0895212092523,1.7473368002208176,2192.0895212067117,-1.1590190203551215e-10
Ablated PINN,3,193,True,optimal,1.2911899997561705e-05,0.08411809999961406,0.08413101189961163,0.1785666000032506,2208.679391242466,2.122482494520845,2208.6793914767527,1.0607548818555006e-08
Ablated PINN,3,194,True,optimal,1.2911899997561705e-05,0.09192119999715942,0.09193411189715699,0.1606246999981522,2166.5077506583,1.7471719330669844,2166.507747629605,-1.397961820252235e-07
Ablated PINN,3,195,True,optimal,1.2911899997561705e-05,0.07160130000193021,0.07161421190192778,0.1736755999991146,2139.2633586126103,2.4251555017732374,2139.263355046994,-1.6667495430294442e-07
Ablated PINN,3,196,True,optimal,1.2911899997561705e-05,0.07786739999937708,0.07788031189937465,0.2090443000015511,2194.5969662763114,2.684173893289578,2194.596966182139,-4.2910960919084955e-09
Ablated PINN,3,197,True,optimal,1.2911899997561705e-05,0.07393890000093961,0.07395181190093718,0.144250400000601,2199.282299487039,1.9505999419437203,2199.2822992414594,-1.1166346661965617e-08
Ablated PINN,3,198,True,optimal,1.2911899997561705e-05,0.09406740000122227,0.09408031190121983,0.1912620000002789,2239.817752546761,2.0329651989365805,2239.8177523950803,-6.7720029439164194e-09
Ablated PINN,3,199,True,optimal,1.2911899997561705e-05,0.14487860000008368,0.14489151190008123,0.1643854000030842,2106.1646766369963,1.1345412705503837,2106.164676650487,6.405261212973508e-10
Ablated PINN,3,200,True,optimal,1.2911899997561705e-05,0.07531650000237278,0.07532941190237034,0.2004094000003533,2142.3130341915,2.6604402575197477,2142.31303412551,-3.0803039180542415e-09
Ablated PINN,3,201,True,optimal,1.2911899997561705e-05,0.07609830000001239,0.07611121190000995,0.1870936999985133,2049.590738116899,2.4581621462591485,2049.5907399292955,8.84272378259222e-08
Ablated PINN,3,202,True,optimal,1.2911899997561705e-05,0.07380120000016177,0.07381411190015934,0.194703400000435,2240.5332363379944,2.6377530662942883,2240.533236319473,-8.266516449685355e-10
Ablated PINN,3,203,True,optimal,1.2911899997561705e-05,0.08164810000016587,0.08166101190016344,0.1754158000003371,2117.504098796574,2.1480973100700216,2117.504098221748,-2.714639927728249e-08
Ablated PINN,3,204,True,optimal,1.2911899997561705e-05,0.08301980000032927,0.08303271190032684,0.1983172000000195,2226.221432526177,2.3884225320507553,2226.221432801915,1.2385914140019797e-08
Ablated PINN,3,205,True,optimal,1.2911899997561705e-05,0.1030131999978039,0.10302611189780146,0.1912572000001091,2216.567806586794,1.8563953979922099,2216.5678065816082,-2.339625602293151e-10
Ablated PINN,3,206,True,optimal,1.2911899997561705e-05,0.08433879999938654,0.0843517118993841,0.1950174000012339,2213.620576697396,2.3119554495094703,2213.6205754374782,-5.6916599288101886e-08
Ablated PINN,3,207,True,optimal,1.2911899997561705e-05,0.08957060000102501,0.08958351190102258,0.1802447000009124,2262.6614519989166,2.012029849868555,2262.6614520354024,1.6125145090283327e-09
Ablated PINN,3,208,True,optimal,1.2911899997561705e-05,0.09933989999990445,0.09935281189990201,0.1517549999989569,2149.9697779261032,1.527435380005652,2149.9697777552037,-7.948926221474443e-09
Ablated PINN,3,209,True,optimal,1.2911899997561705e-05,0.09283290000166744,0.092845811901665,0.1734698000000207,2066.340722505003,1.8683642961057447,2066.3407228795572,1.8126440413254833e-08
Ablated PINN,3,210,True,optimal,1.2911899997561705e-05,0.0772752999982913,0.07728821189828887,0.1688500999989628,2208.201297716252,2.184681154497004,2208.2012976066076,-4.965334846645638e-09
Ablated PINN,3,211,True,optimal,1.2911899997561705e-05,0.07000409999818658,0.07001701189818414,0.1884791000011318,2190.717004313053,2.6919043656877326,2190.7170040172127,-1.350427444577513e-08
Ablated PINN,3,212,True,optimal,1.2911899997561705e-05,0.08306789999915054,0.08308081189914811,0.1851094000012381,2214.9684135868,2.228064408252806,2214.968413568994,-8.038980222962266e-10
Ablated PINN,3,213,True,optimal,1.2911899997561705e-05,0.08528540000042995,0.08529831190042751,0.1830778000003192,2354.966217688865,2.146323835975019,2354.9662173711686,-1.3490490920196162e-08
Ablated PINN,3,214,True,optimal,1.2911899997561705e-05,0.10447760000170092,0.10449051190169849,0.1650474000016402,2144.7554674622625,1.5795443719991706,2144.755466937847,-2.445106505113499e-08
Ablated PINN,3,215,True,optimal,1.2911899997561705e-05,0.07858629999827826,0.07859921189827583,0.1528197000006912,2193.940292266001,1.944290487269421,2193.940292200236,-2.9975796228221126e-09
Ablated PINN,3,216,True,optimal,1.2911899997561705e-05,0.07762750000256347,0.07764041190256103,0.1810650999977952,2172.003481336323,2.3320986527613026,2172.0034813513694,6.92734874877975e-10
Ablated PINN,3,217,True,optimal,1.2911899997561705e-05,0.09403759999986505,0.09405051189986262,0.178206799999316,2138.386466707876,1.894798830962836,2138.3864666696145,-1.7892711726608682e-09
Ablated PINN,3,218,True,optimal,1.2911899997561705e-05,0.07906949999960489,0.07908241189960245,0.1613545000000158,2192.302524729663,2.0403335725883056,2192.302524652356,-3.5262947872685486e-09
Ablated PINN,3,219,True,optimal,1.2911899997561705e-05,0.10547990000122809,0.10549281190122566,0.1872309000027598,2322.5481640934368,1.7748213989979396,2322.5481640336093,-2.575941024701097e-09
Ablated PINN,3,220,True,optimal,1.2911899997561705e-05,0.16479959999924176,0.16481251189923932,0.1657451999999466,2150.495950016065,1.0056590855266954,2150.4959500285054,5.784955455558084e-10
Ablated PINN,3,221,True,optimal,1.2911899997561705e-05,0.15966130000015255,0.1596742119001501,0.1721108000019739,2059.2495401305023,1.0778872677925027,2059.249544451789,2.098476478830908e-07
Ablated PINN,3,222,True,optimal,1.2911899997561705e-05,0.1636594999981753,0.16367241189817286,0.1648593000027176,2198.4992904629758,1.0072516075909186,2198.4992904225514,-1.8387229500168953e-09
Ablated PINN,3,223,True,optimal,1.2911899997561705e-05,0.18446789999870816,0.18448081189870572,0.1469413999984681,2235.8922996888737,0.7965131901042929,2235.8922997524887,2.8451755780772824e-09
Ablated PINN,3,224,True,optimal,1.2911899997561705e-05,0.1347066000016639,0.13471951190166145,0.1875618999983999,2076.2792272501188,1.3922400500924526,2076.2792272762886,1.2604181655987686e-09
Ablated PINN,3,225,True,optimal,1.2911899997561705e-05,0.12112150000029942,0.12113441190029699,0.2215020000003278,2286.836929862118,1.8285637955847023,2286.836929917445,2.419380694376334e-09
Ablated PINN,3,226,True,optimal,1.2911899997561705e-05,0.13175150000097346,0.13176441190097102,0.1873942999991413,2080.463959208041,1.422192056987129,2080.46395925695,2.3508692311670185e-09
Ablated PINN,3,227,True,optimal,1.2911899997561705e-05,0.07096579999779351,0.07097871189779108,0.1700560999997833,2060.082420295672,2.3958746989472433,2060.082420344382,2.3644812464936476e-09
Ablated PINN,3,228,True,optimal,1.2911899997561705e-05,0.10482609999962733,0.1048390118996249,0.2066310000009252,2180.314112245705,1.9709361644762364,2180.3141122396423,-2.780650571386624e-10
Ablated PINN,3,229,True,optimal,1.2911899997561705e-05,0.07394710000153282,0.07396001190153038,0.2069301999981689,2276.716349943137,2.797865964024907,2276.716350045872,4.512406761845072e-09
Ablated PINN,3,230,True,optimal,1.2911899997561705e-05,0.07657469999685418,0.07658761189685175,0.1743741000027512,2175.9405394864084,2.2767924953398255,2175.9405459105415,2.952347706831878e-07
Ablated PINN,3,231,True,optimal,1.2911899997561705e-05,0.09179479999875184,0.09180771189874941,0.1648185000012745,2270.9542795612897,1.795257681435797,2270.9542795774214,7.103492866647585e-10
Ablated PINN,3,232,True,optimal,1.2911899997561705e-05,0.07681880000018282,0.07683171190018039,0.2048910000012256,2117.0853331765643,2.6667504202876486,2117.0853337612507,2.761751711274308e-08
Ablated PINN,3,233,True,optimal,1.2911899997561705e-05,0.07490289999986999,0.07491581189986755,0.1794805000026826,2145.028989981709,2.395762596053503,2145.0289901335855,7.080394761954073e-09
Ablated PINN,3,234,True,optimal,1.2911899997561705e-05,0.06938799999988987,0.06940091189988744,0.1867048000021895,2181.070621304501,2.690235544332845,2181.07062342918,9.741450791449528e-08
Ablated PINN,3,235,True,optimal,1.2911899997561705e-05,0.07228369999938877,0.07229661189938634,0.1541531000002578,2171.7651219174927,2.132231316936254,2171.765120839032,-4.965825339878879e-08
Ablated PINN,3,236,True,optimal,1.2911899997561705e-05,0.07386839999890071,0.07388131189889828,0.1518465000008291,2097.0429322095297,2.0552761733389504,2097.0429321658726,-2.0818414948307382e-09
Ablated PINN,3,237,True,optimal,1.2911899997561705e-05,0.07352860000173678,0.07354151190173434,0.1905240999985835,2215.8277017225564,2.590701429325528,2215.827701659273,-2.855977962314772e-09
Ablated PINN,3,238,True,optimal,1.2911899997561705e-05,0.07074280000233557,0.07075571190233314,0.161496900000202,2213.065903764337,2.2824574251068586,2213.065904034789,1.222070912032168e-08
Ablated PINN,3,239,True,optimal,1.2911899997561705e-05,0.09428810000099475,0.09430101190099231,0.1797532999989926,2144.724819794156,1.9061651235271748,2144.724819262377,-2.4794734444932864e-08
Ablated PINN,3,240,True,optimal,1.2911899997561705e-05,0.09350170000107028,0.09351461190106784,0.2170844000029319,2227.303081240274,2.3213955080366753,2227.3030812286775,-5.206526355855532e-10
Ablated PINN,3,241,True,optimal,1.2911899997561705e-05,0.11594729999706033,0.1159602118970579,0.1749574999994365,2195.997977255815,1.5087718204133038,2195.9979772096485,-2.1022972829435685e-09
Ablated PINN,3,242,True,optimal,1.2911899997561705e-05,0.07576209999751882,0.07577501189751638,0.1473356999995303,2150.070248313176,1.9443837263766819,2150.07024719517,-5.1998575987266704e-08
Ablated PINN,3,243,True,optimal,1.2911899997561705e-05,0.10343090000242228,0.10344381190241984,0.1628168000024743,2253.1276826909134,1.573963652422843,2253.1276827702604,3.5216400240580814e-09
Ablated PINN,3,244,True,optimal,1.2911899997561705e-05,0.11067679999905522,0.11068971189905279,0.154321300000447,2160.725050099758,1.394179254357311,2160.725049934688,-7.639570112481882e-09
Ablated PINN,3,245,True,optimal,1.2911899997561705e-05,0.11190220000207773,0.1119151119020753,0.1683622000018658,2216.017872035165,1.5043741380447457,2216.01787193959,-4.312923710436271e-09
Ablated PINN,3,246,True,optimal,1.2911899997561705e-05,0.0819855000008829,0.08199841190088046,0.1499887999998463,2166.915413034995,1.829167132909263,2166.9154128482983,-8.615773545352634e-09
Ablated PINN,3,247,True,optimal,1.2911899997561705e-05,0.10609850000037113,0.1061114119003687,0.1854454999993322,2194.0667932879514,1.7476489726991167,2194.0667930756467,-9.676310362400358e-09
Ablated PINN,3,248,True,optimal,1.2911899997561705e-05,0.09809600000153296,0.09810891190153052,0.164037599999574,2108.92246520784,1.6719948964902849,2108.922465023892,-8.722370544786789e-09
Ablated PINN,3,249,True,optimal,1.2911899997561705e-05,0.08138080000207992,0.08139371190207749,0.1914649999998801,2211.376165698668,2.352331593259026,2211.376166438619,3.34611000910736e-08
Ablated PINN,3,250,True,optimal,1.2911899997561705e-05,0.07565599999725237,0.07566891189724993,0.1957933000012417,2230.8479523420733,2.587499874018375,2230.847952344336,1.0143330546734048e-10
Ablated PINN,3,251,True,optimal,1.2911899997561705e-05,0.06976729999951203,0.0697802118995096,0.1901084000019182,2226.7534290027884,2.724388402197647,2226.753429008264,2.459011752583702e-10
Ablated PINN,3,252,True,optimal,1.2911899997561705e-05,0.06596089999948163,0.06597381189947919,0.2105768999972497,2134.994969312902,3.191825573427447,2134.9949693093035,-1.6854446213157383e-10
Ablated PINN,3,253,True,optimal,1.2911899997561705e-05,0.09133360000123503,0.0913465119012326,0.1540368999994825,2222.6753230172544,1.6862920848694605,2222.675323008537,-3.92207832885804e-10
Ablated PINN,3,254,True,optimal,1.2911899997561705e-05,0.07694059999994352,0.07695351189994108,0.1864795000001322,2182.1593758800086,2.423274719971227,2182.159375116976,-3.4966850355547926e-08
Ablated PINN,3,255,True,optimal,1.2911899997561705e-05,0.08613789999799337,0.08615081189799094,0.1633569000005081,2120.4797410569017,1.896173656423981,2120.47974102479,-1.5143520974876923e-09
Ablated PINN,3,256,True,optimal,1.2911899997561705e-05,0.08657849999872269,0.08659141189872026,0.1984661000024061,2300.1678923890854,2.2919836465368832,2300.167892389992,3.942174050285479e-11
Ablated PINN,3,257,True,optimal,1.2911899997561705e-05,0.09875540000211913,0.0987683119021167,0.1652689999973517,2085.162441274529,1.6732998348816552,2085.1624413228296,2.3163919592533907e-09
Ablated PINN,3,258,True,optimal,1.2911899997561705e-05,0.10219789999973727,0.10221081189973484,0.1868017000015243,2141.9358861714218,1.8276119378130966,2141.9358860678585,-4.835030444412343e-09
Ablated PINN,3,259,True,optimal,1.2911899997561705e-05,0.08357999999861931,0.08359291189861688,0.2039970000005269,2166.4386621944127,2.4403624107261446,2166.438660711097,-6.8467935574836e-08
Ablated PINN,3,260,True,optimal,1.2911899997561705e-05,0.08313730000008945,0.08315021190008702,0.1963370000012219,2212.2281696701148,2.3612327078268867,2212.2281692145184,-2.05944563240286e-08
Ablated PINN,3,261,True,optimal,1.2911899997561705e-05,0.07663729999694624,0.0766502118969438,0.2069185000000288,2075.912783905306,2.6995163467810195,2075.91278897196,2.440687321346217e-07
Ablated PINN,3,262,True,optimal,1.2911899997561705e-05,0.07026099999711732,0.07027391189711489,0.1651162999987718,2219.190948463322,2.3496101973163483,2219.19094839772,-2.9561157359760905e-09
Ablated PINN,3,263,True,optimal,1.2911899997561705e-05,0.0826286000010441,0.08264151190104167,0.1523746000020764,2177.9007071265937,1.8438021824254132,2177.900707070045,-2.5964793708176432e-09
Ablated PINN,3,264,True,optimal,1.2911899997561705e-05,0.10301800000161165,0.10303091190160922,0.1882799000013619,2082.1606036047424,1.8274117595034234,2082.1606036409476,1.7388267276547498e-09
Ablated PINN,3,265,True,optimal,1.2911899997561705e-05,0.0861877999996068,0.08620071189960436,0.167796099998668,2187.077225453803,1.9465744110570176,2187.077225354661,-4.533070096916275e-09
Ablated PINN,3,266,True,optimal,1.2911899997561705e-05,0.08872920000067097,0.08874211190066854,0.157673400000931,2105.9647774907417,1.7767596085319575,2105.9647756465115,-8.757174739903347e-08
Ablated PINN,3,267,True,optimal,1.2911899997561705e-05,0.08212429999912274,0.08213721189912031,0.1496342000027652,2162.19410042925,1.821758939012243,2162.1941002824738,-6.788293147797414e-09
Ablated PINN,3,268,True,optimal,1.2911899997561705e-05,0.07511929999964195,0.07513221189963952,0.1357625000018743,2162.8386441282087,1.8069812743330889,2162.838643083188,-4.831709401244266e-08
Ablated PINN,3,269,True,optimal,1.2911899997561705e-05,0.07622300000002724,0.07623591190002481,0.1630485999994562,2127.5411836072435,2.1387374524131997,2127.54118333966,-1.257711708544357e-08
Ablated PINN,3,270,True,optimal,1.2911899997561705e-05,0.10058579999895301,0.10059871189895057,0.1753764999994018,2141.4755157456925,1.7433274908685117,2141.4755156741185,-3.3422772883373424e-09
Ablated PINN,3,271,True,optimal,1.2911899997561705e-05,0.07767849999800092,0.07769141189799848,0.1578702999977395,2157.231709987476,2.032017389579795,2157.2317100134246,1.20287464791782e-09
Ablated PINN,3,272,True,optimal,1.2911899997561705e-05,0.07621070000095642,0.07622361190095399,0.1553596000012476,2251.103522681476,2.0382083205808197,2251.103522680217,-5.593680618937894e-11
Ablated PINN,3,273,True,optimal,1.2911899997561705e-05,0.0872782999977062,0.08729121189770377,0.1258467000006931,2224.7645391161536,1.4416880836546564,2224.7645392500986,6.020633660500512e-09
Ablated PINN,3,274,True,optimal,1.2911899997561705e-05,0.11331579999750829,0.11332871189750586,0.1255964999982097,2248.992133882215,1.1082496032585176,2248.9921335281897,-1.574151171118157e-08
Ablated PINN,3,275,True,optimal,1.2911899997561705e-05,0.0830485000005865,0.08306141190058407,0.1602650999993784,2165.2296063945014,1.92947719443054,2165.22960378242,-1.206376223890298e-07
Ablated PINN,3,276,True,optimal,1.2911899997561705e-05,0.09036840000044322,0.09038131190044078,0.1355507000007492,2255.260071499048,1.499764687528154,2255.2600714896016,-4.18863741674172e-10
Ablated PINN,3,277,True,optimal,1.2911899997561705e-05,0.11119980000148644,0.111212711901484,0.174569300001167,2167.9748501241124,1.5696883658030605,2167.9748502385414,5.278150961562672e-09
Ablated PINN,3,278,True,optimal,1.2911899997561705e-05,0.07653899999786518,0.07655191189786274,0.189471699999558,2168.666543748825,2.47507469509521,2168.6665437295123,-8.905318016947302e-10
Ablated PINN,3,279,True,optimal,1.2911899997561705e-05,0.07888850000017555,0.07890141190017312,0.1697157000016886,2033.8752707221165,2.1509843222630116,2033.875270707978,-6.951532421843765e-10
Ablated PINN,3,280,True,optimal,1.2911899997561705e-05,0.06601829999999609,0.06603121189999366,0.1369254000019282,2155.3513359880685,2.073646629556126,2155.3513358738282,-5.300308276435785e-09
Ablated PINN,3,281,True,optimal,1.2911899997561705e-05,0.0930131999994046,0.09302611189940217,0.2123275999983889,2122.6809873022803,2.282451622056381,2122.6809867251472,-2.7188873605386503e-08
Ablated PINN,3,282,True,optimal,1.2911899997561705e-05,0.0954371000007086,0.09545001190070616,0.1921188999986043,2118.7416343232285,2.01276978570165,2118.741633695617,-2.962189257559523e-08
Ablated PINN,3,283,True,optimal,1.2911899997561705e-05,0.09583909999855678,0.09585201189855434,0.192897199998697,2158.957560505516,2.0124481080569403,2158.9575595996153,-4.196010380337247e-08
Ablated PINN,3,284,True,optimal,1.2911899997561705e-05,0.08405829999901471,0.08407121189901227,0.1796782000019448,2273.889670073256,2.137214344165482,2273.8896700650957,-3.5887586451785497e-10
Ablated PINN,3,285,True,optimal,1.2911899997561705e-05,0.1072639000012714,0.10727681190126896,0.1300529000000096,2115.677822328654,1.2123113811370752,2115.6778293644825,3.3255669654861407e-07
Ablated PINN,3,286,True,optimal,1.2911899997561705e-05,0.08704690000013215,0.08705981190012972,0.1459980999970866,2196.2220295681013,1.6769861640014532,2196.222029470526,-4.442863142525588e-09
Ablated PINN,3,287,True,optimal,1.2911899997561705e-05,0.08101890000034473,0.0810318119003423,0.1868482999998377,2202.066156379918,2.305863532085828,2202.0661563780855,-8.322328640140411e-11
Ablated PINN,3,288,True,optimal,1.2911899997561705e-05,0.09907039999961853,0.0990833118996161,0.1656379000014567,2182.373867339894,1.6717033052878651,2182.3738734597773,2.804232367760838e-07
Ablated PINN,3,289,True,optimal,1.2911899997561705e-05,0.0972518000016862,0.09726471190168377,0.1495441000006394,2211.584568758089,1.5374959435627609,2211.5845684120454,-1.5646864222342718e-08
Ablated PINN,3,290,True,optimal,1.2911899997561705e-05,0.06978410000010626,0.06979701190010383,0.1592672999977367,2234.958415963913,2.281864160971335,2234.9584157626364,-9.005833532869168e-09
Ablated PINN,3,291,True,optimal,1.2911899997561705e-05,0.0900645000001532,0.09007741190015077,0.1775887000003422,2225.3833521530064,1.9715120167661582,2225.383352123945,-1.30591158260373e-09
Ablated PINN,3,292,True,optimal,1.2911899997561705e-05,0.07577490000039688,0.07578781190039445,0.1876599000024725,2191.5297747841546,2.476122417270841,2191.529774692003,-4.204908517937555e-09
Ablated PINN,3,293,True,optimal,1.2911899997561705e-05,0.07845850000012433,0.0784714119001219,0.1814896999967459,2173.9351671876693,2.3128129799390544,2173.935167236367,2.2400635630443745e-09
Ablated PINN,3,294,True,optimal,1.2911899997561705e-05,0.0837779999965278,0.08379091189652536,0.1912125000017113,2221.8731689601696,2.2820195612364556,2221.8731689830347,1.0290934635401861e-09
Ablated PINN,3,295,True,optimal,1.2911899997561705e-05,0.09164769999915734,0.0916606118991549,0.1916350999999849,2152.791180484056,2.090702822394662,2152.7911804306627,-2.480187172525805e-09
Ablated PINN,3,296,True,optimal,1.2911899997561705e-05,0.12235620000137715,0.12236911190137471,0.1938859000001684,2162.3602395464923,1.5844349688214927,2162.360238129724,-6.551952233768507e-08
Ablated PINN,3,297,True,optimal,1.2911899997561705e-05,0.09066900000107125,0.09068191190106882,0.1667852999999013,2139.5005791467493,1.839234490135794,2139.5005788412022,-1.4281230945925913e-08
Ablated PINN,3,298,True,optimal,1.2911899997561705e-05,0.10159920000296552,0.10161211190296308,0.185193999997864,2183.7547421460417,1.8225583203577094,2183.7547421019635,-2.0184595423365674e-09
Ablated PINN,3,299,True,optimal,1.2911899997561705e-05,0.0928252000012435,0.09283811190124107,0.1797445000011066,2165.291704792407,1.9361068026923514,2165.2917047977003,2.44459402518513e-10
Ablated PINN,3,300,True,optimal,1.2911899997561705e-05,0.13229729999875417,0.13231021189875172,0.2011792999983299,2134.5860261439225,1.5205122651627159,2134.58602602534,-5.555299540467636e-09
Ablated PINN,3,301,True,optimal,1.2911899997561705e-05,0.13266459999795188,0.13267751189794944,0.1329354000008606,2209.4187808300176,1.0019437212774198,2209.4187805598,-1.2230261616835127e-08
Ablated PINN,3,302,True,optimal,1.2911899997561705e-05,0.1252567999981693,0.12526971189816685,0.1474019999986922,2264.6526783053887,1.176677089498832,2264.652678655011,1.5438239145304905e-08
Ablated PINN,3,303,True,optimal,1.2911899997561705e-05,0.12661840000146185,0.1266313119014594,0.2004344999986642,2182.4879524071234,1.5828194226925183,2182.4879521638272,-1.1147653709558072e-08
Ablated PINN,3,304,True,optimal,1.2911899997561705e-05,0.10894770000231802,0.10896061190231558,0.2144152000000758,2298.446942840016,1.9678230165621817,2298.4469428282678,-5.111450515205366e-10
Ablated PINN,3,305,True,optimal,1.2911899997561705e-05,0.07110549999924842,0.07111841189924599,0.1916431999998167,2219.554113561441,2.6947058417350362,2219.5541135397193,-9.786612805280646e-10
Ablated PINN,3,306,True,optimal,1.2911899997561705e-05,0.07813490000262391,0.07814781190262148,0.1999945999996271,2158.6573355187134,2.5591836179474434,2158.657335421234,-4.515732339021184e-09
Ablated PINN,3,307,True,optimal,1.2911899997561705e-05,0.08174439999856986,0.08175731189856743,0.164086299999326,2106.293427636591,2.006992355654995,2106.2934275183816,-5.612195270381727e-09
Ablated PINN,3,308,True,optimal,1.2911899997561705e-05,0.10225490000084392,0.10226781190084148,0.1880562000005738,2120.317801078761,1.838860111556043,2120.3178009080384,-8.051746517667772e-09
Ablated PINN,3,309,True,optimal,1.2911899997561705e-05,0.10173609999765176,0.10174901189764933,0.1561755000002449,2126.1744321940173,1.534909254522726,2126.174431443952,-3.527769271493849e-08
Ablated PINN,3,310,True,optimal,1.2911899997561705e-05,0.18192030000136583,0.18193321190136338,0.1320761000024504,2069.081862536293,0.7259592606657028,2069.081862551159,7.184679915107881e-10
Ablated PINN,3,311,True,optimal,1.2911899997561705e-05,0.10652440000194474,0.10653731190194231,0.1515479000008781,2061.1549558310385,1.4224866133318985,2061.154955878445,2.2999969847535432e-09
Ablated PINN,3,312,True,optimal,1.2911899997561705e-05,0.11644979999982752,0.11646271189982509,0.1136442999995779,2180.1149814162545,0.9757998774520086,2180.114981397185,-8.746958566233542e-10
Ablated PINN,3,313,True,optimal,1.2911899997561705e-05,0.08305589999872609,0.08306881189872366,0.1372040999995079,2188.0807312513416,1.6516920955458616,2188.080731244175,-3.275390230173108e-10
Ablated PINN,3,314,True,optimal,1.2911899997561705e-05,0.11675209999884828,0.11676501189884585,0.1179652999999234,2222.5581159645926,1.010279518509512,2222.55811588872,-3.4137589456496227e-09
Ablated PINN,3,315,True,optimal,1.2911899997561705e-05,0.13769310000134283,0.13770601190134038,0.204678000001877,2145.9342340595863,1.486340336023374,2145.9342340339026,-1.1968528775520455e-09
Ablated PINN,3,316,True,optimal,1.2911899997561705e-05,0.14999009999883128,0.15000301189882884,0.1662551999979769,2132.5852964854,1.1083457451515009,2132.5852964091855,-3.5737980512255917e-09
Ablated PINN,3,317,True,optimal,1.2911899997561705e-05,0.08348110000224551,0.08349401190224308,0.1558721000001242,2254.9250954710506,1.866865616454306,2254.9250954710915,1.815016457175582e-12
Ablated PINN,3,318,True,optimal,1.2911899997561705e-05,0.15038970000023255,0.1504026119002301,0.1743176999989373,2263.226844507007,1.1590071328985385,2263.226844548922,1.8520005154426931e-09
Ablated PINN,3,319,True,optimal,1.2911899997561705e-05,0.10017709999738145,0.10019001189737901,0.1878381000024092,2210.304634881842,1.8748186215887959,2210.3046346061938,-1.247105424388806e-08
Ablated PINN,3,320,True,optimal,1.2911899997561705e-05,0.11803650000001653,0.1180494119000141,0.1402054000027419,2082.329886286688,1.1876840193112825,2082.3298875024443,5.8384415296777784e-08
Ablated PINN,3,321,True,optimal,1.2911899997561705e-05,0.10243650000120397,0.10244941190120153,0.1832721000027959,2092.9242742982774,1.7889033875522566,2092.924274321369,1.1033182621194452e-09
Ablated PINN,3,322,True,optimal,1.2911899997561705e-05,0.10541829999783658,0.10543121189783415,0.1814297999990231,2185.130356631259,1.7208357632731541,2185.1303566003885,-1.4127543384880549e-09
Ablated PINN,3,323,True,optimal,1.2911899997561705e-05,0.07282309999936842,0.07283601189936599,0.1583245000001625,2189.102213805668,2.1737118201764236,2189.1022137060813,-4.549193088592801e-09
Ablated PINN,3,324,True,optimal,1.2911899997561705e-05,0.09027179999975488,0.09028471189975244,0.1484041000003344,2171.272589872131,1.6437345468313038,2171.2725892672615,-2.785783133251947e-08
Ablated PINN,3,325,True,optimal,1.2911899997561705e-05,0.09650079999846639,0.09651371189846396,0.1501671000005444,2214.206873225862,1.5559146679440308,2214.206873021142,-9.245747716120891e-09
Ablated PINN,3,326,True,optimal,1.2911899997561705e-05,0.08807589999923948,0.08808881189923705,0.1545449000004737,2125.986871701245,1.754421437506211,2125.9868716008577,-4.721915174257833e-09
Ablated PINN,3,327,True,optimal,1.2911899997561705e-05,0.12252969999826746,0.12254261189826503,0.1809763999990536,2202.56873108054,1.4768446436354756,2202.568730265055,-3.702428102079966e-08
Ablated PINN,3,328,True,optimal,1.2911899997561705e-05,0.13201240000125836,0.1320253119012559,0.1562159999994037,2184.037543854672,1.1832276534687562,2184.0375438516444,-1.386289292838065e-10
Ablated PINN,3,329,True,optimal,1.2911899997561705e-05,0.1030983999989985,0.10311131189899607,0.1399351000000024,2173.826474611812,1.3571265598587041,2173.8264743059153,-1.4071809460542448e-08
Ablated PINN,3,330,True,optimal,1.2911899997561705e-05,0.11879720000069938,0.11881011190069694,0.2051428000013402,2128.234033394617,1.7266442790054877,2128.234033229018,-7.781051036256306e-09
Ablated PINN,3,331,True,optimal,1.2911899997561705e-05,0.12263140000140993,0.1226443119014075,0.1862562999995134,2104.584535308683,1.5186705124102529,2104.5845352636306,-2.140673089810811e-09
Ablated PINN,3,332,True,optimal,1.2911899997561705e-05,0.10628819999692496,0.10630111189692253,0.1896450000022014,2252.763428235852,1.784035901582058,2252.7634284824835,1.0947945672738037e-08
Ablated PINN,3,333,True,optimal,1.2911899997561705e-05,0.12989250000100583,0.12990541190100338,0.1778735000007145,2151.601771701695,1.3692539625390359,2151.601771493714,-9.666332190282001e-09
Ablated PINN,3,334,True,optimal,1.2911899997561705e-05,0.15419610000026296,0.1542090119002605,0.1836159999984374,2228.6659115636726,1.1906956521918237,2228.66591173107,7.51110793293904e-09
Ablated PINN,3,335,True,optimal,1.2911899997561705e-05,0.10288470000159577,0.10289761190159334,0.2050641000023461,2190.661498984035,1.9928946475304032,2190.6614989096315,-3.396393639537418e-09
Ablated PINN,3,336,True,optimal,1.2911899997561705e-05,0.08822320000035688,0.08823611190035445,0.1579936000016459,2235.4954508447577,1.790577537914057,2235.495450531402,-1.4017272342962236e-08
Ablated PINN,3,337,True,optimal,1.2911899997561705e-05,0.11216290000083973,0.1121758119008373,0.1761824999994132,2092.3407048610115,1.570592599366764,2092.3407051688337,1.4711854483292788e-08
Ablated PINN,3,338,True,optimal,1.2911899997561705e-05,0.11408509999819216,0.11409801189818973,0.1750023999993573,2171.447278130524,1.5337900905364843,2171.447278090592,-1.8389495352182818e-09
Ablated PINN,3,339,True,optimal,1.2911899997561705e-05,0.08082220000142115,0.08083511190141872,0.1660876999994798,2216.45546251155,2.054647987647121,2216.4554624777484,-1.525039682071465e-09
Ablated PINN,3,340,True,optimal,1.2911899997561705e-05,0.10821559999749297,0.10822851189749054,0.1920820000013918,2163.9528951434622,1.7747818632425043,2163.95289487553,-1.2381606712547316e-08
Ablated PINN,3,341,True,optimal,1.2911899997561705e-05,0.07713069999954314,0.0771436118995407,0.1864521000024979,2223.825782895802,2.416948019562563,2223.8257828616115,-1.5374691033228164e-09
Ablated PINN,3,342,True,optimal,1.2911899997561705e-05,0.09367000000202097,0.09368291190201854,0.1492392000000109,2055.728688606198,1.5930247786928078,2055.7286886772526,3.4564253890690522e-09
Ablated PINN,3,343,True,optimal,1.2911899997561705e-05,0.08114539999951376,0.08115831189951132,0.1174037999990105,2147.2559572665987,1.4466022918808077,2147.2559574464995,8.378171213635825e-09
Ablated PINN,3,344,True,optimal,1.2911899997561705e-05,0.10638570000082836,0.10639861190082593,0.1245152000010421,2208.61954208722,1.170270906514294,2208.6195422520486,7.462970926230279e-09
Ablated PINN,3,345,True,optimal,1.2911899997561705e-05,0.15363909999723546,0.15365201189723302,0.1329647999991721,2179.495059787069,0.8653632214598197,2179.4950596961107,-4.173357033708809e-09
Ablated PINN,3,346,True,optimal,1.2911899997561705e-05,0.13206590000118013,0.13207881190117768,0.1801190999976825,2158.0024019819666,1.3637244112435605,2158.0024012080635,-3.586201471303688e-08
Ablated PINN,3,347,True,optimal,1.2911899997561705e-05,0.1766139999999723,0.17662691189996985,0.1875204000025405,2237.1176063082003,1.061675131979548,2237.1176062783966,-1.3322360230730765e-09
Ablated PINN,3,348,True,optimal,1.2911899997561705e-05,0.18375799999921583,0.18377091189921338,0.1707534999986819,2237.530400967604,0.929165003503543,2237.5304009853867,7.947554656117788e-10
Ablated PINN,3,349,True,optimal,1.2911899997561705e-05,0.1601157000004605,0.16012861190045805,0.1921939000021666,2219.2598792165377,1.200247087145435,2219.259879141848,-3.3655149898606718e-09
Ablated PINN,3,350,True,optimal,1.2911899997561705e-05,0.16728650000004563,0.1672994119000432,0.2011267999987467,2187.0903956003863,1.2021966946238547,2187.0903946652606,-4.275660615546882e-08
Ablated PINN,3,351,True,optimal,1.2911899997561705e-05,0.19722129999718163,0.19723421189717918,0.1784593000011227,2233.2405725405383,0.9048090505421844,2233.2405730799887,2.4155499326178763e-08
Ablated PINN,3,352,True,optimal,1.2911899997561705e-05,0.1233027000016591,0.12331561190165667,0.1700487999987672,2097.0363356283888,1.3789721948132563,2097.0363356010994,-1.301331219829307e-09
Ablated PINN,3,353,True,optimal,1.2911899997561705e-05,0.1641182999992452,0.16413121189924276,0.2080347999981313,2229.6858589191493,1.2674907934381192,2229.685858799333,-5.373688709776194e-09
Ablated PINN,3,354,True,optimal,1.2911899997561705e-05,0.15079790000163484,0.1508108119016324,0.1655281000021204,2296.944400859072,1.0975877519317878,2296.9444008634923,1.9243583993427392e-10
Ablated PINN,3,355,True,optimal,1.2911899997561705e-05,0.14724650000061956,0.14725941190061712,0.1689585999993141,2212.5342058492406,1.147353488776265,2212.534205748685,-4.544813497191655e-09
Ablated PINN,3,356,True,optimal,1.2911899997561705e-05,0.19540730000153417,0.19542021190153172,0.1854023999985656,2177.056471960629,0.9487370737883863,2177.0564718384494,-5.61215112333481e-09
Ablated PINN,3,357,True,optimal,1.2911899997561705e-05,0.19406700000035926,0.1940799119003568,0.1829232999989472,2202.5500756591496,0.9425153701268291,2202.5500755987264,-2.7433287748930574e-09
Ablated PINN,3,358,True,optimal,1.2911899997561705e-05,0.14867340000273543,0.148686311902733,0.1786783999996259,2195.4449655584485,1.201713847852471,2195.4449637461094,-8.254997081311459e-08
Ablated PINN,3,359,True,optimal,1.2911899997561705e-05,0.16777900000306545,0.167791911903063,0.1633247999998275,2143.921737046292,0.9733770725145783,2143.9217368052787,-1.1241705483977592e-08
Ablated PINN,3,360,True,optimal,1.2911899997561705e-05,0.16760310000245227,0.16761601190244982,0.1304525000014109,2194.863228487653,0.7782818510043804,2194.863228452643,-1.5950920583862726e-09
Ablated PINN,3,361,True,optimal,1.2911899997561705e-05,0.18136239999876125,0.1813753118987588,0.1422778999985894,2225.630974859284,0.7844391748200381,2225.630975009599,6.75381137053149e-09
Ablated PINN,3,362,True,optimal,1.2911899997561705e-05,0.16540529999838327,0.16541821189838082,0.1539554000009957,2196.8047850498147,0.9307040514715095,2196.8047815398454,-1.597761107720359e-07
Ablated PINN,3,363,True,optimal,1.2911899997561705e-05,0.14966629999980796,0.14967921189980551,0.1502572999997937,2147.5048863780557,1.0038621802764112,2147.5048864626965,3.941353554785085e-09
Ablated PINN,3,364,True,optimal,1.2911899997561705e-05,0.1895046000026923,0.18951751190268987,0.1727430999999342,2205.4671880296964,0.911488855386785,2205.467187952598,-3.4957818023817225e-09
Ablated PINN,3,365,True,optimal,1.2911899997561705e-05,0.17096529999980703,0.17097821189980458,0.1417947999980242,2246.439198885705,0.829315024543114,2246.43920036274,6.575004824621182e-08
Ablated PINN,3,366,True,optimal,1.2911899997561705e-05,0.14147779999984778,0.14149071189984533,0.1278607999993255,2161.93904328185,0.9036692110916241,2161.9390499761307,3.0964243644021436e-07
Ablated PINN,3,367,True,optimal,1.2911899997561705e-05,0.1419597000021895,0.14197261190218705,0.1172116999987338,2236.582282354143,0.8255937425416078,2236.5822823444287,-4.3433738102457484e-10
Ablated PINN,3,368,True,optimal,1.2911899997561705e-05,0.15377209999860497,0.15378501189860252,0.1598924999998416,2181.218795697856,1.0397144560827944,2181.218795141749,-2.549523681517378e-08
Ablated PINN,3,369,True,optimal,1.2911899997561705e-05,0.12931969999772264,0.1293326118977202,0.1559689999994589,2234.464631649203,1.205952603221247,2234.4646316337144,-6.931725189027112e-10
Ablated PINN,3,370,True,optimal,1.2911899997561705e-05,0.15953719999743043,0.159550111897428,0.1223349999963829,2191.33690772516,0.7667496972677147,2191.3369075404453,-8.42931706667726e-09
Ablated PINN,3,371,True,optimal,1.2911899997561705e-05,0.16232310000123107,0.16233601190122862,0.1226728000001458,2208.4067469090646,0.7556721306840073,2208.406746913009,1.7861195756216423e-10
Ablated PINN,3,372,True,optimal,1.2911899997561705e-05,0.16855089999808115,0.1685638118980787,0.1449767999984033,2179.438998301441,0.8600707255366461,2179.438996279703,-9.276414970856672e-08
Ablated PINN,3,373,True,optimal,1.2911899997561705e-05,0.15191589999813004,0.1519288118981276,0.125074499999755,2296.6511708700623,0.8232441130627736,2296.651170771889,-4.274620939014105e-09
Ablated PINN,3,374,True,optimal,1.2911899997561705e-05,0.1287871999993513,0.12880011189934884,0.132039000000077,2098.7791718246262,1.0251466248978045,2098.7791717197333,-4.997807051752962e-09
Ablated PINN,3,375,True,optimal,1.2911899997561705e-05,0.18294529999911902,0.18295821189911657,0.1689020000012533,2137.17485298067,0.9231725553504322,2137.1748529761367,-2.1212004879547231e-10
Ablated PINN,3,376,True,optimal,1.2911899997561705e-05,0.16325279999728082,0.16326571189727837,0.1527489000000059,2224.7053493523745,0.9355846872251455,2224.7053493352714,-7.687781157994122e-10
Ablated PINN,3,377,True,optimal,1.2911899997561705e-05,0.16800620000140043,0.16801911190139798,0.1738801000028615,2114.418486646166,1.03488286561652,2114.418486456991,-8.94689954536073e-09
Ablated PINN,3,378,True,optimal,1.2911899997561705e-05,0.1631461000033596,0.16315901190335716,0.2094768000024487,2117.5697502775542,1.2838812736039773,2117.5697505276,1.180813804769612e-08
Ablated PINN,3,379,True,optimal,1.2911899997561705e-05,0.20962560000043595,0.2096385119004335,0.1831095999987155,2194.5511020909207,0.8734540153847412,2194.5511019814044,-4.990375920719798e-09
Ablated PINN,3,380,True,optimal,1.2911899997561705e-05,0.19581699999980628,0.19582991189980384,0.1691259999970498,2230.5320363874084,0.863637216379809,2230.5320363666556,-9.303991050792615e-10
Ablated PINN,3,381,True,optimal,1.2911899997561705e-05,0.17951389999871026,0.1795268118987078,0.2007329999978537,2090.7168882174,1.118122679698177,2090.716888220416,1.44251211059497e-10
Ablated PINN,3,382,True,optimal,1.2911899997561705e-05,0.124705800000811,0.12471871190080856,0.1909339000012551,2215.6356898679733,1.530916228136712,2215.6356902727807,1.8270487942157378e-08
Ablated PINN,3,383,True,optimal,1.2911899997561705e-05,0.13738000000012107,0.13739291190011862,0.1491624999980558,2224.1887217386115,1.0856637211859472,2224.188721862152,5.5543984246109535e-09
Ablated PINN,3,384,True,optimal,1.2911899997561705e-05,0.11783270000159973,0.1178456119015973,0.1969654000022274,2162.2599642954547,1.6713851014384498,2162.259964334635,1.8119986913989007e-09
Ablated PINN,3,385,True,optimal,1.2911899997561705e-05,0.1349356999999145,0.13494861189991206,0.1817249000014271,2197.3120325813948,1.3466229659050353,2197.3120324488086,-6.0340149991667655e-09
Ablated PINN,3,386,True,optimal,1.2911899997561705e-05,0.16179270000066026,0.16180561190065781,0.1660755999982939,2276.9669437276,1.026389616821558,2276.9669438030546,3.313812225120044e-09
Ablated PINN,3,387,True,optimal,1.2911899997561705e-05,0.14419419999831007,0.14420711189830762,0.2082173999988299,2140.71019038978,1.4438774707981201,2140.7101903704947,-9.008870276005262e-10
Ablated PINN,3,388,True,optimal,1.2911899997561705e-05,0.16312069999912637,0.16313361189912393,0.1282137000016519,2142.9942876946343,0.7859428753464658,2142.9942868747835,-3.825725602479324e-08
Ablated PINN,3,389,True,optimal,1.2911899997561705e-05,0.12752090000140015,0.1275338119013977,0.0971374000000651,2156.97839410696,0.7616599751222564,2156.9783934155253,-3.205570851855807e-08
Ablated PINN,3,390,True,optimal,1.2911899997561705e-05,0.14027720000012778,0.14029011190012533,0.1546777999974438,2121.662768269533,1.1025566798860442,2121.662768379212,5.169490220526891e-09
Ablated PINN,3,391,True,optimal,1.2911899997561705e-05,0.18856650000088848,0.18857941190088603,0.1664391999984218,2179.108154986151,0.8825947558151219,2179.1081546506775,-1.5394990213966184e-08
Ablated PINN,3,392,True,optimal,1.2911899997561705e-05,0.14499749999959022,0.14501041189958777,0.1512585999989824,2178.747628554961,1.043087858434063,2178.747628107526,-2.0536339666883212e-08
Ablated PINN,3,393,True,optimal,1.2911899997561705e-05,0.1670912000008684,0.16710411190086596,0.1759530999988783,2210.081430874533,1.0529549392731996,2210.081430986793,5.079443633446253e-09
Ablated PINN,3,394,True,optimal,1.2911899997561705e-05,0.15553120000186027,0.15554411190185782,0.2010760000011942,2209.614837155141,1.2927265297452415,2209.614837132119,-1.0418822435256332e-09
Ablated PINN,3,395,True,optimal,1.2911899997561705e-05,0.1638965999991342,0.16390951189913175,0.1911084999992454,2250.0994968703653,1.1659390463980615,2250.0994968759724,2.491905288734501e-10
Ablated PINN,3,396,True,optimal,1.2911899997561705e-05,0.14335879999998724,0.1433717118999848,0.1411408000021765,2174.589089535385,0.9844396647829345,2174.5890893633327,-7.911945148340697e-09
Ablated PINN,3,397,True,optimal,1.2911899997561705e-05,0.17175130000032368,0.17176421190032123,0.1573333999986061,2206.5415063809373,0.9159847575809933,2206.5415063620494,-8.559970961093934e-10
Ablated PINN,3,398,True,optimal,1.2911899997561705e-05,0.13015689999883762,0.13016981189883517,0.1464271000004373,2177.2681869428293,1.1248929215188304,2177.268186780239,-7.467631631739618e-09
Ablated PINN,3,399,True,optimal,1.2911899997561705e-05,0.15465609999955632,0.15466901189955387,0.1915522000017517,2278.0058111328985,1.2384652727086065,2278.005811133901,4.39973926517475e-11
Ablated PINN,3,400,True,optimal,1.2911899997561705e-05,0.1971153000013146,0.19712821190131216,0.2054897000016353,2186.1111524012417,1.0424164964500826,2186.111152322677,-3.593819131152347e-09
Ablated PINN,3,401,True,optimal,1.2911899997561705e-05,0.16258379999999306,0.16259671189999061,0.1837744000004022,2189.316129951744,1.130246718109758,2189.316129608823,-1.566339984587945e-08
Ablated PINN,3,402,True,optimal,1.2911899997561705e-05,0.13189580000107526,0.1319087119010728,0.1856459000009636,2253.001817826864,1.4073816454230248,2253.001817750716,-3.379862048850417e-09
Ablated PINN,3,403,True,optimal,1.2911899997561705e-05,0.17194480000034673,0.17195771190034428,0.1958493999991333,2139.5946957270985,1.1389393231321612,2139.594694809074,-4.290646259625043e-08
Ablated PINN,3,404,True,optimal,1.2911899997561705e-05,0.217714900001738,0.21772781190173554,0.1675045999982103,2229.818283830382,0.7693302869079864,2229.8182837629547,-3.023888053761633e-09
Ablated PINN,3,405,True,optimal,1.2911899997561705e-05,0.1524961999966763,0.15250911189667385,0.1756791000007069,2164.096343412927,1.1519252706666532,2164.0963415148103,-8.770944106160702e-08
Ablated PINN,3,406,True,optimal,1.2911899997561705e-05,0.1706785000023956,0.17069141190239315,0.1916470000032859,2259.564290805501,1.12276884857497,2259.5642907068,-4.368147165457196e-09
Ablated PINN,3,407,True,optimal,1.2911899997561705e-05,0.20619509999960428,0.20620801189960183,0.180398000000423,2173.329620252804,0.8748350674572957,2173.3296202068072,-2.1164201057598282e-09
Ablated PINN,3,408,True,optimal,1.2911899997561705e-05,0.1702822000006563,0.17029511190065386,0.1754146999992372,2198.982306947815,1.0300630361109249,2198.9823059381474,-4.591521061951233e-08
Ablated PINN,3,409,True,optimal,1.2911899997561705e-05,0.17509830000199145,0.175111211901989,0.1634501999978965,2101.757465941314,0.933407965272839,2101.757469061782,1.4846946838050304e-07
Ablated PINN,3,410,True,optimal,1.2911899997561705e-05,0.15861660000155098,0.15862951190154853,0.1857828000029258,2222.3545773784226,1.1711742523562048,2222.3545768598588,-2.3333984185254705e-08
Ablated PINN,3,411,True,optimal,1.2911899997561705e-05,0.14328609999938635,0.1432990118993839,0.2085518999992928,2207.183435496908,1.4553617448927394,2207.1834354727425,-1.0948466646437262e-09
Ablated PINN,3,412,True,optimal,1.2911899997561705e-05,0.13396259999717586,0.1339755118971734,0.120748099998309,2160.7392493565994,0.9012699282760234,2160.7392493861776,1.3688894646827806e-09
Ablated PINN,3,413,True,optimal,1.2911899997561705e-05,0.14033270000072662,0.14034561190072417,0.12858750000305,2137.8859251232807,0.9162203097166196,2137.8859250809887,-1.9782139862000958e-09
Ablated PINN,3,414,True,optimal,1.2911899997561705e-05,0.1161050000009709,0.11611791190096847,0.1461687000009988,2164.422742503913,1.258795457204391,2164.4227424079445,-4.433908164262104e-09
Ablated PINN,3,415,True,optimal,1.2911899997561705e-05,0.13996269999915967,0.13997561189915722,0.1160552000001189,2183.6447305417146,0.829110145871187,2183.644729968906,-2.6231758095290335e-08
Ablated PINN,3,416,True,optimal,1.2911899997561705e-05,0.14188179999837303,0.14189471189837058,0.1706560999991779,2165.022676697812,1.2026952781820872,2165.0226754096866,-5.949709189827148e-08
Ablated PINN,3,417,True,optimal,1.2911899997561705e-05,0.14941059999910067,0.14942351189909822,0.160851000000548,2210.084839800277,1.0764771752196967,2210.084837451394,-1.0628023219376608e-07
Ablated PINN,3,418,True,optimal,1.2911899997561705e-05,0.11506839999856311,0.11508131189856068,0.1954523000022163,2183.472931097952,1.698384357787816,2183.4729310289395,-3.160673850709343e-09
Ablated PINN,3,419,True,optimal,1.2911899997561705e-05,0.13341660000151023,0.13342951190150779,0.1770538999990094,2298.137789102097,1.3269470709725997,2298.137789091188,-4.74685819629536e-10
Ablated PINN,3,420,True,optimal,1.2911899997561705e-05,0.16417310000178986,0.16418601190178742,0.1652902000023459,2167.561559471917,1.0067252263927269,2167.5615578722095,-7.38021716372399e-08
Ablated PINN,3,421,True,optimal,1.2911899997561705e-05,0.13311499999690568,0.13312791189690323,0.1562787999973807,2192.4891056494184,1.1738995810165336,2192.489103787481,-8.492345788881213e-08
Ablated PINN,3,422,True,optimal,1.2911899997561705e-05,0.15642640000078245,0.15643931190078,0.1788482999982079,2110.181463539362,1.143243969978854,2110.181463673535,6.3583513290205516e-09
Ablated PINN,3,423,True,optimal,1.2911899997561705e-05,0.14466639999955078,0.14467931189954833,0.1785305999983393,2184.4806474491047,1.2339746274318344,2184.4806473655544,-3.8247203576092e-09
Ablated PINN,3,424,True,optimal,1.2911899997561705e-05,0.14883430000190856,0.1488472119019061,0.1587675000009767,2147.8010678037863,1.0666474566255786,2147.8010674354045,-1.7151576071372016e-08
Ablated PINN,3,425,True,optimal,1.2911899997561705e-05,0.19673099999999977,0.19674391189999732,0.1850125999990268,2206.613199891192,0.9403726814838702,2206.613199870922,-9.185981675181115e-10
Ablated PINN,3,426,True,optimal,1.2911899997561705e-05,0.13924839999890537,0.13926131189890292,0.1704420999994909,2138.9719123375457,1.2239012951653345,2138.9719120698333,-1.251594246781861e-08
Ablated PINN,3,427,True,optimal,1.2911899997561705e-05,0.16739199999938137,0.16740491189937892,0.1837349999987054,2209.529803481716,1.0975484405687088,2209.5297970567917,-2.9078242403526497e-07
Ablated PINN,3,428,True,optimal,1.2911899997561705e-05,0.167732400001114,0.16774531190111155,0.1591241000023728,2192.2824505501385,0.9486053481851039,2192.2824503076226,-1.1062253984298046e-08
Ablated PINN,3,429,True,optimal,1.2911899997561705e-05,0.19887160000143922,0.19888451190143677,0.1789229999994859,2234.0549479820165,0.8996326475545597,2234.0549481005814,5.307161878971364e-09
Ablated PINN,3,430,True,optimal,1.2911899997561705e-05,0.17715339999995194,0.1771663118999495,0.1666087000012339,2182.7978551841825,0.940408468260728,2182.7978551403535,-2.0079277758906376e-09
Ablated PINN,3,431,True,optimal,1.2911899997561705e-05,0.18372200000158045,0.183734911901578,0.1814020999991044,2192.955539329313,0.9873033824746206,2192.9555392517827,-3.5354264694165116e-09
Ablated PINN,3,432,True,optimal,1.2911899997561705e-05,0.1457723999992595,0.14578531189925706,0.1483079999998153,2110.1541273223324,1.0173041307638833,2110.1541317833767,2.114084544628015e-07
Ablated PINN,3,433,True,optimal,1.2911899997561705e-05,0.16023019999920507,0.16024311189920262,0.1869723999989219,2154.821625953693,1.1668045994796503,2154.8216249811426,-4.513368589215636e-08
Ablated PINN,3,434,True,optimal,1.2911899997561705e-05,0.15272280000135652,0.15273571190135407,0.1717438999985461,2248.9722686070386,1.1244514976920963,2248.9722686367127,1.319450846458181e-09
Ablated PINN,3,435,True,optimal,1.2911899997561705e-05,0.14565859999856912,0.14567151189856667,0.1613763000023027,2135.562419517048,1.1078096046306676,2135.5624194681313,-2.290577757898945e-09
Ablated PINN,3,436,True,optimal,1.2911899997561705e-05,0.15501550000044517,0.15502841190044273,0.1735336999990977,2120.722574417725,1.1193670751819276,2120.722574421067,1.575848874331053e-10
Ablated PINN,3,437,True,optimal,1.2911899997561705e-05,0.12749880000046687,0.12751171190046443,0.1575269999993906,2181.472956994183,1.2353924016199869,2181.4729569289984,-2.9880908934385367e-09
Ablated PINN,3,438,True,optimal,1.2911899997561705e-05,0.13925369999924442,0.13926661189924197,0.1948885999991034,2244.8638781162217,1.3993921252288624,2244.863879835067,7.656791190935638e-08
Ablated PINN,3,439,True,optimal,1.2911899997561705e-05,0.1469299000018509,0.14694281190184846,0.1831988000012643,2171.9382680719627,1.2467353634394398,2171.9382658205764,-1.0365793586215345e-07
Ablated PINN,3,440,True,optimal,1.2911899997561705e-05,0.14423059999899124,0.1442435118989888,0.1786931000024196,2154.6680283886826,1.2388293771407568,2154.668028400505,5.486934169245313e-10
Ablated PINN,3,441,True,optimal,1.2911899997561705e-05,0.1131788000020606,0.11319171190205816,0.1710525000016787,2195.5273350951056,1.5111751304696759,2195.527334731281,-1.6571176545479606e-08
Ablated PINN,3,442,True,optimal,1.2911899997561705e-05,0.13600330000190297,0.13601621190190052,0.1860339999984717,2259.8735075259665,1.3677340178584425,2259.873507561013,1.5508155089833196e-09
Ablated PINN,3,443,True,optimal,1.2911899997561705e-05,0.1316588999980013,0.13167181189799884,0.1997216000017942,2174.3117033236044,1.516813637808151,2174.311703589728,1.223944139656604e-08
Ablated PINN,3,444,True,optimal,1.2911899997561705e-05,0.13279699999839067,0.13280991189838823,0.1627028999973845,2210.518851685285,1.2250810024018925,2210.5188519291637,1.1032646491918616e-08
Ablated PINN,3,445,True,optimal,1.2911899997561705e-05,0.1572517999993579,0.15726471189935545,0.2036231000020052,2123.64674799817,1.294779340786366,2123.646746761442,-5.823605871138923e-08
Ablated PINN,3,446,True,optimal,1.2911899997561705e-05,0.1721192000004521,0.17213211190044966,0.1699284000023908,2230.36479564666,0.9871975549842009,2230.364795616004,-1.3744784362246448e-09
Ablated PINN,3,447,True,optimal,1.2911899997561705e-05,0.15736909999759519,0.15738201189759274,0.1734460000006947,2210.1544048525216,1.102070039068726,2210.1544048278174,-1.1177567405547673e-09
Ablated PINN,3,448,True,optimal,1.2911899997561705e-05,0.18568089999826043,0.18569381189825798,0.179119600001286,2260.76425873745,0.9645964944670637,2260.7642587295873,-3.477842356379924e-10
Ablated PINN,3,449,True,optimal,1.2911899997561705e-05,0.1664679999994405,0.16648091189943806,0.1732862999997451,2183.5003051598856,1.0408778881774614,2183.5003049866386,-7.934366523659994e-09
Ablated PINN,3,450,True,optimal,1.2911899997561705e-05,0.18131480000010924,0.1813277119001068,0.1824215000015101,2179.3664867408806,1.0060321066754865,2179.366486666868,-3.3960722205818353e-09
Ablated PINN,3,451,True,optimal,1.2911899997561705e-05,0.15906549999999697,0.15907841189999453,0.2047748000004503,2128.8352728291547,1.2872570046096705,2128.835272540796,-1.3545384974418151e-08
Ablated PINN,3,452,True,optimal,1.2911899997561705e-05,0.15912759999991977,0.15914051189991732,0.1769419999982346,2218.975889484013,1.1118601912598631,2218.9758894626725,-9.61722197322403e-10
Ablated PINN,3,453,True,optimal,1.2911899997561705e-05,0.15767179999966174,0.1576847118996593,0.1835611999995308,2136.67793062613,1.164102707156149,2136.6779306290855,1.3831766552411959e-10
Ablated PINN,3,454,True,optimal,1.2911899997561705e-05,0.1495747000008123,0.14958761190080985,0.1794731000009051,2180.715322383944,1.1997858493784368,2180.71532151912,-3.9657810954216115e-08
Ablated PINN,3,455,True,optimal,1.2911899997561705e-05,0.1423503999976674,0.14236331189766496,0.1848115000029793,2119.248972775559,1.298168028964003,2119.248972638201,-6.481459143743894e-09
Ablated PINN,3,456,True,optimal,1.2911899997561705e-05,0.21074079999743844,0.210753711897436,0.1498170999984722,2155.155951815585,0.7108633990341352,2155.155951245385,-2.645748081901981e-08
Ablated PINN,3,457,True,optimal,1.2911899997561705e-05,0.14182150000124238,0.14183441190123994,0.1687678999987838,2185.720389807243,1.1898938891945192,2185.7203893123738,-2.264101379186329e-08
Ablated PINN,3,458,True,optimal,1.2911899997561705e-05,0.19417909999901894,0.1941920118990165,0.1445120999997016,2159.08903107746,0.7441711869942962,2159.0890307245,-1.634763004281278e-08
Ablated PINN,3,459,True,optimal,1.2911899997561705e-05,0.17641640000147163,0.17642931190146918,0.1666079999995418,2223.278272148316,0.944332878725887,2223.278272122551,-1.1588776685893183e-09
Ablated PINN,3,460,True,optimal,1.2911899997561705e-05,0.18918179999673157,0.18919471189672912,0.1377937000033853,2126.525063848751,0.7283168679608721,2126.5250644273046,2.7206530091878864e-08
Ablated PINN,3,461,True,optimal,1.2911899997561705e-05,0.1792042000015499,0.17921711190154746,0.203197499999078,2271.2281018472117,1.1338063527700641,2271.2281019260254,3.4700886080128133e-09
Ablated PINN,3,462,True,optimal,1.2911899997561705e-05,0.19800100000065868,0.19801391190065623,0.1574200000031851,2242.721123420562,0.7949946470537023,2242.72112342223,7.437452947816907e-11
Ablated PINN,3,463,True,optimal,1.2911899997561705e-05,0.1467190000003029,0.14673191190030047,0.1579239000020607,2201.387739689864,1.0762750785211932,2201.3877395142244,-7.978573692537141e-09
Ablated PINN,3,464,True,optimal,1.2911899997561705e-05,0.17454429999997956,0.1745572118999771,0.1535595000023022,2194.835931961373,0.879708711721938,2194.835931275733,-3.1238775133326106e-08
Ablated PINN,3,465,True,optimal,1.2911899997561705e-05,0.12846459999855142,0.12847751189854897,0.1743497999996179,2159.174762268526,1.3570452713724057,2159.1747621969425,-3.3153221658275087e-09
Ablated PINN,3,466,True,optimal,1.2911899997561705e-05,0.13526709999860032,0.13528001189859787,0.1858401000026788,2254.2657547172157,1.3737439655311339,2254.2657548675825,6.6703208674250055e-09
Ablated PINN,3,467,True,optimal,1.2911899997561705e-05,0.16876899999988382,0.16878191189988137,0.1781869000005826,2181.9666272810764,1.0557227252306522,2181.966625411777,-8.567039678080646e-08
Ablated PINN,3,468,True,optimal,1.2911899997561705e-05,0.18322620000253664,0.1832391119025342,0.1500932000017201,2087.1013563087363,0.8191111517804966,2087.1013563791853,3.3754472267976863e-09
Ablated PINN,3,469,True,optimal,1.2911899997561705e-05,0.18244440000125905,0.1824573119012566,0.1666350000014063,2235.40349788644,0.9132821165949593,2235.40349747154,-1.856041267973872e-08
Ablated PINN,3,470,True,optimal,1.2911899997561705e-05,0.185568200002308,0.18558111190230556,0.1990038000003551,2094.414903593367,1.072327878416396,2094.414902324291,-6.059335057573067e-08
Ablated PINN,3,471,True,optimal,1.2911899997561705e-05,0.1478066999989096,0.14781961189890716,0.1612644999986514,2155.171056657264,1.090954697600878,2155.1710563630486,-1.3651613564461938e-08
Ablated PINN,3,472,True,optimal,1.2911899997561705e-05,0.17278239999723155,0.1727953118972291,0.1613777999991725,2164.4343397912007,0.9339246431358785,2164.4343397822363,-4.1416985321391874e-10
Ablated PINN,3,473,True,optimal,1.2911899997561705e-05,0.16883940000116127,0.16885231190115882,0.1380901999982597,2052.637038393842,0.8178164600973521,2052.6370386370736,1.1849714319374747e-08
Ablated PINN,3,474,True,optimal,1.2911899997561705e-05,0.2037302999997337,0.20374321189973124,0.1862413000017113,2274.4780000374203,0.9140981840090299,2274.4780000328465,-2.0109444255520633e-10
Ablated PINN,3,475,True,optimal,1.2911899997561705e-05,0.15000270000018645,0.150015611900184,0.1686779000010574,2200.6172045858484,1.1244023062965656,2200.617204588488,1.1995763581211892e-10
Ablated PINN,3,476,True,optimal,1.2911899997561705e-05,0.16328449999855366,0.1632974118985512,0.1603213999987929,2032.290280439808,0.9817755109210968,2032.2902804474927,3.7813375168862664e-10
Ablated PINN,3,477,True,optimal,1.2911899997561705e-05,0.15831160000016098,0.15832451190015853,0.1251594999994267,2195.0179589594245,0.7905250961920153,2195.0179587666385,-8.782891542880638e-09
Ablated PINN,3,478,True,optimal,1.2911899997561705e-05,0.12958090000029188,0.12959381190028943,0.1461575000030279,2204.822692399768,1.1278123381036336,2204.8226912972927,-5.000290427532349e-08
Ablated PINN,3,479,True,optimal,1.2911899997561705e-05,0.17295679999733693,0.17296971189733448,0.116620699998748,2126.587299298268,0.6742261331161132,2126.5873057347103,3.0266531570901935e-07
Ablated PINN,3,480,True,optimal,1.2911899997561705e-05,0.14735369999834802,0.14736661189834557,0.1334341000001586,2135.643612864021,0.9054567943259921,2135.6436118901083,-4.560277948020451e-08
Ablated PINN,3,481,True,optimal,1.2911899997561705e-05,0.15905819999898085,0.1590711118989784,0.1941578999976627,2168.009808483197,1.2205729731804913,2168.009807417161,-4.9171180691899765e-08
Ablated PINN,3,482,True,optimal,1.2911899997561705e-05,0.16571740000290447,0.16573031190290202,0.1747250000007625,2208.999043862063,1.0542730415129506,2208.9990438107675,-2.322115137284605e-09
Ablated PINN,3,483,True,optimal,1.2911899997561705e-05,0.1404344000002311,0.14044731190022866,0.1954340000011143,2181.208935460057,1.3915111464714058,2181.208935457488,-1.1777266007833468e-10
Ablated PINN,3,484,True,optimal,1.2911899997561705e-05,0.1567486000021745,0.15676151190217205,0.1567410999996354,2053.6605644636165,0.9998697900888491,2053.6605648177283,1.7242954763937728e-08
Ablated PINN,3,485,True,optimal,1.2911899997561705e-05,0.1498663000020315,0.14987921190202905,0.1837539999978616,2286.816645147236,1.2260139192483568,2286.8166451959337,2.129489903255598e-09
Ablated PINN,3,486,True,optimal,1.2911899997561705e-05,0.19210430000021006,0.1921172119002076,0.1678267999996023,2263.3134892876537,0.8735646241148731,2263.3134892726307,-6.637628218534375e-10
Ablated PINN,3,487,True,optimal,1.2911899997561705e-05,0.16726179999750457,0.16727471189750212,0.1940441000006103,2212.354477516583,1.1600324866768335,2212.354477443066,-3.323008642068263e-09
Ablated PINN,3,488,True,optimal,1.2911899997561705e-05,0.15407360000244807,0.15408651190244563,0.1924752999984775,2219.5784225975053,1.2491378876843962,2219.5784225599177,-1.693456588521164e-09
Ablated PINN,3,489,True,optimal,1.2911899997561705e-05,0.1757246999986819,0.17573761189867945,0.1863731999983429,2161.023028549685,1.060519703123059,2161.023027667367,-4.0828722273329795e-08
Ablated PINN,3,490,True,optimal,1.2911899997561705e-05,0.16384130000005825,0.1638542119000558,0.1771953999996185,2185.9925656277424,1.0814210873486747,2185.992564346045,-5.863227730846027e-08
Ablated PINN,3,491,True,optimal,1.2911899997561705e-05,0.13239830000020447,0.13241121190020202,0.1428784000017913,2110.86357186984,1.0790506177790924,2110.863571860653,-4.352370684866667e-10
Ablated PINN,3,492,True,optimal,1.2911899997561705e-05,0.16359640000155196,0.1636093119015495,0.166033100002096,2143.599423388134,1.0148144874663674,2143.5994233654274,-1.0592671595597622e-09
Ablated PINN,3,493,True,optimal,1.2911899997561705e-05,0.15550959999745828,0.15552251189745583,0.159541299999546,2247.7707763521057,1.025840555512246,2247.7707764606575,4.829310523005118e-09
Ablated PINN,3,494,True,optimal,1.2911899997561705e-05,0.16557960000136518,0.16559251190136273,0.1706368999984988,2206.9709592114127,1.0304626582398895,2206.970959146154,-2.9569269281313963e-09
Ablated PINN,3,495,True,optimal,1.2911899997561705e-05,0.16273690000161878,0.16274981190161633,0.1827196000012918,2125.185473270581,1.122702372840513,2125.1854702162127,-1.437224361618631e-07
Ablated PINN,3,496,True,optimal,1.2911899997561705e-05,0.12915789999897243,0.12917081189896998,0.1718775000008463,2102.3821887523045,1.330621813659258,2102.3821888287816,3.637641916131234e-09
Ablated PINN,3,497,True,optimal,1.2911899997561705e-05,0.15971970000100555,0.1597326119010031,0.1302648999990197,2116.7842522919,0.8155184996270736,2116.7842604980633,3.876712197013036e-07
Ablated PINN,3,498,True,optimal,1.2911899997561705e-05,0.1814617999989423,0.18147471189893985,0.208923500002129,2225.6785431953995,1.1512540662881718,2225.6785431685075,-1.2082580130108669e-09
Ablated PINN,3,499,True,optimal,1.2911899997561705e-05,0.14612590000251657,0.14613881190251413,0.1905633999995188,2144.5475783365337,1.303988978141134,2144.5475781900573,-6.830177000358379e-09
Ablated PINN,3,500,True,optimal,1.2911899997561705e-05,0.20615130000078352,0.20616421190078107,0.15810490000149,2215.532885820832,0.7668881933668479,2215.5328857497643,-3.207691553757099e-09
Ablated PINN,3,501,True,optimal,1.2911899997561705e-05,0.15854570000010426,0.15855861190010181,0.1664386000011291,2228.371373234856,1.049697635509019,2228.3713730890345,-6.543862527740315e-09
Ablated PINN,3,502,True,optimal,1.2911899997561705e-05,0.14987449999898672,0.14988741189898427,0.128640599999926,2234.7304045953138,0.858248190225758,2234.7304045504347,-2.0082519111343215e-09
Ablated PINN,3,503,True,optimal,1.2911899997561705e-05,0.19976790000146138,0.19978081190145894,0.1857732999997097,2160.985498572136,0.9298855992803835,2160.985497479736,-5.055101011722778e-08
Ablated PINN,3,504,True,optimal,1.2911899997561705e-05,0.12685960000089835,0.1268725119008959,0.1972738000004028,2150.609055033745,1.5548978816979642,2150.6090546946352,-1.5768074919791697e-08
Ablated PINN,3,505,True,optimal,1.2911899997561705e-05,0.11868610000237823,0.11869901190237579,0.2053951999987475,2239.70532090254,1.73038677160746,2239.7053208269535,-3.374831723152103e-09
Ablated PINN,3,506,True,optimal,1.2911899997561705e-05,0.15990630000305828,0.15991921190305583,0.1785152000011294,2205.5060222723287,1.1162836402004443,2205.5060222374955,-1.5793741653293558e-09
Ablated PINN,3,507,True,optimal,1.2911899997561705e-05,0.18073000000003958,0.18074291190003713,0.1844048000020848,2062.1130495714992,1.0202602030893082,2062.113048794214,-3.7693621846606435e-08
Ablated PINN,3,508,True,optimal,1.2911899997561705e-05,0.16696410000076867,0.16697701190076622,0.225116200002958,2095.2932231735585,1.348186779966716,2095.293223228006,2.5985553939090472e-09
Ablated PINN,3,509,True,optimal,1.2911899997561705e-05,0.16199109999797656,0.16200401189797412,0.1696919000023626,2109.9558600376304,1.0474549241979891,2109.9558602454144,9.847792221494113e-09
Ablated PINN,3,510,True,optimal,1.2911899997561705e-05,0.18106909999914933,0.18108201189914688,0.2062023999969824,2188.181474928856,1.1387238181991608,2188.181474376875,-2.5225557433420987e-08
Ablated PINN,3,511,True,optimal,1.2911899997561705e-05,0.16285060000154772,0.16286351190154527,0.1841409000007843,2168.283338603913,1.1306455193726985,2168.28333859113,-5.895423262187234e-10
Ablated PINN,3,512,True,optimal,1.2911899997561705e-05,0.16282869999849936,0.1628416118984969,0.1948730999974941,2185.775845588756,1.1967033347653375,2185.775845595885,3.261576082577134e-10
Ablated PINN,3,513,True,optimal,1.2911899997561705e-05,0.14764089999880525,0.1476538118988028,0.2116956999998365,2239.0913794904154,1.433730001802635,2239.09137965377,7.295584254804451e-09
Ablated PINN,3,514,True,optimal,1.2911899997561705e-05,0.1777342999994289,0.17774721189942647,0.1635018999986641,2238.4883450230823,0.919856341213258,2238.488344945588,-3.461907931375226e-09
Ablated PINN,3,515,True,optimal,1.2911899997561705e-05,0.16521519999878365,0.1652281118987812,0.1587159000009705,2227.148149431635,0.9605865380716806,2227.148149430405,-5.52316910063573e-11
Ablated PINN,3,516,True,optimal,1.2911899997561705e-05,0.1317486000007193,0.13176151190071686,0.1804768000001786,2107.0622828312303,1.369723202145472,2107.062282705023,-5.989732603631912e-09
Ablated PINN,3,517,True,optimal,1.2911899997561705e-05,0.14379940000071656,0.1438123119007141,0.1521785999975691,2170.7776773875285,1.058175047645649,2170.7776768162876,-2.6315034248243432e-08
Ablated PINN,3,518,True,optimal,1.2911899997561705e-05,0.1345578000000387,0.13457071190003625,0.1835428999984287,2168.713871826128,1.3639141638395336,2168.7138718276606,7.066393554244987e-11
Ablated PINN,3,519,True,optimal,1.2911899997561705e-05,0.13595659999919008,0.13596951189918763,0.161152900000161,2154.9939499950024,1.1852134919749155,2154.993949756895,-1.104910442621467e-08
Ablated PINN,3,520,True,optimal,1.2911899997561705e-05,0.15556450000076438,0.15557741190076194,0.1398150999993959,2219.0477741393584,0.8986850873221858,2219.0477743432098,9.186436468243281e-09
Ablated PINN,3,521,True,optimal,1.2911899997561705e-05,0.12724729999899864,0.1272602118989962,0.1394892999996955,2183.678255515077,1.0960951417431655,2183.678255466548,-2.2223637077479577e-09
Ablated PINN,3,522,True,optimal,1.2911899997561705e-05,0.12521130000095582,0.12522421190095337,0.1971363000011479,2216.718268789507,1.5742666454716736,2216.7182685496523,-1.0820259597835156e-08
Ablated PINN,3,523,True,optimal,1.2911899997561705e-05,0.1643889000006311,0.16440181190062866,0.1848064000005251,2219.422771846843,1.124114131492844,2219.4227718466627,-8.113819198186847e-12
Ablated PINN,3,524,True,optimal,1.2911899997561705e-05,0.17123170000195387,0.17124461190195142,0.1557698000033269,2152.909609072655,0.9096332916595072,2152.909615591052,3.027715217630924e-07
Ablated PINN,3,525,True,optimal,1.2911899997561705e-05,0.17688420000195038,0.17689711190194793,0.2068163000003551,2229.4545173467577,1.1691332762684732,2229.45451728722,-2.670509600064208e-09
Ablated PINN,3,526,True,optimal,1.2911899997561705e-05,0.1587537000013981,0.15876661190139565,0.1982573999994201,2115.290480401064,1.2487348418227302,2115.290480134344,-1.2609154047758098e-08
Ablated PINN,3,527,True,optimal,1.2911899997561705e-05,0.15347269999983837,0.15348561189983592,0.1780744999996386,2268.181556168367,1.1602032125059987,2268.1815562732277,4.623115204472496e-09
Ablated PINN,3,528,True,optimal,1.2911899997561705e-05,0.17170859999896493,0.17172151189896248,0.1950312000008125,2211.8826734236586,1.1357412233568325,2211.8826733970127,-1.20467153820363e-09
Ablated PINN,3,529,True,optimal,1.2911899997561705e-05,0.17519820000234176,0.17521111190233932,0.173392500000773,2192.773069247439,0.989620453395787,2192.7730690252242,-1.0133951837692411e-08
Ablated PINN,3,530,True,optimal,1.2911899997561705e-05,0.1859909000013431,0.18600381190134066,0.1609853999980259,2267.5659160432533,0.8654951656765781,2267.56591651051,2.060608415873438e-08
Ablated PINN,3,531,True,optimal,1.2911899997561705e-05,0.16061440000339644,0.160627311903394,0.1357917000023007,2186.7010960664984,0.8453836299269569,2186.7010959195636,-6.719472590528657e-09
Ablated PINN,3,532,True,optimal,1.2911899997561705e-05,0.17023749999862048,0.17025041189861803,0.1930357000019285,2128.186405964066,1.1338339675611406,2128.1864054873026,-2.2402336928578777e-08
Ablated PINN,3,533,True,optimal,1.2911899997561705e-05,0.1747758999990765,0.17478881189907405,0.1395507000015641,2170.7533313885287,0.7983960671472667,2170.7533313014187,-4.012894373311325e-09
Ablated PINN,3,534,True,optimal,1.2911899997561705e-05,0.15996050000103423,0.1599734119010318,0.1570429999992484,2200.119136245156,0.9816818815891962,2200.1191361806714,-2.9309566711830943e-09
Ablated PINN,3,535,True,optimal,1.2911899997561705e-05,0.13652300000103423,0.1365359119010318,0.1822710999986156,2075.490185828783,1.334968195991799,2075.490185879661,2.4513747865091833e-09
Ablated PINN,3,536,True,optimal,1.2911899997561705e-05,0.15069969999967725,0.1507126118996748,0.1251176000005216,2135.324230351599,0.8301733904247437,2135.3242300499173,-1.41281432593101e-08
Ablated PINN,3,537,True,optimal,1.2911899997561705e-05,0.20545270000002347,0.20546561190002102,0.1633997999997518,2227.3126109095265,0.7952659254691323,2227.312610849061,-2.7147281084143608e-09
Ablated PINN,3,538,True,optimal,1.2911899997561705e-05,0.17886189999990165,0.1788748118998992,0.185410199999751,2209.0793631289366,1.0365361004740516,2209.079362732555,-1.7943286443699974e-08
Ablated PINN,3,539,True,optimal,1.2911899997561705e-05,0.16752360000100452,0.16753651190100208,0.1370349000026181,2277.595306783959,0.8179405100876906,2277.595306773412,-4.630741588593461e-10
Ablated PINN,3,540,True,optimal,1.2911899997561705e-05,0.1756189000006998,0.17563181190069735,0.1725866999986465,2263.642184676107,0.9826619570276224,2263.6421846099856,-2.9210082212288603e-09
Ablated PINN,3,541,True,optimal,1.2911899997561705e-05,0.14782429999831947,0.14783721189831703,0.2192446000008203,2061.1091102720484,1.4830136282035509,2061.1091102384376,-1.6307157774356309e-09
Ablated PINN,3,542,True,optimal,1.2911899997561705e-05,0.1469117999986338,0.14692471189863135,0.1478786999978183,2111.3638354169184,1.0064930404617376,2111.3638354305826,6.471763970864016e-10
Ablated PINN,3,543,True,optimal,1.2911899997561705e-05,0.14687789999879897,0.14689081189879652,0.1067839999996067,2212.072125144018,0.7269617385815645,2212.07212561734,2.1397220994770085e-08
Ablated PINN,3,544,True,optimal,1.2911899997561705e-05,0.13672239999868907,0.13673531189868662,0.0949197999980242,2140.190620277965,0.6941864444522903,2140.1906200145,-1.231035923610714e-08
Ablated PINN,3,545,True,optimal,1.2911899997561705e-05,0.12926470000093104,0.1292776119009286,0.0857566000013321,2200.6618662996466,0.6633522907821916,2200.6618646517613,-7.488134733653963e-08
Ablated PINN,3,546,True,optimal,1.2911899997561705e-05,0.15024669999911566,0.15025961189911322,0.0894052000003284,2216.544733685447,0.5950048643833615,2216.544733646519,-1.7562556547441746e-09
Ablated PINN,3,547,True,optimal,1.2911899997561705e-05,0.17771480000010342,0.17772771190010098,0.0908162000014272,2208.053753945172,0.5109850288990054,2208.053753941804,-1.5252612734847305e-10
Ablated PINN,3,548,True,optimal,1.2911899997561705e-05,0.1544521999967401,0.15446511189673764,0.1061957000019901,2220.8426764803626,0.6875060568562796,2220.842675797565,-3.074498241676115e-08
Ablated PINN,3,549,True,optimal,1.2911899997561705e-05,0.1391509999994014,0.13916391189939895,0.096353299999464,2162.123785274977,0.6923727472472707,2162.123785152536,-5.662984009521387e-09
Ablated PINN,3,550,True,optimal,1.2911899997561705e-05,0.1932578999985708,0.19327081189856835,0.0937330000015208,2142.747993904557,0.48498269904673136,2142.7479941036704,9.29243204935007e-09
Ablated PINN,3,551,True,optimal,1.2911899997561705e-05,0.14888340000106837,0.14889631190106592,0.0955342999986896,2159.302784894489,0.6416162951179565,2159.3027841972644,-3.2289336862442713e-08
Ablated PINN,3,552,True,optimal,1.2911899997561705e-05,0.11218889999872772,0.11220181189872529,0.0953525000004447,2260.3214574923254,0.8498303047593476,2260.3214574762656,-7.105120995366605e-10
Ablated PINN,3,553,True,optimal,1.2911899997561705e-05,0.12043749999793363,0.1204504118979312,0.1021557999993092,2174.590464464566,0.8481149909713491,2174.590469215973,2.1849662522680953e-07
Ablated PINN,3,554,True,optimal,1.2911899997561705e-05,0.13459470000088913,0.1346076119008867,0.0998246999988623,2207.425761709772,0.7415977342526848,2207.425761649923,-2.7112505951937633e-09
Ablated PINN,3,555,True,optimal,1.2911899997561705e-05,0.1825070999984746,0.18252001189847214,0.0698370999998587,2218.0561687167738,0.3826270844136587,2218.056168518404,-8.94341145194973e-09
Ablated PINN,3,556,True,optimal,1.2911899997561705e-05,0.1682561000015994,0.16826901190159696,0.1180387999993399,2182.357712001526,0.7014886381359897,2182.357710862398,-5.2197126554380306e-08
Ablated PINN,3,557,True,optimal,1.2911899997561705e-05,0.11300300000220886,0.11301591190220643,0.0988580000012007,2285.5102190187017,0.8747263844293298,2285.51021902601,3.1976425286928735e-10
Ablated PINN,3,558,True,optimal,1.2911899997561705e-05,0.12658060000103433,0.12659351190103188,0.1008622000008472,2167.216844563321,0.7967406740378538,2167.216844568439,2.3614280683147115e-10
Ablated PINN,3,559,True,optimal,1.2911899997561705e-05,0.15110529999947175,0.1511182118994693,0.101941999997507,2174.36804697582,0.6745844773846547,2174.36804675434,-1.0185954952924602e-08
Ablated PINN,3,560,True,optimal,1.2911899997561705e-05,0.14615599999888218,0.14616891189887973,0.0934461000033479,2137.2957759539263,0.6393021524850256,2137.2957758989182,-2.5737223257309266e-09
Ablated PINN,3,561,True,optimal,1.2911899997561705e-05,0.15435559999968973,0.15436851189968728,0.102568300000712,2170.5660320386637,0.6644379656089681,2170.566031704639,-1.538882748654305e-08
Ablated PINN,3,562,True,optimal,1.2911899997561705e-05,0.16344150000077207,0.16345441190076962,0.0993453999981284,2212.307944664741,0.6077865922544771,2212.307944660442,-1.943301548795975e-10
Ablated PINN,3,563,True,optimal,1.2911899997561705e-05,0.1867634000009275,0.18677631190092506,0.0853888999990886,2071.973421216104,0.45717199965048505,2071.973423939647,1.314468249188676e-07
Ablated PINN,3,564,True,optimal,1.2911899997561705e-05,0.16496799999731593,0.16498091189731348,0.0922797999992326,2179.6777383108465,0.5593362222210827,2179.677738224302,-3.970510459785843e-09
Ablated PINN,3,565,True,optimal,1.2911899997561705e-05,0.14299170000231243,0.14300461190230998,0.1027715999989595,2200.711868220565,0.7186593399460806,2200.711868193542,-1.2279166104978213e-09
Ablated PINN,3,566,True,optimal,1.2911899997561705e-05,0.16021470000123372,0.16022761190123128,0.1099680000006628,2201.05256115928,0.6863236535563553,2201.052561574581,1.8868300046855e-08
Ablated PINN,3,567,True,optimal,1.2911899997561705e-05,0.1666430000004766,0.16665591190047416,0.1160980999993626,2188.883161991926,0.6966335527820677,2188.883161080739,-4.1627953800134753e-08
Ablated PINN,3,568,True,optimal,1.2911899997561705e-05,0.17974459999823011,0.17975751189822767,0.1286785999982385,2200.689859193108,0.7158454667034542,2200.6898591058707,-3.9640918590860665e-09
Ablated PINN,3,569,True,optimal,1.2911899997561705e-05,0.1512354000005871,0.15124831190058466,0.0923110000003362,2221.972222219237,0.6103274730167706,2221.972222120716,-4.433944429384122e-09
Ablated PINN,3,570,True,optimal,1.2911899997561705e-05,0.15499949999866658,0.15501241189866413,0.0853204999984882,2186.966511266396,0.5504107635862382,2186.9665111724125,-4.297438667590055e-09
Ablated PINN,3,571,True,optimal,1.2911899997561705e-05,0.15639130000272417,0.15640421190272172,0.097397000001365,2141.1903807316767,0.6227261965422181,2141.1903807042677,-1.280081739887781e-09
Ablated PINN,3,572,True,optimal,1.2911899997561705e-05,0.1718892999997479,0.17190221189974544,0.1207890000005136,2211.026761572185,0.7026611156752223,2211.026761406211,-7.506654634784885e-09
Ablated PINN,3,573,True,optimal,1.2911899997561705e-05,0.15703660000144737,0.15704951190144492,0.1201727999978174,2229.6978687586407,0.765190534773714,2229.697868760497,8.325247614610714e-11
Ablated PINN,3,574,True,optimal,1.2911899997561705e-05,0.16577289999986533,0.16578581189986288,0.1233026999980211,2170.676763864259,0.7437469985217902,2170.676763345024,-2.392042340709109e-08
Ablated PINN,3,575,True,optimal,1.2911899997561705e-05,0.18507889999818872,0.18509181189818627,0.1093321000007563,2194.114861276719,0.5906911757981859,2194.1148609886714,-1.3128183775800452e-08
Ablated PINN,3,576,True,optimal,1.2911899997561705e-05,0.17682099999728962,0.17683391189728717,0.1137926000010338,2082.110488284622,0.6434998738654241,2082.1104883944477,5.274723823888929e-09
Ablated PINN,3,577,True,optimal,1.2911899997561705e-05,0.18014250000123866,0.1801554119012362,0.1353416999991168,2194.578646110108,0.7512497047455509,2194.578646100702,-4.286013728606972e-10
Ablated PINN,3,578,True,optimal,1.2911899997561705e-05,0.17054050000297138,0.17055341190296894,0.1185464000009233,2205.762114605342,0.695069061816052,2205.762114354369,-1.1378073922977886e-08
Ablated PINN,3,579,True,optimal,1.2911899997561705e-05,0.15210189999925205,0.1521148118992496,0.103309199999785,2242.554332549244,0.679152797218787,2242.554332598302,2.1876011431065065e-09
Ablated PINN,3,580,True,optimal,1.2911899997561705e-05,0.17171570000209613,0.17172861190209368,0.1116365999987465,2165.30112750936,0.650075714013184,2165.3011336408085,2.8316840064782936e-07
Ablated PINN,3,581,True,optimal,1.2911899997561705e-05,0.19404770000255667,0.19406061190255422,0.1104821000008087,2167.331404682976,0.5693174875501592,2167.3314046025207,-3.7121810437963177e-09
Ablated PINN,3,582,True,optimal,1.2911899997561705e-05,0.16996210000070278,0.16997501190070033,0.1236622000033094,2114.215242064586,0.7275316449193899,2114.2152422194213,7.323526168637783e-09
Ablated PINN,3,583,True,optimal,1.2911899997561705e-05,0.1678634999989299,0.16787641189892746,0.1227229999967676,2125.3347546461755,0.7310318263810335,2125.334754669487,1.0968490209615817e-09
Ablated PINN,3,584,True,optimal,1.2911899997561705e-05,0.20295310000074096,0.2029660119007385,0.1262203000005684,2144.751710540295,0.6218789974663197,2144.751709475052,-4.966742470619531e-08
Ablated PINN,3,585,True,optimal,1.2911899997561705e-05,0.14159079999808455,0.1416037118980821,0.1177199000012478,2139.915154880837,0.8313334334482386,2139.91515313629,-8.152411106016668e-08
Ablated PINN,3,586,True,optimal,1.2911899997561705e-05,0.16179270000066026,0.16180561190065781,0.1051735000000917,2205.827125905075,0.6499990869578988,2205.8271259030666,-9.103906094593219e-11
Ablated PINN,3,587,True,optimal,1.2911899997561705e-05,0.1655995000000985,0.16561241190009604,0.0923498000011022,2222.332069057373,0.5576260797216772,2222.332069041876,-6.973251405260106e-10
Ablated PINN,3,588,True,optimal,1.2911899997561705e-05,0.1416711000019859,0.14168401190198346,0.0897266000029048,2163.022218268948,0.6332866976196113,2163.022216213339,-9.503411406344231e-08
Ablated PINN,3,589,True,optimal,1.2911899997561705e-05,0.16940210000029765,0.1694150119002952,0.1249128999988897,2148.688547764192,0.7373189577344181,2148.6885476097227,-7.189012563246935e-09
Ablated PINN,3,590,True,optimal,1.2911899997561705e-05,0.17222469999978784,0.1722376118997854,0.103250799998932,2198.220392382221,0.5994672061466305,2198.2203923617717,-9.302560810338842e-10
Ablated PINN,3,591,True,optimal,1.2911899997561705e-05,0.16967920000024606,0.1696921119002436,0.1372334000006958,2212.829963415354,0.8087199720949363,2212.8299633461215,-3.1286884592570798e-09
Ablated PINN,3,592,True,optimal,1.2911899997561705e-05,0.16421990000162623,0.16423281190162378,0.1004586999988532,2219.3200689157115,0.6116847104769078,2219.320068790397,-5.646536938901637e-09
Ablated PINN,3,593,True,optimal,1.2911899997561705e-05,0.1832780000004277,0.18329091190042526,0.0962385000020731,2193.549359870409,0.5250587658942724,2193.5493598217677,-2.2174627926194694e-09
Ablated PINN,3,594,True,optimal,1.2911899997561705e-05,0.17170729999998002,0.17172021189997758,0.1092939000009209,2179.055956786505,0.6364649728279026,2179.0559554091337,-6.320953159266596e-08
Ablated PINN,3,595,True,optimal,1.2911899997561705e-05,0.17547770000237506,0.1754906119023726,0.1111529000008886,2226.5560559836435,0.6333837394260394,2226.5560561860257,9.089469125948266e-09
Ablated PINN,3,596,True,optimal,1.2911899997561705e-05,0.13097989999732818,0.13099281189732573,0.0954019999990123,2119.7892345239147,0.7282995045086132,2119.789234747823,1.0562750401570655e-08
Ablated PINN,3,597,True,optimal,1.2911899997561705e-05,0.1578040999993391,0.15781701189933664,0.1121457999979611,2192.758484262404,0.7106065350514502,2192.758484274734,5.623063260468075e-10
Ablated PINN,3,598,True,optimal,1.2911899997561705e-05,0.16317909999997937,0.16319201189997692,0.1123325000007753,2157.86194648099,0.6883455794982523,2157.861944670866,-8.38850746171343e-08
Ablated PINN,3,599,True,optimal,1.2911899997561705e-05,0.18522670000311336,0.18523961190311092,0.1204207999981008,2189.6792015737747,0.650081258327655,2189.67920150733,-3.034439913952632e-09
Ablated PINN,3,600,True,optimal,1.2911899997561705e-05,0.1706860999984201,0.17069901189841766,0.1161562000015692,2219.330023975723,0.6804737690613776,2219.3300241487154,7.79479648683452e-09
Ablated PINN,3,601,True,optimal,1.2911899997561705e-05,0.15272030000051018,0.15273321190050773,0.1058228999972925,2159.020300864705,0.6928610920997773,2159.0203001317836,-3.3946939144158724e-08
Ablated PINN,3,602,True,optimal,1.2911899997561705e-05,0.15113669999846024,0.1511496118984578,0.0952967999983229,2236.106142973,0.6304799516279488,2236.1061429619403,-4.945854474893031e-10
Ablated PINN,3,603,True,optimal,1.2911899997561705e-05,0.16494310000052792,0.16495601190052547,0.0998766000011528,2144.1394977367727,0.605474143381825,2144.1394977320883,-2.184723739488962e-10
Ablated PINN,3,604,True,optimal,1.2911899997561705e-05,0.16020779999962542,0.16022071189962298,0.1116714000017964,2146.403274202287,0.6969847947733353,2146.4032737069506,-2.307750302054858e-08
Ablated PINN,3,605,True,optimal,1.2911899997561705e-05,0.17445310000039171,0.17446601190038927,0.1013592999988759,2232.3054420137773,0.5809687451143586,2232.305442001077,-5.689268043937684e-10
Ablated PINN,3,606,True,optimal,1.2911899997561705e-05,0.1478833000001032,0.14789621190010074,0.1049061000012443,2118.766390138243,0.70932242721744,2118.766390439924,1.4238531108085024e-08
Ablated PINN,3,607,True,optimal,1.2911899997561705e-05,0.14816150000115158,0.14817441190114913,0.1286032000025443,2142.823008414849,0.8679177352722596,2142.823006348315,-9.643978267779216e-08
Ablated PINN,3,608,True,optimal,1.2911899997561705e-05,0.1756230000028154,0.17563591190281294,0.1190274000000499,2122.315985100524,0.6776939790417861,2122.315984567445,-2.5117793488864517e-08
Ablated PINN,3,609,True,optimal,1.2911899997561705e-05,0.1325144000002183,0.13252731190021586,0.1265557000006083,2189.831787457177,0.9549405189467378,2189.831787226347,-1.0541001887882862e-08
Ablated PINN,3,610,True,optimal,1.2911899997561705e-05,0.13076450000153272,0.13077741190153028,0.1114930000003369,2195.257101131361,0.8525401931358475,2195.2571008899063,-1.0998936162830026e-08
Ablated PINN,3,611,True,optimal,1.2911899997561705e-05,0.16109630000210018,0.16110921190209773,0.1192601000002469,2204.885343771604,0.740243829587587,2204.8853435863903,-8.400146262407316e-09
Ablated PINN,3,612,True,optimal,1.2911899997561705e-05,0.15734879999945406,0.1573617118994516,0.1316415000001143,2204.717517065051,0.8365535581122071,2204.7175168078547,-1.1665733114149724e-08
Ablated PINN,3,613,True,optimal,1.2911899997561705e-05,0.22707920000175363,0.2270921119017512,0.1171033999999053,2161.4947106731497,0.5156647627222242,2161.4947100503673,-2.881258074236149e-08
Ablated PINN,3,614,True,optimal,1.2911899997561705e-05,0.18616090000068652,0.18617381190068408,0.1641037000008509,2180.209930913208,0.8814542621515068,2180.209930271521,-2.9432356789460524e-08
Ablated PINN,3,615,True,optimal,1.2911899997561705e-05,0.17041909999898053,0.17043201189897808,0.1246342999984335,2141.301320617485,0.7312845668471559,2141.3013204572994,-7.48076238977269e-09
Ablated PINN,3,616,True,optimal,1.2911899997561705e-05,0.16778269999849726,0.16779561189849482,0.1006606000009924,2262.496724536963,0.5999000740370098,2262.4967245291336,-3.4605067292703355e-10
Ablated PINN,3,617,True,optimal,1.2911899997561705e-05,0.15717079999740236,0.1571837118973999,0.1069905000003927,2158.006871491612,0.6806716720764915,2158.0068701133287,-6.386834559335976e-08
Ablated PINN,3,618,True,optimal,1.2911899997561705e-05,0.15635570000085863,0.15636861190085619,0.1058778999977221,2163.588798699971,0.6771045589689881,2163.5887984781593,-1.025202481764645e-08
Ablated PINN,3,619,True,optimal,1.2911899997561705e-05,0.1344640999996045,0.13447701189960207,0.1062416999993729,2180.4353000383635,0.7900361444578415,2180.4352983633207,-7.682148457108918e-08
Ablated PINN,3,620,True,optimal,1.2911899997561705e-05,0.13134469999931753,0.13135761189931508,0.1320154000022739,2202.8473656540828,1.0050076131367478,2202.847365390542,-1.196363605862825e-08
Ablated PINN,3,621,True,optimal,1.2911899997561705e-05,0.18380320000142092,0.18381611190141847,0.1153688999984297,2204.1024320121955,0.6276321417368605,2204.102431970158,-1.9072504979847467e-09
Ablated PINN,3,622,True,optimal,1.2911899997561705e-05,0.18556560000070021,0.18557851190069777,0.1095088000001851,2133.686583691826,0.5900941810481958,2133.6865815398533,-1.008570195225577e-07
Ablated PINN,3,623,True,optimal,1.2911899997561705e-05,0.18552569999883417,0.18553861189883172,0.1420283000006748,2183.0068868535345,0.7654918755030801,2183.006886806512,-2.1540332902403185e-09
Ablated PINN,3,624,True,optimal,1.2911899997561705e-05,0.14705259999755071,0.14706551189754827,0.1152020000008633,2120.0099596930995,0.7833379730872431,2120.0099622397415,1.2012405869789977e-07
Ablated PINN,3,625,True,optimal,1.2911899997561705e-05,0.17480620000060298,0.17481911190060054,0.1084355999992112,2218.156836577463,0.6202731430237788,2218.1568357698834,-3.640768049667875e-08
Ablated PINN,3,626,True,optimal,1.2911899997561705e-05,0.1853945000002568,0.18540741190025437,0.1087654000002658,2164.591121375274,0.5866291907401172,2164.591120687186,-3.178834836407814e-08
Ablated PINN,3,627,True,optimal,1.2911899997561705e-05,0.16880859999946551,0.16882151189946307,0.0932749999992665,2068.2673698575004,0.5525066026823278,2068.267369862531,2.432188056930305e-10
Ablated PINN,3,628,True,optimal,1.2911899997561705e-05,0.1559357000005548,0.15594861190055234,0.1130072000014479,2098.3823497994363,0.7246438337874532,2098.3823464718303,-1.585795843986578e-07
Ablated PINN,3,629,True,optimal,1.2911899997561705e-05,0.17172349999964354,0.1717364118996411,0.1105009999992034,2172.8828727837745,0.6434337294980735,2172.8828707580187,-9.322894360343657e-08
Ablated PINN,3,630,True,optimal,1.2911899997561705e-05,0.15999749999900814,0.1600104118990057,0.0942606000025989,2174.25639514468,0.5890904153293078,2174.2563945388238,-2.7864986804691634e-08
Ablated PINN,3,631,True,optimal,1.2911899997561705e-05,0.18440840000039316,0.1844213119003907,0.1218747000020812,2128.1482380531047,0.6608493278038708,2128.1482370346444,-4.78566452414687e-08
Ablated PINN,3,632,True,optimal,1.2911899997561705e-05,0.17071299999952316,0.17072591189952072,0.0930888999973831,2136.4424945639207,0.5452534941044554,2136.4424953947414,3.888804326348355e-08
Ablated PINN,3,633,True,optimal,1.2911899997561705e-05,0.12067459999889252,0.12068751189889008,0.0920519999999669,2107.709452170081,0.7627301164107723,2107.709452004414,-7.860058142334304e-09
Ablated PINN,3,634,True,optimal,1.2911899997561705e-05,0.16488469999967492,0.16489761189967247,0.1095159000033163,2047.9459968290416,0.6641448517153076,2047.9459944303012,-1.1712908633539223e-07
Ablated PINN,3,635,True,optimal,1.2911899997561705e-05,0.1721159999979136,0.17212891189791116,0.1004419999990204,2160.855060266584,0.5835277693418063,2160.8550602348087,-1.4705045112684025e-09
Ablated PINN,3,636,True,optimal,1.2911899997561705e-05,0.15521719999742345,0.155230111897421,0.1182555000013962,2162.859964405213,0.761807735341592,2162.8599623729183,-9.396329830135793e-08
Ablated PINN,3,637,True,optimal,1.2911899997561705e-05,0.16889009999795235,0.1689030118979499,0.0945245000002614,2072.841717570554,0.5596377408436771,2072.841711291595,-3.029155101273261e-07
Ablated PINN,3,638,True,optimal,1.2911899997561705e-05,0.16620360000160872,0.16621651190160627,0.0888355999995837,2178.017926171404,0.5344571305417053,2178.01792569719,-2.1772718903624934e-08
Ablated PINN,3,639,True,optimal,1.2911899997561705e-05,0.15761420000126236,0.15762711190125991,0.1015274999990651,2204.0542578229224,0.6440992210950582,2204.0542578292216,2.8579878567514766e-10
Ablated PINN,3,640,True,optimal,1.2911899997561705e-05,0.1685336999980791,0.16854661189807665,0.1188681000021461,2190.4473095838243,0.7052535714810327,2190.4473093731294,-9.618807351946773e-09
Ablated PINN,3,641,True,optimal,1.2911899997561705e-05,0.1600442999988445,0.16005721189884206,0.1115506999994977,2273.8091708838424,0.6969426661636402,2273.8091708832812,-2.467921398943832e-11
Ablated PINN,3,642,True,optimal,1.2911899997561705e-05,0.1722912000004726,0.17230411190047015,0.1104951000015717,2072.257797995907,0.6412795306092182,2072.257797977599,-8.834870045799779e-10
Ablated PINN,3,643,True,optimal,1.2911899997561705e-05,0.15685469999880297,0.15686761189880052,0.1168818000005558,2213.731965941241,0.7450983576900461,2213.7319660194585,3.5332847449721347e-09
Ablated PINN,3,644,True,optimal,1.2911899997561705e-05,0.18985780000002705,0.1898707119000246,0.1434605000031297,2226.952816015813,0.7555694007123545,2226.95281655411,2.41719163647655e-08
Ablated PINN,3,645,True,optimal,1.2911899997561705e-05,0.19545609999840963,0.19546901189840718,0.1014982000015152,2210.436130649556,0.5192546839816623,2210.4361306545925,2.2784313200615398e-10
Ablated PINN,3,646,True,optimal,1.2911899997561705e-05,0.16454440000234172,0.16455731190233927,0.1163393999995605,2175.616502172721,0.7069840814403013,2175.6165019622854,-9.67246298484169e-09
Ablated PINN,3,647,True,optimal,1.2911899997561705e-05,0.1718053999975382,0.17181831189753574,0.1226314999985334,2194.288158495127,0.7137277665238906,2194.288158752222,1.171655836573392e-08
Ablated PINN,3,648,True,optimal,1.2911899997561705e-05,0.1793312000008882,0.17934411190088576,0.1012484000020776,2231.8968320477143,0.5645482248005576,2231.8968320194795,-1.2650588442873894e-09
Ablated PINN,3,649,True,optimal,1.2911899997561705e-05,0.17097110000031535,0.1709840119003129,0.1083577999997942,2131.67927704834,0.6337305973553186,2131.6792765499868,-2.337842656391626e-08
Ablated PINN,3,650,True,optimal,1.2911899997561705e-05,0.19280170000274666,0.1928146119027442,0.0897040999989258,2195.696037076173,0.46523496903944495,2195.696036935072,-6.426266631956008e-09
Ablated PINN,3,651,True,optimal,1.2911899997561705e-05,0.18917920000239974,0.1891921119023973,0.0925821000018913,2185.101248473243,0.48935496871906403,2185.1012482781357,-8.928971931959982e-09
Ablated PINN,3,652,True,optimal,1.2911899997561705e-05,0.1530276999983471,0.15304061189834464,0.1113416999978653,2061.7568306611,0.727530415729275,2061.7568306762632,7.354453950370195e-10
Ablated PINN,3,653,True,optimal,1.2911899997561705e-05,0.1812342000011995,0.18124711190119705,0.0967079000001831,2191.620676942746,0.5335693296613815,2191.6206769412643,-6.760142778242299e-11
Ablated PINN,3,654,True,optimal,1.2911899997561705e-05,0.15908089999720687,0.15909381189720442,0.1112295999992056,2167.111898213451,0.6991447289670486,2167.111898177523,-1.657864055554978e-09
Ablated PINN,3,655,True,optimal,1.2911899997561705e-05,0.1610953999988851,0.16110831189888267,0.1006243000010727,2245.899956653403,0.6245754723333462,2245.8999561654286,-2.172734249039356e-08
Ablated PINN,3,656,True,optimal,1.2911899997561705e-05,0.15262520000032964,0.1526381119003272,0.0930773000000044,2167.948435738087,0.6097906927778558,2167.9484356994067,-1.7841916478000947e-09
Ablated PINN,3,657,True,optimal,1.2911899997561705e-05,0.1571038000001863,0.15711671190018386,0.1055230999991181,2177.151763261153,0.6716223800951031,2177.1517632164832,-2.0517555565656334e-09
Ablated PINN,3,658,True,optimal,1.2911899997561705e-05,0.1596341999975266,0.15964711189752415,0.1014568999999028,2142.7066744994554,0.6355072684623756,2142.7066728888576,-7.516650837892075e-08
Ablated PINN,3,659,True,optimal,1.2911899997561705e-05,0.1752065999971819,0.17521951189717946,0.0976937999985239,2249.161512946493,0.5575509196478734,2249.1615129476454,5.123375002254512e-11
Ablated PINN,3,660,True,optimal,1.2911899997561705e-05,0.17959799999880488,0.17961091189880243,0.0929490999988047,2237.285776289896,0.5175025226261013,2237.2857762993076,4.206637915319573e-10
Ablated PINN,3,661,True,optimal,1.2911899997561705e-05,0.18697819999943022,0.18699111189942777,0.1039409000004525,2202.5939653309374,0.5558601098449888,2202.5939664583516,5.1185747238794325e-08
Ablated PINN,3,662,True,optimal,1.2911899997561705e-05,0.18612280000161263,0.18613571190161018,0.0958350999972026,2254.4500890244285,0.5148668088360189,2254.4500888323496,-8.51998966340606e-09
Ablated PINN,3,663,True,optimal,1.2911899997561705e-05,0.15735729999869363,0.1573702118986912,0.0971105999997234,2055.626592294665,0.6170837468417429,2055.6265922755915,-9.278663843776967e-10
Ablated PINN,3,664,True,optimal,1.2911899997561705e-05,0.15405429999736953,0.15406721189736708,0.125094099999842,2393.316285385306,0.8119449846549718,2393.316285521855,5.70544150897505e-09
Ablated PINN,3,665,True,optimal,1.2911899997561705e-05,0.15739169999869773,0.15740461189869528,0.1274516000012227,2139.467907163163,0.809706897808368,2139.467907076735,-4.039692157945393e-09
Ablated PINN,3,666,True,optimal,1.2911899997561705e-05,0.15735770000173943,0.15737061190173698,0.1087732999985746,2209.1460832434605,0.691191949272544,2209.1460835120433,1.215776912254852e-08
Ablated PINN,3,667,True,optimal,1.2911899997561705e-05,0.1673179000026721,0.16733081190266966,0.1244183999988308,2185.8306339413634,0.7435474589772535,2185.8306340270774,3.921345167167984e-09
Ablated PINN,3,668,True,optimal,1.2911899997561705e-05,0.14192019999973127,0.14193311189972882,0.1113383999982033,2233.823589176101,0.7844427456565618,2233.823589163432,-5.671354940350786e-10
Ablated PINN,3,669,True,optimal,1.2911899997561705e-05,0.15857859999960056,0.1585915118995981,0.1069250000000465,2158.5994799556447,0.6742164112020012,2158.5994798404963,-5.334403013463675e-09
Ablated PINN,3,670,True,optimal,1.2911899997561705e-05,0.15372040000147535,0.1537333119014729,0.1001768999994965,2130.705886305839,0.6516278011606196,2130.705885849612,-2.1412016632536883e-08
Ablated PINN,3,671,True,optimal,1.2911899997561705e-05,0.16029840000192053,0.16031131190191808,0.107704800000647,2163.659344053905,0.6718477861783273,2163.659342691594,-6.296329406712687e-08
Ablated PINN,3,672,True,optimal,1.2911899997561705e-05,0.15471750000142492,0.15473041190142248,0.0971184000009088,2209.0057928235133,0.6276620013315944,2209.005793251733,1.938517615316704e-08
Ablated PINN,3,673,True,optimal,1.2911899997561705e-05,0.16113799999948242,0.16115091189947997,0.1151122999981453,2127.194332621426,0.7143136743150925,2127.1943325137763,-5.0606383366293784e-09
Ablated PINN,3,674,True,optimal,1.2911899997561705e-05,0.16108779999922263,0.16110071189922018,0.0921143999985361,2184.785675711488,0.5717814583970314,2184.7856756862266,-1.156233108930313e-09
Ablated PINN,3,675,True,optimal,1.2911899997561705e-05,0.16849319999892032,0.16850611189891787,0.1287230999987514,2177.6365423732987,0.763907602805344,2177.6365400579684,-1.0632307898166453e-07
Ablated PINN,3,676,True,optimal,1.2911899997561705e-05,0.14806269999826327,0.14807561189826082,0.0969169999989389,2215.739597568961,0.654510211077353,2215.7395975354534,-1.5122536889931333e-09
Ablated PINN,3,677,True,optimal,1.2911899997561705e-05,0.13443259999985457,0.13444551189985213,0.0933471999996982,2122.353808579658,0.6943125038583075,2122.3538073843906,-5.631801266746656e-08
Ablated PINN,3,678,True,optimal,1.2911899997561705e-05,0.1791873999973177,0.17920031189731525,0.1005844999999681,2190.2970826922037,0.5612964560999464,2190.297082006125,-3.13235450088427e-08
Ablated PINN,3,679,True,optimal,1.2911899997561705e-05,0.1877545999996073,0.18776751189960486,0.1300998000006075,2168.639816365135,0.6928770514367203,2168.639816265213,-4.607592713349394e-09
Ablated PINN,3,680,True,optimal,1.2911899997561705e-05,0.17074409999986528,0.17075701189986284,0.1011779999971622,2149.5158028594237,0.5925261801635185,2149.515801920209,-4.369424563618976e-08
Ablated PINN,3,681,True,optimal,1.2911899997561705e-05,0.134094200002437,0.13410711190243454,0.1024683000032382,2185.449968209164,0.7640780458965205,2185.449966329904,-8.598962595928146e-08
Ablated PINN,3,682,True,optimal,1.2911899997561705e-05,0.1662913000000117,0.16630421190000924,0.1079938000002584,2223.4604917115844,0.6493750144174936,2223.46049200458,1.3177456413448978e-08
Ablated PINN,3,683,True,optimal,1.2911899997561705e-05,0.14830269999947632,0.14831561189947387,0.1132006000007095,2138.5740821843297,0.7632412970620732,2138.5740765569585,-2.6313660044986493e-07
Ablated PINN,3,684,True,optimal,1.2911899997561705e-05,0.1793459000000439,0.17935881190004146,0.0927545999984431,2061.1510609350016,0.5171454862788465,2061.151060913128,-1.0612420767969903e-09
Ablated PINN,3,685,True,optimal,1.2911899997561705e-05,0.1580407000001287,0.15805361190012626,0.1054205000000365,2174.62580015718,0.6669920334794468,2174.62579828442,-8.6118728768019e-08
Ablated PINN,3,686,True,optimal,1.2911899997561705e-05,0.17351380000036443,0.17352671190036198,0.1106030000009923,2173.1821103278085,0.6373831370959181,2173.1821062590816,-1.8722438617541383e-07
Ablated PINN,3,687,True,optimal,1.2911899997561705e-05,0.17362000000139233,0.17363291190138988,0.1161972000008972,2147.5127339133096,0.6692118373669173,2147.5127333204023,-2.7609024963046918e-08
Ablated PINN,3,688,True,optimal,1.2911899997561705e-05,0.215585199999623,0.21559811189962055,0.1312399000016739,2126.8270680029523,0.6087247186226629,2126.827067704515,-1.4032052873665817e-08
Ablated PINN,3,689,True,optimal,1.2911899997561705e-05,0.1678262999994331,0.16783921189943066,0.1128758999984711,2187.528679575168,0.672524011052354,2187.528679560098,-6.888994234330769e-10
Ablated PINN,3,690,True,optimal,1.2911899997561705e-05,0.18074960000012652,0.18076251190012407,0.094044000001304,2244.953675435381,0.5202627414984459,2244.953675340444,-4.2288932724392875e-09
Ablated PINN,3,691,True,optimal,1.2911899997561705e-05,0.19086109999989276,0.1908740118998903,0.1115934999979799,2100.5271219706883,0.584644807782992,2100.5271217626523,-9.903990142196274e-09
Ablated PINN,3,692,True,optimal,1.2911899997561705e-05,0.1582166000007419,0.15822951190073944,0.1365667000027315,2212.383646993115,0.863092468416401,2212.3836468849154,-4.890625619364189e-09
Ablated PINN,3,693,True,optimal,1.2911899997561705e-05,0.17610209999838844,0.176115011898386,0.098798800001532,2251.2355322340327,0.5609902241527058,2251.235532292366,2.5911625126325476e-09
Ablated PINN,3,694,True,optimal,1.2911899997561705e-05,0.1671862000002875,0.16719911190028505,0.0961877000008826,2145.1265246579646,0.5752883427888508,2145.1265243722232,-1.3320492014790237e-08
Ablated PINN,3,695,True,optimal,1.2911899997561705e-05,0.16676970000116853,0.16678261190116608,0.0978136999983689,2155.31340862008,0.5864742066537035,2155.3134084371463,-8.487558693144952e-09
Ablated PINN,3,696,True,optimal,1.2911899997561705e-05,0.16728860000148416,0.1673015119014817,0.1110398999990138,2205.137667137029,0.6637112763475891,2205.137667618499,2.183401659629976e-08
Ablated PINN,3,697,True,optimal,1.2911899997561705e-05,0.17459669999880134,0.1746096118987989,0.1003676000000268,2143.6366273394115,0.5748114259494395,2143.636627312359,-1.2619893134808582e-09
Ablated PINN,3,698,True,optimal,1.2911899997561705e-05,0.2190983000000415,0.21911121190003904,0.1058760999985679,2053.370345991096,0.483207130664175,2053.370345987618,-1.6939771696428536e-10
Ablated PINN,3,699,True,optimal,1.2911899997561705e-05,0.16804970000157482,0.16806261190157237,0.1021807999968587,2166.450459641476,0.6079924549590003,2166.4504594038776,-1.0967165846011695e-08
Ablated PINN,3,700,True,optimal,1.2911899997561705e-05,0.16574059999766177,0.16575351189765933,0.0996520000007876,2180.640773315581,0.6012059645669252,2180.640773143128,-7.908360262372051e-09
Ablated PINN,3,701,True,optimal,1.2911899997561705e-05,0.16589009999734117,0.16590301189733872,0.1660667000032845,2223.5399270839503,1.0009866493927613,2223.5399270680623,-7.1453463694297e-10
Ablated PINN,3,702,True,optimal,1.2911899997561705e-05,0.20206820000021253,0.20208111190021008,0.1133463000005576,2198.8148438848766,0.5608950729473879,2198.8148436688984,-9.822480604859702e-09
Ablated PINN,3,703,True,optimal,1.2911899997561705e-05,0.14265270000032615,0.1426656119003237,0.1123265999995055,2165.7660453958315,0.7873418022977031,2165.7660451161514,-1.2913679230441966e-08
Ablated PINN,3,704,True,optimal,1.2911899997561705e-05,0.15374760000122478,0.15376051190122234,0.1128763000015169,2205.6927825309817,0.7341046059604044,2205.692782538539,3.4263367429212656e-10
Ablated PINN,3,705,True,optimal,1.2911899997561705e-05,0.15759199999956763,0.1576049118995652,0.0924095000009401,2162.269089103981,0.5863364211632484,2162.2690890944195,-4.4219832988968894e-10
Ablated PINN,3,706,True,optimal,1.2911899997561705e-05,0.17359870000291266,0.17361161190291022,0.0912553000016487,2139.8525375662093,0.5256290118006733,2139.8525365336213,-4.825510030808286e-08
Ablated PINN,3,707,True,optimal,1.2911899997561705e-05,0.17177349999838043,0.17178641189837798,0.1108521999994991,2190.892496755412,0.645290851438674,2190.8924966869017,-3.1270551611551545e-09
Ablated PINN,3,708,True,optimal,1.2911899997561705e-05,0.17118000000118627,0.17119291190118383,0.0883727999971597,2212.666470722974,0.5162176343385663,2212.6664696542657,-4.829955756648667e-08
Ablated PINN,3,709,True,optimal,1.2911899997561705e-05,0.14836880000075325,0.1483817119007508,0.1135267999998177,2141.5624494968506,0.7650996780233484,2141.5624495237753,1.257244735385213e-09
Ablated PINN,3,710,True,optimal,1.2911899997561705e-05,0.1879679000012402,0.18798081190123775,0.1301991000000271,2155.439402566203,0.6926190959768368,2155.4394024877906,-3.6378912052618234e-09
Ablated PINN,3,711,True,optimal,1.2911899997561705e-05,0.14822370000183582,0.14823661190183338,0.1575611000007484,2127.008836000788,1.0629027335371777,2127.008839803851,1.7879864648566563e-07
Ablated PINN,3,712,True,optimal,1.2911899997561705e-05,0.16705609999917215,0.1670690118991697,0.1465223999985028,2120.081630732464,0.877017217812557,2120.081636784735,2.854734958663731e-07
Ablated PINN,3,713,True,optimal,1.2911899997561705e-05,0.1346527000023343,0.13466561190233187,0.1314487999989069,2201.385218268302,0.9761125957994533,2201.385218533812,1.2061028464256396e-08
Ablated PINN,3,714,True,optimal,1.2911899997561705e-05,0.1321194000011019,0.13213231190109945,0.1315121000006911,2217.380614324773,0.9953061299580336,2217.3806143207707,-1.8049366037100098e-10
Ablated PINN,3,715,True,optimal,1.2911899997561705e-05,0.17989490000036312,0.17990781190036068,0.1079632000000856,2199.244140743131,0.6001029019233441,2199.2441407402616,-1.3047463585029678e-10
Ablated PINN,3,716,True,optimal,1.2911899997561705e-05,0.15542629999981727,0.15543921189981483,0.111854000002495,2186.67298615557,0.7195996340652332,2186.6729842234936,-8.835689843630768e-08
Ablated PINN,3,717,True,optimal,1.2911899997561705e-05,0.16929639999943902,0.16930931189943657,0.136706299999787,2134.62196980022,0.8074352111299434,2134.6219694635024,-1.5774112734134178e-08
Ablated PINN,3,718,True,optimal,1.2911899997561705e-05,0.18965380000008736,0.1896667119000849,0.1300302999989071,2116.9858223987403,0.6855725957194121,2116.9858220655487,-1.5738960624099593e-08
Ablated PINN,3,719,True,optimal,1.2911899997561705e-05,0.16469839999990654,0.1647113118999041,0.1093187000005855,2152.0812906310784,0.663698799673328,2152.081290509586,-5.645352549110985e-09
Ablated PINN,3,720,True,optimal,1.2911899997561705e-05,0.19167580000066664,0.1916887119006642,0.1557367999994312,2215.1665515270925,0.8124463796289488,2215.1665516965445,7.649630249998823e-09
Ablated PINN,3,721,True,optimal,1.2911899997561705e-05,0.1625062999992224,0.16251921189921995,0.1452413999977579,2098.17640001431,0.8936875726903215,2098.1763999245177,-4.279532367663385e-09
Ablated PINN,3,722,True,optimal,1.2911899997561705e-05,0.16081580000172835,0.1608287119017259,0.095336699996551,2138.132401553344,0.5927840798402112,2138.1324011389875,-1.9379374770229384e-08
Ablated PINN,3,723,True,optimal,1.2911899997561705e-05,0.15303080000012415,0.1530437119001217,0.0969640000002982,2160.89672581727,0.633570623689382,2160.8967257566956,-2.803216838228194e-09
Ablated PINN,3,724,True,optimal,1.2911899997561705e-05,0.18775710000045365,0.1877700119004512,0.1349957999991602,2123.1656433548533,0.7189422774853422,2123.1656433577186,1.3495711306857798e-10
Ablated PINN,3,725,True,optimal,1.2911899997561705e-05,0.1906965999987733,0.19070951189877086,0.1549517999992531,2125.6512387542584,0.812501686237349,2125.6512413811574,1.2358090340532334e-07
Ablated PINN,3,726,True,optimal,1.2911899997561705e-05,0.1736209000009694,0.17363381190096697,0.1330903000016405,2135.4531155211166,0.7664999031268708,2135.453115524774,1.712766680099778e-10
Ablated PINN,3,727,True,optimal,1.2911899997561705e-05,0.1841785999968124,0.18419151189680996,0.1024930999992648,2179.4726442594533,0.5564485515308911,2179.472644245157,-6.559544234163264e-10
Ablated PINN,3,728,True,optimal,1.2911899997561705e-05,0.14448740000079852,0.14450031190079607,0.1484806000007665,2155.7194918607565,1.027545186910759,2155.719497847168,2.776989990807496e-07
Ablated PINN,3,729,True,optimal,1.2911899997561705e-05,0.17235339999751886,0.17236631189751642,0.1037150999982259,2214.9108237805967,0.6017132864100012,2214.910823766809,-6.225054088337143e-10
Ablated PINN,3,730,True,optimal,1.2911899997561705e-05,0.18768350000027567,0.18769641190027322,0.1153385999969032,2215.212917716952,0.6144954974322304,2215.212917516139,-9.065168885870241e-09
Ablated PINN,3,731,True,optimal,1.2911899997561705e-05,0.17905059999975492,0.17906351189975248,0.1370184000006702,2215.789356672032,0.7651944192705158,2215.7893564791507,-8.70486822427651e-09
Ablated PINN,3,732,True,optimal,1.2911899997561705e-05,0.16844510000009905,0.1684580119000966,0.1387686999987636,2221.171052251004,0.8237583860425698,2221.1710522373473,-6.14834129079409e-10
Ablated PINN,3,733,True,optimal,1.2911899997561705e-05,0.1907989000028465,0.19081181190284405,0.1293422000017017,2249.3664094584024,0.6778521660260691,2249.366409372564,-3.8161219239220294e-09
Ablated PINN,3,734,True,optimal,1.2911899997561705e-05,0.14480679999905988,0.14481971189905743,0.1108213999978033,2319.944938638373,0.7652369870411584,2319.944938700322,2.6702731749129143e-09
Ablated PINN,3,735,True,optimal,1.2911899997561705e-05,0.16147940000155359,0.16149231190155114,0.125463899999886,2207.2240297997,0.7769032378233042,2207.2240302541927,2.0591144633887107e-08
Ablated PINN,3,736,True,optimal,1.2911899997561705e-05,0.17386679999981425,0.1738797118998118,0.1520268999993277,2225.892545030186,0.8743222446039275,2225.8925466306728,7.190315377070518e-08
Ablated PINN,3,737,True,optimal,1.2911899997561705e-05,0.18210019999969518,0.18211311189969273,0.1736464999994496,2238.1216473494846,0.9535090482397197,2238.1216472617507,-3.919981372016769e-09
Ablated PINN,3,738,True,optimal,1.2911899997561705e-05,0.1492450000005192,0.14925791190051677,0.1422646999999415,2169.042258277396,0.9531467926119966,2169.042255643366,-1.2143746334384912e-07
Ablated PINN,3,739,True,optimal,1.2911899997561705e-05,0.16949860000022454,0.1695115119002221,0.1108657000004313,2182.589460706401,0.6540305065870046,2182.5894615704656,3.9588962903037746e-08
Ablated PINN,3,740,True,optimal,1.2911899997561705e-05,0.13863210000272375,0.1386450119027213,0.1077010000008158,2139.6773823950925,0.7768112139251211,2139.677381491433,-4.223344094775742e-08
Ablated PINN,3,741,True,optimal,1.2911899997561705e-05,0.1572840000008,0.15729691190079756,0.1242430999991484,2099.704070668296,0.7898635675537279,2099.7040745653726,1.8560122931928788e-07
Ablated PINN,3,742,True,optimal,1.2911899997561705e-05,0.15428350000001956,0.1542964119000171,0.1270535000003292,2306.5334268129404,0.8234378132050075,2306.5334267214994,-3.964436456919249e-09
Ablated PINN,3,743,True,optimal,1.2911899997561705e-05,0.2053912000010314,0.20540411190102895,0.1173746999993454,2203.569741771308,0.5714330590222104,2203.56974174447,-1.2179455292866643e-09
Ablated PINN,3,744,True,optimal,1.2911899997561705e-05,0.16769439999916358,0.16770731189916113,0.1755483000015374,2152.8814630618504,1.0467540026346072,2152.8814700924677,3.265677858387523e-07
Ablated PINN,3,745,True,optimal,1.2911899997561705e-05,0.13797390000036103,0.13798681190035858,0.1463349000005109,2324.199348846464,1.0604991736904577,2324.1993488581807,5.041118999282424e-10
Ablated PINN,3,746,True,optimal,1.2911899997561705e-05,0.11475050000080955,0.11476341190080712,0.1306363999974564,2258.829466518266,1.1383105280136556,2258.8294664664454,-2.2941410645816883e-09
Ablated PINN,3,747,True,optimal,1.2911899997561705e-05,0.20776139999725274,0.2077743118972503,0.1099880999972811,2246.487308272045,0.5293633221207491,2246.4873082463223,-1.145022444960008e-09
Ablated PINN,3,748,True,optimal,1.2911899997561705e-05,0.1422402999996848,0.14225321189968235,0.1005313999994541,2194.622533845843,0.7067074174068514,2194.6225336708603,-7.973247572023915e-09
Ablated PINN,3,749,True,optimal,1.2911899997561705e-05,0.1119747999982792,0.11198771189827676,0.0938669999995909,2166.189916711525,0.8381901764798474,2166.1899167234537,5.506872881470588e-10
Ablated PINN,3,750,True,optimal,1.2911899997561705e-05,0.12885969999842928,0.12887261189842683,0.1060683999967295,2143.85742504082,0.8230484230453026,2143.8574250283123,-5.834261989644223e-10
Ablated PINN,3,751,True,optimal,1.2911899997561705e-05,0.1560998999993899,0.15611281189938744,0.1196380000001227,2326.460095981221,0.7663560635704117,2326.4600960013654,8.658819544924269e-10
Ablated PINN,3,752,True,optimal,1.2911899997561705e-05,0.11638680000032764,0.1163997119003252,0.1505317999981343,2166.951330498295,1.2932317231767454,2166.95133004115,-2.10962390910075e-08
Ablated PINN,3,753,True,optimal,1.2911899997561705e-05,0.1354892999988806,0.13550221189887815,0.1160373000020627,2200.084267658183,0.856349858618237,2200.0842675407866,-5.335987061429968e-09
Ablated PINN,3,754,True,optimal,1.2911899997561705e-05,0.1574252999998862,0.15743821189988375,0.1045751000019663,2192.6507197651194,0.6642294697075604,2192.650719234172,-2.4214871100946773e-08
Ablated PINN,3,755,True,optimal,1.2911899997561705e-05,0.18506039999920176,0.18507331189919932,0.1203139999997802,2159.319912990352,0.6500883285933173,2159.319912739492,-1.1617547282609909e-08
Ablated PINN,3,756,True,optimal,1.2911899997561705e-05,0.11442380000153207,0.11443671190152964,0.1313281000002462,2107.6418835362306,1.1476046263305018,2107.6418828791266,-3.11772135222935e-08
Ablated PINN,3,757,True,optimal,1.2911899997561705e-05,0.17523290000099223,0.17524581190098978,0.1477945000006002,2224.350010324529,0.8433553897658964,2224.350010291867,-1.4683942871317684e-09
Ablated PINN,3,758,True,optimal,1.2911899997561705e-05,0.11011169999983395,0.11012461189983151,0.1560762000008253,2107.9142072633003,1.4172690128778025,2107.9142072930294,1.4103566436320868e-09
Ablated PINN,3,759,True,optimal,1.2911899997561705e-05,0.07443480000074487,0.07444771190074244,0.1519188999991456,2260.6564050966595,2.0406120768586113,2260.6564050773827,-8.52705442570473e-10
Ablated PINN,3,760,True,optimal,1.2911899997561705e-05,0.08822570000120322,0.08823861190120079,0.179667899999913,2156.1852399890167,2.0361596372468322,2156.185239688549,-1.3935163828356848e-08
Ablated PINN,3,761,True,optimal,1.2911899997561705e-05,0.0793578000011621,0.07937071190115967,0.1701767000013205,2309.662922175484,2.144074255164065,2309.6629221751546,-1.4254767606161762e-11
Ablated PINN,3,762,True,optimal,1.2911899997561705e-05,0.0683270999979868,0.06834001189798437,0.1039946000018972,2164.240757740613,1.5217234693657469,2164.240756873244,-4.0077275278823904e-08
Ablated PINN,3,763,True,optimal,1.2911899997561705e-05,0.08163530000092578,0.08164821190092335,0.1006861999994725,2166.1213946676053,1.2331709128137545,2166.121394609849,-2.666337026919025e-09
Ablated PINN,3,764,True,optimal,1.2911899997561705e-05,0.09291350000057719,0.09292641190057475,0.1399548999979742,2135.021424948894,1.5060831160436592,2135.021424946562,-1.0922346671071967e-10
Ablated PINN,3,765,True,optimal,1.2911899997561705e-05,0.09492769999997108,0.09494061189996865,0.2011033999988285,2105.1326890611285,2.1182020631035656,2105.1326890361406,-1.1869993902856886e-09
Ablated PINN,3,766,True,optimal,1.2911899997561705e-05,0.10722949999762932,0.10724241189762689,0.1493995999990147,2167.9715890243724,1.3931018274899567,2167.9715889520285,-3.336941195603036e-09
Ablated PINN,3,767,True,optimal,1.2911899997561705e-05,0.08408870000130264,0.08410161190130021,0.1374014000030001,2239.493200441943,1.6337546557877078,2239.493200424466,-7.803930900892977e-10
Ablated PINN,3,768,True,optimal,1.2911899997561705e-05,0.08500899999853573,0.0850219118985333,0.1389769999987038,2137.14418627282,1.6346021501440886,2137.1441855313433,-3.4694754292516305e-08
Ablated PINN,3,769,True,optimal,1.2911899997561705e-05,0.07406489999993937,0.07407781189993694,0.1324855999991996,2089.640778431818,1.7884653528665089,2089.640778392124,-1.8995603059568085e-09
Ablated PINN,3,770,True,optimal,1.2911899997561705e-05,0.11925740000151563,0.1192703119015132,0.1254450999986147,2145.6448634353037,1.0517713754467273,2145.6448622527478,-5.511424347138603e-08
Ablated PINN,3,771,True,optimal,1.2911899997561705e-05,0.10265760000038426,0.10267051190038183,0.1297511000011582,2079.996500898453,1.2637620831875451,2079.996500910566,5.823399430229718e-10
Ablated PINN,3,772,True,optimal,1.2911899997561705e-05,0.10631649999777437,0.10632941189777194,0.0922629000015149,2130.9116201759307,0.8677081755160935,2130.9116200567673,-5.59213056703419e-09
Ablated PINN,3,773,True,optimal,1.2911899997561705e-05,0.10303279999789083,0.1030457118978884,0.135609499997372,2174.3304894610515,1.3160130344070233,2174.330489220717,-1.105326126160419e-08
Ablated PINN,3,774,True,optimal,1.2911899997561705e-05,0.10319869999875664,0.1032116118987542,0.1089367999993555,2181.74933669246,1.0554703874426208,2181.749336694047,7.274292366692139e-11
Ablated PINN,3,775,True,optimal,1.2911899997561705e-05,0.10940280000068014,0.10941571190067771,0.0909789000033924,2176.846969917512,0.8314975831439879,2176.8469699113875,-2.8134900644719997e-10
Ablated PINN,3,776,True,optimal,1.2911899997561705e-05,0.09462540000095032,0.09463831190094789,0.119744300001912,2198.3032603092447,1.2652835579658375,2198.3032602642006,-2.049038918361991e-09
Ablated PINN,3,777,True,optimal,1.2911899997561705e-05,0.10010069999771076,0.10011361189770833,0.1565726999979233,2188.410745349634,1.563950166515842,2188.410745279815,-3.1904056365729295e-09
Ablated PINN,3,778,True,optimal,1.2911899997561705e-05,0.09717250000176136,0.09718541190175893,0.1156338000000687,2209.33536755024,1.1898267212877438,2209.335367446234,-4.707556982800576e-09
Ablated PINN,3,779,True,optimal,1.2911899997561705e-05,0.09869780000008177,0.09871071190007934,0.1134657000002334,2227.8749834185915,1.1494770710912299,2227.8749834013483,-7.739711689052693e-10
Ablated PINN,3,780,True,optimal,1.2911899997561705e-05,0.08521119999932125,0.08522411189931882,0.1481304000008094,2187.4504670359534,1.73812782203945,2187.450466659437,-1.721256139477079e-08
Ablated PINN,3,781,True,optimal,1.2911899997561705e-05,0.09424529999887454,0.09425821189887211,0.1159706999969785,2122.1638380872832,1.2303511562621336,2122.163836491525,-7.519485503815359e-08
Ablated PINN,3,782,True,optimal,1.2911899997561705e-05,0.0956506000002264,0.09566351190022397,0.0902100999992399,2209.525733442365,0.9429938145416205,2209.5257334375256,-2.1902534262835217e-10
Ablated PINN,3,783,True,optimal,1.2911899997561705e-05,0.0687699000009161,0.06878281190091366,0.0988352999993367,2140.019045698295,1.4369185741012696,2140.019045642512,-2.606656616008697e-09
Ablated PINN,3,784,True,optimal,1.2911899997561705e-05,0.11196629999903962,0.11197921189903719,0.0642023000000335,2164.033360072612,0.573341238174811,2164.033359364382,-3.272733029665857e-08
Ablated PINN,3,785,True,optimal,1.2911899997561705e-05,0.11280139999871608,0.11281431189871365,0.073649199999636,2288.1181335471138,0.6528356088876324,2288.118134683176,4.9650500710899875e-08
Ablated PINN,3,786,True,optimal,1.2911899997561705e-05,0.09067879999929573,0.0906917118992933,0.1064272000003256,2089.9251652700104,1.173505249504006,2089.925165293744,1.1356253029782118e-09
Ablated PINN,3,787,True,optimal,1.2911899997561705e-05,0.12263489999895683,0.12264781189895439,0.0810764999987441,2211.5127043931125,0.6610513366968213,2211.512704367441,-1.160807143510734e-09
Ablated PINN,3,788,True,optimal,1.2911899997561705e-05,0.1094913999986602,0.10950431189865777,0.0771961999998893,2161.68342159744,0.7049603678742036,2161.6834212906847,-1.4190573857572036e-08
Ablated PINN,3,789,True,optimal,1.2911899997561705e-05,0.08843510000224342,0.08844801190224098,0.0880562999991525,2205.707294852995,0.9955712752082949,2205.707295601544,3.393692158755032e-08
Ablated PINN,3,790,True,optimal,1.2911899997561705e-05,0.08935529999871505,0.08936821189871262,0.0693079000011493,2199.2707245260253,0.7755319092621087,2199.270724365464,-7.3006603218843944e-09
Ablated PINN,3,791,True,optimal,1.2911899997561705e-05,0.10154120000152034,0.1015541119015179,0.0695395000002463,2147.9208417799714,0.6847531694992539,2147.920841779771,-9.33663745144077e-12
Ablated PINN,3,792,True,optimal,1.2911899997561705e-05,0.09047019999707118,0.09048311189706874,0.0621151000013924,2151.7091099163554,0.6864827999290402,2151.7091084654307,-6.743126297865235e-08
Ablated PINN,3,793,True,optimal,1.2911899997561705e-05,0.10083160000067437,0.10084451190067194,0.0612724000020534,2238.3985991718487,0.6075928064623329,2238.3985992863686,5.116154688034988e-09
Ablated PINN,3,794,True,optimal,1.2911899997561705e-05,0.09452160000000731,0.09453451190000488,0.0666798999991442,2245.360295322794,0.7053498099157242,2245.3602952957763,-1.2032770159202172e-09
Ablated PINN,3,795,True,optimal,1.2911899997561705e-05,0.11749019999842858,0.11750311189842615,0.0624257999988913,2253.102796372987,0.5312693339803152,2253.1027964632367,4.005570191895421e-09
Ablated PINN,3,796,True,optimal,1.2911899997561705e-05,0.11420870000074501,0.11422161190074258,0.0615045000013196,2240.701502252212,0.5384663985898429,2240.7015022361907,-7.150083981725148e-10
Ablated PINN,3,797,True,optimal,1.2911899997561705e-05,0.08483200000046054,0.0848449119004581,0.0611744000016187,2190.840324583168,0.7210143617497045,2190.8403243888133,-8.871229368682724e-09
Ablated PINN,3,798,True,optimal,1.2911899997561705e-05,0.10921470000175759,0.10922761190175516,0.0584616000014648,2197.170995127462,0.5352273018112684,2197.170995126903,-2.543654979420673e-11
Ablated PINN,3,799,True,optimal,1.2911899997561705e-05,0.0904774999980873,0.09049041189808486,0.0567969000003358,2153.593563661499,0.627656552876602,2153.5935703855216,3.122233778191718e-07
Ablated PINN,3,800,True,optimal,1.2911899997561705e-05,0.08385759999873699,0.08387051189873455,0.0922023999992234,2265.5833581349607,1.099342282667224,2265.583358129972,-2.2018957816370674e-10
Ablated PINN,3,801,True,optimal,1.2911899997561705e-05,0.0985566999988805,0.09856961189887807,0.1170894999995653,2142.9249185060357,1.1878863855088186,2142.9249182930967,-9.936843012672921e-09
Ablated PINN,3,802,True,optimal,1.2911899997561705e-05,0.094243200001074,0.09425611190107157,0.1244087000013678,2185.6565966284143,1.3199006143171226,2185.6565965317313,-4.423518540214052e-09
Ablated PINN,3,803,True,optimal,1.2911899997561705e-05,0.08491700000013225,0.08492991190012981,0.1063532000007398,2157.8500099467183,1.2522466775404397,2157.850009432836,-2.3814548707260606e-08
Ablated PINN,3,804,True,optimal,1.2911899997561705e-05,0.06649239999751444,0.066505311897512,0.0933168000010482,2083.3465180258863,1.4031480695084029,2083.346518307148,1.3500475741171646e-08
Ablated PINN,3,805,True,optimal,1.2911899997561705e-05,0.0912836999996216,0.09129661189961917,0.107426899998245,2245.1237808884016,1.1766800296637636,2245.1237808863075,-9.327376818410972e-11
Ablated PINN,3,806,True,optimal,1.2911899997561705e-05,0.08986159999767551,0.08987451189767308,0.0998983000026783,2170.365447072126,1.1115309323339395,2170.365452600581,2.547246322571915e-07
Ablated PINN,3,807,True,optimal,1.2911899997561705e-05,0.0900523999989673,0.09006531189896487,0.0859085000010964,2205.7428930638634,0.9538466940243145,2205.7428930317765,-1.4547014150855472e-09
Ablated PINN,3,808,True,optimal,1.2911899997561705e-05,0.07374720000007073,0.0737601119000683,0.0814357999988715,2232.9801599287457,1.1040628586518737,2232.980159912972,-7.064022172369916e-10
Ablated PINN,3,809,True,optimal,1.2911899997561705e-05,0.07808920000024955,0.07810211190024711,0.1005719999993743,2178.422329786948,1.2876988541337522,2178.4223291781204,-2.794809658682966e-08
Ablated PINN,3,810,True,optimal,1.2911899997561705e-05,0.07306389999939711,0.07307681189939468,0.0863230000031762,2213.4155283627456,1.1812639024540048,2213.415528537084,7.87643841225351e-09
Ablated PINN,3,811,True,optimal,1.2911899997561705e-05,0.08429270000124234,0.0843056119012399,0.0797216999999363,2292.810168680216,0.9456274404760451,2292.810168680248,1.3883536891488821e-12
Ablated PINN,3,812,True,optimal,1.2911899997561705e-05,0.10040480000316165,0.10041771190315922,0.0678661999991163,2116.131275230048,0.6758389402913808,2116.131275214609,-7.295706435281098e-10
Ablated PINN,3,813,True,optimal,1.2911899997561705e-05,0.09688520000054268,0.09689811190054025,0.0726809000007051,2129.509371071957,0.7500755027642584,2129.509370171725,-4.227414845934963e-08
Ablated PINN,3,814,True,optimal,1.2911899997561705e-05,0.0874493999981496,0.08746231189814717,0.0681239999976242,2153.934623761386,0.7788954867435577,2153.9346228526774,-4.2188301983668415e-08
Ablated PINN,3,815,True,optimal,1.2911899997561705e-05,0.1225185999974201,0.12253151189741766,0.0591978000011295,2195.872937619504,0.48312306838007024,2195.8729359308227,-7.690249588087052e-08
Ablated PINN,3,816,True,optimal,1.2911899997561705e-05,0.09409750000122585,0.09411041190122342,0.0551077000018267,2136.688200180949,0.5855643269276809,2136.688200010293,-7.986950158856463e-09
Ablated PINN,3,817,True,optimal,1.2911899997561705e-05,0.09407410000130767,0.09408701190130524,0.0588013999986287,2232.0072626494,0.6249683012604311,2232.0072629250008,1.2347654333897846e-08
Ablated PINN,3,818,True,optimal,1.2911899997561705e-05,0.08998589999828255,0.08999881189828011,0.0564730000005511,2190.664671690613,0.6274860613091083,2190.664668492181,-1.4600280373753585e-07
Ablated PINN,3,819,True,optimal,1.2911899997561705e-05,0.07860200000141049,0.07861491190140805,0.058216800000082,2238.0197906277417,0.7405312629885336,2238.019790601122,-1.1894240520265659e-09
Ablated PINN,3,820,True,optimal,1.2911899997561705e-05,0.10099110000010114,0.10100401190009871,0.1101100999985646,2151.3130110604907,1.0901557069581806,2151.31300896313,-9.749212271162513e-08
Ablated PINN,3,821,True,optimal,1.2911899997561705e-05,0.13744859999860637,0.13746151189860392,0.0831022000020311,2193.6736558687267,0.6045488577437588,2193.6736553107075,-2.5437653797676838e-08
Ablated PINN,3,822,True,optimal,1.2911899997561705e-05,0.10503290000269772,0.10504581190269528,0.0753828999986581,2135.850487640817,0.7176192808951378,2135.8504846764195,-1.387923685865615e-07
Ablated PINN,3,823,True,optimal,1.2911899997561705e-05,0.10462529999858816,0.10463821189858573,0.0739915999984077,2153.346116066893,0.7071183524248253,2153.3461158552723,-9.827531713652303e-09
Ablated PINN,3,824,True,optimal,1.2911899997561705e-05,0.12321140000130981,0.12322431190130738,0.0953582000001915,2160.627085108109,0.7738586528003146,2160.6270850118644,-4.454472916421814e-09
Ablated PINN,3,825,True,optimal,1.2911899997561705e-05,0.11790249999830849,0.11791541189830605,0.0844053000000712,2230.78538072225,0.7158122813739138,2230.7853806508047,-3.2026996821469613e-09
Ablated PINN,3,826,True,optimal,1.2911899997561705e-05,0.09852400000090711,0.09853691190090468,0.1013650999993842,2125.31601225673,1.0287018138068273,2125.3160122572212,2.310842887010889e-11
Ablated PINN,3,827,True,optimal,1.2911899997561705e-05,0.11282669999854988,0.11283961189854745,0.079744099999516,2220.9747981485484,0.7067030686990737,2220.9747981266814,-9.84566827726064e-10
Ablated PINN,3,828,True,optimal,1.2911899997561705e-05,0.08791769999879762,0.08793061189879518,0.0747054999992542,2237.4865078881985,0.8495960438127897,2237.4865078798225,-3.7434824417704643e-10
Ablated PINN,3,829,True,optimal,1.2911899997561705e-05,0.11118110000097658,0.11119401190097415,0.100370500000281,2151.481950283664,0.9026610182000427,2151.481949993225,-1.3499483345448262e-08
Ablated PINN,3,830,True,optimal,1.2911899997561705e-05,0.0957979000013438,0.09581081190134137,0.0988470999982382,2168.8963367058977,1.0316904536830702,2168.8963365262075,-8.284869563855788e-09
Ablated PINN,3,831,True,optimal,1.2911899997561705e-05,0.09041419999994105,0.09042711189993861,0.1336632000020472,2209.555018644443,1.478131914131584,2209.5550186455403,4.966182550015126e-11
Ablated PINN,3,832,True,optimal,1.2911899997561705e-05,0.070629400001053,0.07064231190105057,0.1014569999970262,2250.942634975713,1.4362072427518808,2250.942635218449,1.07837466259329e-08
Ablated PINN,3,833,True,optimal,1.2911899997561705e-05,0.0905559999991965,0.09056891189919407,0.1482988000025216,2172.7157449850506,1.6374139524562539,2172.7157445606326,-1.9533985395867402e-08
Ablated PINN,3,834,True,optimal,1.2911899997561705e-05,0.1099553999993077,0.10996831189930527,0.1342702000001736,2199.0639222087407,1.2209899168327767,2199.06392222383,6.861749876719739e-10
Ablated PINN,3,835,True,optimal,1.2911899997561705e-05,0.1112872999983665,0.11130021189836407,0.0970311000019137,2173.92062351468,0.8717961839149013,2173.920623347521,-7.689276136158935e-09
Ablated PINN,3,836,True,optimal,1.2911899997561705e-05,0.0838266000027943,0.08383951190279186,0.1223054000001866,2202.4887431244583,1.458803817250203,2202.4887444828933,6.167727000781359e-08
Ablated PINN,3,837,True,optimal,1.2911899997561705e-05,0.07246060000034049,0.07247351190033806,0.102231999997457,2200.801004163574,1.4106119231263599,2200.8010041417715,-9.906578082095503e-10
Ablated PINN,3,838,True,optimal,1.2911899997561705e-05,0.08380960000067716,0.08382251190067473,0.106494699997711,2302.53021175128,1.270478509686057,2302.5302117649335,5.929709149236577e-10
Ablated PINN,3,839,True,optimal,1.2911899997561705e-05,0.07686859999739681,0.07688151189739438,0.1102935000017169,2199.218372488099,1.4345906743992491,2199.218372448386,-1.805761169621137e-09
Ablated PINN,3,840,True,optimal,1.2911899997561705e-05,0.08529679999992368,0.08530971189992125,0.0991678999998839,2206.597335336667,1.162445608962084,2206.597335310947,-1.1655980457740986e-09
Ablated PINN,3,841,True,optimal,1.2911899997561705e-05,0.08320889999959036,0.08322181189958792,0.0984644999989541,2117.128618086004,1.183157368860911,2117.1286180219204,-3.0269040287314353e-09
Ablated PINN,3,842,True,optimal,1.2911899997561705e-05,0.08747030000085942,0.08748321190085699,0.1245623999966483,2160.1220611622384,1.4238434699655567,2160.1220608877325,-1.2707891353054541e-08
Ablated PINN,3,843,True,optimal,1.2911899997561705e-05,0.09499380000124802,0.09500671190124559,0.0935185000016645,2244.5341073260383,0.9843357182897984,2244.5341069904653,-1.4950678440858113e-08
Ablated PINN,3,844,True,optimal,1.2911899997561705e-05,0.09761609999986831,0.09762901189986588,0.1019971999994595,2203.5582075110574,1.0447427256979094,2203.5582066365996,-3.968389760018585e-08
Ablated PINN,3,845,True,optimal,1.2911899997561705e-05,0.08031610000034561,0.08032901190034318,0.1058495000033872,2204.4131125280637,1.317699514774375,2204.41311244168,-3.918675963387194e-09
Ablated PINN,3,846,True,optimal,1.2911899997561705e-05,0.09307500000068103,0.0930879119006786,0.100414799999271,2174.049539338711,1.0787093399023702,2174.0495386195976,-3.3077137667294964e-08
Ablated PINN,3,847,True,optimal,1.2911899997561705e-05,0.09798119999686605,0.09799411189686362,0.1441817000013543,2249.954835468638,1.471330238219843,2249.9548354609046,-3.437150527319109e-10
Ablated PINN,3,848,True,optimal,1.2911899997561705e-05,0.07917140000063227,0.07918431190062984,0.0993211000022711,2196.7588383707343,1.254302747833578,2196.758839393268,4.654737273199781e-08
Ablated PINN,3,849,True,optimal,1.2911899997561705e-05,0.09311560000060126,0.09312851190059883,0.0951131000001623,2194.463102894298,1.021310209505782,2194.4631028443496,-2.2761166255559203e-09
Ablated PINN,3,850,True,optimal,1.2911899997561705e-05,0.1012126999994507,0.10122561189944827,0.0978451000009954,2217.274263020496,0.9666041841089499,2217.2742629650443,-2.500903604570584e-09
Ablated PINN,3,851,True,optimal,1.2911899997561705e-05,0.07407249999960186,0.07408541189959943,0.0921605999974417,2212.9676055801974,1.2439776959374642,2212.967605586451,2.8259272994423517e-10
Ablated PINN,3,852,True,optimal,1.2911899997561705e-05,0.08725350000167964,0.08726641190167721,0.1054700999993656,2205.7464218702075,1.2085990211010216,2205.7464220871793,9.836660387964684e-09
Ablated PINN,3,853,True,optimal,1.2911899997561705e-05,0.08611680000103661,0.08612971190103418,0.089220199999545,2178.0647467486538,1.035881788413061,2178.0647464647554,-1.3034429616239053e-08
Ablated PINN,3,854,True,optimal,1.2911899997561705e-05,0.099410099999659,0.09942301189965656,0.1218503999989479,2219.073221577553,1.2255754243487045,2219.073221549334,-1.2716521400698828e-09
Ablated PINN,3,855,True,optimal,1.2911899997561705e-05,0.09305350000067847,0.09306641190067604,0.0991031999983533,2167.0337407969764,1.0648653791887879,2167.0337407049747,-4.245515601128035e-09
Ablated PINN,3,856,True,optimal,1.2911899997561705e-05,0.08103310000296915,0.08104601190296672,0.0940855999979248,2212.4418692242134,1.1608911751335758,2212.44186920815,-7.260527675850791e-10
Ablated PINN,3,857,True,optimal,1.2911899997561705e-05,0.08688070000061998,0.08689361190061755,0.1233008999988669,2111.832248441616,1.4189869347345039,2111.832248360181,-3.856120267828494e-09
Ablated PINN,3,858,True,optimal,1.2911899997561705e-05,0.08794169999964652,0.08795461189964408,0.115413499999704,2268.79490113783,1.3121938407435692,2268.7949010917478,-2.0311345695602485e-09
Ablated PINN,3,859,True,optimal,1.2911899997561705e-05,0.07990450000215787,0.07991741190215544,0.0979086000006645,2211.922120771761,1.2251222564681654,2211.922120273172,-2.2540987476725206e-08
Ablated PINN,3,860,True,optimal,1.2911899997561705e-05,0.10655870000118739,0.10657161190118496,0.0925181999991764,2162.3352604774186,0.8681317505543679,2162.335260465068,-5.711641265100878e-10
Ablated PINN,3,861,True,optimal,1.2911899997561705e-05,0.08707500000309665,0.08708791190309421,0.0940732000017305,2122.672658011883,1.0802096174542462,2122.672657700662,-1.4661747317453686e-08
Ablated PINN,3,862,True,optimal,1.2911899997561705e-05,0.1213093000005756,0.12132221190057317,0.1240146000018285,2175.3070569825845,1.022192045950018,2175.3070563230285,-3.0320133698561315e-08
Ablated PINN,3,863,True,optimal,1.2911899997561705e-05,0.10641020000184653,0.1064231119018441,0.105847700000595,2125.6344609896337,0.9945931678658315,2125.6344608948266,-4.460178534681982e-09
Ablated PINN,3,864,True,optimal,1.2911899997561705e-05,0.10669009999764967,0.10670301189764723,0.100574800002505,2200.847578190558,0.9425675828061855,2200.8475781829243,-3.46859267083243e-10
Ablated PINN,3,865,True,optimal,1.2911899997561705e-05,0.15525809999962803,0.15527101189962558,0.1035154999990481,2239.6220430834937,0.6666762760969533,2239.622043069383,-6.300531976627329e-10
Ablated PINN,3,866,True,optimal,1.2911899997561705e-05,0.14089849999800208,0.14091141189799963,0.1178729000021121,2234.3288853029217,0.83650357635644,2234.32888520839,-4.230868413421119e-09
Ablated PINN,3,867,True,optimal,1.2911899997561705e-05,0.11914760000217939,0.11916051190217695,0.104140899999038,2264.256881305836,0.8739547886847862,2264.2568814120814,4.692283501438954e-09
Ablated PINN,3,868,True,optimal,1.2911899997561705e-05,0.1379875999991782,0.13800051189917575,0.1010007000004407,2228.2001883685493,0.7318864155680277,2228.200188298868,-3.127250041869143e-09
Ablated PINN,3,869,True,optimal,1.2911899997561705e-05,0.1859450999982073,0.18595801189820485,0.1054631000006338,2133.0817377674684,0.5671339402056271,2133.0817378721877,4.9092924151953244e-09
Ablated PINN,3,870,True,optimal,1.2911899997561705e-05,0.11144350000176928,0.11145641190176685,0.0998972000015783,2249.998160800221,0.8962893950831975,2249.998160786894,-5.923038559435523e-10
Ablated PINN,3,871,True,optimal,1.2911899997561705e-05,0.10257780000029015,0.10259071190028772,0.0993393999997351,2206.78641525319,0.9683079311925166,2206.7864154986223,1.112169921827824e-08
Ablated PINN,3,872,True,optimal,1.2911899997561705e-05,0.13320350000140024,0.1332164119013978,0.1023925999979837,2183.416128812071,0.7686185098107219,2183.4161286659023,-6.694488035144275e-09
Ablated PINN,3,873,True,optimal,1.2911899997561705e-05,0.13141170000017155,0.1314246119001691,0.115620200002013,2045.6228501996304,0.8797454170139667,2045.6228502878653,4.313349152194175e-09
Ablated PINN,3,874,True,optimal,1.2911899997561705e-05,0.11966490000122576,0.11967781190122333,0.0946383000009518,2308.93293548919,0.790775654212846,2308.932935480777,-3.643796062430009e-10
Ablated PINN,3,875,True,optimal,1.2911899997561705e-05,0.0976976999991166,0.09771061189911416,0.1258168999993358,2176.8827785621656,1.2876482661805584,2176.882777975892,-2.693178880413762e-08
Ablated PINN,3,876,True,optimal,1.2911899997561705e-05,0.10909840000022086,0.10911131190021843,0.1251641999988351,2211.869385493217,1.1471239582683868,2211.8693859086,1.877972807418076e-08
Ablated PINN,3,877,True,optimal,1.2911899997561705e-05,0.09798180000143475,0.09799471190143232,0.1403337000010651,2234.638471254582,1.4320538045177307,2234.638471242229,-5.527854817851035e-10
Ablated PINN,3,878,True,optimal,1.2911899997561705e-05,0.14417649999813875,0.1441894118981363,0.1640990000014426,2220.9570698653297,1.1380794043141778,2220.957070157352,1.3148492683488135e-08
Ablated PINN,3,879,True,optimal,1.2911899997561705e-05,0.09208660000149393,0.0920995119014915,0.291046099999221,2117.8412674350734,3.160126410990324,2117.8412679443654,2.404769562854665e-08
Ablated PINN,3,880,True,optimal,1.2911899997561705e-05,0.08435319999989588,0.08436611189989345,0.2369683000033546,2156.1419137942858,2.808809066423907,2156.1419137940707,-9.975943401182797e-12
Ablated PINN,3,881,True,optimal,1.2911899997561705e-05,0.07521970000016154,0.0752326119001591,0.2301845000001776,2224.5346514408734,3.059637226282327,2224.534651416332,-1.1032127671912825e-09
Ablated PINN,3,882,True,optimal,1.2911899997561705e-05,0.08946849999847473,0.0894814118984723,0.2539629000020795,2277.307157445397,2.8381637550626913,2277.307157383833,-2.7033749447931696e-09
Ablated PINN,3,883,True,optimal,1.2911899997561705e-05,0.0755736999999499,0.07558661189994746,0.2289533999974082,2150.7173687391687,3.029020540045761,2150.717368686635,-2.4426165418124775e-09
Ablated PINN,3,884,True,optimal,1.2911899997561705e-05,0.07467760000145063,0.0746905119014482,0.2333772999991197,2155.528380616301,3.1245909829491296,2155.5283798760115,-3.434376395263821e-08
Ablated PINN,3,885,True,optimal,1.2911899997561705e-05,0.10902220000207308,0.10903511190207064,0.2149341999975149,2185.6147778057707,1.9712384042908766,2185.6147778022896,-1.592728511165492e-10
Ablated PINN,3,886,True,optimal,1.2911899997561705e-05,0.08607150000170805,0.08608441190170561,0.2121760999980324,2068.722086126791,2.4647447233571507,2068.722091179205,2.4422874813562027e-07
Ablated PINN,3,887,True,optimal,1.2911899997561705e-05,0.08113239999875077,0.08114531189874834,0.2355787999986205,2107.31413837561,2.903172031584172,2107.3141380452607,-1.5676324096449754e-08
Ablated PINN,3,888,True,optimal,1.2911899997561705e-05,0.09764820000054897,0.09766111190054654,0.2293844999985594,2161.5356046318407,2.3487803439321246,2161.5356043558872,-1.2766545452797779e-08
Ablated PINN,3,889,True,optimal,1.2911899997561705e-05,0.10269029999835766,0.10270321189835523,0.2730091999983415,2154.4086333093483,2.658234294254956,2154.4086335470374,1.103268714559645e-08
Ablated PINN,3,890,True,optimal,1.2911899997561705e-05,0.09420890000183135,0.09422181190182892,0.2284598000005644,2116.7996358163264,2.4247018327200074,2116.7996386335635,1.3308945722228696e-07
Ablated PINN,3,891,True,optimal,1.2911899997561705e-05,0.1213476000011724,0.12136051190116996,0.2151989999983925,2141.5899935137386,1.7732209318105052,2141.58999335303,-7.504173244398717e-09
Ablated PINN,3,892,True,optimal,1.2911899997561705e-05,0.09036000000196509,0.09037291190196266,0.2229795999992347,2179.7873067823725,2.4673278231991125,2179.7873066769466,-4.836522215602484e-09
Ablated PINN,3,893,True,optimal,1.2911899997561705e-05,0.07558399999834364,0.07559691189834121,0.1871869999995397,2126.84622935289,2.4761196628145212,2126.846229239871,-5.3139369951019785e-09
Ablated PINN,3,894,True,optimal,1.2911899997561705e-05,0.09972439999910421,0.09973731189910177,0.2023311999982979,2258.961724615864,2.028640998495971,2258.9617246053413,-4.658270029476568e-10
Ablated PINN,3,895,True,optimal,1.2911899997561705e-05,0.07988019999902463,0.07989311189902219,0.1823293999987072,2120.857831624615,2.282166705800062,2120.857830728726,-4.224180648394233e-08
Ablated PINN,3,896,True,optimal,1.2911899997561705e-05,0.10809929999959422,0.10811221189959179,0.1709375000027648,2139.357414393901,1.581111855906911,2139.3574143279207,-3.0841131169057897e-09
Ablated PINN,3,897,True,optimal,1.2911899997561705e-05,0.149872800000594,0.14988571190059155,0.1385478000011062,2236.828311045135,0.924356286161519,2236.8283112795475,1.047969164777232e-08
Ablated PINN,3,898,True,optimal,1.2911899997561705e-05,0.14339340000151424,0.1434063119015118,0.2057855000020936,2189.895832980872,1.4349821655229684,2189.895832151047,-3.789334508013887e-08
Ablated PINN,3,899,True,optimal,1.2911899997561705e-05,0.16705740000179503,0.16707031190179258,0.1981755999986489,2165.0991649802154,1.1861808225697252,2165.0991642565496,-3.342414271443288e-08
Ablated PINN,3,900,True,optimal,1.2911899997561705e-05,0.16268250000211992,0.16269541190211748,0.2204181000015523,2163.198417931077,1.3547898949612822,2163.198417921346,-4.4984955984419066e-10
Ablated PINN,3,901,True,optimal,1.2911899997561705e-05,0.1227175999993051,0.12273051189930266,0.1574610999996366,2187.286236367795,1.282982508284733,2187.2862363191975,-2.221816438066409e-09
Ablated PINN,3,902,True,optimal,1.2911899997561705e-05,0.08455599999797414,0.08456891189797171,0.1863426999989315,2163.079428579788,2.2034420902062086,2163.079428271624,-1.4246545259970062e-08
Ablated PINN,3,903,True,optimal,1.2911899997561705e-05,0.11245659999985946,0.11246951189985703,0.1730766000000585,2099.9592458107286,1.538875710193942,2099.95924571421,-4.5962206731462765e-09
Ablated PINN,3,904,True,optimal,1.2911899997561705e-05,0.12098930000138353,0.1210022119013811,0.1858194999986153,2250.8485716085247,1.5356702747720135,2250.848571590956,-7.80537143891138e-10
Ablated PINN,3,905,True,optimal,1.2911899997561705e-05,0.1684255000000121,0.16843841190000966,0.245987199999945,2114.74707455696,1.4603984757703055,2114.7470739409373,-2.9129847100637498e-08
Ablated PINN,3,906,True,optimal,1.2911899997561705e-05,0.13807230000020354,0.1380852119002011,0.1542054000019561,2142.258415625311,1.1167408723926615,2142.258411353624,-1.9940110607299485e-07
Ablated PINN,3,907,True,optimal,1.2911899997561705e-05,0.151967899997544,0.15198081189754156,0.1289409000019077,2153.850406989045,0.8484024949730739,2153.850406879888,-5.067998176903618e-09
Ablated PINN,3,908,True,optimal,1.2911899997561705e-05,0.1932067999987339,0.19321971189873147,0.1241946000009193,2175.305344746177,0.6427636123689648,2175.3053434064304,-6.158889992581105e-08
Ablated PINN,3,909,True,optimal,1.2911899997561705e-05,0.08089190000100643,0.080904811901004,0.1774317000017617,2142.843560672238,2.19309205265651,2142.8435606360554,-1.6885239960905735e-09
Ablated PINN,3,910,True,optimal,1.2911899997561705e-05,0.08631100000275183,0.08632391190274939,0.170436399999744,2190.423457092006,1.9743822568160938,2190.4234570351705,-2.5947351856475133e-09
Ablated PINN,3,911,True,optimal,1.2911899997561705e-05,0.08087289999821223,0.0808858118982098,0.1926137000009475,2188.2095645514646,2.3813039083212875,2188.2095645355384,-7.278170235952818e-10
Ablated PINN,3,912,True,optimal,1.2911899997561705e-05,0.07892480000009527,0.07893771190009284,0.1566028000015649,2072.8184387330907,1.983878126588829,2072.8184387339074,3.940172602339806e-11
Ablated PINN,3,913,True,optimal,1.2911899997561705e-05,0.07151819999853615,0.07153111189853371,0.1495484999977634,2168.1539062117854,2.0906776929442494,2168.1539062059196,-2.705428826929194e-10
Ablated PINN,3,914,True,optimal,1.2911899997561705e-05,0.07639840000047116,0.07641131190046872,0.1880190999982005,2106.224971315142,2.460618661319531,2106.2249711006616,-1.0183158338951093e-08
Ablated PINN,3,915,True,optimal,1.2911899997561705e-05,0.07314600000245264,0.0731589119024502,0.1798093999968841,2152.118648047007,2.4577921584815425,2152.118647418115,-2.922199201165964e-08
Ablated PINN,3,916,True,optimal,1.2911899997561705e-05,0.09206660000199918,0.09207951190199674,0.2104014999968058,2074.6824072151853,2.2849979941329734,2074.6824072563522,1.9842513384473462e-09
Ablated PINN,3,917,True,optimal,1.2911899997561705e-05,0.0859342999974615,0.08594721189745906,0.1787471999996341,2179.2877825005544,2.0797323851865235,2179.2877824971183,-1.5766944645353412e-10
Ablated PINN,3,918,True,optimal,1.2911899997561705e-05,0.07586380000066129,0.07587671190065885,0.1252236000000266,2093.161032672173,1.650356174684729,2093.1610324951453,-8.45743275212288e-09
Ablated PINN,3,919,True,optimal,1.2911899997561705e-05,0.09753249999994296,0.09754541189994052,0.1342676999993273,2123.124970405285,1.376463509499099,2123.124968743713,-7.826066811832866e-08
Ablated PINN,3,920,True,optimal,1.2911899997561705e-05,0.07680579999941983,0.0768187118994174,0.1202875000017229,2187.401856543794,1.5658619759105226,2187.4018564558473,-4.020604314487959e-09
Ablated PINN,3,921,True,optimal,1.2911899997561705e-05,0.09750540000095498,0.09751831190095255,0.1752381000005698,2109.721338315743,1.7969763481812087,2109.7213383220974,3.011859726938776e-10
Ablated PINN,3,922,True,optimal,1.2911899997561705e-05,0.09506459999829531,0.09507751189829287,0.1547479000000748,2140.4219111097755,1.627597282579429,2140.421910577419,-2.4871561537236045e-08
Ablated PINN,3,923,True,optimal,1.2911899997561705e-05,0.07977839999875869,0.07979131189875625,0.137724000000162,2128.926327684905,1.7260525829543198,2128.926327257371,-2.0082137160297417e-08
Ablated PINN,3,924,True,optimal,1.2911899997561705e-05,0.07040890000280342,0.07042181190280099,0.1327710000005026,2168.728739301412,1.8853675645801113,2168.7287390583597,-1.1207139473117661e-08
Ablated PINN,3,925,True,optimal,1.2911899997561705e-05,0.082820299998275,0.08283321189827257,0.1303479000016523,2208.2689928113737,1.573618805965565,2208.2689929903368,8.104225166401608e-09
Ablated PINN,3,926,True,optimal,1.2911899997561705e-05,0.08005950000006123,0.0800724119000588,0.1742757000029087,2253.969415059693,2.1764762153090675,2253.969415126589,2.967922428429782e-09
Ablated PINN,3,927,True,optimal,1.2911899997561705e-05,0.0851065999995626,0.08511951189956017,0.1460759999972651,2174.4531577407306,1.7161282617507572,2174.4531561891713,-7.135400007015416e-08
Ablated PINN,3,928,True,optimal,1.2911899997561705e-05,0.07683080000060727,0.07684371190060484,0.1834857999965606,2178.779410148717,2.3877789796762325,2178.7794099786033,-7.807752690181729e-09
Ablated PINN,3,929,True,optimal,1.2911899997561705e-05,0.09564949999912642,0.09566241189912399,0.1900859000015771,2130.525708269769,1.9870490010436146,2130.5257076410876,-2.9508275302663897e-08
Ablated PINN,3,930,True,optimal,1.2911899997561705e-05,0.09633079999912297,0.09634371189912054,0.180231400001503,2113.444409484092,1.87071264381239,2113.444409448572,-1.6806621773913371e-09
Ablated PINN,3,931,True,optimal,1.2911899997561705e-05,0.08592739999949117,0.08594031189948874,0.2093681000005745,2192.3910014445137,2.436203632184165,2192.3910013615073,-3.786112885186449e-09
Ablated PINN,3,932,True,optimal,1.2911899997561705e-05,0.0799483999981021,0.07996131189809967,0.1477196000014373,2221.246231469925,1.8473883994010352,2221.2462314750046,2.2867919087207146e-10
Ablated PINN,3,933,True,optimal,1.2911899997561705e-05,0.07817139999679057,0.07818431189678814,0.192126099998859,2149.6294757185665,2.457348479992847,2149.6294757637247,2.100744869872711e-09
Ablated PINN,3,934,True,optimal,1.2911899997561705e-05,0.07389780000085011,0.07391071190084768,0.1968147000006865,2136.3431310642613,2.662871117581932,2136.3431338162786,1.2881906659611313e-07
Ablated PINN,3,935,True,optimal,1.2911899997561705e-05,0.07584219999989728,0.07585511189989484,0.1679875000008905,2243.2982163963766,2.2145837741638528,2243.2982164648924,3.054247240183044e-09
Ablated PINN,3,936,True,optimal,1.2911899997561705e-05,0.07839429999876302,0.07840721189876058,0.1494700999974156,2102.457957637901,1.9063310169785328,2102.457953505738,-1.9653963578570507e-07
Ablated PINN,3,937,True,optimal,1.2911899997561705e-05,0.08165020000160439,0.08166311190160196,0.1852222999987134,2170.5630955109577,2.268126889676855,2170.5630954622557,-2.243753113586547e-09
Ablated PINN,3,938,True,optimal,1.2911899997561705e-05,0.08496509999895352,0.08497801189895109,0.1607534000031591,2255.1790958793754,1.8917058237878515,2255.1790958411484,-1.6950747672353657e-09
Ablated PINN,3,939,True,optimal,1.2911899997561705e-05,0.07610470000145142,0.07611761190144899,0.1971234000011463,2206.3724089315883,2.5897212888965297,2206.3724089161897,-6.979173023276736e-10
Ablated PINN,3,940,True,optimal,1.2911899997561705e-05,0.07496249999894644,0.07497541189894401,0.2109291999986453,2189.1711010548124,2.8133116531983484,2189.1710993819393,-7.641582547770845e-08
Ablated PINN,3,941,True,optimal,1.2911899997561705e-05,0.07502910000039265,0.07504201190039021,0.1633666999987326,2085.4343266158776,2.17700319942892,2085.43432659944,-7.882172208782644e-10
Ablated PINN,3,942,True,optimal,1.2911899997561705e-05,0.0960776000029,0.09609051190289757,0.2018755999997665,2190.5510210162406,2.100890046290606,2190.551020301918,-3.2609265380601814e-08
Ablated PINN,3,943,True,optimal,1.2911899997561705e-05,0.12255259999801638,0.12256551189801394,0.1596859000019321,2228.600124584464,1.3028616086946696,2228.600124536351,-2.1588969096670347e-09
Ablated PINN,3,944,True,optimal,1.2911899997561705e-05,0.13821459999962826,0.13822751189962582,0.1591383000013593,2166.1819354901013,1.151278047433263,2166.1819351671766,-1.490755364419946e-08
Ablated PINN,3,945,True,optimal,1.2911899997561705e-05,0.09564680000039516,0.09565971190039273,0.1923009999991336,2178.099464903521,2.0102611243421915,2178.099464098115,-3.6977476435960116e-08
Ablated PINN,3,946,True,optimal,1.2911899997561705e-05,0.09476070000164327,0.09477361190164084,0.1951030000018363,2238.9125429516,2.058621551791448,2238.912542961114,4.2494844674476764e-10
Ablated PINN,3,947,True,optimal,1.2911899997561705e-05,0.09807249999721535,0.09808541189721291,0.1580558999994537,2193.3170511699705,1.6114108810093586,2193.3170509556035,-9.773643605188255e-09
Ablated PINN,3,948,True,optimal,1.2911899997561705e-05,0.100033099999564,0.10004601189956157,0.1961898000008659,2143.5775558986584,1.960995708632796,2143.5775552652794,-2.9547749731844772e-08
Ablated PINN,3,949,True,optimal,1.2911899997561705e-05,0.09572409999964293,0.0957370118996405,0.1584670000011101,2246.86419198104,1.6552323584866886,2246.864192091769,4.9281441485998785e-09
Ablated PINN,3,950,True,optimal,1.2911899997561705e-05,0.09449049999966519,0.09450341189966276,0.1850651999993715,2204.0493213063164,1.9582912011246856,2204.049321262044,-2.0086838649628235e-09
Ablated PINN,3,951,True,optimal,1.2911899997561705e-05,0.09270509999987553,0.0927180118998731,0.204940899999201,2131.637076925947,2.2103677138862543,2131.6370793985366,1.1599486668192126e-07
Ablated PINN,3,952,True,optimal,1.2911899997561705e-05,0.07645119999870076,0.07646411189869833,0.1576543000010133,2126.582387491638,2.061807769504704,2126.5823875333213,1.9600957819518746e-09
Ablated PINN,3,953,True,optimal,1.2911899997561705e-05,0.10472930000105407,0.10474221190105164,0.1640867999994952,2161.594759950924,1.5665775719392432,2161.5947569720142,-1.378107445791914e-07
Ablated PINN,3,954,True,optimal,1.2911899997561705e-05,0.09588440000152332,0.09589731190152088,0.1564891999987594,2196.2510681535,1.6318413613038674,2196.2510680764667,-3.5074902347221647e-09
Ablated PINN,3,955,True,optimal,1.2911899997561705e-05,0.09613309999986086,0.09614601189985843,0.2018350999969698,2201.7273910196127,2.0992560794637285,2201.727390945931,-3.3465452657747155e-09
Ablated PINN,3,956,True,optimal,1.2911899997561705e-05,0.0892483000025095,0.08926121190250706,0.1458315999989281,2128.407782774298,1.633762267962577,2128.4077827670935,-3.3849539258418705e-10
Ablated PINN,3,957,True,optimal,1.2911899997561705e-05,0.08379780000177561,0.08381071190177318,0.1721011000008729,2215.466502507869,2.053449924188411,2215.4665036670003,5.231997152569866e-08
Ablated PINN,3,958,True,optimal,1.2911899997561705e-05,0.08880979999958072,0.08882271189957829,0.2006235999979253,2070.757387364137,2.2586970799174377,2070.7573873726806,4.1259267167605116e-10
Ablated PINN,3,959,True,optimal,1.2911899997561705e-05,0.07666019999669516,0.07667311189669272,0.1748012999996717,2152.569632952415,2.2798252956681115,2152.5696397533343,3.1594422463223284e-07
Ablated PINN,3,960,True,optimal,1.2911899997561705e-05,0.11184850000063307,0.11186141190063063,0.1453218999995442,2208.2816603649258,1.299124492802195,2208.2816602022185,-7.3680473295347795e-09
Ablated PINN,3,961,True,optimal,1.2911899997561705e-05,0.09638500000073691,0.09639791190073448,0.1717176999991352,2140.3153301753514,1.781342527169687,2140.3153294652357,-3.317808913415761e-08
Ablated PINN,3,962,True,optimal,1.2911899997561705e-05,0.08382549999805633,0.0838384118980539,0.1122461999984807,2205.2286535391745,1.338839768756238,2205.228652223088,-5.968027759049299e-08
Ablated PINN,3,963,True,optimal,1.2911899997561705e-05,0.06911219999892637,0.06912511189892394,0.1463411000004271,2041.90100108964,2.117046844197661,2041.9010011358966,2.265372960481986e-09
Ablated PINN,3,964,True,optimal,1.2911899997561705e-05,0.09549169999809237,0.09550461189808994,0.1407110000000102,2199.037105258003,1.4733424617248705,2199.037105230644,-1.2441338441250375e-09
Ablated PINN,3,965,True,optimal,1.2911899997561705e-05,0.06930020000072545,0.06931311190072302,0.1750933000002987,2154.4765206611346,2.5261208911105357,2154.476520087633,-2.6619061885298254e-08
Ablated PINN,3,966,True,optimal,1.2911899997561705e-05,0.08782049999717856,0.08783341189717613,0.1517297999998845,2155.5068833801656,1.7274724586300931,2155.506883275016,-4.87817560532134e-09
Ablated PINN,3,967,True,optimal,1.2911899997561705e-05,0.07811299999957555,0.07812591189957312,0.1242051999979594,2165.3524323271827,1.5898080032348147,2165.3524307022813,-7.50409675090059e-08
Ablated PINN,3,968,True,optimal,1.2911899997561705e-05,0.08155020000049262,0.08156311190049019,0.1950344999968365,2259.411352469595,2.391209646767589,2259.411352468531,-4.709672720335886e-11
Ablated PINN,3,969,True,optimal,1.2911899997561705e-05,0.07571630000165896,0.07572921190165653,0.1984840000004624,2130.5117978633302,2.620970098807019,2130.5117966184316,-5.843190419731993e-08
Ablated PINN,3,970,True,optimal,1.2911899997561705e-05,0.08396050000010291,0.08397341190010048,0.1575219000005745,2227.5823011913035,1.87585446912615,2227.5823012004716,4.115745279677838e-10
Ablated PINN,3,971,True,optimal,1.2911899997561705e-05,0.09662320000279578,0.09663611190279335,0.1863833999996131,2231.3761046089585,1.9287137730364907,2231.376104571749,-1.6675674669737403e-09
Ablated PINN,3,972,True,optimal,1.2911899997561705e-05,0.08243470000161324,0.0824476119016108,0.1495025999975041,2177.8711865954,1.8133041885544683,2177.8711865998607,2.048154542977573e-10
Ablated PINN,3,973,True,optimal,1.2911899997561705e-05,0.11048250000021653,0.1104954119002141,0.1700973999977577,2292.3375689272434,1.5394069045271201,2292.3375689235627,-1.6056645007120515e-10
Ablated PINN,3,974,True,optimal,1.2911899997561705e-05,0.13896079999904032,0.13897371189903787,0.1654496999981347,2123.7679115938085,1.190510764498621,2123.7679157108814,1.9385700546287932e-07
Ablated PINN,3,975,True,optimal,1.2911899997561705e-05,0.11865490000127465,0.11866781190127222,0.1801885999993828,2081.519862479512,1.51842860428988,2081.5198625412277,2.964928804699938e-09
Ablated PINN,3,976,True,optimal,1.2911899997561705e-05,0.11935330000051181,0.11936621190050938,0.1608983000005537,2279.993276093463,1.3479383942807948,2279.9932760856996,-3.40503055677234e-10
Ablated PINN,3,977,True,optimal,1.2911899997561705e-05,0.09970439999960945,0.09971731189960702,0.1935578999982681,2206.80239291884,1.941066163046368,2206.802392739714,-8.116988253395816e-09
Ablated PINN,3,978,True,optimal,1.2911899997561705e-05,0.10327719999986584,0.10329011189986341,0.1667740999982925,2191.2788649745967,1.6146182527130466,2191.278864639845,-1.5276549622080207e-08
Ablated PINN,3,979,True,optimal,1.2911899997561705e-05,0.11709960000007413,0.1171125119000717,0.1474191999986942,2144.7878017555126,1.2587826664027344,2144.7878006433866,-5.185249690862199e-08
Ablated PINN,3,980,True,optimal,1.2911899997561705e-05,0.08499970000048052,0.08501261190047808,0.1694267999992007,2175.611569659908,1.9929607644280356,2175.611575723286,2.786976306031805e-07
Ablated PINN,3,981,True,optimal,1.2911899997561705e-05,0.10205459999997402,0.10206751189997158,0.2062537999991036,2139.8385787781785,2.020758575963298,2139.8385784108896,-1.7164330981061392e-08
Ablated PINN,3,982,True,optimal,1.2911899997561705e-05,0.09434880000117118,0.09436171190116875,0.1952295999981288,2193.7236332086177,2.0689493234565908,2193.723633168407,-1.8329829312168774e-09
Ablated PINN,3,983,True,optimal,1.2911899997561705e-05,0.0896526000033191,0.08966551190331666,0.1808397999993758,2091.0992006599117,2.0168267169920284,2091.0992005746643,-4.076678577354196e-09
Ablated PINN,3,984,True,optimal,1.2911899997561705e-05,0.07437779999963823,0.0743907118996358,0.2067786999978125,2159.9303979583897,2.7796306113697087,2159.930396813226,-5.301855464756936e-08
Ablated PINN,3,985,True,optimal,1.2911899997561705e-05,0.0864514999993844,0.08646441189938196,0.1426815000013448,2191.8489054652828,1.6501760304272037,2191.8489050284034,-1.993200429491708e-08
Ablated PINN,3,986,True,optimal,1.2911899997561705e-05,0.09542890000011539,0.09544181190011296,0.1296245000012277,2084.63256651023,1.3581521287220477,2084.6325702623785,1.799908840904869e-07
Ablated PINN,3,987,True,optimal,1.2911899997561705e-05,0.08372219999728259,0.08373511189728015,0.1381621999971685,2226.623195511604,1.6499912266989665,2226.6231953524916,-7.145908675392558e-09
Ablated PINN,3,988,True,optimal,1.2911899997561705e-05,0.07001849999869592,0.07003141189869348,0.1530366999977559,2250.582573839561,2.1852579556604796,2250.5825743551304,2.2908262079031436e-08
Ablated PINN,3,989,True,optimal,1.2911899997561705e-05,0.08122350000121514,0.08123641190121271,0.1347377999991295,2195.062900428284,1.6585887639027803,2195.062900378661,-2.26066143315304e-09
Ablated PINN,3,990,True,optimal,1.2911899997561705e-05,0.09826770000290708,0.09828061190290464,0.1816442999988794,2234.6352392300864,1.8482210934780614,2234.63523925606,1.1623082477738092e-09
Ablated PINN,3,991,True,optimal,1.2911899997561705e-05,0.12001880000025267,0.12003171190025023,0.1567233999994641,2140.8749725548146,1.3056832858445417,2140.874972593584,1.8109177741267116e-09
Ablated PINN,3,992,True,optimal,1.2911899997561705e-05,0.07091250000303262,0.07092541190303019,0.169110399998317,2127.0365293244954,2.384341457607975,2127.0365292316437,-4.365307180480758e-09
Ablated PINN,3,993,True,optimal,1.2911899997561705e-05,0.06646249999903375,0.06647541189903132,0.1865990999976929,2153.5631839712364,2.807039394973828,2153.5631839729526,7.969195029981707e-11
Ablated PINN,3,994,True,optimal,1.2911899997561705e-05,0.09833480000088457,0.09834771190088214,0.2146871000004466,2200.2868690383903,2.182939448726727,2200.2868690075898,-1.3998398688963726e-09
Ablated PINN,3,995,True,optimal,1.2911899997561705e-05,0.09063349999996717,0.09064641189996474,0.2157412999986263,2099.884810703952,2.380031326962101,2099.884810237947,-2.219193519233033e-08
Ablated PINN,3,996,True,optimal,1.2911899997561705e-05,0.07422399999995832,0.07423691189995589,0.2010126000022865,2028.9773836280724,2.7077176953855204,2028.9773837528192,6.14825719838545e-09
Ablated PINN,3,997,True,optimal,1.2911899997561705e-05,0.09904280000046128,0.09905571190045885,0.181254799997987,2083.4181846731835,1.8298268370442894,2083.418186734465,9.893748339849562e-08
Ablated PINN,3,998,True,optimal,1.2911899997561705e-05,0.11753600000156439,0.11754891190156196,0.1986563999998907,2136.148351520434,1.689989271582964,2136.148351632925,5.266059920825146e-09
Ablated PINN,3,999,True,optimal,1.2911899997561705e-05,0.13186710000081803,0.13188001190081558,0.1808257999982743,2189.8752646350795,1.3711387904201124,2189.8752640872267,-2.501753351443073e-08
Ablated PINN,4,0,True,optimal,8.77540000146837e-06,0.09653769999931683,0.0965464753993183,0.1580188000007183,2258.8033432564825,1.6367122605682822,2258.8033431681765,-3.909416199963665e-09
Ablated PINN,4,1,True,optimal,8.77540000146837e-06,0.11806849999993574,0.1180772753999372,0.1364416999967943,2132.4803529294104,1.155528864759585,2132.480352903193,-1.229439182623277e-09
Ablated PINN,4,2,True,optimal,8.77540000146837e-06,0.07106179999755113,0.0710705753975526,0.1422778999985894,2135.9239151446804,2.0019241324939223,2135.923913610412,-7.183160590592048e-08
Ablated PINN,4,3,True,optimal,8.77540000146837e-06,0.08440200000040932,0.08441077540041078,0.1374840999997104,2230.6274619893297,1.6287505872033647,2230.6274619590467,-1.3575996374838483e-09
Ablated PINN,4,4,True,optimal,8.77540000146837e-06,0.07594050000261632,0.07594927540261778,0.1485682999991695,2211.824042324871,1.9561516447864455,2211.8240422601407,-2.926548447280349e-09
Ablated PINN,4,5,True,optimal,8.77540000146837e-06,0.0974077999999281,0.09741657539992957,0.1162113999998837,2054.379271037716,1.1929325119754488,2054.379270979431,-2.8371084533810047e-09
Ablated PINN,4,6,True,optimal,8.77540000146837e-06,0.11446449999857577,0.11447327539857724,0.1165894000005209,2228.4021577280987,1.0184857521947865,2228.4021577329845,2.1925151710072605e-10
Ablated PINN,4,7,True,optimal,8.77540000146837e-06,0.080465600000025,0.08047437540002647,0.1197737000002234,2124.2689515758198,1.488345816973983,2124.2689512159086,-1.6942824251804666e-08
Ablated PINN,4,8,True,optimal,8.77540000146837e-06,0.11452429999917513,0.11453307539917659,0.1624183999992965,2161.3389486519645,1.4180916685702143,2161.338945702631,-1.364586300708808e-07
Ablated PINN,4,9,True,optimal,8.77540000146837e-06,0.09590380000008736,0.09591257540008882,0.1442825000012817,2185.1997142303785,1.504312645129411,2185.199714114277,-5.3130862775951724e-09
Ablated PINN,4,10,True,optimal,8.77540000146837e-06,0.09761199999775272,0.09762077539775418,0.1447871999989729,2159.2549350682007,1.4831597004740018,2159.2549350375634,-1.4188800973126027e-09
Ablated PINN,4,11,True,optimal,8.77540000146837e-06,0.10041040000214707,0.10041917540214854,0.131315499998891,2209.1933247940983,1.3076735541096807,2209.193324564093,-1.0411279799799731e-08
Ablated PINN,4,12,True,optimal,8.77540000146837e-06,0.08760890000121435,0.08761767540121582,0.1959759999990638,2162.6605920617144,2.2367176383264824,2162.660588028272,-1.8650372507076287e-07
Ablated PINN,4,13,True,optimal,8.77540000146837e-06,0.0801610000016808,0.08016977540168227,0.1631779999988793,2127.792379358761,2.035405477703948,2127.792378699961,-3.096167766766436e-08
Ablated PINN,4,14,True,optimal,8.77540000146837e-06,0.0714004000001296,0.07140917540013106,0.1588497000011557,2068.844944758893,2.224499850489299,2068.8449447129888,-2.2188234407887428e-09
Ablated PINN,4,15,True,optimal,8.77540000146837e-06,0.09485090000089258,0.09485967540089404,0.1449954000017896,2115.124279203919,1.5285251545402507,2115.124276104032,-1.465581363920399e-07
Ablated PINN,4,16,True,optimal,8.77540000146837e-06,0.07425910000165459,0.07426787540165605,0.1761528999995789,2074.229953009288,2.3718586137937505,2074.229953019891,5.11194236937731e-10
Ablated PINN,4,17,True,optimal,8.77540000146837e-06,0.0960653000001912,0.09607407540019267,0.1556702999987465,2155.7483907558176,1.6203153592715638,2155.748390300719,-2.1110924530565853e-08
Ablated PINN,4,18,True,optimal,8.77540000146837e-06,0.127834899998561,0.12784367539856248,0.1529525000005378,2217.2043257976898,1.196402555884729,2217.2043254752084,-1.4544503257768573e-08
Ablated PINN,4,19,True,optimal,8.77540000146837e-06,0.0927789000015764,0.09278767540157787,0.1670651999993424,2122.928893233439,1.8005106742495398,2122.9288932286204,-2.2697429694189608e-10
Ablated PINN,4,20,True,optimal,8.77540000146837e-06,0.08413840000139317,0.08414717540139463,0.1930621999999857,2186.863990356032,2.29433963860403,2186.8639877954392,-1.1708971197594588e-07
Ablated PINN,4,21,True,optimal,8.77540000146837e-06,0.07971710000128951,0.07972587540129097,0.1470046000031288,2218.9480886748343,1.843875645932994,2218.94808865198,-1.0299581919083866e-09
Ablated PINN,4,22,True,optimal,8.77540000146837e-06,0.08156270000108634,0.0815714754010878,0.1728406000001996,2175.372295783297,2.1188852984494955,2175.3722946913053,-5.019791954740928e-08
Ablated PINN,4,23,True,optimal,8.77540000146837e-06,0.09524160000000848,0.09525037540000994,0.1613689000005251,2191.8790222163125,1.6941550027792147,2191.8790221169597,-4.53276597236026e-09
Ablated PINN,4,24,True,optimal,8.77540000146837e-06,0.08171129999755067,0.08172007539755213,0.159499199999118,2234.059526415036,1.9517749980428392,2234.0595263765467,-1.722844023473393e-09
Ablated PINN,4,25,True,optimal,8.77540000146837e-06,0.07893530000001192,0.07894407540001339,0.1419519000010041,2147.844207595302,1.7981324029919543,2147.8442063809507,-5.653815159392887e-08
Ablated PINN,4,26,True,optimal,8.77540000146837e-06,0.0795682999996643,0.07957707539966577,0.174140900002385,2238.7433812303657,2.188329982319461,2238.7433811977107,-1.4586286572005245e-09
Ablated PINN,4,27,True,optimal,8.77540000146837e-06,0.08618949999799952,0.08619827539800098,0.151714700001321,2195.225854880796,1.7600665361437082,2195.2258538636993,-4.6332205997435396e-08
Ablated PINN,4,28,True,optimal,8.77540000146837e-06,0.08189259999926435,0.08190137539926581,0.178602599997248,2142.388382854504,2.180703304756089,2142.388382622533,-1.082768992854682e-08
Ablated PINN,4,29,True,optimal,8.77540000146837e-06,0.0728439000013168,0.07285267540131826,0.182869499996741,2142.7650504902767,2.5101274454147497,2142.765050081152,-1.9093312298292785e-08
Ablated PINN,4,30,True,optimal,8.77540000146837e-06,0.07892400000127964,0.0789327754012811,0.163448100000096,2250.996336748536,2.0707253630593,2250.9963367004966,-2.1341443059404087e-09
Ablated PINN,4,31,True,optimal,8.77540000146837e-06,0.092282299996441,0.09229107539644246,0.1785808999993605,2128.2040082167287,1.9349747441153367,2128.2040082395492,1.0722931740297457e-09
Ablated PINN,4,32,True,optimal,8.77540000146837e-06,0.0843103000006522,0.08431907540065367,0.1667731999987154,2168.073081251529,1.9778822194891206,2168.0730812535458,9.30229021623782e-11
Ablated PINN,4,33,True,optimal,8.77540000146837e-06,0.07870639999964624,0.0787151753996477,0.1164429000018572,2267.5026109621767,1.4792941692711816,2267.5026104631274,-2.2008763744947182e-08
Ablated PINN,4,34,True,optimal,8.77540000146837e-06,0.07797070000015083,0.07797947540015229,0.1878309000021545,2137.412125224102,2.4087222828609547,2137.412125126895,-4.5478944994124394e-09
Ablated PINN,4,35,True,optimal,8.77540000146837e-06,0.11018049999984214,0.1101892753998436,0.1462437000009231,2150.900835057297,1.3272044803838565,2150.900834986129,-3.3087513498424864e-09
Ablated PINN,4,36,True,optimal,8.77540000146837e-06,0.08597889999873587,0.08598767539873733,0.1323833999995258,2163.6759136029063,1.539562494109124,2163.6759132389748,-1.6820059517338756e-08
Ablated PINN,4,37,True,optimal,8.77540000146837e-06,0.08502230000158306,0.08503107540158453,0.1725956000009318,2201.5724177016077,2.0297943920595825,2201.572417601532,-4.545650824727817e-09
Ablated PINN,4,38,True,optimal,8.77540000146837e-06,0.07396960000187391,0.07397837540187538,0.160774300002231,2099.834296655896,2.1732607553065475,2099.8342961241515,-2.5323175187587067e-08
Ablated PINN,4,39,True,optimal,8.77540000146837e-06,0.0732599000002665,0.07326867540026796,0.1851115999998001,2285.354927408515,2.526476683091818,2285.3549274124366,1.716031548102656e-10
Ablated PINN,4,40,True,optimal,8.77540000146837e-06,0.09230050000041956,0.09230927540042103,0.167299799999455,2215.9289669061777,1.8123834173081586,2215.9289680204656,5.0285361766971826e-08
Ablated PINN,4,41,True,optimal,8.77540000146837e-06,0.0828680999984499,0.08287687539845137,0.1460824999994656,2073.5224011154382,1.7626448788897666,2073.522401095319,-9.702999608032561e-10
Ablated PINN,4,42,True,optimal,8.77540000146837e-06,0.07850329999928363,0.07851207539928509,0.1406917999993311,2001.7136200687307,1.7919765753716428,2001.713620214595,7.2869717256548895e-09
Ablated PINN,4,43,True,optimal,8.77540000146837e-06,0.08088359999965178,0.08089237539965324,0.1380315000023984,2111.4222191006984,1.706359830830114,2111.4222186475417,-2.1462151935015288e-08
Ablated PINN,4,44,True,optimal,8.77540000146837e-06,0.07668280000143568,0.07669157540143715,0.1788926000008359,2140.494524151504,2.332623877713217,2140.4945241217915,-1.3881036403958006e-09
Ablated PINN,4,45,True,optimal,8.77540000146837e-06,0.07889539999814588,0.07890417539814734,0.1777834999993501,2281.3183748346523,2.2531570617430776,2281.3183748344627,-8.312283257412491e-12
Ablated PINN,4,46,True,optimal,8.77540000146837e-06,0.10776560000158497,0.10777437540158644,0.142802100002882,2264.943098474857,1.3250097666609157,2264.9430984761552,5.732169111246516e-11
Ablated PINN,4,47,True,optimal,8.77540000146837e-06,0.08556469999894034,0.0855734753989418,0.1615461999972467,2170.3089782897773,1.8878069313431713,2170.3089773137654,-4.497110645500117e-08
Ablated PINN,4,48,True,optimal,8.77540000146837e-06,0.10551289999784785,0.10552167539784932,0.1840803000013693,2241.2291134721945,1.7444785567261862,2241.2291133979134,-3.3143046523619918e-09
Ablated PINN,4,49,True,optimal,8.77540000146837e-06,0.12170229999901494,0.1217110753990164,0.1611412000020209,2242.603410195248,1.3239649676394458,2242.6034100561506,-6.202508402040219e-09
Ablated PINN,4,50,True,optimal,8.77540000146837e-06,0.10878890000094543,0.1087976754009469,0.1861996000006911,2210.802143979641,1.7114299484294915,2210.802142914463,-4.818062845398706e-08
Ablated PINN,4,51,True,optimal,8.77540000146837e-06,0.08007569999972475,0.08008447539972621,0.1366025000024819,2150.0550898106903,1.7057300971337686,2150.0550886503356,-5.396860383468413e-08
Ablated PINN,4,52,True,optimal,8.77540000146837e-06,0.07224769999811542,0.07225647539811689,0.1610689999979513,2119.480941998499,2.229128934265025,2119.480943538456,7.265726495927905e-08
Ablated PINN,4,53,True,optimal,8.77540000146837e-06,0.08072940000056406,0.08073817540056552,0.1741050999989966,2084.5650550714536,2.156416083658203,2084.5650550885107,8.182579067466766e-10
Ablated PINN,4,54,True,optimal,8.77540000146837e-06,0.07252669999797945,0.07253547539798091,0.1924714000015228,2193.838244627009,2.653479541500053,2193.8382445536345,-3.3445672095440973e-09
Ablated PINN,4,55,True,optimal,8.77540000146837e-06,0.08746119999705115,0.08746997539705262,0.1349238000002515,2180.968264237297,1.5425155819215868,2180.968261336557,-1.3300237884776765e-07
Ablated PINN,4,56,True,optimal,8.77540000146837e-06,0.07967900000221562,0.07968777540221708,0.1286418999989109,2162.009325302643,1.6143241463273652,2162.009322288812,-1.3939952787301433e-07
Ablated PINN,4,57,True,optimal,8.77540000146837e-06,0.07747599999856902,0.07748477539857049,0.1437790999989374,2204.156487257329,1.8555787154232362,2204.1564864257057,-3.7729776241730586e-08
Ablated PINN,4,58,True,optimal,8.77540000146837e-06,0.08633460000055493,0.0863433754005564,0.1624030999992101,2151.4437424105463,1.8808982072545148,2151.4437432153077,3.7405643883638594e-08
Ablated PINN,4,59,True,optimal,8.77540000146837e-06,0.08665420000033919,0.08666297540034065,0.1590326000005006,2188.1406708967816,1.8350696969016769,2188.1406707019346,-8.904681690163933e-09
Ablated PINN,4,60,True,optimal,8.77540000146837e-06,0.07258759999967879,0.07259637539968025,0.1382499999999709,2172.1347605289216,1.9043650490652433,2172.134760529461,2.482950726408972e-11
Ablated PINN,4,61,True,optimal,8.77540000146837e-06,0.09815420000086306,0.09816297540086452,0.142772999999579,2150.339709145356,1.4544485781583347,2150.3397116494434,1.1645077265627461e-07
Ablated PINN,4,62,True,optimal,8.77540000146837e-06,0.0939829999988433,0.09399177539884476,0.1488883000019996,2292.0675324817557,1.5840566833662508,2292.067532432758,-2.1377058974746354e-09
Ablated PINN,4,63,True,optimal,8.77540000146837e-06,0.07567720000224654,0.075685975402248,0.1309757999988505,2186.753880721318,1.7305161134906943,2186.7538801503497,-2.6110322731254598e-08
Ablated PINN,4,64,True,optimal,8.77540000146837e-06,0.07532279999941238,0.07533157539941385,0.1257339000003412,2145.1385468092994,1.6690730192975567,2145.138542917985,-1.8140154487142028e-07
Ablated PINN,4,65,True,optimal,8.77540000146837e-06,0.07174319999830914,0.0717519753983106,0.1355769000001601,2188.756171133299,1.8895214974576469,2188.756171002381,-5.98139372800118e-09
Ablated PINN,4,66,True,optimal,8.77540000146837e-06,0.08245570000144653,0.082464475401448,0.1682771999985561,2211.8674635917264,2.040602322143691,2211.8674635666025,-1.1358674086637234e-09
Ablated PINN,4,67,True,optimal,8.77540000146837e-06,0.09103079999840702,0.09103957539840848,0.1762397000020428,2198.483750442569,1.9358581060025875,2198.483750430026,-5.705430470876254e-10
Ablated PINN,4,68,True,optimal,8.77540000146837e-06,0.08209050000004936,0.08209927540005083,0.1660001999989617,2246.4362665097174,2.021944763703224,2246.436266649617,6.227634469511415e-09
Ablated PINN,4,69,True,optimal,8.77540000146837e-06,0.09932829999888781,0.09933707539888928,0.1949729999978444,2172.9731343845856,1.962741496213049,2172.973134382952,-7.517131521493911e-11
Ablated PINN,4,70,True,optimal,8.77540000146837e-06,0.09211910000158241,0.09212787540158388,0.136045400002331,2155.710575034231,1.4767018061505421,2155.7105734024403,-7.569619300764103e-08
Ablated PINN,4,71,True,optimal,8.77540000146837e-06,0.09911929999725544,0.0991280753972569,0.1852145999982895,2108.463038982749,1.86843736505566,2108.463036775973,-1.0466278401416389e-07
Ablated PINN,4,72,True,optimal,8.77540000146837e-06,0.1025182000012137,0.10252697540121516,0.1786711999993713,2157.1703631360488,1.7426750306461656,2157.170363111211,-1.1514086222637997e-09
Ablated PINN,4,73,True,optimal,8.77540000146837e-06,0.10050469999987399,0.10051347539987546,0.1690064999966125,2206.707055968855,1.6814312640593652,2206.7070553764106,-2.6847441865246667e-08
Ablated PINN,4,74,True,optimal,8.77540000146837e-06,0.08463539999866043,0.0846441753986619,0.1781746000015118,2298.2483271354718,2.104983587616455,2298.2483271304627,-2.1795042819666288e-10
Ablated PINN,4,75,True,optimal,8.77540000146837e-06,0.07549379999909434,0.0755025753990958,0.1858909000002313,2180.174836417228,2.462047142334399,2180.1748361121117,-1.3995041496648526e-08
Ablated PINN,4,76,True,optimal,8.77540000146837e-06,0.08405620000121417,0.08406497540121563,0.1516329000005498,2174.618399834324,1.8037583342748125,2174.618399790511,-2.0147483471971554e-09
Ablated PINN,4,77,True,optimal,8.77540000146837e-06,0.09847249999802443,0.0984812753980259,0.1475656000002345,2174.3947837836326,1.4984127632773583,2174.394782640589,-5.256836774839041e-08
Ablated PINN,4,78,True,optimal,8.77540000146837e-06,0.0770568000007188,0.07706557540072026,0.175710399998934,2221.9042045612405,2.280011523761254,2221.9042044192606,-6.390007875238525e-09
Ablated PINN,4,79,True,optimal,8.77540000146837e-06,0.10844649999853573,0.1084552753985372,0.1808302999997977,2132.6047374876903,1.6673259953036519,2132.6047374985596,5.096758433394883e-10
Ablated PINN,4,80,True,optimal,8.77540000146837e-06,0.10477460000038263,0.1047833754003841,0.1701151999986905,2134.406430592673,1.623494178810992,2134.4064305585157,-1.600324908956083e-09
Ablated PINN,4,81,True,optimal,8.77540000146837e-06,0.07740120000016759,0.07740997540016906,0.186559900001157,2163.312600643721,2.410024018697073,2163.3126000168118,-2.89791332411841e-08
Ablated PINN,4,82,True,optimal,8.77540000146837e-06,0.07881190000261995,0.07882067540262142,0.1820082999984151,2124.354416854229,2.3091441308857634,2124.354416413565,-2.0743423128145016e-08
Ablated PINN,4,83,True,optimal,8.77540000146837e-06,0.09138870000242605,0.09139747540242751,0.1581809000017529,2111.224892134784,1.7306922243232072,2111.224891911724,-1.0565427818879778e-08
Ablated PINN,4,84,True,optimal,8.77540000146837e-06,0.0818498999979056,0.08185867539790706,0.1533509000000776,2238.5025672758397,1.87336161078412,2238.502567232212,-1.9489614167580976e-09
Ablated PINN,4,85,True,optimal,8.77540000146837e-06,0.06512909999946714,0.06513787539946861,0.1683806000000913,2118.7422199002453,2.5849875969621348,2118.7422193738935,-2.4842657299849742e-08
Ablated PINN,4,86,True,optimal,8.77540000146837e-06,0.07132540000020526,0.07133417540020673,0.1525234000000637,2183.6453491731,2.138153264467703,2183.6453490477984,-5.738181791198659e-09
Ablated PINN,4,87,True,optimal,8.77540000146837e-06,0.08132320000004256,0.08133197540004403,0.1800709999988612,2174.0695859136545,2.214024670040951,2174.069583564848,-1.080373168520073e-07
Ablated PINN,4,88,True,optimal,8.77540000146837e-06,0.10483839999869815,0.10484717539869962,0.1865829999987909,2165.537593223561,1.7795710689322493,2165.5375932154093,-3.764331331628468e-10
Ablated PINN,4,89,True,optimal,8.77540000146837e-06,0.09757879999961006,0.09758757539961152,0.1680597999984456,2156.9892815453127,1.7221434112924445,2156.9892814334526,-5.185937573735469e-09
Ablated PINN,4,90,True,optimal,8.77540000146837e-06,0.07590369999888935,0.07591247539889082,0.1868438000019523,2176.584765774934,2.461305589366703,2176.58476574871,-1.204819398532966e-09
Ablated PINN,4,91,True,optimal,8.77540000146837e-06,0.08376940000016475,0.08377817540016622,0.1937982000017655,2132.20843254752,2.313230135128737,2132.2084324978227,-2.330778899614902e-09
Ablated PINN,4,92,True,optimal,8.77540000146837e-06,0.09932480000134092,0.09933357540134238,0.1752362000006542,2088.460785092103,1.764118519771776,2088.4607862843836,5.7088967850126426e-08
Ablated PINN,4,93,True,optimal,8.77540000146837e-06,0.08955989999958547,0.08956867539958693,0.1827865999985078,2170.8885121196104,2.0407424714394153,2170.8885119527627,-7.685687754275267e-09
Ablated PINN,4,94,True,optimal,8.77540000146837e-06,0.07548669999960111,0.07549547539960258,0.1812150000005203,2294.137593102091,2.400342524387551,2294.1375950239385,8.377210453197474e-08
Ablated PINN,4,95,True,optimal,8.77540000146837e-06,0.07767059999969206,0.07767937539969352,0.1734155999984068,2133.9083211622224,2.232453583800199,2133.908321327324,7.737046670197141e-09
Ablated PINN,4,96,True,optimal,8.77540000146837e-06,0.06947589999981574,0.0694846753998172,0.1461980999993102,2177.351260156052,2.104033719062244,2177.3512595761717,-2.663236704344765e-08
Ablated PINN,4,97,True,optimal,8.77540000146837e-06,0.07949609999923268,0.07950487539923415,0.1424073000016505,2135.045588662113,1.7911769471564039,2135.045588619794,-1.9821023353422933e-09
Ablated PINN,4,98,True,optimal,8.77540000146837e-06,0.07224570000107633,0.0722544754010778,0.1267745000004652,2195.8694888507703,1.7545556769563666,2195.8694870139866,-8.364721476900443e-08
Ablated PINN,4,99,True,optimal,8.77540000146837e-06,0.0744120000017574,0.07442077540175887,0.1410213999988627,2117.840656955495,1.8949197886955877,2117.840656969096,6.422125514020232e-10
Ablated PINN,4,100,True,optimal,8.77540000146837e-06,0.0724856999986514,0.07249447539865286,0.1444588000013027,2176.65736376737,1.992687017968091,2176.6573625921924,-5.399001596938918e-08
Ablated PINN,4,101,True,optimal,8.77540000146837e-06,0.08557019999716431,0.08557897539716577,0.1367282999999588,2186.908978284832,1.5976856390884882,2186.908978236851,-2.194002961065739e-09
Ablated PINN,4,102,True,optimal,8.77540000146837e-06,0.0795880000005127,0.07959677540051416,0.1435158999993291,2199.344849847065,1.8030366089227534,2199.3448490267547,-3.729793015958673e-08
Ablated PINN,4,103,True,optimal,8.77540000146837e-06,0.08021290000033332,0.08022167540033479,0.1415545000018028,2206.863707568415,1.7645418061315143,2206.8637075472343,-9.597678048535408e-10
Ablated PINN,4,104,True,optimal,8.77540000146837e-06,0.1022134000013466,0.10222217540134806,0.1865074999986973,2195.0450697213405,1.8245307269819433,2195.045069860681,6.347956219635313e-09
Ablated PINN,4,105,True,optimal,8.77540000146837e-06,0.08923009999853093,0.0892388753985324,0.1680889000017487,2128.435027387236,1.8835837996733995,2128.4350268894264,-2.338852935951467e-08
Ablated PINN,4,106,True,optimal,8.77540000146837e-06,0.07747310000195284,0.07748187540195431,0.1757152999998652,2247.7592614274795,2.267824560109101,2247.7592614227997,-2.0819867448797024e-10
Ablated PINN,4,107,True,optimal,8.77540000146837e-06,0.08154389999981504,0.0815526753998165,0.1554652000013447,2195.818498739696,1.9063163683983138,2195.818498695678,-2.0046365102134616e-09
Ablated PINN,4,108,True,optimal,8.77540000146837e-06,0.07734980000168434,0.07735857540168581,0.1388245000016468,2218.4259265962355,1.794558641763994,2218.4259265834503,-5.763195253397303e-10
Ablated PINN,4,109,True,optimal,8.77540000146837e-06,0.0772547000015038,0.07726347540150527,0.2014097000028414,2154.0852717993635,2.6067905819172803,2154.0852714713787,-1.5226171040271055e-08
Ablated PINN,4,110,True,optimal,8.77540000146837e-06,0.06833399999959511,0.06834277539959657,0.1782966999999189,2255.863249566368,2.608859516714497,2255.8632495468682,-8.64394878978585e-10
Ablated PINN,4,111,True,optimal,8.77540000146837e-06,0.06885889999830397,0.06886767539830543,0.1371277000034751,2200.2656308036394,1.991176545605448,2200.265630766858,-1.6716767951474851e-09
Ablated PINN,4,112,True,optimal,8.77540000146837e-06,0.08767310000257567,0.08768187540257713,0.1570001000000047,2196.633877311928,1.790565031589073,2196.6338772041645,-4.905837966081149e-09
Ablated PINN,4,113,True,optimal,8.77540000146837e-06,0.0946339000001899,0.09464267540019136,0.1431541000019933,2172.075677873342,1.512574527259231,2172.07567454892,-1.5305278527210844e-07
Ablated PINN,4,114,True,optimal,8.77540000146837e-06,0.08459279999806313,0.0846015753980646,0.1366515999980038,2150.16380719921,1.6152370609534765,2150.1638050040547,-1.0209247757564265e-07
Ablated PINN,4,115,True,optimal,8.77540000146837e-06,0.08349019999877783,0.08349897539877929,0.1552469999987806,2215.825267783301,1.85926832344161,2215.825267613672,-7.655339516128133e-09
Ablated PINN,4,116,True,optimal,8.77540000146837e-06,0.08988830000089365,0.08989707540089512,0.1743716999990283,2125.0705722715743,1.939681566073417,2125.0705719889816,-1.329804009589191e-08
Ablated PINN,4,117,True,optimal,8.77540000146837e-06,0.07937139999921783,0.0793801753992193,0.1843821000002208,2183.1345993605905,2.322772645347848,2183.1345991379167,-1.0199731232194226e-08
Ablated PINN,4,118,True,optimal,8.77540000146837e-06,0.07514359999913722,0.07515237539913869,0.1934298999985912,2241.540549661129,2.57383614252076,2241.540549656992,-1.8455328196670641e-10
Ablated PINN,4,119,True,optimal,8.77540000146837e-06,0.07345519999944372,0.07346397539944519,0.1797949000028893,2214.417993148464,2.4473886558043136,2214.4179929934867,-6.998563185192008e-09
Ablated PINN,4,120,True,optimal,8.77540000146837e-06,0.06632079999690177,0.06632957539690323,0.1488666999975976,2174.0594272111,2.244348755540923,2174.0594267786605,-1.9890866801010778e-08
Ablated PINN,4,121,True,optimal,8.77540000146837e-06,0.07960910000110744,0.0796178754011089,0.167944400000124,2192.149157617594,2.109380577590556,2192.1491576144845,-1.4184994550010835e-10
Ablated PINN,4,122,True,optimal,8.77540000146837e-06,0.10312680000060936,0.10313557540061083,0.1704238999991503,2128.1258175165203,1.652425938742966,2128.125817348184,-7.91008473165337e-09
Ablated PINN,4,123,True,optimal,8.77540000146837e-06,0.08638760000030743,0.0863963754003089,0.1413733000008505,2111.411491836729,1.6363336927713872,2111.4114889817174,-1.3521815406544893e-07
Ablated PINN,4,124,True,optimal,8.77540000146837e-06,0.07333019999714452,0.07333897539714598,0.1805094000010285,2086.656025401258,2.461302452393589,2086.656025408913,3.668653008274644e-10
Ablated PINN,4,125,True,optimal,8.77540000146837e-06,0.09516119999898365,0.09516997539898511,0.1477255000027071,2160.2534662464805,1.5522279940011672,2160.2534656637927,-2.697312138036778e-08
Ablated PINN,4,126,True,optimal,8.77540000146837e-06,0.09131749999869498,0.09132627539869645,0.1755259000019577,2172.577289017766,1.9219649464042752,2172.5772879807123,-4.7733795832055e-08
Ablated PINN,4,127,True,optimal,8.77540000146837e-06,0.0781661000000895,0.07817487540009097,0.1871931999994558,2134.577079016257,2.3945442706677853,2134.5770785493255,-2.1874656167204587e-08
Ablated PINN,4,128,True,optimal,8.77540000146837e-06,0.0814405999990413,0.08144937539904276,0.1382033000008959,2235.479863362912,1.6967999978366948,2235.479863331269,-1.4154965196815424e-09
Ablated PINN,4,129,True,optimal,8.77540000146837e-06,0.0933523999992758,0.09336117539927727,0.1843040000021574,2157.164165409233,1.9740968257302398,2157.164164547291,-3.9957191940213946e-08
Ablated PINN,4,130,True,optimal,8.77540000146837e-06,0.10977400000047055,0.10978277540047202,0.1753537000004144,2167.001353365036,1.5972788022597255,2167.00135337666,5.364210670800475e-10
Ablated PINN,4,131,True,optimal,8.77540000146837e-06,0.0973320999983116,0.09734087539831307,0.1672820000021602,2157.411703639563,1.7185175222397806,2157.4117035453883,-4.365163043794876e-09
Ablated PINN,4,132,True,optimal,8.77540000146837e-06,0.08799189999990631,0.08800067539990777,0.1481457000008958,2285.828976459381,1.6834609430855694,2285.8289764839546,1.0750426913069373e-09
Ablated PINN,4,133,True,optimal,8.77540000146837e-06,0.07132049999927403,0.0713292753992755,0.1746313000003283,2217.5341680514166,2.4482416093925727,2217.5341679356866,-5.218860626208198e-09
Ablated PINN,4,134,True,optimal,8.77540000146837e-06,0.08071130000098492,0.08072007540098639,0.1597514999994018,2186.03217742319,1.979080163216122,2186.032177184458,-1.09208069871635e-08
Ablated PINN,4,135,True,optimal,8.77540000146837e-06,0.0793545999986236,0.07936337539862506,0.1856459000009636,2242.493779482257,2.3391885623375317,2242.4937794957473,6.015660015414412e-10
Ablated PINN,4,136,True,optimal,8.77540000146837e-06,0.10366049999720417,0.10366927539720563,0.1805501999988337,2211.021614016419,1.741597974009765,2211.0216113480064,-1.2068685435266931e-07
Ablated PINN,4,137,True,optimal,8.77540000146837e-06,0.0927479999991192,0.09275677539912067,0.1534460000002582,2220.467363536261,1.6542834670567135,2220.4673634778846,-2.6290128438401153e-09
Ablated PINN,4,138,True,optimal,8.77540000146837e-06,0.07759459999942919,0.07760337539943066,0.1363553000010142,2181.887090435368,1.7570794994313428,2181.8870904211867,-6.499555453423892e-10
Ablated PINN,4,139,True,optimal,8.77540000146837e-06,0.0751657000000705,0.07517447540007197,0.1600980000002891,2180.738724118713,2.1296856299729607,2180.738722526723,-7.300232565988684e-08
Ablated PINN,4,140,True,optimal,8.77540000146837e-06,0.08463560000018333,0.0846443754001848,0.154283600000781,2175.2610737509094,1.822727136579995,2175.261073052061,-3.2127107008798957e-08
Ablated PINN,4,141,True,optimal,8.77540000146837e-06,0.1044739999997546,0.10448277539975606,0.1414598000010301,2157.122146538401,1.353905459151503,2157.122146413093,-5.809031559691926e-09
Ablated PINN,4,142,True,optimal,8.77540000146837e-06,0.10163250000186963,0.1016412754018711,0.1838609000005817,2099.713466251298,1.8089196468032223,2099.713466211064,-1.9161770052778947e-09
Ablated PINN,4,143,True,optimal,8.77540000146837e-06,0.07720429999972112,0.07721307539972258,0.155400899999222,2086.8362074908523,2.0126241468136152,2086.83620750324,5.936149919687682e-10
Ablated PINN,4,144,True,optimal,8.77540000146837e-06,0.09169509999992442,0.09170387539992589,0.1584197999982279,2168.272679792461,1.7275147784905491,2168.2726797951304,1.2311029763835083e-10
Ablated PINN,4,145,True,optimal,8.77540000146837e-06,0.07775580000088667,0.07776457540088813,0.1777634000027319,2228.263833373323,2.2859174513116636,2228.263833368646,-2.0989778830573904e-10
Ablated PINN,4,146,True,optimal,8.77540000146837e-06,0.08075230000031297,0.08076107540031444,0.1569512999994913,2239.5598810323054,1.9434027992014609,2239.559878377108,-1.1855889630302644e-07
Ablated PINN,4,147,True,optimal,8.77540000146837e-06,0.0785996000013256,0.07860837540132706,0.1781134000011661,2164.149316344846,2.265832350456631,2164.1493114985196,-2.239367753097021e-07
Ablated PINN,4,148,True,optimal,8.77540000146837e-06,0.06650549999903888,0.06651427539904034,0.160323199997947,2177.2689536288126,2.4103577620911754,2177.268953597729,-1.427650928043896e-09
Ablated PINN,4,149,True,optimal,8.77540000146837e-06,0.07100020000143559,0.07100897540143705,0.1897965999996813,2135.709550435667,2.6728536628883717,2135.7095487519587,-7.883602116105082e-08
Ablated PINN,4,150,True,optimal,8.77540000146837e-06,0.0897936999972444,0.08980247539724587,0.1435891000000992,2240.7276403431883,1.5989436746027927,2240.7276401806016,-7.255979126148397e-09
Ablated PINN,4,151,True,optimal,8.77540000146837e-06,0.0893724999987171,0.08938127539871857,0.1522335999979986,2186.645354633932,1.7031934185197488,2186.6453543661373,-1.2246832923956656e-08
Ablated PINN,4,152,True,optimal,8.77540000146837e-06,0.0950894999987213,0.09509827539872276,0.1559569999990344,2074.4486760734053,1.6399561332226749,2074.448676104828,1.5147440166310425e-09
Ablated PINN,4,153,True,optimal,8.77540000146837e-06,0.09044949999952223,0.0904582753995237,0.1841856999999436,2258.4795956987864,2.0361398577018797,2258.479595646021,-2.3363170833399687e-09
Ablated PINN,4,154,True,optimal,8.77540000146837e-06,0.11756700000114506,0.11757577540114653,0.1595646999994642,2299.556233363131,1.3571222426988836,2299.5562333621483,-4.273472468331093e-11
Ablated PINN,4,155,True,optimal,8.77540000146837e-06,0.0787625000011758,0.07877127540117726,0.185013300000719,2248.43890471399,2.348740693335961,2248.4389046768397,-1.6522632661012615e-09
Ablated PINN,4,156,True,optimal,8.77540000146837e-06,0.08139849999861326,0.08140727539861473,0.1810452999998233,2050.773843777751,2.2239449620850973,2050.773843738545,-1.9117682320569613e-09
Ablated PINN,4,157,True,optimal,8.77540000146837e-06,0.09741039999789791,0.09741917539789938,0.1634640000011131,2208.9904429627195,1.6779448125429097,2208.9904429184908,-2.0022145178635316e-09
Ablated PINN,4,158,True,optimal,8.77540000146837e-06,0.10204910000175005,0.10205787540175151,0.1887347000010777,2241.200808370232,1.849290897523805,2241.2008085509965,8.065513140947556e-09
Ablated PINN,4,159,True,optimal,8.77540000146837e-06,0.07408209999994142,0.07409087539994288,0.1697529000011854,2175.896258431304,2.2911444774388,2175.8962577087914,-3.320528691248468e-08
Ablated PINN,4,160,True,optimal,8.77540000146837e-06,0.09689070000240463,0.0968994754024061,0.1654935000005934,2196.517831214311,1.7078885031454367,2196.5178311971595,-7.808589390737024e-10
Ablated PINN,4,161,True,optimal,8.77540000146837e-06,0.09922960000039893,0.0992383754004004,0.1651651000029232,2146.0168371156287,1.6643269232948044,2146.016836182502,-4.34817910660301e-08
Ablated PINN,4,162,True,optimal,8.77540000146837e-06,0.09442660000058822,0.09443537540058969,0.1747522999976354,2239.406982234709,1.8504961647724245,2239.4069768839586,-2.3893605050810093e-07
Ablated PINN,4,163,True,optimal,8.77540000146837e-06,0.11089709999941988,0.11090587539942134,0.1569643000002543,2188.527464101313,1.4152929178454803,2188.5274637524194,-1.5941930910477997e-08
Ablated PINN,4,164,True,optimal,8.77540000146837e-06,0.0855279999996128,0.08553677539961427,0.1716226000025926,2226.2755497624607,2.006418867215873,2226.2755496671343,-4.281878469165517e-09
Ablated PINN,4,165,True,optimal,8.77540000146837e-06,0.10239539999747649,0.10240417539747795,0.1836794999981066,2086.418406022037,1.793671979537568,2086.4184060428724,9.986306707599064e-10
Ablated PINN,4,166,True,optimal,8.77540000146837e-06,0.07931209999878774,0.07932087539878921,0.1604220000008354,2125.608758310557,2.022443640394873,2125.6087582627497,-2.2491031834729738e-09
Ablated PINN,4,167,True,optimal,8.77540000146837e-06,0.09116930000163848,0.09117807540163994,0.2267114999995101,2171.1031409311204,2.486469461006329,2171.103140869211,-2.8515137389157936e-09
Ablated PINN,4,168,True,optimal,8.77540000146837e-06,0.07249400000000605,0.07250277540000752,0.2041195999991032,2133.775502059201,2.8153349837016313,2133.7755019581946,-4.733684857880827e-09
Ablated PINN,4,169,True,optimal,8.77540000146837e-06,0.09841750000123284,0.0984262754012343,0.144463500000711,2222.58842802577,1.4677330764758307,2222.5884280129417,-5.771839089390963e-10
Ablated PINN,4,170,True,optimal,8.77540000146837e-06,0.09209190000183298,0.09210067540183445,0.1493336999992607,2152.4635388030665,1.6214180769871562,2152.463538576356,-1.0532612967358693e-08
Ablated PINN,4,171,True,optimal,8.77540000146837e-06,0.1538639000027615,0.15387267540276298,0.1881853999984741,2199.261565717433,1.2229942678639811,2199.2615625111985,-1.4578686074371362e-07
Ablated PINN,4,172,True,optimal,8.77540000146837e-06,0.12612240000089514,0.1261311754008966,0.1594803999978467,2218.2303582625814,1.2644011243925426,2218.230358252073,-4.737245500740055e-10
Ablated PINN,4,173,True,optimal,8.77540000146837e-06,0.08764439999868046,0.08765317539868192,0.1421609000026364,2212.373136064863,1.6218568164362719,2212.373136093081,1.2754621793771215e-09
Ablated PINN,4,174,True,optimal,8.77540000146837e-06,0.09932639999897219,0.09933517539897366,0.1542595999999321,2164.894136983754,1.5529201954932668,2164.894136843856,-6.4621183035894e-09
Ablated PINN,4,175,True,optimal,8.77540000146837e-06,0.13185890000022482,0.1318676754002263,0.1285323000010976,2169.8810059153825,0.9747066490024519,2169.8810056898833,-1.0392238387641415e-08
Ablated PINN,4,176,True,optimal,8.77540000146837e-06,0.11529100000188919,0.11529977540189065,0.2092736000013246,2172.5767638423304,1.8150390950188529,2172.5767638026305,-1.8273185620160822e-09
Ablated PINN,4,177,True,optimal,8.77540000146837e-06,0.07823569999891333,0.0782444753989148,0.1819918000001052,2184.393641188927,2.3259380176332463,2184.393641053485,-6.2004369740934514e-09
Ablated PINN,4,178,True,optimal,8.77540000146837e-06,0.09226049999779207,0.09226927539779353,0.1521375000011176,2154.1415568471784,1.6488424705322406,2154.1415568691145,1.0183222473163343e-09
Ablated PINN,4,179,True,optimal,8.77540000146837e-06,0.0792464000005566,0.07925517540055807,0.1214622000006784,2150.4889701216216,1.5325459742761876,2150.488969837055,-1.3232655408633786e-08
Ablated PINN,4,180,True,optimal,8.77540000146837e-06,0.0774872999973013,0.07749607539730277,0.1793864999999641,2168.062715731733,2.3147817367562795,2168.062715739462,3.564881181519605e-10
Ablated PINN,4,181,True,optimal,8.77540000146837e-06,0.07628610000028857,0.07629487540029004,0.1791943999996874,2197.708183636096,2.348708206934252,2197.7081845623384,4.214584078338657e-08
Ablated PINN,4,182,True,optimal,8.77540000146837e-06,0.1181486000023142,0.11815737540231566,0.1535698000006959,2148.512333281335,1.299705578917981,2148.512335891904,1.215058897400701e-07
Ablated PINN,4,183,True,optimal,8.77540000146837e-06,0.08405439999842201,0.08406317539842348,0.1666522000014083,2091.0013945320507,1.982463774554651,2091.0013944956613,-1.7402828071011108e-09
Ablated PINN,4,184,True,optimal,8.77540000146837e-06,0.06750870000178111,0.06751747540178257,0.1744021999984397,2203.4150729445887,2.5830675534090717,2203.415072853721,-4.123944542718411e-09
Ablated PINN,4,185,True,optimal,8.77540000146837e-06,0.0729685000005702,0.07297727540057167,0.1651047000013932,2140.469384184977,2.26241249889277,2140.469384145608,-1.8392833574975577e-09
Ablated PINN,4,186,True,optimal,8.77540000146837e-06,0.0731519999972079,0.07316077539720936,0.1914623999982723,2172.793681228396,2.6170088952553043,2172.7936807049555,-2.4090670952280326e-08
Ablated PINN,4,187,True,optimal,8.77540000146837e-06,0.07130890000189538,0.07131767540189685,0.1591209000034723,2123.986826024159,2.2311565696270597,2123.986825931717,-4.35230598408625e-09
Ablated PINN,4,188,True,optimal,8.77540000146837e-06,0.0792738999989524,0.07928267539895387,0.1361703000002307,2175.827201860663,1.7175290732182766,2175.8272001937244,-7.66117232855587e-08
Ablated PINN,4,189,True,optimal,8.77540000146837e-06,0.12384390000079293,0.1238526754007944,0.1584094999998342,2180.1644696590224,1.2790155681919015,2180.164468630765,-4.716421369741698e-08
Ablated PINN,4,190,True,optimal,8.77540000146837e-06,0.13936679999824264,0.1393755753982441,0.1826565999981539,2171.6127217499998,1.3105352173524016,2171.6127194315277,-1.0676268595719401e-07
Ablated PINN,4,191,True,optimal,8.77540000146837e-06,0.10071590000006836,0.10072467540006982,0.182301600001665,2239.865022265964,1.8099000992316787,2239.8650222388483,-1.210594154965037e-09
Ablated PINN,4,192,True,optimal,8.77540000146837e-06,0.13681089999954565,0.13681967539954712,0.1405183999995642,2192.0895212092523,1.0270335723953143,2192.0895212067117,-1.1590190203551215e-10
Ablated PINN,4,193,True,optimal,8.77540000146837e-06,0.10668009999790229,0.10668887539790375,0.1785666000032506,2208.679391242466,1.6737133964274509,2208.6793914767527,1.0607548818555006e-08
Ablated PINN,4,194,True,optimal,8.77540000146837e-06,0.11275030000251718,0.11275907540251864,0.1606246999981522,2166.5077506583,1.4244946530890445,2166.507747629605,-1.397961820252235e-07
Ablated PINN,4,195,True,optimal,8.77540000146837e-06,0.09841460000097868,0.09842337540098015,0.1736755999991146,2139.2633586126103,1.7645767511178556,2139.263355046994,-1.6667495430294442e-07
Ablated PINN,4,196,True,optimal,8.77540000146837e-06,0.09269070000300417,0.09269947540300563,0.2090443000015511,2194.5969662763114,2.2550753290969885,2194.596966182139,-4.2910960919084955e-09
Ablated PINN,4,197,True,optimal,8.77540000146837e-06,0.08360330000141403,0.08361207540141549,0.144250400000601,2199.282299487039,1.7252340563018598,2199.2822992414594,-1.1166346661965617e-08
Ablated PINN,4,198,True,optimal,8.77540000146837e-06,0.0694850999971095,0.06949387539711097,0.1912620000002789,2239.817752546761,2.7522137585124535,2239.8177523950803,-6.7720029439164194e-09
Ablated PINN,4,199,True,optimal,8.77540000146837e-06,0.0971453999991354,0.09715417539913687,0.1643854000030842,2106.1646766369963,1.6920055090555028,2106.164676650487,6.405261212973508e-10
Ablated PINN,4,200,True,optimal,8.77540000146837e-06,0.08739259999856586,0.08740137539856732,0.2004094000003533,2142.3130341915,2.292977645791583,2142.31303412551,-3.0803039180542415e-09
Ablated PINN,4,201,True,optimal,8.77540000146837e-06,0.07724640000014915,0.07725517540015062,0.1870936999985133,2049.590738116899,2.4217626719432515,2049.5907399292955,8.84272378259222e-08
Ablated PINN,4,202,True,optimal,8.77540000146837e-06,0.09507729999677395,0.09508607539677541,0.194703400000435,2240.5332363379944,2.0476541826758146,2240.533236319473,-8.266516449685355e-10
Ablated PINN,4,203,True,optimal,8.77540000146837e-06,0.06934479999836185,0.06935357539836332,0.1754158000003371,2117.504098796574,2.529297141391167,2117.504098221748,-2.714639927728249e-08
Ablated PINN,4,204,True,optimal,8.77540000146837e-06,0.0768867999977374,0.07689557539773886,0.1983172000000195,2226.221432526177,2.5790456599646054,2226.221432801915,1.2385914140019797e-08
Ablated PINN,4,205,True,optimal,8.77540000146837e-06,0.0895816999982344,0.08959047539823586,0.1912572000001091,2216.567806586794,2.1347938957791843,2216.5678065816082,-2.339625602293151e-10
Ablated PINN,4,206,True,optimal,8.77540000146837e-06,0.07025689999863971,0.07026567539864118,0.1950174000012339,2213.620576697396,2.775429096708081,2213.6205754374782,-5.6916599288101886e-08
Ablated PINN,4,207,True,optimal,8.77540000146837e-06,0.07582939999701921,0.07583817539702067,0.1802447000009124,2262.6614519989166,2.3767014311369277,2262.6614520354024,1.6125145090283327e-09
Ablated PINN,4,208,True,optimal,8.77540000146837e-06,0.07272620000003371,0.07273497540003518,0.1517549999989569,2149.9697779261032,2.0864102746212447,2149.9697777552037,-7.948926221474443e-09
Ablated PINN,4,209,True,optimal,8.77540000146837e-06,0.1038527000018803,0.10386147540188176,0.1734698000000207,2066.340722505003,1.6702035025864632,2066.3407228795572,1.8126440413254833e-08
Ablated PINN,4,210,True,optimal,8.77540000146837e-06,0.08425209999768413,0.08426087539768559,0.1688500999989628,2208.201297716252,2.0038968169039535,2208.2012976066076,-4.965334846645638e-09
Ablated PINN,4,211,True,optimal,8.77540000146837e-06,0.08126049999918905,0.08126927539919052,0.1884791000011318,2190.717004313053,2.319192574011914,2190.7170040172127,-1.350427444577513e-08
Ablated PINN,4,212,True,optimal,8.77540000146837e-06,0.11138119999668561,0.11138997539668707,0.1851094000012381,2214.9684135868,1.6618138153098432,2214.968413568994,-8.038980222962266e-10
Ablated PINN,4,213,True,optimal,8.77540000146837e-06,0.09589810000034049,0.09590687540034196,0.1830778000003192,2354.966217688865,1.908912152920232,2354.9662173711686,-1.3490490920196162e-08
Ablated PINN,4,214,True,optimal,8.77540000146837e-06,0.08032550000280025,0.08033427540280172,0.1650474000016402,2144.7554674622625,2.0545078570022683,2144.755466937847,-2.445106505113499e-08
Ablated PINN,4,215,True,optimal,8.77540000146837e-06,0.07904210000197054,0.079050875401972,0.1528197000006912,2193.940292266001,1.9331816279529646,2193.940292200236,-2.9975796228221126e-09
Ablated PINN,4,216,True,optimal,8.77540000146837e-06,0.08687819999977364,0.08688697539977511,0.1810650999977952,2172.003481336323,2.083915329825877,2172.0034813513694,6.92734874877975e-10
Ablated PINN,4,217,True,optimal,8.77540000146837e-06,0.0872507999993104,0.08725957539931187,0.178206799999316,2138.386466707876,2.04226068238147,2138.3864666696145,-1.7892711726608682e-09
Ablated PINN,4,218,True,optimal,8.77540000146837e-06,0.10068849999879603,0.1006972753987975,0.1613545000000158,2192.302524729663,1.6023720538713073,2192.302524652356,-3.5262947872685486e-09
Ablated PINN,4,219,True,optimal,8.77540000146837e-06,0.07848319999902742,0.07849197539902888,0.1872309000027598,2322.5481640934368,2.385350847025265,2322.5481640336093,-2.575941024701097e-09
Ablated PINN,4,220,True,optimal,8.77540000146837e-06,0.07406459999765502,0.07407337539765649,0.1657451999999466,2150.495950016065,2.237581305160699,2150.4959500285054,5.784955455558084e-10
Ablated PINN,4,221,True,optimal,8.77540000146837e-06,0.076337099999364,0.07634587539936546,0.1721108000019739,2059.2495401305023,2.254356232103724,2059.249544451789,2.098476478830908e-07
Ablated PINN,4,222,True,optimal,8.77540000146837e-06,0.07064569999783998,0.07065447539784145,0.1648593000027176,2198.4992904629758,2.333317161785256,2198.4992904225514,-1.8387229500168953e-09
Ablated PINN,4,223,True,optimal,8.77540000146837e-06,0.08004569999684463,0.0800544753968461,0.1469413999984681,2235.8922996888737,1.8355176180975528,2235.8922997524887,2.8451755780772824e-09
Ablated PINN,4,224,True,optimal,8.77540000146837e-06,0.10494909999761148,0.10495787539761295,0.1875618999983999,2076.2792272501188,1.7870207384425163,2076.2792272762886,1.2604181655987686e-09
Ablated PINN,4,225,True,optimal,8.77540000146837e-06,0.09822259999782545,0.09823137539782692,0.2215020000003278,2286.836929862118,2.2549007290518697,2286.836929917445,2.419380694376334e-09
Ablated PINN,4,226,True,optimal,8.77540000146837e-06,0.08642589999726624,0.08643467539726771,0.1873942999991413,2080.463959208041,2.1680453954138996,2080.46395925695,2.3508692311670185e-09
Ablated PINN,4,227,True,optimal,8.77540000146837e-06,0.08772780000072089,0.08773657540072236,0.1700560999997833,2060.082420295672,1.9382577815817414,2060.082420344382,2.3644812464936476e-09
Ablated PINN,4,228,True,optimal,8.77540000146837e-06,0.11956730000019888,0.11957607540020035,0.2066310000009252,2180.314112245705,1.728029618879589,2180.3141122396423,-2.780650571386624e-10
Ablated PINN,4,229,True,optimal,8.77540000146837e-06,0.0871606000000611,0.08716937540006256,0.2069301999981689,2276.716349943137,2.3738864601067267,2276.716350045872,4.512406761845072e-09
Ablated PINN,4,230,True,optimal,8.77540000146837e-06,0.07670250000228407,0.07671127540228553,0.1743741000027512,2175.9405394864084,2.2731221595300957,2175.9405459105415,2.952347706831878e-07
Ablated PINN,4,231,True,optimal,8.77540000146837e-06,0.09439639999982319,0.09440517539982465,0.1648185000012745,2270.9542795612897,1.7458629709995817,2270.9542795774214,7.103492866647585e-10
Ablated PINN,4,232,True,optimal,8.77540000146837e-06,0.08049590000155149,0.08050467540155296,0.2048910000012256,2117.0853331765643,2.545081996533001,2117.0853337612507,2.761751711274308e-08
Ablated PINN,4,233,True,optimal,8.77540000146837e-06,0.07910950000223238,0.07911827540223385,0.1794805000026826,2145.028989981709,2.268508749593082,2145.0289901335855,7.080394761954073e-09
Ablated PINN,4,234,True,optimal,8.77540000146837e-06,0.08469150000018999,0.08470027540019145,0.1867048000021895,2181.070621304501,2.2042997985549344,2181.07062342918,9.741450791449528e-08
Ablated PINN,4,235,True,optimal,8.77540000146837e-06,0.06949450000320212,0.06950327540320358,0.1541531000002578,2171.7651219174927,2.217925689199282,2171.765120839032,-4.965825339878879e-08
Ablated PINN,4,236,True,optimal,8.77540000146837e-06,0.080925300000672,0.08093407540067346,0.1518465000008291,2097.0429322095297,1.8761751369753163,2097.0429321658726,-2.0818414948307382e-09
Ablated PINN,4,237,True,optimal,8.77540000146837e-06,0.08346220000021276,0.08347097540021423,0.1905240999985835,2215.8277017225564,2.282519152137457,2215.827701659273,-2.855977962314772e-09
Ablated PINN,4,238,True,optimal,8.77540000146837e-06,0.08465879999857862,0.08466757539858008,0.161496900000202,2213.065903764337,1.907423228313095,2213.065904034789,1.222070912032168e-08
Ablated PINN,4,239,True,optimal,8.77540000146837e-06,0.09893959999681101,0.09894837539681248,0.1797532999989926,2144.724819794156,1.8166372037754868,2144.724819262377,-2.4794734444932864e-08
Ablated PINN,4,240,True,optimal,8.77540000146837e-06,0.07925039999827277,0.07925917539827423,0.2170844000029319,2227.303081240274,2.738918225077303,2227.3030812286775,-5.206526355855532e-10
Ablated PINN,4,241,True,optimal,8.77540000146837e-06,0.09918319999997038,0.09919197539997185,0.1749574999994365,2195.997977255815,1.7638271573275488,2195.9979772096485,-2.1022972829435685e-09
Ablated PINN,4,242,True,optimal,8.77540000146837e-06,0.09287480000057258,0.09288357540057404,0.1473356999995303,2150.070248313176,1.5862406175055546,2150.07024719517,-5.1998575987266704e-08
Ablated PINN,4,243,True,optimal,8.77540000146837e-06,0.10626450000199839,0.10627327540199985,0.1628168000024743,2253.1276826909134,1.5320577952132115,2253.1276827702604,3.5216400240580814e-09
Ablated PINN,4,244,True,optimal,8.77540000146837e-06,0.10543150000012247,0.10544027540012393,0.154321300000447,2160.725050099758,1.463589690133393,2160.725049934688,-7.639570112481882e-09
Ablated PINN,4,245,True,optimal,8.77540000146837e-06,0.0800825000005716,0.08009127540057306,0.1683622000018658,2216.017872035165,2.102129091587186,2216.01787193959,-4.312923710436271e-09
Ablated PINN,4,246,True,optimal,8.77540000146837e-06,0.08549889999994775,0.08550767539994922,0.1499887999998463,2166.915413034995,1.7540975040930111,2166.9154128482983,-8.615773545352634e-09
Ablated PINN,4,247,True,optimal,8.77540000146837e-06,0.07358120000208146,0.07358997540208292,0.1854454999993322,2194.0667932879514,2.519983176867365,2194.0667930756467,-9.676310362400358e-09
Ablated PINN,4,248,True,optimal,8.77540000146837e-06,0.08252060000086203,0.0825293754008635,0.164037599999574,2108.92246520784,1.9876268201813836,2108.922465023892,-8.722370544786789e-09
Ablated PINN,4,249,True,optimal,8.77540000146837e-06,0.09718209999846295,0.09719087539846441,0.1914649999998801,2211.376165698668,1.9699894585259101,2211.376166438619,3.34611000910736e-08
Ablated PINN,4,250,True,optimal,8.77540000146837e-06,0.07977140000002692,0.07978017540002838,0.1957933000012417,2230.8479523420733,2.4541598087433143,2230.847952344336,1.0143330546734048e-10
Ablated PINN,4,251,True,optimal,8.77540000146837e-06,0.09014340000067023,0.09015217540067169,0.1901084000019182,2226.7534290027884,2.1087500013948834,2226.753429008264,2.459011752583702e-10
Ablated PINN,4,252,True,optimal,8.77540000146837e-06,0.08431360000031418,0.08432237540031565,0.2105768999972497,2134.994969312902,2.4972837754812756,2134.9949693093035,-1.6854446213157383e-10
Ablated PINN,4,253,True,optimal,8.77540000146837e-06,0.07701369999995222,0.07702247539995369,0.1540368999994825,2222.6753230172544,1.9998954746600512,2222.675323008537,-3.92207832885804e-10
Ablated PINN,4,254,True,optimal,8.77540000146837e-06,0.07393750000119326,0.07394627540119472,0.1864795000001322,2182.1593758800086,2.521824107953912,2182.159375116976,-3.4966850355547926e-08
Ablated PINN,4,255,True,optimal,8.77540000146837e-06,0.07297019999896293,0.07297897539896439,0.1633569000005081,2120.4797410569017,2.238410434066278,2120.47974102479,-1.5143520974876923e-09
Ablated PINN,4,256,True,optimal,8.77540000146837e-06,0.09669969999958994,0.0967084753995914,0.1984661000024061,2300.1678923890854,2.0522099969248884,2300.167892389992,3.942174050285479e-11
Ablated PINN,4,257,True,optimal,8.77540000146837e-06,0.09659230000033858,0.09660107540034005,0.1652689999973517,2085.162441274529,1.7108401672800626,2085.1624413228296,2.3163919592533907e-09
Ablated PINN,4,258,True,optimal,8.77540000146837e-06,0.084067399999185,0.08407617539918646,0.1868017000015243,2141.9358861714218,2.2218149090941144,2141.9358860678585,-4.835030444412343e-09
Ablated PINN,4,259,True,optimal,8.77540000146837e-06,0.07839600000079372,0.07840477540079518,0.2039970000005269,2166.4386621944127,2.6018440708199253,2166.438660711097,-6.8467935574836e-08
Ablated PINN,4,260,True,optimal,8.77540000146837e-06,0.0738920000003418,0.07390077540034326,0.1963370000012219,2212.2281696701148,2.6567650872078663,2212.2281692145184,-2.05944563240286e-08
Ablated PINN,4,261,True,optimal,8.77540000146837e-06,0.08120140000028186,0.08121017540028333,0.2069185000000288,2075.912783905306,2.547938099876421,2075.91278897196,2.440687321346217e-07
Ablated PINN,4,262,True,optimal,8.77540000146837e-06,0.09681479999926523,0.0968235753992667,0.1651162999987718,2219.190948463322,1.7053315715505206,2219.19094839772,-2.9561157359760905e-09
Ablated PINN,4,263,True,optimal,8.77540000146837e-06,0.0767515999978059,0.07676037539780736,0.1523746000020764,2177.9007071265937,1.9850684576827764,2177.900707070045,-2.5964793708176432e-09
Ablated PINN,4,264,True,optimal,8.77540000146837e-06,0.07758490000196616,0.07759367540196763,0.1882799000013619,2082.1606036047424,2.426485135882447,2082.1606036409476,1.7388267276547498e-09
Ablated PINN,4,265,True,optimal,8.77540000146837e-06,0.08187099999850034,0.0818797753985018,0.167796099998668,2187.077225453803,2.0492984889372114,2187.077225354661,-4.533070096916275e-09
Ablated PINN,4,266,True,optimal,8.77540000146837e-06,0.09681669999918086,0.09682547539918232,0.157673400000931,2105.9647774907417,1.6284288752612985,2105.9647756465115,-8.757174739903347e-08
Ablated PINN,4,267,True,optimal,8.77540000146837e-06,0.07177120000051218,0.07177997540051365,0.1496342000027652,2162.19410042925,2.08462317196189,2162.1941002824738,-6.788293147797414e-09
Ablated PINN,4,268,True,optimal,8.77540000146837e-06,0.08347579999826849,0.08348457539826995,0.1357625000018743,2162.8386441282087,1.6261986044033674,2162.838643083188,-4.831709401244266e-08
Ablated PINN,4,269,True,optimal,8.77540000146837e-06,0.07979320000231382,0.07980197540231529,0.1630485999994562,2127.5411836072435,2.043164961486977,2127.54118333966,-1.257711708544357e-08
Ablated PINN,4,270,True,optimal,8.77540000146837e-06,0.09388920000128564,0.09389797540128711,0.1753764999994018,2141.4755157456925,1.867734626331441,2141.4755156741185,-3.3422772883373424e-09
Ablated PINN,4,271,True,optimal,8.77540000146837e-06,0.07588829999804148,0.07589707539804294,0.1578702999977395,2157.231709987476,2.0800577514981597,2157.2317100134246,1.20287464791782e-09
Ablated PINN,4,272,True,optimal,8.77540000146837e-06,0.08096859999932349,0.08097737539932495,0.1553596000012476,2251.103522681476,1.918555636498719,2251.103522680217,-5.593680618937894e-11
Ablated PINN,4,273,True,optimal,8.77540000146837e-06,0.10445909999907599,0.10446787539907745,0.1258467000006931,2224.7645391161536,1.2046449640135444,2224.7645392500986,6.020633660500512e-09
Ablated PINN,4,274,True,optimal,8.77540000146837e-06,0.10187849999783793,0.1018872753978394,0.1255964999982097,2248.992133882215,1.232700545851215,2248.9921335281897,-1.574151171118157e-08
Ablated PINN,4,275,True,optimal,8.77540000146837e-06,0.0981839999985823,0.09819277539858376,0.1602650999993784,2165.2296063945014,1.6321475724546015,2165.22960378242,-1.206376223890298e-07
Ablated PINN,4,276,True,optimal,8.77540000146837e-06,0.10537669999757782,0.10538547539757928,0.1355507000007492,2255.260071499048,1.286237021651874,2255.2600714896016,-4.18863741674172e-10
Ablated PINN,4,277,True,optimal,8.77540000146837e-06,0.08591100000194274,0.0859197754019442,0.174569300001167,2167.9748501241124,2.0317709070409977,2167.9748502385414,5.278150961562672e-09
Ablated PINN,4,278,True,optimal,8.77540000146837e-06,0.0689325999992434,0.06894137539924486,0.189471699999558,2168.666543748825,2.748301711451399,2168.6665437295123,-8.905318016947302e-10
Ablated PINN,4,279,True,optimal,8.77540000146837e-06,0.07890259999840055,0.07891137539840201,0.1697157000016886,2033.8752707221165,2.1507127349490527,2033.875270707978,-6.951532421843765e-10
Ablated PINN,4,280,True,optimal,8.77540000146837e-06,0.07081130000005942,0.07082007540006088,0.1369254000019282,2155.3513359880685,1.9334263516162606,2155.3513358738282,-5.300308276435785e-09
Ablated PINN,4,281,True,optimal,8.77540000146837e-06,0.10454849999950966,0.10455727539951112,0.2123275999983889,2122.6809873022803,2.0307300394648737,2122.6809867251472,-2.7188873605386503e-08
Ablated PINN,4,282,True,optimal,8.77540000146837e-06,0.12155050000001211,0.12155927540001357,0.1921188999986043,2118.7416343232285,1.5804544685413848,2118.741633695617,-2.962189257559523e-08
Ablated PINN,4,283,True,optimal,8.77540000146837e-06,0.10292440000193892,0.10293317540194039,0.192897199998697,2158.957560505516,1.8740041706229216,2158.9575595996153,-4.196010380337247e-08
Ablated PINN,4,284,True,optimal,8.77540000146837e-06,0.07891119999840157,0.07891997539840304,0.1796782000019448,2273.889670073256,2.2767138369581983,2273.8896700650957,-3.5887586451785497e-10
Ablated PINN,4,285,True,optimal,8.77540000146837e-06,0.11186349999843515,0.11187227539843661,0.1300529000000096,2115.677822328654,1.162512334149119,2115.6778293644825,3.3255669654861407e-07
Ablated PINN,4,286,True,optimal,8.77540000146837e-06,0.09258620000036899,0.09259497540037046,0.1459980999970866,2196.2220295681013,1.5767389036587236,2196.222029470526,-4.442863142525588e-09
Ablated PINN,4,287,True,optimal,8.77540000146837e-06,0.09145689999786555,0.09146567539786701,0.1868482999998377,2202.066156379918,2.0428242527818803,2202.0661563780855,-8.322328640140411e-11
Ablated PINN,4,288,True,optimal,8.77540000146837e-06,0.1010876999971515,0.10109647539715297,0.1656379000014567,2182.373867339894,1.6384141915012926,2182.3738734597773,2.804232367760838e-07
Ablated PINN,4,289,True,optimal,8.77540000146837e-06,0.08274770000207354,0.08275647540207501,0.1495441000006394,2211.584568758089,1.8070380507878634,2211.5845684120454,-1.5646864222342718e-08
Ablated PINN,4,290,True,optimal,8.77540000146837e-06,0.07495750000089174,0.0749662754008932,0.1592672999977367,2234.958415963913,2.124519314132006,2234.9584157626364,-9.005833532869168e-09
Ablated PINN,4,291,True,optimal,8.77540000146837e-06,0.07600629999797093,0.07601507539797239,0.1775887000003422,2225.3833521530064,2.336230005306015,2225.383352123945,-1.30591158260373e-09
Ablated PINN,4,292,True,optimal,8.77540000146837e-06,0.08595670000067912,0.08596547540068059,0.1876599000024725,2191.5297747841546,2.1829682105263717,2191.529774692003,-4.204908517937555e-09
Ablated PINN,4,293,True,optimal,8.77540000146837e-06,0.07949970000117901,0.07950847540118047,0.1814896999967459,2173.9351671876693,2.282645957943388,2173.935167236367,2.2400635630443745e-09
Ablated PINN,4,294,True,optimal,8.77540000146837e-06,0.08327640000061365,0.08328517540061511,0.1912125000017113,2221.8731689601696,2.29587677617233,2221.8731689830347,1.0290934635401861e-09
Ablated PINN,4,295,True,optimal,8.77540000146837e-06,0.12026940000214381,0.12027817540214528,0.1916350999999849,2152.791180484056,1.593265772109201,2152.7911804306627,-2.480187172525805e-09
Ablated PINN,4,296,True,optimal,8.77540000146837e-06,0.11272360000293702,0.11273237540293848,0.1938859000001684,2162.3602395464923,1.7198777130985086,2162.360238129724,-6.551952233768507e-08
Ablated PINN,4,297,True,optimal,8.77540000146837e-06,0.0960038999983226,0.09601267539832406,0.1667852999999013,2139.5005791467493,1.7371175139945387,2139.5005788412022,-1.4281230945925913e-08
Ablated PINN,4,298,True,optimal,8.77540000146837e-06,0.08270869999978459,0.08271747539978605,0.185193999997864,2183.7547421460417,2.238873939307183,2183.7547421019635,-2.0184595423365674e-09
Ablated PINN,4,299,True,optimal,8.77540000146837e-06,0.09306289999949513,0.0930716753994966,0.1797445000011066,2165.291704792407,1.931248139990814,2165.2917047977003,2.44459402518513e-10
Ablated PINN,4,300,True,optimal,8.77540000146837e-06,0.08694280000054277,0.08695157540054424,0.2011792999983299,2134.5860261439225,2.3136935595656922,2134.58602602534,-5.555299540467636e-09
Ablated PINN,4,301,True,optimal,8.77540000146837e-06,0.07543489999807207,0.07544367539807353,0.1329354000008606,2209.4187808300176,1.7620483002642144,2209.4187805598,-1.2230261616835127e-08
Ablated PINN,4,302,True,optimal,8.77540000146837e-06,0.07970009999917238,0.07970887539917385,0.1474019999986922,2264.6526783053887,1.8492545436191157,2264.652678655011,1.5438239145304905e-08
Ablated PINN,4,303,True,optimal,8.77540000146837e-06,0.0905626999992819,0.09057147539928337,0.2004344999986642,2182.4879524071234,2.212998067162436,2182.4879521638272,-1.1147653709558072e-08
Ablated PINN,4,304,True,optimal,8.77540000146837e-06,0.08126319999792031,0.08127197539792178,0.2144152000000758,2298.446942840016,2.638242751579023,2298.4469428282678,-5.111450515205366e-10
Ablated PINN,4,305,True,optimal,8.77540000146837e-06,0.11555099999895901,0.11555977539896048,0.1916431999998167,2219.554113561441,1.658390208341826,2219.5541135397193,-9.786612805280646e-10
Ablated PINN,4,306,True,optimal,8.77540000146837e-06,0.12029189999884693,0.1203006753988484,0.1999945999996271,2158.6573355187134,1.6624561693985436,2158.657335421234,-4.515732339021184e-09
Ablated PINN,4,307,True,optimal,8.77540000146837e-06,0.07356129999971017,0.07357007539971164,0.164086299999326,2106.293427636591,2.230340245104182,2106.2934275183816,-5.612195270381727e-09
Ablated PINN,4,308,True,optimal,8.77540000146837e-06,0.12169390000053681,0.12170267540053828,0.1880562000005738,2120.317801078761,1.5452100734980394,2120.3178009080384,-8.051746517667772e-09
Ablated PINN,4,309,True,optimal,8.77540000146837e-06,0.12798060000204714,0.1279893754020486,0.1561755000002449,2126.1744321940173,1.220222377909543,2126.174431443952,-3.527769271493849e-08
Ablated PINN,4,310,True,optimal,8.77540000146837e-06,0.11815600000045379,0.11816477540045525,0.1320761000024504,2069.081862536293,1.1177281855345662,2069.081862551159,7.184679915107881e-10
Ablated PINN,4,311,True,optimal,8.77540000146837e-06,0.09482349999962025,0.09483227539962172,0.1515479000008781,2061.1549558310385,1.598062467258722,2061.154955878445,2.2999969847535432e-09
Ablated PINN,4,312,True,optimal,8.77540000146837e-06,0.09663919999729842,0.09664797539729988,0.1136442999995779,2180.1149814162545,1.1758580511636134,2180.114981397185,-8.746958566233542e-10
Ablated PINN,4,313,True,optimal,8.77540000146837e-06,0.13604819999818574,0.1360569753981872,0.1372040999995079,2188.0807312513416,1.0084312075728825,2188.080731244175,-3.275390230173108e-10
Ablated PINN,4,314,True,optimal,8.77540000146837e-06,0.11660990000018501,0.11661867540018647,0.1179652999999234,2222.5581159645926,1.0115472465719224,2222.55811588872,-3.4137589456496227e-09
Ablated PINN,4,315,True,optimal,8.77540000146837e-06,0.1667024999987916,0.16671127539879307,0.204678000001877,2145.9342340595863,1.227739392625142,2145.9342340339026,-1.1968528775520455e-09
Ablated PINN,4,316,True,optimal,8.77540000146837e-06,0.11320899999918765,0.11321777539918912,0.1662551999979769,2132.5852964854,1.468454926020103,2132.5852964091855,-3.5737980512255917e-09
Ablated PINN,4,317,True,optimal,8.77540000146837e-06,0.12898349999886705,0.1289922753988685,0.1558721000001242,2254.9250954710506,1.2083832114608273,2254.9250954710915,1.815016457175582e-12
Ablated PINN,4,318,True,optimal,8.77540000146837e-06,0.07277740000063204,0.07278617540063351,0.1743176999989373,2263.226844507007,2.3949286940747827,2263.226844548922,1.8520005154426931e-09
Ablated PINN,4,319,True,optimal,8.77540000146837e-06,0.0859576000002562,0.08596637540025767,0.1878381000024092,2210.304634881842,2.1850182600794654,2210.3046346061938,-1.247105424388806e-08
Ablated PINN,4,320,True,optimal,8.77540000146837e-06,0.08120419999977457,0.08121297539977604,0.1402054000027419,2082.329886286688,1.726391617996655,2082.3298875024443,5.8384415296777784e-08
Ablated PINN,4,321,True,optimal,8.77540000146837e-06,0.08387859999857028,0.08388737539857175,0.1832721000027959,2092.9242742982774,2.1847399460529107,2092.924274321369,1.1033182621194452e-09
Ablated PINN,4,322,True,optimal,8.77540000146837e-06,0.08379039999999804,0.08379917539999951,0.1814297999990231,2185.130356631259,2.1650547172212886,2185.1303566003885,-1.4127543384880549e-09
Ablated PINN,4,323,True,optimal,8.77540000146837e-06,0.09991049999734969,0.09991927539735115,0.1583245000001625,2189.102213805668,1.5845241007858595,2189.1022137060813,-4.549193088592801e-09
Ablated PINN,4,324,True,optimal,8.77540000146837e-06,0.11315219999960391,0.11316097539960537,0.1484041000003344,2171.272589872131,1.311442389713194,2171.2725892672615,-2.785783133251947e-08
Ablated PINN,4,325,True,optimal,8.77540000146837e-06,0.11301289999755681,0.11302167539755828,0.1501671000005444,2214.206873225862,1.32865752938386,2214.206873021142,-9.245747716120891e-09
Ablated PINN,4,326,True,optimal,8.77540000146837e-06,0.0925771000001987,0.09258587540020016,0.1545449000004737,2125.986871701245,1.6692060136868305,2125.9868716008577,-4.721915174257833e-09
Ablated PINN,4,327,True,optimal,8.77540000146837e-06,0.09206589999666903,0.0920746753966705,0.1809763999990536,2202.56873108054,1.9655393757228263,2202.568730265055,-3.702428102079966e-08
Ablated PINN,4,328,True,optimal,8.77540000146837e-06,0.08009320000201114,0.08010197540201261,0.1562159999994037,2184.037543854672,1.9502140766865366,2184.0375438516444,-1.386289292838065e-10
Ablated PINN,4,329,True,optimal,8.77540000146837e-06,0.09028679999755695,0.09029557539755842,0.1399351000000024,2173.826474611812,1.5497448173278512,2173.8264743059153,-1.4071809460542448e-08
Ablated PINN,4,330,True,optimal,8.77540000146837e-06,0.09484759999759262,0.09485637539759409,0.2051428000013402,2128.234033394617,2.1626674974821287,2128.234033229018,-7.781051036256306e-09
Ablated PINN,4,331,True,optimal,8.77540000146837e-06,0.09174849999908474,0.09175727539908621,0.1862562999995134,2104.584535308683,2.0298804556850247,2104.5845352636306,-2.140673089810811e-09
Ablated PINN,4,332,True,optimal,8.77540000146837e-06,0.07438980000006268,0.07439857540006414,0.1896450000022014,2252.763428235852,2.5490407441597047,2252.7634284824835,1.0947945672738037e-08
Ablated PINN,4,333,True,optimal,8.77540000146837e-06,0.09558990000004997,0.09559867540005143,0.1778735000007145,2151.601771701695,1.8606272446387768,2151.601771493714,-9.666332190282001e-09
Ablated PINN,4,334,True,optimal,8.77540000146837e-06,0.07984229999783565,0.07985107539783712,0.1836159999984374,2228.6659115636726,2.2994806154283913,2228.66591173107,7.51110793293904e-09
Ablated PINN,4,335,True,optimal,8.77540000146837e-06,0.0781819000003452,0.07819067540034666,0.2050641000023461,2190.661498984035,2.622615790852178,2190.6614989096315,-3.396393639537418e-09
Ablated PINN,4,336,True,optimal,8.77540000146837e-06,0.07348709999860148,0.07349587539860294,0.1579936000016459,2235.4954508447577,2.149693423539372,2235.495450531402,-1.4017272342962236e-08
Ablated PINN,4,337,True,optimal,8.77540000146837e-06,0.07597339999847463,0.0759821753984761,0.1761824999994132,2092.3407048610115,2.318734612104127,2092.3407051688337,1.4711854483292788e-08
Ablated PINN,4,338,True,optimal,8.77540000146837e-06,0.07410809999782941,0.07411687539783088,0.1750023999993573,2171.447278130524,2.3611680748818906,2171.447278090592,-1.8389495352182818e-09
Ablated PINN,4,339,True,optimal,8.77540000146837e-06,0.08692969999901834,0.0869384753990198,0.1660876999994798,2216.45546251155,1.910405021909924,2216.4554624777484,-1.525039682071465e-09
Ablated PINN,4,340,True,optimal,8.77540000146837e-06,0.07317799999873387,0.07318677539873533,0.1920820000013918,2163.9528951434622,2.6245451989774504,2163.95289487553,-1.2381606712547316e-08
Ablated PINN,4,341,True,optimal,8.77540000146837e-06,0.07488409999859869,0.07489287539860015,0.1864521000024979,2223.825782895802,2.489583942533243,2223.8257828616115,-1.5374691033228164e-09
Ablated PINN,4,342,True,optimal,8.77540000146837e-06,0.07597880000321311,0.07598757540321457,0.1492392000000109,2055.728688606198,1.9639947610921862,2055.7286886772526,3.4564253890690522e-09
Ablated PINN,4,343,True,optimal,8.77540000146837e-06,0.07541399999900023,0.07542277539900169,0.1174037999990105,2147.2559572665987,1.5566093846045936,2147.2559574464995,8.378171213635825e-09
Ablated PINN,4,344,True,optimal,8.77540000146837e-06,0.0920613999987836,0.09207017539878506,0.1245152000010421,2208.61954208722,1.35239451279122,2208.6195422520486,7.462970926230279e-09
Ablated PINN,4,345,True,optimal,8.77540000146837e-06,0.09577859999990324,0.0957873753999047,0.1329647999991721,2179.495059787069,1.3881244730221973,2179.4950596961107,-4.173357033708809e-09
Ablated PINN,4,346,True,optimal,8.77540000146837e-06,0.0953893000005337,0.09539807540053516,0.1801190999976825,2158.0024019819666,1.8880789705813297,2158.0024012080635,-3.586201471303688e-08
Ablated PINN,4,347,True,optimal,8.77540000146837e-06,0.12553320000006352,0.12554197540006498,0.1875204000025405,2237.1176063082003,1.4936868677186947,2237.1176062783966,-1.3322360230730765e-09
Ablated PINN,4,348,True,optimal,8.77540000146837e-06,0.11661490000187769,0.11662367540187915,0.1707534999986819,2237.530400967604,1.4641409594601968,2237.5304009853867,7.947554656117788e-10
Ablated PINN,4,349,True,optimal,8.77540000146837e-06,0.0809886999995797,0.08099747539958116,0.1921939000021666,2219.2598792165377,2.37283815395511,2219.259879141848,-3.3655149898606718e-09
Ablated PINN,4,350,True,optimal,8.77540000146837e-06,0.08851789999971515,0.08852667539971662,0.2011267999987467,2187.0903956003863,2.2719344094942766,2187.0903946652606,-4.275660615546882e-08
Ablated PINN,4,351,True,optimal,8.77540000146837e-06,0.06819410000025528,0.06820287540025674,0.1784593000011227,2233.2405725405383,2.6165949595792397,2233.2405730799887,2.4155499326178763e-08
Ablated PINN,4,352,True,optimal,8.77540000146837e-06,0.07919310000215773,0.0792018754021592,0.1700487999987672,2097.0363356283888,2.147029967855172,2097.0363356010994,-1.301331219829307e-09
Ablated PINN,4,353,True,optimal,8.77540000146837e-06,0.06576299999869661,0.06577177539869808,0.2080347999981313,2229.6858589191493,3.1629798456413454,2229.685858799333,-5.373688709776194e-09
Ablated PINN,4,354,True,optimal,8.77540000146837e-06,0.08084410000083153,0.080852875400833,0.1655281000021204,2296.944400859072,2.0472753650566524,2296.9444008634923,1.9243583993427392e-10
Ablated PINN,4,355,True,optimal,8.77540000146837e-06,0.07784069999979693,0.07784947539979839,0.1689585999993141,2212.5342058492406,2.1703241946284413,2212.534205748685,-4.544813497191655e-09
Ablated PINN,4,356,True,optimal,8.77540000146837e-06,0.09452439999950002,0.09453317539950148,0.1854023999985656,2177.056471960629,1.961241640461633,2177.0564718384494,-5.61215112333481e-09
Ablated PINN,4,357,True,optimal,8.77540000146837e-06,0.09591029999864986,0.09591907539865133,0.1829232999989472,2202.5500756591496,1.907058624561337,2202.5500755987264,-2.7433287748930574e-09
Ablated PINN,4,358,True,optimal,8.77540000146837e-06,0.07606619999933173,0.0760749753993332,0.1786783999996259,2195.4449655584485,2.3487145288145834,2195.4449637461094,-8.254997081311459e-08
Ablated PINN,4,359,True,optimal,8.77540000146837e-06,0.10139189999972587,0.10140067539972733,0.1633247999998275,2143.921737046292,1.610687496468753,2143.9217368052787,-1.1241705483977592e-08
Ablated PINN,4,360,True,optimal,8.77540000146837e-06,0.08747890000086045,0.08748767540086191,0.1304525000014109,2194.863228487653,1.4910957389562292,2194.863228452643,-1.5950920583862726e-09
Ablated PINN,4,361,True,optimal,8.77540000146837e-06,0.08278299999801675,0.08279177539801821,0.1422778999985894,2225.630974859284,1.7185028260910455,2225.630975009599,6.75381137053149e-09
Ablated PINN,4,362,True,optimal,8.77540000146837e-06,0.08089509999990696,0.08090387539990843,0.1539554000009957,2196.8047850498147,1.9029422167973173,2196.8047815398454,-1.597761107720359e-07
Ablated PINN,4,363,True,optimal,8.77540000146837e-06,0.08970469999985653,0.089713475399858,0.1502572999997937,2147.5048863780557,1.6748576435155196,2147.5048864626965,3.941353554785085e-09
Ablated PINN,4,364,True,optimal,8.77540000146837e-06,0.09839809999903082,0.09840687539903228,0.1727430999999342,2205.4671880296964,1.7553966559701675,2205.467187952598,-3.4957818023817225e-09
Ablated PINN,4,365,True,optimal,8.77540000146837e-06,0.10451800000009825,0.10452677540009972,0.1417947999980242,2246.439198885705,1.3565404601383018,2246.43920036274,6.575004824621182e-08
Ablated PINN,4,366,True,optimal,8.77540000146837e-06,0.09279479999895557,0.09280357539895703,0.1278607999993255,2161.93904328185,1.3777572625802352,2161.9390499761307,3.0964243644021436e-07
Ablated PINN,4,367,True,optimal,8.77540000146837e-06,0.09816890000001877,0.09817767540002023,0.1172116999987338,2236.582282354143,1.1938732458388361,2236.5822823444287,-4.3433738102457484e-10
Ablated PINN,4,368,True,optimal,8.77540000146837e-06,0.08167619999949238,0.08168497539949385,0.1598924999998416,2181.218795697856,1.9574285138467746,2181.218795141749,-2.549523681517378e-08
Ablated PINN,4,369,True,optimal,8.77540000146837e-06,0.09871719999864581,0.09872597539864728,0.1559689999994589,2234.464631649203,1.579817260550418,2234.4646316337144,-6.931725189027112e-10
Ablated PINN,4,370,True,optimal,8.77540000146837e-06,0.09184500000264961,0.09185377540265108,0.1223349999963829,2191.33690772516,1.3318450924865533,2191.3369075404453,-8.42931706667726e-09
Ablated PINN,4,371,True,optimal,8.77540000146837e-06,0.10094210000170278,0.10095087540170425,0.1226728000001458,2208.4067469090646,1.2151732167948575,2208.406746913009,1.7861195756216423e-10
Ablated PINN,4,372,True,optimal,8.77540000146837e-06,0.10822689999986324,0.1082356753998647,0.1449767999984033,2179.438998301441,1.3394548466834302,2179.438996279703,-9.276414970856672e-08
Ablated PINN,4,373,True,optimal,8.77540000146837e-06,0.10268349999751081,0.10269227539751227,0.125074499999755,2296.6511708700623,1.2179543156055626,2296.651170771889,-4.274620939014105e-09
Ablated PINN,4,374,True,optimal,8.77540000146837e-06,0.07618290000027628,0.07619167540027774,0.132039000000077,2098.7791718246262,1.7329845984669827,2098.7791717197333,-4.997807051752962e-09
Ablated PINN,4,375,True,optimal,8.77540000146837e-06,0.07870000000184518,0.07870877540184665,0.1689020000012533,2137.17485298067,2.1459106578513807,2137.1748529761367,-2.1212004879547231e-10
Ablated PINN,4,376,True,optimal,8.77540000146837e-06,0.0934051999975054,0.09341397539750687,0.1527489000000059,2224.7053493523745,1.6351825232788737,2224.7053493352714,-7.687781157994122e-10
Ablated PINN,4,377,True,optimal,8.77540000146837e-06,0.08762329999808571,0.08763207539808718,0.1738801000028615,2114.418486646166,1.9842061164587794,2114.418486456991,-8.94689954536073e-09
Ablated PINN,4,378,True,optimal,8.77540000146837e-06,0.09110520000103861,0.09111397540104008,0.2094768000024487,2117.5697502775542,2.2990633333737462,2117.5697505276,1.180813804769612e-08
Ablated PINN,4,379,True,optimal,8.77540000146837e-06,0.0862120000019786,0.08622077540198006,0.1831095999987155,2194.5511020909207,2.123729450877919,2194.5511019814044,-4.990375920719798e-09
Ablated PINN,4,380,True,optimal,8.77540000146837e-06,0.08308620000025257,0.08309497540025404,0.1691259999970498,2230.5320363874084,2.035333655042309,2230.5320363666556,-9.303991050792615e-10
Ablated PINN,4,381,True,optimal,8.77540000146837e-06,0.09892499999841675,0.09893377539841822,0.2007329999978537,2090.7168882174,2.0289633059031433,2090.716888220416,1.44251211059497e-10
Ablated PINN,4,382,True,optimal,8.77540000146837e-06,0.08520190000126604,0.0852106754012675,0.1909339000012551,2215.6356898679733,2.240727457001414,2215.6356902727807,1.8270487942157378e-08
Ablated PINN,4,383,True,optimal,8.77540000146837e-06,0.07760889999917708,0.07761767539917855,0.1491624999980558,2224.1887217386115,1.921759434702607,2224.188721862152,5.5543984246109535e-09
Ablated PINN,4,384,True,optimal,8.77540000146837e-06,0.07303320000210078,0.07304197540210225,0.1969654000022274,2162.2599642954547,2.696605601339726,2162.259964334635,1.8119986913989007e-09
Ablated PINN,4,385,True,optimal,8.77540000146837e-06,0.08792809999795281,0.08793687539795428,0.1817249000014271,2197.3120325813948,2.0665380612972593,2197.3120324488086,-6.0340149991667655e-09
Ablated PINN,4,386,True,optimal,8.77540000146837e-06,0.07861880000200472,0.07862757540200618,0.1660755999982939,2276.9669437276,2.1121800990197706,2276.9669438030546,3.313812225120044e-09
Ablated PINN,4,387,True,optimal,8.77540000146837e-06,0.07825989999764715,0.07826867539764862,0.2082173999988299,2140.71019038978,2.6602903261230515,2140.7101903704947,-9.008870276005262e-10
Ablated PINN,4,388,True,optimal,8.77540000146837e-06,0.09838279999894439,0.09839157539894586,0.1282137000016519,2142.9942876946343,1.3030963218323013,2142.9942868747835,-3.825725602479324e-08
Ablated PINN,4,389,True,optimal,8.77540000146837e-06,0.07573079999929178,0.07573957539929324,0.0971374000000651,2156.97839410696,1.282518412441107,2156.9783934155253,-3.205570851855807e-08
Ablated PINN,4,390,True,optimal,8.77540000146837e-06,0.09026950000043144,0.0902782754004329,0.1546777999974438,2121.662768269533,1.7133446481045882,2121.662768379212,5.169490220526891e-09
Ablated PINN,4,391,True,optimal,8.77540000146837e-06,0.10432880000007572,0.10433757540007718,0.1664391999984218,2179.108154986151,1.5951990388910138,2179.1081546506775,-1.5394990213966184e-08
Ablated PINN,4,392,True,optimal,8.77540000146837e-06,0.10732949999874108,0.10733827539874255,0.1512585999989824,2178.747628554961,1.4091767306404326,2178.747628107526,-2.0536339666883212e-08
Ablated PINN,4,393,True,optimal,8.77540000146837e-06,0.08153080000192858,0.08153957540193005,0.1759530999988783,2210.081430874533,2.1578858993508256,2210.081430986793,5.079443633446253e-09
Ablated PINN,4,394,True,optimal,8.77540000146837e-06,0.09989689999929396,0.09990567539929543,0.2010760000011942,2209.614837155141,2.012658432041512,2209.614837132119,-1.0418822435256332e-09
Ablated PINN,4,395,True,optimal,8.77540000146837e-06,0.10019420000026003,0.10020297540026149,0.1911084999992454,2250.0994968703653,1.9072138250971207,2250.0994968759724,2.491905288734501e-10
Ablated PINN,4,396,True,optimal,8.77540000146837e-06,0.09085090000007767,0.09085967540007914,0.1411408000021765,2174.589089535385,1.5533931788848716,2174.5890893633327,-7.911945148340697e-09
Ablated PINN,4,397,True,optimal,8.77540000146837e-06,0.08491449999928591,0.08492327539928737,0.1573333999986061,2206.5415063809373,1.8526534599479938,2206.5415063620494,-8.559970961093934e-10
Ablated PINN,4,398,True,optimal,8.77540000146837e-06,0.09636580000005779,0.09637457540005925,0.1464271000004373,2177.2681869428293,1.5193540349475538,2177.268186780239,-7.467631631739618e-09
Ablated PINN,4,399,True,optimal,8.77540000146837e-06,0.08873660000244854,0.08874537540245,0.1915522000017517,2278.0058111328985,2.158447120574843,2278.005811133901,4.39973926517475e-11
Ablated PINN,4,400,True,optimal,8.77540000146837e-06,0.08643149999988964,0.0864402753998911,0.2054897000016353,2186.1111524012417,2.377244855491219,2186.111152322677,-3.593819131152347e-09
Ablated PINN,4,401,True,optimal,8.77540000146837e-06,0.09528649999992922,0.09529527539993068,0.1837744000004022,2189.316129951744,1.9284733606062476,2189.316129608823,-1.566339984587945e-08
Ablated PINN,4,402,True,optimal,8.77540000146837e-06,0.10082970000075875,0.10083847540076021,0.1856459000009636,2253.001817826864,1.8410224793974228,2253.001817750716,-3.379862048850417e-09
Ablated PINN,4,403,True,optimal,8.77540000146837e-06,0.10860759999923175,0.10861637539923322,0.1958493999991333,2139.5946957270985,1.8031295859327297,2139.594694809074,-4.290646259625043e-08
Ablated PINN,4,404,True,optimal,8.77540000146837e-06,0.09779269999853568,0.09780147539853715,0.1675045999982103,2229.818283830382,1.712700133772376,2229.8182837629547,-3.023888053761633e-09
Ablated PINN,4,405,True,optimal,8.77540000146837e-06,0.09897170000112965,0.09898047540113111,0.1756791000007069,2164.096343412927,1.7748864034926561,2164.0963415148103,-8.770944106160702e-08
Ablated PINN,4,406,True,optimal,8.77540000146837e-06,0.07613389999823994,0.0761426753982414,0.1916470000032859,2259.564290805501,2.5169459701925865,2259.5642907068,-4.368147165457196e-09
Ablated PINN,4,407,True,optimal,8.77540000146837e-06,0.09001029999853927,0.09001907539854073,0.180398000000423,2173.329620252804,2.003997477220782,2173.3296202068072,-2.1164201057598282e-09
Ablated PINN,4,408,True,optimal,8.77540000146837e-06,0.08255640000061248,0.08256517540061395,0.1754146999992372,2198.982306947815,2.1245603748566957,2198.9823059381474,-4.591521061951233e-08
Ablated PINN,4,409,True,optimal,8.77540000146837e-06,0.07747390000076848,0.07748267540076995,0.1634501999978965,2101.757465941314,2.109506404528106,2101.757469061782,1.4846946838050304e-07
Ablated PINN,4,410,True,optimal,8.77540000146837e-06,0.07621790000121109,0.07622667540121256,0.1857828000029258,2222.3545773784226,2.4372412810223456,2222.3545768598588,-2.3333984185254705e-08
Ablated PINN,4,411,True,optimal,8.77540000146837e-06,0.09577179999905638,0.09578057539905785,0.2085518999992928,2207.183435496908,2.1773924319246074,2207.1834354727425,-1.0948466646437262e-09
Ablated PINN,4,412,True,optimal,8.77540000146837e-06,0.09780779999709921,0.09781657539710067,0.120748099998309,2160.7392493565994,1.2344339342091506,2160.7392493861776,1.3688894646827806e-09
Ablated PINN,4,413,True,optimal,8.77540000146837e-06,0.11665229999925941,0.11666107539926088,0.12858750000305,2137.8859251232807,1.102231396058815,2137.8859250809887,-1.9782139862000958e-09
Ablated PINN,4,414,True,optimal,8.77540000146837e-06,0.0760335999984818,0.07604237539848327,0.1461687000009988,2164.422742503913,1.9222006050578249,2164.4227424079445,-4.433908164262104e-09
Ablated PINN,4,415,True,optimal,8.77540000146837e-06,0.07984520000172779,0.07985397540172925,0.1160552000001189,2183.6447305417146,1.4533427974783795,2183.644729968906,-2.6231758095290335e-08
Ablated PINN,4,416,True,optimal,8.77540000146837e-06,0.08170830000017304,0.0817170754001745,0.1706560999991779,2165.022676697812,2.0883774800243704,2165.0226754096866,-5.949709189827148e-08
Ablated PINN,4,417,True,optimal,8.77540000146837e-06,0.076172699999006,0.07618147539900746,0.160851000000548,2210.084839800277,2.111418808287397,2210.084837451394,-1.0628023219376608e-07
Ablated PINN,4,418,True,optimal,8.77540000146837e-06,0.07716419999997015,0.07717297539997162,0.1954523000022163,2183.472931097952,2.532652123223542,2183.4729310289395,-3.160673850709343e-09
Ablated PINN,4,419,True,optimal,8.77540000146837e-06,0.07860190000064904,0.0786106754006505,0.1770538999990094,2298.137789102097,2.252288243252319,2298.137789091188,-4.74685819629536e-10
Ablated PINN,4,420,True,optimal,8.77540000146837e-06,0.09934380000049714,0.0993525754004986,0.1652902000023459,2167.561559471917,1.6636730284650114,2167.5615578722095,-7.38021716372399e-08
Ablated PINN,4,421,True,optimal,8.77540000146837e-06,0.08798640000168234,0.0879951754016838,0.1562787999973807,2192.4891056494184,1.7759928232882445,2192.489103787481,-8.492345788881213e-08
Ablated PINN,4,422,True,optimal,8.77540000146837e-06,0.07692759999918053,0.076936375399182,0.1788482999982079,2110.181463539362,2.324626018190473,2110.181463673535,6.3583513290205516e-09
Ablated PINN,4,423,True,optimal,8.77540000146837e-06,0.09897490000003017,0.09898367540003164,0.1785305999983393,2184.4806474491047,1.8036368045218318,2184.4806473655544,-3.8247203576092e-09
Ablated PINN,4,424,True,optimal,8.77540000146837e-06,0.0804521999998542,0.08046097539985567,0.1587675000009767,2147.8010678037863,1.9732236554674119,2147.8010674354045,-1.7151576071372016e-08
Ablated PINN,4,425,True,optimal,8.77540000146837e-06,0.11308699999790406,0.11309577539790552,0.1850125999990268,2206.613199891192,1.6358931122590203,2206.613199870922,-9.185981675181115e-10
Ablated PINN,4,426,True,optimal,8.77540000146837e-06,0.0836630999983754,0.08367187539837687,0.1704420999994909,2138.9719123375457,2.037029756868546,2138.9719120698333,-1.251594246781861e-08
Ablated PINN,4,427,True,optimal,8.77540000146837e-06,0.07514129999981378,0.07515007539981525,0.1837349999987054,2209.529803481716,2.44490772658835,2209.5297970567917,-2.9078242403526497e-07
Ablated PINN,4,428,True,optimal,8.77540000146837e-06,0.08738889999949606,0.08739767539949753,0.1591241000023728,2192.2824505501385,1.8206903018302434,2192.2824503076226,-1.1062253984298046e-08
Ablated PINN,4,429,True,optimal,8.77540000146837e-06,0.10618830000021262,0.10619707540021409,0.1789229999994859,2234.0549479820165,1.6848204088972982,2234.0549481005814,5.307161878971364e-09
Ablated PINN,4,430,True,optimal,8.77540000146837e-06,0.0944063000024471,0.09441507540244856,0.1666087000012339,2182.7978551841825,1.7646408615473401,2182.7978551403535,-2.0079277758906376e-09
Ablated PINN,4,431,True,optimal,8.77540000146837e-06,0.07377019999694312,0.07377897539694458,0.1814020999991044,2192.955539329313,2.458723491660428,2192.9555392517827,-3.5354264694165116e-09
Ablated PINN,4,432,True,optimal,8.77540000146837e-06,0.07820899999933317,0.07821777539933464,0.1483079999998153,2110.1541273223324,1.8960907446247428,2110.1541317833767,2.114084544628015e-07
Ablated PINN,4,433,True,optimal,8.77540000146837e-06,0.08020229999965522,0.08021107539965669,0.1869723999989219,2154.821625953693,2.3310047779227525,2154.8216249811426,-4.513368589215636e-08
Ablated PINN,4,434,True,optimal,8.77540000146837e-06,0.07315680000101565,0.07316557540101712,0.1717438999985461,2248.9722686070386,2.3473320486748825,2248.9722686367127,1.319450846458181e-09
Ablated PINN,4,435,True,optimal,8.77540000146837e-06,0.09464260000095237,0.09465137540095384,0.1613763000023027,2135.562419517048,1.7049546223569876,2135.5624194681313,-2.290577757898945e-09
Ablated PINN,4,436,True,optimal,8.77540000146837e-06,0.08079170000200975,0.08080047540201121,0.1735336999990977,2120.722574417725,2.1476816706300994,2120.722574421067,1.575848874331053e-10
Ablated PINN,4,437,True,optimal,8.77540000146837e-06,0.08259210000323947,0.08260087540324093,0.1575269999993906,2181.472956994183,1.9070863260271194,2181.4729569289984,-2.9880908934385367e-09
Ablated PINN,4,438,True,optimal,8.77540000146837e-06,0.09595700000136276,0.09596577540136422,0.1948885999991034,2244.8638781162217,2.0308135810293564,2244.863879835067,7.656791190935638e-08
Ablated PINN,4,439,True,optimal,8.77540000146837e-06,0.08883849999983795,0.08884727539983941,0.1831988000012643,2171.9382680719627,2.0619518063645135,2171.9382658205764,-1.0365793586215345e-07
Ablated PINN,4,440,True,optimal,8.77540000146837e-06,0.07155989999955636,0.07156867539955783,0.1786931000024196,2154.6680283886826,2.4968060258877394,2154.668028400505,5.486934169245313e-10
Ablated PINN,4,441,True,optimal,8.77540000146837e-06,0.08011629999964498,0.08012507539964644,0.1710525000016787,2195.5273350951056,2.134818583926518,2195.527334731281,-1.6571176545479606e-08
Ablated PINN,4,442,True,optimal,8.77540000146837e-06,0.08423830000174348,0.08424707540174495,0.1860339999984717,2259.8735075259665,2.208195348163012,2259.873507561013,1.5508155089833196e-09
Ablated PINN,4,443,True,optimal,8.77540000146837e-06,0.08259220000036294,0.0826009754003644,0.1997216000017942,2174.3117033236044,2.4179084936194726,2174.311703589728,1.223944139656604e-08
Ablated PINN,4,444,True,optimal,8.77540000146837e-06,0.0796358000006876,0.07964457540068906,0.1627028999973845,2210.518851685285,2.042862293870385,2210.5188519291637,1.1032646491918616e-08
Ablated PINN,4,445,True,optimal,8.77540000146837e-06,0.09061629999996512,0.09062507539996659,0.2036231000020052,2123.64674799817,2.246873716830919,2123.646746761442,-5.823605871138923e-08
Ablated PINN,4,446,True,optimal,8.77540000146837e-06,0.07745619999695919,0.07746497539696065,0.1699284000023908,2230.36479564666,2.193615877777171,2230.364795616004,-1.3744784362246448e-09
Ablated PINN,4,447,True,optimal,8.77540000146837e-06,0.09172700000272016,0.09173577540272163,0.1734460000006947,2210.1544048525216,1.890712747990234,2210.1544048278174,-1.1177567405547673e-09
Ablated PINN,4,448,True,optimal,8.77540000146837e-06,0.0804576000009547,0.08046637540095616,0.179119600001286,2260.76425873745,2.2260179995526124,2260.7642587295873,-3.477842356379924e-10
Ablated PINN,4,449,True,optimal,8.77540000146837e-06,0.07639059999928577,0.07639937539928723,0.1732862999997451,2183.5003051598856,2.2681638311058987,2183.5003049866386,-7.934366523659994e-09
Ablated PINN,4,450,True,optimal,8.77540000146837e-06,0.08415569999851868,0.08416447539852015,0.1824215000015101,2179.3664867408806,2.16744058746569,2179.366486666868,-3.3960722205818353e-09
Ablated PINN,4,451,True,optimal,8.77540000146837e-06,0.08116040000095381,0.08116917540095528,0.2047748000004503,2128.8352728291547,2.522814836899776,2128.835272540796,-1.3545384974418151e-08
Ablated PINN,4,452,True,optimal,8.77540000146837e-06,0.07387879999805591,0.07388757539805738,0.1769419999982346,2218.975889484013,2.394746329744726,2218.9758894626725,-9.61722197322403e-10
Ablated PINN,4,453,True,optimal,8.77540000146837e-06,0.0786006999987876,0.07860947539878907,0.1835611999995308,2136.67793062613,2.335102722264935,2136.6779306290855,1.3831766552411959e-10
Ablated PINN,4,454,True,optimal,8.77540000146837e-06,0.10232559999712976,0.10233437539713122,0.1794731000009051,2180.715322383944,1.7537909358846426,2180.71532151912,-3.9657810954216115e-08
Ablated PINN,4,455,True,optimal,8.77540000146837e-06,0.06812390000050073,0.06813267540050219,0.1848115000029793,2119.248972775559,2.7125237474766344,2119.248972638201,-6.481459143743894e-09
Ablated PINN,4,456,True,optimal,8.77540000146837e-06,0.08495469999979832,0.08496347539979979,0.1498170999984722,2155.155951815585,1.76331181479454,2155.155951245385,-2.645748081901981e-08
Ablated PINN,4,457,True,optimal,8.77540000146837e-06,0.09578910000345786,0.09579787540345933,0.1687678999987838,2185.720389807243,1.761708172420382,2185.7203893123738,-2.264101379186329e-08
Ablated PINN,4,458,True,optimal,8.77540000146837e-06,0.09894010000061826,0.09894887540061972,0.1445120999997016,2159.08903107746,1.4604723844976264,2159.0890307245,-1.634763004281278e-08
Ablated PINN,4,459,True,optimal,8.77540000146837e-06,0.07222570000158157,0.07223447540158304,0.1666079999995418,2223.278272148316,2.3064886824926054,2223.278272122551,-1.1588776685893183e-09
Ablated PINN,4,460,True,optimal,8.77540000146837e-06,0.0716809999976249,0.07168977539762636,0.1377937000033853,2126.525063848751,1.9220830200557113,2126.5250644273046,2.7206530091878864e-08
Ablated PINN,4,461,True,optimal,8.77540000146837e-06,0.09249830000044312,0.09250707540044459,0.203197499999078,2271.2281018472117,2.196561712922787,2271.2281019260254,3.4700886080128133e-09
Ablated PINN,4,462,True,optimal,8.77540000146837e-06,0.0741158999990148,0.07412467539901627,0.1574200000031851,2242.721123420562,2.1237192494373374,2242.72112342223,7.437452947816907e-11
Ablated PINN,4,463,True,optimal,8.77540000146837e-06,0.0755710999983421,0.07557987539834357,0.1579239000020607,2201.387739689864,2.089496696967587,2201.3877395142244,-7.978573692537141e-09
Ablated PINN,4,464,True,optimal,8.77540000146837e-06,0.08247209999899496,0.08248087539899643,0.1535595000023022,2194.835931961373,1.8617588533034728,2194.835931275733,-3.1238775133326106e-08
Ablated PINN,4,465,True,optimal,8.77540000146837e-06,0.10122909999699914,0.1012378753970006,0.1743497999996179,2159.174762268526,1.72217956289493,2159.1747621969425,-3.3153221658275087e-09
Ablated PINN,4,466,True,optimal,8.77540000146837e-06,0.09667030000127852,0.09667907540127998,0.1858401000026788,2254.2657547172157,1.9222370428277635,2254.2657548675825,6.6703208674250055e-09
Ablated PINN,4,467,True,optimal,8.77540000146837e-06,0.086817900002643,0.08682667540264447,0.1781869000005826,2181.9666272810764,2.0522137830830225,2181.966625411777,-8.567039678080646e-08
Ablated PINN,4,468,True,optimal,8.77540000146837e-06,0.07188610000230256,0.07189487540230402,0.1500932000017201,2087.1013563087363,2.0876759179543702,2087.1013563791853,3.3754472267976863e-09
Ablated PINN,4,469,True,optimal,8.77540000146837e-06,0.09236869999949704,0.0923774753994985,0.1666350000014063,2235.40349788644,1.8038488200805596,2235.40349747154,-1.856041267973872e-08
Ablated PINN,4,470,True,optimal,8.77540000146837e-06,0.09245210000153747,0.09246087540153894,0.1990038000003551,2094.414903593367,2.1523027890026105,2094.414902324291,-6.059335057573067e-08
Ablated PINN,4,471,True,optimal,8.77540000146837e-06,0.07501499999852967,0.07502377539853114,0.1612644999986514,2155.171056657264,2.1495119266126497,2155.1710563630486,-1.3651613564461938e-08
Ablated PINN,4,472,True,optimal,8.77540000146837e-06,0.11416079999980866,0.11416957539981012,0.1613777999991725,2164.4343397912007,1.4134921622861785,2164.4343397822363,-4.1416985321391874e-10
Ablated PINN,4,473,True,optimal,8.77540000146837e-06,0.07487989999935962,0.07488867539936109,0.1380901999982597,2052.637038393842,1.843939677953468,2052.6370386370736,1.1849714319374747e-08
Ablated PINN,4,474,True,optimal,8.77540000146837e-06,0.09361519999947632,0.09362397539947778,0.1862413000017113,2274.4780000374203,1.989247937903202,2274.4780000328465,-2.0109444255520633e-10
Ablated PINN,4,475,True,optimal,8.77540000146837e-06,0.07549509999807924,0.0755038753980807,0.1686779000010574,2200.6172045858484,2.23402969863114,2200.617204588488,1.1995763581211892e-10
Ablated PINN,4,476,True,optimal,8.77540000146837e-06,0.07689109999773791,0.07689987539773938,0.1603213999987929,2032.290280439808,2.0848070191217225,2032.2902804474927,3.7813375168862664e-10
Ablated PINN,4,477,True,optimal,8.77540000146837e-06,0.10038849999909871,0.10039727539910018,0.1251594999994267,2195.0179589594245,1.2466423964384639,2195.0179587666385,-8.782891542880638e-09
Ablated PINN,4,478,True,optimal,8.77540000146837e-06,0.0880472999997437,0.08805607539974517,0.1461575000030279,2204.822692399768,1.659823008685337,2204.8226912972927,-5.000290427532349e-08
Ablated PINN,4,479,True,optimal,8.77540000146837e-06,0.07375010000032489,0.07375887540032636,0.116620699998748,2126.587299298268,1.5811073496686203,2126.5873057347103,3.0266531570901935e-07
Ablated PINN,4,480,True,optimal,8.77540000146837e-06,0.07460039999932633,0.07460917539932779,0.1334341000001586,2135.643612864021,1.7884408892872015,2135.6436118901083,-4.560277948020451e-08
Ablated PINN,4,481,True,optimal,8.77540000146837e-06,0.07812319999720785,0.07813197539720931,0.1941578999976627,2168.009808483197,2.4849992466029156,2168.009807417161,-4.9171180691899765e-08
Ablated PINN,4,482,True,optimal,8.77540000146837e-06,0.07766659999833792,0.07767537539833938,0.1747250000007625,2208.999043862063,2.2494258843903565,2208.9990438107675,-2.322115137284605e-09
Ablated PINN,4,483,True,optimal,8.77540000146837e-06,0.07938320000175736,0.07939197540175882,0.1954340000011143,2181.208935460057,2.4616341766548957,2181.208935457488,-1.1777266007833468e-10
Ablated PINN,4,484,True,optimal,8.77540000146837e-06,0.0729481999987911,0.07295697539879256,0.1567410999996354,2053.6605644636165,2.1484045787653288,2053.6605648177283,1.7242954763937728e-08
Ablated PINN,4,485,True,optimal,8.77540000146837e-06,0.07886739999958081,0.07887617539958228,0.1837539999978616,2286.816645147236,2.3296514957396726,2286.8166451959337,2.129489903255598e-09
Ablated PINN,4,486,True,optimal,8.77540000146837e-06,0.09578040000269539,0.09578917540269685,0.1678267999996023,2263.3134892876537,1.7520434777109197,2263.3134892726307,-6.637628218534375e-10
Ablated PINN,4,487,True,optimal,8.77540000146837e-06,0.08894280000095023,0.0889515754009517,0.1940441000006103,2212.354477516583,2.1814577102873236,2212.354477443066,-3.323008642068263e-09
Ablated PINN,4,488,True,optimal,8.77540000146837e-06,0.0737394999996468,0.07374827539964826,0.1924752999984775,2219.5784225975053,2.6098956071235193,2219.5784225599177,-1.693456588521164e-09
Ablated PINN,4,489,True,optimal,8.77540000146837e-06,0.07282150000173715,0.07283027540173861,0.1863731999983429,2161.023028549685,2.559007211908659,2161.023027667367,-4.0828722273329795e-08
Ablated PINN,4,490,True,optimal,8.77540000146837e-06,0.07715830000233836,0.07716707540233983,0.1771953999996185,2185.9925656277424,2.2962565197105507,2185.992564346045,-5.863227730846027e-08
Ablated PINN,4,491,True,optimal,8.77540000146837e-06,0.08817830000043614,0.0881870754004376,0.1428784000017913,2110.86357186984,1.6201739240474042,2110.863571860653,-4.352370684866667e-10
Ablated PINN,4,492,True,optimal,8.77540000146837e-06,0.07750750000195694,0.0775162754019584,0.166033100002096,2143.599423388134,2.141912767881792,2143.5994233654274,-1.0592671595597622e-09
Ablated PINN,4,493,True,optimal,8.77540000146837e-06,0.07494530000258237,0.07495407540258384,0.159541299999546,2247.7707763521057,2.128520686068609,2247.7707764606575,4.829310523005118e-09
Ablated PINN,4,494,True,optimal,8.77540000146837e-06,0.07508850000158418,0.07509727540158564,0.1706368999984988,2206.9709592114127,2.2722115960400857,2206.970959146154,-2.9569269281313963e-09
Ablated PINN,4,495,True,optimal,8.77540000146837e-06,0.08175889999984065,0.08176767539984212,0.1827196000012918,2125.185473270581,2.2346189873663036,2125.1854702162127,-1.437224361618631e-07
Ablated PINN,4,496,True,optimal,8.77540000146837e-06,0.08277010000165319,0.08277887540165466,0.1718775000008463,2102.3821887523045,2.076344951134848,2102.3821888287816,3.637641916131234e-09
Ablated PINN,4,497,True,optimal,8.77540000146837e-06,0.08192810000036843,0.0819368754003699,0.1302648999990197,2116.7842522919,1.5898202044257062,2116.7842604980633,3.876712197013036e-07
Ablated PINN,4,498,True,optimal,8.77540000146837e-06,0.11256929999944987,0.11257807539945133,0.208923500002129,2225.6785431953995,1.855809839178928,2225.6785431685075,-1.2082580130108669e-09
Ablated PINN,4,499,True,optimal,8.77540000146837e-06,0.11295120000067982,0.11295997540068128,0.1905633999995188,2144.5475783365337,1.686999305050924,2144.5475781900573,-6.830177000358379e-09
Ablated PINN,4,500,True,optimal,8.77540000146837e-06,0.10477790000004461,0.10478667540004608,0.15810490000149,2215.532885820832,1.5088263789063823,2215.5328857497643,-3.207691553757099e-09
Ablated PINN,4,501,True,optimal,8.77540000146837e-06,0.09923519999938435,0.09924397539938581,0.1664386000011291,2228.371373234856,1.6770650241622538,2228.3713730890345,-6.543862527740315e-09
Ablated PINN,4,502,True,optimal,8.77540000146837e-06,0.08666310000262456,0.08667187540262603,0.128640599999926,2234.7304045953138,1.4842254122498009,2234.7304045504347,-2.0082519111343215e-09
Ablated PINN,4,503,True,optimal,8.77540000146837e-06,0.11887080000087735,0.11887957540087882,0.1857732999997097,2160.985498572136,1.56270157740096,2160.985497479736,-5.055101011722778e-08
Ablated PINN,4,504,True,optimal,8.77540000146837e-06,0.08906980000028852,0.08907857540028999,0.1972738000004028,2150.609055033745,2.214604343568797,2150.6090546946352,-1.5768074919791697e-08
Ablated PINN,4,505,True,optimal,8.77540000146837e-06,0.08724489999804064,0.0872536753980421,0.2053951999987475,2239.70532090254,2.3540005514009144,2239.7053208269535,-3.374831723152103e-09
Ablated PINN,4,506,True,optimal,8.77540000146837e-06,0.0806014999980107,0.08061027539801216,0.1785152000011294,2205.5060222723287,2.2145464597374587,2205.5060222374955,-1.5793741653293558e-09
Ablated PINN,4,507,True,optimal,8.77540000146837e-06,0.07160889999795472,0.07161767539795619,0.1844048000020848,2062.1130495714992,2.5748503979975217,2062.113048794214,-3.7693621846606435e-08
Ablated PINN,4,508,True,optimal,8.77540000146837e-06,0.0689762999973027,0.06898507539730417,0.225116200002958,2095.2932231735585,3.2632594616509647,2095.293223228006,2.5985553939090472e-09
Ablated PINN,4,509,True,optimal,8.77540000146837e-06,0.09244430000035209,0.09245307540035355,0.1696919000023626,2109.9558600376304,1.8354381319121988,2109.9558602454144,9.847792221494113e-09
Ablated PINN,4,510,True,optimal,8.77540000146837e-06,0.07620909999968717,0.07621787539968863,0.2062023999969824,2188.181474928856,2.7054335864867833,2188.181474376875,-2.5225557433420987e-08
Ablated PINN,4,511,True,optimal,8.77540000146837e-06,0.07787559999997029,0.07788437539997176,0.1841409000007843,2168.283338603913,2.364285507268138,2168.28333859113,-5.895423262187234e-10
Ablated PINN,4,512,True,optimal,8.77540000146837e-06,0.08635569999751169,0.08636447539751316,0.1948730999974941,2185.775845588756,2.256403447141247,2185.775845595885,3.261576082577134e-10
Ablated PINN,4,513,True,optimal,8.77540000146837e-06,0.1541518999983964,0.15416067539839787,0.2116956999998365,2239.0913794904154,1.3732146635499014,2239.09137965377,7.295584254804451e-09
Ablated PINN,4,514,True,optimal,8.77540000146837e-06,0.10771870000098716,0.10772747540098862,0.1635018999986641,2238.4883450230823,1.517736300698305,2238.488344945588,-3.461907931375226e-09
Ablated PINN,4,515,True,optimal,8.77540000146837e-06,0.10765429999810294,0.10766307539810441,0.1587159000009705,2227.148149431635,1.474190658348637,2227.148149430405,-5.52316910063573e-11
Ablated PINN,4,516,True,optimal,8.77540000146837e-06,0.08970679999765707,0.08971557539765854,0.1804768000001786,2107.0622828312303,2.0116551579837365,2107.062282705023,-5.989732603631912e-09
Ablated PINN,4,517,True,optimal,8.77540000146837e-06,0.1067579000009573,0.10676667540095877,0.1521785999975691,2170.7776773875285,1.4253380038862065,2170.7776768162876,-2.6315034248243432e-08
Ablated PINN,4,518,True,optimal,8.77540000146837e-06,0.10181010000087554,0.101818875400877,0.1835428999984287,2168.713871826128,1.802641202584406,2168.7138718276606,7.066393554244987e-11
Ablated PINN,4,519,True,optimal,8.77540000146837e-06,0.12160050000238698,0.12160927540238844,0.161152900000161,2154.9939499950024,1.325169477960691,2154.993949756895,-1.104910442621467e-08
Ablated PINN,4,520,True,optimal,8.77540000146837e-06,0.12640010000177426,0.12640887540177573,0.1398150999993959,2219.0477741393584,1.106054456659076,2219.0477743432098,9.186436468243281e-09
Ablated PINN,4,521,True,optimal,8.77540000146837e-06,0.11030140000002575,0.11031017540002722,0.1394892999996955,2183.678255515077,1.264518884988203,2183.678255466548,-2.2223637077479577e-09
Ablated PINN,4,522,True,optimal,8.77540000146837e-06,0.11759650000021793,0.1176052754002194,0.1971363000011479,2216.718268789507,1.6762538868284487,2216.7182685496523,-1.0820259597835156e-08
Ablated PINN,4,523,True,optimal,8.77540000146837e-06,0.1372049000019615,0.13721367540196297,0.1848064000005251,2219.422771846843,1.3468511754323378,2219.4227718466627,-8.113819198186847e-12
Ablated PINN,4,524,True,optimal,8.77540000146837e-06,0.1017887999987579,0.10179757539875936,0.1557698000033269,2152.909609072655,1.5301916513546483,2152.909615591052,3.027715217630924e-07
Ablated PINN,4,525,True,optimal,8.77540000146837e-06,0.1117398000023968,0.11174857540239827,0.2068163000003551,2229.4545173467577,1.8507287386494644,2229.45451728722,-2.670509600064208e-09
Ablated PINN,4,526,True,optimal,8.77540000146837e-06,0.08899559999917983,0.0890043753991813,0.1982573999994201,2115.290480401064,2.227501727979586,2115.290480134344,-1.2609154047758098e-08
Ablated PINN,4,527,True,optimal,8.77540000146837e-06,0.07507220000115922,0.07508097540116068,0.1780744999996386,2268.181556168367,2.37176593735203,2268.1815562732277,4.623115204472496e-09
Ablated PINN,4,528,True,optimal,8.77540000146837e-06,0.0922839999984717,0.09229277539847316,0.1950312000008125,2211.8826734236586,2.1131794894970617,2211.8826733970127,-1.20467153820363e-09
Ablated PINN,4,529,True,optimal,8.77540000146837e-06,0.11438930000076653,0.11439807540076799,0.173392500000773,2192.773069247439,1.5156942054604614,2192.7730690252242,-1.0133951837692411e-08
Ablated PINN,4,530,True,optimal,8.77540000146837e-06,0.07427200000165612,0.07428077540165759,0.1609853999980259,2267.5659160432533,2.1672552437361,2267.56591651051,2.060608415873438e-08
Ablated PINN,4,531,True,optimal,8.77540000146837e-06,0.07753470000170637,0.07754347540170783,0.1357917000023007,2186.7010960664984,1.7511686095940704,2186.7010959195636,-6.719472590528657e-09
Ablated PINN,4,532,True,optimal,8.77540000146837e-06,0.09622980000131065,0.09623857540131212,0.1930357000019285,2128.186405964066,2.005803797458297,2128.1864054873026,-2.2402336928578777e-08
Ablated PINN,4,533,True,optimal,8.77540000146837e-06,0.07532690000152797,0.07533567540152944,0.1395507000015641,2170.7533313885287,1.8523853308246971,2170.7533313014187,-4.012894373311325e-09
Ablated PINN,4,534,True,optimal,8.77540000146837e-06,0.08690849999766215,0.08691727539766361,0.1570429999992484,2200.119136245156,1.8068099728246867,2200.1191361806714,-2.9309566711830943e-09
Ablated PINN,4,535,True,optimal,8.77540000146837e-06,0.11127720000149566,0.11128597540149712,0.1822710999986156,2075.490185828783,1.6378622673793226,2075.490185879661,2.4513747865091833e-09
Ablated PINN,4,536,True,optimal,8.77540000146837e-06,0.12919099999999162,0.12919977539999308,0.1251176000005216,2135.324230351599,0.9684041602484729,2135.3242300499173,-1.41281432593101e-08
Ablated PINN,4,537,True,optimal,8.77540000146837e-06,0.0704003000028024,0.07040907540280386,0.1633997999997518,2227.3126109095265,2.320720717676756,2227.312610849061,-2.7147281084143608e-09
Ablated PINN,4,538,True,optimal,8.77540000146837e-06,0.09298909999779426,0.09299787539779572,0.185410199999751,2209.0793631289366,1.9937036110412656,2209.079362732555,-1.7943286443699974e-08
Ablated PINN,4,539,True,optimal,8.77540000146837e-06,0.0937086999983876,0.09371747539838907,0.1370349000026181,2277.595306783959,1.4622128842042368,2277.595306773412,-4.630741588593461e-10
Ablated PINN,4,540,True,optimal,8.77540000146837e-06,0.08066640000106418,0.08067517540106564,0.1725866999986465,2263.642184676107,2.1392788939181755,2263.6421846099856,-2.9210082212288603e-09
Ablated PINN,4,541,True,optimal,8.77540000146837e-06,0.08091659999990952,0.08092537539991099,0.2192446000008203,2061.1091102720484,2.709219437257766,2061.1091102384376,-1.6307157774356309e-09
Ablated PINN,4,542,True,optimal,8.77540000146837e-06,0.09359639999820502,0.09360517539820648,0.1478786999978183,2111.3638354169184,1.5798132888350074,2111.3638354305826,6.471763970864016e-10
Ablated PINN,4,543,True,optimal,8.77540000146837e-06,0.09065620000183117,0.09066497540183263,0.1067839999996067,2212.072125144018,1.1777866759058122,2212.07212561734,2.1397220994770085e-08
Ablated PINN,4,544,True,optimal,8.77540000146837e-06,0.11189089999970747,0.11189967539970894,0.0949197999980242,2140.190620277965,0.8482580459591852,2140.1906200145,-1.231035923610714e-08
Ablated PINN,4,545,True,optimal,8.77540000146837e-06,0.09004999999888241,0.09005877539888388,0.0857566000013321,2200.6618662996466,0.9522292483048233,2200.6618646517613,-7.488134733653963e-08
Ablated PINN,4,546,True,optimal,8.77540000146837e-06,0.10347669999828213,0.1034854753982836,0.0894052000003284,2216.544733685447,0.863939597863714,2216.544733646519,-1.7562556547441746e-09
Ablated PINN,4,547,True,optimal,8.77540000146837e-06,0.10571609999897191,0.10572487539897338,0.0908162000014272,2208.053753945172,0.8589861152232586,2208.053753941804,-1.5252612734847305e-10
Ablated PINN,4,548,True,optimal,8.77540000146837e-06,0.07704190000004019,0.07705067540004165,0.1061957000019901,2220.8426764803626,1.378257873154642,2220.842675797565,-3.074498241676115e-08
Ablated PINN,4,549,True,optimal,8.77540000146837e-06,0.09667000000263215,0.09667877540263362,0.096353299999464,2162.123785274977,0.9966334347759979,2162.123785152536,-5.662984009521387e-09
Ablated PINN,4,550,True,optimal,8.77540000146837e-06,0.10971319999953266,0.10972197539953413,0.0937330000015208,2142.747993904557,0.8542773647686148,2142.7479941036704,9.29243204935007e-09
Ablated PINN,4,551,True,optimal,8.77540000146837e-06,0.10231539999949746,0.10232417539949892,0.0955342999986896,2159.302784894489,0.9336434877261414,2159.3027841972644,-3.2289336862442713e-08
Ablated PINN,4,552,True,optimal,8.77540000146837e-06,0.08510149999710848,0.08511027539710994,0.0953525000004447,2260.3214574923254,1.1203406351999956,2260.3214574762656,-7.105120995366605e-10
Ablated PINN,4,553,True,optimal,8.77540000146837e-06,0.08130420000088634,0.0813129754008878,0.1021557999993092,2174.590464464566,1.2563283964909961,2174.590469215973,2.1849662522680953e-07
Ablated PINN,4,554,True,optimal,8.77540000146837e-06,0.09294650000083493,0.0929552754008364,0.0998246999988623,2207.425761709772,1.0739003200023234,2207.425761649923,-2.7112505951937633e-09
Ablated PINN,4,555,True,optimal,8.77540000146837e-06,0.10159620000194991,0.10160497540195138,0.0698370999998587,2218.0561687167738,0.6873393721476895,2218.056168518404,-8.94341145194973e-09
Ablated PINN,4,556,True,optimal,8.77540000146837e-06,0.13544650000039837,0.13545527540039984,0.1180387999993399,2182.357712001526,0.8714226865688501,2182.357710862398,-5.2197126554380306e-08
Ablated PINN,4,557,True,optimal,8.77540000146837e-06,0.07002450000072713,0.0700332754007286,0.0988580000012007,2285.5102190187017,1.4115861272450527,2285.51021902601,3.1976425286928735e-10
Ablated PINN,4,558,True,optimal,8.77540000146837e-06,0.06914929999766173,0.0691580753976632,0.1008622000008472,2167.216844563321,1.4584298279106718,2167.216844568439,2.3614280683147115e-10
Ablated PINN,4,559,True,optimal,8.77540000146837e-06,0.07556970000223373,0.0755784754022352,0.101941999997507,2174.36804697582,1.348823186164617,2174.36804675434,-1.0185954952924602e-08
Ablated PINN,4,560,True,optimal,8.77540000146837e-06,0.06800060000023223,0.06800937540023369,0.0934461000033479,2137.2957759539263,1.3740179122866463,2137.2957758989182,-2.5737223257309266e-09
Ablated PINN,4,561,True,optimal,8.77540000146837e-06,0.07942899999761721,0.07943777539761868,0.102568300000712,2170.5660320386637,1.2911778997752084,2170.566031704639,-1.538882748654305e-08
Ablated PINN,4,562,True,optimal,8.77540000146837e-06,0.07499230000030366,0.07500107540030512,0.0993453999981284,2212.307944664741,1.3245863405009821,2212.307944660442,-1.943301548795975e-10
Ablated PINN,4,563,True,optimal,8.77540000146837e-06,0.0767478999987361,0.07675667539873757,0.0853888999990886,2071.973421216104,1.1124622002647733,2071.973423939647,1.314468249188676e-07
Ablated PINN,4,564,True,optimal,8.77540000146837e-06,0.06718570000157342,0.06719447540157489,0.0922797999992326,2179.6777383108465,1.3733242122620957,2179.677738224302,-3.970510459785843e-09
Ablated PINN,4,565,True,optimal,8.77540000146837e-06,0.07889950000026147,0.07890827540026293,0.1027715999989595,2200.711868220565,1.302418529332312,2200.711868193542,-1.2279166104978213e-09
Ablated PINN,4,566,True,optimal,8.77540000146837e-06,0.08150390000082552,0.08151267540082699,0.1099680000006628,2201.05256115928,1.3490907942833528,2201.052561574581,1.8868300046855e-08
Ablated PINN,4,567,True,optimal,8.77540000146837e-06,0.06943310000133351,0.06944187540133498,0.1160980999993626,2188.883161991926,1.6718744896848032,2188.883161080739,-4.1627953800134753e-08
Ablated PINN,4,568,True,optimal,8.77540000146837e-06,0.06085890000031213,0.0608676754003136,0.1286785999982385,2200.689859193108,2.114071206957503,2200.6898591058707,-3.9640918590860665e-09
Ablated PINN,4,569,True,optimal,8.77540000146837e-06,0.11271670000132872,0.11272547540133018,0.0923110000003362,2221.972222219237,0.818900959802445,2221.972222120716,-4.433944429384122e-09
Ablated PINN,4,570,True,optimal,8.77540000146837e-06,0.0741998000012245,0.07420857540122597,0.0853204999984882,2186.966511266396,1.1497390906264273,2186.9665111724125,-4.297438667590055e-09
Ablated PINN,4,571,True,optimal,8.77540000146837e-06,0.07054640000205836,0.07055517540205983,0.097397000001365,2141.1903807316767,1.380437359078857,2141.1903807042677,-1.280081739887781e-09
Ablated PINN,4,572,True,optimal,8.77540000146837e-06,0.08114409999689087,0.08115287539689234,0.1207890000005136,2211.026761572185,1.4884130649687255,2211.026761406211,-7.506654634784885e-09
Ablated PINN,4,573,True,optimal,8.77540000146837e-06,0.0776813000011316,0.07769007540113307,0.1201727999978174,2229.6978687586407,1.5468230578659568,2229.697868760497,8.325247614610714e-11
Ablated PINN,4,574,True,optimal,8.77540000146837e-06,0.08061610000004293,0.0806248754000444,0.1233026999980211,2170.676763864259,1.5293381774076291,2170.676763345024,-2.392042340709109e-08
Ablated PINN,4,575,True,optimal,8.77540000146837e-06,0.0823978000007628,0.08240657540076426,0.1093321000007563,2194.114861276719,1.3267400018632776,2194.1148609886714,-1.3128183775800452e-08
Ablated PINN,4,576,True,optimal,8.77540000146837e-06,0.09355849999701604,0.09356727539701751,0.1137926000010338,2082.110488284622,1.2161581014109661,2082.1104883944477,5.274723823888929e-09
Ablated PINN,4,577,True,optimal,8.77540000146837e-06,0.09293709999838029,0.09294587539838176,0.1353416999991168,2194.578646110108,1.4561345451750212,2194.578646100702,-4.286013728606972e-10
Ablated PINN,4,578,True,optimal,8.77540000146837e-06,0.08585959999982151,0.08586837539982298,0.1185464000009233,2205.762114605342,1.3805594836159867,2205.762114354369,-1.1378073922977886e-08
Ablated PINN,4,579,True,optimal,8.77540000146837e-06,0.07220759999836446,0.07221637539836592,0.103309199999785,2242.554332549244,1.430550888630207,2242.554332598302,2.1876011431065065e-09
Ablated PINN,4,580,True,optimal,8.77540000146837e-06,0.0741483000019798,0.07415707540198127,0.1116365999987465,2165.30112750936,1.505407264156535,2165.3011336408085,2.8316840064782936e-07
Ablated PINN,4,581,True,optimal,8.77540000146837e-06,0.08199249999961467,0.08200127539961613,0.1104821000008087,2167.331404682976,1.3473217271609155,2167.3314046025207,-3.7121810437963177e-09
Ablated PINN,4,582,True,optimal,8.77540000146837e-06,0.07793109999693115,0.07793987539693262,0.1236622000033094,2114.215242064586,1.5866358442776805,2114.2152422194213,7.323526168637783e-09
Ablated PINN,4,583,True,optimal,8.77540000146837e-06,0.10135920000175247,0.10136797540175393,0.1227229999967676,2125.3347546461755,1.2106683546788501,2125.334754669487,1.0968490209615817e-09
Ablated PINN,4,584,True,optimal,8.77540000146837e-06,0.09536300000036135,0.09537177540036282,0.1262203000005684,2144.751710540295,1.323455492683302,2144.751709475052,-4.966742470619531e-08
Ablated PINN,4,585,True,optimal,8.77540000146837e-06,0.08501310000065132,0.08502187540065279,0.1177199000012478,2139.915154880837,1.3845836668094005,2139.91515313629,-8.152411106016668e-08
Ablated PINN,4,586,True,optimal,8.77540000146837e-06,0.1429400999986683,0.14294887539866977,0.1051735000000917,2205.827125905075,0.7357420595774089,2205.8271259030666,-9.103906094593219e-11
Ablated PINN,4,587,True,optimal,8.77540000146837e-06,0.09192070000062813,0.0919294754006296,0.0923498000011022,2222.332069057373,1.0045722506153856,2222.332069041876,-6.973251405260106e-10
Ablated PINN,4,588,True,optimal,8.77540000146837e-06,0.07843789999969886,0.07844667539970032,0.0897266000029048,2163.022218268948,1.14379098343851,2163.022216213339,-9.503411406344231e-08
Ablated PINN,4,589,True,optimal,8.77540000146837e-06,0.08185130000128993,0.0818600754012914,0.1249128999988897,2148.688547764192,1.5259318952071124,2148.6885476097227,-7.189012563246935e-09
Ablated PINN,4,590,True,optimal,8.77540000146837e-06,0.10428759999922477,0.10429637539922623,0.103250799998932,2198.220392382221,0.9899749593761819,2198.2203923617717,-9.302560810338842e-10
Ablated PINN,4,591,True,optimal,8.77540000146837e-06,0.08709860000089975,0.08710737540090122,0.1372334000006958,2212.829963415354,1.5754509806901609,2212.8299633461215,-3.1286884592570798e-09
Ablated PINN,4,592,True,optimal,8.77540000146837e-06,0.09975279999707709,0.09976157539707856,0.1004586999988532,2219.3200689157115,1.006987906907042,2219.320068790397,-5.646536938901637e-09
Ablated PINN,4,593,True,optimal,8.77540000146837e-06,0.07997750000140513,0.0799862754014066,0.0962385000020731,2193.549359870409,1.2031876658727467,2193.5493598217677,-2.2174627926194694e-09
Ablated PINN,4,594,True,optimal,8.77540000146837e-06,0.07527620000109891,0.07528497540110038,0.1092939000009209,2179.055956786505,1.451735879817043,2179.0559554091337,-6.320953159266596e-08
Ablated PINN,4,595,True,optimal,8.77540000146837e-06,0.0932463999997708,0.09325517539977227,0.1111529000008886,2226.5560559836435,1.1919220517723677,2226.5560561860257,9.089469125948266e-09
Ablated PINN,4,596,True,optimal,8.77540000146837e-06,0.09135049999895273,0.09135927539895419,0.0954019999990123,2119.7892345239147,1.044250839144729,2119.789234747823,1.0562750401570655e-08
Ablated PINN,4,597,True,optimal,8.77540000146837e-06,0.08735510000042268,0.08736387540042415,0.1121457999979611,2192.758484262404,1.2836632931397711,2192.758484274734,5.623063260468075e-10
Ablated PINN,4,598,True,optimal,8.77540000146837e-06,0.08225880000100005,0.08226757540100152,0.1123325000007753,2157.86194648099,1.3654529072143746,2157.861944670866,-8.38850746171343e-08
Ablated PINN,4,599,True,optimal,8.77540000146837e-06,0.09619639999800711,0.09620517539800857,0.1204207999981008,2189.6792015737747,1.2517081279661955,2189.67920150733,-3.034439913952632e-09
Ablated PINN,4,600,True,optimal,8.77540000146837e-06,0.10750940000070841,0.10751817540070988,0.1161562000015692,2219.330023975723,1.0803401338300826,2219.3300241487154,7.79479648683452e-09
Ablated PINN,4,601,True,optimal,8.77540000146837e-06,0.13302379999731784,0.1330325753973193,0.1058228999972925,2159.020300864705,0.795466070481147,2159.0203001317836,-3.3946939144158724e-08
Ablated PINN,4,602,True,optimal,8.77540000146837e-06,0.1528738000015437,0.15288257540154518,0.0952967999983229,2236.106142973,0.6233332984352626,2236.1061429619403,-4.945854474893031e-10
Ablated PINN,4,603,True,optimal,8.77540000146837e-06,0.11533710000003339,0.11534587540003485,0.0998766000011528,2144.1394977367727,0.8658879188767474,2144.1394977320883,-2.184723739488962e-10
Ablated PINN,4,604,True,optimal,8.77540000146837e-06,0.15537179999955697,0.15538057539955843,0.1116714000017964,2146.403274202287,0.7186960127714507,2146.4032737069506,-2.307750302054858e-08
Ablated PINN,4,605,True,optimal,8.77540000146837e-06,0.1551008999995247,0.15510967539952616,0.1013592999988759,2232.3054420137773,0.6534685843278191,2232.305442001077,-5.689268043937684e-10
Ablated PINN,4,606,True,optimal,8.77540000146837e-06,0.1746906999978819,0.17469947539788336,0.1049061000012443,2118.766390138243,0.6004946480939194,2118.766390439924,1.4238531108085024e-08
Ablated PINN,4,607,True,optimal,8.77540000146837e-06,0.15636740000263671,0.15637617540263818,0.1286032000025443,2142.823008414849,0.8223963763752127,2142.823006348315,-9.643978267779216e-08
Ablated PINN,4,608,True,optimal,8.77540000146837e-06,0.1454464000016742,0.14545517540167566,0.1190274000000499,2122.315985100524,0.8183098309933267,2122.315984567445,-2.5117793488864517e-08
Ablated PINN,4,609,True,optimal,8.77540000146837e-06,0.17125230000237934,0.1712610754023808,0.1265557000006083,2189.831787457177,0.7389635952201254,2189.831787226347,-1.0541001887882862e-08
Ablated PINN,4,610,True,optimal,8.77540000146837e-06,0.15140720000272267,0.15141597540272414,0.1114930000003369,2195.257101131361,0.7363357776733711,2195.2571008899063,-1.0998936162830026e-08
Ablated PINN,4,611,True,optimal,8.77540000146837e-06,0.16987449999942328,0.16988327539942474,0.1192601000002469,2204.885343771604,0.7020120121880504,2204.8853435863903,-8.400146262407316e-09
Ablated PINN,4,612,True,optimal,8.77540000146837e-06,0.17828880000161007,0.17829757540161154,0.1316415000001143,2204.717517065051,0.7383246783002774,2204.7175168078547,-1.1665733114149724e-08
Ablated PINN,4,613,True,optimal,8.77540000146837e-06,0.17498150000028545,0.17499027540028692,0.1171033999999053,2161.4947106731497,0.6691994725537377,2161.4947100503673,-2.881258074236149e-08
Ablated PINN,4,614,True,optimal,8.77540000146837e-06,0.14696940000067116,0.14697817540067262,0.1641037000008509,2180.209930913208,1.1165174663074495,2180.209930271521,-2.9432356789460524e-08
Ablated PINN,4,615,True,optimal,8.77540000146837e-06,0.1075786999972479,0.10758747539724936,0.1246342999984335,2141.301320617485,1.1584461810098388,2141.3013204572994,-7.48076238977269e-09
Ablated PINN,4,616,True,optimal,8.77540000146837e-06,0.09430969999812078,0.09431847539812224,0.1006606000009924,2262.496724536963,1.0672415937185136,2262.4967245291336,-3.4605067292703355e-10
Ablated PINN,4,617,True,optimal,8.77540000146837e-06,0.0749138999999559,0.07492267539995737,0.1069905000003927,2158.006871491612,1.42801227304349,2158.0068701133287,-6.386834559335976e-08
Ablated PINN,4,618,True,optimal,8.77540000146837e-06,0.11541059999944991,0.11541937539945138,0.1058778999977221,2163.588798699971,0.9173321171709041,2163.5887984781593,-1.025202481764645e-08
Ablated PINN,4,619,True,optimal,8.77540000146837e-06,0.0757804999993823,0.07578927539938377,0.1062416999993729,2180.4353000383635,1.401803875805847,2180.4352983633207,-7.682148457108918e-08
Ablated PINN,4,620,True,optimal,8.77540000146837e-06,0.0803717000017059,0.08038047540170737,0.1320154000022739,2202.8473656540828,1.642381428357038,2202.847365390542,-1.196363605862825e-08
Ablated PINN,4,621,True,optimal,8.77540000146837e-06,0.07489039999927627,0.07489917539927773,0.1153688999984297,2204.1024320121955,1.5403226989270995,2204.102431970158,-1.9072504979847467e-09
Ablated PINN,4,622,True,optimal,8.77540000146837e-06,0.08667589999822667,0.08668467539822813,0.1095088000001851,2133.686583691826,1.2633005718381396,2133.6865815398533,-1.008570195225577e-07
Ablated PINN,4,623,True,optimal,8.77540000146837e-06,0.09760710000045947,0.09761587540046093,0.1420283000006748,2183.0068868535345,1.4549713293869015,2183.006886806512,-2.1540332902403185e-09
Ablated PINN,4,624,True,optimal,8.77540000146837e-06,0.1169886999996379,0.11699747539963937,0.1152020000008633,2120.0099596930995,0.9846537252821644,2120.0099622397415,1.2012405869789977e-07
Ablated PINN,4,625,True,optimal,8.77540000146837e-06,0.08761129999766126,0.08762007539766273,0.1084355999992112,2218.156836577463,1.2375657006351277,2218.1568357698834,-3.640768049667875e-08
Ablated PINN,4,626,True,optimal,8.77540000146837e-06,0.09666809999907855,0.09667687539908001,0.1087654000002658,2164.591121375274,1.1250404975469535,2164.591120687186,-3.178834836407814e-08
Ablated PINN,4,627,True,optimal,8.77540000146837e-06,0.08263880000231438,0.08264757540231585,0.0932749999992665,2068.2673698575004,1.1285872518972029,2068.267369862531,2.432188056930305e-10
Ablated PINN,4,628,True,optimal,8.77540000146837e-06,0.08360149999862188,0.08361027539862334,0.1130072000014479,2098.3823497994363,1.3515946390879676,2098.3823464718303,-1.585795843986578e-07
Ablated PINN,4,629,True,optimal,8.77540000146837e-06,0.07837780000045313,0.0783865754004546,0.1105009999992034,2172.8828727837745,1.409692915332573,2172.8828707580187,-9.322894360343657e-08
Ablated PINN,4,630,True,optimal,8.77540000146837e-06,0.11416779999854043,0.1141765753985419,0.0942606000025989,2174.25639514468,0.8255686393953856,2174.2563945388238,-2.7864986804691634e-08
Ablated PINN,4,631,True,optimal,8.77540000146837e-06,0.10362869999880786,0.10363747539880933,0.1218747000020812,2128.1482380531047,1.1759713321179706,2128.1482370346444,-4.78566452414687e-08
Ablated PINN,4,632,True,optimal,8.77540000146837e-06,0.09854260000065551,0.09855137540065698,0.0930888999973831,2136.4424945639207,0.9445723067682578,2136.4424953947414,3.888804326348355e-08
Ablated PINN,4,633,True,optimal,8.77540000146837e-06,0.09947610000017448,0.09948487540017595,0.0920519999999669,2107.709452170081,0.9252863777502816,2107.709452004414,-7.860058142334304e-09
Ablated PINN,4,634,True,optimal,8.77540000146837e-06,0.09350219999760156,0.09351097539760303,0.1095159000033163,2047.9459968290416,1.1711555733181191,2047.9459944303012,-1.1712908633539223e-07
Ablated PINN,4,635,True,optimal,8.77540000146837e-06,0.09268060000249534,0.0926893754024968,0.1004419999990204,2160.855060266584,1.0836409196076506,2160.8550602348087,-1.4705045112684025e-09
Ablated PINN,4,636,True,optimal,8.77540000146837e-06,0.10083440000016708,0.10084317540016854,0.1182555000013962,2162.859964405213,1.1726673573311392,2162.8599623729183,-9.396329830135793e-08
Ablated PINN,4,637,True,optimal,8.77540000146837e-06,0.09837019999758922,0.09837897539759069,0.0945245000002614,2072.841717570554,0.9608201307062638,2072.841711291595,-3.029155101273261e-07
Ablated PINN,4,638,True,optimal,8.77540000146837e-06,0.10304840000026161,0.10305717540026307,0.0888355999995837,2178.017926171404,0.8620030546592773,2178.01792569719,-2.1772718903624934e-08
Ablated PINN,4,639,True,optimal,8.77540000146837e-06,0.08315650000076857,0.08316527540077004,0.1015274999990651,2204.0542578229224,1.2207919652740673,2204.0542578292216,2.8579878567514766e-10
Ablated PINN,4,640,True,optimal,8.77540000146837e-06,0.09234180000203196,0.09235057540203342,0.1188681000021461,2190.4473095838243,1.2871397875397406,2190.4473093731294,-9.618807351946773e-09
Ablated PINN,4,641,True,optimal,8.77540000146837e-06,0.07946840000295197,0.07947717540295343,0.1115506999994977,2273.8091708838424,1.4035564227582298,2273.8091708832812,-2.467921398943832e-11
Ablated PINN,4,642,True,optimal,8.77540000146837e-06,0.07833160000154749,0.07834037540154895,0.1104951000015717,2072.257797995907,1.410448947113253,2072.257797977599,-8.834870045799779e-10
Ablated PINN,4,643,True,optimal,8.77540000146837e-06,0.08573160000014468,0.08574037540014615,0.1168818000005558,2213.731965941241,1.3632060677956463,2213.7319660194585,3.5332847449721347e-09
Ablated PINN,4,644,True,optimal,8.77540000146837e-06,0.08285990000149468,0.08286867540149614,0.1434605000031297,2226.952816015813,1.7311788719690289,2226.95281655411,2.41719163647655e-08
Ablated PINN,4,645,True,optimal,8.77540000146837e-06,0.1083232000019052,0.10833197540190667,0.1014982000015152,2210.436130649556,0.9369182055894534,2210.4361306545925,2.2784313200615398e-10
Ablated PINN,4,646,True,optimal,8.77540000146837e-06,0.11128040000039618,0.11128917540039765,0.1163393999995605,2175.616502172721,1.0453792975012448,2175.6165019622854,-9.67246298484169e-09
Ablated PINN,4,647,True,optimal,8.77540000146837e-06,0.12022140000044601,0.12023017540044748,0.1226314999985334,2194.288158495127,1.019972728061719,2194.288158752222,1.171655836573392e-08
Ablated PINN,4,648,True,optimal,8.77540000146837e-06,0.1189209000003757,0.11892967540037716,0.1012484000020776,2231.8968320477143,0.8513299953205499,2231.8968320194795,-1.2650588442873894e-09
Ablated PINN,4,649,True,optimal,8.77540000146837e-06,0.10761189999902854,0.10762067539903,0.1083577999997942,2131.67927704834,1.0068492842851164,2131.6792765499868,-2.337842656391626e-08
Ablated PINN,4,650,True,optimal,8.77540000146837e-06,0.10433669999838457,0.10434547539838604,0.0897040999989258,2195.696037076173,0.859683658121637,2195.696036935072,-6.426266631956008e-09
Ablated PINN,4,651,True,optimal,8.77540000146837e-06,0.09737799999857089,0.09738677539857235,0.0925821000018913,2185.101248473243,0.9506639851559199,2185.1012482781357,-8.928971931959982e-09
Ablated PINN,4,652,True,optimal,8.77540000146837e-06,0.10026010000001406,0.10026887540001553,0.1113416999978653,2061.7568306611,1.1104313233161889,2061.7568306762632,7.354453950370195e-10
Ablated PINN,4,653,True,optimal,8.77540000146837e-06,0.11048099999970873,0.1104897753997102,0.0967079000001831,2191.620676942746,0.8752656039921388,2191.6206769412643,-6.760142778242299e-11
Ablated PINN,4,654,True,optimal,8.77540000146837e-06,0.09789340000133961,0.09790217540134108,0.1112295999992056,2167.111898213451,1.1361300149177478,2167.111898177523,-1.657864055554978e-09
Ablated PINN,4,655,True,optimal,8.77540000146837e-06,0.12064169999939622,0.12065047539939769,0.1006243000010727,2245.899956653403,0.8340149482873487,2245.8999561654286,-2.172734249039356e-08
Ablated PINN,4,656,True,optimal,8.77540000146837e-06,0.09853619999921648,0.09854497539921794,0.0930773000000044,2167.948435738087,0.9445159392748,2167.9484356994067,-1.7841916478000947e-09
Ablated PINN,4,657,True,optimal,8.77540000146837e-06,0.0745561000003363,0.07456487540033777,0.1055230999991181,2177.151763261153,1.4151850912720778,2177.1517632164832,-2.0517555565656334e-09
Ablated PINN,4,658,True,optimal,8.77540000146837e-06,0.09409239999877173,0.09410117539877319,0.1014568999999028,2142.7066744994554,1.0781682542216737,2142.7066728888576,-7.516650837892075e-08
Ablated PINN,4,659,True,optimal,8.77540000146837e-06,0.08165110000118148,0.08165987540118294,0.0976937999985239,2249.161512946493,1.1963500987304798,2249.1615129476454,5.123375002254512e-11
Ablated PINN,4,660,True,optimal,8.77540000146837e-06,0.07811930000025313,0.0781280754002546,0.0929490999988047,2237.285776289896,1.1897016472327155,2237.2857762993076,4.206637915319573e-10
Ablated PINN,4,661,True,optimal,8.77540000146837e-06,0.08091129999957047,0.08092007539957194,0.1039409000004525,2202.5939653309374,1.2844884225231745,2202.5939664583516,5.1185747238794325e-08
Ablated PINN,4,662,True,optimal,8.77540000146837e-06,0.07169059999796445,0.07169937539796592,0.0958350999972026,2254.4500890244285,1.3366239170881453,2254.4500888323496,-8.51998966340606e-09
Ablated PINN,4,663,True,optimal,8.77540000146837e-06,0.06929170000148588,0.06930047540148734,0.0971105999997234,2055.626592294665,1.4012977463303113,2055.6265922755915,-9.278663843776967e-10
Ablated PINN,4,664,True,optimal,8.77540000146837e-06,0.09159320000253501,0.09160197540253648,0.125094099999842,2393.316285385306,1.3656266630727936,2393.316285521855,5.70544150897505e-09
Ablated PINN,4,665,True,optimal,8.77540000146837e-06,0.09472689999893191,0.09473567539893338,0.1274516000012227,2139.467907163163,1.3453390126214022,2139.467907076735,-4.039692157945393e-09
Ablated PINN,4,666,True,optimal,8.77540000146837e-06,0.07911529999910272,0.07912407539910418,0.1087732999985746,2209.1460832434605,1.3747181177147265,2209.1460835120433,1.215776912254852e-08
Ablated PINN,4,667,True,optimal,8.77540000146837e-06,0.1124177999990934,0.11242657539909487,0.1244183999988308,2185.8306339413634,1.1066636118477062,2185.8306340270774,3.921345167167984e-09
Ablated PINN,4,668,True,optimal,8.77540000146837e-06,0.080112999999983,0.08012177539998447,0.1113383999982033,2233.823589176101,1.3896147388444526,2233.823589163432,-5.671354940350786e-10
Ablated PINN,4,669,True,optimal,8.77540000146837e-06,0.07141929999852437,0.07142807539852583,0.1069250000000465,2158.5994799556447,1.4969603955233164,2158.5994798404963,-5.334403013463675e-09
Ablated PINN,4,670,True,optimal,8.77540000146837e-06,0.09296009999889066,0.09296887539889212,0.1001768999994965,2130.705886305839,1.0775315886061614,2130.705885849612,-2.1412016632536883e-08
Ablated PINN,4,671,True,optimal,8.77540000146837e-06,0.09252819999892381,0.09253697539892528,0.107704800000647,2163.659344053905,1.1639109613895797,2163.659342691594,-6.296329406712687e-08
Ablated PINN,4,672,True,optimal,8.77540000146837e-06,0.07827950000137207,0.07828827540137354,0.0971184000009088,2209.0057928235133,1.2405229199774261,2209.005793251733,1.938517615316704e-08
Ablated PINN,4,673,True,optimal,8.77540000146837e-06,0.08186749999731546,0.08187627539731693,0.1151122999981453,2127.194332621426,1.405929855010448,2127.1943325137763,-5.0606383366293784e-09
Ablated PINN,4,674,True,optimal,8.77540000146837e-06,0.08346180000080494,0.08347057540080641,0.0921143999985361,2184.785675711488,1.1035553493698114,2184.7856756862266,-1.156233108930313e-09
Ablated PINN,4,675,True,optimal,8.77540000146837e-06,0.0796360000022105,0.07964477540221196,0.1287230999987514,2177.6365423732987,1.6162152426030496,2177.6365400579684,-1.0632307898166453e-07
Ablated PINN,4,676,True,optimal,8.77540000146837e-06,0.07180919999882462,0.07181797539882609,0.0969169999989389,2215.739597568961,1.3494810938449688,2215.7395975354534,-1.5122536889931333e-09
Ablated PINN,4,677,True,optimal,8.77540000146837e-06,0.10225189999982831,0.10226067539982978,0.0933471999996982,2122.353808579658,0.9128357468275982,2122.3538073843906,-5.631801266746656e-08
Ablated PINN,4,678,True,optimal,8.77540000146837e-06,0.08809549999932642,0.08810427539932789,0.1005844999999681,2190.2970826922037,1.141652882837686,2190.297082006125,-3.13235450088427e-08
Ablated PINN,4,679,True,optimal,8.77540000146837e-06,0.12923640000008163,0.1292451754000831,0.1300998000006075,2168.639816365135,1.0066124294224437,2168.639816265213,-4.607592713349394e-09
Ablated PINN,4,680,True,optimal,8.77540000146837e-06,0.07730939999964903,0.0773181753996505,0.1011779999971622,2149.5158028594237,1.3085927011880776,2149.515801920209,-4.369424563618976e-08
Ablated PINN,4,681,True,optimal,8.77540000146837e-06,0.07693899999867426,0.07694777539867573,0.1024683000032382,2185.449968209164,1.331660330299837,2185.449966329904,-8.598962595928146e-08
Ablated PINN,4,682,True,optimal,8.77540000146837e-06,0.08942670000033104,0.0894354754003325,0.1079938000002584,2223.4604917115844,1.2075051819969072,2223.46049200458,1.3177456413448978e-08
Ablated PINN,4,683,True,optimal,8.77540000146837e-06,0.11022149999917019,0.11023027539917166,0.1132006000007095,2138.5740821843297,1.0269465406920335,2138.5740765569585,-2.6313660044986493e-07
Ablated PINN,4,684,True,optimal,8.77540000146837e-06,0.08674689999679686,0.08675567539679832,0.0927545999984431,2061.1510609350016,1.0691473448187363,2061.151060913128,-1.0612420767969903e-09
Ablated PINN,4,685,True,optimal,8.77540000146837e-06,0.08935469999778434,0.0893634753977858,0.1054205000000365,2174.62580015718,1.1796821859353128,2174.62579828442,-8.6118728768019e-08
Ablated PINN,4,686,True,optimal,8.77540000146837e-06,0.09396280000146362,0.09397157540146509,0.1106030000009923,2173.1821103278085,1.1769835668762016,2173.1821062590816,-1.8722438617541383e-07
Ablated PINN,4,687,True,optimal,8.77540000146837e-06,0.13288889999967068,0.13289767539967215,0.1161972000008972,2147.5127339133096,0.8743358350810089,2147.5127333204023,-2.7609024963046918e-08
Ablated PINN,4,688,True,optimal,8.77540000146837e-06,0.128966299998865,0.12897507539886646,0.1312399000016739,2126.8270680029523,1.0175601727372772,2126.827067704515,-1.4032052873665817e-08
Ablated PINN,4,689,True,optimal,8.77540000146837e-06,0.07464389999950072,0.07465267539950218,0.1128758999984711,2187.528679575168,1.5120141293586353,2187.528679560098,-6.888994234330769e-10
Ablated PINN,4,690,True,optimal,8.77540000146837e-06,0.11252320000130567,0.11253197540130713,0.094044000001304,2244.953675435381,0.8357091365892046,2244.953675340444,-4.2288932724392875e-09
Ablated PINN,4,691,True,optimal,8.77540000146837e-06,0.1057756000009249,0.10578437540092636,0.1115934999979799,2100.5271219706883,1.0549147695492531,2100.5271217626523,-9.903990142196274e-09
Ablated PINN,4,692,True,optimal,8.77540000146837e-06,0.07997229999818956,0.07998107539819102,0.1365667000027315,2212.383646993115,1.707487669087034,2212.3836468849154,-4.890625619364189e-09
Ablated PINN,4,693,True,optimal,8.77540000146837e-06,0.07925149999937275,0.07926027539937422,0.098798800001532,2251.2355322340327,1.246510935064352,2251.235532292366,2.5911625126325476e-09
Ablated PINN,4,694,True,optimal,8.77540000146837e-06,0.07151670000166632,0.07152547540166779,0.0961877000008826,2145.1265246579646,1.344803364964978,2145.1265243722232,-1.3320492014790237e-08
Ablated PINN,4,695,True,optimal,8.77540000146837e-06,0.07623420000163605,0.07624297540163752,0.0978136999983689,2155.31340862008,1.282920813138519,2155.3134084371463,-8.487558693144952e-09
Ablated PINN,4,696,True,optimal,8.77540000146837e-06,0.060430100002122344,0.06043887540212381,0.1110398999990138,2205.137667137029,1.837226441759899,2205.137667618499,2.183401659629976e-08
Ablated PINN,4,697,True,optimal,8.77540000146837e-06,0.09468239999841899,0.09469117539842045,0.1003676000000268,2143.6366273394115,1.0599467117999366,2143.636627312359,-1.2619893134808582e-09
Ablated PINN,4,698,True,optimal,8.77540000146837e-06,0.1270823000013479,0.12709107540134937,0.1058760999985679,2053.370345991096,0.8330726580463239,2053.370345987618,-1.6939771696428536e-10
Ablated PINN,4,699,True,optimal,8.77540000146837e-06,0.08806619999813847,0.08807497539813994,0.1021807999968587,2166.450459641476,1.1601570086730522,2166.4504594038776,-1.0967165846011695e-08
Ablated PINN,4,700,True,optimal,8.77540000146837e-06,0.08939209999880404,0.08940087539880551,0.0996520000007876,2180.640773315581,1.1146647004993315,2180.640773143128,-7.908360262372051e-09
Ablated PINN,4,701,True,optimal,8.77540000146837e-06,0.10656980000203475,0.10657857540203622,0.1660667000032845,2223.5399270839503,1.5581621294603243,2223.5399270680623,-7.1453463694297e-10
Ablated PINN,4,702,True,optimal,8.77540000146837e-06,0.08607189999747789,0.08608067539747935,0.1133463000005576,2198.8148438848766,1.3167450124801956,2198.8148436688984,-9.822480604859702e-09
Ablated PINN,4,703,True,optimal,8.77540000146837e-06,0.07635270000173477,0.07636147540173624,0.1123265999995055,2165.7660453958315,1.4709851978181072,2165.7660451161514,-1.2913679230441966e-08
Ablated PINN,4,704,True,optimal,8.77540000146837e-06,0.08144060000267928,0.08144937540268074,0.1128763000015169,2205.6927825309817,1.3858461092361158,2205.692782538539,3.4263367429212656e-10
Ablated PINN,4,705,True,optimal,8.77540000146837e-06,0.09329409999918425,0.09330287539918572,0.0924095000009401,2162.269089103981,0.990424996074093,2162.2690890944195,-4.4219832988968894e-10
Ablated PINN,4,706,True,optimal,8.77540000146837e-06,0.0837866000001668,0.08379537540016826,0.0912553000016487,2139.8525375662093,1.0890254929446317,2139.8525365336213,-4.825510030808286e-08
Ablated PINN,4,707,True,optimal,8.77540000146837e-06,0.10740330000044196,0.10741207540044342,0.1108521999994991,2190.892496755412,1.0320273543382392,2190.8924966869017,-3.1270551611551545e-09
Ablated PINN,4,708,True,optimal,8.77540000146837e-06,0.08766429999741376,0.08767307539741523,0.0883727999971597,2212.666470722974,1.0079810659837434,2212.6664696542657,-4.829955756648667e-08
Ablated PINN,4,709,True,optimal,8.77540000146837e-06,0.07906419999926584,0.0790729753992673,0.1135267999998177,2141.5624494968506,1.4357218686483075,2141.5624495237753,1.257244735385213e-09
Ablated PINN,4,710,True,optimal,8.77540000146837e-06,0.09163320000152453,0.091641975401526,0.1301991000000271,2155.439402566203,1.4207365067106472,2155.4394024877906,-3.6378912052618234e-09
Ablated PINN,4,711,True,optimal,8.77540000146837e-06,0.0919090999996115,0.09191787539961296,0.1575611000007484,2127.008836000788,1.7141508038099393,2127.008839803851,1.7879864648566563e-07
Ablated PINN,4,712,True,optimal,8.77540000146837e-06,0.10829200000080164,0.1083007754008031,0.1465223999985028,2120.081630732464,1.3529210613335672,2120.081636784735,2.854734958663731e-07
Ablated PINN,4,713,True,optimal,8.77540000146837e-06,0.09955149999950663,0.0995602753995081,0.1314487999989069,2201.385218268302,1.320293655993205,2201.385218533812,1.2061028464256396e-08
Ablated PINN,4,714,True,optimal,8.77540000146837e-06,0.09813059999942197,0.09813937539942344,0.1315121000006911,2217.380614324773,1.3400543814900183,2217.3806143207707,-1.8049366037100098e-10
Ablated PINN,4,715,True,optimal,8.77540000146837e-06,0.09790290000091773,0.09791167540091919,0.1079632000000856,2199.244140743131,1.1026591012563967,2199.2441407402616,-1.3047463585029678e-10
Ablated PINN,4,716,True,optimal,8.77540000146837e-06,0.14089460000104737,0.14090337540104883,0.111854000002495,2186.67298615557,0.7938347799272266,2186.6729842234936,-8.835689843630768e-08
Ablated PINN,4,717,True,optimal,8.77540000146837e-06,0.13990879999983008,0.13991757539983155,0.136706299999787,2134.62196980022,0.9770488061212615,2134.6219694635024,-1.5774112734134178e-08
Ablated PINN,4,718,True,optimal,8.77540000146837e-06,0.14365880000332254,0.143667575403324,0.1300302999989071,2116.9858223987403,0.905077569756903,2116.9858220655487,-1.5738960624099593e-08
Ablated PINN,4,719,True,optimal,8.77540000146837e-06,0.1191480000015872,0.11915677540158867,0.1093187000005855,2152.0812906310784,0.9174358707858083,2152.081290509586,-5.645352549110985e-09
Ablated PINN,4,720,True,optimal,8.77540000146837e-06,0.16315369999938412,0.16316247539938558,0.1557367999994312,2215.1665515270925,0.9544890736563174,2215.1665516965445,7.649630249998823e-09
Ablated PINN,4,721,True,optimal,8.77540000146837e-06,0.09240219999992405,0.09241097539992552,0.1452413999977579,2098.17640001431,1.5716899358458125,2098.1763999245177,-4.279532367663385e-09
Ablated PINN,4,722,True,optimal,8.77540000146837e-06,0.11151189999873168,0.11152067539873314,0.095336699996551,2138.132401553344,0.8548791482447748,2138.1324011389875,-1.9379374770229384e-08
Ablated PINN,4,723,True,optimal,8.77540000146837e-06,0.09581579999940004,0.09582457539940151,0.0969640000002982,2160.89672581727,1.0118907346695514,2160.8967257566956,-2.803216838228194e-09
Ablated PINN,4,724,True,optimal,8.77540000146837e-06,0.09352639999997336,0.09353517539997483,0.1349957999991602,2123.1656433548533,1.443262381471907,2123.1656433577186,1.3495711306857798e-10
Ablated PINN,4,725,True,optimal,8.77540000146837e-06,0.0883800000010524,0.08838877540105386,0.1549517999992531,2125.6512387542584,1.753071012650387,2125.6512413811574,1.2358090340532334e-07
Ablated PINN,4,726,True,optimal,8.77540000146837e-06,0.08503959999870858,0.08504837539871005,0.1330903000016405,2135.4531155211166,1.5648776284991694,2135.453115524774,1.712766680099778e-10
Ablated PINN,4,727,True,optimal,8.77540000146837e-06,0.10662560000127996,0.10663437540128143,0.1024930999992648,2179.4726442594533,0.961163786195283,2179.472644245157,-6.559544234163264e-10
Ablated PINN,4,728,True,optimal,8.77540000146837e-06,0.09968099999969127,0.09968977539969273,0.1484806000007665,2155.7194918607565,1.4894265676239464,2155.719497847168,2.776989990807496e-07
Ablated PINN,4,729,True,optimal,8.77540000146837e-06,0.09030999999959022,0.09031877539959168,0.1037150999982259,2214.9108237805967,1.1483226996752967,2214.910823766809,-6.225054088337143e-10
Ablated PINN,4,730,True,optimal,8.77540000146837e-06,0.09206979999726173,0.09207857539726319,0.1153385999969032,2215.212917716952,1.2526106045764405,2215.212917516139,-9.065168885870241e-09
Ablated PINN,4,731,True,optimal,8.77540000146837e-06,0.09498299999904702,0.09499177539904849,0.1370184000006702,2215.789356672032,1.4424238248529744,2215.7893564791507,-8.70486822427651e-09
Ablated PINN,4,732,True,optimal,8.77540000146837e-06,0.13096740000037244,0.1309761754003739,0.1387686999987636,2221.171052251004,1.0594957409205845,2221.1710522373473,-6.14834129079409e-10
Ablated PINN,4,733,True,optimal,8.77540000146837e-06,0.1371763999995892,0.13718517539959066,0.1293422000017017,2249.3664094584024,0.9428292789286885,2249.366409372564,-3.8161219239220294e-09
Ablated PINN,4,734,True,optimal,8.77540000146837e-06,0.1574298000014096,0.15743857540141107,0.1108213999978033,2319.944938638373,0.7039024566580907,2319.944938700322,2.6702731749129143e-09
Ablated PINN,4,735,True,optimal,8.77540000146837e-06,0.15084960000240244,0.1508583754024039,0.125463899999886,2207.2240297997,0.8316667845932985,2207.2240302541927,2.0591144633887107e-08
Ablated PINN,4,736,True,optimal,8.77540000146837e-06,0.1659163999975135,0.16592517539751497,0.1520268999993277,2225.892545030186,0.9162376934971411,2225.8925466306728,7.190315377070518e-08
Ablated PINN,4,737,True,optimal,8.77540000146837e-06,0.17338100000051782,0.17338977540051928,0.1736464999994496,2238.1216473494846,1.001480621324627,2238.1216472617507,-3.919981372016769e-09
Ablated PINN,4,738,True,optimal,8.77540000146837e-06,0.1505722000001697,0.15058097540017115,0.1422646999999415,2169.042258277396,0.9447720711190174,2169.042255643366,-1.2143746334384912e-07
Ablated PINN,4,739,True,optimal,8.77540000146837e-06,0.15226289999918663,0.1522716753991881,0.1108657000004313,2182.589460706401,0.7280782831724358,2182.5894615704656,3.9588962903037746e-08
Ablated PINN,4,740,True,optimal,8.77540000146837e-06,0.14017089999833843,0.1401796753983399,0.1077010000008158,2139.6773823950925,0.7683068154835467,2139.677381491433,-4.223344094775742e-08
Ablated PINN,4,741,True,optimal,8.77540000146837e-06,0.13291889999891282,0.13292767539891429,0.1242430999991484,2099.704070668296,0.9346669128629265,2099.7040745653726,1.8560122931928788e-07
Ablated PINN,4,742,True,optimal,8.77540000146837e-06,0.15424099999654572,0.1542497753965472,0.1270535000003292,2306.5334268129404,0.8236867747372631,2306.5334267214994,-3.964436456919249e-09
Ablated PINN,4,743,True,optimal,8.77540000146837e-06,0.15920510000069044,0.1592138754006919,0.1173746999993454,2203.569741771308,0.7372140129366848,2203.56974174447,-1.2179455292866643e-09
Ablated PINN,4,744,True,optimal,8.77540000146837e-06,0.1520115999992413,0.15202037539924276,0.1755483000015374,2152.8814630618504,1.1547682311697003,2152.8814700924677,3.265677858387523e-07
Ablated PINN,4,745,True,optimal,8.77540000146837e-06,0.17497309999816935,0.1749818753981708,0.1463349000005109,2324.199348846464,0.8362860420116438,2324.1993488581807,5.041118999282424e-10
Ablated PINN,4,746,True,optimal,8.77540000146837e-06,0.14255300000149873,0.1425617754015002,0.1306363999974564,2258.829466518266,0.9163494185558642,2258.8294664664454,-2.2941410645816883e-09
Ablated PINN,4,747,True,optimal,8.77540000146837e-06,0.13778040000033798,0.13778917540033944,0.1099880999972811,2246.487308272045,0.798234692077344,2246.4873082463223,-1.145022444960008e-09
Ablated PINN,4,748,True,optimal,8.77540000146837e-06,0.14280539999890607,0.14281417539890753,0.1005313999994541,2194.622533845843,0.7039315230343942,2194.6225336708603,-7.973247572023915e-09
Ablated PINN,4,749,True,optimal,8.77540000146837e-06,0.11420079999879817,0.11420957539879964,0.0938669999995909,2166.189916711525,0.8218838015273583,2166.1899167234537,5.506872881470588e-10
Ablated PINN,4,750,True,optimal,8.77540000146837e-06,0.15383469999869703,0.1538434753986985,0.1060683999967295,2143.85742504082,0.6894566033550932,2143.8574250283123,-5.834261989644223e-10
Ablated PINN,4,751,True,optimal,8.77540000146837e-06,0.14500819999739178,0.14501697539739325,0.1196380000001227,2326.460095981221,0.8249930718267708,2326.4600960013654,8.658819544924269e-10
Ablated PINN,4,752,True,optimal,8.77540000146837e-06,0.12507729999924777,0.12508607539924924,0.1505317999981343,2166.951330498295,1.2034257171924811,2166.95133004115,-2.10962390910075e-08
Ablated PINN,4,753,True,optimal,8.77540000146837e-06,0.12036100000113947,0.12036977540114094,0.1160373000020627,2200.084267658183,0.9640069495465954,2200.0842675407866,-5.335987061429968e-09
Ablated PINN,4,754,True,optimal,8.77540000146837e-06,0.11813199999960489,0.11814077539960635,0.1045751000019663,2192.6507197651194,0.8851736383839136,2192.650719234172,-2.4214871100946773e-08
Ablated PINN,4,755,True,optimal,8.77540000146837e-06,0.12300249999680091,0.12301127539680237,0.1203139999997802,2159.319912990352,0.9780729417826011,2159.319912739492,-1.1617547282609909e-08
Ablated PINN,4,756,True,optimal,8.77540000146837e-06,0.1178963999991538,0.11790517539915527,0.1313281000002462,2107.6418835362306,1.1138450840317151,2107.6418828791266,-3.11772135222935e-08
Ablated PINN,4,757,True,optimal,8.77540000146837e-06,0.12372360000154004,0.1237323754015415,0.1477945000006002,2224.350010324529,1.1944691073857694,2224.350010291867,-1.4683942871317684e-09
Ablated PINN,4,758,True,optimal,8.77540000146837e-06,0.15477570000075502,0.1547844754007565,0.1560762000008253,2107.9142072633003,1.0083453110961185,2107.9142072930294,1.4103566436320868e-09
Ablated PINN,4,759,True,optimal,8.77540000146837e-06,0.17509829999835347,0.17510707539835493,0.1519188999991456,2260.6564050966595,0.8675771647350169,2260.6564050773827,-8.52705442570473e-10
Ablated PINN,4,760,True,optimal,8.77540000146837e-06,0.16664769999988494,0.1666564753998864,0.179667899999913,2156.1852399890167,1.0780733215964524,2156.185239688549,-1.3935163828356848e-08
Ablated PINN,4,761,True,optimal,8.77540000146837e-06,0.12931010000102106,0.12931887540102252,0.1701767000013205,2309.662922175484,1.3159463340026458,2309.6629221751546,-1.4254767606161762e-11
Ablated PINN,4,762,True,optimal,8.77540000146837e-06,0.11851860000024317,0.11852737540024463,0.1039946000018972,2164.240757740613,0.877388870298756,2164.240756873244,-4.0077275278823904e-08
Ablated PINN,4,763,True,optimal,8.77540000146837e-06,0.11251619999893592,0.11252497539893738,0.1006861999994725,2166.1213946676053,0.8947897979315916,2166.121394609849,-2.666337026919025e-09
Ablated PINN,4,764,True,optimal,8.77540000146837e-06,0.13709129999915604,0.1371000753991575,0.1399548999979742,2135.021424948894,1.0208229250823173,2135.021424946562,-1.0922346671071967e-10
Ablated PINN,4,765,True,optimal,8.77540000146837e-06,0.15453859999979613,0.1545473753997976,0.2011033999988285,2105.1326890611285,1.3012411209093355,2105.1326890361406,-1.1869993902856886e-09
Ablated PINN,4,766,True,optimal,8.77540000146837e-06,0.11616349999894737,0.11617227539894884,0.1493995999990147,2167.9715890243724,1.2860176792264715,2167.9715889520285,-3.336941195603036e-09
Ablated PINN,4,767,True,optimal,8.77540000146837e-06,0.15749589999904856,0.15750467539905003,0.1374014000030001,2239.493200441943,0.8723639451012057,2239.493200424466,-7.803930900892977e-10
Ablated PINN,4,768,True,optimal,8.77540000146837e-06,0.12797809999756282,0.1279868753975643,0.1389769999987038,2137.14418627282,1.0858691531221543,2137.1441855313433,-3.4694754292516305e-08
Ablated PINN,4,769,True,optimal,8.77540000146837e-06,0.15066809999916586,0.15067687539916733,0.1324855999991996,2089.640778431818,0.8792696267972367,2089.640778392124,-1.8995603059568085e-09
Ablated PINN,4,770,True,optimal,8.77540000146837e-06,0.14716459999908693,0.1471733753990884,0.1254450999986147,2145.6448634353037,0.8523627297291145,2145.6448622527478,-5.511424347138603e-08
Ablated PINN,4,771,True,optimal,8.77540000146837e-06,0.1868823999975575,0.18689117539755898,0.1297511000011582,2079.996500898453,0.6942601742706622,2079.996500910566,5.823399430229718e-10
Ablated PINN,4,772,True,optimal,8.77540000146837e-06,0.15477980000287062,0.15478857540287208,0.0922629000015149,2130.9116201759307,0.5960575563240371,2130.9116200567673,-5.59213056703419e-09
Ablated PINN,4,773,True,optimal,8.77540000146837e-06,0.142284199999267,0.14229297539926847,0.135609499997372,2174.3304894610515,0.9530301802802079,2174.330489220717,-1.105326126160419e-08
Ablated PINN,4,774,True,optimal,8.77540000146837e-06,0.12126630000057048,0.12127507540057195,0.1089367999993555,2181.74933669246,0.8982620677788649,2181.749336694047,7.274292366692139e-11
Ablated PINN,4,775,True,optimal,8.77540000146837e-06,0.161285999998654,0.16129477539865547,0.0909789000033924,2176.846969917512,0.5640536079270351,2176.8469699113875,-2.8134900644719997e-10
Ablated PINN,4,776,True,optimal,8.77540000146837e-06,0.13410339999973075,0.13411217539973222,0.119744300001912,2198.3032603092447,0.892866733724991,2198.3032602642006,-2.049038918361991e-09
Ablated PINN,4,777,True,optimal,8.77540000146837e-06,0.11898839999776101,0.11899717539776247,0.1565726999979233,2188.410745349634,1.3157682060482536,2188.410745279815,-3.1904056365729295e-09
Ablated PINN,4,778,True,optimal,8.77540000146837e-06,0.1176683999983652,0.11767717539836667,0.1156338000000687,2209.33536755024,0.9826357542031356,2209.335367446234,-4.707556982800576e-09
Ablated PINN,4,779,True,optimal,8.77540000146837e-06,0.14206410000042524,0.1420728754004267,0.1134657000002334,2227.8749834185915,0.7986443554438866,2227.8749834013483,-7.739711689052693e-10
Ablated PINN,4,780,True,optimal,8.77540000146837e-06,0.14505239999925834,0.1450611753992598,0.1481304000008094,2187.4504670359534,1.0211581396131804,2187.450466659437,-1.721256139477079e-08
Ablated PINN,4,781,True,optimal,8.77540000146837e-06,0.1462704000005033,0.14627917540050475,0.1159706999969785,2122.1638380872832,0.7928038948774272,2122.163836491525,-7.519485503815359e-08
Ablated PINN,4,782,True,optimal,8.77540000146837e-06,0.14716630000111763,0.1471750754011191,0.0902100999992399,2209.525733442365,0.6129441398509653,2209.5257334375256,-2.1902534262835217e-10
Ablated PINN,4,783,True,optimal,8.77540000146837e-06,0.17590130000098725,0.1759100754009887,0.0988352999993367,2140.019045698295,0.5618512741469792,2140.019045642512,-2.606656616008697e-09
Ablated PINN,4,784,True,optimal,8.77540000146837e-06,0.14531409999835887,0.14532287539836033,0.0642023000000335,2164.033360072612,0.4417907354505724,2164.033359364382,-3.272733029665857e-08
Ablated PINN,4,785,True,optimal,8.77540000146837e-06,0.14588519999961136,0.14589397539961282,0.073649199999636,2288.1181335471138,0.5048131685897665,2288.118134683176,4.9650500710899875e-08
Ablated PINN,4,786,True,optimal,8.77540000146837e-06,0.13234960000045248,0.13235837540045395,0.1064272000003256,2089.9251652700104,0.8040836076925781,2089.925165293744,1.1356253029782118e-09
Ablated PINN,4,787,True,optimal,8.77540000146837e-06,0.14643879999857745,0.14644757539857892,0.0810764999987441,2211.5127043931125,0.5536213199712069,2211.512704367441,-1.160807143510734e-09
Ablated PINN,4,788,True,optimal,8.77540000146837e-06,0.15307810000012978,0.15308687540013124,0.0771961999998893,2161.68342159744,0.504263999105851,2161.6834212906847,-1.4190573857572036e-08
Ablated PINN,4,789,True,optimal,8.77540000146837e-06,0.12208060000193655,0.12208937540193801,0.0880562999991525,2205.707294852995,0.7212445776649843,2205.707295601544,3.393692158755032e-08
Ablated PINN,4,790,True,optimal,8.77540000146837e-06,0.15531960000225808,0.15532837540225955,0.0693079000011493,2199.2707245260253,0.4462024393267496,2199.270724365464,-7.3006603218843944e-09
Ablated PINN,4,791,True,optimal,8.77540000146837e-06,0.12996270000076038,0.12997147540076184,0.0695395000002463,2147.9208417799714,0.5350366285050164,2147.920841779771,-9.33663745144077e-12
Ablated PINN,4,792,True,optimal,8.77540000146837e-06,0.1348017999989679,0.13481057539896937,0.0621151000013924,2151.7091099163554,0.4607583627439014,2151.7091084654307,-6.743126297865235e-08
Ablated PINN,4,793,True,optimal,8.77540000146837e-06,0.15289449999909266,0.15290327539909412,0.0612724000020534,2238.3985991718487,0.4007265367084243,2238.3985992863686,5.116154688034988e-09
Ablated PINN,4,794,True,optimal,8.77540000146837e-06,0.13791259999925387,0.13792137539925534,0.0666798999991442,2245.360295322794,0.48346313112176387,2245.3602952957763,-1.2032770159202172e-09
Ablated PINN,4,795,True,optimal,8.77540000146837e-06,0.16435659999842755,0.16436537539842902,0.0624257999988913,2253.102796372987,0.3797989682898139,2253.1027964632367,4.005570191895421e-09
Ablated PINN,4,796,True,optimal,8.77540000146837e-06,0.1464962000027299,0.14650497540273136,0.0615045000013196,2240.701502252212,0.41981168101798777,2240.7015022361907,-7.150083981725148e-10
Ablated PINN,4,797,True,optimal,8.77540000146837e-06,0.12570929999856162,0.12571807539856308,0.0611744000016187,2190.840324583168,0.48659987680910605,2190.8403243888133,-8.871229368682724e-09
Ablated PINN,4,798,True,optimal,8.77540000146837e-06,0.12527899999986403,0.1252877753998655,0.0584616000014648,2197.170995127462,0.4666185492948546,2197.170995126903,-2.543654979420673e-11
Ablated PINN,4,799,True,optimal,8.77540000146837e-06,0.1437960999974166,0.14380487539741807,0.0567969000003358,2153.593563661499,0.39495809751492994,2153.5935703855216,3.122233778191718e-07
Ablated PINN,4,800,True,optimal,8.77540000146837e-06,0.15013159999944037,0.15014037539944183,0.0922023999992234,2265.5833581349607,0.6141079623247444,2265.583358129972,-2.2018957816370674e-10
Ablated PINN,4,801,True,optimal,8.77540000146837e-06,0.13689130000057048,0.13690007540057195,0.1170894999995653,2142.9249185060357,0.8552917130027828,2142.9249182930967,-9.936843012672921e-09
Ablated PINN,4,802,True,optimal,8.77540000146837e-06,0.1584303000017826,0.15843907540178406,0.1244087000013678,2185.6565966284143,0.7852147564348064,2185.6565965317313,-4.423518540214052e-09
Ablated PINN,4,803,True,optimal,8.77540000146837e-06,0.16427850000036415,0.1642872754003656,0.1063532000007398,2157.8500099467183,0.6473611528437528,2157.850009432836,-2.3814548707260606e-08
Ablated PINN,4,804,True,optimal,8.77540000146837e-06,0.1554394000013417,0.15544817540134317,0.0933168000010482,2083.3465180258863,0.6003081075742358,2083.346518307148,1.3500475741171646e-08
Ablated PINN,4,805,True,optimal,8.77540000146837e-06,0.137671100001171,0.13767987540117246,0.107426899998245,2245.1237808884016,0.780265813614545,2245.1237808863075,-9.327376818410972e-11
Ablated PINN,4,806,True,optimal,8.77540000146837e-06,0.1597273999977915,0.15973617539779297,0.0998983000026783,2170.365447072126,0.6253955921625163,2170.365452600581,2.547246322571915e-07
Ablated PINN,4,807,True,optimal,8.77540000146837e-06,0.17891170000075363,0.1789204754007551,0.0859085000010964,2205.7428930638634,0.4801490707459513,2205.7428930317765,-1.4547014150855472e-09
Ablated PINN,4,808,True,optimal,8.77540000146837e-06,0.17626459999883082,0.17627337539883228,0.0814357999988715,2232.9801599287457,0.4619858206868544,2232.980159912972,-7.064022172369916e-10
Ablated PINN,4,809,True,optimal,8.77540000146837e-06,0.17427650000172434,0.1742852754017258,0.1005719999993743,2178.422329786948,0.5770539121423589,2178.4223291781204,-2.794809658682966e-08
Ablated PINN,4,810,True,optimal,8.77540000146837e-06,0.1444721000007121,0.14448087540071355,0.0863230000031762,2213.4155283627456,0.5974700787475287,2213.415528537084,7.87643841225351e-09
Ablated PINN,4,811,True,optimal,8.77540000146837e-06,0.18187219999890658,0.18188097539890805,0.0797216999999363,2292.810168680216,0.4383179704479137,2292.810168680248,1.3883536891488821e-12
Ablated PINN,4,812,True,optimal,8.77540000146837e-06,0.134887099997286,0.13489587539728745,0.0678661999991163,2116.131275230048,0.5031006307586554,2116.131275214609,-7.295706435281098e-10
Ablated PINN,4,813,True,optimal,8.77540000146837e-06,0.15013059999910183,0.1501393753991033,0.0726809000007051,2129.509371071957,0.4840895321930264,2129.509370171725,-4.227414845934963e-08
Ablated PINN,4,814,True,optimal,8.77540000146837e-06,0.1532243000001472,0.15323307540014866,0.0681239999976242,2153.934623761386,0.4445776463059757,2153.9346228526774,-4.2188301983668415e-08
Ablated PINN,4,815,True,optimal,8.77540000146837e-06,0.16005139999833773,0.1600601753983392,0.0591978000011295,2195.872937619504,0.36984715188400163,2195.8729359308227,-7.690249588087052e-08
Ablated PINN,4,816,True,optimal,8.77540000146837e-06,0.15432479999799398,0.15433357539799544,0.0551077000018267,2136.688200180949,0.35706877041962487,2136.688200010293,-7.986950158856463e-09
Ablated PINN,4,817,True,optimal,8.77540000146837e-06,0.14246210000055726,0.14247087540055872,0.0588013999986287,2232.0072626494,0.41272575769123193,2232.0072629250008,1.2347654333897846e-08
Ablated PINN,4,818,True,optimal,8.77540000146837e-06,0.12356150000050548,0.12357027540050694,0.0564730000005511,2190.664671690613,0.4570112012578668,2190.664668492181,-1.4600280373753585e-07
Ablated PINN,4,819,True,optimal,8.77540000146837e-06,0.12290519999805838,0.12291397539805984,0.058216800000082,2238.0197906277417,0.47363857373862905,2238.019790601122,-1.1894240520265659e-09
Ablated PINN,4,820,True,optimal,8.77540000146837e-06,0.12226509999891277,0.12227387539891424,0.1101100999985646,2151.3130110604907,0.9005202430963626,2151.31300896313,-9.749212271162513e-08
Ablated PINN,4,821,True,optimal,8.77540000146837e-06,0.13335509999888018,0.13336387539888164,0.0831022000020311,2193.6736558687267,0.6231237638639284,2193.6736553107075,-2.5437653797676838e-08
Ablated PINN,4,822,True,optimal,8.77540000146837e-06,0.11811780000061844,0.11812657540061991,0.0753828999986581,2135.850487640817,0.6381536055117238,2135.8504846764195,-1.387923685865615e-07
Ablated PINN,4,823,True,optimal,8.77540000146837e-06,0.138151300001482,0.13816007540148348,0.0739915999984077,2153.346116066893,0.5355497945654221,2153.3461158552723,-9.827531713652303e-09
Ablated PINN,4,824,True,optimal,8.77540000146837e-06,0.137387700000545,0.13739647540054648,0.0953582000001915,2160.627085108109,0.6940367263585003,2160.6270850118644,-4.454472916421814e-09
Ablated PINN,4,825,True,optimal,8.77540000146837e-06,0.15091279999978724,0.1509215753997887,0.0844053000000712,2230.78538072225,0.5592659616524873,2230.7853806508047,-3.2026996821469613e-09
Ablated PINN,4,826,True,optimal,8.77540000146837e-06,0.1856815999999526,0.18569037539995406,0.1013650999993842,2125.31601225673,0.5458823580977545,2125.3160122572212,2.310842887010889e-11
Ablated PINN,4,827,True,optimal,8.77540000146837e-06,0.13836640000226907,0.13837517540227054,0.079744099999516,2220.9747981485484,0.5762890617315706,2220.9747981266814,-9.84566827726064e-10
Ablated PINN,4,828,True,optimal,8.77540000146837e-06,0.1457728000023053,0.14578157540230677,0.0747054999992542,2237.4865078881985,0.512448159467977,2237.4865078798225,-3.7434824417704643e-10
Ablated PINN,4,829,True,optimal,8.77540000146837e-06,0.18434400000114692,0.1843527754011484,0.100370500000281,2151.481950283664,0.5444480007522348,2151.481949993225,-1.3499483345448262e-08
Ablated PINN,4,830,True,optimal,8.77540000146837e-06,0.19998169999962556,0.19999047539962703,0.0988470999982382,2168.8963367058977,0.49425903809028365,2168.8963365262075,-8.284869563855788e-09
Ablated PINN,4,831,True,optimal,8.77540000146837e-06,0.17428149999977904,0.1742902753997805,0.1336632000020472,2209.555018644443,0.7668999299901016,2209.5550186455403,4.966182550015126e-11
Ablated PINN,4,832,True,optimal,8.77540000146837e-06,0.19236939999973401,0.19237817539973548,0.1014569999970262,2250.942634975713,0.5273831077054997,2250.942635218449,1.07837466259329e-08
Ablated PINN,4,833,True,optimal,8.77540000146837e-06,0.15635829999882844,0.1563670753988299,0.1482988000025216,2172.7157449850506,0.9484016991701779,2172.7157445606326,-1.9533985395867402e-08
Ablated PINN,4,834,True,optimal,8.77540000146837e-06,0.21106589999908465,0.21107467539908611,0.1342702000001736,2199.0639222087407,0.6361265260567348,2199.06392222383,6.861749876719739e-10
Ablated PINN,4,835,True,optimal,8.77540000146837e-06,0.17643909999969765,0.1764478753996991,0.0970311000019137,2173.92062351468,0.5499136772381854,2173.920623347521,-7.689276136158935e-09
Ablated PINN,4,836,True,optimal,8.77540000146837e-06,0.1300812000008591,0.13008997540086056,0.1223054000001866,2202.4887431244583,0.940160067086749,2202.4887444828933,6.167727000781359e-08
Ablated PINN,4,837,True,optimal,8.77540000146837e-06,0.12559719999990193,0.1256059753999034,0.102231999997457,2200.801004163574,0.8139103229123574,2200.8010041417715,-9.906578082095503e-10
Ablated PINN,4,838,True,optimal,8.77540000146837e-06,0.12266799999997602,0.12267677539997748,0.106494699997711,2302.53021175128,0.8680917773596007,2302.5302117649335,5.929709149236577e-10
Ablated PINN,4,839,True,optimal,8.77540000146837e-06,0.11402730000190786,0.11403607540190933,0.1102935000017169,2199.218372488099,0.9671807768988709,2199.218372448386,-1.805761169621137e-09
Ablated PINN,4,840,True,optimal,8.77540000146837e-06,0.15007350000087172,0.15008227540087318,0.0991678999998839,2206.597335336667,0.6607569064035321,2206.597335310947,-1.1655980457740986e-09
Ablated PINN,4,841,True,optimal,8.77540000146837e-06,0.193866400000843,0.19387517540084445,0.0984644999989541,2117.128618086004,0.5078757494113154,2117.1286180219204,-3.0269040287314353e-09
Ablated PINN,4,842,True,optimal,8.77540000146837e-06,0.18796369999836315,0.18797247539836462,0.1245623999966483,2160.1220611622384,0.6626629762291889,2160.1220608877325,-1.2707891353054541e-08
Ablated PINN,4,843,True,optimal,8.77540000146837e-06,0.15620969999872614,0.1562184753987276,0.0935185000016645,2244.5341073260383,0.5986391799239529,2244.5341069904653,-1.4950678440858113e-08
Ablated PINN,4,844,True,optimal,8.77540000146837e-06,0.14566740000009304,0.1456761754000945,0.1019971999994595,2203.5582075110574,0.7001639061385828,2203.5582066365996,-3.968389760018585e-08
Ablated PINN,4,845,True,optimal,8.77540000146837e-06,0.14354129999992438,0.14355007539992584,0.1058495000033872,2204.4131125280637,0.7373698669853982,2204.41311244168,-3.918675963387194e-09
Ablated PINN,4,846,True,optimal,8.77540000146837e-06,0.16659480000089388,0.16660357540089535,0.100414799999271,2174.049539338711,0.6027169570499588,2174.0495386195976,-3.3077137667294964e-08
Ablated PINN,4,847,True,optimal,8.77540000146837e-06,0.16811589999997523,0.1681246753999767,0.1441817000013543,2249.954835468638,0.8575879754613004,2249.9548354609046,-3.437150527319109e-10
Ablated PINN,4,848,True,optimal,8.77540000146837e-06,0.19386730000042007,0.19387607540042154,0.0993211000022711,2196.7588383707343,0.5122916780584632,2196.758839393268,4.654737273199781e-08
Ablated PINN,4,849,True,optimal,8.77540000146837e-06,0.15120089999982156,0.15120967539982302,0.0951131000001623,2194.463102894298,0.6290146430687571,2194.4631028443496,-2.2761166255559203e-09
Ablated PINN,4,850,True,optimal,8.77540000146837e-06,0.16796500000054948,0.16797377540055095,0.0978451000009954,2217.274263020496,0.5825022374336326,2217.2742629650443,-2.500903604570584e-09
Ablated PINN,4,851,True,optimal,8.77540000146837e-06,0.18156410000301548,0.18157287540301695,0.0921605999974417,2212.9676055801974,0.5075681034013652,2212.967605586451,2.8259272994423517e-10
Ablated PINN,4,852,True,optimal,8.77540000146837e-06,0.144367400000192,0.14437617540019346,0.1054700999993656,2205.7464218702075,0.7305228837584534,2205.7464220871793,9.836660387964684e-09
Ablated PINN,4,853,True,optimal,8.77540000146837e-06,0.16146239999943646,0.16147117539943792,0.089220199999545,2178.0647467486538,0.5525456774488531,2178.0647464647554,-1.3034429616239053e-08
Ablated PINN,4,854,True,optimal,8.77540000146837e-06,0.1765296000012313,0.17653837540123277,0.1218503999989479,2219.073221577553,0.690220467487643,2219.073221549334,-1.2716521400698828e-09
Ablated PINN,4,855,True,optimal,8.77540000146837e-06,0.13383949999843026,0.13384827539843172,0.0991031999983533,2167.0337407969764,0.7404144708129312,2167.0337407049747,-4.245515601128035e-09
Ablated PINN,4,856,True,optimal,8.77540000146837e-06,0.10628349999751663,0.1062922753975181,0.0940855999979248,2212.4418692242134,0.8851593368008912,2212.44186920815,-7.260527675850791e-10
Ablated PINN,4,857,True,optimal,8.77540000146837e-06,0.14373340000020107,0.14374217540020254,0.1233008999988669,2111.832248441616,0.8577920826338987,2111.832248360181,-3.856120267828494e-09
Ablated PINN,4,858,True,optimal,8.77540000146837e-06,0.17296450000139885,0.1729732754014003,0.115413499999704,2268.79490113783,0.667233130273312,2268.7949010917478,-2.0311345695602485e-09
Ablated PINN,4,859,True,optimal,8.77540000146837e-06,0.15024730000004638,0.15025607540004784,0.0979086000006645,2211.922120771761,0.6516115886827782,2211.922120273172,-2.2540987476725206e-08
Ablated PINN,4,860,True,optimal,8.77540000146837e-06,0.2042647999987821,0.20427357539878357,0.0925181999991764,2162.3352604774186,0.4529132063144342,2162.335260465068,-5.711641265100878e-10
Ablated PINN,4,861,True,optimal,8.77540000146837e-06,0.16971310000008089,0.16972187540008235,0.0940732000017305,2122.672658011883,0.5542785794699323,2122.672657700662,-1.4661747317453686e-08
Ablated PINN,4,862,True,optimal,8.77540000146837e-06,0.17495989999952144,0.1749686753995229,0.1240146000018285,2175.3070569825845,0.7087817274643816,2175.3070563230285,-3.0320133698561315e-08
Ablated PINN,4,863,True,optimal,8.77540000146837e-06,0.18427410000003874,0.1842828754000402,0.105847700000595,2125.6344609896337,0.574376212498429,2125.6344608948266,-4.460178534681982e-09
Ablated PINN,4,864,True,optimal,8.77540000146837e-06,0.16875919999802136,0.16876797539802282,0.100574800002505,2200.847578190558,0.5959353352750079,2200.8475781829243,-3.46859267083243e-10
Ablated PINN,4,865,True,optimal,8.77540000146837e-06,0.17475890000059735,0.17476767540059882,0.1035154999990481,2239.6220430834937,0.5923034666552155,2239.622043069383,-6.300531976627329e-10
Ablated PINN,4,866,True,optimal,8.77540000146837e-06,0.1613270999987435,0.16133587539874497,0.1178729000021121,2234.3288853029217,0.7306056369098738,2234.32888520839,-4.230868413421119e-09
Ablated PINN,4,867,True,optimal,8.77540000146837e-06,0.1431324000004679,0.14314117540046936,0.104140899999038,2264.256881305836,0.7275397851644058,2264.2568814120814,4.692283501438954e-09
Ablated PINN,4,868,True,optimal,8.77540000146837e-06,0.1659761000009894,0.16598487540099086,0.1010007000004407,2228.2001883685493,0.6084933928855892,2228.200188298868,-3.127250041869143e-09
Ablated PINN,4,869,True,optimal,8.77540000146837e-06,0.1152094000026409,0.11521817540264237,0.1054631000006338,2133.0817377674684,0.9153338840168367,2133.0817378721877,4.9092924151953244e-09
Ablated PINN,4,870,True,optimal,8.77540000146837e-06,0.176088999996864,0.17609777539686547,0.0998972000015783,2249.998160800221,0.567282577968083,2249.998160786894,-5.923038559435523e-10
Ablated PINN,4,871,True,optimal,8.77540000146837e-06,0.1591149999985646,0.15912377539856606,0.0993393999997351,2206.78641525319,0.6242901147293309,2206.7864154986223,1.112169921827824e-08
Ablated PINN,4,872,True,optimal,8.77540000146837e-06,0.12175369999749819,0.12176247539749965,0.1023925999979837,2183.416128812071,0.8409208145918352,2183.4161286659023,-6.694488035144275e-09
Ablated PINN,4,873,True,optimal,8.77540000146837e-06,0.1100390999999945,0.11004787539999597,0.115620200002013,2045.6228501996304,1.0506354582654416,2045.6228502878653,4.313349152194175e-09
Ablated PINN,4,874,True,optimal,8.77540000146837e-06,0.13094809999893187,0.13095687539893333,0.0946383000009518,2308.93293548919,0.7226676698925167,2308.932935480777,-3.643796062430009e-10
Ablated PINN,4,875,True,optimal,8.77540000146837e-06,0.16965569999956642,0.1696644753995679,0.1258168999993358,2176.8827785621656,0.7415630154929664,2176.882777975892,-2.693178880413762e-08
Ablated PINN,4,876,True,optimal,8.77540000146837e-06,0.16902380000101402,0.1690325754010155,0.1251641999988351,2211.869385493217,0.7404738388555793,2211.8693859086,1.877972807418076e-08
Ablated PINN,4,877,True,optimal,8.77540000146837e-06,0.15695810000033816,0.15696687540033963,0.1403337000010651,2234.638471254582,0.8940338504104635,2234.638471242229,-5.527854817851035e-10
Ablated PINN,4,878,True,optimal,8.77540000146837e-06,0.171602400001575,0.17161117540157647,0.1640990000014426,2220.9570698653297,0.9562256048736039,2220.957070157352,1.3148492683488135e-08
Ablated PINN,4,879,True,optimal,8.77540000146837e-06,0.17994379999800003,0.1799525753980015,0.291046099999221,2117.8412674350734,1.617348900706276,2117.8412679443654,2.404769562854665e-08
Ablated PINN,4,880,True,optimal,8.77540000146837e-06,0.1676910999995016,0.16769987539950307,0.2369683000033546,2156.1419137942858,1.413049946750627,2156.1419137940707,-9.975943401182797e-12
Ablated PINN,4,881,True,optimal,8.77540000146837e-06,0.17973400000119,0.17974277540119146,0.2301845000001776,2224.5346514408734,1.2806328348185267,2224.534651416332,-1.1032127671912825e-09
Ablated PINN,4,882,True,optimal,8.77540000146837e-06,0.16198720000102185,0.1619959754010233,0.2539629000020795,2277.307157445397,1.567711169202758,2277.307157383833,-2.7033749447931696e-09
Ablated PINN,4,883,True,optimal,8.77540000146837e-06,0.17779899999732152,0.17780777539732298,0.2289533999974082,2150.7173687391687,1.287645602031728,2150.717368686635,-2.4426165418124775e-09
Ablated PINN,4,884,True,optimal,8.77540000146837e-06,0.17365029999928083,0.1736590753992823,0.2333772999991197,2155.528380616301,1.3438819679451328,2155.5283798760115,-3.434376395263821e-08
Ablated PINN,4,885,True,optimal,8.77540000146837e-06,0.17862740000055055,0.17863617540055202,0.2149341999975149,2185.6147778057707,1.2031952627488391,2185.6147778022896,-1.592728511165492e-10
Ablated PINN,4,886,True,optimal,8.77540000146837e-06,0.15740509999886854,0.15741387539887,0.2121760999980324,2068.722086126791,1.3478868966309403,2068.722091179205,2.4422874813562027e-07
Ablated PINN,4,887,True,optimal,8.77540000146837e-06,0.1455220999996527,0.14553087539965417,0.2355787999986205,2107.31413837561,1.6187547786796335,2107.3141380452607,-1.5676324096449754e-08
Ablated PINN,4,888,True,optimal,8.77540000146837e-06,0.14502489999722457,0.14503367539722603,0.2293844999985594,2161.5356046318407,1.5815947528759013,2161.5356043558872,-1.2766545452797779e-08
Ablated PINN,4,889,True,optimal,8.77540000146837e-06,0.15694749999966007,0.15695627539966153,0.2730091999983415,2154.4086333093483,1.739396524944107,2154.4086335470374,1.103268714559645e-08
Ablated PINN,4,890,True,optimal,8.77540000146837e-06,0.13043960000140942,0.13044837540141088,0.2284598000005644,2116.7996358163264,1.7513426234520468,2116.7996386335635,1.3308945722228696e-07
Ablated PINN,4,891,True,optimal,8.77540000146837e-06,0.1268573000015749,0.12686607540157638,0.2151989999983925,2141.5899935137386,1.6962690720684068,2141.58999335303,-7.504173244398717e-09
Ablated PINN,4,892,True,optimal,8.77540000146837e-06,0.13304140000036568,0.13305017540036715,0.2229795999992347,2179.7873067823725,1.6759060957887275,2179.7873066769466,-4.836522215602484e-09
Ablated PINN,4,893,True,optimal,8.77540000146837e-06,0.11565870000049472,0.11566747540049618,0.1871869999995397,2126.84622935289,1.6183200969106368,2126.846229239871,-5.3139369951019785e-09
Ablated PINN,4,894,True,optimal,8.77540000146837e-06,0.14114909999989322,0.1411578753998947,0.2023311999982979,2258.961724615864,1.4333681307196047,2258.9617246053413,-4.658270029476568e-10
Ablated PINN,4,895,True,optimal,8.77540000146837e-06,0.1343801999973948,0.13438897539739628,0.1823293999987072,2120.857831624615,1.3567288496660401,2120.857830728726,-4.224180648394233e-08
Ablated PINN,4,896,True,optimal,8.77540000146837e-06,0.15726509999876725,0.15727387539876872,0.1709375000027648,2139.357414393901,1.0868779037163794,2139.3574143279207,-3.0841131169057897e-09
Ablated PINN,4,897,True,optimal,8.77540000146837e-06,0.1982906000012008,0.19829937540120227,0.1385478000011062,2236.828311045135,0.6986799616529009,2236.8283112795475,1.047969164777232e-08
Ablated PINN,4,898,True,optimal,8.77540000146837e-06,0.11902480000208016,0.11903357540208162,0.2057855000020936,2189.895832980872,1.728802140967152,2189.895832151047,-3.789334508013887e-08
Ablated PINN,4,899,True,optimal,8.77540000146837e-06,0.12329930000123568,0.12330807540123714,0.1981755999986489,2165.0991649802154,1.6071583256311257,2165.0991642565496,-3.342414271443288e-08
Ablated PINN,4,900,True,optimal,8.77540000146837e-06,0.1250636000004306,0.12507237540043206,0.2204181000015523,2163.198417931077,1.7623244085343475,2163.198417921346,-4.4984955984419066e-10
Ablated PINN,4,901,True,optimal,8.77540000146837e-06,0.1747667999989062,0.17477557539890767,0.1574610999996366,2187.286236367795,0.9009330945714095,2187.2862363191975,-2.221816438066409e-09
Ablated PINN,4,902,True,optimal,8.77540000146837e-06,0.16964899999948102,0.16965777539948249,0.1863426999989315,2163.079428579788,1.0983445913997285,2163.079428271624,-1.4246545259970062e-08
Ablated PINN,4,903,True,optimal,8.77540000146837e-06,0.1663507999983267,0.16635957539832816,0.1730766000000585,2099.9592458107286,1.0403765433137662,2099.95924571421,-4.5962206731462765e-09
Ablated PINN,4,904,True,optimal,8.77540000146837e-06,0.21727479999753996,0.21728357539754142,0.1858194999986153,2250.8485716085247,0.8551934938415868,2250.848571590956,-7.80537143891138e-10
Ablated PINN,4,905,True,optimal,8.77540000146837e-06,0.20159049999710987,0.20159927539711134,0.245987199999945,2114.74707455696,1.2201789888153025,2114.7470739409373,-2.9129847100637498e-08
Ablated PINN,4,906,True,optimal,8.77540000146837e-06,0.18950649999896996,0.18951527539897142,0.1542054000019561,2142.258415625311,0.8136832225123792,2142.258411353624,-1.9940110607299485e-07
Ablated PINN,4,907,True,optimal,8.77540000146837e-06,0.1648666000000958,0.16487537540009725,0.1289409000019077,2153.850406989045,0.7820506833662174,2153.850406879888,-5.067998176903618e-09
Ablated PINN,4,908,True,optimal,8.77540000146837e-06,0.16744939999989583,0.1674581753998973,0.1241946000009193,2175.305344746177,0.7416454867272814,2175.3053434064304,-6.158889992581105e-08
Ablated PINN,4,909,True,optimal,8.77540000146837e-06,0.167323599998781,0.16733237539878246,0.1774317000017617,2142.843560672238,1.0603548750139402,2142.8435606360554,-1.6885239960905735e-09
Ablated PINN,4,910,True,optimal,8.77540000146837e-06,0.1392255999999179,0.13923437539991937,0.170436399999744,2190.423457092006,1.224097134850527,2190.4234570351705,-2.5947351856475133e-09
Ablated PINN,4,911,True,optimal,8.77540000146837e-06,0.141389699998399,0.14139847539840047,0.1926137000009475,2188.2095645514646,1.3622049280110298,2188.2095645355384,-7.278170235952818e-10
Ablated PINN,4,912,True,optimal,8.77540000146837e-06,0.1445354999996198,0.14454427539962125,0.1566028000015649,2072.8184387330907,1.0834244356520206,2072.8184387339074,3.940172602339806e-11
Ablated PINN,4,913,True,optimal,8.77540000146837e-06,0.1847027000003436,0.18471147540034508,0.1495484999977634,2168.1539062117854,0.8096329677061527,2168.1539062059196,-2.705428826929194e-10
Ablated PINN,4,914,True,optimal,8.77540000146837e-06,0.16884600000048522,0.16885477540048668,0.1880190999982005,2106.224971315142,1.1134958993742416,2106.2249711006616,-1.0183158338951093e-08
Ablated PINN,4,915,True,optimal,8.77540000146837e-06,0.1673908000011579,0.16739957540115938,0.1798093999968841,2152.118648047007,1.074132951448566,2152.118647418115,-2.922199201165964e-08
Ablated PINN,4,916,True,optimal,8.77540000146837e-06,0.1417211000007228,0.14172987540072426,0.2104014999968058,2074.6824072151853,1.48452469461305,2074.6824072563522,1.9842513384473462e-09
Ablated PINN,4,917,True,optimal,8.77540000146837e-06,0.11831489999894984,0.1183236753989513,0.1787471999996341,2179.2877825005544,1.5106630131032788,2179.2877824971183,-1.5766944645353412e-10
Ablated PINN,4,918,True,optimal,8.77540000146837e-06,0.13951470000029076,0.13952347540029222,0.1252236000000266,2093.161032672173,0.8975091800197827,2093.1610324951453,-8.45743275212288e-09
Ablated PINN,4,919,True,optimal,8.77540000146837e-06,0.1302570999978343,0.13026587539783577,0.1342676999993273,2123.124970405285,1.0307204368701308,2123.124968743713,-7.826066811832866e-08
Ablated PINN,4,920,True,optimal,8.77540000146837e-06,0.11521300000094925,0.11522177540095072,0.1202875000017229,2187.401856543794,1.0439649934497572,2187.4018564558473,-4.020604314487959e-09
Ablated PINN,4,921,True,optimal,8.77540000146837e-06,0.13156289999824367,0.13157167539824513,0.1752381000005698,2109.721338315743,1.3318831691559283,2109.7213383220974,3.011859726938776e-10
Ablated PINN,4,922,True,optimal,8.77540000146837e-06,0.12271970000074361,0.12272847540074508,0.1547479000000748,2140.4219111097755,1.2608964585828737,2140.421910577419,-2.4871561537236045e-08
Ablated PINN,4,923,True,optimal,8.77540000146837e-06,0.13211210000008577,0.13212087540008724,0.137724000000162,2128.926327684905,1.0424090786797122,2128.926327257371,-2.0082137160297417e-08
Ablated PINN,4,924,True,optimal,8.77540000146837e-06,0.14043719999972382,0.14044597539972528,0.1327710000005026,2168.728739301412,0.9453528278230913,2168.7287390583597,-1.1207139473117661e-08
Ablated PINN,4,925,True,optimal,8.77540000146837e-06,0.15955509999912465,0.15956387539912611,0.1303479000016523,2208.2689928113737,0.8169010665829327,2208.2689929903368,8.104225166401608e-09
Ablated PINN,4,926,True,optimal,8.77540000146837e-06,0.14961240000047837,0.14962117540047984,0.1742757000029087,2253.969415059693,1.164779647910384,2253.969415126589,2.967922428429782e-09
Ablated PINN,4,927,True,optimal,8.77540000146837e-06,0.11848950000057812,0.11849827540057958,0.1460759999972651,2174.4531577407306,1.2327268013265162,2174.4531561891713,-7.135400007015416e-08
Ablated PINN,4,928,True,optimal,8.77540000146837e-06,0.11390799999935552,0.11391677539935699,0.1834857999965606,2178.779410148717,1.6107004376951166,2178.7794099786033,-7.807752690181729e-09
Ablated PINN,4,929,True,optimal,8.77540000146837e-06,0.12947820000044885,0.12948697540045032,0.1900859000015771,2130.525708269769,1.4679924325494442,2130.5257076410876,-2.9508275302663897e-08
Ablated PINN,4,930,True,optimal,8.77540000146837e-06,0.14628889999949024,0.1462976753994917,0.180231400001503,2113.444409484092,1.231949855042804,2113.444409448572,-1.6806621773913371e-09
Ablated PINN,4,931,True,optimal,8.77540000146837e-06,0.15612749999854714,0.1561362753985486,0.2093681000005745,2192.3910014445137,1.3409318203995066,2192.3910013615073,-3.786112885186449e-09
Ablated PINN,4,932,True,optimal,8.77540000146837e-06,0.13900120000107563,0.1390099754010771,0.1477196000014373,2221.246231469925,1.0626546733443472,2221.2462314750046,2.2867919087207146e-10
Ablated PINN,4,933,True,optimal,8.77540000146837e-06,0.12834880000082194,0.1283575754008234,0.192126099998859,2149.6294757185665,1.4968037484262617,2149.6294757637247,2.100744869872711e-09
Ablated PINN,4,934,True,optimal,8.77540000146837e-06,0.11609079999834648,0.11609957539834795,0.1968147000006865,2136.3431310642613,1.6952232540506524,2136.3431338162786,1.2881906659611313e-07
Ablated PINN,4,935,True,optimal,8.77540000146837e-06,0.10969870000189985,0.10970747540190132,0.1679875000008905,2243.2982163963766,1.5312311160701373,2243.2982164648924,3.054247240183044e-09
Ablated PINN,4,936,True,optimal,8.77540000146837e-06,0.14591220000147587,0.14592097540147733,0.1494700999974156,2102.457957637901,1.0243222373354717,2102.457953505738,-1.9653963578570507e-07
Ablated PINN,4,937,True,optimal,8.77540000146837e-06,0.14212140000017826,0.14213017540017972,0.1852222999987134,2170.5630955109577,1.3031877254580464,2170.5630954622557,-2.243753113586547e-09
Ablated PINN,4,938,True,optimal,8.77540000146837e-06,0.1279778999996779,0.12798667539967937,0.1607534000031591,2255.1790958793754,1.2560166869024072,2255.1790958411484,-1.6950747672353657e-09
Ablated PINN,4,939,True,optimal,8.77540000146837e-06,0.1278505000009318,0.12785927540093325,0.1971234000011463,2206.3724089315883,1.5417215480301987,2206.3724089161897,-6.979173023276736e-10
Ablated PINN,4,940,True,optimal,8.77540000146837e-06,0.12047940000047674,0.12048817540047821,0.2109291999986453,2189.1711010548124,1.7506215800642635,2189.1710993819393,-7.641582547770845e-08
Ablated PINN,4,941,True,optimal,8.77540000146837e-06,0.12006840000321972,0.12007717540322119,0.1633666999987326,2085.4343266158776,1.3605141814016233,2085.43432659944,-7.882172208782644e-10
Ablated PINN,4,942,True,optimal,8.77540000146837e-06,0.13140019999991637,0.13140897539991783,0.2018755999997665,2190.5510210162406,1.536239053576037,2190.551020301918,-3.2609265380601814e-08
Ablated PINN,4,943,True,optimal,8.77540000146837e-06,0.14652709999791114,0.1465358753979126,0.1596859000019321,2228.600124584464,1.0897392844469733,2228.600124536351,-2.1588969096670347e-09
Ablated PINN,4,944,True,optimal,8.77540000146837e-06,0.13463929999852553,0.134648075398527,0.1591383000013593,2166.1819354901013,1.181883213186278,2166.1819351671766,-1.490755364419946e-08
Ablated PINN,4,945,True,optimal,8.77540000146837e-06,0.14663389999986975,0.14664267539987122,0.1923009999991336,2178.099464903521,1.311357689531778,2178.099464098115,-3.6977476435960116e-08
Ablated PINN,4,946,True,optimal,8.77540000146837e-06,0.1774392999977863,0.17744807539778776,0.1951030000018363,2238.9125429516,1.099493469086499,2238.912542961114,4.2494844674476764e-10
Ablated PINN,4,947,True,optimal,8.77540000146837e-06,0.1441484999995737,0.14415727539957515,0.1580558999994537,2193.3170511699705,1.096412925128852,2193.3170509556035,-9.773643605188255e-09
Ablated PINN,4,948,True,optimal,8.77540000146837e-06,0.12689469999895664,0.1269034753989581,0.1961898000008659,2143.5775558986584,1.5459765730141433,2143.5775552652794,-2.9547749731844772e-08
Ablated PINN,4,949,True,optimal,8.77540000146837e-06,0.17555300000094576,0.17556177540094722,0.1584670000011101,2246.86419198104,0.9026281469255131,2246.864192091769,4.9281441485998785e-09
Ablated PINN,4,950,True,optimal,8.77540000146837e-06,0.18147590000080527,0.18148467540080673,0.1850651999993715,2204.0493213063164,1.0197290740425173,2204.049321262044,-2.0086838649628235e-09
Ablated PINN,4,951,True,optimal,8.77540000146837e-06,0.15022769999995944,0.1502364753999609,0.204940899999201,2131.637076925947,1.3641221244947705,2131.6370793985366,1.1599486668192126e-07
Ablated PINN,4,952,True,optimal,8.77540000146837e-06,0.11904789999971399,0.11905667539971546,0.1576543000010133,2126.582387491638,1.324195384019518,2126.5823875333213,1.9600957819518746e-09
Ablated PINN,4,953,True,optimal,8.77540000146837e-06,0.11546699999962584,0.1154757753996273,0.1640867999994952,2161.594759950924,1.4209629632850664,2161.5947569720142,-1.378107445791914e-07
Ablated PINN,4,954,True,optimal,8.77540000146837e-06,0.08834349999960978,0.08835227539961124,0.1564891999987594,2196.2510681535,1.7711960364458024,2196.2510680764667,-3.5074902347221647e-09
Ablated PINN,4,955,True,optimal,8.77540000146837e-06,0.1316705000026559,0.13167927540265736,0.2018350999969698,2201.7273910196127,1.5327780273682814,2201.727390945931,-3.3465452657747155e-09
Ablated PINN,4,956,True,optimal,8.77540000146837e-06,0.18992230000003474,0.1899310754000362,0.1458315999989281,2128.407782774298,0.7678132695862171,2128.4077827670935,-3.3849539258418705e-10
Ablated PINN,4,957,True,optimal,8.77540000146837e-06,0.10837089999768068,0.10837967539768215,0.1721011000008729,2215.466502507869,1.5879462580910584,2215.4665036670003,5.231997152569866e-08
Ablated PINN,4,958,True,optimal,8.77540000146837e-06,0.10810999999739579,0.10811877539739725,0.2006235999979253,2070.757387364137,1.855585204887133,2070.7573873726806,4.1259267167605116e-10
Ablated PINN,4,959,True,optimal,8.77540000146837e-06,0.09815480000179377,0.09816357540179524,0.1748012999996717,2152.569632952415,1.780714478707495,2152.5696397533343,3.1594422463223284e-07
Ablated PINN,4,960,True,optimal,8.77540000146837e-06,0.10744189999968512,0.10745067539968658,0.1453218999995442,2208.2816603649258,1.352452178257486,2208.2816602022185,-7.3680473295347795e-09
Ablated PINN,4,961,True,optimal,8.77540000146837e-06,0.10970259999885457,0.10971137539885603,0.1717176999991352,2140.3153301753514,1.5651768048195092,2140.3153294652357,-3.317808913415761e-08
Ablated PINN,4,962,True,optimal,8.77540000146837e-06,0.1055582000008144,0.10556697540081586,0.1122461999984807,2205.2286535391745,1.063270019552092,2205.228652223088,-5.968027759049299e-08
Ablated PINN,4,963,True,optimal,8.77540000146837e-06,0.1622458000019833,0.16225457540198476,0.1463411000004271,2041.90100108964,0.9019227940898916,2041.9010011358966,2.265372960481986e-09
Ablated PINN,4,964,True,optimal,8.77540000146837e-06,0.19149889999971492,0.1915076753997164,0.1407110000000102,2199.037105258003,0.7347538405774966,2199.037105230644,-1.2441338441250375e-09
Ablated PINN,4,965,True,optimal,8.77540000146837e-06,0.137728400000924,0.13773717540092548,0.1750933000002987,2154.4765206611346,1.2712130874663068,2154.476520087633,-2.6619061885298254e-08
Ablated PINN,4,966,True,optimal,8.77540000146837e-06,0.13382300000012037,0.13383177540012184,0.1517297999998845,2155.5068833801656,1.1337352399775933,2155.506883275016,-4.87817560532134e-09
Ablated PINN,4,967,True,optimal,8.77540000146837e-06,0.11639650000142865,0.11640527540143011,0.1242051999979594,2165.3524323271827,1.0670066246536578,2165.3524307022813,-7.50409675090059e-08
Ablated PINN,4,968,True,optimal,8.77540000146837e-06,0.11800829999992857,0.11801707539993003,0.1950344999968365,2259.411352469595,1.652595603948953,2259.411352468531,-4.709672720335886e-11
Ablated PINN,4,969,True,optimal,8.77540000146837e-06,0.11732370000027004,0.1173324754002715,0.1984840000004624,2130.5117978633302,1.6916373691371307,2130.5117966184316,-5.843190419731993e-08
Ablated PINN,4,970,True,optimal,8.77540000146837e-06,0.11141010000210372,0.11141887540210518,0.1575219000005745,2227.5823011913035,1.4137810979700325,2227.5823012004716,4.115745279677838e-10
Ablated PINN,4,971,True,optimal,8.77540000146837e-06,0.1257508999988204,0.12575967539882185,0.1863833999996131,2231.3761046089585,1.482060123076297,2231.376104571749,-1.6675674669737403e-09
Ablated PINN,4,972,True,optimal,8.77540000146837e-06,0.12194699999963632,0.12195577539963778,0.1495025999975041,2177.8711865954,1.225875523382127,2177.8711865998607,2.048154542977573e-10
Ablated PINN,4,973,True,optimal,8.77540000146837e-06,0.10789329999897745,0.10790207539897892,0.1700973999977577,2292.3375689272434,1.576405267172158,2292.3375689235627,-1.6056645007120515e-10
Ablated PINN,4,974,True,optimal,8.77540000146837e-06,0.11073540000143112,0.11074417540143258,0.1654496999981347,2123.7679115938085,1.493981054971081,2123.7679157108814,1.9385700546287932e-07
Ablated PINN,4,975,True,optimal,8.77540000146837e-06,0.15918029999738792,0.15918907539738938,0.1801885999993828,2081.519862479512,1.1319156138671673,2081.5198625412277,2.964928804699938e-09
Ablated PINN,4,976,True,optimal,8.77540000146837e-06,0.12635769999906188,0.12636647539906334,0.1608983000005537,2279.993276093463,1.2732672925508082,2279.9932760856996,-3.40503055677234e-10
Ablated PINN,4,977,True,optimal,8.77540000146837e-06,0.1155585999986215,0.11556737539862297,0.1935578999982681,2206.80239291884,1.674848972996357,2206.802392739714,-8.116988253395816e-09
Ablated PINN,4,978,True,optimal,8.77540000146837e-06,0.11533480000070995,0.11534357540071141,0.1667740999982925,2191.2788649745967,1.4458898072034612,2191.278864639845,-1.5276549622080207e-08
Ablated PINN,4,979,True,optimal,8.77540000146837e-06,0.1382798000013281,0.13828857540132958,0.1474191999986942,2144.7878017555126,1.0660258779213432,2144.7878006433866,-5.185249690862199e-08
Ablated PINN,4,980,True,optimal,8.77540000146837e-06,0.12346799999795621,0.12347677539795768,0.1694267999992007,2175.611569659908,1.3721349577938773,2175.611575723286,2.786976306031805e-07
Ablated PINN,4,981,True,optimal,8.77540000146837e-06,0.15347189999738475,0.15348067539738622,0.2062537999991036,2139.8385787781785,1.3438421447200388,2139.8385784108896,-1.7164330981061392e-08
Ablated PINN,4,982,True,optimal,8.77540000146837e-06,0.13805979999960982,0.1380685753996113,0.1952295999981288,2193.7236332086177,1.4140045946956186,2193.723633168407,-1.8329829312168774e-09
Ablated PINN,4,983,True,optimal,8.77540000146837e-06,0.15541659999871626,0.15542537539871773,0.1808397999993758,2091.0992006599117,1.163515285296636,2091.0992005746643,-4.076678577354196e-09
Ablated PINN,4,984,True,optimal,8.77540000146837e-06,0.1534590000010212,0.15346777540102266,0.2067786999978125,2159.9303979583897,1.347375365658911,2159.930396813226,-5.301855464756936e-08
Ablated PINN,4,985,True,optimal,8.77540000146837e-06,0.12078919999839854,0.12079797539840001,0.1426815000013448,2191.8489054652828,1.1811580411904374,2191.8489050284034,-1.993200429491708e-08
Ablated PINN,4,986,True,optimal,8.77540000146837e-06,0.1604646000014327,0.16047337540143417,0.1296245000012277,2084.63256651023,0.8077632795905484,2084.6325702623785,1.799908840904869e-07
Ablated PINN,4,987,True,optimal,8.77540000146837e-06,0.14796320000095875,0.14797197540096022,0.1381621999971685,2226.623195511604,0.933705180476167,2226.6231953524916,-7.145908675392558e-09
Ablated PINN,4,988,True,optimal,8.77540000146837e-06,0.14370150000104331,0.14371027540104478,0.1530366999977559,2250.582573839561,1.0648974095323689,2250.5825743551304,2.2908262079031436e-08
Ablated PINN,4,989,True,optimal,8.77540000146837e-06,0.1583258000027854,0.15833457540278686,0.1347377999991295,2195.062900428284,0.8509689033893602,2195.062900378661,-2.26066143315304e-09
Ablated PINN,4,990,True,optimal,8.77540000146837e-06,0.1600006000007852,0.16000937540078666,0.1816442999988794,2234.6352392300864,1.135210355917597,2234.63523925606,1.1623082477738092e-09
Ablated PINN,4,991,True,optimal,8.77540000146837e-06,0.15444829999978538,0.15445707539978684,0.1567233999994641,2140.8749725548146,1.0146728441789492,2140.874972593584,1.8109177741267116e-09
Ablated PINN,4,992,True,optimal,8.77540000146837e-06,0.11158979999891017,0.11159857539891163,0.169110399998317,2127.0365293244954,1.5153455086127046,2127.0365292316437,-4.365307180480758e-09
Ablated PINN,4,993,True,optimal,8.77540000146837e-06,0.12020610000035958,0.12021487540036105,0.1865990999976929,2153.5631839712364,1.5522130632856146,2153.5631839729526,7.969195029981707e-11
Ablated PINN,4,994,True,optimal,8.77540000146837e-06,0.13301819999833242,0.13302697539833389,0.2146871000004466,2200.2868690383903,1.6138613943344267,2200.2868690075898,-1.3998398688963726e-09
Ablated PINN,4,995,True,optimal,8.77540000146837e-06,0.1270291000000725,0.12703787540007397,0.2157412999986263,2099.884810703952,1.6982439238628881,2099.884810237947,-2.219193519233033e-08
Ablated PINN,4,996,True,optimal,8.77540000146837e-06,0.14817480000056094,0.1481835754005624,0.2010126000022865,2028.9773836280724,1.3565106622574015,2028.9773837528192,6.14825719838545e-09
Ablated PINN,4,997,True,optimal,8.77540000146837e-06,0.14806510000198614,0.1480738754019876,0.181254799997987,2083.4181846731835,1.2240835833189383,2083.418186734465,9.893748339849562e-08
Ablated PINN,4,998,True,optimal,8.77540000146837e-06,0.1378487000001769,0.13785747540017837,0.1986563999998907,2136.148351520434,1.4410274047397336,2136.148351632925,5.266059920825146e-09
Ablated PINN,4,999,True,optimal,8.77540000146837e-06,0.16420750000179396,0.16421627540179543,0.1808257999982743,2189.8752646350795,1.1011442048349933,2189.8752640872267,-2.501753351443073e-08
Ablated PINN,5,0,True,optimal,1.2345600000116974e-05,0.11852780000117491,0.11854014560117503,0.1580188000007183,2258.8033432564825,1.3330403737849967,2258.8033431681765,-3.909416199963665e-09
Ablated PINN,5,1,True,optimal,1.2345600000116974e-05,0.11853940000219154,0.11855174560219166,0.1364416999967943,2132.4803529294104,1.1509041836856084,2132.480352903193,-1.229439182623277e-09
Ablated PINN,5,2,True,optimal,1.2345600000116974e-05,0.15634359999967273,0.15635594559967286,0.1422778999985894,2135.9239151446804,0.909961558883547,2135.923913610412,-7.183160590592048e-08
Ablated PINN,5,3,True,optimal,1.2345600000116974e-05,0.15523680000114837,0.1552491456011485,0.1374840999997104,2230.6274619893297,0.8855707351389979,2230.6274619590467,-1.3575996374838483e-09
Ablated PINN,5,4,True,optimal,1.2345600000116974e-05,0.16480369999771938,0.1648160455977195,0.1485682999991695,2211.824042324871,0.9014189089440524,2211.8240422601407,-2.926548447280349e-09
Ablated PINN,5,5,True,optimal,1.2345600000116974e-05,0.19274479999876348,0.1927571455987636,0.1162113999998837,2054.379271037716,0.6028902308077605,2054.379270979431,-2.8371084533810047e-09
Ablated PINN,5,6,True,optimal,1.2345600000116974e-05,0.16300659999978961,0.16301894559978974,0.1165894000005209,2228.4021577280987,0.7151892657111584,2228.4021577329845,2.1925151710072605e-10
Ablated PINN,5,7,True,optimal,1.2345600000116974e-05,0.16275979999772971,0.16277214559772984,0.1197737000002234,2124.2689515758198,0.7358365865387589,2124.2689512159086,-1.6942824251804666e-08
Ablated PINN,5,8,True,optimal,1.2345600000116974e-05,0.2496097999974154,0.24962214559741552,0.1624183999992965,2161.3389486519645,0.6506570144671415,2161.338945702631,-1.364586300708808e-07
Ablated PINN,5,9,True,optimal,1.2345600000116974e-05,0.29906190000110655,0.2990742456011067,0.1442825000012817,2185.1997142303785,0.482430373472278,2185.199714114277,-5.3130862775951724e-09
Ablated PINN,5,10,True,optimal,1.2345600000116974e-05,0.28527200000098674,0.28528434560098687,0.1447871999989729,2159.2549350682007,0.507518909577603,2159.2549350375634,-1.4188800973126027e-09
Ablated PINN,5,11,True,optimal,1.2345600000116974e-05,0.20124410000062198,0.2012564456006221,0.131315499998891,2209.1933247940983,0.652478481407132,2209.193324564093,-1.0411279799799731e-08
Ablated PINN,5,12,True,optimal,1.2345600000116974e-05,0.2107797999997274,0.21079214559972753,0.1959759999990638,2162.6605920617144,0.9297120603876861,2162.660588028272,-1.8650372507076287e-07
Ablated PINN,5,13,True,optimal,1.2345600000116974e-05,0.16938700000173412,0.16939934560173425,0.1631779999988793,2127.792379358761,0.9632740871533139,2127.792378699961,-3.096167766766436e-08
Ablated PINN,5,14,True,optimal,1.2345600000116974e-05,0.19053290000010747,0.1905452456001076,0.1588497000011557,2068.844944758893,0.8336586908839986,2068.8449447129888,-2.2188234407887428e-09
Ablated PINN,5,15,True,optimal,1.2345600000116974e-05,0.16730939999979455,0.16732174559979468,0.1449954000017896,2115.124279203919,0.8665663837179542,2115.124276104032,-1.465581363920399e-07
Ablated PINN,5,16,True,optimal,1.2345600000116974e-05,0.16284799999993993,0.16286034559994006,0.1761528999995789,2074.229953009288,1.0816193429448533,2074.229953019891,5.11194236937731e-10
Ablated PINN,5,17,True,optimal,1.2345600000116974e-05,0.15975510000134818,0.1597674456013483,0.1556702999987465,2155.7483907558176,0.974355566697705,2155.748390300719,-2.1110924530565853e-08
Ablated PINN,5,18,True,optimal,1.2345600000116974e-05,0.16052459999991697,0.1605369455999171,0.1529525000005378,2217.2043257976898,0.9527557624132148,2217.2043254752084,-1.4544503257768573e-08
Ablated PINN,5,19,True,optimal,1.2345600000116974e-05,0.12531630000012228,0.1253286456001224,0.1670651999993424,2122.928893233439,1.3330168789375254,2122.9288932286204,-2.2697429694189608e-10
Ablated PINN,5,20,True,optimal,1.2345600000116974e-05,0.15322729999752482,0.15323964559752495,0.1930621999999857,2186.863990356032,1.2598710943710505,2186.8639877954392,-1.1708971197594588e-07
Ablated PINN,5,21,True,optimal,1.2345600000116974e-05,0.12608629999886034,0.12609864559886047,0.1470046000031288,2218.9480886748343,1.1657904754248782,2218.94808865198,-1.0299581919083866e-09
Ablated PINN,5,22,True,optimal,1.2345600000116974e-05,0.12524409999969066,0.1252564455996908,0.1728406000001996,2175.372295783297,1.3798938583375089,2175.3722946913053,-5.019791954740928e-08
Ablated PINN,5,23,True,optimal,1.2345600000116974e-05,0.14949290000004112,0.14950524560004125,0.1613689000005251,2191.8790222163125,1.0793527635292588,2191.8790221169597,-4.53276597236026e-09
Ablated PINN,5,24,True,optimal,1.2345600000116974e-05,0.12710420000075828,0.1271165456007584,0.159499199999118,2234.059526415036,1.254747753294567,2234.0595263765467,-1.722844023473393e-09
Ablated PINN,5,25,True,optimal,1.2345600000116974e-05,0.1576454999994894,0.15765784559948953,0.1419519000010041,2147.844207595302,0.9003795495316835,2147.8442063809507,-5.653815159392887e-08
Ablated PINN,5,26,True,optimal,1.2345600000116974e-05,0.1769483999996737,0.17696074559967384,0.174140900002385,2238.7433812303657,0.9840651349668926,2238.7433811977107,-1.4586286572005245e-09
Ablated PINN,5,27,True,optimal,1.2345600000116974e-05,0.15901909999956843,0.15903144559956855,0.151714700001321,2195.225854880796,0.953991831171109,2195.2258538636993,-4.6332205997435396e-08
Ablated PINN,5,28,True,optimal,1.2345600000116974e-05,0.14742969999861089,0.14744204559861102,0.178602599997248,2142.388382854504,1.2113410341814366,2142.388382622533,-1.082768992854682e-08
Ablated PINN,5,29,True,optimal,1.2345600000116974e-05,0.15559099999882164,0.15560334559882177,0.182869499996741,2142.7650504902767,1.175228587103886,2142.765050081152,-1.9093312298292785e-08
Ablated PINN,5,30,True,optimal,1.2345600000116974e-05,0.18641500000012456,0.1864273456001247,0.163448100000096,2250.996336748536,0.8767388682917914,2250.9963367004966,-2.1341443059404087e-09
Ablated PINN,5,31,True,optimal,1.2345600000116974e-05,0.15875819999928353,0.15877054559928366,0.1785808999993605,2128.2040082167287,1.124773485694731,2128.2040082395492,1.0722931740297457e-09
Ablated PINN,5,32,True,optimal,1.2345600000116974e-05,0.15785159999722964,0.15786394559722977,0.1667731999987154,2168.073081251529,1.0564362835844512,2168.0730812535458,9.30229021623782e-11
Ablated PINN,5,33,True,optimal,1.2345600000116974e-05,0.12526810000053956,0.1252804456005397,0.1164429000018572,2267.5026109621767,0.9294579009811215,2267.5026104631274,-2.2008763744947182e-08
Ablated PINN,5,34,True,optimal,1.2345600000116974e-05,0.13722150000103284,0.13723384560103297,0.1878309000021545,2137.412125224102,1.3686922433713442,2137.412125126895,-4.5478944994124394e-09
Ablated PINN,5,35,True,optimal,1.2345600000116974e-05,0.1750242000016442,0.17503654560164433,0.1462437000009231,2150.900835057297,0.8355038057809412,2150.900834986129,-3.3087513498424864e-09
Ablated PINN,5,36,True,optimal,1.2345600000116974e-05,0.15877159999945434,0.15878394559945447,0.1323833999995258,2163.6759136029063,0.8337329035359393,2163.6759132389748,-1.6820059517338756e-08
Ablated PINN,5,37,True,optimal,1.2345600000116974e-05,0.15301220000037574,0.15302454560037587,0.1725956000009318,2201.5724177016077,1.1278948702234073,2201.572417601532,-4.545650824727817e-09
Ablated PINN,5,38,True,optimal,1.2345600000116974e-05,0.13953849999961676,0.1395508455996169,0.160774300002231,2099.834296655896,1.152084025800216,2099.8342961241515,-2.5323175187587067e-08
Ablated PINN,5,39,True,optimal,1.2345600000116974e-05,0.15464370000336203,0.15465604560336216,0.1851115999998001,2285.354927408515,1.196924434978414,2285.3549274124366,1.716031548102656e-10
Ablated PINN,5,40,True,optimal,1.2345600000116974e-05,0.1584167000000889,0.15842904560008902,0.167299799999455,2215.9289669061777,1.0559919701956533,2215.9289680204656,5.0285361766971826e-08
Ablated PINN,5,41,True,optimal,1.2345600000116974e-05,0.12939149999874644,0.12940384559874657,0.1460824999994656,2073.5224011154382,1.1288883983590097,2073.522401095319,-9.702999608032561e-10
Ablated PINN,5,42,True,optimal,1.2345600000116974e-05,0.12619030000132625,0.12620264560132638,0.1406917999993311,2001.7136200687307,1.114808642314646,2001.713620214595,7.2869717256548895e-09
Ablated PINN,5,43,True,optimal,1.2345600000116974e-05,0.13699269999779062,0.13700504559779075,0.1380315000023984,2111.4222191006984,1.0074920919892325,2111.4222186475417,-2.1462151935015288e-08
Ablated PINN,5,44,True,optimal,1.2345600000116974e-05,0.12071220000143512,0.12072454560143524,0.1788926000008359,2140.494524151504,1.4818245876148415,2140.4945241217915,-1.3881036403958006e-09
Ablated PINN,5,45,True,optimal,1.2345600000116974e-05,0.15011650000087684,0.15012884560087697,0.1777834999993501,2281.3183748346523,1.184206134988835,2281.3183748344627,-8.312283257412491e-12
Ablated PINN,5,46,True,optimal,1.2345600000116974e-05,0.15507410000282107,0.1550864456028212,0.142802100002882,2264.943098474857,0.9207903337252334,2264.9430984761552,5.732169111246516e-11
Ablated PINN,5,47,True,optimal,1.2345600000116974e-05,0.1528926999999385,0.15290504559993862,0.1615461999972467,2170.3089782897773,1.0565132063719913,2170.3089773137654,-4.497110645500117e-08
Ablated PINN,5,48,True,optimal,1.2345600000116974e-05,0.208221599998069,0.20823394559806913,0.1840803000013693,2241.2291134721945,0.8840071654632097,2241.2291133979134,-3.3143046523619918e-09
Ablated PINN,5,49,True,optimal,1.2345600000116974e-05,0.2190402999985963,0.21905264559859644,0.1611412000020209,2242.603410195248,0.7356277280362297,2242.6034100561506,-6.202508402040219e-09
Ablated PINN,5,50,True,optimal,1.2345600000116974e-05,0.27596259999700123,0.27597494559700136,0.1861996000006911,2210.802143979641,0.6746974787798066,2210.802142914463,-4.818062845398706e-08
Ablated PINN,5,51,True,optimal,1.2345600000116974e-05,0.18124679999891669,0.18125914559891682,0.1366025000024819,2150.0550898106903,0.7536309384617237,2150.0550886503356,-5.396860383468413e-08
Ablated PINN,5,52,True,optimal,1.2345600000116974e-05,0.17260520000127144,0.17261754560127157,0.1610689999979513,2119.480941998499,0.9330974985011303,2119.480943538456,7.265726495927905e-08
Ablated PINN,5,53,True,optimal,1.2345600000116974e-05,0.12080179999975371,0.12081414559975383,0.1741050999989966,2084.5650550714536,1.441098632405106,2084.5650550885107,8.182579067466766e-10
Ablated PINN,5,54,True,optimal,1.2345600000116974e-05,0.15645170000061626,0.15646404560061639,0.1924714000015228,2193.838244627009,1.2301318124728622,2193.8382445536345,-3.3445672095440973e-09
Ablated PINN,5,55,True,optimal,1.2345600000116974e-05,0.1394615999997768,0.13947394559977694,0.1349238000002515,2180.968264237297,0.9673763757097532,2180.968261336557,-1.3300237884776765e-07
Ablated PINN,5,56,True,optimal,1.2345600000116974e-05,0.14981290000287117,0.1498252456028713,0.1286418999989109,2162.009325302643,0.858612975945928,2162.009322288812,-1.3939952787301433e-07
Ablated PINN,5,57,True,optimal,1.2345600000116974e-05,0.17158629999903496,0.1715986455990351,0.1437790999989374,2204.156487257329,0.8378801563206852,2204.1564864257057,-3.7729776241730586e-08
Ablated PINN,5,58,True,optimal,1.2345600000116974e-05,0.19778220000080182,0.19779454560080195,0.1624030999992101,2151.4437424105463,0.8210696584474049,2151.4437432153077,3.7405643883638594e-08
Ablated PINN,5,59,True,optimal,1.2345600000116974e-05,0.13337459999820567,0.1333869455982058,0.1590326000005006,2188.1406708967816,1.192265099761305,2188.1406707019346,-8.904681690163933e-09
Ablated PINN,5,60,True,optimal,1.2345600000116974e-05,0.14417730000059237,0.1441896456005925,0.1382499999999709,2172.1347605289216,0.9588067119807305,2172.134760529461,2.482950726408972e-11
Ablated PINN,5,61,True,optimal,1.2345600000116974e-05,0.16836540000076639,0.16837774560076652,0.142772999999579,2150.339709145356,0.847932721097847,2150.3397116494434,1.1645077265627461e-07
Ablated PINN,5,62,True,optimal,1.2345600000116974e-05,0.15328520000184653,0.15329754560184666,0.1488883000019996,2292.0675324817557,0.9712373372806697,2292.067532432758,-2.1377058974746354e-09
Ablated PINN,5,63,True,optimal,1.2345600000116974e-05,0.14334109999981592,0.14335344559981605,0.1309757999988505,2186.753880721318,0.9136564485829043,2186.7538801503497,-2.6110322731254598e-08
Ablated PINN,5,64,True,optimal,1.2345600000116974e-05,0.15328909999880125,0.15330144559880138,0.1257339000003412,2145.1385468092994,0.8201742619531064,2145.138542917985,-1.8140154487142028e-07
Ablated PINN,5,65,True,optimal,1.2345600000116974e-05,0.12094060000163154,0.12095294560163165,0.1355769000001601,2188.756171133299,1.1209061451607274,2188.756171002381,-5.98139372800118e-09
Ablated PINN,5,66,True,optimal,1.2345600000116974e-05,0.1384096999972826,0.13842204559728272,0.1682771999985561,2211.8674635917264,1.2156820777532233,2211.8674635666025,-1.1358674086637234e-09
Ablated PINN,5,67,True,optimal,1.2345600000116974e-05,0.12049750000005588,0.120509845600056,0.1762397000020428,2198.483750442569,1.4624506331784806,2198.483750430026,-5.705430470876254e-10
Ablated PINN,5,68,True,optimal,1.2345600000116974e-05,0.12291349999941303,0.12292584559941315,0.1660001999989617,2246.4362665097174,1.350409258439579,2246.436266649617,6.227634469511415e-09
Ablated PINN,5,69,True,optimal,1.2345600000116974e-05,0.1670114000007743,0.16702374560077443,0.1949729999978444,2172.9731343845856,1.1673370112527304,2172.973134382952,-7.517131521493911e-11
Ablated PINN,5,70,True,optimal,1.2345600000116974e-05,0.1426906999986386,0.14270304559863872,0.136045400002331,2155.710575034231,0.9533461562198696,2155.7105734024403,-7.569619300764103e-08
Ablated PINN,5,71,True,optimal,1.2345600000116974e-05,0.16994269999850076,0.1699550455985009,0.1852145999982895,2108.463038982749,1.089785827458383,2108.463036775973,-1.0466278401416389e-07
Ablated PINN,5,72,True,optimal,1.2345600000116974e-05,0.17124120000153198,0.1712535456015321,0.1786711999993713,2157.1703631360488,1.0433138734254204,2157.170363111211,-1.1514086222637997e-09
Ablated PINN,5,73,True,optimal,1.2345600000116974e-05,0.12885820000155945,0.12887054560155958,0.1690064999966125,2206.707055968855,1.3114439704410408,2206.7070553764106,-2.6847441865246667e-08
Ablated PINN,5,74,True,optimal,1.2345600000116974e-05,0.1516860000010638,0.15169834560106393,0.1781746000015118,2298.2483271354718,1.1745322554148026,2298.2483271304627,-2.1795042819666288e-10
Ablated PINN,5,75,True,optimal,1.2345600000116974e-05,0.13912750000235974,0.13913984560235987,0.1858909000002313,2180.174836417228,1.3360004763227833,2180.1748361121117,-1.3995041496648526e-08
Ablated PINN,5,76,True,optimal,1.2345600000116974e-05,0.1632504000008339,0.16326274560083404,0.1516329000005498,2174.618399834324,0.9287660785227856,2174.618399790511,-2.0147483471971554e-09
Ablated PINN,5,77,True,optimal,1.2345600000116974e-05,0.173484400002053,0.17349674560205314,0.1475656000002345,2174.3947837836326,0.8505381440335686,2174.394782640589,-5.256836774839041e-08
Ablated PINN,5,78,True,optimal,1.2345600000116974e-05,0.14813920000233338,0.1481515456023335,0.175710399998934,2221.9042045612405,1.186018001260504,2221.9042044192606,-6.390007875238525e-09
Ablated PINN,5,79,True,optimal,1.2345600000116974e-05,0.17057229999772971,0.17058464559772984,0.1808302999997977,2132.6047374876903,1.0600619965892417,2132.6047374985596,5.096758433394883e-10
Ablated PINN,5,80,True,optimal,1.2345600000116974e-05,0.16909470000246074,0.16910704560246087,0.1701151999986905,2134.406430592673,1.0059616344939264,2134.4064305585157,-1.600324908956083e-09
Ablated PINN,5,81,True,optimal,1.2345600000116974e-05,0.14741750000030152,0.14742984560030165,0.186559900001157,2163.312600643721,1.2654147417812618,2163.3126000168118,-2.89791332411841e-08
Ablated PINN,5,82,True,optimal,1.2345600000116974e-05,0.2162640000024112,0.21627634560241132,0.1820082999984151,2124.354416854229,0.8415543525643234,2124.354416413565,-2.0743423128145016e-08
Ablated PINN,5,83,True,optimal,1.2345600000116974e-05,0.13310769999952754,0.13312004559952767,0.1581809000017529,2111.224892134784,1.188257555722428,2111.224891911724,-1.0565427818879778e-08
Ablated PINN,5,84,True,optimal,1.2345600000116974e-05,0.13829659999828436,0.1383089455982845,0.1533509000000776,2238.5025672758397,1.1087561931495171,2238.502567232212,-1.9489614167580976e-09
Ablated PINN,5,85,True,optimal,1.2345600000116974e-05,0.12312010000096052,0.12313244560096064,0.1683806000000913,2118.7422199002453,1.3674754787683487,2118.7422193738935,-2.4842657299849742e-08
Ablated PINN,5,86,True,optimal,1.2345600000116974e-05,0.17660179999802494,0.17661414559802507,0.1525234000000637,2183.6453491731,0.8635967378695019,2183.6453490477984,-5.738181791198659e-09
Ablated PINN,5,87,True,optimal,1.2345600000116974e-05,0.15858259999731672,0.15859494559731685,0.1800709999988612,2174.0695859136545,1.1354144945834117,2174.069583564848,-1.080373168520073e-07
Ablated PINN,5,88,True,optimal,1.2345600000116974e-05,0.15080609999859007,0.1508184455985902,0.1865829999987909,2165.537593223561,1.2371364739787176,2165.5375932154093,-3.764331331628468e-10
Ablated PINN,5,89,True,optimal,1.2345600000116974e-05,0.12708089999796357,0.1270932455979637,0.1680597999984456,2156.9892815453127,1.3223346308274488,2156.9892814334526,-5.185937573735469e-09
Ablated PINN,5,90,True,optimal,1.2345600000116974e-05,0.16424859999824548,0.1642609455982456,0.1868438000019523,2176.584765774934,1.137481580429596,2176.58476574871,-1.204819398532966e-09
Ablated PINN,5,91,True,optimal,1.2345600000116974e-05,0.15964100000201142,0.15965334560201155,0.1937982000017655,2132.20843254752,1.213868705795062,2132.2084324978227,-2.330778899614902e-09
Ablated PINN,5,92,True,optimal,1.2345600000116974e-05,0.15226149999944028,0.1522738455994404,0.1752362000006542,2088.460785092103,1.150796443807013,2088.4607862843836,5.7088967850126426e-08
Ablated PINN,5,93,True,optimal,1.2345600000116974e-05,0.14445830000113347,0.1444706456011336,0.1827865999985078,2170.8885121196104,1.2652161914134448,2170.8885119527627,-7.685687754275267e-09
Ablated PINN,5,94,True,optimal,1.2345600000116974e-05,0.2009649999999965,0.20097734559999664,0.1812150000005203,2294.137593102091,0.901668789880382,2294.1375950239385,8.377210453197474e-08
Ablated PINN,5,95,True,optimal,1.2345600000116974e-05,0.16036479999820585,0.16037714559820598,0.1734155999984068,2133.9083211622224,1.0812987059444628,2133.908321327324,7.737046670197141e-09
Ablated PINN,5,96,True,optimal,1.2345600000116974e-05,0.1798555999994278,0.17986794559942793,0.1461980999993102,2177.351260156052,0.812807971493144,2177.3512595761717,-2.663236704344765e-08
Ablated PINN,5,97,True,optimal,1.2345600000116974e-05,0.1890964999984135,0.18910884559841362,0.1424073000016505,2135.045588662113,0.753044097704783,2135.045588619794,-1.9821023353422933e-09
Ablated PINN,5,98,True,optimal,1.2345600000116974e-05,0.1747254999972938,0.17473784559729394,0.1267745000004652,2195.8694888507703,0.7255125503414612,2195.8694870139866,-8.364721476900443e-08
Ablated PINN,5,99,True,optimal,1.2345600000116974e-05,0.14899829999922076,0.1490106455992209,0.1410213999988627,2117.840656955495,0.9463847326596647,2117.840656969096,6.422125514020232e-10
Ablated PINN,5,100,True,optimal,1.2345600000116974e-05,0.08943550000185496,0.08944784560185508,0.1444588000013027,2176.65736376737,1.615005918021873,2176.6573625921924,-5.399001596938918e-08
Ablated PINN,5,101,True,optimal,1.2345600000116974e-05,0.11611899999843445,0.11613134559843456,0.1367282999999588,2186.908978284832,1.1773591298317125,2186.908978236851,-2.194002961065739e-09
Ablated PINN,5,102,True,optimal,1.2345600000116974e-05,0.08971600000222679,0.08972834560222691,0.1435158999993291,2199.344849847065,1.5994488590656382,2199.3448490267547,-3.729793015958673e-08
Ablated PINN,5,103,True,optimal,1.2345600000116974e-05,0.08918489999996382,0.08919724559996393,0.1415545000018028,2206.863707568415,1.586982860845874,2206.8637075472343,-9.597678048535408e-10
Ablated PINN,5,104,True,optimal,1.2345600000116974e-05,0.09534599999824422,0.09535834559824434,0.1865074999986973,2195.0450697213405,1.9558592258350918,2195.045069860681,6.347956219635313e-09
Ablated PINN,5,105,True,optimal,1.2345600000116974e-05,0.0801885000000766,0.08020084560007672,0.1680889000017487,2128.435027387236,2.095849473207897,2128.4350268894264,-2.338852935951467e-08
Ablated PINN,5,106,True,optimal,1.2345600000116974e-05,0.08083389999956125,0.08084624559956137,0.1757152999998652,2247.7592614274795,2.1734503401703855,2247.7592614227997,-2.0819867448797024e-10
Ablated PINN,5,107,True,optimal,1.2345600000116974e-05,0.0755012000008719,0.07551354560087202,0.1554652000013447,2195.818498739696,2.0587723535464533,2195.818498695678,-2.0046365102134616e-09
Ablated PINN,5,108,True,optimal,1.2345600000116974e-05,0.06749019999915618,0.06750254559915629,0.1388245000016468,2218.4259265962355,2.0565817002815665,2218.4259265834503,-5.763195253397303e-10
Ablated PINN,5,109,True,optimal,1.2345600000116974e-05,0.076125100000354,0.07613744560035411,0.2014097000028414,2154.0852717993635,2.6453435417316475,2154.0852714713787,-1.5226171040271055e-08
Ablated PINN,5,110,True,optimal,1.2345600000116974e-05,0.08136829999784823,0.08138064559784834,0.1782966999999189,2255.863249566368,2.190898077670607,2255.8632495468682,-8.64394878978585e-10
Ablated PINN,5,111,True,optimal,1.2345600000116974e-05,0.09174429999984568,0.0917566455998458,0.1371277000034751,2200.2656308036394,1.4944715895728597,2200.265630766858,-1.6716767951474851e-09
Ablated PINN,5,112,True,optimal,1.2345600000116974e-05,0.09200019999843789,0.09201254559843801,0.1570001000000047,2196.633877311928,1.7062901474890821,2196.6338772041645,-4.905837966081149e-09
Ablated PINN,5,113,True,optimal,1.2345600000116974e-05,0.1640427999991516,0.16405514559915174,0.1431541000019933,2172.075677873342,0.8725974395937112,2172.07567454892,-1.5305278527210844e-07
Ablated PINN,5,114,True,optimal,1.2345600000116974e-05,0.08002660000056494,0.08003894560056506,0.1366515999980038,2150.16380719921,1.707313845436753,2150.1638050040547,-1.0209247757564265e-07
Ablated PINN,5,115,True,optimal,1.2345600000116974e-05,0.0703858000015316,0.07039814560153172,0.1552469999987806,2215.825267783301,2.205271156963583,2215.825267613672,-7.655339516128133e-09
Ablated PINN,5,116,True,optimal,1.2345600000116974e-05,0.11362659999940661,0.11363894559940672,0.1743716999990283,2125.0705722715743,1.5344360956472887,2125.0705719889816,-1.329804009589191e-08
Ablated PINN,5,117,True,optimal,1.2345600000116974e-05,0.09262170000147307,0.09263404560147319,0.1843821000002208,2183.1345993605905,1.9904355769309994,2183.1345991379167,-1.0199731232194226e-08
Ablated PINN,5,118,True,optimal,1.2345600000116974e-05,0.07148339999912423,0.07149574559912435,0.1934298999985912,2241.540549661129,2.70547426812149,2241.540549656992,-1.8455328196670641e-10
Ablated PINN,5,119,True,optimal,1.2345600000116974e-05,0.08523219999915455,0.08524454559915466,0.1797949000028893,2214.417993148464,2.109166032139331,2214.4179929934867,-6.998563185192008e-09
Ablated PINN,5,120,True,optimal,1.2345600000116974e-05,0.08437449999837554,0.08438684559837566,0.1488666999975976,2174.0594272111,1.7640984082531355,2174.0594267786605,-1.9890866801010778e-08
Ablated PINN,5,121,True,optimal,1.2345600000116974e-05,0.07945489999838173,0.07946724559838185,0.167944400000124,2192.149157617594,2.113378898884898,2192.1491576144845,-1.4184994550010835e-10
Ablated PINN,5,122,True,optimal,1.2345600000116974e-05,0.11612400000012713,0.11613634560012724,0.1704238999991503,2128.1258175165203,1.4674467249550134,2128.125817348184,-7.91008473165337e-09
Ablated PINN,5,123,True,optimal,1.2345600000116974e-05,0.13566590000118595,0.13567824560118608,0.1413733000008505,2111.411491836729,1.0419747054837702,2111.4114889817174,-1.3521815406544893e-07
Ablated PINN,5,124,True,optimal,1.2345600000116974e-05,0.09622849999868777,0.09624084559868788,0.1805094000010285,2086.656025401258,1.8756007273016886,2086.656025408913,3.668653008274644e-10
Ablated PINN,5,125,True,optimal,1.2345600000116974e-05,0.10897539999859873,0.10898774559859885,0.1477255000027071,2160.2534662464805,1.3554322019539622,2160.2534656637927,-2.697312138036778e-08
Ablated PINN,5,126,True,optimal,1.2345600000116974e-05,0.12159080000128597,0.12160314560128609,0.1755259000019577,2172.577289017766,1.4434322330564886,2172.5772879807123,-4.7733795832055e-08
Ablated PINN,5,127,True,optimal,1.2345600000116974e-05,0.0971475999976974,0.09715994559769751,0.1871931999994558,2134.577079016257,1.9266499054512838,2134.5770785493255,-2.1874656167204587e-08
Ablated PINN,5,128,True,optimal,1.2345600000116974e-05,0.07974560000002384,0.07975794560002396,0.1382033000008959,2235.479863362912,1.7327841002069941,2235.479863331269,-1.4154965196815424e-09
Ablated PINN,5,129,True,optimal,1.2345600000116974e-05,0.0768714000005275,0.07688374560052762,0.1843040000021574,2157.164165409233,2.3971776942263414,2157.164164547291,-3.9957191940213946e-08
Ablated PINN,5,130,True,optimal,1.2345600000116974e-05,0.09429829999862704,0.09431064559862716,0.1753537000004144,2167.001353365036,1.8593203226144275,2167.00135337666,5.364210670800475e-10
Ablated PINN,5,131,True,optimal,1.2345600000116974e-05,0.11044509999919683,0.11045744559919694,0.1672820000021602,2157.411703639563,1.5144474787979019,2157.4117035453883,-4.365163043794876e-09
Ablated PINN,5,132,True,optimal,1.2345600000116974e-05,0.09657670000160579,0.0965890456016059,0.1481457000008958,2285.828976459381,1.5337733081238014,2285.8289764839546,1.0750426913069373e-09
Ablated PINN,5,133,True,optimal,1.2345600000116974e-05,0.06953680000151508,0.06954914560151519,0.1746313000003283,2217.5341680514166,2.510905036862506,2217.5341679356866,-5.218860626208198e-09
Ablated PINN,5,134,True,optimal,1.2345600000116974e-05,0.08683620000010706,0.08684854560010717,0.1597514999994018,2186.03217742319,1.8394263127326875,2186.032177184458,-1.09208069871635e-08
Ablated PINN,5,135,True,optimal,1.2345600000116974e-05,0.07394669999848702,0.07395904559848714,0.1856459000009636,2242.493779482257,2.5101175724847518,2242.4937794957473,6.015660015414412e-10
Ablated PINN,5,136,True,optimal,1.2345600000116974e-05,0.10611579999749665,0.10612814559749677,0.1805501999988337,2211.021614016419,1.7012471006851582,2211.0216113480064,-1.2068685435266931e-07
Ablated PINN,5,137,True,optimal,1.2345600000116974e-05,0.0920603000013216,0.09207264560132171,0.1534460000002582,2220.467363536261,1.6665753329679003,2220.4673634778846,-2.6290128438401153e-09
Ablated PINN,5,138,True,optimal,1.2345600000116974e-05,0.1382642999997188,0.13827664559971892,0.1363553000010142,2181.887090435368,0.9861050606892316,2181.8870904211867,-6.499555453423892e-10
Ablated PINN,5,139,True,optimal,1.2345600000116974e-05,0.17019299999810755,0.17020534559810768,0.1600980000002891,2180.738724118713,0.940616755823379,2180.738722526723,-7.300232565988684e-08
Ablated PINN,5,140,True,optimal,1.2345600000116974e-05,0.17614699999830918,0.1761593455983093,0.154283600000781,2175.2610737509094,0.8758184215363124,2175.261073052061,-3.2127107008798957e-08
Ablated PINN,5,141,True,optimal,1.2345600000116974e-05,0.1911052000032214,0.19111754560322153,0.1414598000010301,2157.122146538401,0.7401717071791738,2157.122146413093,-5.809031559691926e-09
Ablated PINN,5,142,True,optimal,1.2345600000116974e-05,0.15836449999915203,0.15837684559915216,0.1838609000005817,2099.713466251298,1.160907702795957,2099.713466211064,-1.9161770052778947e-09
Ablated PINN,5,143,True,optimal,1.2345600000116974e-05,0.12929129999974975,0.12930364559974988,0.155400899999222,2086.8362074908523,1.2018292235955534,2086.83620750324,5.936149919687682e-10
Ablated PINN,5,144,True,optimal,1.2345600000116974e-05,0.17938669999784906,0.1793990455978492,0.1584197999982279,2168.272679792461,0.883058209536691,2168.2726797951304,1.2311029763835083e-10
Ablated PINN,5,145,True,optimal,1.2345600000116974e-05,0.1650922000007995,0.16510454560079962,0.1777634000027319,2228.263833373323,1.0766717497441873,2228.263833368646,-2.0989778830573904e-10
Ablated PINN,5,146,True,optimal,1.2345600000116974e-05,0.1654348999982176,0.16544724559821772,0.1569512999994913,2239.5598810323054,0.9486486126256917,2239.559878377108,-1.1855889630302644e-07
Ablated PINN,5,147,True,optimal,1.2345600000116974e-05,0.12090590000298107,0.12091824560298119,0.1781134000011661,2164.149316344846,1.4730068164069923,2164.1493114985196,-2.239367753097021e-07
Ablated PINN,5,148,True,optimal,1.2345600000116974e-05,0.16172649999862188,0.161738845598622,0.160323199997947,2177.2689536288126,0.9912473370547721,2177.268953597729,-1.427650928043896e-09
Ablated PINN,5,149,True,optimal,1.2345600000116974e-05,0.1910903000025428,0.19110264560254292,0.1897965999996813,2135.709550435667,0.9931657377178443,2135.7095487519587,-7.883602116105082e-08
Ablated PINN,5,150,True,optimal,1.2345600000116974e-05,0.1688901999987138,0.16890254559871393,0.1435891000000992,2240.7276403431883,0.8501298751366629,2240.7276401806016,-7.255979126148397e-09
Ablated PINN,5,151,True,optimal,1.2345600000116974e-05,0.18374089999997523,0.18375324559997536,0.1522335999979986,2186.645354633932,0.8284675435306652,2186.6453543661373,-1.2246832923956656e-08
Ablated PINN,5,152,True,optimal,1.2345600000116974e-05,0.1582215999987966,0.15823394559879672,0.1559569999990344,2074.4486760734053,0.9856102583352403,2074.448676104828,1.5147440166310425e-09
Ablated PINN,5,153,True,optimal,1.2345600000116974e-05,0.18500280000080238,0.1850151456008025,0.1841856999999436,2258.4795956987864,0.9955168772904216,2258.479595646021,-2.3363170833399687e-09
Ablated PINN,5,154,True,optimal,1.2345600000116974e-05,0.20339099999910104,0.20340334559910117,0.1595646999994642,2299.556233363131,0.7844743139769148,2299.5562333621483,-4.273472468331093e-11
Ablated PINN,5,155,True,optimal,1.2345600000116974e-05,0.1567030000005616,0.15671534560056172,0.185013300000719,2248.43890471399,1.180569135024489,2248.4389046768397,-1.6522632661012615e-09
Ablated PINN,5,156,True,optimal,1.2345600000116974e-05,0.19851740000012796,0.1985297456001281,0.1810452999998233,2050.773843777751,0.9119303480319702,2050.773843738545,-1.9117682320569613e-09
Ablated PINN,5,157,True,optimal,1.2345600000116974e-05,0.18963280000025406,0.1896451456002542,0.1634640000011131,2208.9904429627195,0.8619466608740551,2208.9904429184908,-2.0022145178635316e-09
Ablated PINN,5,158,True,optimal,1.2345600000116974e-05,0.16639409999697818,0.16640644559697831,0.1887347000010777,2241.200808370232,1.1341790236790252,2241.2008085509965,8.065513140947556e-09
Ablated PINN,5,159,True,optimal,1.2345600000116974e-05,0.1497017000001506,0.14971404560015072,0.1697529000011854,2175.896258431304,1.133847524597348,2175.8962577087914,-3.320528691248468e-08
Ablated PINN,5,160,True,optimal,1.2345600000116974e-05,0.12929470000017318,0.1293070456001733,0.1654935000005934,2196.517831214311,1.2798490541057694,2196.5178311971595,-7.808589390737024e-10
Ablated PINN,5,161,True,optimal,1.2345600000116974e-05,0.18776190000062343,0.18777424560062356,0.1651651000029232,2146.0168371156287,0.8795940011614389,2146.016836182502,-4.34817910660301e-08
Ablated PINN,5,162,True,optimal,1.2345600000116974e-05,0.20307119999779388,0.203083545597794,0.1747522999976354,2239.406982234709,0.8604946278795599,2239.4069768839586,-2.3893605050810093e-07
Ablated PINN,5,163,True,optimal,1.2345600000116974e-05,0.20131279999986873,0.20132514559986886,0.1569643000002543,2188.527464101313,0.7796557133117332,2188.5274637524194,-1.5941930910477997e-08
Ablated PINN,5,164,True,optimal,1.2345600000116974e-05,0.19786169999861158,0.19787404559861171,0.1716226000025926,2226.2755497624607,0.8673325472443705,2226.2755496671343,-4.281878469165517e-09
Ablated PINN,5,165,True,optimal,1.2345600000116974e-05,0.15951219999988098,0.1595245455998811,0.1836794999981066,2086.418406022037,1.151418418447095,2086.4184060428724,9.986306707599064e-10
Ablated PINN,5,166,True,optimal,1.2345600000116974e-05,0.15040500000031898,0.1504173456003191,0.1604220000008354,2125.608758310557,1.0665126376255842,2125.6087582627497,-2.2491031834729738e-09
Ablated PINN,5,167,True,optimal,1.2345600000116974e-05,0.14004189999832306,0.1400542455983232,0.2267114999995101,2171.1031409311204,1.618740646033114,2171.103140869211,-2.8515137389157936e-09
Ablated PINN,5,168,True,optimal,1.2345600000116974e-05,0.15848360000018147,0.1584959456001816,0.2041195999991032,2133.775502059201,1.2878537632376468,2133.7755019581946,-4.733684857880827e-09
Ablated PINN,5,169,True,optimal,1.2345600000116974e-05,0.2016295000030368,0.20164184560303694,0.144463500000711,2222.58842802577,0.7164361125969343,2222.5884280129417,-5.771839089390963e-10
Ablated PINN,5,170,True,optimal,1.2345600000116974e-05,0.21767840000029537,0.2176907456002955,0.1493336999992607,2152.4635388030665,0.6859901167937291,2152.463538576356,-1.0532612967358693e-08
Ablated PINN,5,171,True,optimal,1.2345600000116974e-05,0.20234740000159945,0.20235974560159958,0.1881853999984741,2199.261565717433,0.929954717224089,2199.2615625111985,-1.4578686074371362e-07
Ablated PINN,5,172,True,optimal,1.2345600000116974e-05,0.16596140000183368,0.1659737456018338,0.1594803999978467,2218.2303582625814,0.960877272604521,2218.230358252073,-4.737245500740055e-10
Ablated PINN,5,173,True,optimal,1.2345600000116974e-05,0.14154359999884036,0.1415559455988405,0.1421609000026364,2212.373136064863,1.004273606461648,2212.373136093081,1.2754621793771215e-09
Ablated PINN,5,174,True,optimal,1.2345600000116974e-05,0.18581389999962994,0.18582624559963007,0.1542595999999321,2164.894136983754,0.8301281635549504,2164.894136843856,-6.4621183035894e-09
Ablated PINN,5,175,True,optimal,1.2345600000116974e-05,0.16977200000110315,0.16978434560110328,0.1285323000010976,2169.8810059153825,0.7570326907704169,2169.8810056898833,-1.0392238387641415e-08
Ablated PINN,5,176,True,optimal,1.2345600000116974e-05,0.11609129999851575,0.11610364559851587,0.2092736000013246,2172.5767638423304,1.802472255909936,2172.5767638026305,-1.8273185620160822e-09
Ablated PINN,5,177,True,optimal,1.2345600000116974e-05,0.11941609999848879,0.1194284455984889,0.1819918000001052,2184.393641188927,1.523856390226751,2184.393641053485,-6.2004369740934514e-09
Ablated PINN,5,178,True,optimal,1.2345600000116974e-05,0.16754289999880712,0.16755524559880725,0.1521375000011176,2154.1415568471784,0.9079841067190115,2154.1415568691145,1.0183222473163343e-09
Ablated PINN,5,179,True,optimal,1.2345600000116974e-05,0.17473949999839533,0.17475184559839546,0.1214622000006784,2150.4889701216216,0.6950553202157062,2150.488969837055,-1.3232655408633786e-08
Ablated PINN,5,180,True,optimal,1.2345600000116974e-05,0.19126929999765707,0.1912816455976572,0.1793864999999641,2168.062715731733,0.9378134501063765,2168.062715739462,3.564881181519605e-10
Ablated PINN,5,181,True,optimal,1.2345600000116974e-05,0.17590860000200337,0.1759209456020035,0.1791943999996874,2197.708183636096,1.0186075307092177,2197.7081845623384,4.214584078338657e-08
Ablated PINN,5,182,True,optimal,1.2345600000116974e-05,0.1474573000014061,0.14746964560140624,0.1535698000006959,2148.512333281335,1.0413654916875414,2148.512335891904,1.215058897400701e-07
Ablated PINN,5,183,True,optimal,1.2345600000116974e-05,0.2006032999997842,0.20061564559978434,0.1666522000014083,2091.0013945320507,0.8307039039909629,2091.0013944956613,-1.7402828071011108e-09
Ablated PINN,5,184,True,optimal,1.2345600000116974e-05,0.1671593999999459,0.16717174559994602,0.1744021999984397,2203.4150729445887,1.0432516533971996,2203.415072853721,-4.123944542718411e-09
Ablated PINN,5,185,True,optimal,1.2345600000116974e-05,0.10730879999755416,0.10732114559755428,0.1651047000013932,2140.469384184977,1.5384172343866198,2140.469384145608,-1.8392833574975577e-09
Ablated PINN,5,186,True,optimal,1.2345600000116974e-05,0.1494505000009667,0.14946284560096684,0.1914623999982723,2172.793681228396,1.2810033104109038,2172.7936807049555,-2.4090670952280326e-08
Ablated PINN,5,187,True,optimal,1.2345600000116974e-05,0.14963129999887315,0.14964364559887328,0.1591209000034723,2123.986826024159,1.0633321539760079,2123.986825931717,-4.35230598408625e-09
Ablated PINN,5,188,True,optimal,1.2345600000116974e-05,0.13363260000187438,0.1336449456018745,0.1361703000002307,2175.827201860663,1.018895996305608,2175.8272001937244,-7.66117232855587e-08
Ablated PINN,5,189,True,optimal,1.2345600000116974e-05,0.1918005000006815,0.19181284560068163,0.1584094999998342,2180.1644696590224,0.825854491151302,2180.164468630765,-4.716421369741698e-08
Ablated PINN,5,190,True,optimal,1.2345600000116974e-05,0.2125052000010328,0.21251754560103292,0.1826565999981539,2171.6127217499998,0.8594895046504156,2171.6127194315277,-1.0676268595719401e-07
Ablated PINN,5,191,True,optimal,1.2345600000116974e-05,0.1372581000032369,0.13727044560323703,0.182301600001665,2239.865022265964,1.328046974718687,2239.8650222388483,-1.210594154965037e-09
Ablated PINN,5,192,True,optimal,1.2345600000116974e-05,0.17545410000093398,0.1754664456009341,0.1405183999995642,2192.0895212092523,0.8008277566592261,2192.0895212067117,-1.1590190203551215e-10
Ablated PINN,5,193,True,optimal,1.2345600000116974e-05,0.14469699999972363,0.14470934559972376,0.1785666000032506,2208.679391242466,1.2339672967437665,2208.6793914767527,1.0607548818555006e-08
Ablated PINN,5,194,True,optimal,1.2345600000116974e-05,0.1688417000004847,0.16885404560048484,0.1606246999981522,2166.5077506583,0.9512635568009808,2166.507747629605,-1.397961820252235e-07
Ablated PINN,5,195,True,optimal,1.2345600000116974e-05,0.18111280000084662,0.18112514560084675,0.1736755999991146,2139.2633586126103,0.9588707267728082,2139.263355046994,-1.6667495430294442e-07
Ablated PINN,5,196,True,optimal,1.2345600000116974e-05,0.1666347999998834,0.16664714559988353,0.2090443000015511,2194.5969662763114,1.25441272485676,2194.596966182139,-4.2910960919084955e-09
Ablated PINN,5,197,True,optimal,1.2345600000116974e-05,0.1526080000003276,0.15262034560032772,0.144250400000601,2199.282299487039,0.9451583891596904,2199.2822992414594,-1.1166346661965617e-08
Ablated PINN,5,198,True,optimal,1.2345600000116974e-05,0.16379719999895315,0.16380954559895328,0.1912620000002789,2239.817752546761,1.167587635390529,2239.8177523950803,-6.7720029439164194e-09
Ablated PINN,5,199,True,optimal,1.2345600000116974e-05,0.17123979999814765,0.17125214559814778,0.1643854000030842,2106.1646766369963,0.959902717883741,2106.164676650487,6.405261212973508e-10
Ablated PINN,5,200,True,optimal,1.2345600000116974e-05,0.17086079999717185,0.17087314559717198,0.2004094000003533,2142.3130341915,1.1728548643495573,2142.31303412551,-3.0803039180542415e-09
Ablated PINN,5,201,True,optimal,1.2345600000116974e-05,0.1693081000012171,0.16932044560121723,0.1870936999985133,2049.590738116899,1.104968152748402,2049.5907399292955,8.84272378259222e-08
Ablated PINN,5,202,True,optimal,1.2345600000116974e-05,0.1527630999989924,0.15277544559899253,0.194703400000435,2240.5332363379944,1.2744417091179407,2240.533236319473,-8.266516449685355e-10
Ablated PINN,5,203,True,optimal,1.2345600000116974e-05,0.15821309999955702,0.15822544559955715,0.1754158000003371,2117.504098796574,1.1086446894533384,2117.504098221748,-2.714639927728249e-08
Ablated PINN,5,204,True,optimal,1.2345600000116974e-05,0.1552402000015718,0.15525254560157192,0.1983172000000195,2226.221432526177,1.277384530035117,2226.221432801915,1.2385914140019797e-08
Ablated PINN,5,205,True,optimal,1.2345600000116974e-05,0.1798724999971455,0.17988484559714563,0.1912572000001091,2216.567806586794,1.0632201915909694,2216.5678065816082,-2.339625602293151e-10
Ablated PINN,5,206,True,optimal,1.2345600000116974e-05,0.11596049999934621,0.11597284559934633,0.1950174000012339,2213.620576697396,1.6815781228216504,2213.6205754374782,-5.6916599288101886e-08
Ablated PINN,5,207,True,optimal,1.2345600000116974e-05,0.06762330000128713,0.06763564560128725,0.1802447000009124,2262.6614519989166,2.6649364901971446,2262.6614520354024,1.6125145090283327e-09
Ablated PINN,5,208,True,optimal,1.2345600000116974e-05,0.07693669999935082,0.07694904559935094,0.1517549999989569,2149.9697779261032,1.9721492166270214,2149.9697777552037,-7.948926221474443e-09
Ablated PINN,5,209,True,optimal,1.2345600000116974e-05,0.07463979999738513,0.07465214559738524,0.1734698000000207,2066.340722505003,2.323708161525322,2066.3407228795572,1.8126440413254833e-08
Ablated PINN,5,210,True,optimal,1.2345600000116974e-05,0.0947688999985985,0.09478124559859862,0.1688500999989628,2208.201297716252,1.781471629039863,2208.2012976066076,-4.965334846645638e-09
Ablated PINN,5,211,True,optimal,1.2345600000116974e-05,0.0749398999978439,0.07495224559784401,0.1884791000011318,2190.717004313053,2.5146558118140407,2190.7170040172127,-1.350427444577513e-08
Ablated PINN,5,212,True,optimal,1.2345600000116974e-05,0.10687409999809461,0.10688644559809472,0.1851094000012381,2214.9684135868,1.7318323101253703,2214.968413568994,-8.038980222962266e-10
Ablated PINN,5,213,True,optimal,1.2345600000116974e-05,0.08827340000061668,0.08828574560061679,0.1830778000003192,2354.966217688865,2.0736960282186274,2354.9662173711686,-1.3490490920196162e-08
Ablated PINN,5,214,True,optimal,1.2345600000116974e-05,0.09383499999967171,0.09384734559967182,0.1650474000016402,2144.7554674622625,1.7586794698028982,2144.755466937847,-2.445106505113499e-08
Ablated PINN,5,215,True,optimal,1.2345600000116974e-05,0.09635469999921042,0.09636704559921054,0.1528197000006912,2193.940292266001,1.585808707224113,2193.940292200236,-2.9975796228221126e-09
Ablated PINN,5,216,True,optimal,1.2345600000116974e-05,0.0938693999996758,0.09388174559967592,0.1810650999977952,2172.003481336323,1.928650759966485,2172.0034813513694,6.92734874877975e-10
Ablated PINN,5,217,True,optimal,1.2345600000116974e-05,0.1105716999991273,0.11058404559912742,0.178206799999316,2138.386466707876,1.6115055208354772,2138.3864666696145,-1.7892711726608682e-09
Ablated PINN,5,218,True,optimal,1.2345600000116974e-05,0.07243510000262177,0.07244744560262188,0.1613545000000158,2192.302524729663,2.2271937769214647,2192.302524652356,-3.5262947872685486e-09
Ablated PINN,5,219,True,optimal,1.2345600000116974e-05,0.06563549999918905,0.06564784559918917,0.1872309000027598,2322.5481640934368,2.852049420568835,2322.5481640336093,-2.575941024701097e-09
Ablated PINN,5,220,True,optimal,1.2345600000116974e-05,0.07196529999782797,0.07197764559782809,0.1657451999999466,2150.495950016065,2.3027316137296374,2150.4959500285054,5.784955455558084e-10
Ablated PINN,5,221,True,optimal,1.2345600000116974e-05,0.061586600000737235,0.06159894560073735,0.1721108000019739,2059.2495401305023,2.7940543190062934,2059.249544451789,2.098476478830908e-07
Ablated PINN,5,222,True,optimal,1.2345600000116974e-05,0.06310400000074878,0.0631163456007489,0.1648593000027176,2198.4992904629758,2.611990577616101,2198.4992904225514,-1.8387229500168953e-09
Ablated PINN,5,223,True,optimal,1.2345600000116974e-05,0.05964739999762969,0.05965974559762981,0.1469413999984681,2235.8922996888737,2.462990723921321,2235.8922997524887,2.8451755780772824e-09
Ablated PINN,5,224,True,optimal,1.2345600000116974e-05,0.06982340000104159,0.06983574560104171,0.1875618999983999,2076.2792272501188,2.6857578219312677,2076.2792272762886,1.2604181655987686e-09
Ablated PINN,5,225,True,optimal,1.2345600000116974e-05,0.08026120000067749,0.0802735456006776,0.2215020000003278,2286.836929862118,2.759339933758427,2286.836929917445,2.419380694376334e-09
Ablated PINN,5,226,True,optimal,1.2345600000116974e-05,0.0858966000014334,0.08590894560143351,0.1873942999991413,2080.463959208041,2.1813130016580526,2080.46395925695,2.3508692311670185e-09
Ablated PINN,5,227,True,optimal,1.2345600000116974e-05,0.07809790000101202,0.07811024560101214,0.1700560999997833,2060.082420295672,2.1771292445863177,2060.082420344382,2.3644812464936476e-09
Ablated PINN,5,228,True,optimal,1.2345600000116974e-05,0.07800180000049295,0.07801414560049307,0.2066310000009252,2180.314112245705,2.6486350444581332,2180.3141122396423,-2.780650571386624e-10
Ablated PINN,5,229,True,optimal,1.2345600000116974e-05,0.06969689999823458,0.0697092455982347,0.2069301999981689,2276.716349943137,2.968475676681389,2276.716350045872,4.512406761845072e-09
Ablated PINN,5,230,True,optimal,1.2345600000116974e-05,0.061576799998874776,0.06158914559887489,0.1743741000027512,2175.9405394864084,2.8312472645494315,2175.9405459105415,2.952347706831878e-07
Ablated PINN,5,231,True,optimal,1.2345600000116974e-05,0.0722937999998976,0.07230614559989772,0.1648185000012745,2270.9542795612897,2.279453546221217,2270.9542795774214,7.103492866647585e-10
Ablated PINN,5,232,True,optimal,1.2345600000116974e-05,0.06693019999875105,0.06694254559875117,0.2048910000012256,2117.0853331765643,3.0606992633552896,2117.0853337612507,2.761751711274308e-08
Ablated PINN,5,233,True,optimal,1.2345600000116974e-05,0.0612221999981557,0.06123454559815582,0.1794805000026826,2145.028989981709,2.9310334264665134,2145.0289901335855,7.080394761954073e-09
Ablated PINN,5,234,True,optimal,1.2345600000116974e-05,0.06395790000169654,0.06397024560169666,0.1867048000021895,2181.070621304501,2.9186194025998486,2181.07062342918,9.741450791449528e-08
Ablated PINN,5,235,True,optimal,1.2345600000116974e-05,0.07869539999956032,0.07870774559956044,0.1541531000002578,2171.7651219174927,1.9585505699088237,2171.765120839032,-4.965825339878879e-08
Ablated PINN,5,236,True,optimal,1.2345600000116974e-05,0.07642390000182786,0.07643624560182798,0.1518465000008291,2097.0429322095297,1.9865771638213179,2097.0429321658726,-2.0818414948307382e-09
Ablated PINN,5,237,True,optimal,1.2345600000116974e-05,0.06799609999870881,0.06800844559870893,0.1905240999985835,2215.8277017225564,2.8014770565819314,2215.827701659273,-2.855977962314772e-09
Ablated PINN,5,238,True,optimal,1.2345600000116974e-05,0.0638598000005004,0.06387214560050052,0.161496900000202,2213.065903764337,2.528440190663275,2213.065904034789,1.222070912032168e-08
Ablated PINN,5,239,True,optimal,1.2345600000116974e-05,0.0968380000012985,0.09685034560129861,0.1797532999989926,2144.724819794156,1.8559902794666163,2144.724819262377,-2.4794734444932864e-08
Ablated PINN,5,240,True,optimal,1.2345600000116974e-05,0.08507550000285846,0.08508784560285858,0.2170844000029319,2227.303081240274,2.5512974087528058,2227.3030812286775,-5.206526355855532e-10
Ablated PINN,5,241,True,optimal,1.2345600000116974e-05,0.09457649999967543,0.09458884559967555,0.1749574999994365,2195.997977255815,1.8496631277212312,2195.9979772096485,-2.1022972829435685e-09
Ablated PINN,5,242,True,optimal,1.2345600000116974e-05,0.09908479999648989,0.09909714559649001,0.1473356999995303,2150.070248313176,1.4867804628748953,2150.07024719517,-5.1998575987266704e-08
Ablated PINN,5,243,True,optimal,1.2345600000116974e-05,0.08615009999994072,0.08616244559994084,0.1628168000024743,2253.1276826909134,1.889649241833801,2253.1276827702604,3.5216400240580814e-09
Ablated PINN,5,244,True,optimal,1.2345600000116974e-05,0.0784748000005493,0.07848714560054941,0.154321300000447,2160.725050099758,1.9661983987269216,2160.725049934688,-7.639570112481882e-09
Ablated PINN,5,245,True,optimal,1.2345600000116974e-05,0.06755129999874043,0.06756364559874055,0.1683622000018658,2216.017872035165,2.4919052030106,2216.01787193959,-4.312923710436271e-09
Ablated PINN,5,246,True,optimal,1.2345600000116974e-05,0.06664549999914016,0.06665784559914027,0.1499887999998463,2166.915413034995,2.2501297281918275,2166.9154128482983,-8.615773545352634e-09
Ablated PINN,5,247,True,optimal,1.2345600000116974e-05,0.07191089999832911,0.07192324559832923,0.1854454999993322,2194.0667932879514,2.5783805841437175,2194.0667930756467,-9.676310362400358e-09
Ablated PINN,5,248,True,optimal,1.2345600000116974e-05,0.06624929999816231,0.06626164559816243,0.164037599999574,2108.92246520784,2.4756040771212464,2108.922465023892,-8.722370544786789e-09
Ablated PINN,5,249,True,optimal,1.2345600000116974e-05,0.06688289999874542,0.06689524559874553,0.1914649999998801,2211.376165698668,2.8621615525314787,2211.376166438619,3.34611000910736e-08
Ablated PINN,5,250,True,optimal,1.2345600000116974e-05,0.07013440000082483,0.07014674560082494,0.1957933000012417,2230.8479523420733,2.791195775715918,2230.847952344336,1.0143330546734048e-10
Ablated PINN,5,251,True,optimal,1.2345600000116974e-05,0.06642469999860623,0.06643704559860635,0.1901084000019182,2226.7534290027884,2.861481847800681,2226.753429008264,2.459011752583702e-10
Ablated PINN,5,252,True,optimal,1.2345600000116974e-05,0.15850649999993038,0.1585188455999305,0.2105768999972497,2134.994969312902,1.3284029365738834,2134.9949693093035,-1.6854446213157383e-10
Ablated PINN,5,253,True,optimal,1.2345600000116974e-05,0.16500810000070487,0.165020445600705,0.1540368999994825,2222.6753230172544,0.9334413044320639,2222.675323008537,-3.92207832885804e-10
Ablated PINN,5,254,True,optimal,1.2345600000116974e-05,0.11737540000103763,0.11738774560103775,0.1864795000001322,2182.1593758800086,1.5885772321918044,2182.159375116976,-3.4966850355547926e-08
Ablated PINN,5,255,True,optimal,1.2345600000116974e-05,0.12095480000061798,0.1209671456006181,0.1633569000005081,2120.4797410569017,1.350423697190003,2120.47974102479,-1.5143520974876923e-09
Ablated PINN,5,256,True,optimal,1.2345600000116974e-05,0.12704630000007455,0.12705864560007468,0.1984661000024061,2300.1678923890854,1.5620039003649624,2300.167892389992,3.942174050285479e-11
Ablated PINN,5,257,True,optimal,1.2345600000116974e-05,0.13016769999740063,0.13018004559740076,0.1652689999973517,2085.162441274529,1.269541727681278,2085.1624413228296,2.3163919592533907e-09
Ablated PINN,5,258,True,optimal,1.2345600000116974e-05,0.13185280000107014,0.13186514560107027,0.1868017000015243,2141.9358861714218,1.4166116387316843,2141.9358860678585,-4.835030444412343e-09
Ablated PINN,5,259,True,optimal,1.2345600000116974e-05,0.1284763000003295,0.12848864560032963,0.2039970000005269,2166.4386621944127,1.5876655796891952,2166.438660711097,-6.8467935574836e-08
Ablated PINN,5,260,True,optimal,1.2345600000116974e-05,0.10190739999961806,0.10191974559961818,0.1963370000012219,2212.2281696701148,1.926388246420009,2212.2281692145184,-2.05944563240286e-08
Ablated PINN,5,261,True,optimal,1.2345600000116974e-05,0.10979339999903459,0.10980574559903471,0.2069185000000288,2075.912783905306,1.884405036104484,2075.91278897196,2.440687321346217e-07
Ablated PINN,5,262,True,optimal,1.2345600000116974e-05,0.13670920000004116,0.1367215456000413,0.1651162999987718,2219.190948463322,1.2076830997931751,2219.19094839772,-2.9561157359760905e-09
Ablated PINN,5,263,True,optimal,1.2345600000116974e-05,0.18991360000291024,0.18992594560291037,0.1523746000020764,2177.9007071265937,0.8022842772659148,2177.900707070045,-2.5964793708176432e-09
Ablated PINN,5,264,True,optimal,1.2345600000116974e-05,0.19369260000166832,0.19370494560166845,0.1882799000013619,2082.1606036047424,0.9719932519871614,2082.1606036409476,1.7388267276547498e-09
Ablated PINN,5,265,True,optimal,1.2345600000116974e-05,0.16242160000183503,0.16243394560183516,0.167796099998668,2187.077225453803,1.033011291925253,2187.077225354661,-4.533070096916275e-09
Ablated PINN,5,266,True,optimal,1.2345600000116974e-05,0.14739900000131456,0.1474113456013147,0.157673400000931,2105.9647774907417,1.0696150920931882,2105.9647756465115,-8.757174739903347e-08
Ablated PINN,5,267,True,optimal,1.2345600000116974e-05,0.10872089999975287,0.10873324559975299,0.1496342000027652,2162.19410042925,1.376158682447212,2162.1941002824738,-6.788293147797414e-09
Ablated PINN,5,268,True,optimal,1.2345600000116974e-05,0.17581490000156919,0.17582724560156932,0.1357625000018743,2162.8386441282087,0.7721357377656751,2162.838643083188,-4.831709401244266e-08
Ablated PINN,5,269,True,optimal,1.2345600000116974e-05,0.21672530000068946,0.2167376456006896,0.1630485999994562,2127.5411836072435,0.7522855549508536,2127.54118333966,-1.257711708544357e-08
Ablated PINN,5,270,True,optimal,1.2345600000116974e-05,0.21629220000249916,0.2163045456024993,0.1753764999994018,2141.4755157456925,0.810785087807121,2141.4755156741185,-3.3422772883373424e-09
Ablated PINN,5,271,True,optimal,1.2345600000116974e-05,0.15721800000028452,0.15723034560028465,0.1578702999977395,2157.231709987476,1.004070171028446,2157.2317100134246,1.20287464791782e-09
Ablated PINN,5,272,True,optimal,1.2345600000116974e-05,0.09574119999888353,0.09575354559888365,0.1553596000012476,2251.103522681476,1.622494488632898,2251.103522680217,-5.593680618937894e-11
Ablated PINN,5,273,True,optimal,1.2345600000116974e-05,0.06545380000170553,0.06546614560170565,0.1258467000006931,2224.7645391161536,1.92231723502314,2224.7645392500986,6.020633660500512e-09
Ablated PINN,5,274,True,optimal,1.2345600000116974e-05,0.07526960000177496,0.07528194560177508,0.1255964999982097,2248.992133882215,1.6683482207352551,2248.9921335281897,-1.574151171118157e-08
Ablated PINN,5,275,True,optimal,1.2345600000116974e-05,0.11794229999941308,0.1179546455994132,0.1602650999993784,2165.2296063945014,1.3587010429725346,2165.22960378242,-1.206376223890298e-07
Ablated PINN,5,276,True,optimal,1.2345600000116974e-05,0.13254669999878388,0.132559045598784,0.1355507000007492,2255.260071499048,1.022568466666696,2255.2600714896016,-4.18863741674172e-10
Ablated PINN,5,277,True,optimal,1.2345600000116974e-05,0.10019810000085272,0.10021044560085283,0.174569300001167,2167.9748501241124,1.7420269808647706,2167.9748502385414,5.278150961562672e-09
Ablated PINN,5,278,True,optimal,1.2345600000116974e-05,0.12086920000001555,0.12088154560001567,0.189471699999558,2168.666543748825,1.5674162591079035,2168.6665437295123,-8.905318016947302e-10
Ablated PINN,5,279,True,optimal,1.2345600000116974e-05,0.1606513000006089,0.16066364560060903,0.1697157000016886,2033.8752707221165,1.0563416469683622,2033.875270707978,-6.951532421843765e-10
Ablated PINN,5,280,True,optimal,1.2345600000116974e-05,0.19197619999977178,0.1919885455997719,0.1369254000019282,2155.3513359880685,0.7131956730760863,2155.3513358738282,-5.300308276435785e-09
Ablated PINN,5,281,True,optimal,1.2345600000116974e-05,0.28200810000271304,0.28202044560271317,0.2123275999983889,2122.6809873022803,0.7528801663461602,2122.6809867251472,-2.7188873605386503e-08
Ablated PINN,5,282,True,optimal,1.2345600000116974e-05,0.21619429999918793,0.21620664559918806,0.1921188999986043,2118.7416343232285,0.8885892451000857,2118.741633695617,-2.962189257559523e-08
Ablated PINN,5,283,True,optimal,1.2345600000116974e-05,0.16488759999992908,0.1648999455999292,0.192897199998697,2158.957560505516,1.169783284626989,2158.9575595996153,-4.196010380337247e-08
Ablated PINN,5,284,True,optimal,1.2345600000116974e-05,0.13814710000224295,0.13815944560224308,0.1796782000019448,2273.889670073256,1.3005133251564498,2273.8896700650957,-3.5887586451785497e-10
Ablated PINN,5,285,True,optimal,1.2345600000116974e-05,0.19829789999857894,0.19831024559857907,0.1300529000000096,2115.677822328654,0.6558052490301663,2115.6778293644825,3.3255669654861407e-07
Ablated PINN,5,286,True,optimal,1.2345600000116974e-05,0.173418499998661,0.17343084559866112,0.1459980999970866,2196.2220295681013,0.8418231456643126,2196.222029470526,-4.442863142525588e-09
Ablated PINN,5,287,True,optimal,1.2345600000116974e-05,0.16931880000265664,0.16933114560265677,0.1868482999998377,2202.066156379918,1.1034490987162264,2202.0661563780855,-8.322328640140411e-11
Ablated PINN,5,288,True,optimal,1.2345600000116974e-05,0.1653595999996469,0.16537194559964702,0.1656379000014567,2182.373867339894,1.0016082195855247,2182.3738734597773,2.804232367760838e-07
Ablated PINN,5,289,True,optimal,1.2345600000116974e-05,0.141037099998357,0.14104944559835714,0.1495441000006394,2211.584568758089,1.0602246564404871,2211.5845684120454,-1.5646864222342718e-08
Ablated PINN,5,290,True,optimal,1.2345600000116974e-05,0.14019109999935608,0.1402034455993562,0.1592672999977367,2234.958415963913,1.1359727952254266,2234.9584157626364,-9.005833532869168e-09
Ablated PINN,5,291,True,optimal,1.2345600000116974e-05,0.13627629999973578,0.1362886455997359,0.1775887000003422,2225.3833521530064,1.3030337136220413,2225.383352123945,-1.30591158260373e-09
Ablated PINN,5,292,True,optimal,1.2345600000116974e-05,0.13421630000084406,0.1342286456008442,0.1876599000024725,2191.5297747841546,1.3980614880114106,2191.529774692003,-4.204908517937555e-09
Ablated PINN,5,293,True,optimal,1.2345600000116974e-05,0.14595900000131223,0.14597134560131236,0.1814896999967459,2173.9351671876693,1.2433241554985996,2173.935167236367,2.2400635630443745e-09
Ablated PINN,5,294,True,optimal,1.2345600000116974e-05,0.12354580000101123,0.12355814560101135,0.1912125000017113,2221.8731689601696,1.5475507427828068,2221.8731689830347,1.0290934635401861e-09
Ablated PINN,5,295,True,optimal,1.2345600000116974e-05,0.13475969999853987,0.13477204559854,0.1916350999999849,2152.791180484056,1.4219202442829206,2152.7911804306627,-2.480187172525805e-09
Ablated PINN,5,296,True,optimal,1.2345600000116974e-05,0.11758570000165491,0.11759804560165503,0.1938859000001684,2162.3602395464923,1.6487170259353334,2162.360238129724,-6.551952233768507e-08
Ablated PINN,5,297,True,optimal,1.2345600000116974e-05,0.1095357000012882,0.10954804560128832,0.1667852999999013,2139.5005791467493,1.5224853997572354,2139.5005788412022,-1.4281230945925913e-08
Ablated PINN,5,298,True,optimal,1.2345600000116974e-05,0.10707499999989523,0.10708734559989534,0.185193999997864,2183.7547421460417,1.7293733350137779,2183.7547421019635,-2.0184595423365674e-09
Ablated PINN,5,299,True,optimal,1.2345600000116974e-05,0.1123226000017894,0.11233494560178951,0.1797445000011066,2165.291704792407,1.600076441379816,2165.2917047977003,2.44459402518513e-10
Ablated PINN,5,300,True,optimal,1.2345600000116974e-05,0.23729160000220872,0.23730394560220885,0.2011792999983299,2134.5860261439225,0.847770564824765,2134.58602602534,-5.555299540467636e-09
Ablated PINN,5,301,True,optimal,1.2345600000116974e-05,0.16989010000179405,0.16990244560179418,0.1329354000008606,2209.4187808300176,0.7824219335395888,2209.4187805598,-1.2230261616835127e-08
Ablated PINN,5,302,True,optimal,1.2345600000116974e-05,0.1456925999991654,0.14570494559916553,0.1474019999986922,2264.6526783053887,1.0116471983332347,2264.652678655011,1.5438239145304905e-08
Ablated PINN,5,303,True,optimal,1.2345600000116974e-05,0.14921440000034636,0.1492267456003465,0.2004344999986642,2182.4879524071234,1.343153998248145,2182.4879521638272,-1.1147653709558072e-08
Ablated PINN,5,304,True,optimal,1.2345600000116974e-05,0.18866540000090026,0.1886777456009004,0.2144152000000758,2298.446942840016,1.1364095925420712,2298.4469428282678,-5.111450515205366e-10
Ablated PINN,5,305,True,optimal,1.2345600000116974e-05,0.16445780000140076,0.16447014560140089,0.1916431999998167,2219.554113561441,1.1652157253163176,2219.5541135397193,-9.786612805280646e-10
Ablated PINN,5,306,True,optimal,1.2345600000116974e-05,0.16648709999935818,0.1664994455993583,0.1999945999996271,2158.6573355187134,1.2011727683518358,2158.657335421234,-4.515732339021184e-09
Ablated PINN,5,307,True,optimal,1.2345600000116974e-05,0.13934320000043954,0.13935554560043967,0.164086299999326,2106.293427636591,1.1774651614496519,2106.2934275183816,-5.612195270381727e-09
Ablated PINN,5,308,True,optimal,1.2345600000116974e-05,0.14977100000032806,0.1497833456003282,0.1880562000005738,2120.317801078761,1.255521428279285,2120.3178009080384,-8.051746517667772e-09
Ablated PINN,5,309,True,optimal,1.2345600000116974e-05,0.198098700002447,0.19811104560244713,0.1561755000002449,2126.1744321940173,0.788323031284409,2126.174431443952,-3.527769271493849e-08
Ablated PINN,5,310,True,optimal,1.2345600000116974e-05,0.19244389999948908,0.1924562455994892,0.1320761000024504,2069.081862536293,0.6862655955437642,2069.081862551159,7.184679915107881e-10
Ablated PINN,5,311,True,optimal,1.2345600000116974e-05,0.14554469999711728,0.1455570455971174,0.1515479000008781,2061.1549558310385,1.0411581203725622,2061.154955878445,2.2999969847535432e-09
Ablated PINN,5,312,True,optimal,1.2345600000116974e-05,0.1495928999975149,0.14960524559751504,0.1136442999995779,2180.1149814162545,0.7596277760561729,2180.114981397185,-8.746958566233542e-10
Ablated PINN,5,313,True,optimal,1.2345600000116974e-05,0.11268080000081682,0.11269314560081693,0.1372040999995079,2188.0807312513416,1.2175017324080557,2188.080731244175,-3.275390230173108e-10
Ablated PINN,5,314,True,optimal,1.2345600000116974e-05,0.15095339999970747,0.1509657455997076,0.1179652999999234,2222.5581159645926,0.7814044141689841,2222.55811588872,-3.4137589456496227e-09
Ablated PINN,5,315,True,optimal,1.2345600000116974e-05,0.17305910000141012,0.17307144560141025,0.204678000001877,2145.9342340595863,1.1826214271836486,2145.9342340339026,-1.1968528775520455e-09
Ablated PINN,5,316,True,optimal,1.2345600000116974e-05,0.18305510000209324,0.18306744560209337,0.1662551999979769,2132.5852964854,0.9081636522057626,2132.5852964091855,-3.5737980512255917e-09
Ablated PINN,5,317,True,optimal,1.2345600000116974e-05,0.19480679999833228,0.1948191455983324,0.1558721000001242,2254.9250954710506,0.8000861492406546,2254.9250954710915,1.815016457175582e-12
Ablated PINN,5,318,True,optimal,1.2345600000116974e-05,0.13662350000231527,0.1366358456023154,0.1743176999989373,2263.226844507007,1.2757830804245658,2263.226844548922,1.8520005154426931e-09
Ablated PINN,5,319,True,optimal,1.2345600000116974e-05,0.17641309999817167,0.1764254455981718,0.1878381000024092,2210.304634881842,1.0646882560820108,2210.3046346061938,-1.247105424388806e-08
Ablated PINN,5,320,True,optimal,1.2345600000116974e-05,0.13905009999871254,0.13906244559871267,0.1402054000027419,2082.329886286688,1.008219001176834,2082.3298875024443,5.8384415296777784e-08
Ablated PINN,5,321,True,optimal,1.2345600000116974e-05,0.16368629999851692,0.16369864559851705,0.1832721000027959,2092.9242742982774,1.1195700448999693,2092.924274321369,1.1033182621194452e-09
Ablated PINN,5,322,True,optimal,1.2345600000116974e-05,0.19306009999854723,0.19307244559854736,0.1814297999990231,2185.130356631259,0.9396980466921072,2185.1303566003885,-1.4127543384880549e-09
Ablated PINN,5,323,True,optimal,1.2345600000116974e-05,0.1615548999980092,0.16156724559800933,0.1583245000001625,2189.102213805668,0.9799294368988933,2189.1022137060813,-4.549193088592801e-09
Ablated PINN,5,324,True,optimal,1.2345600000116974e-05,0.20974849999765866,0.20976084559765878,0.1484041000003344,2171.272589872131,0.7074919038274071,2171.2725892672615,-2.785783133251947e-08
Ablated PINN,5,325,True,optimal,1.2345600000116974e-05,0.1481424000012339,0.14815474560123404,0.1501671000005444,2214.206873225862,1.0135827873156809,2214.206873021142,-9.245747716120891e-09
Ablated PINN,5,326,True,optimal,1.2345600000116974e-05,0.11704459999964456,0.11705694559964468,0.1545449000004737,2125.986871701245,1.320253994402386,2125.9868716008577,-4.721915174257833e-09
Ablated PINN,5,327,True,optimal,1.2345600000116974e-05,0.1248526999988826,0.12486504559888272,0.1809763999990536,2202.56873108054,1.449375997350158,2202.568730265055,-3.702428102079966e-08
Ablated PINN,5,328,True,optimal,1.2345600000116974e-05,0.11136199999964447,0.11137434559964458,0.1562159999994037,2184.037543854672,1.4026210359156732,2184.0375438516444,-1.386289292838065e-10
Ablated PINN,5,329,True,optimal,1.2345600000116974e-05,0.1333355999995547,0.13334794559955482,0.1399351000000024,2173.826474611812,1.0493982443511267,2173.8264743059153,-1.4071809460542448e-08
Ablated PINN,5,330,True,optimal,1.2345600000116974e-05,0.2045429999998305,0.20455534559983063,0.2051428000013402,2128.234033394617,1.002871860423823,2128.234033229018,-7.781051036256306e-09
Ablated PINN,5,331,True,optimal,1.2345600000116974e-05,0.17926599999918835,0.17927834559918848,0.1862562999995134,2104.584535308683,1.0389224609196557,2104.5845352636306,-2.140673089810811e-09
Ablated PINN,5,332,True,optimal,1.2345600000116974e-05,0.14912009999898146,0.1491324455989816,0.1896450000022014,2252.763428235852,1.2716548651804345,2252.7634284824835,1.0947945672738037e-08
Ablated PINN,5,333,True,optimal,1.2345600000116974e-05,0.12594710000121268,0.1259594456012128,0.1778735000007145,2151.601771701695,1.4121489591488154,2151.601771493714,-9.666332190282001e-09
Ablated PINN,5,334,True,optimal,1.2345600000116974e-05,0.11833340000157477,0.11834574560157489,0.1836159999984374,2228.6659115636726,1.5515217641756436,2228.66591173107,7.51110793293904e-09
Ablated PINN,5,335,True,optimal,1.2345600000116974e-05,0.101524600002449,0.10153694560244912,0.2050641000023461,2190.661498984035,2.019600833821023,2190.6614989096315,-3.396393639537418e-09
Ablated PINN,5,336,True,optimal,1.2345600000116974e-05,0.06734060000235331,0.06735294560235343,0.1579936000016459,2235.4954508447577,2.3457563524307883,2235.495450531402,-1.4017272342962236e-08
Ablated PINN,5,337,True,optimal,1.2345600000116974e-05,0.08659480000278563,0.08660714560278575,0.1761824999994132,2092.3407048610115,2.034272100450638,2092.3407051688337,1.4711854483292788e-08
Ablated PINN,5,338,True,optimal,1.2345600000116974e-05,0.14061059999949066,0.1406229455994908,0.1750023999993573,2171.447278130524,1.2444796917978298,2171.447278090592,-1.8389495352182818e-09
Ablated PINN,5,339,True,optimal,1.2345600000116974e-05,0.13314230000105454,0.13315464560105467,0.1660876999994798,2216.45546251155,1.2473293684179525,2216.4554624777484,-1.525039682071465e-09
Ablated PINN,5,340,True,optimal,1.2345600000116974e-05,0.11130120000234456,0.11131354560234467,0.1920820000013918,2163.9528951434622,1.7255941220988817,2163.95289487553,-1.2381606712547316e-08
Ablated PINN,5,341,True,optimal,1.2345600000116974e-05,0.11141929999939748,0.1114316455993976,0.1864521000024979,2223.825782895802,1.6732419143553048,2223.8257828616115,-1.5374691033228164e-09
Ablated PINN,5,342,True,optimal,1.2345600000116974e-05,0.09421889999794075,0.09423124559794087,0.1492392000000109,2055.728688606198,1.583754932379585,2055.7286886772526,3.4564253890690522e-09
Ablated PINN,5,343,True,optimal,1.2345600000116974e-05,0.08303289999821573,0.08304524559821584,0.1174037999990105,2147.2559572665987,1.4137329494698108,2147.2559574464995,8.378171213635825e-09
Ablated PINN,5,344,True,optimal,1.2345600000116974e-05,0.08713519999946584,0.08714754559946596,0.1245152000010421,2208.61954208722,1.4287860793385918,2208.6195422520486,7.462970926230279e-09
Ablated PINN,5,345,True,optimal,1.2345600000116974e-05,0.1167338999985077,0.11674624559850781,0.1329647999991721,2179.495059787069,1.1389214215627983,2179.4950596961107,-4.173357033708809e-09
Ablated PINN,5,346,True,optimal,1.2345600000116974e-05,0.19157020000056946,0.1915825456005696,0.1801190999976825,2158.0024019819666,0.9401644572215507,2158.0024012080635,-3.586201471303688e-08
Ablated PINN,5,347,True,optimal,1.2345600000116974e-05,0.18903590000263648,0.1890482456026366,0.1875204000025405,2237.1176063082003,0.9919182238627725,2237.1176062783966,-1.3322360230730765e-09
Ablated PINN,5,348,True,optimal,1.2345600000116974e-05,0.2042120000005525,0.20422434560055264,0.1707534999986819,2237.530400967604,0.8361074655255002,2237.5304009853867,7.947554656117788e-10
Ablated PINN,5,349,True,optimal,1.2345600000116974e-05,0.15817769999921438,0.1581900455992145,0.1921939000021666,2219.2598792165377,1.2149557152863033,2219.259879141848,-3.3655149898606718e-09
Ablated PINN,5,350,True,optimal,1.2345600000116974e-05,0.14747870000064722,0.14749104560064735,0.2011267999987467,2187.0903956003863,1.3636543098577363,2187.0903946652606,-4.275660615546882e-08
Ablated PINN,5,351,True,optimal,1.2345600000116974e-05,0.14722909999909461,0.14724144559909474,0.1784593000011227,2233.2405725405383,1.2120181194568487,2233.2405730799887,2.4155499326178763e-08
Ablated PINN,5,352,True,optimal,1.2345600000116974e-05,0.18484170000010636,0.1848540456001065,0.1700487999987672,2097.0363356283888,0.9199084577604141,2097.0363356010994,-1.301331219829307e-09
Ablated PINN,5,353,True,optimal,1.2345600000116974e-05,0.14892880000115838,0.1489411456011585,0.2080347999981313,2229.6858589191493,1.3967584253394727,2229.685858799333,-5.373688709776194e-09
Ablated PINN,5,354,True,optimal,1.2345600000116974e-05,0.13124950000201352,0.13126184560201365,0.1655281000021204,2296.944400859072,1.2610526634221046,2296.9444008634923,1.9243583993427392e-10
Ablated PINN,5,355,True,optimal,1.2345600000116974e-05,0.12043959999937215,0.12045194559937226,0.1689585999993141,2212.5342058492406,1.4027054453838115,2212.534205748685,-4.544813497191655e-09
Ablated PINN,5,356,True,optimal,1.2345600000116974e-05,0.13450499999817112,0.13451734559817125,0.1854023999985656,2177.056471960629,1.3782787578369085,2177.0564718384494,-5.61215112333481e-09
Ablated PINN,5,357,True,optimal,1.2345600000116974e-05,0.1305456999980379,0.13055804559803802,0.1829232999989472,2202.5500756591496,1.4010879158082012,2202.5500755987264,-2.7433287748930574e-09
Ablated PINN,5,358,True,optimal,1.2345600000116974e-05,0.11559750000014901,0.11560984560014913,0.1786783999996259,2195.4449655584485,1.545529267616247,2195.4449637461094,-8.254997081311459e-08
Ablated PINN,5,359,True,optimal,1.2345600000116974e-05,0.10747400000036578,0.10748634560036589,0.1633247999998275,2143.921737046292,1.5194934676360559,2143.9217368052787,-1.1241705483977592e-08
Ablated PINN,5,360,True,optimal,1.2345600000116974e-05,0.09207120000064606,0.09208354560064617,0.1304525000014109,2194.863228487653,1.4166754673757422,2194.863228452643,-1.5950920583862726e-09
Ablated PINN,5,361,True,optimal,1.2345600000116974e-05,0.11452959999951418,0.11454194559951429,0.1422778999985894,2225.630974859284,1.242146702274915,2225.630975009599,6.75381137053149e-09
Ablated PINN,5,362,True,optimal,1.2345600000116974e-05,0.20249870000043302,0.20251104560043315,0.1539554000009957,2196.8047850498147,0.760232112497998,2196.8047815398454,-1.597761107720359e-07
Ablated PINN,5,363,True,optimal,1.2345600000116974e-05,0.1893073999999615,0.18931974559996162,0.1502572999997937,2147.5048863780557,0.7936694586379381,2147.5048864626965,3.941353554785085e-09
Ablated PINN,5,364,True,optimal,1.2345600000116974e-05,0.20231669999702717,0.2023290455970273,0.1727430999999342,2205.4671880296964,0.8537731173999676,2205.467187952598,-3.4957818023817225e-09
Ablated PINN,5,365,True,optimal,1.2345600000116974e-05,0.1430304999994405,0.14304284559944064,0.1417947999980242,2246.439198885705,0.9912750225557501,2246.43920036274,6.575004824621182e-08
Ablated PINN,5,366,True,optimal,1.2345600000116974e-05,0.13028080000003683,0.13029314560003696,0.1278607999993255,2161.93904328185,0.9813317455073342,2161.9390499761307,3.0964243644021436e-07
Ablated PINN,5,367,True,optimal,1.2345600000116974e-05,0.15441909999935888,0.154431445599359,0.1172116999987338,2236.582282354143,0.7589885566623247,2236.5822823444287,-4.3433738102457484e-10
Ablated PINN,5,368,True,optimal,1.2345600000116974e-05,0.1340500999976939,0.13406244559769404,0.1598924999998416,2181.218795697856,1.1926718126540865,2181.218795141749,-2.549523681517378e-08
Ablated PINN,5,369,True,optimal,1.2345600000116974e-05,0.17402099999890197,0.1740333455989021,0.1559689999994589,2234.464631649203,0.8962018138691855,2234.4646316337144,-6.931725189027112e-10
Ablated PINN,5,370,True,optimal,1.2345600000116974e-05,0.19354949999979,0.19356184559979012,0.1223349999963829,2191.33690772516,0.6320202187435412,2191.3369075404453,-8.42931706667726e-09
Ablated PINN,5,371,True,optimal,1.2345600000116974e-05,0.19100410000100965,0.19101644560100978,0.1226728000001458,2208.4067469090646,0.642210672563668,2208.406746913009,1.7861195756216423e-10
Ablated PINN,5,372,True,optimal,1.2345600000116974e-05,0.18783710000207066,0.18784944560207079,0.1449767999984033,2179.438998301441,0.7717712423038693,2179.438996279703,-9.276414970856672e-08
Ablated PINN,5,373,True,optimal,1.2345600000116974e-05,0.17637110000214307,0.1763834456021432,0.125074499999755,2296.6511708700623,0.7091056622279481,2296.651170771889,-4.274620939014105e-09
Ablated PINN,5,374,True,optimal,1.2345600000116974e-05,0.15823140000065905,0.15824374560065918,0.132039000000077,2098.7791718246262,0.8344026457341831,2098.7791717197333,-4.997807051752962e-09
Ablated PINN,5,375,True,optimal,1.2345600000116974e-05,0.20270340000206488,0.202715745602065,0.1689020000012533,2137.17485298067,0.8331962546846817,2137.1748529761367,-2.1212004879547231e-10
Ablated PINN,5,376,True,optimal,1.2345600000116974e-05,0.1811314999977185,0.18114384559771862,0.1527489000000059,2224.7053493523745,0.8432464238350567,2224.7053493352714,-7.687781157994122e-10
Ablated PINN,5,377,True,optimal,1.2345600000116974e-05,0.1700894999994489,0.17010184559944902,0.1738801000028615,2114.418486646166,1.0222117190445388,2114.418486456991,-8.94689954536073e-09
Ablated PINN,5,378,True,optimal,1.2345600000116974e-05,0.20763280000028317,0.2076451456002833,0.2094768000024487,2117.5697502775542,1.0088210798132085,2117.5697505276,1.180813804769612e-08
Ablated PINN,5,379,True,optimal,1.2345600000116974e-05,0.15342960000270978,0.1534419456027099,0.1831095999987155,2194.5511020909207,1.1933477464683664,2194.5511019814044,-4.990375920719798e-09
Ablated PINN,5,380,True,optimal,1.2345600000116974e-05,0.1679653999999573,0.16797774559995743,0.1691259999970498,2230.5320363874084,1.006835753111171,2230.5320363666556,-9.303991050792615e-10
Ablated PINN,5,381,True,optimal,1.2345600000116974e-05,0.23813259999951697,0.2381449455995171,0.2007329999978537,2090.7168882174,0.8429026259302677,2090.716888220416,1.44251211059497e-10
Ablated PINN,5,382,True,optimal,1.2345600000116974e-05,0.18241049999778625,0.18242284559778638,0.1909339000012551,2215.6356898679733,1.0466556388569568,2215.6356902727807,1.8270487942157378e-08
Ablated PINN,5,383,True,optimal,1.2345600000116974e-05,0.16983750000144937,0.1698498456014495,0.1491624999980558,2224.1887217386115,0.8782021524356503,2224.188721862152,5.5543984246109535e-09
Ablated PINN,5,384,True,optimal,1.2345600000116974e-05,0.18736669999998412,0.18737904559998425,0.1969654000022274,2162.2599642954547,1.0511602264359274,2162.259964334635,1.8119986913989007e-09
Ablated PINN,5,385,True,optimal,1.2345600000116974e-05,0.18191039999874192,0.18192274559874205,0.1817249000014271,2197.3120325813948,0.9989124746514583,2197.3120324488086,-6.0340149991667655e-09
Ablated PINN,5,386,True,optimal,1.2345600000116974e-05,0.20113889999993262,0.20115124559993275,0.1660755999982939,2276.9669437276,0.825625511306053,2276.9669438030546,3.313812225120044e-09
Ablated PINN,5,387,True,optimal,1.2345600000116974e-05,0.16396119999990333,0.16397354559990346,0.2082173999988299,2140.71019038978,1.2698231244379001,2140.7101903704947,-9.008870276005262e-10
Ablated PINN,5,388,True,optimal,1.2345600000116974e-05,0.18766430000323453,0.18767664560323466,0.1282137000016519,2142.9942876946343,0.6831627855961748,2142.9942868747835,-3.825725602479324e-08
Ablated PINN,5,389,True,optimal,1.2345600000116974e-05,0.16925389999960316,0.1692662455996033,0.0971374000000651,2156.97839410696,0.5738734244147066,2156.9783934155253,-3.205570851855807e-08
Ablated PINN,5,390,True,optimal,1.2345600000116974e-05,0.15248040000005858,0.1524927456000587,0.1546777999974438,2121.662768269533,1.0143289071803836,2121.662768379212,5.169490220526891e-09
Ablated PINN,5,391,True,optimal,1.2345600000116974e-05,0.1869639000033203,0.18697624560332043,0.1664391999984218,2179.108154986151,0.8901622741507549,2179.1081546506775,-1.5394990213966184e-08
Ablated PINN,5,392,True,optimal,1.2345600000116974e-05,0.1716082999992068,0.17162064559920692,0.1512585999989824,2178.747628554961,0.8813543351434716,2178.747628107526,-2.0536339666883212e-08
Ablated PINN,5,393,True,optimal,1.2345600000116974e-05,0.2051435000030324,0.20515584560303252,0.1759530999988783,2210.081430874533,0.8576557956790554,2210.081430986793,5.079443633446253e-09
Ablated PINN,5,394,True,optimal,1.2345600000116974e-05,0.17621869999857154,0.17623104559857167,0.2010760000011942,2209.614837155141,1.1409794416088053,2209.614837132119,-1.0418822435256332e-09
Ablated PINN,5,395,True,optimal,1.2345600000116974e-05,0.20522259999779635,0.20523494559779648,0.1911084999992454,2250.0994968703653,0.931169394386495,2250.0994968759724,2.491905288734501e-10
Ablated PINN,5,396,True,optimal,1.2345600000116974e-05,0.16553900000144495,0.16555134560144508,0.1411408000021765,2174.589089535385,0.8525500018705042,2174.5890893633327,-7.911945148340697e-09
Ablated PINN,5,397,True,optimal,1.2345600000116974e-05,0.13106060000063735,0.13107294560063748,0.1573333999986061,2206.5415063809373,1.2003499217754736,2206.5415063620494,-8.559970961093934e-10
Ablated PINN,5,398,True,optimal,1.2345600000116974e-05,0.14564439999958267,0.1456567455995828,0.1464271000004373,2177.2681869428293,1.0052888343597366,2177.268186780239,-7.467631631739618e-09
Ablated PINN,5,399,True,optimal,1.2345600000116974e-05,0.16590699999869685,0.16591934559869698,0.1915522000017517,2278.0058111328985,1.154489847525387,2278.005811133901,4.39973926517475e-11
Ablated PINN,5,400,True,optimal,1.2345600000116974e-05,0.18413620000137598,0.1841485456013761,0.2054897000016353,2186.1111524012417,1.1158909744878251,2186.111152322677,-3.593819131152347e-09
Ablated PINN,5,401,True,optimal,1.2345600000116974e-05,0.12717350000093575,0.12718584560093588,0.1837744000004022,2189.316129951744,1.4449280824614805,2189.316129608823,-1.566339984587945e-08
Ablated PINN,5,402,True,optimal,1.2345600000116974e-05,0.17451860000073793,0.17453094560073806,0.1856459000009636,2253.001817826864,1.0636847199903015,2253.001817750716,-3.379862048850417e-09
Ablated PINN,5,403,True,optimal,1.2345600000116974e-05,0.17582530000072438,0.1758376456007245,0.1958493999991333,2139.5946957270985,1.113808134373282,2139.594694809074,-4.290646259625043e-08
Ablated PINN,5,404,True,optimal,1.2345600000116974e-05,0.12904980000166688,0.129062145601667,0.1675045999982103,2229.818283830382,1.2978600287274842,2229.8182837629547,-3.023888053761633e-09
Ablated PINN,5,405,True,optimal,1.2345600000116974e-05,0.17441989999861107,0.1744322455986112,0.1756791000007069,2164.096343412927,1.0071480728681603,2164.0963415148103,-8.770944106160702e-08
Ablated PINN,5,406,True,optimal,1.2345600000116974e-05,0.14961459999904037,0.1496269455990405,0.1916470000032859,2259.564290805501,1.280832133784564,2259.5642907068,-4.368147165457196e-09
Ablated PINN,5,407,True,optimal,1.2345600000116974e-05,0.12859790000220528,0.1286102456022054,0.180398000000423,2173.329620252804,1.4026720744970689,2173.3296202068072,-2.1164201057598282e-09
Ablated PINN,5,408,True,optimal,1.2345600000116974e-05,0.14055390000066836,0.1405662456006685,0.1754146999992372,2198.982306947815,1.2479148123338863,2198.9823059381474,-4.591521061951233e-08
Ablated PINN,5,409,True,optimal,1.2345600000116974e-05,0.13580430000001797,0.1358166456000181,0.1634501999978965,2101.757465941314,1.203462206534386,2101.757469061782,1.4846946838050304e-07
Ablated PINN,5,410,True,optimal,1.2345600000116974e-05,0.13826890000200365,0.13828124560200378,0.1857828000029258,2222.3545773784226,1.3435140766495504,2222.3545768598588,-2.3333984185254705e-08
Ablated PINN,5,411,True,optimal,1.2345600000116974e-05,0.15771540000059758,0.1577277456005977,0.2085518999992928,2207.183435496908,1.3222271021827277,2207.1834354727425,-1.0948466646437262e-09
Ablated PINN,5,412,True,optimal,1.2345600000116974e-05,0.14323859999785782,0.14325094559785795,0.120748099998309,2160.7392493565994,0.8429131095391147,2160.7392493861776,1.3688894646827806e-09
Ablated PINN,5,413,True,optimal,1.2345600000116974e-05,0.1341352999988885,0.13414764559888864,0.12858750000305,2137.8859251232807,0.9585520448680561,2137.8859250809887,-1.9782139862000958e-09
Ablated PINN,5,414,True,optimal,1.2345600000116974e-05,0.14507070000036038,0.1450830456003605,0.1461687000009988,2164.422742503913,1.007482986010845,2164.4227424079445,-4.433908164262104e-09
Ablated PINN,5,415,True,optimal,1.2345600000116974e-05,0.12228699999832315,0.12229934559832327,0.1160552000001189,2183.6447305417146,0.9489437529885689,2183.644729968906,-2.6231758095290335e-08
Ablated PINN,5,416,True,optimal,1.2345600000116974e-05,0.13908689999880153,0.13909924559880166,0.1706560999991779,2165.022676697812,1.2268657480098377,2165.0226754096866,-5.949709189827148e-08
Ablated PINN,5,417,True,optimal,1.2345600000116974e-05,0.1260044000009657,0.12601674560096582,0.160851000000548,2210.084839800277,1.2764255991016102,2210.084837451394,-1.0628023219376608e-07
Ablated PINN,5,418,True,optimal,1.2345600000116974e-05,0.11536309999792138,0.1153754455979215,0.1954523000022163,2183.472931097952,1.6940545623837435,2183.4729310289395,-3.160673850709343e-09
Ablated PINN,5,419,True,optimal,1.2345600000116974e-05,0.12051539999811212,0.12052774559811223,0.1770538999990094,2298.137789102097,1.468988730523327,2298.137789091188,-4.74685819629536e-10
Ablated PINN,5,420,True,optimal,1.2345600000116974e-05,0.16587839999920106,0.1658907455992012,0.1652902000023459,2167.561559471917,0.9963798728211987,2167.5615578722095,-7.38021716372399e-08
Ablated PINN,5,421,True,optimal,1.2345600000116974e-05,0.16266149999864865,0.16267384559864878,0.1562787999973807,2192.4891056494184,0.9606879300250513,2192.489103787481,-8.492345788881213e-08
Ablated PINN,5,422,True,optimal,1.2345600000116974e-05,0.16420779999680235,0.16422014559680248,0.1788482999982079,2110.181463539362,1.0890764914879618,2110.181463673535,6.3583513290205516e-09
Ablated PINN,5,423,True,optimal,1.2345600000116974e-05,0.12861110000085318,0.12862344560085331,0.1785305999983393,2184.4806474491047,1.388009776634027,2184.4806473655544,-3.8247203576092e-09
Ablated PINN,5,424,True,optimal,1.2345600000116974e-05,0.1493375999998534,0.14934994559985354,0.1587675000009767,2147.8010678037863,1.0630569657276956,2147.8010674354045,-1.7151576071372016e-08
Ablated PINN,5,425,True,optimal,1.2345600000116974e-05,0.15967730000193114,0.15968964560193127,0.1850125999990268,2206.613199891192,1.1585760573369903,2206.613199870922,-9.185981675181115e-10
Ablated PINN,5,426,True,optimal,1.2345600000116974e-05,0.1085551000032865,0.10856744560328661,0.1704420999994909,2138.9719123375457,1.5699190402093348,2138.9719120698333,-1.251594246781861e-08
Ablated PINN,5,427,True,optimal,1.2345600000116974e-05,0.14894550000099116,0.1489578456009913,0.1837349999987054,2209.529803481716,1.2334697729911495,2209.5297970567917,-2.9078242403526497e-07
Ablated PINN,5,428,True,optimal,1.2345600000116974e-05,0.12841309999930672,0.12842544559930685,0.1591241000023728,2192.2824505501385,1.2390387221146744,2192.2824503076226,-1.1062253984298046e-08
Ablated PINN,5,429,True,optimal,1.2345600000116974e-05,0.14650600000095437,0.1465183456009545,0.1789229999994859,2234.0549479820165,1.221164484663143,2234.0549481005814,5.307161878971364e-09
Ablated PINN,5,430,True,optimal,1.2345600000116974e-05,0.12394099999801256,0.12395334559801267,0.1666087000012339,2182.7978551841825,1.3441242686708499,2182.7978551403535,-2.0079277758906376e-09
Ablated PINN,5,431,True,optimal,1.2345600000116974e-05,0.12081919999764068,0.1208315455976408,0.1814020999991044,2192.955539329313,1.501280970146311,2192.9555392517827,-3.5354264694165116e-09
Ablated PINN,5,432,True,optimal,1.2345600000116974e-05,0.1324958000004699,0.13250814560047003,0.1483079999998153,2110.1541273223324,1.119236853913751,2110.1541317833767,2.114084544628015e-07
Ablated PINN,5,433,True,optimal,1.2345600000116974e-05,0.10725520000050892,0.10726754560050904,0.1869723999989219,2154.821625953693,1.743047246510641,2154.8216249811426,-4.513368589215636e-08
Ablated PINN,5,434,True,optimal,1.2345600000116974e-05,0.10698320000301464,0.10699554560301476,0.1717438999985461,2248.9722686070386,1.605149999755756,2248.9722686367127,1.319450846458181e-09
Ablated PINN,5,435,True,optimal,1.2345600000116974e-05,0.16388300000107847,0.1638953456010786,0.1613763000023027,2135.562419517048,0.9846301578026063,2135.5624194681313,-2.290577757898945e-09
Ablated PINN,5,436,True,optimal,1.2345600000116974e-05,0.16399619999720016,0.1640085455972003,0.1735336999990977,2120.722574417725,1.058077183522442,2120.722574421067,1.575848874331053e-10
Ablated PINN,5,437,True,optimal,1.2345600000116974e-05,0.1617325000006531,0.16174484560065322,0.1575269999993906,2181.472956994183,0.97392284381243,2181.4729569289984,-2.9880908934385367e-09
Ablated PINN,5,438,True,optimal,1.2345600000116974e-05,0.1728012999992643,0.17281364559926443,0.1948885999991034,2244.8638781162217,1.1277384915021602,2244.863879835067,7.656791190935638e-08
Ablated PINN,5,439,True,optimal,1.2345600000116974e-05,0.14384939999945345,0.14386174559945358,0.1831988000012643,2171.9382680719627,1.2734365153008411,2171.9382658205764,-1.0365793586215345e-07
Ablated PINN,5,440,True,optimal,1.2345600000116974e-05,0.1339246000025014,0.13393694560250152,0.1786931000024196,2154.6680283886826,1.334158392209014,2154.668028400505,5.486934169245313e-10
Ablated PINN,5,441,True,optimal,1.2345600000116974e-05,0.16016030000173487,0.160172645601735,0.1710525000016787,2195.5273350951056,1.0679257956879615,2195.527334731281,-1.6571176545479606e-08
Ablated PINN,5,442,True,optimal,1.2345600000116974e-05,0.12952799999766285,0.12954034559766298,0.1860339999984717,2259.8735075259665,1.436108566332464,2259.873507561013,1.5508155089833196e-09
Ablated PINN,5,443,True,optimal,1.2345600000116974e-05,0.15298689999690396,0.1529992455969041,0.1997216000017942,2174.3117033236044,1.3053763711226791,2174.311703589728,1.223944139656604e-08
Ablated PINN,5,444,True,optimal,1.2345600000116974e-05,0.10476790000029723,0.10478024560029735,0.1627028999973845,2210.518851685285,1.5528012848723727,2210.5188519291637,1.1032646491918616e-08
Ablated PINN,5,445,True,optimal,1.2345600000116974e-05,0.07016640000074403,0.07017874560074415,0.2036231000020052,2123.64674799817,2.9014924427467403,2123.646746761442,-5.823605871138923e-08
Ablated PINN,5,446,True,optimal,1.2345600000116974e-05,0.07518189999973401,0.07519424559973413,0.1699284000023908,2230.36479564666,2.2598590975556196,2230.364795616004,-1.3744784362246448e-09
Ablated PINN,5,447,True,optimal,1.2345600000116974e-05,0.10935319999771309,0.1093655455977132,0.1734460000006947,2210.1544048525216,1.5859290881123844,2210.1544048278174,-1.1177567405547673e-09
Ablated PINN,5,448,True,optimal,1.2345600000116974e-05,0.10949880000043777,0.10951114560043788,0.179119600001286,2260.76425873745,1.635628949174008,2260.7642587295873,-3.477842356379924e-10
Ablated PINN,5,449,True,optimal,1.2345600000116974e-05,0.09037180000086664,0.09038414560086676,0.1732862999997451,2183.5003051598856,1.9172200926141556,2183.5003049866386,-7.934366523659994e-09
Ablated PINN,5,450,True,optimal,1.2345600000116974e-05,0.10277610000048298,0.1027884456004831,0.1824215000015101,2179.3664867408806,1.7747276839903174,2179.366486666868,-3.3960722205818353e-09
Ablated PINN,5,451,True,optimal,1.2345600000116974e-05,0.10374969999975292,0.10376204559975304,0.2047748000004503,2128.8352728291547,1.9735038839764132,2128.835272540796,-1.3545384974418151e-08
Ablated PINN,5,452,True,optimal,1.2345600000116974e-05,0.11894480000046315,0.11895714560046326,0.1769419999982346,2218.975889484013,1.4874432225578345,2218.9758894626725,-9.61722197322403e-10
Ablated PINN,5,453,True,optimal,1.2345600000116974e-05,0.09096569999746862,0.09097804559746873,0.1835611999995308,2136.67793062613,2.0176428147478034,2136.6779306290855,1.3831766552411959e-10
Ablated PINN,5,454,True,optimal,1.2345600000116974e-05,0.07574690000183182,0.07575924560183193,0.1794731000009051,2180.715322383944,2.3689927028070255,2180.71532151912,-3.9657810954216115e-08
Ablated PINN,5,455,True,optimal,1.2345600000116974e-05,0.07181159999890951,0.07182394559890963,0.1848115000029793,2119.248972775559,2.5731181775369487,2119.248972638201,-6.481459143743894e-09
Ablated PINN,5,456,True,optimal,1.2345600000116974e-05,0.08046870000180206,0.08048104560180218,0.1498170999984722,2155.155951815585,1.8615202980801906,2155.155951245385,-2.645748081901981e-08
Ablated PINN,5,457,True,optimal,1.2345600000116974e-05,0.0891154999990249,0.08912784559902502,0.1687678999987838,2185.720389807243,1.893548518585868,2185.7203893123738,-2.264101379186329e-08
Ablated PINN,5,458,True,optimal,1.2345600000116974e-05,0.06470080000144662,0.06471314560144674,0.1445120999997016,2159.08903107746,2.2331181502088944,2159.0890307245,-1.634763004281278e-08
Ablated PINN,5,459,True,optimal,1.2345600000116974e-05,0.07053100000121049,0.0705433456012106,0.1666079999995418,2223.278272148316,2.3617819452651903,2223.278272122551,-1.1588776685893183e-09
Ablated PINN,5,460,True,optimal,1.2345600000116974e-05,0.06408340000052704,0.06409574560052715,0.1377937000033853,2126.525063848751,2.149810392442834,2126.5250644273046,2.7206530091878864e-08
Ablated PINN,5,461,True,optimal,1.2345600000116974e-05,0.07119130000137375,0.07120364560137386,0.203197499999078,2271.2281018472117,2.853751353359881,2271.2281019260254,3.4700886080128133e-09
Ablated PINN,5,462,True,optimal,1.2345600000116974e-05,0.06353870000020834,0.06355104560020845,0.1574200000031851,2242.721123420562,2.477063886462141,2242.72112342223,7.437452947816907e-11
Ablated PINN,5,463,True,optimal,1.2345600000116974e-05,0.06511940000200411,0.06513174560200423,0.1579239000020607,2201.387739689864,2.4246839777191704,2201.3877395142244,-7.978573692537141e-09
Ablated PINN,5,464,True,optimal,1.2345600000116974e-05,0.06743709999864222,0.06744944559864234,0.1535595000023022,2194.835931961373,2.2766606699194742,2194.835931275733,-3.1238775133326106e-08
Ablated PINN,5,465,True,optimal,1.2345600000116974e-05,0.07116550000137067,0.07117784560137079,0.1743497999996179,2159.174762268526,2.4494953243746416,2159.1747621969425,-3.3153221658275087e-09
Ablated PINN,5,466,True,optimal,1.2345600000116974e-05,0.07122499999968568,0.0712373455996858,0.1858401000026788,2254.2657547172157,2.6087454331467748,2254.2657548675825,6.6703208674250055e-09
Ablated PINN,5,467,True,optimal,1.2345600000116974e-05,0.07014250000065658,0.0701548456006567,0.1781869000005826,2181.9666272810764,2.5399086616892883,2181.966625411777,-8.567039678080646e-08
Ablated PINN,5,468,True,optimal,1.2345600000116974e-05,0.08777980000013486,0.08779214560013497,0.1500932000017201,2087.1013563087363,1.7096426904218338,2087.1013563791853,3.3754472267976863e-09
Ablated PINN,5,469,True,optimal,1.2345600000116974e-05,0.08607870000196272,0.08609104560196283,0.1666350000014063,2235.40349788644,1.9355671526146165,2235.40349747154,-1.856041267973872e-08
Ablated PINN,5,470,True,optimal,1.2345600000116974e-05,0.083855400000175,0.08386774560017511,0.1990038000003551,2094.414903593367,2.372828774354698,2094.414902324291,-6.059335057573067e-08
Ablated PINN,5,471,True,optimal,1.2345600000116974e-05,0.07841219999681925,0.07842454559681937,0.1612644999986514,2155.171056657264,2.0563013629395095,2155.1710563630486,-1.3651613564461938e-08
Ablated PINN,5,472,True,optimal,1.2345600000116974e-05,0.08675220000077388,0.086764545600774,0.1613777999991725,2164.4343397912007,1.8599509613259926,2164.4343397822363,-4.1416985321391874e-10
Ablated PINN,5,473,True,optimal,1.2345600000116974e-05,0.07048569999824394,0.07049804559824406,0.1380901999982597,2052.637038393842,1.9587805424452673,2052.6370386370736,1.1849714319374747e-08
Ablated PINN,5,474,True,optimal,1.2345600000116974e-05,0.08855150000090362,0.08856384560090373,0.1862413000017113,2274.4780000374203,2.1029043933003155,2274.4780000328465,-2.0109444255520633e-10
Ablated PINN,5,475,True,optimal,1.2345600000116974e-05,0.08964089999790303,0.08965324559790315,0.1686779000010574,2200.6172045858484,1.8814477811275414,2200.617204588488,1.1995763581211892e-10
Ablated PINN,5,476,True,optimal,1.2345600000116974e-05,0.08576520000133314,0.08577754560133326,0.1603213999987929,2032.290280439808,1.8690369242309144,2032.2902804474927,3.7813375168862664e-10
Ablated PINN,5,477,True,optimal,1.2345600000116974e-05,0.09209370000098716,0.09210604560098727,0.1251594999994267,2195.0179589594245,1.3588630277498865,2195.0179587666385,-8.782891542880638e-09
Ablated PINN,5,478,True,optimal,1.2345600000116974e-05,0.09507059999668854,0.09508294559668866,0.1461575000030279,2204.822692399768,1.5371578897332558,2204.8226912972927,-5.000290427532349e-08
Ablated PINN,5,479,True,optimal,1.2345600000116974e-05,0.07918740000241087,0.07919974560241098,0.116620699998748,2126.587299298268,1.472488315608906,2126.5873057347103,3.0266531570901935e-07
Ablated PINN,5,480,True,optimal,1.2345600000116974e-05,0.09133299999666633,0.09134534559666645,0.1334341000001586,2135.643612864021,1.4607651777829405,2135.6436118901083,-4.560277948020451e-08
Ablated PINN,5,481,True,optimal,1.2345600000116974e-05,0.08342719999927795,0.08343954559927806,0.1941578999976627,2168.009808483197,2.3269290191261853,2168.009807417161,-4.9171180691899765e-08
Ablated PINN,5,482,True,optimal,1.2345600000116974e-05,0.08289979999972275,0.08291214559972286,0.1747250000007625,2208.999043862063,2.107351085138804,2208.9990438107675,-2.322115137284605e-09
Ablated PINN,5,483,True,optimal,1.2345600000116974e-05,0.08274819999860483,0.08276054559860495,0.1954340000011143,2181.208935460057,2.3614392412174796,2181.208935457488,-1.1777266007833468e-10
Ablated PINN,5,484,True,optimal,1.2345600000116974e-05,0.08037120000153664,0.08038354560153675,0.1567410999996354,2053.6605644636165,1.949915232361172,2053.6605648177283,1.7242954763937728e-08
Ablated PINN,5,485,True,optimal,1.2345600000116974e-05,0.0826989000015601,0.08271124560156022,0.1837539999978616,2286.816645147236,2.2216326046284975,2286.8166451959337,2.129489903255598e-09
Ablated PINN,5,486,True,optimal,1.2345600000116974e-05,0.09530380000069272,0.09531614560069283,0.1678267999996023,2263.3134892876537,1.7607384241351698,2263.3134892726307,-6.637628218534375e-10
Ablated PINN,5,487,True,optimal,1.2345600000116974e-05,0.08487700000114273,0.08488934560114285,0.1940441000006103,2212.354477516583,2.285847518631336,2212.354477443066,-3.323008642068263e-09
Ablated PINN,5,488,True,optimal,1.2345600000116974e-05,0.08976720000282512,0.08977954560282524,0.1924752999984775,2219.5784225975053,2.1438658294169466,2219.5784225599177,-1.693456588521164e-09
Ablated PINN,5,489,True,optimal,1.2345600000116974e-05,0.11029710000002524,0.11030944560002535,0.1863731999983429,2161.023028549685,1.6895488775650238,2161.023027667367,-4.0828722273329795e-08
Ablated PINN,5,490,True,optimal,1.2345600000116974e-05,0.1758157999975083,0.17582814559750842,0.1771953999996185,2185.9925656277424,1.0077760838429126,2185.992564346045,-5.863227730846027e-08
Ablated PINN,5,491,True,optimal,1.2345600000116974e-05,0.14913000000160537,0.1491423456016055,0.1428784000017913,2110.86357186984,0.9580002206982404,2110.863571860653,-4.352370684866667e-10
Ablated PINN,5,492,True,optimal,1.2345600000116974e-05,0.18629540000256384,0.18630774560256397,0.166033100002096,2143.599423388134,0.8911765824072698,2143.5994233654274,-1.0592671595597622e-09
Ablated PINN,5,493,True,optimal,1.2345600000116974e-05,0.14281210000262945,0.14282444560262958,0.159541299999546,2247.7707763521057,1.1170447700768715,2247.7707764606575,4.829310523005118e-09
Ablated PINN,5,494,True,optimal,1.2345600000116974e-05,0.15584690000105184,0.15585924560105197,0.1706368999984988,2206.9709592114127,1.0948141019190656,2206.970959146154,-2.9569269281313963e-09
Ablated PINN,5,495,True,optimal,1.2345600000116974e-05,0.16426750000027823,0.16427984560027836,0.1827196000012918,2125.185473270581,1.1122459930104913,2125.1854702162127,-1.437224361618631e-07
Ablated PINN,5,496,True,optimal,1.2345600000116974e-05,0.17095870000048308,0.1709710456004832,0.1718775000008463,2102.3821887523045,1.0053018006480539,2102.3821888287816,3.637641916131234e-09
Ablated PINN,5,497,True,optimal,1.2345600000116974e-05,0.13170959999843035,0.13172194559843048,0.1302648999990197,2116.7842522919,0.9889384749610914,2116.7842604980633,3.876712197013036e-07
Ablated PINN,5,498,True,optimal,1.2345600000116974e-05,0.19426129999919794,0.19427364559919807,0.208923500002129,2225.6785431953995,1.0754083466017554,2225.6785431685075,-1.2082580130108669e-09
Ablated PINN,5,499,True,optimal,1.2345600000116974e-05,0.1679305999969074,0.16794294559690753,0.1905633999995188,2144.5475783365337,1.1346913043725237,2144.5475781900573,-6.830177000358379e-09
Ablated PINN,5,500,True,optimal,1.2345600000116974e-05,0.2369875000003958,0.23699984560039594,0.15810490000149,2215.532885820832,0.6671097173120937,2215.5328857497643,-3.207691553757099e-09
Ablated PINN,5,501,True,optimal,1.2345600000116974e-05,0.16134349999992992,0.16135584559993005,0.1664386000011291,2228.371373234856,1.0315002805278053,2228.3713730890345,-6.543862527740315e-09
Ablated PINN,5,502,True,optimal,1.2345600000116974e-05,0.1944586999998137,0.19447104559981382,0.128640599999926,2234.7304045953138,0.6614897328450892,2234.7304045504347,-2.0082519111343215e-09
Ablated PINN,5,503,True,optimal,1.2345600000116974e-05,0.19874039999922388,0.198752745599224,0.1857732999997097,2160.985498572136,0.9346955154738502,2160.985497479736,-5.055101011722778e-08
Ablated PINN,5,504,True,optimal,1.2345600000116974e-05,0.1818624000006821,0.18187474560068223,0.1972738000004028,2150.609055033745,1.0846684587728863,2150.6090546946352,-1.5768074919791697e-08
Ablated PINN,5,505,True,optimal,1.2345600000116974e-05,0.19249549999949522,0.19250784559949535,0.2053951999987475,2239.70532090254,1.0669445671635833,2239.7053208269535,-3.374831723152103e-09
Ablated PINN,5,506,True,optimal,1.2345600000116974e-05,0.17856699999902048,0.1785793455990206,0.1785152000011294,2205.5060222723287,0.9996408005770429,2205.5060222374955,-1.5793741653293558e-09
Ablated PINN,5,507,True,optimal,1.2345600000116974e-05,0.19347990000096615,0.19349224560096628,0.1844048000020848,2062.1130495714992,0.9530345747414485,2062.113048794214,-3.7693621846606435e-08
Ablated PINN,5,508,True,optimal,1.2345600000116974e-05,0.17487270000128774,0.17488504560128787,0.225116200002958,2095.2932231735585,1.2872238402601317,2095.293223228006,2.5985553939090472e-09
Ablated PINN,5,509,True,optimal,1.2345600000116974e-05,0.14528409999911673,0.14529644559911686,0.1696919000023626,2109.9558600376304,1.1679012470171122,2109.9558602454144,9.847792221494113e-09
Ablated PINN,5,510,True,optimal,1.2345600000116974e-05,0.10240309999790043,0.10241544559790054,0.2062023999969824,2188.181474928856,2.013391620699148,2188.181474376875,-2.5225557433420987e-08
Ablated PINN,5,511,True,optimal,1.2345600000116974e-05,0.12725660000069183,0.12726894560069196,0.1841409000007843,2168.283338603913,1.446864348028221,2168.28333859113,-5.895423262187234e-10
Ablated PINN,5,512,True,optimal,1.2345600000116974e-05,0.13185729999895557,0.1318696455989557,0.1948730999974941,2185.775845588756,1.4777707114656669,2185.775845595885,3.261576082577134e-10
Ablated PINN,5,513,True,optimal,1.2345600000116974e-05,0.16893740000159596,0.1689497456015961,0.2116956999998365,2239.0913794904154,1.2530098772627958,2239.09137965377,7.295584254804451e-09
Ablated PINN,5,514,True,optimal,1.2345600000116974e-05,0.18293890000131796,0.1829512456013181,0.1635018999986641,2238.4883450230823,0.8936911003872724,2238.488344945588,-3.461907931375226e-09
Ablated PINN,5,515,True,optimal,1.2345600000116974e-05,0.21101330000237795,0.21102564560237808,0.1587159000009705,2227.148149431635,0.7521166422588682,2227.148149430405,-5.52316910063573e-11
Ablated PINN,5,516,True,optimal,1.2345600000116974e-05,0.17502629999944475,0.17503864559944488,0.1804768000001786,2107.0622828312303,1.0310683071278917,2107.062282705023,-5.989732603631912e-09
Ablated PINN,5,517,True,optimal,1.2345600000116974e-05,0.1884408000005351,0.18845314560053522,0.1521785999975691,2170.7776773875285,0.8075142471760202,2170.7776768162876,-2.6315034248243432e-08
Ablated PINN,5,518,True,optimal,1.2345600000116974e-05,0.18692399999781628,0.1869363455978164,0.1835428999984287,2168.713871826128,0.9818470528642487,2168.7138718276606,7.066393554244987e-11
Ablated PINN,5,519,True,optimal,1.2345600000116974e-05,0.13824490000115475,0.13825724560115488,0.161152900000161,2154.9939499950024,1.1656018409700972,2154.993949756895,-1.104910442621467e-08
Ablated PINN,5,520,True,optimal,1.2345600000116974e-05,0.1561357999999018,0.15614814559990192,0.1398150999993959,2219.0477741393584,0.8954003229576856,2219.0477743432098,9.186436468243281e-09
Ablated PINN,5,521,True,optimal,1.2345600000116974e-05,0.20318570000017644,0.20319804560017657,0.1394892999996955,2183.678255515077,0.6864696930902681,2183.678255466548,-2.2223637077479577e-09
Ablated PINN,5,522,True,optimal,1.2345600000116974e-05,0.1544886999981827,0.15450104559818284,0.1971363000011479,2216.718268789507,1.2759544716211715,2216.7182685496523,-1.0820259597835156e-08
Ablated PINN,5,523,True,optimal,1.2345600000116974e-05,0.1756452999979956,0.17565764559799574,0.1848064000005251,2219.422771846843,1.052082870468769,2219.4227718466627,-8.113819198186847e-12
Ablated PINN,5,524,True,optimal,1.2345600000116974e-05,0.1742329000007885,0.17424524560078863,0.1557698000033269,2152.909609072655,0.893968724749078,2152.909615591052,3.027715217630924e-07
Ablated PINN,5,525,True,optimal,1.2345600000116974e-05,0.13693549999879906,0.1369478455987992,0.2068163000003551,2229.4545173467577,1.5101829393230597,2229.45451728722,-2.670509600064208e-09
Ablated PINN,5,526,True,optimal,1.2345600000116974e-05,0.12172989999817219,0.1217422455981723,0.1982573999994201,2115.290480401064,1.6285012571050892,2115.290480134344,-1.2609154047758098e-08
Ablated PINN,5,527,True,optimal,1.2345600000116974e-05,0.11679280000316794,0.11680514560316806,0.1780744999996386,2268.181556168367,1.52454328172002,2268.1815562732277,4.623115204472496e-09
Ablated PINN,5,528,True,optimal,1.2345600000116974e-05,0.13924950000000536,0.13926184560000548,0.1950312000008125,2211.8826734236586,1.4004639904097669,2211.8826733970127,-1.20467153820363e-09
Ablated PINN,5,529,True,optimal,1.2345600000116974e-05,0.13801470000180416,0.1380270456018043,0.173392500000773,2192.773069247439,1.2562211937868677,2192.7730690252242,-1.0133951837692411e-08
Ablated PINN,5,530,True,optimal,1.2345600000116974e-05,0.1317360999964876,0.13174844559648774,0.1609853999980259,2267.5659160432533,1.2219149855557583,2267.56591651051,2.060608415873438e-08
Ablated PINN,5,531,True,optimal,1.2345600000116974e-05,0.13481080000201473,0.13482314560201486,0.1357917000023007,2186.7010960664984,1.007183888166687,2186.7010959195636,-6.719472590528657e-09
Ablated PINN,5,532,True,optimal,1.2345600000116974e-05,0.16788439999800175,0.16789674559800188,0.1930357000019285,2128.186405964066,1.1497286580176918,2128.1864054873026,-2.2402336928578777e-08
Ablated PINN,5,533,True,optimal,1.2345600000116974e-05,0.14402780000091298,0.1440401456009131,0.1395507000015641,2170.7533313885287,0.9688319837457833,2170.7533313014187,-4.012894373311325e-09
Ablated PINN,5,534,True,optimal,1.2345600000116974e-05,0.17046679999839398,0.1704791455983941,0.1570429999992484,2200.119136245156,0.9211859869898815,2200.1191361806714,-2.9309566711830943e-09
Ablated PINN,5,535,True,optimal,1.2345600000116974e-05,0.18527420000100392,0.18528654560100405,0.1822710999986156,2075.490185828783,0.9837255015327345,2075.490185879661,2.4513747865091833e-09
Ablated PINN,5,536,True,optimal,1.2345600000116974e-05,0.17566139999689767,0.1756737455968978,0.1251176000005216,2135.324230351599,0.7122157017566946,2135.3242300499173,-1.41281432593101e-08
Ablated PINN,5,537,True,optimal,1.2345600000116974e-05,0.15518410000004224,0.15519644560004237,0.1633997999997518,2227.3126109095265,1.0528578755009013,2227.312610849061,-2.7147281084143608e-09
Ablated PINN,5,538,True,optimal,1.2345600000116974e-05,0.16713350000281935,0.16714584560281948,0.185410199999751,2209.0793631289366,1.1092719614481608,2209.079362732555,-1.7943286443699974e-08
Ablated PINN,5,539,True,optimal,1.2345600000116974e-05,0.15083969999977853,0.15085204559977866,0.1370349000026181,2277.595306783959,0.9084059779088548,2277.595306773412,-4.630741588593461e-10
Ablated PINN,5,540,True,optimal,1.2345600000116974e-05,0.10372629999983474,0.10373864559983485,0.1725866999986465,2263.642184676107,1.6636683369126353,2263.6421846099856,-2.9210082212288603e-09
Ablated PINN,5,541,True,optimal,1.2345600000116974e-05,0.11691459999929066,0.11692694559929077,0.2192446000008203,2061.1091102720484,1.8750562488151588,2061.1091102384376,-1.6307157774356309e-09
Ablated PINN,5,542,True,optimal,1.2345600000116974e-05,0.11924240000007558,0.11925474560007569,0.1478786999978183,2111.3638354169184,1.2400236087353194,2111.3638354305826,6.471763970864016e-10
Ablated PINN,5,543,True,optimal,1.2345600000116974e-05,0.135798800001794,0.13581114560179414,0.1067839999996067,2212.072125144018,0.7862683105015795,2212.07212561734,2.1397220994770085e-08
Ablated PINN,5,544,True,optimal,1.2345600000116974e-05,0.12258060000021942,0.12259294560021954,0.0949197999980242,2140.190620277965,0.7742680423681265,2140.1906200145,-1.231035923610714e-08
Ablated PINN,5,545,True,optimal,1.2345600000116974e-05,0.13342199999897275,0.13343434559897288,0.0857566000013321,2200.6618662996466,0.6426876050268742,2200.6618646517613,-7.488134733653963e-08
Ablated PINN,5,546,True,optimal,1.2345600000116974e-05,0.13787310000043362,0.13788544560043375,0.0894052000003284,2216.544733685447,0.6484020094434618,2216.544733646519,-1.7562556547441746e-09
Ablated PINN,5,547,True,optimal,1.2345600000116974e-05,0.1439371000014944,0.14394944560149453,0.0908162000014272,2208.053753945172,0.6308895433528806,2208.053753941804,-1.5252612734847305e-10
Ablated PINN,5,548,True,optimal,1.2345600000116974e-05,0.1122125000001688,0.11222484560016892,0.1061957000019901,2220.8426764803626,0.946276196096012,2220.842675797565,-3.074498241676115e-08
Ablated PINN,5,549,True,optimal,1.2345600000116974e-05,0.1447614999997313,0.14477384559973144,0.096353299999464,2162.123785274977,0.6655435558841212,2162.123785152536,-5.662984009521387e-09
Ablated PINN,5,550,True,optimal,1.2345600000116974e-05,0.16383530000166502,0.16384764560166515,0.0937330000015208,2142.747993904557,0.572074134219773,2142.7479941036704,9.29243204935007e-09
Ablated PINN,5,551,True,optimal,1.2345600000116974e-05,0.16189270000177203,0.16190504560177216,0.0955342999986896,2159.302784894489,0.5900637601725485,2159.3027841972644,-3.2289336862442713e-08
Ablated PINN,5,552,True,optimal,1.2345600000116974e-05,0.1836059999986901,0.18361834559869022,0.0953525000004447,2260.3214574923254,0.5192972395516718,2260.3214574762656,-7.105120995366605e-10
Ablated PINN,5,553,True,optimal,1.2345600000116974e-05,0.1541819999984,0.15419434559840012,0.1021557999993092,2174.590464464566,0.6625132692308604,2174.590469215973,2.1849662522680953e-07
Ablated PINN,5,554,True,optimal,1.2345600000116974e-05,0.16144419999909587,0.161456545599096,0.0998246999988623,2207.425761709772,0.6182759554805018,2207.425761649923,-2.7112505951937633e-09
Ablated PINN,5,555,True,optimal,1.2345600000116974e-05,0.16797070000029635,0.16798304560029648,0.0698370999998587,2218.0561687167738,0.41573897978984753,2218.056168518404,-8.94341145194973e-09
Ablated PINN,5,556,True,optimal,1.2345600000116974e-05,0.1498788000026252,0.14989114560262534,0.1180387999993399,2182.357712001526,0.7874968166049726,2182.357710862398,-5.2197126554380306e-08
Ablated PINN,5,557,True,optimal,1.2345600000116974e-05,0.1010046000010334,0.10101694560103351,0.0988580000012007,2285.5102190187017,0.9786278867670423,2285.51021902601,3.1976425286928735e-10
Ablated PINN,5,558,True,optimal,1.2345600000116974e-05,0.06942749999871012,0.06943984559871023,0.1008622000008472,2167.216844563321,1.4525118702556647,2167.216844568439,2.3614280683147115e-10
Ablated PINN,5,559,True,optimal,1.2345600000116974e-05,0.07579859999896144,0.07581094559896155,0.101941999997507,2174.36804697582,1.3446870922409835,2174.36804675434,-1.0185954952924602e-08
Ablated PINN,5,560,True,optimal,1.2345600000116974e-05,0.09675790000255802,0.09677024560255813,0.0934461000033479,2137.2957759539263,0.9656490941144995,2137.2957758989182,-2.5737223257309266e-09
Ablated PINN,5,561,True,optimal,1.2345600000116974e-05,0.09760739999910584,0.09761974559910595,0.102568300000712,2170.5660320386637,1.0506921460534042,2170.566031704639,-1.538882748654305e-08
Ablated PINN,5,562,True,optimal,1.2345600000116974e-05,0.08302569999796106,0.08303804559796117,0.0993453999981284,2212.307944664741,1.1963841307046323,2212.307944660442,-1.943301548795975e-10
Ablated PINN,5,563,True,optimal,1.2345600000116974e-05,0.07526959999813698,0.0752819455981371,0.0853888999990886,2071.973421216104,1.1342546917544278,2071.973423939647,1.314468249188676e-07
Ablated PINN,5,564,True,optimal,1.2345600000116974e-05,0.09164109999983339,0.0916534455998335,0.0922797999992326,2179.6777383108465,1.0068339427426853,2179.677738224302,-3.970510459785843e-09
Ablated PINN,5,565,True,optimal,1.2345600000116974e-05,0.10527089999959571,0.10528324559959583,0.1027715999989595,2200.711868220565,0.9761439193260778,2200.711868193542,-1.2279166104978213e-09
Ablated PINN,5,566,True,optimal,1.2345600000116974e-05,0.09014790000219364,0.09016024560219375,0.1099680000006628,2201.05256115928,1.219694991580492,2201.052561574581,1.8868300046855e-08
Ablated PINN,5,567,True,optimal,1.2345600000116974e-05,0.07301549999829149,0.0730278455982916,0.1160980999993626,2188.883161991926,1.5897785159648552,2188.883161080739,-4.1627953800134753e-08
Ablated PINN,5,568,True,optimal,1.2345600000116974e-05,0.062048899999354035,0.06206124559935415,0.1286785999982385,2200.689859193108,2.0734131059654017,2200.6898591058707,-3.9640918590860665e-09
Ablated PINN,5,569,True,optimal,1.2345600000116974e-05,0.06860840000081225,0.06862074560081237,0.0923110000003362,2221.972222219237,1.345234581642951,2221.972222120716,-4.433944429384122e-09
Ablated PINN,5,570,True,optimal,1.2345600000116974e-05,0.06372369999735383,0.06373604559735395,0.0853204999984882,2186.966511266396,1.3386538056893562,2186.9665111724125,-4.297438667590055e-09
Ablated PINN,5,571,True,optimal,1.2345600000116974e-05,0.059481600001163315,0.05949394560116343,0.097397000001365,2141.1903807316767,1.637090951309512,2141.1903807042677,-1.280081739887781e-09
Ablated PINN,5,572,True,optimal,1.2345600000116974e-05,0.04961120000007213,0.04962354560007225,0.1207890000005136,2211.026761572185,2.4341066028207736,2211.026761406211,-7.506654634784885e-09
Ablated PINN,5,573,True,optimal,1.2345600000116974e-05,0.06354130000181613,0.06355364560181624,0.1201727999978174,2229.6978687586407,1.890887593620327,2229.697868760497,8.325247614610714e-11
Ablated PINN,5,574,True,optimal,1.2345600000116974e-05,0.06426620000274852,0.06427854560274864,0.1233026999980211,2170.676763864259,1.9182559101453676,2170.676763345024,-2.392042340709109e-08
Ablated PINN,5,575,True,optimal,1.2345600000116974e-05,0.06781369999953313,0.06782604559953324,0.1093321000007563,2194.114861276719,1.6119486111027044,2194.1148609886714,-1.3128183775800452e-08
Ablated PINN,5,576,True,optimal,1.2345600000116974e-05,0.08076979999896139,0.0807821455989615,0.1137926000010338,2082.110488284622,1.4086355240668016,2082.1104883944477,5.274723823888929e-09
Ablated PINN,5,577,True,optimal,1.2345600000116974e-05,0.07797839999693679,0.0779907455969369,0.1353416999991168,2194.578646110108,1.7353558933591264,2194.578646100702,-4.286013728606972e-10
Ablated PINN,5,578,True,optimal,1.2345600000116974e-05,0.06400399999984074,0.06401634559984086,0.1185464000009233,2205.762114605342,1.8518145465838336,2205.762114354369,-1.1378073922977886e-08
Ablated PINN,5,579,True,optimal,1.2345600000116974e-05,0.06522160000167787,0.06523394560167799,0.103309199999785,2242.554332549244,1.5836724123755535,2242.554332598302,2.1876011431065065e-09
Ablated PINN,5,580,True,optimal,1.2345600000116974e-05,0.06889850000152364,0.06891084560152376,0.1116365999987465,2165.30112750936,1.6200149486524076,2165.3011336408085,2.8316840064782936e-07
Ablated PINN,5,581,True,optimal,1.2345600000116974e-05,0.0666985999996541,0.06671094559965422,0.1104821000008087,2167.331404682976,1.65613152396061,2167.3314046025207,-3.7121810437963177e-09
Ablated PINN,5,582,True,optimal,1.2345600000116974e-05,0.07223230000090552,0.07224464560090564,0.1236622000033094,2114.215242064586,1.7117143973055797,2114.2152422194213,7.323526168637783e-09
Ablated PINN,5,583,True,optimal,1.2345600000116974e-05,0.07374739999795565,0.07375974559795577,0.1227229999967676,2125.3347546461755,1.6638208144818878,2125.334754669487,1.0968490209615817e-09
Ablated PINN,5,584,True,optimal,1.2345600000116974e-05,0.06338939999841386,0.06340174559841398,0.1262203000005684,2144.751710540295,1.9908016539488755,2144.751709475052,-4.966742470619531e-08
Ablated PINN,5,585,True,optimal,1.2345600000116974e-05,0.08597889999873587,0.08599124559873599,0.1177199000012478,2139.915154880837,1.3689754018748415,2139.91515313629,-8.152411106016668e-08
Ablated PINN,5,586,True,optimal,1.2345600000116974e-05,0.07428140000047279,0.0742937456004729,0.1051735000000917,2205.827125905075,1.4156440646522233,2205.8271259030666,-9.103906094593219e-11
Ablated PINN,5,587,True,optimal,1.2345600000116974e-05,0.06529050000244752,0.06530284560244763,0.0923498000011022,2222.332069057373,1.4141772712832719,2222.332069041876,-6.973251405260106e-10
Ablated PINN,5,588,True,optimal,1.2345600000116974e-05,0.06451169999854756,0.06452404559854767,0.0897266000029048,2163.022218268948,1.3905916650230066,2163.022216213339,-9.503411406344231e-08
Ablated PINN,5,589,True,optimal,1.2345600000116974e-05,0.06324549999771989,0.06325784559772,0.1249128999988897,2148.688547764192,1.974662570604395,2148.6885476097227,-7.189012563246935e-09
Ablated PINN,5,590,True,optimal,1.2345600000116974e-05,0.06249730000126874,0.06250964560126886,0.103250799998932,2198.220392382221,1.651757884815718,2198.2203923617717,-9.302560810338842e-10
Ablated PINN,5,591,True,optimal,1.2345600000116974e-05,0.0637137999983679,0.06372614559836802,0.1372334000006958,2212.829963415354,2.153486590348723,2212.8299633461215,-3.1286884592570798e-09
Ablated PINN,5,592,True,optimal,1.2345600000116974e-05,0.07027060000109486,0.07028294560109498,0.1004586999988532,2219.3200689157115,1.4293467517572014,2219.320068790397,-5.646536938901637e-09
Ablated PINN,5,593,True,optimal,1.2345600000116974e-05,0.06247740000253543,0.06248974560253555,0.0962385000020731,2193.549359870409,1.5400686796549894,2193.5493598217677,-2.2174627926194694e-09
Ablated PINN,5,594,True,optimal,1.2345600000116974e-05,0.06594159999804106,0.06595394559804117,0.1092939000009209,2179.055956786505,1.6571245133235353,2179.0559554091337,-6.320953159266596e-08
Ablated PINN,5,595,True,optimal,1.2345600000116974e-05,0.06637860000046203,0.06639094560046215,0.1111529000008886,2226.5560559836435,1.6742177565868992,2226.5560561860257,9.089469125948266e-09
Ablated PINN,5,596,True,optimal,1.2345600000116974e-05,0.06331110000246554,0.06332344560246565,0.0954019999990123,2119.7892345239147,1.5065825791908203,2119.789234747823,1.0562750401570655e-08
Ablated PINN,5,597,True,optimal,1.2345600000116974e-05,0.05924520000189659,0.05925754560189671,0.1121457999979611,2192.758484262404,1.8925151026567584,2192.758484274734,5.623063260468075e-10
Ablated PINN,5,598,True,optimal,1.2345600000116974e-05,0.06061509999926784,0.06062744559926796,0.1123325000007753,2157.86194648099,1.852832473650047,2157.861944670866,-8.38850746171343e-08
Ablated PINN,5,599,True,optimal,1.2345600000116974e-05,0.06792259999929229,0.0679349455992924,0.1204207999981008,2189.6792015737747,1.7725899231360402,2189.67920150733,-3.034439913952632e-09
Ablated PINN,5,600,True,optimal,1.2345600000116974e-05,0.07101160000092932,0.07102394560092944,0.1161562000015692,2219.330023975723,1.6354512413915956,2219.3300241487154,7.79479648683452e-09
Ablated PINN,5,601,True,optimal,1.2345600000116974e-05,0.061676299999817275,0.06168864559981739,0.1058228999972925,2159.020300864705,1.7154356197699654,2159.0203001317836,-3.3946939144158724e-08
Ablated PINN,5,602,True,optimal,1.2345600000116974e-05,0.07165119999990566,0.07166354559990577,0.0952967999983229,2236.106142973,1.329780702316356,2236.1061429619403,-4.945854474893031e-10
Ablated PINN,5,603,True,optimal,1.2345600000116974e-05,0.1801728999998886,0.18018524559988874,0.0998766000011528,2144.1394977367727,0.5542995469392332,2144.1394977320883,-2.184723739488962e-10
Ablated PINN,5,604,True,optimal,1.2345600000116974e-05,0.18599400000312016,0.1860063456031203,0.1116714000017964,2146.403274202287,0.6003633888924867,2146.4032737069506,-2.307750302054858e-08
Ablated PINN,5,605,True,optimal,1.2345600000116974e-05,0.1609242999984417,0.16093664559844184,0.1013592999988759,2232.3054420137773,0.629808702809556,2232.305442001077,-5.689268043937684e-10
Ablated PINN,5,606,True,optimal,1.2345600000116974e-05,0.1584234000001743,0.15843574560017443,0.1049061000012443,2118.766390138243,0.6621365627046275,2118.766390439924,1.4238531108085024e-08
Ablated PINN,5,607,True,optimal,1.2345600000116974e-05,0.17534570000134408,0.17535804560134421,0.1286032000025443,2142.823008414849,0.733374961847536,2142.823006348315,-9.643978267779216e-08
Ablated PINN,5,608,True,optimal,1.2345600000116974e-05,0.11348480000015115,0.11349714560015127,0.1190274000000499,2122.315985100524,1.0487259337726573,2122.315984567445,-2.5117793488864517e-08
Ablated PINN,5,609,True,optimal,1.2345600000116974e-05,0.12881759999800124,0.12882994559800137,0.1265557000006083,2189.831787457177,0.982346917971311,2189.831787226347,-1.0541001887882862e-08
Ablated PINN,5,610,True,optimal,1.2345600000116974e-05,0.10706669999854057,0.10707904559854069,0.1114930000003369,2195.257101131361,1.0412214581958916,2195.2571008899063,-1.0998936162830026e-08
Ablated PINN,5,611,True,optimal,1.2345600000116974e-05,0.13943120000112685,0.13944354560112698,0.1192601000002469,2204.885343771604,0.8552572260417555,2204.8853435863903,-8.400146262407316e-09
Ablated PINN,5,612,True,optimal,1.2345600000116974e-05,0.19690010000340408,0.1969124456034042,0.1316415000001143,2204.717517065051,0.6685280841275504,2204.7175168078547,-1.1665733114149724e-08
Ablated PINN,5,613,True,optimal,1.2345600000116974e-05,0.173653199999535,0.17366554559953512,0.1171033999999053,2161.4947106731497,0.6743041608837047,2161.4947100503673,-2.881258074236149e-08
Ablated PINN,5,614,True,optimal,1.2345600000116974e-05,0.15658689999690978,0.1565992455969099,0.1641037000008509,2180.209930913208,1.0479213956321196,2180.209930271521,-2.9432356789460524e-08
Ablated PINN,5,615,True,optimal,1.2345600000116974e-05,0.19391600000017206,0.1939283456001722,0.1246342999984335,2141.301320617485,0.6426822216871573,2141.3013204572994,-7.48076238977269e-09
Ablated PINN,5,616,True,optimal,1.2345600000116974e-05,0.1759749999982887,0.17598734559828882,0.1006606000009924,2262.496724536963,0.5719763523836634,2262.4967245291336,-3.4605067292703355e-10
Ablated PINN,5,617,True,optimal,1.2345600000116974e-05,0.1530715999979293,0.15308394559792943,0.1069905000003927,2158.006871491612,0.6989008519639295,2158.0068701133287,-6.386834559335976e-08
Ablated PINN,5,618,True,optimal,1.2345600000116974e-05,0.16634139999951003,0.16635374559951016,0.1058778999977221,2163.588798699971,0.636462374899684,2163.5887984781593,-1.025202481764645e-08
Ablated PINN,5,619,True,optimal,1.2345600000116974e-05,0.12351950000083889,0.123531845600839,0.1062416999993729,2180.4353000383635,0.8600349123145564,2180.4352983633207,-7.682148457108918e-08
Ablated PINN,5,620,True,optimal,1.2345600000116974e-05,0.13609080000242102,0.13610314560242115,0.1320154000022739,2202.8473656540828,0.9699658256827642,2202.847365390542,-1.196363605862825e-08
Ablated PINN,5,621,True,optimal,1.2345600000116974e-05,0.14370149999740534,0.14371384559740547,0.1153688999984297,2204.1024320121955,0.802768164186628,2204.102431970158,-1.9072504979847467e-09
Ablated PINN,5,622,True,optimal,1.2345600000116974e-05,0.18310120000023744,0.18311354560023757,0.1095088000001851,2133.686583691826,0.5980376800701468,2133.6865815398533,-1.008570195225577e-07
Ablated PINN,5,623,True,optimal,1.2345600000116974e-05,0.1945068999993964,0.19451924559939654,0.1420283000006748,2183.0068868535345,0.7301503743911055,2183.006886806512,-2.1540332902403185e-09
Ablated PINN,5,624,True,optimal,1.2345600000116974e-05,0.192782599999191,0.19279494559919114,0.1152020000008633,2120.0099596930995,0.5975364117706757,2120.0099622397415,1.2012405869789977e-07
Ablated PINN,5,625,True,optimal,1.2345600000116974e-05,0.16645509999943897,0.1664674455994391,0.1084355999992112,2218.156836577463,0.6513922263223372,2218.1568357698834,-3.640768049667875e-08
Ablated PINN,5,626,True,optimal,1.2345600000116974e-05,0.1476505000027828,0.14766284560278292,0.1087654000002658,2164.591121375274,0.7365793308145211,2164.591120687186,-3.178834836407814e-08
Ablated PINN,5,627,True,optimal,1.2345600000116974e-05,0.14720279999892227,0.1472151455989224,0.0932749999992665,2068.2673698575004,0.6335964932126471,2068.267369862531,2.432188056930305e-10
Ablated PINN,5,628,True,optimal,1.2345600000116974e-05,0.15545960000235937,0.1554719456023595,0.1130072000014479,2098.3823497994363,0.7268655419703763,2098.3823464718303,-1.585795843986578e-07
Ablated PINN,5,629,True,optimal,1.2345600000116974e-05,0.16022850000081235,0.16024084560081248,0.1105009999992034,2172.8828727837745,0.6895932156678729,2172.8828707580187,-9.322894360343657e-08
Ablated PINN,5,630,True,optimal,1.2345600000116974e-05,0.1550911999984237,0.15510354559842382,0.0942606000025989,2174.25639514468,0.6077269197098017,2174.2563945388238,-2.7864986804691634e-08
Ablated PINN,5,631,True,optimal,1.2345600000116974e-05,0.18362899999920046,0.1836413455992006,0.1218747000020812,2128.1482380531047,0.6636561042635474,2128.1482370346444,-4.78566452414687e-08
Ablated PINN,5,632,True,optimal,1.2345600000116974e-05,0.17067329999918002,0.17068564559918015,0.0930888999973831,2136.4424945639207,0.5453821243760771,2136.4424953947414,3.888804326348355e-08
Ablated PINN,5,633,True,optimal,1.2345600000116974e-05,0.17422919999808073,0.17424154559808086,0.0920519999999669,2107.709452170081,0.528301098822328,2107.709452004414,-7.860058142334304e-09
Ablated PINN,5,634,True,optimal,1.2345600000116974e-05,0.12828110000191373,0.12829344560191386,0.1095159000033163,2047.9459968290416,0.8536359709531612,2047.9459944303012,-1.1712908633539223e-07
Ablated PINN,5,635,True,optimal,1.2345600000116974e-05,0.15147319999960018,0.1514855455996003,0.1004419999990204,2160.855060266584,0.6630467586954079,2160.8550602348087,-1.4705045112684025e-09
Ablated PINN,5,636,True,optimal,1.2345600000116974e-05,0.15614199999981793,0.15615434559981806,0.1182555000013962,2162.859964405213,0.7572988093744987,2162.8599623729183,-9.396329830135793e-08
Ablated PINN,5,637,True,optimal,1.2345600000116974e-05,0.14713949999713805,0.14715184559713818,0.0945245000002614,2072.841717570554,0.6423602749709564,2072.841711291595,-3.029155101273261e-07
Ablated PINN,5,638,True,optimal,1.2345600000116974e-05,0.1587087000007159,0.15872104560071604,0.0888355999995837,2178.017926171404,0.5596964136883366,2178.01792569719,-2.1772718903624934e-08
Ablated PINN,5,639,True,optimal,1.2345600000116974e-05,0.15483410000160802,0.15484644560160815,0.1015274999990651,2204.0542578229224,0.655665679664853,2204.0542578292216,2.8579878567514766e-10
Ablated PINN,5,640,True,optimal,1.2345600000116974e-05,0.13865029999942635,0.13866264559942648,0.1188681000021461,2190.4473095838243,0.857246733525743,2190.4473093731294,-9.618807351946773e-09
Ablated PINN,5,641,True,optimal,1.2345600000116974e-05,0.1432639000013296,0.14327624560132973,0.1115506999994977,2273.8091708838424,0.7785707919084558,2273.8091708832812,-2.467921398943832e-11
Ablated PINN,5,642,True,optimal,1.2345600000116974e-05,0.14751350000005914,0.14752584560005927,0.1104951000015717,2072.257797995907,0.7489880810520656,2072.257797977599,-8.834870045799779e-10
Ablated PINN,5,643,True,optimal,1.2345600000116974e-05,0.13919320000059088,0.139205545600591,0.1168818000005558,2213.731965941241,0.8396346531761991,2213.7319660194585,3.5332847449721347e-09
Ablated PINN,5,644,True,optimal,1.2345600000116974e-05,0.144497199999023,0.14450954559902313,0.1434605000031297,2226.952816015813,0.9927406484357494,2226.95281655411,2.41719163647655e-08
Ablated PINN,5,645,True,optimal,1.2345600000116974e-05,0.16329249999762396,0.1633048455976241,0.1014982000015152,2210.436130649556,0.6215259542977817,2210.4361306545925,2.2784313200615398e-10
Ablated PINN,5,646,True,optimal,1.2345600000116974e-05,0.23856449999948381,0.23857684559948394,0.1163393999995605,2175.616502172721,0.48763910725380194,2175.6165019622854,-9.67246298484169e-09
Ablated PINN,5,647,True,optimal,1.2345600000116974e-05,0.14737560000139638,0.1473879456013965,0.1226314999985334,2194.288158495127,0.8320320871435735,2194.288158752222,1.171655836573392e-08
Ablated PINN,5,648,True,optimal,1.2345600000116974e-05,0.17017680000208202,0.17018914560208215,0.1012484000020776,2231.8968320477143,0.594916906386061,2231.8968320194795,-1.2650588442873894e-09
Ablated PINN,5,649,True,optimal,1.2345600000116974e-05,0.19474709999849438,0.1947594455984945,0.1083577999997942,2131.67927704834,0.5563673672761359,2131.6792765499868,-2.337842656391626e-08
Ablated PINN,5,650,True,optimal,1.2345600000116974e-05,0.21316600000136532,0.21317834560136545,0.0897040999989258,2195.696037076173,0.4207936774529093,2195.696036935072,-6.426266631956008e-09
Ablated PINN,5,651,True,optimal,1.2345600000116974e-05,0.12477820000276552,0.12479054560276563,0.0925821000018913,2185.101248473243,0.7418999536759736,2185.1012482781357,-8.928971931959982e-09
Ablated PINN,5,652,True,optimal,1.2345600000116974e-05,0.18922529999690596,0.1892376455969061,0.1113416999978653,2061.7568306611,0.5883697170648252,2061.7568306762632,7.354453950370195e-10
Ablated PINN,5,653,True,optimal,1.2345600000116974e-05,0.18895569999949657,0.1889680455994967,0.0967079000001831,2191.620676942746,0.5117685357510026,2191.6206769412643,-6.760142778242299e-11
Ablated PINN,5,654,True,optimal,1.2345600000116974e-05,0.13862599999993108,0.1386383455999312,0.1112295999992056,2167.111898213451,0.8023003990554024,2167.111898177523,-1.657864055554978e-09
Ablated PINN,5,655,True,optimal,1.2345600000116974e-05,0.1510974000011629,0.15110974560116303,0.1006243000010727,2245.899956653403,0.6659021203480753,2245.8999561654286,-2.172734249039356e-08
Ablated PINN,5,656,True,optimal,1.2345600000116974e-05,0.1783971000004385,0.17840944560043864,0.0930773000000044,2167.948435738087,0.5217061220427646,2167.9484356994067,-1.7841916478000947e-09
Ablated PINN,5,657,True,optimal,1.2345600000116974e-05,0.16116020000117715,0.16117254560117728,0.1055230999991181,2177.151763261153,0.6547213088030256,2177.1517632164832,-2.0517555565656334e-09
Ablated PINN,5,658,True,optimal,1.2345600000116974e-05,0.10256210000079591,0.10257444560079602,0.1014568999999028,2142.7066744994554,0.989105029090359,2142.7066728888576,-7.516650837892075e-08
Ablated PINN,5,659,True,optimal,1.2345600000116974e-05,0.0680584000001545,0.06807074560015462,0.0976937999985239,2249.161512946493,1.4351804014660592,2249.1615129476454,5.123375002254512e-11
Ablated PINN,5,660,True,optimal,1.2345600000116974e-05,0.07146659999853,0.07147894559853012,0.0929490999988047,2237.285776289896,1.3003703289198503,2237.2857762993076,4.206637915319573e-10
Ablated PINN,5,661,True,optimal,1.2345600000116974e-05,0.09066309999980149,0.0906754455998016,0.1039409000004525,2202.5939653309374,1.1462959935063162,2202.5939664583516,5.1185747238794325e-08
Ablated PINN,5,662,True,optimal,1.2345600000116974e-05,0.10871799999949872,0.10873034559949883,0.0958350999972026,2254.4500890244285,0.8814015946404233,2254.4500888323496,-8.51998966340606e-09
Ablated PINN,5,663,True,optimal,1.2345600000116974e-05,0.09514119999948889,0.095153545599489,0.0971105999997234,2055.626592294665,1.0205673302860603,2055.6265922755915,-9.278663843776967e-10
Ablated PINN,5,664,True,optimal,1.2345600000116974e-05,0.09637519999887445,0.09638754559887457,0.125094099999842,2393.316285385306,1.2978243114565065,2393.316285521855,5.70544150897505e-09
Ablated PINN,5,665,True,optimal,1.2345600000116974e-05,0.08321409999916796,0.08322644559916807,0.1274516000012227,2139.467907163163,1.5313834332785285,2139.467907076735,-4.039692157945393e-09
Ablated PINN,5,666,True,optimal,1.2345600000116974e-05,0.08097540000017034,0.08098774560017045,0.1087732999985746,2209.1460832434605,1.343083440494554,2209.1460835120433,1.215776912254852e-08
Ablated PINN,5,667,True,optimal,1.2345600000116974e-05,0.10392109999884269,0.10393344559884281,0.1244183999988308,2185.8306339413634,1.1970968467557095,2185.8306340270774,3.921345167167984e-09
Ablated PINN,5,668,True,optimal,1.2345600000116974e-05,0.0977430999992066,0.09775544559920672,0.1113383999982033,2233.823589176101,1.1389483144978556,2233.823589163432,-5.671354940350786e-10
Ablated PINN,5,669,True,optimal,1.2345600000116974e-05,0.08221079999930225,0.08222314559930237,0.1069250000000465,2158.5994799556447,1.300424585081232,2158.5994798404963,-5.334403013463675e-09
Ablated PINN,5,670,True,optimal,1.2345600000116974e-05,0.0772307000006549,0.07724304560065502,0.1001768999994965,2130.705886305839,1.296905102854295,2130.705885849612,-2.1412016632536883e-08
Ablated PINN,5,671,True,optimal,1.2345600000116974e-05,0.08544569999867235,0.08545804559867247,0.107704800000647,2163.659344053905,1.2603236973900573,2163.659342691594,-6.296329406712687e-08
Ablated PINN,5,672,True,optimal,1.2345600000116974e-05,0.06614179999814951,0.06615414559814962,0.0971184000009088,2209.0057928235133,1.46806219206352,2209.005793251733,1.938517615316704e-08
Ablated PINN,5,673,True,optimal,1.2345600000116974e-05,0.0612481000025582,0.06126044560255832,0.1151122999981453,2127.194332621426,1.8790640333399413,2127.1943325137763,-5.0606383366293784e-09
Ablated PINN,5,674,True,optimal,1.2345600000116974e-05,0.06036189999940689,0.060374245599407,0.0921143999985361,2184.785675711488,1.5257234120941272,2184.7856756862266,-1.156233108930313e-09
Ablated PINN,5,675,True,optimal,1.2345600000116974e-05,0.06820339999831049,0.0682157455983106,0.1287230999987514,2177.6365423732987,1.886999824889978,2177.6365400579684,-1.0632307898166453e-07
Ablated PINN,5,676,True,optimal,1.2345600000116974e-05,0.06328799999755574,0.06330034559755586,0.0969169999989389,2215.739597568961,1.5310658904630219,2215.7395975354534,-1.5122536889931333e-09
Ablated PINN,5,677,True,optimal,1.2345600000116974e-05,0.06649400000242167,0.06650634560242179,0.0933471999996982,2122.353808579658,1.403583359665142,2122.3538073843906,-5.631801266746656e-08
Ablated PINN,5,678,True,optimal,1.2345600000116974e-05,0.0671994000003906,0.06721174560039071,0.1005844999999681,2190.2970826922037,1.496531582411146,2190.297082006125,-3.13235450088427e-08
Ablated PINN,5,679,True,optimal,1.2345600000116974e-05,0.06582630000048084,0.06583864560048096,0.1300998000006075,2168.639816365135,1.9760400417419448,2168.639816265213,-4.607592713349394e-09
Ablated PINN,5,680,True,optimal,1.2345600000116974e-05,0.06689360000018496,0.06690594560018508,0.1011779999971622,2149.5158028594237,1.5122422841428658,2149.515801920209,-4.369424563618976e-08
Ablated PINN,5,681,True,optimal,1.2345600000116974e-05,0.07390989999839803,0.07392224559839815,0.1024683000032382,2185.449968209164,1.3861632472574483,2185.449966329904,-8.598962595928146e-08
Ablated PINN,5,682,True,optimal,1.2345600000116974e-05,0.06383909999931348,0.06385144559931359,0.1079938000002584,2223.4604917115844,1.6913289744127475,2223.46049200458,1.3177456413448978e-08
Ablated PINN,5,683,True,optimal,1.2345600000116974e-05,0.07097019999855547,0.07098254559855559,0.1132006000007095,2138.5740821843297,1.594766699984524,2138.5740765569585,-2.6313660044986493e-07
Ablated PINN,5,684,True,optimal,1.2345600000116974e-05,0.06748309999966295,0.06749544559966307,0.0927545999984431,2061.1510609350016,1.3742349454006142,2061.151060913128,-1.0612420767969903e-09
Ablated PINN,5,685,True,optimal,1.2345600000116974e-05,0.06404249999832246,0.06405484559832257,0.1054205000000365,2174.62580015718,1.6457849365700006,2174.62579828442,-8.6118728768019e-08
Ablated PINN,5,686,True,optimal,1.2345600000116974e-05,0.0728756999997131,0.07288804559971322,0.1106030000009923,2173.1821103278085,1.517436763339796,2173.1821062590816,-1.8722438617541383e-07
Ablated PINN,5,687,True,optimal,1.2345600000116974e-05,0.06682640000144602,0.06683874560144613,0.1161972000008972,2147.5127339133096,1.7384706872533398,2147.5127333204023,-2.7609024963046918e-08
Ablated PINN,5,688,True,optimal,1.2345600000116974e-05,0.06844509999791626,0.06845744559791637,0.1312399000016739,2126.8270680029523,1.91710191426816,2126.827067704515,-1.4032052873665817e-08
Ablated PINN,5,689,True,optimal,1.2345600000116974e-05,0.06493849999969825,0.06495084559969837,0.1128758999984711,2187.528679575168,1.737866519770072,2187.528679560098,-6.888994234330769e-10
Ablated PINN,5,690,True,optimal,1.2345600000116974e-05,0.07566240000232938,0.0756747456023295,0.094044000001304,2244.953675435381,1.2427395593175148,2244.953675340444,-4.2288932724392875e-09
Ablated PINN,5,691,True,optimal,1.2345600000116974e-05,0.07093840000015916,0.07095074560015928,0.1115934999979799,2100.5271219706883,1.5728305467973742,2100.5271217626523,-9.903990142196274e-09
Ablated PINN,5,692,True,optimal,1.2345600000116974e-05,0.07275740000113728,0.0727697456011374,0.1365667000027315,2212.383646993115,1.8766961307144785,2212.3836468849154,-4.890625619364189e-09
Ablated PINN,5,693,True,optimal,1.2345600000116974e-05,0.07495200000266777,0.07496434560266789,0.098798800001532,2251.2355322340327,1.317943873280685,2251.235532292366,2.5911625126325476e-09
Ablated PINN,5,694,True,optimal,1.2345600000116974e-05,0.07360460000199964,0.07361694560199976,0.0961877000008826,2145.1265246579646,1.3065972679837687,2145.1265243722232,-1.3320492014790237e-08
Ablated PINN,5,695,True,optimal,1.2345600000116974e-05,0.07317820000025677,0.07319054560025688,0.0978136999983689,2155.31340862008,1.3364253428659452,2155.3134084371463,-8.487558693144952e-09
Ablated PINN,5,696,True,optimal,1.2345600000116974e-05,0.07459300000118674,0.07460534560118685,0.1110398999990138,2205.137667137029,1.4883638579009186,2205.137667618499,2.183401659629976e-08
Ablated PINN,5,697,True,optimal,1.2345600000116974e-05,0.09773370000038994,0.09774604560039006,0.1003676000000268,2143.6366273394115,1.026820055824604,2143.636627312359,-1.2619893134808582e-09
Ablated PINN,5,698,True,optimal,1.2345600000116974e-05,0.15163230000325711,0.15164464560325724,0.1058760999985679,2053.370345991096,0.6981855480447886,2053.370345987618,-1.6939771696428536e-10
Ablated PINN,5,699,True,optimal,1.2345600000116974e-05,0.19358700000157114,0.19359934560157127,0.1021807999968587,2166.450459641476,0.5277951724441644,2166.4504594038776,-1.0967165846011695e-08
Ablated PINN,5,700,True,optimal,1.2345600000116974e-05,0.1802108000010776,0.18022314560107772,0.0996520000007876,2180.640773315581,0.5529367477658301,2180.640773143128,-7.908360262372051e-09
Ablated PINN,5,701,True,optimal,1.2345600000116974e-05,0.12438450000263401,0.12439684560263413,0.1660667000032845,2223.5399270839503,1.334975169175576,2223.5399270680623,-7.1453463694297e-10
Ablated PINN,5,702,True,optimal,1.2345600000116974e-05,0.23928719999821624,0.23929954559821637,0.1133463000005576,2198.8148438848766,0.4736586511988865,2198.8148436688984,-9.822480604859702e-09
Ablated PINN,5,703,True,optimal,1.2345600000116974e-05,0.14669359999970766,0.1467059455997078,0.1123265999995055,2165.7660453958315,0.7656581302164296,2165.7660451161514,-1.2913679230441966e-08
Ablated PINN,5,704,True,optimal,1.2345600000116974e-05,0.12668380000104662,0.12669614560104675,0.1128763000015169,2205.6927825309817,0.8909213414980505,2205.692782538539,3.4263367429212656e-10
Ablated PINN,5,705,True,optimal,1.2345600000116974e-05,0.16040960000100313,0.16042194560100326,0.0924095000009401,2162.269089103981,0.5760402646579184,2162.2690890944195,-4.4219832988968894e-10
Ablated PINN,5,706,True,optimal,1.2345600000116974e-05,0.14606360000107088,0.146075945601071,0.0912553000016487,2139.8525375662093,0.6247113419403367,2139.8525365336213,-4.825510030808286e-08
Ablated PINN,5,707,True,optimal,1.2345600000116974e-05,0.1600609999986773,0.16007334559867742,0.1108521999994991,2190.892496755412,0.6925087970449403,2190.8924966869017,-3.1270551611551545e-09
Ablated PINN,5,708,True,optimal,1.2345600000116974e-05,0.15876910000224598,0.1587814456022461,0.0883727999971597,2212.666470722974,0.55656880854037,2212.6664696542657,-4.829955756648667e-08
Ablated PINN,5,709,True,optimal,1.2345600000116974e-05,0.14471029999913299,0.14472264559913312,0.1135267999998177,2141.5624494968506,0.7844439239611145,2141.5624495237753,1.257244735385213e-09
Ablated PINN,5,710,True,optimal,1.2345600000116974e-05,0.12979550000090967,0.1298078456009098,0.1301991000000271,2155.439402566203,1.0030141044041374,2155.4394024877906,-3.6378912052618234e-09
Ablated PINN,5,711,True,optimal,1.2345600000116974e-05,0.10980259999996633,0.10981494559996645,0.1575611000007484,2127.008836000788,1.434787397470573,2127.008839803851,1.7879864648566563e-07
Ablated PINN,5,712,True,optimal,1.2345600000116974e-05,0.20612579999942682,0.20613814559942695,0.1465223999985028,2120.081630732464,0.7107971189535632,2120.081636784735,2.854734958663731e-07
Ablated PINN,5,713,True,optimal,1.2345600000116974e-05,0.15326790000108304,0.15328024560108316,0.1314487999989069,2201.385218268302,0.8575716947962537,2201.385218533812,1.2061028464256396e-08
Ablated PINN,5,714,True,optimal,1.2345600000116974e-05,0.15362420000019483,0.15363654560019496,0.1315121000006911,2217.380614324773,0.8559949033410461,2217.3806143207707,-1.8049366037100098e-10
Ablated PINN,5,715,True,optimal,1.2345600000116974e-05,0.19523380000100587,0.195246145601006,0.1079632000000856,2199.244140743131,0.5529594434131012,2199.2441407402616,-1.3047463585029678e-10
Ablated PINN,5,716,True,optimal,1.2345600000116974e-05,0.1862178999981552,0.18623024559815532,0.111854000002495,2186.67298615557,0.6006220935983287,2186.6729842234936,-8.835689843630768e-08
Ablated PINN,5,717,True,optimal,1.2345600000116974e-05,0.15607559999989462,0.15608794559989475,0.136706299999787,2134.62196980022,0.875828684107424,2134.6219694635024,-1.5774112734134178e-08
Ablated PINN,5,718,True,optimal,1.2345600000116974e-05,0.12892920000012964,0.12894154560012977,0.1300302999989071,2116.9858223987403,1.0084437827521764,2116.9858220655487,-1.5738960624099593e-08
Ablated PINN,5,719,True,optimal,1.2345600000116974e-05,0.1304309999977704,0.13044334559777054,0.1093187000005855,2152.0812906310784,0.8380550153756092,2152.081290509586,-5.645352549110985e-09
Ablated PINN,5,720,True,optimal,1.2345600000116974e-05,0.1578330999982427,0.15784544559824282,0.1557367999994312,2215.1665515270925,0.9866410741797477,2215.1665516965445,7.649630249998823e-09
Ablated PINN,5,721,True,optimal,1.2345600000116974e-05,0.15992959999857703,0.15994194559857716,0.1452413999977579,2098.17640001431,0.9080882407313292,2098.1763999245177,-4.279532367663385e-09
Ablated PINN,5,722,True,optimal,1.2345600000116974e-05,0.12950499999715248,0.1295173455971526,0.095336699996551,2138.132401553344,0.7360921392960276,2138.1324011389875,-1.9379374770229384e-08
Ablated PINN,5,723,True,optimal,1.2345600000116974e-05,0.13181810000241967,0.1318304456024198,0.0969640000002982,2160.89672581727,0.7355205359217749,2160.8967257566956,-2.803216838228194e-09
Ablated PINN,5,724,True,optimal,1.2345600000116974e-05,0.12904970000090543,0.12906204560090556,0.1349957999991602,2123.1656433548533,1.045975982874186,2123.1656433577186,1.3495711306857798e-10
Ablated PINN,5,725,True,optimal,1.2345600000116974e-05,0.18154340000182856,0.1815557456018287,0.1549517999992531,2125.6512387542584,0.8534667932739463,2125.6512413811574,1.2358090340532334e-07
Ablated PINN,5,726,True,optimal,1.2345600000116974e-05,0.1403862000006484,0.14039854560064852,0.1330903000016405,2135.4531155211166,0.9479464294466717,2135.453115524774,1.712766680099778e-10
Ablated PINN,5,727,True,optimal,1.2345600000116974e-05,0.1292892000019492,0.12930154560194934,0.1024930999992648,2179.4726442594533,0.7926672455624507,2179.472644245157,-6.559544234163264e-10
Ablated PINN,5,728,True,optimal,1.2345600000116974e-05,0.1595835000007355,0.15959584560073564,0.1484806000007665,2155.7194918607565,0.9303537911144855,2155.719497847168,2.776989990807496e-07
Ablated PINN,5,729,True,optimal,1.2345600000116974e-05,0.19699190000028466,0.1970042456002848,0.1037150999982259,2214.9108237805967,0.5264612429148378,2214.910823766809,-6.225054088337143e-10
Ablated PINN,5,730,True,optimal,1.2345600000116974e-05,0.16736459999810904,0.16737694559810917,0.1153385999969032,2215.212917716952,0.6890949024356324,2215.212917516139,-9.065168885870241e-09
Ablated PINN,5,731,True,optimal,1.2345600000116974e-05,0.20419939999919734,0.20421174559919747,0.1370184000006702,2215.789356672032,0.6709623856288541,2215.7893564791507,-8.70486822427651e-09
Ablated PINN,5,732,True,optimal,1.2345600000116974e-05,0.1834554000015487,0.18346774560154883,0.1387686999987636,2221.171052251004,0.7563656464179724,2221.1710522373473,-6.14834129079409e-10
Ablated PINN,5,733,True,optimal,1.2345600000116974e-05,0.20214839999971446,0.2021607455997146,0.1293422000017017,2249.3664094584024,0.6397987879298973,2249.366409372564,-3.8161219239220294e-09
Ablated PINN,5,734,True,optimal,1.2345600000116974e-05,0.13485960000252817,0.1348719456025283,0.1108213999978033,2319.944938638373,0.8216786634367781,2319.944938700322,2.6702731749129143e-09
Ablated PINN,5,735,True,optimal,1.2345600000116974e-05,0.17967900000076042,0.17969134560076055,0.125463899999886,2207.2240297997,0.6982189352549151,2207.2240302541927,2.0591144633887107e-08
Ablated PINN,5,736,True,optimal,1.2345600000116974e-05,0.19669689999864204,0.19670924559864217,0.1520268999993277,2225.892545030186,0.7728508110366984,2225.8925466306728,7.190315377070518e-08
Ablated PINN,5,737,True,optimal,1.2345600000116974e-05,0.1594827000008081,0.15949504560080824,0.1736464999994496,2238.1216473494846,1.0887266080606683,2238.1216472617507,-3.919981372016769e-09
Ablated PINN,5,738,True,optimal,1.2345600000116974e-05,0.2001832000023569,0.20019554560235703,0.1422646999999415,2169.042258277396,0.7106286984152885,2169.042255643366,-1.2143746334384912e-07
Ablated PINN,5,739,True,optimal,1.2345600000116974e-05,0.15674329999819747,0.1567556455981976,0.1108657000004313,2182.589460706401,0.7072517202002838,2182.5894615704656,3.9588962903037746e-08
Ablated PINN,5,740,True,optimal,1.2345600000116974e-05,0.1583466000010958,0.15835894560109592,0.1077010000008158,2139.6773823950925,0.680106826879949,2139.677381491433,-4.223344094775742e-08
Ablated PINN,5,741,True,optimal,1.2345600000116974e-05,0.13654699999824516,0.13655934559824529,0.1242430999991484,2099.704070668296,0.9098103059505643,2099.7040745653726,1.8560122931928788e-07
Ablated PINN,5,742,True,optimal,1.2345600000116974e-05,0.15507160000197473,0.15508394560197486,0.1270535000003292,2306.5334268129404,0.819256303462989,2306.5334267214994,-3.964436456919249e-09
Ablated PINN,5,743,True,optimal,1.2345600000116974e-05,0.10888909999994212,0.10890144559994223,0.1173746999993454,2203.569741771308,1.077806629220794,2203.56974174447,-1.2179455292866643e-09
Ablated PINN,5,744,True,optimal,1.2345600000116974e-05,0.07986420000088401,0.07987654560088413,0.1755483000015374,2152.8814630618504,2.1977452665353407,2152.8814700924677,3.265677858387523e-07
Ablated PINN,5,745,True,optimal,1.2345600000116974e-05,0.06820139999763342,0.06821374559763353,0.1463349000005109,2324.199348846464,2.1452406508166812,2324.1993488581807,5.041118999282424e-10
Ablated PINN,5,746,True,optimal,1.2345600000116974e-05,0.10292140000092331,0.10293374560092343,0.1306363999974564,2258.829466518266,1.269130927227081,2258.8294664664454,-2.2941410645816883e-09
Ablated PINN,5,747,True,optimal,1.2345600000116974e-05,0.098373900000297,0.09838624560029711,0.1099880999972811,2246.487308272045,1.1179215074850761,2246.4873082463223,-1.145022444960008e-09
Ablated PINN,5,748,True,optimal,1.2345600000116974e-05,0.09407160000046133,0.09408394560046145,0.1005313999994541,2194.622533845843,1.0685287416237041,2194.6225336708603,-7.973247572023915e-09
Ablated PINN,5,749,True,optimal,1.2345600000116974e-05,0.08778249999886611,0.08779484559886623,0.0938669999995909,2166.189916711525,1.0691629942430594,2166.1899167234537,5.506872881470588e-10
Ablated PINN,5,750,True,optimal,1.2345600000116974e-05,0.10366119999889634,0.10367354559889645,0.1060683999967295,2143.85742504082,1.023099956541455,2143.8574250283123,-5.834261989644223e-10
Ablated PINN,5,751,True,optimal,1.2345600000116974e-05,0.10916070000166656,0.10917304560166667,0.1196380000001227,2326.460095981221,1.095856576509177,2326.4600960013654,8.658819544924269e-10
Ablated PINN,5,752,True,optimal,1.2345600000116974e-05,0.10818239999935031,0.10819474559935043,0.1505317999981343,2166.951330498295,1.3913041632868173,2166.95133004115,-2.10962390910075e-08
Ablated PINN,5,753,True,optimal,1.2345600000116974e-05,0.07542309999917052,0.07543544559917063,0.1160373000020627,2200.084267658183,1.5382331088574952,2200.0842675407866,-5.335987061429968e-09
Ablated PINN,5,754,True,optimal,1.2345600000116974e-05,0.06229700000039884,0.062309345600398955,0.1045751000019663,2192.6507197651194,1.6783212693746656,2192.650719234172,-2.4214871100946773e-08
Ablated PINN,5,755,True,optimal,1.2345600000116974e-05,0.06764900000052876,0.06766134560052887,0.1203139999997802,2159.319912990352,1.7781792385583264,2159.319912739492,-1.1617547282609909e-08
Ablated PINN,5,756,True,optimal,1.2345600000116974e-05,0.07241770000109682,0.07243004560109693,0.1313281000002462,2107.6418835362306,1.8131715769381935,2107.6418828791266,-3.11772135222935e-08
Ablated PINN,5,757,True,optimal,1.2345600000116974e-05,0.0659680999997363,0.06598044559973641,0.1477945000006002,2224.350010324529,2.239974262938149,2224.350010291867,-1.4683942871317684e-09
Ablated PINN,5,758,True,optimal,1.2345600000116974e-05,0.08360509999693022,0.08361744559693034,0.1560762000008253,2107.9142072633003,1.8665506807416155,2107.9142072930294,1.4103566436320868e-09
Ablated PINN,5,759,True,optimal,1.2345600000116974e-05,0.08789419999811798,0.0879065455981181,0.1519188999991456,2260.6564050966595,1.7281864389674968,2260.6564050773827,-8.52705442570473e-10
Ablated PINN,5,760,True,optimal,1.2345600000116974e-05,0.09451489999992191,0.09452724559992202,0.179667899999913,2156.1852399890167,1.9006996222056556,2156.185239688549,-1.3935163828356848e-08
Ablated PINN,5,761,True,optimal,1.2345600000116974e-05,0.09671379999781493,0.09672614559781505,0.1701767000013205,2309.662922175484,1.7593660840049503,2309.6629221751546,-1.4254767606161762e-11
Ablated PINN,5,762,True,optimal,1.2345600000116974e-05,0.09010689999922761,0.09011924559922772,0.1039946000018972,2164.240757740613,1.1539666062494023,2164.240756873244,-4.0077275278823904e-08
Ablated PINN,5,763,True,optimal,1.2345600000116974e-05,0.09047540000028675,0.09048774560028687,0.1006861999994725,2166.1213946676053,1.1127053650362275,2166.121394609849,-2.666337026919025e-09
Ablated PINN,5,764,True,optimal,1.2345600000116974e-05,0.11462050000045565,0.11463284560045577,0.1399548999979742,2135.021424948894,1.2208970235788839,2135.021424946562,-1.0922346671071967e-10
Ablated PINN,5,765,True,optimal,1.2345600000116974e-05,0.11447819999739295,0.11449054559739306,0.2011033999988285,2105.1326890611285,1.7565066089038501,2105.1326890361406,-1.1869993902856886e-09
Ablated PINN,5,766,True,optimal,1.2345600000116974e-05,0.11341689999972004,0.11342924559972016,0.1493995999990147,2167.9715890243724,1.3171171086355464,2167.9715889520285,-3.336941195603036e-09
Ablated PINN,5,767,True,optimal,1.2345600000116974e-05,0.10552119999920251,0.10553354559920262,0.1374014000030001,2239.493200441943,1.3019689542586377,2239.493200424466,-7.803930900892977e-10
Ablated PINN,5,768,True,optimal,1.2345600000116974e-05,0.10460990000137826,0.10462224560137838,0.1389769999987038,2137.14418627282,1.3283694992384374,2137.1441855313433,-3.4694754292516305e-08
Ablated PINN,5,769,True,optimal,1.2345600000116974e-05,0.10235820000161766,0.10237054560161778,0.1324855999991996,2089.640778431818,1.2941769453371548,2089.640778392124,-1.8995603059568085e-09
Ablated PINN,5,770,True,optimal,1.2345600000116974e-05,0.11214680000193766,0.11215914560193778,0.1254450999986147,2145.6448634353037,1.118456273230093,2145.6448622527478,-5.511424347138603e-08
Ablated PINN,5,771,True,optimal,1.2345600000116974e-05,0.10239559999899939,0.1024079455989995,0.1297511000011582,2079.996500898453,1.2670022745034524,2079.996500910566,5.823399430229718e-10
Ablated PINN,5,772,True,optimal,1.2345600000116974e-05,0.10629229999904055,0.10630464559904067,0.0922629000015149,2130.9116201759307,0.8679103296154304,2130.9116200567673,-5.59213056703419e-09
Ablated PINN,5,773,True,optimal,1.2345600000116974e-05,0.09701209999911953,0.09702444559911964,0.135609499997372,2174.3304894610515,1.397683843076785,2174.330489220717,-1.105326126160419e-08
Ablated PINN,5,774,True,optimal,1.2345600000116974e-05,0.08928369999921415,0.08929604559921427,0.1089367999993555,2181.74933669246,1.2199509985951054,2181.749336694047,7.274292366692139e-11
Ablated PINN,5,775,True,optimal,1.2345600000116974e-05,0.11617470000055619,0.1161870456005563,0.0909789000033924,2176.846969917512,0.7830382426296654,2176.8469699113875,-2.8134900644719997e-10
Ablated PINN,5,776,True,optimal,1.2345600000116974e-05,0.09881599999789614,0.09882834559789626,0.119744300001912,2198.3032603092447,1.2116392243285814,2198.3032602642006,-2.049038918361991e-09
Ablated PINN,5,777,True,optimal,1.2345600000116974e-05,0.09743990000060876,0.09745224560060887,0.1565726999979233,2188.410745349634,1.6066607704414464,2188.410745279815,-3.1904056365729295e-09
Ablated PINN,5,778,True,optimal,1.2345600000116974e-05,0.08413310000105412,0.08414544560105423,0.1156338000000687,2209.33536755024,1.3742134131454402,2209.335367446234,-4.707556982800576e-09
Ablated PINN,5,779,True,optimal,1.2345600000116974e-05,0.09063220000098227,0.09064454560098238,0.1134657000002334,2227.8749834185915,1.2517653351113902,2227.8749834013483,-7.739711689052693e-10
Ablated PINN,5,780,True,optimal,1.2345600000116974e-05,0.08351160000165692,0.08352394560165703,0.1481304000008094,2187.4504670359534,1.773508171025276,2187.450466659437,-1.721256139477079e-08
Ablated PINN,5,781,True,optimal,1.2345600000116974e-05,0.07587860000057844,0.07589094560057856,0.1159706999969785,2122.1638380872832,1.5281230070230458,2122.163836491525,-7.519485503815359e-08
Ablated PINN,5,782,True,optimal,1.2345600000116974e-05,0.07256740000229911,0.07257974560229923,0.0902100999992399,2209.525733442365,1.2429101156339981,2209.5257334375256,-2.1902534262835217e-10
Ablated PINN,5,783,True,optimal,1.2345600000116974e-05,0.12275180000142427,0.12276414560142439,0.0988352999993367,2140.019045698295,0.8050827830482612,2140.019045642512,-2.606656616008697e-09
Ablated PINN,5,784,True,optimal,1.2345600000116974e-05,0.13559920000261627,0.1356115456026164,0.0642023000000335,2164.033360072612,0.47342797926782737,2164.033359364382,-3.272733029665857e-08
Ablated PINN,5,785,True,optimal,1.2345600000116974e-05,0.19410659999994095,0.19411894559994108,0.073649199999636,2288.1181335471138,0.3794024316998884,2288.118134683176,4.9650500710899875e-08
Ablated PINN,5,786,True,optimal,1.2345600000116974e-05,0.2175982999979169,0.21761064559791704,0.1064272000003256,2089.9251652700104,0.48907166148926823,2089.925165293744,1.1356253029782118e-09
Ablated PINN,5,787,True,optimal,1.2345600000116974e-05,0.126494799998909,0.12650714559890913,0.0810764999987441,2211.5127043931125,0.6408847469833611,2211.512704367441,-1.160807143510734e-09
Ablated PINN,5,788,True,optimal,1.2345600000116974e-05,0.163404899998568,0.16341724559856813,0.0771961999998893,2161.68342159744,0.47238710772007836,2161.6834212906847,-1.4190573857572036e-08
Ablated PINN,5,789,True,optimal,1.2345600000116974e-05,0.15032810000047903,0.15034044560047916,0.0880562999991525,2205.707294852995,0.5857126447074456,2205.707295601544,3.393692158755032e-08
Ablated PINN,5,790,True,optimal,1.2345600000116974e-05,0.14017930000045453,0.14019164560045466,0.0693079000011493,2199.2707245260253,0.4943796736552789,2199.270724365464,-7.3006603218843944e-09
Ablated PINN,5,791,True,optimal,1.2345600000116974e-05,0.13261559999955352,0.13262794559955365,0.0695395000002463,2147.9208417799714,0.5243201173469758,2147.920841779771,-9.33663745144077e-12
Ablated PINN,5,792,True,optimal,1.2345600000116974e-05,0.17264050000085263,0.17265284560085276,0.0621151000013924,2151.7091099163554,0.35976875901016486,2151.7091084654307,-6.743126297865235e-08
Ablated PINN,5,793,True,optimal,1.2345600000116974e-05,0.18704409999918425,0.18705644559918438,0.0612724000020534,2238.3985991718487,0.32756101937992005,2238.3985992863686,5.116154688034988e-09
Ablated PINN,5,794,True,optimal,1.2345600000116974e-05,0.1667985000021872,0.16681084560218734,0.0666798999991442,2245.360295322794,0.3997336010043573,2245.3602952957763,-1.2032770159202172e-09
Ablated PINN,5,795,True,optimal,1.2345600000116974e-05,0.1975888999986637,0.19760124559866382,0.0624257999988913,2253.102796372987,0.31591804904752796,2253.1027964632367,4.005570191895421e-09
Ablated PINN,5,796,True,optimal,1.2345600000116974e-05,0.19810189999770955,0.19811424559770968,0.0615045000013196,2240.701502252212,0.3104496590629353,2240.7015022361907,-7.150083981725148e-10
Ablated PINN,5,797,True,optimal,1.2345600000116974e-05,0.17633179999756976,0.1763441455975699,0.0611744000016187,2190.840324583168,0.3469034925674432,2190.8403243888133,-8.871229368682724e-09
Ablated PINN,5,798,True,optimal,1.2345600000116974e-05,0.18995189999986906,0.18996424559986919,0.0584616000014648,2197.170995127462,0.30775054440826344,2197.170995126903,-2.543654979420673e-11
Ablated PINN,5,799,True,optimal,1.2345600000116974e-05,0.16861900000003516,0.1686313456000353,0.0567969000003358,2153.593563661499,0.3368110465953841,2153.5935703855216,3.122233778191718e-07
Ablated PINN,5,800,True,optimal,1.2345600000116974e-05,0.15717030000087107,0.1571826456008712,0.0922023999992234,2265.5833581349607,0.5865940202670337,2265.583358129972,-2.2018957816370674e-10
Ablated PINN,5,801,True,optimal,1.2345600000116974e-05,0.18844739999985904,0.18845974559985917,0.1170894999995653,2142.9249185060357,0.6212971349763554,2142.9249182930967,-9.936843012672921e-09
Ablated PINN,5,802,True,optimal,1.2345600000116974e-05,0.19032620000143652,0.19033854560143665,0.1244087000013678,2185.6565966284143,0.6536180026397596,2185.6565965317313,-4.423518540214052e-09
Ablated PINN,5,803,True,optimal,1.2345600000116974e-05,0.1370247000013478,0.13703704560134794,0.1063532000007398,2157.8500099467183,0.7760908704214919,2157.850009432836,-2.3814548707260606e-08
Ablated PINN,5,804,True,optimal,1.2345600000116974e-05,0.16992949999985285,0.16994184559985298,0.0933168000010482,2083.3465180258863,0.5491101951474212,2083.346518307148,1.3500475741171646e-08
Ablated PINN,5,805,True,optimal,1.2345600000116974e-05,0.15869129999919096,0.1587036455991911,0.107426899998245,2245.1237808884016,0.6769025348639663,2245.1237808863075,-9.327376818410972e-11
Ablated PINN,5,806,True,optimal,1.2345600000116974e-05,0.18327750000025844,0.18328984560025857,0.0998983000026783,2170.365447072126,0.5450291022697952,2170.365452600581,2.547246322571915e-07
Ablated PINN,5,807,True,optimal,1.2345600000116974e-05,0.18659899999693152,0.18661134559693165,0.0859085000010964,2205.7428930638634,0.46036054092152123,2205.7428930317765,-1.4547014150855472e-09
Ablated PINN,5,808,True,optimal,1.2345600000116974e-05,0.1739238000009209,0.17393614560092102,0.0814357999988715,2232.9801599287457,0.4681936564566502,2232.980159912972,-7.064022172369916e-10
Ablated PINN,5,809,True,optimal,1.2345600000116974e-05,0.1524353999993764,0.15244774559937652,0.1005719999993743,2178.422329786948,0.659714576978209,2178.4223291781204,-2.794809658682966e-08
Ablated PINN,5,810,True,optimal,1.2345600000116974e-05,0.19984980000299402,0.19986214560299415,0.0863230000031762,2213.4155283627456,0.4319127053436526,2213.415528537084,7.87643841225351e-09
Ablated PINN,5,811,True,optimal,1.2345600000116974e-05,0.1802270000007411,0.18023934560074123,0.0797216999999363,2292.810168680216,0.4423101944485114,2292.810168680248,1.3883536891488821e-12
Ablated PINN,5,812,True,optimal,1.2345600000116974e-05,0.1620327000018733,0.16204504560187344,0.0678661999991163,2116.131275230048,0.41881070628876843,2116.131275214609,-7.295706435281098e-10
Ablated PINN,5,813,True,optimal,1.2345600000116974e-05,0.15651849999994738,0.1565308455999475,0.0726809000007051,2129.509371071957,0.46432318002330825,2129.509370171725,-4.227414845934963e-08
Ablated PINN,5,814,True,optimal,1.2345600000116974e-05,0.16759710000042105,0.16760944560042118,0.0681239999976242,2153.934623761386,0.40644487399612883,2153.9346228526774,-4.2188301983668415e-08
Ablated PINN,5,815,True,optimal,1.2345600000116974e-05,0.19140820000029635,0.19142054560029648,0.0591978000011295,2195.872937619504,0.30925520463586964,2195.8729359308227,-7.690249588087052e-08
Ablated PINN,5,816,True,optimal,1.2345600000116974e-05,0.18087699999887263,0.18088934559887276,0.0551077000018267,2136.688200180949,0.3046486780046713,2136.688200010293,-7.986950158856463e-09
Ablated PINN,5,817,True,optimal,1.2345600000116974e-05,0.13812610000240966,0.1381384456024098,0.0588013999986287,2232.0072626494,0.4256700568925681,2232.0072629250008,1.2347654333897846e-08
Ablated PINN,5,818,True,optimal,1.2345600000116974e-05,0.14140439999755472,0.14141674559755485,0.0564730000005511,2190.664671690613,0.39933743180077497,2190.664668492181,-1.4600280373753585e-07
Ablated PINN,5,819,True,optimal,1.2345600000116974e-05,0.11968519999936689,0.119697545599367,0.058216800000082,2238.0197906277417,0.4863658624625121,2238.019790601122,-1.1894240520265659e-09
Ablated PINN,5,820,True,optimal,1.2345600000116974e-05,0.1505886000013561,0.15060094560135623,0.1101100999985646,2151.3130110604907,0.731138171535976,2151.31300896313,-9.749212271162513e-08
Ablated PINN,5,821,True,optimal,1.2345600000116974e-05,0.1838458999991417,0.18385824559914182,0.0831022000020311,2193.6736558687267,0.45199060684618536,2193.6736553107075,-2.5437653797676838e-08
Ablated PINN,5,822,True,optimal,1.2345600000116974e-05,0.16626259999975446,0.1662749455997546,0.0753828999986581,2135.850487640817,0.4533629509049099,2135.8504846764195,-1.387923685865615e-07
Ablated PINN,5,823,True,optimal,1.2345600000116974e-05,0.1614817999980005,0.16149414559800063,0.0739915999984077,2153.346116066893,0.4581689306718977,2153.3461158552723,-9.827531713652303e-09
Ablated PINN,5,824,True,optimal,1.2345600000116974e-05,0.14963510000234237,0.1496474456023425,0.0953582000001915,2160.627085108109,0.637219029141242,2160.6270850118644,-4.454472916421814e-09
Ablated PINN,5,825,True,optimal,1.2345600000116974e-05,0.1519676999996591,0.15198004559965922,0.0844053000000712,2230.78538072225,0.5553709348292264,2230.7853806508047,-3.2026996821469613e-09
Ablated PINN,5,826,True,optimal,1.2345600000116974e-05,0.17072479999842471,0.17073714559842484,0.1013650999993842,2125.31601225673,0.5936909607110086,2125.3160122572212,2.310842887010889e-11
Ablated PINN,5,827,True,optimal,1.2345600000116974e-05,0.1589959999982966,0.15900834559829674,0.079744099999516,2220.9747981485484,0.5015088969039005,2220.9747981266814,-9.84566827726064e-10
Ablated PINN,5,828,True,optimal,1.2345600000116974e-05,0.20849010000165435,0.20850244560165448,0.0747054999992542,2237.4865078881985,0.35829555755897285,2237.4865078798225,-3.7434824417704643e-10
Ablated PINN,5,829,True,optimal,1.2345600000116974e-05,0.1386259000028076,0.13863824560280774,0.100370500000281,2151.481950283664,0.7239741065956498,2151.481949993225,-1.3499483345448262e-08
Ablated PINN,5,830,True,optimal,1.2345600000116974e-05,0.13558700000066892,0.13559934560066905,0.0988470999982382,2168.8963367058977,0.7289644323899339,2168.8963365262075,-8.284869563855788e-09
Ablated PINN,5,831,True,optimal,1.2345600000116974e-05,0.13147639999806415,0.13148874559806428,0.1336632000020472,2209.555018644443,1.0165371902674454,2209.5550186455403,4.966182550015126e-11
Ablated PINN,5,832,True,optimal,1.2345600000116974e-05,0.16847559999951045,0.16848794559951058,0.1014569999970262,2250.942634975713,0.6021617726777061,2250.942635218449,1.07837466259329e-08
Ablated PINN,5,833,True,optimal,1.2345600000116974e-05,0.13178719999996247,0.1317995455999626,0.1482988000025216,2172.7157449850506,1.1251844558905952,2172.7157445606326,-1.9533985395867402e-08
Ablated PINN,5,834,True,optimal,1.2345600000116974e-05,0.15429179999773623,0.15430414559773636,0.1342702000001736,2199.0639222087407,0.870165862881025,2199.06392222383,6.861749876719739e-10
Ablated PINN,5,835,True,optimal,1.2345600000116974e-05,0.12790580000000773,0.12791814560000786,0.0970311000019137,2173.92062351468,0.7585405459622903,2173.920623347521,-7.689276136158935e-09
Ablated PINN,5,836,True,optimal,1.2345600000116974e-05,0.11324210000020685,0.11325444560020696,0.1223054000001866,2202.4887431244583,1.0799169900308363,2202.4887444828933,6.167727000781359e-08
Ablated PINN,5,837,True,optimal,1.2345600000116974e-05,0.1256630000025325,0.12567534560253263,0.102231999997457,2200.801004163574,0.8134610611756837,2200.8010041417715,-9.906578082095503e-10
Ablated PINN,5,838,True,optimal,1.2345600000116974e-05,0.11107869999977993,0.11109104559978004,0.106494699997711,2302.53021175128,0.9586254177620401,2302.5302117649335,5.929709149236577e-10
Ablated PINN,5,839,True,optimal,1.2345600000116974e-05,0.11563030000252184,0.11564264560252195,0.1102935000017169,2199.218372488099,0.9537441782576409,2199.218372448386,-1.805761169621137e-09
Ablated PINN,5,840,True,optimal,1.2345600000116974e-05,0.14139720000093803,0.14140954560093816,0.0991678999998839,2206.597335336667,0.7012815123509314,2206.597335310947,-1.1655980457740986e-09
Ablated PINN,5,841,True,optimal,1.2345600000116974e-05,0.17211519999909797,0.1721275455990981,0.0984644999989541,2117.128618086004,0.5720438274783024,2117.1286180219204,-3.0269040287314353e-09
Ablated PINN,5,842,True,optimal,1.2345600000116974e-05,0.12928929999907268,0.1293016455990728,0.1245623999966483,2160.1220611622384,0.9633473682375276,2160.1220608877325,-1.2707891353054541e-08
Ablated PINN,5,843,True,optimal,1.2345600000116974e-05,0.18801589999930002,0.18802824559930015,0.0935185000016645,2244.5341073260383,0.4973641045450067,2244.5341069904653,-1.4950678440858113e-08
Ablated PINN,5,844,True,optimal,1.2345600000116974e-05,0.17339939999874332,0.17341174559874345,0.1019971999994595,2203.5582075110574,0.5881793049674403,2203.5582066365996,-3.968389760018585e-08
Ablated PINN,5,845,True,optimal,1.2345600000116974e-05,0.15317309999954887,0.153185445599549,0.1058495000033872,2204.4131125280637,0.6909892750522433,2204.41311244168,-3.918675963387194e-09
Ablated PINN,5,846,True,optimal,1.2345600000116974e-05,0.1829983000025095,0.18301064560250963,0.100414799999271,2174.049539338711,0.5486828357371469,2174.0495386195976,-3.3077137667294964e-08
Ablated PINN,5,847,True,optimal,1.2345600000116974e-05,0.11855089999880875,0.11856324559880886,0.1441817000013543,2249.954835468638,1.2160741659285583,2249.9548354609046,-3.437150527319109e-10
Ablated PINN,5,848,True,optimal,1.2345600000116974e-05,0.128788900001382,0.12880124560138212,0.0993211000022711,2196.7588383707343,0.7711190954600933,2196.758839393268,4.654737273199781e-08
Ablated PINN,5,849,True,optimal,1.2345600000116974e-05,0.16084670000054757,0.1608590456005477,0.0951131000001623,2194.463102894298,0.5912822598509714,2194.4631028443496,-2.2761166255559203e-09
Ablated PINN,5,850,True,optimal,1.2345600000116974e-05,0.1972367000016675,0.19724904560166762,0.0978451000009954,2217.274263020496,0.4960485344937364,2217.2742629650443,-2.500903604570584e-09
Ablated PINN,5,851,True,optimal,1.2345600000116974e-05,0.1192274000022735,0.11923974560227361,0.0921605999974417,2212.9676055801974,0.7729016825048007,2212.967605586451,2.8259272994423517e-10
Ablated PINN,5,852,True,optimal,1.2345600000116974e-05,0.16169349999836413,0.16170584559836426,0.1054700999993656,2205.7464218702075,0.652234306119806,2205.7464220871793,9.836660387964684e-09
Ablated PINN,5,853,True,optimal,1.2345600000116974e-05,0.1877134999995178,0.18772584559951794,0.089220199999545,2178.0647467486538,0.47526860094630524,2178.0647464647554,-1.3034429616239053e-08
Ablated PINN,5,854,True,optimal,1.2345600000116974e-05,0.16172960000039893,0.16174194560039906,0.1218503999989479,2219.073221577553,0.7533630162950584,2219.073221549334,-1.2716521400698828e-09
Ablated PINN,5,855,True,optimal,1.2345600000116974e-05,0.14276199999949313,0.14277434559949326,0.0991031999983533,2167.0337407969764,0.6941247013406381,2167.0337407049747,-4.245515601128035e-09
Ablated PINN,5,856,True,optimal,1.2345600000116974e-05,0.15864119999969262,0.15865354559969275,0.0940855999979248,2212.4418692242134,0.593025511294385,2212.44186920815,-7.260527675850791e-10
Ablated PINN,5,857,True,optimal,1.2345600000116974e-05,0.15361470000061672,0.15362704560061685,0.1233008999988669,2111.832248441616,0.8025989142524512,2111.832248360181,-3.856120267828494e-09
Ablated PINN,5,858,True,optimal,1.2345600000116974e-05,0.17728279999937513,0.17729514559937526,0.115413499999704,2268.79490113783,0.6509681898482318,2268.7949010917478,-2.0311345695602485e-09
Ablated PINN,5,859,True,optimal,1.2345600000116974e-05,0.20098430000143708,0.2009966456014372,0.0979086000006645,2211.922120771761,0.487115591942816,2211.922120273172,-2.2540987476725206e-08
Ablated PINN,5,860,True,optimal,1.2345600000116974e-05,0.178629699999874,0.17864204559987412,0.0925181999991764,2162.3352604774186,0.5178971148057745,2162.335260465068,-5.711641265100878e-10
Ablated PINN,5,861,True,optimal,1.2345600000116974e-05,0.16376840000157245,0.16378074560157257,0.0940732000017305,2122.672658011883,0.5743849782597842,2122.672657700662,-1.4661747317453686e-08
Ablated PINN,5,862,True,optimal,1.2345600000116974e-05,0.13424579999991693,0.13425814559991706,0.1240146000018285,2175.3070569825845,0.9237026137049901,2175.3070563230285,-3.0320133698561315e-08
Ablated PINN,5,863,True,optimal,1.2345600000116974e-05,0.15147929999875487,0.151491645598755,0.105847700000595,2125.6344609896337,0.6987032161558676,2125.6344608948266,-4.460178534681982e-09
Ablated PINN,5,864,True,optimal,1.2345600000116974e-05,0.14154929999858723,0.14156164559858736,0.100574800002505,2200.847578190558,0.7104664513981084,2200.8475781829243,-3.46859267083243e-10
Ablated PINN,5,865,True,optimal,1.2345600000116974e-05,0.17232620000140741,0.17233854560140754,0.1035154999990481,2239.6220430834937,0.600652045877557,2239.622043069383,-6.300531976627329e-10
Ablated PINN,5,866,True,optimal,1.2345600000116974e-05,0.16577379999944242,0.16578614559944255,0.1178729000021121,2234.3288853029217,0.7109936694403036,2234.32888520839,-4.230868413421119e-09
Ablated PINN,5,867,True,optimal,1.2345600000116974e-05,0.19240419999914593,0.19241654559914606,0.104140899999038,2264.256881305836,0.5412263258066731,2264.2568814120814,4.692283501438954e-09
Ablated PINN,5,868,True,optimal,1.2345600000116974e-05,0.1623674000002211,0.16237974560022123,0.1010007000004407,2228.2001883685493,0.6220030683451391,2228.200188298868,-3.127250041869143e-09
Ablated PINN,5,869,True,optimal,1.2345600000116974e-05,0.13405129999955534,0.13406364559955547,0.1054631000006338,2133.0817377674684,0.7866644199401325,2133.0817378721877,4.9092924151953244e-09
Ablated PINN,5,870,True,optimal,1.2345600000116974e-05,0.13973690000057104,0.13974924560057117,0.0998972000015783,2249.998160800221,0.7148317657978829,2249.998160786894,-5.923038559435523e-10
Ablated PINN,5,871,True,optimal,1.2345600000116974e-05,0.161204899999575,0.16121724559957512,0.0993393999997351,2206.78641525319,0.6161834587254411,2206.7864154986223,1.112169921827824e-08
Ablated PINN,5,872,True,optimal,1.2345600000116974e-05,0.142117600000347,0.14212994560034714,0.1023925999979837,2183.416128812071,0.7204153886465261,2183.4161286659023,-6.694488035144275e-09
Ablated PINN,5,873,True,optimal,1.2345600000116974e-05,0.15296410000155447,0.1529764456015546,0.115620200002013,2045.6228501996304,0.7558039379680686,2045.6228502878653,4.313349152194175e-09
Ablated PINN,5,874,True,optimal,1.2345600000116974e-05,0.14881129999776022,0.14882364559776035,0.0946383000009518,2308.93293548919,0.6359090292461967,2308.932935480777,-3.643796062430009e-10
Ablated PINN,5,875,True,optimal,1.2345600000116974e-05,0.1556635000015376,0.15567584560153774,0.1258168999993358,2176.8827785621656,0.8081979546227882,2176.882777975892,-2.693178880413762e-08
Ablated PINN,5,876,True,optimal,1.2345600000116974e-05,0.17109530000016093,0.17110764560016106,0.1251641999988351,2211.869385493217,0.7314939058381695,2211.8693859086,1.877972807418076e-08
Ablated PINN,5,877,True,optimal,1.2345600000116974e-05,0.15645470000163186,0.156467045601632,0.1403337000010651,2234.638471254582,0.8968898176703438,2234.638471242229,-5.527854817851035e-10
Ablated PINN,5,878,True,optimal,1.2345600000116974e-05,0.1947799000008672,0.19479224560086733,0.1640990000014426,2220.9570698653297,0.8424308652290208,2220.957070157352,1.3148492683488135e-08
Ablated PINN,5,879,True,optimal,1.2345600000116974e-05,0.1900590999975975,0.19007144559759764,0.291046099999221,2117.8412674350734,1.5312457854158583,2117.8412679443654,2.404769562854665e-08
Ablated PINN,5,880,True,optimal,1.2345600000116974e-05,0.169649000003119,0.16966134560311913,0.2369683000033546,2156.1419137942858,1.3967135481624877,2156.1419137940707,-9.975943401182797e-12
Ablated PINN,5,881,True,optimal,1.2345600000116974e-05,0.18069520000062766,0.1807075456006278,0.2301845000001776,2224.5346514408734,1.2737957301954408,2224.534651416332,-1.1032127671912825e-09
Ablated PINN,5,882,True,optimal,1.2345600000116974e-05,0.15898880000167992,0.15900114560168005,0.2539629000020795,2277.307157445397,1.5972394352320696,2277.307157383833,-2.7033749447931696e-09
Ablated PINN,5,883,True,optimal,1.2345600000116974e-05,0.1779335000028368,0.17794584560283694,0.2289533999974082,2150.7173687391687,1.2866465031637584,2150.717368686635,-2.4426165418124775e-09
Ablated PINN,5,884,True,optimal,1.2345600000116974e-05,0.16407209999670158,0.1640844455967017,0.2333772999991197,2155.528380616301,1.4222999575031678,2155.5283798760115,-3.434376395263821e-08
Ablated PINN,5,885,True,optimal,1.2345600000116974e-05,0.12757690000216826,0.1275892456021684,0.2149341999975149,2185.6147778057707,1.684579283960137,2185.6147778022896,-1.592728511165492e-10
Ablated PINN,5,886,True,optimal,1.2345600000116974e-05,0.11025760000120499,0.11026994560120511,0.2121760999980324,2068.722086126791,1.9241516701692614,2068.722091179205,2.4422874813562027e-07
Ablated PINN,5,887,True,optimal,1.2345600000116974e-05,0.15135749999899417,0.1513698455989943,0.2355787999986205,2107.31413837561,1.5563126134296967,2107.3141380452607,-1.5676324096449754e-08
Ablated PINN,5,888,True,optimal,1.2345600000116974e-05,0.18201979999867035,0.18203214559867048,0.2293844999985594,2161.5356046318407,1.260131825860513,2161.5356043558872,-1.2766545452797779e-08
Ablated PINN,5,889,True,optimal,1.2345600000116974e-05,0.17685789999814006,0.17687024559814019,0.2730091999983415,2154.4086333093483,1.5435564024637292,2154.4086335470374,1.103268714559645e-08
Ablated PINN,5,890,True,optimal,1.2345600000116974e-05,0.15789780000341125,0.15791014560341138,0.2284598000005644,2116.7996358163264,1.4467708780051236,2116.7996386335635,1.3308945722228696e-07
Ablated PINN,5,891,True,optimal,1.2345600000116974e-05,0.1638533000004827,0.16386564560048283,0.2151989999983925,2141.5899935137386,1.3132648958224251,2141.58999335303,-7.504173244398717e-09
Ablated PINN,5,892,True,optimal,1.2345600000116974e-05,0.14075450000018463,0.14076684560018476,0.2229795999992347,2179.7873067823725,1.5840349270349923,2179.7873066769466,-4.836522215602484e-09
Ablated PINN,5,893,True,optimal,1.2345600000116974e-05,0.14448150000316673,0.14449384560316686,0.1871869999995397,2126.84622935289,1.2954669399112257,2126.846229239871,-5.3139369951019785e-09
Ablated PINN,5,894,True,optimal,1.2345600000116974e-05,0.13297330000204965,0.13298564560204978,0.2023311999982979,2258.961724615864,1.5214514249437103,2258.9617246053413,-4.658270029476568e-10
Ablated PINN,5,895,True,optimal,1.2345600000116974e-05,0.12180209999860381,0.12181444559860392,0.1823293999987072,2120.857831624615,1.4967797875098388,2120.857830728726,-4.224180648394233e-08
Ablated PINN,5,896,True,optimal,1.2345600000116974e-05,0.1703750000015134,0.17038734560151353,0.1709375000027648,2139.357414393901,1.003228845424577,2139.3574143279207,-3.0841131169057897e-09
Ablated PINN,5,897,True,optimal,1.2345600000116974e-05,0.17467549999855692,0.17468784559855705,0.1385478000011062,2236.828311045135,0.7931164273414717,2236.8283112795475,1.047969164777232e-08
Ablated PINN,5,898,True,optimal,1.2345600000116974e-05,0.16623089999848162,0.16624324559848175,0.2057855000020936,2189.895832980872,1.2378578104707851,2189.895832151047,-3.789334508013887e-08
Ablated PINN,5,899,True,optimal,1.2345600000116974e-05,0.17395639999813284,0.17396874559813297,0.1981755999986489,2165.0991649802154,1.1391448464911833,2165.0991642565496,-3.342414271443288e-08
Ablated PINN,5,900,True,optimal,1.2345600000116974e-05,0.176559499999712,0.17657184559971212,0.2204181000015523,2163.198417931077,1.24831962452972,2163.198417921346,-4.4984955984419066e-10
Ablated PINN,5,901,True,optimal,1.2345600000116974e-05,0.1177495000010822,0.11776184560108231,0.1574610999996366,2187.286236367795,1.3371147437093955,2187.2862363191975,-2.221816438066409e-09
Ablated PINN,5,902,True,optimal,1.2345600000116974e-05,0.16266970000287984,0.16268204560287997,0.1863426999989315,2163.079428579788,1.1454410922137597,2163.079428271624,-1.4246545259970062e-08
Ablated PINN,5,903,True,optimal,1.2345600000116974e-05,0.14885060000233352,0.14886294560233365,0.1730766000000585,2099.9592458107286,1.1626573644619946,2099.95924571421,-4.5962206731462765e-09
Ablated PINN,5,904,True,optimal,1.2345600000116974e-05,0.1602697000016633,0.16028204560166343,0.1858194999986153,2250.8485716085247,1.1593282285678967,2250.848571590956,-7.80537143891138e-10
Ablated PINN,5,905,True,optimal,1.2345600000116974e-05,0.148707899999863,0.14872024559986313,0.245987199999945,2114.74707455696,1.6540263163751217,2114.7470739409373,-2.9129847100637498e-08
Ablated PINN,5,906,True,optimal,1.2345600000116974e-05,0.19332710000162479,0.19333944560162492,0.1542054000019561,2142.258415625311,0.7975889220231636,2142.258411353624,-1.9940110607299485e-07
Ablated PINN,5,907,True,optimal,1.2345600000116974e-05,0.1750395999988541,0.17505194559885423,0.1289409000019077,2153.850406989045,0.7365865004287713,2153.850406879888,-5.067998176903618e-09
Ablated PINN,5,908,True,optimal,1.2345600000116974e-05,0.18285240000113845,0.18286474560113858,0.1241946000009193,2175.305344746177,0.6791609809351137,2175.3053434064304,-6.158889992581105e-08
Ablated PINN,5,909,True,optimal,1.2345600000116974e-05,0.16092370000114897,0.1609360456011491,0.1774317000017617,2142.843560672238,1.102498196342503,2142.8435606360554,-1.6885239960905735e-09
Ablated PINN,5,910,True,optimal,1.2345600000116974e-05,0.15170619999844348,0.1517185455984436,0.170436399999744,2190.423457092006,1.1233722240578372,2190.4234570351705,-2.5947351856475133e-09
Ablated PINN,5,911,True,optimal,1.2345600000116974e-05,0.14409380000142846,0.1441061456014286,0.1926137000009475,2188.2095645514646,1.3366098940268791,2188.2095645355384,-7.278170235952818e-10
Ablated PINN,5,912,True,optimal,1.2345600000116974e-05,0.08232249999855412,0.08233484559855424,0.1566028000015649,2072.8184387330907,1.9020233640216455,2072.8184387339074,3.940172602339806e-11
Ablated PINN,5,913,True,optimal,1.2345600000116974e-05,0.07196720000138157,0.07197954560138169,0.1495484999977634,2168.1539062117854,2.0776527379868974,2168.1539062059196,-2.705428826929194e-10
Ablated PINN,5,914,True,optimal,1.2345600000116974e-05,0.09197710000080406,0.09198944560080417,0.1880190999982005,2106.224971315142,2.0439203516251743,2106.2249711006616,-1.0183158338951093e-08
Ablated PINN,5,915,True,optimal,1.2345600000116974e-05,0.07317980000152602,0.07319214560152613,0.1798093999968841,2152.118648047007,2.4566761709078095,2152.118647418115,-2.922199201165964e-08
Ablated PINN,5,916,True,optimal,1.2345600000116974e-05,0.09495969999989029,0.0949720455998904,0.2104014999968058,2074.6824072151853,2.215404529488713,2074.6824072563522,1.9842513384473462e-09
Ablated PINN,5,917,True,optimal,1.2345600000116974e-05,0.08674209999662708,0.08675444559662719,0.1787471999996341,2179.2877825005544,2.060380868903661,2179.2877824971183,-1.5766944645353412e-10
Ablated PINN,5,918,True,optimal,1.2345600000116974e-05,0.11000739999872167,0.11001974559872178,0.1252236000000266,2093.161032672173,1.138192051968183,2093.1610324951453,-8.45743275212288e-09
Ablated PINN,5,919,True,optimal,1.2345600000116974e-05,0.1592185999979847,0.15923094559798484,0.1342676999993273,2123.124970405285,0.843226167470719,2123.124968743713,-7.826066811832866e-08
Ablated PINN,5,920,True,optimal,1.2345600000116974e-05,0.10283580000032089,0.102848145600321,0.1202875000017229,2187.401856543794,1.1695641112400132,2187.4018564558473,-4.020604314487959e-09
Ablated PINN,5,921,True,optimal,1.2345600000116974e-05,0.07939769999939017,0.07941004559939029,0.1752381000005698,2109.721338315743,2.206749771743177,2109.7213383220974,3.011859726938776e-10
Ablated PINN,5,922,True,optimal,1.2345600000116974e-05,0.084739099998842,0.08475144559884211,0.1547479000000748,2140.4219111097755,1.8259027784912378,2140.421910577419,-2.4871561537236045e-08
Ablated PINN,5,923,True,optimal,1.2345600000116974e-05,0.07629099999758182,0.07630334559758194,0.137724000000162,2128.926327684905,1.8049536219094238,2128.926327257371,-2.0082137160297417e-08
Ablated PINN,5,924,True,optimal,1.2345600000116974e-05,0.07319379999898956,0.07320614559898968,0.1327710000005026,2168.728739301412,1.8136592073539655,2168.7287390583597,-1.1207139473117661e-08
Ablated PINN,5,925,True,optimal,1.2345600000116974e-05,0.09122589999969932,0.09123824559969944,0.1303479000016523,2208.2689928113737,1.4286541695852348,2208.2689929903368,8.104225166401608e-09
Ablated PINN,5,926,True,optimal,1.2345600000116974e-05,0.1010400999984995,0.10105244559849962,0.1742757000029087,2253.969415059693,1.724606455298854,2253.969415126589,2.967922428429782e-09
Ablated PINN,5,927,True,optimal,1.2345600000116974e-05,0.12812290000147186,0.128135245601472,0.1460759999972651,2174.4531577407306,1.140014203832665,2174.4531561891713,-7.135400007015416e-08
Ablated PINN,5,928,True,optimal,1.2345600000116974e-05,0.14252289999785717,0.1425352455978573,0.1834857999965606,2178.779410148717,1.287301251188351,2178.7794099786033,-7.807752690181729e-09
Ablated PINN,5,929,True,optimal,1.2345600000116974e-05,0.20277139999961946,0.2027837455996196,0.1900859000015771,2130.525708269769,0.9373823303219116,2130.5257076410876,-2.9508275302663897e-08
Ablated PINN,5,930,True,optimal,1.2345600000116974e-05,0.1464531999990868,0.14646554559908692,0.180231400001503,2113.444409484092,1.230537866528977,2113.444409448572,-1.6806621773913371e-09
Ablated PINN,5,931,True,optimal,1.2345600000116974e-05,0.1562880999990739,0.15630044559907402,0.2093681000005745,2192.3910014445137,1.3395233724261042,2192.3910013615073,-3.786112885186449e-09
Ablated PINN,5,932,True,optimal,1.2345600000116974e-05,0.1627346999994188,0.16274704559941894,0.1477196000014373,2221.246231469925,0.9076637886566017,2221.2462314750046,2.2867919087207146e-10
Ablated PINN,5,933,True,optimal,1.2345600000116974e-05,0.17144329999791807,0.1714556455979182,0.192126099998859,2149.6294757185665,1.1205586105307679,2149.6294757637247,2.100744869872711e-09
Ablated PINN,5,934,True,optimal,1.2345600000116974e-05,0.17292250000173226,0.1729348456017324,0.1968147000006865,2136.3431310642613,1.1380858456597533,2136.3431338162786,1.2881906659611313e-07
Ablated PINN,5,935,True,optimal,1.2345600000116974e-05,0.16687509999974282,0.16688744559974295,0.1679875000008905,2243.2982163963766,1.0065915946954205,2243.2982164648924,3.054247240183044e-09
Ablated PINN,5,936,True,optimal,1.2345600000116974e-05,0.17777550000027986,0.17778784560028,0.1494700999974156,2102.457957637901,0.8407217011531197,2102.457953505738,-1.9653963578570507e-07
Ablated PINN,5,937,True,optimal,1.2345600000116974e-05,0.16481600000042818,0.1648283456004283,0.1852222999987134,2170.5630955109577,1.1237284419982196,2170.5630954622557,-2.243753113586547e-09
Ablated PINN,5,938,True,optimal,1.2345600000116974e-05,0.18058469999959925,0.18059704559959938,0.1607534000031591,2255.1790958793754,0.8901219810625501,2255.1790958411484,-1.6950747672353657e-09
Ablated PINN,5,939,True,optimal,1.2345600000116974e-05,0.16667899999811198,0.1666913455981121,0.1971234000011463,2206.3724089315883,1.1825652933200563,2206.3724089161897,-6.979173023276736e-10
Ablated PINN,5,940,True,optimal,1.2345600000116974e-05,0.18398119999983464,0.18399354559983477,0.2109291999986453,2189.1711010548124,1.1463945613472362,2189.1710993819393,-7.641582547770845e-08
Ablated PINN,5,941,True,optimal,1.2345600000116974e-05,0.14976329999990412,0.14977564559990425,0.1633666999987326,2085.4343266158776,1.090742752898119,2085.43432659944,-7.882172208782644e-10
Ablated PINN,5,942,True,optimal,1.2345600000116974e-05,0.15342750000127126,0.15343984560127139,0.2018755999997665,2190.5510210162406,1.3156660788382193,2190.551020301918,-3.2609265380601814e-08
Ablated PINN,5,943,True,optimal,1.2345600000116974e-05,0.13789579999865964,0.13790814559865977,0.1596859000019321,2228.600124584464,1.1579149245226599,2228.600124536351,-2.1588969096670347e-09
Ablated PINN,5,944,True,optimal,1.2345600000116974e-05,0.16438130000096862,0.16439364560096875,0.1591383000013593,2166.1819354901013,0.9680319419865796,2166.1819351671766,-1.490755364419946e-08
Ablated PINN,5,945,True,optimal,1.2345600000116974e-05,0.1143683999980567,0.11438074559805682,0.1923009999991336,2178.099464903521,1.6812357621351313,2178.099464098115,-3.6977476435960116e-08
Ablated PINN,5,946,True,optimal,1.2345600000116974e-05,0.15802740000071935,0.15803974560071948,0.1951030000018363,2238.9125429516,1.2345185653155601,2238.912542961114,4.2494844674476764e-10
Ablated PINN,5,947,True,optimal,1.2345600000116974e-05,0.1316514999998617,0.13166384559986183,0.1580558999994537,2193.3170511699705,1.2004502775940455,2193.3170509556035,-9.773643605188255e-09
Ablated PINN,5,948,True,optimal,1.2345600000116974e-05,0.18075730000055046,0.1807696456005506,0.1961898000008659,2143.5775558986584,1.0853027860351592,2143.5775552652794,-2.9547749731844772e-08
Ablated PINN,5,949,True,optimal,1.2345600000116974e-05,0.1653842000014265,0.16539654560142664,0.1584670000011101,2246.86419198104,0.9581034442096791,2246.864192091769,4.9281441485998785e-09
Ablated PINN,5,950,True,optimal,1.2345600000116974e-05,0.16218469999876106,0.1621970455987612,0.1850651999993715,2204.0493213063164,1.1409899564828136,2204.049321262044,-2.0086838649628235e-09
Ablated PINN,5,951,True,optimal,1.2345600000116974e-05,0.17394920000151615,0.17396154560151628,0.204940899999201,2131.637076925947,1.1780816230998967,2131.6370793985366,1.1599486668192126e-07
Ablated PINN,5,952,True,optimal,1.2345600000116974e-05,0.18267740000010235,0.18268974560010248,0.1576543000010133,2126.582387491638,0.8629619548877672,2126.5823875333213,1.9600957819518746e-09
Ablated PINN,5,953,True,optimal,1.2345600000116974e-05,0.1937973999993119,0.19380974559931202,0.1640867999994952,2161.594759950924,0.8466385397292305,2161.5947569720142,-1.378107445791914e-07
Ablated PINN,5,954,True,optimal,1.2345600000116974e-05,0.17329109999991488,0.173303445599915,0.1564891999987594,2196.2510681535,0.9029780074888261,2196.2510680764667,-3.5074902347221647e-09
Ablated PINN,5,955,True,optimal,1.2345600000116974e-05,0.21972960000130115,0.21974194560130128,0.2018350999969698,2201.7273910196127,0.9185096611603614,2201.727390945931,-3.3465452657747155e-09
Ablated PINN,5,956,True,optimal,1.2345600000116974e-05,0.22534929999892483,0.22536164559892496,0.1458315999989281,2128.407782774298,0.6471003511327917,2128.4077827670935,-3.3849539258418705e-10
Ablated PINN,5,957,True,optimal,1.2345600000116974e-05,0.18757689999983995,0.18758924559984008,0.1721011000008729,2215.466502507869,0.9174358554007619,2215.4665036670003,5.231997152569866e-08
Ablated PINN,5,958,True,optimal,1.2345600000116974e-05,0.15811970000140718,0.1581320456014073,0.2006235999979253,2070.757387364137,1.2687093197012298,2070.7573873726806,4.1259267167605116e-10
Ablated PINN,5,959,True,optimal,1.2345600000116974e-05,0.17479349999848637,0.1748058455984865,0.1748012999996717,2152.569632952415,0.9999739962997276,2152.5696397533343,3.1594422463223284e-07
Ablated PINN,5,960,True,optimal,1.2345600000116974e-05,0.17543969999678666,0.1754520455967868,0.1453218999995442,2208.2816603649258,0.8282713347983081,2208.2816602022185,-7.3680473295347795e-09
Ablated PINN,5,961,True,optimal,1.2345600000116974e-05,0.18037330000151997,0.1803856456015201,0.1717176999991352,2140.3153301753514,0.9519476975372376,2140.3153294652357,-3.317808913415761e-08
Ablated PINN,5,962,True,optimal,1.2345600000116974e-05,0.16707260000112,0.16708494560112014,0.1122461999984807,2205.2286535391745,0.6717912232885702,2205.228652223088,-5.968027759049299e-08
Ablated PINN,5,963,True,optimal,1.2345600000116974e-05,0.18195050000213087,0.181962845602131,0.1463411000004271,2041.90100108964,0.8042361588497453,2041.9010011358966,2.265372960481986e-09
Ablated PINN,5,964,True,optimal,1.2345600000116974e-05,0.19245269999737502,0.19246504559737515,0.1407110000000102,2199.037105258003,0.7310989876799178,2199.037105230644,-1.2441338441250375e-09
Ablated PINN,5,965,True,optimal,1.2345600000116974e-05,0.18473740000263206,0.1847497456026322,0.1750933000002987,2154.4765206611346,0.9477322928330143,2154.476520087633,-2.6619061885298254e-08
Ablated PINN,5,966,True,optimal,1.2345600000116974e-05,0.20684479999908945,0.20685714559908958,0.1517297999998845,2155.5068833801656,0.7335004046413387,2155.506883275016,-4.87817560532134e-09
Ablated PINN,5,967,True,optimal,1.2345600000116974e-05,0.16876339999726042,0.16877574559726055,0.1242051999979594,2165.3524323271827,0.7359185382853697,2165.3524307022813,-7.50409675090059e-08
Ablated PINN,5,968,True,optimal,1.2345600000116974e-05,0.18059200000061537,0.1806043456006155,0.1950344999968365,2259.411352469595,1.0798992645953909,2259.411352468531,-4.709672720335886e-11
Ablated PINN,5,969,True,optimal,1.2345600000116974e-05,0.17547430000195163,0.17548664560195176,0.1984840000004624,2130.5117978633302,1.131049028372646,2130.5117966184316,-5.843190419731993e-08
Ablated PINN,5,970,True,optimal,1.2345600000116974e-05,0.15441629999986617,0.1544286455998663,0.1575219000005745,2227.5823011913035,1.0200303148984613,2227.5823012004716,4.115745279677838e-10
Ablated PINN,5,971,True,optimal,1.2345600000116974e-05,0.19928509999954258,0.1992974455995427,0.1863833999996131,2231.3761046089585,0.9352021519338567,2231.376104571749,-1.6675674669737403e-09
Ablated PINN,5,972,True,optimal,1.2345600000116974e-05,0.18221400000038557,0.1822263456003857,0.1495025999975041,2177.8711865954,0.8204225327843465,2177.8711865998607,2.048154542977573e-10
Ablated PINN,5,973,True,optimal,1.2345600000116974e-05,0.14794849999816506,0.1479608455981652,0.1700973999977577,2292.3375689272434,1.1496108940855296,2292.3375689235627,-1.6056645007120515e-10
Ablated PINN,5,974,True,optimal,1.2345600000116974e-05,0.1459532999979274,0.14596564559792752,0.1654496999981347,2123.7679115938085,1.1334838366959124,2123.7679157108814,1.9385700546287932e-07
Ablated PINN,5,975,True,optimal,1.2345600000116974e-05,0.2027285000003758,0.20274084560037592,0.1801885999993828,2081.519862479512,0.8887631866474207,2081.5198625412277,2.964928804699938e-09
Ablated PINN,5,976,True,optimal,1.2345600000116974e-05,0.14355609999984154,0.14356844559984167,0.1608983000005537,2279.993276093463,1.1207079614765372,2279.9932760856996,-3.40503055677234e-10
Ablated PINN,5,977,True,optimal,1.2345600000116974e-05,0.13031860000046436,0.1303309456004645,0.1935578999982681,2206.80239291884,1.4851261847790835,2206.802392739714,-8.116988253395816e-09
Ablated PINN,5,978,True,optimal,1.2345600000116974e-05,0.17388439999922412,0.17389674559922425,0.1667740999982925,2191.2788649745967,0.9590409494071435,2191.278864639845,-1.5276549622080207e-08
Ablated PINN,5,979,True,optimal,1.2345600000116974e-05,0.1347691000009945,0.13478144560099464,0.1474191999986942,2144.7878017555126,1.0937647933760277,2144.7878006433866,-5.185249690862199e-08
Ablated PINN,5,980,True,optimal,1.2345600000116974e-05,0.16054449999865028,0.1605568455986504,0.1694267999992007,2175.611569659908,1.055244946844078,2175.611575723286,2.786976306031805e-07
Ablated PINN,5,981,True,optimal,1.2345600000116974e-05,0.1952354999993986,0.19524784559939873,0.2062537999991036,2139.8385787781785,1.0563691464349698,2139.8385784108896,-1.7164330981061392e-08
Ablated PINN,5,982,True,optimal,1.2345600000116974e-05,0.14398049999726936,0.1439928455972695,0.1952295999981288,2193.7236332086177,1.3558284732018027,2193.723633168407,-1.8329829312168774e-09
Ablated PINN,5,983,True,optimal,1.2345600000116974e-05,0.14238480000130949,0.14239714560130962,0.1808397999993758,2091.0992006599117,1.2699678721489247,2091.0992005746643,-4.076678577354196e-09
Ablated PINN,5,984,True,optimal,1.2345600000116974e-05,0.17781310000282247,0.1778254456028226,0.2067786999978125,2159.9303979583897,1.1628183992276206,2159.930396813226,-5.301855464756936e-08
Ablated PINN,5,985,True,optimal,1.2345600000116974e-05,0.13046219999887398,0.13047454559887411,0.1426815000013448,2191.8489054652828,1.0935581292614673,2191.8489050284034,-1.993200429491708e-08
Ablated PINN,5,986,True,optimal,1.2345600000116974e-05,0.15460129999701167,0.1546136455970118,0.1296245000012277,2084.63256651023,0.8383768424882992,2084.6325702623785,1.799908840904869e-07
Ablated PINN,5,987,True,optimal,1.2345600000116974e-05,0.16397019999931217,0.1639825455993123,0.1381621999971685,2226.623195511604,0.8425421101509472,2226.6231953524916,-7.145908675392558e-09
Ablated PINN,5,988,True,optimal,1.2345600000116974e-05,0.17162410000310047,0.1716364456031006,0.1530366999977559,2250.582573839561,0.8916328898562982,2250.5825743551304,2.2908262079031436e-08
Ablated PINN,5,989,True,optimal,1.2345600000116974e-05,0.134637200000725,0.13464954560072512,0.1347377999991295,2195.062900428284,1.0006554377737455,2195.062900378661,-2.26066143315304e-09
Ablated PINN,5,990,True,optimal,1.2345600000116974e-05,0.1529776999996102,0.15299004559961032,0.1816442999988794,2234.6352392300864,1.1872948941675592,2234.63523925606,1.1623082477738092e-09
Ablated PINN,5,991,True,optimal,1.2345600000116974e-05,0.22702169999683974,0.22703404559683987,0.1567233999994641,2140.8749725548146,0.6903079209440188,2140.874972593584,1.8109177741267116e-09
Ablated PINN,5,992,True,optimal,1.2345600000116974e-05,0.16508609999800683,0.16509844559800696,0.169110399998317,2127.0365293244954,1.024300376577007,2127.0365292316437,-4.365307180480758e-09
Ablated PINN,5,993,True,optimal,1.2345600000116974e-05,0.18767400000069756,0.1876863456006977,0.1865990999976929,2153.5631839712364,0.9942071140043511,2153.5631839729526,7.969195029981707e-11
Ablated PINN,5,994,True,optimal,1.2345600000116974e-05,0.1942553000008047,0.19426764560080484,0.2146871000004466,2200.2868690383903,1.1051099082221911,2200.2868690075898,-1.3998398688963726e-09
Ablated PINN,5,995,True,optimal,1.2345600000116974e-05,0.15333910000117612,0.15335144560117625,0.2157412999986263,2099.884810703952,1.4068422971356163,2099.884810237947,-2.219193519233033e-08
Ablated PINN,5,996,True,optimal,1.2345600000116974e-05,0.16466529999888735,0.16467764559888748,0.2010126000022865,2028.9773836280724,1.220642906760409,2028.9773837528192,6.14825719838545e-09
Ablated PINN,5,997,True,optimal,1.2345600000116974e-05,0.14825540000310866,0.1482677456031088,0.181254799997987,2083.4181846731835,1.2224830104531281,2083.418186734465,9.893748339849562e-08
Ablated PINN,5,998,True,optimal,1.2345600000116974e-05,0.14951680000012857,0.1495291456001287,0.1986563999998907,2136.148351520434,1.3285463459487574,2136.148351632925,5.266059920825146e-09
Ablated PINN,5,999,True,optimal,1.2345600000116974e-05,0.11665300000095158,0.1166653456009517,0.1808257999982743,2189.8752646350795,1.5499529793258437,2189.8752640872267,-2.501753351443073e-08
