Architecture,Run,Instance_ID,Success,Status,NN_Time_s,NN_Initialized_IPOPT_Time_s,Total_Online_Time_s,Cold_IPOPT_Time_s,Cold_IPOPT_Cost,Speedup_vs_Cold_IPOPT,Feasible_Cost,Feasible_Obj_Gap_pct
Ablated PINN,1,0,True,optimal,4.488692432641983e-05,0.9082572422921658,0.9083021292164922,0.7029111012816429,37581.16658725598,0.7738736689827854,37581.16658725587,-2.904097294567786e-13
Ablated PINN,1,1,True,optimal,4.488692432641983e-05,0.3038518172688782,0.30389670419320464,0.1652762829326093,37707.62420900778,0.5438567797942739,37707.62420900733,-1.196334644630327e-12
Ablated PINN,1,2,True,optimal,4.488692432641983e-05,0.2306087608449161,0.23065364776924252,0.174185655079782,35928.650807939695,0.7551827459240795,35928.65080793979,2.6326468391482743e-13
Ablated PINN,1,3,True,optimal,4.488692432641983e-05,0.2248123991303146,0.224857286054641,0.1632512500509619,36902.03678381335,0.7260216153782597,36902.03678381327,-2.168864938943542e-13
Ablated PINN,1,4,True,optimal,4.488692432641983e-05,0.20074055576696992,0.20078544269129633,0.177220526151359,37600.85536654788,0.8826363294864562,37600.855366546646,-3.2895868520895904e-12
Ablated PINN,1,5,True,optimal,4.488692432641983e-05,0.16372374817728996,0.16376863510161638,0.1503279763273894,36866.67547005534,0.9179289809316221,36866.67547005418,-3.1577385360253654e-12
Ablated PINN,1,6,True,optimal,4.488692432641983e-05,0.19841190613806248,0.1984567930623889,0.17819330887869,38004.28690234184,0.8978947312862773,38004.28690234807,1.638820308284018e-11
Ablated PINN,1,7,True,optimal,4.488692432641983e-05,0.23659933311864734,0.23664422004297375,0.1764783598482608,36775.08123419669,0.7457539415761473,36775.08123419663,-1.582801695060318e-13
Ablated PINN,1,8,True,optimal,4.488692432641983e-05,0.2442275546491146,0.24427244157344102,0.1664968747645616,36978.40899588076,0.6816031873759446,36978.40899587928,-3.994275134562359e-12
Ablated PINN,1,9,True,optimal,4.488692432641983e-05,0.2534437351860106,0.253488622110337,0.1648466871120035,37364.12630120166,0.650311977475068,37364.1263012042,6.815588686419517e-12
Ablated PINN,1,10,True,optimal,4.488692432641983e-05,0.27201911015436053,0.27206399707868695,0.1573416241444647,36704.93616789373,0.5783257830287556,36704.936167892425,-3.5482868216456835e-12
Ablated PINN,1,11,True,optimal,4.488692432641983e-05,0.23735787998884916,0.23740276691317558,0.1653347578831017,38193.61240151597,0.6964314697459654,38193.61240151445,-3.981490740854818e-12
Ablated PINN,1,12,True,optimal,4.488692432641983e-05,0.2588531821966171,0.25889806912094354,0.1727200988680124,37317.390173038286,0.6671355234686075,37317.390173041436,8.44241687945703e-12
Ablated PINN,1,13,True,optimal,4.488692432641983e-05,0.21517800586298108,0.2152228927873075,0.1623006612062454,36927.52024933221,0.754105007624063,36927.5202493293,-7.861635626918887e-12
Ablated PINN,1,14,True,optimal,4.488692432641983e-05,0.1803076951764524,0.1803525821007788,0.1527521843090653,37281.01560739845,0.8469642215807547,37281.01560739816,-7.611443581403956e-13
Ablated PINN,1,15,True,optimal,4.488692432641983e-05,0.18033402413129807,0.18037891105562448,0.1881736749783158,36970.38087601325,1.0432132774118346,36970.38087601658,8.993990732292378e-12
Ablated PINN,1,16,True,optimal,4.488692432641983e-05,0.18219806533306837,0.18224295225739479,0.1507117301225662,38848.967280889054,0.8269824882429758,38848.96728088927,5.618649444328485e-13
Ablated PINN,1,17,True,optimal,4.488692432641983e-05,0.21752386866137385,0.21756875558570027,0.1645431309007108,37957.91146352359,0.7562810682892255,37957.91146352248,-2.913610140059105e-12
Ablated PINN,1,18,True,optimal,4.488692432641983e-05,0.26965099666267633,0.26969588358700275,0.1679855650290846,38056.53689326101,0.6228703337805791,38056.53689326098,-7.647524665305887e-14
Ablated PINN,1,19,True,optimal,4.488692432641983e-05,0.2515301238745451,0.2515750107988715,0.1546796639449894,36767.26822304173,0.6148451050595493,36767.268223041014,-1.9393440977568122e-12
Ablated PINN,1,20,True,optimal,4.488692432641983e-05,0.27832670183852315,0.27837158876284956,0.1571014206856489,37706.58572882871,0.5643586739000394,37706.585728829145,1.1577750899817851e-12
Ablated PINN,1,21,True,optimal,4.488692432641983e-05,0.27618764294311404,0.27623252986744046,0.1470939521677792,36531.38966684323,0.5325004706663883,36531.38966684284,-1.055601106523809e-12
Ablated PINN,1,22,True,optimal,4.488692432641983e-05,0.24171428987756371,0.24175917680189013,0.1775176827795803,35866.798990233656,0.7342748479204468,35866.798990230105,-9.89959353966419e-12
Ablated PINN,1,23,True,optimal,4.488692432641983e-05,0.21115550817921758,0.211200395103544,0.1634733946993947,36789.37153111116,0.774020307202785,36789.371531111115,-1.1866401590519914e-13
Ablated PINN,1,24,True,optimal,4.488692432641983e-05,0.2696913140825927,0.26973620100691914,0.1636657412163913,37923.84644974744,0.6067622388297559,37923.846449747565,3.2615699888201076e-13
Ablated PINN,1,25,True,optimal,4.488692432641983e-05,0.19373410474509,0.19377899166941642,0.1676783710718155,39062.01264174192,0.8653072741645382,39062.01264174083,-2.794002582860371e-12
Ablated PINN,1,26,True,optimal,4.488692432641983e-05,0.21763271000236273,0.21767759692668914,0.1732960944063961,38502.70951805598,0.7961135957631867,38502.70951805597,-1.8897261271369333e-14
Ablated PINN,1,27,True,optimal,4.488692432641983e-05,0.2557328287512064,0.2557777156755328,0.1849055322818458,37098.46446151903,0.7229149411765331,37098.464461519085,1.5690045870724442e-13
Ablated PINN,1,28,True,optimal,4.488692432641983e-05,0.24501243513077497,0.2450573220551014,0.1622271696105599,37732.51147009323,0.6619968269060044,37732.51147009354,8.098857136448883e-13
Ablated PINN,1,29,True,optimal,4.488692432641983e-05,0.2939576879143715,0.2940025748386979,0.1579065909609198,36949.69147879762,0.5370925443341915,36949.691478797366,-6.892033635586576e-13
Ablated PINN,1,30,True,optimal,4.488692432641983e-05,0.290286036208272,0.2903309231325984,0.1673054611310362,37873.52054076799,0.5762578072147876,37873.52054076745,-1.4216287679673298e-12
Ablated PINN,1,31,True,optimal,4.488692432641983e-05,0.24590966990217566,0.24595455682650208,0.1790197207592427,37154.95594431231,0.7278568979127488,37154.955944311165,-3.0744898396297664e-12
Ablated PINN,1,32,True,optimal,4.488692432641983e-05,0.27159005170688033,0.27163493863120675,0.1805329089984297,36261.06802752526,0.6646159360358852,36261.06802752854,9.049531805036239e-12
Ablated PINN,1,33,True,optimal,4.488692432641983e-05,0.2312695598229766,0.231314446747303,0.1816727579571306,39175.58797208662,0.7853930461835661,39175.58797208605,-1.4672419260945042e-12
Ablated PINN,1,34,True,optimal,4.488692432641983e-05,0.1983859771862626,0.19843086411058902,0.1574292448349297,37392.7018554338,0.7933707568152886,37392.70185543374,-1.5566583323801417e-13
Ablated PINN,1,35,True,optimal,4.488692432641983e-05,0.1941472440958023,0.19419213102012872,0.1631733779795467,37819.358279943845,0.8402677138479581,37819.35827994288,-2.55874876438499e-12
Ablated PINN,1,36,True,optimal,4.488692432641983e-05,0.2065346371382475,0.2065795240625739,0.1727020228281617,36667.54102069772,0.8360074582021471,36667.541020698234,1.408856378766774e-12
Ablated PINN,1,37,True,optimal,4.488692432641983e-05,0.2376926690340042,0.23773755595833063,0.1722064823843538,37589.13373195846,0.724355399760807,37589.13373195736,-2.9421948514221824e-12
Ablated PINN,1,38,True,optimal,4.488692432641983e-05,0.20812573097646236,0.20817061790078878,0.1687738937325775,38839.06333083153,0.8107479116625997,38839.0633308315,-7.493442931109585e-14
Ablated PINN,1,39,True,optimal,4.488692432641983e-05,0.24583870824426413,0.24588359516859054,0.1731656058691442,38987.1527669687,0.7042584754400263,38987.15276696861,-2.2394939146254998e-13
Ablated PINN,1,40,True,optimal,4.488692432641983e-05,0.1709795780479908,0.17102446497231721,0.1702394988387823,37519.98880849758,0.9954102114357618,37519.98880849708,-1.338062966759077e-12
Ablated PINN,1,41,True,optimal,4.488692432641983e-05,0.17852529184892774,0.17857017877325415,0.174827363807708,37988.35995223662,0.9790400894972574,37988.359952235594,-2.7005904568919434e-12
Ablated PINN,1,42,True,optimal,4.488692432641983e-05,0.19080505799502134,0.19084994491934776,0.1791499881073832,36992.35131840283,0.9386955190534171,36992.35131840182,-2.7142966450413373e-12
Ablated PINN,1,43,True,optimal,4.488692432641983e-05,0.19169572880491614,0.19174061572924256,0.1642176043242216,35874.39157093305,0.8564570615341808,35874.391570934036,2.75831921378342e-12
Ablated PINN,1,44,True,optimal,4.488692432641983e-05,0.1946189641021192,0.19466385102644562,0.1563226277939975,39059.96251351456,0.8030388126491993,39059.96251351386,-1.7882555077208125e-12
Ablated PINN,1,45,True,optimal,4.488692432641983e-05,0.21613219799473882,0.21617708491906523,0.1920943218283355,37354.62688591712,0.8885970587504864,37354.626885917205,2.3373675137180393e-13
Ablated PINN,1,46,True,optimal,4.488692432641983e-05,0.21902592154219747,0.21907080846652388,0.1867278451099991,35926.89636147079,0.8523629707539647,35926.896361471976,3.301095310820626e-12
Ablated PINN,1,47,True,optimal,4.488692432641983e-05,0.2502972949296236,0.25034218185395,0.1675027632154524,36344.674703520446,0.6690952438577601,36344.6747035194,-2.882782429583629e-12
Ablated PINN,1,48,True,optimal,4.488692432641983e-05,0.2992103099822998,0.2992551969066262,0.1656385827809572,38775.287127550735,0.5535027778736951,38775.287127516,-8.958133961935605e-11
Ablated PINN,1,49,True,optimal,4.488692432641983e-05,0.3062227820046246,0.306267668928951,0.1572557552717626,37206.57563606999,0.5134585567640942,37206.575636070156,4.4977808966645104e-13
Ablated PINN,1,50,True,optimal,4.488692432641983e-05,0.17645867820829153,0.17650356513261795,0.17130042379722,38144.41590346441,0.9705210411388092,38144.41590346564,3.2236352495446628e-12
Ablated PINN,1,51,True,optimal,4.488692432641983e-05,0.17265248531475663,0.17269737223908305,0.1825809488072991,38201.28089594828,1.057230613529737,38201.280895946824,-3.809274162299166e-12
Ablated PINN,1,52,True,optimal,4.488692432641983e-05,0.14220220921561122,0.14224709613993763,0.1925481427460909,37557.40050408594,1.3536173881305027,37557.40050409023,1.141063805597463e-11
Ablated PINN,1,53,True,optimal,4.488692432641983e-05,0.18837948190048337,0.18842436882480978,0.1949777109548449,37103.61659903618,1.0347796952745967,37103.61659903612,-1.5687867180844965e-13
Ablated PINN,1,54,True,optimal,4.488692432641983e-05,0.1877849460579455,0.1878298329822719,0.148077490273863,38652.06382056266,0.7883598037796217,38652.06382056255,-2.8236361380188427e-13
Ablated PINN,1,55,True,optimal,4.488692432641983e-05,0.16917301388457417,0.1692179008089006,0.1681971619836986,36125.056598874,0.9939679028027022,36125.0565988725,-4.1490516822290716e-12
Ablated PINN,1,56,True,optimal,4.488692432641983e-05,0.15852935099974275,0.15857423792406916,0.1599473869428038,38451.28557363243,1.0086593449018633,38451.28557363027,-5.601070085612847e-12
Ablated PINN,1,57,True,optimal,4.488692432641983e-05,0.18748799292370677,0.18753287984803318,0.1934801298193633,37953.532765328346,1.0317131053293132,37953.532765328324,-5.75120976946069e-14
Ablated PINN,1,58,True,optimal,4.488692432641983e-05,0.16175947897136211,0.16180436589568853,0.1737125380896031,37505.3012961932,1.0735961117488726,37505.30129619327,1.745983001456315e-13
Ablated PINN,1,59,True,optimal,4.488692432641983e-05,0.15634397510439157,0.156388862028718,0.1754008373245597,37336.403300325714,1.1215686018122601,37336.40330032494,-2.0656823875070875e-12
Ablated PINN,1,60,True,optimal,4.488692432641983e-05,0.16203947085887194,0.16208435778319835,0.1667244080454111,38224.219037981136,1.0286273785186553,38224.21903797961,-3.997337649881833e-12
Ablated PINN,1,61,True,optimal,4.488692432641983e-05,0.1706483787856996,0.17069326571002602,0.1633260962553322,38559.43102619601,0.9568397181690274,38559.43102620548,2.4549171510393222e-11
Ablated PINN,1,62,True,optimal,4.488692432641983e-05,0.16988033521920443,0.16992522214353084,0.1568778399378061,37686.15846246544,0.9232169183530389,37686.15846246424,-3.1856072768360532e-12
Ablated PINN,1,63,True,optimal,4.488692432641983e-05,0.15822372306138277,0.15826860998570919,0.1753939697518944,37413.68150609963,1.1082043986342682,37413.68150608994,-2.5903827562418004e-11
Ablated PINN,1,64,True,optimal,4.488692432641983e-05,0.15631249686703086,0.15635738379135727,0.1682122419588267,36439.882954135726,1.075818985199244,36439.88295413408,-4.512545835767641e-12
Ablated PINN,1,65,True,optimal,4.488692432641983e-05,0.18257084535434842,0.18261573227867484,0.1703032590448856,38366.51620609775,0.9325771494046298,38366.516206094886,-7.471951022575901e-12
Ablated PINN,1,66,True,optimal,4.488692432641983e-05,0.17333564208820462,0.17338052901253104,0.1573258978314697,37814.308432089,0.9074023405482804,37814.308432088736,-6.926861417577249e-13
Ablated PINN,1,67,True,optimal,4.488692432641983e-05,0.17797479731962085,0.17801968424394726,0.1498328209854662,37614.95786348039,0.8416643452762474,37614.957863476135,-1.131580479166186e-11
Ablated PINN,1,68,True,optimal,4.488692432641983e-05,0.1944719380699098,0.19451682499423623,0.1642994992434978,36768.491662672684,0.8446544366964975,36768.4916626709,-4.848198919415131e-12
Ablated PINN,1,69,True,optimal,4.488692432641983e-05,0.18215346289798617,0.1821983498223126,0.1661655101925134,36594.212788340985,0.9120033762905368,36594.21278834555,1.2466521552135921e-11
Ablated PINN,1,70,True,optimal,4.488692432641983e-05,0.16390789905562997,0.16395278597995638,0.1636013891547918,37939.40345430642,0.9978567194020873,37939.40345430592,-1.3232708732052317e-12
Ablated PINN,1,71,True,optimal,4.488692432641983e-05,0.21821909816935658,0.218263985093683,0.1718249088153243,37461.55847289165,0.7872343609119655,37461.55847289172,1.7480217374041397e-13
Ablated PINN,1,72,True,optimal,4.488692432641983e-05,0.21857921313494444,0.21862410005927085,0.1588552822358906,38787.67504438643,0.7266137731056347,38787.67504438538,-2.7012134530967404e-12
Ablated PINN,1,73,True,optimal,4.488692432641983e-05,0.1822149809449911,0.18225986786931753,0.1616515391506254,37538.58368513447,0.8869288727155858,37538.58368513436,-2.9073916354487104e-13
Ablated PINN,1,74,True,optimal,4.488692432641983e-05,0.1696270634420216,0.16967195036634802,0.1628123982809484,38012.70549453402,0.9595716789334431,38012.705494531656,-6.220778536664905e-12
Ablated PINN,1,75,True,optimal,4.488692432641983e-05,0.23355909995734692,0.23360398688167333,0.1758916899561882,38298.60953290395,0.7529481508604647,38298.60953290396,1.8997968080100514e-14
Ablated PINN,1,76,True,optimal,4.488692432641983e-05,0.19125306187197566,0.19129794879630208,0.157206985168159,37765.73389393453,0.8217912745920564,37765.733893933095,-3.795407906065727e-12
Ablated PINN,1,77,True,optimal,4.488692432641983e-05,0.22468290198594332,0.22472778891026973,0.1539055360481143,38288.2214258203,0.6848531585453651,38288.2214258189,-3.667602639255568e-12
Ablated PINN,1,78,True,optimal,4.488692432641983e-05,0.21822029491886497,0.21826518184319138,0.1596518591977656,37333.24443724882,0.7314582099148756,37333.24443724727,-4.151203559138824e-12
Ablated PINN,1,79,True,optimal,4.488692432641983e-05,0.20492015406489372,0.20496504098922014,0.1683754809200763,36868.85723945147,0.8214838984611613,36868.85723945079,-1.855061607392032e-12
Ablated PINN,1,80,True,optimal,4.488692432641983e-05,0.2618191340006888,0.2618640209250152,0.1564240306615829,37887.28953562926,0.5973483111922998,37887.28953562887,-1.017823545252765e-12
Ablated PINN,1,81,True,optimal,4.488692432641983e-05,0.25975734600797296,0.25980223293229937,0.1671471409499645,38047.12494683865,0.6433629883139633,38047.1249468365,-5.660568194857111e-12
Ablated PINN,1,82,True,optimal,4.488692432641983e-05,0.21149031585082412,0.21153520277515053,0.1646295888349414,37523.29088594467,0.778260954560518,37523.29088594357,-2.927967067390757e-12
Ablated PINN,1,83,True,optimal,4.488692432641983e-05,0.21273432485759258,0.212779211781919,0.1670937710441649,37748.46372995909,0.785291803860154,37748.46372995723,-4.934360143914062e-12
Ablated PINN,1,84,True,optimal,4.488692432641983e-05,0.2345546162687242,0.23459950319305062,0.1756737977266311,37190.51122014362,0.7488242529740999,37190.5112201422,-3.814983145478496e-12
Ablated PINN,1,85,True,optimal,4.488692432641983e-05,0.23434699699282646,0.23439188391715288,0.1668096119537949,38475.23518885515,0.7116697437047551,38475.23518885521,1.5128604315933593e-13
Ablated PINN,1,86,True,optimal,4.488692432641983e-05,0.2527636499144137,0.2528085368387401,0.157599345780909,36474.638078183685,0.6233940821446131,36474.63807818142,-6.2038252803514215e-12
Ablated PINN,1,87,True,optimal,4.488692432641983e-05,0.24586304323747754,0.24590793016180396,0.1772752371616661,37692.54814357951,0.7209008552307422,37692.548143567474,-3.1927886244298166e-11
Ablated PINN,1,88,True,optimal,4.488692432641983e-05,0.2327219252474606,0.23276681217178702,0.1681899102404713,38016.96605048681,0.7225682590709859,38016.96605045691,-7.864096729069958e-11
Ablated PINN,1,89,True,optimal,4.488692432641983e-05,0.27379951206967235,0.27384439899399876,0.1562495599500835,38555.68784773327,0.5705778921317565,38555.687847732435,-2.170198931310952e-12
Ablated PINN,1,90,True,optimal,4.488692432641983e-05,0.24573738779872656,0.24578227472305297,0.1743980650790035,38145.630979779344,0.7095632314230752,38145.63097977892,-1.1063011170174117e-12
Ablated PINN,1,91,True,optimal,4.488692432641983e-05,0.2172136609442532,0.21725854786857962,0.1723951939493417,37522.18984335877,0.7935024680990875,37522.18984335708,-4.498730414022799e-12
Ablated PINN,1,92,True,optimal,4.488692432641983e-05,0.14059269800782204,0.14063758493214845,0.1533668269403278,38441.50359721302,1.0905109541970637,38441.50359721092,-5.470003911739441e-12
Ablated PINN,1,93,True,optimal,4.488692432641983e-05,0.3119998169131577,0.3120447038374841,0.1692102262750268,37228.57908703115,0.5422627725902796,37228.57908703118,9.7720055299103e-14
Ablated PINN,1,94,True,optimal,4.488692432641983e-05,0.24806278012692928,0.2481076670512557,0.1745448019355535,36075.97847745826,0.7035042649427472,36075.97847746251,1.1778361741007714e-11
Ablated PINN,1,95,True,optimal,4.488692432641983e-05,0.23487585131078959,0.234920738235116,0.1947493818588554,37387.78907527332,0.8290003825202701,37387.78907527242,-2.4131374613842397e-12
Ablated PINN,1,96,True,optimal,4.488692432641983e-05,0.23781708627939224,0.23786197320371866,0.1967294388450682,36501.84934506344,0.8270739378613403,36501.849345063296,-3.986624099727942e-13
Ablated PINN,1,97,True,optimal,4.488692432641983e-05,0.17315974505618215,0.17320463198050856,0.1600716123357415,37267.59634093165,0.9241762792680684,37267.59634093129,-9.566539248559308e-13
Ablated PINN,1,98,True,optimal,4.488692432641983e-05,0.19916132278740406,0.19920620971173048,0.1627348968759179,37118.319200907456,0.8169167874405628,37118.31920090708,-1.0193074581035673e-12
Ablated PINN,1,99,True,optimal,4.488692432641983e-05,0.23033714527264237,0.2303820321969688,0.1670588622801005,37267.28662013373,0.7251384176404472,37267.28662013264,-2.928556761462441e-12
Ablated PINN,1,100,True,optimal,4.488692432641983e-05,0.23438939498737454,0.23443428191170096,0.1672959411516785,36805.742381092845,0.7136155164144895,36805.74238109391,2.8862067246780484e-12
Ablated PINN,1,101,True,optimal,4.488692432641983e-05,0.2369144931435585,0.23695938006788492,0.1578561551868915,36720.79052825218,0.6661739034836618,36720.79052825072,-3.98266883531736e-12
Ablated PINN,1,102,True,optimal,4.488692432641983e-05,0.21766672702506185,0.21771161394938826,0.1699013072066009,38807.4214056756,0.7803961585903181,38807.42140567569,2.2498658299783807e-13
Ablated PINN,1,103,True,optimal,4.488692432641983e-05,0.25994795095175505,0.25999283787608146,0.1637306381016969,37074.08902982997,0.6297505709743231,37074.08902982959,-1.020523513425013e-12
Ablated PINN,1,104,True,optimal,4.488692432641983e-05,0.2501757191494107,0.25022060607373714,0.1857084440998733,38523.04834376025,0.7421788597424592,38523.048343762224,5.118454011864529e-12
Ablated PINN,1,105,True,optimal,4.488692432641983e-05,0.22955388156697154,0.22959876849129796,0.1765054389834404,37290.9212997232,0.7687560353361832,37290.92129972864,1.4574969317894977e-11
Ablated PINN,1,106,True,optimal,4.488692432641983e-05,0.25984583515673876,0.2598907220810652,0.1627001846209168,38125.56514261794,0.6260330623505956,38125.56514261521,-7.156573535663608e-12
Ablated PINN,1,107,True,optimal,4.488692432641983e-05,0.24324946710839868,0.2432943540327251,0.1486449730582535,36918.559273525694,0.6109676225296191,36918.55927352569,-1.9708129887400608e-14
Ablated PINN,1,108,True,optimal,4.488692432641983e-05,0.2749900231137872,0.2750349100381136,0.1685370439663529,38254.66403269718,0.612784187807277,38254.66403268222,-3.91046928081109e-11
Ablated PINN,1,109,True,optimal,4.488692432641983e-05,0.28415958071127534,0.28420446763560175,0.1633912259712815,37194.60318317333,0.574907309975073,37194.60318318457,3.022307956493788e-11
Ablated PINN,1,110,True,optimal,4.488692432641983e-05,0.28833850705996156,0.288383393984288,0.1715034088119864,37328.73881476896,0.5947062569813935,37328.73881476713,-4.911875881669997e-12
Ablated PINN,1,111,True,optimal,4.488692432641983e-05,0.30242427019402385,0.30246915711835026,0.1681589698418975,36987.63648211704,0.555954106011874,36987.63648211785,2.1835169045333236e-12
Ablated PINN,1,112,True,optimal,4.488692432641983e-05,0.21205768082290888,0.2121025677472353,0.1514539830386638,37816.37176732379,0.7140601108570878,37816.3717673191,-1.2409949558416946e-11
Ablated PINN,1,113,True,optimal,4.488692432641983e-05,0.16153820790350437,0.1615830948278308,0.1617690618149936,37243.61461154032,1.0011509062093467,37243.61461153837,-5.2356804272079006e-12
Ablated PINN,1,114,True,optimal,4.488692432641983e-05,0.2188223390839994,0.2188672260083258,0.1670810040086507,37855.0080039518,0.7633897822705299,37855.00800395083,-2.5563390782677268e-12
Ablated PINN,1,115,True,optimal,4.488692432641983e-05,0.24532251013442874,0.24536739705875515,0.1495927912183106,37754.193696234826,0.6096685746007625,37754.19369622788,-1.840468260943986e-11
Ablated PINN,1,116,True,optimal,4.488692432641983e-05,0.25085795391350985,0.25090284083783626,0.186199280899018,36220.84474518762,0.7421170692099197,36220.84474518955,5.323257315843754e-12
Ablated PINN,1,117,True,optimal,4.488692432641983e-05,0.2547640101984143,0.25480889712274074,0.1601749858818948,37509.507798005856,0.6286082930798879,37509.50779800183,-1.0726892451671531e-11
Ablated PINN,1,118,True,optimal,4.488692432641983e-05,0.19377759704366326,0.19382248396798968,0.1637512389570474,37102.10286882047,0.8448516168232132,37102.10286880862,-3.192611221463954e-11
Ablated PINN,1,119,True,optimal,4.488692432641983e-05,0.1714108227752149,0.17145570969954133,0.1608690395951271,36526.41564666311,0.9382541991575184,36526.41564666306,-1.394379995890368e-13
Ablated PINN,1,120,True,optimal,4.488692432641983e-05,0.15206351084634662,0.15210839777067303,0.1661076066084206,37424.06804941405,1.0920344244165503,37424.068049413945,-2.721868891005366e-13
Ablated PINN,1,121,True,optimal,4.488692432641983e-05,0.18301168689504266,0.18305657381936907,0.1644488447345793,37793.24658383422,0.89834984509679,37793.24658383444,5.968121461577889e-13
Ablated PINN,1,122,True,optimal,4.488692432641983e-05,0.22934701014310122,0.22939189706742763,0.1663602860644459,37859.33108234029,0.7252230274530831,37859.331082338766,-4.035863960869719e-12
Ablated PINN,1,123,True,optimal,4.488692432641983e-05,0.1756776706315577,0.17572255755588412,0.1640323339961469,37214.071053609325,0.9334734041984368,37214.071053608284,-2.7958831414315727e-12
Ablated PINN,1,124,True,optimal,4.488692432641983e-05,0.25765887275338173,0.25770375967770814,0.1715477150864899,37913.0085905288,0.6656779679932977,37913.00859052868,-3.0705904425642705e-13
Ablated PINN,1,125,True,optimal,4.488692432641983e-05,0.2693406022153795,0.2693854891397059,0.1711934232152998,38060.45539918696,0.6354960831855246,38060.455399186896,-1.7205158961143086e-13
Ablated PINN,1,126,True,optimal,4.488692432641983e-05,0.2358072279021144,0.2358521148264408,0.1738632507622242,38667.85539992995,0.7371706244405183,38667.85539993259,6.830408841224146e-12
Ablated PINN,1,127,True,optimal,4.488692432641983e-05,0.259655486792326,0.2597003737166524,0.1590948719531297,36284.69110908966,0.6126093300378193,36284.69110909023,1.5640885358512447e-12
Ablated PINN,1,128,True,optimal,4.488692432641983e-05,0.2465529702603817,0.2465978571847081,0.1773588857613504,37414.30817167844,0.7192231424318665,37414.30817167842,-5.834097677923483e-14
Ablated PINN,1,129,True,optimal,4.488692432641983e-05,0.2624501888640225,0.2624950757883489,0.1706784111447632,37763.21038505876,0.6502156683593641,37763.210385058475,-7.514253795154712e-13
Ablated PINN,1,130,True,optimal,4.488692432641983e-05,0.20482330303639174,0.20486818996071815,0.1864167973399162,36074.912873206165,0.9099352973034034,36074.91287320606,-2.823663274159277e-13
Ablated PINN,1,131,True,optimal,4.488692432641983e-05,0.2122186841443181,0.21226357106864452,0.1652475572191178,38410.38132021087,0.7785017296523195,38410.38132020951,-3.5422821307331684e-12
Ablated PINN,1,132,True,optimal,4.488692432641983e-05,0.19362095929682255,0.19366584622114896,0.1704833069816231,37569.20204751008,0.880296192168786,37569.20204750849,-4.241332343154667e-12
Ablated PINN,1,133,True,optimal,4.488692432641983e-05,0.21400052681565285,0.21404541373997926,0.1787672601640224,37451.83319371508,0.8351837913293835,37451.83319371526,4.856876815982154e-13
Ablated PINN,1,134,True,optimal,4.488692432641983e-05,0.21140498481690884,0.21144987174123525,0.1718095559626817,38325.85089692487,0.8125309064880212,38325.85089692505,4.556271515276738e-13
Ablated PINN,1,135,True,optimal,4.488692432641983e-05,0.20096356701105833,0.20100845393538475,0.1495797391980886,37479.0917670911,0.7441465086148655,37479.091767091275,4.659210629371006e-13
Ablated PINN,1,136,True,optimal,4.488692432641983e-05,0.19786560907959938,0.1979104960039258,0.1641923622228205,36375.48393757107,0.8296293806446907,36375.483937573925,7.840927668907196e-12
Ablated PINN,1,137,True,optimal,4.488692432641983e-05,0.20660758670419455,0.20665247362852096,0.1717461482621729,36341.14356950892,0.8310868253670375,36341.14356950664,-6.2666567684738015e-12
Ablated PINN,1,138,True,optimal,4.488692432641983e-05,0.22341483505442739,0.2234597219787538,0.1761316540651023,37306.82701671253,0.7882031379321622,37306.82701671148,-2.8084347563866873e-12
Ablated PINN,1,139,True,optimal,4.488692432641983e-05,0.22782481089234352,0.22786969781666994,0.1690136389806866,36816.46134032205,0.7417117791443454,36816.46134032122,-2.252957339787765e-12
Ablated PINN,1,140,True,optimal,4.488692432641983e-05,0.22041211696341634,0.22045700388774275,0.1539248223416507,36798.35369442655,0.6982079027982689,36798.35369441719,-2.5447218446819693e-11
Ablated PINN,1,141,True,optimal,4.488692432641983e-05,0.17961319396272302,0.17965808088704943,0.1662877900525927,37974.67003816838,0.925579240474785,37974.670038168726,9.196813695281013e-13
Ablated PINN,1,142,True,optimal,4.488692432641983e-05,0.16918915323913097,0.1692340401634574,0.1671390552073717,36542.8854043658,0.9876207827097775,36542.88540436376,-5.5750062137347415e-12
Ablated PINN,1,143,True,optimal,4.488692432641983e-05,0.17246580962091684,0.17251069654524326,0.167740907985717,36793.263327967645,0.9723507663290009,36793.26332796434,-8.977960795144668e-12
Ablated PINN,1,144,True,optimal,4.488692432641983e-05,0.16869525099173188,0.1687401379160583,0.1648941347375512,36690.69079785206,0.9772075380167087,36690.690797851996,-1.7847474959911183e-13
Ablated PINN,1,145,True,optimal,4.488692432641983e-05,0.16335954191163182,0.16340442883595824,0.162685742136091,37475.75503118665,0.9956017917936072,37475.75503118335,-8.814458185272962e-12
Ablated PINN,1,146,True,optimal,4.488692432641983e-05,0.2282591350376606,0.228304021961987,0.1855383249931037,36720.69366883008,0.8126809304480677,36720.69366883269,7.113342702752572e-12
Ablated PINN,1,147,True,optimal,4.488692432641983e-05,0.15209375694394112,0.15213864386826753,0.1595391239970922,36749.20658451377,1.0486430004938951,36749.206584513755,-3.959790314085059e-14
Ablated PINN,1,148,True,optimal,4.488692432641983e-05,0.1553003811277449,0.15534526805207133,0.1707322807051241,38037.44471917262,1.099050411035984,38037.44471917613,9.219892650330206e-12
Ablated PINN,1,149,True,optimal,4.488692432641983e-05,0.15872902236878872,0.15877390929311513,0.175685788039118,37751.80857057275,1.106515477393591,37751.80857057622,9.193286132179705e-12
Ablated PINN,1,150,True,optimal,4.488692432641983e-05,0.1599038210697472,0.15994870799407362,0.1770532489754259,36709.474531042135,1.1069376626786258,36709.474531044136,5.450604699362989e-12
Ablated PINN,1,151,True,optimal,4.488692432641983e-05,0.1486309077590704,0.1486757946833968,0.1814922061748802,38595.67212062213,1.2207246415690296,38595.67212062357,3.732645471507588e-12
Ablated PINN,1,152,True,optimal,4.488692432641983e-05,0.16473999014124274,0.16478487706556916,0.1631717029958963,38871.27775832071,0.9902104240486161,38871.27775831884,-4.810547053459977e-12
Ablated PINN,1,153,True,optimal,4.488692432641983e-05,0.18214242113754153,0.18218730806186795,0.1652596071362495,37324.90796936957,0.907086277821998,37324.9079693672,-6.3354107304167425e-12
Ablated PINN,1,154,True,optimal,4.488692432641983e-05,0.18135950900614262,0.18140439593046903,0.1617744881659746,38338.45587072416,0.8917892388229751,38338.455870724254,2.4671689778881517e-13
Ablated PINN,1,155,True,optimal,4.488692432641983e-05,0.18260001298040152,0.18264489990472793,0.1514321439899504,36979.26468021715,0.829106884829202,36979.264680216846,-8.263826293960515e-13
Ablated PINN,1,156,True,optimal,4.488692432641983e-05,0.19677655678242445,0.19682144370675086,0.161924394313246,38617.83856606487,0.8226969138306961,38617.838566064966,2.4493201198345297e-13
Ablated PINN,1,157,True,optimal,4.488692432641983e-05,0.1966685322113335,0.19671341913565993,0.1768717681989073,37676.14049838544,0.8991342277312093,37676.14049838765,5.870800685666169e-12
Ablated PINN,1,158,True,optimal,4.488692432641983e-05,0.21233429806306958,0.212379184987396,0.1652848063968122,37010.94031413656,0.7782533227379195,37010.94031413888,6.2712010535922014e-12
Ablated PINN,1,159,True,optimal,4.488692432641983e-05,0.17789503000676632,0.17793991693109273,0.1622777027077973,37387.229501181,0.9119803218219966,37387.229501169815,-2.991167573047013e-11
Ablated PINN,1,160,True,optimal,4.488692432641983e-05,0.19696812890470028,0.1970130158290267,0.172804741654545,37624.14857988171,0.8771234779965488,37624.148579884204,6.633116112558052e-12
Ablated PINN,1,161,True,optimal,4.488692432641983e-05,0.21946333907544613,0.21950822599977254,0.1660154690034687,37667.62044016228,0.7563063673232944,37667.62044016232,9.658106258320468e-14
Ablated PINN,1,162,True,optimal,4.488692432641983e-05,0.20793596003204584,0.20798084695637226,0.1549761299975216,38997.61260539466,0.7451461625696267,38997.612605394344,-8.022700788781301e-13
Ablated PINN,1,163,True,optimal,4.488692432641983e-05,0.233356025069952,0.23340091199427843,0.1563915070146322,36891.7809473043,0.6700552524767597,36891.78094730351,-2.1497454435144153e-12
Ablated PINN,1,164,True,optimal,4.488692432641983e-05,0.20993336103856564,0.20997824796289205,0.1857619322836399,37682.00765341733,0.8846722652742025,37682.00765341733,0.0
Ablated PINN,1,165,True,optimal,4.488692432641983e-05,0.1716815996915102,0.17172648661583662,0.1776875653304159,36943.49853428515,1.0347126342130006,36943.49853428321,-5.258518440488476e-12
Ablated PINN,1,166,True,optimal,4.488692432641983e-05,0.2121340110898018,0.2121788980141282,0.1815414750017225,38013.99230255048,0.8556057020789801,38013.992302550425,-1.531216728045743e-13
Ablated PINN,1,167,True,optimal,4.488692432641983e-05,0.23256143182516098,0.2326063187494874,0.150634597055614,36492.36374661443,0.6475946047615525,36492.36374661365,-2.1333982915531317e-12
Ablated PINN,1,168,True,optimal,4.488692432641983e-05,0.2303100097924471,0.2303548967167735,0.1624871878884732,35896.81238105991,0.7053776160367662,35896.812381056516,-9.465665557581556e-12
Ablated PINN,1,169,True,optimal,4.488692432641983e-05,0.21132376603782177,0.21136865296214818,0.1908120033331215,36661.73709105121,0.9027450412303666,36661.7370910562,1.3614485617344525e-11
Ablated PINN,1,170,True,optimal,4.488692432641983e-05,0.24201677180826664,0.24206165873259305,0.1553251221776008,37501.11606822907,0.6416758564361875,37501.11606822836,-1.9013936675715796e-12
Ablated PINN,1,171,True,optimal,4.488692432641983e-05,0.21435354882851243,0.21439843575283885,0.1504521407186985,38070.898397441735,0.7017408508154489,38070.898397440826,-2.3889499330387324e-12
Ablated PINN,1,172,True,optimal,4.488692432641983e-05,0.20397827308624983,0.20402316001057624,0.168362864293158,36422.388320820326,0.8252144721434093,36422.38832081955,-2.1374970193060974e-12
Ablated PINN,1,173,True,optimal,4.488692432641983e-05,0.1585380183532834,0.15858290527760982,0.1747743510641157,37904.42605564062,1.1021008270605315,37904.42605563675,-1.0212024962635099e-11
Ablated PINN,1,174,True,optimal,4.488692432641983e-05,0.23196901427581906,0.23201390120014548,0.1656758869066834,36731.84934972731,0.7140774154035021,36731.849349726865,-1.208306748291953e-12
Ablated PINN,1,175,True,optimal,4.488692432641983e-05,0.24354983493685722,0.24359472186118364,0.1569489380344748,37032.12061012018,0.6443035252788222,37032.120610119375,-2.1808939965313513e-12
Ablated PINN,1,176,True,optimal,4.488692432641983e-05,0.2513905097730458,0.2514353966973722,0.1728973733261227,38902.62361384735,0.687641340865869,38902.6236138473,-1.1221799876130036e-13
Ablated PINN,1,177,True,optimal,4.488692432641983e-05,0.28348937816917896,0.2835342650935054,0.1639495980925858,38307.73581538626,0.5782355724748741,38307.73581538522,-2.7160622174133548e-12
Ablated PINN,1,178,True,optimal,4.488692432641983e-05,0.26381414476782084,0.26385903169214725,0.1598042650148272,37139.02947648978,0.6056425811540002,37139.029476487485,-6.171207704602631e-12
Ablated PINN,1,179,True,optimal,4.488692432641983e-05,0.2604060457088053,0.26045093263313174,0.1634914721362292,38733.38589152958,0.6277246561697725,38733.385891525875,-9.561421859660496e-12
Ablated PINN,1,180,True,optimal,4.488692432641983e-05,0.27676615165546536,0.2768110385797918,0.1709708841517567,36885.681009533975,0.617644747944088,36885.681009533946,-7.890278736947037e-14
Ablated PINN,1,181,True,optimal,4.488692432641983e-05,0.25365278078243136,0.2536976677067578,0.1658735247328877,38031.3976563549,0.6538236091496764,38031.39765635464,-6.887321798620122e-13
Ablated PINN,1,182,True,optimal,4.488692432641983e-05,0.2768511767499149,0.2768960636742413,0.1578817530535161,37802.02526979338,0.5701841729294446,37802.02526979283,-1.462812573483481e-12
Ablated PINN,1,183,True,optimal,4.488692432641983e-05,0.29898858396336436,0.2990334708876908,0.1625083871185779,37724.10494206256,0.5434454766423517,37724.10494206338,2.1794637981880623e-12
Ablated PINN,1,184,True,optimal,4.488692432641983e-05,0.2581576183438301,0.2582025052681565,0.1592451990582049,37456.86259188247,0.6167453677214347,37456.862591882425,-1.1654939219218399e-13
Ablated PINN,1,185,True,optimal,4.488692432641983e-05,0.28619746398180723,0.28624235090613365,0.1703727087005973,37067.62150571223,0.5952044068994772,37067.62150571033,-5.123136743503299e-12
Ablated PINN,1,186,True,optimal,4.488692432641983e-05,0.18976668361574411,0.18981157054007053,0.1595674627460539,37351.80616304193,0.8406624648436177,37351.80616304154,-1.051894811862311e-12
Ablated PINN,1,187,True,optimal,4.488692432641983e-05,0.23932237783446908,0.2393672647587955,0.1596722630783915,37804.61325279761,0.6670597303239827,37804.61325279633,-3.3873340577066178e-12
Ablated PINN,1,188,True,optimal,4.488692432641983e-05,0.21065988391637802,0.21070477084070444,0.1793889189139008,39431.60362680566,0.8513756864552496,39431.60362680771,5.185039160303535e-12
Ablated PINN,1,189,True,optimal,4.488692432641983e-05,0.23887692717835307,0.2389218141026795,0.1632190379314124,38769.074143244274,0.6831483284371308,38769.07414324187,-6.193250846819435e-12
Ablated PINN,1,190,True,optimal,4.488692432641983e-05,0.21321943821385503,0.21326432513818144,0.1698100757785141,38488.48953175455,0.7962422954166769,38488.48953175435,-5.293188058966385e-13
Ablated PINN,1,191,True,optimal,4.488692432641983e-05,0.22186315897852182,0.22190804590284824,0.1626811670139432,37170.955207625775,0.7331017059433947,37170.95520762472,-2.8382747985990853e-12
Ablated PINN,1,192,True,optimal,4.488692432641983e-05,0.22395436698570848,0.2239992539100349,0.1730627827346325,37654.766007572165,0.7726042819952423,37654.76600757203,-3.671333255441958e-13
Ablated PINN,1,193,True,optimal,4.488692432641983e-05,0.1556690181605518,0.1557139050848782,0.1798879741691053,36704.63102917692,1.1552466947062308,36704.631029180084,8.62300334705412e-12
Ablated PINN,1,194,True,optimal,4.488692432641983e-05,0.16201688582077622,0.16206177274510264,0.1535031939856708,37954.35015798275,0.9471894042965141,37954.35015798128,-3.8723978462213985e-12
Ablated PINN,1,195,True,optimal,4.488692432641983e-05,0.19009304279461503,0.19013792971894145,0.1645955871790647,37708.2936063213,0.865664138777397,37708.29360632981,2.2575591718548458e-11
Ablated PINN,1,196,True,optimal,4.488692432641983e-05,0.17230280814692378,0.1723476950712502,0.1679300027899444,37142.77210495334,0.9743675580953985,37142.77210495186,-3.996188946531198e-12
Ablated PINN,1,197,True,optimal,4.488692432641983e-05,0.18322628177702427,0.18327116870135068,0.1785661419853568,36277.17441392123,0.9743275128906885,36277.17441392291,4.633068137278606e-12
Ablated PINN,1,198,True,optimal,4.488692432641983e-05,0.1663507828488946,0.166395669773221,0.1703263069503009,38636.0996425531,1.0236222323720137,38636.099642552865,-6.026246070590267e-13
Ablated PINN,1,199,True,optimal,4.488692432641983e-05,0.1682894299738109,0.16833431689813733,0.1708356100134551,36356.95851743364,1.0148590802006898,36356.958517432926,-1.9612307389466086e-12
Ablated PINN,1,200,True,optimal,4.488692432641983e-05,0.20420706504955888,0.2042519519738853,0.1640653940849006,37915.65990186803,0.8032500668873765,37915.65990186675,-3.377413299440403e-12
Ablated PINN,1,201,True,optimal,4.488692432641983e-05,0.1712486520409584,0.17129353896528482,0.1620677299797535,37653.60798107942,0.9461403562489238,37653.60798107782,-4.251148192557525e-12
Ablated PINN,1,202,True,optimal,4.488692432641983e-05,0.23452571593225002,0.23457060285657644,0.1618226491846144,37618.08398919161,0.6898675589095776,37618.08398919006,-4.119771151200446e-12
Ablated PINN,1,203,True,optimal,4.488692432641983e-05,0.22528197895735502,0.22532686588168144,0.1567703308537602,36636.40241760074,0.695746289464124,36636.402417600875,3.773383453258248e-13
Ablated PINN,1,204,True,optimal,4.488692432641983e-05,0.21321162302047014,0.21325650994479656,0.1892231041565537,39250.50691723152,0.8873028270299268,39250.5069172316,2.0390955440343872e-13
Ablated PINN,1,205,True,optimal,4.488692432641983e-05,0.20177630800753832,0.20182119493186473,0.157188419252634,37668.48343859015,0.7788499087308502,37668.48343858471,-1.4428880171551831e-11
Ablated PINN,1,206,True,optimal,4.488692432641983e-05,0.2445369460619986,0.24458183298632502,0.1910028969869017,38117.19770091682,0.7809365669345564,38117.19770091819,3.588616461785655e-12
Ablated PINN,1,207,True,optimal,4.488692432641983e-05,0.2224094457924366,0.22245433271676301,0.1794584486633539,36823.91951985686,0.8067204017637496,36823.919519856776,-2.3710537202081223e-13
Ablated PINN,1,208,True,optimal,4.488692432641983e-05,0.23608600534498692,0.23613089226931333,0.1585283237509429,37588.82950263362,0.6713578313596397,37588.82950263293,-1.838886665249835e-12
Ablated PINN,1,209,True,optimal,4.488692432641983e-05,0.21860369620844722,0.21864858313277363,0.1773438658565282,37769.670641839104,0.8110908532566924,37769.670641841534,6.4341833059175785e-12
Ablated PINN,1,210,True,optimal,4.488692432641983e-05,0.20736504392698407,0.2074099308513105,0.1568648456595838,36393.4042473068,0.7563034470709032,36393.40424730685,1.39947620599557e-13
Ablated PINN,1,211,True,optimal,4.488692432641983e-05,0.21961972303688526,0.21966460996121168,0.1842784197069704,36866.41208974054,0.8389080960265299,36866.41208974053,-1.9736006846753157e-14
Ablated PINN,1,212,True,optimal,4.488692432641983e-05,0.2625052472576499,0.2625501341819763,0.1765705519355833,37000.58188317278,0.6725212785958827,37000.581883172825,1.1798664632610664e-13
Ablated PINN,1,213,True,optimal,4.488692432641983e-05,0.2825492871925235,0.2825941741168499,0.1600435953587293,37617.887961815424,0.5663372072651182,37617.88796181415,-3.3848061426908748e-12
Ablated PINN,1,214,True,optimal,4.488692432641983e-05,0.3083754787221551,0.3084203656464815,0.1678324625827372,36208.91296504872,0.5441678996487237,36208.91296504623,-6.892373333808412e-12
Ablated PINN,1,215,True,optimal,4.488692432641983e-05,0.24065329041332006,0.24069817733764648,0.1560721979476511,37734.78839340876,0.6484145400433017,37734.788393408104,-1.7353646678747254e-12
Ablated PINN,1,216,True,optimal,4.488692432641983e-05,0.24594156723469496,0.24598645415902137,0.1625712476670742,36943.99694244033,0.6608951221435053,36943.996942438556,-4.805472620157397e-12
Ablated PINN,1,217,True,optimal,4.488692432641983e-05,0.2789505417458713,0.2789954286701977,0.165911469142884,36934.68781202453,0.5946745075132002,36934.68781202115,-9.160278564731263e-12
Ablated PINN,1,218,True,optimal,4.488692432641983e-05,0.2400318868458271,0.24007677377015352,0.1805611685849726,37194.76219849735,0.7520976133986188,37194.762198493794,-9.565710500709787e-12
Ablated PINN,1,219,True,optimal,4.488692432641983e-05,0.1651868657208979,0.16523175264522433,0.1616897610947489,36459.26179715375,0.9785634934340944,36459.2617971547,2.614288936405284e-12
Ablated PINN,1,220,True,optimal,4.488692432641983e-05,0.18574958899989724,0.18579447592422366,0.1711063073016703,36351.68314944333,0.9209439971264597,36351.68314944188,-3.9830770951376825e-12
Ablated PINN,1,221,True,optimal,4.488692432641983e-05,0.15310463635250926,0.15314952327683568,0.1655836827121675,38386.03849675534,1.0811896711742004,38386.038496752655,-6.994283507167912e-12
Ablated PINN,1,222,True,optimal,4.488692432641983e-05,0.256854300852865,0.2568991877771914,0.1587713342159986,38598.88256640612,0.6180297243823945,38598.882566405235,-2.2997215719994535e-12
Ablated PINN,1,223,True,optimal,4.488692432641983e-05,0.2711386983282864,0.2711835852526128,0.1660617548041045,37712.86717243253,0.6123591686031244,37712.86717243292,1.022530988663751e-12
Ablated PINN,1,224,True,optimal,4.488692432641983e-05,0.23691106215119362,0.23695594907552003,0.1644339892081916,37377.80931444781,0.6939432829170497,37377.80931444949,4.496641830281651e-12
Ablated PINN,1,225,True,optimal,4.488692432641983e-05,0.2837979248724878,0.2838428117968142,0.1800620970316231,38142.76854110703,0.6343725806962432,38142.76854110583,-3.1474721218687443e-12
Ablated PINN,1,226,True,optimal,4.488692432641983e-05,0.28171976981684566,0.28176465674117207,0.1751570329070091,36652.61986323667,0.6216430227014159,36652.61986323665,-5.955337687728042e-14
Ablated PINN,1,227,True,optimal,4.488692432641983e-05,0.2927524112164974,0.29279729814082384,0.1590660600923001,37479.91845667105,0.5432634150052698,37479.91845667032,-1.9412949424089204e-12
Ablated PINN,1,228,True,optimal,4.488692432641983e-05,0.23317945702001452,0.23322434394434094,0.1576206497848034,37077.091757483,0.675832750214187,37077.09175745148,-8.501057361997993e-11
Ablated PINN,1,229,True,optimal,4.488692432641983e-05,0.22316103521734476,0.22320592214167118,0.1605486427433788,38565.13544251396,0.7192848702351046,38565.135442510684,-8.490002404537403e-12
Ablated PINN,1,230,True,optimal,4.488692432641983e-05,0.27295616175979376,0.2730010486841202,0.1766178421676159,37523.37283202936,0.6469493176635162,37523.37283202822,-3.0443034813003987e-12
Ablated PINN,1,231,True,optimal,4.488692432641983e-05,0.22815663972869515,0.22820152665302157,0.1781322686001658,36811.091560241504,0.7805919233442042,36811.09156024258,2.9253186505944576e-12
Ablated PINN,1,232,True,optimal,4.488692432641983e-05,0.24312888318672776,0.24317377011105418,0.1704593249596655,36454.50453871415,0.7009774322362936,36454.50453871218,-5.408891269800971e-12
Ablated PINN,1,233,True,optimal,4.488692432641983e-05,0.24223313201218843,0.24227801893651485,0.1522852038033306,38572.52253202994,0.6285555927516253,38572.522532028575,-3.5462550584567568e-12
Ablated PINN,1,234,True,optimal,4.488692432641983e-05,0.2476588492281735,0.2477037361524999,0.1642110357061028,37475.87660749561,0.6629332211808284,37475.876607494596,-2.6986909978490346e-12
Ablated PINN,1,235,True,optimal,4.488692432641983e-05,0.272748741786927,0.2727936287112534,0.1947568920440971,39128.37510686521,0.7139349000347929,39128.3751068651,-2.789263901572097e-13
Ablated PINN,1,236,True,optimal,4.488692432641983e-05,0.2973722480237484,0.2974171349480748,0.1505677769891917,38017.20189968063,0.5062511849409043,38017.20189967987,-1.9904136918646636e-12
Ablated PINN,1,237,True,optimal,4.488692432641983e-05,0.19466749299317598,0.1947123799175024,0.1522573833353817,39840.399711882914,0.7819604659954932,39840.399711882346,-1.4244954819994832e-12
Ablated PINN,1,238,True,optimal,4.488692432641983e-05,0.20306537905707955,0.20311026598140597,0.1679574307054281,38744.131994619696,0.8269273337508406,38744.131994616226,-8.957825619754373e-12
Ablated PINN,1,239,True,optimal,4.488692432641983e-05,0.2913516410626471,0.2913965279869735,0.1684877211228013,38558.736612995686,0.5782077167725668,38558.736613002926,1.877545392312597e-11
Ablated PINN,1,240,True,optimal,4.488692432641983e-05,0.2801280622370541,0.2801729491613805,0.1538734342902898,39137.74317886117,0.5492087467789697,39137.74317885368,-1.9148360978199345e-11
Ablated PINN,1,241,True,optimal,4.488692432641983e-05,0.28252867003902793,0.28257355696335434,0.1762340846471488,38256.22741549938,0.6236750761147964,38256.22741549935,-7.607605982847746e-14
Ablated PINN,1,242,True,optimal,4.488692432641983e-05,0.2680588229559362,0.2681037098802626,0.1742930398322641,37978.036565924514,0.6500955914041803,37978.036565928116,9.483373403911832e-12
Ablated PINN,1,243,True,optimal,4.488692432641983e-05,0.15969068510457873,0.15973557202890515,0.1684316070750355,36870.66957148542,1.0544401909710928,36870.66957148157,-1.0439142067763559e-11
Ablated PINN,1,244,True,optimal,4.488692432641983e-05,0.18980426713824272,0.18984915406256914,0.1818129550665617,37175.48521726529,0.9576706094073039,37175.48521726768,6.4195909845012666e-12
Ablated PINN,1,245,True,optimal,4.488692432641983e-05,0.20385488588362932,0.20389977280795574,0.1544076870195567,36815.17567001734,0.7572724819315347,36815.17567001522,-5.770934362461401e-12
Ablated PINN,1,246,True,optimal,4.488692432641983e-05,0.1913182740099728,0.19136316093429923,0.1696410691365599,36832.83422482399,0.8864875993284979,36832.834224822844,-3.121131803281627e-12
Ablated PINN,1,247,True,optimal,4.488692432641983e-05,0.2147994227707386,0.21484430969506502,0.1855394919402897,37846.35131537288,0.8635997490630842,37846.35131537282,-1.5379992757670125e-13
Ablated PINN,1,248,True,optimal,4.488692432641983e-05,0.18153468100354075,0.18157956792786717,0.1609608731232583,36997.63605376801,0.886448155814537,36997.63605376819,4.916501694601113e-13
Ablated PINN,1,249,True,optimal,4.488692432641983e-05,0.24705011397600174,0.24709500090032815,0.1657424569129943,37893.28124064964,0.6707641041262935,37893.28124064846,-3.1105913631814784e-12
Ablated PINN,1,250,True,optimal,4.488692432641983e-05,0.1929971920326352,0.19304207895696163,0.1777891954407096,36655.58670678856,0.9209867423793512,36655.58670678786,-1.9254033340709973e-12
Ablated PINN,1,251,True,optimal,4.488692432641983e-05,0.23731303215026855,0.23735791907459497,0.1761088618077337,38169.276495110855,0.7419548608040653,38169.27649511953,2.2722310382848283e-11
Ablated PINN,1,252,True,optimal,4.488692432641983e-05,0.23903023498132825,0.23907512190565466,0.1670485702343285,38923.15842106638,0.698728369990125,38923.15842106591,-1.1963604861410976e-12
Ablated PINN,1,253,True,optimal,4.488692432641983e-05,0.23186209332197905,0.23190698024630546,0.1596453660167753,36951.33447946284,0.6884025907595277,36951.33447946162,-3.3080290506481997e-12
Ablated PINN,1,254,True,optimal,4.488692432641983e-05,0.2075465926900506,0.20759147961437702,0.165907165966928,36702.85250401209,0.7992002671550779,36702.85250401222,3.5683122188114746e-13
Ablated PINN,1,255,True,optimal,4.488692432641983e-05,0.22464569192379713,0.22469057884812355,0.178510885220021,38275.468676115175,0.7944742771822353,38275.46867611375,-3.725852985491632e-12
Ablated PINN,1,256,True,optimal,4.488692432641983e-05,0.24163575284183025,0.24168063976615667,0.1201210739091038,39135.03731406025,0.497023981835407,39135.0373140597,-1.412986460803171e-12
Ablated PINN,1,257,True,optimal,4.488692432641983e-05,0.22978851106017828,0.2298333979845047,0.3116203770041466,37813.73931795047,1.3558533256561605,37813.73931794945,-2.7130615540919428e-12
Ablated PINN,1,258,True,optimal,4.488692432641983e-05,0.29665715293958783,0.29670203986391425,0.2800673176534474,36778.84401491579,0.9439345876486169,36778.844014915885,2.571789612148339e-13
Ablated PINN,1,259,True,optimal,4.488692432641983e-05,0.2751366198062897,0.2751815067306161,0.1633085631765425,39521.610471035856,0.5934576240852203,39521.61047103574,-2.945611791610869e-13
Ablated PINN,1,260,True,optimal,4.488692432641983e-05,0.27772457897663116,0.2777694659009576,0.1727011767216026,38194.32051010979,0.6217428404574228,38194.320510109705,-2.2859810098491035e-13
Ablated PINN,1,261,True,optimal,4.488692432641983e-05,0.24647321132943034,0.24651809825375676,0.1691072741523385,37153.86062032147,0.685983201031616,37153.860620319676,-4.837078841062187e-12
Ablated PINN,1,262,True,optimal,4.488692432641983e-05,0.20035039214417338,0.2003952790684998,0.1604688568040728,37529.685998911234,0.8007616624003442,37529.68599890713,-1.093438430185241e-11
Ablated PINN,1,263,True,optimal,4.488692432641983e-05,0.1808644998818636,0.18090938680619,0.1603829199448228,37950.82336621173,0.886537303432699,37950.82336620835,-8.895839493134317e-12
Ablated PINN,1,264,True,optimal,4.488692432641983e-05,0.21845644107088447,0.21850132799521088,0.1822337480261922,36860.41871620349,0.8340166611261346,36860.41871620349,0.0
Ablated PINN,1,265,True,optimal,4.488692432641983e-05,0.31127585656940937,0.3113207434937358,0.1596016641706228,37108.6975706572,0.5126599094539108,37108.69757065651,-1.843072003351718e-12
Ablated PINN,1,266,True,optimal,4.488692432641983e-05,0.3056738502345979,0.30571873715892434,0.170874651055783,39054.09120491704,0.5589276360478874,39054.091204914825,-5.663660442400148e-12
Ablated PINN,1,267,True,optimal,4.488692432641983e-05,0.22962799295783043,0.22967287988215684,0.1589646516367793,37597.41037609647,0.6921350562519296,37597.41037609649,5.805685185282844e-14
Ablated PINN,1,268,True,optimal,4.488692432641983e-05,0.2098397221416235,0.2098846090659499,0.1757277538999915,37107.99753300205,0.8372588856421309,37107.99753300223,4.705804525967779e-13
Ablated PINN,1,269,True,optimal,4.488692432641983e-05,0.23517970088869333,0.23522458781301975,0.1745945168659091,37915.33347375513,0.7422460317145692,37915.33347376481,2.5541907975520197e-11
Ablated PINN,1,270,True,optimal,4.488692432641983e-05,0.2550145061686635,0.2550593930929899,0.1566145559772849,36810.19218946578,0.6140317126849987,36810.192189465786,1.9766149485809086e-14
Ablated PINN,1,271,True,optimal,4.488692432641983e-05,0.2288851821795106,0.228930069103837,0.1770382681861519,37582.04308082628,0.7733290295992167,37582.04308082993,9.699458746471511e-12
Ablated PINN,1,272,True,optimal,4.488692432641983e-05,0.20255456632003188,0.2025994532443583,0.1543954899534583,37994.7429380693,0.7620725894419841,37994.74293806887,-1.1298444627893461e-12
Ablated PINN,1,273,True,optimal,4.488692432641983e-05,0.22493301425129175,0.22497790117561817,0.1699155429378152,36626.82554048875,0.7552543696510832,36626.82554048801,-2.0262407830738972e-12
Ablated PINN,1,274,True,optimal,4.488692432641983e-05,0.2092585009522736,0.20930338787660002,0.165549426805228,36312.611787874994,0.7909543580958744,36312.61178787388,-3.0656608273541364e-12
Ablated PINN,1,275,True,optimal,4.488692432641983e-05,0.25239564199000597,0.2524405289143324,0.1742989677004516,36871.157228788,0.690455563732404,36871.157228786426,-4.262428854379846e-12
Ablated PINN,1,276,True,optimal,4.488692432641983e-05,0.21421414893120527,0.2142590358555317,0.1705447668209672,37671.6110251428,0.7959746768204461,37671.61102514048,-6.161219060622095e-12
Ablated PINN,1,277,True,optimal,4.488692432641983e-05,0.23948972718790174,0.23953461411222815,0.1631079888902604,39058.78132777718,0.6809370307284278,39058.781327778226,2.6824643801605258e-12
Ablated PINN,1,278,True,optimal,4.488692432641983e-05,0.27090317802503705,0.27094806494936347,0.1744931940920651,37029.41695937203,0.6440097445415435,37029.416959371,-2.770527077770282e-12
Ablated PINN,1,279,True,optimal,4.488692432641983e-05,0.25864996993914247,0.2586948568634689,0.1640936927869916,38394.55795498355,0.6343137037068934,38394.557954979224,-1.1275542709763679e-11
Ablated PINN,1,280,True,optimal,4.488692432641983e-05,0.2378861689940095,0.2379310559183359,0.1638928488828241,37133.72193380556,0.6888249549864409,37133.72193380557,3.918787148324923e-14
Ablated PINN,1,281,True,optimal,4.488692432641983e-05,0.17365529388189316,0.17370018080621957,0.1605883887968957,38459.59117417182,0.924514805059694,38459.591174171794,-7.56737905115301e-14
Ablated PINN,1,282,True,optimal,4.488692432641983e-05,0.19451889023184776,0.19456377715617418,0.1737940753810107,37427.36092411093,0.8932499045878829,37427.360924110966,9.720105070908447e-14
Ablated PINN,1,283,True,optimal,4.488692432641983e-05,0.20330718392506242,0.20335207084938883,0.1796026630327105,38473.47079817487,0.8832103960511514,38473.47079817483,-1.1346973584502162e-13
Ablated PINN,1,284,True,optimal,4.488692432641983e-05,0.1646373998373747,0.1646822867617011,0.165735145099461,37010.78717097681,1.0063932700866816,37010.787170975695,-3.0078298789684548e-12
Ablated PINN,1,285,True,optimal,4.488692432641983e-05,0.19030110305175185,0.19034598997607827,0.1824777326546609,36398.86937035118,0.9586633933165275,36398.86937034445,-1.8490301785587398e-11
Ablated PINN,1,286,True,optimal,4.488692432641983e-05,0.1808768198825419,0.1809217068068683,0.1683438550680875,37984.71041538654,0.930479034490828,37984.710415386595,1.532397121813758e-13
Ablated PINN,1,287,True,optimal,4.488692432641983e-05,0.1973408847115934,0.1973857716359198,0.1707796999253332,37076.547321022605,0.8652077528685209,37076.54732102221,-1.0597041514249295e-12
Ablated PINN,1,288,True,optimal,4.488692432641983e-05,0.20555312978103757,0.20559801670536398,0.1693494371138513,35967.41744938432,0.8236919782963696,35967.417449383596,-2.002700930134447e-12
Ablated PINN,1,289,True,optimal,4.488692432641983e-05,0.2494730926118791,0.24951797953620553,0.1803531893528998,37204.85481359613,0.7228063872917431,37204.85481359929,8.48750954781749e-12
Ablated PINN,1,290,True,optimal,4.488692432641983e-05,0.2591326613910496,0.25917754831537604,0.1693794578313827,36602.92751004228,0.6535267384552771,36602.92751004211,-4.770738151818406e-13
Ablated PINN,1,291,True,optimal,4.488692432641983e-05,0.26106226397678256,0.261107150901109,0.1816567960195243,37017.4520161416,0.6957174301531271,37017.452016141666,1.7689931359699325e-13
Ablated PINN,1,292,True,optimal,4.488692432641983e-05,0.25281718792393804,0.25286207484826445,0.1627170639112591,37635.637006378034,0.6435012605543995,37635.63700638069,7.0564091388353285e-12
Ablated PINN,1,293,True,optimal,4.488692432641983e-05,0.2234276090748608,0.22347249599918723,0.1588991628959775,37831.828060584245,0.7110457248240312,37831.82806057829,-1.5732079662846005e-11
Ablated PINN,1,294,True,optimal,4.488692432641983e-05,0.20973620610311627,0.2097810930274427,0.1702756700105965,37208.54216505664,0.8116826333263587,37208.54216505647,-4.693088537728159e-13
Ablated PINN,1,295,True,optimal,4.488692432641983e-05,0.2507073199376464,0.2507522068619728,0.1555705987848341,38143.65235002016,0.6204156714380118,38143.65235001472,-1.4249134529436709e-11
Ablated PINN,1,296,True,optimal,4.488692432641983e-05,0.2666058801114559,0.26665076703578233,0.1542933657765388,36785.25802458462,0.5786346219504176,36785.2580245776,-1.9087263416759166e-11
Ablated PINN,1,297,True,optimal,4.488692432641983e-05,0.2500655590556562,0.2501104459799826,0.1687264549545943,37928.08708112386,0.6746077889449614,37928.08708112355,-8.057095501338658e-13
Ablated PINN,1,298,True,optimal,4.488692432641983e-05,0.2337898393161595,0.2338347262404859,0.1718161692842841,35970.96302945475,0.7347761046730963,35970.963029454724,-8.090923346395283e-14
Ablated PINN,1,299,True,optimal,4.488692432641983e-05,0.2948472830466926,0.294892169971019,0.1814436060376465,37520.53220985247,0.6152879747721961,37520.53220985168,-2.113721030155696e-12
Ablated PINN,1,300,True,optimal,4.488692432641983e-05,0.24246207810938358,0.24250696503371,0.1672916179522872,37603.47588793357,0.6898425285600873,37603.47588794661,3.467369900451297e-11
Ablated PINN,1,301,True,optimal,4.488692432641983e-05,0.17210677964612842,0.17215166657045483,0.1607561628334224,37545.15285488037,0.9338054404929695,37545.15285487292,-1.9844320852073326e-11
Ablated PINN,1,302,True,optimal,4.488692432641983e-05,0.31129817804321647,0.3113430649675429,0.160601366776973,36561.76105642507,0.5158340905833746,36561.76105642776,7.343268710416436e-12
Ablated PINN,1,303,True,optimal,4.488692432641983e-05,0.30924970423802733,0.30929459116235375,0.158991337288171,38274.21456085486,0.5140449973297913,38274.21456085301,-4.828559528149629e-12
Ablated PINN,1,304,True,optimal,4.488692432641983e-05,0.2795756720006466,0.279620558924973,0.1671152547933161,38073.65136734617,0.5976500992480885,38073.65136734443,-4.567341999883024e-12
Ablated PINN,1,305,True,optimal,4.488692432641983e-05,0.2963081607595086,0.296353047683835,0.1730596339330077,36280.98133229344,0.5839644143549918,36280.98133229639,8.12205934220802e-12
Ablated PINN,1,306,True,optimal,4.488692432641983e-05,0.29058145405724645,0.29062634098157286,0.171266274061054,36628.01906959449,0.5893005894875617,36628.01906959453,9.932229204586327e-14
Ablated PINN,1,307,True,optimal,4.488692432641983e-05,0.26065057795494795,0.26069546487927436,0.1705894507467746,38399.23556223972,0.654362939630626,38399.23556223967,-1.3263728444992323e-13
Ablated PINN,1,308,True,optimal,4.488692432641983e-05,0.19477714411914349,0.1948220310434699,0.1610176363028586,38096.50450661171,0.8264857698097364,38096.50450661098,-1.9098753831655793e-12
Ablated PINN,1,309,True,optimal,4.488692432641983e-05,0.209348957054317,0.2093938439786434,0.169254187028855,35963.9498253389,0.808305458331037,35963.94982534133,6.75723844277264e-12
Ablated PINN,1,310,True,optimal,4.488692432641983e-05,0.2695378907956183,0.2695827777199447,0.1649342491291463,36943.73555938717,0.6118130042434973,36943.73555938696,-5.71146278567666e-13
Ablated PINN,1,311,True,optimal,4.488692432641983e-05,0.24020626628771424,0.24025115321204066,0.1754257259890437,37900.27542761033,0.730176415986718,37900.27542760882,-3.973911031366171e-12
Ablated PINN,1,312,True,optimal,4.488692432641983e-05,0.19831814197823405,0.19836302890256047,0.1499246289022267,38447.22648198683,0.7558093346914581,38447.226481984544,-5.9423029953122705e-12
Ablated PINN,1,313,True,optimal,4.488692432641983e-05,0.1663700989447534,0.16641498586907982,0.1615124959498644,36741.12301258186,0.9705405742540983,36741.12301257921,-7.208403974630323e-12
Ablated PINN,1,314,True,optimal,4.488692432641983e-05,0.20222058473154902,0.20226547165587544,0.1641646581701934,38321.83728212257,0.8116296707798705,38321.83728212183,-1.936618203305526e-12
Ablated PINN,1,315,True,optimal,4.488692432641983e-05,0.178138914052397,0.17818380097672343,0.1702950592152774,37675.58600542924,0.9557269419655239,37675.58600541775,-3.051316316288532e-11
Ablated PINN,1,316,True,optimal,4.488692432641983e-05,0.21501936297863722,0.21506424990296363,0.1727871787734329,35689.22135725565,0.8034212048324813,35689.22135725572,2.038698894926778e-13
Ablated PINN,1,317,True,optimal,4.488692432641983e-05,0.2718956512399018,0.2719405381642282,0.1660117567516863,37769.76979186518,0.6104707958304834,37769.76979186128,-1.0325488618790248e-11
Ablated PINN,1,318,True,optimal,4.488692432641983e-05,0.26794552709907293,0.26799041402339935,0.1665123449638486,37134.898483008044,0.6213369443479785,37134.89848300802,-5.877994483420532e-14
Ablated PINN,1,319,True,optimal,4.488692432641983e-05,0.32609476894140244,0.32613965586572885,0.1586961117573082,35526.88101342742,0.4865894376936582,35526.88101342789,1.331209583929351e-12
Ablated PINN,1,320,True,optimal,4.488692432641983e-05,0.28227581083774567,0.2823206977620721,0.1697614761069417,37833.02452840294,0.6013072277471114,37833.024528400674,-5.981078293944603e-12
Ablated PINN,1,321,True,optimal,4.488692432641983e-05,0.2636606558226049,0.2637055427469313,0.1616911957971751,38424.799313408825,0.6131505394725218,38424.799313407646,-3.0675635385462917e-12
Ablated PINN,1,322,True,optimal,4.488692432641983e-05,0.2932881899178028,0.2933330768421292,0.1900710468180477,36861.60370559331,0.647970044374993,36861.60370559337,1.5790865036247753e-13
Ablated PINN,1,323,True,optimal,4.488692432641983e-05,0.21080206474289298,0.2108469516672194,0.1701830299571156,36939.498044041306,0.8071401014405756,36939.498044041226,-2.1666654392703147e-13
Ablated PINN,1,324,True,optimal,4.488692432641983e-05,0.23909139027819037,0.2391362772025168,0.1611792789772153,36921.98671224211,0.6740059720872787,36921.986712239865,-6.089246822780601e-12
Ablated PINN,1,325,True,optimal,4.488692432641983e-05,0.1865590182133019,0.1866039051376283,0.1566367377527058,37815.81817330616,0.8394076085234098,37815.81817330363,-6.676458196807843e-12
Ablated PINN,1,326,True,optimal,4.488692432641983e-05,0.18919134605675936,0.18923623298108577,0.1568925678730011,37089.19328596693,0.8290831274826875,37089.193285966336,-1.6086317104901316e-12
Ablated PINN,1,327,True,optimal,4.488692432641983e-05,0.1675621811300516,0.16760706805437803,0.1752254292368888,37879.42163240183,1.0454536987666838,37879.421632398014,-1.0065100325002953e-11
Ablated PINN,1,328,True,optimal,4.488692432641983e-05,0.24839276587590575,0.24843765280023217,0.1725397910922765,37382.447300700616,0.6944993608960519,37382.44730070059,-7.785426733200596e-14
Ablated PINN,1,329,True,optimal,4.488692432641983e-05,0.19319869484752417,0.19324358177185058,0.162507439032197,36457.330790976346,0.8409461134086118,36457.33079097388,-6.765579316132173e-12
Ablated PINN,1,330,True,optimal,4.488692432641983e-05,0.21360254986211658,0.213647436786443,0.1752945310436189,39096.86477081424,0.8204850649289054,39096.864770811226,-7.704572911228873e-12
Ablated PINN,1,331,True,optimal,4.488692432641983e-05,0.15222854306921363,0.15227342999354004,0.150166839826852,36987.29373643666,0.9861657403607614,36987.29373643725,1.5933919657611465e-12
Ablated PINN,1,332,True,optimal,4.488692432641983e-05,0.19872540701180696,0.19877029393613338,0.1798579851165413,39023.62008196415,0.9048534444202776,39023.620081964145,-1.8645009353056437e-14
Ablated PINN,1,333,True,optimal,4.488692432641983e-05,0.19725480489432812,0.19729969181865453,0.1754010962322354,37328.50961803042,0.8890084653221509,37328.509618028846,-4.210205177611759e-12
Ablated PINN,1,334,True,optimal,4.488692432641983e-05,0.25428924104198813,0.25433412796631455,0.165837612003088,37587.54568240003,0.6520462406250587,37587.54568239866,-3.639184220817534e-12
Ablated PINN,1,335,True,optimal,4.488692432641983e-05,0.21542205568403006,0.21546694260835647,0.1635479968972504,37877.06846403945,0.7590398551044716,37877.068464041455,5.301794417963418e-12
Ablated PINN,1,336,True,optimal,4.488692432641983e-05,0.21369247417896986,0.21373736110329628,0.1695018531754613,36345.61323652908,0.7930380177826909,36345.613236529745,1.821711298642328e-12
Ablated PINN,1,337,True,optimal,4.488692432641983e-05,0.2169958339072764,0.2170407208316028,0.1656776047311723,36616.723040527,0.7633480210366512,36616.72304052828,3.497223218688803e-12
Ablated PINN,1,338,True,optimal,4.488692432641983e-05,0.22087301593273878,0.2209179028570652,0.161522117909044,36846.47106304809,0.7311409162414034,36846.471063046745,-3.6531372470397516e-12
Ablated PINN,1,339,True,optimal,4.488692432641983e-05,0.20307157561182976,0.20311646253615617,0.1775708617642521,36999.831256661535,0.8742317562400597,36999.83125666152,-3.9329679985356396e-14
Ablated PINN,1,340,True,optimal,4.488692432641983e-05,0.2417953535914421,0.24184024051576852,0.1659762826748192,36690.70148056091,0.6863054813410888,36690.701480561,2.5779678547301116e-13
Ablated PINN,1,341,True,optimal,4.488692432641983e-05,0.25095999194309115,0.25100487886741757,0.1763310357928276,39514.31566927947,0.7025004318181672,39514.315669284006,1.1471593312092732e-11
Ablated PINN,1,342,True,optimal,4.488692432641983e-05,0.2223780769854784,0.22242296390980482,0.1598337460309267,38717.86221794477,0.7186027162903071,38717.86221794297,-4.6416858466694124e-12
Ablated PINN,1,343,True,optimal,4.488692432641983e-05,0.25577639788389206,0.2558212848082185,0.1640166942961514,35849.75636935258,0.6411377943751232,35849.75636934659,-1.6703357910661028e-11
Ablated PINN,1,344,True,optimal,4.488692432641983e-05,0.2724243109114468,0.2724691978357732,0.1572670452296733,37308.41490008909,0.5771920146528404,37308.41490008756,-4.0954597054587565e-12
Ablated PINN,1,345,True,optimal,4.488692432641983e-05,0.26881107315421104,0.26885596007853746,0.1761533319950103,36770.4984598853,0.6551959344459125,36770.4984598853,0.0
Ablated PINN,1,346,True,optimal,4.488692432641983e-05,0.17362557398155332,0.17367046090587973,0.1626538787968456,37745.29713856809,0.9365661722116085,37745.29713855677,-2.9974897398527784e-11
Ablated PINN,1,347,True,optimal,4.488692432641983e-05,0.18764825630933046,0.18769314323365688,0.15967952972278,36262.02709466293,0.8507478055498112,36262.027094656456,-1.7857805521237206e-11
Ablated PINN,1,348,True,optimal,4.488692432641983e-05,0.2082419185899198,0.20828680551424622,0.1806515110656619,37614.96698897088,0.8673209549670964,37614.96698897096,2.127757649753753e-13
Ablated PINN,1,349,True,optimal,4.488692432641983e-05,0.25319334166124463,0.25323822858557105,0.1564428242854774,37348.3145004898,0.6177693832375479,37348.314500489025,-2.0845049505712408e-12
Ablated PINN,1,350,True,optimal,4.488692432641983e-05,0.2219493268057704,0.2219942137300968,0.1632170481607318,37376.6109390296,0.735231091920139,37376.610939029066,-1.4210622431814845e-12
Ablated PINN,1,351,True,optimal,4.488692432641983e-05,0.19956063013523817,0.19960551705956459,0.1674898597411811,37839.46141167138,0.8391043604831835,37839.461411670374,-2.6535318244450726e-12
Ablated PINN,1,352,True,optimal,4.488692432641983e-05,0.17810910660773516,0.17815399353206157,0.1566757610999047,37852.31796544582,0.8794400731281303,37852.31796544466,-3.0755136827606345e-12
Ablated PINN,1,353,True,optimal,4.488692432641983e-05,0.1754652806557715,0.1755101675800979,0.1770983976311981,37573.933889825945,1.009049219615014,37573.93388982613,4.841093852135595e-13
Ablated PINN,1,354,True,optimal,4.488692432641983e-05,0.18553369725123048,0.1855785841755569,0.1708676097914576,38051.499909117774,0.9207291377426247,38051.499909116144,-4.283180714215569e-12
Ablated PINN,1,355,True,optimal,4.488692432641983e-05,0.24309290573000908,0.2431377926543355,0.1537947528995573,36973.949662977975,0.6325415363057295,36973.94966297785,-3.3453628992460697e-13
Ablated PINN,1,356,True,optimal,4.488692432641983e-05,0.22508383402600884,0.22512872095033526,0.1785147627815604,37937.88590271783,0.7929453071469358,37937.88590272064,7.402941867336901e-12
Ablated PINN,1,357,True,optimal,4.488692432641983e-05,0.3014031578786671,0.30144804480299353,0.1495846440084278,38654.80305131844,0.4962203158630086,38654.803051316514,-4.988070344579968e-12
Ablated PINN,1,358,True,optimal,4.488692432641983e-05,0.24661912396550179,0.2466640108898282,0.1617406769655645,37521.06428814495,0.6557125069931888,37521.06428814324,-4.557040349927772e-12
Ablated PINN,1,359,True,optimal,4.488692432641983e-05,0.21977118076756597,0.21981606769189238,0.1793468687683344,36846.28373881762,0.815895173867444,36846.283738817714,2.5670824676610874e-13
Ablated PINN,1,360,True,optimal,4.488692432641983e-05,0.23047339683398604,0.23051828375831246,0.1728639090433716,36687.36611674075,0.7498923999651639,36687.36611674083,2.181555729602971e-13
Ablated PINN,1,361,True,optimal,4.488692432641983e-05,0.19029768696054816,0.19034257388487458,0.1583820222876966,39483.239673706245,0.8320893169359538,39483.23967370558,-1.6769448210492807e-12
Ablated PINN,1,362,True,optimal,4.488692432641983e-05,0.20202366961166263,0.20206855653598904,0.1584834479726851,37799.96224738413,0.7843053401752722,37799.96224738267,-3.8689654526098784e-12
Ablated PINN,1,363,True,optimal,4.488692432641983e-05,0.17759247170761228,0.1776373586319387,0.1537092416547238,37418.69015089786,0.8652979465496697,37418.69015089244,-1.4486312590598752e-11
Ablated PINN,1,364,True,optimal,4.488692432641983e-05,0.20940419426187873,0.20944908118620514,0.1683027609251439,37834.301886206886,0.8035497695763049,37834.30188620691,5.76933411067061e-14
Ablated PINN,1,365,True,optimal,4.488692432641983e-05,0.21287785191088915,0.21292273883521556,0.1649024193175137,37742.89408496819,0.7744706846230004,37742.89408496463,-9.4267897563073e-12
Ablated PINN,1,366,True,optimal,4.488692432641983e-05,0.21686516515910625,0.21691005208343267,0.1769362860359251,37775.65819093329,0.8157127082698223,37775.658190929265,-1.0651315564924183e-11
Ablated PINN,1,367,True,optimal,4.488692432641983e-05,0.18952986504882574,0.18957475197315216,0.1730401460081339,38010.13137847156,0.9127805480797363,38010.13137846973,-4.8238226290707245e-12
Ablated PINN,1,368,True,optimal,4.488692432641983e-05,0.19953150395303965,0.19957639087736606,0.1611949922516942,36719.7749265405,0.8076856763621098,36719.774926540216,-7.727780127215716e-13
Ablated PINN,1,369,True,optimal,4.488692432641983e-05,0.19986802292987704,0.19991290985420346,0.1786027369089424,37727.4088171513,0.893402717409283,37727.408817153424,5.6313955555190495e-12
Ablated PINN,1,370,True,optimal,4.488692432641983e-05,0.21485348790884018,0.2148983748331666,0.1625282913446426,37933.71160771181,0.7563030268182308,37933.71160771208,7.096865039435188e-13
Ablated PINN,1,371,True,optimal,4.488692432641983e-05,0.1645684288814664,0.1646133158057928,0.1710067898966372,37229.94614925975,1.0388393494144015,37229.94614925974,-1.954329341496535e-14
Ablated PINN,1,372,True,optimal,4.488692432641983e-05,0.1631095176562667,0.1631544045805931,0.1722252019681036,39329.03921573299,1.0555963990725719,39329.03921572741,-1.4189666468755811e-11
Ablated PINN,1,373,True,optimal,4.488692432641983e-05,0.1770859262906015,0.1771308132149279,0.1558023900724947,37135.72573364024,0.8795894245878405,37135.72573363884,-3.761832667397498e-12
Ablated PINN,1,374,True,optimal,4.488692432641983e-05,0.15765438554808497,0.1576992724724114,0.1593901240266859,38931.05602781042,1.010721999713539,38931.05602780818,-5.737627527901256e-12
Ablated PINN,1,375,True,optimal,4.488692432641983e-05,0.16053752694278955,0.16058241386711597,0.164059461094439,38754.05535110205,1.0216527273665243,38754.05535109997,-5.3695641883250925e-12
Ablated PINN,1,376,True,optimal,4.488692432641983e-05,0.14847387420013547,0.14851876112446188,0.1682739951647818,39424.44560524321,1.1330150742623326,39424.44560524242,-1.993188262430006e-12
Ablated PINN,1,377,True,optimal,4.488692432641983e-05,0.17902290588244796,0.17906779280677437,0.1648961347527802,37474.86973459562,0.9208586992006637,37474.86973459587,6.795447677335812e-13
Ablated PINN,1,378,True,optimal,4.488692432641983e-05,0.1664244020357728,0.16646928896009922,0.1694960938766598,37177.17172798672,1.018182362257137,37177.1717279906,1.0431362118491573e-11
Ablated PINN,1,379,True,optimal,4.488692432641983e-05,0.17632058588787913,0.17636547281220555,0.1676636543124914,37326.97407788077,0.9506603057788988,37326.97407787904,-4.639213209628513e-12
Ablated PINN,1,380,True,optimal,4.488692432641983e-05,0.16988367401063442,0.16992856093496084,0.1655743359588086,38622.82871866539,0.9743761439972485,38622.82871866369,-4.40820659232583e-12
Ablated PINN,1,381,True,optimal,4.488692432641983e-05,0.19355807080864906,0.19360295773297548,0.1761570987291634,37176.53495707838,0.9098884686055568,37176.53495707767,-1.9179943666433946e-12
Ablated PINN,1,382,True,optimal,4.488692432641983e-05,0.2365593588910997,0.2366042458154261,0.1673887502402067,38668.827789592455,0.707463002886203,38668.82778958844,-1.0386476220285705e-11
Ablated PINN,1,383,True,optimal,4.488692432641983e-05,0.2069103461690247,0.20695523309335112,0.1510437428951263,38061.93852998524,0.7298377559121451,38061.938529984895,-8.984566237928651e-13
Ablated PINN,1,384,True,optimal,4.488692432641983e-05,0.2407760531641543,0.2408209400884807,0.1556600257754326,39213.49143298026,0.6463724695960454,39213.491432979536,-1.855473039583521e-12
Ablated PINN,1,385,True,optimal,4.488692432641983e-05,0.214526382740587,0.2145712696649134,0.1652870648540556,38986.91675117543,0.7703131230577942,38986.91675117517,-6.531896793011777e-13
Ablated PINN,1,386,True,optimal,4.488692432641983e-05,0.21624778304249048,0.2162926699668169,0.18776794988662,37427.66139293921,0.8681198022819123,37427.66139294093,4.587852761944745e-12
Ablated PINN,1,387,True,optimal,4.488692432641983e-05,0.15513451816514134,0.15517940508946776,0.1741155311465263,37046.28601284228,1.122027314424495,37046.28601284492,7.109745509769445e-12
Ablated PINN,1,388,True,optimal,4.488692432641983e-05,0.20052878884598613,0.20057367577031254,0.1632291111163795,38131.66536932286,0.8138112366415508,38131.66536932121,-4.331419470990096e-12
Ablated PINN,1,389,True,optimal,4.488692432641983e-05,0.1546128992922604,0.15465778621658682,0.1615799637511372,36417.217038359726,1.0447580280559323,36417.21703836021,1.3386227718521092e-12
Ablated PINN,1,390,True,optimal,4.488692432641983e-05,0.17830002307891846,0.17834491000324487,0.1764963190071284,35466.10140427182,0.9896347420507664,35466.10140422559,-1.3035386707306092e-10
Ablated PINN,1,391,True,optimal,4.488692432641983e-05,0.2533783311955631,0.2534232181198895,0.1601402792148292,37452.036578716325,0.6319084746965451,37452.036578715815,-1.3599181233371976e-12
Ablated PINN,1,392,True,optimal,4.488692432641983e-05,0.23909896612167358,0.239143853046,0.1621726909652352,38633.16542454447,0.6781386554562238,38633.16542454372,-1.9586787247682504e-12
Ablated PINN,1,393,True,optimal,4.488692432641983e-05,0.2544962102547288,0.2545410971790552,0.1680706939660012,37932.919633845,0.6602890292712654,37932.919633846526,4.028034524437795e-12
Ablated PINN,1,394,True,optimal,4.488692432641983e-05,0.23871604120358825,0.23876092812791466,0.1694754213094711,36880.31267606111,0.7098122068727917,36880.3126760637,7.023370255563523e-12
Ablated PINN,1,395,True,optimal,4.488692432641983e-05,0.2409180011600256,0.240962888084352,0.1693475623615086,37076.22244734752,0.7027952051364292,37076.22244734568,-4.9649536950604335e-12
Ablated PINN,1,396,True,optimal,4.488692432641983e-05,0.28082709526643157,0.280871982190758,0.1742645050399005,37267.03147711159,0.6204410410773775,37267.03147710984,-4.685722898204301e-12
Ablated PINN,1,397,True,optimal,4.488692432641983e-05,0.26287763519212604,0.26292252211645245,0.1719848490320146,37843.152837153495,0.6541274883854943,37843.15283715762,1.0901491175945884e-11
Ablated PINN,1,398,True,optimal,4.488692432641983e-05,0.2992606060579419,0.29930549298226833,0.1627589608542621,38921.96971919475,0.5437887531984066,38921.9697191948,1.3085592447333546e-13
Ablated PINN,1,399,True,optimal,4.488692432641983e-05,0.3136563706211746,0.313701257545501,0.1748795001767575,37498.49569973195,0.5574714667868107,37498.495699732004,1.3582332397309487e-13
Ablated PINN,1,400,True,optimal,4.488692432641983e-05,0.25964295817539096,0.2596878450997174,0.171755454968661,38604.6872796718,0.6613919681250723,38604.68727967191,2.8271013678233125e-13
Ablated PINN,1,401,True,optimal,4.488692432641983e-05,0.21425314480438828,0.2142980317287147,0.1775785838253796,36977.27977555316,0.828652425749672,36977.279775551266,-5.11597659744129e-12
Ablated PINN,1,402,True,optimal,4.488692432641983e-05,0.17624839674681425,0.17629328367114067,0.1669551036320626,37666.0892252334,0.9470304265447933,37666.08922523334,-1.5453598212811732e-13
Ablated PINN,1,403,True,optimal,4.488692432641983e-05,0.15418669674545527,0.15423158366978168,0.1660744161345064,37468.71010259408,1.0767860394280908,37468.71010259598,5.0682954713469e-12
Ablated PINN,1,404,True,optimal,4.488692432641983e-05,0.23872113693505526,0.23876602385938167,0.1637088330462575,38353.37521509551,0.6856454297813822,38353.37521509323,-5.956843897155575e-12
Ablated PINN,1,405,True,optimal,4.488692432641983e-05,0.2207028204575181,0.22074770738184452,0.1731520928442478,38555.13622723438,0.7843890878772893,38555.136227232564,-4.717891263112612e-12
Ablated PINN,1,406,True,optimal,4.488692432641983e-05,0.2371288207359612,0.2371737076602876,0.1608420866541564,37419.01364240212,0.6781615392399915,37419.01364240198,-3.6944638891505146e-13
Ablated PINN,1,407,True,optimal,4.488692432641983e-05,0.21444029361009598,0.2144851805344224,0.1607318921014666,38457.96384517048,0.7493846041063476,38457.963845168284,-5.713612941989738e-12
Ablated PINN,1,408,True,optimal,4.488692432641983e-05,0.19492061901837587,0.1949655059427023,0.1717885145917534,38390.84687547281,0.8811226055661339,38390.8468754755,7.0123598106084045e-12
Ablated PINN,1,409,True,optimal,4.488692432641983e-05,0.20693872310221195,0.20698361002653837,0.1610046979039907,37585.75404324474,0.7778620630075371,37585.75404324406,-1.8196788467947898e-12
Ablated PINN,1,410,True,optimal,4.488692432641983e-05,0.1517911390401423,0.1518360259644687,0.1536791138350963,37696.82806400474,1.012138673012022,37696.828064004716,-5.790373875883972e-14
Ablated PINN,1,411,True,optimal,4.488692432641983e-05,0.2511709351092577,0.2512158220335841,0.1715860590338707,38660.62569214412,0.683022500911316,38660.62569214414,3.7640144120388136e-14
Ablated PINN,1,412,True,optimal,4.488692432641983e-05,0.18679341906681657,0.18683830599114298,0.1600955836474895,36898.40452385658,0.8568670262675084,36898.404523855475,-2.9972720274147197e-12
Ablated PINN,1,413,True,optimal,4.488692432641983e-05,0.1778399241156876,0.17788481104001402,0.1618091836571693,37817.5025814616,0.9096290049225809,37817.50258146026,-3.540096806038238e-12
Ablated PINN,1,414,True,optimal,4.488692432641983e-05,0.2305677980184555,0.23061268494278192,0.1643888838589191,38360.34072199414,0.7128353928133059,38360.34072199559,3.793479138735445e-12
Ablated PINN,1,415,True,optimal,4.488692432641983e-05,0.23293843725696206,0.23298332418128848,0.1609513540752232,36841.417527703736,0.6908277862409762,36841.41752770382,2.3699275768785297e-13
Ablated PINN,1,416,True,optimal,4.488692432641983e-05,0.2685806890949607,0.2686255760192871,0.1718902769498527,38175.53510914572,0.6398879790117644,38175.5351091457,-5.717764736013083e-14
Ablated PINN,1,417,True,optimal,4.488692432641983e-05,0.26773730479180813,0.26778219171613454,0.1709209932014346,36658.56838350655,0.6382836442784116,36658.56838350515,-3.810797648474865e-12
Ablated PINN,1,418,True,optimal,4.488692432641983e-05,0.2516041100025177,0.2516489969268441,0.1671983739361167,38078.027718501886,0.6644110486350251,38078.02771851039,2.2337276798734005e-11
Ablated PINN,1,419,True,optimal,4.488692432641983e-05,0.2297974000684917,0.2298422869928181,0.1731838411651551,37952.21734720609,0.7534898970552211,37952.217347211554,1.4397694127492162e-11
Ablated PINN,1,420,True,optimal,4.488692432641983e-05,0.23909744434058666,0.23914233126491308,0.1617971747182309,37272.0523532003,0.6765727082379153,37272.052353199644,-1.7569093836612461e-12
Ablated PINN,1,421,True,optimal,4.488692432641983e-05,0.2934514102526009,0.2934962971769273,0.1616209037601947,37104.89296270704,0.5506744218403729,37104.8929627046,-6.569068406156697e-12
Ablated PINN,1,422,True,optimal,4.488692432641983e-05,0.16475434321910143,0.16479923014342784,0.1601801970973611,37562.68797175633,0.9719717559235761,37562.68797175619,-3.6803328551309003e-13
Ablated PINN,1,423,True,optimal,4.488692432641983e-05,0.17411637492477894,0.17416126184910535,0.1571588511578738,37255.813900233305,0.9023754736804642,37255.813900232846,-1.2303726095504394e-12
Ablated PINN,1,424,True,optimal,4.488692432641983e-05,0.22953224694356322,0.22957713386788964,0.1819395651109516,37876.34581112449,0.7924986345358284,37876.34581112274,-4.629553742492211e-12
Ablated PINN,1,425,True,optimal,4.488692432641983e-05,0.21111821616068482,0.21116310308501124,0.1735469489358365,38701.26744916155,0.8218620885958897,38701.26744916222,1.72962836781558e-12
Ablated PINN,1,426,True,optimal,4.488692432641983e-05,0.22127130487933755,0.22131619180366396,0.1618646807037294,37374.06626619191,0.731372970881969,37374.066266188245,-9.811837468875152e-12
Ablated PINN,1,427,True,optimal,4.488692432641983e-05,0.18960703117772937,0.18965191810205578,0.1609282358549535,37112.976013070205,0.8485452584157601,37112.9760130685,-4.587543939131479e-12
Ablated PINN,1,428,True,optimal,4.488692432641983e-05,0.21085149887949228,0.2108963858038187,0.1635541059076786,37268.62912272493,0.775518770908767,37268.62912272442,-1.3666105917544428e-12
Ablated PINN,1,429,True,optimal,4.488692432641983e-05,0.23875834001228213,0.23880322693660855,0.1489670872688293,36774.54950030895,0.6238068437340393,36774.54950030719,-4.788044358279892e-12
Ablated PINN,1,430,True,optimal,4.488692432641983e-05,0.23643771093338728,0.2364825978577137,0.1537691517733037,37690.08294150284,0.6502345338147172,37690.082941502544,-7.914927187730555e-13
Ablated PINN,1,431,True,optimal,4.488692432641983e-05,0.17635500198230147,0.1763998889066279,0.1891188360750675,35941.81036871992,1.072102920513584,35941.81036871863,-3.5831375339715074e-12
Ablated PINN,1,432,True,optimal,4.488692432641983e-05,0.18122528493404388,0.1812701718583703,0.1816600421443581,38194.32138829948,1.0021507691088438,38194.32138829947,-3.8099682621471346e-14
Ablated PINN,1,433,True,optimal,4.488692432641983e-05,0.22614748403429985,0.22619237095862627,0.1714735240675509,37327.66740204386,0.7580871244278871,37327.667402046325,6.607832213681605e-12
Ablated PINN,1,434,True,optimal,4.488692432641983e-05,0.23999672196805477,0.2400416088923812,0.160996027290821,37978.76094738759,0.6707005007744344,37978.76094738538,-5.824021267507698e-12
Ablated PINN,1,435,True,optimal,4.488692432641983e-05,0.2518997108563781,0.2519445977807045,0.1718754917383194,38324.456068937936,0.6821955828873212,38324.456068938445,1.3289608913866425e-12
Ablated PINN,1,436,True,optimal,4.488692432641983e-05,0.23582985764369369,0.2358747445680201,0.1691069938242435,35780.05730350514,0.716935567366253,35780.057303507725,7.219007312160117e-12
Ablated PINN,1,437,True,optimal,4.488692432641983e-05,0.20595215586945415,0.20599704279378056,0.151087419129908,38517.317363185226,0.7334446023147941,38517.31736318207,-8.198300974028354e-12
Ablated PINN,1,438,True,optimal,4.488692432641983e-05,0.2002756600268185,0.20032054695114493,0.1569451782852411,38402.26506807678,0.783470196512181,38402.265068077,5.873473495374272e-13
Ablated PINN,1,439,True,optimal,4.488692432641983e-05,0.16869139904156327,0.1687362859658897,0.167893951293081,36392.9780964767,0.9950079814309829,36392.978096477884,3.258818467584318e-12
Ablated PINN,1,440,True,optimal,4.488692432641983e-05,0.19626626698300242,0.19631115390732884,0.1618778030388057,37550.54585925145,0.8245980924508353,37550.54585925044,-2.6933246514240075e-12
Ablated PINN,1,441,True,optimal,4.488692432641983e-05,0.22070672968402505,0.22075161660835146,0.1609025471843779,38249.09423451185,0.7288850231608707,38249.09423451172,-3.424061135992365e-13
Ablated PINN,1,442,True,optimal,4.488692432641983e-05,0.2594575211405754,0.2595024080649018,0.1669071861542761,37564.22886190177,0.6431816467480812,37564.22886190464,7.631535071642985e-12
Ablated PINN,1,443,True,optimal,4.488692432641983e-05,0.2809558743610978,0.2810007612854242,0.1764045138843357,38501.87476288123,0.6277723700013548,38501.87476288005,-3.0614226989125152e-12
Ablated PINN,1,444,True,optimal,4.488692432641983e-05,0.2531775482930243,0.2532224352173507,0.1687971269711852,36693.61615534541,0.6665962548946346,36693.61615534312,-6.226289284711927e-12
Ablated PINN,1,445,True,optimal,4.488692432641983e-05,0.21463780105113983,0.21468268797546625,0.1566491508856415,37384.00388267394,0.7296776110030038,37384.00388258715,-2.3215175852847227e-10
Ablated PINN,1,446,True,optimal,4.488692432641983e-05,0.2303263912908733,0.2303712782151997,0.169557929970324,37633.90151751269,0.7360202681687283,37633.90151751453,4.891380383540076e-12
Ablated PINN,1,447,True,optimal,4.488692432641983e-05,0.2241189950145781,0.22416388193890452,0.1685262960381806,38124.7000969486,0.7517995074876164,38124.700096947694,-2.385578639202782e-12
Ablated PINN,1,448,True,optimal,4.488692432641983e-05,0.21130825811997056,0.21135314504429698,0.1662984830327332,38243.87790215338,0.7868275771239606,38243.87790215339,3.8050312956227396e-14
Ablated PINN,1,449,True,optimal,4.488692432641983e-05,0.263029376976192,0.2630742639005184,0.1546964379958808,37080.38754728253,0.5880333397202977,37080.387547281505,-2.7667187196781274e-12
Ablated PINN,1,450,True,optimal,4.488692432641983e-05,0.2589185037650168,0.2589633906893432,0.1561462609097361,36958.727729449776,0.6029665447849026,36958.72772944592,-1.0433956395215517e-11
Ablated PINN,1,451,True,optimal,4.488692432641983e-05,0.24717669701203704,0.24722158393636345,0.1594108808785677,37748.22660110671,0.6448097222757102,37748.22660110503,-4.452517005996501e-12
Ablated PINN,1,452,True,optimal,4.488692432641983e-05,0.24614686891436577,0.24619175583869218,0.1829593260772526,36482.54645682538,0.7431578098704887,36482.54645682305,-6.381973471325772e-12
Ablated PINN,1,453,True,optimal,4.488692432641983e-05,0.18918988294899464,0.18923476987332105,0.1481087496504187,38666.48950305212,0.7826719674696504,38666.48950304955,-6.642477946191657e-12
Ablated PINN,1,454,True,optimal,4.488692432641983e-05,0.2619230938144028,0.26196798073872923,0.1723275943659246,37207.15618916848,0.6578193024963366,37207.1561891684,-2.151079038373729e-13
Ablated PINN,1,455,True,optimal,4.488692432641983e-05,0.2072511431761086,0.207296030100435,0.1708534280769527,36398.805412142094,0.8242001932896358,36398.80541214342,3.638098203463684e-12
Ablated PINN,1,456,True,optimal,4.488692432641983e-05,0.17298112995922565,0.17302601688355207,0.1749409511685371,36858.30449183067,1.0110673199295446,36858.30449182936,-3.5532626598255337e-12
Ablated PINN,1,457,True,optimal,4.488692432641983e-05,0.21648390591144562,0.21652879283577203,0.1634921408258378,37007.17872638533,0.7550595866935798,37007.17872638712,4.836590182469036e-12
Ablated PINN,1,458,True,optimal,4.488692432641983e-05,0.2626831969246268,0.26272808384895324,0.1568043287843465,38691.19939925147,0.59683124273268,38691.19939924905,-6.243326558534214e-12
Ablated PINN,1,459,True,optimal,4.488692432641983e-05,0.21372253820300102,0.21376742512732744,0.1692603467963636,37608.10710171843,0.7917967234509474,37608.10710172031,4.99146915153714e-12
Ablated PINN,1,460,True,optimal,4.488692432641983e-05,0.17104419879615307,0.17108908572047948,0.1677271695807576,38370.422163674295,0.9803499087883695,38370.42216367322,-2.8064370058419766e-12
Ablated PINN,1,461,True,optimal,4.488692432641983e-05,0.28363222582265735,0.28367711274698376,0.1789247682318091,37763.94546533152,0.6307338879023174,37763.945465328135,-8.959128207886241e-12
Ablated PINN,1,462,True,optimal,4.488692432641983e-05,0.20554884895682335,0.20559373588114976,0.1674471567384898,36922.44588513418,0.8144565106559869,36922.44588513235,-4.946219887061534e-12
Ablated PINN,1,463,True,optimal,4.488692432641983e-05,0.24748203018680215,0.24752691711112856,0.1599371540360152,37739.65302251959,0.6461404517239252,37739.65302251946,-3.470281959856715e-13
Ablated PINN,1,464,True,optimal,4.488692432641983e-05,0.26636401610448956,0.266408903028816,0.1710753277875483,38200.83324954433,0.6421531932401074,38200.83324954328,-2.7617561301995454e-12
Ablated PINN,1,465,True,optimal,4.488692432641983e-05,0.2578188539482653,0.25786374087259173,0.1681939489208161,36710.42924356974,0.6522590122661692,36710.429243569735,-1.981986526474052e-14
Ablated PINN,1,466,True,optimal,4.488692432641983e-05,0.26920569501817226,0.2692505819424987,0.1739074210636317,37556.3774048284,0.6458943182554437,37556.37740482627,-5.676414309016033e-12
Ablated PINN,1,467,True,optimal,4.488692432641983e-05,0.27163503877818584,0.27167992570251226,0.157432812731713,38592.81516958965,0.5794790039220671,38592.815169588794,-2.2246705629035696e-12
Ablated PINN,1,468,True,optimal,4.488692432641983e-05,0.25490618497133255,0.25495107189565896,0.1681976476684212,36629.483642808365,0.6597252030274171,36629.483642805724,-7.210510089915333e-12
Ablated PINN,1,469,True,optimal,4.488692432641983e-05,0.30905328085646033,0.30909816778078675,0.1602817373350262,38091.71101796326,0.5185463844246998,38091.71101796179,-3.858433761014179e-12
Ablated PINN,1,470,True,optimal,4.488692432641983e-05,0.29640093678608537,0.2964458237104118,0.1550038200803101,38259.008655203404,0.5228740217697526,38259.008655202844,-1.4643576924357327e-12
Ablated PINN,1,471,True,optimal,4.488692432641983e-05,0.24321677908301353,0.24326166600733995,0.1651594182476401,38173.33483881843,0.6789372980889506,38173.33483882467,1.6334689389029552e-11
Ablated PINN,1,472,True,optimal,4.488692432641983e-05,0.20644690468907356,0.20649179161339998,0.1747247958555817,36802.878424429,0.8461585542475539,36802.87842442877,-6.326424823861641e-13
Ablated PINN,1,473,True,optimal,4.488692432641983e-05,0.19452171307057142,0.19456659999489784,0.1697152792476117,36834.69907760811,0.8722734490506705,36834.69907760791,-5.33330963744388e-13
Ablated PINN,1,474,True,optimal,4.488692432641983e-05,0.2102159741334617,0.21026086105778813,0.1804246907122433,37916.82860834288,0.8580992668086493,37916.82860834284,-1.151355408334307e-13
Ablated PINN,1,475,True,optimal,4.488692432641983e-05,0.21756411297246814,0.21760899989679455,0.1652134880423545,38452.62701430416,0.7592217606841184,38452.6270143029,-3.2734841933829076e-12
Ablated PINN,1,476,True,optimal,4.488692432641983e-05,0.20080149034038186,0.20084637726470828,0.159290880896151,38140.91746684177,0.7930981034634813,38140.917466841755,-3.815302880697016e-14
Ablated PINN,1,477,True,optimal,4.488692432641983e-05,0.17547798482701182,0.17552287175133824,0.1729931975714862,36500.63111090841,0.9855877803581302,36500.631110907496,-2.511657008344521e-12
Ablated PINN,1,478,True,optimal,4.488692432641983e-05,0.2268185610882938,0.2268634480126202,0.1656261207535863,38235.8816351454,0.730069661748122,38235.88163514457,-2.1693214136704875e-12
Ablated PINN,1,479,True,optimal,4.488692432641983e-05,0.2118046199902892,0.21184950691461563,0.1663273028098046,38087.47693235246,0.7851200846874833,38087.47693235238,-2.1013608724507947e-13
Ablated PINN,1,480,True,optimal,4.488692432641983e-05,0.18209341913461685,0.18213830605894327,0.1786074908450245,37407.79141104826,0.9806146477898168,37407.791411048194,-1.7505342084513035e-13
Ablated PINN,1,481,True,optimal,4.488692432641983e-05,0.16333917900919914,0.16338406593352556,0.1703198752366006,38708.18664632728,1.0424509529949937,38708.1866463243,-7.706748572522582e-12
Ablated PINN,1,482,True,optimal,4.488692432641983e-05,0.1891198828816414,0.1891647698059678,0.1643709153868258,37737.632514762365,0.8689298517658768,37737.63251476314,2.063000280722642e-12
Ablated PINN,1,483,True,optimal,4.488692432641983e-05,0.19665183266624808,0.1966967195905745,0.1649042228236794,37525.80746112476,0.8383679360130083,37525.80746112222,-6.766834291255795e-12
Ablated PINN,1,484,True,optimal,4.488692432641983e-05,0.1969792959280312,0.19702418285235762,0.180173791013658,37002.30188211227,0.9144755146563573,37002.30188211302,2.025343279043893e-12
Ablated PINN,1,485,True,optimal,4.488692432641983e-05,0.21458224207162857,0.21462712899595499,0.1616177652031183,36824.61424910403,0.7530164800655944,36824.61424910295,-2.924244418732363e-12
Ablated PINN,1,486,True,optimal,4.488692432641983e-05,0.18159025581553578,0.1816351427398622,0.1572845829650759,37553.28486898609,0.8659369579726035,37553.284868986135,1.1625013853622768e-13
Ablated PINN,1,487,True,optimal,4.488692432641983e-05,0.21998015884310007,0.22002504576742649,0.1664084489457309,37719.161807789606,0.7563159383301752,37719.16180778969,2.314778144199639e-13
Ablated PINN,1,488,True,optimal,4.488692432641983e-05,0.19066015304997563,0.19070503997430205,0.1689285202883184,35906.810683409625,0.8858104657909508,35906.81068341213,6.970625827360243e-12
Ablated PINN,1,489,True,optimal,4.488692432641983e-05,0.24342028982937336,0.24346517675369977,0.167945226188749,36518.85773134938,0.6898121054850068,36518.85773134675,-7.21242892017772e-12
Ablated PINN,1,490,True,optimal,4.488692432641983e-05,0.24032049579545856,0.24036538271978497,0.1624270137399435,37071.05915200899,0.6757504425223283,37071.05915200809,-2.4141279127603825e-12
Ablated PINN,1,491,True,optimal,4.488692432641983e-05,0.2298241532407701,0.22986904016509652,0.1605132520198822,37108.33273370477,0.6982812992328084,37108.33273370031,-1.2019300488386973e-11
Ablated PINN,1,492,True,optimal,4.488692432641983e-05,0.23147889785468578,0.2315237847790122,0.1519833439961075,37053.44863084352,0.6564480800155134,37053.448630842046,-3.98618603734972e-12
Ablated PINN,1,493,True,optimal,4.488692432641983e-05,0.24175657099112868,0.2418014579154551,0.17297432012856,38317.002092070165,0.7153568122365903,38317.002092066956,-8.374082346382056e-12
Ablated PINN,1,494,True,optimal,4.488692432641983e-05,0.2626252849586308,0.2626701718829572,0.1643035942688584,36055.33755714969,0.6255129506751539,36055.33755714967,-4.0359947276325645e-14
Ablated PINN,1,495,True,optimal,4.488692432641983e-05,0.24681889964267612,0.24686378656700253,0.162225276697427,37652.181725531,0.6571448933576033,37652.18172553128,7.343170479587155e-13
Ablated PINN,1,496,True,optimal,4.488692432641983e-05,0.2579574678093195,0.2580023547336459,0.1588904280215501,37722.04300345368,0.6158487514022263,37722.04300345373,1.3501841163433507e-13
Ablated PINN,1,497,True,optimal,4.488692432641983e-05,0.18639729777351022,0.18644218469783663,0.1765229487791657,37204.799260693006,0.9467972554883602,37204.79926069043,-6.923001995987536e-12
Ablated PINN,1,498,True,optimal,4.488692432641983e-05,0.19481134414672852,0.19485623107105493,0.1832795981317758,37230.59901779537,0.9405888491445897,37230.599017795306,-1.758865563681937e-13
Ablated PINN,1,499,True,optimal,4.488692432641983e-05,0.19901525508612394,0.19906014201045036,0.1641666949726641,37721.64044467261,0.8247090216787125,37721.640444670535,-5.497236852898151e-12
Ablated PINN,1,500,True,optimal,4.488692432641983e-05,0.1598238917067647,0.1598687786310911,0.1640047440305352,38079.57571521508,1.0258710014229115,38079.57571521442,-1.738759244174399e-12
Ablated PINN,1,501,True,optimal,4.488692432641983e-05,0.2145819291472435,0.21462681607156991,0.1794212227687239,36316.530545026646,0.835968338219646,36316.53054505297,7.248603942350056e-11
Ablated PINN,1,502,True,optimal,4.488692432641983e-05,0.20258721616119146,0.20263210308551788,0.1570291663520038,38609.62011822203,0.774947128124767,38609.62011822238,9.045568550309973e-13
Ablated PINN,1,503,True,optimal,4.488692432641983e-05,0.2216665488667786,0.22171143579110503,0.1569332550279796,36516.20739470637,0.7078266146624977,36516.20739470506,-3.586550915314594e-12
Ablated PINN,1,504,True,optimal,4.488692432641983e-05,0.22726409696042538,0.2273089838847518,0.1627647872082889,37936.529275429886,0.7160508327766424,37936.52927543015,6.90454501540943e-13
Ablated PINN,1,505,True,optimal,4.488692432641983e-05,0.19392109382897615,0.19396598075330257,0.1631903205998242,35896.31007549137,0.8413347534760712,35896.31007548658,-1.3337248592025818e-11
Ablated PINN,1,506,True,optimal,4.488692432641983e-05,0.19063922530040145,0.19068411222472786,0.1606509038247168,36373.42153754244,0.8424975838332253,36373.42153754134,-3.02052859835503e-12
Ablated PINN,1,507,True,optimal,4.488692432641983e-05,0.19147756602615118,0.1915224529504776,0.1607295661233365,37452.18108173199,0.8392204864089575,37452.181081731665,-8.742297062051708e-13
Ablated PINN,1,508,True,optimal,4.488692432641983e-05,0.24468315904960036,0.24472804597392678,0.1758668818511068,38696.94636532026,0.7186216894398919,38696.946365320255,-1.8802407677066868e-14
Ablated PINN,1,509,True,optimal,4.488692432641983e-05,0.24487821524962783,0.24492310217395424,0.1697102920152247,37914.53257223582,0.6929125529966937,37914.53257223501,-2.1301364948536256e-12
Ablated PINN,1,510,True,optimal,4.488692432641983e-05,0.261902195867151,0.26194708279147744,0.1721428367309272,35624.992067426465,0.6571664585704176,35624.9920674239,-7.209582062349889e-12
Ablated PINN,1,511,True,optimal,4.488692432641983e-05,0.23140389379113913,0.23144878071546554,0.1633629011921584,38033.07018102202,0.7058274434938183,38033.070181022995,2.5635014887309306e-12
Ablated PINN,1,512,True,optimal,4.488692432641983e-05,0.2417920515872538,0.24183693851158022,0.1642370293848216,36957.4052685325,0.6791230090640483,36957.405268532544,1.1812448782022956e-13
Ablated PINN,1,513,True,optimal,4.488692432641983e-05,0.247971017844975,0.2480159047693014,0.1634258991107344,39633.46116612954,0.6589331408513875,39633.461166100045,-7.44238108406926e-11
Ablated PINN,1,514,True,optimal,4.488692432641983e-05,0.2604041527956724,0.26044903971999883,0.1668271729722619,38761.83152187966,0.640536717476912,38761.83152187664,-7.808708331523978e-12
Ablated PINN,1,515,True,optimal,4.488692432641983e-05,0.23554932605475187,0.2355942129790783,0.1597311091609299,37981.683887864725,0.6779924988018048,37981.68388786459,-3.6397331692198685e-13
Ablated PINN,1,516,True,optimal,4.488692432641983e-05,0.2603064738214016,0.260351360745728,0.1497011678293347,38857.10835058162,0.5749966791052813,38857.10835058155,-1.872490754725581e-13
Ablated PINN,1,517,True,optimal,4.488692432641983e-05,0.24242120422422886,0.24246609114855527,0.1632240992039442,37630.81896824646,0.6731832003013538,37630.81896824416,-6.109892553818905e-12
Ablated PINN,1,518,True,optimal,4.488692432641983e-05,0.25969005608931184,0.25973494301363825,0.1537405638955533,38151.6266859253,0.5919132871062351,38151.62668592396,-3.5090933658764405e-12
Ablated PINN,1,519,True,optimal,4.488692432641983e-05,0.21920442394912243,0.21924931087344884,0.1594648258760571,37204.14432204828,0.7273219023621037,37204.144322044885,-9.133047588491317e-12
Ablated PINN,1,520,True,optimal,4.488692432641983e-05,0.202540990896523,0.2025858778208494,0.1644031559117138,37249.83784793721,0.8115232793131745,37249.83784793736,3.906571429323066e-13
Ablated PINN,1,521,True,optimal,4.488692432641983e-05,0.24698591465130448,0.2470308015756309,0.1607491271570325,37748.4401843529,0.6507250356300915,37748.44018435227,-1.6576376447976966e-12
Ablated PINN,1,522,True,optimal,4.488692432641983e-05,0.23898506769910455,0.23902995462343096,0.1847922513261437,37425.95054747561,0.7730924419797778,37425.95054747542,-5.054645111252331e-13
Ablated PINN,1,523,True,optimal,4.488692432641983e-05,0.22701356885954738,0.2270584557838738,0.171496971976012,38375.5942804094,0.7552987682575092,38375.59428040869,-1.858065938939692e-12
Ablated PINN,1,524,True,optimal,4.488692432641983e-05,0.1652894108556211,0.16533429777994751,0.1807770980522036,37022.61104101281,1.0934034890498627,37022.61104101485,5.502767294598751e-12
Ablated PINN,1,525,True,optimal,4.488692432641983e-05,0.22367823403328657,0.223723120957613,0.1563175711780786,38966.67967789752,0.6987099523240373,38966.67967789592,-4.107895998201511e-12
Ablated PINN,1,526,True,optimal,4.488692432641983e-05,0.26351370522752404,0.26355859215185046,0.1727888570167124,37347.141093703816,0.6555994081086886,37347.14109370266,-3.097632715051909e-12
Ablated PINN,1,527,True,optimal,4.488692432641983e-05,0.23710571276023984,0.23715059968456625,0.161790772806853,38356.37521541835,0.6822279725290626,38356.37521541647,-4.91306337340238e-12
Ablated PINN,1,528,True,optimal,4.488692432641983e-05,0.3015354317612946,0.301580318685621,0.1686766077764332,37414.84558072604,0.5593090706700533,37414.8455807261,1.5557370345917618e-13
Ablated PINN,1,529,True,optimal,4.488692432641983e-05,0.2568762321025133,0.25692111902683973,0.1702138897962868,35692.177578481154,0.6625142006271002,35692.17757847955,-4.484766085231582e-12
Ablated PINN,1,530,True,optimal,4.488692432641983e-05,0.2738105501048267,0.2738554370291531,0.1525644427165389,37037.8463089636,0.5570984617709005,37037.84630897324,2.602916961848262e-11
Ablated PINN,1,531,True,optimal,4.488692432641983e-05,0.1790191549807787,0.1790640419051051,0.1691260430961847,38034.75219346754,0.9445003100388685,38034.75219346753,-1.912976211117019e-14
Ablated PINN,1,532,True,optimal,4.488692432641983e-05,0.20633947802707553,0.20638436495140194,0.1574206496588885,38521.110639704326,0.76275472561091,38521.11063970145,-7.46085252962611e-12
Ablated PINN,1,533,True,optimal,4.488692432641983e-05,0.20540942111983895,0.20545430804416537,0.1743386453017592,37877.11261677823,0.8485519089932277,37877.11261677662,-4.245272465732395e-12
Ablated PINN,1,534,True,optimal,4.488692432641983e-05,0.22808346711099148,0.2281283540353179,0.1755884899757802,38005.62439794651,0.7696916532725095,38005.62439795526,2.3030741235067293e-11
Ablated PINN,1,535,True,optimal,4.488692432641983e-05,0.17698826594278216,0.17703315286710858,0.1611110898666083,36909.8820842901,0.9100616876407759,36909.88208428338,-1.8194880337343857e-11
Ablated PINN,1,536,True,optimal,4.488692432641983e-05,0.21886362275108695,0.21890850967541337,0.1906736488454044,37857.63728472696,0.8710198115556392,37857.637284724355,-6.880494961391918e-12
Ablated PINN,1,537,True,optimal,4.488692432641983e-05,0.24286976736038923,0.24291465428471565,0.1686389078386128,37075.59607166222,0.6942311007756425,37075.59607166384,4.3566732878053574e-12
Ablated PINN,1,538,True,optimal,4.488692432641983e-05,0.25251773186028004,0.25256261878460645,0.153452246915549,38089.40794411606,0.6075809937907638,38089.407944116014,-1.1461387309866119e-13
Ablated PINN,1,539,True,optimal,4.488692432641983e-05,0.23766150185838342,0.23770638878270983,0.1732032489962875,37771.52794192654,0.7286436426183505,37771.5279419256,-2.5041997011561743e-12
Ablated PINN,1,540,True,optimal,4.488692432641983e-05,0.22007885202765465,0.22012373895198106,0.1874021664261818,37001.506488177045,0.8513491880449235,37001.506488180574,9.537015591531439e-12
Ablated PINN,1,541,True,optimal,4.488692432641983e-05,0.20825848635286093,0.20830337327718734,0.1572774942032992,38823.19473635722,0.7550405532512021,38823.19473635649,-1.874126450332956e-12
Ablated PINN,1,542,True,optimal,4.488692432641983e-05,0.1816455931402743,0.1816904800646007,0.1814208501018583,39058.739085027584,0.998515992898216,39058.73908502754,-1.1176947005397608e-13
Ablated PINN,1,543,True,optimal,4.488692432641983e-05,0.1949874642305076,0.19503235115483403,0.1840207930654287,38355.62264035055,0.9435398382668146,38355.622640353045,6.5066169960684185e-12
Ablated PINN,1,544,True,optimal,4.488692432641983e-05,0.20175415184348822,0.20179903876781463,0.1694456427358091,36861.37798766048,0.8396751727384062,36861.377987664186,1.004699940099666e-11
Ablated PINN,1,545,True,optimal,4.488692432641983e-05,0.17920496221631765,0.17924984914064407,0.1812365017831325,37861.57927693827,1.0110831481979639,37861.57927693833,1.7295532774444336e-13
Ablated PINN,1,546,True,optimal,4.488692432641983e-05,0.24635431077331305,0.24639919769763946,0.1795823317952454,38348.31707537076,0.7288267716505062,38348.317075367784,-7.76009715981063e-12
Ablated PINN,1,547,True,optimal,4.488692432641983e-05,0.27185558807104826,0.2719004749953747,0.1721923486329615,38819.69082451244,0.633291827224247,38819.690824511556,-2.2866406457051595e-12
Ablated PINN,1,548,True,optimal,4.488692432641983e-05,0.22229503095149994,0.22233991787582635,0.1568663530051708,37912.18444165716,0.7055249210480432,37912.18444165735,4.989817937288452e-13
Ablated PINN,1,549,True,optimal,4.488692432641983e-05,0.23624437069520354,0.23628925761952996,0.1695985170081257,38415.88485526476,0.7177580509445383,38415.884855264754,-1.893997142483178e-14
Ablated PINN,1,550,True,optimal,4.488692432641983e-05,0.1955592459999025,0.1956041329242289,0.1776843862608075,38824.18132568059,0.9083876889740209,38824.18132568065,1.4992630604412885e-13
Ablated PINN,1,551,True,optimal,4.488692432641983e-05,0.1800712770782411,0.18011616400256752,0.165245640091598,37361.85104174569,0.9174392593062467,37361.85104174544,-6.816003741674391e-13
Ablated PINN,1,552,True,optimal,4.488692432641983e-05,0.20508992532268167,0.20513481224700808,0.1715954747051,37478.24727886228,0.8365009957377566,37478.24727886253,6.600697120160156e-13
Ablated PINN,1,553,True,optimal,4.488692432641983e-05,0.18400724604725838,0.1840521329715848,0.1806672159582376,37965.82034292765,0.9816089226530736,37965.82034292766,3.8328989330208464e-14
Ablated PINN,1,554,True,optimal,4.488692432641983e-05,0.21202052012085915,0.21206540704518556,0.1817612587474286,36150.775536377536,0.8570999923089769,36150.77553637782,7.849412432870529e-13
Ablated PINN,1,555,True,optimal,4.488692432641983e-05,0.22645035106688738,0.2264952379912138,0.1592718544416129,36622.720950537245,0.7032017796674003,36622.72095053719,-1.5893865721250707e-13
Ablated PINN,1,556,True,optimal,4.488692432641983e-05,0.22469342593103647,0.2247383128553629,0.175411042291671,37333.52835667768,0.7805124104698697,37333.52835668048,7.503292093632434e-12
Ablated PINN,1,557,True,optimal,4.488692432641983e-05,0.20260614715516567,0.2026510340794921,0.1693641580641269,38048.443557786806,0.8357428760896032,38048.44355778302,-9.943896794698372e-12
Ablated PINN,1,558,True,optimal,4.488692432641983e-05,0.2057032766751945,0.20574816359952092,0.1781026069074869,38082.80898777679,0.8656340051430796,38082.808987779856,8.043466952646251e-12
Ablated PINN,1,559,True,optimal,4.488692432641983e-05,0.22053961921483278,0.2205845061391592,0.1760990801267326,37758.87499712498,0.7983293260662547,37758.874997121864,-8.24735869145365e-12
Ablated PINN,1,560,True,optimal,4.488692432641983e-05,0.26563580241054296,0.2656806893348694,0.1799452053382992,37431.88469460471,0.6772987746636436,37431.88469460239,-6.20067757170415e-12
Ablated PINN,1,561,True,optimal,4.488692432641983e-05,0.25861350493505597,0.2586583918593824,0.1780317248776555,38247.70778692276,0.688288996146087,38247.707786922765,1.902325141866709e-14
Ablated PINN,1,562,True,optimal,4.488692432641983e-05,0.21387093281373382,0.21391581973806023,0.1575309168547392,38414.98712885366,0.7364154602854323,38414.987128852554,-2.878942933512531e-12
Ablated PINN,1,563,True,optimal,4.488692432641983e-05,0.23551784781739116,0.23556273474171757,0.160420096013695,39938.52222221035,0.6810079539515764,39938.522222209314,-2.586940937537939e-12
Ablated PINN,1,564,True,optimal,4.488692432641983e-05,0.2709918417967856,0.271036728721112,0.1547773270867765,37680.364376736085,0.5710566527905424,37680.36437673408,-5.3101618760772755e-12
Ablated PINN,1,565,True,optimal,4.488692432641983e-05,0.24539734795689583,0.24544223488122224,0.1631285562179982,36836.13257179828,0.6646311556645563,36836.13257179779,-1.3431516373227106e-12
Ablated PINN,1,566,True,optimal,4.488692432641983e-05,0.25029506208375096,0.2503399490080774,0.1590021131560206,37564.968212357126,0.6351447852651368,37564.96821235384,-8.754786701853427e-12
Ablated PINN,1,567,True,optimal,4.488692432641983e-05,0.18364901980385184,0.18369390672817826,0.164667597040534,37869.26785594437,0.8964238388386039,37869.26785594454,4.611205672226682e-13
Ablated PINN,1,568,True,optimal,4.488692432641983e-05,0.20164628885686398,0.2016911757811904,0.1690981755964458,36667.9221428852,0.8384014567890471,36667.92214288315,-5.595681258415259e-12
Ablated PINN,1,569,True,optimal,4.488692432641983e-05,0.22692159796133637,0.2269664848856628,0.1714541926048696,38463.55285720315,0.7554163456831162,38463.55285720326,3.026639849395334e-13
Ablated PINN,1,570,True,optimal,4.488692432641983e-05,0.24025003891438246,0.24029492583870887,0.1675918260589242,37382.42831125197,0.6974422180325832,37382.428311252006,9.731788360031964e-14
Ablated PINN,1,571,True,optimal,4.488692432641983e-05,0.18774940399453044,0.18779429091885685,0.1599842528812587,37103.00158866489,0.8519122285266144,37103.001588664214,-1.8237447892242285e-12
Ablated PINN,1,572,True,optimal,4.488692432641983e-05,0.21722876001149416,0.21727364693582057,0.1559554561972618,36590.04738425717,0.7177835802762069,36590.0473842565,-1.8294267112451972e-12
Ablated PINN,1,573,True,optimal,4.488692432641983e-05,0.19178924290463328,0.1918341298289597,0.1549570029601454,37426.33181633952,0.8077655581845934,37426.331816334576,-1.3219706387267941e-11
Ablated PINN,1,574,True,optimal,4.488692432641983e-05,0.17595991166308522,0.17600479858741164,0.1555461590178311,37958.056009977736,0.8837608989426508,37958.05600997699,-1.9743467211911428e-12
Ablated PINN,1,575,True,optimal,4.488692432641983e-05,0.17414720030501485,0.17419208722934126,0.1724221939221024,37439.323897526585,0.989839416156093,37439.32389752652,-1.74905985767486e-13
Ablated PINN,1,576,True,optimal,4.488692432641983e-05,0.21817733673378825,0.21822222365811467,0.171226954087615,37099.05202235135,0.7846448964605621,37099.052022348005,-9.021633492165565e-12
Ablated PINN,1,577,True,optimal,4.488692432641983e-05,0.22407163074240088,0.2241165176667273,0.1728495657444,36743.91357578194,0.7712486680764696,36743.91357577979,-5.841532072399649e-12
Ablated PINN,1,578,True,optimal,4.488692432641983e-05,0.26738260965794325,0.26742749658226966,0.1570983328856527,36601.21135182778,0.5874427083728243,36601.21135182353,-1.1609340482855161e-11
Ablated PINN,1,579,True,optimal,4.488692432641983e-05,0.23739860532805324,0.23744349225237965,0.1714877081103623,37549.68182393258,0.7222253450016112,37549.681823932566,-3.875376440364956e-14
Ablated PINN,1,580,True,optimal,4.488692432641983e-05,0.2256917441263795,0.2257366310507059,0.1705339280888438,37363.30276432997,0.7554552723458416,37363.30276432844,-4.108916886379634e-12
Ablated PINN,1,581,True,optimal,4.488692432641983e-05,0.23611881816759706,0.23616370509192347,0.1740403389558196,37873.25122104594,0.7369478679548866,37873.25122104598,1.1526801707702697e-13
Ablated PINN,1,582,True,optimal,4.488692432641983e-05,0.23358300467953086,0.23362789160385727,0.1615061978809535,37258.21140373022,0.6912967316197232,37258.211403730034,-5.077401486584223e-13
Ablated PINN,1,583,True,optimal,4.488692432641983e-05,0.268738164100796,0.2687830510251224,0.1572399181313812,37640.79111631284,0.5850068206744347,37640.79111630826,-1.2158557786895103e-11
Ablated PINN,1,584,True,optimal,4.488692432641983e-05,0.2587864538654685,0.2588313407897949,0.1775986328721046,35713.589826592695,0.686155827691431,35713.58982659513,6.824981225876379e-12
Ablated PINN,1,585,True,optimal,4.488692432641983e-05,0.18703689193353057,0.18708177885785698,0.169917466584593,36929.288079933925,0.9082523569208455,36929.288079932325,-4.334528929059219e-12
Ablated PINN,1,586,True,optimal,4.488692432641983e-05,0.18759471317753196,0.18763960010185837,0.1705687860958278,37172.61387443121,0.9090233937997957,37172.61387443474,9.493116235515082e-12
Ablated PINN,1,587,True,optimal,4.488692432641983e-05,0.2122844560071826,0.212329342931509,0.163940146099776,37595.73854201515,0.7721031103678313,37595.73854201134,-1.0121694585053268e-11
Ablated PINN,1,588,True,optimal,4.488692432641983e-05,0.2136865840293467,0.21373147095367312,0.1505248839966952,37080.56019575969,0.7042710337651766,37080.56019575725,-6.573379118016074e-12
Ablated PINN,1,589,True,optimal,4.488692432641983e-05,0.22151266178116202,0.22155754870548844,0.168629236984998,37300.86718111226,0.7611080641136408,37300.86718111054,-4.622954062136774e-12
Ablated PINN,1,590,True,optimal,4.488692432641983e-05,0.20744793489575386,0.20749282182008028,0.1623016390949487,38163.83914282164,0.7822036332210209,38163.83914280196,-5.157097867620616e-11
Ablated PINN,1,591,True,optimal,4.488692432641983e-05,0.22774324426427484,0.22778813118860125,0.1686473372392356,37354.040536243774,0.7403692912323032,37354.04053624242,-3.6229765155526183e-12
Ablated PINN,1,592,True,optimal,4.488692432641983e-05,0.2636282187886536,0.26367310571298,0.1620224779471755,37744.61302564658,0.6144823815423338,37744.61302564572,-2.274663666283374e-12
Ablated PINN,1,593,True,optimal,4.488692432641983e-05,0.26736206794157624,0.26740695486590266,0.1687562838196754,37312.76999944803,0.6310841238377741,37312.76999944483,-8.579961633210471e-12
Ablated PINN,1,594,True,optimal,4.488692432641983e-05,0.2681651287712157,0.2682100156955421,0.159396689850837,35729.817543693614,0.5942980519854103,35729.817543692814,-2.240020779791083e-12
Ablated PINN,1,595,True,optimal,4.488692432641983e-05,0.2590504428371787,0.2590953297615051,0.1721705789677798,38690.52729376181,0.664506686115343,38690.52729376176,-1.1283316289188776e-13
Ablated PINN,1,596,True,optimal,4.488692432641983e-05,0.265168400015682,0.2652132869400084,0.1682639122009277,37341.88124939741,0.634447520116099,37341.881249397346,-1.7536239829563367e-13
Ablated PINN,1,597,True,optimal,4.488692432641983e-05,0.24716812325641513,0.24721301018074154,0.1665353742428124,36663.06513727508,0.6736513346164735,36663.0651372751,5.953641017416744e-14
Ablated PINN,1,598,True,optimal,4.488692432641983e-05,0.23862155200913548,0.2386664389334619,0.1728351963683962,36623.31041220771,0.7241705081818443,36623.3104122058,-5.225024256388317e-12
Ablated PINN,1,599,True,optimal,4.488692432641983e-05,0.20361975207924843,0.20366463900357484,0.1694016889669001,37656.675645906726,0.831767801203461,37656.67564590501,-4.559951104271043e-12
Ablated PINN,1,600,True,optimal,4.488692432641983e-05,0.2242345861159265,0.22427947304025292,0.1682600053027272,38557.60074312643,0.7502247219589662,38557.60074312645,5.66110764722348e-14
Ablated PINN,1,601,True,optimal,4.488692432641983e-05,0.2152652582153678,0.2153101451396942,0.1734674633480608,38007.86038231956,0.8056632131083016,38007.86038232061,2.7566347747630605e-12
Ablated PINN,1,602,True,optimal,4.488692432641983e-05,0.2086416706442833,0.2086865575686097,0.1564113777130842,36604.13483947123,0.7495038469914909,36604.13483947012,-3.041245257816194e-12
Ablated PINN,1,603,True,optimal,4.488692432641983e-05,0.1816739598289132,0.18171884675323963,0.1556370640173554,38022.68595017272,0.856471779334472,38022.68595017238,-8.993841421796442e-13
Ablated PINN,1,604,True,optimal,4.488692432641983e-05,0.2476883647032082,0.24773325162753462,0.165866516996175,37048.7719935187,0.6695367533687171,37048.7719935172,-4.045605799792753e-12
Ablated PINN,1,605,True,optimal,4.488692432641983e-05,0.23043856723234057,0.230483454156667,0.172681295312941,36519.47378091206,0.7492134129314288,36519.473780910426,-4.482787657381149e-12
Ablated PINN,1,606,True,optimal,4.488692432641983e-05,0.2545817936770618,0.2546266806013882,0.1715656672604382,36882.57600933843,0.6737929695946515,36882.57600933843,0.0
Ablated PINN,1,607,True,optimal,4.488692432641983e-05,0.23017730796709657,0.23022219489142298,0.1730672479607164,38075.64961115748,0.7517400659060613,38075.649611156274,-3.1721296321639616e-12
Ablated PINN,1,608,True,optimal,4.488692432641983e-05,0.23295894637703896,0.23300383330136537,0.1872017201967537,38491.54214369286,0.8034276412724439,38491.5421436929,1.1341646308201734e-13
Ablated PINN,1,609,True,optimal,4.488692432641983e-05,0.2714814720675349,0.27152635899186134,0.1676798448897898,37789.847613833,0.6175453665432746,37789.84761383159,-3.735224845508218e-12
Ablated PINN,1,610,True,optimal,4.488692432641983e-05,0.27062656404450536,0.2706714509688318,0.1617634547874331,37372.46372976417,0.5976376681339045,37372.463729763906,-7.008755858447554e-13
Ablated PINN,1,611,True,optimal,4.488692432641983e-05,0.23371657077223063,0.23376145769655704,0.1752375401556491,36281.41759193647,0.7496425710312042,36281.41759193849,5.555020704529306e-12
Ablated PINN,1,612,True,optimal,4.488692432641983e-05,0.18275875877588987,0.1828036457002163,0.1605677963234484,38308.97673457923,0.8783621120268413,38308.97673457859,-1.6713687616463925e-12
Ablated PINN,1,613,True,optimal,4.488692432641983e-05,0.15149115398526192,0.15153604090958833,0.1704759881831705,36536.96975603781,1.124986420127489,36536.9697560363,-4.1421037208485526e-12
Ablated PINN,1,614,True,optimal,4.488692432641983e-05,0.217786462046206,0.2178313489705324,0.1850780188106,37492.52280636031,0.8496390427056337,37492.52280635839,-5.123295703693129e-12
Ablated PINN,1,615,True,optimal,4.488692432641983e-05,0.2239096532575786,0.22395454018190503,0.163959820754826,37918.40512496982,0.732112064446879,37918.40512496974,-2.1107304880635164e-13
Ablated PINN,1,616,True,optimal,4.488692432641983e-05,0.1895800386555493,0.1896249255798757,0.171635468956083,37663.46139270252,0.9051313714756608,37663.461392702506,-3.863669108008845e-14
Ablated PINN,1,617,True,optimal,4.488692432641983e-05,0.1994124986231327,0.19945738554745912,0.1589676029980182,37951.21771414124,0.7970003344909646,37951.217714138016,-8.493137815396692e-12
Ablated PINN,1,618,True,optimal,4.488692432641983e-05,0.20730892615392804,0.20735381307825446,0.1698389668017625,37684.46763328472,0.8190780978677541,37684.467633286535,4.807586678845586e-12
Ablated PINN,1,619,True,optimal,4.488692432641983e-05,0.20777305960655212,0.20781794653087854,0.1698246961459517,38145.96579780013,0.8171801279959157,38145.965797800105,-5.722196931191368e-14
Ablated PINN,1,620,True,optimal,4.488692432641983e-05,0.25564209884032607,0.2556869857646525,0.1671525379642844,38958.3404683907,0.653738935771022,38958.34046839075,1.3073375992647329e-13
Ablated PINN,1,621,True,optimal,4.488692432641983e-05,0.24469809560105205,0.24474298252537846,0.1574033419601619,38761.37495917448,0.6431373040239879,38761.374959173656,-2.1211404684913623e-12
Ablated PINN,1,622,True,optimal,4.488692432641983e-05,0.22446723002940416,0.22451211695373058,0.1671149837784469,37582.542071853306,0.7443472808769935,37582.54207185091,-6.369420276280695e-12
Ablated PINN,1,623,True,optimal,4.488692432641983e-05,0.2262339391745627,0.2262788260988891,0.1781733152456581,37791.51525748618,0.7874060437620983,37791.51525751503,7.633769575969175e-11
Ablated PINN,1,624,True,optimal,4.488692432641983e-05,0.27829330088570714,0.27833818781003355,0.1637782407924533,36773.56372652529,0.5884145545426641,36773.5637265243,-2.6908739193400062e-12
Ablated PINN,1,625,True,optimal,4.488692432641983e-05,0.19290996808558702,0.19295485500991344,0.1686274372041225,38331.19212806325,0.8739217118711987,38331.19212806209,-3.037091083366128e-12
Ablated PINN,1,626,True,optimal,4.488692432641983e-05,0.2698723375797272,0.2699172245040536,0.1651300429366529,37614.469044654,0.611780308722658,37614.46904465232,-4.46835021619227e-12
Ablated PINN,1,627,True,optimal,4.488692432641983e-05,0.2719539855606854,0.2719988724850118,0.1601873021572828,37084.45601039876,0.5889263462520777,37084.45601039586,-7.82836638413985e-12
Ablated PINN,1,628,True,optimal,4.488692432641983e-05,0.25205702520906925,0.25210191213339567,0.1638651969842612,37533.52111676674,0.649995851271269,37533.52111676542,-3.508725770945325e-12
Ablated PINN,1,629,True,optimal,4.488692432641983e-05,0.1858706152997911,0.1859155022241175,0.1606693435460329,37985.24670680965,0.8642062744845728,37985.24670680883,-2.164480375101351e-12
Ablated PINN,1,630,True,optimal,4.488692432641983e-05,0.2680955659598112,0.2681404528841376,0.1578375580720603,36924.0680826126,0.5886376202260732,36924.06808262268,2.7311392749833464e-11
Ablated PINN,1,631,True,optimal,4.488692432641983e-05,0.29376582708209753,0.29381071400642395,0.1573000270873308,38480.93589813893,0.5353787986230194,38480.93589813956,1.6449919880056048e-12
Ablated PINN,1,632,True,optimal,4.488692432641983e-05,0.26699663093313575,0.26704151785746216,0.1655058888718485,36557.96985656361,0.6197758693095431,36557.9698565609,-7.423640319029254e-12
Ablated PINN,1,633,True,optimal,4.488692432641983e-05,0.26368219079449773,0.26372707771882414,0.1673609879799187,37466.56928679344,0.6345991827140051,37466.569286793274,-4.4665692192214357e-13
Ablated PINN,1,634,True,optimal,4.488692432641983e-05,0.2258023340255022,0.22584722094982862,0.1846586731262505,37100.96912303606,0.8176265014448504,37100.969123037656,4.2948600944140935e-12
Ablated PINN,1,635,True,optimal,4.488692432641983e-05,0.23211396066471934,0.23215884758904576,0.1679514460265636,39737.489717246775,0.7234333206368322,39737.4897172454,-3.4606010567492524e-12
Ablated PINN,1,636,True,optimal,4.488692432641983e-05,0.24144437490031123,0.24148926182463765,0.1574904639273882,38607.15851359384,0.6521634243171984,38607.1585135915,-6.0496096684517866e-12
Ablated PINN,1,637,True,optimal,4.488692432641983e-05,0.22833475610241294,0.22837964302673935,0.1626749513670802,37640.48354272492,0.7123005764048496,37640.483542724076,-2.242296070100317e-12
Ablated PINN,1,638,True,optimal,4.488692432641983e-05,0.21813277201727033,0.21817765894159674,0.1750158611685037,37252.25033096069,0.8021713222954377,37252.25033095965,-2.7930176823800958e-12
Ablated PINN,1,639,True,optimal,4.488692432641983e-05,0.19457187177613378,0.1946167587004602,0.1857957220636308,37227.40016454239,0.9546748353238885,37227.40016454463,6.019746034543e-12
Ablated PINN,1,640,True,optimal,4.488692432641983e-05,0.20223190914839506,0.20227679607272148,0.1748093506321311,39076.710417470975,0.8642086192095142,39076.71041747056,-1.0613216403779783e-12
Ablated PINN,1,641,True,optimal,4.488692432641983e-05,0.22573428694158792,0.22577917386591434,0.1576945381239056,38569.05915622706,0.698445899255337,38569.059156226365,-1.7921515029640725e-12
Ablated PINN,1,642,True,optimal,4.488692432641983e-05,0.22382982214912772,0.22387470907345414,0.1880073989741504,37575.21200452069,0.8397884680777606,37575.21200452071,5.809115019743376e-14
Ablated PINN,1,643,True,optimal,4.488692432641983e-05,0.22287720488384366,0.22292209180817008,0.1635166304185986,38012.89653501051,0.7335146960638996,38012.896535010485,-7.656304336063574e-14
Ablated PINN,1,644,True,optimal,4.488692432641983e-05,0.24626354686915874,0.24630843379348516,0.1786040510050952,37396.072377311546,0.7251235706969091,37396.07237731148,-1.7510827839604941e-13
Ablated PINN,1,645,True,optimal,4.488692432641983e-05,0.2571332957595587,0.2571781826838851,0.1621865970082581,37416.59074364734,0.6306390196699247,37416.59074364562,-4.608656000692003e-12
Ablated PINN,1,646,True,optimal,4.488692432641983e-05,0.2478507487103343,0.24789563563466072,0.1734284628182649,36584.18876176514,0.6996027274713995,36584.1887617651,-9.944128680239691e-14
Ablated PINN,1,647,True,optimal,4.488692432641983e-05,0.2613063449971378,0.2613512319214642,0.1599940657615661,37523.41014406827,0.6121802624968845,37523.410144063026,-1.3980513550566875e-11
Ablated PINN,1,648,True,optimal,4.488692432641983e-05,0.2392585570923984,0.23930344401672482,0.180485772434622,38405.33642391121,0.7542130167671466,38405.336423914545,8.676889457531895e-12
Ablated PINN,1,649,True,optimal,4.488692432641983e-05,0.27439724188297987,0.2744421288073063,0.1581447548232972,36798.41940173315,0.5762408108061834,36798.41940173317,5.931741959960981e-14
Ablated PINN,1,650,True,optimal,4.488692432641983e-05,0.29604214895516634,0.29608703587949275,0.1568699879571795,37232.962256969855,0.5298103900132443,37232.962256972896,8.168434898459748e-12
Ablated PINN,1,651,True,optimal,4.488692432641983e-05,0.27478323969990015,0.27482812662422657,0.1619576923549175,37842.809430032416,0.5893053754878692,37842.80943002084,-3.058982337336447e-11
Ablated PINN,1,652,True,optimal,4.488692432641983e-05,0.22723373724147677,0.2272786241658032,0.1630979729816317,36002.513489220604,0.7176124617097702,36002.513489218196,-6.689371760157212e-12
Ablated PINN,1,653,True,optimal,4.488692432641983e-05,0.2245617639273405,0.22460665085166692,0.1693160221911966,38099.160962124224,0.7538335198409376,38099.16096213159,1.9326591241402202e-11
Ablated PINN,1,654,True,optimal,4.488692432641983e-05,0.23602073965594172,0.23606562658026814,0.16264045285061,35720.768100457884,0.6889628753100495,35720.76810045605,-5.132984020997914e-12
Ablated PINN,1,655,True,optimal,4.488692432641983e-05,0.23112781485542655,0.23117270177975296,0.1634236420504748,37347.46634704556,0.7069331317768425,37347.46634704163,-1.0539652228870997e-11
Ablated PINN,1,656,True,optimal,4.488692432641983e-05,0.19424143200740218,0.1942863189317286,0.1617733179591596,37605.37475176988,0.8326541922697402,37605.37475176975,-3.482673365703868e-13
Ablated PINN,1,657,True,optimal,4.488692432641983e-05,0.17581362277269363,0.17585850969702005,0.1531194909475743,38077.26414023097,0.870697080348162,38077.264140229585,-3.6305968349081746e-12
Ablated PINN,1,658,True,optimal,4.488692432641983e-05,0.16346723213791847,0.1635121190622449,0.1638615750707686,37447.92681995925,1.0021371872037856,37447.926819957414,-4.896242527896017e-12
Ablated PINN,1,659,True,optimal,4.488692432641983e-05,0.16454085055738688,0.1645857374817133,0.169980120845139,37962.06283257602,1.0327755214149408,37962.06283257355,-6.497406745482717e-12
Ablated PINN,1,660,True,optimal,4.488692432641983e-05,0.17778730019927025,0.17783218712359666,0.1581276268698275,37367.42399750532,0.8891957604948416,37367.423997502934,-6.386616582431503e-12
Ablated PINN,1,661,True,optimal,4.488692432641983e-05,0.18552076304331422,0.18556564996764063,0.1670366209000349,38363.98928723356,0.9001483891504873,38363.98928723356,0.0
Ablated PINN,1,662,True,optimal,4.488692432641983e-05,0.20691524492576718,0.2069601318500936,0.1580141521990299,36645.68375921567,0.7635004422662598,36645.683759214684,-2.700264080295946e-12
Ablated PINN,1,663,True,optimal,4.488692432641983e-05,0.2093644430860877,0.20940933001041412,0.152494020294398,37446.828188039945,0.7282102487354042,37446.828188038555,-3.7111498397957504e-12
Ablated PINN,1,664,True,optimal,4.488692432641983e-05,0.17374296067282557,0.173787847597152,0.164476778358221,38108.535981763365,0.9464227829064639,38108.535981763365,0.0
Ablated PINN,1,665,True,optimal,4.488692432641983e-05,0.20981559110805392,0.20986047803238034,0.1514591760933399,37438.268796034914,0.7217136714516135,37438.26879603497,1.5547636892770046e-13
Ablated PINN,1,666,True,optimal,4.488692432641983e-05,0.22100985562428832,0.22105474254861474,0.1716903648339212,36865.96248635169,0.7766870905118118,36865.96248635154,-3.9472495079313826e-13
Ablated PINN,1,667,True,optimal,4.488692432641983e-05,0.2087342911399901,0.2087791780643165,0.1892892369069159,38619.15467743779,0.9066480607017404,38619.1546774369,-2.3173546754699108e-12
Ablated PINN,1,668,True,optimal,4.488692432641983e-05,0.1920063658617437,0.1920512527860701,0.152978153899312,35856.26849076382,0.7965485862761725,35856.26849076206,-4.9106664378250825e-12
Ablated PINN,1,669,True,optimal,4.488692432641983e-05,0.22246466716751456,0.22250955409184098,0.1732061621733009,37636.145162876026,0.7784212362486239,37636.14516287439,-4.349782519188716e-12
Ablated PINN,1,670,True,optimal,4.488692432641983e-05,0.22788154194131494,0.22792642886564135,0.1820418699644506,36525.320835177336,0.7986869748736383,36525.320835176324,-2.7689232708873644e-12
Ablated PINN,1,671,True,optimal,4.488692432641983e-05,0.2323286454193294,0.23237353234365582,0.1725464458577335,37596.712095764095,0.7425391528780291,37596.71209576416,1.7417379041245648e-13
Ablated PINN,1,672,True,optimal,4.488692432641983e-05,0.2349651320837438,0.23501001900807023,0.1653420166112482,38199.40682140979,0.7035530540745599,38199.40682140807,-4.514211340043607e-12
Ablated PINN,1,673,True,optimal,4.488692432641983e-05,0.24273024313151836,0.24277513005584478,0.1828731526620686,36866.211755918295,0.753261475423792,36866.21175591822,-1.973611409372807e-13
Ablated PINN,1,674,True,optimal,4.488692432641983e-05,0.23033217573538423,0.23037706265971064,0.1712319841608405,37448.87257829419,0.7432683713559055,37448.87257829155,-7.0527426651541936e-12
Ablated PINN,1,675,True,optimal,4.488692432641983e-05,0.2595531977713108,0.2595980846956372,0.1622013258747756,37942.2266948838,0.6248171132115503,37942.226694883626,-4.602338817504053e-13
Ablated PINN,1,676,True,optimal,4.488692432641983e-05,0.17870245315134525,0.17874734007567167,0.1626015710644424,37864.42573656541,0.9096726753841816,37864.42573656507,-9.031432570661779e-13
Ablated PINN,1,677,True,optimal,4.488692432641983e-05,0.18375637801364064,0.18380126493796706,0.1541935643181204,37883.34792666697,0.8389145981675411,37883.347926666975,1.920621595606578e-14
Ablated PINN,1,678,True,optimal,4.488692432641983e-05,0.17594155296683311,0.17598643989115953,0.1627663299441337,38337.38621686627,0.9248799512325954,38337.38621687287,1.7213728444431753e-11
Ablated PINN,1,679,True,optimal,4.488692432641983e-05,0.17204839270561934,0.17209327962994575,0.1626220401376485,37175.12564807021,0.9449645011550517,37175.1256480677,-6.7523789984112374e-12
Ablated PINN,1,680,True,optimal,4.488692432641983e-05,0.19715374382212758,0.197198630746454,0.164742216002196,36874.538182973854,0.8354125755265082,36874.5381829738,-1.381216031684453e-13
Ablated PINN,1,681,True,optimal,4.488692432641983e-05,0.17746757017448545,0.17751245709881186,0.1642483212053775,36713.75186136212,0.9252777179122087,36713.75186136045,-4.558156457508127e-12
Ablated PINN,1,682,True,optimal,4.488692432641983e-05,0.19913397496566176,0.19917886188998818,0.1650798353366553,38465.27623972982,0.8288019811451344,38465.27623972847,-3.518311184881856e-12
Ablated PINN,1,683,True,optimal,4.488692432641983e-05,0.19571494404226542,0.19575983096659183,0.1594085800461471,37856.30238331747,0.814306894622072,37856.302383318325,2.2679526113781154e-12
Ablated PINN,1,684,True,optimal,4.488692432641983e-05,0.2170140719972551,0.2170589589215815,0.1702620442956686,38660.98426325648,0.784404592842355,38660.98426325795,3.8016192967489986e-12
Ablated PINN,1,685,True,optimal,4.488692432641983e-05,0.16676820302382112,0.16681308994814753,0.1567203430458903,37215.561759223536,0.9394966731603949,37215.561759214776,-2.3539220028851765e-11
Ablated PINN,1,686,True,optimal,4.488692432641983e-05,0.19177540531381965,0.19182029223814606,0.1647181618027389,36840.5431209009,0.85871082710186,36840.543120900926,7.899946089617258e-14
Ablated PINN,1,687,True,optimal,4.488692432641983e-05,0.20237602712586522,0.20242091405019164,0.1635654647834599,38409.002451373584,0.8080462710631904,38409.002451373526,-1.5154692181125828e-13
Ablated PINN,1,688,True,optimal,4.488692432641983e-05,0.20934984972700477,0.20939473665133118,0.1869348473846912,37528.6479768632,0.8927389980005155,37528.64797686221,-2.6367329730050535e-12
Ablated PINN,1,689,True,optimal,4.488692432641983e-05,0.18859714176505804,0.18864202868938446,0.1749152760021388,37613.174708402425,0.9272338577854887,37613.17470840183,-1.586222192060166e-12
Ablated PINN,1,690,True,optimal,4.488692432641983e-05,0.21622860291972756,0.21627348984405398,0.1629724842496216,38145.2449987657,0.7535481318914049,38145.24499876466,-2.7276320780267554e-12
Ablated PINN,1,691,True,optimal,4.488692432641983e-05,0.23140176199376583,0.23144664891809225,0.1615004613995552,37099.267237046624,0.6977869939119722,37099.26723704552,-2.981044208472949e-12
Ablated PINN,1,692,True,optimal,4.488692432641983e-05,0.2401035614311695,0.24014844835549592,0.1629160540178418,37254.58427766685,0.678397279405588,37254.584277663744,-8.339467374271006e-12
Ablated PINN,1,693,True,optimal,4.488692432641983e-05,0.24432556703686714,0.24437045396119356,0.1721738609485328,36219.31594220378,0.704560875333457,36219.315942203604,-4.821266724613276e-13
Ablated PINN,1,694,True,optimal,4.488692432641983e-05,0.20950752310454845,0.20955241002887487,0.1765028089284896,36647.35274403875,0.8422847959809612,36647.3527440364,-6.412835125624543e-12
Ablated PINN,1,695,True,optimal,4.488692432641983e-05,0.22487682104110718,0.2249217079654336,0.1666073123924434,37475.76078429104,0.7407346934162884,37475.76078429478,9.979363021385107e-12
Ablated PINN,1,696,True,optimal,4.488692432641983e-05,0.22662850702181458,0.226673393946141,0.1694586500525474,38376.27952441712,0.7475895035692272,38376.27952442676,2.5121361315546824e-11
Ablated PINN,1,697,True,optimal,4.488692432641983e-05,0.24848997499793768,0.2485348619222641,0.1638368596322834,37504.28193726652,0.659210777776229,37504.2819372653,-3.2398565145204136e-12
Ablated PINN,1,698,True,optimal,4.488692432641983e-05,0.2588392160832882,0.2588841030076146,0.1762476619333028,38922.3913196171,0.6807975456419538,38922.3913196166,-1.2711580686336419e-12
Ablated PINN,1,699,True,optimal,4.488692432641983e-05,0.26918232161551714,0.26922720853984355,0.1683233580552041,37989.22082134099,0.6252093128629439,37989.220821340285,-1.857810908770514e-12
Ablated PINN,1,700,True,optimal,4.488692432641983e-05,0.33059082366526127,0.3306357105895877,0.1653611571528017,37900.87060984868,0.500130965460236,37900.87060984511,-9.42589215255582e-12
Ablated PINN,1,701,True,optimal,4.488692432641983e-05,0.2739095911383629,0.2739544780626893,0.1549840210936963,36621.966939093465,0.5657291028410608,36621.966939092075,-3.794738569395462e-12
Ablated PINN,1,702,True,optimal,4.488692432641983e-05,0.2431254773400724,0.2431703642643988,0.1608501798473298,36129.625827368814,0.6614711473328946,36129.62582736864,-4.833235294900904e-13
Ablated PINN,1,703,True,optimal,4.488692432641983e-05,0.28421537298709154,0.28426025991141796,0.1803391561843454,36975.98028002812,0.634415645157516,36975.98028002808,-9.838762297957788e-14
Ablated PINN,1,704,True,optimal,4.488692432641983e-05,0.21601935103535652,0.21606423795968294,0.1724063050933182,37941.52855278439,0.7979400326558844,37941.52855278688,6.55845349137395e-12
Ablated PINN,1,705,True,optimal,4.488692432641983e-05,0.16322503704577684,0.16326992397010326,0.1570660965517163,38264.62634066809,0.962002631791983,38264.62634066295,-1.3424477296290806e-11
Ablated PINN,1,706,True,optimal,4.488692432641983e-05,0.2957144142128527,0.29575930113717913,0.1783102308399975,37243.578783039775,0.6028896814213583,37243.57878303982,1.1721683874531627e-13
Ablated PINN,1,707,True,optimal,4.488692432641983e-05,0.23283719178289175,0.23288207870721817,0.1574625642970204,38202.9688103683,0.6761471950573922,38202.968810369246,2.4759188076166863e-12
Ablated PINN,1,708,True,optimal,4.488692432641983e-05,0.22251092223450541,0.22255580915883183,0.1667338237166404,37984.38706600299,0.7491775853743146,37984.38706600126,-4.558920245748948e-12
Ablated PINN,1,709,True,optimal,4.488692432641983e-05,0.18672265205532312,0.18676753897964954,0.1695160241797566,37700.46903648929,0.9076310857114593,37700.4690364877,-4.20726532170405e-12
Ablated PINN,1,710,True,optimal,4.488692432641983e-05,0.15788225689902902,0.15792714382335543,0.179200230166316,38494.79379476071,1.134701900053071,38494.793794760764,1.3230802993992392e-13
Ablated PINN,1,711,True,optimal,4.488692432641983e-05,0.19646045984700322,0.19650534677132964,0.1582561181858182,37893.64500953999,0.8053527335822496,37893.64500953811,-4.973058204348191e-12
Ablated PINN,1,712,True,optimal,4.488692432641983e-05,0.24362943787127733,0.24367432479560375,0.1650373600423336,37439.62806716465,0.6772866209058688,37439.62806716128,-9.01730200664566e-12
Ablated PINN,1,713,True,optimal,4.488692432641983e-05,0.14634321676567197,0.14638810368999838,0.1720578260719776,36755.34084442727,1.1753538828287522,36755.34084442996,7.30459383031609e-12
Ablated PINN,1,714,True,optimal,4.488692432641983e-05,0.16430749325081706,0.16435238017514348,0.1648028511554002,38162.302681215566,1.00274088504089,38162.30268121122,-1.1382297163649942e-11
Ablated PINN,1,715,True,optimal,4.488692432641983e-05,0.17433277517557144,0.17437766209989786,0.1555140907876193,38101.80914623268,0.891823464742451,38101.809146230895,-4.6785432382839885e-12
Ablated PINN,1,716,True,optimal,4.488692432641983e-05,0.1923083239234984,0.1923532108478248,0.1633684961125254,37665.69295836426,0.8493151499392964,37665.6929583643,9.658600496513212e-14
Ablated PINN,1,717,True,optimal,4.488692432641983e-05,0.2017678408883512,0.20181272781267762,0.1730897356756031,38019.94012979863,0.8576750215490117,38019.9401297967,-5.090499140096994e-12
Ablated PINN,1,718,True,optimal,4.488692432641983e-05,0.16411522030830383,0.16416010723263025,0.1653514760546386,37687.65252758067,1.007257358941171,37687.65252757953,-3.0310334255783602e-12
Ablated PINN,1,719,True,optimal,4.488692432641983e-05,0.20929814875125885,0.20934303567558527,0.1648942348547279,37967.6004277046,0.7876748052429182,37967.60042770338,-3.2194841533647998e-12
Ablated PINN,1,720,True,optimal,4.488692432641983e-05,0.205876424908638,0.20592131183296442,0.175670500844717,36293.521192568165,0.8530952881031287,36293.521192570515,6.475354917787598e-12
Ablated PINN,1,721,True,optimal,4.488692432641983e-05,0.19137597735971212,0.19142086428403854,0.1655247239395976,37433.99457954236,0.8647162082289258,37433.99457954132,-2.7794574170207344e-12
Ablated PINN,1,722,True,optimal,4.488692432641983e-05,0.1998659879900515,0.19991087491437792,0.1606976692564785,36717.118873317806,0.8038465607501618,36717.11887331613,-4.55773846808632e-12
Ablated PINN,1,723,True,optimal,4.488692432641983e-05,0.18299026135355234,0.18303514827787876,0.1805245000869035,37805.64876842016,0.986283245515426,37805.648768419596,-1.4819180586582373e-12
Ablated PINN,1,724,True,optimal,4.488692432641983e-05,0.19998448714613914,0.20002937407046556,0.1952457958832383,37205.81786772134,0.9760856213770777,37205.81786772009,-3.344070425891073e-12
Ablated PINN,1,725,True,optimal,4.488692432641983e-05,0.2258142838254571,0.2258591707497835,0.1520299208350479,36640.387833191344,0.6731182104775952,36640.38783319151,4.567283127244209e-13
Ablated PINN,1,726,True,optimal,4.488692432641983e-05,0.23719420796260238,0.2372390948869288,0.1705993278883397,36772.44702736288,0.7191029285019382,36772.4470273615,-3.759423314054037e-12
Ablated PINN,1,727,True,optimal,4.488692432641983e-05,0.1473305900581181,0.14737547698244452,0.1604934181086719,36419.709291200685,1.0890103387267747,36419.70929120022,-1.2785969365775445e-12
Ablated PINN,1,728,True,optimal,4.488692432641983e-05,0.19640248315408826,0.19644737007841467,0.1718411752954125,36367.97004976513,0.8747440865551915,36367.970049768264,8.62280112808581e-12
Ablated PINN,1,729,True,optimal,4.488692432641983e-05,0.25689816987141967,0.2569430567957461,0.1613024170510471,37817.32327116832,0.6277749594116201,37817.323271167515,-2.135612003481201e-12
Ablated PINN,1,730,True,optimal,4.488692432641983e-05,0.19300808617845178,0.1930529731027782,0.1856654961593449,36422.325482498345,0.9617334204974906,36422.32548249922,2.3971970546514396e-12
Ablated PINN,1,731,True,optimal,4.488692432641983e-05,0.2249069190584123,0.22495180598273873,0.1580683160573244,37014.63711001613,0.702676359350738,37014.63711001466,-3.970708759609427e-12
Ablated PINN,1,732,True,optimal,4.488692432641983e-05,0.24398714397102594,0.24403203089535236,0.1672948598861694,37907.333499337874,0.6855446773620879,37907.333499337736,-3.6468720405221795e-13
Ablated PINN,1,733,True,optimal,4.488692432641983e-05,0.26536313025280833,0.26540801717713475,0.1760020470246672,37831.5700560004,0.6631376433033765,37831.570056000346,-1.3462751671128647e-13
Ablated PINN,1,734,True,optimal,4.488692432641983e-05,0.2283755517564714,0.2284204386807978,0.1677253982052207,36227.13092414981,0.7342836708216188,36227.1309241498,-2.0084277801124768e-14
Ablated PINN,1,735,True,optimal,4.488692432641983e-05,0.2685831463895738,0.2686280333139002,0.1815983247943222,38365.8705693373,0.6760214954264244,38365.870569336716,-1.5171729469365418e-12
Ablated PINN,1,736,True,optimal,4.488692432641983e-05,0.26615634001791477,0.2662012269422412,0.1826914297416806,36791.06895515918,0.6862907126319141,36791.068955162526,9.097154819294907e-12
Ablated PINN,1,737,True,optimal,4.488692432641983e-05,0.27561997901648283,0.27566486594080924,0.1647824188694358,37375.10906822638,0.5977635862555581,37375.109068225756,-1.6741953947947863e-12
Ablated PINN,1,738,True,optimal,4.488692432641983e-05,0.2720129080116749,0.2720577949360013,0.1626051347702741,37807.92408604918,0.5976859983318076,37807.92408604792,-3.3293038369123206e-12
Ablated PINN,1,739,True,optimal,4.488692432641983e-05,0.2074005687609315,0.2074454556852579,0.1557597019709646,37073.294605946445,0.7508465367748889,37073.29460594552,-2.4924858360257004e-12
Ablated PINN,1,740,True,optimal,4.488692432641983e-05,0.18804454617202282,0.18808943309634923,0.1666533201932907,37603.95511810395,0.8860323381799028,37603.95511810322,-1.9348915802424483e-12
Ablated PINN,1,741,True,optimal,4.488692432641983e-05,0.22933379607275128,0.2293786829970777,0.1632273579016327,37440.72000481825,0.7116064830824416,37440.720004815754,-6.6656128977854836e-12
Ablated PINN,1,742,True,optimal,4.488692432641983e-05,0.1901362962089479,0.1901811831332743,0.1740517071448266,36615.77248651081,0.9151888965947563,36615.77248651576,1.3512349574128024e-11
Ablated PINN,1,743,True,optimal,4.488692432641983e-05,0.23161422414705157,0.231659111071378,0.1593433180823922,38388.73153872848,0.6878353169252035,38388.731538727625,-2.2364974409417064e-12
Ablated PINN,1,744,True,optimal,4.488692432641983e-05,0.22254967922344804,0.22259456614777445,0.188180536031723,36147.19759544655,0.8453959109980927,36147.19759545135,1.3264807195872035e-11
Ablated PINN,1,745,True,optimal,4.488692432641983e-05,0.2001299001276493,0.20017478705197572,0.1870059366337955,36178.10482683561,0.9342132412771799,36178.10482683693,3.640180530380727e-12
Ablated PINN,1,746,True,optimal,4.488692432641983e-05,0.26302022440358996,0.2630651113279164,0.158794246148318,37337.59671869416,0.6036309617293854,37337.59671869418,3.897389362792332e-14
Ablated PINN,1,747,True,optimal,4.488692432641983e-05,0.24499735236167908,0.2450422392860055,0.1858645998872816,37554.49764354208,0.7585002505235285,37554.49764354462,6.761664691810032e-12
Ablated PINN,1,748,True,optimal,4.488692432641983e-05,0.23529181675985456,0.23533670368418097,0.1777994642034173,38142.643000995165,0.7555109824348608,38142.64300099511,-1.5260521121189408e-13
Ablated PINN,1,749,True,optimal,4.488692432641983e-05,0.2646273481659591,0.26467223509028553,0.185329757630825,39051.59526982926,0.7002236466836234,39051.59526982723,-5.198231110229498e-12
Ablated PINN,1,750,True,optimal,4.488692432641983e-05,0.27500037802383304,0.27504526494815945,0.1656797206960618,37642.6391076638,0.6023725612120213,37642.63910766421,1.0824257704909878e-12
Ablated PINN,1,751,True,optimal,4.488692432641983e-05,0.263696082867682,0.2637409697920084,0.169417779892683,37993.39154236537,0.6423642865433057,37993.39154236688,3.983322157651031e-12
Ablated PINN,1,752,True,optimal,4.488692432641983e-05,0.20502673741430044,0.20507162433862686,0.1555377151817083,37259.15908502567,0.7584555673332692,37259.15908502407,-4.296153521520764e-12
Ablated PINN,1,753,True,optimal,4.488692432641983e-05,0.18904949724674225,0.18909438417106866,0.1601966121233999,37451.46730990082,0.8471780525141047,37451.46730991249,3.116202608719931e-11
Ablated PINN,1,754,True,optimal,4.488692432641983e-05,0.22266921307891607,0.2227141000032425,0.1705217901617288,35286.394529816105,0.7656533203746246,35286.3945298159,-5.773523079128754e-13
Ablated PINN,1,755,True,optimal,4.488692432641983e-05,0.2669232557527721,0.2669681426770985,0.1570132779888808,37311.01125487052,0.588134885362672,37311.011254868325,-5.889251257419503e-12
Ablated PINN,1,756,True,optimal,4.488692432641983e-05,0.2755355341359973,0.2755804210603237,0.1747830319218337,38287.37352632271,0.6342360289941433,38287.37352632382,2.8885385846473353e-12
Ablated PINN,1,757,True,optimal,4.488692432641983e-05,0.28182578133419156,0.281870668258518,0.1633758838288486,39976.59847331173,0.5796129297107574,39976.59847330926,-6.169983754007593e-12
Ablated PINN,1,758,True,optimal,4.488692432641983e-05,0.28859094716608524,0.28863583409041166,0.169767539948225,37188.85753721219,0.5881720836334111,37188.857537210824,-3.678198584341414e-12
Ablated PINN,1,759,True,optimal,4.488692432641983e-05,0.2794628436677158,0.2795077305920422,0.1730067301541566,37056.09206784597,0.6189693923230696,37056.09206786234,4.4159078200524675e-11
Ablated PINN,1,760,True,optimal,4.488692432641983e-05,0.2158138300292194,0.2158587169535458,0.1632449002936482,36461.444989150674,0.7562580867594962,36461.44498915287,6.026473169500623e-12
Ablated PINN,1,761,True,optimal,4.488692432641983e-05,0.21232227003201842,0.21236715695634484,0.1510401302948594,37918.51392102491,0.7112216995300639,37918.5139210224,-6.619999354725326e-12
Ablated PINN,1,762,True,optimal,4.488692432641983e-05,0.2599120531231165,0.2599569400474429,0.1630179630592465,37028.28735262345,0.6270960222469739,37028.28735262095,-6.739856580183146e-12
Ablated PINN,1,763,True,optimal,4.488692432641983e-05,0.20438829297199845,0.20443317989632487,0.1710045598447322,36883.39563074646,0.8364814357994849,36883.39563074492,-4.1821068473452495e-12
Ablated PINN,1,764,True,optimal,4.488692432641983e-05,0.2544067050330341,0.2544515919573605,0.1621614727191627,37488.26527703839,0.6372979295265591,37488.26527703876,9.898399821413929e-13
Ablated PINN,1,765,True,optimal,4.488692432641983e-05,0.2535293032415211,0.25357419016584754,0.158935974817723,38608.07698986368,0.6267829336801691,38608.07698986144,-5.80447180976368e-12
Ablated PINN,1,766,True,optimal,4.488692432641983e-05,0.23418556805700064,0.23423045498132705,0.1637887619435787,38515.40479776455,0.6992633044094799,38515.404797764466,-2.2669238926256513e-13
Ablated PINN,1,767,True,optimal,4.488692432641983e-05,0.27374367415905,0.2737885610833764,0.1551509536802768,37859.76231560769,0.5666816504909747,37859.76231560709,-1.5758908346793312e-12
Ablated PINN,1,768,True,optimal,4.488692432641983e-05,0.22520106192678213,0.22524594885110855,0.1561668459326028,38190.83160610894,0.6933170018335458,38190.831606107284,-4.3437607045154344e-12
Ablated PINN,1,769,True,optimal,4.488692432641983e-05,0.20499790599569678,0.2050427929200232,0.1665652976371348,38065.57719788576,0.8123440734739868,38065.577197885534,-5.925424035136238e-13
Ablated PINN,1,770,True,optimal,4.488692432641983e-05,0.17615557834506035,0.17620046526938676,0.1595451403409242,37258.61946624414,0.9054751364986533,37258.61946624705,7.811301350846191e-12
Ablated PINN,1,771,True,optimal,4.488692432641983e-05,0.17005234258249402,0.17009722950682044,0.1603712029755115,37937.31891786644,0.9428207822108063,37937.31891786615,-7.671557001627588e-13
Ablated PINN,1,772,True,optimal,4.488692432641983e-05,0.2049141558818519,0.20495904280617833,0.1647333786822855,37090.78479413834,0.8037380367650689,37090.78479413693,-3.786007298932441e-12
Ablated PINN,1,773,True,optimal,4.488692432641983e-05,0.26131632877513766,0.2613612156994641,0.1720323129557073,37294.17774944278,0.6582166848868849,37294.17774944561,7.589247659333745e-12
Ablated PINN,1,774,True,optimal,4.488692432641983e-05,0.193464832380414,0.19350971930474042,0.1756608001887798,37924.02546730991,0.9077621569599198,37924.02546730793,-5.2184873485116185e-12
Ablated PINN,1,775,True,optimal,4.488692432641983e-05,0.18475044099614024,0.18479532792046666,0.1706453766673803,37950.85654248112,0.9234290638604441,37950.85654247523,-1.551018935049724e-11
Ablated PINN,1,776,True,optimal,4.488692432641983e-05,0.15286967437714338,0.1529145613014698,0.161757914815098,37610.0833568802,1.057831990873607,37610.08335687724,-7.85437980375567e-12
Ablated PINN,1,777,True,optimal,4.488692432641983e-05,0.17870122473686934,0.17874611166119575,0.184444214683026,37344.57631915105,1.0318781928673824,37344.57631915098,-1.7534974280607788e-13
Ablated PINN,1,778,True,optimal,4.488692432641983e-05,0.255436671897769,0.2554815588220954,0.1768015902489423,38518.512836588365,0.6920326894202884,38518.51283658974,3.57011703674712e-12
Ablated PINN,1,779,True,optimal,4.488692432641983e-05,0.2287664581090212,0.2288113450333476,0.1663928898051381,37350.47841742248,0.7272055928034843,37350.47841742251,9.740113008551837e-14
Ablated PINN,1,780,True,optimal,4.488692432641983e-05,0.2183305537328124,0.21837544065713882,0.1678067301400005,36690.910443639455,0.7684322451051906,36690.91044363823,-3.3315087153818983e-12
Ablated PINN,1,781,True,optimal,4.488692432641983e-05,0.24752655811607838,0.2475714450404048,0.1696261949837207,39084.662131004974,0.6851605804378487,39084.66213100504,1.6754300781253055e-13
Ablated PINN,1,782,True,optimal,4.488692432641983e-05,0.28364580078050494,0.28369068770483136,0.1735791582614183,37109.414667102006,0.6118606136343128,37109.414667101926,-2.156744709502795e-13
Ablated PINN,1,783,True,optimal,4.488692432641983e-05,0.28546752594411373,0.28551241286844015,0.1780417370609939,37569.24189367904,0.6235866779740777,37569.2418936791,1.5493435049393622e-13
Ablated PINN,1,784,True,optimal,4.488692432641983e-05,0.2518919357098639,0.2519368226341903,0.1783722727559507,37221.18556450191,0.7080039785011714,37221.18556450182,-2.3457471879528377e-13
Ablated PINN,1,785,True,optimal,4.488692432641983e-05,0.260593059938401,0.2606379468627274,0.1655639642849564,37420.94089406587,0.6352258613062031,37420.94089406598,2.9165318029204997e-13
Ablated PINN,1,786,True,optimal,4.488692432641983e-05,0.3102083099074662,0.3102531968317926,0.1599579020403325,38506.23030993912,0.5155721316452883,38506.23030993837,-1.946239941507475e-12
Ablated PINN,1,787,True,optimal,4.488692432641983e-05,0.19951074803248048,0.1995556349568069,0.186602130997926,37784.814716498615,0.9350882576596514,37784.814716497654,-2.5418317180548333e-12
Ablated PINN,1,788,True,optimal,4.488692432641983e-05,0.2118272571824491,0.21187214410677552,0.1637930031865835,37043.382691420426,0.773074742208858,37043.382691423125,7.287078227570322e-12
Ablated PINN,1,789,True,optimal,4.488692432641983e-05,0.19513513101264834,0.19518001793697476,0.1784450141713023,37581.6110372246,0.9142586216429371,37581.61103722811,9.351082698848891e-12
Ablated PINN,1,790,True,optimal,4.488692432641983e-05,0.2265597889199853,0.2266046758443117,0.1636664080433547,37648.96384969733,0.7222552113434825,37648.96384969585,-3.9231342503230925e-12
Ablated PINN,1,791,True,optimal,4.488692432641983e-05,0.20149302715435624,0.20153791407868266,0.1836869330145418,37645.13760626646,0.9114261892322075,37645.13760626778,3.5176502730088347e-12
Ablated PINN,1,792,True,optimal,4.488692432641983e-05,0.23615890694782138,0.2362037938721478,0.174133175984025,37519.91914812281,0.7372158301499581,37519.91914812164,-3.1221527190901216e-12
Ablated PINN,1,793,True,optimal,4.488692432641983e-05,0.18606662098318338,0.1861115079075098,0.1603830829262733,37380.264379670094,0.8617580112562274,37380.26437967067,1.5377115733646496e-12
Ablated PINN,1,794,True,optimal,4.488692432641983e-05,0.2471341541968286,0.24717904112115502,0.1747253960929811,36389.43790891799,0.7068778780776129,36389.43790891411,-1.0677167852108429e-11
Ablated PINN,1,795,True,optimal,4.488692432641983e-05,0.25597926089540124,0.25602414781972765,0.1614653617143631,36568.7611229574,0.6306645802334805,36568.76112295743,7.958659129543956e-14
Ablated PINN,1,796,True,optimal,4.488692432641983e-05,0.21991937700659037,0.21996426393091678,0.1607130169868469,37171.79152542848,0.730632395075417,37171.79152542698,-4.032216923137682e-12
Ablated PINN,1,797,True,optimal,4.488692432641983e-05,0.1670473339036107,0.16709222082793712,0.1509169270284474,39013.86694836377,0.9031954107777034,39013.86694836186,-4.904863327346985e-12
Ablated PINN,1,798,True,optimal,4.488692432641983e-05,0.23737174971029162,0.23741663663461804,0.1698016240261495,35794.451877625856,0.7152052460732674,35794.45187762609,6.504657326500529e-13
Ablated PINN,1,799,True,optimal,4.488692432641983e-05,0.24825077317655087,0.24829566010087728,0.1661311867646873,37746.53813891374,0.6690861479302204,37746.538138913485,-6.74653965773584e-13
Ablated PINN,1,800,True,optimal,4.488692432641983e-05,0.27935965405777097,0.2794045409820974,0.1717250938527286,35840.833025642016,0.6146109624744136,35840.83302569909,1.5923907651594672e-10
Ablated PINN,1,801,True,optimal,4.488692432641983e-05,0.23780832113698125,0.23785320806130766,0.1753794956021011,38233.261439753136,0.7373434103814832,38233.26143975253,-1.579526462655663e-12
Ablated PINN,1,802,True,optimal,4.488692432641983e-05,0.2506029070354998,0.2506477939598262,0.1583868768066167,38219.708735816654,0.6319101169986875,38219.70873581669,9.518593750251349e-14
Ablated PINN,1,803,True,optimal,4.488692432641983e-05,0.19346481608226895,0.19350970300659537,0.1588284643366933,38119.314792338526,0.8207777794547075,38119.31479233544,-8.09302592457359e-12
Ablated PINN,1,804,True,optimal,4.488692432641983e-05,0.2366983168758452,0.2367432038001716,0.1737248650752008,37809.66922896034,0.7338114137453219,37809.66922895914,-3.1752010287905833e-12
Ablated PINN,1,805,True,optimal,4.488692432641983e-05,0.21856617368757725,0.21861106061190366,0.1638481528498232,37055.29910120396,0.749496170922019,37055.29910120345,-1.374478267202252e-12
Ablated PINN,1,806,True,optimal,4.488692432641983e-05,0.2614617580547929,0.2615066449791193,0.1745663522742688,37243.996308895,0.6675407895971727,37243.99630889352,-3.98532783910443e-12
Ablated PINN,1,807,True,optimal,4.488692432641983e-05,0.28045722376555204,0.28050211068987846,0.1842192970216274,36740.07874460136,0.65674834520336,36740.07874460067,-1.861563826489461e-12
Ablated PINN,1,808,True,optimal,4.488692432641983e-05,0.2830549608916044,0.28309984781593084,0.158339770976454,38477.47722063524,0.5593071568141753,38477.47722063485,-1.0211212884694897e-12
Ablated PINN,1,809,True,optimal,4.488692432641983e-05,0.23303557420149446,0.23308046112582087,0.1641544909216463,36486.88581102604,0.7042825045426389,36486.88581102429,-4.805852146713794e-12
Ablated PINN,1,810,True,optimal,4.488692432641983e-05,0.22621387615799904,0.22625876308232545,0.1660230248235166,36969.54150722014,0.7337750041668364,36969.54150722096,2.204266592349793e-12
Ablated PINN,1,811,True,optimal,4.488692432641983e-05,0.24562465632334352,0.24566954324766993,0.1727657448500394,37651.16012352104,0.7032444582512489,37651.1601235207,-9.082588869631911e-13
Ablated PINN,1,812,True,optimal,4.488692432641983e-05,0.19479637267068028,0.1948412595950067,0.1655784891918301,38311.029673719466,0.8498122499105085,38311.02967371918,-7.406805543203878e-13
Ablated PINN,1,813,True,optimal,4.488692432641983e-05,0.2379292151890695,0.23797410211339592,0.1679440890438854,38743.24909159474,0.7057242260918759,38743.24909159275,-5.145702626986874e-12
Ablated PINN,1,814,True,optimal,4.488692432641983e-05,0.2419285150244832,0.24197340194880962,0.1670696623623371,36420.13078428775,0.690446392110821,36420.13078429365,1.620203304609895e-11
Ablated PINN,1,815,True,optimal,4.488692432641983e-05,0.24952688300982118,0.2495717699341476,0.168657979927957,39142.75245536184,0.6757894932285786,39142.75245536177,-1.8588262597222524e-13
Ablated PINN,1,816,True,optimal,4.488692432641983e-05,0.25488298991695046,0.2549278768412769,0.180665505118668,36666.3799411445,0.7086926206628783,36666.379941144434,-1.7859308345345977e-13
Ablated PINN,1,817,True,optimal,4.488692432641983e-05,0.25325283920392394,0.25329772612825036,0.1733923642896115,35690.82766090239,0.6845397585678248,35690.827660900315,-5.810030352178858e-12
Ablated PINN,1,818,True,optimal,4.488692432641983e-05,0.22880789590999484,0.22885278283432126,0.1688198326155543,38932.93729307029,0.7376787405629758,38932.93729306912,-3.008838421477219e-12
Ablated PINN,1,819,True,optimal,4.488692432641983e-05,0.16913170088082552,0.16917658780515193,0.1772310840897262,38310.81295782848,1.0476099937294574,38310.812957829636,3.019714726306185e-12
Ablated PINN,1,820,True,optimal,4.488692432641983e-05,0.1935417242348194,0.19358661115914583,0.1753436438739299,36825.40393455421,0.9057632799294236,36825.40393455493,1.956040468922772e-12
Ablated PINN,1,821,True,optimal,4.488692432641983e-05,0.22971114795655012,0.22975603488087654,0.1628232379443943,36614.29798553884,0.7086788298240547,36614.29798553883,-1.9871902547625337e-14
Ablated PINN,1,822,True,optimal,4.488692432641983e-05,0.21598047204315662,0.21602535896748304,0.1747251199558377,36491.87408095365,0.8088176350728249,36491.87408095181,-5.024519471668382e-12
Ablated PINN,1,823,True,optimal,4.488692432641983e-05,0.2176497937180102,0.2176946806423366,0.173844875767827,38384.094058500006,0.7985719965911661,38384.09405849992,-2.27467896564479e-13
Ablated PINN,1,824,True,optimal,4.488692432641983e-05,0.1698792539536953,0.1699241408780217,0.1673142397776246,38249.15886278493,0.9846407868422263,38249.15886278328,-4.299091717819093e-12
Ablated PINN,1,825,True,optimal,4.488692432641983e-05,0.2009419361129403,0.20098682303726673,0.1734744952991604,37505.45259125994,0.8631137737173694,37505.45259125845,-3.976945238237679e-12
Ablated PINN,1,826,True,optimal,4.488692432641983e-05,0.2301700641401112,0.23021495106443762,0.1599324629642069,37260.70992719524,0.6947092802823284,37260.70992719222,-8.10377047508234e-12
Ablated PINN,1,827,True,optimal,4.488692432641983e-05,0.20482194097712636,0.20486682790145277,0.1515065440908074,36912.880983302384,0.7395367304837008,36912.880983299634,-7.45081907696515e-12
Ablated PINN,1,828,True,optimal,4.488692432641983e-05,0.19372192211449146,0.19376680903881788,0.1755204237997532,36496.19908826157,0.9058332780026875,36496.19908826156,-3.9872412996144703e-14
Ablated PINN,1,829,True,optimal,4.488692432641983e-05,0.2045101011171937,0.2045549880415201,0.1602891026996076,36574.63732735143,0.7835990910525853,36574.637327351535,2.785083162598907e-13
Ablated PINN,1,830,True,optimal,4.488692432641983e-05,0.193083215970546,0.19312810289487242,0.1676881541498005,38281.85338147318,0.8682742264655293,38281.85338147142,-4.59952062687888e-12
Ablated PINN,1,831,True,optimal,4.488692432641983e-05,0.16869689896702766,0.16874178589135408,0.1604405213147401,38894.37200027038,0.9508049263982614,38894.372000266274,-1.055072979291432e-11
Ablated PINN,1,832,True,optimal,4.488692432641983e-05,0.22355086728930473,0.22359575421363115,0.1633390239439904,37218.72315335512,0.7305104004252722,37218.72315335414,-2.619590995325934e-12
Ablated PINN,1,833,True,optimal,4.488692432641983e-05,0.2097556758671999,0.2098005627915263,0.1697492441162467,38277.37450299216,0.8090981351890956,38277.3745029915,-1.7297741851101468e-12
Ablated PINN,1,834,True,optimal,4.488692432641983e-05,0.22398855118080974,0.22403343810513615,0.1542332433164119,38471.87402458407,0.6884384965963524,38471.874024578334,-1.4902977162778143e-11
Ablated PINN,1,835,True,optimal,4.488692432641983e-05,0.1769116846844554,0.1769565716087818,0.170378363225609,39047.27848153639,0.9628258599080682,39047.278481536414,5.590113752197005e-14
Ablated PINN,1,836,True,optimal,4.488692432641983e-05,0.22645596787333488,0.2265008547976613,0.171564376913011,36842.56927503123,0.7574557591240598,36842.569275030226,-2.7253315132877947e-12
Ablated PINN,1,837,True,optimal,4.488692432641983e-05,0.28287223540246487,0.2829171223267913,0.1721838312223553,35982.0104889091,0.6086016632937105,35982.01048891309,1.1081161720525644e-11
Ablated PINN,1,838,True,optimal,4.488692432641983e-05,0.2221643659286201,0.22220925285294651,0.1748997261747717,37555.11161729632,0.7870947043349122,37555.1116172963,-5.812224195999264e-14
Ablated PINN,1,839,True,optimal,4.488692432641983e-05,0.24253389704972506,0.24257878397405147,0.186718522105366,38533.39174700831,0.7697232175314193,38533.391747007714,-1.5483415741864004e-12
Ablated PINN,1,840,True,optimal,4.488692432641983e-05,0.24094859277829528,0.2409934797026217,0.1523732827045023,39566.30314176144,0.6322713912945948,39566.30314175799,-8.7165179338749e-12
Ablated PINN,1,841,True,optimal,4.488692432641983e-05,0.17478688014671206,0.17483176707103848,0.1751240440644323,36698.62309754872,1.0016717613640265,36698.623097548705,-3.965248284570885e-14
Ablated PINN,1,842,True,optimal,4.488692432641983e-05,0.15762960305437446,0.15767448997870087,0.1633176766335964,38325.344723586495,1.0357901056515726,38325.34472358324,-8.486167774867793e-12
Ablated PINN,1,843,True,optimal,4.488692432641983e-05,0.1660931371152401,0.1661380240395665,0.1780405533500015,36875.60976934786,1.0716424152703317,36875.60976934789,7.89243368144266e-14
Ablated PINN,1,844,True,optimal,4.488692432641983e-05,0.17183459596708417,0.17187948289141058,0.1559993377886712,38315.79235048832,0.9076088382650529,38315.79235048524,-8.05152611798841e-12
Ablated PINN,1,845,True,optimal,4.488692432641983e-05,0.14972235914319754,0.14976724606752395,0.1618258580565452,37034.30674942864,1.0805156822045356,37034.306749429445,2.1807652581125212e-12
Ablated PINN,1,846,True,optimal,4.488692432641983e-05,0.1673617702908814,0.1674066572152078,0.1631863000802695,36704.55315364656,0.9747897890971392,36704.55315364431,-6.125318821813025e-12
Ablated PINN,1,847,True,optimal,4.488692432641983e-05,0.16216549137607217,0.16221037830039858,0.1655802568420767,36673.58823317191,1.0207747406607819,36673.58823317088,-2.8172481368471914e-12
Ablated PINN,1,848,True,optimal,4.488692432641983e-05,0.1685668039135635,0.1686116908378899,0.1834694938734173,38950.26374492535,1.08811846297071,38950.26374492521,-3.7360248248030804e-13
Ablated PINN,1,849,True,optimal,4.488692432641983e-05,0.18527937168255448,0.1853242586068809,0.1886178143322467,37588.4932648367,1.0177718543169907,37588.49326483665,-1.354981242276332e-13
Ablated PINN,1,850,True,optimal,4.488692432641983e-05,0.14755719806998968,0.1476020849943161,0.1909786518663168,38127.10616984502,1.29387502807749,38127.10616984798,7.766953872084784e-12
Ablated PINN,1,851,True,optimal,4.488692432641983e-05,0.18159596296027303,0.18164084988459944,0.170585036277771,36980.28943143666,0.939133660661396,36980.289431436235,-1.1411634362815318e-12
Ablated PINN,1,852,True,optimal,4.488692432641983e-05,0.19479100033640862,0.19483588726073503,0.162876624148339,36177.72586414372,0.8359682933071401,36177.72586413625,-2.0654721354866566e-11
Ablated PINN,1,853,True,optimal,4.488692432641983e-05,0.18559651589021087,0.18564140281453728,0.1607574457302689,37910.53162703258,0.8659568571073103,37910.531627027885,-1.2379126484741545e-11
Ablated PINN,1,854,True,optimal,4.488692432641983e-05,0.21014486765488982,0.21018975457921624,0.1717571821063757,38353.75515272981,0.8171529694690419,38353.75515272863,-3.0922163589697077e-12
Ablated PINN,1,855,True,optimal,4.488692432641983e-05,0.21949218399822712,0.21953707092255353,0.1637262706644833,36222.52417163627,0.7457796078651395,36222.524171635945,-9.039074446795069e-13
Ablated PINN,1,856,True,optimal,4.488692432641983e-05,0.21813389379531145,0.21817878071963787,0.16512958612293,39214.67813513802,0.7568544730989368,39214.67813513493,-7.885521781848159e-12
Ablated PINN,1,857,True,optimal,4.488692432641983e-05,0.2460097591392696,0.246054646063596,0.1841412629000842,39780.3177786508,0.7483754761228549,39780.31777865074,-1.6461311066447642e-13
Ablated PINN,1,858,True,optimal,4.488692432641983e-05,0.22749709617346525,0.22754198309779167,0.1726002781651914,36559.519462757264,0.7585425591153975,36559.51946276006,7.642244112898192e-12
Ablated PINN,1,859,True,optimal,4.488692432641983e-05,0.23871291428804398,0.2387578012123704,0.1627713828347623,37063.77338210975,0.6817426781794675,37063.773382106316,-9.265791581685663e-12
Ablated PINN,1,860,True,optimal,4.488692432641983e-05,0.1945324861444533,0.1945773730687797,0.1739927111193537,36666.41944413251,0.8942083469173484,36666.41944412934,-8.651833388361075e-12
Ablated PINN,1,861,True,optimal,4.488692432641983e-05,0.24486881727352738,0.2449137041978538,0.1765870889648795,35617.74102342221,0.721017590841807,35617.74102342047,-4.8822688352029494e-12
Ablated PINN,1,862,True,optimal,4.488692432641983e-05,0.2628893661312759,0.2629342530556023,0.1761649651452899,36276.12581112257,0.6699962560908204,36276.12581111979,-7.661831980320997e-12
Ablated PINN,1,863,True,optimal,4.488692432641983e-05,0.25774458702653646,0.2577894739508629,0.1822052956558764,37964.55096791338,0.70679881867716,37964.55096791627,7.608558771766192e-12
Ablated PINN,1,864,True,optimal,4.488692432641983e-05,0.24919683719053864,0.24924172411486506,0.1739714201539755,37053.23788541132,0.6980027953658327,37053.23788541053,-2.1207415793511484e-12
Ablated PINN,1,865,True,optimal,4.488692432641983e-05,0.25011565582826734,0.25016054275259375,0.1716699469834566,38411.46347397105,0.686239105074362,38411.4634739717,1.6858514857189295e-12
Ablated PINN,1,866,True,optimal,4.488692432641983e-05,0.2451300867833197,0.24517497370764613,0.1688673682510852,37047.36649525118,0.6887626648731596,37047.366495252005,2.219275722359689e-12
Ablated PINN,1,867,True,optimal,4.488692432641983e-05,0.24461204139515758,0.244656928319484,0.1745442170649767,38024.41015392375,0.7134243786345957,38024.41015392269,-2.7937049052716524e-12
Ablated PINN,1,868,True,optimal,4.488692432641983e-05,0.2799233738332987,0.2799682607576251,0.1592684220522642,36528.58417802945,0.5688802781474809,36528.58417802808,-3.744683957089176e-12
Ablated PINN,1,869,True,optimal,4.488692432641983e-05,0.2849869471974671,0.2850318341217935,0.1553684528917074,37317.732568215964,0.5450915802805338,37317.7325682134,-6.86305652550263e-12
Ablated PINN,1,870,True,optimal,4.488692432641983e-05,0.29230432817712426,0.2923492151014507,0.1615158678032457,37296.3421614999,0.5524758044833357,37296.342161498156,-4.682040452767543e-12
Ablated PINN,1,871,True,optimal,4.488692432641983e-05,0.2573564029298723,0.2574012898541987,0.1570401219651103,37491.75250393964,0.6100984266786831,37491.75250393395,-1.5176134681070335e-11
Ablated PINN,1,872,True,optimal,4.488692432641983e-05,0.2331339493393898,0.23317883626371622,0.1627811468206346,38735.30596995663,0.6980957166993296,38735.30596995563,-2.573378906355507e-12
Ablated PINN,1,873,True,optimal,4.488692432641983e-05,0.2518398608081043,0.2518847477324307,0.1638848041184246,37398.365364246005,0.6506340919558746,37398.365364243975,-5.428023804211269e-12
Ablated PINN,1,874,True,optimal,4.488692432641983e-05,0.23309599189087749,0.2331408788152039,0.1802421910688281,38247.34435833565,0.7731041934164397,38247.344358334536,-2.9105851233497416e-12
Ablated PINN,1,875,True,optimal,4.488692432641983e-05,0.23316456796601415,0.23320945489034056,0.1552472379989922,37857.29897615619,0.6656987302336964,37857.298976151724,-1.1800730891874688e-11
Ablated PINN,1,876,True,optimal,4.488692432641983e-05,0.23439963813871145,0.23444452506303787,0.1657619741745293,38380.4931696181,0.7070413528742414,38380.49316961763,-1.2322333713426553e-12
Ablated PINN,1,877,True,optimal,4.488692432641983e-05,0.2590263797901571,0.2590712667144835,0.1519819949753582,37761.71251448172,0.5866416484652235,37761.71251448153,-5.00970123895255e-13
Ablated PINN,1,878,True,optimal,4.488692432641983e-05,0.23823513509705663,0.23828002202138304,0.1566965188831091,36399.67871196315,0.6576150092392021,36399.678711961555,-4.377606544594227e-12
Ablated PINN,1,879,True,optimal,4.488692432641983e-05,0.17931629717350006,0.17936118409782648,0.1623079008422792,38720.21971377258,0.9049221081956833,38720.21971376612,-1.6686502321413017e-11
Ablated PINN,1,880,True,optimal,4.488692432641983e-05,0.23398994281888008,0.2340348297432065,0.1710000876337289,37739.90315651656,0.7306608500168879,37739.903156516535,-5.783764932311771e-14
Ablated PINN,1,881,True,optimal,4.488692432641983e-05,0.23277299106121063,0.23281787798553705,0.1626325817778706,36880.50805602447,0.6985399196361267,36880.508056024475,1.9728463618588602e-14
Ablated PINN,1,882,True,optimal,4.488692432641983e-05,0.24917156575247645,0.24921645267680287,0.1583884689025581,38065.47555477852,0.635545796440513,38065.475554776436,-5.466696126420081e-12
Ablated PINN,1,883,True,optimal,4.488692432641983e-05,0.22441779775545,0.22446268467977643,0.168599990196526,36876.80440978094,0.7511270322595249,36876.80440978579,1.316020681925778e-11
Ablated PINN,1,884,True,optimal,4.488692432641983e-05,0.32209378434345126,0.3221386712677777,0.1899702958762645,37304.13998562833,0.5897158982143803,37304.13998562837,9.752211975650071e-14
Ablated PINN,1,885,True,optimal,4.488692432641983e-05,0.2613884462043643,0.2614333331286907,0.1678070118650794,36793.11604544458,0.6418730536647991,36793.11604544431,-7.316869584850457e-13
Ablated PINN,1,886,True,optimal,4.488692432641983e-05,0.312052003107965,0.3120968900322914,0.1669702790677547,37263.59536312081,0.5349950108457632,37263.59536311953,-3.4365136472140888e-12
Ablated PINN,1,887,True,optimal,4.488692432641983e-05,0.2721761637367308,0.27222105066105723,0.1748517067171633,36677.91003838903,0.6423151563501655,36677.910038387345,-4.6022855847669125e-12
Ablated PINN,1,888,True,optimal,4.488692432641983e-05,0.2845999989658594,0.28464488589018583,0.1667845761403441,37600.66379484942,0.5859391276915072,37600.66379484943,3.870121896720395e-14
Ablated PINN,1,889,True,optimal,4.488692432641983e-05,0.30274552665650845,0.30279041358083486,0.1741014849394559,37656.274599972974,0.5749900826796707,37656.27459996921,-9.989490799324931e-12
Ablated PINN,1,890,True,optimal,4.488692432641983e-05,0.2232102700509131,0.2232551569752395,0.1843472719192505,38694.51450702568,0.8257245853438263,38694.51450702888,8.273579320033677e-12
Ablated PINN,1,891,True,optimal,4.488692432641983e-05,0.22497707791626453,0.22502196484059095,0.1689602509140968,37141.88355459688,0.7508611483051927,37141.88355459461,-6.11196460267904e-12
Ablated PINN,1,892,True,optimal,4.488692432641983e-05,0.22755334386602044,0.22759823079034686,0.1870846119709313,37916.566529085525,0.8219950186838892,37916.56652908551,-3.837877888337854e-14
Ablated PINN,1,893,True,optimal,4.488692432641983e-05,0.258904711343348,0.25894959826767444,0.1789605529047548,38051.64697211672,0.6911018750442876,38051.64697211461,-5.545167886318739e-12
Ablated PINN,1,894,True,optimal,4.488692432641983e-05,0.2534826691262424,0.2535275560505688,0.1703684329986572,37580.68001928373,0.6719917773540773,37580.68001928366,-1.9360899298389284e-13
Ablated PINN,1,895,True,optimal,4.488692432641983e-05,0.2448359620757401,0.24488084900006651,0.1642914060503244,37384.21871123708,0.670903448436998,37384.218711235044,-5.449540480456771e-12
Ablated PINN,1,896,True,optimal,4.488692432641983e-05,0.21188187319785357,0.21192676012217998,0.1746736480854451,38050.08547103824,0.8242170454771369,38050.085471036524,-4.512804572421463e-12
Ablated PINN,1,897,True,optimal,4.488692432641983e-05,0.249893459957093,0.24993834688141942,0.155077080707997,37798.65516733106,0.6204613363373636,37798.65516732455,-1.7228078713028913e-11
Ablated PINN,1,898,True,optimal,4.488692432641983e-05,0.2653235411271453,0.2653684280514717,0.160987445153296,38582.54496972541,0.6066563620072782,38582.54496972223,-8.241015412262439e-12
Ablated PINN,1,899,True,optimal,4.488692432641983e-05,0.21652310201898217,0.2165679889433086,0.1634005168452859,37981.44443347594,0.7544998577239389,37981.44443347249,-9.080233678746694e-12
Ablated PINN,1,900,True,optimal,4.488692432641983e-05,0.20561359729617834,0.20565848422050476,0.1522460421547293,37899.104798563,0.740285735022207,37899.10479856231,-1.8238319269579e-12
Ablated PINN,1,901,True,optimal,4.488692432641983e-05,0.2095151487737894,0.20956003569811582,0.1825937679968774,39872.63047953387,0.8713196072361574,39872.630479532585,-3.2298960018990996e-12
Ablated PINN,1,902,True,optimal,4.488692432641983e-05,0.18468482373282313,0.18472971065714955,0.1649639327079057,38952.98756346495,0.8930016299006267,38952.98756347093,1.535398831505382e-11
Ablated PINN,1,903,True,optimal,4.488692432641983e-05,0.16352550173178315,0.16357038865610957,0.1651371773332357,36745.49558695806,1.009578681630574,36745.495586957244,-2.2177065236746344e-12
Ablated PINN,1,904,True,optimal,4.488692432641983e-05,0.19642585702240467,0.19647074394673109,0.1611017286777496,38635.528408674174,0.8199782086712561,38635.52840867131,-7.419925177843957e-12
Ablated PINN,1,905,True,optimal,4.488692432641983e-05,0.1897451658733189,0.18979005279764533,0.1802959288470447,38773.50040242515,0.9499756504060659,38773.50040242355,-4.109597278987239e-12
Ablated PINN,1,906,True,optimal,4.488692432641983e-05,0.22673460701480508,0.2267794939391315,0.1680621481500566,38610.52535361595,0.7410817672746247,38610.52535361494,-2.619384478996167e-12
Ablated PINN,1,907,True,optimal,4.488692432641983e-05,0.226401561871171,0.2264464487954974,0.1649386477656662,38806.16664166131,0.7283781602361157,38806.16664166024,-2.7561747573817435e-12
Ablated PINN,1,908,True,optimal,4.488692432641983e-05,0.1966542350128293,0.19669912193715572,0.1637667305767536,37740.03707799852,0.8325747922203545,37740.037077997295,-3.238896868745847e-12
Ablated PINN,1,909,True,optimal,4.488692432641983e-05,0.22805021377280354,0.22809510069712996,0.1559805711731314,37039.43367385054,0.6838400767767743,37039.43367384704,-9.448674737413724e-12
Ablated PINN,1,910,True,optimal,4.488692432641983e-05,0.24162585195153952,0.24167073887586593,0.1737089767120778,36994.25775820277,0.7187836538262223,36994.25775820181,-2.5961499521077862e-12
Ablated PINN,1,911,True,optimal,4.488692432641983e-05,0.22314459877088666,0.22318948569521307,0.1650789980776608,37355.63354274313,0.7396360879790377,37355.633542741234,-5.083637345165002e-12
Ablated PINN,1,912,True,optimal,4.488692432641983e-05,0.24735469790175557,0.247399584826082,0.162947020959109,38034.22386661655,0.6586390234795996,38034.22386661616,-1.0330215033275944e-12
Ablated PINN,1,913,True,optimal,4.488692432641983e-05,0.22138727270066738,0.2214321596249938,0.1951357428915798,37032.71438441591,0.8812439133595217,37032.714384427316,3.0807089700777154e-11
Ablated PINN,1,914,True,optimal,4.488692432641983e-05,0.23595900274813175,0.23600388967245817,0.1647420800291001,37283.19867560678,0.6980481561458164,37283.19867560679,3.903075847912081e-14
Ablated PINN,1,915,True,optimal,4.488692432641983e-05,0.2686577057465911,0.2687025926709175,0.1722468216903507,37566.85684767441,0.6410314838357475,37566.85684767448,1.7431221034321006e-13
Ablated PINN,1,916,True,optimal,4.488692432641983e-05,0.2664470383897424,0.2664919253140688,0.166536655742675,38610.71291775249,0.6249219579407763,38610.712917749355,-8.121936879003368e-12
Ablated PINN,1,917,True,optimal,4.488692432641983e-05,0.2180253299884498,0.21807021691277623,0.1557568660937249,37374.22925915304,0.7142509797934699,37374.22925915286,-4.866961646039514e-13
Ablated PINN,1,918,True,optimal,4.488692432641983e-05,0.24800526723265648,0.2480501541569829,0.1672582039609551,38209.33611460351,0.6742918766948348,38209.336114601516,-5.217605404885078e-12
Ablated PINN,1,919,True,optimal,4.488692432641983e-05,0.27117816964164376,0.2712230565659702,0.1697634500451386,37987.22887364677,0.6259182098843675,37987.228873646025,-1.9536767978397245e-12
Ablated PINN,1,920,True,optimal,4.488692432641983e-05,0.2277614213526249,0.2278063082769513,0.1747388020157814,36748.78325747851,0.7670498825842256,36748.78325747772,-2.158110581211145e-12
Ablated PINN,1,921,True,optimal,4.488692432641983e-05,0.23532450990751386,0.23536939683184027,0.1688438202254474,37805.06536750914,0.7173567273322194,37805.06536750822,-2.42499424475275e-12
Ablated PINN,1,922,True,optimal,4.488692432641983e-05,0.2558540301397443,0.2558989170640707,0.1664874609559774,37344.2401740349,0.6505985365865894,37344.240174034836,-1.753513211742382e-13
Ablated PINN,1,923,True,optimal,4.488692432641983e-05,0.2763277371414006,0.276372624065727,0.1795812579803168,37475.189696928144,0.6497794728670693,37475.18969692808,-1.747385912045658e-13
Ablated PINN,1,924,True,optimal,4.488692432641983e-05,0.16947433119639754,0.16951921812072396,0.1640407489612698,36646.25634727243,0.9676823122464343,36646.256347272654,6.154917541978996e-13
Ablated PINN,1,925,True,optimal,4.488692432641983e-05,0.18272622674703598,0.1827711136713624,0.1712135933339595,37889.51640016583,0.9367650603793755,37889.51640016972,1.0273652697164264e-11
Ablated PINN,1,926,True,optimal,4.488692432641983e-05,0.18759330501779914,0.18763819194212555,0.1765804062597453,37144.36483203666,0.9410685768823073,37144.36483203507,-4.289842415428377e-12
Ablated PINN,1,927,True,optimal,4.488692432641983e-05,0.19129249919205904,0.19133738611638546,0.1653168490156531,36389.86518204751,0.8640070420691085,36389.86518204629,-3.359069546061006e-12
Ablated PINN,1,928,True,optimal,4.488692432641983e-05,0.23480853158980608,0.2348534185141325,0.1713407700881362,37839.620375219565,0.7295647266800404,37839.62037521962,1.538272856235801e-13
Ablated PINN,1,929,True,optimal,4.488692432641983e-05,0.20747217303141952,0.20751705995574593,0.1700820690020918,37538.42090298611,0.8196052364965206,37538.42090299357,1.9867262327874728e-11
Ablated PINN,1,930,True,optimal,4.488692432641983e-05,0.20202937303110957,0.202074259955436,0.184565728995949,36687.36547948648,0.9133559565510808,36687.3654794865,5.94969754771713e-14
Ablated PINN,1,931,True,optimal,4.488692432641983e-05,0.2209708271548152,0.2210157140791416,0.1721314727328717,37628.348302235376,0.7788200646730241,37628.34830223178,-9.552168042393415e-12
Ablated PINN,1,932,True,optimal,4.488692432641983e-05,0.1811959808692336,0.18124086779356002,0.1624365742318332,38580.05774407487,0.8962469458977342,38580.05774407335,-3.9416092932050665e-12
Ablated PINN,1,933,True,optimal,4.488692432641983e-05,0.21551042795181274,0.21555531487613916,0.1571075972169637,38474.17297712669,0.7288504916115836,38474.17297712629,-1.0401202620209624e-12
Ablated PINN,1,934,True,optimal,4.488692432641983e-05,0.205638381652534,0.20568326857686042,0.1714016650803387,36572.00701525348,0.8333281859350107,36572.007015254916,3.9192917397076576e-12
Ablated PINN,1,935,True,optimal,4.488692432641983e-05,0.23702459689229727,0.23706948381662368,0.1776131740771234,37616.63114837118,0.7492030235933255,37616.63114837337,5.8220610804591995e-12
Ablated PINN,1,936,True,optimal,4.488692432641983e-05,0.22447805292904377,0.22452293985337018,0.1541957431472838,37643.32475835425,0.6867705511427243,37643.32475835398,-7.15161143318087e-13
Ablated PINN,1,937,True,optimal,4.488692432641983e-05,0.2301543401554227,0.2301992270797491,0.1694246246479451,38498.630669695616,0.735991283712045,38498.63066969394,-4.346830581118482e-12
Ablated PINN,1,938,True,optimal,4.488692432641983e-05,0.23887423798441887,0.23891912490874528,0.1775129660964012,37176.86630960862,0.7429834935323907,37176.86630961024,4.364376853203326e-12
Ablated PINN,1,939,True,optimal,4.488692432641983e-05,0.2276971018873155,0.22774198881164193,0.1766269081272184,37962.35783331163,0.7755570637143282,37962.35783331164,1.9166242639962785e-14
Ablated PINN,1,940,True,optimal,4.488692432641983e-05,0.16736253397539258,0.167407420899719,0.1664674277417361,36759.09810019734,0.9943849970752134,36759.09810020017,7.699719683552731e-12
Ablated PINN,1,941,True,optimal,4.488692432641983e-05,0.1636541779153049,0.16369906483963131,0.1603717789985239,37584.68643838868,0.9796743747780904,37584.686438388715,9.67941774119981e-14
Ablated PINN,1,942,True,optimal,4.488692432641983e-05,0.2072868850082159,0.20733177193254232,0.1667221882380545,36956.17546753289,0.8041323656477474,36956.17546753158,-3.5438525604566498e-12
Ablated PINN,1,943,True,optimal,4.488692432641983e-05,0.1932703461498022,0.19331523307412862,0.1786800809204578,37829.79177671287,0.9242938493726522,37829.79177671318,8.270364776432114e-13
Ablated PINN,1,944,True,optimal,4.488692432641983e-05,0.1671256530098617,0.16717053993418812,0.1818900229409337,37916.61795178456,1.0880506996779478,37916.617951784574,3.837872683389464e-14
Ablated PINN,1,945,True,optimal,4.488692432641983e-05,0.2129630260169506,0.21300791294127702,0.1698925197124481,36731.51476814787,0.797587833083388,36731.5147681587,2.947502981634006e-11
Ablated PINN,1,946,True,optimal,4.488692432641983e-05,0.20568749401718378,0.2057323809415102,0.1518744160421192,37405.165886938725,0.7382134759102271,37405.16588693626,-6.594141671938048e-12
Ablated PINN,1,947,True,optimal,4.488692432641983e-05,0.17621419811621308,0.1762590850405395,0.1746546477079391,38742.33508880985,0.9908972786722944,38742.33508880979,-1.5024303718409535e-13
Ablated PINN,1,948,True,optimal,4.488692432641983e-05,0.19049098482355475,0.19053587174788117,0.1629310543648898,37892.74735451319,0.855120103475747,37892.74735450911,-1.0752813000922257e-11
Ablated PINN,1,949,True,optimal,4.488692432641983e-05,0.19797580502927303,0.19802069195359945,0.1739861140958964,38100.98709894441,0.878625927318066,38100.987098943115,-3.399178220662244e-12
Ablated PINN,1,950,True,optimal,4.488692432641983e-05,0.1792701268568635,0.1793150137811899,0.1612791228108108,37506.788922990185,0.8994178424323828,37506.788922989916,-7.177645419807489e-13
Ablated PINN,1,951,True,optimal,4.488692432641983e-05,0.19651555502787232,0.19656044195219874,0.1746421181596815,37170.31641944128,0.8884906669173672,37170.316419441304,5.872393604681179e-14
Ablated PINN,1,952,True,optimal,4.488692432641983e-05,0.16054961970075965,0.16059450662508606,0.1561151021160185,37776.67107129443,0.9721073615579835,37776.67107129081,-9.591705116168109e-12
Ablated PINN,1,953,True,optimal,4.488692432641983e-05,0.18617649469524622,0.18622138161957263,0.1771903140470385,36492.996182438736,0.9515035948396974,36492.99618244226,9.649970826345673e-12
Ablated PINN,1,954,True,optimal,4.488692432641983e-05,0.19398806197568774,0.19403294890001416,0.1568576139397919,37584.16674253724,0.808407102139241,37584.166742537214,-7.743641266840802e-14
Ablated PINN,1,955,True,optimal,4.488692432641983e-05,0.21162209985777736,0.21166698678210377,0.1804337482899427,37369.17707605438,0.8524416161112858,37369.17707605366,-1.9275773783783145e-12
Ablated PINN,1,956,True,optimal,4.488692432641983e-05,0.20475646387785673,0.20480135080218315,0.1667911242693662,38000.57359270977,0.8144044148930889,38000.57359270885,-2.412517950947429e-12
Ablated PINN,1,957,True,optimal,4.488692432641983e-05,0.21242920821532607,0.21247409513965249,0.158080656081438,36539.97799590438,0.7439996672419601,36539.97799590209,-6.272381030784069e-12
Ablated PINN,1,958,True,optimal,4.488692432641983e-05,0.22817345708608627,0.2282183440104127,0.158338532783091,38578.757388685,0.6938028293460348,38578.75738867995,-1.308884714292094e-11
Ablated PINN,1,959,True,optimal,4.488692432641983e-05,0.2341241049580276,0.23416899188235402,0.1683618519455194,38230.93145158145,0.7189758583839487,38230.93145158809,1.7375849997697815e-11
Ablated PINN,1,960,True,optimal,4.488692432641983e-05,0.20201786095276475,0.20206274787709116,0.1607487122528255,36342.0806295698,0.7955385836413756,36342.08062956915,-1.7818468740489129e-12
Ablated PINN,1,961,True,optimal,4.488692432641983e-05,0.21517785778269172,0.21522274470701813,0.1781878303736448,37129.59631251094,0.8279228601800948,37129.596312509006,-5.212566032452796e-12
Ablated PINN,1,962,True,optimal,4.488692432641983e-05,0.21803707210347056,0.21808195902779698,0.1792335021309554,37069.95701646289,0.8218630414453957,37069.95701646505,5.829409002154463e-12
Ablated PINN,1,963,True,optimal,4.488692432641983e-05,0.24298016401007771,0.24302505093440413,0.1543464898131787,37063.69004129028,0.6351052668016475,37063.69004129004,-6.478216308213394e-13
Ablated PINN,1,964,True,optimal,4.488692432641983e-05,0.23791201040148735,0.23795689732581377,0.1753977257758379,37947.23281338346,0.7370987256388748,37947.23281338335,-2.8760822890426796e-13
Ablated PINN,1,965,True,optimal,4.488692432641983e-05,0.25743592716753483,0.25748081409186124,0.1727722520008683,38960.64235283441,0.6710101978286758,38960.64235284557,2.8647677004599957e-11
Ablated PINN,1,966,True,optimal,4.488692432641983e-05,0.2759450990706682,0.27598998599499464,0.1823322540149092,35812.02903461007,0.6606480787973807,35812.029034610816,2.092658959749592e-12
Ablated PINN,1,967,True,optimal,4.488692432641983e-05,0.21179184829816222,0.21183673522248864,0.1871379967778921,36899.76525521711,0.8834067263231948,36899.76525521713,3.943633550977513e-14
Ablated PINN,1,968,True,optimal,4.488692432641983e-05,0.25235715927556157,0.252402046199888,0.1637383322231471,36398.27997577356,0.6487203043254083,36398.27997577269,-2.39878069590967e-12
Ablated PINN,1,969,True,optimal,4.488692432641983e-05,0.2879984136670828,0.2880433005914092,0.1538550127297639,37352.33239972945,0.5341384868659312,37352.33239972835,-2.9413681265849283e-12
Ablated PINN,1,970,True,optimal,4.488692432641983e-05,0.22427972126752138,0.2243246081918478,0.1577663123607635,36937.63631732075,0.7032947193463409,36937.63631731985,-2.4425459615445874e-12
Ablated PINN,1,971,True,optimal,4.488692432641983e-05,0.210143081843853,0.2101879687681794,0.1726000271737575,35908.58743828199,0.8211698708793441,35908.58743828112,-2.4112309000625306e-12
Ablated PINN,1,972,True,optimal,4.488692432641983e-05,0.19878382608294487,0.19882871300727128,0.1860187347047031,37634.0887822892,0.9355727947497214,37634.08878228916,-9.666711550098072e-14
Ablated PINN,1,973,True,optimal,4.488692432641983e-05,0.2867401451803744,0.2867850321047008,0.167913569137454,37601.82999232428,0.585503252750483,37601.82999232271,-4.179602016668962e-12
Ablated PINN,1,974,True,optimal,4.488692432641983e-05,0.2699669348075986,0.270011821731925,0.1611481108702719,36243.177270124615,0.596818723849299,36243.17727011892,-1.571902697560057e-11
Ablated PINN,1,975,True,optimal,4.488692432641983e-05,0.26394761726260185,0.26399250418692827,0.1785363280214369,37350.72194897757,0.6762931719266491,37350.72194897753,-9.740049501750792e-14
Ablated PINN,1,976,True,optimal,4.488692432641983e-05,0.2492960849776864,0.24934097190201282,0.1756710689514875,38114.041799932274,0.7045415264544792,38114.041799931256,-2.672595237557539e-12
Ablated PINN,1,977,True,optimal,4.488692432641983e-05,0.20414357166737318,0.2041884585916996,0.1640827269293368,37285.81046491984,0.8035847278588882,37285.81046491693,-7.805604892004664e-12
Ablated PINN,1,978,True,optimal,4.488692432641983e-05,0.22335297288373113,0.22339785980805754,0.1618214529007673,38025.7304569932,0.7243643830778127,38025.73045699121,-5.242798395525941e-12
Ablated PINN,1,979,True,optimal,4.488692432641983e-05,0.16322768991813064,0.16327257684245705,0.1591421430930495,37469.086759203085,0.97470221987497,37469.086759201506,-4.213827821383988e-12
Ablated PINN,1,980,True,optimal,4.488692432641983e-05,0.1808467712253332,0.18089165814965963,0.1636582026258111,38251.63513537474,0.9047305127271787,38251.63513537319,-4.051536532585634e-12
Ablated PINN,1,981,True,optimal,4.488692432641983e-05,0.1705962335690856,0.170641120493412,0.1569830761291086,37876.70591719041,0.9199604156090225,37876.70591718658,-1.0123450732642521e-11
Ablated PINN,1,982,True,optimal,4.488692432641983e-05,0.24010940920561552,0.24015429612994194,0.1553159328177571,37334.6946502916,0.6467339344773547,37334.69465029325,4.404392311783943e-12
Ablated PINN,1,983,True,optimal,4.488692432641983e-05,0.24418356828391552,0.24422845520824193,0.1601642942987382,37690.19867629384,0.6557970248068505,37690.198676292806,-2.7412590474453874e-12
Ablated PINN,1,984,True,optimal,4.488692432641983e-05,0.258159093093127,0.2582039800174534,0.1752495313994586,37822.04230656929,0.6787251357923008,37822.042306573574,1.1330797528111498e-11
Ablated PINN,1,985,True,optimal,4.488692432641983e-05,0.25841892417520285,0.25846381109952926,0.1567981499247253,38594.236572782494,0.6066541743607791,38594.236572783244,1.9418019393843974e-12
Ablated PINN,1,986,True,optimal,4.488692432641983e-05,0.2776811458170414,0.2777260327413678,0.1680581690743565,36311.45272581084,0.6051221321080137,36311.45272580782,-8.315619957941782e-12
Ablated PINN,1,987,True,optimal,4.488692432641983e-05,0.27220090106129646,0.2722457879856229,0.1654749000445008,38177.84485853607,0.6078143624144496,38177.84485853459,-3.868786729979582e-12
Ablated PINN,1,988,True,optimal,4.488692432641983e-05,0.27710607601329684,0.27715096293762326,0.1613489440642297,37277.40101052316,0.5821698844342228,37277.40101052247,-1.8347309554659416e-12
Ablated PINN,1,989,True,optimal,4.488692432641983e-05,0.23080788599327207,0.23085277291759848,0.1631945217959582,38179.06883077564,0.7069203446571097,38179.068830773445,-5.7553504230887596e-12
Ablated PINN,1,990,True,optimal,4.488692432641983e-05,0.2067822627723217,0.20682714969664812,0.1789532070979476,38506.60753554843,0.8652307366823794,38506.6075355485,1.889534830474595e-13
Ablated PINN,1,991,True,optimal,4.488692432641983e-05,0.15700894920155406,0.15705383612588047,0.1578897107392549,35437.07459574925,1.005322217107161,35437.07459574695,-6.4881275678375464e-12
Ablated PINN,1,992,True,optimal,4.488692432641983e-05,0.146185337100178,0.14623022402450442,0.167221387848258,38119.41415399938,1.1435487360002676,38119.41415400395,1.198680903973912e-11
Ablated PINN,1,993,True,optimal,4.488692432641983e-05,0.16421768814325333,0.16426257506757974,0.1602107011713087,37604.41913579607,0.9753329454709689,37604.41913579513,-2.5153280161784407e-12
Ablated PINN,1,994,True,optimal,4.488692432641983e-05,0.14131832914426923,0.14136321606859564,0.1647424660623073,40263.60160688077,1.1653842537252903,40263.60160687155,-2.291378288724161e-11
Ablated PINN,1,995,True,optimal,4.488692432641983e-05,0.17760612908750772,0.17765101601183414,0.162996135186404,38390.42170544686,0.9175074753051009,38390.42170544522,-4.283272617899247e-12
Ablated PINN,1,996,True,optimal,4.488692432641983e-05,0.1838933569379151,0.1839382438622415,0.1651918441057205,38778.35034551141,0.8980831861667609,38778.35034550948,-4.972178420637196e-12
Ablated PINN,1,997,True,optimal,4.488692432641983e-05,0.1750082978978753,0.17505318482220172,0.183085607830435,37455.25240619008,1.0458856147998203,37455.25240618869,-3.710315149496531e-12
Ablated PINN,1,998,True,optimal,4.488692432641983e-05,0.2127680736593902,0.21281296058371663,0.1608352991752326,37185.404543198085,0.7557589478295097,37185.404543196884,-3.2285059718675713e-12
Ablated PINN,1,999,True,optimal,4.488692432641983e-05,0.2130973320454359,0.21314221896976232,0.17379155382514,37624.27994287323,0.8153783641043689,37624.27994287494,4.5445389039451476e-12
Ablated PINN,2,0,True,optimal,2.923230640590191e-07,0.2146390862762928,0.21463937859935686,0.7029111012816429,37581.16658725598,3.274846889086871,37581.16658725581,-4.646555671308458e-13
Ablated PINN,2,1,True,optimal,2.923230640590191e-07,0.2327908701263368,0.23279116244940087,0.1652762829326093,37707.62420900778,0.7099766210778448,37707.62420900732,-1.2156303647050098e-12
Ablated PINN,2,2,True,optimal,2.923230640590191e-07,0.2234513722360134,0.22345166455907747,0.174185655079782,35928.650807939695,0.779522745661757,35928.65080793978,2.430135543829176e-13
Ablated PINN,2,3,True,optimal,2.923230640590191e-07,0.2168947421014309,0.21689503442449495,0.1632512500509619,36902.03678381335,0.7526739857559651,36902.036783813215,-3.7462212581752085e-13
Ablated PINN,2,4,True,optimal,2.923230640590191e-07,0.24848740408197045,0.2484876964050345,0.177220526151359,37600.85536654788,0.7131963824176222,37600.855366546486,-3.715298091771773e-12
Ablated PINN,2,5,True,optimal,2.923230640590191e-07,0.23917438182979822,0.23917467415286228,0.1503279763273894,36866.67547005534,0.6285279863340011,36866.67547005417,-3.177474401875524e-12
Ablated PINN,2,6,True,optimal,2.923230640590191e-07,0.2100161099806428,0.21001640230370686,0.17819330887869,38004.28690234184,0.8484732950572254,38004.28690234818,1.6694524635790464e-11
Ablated PINN,2,7,True,optimal,2.923230640590191e-07,0.20012938417494297,0.20012967649800703,0.1764783598482608,36775.08123419669,0.8818200425663419,36775.08123419662,-1.7806519069428576e-13
Ablated PINN,2,8,True,optimal,2.923230640590191e-07,0.19797124015167356,0.19797153247473762,0.1664968747645616,36978.40899588076,0.8410142240314659,36978.40899587915,-4.3484473139816806e-12
Ablated PINN,2,9,True,optimal,2.923230640590191e-07,0.20906440075486898,0.20906469307793304,0.1648466871120035,37364.12630120166,0.7884960616021071,37364.126301204175,6.7376962442890074e-12
Ablated PINN,2,10,True,optimal,2.923230640590191e-07,0.18332709930837154,0.1833273916314356,0.1573416241444647,36704.93616789373,0.8582548562125778,36704.93616789238,-3.667223810080734e-12
Ablated PINN,2,11,True,optimal,2.923230640590191e-07,0.15728870080783963,0.1572889931309037,0.1653347578831017,38193.61240151597,1.0511527513276273,38193.6124015145,-3.84813937632858e-12
Ablated PINN,2,12,True,optimal,2.923230640590191e-07,0.208656364120543,0.20865665644360706,0.1727200988680124,37317.390173038286,0.8277718133314999,37317.39017304149,8.578899369425158e-12
Ablated PINN,2,13,True,optimal,2.923230640590191e-07,0.17268365807831287,0.17268395040137693,0.1623006612062454,36927.52024933221,0.9398711393213023,36927.52024932931,-7.841932279483e-12
Ablated PINN,2,14,True,optimal,2.923230640590191e-07,0.24445526208728552,0.24445555441034958,0.1527521843090653,37281.01560739845,0.6248668993327573,37281.01560739811,-8.977600121655948e-13
Ablated PINN,2,15,True,optimal,2.923230640590191e-07,0.21143377386033535,0.2114340661833994,0.1881736749783158,36970.38087601325,0.8899874952747332,36970.38087601661,9.072712751831043e-12
Ablated PINN,2,16,True,optimal,2.923230640590191e-07,0.24069752590730786,0.24069781823037192,0.1507117301225662,38848.967280889054,0.6261449780916584,38848.96728088928,5.805937759139434e-13
Ablated PINN,2,17,True,optimal,2.923230640590191e-07,0.25384389283135533,0.25384418515441937,0.1645431309007108,37957.91146352359,0.6482052397639732,37957.91146352248,-2.913610140059105e-12
Ablated PINN,2,18,True,optimal,2.923230640590191e-07,0.23236588388681412,0.23236617620987818,0.1679855650290846,38056.53689326101,0.7229346704804248,38056.53689326098,-7.647524665305887e-14
Ablated PINN,2,19,True,optimal,2.923230640590191e-07,0.25049210898578167,0.2504924013088457,0.1546796639449894,36767.26822304173,0.6175024197810951,36767.2682230411,-1.7018733919090393e-12
Ablated PINN,2,20,True,optimal,2.923230640590191e-07,0.24640415934845805,0.2464044516715221,0.1571014206856489,37706.58572882871,0.6375754156222726,37706.5857288291,1.0419975809836067e-12
Ablated PINN,2,21,True,optimal,2.923230640590191e-07,0.3049753322266042,0.30497562454966826,0.1470939521677792,36531.38966684323,0.4823137992912726,36531.3896668428,-1.1751031185831083e-12
Ablated PINN,2,22,True,optimal,2.923230640590191e-07,0.25523094506934285,0.2552312373924069,0.1775176827795803,35866.798990233656,0.695517071472935,35866.798990230134,-9.81844933032268e-12
Ablated PINN,2,23,True,optimal,2.923230640590191e-07,0.28528627986088395,0.285286572183948,0.1634733946993947,36789.37153111116,0.5730146829132561,36789.37153111113,-7.910934393679944e-14
Ablated PINN,2,24,True,optimal,2.923230640590191e-07,0.26881999988108873,0.26882029220415277,0.1636657412163913,37923.84644974744,0.6088295637001133,37923.84644974757,3.453427046985996e-13
Ablated PINN,2,25,True,optimal,2.923230640590191e-07,0.22699499828740954,0.2269952906104736,0.1676783710718155,39062.01264174192,0.7386865631479262,39062.01264174083,-2.794002582860371e-12
Ablated PINN,2,26,True,optimal,2.923230640590191e-07,0.2702946397475898,0.27029493207065386,0.1732960944063961,38502.70951805598,0.6411370464063947,38502.709518055955,-5.6691783814108e-14
Ablated PINN,2,27,True,optimal,2.923230640590191e-07,0.27105318289250135,0.2710534752155654,0.1849055322818458,37098.46446151903,0.68217362693761,37098.46446151899,-9.806278669202777e-14
Ablated PINN,2,28,True,optimal,2.923230640590191e-07,0.28320486610755324,0.2832051584306173,0.1622271696105599,37732.51147009323,0.5728256169821996,37732.511470093494,6.941877545527614e-13
Ablated PINN,2,29,True,optimal,2.923230640590191e-07,0.2730498071759939,0.27305009949905795,0.1579065909609198,36949.69147879762,0.57830629342607,36949.691478797315,-8.270440362703891e-13
Ablated PINN,2,30,True,optimal,2.923230640590191e-07,0.25511844689026475,0.2551187392133288,0.1673054611310362,37873.52054076799,0.6557944808246186,37873.52054076734,-1.709796761474221e-12
Ablated PINN,2,31,True,optimal,2.923230640590191e-07,0.19608854735270143,0.1960888396757655,0.1790197207592427,37154.95594431231,0.9129521142317598,37154.95594431117,-3.05490710179773e-12
Ablated PINN,2,32,True,optimal,2.923230640590191e-07,0.1865960261784494,0.18659631850151345,0.1805329089984297,36261.06802752526,0.967505202933387,36261.06802752856,9.109728247198342e-12
Ablated PINN,2,33,True,optimal,2.923230640590191e-07,0.24342474807053804,0.2434250403936021,0.1816727579571306,39175.58797208662,0.746319103668948,39175.58797208606,-1.4300965608769218e-12
Ablated PINN,2,34,True,optimal,2.923230640590191e-07,0.23791439505293965,0.23791468737600371,0.1574292448349297,37392.7018554338,0.6617046075265052,37392.70185543372,-2.1404052070226947e-13
Ablated PINN,2,35,True,optimal,2.923230640590191e-07,0.3019962618127465,0.30199655413581056,0.1631733779795467,37819.358279943845,0.5403153636851306,37819.358279942964,-2.327884214214916e-12
Ablated PINN,2,36,True,optimal,2.923230640590191e-07,0.27587509574368596,0.27587538806675,0.1727020228281617,36667.54102069772,0.6260146076763297,36667.54102069819,1.2897980932371873e-12
Ablated PINN,2,37,True,optimal,2.923230640590191e-07,0.2162056490778923,0.21620594140095636,0.1722064823843538,37589.13373195846,0.796492831179856,37589.133731957365,-2.9228383063470363e-12
Ablated PINN,2,38,True,optimal,2.923230640590191e-07,0.2588779400102794,0.25887823233334345,0.1687738937325775,38839.06333083153,0.6519431634377684,38839.063330831574,1.1240164396664378e-13
Ablated PINN,2,39,True,optimal,2.923230640590191e-07,0.2526187836192548,0.25261907594231886,0.1731656058691442,38987.1527669687,0.6854811150868255,38987.15276696862,-2.0528694217400415e-13
Ablated PINN,2,40,True,optimal,2.923230640590191e-07,0.22533565387129784,0.2253359461943619,0.1702394988387823,37519.98880849758,0.7554919741564156,37519.98880849707,-1.3574551836686287e-12
Ablated PINN,2,41,True,optimal,2.923230640590191e-07,0.21325282426550984,0.2132531165885739,0.174827363807708,37988.35995223662,0.8198115300936016,37988.35995223561,-2.6622842092764548e-12
Ablated PINN,2,42,True,optimal,2.923230640590191e-07,0.21367273991927505,0.2136730322423391,0.1791499881073832,36992.35131840283,0.8384305039683188,36992.35131840426,3.874756804877851e-12
Ablated PINN,2,43,True,optimal,2.923230640590191e-07,0.23841189173981547,0.23841218406287953,0.1642176043242216,35874.39157093305,0.6887970301086221,35874.39157093409,2.9002915262575666e-12
Ablated PINN,2,44,True,optimal,2.923230640590191e-07,0.2606838122010231,0.26068410452408713,0.1563226277939975,39059.96251351456,0.5996630599298904,39059.96251351395,-1.564723569255711e-12
Ablated PINN,2,45,True,optimal,2.923230640590191e-07,0.24653331004083157,0.24653360236389563,0.1920943218283355,37354.62688591712,0.779181093313174,37354.62688591711,-1.9478062614316994e-14
Ablated PINN,2,46,True,optimal,2.923230640590191e-07,0.18020939826965332,0.18020969059271738,0.1867278451099991,35926.89636147079,1.036169833574672,35926.896361471954,3.2403389554067495e-12
Ablated PINN,2,47,True,optimal,2.923230640590191e-07,0.25146562280133367,0.2514659151243977,0.1675027632154524,36344.674703520446,0.666105237891149,36344.67470351941,-2.842743784728301e-12
Ablated PINN,2,48,True,optimal,2.923230640590191e-07,0.26711913710460067,0.2671194294276647,0.1656385827809572,38775.287127550735,0.6200918560505226,38775.287127516036,-8.948751752088584e-11
Ablated PINN,2,49,True,optimal,2.923230640590191e-07,0.2826695959083736,0.2826698882314376,0.1572557552717626,37206.57563606999,0.5563229824572207,37206.57563607009,2.7377796762305715e-13
Ablated PINN,2,50,True,optimal,2.923230640590191e-07,0.31562843220308423,0.31562872452614826,0.17130042379722,38144.41590346441,0.5427276115454713,38144.41590346559,3.090111896013227e-12
Ablated PINN,2,51,True,optimal,2.923230640590191e-07,0.3140666321851313,0.31406692450819534,0.1825809488072991,38201.28089594828,0.5813440848418114,38201.2808959468,-3.866413274733654e-12
Ablated PINN,2,52,True,optimal,2.923230640590191e-07,0.2842515460215509,0.2842518383446149,0.1925481427460909,37557.40050408594,0.6773857431052166,37557.400504090365,1.1778723154554456e-11
Ablated PINN,2,53,True,optimal,2.923230640590191e-07,0.210952359251678,0.21095265157474205,0.1949777109548449,37103.61659903618,0.9242723876630813,37103.616599036126,-1.3726883783239344e-13
Ablated PINN,2,54,True,optimal,2.923230640590191e-07,0.23543570842593908,0.23543600074900314,0.148077490273863,38652.06382056266,0.6289500747667197,38652.06382056254,-3.2001209564213553e-13
Ablated PINN,2,55,True,optimal,2.923230640590191e-07,0.30980292381718755,0.3098032161402516,0.1681971619836986,36125.056598874,0.542916126175894,36125.05659887241,-4.3907440132327066e-12
Ablated PINN,2,56,True,optimal,2.923230640590191e-07,0.18014229787513614,0.1801425901982002,0.1599473869428038,38451.28557363243,0.8878932337257014,38451.28557363027,-5.601070085612847e-12
Ablated PINN,2,57,True,optimal,2.923230640590191e-07,0.17325830971822143,0.1732586020412855,0.1934801298193633,37953.532765328346,1.1167129801339344,37953.532765328346,0.0
Ablated PINN,2,58,True,optimal,2.923230640590191e-07,0.19402490416541696,0.19402519648848102,0.1737125380896031,37505.3012961932,0.895309172383269,37505.30129619324,9.699905563646194e-14
Ablated PINN,2,59,True,optimal,2.923230640590191e-07,0.22092728363350034,0.2209275759565644,0.1754008373245597,37336.403300325714,0.7939291261632476,37336.40330032474,-2.6113343389240536e-12
Ablated PINN,2,60,True,optimal,2.923230640590191e-07,0.24117758637294173,0.2411778786960058,0.1667244080454111,38224.219037981136,0.6912922899349321,38224.2190379796,-4.016372591071747e-12
Ablated PINN,2,61,True,optimal,2.923230640590191e-07,0.22975853132084012,0.22975882364390418,0.1633260962553322,38559.43102619601,0.7108588635031753,38559.43102619597,-1.1321677867975354e-13
Ablated PINN,2,62,True,optimal,2.923230640590191e-07,0.20693424995988607,0.20693454228295013,0.1568778399378061,37686.15846246544,0.758103689249234,37686.158462464286,-3.069767012223833e-12
Ablated PINN,2,63,True,optimal,2.923230640590191e-07,0.243953512981534,0.24395380530459806,0.1753939697518944,37413.68150609963,0.7189638609362924,37413.68150608997,-2.5826038290458792e-11
Ablated PINN,2,64,True,optimal,2.923230640590191e-07,0.24496480310335755,0.24496509542642161,0.1682122419588267,36439.882954135726,0.6866784088811191,36439.88295413425,-4.053304445401908e-12
Ablated PINN,2,65,True,optimal,2.923230640590191e-07,0.2551740217022598,0.2551743140253238,0.1703032590448856,38366.51620609775,0.6673996937951384,38366.516206094886,-7.471951022575901e-12
Ablated PINN,2,66,True,optimal,2.923230640590191e-07,0.25546668702736497,0.255466979350429,0.1573258978314697,37814.308432089,0.6158365289772448,37814.30843208865,-9.235815223436333e-13
Ablated PINN,2,67,True,optimal,2.923230640590191e-07,0.2502343701198697,0.25023466244293374,0.1498328209854662,37614.95786348039,0.5987692493226661,37614.957863476106,-1.1393177815878352e-11
Ablated PINN,2,68,True,optimal,2.923230640590191e-07,0.25744879711419344,0.2574490894372575,0.1642994992434978,36768.491662672684,0.6381824833897459,36768.49166267093,-4.769044651343047e-12
Ablated PINN,2,69,True,optimal,2.923230640590191e-07,0.27490768022835255,0.2749079725514166,0.1661655101925134,36594.212788340985,0.6044404920320569,36594.21278834549,1.2307459076191602e-11
Ablated PINN,2,70,True,optimal,2.923230640590191e-07,0.2737210039049387,0.27372129622800273,0.1636013891547918,37939.40345430642,0.5976933158263145,37939.4034543059,-1.3616265506894413e-12
Ablated PINN,2,71,True,optimal,2.923230640590191e-07,0.26810890110209584,0.2681091934251599,0.1718249088153243,37461.55847289165,0.6408766018808213,37461.55847289163,-5.826739124680466e-14
Ablated PINN,2,72,True,optimal,2.923230640590191e-07,0.23718943819403648,0.23718973051710054,0.1588552822358906,38787.67504438643,0.6697392922095238,38787.675044385294,-2.9263145741881357e-12
Ablated PINN,2,73,True,optimal,2.923230640590191e-07,0.1883130231872201,0.18831331551028416,0.1616515391506254,37538.58368513447,0.8584179972222798,37538.58368513438,-2.5197394173888825e-13
Ablated PINN,2,74,True,optimal,2.923230640590191e-07,0.1644770009443164,0.16447729326738045,0.1628123982809484,38012.70549453402,0.9898776605976515,38012.705494533155,-2.2777619872711498e-12
Ablated PINN,2,75,True,optimal,2.923230640590191e-07,0.22889549983665347,0.22889579215971753,0.1758916899561882,38298.60953290395,0.7684356636554313,38298.609532904025,1.8997968080100514e-13
Ablated PINN,2,76,True,optimal,2.923230640590191e-07,0.24855896085500717,0.24855925317807123,0.157206985168159,37765.73389393453,0.6324728738041943,37765.73389393304,-3.9495361459059596e-12
Ablated PINN,2,77,True,optimal,2.923230640590191e-07,0.2718247827142477,0.27182507503731174,0.1539055360481143,38288.2214258203,0.5661932992274118,38288.221425818876,-3.724612006705136e-12
Ablated PINN,2,78,True,optimal,2.923230640590191e-07,0.2445485549978912,0.24454884732095525,0.1596518591977656,37333.24443724882,0.6528424114313341,37333.244437247275,-4.1317143405513175e-12
Ablated PINN,2,79,True,optimal,2.923230640590191e-07,0.20333689404651523,0.2033371863695793,0.1683754809200763,36868.85723945147,0.8280604444582129,36868.85723945076,-1.9340003991959484e-12
Ablated PINN,2,80,True,optimal,2.923230640590191e-07,0.17973561491817236,0.17973590724123642,0.1564240306615829,37887.28953562926,0.8702992799965953,37887.28953562896,-7.873729312332711e-13
Ablated PINN,2,81,True,optimal,2.923230640590191e-07,0.2548743970692158,0.2548746893922798,0.1671471409499645,38047.12494683865,0.6558012541320135,38047.12494683636,-6.023915477635101e-12
Ablated PINN,2,82,True,optimal,2.923230640590191e-07,0.21225803112611175,0.2122583234491758,0.1646295888349414,37523.29088594467,0.7756095787422024,37523.29088594352,-3.0637006400512556e-12
Ablated PINN,2,83,True,optimal,2.923230640590191e-07,0.20263938372954726,0.20263967605261132,0.1670937710441649,37748.46372995909,0.8245856601191089,37748.46372995849,-1.5998120779096375e-12
Ablated PINN,2,84,True,optimal,2.923230640590191e-07,0.19318978395313025,0.1931900762761943,0.1756737977266311,37190.51122014362,0.9093313751555177,37190.5112201422,-3.814983145478496e-12
Ablated PINN,2,85,True,optimal,2.923230640590191e-07,0.18604563223198056,0.18604592455504462,0.1668096119537949,38475.23518885515,0.896604493502042,38475.235188855164,3.7821510789833984e-14
Ablated PINN,2,86,True,optimal,2.923230640590191e-07,0.21063689328730106,0.21063718561036512,0.157599345780909,36474.638078183685,0.7482028651504817,36474.6380781815,-5.9843973765447795e-12
Ablated PINN,2,87,True,optimal,2.923230640590191e-07,0.25455755880102515,0.2545578511240892,0.1772752371616661,37692.54814357951,0.6964045162183972,37692.54814356743,-3.204370687154471e-11
Ablated PINN,2,88,True,optimal,2.923230640590191e-07,0.19904164364561439,0.19904193596867845,0.1681899102404713,38016.96605048681,0.8449973590838563,38016.966050456904,-7.866010600262237e-11
Ablated PINN,2,89,True,optimal,2.923230640590191e-07,0.2346573513932526,0.23465764371631667,0.1562495599500835,38555.68784773327,0.6658617954034235,38555.68784773239,-2.283426701640219e-12
Ablated PINN,2,90,True,optimal,2.923230640590191e-07,0.27264569187536836,0.2726459841984324,0.1743980650790035,38145.630979779344,0.6396502247840781,38145.63097977893,-1.0872269598274562e-12
Ablated PINN,2,91,True,optimal,2.923230640590191e-07,0.25272095017135143,0.25272124249441547,0.1723951939493417,37522.18984335877,0.6821555332973294,37522.18984335712,-4.40177501716886e-12
Ablated PINN,2,92,True,optimal,2.923230640590191e-07,0.241971705108881,0.24197199743194506,0.1533668269403278,38441.50359721302,0.6338205600979196,38441.50359721086,-5.621422705143993e-12
Ablated PINN,2,93,True,optimal,2.923230640590191e-07,0.2357422080822289,0.23574250040529296,0.1692102262750268,37228.57908703115,0.7177756492109713,37228.57908703123,2.149841216580266e-13
Ablated PINN,2,94,True,optimal,2.923230640590191e-07,0.2371861287392676,0.23718642106233165,0.1745448019355535,36075.97847745826,0.7358971106093962,36075.97847746251,1.1778361741007714e-11
Ablated PINN,2,95,True,optimal,2.923230640590191e-07,0.2662491132505238,0.26624940557358784,0.1947493818588554,37387.78907527332,0.7314547104407684,37387.78907527232,-2.685588465088912e-12
Ablated PINN,2,96,True,optimal,2.923230640590191e-07,0.27513049403205514,0.2751307863551192,0.1967294388450682,36501.84934506344,0.7150397142075692,36501.84934506344,0.0
Ablated PINN,2,97,True,optimal,2.923230640590191e-07,0.25978958001360297,0.259789872336667,0.1600716123357415,37267.59634093165,0.6161580160765521,37267.5963409313,-9.371303753690751e-13
Ablated PINN,2,98,True,optimal,2.923230640590191e-07,0.25391118228435516,0.2539114746074192,0.1627348968759179,37118.319200907456,0.6409119443204669,37118.31920090713,-8.820929925896256e-13
Ablated PINN,2,99,True,optimal,2.923230640590191e-07,0.2790092430077493,0.27900953533081335,0.1670588622801005,37267.28662013373,0.5987568205582069,37267.28662013263,-2.9480804732055237e-12
Ablated PINN,2,100,True,optimal,2.923230640590191e-07,0.2803906090557575,0.28039090137882156,0.1672959411516785,36805.742381092845,0.5966525316228206,36805.74238109385,2.7280584109970596e-12
Ablated PINN,2,101,True,optimal,2.923230640590191e-07,0.2505200421437621,0.25052033446682614,0.1578561551868915,36720.79052825218,0.6301131424035951,36720.79052825073,-3.962854562504836e-12
Ablated PINN,2,102,True,optimal,2.923230640590191e-07,0.203022344969213,0.20302263729227707,0.1699013072066009,38807.4214056756,0.8368589309674184,38807.42140567568,2.0623770108135154e-13
Ablated PINN,2,103,True,optimal,2.923230640590191e-07,0.2739120787009597,0.2739123710240237,0.1637306381016969,37074.08902982997,0.5977482414890154,37074.08902982952,-1.2167780352375155e-12
Ablated PINN,2,104,True,optimal,2.923230640590191e-07,0.2686773701570928,0.26867766248015684,0.1857084440998733,38523.04834376025,0.6911942079055001,38523.0483437622,5.0617921593346625e-12
Ablated PINN,2,105,True,optimal,2.923230640590191e-07,0.2620574659667909,0.26205775828985495,0.1765054389834404,37290.9212997232,0.6735363995146922,37290.921299728616,1.4516435304570096e-11
Ablated PINN,2,106,True,optimal,2.923230640590191e-07,0.29081062274053693,0.29081091506360096,0.1627001846209168,38125.56514261794,0.5594706945072331,38125.565142615145,-7.328331300519534e-12
Ablated PINN,2,107,True,optimal,2.923230640590191e-07,0.2740907580591738,0.27409105038223786,0.1486449730582535,36918.559273525694,0.5423196884792786,36918.55927352574,1.1824877932440364e-13
Ablated PINN,2,108,True,optimal,2.923230640590191e-07,0.2926747570745647,0.29267504939762873,0.1685370439663529,38254.66403269718,0.5758503989773937,38254.66403268225,-3.902861363922353e-11
Ablated PINN,2,109,True,optimal,2.923230640590191e-07,0.30662471102550626,0.3066250033485703,0.1633912259712815,37194.60318317333,0.5328698709724559,37194.60318318464,3.041869820289864e-11
Ablated PINN,2,110,True,optimal,2.923230640590191e-07,0.2938297986984253,0.2938300910214893,0.1715034088119864,37328.73881476896,0.5836822505678748,37328.73881476713,-4.911875881669997e-12
Ablated PINN,2,111,True,optimal,2.923230640590191e-07,0.29719740338623524,0.29719769570929927,0.1681589698418975,36987.63648211704,0.5658151872293801,36987.63648211776,1.9474610229621534e-12
Ablated PINN,2,112,True,optimal,2.923230640590191e-07,0.3047312959097326,0.3047315882327966,0.1514539830386638,37816.37176732379,0.4970078222509774,37816.37176731902,-1.2621592109025607e-11
Ablated PINN,2,113,True,optimal,2.923230640590191e-07,0.3085586791858077,0.30855897150887174,0.1617690618149936,37243.61461154032,0.5242727541640849,37243.614611538316,-5.372433274187212e-12
Ablated PINN,2,114,True,optimal,2.923230640590191e-07,0.18932853499427438,0.18932882731733844,0.1670810040086507,37855.0080039518,0.8824910943361116,37855.00800395072,-2.84464799686935e-12
Ablated PINN,2,115,True,optimal,2.923230640590191e-07,0.289113974198699,0.28911426652176303,0.1495927912183106,37754.193696234826,0.5174175353503353,37754.1936962279,-1.834686685255157e-11
Ablated PINN,2,116,True,optimal,2.923230640590191e-07,0.2867295388132334,0.2867298311362974,0.186199280899018,36220.84474518762,0.6493892880315892,36220.84474518949,5.162555208195641e-12
Ablated PINN,2,117,True,optimal,2.923230640590191e-07,0.23151181871071458,0.23151211103377864,0.1601749858818948,37509.507798005856,0.6918643917446053,37509.5077980039,-5.217963959312192e-12
Ablated PINN,2,118,True,optimal,2.923230640590191e-07,0.238710377831012,0.23871067015407607,0.1637512389570474,37102.10286882047,0.6859820671248336,37102.10286880856,-3.2102607920985825e-11
Ablated PINN,2,119,True,optimal,2.923230640590191e-07,0.1932980981655419,0.19329839048860595,0.1608690395951271,36526.41564666311,0.8322316558792536,36526.41564666301,-2.788759991780736e-13
Ablated PINN,2,120,True,optimal,2.923230640590191e-07,0.17735717771574855,0.1773574700388126,0.1661076066084206,37424.06804941405,0.9365695539751999,37424.06804941402,-7.776768260015332e-14
Ablated PINN,2,121,True,optimal,2.923230640590191e-07,0.26482761977240443,0.26482791209546847,0.1644488447345793,37793.24658383422,0.6209649256128891,37793.246583834545,8.663402121645322e-13
Ablated PINN,2,122,True,optimal,2.923230640590191e-07,0.1647855038754642,0.16478579619852826,0.1663602860644459,37859.33108234029,1.0095547668685032,37859.33108233879,-3.978208761428723e-12
Ablated PINN,2,123,True,optimal,2.923230640590191e-07,0.15524847293272614,0.1552487652557902,0.1640323339961469,37214.071053609325,1.0565773822798832,37214.07105360832,-2.698124989633266e-12
Ablated PINN,2,124,True,optimal,2.923230640590191e-07,0.19783263700082898,0.19783292932389304,0.1715477150864899,37913.0085905288,0.867134281804174,37913.008590529964,3.0705904425642703e-12
Ablated PINN,2,125,True,optimal,2.923230640590191e-07,0.16720204893499613,0.1672023412580602,0.1711934232152998,38060.45539918696,1.0238697731575406,38060.45539918685,-2.8675264935238476e-13
Ablated PINN,2,126,True,optimal,2.923230640590191e-07,0.15418125595897436,0.15418154828203842,0.1738632507622242,38667.85539992995,1.1276527749233831,38667.85539993267,7.037390927321848e-12
Ablated PINN,2,127,True,optimal,2.923230640590191e-07,0.2131864158436656,0.21318670816672966,0.1590948719531297,36284.69110908966,0.7462701278200907,36284.69110909025,1.6242457872301386e-12
Ablated PINN,2,128,True,optimal,2.923230640590191e-07,0.2108620940707624,0.21086238639382646,0.1773588857613504,37414.30817167844,0.8411120105133318,37414.30817167834,-2.7225789163642917e-13
Ablated PINN,2,129,True,optimal,2.923230640590191e-07,0.1452221181243658,0.14522241044742987,0.1706784111447632,37763.21038505876,1.1752897546522156,37763.21038505856,-5.202175704337877e-13
Ablated PINN,2,130,True,optimal,2.923230640590191e-07,0.16514748008921742,0.16514777241228148,0.1864167973399162,36074.912873206165,1.128787840229161,36074.912873206114,-1.4118316370796384e-13
Ablated PINN,2,131,True,optimal,2.923230640590191e-07,0.1602646689862013,0.16026496130926535,0.1652475572191178,38410.38132021087,1.0310897395734397,38410.38132020948,-3.6180528714975145e-12
Ablated PINN,2,132,True,optimal,2.923230640590191e-07,0.1344752130098641,0.13447550533292815,0.1704833069816231,37569.20204751008,1.267764761764966,37569.202047508414,-4.435000486677711e-12
Ablated PINN,2,133,True,optimal,2.923230640590191e-07,0.16412809398025274,0.1641283863033168,0.1787672601640224,37451.83319371508,1.0891916029299908,37451.83319371524,4.2740515980642954e-13
Ablated PINN,2,134,True,optimal,2.923230640590191e-07,0.15271439170464873,0.1527146840277128,0.1718095559626817,38325.85089692487,1.1250362534326024,38325.85089692501,3.6070482829274175e-13
Ablated PINN,2,135,True,optimal,2.923230640590191e-07,0.16339385695755482,0.16339414928061888,0.1495797391980886,37479.0917670911,0.9154534593597661,37479.09176709121,2.912006643356879e-13
Ablated PINN,2,136,True,optimal,2.923230640590191e-07,0.14673565281555057,0.14673594513861463,0.1641923622228205,36375.48393757107,1.1189648321528554,36375.48393757387,7.680908736888682e-12
Ablated PINN,2,137,True,optimal,2.923230640590191e-07,0.15347804129123688,0.15347833361430094,0.1717461482621729,36341.14356950892,1.1190253648034774,36341.143569506545,-6.526933247675589e-12
Ablated PINN,2,138,True,optimal,2.923230640590191e-07,0.14232729095965624,0.1423275832827203,0.1761316540651023,37306.82701671253,1.237508921339818,37306.82701671153,-2.6719136223956676e-12
Ablated PINN,2,139,True,optimal,2.923230640590191e-07,0.1717914086766541,0.17179170099971816,0.1690136389806866,36816.46134032205,0.9838288927645223,36816.46134032197,-2.1739062050583696e-13
Ablated PINN,2,140,True,optimal,2.923230640590191e-07,0.1567594027146697,0.15675969503773377,0.1539248223416507,36798.35369442655,0.9819158062574651,36798.353694417536,-2.4498138038546698e-11
Ablated PINN,2,141,True,optimal,2.923230640590191e-07,0.15493634575977921,0.15493663808284328,0.1662877900525927,37974.67003816838,1.0732631875210823,37974.67003816883,1.1879217689737975e-12
Ablated PINN,2,142,True,optimal,2.923230640590191e-07,0.15714502520859241,0.15714531753165648,0.1671390552073717,36542.8854043658,1.0635955167655697,36542.885404363755,-5.594916950212366e-12
Ablated PINN,2,143,True,optimal,2.923230640590191e-07,0.16205096011981368,0.16205125244287774,0.167740907985717,36793.263327967645,1.035110222581247,36793.263327964334,-8.997736039186836e-12
Ablated PINN,2,144,True,optimal,2.923230640590191e-07,0.1663627289235592,0.16636302124662325,0.1648941347375512,36690.69079785206,0.9911705948950368,36690.69079785187,-5.155937210641008e-13
Ablated PINN,2,145,True,optimal,2.923230640590191e-07,0.1615814189426601,0.16158171126572415,0.162685742136091,37475.75503118665,1.0068326474680742,37475.75503118337,-8.756212866868074e-12
Ablated PINN,2,146,True,optimal,2.923230640590191e-07,0.15055882697924972,0.15055911930231378,0.1855383249931037,36720.69366883008,1.232328708170468,36720.69366883271,7.172785677984487e-12
Ablated PINN,2,147,True,optimal,2.923230640590191e-07,0.15143376402556896,0.15143405634863302,0.1595391239970922,36749.20658451377,1.0535220930079268,36749.20658451379,5.93968547112759e-14
Ablated PINN,2,148,True,optimal,2.923230640590191e-07,0.1570247747004032,0.15702506702346727,0.1707322807051241,38037.44471917262,1.08729315606411,38037.444719176136,9.239021058318442e-12
Ablated PINN,2,149,True,optimal,2.923230640590191e-07,0.1738284188322723,0.17382871115533635,0.175685788039118,37751.80857057275,1.0106833725650888,37751.808570576155,9.019827903270655e-12
Ablated PINN,2,150,True,optimal,2.923230640590191e-07,0.16524673392996192,0.16524702625302598,0.1770532489754259,36709.474531042135,1.0714459012673683,36709.47453104419,5.589347364437683e-12
Ablated PINN,2,151,True,optimal,2.923230640590191e-07,0.16768389102071524,0.1676841833437793,0.1814922061748802,38595.67212062213,1.082345410018739,38595.67212062351,3.5818315130628366e-12
Ablated PINN,2,152,True,optimal,2.923230640590191e-07,0.2011651610955596,0.20116545341862366,0.1631717029958963,38871.27775832071,0.8111318331400439,38871.27775831873,-5.1100363641812206e-12
Ablated PINN,2,153,True,optimal,2.923230640590191e-07,0.16637210873886943,0.1663724010619335,0.1652596071362495,37324.90796936957,0.9933114271442789,37324.907969367225,-6.276930015982126e-12
Ablated PINN,2,154,True,optimal,2.923230640590191e-07,0.1713181738741696,0.17131846619723365,0.1617744881659746,38338.45587072416,0.9442910140213877,38338.45587072418,5.69346687204958e-14
Ablated PINN,2,155,True,optimal,2.923230640590191e-07,0.20022039907053113,0.2002206913935952,0.1514321439899504,36979.26468021715,0.7563261465932313,36979.26468021689,-7.083279680537585e-13
Ablated PINN,2,156,True,optimal,2.923230640590191e-07,0.1738053299486637,0.17380562227172777,0.161924394313246,38617.83856606487,0.9316407156271007,38617.838566064864,-1.8840923998727153e-14
Ablated PINN,2,157,True,optimal,2.923230640590191e-07,0.17829327285289764,0.1782935651759617,0.1768717681989073,37676.14049838544,0.9920255283714182,37676.140498387686,5.967359907469889e-12
Ablated PINN,2,158,True,optimal,2.923230640590191e-07,0.18186449399217963,0.1818647863152437,0.1652848063968122,37010.94031413656,0.9088334786829385,37010.940314138876,6.251542116120125e-12
Ablated PINN,2,159,True,optimal,2.923230640590191e-07,0.19681209325790405,0.1968123855809681,0.1622777027077973,37387.229501181,0.8245299310242681,37387.22950116978,-3.000898111671109e-11
Ablated PINN,2,160,True,optimal,2.923230640590191e-07,0.19427433609962463,0.1942746284226887,0.172804741654545,37624.14857988171,0.889486924039144,37624.148579884146,6.4784078650348324e-12
Ablated PINN,2,161,True,optimal,2.923230640590191e-07,0.17901149531826377,0.17901178764132783,0.1660154690034687,37667.62044016228,0.9273996488773194,37667.620440162216,-1.738459126497684e-13
Ablated PINN,2,162,True,optimal,2.923230640590191e-07,0.19175440864637494,0.191754700969439,0.1549761299975216,38997.61260539466,0.8081998992150967,38997.612605394315,-8.76899853657491e-13
Ablated PINN,2,163,True,optimal,2.923230640590191e-07,0.2104553198441863,0.21045561216725037,0.1563915070146322,36891.7809473043,0.743109225760855,36891.780947303494,-2.1891903140376157e-12
Ablated PINN,2,164,True,optimal,2.923230640590191e-07,0.2065285868011415,0.20652887912420556,0.1857619322836399,37682.00765341733,0.8994477337569992,37682.007653417306,-5.792651241758012e-14
Ablated PINN,2,165,True,optimal,2.923230640590191e-07,0.22422619676217437,0.22422648908523843,0.1776875653304159,36943.49853428515,0.7924468070445905,36943.49853428319,-5.297908091728091e-12
Ablated PINN,2,166,True,optimal,2.923230640590191e-07,0.2078583757393062,0.20785866806237027,0.1815414750017225,38013.99230255048,0.8733890036630514,38013.99230255045,-9.570104550285894e-14
Ablated PINN,2,167,True,optimal,2.923230640590191e-07,0.22327105980366468,0.22327135212672874,0.150634597055614,36492.36374661443,0.674670510214467,36492.3637466137,-1.9938301790216183e-12
Ablated PINN,2,168,True,optimal,2.923230640590191e-07,0.19798575527966022,0.19798604760272429,0.1624871878884732,35896.81238105991,0.820700195068884,35896.81238105651,-9.485934648711282e-12
Ablated PINN,2,169,True,optimal,2.923230640590191e-07,0.2294966308400035,0.22949692316306755,0.1908120033331215,36661.73709105121,0.8314359979351065,36661.73709105626,1.3773255128917056e-11
Ablated PINN,2,170,True,optimal,2.923230640590191e-07,0.25177697697654366,0.2517772692996077,0.1553251221776008,37501.11606822907,0.6169147938163091,37501.116068228395,-1.8043837865730296e-12
Ablated PINN,2,171,True,optimal,2.923230640590191e-07,0.1936094523407519,0.19360974466381595,0.1504521407186985,38070.898397441735,0.7770897119870886,38070.89839744082,-2.4080615325030425e-12
Ablated PINN,2,172,True,optimal,2.923230640590191e-07,0.1754205790348351,0.17542087135789916,0.168362864293158,36422.388320820326,0.9597652946875336,36422.3883208195,-2.2773332729055615e-12
Ablated PINN,2,173,True,optimal,2.923230640590191e-07,0.16349091101437807,0.16349120333744213,0.1747743510641157,37904.42605564062,1.069013790933971,37904.426055636744,-1.023122049827915e-11
Ablated PINN,2,174,True,optimal,2.923230640590191e-07,0.15266945865005255,0.1526697509731166,0.1656758869066834,36731.84934972731,1.0851913090226826,36731.84934972683,-1.3073482850371952e-12
Ablated PINN,2,175,True,optimal,2.923230640590191e-07,0.1827175673097372,0.18271785963280127,0.1569489380344748,37032.12061012018,0.8589687858093732,37032.12061011928,-2.4363140141431313e-12
Ablated PINN,2,176,True,optimal,2.923230640590191e-07,0.178404550999403,0.17840484332246706,0.1728973733261227,38902.62361384735,0.9691293695071406,38902.623613847325,-5.610899938065018e-14
Ablated PINN,2,177,True,optimal,2.923230640590191e-07,0.1888326839543879,0.18883297627745196,0.1639495980925858,38307.73581538626,0.8682254621231777,38307.73581538522,-2.7160622174133548e-12
Ablated PINN,2,178,True,optimal,2.923230640590191e-07,0.21387132396921515,0.21387161629227922,0.1598042650148272,37139.02947648978,0.7471971633507318,37139.02947648746,-6.229981111313132e-12
Ablated PINN,2,179,True,optimal,2.923230640590191e-07,0.28466614289209247,0.2846664352151565,0.1634914721362292,38733.38589152958,0.574326481492836,38733.38589152598,-9.29843579672288e-12
Ablated PINN,2,180,True,optimal,2.923230640590191e-07,0.19723989954218268,0.19724019186524674,0.1709708841517567,36885.681009533975,0.8668156451022059,36885.68100953393,-1.1835418105420554e-13
Ablated PINN,2,181,True,optimal,2.923230640590191e-07,0.23598543787375093,0.23598573019681499,0.1658735247328877,38031.3976563549,0.702896419179868,38031.39765635461,-7.65257977624458e-13
Ablated PINN,2,182,True,optimal,2.923230640590191e-07,0.1982313608750701,0.19823165319813416,0.1578817530535161,37802.02526979338,0.7964507711375034,37802.025269792866,-1.3665749041753572e-12
Ablated PINN,2,183,True,optimal,2.923230640590191e-07,0.23614053707569838,0.23614082939876244,0.1625083871185779,37724.10494206256,0.6881841972535631,37724.10494206339,2.218038378686966e-12
Ablated PINN,2,184,True,optimal,2.923230640590191e-07,0.20835860166698694,0.208358893990051,0.1592451990582049,37456.86259188247,0.7642831846948119,37456.86259188239,-2.1367388568567067e-13
Ablated PINN,2,185,True,optimal,2.923230640590191e-07,0.18471192801371217,0.18471222033677623,0.1703727087005973,37067.62150571223,0.9223683651789012,37067.62150571022,-5.41756988968165e-12
Ablated PINN,2,186,True,optimal,2.923230640590191e-07,0.20589855778962374,0.2058988501126878,0.1595674627460539,37351.80616304193,0.774979863455882,37351.806163041605,-8.765790098852591e-13
Ablated PINN,2,187,True,optimal,2.923230640590191e-07,0.23356176633387804,0.2335620586569421,0.1596722630783915,37804.61325279761,0.6836395602802913,37804.6132527962,-3.714519733735098e-12
Ablated PINN,2,188,True,optimal,2.923230640590191e-07,0.2545602032914758,0.2545604956145398,0.1793889189139008,39431.60362680566,0.7047005407529329,39431.603626807795,5.406464320174148e-12
Ablated PINN,2,189,True,optimal,2.923230640590191e-07,0.2260688589885831,0.22606915131164715,0.1632190379314124,38769.074143244274,0.7219872193283335,38769.07414324179,-6.399692541713416e-12
Ablated PINN,2,190,True,optimal,2.923230640590191e-07,0.2448389739729464,0.24483926629601047,0.1698100757785141,38488.48953175455,0.6935573625400995,38488.489531754356,-5.104145628289015e-13
Ablated PINN,2,191,True,optimal,2.923230640590191e-07,0.2560019148513675,0.2560022071744315,0.1626811670139432,37170.955207625775,0.6354678297874893,37170.9552076247,-2.896997725466653e-12
Ablated PINN,2,192,True,optimal,2.923230640590191e-07,0.2447119290009141,0.24471222132397816,0.1730627827346325,37654.766007572165,0.7072093980362023,37654.76600757191,-6.762982312656238e-13
Ablated PINN,2,193,True,optimal,2.923230640590191e-07,0.2585882260464132,0.2585885183694772,0.1798879741691053,36704.63102917692,0.6956533696986392,36704.63102917997,8.305835407852128e-12
Ablated PINN,2,194,True,optimal,2.923230640590191e-07,0.2518942612223327,0.25189455354539675,0.1535031939856708,37954.35015798275,0.6093946527430824,37954.350157981324,-3.757376128016803e-12
Ablated PINN,2,195,True,optimal,2.923230640590191e-07,0.23611039482057095,0.236110687143635,0.1645955871790647,37708.2936063213,0.6971119739232092,37708.293606329826,2.2614182473622898e-11
Ablated PINN,2,196,True,optimal,2.923230640590191e-07,0.2588263670913875,0.25882665941445154,0.1679300027899444,37142.77210495334,0.6488126191090811,37142.77210495186,-3.996188946531198e-12
Ablated PINN,2,197,True,optimal,2.923230640590191e-07,0.2549057244323194,0.25490601675538344,0.1785661419853568,36277.17441392123,0.7005175643096531,36277.17441392293,4.673181281324308e-12
Ablated PINN,2,198,True,optimal,2.923230640590191e-07,0.27679053926840425,0.2767908315914683,0.1703263069503009,38636.0996425531,0.6153610868213129,38636.09964255289,-5.46128550147243e-13
Ablated PINN,2,199,True,optimal,2.923230640590191e-07,0.24894216004759073,0.2489424523706548,0.1708356100134551,36356.95851743364,0.6862453887900765,36356.958517432926,-1.9612307389466086e-12
Ablated PINN,2,200,True,optimal,2.923230640590191e-07,0.2644657460041344,0.26446603832719845,0.1640653940849006,37915.65990186803,0.6203646983281771,37915.65990186676,-3.3390336028558534e-12
Ablated PINN,2,201,True,optimal,2.923230640590191e-07,0.21928632305935025,0.2192866153824143,0.1620677299797535,37653.60798107942,0.7390680443360544,37653.60798107773,-4.483029003060663e-12
Ablated PINN,2,202,True,optimal,2.923230640590191e-07,0.17508759209886193,0.175087884421926,0.1618226491846144,37618.08398919161,0.924236703863843,37618.083989190134,-3.926354665228593e-12
Ablated PINN,2,203,True,optimal,2.923230640590191e-07,0.28638772713020444,0.28638801945326847,0.1567703308537602,36636.40241760074,0.5474053389280876,36636.40241760086,3.3761851950205377e-13
Ablated PINN,2,204,True,optimal,2.923230640590191e-07,0.28083082800731063,0.28083112033037466,0.1892231041565537,39250.50691723152,0.6737967784124078,39250.50691723156,1.1122339331096658e-13
Ablated PINN,2,205,True,optimal,2.923230640590191e-07,0.2836626200005412,0.28366291232360524,0.157188419252634,37668.48343859015,0.5541380717170103,37668.48343858473,-1.4390248631601223e-11
Ablated PINN,2,206,True,optimal,2.923230640590191e-07,0.2135940557345748,0.21359434805763886,0.1910028969869017,38117.19770091682,0.8942319809668334,38117.19770091811,3.378644222000324e-12
Ablated PINN,2,207,True,optimal,2.923230640590191e-07,0.22619084920734167,0.22619114153040573,0.1794584486633539,36823.91951985686,0.7933929129546844,36823.91951985686,0.0
Ablated PINN,2,208,True,optimal,2.923230640590191e-07,0.16930432617664337,0.16930461849970743,0.1585283237509429,37588.82950263362,0.9363496705272505,37588.82950263295,-1.780816560031419e-12
Ablated PINN,2,209,True,optimal,2.923230640590191e-07,0.28967144107446074,0.2896717333975248,0.1773438658565282,37769.670641839104,0.6122235807287215,37769.67064184149,6.31859917467355e-12
Ablated PINN,2,210,True,optimal,2.923230640590191e-07,0.29749341774731874,0.2974937100703828,0.1568648456595838,36393.4042473068,0.5272879403819053,36393.40424731928,3.430715956411997e-11
Ablated PINN,2,211,True,optimal,2.923230640590191e-07,0.27550455182790756,0.2755048441509716,0.1842784197069704,36866.41208974054,0.6688754249489319,36866.41208974058,1.1841604108051893e-13
Ablated PINN,2,212,True,optimal,2.923230640590191e-07,0.30189378606155515,0.3018940783846192,0.1765705519355833,37000.58188317278,0.5848758375135429,37000.5818831801,1.9782427700677213e-11
Ablated PINN,2,213,True,optimal,2.923230640590191e-07,0.17127753421664238,0.17127782653970644,0.1600435953587293,37617.887961815424,0.9344093079183676,37617.887961816385,2.55311091905826e-12
Ablated PINN,2,214,True,optimal,2.923230640590191e-07,0.2952160690911114,0.29521636141417545,0.1678324625827372,36208.91296504872,0.568506642988109,36208.912965046264,-6.791901419321409e-12
Ablated PINN,2,215,True,optimal,2.923230640590191e-07,0.21983680175617337,0.21983709407923743,0.1560721979476511,37734.78839340876,0.7099447825279063,37734.78839340806,-1.8510556457330404e-12
Ablated PINN,2,216,True,optimal,2.923230640590191e-07,0.15626205038279295,0.156262342705857,0.1625712476670742,36943.99694244033,1.0403738024911917,36943.99694243853,-4.884250859832108e-12
Ablated PINN,2,217,True,optimal,2.923230640590191e-07,0.22709527192637324,0.2270955642494373,0.165911469142884,36934.68781202453,0.7305799639514319,36934.68781202127,-8.825386660214205e-12
Ablated PINN,2,218,True,optimal,2.923230640590191e-07,0.24953800020739436,0.24953829253045842,0.1805611685849726,37194.76219849735,0.7235810053598626,37194.762198495824,-4.107973834660644e-12
Ablated PINN,2,219,True,optimal,2.923230640590191e-07,0.22710978891700506,0.22711008124006912,0.1616897610947489,36459.26179715375,0.7119444465515954,36459.26179715463,2.414724895458316e-12
Ablated PINN,2,220,True,optimal,2.923230640590191e-07,0.2415601327084005,0.24156042503146455,0.1711063073016703,36351.68314944333,0.7083374989068792,36351.68314944191,-3.903015243979136e-12
Ablated PINN,2,221,True,optimal,2.923230640590191e-07,0.1782525680027902,0.17825286032585427,0.1655836827121675,38386.03849675534,0.9289258102757681,38386.03849675267,-6.956374111465105e-12
Ablated PINN,2,222,True,optimal,2.923230640590191e-07,0.1720041367225349,0.17200442904559896,0.1587713342159986,38598.88256640612,0.923065383240264,38598.88256640525,-2.2620212183601182e-12
Ablated PINN,2,223,True,optimal,2.923230640590191e-07,0.16309109842404723,0.1630913907471113,0.1660617548041045,37712.86717243253,1.0182128807865711,37712.867172432954,1.1189961762735389e-12
Ablated PINN,2,224,True,optimal,2.923230640590191e-07,0.1963720410130918,0.19637233333615586,0.1644339892081916,37377.80931444781,0.837358228700724,37377.8093144495,4.516107812230922e-12
Ablated PINN,2,225,True,optimal,2.923230640590191e-07,0.2599063217639923,0.25990661408705634,0.1800620970316231,38142.76854110703,0.6927953629195095,38142.76854110581,-3.185623299103517e-12
Ablated PINN,2,226,True,optimal,2.923230640590191e-07,0.15213659312576056,0.15213688544882462,0.1751570329070091,36652.61986323667,1.1513120726132384,36652.619863236636,-9.925562812880069e-14
Ablated PINN,2,227,True,optimal,2.923230640590191e-07,0.15543648414313793,0.155436776466202,0.1590660600923001,37479.91845667105,1.0233489378035785,37479.918456670275,-2.0577726389534556e-12
Ablated PINN,2,228,True,optimal,2.923230640590191e-07,0.20441746292635798,0.20441775524942205,0.1576206497848034,37077.091757483,0.7710712290744081,37077.0917574514,-8.522643611070473e-11
Ablated PINN,2,229,True,optimal,2.923230640590191e-07,0.1724633746780455,0.17246366700110957,0.1605486427433788,38565.13544251396,0.9309128440504856,38565.13544251075,-8.320202356446655e-12
Ablated PINN,2,230,True,optimal,2.923230640590191e-07,0.16738037019968033,0.1673806625227444,0.1766178421676159,37523.37283202936,1.0551866595916737,37523.37283202824,-2.9861320771991173e-12
Ablated PINN,2,231,True,optimal,2.923230640590191e-07,0.1811517751775682,0.18115206750063226,0.1781322686001658,36811.091560241504,0.983330033478884,36811.09156024258,2.9253186505944576e-12
Ablated PINN,2,232,True,optimal,2.923230640590191e-07,0.1713770921342075,0.17137738445727155,0.1704593249596655,36454.50453871415,0.9946430533963778,36454.50453871206,-5.728235403811361e-12
Ablated PINN,2,233,True,optimal,2.923230640590191e-07,0.1910258401185274,0.19102613244159147,0.1522852038033306,38572.52253202994,0.7971956603889975,38572.522532028604,-3.4708028231704426e-12
Ablated PINN,2,234,True,optimal,2.923230640590191e-07,0.21595211187377572,0.21595240419683978,0.1642110357061028,37475.87660749561,0.7604038321167523,37475.87660749444,-3.106406903998889e-12
Ablated PINN,2,235,True,optimal,2.923230640590191e-07,0.19809975195676088,0.19810004427982494,0.1947568920440971,39128.37510686521,0.98312391979577,39128.37510686509,-3.1611657551150434e-13
Ablated PINN,2,236,True,optimal,2.923230640590191e-07,0.18652513111010194,0.186525423433166,0.1505677769891917,38017.20189968063,0.8072238851833605,38017.20189968,-1.6459190144265488e-12
Ablated PINN,2,237,True,optimal,2.923230640590191e-07,0.18741699028760195,0.187417282610666,0.1522573833353817,39840.399711882914,0.8123977747115018,39840.399711882346,-1.4244954819994832e-12
Ablated PINN,2,238,True,optimal,2.923230640590191e-07,0.1642672368325293,0.16426752915559337,0.1679574307054281,38744.131994619696,1.0224627567529774,38744.13199461624,-8.92026660248077e-12
Ablated PINN,2,239,True,optimal,2.923230640590191e-07,0.23754130024462938,0.23754159256769344,0.1684877211228013,38558.736612995686,0.7092977667680934,38558.736613003006,1.8983021755441937e-11
Ablated PINN,2,240,True,optimal,2.923230640590191e-07,0.24155011912807822,0.24155041145114228,0.1538734342902898,39137.74317886117,0.6370241034402598,39137.74317885374,-1.898104520266168e-11
Ablated PINN,2,241,True,optimal,2.923230640590191e-07,0.2318777721375227,0.23187806446058676,0.1762340846471488,38256.22741549938,0.7600291345242965,38256.22741549932,-1.5215211965695492e-13
Ablated PINN,2,242,True,optimal,2.923230640590191e-07,0.2406988712027669,0.24069916352583096,0.1742930398322641,37978.036565924514,0.724111531087891,37978.036565928145,9.560006724347482e-12
Ablated PINN,2,243,True,optimal,2.923230640590191e-07,0.1652753446251154,0.16527563694817946,0.1684316070750355,36870.66957148542,1.019095192643823,36870.669571486425,2.723254452460059e-12
Ablated PINN,2,244,True,optimal,2.923230640590191e-07,0.20976654719561338,0.20976683951867744,0.1818129550665617,37175.48521726529,0.866738305652802,37175.48521726771,6.517450603167445e-12
Ablated PINN,2,245,True,optimal,2.923230640590191e-07,0.23581793392077088,0.23581822624383494,0.1544076870195567,36815.17567001734,0.6547741855199092,36815.17567001516,-5.929042153213769e-12
Ablated PINN,2,246,True,optimal,2.923230640590191e-07,0.24892273265868425,0.24892302498174831,0.1696410691365599,36832.83422482399,0.6815001109238426,36832.83422482373,-7.111439551780922e-13
Ablated PINN,2,247,True,optimal,2.923230640590191e-07,0.24546675710007548,0.24546704942313954,0.1855394919402897,37846.35131537288,0.7558631285800569,37846.3513153728,-2.1147490041796421e-13
Ablated PINN,2,248,True,optimal,2.923230640590191e-07,0.2763428711332381,0.2763431634563021,0.1609608731232583,36997.63605376801,0.5824673609076306,36997.63605376818,4.719841626817069e-13
Ablated PINN,2,249,True,optimal,2.923230640590191e-07,0.29229312762618065,0.2922934199492447,0.1657424569129943,37893.28124064964,0.5670413550252847,37893.28124064851,-2.976183094402032e-12
Ablated PINN,2,250,True,optimal,2.923230640590191e-07,0.2692658230662346,0.2692661153892986,0.1777891954407096,36655.58670678856,0.6602731843316644,36655.58670678784,-1.9651023718868944e-12
Ablated PINN,2,251,True,optimal,2.923230640590191e-07,0.24531229585409164,0.2453125881771557,0.1761088618077337,38169.276495110855,0.7178957391316354,38169.276495119455,2.25316869735962e-11
Ablated PINN,2,252,True,optimal,2.923230640590191e-07,0.26703959284350276,0.2670398851665668,0.1670485702343285,38923.15842106638,0.6255566284794182,38923.15842106597,-1.0468154253734603e-12
Ablated PINN,2,253,True,optimal,2.923230640590191e-07,0.31092043267562985,0.3109207249986939,0.1596453660167753,36951.33447946284,0.5134600339602512,36951.33447946163,-3.2883384015371984e-12
Ablated PINN,2,254,True,optimal,2.923230640590191e-07,0.28815392777323723,0.28815422009630126,0.165907165966928,36702.85250401209,0.5757582377640756,36702.85250401218,2.5771143802527316e-13
Ablated PINN,2,255,True,optimal,2.923230640590191e-07,0.303575003053993,0.303575295377057,0.178510885220021,38275.468676115175,0.5880283670589888,38275.46867611384,-3.497739537400307e-12
Ablated PINN,2,256,True,optimal,2.923230640590191e-07,0.2969591789878905,0.2969594713109545,0.1201210739091038,39135.03731406025,0.40450325890876093,39135.03731405951,-1.896376565814782e-12
Ablated PINN,2,257,True,optimal,2.923230640590191e-07,0.29108891310170293,0.29108920542476696,0.3116203770041466,37813.73931795047,1.070532232720275,37813.73931794947,-2.655336840175093e-12
Ablated PINN,2,258,True,optimal,2.923230640590191e-07,0.2929774350486696,0.2929777273717336,0.2800673176534474,36778.84401491579,0.955933818471104,36778.844014915856,1.7804697314873115e-13
Ablated PINN,2,259,True,optimal,2.923230640590191e-07,0.2994149080477655,0.2994152003708295,0.1633085631765425,39521.610471035856,0.5454250918934067,39521.61047103585,-1.8410073697567932e-14
Ablated PINN,2,260,True,optimal,2.923230640590191e-07,0.20109698083251715,0.2010972731555812,0.1727011767216026,38194.32051010979,0.8587942243651924,38194.32051010973,-1.7144857573868276e-13
Ablated PINN,2,261,True,optimal,2.923230640590191e-07,0.24835547618567944,0.2483557685087435,0.1691072741523385,37153.86062032147,0.6809073739971737,37153.86062031966,-4.876245471354189e-12
Ablated PINN,2,262,True,optimal,2.923230640590191e-07,0.2585567310452461,0.25855702336831016,0.1604688568040728,37529.685998911234,0.6206323646273093,37529.68599890706,-1.1128256363941993e-11
Ablated PINN,2,263,True,optimal,2.923230640590191e-07,0.22746362164616585,0.2274639139692299,0.1603829199448228,37950.82336621173,0.7050917094766888,37950.82336620831,-9.010871900373124e-12
Ablated PINN,2,264,True,optimal,2.923230640590191e-07,0.26764948200434446,0.2676497743274085,0.1822337480261922,36860.41871620349,0.6808664363126671,36860.418716203436,-1.3817451096098073e-13
Ablated PINN,2,265,True,optimal,2.923230640590191e-07,0.2368930377997458,0.23689333012280986,0.1596016641706228,37108.6975706572,0.6737279774313711,37108.69757065655,-1.7450362584925844e-12
Ablated PINN,2,266,True,optimal,2.923230640590191e-07,0.19774923380464315,0.19774952612770721,0.170874651055783,39054.09120491704,0.8640963869892242,39054.0912049148,-5.719551828344886e-12
Ablated PINN,2,267,True,optimal,2.923230640590191e-07,0.2047979161143303,0.20479820843739435,0.1589646516367793,37597.41037609647,0.7762013781745258,37597.41037609653,1.548182716075425e-13
Ablated PINN,2,268,True,optimal,2.923230640590191e-07,0.19605010421946645,0.1960503965425305,0.1757277538999915,37107.99753300205,0.8963397014189142,37107.99753300219,3.7254285830578245e-13
Ablated PINN,2,269,True,optimal,2.923230640590191e-07,0.21367692109197378,0.21367721341503784,0.1745945168659091,37915.33347375513,0.8170946919210514,37915.33347376479,2.5484337935004376e-11
Ablated PINN,2,270,True,optimal,2.923230640590191e-07,0.22647454543039203,0.2264748377534561,0.1566145559772849,36810.19218946578,0.691531816650545,36810.19218946587,2.569599433155181e-13
Ablated PINN,2,271,True,optimal,2.923230640590191e-07,0.19954319205135107,0.19954348437441513,0.1770382681861519,37582.04308082628,0.8872164818670031,37582.043080829884,9.583297563879038e-12
Ablated PINN,2,272,True,optimal,2.923230640590191e-07,0.22054967377334833,0.2205499660964124,0.1543954899534583,37994.7429380693,0.7000476703132434,37994.742938068805,-1.302193618130094e-12
Ablated PINN,2,273,True,optimal,2.923230640590191e-07,0.22587970411404967,0.22587999643711373,0.1699155429378152,36626.82554048875,0.7522381158931912,36626.82554048803,-1.9666454659246648e-12
Ablated PINN,2,274,True,optimal,2.923230640590191e-07,0.24700563214719296,0.24700592447025702,0.165549426805228,36312.611787874994,0.6702245185425197,36312.611787873764,-3.386252809299667e-12
Ablated PINN,2,275,True,optimal,2.923230640590191e-07,0.21948032034561038,0.21948061266867444,0.1742989677004516,36871.157228788,0.7941428884362167,36871.15722878647,-4.144028052869295e-12
Ablated PINN,2,276,True,optimal,2.923230640590191e-07,0.13682176265865564,0.1368220549817197,0.1705447668209672,37671.6110251428,1.2464713151966111,37671.611025140504,-6.103276561619379e-12
Ablated PINN,2,277,True,optimal,2.923230640590191e-07,0.17859775992110372,0.17859805224416778,0.1631079888902604,39058.78132777718,0.9132685762287578,39058.78132777827,2.794233729333881e-12
Ablated PINN,2,278,True,optimal,2.923230640590191e-07,0.2326654209755361,0.23266571329860017,0.1744931940920651,37029.41695937203,0.749973821317294,37029.41695937102,-2.7312288213480085e-12
Ablated PINN,2,279,True,optimal,2.923230640590191e-07,0.26203306298702955,0.2620333553100936,0.1640936927869916,38394.55795498355,0.6262320787092203,38394.55795497924,-1.1237641725865313e-11
Ablated PINN,2,280,True,optimal,2.923230640590191e-07,0.24829813605174422,0.24829842837480828,0.1638928488828241,37133.72193380556,0.660063980088616,37133.721933805595,9.796967870812307e-14
Ablated PINN,2,281,True,optimal,2.923230640590191e-07,0.2594553688541055,0.2594556611771695,0.1605883887968957,38459.59117417182,0.6189434760000776,38459.59117417182,0.0
Ablated PINN,2,282,True,optimal,2.923230640590191e-07,0.2713782391510904,0.2713785314741544,0.1737940753810107,37427.36092411093,0.6404120268355219,37427.36092411094,1.9440210141816892e-14
Ablated PINN,2,283,True,optimal,2.923230640590191e-07,0.27000722102820873,0.27000751335127277,0.1796026630327105,38473.47079817487,0.6651765382508156,38473.4707981748,-1.8911622640836935e-13
Ablated PINN,2,284,True,optimal,2.923230640590191e-07,0.2498470009304583,0.24984729325352237,0.165735145099461,37010.78717097681,0.6633457698950855,37010.78717097569,-3.0274888977852423e-12
Ablated PINN,2,285,True,optimal,2.923230640590191e-07,0.2058637971058488,0.20586408942891285,0.1824777326546609,36398.86937035118,0.8863990468705446,36398.86937035947,2.2768058090577346e-11
Ablated PINN,2,286,True,optimal,2.923230640590191e-07,0.2505116951651871,0.25051198748825115,0.1683438550680875,37984.71041538654,0.6719991995432263,37984.710415386544,1.9154964022671974e-14
Ablated PINN,2,287,True,optimal,2.923230640590191e-07,0.27251527504995465,0.2725155673730187,0.1707796999253332,37076.547321022605,0.6266786942544473,37076.547321022175,-1.157824906186497e-12
Ablated PINN,2,288,True,optimal,2.923230640590191e-07,0.28778893360868096,0.287789225931745,0.1693494371138513,35967.41744938432,0.5884495382534436,35967.41744938355,-2.1240767440819893e-12
Ablated PINN,2,289,True,optimal,2.923230640590191e-07,0.22406371589750051,0.22406400822056458,0.1803531893528998,37204.85481359613,0.8049181605970529,37204.8548135992,8.252831864467698e-12
Ablated PINN,2,290,True,optimal,2.923230640590191e-07,0.21901487791910768,0.21901517024217174,0.1693794578313827,36602.92751004228,0.7733686102387094,36602.927510042115,-4.571957395492639e-13
Ablated PINN,2,291,True,optimal,2.923230640590191e-07,0.20303199300542474,0.2030322853284888,0.1816567960195243,37017.4520161416,0.8947187671439506,37017.45201614169,2.358657514626577e-13
Ablated PINN,2,292,True,optimal,2.923230640590191e-07,0.1852431590668857,0.18524345138994977,0.1627170639112591,37635.637006378034,0.8783957688670401,37635.637006380755,7.230402788834008e-12
Ablated PINN,2,293,True,optimal,2.923230640590191e-07,0.23001003172248602,0.23001032404555008,0.1588991628959775,37831.828060584245,0.6908349160210301,37831.82806057827,-1.5789776776523924e-11
Ablated PINN,2,294,True,optimal,2.923230640590191e-07,0.21557025611400604,0.2155705484370701,0.1702756700105965,37208.54216505664,0.7898837352557175,37208.54216505659,-1.368817490170713e-13
Ablated PINN,2,295,True,optimal,2.923230640590191e-07,0.22752633970230818,0.22752663202537224,0.1555705987848341,38143.65235002016,0.6837467658181039,38143.65235001471,-1.4287284822688213e-11
Ablated PINN,2,296,True,optimal,2.923230640590191e-07,0.23542482033371925,0.23542511265678331,0.1542933657765388,36785.25802458462,0.6553819345580045,36785.25802457765,-1.894880658368423e-11
Ablated PINN,2,297,True,optimal,2.923230640590191e-07,0.2611443940550089,0.2611446863780729,0.1687264549545943,37928.08708112386,0.6461033433026476,37928.08708112361,-6.522410643940818e-13
Ablated PINN,2,298,True,optimal,2.923230640590191e-07,0.23777140257880092,0.23777169490186498,0.1718161692842841,35970.96302945475,0.7226098520902474,35970.96302945473,-6.068192509796462e-14
Ablated PINN,2,299,True,optimal,2.923230640590191e-07,0.23334523010998964,0.2333455224330537,0.1814436060376465,37520.53220985247,0.7775748347161976,37520.53220985169,-2.0749371580427478e-12
Ablated PINN,2,300,True,optimal,2.923230640590191e-07,0.17113167000934482,0.17113196233240888,0.1672916179522872,37603.47588793357,0.9775591635380061,37603.475887946595,3.463500067973115e-11
Ablated PINN,2,301,True,optimal,2.923230640590191e-07,0.22314557665959,0.22314586898265407,0.1607561628334224,37545.15285488037,0.7204084196867591,37545.152854873006,-1.961177021708809e-11
Ablated PINN,2,302,True,optimal,2.923230640590191e-07,0.17004713509231806,0.17004742741538212,0.160601366776973,36561.76105642507,0.9444504349052291,36561.76105642762,6.965160023430224e-12
Ablated PINN,2,303,True,optimal,2.923230640590191e-07,0.1634624390862882,0.16346273140935227,0.158991337288171,38274.21456085486,0.9726457885376713,38274.21456085308,-4.65746883620732e-12
Ablated PINN,2,304,True,optimal,2.923230640590191e-07,0.1793135511688888,0.17931384349195287,0.1671152547933161,38073.65136734617,0.9319707365528406,38073.6513673445,-4.376239824155701e-12
Ablated PINN,2,305,True,optimal,2.923230640590191e-07,0.19228013884276152,0.19228043116582558,0.1730596339330077,36280.98133229344,0.9000376839375736,36280.98133229635,8.021787004649897e-12
Ablated PINN,2,306,True,optimal,2.923230640590191e-07,0.16858685202896595,0.16858714435203,0.171266274061054,36628.01906959449,1.0158916607747364,36628.01906959455,1.5891566727338122e-13
Ablated PINN,2,307,True,optimal,2.923230640590191e-07,0.2535462393425405,0.25354653166560454,0.1705894507467746,38399.23556223972,0.6728131898556604,38399.2355622397,-5.684455047853853e-14
Ablated PINN,2,308,True,optimal,2.923230640590191e-07,0.1771217491477728,0.17712204147083685,0.1610176363028586,38096.50450661171,0.909077351219273,38096.504506611,-1.852579121670612e-12
Ablated PINN,2,309,True,optimal,2.923230640590191e-07,0.15036631608381867,0.15036660840688273,0.169254187028855,35963.9498253389,1.125610192462835,35963.94982534129,6.635850925836605e-12
Ablated PINN,2,310,True,optimal,2.923230640590191e-07,0.18171177990734577,0.18171207223040983,0.1649342491291463,36943.73555938717,0.9076680877867633,36943.73555938687,-8.074826696991142e-13
Ablated PINN,2,311,True,optimal,2.923230640590191e-07,0.1956483288668096,0.19564862118987367,0.1754257259890437,37900.27542761033,0.8966366587311445,37900.2754276087,-4.300270874521847e-12
Ablated PINN,2,312,True,optimal,2.923230640590191e-07,0.19678760087117553,0.1967878931942396,0.1499246289022267,38447.22648198683,0.7618590070185035,38447.22648198452,-5.999076590808884e-12
Ablated PINN,2,313,True,optimal,2.923230640590191e-07,0.16588056134060025,0.1658808536636643,0.1615124959498644,36741.12301258186,0.9736656906609783,36741.12301257921,-7.208403974630323e-12
Ablated PINN,2,314,True,optimal,2.923230640590191e-07,0.20960277691483498,0.20960306923789904,0.1641646581701934,38321.83728212257,0.7832168620768948,38321.83728212182,-1.95560465627911e-12
Ablated PINN,2,315,True,optimal,2.923230640590191e-07,0.14735245890915394,0.147352751232218,0.1702950592152774,37675.58600542924,1.1556965023809014,37675.58600541774,-3.053247529146942e-11
Ablated PINN,2,316,True,optimal,2.923230640590191e-07,0.1580215790309012,0.15802187135396525,0.1727871787734329,35689.22135725565,1.093438378453282,35689.22135725571,1.6309591159414223e-13
Ablated PINN,2,317,True,optimal,2.923230640590191e-07,0.1824761568568647,0.18247644917992875,0.1660117567516863,37769.76979186518,0.9097708635704127,37769.76979186137,-1.0094320963145689e-11
Ablated PINN,2,318,True,optimal,2.923230640590191e-07,0.15122333820909262,0.15122363053215668,0.1665123449638486,37134.898483008044,1.1011000356087925,37134.898483008,-1.1755988966841065e-13
Ablated PINN,2,319,True,optimal,2.923230640590191e-07,0.22426281217485666,0.22426310449792072,0.1586961117573082,35526.88101342742,0.7076336168296447,35526.88101342657,-2.3756971036277646e-12
Ablated PINN,2,320,True,optimal,2.923230640590191e-07,0.19156148796901107,0.19156178029207513,0.1697614761069417,37833.02452840294,0.8861970057289382,37833.02452840065,-6.0387735829537146e-12
Ablated PINN,2,321,True,optimal,2.923230640590191e-07,0.1645972658880055,0.16459755821106956,0.1616911957971751,38424.799313408825,0.98234261525212,38424.799313407675,-2.991821228952556e-12
Ablated PINN,2,322,True,optimal,2.923230640590191e-07,0.15143846394494176,0.15143875626800582,0.1900710468180477,36861.60370559331,1.255101742130483,36861.603705593414,2.763401381343357e-13
Ablated PINN,2,323,True,optimal,2.923230640590191e-07,0.16250556893646717,0.16250586125953123,0.1701830299571156,36939.498044041306,1.04724241106186,36939.49804404125,-1.5757566831056835e-13
Ablated PINN,2,324,True,optimal,2.923230640590191e-07,0.17506997101008892,0.17507026333315298,0.1611792789772153,36921.98671224211,0.9206548040114408,36921.98671223988,-6.049834221985905e-12
Ablated PINN,2,325,True,optimal,2.923230640590191e-07,0.18954481510445476,0.18954510742751882,0.1566367377527058,37815.81817330616,0.8263823840064191,37815.81817330368,-6.541774602059558e-12
Ablated PINN,2,326,True,optimal,2.923230640590191e-07,0.20079506002366543,0.2007953523467295,0.1568925678730011,37089.19328596693,0.7813555744162947,37089.19328596645,-1.2947523523457156e-12
Ablated PINN,2,327,True,optimal,2.923230640590191e-07,0.23055343376472592,0.23055372608778998,0.1752254292368888,37879.42163240183,0.7600199407324549,37879.421632398014,-1.0065100325002953e-11
Ablated PINN,2,328,True,optimal,2.923230640590191e-07,0.2713262876495719,0.27132657997263593,0.1725397910922765,37382.447300700616,0.6359118635176754,37382.44730070058,-9.731783416500744e-14
Ablated PINN,2,329,True,optimal,2.923230640590191e-07,0.35160542093217373,0.35160571325523776,0.162507439032197,36457.330790976346,0.4621865712239708,36457.330790973865,-6.8054942383512415e-12
Ablated PINN,2,330,True,optimal,2.923230640590191e-07,0.20958259608596563,0.2095828884090297,0.1752945310436189,39096.86477081424,0.8363971523357747,39096.864770811226,-7.704572911228873e-12
Ablated PINN,2,331,True,optimal,2.923230640590191e-07,0.2679921770468354,0.26799246936989946,0.150166839826852,36987.29373643666,0.560339774397103,36987.293736437234,1.5540489542608714e-12
Ablated PINN,2,332,True,optimal,2.923230640590191e-07,0.3085418720729649,0.30854216439602894,0.1798579851165413,39023.62008196415,0.582928383446759,39023.620081964094,-1.491600748244515e-13
Ablated PINN,2,333,True,optimal,2.923230640590191e-07,0.25245939614251256,0.2524596884655766,0.1754010962322354,37328.50961803042,0.6947687264382872,37328.509618028904,-4.054271652515027e-12
Ablated PINN,2,334,True,optimal,2.923230640590191e-07,0.1640480407513678,0.16404833307443187,0.165837612003088,37587.54568240003,1.0109070229189363,37587.54568239861,-3.774685760954357e-12
Ablated PINN,2,335,True,optimal,2.923230640590191e-07,0.15379357896745205,0.1537938712905161,0.1635479968972504,37877.06846403945,1.063423370026942,37877.06846404148,5.359422618158673e-12
Ablated PINN,2,336,True,optimal,2.923230640590191e-07,0.16783051192760468,0.16783080425066874,0.1695018531754613,36345.61323652908,1.0099567474055402,36345.61323652972,1.7616548822035697e-12
Ablated PINN,2,337,True,optimal,2.923230640590191e-07,0.20625858195126057,0.20625887427432463,0.1656776047311723,36616.723040527,0.803250794973412,36616.72304052829,3.517093805158626e-12
Ablated PINN,2,338,True,optimal,2.923230640590191e-07,0.18032192112877965,0.1803222134518437,0.161522117909044,36846.47106304809,0.8957416549912726,36846.47106304683,-3.416176993177714e-12
Ablated PINN,2,339,True,optimal,2.923230640590191e-07,0.20414402103051543,0.2041443133535795,0.1775708617642521,36999.831256661535,0.869830067010968,36999.83125666145,-2.359780799121384e-13
Ablated PINN,2,340,True,optimal,2.923230640590191e-07,0.19419265910983086,0.19419295143289492,0.1659762826748192,36690.70148056091,0.8546977706972736,36690.70148056097,1.784746976351616e-13
Ablated PINN,2,341,True,optimal,2.923230640590191e-07,0.16070041805505753,0.1607007103781216,0.1763310357928276,39514.31566927947,1.0972635738692664,39514.31566928407,1.1637314563792305e-11
Ablated PINN,2,342,True,optimal,2.923230640590191e-07,0.16074559604749084,0.1607458883705549,0.1598337460309267,38717.86221794477,0.9943255634786409,38717.862217942944,-4.7168548482349085e-12
Ablated PINN,2,343,True,optimal,2.923230640590191e-07,0.20579239865764976,0.20579269098071382,0.1640166942961514,35849.75636935258,0.7969996092403616,35849.7563693466,-1.6683062214536285e-11
Ablated PINN,2,344,True,optimal,2.923230640590191e-07,0.171369057148695,0.17136934947175905,0.1572670452296733,37308.41490008909,0.9177081299219745,37308.41490008745,-4.387992541562953e-12
Ablated PINN,2,345,True,optimal,2.923230640590191e-07,0.23226806381717324,0.2322683561402373,0.1761533319950103,36770.4984598853,0.7584043514246672,36770.498459885304,1.978748703154274e-14
Ablated PINN,2,346,True,optimal,2.923230640590191e-07,0.2744210730306804,0.27442136535374445,0.1626538787968456,37745.29713856809,0.5927157988853224,37745.29713855674,-3.005200324392592e-11
Ablated PINN,2,347,True,optimal,2.923230640590191e-07,0.24683380918577313,0.2468341015088372,0.15967952972278,36262.02709466293,0.6469103286243579,36262.027094656405,-1.799826017140424e-11
Ablated PINN,2,348,True,optimal,2.923230640590191e-07,0.202561158221215,0.20256145054427907,0.1806515110656619,37614.96698897088,0.8918355915217553,37614.966988970955,1.9343251361397755e-13
Ablated PINN,2,349,True,optimal,2.923230640590191e-07,0.21391366887837648,0.21391396120144054,0.1564428242854774,37348.3145004898,0.7313352686604537,37348.314500488916,-2.376725270744779e-12
Ablated PINN,2,350,True,optimal,2.923230640590191e-07,0.22172181168571115,0.2217221040087752,0.1632170481607318,37376.6109390296,0.7361334084862918,37376.610939028906,-1.849327576743028e-12
Ablated PINN,2,351,True,optimal,2.923230640590191e-07,0.22581702703610063,0.2258173193591647,0.1674898597411811,37839.46141167138,0.7417051102036457,37839.4614116704,-2.5766178585191286e-12
Ablated PINN,2,352,True,optimal,2.923230640590191e-07,0.21819948265329003,0.2181997749763541,0.1566757610999047,37852.31796544582,0.7180381424173483,37852.31796544475,-2.825628196036333e-12
Ablated PINN,2,353,True,optimal,2.923230640590191e-07,0.24110172409564257,0.24110201641870663,0.1770983976311981,37573.933889825945,0.7345371899488494,37573.933889826134,5.034737606221018e-13
Ablated PINN,2,354,True,optimal,2.923230640590191e-07,0.2472303481772542,0.24723064050031826,0.1708676097914576,38051.499909117774,0.6911263484399606,38051.499909116195,-4.149331316896333e-12
Ablated PINN,2,355,True,optimal,2.923230640590191e-07,0.18856256967410445,0.1885628619971685,0.1537947528995573,36973.949662977975,0.8156152874995433,36973.94966297779,-4.91965132242069e-13
Ablated PINN,2,356,True,optimal,2.923230640590191e-07,0.17005154117941856,0.17005183350248262,0.1785147627815604,37937.88590271783,1.049766762902643,37937.88590272062,7.34540604971511e-12
Ablated PINN,2,357,True,optimal,2.923230640590191e-07,0.20909551810473204,0.2090958104277961,0.1495846440084278,38654.80305131844,0.7153880496332642,38654.80305131659,-4.799841274973177e-12
Ablated PINN,2,358,True,optimal,2.923230640590191e-07,0.19375034188851714,0.1937506342115812,0.1617406769655645,37521.06428814495,0.8347878582370939,37521.06428814324,-4.557040349927772e-12
Ablated PINN,2,359,True,optimal,2.923230640590191e-07,0.24855090491473675,0.2485511972378008,0.1793468687683344,36846.28373881762,0.7215691204124222,36846.2837388177,2.1721467034055357e-13
Ablated PINN,2,360,True,optimal,2.923230640590191e-07,0.30162377608940005,0.3016240684124641,0.1728639090433716,36687.36611674075,0.5731104614867276,36687.36611674077,5.94969744437174e-14
Ablated PINN,2,361,True,optimal,2.923230640590191e-07,0.20522936899214983,0.2052296613152139,0.1583820222876966,39483.239673706245,0.7717306615072388,39483.23967370556,-1.7322287162487075e-12
Ablated PINN,2,362,True,optimal,2.923230640590191e-07,0.16926329722627997,0.16926358954934403,0.1584834479726851,37799.96224738413,0.9363115150437225,37799.962247382726,-3.714976777879137e-12
Ablated PINN,2,363,True,optimal,2.923230640590191e-07,0.15838447771966457,0.15838477004272863,0.1537092416547238,37418.69015089786,0.9704799370119773,37418.69015089249,-1.4350199586391783e-11
Ablated PINN,2,364,True,optimal,2.923230640590191e-07,0.1577030047774315,0.15770329710049555,0.1683027609251439,37834.301886206886,1.0672114281662348,37834.3018862069,3.846222740447073e-14
Ablated PINN,2,365,True,optimal,2.923230640590191e-07,0.18286089599132538,0.18286118831438944,0.1649024193175137,37742.89408496819,0.9017901548031089,37742.894084964675,-9.311123624328069e-12
Ablated PINN,2,366,True,optimal,2.923230640590191e-07,0.15751005103811622,0.15751034336118028,0.1769362860359251,37775.65819093329,1.1233312191453992,37775.65819092933,-1.0477966848677677e-11
Ablated PINN,2,367,True,optimal,2.923230640590191e-07,0.19238942302763462,0.19238971535069868,0.1730401460081339,38010.13137847156,0.8994251365916659,38010.13137846977,-4.708969709330946e-12
Ablated PINN,2,368,True,optimal,2.923230640590191e-07,0.23314128397032619,0.23314157629339025,0.1611949922516942,36719.7749265405,0.6914038877769405,36719.77492654015,-9.511114002727036e-13
Ablated PINN,2,369,True,optimal,2.923230640590191e-07,0.17422669474035501,0.17422698706341908,0.1786027369089424,37727.4088171513,1.0251152242214379,37727.40881715342,5.612109954301519e-12
Ablated PINN,2,370,True,optimal,2.923230640590191e-07,0.1754887760616839,0.17548906838474795,0.1625282913446426,37933.71160771181,0.9261448182533529,37933.711607712044,6.137829223295298e-13
Ablated PINN,2,371,True,optimal,2.923230640590191e-07,0.19266358437016606,0.19266387669323012,0.1710067898966372,37229.94614925975,0.8875913473334884,37229.94614925975,0.0
Ablated PINN,2,372,True,optimal,2.923230640590191e-07,0.21529462421312928,0.21529491653619334,0.1722252019681036,39329.03921573299,0.7999501555307309,39329.03921572732,-1.4411669073221352e-11
Ablated PINN,2,373,True,optimal,2.923230640590191e-07,0.2035214859060943,0.20352177822915837,0.1558023900724947,37135.72573364024,0.7655317845005593,37135.72573363887,-3.683461153493383e-12
Ablated PINN,2,374,True,optimal,2.923230640590191e-07,0.1549522439017892,0.15495253622485325,0.1593901240266859,38931.05602781042,1.0286383683026215,38931.05602780814,-5.8497635707918345e-12
Ablated PINN,2,375,True,optimal,2.923230640590191e-07,0.23529511410742998,0.23529540643049404,0.164059461094439,38754.05535110205,0.697248890589379,38754.05535109997,-5.3695641883250925e-12
Ablated PINN,2,376,True,optimal,2.923230640590191e-07,0.24472529906779528,0.24472559139085934,0.1682739951647818,39424.44560524321,0.6876027725928583,39424.445605242494,-1.8086337936864871e-12
Ablated PINN,2,377,True,optimal,2.923230640590191e-07,0.19790100818499923,0.1979013005080633,0.1648961347527802,37474.86973459562,0.8332241088332902,37474.869734595806,5.048046846020889e-13
Ablated PINN,2,378,True,optimal,2.923230640590191e-07,0.21739327628165483,0.2173935686047189,0.1694960938766598,37177.17172798672,0.7796739110753095,37177.17172799065,1.0568359369578704e-11
Ablated PINN,2,379,True,optimal,2.923230640590191e-07,0.24147973768413067,0.24148003000719473,0.1676636543124914,37326.97407788077,0.6943168522361702,37326.97407787919,-4.229870867602467e-12
Ablated PINN,2,380,True,optimal,2.923230640590191e-07,0.179769576061517,0.17976986838458106,0.1655743359588086,38622.82871866539,0.9210349734728402,38622.82871866365,-4.502399040879801e-12
Ablated PINN,2,381,True,optimal,2.923230640590191e-07,0.18394890613853931,0.18394919846160337,0.1761570987291634,37176.53495707838,0.95763993647373,37176.53495707774,-1.7222806557614157e-12
Ablated PINN,2,382,True,optimal,2.923230640590191e-07,0.26654840214177966,0.2665486944648437,0.1673887502402067,38668.827789592455,0.6279856315795399,38668.82778958845,-1.034884406006728e-11
Ablated PINN,2,383,True,optimal,2.923230640590191e-07,0.2495232317596674,0.24952352408273146,0.1510437428951263,38061.93852998524,0.6053286697131072,38061.93852998491,-8.602244270357219e-13
Ablated PINN,2,384,True,optimal,2.923230640590191e-07,0.18554470408707857,0.18554499641014263,0.1556600257754326,39213.49143298026,0.8389341064813731,39213.491432979485,-1.985356152354368e-12
Ablated PINN,2,385,True,optimal,2.923230640590191e-07,0.252737530041486,0.25273782236455006,0.1652870648540556,38986.91675117543,0.6539862665099838,38986.91675117514,-7.465024906299174e-13
Ablated PINN,2,386,True,optimal,2.923230640590191e-07,0.24907095078378916,0.24907124310685322,0.18776794988662,37427.66139293921,0.7538724565086234,37427.6613929409,4.510092545640597e-12
Ablated PINN,2,387,True,optimal,2.923230640590191e-07,0.23755328496918082,0.23755357729224488,0.1741155311465263,37046.28601284228,0.7329526801119254,37046.28601284481,6.815142795276236e-12
Ablated PINN,2,388,True,optimal,2.923230640590191e-07,0.26651656720787287,0.2665168595309369,0.1632291111163795,38131.66536932286,0.6124532286762597,38131.66536932107,-4.693961188826271e-12
Ablated PINN,2,389,True,optimal,2.923230640590191e-07,0.1968695828691125,0.19686987519217655,0.1615799637511372,36417.217038359726,0.8207449900265811,36417.21703836022,1.3586022162081107e-12
Ablated PINN,2,390,True,optimal,2.923230640590191e-07,0.19540131790563464,0.1954016102286987,0.1764963190071284,35466.10140427182,0.9032490510214144,35466.10140425032,-6.062254913454439e-11
Ablated PINN,2,391,True,optimal,2.923230640590191e-07,0.2158440467901528,0.21584433911321685,0.1601402792148292,37452.036578716325,0.7419248513662933,37452.0365787158,-1.3987729268611176e-12
Ablated PINN,2,392,True,optimal,2.923230640590191e-07,0.18891502497717738,0.18891531730024144,0.1621726909652352,38633.16542454447,0.858441196208011,38633.165424543724,-1.9398452754916326e-12
Ablated PINN,2,393,True,optimal,2.923230640590191e-07,0.21378681296482682,0.21378710528789088,0.1680706939660012,37932.919633845,0.7861591733499227,37932.9196338465,3.951310057305647e-12
Ablated PINN,2,394,True,optimal,2.923230640590191e-07,0.1642681797966361,0.16426847211970017,0.1694754213094711,36880.31267606111,1.0316978000865358,36880.31267606375,7.1614702324987605e-12
Ablated PINN,2,395,True,optimal,2.923230640590191e-07,0.18037707405164838,0.18037736637471244,0.1693475623615086,37076.22244734752,0.9388515076204698,37076.22244734568,-4.9649536950604335e-12
Ablated PINN,2,396,True,optimal,2.923230640590191e-07,0.16484044305980206,0.16484073538286612,0.1742645050399005,37267.03147711159,1.0571689372481041,37267.031477109704,-5.056675960978808e-12
Ablated PINN,2,397,True,optimal,2.923230640590191e-07,0.15616270806640387,0.15616300038946793,0.1719848490320146,37843.152837153495,1.1013162439443867,37843.15283715763,1.0920717791776476e-11
Ablated PINN,2,398,True,optimal,2.923230640590191e-07,0.17415236914530396,0.17415266146836803,0.1627589608542621,38921.96971919475,0.9345763623820622,38921.969719194836,2.2432444195428938e-13
Ablated PINN,2,399,True,optimal,2.923230640590191e-07,0.18790070386603475,0.1879009961890988,0.1748795001767575,37498.49569973195,0.9307002289693195,37498.49569973197,3.8806663992312824e-14
Ablated PINN,2,400,True,optimal,2.923230640590191e-07,0.17236192803829908,0.17236222036136314,0.171755454968661,38604.6872796718,0.9964797077257994,38604.687279671874,1.8847342452155418e-13
Ablated PINN,2,401,True,optimal,2.923230640590191e-07,0.17566634574905038,0.17566663807211444,0.1775785838253796,36977.27977555316,1.0108839434411006,36977.27977555127,-5.0962997643742086e-12
Ablated PINN,2,402,True,optimal,2.923230640590191e-07,0.16858414094895124,0.1685844332720153,0.1669551036320626,37666.0892252334,0.9903352307901184,37666.089225233285,-3.0907196425623463e-13
Ablated PINN,2,403,True,optimal,2.923230640590191e-07,0.18807183671742678,0.18807212904049084,0.1660744161345064,37468.71010259408,0.883035763894349,37468.71010259599,5.107132984537298e-12
Ablated PINN,2,404,True,optimal,2.923230640590191e-07,0.18671618588268757,0.18671647820575163,0.1637088330462575,38353.37521509551,0.876777639656737,38353.37521509317,-6.1086106206499845e-12
Ablated PINN,2,405,True,optimal,2.923230640590191e-07,0.19682576786726713,0.1968260601903312,0.1731520928442478,38555.13622723438,0.8797213777322442,38555.13622723255,-4.7556343932175125e-12
Ablated PINN,2,406,True,optimal,2.923230640590191e-07,0.17181340977549553,0.1718137020985596,0.1608420866541564,37419.01364240212,0.9361423721717526,37419.013642402075,-1.1666728071001625e-13
Ablated PINN,2,407,True,optimal,2.923230640590191e-07,0.2216366962529719,0.22163698857603595,0.1607318921014666,38457.96384517048,0.72520337482534,38457.96384516822,-5.883886175360292e-12
Ablated PINN,2,408,True,optimal,2.923230640590191e-07,0.17808537604287267,0.17808566836593673,0.1717885145917534,38390.84687547281,0.9646397498913629,38390.84687547538,6.6901703057966666e-12
Ablated PINN,2,409,True,optimal,2.923230640590191e-07,0.200569330714643,0.20056962303770706,0.1610046979039907,37585.75404324474,0.8027372015039477,37585.7540432441,-1.7035291331695906e-12
Ablated PINN,2,410,True,optimal,2.923230640590191e-07,0.17230525705963373,0.1723055493826978,0.1536791138350963,37696.82806400474,0.8918988064265336,37696.828064004614,-3.281211863000917e-13
Ablated PINN,2,411,True,optimal,2.923230640590191e-07,0.1909036156721413,0.19090390799520537,0.1715860590338707,38660.62569214412,0.8988085201387294,38660.62569214417,1.1292043236116441e-13
Ablated PINN,2,412,True,optimal,2.923230640590191e-07,0.23779554991051555,0.2377958422335796,0.1600955836474895,36898.40452385658,0.6732480355574614,36898.40452385541,-3.1747420816695385e-12
Ablated PINN,2,413,True,optimal,2.923230640590191e-07,0.20654797879979014,0.2065482711228542,0.1618091836571693,37817.5025814616,0.7833964563224339,37817.50258146029,-3.4631381798200152e-12
Ablated PINN,2,414,True,optimal,2.923230640590191e-07,0.22245982103049755,0.2224601133535616,0.1643888838589191,38360.34072199414,0.7389589143904264,38360.34072199563,3.88831611720383e-12
Ablated PINN,2,415,True,optimal,2.923230640590191e-07,0.2132764053530991,0.21327669767616317,0.1609513540752232,36841.417527703736,0.7546598190469446,36841.41752770371,-7.8997585895951e-14
Ablated PINN,2,416,True,optimal,2.923230640590191e-07,0.22117369482293725,0.2211739871460013,0.1718902769498527,38175.53510914572,0.7771722125549265,38175.53510914573,1.9059215786710277e-14
Ablated PINN,2,417,True,optimal,2.923230640590191e-07,0.2236731331795454,0.22367342550260946,0.1709209932014346,36658.56838350655,0.7641542253728331,36658.568383505066,-4.0489725015045435e-12
Ablated PINN,2,418,True,optimal,2.923230640590191e-07,0.20016391901299357,0.20016421133605763,0.1671983739361167,38078.027718501886,0.8353060360795753,38078.02771851041,2.2394600862374895e-11
Ablated PINN,2,419,True,optimal,2.923230640590191e-07,0.21988277416676283,0.2198830664898269,0.1731838411651551,37952.21734720609,0.7876179095090418,37952.2173472116,1.4512722309602618e-11
Ablated PINN,2,420,True,optimal,2.923230640590191e-07,0.2342722569592297,0.23427254928229377,0.1617971747182309,37272.0523532003,0.6906365052751807,37272.05235319956,-1.991163968149412e-12
Ablated PINN,2,421,True,optimal,2.923230640590191e-07,0.2533836727961898,0.2533839651192538,0.1616209037601947,37104.89296270704,0.6378497695547888,37104.89296270467,-6.392585971364427e-12
Ablated PINN,2,422,True,optimal,2.923230640590191e-07,0.22228777967393398,0.22228807199699804,0.1601801970973611,37562.68797175633,0.7205973566567454,37562.68797175631,-3.8740345843483163e-14
Ablated PINN,2,423,True,optimal,2.923230640590191e-07,0.2091599521227181,0.20916024444578216,0.1571588511578738,37255.813900233305,0.7513801275873534,37255.81390023294,-9.764861980559043e-13
Ablated PINN,2,424,True,optimal,2.923230640590191e-07,0.21314482484012842,0.21314511716319248,0.1819395651109516,37876.34581112449,0.8535948068266155,37876.34581112268,-4.783231875023073e-12
Ablated PINN,2,425,True,optimal,2.923230640590191e-07,0.23815300920978189,0.23815330153284595,0.1735469489358365,38701.26744916155,0.728719475307803,38701.267449162086,1.3912228175907926e-12
Ablated PINN,2,426,True,optimal,2.923230640590191e-07,0.2551818420179188,0.25518213434098286,0.1618646807037294,37374.06626619191,0.6343103960696576,37374.066266188194,-9.948112989276196e-12
Ablated PINN,2,427,True,optimal,2.923230640590191e-07,0.2661275416612625,0.26612783398432655,0.1609282358549535,37112.976013070205,0.6047027604952862,37112.9760130685,-4.587543939131479e-12
Ablated PINN,2,428,True,optimal,2.923230640590191e-07,0.19944692309945822,0.19944721542252228,0.1635541059076786,37268.62912272493,0.8200370487058176,37268.62912272439,-1.4447026255689825e-12
Ablated PINN,2,429,True,optimal,2.923230640590191e-07,0.2171015813946724,0.21710187371773645,0.1489670872688293,36774.54950030895,0.686162144609161,36774.54950030714,-4.9265415091392276e-12
Ablated PINN,2,430,True,optimal,2.923230640590191e-07,0.26417404832318425,0.2641743406462483,0.1537691517733037,37690.08294150284,0.5820745171432586,37690.082941502485,-9.459303224360907e-13
Ablated PINN,2,431,True,optimal,2.923230640590191e-07,0.25485819997265935,0.2548584922957234,0.1891188360750675,35941.81036871992,0.7420542842089197,35941.81036871858,-3.724843538139872e-12
Ablated PINN,2,432,True,optimal,2.923230640590191e-07,0.25954243587329984,0.25954272819636387,0.1816600421443581,38194.32138829948,0.6999234515517554,38194.3213882996,3.0479746097177077e-13
Ablated PINN,2,433,True,optimal,2.923230640590191e-07,0.2251294907182455,0.22512978304130957,0.1714735240675509,37327.66740204386,0.7616652126213209,37327.66740204632,6.588340083257765e-12
Ablated PINN,2,434,True,optimal,2.923230640590191e-07,0.24413260398432612,0.24413289630739018,0.160996027290821,37978.76094738759,0.6594606041461503,37978.76094738553,-5.440861973592718e-12
Ablated PINN,2,435,True,optimal,2.923230640590191e-07,0.30073515605181456,0.3007354483748786,0.1718754917383194,38324.456068937936,0.5715172343902399,38324.45606893851,1.4998272917077823e-12
Ablated PINN,2,436,True,optimal,2.923230640590191e-07,0.2611638670787215,0.26116415940178556,0.1691069938242435,35780.05730350514,0.6475122551715927,35780.05730350766,7.0359902253729594e-12
Ablated PINN,2,437,True,optimal,2.923230640590191e-07,0.2777577918022871,0.27775808412535113,0.151087419129908,38517.317363185226,0.5439532736038128,38517.31736318211,-8.084960407567132e-12
Ablated PINN,2,438,True,optimal,2.923230640590191e-07,0.26382090896368027,0.2638212012867443,0.1569451782852411,38402.26506807678,0.5948922130585674,38402.265068077075,7.768142364849844e-13
Ablated PINN,2,439,True,optimal,2.923230640590191e-07,0.28944986406713724,0.2894501563902013,0.167893951293081,36392.9780964767,0.5800444310928162,36392.97809647786,3.1988402135796988e-12
Ablated PINN,2,440,True,optimal,2.923230640590191e-07,0.19842030899599195,0.198420601319056,0.1618778030388057,37550.54585925145,0.8158316322129763,37550.54585925044,-2.6933246514240075e-12
Ablated PINN,2,441,True,optimal,2.923230640590191e-07,0.19645748613402247,0.19645777845708653,0.1609025471843779,38249.09423451185,0.8190184600887402,38249.09423451184,-3.8045123733248496e-14
Ablated PINN,2,442,True,optimal,2.923230640590191e-07,0.23764284420758486,0.23764313653064892,0.1669071861542761,37564.22886190177,0.7023438109383395,37564.22886190454,7.379733153035474e-12
Ablated PINN,2,443,True,optimal,2.923230640590191e-07,0.2001233920454979,0.20012368436856195,0.1764045138843357,38501.87476288123,0.8814774445160456,38501.8747628799,-3.4393761185313442e-12
Ablated PINN,2,444,True,optimal,2.923230640590191e-07,0.25210959604009986,0.2521098883631639,0.1687971269711852,36693.61615534541,0.6695379069306208,36693.61615534309,-6.32543401854492e-12
Ablated PINN,2,445,True,optimal,2.923230640590191e-07,0.26221400033682585,0.2622142926598899,0.1566491508856415,37384.00388267394,0.5974088952078074,37384.00388258717,-2.3211283301564053e-10
Ablated PINN,2,446,True,optimal,2.923230640590191e-07,0.26872923597693443,0.26872952829999847,0.169557929970324,37633.90151751269,0.630961290495165,37633.90151751456,4.9687144607501954e-12
Ablated PINN,2,447,True,optimal,2.923230640590191e-07,0.20437590591609478,0.20437619823915884,0.1685262960381806,38124.7000969486,0.8245886629174544,38124.70009694775,-2.232901606293804e-12
Ablated PINN,2,448,True,optimal,2.923230640590191e-07,0.2683931770734489,0.26839346939651293,0.1662984830327332,38243.87790215338,0.6196070396446607,38243.87790215334,-9.512578239056849e-14
Ablated PINN,2,449,True,optimal,2.923230640590191e-07,0.20804095221683383,0.2080412445398979,0.1546964379958808,37080.38754728253,0.7435854286394317,37080.38754728157,-2.59011965246463e-12
Ablated PINN,2,450,True,optimal,2.923230640590191e-07,0.20744604291394353,0.2074463352370076,0.1561462609097361,36958.727729449776,0.7527067698320092,36958.727729445854,-1.0611136786832385e-11
Ablated PINN,2,451,True,optimal,2.923230640590191e-07,0.21242764126509428,0.21242793358815834,0.1594108808785677,37748.22660110671,0.7504233468072202,37748.226601104936,-4.703091556117517e-12
Ablated PINN,2,452,True,optimal,2.923230640590191e-07,0.19508345611393452,0.19508374843699858,0.1829593260772526,36482.54645682538,0.9378501671364926,36482.54645682301,-6.501635473913131e-12
Ablated PINN,2,453,True,optimal,2.923230640590191e-07,0.17306123487651348,0.17306152719957754,0.1481087496504187,38666.48950305212,0.8558155706069619,38666.489503049415,-7.0000050877713784e-12
Ablated PINN,2,454,True,optimal,2.923230640590191e-07,0.17722230171784759,0.17722259404091165,0.1723275943659246,37207.15618916848,0.9723793701278459,37207.15618916847,-3.911052797043144e-14
Ablated PINN,2,455,True,optimal,2.923230640590191e-07,0.16977562103420496,0.16977591335726902,0.1708534280769527,36398.805412142094,1.0063466878096907,36398.80541214346,3.758035506874574e-12
Ablated PINN,2,456,True,optimal,2.923230640590191e-07,0.19518913887441158,0.19518943119747564,0.1749409511685371,36858.30449183067,0.8962624159273619,36858.304491829425,-3.3755995268342573e-12
Ablated PINN,2,457,True,optimal,2.923230640590191e-07,0.17412000196054578,0.17412029428360984,0.1634921408258378,37007.17872638533,0.9389608574836157,37007.17872638702,4.561337082653726e-12
Ablated PINN,2,458,True,optimal,2.923230640590191e-07,0.22378999507054687,0.22379028739361093,0.1568043287843465,38691.19939925147,0.7006753090609024,38691.199399249046,-6.262131759011727e-12
Ablated PINN,2,459,True,optimal,2.923230640590191e-07,0.16896553710103035,0.1689658294240944,0.1692603467963636,37608.10710171843,1.0017430587786478,37608.10710172034,5.088203049822744e-12
Ablated PINN,2,460,True,optimal,2.923230640590191e-07,0.20436121383681893,0.204361506159883,0.1677271695807576,38370.422163674295,0.8207375876821714,38370.42216367322,-2.8064370058419766e-12
Ablated PINN,2,461,True,optimal,2.923230640590191e-07,0.2222817582078278,0.22228205053089187,0.1789247682318091,37763.94546533152,0.8049447438714484,37763.94546532806,-9.151797631711752e-12
Ablated PINN,2,462,True,optimal,2.923230640590191e-07,0.18187325401231647,0.18187354633538053,0.1674471567384898,36922.44588513418,0.9206790108425774,36922.445885133944,-6.305937704620283e-13
Ablated PINN,2,463,True,optimal,2.923230640590191e-07,0.20806920528411865,0.2080694976071827,0.1599371540360152,37739.65302251959,0.7686717941615967,37739.653022519444,-3.8558688442852384e-13
Ablated PINN,2,464,True,optimal,2.923230640590191e-07,0.2243415331467986,0.22434182546986267,0.1710753277875483,38200.83324954433,0.7625654620098025,38200.83324954336,-2.5522435961844074e-12
Ablated PINN,2,465,True,optimal,2.923230640590191e-07,0.2535568098537624,0.2535571021768264,0.1681939489208161,36710.42924356974,0.6633375577999803,36710.42924356973,-3.963973052948104e-14
Ablated PINN,2,466,True,optimal,2.923230640590191e-07,0.25662798061966896,0.256628272942733,0.1739074210636317,37556.3774048284,0.6776627495850366,37556.377404826286,-5.637667453664388e-12
Ablated PINN,2,467,True,optimal,2.923230640590191e-07,0.26626942912116647,0.2662697214442305,0.157432812731713,38592.81516958965,0.5912531544247959,38592.815169588925,-1.8853140363589573e-12
Ablated PINN,2,468,True,optimal,2.923230640590191e-07,0.2551427069120109,0.25514299923507494,0.1681976476684212,36629.483642808365,0.6592289350391033,36629.48364280566,-7.38928306735125e-12
Ablated PINN,2,469,True,optimal,2.923230640590191e-07,0.23279595002532005,0.2327962423483841,0.1602817373350262,38091.71101796326,0.6885065485514215,38091.711017961745,-3.9730407044106395e-12
Ablated PINN,2,470,True,optimal,2.923230640590191e-07,0.2728849151171744,0.2728852074402384,0.1550038200803101,38259.008655203404,0.5680184042744633,38259.0086552028,-1.578463486651504e-12
Ablated PINN,2,471,True,optimal,2.923230640590191e-07,0.24066708097234368,0.24066737329540774,0.1651594182476401,38173.33483881843,0.6862559556210172,38173.33483882476,1.6582473475444238e-11
Ablated PINN,2,472,True,optimal,2.923230640590191e-07,0.23322201380506158,0.23322230612812564,0.1747247958555817,36802.878424429,0.7491770352343267,36802.87842442882,-4.942519393641907e-13
Ablated PINN,2,473,True,optimal,2.923230640590191e-07,0.289049229118973,0.28904952144203705,0.1697152792476117,36834.69907760811,0.5871494905126304,36834.69907760782,-7.901199462879821e-13
Ablated PINN,2,474,True,optimal,2.923230640590191e-07,0.2387511427514255,0.23875143507448957,0.1804246907122433,37916.82860834288,0.7557009684819338,37916.82860834371,2.1875752758351834e-12
Ablated PINN,2,475,True,optimal,2.923230640590191e-07,0.2888772343285382,0.2888775266516022,0.1652134880423545,38452.62701430416,0.571915337123502,38452.627014302794,-3.557312302635761e-12
Ablated PINN,2,476,True,optimal,2.923230640590191e-07,0.2749541588127613,0.27495445113582534,0.159290880896151,38140.91746684177,0.5793355235317234,38140.91746684166,-2.861477160522762e-13
Ablated PINN,2,477,True,optimal,2.923230640590191e-07,0.27023092238232493,0.27023121470538897,0.1729931975714862,36500.63111090841,0.640167338773526,36500.63111090767,-2.033246149612231e-12
Ablated PINN,2,478,True,optimal,2.923230640590191e-07,0.27842538012191653,0.27842567244498057,0.1656261207535863,38235.8816351454,0.5948665555842934,38235.8816351446,-2.0932048728399442e-12
Ablated PINN,2,479,True,optimal,2.923230640590191e-07,0.20827081613242626,0.20827110845549032,0.1663273028098046,38087.47693235246,0.7986095817286653,38087.476932352496,9.551640329321795e-14
Ablated PINN,2,480,True,optimal,2.923230640590191e-07,0.21989798685535789,0.21989827917842195,0.1786074908450245,37407.79141104826,0.8122277787363004,37407.79141104812,-3.6955722178416407e-13
Ablated PINN,2,481,True,optimal,2.923230640590191e-07,0.20604211604222655,0.2060424083652906,0.1703198752366006,38708.18664632728,0.8266253369289013,38708.18664632421,-7.932311945376903e-12
Ablated PINN,2,482,True,optimal,2.923230640590191e-07,0.21008325507864356,0.21008354740170762,0.1643709153868258,37737.632514762365,0.782407368019766,37737.63251476316,2.1015610336333454e-12
Ablated PINN,2,483,True,optimal,2.923230640590191e-07,0.19663994759321213,0.1966402399162762,0.1649042228236794,37525.80746112476,0.8386087348850414,37525.80746112228,-6.611720611227009e-12
Ablated PINN,2,484,True,optimal,2.923230640590191e-07,0.19273502891883254,0.1927353212418966,0.180173791013658,37002.30188211227,0.934824970600625,37002.30188211309,2.22197854885398e-12
Ablated PINN,2,485,True,optimal,2.923230640590191e-07,0.15487742191180587,0.15487771423486993,0.1616177652031183,36824.61424910403,1.0435185333251185,36824.6142491029,-3.06255327637511e-12
Ablated PINN,2,486,True,optimal,2.923230640590191e-07,0.17103630304336548,0.17103659536642954,0.1572845829650759,37553.28486898609,0.9195960819268456,37553.28486898614,1.3562516162559894e-13
Ablated PINN,2,487,True,optimal,2.923230640590191e-07,0.23629031935706735,0.2362906116801314,0.1664084489457309,37719.161807789606,0.7042533250157201,37719.16180778961,1.928981786833032e-14
Ablated PINN,2,488,True,optimal,2.923230640590191e-07,0.14581600576639175,0.14581629808945581,0.1689285202883184,35906.810683409625,1.158502324511651,35906.810683412084,6.8490451443248905e-12
Ablated PINN,2,489,True,optimal,2.923230640590191e-07,0.1464217328466475,0.14642202516971156,0.167945226188749,36518.85773134938,1.1469942858261304,36518.857731346776,-7.132733572993436e-12
Ablated PINN,2,490,True,optimal,2.923230640590191e-07,0.1496339370496571,0.14963422937272117,0.1624270137399435,37071.05915200899,1.085493703017356,37071.05915200813,-2.315992631753863e-12
Ablated PINN,2,491,True,optimal,2.923230640590191e-07,0.18616668321192265,0.1861669755349867,0.1605132520198822,37108.33273370477,0.8622004604125754,37108.33273370033,-1.1960478463158325e-11
Ablated PINN,2,492,True,optimal,2.923230640590191e-07,0.1931701903231442,0.19317048264620826,0.1519833439961075,37053.44863084352,0.7867834770308308,37053.44863084209,-3.868367730827068e-12
Ablated PINN,2,493,True,optimal,2.923230640590191e-07,0.26381306536495686,0.2638133576880209,0.17297432012856,38317.002092070165,0.65566930213259,38317.002092066934,-8.431048892956084e-12
Ablated PINN,2,494,True,optimal,2.923230640590191e-07,0.1532448590733111,0.15324515139637515,0.1643035942688584,36055.33755714969,1.0721617798130534,36055.337557149585,-2.825196309342795e-13
Ablated PINN,2,495,True,optimal,2.923230640590191e-07,0.15726860705763102,0.15726889938069508,0.162225276697427,37652.181725531,1.0315153049092955,37652.181725531336,8.889101106868661e-13
Ablated PINN,2,496,True,optimal,2.923230640590191e-07,0.1510171638801694,0.15101745620323345,0.1588904280215501,37722.04300345368,1.0521328594471986,37722.043003453655,-5.786503355757218e-14
Ablated PINN,2,497,True,optimal,2.923230640590191e-07,0.14777285093441606,0.14777314325748012,0.1765229487791657,37204.799260693006,1.1945536576398856,37204.79926069231,-1.8774242700983146e-12
Ablated PINN,2,498,True,optimal,2.923230640590191e-07,0.18597773415967822,0.18597802648274228,0.1832795981317758,37230.59901779537,0.9854906065947695,37230.59901779538,1.954295070757708e-14
Ablated PINN,2,499,True,optimal,2.923230640590191e-07,0.16471913363784552,0.16471942596090958,0.1641666949726641,37721.64044467261,0.9966444092126896,37721.640444670506,-5.574391054342335e-12
Ablated PINN,2,500,True,optimal,2.923230640590191e-07,0.17483754130080342,0.17483783362386748,0.1640047440305352,38079.57571521508,0.9380392140030872,38079.57571521448,-1.5859012886425837e-12
Ablated PINN,2,501,True,optimal,2.923230640590191e-07,0.16733637591823936,0.16733666824130342,0.1794212227687239,36316.530545026646,1.0722170140856055,36316.53054504908,6.176740175308242e-11
Ablated PINN,2,502,True,optimal,2.923230640590191e-07,0.1556891892105341,0.15568948153359816,0.1570291663520038,38609.62011822203,1.0086048511769021,38609.62011822236,8.480220515915599e-13
Ablated PINN,2,503,True,optimal,2.923230640590191e-07,0.16459940979257226,0.16459970211563632,0.1569332550279796,36516.20739470637,0.9534236879586161,36516.2073947051,-3.4669992181374407e-12
Ablated PINN,2,504,True,optimal,2.923230640590191e-07,0.15505352430045605,0.1550538166235201,0.1627647872082889,37936.529275429886,1.0497309305419518,37936.529275430075,4.986615844462366e-13
Ablated PINN,2,505,True,optimal,2.923230640590191e-07,0.25568809593096375,0.2556883882540278,0.1631903205998242,35896.31007549137,0.638239075752215,35896.310075486566,-1.3377787341545652e-11
Ablated PINN,2,506,True,optimal,2.923230640590191e-07,0.2292246143333614,0.22922490665642545,0.1606509038247168,36373.42153754244,0.7008440145882968,36373.421537541355,-2.9805215970523144e-12
Ablated PINN,2,507,True,optimal,2.923230640590191e-07,0.19662453467026353,0.1966248269933276,0.1607295661233365,37452.18108173199,0.8174428864407383,37452.18108173034,-4.4100031846349725e-12
Ablated PINN,2,508,True,optimal,2.923230640590191e-07,0.21694675786420703,0.2169470501872711,0.1758668818511068,38696.94636532026,0.8106442641155829,38696.94636532027,1.8802407677066868e-14
Ablated PINN,2,509,True,optimal,2.923230640590191e-07,0.2213160740211606,0.22131636634422466,0.1697102920152247,37914.53257223582,0.766822150654984,37914.532572235024,-2.0917556571085154e-12
Ablated PINN,2,510,True,optimal,2.923230640590191e-07,0.16467997524887323,0.1646802675719373,0.1721428367309272,35624.992067426465,1.0453155029987429,35624.99206742395,-7.066615845816039e-12
Ablated PINN,2,511,True,optimal,2.923230640590191e-07,0.15869941608980298,0.15869970841286704,0.1633629011921584,38033.07018102202,1.0293837514002218,38033.07018102301,2.601762704980646e-12
Ablated PINN,2,512,True,optimal,2.923230640590191e-07,0.15837679104879498,0.15837708337185905,0.1642370293848216,36957.4052685325,1.0369999616624066,36957.405268532544,1.1812448782022956e-13
Ablated PINN,2,513,True,optimal,2.923230640590191e-07,0.16145317489281297,0.16145346721587703,0.1634258991107344,39633.46116612954,1.0122167205750996,39633.46116610006,-7.438709460446137e-11
Ablated PINN,2,514,True,optimal,2.923230640590191e-07,0.1575803905725479,0.15758068289561197,0.1668271729722619,38761.83152187966,1.058677814480441,38761.831521876695,-7.658540863610057e-12
Ablated PINN,2,515,True,optimal,2.923230640590191e-07,0.2051675277762115,0.20516782009927556,0.1597311091609299,37981.683887864725,0.7785388034226811,37981.683887864594,-3.4481682655767174e-13
Ablated PINN,2,516,True,optimal,2.923230640590191e-07,0.2270316150970757,0.22703190742013976,0.1497011678293347,38857.10835058162,0.6593838263989094,38857.10835058153,-2.2469889056706972e-13
Ablated PINN,2,517,True,optimal,2.923230640590191e-07,0.24172911792993546,0.24172941025299952,0.1632240992039442,37630.81896824646,0.6752347553949275,37630.81896824419,-6.032552141745249e-12
Ablated PINN,2,518,True,optimal,2.923230640590191e-07,0.25618745386600494,0.256187746189069,0.1537405638955533,38151.6266859253,0.600108967671277,38151.62668592397,-3.4900222062792857e-12
Ablated PINN,2,519,True,optimal,2.923230640590191e-07,0.26621656678617,0.26621685910923404,0.1594648258760571,37204.14432204828,0.5990034831363761,37204.1443220449,-9.093933894322189e-12
Ablated PINN,2,520,True,optimal,2.923230640590191e-07,0.1730740237981081,0.17307431612117216,0.1644031559117138,37249.83784793721,0.9498992085955288,37249.83784793743,5.859857143984599e-13
Ablated PINN,2,521,True,optimal,2.923230640590191e-07,0.21738356910645962,0.21738386142952368,0.1607491271570325,37748.4401843529,0.7394713025150108,37748.440184352214,-1.811836495476552e-12
Ablated PINN,2,522,True,optimal,2.923230640590191e-07,0.17200737679377198,0.17200766911683604,0.1847922513261437,37425.95054747561,1.0743256523092801,37425.950547475535,-1.9440942735585888e-13
Ablated PINN,2,523,True,optimal,2.923230640590191e-07,0.1745543908327818,0.17455468315584585,0.171496971976012,38375.5942804094,0.9824827892064982,38375.59428040871,-1.8011863693803139e-12
Ablated PINN,2,524,True,optimal,2.923230640590191e-07,0.18557256925851107,0.18557286158157513,0.1807770980522036,37022.61104101281,0.9741569780812839,37022.611041014854,5.522420034936604e-12
Ablated PINN,2,525,True,optimal,2.923230640590191e-07,0.2220752532593906,0.22207554558245465,0.1563175711780786,38966.67967789752,0.7038936717146972,38966.679677895925,-4.089223743664232e-12
Ablated PINN,2,526,True,optimal,2.923230640590191e-07,0.1888333852402866,0.18883367756335065,0.1727888570167124,37347.141093703816,0.9150319966561289,37347.141093704086,7.208327701693121e-13
Ablated PINN,2,527,True,optimal,2.923230640590191e-07,0.19490744080394506,0.19490773312700913,0.161790772806853,38356.37521541835,0.8300890385987103,38356.37521541635,-5.216573079867392e-12
Ablated PINN,2,528,True,optimal,2.923230640590191e-07,0.18006037781015038,0.18006067013321445,0.1686766077764332,37414.84558072604,0.9367765190012957,37414.84558072604,0.0
Ablated PINN,2,529,True,optimal,2.923230640590191e-07,0.20890820072963834,0.2089084930527024,0.1702138897962868,35692.177578481154,0.8147772611300493,35692.177578479466,-4.729389689880577e-12
Ablated PINN,2,530,True,optimal,2.923230640590191e-07,0.2303132270462811,0.23031351936934516,0.1525644427165389,37037.8463089636,0.6624206999845156,37037.84630896108,-6.797051085279235e-12
Ablated PINN,2,531,True,optimal,2.923230640590191e-07,0.23944327142089605,0.23944356374396011,0.1691260430961847,38034.75219346754,0.7063294600686499,38034.75219346754,0.0
Ablated PINN,2,532,True,optimal,2.923230640590191e-07,0.21762125799432397,0.21762155031738803,0.1574206496588885,38521.110639704326,0.7233688457292022,38521.110639701496,-7.347523124112804e-12
Ablated PINN,2,533,True,optimal,2.923230640590191e-07,0.2289281222037971,0.22892841452686116,0.1743386453017592,37877.11261677823,0.7615421862859374,37877.11261677651,-4.533413130827354e-12
Ablated PINN,2,534,True,optimal,2.923230640590191e-07,0.20270611811429262,0.20270641043735668,0.1755884899757802,38005.62439794651,0.866220706078968,38005.62439795527,2.3049885658371586e-11
Ablated PINN,2,535,True,optimal,2.923230640590191e-07,0.22058716509491205,0.2205874574179761,0.1611110898666083,36909.8820842901,0.7303728496282085,36909.88208428338,-1.8194880337343857e-11
Ablated PINN,2,536,True,optimal,2.923230640590191e-07,0.21835366310551763,0.2183539554285817,0.1906736488454044,37857.63728472696,0.8732319433882165,37857.637284724355,-6.880494961391918e-12
Ablated PINN,2,537,True,optimal,2.923230640590191e-07,0.23738946486264467,0.23738975718570873,0.1686389078386128,37075.59607166222,0.710388307557379,37075.59607166379,4.238925361107916e-12
Ablated PINN,2,538,True,optimal,2.923230640590191e-07,0.23628012323752046,0.23628041556058452,0.153452246915549,38089.40794411606,0.6494497080999183,38089.407944115985,-1.9102312183110199e-13
Ablated PINN,2,539,True,optimal,2.923230640590191e-07,0.2403459521010518,0.24034624442411587,0.1732032489962875,37771.52794192654,0.7206405467715669,37771.52794192556,-2.6005150742775655e-12
Ablated PINN,2,540,True,optimal,2.923230640590191e-07,0.20238126209005713,0.2023815544131212,0.1874021664261818,37001.506488177045,0.9259844207127592,37001.50648818048,9.28138424577905e-12
Ablated PINN,2,541,True,optimal,2.923230640590191e-07,0.13797564897686243,0.1379759412999265,0.1572774942032992,38823.19473635722,1.1398907137108474,38823.194736356476,-1.9116089793396153e-12
Ablated PINN,2,542,True,optimal,2.923230640590191e-07,0.18526297574862838,0.18526326807169244,0.1814208501018583,39058.739085027584,0.9792596880653793,39058.73908502754,-1.1176947005397608e-13
Ablated PINN,2,543,True,optimal,2.923230640590191e-07,0.176800814922899,0.17680110724596307,0.1840207930654287,38355.62264035055,1.0408350712952363,38355.62264035305,6.52558672491993e-12
Ablated PINN,2,544,True,optimal,2.923230640590191e-07,0.171769879758358,0.17177017208142206,0.1694456427358091,36861.37798766048,0.9864672118712724,36861.3779876641,9.810134975039962e-12
Ablated PINN,2,545,True,optimal,2.923230640590191e-07,0.21779363369569182,0.21779392601875588,0.1812365017831325,37861.57927693827,0.8321467228040366,37861.57927693827,0.0
Ablated PINN,2,546,True,optimal,2.923230640590191e-07,0.21336678136140108,0.21336707368446514,0.1795823317952454,38348.31707537076,0.8416590652633601,38348.31707536786,-7.570363732920395e-12
Ablated PINN,2,547,True,optimal,2.923230640590191e-07,0.19794474868103862,0.19794504100410268,0.1721923486329615,38819.69082451244,0.8698997851095072,38819.69082451155,-2.3053836018174972e-12
Ablated PINN,2,548,True,optimal,2.923230640590191e-07,0.15331825008615851,0.15331854240922257,0.1568663530051708,37912.18444165716,1.0231401273466243,37912.18444165727,2.8787411176664145e-13
Ablated PINN,2,549,True,optimal,2.923230640590191e-07,0.17541740322485566,0.17541769554791972,0.1695985170081257,38415.88485526476,0.9668267302131764,38415.88485526477,1.893997142483178e-14
Ablated PINN,2,550,True,optimal,2.923230640590191e-07,0.22315253224223852,0.22315282456530258,0.1776843862608075,38824.18132568059,0.7962452933631168,38824.18132568063,9.370394127758054e-14
Ablated PINN,2,551,True,optimal,2.923230640590191e-07,0.21967916982248425,0.21967946214554832,0.165245640091598,37361.85104174569,0.7522125121651779,37361.85104174549,-5.452802993339513e-13
Ablated PINN,2,552,True,optimal,2.923230640590191e-07,0.23932951875030994,0.239329811073374,0.1715954747051,37478.24727886228,0.7169832873535845,37478.24727886252,6.212420818974264e-13
Ablated PINN,2,553,True,optimal,2.923230640590191e-07,0.23028811905533075,0.23028841137839481,0.1806672159582376,37965.82034292765,0.7845258685699866,37965.82034292768,7.665797866041693e-14
Ablated PINN,2,554,True,optimal,2.923230640590191e-07,0.26122447196394205,0.2612247642870061,0.1817612587474286,36150.775536377536,0.6958040875011704,36150.77553637776,6.23927654920478e-13
Ablated PINN,2,555,True,optimal,2.923230640590191e-07,0.1865825499407947,0.18658284226385877,0.1592718544416129,36622.720950537245,0.8536254057936171,36622.72095053716,-2.3840798581876065e-13
Ablated PINN,2,556,True,optimal,2.923230640590191e-07,0.14977739797905087,0.14977769030211494,0.175411042291671,37333.52835667768,1.1711426577473008,37333.52835668049,7.522781164005505e-12
Ablated PINN,2,557,True,optimal,2.923230640590191e-07,0.1442188136279583,0.14421910595102236,0.1693641580641269,38048.443557786806,1.1743531271206462,38048.4435577831,-9.7335451317336e-12
Ablated PINN,2,558,True,optimal,2.923230640590191e-07,0.2367737339809537,0.23677402630401775,0.1781026069074869,38082.80898777679,0.7522050019067683,38082.80898777986,8.062572574861562e-12
Ablated PINN,2,559,True,optimal,2.923230640590191e-07,0.19466153671965003,0.1946618290427141,0.1760990801267326,37758.87499712498,0.9046410433557144,37758.874997121995,-7.900507157700927e-12
Ablated PINN,2,560,True,optimal,2.923230640590191e-07,0.16760999197140336,0.16761028429446742,0.1799452053382992,37431.88469460471,1.073592865114178,37431.884694602355,-6.2978668753358764e-12
Ablated PINN,2,561,True,optimal,2.923230640590191e-07,0.1850141049362719,0.18501439725933597,0.1780317248776555,38247.70778692276,0.9622587621011309,38247.70778692279,7.609300567466836e-14
Ablated PINN,2,562,True,optimal,2.923230640590191e-07,0.19311183784157038,0.19311213016463444,0.1575309168547392,38414.98712885366,0.8157484292697662,38414.98712885249,-3.0494066598389306e-12
Ablated PINN,2,563,True,optimal,2.923230640590191e-07,0.1962545937858522,0.19625488610891625,0.160420096013695,39938.52222221035,0.817406889552121,39938.52222220921,-2.841991452506468e-12
Ablated PINN,2,564,True,optimal,2.923230640590191e-07,0.21885361894965172,0.21885391127271578,0.1547773270867765,37680.364376736085,0.7072175506788504,37680.364376734076,-5.329471555626647e-12
Ablated PINN,2,565,True,optimal,2.923230640590191e-07,0.20701851602643728,0.20701880834950134,0.1631285562179982,36836.13257179828,0.7879890601176439,36836.13257179791,-1.007363727992033e-12
Ablated PINN,2,566,True,optimal,2.923230640590191e-07,0.2338253860361874,0.23382567835925147,0.1590021131560206,37564.968212357126,0.6800027878534736,37564.96821235381,-8.832262690365403e-12
Ablated PINN,2,567,True,optimal,2.923230640590191e-07,0.24088416807353497,0.24088446039659903,0.164667597040534,37869.26785594437,0.6835957652453819,37869.26785594447,2.6898699754655644e-13
Ablated PINN,2,568,True,optimal,2.923230640590191e-07,0.2510786270722747,0.2510789193953387,0.1690981755964458,36667.9221428852,0.6734861532926651,36667.9221428831,-5.7345811478085456e-12
Ablated PINN,2,569,True,optimal,2.923230640590191e-07,0.18567195814102888,0.18567225046409294,0.1714541926048696,38463.55285720315,0.9234238943962552,38463.55285720324,2.459144877633709e-13
Ablated PINN,2,570,True,optimal,2.923230640590191e-07,0.2615666058845818,0.26156689820764584,0.1675918260589242,37382.42831125197,0.640722611337008,37382.428311251984,3.892715344012786e-14
Ablated PINN,2,571,True,optimal,2.923230640590191e-07,0.2020725761540234,0.20207286847708747,0.1599842528812587,37103.00158866489,0.7917156523138034,37103.00158866417,-1.941405743367727e-12
Ablated PINN,2,572,True,optimal,2.923230640590191e-07,0.22661294089630246,0.22661323321936652,0.1559554561972618,36590.04738425717,0.6882010109546143,36590.047384256504,-1.8095416382968798e-12
Ablated PINN,2,573,True,optimal,2.923230640590191e-07,0.2190849739126861,0.21908526623575017,0.1549570029601454,37426.33181633952,0.7072908444395409,37426.33181633455,-1.3297469366016575e-11
Ablated PINN,2,574,True,optimal,2.923230640590191e-07,0.1721953139640391,0.17219560628710315,0.1555461590178311,37958.056009977736,0.9033108473074958,37958.05600997696,-2.0510203802665266e-12
Ablated PINN,2,575,True,optimal,2.923230640590191e-07,0.2305811597034335,0.23058145202649757,0.1724221939221024,37439.323897526585,0.7477713077385265,37439.32389752654,-1.1660399051165733e-13
Ablated PINN,2,576,True,optimal,2.923230640590191e-07,0.2534513482823968,0.2534516406054608,0.171226954087615,37099.05202235135,0.6755803737493179,37099.052022348005,-9.021633492165565e-12
Ablated PINN,2,577,True,optimal,2.923230640590191e-07,0.25569218397140503,0.25569247629446906,0.1728495657444,36743.91357578194,0.6760056777945129,36743.91357577971,-6.059351912387432e-12
Ablated PINN,2,578,True,optimal,2.923230640590191e-07,0.2532349149696529,0.2532352072927169,0.1570983328856527,36601.21135182778,0.6203652902973372,36601.21135182366,-1.1251518344684968e-11
Ablated PINN,2,579,True,optimal,2.923230640590191e-07,0.2046191762201488,0.20461946854321286,0.1714877081103623,37549.68182393258,0.8380810942930702,37549.68182393258,0.0
Ablated PINN,2,580,True,optimal,2.923230640590191e-07,0.18611371610313654,0.1861140084262006,0.1705339280888438,37363.30276432997,0.9162874387097264,37363.30276432836,-4.323125823584259e-12
Ablated PINN,2,581,True,optimal,2.923230640590191e-07,0.19692431157454848,0.19692460389761254,0.1740403389558196,37873.25122104594,0.8837917431907534,37873.25122104597,7.684534471801798e-14
Ablated PINN,2,582,True,optimal,2.923230640590191e-07,0.1424942729063332,0.14249456522939727,0.1615061978809535,37258.21140373022,1.1334200544487436,37258.211403730005,-5.858540176827949e-13
Ablated PINN,2,583,True,optimal,2.923230640590191e-07,0.1965242102742195,0.19652450259728357,0.1572399181313812,37640.79111631284,0.8001033766949456,37640.79111630811,-1.2564487379144385e-11
Ablated PINN,2,584,True,optimal,2.923230640590191e-07,0.20873592514544725,0.20873621746851131,0.1775986328721046,35713.589826592695,0.850828069158128,35713.58982659521,7.0490850870245575e-12
Ablated PINN,2,585,True,optimal,2.923230640590191e-07,0.20300165098160505,0.2030019433046691,0.169917466584593,36929.288079933925,0.8370238423263647,36929.28807993244,-4.019290461491276e-12
Ablated PINN,2,586,True,optimal,2.923230640590191e-07,0.21797173796221614,0.2179720302852802,0.1705687860958278,37172.61387443121,0.782526023511313,37172.613874434646,9.238661573532204e-12
Ablated PINN,2,587,True,optimal,2.923230640590191e-07,0.21668252302333713,0.2166828153464012,0.163940146099776,37595.73854201515,0.7565904376758821,37595.7385420113,-1.023781345218581e-11
Ablated PINN,2,588,True,optimal,2.923230640590191e-07,0.21276087407022715,0.2127611663932912,0.1505248839966952,37080.56019575969,0.7074828858498002,37080.56019575731,-6.416402900272407e-12
Ablated PINN,2,589,True,optimal,2.923230640590191e-07,0.23831574711948633,0.2383160394425504,0.168629236984998,37300.86718111226,0.7075866038200445,37300.86718111054,-4.622954062136774e-12
Ablated PINN,2,590,True,optimal,2.923230640590191e-07,0.22999640926718712,0.22999670159025118,0.1623016390949487,38163.83914282164,0.7056694203558446,38163.83914280189,-5.176162924432522e-11
Ablated PINN,2,591,True,optimal,2.923230640590191e-07,0.19606323074549437,0.19606352306855843,0.1686473372392356,37354.040536243774,0.8601668204251534,37354.04053624248,-3.4671495686471293e-12
Ablated PINN,2,592,True,optimal,2.923230640590191e-07,0.24412252707406878,0.24412281939713285,0.1620224779471755,37744.61302564658,0.6636924739247806,37744.6130256457,-2.3132172877458037e-12
Ablated PINN,2,593,True,optimal,2.923230640590191e-07,0.25046996772289276,0.2504702600459568,0.1687562838196754,37312.76999944803,0.6737577698394678,37312.76999944477,-8.735960935632479e-12
Ablated PINN,2,594,True,optimal,2.923230640590191e-07,0.25115152494981885,0.2511518172728829,0.159396689850837,35729.817543693614,0.6346626975732707,35729.81754369278,-2.341839906145223e-12
Ablated PINN,2,595,True,optimal,2.923230640590191e-07,0.18424059683457017,0.18424088915763423,0.1721705789677798,38690.52729376181,0.9344862573935625,38690.52729376172,-2.2566632578377553e-13
Ablated PINN,2,596,True,optimal,2.923230640590191e-07,0.1803928599692881,0.18039315229235217,0.1682639122009277,37341.88124939741,0.9327621922601178,37341.88124939735,-1.558776873738966e-13
Ablated PINN,2,597,True,optimal,2.923230640590191e-07,0.16271610092371702,0.16271639324678108,0.1665353742428124,36663.06513727508,1.0234701674479676,36663.06513727509,1.9845470058055815e-14
Ablated PINN,2,598,True,optimal,2.923230640590191e-07,0.19369981391355395,0.193700106236618,0.1728351963683962,36623.31041220771,0.8922824035897332,36623.31041220581,-5.205157244006612e-12
Ablated PINN,2,599,True,optimal,2.923230640590191e-07,0.1483004167675972,0.14830070909066126,0.1694016889669001,37656.675645906726,1.1422850909184736,37656.67564590502,-4.521307450845017e-12
Ablated PINN,2,600,True,optimal,2.923230640590191e-07,0.1852506110444665,0.18525090336753056,0.1682600053027272,38557.60074312643,0.908281699274124,38557.600743126604,4.528886117778784e-13
Ablated PINN,2,601,True,optimal,2.923230640590191e-07,0.15552401496097445,0.15552430728403852,0.1734674633480608,38007.86038231956,1.1153720365476516,38007.86038232064,2.8523512599978893e-12
Ablated PINN,2,602,True,optimal,2.923230640590191e-07,0.16818103613331914,0.1681813284563832,0.1564113777130842,36604.13483947123,0.9300163053097094,36604.13483947021,-2.8027162179874728e-12
Ablated PINN,2,603,True,optimal,2.923230640590191e-07,0.17009941674768925,0.1700997090707533,0.1556370640173554,38022.68595017272,0.9149754862462336,38022.6859501725,-5.932108171823185e-13
Ablated PINN,2,604,True,optimal,2.923230640590191e-07,0.16768101090565324,0.1676813032287173,0.165866516996175,37048.7719935187,0.989177170038648,37048.771993517206,-4.025966936686963e-12
Ablated PINN,2,605,True,optimal,2.923230640590191e-07,0.1469453638419509,0.14694565616501495,0.172681295312941,36519.47378091206,1.175137120889275,36519.473780910484,-4.3233996517853746e-12
Ablated PINN,2,606,True,optimal,2.923230640590191e-07,0.16194275068119168,0.16194304300425574,0.1715656672604382,36882.57600933843,1.0594198063570386,36882.576009338496,1.7754621724651447e-13
Ablated PINN,2,607,True,optimal,2.923230640590191e-07,0.1593541377224028,0.15935443004546687,0.1730672479607164,38075.64961115748,1.0860523169097778,38075.64961115623,-3.2867849200735024e-12
Ablated PINN,2,608,True,optimal,2.923230640590191e-07,0.16213548416271806,0.16213577648578212,0.1872017201967537,38491.54214369286,1.1545984745271174,38491.54214369282,-9.451371923501445e-14
Ablated PINN,2,609,True,optimal,2.923230640590191e-07,0.15527641819790006,0.15527671052096412,0.1676798448897898,37789.847613833,1.0798776218739585,37789.84761383168,-3.5041800097035856e-12
Ablated PINN,2,610,True,optimal,2.923230640590191e-07,0.15224204678088427,0.15224233910394833,0.1617634547874331,37372.46372976417,1.0625392104425295,37372.46372976389,-7.398131183916862e-13
Ablated PINN,2,611,True,optimal,2.923230640590191e-07,0.1568870171904564,0.15688730951352045,0.1752375401556491,36281.41759193647,1.116964403934451,36281.417591938414,5.354478440827887e-12
Ablated PINN,2,612,True,optimal,2.923230640590191e-07,0.16514752199873328,0.16514781432179734,0.1605677963234484,38308.97673457923,0.9722671594706994,38308.976734578486,-1.9372683373628643e-12
Ablated PINN,2,613,True,optimal,2.923230640590191e-07,0.18145956518128514,0.1814598575043492,0.1704759881831705,36536.96975603781,0.9394694260634728,36536.9697560363,-4.1421037208485526e-12
Ablated PINN,2,614,True,optimal,2.923230640590191e-07,0.15629768185317516,0.15629797417623922,0.1850780188106,37492.52280636031,1.184135749590131,37492.522806358385,-5.1427021268131786e-12
Ablated PINN,2,615,True,optimal,2.923230640590191e-07,0.14380578696727753,0.1438060792903416,0.163959820754826,37918.40512496982,1.1401452675988366,37918.405124975194,1.4180271187990352e-11
Ablated PINN,2,616,True,optimal,2.923230640590191e-07,0.1653342372737825,0.16533452959684655,0.171635468956083,37663.46139270252,1.0381102445726293,37663.46139270252,0.0
Ablated PINN,2,617,True,optimal,2.923230640590191e-07,0.15364592196419835,0.1536462142872624,0.1589676029980182,37951.21771414124,1.0346340372617755,37951.21771413791,-8.780715845263398e-12
Ablated PINN,2,618,True,optimal,2.923230640590191e-07,0.19220110587775707,0.19220139820082113,0.1698389668017625,37684.46763328472,0.883651047243198,37684.46763328655,4.846201832892539e-12
Ablated PINN,2,619,True,optimal,2.923230640590191e-07,0.16458106599748135,0.1645813583205454,0.1698246961459517,38145.96579780013,1.0318586374478338,38145.965797800054,-1.9073989770637894e-13
Ablated PINN,2,620,True,optimal,2.923230640590191e-07,0.1710093766450882,0.17100966896815226,0.1671525379642844,38958.3404683907,0.9774449536851265,38958.34046839066,-9.338125709033805e-14
Ablated PINN,2,621,True,optimal,2.923230640590191e-07,0.17265784228220582,0.17265813460526988,0.1574033419601619,38761.37495917448,0.9116474142386433,38761.37495917382,-1.6894039129577222e-12
Ablated PINN,2,622,True,optimal,2.923230640590191e-07,0.21943511767312884,0.2194354099961929,0.1671149837784469,37582.542071853306,0.7615679884178504,37582.542071855714,6.4081401563796655e-12
Ablated PINN,2,623,True,optimal,2.923230640590191e-07,0.15863253781571984,0.1586328301387839,0.1781733152456581,37791.51525748618,1.1231805868292126,37791.515257513944,7.346901564161001e-11
Ablated PINN,2,624,True,optimal,2.923230640590191e-07,0.20581349823623896,0.20581379055930302,0.1637782407924533,36773.56372652529,0.7957593140254727,36773.56372652426,-2.789803107551036e-12
Ablated PINN,2,625,True,optimal,2.923230640590191e-07,0.16635772492736578,0.16635801725042984,0.1686274372041225,38331.19212806325,1.0136417828921123,38331.19212806209,-3.037091083366128e-12
Ablated PINN,2,626,True,optimal,2.923230640590191e-07,0.201998352073133,0.20199864439619705,0.1651300429366529,37614.469044654,0.8174809461234273,37614.46904465224,-4.661785290486308e-12
Ablated PINN,2,627,True,optimal,2.923230640590191e-07,0.17160462215542793,0.171604914478492,0.1601873021572828,37084.45601039876,0.9334657031477953,37084.45601039587,-7.789126452389776e-12
Ablated PINN,2,628,True,optimal,2.923230640590191e-07,0.20261303428560495,0.20261332660866901,0.1638651969842612,37533.52111676674,0.8087582378070982,37533.521116765434,-3.469955320437642e-12
Ablated PINN,2,629,True,optimal,2.923230640590191e-07,0.20176428696140647,0.20176457928447053,0.1606693435460329,37985.24670680965,0.7963208612523761,37985.246706808925,-1.9154693584967707e-12
Ablated PINN,2,630,True,optimal,2.923230640590191e-07,0.1917725382372737,0.19177283056033775,0.1578375580720603,36924.0680826126,0.8230444198527884,36924.06808262267,2.7271982370685072e-11
Ablated PINN,2,631,True,optimal,2.923230640590191e-07,0.2004561461508274,0.20045643847389147,0.1573000270873308,38480.93589813893,0.7847092779103645,38480.935898139534,1.5693601724651173e-12
Ablated PINN,2,632,True,optimal,2.923230640590191e-07,0.18544854689389467,0.18544883921695873,0.1655058888718485,36557.96985656361,0.8924611745788349,36557.969856566335,7.4435428399918e-12
Ablated PINN,2,633,True,optimal,2.923230640590191e-07,0.20083926292136312,0.20083955524442718,0.1673609879799187,37466.56928679344,0.833306903992273,37466.56928679336,-2.136185278758078e-13
Ablated PINN,2,634,True,optimal,2.923230640590191e-07,0.17364119784906507,0.17364149017212913,0.1846586731262505,37100.96912303606,1.0634478714920044,37100.96912303766,4.3144713277219205e-12
Ablated PINN,2,635,True,optimal,2.923230640590191e-07,0.19850015686824918,0.19850044919131324,0.1679514460265636,39737.489717246775,0.8461010879864219,39737.48971724542,-3.405670881245296e-12
Ablated PINN,2,636,True,optimal,2.923230640590191e-07,0.19269945519044995,0.192699747513514,0.1574904639273882,38607.15851359384,0.8172842256388706,38607.15851359151,-6.030763532412996e-12
Ablated PINN,2,637,True,optimal,2.923230640590191e-07,0.2487881062552333,0.24878839857829735,0.1626749513670802,37640.48354272492,0.6538687185443015,37640.48354272416,-2.010334407676146e-12
Ablated PINN,2,638,True,optimal,2.923230640590191e-07,0.23706792993471026,0.23706822225777432,0.1750158611685037,37252.25033096069,0.7382510380417058,37252.25033095957,-3.007865196409334e-12
Ablated PINN,2,639,True,optimal,2.923230640590191e-07,0.2670988067984581,0.26709909912152213,0.1857957220636308,37227.40016454239,0.6956059480346629,37227.400164544604,5.9415675146138704e-12
Ablated PINN,2,640,True,optimal,2.923230640590191e-07,0.25343081587925553,0.25343110820231957,0.1748093506321311,39076.710417470975,0.6897706910257323,39076.710417470524,-1.1544200298848184e-12
Ablated PINN,2,641,True,optimal,2.923230640590191e-07,0.22346121491864324,0.2234615072417073,0.1576945381239056,38569.05915622706,0.7056899421757467,38569.0591562264,-1.6978277396501742e-12
Ablated PINN,2,642,True,optimal,2.923230640590191e-07,0.23365985183045268,0.23366014415351674,0.1880073989741504,37575.21200452069,0.8046190318646209,37575.212004520814,3.291831844521247e-13
Ablated PINN,2,643,True,optimal,2.923230640590191e-07,0.20643179723992944,0.2064320895629935,0.1635166304185986,38012.89653501051,0.7921085852725475,38012.89653501046,-1.3398532588111257e-13
Ablated PINN,2,644,True,optimal,2.923230640590191e-07,0.24267531977966428,0.24267561210272834,0.1786040510050952,37396.072377311546,0.7359785742684738,37396.07237731153,-3.8912950754677644e-14
Ablated PINN,2,645,True,optimal,2.923230640590191e-07,0.24452737299725413,0.2445276653203182,0.1621865970082581,37416.59074364734,0.6632648162562805,37416.59074364562,-4.608656000692003e-12
Ablated PINN,2,646,True,optimal,2.923230640590191e-07,0.24244061019271612,0.24244090251578018,0.1734284628182649,36584.18876176514,0.7153432486788266,36584.188761765225,2.386590883257526e-13
Ablated PINN,2,647,True,optimal,2.923230640590191e-07,0.2407565121538937,0.24075680447695777,0.1599940657615661,37523.41014406827,0.6645463919873498,37523.410144063004,-1.4038684896824435e-11
Ablated PINN,2,648,True,optimal,2.923230640590191e-07,0.2608107612468302,0.26081105356989426,0.180485772434622,38405.33642391121,0.6920173434530218,38405.33642391454,8.657944284043834e-12
Ablated PINN,2,649,True,optimal,2.923230640590191e-07,0.23273660382255912,0.23273689614562318,0.1581447548232972,36798.41940173315,0.6795001456251536,36798.41940173324,2.570421515983092e-13
Ablated PINN,2,650,True,optimal,2.923230640590191e-07,0.23523010592907667,0.23523039825214073,0.1568699879571795,37232.962256969855,0.66687804434626,37232.962256972874,8.109809767609559e-12
Ablated PINN,2,651,True,optimal,2.923230640590191e-07,0.31306240102276206,0.3130626933458261,0.1619576923549175,37842.809430032416,0.5173330958857184,37842.80943002075,-3.082054485701021e-11
Ablated PINN,2,652,True,optimal,2.923230640590191e-07,0.25489023700356483,0.25489052932662887,0.1630979729816317,36002.513489220604,0.6398745901328887,36002.51348921816,-6.790419671942064e-12
Ablated PINN,2,653,True,optimal,2.923230640590191e-07,0.2677473919466138,0.2677476842696778,0.1693160221911966,38099.160962124224,0.6323715652407287,38099.16096213164,1.9460273196629293e-11
Ablated PINN,2,654,True,optimal,2.923230640590191e-07,0.23403706029057503,0.2340373526136391,0.16264045285061,35720.768100457884,0.6949337404235008,35720.768100456065,-5.092246052577296e-12
Ablated PINN,2,655,True,optimal,2.923230640590191e-07,0.16371616115793586,0.16371645348099992,0.1634236420504748,37347.46634704556,0.9982114721868252,37347.466347041714,-1.0305870663720439e-11
Ablated PINN,2,656,True,optimal,2.923230640590191e-07,0.14330037590116262,0.14330066822422668,0.1617733179591596,37605.37475176988,1.1289083293458775,37605.37475176976,-3.0957096584034385e-13
Ablated PINN,2,657,True,optimal,2.923230640590191e-07,0.23805413721129298,0.23805442953435704,0.1531194909475743,38077.26414023097,0.6432121059334266,38077.26414022966,-3.4395127909656393e-12
Ablated PINN,2,658,True,optimal,2.923230640590191e-07,0.21049275202676654,0.2104930443498306,0.1638615750707686,37447.92681995925,0.7784655097602063,37447.92681995739,-4.9545311294185885e-12
Ablated PINN,2,659,True,optimal,2.923230640590191e-07,0.23861996177583933,0.2386202540989034,0.169980120845139,37962.06283257602,0.7123457373181976,37962.062832573596,-6.382408396005146e-12
Ablated PINN,2,660,True,optimal,2.923230640590191e-07,0.253983021248132,0.253983313571196,0.1581276268698275,37367.42399750532,0.6225906129282054,37367.42399750293,-6.406087974451111e-12
Ablated PINN,2,661,True,optimal,2.923230640590191e-07,0.252462700009346,0.25246299233241004,0.1670366209000349,38363.98928723356,0.6616281434235045,38363.98928723354,-5.689677546076776e-14
Ablated PINN,2,662,True,optimal,2.923230640590191e-07,0.23975491430610418,0.23975520662916824,0.1580141521990299,36645.68375921567,0.6590645284439305,36645.68375921464,-2.8193933779560613e-12
Ablated PINN,2,663,True,optimal,2.923230640590191e-07,0.22879043081775308,0.22879072314081714,0.152494020294398,37446.828188039945,0.6665218685485789,37446.828188038475,-3.9248809824017885e-12
Ablated PINN,2,664,True,optimal,2.923230640590191e-07,0.23011995619162917,0.23012024851469323,0.164476778358221,38108.535981763365,0.7147427461070168,38108.53598176331,-1.5274179239350042e-13
Ablated PINN,2,665,True,optimal,2.923230640590191e-07,0.2257789969444275,0.22577928926749155,0.1514591760933399,37438.268796034914,0.6708284740585703,37438.26879605072,4.221183416387068e-11
Ablated PINN,2,666,True,optimal,2.923230640590191e-07,0.24796458892524242,0.24796488124830648,0.1716903648339212,36865.96248635169,0.6923979071939397,36865.96248635159,-2.565712180155399e-13
Ablated PINN,2,667,True,optimal,2.923230640590191e-07,0.23450100794434547,0.23450130026740953,0.1892892369069159,38619.15467743779,0.8071990931012458,38619.15467743665,-2.9579242605591544e-12
Ablated PINN,2,668,True,optimal,2.923230640590191e-07,0.25126151368021965,0.2512618060032837,0.152978153899312,35856.26849076382,0.6088396654178023,35856.26849076207,-4.870082417677768e-12
Ablated PINN,2,669,True,optimal,2.923230640590191e-07,0.23485498782247305,0.2348552801455371,0.1732061621733009,37636.145162876026,0.737501673651821,37636.14516287428,-4.639768020467964e-12
Ablated PINN,2,670,True,optimal,2.923230640590191e-07,0.22943524504080415,0.2294355373638682,0.1820418699644506,36525.320835177336,0.7934336243462813,36525.320835176455,-2.410357667463101e-12
Ablated PINN,2,671,True,optimal,2.923230640590191e-07,0.23035128321498632,0.23035157553805038,0.1725464458577335,37596.712095764095,0.7490569380943157,37596.71209576409,-1.9352643379161834e-14
Ablated PINN,2,672,True,optimal,2.923230640590191e-07,0.25026438012719154,0.2502646724502556,0.1653420166112482,38199.40682140979,0.6606686233116373,38199.406821408105,-4.418974813882349e-12
Ablated PINN,2,673,True,optimal,2.923230640590191e-07,0.270345623139292,0.27034591546235603,0.1828731526620686,36866.211755918295,0.6764413375704673,36866.21175591823,-1.7762502684355264e-13
Ablated PINN,2,674,True,optimal,2.923230640590191e-07,0.2592740189284086,0.25927431125147266,0.1712319841608405,37448.87257829419,0.6604278817069577,37448.872578291426,-7.383036398784004e-12
Ablated PINN,2,675,True,optimal,2.923230640590191e-07,0.25285463500767946,0.2528549273307435,0.1622013258747756,37942.2266948838,0.6414797907521507,37942.22669488364,-4.2188105827120484e-13
Ablated PINN,2,676,True,optimal,2.923230640590191e-07,0.2491552997380495,0.24915559206111357,0.1626015710644424,37864.42573656541,0.6526105624173951,37864.42573656509,-8.454958151257837e-13
Ablated PINN,2,677,True,optimal,2.923230640590191e-07,0.2823362899944186,0.28233658231748265,0.1541935643181204,37883.34792666697,0.5461338486584512,37883.34792666694,-7.682486382426312e-14
Ablated PINN,2,678,True,optimal,2.923230640590191e-07,0.3040910419076681,0.30409133423073215,0.1627663299441337,38337.38621686627,0.5352547462619676,38337.386216872925,1.7365558463787272e-11
Ablated PINN,2,679,True,optimal,2.923230640590191e-07,0.25476307328790426,0.2547633656109683,0.1626220401376485,37175.12564807021,0.6383258430726555,37175.125648067726,-6.674090546255744e-12
Ablated PINN,2,680,True,optimal,2.923230640590191e-07,0.2618166389875114,0.26181693131057543,0.164742216002196,36874.538182973854,0.6292267470157368,36874.538182973054,-2.17048233550414e-12
Ablated PINN,2,681,True,optimal,2.923230640590191e-07,0.28543207701295614,0.2854323693360202,0.1642483212053775,36713.75186136212,0.5754369120343849,36713.75186136053,-4.340157670409913e-12
Ablated PINN,2,682,True,optimal,2.923230640590191e-07,0.28598577715456486,0.2859860694776289,0.1650798353366553,38465.27623972982,0.5772303372614748,38465.27623972848,-3.48047988181861e-12
Ablated PINN,2,683,True,optimal,2.923230640590191e-07,0.2769266380928457,0.2769269304159097,0.1594085800461471,37856.30238331747,0.5756340844378526,37856.302383318354,2.3448323609163566e-12
Ablated PINN,2,684,True,optimal,2.923230640590191e-07,0.2650635428726673,0.26506383519573135,0.1702620442956686,38660.98426325648,0.6423435478096883,38660.98426325796,3.820439194257657e-12
Ablated PINN,2,685,True,optimal,2.923230640590191e-07,0.2997042122296989,0.29970450455276293,0.1567203430458903,37215.561759223536,0.5229162080154846,37215.561759214754,-2.3597872570451895e-11
Ablated PINN,2,686,True,optimal,2.923230640590191e-07,0.2725069052539766,0.2725071975770406,0.1647181618027389,36840.5431209009,0.6044543530127177,36840.5431209009,0.0
Ablated PINN,2,687,True,optimal,2.923230640590191e-07,0.31004520738497376,0.3100454997080378,0.1635654647834599,38409.002451373584,0.5275531008754698,38409.0024513735,-2.2732038271688744e-13
Ablated PINN,2,688,True,optimal,2.923230640590191e-07,0.21412376686930656,0.21412405919237062,0.1869348473846912,37528.6479768632,0.8730212199869963,37528.647976862165,-2.753059427696453e-12
Ablated PINN,2,689,True,optimal,2.923230640590191e-07,0.24086141912266612,0.24086171144573018,0.1749152760021388,37613.174708402425,0.7262062324154409,37613.17470840186,-1.5088454997645482e-12
Ablated PINN,2,690,True,optimal,2.923230640590191e-07,0.14120601676404476,0.14120630908710882,0.1629724842496216,38145.2449987657,1.1541444946987847,38145.244998764705,-2.6131859768508075e-12
Ablated PINN,2,691,True,optimal,2.923230640590191e-07,0.15402723709121346,0.15402752941427753,0.1615004613995552,37099.267237046624,1.048516859380236,37099.26723704546,-3.1379412720767887e-12
Ablated PINN,2,692,True,optimal,2.923230640590191e-07,0.16139361122623086,0.16139390354929492,0.1629160540178418,37254.58427766685,1.0094312761205504,37254.58427766376,-8.300406637154982e-12
Ablated PINN,2,693,True,optimal,2.923230640590191e-07,0.15688961697742343,0.1568899093004875,0.1721738609485328,36219.31594220378,1.0974183216510904,36219.315942203626,-4.2186083840366166e-13
Ablated PINN,2,694,True,optimal,2.923230640590191e-07,0.2279956517741084,0.22799594409717247,0.1765028089284896,36647.35274403875,0.774148898250855,36647.352744036405,-6.392981146907439e-12
Ablated PINN,2,695,True,optimal,2.923230640590191e-07,0.16500577004626393,0.165006062369328,0.1666073123924434,37475.76078429104,1.0097041890468932,37475.76078429468,9.726966680377312e-12
Ablated PINN,2,696,True,optimal,2.923230640590191e-07,0.17109039099887013,0.1710906833219342,0.1694586500525474,38376.27952441712,0.9904610044351985,38376.279524426776,2.515928035149482e-11
Ablated PINN,2,697,True,optimal,2.923230640590191e-07,0.18540273839607835,0.1854030307191424,0.1638368596322834,37504.28193726652,0.8836795115850694,37504.281937265376,-3.045853130417395e-12
Ablated PINN,2,698,True,optimal,2.923230640590191e-07,0.22690625814720988,0.22690655047027394,0.1762476619333028,38922.3913196171,0.776741180754904,38922.39131961667,-1.1029165595497775e-12
Ablated PINN,2,699,True,optimal,2.923230640590191e-07,0.23628990584984422,0.23629019817290828,0.1683233580552041,37989.22082134099,0.7123586139279099,37989.22082134024,-1.97272704745735e-12
Ablated PINN,2,700,True,optimal,2.923230640590191e-07,0.21619165036827326,0.21619194269133732,0.1653611571528017,37900.87060984868,0.7648812212622188,37900.87060984517,-9.253116125319563e-12
Ablated PINN,2,701,True,optimal,2.923230640590191e-07,0.1870020912028849,0.18700238352594897,0.1549840210936963,36621.966939093465,0.8287809929021054,36621.96693909202,-3.953680499003649e-12
Ablated PINN,2,702,True,optimal,2.923230640590191e-07,0.1845578346401453,0.18455812696320936,0.1608501798473298,36129.625827368814,0.871542112471668,36129.62582736865,-4.631850490946699e-13
Ablated PINN,2,703,True,optimal,2.923230640590191e-07,0.19296521320939064,0.1929655055324547,0.1803391561843454,36975.98028002812,0.9345668060554705,36975.98028002818,1.7709772136324018e-13
Ablated PINN,2,704,True,optimal,2.923230640590191e-07,0.24246786488220096,0.24246815720526502,0.1724063050933182,37941.52855278439,0.7110472033957229,37941.52855278691,6.654337314347253e-12
Ablated PINN,2,705,True,optimal,2.923230640590191e-07,0.24982869066298008,0.24982898298604414,0.1570660965517163,38264.62634066809,0.6286944560010889,38264.626340663,-1.3291373413749679e-11
Ablated PINN,2,706,True,optimal,2.923230640590191e-07,0.24795847479254007,0.24795876711560413,0.1783102308399975,37243.578783039775,0.7191124270950465,37243.578783039746,-7.814455916354418e-14
Ablated PINN,2,707,True,optimal,2.923230640590191e-07,0.24463937198743224,0.2446396643104963,0.1574625642970204,38202.9688103683,0.6436509988714224,38202.968810369195,2.3426001025911725e-12
Ablated PINN,2,708,True,optimal,2.923230640590191e-07,0.2450141585431993,0.24501445086626336,0.1667338237166404,37984.38706600299,0.6805060808745889,37984.38706600127,-4.539765118665969e-12
Ablated PINN,2,709,True,optimal,2.923230640590191e-07,0.22422535018995404,0.2242256425130181,0.1695160241797566,37700.46903648929,0.7560064151445784,37700.46903648774,-4.110768410655792e-12
Ablated PINN,2,710,True,optimal,2.923230640590191e-07,0.2416930110193789,0.24169330334244296,0.179200230166316,38494.79379476071,0.7414364721244109,38494.793794760735,5.670344140282454e-14
Ablated PINN,2,711,True,optimal,2.923230640590191e-07,0.226311556994915,0.22631184931797907,0.1582561181858182,37893.64500953999,0.6992833944079557,37893.645009538144,-4.877053219708264e-12
Ablated PINN,2,712,True,optimal,2.923230640590191e-07,0.23339220695197582,0.23339249927503988,0.1650373600423336,37439.62806716465,0.707123667448483,37439.628067161226,-9.153338890366607e-12
Ablated PINN,2,713,True,optimal,2.923230640590191e-07,0.23622052278369665,0.2362208151067607,0.1720578260719776,36755.34084442727,0.7283770737740259,36755.34084442996,7.30459383031609e-12
Ablated PINN,2,714,True,optimal,2.923230640590191e-07,0.25825974624603987,0.2582600385691039,0.1648028511554002,38162.302681215566,0.638127571220443,38162.30268121119,-1.1458560461228836e-11
Ablated PINN,2,715,True,optimal,2.923230640590191e-07,0.27668566862121224,0.2766859609442763,0.1555140907876193,38101.80914623268,0.5620599261953134,38101.80914623094,-4.5639666691831566e-12
Ablated PINN,2,716,True,optimal,2.923230640590191e-07,0.2545587858185172,0.25455907814158124,0.1633684961125254,37665.69295836426,0.6417704577860812,37665.692958364234,-7.72688039721057e-14
Ablated PINN,2,717,True,optimal,2.923230640590191e-07,0.2353780479170382,0.23537834024010226,0.1730897356756031,38019.94012979863,0.7353681545168494,38019.94012979664,-5.243596858596151e-12
Ablated PINN,2,718,True,optimal,2.923230640590191e-07,0.2398082441650331,0.23980853648809716,0.1653514760546386,37687.65252758067,0.6895145538859738,37687.652527579456,-3.2240928794368545e-12
Ablated PINN,2,719,True,optimal,2.923230640590191e-07,0.21399896778166294,0.213999260104727,0.1648942348547279,37967.6004277046,0.7705364718272013,37967.60042770344,-3.066175384156952e-12
Ablated PINN,2,720,True,optimal,2.923230640590191e-07,0.22244906704872847,0.22244935937179253,0.175670500844717,36293.521192568165,0.7897100775691994,36293.52119257035,6.014261533548852e-12
Ablated PINN,2,721,True,optimal,2.923230640590191e-07,0.2769491053186357,0.27694939764169973,0.1655247239395976,37433.99457954236,0.597671362888261,37433.99457954132,-2.7794574170207344e-12
Ablated PINN,2,722,True,optimal,2.923230640590191e-07,0.2894198512658477,0.2894201435889117,0.1606976692564785,36717.118873317806,0.5552400992680426,36717.11887331607,-4.736084755967958e-12
Ablated PINN,2,723,True,optimal,2.923230640590191e-07,0.28801419772207737,0.2880144900451414,0.1805245000869035,37805.64876842016,0.6267896454050257,37805.64876841961,-1.44342668051127e-12
Ablated PINN,2,724,True,optimal,2.923230640590191e-07,0.31608554907143116,0.3160858413944952,0.1952457958832383,37205.81786772134,0.6176986448423647,37205.817867720165,-3.1485107518623555e-12
Ablated PINN,2,725,True,optimal,2.923230640590191e-07,0.28463833360001445,0.2846386259230785,0.1520299208350479,36640.387833191344,0.534115566156973,36640.38783319148,3.772973018158259e-13
Ablated PINN,2,726,True,optimal,2.923230640590191e-07,0.30169775104150176,0.3016980433645658,0.1705993278883397,36772.44702736288,0.5654638193400244,36772.447027361544,-3.64070468308391e-12
Ablated PINN,2,727,True,optimal,2.923230640590191e-07,0.226735629606992,0.22673592193005607,0.1604934181086719,36419.709291200685,0.7078429246786101,36419.709291200284,-1.0987942423713272e-12
Ablated PINN,2,728,True,optimal,2.923230640590191e-07,0.23781032674014568,0.23781061906320974,0.1718411752954125,36367.97004976513,0.7225967283224529,36367.970049768264,8.62280112808581e-12
Ablated PINN,2,729,True,optimal,2.923230640590191e-07,0.2432823870331049,0.24328267935616896,0.1613024170510471,37817.32327116832,0.6630246652902827,37817.32327116752,-2.116372255702091e-12
Ablated PINN,2,730,True,optimal,2.923230640590191e-07,0.21890758024528623,0.2189078725683503,0.1856654961593449,36422.325482498345,0.8481444453368117,36422.32548249926,2.5170569073840115e-12
Ablated PINN,2,731,True,optimal,2.923230640590191e-07,0.24937047995626926,0.24937077227933332,0.1580683160573244,37014.63711001613,0.633868655145615,37014.63711001469,-3.872423889322065e-12
Ablated PINN,2,732,True,optimal,2.923230640590191e-07,0.2893020990304649,0.2893023913535289,0.1672948598861694,37907.333499337874,0.5782698826078291,37907.33349933765,-5.950159645062504e-13
Ablated PINN,2,733,True,optimal,2.923230640590191e-07,0.19971527718007565,0.1997155695031397,0.1760020470246672,37831.5700560004,0.8812635262364975,37831.5700560004,0.0
Ablated PINN,2,734,True,optimal,2.923230640590191e-07,0.15574714075773954,0.1557474330808036,0.1677253982052207,36227.13092414981,1.0769063405250652,36227.130924155485,1.566573668487732e-11
Ablated PINN,2,735,True,optimal,2.923230640590191e-07,0.1631480399519205,0.16314833227498457,0.1815983247943222,38365.8705693373,1.1130872272003394,38365.870569336694,-1.5740669324466622e-12
Ablated PINN,2,736,True,optimal,2.923230640590191e-07,0.191048847977072,0.19104914030013606,0.1826914297416806,36791.06895515918,0.956253608127597,36791.06895516263,9.374024748577796e-12
Ablated PINN,2,737,True,optimal,2.923230640590191e-07,0.17323372000828385,0.17323401233134791,0.1647824188694358,37375.10906822638,0.9512128516324693,37375.109068225654,-1.9467388311567283e-12
Ablated PINN,2,738,True,optimal,2.923230640590191e-07,0.1590224988758564,0.15902279119892046,0.1626051347702741,37807.92408604918,1.0225272336395639,37807.92408604795,-3.252325713515504e-12
Ablated PINN,2,739,True,optimal,2.923230640590191e-07,0.15437424881383777,0.15437454113690183,0.1557597019709646,37073.294605946445,1.008972728429582,37073.29460594555,-2.413982345127253e-12
Ablated PINN,2,740,True,optimal,2.923230640590191e-07,0.1879593408666551,0.18795963318971917,0.1666533201932907,37603.95511810395,0.8866442084672367,37603.955118103215,-1.954240496044873e-12
Ablated PINN,2,741,True,optimal,2.923230640590191e-07,0.2276303139515221,0.22763060627458617,0.1632273579016327,37440.72000481825,0.7170712259349468,37440.72000481582,-6.490713433995194e-12
Ablated PINN,2,742,True,optimal,2.923230640590191e-07,0.15943044424057007,0.15943073656363413,0.1740517071448266,36615.77248651081,1.0917073513949223,36615.7724865158,1.3631576188017388e-11
Ablated PINN,2,743,True,optimal,2.923230640590191e-07,0.17552040191367269,0.17552069423673675,0.1593433180823922,38388.73153872848,0.9078320865542782,38388.73153872765,-2.179637336510985e-12
Ablated PINN,2,744,True,optimal,2.923230640590191e-07,0.16801889101043344,0.1680191833334975,0.188180536031723,36147.19759544655,1.1199943500392315,36147.19759545139,1.3385579340295757e-11
Ablated PINN,2,745,True,optimal,2.923230640590191e-07,0.17402653163298965,0.1740268239560537,0.1870059366337955,36178.10482683561,1.0745811041234619,36178.104826836774,3.2178391428779913e-12
Ablated PINN,2,746,True,optimal,2.923230640590191e-07,0.24887291016057134,0.2488732024836354,0.158794246148318,37337.59671869416,0.6380528098791973,37337.59671869413,-9.743473406980831e-14
Ablated PINN,2,747,True,optimal,2.923230640590191e-07,0.21702673705294728,0.21702702937601134,0.1858645998872816,37554.49764354208,0.8564122193520001,37554.497643544564,6.60666951262814e-12
Ablated PINN,2,748,True,optimal,2.923230640590191e-07,0.2178306020796299,0.21783089440269396,0.1777994642034173,38142.643000995165,0.8162270310231,38142.64300099513,-9.537825700743381e-14
Ablated PINN,2,749,True,optimal,2.923230640590191e-07,0.2015431527979672,0.20154344512103126,0.185329757630825,39051.59526982926,0.9195523948671732,39051.59526982731,-4.993282930256292e-12
Ablated PINN,2,750,True,optimal,2.923230640590191e-07,0.15448851324617863,0.1544888055692427,0.1656797206960618,37642.6391076638,1.0724383562005293,37642.63910766427,1.2370580234182718e-12
Ablated PINN,2,751,True,optimal,2.923230640590191e-07,0.22392642311751842,0.22392671544058249,0.169417779892683,37993.39154236537,0.7565768986489552,37993.39154236691,4.0599245068366285e-12
Ablated PINN,2,752,True,optimal,2.923230640590191e-07,0.1992587517015636,0.19925904402462766,0.1555377151817083,37259.15908502567,0.7805804546692718,37259.15908502423,-3.866538169368687e-12
Ablated PINN,2,753,True,optimal,2.923230640590191e-07,0.22551094787195325,0.2255112401950173,0.1601966121233999,37451.46730990082,0.7103708532881344,37451.46730991241,3.0948321419519014e-11
Ablated PINN,2,754,True,optimal,2.923230640590191e-07,0.19267475930973887,0.19267505163280294,0.1705217901617288,35286.394529816105,0.8850226779059415,35286.39452981593,-4.948734067824646e-13
Ablated PINN,2,755,True,optimal,2.923230640590191e-07,0.2566905338317156,0.2566908261547796,0.1570132779888808,37311.01125487052,0.6116824677411915,37311.011254868354,-5.811247929506662e-12
Ablated PINN,2,756,True,optimal,2.923230640590191e-07,0.2411235999315977,0.24112389225466177,0.1747830319218337,38287.37352632271,0.724868159216829,38287.37352632372,2.6224889781666597e-12
Ablated PINN,2,757,True,optimal,2.923230640590191e-07,0.255429333075881,0.25542962539894504,0.1633758838288486,39976.59847331173,0.6396121184990916,39976.598473309314,-6.042579959677053e-12
Ablated PINN,2,758,True,optimal,2.923230640590191e-07,0.2539420649409294,0.25394235726399345,0.169767539948225,37188.85753721219,0.6685278571772019,37188.85753721089,-3.502114609559112e-12
Ablated PINN,2,759,True,optimal,2.923230640590191e-07,0.21885525295510888,0.21885554527817294,0.1730067301541566,37056.09206784597,0.7905064956625115,37056.09206786245,4.447323793872316e-11
Ablated PINN,2,760,True,optimal,2.923230640590191e-07,0.26546399714425206,0.2654642894673161,0.1632449002936482,36461.444989150674,0.6149410929101515,36461.444989152864,6.006517960330091e-12
Ablated PINN,2,761,True,optimal,2.923230640590191e-07,0.2323251380585134,0.23232543038157746,0.1510401302948594,37918.51392102491,0.650123105536863,37918.513921022284,-6.927013817553167e-12
Ablated PINN,2,762,True,optimal,2.923230640590191e-07,0.23050024406984448,0.23050053639290854,0.1630179630592465,37028.28735262345,0.7072346364581468,37028.287352620915,-6.838105218378236e-12
Ablated PINN,2,763,True,optimal,2.923230640590191e-07,0.2787404665723443,0.27874075889540834,0.1710045598447322,36883.39563074646,0.6134896113592706,36883.395630745006,-3.945383818250235e-12
Ablated PINN,2,764,True,optimal,2.923230640590191e-07,0.27624928671866655,0.2762495790417306,0.1621614727191627,37488.26527703839,0.5870107505020538,37488.2652770388,1.1062917447462626e-12
Ablated PINN,2,765,True,optimal,2.923230640590191e-07,0.26137082604691386,0.2613711183699779,0.158935974817723,38608.07698986368,0.6080854526273436,38608.07698986145,-5.766780434375604e-12
Ablated PINN,2,766,True,optimal,2.923230640590191e-07,0.2587079890072346,0.2587082813302986,0.1637887619435787,38515.40479776455,0.633102122210251,38515.404797764444,-2.833654865782064e-13
Ablated PINN,2,767,True,optimal,2.923230640590191e-07,0.2700756541453302,0.2700759464683942,0.1551509536802768,37859.76231560769,0.5744715725672127,37859.76231560709,-1.5758908346793312e-12
Ablated PINN,2,768,True,optimal,2.923230640590191e-07,0.2990736607462168,0.2990739530692808,0.1561668459326028,38190.83160610894,0.5221679933338313,38190.83160610728,-4.362812286552783e-12
Ablated PINN,2,769,True,optimal,2.923230640590191e-07,0.28417869890108705,0.2841789912241511,0.1665652976371348,38065.57719788576,0.5861281191815955,38065.577197885475,-7.454565721623008e-13
Ablated PINN,2,770,True,optimal,2.923230640590191e-07,0.21564371697604656,0.21564400929911062,0.1595451403409242,37258.61946624414,0.7398542665733224,37258.619466247124,8.006583884617346e-12
Ablated PINN,2,771,True,optimal,2.923230640590191e-07,0.21383464615792036,0.21383493848098442,0.1603712029755115,37937.31891786644,0.7499766133389504,37937.318917866054,-1.0164813027156554e-12
Ablated PINN,2,772,True,optimal,2.923230640590191e-07,0.23606245499104261,0.23606274731410667,0.1647333786822855,37090.78479413834,0.697837251140224,37090.784794136875,-3.9429402439659096e-12
Ablated PINN,2,773,True,optimal,2.923230640590191e-07,0.21864079777151346,0.21864109009457752,0.1720323129557073,37294.17774944278,0.7868251703341368,37294.177749445604,7.569738025248055e-12
Ablated PINN,2,774,True,optimal,2.923230640590191e-07,0.2083385232836008,0.20833881560666487,0.1756608001887798,37924.02546730991,0.8431496534972157,37924.02546730791,-5.276044194267261e-12
Ablated PINN,2,775,True,optimal,2.923230640590191e-07,0.22251068986952305,0.2225109821925871,0.1706453766673803,37950.85654248112,0.7669076599539872,37950.856542475194,-1.5606049606062735e-11
Ablated PINN,2,776,True,optimal,2.923230640590191e-07,0.2301390040665865,0.23013929638965056,0.161757914815098,37610.0833568802,0.702869598337628,37610.08335687725,-7.835034040692232e-12
Ablated PINN,2,777,True,optimal,2.923230640590191e-07,0.24323513032868505,0.2432354226517491,0.184444214683026,37344.57631915105,0.7582950405504996,37344.57631915112,1.9483304756230876e-13
Ablated PINN,2,778,True,optimal,2.923230640590191e-07,0.23270963784307241,0.23270993016613647,0.1768015902489423,38518.512836588365,0.7597509488431368,38518.51283658976,3.6267855611399313e-12
Ablated PINN,2,779,True,optimal,2.923230640590191e-07,0.24329156382009387,0.24329185614315793,0.1663928898051381,37350.47841742248,0.6839229740071082,37350.478417422484,1.9480226017103675e-14
Ablated PINN,2,780,True,optimal,2.923230640590191e-07,0.24589090002700686,0.24589119235007093,0.1678067301400005,36690.910443639455,0.6824430291146705,36690.910443638175,-3.490151987542941e-12
Ablated PINN,2,781,True,optimal,2.923230640590191e-07,0.2628390798345208,0.26283937215758485,0.1696261949837207,39084.662131004974,0.6453606763374158,39084.66213100498,1.861588975694784e-14
Ablated PINN,2,782,True,optimal,2.923230640590191e-07,0.2724068886600435,0.2724071809831075,0.1735791582614183,37109.414667102006,0.6372047815882734,37109.414667102,-1.9606770086389046e-14
Ablated PINN,2,783,True,optimal,2.923230640590191e-07,0.16573723498731852,0.16573752731038258,0.1780417370609939,37569.24189367904,1.0742391294855558,37569.24189367908,9.683396905871013e-14
Ablated PINN,2,784,True,optimal,2.923230640590191e-07,0.2093808609060943,0.20938115322915837,0.1783722727559507,37221.18556450191,0.8519022366866523,37221.18556450188,-7.819157293176125e-14
Ablated PINN,2,785,True,optimal,2.923230640590191e-07,0.20154148805886507,0.20154178038192913,0.1655639642849564,37420.94089406587,0.8214870582725158,37420.940894065934,1.7499190817523e-13
Ablated PINN,2,786,True,optimal,2.923230640590191e-07,0.16589294699952006,0.16589323932258412,0.1599579020403325,38506.23030993912,0.9642219459545895,38506.23030993825,-2.2674640095232722e-12
Ablated PINN,2,787,True,optimal,2.923230640590191e-07,0.14639528328552842,0.14639557560859248,0.186602130997926,37784.814716498615,1.2746432412467912,37784.814716497596,-2.6958821252096717e-12
Ablated PINN,2,788,True,optimal,2.923230640590191e-07,0.15048614237457514,0.1504864346976392,0.1637930031865835,37043.382691420426,1.0884237075300518,37043.382691423125,7.287078227570322e-12
Ablated PINN,2,789,True,optimal,2.923230640590191e-07,0.18228084174916148,0.18228113407222554,0.1784450141713023,37581.6110372246,0.9789549262986083,37581.611037224066,-1.4133106356438282e-12
Ablated PINN,2,790,True,optimal,2.923230640590191e-07,0.19040587916970253,0.1904061714927666,0.1636664080433547,37648.96384969733,0.8595646178914547,37648.96384969595,-3.65257326754219e-12
Ablated PINN,2,791,True,optimal,2.923230640590191e-07,0.18494874285534024,0.1849490351784043,0.1836869330145418,37645.13760626646,0.9931759462132633,37645.13760626776,3.4596670267504473e-12
Ablated PINN,2,792,True,optimal,2.923230640590191e-07,0.2365899202413857,0.23659021256444976,0.174133175984025,37519.91914812281,0.7360117483160434,37519.91914812158,-3.2772907423989474e-12
Ablated PINN,2,793,True,optimal,2.923230640590191e-07,0.19129561027511954,0.1912959025981836,0.1603830829262733,37380.264379670094,0.8384031270296333,37380.264379670785,1.8491468287296417e-12
Ablated PINN,2,794,True,optimal,2.923230640590191e-07,0.19905538111925125,0.1990556734423153,0.1747253960929811,36389.43790891799,0.8777714951370883,36389.43790891412,-1.0637178459403903e-11
Ablated PINN,2,795,True,optimal,2.923230640590191e-07,0.21467264695093036,0.21467293927399442,0.1614653617143631,36568.7611229574,0.7521458562053754,36568.761122957454,1.3927653476701925e-13
Ablated PINN,2,796,True,optimal,2.923230640590191e-07,0.2612653961405158,0.26126568846357984,0.1607130169868469,37171.79152542848,0.6151325033606551,37171.79152542701,-3.953921448901998e-12
Ablated PINN,2,797,True,optimal,2.923230640590191e-07,0.27060788590461016,0.2706081782276742,0.1509169270284474,39013.86694836377,0.5576953661077995,39013.866948361945,-4.68106728199275e-12
Ablated PINN,2,798,True,optimal,2.923230640590191e-07,0.2757461383007467,0.2757464306238107,0.1698016240261495,35794.451877625856,0.6157890190709404,35794.45187762607,5.894845702141104e-13
Ablated PINN,2,799,True,optimal,2.923230640590191e-07,0.2759964927099645,0.27599678503302855,0.1661311867646873,37746.53813891374,0.6019316012858859,37746.53813891357,-4.433440346512123e-13
Ablated PINN,2,800,True,optimal,2.923230640590191e-07,0.29388527711853385,0.2938855694415979,0.1717250938527286,35840.833025642016,0.5843263899585737,35840.83302569908,1.5921877576677336e-10
Ablated PINN,2,801,True,optimal,2.923230640590191e-07,0.274417269974947,0.274417562298011,0.1753794956021011,38233.261439753136,0.6390971996597036,38233.26143975258,-1.4463133874919324e-12
Ablated PINN,2,802,True,optimal,2.923230640590191e-07,0.17730892915278673,0.1773092214758508,0.1583868768066167,38219.708735816654,0.8932805383062872,38219.70873581673,1.9037187500502697e-13
Ablated PINN,2,803,True,optimal,2.923230640590191e-07,0.19492211798205972,0.19492241030512378,0.1588284643366933,38119.314792338526,0.8148291624758258,38119.31479233544,-8.09302592457359e-12
Ablated PINN,2,804,True,optimal,2.923230640590191e-07,0.17695480585098267,0.17695509817404673,0.1737248650752008,37809.66922896034,0.9817454646281579,37809.66922895906,-3.386881097376622e-12
Ablated PINN,2,805,True,optimal,2.923230640590191e-07,0.19075527926906943,0.1907555715921335,0.1638481528498232,37055.29910120396,0.8589429471562554,37055.29910120343,-1.4137490748366021e-12
Ablated PINN,2,806,True,optimal,2.923230640590191e-07,0.21601437916979194,0.216014671492856,0.1745663522742688,37243.996308895,0.8081226662423345,37243.99630889352,-3.98532783910443e-12
Ablated PINN,2,807,True,optimal,2.923230640590191e-07,0.2510924623347819,0.2510927546578459,0.1842192970216274,36740.07874460136,0.7336703015292324,36740.078744600745,-1.6635251215437733e-12
Ablated PINN,2,808,True,optimal,2.923230640590191e-07,0.1628051563166082,0.16280544863967225,0.158339770976454,38477.47722063524,0.9725704655431903,38477.47722063479,-1.1723985163908957e-12
Ablated PINN,2,809,True,optimal,2.923230640590191e-07,0.2179229650646448,0.21792325738770887,0.1641544909216463,36486.88581102604,0.7532674249155419,36486.88581102428,-4.825793441928374e-12
Ablated PINN,2,810,True,optimal,2.923230640590191e-07,0.25518995337188244,0.25519024569494647,0.1660230248235166,36969.54150722014,0.6505853088992278,36969.54150722107,2.499480868110926e-12
Ablated PINN,2,811,True,optimal,2.923230640590191e-07,0.19716907385736704,0.1971693661804311,0.1727657448500394,37651.16012352104,0.8762301578427768,37651.16012352064,-1.0628561443186279e-12
Ablated PINN,2,812,True,optimal,2.923230640590191e-07,0.23397525493055582,0.23397554725361988,0.1655784891918301,38311.029673719466,0.7076743323623892,38311.029673719095,-9.685822633420456e-13
Ablated PINN,2,813,True,optimal,2.923230640590191e-07,0.23140368424355984,0.2314039765666239,0.1679440890438854,38743.24909159474,0.7257614650175742,38743.24909159266,-5.371061866124985e-12
Ablated PINN,2,814,True,optimal,2.923230640590191e-07,0.23846615990623832,0.23846645222930238,0.1670696623623371,36420.13078428775,0.700600276476994,36420.130784293564,1.596229889498528e-11
Ablated PINN,2,815,True,optimal,2.923230640590191e-07,0.23156516905874014,0.2315654613818042,0.168657979927957,39142.75245536184,0.7283382371513272,39142.75245536186,3.7176525194445043e-14
Ablated PINN,2,816,True,optimal,2.923230640590191e-07,0.22501171939074993,0.225012011713814,0.180665505118668,36666.3799411445,0.8029149365965894,36666.37994114453,7.937470375709324e-14
Ablated PINN,2,817,True,optimal,2.923230640590191e-07,0.21950804581865668,0.21950833814172074,0.1733923642896115,35690.82766090239,0.7899124277350436,35690.82766090028,-5.911960709234628e-12
Ablated PINN,2,818,True,optimal,2.923230640590191e-07,0.2538858731277287,0.25388616545079273,0.1688198326155543,38932.93729307029,0.6649430161576658,38932.937293069175,-2.859330922273382e-12
Ablated PINN,2,819,True,optimal,2.923230640590191e-07,0.2640138790011406,0.2640141713242046,0.1772310840897262,38310.81295782848,0.6712938294213368,38310.81295782958,2.8677793941649934e-12
Ablated PINN,2,820,True,optimal,2.923230640590191e-07,0.23773149074986577,0.23773178307292983,0.1753436438739299,36825.40393455421,0.7375692118547695,36825.403934555055,2.2919262060105207e-12
Ablated PINN,2,821,True,optimal,2.923230640590191e-07,0.2508787279948592,0.25087902031792325,0.1628232379443943,36614.29798553884,0.6490109764381996,36614.29798553887,7.948761019050135e-14
Ablated PINN,2,822,True,optimal,2.923230640590191e-07,0.26973389694467187,0.2697341892677359,0.1747251199558377,36491.87408095365,0.6477677910619147,36491.87408095172,-5.283720872984608e-12
Ablated PINN,2,823,True,optimal,2.923230640590191e-07,0.28497089724987745,0.2849711895729415,0.173844875767827,38384.094058500006,0.6100436890773111,38384.09405849993,-1.8955658047039913e-13
Ablated PINN,2,824,True,optimal,2.923230640590191e-07,0.19506975589320064,0.1950700482162647,0.1673142397776246,38249.15886278493,0.8577136331669505,38249.15886278329,-4.280069188094229e-12
Ablated PINN,2,825,True,optimal,2.923230640590191e-07,0.20857945596799254,0.2085797482910566,0.1734744952991604,37505.45259125994,0.8316938567645139,37505.45259125849,-3.879946573890418e-12
Ablated PINN,2,826,True,optimal,2.923230640590191e-07,0.1781876739114523,0.17818796623451635,0.1599324629642069,37260.70992719524,0.8975491799132885,37260.7099271922,-8.162351948396187e-12
Ablated PINN,2,827,True,optimal,2.923230640590191e-07,0.1766993971541524,0.17669968947721645,0.1515065440908074,36912.880983302384,0.8574239408063169,36912.88098329967,-7.352263269068785e-12
Ablated PINN,2,828,True,optimal,2.923230640590191e-07,0.15633715596050024,0.1563374482835643,0.1755204237997532,36496.19908826157,1.1227023705887464,36496.19908826164,1.7942585848265118e-13
Ablated PINN,2,829,True,optimal,2.923230640590191e-07,0.16851068008691072,0.16851097240997479,0.1602891026996076,36574.63732735143,0.9512086982065241,36574.6373273516,4.575493767126776e-13
Ablated PINN,2,830,True,optimal,2.923230640590191e-07,0.1816375213675201,0.18163781369058415,0.1676881541498005,38281.85338147318,0.9232006857088328,38281.85338147142,-4.59952062687888e-12
Ablated PINN,2,831,True,optimal,2.923230640590191e-07,0.1828908701427281,0.18289116246579215,0.1604405213147401,38894.37200027038,0.877245893960288,38894.372000266376,-1.0288832244863256e-11
Ablated PINN,2,832,True,optimal,2.923230640590191e-07,0.14997744699940085,0.14997773932246491,0.1633390239439904,37218.72315335512,1.0890884519388413,37218.723153354156,-2.5804926222613677e-12
Ablated PINN,2,833,True,optimal,2.923230640590191e-07,0.15870196698233485,0.1587022593053989,0.1697492441162467,38277.37450299216,1.0696082390962658,38277.37450299152,-1.6727486625240978e-12
Ablated PINN,2,834,True,optimal,2.923230640590191e-07,0.1673774509690702,0.16737774329213426,0.1542332433164119,38471.87402458407,0.9214680535345701,38471.87402457837,-1.4808415124943255e-11
Ablated PINN,2,835,True,optimal,2.923230640590191e-07,0.1896409629844129,0.18964125530747697,0.170378363225609,39047.27848153639,0.8984245698509227,39047.278481536494,2.608719751025269e-13
Ablated PINN,2,836,True,optimal,2.923230640590191e-07,0.16426974395290017,0.16427003627596423,0.171564376913011,36842.56927503123,1.0444045719013093,36842.569275030306,-2.508094943388043e-12
Ablated PINN,2,837,True,optimal,2.923230640590191e-07,0.1640184768475592,0.16401876917062327,0.1721838312223553,35982.0104889091,1.0497812664551713,35982.01048891309,1.1081161720525644e-11
Ablated PINN,2,838,True,optimal,2.923230640590191e-07,0.17605234403163195,0.176052636354696,0.1748997261747717,37555.11161729632,0.9934513324889863,37555.11161729632,0.0
Ablated PINN,2,839,True,optimal,2.923230640590191e-07,0.19080928806215525,0.1908095803852193,0.186718522105366,38533.39174700831,0.9785594713242699,38533.39174700773,-1.5105771455477076e-12
Ablated PINN,2,840,True,optimal,2.923230640590191e-07,0.15820542117580771,0.15820571349887178,0.1523732827045023,39566.30314176144,0.9631338801527476,39566.30314175799,-8.7165179338749e-12
Ablated PINN,2,841,True,optimal,2.923230640590191e-07,0.16682973317801952,0.16683002550108358,0.1751240440644323,36698.62309754872,1.0497153826982712,36698.62309754863,-2.379148970742531e-13
Ablated PINN,2,842,True,optimal,2.923230640590191e-07,0.20274516195058823,0.2027454542736523,0.1633176766335964,38325.344723586495,0.8055306454030831,38325.34472358324,-8.486167774867793e-12
Ablated PINN,2,843,True,optimal,2.923230640590191e-07,0.23234936594963074,0.2323496582726948,0.1780405533500015,36875.60976934786,0.766261309242151,36875.609769347895,9.865542101803325e-14
Ablated PINN,2,844,True,optimal,2.923230640590191e-07,0.26584145799279213,0.26584175031585616,0.1559993377886712,38315.79235048832,0.5868127846860878,38315.792350485375,-7.69072659855025e-12
Ablated PINN,2,845,True,optimal,2.923230640590191e-07,0.19160145614296198,0.19160174846602604,0.1618258580565452,37034.30674942864,0.8445948920202022,37034.30674942941,2.0825325888281733e-12
Ablated PINN,2,846,True,optimal,2.923230640590191e-07,0.2006567819043994,0.20065707422746346,0.1631863000802695,36704.55315364656,0.8132596406508082,36704.55315364438,-5.927088439230079e-12
Ablated PINN,2,847,True,optimal,2.923230640590191e-07,0.2099864650517702,0.20998675737483427,0.1655802568420767,36673.58823317191,0.7885271381495248,36673.58823317077,-3.1148447710211906e-12
Ablated PINN,2,848,True,optimal,2.923230640590191e-07,0.2088462868705392,0.20884657919360325,0.1834694938734173,38950.26374492535,0.8784893417063772,38950.26374492519,-4.1096273072833884e-13
Ablated PINN,2,849,True,optimal,2.923230640590191e-07,0.25826008804142475,0.2582603803644888,0.1886178143322467,37588.4932648367,0.7303397217414691,37588.49326483672,3.871374977932378e-14
Ablated PINN,2,850,True,optimal,2.923230640590191e-07,0.23235159739851952,0.23235188972158358,0.1909786518663168,38127.10616984502,0.8219371578822001,38127.10616984793,7.633369898854824e-12
Ablated PINN,2,851,True,optimal,2.923230640590191e-07,0.24604953080415726,0.24604982312722132,0.170585036277771,36980.28943143666,0.6932946917404169,36980.289431436315,-9.247358880212413e-13
Ablated PINN,2,852,True,optimal,2.923230640590191e-07,0.23451102385297418,0.23451131617603824,0.162876624148339,36177.72586414372,0.6945363098217148,36177.7258641361,-2.1077067166407168e-11
Ablated PINN,2,853,True,optimal,2.923230640590191e-07,0.22390698129311204,0.2239072736161761,0.1607574457302689,37910.53162703258,0.7179643748681465,37910.53162702785,-1.2475088705553496e-11
Ablated PINN,2,854,True,optimal,2.923230640590191e-07,0.21358706895262003,0.2135873612756841,0.1717571821063757,38353.75515272981,0.8041542396541111,38353.755152728554,-3.2819228840598736e-12
Ablated PINN,2,855,True,optimal,2.923230640590191e-07,0.2593476288020611,0.2593479211251251,0.1637262706644833,36222.52417163627,0.6312997226050324,36222.52417163601,-7.231259557436056e-13
Ablated PINN,2,856,True,optimal,2.923230640590191e-07,0.22292432468384504,0.2229246170069091,0.16512958612293,39214.67813513802,0.7407418181986251,39214.678135134935,-7.866967612949694e-12
Ablated PINN,2,857,True,optimal,2.923230640590191e-07,0.2173703769221902,0.21737066924525425,0.1841412629000842,39780.3177786508,0.8471302201877196,39780.31777865074,-1.6461311066447642e-13
Ablated PINN,2,858,True,optimal,2.923230640590191e-07,0.22600656608119607,0.22600685840426013,0.1726002781651914,36559.519462757264,0.7636948691904739,36559.51946276016,7.920867596180938e-12
Ablated PINN,2,859,True,optimal,2.923230640590191e-07,0.26760647678747773,0.26760676911054176,0.1627713828347623,37063.77338210975,0.6082483764359692,37063.773382106396,-9.049851523637904e-12
Ablated PINN,2,860,True,optimal,2.923230640590191e-07,0.2444695201702416,0.24446981249330565,0.1739927111193537,36666.41944413251,0.7117145030907166,36666.419444129395,-8.493084151877386e-12
Ablated PINN,2,861,True,optimal,2.923230640590191e-07,0.23830965906381607,0.23830995138688013,0.1765870889648795,35617.74102342221,0.74099754516001,35617.7410234205,-4.800557222898298e-12
Ablated PINN,2,862,True,optimal,2.923230640590191e-07,0.23799526784569025,0.2379955601687543,0.1761649651452899,36276.12581112257,0.7402027374812266,36276.12581112044,-5.8767454718168904e-12
Ablated PINN,2,863,True,optimal,2.923230640590191e-07,0.27493637427687645,0.2749366665999405,0.1822052956558764,37964.55096791338,0.662717337447765,37964.55096791623,7.493567959094661e-12
Ablated PINN,2,864,True,optimal,2.923230640590191e-07,0.18972075916826725,0.1897210514913313,0.1739714201539755,37053.23788541132,0.9169853254894307,37053.23788541057,-2.0225590988256322e-12
Ablated PINN,2,865,True,optimal,2.923230640590191e-07,0.2111380398273468,0.21113833215041086,0.1716699469834566,38411.46347397105,0.8130685945797955,38411.4634739717,1.6858514857189295e-12
Ablated PINN,2,866,True,optimal,2.923230640590191e-07,0.22899010591208935,0.2289903982351534,0.1688673682510852,37047.36649525118,0.7374430087573932,37047.366495251976,2.1407172897097886e-12
Ablated PINN,2,867,True,optimal,2.923230640590191e-07,0.22583915712311864,0.2258394494461827,0.1745442170649767,38024.41015392375,0.7728685909082965,38024.41015392264,-2.927649661003855e-12
Ablated PINN,2,868,True,optimal,2.923230640590191e-07,0.23749305633828044,0.2374933486613445,0.1592684220522642,36528.58417802945,0.6706226635398294,36528.58417802799,-4.003624869015556e-12
Ablated PINN,2,869,True,optimal,2.923230640590191e-07,0.2523919730447233,0.2523922653677873,0.1553684528917074,37317.732568215964,0.6155832575348681,37317.73256821335,-6.999537763225694e-12
Ablated PINN,2,870,True,optimal,2.923230640590191e-07,0.2563385418616235,0.25633883418468756,0.1615158678032457,37296.3421614999,0.6300873931839621,37296.34216149818,-4.623514947107949e-12
Ablated PINN,2,871,True,optimal,2.923230640590191e-07,0.2630602098070085,0.26306050213007254,0.1570401219651103,37491.75250393964,0.5969733984901331,37491.75250393397,-1.5137321037384732e-11
Ablated PINN,2,872,True,optimal,2.923230640590191e-07,0.25031732814386487,0.2503176204669289,0.1627811468206346,38735.30596995663,0.6502983949631332,38735.30596995563,-2.573378906355507e-12
Ablated PINN,2,873,True,optimal,2.923230640590191e-07,0.2035627281293273,0.20356302045239136,0.1638848041184246,37398.365364246005,0.805081412892247,37398.36536424399,-5.3891132393065294e-12
Ablated PINN,2,874,True,optimal,2.923230640590191e-07,0.26675514597445726,0.2667554382975213,0.1802421910688281,38247.34435833565,0.6756832858560055,38247.34435833452,-2.948631987707255e-12
Ablated PINN,2,875,True,optimal,2.923230640590191e-07,0.22210568794980645,0.2221059802728705,0.1552472379989922,37857.29897615619,0.6989781986431057,37857.29897615182,-1.15508782834148e-11
Ablated PINN,2,876,True,optimal,2.923230640590191e-07,0.25802570162341,0.258025993946474,0.1657619741745293,38380.4931696181,0.642423546710242,38380.49316961769,-1.0805738794850978e-12
Ablated PINN,2,877,True,optimal,2.923230640590191e-07,0.17697789007797837,0.17697818240104243,0.1519819949753582,37761.71251448172,0.8587611925573884,37761.71251448151,-5.587743689600921e-13
Ablated PINN,2,878,True,optimal,2.923230640590191e-07,0.18115656077861786,0.18115685310168192,0.1566965188831091,36399.67871196315,0.8649770417195124,36399.678711961635,-4.157726763815521e-12
Ablated PINN,2,879,True,optimal,2.923230640590191e-07,0.22606506198644638,0.22606535430951044,0.1623079008422792,38720.21971377258,0.7179689313208972,38720.21971376615,-1.6611337896541785e-11
Ablated PINN,2,880,True,optimal,2.923230640590191e-07,0.19332998199388385,0.1933302743169479,0.1710000876337289,37739.90315651656,0.8844972068543665,37739.90315651652,-9.639608220519619e-14
Ablated PINN,2,881,True,optimal,2.923230640590191e-07,0.24013932701200247,0.24013961933506653,0.1626325817778706,36880.50805602447,0.6772417738821745,36880.508056024526,1.5782770894870882e-13
Ablated PINN,2,882,True,optimal,2.923230640590191e-07,0.233128204010427,0.23312849633349106,0.1583884689025581,38065.47555477852,0.6794041543337666,38065.475554776414,-5.5240390927811304e-12
Ablated PINN,2,883,True,optimal,2.923230640590191e-07,0.15376132866367698,0.15376162098674104,0.168599990196526,36876.80440978094,1.096502424431806,36876.80440978582,1.3239128599283315e-11
Ablated PINN,2,884,True,optimal,2.923230640590191e-07,0.19674761779606342,0.19674791011912748,0.1899702958762645,37304.13998562833,0.9655517853340385,37304.139985628324,-1.9504423951300143e-14
Ablated PINN,2,885,True,optimal,2.923230640590191e-07,0.14581864094361663,0.1458189332666807,0.1678070118650794,36793.11604544458,1.1507902856358567,36793.116045444236,-9.29440190508031e-13
Ablated PINN,2,886,True,optimal,2.923230640590191e-07,0.15059550199657679,0.15059579431964085,0.1669702790677547,37263.59536312081,1.1087313548302609,37263.59536311954,-3.4169880014912815e-12
Ablated PINN,2,887,True,optimal,2.923230640590191e-07,0.24564373213797808,0.24564402446104214,0.1748517067171633,36677.91003838903,0.7118093228638414,36677.910038387374,-4.522935833305414e-12
Ablated PINN,2,888,True,optimal,2.923230640590191e-07,0.2122429101727903,0.21224320249585435,0.1667845761403441,37600.66379484942,0.7858182225817189,37600.6637948494,-3.870121896720395e-14
Ablated PINN,2,889,True,optimal,2.923230640590191e-07,0.18810039665549994,0.188100688978564,0.1741014849394559,37656.274599972974,0.9255760087050854,37656.274599969234,-9.931524701843355e-12
Ablated PINN,2,890,True,optimal,2.923230640590191e-07,0.17333950195461512,0.17333979427767918,0.1843472719192505,38694.51450702568,1.0635023116730948,38694.51450702879,8.047936247669121e-12
Ablated PINN,2,891,True,optimal,2.923230640590191e-07,0.1562063107267022,0.15620660304976627,0.1689602509140968,37141.88355459688,1.0816460227373828,37141.88355459465,-6.01401645199508e-12
Ablated PINN,2,892,True,optimal,2.923230640590191e-07,0.183338088914752,0.18333838123781607,0.1870846119709313,37916.566529085525,1.020433423202618,37916.56652908548,-1.1513633665013562e-13
Ablated PINN,2,893,True,optimal,2.923230640590191e-07,0.18655968690291047,0.18655997922597453,0.1789605529047548,38051.64697211672,0.9592655061779634,38051.646972114606,-5.564289154892252e-12
Ablated PINN,2,894,True,optimal,2.923230640590191e-07,0.16563300183042884,0.1656332941534929,0.1703684329986572,37580.68001928373,1.0285880859241756,37580.68001928375,3.8721798596778566e-14
Ablated PINN,2,895,True,optimal,2.923230640590191e-07,0.17810833919793367,0.17810863152099773,0.1642914060503244,37384.21871123708,0.9224224825451856,37384.21871123501,-5.5468537033220705e-12
Ablated PINN,2,896,True,optimal,2.923230640590191e-07,0.15935445996001363,0.1593547522830777,0.1746736480854451,38050.08547103824,1.0961307747832643,38050.085471036495,-4.589292785513353e-12
Ablated PINN,2,897,True,optimal,2.923230640590191e-07,0.15798918204382062,0.15798947436688468,0.155077080707997,37798.65516733106,0.98156590069966,37798.655167324534,-1.7266577212946298e-11
Ablated PINN,2,898,True,optimal,2.923230640590191e-07,0.1734117059968412,0.17341199831990525,0.160987445153296,38582.54496972541,0.9283524018696283,38582.54496972218,-8.373022524129342e-12
Ablated PINN,2,899,True,optimal,2.923230640590191e-07,0.17459483724087477,0.17459512956393883,0.1634005168452859,37981.44443347594,0.9358824455950626,37981.44443347254,-8.94613740079052e-12
Ablated PINN,2,900,True,optimal,2.923230640590191e-07,0.18966967100277543,0.1896699633258395,0.1522460421547293,37899.104798563,0.8026892581466969,37899.10479856232,-1.7854354653377337e-12
Ablated PINN,2,901,True,optimal,2.923230640590191e-07,0.18224064214155078,0.18224093446461484,0.1825937679968774,39872.63047953387,1.0019360827648252,39872.63047953254,-3.339384001963476e-12
Ablated PINN,2,902,True,optimal,2.923230640590191e-07,0.1671602358110249,0.16716052813408896,0.1649639327079057,38952.98756346495,0.986859365361533,38952.98756347097,1.5447382404561446e-11
Ablated PINN,2,903,True,optimal,2.923230640590191e-07,0.20474877767264843,0.2047490699957125,0.1651371773332357,36745.49558695806,0.8065344440230852,36745.49558695717,-2.415716034717012e-12
Ablated PINN,2,904,True,optimal,2.923230640590191e-07,0.17037422629073262,0.17037451861379668,0.1611017286777496,38635.528408674174,0.9455740799064762,38635.52840867127,-7.514086664872433e-12
Ablated PINN,2,905,True,optimal,2.923230640590191e-07,0.1761054340749979,0.17610572639806196,0.1802959288470447,38773.50040242515,1.0237936751671062,38773.50040242345,-4.37231126029236e-12
Ablated PINN,2,906,True,optimal,2.923230640590191e-07,0.22684417897835374,0.2268444713014178,0.1680621481500566,38610.52535361595,0.7408694917089046,38610.52535361487,-2.807829405542654e-12
Ablated PINN,2,907,True,optimal,2.923230640590191e-07,0.1751800631172955,0.17518035544035956,0.1649386477656662,38806.16664166131,0.9415362090746517,38806.16664166019,-2.8874211743999218e-12
Ablated PINN,2,908,True,optimal,2.923230640590191e-07,0.18716463213786483,0.1871649244609289,0.1637667305767536,37740.03707799852,0.8749862243068961,37740.03707799737,-3.046105388463356e-12
Ablated PINN,2,909,True,optimal,2.923230640590191e-07,0.18274341337382793,0.182743705696892,0.1559805711731314,37039.43367385054,0.8535482553464726,37039.43367384703,-9.468318551836621e-12
Ablated PINN,2,910,True,optimal,2.923230640590191e-07,0.18648343114182353,0.1864837234648876,0.1737089767120778,36994.25775820277,0.9314967198452839,36994.25775820187,-2.4388075307679203e-12
Ablated PINN,2,911,True,optimal,2.923230640590191e-07,0.17884524818509817,0.17884554050816223,0.1650789980776608,37355.63354274313,0.9230255202819936,37355.63354274122,-5.12259242060688e-12
Ablated PINN,2,912,True,optimal,2.923230640590191e-07,0.18281508097425103,0.1828153732973151,0.162947020959109,38034.22386661655,0.8913201227016401,38034.22386661618,-9.756314198093948e-13
Ablated PINN,2,913,True,optimal,2.923230640590191e-07,0.20638473704457283,0.2063850293676369,0.1951357428915798,37032.71438441591,0.9454936895833731,37032.71438442741,3.106250562304125e-11
Ablated PINN,2,914,True,optimal,2.923230640590191e-07,0.21315976418554783,0.2131600565086119,0.1647420800291001,37283.19867560678,0.7728562411149686,37283.19867560677,-1.9515379239560406e-14
Ablated PINN,2,915,True,optimal,2.923230640590191e-07,0.2407243768684566,0.24072466919152066,0.1722468216903507,37566.85684767441,0.7155345659788238,37566.85684767456,3.873604674293557e-13
Ablated PINN,2,916,True,optimal,2.923230640590191e-07,0.2538588158786297,0.2538591082016937,0.166536655742675,38610.71291775249,0.6560200141030981,38610.71291774934,-8.159625681226121e-12
Ablated PINN,2,917,True,optimal,2.923230640590191e-07,0.24191927490755916,0.24191956723062322,0.1557568660937249,37374.22925915304,0.6438374037981023,37374.22925915289,-4.0882477826731914e-13
Ablated PINN,2,918,True,optimal,2.923230640590191e-07,0.276620713993907,0.276621006316971,0.1672582039609551,38209.33611460351,0.6046475146189706,38209.33611460149,-5.293774826854203e-12
Ablated PINN,2,919,True,optimal,2.923230640590191e-07,0.24583841999992728,0.24583871232299134,0.1697634500451386,37987.22887364677,0.6905480769932505,37987.22887364591,-2.260135903383211e-12
Ablated PINN,2,920,True,optimal,2.923230640590191e-07,0.25672107795253396,0.256721370275598,0.1747388020157814,36748.78325747851,0.6806554585938605,36748.7832574778,-1.9403196051256163e-12
Ablated PINN,2,921,True,optimal,2.923230640590191e-07,0.22330699115991592,0.22330728348297998,0.1688438202254474,37805.06536750914,0.7561052984566726,37805.065367508214,-2.4442402308222164e-12
Ablated PINN,2,922,True,optimal,2.923230640590191e-07,0.2632099096663296,0.26321020198939366,0.1664874609559774,37344.2401740349,0.6325266258588496,37344.240174034785,-3.117356820875346e-13
Ablated PINN,2,923,True,optimal,2.923230640590191e-07,0.2980884308926761,0.29808872321574015,0.1795812579803168,37475.189696928144,0.6024423065824794,37475.18969692802,-3.3006178338640207e-13
Ablated PINN,2,924,True,optimal,2.923230640590191e-07,0.2767435652203858,0.2767438575434498,0.1640407489612698,36646.25634727243,0.5927529897768906,36646.256347272596,4.566551724694094e-13
Ablated PINN,2,925,True,optimal,2.923230640590191e-07,0.29031274607405066,0.2903130383971147,0.1712135933339595,37889.51640016583,0.5897550942915595,37889.51640016973,1.0292855786317843e-11
Ablated PINN,2,926,True,optimal,2.923230640590191e-07,0.27272016974166036,0.2727204620647244,0.1765804062597453,37144.36483203666,0.64747765870915,37144.36483203508,-4.2702540938967406e-12
Ablated PINN,2,927,True,optimal,2.923230640590191e-07,0.21281111100688577,0.21281140332994983,0.1653168490156531,36389.86518204751,0.776823264302902,36389.865182046386,-3.099141545472952e-12
Ablated PINN,2,928,True,optimal,2.923230640590191e-07,0.21299866074696183,0.2129989530700259,0.1713407700881362,37839.620375219565,0.8044207148370627,37839.620375219645,2.115125177324226e-13
Ablated PINN,2,929,True,optimal,2.923230640590191e-07,0.2255524848587811,0.22555277718184516,0.1700820690020918,37538.42090298611,0.7540677225400254,37538.42090298501,-2.926786938057643e-12
Ablated PINN,2,930,True,optimal,2.923230640590191e-07,0.18635439313948154,0.1863546854625456,0.184565728995949,36687.36547948648,0.99040026033069,36687.3654794865,5.94969754771713e-14
Ablated PINN,2,931,True,optimal,2.923230640590191e-07,0.20734514482319355,0.2073454371462576,0.1721314727328717,37628.348302235376,0.8301676424712127,37628.34830223172,-9.706859022837032e-12
Ablated PINN,2,932,True,optimal,2.923230640590191e-07,0.21208805311471224,0.2120883454377763,0.1624365742318332,38580.05774407487,0.7658910907930572,38580.057744073376,-3.86617179477052e-12
Ablated PINN,2,933,True,optimal,2.923230640590191e-07,0.23870554473251104,0.2387058370555751,0.1571075972169637,38474.17297712669,0.6581640363506744,38474.17297712631,-9.833864295470917e-13
Ablated PINN,2,934,True,optimal,2.923230640590191e-07,0.2288892581127584,0.22888955043582246,0.1714016650803387,36572.00701525348,0.7488400617414703,36572.00701525498,4.098345677054708e-12
Ablated PINN,2,935,True,optimal,2.923230640590191e-07,0.30003885505720973,0.30003914738027376,0.1776131740771234,37616.63114837118,0.5919666671096556,37616.631148373315,5.667321915530052e-12
Ablated PINN,2,936,True,optimal,2.923230640590191e-07,0.2798137371428311,0.2798140294658951,0.1541957431472838,37643.32475835425,0.5510650893438415,37643.32475835395,-7.92475861514637e-13
Ablated PINN,2,937,True,optimal,2.923230640590191e-07,0.28090905025601387,0.2809093425790779,0.1694246246479451,38498.630669695616,0.603129191405412,38498.63066969398,-4.252334264137645e-12
Ablated PINN,2,938,True,optimal,2.923230640590191e-07,0.23485196707770228,0.23485225940076634,0.1775129660964012,37176.86630960862,0.7558495138574849,37176.86630961015,4.129522493389694e-12
Ablated PINN,2,939,True,optimal,2.923230640590191e-07,0.2399198110215366,0.23992010334460065,0.1766269081272184,37962.35783331163,0.7361905303680478,37962.357833312526,2.3574478447154223e-12
Ablated PINN,2,940,True,optimal,2.923230640590191e-07,0.25201654713600874,0.2520168394590728,0.1664674277417361,36759.09810019734,0.6605408912318742,36759.09810020003,7.323640830114423e-12
Ablated PINN,2,941,True,optimal,2.923230640590191e-07,0.24732452584430575,0.24732481816736981,0.1603717789985239,37584.68643838868,0.6484257430647214,37584.686438388766,2.3230602578879545e-13
Ablated PINN,2,942,True,optimal,2.923230640590191e-07,0.26035262597724795,0.260352918300312,0.1667221882380545,36956.17546753289,0.6403699613835083,36956.175467531575,-3.5635406302369644e-12
Ablated PINN,2,943,True,optimal,2.923230640590191e-07,0.25891061080619693,0.25891090312926096,0.1786800809204578,37829.79177671287,0.6901218865674884,37829.791776713144,7.30869445359117e-13
Ablated PINN,2,944,True,optimal,2.923230640590191e-07,0.23774385824799538,0.23774415057105944,0.1818900229409337,37916.61795178456,0.7650662382398701,37916.61795178458,5.756809025084196e-14
Ablated PINN,2,945,True,optimal,2.923230640590191e-07,0.17940156301483512,0.17940185533789918,0.1698925197124481,36731.51476814787,0.9469942180500839,36731.51476815871,2.951464679189966e-11
Ablated PINN,2,946,True,optimal,2.923230640590191e-07,0.21513411588966846,0.21513440821273253,0.1518744160421192,37405.165886938725,0.7059513041351358,37405.16588693615,-6.8859178521122976e-12
Ablated PINN,2,947,True,optimal,2.923230640590191e-07,0.21822351217269897,0.21822380449576304,0.1746546477079391,38742.33508880985,0.8003464521732785,38742.33508880983,-5.634113894403576e-14
Ablated PINN,2,948,True,optimal,2.923230640590191e-07,0.24215666996315122,0.24215696228621528,0.1629310543648898,37892.74735451319,0.672832417563592,37892.74735450908,-1.0829618808071702e-11
Ablated PINN,2,949,True,optimal,2.923230640590191e-07,0.24344328418374062,0.24344357650680468,0.1739861140958964,38100.98709894441,0.7146876356009877,38100.98709894315,-3.303695686373979e-12
Ablated PINN,2,950,True,optimal,2.923230640590191e-07,0.22473728004842997,0.22473757237149403,0.1612791228108108,37506.788922990185,0.7176331091812916,37506.78892298983,-9.505530420826135e-13
Ablated PINN,2,951,True,optimal,2.923230640590191e-07,0.2648698789998889,0.26487017132295293,0.1746421181596815,37170.31641944128,0.6593498893718105,37170.31641944126,-5.872393604681179e-14
Ablated PINN,2,952,True,optimal,2.923230640590191e-07,0.26274678064510226,0.2627470729681663,0.1561151021160185,37776.67107129443,0.59416495244814,37776.6710712908,-9.610965568208607e-12
Ablated PINN,2,953,True,optimal,2.923230640590191e-07,0.24169338727369905,0.2416936795967631,0.1771903140470385,36492.996182438736,0.7331193531525494,36492.996182442206,9.51040513257621e-12
Ablated PINN,2,954,True,optimal,2.923230640590191e-07,0.2657545730471611,0.26575486537022514,0.1568576139397919,37584.16674253724,0.5902342134781704,37584.16674253723,-3.871820633420401e-14
Ablated PINN,2,955,True,optimal,2.923230640590191e-07,0.2518881573341787,0.2518884496572427,0.1804337482899427,37369.17707605438,0.7163240257164153,37369.17707605377,-1.6355201998361457e-12
Ablated PINN,2,956,True,optimal,2.923230640590191e-07,0.27934172796085477,0.2793420202839188,0.1667911242693662,38000.57359270977,0.5970856948046783,38000.57359270901,-1.9912846579248623e-12
Ablated PINN,2,957,True,optimal,2.923230640590191e-07,0.2745382091961801,0.27453850151924414,0.158080656081438,36539.97799590438,0.575805051774704,36539.97799590205,-6.371942634447308e-12
Ablated PINN,2,958,True,optimal,2.923230640590191e-07,0.2328714239411056,0.23287171626416966,0.158338532783091,38578.757388685,0.6799388750305416,38578.75738868,-1.2956827070874187e-11
Ablated PINN,2,959,True,optimal,2.923230640590191e-07,0.24238856881856918,0.24238886114163324,0.1683618519455194,38230.93145158145,0.6945940137370495,38230.93145157973,-4.491457392614112e-12
Ablated PINN,2,960,True,optimal,2.923230640590191e-07,0.18780429102480412,0.18780458334786818,0.1607487122528255,36342.0806295698,0.8559360447293908,36342.08062956908,-1.982054387986993e-12
Ablated PINN,2,961,True,optimal,2.923230640590191e-07,0.2602986670099199,0.2602989593329839,0.1781878303736448,37129.59631251094,0.6845506829157179,37129.596312508984,-5.2713543711646695e-12
Ablated PINN,2,962,True,optimal,2.923230640590191e-07,0.24216110818088055,0.2421614005039446,0.1792335021309554,37069.95701646289,0.7401406737736299,37069.9570164651,5.9668024803197195e-12
Ablated PINN,2,963,True,optimal,2.923230640590191e-07,0.2054032781161368,0.20540357043920085,0.1543464898131787,37063.69004129028,0.7514304132257771,37063.690041289934,-9.422860084674028e-13
Ablated PINN,2,964,True,optimal,2.923230640590191e-07,0.24904756201431155,0.2490478543373756,0.1753977257758379,37947.23281338346,0.7042731857397707,37947.23281338345,-1.91738819269512e-14
Ablated PINN,2,965,True,optimal,2.923230640590191e-07,0.22177823400124907,0.22177852632431314,0.1727722520008683,38960.64235283441,0.7790305710130766,38960.642352845425,2.8274174044957194e-11
Ablated PINN,2,966,True,optimal,2.923230640590191e-07,0.16720251506194472,0.16720280738500878,0.1823322540149092,35812.02903461007,1.0904856016864757,35812.02903461083,2.1332931143078366e-12
Ablated PINN,2,967,True,optimal,2.923230640590191e-07,0.16146262595430017,0.16146291827736423,0.1871379967778921,36899.76525521711,1.1590153254657687,36899.76525521714,7.887267101955026e-14
Ablated PINN,2,968,True,optimal,2.923230640590191e-07,0.1914004059508443,0.19140069827390835,0.1637383322231471,36398.27997577356,0.8554740588711208,36398.27997577266,-2.478740052439992e-12
Ablated PINN,2,969,True,optimal,2.923230640590191e-07,0.17214599810540676,0.17214629042847082,0.1538550127297639,37352.33239972945,0.8937457342055988,37352.33239972834,-2.9803266448178413e-12
Ablated PINN,2,970,True,optimal,2.923230640590191e-07,0.1738201230764389,0.17382041539950296,0.1577663123607635,36937.63631732075,0.9076397153818712,36937.63631731989,-2.324358253727914e-12
Ablated PINN,2,971,True,optimal,2.923230640590191e-07,0.16157605592161417,0.16157634824467823,0.1726000271737575,35908.58743828199,1.068225820479529,35908.58743828115,-2.3301811219091685e-12
Ablated PINN,2,972,True,optimal,2.923230640590191e-07,0.21829667314887047,0.21829696547193453,0.1860187347047031,37634.0887822892,0.8521361453767835,37634.08878228922,5.800026930058843e-14
Ablated PINN,2,973,True,optimal,2.923230640590191e-07,0.16906824661418796,0.16906853893725202,0.167913569137454,37601.82999232428,0.9931686296749351,37601.8299923228,-3.9474019046317964e-12
Ablated PINN,2,974,True,optimal,2.923230640590191e-07,0.17178187565878034,0.1717821679818444,0.1611481108702719,36243.177270124615,0.9380956869010035,36243.17727011884,-1.5939856217914244e-11
Ablated PINN,2,975,True,optimal,2.923230640590191e-07,0.17406630609184504,0.1740665984149091,0.1785363280214369,37350.72194897757,1.0256782728405691,37350.72194897741,-4.285621780770348e-13
Ablated PINN,2,976,True,optimal,2.923230640590191e-07,0.18352726195007563,0.1835275542731397,0.1756710689514875,38114.041799932274,0.957191794154465,38114.0417999312,-2.8253149654179695e-12
Ablated PINN,2,977,True,optimal,2.923230640590191e-07,0.17923175916075706,0.17923205148382113,0.1640827269293368,37285.81046491984,0.9154764762827489,37285.810464916816,-8.117829087684852e-12
Ablated PINN,2,978,True,optimal,2.923230640590191e-07,0.1991791557520628,0.19917944807512686,0.1618214529007673,38025.7304569932,0.8124405126362796,38025.73045699129,-5.0323210876763594e-12
Ablated PINN,2,979,True,optimal,2.923230640590191e-07,0.15208892477676272,0.15208921709982678,0.1591421430930495,37469.086759203085,1.0463736096990583,37469.08675920141,-4.466269119439249e-12
Ablated PINN,2,980,True,optimal,2.923230640590191e-07,0.19480119179934263,0.1948014841224067,0.1636582026258111,38251.63513537474,0.8401281097169352,38251.63513537326,-3.861323549835135e-12
Ablated PINN,2,981,True,optimal,2.923230640590191e-07,0.18224698910489678,0.18224728142796084,0.1569830761291086,37876.70591719041,0.8613740347680372,37876.70591718672,-9.73925905398436e-12
Ablated PINN,2,982,True,optimal,2.923230640590191e-07,0.18324476573616266,0.18324505805922672,0.1553159328177571,37334.6946502916,0.8475859292617723,37334.69465029316,4.170530773105149e-12
Ablated PINN,2,983,True,optimal,2.923230640590191e-07,0.19940892327576876,0.19940921559883282,0.1601642942987382,37690.19867629384,0.8031940440553826,37690.19867629284,-2.644735841549423e-12
Ablated PINN,2,984,True,optimal,2.923230640590191e-07,0.1799246370792389,0.17992492940230295,0.1752495313994586,37822.04230656929,0.9740147292630561,37822.04230657359,1.1369272222604237e-11
Ablated PINN,2,985,True,optimal,2.923230640590191e-07,0.17472717724740505,0.1747274695704691,0.1567981499247253,38594.236572782494,0.897386943851363,38594.23657278317,1.75327747924999e-12
Ablated PINN,2,986,True,optimal,2.923230640590191e-07,0.20516130700707436,0.20516159933013842,0.1680581690743565,36311.45272581084,0.8191502192567895,36311.452725807845,-8.255507042583168e-12
Ablated PINN,2,987,True,optimal,2.923230640590191e-07,0.22140607796609402,0.22140637028915808,0.1654749000445008,38177.84485853607,0.7473809350127982,38177.84485853461,-3.8116125418518045e-12
Ablated PINN,2,988,True,optimal,2.923230640590191e-07,0.22774106916040182,0.22774136148346588,0.1613489440642297,37277.40101052316,0.7084744862032614,37277.40101052255,-1.6200283968475866e-12
Ablated PINN,2,989,True,optimal,2.923230640590191e-07,0.23773133615031838,0.23773162847338244,0.1631945217959582,38179.06883077564,0.6864653342255224,38179.068830773365,-5.9649823921416615e-12
Ablated PINN,2,990,True,optimal,2.923230640590191e-07,0.1948734438046813,0.19487373612774536,0.1789532070979476,38506.60753554843,0.9183033622377856,38506.60753554845,5.6686044914237846e-14
Ablated PINN,2,991,True,optimal,2.923230640590191e-07,0.19643438793718815,0.1964346802602522,0.1578897107392549,35437.07459574925,0.8037771666900677,35437.07459574683,-6.816640356082485e-12
Ablated PINN,2,992,True,optimal,2.923230640590191e-07,0.2253953251056373,0.22539561742870137,0.167221387848258,38119.41415399938,0.7419016827208478,38119.41415400393,1.1929547213116163e-11
Ablated PINN,2,993,True,optimal,2.923230640590191e-07,0.21793468203395605,0.2179349743570201,0.1602107011713087,37604.41913579607,0.735130750096367,37604.41913579514,-2.476630662083388e-12
Ablated PINN,2,994,True,optimal,2.923230640590191e-07,0.242229375988245,0.24222966831130907,0.1647424660623073,40263.60160688077,0.6801085400099849,40263.60160687155,-2.291378288724161e-11
Ablated PINN,2,995,True,optimal,2.923230640590191e-07,0.2540158610790968,0.2540161534021608,0.162996135186404,38390.42170544686,0.6416762595737245,38390.421705445246,-4.207462483069171e-12
Ablated PINN,2,996,True,optimal,2.923230640590191e-07,0.25550892390310764,0.2555092162261717,0.1651918441057205,38778.35034551141,0.6465201003140958,38778.35034550955,-4.803311983709895e-12
Ablated PINN,2,997,True,optimal,2.923230640590191e-07,0.26647050119936466,0.2664707935224287,0.183085607830435,37455.25240619008,0.6870757031577827,37455.25240618882,-3.360651941690575e-12
Ablated PINN,2,998,True,optimal,2.923230640590191e-07,0.23689576517790556,0.23689605750096962,0.1608352991752326,37185.404543198085,0.6789277156905589,37185.40454319675,-3.5807066233440334e-12
Ablated PINN,2,999,True,optimal,2.923230640590191e-07,0.2412378378212452,0.24123813014430925,0.17379155382514,37624.27994287323,0.720414943198148,37624.27994287492,4.4865235136820174e-12
Ablated PINN,3,0,True,optimal,2.4388311430811883e-07,0.19997050892561674,0.19997075280873106,0.7029111012816429,37581.16658725598,3.5150695359634243,37581.16658725591,-1.936064863045191e-13
Ablated PINN,3,1,True,optimal,2.4388311430811883e-07,0.20539633417502046,0.20539657805813477,0.1652762829326093,37707.62420900778,0.8046691161808452,37707.624209007285,-1.3121089650784233e-12
Ablated PINN,3,2,True,optimal,2.4388311430811883e-07,0.2122523058205843,0.2122525497036986,0.174185655079782,35928.650807939695,0.8206528276006229,35928.650807939666,-8.100451812763921e-14
Ablated PINN,3,3,True,optimal,2.4388311430811883e-07,0.22558222711086273,0.22558247099397705,0.1632512500509619,36902.03678381335,0.7236876576962429,36902.03678381324,-3.1547126384633337e-13
Ablated PINN,3,4,True,optimal,2.4388311430811883e-07,0.2278893501497805,0.22788959403289483,0.177220526151359,37600.85536654788,0.7776595807431999,37600.855366546464,-3.773349624455707e-12
Ablated PINN,3,5,True,optimal,2.4388311430811883e-07,0.20716096693649888,0.2071612108196132,0.1503279763273894,36866.67547005534,0.7256569689500818,36866.675470054164,-3.197210267725683e-12
Ablated PINN,3,6,True,optimal,2.4388311430811883e-07,0.19795847591012716,0.19795871979324148,0.17819330887869,38004.28690234184,0.9001538758424206,38004.2869023481,1.6483928568137145e-11
Ablated PINN,3,7,True,optimal,2.4388311430811883e-07,0.24088130705058575,0.24088155093370006,0.1764783598482608,36775.08123419669,0.7326354349853654,36775.081234196696,1.9785021188253975e-14
Ablated PINN,3,8,True,optimal,2.4388311430811883e-07,0.1861280109733343,0.18612825485644863,0.1664968747645616,36978.40899588076,0.894527673366799,36978.40899587926,-4.053303831132245e-12
Ablated PINN,3,9,True,optimal,2.4388311430811883e-07,0.21790743013843894,0.21790767402155325,0.1648466871120035,37364.12630120166,0.7564978509921524,37364.126301204175,6.7376962442890074e-12
Ablated PINN,3,10,True,optimal,2.4388311430811883e-07,0.25180158019065857,0.2518018240737729,0.1573416241444647,36704.93616789373,0.6248629243383351,36704.936167892505,-3.3302356761814236e-12
Ablated PINN,3,11,True,optimal,2.4388311430811883e-07,0.2287907670252025,0.22879101090831683,0.1653347578831017,38193.61240151597,0.72264534007132,38193.61240151448,-3.905289961125539e-12
Ablated PINN,3,12,True,optimal,2.4388311430811883e-07,0.13829812733456492,0.13829837121767924,0.1727200988680124,37317.390173038286,1.2488946713345883,37317.39017304146,8.500909375157656e-12
Ablated PINN,3,13,True,optimal,2.4388311430811883e-07,0.20356738800182939,0.2035676318849437,0.1623006612062454,36927.52024933221,0.7972812755319452,36927.52024932933,-7.782822237175339e-12
Ablated PINN,3,14,True,optimal,2.4388311430811883e-07,0.2665071147494018,0.2665073586325161,0.1527521843090653,37281.01560739845,0.5731631017351888,37281.01560739823,-5.854956601079966e-13
Ablated PINN,3,15,True,optimal,2.4388311430811883e-07,0.19701371993869543,0.19701396382180975,0.1881736749783158,36970.38087601325,0.9551286179314193,36970.3808760166,9.053032246946377e-12
Ablated PINN,3,16,True,optimal,2.4388311430811883e-07,0.16670388169586658,0.1667041255789809,0.1507117301225662,38848.967280889054,0.9040671884941573,38848.967280889214,4.120342925840889e-13
Ablated PINN,3,17,True,optimal,2.4388311430811883e-07,0.18924112292006612,0.18924136680318043,0.1645431309007108,37957.91146352359,0.8694881762920423,37957.91146352249,-2.8944416522955584e-12
Ablated PINN,3,18,True,optimal,2.4388311430811883e-07,0.19670199789106846,0.19670224177418277,0.1679855650290846,38056.53689326101,0.8540094078944694,38056.53689326098,-7.647524665305887e-14
Ablated PINN,3,19,True,optimal,2.4388311430811883e-07,0.18574389489367604,0.18574413877679036,0.1546796639449894,36767.26822304173,0.8327566348183331,36767.26822304099,-1.9987117742187557e-12
Ablated PINN,3,20,True,optimal,2.4388311430811883e-07,0.22846141224727035,0.22846165613038466,0.1571014206856489,37706.58572882871,0.6876489619596823,37706.58572882914,1.1384788384820887e-12
Ablated PINN,3,21,True,optimal,2.4388311430811883e-07,0.17436604900285602,0.17436629288597033,0.1470939521677792,36531.38966684323,0.8435916697728596,36531.38966684286,-1.0157671025040427e-12
Ablated PINN,3,22,True,optimal,2.4388311430811883e-07,0.18631559377536178,0.1863158376584761,0.1775176827795803,35866.798990233656,0.95277827698672,35866.798990230076,-9.9807377490057e-12
Ablated PINN,3,23,True,optimal,2.4388311430811883e-07,0.19301645318046212,0.19301669706357644,0.1634733946993947,36789.37153111116,0.8469391362838902,36789.371531111115,-1.1866401590519914e-13
Ablated PINN,3,24,True,optimal,2.4388311430811883e-07,0.1863507768139243,0.18635102069703863,0.1636657412163913,37923.84644974744,0.8782658694554292,37923.8464497476,4.220855279649551e-13
Ablated PINN,3,25,True,optimal,2.4388311430811883e-07,0.1911231428384781,0.1911233867215924,0.1676783710718155,39062.01264174192,0.8773304719430854,39062.01264174083,-2.794002582860371e-12
Ablated PINN,3,26,True,optimal,2.4388311430811883e-07,0.19606943614780903,0.19606968003092334,0.1732960944063961,38502.70951805598,0.8838495293054209,38502.709518056,5.6691783814108e-14
Ablated PINN,3,27,True,optimal,2.4388311430811883e-07,0.2760519306175411,0.2760521745006554,0.1849055322818458,37098.46446151903,0.6698209590861485,37098.46446151911,2.1573813072246108e-13
Ablated PINN,3,28,True,optimal,2.4388311430811883e-07,0.22487488901242614,0.22487513289554045,0.1622271696105599,37732.51147009323,0.7214099999483627,37732.51147009345,5.784897954606344e-13
Ablated PINN,3,29,True,optimal,2.4388311430811883e-07,0.2526244521141052,0.25262469599721954,0.1579065909609198,36949.69147879762,0.6250639524279042,36949.6914787974,-5.907457401931351e-13
Ablated PINN,3,30,True,optimal,2.4388311430811883e-07,0.2616558871231973,0.26165613100631163,0.1673054611310362,37873.52054076799,0.6394096728694673,37873.52054076741,-1.5368959653700862e-12
Ablated PINN,3,31,True,optimal,2.4388311430811883e-07,0.2523710848763585,0.2523713287594728,0.1790197207592427,37154.95594431231,0.7093504703533925,37154.95594431116,-3.0940725774618032e-12
Ablated PINN,3,32,True,optimal,2.4388311430811883e-07,0.2513295500539243,0.25132979393703864,0.1805329089984297,36261.06802752526,0.7183108145294367,36261.06802752853,9.009400843594836e-12
Ablated PINN,3,33,True,optimal,2.4388311430811883e-07,0.2340843053534627,0.234084549236577,0.1816727579571306,39175.58797208662,0.7760988862768702,39175.58797208612,-1.2815151000065922e-12
Ablated PINN,3,34,True,optimal,2.4388311430811883e-07,0.2521820650435984,0.25218230892671273,0.1574292448349297,37392.7018554338,0.6242676003124413,37392.70185543376,-9.729114577375886e-14
Ablated PINN,3,35,True,optimal,2.4388311430811883e-07,0.2645498258061707,0.264550069689285,0.1631733779795467,37819.358279943845,0.6167958230787631,37819.358279942855,-2.616464901927509e-12
Ablated PINN,3,36,True,optimal,2.4388311430811883e-07,0.21495851082727313,0.21495875471038745,0.1727020228281617,36667.54102069772,0.8034193492646625,36667.54102069579,-5.258407610890072e-12
Ablated PINN,3,37,True,optimal,2.4388311430811883e-07,0.18978757178410888,0.1897878156672232,0.1722064823843538,37589.13373195846,0.9073632139078055,37589.13373195735,-2.9615513964973284e-12
Ablated PINN,3,38,True,optimal,2.4388311430811883e-07,0.24525431403890252,0.24525455792201684,0.1687738937325775,38839.06333083153,0.6881580312413287,38839.0633308314,-3.3720493189993135e-13
Ablated PINN,3,39,True,optimal,2.4388311430811883e-07,0.28707916801795363,0.28707941190106795,0.1731656058691442,38987.1527669687,0.6031975777100302,38987.15276696869,-1.866244928854583e-14
Ablated PINN,3,40,True,optimal,2.4388311430811883e-07,0.2568431948311627,0.256843438714277,0.1702394988387823,37519.98880849758,0.662814279745583,37519.98880849703,-1.4738084851259398e-12
Ablated PINN,3,41,True,optimal,2.4388311430811883e-07,0.2924377438612282,0.29243798774434254,0.174827363807708,37988.35995223662,0.5978271330486208,37988.35995223559,-2.719743580699688e-12
Ablated PINN,3,42,True,optimal,2.4388311430811883e-07,0.2656378182582557,0.26563806214137003,0.1791499881073832,36992.35131840283,0.6744138496690331,36992.35131840169,-3.0683353378728157e-12
Ablated PINN,3,43,True,optimal,2.4388311430811883e-07,0.2549336547963321,0.25493389867944644,0.1642176043242216,35874.39157093305,0.6441575842791649,35874.39157093407,2.8597280084078103e-12
Ablated PINN,3,44,True,optimal,2.4388311430811883e-07,0.2897068979218602,0.28970714180497453,0.1563226277939975,39059.96251351456,0.5395884506679887,39059.962513513856,-1.806883169259571e-12
Ablated PINN,3,45,True,optimal,2.4388311430811883e-07,0.29751238133758307,0.2975126252206974,0.1920943218283355,37354.62688591712,0.6456677987558959,37354.62688591715,7.791225045726797e-14
Ablated PINN,3,46,True,optimal,2.4388311430811883e-07,0.2676696050912142,0.2676698489743285,0.1867278451099991,35926.89636147079,0.6976050751532634,35926.896361471896,3.0783220076364124e-12
Ablated PINN,3,47,True,optimal,2.4388311430811883e-07,0.29887333419173956,0.2988735780748539,0.1675027632154524,36344.674703520446,0.5604468762156714,36344.674703519515,-2.5624732707410037e-12
Ablated PINN,3,48,True,optimal,2.4388311430811883e-07,0.31971466867253184,0.31971491255564616,0.1656385827809572,38775.287127550735,0.5180821296602107,38775.28712751603,-8.950628194057989e-11
Ablated PINN,3,49,True,optimal,2.4388311430811883e-07,0.30959781678393483,0.30959806066704915,0.1572557552717626,37206.57563606999,0.5079352077753486,37206.575636070105,3.1288910585492244e-13
Ablated PINN,3,50,True,optimal,2.4388311430811883e-07,0.2842455320060253,0.28424577588913963,0.17130042379722,38144.41590346441,0.6026489690528589,38144.41590346561,3.1473361903838424e-12
Ablated PINN,3,51,True,optimal,2.4388311430811883e-07,0.21872833091765642,0.21872857480077074,0.1825809488072991,38201.28089594828,0.8347375233144698,38201.28089594681,-3.847366903922158e-12
Ablated PINN,3,52,True,optimal,2.4388311430811883e-07,0.2211992358788848,0.2211994797619991,0.1925481427460909,37557.40050408594,0.8704728553306916,37557.40050409027,1.1526875455526153e-11
Ablated PINN,3,53,True,optimal,2.4388311430811883e-07,0.2711099088191986,0.2711101527023129,0.1949777109548449,37103.61659903618,0.7191826237836849,37103.616599036104,-1.9609833976056205e-13
Ablated PINN,3,54,True,optimal,2.4388311430811883e-07,0.24417104898020625,0.24417129286332057,0.148077490273863,38652.06382056266,0.606449220698324,38652.063820562544,-3.0118785472200993e-13
Ablated PINN,3,55,True,optimal,2.4388311430811883e-07,0.18890305794775486,0.18890330183086917,0.1681971619836986,36125.056598874,0.8903876234746315,36125.05659887248,-4.20947476497998e-12
Ablated PINN,3,56,True,optimal,2.4388311430811883e-07,0.15392159996554255,0.15392184384865687,0.1599473869428038,38451.28557363243,1.03914677048744,38451.28557363032,-5.487534881174749e-12
Ablated PINN,3,57,True,optimal,2.4388311430811883e-07,0.1554564698599279,0.1554567137430422,0.1934801298193633,37953.532765328346,1.2445916625972862,37953.532765328346,0.0
Ablated PINN,3,58,True,optimal,2.4388311430811883e-07,0.160744936671108,0.16074518055422232,0.1737125380896031,37505.3012961932,1.0806702726058195,37505.301296193196,-1.939981112729239e-14
Ablated PINN,3,59,True,optimal,2.4388311430811883e-07,0.17456395598128438,0.1745641998643987,0.1754008373245597,37336.403300325714,1.0047927207343252,37336.403300324935,-2.0851699572005503e-12
Ablated PINN,3,60,True,optimal,2.4388311430811883e-07,0.18632877198979259,0.1863290158729069,0.1667244080454111,38224.219037981136,0.8947849977328926,38224.21903797966,-3.8640930615524385e-12
Ablated PINN,3,61,True,optimal,2.4388311430811883e-07,0.18887221533805132,0.18887245922116563,0.1633260962553322,38559.43102619601,0.8647427842514658,38559.43102620553,2.468125775218627e-11
Ablated PINN,3,62,True,optimal,2.4388311430811883e-07,0.17684873985126615,0.17684898373438046,0.1568778399378061,37686.15846246544,0.8870723293125046,37686.15846246426,-3.1469938552986467e-12
Ablated PINN,3,63,True,optimal,2.4388311430811883e-07,0.21121189976111054,0.21121214364422486,0.1753939697518944,37413.68150609963,0.8304161244030352,37413.6815060899,-2.600106415236702e-11
Ablated PINN,3,64,True,optimal,2.4388311430811883e-07,0.2055277293547988,0.2055279732379131,0.1682122419588267,36439.882954135726,0.8184396474542625,36439.88295413415,-4.332842683015832e-12
Ablated PINN,3,65,True,optimal,2.4388311430811883e-07,0.1705890060402453,0.1705892499233596,0.1703032590448856,38366.51620609775,0.9983235117183381,38366.51620609488,-7.490915365272795e-12
Ablated PINN,3,66,True,optimal,2.4388311430811883e-07,0.16315228398889303,0.16315252787200735,0.1573258978314697,37814.308432089,0.9642872218007641,37814.3084320887,-7.888925503351867e-13
Ablated PINN,3,67,True,optimal,2.4388311430811883e-07,0.2526210378855467,0.252621281768661,0.1498328209854662,37614.95786348039,0.5931124247983043,37614.957863476084,-1.145120758404072e-11
Ablated PINN,3,68,True,optimal,2.4388311430811883e-07,0.17577679501846433,0.17577703890157864,0.1642994992434978,36768.491662672684,0.9347039879053408,36768.49166267074,-5.2835473938115906e-12
Ablated PINN,3,69,True,optimal,2.4388311430811883e-07,0.1593253230676055,0.1593255669507198,0.1661655101925134,36594.212788340985,1.0429306066358404,36594.212788345576,1.2546052790108079e-11
Ablated PINN,3,70,True,optimal,2.4388311430811883e-07,0.1798200961202383,0.17982034000335262,0.1636013891547918,37939.40345430642,0.9098046925711606,37939.403454305924,-1.3040930344631268e-12
Ablated PINN,3,71,True,optimal,2.4388311430811883e-07,0.19367022579535842,0.19367046967847273,0.1718249088153243,37461.55847289165,0.887202417077751,37461.5584728917,1.359572462425442e-13
Ablated PINN,3,72,True,optimal,2.4388311430811883e-07,0.1735263760201633,0.1735266199032776,0.1588552822358906,38787.67504438643,0.9154519480897818,38787.675044385316,-2.8700392939152866e-12
Ablated PINN,3,73,True,optimal,2.4388311430811883e-07,0.20186059596017003,0.20186083984328435,0.1616515391506254,37538.58368513447,0.8008068294777946,37538.5836851343,-4.651826616717937e-13
Ablated PINN,3,74,True,optimal,2.4388311430811883e-07,0.1949019911698997,0.19490223505301402,0.1628123982809484,38012.70549453402,0.8353541878914981,38012.7054945317,-6.105933394449553e-12
Ablated PINN,3,75,True,optimal,2.4388311430811883e-07,0.1881996989250183,0.18819994280813263,0.1758916899561882,38298.60953290395,0.9346001243768043,38298.60953290395,0.0
Ablated PINN,3,76,True,optimal,2.4388311430811883e-07,0.19893778814002872,0.19893803202314303,0.157206985168159,37765.73389393453,0.7902309255269534,37765.73389393302,-3.988068205866018e-12
Ablated PINN,3,77,True,optimal,2.4388311430811883e-07,0.19237183965742588,0.1923720835405402,0.1539055360481143,38288.2214258203,0.8000409062247354,38288.22142581889,-3.686605761738757e-12
Ablated PINN,3,78,True,optimal,2.4388311430811883e-07,0.20438768807798624,0.20438793196110056,0.1596518591977656,37333.24443724882,0.7811217505158318,37333.2444372473,-4.073246684788798e-12
Ablated PINN,3,79,True,optimal,2.4388311430811883e-07,0.20424148719757795,0.20424173108069227,0.1683754809200763,36868.85723945147,0.8243931346897668,36868.857239450765,-1.9142657012449694e-12
Ablated PINN,3,80,True,optimal,2.4388311430811883e-07,0.16268544318154454,0.16268568706465886,0.1564240306615829,37887.28953562926,0.9615107111384218,37887.289535628915,-9.02598238243018e-13
Ablated PINN,3,81,True,optimal,2.4388311430811883e-07,0.2112394468858838,0.21123969076899812,0.1671471409499645,38047.12494683865,0.7912676843138765,38047.124946836375,-5.985668395237418e-12
Ablated PINN,3,82,True,optimal,2.4388311430811883e-07,0.20581826707348228,0.2058185109565966,0.1646295888349414,37523.29088594467,0.799877465198739,37523.290885943534,-3.024919619291113e-12
Ablated PINN,3,83,True,optimal,2.4388311430811883e-07,0.19794858200475574,0.19794882588787005,0.1670937710441649,37748.46372995909,0.8441261032728565,37748.46372995716,-5.1078337427235416e-12
Ablated PINN,3,84,True,optimal,2.4388311430811883e-07,0.1661337069235742,0.16613395080668852,0.1756737977266311,37190.51122014362,1.0574226211657547,37190.51122014223,-3.73672708095586e-12
Ablated PINN,3,85,True,optimal,2.4388311430811883e-07,0.192696382291615,0.19269662617472932,0.1668096119537949,38475.23518885515,0.86565922437344,38475.23518885519,1.1346453236950195e-13
Ablated PINN,3,86,True,optimal,2.4388311430811883e-07,0.2637965688481927,0.263796812731307,0.157599345780909,36474.638078183685,0.5974270278293069,36474.638078181524,-5.924553402779332e-12
Ablated PINN,3,87,True,optimal,2.4388311430811883e-07,0.22671366808936,0.2267139119724743,0.1772752371616661,37692.54814357951,0.78193365206097,37692.5481435674,-3.212092062304241e-11
Ablated PINN,3,88,True,optimal,2.4388311430811883e-07,0.23013230925425887,0.23013255313737319,0.1681899102404713,38016.96605048681,0.7308392834805669,38016.96605045691,-7.864096729069958e-11
Ablated PINN,3,89,True,optimal,2.4388311430811883e-07,0.22985783824697137,0.22985808213008568,0.1562495599500835,38555.68784773327,0.6797653513077506,38555.68784773245,-2.132456341201196e-12
Ablated PINN,3,90,True,optimal,2.4388311430811883e-07,0.2156478064134717,0.215648050296586,0.1743980650790035,38145.630979779344,0.808716168957473,38145.63097977886,-1.2588943745370547e-12
Ablated PINN,3,91,True,optimal,2.4388311430811883e-07,0.21911010285839438,0.2191103467415087,0.1723951939493417,37522.18984335877,0.7867962262536222,37522.18984335709,-4.479339334652011e-12
Ablated PINN,3,92,True,optimal,2.4388311430811883e-07,0.21671609906479716,0.21671634294791148,0.1533668269403278,38441.50359721302,0.7076846390730672,38441.50359721089,-5.545713308441717e-12
Ablated PINN,3,93,True,optimal,2.4388311430811883e-07,0.2141124359332025,0.21411267981631682,0.1692102262750268,37228.57908703115,0.790285873868792,37228.57908703117,5.86320331794618e-14
Ablated PINN,3,94,True,optimal,2.4388311430811883e-07,0.21317961113527417,0.2131798550183885,0.1745448019355535,36075.97847745826,0.8187678048683239,36075.97847746244,1.1596845892259308e-11
Ablated PINN,3,95,True,optimal,2.4388311430811883e-07,0.2532562129199505,0.2532564568030648,0.1947493818588554,37387.78907527332,0.7689809149083011,37387.789075271234,-5.5852455759457806e-12
Ablated PINN,3,96,True,optimal,2.4388311430811883e-07,0.2675828067585826,0.2675830506416969,0.1967294388450682,36501.84934506344,0.7352088944844859,36501.84934506329,-4.185955304714339e-13
Ablated PINN,3,97,True,optimal,2.4388311430811883e-07,0.24254890717566013,0.24254915105877445,0.1600716123357415,37267.59634093165,0.6599553601280302,37267.596340931246,-1.0737952217770652e-12
Ablated PINN,3,98,True,optimal,2.4388311430811883e-07,0.2425751741975546,0.2425754180806689,0.1627348968759179,37118.319200907456,0.6708630996641223,37118.319200906335,-3.0187182413067188e-12
Ablated PINN,3,99,True,optimal,2.4388311430811883e-07,0.2556833983398974,0.2556836422230117,0.1670588622801005,37267.28662013373,0.6533811112342841,37267.28662013268,-2.811414491003943e-12
Ablated PINN,3,100,True,optimal,2.4388311430811883e-07,0.2581573110073805,0.2581575548904948,0.1672959411516785,36805.742381092845,0.6480381378830539,36805.74238109391,2.8862067246780484e-12
Ablated PINN,3,101,True,optimal,2.4388311430811883e-07,0.2668714951723814,0.2668717390554957,0.1578561551868915,36720.79052825218,0.5915057013738928,36720.79052825076,-3.863783198442215e-12
Ablated PINN,3,102,True,optimal,2.4388311430811883e-07,0.2818926009349525,0.2818928448180668,0.1699013072066009,38807.4214056756,0.6027159267425001,38807.421405675675,1.8748881916486505e-13
Ablated PINN,3,103,True,optimal,2.4388311430811883e-07,0.277264840900898,0.2772650847840123,0.1637306381016969,37074.08902982997,0.590520217247123,37074.0890298296,-1.0008980612437629e-12
Ablated PINN,3,104,True,optimal,2.4388311430811883e-07,0.27683050092309713,0.27683074480621145,0.1857084440998733,38523.04834376025,0.6708374975831313,38523.04834376232,5.363988706160613e-12
Ablated PINN,3,105,True,optimal,2.4388311430811883e-07,0.2690194100141525,0.26901965389726684,0.1765054389834404,37290.9212997232,0.6561061113060693,37290.921299728645,1.4594480655669937e-11
Ablated PINN,3,106,True,optimal,2.4388311430811883e-07,0.24732003174722195,0.24732027563033626,0.1627001846209168,38125.56514261794,0.6578521886499143,38125.56514261518,-7.2329103200440196e-12
Ablated PINN,3,107,True,optimal,2.4388311430811883e-07,0.20358350733295083,0.20358375121606515,0.1486449730582535,36918.559273525694,0.7301416354220497,36918.55927352569,-1.9708129887400608e-14
Ablated PINN,3,108,True,optimal,2.4388311430811883e-07,0.30721253575757146,0.3072127796406858,0.1685370439663529,38254.66403269718,0.5486003680038077,38254.66403268234,-3.88003761325614e-11
Ablated PINN,3,109,True,optimal,2.4388311430811883e-07,0.26914278510957956,0.2691430289926939,0.1633912259712815,37194.60318317333,0.6070795390198157,37194.60318318468,3.051650752187903e-11
Ablated PINN,3,110,True,optimal,2.4388311430811883e-07,0.18984442483633757,0.18984466871945188,0.1715034088119864,37328.73881476896,0.9033880696720022,37328.73881476709,-5.0093337364650365e-12
Ablated PINN,3,111,True,optimal,2.4388311430811883e-07,0.14731734804809093,0.14731759193120525,0.1681589698418975,36987.63648211704,1.1414724313469962,36987.63648211774,1.8884470525693607e-12
Ablated PINN,3,112,True,optimal,2.4388311430811883e-07,0.1633254629559815,0.1633257068390958,0.1514539830386638,37816.37176732379,0.9273125827514238,37816.371767319084,-1.2448430022163976e-11
Ablated PINN,3,113,True,optimal,2.4388311430811883e-07,0.15129549568518996,0.15129573956830428,0.1617690618149936,37243.61461154032,1.069224171655944,37243.61461153839,-5.1770720642167676e-12
Ablated PINN,3,114,True,optimal,2.4388311430811883e-07,0.16201471583917737,0.16201495972229168,0.1670810040086507,37855.0080039518,1.0312689908082726,37855.00800395073,-2.8254274022959086e-12
Ablated PINN,3,115,True,optimal,2.4388311430811883e-07,0.17757380520924926,0.17757404909236357,0.1495927912183106,37754.193696234826,0.8424248474533642,37754.19369622793,-1.8269779176700513e-11
Ablated PINN,3,116,True,optimal,2.4388311430811883e-07,0.17018403904512525,0.17018428292823956,0.186199280899018,36220.84474518762,1.0941038602109419,36220.8447451895,5.182642971651654e-12
Ablated PINN,3,117,True,optimal,2.4388311430811883e-07,0.15924972714856267,0.15924997103167698,0.1601749858818948,37509.507798005856,1.0058085715446303,37509.50779800174,-1.0979061713645726e-11
Ablated PINN,3,118,True,optimal,2.4388311430811883e-07,0.1701948489062488,0.17019509278936312,0.1637512389570474,37102.10286882047,0.9621384275732864,37102.1028688086,-3.1984944116754967e-11
Ablated PINN,3,119,True,optimal,2.4388311430811883e-07,0.1491125482134521,0.14911279209656642,0.1608690395951271,36526.41564666311,1.0788413075314642,36526.415646662936,-4.780731414481262e-13
Ablated PINN,3,120,True,optimal,2.4388311430811883e-07,0.1634206618182361,0.16342090570135043,0.1661076066084206,37424.06804941405,1.0164403745991966,37424.06804941402,-7.776768260015332e-14
Ablated PINN,3,121,True,optimal,2.4388311430811883e-07,0.19010607106611133,0.19010631494922564,0.1644488447345793,37793.24658383422,0.8650362023928608,37793.246583834516,7.893321933054626e-13
Ablated PINN,3,122,True,optimal,2.4388311430811883e-07,0.16708966810256243,0.16708991198567674,0.1663602860644459,37859.33108234029,0.9956333334995509,37859.33108233874,-4.11273756012438e-12
Ablated PINN,3,123,True,optimal,2.4388311430811883e-07,0.20207663206383586,0.20207687594695017,0.1640323339961469,37214.071053609325,0.811732333189915,37214.071053608284,-2.7958831414315727e-12
Ablated PINN,3,124,True,optimal,2.4388311430811883e-07,0.19448379473760724,0.19448403862072156,0.1715477150864899,37913.0085905288,0.8820657792953304,37913.00859052878,-5.757357079808007e-14
Ablated PINN,3,125,True,optimal,2.4388311430811883e-07,0.20649143075570464,0.20649167463881896,0.1711934232152998,38060.45539918696,0.8290572659393632,38060.455399186954,-1.9116843290158984e-14
Ablated PINN,3,126,True,optimal,2.4388311430811883e-07,0.18367002112790942,0.18367026501102374,0.1738632507622242,38667.85539992995,0.9466053242302943,38667.855399932625,6.924491607632192e-12
Ablated PINN,3,127,True,optimal,2.4388311430811883e-07,0.19922440079972148,0.1992246446828358,0.1590948719531297,36284.69110908966,0.7985702381671084,36284.69110909019,1.4638264502197546e-12
Ablated PINN,3,128,True,optimal,2.4388311430811883e-07,0.18182341614738107,0.18182366003049538,0.1773588857613504,37414.30817167844,0.9754444813815971,37414.308171678415,-7.778796903897976e-14
Ablated PINN,3,129,True,optimal,2.4388311430811883e-07,0.19487750995904207,0.1948777538421564,0.1706784111447632,37763.21038505876,0.8758229596745366,37763.21038505851,-6.55088792398103e-13
Ablated PINN,3,130,True,optimal,2.4388311430811883e-07,0.19672773778438568,0.1967279816675,0.1864167973399162,36074.912873206165,0.9475865901729665,36074.91287320609,-2.0169023386851978e-13
Ablated PINN,3,131,True,optimal,2.4388311430811883e-07,0.20236894208937883,0.20236918597249315,0.1652475572191178,38410.38132021087,0.8165648165505737,38410.38132020945,-3.693823612261861e-12
Ablated PINN,3,132,True,optimal,2.4388311430811883e-07,0.2275276929140091,0.2275279367971234,0.1704833069816231,37569.20204751008,0.7492851619958893,37569.20204750859,-3.970196942222405e-12
Ablated PINN,3,133,True,optimal,2.4388311430811883e-07,0.1627106717787683,0.16271091566188262,0.1787672601640224,37451.83319371508,1.0986801926399656,37451.83319371526,4.856876815982154e-13
Ablated PINN,3,134,True,optimal,2.4388311430811883e-07,0.14576334226876497,0.1457635861518793,0.1718095559626817,38325.85089692487,1.1786863955423246,38325.85089692507,5.125805454686331e-13
Ablated PINN,3,135,True,optimal,2.4388311430811883e-07,0.2052235989831388,0.20522384286625311,0.1495797391980886,37479.0917670911,0.7288614086403769,37479.09176709124,3.6885417482520466e-13
Ablated PINN,3,136,True,optimal,2.4388311430811883e-07,0.19946123892441392,0.19946148280752823,0.1641923622228205,36375.48393757107,0.8231782894207152,36375.483937573925,7.840927668907196e-12
Ablated PINN,3,137,True,optimal,2.4388311430811883e-07,0.21176811587065458,0.2117683597537689,0.1717461482621729,36341.14356950892,0.8110094844284985,36341.1435695065,-6.647060853461029e-12
Ablated PINN,3,138,True,optimal,2.4388311430811883e-07,0.23147852485999465,0.23147876874310896,0.1761316540651023,37306.82701671253,0.7608976625436007,37306.82701671141,-3.0034649478024293e-12
Ablated PINN,3,139,True,optimal,2.4388311430811883e-07,0.2136703273281455,0.21367057121125982,0.1690136389806866,36816.46134032205,0.7910010162961556,36816.4613403213,-2.035566719281928e-12
Ablated PINN,3,140,True,optimal,2.4388311430811883e-07,0.23510523373261094,0.23510547761572526,0.1539248223416507,36798.35369442655,0.6547053854408167,36798.35369441654,-2.720697170382587e-11
Ablated PINN,3,141,True,optimal,2.4388311430811883e-07,0.20897822873666883,0.20897847261978314,0.1662877900525927,37974.67003816838,0.7957173194348005,37974.670038168704,8.622012839325949e-13
Ablated PINN,3,142,True,optimal,2.4388311430811883e-07,0.2486346703954041,0.24863491427851842,0.1671390552073717,36542.8854043658,0.6722268097076027,36542.885404363784,-5.5152740043018696e-12
Ablated PINN,3,143,True,optimal,2.4388311430811883e-07,0.25171471294015646,0.2517149568232708,0.167740907985717,36793.263327967645,0.6663922958836649,36793.263327964414,-8.780208354722978e-12
Ablated PINN,3,144,True,optimal,2.4388311430811883e-07,0.3140956009738147,0.31409584485692904,0.1648941347375512,36690.69079785206,0.5249803123395683,36690.69079785192,-3.767800269314583e-13
Ablated PINN,3,145,True,optimal,2.4388311430811883e-07,0.26743483589962125,0.26743507978273556,0.162685742136091,37475.75503118665,0.608318632949189,37475.75503118332,-8.89211860981281e-12
Ablated PINN,3,146,True,optimal,2.4388311430811883e-07,0.24083994794636965,0.24084019182948396,0.1855383249931037,36720.69366883008,0.7703794104451873,36720.69366883274,7.252042978293708e-12
Ablated PINN,3,147,True,optimal,2.4388311430811883e-07,0.24565433990210295,0.24565458378521726,0.1595391239970922,36749.20658451377,0.6494449301079672,36749.2065845138,7.919580628170119e-14
Ablated PINN,3,148,True,optimal,2.4388311430811883e-07,0.24855928914621472,0.24855953302932904,0.1707322807051241,38037.44471917262,0.6868868742402182,38037.444719176136,9.239021058318442e-12
Ablated PINN,3,149,True,optimal,2.4388311430811883e-07,0.26387576619163156,0.26387601007474587,0.175685788039118,37751.80857057275,0.665789163589949,37751.80857057609,8.846369674361603e-12
Ablated PINN,3,150,True,optimal,2.4388311430811883e-07,0.25630150735378265,0.25630175123689697,0.1770532489754259,36709.474531042135,0.690799996960526,36709.474531044136,5.450604699362989e-12
Ablated PINN,3,151,True,optimal,2.4388311430811883e-07,0.21865664888173342,0.21865689276484773,0.1814922061748802,38595.67212062213,0.8300319458488972,38595.672120622214,2.2622093766712654e-13
Ablated PINN,3,152,True,optimal,2.4388311430811883e-07,0.24780614394694567,0.24780638783005998,0.1631717029958963,38871.27775832071,0.6584644747245005,38871.277758318734,-5.091318282261143e-12
Ablated PINN,3,153,True,optimal,2.4388311430811883e-07,0.22087023593485355,0.22087047981796787,0.1652596071362495,37324.90796936957,0.7482195324266487,37324.907969367116,-6.569333588155207e-12
Ablated PINN,3,154,True,optimal,2.4388311430811883e-07,0.22316227806732059,0.2231625219504349,0.1617744881659746,38338.45587072416,0.7249178166300936,38338.45587072423,1.8978222906831936e-13
Ablated PINN,3,155,True,optimal,2.4388311430811883e-07,0.1891844468191266,0.18918469070224092,0.1514321439899504,36979.26468021715,0.8004460795841587,36979.26468021686,-7.870310756152872e-13
Ablated PINN,3,156,True,optimal,2.4388311430811883e-07,0.22905688686296344,0.22905713074607775,0.161924394313246,38617.83856606487,0.7069170638164851,38617.83856606186,-7.800142535473041e-12
Ablated PINN,3,157,True,optimal,2.4388311430811883e-07,0.2410513423383236,0.2410515862214379,0.1768717681989073,37676.14049838544,0.7337506920051008,37676.140498387555,5.619746708976498e-12
Ablated PINN,3,158,True,optimal,2.4388311430811883e-07,0.2728583924472332,0.2728586363303475,0.1652848063968122,37010.94031413656,0.6057525193987386,37010.9403141389,6.310518928536353e-12
Ablated PINN,3,159,True,optimal,2.4388311430811883e-07,0.23037974396720529,0.2303799878503196,0.1622777027077973,37387.229501181,0.7043914891306917,37387.2295011698,-2.995059788496651e-11
Ablated PINN,3,160,True,optimal,2.4388311430811883e-07,0.16522748488932848,0.1652277287724428,0.172804741654545,37624.14857988171,1.0458579981604512,37624.14857988413,6.439730803154027e-12
Ablated PINN,3,161,True,optimal,2.4388311430811883e-07,0.18404439324513078,0.1840446371282451,0.1660154690034687,37667.62044016228,0.9020391552500745,37667.62044016225,-7.726485006656374e-14
Ablated PINN,3,162,True,optimal,2.4388311430811883e-07,0.21600404288619757,0.21600428676931188,0.1549761299975216,38997.61260539466,0.7174678443443714,38997.61260539432,-8.582424099626508e-13
Ablated PINN,3,163,True,optimal,2.4388311430811883e-07,0.1797375180758536,0.1797377619589679,0.1563915070146322,36891.7809473043,0.8701093488097098,36891.78094730343,-2.3666922313920167e-12
Ablated PINN,3,164,True,optimal,2.4388311430811883e-07,0.1540970578789711,0.15409730176208541,0.1857619322836399,37682.00765341733,1.2054846526154124,37682.007653417415,2.317060496703205e-13
Ablated PINN,3,165,True,optimal,2.4388311430811883e-07,0.17638729000464082,0.17638753388775513,0.1776875653304159,36943.49853428515,1.007370313615746,36943.49853428322,-5.2191287892488625e-12
Ablated PINN,3,166,True,optimal,2.4388311430811883e-07,0.17201204597949982,0.17201228986261413,0.1815414750017225,38013.99230255048,1.0553982808246976,38013.99230255033,-4.019443911120075e-13
Ablated PINN,3,167,True,optimal,2.4388311430811883e-07,0.17621202394366264,0.17621226782677696,0.150634597055614,36492.36374661443,0.8548473889666596,36492.36374661367,-2.073583386182483e-12
Ablated PINN,3,168,True,optimal,2.4388311430811883e-07,0.18045770097523928,0.1804579448583536,0.1624871878884732,35896.81238105991,0.9004158171922764,35896.81238105649,-9.546741922100457e-12
Ablated PINN,3,169,True,optimal,2.4388311430811883e-07,0.1964723221026361,0.1964725659857504,0.1908120033331215,36661.73709105121,0.9711890429881216,36661.737091056224,1.3674024184184224e-11
Ablated PINN,3,170,True,optimal,2.4388311430811883e-07,0.20073472801595926,0.20073497189907358,0.1553251221776008,37501.11606822907,0.7737820704988858,37501.11606822835,-1.9207956437712896e-12
Ablated PINN,3,171,True,optimal,2.4388311430811883e-07,0.18847529496997595,0.18847553885309026,0.1504521407186985,38070.898397441735,0.7982581805269192,38070.89839744075,-2.580065927681831e-12
Ablated PINN,3,172,True,optimal,2.4388311430811883e-07,0.22330240486189723,0.22330264874501154,0.168362864293158,36422.388320820326,0.753967161784144,36422.388320819504,-2.2573566652484955e-12
Ablated PINN,3,173,True,optimal,2.4388311430811883e-07,0.22485193377360702,0.22485217765672133,0.1747743510641157,37904.42605564062,0.7772855610539884,37904.42605563669,-1.0365589247787506e-11
Ablated PINN,3,174,True,optimal,2.4388311430811883e-07,0.2065017931163311,0.20650203699944542,0.1656758869066834,36731.84934972731,0.8022966229002784,36731.84934972687,-1.1884984409429048e-12
Ablated PINN,3,175,True,optimal,2.4388311430811883e-07,0.1944486377760768,0.1944488816591911,0.1569489380344748,37032.12061012018,0.8071475479584288,37032.12061011939,-2.141598609206462e-12
Ablated PINN,3,176,True,optimal,2.4388311430811883e-07,0.20169596886262298,0.2016962127457373,0.1728973733261227,38902.62361384735,0.857216756687846,38902.62361384737,5.610899938065018e-14
Ablated PINN,3,177,True,optimal,2.4388311430811883e-07,0.2110182261094451,0.2110184699925594,0.1639495980925858,38307.73581538626,0.7769443030193837,38307.735815385146,-2.9059966382114917e-12
Ablated PINN,3,178,True,optimal,2.4388311430811883e-07,0.22445972869172692,0.22445997257484124,0.1598042650148272,37139.02947648978,0.7119499444897418,37139.02947648743,-6.3279367891639675e-12
Ablated PINN,3,179,True,optimal,2.4388311430811883e-07,0.2064901702105999,0.20649041409371421,0.1634914721362292,38733.38589152958,0.7917630116332167,38733.38589152593,-9.41114410941043e-12
Ablated PINN,3,180,True,optimal,2.4388311430811883e-07,0.1893896427936852,0.1893898866767995,0.1709708841517567,36885.681009533975,0.9027455855841158,36885.68100953398,1.9725696842367592e-14
Ablated PINN,3,181,True,optimal,2.4388311430811883e-07,0.18531439919024706,0.18531464307336137,0.1658735247328877,38031.3976563549,0.8950912997588786,38031.3976563545,-1.0522297192336297e-12
Ablated PINN,3,182,True,optimal,2.4388311430811883e-07,0.16339470213279128,0.1633949460159056,0.1578817530535161,37802.02526979338,0.9662584853643342,37802.025269792786,-1.5782977766532295e-12
Ablated PINN,3,183,True,optimal,2.4388311430811883e-07,0.2548186779022217,0.254818921785336,0.1625083871185779,37724.10494206256,0.6377406590530897,37724.10494206343,2.3144748299342255e-12
Ablated PINN,3,184,True,optimal,2.4388311430811883e-07,0.2278119968250394,0.2278122407081537,0.1592451990582049,37456.86259188247,0.6990195020390109,37456.86259188244,-7.769959479478934e-14
Ablated PINN,3,185,True,optimal,2.4388311430811883e-07,0.22859775321558118,0.2285979970986955,0.1703727087005973,37067.62150571223,0.7452939696013178,37067.62150571031,-5.182023372738969e-12
Ablated PINN,3,186,True,optimal,2.4388311430811883e-07,0.21245214296504855,0.21245238684816287,0.1595674627460539,37351.80616304193,0.7510739940996513,37351.80616304148,-1.207731080286357e-12
Ablated PINN,3,187,True,optimal,2.4388311430811883e-07,0.19770588306710124,0.19770612695021555,0.1596722630783915,37804.61325279761,0.8076242529327309,37804.61325279625,-3.599042436313281e-12
Ablated PINN,3,188,True,optimal,2.4388311430811883e-07,0.22297443496063352,0.22297467884374783,0.1793889189139008,39431.60362680566,0.8045259661058184,39431.603626807795,5.406464320174148e-12
Ablated PINN,3,189,True,optimal,2.4388311430811883e-07,0.26126698683947325,0.26126723072258756,0.1632190379314124,38769.074143244274,0.6247206642792401,38769.07414324185,-6.249553127245066e-12
Ablated PINN,3,190,True,optimal,2.4388311430811883e-07,0.24372411286458373,0.24372435674769805,0.1698100757785141,38488.48953175455,0.6967300192910159,38488.4895317544,-3.9698910442247893e-13
Ablated PINN,3,191,True,optimal,2.4388311430811883e-07,0.25266337068751454,0.25266361457062886,0.1626811670139432,37170.955207625775,0.6438646391186957,37170.95520762469,-2.9165720344225084e-12
Ablated PINN,3,192,True,optimal,2.4388311430811883e-07,0.2372535769827664,0.2372538208658807,0.1730627827346325,37654.766007572165,0.7294414989947187,37654.76600757188,-7.535894576959808e-13
Ablated PINN,3,193,True,optimal,2.4388311430811883e-07,0.25687249284237623,0.25687273672549055,0.1798879741691053,36704.63102917692,0.7002999869205437,36704.63102918002,8.444596381253e-12
Ablated PINN,3,194,True,optimal,2.4388311430811883e-07,0.2554852031171322,0.2554854470002465,0.1535031939856708,37954.35015798275,0.6008295023767937,37954.35015798135,-3.680694982547072e-12
Ablated PINN,3,195,True,optimal,2.4388311430811883e-07,0.29741311399266124,0.29741335787577555,0.1645955871790647,37708.2936063213,0.5534236537143481,37708.29360632977,2.245981945332513e-11
Ablated PINN,3,196,True,optimal,2.4388311430811883e-07,0.2920920900069177,0.29209233389003203,0.1679300027899444,37142.77210495334,0.5749209524039316,37142.77210495192,-3.839475654510367e-12
Ablated PINN,3,197,True,optimal,2.4388311430811883e-07,0.27541502797976136,0.2754152718628757,0.1785661419853568,36277.17441392123,0.6483523617900959,36277.17441392295,4.733350997392862e-12
Ablated PINN,3,198,True,optimal,2.4388311430811883e-07,0.2527536661364138,0.2527539100195281,0.1703263069503009,38636.0996425531,0.6738819863840732,38636.0996425528,-7.72112777794378e-13
Ablated PINN,3,199,True,optimal,2.4388311430811883e-07,0.258833734318614,0.2588339782017283,0.1708356100134551,36356.95851743364,0.6600200298289677,36356.95851743224,-3.8424112436504985e-12
Ablated PINN,3,200,True,optimal,2.4388311430811883e-07,0.23696770099923015,0.23696794488234446,0.1640653940849006,37915.65990186803,0.6923526900077549,37915.65990186668,-3.5501219340708785e-12
Ablated PINN,3,201,True,optimal,2.4388311430811883e-07,0.21192456502467394,0.21192480890778825,0.1620677299797535,37653.60798107942,0.7647416591526651,37653.60798107782,-4.251148192557525e-12
Ablated PINN,3,202,True,optimal,2.4388311430811883e-07,0.20021451590582728,0.2002147597889416,0.1618226491846144,37618.08398919161,0.8082453529160456,37618.083989190105,-4.003721259617334e-12
Ablated PINN,3,203,True,optimal,2.4388311430811883e-07,0.23257681913673878,0.2325770630198531,0.1567703308537602,36636.40241760074,0.6740575739421821,36636.402417600824,2.383189549426262e-13
Ablated PINN,3,204,True,optimal,2.4388311430811883e-07,0.16459713270887733,0.16459737659199164,0.1892231041565537,39250.50691723152,1.1496119080051013,39250.5069172316,2.0390955440343872e-13
Ablated PINN,3,205,True,optimal,2.4388311430811883e-07,0.2133797756396234,0.21338001952273772,0.157188419252634,37668.48343859015,0.7366595035665185,37668.48343858466,-1.4564090561378955e-11
Ablated PINN,3,206,True,optimal,2.4388311430811883e-07,0.1961276726797223,0.19612791656283662,0.1910028969869017,38117.19770091682,0.9738689949612913,38117.19770091672,-2.672373960904211e-13
Ablated PINN,3,207,True,optimal,2.4388311430811883e-07,0.20171284209936857,0.2017130859824829,0.1794584486633539,36823.91951985686,0.8896718216830929,36823.919519856856,-1.9758781001734353e-14
Ablated PINN,3,208,True,optimal,2.4388311430811883e-07,0.2120624352246523,0.2120626791077666,0.1585283237509429,37588.82950263362,0.7475540930536935,37588.82950263287,-1.9937402791656106e-12
Ablated PINN,3,209,True,optimal,2.4388311430811883e-07,0.2215934908017516,0.22159373468486593,0.1773438658565282,37769.670641839104,0.8003108305780099,37769.670641841505,6.357127218421559e-12
Ablated PINN,3,210,True,optimal,2.4388311430811883e-07,0.2241538492962718,0.22415409317938612,0.1568648456595838,36393.4042473068,0.6998080803906979,36393.40424730673,-1.799326550565733e-13
Ablated PINN,3,211,True,optimal,2.4388311430811883e-07,0.20886521274223924,0.20886545662535355,0.1842784197069704,36866.41208974054,0.8822828948566376,36866.41208974055,3.947201369350631e-14
Ablated PINN,3,212,True,optimal,2.4388311430811883e-07,0.22787718987092376,0.22787743375403807,0.1765705519355833,37000.58188317278,0.774848781762948,37000.58188317272,-1.5731552843480885e-13
Ablated PINN,3,213,True,optimal,2.4388311430811883e-07,0.22037872206419706,0.22037896594731138,0.1600435953587293,37617.887961815424,0.726219921537307,37617.887961814246,-3.1333634006624095e-12
Ablated PINN,3,214,True,optimal,2.4388311430811883e-07,0.21428027004003525,0.21428051392314956,0.1678324625827372,36208.91296504872,0.783237166599896,36208.91296504618,-7.033034014090216e-12
Ablated PINN,3,215,True,optimal,2.4388311430811883e-07,0.213758229278028,0.21375847316114233,0.1560721979476511,37734.78839340876,0.7301333867125618,37734.78839340806,-1.8510556457330404e-12
Ablated PINN,3,216,True,optimal,2.4388311430811883e-07,0.23653503181412816,0.23653527569724248,0.1625712476670742,36943.99694244033,0.6873023365663232,36943.996942438556,-4.805472620157397e-12
Ablated PINN,3,217,True,optimal,2.4388311430811883e-07,0.2531752483919263,0.2531754922750406,0.165911469142884,36934.68781202453,0.6553219968173059,36934.68781202116,-9.12087951714102e-12
Ablated PINN,3,218,True,optimal,2.4388311430811883e-07,0.30371890775859356,0.3037191516417079,0.1805611685849726,37194.76219849735,0.5945004376871743,37194.76219849376,-9.66351940153504e-12
Ablated PINN,3,219,True,optimal,2.4388311430811883e-07,0.2431535478681326,0.2431537917512469,0.1616897610947489,36459.26179715375,0.6649691124708514,36459.26179715459,2.314942874984832e-12
Ablated PINN,3,220,True,optimal,2.4388311430811883e-07,0.24257638724520802,0.24257663112832234,0.1711063073016703,36351.68314944333,0.7053701195609217,36351.6831494419,-3.923030706768773e-12
Ablated PINN,3,221,True,optimal,2.4388311430811883e-07,0.24443870736286044,0.24443895124597476,0.1655836827121675,38386.03849675534,0.6774030156329032,38386.03849675268,-6.937419413613701e-12
Ablated PINN,3,222,True,optimal,2.4388311430811883e-07,0.2632617917843163,0.2632620356674306,0.1587713342159986,38598.88256640612,0.6030924049245318,38598.88256640516,-2.48822334019613e-12
Ablated PINN,3,223,True,optimal,2.4388311430811883e-07,0.2570408168248832,0.25704106070799754,0.1660617548041045,37712.86717243253,0.6460514687680702,37712.86717243291,1.0032379511417935e-12
Ablated PINN,3,224,True,optimal,2.4388311430811883e-07,0.23913090722635388,0.2391311511094682,0.1644339892081916,37377.80931444781,0.6876309859476145,37377.80931444965,4.924893433165618e-12
Ablated PINN,3,225,True,optimal,2.4388311430811883e-07,0.1975764730013907,0.197576716884505,0.1800620970316231,38142.76854110703,0.9113528145974801,38142.76854110573,-3.3954547738947667e-12
Ablated PINN,3,226,True,optimal,2.4388311430811883e-07,0.21807321766391397,0.21807346154702828,0.1751570329070091,36652.61986323667,0.803201965358063,36652.61986323666,-3.970225125152028e-14
Ablated PINN,3,227,True,optimal,2.4388311430811883e-07,0.22229766100645065,0.22229790488956497,0.1590660600923001,37479.91845667105,0.7155535729017432,37479.91845667035,-1.863643144712564e-12
Ablated PINN,3,228,True,optimal,2.4388311430811883e-07,0.17904366506263614,0.17904390894575045,0.1576206497848034,37077.091757483,0.8803463391349536,37077.09175745154,-8.485358271763464e-11
Ablated PINN,3,229,True,optimal,2.4388311430811883e-07,0.21454746136441827,0.21454770524753258,0.1605486427433788,38565.13544251396,0.7483120947769969,38565.13544251066,-8.546602420567653e-12
Ablated PINN,3,230,True,optimal,2.4388311430811883e-07,0.21343246195465326,0.21343270583776758,0.1766178421676159,37523.37283202936,0.827510673560335,37523.37283202825,-2.9473511411315965e-12
Ablated PINN,3,231,True,optimal,2.4388311430811883e-07,0.24426038097590208,0.2442606248590164,0.1781322686001658,36811.091560241504,0.7292713211676303,36811.091560242625,3.0439126499428813e-12
Ablated PINN,3,232,True,optimal,2.4388311430811883e-07,0.22578830225393176,0.22578854613704608,0.1704593249596655,36454.50453871415,0.754951160614686,36454.50453871212,-5.568563336806166e-12
Ablated PINN,3,233,True,optimal,2.4388311430811883e-07,0.24061158299446106,0.24061182687757537,0.1522852038033306,38572.52253202994,0.6329082230891924,38572.52253202863,-3.3953505878841285e-12
Ablated PINN,3,234,True,optimal,2.4388311430811883e-07,0.2364909271709621,0.2364911710540764,0.1642110357061028,37475.87660749561,0.69436433915985,37475.87660749448,-3.009331688248924e-12
Ablated PINN,3,235,True,optimal,2.4388311430811883e-07,0.21609355183318257,0.2160937957162969,0.1947568920440971,39128.37510686521,0.9012609149583712,39128.37510686507,-3.719018535429463e-13
Ablated PINN,3,236,True,optimal,2.4388311430811883e-07,0.24771069316193461,0.24771093704504893,0.1505677769891917,38017.20189968063,0.6078366130511601,38017.20189967995,-1.7798891667635935e-12
Ablated PINN,3,237,True,optimal,2.4388311430811883e-07,0.25748187582939863,0.25748211971251295,0.1522573833353817,39840.399711882914,0.5913318699775423,39840.399711882244,-1.6801741582558006e-12
Ablated PINN,3,238,True,optimal,2.4388311430811883e-07,0.25926683843135834,0.25926708231447265,0.1679574307054281,38744.131994619696,0.6478162565261856,38744.13199461618,-9.070502671575182e-12
Ablated PINN,3,239,True,optimal,2.4388311430811883e-07,0.2522248779423535,0.2522251218254678,0.1684877211228013,38558.736612995686,0.6680053116968647,38558.73661300295,1.8832063331939418e-11
Ablated PINN,3,240,True,optimal,2.4388311430811883e-07,0.24768252158537507,0.24768276546848939,0.1538734342902898,39137.74317886117,0.6212520842911285,39137.74317885364,-1.924131418683138e-11
Ablated PINN,3,241,True,optimal,2.4388311430811883e-07,0.27863050205633044,0.27863074593944476,0.1762340846471488,38256.22741549938,0.6325004947065318,38256.227415499445,1.7117113461407427e-13
Ablated PINN,3,242,True,optimal,2.4388311430811883e-07,0.23197397775948048,0.2319742216425948,0.1742930398322641,37978.036565924514,0.7513465875566091,37978.03656592814,9.540848394238571e-12
Ablated PINN,3,243,True,optimal,2.4388311430811883e-07,0.24628682574257255,0.24628706962568686,0.1684316070750355,36870.66957148542,0.6838832721954181,36870.669571481565,-1.0458875795679935e-11
Ablated PINN,3,244,True,optimal,2.4388311430811883e-07,0.27180875884369016,0.27180900272680447,0.1818129550665617,37175.48521726529,0.6688996804469427,37175.48521726779,6.732741764233036e-12
Ablated PINN,3,245,True,optimal,2.4388311430811883e-07,0.26103725004941225,0.26103749393252657,0.1544076870195567,36815.17567001734,0.5915153593202526,36815.17567001521,-5.790697836305447e-12
Ablated PINN,3,246,True,optimal,2.4388311430811883e-07,0.2891346402466297,0.28913488412974403,0.1696410691365599,36832.83422482399,0.586719480934153,36832.834224822924,-2.90383781697721e-12
Ablated PINN,3,247,True,optimal,2.4388311430811883e-07,0.2033502459526062,0.20335048983572052,0.1855394919402897,37846.35131537288,0.9124123187024548,37846.35131537274,-3.6527482799466546e-13
Ablated PINN,3,248,True,optimal,2.4388311430811883e-07,0.22725090105086565,0.22725114493397996,0.1609608731232583,36997.63605376801,0.7082951030676653,36997.636053768234,6.09646210130538e-13
Ablated PINN,3,249,True,optimal,2.4388311430811883e-07,0.21423952793702483,0.21423977182013915,0.1657424569129943,37893.28124064964,0.7736306639279852,37893.281240648445,-3.1489937256898917e-12
Ablated PINN,3,250,True,optimal,2.4388311430811883e-07,0.22909895982593298,0.2290992037090473,0.1777891954407096,36655.58670678856,0.7760358506810845,36655.58670678776,-2.183447079874327e-12
Ablated PINN,3,251,True,optimal,2.4388311430811883e-07,0.2786526791751385,0.2786529230582528,0.1761088618077337,38169.276495110855,0.6320007695412472,38169.276495119375,2.232200122341891e-11
Ablated PINN,3,252,True,optimal,2.4388311430811883e-07,0.2878556507639587,0.287855894647073,0.1670485702343285,38923.15842106638,0.5803201301093353,38923.158421065884,-1.271133016524916e-12
Ablated PINN,3,253,True,optimal,2.4388311430811883e-07,0.19521980313584208,0.1952200470189564,0.1596453660167753,36951.33447946284,0.8177713736605815,36951.334479461584,-3.406482296203206e-12
Ablated PINN,3,254,True,optimal,2.4388311430811883e-07,0.1804648470133543,0.18046509089646862,0.165907165966928,36702.85250401209,0.9193310747401425,36702.85250401221,3.370072651099726e-13
Ablated PINN,3,255,True,optimal,2.4388311430811883e-07,0.22024515317752957,0.2202453970606439,0.178510885220021,38275.468676115175,0.8105090394732226,38275.46867611375,-3.725852985491632e-12
Ablated PINN,3,256,True,optimal,2.4388311430811883e-07,0.19587964517995715,0.19587988906307147,0.1201210739091038,39135.03731406025,0.6132384211756724,39135.03731405955,-1.8034169302356262e-12
Ablated PINN,3,257,True,optimal,2.4388311430811883e-07,0.21396094607189298,0.2139611899550073,0.3116203770041466,37813.73931795047,1.4564341181205596,37813.73931794961,-2.2897469853683773e-12
Ablated PINN,3,258,True,optimal,2.4388311430811883e-07,0.21301159728318453,0.21301184116629884,0.2800673176534474,36778.84401491579,1.314796943306068,36778.844014915834,1.186979820991541e-13
Ablated PINN,3,259,True,optimal,2.4388311430811883e-07,0.2086720452643931,0.2086722891475074,0.1633085631765425,39521.610471035856,0.7826078098041185,39521.61047103583,-7.364029479027173e-14
Ablated PINN,3,260,True,optimal,2.4388311430811883e-07,0.2295108181424439,0.2295110620255582,0.1727011767216026,38194.32051010979,0.7524743042771973,38194.3205101098,1.904984174874253e-14
Ablated PINN,3,261,True,optimal,2.4388311430811883e-07,0.19152284087613225,0.19152308475924656,0.1691072741523385,37153.86062032147,0.8829602675046416,37153.86062031959,-5.072078622814196e-12
Ablated PINN,3,262,True,optimal,2.4388311430811883e-07,0.21431958116590977,0.21431982504902408,0.1604688568040728,37529.685998911234,0.7487354787050928,37529.685998907,-1.1283354013613659e-11
Ablated PINN,3,263,True,optimal,2.4388311430811883e-07,0.20854542031884193,0.20854566420195625,0.1603829199448228,37950.82336621173,0.7690542047880098,37950.82336620822,-9.240936714850735e-12
Ablated PINN,3,264,True,optimal,2.4388311430811883e-07,0.19214026210829616,0.19214050599141047,0.1822337480261922,36860.41871620349,0.9484400339527514,36860.41871620354,1.3817451096098073e-13
Ablated PINN,3,265,True,optimal,2.4388311430811883e-07,0.209049585275352,0.20904982915846632,0.1596016641706228,37108.6975706572,0.7634623037631844,37108.69757065651,-1.843072003351718e-12
Ablated PINN,3,266,True,optimal,2.4388311430811883e-07,0.2401819471269846,0.2401821910100989,0.170874651055783,39054.09120491704,0.7114376396399775,39054.09120491481,-5.700921366363307e-12
Ablated PINN,3,267,True,optimal,2.4388311430811883e-07,0.19831266021355987,0.19831290409667418,0.1589646516367793,37597.41037609647,0.8015850121345948,37597.410376096486,3.8704567901885627e-14
Ablated PINN,3,268,True,optimal,2.4388311430811883e-07,0.24718820815905929,0.2471884520421736,0.1757277538999915,37107.99753300205,0.71090600085966,37107.99753300221,4.313654148803797e-13
Ablated PINN,3,269,True,optimal,2.4388311430811883e-07,0.21819933596998453,0.21819957985309885,0.1745945168659091,37915.33347375513,0.8001597298374886,37915.333473764746,2.5369197853972728e-11
Ablated PINN,3,270,True,optimal,2.4388311430811883e-07,0.2318010120652616,0.23180125594837592,0.1566145559772849,36810.19218946578,0.6756415332458953,36810.19218946588,2.7672609280132717e-13
Ablated PINN,3,271,True,optimal,2.4388311430811883e-07,0.29847570741549134,0.29847595129860566,0.1770382681861519,37582.04308082628,0.593140812235947,37582.043080829884,9.583297563879038e-12
Ablated PINN,3,272,True,optimal,2.4388311430811883e-07,0.24964939104393125,0.24964963492704556,0.1543954899534583,37994.7429380693,0.6184486910969322,37994.74293806888,-1.1106945566403743e-12
Ablated PINN,3,273,True,optimal,2.4388311430811883e-07,0.1377805038355291,0.1377807477186434,0.1699155429378152,36626.82554048875,1.2332313893722873,36626.82554048806,-1.8871850430590218e-12
Ablated PINN,3,274,True,optimal,2.4388311430811883e-07,0.2219521556980908,0.2219523995812051,0.165549426805228,36312.611787874994,0.7458780671783586,36312.61178787377,-3.366215810428071e-12
Ablated PINN,3,275,True,optimal,2.4388311430811883e-07,0.22866567643359303,0.22866592031670735,0.1742989677004516,36871.157228788,0.7622428714302669,36871.15722878643,-4.242695387461421e-12
Ablated PINN,3,276,True,optimal,2.4388311430811883e-07,0.23318972205743194,0.23318996594054625,0.1705447668209672,37671.6110251428,0.7313555115165162,37671.61102514042,-6.335046557630241e-12
Ablated PINN,3,277,True,optimal,2.4388311430811883e-07,0.26464624935761094,0.26464649324072526,0.1631079888902604,39058.78132777718,0.6163240135658841,39058.781327778255,2.7569772796094295e-12
Ablated PINN,3,278,True,optimal,2.4388311430811883e-07,0.1683697560802102,0.16836999996332452,0.1744931940920651,37029.41695937203,1.0363674890424326,37029.416959370974,-2.849123590614829e-12
Ablated PINN,3,279,True,optimal,2.4388311430811883e-07,0.2386608417145908,0.2386610855977051,0.1640936927869916,38394.55795498355,0.6875594836754965,38394.55795497925,-1.1199740741966948e-11
Ablated PINN,3,280,True,optimal,2.4388311430811883e-07,0.25129459425807,0.2512948381411843,0.1638928488828241,37133.72193380556,0.6521934556838952,37133.72193380557,3.918787148324923e-14
Ablated PINN,3,281,True,optimal,2.4388311430811883e-07,0.24052420165389776,0.24052444553701208,0.1605883887968957,38459.59117417182,0.6676593243499827,38459.591174171816,-1.8918447627882524e-14
Ablated PINN,3,282,True,optimal,2.4388311430811883e-07,0.25904157385230064,0.25904181773541496,0.1737940753810107,37427.36092411093,0.6709112717797702,37427.36092411087,-1.5552168113453514e-13
Ablated PINN,3,283,True,optimal,2.4388311430811883e-07,0.2649805238470435,0.26498076773015783,0.1796026630327105,38473.47079817487,0.6777950889462596,38473.47079817487,0.0
Ablated PINN,3,284,True,optimal,2.4388311430811883e-07,0.29087157314643264,0.29087181702954695,0.165735145099461,37010.78717097681,0.5697875675683819,37010.78717097557,-3.342033198853839e-12
Ablated PINN,3,285,True,optimal,2.4388311430811883e-07,0.2737113651819527,0.27371160906506703,0.1824777326546609,36398.86937035118,0.6666788203757996,36398.86937034456,-1.8190459053929223e-11
Ablated PINN,3,286,True,optimal,2.4388311430811883e-07,0.2946146856993437,0.294614929582458,0.1683438550680875,37984.71041538654,0.5714030015609605,37984.710415386624,2.2985956827206373e-13
Ablated PINN,3,287,True,optimal,2.4388311430811883e-07,0.2800461072474718,0.2800463511305861,0.1707796999253332,37076.547321022605,0.6098265491975589,37076.54732102227,-9.027109438064214e-13
Ablated PINN,3,288,True,optimal,2.4388311430811883e-07,0.2207826552912593,0.2207828991743736,0.1693494371138513,35967.41744938432,0.767040553173005,35967.417449383596,-2.002700930134447e-12
Ablated PINN,3,289,True,optimal,2.4388311430811883e-07,0.19494574703276157,0.1949459909158759,0.1803531893528998,37204.85481359613,0.925144387456148,37204.8548135993,8.507066021429973e-12
Ablated PINN,3,290,True,optimal,2.4388311430811883e-07,0.17812244687229395,0.17812269075540826,0.1693794578313827,36602.92751004228,0.9509145472317647,36602.92751004278,1.3517091430152152e-12
Ablated PINN,3,291,True,optimal,2.4388311430811883e-07,0.2293844809755683,0.2293847248586826,0.1816567960195243,37017.4520161416,0.7919306576819266,37017.45201614167,1.9655479288554807e-13
Ablated PINN,3,292,True,optimal,2.4388311430811883e-07,0.18635597499087453,0.18635621887398884,0.1627170639112591,37635.637006378034,0.8731507051089388,37635.63700638073,7.1724049055011146e-12
Ablated PINN,3,293,True,optimal,2.4388311430811883e-07,0.18999180663377047,0.18999205051688478,0.1588991628959775,37831.828060584245,0.8363463758809002,37831.828060578235,-1.588593863265379e-11
Ablated PINN,3,294,True,optimal,2.4388311430811883e-07,0.1683713886886835,0.16837163257179782,0.1702756700105965,37208.54216505664,1.011308540576078,37208.54216505662,-5.866360672160199e-14
Ablated PINN,3,295,True,optimal,2.4388311430811883e-07,0.17013832135125995,0.17013856523437426,0.1555705987848341,38143.65235002016,0.9143758710468018,38143.65235001469,-1.434451026256547e-11
Ablated PINN,3,296,True,optimal,2.4388311430811883e-07,0.17104546260088682,0.17104570648400114,0.1542933657765388,36785.25802458462,0.9020592737939944,36785.25802457764,-1.8968586131266366e-11
Ablated PINN,3,297,True,optimal,2.4388311430811883e-07,0.1602732315659523,0.16027347544906662,0.1687264549545943,37928.08708112386,1.0527409758966257,37928.08708112358,-7.289753072639738e-13
Ablated PINN,3,298,True,optimal,2.4388311430811883e-07,0.15587684977799654,0.15587709366111085,0.1718161692842841,35970.96302945475,1.1022541237381938,35970.9630294547,-1.4159115856191745e-13
Ablated PINN,3,299,True,optimal,2.4388311430811883e-07,0.18178768223151565,0.18178792611462996,0.1814436060376465,37520.53220985247,0.9981059243903452,37520.53220985171,-2.0167613498733246e-12
Ablated PINN,3,300,True,optimal,2.4388311430811883e-07,0.18436428112909198,0.1843645250122063,0.1672916179522872,37603.47588793357,0.907395920886685,37603.4758879466,3.465434984212206e-11
Ablated PINN,3,301,True,optimal,2.4388311430811883e-07,0.18774803122505546,0.18774827510816977,0.1607561628334224,37545.15285488037,0.8562324353755257,37545.15285487296,-1.9728045534580708e-11
Ablated PINN,3,302,True,optimal,2.4388311430811883e-07,0.16360032511875033,0.16360056900186465,0.160601366776973,36561.76105642507,0.9816675318234531,36561.76105642764,7.024861395059626e-12
Ablated PINN,3,303,True,optimal,2.4388311430811883e-07,0.18320194305852056,0.18320218694163487,0.158991337288171,38274.21456085486,0.8678462847106894,38274.21456085299,-4.885589758797066e-12
Ablated PINN,3,304,True,optimal,2.4388311430811883e-07,0.15236501768231392,0.15236526156542823,0.1671152547933161,38073.65136734617,1.0968067988486598,38073.651367344435,-4.548231782310292e-12
Ablated PINN,3,305,True,optimal,2.4388311430811883e-07,0.18822867888957262,0.18822892277268694,0.1730596339330077,36280.98133229344,0.9194104252618057,36280.981332296404,8.16216827723127e-12
Ablated PINN,3,306,True,optimal,2.4388311430811883e-07,0.18637387920171022,0.18637412308482454,0.171266274061054,36628.01906959449,0.9189380544159851,36628.019069594455,-9.932229204586327e-14
Ablated PINN,3,307,True,optimal,2.4388311430811883e-07,0.2116719027981162,0.21167214668123052,0.1705894507467746,38399.23556223972,0.8059135480100518,38399.23556223971,-3.789636698569235e-14
Ablated PINN,3,308,True,optimal,2.4388311430811883e-07,0.18701312923803926,0.18701337312115357,0.1610176363028586,38096.50450661171,0.8609953053921227,38096.504506609686,-5.309453565200311e-12
Ablated PINN,3,309,True,optimal,2.4388311430811883e-07,0.20702619571238756,0.20702643959550188,0.169254187028855,35963.9498253389,0.8175486539765254,35963.94982534141,6.979782223822039e-12
Ablated PINN,3,310,True,optimal,2.4388311430811883e-07,0.2024607569910586,0.2024610008741729,0.1649342491291463,36943.73555938717,0.8146470106193487,36943.735559386965,-5.514515793067121e-13
Ablated PINN,3,311,True,optimal,2.4388311430811883e-07,0.2001432040706277,0.200143447953742,0.1754257259890437,37900.27542761033,0.8764999693099563,37900.27542760868,-4.357863788019907e-12
Ablated PINN,3,312,True,optimal,2.4388311430811883e-07,0.19431406119838357,0.19431430508149788,0.1499246289022267,38447.22648198683,0.7715573428283955,38447.22648198461,-5.771982208822428e-12
Ablated PINN,3,313,True,optimal,2.4388311430811883e-07,0.1861357633024454,0.18613600718555973,0.1615124959498644,36741.12301258186,0.8677122626190855,36741.123012579286,-7.0103708984042146e-12
Ablated PINN,3,314,True,optimal,2.4388311430811883e-07,0.22690136590972543,0.22690160979283974,0.1641646581701934,38321.83728212257,0.7235059210028306,38321.837282121836,-1.9176317503319426e-12
Ablated PINN,3,315,True,optimal,2.4388311430811883e-07,0.22243605880066752,0.22243630268378184,0.1702950592152774,37675.58600542924,0.765590225878601,37675.58600541795,-2.997242356253039e-11
Ablated PINN,3,316,True,optimal,2.4388311430811883e-07,0.19331130012869835,0.19331154401181266,0.1727871787734329,35689.22135725565,0.8938275241486582,35689.22135725579,3.873527900360878e-13
Ablated PINN,3,317,True,optimal,2.4388311430811883e-07,0.2149906288832426,0.21499087276635692,0.1660117567516863,37769.76979186518,0.7721804866204759,37769.769791861305,-1.0267696704879108e-11
Ablated PINN,3,318,True,optimal,2.4388311430811883e-07,0.20497842505574226,0.20497866893885658,0.1665123449638486,37134.898483008044,0.8123398684646441,37134.898483008095,1.3715320461314574e-13
Ablated PINN,3,319,True,optimal,2.4388311430811883e-07,0.17715981183573604,0.17716005571885035,0.1586961117573082,35526.88101342742,0.8957781770466132,35526.88101342787,1.26976914159415e-12
Ablated PINN,3,320,True,optimal,2.4388311430811883e-07,0.16695653833448887,0.16695678221760318,0.1697614761069417,37833.02452840294,1.01679892156572,37833.02452840487,5.115648958807924e-12
Ablated PINN,3,321,True,optimal,2.4388311430811883e-07,0.252391847781837,0.2523920916649513,0.1616911957971751,38424.799313408825,0.6406349530627093,38424.79931340766,-3.029692383749424e-12
Ablated PINN,3,322,True,optimal,2.4388311430811883e-07,0.24252345692366362,0.24252370080677793,0.1900710468180477,36861.60370559331,0.7837215339604272,36861.603705605325,3.25883977185563e-11
Ablated PINN,3,323,True,optimal,2.4388311430811883e-07,0.24252985697239637,0.2425301008555107,0.1701830299571156,36939.498044041306,0.7016985906359868,36939.49804404129,-3.9393917077642087e-14
Ablated PINN,3,324,True,optimal,2.4388311430811883e-07,0.18951120879501104,0.18951145267812536,0.1611792789772153,36921.98671224211,0.8504988838377452,36921.98671223986,-6.108953123177949e-12
Ablated PINN,3,325,True,optimal,2.4388311430811883e-07,0.1875252677127719,0.1875255115958862,0.1566367377527058,37815.81817330616,0.8352822846325832,37815.81817330365,-6.6379771697369046e-12
Ablated PINN,3,326,True,optimal,2.4388311430811883e-07,0.16350747738033533,0.16350772126344965,0.1568925678730011,37089.19328596693,0.9595422568467579,37089.193285965564,-3.688082458196887e-12
Ablated PINN,3,327,True,optimal,2.4388311430811883e-07,0.2015286311507225,0.20152887503383682,0.1752254292368888,37879.42163240183,0.8694805109563994,37879.42163239798,-1.0161141358638477e-11
Ablated PINN,3,328,True,optimal,2.4388311430811883e-07,0.20288590108975768,0.202886144972872,0.1725397910922765,37382.447300700616,0.850426681996185,37382.44730070049,-3.3088063616102533e-13
Ablated PINN,3,329,True,optimal,2.4388311430811883e-07,0.23945216601714492,0.23945240990025923,0.162507439032197,36457.330790976346,0.6786627835563958,36457.330790973894,-6.725664393913104e-12
Ablated PINN,3,330,True,optimal,2.4388311430811883e-07,0.2579229371622205,0.2579231810453348,0.1752945310436189,39096.86477081424,0.6796385277708235,39096.86477081125,-7.648742672741708e-12
Ablated PINN,3,331,True,optimal,2.4388311430811883e-07,0.2403629939071834,0.24036323779029772,0.150166839826852,36987.29373643666,0.62474961315783,36987.29373643718,1.416348414009908e-12
Ablated PINN,3,332,True,optimal,2.4388311430811883e-07,0.23824279103428125,0.23824303491739557,0.1798579851165413,39023.62008196415,0.7549349141682243,39023.62008196414,-3.7290018706112875e-14
Ablated PINN,3,333,True,optimal,2.4388311430811883e-07,0.2681981842033565,0.2681984280864708,0.1754010962322354,37328.50961803042,0.6539974804613087,37328.509618028904,-4.054271652515027e-12
Ablated PINN,3,334,True,optimal,2.4388311430811883e-07,0.2606788380071521,0.2606790818902664,0.165837612003088,37587.54568240003,0.6361753724178675,37587.54568239858,-3.852115212461113e-12
Ablated PINN,3,335,True,optimal,2.4388311430811883e-07,0.24455546727403998,0.2445557111571543,0.1635479968972504,37877.06846403945,0.6687555817993249,37877.06846404145,5.282585017898333e-12
Ablated PINN,3,336,True,optimal,2.4388311430811883e-07,0.2967783948406577,0.296778638723772,0.1695018531754613,36345.61323652908,0.5711389940474316,36345.613236529796,1.96184293699943e-12
Ablated PINN,3,337,True,optimal,2.4388311430811883e-07,0.25304358918219805,0.25304383306531236,0.1656776047311723,36616.723040527,0.6547387570137295,36616.72304052682,-4.967646617455686e-13
Ablated PINN,3,338,True,optimal,2.4388311430811883e-07,0.2450413745827973,0.2450416184659116,0.161522117909044,36846.47106304809,0.6591619779540175,36846.47106304683,-3.416176993177714e-12
Ablated PINN,3,339,True,optimal,2.4388311430811883e-07,0.22315037110820413,0.22315061499131844,0.1775708617642521,36999.831256661535,0.7957444426992074,36999.831256661455,-2.163132399194602e-13
Ablated PINN,3,340,True,optimal,2.4388311430811883e-07,0.1665997658856213,0.16660000976873562,0.1659762826748192,36690.70148056091,0.9962561401119829,36690.7014805609,-1.9830521959462397e-14
Ablated PINN,3,341,True,optimal,2.4388311430811883e-07,0.23714894382283092,0.23714918770594523,0.1763310357928276,39514.31566927947,0.7435447597293502,39514.315669284006,1.1471593312092732e-11
Ablated PINN,3,342,True,optimal,2.4388311430811883e-07,0.16173139493912458,0.1617316388222389,0.1598337460309267,38717.86221794477,0.9882651730661173,38717.86221794288,-4.885985101757276e-12
Ablated PINN,3,343,True,optimal,2.4388311430811883e-07,0.19542825315147638,0.1954284970345907,0.1640166942961514,35849.75636935258,0.8392670300643031,35849.75636934662,-1.6622175126162067e-11
Ablated PINN,3,344,True,optimal,2.4388311430811883e-07,0.17274018144235015,0.17274042532546446,0.1572670452296733,37308.41490008909,0.9104240940322025,37308.41490008747,-4.348988163415727e-12
Ablated PINN,3,345,True,optimal,2.4388311430811883e-07,0.22591033205389977,0.22591057593701408,0.1761533319950103,36770.4984598853,0.7797480541332578,36770.49845988523,-1.7808738328388466e-13
Ablated PINN,3,346,True,optimal,2.4388311430811883e-07,0.25808816915377975,0.25808841303689406,0.1626538787968456,37745.29713856809,0.6302254211373449,37745.29713855677,-2.9974897398527784e-11
Ablated PINN,3,347,True,optimal,2.4388311430811883e-07,0.2213381133042276,0.2213383571873419,0.15967952972278,36262.02709466293,0.7214272833317653,36262.027094656456,-1.7857805521237206e-11
Ablated PINN,3,348,True,optimal,2.4388311430811883e-07,0.17112090112641454,0.17112114500952885,0.1806515110656619,37614.96698897088,1.0556936786251772,37614.96698897098,2.514622676981708e-13
Ablated PINN,3,349,True,optimal,2.4388311430811883e-07,0.17049660114571452,0.17049684502882884,0.1564428242854774,37348.3145004898,0.9175702005454993,37348.31450048899,-2.1819117239624204e-12
Ablated PINN,3,350,True,optimal,2.4388311430811883e-07,0.19011491537094116,0.19011515925405548,0.1632170481607318,37376.6109390296,0.858516747434227,37376.610939028906,-1.849327576743028e-12
Ablated PINN,3,351,True,optimal,2.4388311430811883e-07,0.18559988820925355,0.18560013209236786,0.1674898597411811,37839.46141167138,0.9024231710019808,37839.461411670294,-2.865045230741419e-12
Ablated PINN,3,352,True,optimal,2.4388311430811883e-07,0.21033265115693212,0.21033289504004643,0.1566757610999047,37852.31796544582,0.744894235730813,37852.3179654447,-2.960181919657111e-12
Ablated PINN,3,353,True,optimal,2.4388311430811883e-07,0.19093494163826108,0.1909351855213754,0.1770983976311981,37573.933889825945,0.9275314926769836,37573.93388982618,6.196600130733561e-13
Ablated PINN,3,354,True,optimal,2.4388311430811883e-07,0.21302239876240492,0.21302264264551923,0.1708676097914576,38051.499909117774,0.8021100840242142,38051.49990911614,-4.302302056689746e-12
Ablated PINN,3,355,True,optimal,2.4388311430811883e-07,0.24946222826838493,0.24946247215149925,0.1537947528995573,36973.949662977975,0.6165045650880799,36973.9496629778,-4.722865269523863e-13
Ablated PINN,3,356,True,optimal,2.4388311430811883e-07,0.2122197668068111,0.2122200106899254,0.1785147627815604,37937.88590271783,0.8411778050581113,37937.88590272052,7.076905567480094e-12
Ablated PINN,3,357,True,optimal,2.4388311430811883e-07,0.21099952096119523,0.21099976484430955,0.1495846440084278,38654.80305131844,0.708932752218003,38654.803051316485,-5.063361972422685e-12
Ablated PINN,3,358,True,optimal,2.4388311430811883e-07,0.12191748106852174,0.12191772495163605,0.1617406769655645,37521.06428814495,1.3266379193815003,37521.06428814319,-4.692781977372429e-12
Ablated PINN,3,359,True,optimal,2.4388311430811883e-07,0.12865131814032793,0.12865156202344225,0.1793468687683344,36846.28373881762,1.3940512337942286,36846.28373881766,1.184807292766656e-13
Ablated PINN,3,360,True,optimal,2.4388311430811883e-07,0.14749184856191278,0.1474920924450271,0.1728639090433716,36687.36611674075,1.172021538088905,36687.3661167407,-1.3882627370200725e-13
Ablated PINN,3,361,True,optimal,2.4388311430811883e-07,0.13816707022488117,0.1381673141079955,0.1583820222876966,39483.239673706245,1.1463060081192626,39483.23967370551,-1.861224471714037e-12
Ablated PINN,3,362,True,optimal,2.4388311430811883e-07,0.13598497863858938,0.1359852225217037,0.1584834479726851,37799.96224738413,1.1654461053471499,37799.962247382784,-3.5609881031483955e-12
Ablated PINN,3,363,True,optimal,2.4388311430811883e-07,0.13201130228117108,0.1320115461642854,0.1537092416547238,37418.69015089786,1.1643621040801697,37418.69015089248,-1.4389089016165204e-11
Ablated PINN,3,364,True,optimal,2.4388311430811883e-07,0.13098327489569783,0.13098351877881215,0.1683027609251439,37834.301886206886,1.2849155565086903,37834.30188620688,-1.9231113702235366e-14
Ablated PINN,3,365,True,optimal,2.4388311430811883e-07,0.12737117800861597,0.12737142189173029,0.1649024193175137,37742.89408496819,1.2946579135913703,37742.89408496469,-9.27256824700166e-12
Ablated PINN,3,366,True,optimal,2.4388311430811883e-07,0.11653127381578088,0.11653151769889519,0.1769362860359251,37775.65819093329,1.5183556305609034,37775.65819092929,-1.0593532659508681e-11
Ablated PINN,3,367,True,optimal,2.4388311430811883e-07,0.13516841595992446,0.13516865984303877,0.1730401460081339,38010.13137847156,1.280179489898564,38010.13137846963,-5.072670621840246e-12
Ablated PINN,3,368,True,optimal,2.4388311430811883e-07,0.12755859782919288,0.1275588417123072,0.1611949922516942,36719.7749265405,1.2636912509385205,36719.77492654012,-1.0303706836287622e-12
Ablated PINN,3,369,True,optimal,2.4388311430811883e-07,0.11666444828733802,0.11666469217045233,0.1786027369089424,37727.4088171513,1.5309065115261764,37727.408817153366,5.4771107457788015e-12
Ablated PINN,3,370,True,optimal,2.4388311430811883e-07,0.11985334660857916,0.11985359049169347,0.1625282913446426,37933.71160771181,1.3560569247686136,37933.71160771202,5.562407733611364e-13
Ablated PINN,3,371,True,optimal,2.4388311430811883e-07,0.123434545006603,0.12343478888971732,0.1710067898966372,37229.94614925975,1.385401890624393,37229.94614925968,-1.7588964073468813e-13
Ablated PINN,3,372,True,optimal,2.4388311430811883e-07,0.11887297499924898,0.1188732188823633,0.1722252019681036,39329.03921573299,1.4488141533252945,39329.039215727316,-1.4430169290260147e-11
Ablated PINN,3,373,True,optimal,2.4388311430811883e-07,0.12488556886091828,0.1248858127440326,0.1558023900724947,37135.72573364024,1.247558763074466,37135.725733638785,-3.918575695205727e-12
Ablated PINN,3,374,True,optimal,2.4388311430811883e-07,0.12053379882127047,0.12053404270438478,0.1593901240266859,38931.05602781042,1.3223660341136771,38931.05602780816,-5.793695549346545e-12
Ablated PINN,3,375,True,optimal,2.4388311430811883e-07,0.12428955594077706,0.12428979982389138,0.164059461094439,38754.05535110205,1.3199752620641279,38754.05535109995,-5.40711358824345e-12
Ablated PINN,3,376,True,optimal,2.4388311430811883e-07,0.14174615871161222,0.14174640259472654,0.1682739951647818,39424.44560524321,1.18714825974033,39424.445605242494,-1.8086337936864871e-12
Ablated PINN,3,377,True,optimal,2.4388311430811883e-07,0.13179589295759797,0.13179613684071229,0.1648961347527802,37474.86973459562,1.2511454334361278,37474.86973459582,5.436358141868649e-13
Ablated PINN,3,378,True,optimal,2.4388311430811883e-07,0.1214699987322092,0.12147024261532352,0.1694960938766598,37177.17172798672,1.3953713290375678,37177.17172799063,1.0509646261969934e-11
Ablated PINN,3,379,True,optimal,2.4388311430811883e-07,0.13004425168037415,0.13004449556348846,0.1676636543124914,37326.97407788077,1.289279131623353,37326.974077879044,-4.619720717151082e-12
Ablated PINN,3,380,True,optimal,2.4388311430811883e-07,0.11316184094175696,0.11316208482487128,0.1655743359588086,38622.82871866539,1.4631608830382552,38622.828718663586,-4.671945448276948e-12
Ablated PINN,3,381,True,optimal,2.4388311430811883e-07,0.11674777278676629,0.1167480166698806,0.1761570987291634,37176.53495707838,1.5088658784437365,37176.534957077776,-1.6244238003204263e-12
Ablated PINN,3,382,True,optimal,2.4388311430811883e-07,0.12923184083774686,0.12923208472086117,0.1673887502402067,38668.827789592455,1.2952569062223456,38668.82778958849,-1.0254763659521213e-11
Ablated PINN,3,383,True,optimal,2.4388311430811883e-07,0.13097412092611194,0.13097436480922625,0.1510437428951263,38061.93852998524,1.153231345043227,38061.938529983505,-4.54963141410004e-12
Ablated PINN,3,384,True,optimal,2.4388311430811883e-07,0.12558112991973758,0.1255813738028519,0.1556600257754326,39213.49143298026,1.2395152327271135,39213.491432979536,-1.855473039583521e-12
Ablated PINN,3,385,True,optimal,2.4388311430811883e-07,0.12328418996185064,0.12328443384496496,0.1652870648540556,38986.91675117543,1.3406969533713444,38986.916751175166,-6.718522415669257e-13
Ablated PINN,3,386,True,optimal,2.4388311430811883e-07,0.11707585118710995,0.11707609507022426,0.18776794988662,37427.66139293921,1.6038111774567945,37427.66139294101,4.801693356781152e-12
Ablated PINN,3,387,True,optimal,2.4388311430811883e-07,0.11564095178619027,0.11564119566930459,0.1741155311465263,37046.28601284228,1.5056531553378167,37046.28601284488,7.011544604938375e-12
Ablated PINN,3,388,True,optimal,2.4388311430811883e-07,0.1338593759573996,0.13385961984051392,0.1632291111163795,38131.66536932286,1.219405159755105,38131.665369321105,-4.598555473606225e-12
Ablated PINN,3,389,True,optimal,2.4388311430811883e-07,0.13213504292070866,0.13213528680382297,0.1615799637511372,36417.217038359726,1.2228373484444757,36417.217038360235,1.398561104920114e-12
Ablated PINN,3,390,True,optimal,2.4388311430811883e-07,0.12488310690969229,0.1248833507928066,0.1764963190071284,35466.10140427182,1.4132894247845145,35466.10140422559,-1.3035386707306092e-10
Ablated PINN,3,391,True,optimal,2.4388311430811883e-07,0.13008166290819645,0.13008190679131076,0.1601402792148292,37452.036578716325,1.2310726615634626,37452.03657871589,-1.1656441057175978e-12
Ablated PINN,3,392,True,optimal,2.4388311430811883e-07,0.16872772667557,0.16872797055868433,0.1621726909652352,38633.16542454447,0.9611488268854086,38633.16542454379,-1.7703442320020725e-12
Ablated PINN,3,393,True,optimal,2.4388311430811883e-07,0.12350596813485026,0.12350621201796458,0.1680706939660012,37932.919633845,1.3608278581287432,37932.91963384655,4.085577874786907e-12
Ablated PINN,3,394,True,optimal,2.4388311430811883e-07,0.11567103816196322,0.11567128204507754,0.1694754213094711,36880.31267606111,1.4651469086633437,36880.31267606359,6.727441733559442e-12
Ablated PINN,3,395,True,optimal,2.4388311430811883e-07,0.1248356238938868,0.12483586777700112,0.1693475623615086,37076.22244734752,1.35656174284798,37076.22244734565,-5.043450986681943e-12
Ablated PINN,3,396,True,optimal,2.4388311430811883e-07,0.12404195917770267,0.12404220306081698,0.1742645050399005,37267.03147711159,1.4048807642868122,37267.03147710971,-5.0371521155696234e-12
Ablated PINN,3,397,True,optimal,2.4388311430811883e-07,0.12196429586037993,0.12196453974349425,0.1719848490320146,37843.152837153495,1.4101217402510513,37843.15283715761,1.088226456011529e-11
Ablated PINN,3,398,True,optimal,2.4388311430811883e-07,0.13334312988445163,0.13334337376756594,0.1627589608542621,38921.96971919475,1.2206002912298528,38921.96971919478,7.477481398476313e-14
Ablated PINN,3,399,True,optimal,2.4388311430811883e-07,0.13217632798478007,0.1321765718678944,0.1748795001767575,37498.49569973195,1.3230748664864989,37498.49569973191,-1.1641999197693848e-13
Ablated PINN,3,400,True,optimal,2.4388311430811883e-07,0.12838457990437746,0.12838482378749178,0.171755454968661,38604.6872796718,1.3378174296750074,38604.68727967189,2.2616810942586502e-13
Ablated PINN,3,401,True,optimal,2.4388311430811883e-07,0.13157353410497308,0.1315737779880874,0.1775785838253796,36977.27977555316,1.3496502611748176,36977.27977555124,-5.194683929709618e-12
Ablated PINN,3,402,True,optimal,2.4388311430811883e-07,0.13090005610138178,0.1309002999844961,0.1669551036320626,37666.0892252334,1.2754371353758307,37666.08922523337,-7.726799106405866e-14
Ablated PINN,3,403,True,optimal,2.4388311430811883e-07,0.12625581631436944,0.12625606019748375,0.1660744161345064,37468.71010259408,1.315377779686303,37468.710102596,5.126551741132497e-12
Ablated PINN,3,404,True,optimal,2.4388311430811883e-07,0.12938739079982042,0.12938763468293474,0.1637088330462575,38353.37521509551,1.2652587200270495,38353.37521509323,-5.956843897155575e-12
Ablated PINN,3,405,True,optimal,2.4388311430811883e-07,0.13439489621669054,0.13439514009980486,0.1731520928442478,38555.13622723438,1.2883806119452024,38555.13622723257,-4.6990196980601614e-12
Ablated PINN,3,406,True,optimal,2.4388311430811883e-07,0.12160157086327672,0.12160181474639103,0.1608420866541564,37419.01364240212,1.3226947886394924,37419.013642401864,-6.805591374750948e-13
Ablated PINN,3,407,True,optimal,2.4388311430811883e-07,0.12208371516317129,0.1220839590462856,0.1607318921014666,38457.96384517048,1.31656847760424,38457.963845168284,-5.713612941989738e-12
Ablated PINN,3,408,True,optimal,2.4388311430811883e-07,0.15278891567140818,0.1527891595545225,0.1717885145917534,38390.84687547281,1.1243501508394058,38390.84687547554,7.10712142967068e-12
Ablated PINN,3,409,True,optimal,2.4388311430811883e-07,0.1267552739009261,0.12675551778404043,0.1610046979039907,37585.75404324474,1.270198731532163,37585.75404324397,-2.0519782740451885e-12
Ablated PINN,3,410,True,optimal,2.4388311430811883e-07,0.11361609026789665,0.11361633415101097,0.1536791138350963,37696.82806400474,1.3526146128851215,37696.82806400465,-2.3161495503535887e-13
Ablated PINN,3,411,True,optimal,2.4388311430811883e-07,0.13498829491436481,0.13498853879747913,0.1715860590338707,38660.62569214412,1.2711157596223643,38660.62569214417,1.1292043236116441e-13
Ablated PINN,3,412,True,optimal,2.4388311430811883e-07,0.13964103115722537,0.13964127504033969,0.1600955836474895,36898.40452385658,1.1464775268003027,36898.40452385539,-3.2338987664211446e-12
Ablated PINN,3,413,True,optimal,2.4388311430811883e-07,0.13223205786198378,0.1322323017450981,0.1618091836571693,37817.5025814616,1.2236736525171137,37817.502581460256,-3.5593364625927937e-12
Ablated PINN,3,414,True,optimal,2.4388311430811883e-07,0.1318680508993566,0.13186829478247092,0.1643888838589191,38360.34072199414,1.2466141624876088,38360.340721995635,3.907283512897508e-12
Ablated PINN,3,415,True,optimal,2.4388311430811883e-07,0.13163082720711827,0.1316310710902326,0.1609513540752232,36841.417527703736,1.222745912056673,36841.41752770371,-7.8997585895951e-14
Ablated PINN,3,416,True,optimal,2.4388311430811883e-07,0.12196138175204396,0.12196162563515828,0.1718902769498527,38175.53510914572,1.4093800082991133,38175.53510914575,7.623686314684111e-14
Ablated PINN,3,417,True,optimal,2.4388311430811883e-07,0.12398136593401432,0.12398160981712864,0.1709209932014346,36658.56838350655,1.3785995637057866,36658.56838350504,-4.128364119181103e-12
Ablated PINN,3,418,True,optimal,2.4388311430811883e-07,0.1427211118862033,0.1427213557693176,0.1671983739361167,38078.027718501886,1.1715021416021414,38078.02771850188,-1.9108021213630456e-14
Ablated PINN,3,419,True,optimal,2.4388311430811883e-07,0.12352942582219839,0.1235296697053127,0.1731838411651551,37952.21734720609,1.4019615010571576,37952.21734721149,1.4225151854326478e-11
Ablated PINN,3,420,True,optimal,2.4388311430811883e-07,0.12187053309753537,0.12187077698064969,0.1617971747182309,37272.0523532003,1.32761256411716,37272.0523531997,-1.6007396606691354e-12
Ablated PINN,3,421,True,optimal,2.4388311430811883e-07,0.1304654316045344,0.1304656754876487,0.1616209037601947,37104.89296270704,1.238800191361409,37104.89296270473,-6.2161035365721576e-12
Ablated PINN,3,422,True,optimal,2.4388311430811883e-07,0.12999329809099436,0.12999354197410867,0.1601801970973611,37562.68797175633,1.2322165752608296,37562.68797175622,-2.9055259382612373e-13
Ablated PINN,3,423,True,optimal,2.4388311430811883e-07,0.15673550497740507,0.15673574886051939,0.1571588511578738,37255.813900233305,1.00269946263332,37255.813900232926,-1.0155456459781404e-12
Ablated PINN,3,424,True,optimal,2.4388311430811883e-07,0.15779281500726938,0.1577930588903837,0.1819395651109516,37876.34581112449,1.15302641567613,37876.345811122774,-4.533504909660423e-12
Ablated PINN,3,425,True,optimal,2.4388311430811883e-07,0.11225171014666557,0.11225195402977989,0.1735469489358365,38701.26744916155,1.5460483555573148,38701.2674491622,1.6920277511239368e-12
Ablated PINN,3,426,True,optimal,2.4388311430811883e-07,0.12595816003158689,0.1259584039147012,0.1618646807037294,37374.06626619191,1.2850645584025013,37374.06626618811,-1.0181728167106557e-11
Ablated PINN,3,427,True,optimal,2.4388311430811883e-07,0.12546624103561044,0.12546648491872475,0.1609282358549535,37112.976013070205,1.2826392319765738,37112.97601306857,-4.411099941472576e-12
Ablated PINN,3,428,True,optimal,2.4388311430811883e-07,0.12847108207643032,0.12847132595954464,0.1635541059076786,37268.62912272493,1.2730786787331942,37268.62912272442,-1.3666105917544428e-12
Ablated PINN,3,429,True,optimal,2.4388311430811883e-07,0.12087063398212194,0.12087087786523626,0.1489670872688293,36774.54950030895,1.232448128944001,36774.549500307156,-4.886970894607989e-12
Ablated PINN,3,430,True,optimal,2.4388311430811883e-07,0.13864972675219178,0.1386499706353061,0.1537691517733037,37690.08294150284,1.1090456858282782,37690.082941502595,-6.563598155678997e-13
Ablated PINN,3,431,True,optimal,2.4388311430811883e-07,0.12406975636258721,0.12407000024570153,0.1891188360750675,35941.81036871992,1.5242914137224692,35941.81036872078,2.388758355981005e-12
Ablated PINN,3,432,True,optimal,2.4388311430811883e-07,0.1432573590427637,0.14325760292587802,0.1816600421443581,38194.32138829948,1.2680656274721394,38194.32138829956,2.0954825441809242e-13
Ablated PINN,3,433,True,optimal,2.4388311430811883e-07,0.12470200890675187,0.12470225278986619,0.1714735240675509,37327.66740204386,1.3750635632581414,37327.6674020462,6.276465996476332e-12
Ablated PINN,3,434,True,optimal,2.4388311430811883e-07,0.1354222921654582,0.13542253604857252,0.160996027290821,37978.76094738759,1.1888422118536899,37978.7609473854,-5.7665473734204506e-12
Ablated PINN,3,435,True,optimal,2.4388311430811883e-07,0.12580097280442715,0.12580121668754146,0.1718754917383194,38324.456068937936,1.3662466569398517,38324.45606893849,1.442871824934069e-12
Ablated PINN,3,436,True,optimal,2.4388311430811883e-07,0.12940922938287258,0.1294094732659869,0.1691069938242435,35780.05730350514,1.3067589996032418,35780.057303507725,7.219007312160117e-12
Ablated PINN,3,437,True,optimal,2.4388311430811883e-07,0.12609176896512508,0.1260920128482394,0.151087419129908,38517.317363185226,1.1982314796715343,38517.317363182134,-8.028290124336522e-12
Ablated PINN,3,438,True,optimal,2.4388311430811883e-07,0.12225771276280284,0.12225795664591715,0.1569451782852411,38402.26506807678,1.2837215882789934,38402.26506807633,-1.1557480103800987e-12
Ablated PINN,3,439,True,optimal,2.4388311430811883e-07,0.11835750192403793,0.11835774580715225,0.167893951293081,36392.9780964767,1.4185294772903263,36392.978096477775,2.9589271975612213e-12
Ablated PINN,3,440,True,optimal,2.4388311430811883e-07,0.1485159257426858,0.1485161696258001,0.1618778030388057,37550.54585925145,1.089967533142495,37550.545859250415,-2.7514539604475474e-12
Ablated PINN,3,441,True,optimal,2.4388311430811883e-07,0.12671671388670802,0.12671695776982234,0.1609025471843779,38249.09423451185,1.2697791204603626,38249.094234511744,-2.8533842799936374e-13
Ablated PINN,3,442,True,optimal,2.4388311430811883e-07,0.11758994776755571,0.11759019165067003,0.1669071861542761,37564.22886190177,1.4193971777009606,37564.22886190465,7.670273828351831e-12
Ablated PINN,3,443,True,optimal,2.4388311430811883e-07,0.1429748460650444,0.14297508994815872,0.1764045138843357,38501.87476288123,1.2338129246730891,38501.87476288005,-3.0614226989125152e-12
Ablated PINN,3,444,True,optimal,2.4388311430811883e-07,0.13547303900122643,0.13547328288434074,0.1687971269711852,36693.61615534541,1.2459809297992317,36693.6161553431,-6.285776125011722e-12
Ablated PINN,3,445,True,optimal,2.4388311430811883e-07,0.1394750070758164,0.1394752509589307,0.1566491508856415,37384.00388267394,1.1231322389358362,37384.00388258719,-2.3205444474639293e-10
Ablated PINN,3,446,True,optimal,2.4388311430811883e-07,0.13979317108169198,0.1397934149648063,0.169557929970324,37633.90151751269,1.2129178617820524,37633.90151751454,4.910713902842606e-12
Ablated PINN,3,447,True,optimal,2.4388311430811883e-07,0.1701931287534535,0.1701933726365678,0.1685262960381806,38124.7000969486,0.9902048089619382,38124.70009694759,-2.652763446793494e-12
Ablated PINN,3,448,True,optimal,2.4388311430811883e-07,0.123305041808635,0.12330528569174931,0.1662984830327332,38243.87790215338,1.3486727847860676,38243.87790215343,1.3317609534679587e-13
Ablated PINN,3,449,True,optimal,2.4388311430811883e-07,0.12806376535445452,0.12806400923756883,0.1546964379958808,37080.38754728253,1.207961853739146,37080.38754728152,-2.7274744825195726e-12
Ablated PINN,3,450,True,optimal,2.4388311430811883e-07,0.11536081088706851,0.11536105477018282,0.1561462609097361,36958.727729449776,1.3535439773917095,36958.727729446015,-1.0178029162880043e-11
Ablated PINN,3,451,True,optimal,2.4388311430811883e-07,0.12117509916424751,0.12117534304736183,0.1594108808785677,37748.22660110671,1.3155389278845397,37748.226601104994,-4.548891832966122e-12
Ablated PINN,3,452,True,optimal,2.4388311430811883e-07,0.14054515305906534,0.14054539694217966,0.1829593260772526,36482.54645682538,1.3017809907536284,36482.54645682303,-6.441804472619451e-12
Ablated PINN,3,453,True,optimal,2.4388311430811883e-07,0.11766598606482148,0.1176662299479358,0.1481087496504187,38666.48950305212,1.2587192579889142,38666.489503049444,-6.924736215859858e-12
Ablated PINN,3,454,True,optimal,2.4388311430811883e-07,0.17774330405518413,0.17774354793829844,0.1723275943659246,37207.15618916848,0.9695293942582156,37207.15618916841,-1.9555263985215718e-13
Ablated PINN,3,455,True,optimal,2.4388311430811883e-07,0.15010393783450127,0.15010418171761558,0.1708534280769527,36398.805412142094,1.1382323005389134,36398.805412143454,3.7380459563060925e-12
Ablated PINN,3,456,True,optimal,2.4388311430811883e-07,0.16011672979220748,0.1601169736753218,0.1749409511685371,36858.30449183067,1.0925821738504422,36858.304491829345,-3.5927433560458177e-12
Ablated PINN,3,457,True,optimal,2.4388311430811883e-07,0.11746294284239411,0.11746318672550843,0.1634921408258378,37007.17872638533,1.3918585506103391,37007.17872638711,4.797268311066849e-12
Ablated PINN,3,458,True,optimal,2.4388311430811883e-07,0.12479960080236197,0.12479984468547628,0.1568043287843465,38691.19939925147,1.2564465058392398,38691.19939924899,-6.412573362831829e-12
Ablated PINN,3,459,True,optimal,2.4388311430811883e-07,0.12672310788184404,0.12672335176495836,0.1692603467963636,37608.10710171843,1.3356681656455964,37608.10710172034,5.088203049822744e-12
Ablated PINN,3,460,True,optimal,2.4388311430811883e-07,0.13374190870672464,0.13374215258983896,0.1677271695807576,38370.422163674295,1.2541084940896985,38370.42216367317,-2.9391738912534214e-12
Ablated PINN,3,461,True,optimal,2.4388311430811883e-07,0.12575344694778323,0.12575369083089755,0.1789247682318091,37763.94546533152,1.4228192194566387,37763.945465328165,-8.882060438356037e-12
Ablated PINN,3,462,True,optimal,2.4388311430811883e-07,0.12718943692743778,0.1271896808105521,0.1674471567384898,36922.44588513418,1.3165152681521457,36922.445885132394,-4.827983555099904e-12
Ablated PINN,3,463,True,optimal,2.4388311430811883e-07,0.13198132812976837,0.1319815720128827,0.1599371540360152,37739.65302251959,1.2118142828333927,37739.653022519575,-3.8558688442852387e-14
Ablated PINN,3,464,True,optimal,2.4388311430811883e-07,0.12467112205922604,0.12467136594234035,0.1710753277875483,38200.83324954433,1.3722102625126404,38200.83324954331,-2.6665231601926645e-12
Ablated PINN,3,465,True,optimal,2.4388311430811883e-07,0.12139948410913348,0.1213997279922478,0.1681939489208161,36710.42924356974,1.3854557312645415,36710.429243569735,-1.981986526474052e-14
Ablated PINN,3,466,True,optimal,2.4388311430811883e-07,0.12491614185273647,0.12491638573585079,0.1739074210636317,37556.3774048284,1.3921906244660147,37556.37740482627,-5.676414309016033e-12
Ablated PINN,3,467,True,optimal,2.4388311430811883e-07,0.13726671086624265,0.13726695474935696,0.157432812731713,38592.81516958965,1.1469097789717704,38592.815169588874,-2.0172860189040843e-12
Ablated PINN,3,468,True,optimal,2.4388311430811883e-07,0.12637047795578837,0.1263707218389027,0.1681976476684212,36629.483642808365,1.330985889934533,36629.48364280579,-7.0317371124794154e-12
Ablated PINN,3,469,True,optimal,2.4388311430811883e-07,0.1272999532520771,0.12730019713519142,0.1602817373350262,38091.71101796326,1.259084753535839,38091.711017961854,-3.6865233459194876e-12
Ablated PINN,3,470,True,optimal,2.4388311430811883e-07,0.13219695398584008,0.1321971978689544,0.1550038200803101,38259.008655203404,1.1725197097896407,38259.00865520284,-1.483375324805028e-12
Ablated PINN,3,471,True,optimal,2.4388311430811883e-07,0.1514818612486124,0.15148210513172672,0.1651594182476401,38173.33483881843,1.0902899593586965,38173.33483882466,1.6315629074689962e-11
Ablated PINN,3,472,True,optimal,2.4388311430811883e-07,0.12254912732169032,0.12254937120480464,0.1747247958555817,36802.878424429,1.425750243659606,36802.87842442876,-6.524125599607317e-13
Ablated PINN,3,473,True,optimal,2.4388311430811883e-07,0.11977099813520908,0.1197712420183234,0.1697152792476117,36834.69907760811,1.4169952351470776,36834.69907760781,-8.098729449451817e-13
Ablated PINN,3,474,True,optimal,2.4388311430811883e-07,0.11815376579761505,0.11815400968072937,0.1804246907122433,37916.82860834288,1.5270297741039771,37916.82860834289,1.9189256805571784e-14
Ablated PINN,3,475,True,optimal,2.4388311430811883e-07,0.13832253869622946,0.13832278257934377,0.1652134880423545,38452.62701430416,1.1944054693057224,38452.627014302794,-3.557312302635761e-12
Ablated PINN,3,476,True,optimal,2.4388311430811883e-07,0.12728141387924552,0.12728165776235983,0.159290880896151,38140.91746684177,1.2514833927882503,38140.917466841616,-4.0060680247318664e-13
Ablated PINN,3,477,True,optimal,2.4388311430811883e-07,0.12427009688690305,0.12427034077001736,0.1729931975714862,36500.63111090841,1.3920714830229561,36500.63111090746,-2.611325937247081e-12
Ablated PINN,3,478,True,optimal,2.4388311430811883e-07,0.12816124921664596,0.12816149309976027,0.1656261207535863,38235.8816351454,1.292323589150633,38235.88163514466,-1.9409717911788573e-12
Ablated PINN,3,479,True,optimal,2.4388311430811883e-07,0.1215082099661231,0.12150845384923742,0.1663273028098046,38087.47693235246,1.368853750835942,38087.47693235246,0.0
Ablated PINN,3,480,True,optimal,2.4388311430811883e-07,0.1324982433579862,0.13249848724110053,0.1786074908450245,37407.79141104826,1.3479964531219277,37407.791411048296,9.725190046951686e-14
Ablated PINN,3,481,True,optimal,2.4388311430811883e-07,0.13425867492333055,0.13425891880644486,0.1703198752366006,38708.18664632728,1.2685926324354155,38708.18664632427,-7.781936363474022e-12
Ablated PINN,3,482,True,optimal,2.4388311430811883e-07,0.12372047733515501,0.12372072121826933,0.1643709153868258,37737.632514762365,1.3285641545593725,37737.632514763296,2.4678881862850297e-12
Ablated PINN,3,483,True,optimal,2.4388311430811883e-07,0.1425975407473743,0.1425977846304886,0.1649042228236794,37525.80746112476,1.156429065507526,37525.80746112231,-6.514774561209017e-12
Ablated PINN,3,484,True,optimal,2.4388311430811883e-07,0.12762081809341908,0.1276210619765334,0.180173791013658,37002.30188211227,1.4117872725960223,37002.30188211305,2.123660913948937e-12
Ablated PINN,3,485,True,optimal,2.4388311430811883e-07,0.13352287793532014,0.13352312181843445,0.1616177652031183,36824.61424910403,1.2104103244596625,36824.61424910288,-3.121828501079144e-12
Ablated PINN,3,486,True,optimal,2.4388311430811883e-07,0.13749531377106905,0.13749555765418336,0.1572845829650759,37553.28486898609,1.1439248339983763,37553.28486898614,1.3562516162559894e-13
Ablated PINN,3,487,True,optimal,2.4388311430811883e-07,0.15645507629960775,0.15645532018272207,0.1664084489457309,37719.161807789606,1.06361642896761,37719.16180778968,1.9289817868330322e-13
Ablated PINN,3,488,True,optimal,2.4388311430811883e-07,0.12154811108484864,0.12154835496796296,0.1689285202883184,35906.810683409625,1.3898050724984607,35906.810683412135,6.990889274532802e-12
Ablated PINN,3,489,True,optimal,2.4388311430811883e-07,0.1305624172091484,0.13056266109226272,0.167945226188749,36518.85773134938,1.2863189581443175,36518.857731346776,-7.132733572993436e-12
Ablated PINN,3,490,True,optimal,2.4388311430811883e-07,0.12910489784553647,0.12910514172865079,0.1624270137399435,37071.05915200899,1.2580987214384352,37071.05915200813,-2.315992631753863e-12
Ablated PINN,3,491,True,optimal,2.4388311430811883e-07,0.12325196107849479,0.1232522049616091,0.1605132520198822,37108.33273370477,1.3023154601565081,37108.33273370026,-1.2136944538844267e-11
Ablated PINN,3,492,True,optimal,2.4388311430811883e-07,0.12785201985388994,0.12785226373700426,0.1519833439961075,37053.44863084352,1.1887419084635182,37053.44863084212,-3.7898221931453e-12
Ablated PINN,3,493,True,optimal,2.4388311430811883e-07,0.12769136670976877,0.1276916105928831,0.17297432012856,38317.002092070165,1.3546255648701229,38317.002092066876,-8.582959683820157e-12
Ablated PINN,3,494,True,optimal,2.4388311430811883e-07,0.13281529676169157,0.13281554064480589,0.1643035942688584,36055.33755714969,1.2370810936068266,36055.33755714968,-2.0179973638162822e-14
Ablated PINN,3,495,True,optimal,2.4388311430811883e-07,0.13714804919436574,0.13714829307748005,0.162225276697427,37652.181725531,1.1828457581005405,37652.181725529226,-4.715088413208594e-12
Ablated PINN,3,496,True,optimal,2.4388311430811883e-07,0.11729937512427568,0.11729961900739,0.1588904280215501,37722.04300345368,1.3545690034299245,37722.043003453684,1.9288344519190727e-14
Ablated PINN,3,497,True,optimal,2.4388311430811883e-07,0.1374645223841071,0.13746476626722143,0.1765229487791657,37204.799260693006,1.2841323167568481,37204.79926069034,-7.157680029749825e-12
Ablated PINN,3,498,True,optimal,2.4388311430811883e-07,0.12357856007292867,0.12357880395604298,0.1832795981317758,37230.59901779537,1.4830989802828032,37230.59901779532,-1.3680065495303955e-13
Ablated PINN,3,499,True,optimal,2.4388311430811883e-07,0.12761326506733894,0.12761350895045326,0.1641666949726641,37721.64044467261,1.2864366501857012,37721.64044467054,-5.477948302537104e-12
Ablated PINN,3,500,True,optimal,2.4388311430811883e-07,0.1292179012671113,0.12921814515022562,0.1640047440305352,38079.57571521508,1.2692083131193965,38079.57571521454,-1.4330433331107683e-12
Ablated PINN,3,501,True,optimal,2.4388311430811883e-07,0.12493883771821856,0.12493908160133288,0.1794212227687239,36316.530545026646,1.4360696466557812,36316.53054503317,1.7971248580121613e-11
Ablated PINN,3,502,True,optimal,2.4388311430811883e-07,0.12881629494950175,0.12881653883261607,0.1570291663520038,38609.62011822203,1.2190140161741745,38609.62011822237,8.668669860713724e-13
Ablated PINN,3,503,True,optimal,2.4388311430811883e-07,0.16330939810723066,0.16330964199034498,0.1569332550279796,36516.20739470637,0.9609552327428263,36516.20739470519,-3.2278958237831345e-12
Ablated PINN,3,504,True,optimal,2.4388311430811883e-07,0.13456308981403708,0.1345633336971514,0.1627647872082889,37936.529275429886,1.2095775478824549,37936.529275430104,5.753787512841191e-13
Ablated PINN,3,505,True,optimal,2.4388311430811883e-07,0.12635762710124254,0.12635787098435686,0.1631903205998242,35896.31007549137,1.2914931165627759,35896.31007548659,-1.33169792172659e-11
Ablated PINN,3,506,True,optimal,2.4388311430811883e-07,0.12529734475538135,0.12529758863849566,0.1606509038247168,36373.42153754244,1.282154793004208,36373.42153754132,-3.080539100309104e-12
Ablated PINN,3,507,True,optimal,2.4388311430811883e-07,0.12288377294316888,0.1228840168262832,0.1607295661233365,37452.18108173199,1.3079778011371017,37452.18108173167,-8.548023794006115e-13
Ablated PINN,3,508,True,optimal,2.4388311430811883e-07,0.1396485692821443,0.13964881316525862,0.1758668818511068,38696.94636532026,1.2593510669008563,38696.94636532018,-2.0682648444773555e-13
Ablated PINN,3,509,True,optimal,2.4388311430811883e-07,0.12310771364718676,0.12310795753030107,0.1697102920152247,37914.53257223582,1.3785485148143506,37914.53257223511,-1.861470630637853e-12
Ablated PINN,3,510,True,optimal,2.4388311430811883e-07,0.12760215625166893,0.12760240013478324,0.1721428367309272,35624.992067426465,1.349056417035236,35624.99206742391,-7.168734571911646e-12
Ablated PINN,3,511,True,optimal,2.4388311430811883e-07,0.140001957770437,0.14000220165355132,0.1633629011921584,38033.07018102202,1.1668595155125872,38033.07018102304,2.6782851374800765e-12
Ablated PINN,3,512,True,optimal,2.4388311430811883e-07,0.126704182010144,0.1267044258932583,0.1642370293848216,36957.4052685325,1.296221724118639,36957.405268532486,-3.937482927340986e-14
Ablated PINN,3,513,True,optimal,2.4388311430811883e-07,0.132899503223598,0.13289974710671232,0.1634258991107344,39633.46116612954,1.229693078193076,39633.46116609998,-7.45890339037331e-11
Ablated PINN,3,514,True,optimal,2.4388311430811883e-07,0.13288959907367826,0.13288984295679257,0.1668271729722619,38761.83152187966,1.2553794124544464,38761.83152187674,-7.545915262674614e-12
Ablated PINN,3,515,True,optimal,2.4388311430811883e-07,0.13796960841864347,0.1379698523017578,0.1597311091609299,37981.683887864725,1.1577247238880668,37981.683887864594,-3.4481682655767174e-13
Ablated PINN,3,516,True,optimal,2.4388311430811883e-07,0.13832392543554306,0.13832416931865738,0.1497011678293347,38857.10835058162,1.082248811373435,38857.10835058159,-7.489963018902325e-14
Ablated PINN,3,517,True,optimal,2.4388311430811883e-07,0.13594886986538768,0.135949113748502,0.1632240992039442,37630.81896824646,1.2006264307533432,37630.818968244144,-6.1485627598557336e-12
Ablated PINN,3,518,True,optimal,2.4388311430811883e-07,0.173629448749125,0.17362969263223932,0.1537405638955533,38151.6266859253,0.8854508786189429,38151.62668592399,-3.432808727487822e-12
Ablated PINN,3,519,True,optimal,2.4388311430811883e-07,0.1188594470731914,0.11885969095630572,0.1594648258760571,37204.14432204828,1.3416224170957867,37204.14432204485,-9.230831823914136e-12
Ablated PINN,3,520,True,optimal,2.4388311430811883e-07,0.1287634139880538,0.1287636578711681,0.1644031559117138,37249.83784793721,1.2767822740497483,37249.83784793743,5.859857143984599e-13
Ablated PINN,3,521,True,optimal,2.4388311430811883e-07,0.1332320822402835,0.1332323261233978,0.1607491271570325,37748.4401843529,1.2065324672643563,37748.440184352265,-1.6769125011325534e-12
Ablated PINN,3,522,True,optimal,2.4388311430811883e-07,0.13956078188493848,0.1395610257680528,0.1847922513261437,37425.95054747561,1.3240963966061998,37425.9505474756,-1.944094273558589e-14
Ablated PINN,3,523,True,optimal,2.4388311430811883e-07,0.12027040217071772,0.12027064605383203,0.171496971976012,38375.5942804094,1.4259254240577666,38375.59428040868,-1.877025795459485e-12
Ablated PINN,3,524,True,optimal,2.4388311430811883e-07,0.1266479818150401,0.12664822569815443,0.1807770980522036,37022.61104101281,1.427395425839258,37022.611041012795,-3.930548067570537e-14
Ablated PINN,3,525,True,optimal,2.4388311430811883e-07,0.1267421431839466,0.12674238706706092,0.1563175711780786,38966.67967789752,1.2333488014184952,38966.67967789598,-3.939845707365995e-12
Ablated PINN,3,526,True,optimal,2.4388311430811883e-07,0.12851565703749657,0.12851590092061088,0.1727888570167124,37347.141093703816,1.3444939947427252,37347.1410937027,-2.9807409144839125e-12
Ablated PINN,3,527,True,optimal,2.4388311430811883e-07,0.12739103892818093,0.12739128281129525,0.161790772806853,38356.37521541835,1.2700301718957783,38356.375215416454,-4.951002086710506e-12
Ablated PINN,3,528,True,optimal,2.4388311430811883e-07,0.13258804008364677,0.1325882839667611,0.1686766077764332,37414.84558072604,1.2721833538378036,37414.845580726025,-3.8893425864794044e-14
Ablated PINN,3,529,True,optimal,2.4388311430811883e-07,0.11852182121947408,0.11852206510258839,0.1702138897962868,35692.177578481154,1.4361367197656896,35692.17757847965,-4.219757180195171e-12
Ablated PINN,3,530,True,optimal,2.4388311430811883e-07,0.12391156097874045,0.12391180486185477,0.1525644427165389,37037.8463089636,1.2312341256478996,37037.84630897333,2.626490549427265e-11
Ablated PINN,3,531,True,optimal,2.4388311430811883e-07,0.13637051358819008,0.1363707574713044,0.1691260430961847,38034.75219346754,1.2401928846935737,38034.75219346763,2.486869074452125e-13
Ablated PINN,3,532,True,optimal,2.4388311430811883e-07,0.12748010409995914,0.12748034798307345,0.1574206496588885,38521.110639704326,1.2348620956054375,38521.11063970147,-7.423076061121675e-12
Ablated PINN,3,533,True,optimal,2.4388311430811883e-07,0.14420886989682913,0.14420911377994344,0.1743386453017592,37877.11261677823,1.2089294548178975,37877.11261677658,-4.341319354097381e-12
Ablated PINN,3,534,True,optimal,2.4388311430811883e-07,0.14622943615540862,0.14622968003852294,0.1755884899757802,38005.62439794651,1.200771894799489,38005.624397955384,2.3356196431240313e-11
Ablated PINN,3,535,True,optimal,2.4388311430811883e-07,0.13792563928291202,0.13792588316602633,0.1611110898666083,36909.8820842901,1.1680990265813496,36909.88208428338,-1.8194880337343857e-11
Ablated PINN,3,536,True,optimal,2.4388311430811883e-07,0.13067288510501385,0.13067312898812816,0.1906736488454044,37857.63728472696,1.4591649432587426,37857.637284724435,-6.6690831050363e-12
Ablated PINN,3,537,True,optimal,2.4388311430811883e-07,0.11765618668869138,0.11765643057180569,0.1686389078386128,37075.59607166222,1.4333165388328903,37075.59607166386,4.415547251154079e-12
Ablated PINN,3,538,True,optimal,2.4388311430811883e-07,0.13172897323966026,0.13172921712277458,0.153452246915549,38089.40794411606,1.1649066947124425,38089.40794411589,-4.393531802115346e-13
Ablated PINN,3,539,True,optimal,2.4388311430811883e-07,0.14121812116354704,0.14121836504666135,0.1732032489962875,37771.52794192654,1.2264923824819647,37771.5279419256,-2.5041997011561743e-12
Ablated PINN,3,540,True,optimal,2.4388311430811883e-07,0.12617266597226262,0.12617290985537694,0.1874021664261818,37001.506488177045,1.4852805300360246,37001.50648818058,9.5566795412047e-12
Ablated PINN,3,541,True,optimal,2.4388311430811883e-07,0.12110474705696106,0.12110499094007537,0.1572774942032992,38823.19473635722,1.2986871390058774,38823.194736356534,-1.7616788633129788e-12
Ablated PINN,3,542,True,optimal,2.4388311430811883e-07,0.12696318840608,0.12696343228919432,0.1814208501018583,39058.739085027584,1.4289220670139269,39058.73908502754,-1.1176947005397608e-13
Ablated PINN,3,543,True,optimal,2.4388311430811883e-07,0.12787135830149055,0.12787160218460486,0.1840207930654287,38355.62264035055,1.4391060244929343,38355.62264035063,2.0866701736662565e-13
Ablated PINN,3,544,True,optimal,2.4388311430811883e-07,0.13817558018490672,0.13817582406802104,0.1694456427358091,36861.37798766048,1.226304557101064,36861.3779876641,9.810134975039962e-12
Ablated PINN,3,545,True,optimal,2.4388311430811883e-07,0.1362031940370798,0.13620343792019413,0.1812365017831325,37861.57927693827,1.3306308897233905,37861.579276938355,2.306071036592578e-13
Ablated PINN,3,546,True,optimal,2.4388311430811883e-07,0.11775558395311236,0.11775582783622668,0.1795823317952454,38348.31707537076,1.5250398650757757,38348.31707536779,-7.741123817121606e-12
Ablated PINN,3,547,True,optimal,2.4388311430811883e-07,0.1262610019184649,0.1262612458015792,0.1721923486329615,38819.69082451244,1.3637783117043172,38819.69082451152,-2.3803554262668464e-12
Ablated PINN,3,548,True,optimal,2.4388311430811883e-07,0.11955608520656824,0.11955632908968256,0.1568663530051708,37912.18444165716,1.312070671620412,37912.184441657286,3.262573266688603e-13
Ablated PINN,3,549,True,optimal,2.4388311430811883e-07,0.12500089406967163,0.12500113795278595,0.1695985170081257,38415.88485526476,1.3567757844907347,38415.88485526471,-1.3257979997382248e-13
Ablated PINN,3,550,True,optimal,2.4388311430811883e-07,0.17086166189983487,0.17086190578294919,0.1776843862608075,38824.18132568059,1.0399297926977655,38824.18132568056,-7.496315302206442e-14
Ablated PINN,3,551,True,optimal,2.4388311430811883e-07,0.12471145391464233,0.12471169779775665,0.165245640091598,37361.85104174569,1.3250211729101364,37361.85104174547,-6.037031885483033e-13
Ablated PINN,3,552,True,optimal,2.4388311430811883e-07,0.11723855091258883,0.11723879479570315,0.1715954747051,37478.24727886228,1.4636407257863508,37478.24727886246,4.659315614230698e-13
Ablated PINN,3,553,True,optimal,2.4388311430811883e-07,0.13245170004665852,0.13245194392977283,0.1806672159582376,37965.82034292765,1.364020871252965,37965.82034292765,0.0
Ablated PINN,3,554,True,optimal,2.4388311430811883e-07,0.12931023677811027,0.12931048066122458,0.1817612587474286,36150.775536377536,1.4056189244522086,36150.77553637779,7.044344491037655e-13
Ablated PINN,3,555,True,optimal,2.4388311430811883e-07,0.14208640391007066,0.14208664779318497,0.1592718544416129,36622.720950537245,1.1209487796027249,36622.72095053729,1.1920399290938032e-13
Ablated PINN,3,556,True,optimal,2.4388311430811883e-07,0.14123005094006658,0.1412302948231809,0.175411042291671,37333.52835667768,1.2420213560503015,37333.52835668046,7.44482488251322e-12
Ablated PINN,3,557,True,optimal,2.4388311430811883e-07,0.12682604510337114,0.12682628898648546,0.1693641580641269,38048.443557786806,1.335402615795013,38048.44355778309,-9.771790888636285e-12
Ablated PINN,3,558,True,optimal,2.4388311430811883e-07,0.11525489017367363,0.11525513405678794,0.1781026069074869,38082.80898777679,1.5452900069486974,38082.808987779805,7.909727597139068e-12
Ablated PINN,3,559,True,optimal,2.4388311430811883e-07,0.1430135639384389,0.1430138078215532,0.1760990801267326,37758.87499712498,1.2313432025141364,37758.87499712189,-8.170280572841935e-12
Ablated PINN,3,560,True,optimal,2.4388311430811883e-07,0.12696211319416761,0.12696235707728193,0.1799452053382992,37431.88469460471,1.4173114731066834,37431.88469460237,-6.258991153883186e-12
Ablated PINN,3,561,True,optimal,2.4388311430811883e-07,0.11946553690358996,0.11946578078670428,0.1780317248776555,38247.70778692276,1.4902319618662654,38247.70778692283,1.9023251418667087e-13
Ablated PINN,3,562,True,optimal,2.4388311430811883e-07,0.1267948616296053,0.1267951055127196,0.1575309168547392,38414.98712885366,1.2424053453619808,38414.98712885249,-3.0494066598389306e-12
Ablated PINN,3,563,True,optimal,2.4388311430811883e-07,0.13589656632393599,0.1358968102070503,0.160420096013695,39938.52222221035,1.1804551980968605,39938.52222220928,-2.6780304071695567e-12
Ablated PINN,3,564,True,optimal,2.4388311430811883e-07,0.11432099482044578,0.11432123870356009,0.1547773270867765,37680.364376736085,1.353880773529062,37680.36437673411,-5.232923157879787e-12
Ablated PINN,3,565,True,optimal,2.4388311430811883e-07,0.14422003785148263,0.14422028173459694,0.1631285562179982,36836.13257179828,1.1311069029680405,36836.13257179785,-1.1851337976376859e-12
Ablated PINN,3,566,True,optimal,2.4388311430811883e-07,0.16396762523800135,0.16396786912111566,0.1590021131560206,37564.968212357126,0.9697150667889264,37564.96821235388,-8.638572719085461e-12
Ablated PINN,3,567,True,optimal,2.4388311430811883e-07,0.12297768518328667,0.12297792906640098,0.164667597040534,37869.26785594437,1.3390012198987593,37869.267855944505,3.650537823846123e-13
Ablated PINN,3,568,True,optimal,2.4388311430811883e-07,0.15163500979542732,0.15163525367854164,0.1690981755964458,36667.9221428852,1.1151639971198557,36667.922142883195,-5.47662421036387e-12
Ablated PINN,3,569,True,optimal,2.4388311430811883e-07,0.12632747180759907,0.12632771569071338,0.1714541926048696,38463.55285720315,1.357217548559485,38463.55285720316,3.783299811744168e-14
Ablated PINN,3,570,True,optimal,2.4388311430811883e-07,0.14345024107024074,0.14345048495335505,0.1675918260589242,37382.42831125197,1.1682904112413357,37382.42831125192,-1.3624503704044752e-13
Ablated PINN,3,571,True,optimal,2.4388311430811883e-07,0.11994317499920726,0.11994341888232157,0.1599842528812587,37103.00158866489,1.3338310210935527,37103.00158866418,-1.9217955843438104e-12
Ablated PINN,3,572,True,optimal,2.4388311430811883e-07,0.12774914596229792,0.12774938984541223,0.1559554561972618,36590.04738425717,1.2207921805809119,36590.04738425647,-1.9089670030384666e-12
Ablated PINN,3,573,True,optimal,2.4388311430811883e-07,0.14004931831732392,0.14004956220043824,0.1549570029601454,37426.33181633952,1.1064440368501238,37426.331816334576,-1.3219706387267941e-11
Ablated PINN,3,574,True,optimal,2.4388311430811883e-07,0.1403107661753893,0.1403110100585036,0.1555461590178311,37958.056009977736,1.1085812792094867,37958.056009976885,-2.242704527954987e-12
Ablated PINN,3,575,True,optimal,2.4388311430811883e-07,0.1230855779722333,0.12308582185534761,0.1724221939221024,37439.323897526585,1.4008290420706266,37439.32389752656,-5.830199525582867e-14
Ablated PINN,3,576,True,optimal,2.4388311430811883e-07,0.13790320791304111,0.13790345179615543,0.171226954087615,37099.05202235135,1.2416437141886583,37099.05202234802,-8.982408998721367e-12
Ablated PINN,3,577,True,optimal,2.4388311430811883e-07,0.13283687876537442,0.13283712264848874,0.1728495657444,36743.91357578194,1.301214316436163,36743.91357577979,-5.841532072399649e-12
Ablated PINN,3,578,True,optimal,2.4388311430811883e-07,0.12949225399643183,0.12949249787954614,0.1570983328856527,36601.21135182778,1.2131848211916145,36601.211351823586,-1.1450308421446186e-11
Ablated PINN,3,579,True,optimal,2.4388311430811883e-07,0.1362777310423553,0.1362779749254696,0.1714877081103623,37549.68182393258,1.2583670120145891,37549.68182393257,-1.937688220182478e-14
Ablated PINN,3,580,True,optimal,2.4388311430811883e-07,0.12211843580007553,0.12211867968318985,0.1705339280888438,37363.30276432997,1.396460627737351,37363.3027643284,-4.20628458510901e-12
Ablated PINN,3,581,True,optimal,2.4388311430811883e-07,0.16626006504520774,0.16626030892832205,0.1740403389558196,37873.25122104594,1.046794271450871,37873.25122104594,0.0
Ablated PINN,3,582,True,optimal,2.4388311430811883e-07,0.12232521828263998,0.1223254621657543,0.1615061978809535,37258.21140373022,1.3202991022597426,37258.21140373002,-5.467970831706086e-13
Ablated PINN,3,583,True,optimal,2.4388311430811883e-07,0.13732992624863982,0.13733017013175414,0.1572399181313812,37640.79111631284,1.144977232464838,37640.79111630822,-1.2274537670394898e-11
Ablated PINN,3,584,True,optimal,2.4388311430811883e-07,0.12347601214423776,0.12347625602735207,0.1775986328721046,35713.589826592695,1.4383221405155295,35713.589826595155,6.8861004607349724e-12
Ablated PINN,3,585,True,optimal,2.4388311430811883e-07,0.13013665284961462,0.13013689673272893,0.169917466584593,36929.288079933925,1.3056824839888732,36929.288079932434,-4.038992865714272e-12
Ablated PINN,3,586,True,optimal,2.4388311430811883e-07,0.12678960897028446,0.12678985285339878,0.1705687860958278,37172.61387443121,1.3452873574437267,37172.613874434704,9.39524905782936e-12
Ablated PINN,3,587,True,optimal,2.4388311430811883e-07,0.13840438472107053,0.13840462860418484,0.163940146099776,37595.73854201515,1.184499013892221,37595.73854201142,-9.908809995310275e-12
Ablated PINN,3,588,True,optimal,2.4388311430811883e-07,0.13905092468485236,0.13905116856796668,0.1505248839966952,37080.56019575969,1.0825143402021846,37080.56019575731,-6.416402900272407e-12
Ablated PINN,3,589,True,optimal,2.4388311430811883e-07,0.12678532721474767,0.12678557109786198,0.168629236984998,37300.86718111226,1.3300349205733997,37300.867181110574,-4.525423385720386e-12
Ablated PINN,3,590,True,optimal,2.4388311430811883e-07,0.13169681560248137,0.13169705948559568,0.1623016390949487,38163.83914282164,1.2323862030700876,38163.83914280193,-5.164723890345378e-11
Ablated PINN,3,591,True,optimal,2.4388311430811883e-07,0.1298433355987072,0.1298435794818215,0.1686473372392356,37354.040536243774,1.2988500310317364,37354.04053624254,-3.3113226217416402e-12
Ablated PINN,3,592,True,optimal,2.4388311430811883e-07,0.13061083015054464,0.13061107403365896,0.1620224779471755,37744.61302564658,1.240495717119834,37744.613025645594,-2.6023694487140294e-12
Ablated PINN,3,593,True,optimal,2.4388311430811883e-07,0.1441169399768114,0.14411718385992572,0.1687562838196754,37312.76999944803,1.1709657328837175,37312.769999444834,-8.56046172040772e-12
Ablated PINN,3,594,True,optimal,2.4388311430811883e-07,0.12679190700873733,0.12679215089185164,0.159396689850837,35729.817543693614,1.2571495059405977,35729.8175436927,-2.5658419841243315e-12
Ablated PINN,3,595,True,optimal,2.4388311430811883e-07,0.1441800589673221,0.14418030285043643,0.1721705789677798,38690.52729376181,1.194133841890863,38690.52729376178,-7.522210859459185e-14
Ablated PINN,3,596,True,optimal,2.4388311430811883e-07,0.14243119210004807,0.14243143598316238,0.1682639122009277,37341.88124939741,1.1813678001590824,37341.88124939742,1.9484710921737075e-14
Ablated PINN,3,597,True,optimal,2.4388311430811883e-07,0.12292557675391436,0.12292582063702867,0.1665353742428124,36663.06513727508,1.3547631683871575,36663.06513727506,-5.953641017416744e-14
Ablated PINN,3,598,True,optimal,2.4388311430811883e-07,0.1264209570363164,0.1264212009194307,0.1728351963683962,36623.31041220771,1.367137751511675,36623.31041220581,-5.205157244006612e-12
Ablated PINN,3,599,True,optimal,2.4388311430811883e-07,0.1308157490566373,0.1308159929397516,0.1694016889669001,37656.675645906726,1.2949616110387931,37656.67564590508,-4.366732837140914e-12
Ablated PINN,3,600,True,optimal,2.4388311430811883e-07,0.13369056209921837,0.13369080598233268,0.1682600053027272,38557.60074312643,1.2585757417377141,38557.60074312643,0.0
Ablated PINN,3,601,True,optimal,2.4388311430811883e-07,0.12206658069044352,0.12206682457355783,0.1734674633480608,38007.86038231956,1.4210860645721868,38007.86038232066,2.8906378540918204e-12
Ablated PINN,3,602,True,optimal,2.4388311430811883e-07,0.1389388358220458,0.13893907970516012,0.1564113777130842,36604.13483947123,1.1257551010486158,36604.13483947015,-2.9617355778732867e-12
Ablated PINN,3,603,True,optimal,2.4388311430811883e-07,0.14070881716907024,0.14070906105218456,0.1556370640173554,38022.68595017272,1.1060912698410694,38022.68595017244,-7.462974796809813e-13
Ablated PINN,3,604,True,optimal,2.4388311430811883e-07,0.12636319501325488,0.1263634388963692,0.165866516996175,37048.7719935187,1.3126147756409376,37048.771993517206,-4.025966936686963e-12
Ablated PINN,3,605,True,optimal,2.4388311430811883e-07,0.12767042499035597,0.12767066887347028,0.172681295312941,36519.47378091206,1.3525526014442604,36519.47378091046,-4.3831701538837906e-12
Ablated PINN,3,606,True,optimal,2.4388311430811883e-07,0.1358241098932922,0.1358243537764065,0.1715656672604382,36882.57600933843,1.2631436299183054,36882.57600933844,1.972735747183494e-14
Ablated PINN,3,607,True,optimal,2.4388311430811883e-07,0.1400536517612636,0.14005389564437792,0.1730672479607164,38075.64961115748,1.23571891495375,38075.649611156376,-2.9046006270416998e-12
Ablated PINN,3,608,True,optimal,2.4388311430811883e-07,0.1285272128880024,0.1285274567711167,0.1872017201967537,38491.54214369286,1.4565115104558932,38491.54214369282,-9.451371923501445e-14
Ablated PINN,3,609,True,optimal,2.4388311430811883e-07,0.11969855334609747,0.11969879722921178,0.1676798448897898,37789.847613833,1.4008482020809188,37789.84761383161,-3.67746363655706e-12
Ablated PINN,3,610,True,optimal,2.4388311430811883e-07,0.12375355279073119,0.1237537966738455,0.1617634547874331,37372.46372976417,1.307139329339224,37372.46372976391,-6.8140681957129e-13
Ablated PINN,3,611,True,optimal,2.4388311430811883e-07,0.11716402368620038,0.1171642675693147,0.1752375401556491,36281.41759193647,1.4956568567458342,36281.41759193844,5.434695346308455e-12
Ablated PINN,3,612,True,optimal,2.4388311430811883e-07,0.12330333888530731,0.12330358276842163,0.1605677963234484,38308.97673457923,1.3022151726524709,38308.97673457849,-1.9182755105259735e-12
Ablated PINN,3,613,True,optimal,2.4388311430811883e-07,0.13658180693164468,0.136582050814759,0.1704759881831705,36536.96975603781,1.24815806444714,36536.96975603626,-4.241673521830489e-12
Ablated PINN,3,614,True,optimal,2.4388311430811883e-07,0.1248610750772059,0.12486131896032021,0.1850780188106,37492.52280636031,1.4822686509455831,37492.52280635843,-5.0262635880928806e-12
Ablated PINN,3,615,True,optimal,2.4388311430811883e-07,0.12236652197316289,0.1223667658562772,0.163959820754826,37918.40512496982,1.339904831246426,37918.4051249698,-3.837691796479121e-14
Ablated PINN,3,616,True,optimal,2.4388311430811883e-07,0.1291972380131483,0.12919748189626262,0.171635468956083,37663.46139270252,1.3284737940472817,37663.4613927026,2.1250180094048647e-13
Ablated PINN,3,617,True,optimal,2.4388311430811883e-07,0.1195776741951704,0.11957791807828472,0.1589676029980182,37951.21771414124,1.32940601034671,37951.21771413797,-8.608169027343374e-12
Ablated PINN,3,618,True,optimal,2.4388311430811883e-07,0.11589847225695848,0.1158987161400728,0.1698389668017625,37684.46763328472,1.4654085261522536,37684.467633286506,4.730356370751682e-12
Ablated PINN,3,619,True,optimal,2.4388311430811883e-07,0.12994262529537082,0.12994286917848513,0.1698246961459517,38145.96579780013,1.3069181650336368,38145.96579780006,-1.7166590793574105e-13
Ablated PINN,3,620,True,optimal,2.4388311430811883e-07,0.12499362323433161,0.12499386711744592,0.1671525379642844,38958.3404683907,1.3372859150539411,38958.34046839065,-1.3073375992647329e-13
Ablated PINN,3,621,True,optimal,2.4388311430811883e-07,0.12811380391940475,0.12811404780251906,0.1574033419601619,38761.37495917448,1.2286189115091477,38761.374959173714,-1.970971231784009e-12
Ablated PINN,3,622,True,optimal,2.4388311430811883e-07,0.13362626591697335,0.13362650980008767,0.1671149837784469,37582.542071853306,1.250612502178346,37582.542071850934,-6.311340456132238e-12
Ablated PINN,3,623,True,optimal,2.4388311430811883e-07,0.11435372708365321,0.11435397096676753,0.1781733152456581,37791.51525748618,1.5580859478630362,37791.51525751552,7.764689205519213e-11
Ablated PINN,3,624,True,optimal,2.4388311430811883e-07,0.1320630949921906,0.13206333887530491,0.1637782407924533,36773.56372652529,1.2401491752915152,36773.563726524335,-2.591944731128977e-12
Ablated PINN,3,625,True,optimal,2.4388311430811883e-07,0.1229862729087472,0.12298651679186151,0.1686274372041225,38331.19212806325,1.371105073977355,38331.19212806216,-2.847272890655745e-12
Ablated PINN,3,626,True,optimal,2.4388311430811883e-07,0.132980823982507,0.1329810678656213,0.1651300429366529,37614.469044654,1.2417560302908566,37614.46904465241,-4.216884619610021e-12
Ablated PINN,3,627,True,optimal,2.4388311430811883e-07,0.13718469021841884,0.13718493410153315,0.1601873021572828,37084.45601039876,1.1676741561046722,37084.456010395756,-8.103045906390371e-12
Ablated PINN,3,628,True,optimal,2.4388311430811883e-07,0.13294983701780438,0.1329500809009187,0.1638651969842612,37533.52111676674,1.2325317583400497,37533.52111676541,-3.5281109961991666e-12
Ablated PINN,3,629,True,optimal,2.4388311430811883e-07,0.1437147557735443,0.14371499965665863,0.1606693435460329,37985.24670680965,1.117971985734815,37985.24670680884,-2.145325681516383e-12
Ablated PINN,3,630,True,optimal,2.4388311430811883e-07,0.1281421328894794,0.1281423767725937,0.1578375580720603,36924.0680826126,1.2317358398320077,36924.06808262268,2.7311392749833464e-11
Ablated PINN,3,631,True,optimal,2.4388311430811883e-07,0.11904691578820348,0.11904715967131779,0.1573000270873308,38480.93589813893,1.321325326212124,38480.93589813958,1.6828078957758487e-12
Ablated PINN,3,632,True,optimal,2.4388311430811883e-07,0.14195616217330098,0.1419564060564153,0.1655058888718485,36557.96985656361,1.165892357165441,36557.96985656091,-7.40373779806671e-12
Ablated PINN,3,633,True,optimal,2.4388311430811883e-07,0.14132206328213215,0.14132230716524646,0.1673609879799187,37466.56928679344,1.1842503235120942,37466.56928679325,-5.049165204337275e-13
Ablated PINN,3,634,True,optimal,2.4388311430811883e-07,0.12792501412332058,0.1279252580064349,0.1846586731262505,37100.96912303606,1.4434887683944464,37100.9691230361,9.805616653913455e-14
Ablated PINN,3,635,True,optimal,2.4388311430811883e-07,0.119236309081316,0.11923655296443031,0.1679514460265636,39737.489717246775,1.4085567038881568,39737.48971724548,-3.259190413234746e-12
Ablated PINN,3,636,True,optimal,2.4388311430811883e-07,0.13492467626929283,0.13492492015240715,0.1574904639273882,38607.15851359384,1.1672451890243232,38607.15851359153,-5.9742251242966235e-12
Ablated PINN,3,637,True,optimal,2.4388311430811883e-07,0.13244189321994781,0.13244213710306213,0.1626749513670802,37640.48354272492,1.2282718697033097,37640.48354272413,-2.106985100352884e-12
Ablated PINN,3,638,True,optimal,2.4388311430811883e-07,0.13005719101056457,0.13005743489367888,0.1750158611685037,37252.25033096069,1.345681323882622,37252.25033095955,-3.0664599729627626e-12
Ablated PINN,3,639,True,optimal,2.4388311430811883e-07,0.12329817609861493,0.12329841998172925,0.1857957220636308,37227.40016454239,1.5068783694970511,37227.40016454471,6.234736964348108e-12
Ablated PINN,3,640,True,optimal,2.4388311430811883e-07,0.12742915004491806,0.12742939392803238,0.1748093506321311,39076.710417470975,1.371813403827827,39076.71041747046,-1.321997130997131e-12
Ablated PINN,3,641,True,optimal,2.4388311430811883e-07,0.12003568699583411,0.12003593087894843,0.1576945381239056,38569.05915622706,1.3137277894144415,38569.05915622645,-1.5657744710107162e-12
Ablated PINN,3,642,True,optimal,2.4388311430811883e-07,0.13220186764374375,0.13220211152685807,0.1880073989741504,37575.21200452069,1.4221209994513209,37575.21200452072,7.745486692991169e-14
Ablated PINN,3,643,True,optimal,2.4388311430811883e-07,0.12358402414247394,0.12358426802558825,0.1635166304185986,38012.89653501051,1.323118492596018,38012.89653501043,-2.105483692417483e-13
Ablated PINN,3,644,True,optimal,2.4388311430811883e-07,0.1262867422774434,0.12628698616055772,0.1786040510050952,37396.072377311546,1.4142712280584717,37396.07237731153,-3.8912950754677644e-14
Ablated PINN,3,645,True,optimal,2.4388311430811883e-07,0.12315949099138379,0.1231597348744981,0.1621865970082581,37416.59074364734,1.3168800434129633,37416.590743645706,-4.3753063297708896e-12
Ablated PINN,3,646,True,optimal,2.4388311430811883e-07,0.12507271394133568,0.12507295782445,0.1734284628182649,36584.18876176514,1.3866183852602716,36584.18876176511,-7.955302944191753e-14
Ablated PINN,3,647,True,optimal,2.4388311430811883e-07,0.1261339238844812,0.1261341677675955,0.1599940657615661,37523.41014406827,1.2684435041927582,37523.41014406304,-1.3941732653061836e-11
Ablated PINN,3,648,True,optimal,2.4388311430811883e-07,0.13522097608074546,0.13522121996385977,0.180485772434622,38405.33642391121,1.3347444467877154,38405.336423914494,8.54427324311547e-12
Ablated PINN,3,649,True,optimal,2.4388311430811883e-07,0.11678954306989908,0.1167897869530134,0.1581447548232972,36798.41940173315,1.35409746818805,36798.41940173313,-3.954494639973988e-14
Ablated PINN,3,650,True,optimal,2.4388311430811883e-07,0.12165535287931561,0.12165559676242993,0.1568699879571795,37232.962256969855,1.2894596889242713,37232.96225697286,8.070726347042767e-12
Ablated PINN,3,651,True,optimal,2.4388311430811883e-07,0.12709488486871123,0.12709512875182555,0.1619576923549175,37842.809430032416,1.2743029095250922,37842.80943002074,-3.0858998437617836e-11
Ablated PINN,3,652,True,optimal,2.4388311430811883e-07,0.13036996312439442,0.13037020700750873,0.1630979729816317,36002.513489220604,1.2510371558452615,36002.513489218174,-6.7500005072281235e-12
Ablated PINN,3,653,True,optimal,2.4388311430811883e-07,0.12440157402306795,0.12440181790618227,0.1693160221911966,38099.160962124224,1.3610413821997875,38099.16096213159,1.9326591241402202e-11
Ablated PINN,3,654,True,optimal,2.4388311430811883e-07,0.12331910710781813,0.12331935099093244,0.16264045285061,35720.768100457884,1.3188558936104748,35720.76810045603,-5.194090973628841e-12
Ablated PINN,3,655,True,optimal,2.4388311430811883e-07,0.1369600621983409,0.1369603060814552,0.1634236420504748,37347.46634704556,1.1932190188979346,37347.46634704165,-1.0481206837583358e-11
Ablated PINN,3,656,True,optimal,2.4388311430811883e-07,0.13290872192010283,0.13290896580321715,0.1617733179591596,37605.37475176988,1.2171738526554976,37605.37475176974,-3.676155219354083e-13
Ablated PINN,3,657,True,optimal,2.4388311430811883e-07,0.1305318153463304,0.13053205922944472,0.1531194909475743,38077.26414023097,1.173041257844758,38077.26414022957,-3.6688136436966815e-12
Ablated PINN,3,658,True,optimal,2.4388311430811883e-07,0.14404884399846196,0.14404908788157628,0.1638615750707686,37447.92681995925,1.1375398309045892,37447.92681995752,-4.604799520283159e-12
Ablated PINN,3,659,True,optimal,2.4388311430811883e-07,0.13013286422938108,0.1301331081124954,0.169980120845139,37962.06283257602,1.3062019597518357,37962.06283257352,-6.574072311801096e-12
Ablated PINN,3,660,True,optimal,2.4388311430811883e-07,0.12887026788666844,0.12887051176978276,0.1581276268698275,37367.42399750532,1.227027228325983,37367.42399750293,-6.406087974451111e-12
Ablated PINN,3,661,True,optimal,2.4388311430811883e-07,0.1224745661020279,0.12247480998514221,0.1670366209000349,38363.98928723356,1.3638447034153278,38363.98928723358,3.793118364051184e-14
Ablated PINN,3,662,True,optimal,2.4388311430811883e-07,0.12172953598201275,0.12172977986512706,0.1580141521990299,36645.68375921567,1.2980730957872826,36645.683759214735,-2.561279899692478e-12
Ablated PINN,3,663,True,optimal,2.4388311430811883e-07,0.1275820042937994,0.12758224817691372,0.152494020294398,37446.828188039945,1.1952604886139022,37446.8281880386,-3.5945692165560935e-12
Ablated PINN,3,664,True,optimal,2.4388311430811883e-07,0.11723624495789409,0.1172364888410084,0.164476778358221,38108.535981763365,1.4029486893050682,38108.5359817633,-1.7183451644268797e-13
Ablated PINN,3,665,True,optimal,2.4388311430811883e-07,0.12498836684972048,0.12498861073283479,0.1514591760933399,37438.268796034914,1.2117838193840427,37438.26879605057,4.1823143241551424e-11
Ablated PINN,3,666,True,optimal,2.4388311430811883e-07,0.12811246002092957,0.1281127039040439,0.1716903648339212,36865.96248635169,1.3401509733376393,36865.962486351564,-3.3551620817416756e-13
Ablated PINN,3,667,True,optimal,2.4388311430811883e-07,0.12118390621617436,0.12118415009928868,0.1892892369069159,38619.15467743779,1.5619966534553185,38619.15467743685,-2.4492366488706374e-12
Ablated PINN,3,668,True,optimal,2.4388311430811883e-07,0.13260128209367394,0.13260152597678826,0.152978153899312,35856.26849076382,1.153668125403705,35856.26849076208,-4.8497904076041105e-12
Ablated PINN,3,669,True,optimal,2.4388311430811883e-07,0.12828079797327518,0.1282810418563895,0.1732061621733009,37636.145162876026,1.350208570703729,37636.145162874214,-4.813759321235512e-12
Ablated PINN,3,670,True,optimal,2.4388311430811883e-07,0.12547170417383313,0.12547194805694745,0.1820418699644506,36525.320835177336,1.4508571261030234,36525.320835176346,-2.70916233698332e-12
Ablated PINN,3,671,True,optimal,2.4388311430811883e-07,0.13046025298535824,0.13046049686847255,0.1725464458577335,37596.712095764095,1.3225953449471457,37596.71209576407,-5.80579301374855e-14
Ablated PINN,3,672,True,optimal,2.4388311430811883e-07,0.13296045223250985,0.13296069611562417,0.1653420166112482,38199.40682140979,1.2435405457524444,38199.40682140806,-4.5332586452758585e-12
Ablated PINN,3,673,True,optimal,2.4388311430811883e-07,0.12713724607601762,0.12713748995913193,0.1828731526620686,36866.211755918295,1.4383888868724148,36866.21175591817,-3.3551393959337724e-13
Ablated PINN,3,674,True,optimal,2.4388311430811883e-07,0.12659183843061328,0.1265920823137276,0.1712319841608405,37448.87257829419,1.352627913462106,37448.872578291375,-7.519039700866868e-12
Ablated PINN,3,675,True,optimal,2.4388311430811883e-07,0.11627708608284593,0.11627732996596024,0.1622013258747756,37942.2266948838,1.394952274207358,37942.22669488361,-4.985867052296058e-13
Ablated PINN,3,676,True,optimal,2.4388311430811883e-07,0.1438854020088911,0.14388564589200542,0.1626015710644424,37864.42573656541,1.1300749984920968,37864.42573656516,-6.725534893046006e-13
Ablated PINN,3,677,True,optimal,2.4388311430811883e-07,0.15577744087204337,0.15577768475515769,0.1541935643181204,37883.34792666697,0.9898308898381234,37883.34792666693,-9.60310797803289e-14
Ablated PINN,3,678,True,optimal,2.4388311430811883e-07,0.12259856890887022,0.12259881279198453,0.1627663299441337,38337.38621686627,1.3276338182842118,38337.38621687292,1.734657971136783e-11
Ablated PINN,3,679,True,optimal,2.4388311430811883e-07,0.1284270528703928,0.12842729675350711,0.1626220401376485,37175.12564807021,1.2662575966990257,37175.125648067595,-7.026388580955461e-12
Ablated PINN,3,680,True,optimal,2.4388311430811883e-07,0.12512223422527313,0.12512247810838745,0.164742216002196,36874.538182973854,1.316647643914852,36874.53818297372,-3.5516983671885933e-13
Ablated PINN,3,681,True,optimal,2.4388311430811883e-07,0.12354189110919833,0.12354213499231265,0.1642483212053775,36713.75186136212,1.3294923324386272,36713.75186136063,-4.0627046686485485e-12
Ablated PINN,3,682,True,optimal,2.4388311430811883e-07,0.1207923679612577,0.12079261184437201,0.1650798353366553,38465.27623972982,1.3666385122075388,38465.27623972845,-3.5561424879451016e-12
Ablated PINN,3,683,True,optimal,2.4388311430811883e-07,0.12091206200420856,0.12091230588732288,0.1594085800461471,37856.30238331747,1.3183817716180068,37856.30238331837,2.3832722356854774e-12
Ablated PINN,3,684,True,optimal,2.4388311430811883e-07,0.12110659386962652,0.12110683775274084,0.1702620442956686,38660.98426325648,1.4058829993008821,38660.98426325788,3.6134203216624142e-12
Ablated PINN,3,685,True,optimal,2.4388311430811883e-07,0.11163466982543468,0.111634913708549,0.1567203430458903,37215.561759223536,1.4038649544267858,37215.56175921469,-2.377383019525228e-11
Ablated PINN,3,686,True,optimal,2.4388311430811883e-07,0.12130148569121957,0.12130172957433388,0.1647181618027389,36840.5431209009,1.3579209660139213,36840.54312090091,3.949973044808629e-14
Ablated PINN,3,687,True,optimal,2.4388311430811883e-07,0.13167563872411847,0.13167588260723279,0.1635654647834599,38409.002451373584,1.2421824068675387,38409.00245137358,-1.8943365226407285e-14
Ablated PINN,3,688,True,optimal,2.4388311430811883e-07,0.12366652581840754,0.12366676970152185,0.1869348473846912,37528.6479768632,1.5116012800841419,37528.647976862165,-2.753059427696453e-12
Ablated PINN,3,689,True,optimal,2.4388311430811883e-07,0.1266797175630927,0.12667996144620702,0.1749152760021388,37613.174708402425,1.3807651502673868,37613.174708401915,-1.3540921151733126e-12
Ablated PINN,3,690,True,optimal,2.4388311430811883e-07,0.12427917588502169,0.124279419768136,0.1629724842496216,38145.2449987657,1.3113392752691795,38145.24499876465,-2.765780778418738e-12
Ablated PINN,3,691,True,optimal,2.4388311430811883e-07,0.118191281799227,0.11819152568234131,0.1615004613995552,37099.267237046624,1.3664301265863477,37099.26723704547,-3.1183291391263086e-12
Ablated PINN,3,692,True,optimal,2.4388311430811883e-07,0.13336196215823293,0.13336220604134724,0.1629160540178418,37254.58427766685,1.2216058721114118,37254.58427766371,-8.437119217061065e-12
Ablated PINN,3,693,True,optimal,2.4388311430811883e-07,0.14063138328492641,0.14063162716804073,0.1721738609485328,36219.31594220378,1.2242897591080437,36219.315942203626,-4.2186083840366166e-13
Ablated PINN,3,694,True,optimal,2.4388311430811883e-07,0.13646637462079525,0.13646661850390956,0.1765028089284896,36647.35274403875,1.2933771706480224,36647.35274403637,-6.4922510404929585e-12
Ablated PINN,3,695,True,optimal,2.4388311430811883e-07,0.12483460223302245,0.12483484611613677,0.1666073123924434,37475.76078429104,1.3346218429864105,37475.76078429484,1.0154098949775118e-11
Ablated PINN,3,696,True,optimal,2.4388311430811883e-07,0.12053779372945428,0.1205380376125686,0.1694586500525474,38376.27952441712,1.4058520729963984,38376.27952442673,2.5045523243650832e-11
Ablated PINN,3,697,True,optimal,2.4388311430811883e-07,0.1393837588839233,0.1393840027670376,0.1638368596322834,37504.28193726652,1.1754351746241323,37504.28193726533,-3.162255160879206e-12
Ablated PINN,3,698,True,optimal,2.4388311430811883e-07,0.12198999430984259,0.1219902381929569,0.1762476619333028,38922.3913196171,1.444768569551645,38922.39131962091,9.795394528882769e-12
Ablated PINN,3,699,True,optimal,2.4388311430811883e-07,0.12587846210226417,0.12587870598537848,0.1683233580552041,37989.22082134099,1.3371869113013903,37989.22082134026,-1.915268978113932e-12
Ablated PINN,3,700,True,optimal,2.4388311430811883e-07,0.12624357314780354,0.12624381703091786,0.1653611571528017,37900.87060984868,1.3098554926638806,37900.87060984522,-9.137932107162058e-12
Ablated PINN,3,701,True,optimal,2.4388311430811883e-07,0.11256833793595433,0.11256858181906865,0.1549840210936963,36621.966939093465,1.3767964256918679,36621.96693909209,-3.755003086993415e-12
Ablated PINN,3,702,True,optimal,2.4388311430811883e-07,0.13062245398759842,0.13062269787071273,0.1608501798473298,36129.625827368814,1.2314106389575226,36129.625827367956,-2.376340686659611e-12
Ablated PINN,3,703,True,optimal,2.4388311430811883e-07,0.12599422316998243,0.12599446705309675,0.1803391561843454,36975.98028002812,1.4313259971038779,36975.98028002818,1.7709772136324018e-13
Ablated PINN,3,704,True,optimal,2.4388311430811883e-07,0.12228188291192055,0.12228212679503486,0.1724063050933182,37941.52855278439,1.4099060068058824,37941.52855278679,6.3283323162380216e-12
Ablated PINN,3,705,True,optimal,2.4388311430811883e-07,0.12435274431481957,0.12435298819793389,0.1570660965517163,38264.62634066809,1.2630665239962922,38264.626340663046,-1.317728437157157e-11
Ablated PINN,3,706,True,optimal,2.4388311430811883e-07,0.12695026211440563,0.12695050599751995,0.1783102308399975,37243.578783039775,1.4045649478819793,37243.5787830397,-1.9536139790886044e-13
Ablated PINN,3,707,True,optimal,2.4388311430811883e-07,0.12617396097630262,0.12617420485941694,0.1574625642970204,38202.9688103683,1.247977464747766,38202.968810369166,2.266417985433736e-12
Ablated PINN,3,708,True,optimal,2.4388311430811883e-07,0.1320868181064725,0.1320870619895868,0.1667338237166404,37984.38706600299,1.2623024632782354,37984.38706600135,-4.329058720753203e-12
Ablated PINN,3,709,True,optimal,2.4388311430811883e-07,0.1152589749544859,0.11525921883760021,0.1695160241797566,37700.46903648929,1.4707372294324157,37700.46903648767,-4.284462850542657e-12
Ablated PINN,3,710,True,optimal,2.4388311430811883e-07,0.14667196525260806,0.14667220913572238,0.179200230166316,38494.79379476071,1.2217735808458028,38494.793794760815,2.6461605987984784e-13
Ablated PINN,3,711,True,optimal,2.4388311430811883e-07,0.12940202094614506,0.12940226482925937,0.1582561181858182,37893.64500953999,1.2229779625158046,37893.64500953818,-4.781048235068338e-12
Ablated PINN,3,712,True,optimal,2.4388311430811883e-07,0.1269904519431293,0.12699069582624362,0.1650373600423336,37439.62806716465,1.299601982401512,37439.62806716123,-9.133905049835043e-12
Ablated PINN,3,713,True,optimal,2.4388311430811883e-07,0.11783633194863796,0.11783657583175228,0.1720578260719776,36755.34084442727,1.4601393909955658,36755.34084442993,7.2254112413695734e-12
Ablated PINN,3,714,True,optimal,2.4388311430811883e-07,0.13063723500818014,0.13063747889129446,0.1648028511554002,38162.302681215566,1.261528104752659,38162.30268121109,-1.1725482002754966e-11
Ablated PINN,3,715,True,optimal,2.4388311430811883e-07,0.1353614991530776,0.13536174303619192,0.1555140907876193,38101.80914623268,1.148877720539098,38101.809146230895,-4.6785432382839885e-12
Ablated PINN,3,716,True,optimal,2.4388311430811883e-07,0.13006462389603257,0.1300648677791469,0.1633684961125254,37665.69295836426,1.2560539898439664,37665.69295836427,1.9317200993026424e-14
Ablated PINN,3,717,True,optimal,2.4388311430811883e-07,0.1269750981591642,0.1269753420422785,0.1730897356756031,38019.94012979863,1.363175974891015,38019.94012979676,-4.9182642067854414e-12
Ablated PINN,3,718,True,optimal,2.4388311430811883e-07,0.13688708888366818,0.1368873327667825,0.1653514760546386,37687.65252758067,1.2079384754785967,37687.652527579456,-3.2240928794368545e-12
Ablated PINN,3,719,True,optimal,2.4388311430811883e-07,0.13320279587060213,0.13320303975371645,0.1648942348547279,37967.6004277046,1.2379164556575162,37967.600427703386,-3.200320557213819e-12
Ablated PINN,3,720,True,optimal,2.4388311430811883e-07,0.12593053607270122,0.12593077995581553,0.175670500844717,36293.521192568165,1.39497667612599,36293.521192570355,6.0343090719940146e-12
Ablated PINN,3,721,True,optimal,2.4388311430811883e-07,0.1373387100175023,0.13733895390061662,0.1655247239395976,37433.99457954236,1.2052277903571131,37433.99457954141,-2.5462162351728407e-12
Ablated PINN,3,722,True,optimal,2.4388311430811883e-07,0.14393060561269522,0.14393084949580953,0.1606976692564785,36717.118873317806,1.1164921892659094,36717.118873316125,-4.577554722295391e-12
Ablated PINN,3,723,True,optimal,2.4388311430811883e-07,0.13641264382749796,0.13641288771061227,0.1805245000869035,37805.64876842016,1.3233683643576994,37805.648768419516,-1.6936206384665569e-12
Ablated PINN,3,724,True,optimal,2.4388311430811883e-07,0.12132729683071375,0.12132754071382806,0.1952457958832383,37205.81786772134,1.6092454749722422,37205.81786772015,-3.1876226866680987e-12
Ablated PINN,3,725,True,optimal,2.4388311430811883e-07,0.1236793827265501,0.12367962660966442,0.1520299208350479,36640.387833191344,1.2292236401623173,36640.387833191526,4.964438181787182e-13
Ablated PINN,3,726,True,optimal,2.4388311430811883e-07,0.13577720429748297,0.13577744818059728,0.1705993278883397,36772.44702736288,1.256462911730569,36772.44702736154,-3.6604911215789306e-12
Ablated PINN,3,727,True,optimal,2.4388311430811883e-07,0.14628544403240085,0.14628568791551516,0.1604934181086719,36419.709291200685,1.0971231731251945,36419.70929120014,-1.4983557850518098e-12
Ablated PINN,3,728,True,optimal,2.4388311430811883e-07,0.1310366722755134,0.13103691615862773,0.1718411752954125,36367.97004976513,1.3113951421703858,36367.9700497682,8.442742635851998e-12
Ablated PINN,3,729,True,optimal,2.4388311430811883e-07,0.11952306795865297,0.11952331184176729,0.1613024170510471,37817.32327116832,1.3495477540363816,37817.32327116758,-1.962454273469212e-12
Ablated PINN,3,730,True,optimal,2.4388311430811883e-07,0.1356046642176807,0.135604908100795,0.1856654961593449,36422.325482498345,1.3691650159250868,36422.32548249695,-3.835515287442304e-12
Ablated PINN,3,731,True,optimal,2.4388311430811883e-07,0.13349729031324387,0.13349753419635818,0.1580683160573244,37014.63711001613,1.1840542000185987,37014.637110014744,-3.7348250709197585e-12
Ablated PINN,3,732,True,optimal,2.4388311430811883e-07,0.13490971783176064,0.13490996171487496,0.1672948598861694,37907.333499337874,1.2400482348348612,37907.33349933704,-2.207317287684477e-12
Ablated PINN,3,733,True,optimal,2.4388311430811883e-07,0.13765242602676153,0.13765266990987585,0.1760020470246672,37831.5700560004,1.278595229136489,37831.57005600037,-7.693000954930655e-14
Ablated PINN,3,734,True,optimal,2.4388311430811883e-07,0.12621086183935404,0.12621110572246835,0.1677253982052207,36227.13092414981,1.3289274128858368,36227.130924149744,-1.807585002101229e-13
Ablated PINN,3,735,True,optimal,2.4388311430811883e-07,0.13247177610173821,0.13247201998485253,0.1815983247943222,38365.8705693373,1.370842875462207,38365.87056933667,-1.6309609179567825e-12
Ablated PINN,3,736,True,optimal,2.4388311430811883e-07,0.1327608902938664,0.1327611341769807,0.1826914297416806,36791.06895515918,1.3760912097823674,36791.06895516269,9.552012560259652e-12
Ablated PINN,3,737,True,optimal,2.4388311430811883e-07,0.13323685806244612,0.13323710194556043,0.1647824188694358,37375.10906822638,1.2367607555496405,37375.10906822574,-1.7131301714179207e-12
Ablated PINN,3,738,True,optimal,2.4388311430811883e-07,0.1361406180076301,0.13614086189074442,0.1626051347702741,37807.92408604918,1.1943889036104953,37807.92408604598,-8.448349042800628e-12
Ablated PINN,3,739,True,optimal,2.4388311430811883e-07,0.11568363523110747,0.11568387911422179,0.1557597019709646,37073.294605946445,1.3464253028477156,37073.29460594553,-2.4728599633010885e-12
Ablated PINN,3,740,True,optimal,2.4388311430811883e-07,0.11768623301759362,0.11768647690070794,0.1666533201932907,37603.95511810395,1.4160787592774664,37603.95511810324,-1.8961937486375996e-12
Ablated PINN,3,741,True,optimal,2.4388311430811883e-07,0.1694678170606494,0.1694680609437637,0.1632273579016327,37440.72000481825,0.9631747539484627,37440.72000481585,-6.412980338977288e-12
Ablated PINN,3,742,True,optimal,2.4388311430811883e-07,0.12710224417969584,0.12710248806281016,0.1740517071448266,36615.77248651081,1.3693808028275227,36615.77248651083,5.961330694468246e-14
Ablated PINN,3,743,True,optimal,2.4388311430811883e-07,0.13191295880824327,0.1319132026913576,0.1593433180823922,38388.73153872848,1.2079406369596977,38388.73153872767,-2.1227772320802637e-12
Ablated PINN,3,744,True,optimal,2.4388311430811883e-07,0.11312020197510719,0.11312044585822151,0.188180536031723,36147.19759544655,1.6635413218542063,36147.1975954514,1.3405708031033044e-11
Ablated PINN,3,745,True,optimal,2.4388311430811883e-07,0.12235319893807173,0.12235344282118604,0.1870059366337955,36178.10482683561,1.5284076387380134,36178.10482683684,3.398842594664878e-12
Ablated PINN,3,746,True,optimal,2.4388311430811883e-07,0.12110661808401346,0.12110686196712778,0.158794246148318,37337.59671869416,1.311191154398995,37337.596718694185,5.846084044188498e-14
Ablated PINN,3,747,True,optimal,2.4388311430811883e-07,0.12359566101804376,0.12359590490115807,0.1858645998872816,37554.49764354208,1.5038087227559922,37554.49764354465,6.839162281400978e-12
Ablated PINN,3,748,True,optimal,2.4388311430811883e-07,0.12485044822096825,0.12485069210408256,0.1777994642034173,38142.643000995165,1.4240967447356532,38142.64300099514,-7.630260560594704e-14
Ablated PINN,3,749,True,optimal,2.4388311430811883e-07,0.1290867431089282,0.12908698699204252,0.185329757630825,39051.59526982926,1.4356966720607518,39051.595269827245,-5.160967804779825e-12
Ablated PINN,3,750,True,optimal,2.4388311430811883e-07,0.11377498786896467,0.11377523175207899,0.1656797206960618,37642.6391076638,1.4562020058731664,37642.63910766426,1.2177289918023614e-12
Ablated PINN,3,751,True,optimal,2.4388311430811883e-07,0.145176213234663,0.14517645711777732,0.169417779892683,37993.39154236537,1.1669783328245806,37993.391542365374,1.9150587296399188e-14
Ablated PINN,3,752,True,optimal,2.4388311430811883e-07,0.1243562838062644,0.12435652768937872,0.1555377151817083,37259.15908502567,1.2507402552298248,37259.15908502408,-4.257097580416029e-12
Ablated PINN,3,753,True,optimal,2.4388311430811883e-07,0.13508999394252896,0.13509023782564328,0.1601966121233999,37451.46730990082,1.1858489162641095,37451.467309912376,3.085118293420979e-11
Ablated PINN,3,754,True,optimal,2.4388311430811883e-07,0.13300926191732287,0.1330095058004372,0.1705217901617288,35286.394529816105,1.2820270937445157,35286.394529815974,-3.7115505508684853e-13
Ablated PINN,3,755,True,optimal,2.4388311430811883e-07,0.13001024164259434,0.13001048552570865,0.1570132779888808,37311.01125487052,1.2076970357735686,37311.0112548683,-5.947753753354134e-12
Ablated PINN,3,756,True,optimal,2.4388311430811883e-07,0.12948103388771415,0.12948127777082846,0.1747830319218337,38287.37352632271,1.3498710773551812,38287.37352632275,9.50177166002413e-14
Ablated PINN,3,757,True,optimal,2.4388311430811883e-07,0.17402052506804466,0.17402076895115898,0.1633758838288486,39976.59847331173,0.9388298006814463,39976.59847330935,-5.951577249440953e-12
Ablated PINN,3,758,True,optimal,2.4388311430811883e-07,0.1318677319213748,0.1318679758044891,0.169767539948225,37188.85753721219,1.2874053682292566,37188.85753721088,-3.5216794956460348e-12
Ablated PINN,3,759,True,optimal,2.4388311430811883e-07,0.13679516687989235,0.13679541076300666,0.1730067301541566,37056.09206784597,1.2647115074195348,37056.09206783741,-2.311037574122612e-11
Ablated PINN,3,760,True,optimal,2.4388311430811883e-07,0.13920047227293253,0.13920071615604684,0.1632449002936482,36461.444989150674,1.1727303192222611,36461.444989152806,5.846876286965836e-12
Ablated PINN,3,761,True,optimal,2.4388311430811883e-07,0.1333023407496512,0.1333025846327655,0.1510401302948594,37918.51392102491,1.1330622786569289,37918.51392102234,-6.773506586139247e-12
Ablated PINN,3,762,True,optimal,2.4388311430811883e-07,0.12554475804790854,0.12554500193102286,0.1630179630592465,37028.28735262345,1.2984823015798916,37028.28735262091,-6.857754946017254e-12
Ablated PINN,3,763,True,optimal,2.4388311430811883e-07,0.13121048267930746,0.13121072656242178,0.1710045598447322,36883.39563074646,1.3032818605983332,36883.39563074498,-4.02429149461524e-12
Ablated PINN,3,764,True,optimal,2.4388311430811883e-07,0.1302211550064385,0.1302213988895528,0.1621614727191627,37488.26527703839,1.2452751552507884,37488.265277038816,1.1451089989478858e-12
Ablated PINN,3,765,True,optimal,2.4388311430811883e-07,0.12723671924322844,0.12723696312634275,0.158935974817723,38608.07698986368,1.24913367084928,38608.07698986152,-5.597169245129263e-12
Ablated PINN,3,766,True,optimal,2.4388311430811883e-07,0.12970173032954335,0.12970197421265767,0.1637887619435787,38515.40479776455,1.2628085496604144,38515.404797764444,-2.833654865782064e-13
Ablated PINN,3,767,True,optimal,2.4388311430811883e-07,0.12391975801438093,0.12392000189749525,0.1551509536802768,37859.76231560769,1.252025107364147,37859.76231560705,-1.6911999201436726e-12
Ablated PINN,3,768,True,optimal,2.4388311430811883e-07,0.13552721589803696,0.13552745978115127,0.1561668459326028,38190.83160610894,1.152289330773113,38190.83160610727,-4.381863868590132e-12
Ablated PINN,3,769,True,optimal,2.4388311430811883e-07,0.1391031532548368,0.1391033971379511,0.1665652976371348,38065.57719788576,1.1974207752234063,38065.577197884,-4.625653601622483e-12
Ablated PINN,3,770,True,optimal,2.4388311430811883e-07,0.11013088095933199,0.1101311248424463,0.1595451403409242,37258.61946624414,1.4486834722624475,37258.6194662471,7.947999124486e-12
Ablated PINN,3,771,True,optimal,2.4388311430811883e-07,0.1227481858804822,0.12274842976359651,0.1603712029755115,37937.31891786644,1.3065030916026656,37937.31891786603,-1.0740179802278624e-12
Ablated PINN,3,772,True,optimal,2.4388311430811883e-07,0.1371953641064465,0.13719560798956082,0.1647333786822855,37090.78479413834,1.2007190397437506,37090.78479413692,-3.825240535190808e-12
Ablated PINN,3,773,True,optimal,2.4388311430811883e-07,0.13873463682830334,0.13873488071141765,0.1720323129557073,37294.17774944278,1.2400076467687433,37294.177749445524,7.355132050305455e-12
Ablated PINN,3,774,True,optimal,2.4388311430811883e-07,0.154744912404567,0.15474515628768132,0.1756608001887798,37924.02546730991,1.1351618648548516,37924.02546730788,-5.3527866552747845e-12
Ablated PINN,3,775,True,optimal,2.4388311430811883e-07,0.13473290717229247,0.13473315105540679,0.1706453766673803,37950.85654248112,1.2665433512885422,37950.85654247517,-1.5663565759402035e-11
Ablated PINN,3,776,True,optimal,2.4388311430811883e-07,0.12423322582617402,0.12423346970928834,0.161757914815098,37610.0833568802,1.3020477910954147,37610.083356877265,-7.796342514565358e-12
Ablated PINN,3,777,True,optimal,2.4388311430811883e-07,0.13799051009118557,0.13799075397429988,0.184444214683026,37344.57631915105,1.3366418355636918,37344.57631915107,5.844991426869263e-14
Ablated PINN,3,778,True,optimal,2.4388311430811883e-07,0.11684087477624416,0.11684111865935848,0.1768015902489423,38518.512836588365,1.5131795405382422,38518.51283658973,3.5512275286161826e-12
Ablated PINN,3,779,True,optimal,2.4388311430811883e-07,0.13780749309808016,0.13780773698119447,0.1663928898051381,37350.47841742248,1.2074277790937415,37350.47841742257,2.5324293822234776e-13
Ablated PINN,3,780,True,optimal,2.4388311430811883e-07,0.12030836986377835,0.12030861374689267,0.1678067301400005,36690.910443639455,1.3948022914887472,36690.910443638204,-3.4108303514624195e-12
Ablated PINN,3,781,True,optimal,2.4388311430811883e-07,0.13805327797308564,0.13805352185619996,0.1696261949837207,39084.662131004974,1.228698787999104,39084.66213100496,-3.723177951389568e-14
Ablated PINN,3,782,True,optimal,2.4388311430811883e-07,0.12371096573770046,0.12371120962081478,0.1735791582614183,37109.414667102006,1.4030996770094881,37109.41466710198,-7.842708034555619e-14
Ablated PINN,3,783,True,optimal,2.4388311430811883e-07,0.11611465504392982,0.11611489892704413,0.1780417370609939,37569.24189367904,1.533323791401299,37569.241893679064,5.810038143522609e-14
Ablated PINN,3,784,True,optimal,2.4388311430811883e-07,0.12473616097122431,0.12473640485433862,0.1783722727559507,37221.18556450191,1.4299936972229201,37221.18556450184,-1.9547893232940315e-13
Ablated PINN,3,785,True,optimal,2.4388311430811883e-07,0.11940769897773862,0.11940794286085293,0.1655639642849564,37420.94089406587,1.3865406296957101,37420.9408940659,7.777418141121333e-14
Ablated PINN,3,786,True,optimal,2.4388311430811883e-07,0.1380125368013978,0.13801278068451212,0.1599579020403325,38506.23030993912,1.1590078922182248,38506.23030993829,-2.1540908090471084e-12
Ablated PINN,3,787,True,optimal,2.4388311430811883e-07,0.13929065596312284,0.13929089984623716,0.186602130997926,37784.814716498615,1.3396577321556222,37784.81471649758,-2.734394726998381e-12
Ablated PINN,3,788,True,optimal,2.4388311430811883e-07,0.1531683700159192,0.15316861389903352,0.1637930031865835,37043.382691420426,1.0693640101395276,37043.3826914231,7.2281530667004815e-12
Ablated PINN,3,789,True,optimal,2.4388311430811883e-07,0.12835810892283916,0.12835835280595348,0.1784450141713023,37581.6110372246,1.3902095989114758,37581.61103722805,9.19619934151806e-12
Ablated PINN,3,790,True,optimal,2.4388311430811883e-07,0.13105060812085867,0.13105085200397298,0.1636664080433547,37648.96384969733,1.2488771003060166,37648.9638496959,-3.787853758932641e-12
Ablated PINN,3,791,True,optimal,2.4388311430811883e-07,0.11774490913376212,0.11774515301687644,0.1836869330145418,37645.13760626646,1.5600381697938253,37645.13760626771,3.3243727854808767e-12
Ablated PINN,3,792,True,optimal,2.4388311430811883e-07,0.12887004809454083,0.12887029197765515,0.174133175984025,37519.91914812281,1.3512282257746262,37519.9191481216,-3.238506236571741e-12
Ablated PINN,3,793,True,optimal,2.4388311430811883e-07,0.14014045428484678,0.1401406981679611,0.1603830829262733,37380.264379670094,1.144443298934128,37380.264379670676,1.5571762768249615e-12
Ablated PINN,3,794,True,optimal,2.4388311430811883e-07,0.1540465923026204,0.15404683618573473,0.1747253960929811,36389.43790891799,1.1342355378354811,36389.4379089141,-1.069716254846069e-11
Ablated PINN,3,795,True,optimal,2.4388311430811883e-07,0.13225043378770351,0.13225067767081783,0.1614653617143631,36568.7611229574,1.2209038513682544,36568.761122957425,5.968994347157967e-14
Ablated PINN,3,796,True,optimal,2.4388311430811883e-07,0.12356358859688044,0.12356383247999475,0.1607130169868469,37171.79152542848,1.3006477199779853,37171.79152542708,-3.777756631871711e-12
Ablated PINN,3,797,True,optimal,2.4388311430811883e-07,0.1239420659840107,0.12394230986712501,0.1509169270284474,39013.86694836377,1.2176384899574737,39013.86694836187,-4.867563986454613e-12
Ablated PINN,3,798,True,optimal,2.4388311430811883e-07,0.1261175787076354,0.12611782259074972,0.1698016240261495,35794.451877625856,1.3463729434748728,35794.45187762615,8.130821658125661e-13
Ablated PINN,3,799,True,optimal,2.4388311430811883e-07,0.13570296624675393,0.13570321012986825,0.1661311867646873,37746.53813891374,1.224224442485181,37746.538138913485,-6.74653965773584e-13
Ablated PINN,3,800,True,optimal,2.4388311430811883e-07,0.1187562420964241,0.11875648597953842,0.1717250938527286,35840.833025642016,1.4460270732692158,35840.83302569899,1.5895486602751948e-10
Ablated PINN,3,801,True,optimal,2.4388311430811883e-07,0.13840175094082952,0.13840199482394383,0.1753794956021011,38233.261439753136,1.267174622917791,38233.26143975118,-5.1191881741490766e-12
Ablated PINN,3,802,True,optimal,2.4388311430811883e-07,0.12854213640093803,0.12854238028405235,0.1583868768066167,38219.708735816654,1.2321763176985996,38219.70873581666,1.90371875005027e-14
Ablated PINN,3,803,True,optimal,2.4388311430811883e-07,0.1220488348044455,0.12204907868755982,0.1588284643366933,38119.314792338526,1.3013491461356055,38119.3147923355,-7.940327322223146e-12
Ablated PINN,3,804,True,optimal,2.4388311430811883e-07,0.19544118084013462,0.19544142472324894,0.1737248650752008,37809.66922896034,0.8888845613011701,37809.66922895903,-3.4638556677715454e-12
Ablated PINN,3,805,True,optimal,2.4388311430811883e-07,0.11998862121254206,0.11998886509565637,0.1638481528498232,37055.29910120396,1.36552798227737,37055.29910120344,-1.394113671019427e-12
Ablated PINN,3,806,True,optimal,2.4388311430811883e-07,0.1342532718554139,0.13425351573852823,0.1745663522742688,37243.996308895,1.3002739728191086,37243.99630889356,-3.868112314424888e-12
Ablated PINN,3,807,True,optimal,2.4388311430811883e-07,0.14007493294775486,0.14007517683086917,0.1842192970216274,36740.07874460136,1.3151459179955853,36740.07874460066,-1.9011715674785983e-12
Ablated PINN,3,808,True,optimal,2.4388311430811883e-07,0.12396755022928119,0.1239677941123955,0.158339770976454,38477.47722063524,1.2772653745286062,38477.477220634864,-9.833019814891382e-13
Ablated PINN,3,809,True,optimal,2.4388311430811883e-07,0.13351223291829228,0.1335124768014066,0.1641544909216463,36486.88581102604,1.2295067461434201,36486.885811024265,-4.865676032357534e-12
Ablated PINN,3,810,True,optimal,2.4388311430811883e-07,0.15336026391014457,0.15336050779325888,0.1660230248235166,36969.54150722014,1.0825669998910523,36969.541507220936,2.1452237371975663e-12
Ablated PINN,3,811,True,optimal,2.4388311430811883e-07,0.14186671283096075,0.14186695671407507,0.1727657448500394,37651.16012352104,1.2178011628052268,37651.16012352072,-8.502849154549022e-13
Ablated PINN,3,812,True,optimal,2.4388311430811883e-07,0.13656885316595435,0.13656909704906867,0.1655784891918301,38311.029673719466,1.2124154934724252,38311.029673719175,-7.59672363405526e-13
Ablated PINN,3,813,True,optimal,2.4388311430811883e-07,0.12654696591198444,0.12654720979509876,0.1679440890438854,38743.24909159474,1.3271259739018755,38743.249091592676,-5.3335019929353e-12
Ablated PINN,3,814,True,optimal,2.4388311430811883e-07,0.12559833889827132,0.12559858278138564,0.1670696623623371,36420.13078428775,1.3301874803247995,36420.130784293564,1.596229889498528e-11
Ablated PINN,3,815,True,optimal,2.4388311430811883e-07,0.12853311700746417,0.12853336089057849,0.168657979927957,39142.75245536184,1.3121727990255925,39142.75245536179,-1.3011783818055767e-13
Ablated PINN,3,816,True,optimal,2.4388311430811883e-07,0.15561365708708763,0.15561390097020195,0.180665505118668,36666.3799411445,1.1609856445489604,36666.37994114449,-1.984367593927331e-14
Ablated PINN,3,817,True,optimal,2.4388311430811883e-07,0.12846485525369644,0.12846509913681076,0.1733923642896115,35690.82766090239,1.3497235082110106,35690.8276609003,-5.850802495001166e-12
Ablated PINN,3,818,True,optimal,2.4388311430811883e-07,0.1386890970170498,0.1386893409001641,0.1688198326155543,38932.93729307029,1.2172516757223593,38932.93729306911,-3.0275268588776985e-12
Ablated PINN,3,819,True,optimal,2.4388311430811883e-07,0.15996268205344677,0.15996292593656108,0.1772310840897262,38310.81295782848,1.1079510020966572,38310.812957829614,2.962738976753238e-12
Ablated PINN,3,820,True,optimal,2.4388311430811883e-07,0.12298345286399126,0.12298369674710558,0.1753436438739299,36825.40393455421,1.4257470584454246,36825.40393455494,1.9757984534573456e-12
Ablated PINN,3,821,True,optimal,2.4388311430811883e-07,0.1284423773176968,0.12844262120081112,0.1628232379443943,36614.29798553884,1.2676729610635356,36614.297985538906,1.7884712292862804e-13
Ablated PINN,3,822,True,optimal,2.4388311430811883e-07,0.13501308113336563,0.13501332501647995,0.1747251199558377,36491.87408095365,1.294132412000893,36491.87408095173,-5.243843734320573e-12
Ablated PINN,3,823,True,optimal,2.4388311430811883e-07,0.12815028661862016,0.12815053050173447,0.173844875767827,38384.094058500006,1.356567741757995,38384.09405850002,3.7911316094079825e-14
Ablated PINN,3,824,True,optimal,2.4388311430811883e-07,0.13330824300646782,0.13330848688958213,0.1673142397776246,38249.15886278493,1.255090682382503,38249.15886278337,-4.0708213611207335e-12
Ablated PINN,3,825,True,optimal,2.4388311430811883e-07,0.13864251738414168,0.138642761267256,0.1734744952991604,37505.45259125994,1.251233701013504,37505.45259125844,-3.9963449711071305e-12
Ablated PINN,3,826,True,optimal,2.4388311430811883e-07,0.1296434886753559,0.12964373255847023,0.1599324629642069,37260.70992719524,1.233630502670665,37260.70992719224,-8.04518900176849e-12
Ablated PINN,3,827,True,optimal,2.4388311430811883e-07,0.12908249907195568,0.12908274295507,0.1515065440908074,36912.880983302384,1.1737164908522473,36912.88098329964,-7.431107915385876e-12
Ablated PINN,3,828,True,optimal,2.4388311430811883e-07,0.11745890509337187,0.11745914897648618,0.1755204237997532,36496.19908826157,1.4943103651712148,36496.19908826156,-3.9872412996144703e-14
Ablated PINN,3,829,True,optimal,2.4388311430811883e-07,0.12820688402280211,0.12820712790591643,0.1602891026996076,36574.63732735143,1.250235500300999,36574.63732735149,1.5914760929136612e-13
Ablated PINN,3,830,True,optimal,2.4388311430811883e-07,0.12657269975170493,0.12657294363481925,0.1676881541498005,38281.85338147318,1.3248341180529422,38281.85338147148,-4.428464074639583e-12
Ablated PINN,3,831,True,optimal,2.4388311430811883e-07,0.142609725240618,0.1426099691237323,0.1604405213147401,38894.37200027038,1.1250301945969676,38894.37200026632,-1.043848798660672e-11
Ablated PINN,3,832,True,optimal,2.4388311430811883e-07,0.1424561939202249,0.14245643780333922,0.1633390239439904,37218.72315335512,1.146589276431856,37218.72315335403,-2.91282879331018e-12
Ablated PINN,3,833,True,optimal,2.4388311430811883e-07,0.13255558907985687,0.1325558329629712,0.1697492441162467,38277.37450299216,1.2805867559495878,38277.37450299157,-1.5396891098233174e-12
Ablated PINN,3,834,True,optimal,2.4388311430811883e-07,0.13466944685205817,0.1346696907351725,0.1542332433164119,38471.87402458407,1.1452706431153175,38471.874024578334,-1.4902977162778143e-11
Ablated PINN,3,835,True,optimal,2.4388311430811883e-07,0.14382237708196044,0.14382262096507475,0.170378363225609,39047.27848153639,1.1846423190061524,39047.27848153648,2.236045500878802e-13
Ablated PINN,3,836,True,optimal,2.4388311430811883e-07,0.14254159340634942,0.14254183728946374,0.171564376913011,36842.56927503123,1.2036071666777408,36842.56927503036,-2.3698534898154737e-12
Ablated PINN,3,837,True,optimal,2.4388311430811883e-07,0.11560156289488077,0.11560180677799509,0.1721838312223553,35982.0104889091,1.4894562292873321,35982.01048891313,1.1202488308706581e-11
Ablated PINN,3,838,True,optimal,2.4388311430811883e-07,0.13213852513581514,0.13213876901892946,0.1748997261747717,37555.11161729632,1.3236064439931066,37555.1116172963,-5.812224195999264e-14
Ablated PINN,3,839,True,optimal,2.4388311430811883e-07,0.13005238166078925,0.13005262554390357,0.186718522105366,38533.39174700831,1.4357151293522559,38533.39174700778,-1.3784016453122833e-12
Ablated PINN,3,840,True,optimal,2.4388311430811883e-07,0.13009587908163667,0.13009612296475098,0.1523732827045023,39566.30314176144,1.1712361539458576,39566.30314175798,-8.753296490557916e-12
Ablated PINN,3,841,True,optimal,2.4388311430811883e-07,0.1266010720282793,0.12660131591139362,0.1751240440644323,36698.62309754872,1.383271909961813,36698.623097548654,-1.7843617280568982e-13
Ablated PINN,3,842,True,optimal,2.4388311430811883e-07,0.12410807702690363,0.12410832091001794,0.1633176766335964,38325.344723586495,1.3159285004911665,38325.344723583235,-8.50515249024781e-12
Ablated PINN,3,843,True,optimal,2.4388311430811883e-07,0.14138555293902755,0.14138579682214186,0.1780405533500015,36875.60976934786,1.2592534565121132,36875.609769347844,-3.94621684072133e-14
Ablated PINN,3,844,True,optimal,2.4388311430811883e-07,0.12812235113233328,0.1281225950154476,0.1559993377886712,38315.79235048832,1.2175786618266866,38315.792350485215,-8.108494463162856e-12
Ablated PINN,3,845,True,optimal,2.4388311430811883e-07,0.131637514103204,0.13163775798631833,0.1618258580565452,37034.30674942864,1.2293270603512136,37034.30674942864,0.0
Ablated PINN,3,846,True,optimal,2.4388311430811883e-07,0.13259239913895726,0.13259264302207158,0.1631863000802695,36704.55315364656,1.2307341973197203,36704.55315364438,-5.927088439230079e-12
Ablated PINN,3,847,True,optimal,2.4388311430811883e-07,0.12559975078329444,0.12559999466640875,0.1655802568420767,36673.58823317191,1.3183142028138997,36673.588233170834,-2.936286790516791e-12
Ablated PINN,3,848,True,optimal,2.4388311430811883e-07,0.12618415942415595,0.12618440330727027,0.1834694938734173,38950.26374492535,1.4539791690947155,38950.263744925236,-2.9888198598424643e-13
Ablated PINN,3,849,True,optimal,2.4388311430811883e-07,0.14239244488999248,0.1423926887731068,0.1886178143322467,37588.4932648367,1.3246313132888203,37588.49326483671,1.935687488966189e-14
Ablated PINN,3,850,True,optimal,2.4388311430811883e-07,0.11347845569252968,0.113478699575644,0.1909786518663168,38127.10616984502,1.6829471308755346,38127.1061698479,7.557036199866276e-12
Ablated PINN,3,851,True,optimal,2.4388311430811883e-07,0.13728113798424602,0.13728138186736033,0.170585036277771,36980.28943143666,1.2425941082279335,36980.28943143625,-1.101812972961479e-12
Ablated PINN,3,852,True,optimal,2.4388311430811883e-07,0.12819629814475775,0.12819654202787206,0.162876624148339,36177.72586414372,1.2705227580391905,36177.725864136235,-2.0694944765489482e-11
Ablated PINN,3,853,True,optimal,2.4388311430811883e-07,0.13755024690181017,0.13755049078492448,0.1607574457302689,37910.53162703258,1.1687159007060983,37910.53162702786,-1.2436703817228715e-11
Ablated PINN,3,854,True,optimal,2.4388311430811883e-07,0.13463800074532628,0.1346382446284406,0.1717571821063757,38353.75515272981,1.2756938608370285,38353.75515272853,-3.3388348415869235e-12
Ablated PINN,3,855,True,optimal,2.4388311430811883e-07,0.1270222864113748,0.12702253029448912,0.1637262706644833,36222.52417163627,1.288954568019549,36222.52417163598,-8.034732841595617e-13
Ablated PINN,3,856,True,optimal,2.4388311430811883e-07,0.12259503034874797,0.12259527423186228,0.16512958612293,39214.67813513802,1.3469490333748373,39214.678135134964,-7.792750937355828e-12
Ablated PINN,3,857,True,optimal,2.4388311430811883e-07,0.13492102781310678,0.1349212716962211,0.1841412629000842,39780.3177786508,1.3648052718824297,39780.3177786508,0.0
Ablated PINN,3,858,True,optimal,2.4388311430811883e-07,0.12202990241348743,0.12203014629660175,0.1726002781651914,36559.519462757264,1.4144068773438643,36559.51946276016,7.920867596180938e-12
Ablated PINN,3,859,True,optimal,2.4388311430811883e-07,0.13081425288692117,0.13081449677003548,0.1627713828347623,37063.77338210975,1.2442916255749945,37063.77338210629,-9.344315239157577e-12
Ablated PINN,3,860,True,optimal,2.4388311430811883e-07,0.13219424709677696,0.13219449097989128,0.1739927111193537,36666.41944413251,1.316187307274556,36666.4194441294,-8.473240497316924e-12
Ablated PINN,3,861,True,optimal,2.4388311430811883e-07,0.12135177617892623,0.12135202006204054,0.1765870889648795,35617.74102342221,1.4551639838760027,35617.74102342037,-5.168259478269231e-12
Ablated PINN,3,862,True,optimal,2.4388311430811883e-07,0.14791099913418293,0.14791124301729724,0.1761649651452899,36276.12581112257,1.1910180832209527,36276.125811121805,-2.106000936999227e-12
Ablated PINN,3,863,True,optimal,2.4388311430811883e-07,0.13080879813060164,0.13080904201371596,0.1822052956558764,37964.55096791338,1.3929105576415068,37964.55096791622,7.474402823649407e-12
Ablated PINN,3,864,True,optimal,2.4388311430811883e-07,0.1216414482332766,0.12164169211639092,0.1739714201539755,37053.23788541132,1.4301956601155605,37053.237885410635,-1.845830633879703e-12
Ablated PINN,3,865,True,optimal,2.4388311430811883e-07,0.13056096201762557,0.13056120590073989,0.1716699469834566,38411.46347397105,1.3148618366313953,38411.463473971664,1.5911407280942705e-12
Ablated PINN,3,866,True,optimal,2.4388311430811883e-07,0.14867664594203234,0.14867688982514665,0.1688673682510852,37047.36649525118,1.1358010545531576,37047.36649525201,2.238915330522164e-12
Ablated PINN,3,867,True,optimal,2.4388311430811883e-07,0.12642012489959598,0.1264203687827103,0.1745442170649767,38024.41015392375,1.3806653053273485,38024.410153922545,-3.1764042073636596e-12
Ablated PINN,3,868,True,optimal,2.4388311430811883e-07,0.14510185364633799,0.1451020975294523,0.1592684220522642,36528.58417802945,1.097630046457023,36528.584178027966,-4.063380464075489e-12
Ablated PINN,3,869,True,optimal,2.4388311430811883e-07,0.12434982508420944,0.12435006896732376,0.1553684528917074,37317.732568215964,1.249444042789671,37317.732568213396,-6.8825538451773534e-12
Ablated PINN,3,870,True,optimal,2.4388311430811883e-07,0.14297525398433208,0.1429754978674464,0.1615158678032457,37296.3421614999,1.1296751556199385,37296.342161498105,-4.818599965973264e-12
Ablated PINN,3,871,True,optimal,2.4388311430811883e-07,0.13985733361914754,0.13985757750226185,0.1570401219651103,37491.75250393964,1.1228574437632495,37491.75250393399,-1.507910057185633e-11
Ablated PINN,3,872,True,optimal,2.4388311430811883e-07,0.12428723694756627,0.12428748083068059,0.1627811468206346,38735.30596995663,1.3097147494878807,38735.30596995561,-2.6297302692684014e-12
Ablated PINN,3,873,True,optimal,2.4388311430811883e-07,0.13968180771917105,0.13968205160228536,0.1638848041184246,37398.365364246005,1.1732703109562808,37398.36536424398,-5.408568521758899e-12
Ablated PINN,3,874,True,optimal,2.4388311430811883e-07,0.13290392188355327,0.13290416576666758,0.1802421910688281,38247.34435833565,1.3561816518623595,38247.34435833448,-3.062772580779794e-12
Ablated PINN,3,875,True,optimal,2.4388311430811883e-07,0.118654765188694,0.11865500907180832,0.1552472379989922,37857.29897615619,1.3083917755637169,37857.298976151775,-1.1666194871934748e-11
Ablated PINN,3,876,True,optimal,2.4388311430811883e-07,0.11898511601611972,0.11898535989923403,0.1657619741745293,38380.4931696181,1.3931291573594373,38380.493169617635,-1.2132759348604607e-12
Ablated PINN,3,877,True,optimal,2.4388311430811883e-07,0.1299731470644474,0.12997339094756172,0.1519819949753582,37761.71251448172,1.1693316137045,37761.712514481595,-3.2755738870074366e-13
Ablated PINN,3,878,True,optimal,2.4388311430811883e-07,0.11942188814282417,0.11942213202593849,0.1566965188831091,36399.67871196315,1.312122939231018,36399.678711961526,-4.457562828513756e-12
Ablated PINN,3,879,True,optimal,2.4388311430811883e-07,0.13421480869874358,0.1342150525818579,0.1623079008422792,38720.21971377258,1.209312202469149,38720.21971376619,-1.6498591259234942e-11
Ablated PINN,3,880,True,optimal,2.4388311430811883e-07,0.16914808982983232,0.16914833371294663,0.1710000876337289,37739.90315651656,1.010947515001388,37739.90315651664,2.1207138085143161e-13
Ablated PINN,3,881,True,optimal,2.4388311430811883e-07,0.1215185783803463,0.12151882226346061,0.1626325817778706,36880.50805602447,1.3383324389473814,36880.508056024526,1.5782770894870882e-13
Ablated PINN,3,882,True,optimal,2.4388311430811883e-07,0.1373386438935995,0.13733888777671382,0.1583884689025581,38065.47555477852,1.1532674500762432,38065.475554776356,-5.67695366974393e-12
Ablated PINN,3,883,True,optimal,2.4388311430811883e-07,0.12269188091158867,0.12269212479470298,0.168599990196526,36876.80440978094,1.3741712475730554,36876.80440978585,1.3318050379308849e-11
Ablated PINN,3,884,True,optimal,2.4388311430811883e-07,0.13922515604645014,0.13922539992956445,0.1899702958762645,37304.13998562833,1.3644801593126856,37304.13998562844,2.9256635926950216e-13
Ablated PINN,3,885,True,optimal,2.4388311430811883e-07,0.12031301530078053,0.12031325918389485,0.1678070118650794,36793.11604544458,1.3947507781215696,36793.11604544428,-8.107882512942398e-13
Ablated PINN,3,886,True,optimal,2.4388311430811883e-07,0.1347100199200213,0.1347102638031356,0.1669702790677547,37263.59536312081,1.2394770402332786,37263.5953631195,-3.514616230105318e-12
Ablated PINN,3,887,True,optimal,2.4388311430811883e-07,0.13399646803736687,0.13399671192048118,0.1748517067171633,36677.91003838903,1.3048955023682003,36677.91003838737,-4.542773271170789e-12
Ablated PINN,3,888,True,optimal,2.4388311430811883e-07,0.1279288548976183,0.1279290987807326,0.1667845761403441,37600.66379484942,1.3037266558580924,37600.6637948494,-3.870121896720395e-14
Ablated PINN,3,889,True,optimal,2.4388311430811883e-07,0.13437712425366044,0.13437736813677476,0.1741014849394559,37656.274599972974,1.2956161246010438,37656.27459996922,-9.970168766831073e-12
Ablated PINN,3,890,True,optimal,2.4388311430811883e-07,0.1392394290305674,0.13923967291368172,0.1843472719192505,38694.51450702568,1.3239565136980187,38694.5145070258,3.1966101918311933e-13
Ablated PINN,3,891,True,optimal,2.4388311430811883e-07,0.13753286190330982,0.13753310578642414,0.1689602509140968,37141.88355459688,1.2285060382223612,37141.88355459459,-6.170733493089415e-12
Ablated PINN,3,892,True,optimal,2.4388311430811883e-07,0.13731793221086264,0.13731817609397695,0.1870846119709313,37916.566529085525,1.3624169595938669,37916.56652908551,-3.837877888337854e-14
Ablated PINN,3,893,True,optimal,2.4388311430811883e-07,0.13159580482169986,0.13159604870481417,0.1789605529047548,38051.64697211672,1.3599234526120532,38051.646972114606,-5.564289154892252e-12
Ablated PINN,3,894,True,optimal,2.4388311430811883e-07,0.13742297375574708,0.1374232176388614,0.1703684329986572,37580.68001928373,1.2397354386387134,37580.68001928379,1.5488719438711426e-13
Ablated PINN,3,895,True,optimal,2.4388311430811883e-07,0.12354522896930575,0.12354547285242007,0.1642914060503244,37384.21871123708,1.3298051499351737,37384.21871123507,-5.371689902164531e-12
Ablated PINN,3,896,True,optimal,2.4388311430811883e-07,0.1181971812620759,0.11819742514519022,0.1746736480854451,38050.08547103824,1.4778126331506898,38050.08547103638,-4.895245637880909e-12
Ablated PINN,3,897,True,optimal,2.4388311430811883e-07,0.15506181307137012,0.15506205695448444,0.155077080707997,37798.65516733106,1.0000968886509545,37798.6551673246,-1.7093333963318073e-11
Ablated PINN,3,898,True,optimal,2.4388311430811883e-07,0.13379762135446072,0.13379786523757503,0.160987445153296,38582.54496972541,1.2032138544769935,38582.54496972219,-8.335306206453085e-12
Ablated PINN,3,899,True,optimal,2.4388311430811883e-07,0.1313763908110559,0.1313766346941702,0.1634005168452859,37981.44443347594,1.2437562982615868,37981.4444334725,-9.061077067610099e-12
Ablated PINN,3,900,True,optimal,2.4388311430811883e-07,0.1397828022018075,0.1397830460849218,0.1522460421547293,37899.104798563,1.0891595684804,37899.10479856231,-1.8238319269579e-12
Ablated PINN,3,901,True,optimal,2.4388311430811883e-07,0.13310416880995035,0.13310441269306467,0.1825937679968774,39872.63047953387,1.3718085246199456,39872.630479532556,-3.3028880019420173e-12
Ablated PINN,3,902,True,optimal,2.4388311430811883e-07,0.12623750837519765,0.12623775225831196,0.1649639327079057,38952.98756346495,1.3067717838507686,38952.98756347098,1.5484740040364498e-11
Ablated PINN,3,903,True,optimal,2.4388311430811883e-07,0.13808097271248698,0.1380812165956013,0.1651371773332357,36745.49558695806,1.195942369314961,36745.495586957186,-2.3761141325085365e-12
Ablated PINN,3,904,True,optimal,2.4388311430811883e-07,0.14014941593632102,0.14014965981943533,0.1611017286777496,38635.528408674174,1.1494978217236367,38635.52840867134,-7.344595988221175e-12
Ablated PINN,3,905,True,optimal,2.4388311430811883e-07,0.12176530389115214,0.12176554777426646,0.1802959288470447,38773.50040242515,1.4806809655329114,38773.50040242357,-4.0720667102293655e-12
Ablated PINN,3,906,True,optimal,2.4388311430811883e-07,0.12681538285687566,0.12681562673998997,0.1680621481500566,38610.52535361595,1.3252479404185287,38610.52535361488,-2.7701404202333568e-12
Ablated PINN,3,907,True,optimal,2.4388311430811883e-07,0.1300573800690472,0.13005762395216153,0.1649386477656662,38806.16664166131,1.268196686618962,38806.16664166023,-2.7749242455271974e-12
Ablated PINN,3,908,True,optimal,2.4388311430811883e-07,0.1398311802186072,0.1398314241017215,0.1637667305767536,37740.03707799852,1.1711725860534765,37740.03707799741,-2.9304305002938615e-12
Ablated PINN,3,909,True,optimal,2.4388311430811883e-07,0.11943146027624607,0.11943170415936039,0.1559805711731314,37039.43367385054,1.3060231558364357,37039.43367384695,-9.684400510488495e-12
Ablated PINN,3,910,True,optimal,2.4388311430811883e-07,0.12944978522136807,0.1294500291044824,0.1737089767120778,36994.25775820277,1.3418998660237682,36994.25775820191,-2.340468517430504e-12
Ablated PINN,3,911,True,optimal,2.4388311430811883e-07,0.12629850720986724,0.12629875109298155,0.1650789980776608,37355.63354274313,1.3070517059676157,37355.633542741205,-5.1615474960487575e-12
Ablated PINN,3,912,True,optimal,2.4388311430811883e-07,0.12581122713163495,0.12581147101474927,0.162947020959109,38034.22386661655,1.2951682358121879,38034.22386661622,-8.608512527729954e-13
Ablated PINN,3,913,True,optimal,2.4388311430811883e-07,0.17736084293574095,0.17736108681885526,0.1951357428915798,37032.71438441591,1.100217338490254,37032.71438442728,3.0708852807598656e-11
Ablated PINN,3,914,True,optimal,2.4388311430811883e-07,0.1287090089172125,0.1287092528003268,0.1647420800291001,37283.19867560678,1.2799552203497977,37283.19867560684,1.7563841315604368e-13
Ablated PINN,3,915,True,optimal,2.4388311430811883e-07,0.13566536689177155,0.13566561077488587,0.1722468216903507,37566.85684767441,1.2696424739218928,37566.85684767452,2.9052035057201676e-13
Ablated PINN,3,916,True,optimal,2.4388311430811883e-07,0.13038634369149804,0.13038658757461236,0.166536655742675,38610.71291775249,1.2772529662790366,38610.71291774928,-8.310380890117134e-12
Ablated PINN,3,917,True,optimal,2.4388311430811883e-07,0.1196495802141726,0.11964982409728692,0.1557568660937249,37374.22925915304,1.30177262916057,37374.2292591528,-6.424389372772158e-13
Ablated PINN,3,918,True,optimal,2.4388311430811883e-07,0.13943651132285595,0.13943675520597026,0.1672582039609551,38209.33611460351,1.1995273679015845,38209.336114601494,-5.2747324713619214e-12
Ablated PINN,3,919,True,optimal,2.4388311430811883e-07,0.1265584616921842,0.12655870557529852,0.1697634500451386,37987.22887364677,1.3413810553248318,37987.22887364605,-1.896215715550321e-12
Ablated PINN,3,920,True,optimal,2.4388311430811883e-07,0.13954999297857285,0.13955023686168716,0.1747388020157814,36748.78325747851,1.2521569718937187,36748.7832574777,-2.2175081201435617e-12
Ablated PINN,3,921,True,optimal,2.4388311430811883e-07,0.13251180993393064,0.13251205381704495,0.1688438202254474,37805.06536750914,1.2741770681372466,37805.0653675082,-2.4827322029611486e-12
Ablated PINN,3,922,True,optimal,2.4388311430811883e-07,0.13971860287711024,0.13971884676022456,0.1664874609559774,37344.2401740349,1.191589143601301,37344.24017403487,-7.793392052188365e-14
Ablated PINN,3,923,True,optimal,2.4388311430811883e-07,0.12161776889115572,0.12161801277427003,0.1795812579803168,37475.189696928144,1.4766008248599642,37475.189696928166,5.824619706818861e-14
Ablated PINN,3,924,True,optimal,2.4388311430811883e-07,0.13376574497669935,0.13376598885981367,0.1640407489612698,36646.25634727243,1.226326290856968,36646.25634727258,4.169460270372868e-13
Ablated PINN,3,925,True,optimal,2.4388311430811883e-07,0.1216096868738532,0.12160993075696752,0.1712135933339595,37889.51640016583,1.4078915452729175,37889.5164001697,1.0216043429703531e-11
Ablated PINN,3,926,True,optimal,2.4388311430811883e-07,0.1305549261160195,0.1305551699991338,0.1765804062597453,37144.36483203666,1.3525347656543734,37144.36483203518,-3.996017592453831e-12
Ablated PINN,3,927,True,optimal,2.4388311430811883e-07,0.1311487890779972,0.13114903296111152,0.1653168490156531,36389.86518204751,1.2605266335793195,36389.86518204627,-3.4190529308120954e-12
Ablated PINN,3,928,True,optimal,2.4388311430811883e-07,0.2157022226601839,0.21570246654329822,0.1713407700881362,37839.620375219565,0.7943384831612148,37839.62037521966,2.4996933913831765e-13
Ablated PINN,3,929,True,optimal,2.4388311430811883e-07,0.12927296897396445,0.12927321285707877,0.1700820690020918,37538.42090298611,1.3156791360181501,37538.42090299356,1.9847879632920705e-11
Ablated PINN,3,930,True,optimal,2.4388311430811883e-07,0.15407981863245368,0.154080062515568,0.184565728995949,36687.36547948648,1.1978560105873581,36687.36547948643,-1.388262761133997e-13
Ablated PINN,3,931,True,optimal,2.4388311430811883e-07,0.12071930104866624,0.12071954493178055,0.1721314727328717,37628.348302235376,1.425879072275698,37628.348302231796,-9.51349529728251e-12
Ablated PINN,3,932,True,optimal,2.4388311430811883e-07,0.13024977128952742,0.13025001517264173,0.1624365742318332,38580.05774407487,1.2471136684055608,38580.05774407339,-3.828453045553247e-12
Ablated PINN,3,933,True,optimal,2.4388311430811883e-07,0.1367548587732017,0.13675510265631602,0.1571075972169637,38474.17297712669,1.1488243887454515,38474.172977126196,-1.2859668694077352e-12
Ablated PINN,3,934,True,optimal,2.4388311430811883e-07,0.1259219511412084,0.12592219502432273,0.1714016650803387,36572.00701525348,1.3611711981929102,36572.00701525496,4.038661031272358e-12
Ablated PINN,3,935,True,optimal,2.4388311430811883e-07,0.11629846785217524,0.11629871173528955,0.1776131740771234,37616.63114837118,1.527215318441302,37616.631148373366,5.802718684843056e-12
Ablated PINN,3,936,True,optimal,2.4388311430811883e-07,0.11999347014352679,0.11999371402664111,0.1541957431472838,37643.32475835425,1.2850318401933047,37643.324758353825,-1.1210634138499743e-12
Ablated PINN,3,937,True,optimal,2.4388311430811883e-07,0.13846524897962809,0.1384654928627424,0.1694246246479451,38498.630669695616,1.2235873440026808,38498.63066969399,-4.233435000741478e-12
Ablated PINN,3,938,True,optimal,2.4388311430811883e-07,0.1251456239260733,0.12514586780918763,0.1775129660964012,37176.86630960862,1.4184484809922666,37176.866309610145,4.109951296738558e-12
Ablated PINN,3,939,True,optimal,2.4388311430811883e-07,0.12454263400286436,0.12454287788597868,0.1766269081272184,37962.35783331163,1.4182015955093283,37962.35783331169,1.5332994111970228e-13
Ablated PINN,3,940,True,optimal,2.4388311430811883e-07,0.1124311569146812,0.11243140079779551,0.1664674277417361,36759.09810019734,1.4806133034055384,36759.09810020008,7.442402573305468e-12
Ablated PINN,3,941,True,optimal,2.4388311430811883e-07,0.11169806588441133,0.11169830976752565,0.1603717789985239,37584.68643838868,1.435758332711577,37584.68643839875,2.6792628307641075e-11
Ablated PINN,3,942,True,optimal,2.4388311430811883e-07,0.12475979002192616,0.12476003390504048,0.1667221882380545,36956.17546753289,1.3363429218442902,36956.17546753157,-3.583228700017279e-12
Ablated PINN,3,943,True,optimal,2.4388311430811883e-07,0.12116813194006681,0.12116837582318113,0.1786800809204578,37829.79177671287,1.4746428654057597,37829.79177671327,1.0578373551250378e-12
Ablated PINN,3,944,True,optimal,2.4388311430811883e-07,0.16959033906459808,0.1695905829477124,0.1818900229409337,37916.61795178456,1.0725243098964605,37916.617951784574,3.837872683389464e-14
Ablated PINN,3,945,True,optimal,2.4388311430811883e-07,0.12713714595884085,0.12713738984195516,0.1698925197124481,36731.51476814787,1.3362907632730383,36731.51476815865,2.9356178889661273e-11
Ablated PINN,3,946,True,optimal,2.4388311430811883e-07,0.12540984526276588,0.1254100891458802,0.1518744160421192,37405.165886938725,1.211022311494054,37405.1658869362,-6.749755634697647e-12
Ablated PINN,3,947,True,optimal,2.4388311430811883e-07,0.12701479019597173,0.12701503407908604,0.1746546477079391,38742.33508880985,1.3750706676123883,38742.33508880985,0.0
Ablated PINN,3,948,True,optimal,2.4388311430811883e-07,0.12904006522148848,0.1290403091046028,0.1629310543648898,37892.74735451319,1.2626368883913202,37892.74735450913,-1.0714410097347535e-11
Ablated PINN,3,949,True,optimal,2.4388311430811883e-07,0.13407461997121572,0.13407486385433004,0.1739861140958964,38100.98709894441,1.2976788422095973,38100.987098943064,-3.5328537686658156e-12
Ablated PINN,3,950,True,optimal,2.4388311430811883e-07,0.12996790185570717,0.12996814573882148,0.1612791228108108,37506.788922990185,1.2409127012930579,37506.78892298993,-6.789664586304382e-13
Ablated PINN,3,951,True,optimal,2.4388311430811883e-07,0.12851140787824988,0.1285116517613642,0.1746421181596815,37170.31641944128,1.358959407696182,37170.31641944122,-1.7617180814043534e-13
Ablated PINN,3,952,True,optimal,2.4388311430811883e-07,0.12293570209294558,0.12293594597605989,0.1561151021160185,37776.67107129443,1.26988978590867,37776.67107128991,-1.1980001169189887e-11
Ablated PINN,3,953,True,optimal,2.4388311430811883e-07,0.12022450985386968,0.12022475373698399,0.1771903140470385,36492.996182438736,1.4738255520545978,36492.99618244228,9.709784695104015e-12
Ablated PINN,3,954,True,optimal,2.4388311430811883e-07,0.12530479999259114,0.12530504387570546,0.1568576139397919,37584.16674253724,1.2518060653279413,37584.16674253725,1.9359103167102004e-14
Ablated PINN,3,955,True,optimal,2.4388311430811883e-07,0.1352544752880931,0.1352547191712074,0.1804337482899427,37369.17707605438,1.334029225712613,37369.177076053675,-1.888636421239359e-12
Ablated PINN,3,956,True,optimal,2.4388311430811883e-07,0.13715232582762837,0.1371525697107427,0.1667911242693662,38000.57359270977,1.2160991560065684,38000.57359270888,-2.3359300794887806e-12
Ablated PINN,3,957,True,optimal,2.4388311430811883e-07,0.11920295283198357,0.11920319671509788,0.158080656081438,36539.97799590438,1.3261444360360517,36539.97799590199,-6.551153521041138e-12
Ablated PINN,3,958,True,optimal,2.4388311430811883e-07,0.13800966693088412,0.13800991081399844,0.158338532783091,38578.757388685,1.147298276255611,38578.757388679915,-1.3183147194382906e-11
Ablated PINN,3,959,True,optimal,2.4388311430811883e-07,0.13009425206109881,0.13009449594421313,0.1683618519455194,38230.93145158145,1.2941504613516932,38230.931451588134,1.749003959242529e-11
Ablated PINN,3,960,True,optimal,2.4388311430811883e-07,0.14572620205581188,0.1457264459389262,0.1607487122528255,36342.0806295698,1.1030853817720574,36342.08062956914,-1.8218883768365287e-12
Ablated PINN,3,961,True,optimal,2.4388311430811883e-07,0.16102958098053932,0.16102982486365364,0.1781878303736448,37129.59631251094,1.1065517243437302,37129.59631250897,-5.3105465969725855e-12
Ablated PINN,3,962,True,optimal,2.4388311430811883e-07,0.1342323487624526,0.13423259264556692,0.1792335021309554,37069.95701646289,1.3352457745058286,37069.95701646497,5.613504965037631e-12
Ablated PINN,3,963,True,optimal,2.4388311430811883e-07,0.1289661107584834,0.12896635464159772,0.1543464898131787,37063.69004129028,1.196796561724283,37063.69004129,-7.656073818797647e-13
Ablated PINN,3,964,True,optimal,2.4388311430811883e-07,0.14346571173518896,0.14346595561830328,0.1753977257758379,37947.23281338346,1.22257385049935,37947.232813383365,-2.4926046505036555e-13
Ablated PINN,3,965,True,optimal,2.4388311430811883e-07,0.13163515599444509,0.1316353998775594,0.1727722520008683,38960.64235283441,1.3125059988542012,38960.64235284559,2.8703702448546374e-11
Ablated PINN,3,966,True,optimal,2.4388311430811883e-07,0.11499316291883588,0.1149934068019502,0.1823322540149092,35812.02903461007,1.5855887662232215,35812.0290346108,2.0520248051913475e-12
Ablated PINN,3,967,True,optimal,2.4388311430811883e-07,0.11244687112048268,0.112447115003597,0.1871379967778921,36899.76525521711,1.6642311967888717,36899.76525521719,2.168998453037632e-13
Ablated PINN,3,968,True,optimal,2.4388311430811883e-07,0.13286170735955238,0.1328619512426667,0.1637383322231471,36398.27997577356,1.2323944567401843,36398.27997577253,-2.838557156826443e-12
Ablated PINN,3,969,True,optimal,2.4388311430811883e-07,0.12850470375269651,0.12850494763581083,0.1538550127297639,37352.33239972945,1.1972691757036187,37352.33239972836,-2.921888867468472e-12
Ablated PINN,3,970,True,optimal,2.4388311430811883e-07,0.12898976914584637,0.12899001302896068,0.1577663123607635,36937.63631732075,1.2230893590602399,36937.63631731984,-2.4622439128473662e-12
Ablated PINN,3,971,True,optimal,2.4388311430811883e-07,0.1400901791639626,0.14009042304707692,0.1726000271737575,35908.58743828199,1.232061574371546,35908.587438281254,-2.0465068983724e-12
Ablated PINN,3,972,True,optimal,2.4388311430811883e-07,0.12703767232596874,0.12703791620908306,0.1860187347047031,37634.0887822892,1.4642772823709382,37634.08878228917,-7.733369240078458e-14
Ablated PINN,3,973,True,optimal,2.4388311430811883e-07,0.12406239891424775,0.12406264279736207,0.167913569137454,37601.82999232428,1.3534579414990855,37601.829992322804,-3.928051895295366e-12
Ablated PINN,3,974,True,optimal,2.4388311430811883e-07,0.12318328907713294,0.12318353296024726,0.1611481108702719,36243.177270124615,1.3081952351721902,36243.17727011883,-1.595993160357912e-11
Ablated PINN,3,975,True,optimal,2.4388311430811883e-07,0.14558982802554965,0.14559007190866396,0.1785363280214369,37350.72194897757,1.2262946619975694,37350.7219489775,-1.7532089103151425e-13
Ablated PINN,3,976,True,optimal,2.4388311430811883e-07,0.14109432511031628,0.1410945689934306,0.1756710689514875,38114.041799932274,1.2450590423481631,38114.04179993126,-2.653505271574985e-12
Ablated PINN,3,977,True,optimal,2.4388311430811883e-07,0.12307639885693789,0.1230766427400522,0.1640827269293368,37285.81046491984,1.333175192923427,37285.81046491693,-7.805604892004664e-12
Ablated PINN,3,978,True,optimal,2.4388311430811883e-07,0.1266423836350441,0.1266426275181584,0.1618214529007673,38025.7304569932,1.2777802867171628,38025.7304569912,-5.261932696239539e-12
Ablated PINN,3,979,True,optimal,2.4388311430811883e-07,0.12329023936763406,0.12329048325074837,0.1591421430930495,37469.086759203085,1.2907901639852117,37469.08675920153,-4.155572137217389e-12
Ablated PINN,3,980,True,optimal,2.4388311430811883e-07,0.13347778795287013,0.13347803183598445,0.1636582026258111,38251.63513537474,1.2261059020327145,38251.63513537326,-3.861323549835135e-12
Ablated PINN,3,981,True,optimal,2.4388311430811883e-07,0.11664227023720741,0.11664251412032173,0.1569830761291086,37876.70591719041,1.3458478438416877,37876.70591718669,-9.816097389715992e-12
Ablated PINN,3,982,True,optimal,2.4388311430811883e-07,0.12394107412546873,0.12394131800858305,0.1553159328177571,37334.6946502916,1.2531408840351475,37334.69465029327,4.462857696453641e-12
Ablated PINN,3,983,True,optimal,2.4388311430811883e-07,0.12938884506002069,0.129389088943135,0.1601642942987382,37690.19867629384,1.237850081540713,37690.19867629281,-2.7219544062661943e-12
Ablated PINN,3,984,True,optimal,2.4388311430811883e-07,0.11582570476457477,0.11582594864768908,0.1752495313994586,37822.04230656929,1.5130420553042032,37822.04230657361,1.1426984264343344e-11
Ablated PINN,3,985,True,optimal,2.4388311430811883e-07,0.12128603365272284,0.12128627753583715,0.1567981499247253,38594.236572782494,1.2927938189742467,38594.23657278322,1.885244601344075e-12
Ablated PINN,3,986,True,optimal,2.4388311430811883e-07,0.1353390822187066,0.13533932610182092,0.1680581690743565,36311.45272581084,1.2417541443048117,36311.452725807816,-8.335657596394654e-12
Ablated PINN,3,987,True,optimal,2.4388311430811883e-07,0.13530821818858385,0.13530846207169817,0.1654749000445008,38177.84485853607,1.222945686551502,38177.84485853457,-3.925960918107359e-12
Ablated PINN,3,988,True,optimal,2.4388311430811883e-07,0.1264425292611122,0.12644277314422653,0.1613489440642297,37277.40101052316,1.276062997133,37277.40101052241,-2.0103966852445952e-12
Ablated PINN,3,989,True,optimal,2.4388311430811883e-07,0.1262130900286138,0.12621333391172812,0.1631945217959582,38179.06883077564,1.293005396007479,38179.06883077343,-5.793465326552923e-12
Ablated PINN,3,990,True,optimal,2.4388311430811883e-07,0.13989642588421702,0.13989666976733134,0.1789532070979476,38506.60753554843,1.279181322869036,38506.60753554845,5.6686044914237846e-14
Ablated PINN,3,991,True,optimal,2.4388311430811883e-07,0.13704213593155146,0.13704237981466577,0.1578897107392549,35437.07459574925,1.152123240655794,35437.07459574689,-6.652383961960016e-12
Ablated PINN,3,992,True,optimal,2.4388311430811883e-07,0.12741179717704654,0.12741204106016085,0.167221387848258,38119.41415399938,1.3124457190768974,38119.41415400399,1.2101332692985036e-11
Ablated PINN,3,993,True,optimal,2.4388311430811883e-07,0.11409148899838328,0.1140917328814976,0.1602107011713087,37604.41913579607,1.4042270822348977,37604.419135795186,-2.3605385997982293e-12
Ablated PINN,3,994,True,optimal,2.4388311430811883e-07,0.12938632676377892,0.12938657064689324,0.1647424660623073,40263.60160688077,1.273257844601997,40263.60160687153,-2.2949924500628425e-11
Ablated PINN,3,995,True,optimal,2.4388311430811883e-07,0.12992511689662933,0.12992536077974365,0.162996135186404,38390.42170544686,1.2545367140655754,38390.42170544524,-4.22641501677669e-12
Ablated PINN,3,996,True,optimal,2.4388311430811883e-07,0.13277174020186067,0.13277198408497498,0.1651918441057205,38778.35034551141,1.2441769643210014,38778.350345509454,-5.047230170382663e-12
Ablated PINN,3,997,True,optimal,2.4388311430811883e-07,0.1276816721074283,0.12768191599054263,0.183085607830435,37455.25240619008,1.4339196464125439,37455.252406188796,-3.418929142991568e-12
Ablated PINN,3,998,True,optimal,2.4388311430811883e-07,0.11540769599378109,0.1154079398768954,0.1608352991752326,37185.404543198085,1.3936242111833392,37185.4045431968,-3.4633064061852128e-12
Ablated PINN,3,999,True,optimal,2.4388311430811883e-07,0.12836627382785082,0.12836651771096513,0.17379155382514,37624.27994287323,1.3538698168665413,37624.27994287494,4.5445389039451476e-12
Ablated PINN,4,0,True,optimal,2.5263475254178047e-07,0.12890267511829734,0.12890292775304987,0.7029111012816429,37581.16658725598,5.453026657612219,37581.1665872559,-2.12967134934971e-13
Ablated PINN,4,1,True,optimal,2.5263475254178047e-07,0.12392539018765092,0.12392564282240347,0.1652762829326093,37707.62420900778,1.333672992678884,37707.62420900733,-1.196334644630327e-12
Ablated PINN,4,2,True,optimal,2.5263475254178047e-07,0.11843438586220145,0.118434638496954,0.174185655079782,35928.650807939695,1.4707323574450886,35928.65080793974,1.215067771914588e-13
Ablated PINN,4,3,True,optimal,2.5263475254178047e-07,0.12928469898179173,0.12928495161654427,0.1632512500509619,36902.03678381335,1.262724300158001,36902.03678381333,-5.915086197118751e-14
Ablated PINN,4,4,True,optimal,2.5263475254178047e-07,0.14153402391821146,0.141534276552964,0.177220526151359,37600.85536654788,1.2521385664838633,37600.85536654657,-3.483091961036037e-12
Ablated PINN,4,5,True,optimal,2.5263475254178047e-07,0.12981951795518398,0.12981977058993652,0.1503279763273894,36866.67547005534,1.15797444136789,36866.67547005412,-3.315625462826634e-12
Ablated PINN,4,6,True,optimal,2.5263475254178047e-07,0.1564923096448183,0.15649256227957084,0.17819330887869,38004.28690234184,1.1386695078859481,38004.28690234809,1.644563837401836e-11
Ablated PINN,4,7,True,optimal,2.5263475254178047e-07,0.1796698970720172,0.17967014970676973,0.1764783598482608,36775.08123419669,0.9822352802414976,36775.08123419664,-1.3849514831777782e-13
Ablated PINN,4,8,True,optimal,2.5263475254178047e-07,0.1226080902852118,0.12260834291996435,0.1664968747645616,36978.40899588076,1.3579571405939854,36978.40899587918,-4.269742385221831e-12
Ablated PINN,4,9,True,optimal,2.5263475254178047e-07,0.1173037220723927,0.11730397470714525,0.1648466871120035,37364.12630120166,1.4052949827450503,37364.1263012042,6.815588686419517e-12
Ablated PINN,4,10,True,optimal,2.5263475254178047e-07,0.11995737021788955,0.1199576228526421,0.1573416241444647,36704.93616789373,1.3116433987504548,36704.93616789245,-3.488818327428158e-12
Ablated PINN,4,11,True,optimal,2.5263475254178047e-07,0.1323178424499929,0.13231809508474543,0.1653347578831017,38193.61240151597,1.2495249253491003,38193.612401514496,-3.8671895712609e-12
Ablated PINN,4,12,True,optimal,2.5263475254178047e-07,0.11906824493780732,0.11906849757255987,0.1727200988680124,37317.390173038286,1.4505944258073589,37317.39017304149,8.578899369425158e-12
Ablated PINN,4,13,True,optimal,2.5263475254178047e-07,0.1232863669283688,0.12328661956312136,0.1623006612062454,36927.52024933221,1.316449926045294,36927.52024932932,-7.822228932047114e-12
Ablated PINN,4,14,True,optimal,2.5263475254178047e-07,0.11917613400146365,0.1191763866362162,0.1527521843090653,37281.01560739845,1.281731965706752,37281.01560739821,-6.440452261187962e-13
Ablated PINN,4,15,True,optimal,2.5263475254178047e-07,0.11398924002423882,0.11398949265899137,0.1881736749783158,36970.38087601325,1.6507984252658472,36970.380876016636,9.151434771369707e-12
Ablated PINN,4,16,True,optimal,2.5263475254178047e-07,0.12542977463454008,0.12543002726929262,0.1507117301225662,38848.967280889054,1.201560211726614,38848.96728088924,4.869496185084687e-13
Ablated PINN,4,17,True,optimal,2.5263475254178047e-07,0.12249518185853958,0.12249543449329213,0.1645431309007108,37957.91146352359,1.343259294367589,37957.911463522505,-2.8561046767684647e-12
Ablated PINN,4,18,True,optimal,2.5263475254178047e-07,0.11867288406938314,0.11867313670413569,0.1679855650290846,38056.53689326101,1.4155315153410821,38056.53689326103,5.735643498979416e-14
Ablated PINN,4,19,True,optimal,2.5263475254178047e-07,0.116573641076684,0.11657389371143655,0.1546796639449894,36767.26822304173,1.3268808222866666,36767.26822304094,-2.1372363526299563e-12
Ablated PINN,4,20,True,optimal,2.5263475254178047e-07,0.11354151088744402,0.11354176352219657,0.1571014206856489,37706.58572882871,1.3836443596803631,37706.585728829145,1.1577750899817851e-12
Ablated PINN,4,21,True,optimal,2.5263475254178047e-07,0.11622167564928532,0.11622192828403786,0.1470939521677792,36531.38966684323,1.265629940404124,36531.38966684291,-8.763480884348604e-13
Ablated PINN,4,22,True,optimal,2.5263475254178047e-07,0.12390827341005206,0.12390852604480461,0.1775176827795803,35866.798990233656,1.4326510729002695,35866.798990230236,-9.534444597627396e-12
Ablated PINN,4,23,True,optimal,2.5263475254178047e-07,0.14142164681106806,0.1414218994458206,0.1634733946993947,36789.37153111116,1.1559270193653575,36789.37153111116,0.0
Ablated PINN,4,24,True,optimal,2.5263475254178047e-07,0.1262761950492859,0.12627644768403842,0.1636657412163913,37923.84644974744,1.296090793002874,37923.846449747456,3.837141163317774e-14
Ablated PINN,4,25,True,optimal,2.5263475254178047e-07,0.13653874211013317,0.1365389947448857,0.1676783710718155,39062.01264174192,1.2280621472650484,39062.01264174087,-2.7008691634316916e-12
Ablated PINN,4,26,True,optimal,2.5263475254178047e-07,0.11740898201242089,0.11740923464717344,0.1732960944063961,38502.70951805598,1.4760005456740117,38502.70951805596,-3.7794522542738665e-14
Ablated PINN,4,27,True,optimal,2.5263475254178047e-07,0.12689250567927957,0.1268927583140321,0.1849055322818458,37098.46446151903,1.4571795486094223,37098.46446151906,9.806278669202777e-14
Ablated PINN,4,28,True,optimal,2.5263475254178047e-07,0.12097793212160468,0.12097818475635723,0.1622271696105599,37732.51147009323,1.340962173777658,37732.511470093494,6.941877545527614e-13
Ablated PINN,4,29,True,optimal,2.5263475254178047e-07,0.14691228978335857,0.1469125424181111,0.1579065909609198,36949.69147879762,1.0748339683042158,36949.691478797446,-4.725965921545081e-13
Ablated PINN,4,30,True,optimal,2.5263475254178047e-07,0.11950263008475304,0.11950288271950558,0.1673054611310362,37873.52054076799,1.400011927107497,37873.520540767415,-1.51768476580296e-12
Ablated PINN,4,31,True,optimal,2.5263475254178047e-07,0.13046569097787142,0.13046594361262395,0.1790197207592427,37154.95594431231,1.3721567161678863,37154.95594431124,-2.878662461309399e-12
Ablated PINN,4,32,True,optimal,2.5263475254178047e-07,0.11221469193696976,0.1122149445717223,0.1805329089984297,36261.06802752526,1.6088134222001231,36261.06802752857,9.129793727919044e-12
Ablated PINN,4,33,True,optimal,2.5263475254178047e-07,0.13488213112577796,0.1348823837605305,0.1816727579571306,39175.58797208662,1.346897592495633,39175.58797208596,-1.6901141173999985e-12
Ablated PINN,4,34,True,optimal,2.5263475254178047e-07,0.11284446204081178,0.11284471467556433,0.1574292448349297,37392.7018554338,1.3950963081217291,37392.70185543367,-3.502481247855319e-13
Ablated PINN,4,35,True,optimal,2.5263475254178047e-07,0.12188520096242428,0.12188545359717683,0.1631733779795467,37819.358279943845,1.3387436577856424,37819.358279942855,-2.616464901927509e-12
Ablated PINN,4,36,True,optimal,2.5263475254178047e-07,0.11603286676108837,0.11603311939584092,0.1727020228281617,36667.54102069772,1.4883855896263356,36667.541020698154,1.1905828552958653e-12
Ablated PINN,4,37,True,optimal,2.5263475254178047e-07,0.1446076352149248,0.14460788784967735,0.1722064823843538,37589.13373195846,1.1908512387883412,37589.13373195736,-2.9421948514221824e-12
Ablated PINN,4,38,True,optimal,2.5263475254178047e-07,0.14836323400959373,0.14836348664434626,0.1687738937325775,38839.06333083153,1.1375702846425997,38839.063330831494,-9.366803663886981e-14
Ablated PINN,4,39,True,optimal,2.5263475254178047e-07,0.14229785278439522,0.14229810541914775,0.1731656058691442,38987.1527669687,1.2169213733315307,38987.15276696868,-5.5987347865637494e-14
Ablated PINN,4,40,True,optimal,2.5263475254178047e-07,0.12140547530725598,0.12140572794200853,0.1702394988387823,37519.98880849758,1.402236136009168,37519.988808497015,-1.5125929189450434e-12
Ablated PINN,4,41,True,optimal,2.5263475254178047e-07,0.12711048498749733,0.12711073762224986,0.174827363807708,37988.35995223662,1.375394141187846,37988.35995223559,-2.719743580699688e-12
Ablated PINN,4,42,True,optimal,2.5263475254178047e-07,0.12580331601202488,0.12580356864677741,0.1791499881073832,36992.35131840283,1.4240453592408668,36992.35131840433,4.0714449675620056e-12
Ablated PINN,4,43,True,optimal,2.5263475254178047e-07,0.12825412675738335,0.12825437939213588,0.1642176043242216,35874.39157093305,1.2804054341265705,35874.39157093402,2.717755695933664e-12
Ablated PINN,4,44,True,optimal,2.5263475254178047e-07,0.13564155530184507,0.1356418079365976,0.1563226277939975,39059.96251351456,1.1524664126201165,39059.96251351397,-1.5088405846394356e-12
Ablated PINN,4,45,True,optimal,2.5263475254178047e-07,0.1318358271382749,0.13183607977302744,0.1920943218283355,37354.62688591712,1.4570694316688593,37354.62688591713,3.895612522863399e-14
Ablated PINN,4,46,True,optimal,2.5263475254178047e-07,0.12623994098976254,0.12624019362451508,0.1867278451099991,35926.89636147079,1.4791473281908663,35926.8963614719,3.0985741261077044e-12
Ablated PINN,4,47,True,optimal,2.5263475254178047e-07,0.13281843112781644,0.13281868376256897,0.1675027632154524,36344.674703520446,1.2611385572445954,36344.67470351946,-2.7226278501623165e-12
Ablated PINN,4,48,True,optimal,2.5263475254178047e-07,0.12867450201883912,0.12867475465359166,0.1656385827809572,38775.287127550735,1.2872655807806024,38775.28712751599,-8.96001040390501e-11
Ablated PINN,4,49,True,optimal,2.5263475254178047e-07,0.12472042720764875,0.1247206798424013,0.1572557552717626,37206.57563606999,1.2608635189486865,37206.57563607013,3.715558132027204e-13
Ablated PINN,4,50,True,optimal,2.5263475254178047e-07,0.12334701512008905,0.1233472677548416,0.17130042379722,38144.41590346441,1.3887654498978244,38144.415903465604,3.1282614255936372e-12
Ablated PINN,4,51,True,optimal,2.5263475254178047e-07,0.13678533816710114,0.13678559080185368,0.1825809488072991,38201.28089594828,1.33479665319269,38201.2808959468,-3.866413274733654e-12
Ablated PINN,4,52,True,optimal,2.5263475254178047e-07,0.13677812600508332,0.13677837863983586,0.1925481427460909,37557.40050408594,1.4077381576009735,37557.40050409039,1.1836841854330218e-11
Ablated PINN,4,53,True,optimal,2.5263475254178047e-07,0.12916910601779819,0.12916935865255072,0.1949777109548449,37103.61659903618,1.509473399796854,37103.61659903618,0.0
Ablated PINN,4,54,True,optimal,2.5263475254178047e-07,0.15396510809659958,0.1539653607313521,0.148077490273863,38652.06382056266,0.9617584732726823,38652.06382056257,-2.2589089104150742e-13
Ablated PINN,4,55,True,optimal,2.5263475254178047e-07,0.14980389410629869,0.14980414674105122,0.1681971619836986,36125.056598874,1.1227804145798528,36125.056598872536,-4.04834654431089e-12
Ablated PINN,4,56,True,optimal,2.5263475254178047e-07,0.13996443897485733,0.13996469160960986,0.1599473869428038,38451.28557363243,1.1427695449715973,38451.2855736302,-5.79029542634301e-12
Ablated PINN,4,57,True,optimal,2.5263475254178047e-07,0.1282043270766735,0.12820457971142604,0.1934801298193633,37953.532765328346,1.50915146911963,37953.53276532826,-2.300483907784276e-13
Ablated PINN,4,58,True,optimal,2.5263475254178047e-07,0.14821053063496947,0.148210783269722,0.1737125380896031,37505.3012961932,1.1720640985580086,37505.3012961932,0.0
Ablated PINN,4,59,True,optimal,2.5263475254178047e-07,0.13112105196341872,0.13112130459817126,0.1754008373245597,37336.403300325714,1.3376989945461997,37336.40330032478,-2.4944089207632753e-12
Ablated PINN,4,60,True,optimal,2.5263475254178047e-07,0.11941729998216033,0.11941755261691288,0.1667244080454111,38224.219037981136,1.3961465830760817,38224.21903797961,-3.997337649881833e-12
Ablated PINN,4,61,True,optimal,2.5263475254178047e-07,0.12813126388937235,0.12813151652412488,0.1633260962553322,38559.43102619601,1.2746754326019454,38559.43102620562,2.4907691309545777e-11
Ablated PINN,4,62,True,optimal,2.5263475254178047e-07,0.12134716520085931,0.12134741783561186,0.1568778399378061,37686.15846246544,1.2927991607561602,37686.158462464184,-3.34006096298568e-12
Ablated PINN,4,63,True,optimal,2.5263475254178047e-07,0.1456784619949758,0.14567871462972834,0.1753939697518944,37413.68150609963,1.2039780155782767,37413.681506090084,-2.5514881202621937e-11
Ablated PINN,4,64,True,optimal,2.5263475254178047e-07,0.12104650028049946,0.121046752915252,0.1682122419588267,36439.882954135726,1.3896468753407742,36439.88295413407,-4.552479869712488e-12
Ablated PINN,4,65,True,optimal,2.5263475254178047e-07,0.1231273990124464,0.12312765164719895,0.1703032590448856,38366.51620609775,1.3831438898295585,38366.51620609494,-7.339200623697648e-12
Ablated PINN,4,66,True,optimal,2.5263475254178047e-07,0.1210036426782608,0.12100389531301335,0.1573258978314697,37814.308432089,1.3001721756518536,37814.30843208857,-1.1352356212140493e-12
Ablated PINN,4,67,True,optimal,2.5263475254178047e-07,0.1300225737504661,0.13002282638521864,0.1498328209854662,37614.95786348039,1.152357821707063,37614.957863476106,-1.1393177815878352e-11
Ablated PINN,4,68,True,optimal,2.5263475254178047e-07,0.1356959082186222,0.13569616085337474,0.1642994992434978,36768.491662672684,1.2107895920580254,36768.491662670865,-4.947141754505235e-12
Ablated PINN,4,69,True,optimal,2.5263475254178047e-07,0.11712118424475193,0.11712143687950448,0.1661655101925134,36594.212788340985,1.4187454886116697,36594.2127883456,1.2605701218587198e-11
Ablated PINN,4,70,True,optimal,2.5263475254178047e-07,0.146356503944844,0.14635675657959654,0.1636013891547918,37939.40345430642,1.1178260093910781,37939.403454305895,-1.3808043894315461e-12
Ablated PINN,4,71,True,optimal,2.5263475254178047e-07,0.13145791878923774,0.13145817142399027,0.1718249088153243,37461.55847289165,1.307069061999499,37461.558472891695,1.1653478249360932e-13
Ablated PINN,4,72,True,optimal,2.5263475254178047e-07,0.12091629393398762,0.12091654656874017,0.1588552822358906,38787.67504438643,1.3137596693235243,38787.67504438532,-2.8512808671576703e-12
Ablated PINN,4,73,True,optimal,2.5263475254178047e-07,0.13487072987481952,0.13487098250957205,0.1616515391506254,37538.58368513447,1.1985642585435505,37538.58368513443,-1.1629566541794841e-13
Ablated PINN,4,74,True,optimal,2.5263475254178047e-07,0.11562397936359048,0.11562423199834303,0.1628123982809484,38012.70549453402,1.4081165813346255,38012.705494533206,-2.1437759880199057e-12
Ablated PINN,4,75,True,optimal,2.5263475254178047e-07,0.1451922720298171,0.14519252466456964,0.1758916899561882,38298.60953290395,1.2114376436565255,38298.609532903945,-1.8997968080100514e-14
Ablated PINN,4,76,True,optimal,2.5263475254178047e-07,0.13885369896888733,0.13885395160363986,0.157206985168159,37765.73389393453,1.1321750901040835,37765.733893933095,-3.795407906065727e-12
Ablated PINN,4,77,True,optimal,2.5263475254178047e-07,0.12568914983421564,0.12568940246896818,0.1539055360481143,38288.2214258203,1.2244909517022526,38288.221425818854,-3.781621374154705e-12
Ablated PINN,4,78,True,optimal,2.5263475254178047e-07,0.13810981577262282,0.13811006840737536,0.1596518591977656,37333.24443724882,1.1559755276266293,37333.24443724722,-4.287628089251367e-12
Ablated PINN,4,79,True,optimal,2.5263475254178047e-07,0.13083536457270384,0.13083561720745637,0.1683754809200763,36868.85723945147,1.2869238859713232,36868.85723945078,-1.874796305343011e-12
Ablated PINN,4,80,True,optimal,2.5263475254178047e-07,0.12551358994096518,0.1255138425757177,0.1564240306615829,37887.28953562926,1.2462691560671346,37887.2895356289,-9.410066739129338e-13
Ablated PINN,4,81,True,optimal,2.5263475254178047e-07,0.13658114429563284,0.13658139693038537,0.1671471409499645,38047.12494683865,1.223791414544971,38047.1249468364,-5.928297771640893e-12
Ablated PINN,4,82,True,optimal,2.5263475254178047e-07,0.1332577047869563,0.13325795742170884,0.1646295888349414,37523.29088594467,1.2354203232603491,37523.29088594355,-2.986138598530971e-12
Ablated PINN,4,83,True,optimal,2.5263475254178047e-07,0.1324643800035119,0.13246463263826444,0.1670937710441649,37748.46372995909,1.2614217675782637,37748.46372995715,-5.14638343134787e-12
Ablated PINN,4,84,True,optimal,2.5263475254178047e-07,0.13364716991782188,0.13364742255257442,0.1756737977266311,37190.51122014362,1.3144570570189955,37190.51122014229,-3.5802149519105887e-12
Ablated PINN,4,85,True,optimal,2.5263475254178047e-07,0.1234446638263762,0.12344491646112875,0.1668096119537949,38475.23518885515,1.3512878191814497,38475.23518885519,1.1346453236950195e-13
Ablated PINN,4,86,True,optimal,2.5263475254178047e-07,0.15319539094343781,0.15319564357819035,0.157599345780909,36474.638078183685,1.0287456098610992,36474.63807818155,-5.844761437758735e-12
Ablated PINN,4,87,True,optimal,2.5263475254178047e-07,0.11823232099413872,0.11823257362889127,0.1772752371616661,37692.54814357951,1.499377301200413,37692.54814356752,-3.181206561705162e-11
Ablated PINN,4,88,True,optimal,2.5263475254178047e-07,0.14465387491509318,0.14465412754984572,0.1681899102404713,38016.96605048681,1.1627038446069609,38016.96605045695,-7.854527373108569e-11
Ablated PINN,4,89,True,optimal,2.5263475254178047e-07,0.1370399072766304,0.13704015991138294,0.1562495599500835,38555.68784773327,1.1401735086351499,38555.68784773252,-1.9437433906524175e-12
Ablated PINN,4,90,True,optimal,2.5263475254178047e-07,0.1208663322031498,0.12086658483790234,0.1743980650790035,38145.630979779344,1.4428972681977716,38145.63097977891,-1.1444494313973225e-12
Ablated PINN,4,91,True,optimal,2.5263475254178047e-07,0.1336103631183505,0.13361061575310304,0.1723951939493417,37522.18984335877,1.2902806635358082,37522.18984335714,-4.343601779056496e-12
Ablated PINN,4,92,True,optimal,2.5263475254178047e-07,0.12143710721284151,0.12143735984759406,0.1533668269403278,38441.50359721302,1.262929522947516,38441.50359721093,-5.432149213388303e-12
Ablated PINN,4,93,True,optimal,2.5263475254178047e-07,0.12316202884539962,0.12316228148015217,0.1692102262750268,37228.57908703115,1.3738802516604514,37228.57908703127,3.322481880169502e-13
Ablated PINN,4,94,True,optimal,2.5263475254178047e-07,0.1268568206578493,0.12685707329260185,0.1745448019355535,36075.97847745826,1.3759169859843576,36075.978477462464,1.1657351175175443e-11
Ablated PINN,4,95,True,optimal,2.5263475254178047e-07,0.13087508687749505,0.13087533951224758,0.1947493818588554,37387.78907527332,1.488052543624006,37387.789075272274,-2.802353180962343e-12
Ablated PINN,4,96,True,optimal,2.5263475254178047e-07,0.13542344328016043,0.13542369591491296,0.1967294388450682,36501.84934506344,1.452695833738534,36501.849345063405,-9.966560249319855e-14
Ablated PINN,4,97,True,optimal,2.5263475254178047e-07,0.12932959105819464,0.12932984369294717,0.1600716123357415,37267.59634093165,1.2377005010211017,37267.59634093125,-1.0542716722902095e-12
Ablated PINN,4,98,True,optimal,2.5263475254178047e-07,0.12653810810297728,0.1265383607377298,0.1627348968759179,37118.319200907456,1.2860518812410648,37118.31920090707,-1.038909524605559e-12
Ablated PINN,4,99,True,optimal,2.5263475254178047e-07,0.1417173147201538,0.14171756735490634,0.1670588622801005,37267.28662013373,1.1788154806646618,37267.28662013268,-2.811414491003943e-12
Ablated PINN,4,100,True,optimal,2.5263475254178047e-07,0.1352301207371056,0.13523037337185814,0.1672959411516785,36805.742381092845,1.237118089525983,36805.7423810939,2.866438185467925e-12
Ablated PINN,4,101,True,optimal,2.5263475254178047e-07,0.1388126709498465,0.13881292358459904,0.1578561551868915,36720.79052825218,1.1371863016103585,36720.79052825072,-3.98266883531736e-12
Ablated PINN,4,102,True,optimal,2.5263475254178047e-07,0.13325265888124704,0.13325291151599958,0.1699013072066009,38807.4214056756,1.275028855082097,38807.42140567571,2.8123322874729756e-13
Ablated PINN,4,103,True,optimal,2.5263475254178047e-07,0.1155914468690753,0.11559169950382785,0.1637306381016969,37074.08902982997,1.4164567075707277,37074.08902982953,-1.1971525830562653e-12
Ablated PINN,4,104,True,optimal,2.5263475254178047e-07,0.12002762593328953,0.12002787856804208,0.1857084440998733,38523.04834376025,1.5472109172920012,38523.04834376223,5.13734129604115e-12
Ablated PINN,4,105,True,optimal,2.5263475254178047e-07,0.11505560716614127,0.11505585980089382,0.1765054389834404,37290.9212997232,1.5340847418713497,37290.92129972869,1.4711548682319695e-11
Ablated PINN,4,106,True,optimal,2.5263475254178047e-07,0.12239117221906781,0.12239142485382036,0.1627001846209168,38125.56514261794,1.3293430059764373,38125.56514261515,-7.309247104424431e-12
Ablated PINN,4,107,True,optimal,2.5263475254178047e-07,0.11124636000022292,0.11124661263497547,0.1486449730582535,36918.559273525694,1.3361752734529568,36918.55927352565,-1.1824877932440364e-13
Ablated PINN,4,108,True,optimal,2.5263475254178047e-07,0.12226768722757697,0.12226793986232952,0.1685370439663529,38254.66403269718,1.378423846481107,38254.66403268224,-3.9066653223667215e-11
Ablated PINN,4,109,True,optimal,2.5263475254178047e-07,0.12898723501712084,0.12898748765187337,0.1633912259712815,37194.60318317333,1.2667215165261687,37194.603183184714,3.061431684085941e-11
Ablated PINN,4,110,True,optimal,2.5263475254178047e-07,0.13448520097881556,0.1344854536135681,0.1715034088119864,37328.73881476896,1.2752562020929497,37328.738814767006,-5.243232587973131e-12
Ablated PINN,4,111,True,optimal,2.5263475254178047e-07,0.12654917361214757,0.1265494262469001,0.1681589698418975,36987.63648211704,1.3288007289248112,36987.63648211777,1.9671323464264175e-12
Ablated PINN,4,112,True,optimal,2.5263475254178047e-07,0.1283532059751451,0.12835345860989764,0.1514539830386638,37816.37176732379,1.1799758625825205,37816.371767319026,-1.2602351877152093e-11
Ablated PINN,4,113,True,optimal,2.5263475254178047e-07,0.1257789139635861,0.12577916659833863,0.1617690618149936,37243.61461154032,1.2861355834196657,37243.61461153835,-5.274752669201989e-12
Ablated PINN,4,114,True,optimal,2.5263475254178047e-07,0.13061050325632095,0.1306107558910735,0.1670810040086507,37855.0080039518,1.2792285204136833,37855.008003950745,-2.7869862131490256e-12
Ablated PINN,4,115,True,optimal,2.5263475254178047e-07,0.14182231528684497,0.1418225679215975,0.1495927912183106,37754.193696234826,1.0547883415917885,37754.19369622795,-1.821196341981222e-11
Ablated PINN,4,116,True,optimal,2.5263475254178047e-07,0.11481622559949756,0.1148164782342501,0.186199280899018,36220.84474518762,1.6217121772288796,36220.84474518948,5.142467444739626e-12
Ablated PINN,4,117,True,optimal,2.5263475254178047e-07,0.1230089096352458,0.12300916226999835,0.1601749858818948,37509.507798005856,1.30213866126752,37509.50779800411,-4.6554325287543716e-12
Ablated PINN,4,118,True,optimal,2.5263475254178047e-07,0.16371798934414983,0.16371824197890236,0.1637512389570474,37102.10286882047,1.0002015473520007,37102.102868808666,-3.180844841040868e-11
Ablated PINN,4,119,True,optimal,2.5263475254178047e-07,0.129471137188375,0.12947138982312753,0.1608690395951271,36526.41564666311,1.242506470463415,36526.41564666305,-1.5935771381604206e-13
Ablated PINN,4,120,True,optimal,2.5263475254178047e-07,0.11945102410390973,0.11945127673866228,0.1661076066084206,37424.06804941405,1.3905887918790012,37424.06804941401,-9.720960325019164e-14
Ablated PINN,4,121,True,optimal,2.5263475254178047e-07,0.13273204769939184,0.13273230033414438,0.1644488447345793,37793.24658383422,1.2389512147426867,37793.24658383448,6.930721697316257e-13
Ablated PINN,4,122,True,optimal,2.5263475254178047e-07,0.12234805431216955,0.1223483069469221,0.1663602860644459,37859.33108234029,1.3597269158503136,37859.331082338824,-3.882116762360396e-12
Ablated PINN,4,123,True,optimal,2.5263475254178047e-07,0.12337767705321312,0.12337792968796567,0.1640323339961469,37214.071053609325,1.3295111565820565,37214.07105360825,-2.8936412932298794e-12
Ablated PINN,4,124,True,optimal,2.5263475254178047e-07,0.12038237461820245,0.120382627252955,0.1715477150864899,37913.0085905288,1.4250205283028408,37913.00859053009,3.396840677086724e-12
Ablated PINN,4,125,True,optimal,2.5263475254178047e-07,0.12630737805739045,0.12630763069214299,0.1711934232152998,38060.45539918696,1.3553688108722393,38060.455399186954,-1.9116843290158984e-14
Ablated PINN,4,126,True,optimal,2.5263475254178047e-07,0.11539619229733944,0.11539644493209199,0.1738632507622242,38667.85539992995,1.506660372982361,38667.8553999326,6.868041947787365e-12
Ablated PINN,4,127,True,optimal,2.5263475254178047e-07,0.12744089402258396,0.1274411466573365,0.1590948719531297,36284.69110908966,1.2483791626648157,36284.69110909022,1.5440361187249466e-12
Ablated PINN,4,128,True,optimal,2.5263475254178047e-07,0.14001616090536118,0.1400164135401137,0.1773588857613504,37414.30817167844,1.2667006765641682,37414.30817167842,-5.834097677923483e-14
Ablated PINN,4,129,True,optimal,2.5263475254178047e-07,0.11557200690731406,0.11557225954206661,0.1706784111447632,37763.21038505876,1.4768112332582608,37763.21038505842,-9.055639189032601e-13
Ablated PINN,4,130,True,optimal,2.5263475254178047e-07,0.13135806564241648,0.131358318277169,0.1864167973399162,36074.912873206165,1.4191472590762966,36074.91287320616,-2.0169023386851976e-14
Ablated PINN,4,131,True,optimal,2.5263475254178047e-07,0.12585238786414266,0.1258526404988952,0.1652475572191178,38410.38132021087,1.3130241571734718,38410.38132020955,-3.4475687047777363e-12
Ablated PINN,4,132,True,optimal,2.5263475254178047e-07,0.1259056651033461,0.12590591773809864,0.1704833069816231,37569.20204751008,1.3540531695758053,37569.20204750843,-4.396266857973102e-12
Ablated PINN,4,133,True,optimal,2.5263475254178047e-07,0.12047470267862082,0.12047495531337336,0.1787672601640224,37451.83319371508,1.4838541313339526,37451.83319371516,2.1370257990321477e-13
Ablated PINN,4,134,True,optimal,2.5263475254178047e-07,0.14674187917262316,0.1467421318073757,0.1718095559626817,38325.85089692487,1.1708263594549062,38325.850896925054,4.746116161746603e-13
Ablated PINN,4,135,True,optimal,2.5263475254178047e-07,0.12831755075603724,0.12831780339078977,0.1495797391980886,37479.0917670911,1.165697473347061,37479.09176709118,2.1354715384617112e-13
Ablated PINN,4,136,True,optimal,2.5263475254178047e-07,0.12732890993356705,0.12732916256831958,0.1641923622228205,36375.48393757107,1.2895110508146288,36375.483937573925,7.840927668907196e-12
Ablated PINN,4,137,True,optimal,2.5263475254178047e-07,0.13197358464822173,0.13197383728297427,0.1717461482621729,36341.14356950892,1.3013651174961298,36341.14356950652,-6.5869970505683094e-12
Ablated PINN,4,138,True,optimal,2.5263475254178047e-07,0.12330705486238003,0.12330730749713258,0.1761316540651023,37306.82701671253,1.4283959129445603,37306.827016711555,-2.613404564970945e-12
Ablated PINN,4,139,True,optimal,2.5263475254178047e-07,0.12920443806797266,0.1292046907027252,0.1690136389806866,36816.46134032205,1.308107608643668,36816.46134032198,-1.9762783682348816e-13
Ablated PINN,4,140,True,optimal,2.5263475254178047e-07,0.1342475307174027,0.13424778335215523,0.1539248223416507,36798.35369442655,1.146572542936364,36798.35369441744,-2.4755180649120635e-11
Ablated PINN,4,141,True,optimal,2.5263475254178047e-07,0.1292301658540964,0.12923041848884895,0.1662877900525927,37974.67003816838,1.2867542487060921,37974.67003816874,9.580014265917721e-13
Ablated PINN,4,142,True,optimal,2.5263475254178047e-07,0.1254554921761155,0.12545574481086805,0.1671390552073717,36542.8854043658,1.3322550948889882,36542.88540436371,-5.71438136907811e-12
Ablated PINN,4,143,True,optimal,2.5263475254178047e-07,0.13704524701461196,0.1370454996493645,0.167740907985717,36793.263327967645,1.2239796886062493,36793.263327964356,-8.93841030706033e-12
Ablated PINN,4,144,True,optimal,2.5263475254178047e-07,0.1353190541267395,0.13531930676149204,0.1648941347375512,36690.69079785206,1.2185558637851026,36690.69079785189,-4.759326655976315e-13
Ablated PINN,4,145,True,optimal,2.5263475254178047e-07,0.13484149612486362,0.13484174875961616,0.162685742136091,37475.75503118665,1.206493861379035,37475.75503118338,-8.736797760733111e-12
Ablated PINN,4,146,True,optimal,2.5263475254178047e-07,0.1320823892019689,0.13208264183672144,0.1855383249931037,36720.69366883008,1.4047139155685828,36720.69366883272,7.192600003061793e-12
Ablated PINN,4,147,True,optimal,2.5263475254178047e-07,0.1211243006400764,0.12112455327482895,0.1595391239970922,36749.20658451377,1.3171493283868005,36749.20658451375,-5.93968547112759e-14
Ablated PINN,4,148,True,optimal,2.5263475254178047e-07,0.12809486174955964,0.12809511438431218,0.1707322807051241,38037.44471917262,1.332855523223872,38037.444719176194,9.392048322224337e-12
Ablated PINN,4,149,True,optimal,2.5263475254178047e-07,0.11718545388430357,0.11718570651905612,0.175685788039118,37751.80857057275,1.499208335707298,37751.80857057618,9.077647312907005e-12
Ablated PINN,4,150,True,optimal,2.5263475254178047e-07,0.16476913075894117,0.1647693833936937,0.1770532489754259,36709.474531042135,1.0745518695811442,36709.47453104416,5.510065841537858e-12
Ablated PINN,4,151,True,optimal,2.5263475254178047e-07,0.12295444682240486,0.12295469945715741,0.1814922061748802,38595.67212062213,1.4760900313380843,38595.67212062347,3.4875727890348674e-12
Ablated PINN,4,152,True,optimal,2.5263475254178047e-07,0.12733545992523432,0.12733571255998685,0.1631717029958963,38871.27775832071,1.2814292213508243,38871.27775831882,-4.86670129922021e-12
Ablated PINN,4,153,True,optimal,2.5263475254178047e-07,0.12587429722771049,0.12587454986246302,0.1652596071362495,37324.90796936957,1.3128913455247355,37324.9079693671,-6.608320731111618e-12
Ablated PINN,4,154,True,optimal,2.5263475254178047e-07,0.11797517305240035,0.1179754256871529,0.1617744881659746,38338.45587072416,1.3712558121635263,38338.455870724174,3.795644581366387e-14
Ablated PINN,4,155,True,optimal,2.5263475254178047e-07,0.12145274272188544,0.12145299535663799,0.1514321439899504,36979.26468021715,1.2468374579423158,36979.26468021693,-5.902733067114654e-13
Ablated PINN,4,156,True,optimal,2.5263475254178047e-07,0.11823943071067333,0.11823968334542588,0.161924394313246,38617.83856606487,1.3694589644679565,38617.83856606495,2.0725016398599869e-13
Ablated PINN,4,157,True,optimal,2.5263475254178047e-07,0.11741603491827846,0.117416287553031,0.1768717681989073,37676.14049838544,1.5063648483948469,37676.14049838764,5.851488841305425e-12
Ablated PINN,4,158,True,optimal,2.5263475254178047e-07,0.12921196222305298,0.1292122148578055,0.1652848063968122,37010.94031413656,1.279173231251423,37010.94031413896,6.487449365785036e-12
Ablated PINN,4,159,True,optimal,2.5263475254178047e-07,0.12493533780798316,0.12493559044273571,0.1622777027077973,37387.229501181,1.2988909095697383,37387.22950116983,-2.9872753575973747e-11
Ablated PINN,4,160,True,optimal,2.5263475254178047e-07,0.1188246882520616,0.11882494088681415,0.172804741654545,37624.14857988171,1.4542800557262547,37624.148579884204,6.633116112558052e-12
Ablated PINN,4,161,True,optimal,2.5263475254178047e-07,0.1283923271112144,0.12839257974596693,0.1660154690034687,37667.62044016228,1.2930300904611551,37667.62044016232,9.658106258320468e-14
Ablated PINN,4,162,True,optimal,2.5263475254178047e-07,0.14569307304918766,0.1456933256839402,0.1549761299975216,38997.61260539466,1.063714684732498,38997.61260539434,-8.209275225729703e-13
Ablated PINN,4,163,True,optimal,2.5263475254178047e-07,0.1286096889525652,0.12860994158731773,0.1563915070146322,36891.7809473043,1.216014136111341,36891.780947303436,-2.3469697961304167e-12
Ablated PINN,4,164,True,optimal,2.5263475254178047e-07,0.1428373451344669,0.14283759776921942,0.1857619322836399,37682.00765341733,1.3005114562607858,37682.00765341733,0.0
Ablated PINN,4,165,True,optimal,2.5263475254178047e-07,0.14150014193728566,0.1415003945720382,0.1776875653304159,36943.49853428515,1.2557390095471057,36943.49853428322,-5.2191287892488625e-12
Ablated PINN,4,166,True,optimal,2.5263475254178047e-07,0.1587821040302515,0.15878235666500404,0.1815414750017225,38013.99230255048,1.1433353101360952,38013.9923025503,-4.785052275142947e-13
Ablated PINN,4,167,True,optimal,2.5263475254178047e-07,0.12823062017560005,0.1282308728103526,0.150634597055614,36492.36374661443,1.1747139651649683,36492.363746613664,-2.0935216879726993e-12
Ablated PINN,4,168,True,optimal,2.5263475254178047e-07,0.13813028810545802,0.13813054074021056,0.1624871878884732,35896.81238105991,1.1763306435907717,35896.81238105653,-9.425127375322107e-12
Ablated PINN,4,169,True,optimal,2.5263475254178047e-07,0.12631507217884064,0.12631532481359317,0.1908120033331215,36661.73709105121,1.5106005832206644,36661.73709105617,1.353510086155826e-11
Ablated PINN,4,170,True,optimal,2.5263475254178047e-07,0.13254363741725683,0.13254389005200937,0.1553251221776008,37501.11606822907,1.1718768938851292,37501.11606822844,-1.6879719293747697e-12
Ablated PINN,4,171,True,optimal,2.5263475254178047e-07,0.13188010780140758,0.1318803604361601,0.1504521407186985,38070.898397441735,1.1408229414987723,38070.89839744084,-2.350726734110113e-12
Ablated PINN,4,172,True,optimal,2.5263475254178047e-07,0.13297556480392814,0.13297581743868067,0.168362864293158,36422.388320820326,1.2661164077505702,36422.388320819555,-2.117520411649031e-12
Ablated PINN,4,173,True,optimal,2.5263475254178047e-07,0.13191749807447195,0.13191775070922448,0.1747743510641157,37904.42605564062,1.3248736438006476,37904.42605563671,-1.0327198176499404e-11
Ablated PINN,4,174,True,optimal,2.5263475254178047e-07,0.12945984303951263,0.12946009567426517,0.1656758869066834,36731.84934972731,1.2797448205471813,36731.84934972682,-1.3271565923862435e-12
Ablated PINN,4,175,True,optimal,2.5263475254178047e-07,0.12070720223709941,0.12070745487185196,0.1569489380344748,37032.12061012018,1.3002422940745317,37032.12061011939,-2.141598609206462e-12
Ablated PINN,4,176,True,optimal,2.5263475254178047e-07,0.12330455705523491,0.12330480968998746,0.1728973733261227,38902.62361384735,1.4021948840505143,38902.623613847405,1.4962399834840048e-13
Ablated PINN,4,177,True,optimal,2.5263475254178047e-07,0.12348552094772458,0.12348577358247713,0.1639495980925858,38307.73581538626,1.3276800503912507,38307.73581538516,-2.868009754051864e-12
Ablated PINN,4,178,True,optimal,2.5263475254178047e-07,0.12637986103072762,0.12638011366548016,0.1598042650148272,37139.02947648978,1.264473186325964,37139.02947648742,-6.347527924734135e-12
Ablated PINN,4,179,True,optimal,2.5263475254178047e-07,0.12926112301647663,0.12926137565122917,0.1634914721362292,38733.38589152958,1.2648130295112987,38733.38589152594,-9.39235939062917e-12
Ablated PINN,4,180,True,optimal,2.5263475254178047e-07,0.12646440835669637,0.1264646609914489,0.1709708841517567,36885.681009533975,1.351926165075611,36885.68100953399,3.9451393684735185e-14
Ablated PINN,4,181,True,optimal,2.5263475254178047e-07,0.12775849411264062,0.12775874674739315,0.1658735247328877,38031.3976563549,1.2983340002610995,38031.39765635454,-9.565724720305725e-13
Ablated PINN,4,182,True,optimal,2.5263475254178047e-07,0.14570640912279487,0.1457066617575474,0.1578817530535161,37802.02526979338,1.0835589200185491,37802.025269792895,-1.2895847687288582e-12
Ablated PINN,4,183,True,optimal,2.5263475254178047e-07,0.12977775745093822,0.12977801008569076,0.1625083871185779,37724.10494206256,1.2522027962308537,37724.10494206346,2.391623990932033e-12
Ablated PINN,4,184,True,optimal,2.5263475254178047e-07,0.13822911027818918,0.13822936291294172,0.1592451990582049,37456.86259188247,1.1520359763106134,37456.86259188251,1.1654939219218399e-13
Ablated PINN,4,185,True,optimal,2.5263475254178047e-07,0.13132794108241796,0.1313281937171705,0.1703727087005973,37067.62150571223,1.2973048960645372,37067.621505710325,-5.142765619915189e-12
Ablated PINN,4,186,True,optimal,2.5263475254178047e-07,0.11634846217930317,0.11634871481405572,0.1595674627460539,37351.80616304193,1.3714587479635578,37351.80616304154,-1.051894811862311e-12
Ablated PINN,4,187,True,optimal,2.5263475254178047e-07,0.12028579786419868,0.12028605049895123,0.1596722630783915,37804.61325279761,1.3274379066904658,37804.61325279625,-3.599042436313281e-12
Ablated PINN,4,188,True,optimal,2.5263475254178047e-07,0.11760312970727682,0.11760338234202937,0.1793889189139008,39431.60362680566,1.5253721053037297,39431.603626807846,5.53562899676534e-12
Ablated PINN,4,189,True,optimal,2.5263475254178047e-07,0.13322908617556095,0.13322933881031349,0.1632190379314124,38769.074143244274,1.2250983108442581,38769.074143241785,-6.41845996852196e-12
Ablated PINN,4,190,True,optimal,2.5263475254178047e-07,0.12252750294283032,0.12252775557758287,0.1698100757785141,38488.48953175455,1.3858906904647634,38488.48953175432,-6.049357781675869e-13
Ablated PINN,4,191,True,optimal,2.5263475254178047e-07,0.13792214589193463,0.13792239852668717,0.1626811670139432,37170.955207625775,1.1795123109207337,37170.95520762461,-3.131889432936922e-12
Ablated PINN,4,192,True,optimal,2.5263475254178047e-07,0.14399018604308367,0.1439904386778362,0.1730627827346325,37654.766007572165,1.2019046842536723,37654.76600757193,-6.183298114428561e-13
Ablated PINN,4,193,True,optimal,2.5263475254178047e-07,0.12196507724002004,0.12196532987477259,0.1798879741691053,36704.63102917692,1.4749107336798462,36704.63102918009,8.642826343254244e-12
Ablated PINN,4,194,True,optimal,2.5263475254178047e-07,0.11513900896534324,0.11513926160009579,0.1535031939856708,37954.35015798275,1.333195921638107,37954.35015798135,-3.680694982547072e-12
Ablated PINN,4,195,True,optimal,2.5263475254178047e-07,0.1256198394112289,0.12562009204598143,0.1645955871790647,37708.2936063213,1.310264819092927,37708.29360632987,2.2729954738846226e-11
Ablated PINN,4,196,True,optimal,2.5263475254178047e-07,0.1218934953212738,0.12189374795602635,0.1679300027899444,37142.77210495334,1.377675275441738,37142.772104951815,-4.113723915546822e-12
Ablated PINN,4,197,True,optimal,2.5263475254178047e-07,0.12321925396099687,0.12321950659574941,0.1785661419853568,36277.17441392123,1.449171051878864,36277.174413923014,4.913860145598521e-12
Ablated PINN,4,198,True,optimal,2.5263475254178047e-07,0.16508734691888094,0.16508759955363347,0.1703263069503009,38636.0996425531,1.031732894601605,38636.099642552836,-6.77952682941405e-13
Ablated PINN,4,199,True,optimal,2.5263475254178047e-07,0.12669581873342395,0.12669607136817648,0.1708356100134551,36356.95851743364,1.3483891660461194,36356.95851743291,-2.001255856067968e-12
Ablated PINN,4,200,True,optimal,2.5263475254178047e-07,0.12993741966784,0.12993767230259254,0.1640653940849006,37915.65990186803,1.2626468612030626,37915.659901866595,-3.780400113578179e-12
Ablated PINN,4,201,True,optimal,2.5263475254178047e-07,0.11303788796067238,0.11303814059542493,0.1620677299797535,37653.60798107942,1.4337437711383672,37653.60798107777,-4.386411998684355e-12
Ablated PINN,4,202,True,optimal,2.5263475254178047e-07,0.12350238300859928,0.12350263564335183,0.1618226491846144,37618.08398919161,1.3102768887614855,37618.083989190156,-3.868329719437038e-12
Ablated PINN,4,203,True,optimal,2.5263475254178047e-07,0.1242850311100483,0.12428528374480084,0.1567703308537602,36636.40241760074,1.2613748476904312,36636.402417600795,1.5887930329508412e-13
Ablated PINN,4,204,True,optimal,2.5263475254178047e-07,0.136168769095093,0.13616902172984555,0.1892231041565537,39250.50691723152,1.389619325693369,39250.50691723157,1.29760625529461e-13
Ablated PINN,4,205,True,optimal,2.5263475254178047e-07,0.13820156222209334,0.13820181485684588,0.157188419252634,37668.48343859015,1.137383177025968,37668.48343858479,-1.4216406701823491e-11
Ablated PINN,4,206,True,optimal,2.5263475254178047e-07,0.12797493394464254,0.12797518657939508,0.1910028969869017,38117.19770091682,1.4924994609670257,38117.19770091821,3.645881618090745e-12
Ablated PINN,4,207,True,optimal,2.5263475254178047e-07,0.12962040398269892,0.12962065661745145,0.1794584486633539,36823.91951985686,1.3844895817260698,36823.91951985672,-3.9517562003468705e-13
Ablated PINN,4,208,True,optimal,2.5263475254178047e-07,0.12927401717752218,0.12927426981227472,0.1585283237509429,37588.82950263362,1.2262944821204511,37588.82950263295,-1.780816560031419e-12
Ablated PINN,4,209,True,optimal,2.5263475254178047e-07,0.12640658905729651,0.12640684169204905,0.1773438658565282,37769.670641839104,1.402960974917571,37769.67064184145,6.203015043429522e-12
Ablated PINN,4,210,True,optimal,2.5263475254178047e-07,0.1282633002847433,0.12826355291949584,0.1568648456595838,36393.4042473068,1.2229884646813072,36393.404247319355,3.450708473640506e-11
Ablated PINN,4,211,True,optimal,2.5263475254178047e-07,0.14097682014107704,0.14097707277582958,0.1842784197069704,36866.41208974054,1.3071516955100575,36866.41208974058,1.1841604108051893e-13
Ablated PINN,4,212,True,optimal,2.5263475254178047e-07,0.12931547407060862,0.12931572670536115,0.1765705519355833,37000.58188317278,1.3654221062987157,37000.58188317273,-1.3765108738045773e-13
Ablated PINN,4,213,True,optimal,2.5263475254178047e-07,0.11808805586770177,0.11808830850245432,0.1600435953587293,37617.887961815424,1.355287389482787,37617.887961816385,2.55311091905826e-12
Ablated PINN,4,214,True,optimal,2.5263475254178047e-07,0.169038075953722,0.16903832858847453,0.1678324625827372,36208.91296504872,0.9928663160846022,36208.912965046184,-7.012939631192816e-12
Ablated PINN,4,215,True,optimal,2.5263475254178047e-07,0.1288760658353567,0.12887631847010925,0.1560721979476511,37734.78839340876,1.2110230940826376,37734.78839340806,-1.8510556457330404e-12
Ablated PINN,4,216,True,optimal,2.5263475254178047e-07,0.14475325495004654,0.14475350758479907,0.1625712476670742,36943.99694244033,1.123090213008049,36943.99694243855,-4.825167180076074e-12
Ablated PINN,4,217,True,optimal,2.5263475254178047e-07,0.1472531850449741,0.14725343767972662,0.165911469142884,36934.68781202453,1.126706933007148,36934.68781202113,-9.199677612321504e-12
Ablated PINN,4,218,True,optimal,2.5263475254178047e-07,0.12174754310399294,0.12174779573874549,0.1805611685849726,37194.76219849735,1.4830754634148182,37194.762198495904,-3.8927942528450866e-12
Ablated PINN,4,219,True,optimal,2.5263475254178047e-07,0.13852955820038915,0.13852981083514168,0.1616897610947489,36459.26179715375,1.1671838726984827,36459.26179715468,2.5544197241211935e-12
Ablated PINN,4,220,True,optimal,2.5263475254178047e-07,0.12612769659608603,0.12612794923083856,0.1711063073016703,36351.68314944333,1.356608970058751,36351.68314944189,-3.963061632348046e-12
Ablated PINN,4,221,True,optimal,2.5263475254178047e-07,0.127065597102046,0.12706584973679855,0.1655836827121675,38386.03849675534,1.3031328484809566,38386.038496752655,-6.994283507167912e-12
Ablated PINN,4,222,True,optimal,2.5263475254178047e-07,0.12244178634136915,0.1224420389761217,0.1587713342159986,38598.88256640612,1.2967060622615223,38598.88256640524,-2.280871395179786e-12
Ablated PINN,4,223,True,optimal,2.5263475254178047e-07,0.12705532740801573,0.12705558004276826,0.1660617548041045,37712.86717243253,1.3070008790499903,37712.86717243291,1.0032379511417935e-12
Ablated PINN,4,224,True,optimal,2.5263475254178047e-07,0.13732050405815244,0.13732075669290497,0.1644339892081916,37377.80931444781,1.1974445318264657,37377.80931444955,4.65236968587582e-12
Ablated PINN,4,225,True,optimal,2.5263475254178047e-07,0.12378256488591433,0.12378281752066687,0.1800620970316231,38142.76854110703,1.4546614840267293,38142.7685411059,-2.9567162356948813e-12
Ablated PINN,4,226,True,optimal,2.5263475254178047e-07,0.1475552748888731,0.14755552752362563,0.1751570329070091,36652.61986323667,1.187058430454014,36652.61986323665,-5.955337687728042e-14
Ablated PINN,4,227,True,optimal,2.5263475254178047e-07,0.12046189792454243,0.12046215055929498,0.1590660600923001,37479.91845667105,1.320465053577166,37479.91845667029,-2.0189467401052774e-12
Ablated PINN,4,228,True,optimal,2.5263475254178047e-07,0.13096523704007268,0.13096548967482521,0.1576206497848034,37077.091757483,1.2035281216155522,37077.091757451526,-8.489283044322096e-11
Ablated PINN,4,229,True,optimal,2.5263475254178047e-07,0.13480145810171962,0.13480171073647215,0.1605486427433788,38565.13544251396,1.1909985553316906,38565.13544251069,-8.47113573252732e-12
Ablated PINN,4,230,True,optimal,2.5263475254178047e-07,0.1425049901008606,0.14250524273561313,0.1766178421676159,37523.37283202936,1.239377855699605,37523.37283202815,-3.2188176936042432e-12
Ablated PINN,4,231,True,optimal,2.5263475254178047e-07,0.11783917201682925,0.1178394246515818,0.1781322686001658,36811.091560241504,1.511652565572626,36811.0915602426,2.9846156502686695e-12
Ablated PINN,4,232,True,optimal,2.5263475254178047e-07,0.13117407308891416,0.1311743257236667,0.1704593249596655,36454.50453871415,1.299486953862885,36454.50453871215,-5.4887273033035686e-12
Ablated PINN,4,233,True,optimal,2.5263475254178047e-07,0.13935440918430686,0.1393546618190594,0.1522852038033306,38572.52253202994,1.0927887292429475,38572.52253202862,-3.4330767055272857e-12
Ablated PINN,4,234,True,optimal,2.5263475254178047e-07,0.14337759977206588,0.1433778524068184,0.1642110357061028,37475.87660749561,1.1453026597174338,37475.87660749442,-3.1646520334488682e-12
Ablated PINN,4,235,True,optimal,2.5263475254178047e-07,0.12888011476024985,0.1288803673950024,0.1947568920440971,39128.37510686521,1.5111447614607687,39128.375106865155,-1.4876074141717853e-13
Ablated PINN,4,236,True,optimal,2.5263475254178047e-07,0.11833529686555266,0.11833554950030521,0.1505677769891917,38017.20189968063,1.272379919854966,38017.20189967991,-1.894720725909632e-12
Ablated PINN,4,237,True,optimal,2.5263475254178047e-07,0.13387460727244616,0.1338748599071987,0.1522573833353817,39840.399711882914,1.1373112430588213,39840.399711882295,-1.552334820127642e-12
Ablated PINN,4,238,True,optimal,2.5263475254178047e-07,0.1337470719590783,0.13374732459383085,0.1679574307054281,38744.131994619696,1.255781610701282,38744.1319946162,-9.03294365430158e-12
Ablated PINN,4,239,True,optimal,2.5263475254178047e-07,0.12110658129677176,0.12110683393152431,0.1684877211228013,38558.736612995686,1.3912321514248063,38558.736613003,1.896415195250412e-11
Ablated PINN,4,240,True,optimal,2.5263475254178047e-07,0.13371609896421432,0.13371635159896686,0.1538734342902898,39137.74317886117,1.150745084279421,39137.743178853685,-1.912977033647294e-11
Ablated PINN,4,241,True,optimal,2.5263475254178047e-07,0.12226110184565187,0.12226135448040441,0.1762340846471488,38256.22741549938,1.4414537234281575,38256.22741549944,1.5215211965695492e-13
Ablated PINN,4,242,True,optimal,2.5263475254178047e-07,0.1178665840998292,0.11786683673458175,0.1742930398322641,37978.036565924514,1.4787284079299219,37978.036565928174,9.636640044783134e-12
Ablated PINN,4,243,True,optimal,2.5263475254178047e-07,0.11744717275723815,0.1174474253919907,0.1684316070750355,36870.66957148542,1.4341021653976729,36870.6695714817,-1.0083934965268768e-11
Ablated PINN,4,244,True,optimal,2.5263475254178047e-07,0.12894881842657924,0.12894907106133177,0.1818129550665617,37175.48521726529,1.4099594015693715,37175.48521726771,6.517450603167445e-12
Ablated PINN,4,245,True,optimal,2.5263475254178047e-07,0.14937103306874633,0.14937128570349886,0.1544076870195567,36815.17567001734,1.0337173325672182,36815.17567001518,-5.869751731681631e-12
Ablated PINN,4,246,True,optimal,2.5263475254178047e-07,0.12241722689941525,0.1224174795341678,0.1696410691365599,36832.83422482399,1.3857585516552935,36832.83422482387,-3.358179788340991e-13
Ablated PINN,4,247,True,optimal,2.5263475254178047e-07,0.14266978995874524,0.14267004259349778,0.1855394919402897,37846.35131537288,1.3004796842245123,37846.351315372835,-1.1534994568252593e-13
Ablated PINN,4,248,True,optimal,2.5263475254178047e-07,0.14072441775351763,0.14072467038827016,0.1609608731232583,36997.63605376801,1.1437999654158357,36997.63605376826,6.883102372441558e-13
Ablated PINN,4,249,True,optimal,2.5263475254178047e-07,0.13408555509522557,0.1340858077299781,0.1657424569129943,37893.28124064964,1.2360924673457339,37893.28124064848,-3.0529878194188584e-12
Ablated PINN,4,250,True,optimal,2.5263475254178047e-07,0.13272449001669884,0.13272474265145137,0.1777891954407096,36655.58670678856,1.3395331713514942,36655.58670678783,-2.004801409702791e-12
Ablated PINN,4,251,True,optimal,2.5263475254178047e-07,0.12686900980770588,0.1268692624424584,0.1761088618077337,38169.276495110855,1.3881129157474839,38169.276495119426,2.245543760989537e-11
Ablated PINN,4,252,True,optimal,2.5263475254178047e-07,0.12966399220749736,0.1296642448422499,0.1670485702343285,38923.15842106638,1.288316377715079,38923.15842106597,-1.0468154253734603e-12
Ablated PINN,4,253,True,optimal,2.5263475254178047e-07,0.13116606371477246,0.131166316349525,0.1596453660167753,36951.33447946284,1.217121670104395,36951.33447946166,-3.209575805093194e-12
Ablated PINN,4,254,True,optimal,2.5263475254178047e-07,0.11802842421457171,0.11802867684932426,0.165907165966928,36702.85250401209,1.4056513247092108,36702.85250401213,1.1894374062704915e-13
Ablated PINN,4,255,True,optimal,2.5263475254178047e-07,0.12575181014835835,0.12575206278311088,0.178510885220021,38275.468676115175,1.4195463777632433,38275.46867611372,-3.801890801522073e-12
Ablated PINN,4,256,True,optimal,2.5263475254178047e-07,0.13736329227685928,0.13736354491161182,0.1201210739091038,39135.03731406025,0.8744756404357292,39135.03731405965,-1.5431299506139894e-12
Ablated PINN,4,257,True,optimal,2.5263475254178047e-07,0.12483297195285559,0.12483322458760814,0.3116203770041466,37813.73931795047,2.4962935791621,37813.73931794956,-2.4051964132020767e-12
Ablated PINN,4,258,True,optimal,2.5263475254178047e-07,0.15022101299837232,0.15022126563312485,0.2800673176534474,36778.84401491579,1.864365317873414,36778.84401491572,-1.9782997016525684e-13
Ablated PINN,4,259,True,optimal,2.5263475254178047e-07,0.12084725825116038,0.12084751088591293,0.1633085631765425,39521.610471035856,1.3513605864064115,39521.61047103578,-1.8410073697567934e-13
Ablated PINN,4,260,True,optimal,2.5263475254178047e-07,0.1227811393328011,0.12278139196755365,0.1727011767216026,38194.32051010979,1.406574513890841,38194.320510109756,-9.524920874371264e-14
Ablated PINN,4,261,True,optimal,2.5263475254178047e-07,0.16349844494834542,0.16349869758309796,0.1691072741523385,37153.86062032147,1.034303493863552,37153.86062031966,-4.876245471354189e-12
Ablated PINN,4,262,True,optimal,2.5263475254178047e-07,0.13151500187814236,0.1315152545128949,0.1604688568040728,37529.685998911234,1.220153946387558,37529.68599890706,-1.1128256363941993e-11
Ablated PINN,4,263,True,optimal,2.5263475254178047e-07,0.12818348594009876,0.1281837385748513,0.1603829199448228,37950.82336621173,1.2511955239249726,37950.82336620825,-9.164248443358197e-12
Ablated PINN,4,264,True,optimal,2.5263475254178047e-07,0.1341131990775466,0.13411345171229913,0.1822337480261922,36860.41871620349,1.3588029067891039,36860.418716203494,1.9739215851568676e-14
Ablated PINN,4,265,True,optimal,2.5263475254178047e-07,0.12654162012040615,0.12654187275515869,0.1596016641706228,37108.6975706572,1.2612557463838892,37108.69757065655,-1.7450362584925844e-12
Ablated PINN,4,266,True,optimal,2.5263475254178047e-07,0.12525313813239336,0.1252533907671459,0.170874651055783,39054.09120491704,1.3642317386317306,39054.091204914876,-5.533247208529092e-12
Ablated PINN,4,267,True,optimal,2.5263475254178047e-07,0.13011095998808742,0.13011121262283995,0.1589646516367793,37597.41037609647,1.2217598194060209,37597.41037609645,-5.805685185282844e-14
Ablated PINN,4,268,True,optimal,2.5263475254178047e-07,0.13835141295567155,0.13835166559042408,0.1757277538999915,37107.99753300205,1.270152788909788,37107.99753300219,3.7254285830578245e-13
Ablated PINN,4,269,True,optimal,2.5263475254178047e-07,0.11643535178154707,0.11643560441629962,0.1745945168659091,37915.33347375513,1.4994942289445266,37915.33347376489,2.5752998124078217e-11
Ablated PINN,4,270,True,optimal,2.5263475254178047e-07,0.12996263476088643,0.12996288739563897,0.1566145559772849,36810.19218946578,1.205071379343179,36810.192189465844,1.7789534537228177e-13
Ablated PINN,4,271,True,optimal,2.5263475254178047e-07,0.13546282425522804,0.13546307688998058,0.1770382681861519,37582.04308082628,1.3069116120102422,37582.04308082992,9.680098549372766e-12
Ablated PINN,4,272,True,optimal,2.5263475254178047e-07,0.13907444337382913,0.13907469600858166,0.1543954899534583,37994.7429380693,1.1101623399840563,37994.74293806889,-1.0723947443424303e-12
Ablated PINN,4,273,True,optimal,2.5263475254178047e-07,0.12735208682715893,0.12735233946191146,0.1699155429378152,36626.82554048875,1.3342161098550807,36626.82554048806,-1.8871850430590218e-12
Ablated PINN,4,274,True,optimal,2.5263475254178047e-07,0.11947777075693011,0.11947802339168266,0.165549426805228,36312.611787874994,1.3856056712832474,36312.61178787377,-3.366215810428071e-12
Ablated PINN,4,275,True,optimal,2.5263475254178047e-07,0.14419810799881816,0.1441983606335707,0.1742989677004516,36871.157228788,1.2087444471256577,36871.157228786426,-4.262428854379846e-12
Ablated PINN,4,276,True,optimal,2.5263475254178047e-07,0.12968168081715703,0.12968193345190956,0.1705447668209672,37671.6110251428,1.3151004328926894,37671.61102514043,-6.2964182249617644e-12
Ablated PINN,4,277,True,optimal,2.5263475254178047e-07,0.17284658970311284,0.17284684233786538,0.1631079888902604,39058.78132777718,0.9436561679931165,39058.781327778284,2.831490179058333e-12
Ablated PINN,4,278,True,optimal,2.5263475254178047e-07,0.1326206331141293,0.13262088574888184,0.1744931940920651,37029.41695937203,1.3157293672617194,37029.416959371,-2.770527077770282e-12
Ablated PINN,4,279,True,optimal,2.5263475254178047e-07,0.13479269901290536,0.1347929516476579,0.1640936927869916,38394.55795498355,1.2173759145502236,38394.55795497929,-1.1104988282221034e-11
Ablated PINN,4,280,True,optimal,2.5263475254178047e-07,0.13772095600143075,0.13772120863618328,0.1638928488828241,37133.72193380556,1.190033477819514,37133.72193380554,-5.878180722487384e-14
Ablated PINN,4,281,True,optimal,2.5263475254178047e-07,0.14134774124249816,0.1413479938772507,0.1605883887968957,38459.59117417182,1.1361207498732082,38459.59117417174,-2.0810292390670776e-13
Ablated PINN,4,282,True,optimal,2.5263475254178047e-07,0.13921356992796063,0.13921382256271317,0.1737940753810107,37427.36092411093,1.248396690657063,37427.360924110995,1.7496189127635205e-13
Ablated PINN,4,283,True,optimal,2.5263475254178047e-07,0.1368188769556582,0.13681912959041073,0.1796026630327105,38473.47079817487,1.312701400530605,38473.470798174865,-1.8911622640836934e-14
Ablated PINN,4,284,True,optimal,2.5263475254178047e-07,0.12041385611519217,0.12041410874994472,0.165735145099461,37010.78717097681,1.376376463024206,37010.7871709757,-2.9881708601516676e-12
Ablated PINN,4,285,True,optimal,2.5263475254178047e-07,0.12711139395833015,0.1271116465930827,0.1824777326546609,36398.86937035118,1.435570520448212,36398.86937035947,2.2768058090577346e-11
Ablated PINN,4,286,True,optimal,2.5263475254178047e-07,0.14337093895301223,0.14337119158776476,0.1683438550680875,37984.71041538654,1.174181878547307,37984.710415386646,2.8732446034007964e-13
Ablated PINN,4,287,True,optimal,2.5263475254178047e-07,0.12781530106440187,0.1278155536991544,0.1707796999253332,37076.547321022605,1.3361417682178616,37076.54732102222,-1.040080000472616e-12
Ablated PINN,4,288,True,optimal,2.5263475254178047e-07,0.12120411219075322,0.12120436482550577,0.1693494371138513,35967.41744938432,1.3972222647068737,35967.41744938358,-2.043159534783628e-12
Ablated PINN,4,289,True,optimal,2.5263475254178047e-07,0.11793760722503066,0.11793785985978321,0.1803531893528998,37204.85481359613,1.5292221646833546,37204.85481359926,8.409283653367559e-12
Ablated PINN,4,290,True,optimal,2.5263475254178047e-07,0.12102647824212909,0.12102673087688164,0.1693794578313827,36602.92751004228,1.3995210529456459,36602.927510042064,-5.963422689773008e-13
Ablated PINN,4,291,True,optimal,2.5263475254178047e-07,0.13178349006921053,0.13178374270396306,0.1816567960195243,37017.4520161416,1.3784461747121213,37017.45201614167,1.9655479288554807e-13
Ablated PINN,4,292,True,optimal,2.5263475254178047e-07,0.16197366314008832,0.16197391577484085,0.1627170639112591,37635.637006378034,1.0045880729181806,37635.637006380806,7.365731183277425e-12
Ablated PINN,4,293,True,optimal,2.5263475254178047e-07,0.11863146303221583,0.11863171566696838,0.1588991628959775,37831.828060584245,1.3394323937963675,37831.82806057823,-1.5905171003879762e-11
Ablated PINN,4,294,True,optimal,2.5263475254178047e-07,0.12120108539238572,0.12120133802713827,0.1702756700105965,37208.54216505664,1.4048992592183263,37208.54216505661,-7.821814229546932e-14
Ablated PINN,4,295,True,optimal,2.5263475254178047e-07,0.11695141717791557,0.11695166981266812,0.1555705987848341,38143.65235002016,1.3302127197843805,38143.652350014716,-1.4268209676062461e-11
Ablated PINN,4,296,True,optimal,2.5263475254178047e-07,0.1277269651181996,0.12772721775295212,0.1542933657765388,36785.25802458462,1.207991284010981,36785.25802457755,-1.920594070225197e-11
Ablated PINN,4,297,True,optimal,2.5263475254178047e-07,0.12413943698629737,0.12413968962104992,0.1687264549545943,37928.08708112386,1.359166077099519,37928.08708112359,-7.097917465465008e-13
Ablated PINN,4,298,True,optimal,2.5263475254178047e-07,0.12783832801505923,0.12783858064981177,0.1718161692842841,35970.96302945475,1.344008736728235,35970.9630294548,1.2136385019592925e-13
Ablated PINN,4,299,True,optimal,2.5263475254178047e-07,0.1293824790045619,0.12938273163931444,0.1814436060376465,37520.53220985247,1.4023788471514445,37520.532209851764,-1.881017797478005e-12
Ablated PINN,4,300,True,optimal,2.5263475254178047e-07,0.13041314762085676,0.1304134002556093,0.1672916179522872,37603.47588793357,1.2827793587499203,37603.47588794665,3.478979397885844e-11
Ablated PINN,4,301,True,optimal,2.5263475254178047e-07,0.12776748416945338,0.12776773680420592,0.1607561628334224,37545.15285488037,1.25819057967481,37545.15285487284,-2.0057492267476457e-11
Ablated PINN,4,302,True,optimal,2.5263475254178047e-07,0.12962277978658676,0.1296230324213393,0.160601366776973,36561.76105642507,1.2389878849226326,36561.76105642764,7.024861395059626e-12
Ablated PINN,4,303,True,optimal,2.5263475254178047e-07,0.13069979613646865,0.13070004877122118,0.158991337288171,38274.21456085486,1.2164596630447415,38274.21456085299,-4.885589758797066e-12
Ablated PINN,4,304,True,optimal,2.5263475254178047e-07,0.12007421441376209,0.12007446704851464,0.1671152547933161,38073.65136734617,1.3917634523066023,38073.65136734445,-4.510011347164827e-12
Ablated PINN,4,305,True,optimal,2.5263475254178047e-07,0.12732127495110035,0.12732152758585288,0.1730596339330077,36280.98133229344,1.3592330944687543,36280.98133229648,8.362712952347517e-12
Ablated PINN,4,306,True,optimal,2.5263475254178047e-07,0.1376915411092341,0.13769179374398663,0.171266274061054,36628.01906959449,1.2438379180352108,36628.01906959452,7.945783363669061e-14
Ablated PINN,4,307,True,optimal,2.5263475254178047e-07,0.11617381172254682,0.11617406435729936,0.1705894507467746,38399.23556223972,1.4683953057036714,38399.235562239664,-1.515854679427694e-13
Ablated PINN,4,308,True,optimal,2.5263475254178047e-07,0.1371297468431294,0.13712999947788193,0.1610176363028586,38096.50450661171,1.1741970168156353,38096.50450661105,-1.7379865986806772e-12
Ablated PINN,4,309,True,optimal,2.5263475254178047e-07,0.12121520098298788,0.12121545361774043,0.169254187028855,35963.9498253389,1.396308655186882,35963.94982534139,6.919088465354021e-12
Ablated PINN,4,310,True,optimal,2.5263475254178047e-07,0.11614158097654581,0.11614183361129836,0.1649342491291463,36943.73555938717,1.4201106009841866,36943.73555938693,-6.499250756114821e-13
Ablated PINN,4,311,True,optimal,2.5263475254178047e-07,0.12543000420555472,0.12543025684030726,0.1754257259890437,37900.27542761033,1.3985917784764539,37900.27542760875,-4.165887409693039e-12
Ablated PINN,4,312,True,optimal,2.5263475254178047e-07,0.13090952299535275,0.13090977563010528,0.1499246289022267,38447.22648198683,1.145251591644685,38447.22648198459,-5.828755804319042e-12
Ablated PINN,4,313,True,optimal,2.5263475254178047e-07,0.11933262320235372,0.11933287583710626,0.1615124959498644,36741.12301258186,1.3534618588287006,36741.12301257925,-7.109387436517268e-12
Ablated PINN,4,314,True,optimal,2.5263475254178047e-07,0.13745698193088174,0.13745723456563427,0.1641646581701934,38321.83728212257,1.1942962383097169,38321.837282121756,-2.126482733041362e-12
Ablated PINN,4,315,True,optimal,2.5263475254178047e-07,0.12532575614750385,0.1253260087822564,0.1702950592152774,37675.58600542924,1.3588165846017728,37675.58600541773,-3.055178742005353e-11
Ablated PINN,4,316,True,optimal,2.5263475254178047e-07,0.1276850658468902,0.12768531848164275,0.1727871787734329,35689.22135725565,1.3532266734195788,35689.2213572556,-1.4270892264487446e-13
Ablated PINN,4,317,True,optimal,2.5263475254178047e-07,0.12552302796393633,0.12552328059868886,0.1660117567516863,37769.76979186518,1.3225575045512343,37769.7697918614,-1.0017265077930837e-11
Ablated PINN,4,318,True,optimal,2.5263475254178047e-07,0.13765515014529228,0.13765540278004482,0.1665123449638486,37134.898483008044,1.2096317442034104,37134.89848300792,-3.330863540604968e-13
Ablated PINN,4,319,True,optimal,2.5263475254178047e-07,0.13642683997750282,0.13642709261225536,0.1586961117573082,35526.88101342742,1.1632301819136794,35526.88101342797,1.5564912058250871e-12
Ablated PINN,4,320,True,optimal,2.5263475254178047e-07,0.12300428282469511,0.12300453545944766,0.1697614761069417,37833.02452840294,1.3801237122911532,37833.02452840065,-6.0387735829537146e-12
Ablated PINN,4,321,True,optimal,2.5263475254178047e-07,0.12865099916234612,0.12865125179709866,0.1616911957971751,38424.799313408825,1.2568178975217836,38424.79931340765,-3.048627961147858e-12
Ablated PINN,4,322,True,optimal,2.5263475254178047e-07,0.12778811808675528,0.1277883707215078,0.1900710468180477,36861.60370559331,1.4873892338159158,36861.60370559332,1.973858129530969e-14
Ablated PINN,4,323,True,optimal,2.5263475254178047e-07,0.11250465176999569,0.11250490440474824,0.1701830299571156,36939.498044041306,1.5126720995634486,36939.49804404131,1.9696958538821043e-14
Ablated PINN,4,324,True,optimal,2.5263475254178047e-07,0.12542225094512105,0.12542250357987358,0.1611792789772153,36921.98671224211,1.2850905888238031,36921.986712239865,-6.089246822780601e-12
Ablated PINN,4,325,True,optimal,2.5263475254178047e-07,0.13190704304724932,0.13190729568200185,0.1566367377527058,37815.81817330616,1.187475923472201,37815.81817330362,-6.714939223878782e-12
Ablated PINN,4,326,True,optimal,2.5263475254178047e-07,0.11772339837625623,0.11772365101100878,0.1568925678730011,37089.19328596693,1.3327191819622506,37089.19328596629,-1.7263364697942875e-12
Ablated PINN,4,327,True,optimal,2.5263475254178047e-07,0.1305434238165617,0.13054367645131423,0.1752254292368888,37879.42163240183,1.3422743559871968,37879.42163239796,-1.0199557772092686e-11
Ablated PINN,4,328,True,optimal,2.5263475254178047e-07,0.13817643700167537,0.1381766896364279,0.1725397910922765,37382.447300700616,1.2486895694654805,37382.44730070049,-3.3088063616102533e-13
Ablated PINN,4,329,True,optimal,2.5263475254178047e-07,0.14740958670154214,0.14740983933629467,0.162507439032197,36457.330790976346,1.1024192127464387,36457.33079097391,-6.685749471694035e-12
Ablated PINN,4,330,True,optimal,2.5263475254178047e-07,0.12943060090765357,0.1294308535424061,0.1752945310436189,39096.86477081424,1.3543488762220535,39096.864770811124,-7.96511402416898e-12
Ablated PINN,4,331,True,optimal,2.5263475254178047e-07,0.12579674366861582,0.12579699630336835,0.150166839826852,36987.29373643666,1.1937235724191224,36987.293736437176,1.3966769082597705e-12
Ablated PINN,4,332,True,optimal,2.5263475254178047e-07,0.11898192996159196,0.11898218259634451,0.1798579851165413,39023.62008196415,1.5116379712643386,39023.62008196415,0.0
Ablated PINN,4,333,True,optimal,2.5263475254178047e-07,0.12685095379129052,0.12685120642604306,0.1754010962322354,37328.50961803042,1.3827310056723658,37328.50961802893,-3.976304889966661e-12
Ablated PINN,4,334,True,optimal,2.5263475254178047e-07,0.1182806403376162,0.11828089297236875,0.165837612003088,37587.54568240003,1.402065945188872,37587.54568239873,-3.445610592050644e-12
Ablated PINN,4,335,True,optimal,2.5263475254178047e-07,0.11785735795274377,0.11785761058749632,0.1635479968972504,37877.06846403945,1.3876744665193597,37877.06846404146,5.321003818028503e-12
Ablated PINN,4,336,True,optimal,2.5263475254178047e-07,0.1195170902647078,0.11951734289946035,0.1695018531754613,36345.61323652908,1.4182197249653434,36345.613236529694,1.6815796602852257e-12
Ablated PINN,4,337,True,optimal,2.5263475254178047e-07,0.12218310683965683,0.12218335947440938,0.1656776047311723,36616.723040527,1.3559751953446046,36616.723040528224,3.338258526930221e-12
Ablated PINN,4,338,True,optimal,2.5263475254178047e-07,0.1616287180222571,0.16162897065700962,0.161522117909044,36846.47106304809,0.9993389010179841,36846.47106304684,-3.3964303053558774e-12
Ablated PINN,4,339,True,optimal,2.5263475254178047e-07,0.1443392699584365,0.14433952259318902,0.1775708617642521,36999.831256661535,1.2302303525329186,36999.83125666145,-2.359780799121384e-13
Ablated PINN,4,340,True,optimal,2.5263475254178047e-07,0.14317403780296445,0.14317429043771698,0.1659762826748192,36690.70148056091,1.159260382345121,36690.70148056099,2.1813574155408638e-13
Ablated PINN,4,341,True,optimal,2.5263475254178047e-07,0.11614335142076015,0.1161436040555127,0.1763310357928276,39514.31566927947,1.5182156368124013,39514.31566928401,1.1490006784503795e-11
Ablated PINN,4,342,True,optimal,2.5263475254178047e-07,0.12862510001286864,0.12862535264762118,0.1598337460309267,38717.86221794477,1.2426301871358383,38717.86221794291,-4.810816100191779e-12
Ablated PINN,4,343,True,optimal,2.5263475254178047e-07,0.1343668680638075,0.13436712069856002,0.1640166942961514,35849.75636935258,1.2206609283837182,35849.756369346585,-1.6723653606785767e-11
Ablated PINN,4,344,True,optimal,2.5263475254178047e-07,0.12343164114281535,0.1234318937775679,0.1572670452296733,37308.41490008909,1.2741200059125601,37308.414900087584,-4.036953138237917e-12
Ablated PINN,4,345,True,optimal,2.5263475254178047e-07,0.13913000095635653,0.13913025359110906,0.1761533319950103,36770.4984598853,1.2661037225786178,36770.49845988534,1.1872492218925645e-13
Ablated PINN,4,346,True,optimal,2.5263475254178047e-07,0.13823721604421735,0.13823746867896988,0.1626538787968456,37745.29713856809,1.1766265712994077,37745.29713855676,-3.0013450321226857e-11
Ablated PINN,4,347,True,optimal,2.5263475254178047e-07,0.12993712862953544,0.12993738126428797,0.15967952972278,36262.02709466293,1.2288960125954635,36262.027094656456,-1.7857805521237206e-11
Ablated PINN,4,348,True,optimal,2.5263475254178047e-07,0.13481708569452167,0.1348173383292742,0.1806515110656619,37614.96698897088,1.339972390082673,37614.96698897093,1.354027595297843e-13
Ablated PINN,4,349,True,optimal,2.5263475254178047e-07,0.1254548686556518,0.12545512129040434,0.1564428242854774,37348.3145004898,1.2470022959313276,37348.314500488945,-2.2987998520318357e-12
Ablated PINN,4,350,True,optimal,2.5263475254178047e-07,0.1261883438564837,0.12618859649123623,0.1632170481607318,37376.6109390296,1.2934373841939606,37376.610939028935,-1.7714611524591107e-12
Ablated PINN,4,351,True,optimal,2.5263475254178047e-07,0.13517731986939907,0.1351775725041516,0.1674898597411811,37839.46141167138,1.2390358595619633,37839.4614116703,-2.845816739259933e-12
Ablated PINN,4,352,True,optimal,2.5263475254178047e-07,0.13392699835821986,0.1339272509929724,0.1566757610999047,37852.31796544582,1.1698572167969459,37852.31796544467,-3.037069761726127e-12
Ablated PINN,4,353,True,optimal,2.5263475254178047e-07,0.1272599557414651,0.12726020837621763,0.1770983976311981,37573.933889825945,1.3916242939634715,37573.93388982612,4.647450098050171e-13
Ablated PINN,4,354,True,optimal,2.5263475254178047e-07,0.1324659059755504,0.13246615861030295,0.1708676097914576,38051.499909117774,1.2898963145306146,38051.49990911617,-4.2066953443188625e-12
Ablated PINN,4,355,True,optimal,2.5263475254178047e-07,0.11909290170297027,0.11909315433772281,0.1537947528995573,36973.949662977975,1.2913819753520688,36973.9496629778,-4.722865269523863e-13
Ablated PINN,4,356,True,optimal,2.5263475254178047e-07,0.14593297522515059,0.14593322785990312,0.1785147627815604,37937.88590271783,1.2232633060987026,37937.88590272049,7.000191143984375e-12
Ablated PINN,4,357,True,optimal,2.5263475254178047e-07,0.12813612166792154,0.12813637430267408,0.1495846440084278,38654.80305131844,1.1673862696870931,38654.80305131648,-5.082184879383364e-12
Ablated PINN,4,358,True,optimal,2.5263475254178047e-07,0.1310096848756075,0.13100993751036002,0.1617406769655645,37521.06428814495,1.2345680033071869,37521.064288143265,-4.498865366737205e-12
Ablated PINN,4,359,True,optimal,2.5263475254178047e-07,0.12658435991033912,0.12658461254509165,0.1793468687683344,36846.28373881762,1.4168141384834425,36846.283738817685,1.7772109391499837e-13
Ablated PINN,4,360,True,optimal,2.5263475254178047e-07,0.1314916769042611,0.13149192953901365,0.1728639090433716,36687.36611674075,1.3146351236110112,36687.36611674076,3.966464962914493e-14
Ablated PINN,4,361,True,optimal,2.5263475254178047e-07,0.12666512466967106,0.1266653773044236,0.1583820222876966,39483.239673706245,1.2503971144936175,39483.239673705575,-1.6953727861157563e-12
Ablated PINN,4,362,True,optimal,2.5263475254178047e-07,0.1367368632927537,0.13673711592750623,0.1584834479726851,37799.96224738413,1.1590375217267863,37799.96224738275,-3.657231024855109e-12
Ablated PINN,4,363,True,optimal,2.5263475254178047e-07,0.12281264876946807,0.12281290140422062,0.1537092416547238,37418.69015089786,1.2515724317009043,37418.69015089241,-1.456409145014559e-11
Ablated PINN,4,364,True,optimal,2.5263475254178047e-07,0.12140084523707628,0.12140109787182883,0.1683027609251439,37834.301886206886,1.3863363995507871,37834.30188620688,-1.9231113702235366e-14
Ablated PINN,4,365,True,optimal,2.5263475254178047e-07,0.12698188703507185,0.12698213966982438,0.1649024193175137,37742.89408496819,1.2986268757660615,37742.89408496465,-9.368956690317686e-12
Ablated PINN,4,366,True,optimal,2.5263475254178047e-07,0.12029452156275511,0.12029477419750766,0.1769362860359251,37775.65819093329,1.4708559637463534,37775.65819092932,-1.049722781714951e-11
Ablated PINN,4,367,True,optimal,2.5263475254178047e-07,0.13779782922938466,0.1377980818641372,0.1730401460081339,38010.13137847156,1.2557514855594565,38010.13137846979,-4.651543249461056e-12
Ablated PINN,4,368,True,optimal,2.5263475254178047e-07,0.13363870698958635,0.1336389596243389,0.1611949922516942,36719.7749265405,1.2061975991493479,36719.774926540114,-1.0501855044677768e-12
Ablated PINN,4,369,True,optimal,2.5263475254178047e-07,0.12878342205658555,0.12878367469133808,0.1786027369089424,37727.4088171513,1.3868429933918878,37727.40881715335,5.4385395433437395e-12
Ablated PINN,4,370,True,optimal,2.5263475254178047e-07,0.12661698926240206,0.1266172418971546,0.1625282913446426,37933.71160771181,1.2836189519643535,37933.71160771199,4.795179080699451e-13
Ablated PINN,4,371,True,optimal,2.5263475254178047e-07,0.13506719004362822,0.13506744267838075,0.1710067898966372,37229.94614925975,1.266084457553804,37229.946149259806,1.563463473197228e-13
Ablated PINN,4,372,True,optimal,2.5263475254178047e-07,0.17179332580417395,0.17179357843892648,0.1722252019681036,39329.03921573299,1.0025124543833317,39329.039215727404,-1.4208166685794606e-11
Ablated PINN,4,373,True,optimal,2.5263475254178047e-07,0.13688276428729296,0.1368830169220455,0.1558023900724947,37135.72573364024,1.138215635334979,37135.7257336388,-3.87938993825367e-12
Ablated PINN,4,374,True,optimal,2.5263475254178047e-07,0.12333183130249381,0.12333208393724636,0.1593901240266859,38931.05602781042,1.2923654489434115,38931.056027808205,-5.6815595064559666e-12
Ablated PINN,4,375,True,optimal,2.5263475254178047e-07,0.13655563490465283,0.13655588753940537,0.164059461094439,38754.05535110205,1.2014089179940852,38754.05535109996,-5.388338888284271e-12
Ablated PINN,4,376,True,optimal,2.5263475254178047e-07,0.12857932737097144,0.12857958000572398,0.1682739951647818,39424.44560524321,1.3087147675959958,39424.44560524245,-1.9193664749325986e-12
Ablated PINN,4,377,True,optimal,2.5263475254178047e-07,0.13187537295743823,0.13187562559219076,0.1648961347527802,37474.86973459562,1.2503912987127834,37474.86973459583,5.63051378979253e-13
Ablated PINN,4,378,True,optimal,2.5263475254178047e-07,0.13356321025639772,0.13356346289115026,0.1694960938766598,37177.17172798672,1.2690303935500191,37177.17172799064,1.0529217297839524e-11
Ablated PINN,4,379,True,optimal,2.5263475254178047e-07,0.12646720092743635,0.1264674535621889,0.1676636543124914,37326.97407788077,1.3257454751395366,37326.97407787919,-4.229870867602467e-12
Ablated PINN,4,380,True,optimal,2.5263475254178047e-07,0.1221847990527749,0.12218505168752745,0.1655743359588086,38622.82871866539,1.3551112322826826,38622.828718663666,-4.464722061458213e-12
Ablated PINN,4,381,True,optimal,2.5263475254178047e-07,0.12024680292233825,0.1202470555570908,0.1761570987291634,37176.53495707838,1.4649597689776919,37176.534957077674,-1.8984229955551967e-12
Ablated PINN,4,382,True,optimal,2.5263475254178047e-07,0.12613325705751777,0.1261335096922703,0.1673887502402067,38668.827789592455,1.3270759740895768,38668.82778958839,-1.0518188781050198e-11
Ablated PINN,4,383,True,optimal,2.5263475254178047e-07,0.13139693578705192,0.13139718842180445,0.1510437428951263,38061.93852998524,1.1495203566323922,38061.938529984945,-7.646439351428639e-13
Ablated PINN,4,384,True,optimal,2.5263475254178047e-07,0.12173935025930405,0.1217396028940566,0.1556600257754326,39213.49143298026,1.278630963753801,39213.49143297949,-1.9668014219585325e-12
Ablated PINN,4,385,True,optimal,2.5263475254178047e-07,0.12164651323109865,0.1216467658658512,0.1652870648540556,38986.91675117543,1.3587460684020958,38986.91675117516,-6.905148038326736e-13
Ablated PINN,4,386,True,optimal,2.5263475254178047e-07,0.11526177916675806,0.11526203180151061,0.18776794988662,37427.66139293921,1.6290529236025417,37427.66139294091,4.5295325997166336e-12
Ablated PINN,4,387,True,optimal,2.5263475254178047e-07,0.11191902309656143,0.11191927573131398,0.1741155311465263,37046.28601284228,1.5557242486497829,37046.28601284487,6.972264243005948e-12
Ablated PINN,4,388,True,optimal,2.5263475254178047e-07,0.15993106691166759,0.15993131954642012,0.1632291111163795,38131.66536932286,1.0206200485265313,38131.66536932118,-4.4077440431661325e-12
Ablated PINN,4,389,True,optimal,2.5263475254178047e-07,0.12721096584573388,0.12721121848048642,0.1615799637511372,36417.217038359726,1.2701707104230182,36417.21703836014,1.138828328292093e-12
Ablated PINN,4,390,True,optimal,2.5263475254178047e-07,0.13133557187393308,0.1313358245086856,0.1764963190071284,35466.10140427182,1.3438551108761356,35466.10140422555,-1.3047695854338488e-10
Ablated PINN,4,391,True,optimal,2.5263475254178047e-07,0.13568544993177056,0.1356857025665231,0.1601402792148292,37452.036578716325,1.180229576040384,37452.03657871584,-1.3016359180513177e-12
Ablated PINN,4,392,True,optimal,2.5263475254178047e-07,0.12518434831872582,0.12518460095347836,0.1621726909652352,38633.16542454447,1.295468370151234,38633.165424543746,-1.883344927661779e-12
Ablated PINN,4,393,True,optimal,2.5263475254178047e-07,0.12619357369840145,0.12619382633315399,0.1680706939660012,37932.919633845,1.3318456128138274,37932.919633846475,3.893766706956535e-12
Ablated PINN,4,394,True,optimal,2.5263475254178047e-07,0.12477893615141511,0.12477918878616766,0.1694754213094711,36880.31267606111,1.3582026214315173,36880.31267606368,6.964184551162706e-12
Ablated PINN,4,395,True,optimal,2.5263475254178047e-07,0.1197610767558217,0.11976132939057425,0.1693475623615086,37076.22244734752,1.4140421054380599,37076.22244734566,-5.023826663776565e-12
Ablated PINN,4,396,True,optimal,2.5263475254178047e-07,0.11544498708099127,0.11544523971574382,0.1742645050399005,37267.03147711159,1.5094992696882523,37267.031477109806,-4.783342125250224e-12
Ablated PINN,4,397,True,optimal,2.5263475254178047e-07,0.12855836190283298,0.12855861453758552,0.1719848490320146,37843.152837153495,1.3377932676906141,37843.152837157635,1.0939944407607068e-11
Ablated PINN,4,398,True,optimal,2.5263475254178047e-07,0.12484234431758523,0.12484259695233778,0.1627589608542621,38921.96971919475,1.303713354476277,38921.96971919483,2.0563073845809858e-13
Ablated PINN,4,399,True,optimal,2.5263475254178047e-07,0.11693824268877506,0.11693849532352761,0.1748795001767575,37498.49569973195,1.4954827295573416,37498.49569973199,9.701665998078206e-14
Ablated PINN,4,400,True,optimal,2.5263475254178047e-07,0.13227127911522985,0.13227153174998238,0.171755454968661,38604.6872796718,1.298506584873535,38604.68727967182,5.6542027356466256e-14
Ablated PINN,4,401,True,optimal,2.5263475254178047e-07,0.14943324401974678,0.14943349665449931,0.1775785838253796,36977.27977555316,1.1883452358473128,36977.2797755512,-5.293068095045027e-12
Ablated PINN,4,402,True,optimal,2.5263475254178047e-07,0.13363996800035238,0.13364022063510492,0.1669551036320626,37666.0892252334,1.2492878479146003,37666.08922523331,-2.511209709581906e-13
Ablated PINN,4,403,True,optimal,2.5263475254178047e-07,0.1209933920763433,0.12099364471109585,0.1660744161345064,37468.71010259408,1.3725879283251015,37468.710102596015,5.165389254322894e-12
Ablated PINN,4,404,True,optimal,2.5263475254178047e-07,0.1670994758605957,0.16709972849534824,0.1637088330462575,38353.37521509551,0.9797073551248461,38353.37521509323,-5.956843897155575e-12
Ablated PINN,4,405,True,optimal,2.5263475254178047e-07,0.1436605015769601,0.14366075421171262,0.1731520928442478,38555.13622723438,1.205284587251114,38555.13622723258,-4.680148133007711e-12
Ablated PINN,4,406,True,optimal,2.5263475254178047e-07,0.13019425282254815,0.13019450545730069,0.1608420866541564,37419.01364240212,1.2353984224542183,37419.01364240209,-7.777818714001083e-14
Ablated PINN,4,407,True,optimal,2.5263475254178047e-07,0.1337912818416953,0.13379153447644784,0.1607318921014666,38457.96384517048,1.2013607044006303,38457.963845168204,-5.9217246716648605e-12
Ablated PINN,4,408,True,optimal,2.5263475254178047e-07,0.12191667268052697,0.12191692531527952,0.1717885145917534,38390.84687547281,1.409062065398262,38390.84687547547,6.936550515358584e-12
Ablated PINN,4,409,True,optimal,2.5263475254178047e-07,0.1250389888882637,0.12503924152301624,0.1610046979039907,37585.75404324474,1.287633353680846,37585.75404324393,-2.168127987670388e-12
Ablated PINN,4,410,True,optimal,2.5263475254178047e-07,0.13403353281319141,0.13403378544794395,0.1536791138350963,37696.82806400474,1.146569973544336,37696.82806400469,-1.35108723770626e-13
Ablated PINN,4,411,True,optimal,2.5263475254178047e-07,0.11865675123408437,0.11865700386883692,0.1715860590338707,38660.62569214412,1.4460676861817732,38660.62569214414,3.7640144120388136e-14
Ablated PINN,4,412,True,optimal,2.5263475254178047e-07,0.13170795887708664,0.13170821151183917,0.1600955836474895,36898.40452385658,1.2155322876971766,36898.404523855424,-3.1353042918351343e-12
Ablated PINN,4,413,True,optimal,2.5263475254178047e-07,0.13682996621355414,0.13683021884830668,0.1618091836571693,37817.5025814616,1.1825544460800352,37817.50258146029,-3.4631381798200152e-12
Ablated PINN,4,414,True,optimal,2.5263475254178047e-07,0.11332226730883121,0.11332251994358376,0.1643888838589191,38360.34072199414,1.4506285594492436,38360.34072199561,3.850381325816476e-12
Ablated PINN,4,415,True,optimal,2.5263475254178047e-07,0.14164928905665874,0.14164954169141128,0.1609513540752232,36841.417527703736,1.1362645593719014,36841.41752770383,2.567421541618407e-13
Ablated PINN,4,416,True,optimal,2.5263475254178047e-07,0.14156768703833222,0.14156793967308476,0.1718902769498527,38175.53510914572,1.21418929559044,38175.53510914573,1.9059215786710277e-14
Ablated PINN,4,417,True,optimal,2.5263475254178047e-07,0.13138228235766292,0.13138253499241545,0.1709209932014346,36658.56838350655,1.3009415080269358,36658.56838350516,-3.7909497440557246e-12
Ablated PINN,4,418,True,optimal,2.5263475254178047e-07,0.13388580875471234,0.13388606138946488,0.1671983739361167,38078.027718501886,1.2488109083271088,38078.027718510406,2.2375492841161264e-11
Ablated PINN,4,419,True,optimal,2.5263475254178047e-07,0.13028083834797144,0.13028109098272397,0.1731838411651551,37952.21734720609,1.3293091104688421,37952.21734721154,1.435935140012201e-11
Ablated PINN,4,420,True,optimal,2.5263475254178047e-07,0.1370316450484097,0.13703189768316223,0.1617971747182309,37272.0523532003,1.1807263670268189,37272.05235319964,-1.7764305990352599e-12
Ablated PINN,4,421,True,optimal,2.5263475254178047e-07,0.15002197911962867,0.1500222317543812,0.1616209037601947,37104.89296270704,1.07731302134475,37104.89296270469,-6.333758493100338e-12
Ablated PINN,4,422,True,optimal,2.5263475254178047e-07,0.13086616015061736,0.1308664127853699,0.1601801970973611,37562.68797175633,1.2239977675560485,37562.687971756255,-1.937017292174158e-13
Ablated PINN,4,423,True,optimal,2.5263475254178047e-07,0.12878023879602551,0.12878049143077805,0.1571588511578738,37255.813900233305,1.220362256827927,37255.813900232904,-1.0741348178614947e-12
Ablated PINN,4,424,True,optimal,2.5263475254178047e-07,0.13748572999611497,0.1374859826308675,0.1819395651109516,37876.34581112449,1.3233317435671705,37876.34581112268,-4.783231875023073e-12
Ablated PINN,4,425,True,optimal,2.5263475254178047e-07,0.12895908067002892,0.12895933330478146,0.1735469489358365,38701.26744916155,1.3457494272684942,38701.26744916216,1.5792259010490078e-12
Ablated PINN,4,426,True,optimal,2.5263475254178047e-07,0.14907084591686726,0.1490710985516198,0.1618646807037294,37374.06626619191,1.0858220156449674,37374.066266188165,-1.002598471521965e-11
Ablated PINN,4,427,True,optimal,2.5263475254178047e-07,0.147459854837507,0.14746010747225954,0.1609282358549535,37112.976013070205,1.0913340469742137,37112.976013068466,-4.685568382275313e-12
Ablated PINN,4,428,True,optimal,2.5263475254178047e-07,0.11615859065204859,0.11615884328680114,0.1635541059076786,37268.62912272493,1.4080211310632333,37268.62912272442,-1.3666105917544428e-12
Ablated PINN,4,429,True,optimal,2.5263475254178047e-07,0.13285843143239617,0.1328586840671487,0.1489670872688293,36774.54950030895,1.1212446391049542,36774.54950030713,-4.966112123670467e-12
Ablated PINN,4,430,True,optimal,2.5263475254178047e-07,0.14028763910755515,0.14028789174230769,0.1537691517733037,37690.08294150284,1.0960971033463065,37690.08294150243,-1.100367926099126e-12
Ablated PINN,4,431,True,optimal,2.5263475254178047e-07,0.1216256357729435,0.12162588840769605,0.1891188360750675,35941.81036871992,1.5549225461040967,35941.810368718536,-3.846305827427042e-12
Ablated PINN,4,432,True,optimal,2.5263475254178047e-07,0.13030772376805544,0.13030797640280797,0.1816600421443581,38194.32138829948,1.3940822899652023,38194.321388299526,1.1429904786441404e-13
Ablated PINN,4,433,True,optimal,2.5263475254178047e-07,0.11958160810172558,0.11958186073647813,0.1714735240675509,37327.66740204386,1.4339425980787015,37327.66740204628,6.4908794311385675e-12
Ablated PINN,4,434,True,optimal,2.5263475254178047e-07,0.13259524200111628,0.1325954946358688,0.160996027290821,37978.76094738759,1.2141892734209798,37978.76094738545,-5.632441620550208e-12
Ablated PINN,4,435,True,optimal,2.5263475254178047e-07,0.1567076090723276,0.15670786170708015,0.1718754917383194,38324.456068937936,1.096789209335207,38324.45606893844,1.3099757357954047e-12
Ablated PINN,4,436,True,optimal,2.5263475254178047e-07,0.11869902396574616,0.11869927660049871,0.1691069938242435,35780.05730350514,1.4246674341023995,35780.057303507674,7.0766606891034386e-12
Ablated PINN,4,437,True,optimal,2.5263475254178047e-07,0.12662600399926305,0.12662625663401558,0.151087419129908,38517.317363185226,1.1931760690564506,38517.31736318206,-8.217191068438558e-12
Ablated PINN,4,438,True,optimal,2.5263475254178047e-07,0.12838148325681686,0.1283817358915694,0.1569451782852411,38402.26506807678,1.2224883640597932,38402.26506807706,7.389208590954729e-13
Ablated PINN,4,439,True,optimal,2.5263475254178047e-07,0.125194838270545,0.12519509090529754,0.167893951293081,36392.9780964767,1.3410585836794715,36392.97809647786,3.1988402135796988e-12
Ablated PINN,4,440,True,optimal,2.5263475254178047e-07,0.12218790501356125,0.1221881576483138,0.1618778030388057,37550.54585925145,1.3248239940299944,37550.54585925035,-2.9258418875181667e-12
Ablated PINN,4,441,True,optimal,2.5263475254178047e-07,0.12157057272270322,0.12157082535745577,0.1609025471843779,38249.09423451185,1.3235292818920554,38249.09423451172,-3.424061135992365e-13
Ablated PINN,4,442,True,optimal,2.5263475254178047e-07,0.12325446913018823,0.12325472176494078,0.1669071861542761,37564.22886190177,1.3541646418429714,37564.228861904645,7.650904449997408e-12
Ablated PINN,4,443,True,optimal,2.5263475254178047e-07,0.12232204480096698,0.12232229743571953,0.1764045138843357,38501.87476288123,1.4421288479889485,38501.87476287994,-3.3448877636266368e-12
Ablated PINN,4,444,True,optimal,2.5263475254178047e-07,0.11727645574137568,0.11727670837612823,0.1687971269711852,36693.61615534541,1.439306485562516,36693.61615534309,-6.32543401854492e-12
Ablated PINN,4,445,True,optimal,2.5263475254178047e-07,0.12450167303904891,0.12450192567380146,0.1566491508856415,37384.00388267394,1.2582066505225522,37384.00388258716,-2.321322957720564e-10
Ablated PINN,4,446,True,optimal,2.5263475254178047e-07,0.13425939995795488,0.13425965259270742,0.169557929970324,37633.90151751269,1.262910537126877,37633.901517514576,5.007381499355256e-12
Ablated PINN,4,447,True,optimal,2.5263475254178047e-07,0.14343330124393106,0.1434335538786836,0.1685262960381806,38124.7000969486,1.174943320310675,38124.70009694779,-2.1374784607256926e-12
Ablated PINN,4,448,True,optimal,2.5263475254178047e-07,0.12251534499228,0.12251559762703255,0.1662984830327332,38243.87790215338,1.3573658069153485,38243.87790215345,1.9025156478113698e-13
Ablated PINN,4,449,True,optimal,2.5263475254178047e-07,0.13822798430919647,0.138228236943949,0.1546964379958808,37080.38754728253,1.1191377493920405,37080.38754728158,-2.5704975338853526e-12
Ablated PINN,4,450,True,optimal,2.5263475254178047e-07,0.124981340020895,0.12498159265564755,0.1561462609097361,36958.727729449776,1.2493540656019182,36958.72772944594,-1.0374896264676562e-11
Ablated PINN,4,451,True,optimal,2.5263475254178047e-07,0.1584388567134738,0.15843910934822633,0.1594108808785677,37748.22660110671,1.0061334069242056,37748.22660110501,-4.510341902178274e-12
Ablated PINN,4,452,True,optimal,2.5263475254178047e-07,0.1402699309401214,0.14027018357487395,0.1829593260772526,36482.54645682538,1.3043351153781864,36482.546456822965,-6.6212974765004885e-12
Ablated PINN,4,453,True,optimal,2.5263475254178047e-07,0.12853895407170057,0.1285392067064531,0.1481087496504187,38666.48950305212,1.1522457112144535,38666.48950304946,-6.887101779904098e-12
Ablated PINN,4,454,True,optimal,2.5263475254178047e-07,0.13805725518614054,0.13805750782089307,0.1723275943659246,37207.15618916848,1.2482305170211483,37207.15618916848,0.0
Ablated PINN,4,455,True,optimal,2.5263475254178047e-07,0.11910251621156931,0.11910276884632186,0.1708534280769527,36398.805412142094,1.434504249833223,36398.805412143454,3.7380459563060925e-12
Ablated PINN,4,456,True,optimal,2.5263475254178047e-07,0.1367036821320653,0.13670393476681783,0.1749409511685371,36858.30449183067,1.2797067726466098,36858.30449182937,-3.533522311715392e-12
Ablated PINN,4,457,True,optimal,2.5263475254178047e-07,0.11743128392845392,0.11743153656320647,0.1634921408258378,37007.17872638533,1.3922336844995604,37007.17872638697,4.42371053274607e-12
Ablated PINN,4,458,True,optimal,2.5263475254178047e-07,0.1217401921749115,0.12174044480966405,0.1568043287843465,38691.19939925147,1.2880216515514078,38691.19939924912,-6.0740797542366e-12
Ablated PINN,4,459,True,optimal,2.5263475254178047e-07,0.114095538854599,0.11409579148935155,0.1692603467963636,37608.10710171843,1.483493339998965,37608.10710172039,5.204283727765468e-12
Ablated PINN,4,460,True,optimal,2.5263475254178047e-07,0.13590088300406933,0.13590113563882186,0.1677271695807576,38370.422163674295,1.234185194938461,38370.42216367305,-3.242572486479581e-12
Ablated PINN,4,461,True,optimal,2.5263475254178047e-07,0.11894595390185714,0.11894620653660969,0.1789247682318091,37763.94546533152,1.504249470761718,37763.945465328055,-9.171064574094302e-12
Ablated PINN,4,462,True,optimal,2.5263475254178047e-07,0.13350534485653043,0.13350559749128296,0.1674471567384898,36922.44588513418,1.2542332298046381,36922.44588513243,-4.729453278465212e-12
Ablated PINN,4,463,True,optimal,2.5263475254178047e-07,0.13042508903890848,0.13042534167366102,0.1599371540360152,37739.65302251959,1.2262736059085517,37739.65302251953,-1.5423475377140955e-13
Ablated PINN,4,464,True,optimal,2.5263475254178047e-07,0.1316327559761703,0.13163300861092284,0.1710753277875483,38200.83324954433,1.2996385146312956,38200.83324954333,-2.6284299721899123e-12
Ablated PINN,4,465,True,optimal,2.5263475254178047e-07,0.13582862494513392,0.13582887757988646,0.1681939489208161,36710.42924356974,1.2382782801241543,36710.42924356969,-1.3873905685318365e-13
Ablated PINN,4,466,True,optimal,2.5263475254178047e-07,0.12212371686473489,0.12212396949948744,0.1739074210636317,37556.3774048284,1.4240236521656922,37556.377404826286,-5.637667453664388e-12
Ablated PINN,4,467,True,optimal,2.5263475254178047e-07,0.1639349819160998,0.16393523455085232,0.157432812731713,38592.81516958965,0.9603354224797703,38592.81516958885,-2.073845439994853e-12
Ablated PINN,4,468,True,optimal,2.5263475254178047e-07,0.12992078298702836,0.1299210356217809,0.1681976476684212,36629.483642808365,1.2946144314772023,36629.48364280576,-7.111191769117601e-12
Ablated PINN,4,469,True,optimal,2.5263475254178047e-07,0.13646227633580565,0.1364625289705582,0.1602817373350262,38091.71101796326,1.174547610572328,38091.71101796182,-3.782029132083205e-12
Ablated PINN,4,470,True,optimal,2.5263475254178047e-07,0.12609943887218833,0.12609969150694086,0.1550038200803101,38259.008655203404,1.2292164891757746,38259.00865520279,-1.5974811190207993e-12
Ablated PINN,4,471,True,optimal,2.5263475254178047e-07,0.1263517360202968,0.12635198865504935,0.1651594182476401,38173.33483881843,1.307137465786455,38173.33483882459,1.612502593129405e-11
Ablated PINN,4,472,True,optimal,2.5263475254178047e-07,0.12099315319210291,0.12099340582685546,0.1747247958555817,36802.878424429,1.4440852760655172,36802.87842442886,-3.7563147391678495e-13
Ablated PINN,4,473,True,optimal,2.5263475254178047e-07,0.12028962792828679,0.12028988056303934,0.1697152792476117,36834.69907760811,1.4108857574155658,36834.69907760783,-7.506139489735831e-13
Ablated PINN,4,474,True,optimal,2.5263475254178047e-07,0.12953332113102078,0.12953357376577332,0.1804246907122433,37916.82860834288,1.3928797412668694,37916.8286083429,3.837851361114357e-14
Ablated PINN,4,475,True,optimal,2.5263475254178047e-07,0.13171426625922322,0.13171451889397576,0.1652134880423545,38452.62701430416,1.2543301181196578,38452.62701430281,-3.5194685547353805e-12
Ablated PINN,4,476,True,optimal,2.5263475254178047e-07,0.1419422379694879,0.14194249060424044,0.159290880896151,38140.91746684177,1.1222212617100034,38140.917466841755,-3.815302880697016e-14
Ablated PINN,4,477,True,optimal,2.5263475254178047e-07,0.12171993404626846,0.12172018668102101,0.1729931975714862,36500.63111090841,1.421236709280038,36500.63111090759,-2.2525177931978637e-12
Ablated PINN,4,478,True,optimal,2.5263475254178047e-07,0.12952083069831133,0.12952108333306386,0.1656261207535863,38235.8816351454,1.2787579943851937,38235.88163514459,-2.11223400804758e-12
Ablated PINN,4,479,True,optimal,2.5263475254178047e-07,0.1393375238403678,0.13933777647512033,0.1663273028098046,38087.47693235246,1.1936985576880037,38087.476932352394,-1.719295259277923e-13
Ablated PINN,4,480,True,optimal,2.5263475254178047e-07,0.13431182503700256,0.1343120776717551,0.1786074908450245,37407.79141104826,1.3297947134845374,37407.791411048165,-2.528549412207438e-13
Ablated PINN,4,481,True,optimal,2.5263475254178047e-07,0.14656363101676106,0.1465638836515136,0.1703198752366006,38708.18664632728,1.1620862588601424,38708.186646324226,-7.894718049901182e-12
Ablated PINN,4,482,True,optimal,2.5263475254178047e-07,0.1258131987415254,0.12581345137627795,0.1643709153868258,37737.632514762365,1.306465354767446,37737.63251476328,2.429327433374326e-12
Ablated PINN,4,483,True,optimal,2.5263475254178047e-07,0.14886348880827427,0.1488637414430268,0.1649042228236794,37525.80746112476,1.1077527759625174,37525.807461122335,-6.456606931198222e-12
Ablated PINN,4,484,True,optimal,2.5263475254178047e-07,0.11911023082211614,0.11911048345686868,0.180173791013658,37002.30188211227,1.5126610671419283,37002.30188211301,2.0056797520628845e-12
Ablated PINN,4,485,True,optimal,2.5263475254178047e-07,0.12025090400129557,0.12025115663604811,0.1616177652031183,36824.61424910403,1.3440017520352863,36824.614249102866,-3.1613453175485003e-12
Ablated PINN,4,486,True,optimal,2.5263475254178047e-07,0.13089451286941767,0.1308947655041702,0.1572845829650759,37553.28486898609,1.2016109457032866,37553.28486898611,5.812506926811384e-14
Ablated PINN,4,487,True,optimal,2.5263475254178047e-07,0.1308791278861463,0.13087938052089884,0.1664084489457309,37719.161807789606,1.2714642160088676,37719.16180778964,9.644908934165161e-14
Ablated PINN,4,488,True,optimal,2.5263475254178047e-07,0.1405788278207183,0.14057908045547082,0.1689285202883184,35906.810683409625,1.201661867050179,35906.810683412215,7.21378719343095e-12
Ablated PINN,4,489,True,optimal,2.5263475254178047e-07,0.13904112810268998,0.13904138073744252,0.167945226188749,36518.85773134938,1.2078794478162351,36518.857731346856,-6.913571368236655e-12
Ablated PINN,4,490,True,optimal,2.5263475254178047e-07,0.12348250299692154,0.12348275563167409,0.1624270137399435,37071.05915200899,1.3153821593067847,37071.05915200816,-2.2374844069486475e-12
Ablated PINN,4,491,True,optimal,2.5263475254178047e-07,0.13025311985984445,0.13025337249459698,0.1605132520198822,37108.33273370477,1.232315516640772,37108.33273370027,-1.2117337197101386e-11
Ablated PINN,4,492,True,optimal,2.5263475254178047e-07,0.1255228570662439,0.12552310970099642,0.1519833439961075,37053.44863084352,1.210799703402353,37053.44863084203,-4.025458806190604e-12
Ablated PINN,4,493,True,optimal,2.5263475254178047e-07,0.12307301489636302,0.12307326753111557,0.17297432012856,38317.002092070165,1.40545809499068,38317.002092066905,-8.50700428838812e-12
Ablated PINN,4,494,True,optimal,2.5263475254178047e-07,0.13910767808556557,0.1391079307203181,0.1643035942688584,36055.33755714969,1.1811231280493788,36055.33755714963,-1.6143978910530258e-13
Ablated PINN,4,495,True,optimal,2.5263475254178047e-07,0.1267498261295259,0.12675007876427843,0.162225276697427,37652.181725531,1.2798830444841225,37652.181725531416,1.1014755719380732e-12
Ablated PINN,4,496,True,optimal,2.5263475254178047e-07,0.12619195505976677,0.1261922076945193,0.1588904280215501,37722.04300345368,1.2591144170025557,37722.043003453684,1.9288344519190727e-14
Ablated PINN,4,497,True,optimal,2.5263475254178047e-07,0.1338290460407734,0.13382929867552593,0.1765229487791657,37204.799260693006,1.3190157202209667,37204.79926069045,-6.8643324875469634e-12
Ablated PINN,4,498,True,optimal,2.5263475254178047e-07,0.1334667862392962,0.13346703887404873,0.1832795981317758,37230.59901779537,1.3732199326362113,37230.59901779538,1.954295070757708e-14
Ablated PINN,4,499,True,optimal,2.5263475254178047e-07,0.1308004562743008,0.13080070890905335,0.1641666949726641,37721.64044467261,1.2550902540353228,37721.64044467053,-5.5165254032591965e-12
Ablated PINN,4,500,True,optimal,2.5263475254178047e-07,0.12927024997770786,0.1292705026124604,0.1640047440305352,38079.57571521508,1.2686942551945084,38079.57571521441,-1.7769737330573527e-12
Ablated PINN,4,501,True,optimal,2.5263475254178047e-07,0.13285484816879034,0.13285510080354287,0.1794212227687239,36316.530545026646,1.3505030795470914,36316.5305450525,7.118377503363667e-11
Ablated PINN,4,502,True,optimal,2.5263475254178047e-07,0.1289465050213039,0.12894675765605643,0.1570291663520038,38609.62011822203,1.2177829765278196,38609.62011822238,9.045568550309973e-13
Ablated PINN,4,503,True,optimal,2.5263475254178047e-07,0.11636999202892184,0.11637024466367439,0.1569332550279796,36516.20739470637,1.3485685750815233,36516.2073947052,-3.2079705409202755e-12
Ablated PINN,4,504,True,optimal,2.5263475254178047e-07,0.1185722816735506,0.11857253430830315,0.1627647872082889,37936.529275429886,1.372702271717331,37936.529275430075,4.986615844462366e-13
Ablated PINN,4,505,True,optimal,2.5263475254178047e-07,0.1220117318443954,0.12201198447914795,0.1631903205998242,35896.31007549137,1.3374941920374526,35896.31007548659,-1.33169792172659e-11
Ablated PINN,4,506,True,optimal,2.5263475254178047e-07,0.1289777630008757,0.12897801563562825,0.1606509038247168,36373.42153754244,1.245568115100845,36373.421537541355,-2.9805215970523144e-12
Ablated PINN,4,507,True,optimal,2.5263475254178047e-07,0.1313831051811576,0.13138335781591012,0.1607295661233365,37452.18108173199,1.2233632082119965,37452.18108173034,-4.4100031846349725e-12
Ablated PINN,4,508,True,optimal,2.5263475254178047e-07,0.12867903569713235,0.12867928833188488,0.1758668818511068,38696.94636532026,1.366706982381791,38696.94636532028,3.7604815354133736e-14
Ablated PINN,4,509,True,optimal,2.5263475254178047e-07,0.12580305011942983,0.12580330275418236,0.1697102920152247,37914.53257223582,1.3490130091960773,37914.53257223504,-2.053374819363405e-12
Ablated PINN,4,510,True,optimal,2.5263475254178047e-07,0.13864645501598716,0.1386467076507397,0.1721428367309272,35624.992067426465,1.2415933969710011,35624.992067424035,-6.8215309031865805e-12
Ablated PINN,4,511,True,optimal,2.5263475254178047e-07,0.12552055343985558,0.1255208060746081,0.1633629011921584,38033.07018102202,1.3014806572789008,38033.07018102293,2.3913260156072113e-12
Ablated PINN,4,512,True,optimal,2.5263475254178047e-07,0.12381011620163918,0.12381036883639172,0.1642370293848216,36957.4052685325,1.326520798931238,36957.40526853253,7.874965854681972e-14
Ablated PINN,4,513,True,optimal,2.5263475254178047e-07,0.1283812541514635,0.12838150678621604,0.1634258991107344,39633.46116612954,1.2729707198629092,39633.46116610002,-7.447888519503944e-11
Ablated PINN,4,514,True,optimal,2.5263475254178047e-07,0.13096178183332086,0.1309620344680734,0.1668271729722619,38761.83152187966,1.273859051211761,38761.83152187666,-7.752395531056258e-12
Ablated PINN,4,515,True,optimal,2.5263475254178047e-07,0.13669477216899395,0.13669502480374648,0.1597311091609299,37981.683887864725,1.1685217467881979,37981.6838878646,-3.2566033619335664e-13
Ablated PINN,4,516,True,optimal,2.5263475254178047e-07,0.1337444200180471,0.13374467265279963,0.1497011678293347,38857.10835058162,1.1193056505357641,38857.10835058149,-3.370483358506046e-13
Ablated PINN,4,517,True,optimal,2.5263475254178047e-07,0.14625491993501782,0.14625517256977036,0.1632240992039442,37630.81896824646,1.1160227452884026,37630.81896824424,-5.897206420616348e-12
Ablated PINN,4,518,True,optimal,2.5263475254178047e-07,0.13390526408329606,0.1339055167180486,0.1537405638955533,38151.6266859253,1.1481271844779133,38151.626685924006,-3.394666408293513e-12
Ablated PINN,4,519,True,optimal,2.5263475254178047e-07,0.1237559812143445,0.12375623384909705,0.1594648258760571,37204.14432204828,1.288539743949396,37204.14432204489,-9.113490741406754e-12
Ablated PINN,4,520,True,optimal,2.5263475254178047e-07,0.14262464363127947,0.142624896266032,0.1644031559117138,37249.83784793721,1.1526960594948288,37249.83784793735,3.711242857856913e-13
Ablated PINN,4,521,True,optimal,2.5263475254178047e-07,0.12732211872935295,0.12732237136410549,0.1607491271570325,37748.4401843529,1.2625363903829285,37748.44018435234,-1.4841639377839841e-12
Ablated PINN,4,522,True,optimal,2.5263475254178047e-07,0.11841136310249567,0.11841161573724822,0.1847922513261437,37425.95054747561,1.5605922626390987,37425.95054747555,-1.555275418846871e-13
Ablated PINN,4,523,True,optimal,2.5263475254178047e-07,0.1330907577648759,0.13309101039962842,0.171496971976012,38375.5942804094,1.2885691637704388,38375.59428040861,-2.066624360657413e-12
Ablated PINN,4,524,True,optimal,2.5263475254178047e-07,0.13144608493894339,0.13144633757369592,0.1807770980522036,37022.61104101281,1.3752920118512255,37022.61104101478,5.325892631558078e-12
Ablated PINN,4,525,True,optimal,2.5263475254178047e-07,0.12970802607014775,0.1297082787049003,0.1563175711780786,38966.67967789752,1.2051472175782796,38966.67967789597,-3.9771902164405544e-12
Ablated PINN,4,526,True,optimal,2.5263475254178047e-07,0.11733155185356736,0.11733180448831991,0.1727888570167124,37347.141093703816,1.472651492664234,37347.14109370408,7.013508034079794e-13
Ablated PINN,4,527,True,optimal,2.5263475254178047e-07,0.11535105900838971,0.11535131164314226,0.161790772806853,38356.37521541835,1.4025915310558292,38356.375215416374,-5.159665009905202e-12
Ablated PINN,4,528,True,optimal,2.5263475254178047e-07,0.11413935106247663,0.11413960369722918,0.1686766077764332,37414.84558072604,1.4778096498728945,37414.84558072614,2.722539810535583e-13
Ablated PINN,4,529,True,optimal,2.5263475254178047e-07,0.11931754415854812,0.11931779679330067,0.1702138897962868,35692.177578481154,1.426559108287556,35692.177578479525,-4.566307286781247e-12
Ablated PINN,4,530,True,optimal,2.5263475254178047e-07,0.1318542449735105,0.13185449760826304,0.1525644427165389,37037.8463089636,1.157066656685498,37037.84630897331,2.6225616181640977e-11
Ablated PINN,4,531,True,optimal,2.5263475254178047e-07,0.14204680221155286,0.1420470548463054,0.1691260430961847,38034.75219346754,1.190633929574807,38034.752193467604,1.721678590005317e-13
Ablated PINN,4,532,True,optimal,2.5263475254178047e-07,0.13253602292388678,0.1325362755586393,0.1574206496588885,38521.110639704326,1.187755193778924,38521.11063970145,-7.46085252962611e-12
Ablated PINN,4,533,True,optimal,2.5263475254178047e-07,0.1221200991421938,0.12212035177694634,0.1743386453017592,37877.11261677823,1.427596979250354,37877.11261677658,-4.341319354097381e-12
Ablated PINN,4,534,True,optimal,2.5263475254178047e-07,0.11390414135530591,0.11390439399005846,0.1755884899757802,38005.62439794651,1.541542725657322,38005.624397955195,2.2858441425328633e-11
Ablated PINN,4,535,True,optimal,2.5263475254178047e-07,0.12258594296872616,0.1225861956034787,0.1611110898666083,36909.8820842901,1.3142678021246657,36909.88208428346,-1.7978039943291006e-11
Ablated PINN,4,536,True,optimal,2.5263475254178047e-07,0.15295624313876033,0.15295649577351286,0.1906736488454044,37857.63728472696,1.246587455349006,37857.63728472428,-7.072687558078843e-12
Ablated PINN,4,537,True,optimal,2.5263475254178047e-07,0.11166192684322596,0.1116621794779785,0.1686389078386128,37075.59607166222,1.5102598626231452,37075.596071663946,4.651043104548963e-12
Ablated PINN,4,538,True,optimal,2.5263475254178047e-07,0.12673158524557948,0.12673183788033202,0.153452246915549,38089.40794411606,1.2108421173568717,38089.40794411602,-9.551156091555099e-14
Ablated PINN,4,539,True,optimal,2.5263475254178047e-07,0.12164512882009149,0.12164538145484403,0.1732032489962875,37771.52794192654,1.4238374439278014,37771.5279419256,-2.5041997011561743e-12
Ablated PINN,4,540,True,optimal,2.5263475254178047e-07,0.11245551193132997,0.11245576456608251,0.1874021664261818,37001.506488177045,1.6664522903675465,37001.50648818056,9.497687692184916e-12
Ablated PINN,4,541,True,optimal,2.5263475254178047e-07,0.12527020229026675,0.1252704549250193,0.1572774942032992,38823.19473635722,1.2555034967936993,38823.194736356505,-1.836643921326297e-12
Ablated PINN,4,542,True,optimal,2.5263475254178047e-07,0.13031475711613894,0.13031500975089147,0.1814208501018583,39058.739085027584,1.3921715575869587,39058.739085027635,1.303977150629721e-13
Ablated PINN,4,543,True,optimal,2.5263475254178047e-07,0.12852756073698401,0.12852781337173655,0.1840207930654287,38355.62264035055,1.4317585294413415,38355.622640353045,6.5066169960684185e-12
Ablated PINN,4,544,True,optimal,2.5263475254178047e-07,0.1313480669632554,0.13134831959800794,0.1694456427358091,36861.37798766048,1.2900480436628208,36861.37798766413,9.889089783692195e-12
Ablated PINN,4,545,True,optimal,2.5263475254178047e-07,0.12852632394060493,0.12852657657535746,0.1812365017831325,37861.57927693827,1.410109151058499,37861.579276938326,1.537380691061719e-13
Ablated PINN,4,546,True,optimal,2.5263475254178047e-07,0.12005875678732991,0.12005900942208246,0.1795823317952454,38348.31707537076,1.4957838871042262,38348.31707536782,-7.665230446365513e-12
Ablated PINN,4,547,True,optimal,2.5263475254178047e-07,0.1510462681762874,0.15104652081103995,0.1721923486329615,38819.69082451244,1.1399954643667372,38819.69082451159,-2.192925865143473e-12
Ablated PINN,4,548,True,optimal,2.5263475254178047e-07,0.11976068606600165,0.1197609387007542,0.1568663530051708,37912.18444165716,1.3098290202712224,37912.18444165728,3.0706571921775087e-13
Ablated PINN,4,549,True,optimal,2.5263475254178047e-07,0.12876182375475764,0.12876207638951018,0.1695985170081257,38415.88485526476,1.3171464903616787,38415.88485526483,1.7045974282348604e-13
Ablated PINN,4,550,True,optimal,2.5263475254178047e-07,0.13427715003490448,0.13427740266965701,0.1776843862608075,38824.18132568059,1.3232635032265132,38824.181325680605,3.748157651103221e-14
Ablated PINN,4,551,True,optimal,2.5263475254178047e-07,0.11919851088896394,0.11919876352371649,0.165245640091598,37361.85104174569,1.3863033072379125,37361.85104174549,-5.452802993339513e-13
Ablated PINN,4,552,True,optimal,2.5263475254178047e-07,0.12158202519640326,0.12158227783115581,0.1715954747051,37478.24727886228,1.4113526886163352,37478.24727886252,6.212420818974264e-13
Ablated PINN,4,553,True,optimal,2.5263475254178047e-07,0.12388164084404707,0.12388189347879962,0.1806672159582376,37965.82034292765,1.458382745733184,37965.820342927655,1.9164494665104232e-14
Ablated PINN,4,554,True,optimal,2.5263475254178047e-07,0.1271365093998611,0.12713676203461363,0.1817612587474286,36150.775536377536,1.4296514701069953,36150.77553637778,6.843077505579436e-13
Ablated PINN,4,555,True,optimal,2.5263475254178047e-07,0.1470141070894897,0.14701435972424223,0.1592718544416129,36622.720950537245,1.0833761731871792,36622.720950537245,0.0
Ablated PINN,4,556,True,optimal,2.5263475254178047e-07,0.1327521218918264,0.13275237452657893,0.175411042291671,37333.52835667768,1.321340148658141,37333.528356680516,7.60073744549779e-12
Ablated PINN,4,557,True,optimal,2.5263475254178047e-07,0.12392432102933526,0.12392457366408781,0.1693641580641269,38048.443557786806,1.366671298972619,38048.44355778303,-9.924773916247029e-12
Ablated PINN,4,558,True,optimal,2.5263475254178047e-07,0.11879224237054586,0.11879249500529841,0.1781026069074869,38082.80898777679,1.4992749070515197,38082.80898777985,8.024361330430938e-12
Ablated PINN,4,559,True,optimal,2.5263475254178047e-07,0.136543698143214,0.13654395077796652,0.1760990801267326,37758.87499712498,1.2896878926045319,37758.87499712186,-8.26662822110658e-12
Ablated PINN,4,560,True,optimal,2.5263475254178047e-07,0.13146684225648642,0.13146709489123895,0.1799452053382992,37431.88469460471,1.3687471035027097,37431.8846946024,-6.1812397109778046e-12
Ablated PINN,4,561,True,optimal,2.5263475254178047e-07,0.13390151970088482,0.13390177233563735,0.1780317248776555,38247.70778692276,1.3295695924875608,38247.70778692279,7.609300567466836e-14
Ablated PINN,4,562,True,optimal,2.5263475254178047e-07,0.1314743235707283,0.13147457620548084,0.1575309168547392,38414.98712885366,1.1981853937185167,38414.98712885256,-2.860002519476264e-12
Ablated PINN,4,563,True,optimal,2.5263475254178047e-07,0.15037452476099133,0.15037477739574387,0.160420096013695,39938.52222221035,1.066801885209211,39938.52222220936,-2.477633573979998e-12
Ablated PINN,4,564,True,optimal,2.5263475254178047e-07,0.12141516990959644,0.12141542254434899,0.1547773270867765,37680.364376736085,1.2747748502068714,37680.364376734105,-5.2522328374291595e-12
Ablated PINN,4,565,True,optimal,2.5263475254178047e-07,0.1248626820743084,0.12486293470906094,0.1631285562179982,36836.13257179828,1.30646101341522,36836.132571797876,-1.1061248777951735e-12
Ablated PINN,4,566,True,optimal,2.5263475254178047e-07,0.13330253306776285,0.1333027857025154,0.1590021131560206,37564.968212357126,1.192789125283976,37564.96821235375,-8.987214667389358e-12
Ablated PINN,4,567,True,optimal,2.5263475254178047e-07,0.11844819597899914,0.11844844861375169,0.164667597040534,37869.26785594437,1.3902047596883116,37869.26785594456,5.187606381255017e-13
Ablated PINN,4,568,True,optimal,2.5263475254178047e-07,0.12758189113810658,0.12758214377285912,0.1690981755964458,36667.9221428852,1.3254062880264792,36667.922142883115,-5.694895465124749e-12
Ablated PINN,4,569,True,optimal,2.5263475254178047e-07,0.17777750315144658,0.17777775578619912,0.1714541926048696,38463.55285720315,0.964429952704913,38463.55285720324,2.459144877633709e-13
Ablated PINN,4,570,True,optimal,2.5263475254178047e-07,0.1327140647917986,0.13271431742655113,0.1675918260589242,37382.42831125197,1.2628014016021711,37382.42831125188,-2.3356292064076715e-13
Ablated PINN,4,571,True,optimal,2.5263475254178047e-07,0.11704945098608732,0.11704970362083987,0.1599842528812587,37103.00158866489,1.3668061339095492,37103.0015886642,-1.862965107272061e-12
Ablated PINN,4,572,True,optimal,2.5263475254178047e-07,0.12026080302894115,0.1202610556636937,0.1559554561972618,36590.04738425717,1.2968076434767577,36590.04738425648,-1.869196857141832e-12
Ablated PINN,4,573,True,optimal,2.5263475254178047e-07,0.1357721509411931,0.13577240357594564,0.1549570029601454,37426.33181633952,1.1412996962484254,37426.33181633454,-1.3316910110703735e-11
Ablated PINN,4,574,True,optimal,2.5263475254178047e-07,0.11183850886300206,0.11183876149775461,0.1555461590178311,37958.056009977736,1.390807238337971,37958.0560099769,-2.204367698417295e-12
Ablated PINN,4,575,True,optimal,2.5263475254178047e-07,0.13078712625429034,0.13078737888904288,0.1724221939221024,37439.323897526585,1.3183397005637798,37439.32389752648,-2.720759778605338e-13
Ablated PINN,4,576,True,optimal,2.5263475254178047e-07,0.12228180840611458,0.12228206104086713,0.171226954087615,37099.05202235135,1.4002622513075758,37099.05202234804,-8.92357225855507e-12
Ablated PINN,4,577,True,optimal,2.5263475254178047e-07,0.11817192891612649,0.11817218155087904,0.1728495657444,36743.91357578194,1.4626925176123589,36743.9135757798,-5.821730268764396e-12
Ablated PINN,4,578,True,optimal,2.5263475254178047e-07,0.12347168894484639,0.12347194157959894,0.1570983328856527,36601.21135182778,1.2723403461212746,36601.211351823586,-1.1450308421446186e-11
Ablated PINN,4,579,True,optimal,2.5263475254178047e-07,0.15806671790778637,0.1580669705425389,0.1714877081103623,37549.68182393258,1.0849053886574715,37549.68182393254,-1.1626129321094867e-13
Ablated PINN,4,580,True,optimal,2.5263475254178047e-07,0.1207289481535554,0.12072920078830794,0.1705339280888438,37363.30276432997,1.41253256855287,37363.302764328466,-4.031022727396134e-12
Ablated PINN,4,581,True,optimal,2.5263475254178047e-07,0.12969501921907067,0.1296952718538232,0.1740403389558196,37873.25122104594,1.341917376540733,37873.25122104593,-1.9211336179504495e-14
Ablated PINN,4,582,True,optimal,2.5263475254178047e-07,0.11742782779037952,0.11742808042513207,0.1615061978809535,37258.21140373022,1.3753626670575105,37258.21140372997,-6.834963539632607e-13
Ablated PINN,4,583,True,optimal,2.5263475254178047e-07,0.12383470917120576,0.12383496180595831,0.1572399181313812,37640.79111631284,1.2697538388049603,37640.791116308086,-1.2622477320894281e-11
Ablated PINN,4,584,True,optimal,2.5263475254178047e-07,0.11776566505432129,0.11776591768907384,0.1775986328721046,35713.589826592695,1.5080647810260468,35713.58982659514,6.8453543041625766e-12
Ablated PINN,4,585,True,optimal,2.5263475254178047e-07,0.12910388922318816,0.1291041418579407,0.169917466584593,36929.288079933925,1.3161271523849414,36929.28807993242,-4.078397674160265e-12
Ablated PINN,4,586,True,optimal,2.5263475254178047e-07,0.11480967607349157,0.11480992870824412,0.1705687860958278,37172.61387443121,1.4856623291638698,37172.61387443466,9.277808444606492e-12
Ablated PINN,4,587,True,optimal,2.5263475254178047e-07,0.12503459909930825,0.1250348517340608,0.163940146099776,37595.73854201515,1.3111556004278206,37595.73854201136,-1.0082988296009088e-11
Ablated PINN,4,588,True,optimal,2.5263475254178047e-07,0.12934422586113214,0.12934447849588468,0.1505248839966952,37080.56019575969,1.1637519107666,37080.56019575728,-6.49489100914424e-12
Ablated PINN,4,589,True,optimal,2.5263475254178047e-07,0.13414316810667515,0.13414342074142768,0.168629236984998,37300.86718111226,1.257081682075519,37300.86718111059,-4.486411115153831e-12
Ablated PINN,4,590,True,optimal,2.5263475254178047e-07,0.12791038397699594,0.12791063661174848,0.1623016390949487,38163.83914282164,1.2688674170826655,38163.83914280188,-5.1780694301137126e-11
Ablated PINN,4,591,True,optimal,2.5263475254178047e-07,0.12302404595538974,0.12302429859014229,0.1686473372392356,37354.040536243774,1.3708457530092273,37354.04053624248,-3.4671495686471293e-12
Ablated PINN,4,592,True,optimal,2.5263475254178047e-07,0.12359553994610906,0.1235957925808616,0.1620224779471755,37744.61302564658,1.3109060961049588,37744.613025645674,-2.390324530670664e-12
Ablated PINN,4,593,True,optimal,2.5263475254178047e-07,0.14470484387129545,0.144705096506048,0.1687562838196754,37312.76999944803,1.1662082946236947,37312.769999444776,-8.716461022829728e-12
Ablated PINN,4,594,True,optimal,2.5263475254178047e-07,0.1263597090728581,0.12635996170761063,0.159396689850837,35729.817543693614,1.2614493364573136,35729.8175436928,-2.280748430332739e-12
Ablated PINN,4,595,True,optimal,2.5263475254178047e-07,0.15943195018917322,0.15943220282392576,0.1721705789677798,38690.52729376181,1.0798983888965148,38690.527293761734,-1.8805527148647962e-13
Ablated PINN,4,596,True,optimal,2.5263475254178047e-07,0.1177743417210877,0.11777459435584024,0.1682639122009277,37341.88124939741,1.4286944745701329,37341.88124939736,-1.3639297645215953e-13
Ablated PINN,4,597,True,optimal,2.5263475254178047e-07,0.11485780077055097,0.11485805340530351,0.1665353742428124,36663.06513727508,1.4499233558760862,36663.065137274985,-2.579911107547256e-13
Ablated PINN,4,598,True,optimal,2.5263475254178047e-07,0.1257032942958176,0.12570354693057015,0.1728351963683962,36623.31041220771,1.3749428762249507,36623.31041220579,-5.244891268770021e-12
Ablated PINN,4,599,True,optimal,2.5263475254178047e-07,0.1434346162714064,0.14343486890615895,0.1694016889669001,37656.675645906726,1.1810356174810586,37656.67564590504,-4.482663797418991e-12
Ablated PINN,4,600,True,optimal,2.5263475254178047e-07,0.11710763536393642,0.11710788799868897,0.1682600053027272,38557.60074312643,1.4367948067222498,38557.60074312657,3.585368176574871e-13
Ablated PINN,4,601,True,optimal,2.5263475254178047e-07,0.11475021904334426,0.11475047167809681,0.1734674633480608,38007.86038231956,1.511692813208468,38007.86038232068,2.9480677452327177e-12
Ablated PINN,4,602,True,optimal,2.5263475254178047e-07,0.13304479327052832,0.13304504590528085,0.1564113777130842,36604.13483947123,1.175627221959385,36604.134839470185,-2.8623484779446533e-12
Ablated PINN,4,603,True,optimal,2.5263475254178047e-07,0.12248104903846979,0.12248130167322234,0.1556370640173554,38022.68595017272,1.2707006040202933,38022.685950172454,-7.080258140563156e-13
Ablated PINN,4,604,True,optimal,2.5263475254178047e-07,0.12742123613134027,0.1274214887660928,0.165866516996175,37048.7719935187,1.3017154218049956,37048.77199351721,-4.006328073581173e-12
Ablated PINN,4,605,True,optimal,2.5263475254178047e-07,0.12105403421446681,0.12105428684921936,0.172681295312941,36519.47378091206,1.4264781513109592,36519.47378091046,-4.3831701538837906e-12
Ablated PINN,4,606,True,optimal,2.5263475254178047e-07,0.1378199360333383,0.13782018866809084,0.1715656672604382,36882.57600933843,1.2448514903256722,36882.57600933848,1.3809150230284457e-13
Ablated PINN,4,607,True,optimal,2.5263475254178047e-07,0.12953937705606222,0.12953962969081476,0.1730672479607164,38075.64961115748,1.3360177759793925,38075.649611156216,-3.3250033493766826e-12
Ablated PINN,4,608,True,optimal,2.5263475254178047e-07,0.13045502919703722,0.13045528183178975,0.1872017201967537,38491.54214369286,1.4349876644943618,38491.54214369291,1.3231920692902022e-13
Ablated PINN,4,609,True,optimal,2.5263475254178047e-07,0.13606760697439313,0.13606785960914566,0.1676798448897898,37789.847613833,1.2323251454932078,37789.847613831575,-3.773732318142323e-12
Ablated PINN,4,610,True,optimal,2.5263475254178047e-07,0.1358022359199822,0.13580248855473473,0.1617634547874331,37372.46372976417,1.1911670876504954,37372.46372976387,-7.982194172120825e-13
Ablated PINN,4,611,True,optimal,2.5263475254178047e-07,0.15863027516752481,0.15863052780227735,0.1752375401556491,36281.41759193647,1.1046898890361843,36281.41759193844,5.434695346308455e-12
Ablated PINN,4,612,True,optimal,2.5263475254178047e-07,0.12942946702241898,0.1294297196571715,0.1605677963234484,38308.97673457923,1.2405790319932255,38308.976734578486,-1.9372683373628643e-12
Ablated PINN,4,613,True,optimal,2.5263475254178047e-07,0.12534773675724864,0.12534798939200117,0.1704759881831705,36536.96975603781,1.3600217204126057,36536.969756036335,-4.042533919866616e-12
Ablated PINN,4,614,True,optimal,2.5263475254178047e-07,0.13315233681350946,0.133152589448262,0.1850780188106,37492.52280636031,1.389969354539021,37492.52280635846,-4.948637895612681e-12
Ablated PINN,4,615,True,optimal,2.5263475254178047e-07,0.12070471374318004,0.12070496637793258,0.163959820754826,37918.40512496982,1.3583519027830269,37918.40512497524,1.4295401941884725e-11
Ablated PINN,4,616,True,optimal,2.5263475254178047e-07,0.11973292985931039,0.11973318249406294,0.171635468956083,37663.46139270252,1.4334828940556532,37663.4613927026,2.1250180094048647e-13
Ablated PINN,4,617,True,optimal,2.5263475254178047e-07,0.12534072203561664,0.12534097467036917,0.1589676029980182,37951.21771414124,1.2682812098444487,37951.21771413795,-8.665684633316715e-12
Ablated PINN,4,618,True,optimal,2.5263475254178047e-07,0.11725780786946416,0.11725806050421671,0.1698389668017625,37684.46763328472,1.4484203991729416,37684.4676332866,4.981354872056873e-12
Ablated PINN,4,619,True,optimal,2.5263475254178047e-07,0.1294213943183422,0.12942164695309474,0.1698246961459517,38145.96579780013,1.3121815410639914,38145.965797800025,-2.670358567889305e-13
Ablated PINN,4,620,True,optimal,2.5263475254178047e-07,0.14650385780259967,0.1465041104373522,0.1671525379642844,38958.3404683907,1.1409409433311555,38958.34046839072,5.6028754254202834e-14
Ablated PINN,4,621,True,optimal,2.5263475254178047e-07,0.12977967504411936,0.1297799276788719,0.1574033419601619,38761.37495917448,1.2128481250940555,38761.37495917379,-1.783259685899818e-12
Ablated PINN,4,622,True,optimal,2.5263475254178047e-07,0.1236649751663208,0.12366522780107335,0.1671149837784469,37582.542071853306,1.3513498236324475,37582.54207185575,6.504939856627093e-12
Ablated PINN,4,623,True,optimal,2.5263475254178047e-07,0.119041055906564,0.11904130854131655,0.1781733152456581,37791.51525748618,1.4967351873809265,37791.5152575146,7.520177544447817e-11
Ablated PINN,4,624,True,optimal,2.5263475254178047e-07,0.1314908480271697,0.13149110066192224,0.1637782407924533,36773.56372652529,1.245546200221905,36773.56372652422,-2.9085181334042717e-12
Ablated PINN,4,625,True,optimal,2.5263475254178047e-07,0.14124474814161658,0.14124500077636912,0.1686274372041225,38331.19212806325,1.1938648184165295,38331.19212806212,-2.9611638062819747e-12
Ablated PINN,4,626,True,optimal,2.5263475254178047e-07,0.13405156508088112,0.13405181771563365,0.1651300429366529,37614.469044654,1.2318374025106171,37614.469044652345,-4.390976186474655e-12
Ablated PINN,4,627,True,optimal,2.5263475254178047e-07,0.16852094884961843,0.16852120148437097,0.1601873021572828,37084.45601039876,0.9505468792431968,37084.45601039585,-7.847986350014888e-12
Ablated PINN,4,628,True,optimal,2.5263475254178047e-07,0.13742551021277905,0.13742576284753158,0.1638651969842612,37533.52111676674,1.1923906667053623,37533.521116765536,-3.19856216688386e-12
Ablated PINN,4,629,True,optimal,2.5263475254178047e-07,0.13186622830107808,0.13186648093583062,0.1606693435460329,37985.24670680965,1.2184244427074569,37985.24670680891,-1.9537787456667064e-12
Ablated PINN,4,630,True,optimal,2.5263475254178047e-07,0.11480536824092269,0.11480562087567524,0.1578375580720603,36924.0680826126,1.374824306233098,36924.068082622674,2.7291687560259266e-11
Ablated PINN,4,631,True,optimal,2.5263475254178047e-07,0.1431844769977033,0.14318472963245585,0.1573000270873308,38480.93589813893,1.0985810253028225,38480.93589813962,1.79625561908658e-12
Ablated PINN,4,632,True,optimal,2.5263475254178047e-07,0.12923750886693597,0.1292377615016885,0.1655058888718485,36557.96985656361,1.2806310396337695,36557.969856560914,-7.383835277104164e-12
Ablated PINN,4,633,True,optimal,2.5263475254178047e-07,0.13101389072835445,0.131014143363107,0.1673609879799187,37466.56928679344,1.2774268768531047,37466.56928679327,-4.660767880926715e-13
Ablated PINN,4,634,True,optimal,2.5263475254178047e-07,0.11649742908775806,0.11649768172251061,0.1846586731262505,37100.96912303606,1.5850845304037435,37100.96912303761,4.177192694567132e-12
Ablated PINN,4,635,True,optimal,2.5263475254178047e-07,0.12871531303972006,0.1287155656744726,0.1679514460265636,39737.489717246775,1.3048262278652474,39737.48971724551,-3.1859501792294705e-12
Ablated PINN,4,636,True,optimal,2.5263475254178047e-07,0.1252754763700068,0.12527572900475933,0.1574904639273882,38607.15851359384,1.2571506482425259,38607.15851359145,-6.1815326207233204e-12
Ablated PINN,4,637,True,optimal,2.5263475254178047e-07,0.12872981978580356,0.1287300724205561,0.1626749513670802,37640.48354272492,1.2636903585016834,37640.48354272415,-2.0489946847468412e-12
Ablated PINN,4,638,True,optimal,2.5263475254178047e-07,0.13033010996878147,0.130330362603534,0.1750158611685037,37252.25033096069,1.3428633027048604,37252.250330959585,-2.9688020120403816e-12
Ablated PINN,4,639,True,optimal,2.5263475254178047e-07,0.12183107109740376,0.12183132373215631,0.1857957220636308,37227.40016454239,1.5250242414840613,37227.400164544764,6.371549374224085e-12
Ablated PINN,4,640,True,optimal,2.5263475254178047e-07,0.1201228522695601,0.12012310490431265,0.1748093506321311,39076.710417470975,1.4552516834407525,39076.71041747045,-1.3406168088984988e-12
Ablated PINN,4,641,True,optimal,2.5263475254178047e-07,0.12513582222163677,0.1251360748563893,0.1576945381239056,38569.05915622706,1.2601844696254183,38569.059156226394,-1.7166924923129537e-12
Ablated PINN,4,642,True,optimal,2.5263475254178047e-07,0.13709902996197343,0.13709928259672596,0.1880073989741504,37575.21200452069,1.3713229961032645,37575.212004520705,3.8727433464955846e-14
Ablated PINN,4,643,True,optimal,2.5263475254178047e-07,0.15080713108181953,0.15080738371657207,0.1635166304185986,38012.89653501051,1.084274697888217,38012.8965350105,-3.828152168031787e-14
Ablated PINN,4,644,True,optimal,2.5263475254178047e-07,0.135197042953223,0.13519729558797552,0.1786040510050952,37396.072377311546,1.3210623054872723,37396.0723773115,-1.1673885226403293e-13
Ablated PINN,4,645,True,optimal,2.5263475254178047e-07,0.11678217258304358,0.11678242521779612,0.1621865970082581,37416.59074364734,1.388792848802244,37416.59074364566,-4.491981165231446e-12
Ablated PINN,4,646,True,optimal,2.5263475254178047e-07,0.141872919164598,0.14187317179935052,0.1734284628182649,36584.18876176514,1.2224190142414144,36584.18876176519,1.3921780152335567e-13
Ablated PINN,4,647,True,optimal,2.5263475254178047e-07,0.12902063596993685,0.12902088860468938,0.1599940657615661,37523.41014406827,1.240063275736507,37523.410144062975,-1.4116246691834514e-11
Ablated PINN,4,648,True,optimal,2.5263475254178047e-07,0.12478085001930594,0.12478110265405849,0.180485772434622,38405.33642391121,1.446419117925239,38405.336423914436,8.392711855210982e-12
Ablated PINN,4,649,True,optimal,2.5263475254178047e-07,0.12227059295400977,0.12227084558876232,0.1581447548232972,36798.41940173315,1.2933970813875846,36798.419401733176,7.908989279947976e-14
Ablated PINN,4,650,True,optimal,2.5263475254178047e-07,0.12186066899448633,0.12186092162923888,0.1568699879571795,37232.962256969855,1.287287063480904,37232.962256972896,8.168434898459748e-12
Ablated PINN,4,651,True,optimal,2.5263475254178047e-07,0.14171305811032653,0.14171331074507906,0.1619576923549175,37842.809430032416,1.1428544820765287,37842.80943002076,-3.08013180667064e-11
Ablated PINN,4,652,True,optimal,2.5263475254178047e-07,0.14053001906722784,0.14053027170198037,0.1630979729816317,36002.513489220604,1.1605896082483222,36002.51348921821,-6.648952595443271e-12
Ablated PINN,4,653,True,optimal,2.5263475254178047e-07,0.12509353877976537,0.1250937914145179,0.1693160221911966,38099.160962124224,1.3535125946430178,38099.16096213158,1.9307493819226902e-11
Ablated PINN,4,654,True,optimal,2.5263475254178047e-07,0.12277464009821415,0.1227748927329667,0.16264045285061,35720.768100457884,1.3247044996760877,35720.76810045602,-5.214459957839151e-12
Ablated PINN,4,655,True,optimal,2.5263475254178047e-07,0.1405998240225017,0.14060007665725424,0.1634236420504748,37347.46634704556,1.1623296795837343,37347.466347041554,-1.0734470199829796e-11
Ablated PINN,4,656,True,optimal,2.5263475254178047e-07,0.12625348707661033,0.12625373971136286,0.1617733179591596,37605.37475176988,1.2813348604880967,37605.374751769676,-5.417491902206017e-13
Ablated PINN,4,657,True,optimal,2.5263475254178047e-07,0.1268158401362598,0.12681609277101233,0.1531194909475743,38077.26414023097,1.2074137248815664,38077.26414022956,-3.687922048090936e-12
Ablated PINN,4,658,True,optimal,2.5263475254178047e-07,0.1331744072958827,0.13317465993063524,0.1638615750707686,37447.92681995925,1.230426082230034,37447.9268199574,-4.935101595577732e-12
Ablated PINN,4,659,True,optimal,2.5263475254178047e-07,0.13251484092324972,0.13251509355800226,0.169980120845139,37962.06283257602,1.2827227169464903,37962.06283257357,-6.459073962323526e-12
Ablated PINN,4,660,True,optimal,2.5263475254178047e-07,0.13183332839980721,0.13183358103455975,0.1581276268698275,37367.42399750532,1.1994487719208269,37367.42399750289,-6.503444934549152e-12
Ablated PINN,4,661,True,optimal,2.5263475254178047e-07,0.13917852891609073,0.13917878155084326,0.1670366209000349,38363.98928723356,1.2001586667075033,38363.98928723352,-1.1379355092153551e-13
Ablated PINN,4,662,True,optimal,2.5263475254178047e-07,0.13361145881935954,0.13361171145411208,0.1580141521990299,36645.68375921567,1.182636989522424,36645.68375921467,-2.739973846182651e-12
Ablated PINN,4,663,True,optimal,2.5263475254178047e-07,0.13099939515814185,0.13099964779289439,0.152494020294398,37446.828188039945,1.164079620545892,37446.828188038475,-3.9248809824017885e-12
Ablated PINN,4,664,True,optimal,2.5263475254178047e-07,0.11619847314432263,0.11619872577907518,0.164476778358221,38108.535981763365,1.415478330381482,38108.53598176336,-1.9092724049187553e-14
Ablated PINN,4,665,True,optimal,2.5263475254178047e-07,0.11880887998268008,0.11880913261743263,0.1514591760933399,37438.268796034914,1.2748108900099535,37438.26879603495,9.71727305798128e-14
Ablated PINN,4,666,True,optimal,2.5263475254178047e-07,0.12102644285187125,0.1210266954866238,0.1716903648339212,36865.96248635169,1.4186156545346384,36865.962486351564,-3.3551620817416756e-13
Ablated PINN,4,667,True,optimal,2.5263475254178047e-07,0.11729553900659084,0.11729579164134339,0.1892892369069159,38619.15467743779,1.6137768820019363,38619.154677436854,-2.430396366956248e-12
Ablated PINN,4,668,True,optimal,2.5263475254178047e-07,0.13402755605056882,0.13402780868532135,0.152978153899312,35856.26849076382,1.1413911441205713,35856.26849076213,-4.707746337088509e-12
Ablated PINN,4,669,True,optimal,2.5263475254178047e-07,0.1264923671260476,0.12649261976080015,0.1732061621733009,37636.145162876026,1.3692985606657282,37636.14516287435,-4.446444352948465e-12
Ablated PINN,4,670,True,optimal,2.5263475254178047e-07,0.12663131998851895,0.1266315726232715,0.1820418699644506,36525.320835177336,1.4375709484871089,36525.320835176426,-2.490038912668493e-12
Ablated PINN,4,671,True,optimal,2.5263475254178047e-07,0.12012995919212699,0.12013021182687954,0.1725464458577335,37596.712095764095,1.4363284908411826,37596.71209576409,-1.9352643379161834e-14
Ablated PINN,4,672,True,optimal,2.5263475254178047e-07,0.12584256660193205,0.12584281923668458,0.1653420166112482,38199.40682140979,1.3138772447577935,38199.4068214081,-4.4380221191146e-12
Ablated PINN,4,673,True,optimal,2.5263475254178047e-07,0.12145778397098184,0.12145803660573438,0.1828731526620686,36866.211755918295,1.5056488460759017,36866.21175591814,-4.144583959682895e-13
Ablated PINN,4,674,True,optimal,2.5263475254178047e-07,0.1218701358884573,0.12187038852320985,0.1712319841608405,37448.87257829419,1.4050335461778716,37448.872578291346,-7.596755873485646e-12
Ablated PINN,4,675,True,optimal,2.5263475254178047e-07,0.1432331958785653,0.14323344851331785,0.1622013258747756,37942.2266948838,1.132426312138216,37942.226694883655,-3.835282347920044e-13
Ablated PINN,4,676,True,optimal,2.5263475254178047e-07,0.1261454289779067,0.12614568161265924,0.1626015710644424,37864.42573656541,1.288998315168045,37864.42573656503,-1.0184381409469666e-12
Ablated PINN,4,677,True,optimal,2.5263475254178047e-07,0.12490694364532828,0.12490719628008083,0.1541935643181204,37883.34792666697,1.2344650181112897,37883.347926667004,9.60310797803289e-14
Ablated PINN,4,678,True,optimal,2.5263475254178047e-07,0.12949068332090974,0.12949093595566227,0.1627663299441337,38337.38621686627,1.2569708353939533,38337.38621687287,1.7213728444431753e-11
Ablated PINN,4,679,True,optimal,2.5263475254178047e-07,0.12754112901166081,0.12754138164641335,0.1626220401376485,37175.12564807021,1.2750531477578804,37175.1256480677,-6.7523789984112374e-12
Ablated PINN,4,680,True,optimal,2.5263475254178047e-07,0.12725292099639773,0.12725317363115027,0.164742216002196,36874.538182973854,1.2946020228910722,36874.538182973796,-1.5785326076393747e-13
Ablated PINN,4,681,True,optimal,2.5263475254178047e-07,0.12157894484698772,0.12157919748174027,0.1642483212053775,36713.75186136212,1.3509574385046061,36713.751861360564,-4.241067312637997e-12
Ablated PINN,4,682,True,optimal,2.5263475254178047e-07,0.12916601868346334,0.12916627131821587,0.1650798353366553,38465.27623972982,1.2780413466450715,38465.27623972843,-3.6128894425399703e-12
Ablated PINN,4,683,True,optimal,2.5263475254178047e-07,0.12287551676854491,0.12287576940329746,0.1594085800461471,37856.30238331747,1.2973150102763,37856.302383318325,2.2679526113781154e-12
Ablated PINN,4,684,True,optimal,2.5263475254178047e-07,0.11730433627963066,0.11730458891438321,0.1702620442956686,38660.98426325648,1.451452546497881,38660.9842632579,3.66988001418839e-12
Ablated PINN,4,685,True,optimal,2.5263475254178047e-07,0.11934665497392416,0.11934690760867671,0.1567203430458903,37215.561759223536,1.3131495921097205,37215.561759214725,-2.3676075959252064e-11
Ablated PINN,4,686,True,optimal,2.5263475254178047e-07,0.12685594987124205,0.12685620250599458,0.1647181618027389,36840.5431209009,1.2984636032672912,36840.543120900875,-5.924959567212944e-14
Ablated PINN,4,687,True,optimal,2.5263475254178047e-07,0.12352460902184248,0.12352486165659503,0.1635654647834599,38409.002451373584,1.3241501556033282,38409.002451373446,-3.5992393930173846e-13
Ablated PINN,4,688,True,optimal,2.5263475254178047e-07,0.12246738886460662,0.12246764149935917,0.1869348473846912,37528.6479768632,1.5264019548026437,37528.64797686218,-2.71428394279932e-12
Ablated PINN,4,689,True,optimal,2.5263475254178047e-07,0.12716667307540774,0.12716692571016028,0.1749152760021388,37613.174708402425,1.3754777433308947,37613.174708401864,-1.4895013266906437e-12
Ablated PINN,4,690,True,optimal,2.5263475254178047e-07,0.1263220552355051,0.12632230787025764,0.1629724842496216,38145.2449987657,1.2901322576928091,38145.2449987647,-2.6322603270467988e-12
Ablated PINN,4,691,True,optimal,2.5263475254178047e-07,0.15361226815730333,0.15361252079205587,0.1615004613995552,37099.267237046624,1.0513495942051312,37099.26723704552,-2.981044208472949e-12
Ablated PINN,4,692,True,optimal,2.5263475254178047e-07,0.1257668281905353,0.12576708082528784,0.1629160540178418,37254.58427766685,1.295379148094884,37254.58427766375,-8.319937005712995e-12
Ablated PINN,4,693,True,optimal,2.5263475254178047e-07,0.12603069189935923,0.12603094453411176,0.1721738609485328,36219.31594220378,1.3661237054518138,36219.315942203575,-5.624811178715488e-13
Ablated PINN,4,694,True,optimal,2.5263475254178047e-07,0.1256404910236597,0.12564074365841224,0.1765028089284896,36647.35274403875,1.4048214280580782,36647.3527440365,-6.134879423585089e-12
Ablated PINN,4,695,True,optimal,2.5263475254178047e-07,0.12235373072326183,0.12235398335801438,0.1666073123924434,37475.76078429104,1.3616827815482015,37475.76078429475,9.901702608767324e-12
Ablated PINN,4,696,True,optimal,2.5263475254178047e-07,0.11720188101753592,0.11720213365228847,0.1694586500525474,38376.27952441712,1.4458665962113957,38376.27952442683,2.52919969773128e-11
Ablated PINN,4,697,True,optimal,2.5263475254178047e-07,0.12080385582521558,0.12080410845996813,0.1638368596322834,37504.28193726652,1.3562192687062078,37504.28193726533,-3.162255160879206e-12
Ablated PINN,4,698,True,optimal,2.5263475254178047e-07,0.124256890732795,0.12425714336754755,0.1762476619333028,38922.3913196171,1.4184107018456833,38922.39131961682,-7.10353038354094e-13
Ablated PINN,4,699,True,optimal,2.5263475254178047e-07,0.13044933089986444,0.13044958353461697,0.1683233580552041,37989.22082134099,1.2903326595177416,37989.220821340285,-1.857810908770514e-12
Ablated PINN,4,700,True,optimal,2.5263475254178047e-07,0.141368905082345,0.14136915771709754,0.1653611571528017,37900.87060984868,1.1697116954160256,37900.870609845224,-9.118734770802474e-12
Ablated PINN,4,701,True,optimal,2.5263475254178047e-07,0.13268973026424646,0.132689982898999,0.1549840210936963,36621.966939093465,1.1680159851378313,36621.966939092104,-3.715267604591368e-12
Ablated PINN,4,702,True,optimal,2.5263475254178047e-07,0.12120091635733843,0.12120116899209098,0.1608501798473298,36129.625827368814,1.3271338980057703,36129.62582736857,-6.847083334442948e-13
Ablated PINN,4,703,True,optimal,2.5263475254178047e-07,0.13610601145774126,0.1361062640924938,0.1803391561843454,36975.98028002812,1.3249879231259498,36975.9802800281,-3.9355049191831153e-14
Ablated PINN,4,704,True,optimal,2.5263475254178047e-07,0.13401753641664982,0.13401778905140235,0.1724063050933182,37941.52855278439,1.2864434364544843,37941.528552786855,6.500923197589967e-12
Ablated PINN,4,705,True,optimal,2.5263475254178047e-07,0.14814810501411557,0.1481483576488681,0.1570660965517163,38264.62634066809,1.0601946524711698,38264.62634066301,-1.327235857338666e-11
Ablated PINN,4,706,True,optimal,2.5263475254178047e-07,0.13581722090020776,0.1358174735349603,0.1783102308399975,37243.578783039775,1.3128666452045237,37243.57878303968,-2.5396981728151856e-13
Ablated PINN,4,707,True,optimal,2.5263475254178047e-07,0.16363453771919012,0.16363479035394266,0.1574625642970204,38202.9688103683,0.9622804781087707,38202.968810369166,2.266417985433736e-12
Ablated PINN,4,708,True,optimal,2.5263475254178047e-07,0.1364783109165728,0.13647856355132534,0.1667338237166404,37984.38706600299,1.2216850718386774,37984.3870660013,-4.463144610334054e-12
Ablated PINN,4,709,True,optimal,2.5263475254178047e-07,0.12037968682125211,0.12037993945600466,0.1695160241797566,37700.46903648929,1.408175024391915,37700.46903648767,-4.284462850542657e-12
Ablated PINN,4,710,True,optimal,2.5263475254178047e-07,0.14145104307681322,0.14145129571156576,0.179200230166316,38494.79379476071,1.2668687781533252,38494.793794760815,2.6461605987984784e-13
Ablated PINN,4,711,True,optimal,2.5263475254178047e-07,0.1177291888743639,0.11772944150911645,0.1582561181858182,37893.64500953999,1.344235699729906,37893.6450095382,-4.723445244284382e-12
Ablated PINN,4,712,True,optimal,2.5263475254178047e-07,0.12863392708823085,0.12863417972298338,0.1650373600423336,37439.62806716465,1.2829977257813225,37439.6280671612,-9.231074252492862e-12
Ablated PINN,4,713,True,optimal,2.5263475254178047e-07,0.11383800208568573,0.11383825472043828,0.1720578260719776,36755.34084442727,1.5114236114609607,36755.34084442981,6.90868088558351e-12
Ablated PINN,4,714,True,optimal,2.5263475254178047e-07,0.12666729278862476,0.1266675454233773,0.1648028511554002,38162.302681215566,1.3010661144854299,38162.30268121118,-1.1496692110018284e-11
Ablated PINN,4,715,True,optimal,2.5263475254178047e-07,0.12966158287599683,0.12966183551074936,0.1555140907876193,38101.80914623268,1.1993821479931672,38101.80914623088,-4.716735427984267e-12
Ablated PINN,4,716,True,optimal,2.5263475254178047e-07,0.1370582226663828,0.13705847530113532,0.1633684961125254,37665.69295836426,1.191962012955299,37665.69295836434,2.1248921092329067e-13
Ablated PINN,4,717,True,optimal,2.5263475254178047e-07,0.1355365626513958,0.13553681528614833,0.1730897356756031,38019.94012979863,1.2770680446502465,38019.94012979671,-5.052224710472205e-12
Ablated PINN,4,718,True,optimal,2.5263475254178047e-07,0.13520188815891743,0.13520214079366996,0.1653514760546386,37687.65252758067,1.2229945109151719,37687.652527579456,-3.2240928794368545e-12
Ablated PINN,4,719,True,optimal,2.5263475254178047e-07,0.1315955608151853,0.13159581344993784,0.1648942348547279,37967.6004277046,1.2530355680156768,37967.6004277034,-3.161993364911857e-12
Ablated PINN,4,720,True,optimal,2.5263475254178047e-07,0.12510043289512396,0.1251006855298765,0.175670500844717,36293.521192568165,1.4042329192733596,36293.52119257038,6.094451687329504e-12
Ablated PINN,4,721,True,optimal,2.5263475254178047e-07,0.1269182013347745,0.12691845396952703,0.1655247239395976,37433.99457954236,1.304181691177391,37433.99457954124,-2.9932618337146373e-12
Ablated PINN,4,722,True,optimal,2.5263475254178047e-07,0.12499307421967387,0.12499332685442642,0.1606976692564785,36717.118873317806,1.2856499886880774,36717.11887331613,-4.55773846808632e-12
Ablated PINN,4,723,True,optimal,2.5263475254178047e-07,0.14921210799366236,0.1492123606284149,0.1805245000869035,37805.64876842016,1.2098495012518806,37805.6487684195,-1.732112016613524e-12
Ablated PINN,4,724,True,optimal,2.5263475254178047e-07,0.1253641052171588,0.12536435785191133,0.1952457958832383,37205.81786772134,1.5574266819431688,37205.81786772015,-3.1876226866680987e-12
Ablated PINN,4,725,True,optimal,2.5263475254178047e-07,0.1224422911182046,0.12244254375295714,0.1520299208350479,36640.387833191344,1.2416429467668275,36640.3878331915,4.1701280727012333e-13
Ablated PINN,4,726,True,optimal,2.5263475254178047e-07,0.12330829026177526,0.1233085428965278,0.1705993278883397,36772.44702736288,1.3835158852821343,36772.447027361464,-3.858355506529143e-12
Ablated PINN,4,727,True,optimal,2.5263475254178047e-07,0.1385709368623793,0.13857118949713185,0.1604934181086719,36419.709291200685,1.1582019227163654,36419.70929120025,-1.198684628041448e-12
Ablated PINN,4,728,True,optimal,2.5263475254178047e-07,0.12613944709300995,0.12613969972776248,0.1718411752954125,36367.97004976513,1.3623084220612858,36367.97004976824,8.562781630674538e-12
Ablated PINN,4,729,True,optimal,2.5263475254178047e-07,0.1373444451019168,0.13734469773666932,0.1613024170510471,37817.32327116832,1.1744349778999976,37817.32327116748,-2.2318107423767507e-12
Ablated PINN,4,730,True,optimal,2.5263475254178047e-07,0.11994706001132727,0.11994731264607982,0.1856654961593449,36422.325482498345,1.5478920874799018,36422.32548249924,2.4571269810177255e-12
Ablated PINN,4,731,True,optimal,2.5263475254178047e-07,0.12394357938319445,0.123943832017947,0.1580683160573244,37014.63711001613,1.2753221639495236,37014.637110014766,-3.675854148747341e-12
Ablated PINN,4,732,True,optimal,2.5263475254178047e-07,0.13499271776527166,0.1349929704000242,0.1672948598861694,37907.333499337874,1.2392857153259547,37907.33349933775,-3.2629907730987925e-13
Ablated PINN,4,733,True,optimal,2.5263475254178047e-07,0.1340742353349924,0.13407448796974494,0.1760020470246672,37831.5700560004,1.3127183977341281,37831.57005600038,-3.8465004774653277e-14
Ablated PINN,4,734,True,optimal,2.5263475254178047e-07,0.13336097821593285,0.13336123085068538,0.1677253982052207,36227.13092414981,1.2576773409733322,36227.13092414977,-1.0042138900562383e-13
Ablated PINN,4,735,True,optimal,2.5263475254178047e-07,0.1333528021350503,0.13335305476980283,0.1815983247943222,38365.8705693373,1.3617860131348434,38365.87056933668,-1.6119962561200758e-12
Ablated PINN,4,736,True,optimal,2.5263475254178047e-07,0.13437291095033288,0.13437316358508541,0.1826914297416806,36791.06895515918,1.3595827088345653,36791.06895516263,9.374024748577796e-12
Ablated PINN,4,737,True,optimal,2.5263475254178047e-07,0.14873593300580978,0.14873618564056232,0.1647824188694358,37375.10906822638,1.107883855967982,37375.10906822572,-1.7715323363526227e-12
Ablated PINN,4,738,True,optimal,2.5263475254178047e-07,0.13734440598636866,0.1373446586211212,0.1626051347702741,37807.92408604918,1.183920338823197,37807.924086047955,-3.2330811826663e-12
Ablated PINN,4,739,True,optimal,2.5263475254178047e-07,0.135882540140301,0.13588279277505352,0.1557597019709646,37073.294605946445,1.1462798106366285,37073.2946059454,-2.8261256723441013e-12
Ablated PINN,4,740,True,optimal,2.5263475254178047e-07,0.1239449311979115,0.12394518383266405,0.1666533201932907,37603.95511810395,1.3445727783847259,37603.955118103186,-2.031636159254571e-12
Ablated PINN,4,741,True,optimal,2.5263475254178047e-07,0.1273404653184116,0.12734071795316412,0.1632273579016327,37440.72000481825,1.281815907160722,37440.72000481583,-6.471280160240718e-12
Ablated PINN,4,742,True,optimal,2.5263475254178047e-07,0.11779388692229986,0.11779413955705241,0.1740517071448266,36615.77248651081,1.4775922452451584,36615.77248651575,1.349247847181313e-11
Ablated PINN,4,743,True,optimal,2.5263475254178047e-07,0.1269726911559701,0.12697294379072263,0.1593433180823922,38388.73153872848,1.254939149438187,38388.73153872768,-2.084870495793116e-12
Ablated PINN,4,744,True,optimal,2.5263475254178047e-07,0.11671571014449,0.11671596277924255,0.188180536031723,36147.19759544655,1.612294767148938,36147.197595451486,1.3647252319880486e-11
Ablated PINN,4,745,True,optimal,2.5263475254178047e-07,0.12025026697665453,0.12025051961140708,0.1870059366337955,36178.10482683561,1.5551362043017396,36178.10482683688,3.5195115625228027e-12
Ablated PINN,4,746,True,optimal,2.5263475254178047e-07,0.1347585441544652,0.13475879678921773,0.158794246148318,37337.59671869416,1.1783590380128963,37337.59671869416,0.0
Ablated PINN,4,747,True,optimal,2.5263475254178047e-07,0.12558698700740933,0.12558723964216187,0.1858645998872816,37554.49764354208,1.479964050622254,37554.497643544586,6.66479270482135e-12
Ablated PINN,4,748,True,optimal,2.5263475254178047e-07,0.12198387086391449,0.12198412349866704,0.1777994642034173,38142.643000995165,1.4575623376542126,38142.64300099513,-9.537825700743381e-14
Ablated PINN,4,749,True,optimal,2.5263475254178047e-07,0.1284588840790093,0.12845913671376183,0.185329757630825,39051.59526982926,1.4427137093703557,39051.59526982724,-5.1795994575046615e-12
Ablated PINN,4,750,True,optimal,2.5263475254178047e-07,0.12259730696678162,0.12259755960153416,0.1656797206960618,37642.6391076638,1.3514112453343525,37642.639107664145,9.084644859477934e-13
Ablated PINN,4,751,True,optimal,2.5263475254178047e-07,0.11603094777092338,0.11603120040567592,0.169417779892683,37993.39154236537,1.4601053794182375,37993.391542366735,3.6003104117230475e-12
Ablated PINN,4,752,True,optimal,2.5263475254178047e-07,0.13099193572998047,0.130992188364733,0.1555377151817083,37259.15908502567,1.1873816074331933,37259.1590850241,-4.218041639311295e-12
Ablated PINN,4,753,True,optimal,2.5263475254178047e-07,0.1396209178492427,0.13962117048399522,0.1601966121233999,37451.46730990082,1.147366202188967,37451.4673099124,3.0909466025395325e-11
Ablated PINN,4,754,True,optimal,2.5263475254178047e-07,0.11381347384303808,0.11381372647779063,0.1705217901617288,35286.394529816105,1.4982532901688626,35286.39452981597,-3.9177478036945123e-13
Ablated PINN,4,755,True,optimal,2.5263475254178047e-07,0.1560858590528369,0.15608611168758943,0.1570132779888808,37311.01125487052,1.0059400948057897,37311.01125486842,-5.63574044170277e-12
Ablated PINN,4,756,True,optimal,2.5263475254178047e-07,0.12862688908353448,0.128627141718287,0.1747830319218337,38287.37352632271,1.3588347652522288,38287.37352632375,2.698503151446853e-12
Ablated PINN,4,757,True,optimal,2.5263475254178047e-07,0.123587132897228,0.12358738553198055,0.1633758838288486,39976.59847331173,1.3219462740926098,39976.598473309336,-5.9879783335353935e-12
Ablated PINN,4,758,True,optimal,2.5263475254178047e-07,0.13016272382810712,0.13016297646285965,0.169767539948225,37188.85753721219,1.3042690368767496,37188.85753721092,-3.4238550652114224e-12
Ablated PINN,4,759,True,optimal,2.5263475254178047e-07,0.11509854113683105,0.1150987937715836,0.1730067301541566,37056.09206784597,1.5031150586816118,37056.09206786249,4.457141285691019e-11
Ablated PINN,4,760,True,optimal,2.5263475254178047e-07,0.12982631009072065,0.1298265627254732,0.1632449002936482,36461.444989150674,1.2574075510174314,36461.444989152806,5.846876286965836e-12
Ablated PINN,4,761,True,optimal,2.5263475254178047e-07,0.1328736967407167,0.13287394937546923,0.1510401302948594,37918.51392102491,1.13671740024869,37918.513921022335,-6.7926949900659864e-12
Ablated PINN,4,762,True,optimal,2.5263475254178047e-07,0.12893694872036576,0.1289372013551183,0.1630179630592465,37028.28735262345,1.264320625435813,37028.287352620944,-6.7595063078221644e-12
Ablated PINN,4,763,True,optimal,2.5263475254178047e-07,0.12427497003227472,0.12427522266702727,0.1710045598447322,36883.39563074646,1.3760149141145186,36883.39563074496,-4.0637453327977424e-12
Ablated PINN,4,764,True,optimal,2.5263475254178047e-07,0.11607222491875291,0.11607247755350546,0.1621614727191627,37488.26527703839,1.397070831407142,37488.26527703874,9.510227279397695e-13
Ablated PINN,4,765,True,optimal,2.5263475254178047e-07,0.13491215789690614,0.13491241053165867,0.158935974817723,38608.07698986368,1.178067860409528,38608.07698986152,-5.597169245129263e-12
Ablated PINN,4,766,True,optimal,2.5263475254178047e-07,0.12044344935566187,0.12044370199041442,0.1637887619435787,38515.40479776455,1.359878177412829,38515.40479776449,-1.7001929194692387e-13
Ablated PINN,4,767,True,optimal,2.5263475254178047e-07,0.12697008810937405,0.12697034074412658,0.1551509536802768,37859.76231560769,1.2219464228495724,37859.762315607084,-1.5951090155900548e-12
Ablated PINN,4,768,True,optimal,2.5263475254178047e-07,0.1453711693175137,0.14537142195226624,0.1561668459326028,38190.83160610894,1.074260978088811,38190.831606107284,-4.3437607045154344e-12
Ablated PINN,4,769,True,optimal,2.5263475254178047e-07,0.12276008911430836,0.1227603417490609,0.1665652976371348,38065.57719788576,1.3568331210548212,38065.577197885534,-5.925424035136238e-13
Ablated PINN,4,770,True,optimal,2.5263475254178047e-07,0.11455351999029517,0.11455377262504772,0.1595451403409242,37258.61946624414,1.3927532606293136,37258.619466247124,8.006583884617346e-12
Ablated PINN,4,771,True,optimal,2.5263475254178047e-07,0.15439581405371428,0.1543960666884668,0.1603712029755115,37937.31891786644,1.038700055093379,37937.31891786605,-1.0356601952197244e-12
Ablated PINN,4,772,True,optimal,2.5263475254178047e-07,0.1319504100829363,0.13195066271768882,0.1647333786822855,37090.78479413834,1.2484467700987298,37090.78479413692,-3.825240535190808e-12
Ablated PINN,4,773,True,optimal,2.5263475254178047e-07,0.13164124032482505,0.13164149295957758,0.1720323129557073,37294.17774944278,1.3068243840757132,37294.177749445604,7.569738025248055e-12
Ablated PINN,4,774,True,optimal,2.5263475254178047e-07,0.14337477227672935,0.14337502491148188,0.1756608001887798,37924.02546730991,1.2251840953278355,37924.02546730781,-5.544642807793594e-12
Ablated PINN,4,775,True,optimal,2.5263475254178047e-07,0.1336330589838326,0.13363331161858513,0.1706453766673803,37950.85654248112,1.2769673564210893,37950.85654247521,-1.556770550383654e-11
Ablated PINN,4,776,True,optimal,2.5263475254178047e-07,0.12129962118342519,0.12129987381817774,0.161757914815098,37610.0833568802,1.333537370843145,37610.08335687725,-7.835034040692232e-12
Ablated PINN,4,777,True,optimal,2.5263475254178047e-07,0.12572449399158359,0.12572474662633612,0.184444214683026,37344.57631915105,1.467047813834207,37344.57631915108,7.793321902492351e-14
Ablated PINN,4,778,True,optimal,2.5263475254178047e-07,0.13217584928497672,0.13217610191972926,0.1768015902489423,38518.512836588365,1.3376214586530488,38518.51283658976,3.6267855611399313e-12
Ablated PINN,4,779,True,optimal,2.5263475254178047e-07,0.12799939000979066,0.1279996426445432,0.1663928898051381,37350.47841742248,1.2999480808490498,37350.47841742255,1.9480226017103674e-13
Ablated PINN,4,780,True,optimal,2.5263475254178047e-07,0.13211822928860784,0.13211848192336037,0.1678067301400005,36690.910443639455,1.270123056949309,36690.91044363818,-3.4703215785228106e-12
Ablated PINN,4,781,True,optimal,2.5263475254178047e-07,0.1219985680654645,0.12199882070021704,0.1696261949837207,39084.662131004974,1.3903920874820301,39084.662131004996,5.5847669270843515e-14
Ablated PINN,4,782,True,optimal,2.5263475254178047e-07,0.12361784605309367,0.12361809868784622,0.1735791582614183,37109.414667102006,1.4041565119014736,37109.41466710196,-1.1764062051833428e-13
Ablated PINN,4,783,True,optimal,2.5263475254178047e-07,0.11925493367016315,0.1192551863049157,0.1780417370609939,37569.24189367904,1.4929475402920487,37569.24189367905,1.9366793811742028e-14
Ablated PINN,4,784,True,optimal,2.5263475254178047e-07,0.1252373461611569,0.12523759879590943,0.1783722727559507,37221.18556450191,1.4242709415614951,37221.1855645019,-1.9547893232940313e-14
Ablated PINN,4,785,True,optimal,2.5263475254178047e-07,0.12565996404737234,0.12566021668212488,0.1655639642849564,37420.94089406587,1.3175527518289551,37420.94089406592,1.3610481746962332e-13
Ablated PINN,4,786,True,optimal,2.5263475254178047e-07,0.11859010113403201,0.11859035376878456,0.1599579020403325,38506.23030993912,1.348827260876565,38506.23030993833,-2.059613141983639e-12
Ablated PINN,4,787,True,optimal,2.5263475254178047e-07,0.16206644708290696,0.1620666997176595,0.186602130997926,37784.814716498615,1.1513909478196958,37784.81471649754,-2.84993253236451e-12
Ablated PINN,4,788,True,optimal,2.5263475254178047e-07,0.1293711164034903,0.12937136903824284,0.1637930031865835,37043.382691420426,1.2660684075946158,37043.38269142316,7.385286829020056e-12
Ablated PINN,4,789,True,optimal,2.5263475254178047e-07,0.12134156515821815,0.1213418177929707,0.1784450141713023,37581.6110372246,1.4705978319507225,37581.611037227936,8.8864326268564e-12
Ablated PINN,4,790,True,optimal,2.5263475254178047e-07,0.13375889603048563,0.13375914866523816,0.1636664080433547,37648.96384969733,1.2235903837349178,37648.96384969588,-3.845831112385692e-12
Ablated PINN,4,791,True,optimal,2.5263475254178047e-07,0.12707009725272655,0.1270703498874791,0.1836869330145418,37645.13760626646,1.4455530592085153,37645.13760626785,3.6916000117839966e-12
Ablated PINN,4,792,True,optimal,2.5263475254178047e-07,0.1240569381043315,0.12405719073908404,0.174133175984025,37519.91914812281,1.403652419876735,37519.91914812164,-3.1221527190901216e-12
Ablated PINN,4,793,True,optimal,2.5263475254178047e-07,0.1243017720989883,0.12430202473374084,0.1603830829262733,37380.264379670094,1.2902692717179731,37380.26437967075,1.7518233114280818e-12
Ablated PINN,4,794,True,optimal,2.5263475254178047e-07,0.1204387890174985,0.12043904165225104,0.1747253960929811,36389.43790891799,1.4507371836905962,36389.43790891413,-1.061718376305164e-11
Ablated PINN,4,795,True,optimal,2.5263475254178047e-07,0.13492722203955054,0.13492747467430308,0.1614653617143631,36568.7611229574,1.1966826037774658,36568.76112295743,7.958659129543956e-14
Ablated PINN,4,796,True,optimal,2.5263475254178047e-07,0.12362357275560498,0.12362382539035753,0.1607130169868469,37171.79152542848,1.3000165338629155,37171.79152542702,-3.934347580343077e-12
Ablated PINN,4,797,True,optimal,2.5263475254178047e-07,0.1202042642980814,0.12020451693283395,0.1509169270284474,39013.86694836377,1.255501297948516,39013.86694836192,-4.737016293331309e-12
Ablated PINN,4,798,True,optimal,2.5263475254178047e-07,0.1242167497985065,0.12421700243325905,0.1698016240261495,35794.451877625856,1.3669757013930743,35794.451877626074,6.098116243594246e-13
Ablated PINN,4,799,True,optimal,2.5263475254178047e-07,0.13164037792012095,0.1316406305548735,0.1661311867646873,37746.53813891374,1.2620054011017263,37746.53813891347,-7.132056209606459e-13
Ablated PINN,4,800,True,optimal,2.5263475254178047e-07,0.16121978871524334,0.16122004134999587,0.1717250938527286,35840.833025642016,1.0651597184491914,35840.833025699096,1.592593772651201e-10
Ablated PINN,4,801,True,optimal,2.5263475254178047e-07,0.12736270809546113,0.12736296073021366,0.1753794956021011,38233.261439753136,1.3770054857125875,38233.26143975256,-1.5034047054192456e-12
Ablated PINN,4,802,True,optimal,2.5263475254178047e-07,0.12021484691649675,0.1202150995512493,0.1583868768066167,38219.708735816654,1.317528974295731,38219.708735816654,0.0
Ablated PINN,4,803,True,optimal,2.5263475254178047e-07,0.15362368989735842,0.15362394253211095,0.1588284643366933,38119.314792338526,1.0338783246855838,38119.314792335455,-8.054851273985979e-12
Ablated PINN,4,804,True,optimal,2.5263475254178047e-07,0.11929822107777,0.11929847371252254,0.1737248650752008,37809.66922896034,1.4562203494223347,37809.6692289591,-3.2714192417842376e-12
Ablated PINN,4,805,True,optimal,2.5263475254178047e-07,0.13126599229872227,0.1312662449334748,0.1638481528498232,37055.29910120396,1.2482123864582306,37055.29910120339,-1.5315614977396523e-12
Ablated PINN,4,806,True,optimal,2.5263475254178047e-07,0.13140564085915685,0.13140589349390938,0.1745663522742688,37243.996308895,1.3284514692056784,37243.996308893504,-4.024399680664277e-12
Ablated PINN,4,807,True,optimal,2.5263475254178047e-07,0.13066346012055874,0.13066371275531127,0.1842192970216274,36740.07874460136,1.4098734310925907,36740.07874460065,-1.920975437973167e-12
Ablated PINN,4,808,True,optimal,2.5263475254178047e-07,0.12070761015638709,0.12070786279113964,0.158339770976454,38477.47722063524,1.3117602061303058,38477.47722063487,-9.643923279989625e-13
Ablated PINN,4,809,True,optimal,2.5263475254178047e-07,0.1333337090909481,0.13333396172570064,0.1641544909216463,36486.88581102604,1.2311528795593034,36486.885811024265,-4.865676032357534e-12
Ablated PINN,4,810,True,optimal,2.5263475254178047e-07,0.135275486856699,0.13527573949145152,0.1660230248235166,36969.54150722014,1.2272934189652542,36969.541507221,2.322352302654246e-12
Ablated PINN,4,811,True,optimal,2.5263475254178047e-07,0.13142347941175103,0.13142373204650357,0.1727657448500394,37651.16012352104,1.3145703759873992,37651.160123520756,-7.536616296077542e-13
Ablated PINN,4,812,True,optimal,2.5263475254178047e-07,0.1250312477350235,0.12503150036977603,0.1655784891918301,38311.029673719466,1.3242941874818575,38311.029673719204,-6.837051270649734e-13
Ablated PINN,4,813,True,optimal,2.5263475254178047e-07,0.13523580972105265,0.13523606235580518,0.1679440890438854,38743.24909159474,1.2418587625098518,38743.24909159262,-5.4837414856940404e-12
Ablated PINN,4,814,True,optimal,2.5263475254178047e-07,0.11793339438736439,0.11793364702211694,0.1670696623623371,36420.13078428775,1.416641192576749,36420.13078429365,1.620203304609895e-11
Ablated PINN,4,815,True,optimal,2.5263475254178047e-07,0.12603336106985807,0.1260336137046106,0.168657979927957,39142.75245536184,1.3381983977960563,39142.75245536184,0.0
Ablated PINN,4,816,True,optimal,2.5263475254178047e-07,0.1338668242096901,0.13386707684444263,0.180665505118668,36666.3799411445,1.349588781479157,36666.379941144536,9.921837969636655e-14
Ablated PINN,4,817,True,optimal,2.5263475254178047e-07,0.12432566285133362,0.12432591548608617,0.1733923642896115,35690.82766090239,1.3946598632448162,35690.827660900395,-5.5857835666561654e-12
Ablated PINN,4,818,True,optimal,2.5263475254178047e-07,0.1328367949463427,0.13283704758109524,0.1688198326155543,38932.93729307029,1.2708791386867586,38932.93729306932,-2.4855621742637897e-12
Ablated PINN,4,819,True,optimal,2.5263475254178047e-07,0.14309170003980398,0.14309195267455652,0.1772310840897262,38310.81295782848,1.2385817705123823,38310.8129578296,2.9247551437179403e-12
Ablated PINN,4,820,True,optimal,2.5263475254178047e-07,0.12449598871171474,0.12449624134646729,0.1753436438739299,36825.40393455421,1.4084252020585635,36825.40393455498,2.094346360664786e-12
Ablated PINN,4,821,True,optimal,2.5263475254178047e-07,0.12732741283252835,0.1273276654672809,0.1628232379443943,36614.29798553884,1.2787734491702798,36614.297985538855,3.9743805095250675e-14
Ablated PINN,4,822,True,optimal,2.5263475254178047e-07,0.13728479016572237,0.1372850428004749,0.1747251199558377,36491.87408095365,1.2727178168256599,36491.87408095178,-5.124212318328469e-12
Ablated PINN,4,823,True,optimal,2.5263475254178047e-07,0.1357078980654478,0.13570815070020034,0.173844875767827,38384.094058500006,1.2810201514857895,38384.094058499904,-2.653792126585588e-13
Ablated PINN,4,824,True,optimal,2.5263475254178047e-07,0.12008330831304193,0.12008356094779447,0.1673142397776246,38249.15886278493,1.3933151087213624,38249.15886278331,-4.22300159891964e-12
Ablated PINN,4,825,True,optimal,2.5263475254178047e-07,0.12578930193558335,0.1257895545703359,0.1734744952991604,37505.45259125994,1.37908505910291,37505.452591258494,-3.860546841020966e-12
Ablated PINN,4,826,True,optimal,2.5263475254178047e-07,0.14466395182535052,0.14466420446010306,0.1599324629642069,37260.70992719524,1.1055427537246416,37260.70992719227,-7.96708037068336e-12
Ablated PINN,4,827,True,optimal,2.5263475254178047e-07,0.14057184802368283,0.14057210065843537,0.1515065440908074,36912.880983302384,1.0777853029239475,36912.88098329961,-7.509952561702968e-12
Ablated PINN,4,828,True,optimal,2.5263475254178047e-07,0.14007691387087107,0.1400771665056236,0.1755204237997532,36496.19908826157,1.2530266579364786,36496.19908826155,-5.980861949421706e-14
Ablated PINN,4,829,True,optimal,2.5263475254178047e-07,0.12057771487161517,0.12057796750636772,0.1602891026996076,36574.63732735143,1.3293398952934146,36574.63732735145,3.978690232284153e-14
Ablated PINN,4,830,True,optimal,2.5263475254178047e-07,0.12772652879357338,0.12772678142832591,0.1676881541498005,38281.85338147318,1.312866043241675,38281.85338147153,-4.314426373146719e-12
Ablated PINN,4,831,True,optimal,2.5263475254178047e-07,0.12681129714474082,0.12681154977949335,0.1604405213147401,38894.37200027038,1.2651885541476513,38894.37200026631,-1.0457194954324655e-11
Ablated PINN,4,832,True,optimal,2.5263475254178047e-07,0.11922073783352971,0.11922099046828226,0.1633390239439904,37218.72315335512,1.3700525662672245,37218.723153354076,-2.7955336741164814e-12
Ablated PINN,4,833,True,optimal,2.5263475254178047e-07,0.16865558177232742,0.16865583440707996,0.1697492441162467,38277.37450299216,1.006483082622138,38277.37450299151,-1.7107656775814638e-12
Ablated PINN,4,834,True,optimal,2.5263475254178047e-07,0.16056979866698384,0.16057005130173638,0.1542332433164119,38471.87402458407,0.9605355548313512,38471.87402457838,-1.4789502717376278e-11
Ablated PINN,4,835,True,optimal,2.5263475254178047e-07,0.14345561899244785,0.1434558716272004,0.170378363225609,39047.27848153639,1.187670893446399,39047.278481536414,5.590113752197005e-14
Ablated PINN,4,836,True,optimal,2.5263475254178047e-07,0.12736587319523096,0.1273661258299835,0.171564376913011,36842.56927503123,1.347017315593207,36842.56927503021,-2.764829071451386e-12
Ablated PINN,4,837,True,optimal,2.5263475254178047e-07,0.12375803897157311,0.12375829160632566,0.1721838312223553,35982.0104889091,1.3912912742046486,35982.010488913,1.0838508544163769e-11
Ablated PINN,4,838,True,optimal,2.5263475254178047e-07,0.133939438033849,0.13393969066860154,0.1748997261747717,37555.11161729632,1.305809542352274,37555.11161729629,-9.687040326665442e-14
Ablated PINN,4,839,True,optimal,2.5263475254178047e-07,0.12565227318555117,0.1256525258203037,0.186718522105366,38533.39174700831,1.4859909968892553,38533.391747007816,-1.2839905737155515e-12
Ablated PINN,4,840,True,optimal,2.5263475254178047e-07,0.12193823605775833,0.12193848869251088,0.1523732827045023,39566.30314176144,1.2495913664203109,39566.30314175793,-8.863632160606966e-12
Ablated PINN,4,841,True,optimal,2.5263475254178047e-07,0.1272814846597612,0.12728173729451372,0.1751240440644323,36698.62309754872,1.3758772294191552,36698.62309754866,-1.586099313828354e-13
Ablated PINN,4,842,True,optimal,2.5263475254178047e-07,0.1367751290090382,0.13677538164379074,0.1633176766335964,38325.344723586495,1.1940575465468686,38325.34472358327,-8.410228913347724e-12
Ablated PINN,4,843,True,optimal,2.5263475254178047e-07,0.14010093873366714,0.14010119136841967,0.1780405533500015,36875.60976934786,1.270799709916912,36875.60976934778,-2.1704192623967316e-13
Ablated PINN,4,844,True,optimal,2.5263475254178047e-07,0.14285564422607422,0.14285589686082675,0.1559993377886712,38315.79235048832,1.09200488895918,38315.79235048524,-8.05152611798841e-12
Ablated PINN,4,845,True,optimal,2.5263475254178047e-07,0.11804044898599386,0.11804070162074641,0.1618258580565452,37034.30674942864,1.3709327023188693,37034.30674942929,1.7681880471182605e-12
Ablated PINN,4,846,True,optimal,2.5263475254178047e-07,0.12429872108623385,0.1242989737209864,0.1631863000802695,36704.55315364656,1.3128531571513484,36704.55315364445,-5.748681094905428e-12
Ablated PINN,4,847,True,optimal,2.5263475254178047e-07,0.12506322702392936,0.1250634796586819,0.1655802568420767,36673.58823317191,1.3239696935825833,36673.58823317081,-2.995806117351591e-12
Ablated PINN,4,848,True,optimal,2.5263475254178047e-07,0.13387580309063196,0.1338760557253845,0.1834694938734173,38950.26374492535,1.370442928567915,38950.26374492528,-1.8680124124015402e-13
Ablated PINN,4,849,True,optimal,2.5263475254178047e-07,0.14310816070064902,0.14310841333540156,0.1886178143322467,37588.4932648367,1.3180064675176384,37588.493264836616,-2.3228249867594266e-13
Ablated PINN,4,850,True,optimal,2.5263475254178047e-07,0.13109485199674964,0.13109510463150217,0.1909786518663168,38127.10616984502,1.4567946865990342,38127.10616984788,7.499785925624865e-12
Ablated PINN,4,851,True,optimal,2.5263475254178047e-07,0.1241593579761684,0.12415961061092094,0.170585036277771,36980.28943143666,1.3739172943473015,36980.28943143632,-9.050606563612149e-13
Ablated PINN,4,852,True,optimal,2.5263475254178047e-07,0.13536816416308284,0.13536841679783537,0.162876624148339,36177.72586414372,1.2032099362703303,36177.72586413619,-2.0815614997358225e-11
Ablated PINN,4,853,True,optimal,2.5263475254178047e-07,0.13505521323531866,0.1350554658700712,0.1607574457302689,37910.53162703258,1.190306846854492,37910.53162702788,-1.2398318928903936e-11
Ablated PINN,4,854,True,optimal,2.5263475254178047e-07,0.13804207323119044,0.13804232586594298,0.1717571821063757,38353.75515272981,1.2442356431546526,38353.755152728634,-3.073245706460691e-12
Ablated PINN,4,855,True,optimal,2.5263475254178047e-07,0.12855874188244343,0.12855899451719596,0.1637262706644833,36222.52417163627,1.2735497137276022,36222.52417163602,-7.030391236396165e-13
Ablated PINN,4,856,True,optimal,2.5263475254178047e-07,0.1301829288713634,0.13018318150611594,0.16512958612293,39214.67813513802,1.2684402409935902,39214.67813513498,-7.755642599558896e-12
Ablated PINN,4,857,True,optimal,2.5263475254178047e-07,0.1356444340199232,0.13564468665467574,0.1841412629000842,39780.3177786508,1.3575265455761718,39780.31777865078,-5.487103688815881e-14
Ablated PINN,4,858,True,optimal,2.5263475254178047e-07,0.12555987108498812,0.12556012371974065,0.1726002781651914,36559.519462757264,1.3746424665082986,36559.51946276012,7.821359209294243e-12
Ablated PINN,4,859,True,optimal,2.5263475254178047e-07,0.12239176779985428,0.12239202043460683,0.1627713828347623,37063.77338210975,1.329918259840558,37063.77338210629,-9.344315239157577e-12
Ablated PINN,4,860,True,optimal,2.5263475254178047e-07,0.1299231629818678,0.12992341561662032,0.1739927111193537,36666.41944413251,1.339194403823046,36666.41944412938,-8.532771460998307e-12
Ablated PINN,4,861,True,optimal,2.5263475254178047e-07,0.13158330507576466,0.1315835577105172,0.1765870889648795,35617.74102342221,1.3420148538115206,35617.74102342041,-5.066119962888417e-12
Ablated PINN,4,862,True,optimal,2.5263475254178047e-07,0.12337006907910109,0.12337032171385363,0.1761649651452899,36276.12581112257,1.4279363358870758,36276.125811119695,-7.922574953473282e-12
Ablated PINN,4,863,True,optimal,2.5263475254178047e-07,0.11219036113470793,0.11219061376946048,0.1822052956558764,37964.55096791338,1.6240689798728483,37964.55096791628,7.627723907211446e-12
Ablated PINN,4,864,True,optimal,2.5263475254178047e-07,0.13765713199973106,0.1376573846344836,0.1739714201539755,37053.23788541132,1.2638001267851715,37053.237885410585,-1.9832861066154257e-12
Ablated PINN,4,865,True,optimal,2.5263475254178047e-07,0.15230339486151934,0.15230364749627187,0.1716699469834566,38411.46347397105,1.1271558482383608,38411.46347397169,1.6669093341939976e-12
Ablated PINN,4,866,True,optimal,2.5263475254178047e-07,0.12858581030741334,0.12858606294216587,0.1688673682510852,37047.36649525118,1.3132633847498436,37047.36649525202,2.2585549386846393e-12
Ablated PINN,4,867,True,optimal,2.5263475254178047e-07,0.1292474647052586,0.12924771734001114,0.1745442170649767,38024.41015392375,1.350462667017974,38024.410153922654,-2.8893797307946544e-12
Ablated PINN,4,868,True,optimal,2.5263475254178047e-07,0.13009742693975568,0.1300976795745082,0.1592684220522642,36528.58417802945,1.2242218506368487,36528.584178027944,-4.123136059135423e-12
Ablated PINN,4,869,True,optimal,2.5263475254178047e-07,0.13287243014201522,0.13287268277676775,0.1553684528917074,37317.732568215964,1.1693031979547939,37317.73256821335,-6.999537763225694e-12
Ablated PINN,4,870,True,optimal,2.5263475254178047e-07,0.13499681977555156,0.1349970724103041,0.1615158678032457,37296.3421614999,1.1964397813927516,37296.34216149815,-4.701548954654075e-12
Ablated PINN,4,871,True,optimal,2.5263475254178047e-07,0.13081424683332443,0.13081449946807697,0.1570401219651103,37491.75250393964,1.2004794774560388,37491.75250393403,-1.4962659640799523e-11
Ablated PINN,4,872,True,optimal,2.5263475254178047e-07,0.12342024920508265,0.1234205018398352,0.1627811468206346,38735.30596995663,1.3189149646456497,38735.30596995556,-2.7612167827318215e-12
Ablated PINN,4,873,True,optimal,2.5263475254178047e-07,0.13166296109557152,0.13166321373032405,0.1638848041184246,37398.365364246005,1.2447273575905387,37398.36536424402,-5.311292109497049e-12
Ablated PINN,4,874,True,optimal,2.5263475254178047e-07,0.12792897317558527,0.1279292258103378,0.1802421910688281,38247.34435833565,1.4089211431330568,38247.34435833443,-3.195936606031089e-12
Ablated PINN,4,875,True,optimal,2.5263475254178047e-07,0.15290082804858685,0.15290108068333938,0.1552472379989922,37857.29897615619,1.0153442821016534,37857.29897615172,-1.1819950323294679e-11
Ablated PINN,4,876,True,optimal,2.5263475254178047e-07,0.11836306238546968,0.11836331502022222,0.1657619741745293,38380.4931696181,1.4004505884801306,38380.49316961769,-1.0805738794850978e-12
Ablated PINN,4,877,True,optimal,2.5263475254178047e-07,0.13495406601577997,0.1349543186505325,0.1519819949753582,37761.71251448172,1.126173630418744,37761.71251448148,-6.358466957132082e-13
Ablated PINN,4,878,True,optimal,2.5263475254178047e-07,0.13099703285843134,0.13099728549318387,0.1566965188831091,36399.67871196315,1.196181419280344,36399.67871196154,-4.417584686553991e-12
Ablated PINN,4,879,True,optimal,2.5263475254178047e-07,0.12432927777990699,0.12432953041465954,0.1623079008422792,38720.21971377258,1.3054654055312163,38720.21971376619,-1.6498591259234942e-11
Ablated PINN,4,880,True,optimal,2.5263475254178047e-07,0.12735751317813993,0.12735776581289246,0.1710000876337289,37739.90315651656,1.3426749954529944,37739.90315651667,3.0846746305662777e-13
Ablated PINN,4,881,True,optimal,2.5263475254178047e-07,0.1490871822461486,0.14908743488090112,0.1626325817778706,36880.50805602447,1.0908537121709154,36880.50805602446,-1.9728463618588602e-14
Ablated PINN,4,882,True,optimal,2.5263475254178047e-07,0.14757945202291012,0.14757970465766265,0.1583884689025581,38065.47555477852,1.0732401807549912,38065.47555477635,-5.696067991864279e-12
Ablated PINN,4,883,True,optimal,2.5263475254178047e-07,0.1145877162925899,0.11458796892734245,0.168599990196526,36876.80440978094,1.4713585708411614,36876.80440978589,1.3416702604340766e-11
Ablated PINN,4,884,True,optimal,2.5263475254178047e-07,0.12745702918618917,0.1274572818209417,0.1899702958762645,37304.13998562833,1.4904624762290486,37304.139985628375,1.1702654370780085e-13
Ablated PINN,4,885,True,optimal,2.5263475254178047e-07,0.1193836578167975,0.11938391045155004,0.1678070118650794,36793.11604544458,1.4056082702466097,36793.11604544433,-6.723609888781501e-13
Ablated PINN,4,886,True,optimal,2.5263475254178047e-07,0.12698257388547063,0.12698282652022316,0.1669702790677547,37263.59536312081,1.3149044137961692,37263.59536311954,-3.4169880014912815e-12
Ablated PINN,4,887,True,optimal,2.5263475254178047e-07,0.11940526496618986,0.11940551760094241,0.1748517067171633,36677.91003838903,1.4643519849855187,36677.91003838733,-4.6419604604976615e-12
Ablated PINN,4,888,True,optimal,2.5263475254178047e-07,0.1308803497813642,0.13088060241611674,0.1667845761403441,37600.66379484942,1.2743261649276005,37600.66379484936,-1.548048758688158e-13
Ablated PINN,4,889,True,optimal,2.5263475254178047e-07,0.1316359881311655,0.13163624076591804,0.1741014849394559,37656.274599972974,1.3225953880668138,37656.27459996918,-1.0066778929300365e-11
Ablated PINN,4,890,True,optimal,2.5263475254178047e-07,0.13161443313583732,0.13161468577058985,0.1843472719192505,38694.51450702568,1.4006588310409056,38694.51450702882,8.123150605123973e-12
Ablated PINN,4,891,True,optimal,2.5263475254178047e-07,0.1378843761049211,0.13788462873967364,0.1689602509140968,37141.88355459688,1.2253740859910787,37141.88355459463,-6.072785342405456e-12
Ablated PINN,4,892,True,optimal,2.5263475254178047e-07,0.14078195998445153,0.14078221261920407,0.1870846119709313,37916.566529085525,1.328893817551857,37916.56652908551,-3.837877888337854e-14
Ablated PINN,4,893,True,optimal,2.5263475254178047e-07,0.13274170318618417,0.1327419558209367,0.1789605529047548,38051.64697211672,1.348183788599326,38051.64697211466,-5.430440274877662e-12
Ablated PINN,4,894,True,optimal,2.5263475254178047e-07,0.12574002891778946,0.125740281552542,0.1703684329986572,37580.68001928373,1.3549232663954776,37580.680019283725,-1.9360899298389283e-14
Ablated PINN,4,895,True,optimal,2.5263475254178047e-07,0.13174663996323943,0.13174689259799197,0.1642914060503244,37384.21871123708,1.247023006088179,37384.21871123499,-5.58577899246819e-12
Ablated PINN,4,896,True,optimal,2.5263475254178047e-07,0.12260408792644739,0.12260434056119994,0.1746736480854451,38050.08547103824,1.4246938345404985,38050.08547103655,-4.436316359329574e-12
Ablated PINN,4,897,True,optimal,2.5263475254178047e-07,0.16128816828131676,0.1612884209160693,0.155077080707997,37798.65516733106,0.9614892366557143,37798.65516732474,-1.6727598214102935e-11
Ablated PINN,4,898,True,optimal,2.5263475254178047e-07,0.1237024487927556,0.12370270142750815,0.160987445153296,38582.54496972541,1.3014060590070244,38582.54496972227,-8.127866459233663e-12
Ablated PINN,4,899,True,optimal,2.5263475254178047e-07,0.130835325922817,0.13083557855756953,0.1634005168452859,37981.44443347594,1.2488997155570136,37981.44443347252,-9.003607234200309e-12
Ablated PINN,4,900,True,optimal,2.5263475254178047e-07,0.12636374402791262,0.12636399666266515,0.1522460421547293,37899.104798563,1.2048213587384193,37899.104798562286,-1.8814266193881495e-12
Ablated PINN,4,901,True,optimal,2.5263475254178047e-07,0.12303554965183139,0.12303580228658394,0.1825937679968774,39872.63047953387,1.484070202359202,39872.63047953265,-3.065664001802535e-12
Ablated PINN,4,902,True,optimal,2.5263475254178047e-07,0.11602694680914283,0.11602719944389538,0.1649639327079057,38952.98756346495,1.4217694945543657,38952.98756347098,1.5484740040364498e-11
Ablated PINN,4,903,True,optimal,2.5263475254178047e-07,0.1292881821282208,0.12928843476297333,0.1651371773332357,36745.49558695806,1.2772772571342865,36745.49558695724,-2.237507474778872e-12
Ablated PINN,4,904,True,optimal,2.5263475254178047e-07,0.12248391984030604,0.12248417247505859,0.1611017286777496,38635.528408674174,1.3152860930709613,38635.52840867132,-7.382260583032567e-12
Ablated PINN,4,905,True,optimal,2.5263475254178047e-07,0.1286697960458696,0.12867004868062212,0.1802959288470447,38773.50040242515,1.401226864338612,38773.500402423524,-4.184658416502989e-12
Ablated PINN,4,906,True,optimal,2.5263475254178047e-07,0.1271440670825541,0.12714431971730664,0.1680621481500566,38610.52535361595,1.3218219148423374,38610.52535361479,-3.0151188247437896e-12
Ablated PINN,4,907,True,optimal,2.5263475254178047e-07,0.13878762908279896,0.1387878817175515,0.1649386477656662,38806.16664166131,1.1884225461509266,38806.16664166023,-2.7749242455271974e-12
Ablated PINN,4,908,True,optimal,2.5263475254178047e-07,0.12423651618883014,0.12423676882358269,0.1637667305767536,37740.03707799852,1.3181824682619023,37740.03707799731,-3.2003385726893486e-12
Ablated PINN,4,909,True,optimal,2.5263475254178047e-07,0.1271171229891479,0.12711737562390044,0.1559805711731314,37039.43367385054,1.2270594040159224,37039.433673847,-9.546893809528212e-12
Ablated PINN,4,910,True,optimal,2.5263475254178047e-07,0.1307189641520381,0.13071921678679063,0.1737089767120778,36994.25775820277,1.3288710029176931,36994.257758201864,-2.4584753334354033e-12
Ablated PINN,4,911,True,optimal,2.5263475254178047e-07,0.11788588995113969,0.11788614258589224,0.1650789980776608,37355.63354274313,1.400325724945862,37355.633542741176,-5.239457646932512e-12
Ablated PINN,4,912,True,optimal,2.5263475254178047e-07,0.12209658930078149,0.12209684193553404,0.162947020959109,38034.22386661655,1.3345719543273975,38034.22386661619,-9.565013919699948e-13
Ablated PINN,4,913,True,optimal,2.5263475254178047e-07,0.15185638796538115,0.15185664060013368,0.1951357428915798,37032.71438441591,1.2849997347525153,37032.71438442737,3.094462135122705e-11
Ablated PINN,4,914,True,optimal,2.5263475254178047e-07,0.11759405117481947,0.11759430380957202,0.1647420800291001,37283.19867560678,1.4009358845805788,37283.19867560678,0.0
Ablated PINN,4,915,True,optimal,2.5263475254178047e-07,0.1356474212370813,0.13564767387183382,0.1722468216903507,37566.85684767441,1.2698103607224214,37566.85684767454,3.4862442068642013e-13
Ablated PINN,4,916,True,optimal,2.5263475254178047e-07,0.14099293388426304,0.14099318651901557,0.166536655742675,38610.71291775249,1.1811681107030971,38610.71291774929,-8.291536489005758e-12
Ablated PINN,4,917,True,optimal,2.5263475254178047e-07,0.11354790208861232,0.11354815472336487,0.1557568660937249,37374.22925915304,1.3717252074522241,37374.22925915283,-5.645675509405836e-13
Ablated PINN,4,918,True,optimal,2.5263475254178047e-07,0.12325213616713881,0.12325238880189136,0.1672582039609551,38209.33611460351,1.357038233391128,38209.336114601494,-5.2747324713619214e-12
Ablated PINN,4,919,True,optimal,2.5263475254178047e-07,0.13315713312476873,0.13315738575952127,0.1697634500451386,37987.22887364677,1.2749082529430769,37987.228873646,-2.0111378801291283e-12
Ablated PINN,4,920,True,optimal,2.5263475254178047e-07,0.12566760508343577,0.1256678577181883,0.1747388020157814,36748.78325747851,1.3904812669571822,36748.78325747773,-2.138311401567006e-12
Ablated PINN,4,921,True,optimal,2.5263475254178047e-07,0.1483224369585514,0.14832268959330394,0.1688438202254474,37805.06536750914,1.1383546286034303,37805.06536750825,-2.348010300474885e-12
Ablated PINN,4,922,True,optimal,2.5263475254178047e-07,0.1361416717991233,0.13614192443387582,0.1664874609559774,37344.2401740349,1.2228963388632017,37344.24017403489,-3.896696026094182e-14
Ablated PINN,4,923,True,optimal,2.5263475254178047e-07,0.13082135701552033,0.13082160965027287,0.1795812579803168,37475.189696928144,1.372718608648783,37475.18969692805,-2.5240018729548396e-13
Ablated PINN,4,924,True,optimal,2.5263475254178047e-07,0.12154697114601731,0.12154722378076986,0.1640407489612698,36646.25634727243,1.3496050659054453,36646.25634727262,5.162188906175932e-13
Ablated PINN,4,925,True,optimal,2.5263475254178047e-07,0.11859714100137353,0.11859739363612608,0.1712135933339595,37889.51640016583,1.4436539293541941,37889.51640016982,1.0542495945314358e-11
Ablated PINN,4,926,True,optimal,2.5263475254178047e-07,0.13722116081044078,0.1372214134451933,0.1765804062597453,37144.36483203666,1.2868283588280638,37144.36483203511,-4.172312486238559e-12
Ablated PINN,4,927,True,optimal,2.5263475254178047e-07,0.12366256210952997,0.12366281474428252,0.1653168490156531,36389.86518204751,1.3368355665970026,36389.86518204635,-3.1991138533914343e-12
Ablated PINN,4,928,True,optimal,2.5263475254178047e-07,0.1316290032118559,0.13162925584660842,0.1713407700881362,37839.620375219565,1.301692157918182,37839.620375219594,7.691364281179005e-14
Ablated PINN,4,929,True,optimal,2.5263475254178047e-07,0.14905203878879547,0.149052291423548,0.1700820690020918,37538.42090298611,1.141089931444163,37538.42090299349,1.9654052683380463e-11
Ablated PINN,4,930,True,optimal,2.5263475254178047e-07,0.11522189667448401,0.11522214930923656,0.184565728995949,36687.36547948648,1.6018250840001789,36687.36547948648,0.0
Ablated PINN,4,931,True,optimal,2.5263475254178047e-07,0.12128726486116648,0.12128751749591903,0.1721314727328717,37628.348302235376,1.4192018790281813,37628.348302231745,-9.648849905170676e-12
Ablated PINN,4,932,True,optimal,2.5263475254178047e-07,0.12385974870994687,0.12386000134469942,0.1624365742318332,38580.05774407487,1.3114530313928876,38580.057744073296,-4.0736249154655234e-12
Ablated PINN,4,933,True,optimal,2.5263475254178047e-07,0.12903469102457166,0.1290349436593242,0.1571075972169637,38474.17297712669,1.2175585369476074,38474.17297712621,-1.2481443144251549e-12
Ablated PINN,4,934,True,optimal,2.5263475254178047e-07,0.12370513705536723,0.12370538969011978,0.1714016650803387,36572.00701525348,1.3855634383408628,36572.00701525502,4.197820086691958e-12
Ablated PINN,4,935,True,optimal,2.5263475254178047e-07,0.12034250516444445,0.120342757799197,0.1776131740771234,37616.63114837118,1.4758941653430229,37616.631148373315,5.667321915530052e-12
Ablated PINN,4,936,True,optimal,2.5263475254178047e-07,0.11710553988814354,0.11710579252289609,0.1541957431472838,37643.32475835425,1.3167217421558035,37643.32475835393,-8.504619001620494e-13
Ablated PINN,4,937,True,optimal,2.5263475254178047e-07,0.12961931619793177,0.1296195688326843,0.1694246246479451,38498.630669695616,1.307091407367988,38498.63066969398,-4.252334264137645e-12
Ablated PINN,4,938,True,optimal,2.5263475254178047e-07,0.12791929906234145,0.12791955169709399,0.1775129660964012,37176.86630960862,1.3876922154694655,37176.866309610145,4.109951296738558e-12
Ablated PINN,4,939,True,optimal,2.5263475254178047e-07,0.12075551506131887,0.12075576769607142,0.1766269081272184,37962.35783331163,1.462678855818865,37962.35783331269,2.7982714254345667e-12
Ablated PINN,4,940,True,optimal,2.5263475254178047e-07,0.12077525584027171,0.12077550847502426,0.1664674277417361,36759.09810019734,1.3783210672730115,36759.09810020019,7.759100555148253e-12
Ablated PINN,4,941,True,optimal,2.5263475254178047e-07,0.12927351519465446,0.129273767829407,0.1603717789985239,37584.68643838868,1.240559331496817,37584.68643838856,-3.0974136771839393e-13
Ablated PINN,4,942,True,optimal,2.5263475254178047e-07,0.12964406376704574,0.12964431640179827,0.1667221882380545,36956.17546753289,1.2859968941588087,36956.17546753157,-3.583228700017279e-12
Ablated PINN,4,943,True,optimal,2.5263475254178047e-07,0.12549719214439392,0.12549744477914646,0.1786800809204578,37829.79177671287,1.4237746532202586,37829.79177671319,8.462698841000302e-13
Ablated PINN,4,944,True,optimal,2.5263475254178047e-07,0.1303806472569704,0.13038089989172294,0.1818900229409337,37916.61795178456,1.3950664790010454,37916.61795178459,7.675745366778928e-14
Ablated PINN,4,945,True,optimal,2.5263475254178047e-07,0.1333344685845077,0.13333472121926024,0.1698925197124481,36731.51476814787,1.2741806347130762,36731.51476815876,2.9653306206358245e-11
Ablated PINN,4,946,True,optimal,2.5263475254178047e-07,0.12727892771363258,0.12727918034838512,0.1518744160421192,37405.165886938725,1.1932384827307394,37405.165886936236,-6.652496907972897e-12
Ablated PINN,4,947,True,optimal,2.5263475254178047e-07,0.14424400636926293,0.14424425900401547,0.1746546477079391,38742.33508880985,1.2108256433490159,38742.335088809836,-3.7560759296023837e-14
Ablated PINN,4,948,True,optimal,2.5263475254178047e-07,0.12584753707051277,0.1258477897052653,0.1629310543648898,37892.74735451319,1.2946675880956928,37892.74735450909,-1.0810417356284341e-11
Ablated PINN,4,949,True,optimal,2.5263475254178047e-07,0.13713907590135932,0.13713932853611185,0.1739861140958964,38100.98709894441,1.2686813910575767,38100.98709894314,-3.341888700089285e-12
Ablated PINN,4,950,True,optimal,2.5263475254178047e-07,0.12651121290400624,0.12651146553875878,0.1612791228108108,37506.788922990185,1.2748182318811287,37506.78892298985,-8.923559170571472e-13
Ablated PINN,4,951,True,optimal,2.5263475254178047e-07,0.12902605906128883,0.12902631169604137,0.1746421181596815,37170.31641944128,1.3535387927006803,37170.31641944129,1.957464534893726e-14
Ablated PINN,4,952,True,optimal,2.5263475254178047e-07,0.14345743786543608,0.1434576905001886,0.1561151021160185,37776.67107129443,1.088230972990697,37776.67107129077,-9.6880073763706e-12
Ablated PINN,4,953,True,optimal,2.5263475254178047e-07,0.11366154998540878,0.11366180262016133,0.1771903140470385,36492.996182438736,1.5589257777230474,36492.9961824423,9.769598563862355e-12
Ablated PINN,4,954,True,optimal,2.5263475254178047e-07,0.13634921703487635,0.13634946966962888,0.1568576139397919,37584.16674253724,1.1504086838023917,37584.166742537214,-7.743641266840802e-14
Ablated PINN,4,955,True,optimal,2.5263475254178047e-07,0.13496341928839684,0.13496367192314937,0.1804337482899427,37369.17707605438,1.3369060408543476,37369.17707605373,-1.7328725926835353e-12
Ablated PINN,4,956,True,optimal,2.5263475254178047e-07,0.1464853398501873,0.14648559248493984,0.1667911242693662,38000.57359270977,1.1386179448775071,38000.57359270902,-1.9721376900602003e-12
Ablated PINN,4,957,True,optimal,2.5263475254178047e-07,0.12846751837059855,0.1284677710053511,0.158080656081438,36539.97799590438,1.2305082811381032,36539.97799590217,-6.053345502724943e-12
Ablated PINN,4,958,True,optimal,2.5263475254178047e-07,0.12550023011863232,0.12550048275338485,0.158338532783091,38578.757388685,1.2616567626615005,38578.75738867988,-1.3277447245844873e-11
Ablated PINN,4,959,True,optimal,2.5263475254178047e-07,0.12627017870545387,0.1262704313402064,0.1683618519455194,38230.93145158145,1.3333434451641921,38230.93145158806,1.729972360121283e-11
Ablated PINN,4,960,True,optimal,2.5263475254178047e-07,0.12946691596880555,0.12946716860355809,0.1607487122528255,36342.0806295698,1.2416175775424174,36342.08062956907,-2.002075139380801e-12
Ablated PINN,4,961,True,optimal,2.5263475254178047e-07,0.16094265086576343,0.16094290350051596,0.1781878303736448,37129.59631251094,1.10714934612245,37129.596312509035,-5.134181580836965e-12
Ablated PINN,4,962,True,optimal,2.5263475254178047e-07,0.12162156263366342,0.12162181526841596,0.1792335021309554,37069.95701646289,1.4736953377598587,37069.957016465065,5.86866428163025e-12
Ablated PINN,4,963,True,optimal,2.5263475254178047e-07,0.12066215788945556,0.1206624105242081,0.1543464898131787,37063.69004129028,1.279159674853443,37063.69004129001,-7.459764233700271e-13
Ablated PINN,4,964,True,optimal,2.5263475254178047e-07,0.12184774689376354,0.12184799952851609,0.1753977257758379,37947.23281338346,1.439479732572791,37947.23281338338,-2.109127011964632e-13
Ablated PINN,4,965,True,optimal,2.5263475254178047e-07,0.11849310901015997,0.11849336164491252,0.1727722520008683,38960.64235283441,1.4580753689697201,38960.642352845534,2.8554301264689268e-11
Ablated PINN,4,966,True,optimal,2.5263475254178047e-07,0.11951454682275653,0.11951479945750908,0.1823322540149092,35812.02903461007,1.5256039824568632,35812.029034610736,1.869171109679247e-12
Ablated PINN,4,967,True,optimal,2.5263475254178047e-07,0.13065056828781962,0.13065082092257216,0.1871379967778921,36899.76525521711,1.432352245905872,36899.765255217186,1.9718167754887565e-13
Ablated PINN,4,968,True,optimal,2.5263475254178047e-07,0.11367662809789181,0.11367688073264436,0.1637383322231471,36398.27997577356,1.440383754091932,36398.27997577263,-2.5586994089703146e-12
Ablated PINN,4,969,True,optimal,2.5263475254178047e-07,0.12957540899515152,0.12957566162990405,0.1538550127297639,37352.33239972945,1.1873758605162048,37352.332399728264,-3.175119235982406e-12
Ablated PINN,4,970,True,optimal,2.5263475254178047e-07,0.12341372203081846,0.12341397466557101,0.1577663123607635,36937.63631732075,1.2783504687235052,36937.63631731993,-2.225868497214019e-12
Ablated PINN,4,971,True,optimal,2.5263475254178047e-07,0.1360768242739141,0.13607707690866663,0.1726000271737575,35908.58743828199,1.2683989919154763,35908.58743828128,-1.9654571202190378e-12
Ablated PINN,4,972,True,optimal,2.5263475254178047e-07,0.12518505798652768,0.12518531062128022,0.1860187347047031,37634.0887822892,1.4859469835679093,37634.08878228916,-9.666711550098072e-14
Ablated PINN,4,973,True,optimal,2.5263475254178047e-07,0.14760651206597686,0.1476067647007294,0.167913569137454,37601.82999232428,1.1375736706776032,37601.82999232279,-3.9667519139682275e-12
Ablated PINN,4,974,True,optimal,2.5263475254178047e-07,0.12021651631221175,0.1202167689469643,0.1611481108702719,36243.177270124615,1.3404794712238952,36243.17727011883,-1.595993160357912e-11
Ablated PINN,4,975,True,optimal,2.5263475254178047e-07,0.14023115206509829,0.14023140469985082,0.1785363280214369,37350.72194897757,1.2731550996267444,37350.72194897756,-1.9480099003501584e-14
Ablated PINN,4,976,True,optimal,2.5263475254178047e-07,0.13278056122362614,0.13278081385837867,0.1756710689514875,38114.041799932274,1.3230154556730969,38114.04179993119,-2.8444049314005235e-12
Ablated PINN,4,977,True,optimal,2.5263475254178047e-07,0.16060044476762414,0.16060069740237667,0.1640827269293368,37285.81046491984,1.0216812852203006,37285.810464916955,-7.747062855314629e-12
Ablated PINN,4,978,True,optimal,2.5263475254178047e-07,0.13799194060266018,0.1379921932374127,0.1618214529007673,38025.7304569932,1.1726855636126954,38025.7304569912,-5.261932696239539e-12
Ablated PINN,4,979,True,optimal,2.5263475254178047e-07,0.1405454990454018,0.14054575168015435,0.1591421430930495,37469.086759203085,1.1323155711971693,37469.08675920141,-4.466269119439249e-12
Ablated PINN,4,980,True,optimal,2.5263475254178047e-07,0.11701713874936104,0.11701739138411359,0.1636582026258111,38251.63513537474,1.3985801656490313,38251.635135373246,-3.8993661463852344e-12
Ablated PINN,4,981,True,optimal,2.5263475254178047e-07,0.1279182117432356,0.12791846437798812,0.1569830761291086,37876.70591719041,1.2272120126867458,37876.70591718677,-9.604791966454004e-12
Ablated PINN,4,982,True,optimal,2.5263475254178047e-07,0.13418741803616285,0.1341876706709154,0.1553159328177571,37334.6946502916,1.1574530807577479,37334.694650293175,4.2095076962182815e-12
Ablated PINN,4,983,True,optimal,2.5263475254178047e-07,0.14159660693258047,0.141596859567333,0.1601642942987382,37690.19867629384,1.1311288596946312,37690.19867629288,-2.5482126356534586e-12
Ablated PINN,4,984,True,optimal,2.5263475254178047e-07,0.11657902225852013,0.11657927489327267,0.1752495313994586,37822.04230656929,1.5032648947241956,37822.0423065736,1.1407746917096974e-11
Ablated PINN,4,985,True,optimal,2.5263475254178047e-07,0.11828650301322341,0.11828675564797596,0.1567981499247253,38594.236572782494,1.3255765539073547,38594.23657278319,1.8098348172903121e-12
Ablated PINN,4,986,True,optimal,2.5263475254178047e-07,0.12780058523640037,0.1278008378711529,0.1680581690743565,36311.45272581084,1.315000526395535,36311.452725807845,-8.255507042583168e-12
Ablated PINN,4,987,True,optimal,2.5263475254178047e-07,0.12156214332208037,0.12156239595683292,0.1654749000445008,38177.84485853607,1.361234275961962,38177.844858534634,-3.7544383537240275e-12
Ablated PINN,4,988,True,optimal,2.5263475254178047e-07,0.12061465810984373,0.12061491074459628,0.1613489440642297,37277.40101052316,1.337719715316859,37277.401010522415,-1.9908782708247448e-12
Ablated PINN,4,989,True,optimal,2.5263475254178047e-07,0.13806652510538697,0.1380667777401395,0.1631945217959582,38179.06883077564,1.1819970340954327,38179.06883077338,-5.926867488677497e-12
Ablated PINN,4,990,True,optimal,2.5263475254178047e-07,0.12101133726537228,0.12101158990012482,0.1789532070979476,38506.60753554843,1.478810477952104,38506.60753554846,7.55813932189838e-14
Ablated PINN,4,991,True,optimal,2.5263475254178047e-07,0.12853436963632703,0.12853462227107956,0.1578897107392549,35437.07459574925,1.2283827341575364,35437.07459574687,-6.7139801097559415e-12
Ablated PINN,4,992,True,optimal,2.5263475254178047e-07,0.12015546392649412,0.12015571656124667,0.167221387848258,38119.41415399938,1.3917056352705504,38119.4141540039,1.185319811095222e-11
Ablated PINN,4,993,True,optimal,2.5263475254178047e-07,0.15226014098152518,0.15226039361627772,0.1602107011713087,37604.41913579607,1.0522152042708304,37604.41913579516,-2.437933307988335e-12
Ablated PINN,4,994,True,optimal,2.5263475254178047e-07,0.1295641902834177,0.12956444291817024,0.1647424660623073,40263.60160688077,1.271509855264493,40263.601606871576,-2.2841499660467977e-11
Ablated PINN,4,995,True,optimal,2.5263475254178047e-07,0.1317358952946961,0.13173614792944863,0.162996135186404,38390.42170544686,1.237292404159993,38390.421705445144,-4.4727979549744345e-12
Ablated PINN,4,996,True,optimal,2.5263475254178047e-07,0.13667299877852201,0.13667325141327455,0.1651918441057205,38778.35034551141,1.2086625758701752,38778.35034550961,-4.653208484218961e-12
Ablated PINN,4,997,True,optimal,2.5263475254178047e-07,0.12702146591618657,0.1270217185509391,0.183085607830435,37455.25240619008,1.4413724670006947,37455.25240618867,-3.749166617030526e-12
Ablated PINN,4,998,True,optimal,2.5263475254178047e-07,0.13256665505468845,0.132566907689441,0.1608352991752326,37185.404543198085,1.2132386730481395,37185.40454319676,-3.56113992048423e-12
Ablated PINN,4,999,True,optimal,2.5263475254178047e-07,0.11833829898387194,0.11833855161862449,0.17379155382514,37624.27994287323,1.4685962558104197,37624.27994287497,4.62189275762932e-12
Ablated PINN,5,0,True,optimal,2.6782369241118433e-07,0.12774379597976804,0.12774406380346046,0.7029111012816429,37581.16658725598,5.502495226416946,37581.16658725585,-3.4849167534813436e-13
Ablated PINN,5,1,True,optimal,2.6782369241118433e-07,0.12528510484844446,0.12528537267213688,0.1652762829326093,37707.62420900778,1.3191985577209069,37707.62420900788,2.7014008104555774e-13
Ablated PINN,5,2,True,optimal,2.6782369241118433e-07,0.12310795299708843,0.12310822082078085,0.174185655079782,35928.650807939695,1.4148986470477787,35928.65080793963,-1.8226016578718823e-13
Ablated PINN,5,3,True,optimal,2.6782369241118433e-07,0.12973315175622702,0.12973341957991943,0.1632512500509619,36902.03678381335,1.2583592614730588,36902.03678381328,-1.9716953990395836e-13
Ablated PINN,5,4,True,optimal,2.6782369241118433e-07,0.12745547201484442,0.12745573983853684,0.177220526151359,37600.85536654788,1.3904475889109824,37600.855366546515,-3.6378960481931942e-12
Ablated PINN,5,5,True,optimal,2.6782369241118433e-07,0.12570497207343578,0.1257052398971282,0.1503279763273894,36866.67547005534,1.1958767705340796,36866.67547005219,-8.545629913118645e-12
Ablated PINN,5,6,True,optimal,2.6782369241118433e-07,0.12469335412606597,0.12469362194975839,0.17819330887869,38004.28690234184,1.4290491052580678,38004.28690234187,7.658038823757095e-14
Ablated PINN,5,7,True,optimal,2.6782369241118433e-07,0.11903622420504689,0.11903649202873931,0.1764783598482608,36775.08123419669,1.4825567927997503,36775.08123419669,0.0
Ablated PINN,5,8,True,optimal,2.6782369241118433e-07,0.15375969372689724,0.15375996155058966,0.1664968747645616,36978.40899588076,1.0828363449465437,36978.408995879436,-3.581074258573149e-12
Ablated PINN,5,9,True,optimal,2.6782369241118433e-07,0.11156963277608156,0.11156990059977398,0.1648466871120035,37364.12630120166,1.4775193508807112,37364.12630120495,8.821319071280117e-12
Ablated PINN,5,10,True,optimal,2.6782369241118433e-07,0.14067564019933343,0.14067590802302585,0.1573416241444647,36704.93616789373,1.1184688718604967,36704.936167892505,-3.3302356761814236e-12
Ablated PINN,5,11,True,optimal,2.6782369241118433e-07,0.11961412290111184,0.11961439072480426,0.1653347578831017,38193.61240151597,1.3822313258568184,38193.612401516526,1.4478148148562975e-12
Ablated PINN,5,12,True,optimal,2.6782369241118433e-07,0.12320081889629364,0.12320108671998606,0.1727200988680124,37317.390173038286,1.4019364882760665,37317.39017303576,-6.76563200270575e-12
Ablated PINN,5,13,True,optimal,2.6782369241118433e-07,0.1266576680354774,0.12665793585916982,0.1623006612062454,36927.52024933221,1.281409333772078,36927.52024932932,-7.822228932047114e-12
Ablated PINN,5,14,True,optimal,2.6782369241118433e-07,0.12675555190071464,0.12675581972440705,0.1527521843090653,37281.01560739845,1.2050901066410964,37281.01560740231,1.036327318391154e-11
Ablated PINN,5,15,True,optimal,2.6782369241118433e-07,0.12249491177499294,0.12249517959868536,0.1881736749783158,36970.38087601325,1.536172081177432,36970.38087601501,4.762682182089181e-12
Ablated PINN,5,16,True,optimal,2.6782369241118433e-07,0.13247983995825052,0.13248010778194294,0.1507117301225662,38848.967280889054,1.1376178102952015,38848.96728089714,2.080773177549649e-11
Ablated PINN,5,17,True,optimal,2.6782369241118433e-07,0.1240575248375535,0.12405779266124592,0.1645431309007108,37957.91146352359,1.3263425647916753,37957.91146352248,-2.913610140059105e-12
Ablated PINN,5,18,True,optimal,2.6782369241118433e-07,0.13885640120133758,0.13885666902503,0.1679855650290846,38056.53689326101,1.20977671586522,38056.53689326109,2.103069282959119e-13
Ablated PINN,5,19,True,optimal,2.6782369241118433e-07,0.1383529449813068,0.1383532128049992,0.1546796639449894,36767.26822304173,1.1180055801306281,36767.268223039515,-6.015924548143581e-12
Ablated PINN,5,20,True,optimal,2.6782369241118433e-07,0.13730875588953495,0.13730902371322737,0.1571014206856489,37706.58572882871,1.1441449107799233,37706.58572882621,-6.618614264395872e-12
Ablated PINN,5,21,True,optimal,2.6782369241118433e-07,0.15096180513501167,0.1509620729587041,0.1470939521677792,36531.38966684323,0.9743768701958471,36531.38966684196,-3.4655583497196753e-12
Ablated PINN,5,22,True,optimal,2.6782369241118433e-07,0.14212627382948995,0.14212654165318236,0.1775176827795803,35866.798990233656,1.2490114845175049,35866.798990230105,-9.89959353966419e-12
Ablated PINN,5,23,True,optimal,2.6782369241118433e-07,0.1424071379005909,0.14240740572428331,0.1634733946993947,36789.37153111116,1.1479276226399173,36789.37153111112,-9.888667992099929e-14
Ablated PINN,5,24,True,optimal,2.6782369241118433e-07,0.11688390886411071,0.11688417668780313,0.1636657412163913,37923.84644974744,1.4002386452491462,37923.84644975065,8.460896265115691e-12
Ablated PINN,5,25,True,optimal,2.6782369241118433e-07,0.11666223127394915,0.11666249909764156,0.1676783710718155,39062.01264174192,1.4372945236795913,39062.01264174079,-2.9057626861747854e-12
Ablated PINN,5,26,True,optimal,2.6782369241118433e-07,0.12957548862323165,0.12957575644692407,0.1732960944063961,38502.70951805598,1.3374114044040364,38502.70951805604,1.7007535144232398e-13
Ablated PINN,5,27,True,optimal,2.6782369241118433e-07,0.12195431115105748,0.1219545789747499,0.1849055322818458,37098.46446151903,1.5161835975025555,37098.464461519085,1.5690045870724442e-13
Ablated PINN,5,28,True,optimal,2.6782369241118433e-07,0.12399328825995326,0.12399355608364568,0.1622271696105599,37732.51147009323,1.3083516170882457,37732.51147009307,-4.2422585000446526e-13
Ablated PINN,5,29,True,optimal,2.6782369241118433e-07,0.1279802778735757,0.1279805456972681,0.1579065909609198,36949.69147879762,1.2338327681024297,36949.691478797395,-6.104372648662396e-13
Ablated PINN,5,30,True,optimal,2.6782369241118433e-07,0.12160346005111933,0.12160372787481175,0.1673054611310362,37873.52054076799,1.3758251005534414,37873.52054076706,-2.459033544592138e-12
Ablated PINN,5,31,True,optimal,2.6782369241118433e-07,0.13182753743603826,0.13182780525973067,0.1790197207592427,37154.95594431231,1.3579815002345919,37154.9559443111,-3.2507344801180972e-12
Ablated PINN,5,32,True,optimal,2.6782369241118433e-07,0.11911284876987338,0.1191131165935658,0.1805329089984297,36261.06802752526,1.5156425602936632,36261.06802752534,2.2072028792771314e-13
Ablated PINN,5,33,True,optimal,2.6782369241118433e-07,0.12867662915959954,0.12867689698329196,0.1816727579571306,39175.58797208662,1.4118521833854905,39175.58797208607,-1.4115238782681307e-12
Ablated PINN,5,34,True,optimal,2.6782369241118433e-07,0.12747567100450397,0.12747593882819638,0.1574292448349297,37392.7018554338,1.234972233050995,37392.70185543625,6.5574232251513466e-12
Ablated PINN,5,35,True,optimal,2.6782369241118433e-07,0.11744129098951817,0.11744155881321058,0.1631733779795467,37819.358279943845,1.3894006485308326,37819.35827994289,-2.5202713393566445e-12
Ablated PINN,5,36,True,optimal,2.6782369241118433e-07,0.11537718772888184,0.11537745555257425,0.1727020228281617,36667.54102069772,1.4968437464758118,36667.54102069768,-9.921523794132211e-14
Ablated PINN,5,37,True,optimal,2.6782369241118433e-07,0.1243527140468359,0.12435298187052832,0.1722064823843538,37589.13373195846,1.3848198876617912,37589.13373195734,-2.9809079415724744e-12
Ablated PINN,5,38,True,optimal,2.6782369241118433e-07,0.12236738298088312,0.12236765080457554,0.1687738937325775,38839.06333083153,1.3792362002774246,38839.063330831494,-9.366803663886981e-14
Ablated PINN,5,39,True,optimal,2.6782369241118433e-07,0.12964257411658764,0.12964284194028006,0.1731656058691442,38987.1527669687,1.335712818983966,38987.152766968684,-3.732489857709166e-14
Ablated PINN,5,40,True,optimal,2.6782369241118433e-07,0.1633604778908193,0.16336074571451173,0.1702394988387823,37519.98880849758,1.042107748065082,37519.98880849531,-6.0503716757801734e-12
Ablated PINN,5,41,True,optimal,2.6782369241118433e-07,0.12155877193436027,0.12155903975805268,0.174827363807708,37988.35995223662,1.4382094836852852,37988.35995223699,9.768093141949583e-13
Ablated PINN,5,42,True,optimal,2.6782369241118433e-07,0.12522432999685407,0.12522459782054648,0.1791499881073832,36992.35131840283,1.4306293749420913,36992.35131840175,-2.910984807725492e-12
Ablated PINN,5,43,True,optimal,2.6782369241118433e-07,0.1300288289785385,0.13002909680223093,0.1642176043242216,35874.39157093305,1.2629296700721535,35874.391570930806,-6.246781748862451e-12
Ablated PINN,5,44,True,optimal,2.6782369241118433e-07,0.11888484423980117,0.11888511206349359,0.1563226277939975,39059.96251351456,1.3149049959300998,39059.96251351499,1.0990320307867493e-12
Ablated PINN,5,45,True,optimal,2.6782369241118433e-07,0.12004969222471118,0.1200499600484036,0.1920943218283355,37354.62688591712,1.6001198313675735,37354.626885917074,-1.1686837568590197e-13
Ablated PINN,5,46,True,optimal,2.6782369241118433e-07,0.12050020089372993,0.12050046871742234,0.1867278451099991,35926.89636147079,1.549602645512377,35926.89636147098,5.265550802535969e-13
Ablated PINN,5,47,True,optimal,2.6782369241118433e-07,0.1121981949545443,0.11219846277823672,0.1675027632154524,36344.674703520446,1.4929149568343563,36344.67470351929,-3.1830722659985905e-12
Ablated PINN,5,48,True,optimal,2.6782369241118433e-07,0.12350137578323483,0.12350164360692725,0.1656385827809572,38775.287127550735,1.341185250199103,38775.28712751602,-8.952504636027392e-11
Ablated PINN,5,49,True,optimal,2.6782369241118433e-07,0.12350560538470745,0.12350587320839987,0.1572557552717626,37206.57563606999,1.2732654017709284,37206.57563607041,1.1342230087240939e-12
Ablated PINN,5,50,True,optimal,2.6782369241118433e-07,0.11981888581067324,0.11981915363436565,0.17130042379722,38144.41590346441,1.4296581022425854,38144.415903464454,1.1444858874123063e-13
Ablated PINN,5,51,True,optimal,2.6782369241118433e-07,0.12656306521967053,0.12656333304336295,0.1825809488072991,38201.28089594828,1.4426054088251885,38201.28089594771,-1.4856169232966747e-12
Ablated PINN,5,52,True,optimal,2.6782369241118433e-07,0.12012985488399863,0.12013012270769105,0.1925481427460909,37557.40050408594,1.6028298182514338,37557.40050408595,1.937289992525404e-14
Ablated PINN,5,53,True,optimal,2.6782369241118433e-07,0.12954723089933395,0.12954749872302637,0.1949777109548449,37103.61659903618,1.505067352722177,37103.61659903614,-9.804916988028102e-14
Ablated PINN,5,54,True,optimal,2.6782369241118433e-07,0.12926501594483852,0.12926528376853094,0.148077490273863,38652.06382056266,1.1455317774184302,38652.06382056256,-2.6353937288175867e-13
Ablated PINN,5,55,True,optimal,2.6782369241118433e-07,0.11476395605131984,0.11476422387501226,0.1681971619836986,36125.056598874,1.4655888072477992,36125.05659887255,-4.008064489143617e-12
Ablated PINN,5,56,True,optimal,2.6782369241118433e-07,0.12698388192802668,0.1269841497517191,0.1599473869428038,38451.28557363243,1.2595854463374745,38451.285573629786,-6.868879868504944e-12
Ablated PINN,5,57,True,optimal,2.6782369241118433e-07,0.1375629878602922,0.13756325568398461,0.1934801298193633,37953.532765328346,1.4064811773852823,37953.53276533163,8.645985353422571e-12
Ablated PINN,5,58,True,optimal,2.6782369241118433e-07,0.12475935276597738,0.1247596205896698,0.1737125380896031,37505.3012961932,1.3923778965386389,37505.3012961932,0.0
Ablated PINN,5,59,True,optimal,2.6782369241118433e-07,0.12021873705089092,0.12021900487458334,0.1754008373245597,37336.403300325714,1.4590108902294106,37336.40330032482,-2.3969710722959598e-12
Ablated PINN,5,60,True,optimal,2.6782369241118433e-07,0.1127214077860117,0.11272167560970411,0.1667244080454111,38224.219037981136,1.4790802846356725,38224.21903798266,3.97830270869192e-12
Ablated PINN,5,61,True,optimal,2.6782369241118433e-07,0.12435626611113548,0.1243565339348279,0.1633260962553322,38559.43102619601,1.3133696403996533,38559.431026195976,-9.434731556646127e-14
Ablated PINN,5,62,True,optimal,2.6782369241118433e-07,0.11824811436235905,0.11824838218605147,0.1568778399378061,37686.15846246544,1.3266806449070503,37686.15846246209,-8.900393664372246e-12
Ablated PINN,5,63,True,optimal,2.6782369241118433e-07,0.12685535894706845,0.12685562677076087,0.1753939697518944,37413.68150609963,1.3826266458707939,37413.68150609003,-2.5651012428550562e-11
Ablated PINN,5,64,True,optimal,2.6782369241118433e-07,0.12526103807613254,0.12526130589982495,0.1682122419588267,36439.882954135726,1.3428906935821892,36439.882954134126,-4.392743733933102e-12
Ablated PINN,5,65,True,optimal,2.6782369241118433e-07,0.11730634467676282,0.11730661250045524,0.1703032590448856,38366.51620609775,1.4517788504396945,38366.51620609983,5.4048376686145474e-12
Ablated PINN,5,66,True,optimal,2.6782369241118433e-07,0.12849172111600637,0.1284919889396988,0.1573258978314697,37814.308432089,1.2244023859363142,37814.30843209027,3.367224300211163e-12
Ablated PINN,5,67,True,optimal,2.6782369241118433e-07,0.12146798800677061,0.12146825583046303,0.1498328209854662,37614.95786348039,1.2335142211524996,37614.957863476266,-1.096762618268765e-11
Ablated PINN,5,68,True,optimal,2.6782369241118433e-07,0.12374329287558794,0.12374356069928036,0.1642994992434978,36768.491662672684,1.327741809877088,36768.49166267119,-4.056656238694293e-12
Ablated PINN,5,69,True,optimal,2.6782369241118433e-07,0.12465915875509381,0.12465942657878623,0.1661655101925134,36594.212788340985,1.3329558361757332,36594.21278834248,4.075975946073148e-12
Ablated PINN,5,70,True,optimal,2.6782369241118433e-07,0.11616999004036188,0.1161702578640543,0.1636013891547918,37939.40345430642,1.408289799496208,37939.40345430666,6.328686784894586e-13
Ablated PINN,5,71,True,optimal,2.6782369241118433e-07,0.11916017206385732,0.11916043988754974,0.1718249088153243,37461.55847289165,1.4419626931343439,37461.558472891746,2.524920287361535e-13
Ablated PINN,5,72,True,optimal,2.6782369241118433e-07,0.11555575300008059,0.115556020823773,0.1588552822358906,38787.67504438643,1.374703638144052,38787.675044387004,1.481915713851684e-12
Ablated PINN,5,73,True,optimal,2.6782369241118433e-07,0.13362114923074841,0.13362141705444083,0.1616515391506254,37538.58368513447,1.2097726750253246,37538.58368513692,6.512557263405111e-12
Ablated PINN,5,74,True,optimal,2.6782369241118433e-07,0.13037172565236688,0.1303719934760593,0.1628123982809484,38012.70549453402,1.2488295525744666,38012.705494531656,-6.220778536664905e-12
Ablated PINN,5,75,True,optimal,2.6782369241118433e-07,0.12004414573311806,0.12004441355681048,0.1758916899561882,38298.60953290395,1.4652217853765286,38298.609532903916,-9.498984040050257e-14
Ablated PINN,5,76,True,optimal,2.6782369241118433e-07,0.13431471586227417,0.1343149836859666,0.157206985168159,37765.73389393453,1.170435202789547,37765.73389394528,2.8475192310482965e-11
Ablated PINN,5,77,True,optimal,2.6782369241118433e-07,0.11902037123218179,0.1190206390558742,0.1539055360481143,38288.2214258203,1.2930995604540771,38288.221425818796,-3.933646354020221e-12
Ablated PINN,5,78,True,optimal,2.6782369241118433e-07,0.11825285200029612,0.11825311982398853,0.1596518591977656,37333.24443724882,1.3500858111430478,37333.24443724728,-4.112225121963811e-12
Ablated PINN,5,79,True,optimal,2.6782369241118433e-07,0.12120006699115038,0.1212003348148428,0.1683754809200763,36868.85723945147,1.3892328035009371,36868.85723945079,-1.855061607392032e-12
Ablated PINN,5,80,True,optimal,2.6782369241118433e-07,0.11753976624459028,0.1175400340682827,0.1564240306615829,37887.28953562926,1.3308149168198407,37887.28953562878,-1.2674783771072168e-12
Ablated PINN,5,81,True,optimal,2.6782369241118433e-07,0.11659566080197692,0.11659592862566934,0.1671471409499645,38047.12494683865,1.4335589837496778,38047.12494683806,-1.5490068371061688e-12
Ablated PINN,5,82,True,optimal,2.6782369241118433e-07,0.12112935399636626,0.12112962182005868,0.1646295888349414,37523.29088594467,1.3591191515441456,37523.29088594201,-7.077536288726002e-12
Ablated PINN,5,83,True,optimal,2.6782369241118433e-07,0.11521241208538413,0.11521267990907655,0.1670937710441649,37748.46372995909,1.4503071291808491,37748.46372995717,-5.088558898411377e-12
Ablated PINN,5,84,True,optimal,2.6782369241118433e-07,0.11569416476413608,0.1156944325878285,0.1756737977266311,37190.51122014362,1.5184291395635634,37190.51122014229,-3.5802149519105887e-12
Ablated PINN,5,85,True,optimal,2.6782369241118433e-07,0.11733169201761484,0.11733195984130726,0.1668096119537949,38475.23518885515,1.421689471303528,38475.2351888614,1.6244338884233696e-11
Ablated PINN,5,86,True,optimal,2.6782369241118433e-07,0.12490478297695518,0.1249050508006476,0.157599345780909,36474.638078183685,1.2617531858855136,36474.638078181546,-5.864709429013884e-12
Ablated PINN,5,87,True,optimal,2.6782369241118433e-07,0.12775524565950036,0.12775551348319278,0.1772752371616661,37692.54814357951,1.387613202188632,37692.54814357948,-7.721375149769811e-14
Ablated PINN,5,88,True,optimal,2.6782369241118433e-07,0.12642918759956956,0.12642945542326198,0.1681899102404713,38016.96605048681,1.330306372651873,38016.96605045687,-7.875579956223626e-11
Ablated PINN,5,89,True,optimal,2.6782369241118433e-07,0.12152592604979873,0.12152619387349115,0.1562495599500835,38555.68784773327,1.285727421964185,38555.68784773244,-2.151327636256074e-12
Ablated PINN,5,90,True,optimal,2.6782369241118433e-07,0.14822831796482205,0.14822858578851447,0.1743980650790035,38145.630979779344,1.1765481276858865,38145.630979779395,1.3351910032968762e-13
Ablated PINN,5,91,True,optimal,2.6782369241118433e-07,0.1310096592642367,0.1310099270879291,0.1723951939493417,37522.18984335877,1.3158941294092645,37522.189843357046,-4.595685810876739e-12
Ablated PINN,5,92,True,optimal,2.6782369241118433e-07,0.11925217229872942,0.11925244012242184,0.1533668269403278,38441.50359721302,1.2860686689755354,38441.503597208284,-1.2321704313295419e-11
Ablated PINN,5,93,True,optimal,2.6782369241118433e-07,0.11301635997369885,0.11301662779739127,0.1692102262750268,37228.57908703115,1.4972153175404923,37228.579087031125,-5.86320331794618e-14
Ablated PINN,5,94,True,optimal,2.6782369241118433e-07,0.12713842699304223,0.12713869481673465,0.1745448019355535,36075.97847745826,1.3728692290506275,36075.978477460456,6.090865146890976e-12
Ablated PINN,5,95,True,optimal,2.6782369241118433e-07,0.11489169904962182,0.11489196687331424,0.1947493818588554,37387.78907527332,1.6950652613824257,37387.789075273395,1.946078597890516e-13
Ablated PINN,5,96,True,optimal,2.6782369241118433e-07,0.12865176098421216,0.12865202880790458,0.1967294388450682,36501.84934506344,1.5291592419332358,36501.849345063325,-3.1892992797823536e-13
Ablated PINN,5,97,True,optimal,2.6782369241118433e-07,0.12347560282796621,0.12347587065165863,0.1600716123357415,37267.59634093165,1.296379701482925,37267.59634093117,-1.2690307166456225e-12
Ablated PINN,5,98,True,optimal,2.6782369241118433e-07,0.12558738328516483,0.12558765110885725,0.1627348968759179,37118.319200907456,1.295787407751277,37118.319200906306,-3.0971265073146852e-12
Ablated PINN,5,99,True,optimal,2.6782369241118433e-07,0.13586796866729856,0.13586823649099097,0.1670588622801005,37267.28662013373,1.2295652508242991,37267.28662013264,-2.928556761462441e-12
Ablated PINN,5,100,True,optimal,2.6782369241118433e-07,0.12221123231574893,0.12221150013944135,0.1672959411516785,36805.742381092845,1.368905061805121,36805.74238109398,3.0838921167792845e-12
Ablated PINN,5,101,True,optimal,2.6782369241118433e-07,0.1196539499796927,0.11965421780338512,0.1578561551868915,36720.79052825218,1.3192694589862224,36720.79052825071,-4.002483108129884e-12
Ablated PINN,5,102,True,optimal,2.6782369241118433e-07,0.12708479491993785,0.12708506274363027,0.1699013072066009,38807.4214056756,1.33691012569545,38807.42140567565,1.1249329149891903e-13
Ablated PINN,5,103,True,optimal,2.6782369241118433e-07,0.1399949132464826,0.13999518107017503,0.1637306381016969,37074.08902982997,1.169544814686329,37074.08902982836,-4.337224932056305e-12
Ablated PINN,5,104,True,optimal,2.6782369241118433e-07,0.11804608535021544,0.11804635317390785,0.1857084440998733,38523.04834376025,1.573182390702782,38523.04834377406,3.584806536722832e-11
Ablated PINN,5,105,True,optimal,2.6782369241118433e-07,0.14511309703812003,0.14511336486181245,0.1765054389834404,37290.9212997232,1.2163279319690627,37290.921299723195,-1.9511337774959806e-14
Ablated PINN,5,106,True,optimal,2.6782369241118433e-07,0.135737095028162,0.13573736285185442,0.1627001846209168,38125.56514261794,1.1986396464655789,38125.56514261721,-1.9084196095102953e-12
Ablated PINN,5,107,True,optimal,2.6782369241118433e-07,0.12849109480157495,0.12849136262526736,0.1486449730582535,36918.559273525694,1.1568479781147796,36918.55927352392,-4.8087836925257484e-12
Ablated PINN,5,108,True,optimal,2.6782369241118433e-07,0.127017377410084,0.12701764523377643,0.1685370439663529,38254.66403269718,1.326878983279527,38254.66403268225,-3.902861363922353e-11
Ablated PINN,5,109,True,optimal,2.6782369241118433e-07,0.12915338017046452,0.12915364799415693,0.1633912259712815,37194.60318317333,1.265091838355766,37194.603183169354,-1.068077763265766e-11
Ablated PINN,5,110,True,optimal,2.6782369241118433e-07,0.12381865829229355,0.12381892611598597,0.1715034088119864,37328.73881476896,1.385114652434738,37328.738814767086,-5.028825307424044e-12
Ablated PINN,5,111,True,optimal,2.6782369241118433e-07,0.12236256198957562,0.12236282981326804,0.1681589698418975,36987.63648211704,1.3742651269059134,36987.63648211578,-3.4228102827819664e-12
Ablated PINN,5,112,True,optimal,2.6782369241118433e-07,0.13220221176743507,0.1322024795911275,0.1514539830386638,37816.37176732379,1.1456213492143028,37816.3717673191,-1.2409949558416946e-11
Ablated PINN,5,113,True,optimal,2.6782369241118433e-07,0.1294294730760157,0.12942974089970813,0.1617690618149936,37243.61461154032,1.2498600452298239,37243.61461154032,0.0
Ablated PINN,5,114,True,optimal,2.6782369241118433e-07,0.12898671301081777,0.12898698083451018,0.1670810040086507,37855.0080039518,1.2953323112742285,37855.00800395118,-1.6337505387425322e-12
Ablated PINN,5,115,True,optimal,2.6782369241118433e-07,0.131402803119272,0.1314030709429644,0.1495927912183106,37754.193696234826,1.1384269039133905,37754.1936962279,-1.834686685255157e-11
Ablated PINN,5,116,True,optimal,2.6782369241118433e-07,0.11147748632356524,0.11147775414725766,0.186199280899018,36220.84474518762,1.6702819528733615,36220.84474518743,-5.222818498563683e-13
Ablated PINN,5,117,True,optimal,2.6782369241118433e-07,0.11966187600046396,0.11966214382415638,0.1601749858818948,37509.507798005856,1.338560222665508,37509.50779800175,-1.0940266442572773e-11
Ablated PINN,5,118,True,optimal,2.6782369241118433e-07,0.1210585618391633,0.12105882966285572,0.1637512389570474,37102.10286882047,1.3526583679446467,37102.102868820395,-1.9610634038476375e-13
Ablated PINN,5,119,True,optimal,2.6782369241118433e-07,0.11805698880925775,0.11805725663295016,0.1608690395951271,36526.41564666311,1.3626357598269654,36526.41564666295,-4.382337129941157e-13
Ablated PINN,5,120,True,optimal,2.6782369241118433e-07,0.11718023102730513,0.11718049885099754,0.1661076066084206,37424.06804941405,1.417536264456742,37424.068049414884,2.235820874754408e-12
Ablated PINN,5,121,True,optimal,2.6782369241118433e-07,0.14194871578365564,0.14194898360734806,0.1644488447345793,37793.24658383422,1.1585066729992881,37793.24658383444,5.968121461577889e-13
Ablated PINN,5,122,True,optimal,2.6782369241118433e-07,0.1254682932049036,0.12546856102859602,0.1663602860644459,37859.33108234029,1.3259121225318753,37859.33108234192,4.304921558261033e-12
Ablated PINN,5,123,True,optimal,2.6782369241118433e-07,0.14933363907039165,0.14933390689408407,0.1640323339961469,37214.071053609325,1.0984265891636236,37214.07105360835,-2.6199184681946202e-12
Ablated PINN,5,124,True,optimal,2.6782369241118433e-07,0.11907504871487617,0.11907531653856859,0.1715477150864899,37913.0085905288,1.4406656230128554,37913.00859053042,4.279635429323952e-12
Ablated PINN,5,125,True,optimal,2.6782369241118433e-07,0.12893642205744982,0.12893668988114224,0.1711934232152998,38060.45539918696,1.327732419477428,38060.455399186874,-2.2940211948190785e-13
Ablated PINN,5,126,True,optimal,2.6782369241118433e-07,0.12690185196697712,0.12690211979066954,0.1738632507622242,38667.85539992995,1.3700578922481284,38667.855399933,7.902952378275872e-12
Ablated PINN,5,127,True,optimal,2.6782369241118433e-07,0.12310991575941443,0.12311018358310685,0.1590948719531297,36284.69110908966,1.2922966023012306,36284.69110909021,1.5039312844723507e-12
Ablated PINN,5,128,True,optimal,2.6782369241118433e-07,0.13722635619342327,0.1372266240171157,0.1773588857613504,37414.30817167844,1.292452445228334,37414.30817167841,-9.72349612987247e-14
Ablated PINN,5,129,True,optimal,2.6782369241118433e-07,0.12381578981876373,0.12381605764245615,0.1706784111447632,37763.21038505876,1.3784836506233429,37763.21038505874,-5.780195227042085e-14
Ablated PINN,5,130,True,optimal,2.6782369241118433e-07,0.12359964614734054,0.12359991397103295,0.1864167973399162,36074.912873206165,1.5082275654625867,36074.91287320613,-1.0084511693425989e-13
Ablated PINN,5,131,True,optimal,2.6782369241118433e-07,0.12792597897350788,0.1279262467972003,0.1652475572191178,38410.38132021087,1.291740837836683,38410.38132021154,1.7427270375799545e-12
Ablated PINN,5,132,True,optimal,2.6782369241118433e-07,0.12391626322641969,0.1239165310501121,0.1704833069816231,37569.20204751008,1.3757914746070423,37569.20204751143,3.602227469528621e-12
Ablated PINN,5,133,True,optimal,2.6782369241118433e-07,0.11637507798150182,0.11637534580519424,0.1787672601640224,37451.83319371508,1.5361265646700522,37451.83319371524,4.2740515980642954e-13
Ablated PINN,5,134,True,optimal,2.6782369241118433e-07,0.13588274968788028,0.1358830175115727,0.1718095559626817,38325.85089692487,1.2643931457295556,38325.850896924974,2.657825050578097e-13
Ablated PINN,5,135,True,optimal,2.6782369241118433e-07,0.13029970740899444,0.13029997523268685,0.1495797391980886,37479.0917670911,1.147964448427349,37479.091767091246,3.8826755244758383e-13
Ablated PINN,5,136,True,optimal,2.6782369241118433e-07,0.12891185097396374,0.12891211879765616,0.1641923622228205,36375.48393757107,1.2736767012614316,36375.483937571116,1.2001419901388566e-13
Ablated PINN,5,137,True,optimal,2.6782369241118433e-07,0.11837267503142357,0.11837294285511599,0.1717461482621729,36341.14356950892,1.4508902467042972,36341.14356950655,-6.506911980044683e-12
Ablated PINN,5,138,True,optimal,2.6782369241118433e-07,0.11802524281665683,0.11802551064034925,0.1761316540651023,37306.82701671253,1.4923185090197644,37306.82701671307,1.443223416476492e-12
Ablated PINN,5,139,True,optimal,2.6782369241118433e-07,0.16518955677747726,0.16518982460116968,0.1690136389806866,36816.46134032205,1.0231480019350407,36816.461340320944,-3.00394311971702e-12
Ablated PINN,5,140,True,optimal,2.6782369241118433e-07,0.13596169278025627,0.1359619606039487,0.1539248223416507,36798.35369442655,1.13211681898312,36798.35369440391,-6.15320464696992e-11
Ablated PINN,5,141,True,optimal,2.6782369241118433e-07,0.13502865890040994,0.13502892672410235,0.1662877900525927,37974.67003816838,1.231497532320315,37974.67003816866,7.472411127415823e-13
Ablated PINN,5,142,True,optimal,2.6782369241118433e-07,0.12197870062664151,0.12197896845033393,0.1671390552073717,36542.8854043658,1.3702284691432325,36542.88540436378,-5.535184740779494e-12
Ablated PINN,5,143,True,optimal,2.6782369241118433e-07,0.18308854289352894,0.18308881071722136,0.167740907985717,36793.263327967645,0.9161723609903774,36793.26332795844,-2.5015683713343623e-11
Ablated PINN,5,144,True,optimal,2.6782369241118433e-07,0.12685511680319905,0.12685538462689147,0.1648941347375512,36690.69079785206,1.2998591681586065,36690.690797851785,-7.535600538629166e-13
Ablated PINN,5,145,True,optimal,2.6782369241118433e-07,0.12764907395467162,0.12764934177836404,0.162685742136091,37475.75503118665,1.2744738035434622,37475.75503118335,-8.814458185272962e-12
Ablated PINN,5,146,True,optimal,2.6782369241118433e-07,0.1287805736064911,0.1287808414301835,0.1855383249931037,36720.69366883008,1.4407292492625183,36720.69366883008,0.0
Ablated PINN,5,147,True,optimal,2.6782369241118433e-07,0.11979040503501892,0.11979067285871134,0.1595391239970922,36749.20658451377,1.3318159101190012,36749.20658451327,-1.3661276583593455e-12
Ablated PINN,5,148,True,optimal,2.6782369241118433e-07,0.11105291219428182,0.11105318001797423,0.1707322807051241,38037.44471917262,1.5373920915861272,38037.4447191769,1.1247503897083321e-11
Ablated PINN,5,149,True,optimal,2.6782369241118433e-07,0.11178405210375786,0.11178431992745028,0.175685788039118,37751.80857057275,1.5716496567062423,37751.80857057751,1.2604631300724376e-11
Ablated PINN,5,150,True,optimal,2.6782369241118433e-07,0.11829001922160387,0.11829028704529629,0.1770532489754259,36709.474531042135,1.4967691210997554,36709.4745310421,-9.910190362478162e-14
Ablated PINN,5,151,True,optimal,2.6782369241118433e-07,0.11408427590504289,0.1140845437287353,0.1814922061748802,38595.67212062213,1.590857098104574,38595.67212062364,3.921162919563526e-12
Ablated PINN,5,152,True,optimal,2.6782369241118433e-07,0.11418707575649023,0.11418734358018265,0.1631717029958963,38871.27775832071,1.4289823887646245,38871.27775832014,-1.4787284716861408e-12
Ablated PINN,5,153,True,optimal,2.6782369241118433e-07,0.1254508257843554,0.12545109360804782,0.1652596071362495,37324.90796936957,1.3173229693204358,37324.90796936711,-6.588827159633412e-12
Ablated PINN,5,154,True,optimal,2.6782369241118433e-07,0.11800265684723854,0.11800292467093096,0.1617744881659746,38338.45587072416,1.3709362595639665,38338.4558707241,-1.5182578325465549e-13
Ablated PINN,5,155,True,optimal,2.6782369241118433e-07,0.17085299594327807,0.1708532637669705,0.1514321439899504,36979.26468021715,0.886328658002642,36979.26468021692,-6.296248604922298e-13
Ablated PINN,5,156,True,optimal,2.6782369241118433e-07,0.11657213605940342,0.11657240388309584,0.161924394313246,38617.83856606487,1.3890456825067383,38617.83856606189,-7.724778839478133e-12
Ablated PINN,5,157,True,optimal,2.6782369241118433e-07,0.11558476183563471,0.11558502965932713,0.1768717681989073,37676.14049838544,1.5302307636223775,37676.140498388435,7.956479876626519e-12
Ablated PINN,5,158,True,optimal,2.6782369241118433e-07,0.12505978578701615,0.12506005361070857,0.1652848063968122,37010.94031413656,1.3216434954627214,37010.94031413877,5.9566580540389875e-12
Ablated PINN,5,159,True,optimal,2.6782369241118433e-07,0.11186837311834097,0.11186864094203339,0.1622777027077973,37387.229501181,1.4506094052924465,37387.229501180984,-3.892215449638273e-14
Ablated PINN,5,160,True,optimal,2.6782369241118433e-07,0.11568218003958464,0.11568244786327705,0.172804741654545,37624.14857988171,1.4937853135575048,37624.14857988518,9.224479258571984e-12
Ablated PINN,5,161,True,optimal,2.6782369241118433e-07,0.11908543715253472,0.11908570497622714,0.1660154690034687,37667.62044016228,1.3940839417847009,37667.62044016231,7.726485006656374e-14
Ablated PINN,5,162,True,optimal,2.6782369241118433e-07,0.13119059521704912,0.13119086304074154,0.1549761299975216,38997.61260539466,1.1813027706768993,38997.61260539434,-8.209275225729703e-13
Ablated PINN,5,163,True,optimal,2.6782369241118433e-07,0.1238384610041976,0.12383872882789002,0.1563915070146322,36891.7809473043,1.2628642791705633,36891.78094730435,1.3805704683120098e-13
Ablated PINN,5,164,True,optimal,2.6782369241118433e-07,0.1180232590995729,0.11802352692326532,0.1857619322836399,37682.00765341733,1.5739398501827155,37682.00765341909,4.6727386683514625e-12
Ablated PINN,5,165,True,optimal,2.6782369241118433e-07,0.11635534791275859,0.116355615736451,0.1776875653304159,36943.49853428515,1.527107773920286,36943.49853428347,-4.549504718175424e-12
Ablated PINN,5,166,True,optimal,2.6782369241118433e-07,0.13082650117576122,0.13082676899945364,0.1815414750017225,38013.99230255048,1.387647775681754,38013.99230255038,-2.6796292740800503e-13
Ablated PINN,5,167,True,optimal,2.6782369241118433e-07,0.13135664211586118,0.1313569099395536,0.150634597055614,36492.36374661443,1.146758074051311,36492.36374661363,-2.1932131969237803e-12
Ablated PINN,5,168,True,optimal,2.6782369241118433e-07,0.11937101790681481,0.11937128573050723,0.1624871878884732,35896.81238105991,1.3611915704359965,35896.81238106001,2.6349818468642446e-13
Ablated PINN,5,169,True,optimal,2.6782369241118433e-07,0.13254998484626412,0.13255025266995654,0.1908120033331215,36661.73709105121,1.4395446216781933,36661.73709105133,3.175390231450618e-13
Ablated PINN,5,170,True,optimal,2.6782369241118433e-07,0.12485426012426615,0.12485452794795857,0.1553251221776008,37501.11606822907,1.2440487720424755,37501.116068228424,-1.7267758817741896e-12
Ablated PINN,5,171,True,optimal,2.6782369241118433e-07,0.14119306486099958,0.141193332684692,0.1504521407186985,38070.898397441735,1.0655753912593235,38070.89839744084,-2.350726734110113e-12
Ablated PINN,5,172,True,optimal,2.6782369241118433e-07,0.15862888284027576,0.15862915066396818,0.168362864293158,36422.388320820326,1.061361443268452,36422.388320819504,-2.2573566652484955e-12
Ablated PINN,5,173,True,optimal,2.6782369241118433e-07,0.121932755690068,0.12193302351376042,0.1747743510641157,37904.42605564062,1.4333635468687613,37904.426055636686,-1.0384784783431556e-11
Ablated PINN,5,174,True,optimal,2.6782369241118433e-07,0.12971310317516327,0.1297133709988557,0.1656758869066834,36731.84934972731,1.277246020444145,36731.849349726755,-1.5054313585276793e-12
Ablated PINN,5,175,True,optimal,2.6782369241118433e-07,0.1282369731925428,0.1282372410162352,0.1569489380344748,37032.12061012018,1.2238951555001452,37032.120610117374,-7.584009753703618e-12
Ablated PINN,5,176,True,optimal,2.6782369241118433e-07,0.11672713607549667,0.11672740389918909,0.1728973733261227,38902.62361384735,1.4812063624360605,38902.62361385202,1.2007325867459138e-11
Ablated PINN,5,177,True,optimal,2.6782369241118433e-07,0.11680791107937694,0.11680817890306935,0.1639495980925858,38307.73581538626,1.4035797803905128,38307.735815386666,1.0636327564695655e-12
Ablated PINN,5,178,True,optimal,2.6782369241118433e-07,0.1250464511103928,0.12504671893408523,0.1598042650148272,37139.02947648978,1.2779564820014462,37139.02947648743,-6.3279367891639675e-12
Ablated PINN,5,179,True,optimal,2.6782369241118433e-07,0.11738411197438836,0.11738437979808078,0.1634914721362292,38733.38589152958,1.3927872892241686,38733.38589152838,-3.0994785989076265e-12
Ablated PINN,5,180,True,optimal,2.6782369241118433e-07,0.13744171289727092,0.13744198072096334,0.1709708841517567,36885.681009533975,1.2439495069476934,36885.68100953395,-5.917709052710277e-14
Ablated PINN,5,181,True,optimal,2.6782369241118433e-07,0.12324177799746394,0.12324204582115636,0.1658735247328877,38031.3976563549,1.3459166766315802,38031.39765635644,4.055867281409628e-12
Ablated PINN,5,182,True,optimal,2.6782369241118433e-07,0.12042379705235362,0.12042406487604604,0.1578817530535161,37802.02526979338,1.311048196355319,37802.025269791564,-4.811883465406187e-12
Ablated PINN,5,183,True,optimal,2.6782369241118433e-07,0.12400633096694946,0.12400659879064188,0.1625083871185779,37724.10494206256,1.3104817703527043,37724.10494206338,2.1794637981880623e-12
Ablated PINN,5,184,True,optimal,2.6782369241118433e-07,0.1333575937896967,0.1333578616133891,0.1592451990582049,37456.86259188247,1.1941193202382356,37456.862591882265,-5.438971635635254e-13
Ablated PINN,5,185,True,optimal,2.6782369241118433e-07,0.13278729282319546,0.13278756064688788,0.1703727087005973,37067.62150571223,1.2830472061585407,37067.62150571029,-5.240910001974639e-12
Ablated PINN,5,186,True,optimal,2.6782369241118433e-07,0.13146827882155776,0.13146854664525018,0.1595674627460539,37351.80616304193,1.2137310924766271,37351.80616304538,9.23329890412473e-12
Ablated PINN,5,187,True,optimal,2.6782369241118433e-07,0.12526622787117958,0.125266495694872,0.1596722630783915,37804.61325279761,1.2746605721878428,37804.61325279398,-9.60386190224774e-12
Ablated PINN,5,188,True,optimal,2.6782369241118433e-07,0.14329718006774783,0.14329744789144025,0.1793889189139008,39431.60362680566,1.2518640181910485,39431.603626808355,6.827275762677253e-12
Ablated PINN,5,189,True,optimal,2.6782369241118433e-07,0.1299230852164328,0.12992335304012523,0.1632190379314124,38769.074143244274,1.2562717487825628,38769.07414324691,6.793808504692834e-12
Ablated PINN,5,190,True,optimal,2.6782369241118433e-07,0.13667031424120069,0.1366705820648931,0.1698100757785141,38488.48953175455,1.2424771535536878,38488.48953175431,-6.23840021235324e-13
Ablated PINN,5,191,True,optimal,2.6782369241118433e-07,0.13369226269423962,0.13369253051793203,0.1626811670139432,37170.955207625775,1.2168306365636705,37170.95520762496,-2.1923226030558455e-12
Ablated PINN,5,192,True,optimal,2.6782369241118433e-07,0.1423706510104239,0.14237091883411632,0.1730627827346325,37654.766007572165,1.2155767775600075,37654.76600757211,-1.5458245286071401e-13
Ablated PINN,5,193,True,optimal,2.6782369241118433e-07,0.1318359011784196,0.131836169002112,0.1798879741691053,36704.63102917692,1.3644812006500544,36704.63102917697,1.3876097340087087e-13
Ablated PINN,5,194,True,optimal,2.6782369241118433e-07,0.1567333061248064,0.15673357394849882,0.1535031939856708,37954.35015798275,0.9793893555704313,37954.350157979556,-8.41575571530294e-12
Ablated PINN,5,195,True,optimal,2.6782369241118433e-07,0.12853635009378195,0.12853661791747437,0.1645955871790647,37708.2936063213,1.2805346044248778,37708.29360632119,-2.8943066305831353e-13
Ablated PINN,5,196,True,optimal,2.6782369241118433e-07,0.12549646431580186,0.12549673213949428,0.1679300027899444,37142.77210495334,1.3381225146427238,37142.77210495343,2.35069938031247e-13
Ablated PINN,5,197,True,optimal,2.6782369241118433e-07,0.12489015376195312,0.12489042158564553,0.1785661419853568,36277.17441392123,1.429782522296174,36277.17441392121,-6.016971606855332e-14
Ablated PINN,5,198,True,optimal,2.6782369241118433e-07,0.12812927085906267,0.1281295386827551,0.1703263069503009,38636.0996425531,1.3293289642759407,38636.09964255317,1.8832018970594585e-13
Ablated PINN,5,199,True,optimal,2.6782369241118433e-07,0.12797579960897565,0.12797606743266807,0.1708356100134551,36356.95851743364,1.334902794253595,36356.95851743256,-2.9618586669805927e-12
Ablated PINN,5,200,True,optimal,2.6782369241118433e-07,0.12172295385971665,0.12172322168340907,0.1640653940849006,37915.65990186803,1.347856159374582,37915.65990186793,-2.4946802779957523e-13
Ablated PINN,5,201,True,optimal,2.6782369241118433e-07,0.1185101019218564,0.11851036974554882,0.1620677299797535,37653.60798107942,1.3675404973229413,37653.607981084744,1.4144729440691401e-11
Ablated PINN,5,202,True,optimal,2.6782369241118433e-07,0.11751523008570075,0.11751549790939317,0.1618226491846144,37618.08398919161,1.3770324090307045,37618.08398918691,-1.2494704993781633e-11
Ablated PINN,5,203,True,optimal,2.6782369241118433e-07,0.1328192288056016,0.13281949662929401,0.1567703308537602,36636.40241760074,1.1803261933096627,36636.40241760087,3.5747843241393926e-13
Ablated PINN,5,204,True,optimal,2.6782369241118433e-07,0.13493718532845378,0.1349374531521462,0.1892231041565537,39250.50691723152,1.402302324049341,39250.50691723154,5.561169665548329e-14
Ablated PINN,5,205,True,optimal,2.6782369241118433e-07,0.1382278990931809,0.1382281669168733,0.157188419252634,37668.48343859015,1.137166344303494,37668.483438584786,-1.4235722471798794e-11
Ablated PINN,5,206,True,optimal,2.6782369241118433e-07,0.12294958578422666,0.12294985360791907,0.1910028969869017,38117.19770091682,1.5535024351960627,38117.19770091913,6.070106568339565e-12
Ablated PINN,5,207,True,optimal,2.6782369241118433e-07,0.11895850207656622,0.11895876990025864,0.1794584486633539,36823.91951985686,1.5085768692280646,36823.91951985686,0.0
Ablated PINN,5,208,True,optimal,2.6782369241118433e-07,0.13395478297024965,0.13395505079394207,0.1585283237509429,37588.82950263362,1.18344416885632,37588.829502632914,-1.8776000687287787e-12
Ablated PINN,5,209,True,optimal,2.6782369241118433e-07,0.12523510679602623,0.12523537461971865,0.1773438658565282,37769.670641839104,1.4160844441519715,37769.67064183919,2.311682624880567e-13
Ablated PINN,5,210,True,optimal,2.6782369241118433e-07,0.11826036591082811,0.11826063373452053,0.1568648456595838,36393.4042473068,1.3264333253255232,36393.40424730683,9.996258614254071e-14
Ablated PINN,5,211,True,optimal,2.6782369241118433e-07,0.12198675097897649,0.1219870188026689,0.1842784197069704,36866.41208974054,1.5106395870290639,36866.41208974061,1.9736006846753157e-13
Ablated PINN,5,212,True,optimal,2.6782369241118433e-07,0.12049696315079927,0.12049723097449169,0.1765705519355833,37000.58188317278,1.4653494566440441,37000.58188317275,-7.865776421740442e-14
Ablated PINN,5,213,True,optimal,2.6782369241118433e-07,0.12245189724490047,0.12245216506859288,0.1600435953587293,37617.887961815424,1.3069886944757505,37617.887961816916,3.965058624295025e-12
Ablated PINN,5,214,True,optimal,2.6782369241118433e-07,0.13053469406440854,0.13053496188810096,0.1678324625827372,36208.91296504872,1.2857280544242924,36208.91296504154,-1.983315591973441e-11
Ablated PINN,5,215,True,optimal,2.6782369241118433e-07,0.12853182898834348,0.1285320968120359,0.1560721979476511,37734.78839340876,1.2142663336138488,37734.78839340798,-2.063155771806618e-12
Ablated PINN,5,216,True,optimal,2.6782369241118433e-07,0.13189878081902862,0.13189904864272103,0.1625712476670742,36943.99694244033,1.232542989050936,36943.99694243853,-4.884250859832108e-12
Ablated PINN,5,217,True,optimal,2.6782369241118433e-07,0.14112565759569407,0.14112592541938648,0.165911469142884,36934.68781202453,1.175627147526876,36934.68781202116,-9.12087951714102e-12
Ablated PINN,5,218,True,optimal,2.6782369241118433e-07,0.12123288586735725,0.12123315369104967,0.1805611685849726,37194.76219849735,1.489371208185463,37194.7621984937,-9.820013642855445e-12
Ablated PINN,5,219,True,optimal,2.6782369241118433e-07,0.128560580778867,0.12856084860255942,0.1616897610947489,36459.26179715375,1.2576905243882306,36459.26179715211,-4.4901909213067856e-12
Ablated PINN,5,220,True,optimal,2.6782369241118433e-07,0.13550022104755044,0.13550048887124286,0.1711063073016703,36351.68314944333,1.26277261969336,36351.68314944188,-3.9830770951376825e-12
Ablated PINN,5,221,True,optimal,2.6782369241118433e-07,0.11817727889865637,0.11817754672234879,0.1655836827121675,38386.03849675534,1.4011433415621384,38386.03849675467,-1.743832202329127e-12
Ablated PINN,5,222,True,optimal,2.6782369241118433e-07,0.12175412476062775,0.12175439258432016,0.1587713342159986,38598.88256640612,1.3040296193506333,38598.88256640539,-1.903867858786433e-12
Ablated PINN,5,223,True,optimal,2.6782369241118433e-07,0.11731063667684793,0.11731090450054035,0.1660617548041045,37712.86717243253,1.4155696395925377,37712.86717244973,4.5608740701907683e-11
Ablated PINN,5,224,True,optimal,2.6782369241118433e-07,0.1290428088977933,0.1290430767214857,0.1644339892081916,37377.80931444781,1.2742565768413152,37377.80931444778,-7.786392779708486e-14
Ablated PINN,5,225,True,optimal,2.6782369241118433e-07,0.12162430305033922,0.12162457087403164,0.1800620970316231,38142.76854110703,1.4804746749578757,38142.76854110777,1.9457100389734056e-12
Ablated PINN,5,226,True,optimal,2.6782369241118433e-07,0.12449651397764683,0.12449678180133925,0.1751570329070091,36652.61986323667,1.4069201659084563,36652.6198632369,6.153848943985643e-13
Ablated PINN,5,227,True,optimal,2.6782369241118433e-07,0.13347245613113046,0.13347272395482287,0.1590660600923001,37479.91845667105,1.1917495603531694,37479.918456667794,-8.677588392567876e-12
Ablated PINN,5,228,True,optimal,2.6782369241118433e-07,0.14315401716157794,0.14315428498527036,0.1576206497848034,37077.091757483,1.1010543610414563,37077.09175745152,-8.491245430601413e-11
Ablated PINN,5,229,True,optimal,2.6782369241118433e-07,0.1309848758392036,0.13098514366289601,0.1605486427433788,38565.13544251396,1.2257011616261424,38565.13544251069,-8.47113573252732e-12
Ablated PINN,5,230,True,optimal,2.6782369241118433e-07,0.11688813706859946,0.11688840489229188,0.1766178421676159,37523.37283202936,1.5109954005306374,37523.372832030575,3.238208161638004e-12
Ablated PINN,5,231,True,optimal,2.6782369241118433e-07,0.12235584575682878,0.1223561135805212,0.1781322686001658,36811.091560241504,1.4558509860068325,36811.0915602396,-5.1786046382145124e-12
Ablated PINN,5,232,True,optimal,2.6782369241118433e-07,0.1140503459610045,0.11405061378469691,0.1704593249596655,36454.50453871415,1.4945936659442811,36454.5045387124,-4.810121018531491e-12
Ablated PINN,5,233,True,optimal,2.6782369241118433e-07,0.13821866502985358,0.138218932853546,0.1522852038033306,38572.52253202994,1.101768047686267,38572.52253202858,-3.527391999635178e-12
Ablated PINN,5,234,True,optimal,2.6782369241118433e-07,0.12133125215768814,0.12133151998138056,0.1642110357061028,37475.87660749561,1.353407883881307,37475.87660749459,-2.718106040999028e-12
Ablated PINN,5,235,True,optimal,2.6782369241118433e-07,0.11937808291986585,0.11937835074355826,0.1947568920440971,39128.37510686521,1.631425554391036,39128.37510686606,2.1570307505490886e-12
Ablated PINN,5,236,True,optimal,2.6782369241118433e-07,0.15679888101294637,0.15679914883663879,0.1505677769891917,38017.20189968063,0.9602588923876159,38017.201899677995,-6.928170735144311e-12
Ablated PINN,5,237,True,optimal,2.6782369241118433e-07,0.12718520686030388,0.1271854746839963,0.1522573833353817,39840.399711882914,1.1971287107563091,39840.399711882266,-1.6253858704865898e-12
Ablated PINN,5,238,True,optimal,2.6782369241118433e-07,0.12197150802239776,0.12197177584609017,0.1679574307054281,38744.131994619696,1.3770188188238304,38744.13199461923,-1.2018885527553037e-12
Ablated PINN,5,239,True,optimal,2.6782369241118433e-07,0.11820049211382866,0.11820075993752108,0.1684877211228013,38558.736612995686,1.425436868695777,38558.736613007255,3.0002986671125925e-11
Ablated PINN,5,240,True,optimal,2.6782369241118433e-07,0.1345614129677415,0.1345616807914339,0.1538734342902898,39137.74317886117,1.143515994934609,39137.74317885845,-6.952900005676267e-12
Ablated PINN,5,241,True,optimal,2.6782369241118433e-07,0.1327175237238407,0.13271779154753313,0.1762340846471488,38256.22741549938,1.3278859043102011,38256.227415499394,3.803802991423873e-14
Ablated PINN,5,242,True,optimal,2.6782369241118433e-07,0.1336807911284268,0.1336810589521192,0.1742930398322641,37978.036565924514,1.3037975701156808,37978.036565929186,1.2299647929922012e-11
Ablated PINN,5,243,True,optimal,2.6782369241118433e-07,0.1253162589855492,0.12531652680924163,0.1684316070750355,36870.66957148542,1.3440494351668728,36870.66957148096,-1.2096775212739246e-11
Ablated PINN,5,244,True,optimal,2.6782369241118433e-07,0.12624653615057468,0.1262468039742671,0.1818129550665617,37175.48521726529,1.440139071588859,37175.485217265465,4.697261695976537e-13
Ablated PINN,5,245,True,optimal,2.6782369241118433e-07,0.11927088117226958,0.119271148995962,0.1544076870195567,36815.17567001734,1.2945937749353305,36815.175670015175,-5.889515205525677e-12
Ablated PINN,5,246,True,optimal,2.6782369241118433e-07,0.13041464891284704,0.13041491673653946,0.1696410691365599,36832.83422482399,1.3007796453166782,36832.83422482285,-3.10137780452668e-12
Ablated PINN,5,247,True,optimal,2.6782369241118433e-07,0.11748796934261918,0.1174882371663116,0.1855394919402897,37846.35131537288,1.5792176001215126,37846.35131537437,3.94112314415297e-12
Ablated PINN,5,248,True,optimal,2.6782369241118433e-07,0.11828121589496732,0.11828148371865974,0.1609608731232583,36997.63605376801,1.3608289992888007,36997.63605376822,5.703141965737291e-13
Ablated PINN,5,249,True,optimal,2.6782369241118433e-07,0.11649914411827922,0.11649941194197164,0.1657424569129943,37893.28124064964,1.4226892149082317,37893.28124064977,3.456212625757198e-13
Ablated PINN,5,250,True,optimal,2.6782369241118433e-07,0.12887626001611352,0.12887652783980594,0.1777891954407096,36655.58670678856,1.3795312336603474,36655.58670678565,-7.939807563179371e-12
Ablated PINN,5,251,True,optimal,2.6782369241118433e-07,0.11398204602301121,0.11398231384670363,0.1761088618077337,38169.276495110855,1.5450542796015259,38169.27649512212,2.9508503752222435e-11
Ablated PINN,5,252,True,optimal,2.6782369241118433e-07,0.14270613016560674,0.14270639798929916,0.1670485702343285,38923.15842106638,1.17057519906609,38923.158421068365,5.103225198695619e-12
Ablated PINN,5,253,True,optimal,2.6782369241118433e-07,0.12152061518281698,0.1215208830065094,0.1596453660167753,36951.33447946284,1.3137278306990552,36951.334479461795,-2.835453471984171e-12
Ablated PINN,5,254,True,optimal,2.6782369241118433e-07,0.11716627702116966,0.11716654484486208,0.165907165966928,36702.85250401209,1.4159943539053952,36702.85250401628,1.1418599100196719e-11
Ablated PINN,5,255,True,optimal,2.6782369241118433e-07,0.1402385588735342,0.14023882669722662,0.178510885220021,38275.468676115175,1.2729062943846725,38275.46867611451,-1.7298603146925432e-12
Ablated PINN,5,256,True,optimal,2.6782369241118433e-07,0.1273497729562223,0.1273500407799147,0.1201210739091038,39135.03731406025,0.9432354569614629,39135.03731406019,-1.6732734404248078e-13
Ablated PINN,5,257,True,optimal,2.6782369241118433e-07,0.12674875603988767,0.12674902386358008,0.3116203770041466,37813.73931795047,2.458562342377827,37813.739317949534,-2.482162698424543e-12
Ablated PINN,5,258,True,optimal,2.6782369241118433e-07,0.1283734650351107,0.12837373285880313,0.2800673176534474,36778.84401491579,2.181655946403696,36778.844014915776,-3.956599403305137e-14
Ablated PINN,5,259,True,optimal,2.6782369241118433e-07,0.11660970095545053,0.11660996877914295,0.1633085631765425,39521.610471035856,1.4004682865994569,39521.610471036285,1.086194348156508e-12
Ablated PINN,5,260,True,optimal,2.6782369241118433e-07,0.1251815427094698,0.1251818105331622,0.1727011767216026,38194.32051010979,1.379602803203201,38194.320510109734,-1.5239873398994024e-13
Ablated PINN,5,261,True,optimal,2.6782369241118433e-07,0.12502943398430943,0.12502970180800185,0.1691072741523385,37153.86062032147,1.3525368109093234,37153.86062031971,-4.7391622653321835e-12
Ablated PINN,5,262,True,optimal,2.6782369241118433e-07,0.1298704887740314,0.12987075659772382,0.1604688568040728,37529.685998911234,1.235604234609389,37529.68599890717,-1.083744827080762e-11
Ablated PINN,5,263,True,optimal,2.6782369241118433e-07,0.12828828627243638,0.1282885540961288,0.1603829199448228,37950.82336621173,1.2501732603880245,37950.82336620833,-8.95335569675372e-12
Ablated PINN,5,264,True,optimal,2.6782369241118433e-07,0.12357568088918924,0.12357594871288166,0.1822337480261922,36860.41871620349,1.4746700302467188,36860.418716203494,1.9739215851568676e-14
Ablated PINN,5,265,True,optimal,2.6782369241118433e-07,0.15229783905670047,0.1522981068803929,0.1596016641706228,37108.6975706572,1.0479556669470997,37108.69757065644,-2.0391434930699864e-12
Ablated PINN,5,266,True,optimal,2.6782369241118433e-07,0.12627716967836022,0.12627743750205264,0.170874651055783,39054.09120491704,1.3531685029085694,39054.09120492085,9.762362078347624e-12
Ablated PINN,5,267,True,optimal,2.6782369241118433e-07,0.1192988739348948,0.11929914175858722,0.1589646516367793,37597.41037609647,1.332487805808854,37597.41037609642,-1.354659876565997e-13
Ablated PINN,5,268,True,optimal,2.6782369241118433e-07,0.11985795898362994,0.11985822680732236,0.1757277538999915,37107.99753300205,1.4661300987080512,37107.99753300253,1.294096244641139e-12
Ablated PINN,5,269,True,optimal,2.6782369241118433e-07,0.1370748532935977,0.13707512111729012,0.1745945168659091,37915.33347375513,1.2737141170680786,37915.33347376893,3.6403455619505497e-11
Ablated PINN,5,270,True,optimal,2.6782369241118433e-07,0.1189672201871872,0.11896748801087961,0.1566145559772849,36810.19218946578,1.3164483725416012,36810.19218946592,3.755568402303726e-13
Ablated PINN,5,271,True,optimal,2.6782369241118433e-07,0.11341496277600527,0.11341523059969769,0.1770382681861519,37582.04308082628,1.5609743704618788,37582.043080830765,1.1925881412827248e-11
Ablated PINN,5,272,True,optimal,2.6782369241118433e-07,0.1223528771661222,0.12235314498981462,0.1543954899534583,37994.7429380693,1.261884113941747,37994.742938066374,-7.698262271886732e-12
Ablated PINN,5,273,True,optimal,2.6782369241118433e-07,0.11842624470591545,0.11842651252960787,0.1699155429378152,36626.82554048875,1.4347762110729598,36626.82554048803,-1.9666454659246648e-12
Ablated PINN,5,274,True,optimal,2.6782369241118433e-07,0.13657012535259128,0.1365703931762837,0.165549426805228,36312.611787874994,1.2121911854755991,36312.61178787179,-8.816279503502091e-12
Ablated PINN,5,275,True,optimal,2.6782369241118433e-07,0.13248773710802197,0.1324880049317144,0.1742989677004516,36871.157228788,1.3155830053466877,36871.15722878327,-1.2826753496976389e-11
Ablated PINN,5,276,True,optimal,2.6782369241118433e-07,0.12238810304552317,0.12238837086921558,0.1705447668209672,37671.6110251428,1.393471990923154,37671.61102514056,-5.948763230945471e-12
Ablated PINN,5,277,True,optimal,2.6782369241118433e-07,0.12267778813838959,0.122678055962082,0.1631079888902604,39058.78132777718,1.329561245579851,39058.78132777828,2.8128619541961072e-12
Ablated PINN,5,278,True,optimal,2.6782369241118433e-07,0.12759663118049502,0.12759689900418744,0.1744931940920651,37029.41695937203,1.3675347555769253,37029.41695937096,-2.8884218470371022e-12
Ablated PINN,5,279,True,optimal,2.6782369241118433e-07,0.12402839493006468,0.1240286627537571,0.1640936927869916,38394.55795498355,1.32303041203289,38394.557954979304,-1.1067087298322669e-11
Ablated PINN,5,280,True,optimal,2.6782369241118433e-07,0.12835725396871567,0.12835752179240809,0.1638928488828241,37133.72193380556,1.276846472214438,37133.721933805486,-1.9593935741624613e-13
Ablated PINN,5,281,True,optimal,2.6782369241118433e-07,0.13047608500346541,0.13047635282715783,0.1605883887968957,38459.59117417182,1.23078538997505,38459.59117417187,1.1351068576729515e-13
Ablated PINN,5,282,True,optimal,2.6782369241118433e-07,0.1189617128111422,0.11896198063483462,0.1737940753810107,37427.36092411093,1.460921165346839,37427.360924115084,1.1100359990977447e-11
Ablated PINN,5,283,True,optimal,2.6782369241118433e-07,0.12911531794816256,0.12911558577185497,0.1796026630327105,38473.47079817487,1.3910223305656169,38473.470798174836,-9.455811320418468e-14
Ablated PINN,5,284,True,optimal,2.6782369241118433e-07,0.12301460094749928,0.1230148687711917,0.165735145099461,37010.78717097681,1.3472773393574824,37010.787170979005,5.937023682669761e-12
Ablated PINN,5,285,True,optimal,2.6782369241118433e-07,0.14112139586359262,0.14112166368728504,0.1824777326546609,36398.86937035118,1.2930525894239584,36398.86937036055,2.574649589171521e-11
Ablated PINN,5,286,True,optimal,2.6782369241118433e-07,0.11822072695940733,0.11822099478309975,0.1683438550680875,37984.71041538654,1.4239759644803214,37984.71041538792,3.639443164307675e-12
Ablated PINN,5,287,True,optimal,2.6782369241118433e-07,0.11675199121236801,0.11675225903606043,0.1707796999253332,37076.547321022605,1.4627528523673852,37076.54732102291,8.242143399971674e-13
Ablated PINN,5,288,True,optimal,2.6782369241118433e-07,0.1259408500045538,0.1259411178282462,0.1693494371138513,35967.41744938432,1.3446715420201665,35967.41744938302,-3.600815813777087e-12
Ablated PINN,5,289,True,optimal,2.6782369241118433e-07,0.13136235298588872,0.13136262080958114,0.1803531893528998,37204.85481359613,1.372941467225549,37204.85481359612,-3.911294722496539e-14
Ablated PINN,5,290,True,optimal,2.6782369241118433e-07,0.12814317783340812,0.12814344565710054,0.1693794578313827,36602.92751004228,1.3217957185623503,36602.92751004224,-1.1926845379546015e-13
Ablated PINN,5,291,True,optimal,2.6782369241118433e-07,0.11568037420511246,0.11568064202880488,0.1816567960195243,37017.4520161416,1.570330116030054,37017.452016141695,2.5552123075121247e-13
Ablated PINN,5,292,True,optimal,2.6782369241118433e-07,0.14458666695281863,0.14458693477651105,0.1627170639112591,37635.637006378034,1.125392582412594,37635.63700637547,-6.805084977726125e-12
Ablated PINN,5,293,True,optimal,2.6782369241118433e-07,0.12279999908059835,0.12280026690429077,0.1588991628959775,37831.828060584245,1.2939643121445479,37831.828060578264,-1.5809009147749897e-11
Ablated PINN,5,294,True,optimal,2.6782369241118433e-07,0.12901189690455794,0.12901216472825036,0.1702756700105965,37208.54216505664,1.3198419728035964,37208.54216505663,-3.910907114773466e-14
Ablated PINN,5,295,True,optimal,2.6782369241118433e-07,0.1267186040058732,0.12671887182956562,0.1555705987848341,38143.65235002016,1.2276829531285085,38143.65235001465,-1.4439885995694229e-11
Ablated PINN,5,296,True,optimal,2.6782369241118433e-07,0.1214327597990632,0.12143302762275562,0.1542933657765388,36785.25802458462,1.2706046188345665,36785.25802457767,-1.888946794093783e-11
Ablated PINN,5,297,True,optimal,2.6782369241118433e-07,0.1347893332131207,0.13478960103681312,0.1687264549545943,37928.08708112386,1.2517764994980027,37928.08708112247,-3.664060097037342e-12
Ablated PINN,5,298,True,optimal,2.6782369241118433e-07,0.1402910049073398,0.14029127273103223,0.1718161692842841,35970.96302945475,1.2247103183224497,35970.96302945469,-1.8204577529389386e-13
Ablated PINN,5,299,True,optimal,2.6782369241118433e-07,0.13391816010698676,0.13391842793067918,0.1814436060376465,37520.53220985247,1.3548815412585937,37520.53220985269,5.817580816942283e-13
Ablated PINN,5,300,True,optimal,2.6782369241118433e-07,0.1402992750518024,0.14029954287549481,0.1672916179522872,37603.47588793357,1.1923889025122898,37603.475887933426,-3.8698324781822515e-13
Ablated PINN,5,301,True,optimal,2.6782369241118433e-07,0.15671048406511545,0.15671075188880787,0.1607561628334224,37545.15285488037,1.0258145079125451,37545.15285487296,-1.9728045534580708e-11
Ablated PINN,5,302,True,optimal,2.6782369241118433e-07,0.13220371399074793,0.13220398181444035,0.160601366776973,36561.76105642507,1.2147997705726505,36561.76105642498,-2.5870594372740833e-13
Ablated PINN,5,303,True,optimal,2.6782369241118433e-07,0.12998729990795255,0.12998756773164497,0.158991337288171,38274.21456085486,1.2231272579574946,38274.214560853026,-4.790539374384672e-12
Ablated PINN,5,304,True,optimal,2.6782369241118433e-07,0.13362335367128253,0.13362362149497495,0.1671152547933161,38073.65136734617,1.2506415626491656,38073.6513673442,-5.159758744637726e-12
Ablated PINN,5,305,True,optimal,2.6782369241118433e-07,0.13689565705135465,0.13689592487504706,0.1730596339330077,36280.98133229344,1.2641693614398628,36280.98133229339,-1.403812725813732e-13
Ablated PINN,5,306,True,optimal,2.6782369241118433e-07,0.1220498918555677,0.12205015967926011,0.171266274061054,36628.01906959449,1.4032449814988415,36628.01906959451,5.959337522751795e-14
Ablated PINN,5,307,True,optimal,2.6782369241118433e-07,0.12614415306597948,0.1261444208896719,0.1705894507467746,38399.23556223972,1.3523344872776821,38399.2355622397,-5.684455047853853e-14
Ablated PINN,5,308,True,optimal,2.6782369241118433e-07,0.12545483000576496,0.12545509782945738,0.1610176363028586,38096.50450661171,1.2834682614631143,38096.50450661102,-1.8143816140073005e-12
Ablated PINN,5,309,True,optimal,2.6782369241118433e-07,0.11565536307170987,0.11565563089540229,0.169254187028855,35963.9498253389,1.4634323095079276,35963.949825339914,2.812144142351488e-12
Ablated PINN,5,310,True,optimal,2.6782369241118433e-07,0.1237941300496459,0.12379439787333832,0.1649342491291463,36943.73555938717,1.3323240143540316,36943.73555938677,-1.0832084593524702e-12
Ablated PINN,5,311,True,optimal,2.6782369241118433e-07,0.13469209289178252,0.13469236071547494,0.1754257259890437,37900.27542761033,1.30241778418016,37900.27542760873,-4.2234803231911e-12
Ablated PINN,5,312,True,optimal,2.6782369241118433e-07,0.12090450478717685,0.12090477261086927,0.1499246289022267,38447.22648198683,1.2400224214866813,38447.22648198648,-9.083775279458247e-13
Ablated PINN,5,313,True,optimal,2.6782369241118433e-07,0.1290962640196085,0.12909653184330092,0.1615124959498644,36741.12301258186,1.2510986441209002,36741.12301257927,-7.0499775136494365e-12
Ablated PINN,5,314,True,optimal,2.6782369241118433e-07,0.13422855036333203,0.13422881818702445,0.1641646581701934,38321.83728212257,1.2230209606811748,38321.837282121756,-2.126482733041362e-12
Ablated PINN,5,315,True,optimal,2.6782369241118433e-07,0.12086112704128027,0.12086139486497269,0.1702950592152774,37675.58600542924,1.409011201678852,37675.58600540572,-6.243611171241028e-11
Ablated PINN,5,316,True,optimal,2.6782369241118433e-07,0.12126991711556911,0.12127018493926153,0.1727871787734329,35689.22135725565,1.4248117033875538,35689.22135725773,5.830678839490585e-12
Ablated PINN,5,317,True,optimal,2.6782369241118433e-07,0.15907758194953203,0.15907784977322445,0.1660117567516863,37769.76979186518,1.0435881361757566,37769.769791861305,-1.0267696704879108e-11
Ablated PINN,5,318,True,optimal,2.6782369241118433e-07,0.12446975009515882,0.12447001791885123,0.1665123449638486,37134.898483008044,1.33777071577516,37134.89848300991,5.0158886258521874e-12
Ablated PINN,5,319,True,optimal,2.6782369241118433e-07,0.12198931816965342,0.12198958599334583,0.1586961117573082,35526.88101342742,1.3008988469389886,35526.88101342619,-3.4611449182163123e-12
Ablated PINN,5,320,True,optimal,2.6782369241118433e-07,0.12070201709866524,0.12070228492235766,0.1697614761069417,37833.02452840294,1.4064479078928922,37833.024528400725,-5.846455952923342e-12
Ablated PINN,5,321,True,optimal,2.6782369241118433e-07,0.12212799303233624,0.12212826085602865,0.1616911957971751,38424.799313408825,1.3239457817858011,38424.799313409414,1.5337817692731459e-12
Ablated PINN,5,322,True,optimal,2.6782369241118433e-07,0.12287229765206575,0.12287256547575817,0.1900710468180477,36861.60370559331,1.546895729588614,36861.6037055933,-3.947716259061938e-14
Ablated PINN,5,323,True,optimal,2.6782369241118433e-07,0.1146261696703732,0.11462643749406562,0.1701830299571156,36939.498044041306,1.4846752082470174,36939.498044040956,-9.454540098634101e-13
Ablated PINN,5,324,True,optimal,2.6782369241118433e-07,0.14002899313345551,0.14002926095714793,0.1611792789772153,36921.98671224211,1.1510399888958904,36921.98671223374,-2.2681951757347807e-11
Ablated PINN,5,325,True,optimal,2.6782369241118433e-07,0.12620912119746208,0.1262093890211545,0.1566367377527058,37815.81817330616,1.2410862533091833,37815.81817330908,7.734686441258654e-12
Ablated PINN,5,326,True,optimal,2.6782369241118433e-07,0.12626829976215959,0.126268567585852,0.1568925678730011,37089.19328596693,1.2425306699256515,37089.19328596556,-3.707699918080913e-12
Ablated PINN,5,327,True,optimal,2.6782369241118433e-07,0.12311589485034347,0.12311616267403588,0.1752254292368888,37879.42163240183,1.4232528486192195,37879.42163239796,-1.0199557772092686e-11
Ablated PINN,5,328,True,optimal,2.6782369241118433e-07,0.13431473821401596,0.13431500603770838,0.1725397910922765,37382.447300700616,1.2845905768997745,37382.4473007006,-3.892713366600298e-14
Ablated PINN,5,329,True,optimal,2.6782369241118433e-07,0.12301709735766053,0.12301736518135295,0.162507439032197,36457.330790976346,1.3210121903735097,36457.330790973865,-6.8054942383512415e-12
Ablated PINN,5,330,True,optimal,2.6782369241118433e-07,0.14393234020099044,0.14393260802468286,0.1752945310436189,39096.86477081424,1.2178931060122096,39096.864770828426,3.6289655016657737e-11
Ablated PINN,5,331,True,optimal,2.6782369241118433e-07,0.13400107715278864,0.13400134497648106,0.150166839826852,36987.29373643666,1.1206368104231208,36987.29373643681,4.131016207528898e-13
Ablated PINN,5,332,True,optimal,2.6782369241118433e-07,0.12702700775116682,0.12702727557485924,0.1798579851165413,39023.62008196415,1.4159005166614635,39023.62008196416,1.8645009353056437e-14
Ablated PINN,5,333,True,optimal,2.6782369241118433e-07,0.15287480503320694,0.15287507285689936,0.1754010962322354,37328.50961803042,1.1473492241368992,37328.509618028875,-4.132238415063393e-12
Ablated PINN,5,334,True,optimal,2.6782369241118433e-07,0.11936726281419396,0.11936753063788638,0.165837612003088,37587.54568240003,1.3893025273863908,37587.5456824018,4.703839179035429e-12
Ablated PINN,5,335,True,optimal,2.6782369241118433e-07,0.13574240915477276,0.13574267697846518,0.1635479968972504,37877.06846403945,1.2048384527085492,37877.06846404235,7.664550625968855e-12
Ablated PINN,5,336,True,optimal,2.6782369241118433e-07,0.12662865594029427,0.12662892376398668,0.1695018531754613,36345.61323652908,1.3385713795639766,36345.613236529,-2.202068602754462e-13
Ablated PINN,5,337,True,optimal,2.6782369241118433e-07,0.12162834173068404,0.12162860955437646,0.1656776047311723,36616.723040527,1.3621598186329908,36616.723040526864,-3.7754114292663215e-13
Ablated PINN,5,338,True,optimal,2.6782369241118433e-07,0.1333220712840557,0.13332233910774813,0.161522117909044,36846.47106304809,1.2115157819013769,36846.47106304678,-3.554403807930569e-12
Ablated PINN,5,339,True,optimal,2.6782369241118433e-07,0.13158695911988616,0.13158722694357858,0.1775708617642521,36999.831256661535,1.3494536353470705,36999.83125666155,3.9329679985356396e-14
Ablated PINN,5,340,True,optimal,2.6782369241118433e-07,0.11679816665127873,0.11679843447497115,0.1659762826748192,36690.70148056091,1.4210488644039696,36690.701480560936,7.932208783784959e-14
Ablated PINN,5,341,True,optimal,2.6782369241118433e-07,0.10989407589659095,0.10989434372028337,0.1763310357928276,39514.31566927947,1.604550605822326,39514.31566928587,1.6185442249325058e-11
Ablated PINN,5,342,True,optimal,2.6782369241118433e-07,0.12430779030546546,0.12430805812915788,0.1598337460309267,38717.86221794477,1.2857874898573118,38717.86221794355,-3.1570980657508554e-12
Ablated PINN,5,343,True,optimal,2.6782369241118433e-07,0.12962280213832855,0.12962306996202097,0.1640166942961514,35849.75636935258,1.2653356716841193,35849.756369346636,-1.6581583733912585e-11
Ablated PINN,5,344,True,optimal,2.6782369241118433e-07,0.12491530226543546,0.12491557008912788,0.1572670452296733,37308.41490008909,1.2589867309372442,37308.41490008753,-4.173468461753209e-12
Ablated PINN,5,345,True,optimal,2.6782369241118433e-07,0.14154526172205806,0.14154552954575048,0.1761533319950103,36770.4984598853,1.244499438168931,36770.49845988526,-9.89374351577137e-14
Ablated PINN,5,346,True,optimal,2.6782369241118433e-07,0.11436971789225936,0.11436998571595178,0.1626538787968456,37745.29713856809,1.4221727648092153,37745.29713855962,-2.243780101085938e-11
Ablated PINN,5,347,True,optimal,2.6782369241118433e-07,0.12839477928355336,0.12839504710724578,0.15967952972278,36262.02709466293,1.2436580173486202,36262.02709465639,-1.8038390071451966e-11
Ablated PINN,5,348,True,optimal,2.6782369241118433e-07,0.11770669184625149,0.1177069596699439,0.1806515110656619,37614.96698897088,1.5347564117892232,37614.96698897084,-1.1605950816838651e-13
Ablated PINN,5,349,True,optimal,2.6782369241118433e-07,0.13865970401093364,0.13865997183462606,0.1564428242854774,37348.3145004898,1.1282479162195431,37348.31450048894,-2.3182812067100717e-12
Ablated PINN,5,350,True,optimal,2.6782369241118433e-07,0.14332695910707116,0.14332722693076358,0.1632170481607318,37376.6109390296,1.13877210670919,37376.61093902812,-3.951721032408785e-12
Ablated PINN,5,351,True,optimal,2.6782369241118433e-07,0.1268670242279768,0.12686729205166922,0.1674898597411811,37839.46141167138,1.3201973261395659,37839.46141167032,-2.788131264815475e-12
Ablated PINN,5,352,True,optimal,2.6782369241118433e-07,0.12213444896042347,0.12213471678411589,0.1566757610999047,37852.31796544582,1.2828110239682564,37852.31796544472,-2.902516038105349e-12
Ablated PINN,5,353,True,optimal,2.6782369241118433e-07,0.1371561037376523,0.13715637156134472,0.1770983976311981,37573.933889825945,1.2912152429753427,37573.933889826025,2.1300812949396617e-13
Ablated PINN,5,354,True,optimal,2.6782369241118433e-07,0.12648314703255892,0.12648341485625134,0.1708676097914576,38051.499909117774,1.3509092080226406,38051.49990912036,6.78807657833271e-12
Ablated PINN,5,355,True,optimal,2.6782369241118433e-07,0.12121485313400626,0.12121512095769868,0.1537947528995573,36973.949662977975,1.2687753118955198,36973.94966297709,-2.4007898453412972e-12
Ablated PINN,5,356,True,optimal,2.6782369241118433e-07,0.12643312010914087,0.1264333879328333,0.1785147627815604,37937.88590271783,1.4119273848486518,37937.88590272186,1.0605769048283177e-11
Ablated PINN,5,357,True,optimal,2.6782369241118433e-07,0.12872352078557014,0.12872378860926256,0.1495846440084278,38654.80305131844,1.162059053921166,38654.803051318144,-7.717391853878441e-13
Ablated PINN,5,358,True,optimal,2.6782369241118433e-07,0.12466026889160275,0.12466053671529517,0.1617406769655645,37521.06428814495,1.2974489058630836,37521.06428814319,-4.692781977372429e-12
Ablated PINN,5,359,True,optimal,2.6782369241118433e-07,0.1458525932393968,0.14585286106308923,0.1793468687683344,36846.28373881762,1.2296424455517345,36846.28373881765,7.898715285111038e-14
Ablated PINN,5,360,True,optimal,2.6782369241118433e-07,0.13299228576943278,0.1329925535931252,0.1728639090433716,36687.36611674075,1.2998014127334379,36687.366116740726,-5.94969744437174e-14
Ablated PINN,5,361,True,optimal,2.6782369241118433e-07,0.1270202500745654,0.12702051789825783,0.1583820222876966,39483.239673706245,1.2469010905353026,39483.23967370535,-2.2666397031765003e-12
Ablated PINN,5,362,True,optimal,2.6782369241118433e-07,0.11749811423942447,0.11749838206311689,0.1584834479726851,37799.96224738413,1.348813874624692,37799.96224738404,-2.3098301209611217e-13
Ablated PINN,5,363,True,optimal,2.6782369241118433e-07,0.11833672225475311,0.11833699007844553,0.1537092416547238,37418.69015089786,1.2989111988806714,37418.690150892435,-1.4505757305485461e-11
Ablated PINN,5,364,True,optimal,2.6782369241118433e-07,0.1325555848889053,0.1325558527125977,0.1683027609251439,37834.301886206886,1.2696743107228257,37834.30188620693,1.153866822134122e-13
Ablated PINN,5,365,True,optimal,2.6782369241118433e-07,0.1336476500146091,0.13364791783830152,0.1649024193175137,37742.89408496819,1.2338570026734461,37742.89408496455,-9.638844331602557e-12
Ablated PINN,5,366,True,optimal,2.6782369241118433e-07,0.13118046103045344,0.13118072885414586,0.1769362860359251,37775.65819093329,1.3487978575927326,37775.65819092104,-3.241620993809656e-11
Ablated PINN,5,367,True,optimal,2.6782369241118433e-07,0.11630532518029213,0.11630559300398455,0.1730401460081339,38010.13137847156,1.4878058873936153,38010.131378474136,6.776322264646971e-12
Ablated PINN,5,368,True,optimal,2.6782369241118433e-07,0.14261624310165644,0.14261651092534885,0.1611949922516942,36719.7749265405,1.1302687971105256,36719.77492654019,-8.520372960776302e-13
Ablated PINN,5,369,True,optimal,2.6782369241118433e-07,0.12792558874934912,0.12792585657304154,0.1786027369089424,37727.4088171513,1.3961425914468355,37727.40881714998,-3.4906938203731096e-12
Ablated PINN,5,370,True,optimal,2.6782369241118433e-07,0.12618476897478104,0.12618503679847345,0.1625282913446426,37933.71160771181,1.2880155640340458,37933.71160771201,5.178793407155408e-13
Ablated PINN,5,371,True,optimal,2.6782369241118433e-07,0.12394927209243178,0.1239495399161242,0.1710067898966372,37229.94614925975,1.3796484441358663,37229.94614925972,-7.81731736598614e-14
Ablated PINN,5,372,True,optimal,2.6782369241118433e-07,0.1193845672532916,0.11938483507698402,0.1722252019681036,39329.03921573299,1.4426053514840977,39329.039215727404,-1.4208166685794606e-11
Ablated PINN,5,373,True,optimal,2.6782369241118433e-07,0.1195032149553299,0.11950348277902231,0.1558023900724947,37135.72573364024,1.3037476937855765,37135.725733638734,-4.0557258445379274e-12
Ablated PINN,5,374,True,optimal,2.6782369241118433e-07,0.12474856711924076,0.12474883494293318,0.1593901240266859,38931.05602781042,1.2776882774063543,38931.056027803614,-1.7474533350448452e-11
Ablated PINN,5,375,True,optimal,2.6782369241118433e-07,0.11945159500464797,0.11945186282834039,0.164059461094439,38754.05535110205,1.3734357691030943,38754.055351102135,2.2529639951014376e-13
Ablated PINN,5,376,True,optimal,2.6782369241118433e-07,0.13287452887743711,0.13287479670112953,0.1682739951647818,39424.44560524321,1.2664101796766953,39424.445605242574,-1.6056238780686161e-12
Ablated PINN,5,377,True,optimal,2.6782369241118433e-07,0.11351864878088236,0.11351891660457478,0.1648961347527802,37474.86973459562,1.4525872839957576,37474.86973459899,9.008822063668048e-12
Ablated PINN,5,378,True,optimal,2.6782369241118433e-07,0.11995354481041431,0.11995381263410673,0.1694960938766598,37177.17172798672,1.4130113095585475,37177.171727986766,1.1742621521754117e-13
Ablated PINN,5,379,True,optimal,2.6782369241118433e-07,0.12115040281787515,0.12115067064156756,0.1676636543124914,37326.97407788077,1.383926753559092,37326.97407787916,-4.307840837512191e-12
Ablated PINN,5,380,True,optimal,2.6782369241118433e-07,0.12922162795439363,0.12922189577808604,0.1655743359588086,38622.82871866539,1.2813179605656841,38622.82871866141,-1.0304653871804398e-11
Ablated PINN,5,381,True,optimal,2.6782369241118433e-07,0.13612105324864388,0.1361213210723363,0.1761570987291634,37176.53495707838,1.2941183448811202,37176.53495707871,8.807116989689058e-13
Ablated PINN,5,382,True,optimal,2.6782369241118433e-07,0.13913976028561592,0.13914002810930834,0.1673887502402067,38668.827789592455,1.2030236914190227,38668.827789591094,-3.518606980422875e-12
Ablated PINN,5,383,True,optimal,2.6782369241118433e-07,0.11565210297703743,0.11565237080072985,0.1510437428951263,38061.93852998524,1.3060151024087185,38061.93852998354,-4.454050922207182e-12
Ablated PINN,5,384,True,optimal,2.6782369241118433e-07,0.1211873791180551,0.12118764694174752,0.1556600257754326,39213.49143298026,1.2844545603749138,39213.491432980685,1.0761743629584424e-12
Ablated PINN,5,385,True,optimal,2.6782369241118433e-07,0.1232313821092248,0.12323164993291721,0.1652870648540556,38986.91675117543,1.3412712151791508,38986.91675117523,-5.038891811751942e-13
Ablated PINN,5,386,True,optimal,2.6782369241118433e-07,0.12416465301066637,0.12416492083435879,0.18776794988662,37427.66139293921,1.5122463625383398,37427.66139293922,1.9440054076037053e-14
Ablated PINN,5,387,True,optimal,2.6782369241118433e-07,0.12417055293917656,0.12417082076286898,0.1741155311465263,37046.28601284228,1.4022258214676502,37046.28601284227,-3.9280361932427874e-14
Ablated PINN,5,388,True,optimal,2.6782369241118433e-07,0.11631827196106315,0.11631853978475556,0.1632291111163795,38131.66536932286,1.4032940184637008,38131.665369321236,-4.255094898814059e-12
Ablated PINN,5,389,True,optimal,2.6782369241118433e-07,0.12334551615640521,0.12334578398009763,0.1615799637511372,36417.217038359726,1.3099755706057115,36417.21703836021,1.3386227718521092e-12
Ablated PINN,5,390,True,optimal,2.6782369241118433e-07,0.1182399783283472,0.11824024615203962,0.1764963190071284,35466.10140427182,1.4926924186218287,35466.101404239904,-9.000038005185997e-11
Ablated PINN,5,391,True,optimal,2.6782369241118433e-07,0.1274376497603953,0.1274379175840877,0.1601402792148292,37452.036578716325,1.2566140615815022,37452.03657871588,-1.185071507479558e-12
Ablated PINN,5,392,True,optimal,2.6782369241118433e-07,0.1195118147879839,0.11951208261167631,0.1621726909652352,38633.16542454447,1.3569564467567143,38633.165424544975,1.2995080000866276e-12
Ablated PINN,5,393,True,optimal,2.6782369241118433e-07,0.11766962707042694,0.11766989489411936,0.1680706939660012,37932.919633845,1.4283236516632654,37932.919633851256,1.6495760433411922e-11
Ablated PINN,5,394,True,optimal,2.6782369241118433e-07,0.12147855898365378,0.1214788268073462,0.1694754213094711,36880.31267606111,1.395102552136455,36880.312676061534,1.1442569517491133e-12
Ablated PINN,5,395,True,optimal,2.6782369241118433e-07,0.11527365166693926,0.11527391949063168,0.1693475623615086,37076.22244734752,1.46908826480279,37076.22244734237,-1.3894020617007064e-11
Ablated PINN,5,396,True,optimal,2.6782369241118433e-07,0.1342026642523706,0.13420293207606301,0.1742645050399005,37267.03147711159,1.2985148859574211,37267.03147710974,-4.959056733932885e-12
Ablated PINN,5,397,True,optimal,2.6782369241118433e-07,0.12903523491695523,0.12903550274064765,0.1719848490320146,37843.152837153495,1.332849063855644,37843.15283715342,-1.9226615830592386e-13
Ablated PINN,5,398,True,optimal,2.6782369241118433e-07,0.13116914499551058,0.131169412819203,0.1627589608542621,38921.96971919475,1.2408301398634793,38921.9697191948,1.3085592447333546e-13
Ablated PINN,5,399,True,optimal,2.6782369241118433e-07,0.13840795308351517,0.13840822090720759,0.1748795001767575,37498.49569973195,1.2635051518652292,37498.495699731975,5.820999598846924e-14
Ablated PINN,5,400,True,optimal,2.6782369241118433e-07,0.11904810788109899,0.1190483757047914,0.171755454968661,38604.6872796718,1.4427366518176548,38604.68727967382,5.2207138592470505e-12
Ablated PINN,5,401,True,optimal,2.6782369241118433e-07,0.13707378320395947,0.13707405102765188,0.1775785838253796,36977.27977555316,1.2954938042179607,36977.2797755512,-5.293068095045027e-12
Ablated PINN,5,402,True,optimal,2.6782369241118433e-07,0.12909933179616928,0.1290995996198617,0.1669551036320626,37666.0892252334,1.2932271217235976,37666.08922523335,-1.3521898436210264e-13
Ablated PINN,5,403,True,optimal,2.6782369241118433e-07,0.12184222973883152,0.12184249756252394,0.1660744161345064,37468.71010259408,1.3630253766694556,37468.710102594145,1.7476880935678965e-13
Ablated PINN,5,404,True,optimal,2.6782369241118433e-07,0.12639485206454992,0.12639511988824234,0.1637088330462575,38353.37521509551,1.2952148246784185,38353.37521509316,-6.1275814610867854e-12
Ablated PINN,5,405,True,optimal,2.6782369241118433e-07,0.1247101086191833,0.12471037644287572,0.1731520928442478,38555.13622723438,1.388433727674305,38555.1362272354,2.642019107343063e-12
Ablated PINN,5,406,True,optimal,2.6782369241118433e-07,0.11865791212767363,0.11865817995136604,0.1608420866541564,37419.01364240212,1.3555077847989923,37419.0136424044,6.105587690490851e-12
Ablated PINN,5,407,True,optimal,2.6782369241118433e-07,0.12145744170993567,0.12145770953362808,0.1607318921014666,38457.96384517048,1.3233568516864271,38457.96384516867,-4.710892789918691e-12
Ablated PINN,5,408,True,optimal,2.6782369241118433e-07,0.12655003415420651,0.12655030197789893,0.1717885145917534,38390.84687547281,1.3574721822612086,38390.84687547628,9.040258458541104e-12
Ablated PINN,5,409,True,optimal,2.6782369241118433e-07,0.12052932800725102,0.12052959583094344,0.1610046979039907,37585.75404324474,1.3358104853335624,37585.754043244946,5.42031996917597e-13
Ablated PINN,5,410,True,optimal,2.6782369241118433e-07,0.1231277547776699,0.12312802260136232,0.1536791138350963,37696.82806400474,1.2481245990008774,37696.828064003996,-1.96872711780055e-12
Ablated PINN,5,411,True,optimal,2.6782369241118433e-07,0.11768538411706686,0.11768565194075928,0.1715860590338707,38660.62569214412,1.458003216231014,38660.625692145724,4.140415853242695e-12
Ablated PINN,5,412,True,optimal,2.6782369241118433e-07,0.12878555804491043,0.12878582586860285,0.1600955836474895,36898.40452385658,1.2431149357292723,36898.40452385544,-3.09586650200073e-12
Ablated PINN,5,413,True,optimal,2.6782369241118433e-07,0.12821909505873919,0.1282193628824316,0.1618091836571693,37817.5025814616,1.2619715152190958,37817.50258146382,5.868095249139471e-12
Ablated PINN,5,414,True,optimal,2.6782369241118433e-07,0.12936492823064327,0.1293651960543357,0.1643888838589191,38360.34072199414,1.270735011214862,38360.34072199632,5.690218708103167e-12
Ablated PINN,5,415,True,optimal,2.6782369241118433e-07,0.15281507512554526,0.15281534294923768,0.1609513540752232,36841.417527703736,1.0532408000987712,36841.41752770373,-1.974939647398775e-14
Ablated PINN,5,416,True,optimal,2.6782369241118433e-07,0.11635573906823993,0.11635600689193235,0.1718902769498527,38175.53510914572,1.4772789264717443,38175.53510914867,7.718982393617663e-12
Ablated PINN,5,417,True,optimal,2.6782369241118433e-07,0.12284025689586997,0.12284052471956239,0.1709209932014346,36658.56838350655,1.3914055934850251,36658.56838350523,-3.5924706998643254e-12
Ablated PINN,5,418,True,optimal,2.6782369241118433e-07,0.12069862615317106,0.12069889397686348,0.1671983739361167,38078.027718501886,1.3852519143064113,38078.0277185131,2.944546069020453e-11
Ablated PINN,5,419,True,optimal,2.6782369241118433e-07,0.12190089607611299,0.1219011638998054,0.1731838411651551,37952.21734720609,1.420690628577596,37952.217347213846,2.0436673688291137e-11
Ablated PINN,5,420,True,optimal,2.6782369241118433e-07,0.12677420070394874,0.12677446852764115,0.1617971747182309,37272.0523532003,1.2762599330712525,37272.05235320946,2.457721015588343e-11
Ablated PINN,5,421,True,optimal,2.6782369241118433e-07,0.12396262772381306,0.12396289554750548,0.1616209037601947,37104.89296270704,1.3037845158937724,37104.8929627046,-6.569068406156697e-12
Ablated PINN,5,422,True,optimal,2.6782369241118433e-07,0.12199402414262295,0.12199429196631537,0.1601801970973611,37562.68797175633,1.3130138674159402,37562.687971755666,-1.7626857358784839e-12
Ablated PINN,5,423,True,optimal,2.6782369241118433e-07,0.12304225005209446,0.12304251787578688,0.1571588511578738,37255.813900233305,1.27727271735879,37255.813900233,-8.202484063669596e-13
Ablated PINN,5,424,True,optimal,2.6782369241118433e-07,0.11527359904721379,0.11527386687090621,0.1819395651109516,37876.34581112449,1.5783244724036498,37876.3458111261,4.245358411165057e-12
Ablated PINN,5,425,True,optimal,2.6782369241118433e-07,0.1289719631895423,0.1289722310132347,0.1735469489358365,38701.26744916155,1.3456148472614053,38701.2674491623,1.936431759619617e-12
Ablated PINN,5,426,True,optimal,2.6782369241118433e-07,0.1207949472591281,0.12079521508282051,0.1618646807037294,37374.06626619191,1.3399924872251814,37374.0662661881,-1.020119609859242e-11
Ablated PINN,5,427,True,optimal,2.6782369241118433e-07,0.11857846518978477,0.11857873301347718,0.1609282358549535,37112.976013070205,1.3571424804873151,37112.976013070795,1.5879959789301271e-12
Ablated PINN,5,428,True,optimal,2.6782369241118433e-07,0.1357181458733976,0.13571841369709,0.1635541059076786,37268.62912272493,1.2050988620653575,37268.629122724255,-1.8156397861880455e-12
Ablated PINN,5,429,True,optimal,2.6782369241118433e-07,0.12452091369777918,0.1245211815214716,0.1489670872688293,36774.54950030895,1.1963192562796428,36774.549500307265,-4.590191285623698e-12
Ablated PINN,5,430,True,optimal,2.6782369241118433e-07,0.12047905009239912,0.12047931791609154,0.1537691517733037,37690.08294150284,1.2763116062824744,37690.08294150455,4.53660460760166e-12
Ablated PINN,5,431,True,optimal,2.6782369241118433e-07,0.11114382790401578,0.1111440957277082,0.1891188360750675,35941.81036871992,1.7015643956327606,35941.81036872734,2.0648589178818855e-11
Ablated PINN,5,432,True,optimal,2.6782369241118433e-07,0.13937615230679512,0.13937642013048754,0.1816600421443581,38194.32138829948,1.3033771564392573,38194.32138829947,-3.8099682621471346e-14
Ablated PINN,5,433,True,optimal,2.6782369241118433e-07,0.12299259705469012,0.12299286487838254,0.1714735240675509,37327.66740204386,1.3941745664442151,37327.66740204701,8.440092473522521e-12
Ablated PINN,5,434,True,optimal,2.6782369241118433e-07,0.11433441797271371,0.11433468579640613,0.160996027290821,37978.76094738759,1.408111861850077,37978.76094738907,3.889066833237048e-12
Ablated PINN,5,435,True,optimal,2.6782369241118433e-07,0.12452556984499097,0.12452583766868339,0.1718754917383194,38324.456068937936,1.3802395948992987,38324.45606893811,4.55643734189706e-13
Ablated PINN,5,436,True,optimal,2.6782369241118433e-07,0.14101551892235875,0.14101578674605117,0.1691069938242435,35780.05730350514,1.1992061153321825,35780.057303505164,6.10056955957193e-14
Ablated PINN,5,437,True,optimal,2.6782369241118433e-07,0.12085606483742595,0.12085633266111837,0.151087419129908,38517.317363185226,1.2501406902156937,38517.317363182105,-8.103850501977336e-12
Ablated PINN,5,438,True,optimal,2.6782369241118433e-07,0.11669428599998355,0.11669455382367597,0.1569451782852411,38402.26506807678,1.3449229046488607,38402.26506807924,6.422927467522188e-12
Ablated PINN,5,439,True,optimal,2.6782369241118433e-07,0.12198416236788034,0.12198443019157276,0.167893951293081,36392.9780964767,1.3763555810311918,36392.97809647675,1.3994925934411182e-13
Ablated PINN,5,440,True,optimal,2.6782369241118433e-07,0.13326893094927073,0.13326919877296314,0.1618778030388057,37550.54585925145,1.2146677891759525,37550.545859253085,4.35969817676548e-12
Ablated PINN,5,441,True,optimal,2.6782369241118433e-07,0.12163352314382792,0.12163379096752033,0.1609025471843779,38249.09423451185,1.3228441365224195,38249.094234509794,-5.3833850082546624e-12
Ablated PINN,5,442,True,optimal,2.6782369241118433e-07,0.13739586900919676,0.13739613683288918,0.1669071861542761,37564.22886190177,1.2147880573766083,37564.22886190191,3.6801818873405254e-13
Ablated PINN,5,443,True,optimal,2.6782369241118433e-07,0.13325839210301638,0.1332586599267088,0.1764045138843357,38501.87476288123,1.3237752351806389,38501.8747628798,-3.703943512264525e-12
Ablated PINN,5,444,True,optimal,2.6782369241118433e-07,0.1119720540009439,0.11197232182463632,0.1687971269711852,36693.61615534541,1.5074897458636622,36693.616155346775,3.727841992120517e-12
Ablated PINN,5,445,True,optimal,2.6782369241118433e-07,0.12631406402215362,0.12631433184584603,0.1566491508856415,37384.00388267394,1.2401534219950279,37384.003882599995,-1.9779999345446543e-10
Ablated PINN,5,446,True,optimal,2.6782369241118433e-07,0.12112224567681551,0.12112251350050793,0.169557929970324,37633.90151751269,1.3998878083851272,37633.901517512706,3.866703860505989e-14
Ablated PINN,5,447,True,optimal,2.6782369241118433e-07,0.12130009802058339,0.12130036584427581,0.1685262960381806,38124.7000969486,1.389330484415298,38124.700096947665,-2.4619171556572712e-12
Ablated PINN,5,448,True,optimal,2.6782369241118433e-07,0.1577658918686211,0.15776615969231353,0.1662984830327332,38243.87790215338,1.0540820880539907,38243.87790215341,7.610062591245479e-14
Ablated PINN,5,449,True,optimal,2.6782369241118433e-07,0.1419024239294231,0.1419026917531155,0.1546964379958808,37080.38754728253,1.0901585874426118,37080.387547281556,-2.629363889623185e-12
Ablated PINN,5,450,True,optimal,2.6782369241118433e-07,0.1305663320235908,0.13056659984728322,0.1561462609097361,36958.727729449776,1.1959127456207945,36958.72772943994,-2.6616432162889394e-11
Ablated PINN,5,451,True,optimal,2.6782369241118433e-07,0.12128080474212766,0.12128107256582008,0.1594108808785677,37748.22660110671,1.3143920770658943,37748.22660110506,-4.3754171444208044e-12
Ablated PINN,5,452,True,optimal,2.6782369241118433e-07,0.1476594526320696,0.147659720455762,0.1829593260772526,36482.54645682538,1.2390604933595695,36482.546456822995,-6.541522808108916e-12
Ablated PINN,5,453,True,optimal,2.6782369241118433e-07,0.1312944870442152,0.13129475486790762,0.1481087496504187,38666.48950305212,1.1280629587939535,38666.489503051285,-2.1639800674562056e-12
Ablated PINN,5,454,True,optimal,2.6782369241118433e-07,0.1334965182468295,0.13349678607052193,0.1723275943659246,37207.15618916848,1.2908744804904115,37207.156189168374,-2.933289597782358e-13
Ablated PINN,5,455,True,optimal,2.6782369241118433e-07,0.13227436412125826,0.13227463194495068,0.1708534280769527,36398.805412142094,1.2916568019486725,36398.80541214034,-4.8174816870041084e-12
Ablated PINN,5,456,True,optimal,2.6782369241118433e-07,0.12540804501622915,0.12540831283992157,0.1749409511685371,36858.30449183067,1.3949709330021995,36858.30449182959,-2.9215715203009947e-12
Ablated PINN,5,457,True,optimal,2.6782369241118433e-07,0.11878912011161447,0.11878938793530688,0.1634921408258378,37007.17872638533,1.3763194142803075,37007.178726383936,-3.77489965460998e-12
Ablated PINN,5,458,True,optimal,2.6782369241118433e-07,0.13336996594443917,0.1333702337681316,0.1568043287843465,38691.19939925147,1.1757070851128284,38691.199399249104,-6.111690155191626e-12
Ablated PINN,5,459,True,optimal,2.6782369241118433e-07,0.12246200209483504,0.12246226991852746,0.1692603467963636,37608.10710171843,1.3821428176120716,37608.10710171842,-1.93467796571207e-14
Ablated PINN,5,460,True,optimal,2.6782369241118433e-07,0.11907045589759946,0.11907072372129188,0.1677271695807576,38370.422163674295,1.4086348376730753,38370.42216367502,1.8962412201634975e-12
Ablated PINN,5,461,True,optimal,2.6782369241118433e-07,0.11179673904553056,0.11179700686922298,0.1789247682318091,37763.94546533152,1.600443278782144,37763.94546532805,-9.190331516476853e-12
Ablated PINN,5,462,True,optimal,2.6782369241118433e-07,0.12037229305133224,0.12037256087502465,0.1674471567384898,36922.44588513418,1.3910741411602914,36922.44588513273,-3.921505010060738e-12
Ablated PINN,5,463,True,optimal,2.6782369241118433e-07,0.11772216018289328,0.1177224280065857,0.1599371540360152,37739.65302251959,1.3585954413637127,37739.65302252394,1.1529047844412863e-11
Ablated PINN,5,464,True,optimal,2.6782369241118433e-07,0.16060861013829708,0.1606088779619895,0.1710753277875483,38200.83324954433,1.065167318011124,38200.83324954337,-2.514150408181655e-12
Ablated PINN,5,465,True,optimal,2.6782369241118433e-07,0.1298166010528803,0.1298168688765727,0.1681939489208161,36710.42924356974,1.295624754905555,36710.4292435697,-1.1891919158844312e-13
Ablated PINN,5,466,True,optimal,2.6782369241118433e-07,0.11331975739449263,0.11332002521818504,0.1739074210636317,37556.3774048284,1.5346574511326871,37556.37740482684,-4.165286950301867e-12
Ablated PINN,5,467,True,optimal,2.6782369241118433e-07,0.11975905345752835,0.11975932128122077,0.157432812731713,38592.81516958965,1.3145766947194593,38592.81516958942,-6.033004916348663e-13
Ablated PINN,5,468,True,optimal,2.6782369241118433e-07,0.1305923592299223,0.1305926270536147,0.1681976476684212,36629.483642808365,1.2879566899237564,36629.48364280578,-7.051600776638962e-12
Ablated PINN,5,469,True,optimal,2.6782369241118433e-07,0.12640805868431926,0.12640832650801168,0.1602817373350262,38091.71101796326,1.267968192940737,38091.71101796177,-3.915737232712409e-12
Ablated PINN,5,470,True,optimal,2.6782369241118433e-07,0.11886579915881157,0.11886606698250399,0.1550038200803101,38259.008655203404,1.304020769048624,38259.008655202895,-1.331234265850666e-12
Ablated PINN,5,471,True,optimal,2.6782369241118433e-07,0.12648024084046483,0.12648050866415725,0.1651594182476401,38173.33483881843,1.3058092507058672,38173.33483881833,-2.668444007542751e-13
Ablated PINN,5,472,True,optimal,2.6782369241118433e-07,0.11554728308692575,0.11554755091061816,0.1747247958555817,36802.878424429,1.5121462504275847,36802.878424427516,-4.033095825211796e-12
Ablated PINN,5,473,True,optimal,2.6782369241118433e-07,0.12339266203343868,0.1233929298571311,0.1697152792476117,36834.69907760811,1.3754052152267908,36834.699077606674,-3.891340735468312e-12
Ablated PINN,5,474,True,optimal,2.6782369241118433e-07,0.12982752919197083,0.12982779701566324,0.1804246907122433,37916.82860834288,1.3897231167719477,37916.82860834376,2.321900073474186e-12
Ablated PINN,5,475,True,optimal,2.6782369241118433e-07,0.12710554990917444,0.12710581773286686,0.1652134880423545,38452.62701430416,1.299810590806921,38452.62701430412,-1.1353124370114131e-13
Ablated PINN,5,476,True,optimal,2.6782369241118433e-07,0.13535452773794532,0.13535479556163774,0.159290880896151,38140.91746684177,1.1768395810077765,38140.91746684182,1.3353560082439556e-13
Ablated PINN,5,477,True,optimal,2.6782369241118433e-07,0.11827007913962007,0.11827034696331248,0.1729931975714862,36500.63111090841,1.4626929066602703,36500.63111090798,-1.1760933610502121e-12
Ablated PINN,5,478,True,optimal,2.6782369241118433e-07,0.11697306204587221,0.11697332986956463,0.1656261207535863,38235.8816351454,1.415930630839301,38235.88163514466,-1.9409717911788573e-12
Ablated PINN,5,479,True,optimal,2.6782369241118433e-07,0.12370923161506653,0.12370949943875895,0.1663273028098046,38087.47693235246,1.3444990365686762,38087.476932352525,1.719295259277923e-13
Ablated PINN,5,480,True,optimal,2.6782369241118433e-07,0.12940401630476117,0.1294042841284536,0.1786074908450245,37407.79141104826,1.3802285762635895,37407.79141104812,-3.6955722178416407e-13
Ablated PINN,5,481,True,optimal,2.6782369241118433e-07,0.11671196110546589,0.11671222892915831,0.1703198752366006,38708.18664632728,1.4593147333342502,38708.18664633237,1.3139066468764109e-11
Ablated PINN,5,482,True,optimal,2.6782369241118433e-07,0.12628363212570548,0.1262838999493979,0.1643709153868258,37737.632514762365,1.3015983466830643,37737.632514762285,-2.1208414100886972e-13
Ablated PINN,5,483,True,optimal,2.6782369241118433e-07,0.1309210560284555,0.13092132385214791,0.1649042228236794,37525.80746112476,1.2595673338127031,37525.80746112224,-6.708666661245e-12
Ablated PINN,5,484,True,optimal,2.6782369241118433e-07,0.12910502217710018,0.1291052900007926,0.180173791013658,37002.30188211227,1.395556998574976,37002.3018821103,-5.3091522848723416e-12
Ablated PINN,5,485,True,optimal,2.6782369241118433e-07,0.1182182552292943,0.11821852305298672,0.1616177652031183,36824.61424910403,1.367110339643472,36824.614249104096,1.7782567411210316e-13
Ablated PINN,5,486,True,optimal,2.6782369241118433e-07,0.11488363798707724,0.11488390581076965,0.1572845829650759,37553.28486898609,1.369074126223966,37553.28486898709,2.654378163243865e-12
Ablated PINN,5,487,True,optimal,2.6782369241118433e-07,0.13877773704007268,0.1387780048637651,0.1664084489457309,37719.161807789606,1.1990981503811784,37719.16180778965,1.1573890720998194e-13
Ablated PINN,5,488,True,optimal,2.6782369241118433e-07,0.12467714631929994,0.12467741414299235,0.1689285202883184,35906.810683409625,1.354924798926087,35906.81068340646,-8.814599520063098e-12
Ablated PINN,5,489,True,optimal,2.6782369241118433e-07,0.11225456511601806,0.11225483293971047,0.167945226188749,36518.85773134938,1.4961068649841434,36518.85773134945,1.9923836796071052e-13
Ablated PINN,5,490,True,optimal,2.6782369241118433e-07,0.13270622910931706,0.13270649693300948,0.1624270137399435,37071.05915200899,1.2239567579116868,37071.05915200842,-1.530910383701706e-12
Ablated PINN,5,491,True,optimal,2.6782369241118433e-07,0.13084358908236027,0.13084385690605269,0.1605132520198822,37108.33273370477,1.2267542077663796,37108.33273370035,-1.1901656437929677e-11
Ablated PINN,5,492,True,optimal,2.6782369241118433e-07,0.13078632298856974,0.13078659081226215,0.1519833439961075,37053.44863084352,1.1620713029692185,37053.448630840205,-8.954191295721539e-12
Ablated PINN,5,493,True,optimal,2.6782369241118433e-07,0.1288002599030733,0.12880052772676573,0.17297432012856,38317.002092070165,1.3429628215150133,38317.00209206689,-8.544981986104139e-12
Ablated PINN,5,494,True,optimal,2.6782369241118433e-07,0.12543078558519483,0.12543105340888724,0.1643035942688584,36055.33755714969,1.3099116192004883,36055.337557149775,2.421596836579539e-13
Ablated PINN,5,495,True,optimal,2.6782369241118433e-07,0.14048003405332565,0.14048030187701807,0.162225276697427,37652.181725531,1.1547902056720047,37652.18172553169,1.8357926198967885e-12
Ablated PINN,5,496,True,optimal,2.6782369241118433e-07,0.1308817476965487,0.13088201552024112,0.1588904280215501,37722.04300345368,1.2139974112560745,37722.04300345301,-1.7745276957655467e-12
Ablated PINN,5,497,True,optimal,2.6782369241118433e-07,0.1248651072382927,0.12486537506198511,0.1765229487791657,37204.799260693006,1.413706151056984,37204.79926069045,-6.8643324875469634e-12
Ablated PINN,5,498,True,optimal,2.6782369241118433e-07,0.12305913213640451,0.12305939996009693,0.1832795981317758,37230.59901779537,1.4893587827602426,37230.599017795386,3.908590141515416e-14
Ablated PINN,5,499,True,optimal,2.6782369241118433e-07,0.1163104921579361,0.11631075998162851,0.1641666949726641,37721.64044467261,1.411448906348772,37721.64044467388,3.375496313183075e-12
Ablated PINN,5,500,True,optimal,2.6782369241118433e-07,0.11683414503931999,0.11683441286301241,0.1640047440305352,38079.57571521508,1.4037366218703875,38079.57571521447,-1.6050085330840606e-12
Ablated PINN,5,501,True,optimal,2.6782369241118433e-07,0.11772405123338103,0.11772431905707345,0.1794212227687239,36316.530545026646,1.5240795122521749,36316.53054502347,-8.755223667238734e-12
Ablated PINN,5,502,True,optimal,2.6782369241118433e-07,0.11708766408264637,0.11708793190633879,0.1570291663520038,38609.62011822203,1.3411217005490788,38609.62011822305,2.6382908271737423e-12
Ablated PINN,5,503,True,optimal,2.6782369241118433e-07,0.13346664840355515,0.13346691622724757,0.1569332550279796,36516.20739470637,1.1758213905292982,36516.20739470506,-3.586550915314594e-12
Ablated PINN,5,504,True,optimal,2.6782369241118433e-07,0.12232280522584915,0.12232307304954157,0.1627647872082889,37936.529275429886,1.330613948378882,37936.52927543007,4.79482292736766e-13
Ablated PINN,5,505,True,optimal,2.6782369241118433e-07,0.12356911785900593,0.12356938568269835,0.1631903205998242,35896.31007549137,1.3206371440484825,35896.31007547623,-4.218056887538864e-11
Ablated PINN,5,506,True,optimal,2.6782369241118433e-07,0.12668466800823808,0.1266849358319305,0.1606509038247168,36373.42153754244,1.2681137087826138,36373.421537541355,-2.9805215970523144e-12
Ablated PINN,5,507,True,optimal,2.6782369241118433e-07,0.12523534707725048,0.1252356149009429,0.1607295661233365,37452.18108173199,1.2834173908952984,37452.18108173175,-6.411017845504586e-13
Ablated PINN,5,508,True,optimal,2.6782369241118433e-07,0.1214421521872282,0.12144242001092062,0.1758668818511068,38696.94636532026,1.4481503401800795,38696.946365320364,2.632337074789362e-13
Ablated PINN,5,509,True,optimal,2.6782369241118433e-07,0.12901132414117455,0.12901159196486697,0.1697102920152247,37914.53257223582,1.3154654510537394,37914.53257223511,-1.861470630637853e-12
Ablated PINN,5,510,True,optimal,2.6782369241118433e-07,0.11156584322452545,0.11156611104821787,0.1721428367309272,35624.992067426465,1.5429670812539895,35624.992067426734,7.556785731074954e-13
Ablated PINN,5,511,True,optimal,2.6782369241118433e-07,0.13137927604839206,0.13137954387208448,0.1633629011921584,38033.07018102202,1.2434424445194756,38033.07018102302,2.6208933131055035e-12
Ablated PINN,5,512,True,optimal,2.6782369241118433e-07,0.13811529707163572,0.13811556489532814,0.1642370293848216,36957.4052685325,1.1891275940498798,36957.40526853256,1.5749931709363943e-13
Ablated PINN,5,513,True,optimal,2.6782369241118433e-07,0.1636296370998025,0.1636299049234949,0.1634258991107344,39633.46116612954,0.9987532486017401,39633.461166118825,-2.7041507984297038e-11
Ablated PINN,5,514,True,optimal,2.6782369241118433e-07,0.12529917526990175,0.12529944309359417,0.1668271729722619,38761.83152187966,1.3314278886909978,38761.83152187671,-7.620998996631575e-12
Ablated PINN,5,515,True,optimal,2.6782369241118433e-07,0.11839231615886092,0.11839258398255334,0.1597311091609299,37981.683887864725,1.3491648191787782,37981.683887864594,-3.4481682655767174e-13
Ablated PINN,5,516,True,optimal,2.6782369241118433e-07,0.1257108310237527,0.1257110988474451,0.1497011678293347,38857.10835058162,1.1908349318543656,38857.108350581584,-9.362453773627905e-14
Ablated PINN,5,517,True,optimal,2.6782369241118433e-07,0.12145469523966312,0.12145496306335554,0.1632240992039442,37630.81896824646,1.3439063755575003,37630.81896824413,-6.187232965892563e-12
Ablated PINN,5,518,True,optimal,2.6782369241118433e-07,0.12294197408482432,0.12294224190851674,0.1537405638955533,38151.6266859253,1.25051049589574,38151.626685924,-3.4137375678906675e-12
Ablated PINN,5,519,True,optimal,2.6782369241118433e-07,0.1334787649102509,0.13347903273394332,0.1594648258760571,37204.14432204828,1.1946807120928864,37204.14432204087,-1.992842717917056e-11
Ablated PINN,5,520,True,optimal,2.6782369241118433e-07,0.1270071710459888,0.12700743886968122,0.1644031559117138,37249.83784793721,1.2944372185979067,37249.837847937306,2.539271429059993e-13
Ablated PINN,5,521,True,optimal,2.6782369241118433e-07,0.12299950001761317,0.12299976784130559,0.1607491271570325,37748.4401843529,1.306905939565928,37748.44018435221,-1.831111351811409e-12
Ablated PINN,5,522,True,optimal,2.6782369241118433e-07,0.12049652123823762,0.12049678906193004,0.1847922513261437,37425.95054747561,1.5335865193152047,37425.95054747552,-2.3329131282703064e-13
Ablated PINN,5,523,True,optimal,2.6782369241118433e-07,0.11708642775192857,0.11708669557562099,0.171496971976012,38375.5942804094,1.4647007598335533,38375.594280407764,-4.265967716953375e-12
Ablated PINN,5,524,True,optimal,2.6782369241118433e-07,0.1213461309671402,0.12134639879083262,0.1807770980522036,37022.61104101281,1.4897607168698344,37022.61104101278,-7.861096135141074e-14
Ablated PINN,5,525,True,optimal,2.6782369241118433e-07,0.13036948209628463,0.13036974991997705,0.1563175711780786,38966.67967789752,1.1990325307368368,38966.67967789597,-3.9771902164405544e-12
Ablated PINN,5,526,True,optimal,2.6782369241118433e-07,0.12986574275419116,0.12986601057788358,0.1727888570167124,37347.141093703816,1.3305164010800734,37347.14109370261,-3.2340064823812382e-12
Ablated PINN,5,527,True,optimal,2.6782369241118433e-07,0.12186930887401104,0.12186957669770346,0.161790772806853,38356.37521541835,1.3275731088175826,38356.37521542782,2.467913300693628e-11
Ablated PINN,5,528,True,optimal,2.6782369241118433e-07,0.1260368158109486,0.12603708363464103,0.1686766077764332,37414.84558072604,1.3383093523918448,37414.845580726105,1.7502041639157318e-13
Ablated PINN,5,529,True,optimal,2.6782369241118433e-07,0.13414002675563097,0.1341402945793234,0.1702138897962868,35692.177578481154,1.268924377496662,35692.177578479525,-4.566307286781247e-12
Ablated PINN,5,530,True,optimal,2.6782369241118433e-07,0.13004168588668108,0.1300419537103735,0.1525644427165389,37037.8463089636,1.1731940221101798,37037.84630896107,-6.836340397910907e-12
Ablated PINN,5,531,True,optimal,2.6782369241118433e-07,0.12484086817130446,0.12484113599499688,0.1691260430961847,38034.75219346754,1.3547300875487274,38034.75219346759,1.3390833477819133e-13
Ablated PINN,5,532,True,optimal,2.6782369241118433e-07,0.12034644512459636,0.12034671294828878,0.1574206496588885,38521.110639704326,1.3080594043854763,38521.11063970144,-7.498628998130548e-12
Ablated PINN,5,533,True,optimal,2.6782369241118433e-07,0.11629238817840815,0.11629265600210056,0.1743386453017592,37877.11261677823,1.499137187980384,37877.11261677986,4.302900598751387e-12
Ablated PINN,5,534,True,optimal,2.6782369241118433e-07,0.12148889387026429,0.12148916169395671,0.1755884899757802,38005.62439794651,1.4453016839321442,38005.62439794655,1.1486653982577204e-13
Ablated PINN,5,535,True,optimal,2.6782369241118433e-07,0.12731629004701972,0.12731655787071214,0.1611110898666083,36909.8820842901,1.2654370536015744,36909.88208428336,-1.8254018626631e-11
Ablated PINN,5,536,True,optimal,2.6782369241118433e-07,0.11114510893821716,0.11114537676190958,0.1906736488454044,37857.63728472696,1.7155337846742518,37857.637284731616,1.2300326187963205e-11
Ablated PINN,5,537,True,optimal,2.6782369241118433e-07,0.11175438994541764,0.11175465776911006,0.1686389078386128,37075.59607166222,1.509010104858699,37075.59607166366,3.885681581015589e-12
Ablated PINN,5,538,True,optimal,2.6782369241118433e-07,0.11418331786990166,0.11418358569359408,0.153452246915549,38089.40794411606,1.3439081106397412,38089.407944115985,-1.9102312183110199e-13
Ablated PINN,5,539,True,optimal,2.6782369241118433e-07,0.12399540608748794,0.12399567391118035,0.1732032489962875,37771.52794192654,1.3968491281426088,37771.527941926404,-3.6599841786128703e-13
Ablated PINN,5,540,True,optimal,2.6782369241118433e-07,0.11735701514407992,0.11735728296777234,0.1874021664261818,37001.506488177045,1.5968516114815352,37001.50648817705,1.96639496732607e-14
Ablated PINN,5,541,True,optimal,2.6782369241118433e-07,0.12651222804561257,0.126512495869305,0.1572774942032992,38823.19473635722,1.2431775463964942,38823.19473635635,-2.230210475896218e-12
Ablated PINN,5,542,True,optimal,2.6782369241118433e-07,0.19983441894873977,0.19983468677243219,0.1814208501018583,39058.739085027584,0.9078546524230641,39058.73908502912,3.930559696898159e-12
Ablated PINN,5,543,True,optimal,2.6782369241118433e-07,0.1414013532921672,0.1414016211158596,0.1840207930654287,38355.62264035055,1.3014051155371722,38355.62264035384,8.574317440883163e-12
Ablated PINN,5,544,True,optimal,2.6782369241118433e-07,0.16787519911304116,0.16787546693673358,0.1694456427358091,36861.37798766048,1.0093532177615163,36861.37798766052,9.869351081529137e-14
Ablated PINN,5,545,True,optimal,2.6782369241118433e-07,0.14502155501395464,0.14502182283764706,0.1812365017831325,37861.57927693827,1.2497188232561938,37861.57927693833,1.7295532774444336e-13
Ablated PINN,5,546,True,optimal,2.6782369241118433e-07,0.1195917627774179,0.11959203060111032,0.1795823317952454,38348.31707537076,1.5016245722445165,38348.31707536394,-1.777802209961506e-11
Ablated PINN,5,547,True,optimal,2.6782369241118433e-07,0.11669826274737716,0.11669853057106958,0.1721923486329615,38819.69082451244,1.4755314209213295,38819.69082451238,-1.6868660501103636e-13
Ablated PINN,5,548,True,optimal,2.6782369241118433e-07,0.12155973818153143,0.12156000600522385,0.1568663530051708,37912.18444165716,1.2904437747266129,37912.18444165731,3.838321490221886e-13
Ablated PINN,5,549,True,optimal,2.6782369241118433e-07,0.11846047500148416,0.11846074282517657,0.1695985170081257,38415.88485526476,1.4316854087131452,38415.88485526311,-4.299373513436815e-12
Ablated PINN,5,550,True,optimal,2.6782369241118433e-07,0.12679243506863713,0.12679270289232955,0.1776843862608075,38824.18132568059,1.4013770682978057,38824.18132568049,-2.623710355772255e-13
Ablated PINN,5,551,True,optimal,2.6782369241118433e-07,0.12106170086190104,0.12106196868559346,0.165245640091598,37361.85104174569,1.3649673955059551,37361.851041746726,2.7653500894793246e-12
Ablated PINN,5,552,True,optimal,2.6782369241118433e-07,0.11653670389205217,0.11653697171574459,0.1715954747051,37478.24727886228,1.4724552404163493,37478.24727886223,-1.3589670541506204e-13
Ablated PINN,5,553,True,optimal,2.6782369241118433e-07,0.1389089748263359,0.13890924265002833,0.1806672159582376,37965.82034292765,1.3006133538098357,37965.8203429277,1.3415146265572962e-13
Ablated PINN,5,554,True,optimal,2.6782369241118433e-07,0.12925324169918895,0.12925350952288137,0.1817612587474286,36150.775536377536,1.4062384798553724,36150.775536377696,4.4278736800808116e-13
Ablated PINN,5,555,True,optimal,2.6782369241118433e-07,0.1313551370985806,0.13135540492227302,0.1592718544416129,36622.720950537245,1.2125260817083157,36622.72095053717,-1.9867332151563385e-13
Ablated PINN,5,556,True,optimal,2.6782369241118433e-07,0.13066751509904861,0.13066778292274103,0.175411042291671,37333.52835667768,1.3424199781164496,37333.528356677576,-2.728469852229976e-13
Ablated PINN,5,557,True,optimal,2.6782369241118433e-07,0.11602744599804282,0.11602771382173524,0.1693641580641269,38048.443557786806,1.459687108239827,38048.44355777748,-2.4515530174621754e-11
Ablated PINN,5,558,True,optimal,2.6782369241118433e-07,0.13707092683762312,0.13707119466131554,0.1781026069074869,38082.80898777679,1.2993437997498631,38082.80898776859,-2.1532036236656352e-11
Ablated PINN,5,559,True,optimal,2.6782369241118433e-07,0.11810814682394266,0.11810841464763508,0.1760990801267326,37758.87499712498,1.4909952068369303,37758.87499713967,3.890518036926383e-11
Ablated PINN,5,560,True,optimal,2.6782369241118433e-07,0.12120183603838086,0.12120210386207328,0.1799452053382992,37431.88469460471,1.4846706418815547,37431.88469460234,-6.336742596788567e-12
Ablated PINN,5,561,True,optimal,2.6782369241118433e-07,0.13794929115101695,0.13794955897470937,0.1780317248776555,38247.70778692276,1.2905566802884416,38247.707786922765,1.902325141866709e-14
Ablated PINN,5,562,True,optimal,2.6782369241118433e-07,0.1318351379595697,0.1318354057832621,0.1575309168547392,38414.98712885366,1.1949059959941306,38414.98712885309,-1.4773522948287987e-12
Ablated PINN,5,563,True,optimal,2.6782369241118433e-07,0.13501247996464372,0.13501274778833613,0.160420096013695,39938.52222221035,1.1881848095202892,39938.52222220926,-2.7144661950222036e-12
Ablated PINN,5,564,True,optimal,2.6782369241118433e-07,0.1321772150695324,0.1321774828932248,0.1547773270867765,37680.364376736085,1.1709810453253087,37680.364376731144,-1.3111272414023527e-11
Ablated PINN,5,565,True,optimal,2.6782369241118433e-07,0.12667545303702354,0.12667572086071596,0.1631285562179982,36836.13257179828,1.2877649727161475,36836.132571797796,-1.3233994073620826e-12
Ablated PINN,5,566,True,optimal,2.6782369241118433e-07,0.12999219400808215,0.12999246183177457,0.1590021131560206,37564.968212357126,1.2231641044062072,37564.96821235385,-8.716048707597438e-12
Ablated PINN,5,567,True,optimal,2.6782369241118433e-07,0.12193362880498171,0.12193389662867413,0.164667597040534,37869.26785594437,1.3504661262650943,37869.267855944556,4.995472811578905e-13
Ablated PINN,5,568,True,optimal,2.6782369241118433e-07,0.14246990205720067,0.1424701698808931,0.1690981755964458,36667.9221428852,1.1869023230463898,36667.922142883195,-5.47662421036387e-12
Ablated PINN,5,569,True,optimal,2.6782369241118433e-07,0.14895242173224688,0.1489526895559393,0.1714541926048696,38463.55285720315,1.1510647650338657,38463.55285720324,2.459144877633709e-13
Ablated PINN,5,570,True,optimal,2.6782369241118433e-07,0.1320981327444315,0.1320984005681239,0.1675918260589242,37382.42831125197,1.2686892902423608,37382.42831125198,1.946357672006393e-14
Ablated PINN,5,571,True,optimal,2.6782369241118433e-07,0.11195251112803817,0.11195277895173059,0.1599842528812587,37103.00158866489,1.4290333333327734,37103.001588673586,2.343414003358014e-11
Ablated PINN,5,572,True,optimal,2.6782369241118433e-07,0.12097857799381018,0.1209788458175026,0.1559554561972618,36590.04738425717,1.289113440811972,36590.04738426445,1.990495802126568e-11
Ablated PINN,5,573,True,optimal,2.6782369241118433e-07,0.1313724466599524,0.13137271448364482,0.1549570029601454,37426.33181633952,1.1795219697575534,37426.331816334554,-1.3278028621329417e-11
Ablated PINN,5,574,True,optimal,2.6782369241118433e-07,0.12572472915053368,0.1257249969742261,0.1555461590178311,37958.056009977736,1.2371935793302775,37958.05600997511,-6.919797731553422e-12
Ablated PINN,5,575,True,optimal,2.6782369241118433e-07,0.12845260789617896,0.12845287571987138,0.1724221939221024,37439.323897526585,1.3422992124996782,37439.32389752547,-2.973401758047262e-12
Ablated PINN,5,576,True,optimal,2.6782369241118433e-07,0.12259010225534439,0.12259037007903681,0.171226954087615,37099.05202235135,1.3967406573389174,37099.052022347896,-9.31581719299705e-12
Ablated PINN,5,577,True,optimal,2.6782369241118433e-07,0.1331731816753745,0.13317344949906693,0.1728495657444,36743.91357578194,1.2979281260234312,36743.91357578003,-5.188072552436298e-12
Ablated PINN,5,578,True,optimal,2.6782369241118433e-07,0.12186681386083364,0.12186708168452606,0.1570983328856527,36601.21135182778,1.2890957157104066,36601.21135182359,-1.1430429413770065e-11
Ablated PINN,5,579,True,optimal,2.6782369241118433e-07,0.12558991089463234,0.12559017871832476,0.1714877081103623,37549.68182393258,1.3654547661324465,37549.68182393251,-1.937688220182478e-13
Ablated PINN,5,580,True,optimal,2.6782369241118433e-07,0.11436427803710103,0.11436454586079345,0.1705339280888438,37363.30276432997,1.491143315485384,37363.30276433073,2.0252481335710046e-12
Ablated PINN,5,581,True,optimal,2.6782369241118433e-07,0.12348726112395525,0.12348752894764767,0.1740403389558196,37873.25122104594,1.4093758328389883,37873.25122104594,0.0
Ablated PINN,5,582,True,optimal,2.6782369241118433e-07,0.11447608796879649,0.11447635579248891,0.1615061978809535,37258.21140373022,1.4108258143167616,37258.21140373615,1.591570081371593e-11
Ablated PINN,5,583,True,optimal,2.6782369241118433e-07,0.1342616369947791,0.13426190481847153,0.1572399181313812,37640.79111631284,1.171143209564746,37640.79111630818,-1.2371187573311393e-11
Ablated PINN,5,584,True,optimal,2.6782369241118433e-07,0.13771278504282236,0.13771305286651478,0.1775986328721046,35713.589826592695,1.289628173766875,35713.58982659275,1.6298462628958515e-13
Ablated PINN,5,585,True,optimal,2.6782369241118433e-07,0.1293040569871664,0.12930432481085882,0.169917466584593,36929.288079933925,1.3140895854267942,36929.288079932434,-4.038992865714272e-12
Ablated PINN,5,586,True,optimal,2.6782369241118433e-07,0.1307452730834484,0.13074554090714083,0.1705687860958278,37172.61387443121,1.3045858765995741,37172.613874431176,-9.78671776857225e-14
Ablated PINN,5,587,True,optimal,2.6782369241118433e-07,0.1252100090496242,0.12521027687331662,0.163940146099776,37595.73854201515,1.3093186134045922,37595.738542011364,-1.0063635151486998e-11
Ablated PINN,5,588,True,optimal,2.6782369241118433e-07,0.12304490199312568,0.1230451698168181,0.1505248839966952,37080.56019575969,1.2233302958644143,37080.560195757214,-6.671489254105867e-12
Ablated PINN,5,589,True,optimal,2.6782369241118433e-07,0.12717786896973848,0.1271781367934309,0.168629236984998,37300.86718111226,1.325929450113694,37300.86718111061,-4.427892709303999e-12
Ablated PINN,5,590,True,optimal,2.6782369241118433e-07,0.12476448900997639,0.1247647568336688,0.1623016390949487,38163.83914282164,1.3008612625384468,38163.83914286668,1.180127016656991e-10
Ablated PINN,5,591,True,optimal,2.6782369241118433e-07,0.13115354115143418,0.1311538089751266,0.1686473372392356,37354.040536243774,1.2858744900898735,37354.04053624114,-7.051169347473375e-12
Ablated PINN,5,592,True,optimal,2.6782369241118433e-07,0.13345896918326616,0.13345923700695858,0.1620224779471755,37744.61302564658,1.2140222106824097,37744.61302564559,-2.6216462594452443e-12
Ablated PINN,5,593,True,optimal,2.6782369241118433e-07,0.12212601536884904,0.12212628319254146,0.1687562838196754,37312.76999944803,1.3818178970829575,37312.76999944484,-8.540961807604968e-12
Ablated PINN,5,594,True,optimal,2.6782369241118433e-07,0.13971538003534079,0.1397156478590332,0.159396689850837,35729.817543693614,1.1408649803611195,35729.81754369022,-9.509906401476688e-12
Ablated PINN,5,595,True,optimal,2.6782369241118433e-07,0.1231591603718698,0.12315942819556222,0.1721705789677798,38690.52729376181,1.3979488333966101,38690.527293761756,-1.3163869004053574e-13
Ablated PINN,5,596,True,optimal,2.6782369241118433e-07,0.12136110570281744,0.12136137352650986,0.1682639122009277,37341.88124939741,1.3864700712551887,37341.88124939734,-1.9484710921737074e-13
Ablated PINN,5,597,True,optimal,2.6782369241118433e-07,0.11789687303826213,0.11789714086195455,0.1665353742428124,36663.06513727508,1.4125480314896544,36663.06513727503,-1.389182904063907e-13
Ablated PINN,5,598,True,optimal,2.6782369241118433e-07,0.13014486897736788,0.1301451368010603,0.1728351963683962,36623.31041220771,1.32801886122408,36623.3104122057,-5.503162429732181e-12
Ablated PINN,5,599,True,optimal,2.6782369241118433e-07,0.1323053389787674,0.1323056068024598,0.1694016889669001,37656.675645906726,1.2803817847253214,37656.67564590507,-4.40537649056694e-12
Ablated PINN,5,600,True,optimal,2.6782369241118433e-07,0.1150871617719531,0.11508742959564552,0.1682600053027272,38557.60074312643,1.4620189702203021,38557.60074312643,0.0
Ablated PINN,5,601,True,optimal,2.6782369241118433e-07,0.13249584706500173,0.13249611488869414,0.1734674633480608,38007.86038231956,1.3092267912442972,38007.86038231957,3.82865940939314e-14
Ablated PINN,5,602,True,optimal,2.6782369241118433e-07,0.12431115144863725,0.12431141927232967,0.1564113777130842,36604.13483947123,1.2582221217379312,36604.13483947032,-2.5045549182015717e-12
Ablated PINN,5,603,True,optimal,2.6782369241118433e-07,0.1257585622370243,0.12575883006071673,0.1556370640173554,38022.68595017272,1.2375835871104508,38022.68595017247,-6.697541484316499e-13
Ablated PINN,5,604,True,optimal,2.6782369241118433e-07,0.1335462057031691,0.13354647352686153,0.165866516996175,37048.7719935187,1.2420134550599917,37048.77199351722,-3.9866892104753836e-12
Ablated PINN,5,605,True,optimal,2.6782369241118433e-07,0.12980711180716753,0.12980737963085995,0.172681295312941,36519.47378091206,1.3302887386218245,36519.47378091214,2.1915850769418951e-13
Ablated PINN,5,606,True,optimal,2.6782369241118433e-07,0.11895177699625492,0.11895204481994734,0.1715656672604382,36882.57600933843,1.4423095249865596,36882.57600933847,9.86367873591747e-14
Ablated PINN,5,607,True,optimal,2.6782369241118433e-07,0.12083948543295264,0.12083975325664506,0.1730672479607164,38075.64961115748,1.4322045791764253,38075.64961115623,-3.2867849200735024e-12
Ablated PINN,5,608,True,optimal,2.6782369241118433e-07,0.12157633388414979,0.12157660170784221,0.1872017201967537,38491.54214369286,1.539784116080277,38491.54214369291,1.3231920692902022e-13
Ablated PINN,5,609,True,optimal,2.6782369241118433e-07,0.11657124804332852,0.11657151586702094,0.1676798448897898,37789.847613833,1.438428964765893,37789.84761383153,-3.889254736044639e-12
Ablated PINN,5,610,True,optimal,2.6782369241118433e-07,0.1604882227256894,0.16048849054938183,0.1617634547874331,37372.46372976417,1.0079442721013003,37372.46372976388,-7.787506509386171e-13
Ablated PINN,5,611,True,optimal,2.6782369241118433e-07,0.12138195475563407,0.12138222257932649,0.1752375401556491,36281.41759193647,1.4436837325262086,36281.41759193645,-6.016267911042569e-14
Ablated PINN,5,612,True,optimal,2.6782369241118433e-07,0.11928179301321507,0.11928206083690748,0.1605677963234484,38308.97673457923,1.3461185629831651,38308.97673457848,-1.956261164199755e-12
Ablated PINN,5,613,True,optimal,2.6782369241118433e-07,0.1169850011356175,0.11698526895930991,0.1704759881831705,36536.96975603781,1.4572432042060428,36536.96975603595,-5.097973810275142e-12
Ablated PINN,5,614,True,optimal,2.6782369241118433e-07,0.1290469248779118,0.12904719270160422,0.1850780188106,37492.52280636031,1.4341886478581198,37492.52280636026,-1.3584496184034812e-13
Ablated PINN,5,615,True,optimal,2.6782369241118433e-07,0.1232849769294262,0.12328524475311861,0.163959820754826,37918.40512496982,1.3299224986993303,37918.40512496968,-3.645807206655165e-13
Ablated PINN,5,616,True,optimal,2.6782369241118433e-07,0.13578050676733255,0.13578077459102497,0.171635468956083,37663.46139270252,1.2640631155114062,37663.461392702615,2.5113849202057493e-13
Ablated PINN,5,617,True,optimal,2.6782369241118433e-07,0.12450842466205359,0.124508692485746,0.1589676029980182,37951.21771414124,1.2767590746020976,37951.21771414524,1.0544527761779189e-11
Ablated PINN,5,618,True,optimal,2.6782369241118433e-07,0.11936662485823035,0.11936689268192277,0.1698389668017625,37684.46763328472,1.4228314316125559,37684.46763328707,6.236347378582829e-12
Ablated PINN,5,619,True,optimal,2.6782369241118433e-07,0.1161475577391684,0.11614782556286082,0.1698246961459517,38145.96579780013,1.462142707562271,38145.96579780289,7.2481161128424e-12
Ablated PINN,5,620,True,optimal,2.6782369241118433e-07,0.1176593117415905,0.11765957956528292,0.1671525379642844,38958.3404683907,1.4206453786581867,38958.34046839451,9.786355743067427e-12
Ablated PINN,5,621,True,optimal,2.6782369241118433e-07,0.13879072200506926,0.13879098982876167,0.1574033419601619,38761.37495917448,1.1341034612863838,38761.374959173714,-1.970971231784009e-12
Ablated PINN,5,622,True,optimal,2.6782369241118433e-07,0.11934638908132911,0.11934665690502153,0.1671149837784469,37582.542071853306,1.400248554188161,37582.542071850934,-6.311340456132238e-12
Ablated PINN,5,623,True,optimal,2.6782369241118433e-07,0.13050809362903237,0.1305083614527248,0.1781733152456581,37791.51525748618,1.3652252871950998,37791.515257488696,6.66149879769315e-12
Ablated PINN,5,624,True,optimal,2.6782369241118433e-07,0.12552810460329056,0.12552837242698298,0.1637782407924533,36773.56372652529,1.3047109400523726,36773.563726524284,-2.7304455946244184e-12
Ablated PINN,5,625,True,optimal,2.6782369241118433e-07,0.1347138648852706,0.134714132708963,0.1686274372041225,38331.19212806325,1.2517427371070704,38331.19212806404,2.050036481272136e-12
Ablated PINN,5,626,True,optimal,2.6782369241118433e-07,0.17013365169987082,0.17013391952356324,0.1651300429366529,37614.469044654,0.9705886010213424,37614.469044652345,-4.390976186474655e-12
Ablated PINN,5,627,True,optimal,2.6782369241118433e-07,0.12832696689292789,0.1283272347166203,0.1601873021572828,37084.45601039876,1.2482720640791314,37084.45601039583,-7.906846247639999e-12
Ablated PINN,5,628,True,optimal,2.6782369241118433e-07,0.12190713034942746,0.12190739817311988,0.1638651969842612,37533.52111676674,1.34417762531161,37533.52111677224,1.4655230291904232e-11
Ablated PINN,5,629,True,optimal,2.6782369241118433e-07,0.12074763607233763,0.12074790389603005,0.1606693435460329,37985.24670680965,1.3306180758580886,37985.246706808786,-2.279408536611157e-12
Ablated PINN,5,630,True,optimal,2.6782369241118433e-07,0.13427735306322575,0.13427762088691816,0.1578375580720603,36924.0680826126,1.175456915527146,36924.06808261254,-1.5764151659355533e-13
Ablated PINN,5,631,True,optimal,2.6782369241118433e-07,0.12728917319327593,0.12728944101696835,0.1573000270873308,38480.93589813893,1.235766500587915,38480.93589813952,1.5315442646948735e-12
Ablated PINN,5,632,True,optimal,2.6782369241118433e-07,0.11753048095852137,0.11753074878221378,0.1655058888718485,36557.96985656361,1.408192244044436,36557.969856567564,1.0807068882661891e-11
Ablated PINN,5,633,True,optimal,2.6782369241118433e-07,0.13639093982055783,0.13639120764425025,0.1673609879799187,37466.56928679344,1.227065812163252,37466.569286793274,-4.4665692192214357e-13
Ablated PINN,5,634,True,optimal,2.6782369241118433e-07,0.1235994091257453,0.12359967694943771,0.1846586731262505,37100.96912303606,1.4940061146097563,37100.96912303611,1.3727863315478838e-13
Ablated PINN,5,635,True,optimal,2.6782369241118433e-07,0.12508211098611355,0.12508237880980597,0.1679514460265636,39737.489717246775,1.3427266704124823,39737.48971724529,-3.735251934269034e-12
Ablated PINN,5,636,True,optimal,2.6782369241118433e-07,0.12395071377977729,0.1239509816034697,0.1574904639273882,38607.15851359384,1.2705866616790038,38607.158513593145,-1.7903829236851081e-12
Ablated PINN,5,637,True,optimal,2.6782369241118433e-07,0.12361885886639357,0.12361912669008598,0.1626749513670802,37640.48354272492,1.3159367463815486,37640.48354272186,-8.137988323381322e-12
Ablated PINN,5,638,True,optimal,2.6782369241118433e-07,0.12298923311755061,0.12298950094124303,0.1750158611685037,37252.25033096069,1.423014646202327,37252.250330959556,-3.0469283807782864e-12
Ablated PINN,5,639,True,optimal,2.6782369241118433e-07,0.11415712302550673,0.11415739084919915,0.1857957220636308,37227.40016454239,1.6275400189293499,37227.40016454511,7.309691613373644e-12
Ablated PINN,5,640,True,optimal,2.6782369241118433e-07,0.12526312423869967,0.1252633920623921,0.1748093506321311,39076.710417470975,1.3955342239579525,39076.71041747029,-1.7502497227285957e-12
Ablated PINN,5,641,True,optimal,2.6782369241118433e-07,0.12361301574856043,0.12361328357225285,0.1576945381239056,38569.05915622706,1.2757086743976995,38569.05915622729,6.036720852089508e-13
Ablated PINN,5,642,True,optimal,2.6782369241118433e-07,0.11703398218378425,0.11703425000747666,0.1880073989741504,37575.21200452069,1.6064305873036282,37575.21200452074,1.3554601712734547e-13
Ablated PINN,5,643,True,optimal,2.6782369241118433e-07,0.15098797483369708,0.1509882426573895,0.1635166304185986,38012.89653501051,1.0829759161422756,38012.89653501053,3.828152168031787e-14
Ablated PINN,5,644,True,optimal,2.6782369241118433e-07,0.12587071396410465,0.12587098178779707,0.1786040510050952,37396.072377311546,1.4189454032081799,37396.07237731148,-1.7510827839604941e-13
Ablated PINN,5,645,True,optimal,2.6782369241118433e-07,0.1254317187704146,0.125431986594107,0.1621865970082581,37416.59074364734,1.2930242230244473,37416.5907436426,-1.2678665453380532e-11
Ablated PINN,5,646,True,optimal,2.6782369241118433e-07,0.12350681005045772,0.12350707787415013,0.1734284628182649,36584.18876176514,1.4041985755260367,36584.18876176512,-3.977651472095877e-14
Ablated PINN,5,647,True,optimal,2.6782369241118433e-07,0.13323015673086047,0.1332304245545529,0.1599940657615661,37523.41014406827,1.2008823532349737,37523.41014406301,-1.4019294448071915e-11
Ablated PINN,5,648,True,optimal,2.6782369241118433e-07,0.12982540484517813,0.12982567266887055,0.180485772434622,38405.33642391121,1.3902163472317495,38405.336423916095,1.2712211410488869e-11
Ablated PINN,5,649,True,optimal,2.6782369241118433e-07,0.12422497989609838,0.1242252477197908,0.1581447548232972,36798.41940173315,1.2730484158906012,36798.41940173569,6.920365619954478e-12
Ablated PINN,5,650,True,optimal,2.6782369241118433e-07,0.1195553638972342,0.11955563172092662,0.1568699879571795,37232.962256969855,1.3121087287912467,37232.96225696985,-1.9541710283396528e-14
Ablated PINN,5,651,True,optimal,2.6782369241118433e-07,0.12209244910627604,0.12209271692996845,0.1619576923549175,37842.809430032416,1.3265139512606254,37842.80943002078,-3.074363769579497e-11
Ablated PINN,5,652,True,optimal,2.6782369241118433e-07,0.13234727084636688,0.1323475386700593,0.1630979729816317,36002.513489220604,1.2323460989193977,36002.51348921816,-6.790419671942064e-12
Ablated PINN,5,653,True,optimal,2.6782369241118433e-07,0.1260306490585208,0.1260309168822132,0.1693160221911966,38099.160962124224,1.3434483091909666,38099.16096212424,3.8194844350597237e-14
Ablated PINN,5,654,True,optimal,2.6782369241118433e-07,0.12025282625108957,0.12025309407478199,0.16264045285061,35720.768100457884,1.3524845585217833,35720.76810045856,1.894315531558754e-12
Ablated PINN,5,655,True,optimal,2.6782369241118433e-07,0.1226914650760591,0.12269173289975152,0.1634236420504748,37347.46634704556,1.3319857678104876,37347.46634704164,-1.0500688634679238e-11
Ablated PINN,5,656,True,optimal,2.6782369241118433e-07,0.1220686943270266,0.12206896215071902,0.1617733179591596,37605.37475176988,1.3252616808474005,37605.374751769916,9.674092682510745e-14
Ablated PINN,5,657,True,optimal,2.6782369241118433e-07,0.12060251086950302,0.12060277869319544,0.1531194909475743,38077.26414023097,1.269618267561637,38077.26414022962,-3.535054812936907e-12
Ablated PINN,5,658,True,optimal,2.6782369241118433e-07,0.12954181898385286,0.12954208680754528,0.1638615750707686,37447.92681995925,1.26492925279342,37447.9268199575,-4.66308812180573e-12
Ablated PINN,5,659,True,optimal,2.6782369241118433e-07,0.15349719300866127,0.1534974608323537,0.169980120845139,37962.06283257602,1.1073806688619252,37962.062832581054,1.3263142973079764e-11
Ablated PINN,5,660,True,optimal,2.6782369241118433e-07,0.13407780090346932,0.13407806872716174,0.1581276268698275,37367.42399750532,1.1793698132063992,37367.423997502956,-6.328202406372679e-12
Ablated PINN,5,661,True,optimal,2.6782369241118433e-07,0.12274541612714529,0.12274568395083771,0.1670366209000349,38363.98928723356,1.3608349843643925,38363.98928723354,-5.689677546076776e-14
Ablated PINN,5,662,True,optimal,2.6782369241118433e-07,0.1285843593068421,0.1285846271305345,0.1580141521990299,36645.68375921567,1.2288728110446638,36645.68375921473,-2.5811347826358305e-12
Ablated PINN,5,663,True,optimal,2.6782369241118433e-07,0.11647424893453717,0.11647451675822959,0.152494020294398,37446.828188039945,1.3092479328412705,37446.82818803847,-3.944311086275065e-12
Ablated PINN,5,664,True,optimal,2.6782369241118433e-07,0.12464759079739451,0.12464785862108693,0.164476778358221,38108.535981763365,1.319531520057707,38108.53598176205,-3.455783052902947e-12
Ablated PINN,5,665,True,optimal,2.6782369241118433e-07,0.13506328500807285,0.13506355283176527,0.1514591760933399,37438.268796034914,1.1213919145307614,37438.26879603496,1.1660727669577535e-13
Ablated PINN,5,666,True,optimal,2.6782369241118433e-07,0.12529359990730882,0.12529386773100123,0.1716903648339212,36865.96248635169,1.370301419719364,36865.9624863505,-3.217008348964077e-12
Ablated PINN,5,667,True,optimal,2.6782369241118433e-07,0.12492705974727869,0.12492732757097111,0.1892892369069159,38619.15467743779,1.5151947983469096,38619.15467743844,1.6767850903806671e-12
Ablated PINN,5,668,True,optimal,2.6782369241118433e-07,0.12180246086791158,0.121802728691604,0.152978153899312,35856.26849076382,1.2559501379204894,35856.26849076202,-5.0121264881933696e-12
Ablated PINN,5,669,True,optimal,2.6782369241118433e-07,0.11937553388997912,0.11937580171367154,0.1732061621733009,37636.145162876026,1.450931928304398,37636.14516287431,-4.562438553460164e-12
Ablated PINN,5,670,True,optimal,2.6782369241118433e-07,0.12133854907006025,0.12133881689375267,0.1820418699644506,36525.320835177336,1.5002772783243061,36525.32083517641,-2.5298795352711888e-12
Ablated PINN,5,671,True,optimal,2.6782369241118433e-07,0.11871779104694724,0.11871805887063966,0.1725464458577335,37596.712095764095,1.4534136381538008,37596.71209576291,-3.1544808708033785e-12
Ablated PINN,5,672,True,optimal,2.6782369241118433e-07,0.11421224381774664,0.11421251164143906,0.1653420166112482,38199.40682140979,1.4476699114220173,38199.40682141125,3.809461046450301e-12
Ablated PINN,5,673,True,optimal,2.6782369241118433e-07,0.12627459410578012,0.12627486192947254,0.1828731526620686,36866.211755918295,1.4482150276609096,36866.211755918266,-7.894445637491229e-14
Ablated PINN,5,674,True,optimal,2.6782369241118433e-07,0.11855466291308403,0.11855493073677645,0.1712319841608405,37448.87257829419,1.444326128796964,37448.87257829129,-7.752188218723205e-12
Ablated PINN,5,675,True,optimal,2.6782369241118433e-07,0.11568107968196273,0.11568134750565515,0.1622013258747756,37942.2266948838,1.4021389737601933,37942.22669488446,1.74505346830362e-12
Ablated PINN,5,676,True,optimal,2.6782369241118433e-07,0.13983030011877418,0.1398305679424666,0.1626015710644424,37864.42573656541,1.1628471045854933,37864.425736565114,-7.878483731853893e-13
Ablated PINN,5,677,True,optimal,2.6782369241118433e-07,0.11621243599802256,0.11621270382171497,0.1541935643181204,37883.34792666697,1.3268219329504016,37883.34792666696,-1.920621595606578e-14
Ablated PINN,5,678,True,optimal,2.6782369241118433e-07,0.12420151196420193,0.12420177978789435,0.1627663299441337,38337.38621686627,1.3104991749884582,38337.38621686555,-1.8788964895245245e-12
Ablated PINN,5,679,True,optimal,2.6782369241118433e-07,0.12271901220083237,0.12271928002452479,0.1626220401376485,37175.12564807021,1.325154776862685,37175.12564806766,-6.850239563605603e-12
Ablated PINN,5,680,True,optimal,2.6782369241118433e-07,0.12191271176561713,0.12191297958930955,0.164742216002196,36874.538182973854,1.3513098979055886,36874.538182973716,-3.749014943143515e-13
Ablated PINN,5,681,True,optimal,2.6782369241118433e-07,0.11801265086978674,0.11801291869347916,0.1642483212053775,36713.75186136212,1.3917825524846805,36713.75186136052,-4.359975741964296e-12
Ablated PINN,5,682,True,optimal,2.6782369241118433e-07,0.12299698125571012,0.12299724907940254,0.1650798353366553,38465.27623972982,1.3421424997081501,38465.27623973174,4.99373200434844e-12
Ablated PINN,5,683,True,optimal,2.6782369241118433e-07,0.11997142992913723,0.11997169775282965,0.1594085800461471,37856.30238331747,1.328718214645648,37856.30238331832,2.2487326739935552e-12
Ablated PINN,5,684,True,optimal,2.6782369241118433e-07,0.13009801181033254,0.13009827963402495,0.1702620442956686,38660.98426325648,1.3087186454319533,38660.98426325648,0.0
Ablated PINN,5,685,True,optimal,2.6782369241118433e-07,0.12285631010308862,0.12285657792678104,0.1567203430458903,37215.561759223536,1.275636564932576,37215.56175920536,-4.88380163057074e-11
Ablated PINN,5,686,True,optimal,2.6782369241118433e-07,0.13123989012092352,0.13124015794461594,0.1647181618027389,36840.5431209009,1.255089634014696,36840.543120900875,-5.924959567212944e-14
Ablated PINN,5,687,True,optimal,2.6782369241118433e-07,0.14782741107046604,0.14782767889415846,0.1635654647834599,38409.002451373584,1.106460346310175,38409.00245137352,-1.704902870376656e-13
Ablated PINN,5,688,True,optimal,2.6782369241118433e-07,0.11624131118878722,0.11624157901247964,0.1869348473846912,37528.6479768632,1.608158190664478,37528.647976862085,-2.9663245946306855e-12
Ablated PINN,5,689,True,optimal,2.6782369241118433e-07,0.13185284100472927,0.1318531088284217,0.1749152760021388,37613.174708402425,1.3265919746325678,37613.17470840244,3.868834614780893e-14
Ablated PINN,5,690,True,optimal,2.6782369241118433e-07,0.12802882585674524,0.12802909368043766,0.1629724842496216,38145.2449987657,1.2729332026391058,38145.24499876493,-2.0218811207750774e-12
Ablated PINN,5,691,True,optimal,2.6782369241118433e-07,0.12284541362896562,0.12284568145265803,0.1615004613995552,37099.267237046624,1.314661284709417,37099.26723704264,-1.0747448856863002e-11
Ablated PINN,5,692,True,optimal,2.6782369241118433e-07,0.162581873126328,0.1625821409500204,0.1629160540178418,37254.58427766685,1.002053811481816,37254.58427766366,-8.573831796967147e-12
Ablated PINN,5,693,True,optimal,2.6782369241118433e-07,0.12315107695758343,0.12315134478127585,0.1721738609485328,36219.31594220378,1.3980672420128573,36219.31594220359,-5.223038951664382e-13
Ablated PINN,5,694,True,optimal,2.6782369241118433e-07,0.12417096737772226,0.12417123520141468,0.1765028089284896,36647.35274403875,1.4214468322086782,36647.35274403877,5.956193615131154e-14
Ablated PINN,5,695,True,optimal,2.6782369241118433e-07,0.13038151385262609,0.1303817816763185,0.1666073123924434,37475.76078429104,1.2778419672623986,37475.760784291,-9.707551577222866e-14
Ablated PINN,5,696,True,optimal,2.6782369241118433e-07,0.13361060293391347,0.1336108707576059,0.1694586500525474,38376.27952441712,1.2682998703000434,38376.27952443032,3.439256560483165e-11
Ablated PINN,5,697,True,optimal,2.6782369241118433e-07,0.13225026428699493,0.13225053211068735,0.1638368596322834,37504.28193726652,1.2388370543202034,37504.28193726638,-3.686064297957357e-13
Ablated PINN,5,698,True,optimal,2.6782369241118433e-07,0.13295462308451533,0.13295489090820775,0.1762476619333028,38922.3913196171,1.32561999584494,38922.391319620394,8.468155957221173e-12
Ablated PINN,5,699,True,optimal,2.6782369241118433e-07,0.126426937058568,0.12642720488226042,0.1683233580552041,37989.22082134099,1.3313855843919107,37989.22082134032,-1.7620474598648173e-12
Ablated PINN,5,700,True,optimal,2.6782369241118433e-07,0.12766012409701943,0.12766039192071185,0.1653611571528017,37900.87060984868,1.295320769933914,37900.87060984511,-9.42589215255582e-12
Ablated PINN,5,701,True,optimal,2.6782369241118433e-07,0.11755633307620883,0.11755660089990125,0.1549840210936963,36621.966939093465,1.3183778699561437,36621.96693908922,-1.158289312019662e-11
Ablated PINN,5,702,True,optimal,2.6782369241118433e-07,0.1236567790620029,0.12365704688569532,0.1608501798473298,36129.625827368814,1.300776493522562,36129.625827367956,-2.376340686659611e-12
Ablated PINN,5,703,True,optimal,2.6782369241118433e-07,0.12087535485625267,0.12087562267994509,0.1803391561843454,36975.98028002812,1.491939831920023,36975.98028002815,7.871009838366231e-14
Ablated PINN,5,704,True,optimal,2.6782369241118433e-07,0.12670396221801639,0.1267042300417088,0.1724063050933182,37941.52855278439,1.360698889346986,37941.5285527844,3.8353529189321345e-14
Ablated PINN,5,705,True,optimal,2.6782369241118433e-07,0.14229841670021415,0.14229868452390657,0.1570660965517163,38264.62634066809,1.1037775723452228,38264.626340662966,-1.338644761556477e-11
Ablated PINN,5,706,True,optimal,2.6782369241118433e-07,0.12054961314424872,0.12054988096794114,0.1783102308399975,37243.578783039775,1.4791406628382906,37243.57878303974,-9.768069895443022e-14
Ablated PINN,5,707,True,optimal,2.6782369241118433e-07,0.14081813395023346,0.14081840177392588,0.1574625642970204,38202.9688103683,1.118195934007372,38202.96881036914,2.1902358682762994e-12
Ablated PINN,5,708,True,optimal,2.6782369241118433e-07,0.15213799895718694,0.15213826678087936,0.1667338237166404,37984.38706600299,1.0959361326022112,37984.38706600136,-4.290748466587246e-12
Ablated PINN,5,709,True,optimal,2.6782369241118433e-07,0.12014719378203154,0.12014746160572395,0.1695160241797566,37700.46903648929,1.4108997553027012,37700.46903648472,-1.2120012027661209e-11
Ablated PINN,5,710,True,optimal,2.6782369241118433e-07,0.12227107584476471,0.12227134366845713,0.179200230166316,38494.79379476071,1.465594674842402,38494.793794760706,-1.8901147134274847e-14
Ablated PINN,5,711,True,optimal,2.6782369241118433e-07,0.13026395067572594,0.13026421849941835,0.1582561181858182,37893.64500953999,1.2148855611222573,37893.64500953541,-1.2096628064630734e-11
Ablated PINN,5,712,True,optimal,2.6782369241118433e-07,0.13802482280880213,0.13802509063249455,0.1650373600423336,37439.62806716465,1.195705500254022,37439.62806716136,-8.803529760798455e-12
Ablated PINN,5,713,True,optimal,2.6782369241118433e-07,0.12802620325237513,0.12802647107606754,0.1720578260719776,36755.34084442727,1.3439238356398078,36755.34084442719,-2.1775211960291865e-13
Ablated PINN,5,714,True,optimal,2.6782369241118433e-07,0.12682923581451178,0.1268295036382042,0.1648028511554002,38162.302681215566,1.2994046844614275,38162.30268121111,-1.1668284529570796e-11
Ablated PINN,5,715,True,optimal,2.6782369241118433e-07,0.1230033147148788,0.12300358253857122,0.1555140907876193,38101.80914623268,1.2643053769499235,38101.80914623089,-4.697639333134127e-12
Ablated PINN,5,716,True,optimal,2.6782369241118433e-07,0.12313347915187478,0.1231337469755672,0.1633684961125254,37665.69295836426,1.3267564751760683,37665.69295836436,2.5112361290934354e-13
Ablated PINN,5,717,True,optimal,2.6782369241118433e-07,0.1348894047550857,0.13488967257877812,0.1730897356756031,38019.94012979863,1.2831948685657564,38019.94012979666,-5.186185214158967e-12
Ablated PINN,5,718,True,optimal,2.6782369241118433e-07,0.12711751507595181,0.12711778289964423,0.1653514760546386,37687.65252758067,1.3007737570846303,37687.65252757944,-3.2627047702085532e-12
Ablated PINN,5,719,True,optimal,2.6782369241118433e-07,0.11817641835659742,0.11817668618028984,0.1648942348547279,37967.6004277046,1.3953195015399735,37967.60042770341,-3.142829768760876e-12
Ablated PINN,5,720,True,optimal,2.6782369241118433e-07,0.13672141591086984,0.13672168373456225,0.175670500844717,36293.521192568165,1.284876663644457,36293.52119256821,1.2028523067097704e-13
Ablated PINN,5,721,True,optimal,2.6782369241118433e-07,0.11683870386332273,0.11683897168701515,0.1655247239395976,37433.99457954236,1.4166910368143297,37433.99457954303,1.7881823941671857e-12
Ablated PINN,5,722,True,optimal,2.6782369241118433e-07,0.12401891499757767,0.12401918282127009,0.1606976692564785,36717.118873317806,1.2957484931026155,36717.11887331606,-4.755901010177029e-12
Ablated PINN,5,723,True,optimal,2.6782369241118433e-07,0.11498994193971157,0.11499020976340399,0.1805245000869035,37805.64876842016,1.5699119121387672,37805.64876841979,-9.622844536741801e-13
Ablated PINN,5,724,True,optimal,2.6782369241118433e-07,0.14409118983894587,0.14409145766263828,0.1952457958832383,37205.81786772134,1.3550129830761224,37205.817867720485,-2.2880481861359972e-12
Ablated PINN,5,725,True,optimal,2.6782369241118433e-07,0.14779331209138036,0.14779357991507278,0.1520299208350479,36640.387833191344,1.0286639035498664,36640.38783319679,1.48734567926344e-11
Ablated PINN,5,726,True,optimal,2.6782369241118433e-07,0.1776887457817793,0.1776890136054717,0.1705993278883397,36772.44702736288,0.9601005961298572,36772.44702736142,-3.977074137499271e-12
Ablated PINN,5,727,True,optimal,2.6782369241118433e-07,0.12051363801583648,0.1205139058395289,0.1604934181086719,36419.709291200685,1.3317419014066145,36419.709291200175,-1.3984653993816891e-12
Ablated PINN,5,728,True,optimal,2.6782369241118433e-07,0.12531586224213243,0.12531613006582484,0.1718411752954125,36367.97004976513,1.371261426642759,36367.970049768424,9.06294410910179e-12
Ablated PINN,5,729,True,optimal,2.6782369241118433e-07,0.11970247095450759,0.11970273877820001,0.1613024170510471,37817.32327116832,1.34752486615973,37817.32327116684,-3.924908546938424e-12
Ablated PINN,5,730,True,optimal,2.6782369241118433e-07,0.11426481697708368,0.1142650848007761,0.1856654961593449,36422.325482498345,1.6248663927660592,36422.325482496926,-3.89544521380859e-12
Ablated PINN,5,731,True,optimal,2.6782369241118433e-07,0.12289186427369714,0.12289213209738956,0.1580683160573244,37014.63711001613,1.2862362574363868,37014.63711001475,-3.715168096862285e-12
Ablated PINN,5,732,True,optimal,2.6782369241118433e-07,0.11474679782986641,0.11474706565355883,0.1672948598861694,37907.333499337874,1.45794455773938,37907.33349933648,-3.6852601672645184e-12
Ablated PINN,5,733,True,optimal,2.6782369241118433e-07,0.11158467084169388,0.1115849386653863,0.1760020470246672,37831.5700560004,1.577292142915907,37831.57005600633,1.567448944567121e-11
Ablated PINN,5,734,True,optimal,2.6782369241118433e-07,0.11177130788564682,0.11177157570933924,0.1677253982052207,36227.13092414981,1.5006086935858252,36227.13092415607,1.72724789089673e-11
Ablated PINN,5,735,True,optimal,2.6782369241118433e-07,0.11908337194472551,0.11908363976841793,0.1815983247943222,38365.8705693373,1.5249645135761438,38365.870569337494,5.120458695910829e-13
Ablated PINN,5,736,True,optimal,2.6782369241118433e-07,0.12054406711831689,0.1205443349420093,0.1826914297416806,36791.06895515918,1.5155538402494702,36791.068955158225,-2.590711481147028e-12
Ablated PINN,5,737,True,optimal,2.6782369241118433e-07,0.1504918490536511,0.1504921168773435,0.1647824188694358,37375.10906822638,1.0949571465177765,37375.1090682256,-2.0830105493376993e-12
Ablated PINN,5,738,True,optimal,2.6782369241118433e-07,0.12361881090328097,0.12361907872697339,0.1626051347702741,37807.92408604918,1.3153724849333799,37807.92408604591,-8.64079435129267e-12
Ablated PINN,5,739,True,optimal,2.6782369241118433e-07,0.13290518475696445,0.13290545258065686,0.1557597019709646,37073.294605946445,1.1719587040752755,37073.29460594643,-3.9251745449223625e-14
Ablated PINN,5,740,True,optimal,2.6782369241118433e-07,0.16784023214131594,0.16784049996500836,0.1666533201932907,37603.95511810395,0.99292673835001,37603.95511810167,-6.056210646158864e-12
Ablated PINN,5,741,True,optimal,2.6782369241118433e-07,0.129431561101228,0.12943182892492042,0.1632273579016327,37440.72000481825,1.261106786927318,37440.72000481584,-6.432413612731764e-12
Ablated PINN,5,742,True,optimal,2.6782369241118433e-07,0.11249336460605264,0.11249363242974506,0.1740517071448266,36615.77248651081,1.5472138590024287,36615.772486512564,4.788935657889491e-12
Ablated PINN,5,743,True,optimal,2.6782369241118433e-07,0.11730388412252069,0.1173041519462131,0.1593433180823922,38388.73153872848,1.3583774780235836,38388.73153872771,-2.009057023218821e-12
Ablated PINN,5,744,True,optimal,2.6782369241118433e-07,0.11329097812995315,0.11329124595364556,0.188180536031723,36147.19759544655,1.6610333344618635,36147.1975954488,6.219765437821637e-12
Ablated PINN,5,745,True,optimal,2.6782369241118433e-07,0.11633065855130553,0.11633092637499795,0.1870059366337955,36178.10482683561,1.6075341481505399,36178.10482683551,-2.8156092500182424e-13
Ablated PINN,5,746,True,optimal,2.6782369241118433e-07,0.1178479129448533,0.11784818076854572,0.158794246148318,37337.59671869416,1.3474475813944935,37337.596718694076,-2.338433617675399e-13
Ablated PINN,5,747,True,optimal,2.6782369241118433e-07,0.12828670907765627,0.1282869769013487,0.1858645998872816,37554.49764354208,1.4488189243886345,37554.49764354209,1.937439739773648e-14
Ablated PINN,5,748,True,optimal,2.6782369241118433e-07,0.12381540238857269,0.12381567021226511,0.1777994642034173,38142.643000995165,1.4360013066084796,38142.643000995195,7.630260560594704e-14
Ablated PINN,5,749,True,optimal,2.6782369241118433e-07,0.12727131508290768,0.1272715829066001,0.185329757630825,39051.59526982926,1.4561754745113185,39051.59526982724,-5.1795994575046615e-12
Ablated PINN,5,750,True,optimal,2.6782369241118433e-07,0.12796576414257288,0.1279660319662653,0.1656797206960618,37642.6391076638,1.2947164036448255,37642.63910766423,1.1404128653387193e-12
Ablated PINN,5,751,True,optimal,2.6782369241118433e-07,0.1114289010874927,0.11142916891118512,0.169417779892683,37993.39154236537,1.5204078209334742,37993.391542367084,4.519538601950209e-12
Ablated PINN,5,752,True,optimal,2.6782369241118433e-07,0.12390415277332067,0.12390442059701309,0.1555377151817083,37259.15908502567,1.2553040031362512,37259.15908502393,-4.667184962015738e-12
Ablated PINN,5,753,True,optimal,2.6782369241118433e-07,0.1364920400083065,0.13649230783199892,0.1601966121233999,37451.46730990082,1.1736676935712549,37451.46730991547,3.91079541854939e-11
Ablated PINN,5,754,True,optimal,2.6782369241118433e-07,0.11343625513836741,0.11343652296205983,0.1705217901617288,35286.394529816105,1.5032353399862388,35286.39452981466,-4.103325331237936e-12
Ablated PINN,5,755,True,optimal,2.6782369241118433e-07,0.12864454090595245,0.12864480872964487,0.1570132779888808,37311.01125487052,1.2205177926678257,37311.01125487841,2.113890186437994e-11
Ablated PINN,5,756,True,optimal,2.6782369241118433e-07,0.12405520211905241,0.12405546994274483,0.1747830319218337,38287.37352632271,1.4089103205404896,38287.37352632268,-9.50177166002413e-14
Ablated PINN,5,757,True,optimal,2.6782369241118433e-07,0.1438840231858194,0.1438842910095118,0.1633758838288486,39976.59847331173,1.1354671360061694,39976.598473311125,-1.5106449899192633e-12
Ablated PINN,5,758,True,optimal,2.6782369241118433e-07,0.11860070424154401,0.11860097206523643,0.169767539948225,37188.85753721219,1.4314177783875532,37188.8575372111,-2.934732913038362e-12
Ablated PINN,5,759,True,optimal,2.6782369241118433e-07,0.12316838791593909,0.12316865573963151,0.1730067301541566,37056.09206784597,1.4046327705311545,37056.09206783742,-2.3090740757588714e-11
Ablated PINN,5,760,True,optimal,2.6782369241118433e-07,0.12913946621119976,0.12913973403489218,0.1632449002936482,36461.444989150674,1.264095063487905,36461.44498915024,-1.1973125502319118e-12
Ablated PINN,5,761,True,optimal,2.6782369241118433e-07,0.12471695523709059,0.124717223060783,0.1510401302948594,37918.51392102491,1.2110607227138748,37918.51392102232,-6.831071797919467e-12
Ablated PINN,5,762,True,optimal,2.6782369241118433e-07,0.1176809729076922,0.11768124073138461,0.1630179630592465,37028.28735262345,1.3852502067967318,37028.287352621075,-6.4058112103198415e-12
Ablated PINN,5,763,True,optimal,2.6782369241118433e-07,0.13666863925755024,0.13666890708124266,0.1710045598447322,36883.39563074646,1.2512323651134398,36883.39563074498,-4.02429149461524e-12
Ablated PINN,5,764,True,optimal,2.6782369241118433e-07,0.1302893217653036,0.13028958958899603,0.1621614727191627,37488.26527703839,1.2446234056819725,37488.26527702555,-3.42368182058317e-11
Ablated PINN,5,765,True,optimal,2.6782369241118433e-07,0.12776379100978374,0.12776405883347616,0.158935974817723,38608.07698986368,1.2439803202000288,38608.076989863104,-1.4888093278289959e-12
Ablated PINN,5,766,True,optimal,2.6782369241118433e-07,0.11389821209013462,0.11389847991382704,0.1637887619435787,38515.40479776455,1.438024125234134,38515.404797765295,1.9268853087318036e-12
Ablated PINN,5,767,True,optimal,2.6782369241118433e-07,0.11915169470012188,0.1191519625238143,0.1551509536802768,37859.76231560769,1.30212671611907,37859.76231560767,-3.8436361821447105e-14
Ablated PINN,5,768,True,optimal,2.6782369241118433e-07,0.12072237301617861,0.12072264083987103,0.1561668459326028,38190.83160610894,1.293600312635189,38190.8316061072,-4.5723796889636155e-12
Ablated PINN,5,769,True,optimal,2.6782369241118433e-07,0.11197719816118479,0.1119774659848772,0.1665652976371348,38065.57719788576,1.4874894352371735,38065.57719788926,9.193964390001711e-12
Ablated PINN,5,770,True,optimal,2.6782369241118433e-07,0.13040411798283458,0.130404385806527,0.1595451403409242,37258.61946624414,1.2234645280844432,37258.61946624416,5.858476013134643e-14
Ablated PINN,5,771,True,optimal,2.6782369241118433e-07,0.14390499284490943,0.14390526066860185,0.1603712029755115,37937.31891786644,1.1144221012519404,37937.31891786487,-4.142640780878898e-12
Ablated PINN,5,772,True,optimal,2.6782369241118433e-07,0.14519335981458426,0.14519362763827667,0.1647333786822855,37090.78479413834,1.1345771943427747,37090.78479413694,-3.766390680803257e-12
Ablated PINN,5,773,True,optimal,2.6782369241118433e-07,0.15597707778215408,0.1559773456058465,0.1720323129557073,37294.17774944278,1.1029314051184818,37294.177749442766,-3.901926817138172e-14
Ablated PINN,5,774,True,optimal,2.6782369241118433e-07,0.13144876388832927,0.13144903171202169,0.1756608001887798,37924.02546730991,1.3363415302565118,37924.02546730776,-5.678942114556761e-12
Ablated PINN,5,775,True,optimal,2.6782369241118433e-07,0.11690126918256283,0.11690153700625525,0.1706453766673803,37950.85654248112,1.4597359541838129,37950.856542475216,-1.554853345272344e-11
Ablated PINN,5,776,True,optimal,2.6782369241118433e-07,0.1230764389038086,0.12307670672750101,0.161757914815098,37610.0833568802,1.31428536817482,37610.08335687733,-7.622230646994419e-12
Ablated PINN,5,777,True,optimal,2.6782369241118433e-07,0.13016249192878604,0.13016275975247846,0.184444214683026,37344.57631915105,1.4170275356313191,37344.576319151,-1.3638313329361613e-13
Ablated PINN,5,778,True,optimal,2.6782369241118433e-07,0.12087459675967693,0.12087486458336935,0.1768015902489423,38518.512836588365,1.4626828402938923,38518.51283659035,5.15683571974584e-12
Ablated PINN,5,779,True,optimal,2.6782369241118433e-07,0.13101140409708023,0.13101167192077265,0.1663928898051381,37350.47841742248,1.2700615705886245,37350.47841742246,-3.896045203420735e-14
Ablated PINN,5,780,True,optimal,2.6782369241118433e-07,0.12036211602389812,0.12036238384759054,0.1678067301400005,36690.910443639455,1.3941791843578522,36690.91044363782,-4.461842029529328e-12
Ablated PINN,5,781,True,optimal,2.6782369241118433e-07,0.12274959171190858,0.122749859535601,0.1696261949837207,39084.662131004974,1.3818850434979455,39084.66213100497,-1.861588975694784e-14
Ablated PINN,5,782,True,optimal,2.6782369241118433e-07,0.11874604597687721,0.11874631380056963,0.1735791582614183,37109.414667102006,1.4617646030927625,37109.414667107085,1.3685525520299555e-11
Ablated PINN,5,783,True,optimal,2.6782369241118433e-07,0.14894355786964297,0.1489438256933354,0.1780417370609939,37569.24189367904,1.195361648810935,37569.24189367913,2.3240152574090434e-13
Ablated PINN,5,784,True,optimal,2.6782369241118433e-07,0.12163943983614445,0.12163970765983687,0.1783722727559507,37221.18556450191,1.466398400551614,37221.18556450189,-5.864367969882094e-14
Ablated PINN,5,785,True,optimal,2.6782369241118433e-07,0.11685314867645502,0.11685341650014744,0.1655639642849564,37420.94089406587,1.4168517211026304,37420.9408940659,7.777418141121333e-14
Ablated PINN,5,786,True,optimal,2.6782369241118433e-07,0.11693703010678291,0.11693729793047533,0.1599579020403325,38506.23030993912,1.3678946313214362,38506.23030994013,2.626479144364457e-12
Ablated PINN,5,787,True,optimal,2.6782369241118433e-07,0.11586637422442436,0.11586664204811678,0.186602130997926,37784.814716498615,1.6104905406720458,37784.81471649934,1.9256300894354796e-12
Ablated PINN,5,788,True,optimal,2.6782369241118433e-07,0.11442487267777324,0.11442514050146566,0.1637930031865835,37043.382691420426,1.4314424476016745,37043.38269142219,4.772938030457111e-12
Ablated PINN,5,789,True,optimal,2.6782369241118433e-07,0.12805253732949495,0.12805280515318737,0.1784450141713023,37581.6110372246,1.3935267873111532,37581.611037224044,-1.4713918946428897e-12
Ablated PINN,5,790,True,optimal,2.6782369241118433e-07,0.12222086498513818,0.1222211328088306,0.1636664080433547,37648.96384969733,1.3391007289987222,37648.96384969591,-3.768527974448291e-12
Ablated PINN,5,791,True,optimal,2.6782369241118433e-07,0.12523519108071923,0.12523545890441165,0.1836869330145418,37645.13760626646,1.466732622066282,37645.1376062665,1.1596649251677476e-13
Ablated PINN,5,792,True,optimal,2.6782369241118433e-07,0.12318512704223394,0.12318539486592636,0.174133175984025,37519.91914812281,1.4135862142874134,37519.919148121546,-3.374252006966964e-12
Ablated PINN,5,793,True,optimal,2.6782369241118433e-07,0.12437707977369428,0.1243773475973867,0.1603830829262733,37380.264379670094,1.2894878852493161,37380.264379670756,1.7712880148883938e-12
Ablated PINN,5,794,True,optimal,2.6782369241118433e-07,0.12575851287692785,0.12575878070062027,0.1747253960929811,36389.43790891799,1.3893693555198354,36389.437908914064,-1.0797136030222007e-11
Ablated PINN,5,795,True,optimal,2.6782369241118433e-07,0.1211092546582222,0.12110952248191462,0.1614653617143631,36568.7611229574,1.3332177223180353,36568.761122958436,2.8253239909881045e-12
Ablated PINN,5,796,True,optimal,2.6782369241118433e-07,0.14347323030233383,0.14347349812602625,0.1607130169868469,37171.79152542848,1.1201582110005959,37171.79152542298,-1.4797844630544112e-11
Ablated PINN,5,797,True,optimal,2.6782369241118433e-07,0.12037765001878142,0.12037791784247384,0.1509169270284474,39013.86694836377,1.2536927846346104,39013.86694836257,-3.0771956236207322e-12
Ablated PINN,5,798,True,optimal,2.6782369241118433e-07,0.11930585326626897,0.11930612108996139,0.1698016240261495,35794.451877625856,1.4232431871463878,35794.451877627645,5.000455319747281e-12
Ablated PINN,5,799,True,optimal,2.6782369241118433e-07,0.12090368242934346,0.12090395025303588,0.1661311867646873,37746.53813891374,1.3740757553164875,37746.53813891343,-8.288605865218317e-13
Ablated PINN,5,800,True,optimal,2.6782369241118433e-07,0.127725709695369,0.12772597751906142,0.1717250938527286,35840.833025642016,1.3444805605586452,35840.83302570973,1.8893907255659309e-10
Ablated PINN,5,801,True,optimal,2.6782369241118433e-07,0.13205157918855548,0.1320518470122479,0.1753794956021011,38233.261439753136,1.328110886520463,38233.261439751106,-5.30949256724012e-12
Ablated PINN,5,802,True,optimal,2.6782369241118433e-07,0.12915697088465095,0.12915723870834336,0.1583868768066167,38219.708735816654,1.2263104909224507,38219.7087358167,1.1422312500301618e-13
Ablated PINN,5,803,True,optimal,2.6782369241118433e-07,0.12255132105201483,0.12255158887570725,0.1588284643366933,38119.314792338526,1.29601309778022,38119.3147923347,-1.0039933104541766e-11
Ablated PINN,5,804,True,optimal,2.6782369241118433e-07,0.12755877990275621,0.12755904772644863,0.1737248650752008,37809.66922896034,1.3619172310517331,37809.66922895701,-8.79434466761998e-12
Ablated PINN,5,805,True,optimal,2.6782369241118433e-07,0.1252038236707449,0.12520409149443731,0.1638481528498232,37055.29910120396,1.3086485504916812,37055.29910120343,-1.4137490748366021e-12
Ablated PINN,5,806,True,optimal,2.6782369241118433e-07,0.14092611521482468,0.1409263830385171,0.1745663522742688,37243.996308895,1.2387059719439295,37243.996308896334,3.5750735027260327e-12
Ablated PINN,5,807,True,optimal,2.6782369241118433e-07,0.1119104758836329,0.11191074370732532,0.1842192970216274,36740.07874460136,1.646127001920451,36740.07874460065,-1.920975437973167e-12
Ablated PINN,5,808,True,optimal,2.6782369241118433e-07,0.11414550896733999,0.11414577679103241,0.158339770976454,38477.47722063524,1.3871715224850403,38477.47722064443,2.3882892358091956e-11
Ablated PINN,5,809,True,optimal,2.6782369241118433e-07,0.12559991842135787,0.1256001862450503,0.1641544909216463,36486.88581102604,1.3069605693209343,36486.88581102434,-4.6662630802117336e-12
Ablated PINN,5,810,True,optimal,2.6782369241118433e-07,0.12832359177991748,0.1283238596036099,0.1660230248235166,36969.54150722014,1.293781416303708,36969.54150721898,-3.1489522747854185e-12
Ablated PINN,5,811,True,optimal,2.6782369241118433e-07,0.1247381828725338,0.12473845069622622,0.1727657448500394,37651.16012352104,1.385023975251812,37651.16012352076,-7.343369724383247e-13
Ablated PINN,5,812,True,optimal,2.6782369241118433e-07,0.13898649672046304,0.13898676454415546,0.1655784891918301,38311.029673719466,1.1913255894177361,38311.029673719226,-6.26729699809559e-13
Ablated PINN,5,813,True,optimal,2.6782369241118433e-07,0.14991484815254807,0.1499151159762405,0.1679440890438854,38743.24909159474,1.120261208819678,38743.24909159266,-5.371061866124985e-12
Ablated PINN,5,814,True,optimal,2.6782369241118433e-07,0.13954252982512116,0.13954279764881358,0.1670696623623371,36420.13078428775,1.1972646756215983,36420.13078428788,3.5960122667050695e-13
Ablated PINN,5,815,True,optimal,2.6782369241118433e-07,0.1265357779338956,0.126536045757588,0.168657979927957,39142.75245536184,1.3328848623187126,39142.75245536316,3.3644755300972764e-12
Ablated PINN,5,816,True,optimal,2.6782369241118433e-07,0.12082604691386223,0.12082631473755465,0.180665505118668,36666.3799411445,1.495249652454346,36666.37994114453,7.937470375709324e-14
Ablated PINN,5,817,True,optimal,2.6782369241118433e-07,0.13617747882381082,0.13617774664750323,0.1733923642896115,35690.82766090239,1.2732797285773754,35690.827660900395,-5.5857835666561654e-12
Ablated PINN,5,818,True,optimal,2.6782369241118433e-07,0.12396912928670645,0.12396939711039887,0.1688198326155543,38932.93729307029,1.361786348490625,38932.937293071125,2.1491703010551565e-12
Ablated PINN,5,819,True,optimal,2.6782369241118433e-07,0.13099947897717357,0.13099974680086598,0.1772310840897262,38310.81295782848,1.3529116537846209,38310.81295782957,2.8487874776473445e-12
Ablated PINN,5,820,True,optimal,2.6782369241118433e-07,0.12489060498774052,0.12489087281143293,0.1753436438739299,36825.40393455421,1.4039748456132044,36825.40393455417,-1.1854790720744072e-13
Ablated PINN,5,821,True,optimal,2.6782369241118433e-07,0.12368271080777049,0.12368297863146291,0.1628232379443943,36614.29798553884,1.3164563123075914,36614.29798553888,9.935951273812669e-14
Ablated PINN,5,822,True,optimal,2.6782369241118433e-07,0.1579233519732952,0.15792361979698763,0.1747251199558377,36491.87408095365,1.1063900395675363,36491.874080951784,-5.104273748996451e-12
Ablated PINN,5,823,True,optimal,2.6782369241118433e-07,0.1228809617459774,0.12288122956966982,0.173844875767827,38384.094058500006,1.4147390645148321,38384.0940585036,9.364095075237718e-12
Ablated PINN,5,824,True,optimal,2.6782369241118433e-07,0.11993983993306756,0.11994010775675998,0.1673142397776246,38249.15886278493,1.394981569609225,38249.158862783326,-4.184956539469913e-12
Ablated PINN,5,825,True,optimal,2.6782369241118433e-07,0.11699068173766136,0.11699094956135378,0.1734744952991604,37505.45259125994,1.4828026949912467,37505.45259125845,-3.976945238237679e-12
Ablated PINN,5,826,True,optimal,2.6782369241118433e-07,0.12380049377679825,0.12380076160049067,0.1599324629642069,37260.70992719524,1.2918536275270622,37260.70992719217,-8.240460579481318e-12
Ablated PINN,5,827,True,optimal,2.6782369241118433e-07,0.12934691971167922,0.12934718753537164,0.1515065440908074,36912.880983302384,1.1713168796142244,36912.88098329952,-7.766197662233517e-12
Ablated PINN,5,828,True,optimal,2.6782369241118433e-07,0.13958636298775673,0.13958663081144915,0.1755204237997532,36496.19908826157,1.2574300474150901,36496.19908826162,1.3955344548650647e-13
Ablated PINN,5,829,True,optimal,2.6782369241118433e-07,0.11450394103303552,0.11450420885672793,0.1602891026996076,36574.63732735143,1.3998533704570415,36574.637327351564,3.5808212090557374e-13
Ablated PINN,5,830,True,optimal,2.6782369241118433e-07,0.12280735513195395,0.12280762295564637,0.1676881541498005,38281.85338147318,1.3654539524013372,38281.8533814741,2.413798014932305e-12
Ablated PINN,5,831,True,optimal,2.6782369241118433e-07,0.13225614093244076,0.13225640875613318,0.1604405213147401,38894.37200027038,1.2131020554971779,38894.37200026626,-1.0588143728350186e-11
Ablated PINN,5,832,True,optimal,2.6782369241118433e-07,0.1248617353849113,0.12486200320860372,0.1633390239439904,37218.72315335512,1.308156362597388,37218.72315335406,-2.8346320471810476e-12
Ablated PINN,5,833,True,optimal,2.6782369241118433e-07,0.11831283895298839,0.1183131067766808,0.1697492441162467,38277.37450299216,1.4347458936789903,38277.374502991544,-1.6157231399380491e-12
Ablated PINN,5,834,True,optimal,2.6782369241118433e-07,0.12281724903732538,0.1228175168610178,0.1542332433164119,38471.87402458407,1.2557919037798542,38471.87402458266,-3.650094660426626e-12
Ablated PINN,5,835,True,optimal,2.6782369241118433e-07,0.1365972887724638,0.13659755659615622,0.170378363225609,39047.27848153639,1.2473016902441678,39047.27848153638,-3.72674250146467e-14
Ablated PINN,5,836,True,optimal,2.6782369241118433e-07,0.111778165679425,0.11177843350311742,0.171564376913011,36842.56927503123,1.534861167187731,36842.56927503042,-2.1921144780793133e-12
Ablated PINN,5,837,True,optimal,2.6782369241118433e-07,0.12654876988381147,0.1265490377075039,0.1721838312223553,35982.0104889091,1.3606095656003985,35982.01048891338,1.1890005641731896e-11
Ablated PINN,5,838,True,optimal,2.6782369241118433e-07,0.15083520207554102,0.15083546989923344,0.1748997261747717,37555.11161729632,1.1595397706627926,37555.111617296294,-7.749632261332353e-14
Ablated PINN,5,839,True,optimal,2.6782369241118433e-07,0.12154533993452787,0.12154560775822029,0.186718522105366,38533.39174700831,1.5362013119946571,38533.3917470077,-1.586106002825093e-12
Ablated PINN,5,840,True,optimal,2.6782369241118433e-07,0.1180477412417531,0.11804800906544552,0.1523732827045023,39566.30314176144,1.2907738462579823,39566.30314176052,-2.3170490710300367e-12
Ablated PINN,5,841,True,optimal,2.6782369241118433e-07,0.11609149537980556,0.11609176320349798,0.1751240440644323,36698.62309754872,1.5084967204560091,36698.6230975487,-5.947872426856327e-14
Ablated PINN,5,842,True,optimal,2.6782369241118433e-07,0.1171198170632124,0.11712008488690481,0.1633176766335964,38325.344723586495,1.3944463649535566,38325.34472358323,-8.524137205627829e-12
Ablated PINN,5,843,True,optimal,2.6782369241118433e-07,0.11969651281833649,0.1196967806420289,0.1780405533500015,36875.60976934786,1.4874297570496766,36875.60976934785,-1.973108420360665e-14
Ablated PINN,5,844,True,optimal,2.6782369241118433e-07,0.11703126411885023,0.11703153194254265,0.1559993377886712,38315.79235048832,1.3329684333728113,38315.79235048526,-7.994557772813963e-12
Ablated PINN,5,845,True,optimal,2.6782369241118433e-07,0.11387465102598071,0.11387491884967313,0.1618258580565452,37034.30674942864,1.4210842887200856,37034.30674942854,-2.554049401393043e-13
Ablated PINN,5,846,True,optimal,2.6782369241118433e-07,0.11972142290323973,0.11972169072693215,0.1631863000802695,36704.55315364656,1.3630470726685093,36704.5531536443,-6.1451418600713194e-12
Ablated PINN,5,847,True,optimal,2.6782369241118433e-07,0.1194605608470738,0.11946082867076621,0.1655802568420767,36673.58823317191,1.3860631864392599,36673.58823317083,-2.956126566128391e-12
Ablated PINN,5,848,True,optimal,2.6782369241118433e-07,0.12451206427067518,0.1245123320943676,0.1834694938734173,38950.26374492535,1.473504598198082,38950.26374492523,-3.1756211010826186e-13
Ablated PINN,5,849,True,optimal,2.6782369241118433e-07,0.124368857126683,0.12436912495037541,0.1886178143322467,37588.4932648367,1.5165967792047037,37588.49326483663,-1.9356874889661888e-13
Ablated PINN,5,850,True,optimal,2.6782369241118433e-07,0.13433361379429698,0.1343338816179894,0.1909786518663168,38127.10616984502,1.4216715065928816,38127.10616984844,8.969209631154419e-12
Ablated PINN,5,851,True,optimal,2.6782369241118433e-07,0.11716731917113066,0.11716758699482308,0.170585036277771,36980.28943143666,1.4559063701235744,36980.289431436315,-9.247358880212413e-13
Ablated PINN,5,852,True,optimal,2.6782369241118433e-07,0.1218802877701819,0.12188055559387431,0.162876624148339,36177.72586414372,1.3363626655187741,36177.72586412532,-5.0862502732675314e-11
Ablated PINN,5,853,True,optimal,2.6782369241118433e-07,0.11992618720978498,0.1199264550334774,0.1607574457302689,37910.53162703258,1.3404669193748247,37910.53162702784,-1.2494281149715884e-11
Ablated PINN,5,854,True,optimal,2.6782369241118433e-07,0.1284953667782247,0.12849563460191712,0.1717571821063757,38353.75515272981,1.3366771769210992,38353.755152728656,-3.016333748933641e-12
Ablated PINN,5,855,True,optimal,2.6782369241118433e-07,0.15465896483510733,0.15465923265879974,0.1637262706644833,36222.52417163627,1.0586259083910414,36222.524171635385,-2.450593516686663e-12
Ablated PINN,5,856,True,optimal,2.6782369241118433e-07,0.12711809435859323,0.12711836218228564,0.16512958612293,39214.67813513802,1.2990222914148066,39214.67813513754,-1.2245751472987729e-12
Ablated PINN,5,857,True,optimal,2.6782369241118433e-07,0.13278876012191176,0.13278902794560418,0.1841412629000842,39780.3177786508,1.3867204674132865,39780.3177786508,0.0
Ablated PINN,5,858,True,optimal,2.6782369241118433e-07,0.11639170767739415,0.11639197550108657,0.1726002781651914,36559.519462757264,1.4829224903359435,36559.519462757184,-2.1891845115072946e-13
Ablated PINN,5,859,True,optimal,2.6782369241118433e-07,0.14300716994330287,0.1430074377669953,0.1627713828347623,37063.77338210975,1.138202217845262,37063.77338210634,-9.20689883858173e-12
Ablated PINN,5,860,True,optimal,2.6782369241118433e-07,0.12537233904004097,0.1253726068637334,0.1739927111193537,36666.41944413251,1.387804844071442,36666.419444129366,-8.57245877011923e-12
Ablated PINN,5,861,True,optimal,2.6782369241118433e-07,0.12182840518653393,0.12182867301022635,0.1765870889648795,35617.74102342221,1.4494706755121327,35617.7410234205,-4.800557222898298e-12
Ablated PINN,5,862,True,optimal,2.6782369241118433e-07,0.12912986194714904,0.12913012977084146,0.1761649651452899,36276.12581112257,1.3642436932257251,36276.12581111995,-7.220574641140207e-12
Ablated PINN,5,863,True,optimal,2.6782369241118433e-07,0.1416836390271783,0.1416839068508707,0.1822052956558764,37964.55096791338,1.2859985280308261,37964.55096791722,1.0100026379649326e-11
Ablated PINN,5,864,True,optimal,2.6782369241118433e-07,0.11542464792728424,0.11542491575097666,0.1739714201539755,37053.23788541132,1.5072258794566495,37053.23788541109,-6.283678753633032e-13
Ablated PINN,5,865,True,optimal,2.6782369241118433e-07,0.1276150387711823,0.12761530659487472,0.1716699469834566,38411.46347397105,1.3452143913146484,38411.4634739717,1.6858514857189295e-12
Ablated PINN,5,866,True,optimal,2.6782369241118433e-07,0.12452699337154627,0.12452726119523869,0.1688673682510852,37047.36649525118,1.3560674717347905,37047.36649525135,4.517109877369279e-13
Ablated PINN,5,867,True,optimal,2.6782369241118433e-07,0.11392821930348873,0.11392848712718115,0.1745442170649767,38024.41015392375,1.5320506878154954,38024.41015392394,4.975090927196094e-13
Ablated PINN,5,868,True,optimal,2.6782369241118433e-07,0.12224152032285929,0.1222417881465517,0.1592684220522642,36528.58417802945,1.3028966973333413,36528.58417802802,-3.9239507422689774e-12
Ablated PINN,5,869,True,optimal,2.6782369241118433e-07,0.12852011201903224,0.12852037984272466,0.1553684528917074,37317.732568215964,1.2089012892884208,37317.73256821338,-6.9215484845268e-12
Ablated PINN,5,870,True,optimal,2.6782369241118433e-07,0.1260129427537322,0.12601321057742462,0.1615158678032457,37296.3421614999,1.281737581822881,37296.34216149852,-3.706615358440972e-12
Ablated PINN,5,871,True,optimal,2.6782369241118433e-07,0.1395962513051927,0.13959651912888513,0.1570401219651103,37491.75250393964,1.124957290805511,37491.752503934054,-1.490443917527112e-11
Ablated PINN,5,872,True,optimal,2.6782369241118433e-07,0.14188049593940377,0.1418807637630962,0.1627811468206346,38735.30596995663,1.1473094907526478,38735.30596995698,9.01621806606309e-13
Ablated PINN,5,873,True,optimal,2.6782369241118433e-07,0.1272770189680159,0.12727728679170833,0.1638848041184246,37398.365364246005,1.2876201893478854,37398.36536424713,3.015568780117372e-12
Ablated PINN,5,874,True,optimal,2.6782369241118433e-07,0.12625743122771382,0.12625769905140624,0.1802421910688281,38247.34435833565,1.4275738622120928,38247.34435833552,-3.4242177921761667e-13
Ablated PINN,5,875,True,optimal,2.6782369241118433e-07,0.13718237215653062,0.13718263998022304,0.1552472379989922,37857.29897615619,1.1316828282454212,37857.29897615179,-1.1627756009094765e-11
Ablated PINN,5,876,True,optimal,2.6782369241118433e-07,0.1321489391848445,0.1321492070085369,0.1657619741745293,38380.4931696181,1.2543546641473298,38380.493169617555,-1.4218077361646024e-12
Ablated PINN,5,877,True,optimal,2.6782369241118433e-07,0.12301159929484129,0.12301186711853371,0.1519819949753582,37761.71251448172,1.2355067729271112,37761.71251448148,-6.358466957132082e-13
Ablated PINN,5,878,True,optimal,2.6782369241118433e-07,0.13501528790220618,0.1350155557258986,0.1566965188831091,36399.67871196315,1.1605812237015565,36399.67871195914,-1.1013978109915156e-11
Ablated PINN,5,879,True,optimal,2.6782369241118433e-07,0.1247926321811974,0.12479290000488982,0.1623079008422792,38720.21971377258,1.3006180707069024,38720.21971376621,-1.6461009046799328e-11
Ablated PINN,5,880,True,optimal,2.6782369241118433e-07,0.12117460463196039,0.12117487245565281,0.1710000876337289,37739.90315651656,1.4111843831014632,37739.90315651791,3.585934258033298e-12
Ablated PINN,5,881,True,optimal,2.6782369241118433e-07,0.12305403919890523,0.12305430702259765,0.1626325817778706,36880.50805602447,1.3216325841240553,36880.50805602444,-7.891385447435441e-14
Ablated PINN,5,882,True,optimal,2.6782369241118433e-07,0.11471083806827664,0.11471110589196906,0.1583884689025581,38065.47555477852,1.3807596716199637,38065.47555478157,8.028015290546972e-12
Ablated PINN,5,883,True,optimal,2.6782369241118433e-07,0.11597483418881893,0.11597510201251135,0.168599990196526,36876.80440978094,1.4537602232791094,36876.804409782475,4.163123896346914e-12
Ablated PINN,5,884,True,optimal,2.6782369241118433e-07,0.12872586166486144,0.12872612948855386,0.1899702958762645,37304.13998562833,1.4757710546494476,37304.13998562839,1.5603539161040114e-13
Ablated PINN,5,885,True,optimal,2.6782369241118433e-07,0.12300985306501389,0.1230101208887063,0.1678070118650794,36793.11604544458,1.3641724002279714,36793.11604544351,-2.9069725107378843e-12
Ablated PINN,5,886,True,optimal,2.6782369241118433e-07,0.12499844515696168,0.1249987129806541,0.1669702790677547,37263.59536312081,1.3357759858983227,37263.595363119515,-3.4755649386597034e-12
Ablated PINN,5,887,True,optimal,2.6782369241118433e-07,0.1180403120815754,0.11804057990526781,0.1748517067171633,36677.91003838903,1.4812847146082189,36677.91003838767,-3.709600880825054e-12
Ablated PINN,5,888,True,optimal,2.6782369241118433e-07,0.1297266217879951,0.12972688961168752,0.1667845761403441,37600.66379484942,1.2856592541421568,37600.663794849424,1.9350609483601975e-14
Ablated PINN,5,889,True,optimal,2.6782369241118433e-07,0.1515554692596197,0.15155573708331213,0.1741014849394559,37656.274599972974,1.1487620877311302,37656.2745999693,-9.757626409398627e-12
Ablated PINN,5,890,True,optimal,2.6782369241118433e-07,0.1391609413549304,0.13916120917862282,0.1843472719192505,38694.51450702568,1.3247030045752786,38694.514507029366,9.53341980740244e-12
Ablated PINN,5,891,True,optimal,2.6782369241118433e-07,0.11709575867280364,0.11709602649649606,0.1689602509140968,37141.88355459688,1.4429204471695094,37141.88355459459,-6.170733493089415e-12
Ablated PINN,5,892,True,optimal,2.6782369241118433e-07,0.12979064509272575,0.12979091291641817,0.1870846119709313,37916.566529085525,1.4414307424696882,37916.56652908556,9.594694720844636e-14
Ablated PINN,5,893,True,optimal,2.6782369241118433e-07,0.12703625904396176,0.12703652686765418,0.1789605529047548,38051.64697211672,1.408733041727398,38051.64697211462,-5.526046617745227e-12
Ablated PINN,5,894,True,optimal,2.6782369241118433e-07,0.11517832987010479,0.11517859769379721,0.1703684329986572,37580.68001928373,1.479167453067821,37580.68001928388,3.872179859677857e-13
Ablated PINN,5,895,True,optimal,2.6782369241118433e-07,0.12079162895679474,0.12079189678048716,0.1642914060503244,37384.21871123708,1.3601194320914431,37384.21871124896,3.178249858780681e-11
Ablated PINN,5,896,True,optimal,2.6782369241118433e-07,0.1380332470871508,0.13803351491084323,0.1746736480854451,38050.08547103824,1.2654437452981473,38050.08547103299,-1.3806122463086002e-11
Ablated PINN,5,897,True,optimal,2.6782369241118433e-07,0.12469682097434998,0.1246970887980424,0.155077080707997,37798.65516733106,1.2436303221092644,37798.655167324636,-1.6997087713524615e-11
Ablated PINN,5,898,True,optimal,2.6782369241118433e-07,0.13328759698197246,0.13328786480566487,0.160987445153296,38582.54496972541,1.2078177213508328,38582.54496972569,7.354681946870369e-13
Ablated PINN,5,899,True,optimal,2.6782369241118433e-07,0.13057494023814797,0.1305752080618404,0.1634005168452859,37981.44443347594,1.251390055361041,37981.44443347252,-9.003607234200309e-12
Ablated PINN,5,900,True,optimal,2.6782369241118433e-07,0.12387662101536989,0.12387688883906231,0.1522460421547293,37899.104798563,1.229010863782053,37899.104798562235,-2.0158142350587316e-12
Ablated PINN,5,901,True,optimal,2.6782369241118433e-07,0.11995303817093372,0.11995330599462614,0.1825937679968774,39872.63047953387,1.5222070495085607,39872.63047953334,-1.3321040007832446e-12
Ablated PINN,5,902,True,optimal,2.6782369241118433e-07,0.11831401288509369,0.11831428070878611,0.1649639327079057,38952.98756346495,1.394285894480829,38952.98756347228,1.8809569626836005e-11
Ablated PINN,5,903,True,optimal,2.6782369241118433e-07,0.12506856955587864,0.12506883737957106,0.1651371773332357,36745.49558695806,1.3203702920181577,36745.495586957244,-2.2177065236746344e-12
Ablated PINN,5,904,True,optimal,2.6782369241118433e-07,0.13168200524523854,0.13168227306893096,0.1611017286777496,38635.528408674174,1.2234124223646916,38635.52840867335,-2.1280496068435715e-12
Ablated PINN,5,905,True,optimal,2.6782369241118433e-07,0.12599062360823154,0.12599089143192396,0.1802959288470447,38773.50040242515,1.431023519223714,38773.500402426085,2.4207216848828946e-12
Ablated PINN,5,906,True,optimal,2.6782369241118433e-07,0.14871805207803845,0.14871831990173087,0.1680621481500566,38610.52535361595,1.1300702446148372,38610.52535361487,-2.807829405542654e-12
Ablated PINN,5,907,True,optimal,2.6782369241118433e-07,0.13248204719275236,0.13248231501644478,0.1649386477656662,38806.16664166131,1.2449861533986077,38806.16664166018,-2.9061706625453757e-12
Ablated PINN,5,908,True,optimal,2.6782369241118433e-07,0.12014396488666534,0.12014423271035776,0.1637667305767536,37740.03707799852,1.3630844101485953,37740.03707799741,-2.9304305002938615e-12
Ablated PINN,5,909,True,optimal,2.6782369241118433e-07,0.13294224627315998,0.1329425140968524,0.1559805711731314,37039.43367385054,1.1732933759586879,37039.43367384269,-2.1195675762306462e-11
Ablated PINN,5,910,True,optimal,2.6782369241118433e-07,0.13883604621514678,0.1388363140388392,0.1737089767120778,36994.25775820277,1.2511782519916441,36994.25775820191,-2.340468517430504e-12
Ablated PINN,5,911,True,optimal,2.6782369241118433e-07,0.13779064640402794,0.13779091422772036,0.1650789980776608,37355.63354274313,1.1980397909606924,37355.63354274116,-5.27841272237439e-12
Ablated PINN,5,912,True,optimal,2.6782369241118433e-07,0.13012138102203608,0.1301216488457285,0.162947020959109,38034.22386661655,1.2522668011400477,38034.22386661987,8.723292694766353e-12
Ablated PINN,5,913,True,optimal,2.6782369241118433e-07,0.11713744606822729,0.11713771389191971,0.1951357428915798,37032.71438441591,1.665866068306806,37032.714384416024,3.143580581711954e-13
Ablated PINN,5,914,True,optimal,2.6782369241118433e-07,0.13171712215989828,0.1317173899835907,0.1647420800291001,37283.19867560678,1.25072384177688,37283.19867560682,1.1709227543736244e-13
Ablated PINN,5,915,True,optimal,2.6782369241118433e-07,0.1288234586827457,0.1288237265064381,0.1722468216903507,37566.85684767441,1.3370737391434058,37566.85684767454,3.4862442068642013e-13
Ablated PINN,5,916,True,optimal,2.6782369241118433e-07,0.11732893390581012,0.11732920172950254,0.166536655742675,38610.71291775249,1.419396478351725,38610.712917755205,7.0289616145435175e-12
Ablated PINN,5,917,True,optimal,2.6782369241118433e-07,0.11791292205452919,0.11791318987822161,0.1557568660937249,37374.22925915304,1.3209452331379339,37374.22925915175,-3.465276691980134e-12
Ablated PINN,5,918,True,optimal,2.6782369241118433e-07,0.13640645472332835,0.13640672254702077,0.1672582039609551,38209.33611460351,1.2261727342895399,38209.336114601494,-5.2747324713619214e-12
Ablated PINN,5,919,True,optimal,2.6782369241118433e-07,0.13242728682234883,0.13242755464604125,0.1697634500451386,37987.22887364677,1.2819344924014533,37987.22887364594,-2.1835211269973393e-12
Ablated PINN,5,920,True,optimal,2.6782369241118433e-07,0.12545882537961006,0.12545909320330248,0.1747388020157814,36748.78325747851,1.3927950342556894,36748.783257477706,-2.197708940499423e-12
Ablated PINN,5,921,True,optimal,2.6782369241118433e-07,0.13448053784668446,0.13448080567037687,0.1688438202254474,37805.06536750914,1.2555235625171446,37805.06536750825,-2.348010300474885e-12
Ablated PINN,5,922,True,optimal,2.6782369241118433e-07,0.12283509783446789,0.1228353656581603,0.1664874609559774,37344.2401740349,1.355370744116942,37344.240174034865,-9.741740065235456e-14
Ablated PINN,5,923,True,optimal,2.6782369241118433e-07,0.13553733471781015,0.13553760254150257,0.1795812579803168,37475.189696928144,1.3249552494137393,37475.18969692809,-1.3590779315910674e-13
Ablated PINN,5,924,True,optimal,2.6782369241118433e-07,0.11406391020864248,0.1140641780323349,0.1640407489612698,36646.25634727243,1.4381443130617884,36646.25634727241,-5.956371814818384e-14
Ablated PINN,5,925,True,optimal,2.6782369241118433e-07,0.12678327085450292,0.12678353867819533,0.1712135933339595,37889.51640016583,1.3504402473615875,37889.51640016587,1.1521853492146838e-13
Ablated PINN,5,926,True,optimal,2.6782369241118433e-07,0.12354532117024064,0.12354558899393306,0.1765804062597453,37144.36483203666,1.4292732561129045,37144.36483203513,-4.133135843175286e-12
Ablated PINN,5,927,True,optimal,2.6782369241118433e-07,0.12225538492202759,0.12225565274572,0.1653168490156531,36389.86518204751,1.35222253779542,36389.86518204638,-3.1191360070566484e-12
Ablated PINN,5,928,True,optimal,2.6782369241118433e-07,0.13151479605585337,0.13151506387954578,0.1713407700881362,37839.620375219565,1.3028223918521353,37839.62037521966,2.4996933913831765e-13
Ablated PINN,5,929,True,optimal,2.6782369241118433e-07,0.12095129117369652,0.12095155899738894,0.1700820690020918,37538.42090298611,1.4061998903690318,37538.42090298493,-3.139996582551908e-12
Ablated PINN,5,930,True,optimal,2.6782369241118433e-07,0.11534451879560947,0.11534478661930189,0.184565728995949,36687.36547948648,1.6001219856178885,36687.365479486456,-5.94969754771713e-14
Ablated PINN,5,931,True,optimal,2.6782369241118433e-07,0.1145656849257648,0.11456595274945722,0.1721314727328717,37628.348302235376,1.5024662092175305,37628.34830223524,-3.6739107855359283e-13
Ablated PINN,5,932,True,optimal,2.6782369241118433e-07,0.12680709408596158,0.126807361909654,0.1624365742318332,38580.05774407487,1.2809711659135674,38580.0577440746,-6.977968605195573e-13
Ablated PINN,5,933,True,optimal,2.6782369241118433e-07,0.11574181634932756,0.11574208417301998,0.1571075972169637,38474.17297712669,1.3573938843377613,38474.17297712906,6.1650764621606134e-12
Ablated PINN,5,934,True,optimal,2.6782369241118433e-07,0.1188888936303556,0.11888916145404801,0.1714016650803387,36572.00701525348,1.4416929431080843,36572.00701525346,-5.968464578235012e-14
Ablated PINN,5,935,True,optimal,2.6782369241118433e-07,0.11654123570770025,0.11654150353139267,0.1776131740771234,37616.63114837118,1.5240336592129164,37616.631148373905,7.234055960437677e-12
Ablated PINN,5,936,True,optimal,2.6782369241118433e-07,0.1788201560266316,0.178820423850324,0.1541957431472838,37643.32475835425,0.8622938019448408,37643.324758352865,-3.672449114336123e-12
Ablated PINN,5,937,True,optimal,2.6782369241118433e-07,0.11412423010915518,0.1141244979328476,0.1694246246479451,38498.630669695616,1.48455964947716,38498.630669695,-1.6064373886742215e-12
Ablated PINN,5,938,True,optimal,2.6782369241118433e-07,0.12303398409858346,0.12303425192227588,0.1775129660964012,37176.86630960862,1.4427930704088892,37176.866309608646,7.828478660454396e-14
Ablated PINN,5,939,True,optimal,2.6782369241118433e-07,0.12033208506181836,0.12033235288551078,0.1766269081272184,37962.35783331163,1.4678256004456973,37962.357833311646,3.833248527992557e-14
Ablated PINN,5,940,True,optimal,2.6782369241118433e-07,0.12293296912685037,0.12293323695054278,0.1664674277417361,36759.09810019734,1.354128727682551,36759.09810019726,-2.1772986251691527e-13
Ablated PINN,5,941,True,optimal,2.6782369241118433e-07,0.12796503491699696,0.12796530274068937,0.1603717789985239,37584.68643838868,1.2532442432735336,37584.686438391574,7.704816521995049e-12
Ablated PINN,5,942,True,optimal,2.6782369241118433e-07,0.12341663707047701,0.12341690489416943,0.1667221882380545,36956.17546753289,1.3508861560012346,36956.175467531604,-3.4847883511157055e-12
Ablated PINN,5,943,True,optimal,2.6782369241118433e-07,0.11736174067482352,0.11736200849851594,0.1786800809204578,37829.79177671287,1.5224695214952566,37829.79177671355,1.8079402069409737e-12
Ablated PINN,5,944,True,optimal,2.6782369241118433e-07,0.12025680532678962,0.12025707315048204,0.1818900229409337,37916.61795178456,1.5125099769668278,37916.61795178788,8.750349718127977e-12
Ablated PINN,5,945,True,optimal,2.6782369241118433e-07,0.14309248933568597,0.1430927571593784,0.1698925197124481,36731.51476814787,1.1872894413741697,36731.514768147834,-9.904243889899214e-14
Ablated PINN,5,946,True,optimal,2.6782369241118433e-07,0.1251494879834354,0.1251497558071278,0.1518744160421192,37405.165886938725,1.213541449303166,37405.16588693616,-6.847014361422397e-12
Ablated PINN,5,947,True,optimal,2.6782369241118433e-07,0.12626916822046041,0.12626943604415283,0.1746546477079391,38742.33508880985,1.383190209599632,38742.33508880978,-1.878037964801192e-13
Ablated PINN,5,948,True,optimal,2.6782369241118433e-07,0.12704916205257177,0.1270494298762642,0.1629310543648898,37892.74735451319,1.2824225541474008,37892.747354509054,-1.0906424615221146e-11
Ablated PINN,5,949,True,optimal,2.6782369241118433e-07,0.12215635972097516,0.12215662754466758,0.1739861140958964,38100.98709894441,1.424287143423937,38100.987098943086,-3.4755642480928566e-12
Ablated PINN,5,950,True,optimal,2.6782369241118433e-07,0.11032060300931334,0.11032087083300576,0.1612791228108108,37506.788922990185,1.4619094428192219,37506.788922990265,2.1338945842670912e-13
Ablated PINN,5,951,True,optimal,2.6782369241118433e-07,0.11481284769251943,0.11481311551621184,0.1746421181596815,37170.31641944128,1.521099025790496,37170.316419441195,-2.3489574418724715e-13
Ablated PINN,5,952,True,optimal,2.6782369241118433e-07,0.12320856703445315,0.12320883485814557,0.1561151021160185,37776.67107129443,1.2670771726374899,37776.67107129329,-3.023890970358219e-12
Ablated PINN,5,953,True,optimal,2.6782369241118433e-07,0.13861675094813108,0.1386170187718235,0.1771903140470385,36492.996182438736,1.2782724344888,36492.99618243874,1.9937956252780317e-14
Ablated PINN,5,954,True,optimal,2.6782369241118433e-07,0.12821567011997104,0.12821593794366345,0.1568576139397919,37584.16674253724,1.2233862377445872,37584.1667425372,-1.1615461900261202e-13
Ablated PINN,5,955,True,optimal,2.6782369241118433e-07,0.12684874329715967,0.1268490111208521,0.1804337482899427,37369.17707605438,1.422429285775347,37369.17707605367,-1.9081068998088367e-12
Ablated PINN,5,956,True,optimal,2.6782369241118433e-07,0.1264336509630084,0.12643391878670082,0.1667911242693662,38000.57359270977,1.3191960343390894,38000.5735927089,-2.2976361437594563e-12
Ablated PINN,5,957,True,optimal,2.6782369241118433e-07,0.11823611194267869,0.11823637976637111,0.158080656081438,36539.97799590438,1.3369882974579999,36539.97799590222,-5.9139592575964074e-12
Ablated PINN,5,958,True,optimal,2.6782369241118433e-07,0.1192888030782342,0.11928907090192661,0.158338532783091,38578.757388685,1.3273515468426178,38578.757388683414,-4.111482243741736e-12
Ablated PINN,5,959,True,optimal,2.6782369241118433e-07,0.12454680306836963,0.12454707089206205,0.1683618519455194,38230.93145158145,1.3517929465513416,38230.931451589895,2.2095686579766882e-11
Ablated PINN,5,960,True,optimal,2.6782369241118433e-07,0.13790611177682877,0.13790637960052118,0.1607487122528255,36342.0806295698,1.1656365189084985,36342.080629568976,-2.262344907500305e-12
Ablated PINN,5,961,True,optimal,2.6782369241118433e-07,0.12763105891644955,0.12763132674014196,0.1781878303736448,37129.59631251094,1.3961135947167276,37129.596312524984,3.782049790463871e-11
Ablated PINN,5,962,True,optimal,2.6782369241118433e-07,0.11570067284628749,0.11570094066997991,0.1792335021309554,37069.95701646289,1.5491101549657482,37069.95701646297,2.1590403711683193e-13
Ablated PINN,5,963,True,optimal,2.6782369241118433e-07,0.1266819746233523,0.1266822424470447,0.1543464898131787,37063.69004129028,1.218375100027915,37063.69004129041,3.3372629466553845e-13
Ablated PINN,5,964,True,optimal,2.6782369241118433e-07,0.1236252342350781,0.12362550205877051,0.1753977257758379,37947.23281338346,1.418782717601869,37947.232813383365,-2.4926046505036555e-13
Ablated PINN,5,965,True,optimal,2.6782369241118433e-07,0.12213664688169956,0.12213691470539198,0.1727722520008683,38960.64235283441,1.414578486918672,38960.64235284607,2.9936262215367493e-11
Ablated PINN,5,966,True,optimal,2.6782369241118433e-07,0.11451071407645941,0.11451098190015183,0.1823322540149092,35812.02903461007,1.5922687150992587,35812.02903461004,-8.1268309116489e-14
Ablated PINN,5,967,True,optimal,2.6782369241118433e-07,0.1260248152539134,0.12602508307760582,0.1871379967778921,36899.76525521711,1.4849265892778913,36899.76525521719,2.168998453037632e-13
Ablated PINN,5,968,True,optimal,2.6782369241118433e-07,0.12815437000244856,0.12815463782614098,0.1637383322231471,36398.27997577356,1.2776621665872148,36398.27997577235,-3.3383031351409574e-12
Ablated PINN,5,969,True,optimal,2.6782369241118433e-07,0.1511164871044457,0.15111675492813811,0.1538550127297639,37352.33239972945,1.0181201469216827,37352.33239972835,-2.9413681265849283e-12
Ablated PINN,5,970,True,optimal,2.6782369241118433e-07,0.1212899792008102,0.12129024702450261,0.1577663123607635,36937.63631732075,1.300733704737959,36937.636317319826,-2.5016398154529242e-12
Ablated PINN,5,971,True,optimal,2.6782369241118433e-07,0.11248335288837552,0.11248362071206794,0.1726000271737575,35908.58743828199,1.53444586937305,35908.58743828095,-2.897529568982705e-12
Ablated PINN,5,972,True,optimal,2.6782369241118433e-07,0.11998312314972281,0.11998339097341523,0.1860187347047031,37634.0887822892,1.5503707071082808,37634.08878228913,-1.740008079017653e-13
Ablated PINN,5,973,True,optimal,2.6782369241118433e-07,0.12596769584342837,0.1259679636671208,0.167913569137454,37601.82999232428,1.3329862946834437,37601.82999232279,-3.9667519139682275e-12
Ablated PINN,5,974,True,optimal,2.6782369241118433e-07,0.12175502488389611,0.12175529270758853,0.1611481108702719,36243.177270124615,1.3235409096940898,36243.17727010977,-4.0953786756353976e-11
Ablated PINN,5,975,True,optimal,2.6782369241118433e-07,0.13458428718149662,0.13458455500518904,0.1785363280214369,37350.72194897757,1.326573677154509,37350.72194897746,-2.9220148505252373e-13
Ablated PINN,5,976,True,optimal,2.6782369241118433e-07,0.12143215304240584,0.12143242086609826,0.1756710689514875,38114.041799932274,1.446657059939515,38114.041799931365,-2.386245747819231e-12
Ablated PINN,5,977,True,optimal,2.6782369241118433e-07,0.1309688831679523,0.13096915099164472,0.1640827269293368,37285.81046491984,1.2528349285840952,37285.81046491198,-2.1094647220642605e-11
Ablated PINN,5,978,True,optimal,2.6782369241118433e-07,0.1163557767868042,0.11635604461049662,0.1618214529007673,38025.7304569932,1.3907438452593222,38025.730456994956,4.6113664719771964e-12
Ablated PINN,5,979,True,optimal,2.6782369241118433e-07,0.12135039269924164,0.12135066052293406,0.1591421430930495,37469.086759203085,1.3114237895967054,37469.08675920419,2.9516213311076777e-12
Ablated PINN,5,980,True,optimal,2.6782369241118433e-07,0.11744718998670578,0.1174474578103982,0.1636582026258111,38251.63513537474,1.3934588766494496,38251.63513537524,1.3124695809784448e-12
Ablated PINN,5,981,True,optimal,2.6782369241118433e-07,0.1322880699299276,0.13228833775362,0.1569830761291086,37876.70591719041,1.1866735858566857,37876.705917187865,-6.723354376517803e-12
Ablated PINN,5,982,True,optimal,2.6782369241118433e-07,0.1100084250792861,0.11000869290297852,0.1553159328177571,37334.6946502916,1.4118514520914909,37334.69465029336,4.696719235132434e-12
Ablated PINN,5,983,True,optimal,2.6782369241118433e-07,0.12088439799845219,0.1208846658221446,0.1601642942987382,37690.19867629384,1.3249347484186704,37690.1986762928,-2.76056368862458e-12
Ablated PINN,5,984,True,optimal,2.6782369241118433e-07,0.12665913300588727,0.1266594008295797,0.1752495313994586,37822.04230656929,1.383628299610046,37822.04230656926,-7.694938898547706e-14
Ablated PINN,5,985,True,optimal,2.6782369241118433e-07,0.14127260819077492,0.14127287601446734,0.1567981499247253,38594.236572782494,1.1098956455637532,38594.23657278222,-7.163929485107486e-13
Ablated PINN,5,986,True,optimal,2.6782369241118433e-07,0.11959778517484665,0.11959805299853907,0.1680581690743565,36311.45272581084,1.4051915132465358,36311.45272580802,-7.774603719714245e-12
Ablated PINN,5,987,True,optimal,2.6782369241118433e-07,0.13334118202328682,0.13334144984697924,0.1654749000445008,38177.84485853607,1.2409862067226467,38177.84485853683,2.0010965844721975e-12
Ablated PINN,5,988,True,optimal,2.6782369241118433e-07,0.12786008464172482,0.12786035246541724,0.1613489440642297,37277.40101052316,1.2619153705826849,37277.40101052252,-1.7176204689468389e-12
Ablated PINN,5,989,True,optimal,2.6782369241118433e-07,0.1179377562366426,0.11793802406033502,0.1631945217959582,38179.06883077564,1.3837311850542007,38179.0688307753,-8.957002314078533e-13
Ablated PINN,5,990,True,optimal,2.6782369241118433e-07,0.1200140998698771,0.12001436769356952,0.1789532070979476,38506.60753554843,1.491098195466609,38506.60753554846,7.55813932189838e-14
Ablated PINN,5,991,True,optimal,2.6782369241118433e-07,0.11936309793964028,0.1193633657633327,0.1578897107392549,35437.07459574925,1.322765236465518,35437.07459574688,-6.672916011225324e-12
Ablated PINN,5,992,True,optimal,2.6782369241118433e-07,0.1371428552083671,0.13714312303205953,0.167221387848258,38119.41415399938,1.219320255738723,38119.414153999365,-3.817455108197172e-14
Ablated PINN,5,993,True,optimal,2.6782369241118433e-07,0.12059494433924556,0.12059521216293798,0.1602107011713087,37604.41913579607,1.3284996833443574,37604.419135792814,-8.668207317291858e-12
Ablated PINN,5,994,True,optimal,2.6782369241118433e-07,0.11642605625092983,0.11642632407462225,0.1647424660623073,40263.60160688077,1.4149932789831732,40263.601606877935,-7.047614610429202e-12
Ablated PINN,5,995,True,optimal,2.6782369241118433e-07,0.11192960664629936,0.11192987446999178,0.162996135186404,38390.42170544686,1.456234414254641,38390.42170544671,-3.9800320785789457e-13
Ablated PINN,5,996,True,optimal,2.6782369241118433e-07,0.12386092310771346,0.12386119093140588,0.1651918441057205,38778.35034551141,1.333685255757015,38778.35034551069,-1.857530806200311e-12
Ablated PINN,5,997,True,optimal,2.6782369241118433e-07,0.11434668209403753,0.11434694991772995,0.183085607830435,37455.25240619008,1.6011411582220687,37455.25240618871,-3.652037948195538e-12
Ablated PINN,5,998,True,optimal,2.6782369241118433e-07,0.13168028788641095,0.13168055571010337,0.1608352991752326,37185.404543198085,1.2214050761550082,37185.40454319507,-8.100614983958633e-12
Ablated PINN,5,999,True,optimal,2.6782369241118433e-07,0.1205458720214665,0.12054613984515891,0.17379155382514,37624.27994287323,1.4417015264725577,37624.27994287113,-5.588815928681479e-12
