Job: acopf_ISS
Executing: ACOPF_pinn_rahul.py --case_name pglib_opf_case14_ieee --epochs 10000
Node: issnode1
GPU Allocated: 0
CUDA Hardware Acceleration Active: NVIDIA GeForce RTX 4090
Problem Geometry Linked -> Matrix Samples: 10000

Beginning execution of parallelized training matrix loops for Rahul KKT PINN...
Epoch    0 | Val Loss: 120466.8203 | Val Cost: 1278.05 | Val Max P-Miss: 0.4629 | Val Max Q-Miss: 0.2771 | Val Max Gen Viol: 1.3351 | Val Max Thermal: 0.0000 [*SAVED BEST*]
Epoch   10 | Val Loss: 111202.7500 | Val Cost: 1384.85 | Val Max P-Miss: 1.4282 | Val Max Q-Miss: 3.8485 | Val Max Gen Viol: 9.8730 | Val Max Thermal: 9.9909 [*SAVED BEST*]
Epoch   20 | Val Loss: 104800.1172 | Val Cost:  641.09 | Val Max P-Miss: 4.8518 | Val Max Q-Miss: 1.7888 | Val Max Gen Viol: 6.5873 | Val Max Thermal: 22.2185 [*SAVED BEST*]
Epoch   30 | Val Loss: 94838.3281 | Val Cost: 1592.17 | Val Max P-Miss: 2.7058 | Val Max Q-Miss: 1.8943 | Val Max Gen Viol: 3.6754 | Val Max Thermal: 0.0000 [*SAVED BEST*]
Epoch   40 | Val Loss: 94849.6250 | Val Cost:  827.47 | Val Max P-Miss: 2.1480 | Val Max Q-Miss: 5.9041 | Val Max Gen Viol: 4.6013 | Val Max Thermal: 4.8553
Epoch   50 | Val Loss: 112783.6250 | Val Cost:  144.44 | Val Max P-Miss: 6.7091 | Val Max Q-Miss: 11.8284 | Val Max Gen Viol: 5.0747 | Val Max Thermal: 43.8503
Epoch   60 | Val Loss: 88016.3203 | Val Cost: -410.92 | Val Max P-Miss: 2.0357 | Val Max Q-Miss: 6.1273 | Val Max Gen Viol: 1.7245 | Val Max Thermal: 12.0131 [*SAVED BEST*]
Epoch   70 | Val Loss: 67987.9688 | Val Cost: 1112.99 | Val Max P-Miss: 0.8569 | Val Max Q-Miss: 4.0162 | Val Max Gen Viol: 6.1366 | Val Max Thermal: 0.0000 [*SAVED BEST*]
Epoch   80 | Val Loss: 66781.7500 | Val Cost:   40.55 | Val Max P-Miss: 3.2032 | Val Max Q-Miss: 4.3679 | Val Max Gen Viol: 2.9962 | Val Max Thermal: 4.1293 [*SAVED BEST*]
Epoch   90 | Val Loss: 57081.6484 | Val Cost:  195.30 | Val Max P-Miss: 2.0999 | Val Max Q-Miss: 3.9419 | Val Max Gen Viol: 3.5449 | Val Max Thermal: 0.0000 [*SAVED BEST*]
Epoch  100 | Val Loss: 130998.0156 | Val Cost: 1265.20 | Val Max P-Miss: 16.6956 | Val Max Q-Miss: 18.3894 | Val Max Gen Viol: 12.4988 | Val Max Thermal: 263.8844
Epoch  110 | Val Loss: 117399.1094 | Val Cost:  620.34 | Val Max P-Miss: 6.9198 | Val Max Q-Miss: 25.7683 | Val Max Gen Viol: 1.8847 | Val Max Thermal: 127.3170
Epoch  120 | Val Loss: 59753.0820 | Val Cost: -307.45 | Val Max P-Miss: 2.5463 | Val Max Q-Miss: 4.5007 | Val Max Gen Viol: 1.5524 | Val Max Thermal: 2.7707
Epoch  130 | Val Loss: 53542.6562 | Val Cost:  536.62 | Val Max P-Miss: 1.3208 | Val Max Q-Miss: 2.6389 | Val Max Gen Viol: 1.8325 | Val Max Thermal: 0.8965 [*SAVED BEST*]
Epoch  140 | Val Loss: 39277.1211 | Val Cost:  641.08 | Val Max P-Miss: 2.3417 | Val Max Q-Miss: 6.2763 | Val Max Gen Viol: 0.5639 | Val Max Thermal: 0.0000 [*SAVED BEST*]
Epoch  150 | Val Loss: 32135.2344 | Val Cost:  818.53 | Val Max P-Miss: 1.1471 | Val Max Q-Miss: 0.1951 | Val Max Gen Viol: 0.0356 | Val Max Thermal: 0.0000 [*SAVED BEST*]
Epoch  160 | Val Loss: 26916.9805 | Val Cost:  732.56 | Val Max P-Miss: 1.0308 | Val Max Q-Miss: 0.3845 | Val Max Gen Viol: 0.0878 | Val Max Thermal: 0.0000 [*SAVED BEST*]
Epoch  170 | Val Loss: 23984.3281 | Val Cost:  717.28 | Val Max P-Miss: 1.1183 | Val Max Q-Miss: 0.4357 | Val Max Gen Viol: 0.0482 | Val Max Thermal: 0.0000 [*SAVED BEST*]
Epoch  180 | Val Loss: 62414.9844 | Val Cost:  -27.52 | Val Max P-Miss: 1.3653 | Val Max Q-Miss: 5.5133 | Val Max Gen Viol: 3.0461 | Val Max Thermal: 14.7235
Epoch  190 | Val Loss: 39613.6953 | Val Cost:  339.25 | Val Max P-Miss: 3.8252 | Val Max Q-Miss: 9.0888 | Val Max Gen Viol: 3.1207 | Val Max Thermal: 44.4278
Epoch  200 | Val Loss: 31239.9180 | Val Cost:   10.84 | Val Max P-Miss: 2.9228 | Val Max Q-Miss: 7.6888 | Val Max Gen Viol: 1.6956 | Val Max Thermal: 0.0000
Epoch  210 | Val Loss: 25645.4922 | Val Cost:  608.71 | Val Max P-Miss: 1.1757 | Val Max Q-Miss: 0.6180 | Val Max Gen Viol: 1.6087 | Val Max Thermal: 0.0000
Epoch  220 | Val Loss: 25791.3672 | Val Cost:  252.40 | Val Max P-Miss: 1.9086 | Val Max Q-Miss: 3.8969 | Val Max Gen Viol: 1.2048 | Val Max Thermal: 0.0000
Epoch  230 | Val Loss: 33525.8711 | Val Cost: -488.78 | Val Max P-Miss: 3.0249 | Val Max Q-Miss: 6.6800 | Val Max Gen Viol: 4.0845 | Val Max Thermal: 3.9807
Epoch  240 | Val Loss: 52614.2578 | Val Cost:   40.76 | Val Max P-Miss: 3.8228 | Val Max Q-Miss: 15.7909 | Val Max Gen Viol: 2.8856 | Val Max Thermal: 111.9028
Epoch  250 | Val Loss: 25052.2793 | Val Cost:  278.40 | Val Max P-Miss: 2.4608 | Val Max Q-Miss: 4.5503 | Val Max Gen Viol: 2.0804 | Val Max Thermal: 0.0000
Epoch  260 | Val Loss: 21605.6367 | Val Cost:  658.12 | Val Max P-Miss: 1.0541 | Val Max Q-Miss: 0.3377 | Val Max Gen Viol: 0.0808 | Val Max Thermal: 0.0000 [*SAVED BEST*]
Epoch  270 | Val Loss: 16469.2500 | Val Cost:  506.45 | Val Max P-Miss: 1.0979 | Val Max Q-Miss: 0.5339 | Val Max Gen Viol: 0.0287 | Val Max Thermal: 0.0000 [*SAVED BEST*]
Epoch  280 | Val Loss: 14743.5195 | Val Cost:  505.86 | Val Max P-Miss: 1.1163 | Val Max Q-Miss: 0.4590 | Val Max Gen Viol: 0.0342 | Val Max Thermal: 0.0000 [*SAVED BEST*]
Epoch  290 | Val Loss: 12001.1328 | Val Cost:  428.44 | Val Max P-Miss: 1.1283 | Val Max Q-Miss: 0.3435 | Val Max Gen Viol: 0.0296 | Val Max Thermal: 0.0000 [*SAVED BEST*]
Epoch  300 | Val Loss: 27742.8574 | Val Cost: -359.49 | Val Max P-Miss: 1.4446 | Val Max Q-Miss: 4.4178 | Val Max Gen Viol: 0.6742 | Val Max Thermal: 0.0000
Epoch  310 | Val Loss: 17525.7344 | Val Cost:  396.70 | Val Max P-Miss: 1.3639 | Val Max Q-Miss: 2.2031 | Val Max Gen Viol: 0.5090 | Val Max Thermal: 0.0000
Epoch  320 | Val Loss: 29762.0957 | Val Cost: -387.61 | Val Max P-Miss: 3.5332 | Val Max Q-Miss: 3.0416 | Val Max Gen Viol: 0.6714 | Val Max Thermal: 5.2211
Epoch  330 | Val Loss: 11384.5215 | Val Cost: -396.72 | Val Max P-Miss: 1.0833 | Val Max Q-Miss: 0.4866 | Val Max Gen Viol: 0.1712 | Val Max Thermal: 0.0000 [*SAVED BEST*]
Epoch  340 | Val Loss: 10985.8438 | Val Cost: -403.38 | Val Max P-Miss: 1.0623 | Val Max Q-Miss: 0.5326 | Val Max Gen Viol: 0.1763 | Val Max Thermal: 0.0000 [*SAVED BEST*]
Epoch  350 | Val Loss: 10028.7246 | Val Cost: -380.86 | Val Max P-Miss: 1.1040 | Val Max Q-Miss: 0.5954 | Val Max Gen Viol: 0.1668 | Val Max Thermal: 0.0000 [*SAVED BEST*]
Epoch  360 | Val Loss: 9612.1826 | Val Cost: -397.54 | Val Max P-Miss: 1.0854 | Val Max Q-Miss: 0.6044 | Val Max Gen Viol: 0.1733 | Val Max Thermal: 0.0000 [*SAVED BEST*]
Epoch  370 | Val Loss: 35118.6875 | Val Cost: -521.57 | Val Max P-Miss: 3.2342 | Val Max Q-Miss: 7.4219 | Val Max Gen Viol: 0.2275 | Val Max Thermal: 2.1417
Epoch  380 | Val Loss: 22458.1836 | Val Cost:   66.20 | Val Max P-Miss: 4.5130 | Val Max Q-Miss: 5.6101 | Val Max Gen Viol: 8.0964 | Val Max Thermal: 6.4200
Epoch  390 | Val Loss: 18176.2402 | Val Cost: -312.14 | Val Max P-Miss: 1.3475 | Val Max Q-Miss: 1.6590 | Val Max Gen Viol: 3.5335 | Val Max Thermal: 0.2183
Epoch  400 | Val Loss: 7333.1914 | Val Cost: -214.99 | Val Max P-Miss: 0.8795 | Val Max Q-Miss: 0.5329 | Val Max Gen Viol: 0.2665 | Val Max Thermal: 0.0000 [*SAVED BEST*]
Epoch  410 | Val Loss: 10347.6641 | Val Cost: -340.00 | Val Max P-Miss: 0.9917 | Val Max Q-Miss: 0.8379 | Val Max Gen Viol: 0.1955 | Val Max Thermal: 0.0000
Epoch  420 | Val Loss: 7977.3594 | Val Cost: -323.35 | Val Max P-Miss: 0.9786 | Val Max Q-Miss: 0.4546 | Val Max Gen Viol: 0.1450 | Val Max Thermal: 0.0000
Epoch  430 | Val Loss: 7128.0947 | Val Cost: -295.18 | Val Max P-Miss: 1.0137 | Val Max Q-Miss: 0.5867 | Val Max Gen Viol: 0.1281 | Val Max Thermal: 0.0000 [*SAVED BEST*]
Epoch  440 | Val Loss: 6332.0405 | Val Cost: -304.99 | Val Max P-Miss: 1.0161 | Val Max Q-Miss: 0.4758 | Val Max Gen Viol: 0.1327 | Val Max Thermal: 0.0000 [*SAVED BEST*]
Epoch  450 | Val Loss: 6536.1514 | Val Cost: -317.23 | Val Max P-Miss: 1.0315 | Val Max Q-Miss: 0.4833 | Val Max Gen Viol: 0.1382 | Val Max Thermal: 0.0000
Epoch  460 | Val Loss: 7658.8315 | Val Cost:  200.96 | Val Max P-Miss: 1.1387 | Val Max Q-Miss: 2.4584 | Val Max Gen Viol: 0.2526 | Val Max Thermal: 0.0000
Epoch  470 | Val Loss: 5802.4219 | Val Cost:  269.03 | Val Max P-Miss: 1.0618 | Val Max Q-Miss: 0.4272 | Val Max Gen Viol: 0.0562 | Val Max Thermal: 0.0000 [*SAVED BEST*]
Epoch  480 | Val Loss: 4547.4712 | Val Cost:  242.00 | Val Max P-Miss: 1.0698 | Val Max Q-Miss: 0.4222 | Val Max Gen Viol: 0.0473 | Val Max Thermal: 0.0000 [*SAVED BEST*]
Epoch  490 | Val Loss: 5337.4834 | Val Cost:  266.61 | Val Max P-Miss: 1.0871 | Val Max Q-Miss: 0.4111 | Val Max Gen Viol: 0.0440 | Val Max Thermal: 0.0000
Epoch  500 | Val Loss: 4346.6436 | Val Cost:  247.84 | Val Max P-Miss: 1.0819 | Val Max Q-Miss: 0.3928 | Val Max Gen Viol: 0.0384 | Val Max Thermal: 0.0000 [*SAVED BEST*]
Epoch  510 | Val Loss: 3606.2908 | Val Cost:  223.43 | Val Max P-Miss: 1.0822 | Val Max Q-Miss: 0.3787 | Val Max Gen Viol: 0.0364 | Val Max Thermal: 0.0000 [*SAVED BEST*]
Epoch  520 | Val Loss: 19516.3438 | Val Cost:   45.17 | Val Max P-Miss: 2.8580 | Val Max Q-Miss: 7.3959 | Val Max Gen Viol: 0.2842 | Val Max Thermal: 0.7567
Epoch  530 | Val Loss: 7089.3008 | Val Cost:  -57.39 | Val Max P-Miss: 1.3423 | Val Max Q-Miss: 1.6135 | Val Max Gen Viol: 1.9815 | Val Max Thermal: 0.0000
Epoch  540 | Val Loss: 6966.3374 | Val Cost: -294.53 | Val Max P-Miss: 1.0775 | Val Max Q-Miss: 0.4874 | Val Max Gen Viol: 0.1337 | Val Max Thermal: 0.0000
Epoch  550 | Val Loss: 8464.5469 | Val Cost: -362.32 | Val Max P-Miss: 1.0845 | Val Max Q-Miss: 0.4894 | Val Max Gen Viol: 0.1586 | Val Max Thermal: 0.0000
Epoch  560 | Val Loss: 5865.1299 | Val Cost: -263.47 | Val Max P-Miss: 1.1076 | Val Max Q-Miss: 0.4908 | Val Max Gen Viol: 0.1165 | Val Max Thermal: 0.0000
Epoch  570 | Val Loss: 7092.8330 | Val Cost: -303.09 | Val Max P-Miss: 1.1085 | Val Max Q-Miss: 0.5028 | Val Max Gen Viol: 0.1341 | Val Max Thermal: 0.0000
Epoch  580 | Val Loss: 4887.2021 | Val Cost: -263.00 | Val Max P-Miss: 1.1053 | Val Max Q-Miss: 0.4841 | Val Max Gen Viol: 0.1154 | Val Max Thermal: 0.0000
Epoch  590 | Val Loss: 4635.7861 | Val Cost: -261.78 | Val Max P-Miss: 1.1031 | Val Max Q-Miss: 0.3720 | Val Max Gen Viol: 0.1132 | Val Max Thermal: 0.0000
Epoch  600 | Val Loss: 15383.3008 | Val Cost:   47.72 | Val Max P-Miss: 2.4985 | Val Max Q-Miss: 5.2084 | Val Max Gen Viol: 0.2636 | Val Max Thermal: 0.8351
Epoch  610 | Val Loss: 24284.7539 | Val Cost:   45.87 | Val Max P-Miss: 1.5129 | Val Max Q-Miss: 5.9400 | Val Max Gen Viol: 7.4480 | Val Max Thermal: 1.8632
Epoch  620 | Val Loss: 6688.3418 | Val Cost:   22.72 | Val Max P-Miss: 1.2551 | Val Max Q-Miss: 1.3258 | Val Max Gen Viol: 0.3295 | Val Max Thermal: 0.0000
Epoch  630 | Val Loss: 5502.1533 | Val Cost:  263.68 | Val Max P-Miss: 1.1007 | Val Max Q-Miss: 0.6697 | Val Max Gen Viol: 0.0383 | Val Max Thermal: 0.0000
Epoch  640 | Val Loss: 2739.2219 | Val Cost:  176.06 | Val Max P-Miss: 1.1089 | Val Max Q-Miss: 0.4379 | Val Max Gen Viol: 0.0232 | Val Max Thermal: 0.0000 [*SAVED BEST*]
Epoch  650 | Val Loss: 1592.5410 | Val Cost:  121.70 | Val Max P-Miss: 1.1095 | Val Max Q-Miss: 0.4408 | Val Max Gen Viol: 0.0308 | Val Max Thermal: 0.0000 [*SAVED BEST*]
Epoch  660 | Val Loss: 1918.7950 | Val Cost:  118.77 | Val Max P-Miss: 1.4276 | Val Max Q-Miss: 0.4391 | Val Max Gen Viol: 1.5351 | Val Max Thermal: 0.0000
Epoch  670 | Val Loss: 3132.2629 | Val Cost:  203.70 | Val Max P-Miss: 1.1138 | Val Max Q-Miss: 0.4479 | Val Max Gen Viol: 0.1225 | Val Max Thermal: 0.0000
Epoch  680 | Val Loss: 2939.0356 | Val Cost:  188.22 | Val Max P-Miss: 1.1117 | Val Max Q-Miss: 0.4634 | Val Max Gen Viol: 0.0914 | Val Max Thermal: 0.0000
Epoch  690 | Val Loss: 2729.4983 | Val Cost:  179.34 | Val Max P-Miss: 1.1112 | Val Max Q-Miss: 0.4405 | Val Max Gen Viol: 0.0891 | Val Max Thermal: 0.0000
Epoch  700 | Val Loss: 2581.9299 | Val Cost:  188.58 | Val Max P-Miss: 1.1121 | Val Max Q-Miss: 0.4318 | Val Max Gen Viol: 0.0879 | Val Max Thermal: 0.0000
Epoch  710 | Val Loss: 1615.8660 | Val Cost:  144.38 | Val Max P-Miss: 1.1157 | Val Max Q-Miss: 0.4382 | Val Max Gen Viol: 0.0873 | Val Max Thermal: 0.0000
Epoch  720 | Val Loss: 9204.6152 | Val Cost:  -39.40 | Val Max P-Miss: 1.6395 | Val Max Q-Miss: 0.9008 | Val Max Gen Viol: 0.1518 | Val Max Thermal: 0.0000
Epoch  730 | Val Loss: 8054.3379 | Val Cost:  -54.67 | Val Max P-Miss: 2.0565 | Val Max Q-Miss: 6.4148 | Val Max Gen Viol: 8.2057 | Val Max Thermal: 0.0000
Epoch  740 | Val Loss: 3486.0308 | Val Cost:  211.35 | Val Max P-Miss: 1.1133 | Val Max Q-Miss: 2.1308 | Val Max Gen Viol: 0.8167 | Val Max Thermal: 0.0000
Epoch  750 | Val Loss: 2280.2734 | Val Cost:  157.18 | Val Max P-Miss: 1.0830 | Val Max Q-Miss: 0.4376 | Val Max Gen Viol: 0.0670 | Val Max Thermal: 0.0000
Epoch  760 | Val Loss: 1840.5785 | Val Cost:  144.56 | Val Max P-Miss: 1.0859 | Val Max Q-Miss: 0.4435 | Val Max Gen Viol: 0.0501 | Val Max Thermal: 0.0000
Epoch  770 | Val Loss: 1774.7356 | Val Cost:  146.04 | Val Max P-Miss: 1.0873 | Val Max Q-Miss: 0.4445 | Val Max Gen Viol: 0.0479 | Val Max Thermal: 0.0000
Epoch  780 | Val Loss: 7820.1035 | Val Cost:  138.74 | Val Max P-Miss: 1.0540 | Val Max Q-Miss: 1.2914 | Val Max Gen Viol: 0.0463 | Val Max Thermal: 0.0000
Epoch  790 | Val Loss: 2226.9082 | Val Cost:   71.72 | Val Max P-Miss: 1.1068 | Val Max Q-Miss: 1.4321 | Val Max Gen Viol: 0.1766 | Val Max Thermal: 0.0000
Epoch  800 | Val Loss: 2775.1272 | Val Cost: -181.59 | Val Max P-Miss: 1.0954 | Val Max Q-Miss: 0.4669 | Val Max Gen Viol: 0.0778 | Val Max Thermal: 0.0000
Epoch  810 | Val Loss: 3722.6636 | Val Cost: -218.60 | Val Max P-Miss: 1.0958 | Val Max Q-Miss: 0.4617 | Val Max Gen Viol: 0.0943 | Val Max Thermal: 0.0000
Epoch  820 | Val Loss: 1628.3444 | Val Cost: -138.62 | Val Max P-Miss: 1.0976 | Val Max Q-Miss: 0.4576 | Val Max Gen Viol: 0.0593 | Val Max Thermal: 0.0000
Epoch  830 | Val Loss: 2381.8132 | Val Cost: -174.01 | Val Max P-Miss: 1.0977 | Val Max Q-Miss: 0.4606 | Val Max Gen Viol: 0.0745 | Val Max Thermal: 0.0000
Epoch  840 | Val Loss: 1243.0420 | Val Cost: -119.08 | Val Max P-Miss: 1.0977 | Val Max Q-Miss: 0.4553 | Val Max Gen Viol: 0.0506 | Val Max Thermal: 0.0000 [*SAVED BEST*]
Epoch  850 | Val Loss: 1784.0909 | Val Cost: -148.39 | Val Max P-Miss: 1.0982 | Val Max Q-Miss: 0.4591 | Val Max Gen Viol: 0.0632 | Val Max Thermal: 0.0000
Epoch  860 | Val Loss: 1839.7188 | Val Cost: -150.29 | Val Max P-Miss: 1.1030 | Val Max Q-Miss: 0.4696 | Val Max Gen Viol: 0.0641 | Val Max Thermal: 0.0000
Epoch  870 | Val Loss: 1704.6292 | Val Cost: -135.93 | Val Max P-Miss: 1.1112 | Val Max Q-Miss: 0.4723 | Val Max Gen Viol: 0.0581 | Val Max Thermal: 0.0000
Epoch  880 | Val Loss: 2189.0515 | Val Cost: -159.03 | Val Max P-Miss: 1.1107 | Val Max Q-Miss: 0.4839 | Val Max Gen Viol: 0.0679 | Val Max Thermal: 0.0000
Epoch  890 | Val Loss: 1267.9397 | Val Cost: -120.66 | Val Max P-Miss: 1.1009 | Val Max Q-Miss: 0.4614 | Val Max Gen Viol: 0.0514 | Val Max Thermal: 0.0000
Epoch  900 | Val Loss: 1616.2947 | Val Cost: -138.58 | Val Max P-Miss: 1.1029 | Val Max Q-Miss: 0.4944 | Val Max Gen Viol: 0.0591 | Val Max Thermal: 0.0000
Epoch  910 | Val Loss: 1331.9426 | Val Cost: -126.84 | Val Max P-Miss: 1.1005 | Val Max Q-Miss: 0.4646 | Val Max Gen Viol: 0.0535 | Val Max Thermal: 0.0000
Epoch  920 | Val Loss: 14683.5664 | Val Cost:  313.95 | Val Max P-Miss: 1.4107 | Val Max Q-Miss: 5.3572 | Val Max Gen Viol: 0.3504 | Val Max Thermal: 1.1907
Epoch  930 | Val Loss: 1856.1956 | Val Cost: -109.50 | Val Max P-Miss: 1.1127 | Val Max Q-Miss: 0.6578 | Val Max Gen Viol: 0.6402 | Val Max Thermal: 0.0000
Epoch  940 | Val Loss: 1786.1049 | Val Cost: -148.63 | Val Max P-Miss: 1.0997 | Val Max Q-Miss: 0.4605 | Val Max Gen Viol: 0.0617 | Val Max Thermal: 0.0000
Epoch  950 | Val Loss: 2072.3970 | Val Cost: -160.50 | Val Max P-Miss: 1.1043 | Val Max Q-Miss: 0.4633 | Val Max Gen Viol: 0.0676 | Val Max Thermal: 0.0000
Epoch  960 | Val Loss: 1236.9235 | Val Cost: -117.76 | Val Max P-Miss: 1.0998 | Val Max Q-Miss: 0.4600 | Val Max Gen Viol: 0.0496 | Val Max Thermal: 0.0000 [*SAVED BEST*]
Epoch  970 | Val Loss: 1626.0161 | Val Cost: -136.07 | Val Max P-Miss: 1.0993 | Val Max Q-Miss: 0.4611 | Val Max Gen Viol: 0.0575 | Val Max Thermal: 0.0000
Epoch  980 | Val Loss: 1102.5867 | Val Cost: -113.23 | Val Max P-Miss: 1.1011 | Val Max Q-Miss: 0.4655 | Val Max Gen Viol: 0.0474 | Val Max Thermal: 0.0000 [*SAVED BEST*]
Epoch  990 | Val Loss: 1086.1112 | Val Cost: -112.38 | Val Max P-Miss: 1.1010 | Val Max Q-Miss: 0.4692 | Val Max Gen Viol: 0.0470 | Val Max Thermal: 0.0000 [*SAVED BEST*]
Epoch 1000 | Val Loss: 1133.1296 | Val Cost: -111.08 | Val Max P-Miss: 1.1079 | Val Max Q-Miss: 0.4757 | Val Max Gen Viol: 0.0466 | Val Max Thermal: 0.0000
Epoch 1010 | Val Loss: 1225.7988 | Val Cost: -115.59 | Val Max P-Miss: 1.1073 | Val Max Q-Miss: 0.4996 | Val Max Gen Viol: 0.0484 | Val Max Thermal: 0.0000
Epoch 1020 | Val Loss: 1277.5370 | Val Cost: -120.15 | Val Max P-Miss: 1.1054 | Val Max Q-Miss: 0.4898 | Val Max Gen Viol: 0.0503 | Val Max Thermal: 0.0000
Epoch 1030 | Val Loss: 5373.7852 | Val Cost:   -1.16 | Val Max P-Miss: 0.8951 | Val Max Q-Miss: 2.1822 | Val Max Gen Viol: 1.5514 | Val Max Thermal: 0.0000
Epoch 1040 | Val Loss: 5073.2822 | Val Cost:   24.49 | Val Max P-Miss: 1.2785 | Val Max Q-Miss: 0.9781 | Val Max Gen Viol: 0.3694 | Val Max Thermal: 0.0000
Epoch 1050 | Val Loss: 1883.8051 | Val Cost:  123.66 | Val Max P-Miss: 1.0090 | Val Max Q-Miss: 0.9495 | Val Max Gen Viol: 0.1110 | Val Max Thermal: 0.0000
Epoch 1060 | Val Loss: 820.4794 | Val Cost:   84.67 | Val Max P-Miss: 1.1025 | Val Max Q-Miss: 0.4427 | Val Max Gen Viol: 0.0223 | Val Max Thermal: 0.0000 [*SAVED BEST*]
Epoch 1070 | Val Loss: 619.3154 | Val Cost:   74.06 | Val Max P-Miss: 1.1046 | Val Max Q-Miss: 0.4456 | Val Max Gen Viol: 0.0218 | Val Max Thermal: 0.0000 [*SAVED BEST*]
Epoch 1080 | Val Loss: 492.5775 | Val Cost:   64.55 | Val Max P-Miss: 1.1048 | Val Max Q-Miss: 0.4461 | Val Max Gen Viol: 0.0219 | Val Max Thermal: 0.0000 [*SAVED BEST*]
Epoch 1090 | Val Loss: 928.8944 | Val Cost:   93.51 | Val Max P-Miss: 1.1061 | Val Max Q-Miss: 0.4594 | Val Max Gen Viol: 0.0214 | Val Max Thermal: 0.0000
Epoch 1100 | Val Loss: 780.9812 | Val Cost:   86.44 | Val Max P-Miss: 1.1059 | Val Max Q-Miss: 0.4511 | Val Max Gen Viol: 0.0217 | Val Max Thermal: 0.0000
Epoch 1110 | Val Loss: 666.2142 | Val Cost:   78.31 | Val Max P-Miss: 1.1058 | Val Max Q-Miss: 0.4499 | Val Max Gen Viol: 0.0218 | Val Max Thermal: 0.0000
Epoch 1120 | Val Loss: 566.3855 | Val Cost:   72.40 | Val Max P-Miss: 1.1055 | Val Max Q-Miss: 0.4467 | Val Max Gen Viol: 0.0223 | Val Max Thermal: 0.0000
Epoch 1130 | Val Loss: 828.8277 | Val Cost:   92.46 | Val Max P-Miss: 1.1051 | Val Max Q-Miss: 0.4552 | Val Max Gen Viol: 0.0236 | Val Max Thermal: 0.0000
Epoch 1140 | Val Loss: 802.3776 | Val Cost:   88.91 | Val Max P-Miss: 1.1050 | Val Max Q-Miss: 0.4582 | Val Max Gen Viol: 0.0235 | Val Max Thermal: 0.0000
Epoch 1150 | Val Loss: 1003.2273 | Val Cost:   89.43 | Val Max P-Miss: 1.1074 | Val Max Q-Miss: 0.4480 | Val Max Gen Viol: 0.0237 | Val Max Thermal: 0.0000
Epoch 1160 | Val Loss: 720.1694 | Val Cost:   83.04 | Val Max P-Miss: 1.1078 | Val Max Q-Miss: 0.4442 | Val Max Gen Viol: 0.0222 | Val Max Thermal: 0.0000
Epoch 1170 | Val Loss: 632.2467 | Val Cost:   76.72 | Val Max P-Miss: 1.1083 | Val Max Q-Miss: 0.4438 | Val Max Gen Viol: 0.0224 | Val Max Thermal: 0.0000
Epoch 1180 | Val Loss: 672.4030 | Val Cost:   82.51 | Val Max P-Miss: 1.1081 | Val Max Q-Miss: 0.4456 | Val Max Gen Viol: 0.0223 | Val Max Thermal: 0.0000
Epoch 1190 | Val Loss: 725.4702 | Val Cost:   86.52 | Val Max P-Miss: 1.1095 | Val Max Q-Miss: 0.4523 | Val Max Gen Viol: 0.0225 | Val Max Thermal: 0.0000
Epoch 1200 | Val Loss: 672.6597 | Val Cost:   81.72 | Val Max P-Miss: 1.1105 | Val Max Q-Miss: 0.4560 | Val Max Gen Viol: 0.0227 | Val Max Thermal: 0.0000
Epoch 1210 | Val Loss: 659.8087 | Val Cost:   79.45 | Val Max P-Miss: 1.1154 | Val Max Q-Miss: 0.4570 | Val Max Gen Viol: 0.0222 | Val Max Thermal: 0.0000
Epoch 1220 | Val Loss: 713.5531 | Val Cost:   79.59 | Val Max P-Miss: 1.1219 | Val Max Q-Miss: 0.4687 | Val Max Gen Viol: 0.0209 | Val Max Thermal: 0.0000
Epoch 1230 | Val Loss: 1559.4678 | Val Cost:   88.02 | Val Max P-Miss: 1.0986 | Val Max Q-Miss: 0.6027 | Val Max Gen Viol: 0.0193 | Val Max Thermal: 0.0000
Epoch 1240 | Val Loss: 11919.9326 | Val Cost:  147.00 | Val Max P-Miss: 2.0612 | Val Max Q-Miss: 7.7804 | Val Max Gen Viol: 2.8001 | Val Max Thermal: 7.6073
Epoch 1250 | Val Loss: 2656.2864 | Val Cost:  226.91 | Val Max P-Miss: 0.8855 | Val Max Q-Miss: 1.4879 | Val Max Gen Viol: 0.2893 | Val Max Thermal: 0.0000
Epoch 1260 | Val Loss: 858.9735 | Val Cost:  -88.22 | Val Max P-Miss: 1.0905 | Val Max Q-Miss: 0.4519 | Val Max Gen Viol: 0.0586 | Val Max Thermal: 0.0000
Epoch 1270 | Val Loss: 757.9287 | Val Cost:  -82.76 | Val Max P-Miss: 1.0944 | Val Max Q-Miss: 0.4495 | Val Max Gen Viol: 0.0351 | Val Max Thermal: 0.0000
Epoch 1280 | Val Loss: 749.9099 | Val Cost:  -83.82 | Val Max P-Miss: 1.0950 | Val Max Q-Miss: 0.4498 | Val Max Gen Viol: 0.0355 | Val Max Thermal: 0.0000
Epoch 1290 | Val Loss: 751.4650 | Val Cost:  -84.37 | Val Max P-Miss: 1.0951 | Val Max Q-Miss: 0.4503 | Val Max Gen Viol: 0.0357 | Val Max Thermal: 0.0000
Epoch 1300 | Val Loss: 754.5086 | Val Cost:  -84.79 | Val Max P-Miss: 1.0949 | Val Max Q-Miss: 0.4505 | Val Max Gen Viol: 0.0359 | Val Max Thermal: 0.0000
Epoch 1310 | Val Loss: 757.7386 | Val Cost:  -85.11 | Val Max P-Miss: 1.0947 | Val Max Q-Miss: 0.4506 | Val Max Gen Viol: 0.0360 | Val Max Thermal: 0.0000
Epoch 1320 | Val Loss: 763.1323 | Val Cost:  -85.35 | Val Max P-Miss: 1.0944 | Val Max Q-Miss: 0.4516 | Val Max Gen Viol: 0.0361 | Val Max Thermal: 0.0000
Epoch 1330 | Val Loss: 763.4594 | Val Cost:  -85.22 | Val Max P-Miss: 1.0941 | Val Max Q-Miss: 0.4511 | Val Max Gen Viol: 0.0360 | Val Max Thermal: 0.0000
Epoch 1340 | Val Loss: 740.4604 | Val Cost:  -82.68 | Val Max P-Miss: 1.0945 | Val Max Q-Miss: 0.4482 | Val Max Gen Viol: 0.0360 | Val Max Thermal: 0.0000
Epoch 1350 | Val Loss: 739.4792 | Val Cost:  -81.33 | Val Max P-Miss: 1.0941 | Val Max Q-Miss: 0.4483 | Val Max Gen Viol: 0.0365 | Val Max Thermal: 0.0000
Epoch 1360 | Val Loss: 750.1291 | Val Cost:  -81.45 | Val Max P-Miss: 1.0938 | Val Max Q-Miss: 0.4482 | Val Max Gen Viol: 0.0367 | Val Max Thermal: 0.0000
Epoch 1370 | Val Loss: 735.6910 | Val Cost:  -81.10 | Val Max P-Miss: 1.0935 | Val Max Q-Miss: 0.4489 | Val Max Gen Viol: 0.0370 | Val Max Thermal: 0.0000
Epoch 1380 | Val Loss: 623.1149 | Val Cost:  -75.31 | Val Max P-Miss: 1.0936 | Val Max Q-Miss: 0.4518 | Val Max Gen Viol: 0.0369 | Val Max Thermal: 0.0000
Epoch 1390 | Val Loss: 575.6882 | Val Cost:  -71.29 | Val Max P-Miss: 1.0969 | Val Max Q-Miss: 0.4589 | Val Max Gen Viol: 0.0367 | Val Max Thermal: 0.0000
Epoch 1400 | Val Loss: 555.2344 | Val Cost:  -70.10 | Val Max P-Miss: 1.0957 | Val Max Q-Miss: 0.4625 | Val Max Gen Viol: 0.0377 | Val Max Thermal: 0.0000
Epoch 1410 | Val Loss: 567.1155 | Val Cost:  -70.31 | Val Max P-Miss: 1.0965 | Val Max Q-Miss: 0.4691 | Val Max Gen Viol: 0.0383 | Val Max Thermal: 0.0000
Epoch 1420 | Val Loss: 583.2162 | Val Cost:  -69.64 | Val Max P-Miss: 1.0984 | Val Max Q-Miss: 0.4827 | Val Max Gen Viol: 0.0386 | Val Max Thermal: 0.0000
Epoch 1430 | Val Loss: 577.6607 | Val Cost:  -68.33 | Val Max P-Miss: 1.0987 | Val Max Q-Miss: 0.4870 | Val Max Gen Viol: 0.0379 | Val Max Thermal: 0.0000
Epoch 1440 | Val Loss: 555.1863 | Val Cost:  -67.08 | Val Max P-Miss: 1.0982 | Val Max Q-Miss: 0.4820 | Val Max Gen Viol: 0.0365 | Val Max Thermal: 0.0000
Epoch 1450 | Val Loss: 535.7128 | Val Cost:  -66.14 | Val Max P-Miss: 1.0978 | Val Max Q-Miss: 0.4771 | Val Max Gen Viol: 0.0353 | Val Max Thermal: 0.0000
Epoch 1460 | Val Loss: 522.2447 | Val Cost:  -65.99 | Val Max P-Miss: 1.0970 | Val Max Q-Miss: 0.4705 | Val Max Gen Viol: 0.0339 | Val Max Thermal: 0.0000
Epoch 1470 | Val Loss: 9915.1934 | Val Cost:   69.62 | Val Max P-Miss: 1.8827 | Val Max Q-Miss: 3.7772 | Val Max Gen Viol: 4.7204 | Val Max Thermal: 4.3281
Epoch 1480 | Val Loss: 601.1561 | Val Cost:  -71.70 | Val Max P-Miss: 1.0979 | Val Max Q-Miss: 0.7590 | Val Max Gen Viol: 0.7162 | Val Max Thermal: 0.1769
Epoch 1490 | Val Loss: 747.4528 | Val Cost:  -84.19 | Val Max P-Miss: 1.0976 | Val Max Q-Miss: 0.4492 | Val Max Gen Viol: 0.0476 | Val Max Thermal: 0.0000
Epoch 1500 | Val Loss: 758.8739 | Val Cost:  -85.80 | Val Max P-Miss: 1.0973 | Val Max Q-Miss: 0.4503 | Val Max Gen Viol: 0.0415 | Val Max Thermal: 0.0000
Epoch 1510 | Val Loss: 775.9481 | Val Cost:  -87.06 | Val Max P-Miss: 1.0969 | Val Max Q-Miss: 0.4508 | Val Max Gen Viol: 0.0418 | Val Max Thermal: 0.0000
Epoch 1520 | Val Loss: 794.8417 | Val Cost:  -88.44 | Val Max P-Miss: 1.0964 | Val Max Q-Miss: 0.4515 | Val Max Gen Viol: 0.0424 | Val Max Thermal: 0.0000
Epoch 1530 | Val Loss: 815.3629 | Val Cost:  -89.89 | Val Max P-Miss: 1.0959 | Val Max Q-Miss: 0.4512 | Val Max Gen Viol: 0.0430 | Val Max Thermal: 0.0000
Epoch 1540 | Val Loss: 839.4714 | Val Cost:  -91.46 | Val Max P-Miss: 1.0952 | Val Max Q-Miss: 0.4511 | Val Max Gen Viol: 0.0435 | Val Max Thermal: 0.0000
Epoch 1550 | Val Loss: 842.2443 | Val Cost:  -91.74 | Val Max P-Miss: 1.0943 | Val Max Q-Miss: 0.4507 | Val Max Gen Viol: 0.0443 | Val Max Thermal: 0.0000
Epoch 1560 | Val Loss: 682.5838 | Val Cost:  -79.76 | Val Max P-Miss: 1.0937 | Val Max Q-Miss: 0.4480 | Val Max Gen Viol: 0.0450 | Val Max Thermal: 0.0000
Epoch 1570 | Val Loss: 721.8485 | Val Cost:  -81.33 | Val Max P-Miss: 1.0924 | Val Max Q-Miss: 0.4460 | Val Max Gen Viol: 0.0457 | Val Max Thermal: 0.0000
Epoch 1580 | Val Loss: 637.2595 | Val Cost:  -74.20 | Val Max P-Miss: 1.0911 | Val Max Q-Miss: 0.4453 | Val Max Gen Viol: 0.0465 | Val Max Thermal: 0.0000
Epoch 1590 | Val Loss: 550.7593 | Val Cost:  -71.24 | Val Max P-Miss: 1.0884 | Val Max Q-Miss: 0.4527 | Val Max Gen Viol: 0.0462 | Val Max Thermal: 0.0000
Epoch 1600 | Val Loss: 573.9662 | Val Cost:  -71.86 | Val Max P-Miss: 1.0852 | Val Max Q-Miss: 0.4641 | Val Max Gen Viol: 0.0468 | Val Max Thermal: 0.0000
Epoch 1610 | Val Loss: 589.4555 | Val Cost:  -73.38 | Val Max P-Miss: 1.0757 | Val Max Q-Miss: 0.4668 | Val Max Gen Viol: 0.0479 | Val Max Thermal: 0.0000
Epoch 1620 | Val Loss: 619.0270 | Val Cost:  -74.85 | Val Max P-Miss: 1.0708 | Val Max Q-Miss: 0.4747 | Val Max Gen Viol: 0.0493 | Val Max Thermal: 0.0000
Epoch 1630 | Val Loss: 663.4958 | Val Cost:  -77.22 | Val Max P-Miss: 1.0716 | Val Max Q-Miss: 0.4878 | Val Max Gen Viol: 0.0503 | Val Max Thermal: 0.0000
Epoch 1640 | Val Loss: 698.6338 | Val Cost:  -81.01 | Val Max P-Miss: 1.0725 | Val Max Q-Miss: 0.4936 | Val Max Gen Viol: 0.0512 | Val Max Thermal: 0.0000
Epoch 1650 | Val Loss: 732.1322 | Val Cost:  -85.78 | Val Max P-Miss: 1.0705 | Val Max Q-Miss: 0.4968 | Val Max Gen Viol: 0.0518 | Val Max Thermal: 0.0000
Epoch 1660 | Val Loss: 501.6205 | Val Cost:  -65.42 | Val Max P-Miss: 1.0828 | Val Max Q-Miss: 0.4624 | Val Max Gen Viol: 0.0532 | Val Max Thermal: 0.0000
Epoch 1670 | Val Loss: 579.5004 | Val Cost:  -84.02 | Val Max P-Miss: 1.0818 | Val Max Q-Miss: 0.4700 | Val Max Gen Viol: 0.0525 | Val Max Thermal: 0.0000
Epoch 1680 | Val Loss: 623.1884 | Val Cost:  -85.71 | Val Max P-Miss: 1.0772 | Val Max Q-Miss: 0.4340 | Val Max Gen Viol: 0.0534 | Val Max Thermal: 0.0000
Epoch 1690 | Val Loss: 1065.6575 | Val Cost:  -19.01 | Val Max P-Miss: 1.0512 | Val Max Q-Miss: 1.3398 | Val Max Gen Viol: 0.0959 | Val Max Thermal: 0.0000
Epoch 1700 | Val Loss: 437.8228 | Val Cost:   62.82 | Val Max P-Miss: 1.1056 | Val Max Q-Miss: 0.4473 | Val Max Gen Viol: 0.0252 | Val Max Thermal: 0.0000 [*SAVED BEST*]
Epoch 1710 | Val Loss: 395.2855 | Val Cost:   55.92 | Val Max P-Miss: 1.1111 | Val Max Q-Miss: 0.4430 | Val Max Gen Viol: 0.0293 | Val Max Thermal: 0.0000 [*SAVED BEST*]
Epoch 1720 | Val Loss: 362.4329 | Val Cost:   52.68 | Val Max P-Miss: 1.1119 | Val Max Q-Miss: 0.4435 | Val Max Gen Viol: 0.0302 | Val Max Thermal: 0.0000 [*SAVED BEST*]
Epoch 1730 | Val Loss: 339.1328 | Val Cost:   51.73 | Val Max P-Miss: 1.0997 | Val Max Q-Miss: 0.4441 | Val Max Gen Viol: 0.0315 | Val Max Thermal: 0.0000 [*SAVED BEST*]
Epoch 1740 | Val Loss: 409.4137 | Val Cost:   59.69 | Val Max P-Miss: 1.0810 | Val Max Q-Miss: 0.4455 | Val Max Gen Viol: 0.0333 | Val Max Thermal: 0.0000
Epoch 1750 | Val Loss: 404.2971 | Val Cost:   60.18 | Val Max P-Miss: 1.0678 | Val Max Q-Miss: 0.4463 | Val Max Gen Viol: 0.0430 | Val Max Thermal: 0.0000
Epoch 1760 | Val Loss: 391.8736 | Val Cost:   62.23 | Val Max P-Miss: 1.0664 | Val Max Q-Miss: 0.4465 | Val Max Gen Viol: 0.0439 | Val Max Thermal: 0.0000
Epoch 1770 | Val Loss: 386.7268 | Val Cost:   64.46 | Val Max P-Miss: 1.1006 | Val Max Q-Miss: 0.4464 | Val Max Gen Viol: 0.0346 | Val Max Thermal: 0.0000
Epoch 1780 | Val Loss: 353.1566 | Val Cost:   57.85 | Val Max P-Miss: 1.0948 | Val Max Q-Miss: 0.4484 | Val Max Gen Viol: 0.0360 | Val Max Thermal: 0.0000
Epoch 1790 | Val Loss: 343.6826 | Val Cost:   36.67 | Val Max P-Miss: 1.0595 | Val Max Q-Miss: 0.4503 | Val Max Gen Viol: 0.0510 | Val Max Thermal: 0.0000
Epoch 1800 | Val Loss: 370.4980 | Val Cost:   48.20 | Val Max P-Miss: 1.1183 | Val Max Q-Miss: 0.4555 | Val Max Gen Viol: 0.0378 | Val Max Thermal: 0.0000
Epoch 1810 | Val Loss: 343.8641 | Val Cost:   45.31 | Val Max P-Miss: 1.1107 | Val Max Q-Miss: 0.4667 | Val Max Gen Viol: 0.0381 | Val Max Thermal: 0.0000
Epoch 1820 | Val Loss: 416.5864 | Val Cost:   44.88 | Val Max P-Miss: 1.1037 | Val Max Q-Miss: 0.4450 | Val Max Gen Viol: 0.0392 | Val Max Thermal: 0.0000
Epoch 1830 | Val Loss: 7876.7275 | Val Cost:   -1.00 | Val Max P-Miss: 2.2846 | Val Max Q-Miss: 3.9698 | Val Max Gen Viol: 1.8244 | Val Max Thermal: 1.5533
Epoch 1840 | Val Loss: 710.1034 | Val Cost:  -32.46 | Val Max P-Miss: 1.0934 | Val Max Q-Miss: 0.5835 | Val Max Gen Viol: 0.0783 | Val Max Thermal: 0.0000
Epoch 1850 | Val Loss: 350.9318 | Val Cost:  -48.06 | Val Max P-Miss: 1.0988 | Val Max Q-Miss: 0.4480 | Val Max Gen Viol: 0.0635 | Val Max Thermal: 0.0000
Epoch 1860 | Val Loss: 381.7692 | Val Cost:  -53.11 | Val Max P-Miss: 1.0988 | Val Max Q-Miss: 0.4483 | Val Max Gen Viol: 0.0630 | Val Max Thermal: 0.0000
Epoch 1870 | Val Loss: 425.8040 | Val Cost:  -57.66 | Val Max P-Miss: 1.0985 | Val Max Q-Miss: 0.4489 | Val Max Gen Viol: 0.0639 | Val Max Thermal: 0.0000
Epoch 1880 | Val Loss: 473.9240 | Val Cost:  -62.13 | Val Max P-Miss: 1.0983 | Val Max Q-Miss: 0.4491 | Val Max Gen Viol: 0.0651 | Val Max Thermal: 0.0000
Epoch 1890 | Val Loss: 524.9541 | Val Cost:  -66.59 | Val Max P-Miss: 1.0980 | Val Max Q-Miss: 0.4496 | Val Max Gen Viol: 0.0664 | Val Max Thermal: 0.0000
Epoch 1900 | Val Loss: 581.1523 | Val Cost:  -65.08 | Val Max P-Miss: 1.1056 | Val Max Q-Miss: 0.4501 | Val Max Gen Viol: 0.0680 | Val Max Thermal: 0.0000
Epoch 1910 | Val Loss: 391.3915 | Val Cost:  -54.07 | Val Max P-Miss: 1.0989 | Val Max Q-Miss: 0.4479 | Val Max Gen Viol: 0.0681 | Val Max Thermal: 0.0000
Epoch 1920 | Val Loss: 423.0430 | Val Cost:  -57.81 | Val Max P-Miss: 1.0980 | Val Max Q-Miss: 0.4484 | Val Max Gen Viol: 0.0692 | Val Max Thermal: 0.0000
Epoch 1930 | Val Loss: 471.4669 | Val Cost:  -61.93 | Val Max P-Miss: 1.0979 | Val Max Q-Miss: 0.4479 | Val Max Gen Viol: 0.0707 | Val Max Thermal: 0.0000
Epoch 1940 | Val Loss: 428.0210 | Val Cost:  -59.73 | Val Max P-Miss: 1.0978 | Val Max Q-Miss: 0.4516 | Val Max Gen Viol: 0.0718 | Val Max Thermal: 0.0000
Epoch 1950 | Val Loss: 733.1578 | Val Cost:  -60.39 | Val Max P-Miss: 1.1369 | Val Max Q-Miss: 0.5587 | Val Max Gen Viol: 0.0786 | Val Max Thermal: 0.0000
Epoch 1960 | Val Loss: 398.6634 | Val Cost:  -57.10 | Val Max P-Miss: 1.0982 | Val Max Q-Miss: 0.4502 | Val Max Gen Viol: 0.0685 | Val Max Thermal: 0.0000
Epoch 1970 | Val Loss: 452.9559 | Val Cost:  -61.78 | Val Max P-Miss: 1.0981 | Val Max Q-Miss: 0.4534 | Val Max Gen Viol: 0.0695 | Val Max Thermal: 0.0000
Epoch 1980 | Val Loss: 506.6113 | Val Cost:  -67.21 | Val Max P-Miss: 1.0982 | Val Max Q-Miss: 0.4568 | Val Max Gen Viol: 0.0715 | Val Max Thermal: 0.0000
Epoch 1990 | Val Loss: 386.8739 | Val Cost:  -62.36 | Val Max P-Miss: 1.0983 | Val Max Q-Miss: 0.4532 | Val Max Gen Viol: 0.0728 | Val Max Thermal: 0.0000
Epoch 2000 | Val Loss: 417.8576 | Val Cost:  -60.18 | Val Max P-Miss: 1.0989 | Val Max Q-Miss: 0.4969 | Val Max Gen Viol: 0.0738 | Val Max Thermal: 0.0000
Epoch 2010 | Val Loss: 407.6462 | Val Cost:  -66.86 | Val Max P-Miss: 1.0995 | Val Max Q-Miss: 0.4736 | Val Max Gen Viol: 0.0744 | Val Max Thermal: 0.0000
Epoch 2020 | Val Loss: 456.0713 | Val Cost:  -76.16 | Val Max P-Miss: 1.1011 | Val Max Q-Miss: 0.4643 | Val Max Gen Viol: 0.0763 | Val Max Thermal: 0.0000
Epoch 2030 | Val Loss: 569.7749 | Val Cost:  -88.94 | Val Max P-Miss: 1.1056 | Val Max Q-Miss: 0.4715 | Val Max Gen Viol: 0.0780 | Val Max Thermal: 0.0000
Epoch 2040 | Val Loss: 403.4906 | Val Cost:  -56.21 | Val Max P-Miss: 1.0998 | Val Max Q-Miss: 0.4651 | Val Max Gen Viol: 0.0750 | Val Max Thermal: 0.0000
Epoch 2050 | Val Loss: 384.0907 | Val Cost:  -55.53 | Val Max P-Miss: 1.0974 | Val Max Q-Miss: 0.4523 | Val Max Gen Viol: 0.0746 | Val Max Thermal: 0.0000
Epoch 2060 | Val Loss: 379.7735 | Val Cost:  -54.94 | Val Max P-Miss: 1.0969 | Val Max Q-Miss: 0.4547 | Val Max Gen Viol: 0.0761 | Val Max Thermal: 0.0000
Epoch 2070 | Val Loss: 434.5260 | Val Cost:  -60.05 | Val Max P-Miss: 1.0978 | Val Max Q-Miss: 0.4663 | Val Max Gen Viol: 0.0775 | Val Max Thermal: 0.0000
Epoch 2080 | Val Loss: 479.9071 | Val Cost:  -49.81 | Val Max P-Miss: 1.0969 | Val Max Q-Miss: 0.4725 | Val Max Gen Viol: 0.0759 | Val Max Thermal: 0.0000
Epoch 2090 | Val Loss: 504.0949 | Val Cost:  -48.45 | Val Max P-Miss: 1.0981 | Val Max Q-Miss: 0.4754 | Val Max Gen Viol: 0.0733 | Val Max Thermal: 0.0000
Epoch 2100 | Val Loss: 2247.8457 | Val Cost:  207.52 | Val Max P-Miss: 1.4666 | Val Max Q-Miss: 1.7721 | Val Max Gen Viol: 3.0110 | Val Max Thermal: 10.2175
Epoch 2110 | Val Loss: 409.2435 | Val Cost:   49.20 | Val Max P-Miss: 1.1083 | Val Max Q-Miss: 0.4587 | Val Max Gen Viol: 0.0434 | Val Max Thermal: 0.0000
Epoch 2120 | Val Loss: 340.9127 | Val Cost:   48.44 | Val Max P-Miss: 1.1059 | Val Max Q-Miss: 0.4427 | Val Max Gen Viol: 0.0543 | Val Max Thermal: 0.0000
Epoch 2130 | Val Loss: 293.8384 | Val Cost:   43.12 | Val Max P-Miss: 1.1058 | Val Max Q-Miss: 0.4431 | Val Max Gen Viol: 0.0545 | Val Max Thermal: 0.0000 [*SAVED BEST*]
Epoch 2140 | Val Loss: 253.2802 | Val Cost:   37.91 | Val Max P-Miss: 1.1057 | Val Max Q-Miss: 0.4436 | Val Max Gen Viol: 0.0559 | Val Max Thermal: 0.0000 [*SAVED BEST*]
Epoch 2150 | Val Loss: 218.1772 | Val Cost:   32.92 | Val Max P-Miss: 1.1056 | Val Max Q-Miss: 0.4438 | Val Max Gen Viol: 0.0576 | Val Max Thermal: 0.0000 [*SAVED BEST*]
Epoch 2160 | Val Loss: 291.5798 | Val Cost:  104.97 | Val Max P-Miss: 1.1069 | Val Max Q-Miss: 0.4430 | Val Max Gen Viol: 0.0596 | Val Max Thermal: 0.0000
Epoch 2170 | Val Loss: 388.2963 | Val Cost:   50.76 | Val Max P-Miss: 1.1067 | Val Max Q-Miss: 0.4421 | Val Max Gen Viol: 0.0607 | Val Max Thermal: 0.0000
Epoch 2180 | Val Loss: 335.8777 | Val Cost:   47.99 | Val Max P-Miss: 1.1065 | Val Max Q-Miss: 0.4420 | Val Max Gen Viol: 0.0627 | Val Max Thermal: 0.0000
Epoch 2190 | Val Loss: 290.1021 | Val Cost:   42.76 | Val Max P-Miss: 1.1063 | Val Max Q-Miss: 0.4416 | Val Max Gen Viol: 0.0647 | Val Max Thermal: 0.0000
Epoch 2200 | Val Loss: 251.2432 | Val Cost:   37.53 | Val Max P-Miss: 1.1062 | Val Max Q-Miss: 0.4420 | Val Max Gen Viol: 0.0672 | Val Max Thermal: 0.0000
Epoch 2210 | Val Loss: 381.1266 | Val Cost:   51.73 | Val Max P-Miss: 1.1076 | Val Max Q-Miss: 0.4392 | Val Max Gen Viol: 0.0693 | Val Max Thermal: 0.0000
Epoch 2220 | Val Loss: 339.1520 | Val Cost:   47.02 | Val Max P-Miss: 1.1076 | Val Max Q-Miss: 0.4391 | Val Max Gen Viol: 0.0717 | Val Max Thermal: 0.0000
Epoch 2230 | Val Loss: 312.8273 | Val Cost:   43.45 | Val Max P-Miss: 1.1078 | Val Max Q-Miss: 0.4382 | Val Max Gen Viol: 0.0739 | Val Max Thermal: 0.0000
Epoch 2240 | Val Loss: 345.6371 | Val Cost:   49.44 | Val Max P-Miss: 1.1080 | Val Max Q-Miss: 0.4392 | Val Max Gen Viol: 0.0765 | Val Max Thermal: 0.0000
Epoch 2250 | Val Loss: 347.4818 | Val Cost:   47.05 | Val Max P-Miss: 1.1102 | Val Max Q-Miss: 0.4400 | Val Max Gen Viol: 0.0802 | Val Max Thermal: 0.0000
Epoch 2260 | Val Loss: 320.7726 | Val Cost:   43.39 | Val Max P-Miss: 1.1111 | Val Max Q-Miss: 0.4367 | Val Max Gen Viol: 0.0825 | Val Max Thermal: 0.0000
Epoch 2270 | Val Loss: 390.6096 | Val Cost:   48.36 | Val Max P-Miss: 1.1133 | Val Max Q-Miss: 0.4620 | Val Max Gen Viol: 0.0852 | Val Max Thermal: 0.0000
Epoch 2280 | Val Loss: 377.2498 | Val Cost:   50.22 | Val Max P-Miss: 1.1166 | Val Max Q-Miss: 0.4307 | Val Max Gen Viol: 0.0850 | Val Max Thermal: 0.0000
Epoch 2290 | Val Loss: 373.7302 | Val Cost:   50.52 | Val Max P-Miss: 1.1269 | Val Max Q-Miss: 0.4307 | Val Max Gen Viol: 0.0830 | Val Max Thermal: 0.0000
Epoch 2300 | Val Loss: 361.3921 | Val Cost:   47.44 | Val Max P-Miss: 1.1245 | Val Max Q-Miss: 0.4261 | Val Max Gen Viol: 0.0869 | Val Max Thermal: 0.0000
Epoch 2310 | Val Loss: 327.8409 | Val Cost:   45.64 | Val Max P-Miss: 1.1219 | Val Max Q-Miss: 0.4270 | Val Max Gen Viol: 0.0894 | Val Max Thermal: 0.0000
Epoch 2320 | Val Loss: 298.5026 | Val Cost:   41.76 | Val Max P-Miss: 1.1204 | Val Max Q-Miss: 0.4492 | Val Max Gen Viol: 0.0930 | Val Max Thermal: 0.0000
Epoch 2330 | Val Loss: 301.6294 | Val Cost:   42.66 | Val Max P-Miss: 1.1203 | Val Max Q-Miss: 0.4619 | Val Max Gen Viol: 0.0950 | Val Max Thermal: 0.0000
Epoch 2340 | Val Loss: 360.1590 | Val Cost:   48.07 | Val Max P-Miss: 1.1245 | Val Max Q-Miss: 0.4653 | Val Max Gen Viol: 0.0977 | Val Max Thermal: 0.0000
Epoch 2350 | Val Loss: 313.1822 | Val Cost:   45.34 | Val Max P-Miss: 1.1247 | Val Max Q-Miss: 0.4338 | Val Max Gen Viol: 0.1008 | Val Max Thermal: 0.0000
Epoch 2360 | Val Loss: 315.2048 | Val Cost:   46.56 | Val Max P-Miss: 1.1218 | Val Max Q-Miss: 0.4596 | Val Max Gen Viol: 0.1035 | Val Max Thermal: 0.0000
Epoch 2370 | Val Loss: 295.1820 | Val Cost:   44.19 | Val Max P-Miss: 1.1045 | Val Max Q-Miss: 0.4735 | Val Max Gen Viol: 0.1057 | Val Max Thermal: 0.0000
Epoch 2380 | Val Loss: 359.7087 | Val Cost:   51.71 | Val Max P-Miss: 1.0962 | Val Max Q-Miss: 0.4447 | Val Max Gen Viol: 0.1066 | Val Max Thermal: 0.0000
Epoch 2390 | Val Loss: 325.2403 | Val Cost:   47.47 | Val Max P-Miss: 1.1176 | Val Max Q-Miss: 0.4352 | Val Max Gen Viol: 0.1088 | Val Max Thermal: 0.0000
Epoch 2400 | Val Loss: 2539.9512 | Val Cost:   43.33 | Val Max P-Miss: 1.2437 | Val Max Q-Miss: 3.1505 | Val Max Gen Viol: 1.4341 | Val Max Thermal: 0.8648
Epoch 2410 | Val Loss: 660.9528 | Val Cost: -152.28 | Val Max P-Miss: 1.0750 | Val Max Q-Miss: 0.5076 | Val Max Gen Viol: 0.8940 | Val Max Thermal: 0.0000
Epoch 2420 | Val Loss: 405.3364 | Val Cost:  -56.03 | Val Max P-Miss: 1.1039 | Val Max Q-Miss: 0.4501 | Val Max Gen Viol: 0.0429 | Val Max Thermal: 0.0000
Epoch 2430 | Val Loss: 454.9461 | Val Cost:  -59.62 | Val Max P-Miss: 1.1031 | Val Max Q-Miss: 0.4472 | Val Max Gen Viol: 0.0438 | Val Max Thermal: 0.0000
Epoch 2440 | Val Loss: 509.2094 | Val Cost:  -64.41 | Val Max P-Miss: 1.1026 | Val Max Q-Miss: 0.4478 | Val Max Gen Viol: 0.0456 | Val Max Thermal: 0.0000
Epoch 2450 | Val Loss: 569.9379 | Val Cost:  -69.13 | Val Max P-Miss: 1.1020 | Val Max Q-Miss: 0.4481 | Val Max Gen Viol: 0.1867 | Val Max Thermal: 0.0000
Epoch 2460 | Val Loss: 335.6363 | Val Cost:  -48.47 | Val Max P-Miss: 1.1024 | Val Max Q-Miss: 0.4469 | Val Max Gen Viol: 0.1010 | Val Max Thermal: 0.0000
Epoch 2470 | Val Loss: 383.3329 | Val Cost:  -53.49 | Val Max P-Miss: 1.1017 | Val Max Q-Miss: 0.4477 | Val Max Gen Viol: 0.0882 | Val Max Thermal: 0.0000
Epoch 2480 | Val Loss: 438.5920 | Val Cost:  -58.68 | Val Max P-Miss: 1.1006 | Val Max Q-Miss: 0.4490 | Val Max Gen Viol: 0.0915 | Val Max Thermal: 0.0000
Epoch 2490 | Val Loss: 367.7479 | Val Cost:  -52.07 | Val Max P-Miss: 1.1012 | Val Max Q-Miss: 0.4477 | Val Max Gen Viol: 0.0948 | Val Max Thermal: 0.0000
Epoch 2500 | Val Loss: 374.7535 | Val Cost:  -51.36 | Val Max P-Miss: 1.0988 | Val Max Q-Miss: 0.4517 | Val Max Gen Viol: 0.0976 | Val Max Thermal: 0.0000
Epoch 2510 | Val Loss: 419.6855 | Val Cost:  -56.69 | Val Max P-Miss: 1.0975 | Val Max Q-Miss: 0.4475 | Val Max Gen Viol: 0.1008 | Val Max Thermal: 0.0000
Epoch 2520 | Val Loss: 480.7296 | Val Cost:  -61.05 | Val Max P-Miss: 1.0972 | Val Max Q-Miss: 0.4451 | Val Max Gen Viol: 0.1034 | Val Max Thermal: 0.0000
Epoch 2530 | Val Loss: 352.3464 | Val Cost:  -50.08 | Val Max P-Miss: 1.0939 | Val Max Q-Miss: 0.4482 | Val Max Gen Viol: 0.1024 | Val Max Thermal: 0.0000
Epoch 2540 | Val Loss: 412.3007 | Val Cost:  -55.56 | Val Max P-Miss: 1.0894 | Val Max Q-Miss: 0.4476 | Val Max Gen Viol: 0.1051 | Val Max Thermal: 0.0000
Epoch 2550 | Val Loss: 427.3996 | Val Cost:  -60.11 | Val Max P-Miss: 1.0891 | Val Max Q-Miss: 0.4444 | Val Max Gen Viol: 0.1064 | Val Max Thermal: 0.0000
Epoch 2560 | Val Loss: 379.5824 | Val Cost:  -58.41 | Val Max P-Miss: 1.0963 | Val Max Q-Miss: 0.4449 | Val Max Gen Viol: 0.1075 | Val Max Thermal: 0.0000
Epoch 2570 | Val Loss: 340.7075 | Val Cost:  -57.33 | Val Max P-Miss: 1.1169 | Val Max Q-Miss: 0.4515 | Val Max Gen Viol: 0.1073 | Val Max Thermal: 0.0000
Epoch 2580 | Val Loss: 371.2185 | Val Cost:  -55.30 | Val Max P-Miss: 1.1258 | Val Max Q-Miss: 0.4625 | Val Max Gen Viol: 0.1090 | Val Max Thermal: 0.0000
Epoch 2590 | Val Loss: 400.9908 | Val Cost:  -41.00 | Val Max P-Miss: 1.1325 | Val Max Q-Miss: 0.4679 | Val Max Gen Viol: 0.1095 | Val Max Thermal: 0.0000
Epoch 2600 | Val Loss: 341.8217 | Val Cost:  -37.28 | Val Max P-Miss: 1.0900 | Val Max Q-Miss: 0.4694 | Val Max Gen Viol: 0.1108 | Val Max Thermal: 0.0000
Epoch 2610 | Val Loss: 356.8088 | Val Cost:  -42.26 | Val Max P-Miss: 1.0955 | Val Max Q-Miss: 0.4751 | Val Max Gen Viol: 0.1116 | Val Max Thermal: 0.0000
Epoch 2620 | Val Loss: 381.9000 | Val Cost:  -47.15 | Val Max P-Miss: 1.0922 | Val Max Q-Miss: 0.4749 | Val Max Gen Viol: 0.1120 | Val Max Thermal: 0.0000
Epoch 2630 | Val Loss: 265.1499 | Val Cost:  -35.86 | Val Max P-Miss: 1.0958 | Val Max Q-Miss: 0.4590 | Val Max Gen Viol: 0.1208 | Val Max Thermal: 0.0000
Epoch 2640 | Val Loss: 1444.9380 | Val Cost:  -16.20 | Val Max P-Miss: 1.0660 | Val Max Q-Miss: 1.3399 | Val Max Gen Viol: 1.7945 | Val Max Thermal: 0.0000
Epoch 2650 | Val Loss: 278.3278 | Val Cost:  -36.92 | Val Max P-Miss: 1.0981 | Val Max Q-Miss: 0.4390 | Val Max Gen Viol: 0.0910 | Val Max Thermal: 0.0000
Epoch 2660 | Val Loss: 303.7782 | Val Cost:  -43.86 | Val Max P-Miss: 1.1029 | Val Max Q-Miss: 0.4458 | Val Max Gen Viol: 0.0794 | Val Max Thermal: 0.0000
Epoch 2670 | Val Loss: 339.1542 | Val Cost:  -48.02 | Val Max P-Miss: 1.1029 | Val Max Q-Miss: 0.4467 | Val Max Gen Viol: 0.0799 | Val Max Thermal: 0.0000
Epoch 2680 | Val Loss: 376.8552 | Val Cost:  -51.97 | Val Max P-Miss: 1.1027 | Val Max Q-Miss: 0.4465 | Val Max Gen Viol: 0.0814 | Val Max Thermal: 0.0000
Epoch 2690 | Val Loss: 417.1610 | Val Cost:  -55.95 | Val Max P-Miss: 1.1027 | Val Max Q-Miss: 0.4470 | Val Max Gen Viol: 0.0830 | Val Max Thermal: 0.0000
Epoch 2700 | Val Loss: 264.5041 | Val Cost:  -40.00 | Val Max P-Miss: 1.1030 | Val Max Q-Miss: 0.4469 | Val Max Gen Viol: 0.0841 | Val Max Thermal: 0.0000
Epoch 2710 | Val Loss: 270.3115 | Val Cost:  -40.13 | Val Max P-Miss: 1.1029 | Val Max Q-Miss: 0.4464 | Val Max Gen Viol: 0.0858 | Val Max Thermal: 0.0000
Epoch 2720 | Val Loss: 303.6655 | Val Cost:  -44.11 | Val Max P-Miss: 1.1027 | Val Max Q-Miss: 0.4469 | Val Max Gen Viol: 0.0874 | Val Max Thermal: 0.0000
Epoch 2730 | Val Loss: 337.8318 | Val Cost:  -47.90 | Val Max P-Miss: 1.1026 | Val Max Q-Miss: 0.4473 | Val Max Gen Viol: 0.0892 | Val Max Thermal: 0.0000
Epoch 2740 | Val Loss: 307.1417 | Val Cost:  -41.55 | Val Max P-Miss: 1.1045 | Val Max Q-Miss: 0.4519 | Val Max Gen Viol: 0.0909 | Val Max Thermal: 0.0000
Epoch 2750 | Val Loss: 280.7368 | Val Cost:  -39.59 | Val Max P-Miss: 1.1041 | Val Max Q-Miss: 0.4484 | Val Max Gen Viol: 0.0923 | Val Max Thermal: 0.0000
Epoch 2760 | Val Loss: 298.4008 | Val Cost:  -40.21 | Val Max P-Miss: 1.1048 | Val Max Q-Miss: 0.4509 | Val Max Gen Viol: 0.0942 | Val Max Thermal: 0.0000
Epoch 2770 | Val Loss: 305.6280 | Val Cost:  -38.84 | Val Max P-Miss: 1.1070 | Val Max Q-Miss: 0.4523 | Val Max Gen Viol: 0.0957 | Val Max Thermal: 0.0000
Epoch 2780 | Val Loss: 280.6138 | Val Cost:  -39.55 | Val Max P-Miss: 1.1044 | Val Max Q-Miss: 0.4485 | Val Max Gen Viol: 0.0969 | Val Max Thermal: 0.0000
Epoch 2790 | Val Loss: 306.8200 | Val Cost:  -40.29 | Val Max P-Miss: 1.1055 | Val Max Q-Miss: 0.4530 | Val Max Gen Viol: 0.0987 | Val Max Thermal: 0.0000
Epoch 2800 | Val Loss: 312.8391 | Val Cost:  -37.81 | Val Max P-Miss: 1.1092 | Val Max Q-Miss: 0.4625 | Val Max Gen Viol: 0.1000 | Val Max Thermal: 0.0000
Epoch 2810 | Val Loss: 277.8140 | Val Cost:  -39.31 | Val Max P-Miss: 1.1042 | Val Max Q-Miss: 0.4521 | Val Max Gen Viol: 0.1006 | Val Max Thermal: 0.0000
Epoch 2820 | Val Loss: 309.1238 | Val Cost:  -39.55 | Val Max P-Miss: 1.1063 | Val Max Q-Miss: 0.4680 | Val Max Gen Viol: 0.1021 | Val Max Thermal: 0.0000
Epoch 2830 | Val Loss: 307.6088 | Val Cost:  -38.05 | Val Max P-Miss: 1.1059 | Val Max Q-Miss: 0.4780 | Val Max Gen Viol: 0.1029 | Val Max Thermal: 0.0000
Epoch 2840 | Val Loss: 304.8611 | Val Cost:  -41.95 | Val Max P-Miss: 1.1020 | Val Max Q-Miss: 0.4483 | Val Max Gen Viol: 0.1028 | Val Max Thermal: 0.0000
Epoch 2850 | Val Loss: 316.8350 | Val Cost:  -44.32 | Val Max P-Miss: 1.1014 | Val Max Q-Miss: 0.4481 | Val Max Gen Viol: 0.1040 | Val Max Thermal: 0.0000
Epoch 2860 | Val Loss: 292.3774 | Val Cost:  -41.52 | Val Max P-Miss: 1.1029 | Val Max Q-Miss: 0.4576 | Val Max Gen Viol: 0.1040 | Val Max Thermal: 0.0000
Epoch 2870 | Val Loss: 318.1760 | Val Cost:  -44.63 | Val Max P-Miss: 1.1026 | Val Max Q-Miss: 0.4638 | Val Max Gen Viol: 0.1059 | Val Max Thermal: 0.0000
Epoch 2880 | Val Loss: 348.3460 | Val Cost:  -48.96 | Val Max P-Miss: 1.1018 | Val Max Q-Miss: 0.4596 | Val Max Gen Viol: 0.1070 | Val Max Thermal: 0.0000
Epoch 2890 | Val Loss: 255.4993 | Val Cost:  -37.82 | Val Max P-Miss: 1.1002 | Val Max Q-Miss: 0.4596 | Val Max Gen Viol: 0.1075 | Val Max Thermal: 0.0000
Epoch 2900 | Val Loss: 287.4152 | Val Cost:  -41.63 | Val Max P-Miss: 1.1008 | Val Max Q-Miss: 0.4611 | Val Max Gen Viol: 0.1088 | Val Max Thermal: 0.0000
Epoch 2910 | Val Loss: 323.8555 | Val Cost:  -45.63 | Val Max P-Miss: 1.0994 | Val Max Q-Miss: 0.4606 | Val Max Gen Viol: 0.1096 | Val Max Thermal: 0.0000
Epoch 2920 | Val Loss: 342.7342 | Val Cost:  -44.84 | Val Max P-Miss: 1.0962 | Val Max Q-Miss: 0.3910 | Val Max Gen Viol: 0.1107 | Val Max Thermal: 0.0000
Epoch 2930 | Val Loss: 275.0799 | Val Cost:  -41.06 | Val Max P-Miss: 1.0971 | Val Max Q-Miss: 0.4566 | Val Max Gen Viol: 0.1111 | Val Max Thermal: 0.0000
Epoch 2940 | Val Loss: 1008.8814 | Val Cost:  -39.36 | Val Max P-Miss: 1.1463 | Val Max Q-Miss: 0.7149 | Val Max Gen Viol: 0.1256 | Val Max Thermal: 0.0000
Epoch 2950 | Val Loss: 1989.0977 | Val Cost:  -15.64 | Val Max P-Miss: 1.1167 | Val Max Q-Miss: 0.7059 | Val Max Gen Viol: 0.5972 | Val Max Thermal: 0.0000
Epoch 2960 | Val Loss: 290.6057 | Val Cost:  -41.48 | Val Max P-Miss: 1.1044 | Val Max Q-Miss: 0.4453 | Val Max Gen Viol: 0.0646 | Val Max Thermal: 0.0000
Epoch 2970 | Val Loss: 315.4290 | Val Cost:  -45.24 | Val Max P-Miss: 1.1037 | Val Max Q-Miss: 0.4462 | Val Max Gen Viol: 0.0649 | Val Max Thermal: 0.0000
Epoch 2980 | Val Loss: 346.0895 | Val Cost:  -48.64 | Val Max P-Miss: 1.1035 | Val Max Q-Miss: 0.4466 | Val Max Gen Viol: 0.0666 | Val Max Thermal: 0.0000
Epoch 2990 | Val Loss: 378.7773 | Val Cost:  -52.03 | Val Max P-Miss: 1.1034 | Val Max Q-Miss: 0.4469 | Val Max Gen Viol: 0.0691 | Val Max Thermal: 0.0000
Epoch 3000 | Val Loss: 413.6761 | Val Cost:  -55.40 | Val Max P-Miss: 1.1031 | Val Max Q-Miss: 0.4472 | Val Max Gen Viol: 0.0723 | Val Max Thermal: 0.0000
Epoch 3010 | Val Loss: 436.1803 | Val Cost:  -57.00 | Val Max P-Miss: 1.1029 | Val Max Q-Miss: 0.4474 | Val Max Gen Viol: 0.1588 | Val Max Thermal: 0.0000
Epoch 3020 | Val Loss: 267.2800 | Val Cost:  -39.59 | Val Max P-Miss: 1.1035 | Val Max Q-Miss: 0.4468 | Val Max Gen Viol: 0.0749 | Val Max Thermal: 0.0000
Epoch 3030 | Val Loss: 295.2167 | Val Cost:  -43.21 | Val Max P-Miss: 1.1031 | Val Max Q-Miss: 0.4473 | Val Max Gen Viol: 0.0777 | Val Max Thermal: 0.0000
Epoch 3040 | Val Loss: 326.5804 | Val Cost:  -46.82 | Val Max P-Miss: 1.1027 | Val Max Q-Miss: 0.4477 | Val Max Gen Viol: 0.0813 | Val Max Thermal: 0.0000
Epoch 3050 | Val Loss: 359.2779 | Val Cost:  -50.27 | Val Max P-Miss: 1.1025 | Val Max Q-Miss: 0.4484 | Val Max Gen Viol: 0.0848 | Val Max Thermal: 0.0000
Epoch 3060 | Val Loss: 272.6763 | Val Cost:  -40.02 | Val Max P-Miss: 1.1025 | Val Max Q-Miss: 0.4480 | Val Max Gen Viol: 0.0883 | Val Max Thermal: 0.0000
Epoch 3070 | Val Loss: 303.4381 | Val Cost:  -42.96 | Val Max P-Miss: 1.1018 | Val Max Q-Miss: 0.4489 | Val Max Gen Viol: 0.0915 | Val Max Thermal: 0.0000
Epoch 3080 | Val Loss: 320.5856 | Val Cost:  -45.03 | Val Max P-Miss: 1.1016 | Val Max Q-Miss: 0.4485 | Val Max Gen Viol: 0.0951 | Val Max Thermal: 0.0000
Epoch 3090 | Val Loss: 327.1670 | Val Cost:  -44.22 | Val Max P-Miss: 1.1034 | Val Max Q-Miss: 0.4489 | Val Max Gen Viol: 0.0989 | Val Max Thermal: 0.0000
Epoch 3100 | Val Loss: 300.3614 | Val Cost:  -42.46 | Val Max P-Miss: 1.1030 | Val Max Q-Miss: 0.4589 | Val Max Gen Viol: 0.1011 | Val Max Thermal: 0.0000
Epoch 3110 | Val Loss: 319.4254 | Val Cost:  -44.46 | Val Max P-Miss: 1.1022 | Val Max Q-Miss: 0.4715 | Val Max Gen Viol: 0.1030 | Val Max Thermal: 0.0000
Epoch 3120 | Val Loss: 335.6122 | Val Cost:  -45.49 | Val Max P-Miss: 1.1017 | Val Max Q-Miss: 0.4535 | Val Max Gen Viol: 0.1052 | Val Max Thermal: 0.0000
Epoch 3130 | Val Loss: 254.7568 | Val Cost:  -39.13 | Val Max P-Miss: 1.1000 | Val Max Q-Miss: 0.4441 | Val Max Gen Viol: 0.1078 | Val Max Thermal: 0.0000
Epoch 3140 | Val Loss: 294.0420 | Val Cost:  -41.77 | Val Max P-Miss: 1.0961 | Val Max Q-Miss: 0.4628 | Val Max Gen Viol: 0.1047 | Val Max Thermal: 0.0000
Epoch 3150 | Val Loss: 329.4129 | Val Cost:  -45.07 | Val Max P-Miss: 1.0935 | Val Max Q-Miss: 0.4654 | Val Max Gen Viol: 0.1069 | Val Max Thermal: 0.0000
Epoch 3160 | Val Loss: 313.6807 | Val Cost:  -45.97 | Val Max P-Miss: 1.1054 | Val Max Q-Miss: 0.4666 | Val Max Gen Viol: 0.1082 | Val Max Thermal: 0.0000
Epoch 3170 | Val Loss: 267.2816 | Val Cost:  -45.85 | Val Max P-Miss: 1.1187 | Val Max Q-Miss: 0.4567 | Val Max Gen Viol: 0.1091 | Val Max Thermal: 0.0000
Epoch 3180 | Val Loss: 290.8882 | Val Cost:  -51.63 | Val Max P-Miss: 1.1126 | Val Max Q-Miss: 0.4681 | Val Max Gen Viol: 0.1110 | Val Max Thermal: 0.0000
Epoch 3190 | Val Loss: 304.3438 | Val Cost:  -48.65 | Val Max P-Miss: 1.1038 | Val Max Q-Miss: 0.4675 | Val Max Gen Viol: 0.1112 | Val Max Thermal: 0.0000
Epoch 3200 | Val Loss: 255.3670 | Val Cost:  -32.12 | Val Max P-Miss: 1.1062 | Val Max Q-Miss: 0.4338 | Val Max Gen Viol: 0.1097 | Val Max Thermal: 0.0000
Epoch 3210 | Val Loss: 280.1233 | Val Cost:  -33.29 | Val Max P-Miss: 1.1127 | Val Max Q-Miss: 0.4457 | Val Max Gen Viol: 0.1110 | Val Max Thermal: 0.0000
Epoch 3220 | Val Loss: 292.0632 | Val Cost:  -38.09 | Val Max P-Miss: 1.1142 | Val Max Q-Miss: 0.4540 | Val Max Gen Viol: 0.1117 | Val Max Thermal: 0.0000
Epoch 3230 | Val Loss: 306.6602 | Val Cost:  -31.12 | Val Max P-Miss: 1.0991 | Val Max Q-Miss: 0.4549 | Val Max Gen Viol: 0.1116 | Val Max Thermal: 0.0000
Epoch 3240 | Val Loss: 541.1451 | Val Cost:  -77.61 | Val Max P-Miss: 1.0666 | Val Max Q-Miss: 0.5334 | Val Max Gen Viol: 0.2218 | Val Max Thermal: 0.0000
Epoch 3250 | Val Loss: 240.2058 | Val Cost:  -32.51 | Val Max P-Miss: 1.1046 | Val Max Q-Miss: 0.4452 | Val Max Gen Viol: 0.0719 | Val Max Thermal: 0.0000
Epoch 3260 | Val Loss: 263.9743 | Val Cost:  -38.68 | Val Max P-Miss: 1.1039 | Val Max Q-Miss: 0.4451 | Val Max Gen Viol: 0.0739 | Val Max Thermal: 0.0000
Epoch 3270 | Val Loss: 292.1667 | Val Cost:  -42.33 | Val Max P-Miss: 1.1037 | Val Max Q-Miss: 0.4451 | Val Max Gen Viol: 0.0782 | Val Max Thermal: 0.0000
Epoch 3280 | Val Loss: 323.0773 | Val Cost:  -45.88 | Val Max P-Miss: 1.1035 | Val Max Q-Miss: 0.4446 | Val Max Gen Viol: 0.0843 | Val Max Thermal: 0.0000
Epoch 3290 | Val Loss: 364.2747 | Val Cost:  -49.31 | Val Max P-Miss: 1.1035 | Val Max Q-Miss: 0.4441 | Val Max Gen Viol: 0.0910 | Val Max Thermal: 0.0000
Epoch 3300 | Val Loss: 213.7905 | Val Cost:  -31.66 | Val Max P-Miss: 1.1038 | Val Max Q-Miss: 0.4433 | Val Max Gen Viol: 0.0962 | Val Max Thermal: 0.0000 [*SAVED BEST*]
Epoch 3310 | Val Loss: 237.8420 | Val Cost:  -35.22 | Val Max P-Miss: 1.1036 | Val Max Q-Miss: 0.4423 | Val Max Gen Viol: 0.1040 | Val Max Thermal: 0.0000
Epoch 3320 | Val Loss: 264.4876 | Val Cost:  -38.82 | Val Max P-Miss: 1.1035 | Val Max Q-Miss: 0.4419 | Val Max Gen Viol: 0.1121 | Val Max Thermal: 0.0000
Epoch 3330 | Val Loss: 293.1329 | Val Cost:  -42.34 | Val Max P-Miss: 1.1032 | Val Max Q-Miss: 0.4410 | Val Max Gen Viol: 0.1220 | Val Max Thermal: 0.0000
Epoch 3340 | Val Loss: 241.0356 | Val Cost:  -34.78 | Val Max P-Miss: 1.1040 | Val Max Q-Miss: 0.4440 | Val Max Gen Viol: 0.1260 | Val Max Thermal: 0.0000
Epoch 3350 | Val Loss: 241.9982 | Val Cost:  -35.21 | Val Max P-Miss: 1.1036 | Val Max Q-Miss: 0.4394 | Val Max Gen Viol: 0.1408 | Val Max Thermal: 0.0000
Epoch 3360 | Val Loss: 261.2545 | Val Cost:  -38.10 | Val Max P-Miss: 1.1032 | Val Max Q-Miss: 0.4394 | Val Max Gen Viol: 0.1500 | Val Max Thermal: 0.0000
Epoch 3370 | Val Loss: 258.6480 | Val Cost:  -37.29 | Val Max P-Miss: 1.1034 | Val Max Q-Miss: 0.4440 | Val Max Gen Viol: 0.1587 | Val Max Thermal: 0.0000
Epoch 3380 | Val Loss: 291.5742 | Val Cost:  -40.77 | Val Max P-Miss: 1.1035 | Val Max Q-Miss: 0.4465 | Val Max Gen Viol: 0.1590 | Val Max Thermal: 0.0000
Epoch 3390 | Val Loss: 309.1675 | Val Cost:  -39.30 | Val Max P-Miss: 1.1048 | Val Max Q-Miss: 0.4524 | Val Max Gen Viol: 0.1729 | Val Max Thermal: 0.0000
Epoch 3400 | Val Loss: 232.9796 | Val Cost:  -34.12 | Val Max P-Miss: 1.1026 | Val Max Q-Miss: 0.4426 | Val Max Gen Viol: 0.1770 | Val Max Thermal: 0.0000
Epoch 3410 | Val Loss: 253.2614 | Val Cost:  -36.83 | Val Max P-Miss: 1.1025 | Val Max Q-Miss: 0.4429 | Val Max Gen Viol: 0.1868 | Val Max Thermal: 0.0000
Epoch 3420 | Val Loss: 273.3284 | Val Cost:  -39.09 | Val Max P-Miss: 1.1026 | Val Max Q-Miss: 0.4465 | Val Max Gen Viol: 0.1921 | Val Max Thermal: 0.0000
Epoch 3430 | Val Loss: 261.5780 | Val Cost:  -39.40 | Val Max P-Miss: 1.1007 | Val Max Q-Miss: 0.4501 | Val Max Gen Viol: 0.1978 | Val Max Thermal: 0.0000
Epoch 3440 | Val Loss: 225.3376 | Val Cost:  -35.57 | Val Max P-Miss: 1.1003 | Val Max Q-Miss: 0.4436 | Val Max Gen Viol: 0.2030 | Val Max Thermal: 0.0000
Epoch 3450 | Val Loss: 231.0035 | Val Cost:  -37.19 | Val Max P-Miss: 1.0992 | Val Max Q-Miss: 0.4485 | Val Max Gen Viol: 0.2066 | Val Max Thermal: 0.0000
Epoch 3460 | Val Loss: 268.7326 | Val Cost:  -40.71 | Val Max P-Miss: 1.0979 | Val Max Q-Miss: 0.4885 | Val Max Gen Viol: 0.1874 | Val Max Thermal: 0.0000
Epoch 3470 | Val Loss: 234.2257 | Val Cost:  -47.03 | Val Max P-Miss: 1.0935 | Val Max Q-Miss: 0.4454 | Val Max Gen Viol: 0.2141 | Val Max Thermal: 0.0000
Epoch 3480 | Val Loss: 264.0478 | Val Cost:  -51.55 | Val Max P-Miss: 1.0951 | Val Max Q-Miss: 0.4508 | Val Max Gen Viol: 0.2155 | Val Max Thermal: 0.0000
Epoch 3490 | Val Loss: 6193.0015 | Val Cost:   97.56 | Val Max P-Miss: 3.2446 | Val Max Q-Miss: 4.8740 | Val Max Gen Viol: 0.3368 | Val Max Thermal: 7.8243
Epoch 3500 | Val Loss: 542.2896 | Val Cost:   33.30 | Val Max P-Miss: 1.1327 | Val Max Q-Miss: 0.6662 | Val Max Gen Viol: 0.0912 | Val Max Thermal: 0.0000
Epoch 3510 | Val Loss: 217.7014 | Val Cost:   32.37 | Val Max P-Miss: 1.1055 | Val Max Q-Miss: 0.4417 | Val Max Gen Viol: 0.0655 | Val Max Thermal: 0.0000
Epoch 3520 | Val Loss: 194.0271 | Val Cost:   28.81 | Val Max P-Miss: 1.1056 | Val Max Q-Miss: 0.4420 | Val Max Gen Viol: 0.0759 | Val Max Thermal: 0.0000 [*SAVED BEST*]
Epoch 3530 | Val Loss: 174.6862 | Val Cost:   25.26 | Val Max P-Miss: 1.1055 | Val Max Q-Miss: 0.4416 | Val Max Gen Viol: 0.0813 | Val Max Thermal: 0.0000 [*SAVED BEST*]
Epoch 3540 | Val Loss: 158.1842 | Val Cost:   21.69 | Val Max P-Miss: 1.1054 | Val Max Q-Miss: 0.4416 | Val Max Gen Viol: 0.0870 | Val Max Thermal: 0.0000 [*SAVED BEST*]
Epoch 3550 | Val Loss: 144.2833 | Val Cost:   18.15 | Val Max P-Miss: 1.1053 | Val Max Q-Miss: 0.4416 | Val Max Gen Viol: 0.0944 | Val Max Thermal: 0.0000 [*SAVED BEST*]
Epoch 3560 | Val Loss: 228.8268 | Val Cost:   34.59 | Val Max P-Miss: 1.1060 | Val Max Q-Miss: 0.4407 | Val Max Gen Viol: 0.1009 | Val Max Thermal: 0.0000
Epoch 3570 | Val Loss: 207.2283 | Val Cost:   31.34 | Val Max P-Miss: 1.1059 | Val Max Q-Miss: 0.4404 | Val Max Gen Viol: 0.1111 | Val Max Thermal: 0.0000
Epoch 3580 | Val Loss: 186.3358 | Val Cost:   27.69 | Val Max P-Miss: 1.1058 | Val Max Q-Miss: 0.4402 | Val Max Gen Viol: 0.1204 | Val Max Thermal: 0.0000
Epoch 3590 | Val Loss: 168.0903 | Val Cost:   24.08 | Val Max P-Miss: 1.1056 | Val Max Q-Miss: 0.4400 | Val Max Gen Viol: 0.1299 | Val Max Thermal: 0.0000
Epoch 3600 | Val Loss: 192.5107 | Val Cost:   26.35 | Val Max P-Miss: 1.1054 | Val Max Q-Miss: 0.4486 | Val Max Gen Viol: 0.1377 | Val Max Thermal: 0.0000
Epoch 3610 | Val Loss: 204.3896 | Val Cost:   30.28 | Val Max P-Miss: 1.1064 | Val Max Q-Miss: 0.4378 | Val Max Gen Viol: 0.1450 | Val Max Thermal: 0.0000
Epoch 3620 | Val Loss: 185.2851 | Val Cost:   26.99 | Val Max P-Miss: 1.1062 | Val Max Q-Miss: 0.4390 | Val Max Gen Viol: 0.1502 | Val Max Thermal: 0.0000
Epoch 3630 | Val Loss: 190.1865 | Val Cost:   28.15 | Val Max P-Miss: 1.1061 | Val Max Q-Miss: 0.4477 | Val Max Gen Viol: 0.1589 | Val Max Thermal: 0.0000
Epoch 3640 | Val Loss: 215.5704 | Val Cost:   30.04 | Val Max P-Miss: 1.1069 | Val Max Q-Miss: 0.4545 | Val Max Gen Viol: 0.1600 | Val Max Thermal: 0.0000
Epoch 3650 | Val Loss: 260.7205 | Val Cost:   29.37 | Val Max P-Miss: 1.1074 | Val Max Q-Miss: 0.4455 | Val Max Gen Viol: 0.1466 | Val Max Thermal: 0.0000
Epoch 3660 | Val Loss: 206.2749 | Val Cost:   31.46 | Val Max P-Miss: 1.1068 | Val Max Q-Miss: 0.4408 | Val Max Gen Viol: 0.1538 | Val Max Thermal: 0.0000
Epoch 3670 | Val Loss: 198.9757 | Val Cost:   28.55 | Val Max P-Miss: 1.1071 | Val Max Q-Miss: 0.4399 | Val Max Gen Viol: 0.1563 | Val Max Thermal: 0.0000
Epoch 3680 | Val Loss: 180.9550 | Val Cost:   26.27 | Val Max P-Miss: 1.1068 | Val Max Q-Miss: 0.4404 | Val Max Gen Viol: 0.1609 | Val Max Thermal: 0.0000
Epoch 3690 | Val Loss: 201.4034 | Val Cost:   30.30 | Val Max P-Miss: 1.1075 | Val Max Q-Miss: 0.4442 | Val Max Gen Viol: 0.1778 | Val Max Thermal: 0.0000
Epoch 3700 | Val Loss: 196.9591 | Val Cost:   29.15 | Val Max P-Miss: 1.1087 | Val Max Q-Miss: 0.4497 | Val Max Gen Viol: 0.1746 | Val Max Thermal: 0.0000
Epoch 3710 | Val Loss: 235.0442 | Val Cost:   33.31 | Val Max P-Miss: 1.1134 | Val Max Q-Miss: 0.4779 | Val Max Gen Viol: 0.1584 | Val Max Thermal: 0.0000
Epoch 3720 | Val Loss: 304.3989 | Val Cost:   30.22 | Val Max P-Miss: 1.1027 | Val Max Q-Miss: 0.4403 | Val Max Gen Viol: 0.1326 | Val Max Thermal: 0.0000
Epoch 3730 | Val Loss: 210.2543 | Val Cost:   35.25 | Val Max P-Miss: 1.0920 | Val Max Q-Miss: 0.4368 | Val Max Gen Viol: 0.1463 | Val Max Thermal: 0.0000
Epoch 3740 | Val Loss: 209.1275 | Val Cost:   33.31 | Val Max P-Miss: 1.0819 | Val Max Q-Miss: 0.4353 | Val Max Gen Viol: 0.1573 | Val Max Thermal: 0.0000
Epoch 3750 | Val Loss: 213.3304 | Val Cost:   39.41 | Val Max P-Miss: 1.0940 | Val Max Q-Miss: 0.4340 | Val Max Gen Viol: 0.1577 | Val Max Thermal: 0.0000
Epoch 3760 | Val Loss: 203.0968 | Val Cost:   42.60 | Val Max P-Miss: 1.0997 | Val Max Q-Miss: 0.4365 | Val Max Gen Viol: 0.1555 | Val Max Thermal: 0.0000
Epoch 3770 | Val Loss: 213.9224 | Val Cost:   38.14 | Val Max P-Miss: 1.0830 | Val Max Q-Miss: 0.4497 | Val Max Gen Viol: 0.1634 | Val Max Thermal: 0.0000
Epoch 3780 | Val Loss: 204.3115 | Val Cost:   36.98 | Val Max P-Miss: 1.0875 | Val Max Q-Miss: 0.4518 | Val Max Gen Viol: 0.1886 | Val Max Thermal: 0.0000
Epoch 3790 | Val Loss: 185.3013 | Val Cost:   35.58 | Val Max P-Miss: 1.0962 | Val Max Q-Miss: 0.4447 | Val Max Gen Viol: 0.2071 | Val Max Thermal: 0.0000
Epoch 3800 | Val Loss: 195.6047 | Val Cost:   37.61 | Val Max P-Miss: 1.0709 | Val Max Q-Miss: 0.4414 | Val Max Gen Viol: 0.2177 | Val Max Thermal: 0.0000
Epoch 3810 | Val Loss: 181.7290 | Val Cost:   31.41 | Val Max P-Miss: 1.1133 | Val Max Q-Miss: 0.4419 | Val Max Gen Viol: 0.2228 | Val Max Thermal: 0.0000
Epoch 3820 | Val Loss: 1966.4242 | Val Cost:  106.32 | Val Max P-Miss: 1.2238 | Val Max Q-Miss: 1.3779 | Val Max Gen Viol: 0.1467 | Val Max Thermal: 0.0000
Epoch 3830 | Val Loss: 708.3337 | Val Cost:  -60.31 | Val Max P-Miss: 1.1177 | Val Max Q-Miss: 0.5221 | Val Max Gen Viol: 0.2984 | Val Max Thermal: 0.0000
Epoch 3840 | Val Loss: 181.4153 | Val Cost:   26.51 | Val Max P-Miss: 1.1039 | Val Max Q-Miss: 0.4433 | Val Max Gen Viol: 0.0913 | Val Max Thermal: 0.0000
Epoch 3850 | Val Loss: 167.3676 | Val Cost:   23.49 | Val Max P-Miss: 1.1044 | Val Max Q-Miss: 0.4416 | Val Max Gen Viol: 0.1083 | Val Max Thermal: 0.0000
Epoch 3860 | Val Loss: 154.5198 | Val Cost:   20.66 | Val Max P-Miss: 1.1046 | Val Max Q-Miss: 0.4409 | Val Max Gen Viol: 0.1186 | Val Max Thermal: 0.0000
Epoch 3870 | Val Loss: 217.7791 | Val Cost:   32.57 | Val Max P-Miss: 1.0975 | Val Max Q-Miss: 0.4404 | Val Max Gen Viol: 0.1299 | Val Max Thermal: 0.0000
Epoch 3880 | Val Loss: 206.6044 | Val Cost:   30.99 | Val Max P-Miss: 1.1030 | Val Max Q-Miss: 0.4395 | Val Max Gen Viol: 0.1414 | Val Max Thermal: 0.0000
Epoch 3890 | Val Loss: 188.3495 | Val Cost:   27.89 | Val Max P-Miss: 1.1037 | Val Max Q-Miss: 0.4389 | Val Max Gen Viol: 0.1532 | Val Max Thermal: 0.0000
Epoch 3900 | Val Loss: 171.8339 | Val Cost:   24.71 | Val Max P-Miss: 1.1041 | Val Max Q-Miss: 0.4383 | Val Max Gen Viol: 0.1643 | Val Max Thermal: 0.0000
Epoch 3910 | Val Loss: 157.0557 | Val Cost:   21.56 | Val Max P-Miss: 1.1044 | Val Max Q-Miss: 0.4397 | Val Max Gen Viol: 0.1732 | Val Max Thermal: 0.0000
Epoch 3920 | Val Loss: 197.7478 | Val Cost:   29.59 | Val Max P-Miss: 1.1029 | Val Max Q-Miss: 0.4362 | Val Max Gen Viol: 0.1805 | Val Max Thermal: 0.0000
Epoch 3930 | Val Loss: 180.9902 | Val Cost:   26.51 | Val Max P-Miss: 1.1042 | Val Max Q-Miss: 0.4355 | Val Max Gen Viol: 0.1861 | Val Max Thermal: 0.0000
Epoch 3940 | Val Loss: 167.6523 | Val Cost:   23.48 | Val Max P-Miss: 1.1171 | Val Max Q-Miss: 0.4446 | Val Max Gen Viol: 0.1898 | Val Max Thermal: 0.0000
Epoch 3950 | Val Loss: 212.7731 | Val Cost:   31.56 | Val Max P-Miss: 1.1027 | Val Max Q-Miss: 0.4500 | Val Max Gen Viol: 0.1912 | Val Max Thermal: 0.0000
Epoch 3960 | Val Loss: 198.1388 | Val Cost:   28.37 | Val Max P-Miss: 1.1042 | Val Max Q-Miss: 0.4553 | Val Max Gen Viol: 0.1911 | Val Max Thermal: 0.0000
Epoch 3970 | Val Loss: 190.9983 | Val Cost:   26.02 | Val Max P-Miss: 1.1045 | Val Max Q-Miss: 0.4712 | Val Max Gen Viol: 0.1936 | Val Max Thermal: 0.0000
Epoch 3980 | Val Loss: 178.2603 | Val Cost:   25.34 | Val Max P-Miss: 1.1041 | Val Max Q-Miss: 0.4372 | Val Max Gen Viol: 0.1979 | Val Max Thermal: 0.0000
Epoch 3990 | Val Loss: 214.4097 | Val Cost:   32.05 | Val Max P-Miss: 1.1073 | Val Max Q-Miss: 0.4344 | Val Max Gen Viol: 0.2037 | Val Max Thermal: 0.0000
Epoch 4000 | Val Loss: 193.8698 | Val Cost:   28.70 | Val Max P-Miss: 1.1040 | Val Max Q-Miss: 0.4356 | Val Max Gen Viol: 0.2044 | Val Max Thermal: 0.0000
Epoch 4010 | Val Loss: 188.7617 | Val Cost:   28.20 | Val Max P-Miss: 1.1042 | Val Max Q-Miss: 0.4346 | Val Max Gen Viol: 0.2078 | Val Max Thermal: 0.0000
Epoch 4020 | Val Loss: 190.2072 | Val Cost:   27.87 | Val Max P-Miss: 1.1048 | Val Max Q-Miss: 0.4350 | Val Max Gen Viol: 0.2214 | Val Max Thermal: 0.0000
Epoch 4030 | Val Loss: 187.8220 | Val Cost:   25.15 | Val Max P-Miss: 1.1365 | Val Max Q-Miss: 0.4423 | Val Max Gen Viol: 0.2256 | Val Max Thermal: 0.0000
Epoch 4040 | Val Loss: 196.9602 | Val Cost:   30.38 | Val Max P-Miss: 1.1041 | Val Max Q-Miss: 0.4480 | Val Max Gen Viol: 0.2324 | Val Max Thermal: 0.0000
Epoch 4050 | Val Loss: 183.6431 | Val Cost:   28.13 | Val Max P-Miss: 1.1038 | Val Max Q-Miss: 0.4491 | Val Max Gen Viol: 0.2383 | Val Max Thermal: 0.0000
Epoch 4060 | Val Loss: 176.0862 | Val Cost:   26.61 | Val Max P-Miss: 1.1042 | Val Max Q-Miss: 0.4493 | Val Max Gen Viol: 0.2439 | Val Max Thermal: 0.0000
Epoch 4070 | Val Loss: 430.2825 | Val Cost:   25.46 | Val Max P-Miss: 1.1340 | Val Max Q-Miss: 0.6034 | Val Max Gen Viol: 0.1020 | Val Max Thermal: 0.0000
Epoch 4080 | Val Loss: 190.2284 | Val Cost:   29.62 | Val Max P-Miss: 1.1026 | Val Max Q-Miss: 0.4423 | Val Max Gen Viol: 0.1930 | Val Max Thermal: 0.0000
Epoch 4090 | Val Loss: 175.7971 | Val Cost:   27.37 | Val Max P-Miss: 1.1038 | Val Max Q-Miss: 0.4428 | Val Max Gen Viol: 0.2243 | Val Max Thermal: 0.0000
Epoch 4100 | Val Loss: 175.7921 | Val Cost:   28.57 | Val Max P-Miss: 1.1040 | Val Max Q-Miss: 0.4424 | Val Max Gen Viol: 0.2431 | Val Max Thermal: 0.0000
Epoch 4110 | Val Loss: 161.5328 | Val Cost:   19.08 | Val Max P-Miss: 1.1040 | Val Max Q-Miss: 0.4435 | Val Max Gen Viol: 0.2493 | Val Max Thermal: 0.0000
Epoch 4120 | Val Loss: 1794.3270 | Val Cost:  -21.32 | Val Max P-Miss: 1.1227 | Val Max Q-Miss: 0.7408 | Val Max Gen Viol: 0.2774 | Val Max Thermal: 0.0000
Epoch 4130 | Val Loss: 179.2057 | Val Cost:    8.28 | Val Max P-Miss: 1.1055 | Val Max Q-Miss: 0.4456 | Val Max Gen Viol: 0.1120 | Val Max Thermal: 0.0000
Epoch 4140 | Val Loss: 161.9598 | Val Cost:   20.85 | Val Max P-Miss: 1.1065 | Val Max Q-Miss: 0.4450 | Val Max Gen Viol: 0.1020 | Val Max Thermal: 0.0000
Epoch 4150 | Val Loss: 150.6640 | Val Cost:   19.36 | Val Max P-Miss: 1.1064 | Val Max Q-Miss: 0.4450 | Val Max Gen Viol: 0.1064 | Val Max Thermal: 0.0000
Epoch 4160 | Val Loss: 236.9240 | Val Cost:   30.22 | Val Max P-Miss: 1.1117 | Val Max Q-Miss: 0.5361 | Val Max Gen Viol: 0.1017 | Val Max Thermal: 0.0000
Epoch 4170 | Val Loss: 231.0628 | Val Cost:   34.45 | Val Max P-Miss: 1.1071 | Val Max Q-Miss: 0.4443 | Val Max Gen Viol: 0.1164 | Val Max Thermal: 0.0000
Epoch 4180 | Val Loss: 211.8607 | Val Cost:   31.68 | Val Max P-Miss: 1.1070 | Val Max Q-Miss: 0.4433 | Val Max Gen Viol: 0.1505 | Val Max Thermal: 0.0000
Epoch 4190 | Val Loss: 194.5405 | Val Cost:   28.94 | Val Max P-Miss: 1.1069 | Val Max Q-Miss: 0.4422 | Val Max Gen Viol: 0.1812 | Val Max Thermal: 0.0000
Epoch 4200 | Val Loss: 178.9697 | Val Cost:   26.22 | Val Max P-Miss: 1.1068 | Val Max Q-Miss: 0.4411 | Val Max Gen Viol: 0.2086 | Val Max Thermal: 0.0000
Epoch 4210 | Val Loss: 165.2244 | Val Cost:   23.50 | Val Max P-Miss: 1.1068 | Val Max Q-Miss: 0.4402 | Val Max Gen Viol: 0.2264 | Val Max Thermal: 0.0000
Epoch 4220 | Val Loss: 216.2096 | Val Cost:   32.74 | Val Max P-Miss: 1.1073 | Val Max Q-Miss: 0.4401 | Val Max Gen Viol: 0.1928 | Val Max Thermal: 0.0000
Epoch 4230 | Val Loss: 202.5910 | Val Cost:   30.63 | Val Max P-Miss: 1.1074 | Val Max Q-Miss: 0.4387 | Val Max Gen Viol: 0.2366 | Val Max Thermal: 0.0000
Epoch 4240 | Val Loss: 187.0480 | Val Cost:   27.84 | Val Max P-Miss: 1.1075 | Val Max Q-Miss: 0.4385 | Val Max Gen Viol: 0.2417 | Val Max Thermal: 0.0000
Epoch 4250 | Val Loss: 174.7458 | Val Cost:   25.33 | Val Max P-Miss: 1.1076 | Val Max Q-Miss: 0.4383 | Val Max Gen Viol: 0.2457 | Val Max Thermal: 0.0000
Epoch 4260 | Val Loss: 200.4321 | Val Cost:   30.46 | Val Max P-Miss: 1.1077 | Val Max Q-Miss: 0.4382 | Val Max Gen Viol: 0.2503 | Val Max Thermal: 0.0000
Epoch 4270 | Val Loss: 205.2775 | Val Cost:   31.10 | Val Max P-Miss: 1.1082 | Val Max Q-Miss: 0.4375 | Val Max Gen Viol: 0.2566 | Val Max Thermal: 0.0000
Epoch 4280 | Val Loss: 202.0687 | Val Cost:   29.89 | Val Max P-Miss: 1.1071 | Val Max Q-Miss: 0.4399 | Val Max Gen Viol: 0.2544 | Val Max Thermal: 0.0000
Epoch 4290 | Val Loss: 187.4349 | Val Cost:   26.60 | Val Max P-Miss: 1.1072 | Val Max Q-Miss: 0.4400 | Val Max Gen Viol: 0.2517 | Val Max Thermal: 0.0000
Epoch 4300 | Val Loss: 168.6470 | Val Cost:   23.52 | Val Max P-Miss: 1.1074 | Val Max Q-Miss: 0.4386 | Val Max Gen Viol: 0.2588 | Val Max Thermal: 0.0000
Epoch 4310 | Val Loss: 206.5415 | Val Cost:   30.11 | Val Max P-Miss: 1.1136 | Val Max Q-Miss: 0.4285 | Val Max Gen Viol: 0.2734 | Val Max Thermal: 0.0000
Epoch 4320 | Val Loss: 195.6302 | Val Cost:   29.85 | Val Max P-Miss: 1.1098 | Val Max Q-Miss: 0.4372 | Val Max Gen Viol: 0.2866 | Val Max Thermal: 0.0000
Epoch 4330 | Val Loss: 176.9197 | Val Cost:   26.71 | Val Max P-Miss: 1.1106 | Val Max Q-Miss: 0.4350 | Val Max Gen Viol: 0.3107 | Val Max Thermal: 0.0000
Epoch 4340 | Val Loss: 170.0398 | Val Cost:   24.89 | Val Max P-Miss: 1.1048 | Val Max Q-Miss: 0.4583 | Val Max Gen Viol: 0.3251 | Val Max Thermal: 0.0000
Epoch 4350 | Val Loss: 200.8890 | Val Cost:   31.27 | Val Max P-Miss: 1.1143 | Val Max Q-Miss: 0.4325 | Val Max Gen Viol: 0.3536 | Val Max Thermal: 0.0000
Epoch 4360 | Val Loss: 182.1901 | Val Cost:   27.61 | Val Max P-Miss: 1.1129 | Val Max Q-Miss: 0.4289 | Val Max Gen Viol: 0.3567 | Val Max Thermal: 0.0000
Epoch 4370 | Val Loss: 965.0015 | Val Cost:   72.96 | Val Max P-Miss: 1.1701 | Val Max Q-Miss: 1.0110 | Val Max Gen Viol: 0.0783 | Val Max Thermal: 0.0000
Epoch 4380 | Val Loss: 188.6966 | Val Cost:   30.13 | Val Max P-Miss: 1.1084 | Val Max Q-Miss: 0.4436 | Val Max Gen Viol: 0.0986 | Val Max Thermal: 0.0000
Epoch 4390 | Val Loss: 175.4691 | Val Cost:   25.93 | Val Max P-Miss: 1.1071 | Val Max Q-Miss: 0.4430 | Val Max Gen Viol: 0.0958 | Val Max Thermal: 0.0000
Epoch 4400 | Val Loss: 163.5683 | Val Cost:   23.62 | Val Max P-Miss: 1.1071 | Val Max Q-Miss: 0.4423 | Val Max Gen Viol: 0.0981 | Val Max Thermal: 0.0000
Epoch 4410 | Val Loss: 205.2710 | Val Cost:   34.11 | Val Max P-Miss: 1.1076 | Val Max Q-Miss: 0.4475 | Val Max Gen Viol: 0.0999 | Val Max Thermal: 0.0000
Epoch 4420 | Val Loss: 194.6090 | Val Cost:   29.17 | Val Max P-Miss: 1.1075 | Val Max Q-Miss: 0.4428 | Val Max Gen Viol: 0.1020 | Val Max Thermal: 0.0000
Epoch 4430 | Val Loss: 180.5120 | Val Cost:   26.48 | Val Max P-Miss: 1.1076 | Val Max Q-Miss: 0.4422 | Val Max Gen Viol: 0.1036 | Val Max Thermal: 0.0000
Epoch 4440 | Val Loss: 167.7269 | Val Cost:   24.02 | Val Max P-Miss: 1.1076 | Val Max Q-Miss: 0.4413 | Val Max Gen Viol: 0.1052 | Val Max Thermal: 0.0000
Epoch 4450 | Val Loss: 198.4119 | Val Cost:   28.64 | Val Max P-Miss: 1.1091 | Val Max Q-Miss: 0.4102 | Val Max Gen Viol: 0.1063 | Val Max Thermal: 0.0000
Epoch 4460 | Val Loss: 189.7295 | Val Cost:   29.44 | Val Max P-Miss: 1.1086 | Val Max Q-Miss: 0.4430 | Val Max Gen Viol: 0.1076 | Val Max Thermal: 0.0000
Epoch 4470 | Val Loss: 175.7201 | Val Cost:   27.29 | Val Max P-Miss: 1.1088 | Val Max Q-Miss: 0.4427 | Val Max Gen Viol: 0.1084 | Val Max Thermal: 0.0000
Epoch 4480 | Val Loss: 164.6127 | Val Cost:   14.94 | Val Max P-Miss: 1.1095 | Val Max Q-Miss: 0.4418 | Val Max Gen Viol: 0.1088 | Val Max Thermal: 0.0000
Epoch 4490 | Val Loss: 206.3038 | Val Cost:   33.51 | Val Max P-Miss: 1.1130 | Val Max Q-Miss: 0.4403 | Val Max Gen Viol: 0.1099 | Val Max Thermal: 0.0000
Epoch 4500 | Val Loss: 194.9411 | Val Cost:   28.50 | Val Max P-Miss: 1.1142 | Val Max Q-Miss: 0.4380 | Val Max Gen Viol: 0.1101 | Val Max Thermal: 0.0000
Epoch 4510 | Val Loss: 188.8064 | Val Cost:   31.01 | Val Max P-Miss: 1.1142 | Val Max Q-Miss: 0.4416 | Val Max Gen Viol: 0.1103 | Val Max Thermal: 0.0000
Epoch 4520 | Val Loss: 196.4713 | Val Cost:   35.88 | Val Max P-Miss: 1.1083 | Val Max Q-Miss: 0.4541 | Val Max Gen Viol: 0.1112 | Val Max Thermal: 0.0000
Epoch 4530 | Val Loss: 191.6179 | Val Cost:   20.85 | Val Max P-Miss: 1.0966 | Val Max Q-Miss: 0.4516 | Val Max Gen Viol: 0.1110 | Val Max Thermal: 0.0000
Epoch 4540 | Val Loss: 183.3340 | Val Cost:   21.83 | Val Max P-Miss: 1.0986 | Val Max Q-Miss: 0.4466 | Val Max Gen Viol: 0.1112 | Val Max Thermal: 0.0000
Epoch 4550 | Val Loss: 174.2768 | Val Cost:   22.43 | Val Max P-Miss: 1.1004 | Val Max Q-Miss: 0.4464 | Val Max Gen Viol: 0.1116 | Val Max Thermal: 0.0000
Epoch 4560 | Val Loss: 166.1979 | Val Cost:   21.53 | Val Max P-Miss: 1.1019 | Val Max Q-Miss: 0.4459 | Val Max Gen Viol: 0.1124 | Val Max Thermal: 0.0000
Epoch 4570 | Val Loss: 189.3021 | Val Cost:   26.75 | Val Max P-Miss: 1.1020 | Val Max Q-Miss: 0.4461 | Val Max Gen Viol: 0.1145 | Val Max Thermal: 0.0000
Epoch 4580 | Val Loss: 191.4961 | Val Cost:   27.27 | Val Max P-Miss: 1.1025 | Val Max Q-Miss: 0.4454 | Val Max Gen Viol: 0.1164 | Val Max Thermal: 0.0000
Epoch 4590 | Val Loss: 186.6527 | Val Cost:   26.11 | Val Max P-Miss: 1.1035 | Val Max Q-Miss: 0.4557 | Val Max Gen Viol: 0.1194 | Val Max Thermal: 0.0000
Epoch 4600 | Val Loss: 201.2676 | Val Cost:   28.27 | Val Max P-Miss: 1.1036 | Val Max Q-Miss: 0.4439 | Val Max Gen Viol: 0.1212 | Val Max Thermal: 0.0000
Epoch 4610 | Val Loss: 189.0263 | Val Cost:   26.49 | Val Max P-Miss: 1.1038 | Val Max Q-Miss: 0.4426 | Val Max Gen Viol: 0.1286 | Val Max Thermal: 0.0000
Epoch 4620 | Val Loss: 1114.3230 | Val Cost:  -48.92 | Val Max P-Miss: 1.2583 | Val Max Q-Miss: 1.0251 | Val Max Gen Viol: 0.1307 | Val Max Thermal: 0.0000
Epoch 4630 | Val Loss: 265.8360 | Val Cost:  -45.54 | Val Max P-Miss: 1.1434 | Val Max Q-Miss: 0.4491 | Val Max Gen Viol: 0.0727 | Val Max Thermal: 0.0000
Epoch 4640 | Val Loss: 200.1288 | Val Cost:  -28.62 | Val Max P-Miss: 1.1081 | Val Max Q-Miss: 0.4462 | Val Max Gen Viol: 0.1002 | Val Max Thermal: 0.0000
Epoch 4650 | Val Loss: 212.9629 | Val Cost:  -30.60 | Val Max P-Miss: 1.1077 | Val Max Q-Miss: 0.4470 | Val Max Gen Viol: 0.1033 | Val Max Thermal: 0.0000
Epoch 4660 | Val Loss: 226.0043 | Val Cost:  -32.38 | Val Max P-Miss: 1.1078 | Val Max Q-Miss: 0.4476 | Val Max Gen Viol: 0.1062 | Val Max Thermal: 0.0000
Epoch 4670 | Val Loss: 238.0806 | Val Cost:  -34.35 | Val Max P-Miss: 1.1080 | Val Max Q-Miss: 0.4478 | Val Max Gen Viol: 0.1083 | Val Max Thermal: 0.0000
Epoch 4680 | Val Loss: 195.9991 | Val Cost:  -28.35 | Val Max P-Miss: 1.1130 | Val Max Q-Miss: 0.4454 | Val Max Gen Viol: 0.1098 | Val Max Thermal: 0.0000
Epoch 4690 | Val Loss: 208.0620 | Val Cost:  -31.45 | Val Max P-Miss: 1.1076 | Val Max Q-Miss: 0.4472 | Val Max Gen Viol: 0.1108 | Val Max Thermal: 0.0000
Epoch 4700 | Val Loss: 218.1640 | Val Cost:  -32.24 | Val Max P-Miss: 1.1076 | Val Max Q-Miss: 0.4477 | Val Max Gen Viol: 0.1121 | Val Max Thermal: 0.0000
Epoch 4710 | Val Loss: 229.4111 | Val Cost:  -29.16 | Val Max P-Miss: 1.1086 | Val Max Q-Miss: 0.4492 | Val Max Gen Viol: 0.1185 | Val Max Thermal: 0.0000
Epoch 4720 | Val Loss: 202.0258 | Val Cost:  -26.44 | Val Max P-Miss: 1.1039 | Val Max Q-Miss: 0.4493 | Val Max Gen Viol: 0.1358 | Val Max Thermal: 0.0000
Epoch 4730 | Val Loss: 212.9314 | Val Cost:  -28.23 | Val Max P-Miss: 1.1072 | Val Max Q-Miss: 0.4500 | Val Max Gen Viol: 0.1621 | Val Max Thermal: 0.0000
Epoch 4740 | Val Loss: 225.7113 | Val Cost:  -29.90 | Val Max P-Miss: 1.1063 | Val Max Q-Miss: 0.4651 | Val Max Gen Viol: 0.1805 | Val Max Thermal: 0.0000
Epoch 4750 | Val Loss: 209.9805 | Val Cost:  -28.21 | Val Max P-Miss: 1.1071 | Val Max Q-Miss: 0.4498 | Val Max Gen Viol: 0.1919 | Val Max Thermal: 0.0000
Epoch 4760 | Val Loss: 236.2011 | Val Cost:  -29.35 | Val Max P-Miss: 1.0779 | Val Max Q-Miss: 0.4523 | Val Max Gen Viol: 0.2001 | Val Max Thermal: 0.0000
Epoch 4770 | Val Loss: 213.1106 | Val Cost:  -28.42 | Val Max P-Miss: 1.1070 | Val Max Q-Miss: 0.4505 | Val Max Gen Viol: 0.2063 | Val Max Thermal: 0.0000
Epoch 4780 | Val Loss: 224.0515 | Val Cost:  -29.97 | Val Max P-Miss: 1.1082 | Val Max Q-Miss: 0.4525 | Val Max Gen Viol: 0.2138 | Val Max Thermal: 0.0000
Epoch 4790 | Val Loss: 215.8977 | Val Cost:  -29.18 | Val Max P-Miss: 1.1071 | Val Max Q-Miss: 0.4484 | Val Max Gen Viol: 0.2261 | Val Max Thermal: 0.0000
Epoch 4800 | Val Loss: 218.0267 | Val Cost:  -19.62 | Val Max P-Miss: 1.1044 | Val Max Q-Miss: 0.4530 | Val Max Gen Viol: 0.2675 | Val Max Thermal: 0.0000
Epoch 4810 | Val Loss: 194.0292 | Val Cost:  -26.59 | Val Max P-Miss: 1.1067 | Val Max Q-Miss: 0.4483 | Val Max Gen Viol: 0.3018 | Val Max Thermal: 0.0000
Epoch 4820 | Val Loss: 207.7740 | Val Cost:  -29.55 | Val Max P-Miss: 1.1082 | Val Max Q-Miss: 0.4536 | Val Max Gen Viol: 0.3133 | Val Max Thermal: 0.0000
Epoch 4830 | Val Loss: 209.8631 | Val Cost:  -23.72 | Val Max P-Miss: 1.1055 | Val Max Q-Miss: 0.4503 | Val Max Gen Viol: 0.3233 | Val Max Thermal: 0.0000
Epoch 4840 | Val Loss: 898.3970 | Val Cost: -100.36 | Val Max P-Miss: 1.2666 | Val Max Q-Miss: 1.1342 | Val Max Gen Viol: 0.1584 | Val Max Thermal: 0.0000
Epoch 4850 | Val Loss: 183.9285 | Val Cost:   26.85 | Val Max P-Miss: 1.1051 | Val Max Q-Miss: 0.4444 | Val Max Gen Viol: 0.1059 | Val Max Thermal: 0.0000
Epoch 4860 | Val Loss: 175.0869 | Val Cost:   25.36 | Val Max P-Miss: 1.1045 | Val Max Q-Miss: 0.4397 | Val Max Gen Viol: 0.2114 | Val Max Thermal: 0.0000
Epoch 4870 | Val Loss: 166.3534 | Val Cost:   23.78 | Val Max P-Miss: 1.1049 | Val Max Q-Miss: 0.4382 | Val Max Gen Viol: 0.2652 | Val Max Thermal: 0.0000
Epoch 4880 | Val Loss: 158.1247 | Val Cost:   22.06 | Val Max P-Miss: 1.1052 | Val Max Q-Miss: 0.4373 | Val Max Gen Viol: 0.2937 | Val Max Thermal: 0.0000
Epoch 4890 | Val Loss: 150.5637 | Val Cost:   20.27 | Val Max P-Miss: 1.1053 | Val Max Q-Miss: 0.4372 | Val Max Gen Viol: 0.3101 | Val Max Thermal: 0.0000
Epoch 4900 | Val Loss: 192.8980 | Val Cost:   28.98 | Val Max P-Miss: 1.1046 | Val Max Q-Miss: 0.4367 | Val Max Gen Viol: 0.3036 | Val Max Thermal: 0.0000
Epoch 4910 | Val Loss: 182.4114 | Val Cost:   27.28 | Val Max P-Miss: 1.1052 | Val Max Q-Miss: 0.4364 | Val Max Gen Viol: 0.3255 | Val Max Thermal: 0.0000
Epoch 4920 | Val Loss: 172.4720 | Val Cost:   25.35 | Val Max P-Miss: 1.1053 | Val Max Q-Miss: 0.4364 | Val Max Gen Viol: 0.3327 | Val Max Thermal: 0.0000
Epoch 4930 | Val Loss: 168.5956 | Val Cost:   23.75 | Val Max P-Miss: 1.0928 | Val Max Q-Miss: 0.4373 | Val Max Gen Viol: 0.3411 | Val Max Thermal: 0.0000
Epoch 4940 | Val Loss: 192.7430 | Val Cost:   29.15 | Val Max P-Miss: 1.1060 | Val Max Q-Miss: 0.4360 | Val Max Gen Viol: 0.3480 | Val Max Thermal: 0.0000
Epoch 4950 | Val Loss: 182.9566 | Val Cost:   27.22 | Val Max P-Miss: 1.1054 | Val Max Q-Miss: 0.4354 | Val Max Gen Viol: 0.3532 | Val Max Thermal: 0.0000
Epoch 4960 | Val Loss: 175.4579 | Val Cost:   25.36 | Val Max P-Miss: 1.1057 | Val Max Q-Miss: 0.4344 | Val Max Gen Viol: 0.3562 | Val Max Thermal: 0.0000
Epoch 4970 | Val Loss: 202.0328 | Val Cost:   29.75 | Val Max P-Miss: 1.0976 | Val Max Q-Miss: 0.4342 | Val Max Gen Viol: 0.3617 | Val Max Thermal: 0.0000
Epoch 4980 | Val Loss: 183.9700 | Val Cost:   27.66 | Val Max P-Miss: 1.1052 | Val Max Q-Miss: 0.4356 | Val Max Gen Viol: 0.3681 | Val Max Thermal: 0.0000
Epoch 4990 | Val Loss: 177.5323 | Val Cost:   26.09 | Val Max P-Miss: 1.1049 | Val Max Q-Miss: 0.4419 | Val Max Gen Viol: 0.3664 | Val Max Thermal: 0.0000
Epoch 5000 | Val Loss: 196.8465 | Val Cost:   29.64 | Val Max P-Miss: 1.1156 | Val Max Q-Miss: 0.4396 | Val Max Gen Viol: 0.3763 | Val Max Thermal: 0.0000
Epoch 5010 | Val Loss: 172.6936 | Val Cost:   25.56 | Val Max P-Miss: 1.1051 | Val Max Q-Miss: 0.4389 | Val Max Gen Viol: 0.3857 | Val Max Thermal: 0.0000
Epoch 5020 | Val Loss: 194.7574 | Val Cost:   24.86 | Val Max P-Miss: 1.1041 | Val Max Q-Miss: 0.4438 | Val Max Gen Viol: 0.3816 | Val Max Thermal: 0.0000
Epoch 5030 | Val Loss: 595.6545 | Val Cost:  -19.25 | Val Max P-Miss: 1.1313 | Val Max Q-Miss: 0.5448 | Val Max Gen Viol: 0.2065 | Val Max Thermal: 0.0000
Epoch 5040 | Val Loss: 203.4458 | Val Cost:  -29.60 | Val Max P-Miss: 1.1102 | Val Max Q-Miss: 0.4464 | Val Max Gen Viol: 0.0745 | Val Max Thermal: 0.0000
Epoch 5050 | Val Loss: 212.1926 | Val Cost:  -31.44 | Val Max P-Miss: 1.1062 | Val Max Q-Miss: 0.4457 | Val Max Gen Viol: 0.0797 | Val Max Thermal: 0.0000
Epoch 5060 | Val Loss: 232.3479 | Val Cost:  -32.85 | Val Max P-Miss: 1.1063 | Val Max Q-Miss: 0.4460 | Val Max Gen Viol: 0.0867 | Val Max Thermal: 0.0000
Epoch 5070 | Val Loss: 170.8146 | Val Cost:  -23.93 | Val Max P-Miss: 1.1055 | Val Max Q-Miss: 0.4454 | Val Max Gen Viol: 0.0936 | Val Max Thermal: 0.0000
Epoch 5080 | Val Loss: 177.7725 | Val Cost:  -25.57 | Val Max P-Miss: 1.1055 | Val Max Q-Miss: 0.4453 | Val Max Gen Viol: 0.0997 | Val Max Thermal: 0.0000
Epoch 5090 | Val Loss: 186.5047 | Val Cost:  -27.31 | Val Max P-Miss: 1.1054 | Val Max Q-Miss: 0.4454 | Val Max Gen Viol: 0.1051 | Val Max Thermal: 0.0000
Epoch 5100 | Val Loss: 195.6636 | Val Cost:  -29.02 | Val Max P-Miss: 1.1053 | Val Max Q-Miss: 0.4452 | Val Max Gen Viol: 0.1355 | Val Max Thermal: 0.0000
Epoch 5110 | Val Loss: 205.5344 | Val Cost:  -30.76 | Val Max P-Miss: 1.1052 | Val Max Q-Miss: 0.4445 | Val Max Gen Viol: 0.1952 | Val Max Thermal: 0.0000
Epoch 5120 | Val Loss: 215.2662 | Val Cost:  -32.36 | Val Max P-Miss: 1.1050 | Val Max Q-Miss: 0.4445 | Val Max Gen Viol: 0.2563 | Val Max Thermal: 0.0000
Epoch 5130 | Val Loss: 183.4385 | Val Cost:  -26.91 | Val Max P-Miss: 1.1051 | Val Max Q-Miss: 0.4419 | Val Max Gen Viol: 0.2998 | Val Max Thermal: 0.0000
Epoch 5140 | Val Loss: 193.9019 | Val Cost:  -28.88 | Val Max P-Miss: 1.1051 | Val Max Q-Miss: 0.4429 | Val Max Gen Viol: 0.3197 | Val Max Thermal: 0.0000
Epoch 5150 | Val Loss: 200.3295 | Val Cost:  -29.07 | Val Max P-Miss: 1.1059 | Val Max Q-Miss: 0.4361 | Val Max Gen Viol: 0.3271 | Val Max Thermal: 0.0000
Epoch 5160 | Val Loss: 208.3163 | Val Cost:  -25.49 | Val Max P-Miss: 1.1078 | Val Max Q-Miss: 0.4231 | Val Max Gen Viol: 0.2584 | Val Max Thermal: 0.0000
Epoch 5170 | Val Loss: 174.3193 | Val Cost:  -25.69 | Val Max P-Miss: 1.1050 | Val Max Q-Miss: 0.4307 | Val Max Gen Viol: 0.3332 | Val Max Thermal: 0.0000
Epoch 5180 | Val Loss: 180.6223 | Val Cost:  -27.50 | Val Max P-Miss: 1.1050 | Val Max Q-Miss: 0.4366 | Val Max Gen Viol: 0.3397 | Val Max Thermal: 0.0000
Epoch 5190 | Val Loss: 185.1608 | Val Cost:  -28.96 | Val Max P-Miss: 1.1050 | Val Max Q-Miss: 0.4391 | Val Max Gen Viol: 0.3551 | Val Max Thermal: 0.0000
Epoch 5200 | Val Loss: 190.9549 | Val Cost:  -29.21 | Val Max P-Miss: 1.1050 | Val Max Q-Miss: 0.4382 | Val Max Gen Viol: 0.3481 | Val Max Thermal: 0.0000
Epoch 5210 | Val Loss: 202.8023 | Val Cost:  -19.33 | Val Max P-Miss: 1.1045 | Val Max Q-Miss: 0.4394 | Val Max Gen Viol: 0.3689 | Val Max Thermal: 0.0000
Epoch 5220 | Val Loss: 183.3144 | Val Cost:   -9.03 | Val Max P-Miss: 1.1046 | Val Max Q-Miss: 0.4410 | Val Max Gen Viol: 0.3779 | Val Max Thermal: 0.0000
Epoch 5230 | Val Loss: 189.2243 | Val Cost:  -15.60 | Val Max P-Miss: 1.1045 | Val Max Q-Miss: 0.4415 | Val Max Gen Viol: 0.3902 | Val Max Thermal: 0.0000
Epoch 5240 | Val Loss: 179.1329 | Val Cost:  -18.18 | Val Max P-Miss: 1.1050 | Val Max Q-Miss: 0.4396 | Val Max Gen Viol: 0.2270 | Val Max Thermal: 0.0000
Epoch 5250 | Val Loss: 179.3554 | Val Cost:  -24.27 | Val Max P-Miss: 1.1043 | Val Max Q-Miss: 0.4413 | Val Max Gen Viol: 0.3996 | Val Max Thermal: 0.0000
Epoch 5260 | Val Loss: 185.6543 | Val Cost:  -19.30 | Val Max P-Miss: 1.1041 | Val Max Q-Miss: 0.4404 | Val Max Gen Viol: 0.3964 | Val Max Thermal: 0.0000
Epoch 5270 | Val Loss: 180.0226 | Val Cost:  -22.66 | Val Max P-Miss: 1.1058 | Val Max Q-Miss: 0.4469 | Val Max Gen Viol: 0.1283 | Val Max Thermal: 0.0000
Epoch 5280 | Val Loss: 187.2754 | Val Cost:  -29.11 | Val Max P-Miss: 1.1043 | Val Max Q-Miss: 0.4439 | Val Max Gen Viol: 0.2142 | Val Max Thermal: 0.0000
Epoch 5290 | Val Loss: 170.3195 | Val Cost:  -26.04 | Val Max P-Miss: 1.1040 | Val Max Q-Miss: 0.4355 | Val Max Gen Viol: 0.3410 | Val Max Thermal: 0.0000
Epoch 5300 | Val Loss: 177.7059 | Val Cost:  -28.46 | Val Max P-Miss: 1.1034 | Val Max Q-Miss: 0.4387 | Val Max Gen Viol: 0.3736 | Val Max Thermal: 0.0000
Epoch 5310 | Val Loss: 189.3934 | Val Cost:  -30.01 | Val Max P-Miss: 1.1025 | Val Max Q-Miss: 0.4381 | Val Max Gen Viol: 0.3938 | Val Max Thermal: 0.0000
Epoch 5320 | Val Loss: 161.9648 | Val Cost:  -14.89 | Val Max P-Miss: 1.1031 | Val Max Q-Miss: 0.4393 | Val Max Gen Viol: 0.3720 | Val Max Thermal: 0.0000
Epoch 5330 | Val Loss: 180.4332 | Val Cost:  -15.77 | Val Max P-Miss: 1.1002 | Val Max Q-Miss: 0.4385 | Val Max Gen Viol: 0.4322 | Val Max Thermal: 0.0000
Epoch 5340 | Val Loss: 160.7042 | Val Cost:   -7.33 | Val Max P-Miss: 1.1031 | Val Max Q-Miss: 0.4408 | Val Max Gen Viol: 0.4768 | Val Max Thermal: 0.0000
Epoch 5350 | Val Loss: 168.3910 | Val Cost:  -17.73 | Val Max P-Miss: 1.1047 | Val Max Q-Miss: 0.4372 | Val Max Gen Viol: 0.4849 | Val Max Thermal: 0.0000
Epoch 5360 | Val Loss: 183.6464 | Val Cost:  -15.03 | Val Max P-Miss: 1.1123 | Val Max Q-Miss: 0.4461 | Val Max Gen Viol: 0.2622 | Val Max Thermal: 0.0000
Epoch 5370 | Val Loss: 1404.0096 | Val Cost: -166.87 | Val Max P-Miss: 1.1293 | Val Max Q-Miss: 0.8235 | Val Max Gen Viol: 0.2372 | Val Max Thermal: 0.0000
Epoch 5380 | Val Loss: 181.5483 | Val Cost:   32.26 | Val Max P-Miss: 1.1038 | Val Max Q-Miss: 0.4403 | Val Max Gen Viol: 0.1423 | Val Max Thermal: 0.0000
Epoch 5390 | Val Loss: 172.8245 | Val Cost:   24.99 | Val Max P-Miss: 1.1046 | Val Max Q-Miss: 0.4390 | Val Max Gen Viol: 0.2034 | Val Max Thermal: 0.0000
Epoch 5400 | Val Loss: 165.1548 | Val Cost:   23.58 | Val Max P-Miss: 1.1051 | Val Max Q-Miss: 0.4378 | Val Max Gen Viol: 0.2513 | Val Max Thermal: 0.0000
Epoch 5410 | Val Loss: 157.9755 | Val Cost:   22.05 | Val Max P-Miss: 1.1055 | Val Max Q-Miss: 0.4376 | Val Max Gen Viol: 0.2847 | Val Max Thermal: 0.0000
Epoch 5420 | Val Loss: 151.3377 | Val Cost:   20.52 | Val Max P-Miss: 1.1055 | Val Max Q-Miss: 0.4378 | Val Max Gen Viol: 0.3072 | Val Max Thermal: 0.0000
Epoch 5430 | Val Loss: 145.1996 | Val Cost:   18.97 | Val Max P-Miss: 1.1056 | Val Max Q-Miss: 0.4380 | Val Max Gen Viol: 0.3237 | Val Max Thermal: 0.0000
Epoch 5440 | Val Loss: 139.5600 | Val Cost:   17.39 | Val Max P-Miss: 1.1054 | Val Max Q-Miss: 0.4383 | Val Max Gen Viol: 0.3377 | Val Max Thermal: 0.0000 [*SAVED BEST*]
Epoch 5450 | Val Loss: 180.7718 | Val Cost:   26.99 | Val Max P-Miss: 1.1026 | Val Max Q-Miss: 0.4383 | Val Max Gen Viol: 0.3511 | Val Max Thermal: 0.0000
Epoch 5460 | Val Loss: 171.6719 | Val Cost:   25.23 | Val Max P-Miss: 1.1053 | Val Max Q-Miss: 0.4383 | Val Max Gen Viol: 0.3640 | Val Max Thermal: 0.0000
Epoch 5470 | Val Loss: 163.8121 | Val Cost:   23.54 | Val Max P-Miss: 1.1055 | Val Max Q-Miss: 0.4386 | Val Max Gen Viol: 0.3756 | Val Max Thermal: 0.0000
Epoch 5480 | Val Loss: 156.8094 | Val Cost:   21.94 | Val Max P-Miss: 1.1057 | Val Max Q-Miss: 0.4395 | Val Max Gen Viol: 0.3859 | Val Max Thermal: 0.0000
Epoch 5490 | Val Loss: 154.1378 | Val Cost:   21.42 | Val Max P-Miss: 1.1057 | Val Max Q-Miss: 0.4408 | Val Max Gen Viol: 0.3939 | Val Max Thermal: 0.0000
Epoch 5500 | Val Loss: 156.6422 | Val Cost:   22.29 | Val Max P-Miss: 1.1046 | Val Max Q-Miss: 0.4407 | Val Max Gen Viol: 0.4257 | Val Max Thermal: 0.0000
Epoch 5510 | Val Loss: 173.1554 | Val Cost:   22.30 | Val Max P-Miss: 1.0750 | Val Max Q-Miss: 0.4426 | Val Max Gen Viol: 0.4359 | Val Max Thermal: 0.0000
Epoch 5520 | Val Loss: 155.9998 | Val Cost:   22.52 | Val Max P-Miss: 1.1040 | Val Max Q-Miss: 0.4417 | Val Max Gen Viol: 0.4530 | Val Max Thermal: 0.0000
Epoch 5530 | Val Loss: 149.2628 | Val Cost:   21.04 | Val Max P-Miss: 1.1047 | Val Max Q-Miss: 0.4438 | Val Max Gen Viol: 0.4881 | Val Max Thermal: 0.0000
Epoch 5540 | Val Loss: 171.8158 | Val Cost:   26.32 | Val Max P-Miss: 1.1064 | Val Max Q-Miss: 0.4425 | Val Max Gen Viol: 0.5002 | Val Max Thermal: 0.0000
Epoch 5550 | Val Loss: 162.4531 | Val Cost:   24.51 | Val Max P-Miss: 1.1039 | Val Max Q-Miss: 0.4431 | Val Max Gen Viol: 0.5445 | Val Max Thermal: 0.0000
Epoch 5560 | Val Loss: 156.1344 | Val Cost:   23.12 | Val Max P-Miss: 1.1039 | Val Max Q-Miss: 0.4388 | Val Max Gen Viol: 0.5810 | Val Max Thermal: 0.0000
Epoch 5570 | Val Loss: 148.1887 | Val Cost:   21.07 | Val Max P-Miss: 1.0982 | Val Max Q-Miss: 0.4392 | Val Max Gen Viol: 0.6121 | Val Max Thermal: 0.0000
Epoch 5580 | Val Loss: 155.8722 | Val Cost:   23.27 | Val Max P-Miss: 1.1038 | Val Max Q-Miss: 0.4432 | Val Max Gen Viol: 0.6310 | Val Max Thermal: 0.0000
Epoch 5590 | Val Loss: 7440.9541 | Val Cost:   -0.55 | Val Max P-Miss: 2.9188 | Val Max Q-Miss: 7.9163 | Val Max Gen Viol: 1.7096 | Val Max Thermal: 7.9854
Epoch 5600 | Val Loss: 171.7265 | Val Cost:   22.63 | Val Max P-Miss: 1.1062 | Val Max Q-Miss: 0.4492 | Val Max Gen Viol: 0.1866 | Val Max Thermal: 0.0000
Epoch 5610 | Val Loss: 157.8817 | Val Cost:   21.77 | Val Max P-Miss: 1.1067 | Val Max Q-Miss: 0.4421 | Val Max Gen Viol: 0.1748 | Val Max Thermal: 0.0000
Epoch 5620 | Val Loss: 150.6623 | Val Cost:   20.43 | Val Max P-Miss: 1.1069 | Val Max Q-Miss: 0.4400 | Val Max Gen Viol: 0.2891 | Val Max Thermal: 0.0000
Epoch 5630 | Val Loss: 148.1644 | Val Cost:   20.30 | Val Max P-Miss: 1.1062 | Val Max Q-Miss: 0.4408 | Val Max Gen Viol: 0.3831 | Val Max Thermal: 0.0000
Epoch 5640 | Val Loss: 155.3852 | Val Cost:   21.51 | Val Max P-Miss: 1.1052 | Val Max Q-Miss: 0.4424 | Val Max Gen Viol: 0.4392 | Val Max Thermal: 0.0000
Epoch 5650 | Val Loss: 146.8941 | Val Cost:   19.81 | Val Max P-Miss: 1.1048 | Val Max Q-Miss: 0.4433 | Val Max Gen Viol: 0.4666 | Val Max Thermal: 0.0000
Epoch 5660 | Val Loss: 140.1390 | Val Cost:   18.14 | Val Max P-Miss: 1.1046 | Val Max Q-Miss: 0.4431 | Val Max Gen Viol: 0.4902 | Val Max Thermal: 0.0000
Epoch 5670 | Val Loss: 165.0379 | Val Cost:   22.75 | Val Max P-Miss: 1.1044 | Val Max Q-Miss: 0.4407 | Val Max Gen Viol: 0.5627 | Val Max Thermal: 0.0000
Epoch 5680 | Val Loss: 177.5023 | Val Cost:   23.78 | Val Max P-Miss: 1.1052 | Val Max Q-Miss: 0.4416 | Val Max Gen Viol: 0.6732 | Val Max Thermal: 0.0000
Epoch 5690 | Val Loss: 159.1345 | Val Cost:   29.29 | Val Max P-Miss: 1.1055 | Val Max Q-Miss: 0.4438 | Val Max Gen Viol: 0.7533 | Val Max Thermal: 0.0000
Epoch 5700 | Val Loss: 154.0486 | Val Cost:   25.45 | Val Max P-Miss: 1.1067 | Val Max Q-Miss: 0.4452 | Val Max Gen Viol: 0.9083 | Val Max Thermal: 0.0000
Epoch 5710 | Val Loss: 151.3084 | Val Cost:   25.97 | Val Max P-Miss: 1.1066 | Val Max Q-Miss: 0.4439 | Val Max Gen Viol: 0.9642 | Val Max Thermal: 0.0000
Epoch 5720 | Val Loss: 153.3500 | Val Cost:   28.11 | Val Max P-Miss: 1.1067 | Val Max Q-Miss: 0.4445 | Val Max Gen Viol: 1.0611 | Val Max Thermal: 0.0000
Epoch 5730 | Val Loss: 150.8197 | Val Cost:   28.33 | Val Max P-Miss: 1.1056 | Val Max Q-Miss: 0.4454 | Val Max Gen Viol: 1.2234 | Val Max Thermal: 0.0000
Epoch 5740 | Val Loss: 149.5360 | Val Cost:   29.07 | Val Max P-Miss: 1.1006 | Val Max Q-Miss: 0.4421 | Val Max Gen Viol: 1.3358 | Val Max Thermal: 0.0000
Epoch 5750 | Val Loss: 151.7849 | Val Cost:   28.86 | Val Max P-Miss: 1.1009 | Val Max Q-Miss: 0.4395 | Val Max Gen Viol: 1.0997 | Val Max Thermal: 0.0000
Epoch 5760 | Val Loss: 148.3062 | Val Cost:   26.97 | Val Max P-Miss: 1.1018 | Val Max Q-Miss: 0.4423 | Val Max Gen Viol: 1.3958 | Val Max Thermal: 0.0000
Epoch 5770 | Val Loss: 151.5977 | Val Cost:   27.28 | Val Max P-Miss: 1.1024 | Val Max Q-Miss: 0.4428 | Val Max Gen Viol: 1.1327 | Val Max Thermal: 0.0000
Epoch 5780 | Val Loss: 147.7835 | Val Cost:   24.79 | Val Max P-Miss: 1.1026 | Val Max Q-Miss: 0.4449 | Val Max Gen Viol: 1.4722 | Val Max Thermal: 0.2133
Epoch 5790 | Val Loss: 158.9534 | Val Cost:   23.33 | Val Max P-Miss: 1.1028 | Val Max Q-Miss: 0.4449 | Val Max Gen Viol: 1.0780 | Val Max Thermal: 0.0000
Epoch 5800 | Val Loss: 156.6540 | Val Cost:   16.45 | Val Max P-Miss: 1.1029 | Val Max Q-Miss: 0.4571 | Val Max Gen Viol: 1.4636 | Val Max Thermal: 0.1282
Epoch 5810 | Val Loss: 156.2250 | Val Cost:   17.37 | Val Max P-Miss: 1.1035 | Val Max Q-Miss: 0.4596 | Val Max Gen Viol: 1.4965 | Val Max Thermal: 0.3240
Epoch 5820 | Val Loss: 156.7357 | Val Cost:   20.29 | Val Max P-Miss: 1.1038 | Val Max Q-Miss: 0.4623 | Val Max Gen Viol: 1.4881 | Val Max Thermal: 0.3415
Epoch 5830 | Val Loss: 161.3822 | Val Cost:   22.31 | Val Max P-Miss: 1.1038 | Val Max Q-Miss: 0.4715 | Val Max Gen Viol: 1.4282 | Val Max Thermal: 0.2325
Epoch 5840 | Val Loss: 760.0991 | Val Cost:   29.06 | Val Max P-Miss: 1.0099 | Val Max Q-Miss: 0.8954 | Val Max Gen Viol: 2.1314 | Val Max Thermal: 0.0000
Epoch 5850 | Val Loss: 201.8935 | Val Cost:   28.66 | Val Max P-Miss: 1.1124 | Val Max Q-Miss: 0.4500 | Val Max Gen Viol: 0.0422 | Val Max Thermal: 0.0000
Epoch 5860 | Val Loss: 157.9402 | Val Cost:   21.56 | Val Max P-Miss: 1.1059 | Val Max Q-Miss: 0.4468 | Val Max Gen Viol: 0.2217 | Val Max Thermal: 0.0000
Epoch 5870 | Val Loss: 148.8139 | Val Cost:   20.06 | Val Max P-Miss: 1.1049 | Val Max Q-Miss: 0.4518 | Val Max Gen Viol: 0.3529 | Val Max Thermal: 0.0000
Epoch 5880 | Val Loss: 141.6826 | Val Cost:   18.51 | Val Max P-Miss: 1.1044 | Val Max Q-Miss: 0.4535 | Val Max Gen Viol: 0.4592 | Val Max Thermal: 0.0000
Epoch 5890 | Val Loss: 135.4218 | Val Cost:   16.93 | Val Max P-Miss: 1.1042 | Val Max Q-Miss: 0.4535 | Val Max Gen Viol: 0.6607 | Val Max Thermal: 0.0000 [*SAVED BEST*]
Epoch 5900 | Val Loss: 129.7955 | Val Cost:   15.35 | Val Max P-Miss: 1.1040 | Val Max Q-Miss: 0.4528 | Val Max Gen Viol: 0.8277 | Val Max Thermal: 0.0000 [*SAVED BEST*]
Epoch 5910 | Val Loss: 153.9984 | Val Cost:   22.16 | Val Max P-Miss: 1.1041 | Val Max Q-Miss: 0.4514 | Val Max Gen Viol: 0.9717 | Val Max Thermal: 0.0000
Epoch 5920 | Val Loss: 153.2129 | Val Cost:   22.06 | Val Max P-Miss: 1.1039 | Val Max Q-Miss: 0.4504 | Val Max Gen Viol: 1.0859 | Val Max Thermal: 0.0000
Epoch 5930 | Val Loss: 145.9702 | Val Cost:   20.36 | Val Max P-Miss: 1.1039 | Val Max Q-Miss: 0.4495 | Val Max Gen Viol: 1.1890 | Val Max Thermal: 0.0000
Epoch 5940 | Val Loss: 141.2171 | Val Cost:   19.25 | Val Max P-Miss: 1.1047 | Val Max Q-Miss: 0.4488 | Val Max Gen Viol: 1.2767 | Val Max Thermal: 0.0000
Epoch 5950 | Val Loss: 139.2812 | Val Cost:   18.57 | Val Max P-Miss: 1.1051 | Val Max Q-Miss: 0.4476 | Val Max Gen Viol: 1.3473 | Val Max Thermal: 0.0000
Epoch 5960 | Val Loss: 132.8486 | Val Cost:   16.95 | Val Max P-Miss: 1.1046 | Val Max Q-Miss: 0.4466 | Val Max Gen Viol: 1.4032 | Val Max Thermal: 0.0907
Epoch 5970 | Val Loss: 146.5841 | Val Cost:   20.25 | Val Max P-Miss: 1.1057 | Val Max Q-Miss: 0.4445 | Val Max Gen Viol: 0.5125 | Val Max Thermal: 0.0000
Epoch 5980 | Val Loss: 138.7072 | Val Cost:   18.78 | Val Max P-Miss: 1.1050 | Val Max Q-Miss: 0.4443 | Val Max Gen Viol: 1.1205 | Val Max Thermal: 0.0000
Epoch 5990 | Val Loss: 138.3469 | Val Cost:   18.04 | Val Max P-Miss: 1.1043 | Val Max Q-Miss: 0.4396 | Val Max Gen Viol: 1.3421 | Val Max Thermal: 0.0000
Epoch 6000 | Val Loss: 141.2232 | Val Cost:   18.76 | Val Max P-Miss: 1.1043 | Val Max Q-Miss: 0.4383 | Val Max Gen Viol: 1.3912 | Val Max Thermal: 0.0000
Epoch 6010 | Val Loss: 150.7767 | Val Cost:   21.13 | Val Max P-Miss: 1.1043 | Val Max Q-Miss: 0.4392 | Val Max Gen Viol: 1.4166 | Val Max Thermal: 0.0000
Epoch 6020 | Val Loss: 152.1323 | Val Cost:   21.60 | Val Max P-Miss: 1.1044 | Val Max Q-Miss: 0.4395 | Val Max Gen Viol: 1.4570 | Val Max Thermal: 0.0143
Epoch 6030 | Val Loss: 156.0644 | Val Cost:   22.02 | Val Max P-Miss: 1.1040 | Val Max Q-Miss: 0.4403 | Val Max Gen Viol: 1.4598 | Val Max Thermal: 0.0066
Epoch 6040 | Val Loss: 152.4151 | Val Cost:   21.99 | Val Max P-Miss: 1.1046 | Val Max Q-Miss: 0.4397 | Val Max Gen Viol: 1.4739 | Val Max Thermal: 0.1194
Epoch 6050 | Val Loss: 151.5959 | Val Cost:   21.60 | Val Max P-Miss: 1.1043 | Val Max Q-Miss: 0.4404 | Val Max Gen Viol: 1.4907 | Val Max Thermal: 0.1426
Epoch 6060 | Val Loss: 157.2163 | Val Cost:   21.90 | Val Max P-Miss: 1.1040 | Val Max Q-Miss: 0.4378 | Val Max Gen Viol: 1.4636 | Val Max Thermal: 0.0720
Epoch 6070 | Val Loss: 146.6338 | Val Cost:   21.19 | Val Max P-Miss: 1.1051 | Val Max Q-Miss: 0.4435 | Val Max Gen Viol: 1.5084 | Val Max Thermal: 0.2543
Epoch 6080 | Val Loss: 140.5194 | Val Cost:   21.66 | Val Max P-Miss: 1.1053 | Val Max Q-Miss: 0.4447 | Val Max Gen Viol: 1.5123 | Val Max Thermal: 0.2499
Epoch 6090 | Val Loss: 159.0011 | Val Cost:   25.66 | Val Max P-Miss: 1.1063 | Val Max Q-Miss: 0.4480 | Val Max Gen Viol: 1.2020 | Val Max Thermal: 0.0000
Epoch 6100 | Val Loss: 142.8767 | Val Cost:   23.00 | Val Max P-Miss: 1.1050 | Val Max Q-Miss: 0.4472 | Val Max Gen Viol: 1.4341 | Val Max Thermal: 0.0000
Epoch 6110 | Val Loss: 568.4835 | Val Cost:   37.76 | Val Max P-Miss: 1.0306 | Val Max Q-Miss: 0.4905 | Val Max Gen Viol: 0.1501 | Val Max Thermal: 0.0000
Epoch 6120 | Val Loss: 202.6714 | Val Cost:   58.08 | Val Max P-Miss: 1.1087 | Val Max Q-Miss: 0.4384 | Val Max Gen Viol: 0.1090 | Val Max Thermal: 0.0000
Epoch 6130 | Val Loss: 167.7607 | Val Cost:   24.08 | Val Max P-Miss: 1.1089 | Val Max Q-Miss: 0.4414 | Val Max Gen Viol: 0.1800 | Val Max Thermal: 0.0000
Epoch 6140 | Val Loss: 154.3037 | Val Cost:   21.22 | Val Max P-Miss: 1.1087 | Val Max Q-Miss: 0.4351 | Val Max Gen Viol: 0.3613 | Val Max Thermal: 0.0000
Epoch 6150 | Val Loss: 142.2856 | Val Cost:   18.74 | Val Max P-Miss: 1.1081 | Val Max Q-Miss: 0.4350 | Val Max Gen Viol: 0.4862 | Val Max Thermal: 0.0000
Epoch 6160 | Val Loss: 163.8203 | Val Cost:   23.86 | Val Max P-Miss: 1.1115 | Val Max Q-Miss: 0.4379 | Val Max Gen Viol: 0.8419 | Val Max Thermal: 0.0000
Epoch 6170 | Val Loss: 157.4168 | Val Cost:   22.73 | Val Max P-Miss: 1.1092 | Val Max Q-Miss: 0.4383 | Val Max Gen Viol: 1.0227 | Val Max Thermal: 0.0000
Epoch 6180 | Val Loss: 147.6951 | Val Cost:   20.57 | Val Max P-Miss: 1.1095 | Val Max Q-Miss: 0.4382 | Val Max Gen Viol: 1.2158 | Val Max Thermal: 0.0000
Epoch 6190 | Val Loss: 157.4476 | Val Cost:   22.84 | Val Max P-Miss: 1.1031 | Val Max Q-Miss: 0.4365 | Val Max Gen Viol: 1.3031 | Val Max Thermal: 0.0000
Epoch 6200 | Val Loss: 166.2380 | Val Cost:   24.12 | Val Max P-Miss: 1.0948 | Val Max Q-Miss: 0.4360 | Val Max Gen Viol: 1.3626 | Val Max Thermal: 0.0000
Epoch 6210 | Val Loss: 173.4834 | Val Cost:   24.73 | Val Max P-Miss: 1.0919 | Val Max Q-Miss: 0.4356 | Val Max Gen Viol: 1.3888 | Val Max Thermal: 0.0000
Epoch 6220 | Val Loss: 167.4166 | Val Cost:   24.40 | Val Max P-Miss: 1.1029 | Val Max Q-Miss: 0.4367 | Val Max Gen Viol: 1.3032 | Val Max Thermal: 0.0000
Epoch 6230 | Val Loss: 163.0820 | Val Cost:   24.10 | Val Max P-Miss: 1.1052 | Val Max Q-Miss: 0.4372 | Val Max Gen Viol: 1.3402 | Val Max Thermal: 0.0000
Epoch 6240 | Val Loss: 165.1358 | Val Cost:   23.91 | Val Max P-Miss: 1.0998 | Val Max Q-Miss: 0.4399 | Val Max Gen Viol: 1.3364 | Val Max Thermal: 0.0000
Epoch 6250 | Val Loss: 169.0826 | Val Cost:   24.43 | Val Max P-Miss: 1.0936 | Val Max Q-Miss: 0.4427 | Val Max Gen Viol: 1.3120 | Val Max Thermal: 0.0000
Epoch 6260 | Val Loss: 162.9164 | Val Cost:   24.00 | Val Max P-Miss: 1.1104 | Val Max Q-Miss: 0.4371 | Val Max Gen Viol: 1.3151 | Val Max Thermal: 0.0000
Epoch 6270 | Val Loss: 159.7216 | Val Cost:   23.47 | Val Max P-Miss: 1.1101 | Val Max Q-Miss: 0.4386 | Val Max Gen Viol: 1.3403 | Val Max Thermal: 0.0000
Epoch 6280 | Val Loss: 164.2561 | Val Cost:   24.09 | Val Max P-Miss: 1.0956 | Val Max Q-Miss: 0.4451 | Val Max Gen Viol: 1.3647 | Val Max Thermal: 0.0000
Epoch 6290 | Val Loss: 171.7937 | Val Cost:   24.72 | Val Max P-Miss: 1.1009 | Val Max Q-Miss: 0.4512 | Val Max Gen Viol: 1.4186 | Val Max Thermal: 0.0879
Epoch 6300 | Val Loss: 161.6564 | Val Cost:   23.31 | Val Max P-Miss: 1.1154 | Val Max Q-Miss: 0.4292 | Val Max Gen Viol: 1.4518 | Val Max Thermal: 0.1468
Epoch 6310 | Val Loss: 157.5557 | Val Cost:   22.21 | Val Max P-Miss: 1.1143 | Val Max Q-Miss: 0.4299 | Val Max Gen Viol: 1.0306 | Val Max Thermal: 0.0000
Epoch 6320 | Val Loss: 164.1941 | Val Cost:   22.99 | Val Max P-Miss: 1.1123 | Val Max Q-Miss: 0.4490 | Val Max Gen Viol: 0.9482 | Val Max Thermal: 0.0000
Epoch 6330 | Val Loss: 155.9496 | Val Cost:   22.08 | Val Max P-Miss: 1.1123 | Val Max Q-Miss: 0.4435 | Val Max Gen Viol: 1.3049 | Val Max Thermal: 0.0000
Epoch 6340 | Val Loss: 158.1715 | Val Cost:   22.79 | Val Max P-Miss: 1.1074 | Val Max Q-Miss: 0.4438 | Val Max Gen Viol: 1.5465 | Val Max Thermal: 0.4784
Epoch 6350 | Val Loss: 160.8095 | Val Cost:   23.66 | Val Max P-Miss: 1.0964 | Val Max Q-Miss: 0.4423 | Val Max Gen Viol: 1.5674 | Val Max Thermal: 0.5529
Epoch 6360 | Val Loss: 164.2395 | Val Cost:   24.14 | Val Max P-Miss: 1.0964 | Val Max Q-Miss: 0.4483 | Val Max Gen Viol: 1.5864 | Val Max Thermal: 0.6227
Epoch 6370 | Val Loss: 167.4198 | Val Cost:   24.47 | Val Max P-Miss: 1.0977 | Val Max Q-Miss: 0.4515 | Val Max Gen Viol: 1.5691 | Val Max Thermal: 0.7923
Epoch 6380 | Val Loss: 162.9789 | Val Cost:   24.33 | Val Max P-Miss: 1.0976 | Val Max Q-Miss: 0.4426 | Val Max Gen Viol: 1.5381 | Val Max Thermal: 0.7485
Epoch 6390 | Val Loss: 156.7917 | Val Cost:   23.12 | Val Max P-Miss: 1.0996 | Val Max Q-Miss: 0.4444 | Val Max Gen Viol: 1.4836 | Val Max Thermal: 0.1801
Epoch 6400 | Val Loss: 365.5329 | Val Cost:   -1.34 | Val Max P-Miss: 1.1203 | Val Max Q-Miss: 0.4583 | Val Max Gen Viol: 0.7988 | Val Max Thermal: 0.0000
Epoch 6410 | Val Loss: 181.9600 | Val Cost:   27.53 | Val Max P-Miss: 1.1147 | Val Max Q-Miss: 0.4407 | Val Max Gen Viol: 0.3498 | Val Max Thermal: 0.0000
Epoch 6420 | Val Loss: 165.8615 | Val Cost:   23.31 | Val Max P-Miss: 1.1092 | Val Max Q-Miss: 0.4439 | Val Max Gen Viol: 0.2197 | Val Max Thermal: 0.0000
Epoch 6430 | Val Loss: 156.8265 | Val Cost:   21.81 | Val Max P-Miss: 1.1091 | Val Max Q-Miss: 0.4446 | Val Max Gen Viol: 0.3499 | Val Max Thermal: 0.0000
Epoch 6440 | Val Loss: 148.4198 | Val Cost:   20.19 | Val Max P-Miss: 1.1093 | Val Max Q-Miss: 0.4446 | Val Max Gen Viol: 0.4397 | Val Max Thermal: 0.0000
Epoch 6450 | Val Loss: 144.6773 | Val Cost:   19.57 | Val Max P-Miss: 1.1026 | Val Max Q-Miss: 0.4455 | Val Max Gen Viol: 0.5380 | Val Max Thermal: 0.0000
Epoch 6460 | Val Loss: 157.0711 | Val Cost:   22.81 | Val Max P-Miss: 1.1023 | Val Max Q-Miss: 0.4420 | Val Max Gen Viol: 0.7997 | Val Max Thermal: 0.0000
Epoch 6470 | Val Loss: 158.0926 | Val Cost:   23.01 | Val Max P-Miss: 1.1114 | Val Max Q-Miss: 0.4423 | Val Max Gen Viol: 1.0103 | Val Max Thermal: 0.0000
Epoch 6480 | Val Loss: 150.6673 | Val Cost:   21.14 | Val Max P-Miss: 1.1110 | Val Max Q-Miss: 0.4418 | Val Max Gen Viol: 1.1654 | Val Max Thermal: 0.0000
Epoch 6490 | Val Loss: 154.4115 | Val Cost:   22.23 | Val Max P-Miss: 1.0986 | Val Max Q-Miss: 0.4418 | Val Max Gen Viol: 1.2862 | Val Max Thermal: 0.0000
Epoch 6500 | Val Loss: 161.3454 | Val Cost:   23.63 | Val Max P-Miss: 1.0957 | Val Max Q-Miss: 0.4429 | Val Max Gen Viol: 1.3796 | Val Max Thermal: 0.0000
Epoch 6510 | Val Loss: 158.6221 | Val Cost:   23.61 | Val Max P-Miss: 1.0978 | Val Max Q-Miss: 0.4378 | Val Max Gen Viol: 1.4518 | Val Max Thermal: 0.1138
Epoch 6520 | Val Loss: 155.7074 | Val Cost:   23.24 | Val Max P-Miss: 1.0988 | Val Max Q-Miss: 0.4385 | Val Max Gen Viol: 1.4985 | Val Max Thermal: 0.2557
Epoch 6530 | Val Loss: 151.8094 | Val Cost:   22.59 | Val Max P-Miss: 1.1014 | Val Max Q-Miss: 0.4385 | Val Max Gen Viol: 1.5210 | Val Max Thermal: 0.3122
Epoch 6540 | Val Loss: 153.5708 | Val Cost:   21.85 | Val Max P-Miss: 1.1024 | Val Max Q-Miss: 0.4418 | Val Max Gen Viol: 1.4478 | Val Max Thermal: 0.9371
Epoch 6550 | Val Loss: 151.6471 | Val Cost:   22.37 | Val Max P-Miss: 1.1032 | Val Max Q-Miss: 0.4348 | Val Max Gen Viol: 1.4753 | Val Max Thermal: 0.1558
Epoch 6560 | Val Loss: 909.4527 | Val Cost:   85.51 | Val Max P-Miss: 1.2923 | Val Max Q-Miss: 0.5756 | Val Max Gen Viol: 0.1815 | Val Max Thermal: 0.0000
Epoch 6570 | Val Loss: 192.1297 | Val Cost:  -25.85 | Val Max P-Miss: 1.1169 | Val Max Q-Miss: 0.4367 | Val Max Gen Viol: 0.0891 | Val Max Thermal: 0.0000
Epoch 6580 | Val Loss: 190.1104 | Val Cost:  -26.73 | Val Max P-Miss: 1.1127 | Val Max Q-Miss: 0.4350 | Val Max Gen Viol: 0.2356 | Val Max Thermal: 0.0000
Epoch 6590 | Val Loss: 189.9177 | Val Cost:  -27.57 | Val Max P-Miss: 1.1160 | Val Max Q-Miss: 0.4392 | Val Max Gen Viol: 0.4423 | Val Max Thermal: 0.0000
Epoch 6600 | Val Loss: 193.9450 | Val Cost:  -27.81 | Val Max P-Miss: 1.1206 | Val Max Q-Miss: 0.4399 | Val Max Gen Viol: 0.7877 | Val Max Thermal: 0.0000
Epoch 6610 | Val Loss: 174.4848 | Val Cost:  -25.13 | Val Max P-Miss: 1.1047 | Val Max Q-Miss: 0.4421 | Val Max Gen Viol: 0.9303 | Val Max Thermal: 0.0000
Epoch 6620 | Val Loss: 174.7971 | Val Cost:  -25.10 | Val Max P-Miss: 1.1026 | Val Max Q-Miss: 0.4431 | Val Max Gen Viol: 1.1066 | Val Max Thermal: 0.0000
Epoch 6630 | Val Loss: 183.2739 | Val Cost:  -25.02 | Val Max P-Miss: 1.1020 | Val Max Q-Miss: 0.4422 | Val Max Gen Viol: 1.1742 | Val Max Thermal: 0.0000
Epoch 6640 | Val Loss: 159.6634 | Val Cost:  -22.26 | Val Max P-Miss: 1.1031 | Val Max Q-Miss: 0.4413 | Val Max Gen Viol: 1.1802 | Val Max Thermal: 0.0000
Epoch 6650 | Val Loss: 162.5450 | Val Cost:  -22.95 | Val Max P-Miss: 1.1030 | Val Max Q-Miss: 0.4418 | Val Max Gen Viol: 1.3298 | Val Max Thermal: 0.0000
Epoch 6660 | Val Loss: 169.7815 | Val Cost:  -23.71 | Val Max P-Miss: 1.1026 | Val Max Q-Miss: 0.4423 | Val Max Gen Viol: 1.4092 | Val Max Thermal: 0.0000
Epoch 6670 | Val Loss: 172.1898 | Val Cost:  -24.41 | Val Max P-Miss: 1.1033 | Val Max Q-Miss: 0.4442 | Val Max Gen Viol: 1.4786 | Val Max Thermal: 0.0000
Epoch 6680 | Val Loss: 166.2108 | Val Cost:  -23.75 | Val Max P-Miss: 1.1036 | Val Max Q-Miss: 0.4415 | Val Max Gen Viol: 1.3442 | Val Max Thermal: 0.0000
Epoch 6690 | Val Loss: 171.5632 | Val Cost:  -24.97 | Val Max P-Miss: 1.1034 | Val Max Q-Miss: 0.4418 | Val Max Gen Viol: 1.5184 | Val Max Thermal: 0.4103
Epoch 6700 | Val Loss: 164.6577 | Val Cost:  -23.62 | Val Max P-Miss: 1.1037 | Val Max Q-Miss: 0.4406 | Val Max Gen Viol: 1.2780 | Val Max Thermal: 0.0000
Epoch 6710 | Val Loss: 170.7529 | Val Cost:  -24.92 | Val Max P-Miss: 1.1036 | Val Max Q-Miss: 0.4412 | Val Max Gen Viol: 1.5261 | Val Max Thermal: 0.3756
Epoch 6720 | Val Loss: 162.3911 | Val Cost:  -23.26 | Val Max P-Miss: 1.1037 | Val Max Q-Miss: 0.4418 | Val Max Gen Viol: 1.3389 | Val Max Thermal: 0.0000
Epoch 6730 | Val Loss: 170.0091 | Val Cost:  -24.24 | Val Max P-Miss: 1.1034 | Val Max Q-Miss: 0.4444 | Val Max Gen Viol: 1.5219 | Val Max Thermal: 0.7047
Epoch 6740 | Val Loss: 161.2163 | Val Cost:  -22.36 | Val Max P-Miss: 1.1037 | Val Max Q-Miss: 0.4453 | Val Max Gen Viol: 1.4535 | Val Max Thermal: 0.0241
Epoch 6750 | Val Loss: 165.7580 | Val Cost:  -22.97 | Val Max P-Miss: 1.1033 | Val Max Q-Miss: 0.4459 | Val Max Gen Viol: 1.5289 | Val Max Thermal: 0.3813
Epoch 6760 | Val Loss: 859.8518 | Val Cost:   15.28 | Val Max P-Miss: 1.1589 | Val Max Q-Miss: 0.8918 | Val Max Gen Viol: 0.9124 | Val Max Thermal: 0.0000
Epoch 6770 | Val Loss: 150.3562 | Val Cost:   20.96 | Val Max P-Miss: 1.1075 | Val Max Q-Miss: 0.4479 | Val Max Gen Viol: 0.1406 | Val Max Thermal: 0.0000
Epoch 6780 | Val Loss: 142.0037 | Val Cost:   18.61 | Val Max P-Miss: 1.1058 | Val Max Q-Miss: 0.4411 | Val Max Gen Viol: 0.4027 | Val Max Thermal: 0.0000
Epoch 6790 | Val Loss: 136.4718 | Val Cost:   17.66 | Val Max P-Miss: 1.1048 | Val Max Q-Miss: 0.4434 | Val Max Gen Viol: 0.4823 | Val Max Thermal: 0.0000
Epoch 6800 | Val Loss: 131.8796 | Val Cost:   16.31 | Val Max P-Miss: 1.1042 | Val Max Q-Miss: 0.4440 | Val Max Gen Viol: 0.6708 | Val Max Thermal: 0.0000
Epoch 6810 | Val Loss: 128.2537 | Val Cost:    8.38 | Val Max P-Miss: 1.1039 | Val Max Q-Miss: 0.4440 | Val Max Gen Viol: 0.9067 | Val Max Thermal: 0.0000 [*SAVED BEST*]
Epoch 6820 | Val Loss: 132.8473 | Val Cost:   15.71 | Val Max P-Miss: 1.1038 | Val Max Q-Miss: 0.4421 | Val Max Gen Viol: 1.0948 | Val Max Thermal: 0.0000
Epoch 6830 | Val Loss: 130.1122 | Val Cost:   16.57 | Val Max P-Miss: 1.1045 | Val Max Q-Miss: 0.4433 | Val Max Gen Viol: 1.2376 | Val Max Thermal: 0.0000
Epoch 6840 | Val Loss: 145.4966 | Val Cost:   20.54 | Val Max P-Miss: 1.1055 | Val Max Q-Miss: 0.4482 | Val Max Gen Viol: 1.2322 | Val Max Thermal: 0.0000
Epoch 6850 | Val Loss: 147.0398 | Val Cost:   21.06 | Val Max P-Miss: 1.1063 | Val Max Q-Miss: 0.4482 | Val Max Gen Viol: 1.2340 | Val Max Thermal: 0.0000
Epoch 6860 | Val Loss: 139.9567 | Val Cost:   19.52 | Val Max P-Miss: 1.1065 | Val Max Q-Miss: 0.4424 | Val Max Gen Viol: 1.2509 | Val Max Thermal: 0.0000
Epoch 6870 | Val Loss: 133.9828 | Val Cost:   17.64 | Val Max P-Miss: 1.1049 | Val Max Q-Miss: 0.4401 | Val Max Gen Viol: 1.3366 | Val Max Thermal: 0.0000
Epoch 6880 | Val Loss: 132.9532 | Val Cost:   12.97 | Val Max P-Miss: 1.0945 | Val Max Q-Miss: 0.4405 | Val Max Gen Viol: 1.4406 | Val Max Thermal: 0.0421
Epoch 6890 | Val Loss: 148.3365 | Val Cost:   13.56 | Val Max P-Miss: 1.0935 | Val Max Q-Miss: 0.4406 | Val Max Gen Viol: 1.4999 | Val Max Thermal: 0.2492
Epoch 6900 | Val Loss: 141.3438 | Val Cost:   15.63 | Val Max P-Miss: 1.1069 | Val Max Q-Miss: 0.4402 | Val Max Gen Viol: 1.5307 | Val Max Thermal: 0.3692
Epoch 6910 | Val Loss: 134.5545 | Val Cost:   12.90 | Val Max P-Miss: 1.1047 | Val Max Q-Miss: 0.4398 | Val Max Gen Viol: 1.5517 | Val Max Thermal: 0.4493
Epoch 6920 | Val Loss: 136.3720 | Val Cost:   15.27 | Val Max P-Miss: 1.1001 | Val Max Q-Miss: 0.4379 | Val Max Gen Viol: 1.4824 | Val Max Thermal: 0.4196
Epoch 6930 | Val Loss: 139.5307 | Val Cost:   17.59 | Val Max P-Miss: 1.1012 | Val Max Q-Miss: 0.4398 | Val Max Gen Viol: 1.5364 | Val Max Thermal: 0.3763
Epoch 6940 | Val Loss: 136.2797 | Val Cost:   17.18 | Val Max P-Miss: 1.1026 | Val Max Q-Miss: 0.4396 | Val Max Gen Viol: 1.5703 | Val Max Thermal: 0.6982
Epoch 6950 | Val Loss: 141.9805 | Val Cost:   18.91 | Val Max P-Miss: 1.1029 | Val Max Q-Miss: 0.4403 | Val Max Gen Viol: 1.4705 | Val Max Thermal: 0.1741
Epoch 6960 | Val Loss: 138.4475 | Val Cost:   17.96 | Val Max P-Miss: 1.1033 | Val Max Q-Miss: 0.4401 | Val Max Gen Viol: 1.5709 | Val Max Thermal: 0.5155
Epoch 6970 | Val Loss: 150.8330 | Val Cost:   20.81 | Val Max P-Miss: 1.1034 | Val Max Q-Miss: 0.4381 | Val Max Gen Viol: 1.1681 | Val Max Thermal: 0.0000
Epoch 6980 | Val Loss: 140.9460 | Val Cost:   19.09 | Val Max P-Miss: 1.1038 | Val Max Q-Miss: 0.4404 | Val Max Gen Viol: 1.5300 | Val Max Thermal: 0.3761
Epoch 6990 | Val Loss: 651.3168 | Val Cost:   17.10 | Val Max P-Miss: 1.1377 | Val Max Q-Miss: 0.5514 | Val Max Gen Viol: 1.5139 | Val Max Thermal: 2.1339
Epoch 7000 | Val Loss: 170.3840 | Val Cost:  -27.02 | Val Max P-Miss: 1.1130 | Val Max Q-Miss: 0.4342 | Val Max Gen Viol: 0.3583 | Val Max Thermal: 0.0000
Epoch 7010 | Val Loss: 166.9191 | Val Cost:  -24.12 | Val Max P-Miss: 1.1043 | Val Max Q-Miss: 0.4390 | Val Max Gen Viol: 0.5330 | Val Max Thermal: 0.0000
Epoch 7020 | Val Loss: 168.9694 | Val Cost:  -25.09 | Val Max P-Miss: 1.1032 | Val Max Q-Miss: 0.4421 | Val Max Gen Viol: 1.0988 | Val Max Thermal: 0.0000
Epoch 7030 | Val Loss: 170.9125 | Val Cost:  -25.66 | Val Max P-Miss: 1.1027 | Val Max Q-Miss: 0.4430 | Val Max Gen Viol: 1.3695 | Val Max Thermal: 0.0000
Epoch 7040 | Val Loss: 162.2086 | Val Cost:  -24.04 | Val Max P-Miss: 1.1032 | Val Max Q-Miss: 0.4431 | Val Max Gen Viol: 1.2424 | Val Max Thermal: 0.0000
Epoch 7050 | Val Loss: 167.3073 | Val Cost:  -25.97 | Val Max P-Miss: 1.1019 | Val Max Q-Miss: 0.4435 | Val Max Gen Viol: 1.4871 | Val Max Thermal: 0.0109
Epoch 7060 | Val Loss: 162.0575 | Val Cost:  -22.58 | Val Max P-Miss: 1.1012 | Val Max Q-Miss: 0.4430 | Val Max Gen Viol: 1.3216 | Val Max Thermal: 0.0000
Epoch 7070 | Val Loss: 155.3562 | Val Cost:  -18.56 | Val Max P-Miss: 1.0992 | Val Max Q-Miss: 0.4410 | Val Max Gen Viol: 1.4792 | Val Max Thermal: 0.1794
Epoch 7080 | Val Loss: 163.8060 | Val Cost:  -21.60 | Val Max P-Miss: 1.1001 | Val Max Q-Miss: 0.4423 | Val Max Gen Viol: 1.5416 | Val Max Thermal: 0.5476
Epoch 7090 | Val Loss: 436.3894 | Val Cost:  -25.65 | Val Max P-Miss: 1.1069 | Val Max Q-Miss: 0.5450 | Val Max Gen Viol: 0.8812 | Val Max Thermal: 0.0000
Epoch 7100 | Val Loss: 155.3215 | Val Cost:   20.96 | Val Max P-Miss: 1.1058 | Val Max Q-Miss: 0.4402 | Val Max Gen Viol: 0.3147 | Val Max Thermal: 0.0000
Epoch 7110 | Val Loss: 153.4653 | Val Cost:   21.38 | Val Max P-Miss: 1.1054 | Val Max Q-Miss: 0.4365 | Val Max Gen Viol: 0.4234 | Val Max Thermal: 0.0000
Epoch 7120 | Val Loss: 151.3318 | Val Cost:   21.30 | Val Max P-Miss: 1.1049 | Val Max Q-Miss: 0.4417 | Val Max Gen Viol: 0.5473 | Val Max Thermal: 0.0000
Epoch 7130 | Val Loss: 149.8079 | Val Cost:   21.14 | Val Max P-Miss: 1.1043 | Val Max Q-Miss: 0.4433 | Val Max Gen Viol: 0.8743 | Val Max Thermal: 0.0000
Epoch 7140 | Val Loss: 149.7499 | Val Cost:   20.95 | Val Max P-Miss: 1.1045 | Val Max Q-Miss: 0.4427 | Val Max Gen Viol: 1.1106 | Val Max Thermal: 0.0000
Epoch 7150 | Val Loss: 149.5194 | Val Cost:   21.71 | Val Max P-Miss: 1.1040 | Val Max Q-Miss: 0.4431 | Val Max Gen Viol: 1.2707 | Val Max Thermal: 0.0000
Epoch 7160 | Val Loss: 148.4325 | Val Cost:   21.75 | Val Max P-Miss: 1.1032 | Val Max Q-Miss: 0.4443 | Val Max Gen Viol: 1.3963 | Val Max Thermal: 0.0000
Epoch 7170 | Val Loss: 144.1476 | Val Cost:   21.14 | Val Max P-Miss: 1.1035 | Val Max Q-Miss: 0.4434 | Val Max Gen Viol: 1.4733 | Val Max Thermal: 0.1721
Epoch 7180 | Val Loss: 152.2651 | Val Cost:   23.55 | Val Max P-Miss: 1.1022 | Val Max Q-Miss: 0.4417 | Val Max Gen Viol: 1.2309 | Val Max Thermal: 0.0000
Epoch 7190 | Val Loss: 148.1210 | Val Cost:   23.61 | Val Max P-Miss: 1.1038 | Val Max Q-Miss: 0.4424 | Val Max Gen Viol: 1.4863 | Val Max Thermal: 0.2004
Epoch 7200 | Val Loss: 785.6964 | Val Cost:   25.63 | Val Max P-Miss: 1.1720 | Val Max Q-Miss: 1.5717 | Val Max Gen Viol: 0.1738 | Val Max Thermal: 0.0000
Epoch 7210 | Val Loss: 152.8710 | Val Cost:   21.65 | Val Max P-Miss: 1.1061 | Val Max Q-Miss: 0.4398 | Val Max Gen Viol: 0.4428 | Val Max Thermal: 0.0000
Epoch 7220 | Val Loss: 147.3927 | Val Cost:   20.55 | Val Max P-Miss: 1.1051 | Val Max Q-Miss: 0.4436 | Val Max Gen Viol: 0.6343 | Val Max Thermal: 0.0000
Epoch 7230 | Val Loss: 146.2039 | Val Cost:   15.52 | Val Max P-Miss: 1.1049 | Val Max Q-Miss: 0.4436 | Val Max Gen Viol: 0.8919 | Val Max Thermal: 0.0000
Epoch 7240 | Val Loss: 148.6184 | Val Cost:   13.90 | Val Max P-Miss: 1.1046 | Val Max Q-Miss: 0.4427 | Val Max Gen Viol: 1.0920 | Val Max Thermal: 0.0000
Epoch 7250 | Val Loss: 151.4938 | Val Cost:   16.49 | Val Max P-Miss: 1.1064 | Val Max Q-Miss: 0.4357 | Val Max Gen Viol: 1.0294 | Val Max Thermal: 0.0000
Epoch 7260 | Val Loss: 147.3016 | Val Cost:   20.43 | Val Max P-Miss: 1.1073 | Val Max Q-Miss: 0.4394 | Val Max Gen Viol: 0.8366 | Val Max Thermal: 0.0000
Epoch 7270 | Val Loss: 146.8178 | Val Cost:   19.62 | Val Max P-Miss: 1.1074 | Val Max Q-Miss: 0.4415 | Val Max Gen Viol: 1.2137 | Val Max Thermal: 0.0000
Epoch 7280 | Val Loss: 147.6198 | Val Cost:   19.87 | Val Max P-Miss: 1.1031 | Val Max Q-Miss: 0.4421 | Val Max Gen Viol: 1.3642 | Val Max Thermal: 0.0000
Epoch 7290 | Val Loss: 149.5035 | Val Cost:   20.71 | Val Max P-Miss: 1.1019 | Val Max Q-Miss: 0.4415 | Val Max Gen Viol: 1.4533 | Val Max Thermal: 0.0875
Epoch 7300 | Val Loss: 148.6088 | Val Cost:   20.73 | Val Max P-Miss: 1.1033 | Val Max Q-Miss: 0.4410 | Val Max Gen Viol: 1.4193 | Val Max Thermal: 0.0000
Epoch 7310 | Val Loss: 154.7739 | Val Cost:   18.84 | Val Max P-Miss: 1.1046 | Val Max Q-Miss: 0.4386 | Val Max Gen Viol: 1.1730 | Val Max Thermal: 0.0000
Epoch 7320 | Val Loss: 147.9217 | Val Cost:   20.74 | Val Max P-Miss: 1.1040 | Val Max Q-Miss: 0.4396 | Val Max Gen Viol: 1.3845 | Val Max Thermal: 0.0000
Epoch 7330 | Val Loss: 144.2547 | Val Cost:   19.97 | Val Max P-Miss: 1.1041 | Val Max Q-Miss: 0.4399 | Val Max Gen Viol: 1.5373 | Val Max Thermal: 0.3855
Epoch 7340 | Val Loss: 151.7747 | Val Cost:   21.75 | Val Max P-Miss: 1.1048 | Val Max Q-Miss: 0.4478 | Val Max Gen Viol: 0.5523 | Val Max Thermal: 0.0000
Epoch 7350 | Val Loss: 598.4310 | Val Cost:   13.31 | Val Max P-Miss: 1.2288 | Val Max Q-Miss: 0.4595 | Val Max Gen Viol: 0.3080 | Val Max Thermal: 0.0000
Epoch 7360 | Val Loss: 190.5725 | Val Cost:   27.98 | Val Max P-Miss: 1.1151 | Val Max Q-Miss: 0.4482 | Val Max Gen Viol: 1.0094 | Val Max Thermal: 0.0000
Epoch 7370 | Val Loss: 160.6556 | Val Cost:   22.09 | Val Max P-Miss: 1.0987 | Val Max Q-Miss: 0.4410 | Val Max Gen Viol: 0.7194 | Val Max Thermal: 0.0000
Epoch 7380 | Val Loss: 158.3029 | Val Cost:   22.36 | Val Max P-Miss: 1.1054 | Val Max Q-Miss: 0.4456 | Val Max Gen Viol: 0.4181 | Val Max Thermal: 0.0000
Epoch 7390 | Val Loss: 154.5452 | Val Cost:   21.96 | Val Max P-Miss: 1.1046 | Val Max Q-Miss: 0.4480 | Val Max Gen Viol: 0.6651 | Val Max Thermal: 0.0000
Epoch 7400 | Val Loss: 151.6259 | Val Cost:   21.54 | Val Max P-Miss: 1.1042 | Val Max Q-Miss: 0.4476 | Val Max Gen Viol: 0.9153 | Val Max Thermal: 0.0000
Epoch 7410 | Val Loss: 149.1114 | Val Cost:   21.16 | Val Max P-Miss: 1.1041 | Val Max Q-Miss: 0.4464 | Val Max Gen Viol: 1.1013 | Val Max Thermal: 0.0000
Epoch 7420 | Val Loss: 147.0948 | Val Cost:   20.77 | Val Max P-Miss: 1.1041 | Val Max Q-Miss: 0.4455 | Val Max Gen Viol: 1.2363 | Val Max Thermal: 0.0000
Epoch 7430 | Val Loss: 145.4203 | Val Cost:   20.44 | Val Max P-Miss: 1.1041 | Val Max Q-Miss: 0.4447 | Val Max Gen Viol: 1.3292 | Val Max Thermal: 0.0000
Epoch 7440 | Val Loss: 145.2336 | Val Cost:   20.24 | Val Max P-Miss: 1.1039 | Val Max Q-Miss: 0.4433 | Val Max Gen Viol: 1.4074 | Val Max Thermal: 0.0000
Epoch 7450 | Val Loss: 147.4612 | Val Cost:   20.36 | Val Max P-Miss: 1.1035 | Val Max Q-Miss: 0.4417 | Val Max Gen Viol: 1.4566 | Val Max Thermal: 0.1213
Epoch 7460 | Val Loss: 147.7892 | Val Cost:   21.22 | Val Max P-Miss: 1.1040 | Val Max Q-Miss: 0.4421 | Val Max Gen Viol: 1.4839 | Val Max Thermal: 0.2172
Epoch 7470 | Val Loss: 146.2971 | Val Cost:   20.81 | Val Max P-Miss: 1.1044 | Val Max Q-Miss: 0.4423 | Val Max Gen Viol: 1.5028 | Val Max Thermal: 0.2836
Epoch 7480 | Val Loss: 143.3561 | Val Cost:   20.40 | Val Max P-Miss: 1.1043 | Val Max Q-Miss: 0.4422 | Val Max Gen Viol: 1.5167 | Val Max Thermal: 0.3271
Epoch 7490 | Val Loss: 143.9778 | Val Cost:   20.09 | Val Max P-Miss: 1.1045 | Val Max Q-Miss: 0.4427 | Val Max Gen Viol: 1.5111 | Val Max Thermal: 0.0000
Epoch 7500 | Val Loss: 144.2452 | Val Cost:   21.46 | Val Max P-Miss: 1.1045 | Val Max Q-Miss: 0.4437 | Val Max Gen Viol: 1.4302 | Val Max Thermal: 0.0493
Epoch 7510 | Val Loss: 141.6883 | Val Cost:   20.80 | Val Max P-Miss: 1.1046 | Val Max Q-Miss: 0.4410 | Val Max Gen Viol: 1.5326 | Val Max Thermal: 0.3871
Epoch 7520 | Val Loss: 147.0282 | Val Cost:   17.96 | Val Max P-Miss: 1.1047 | Val Max Q-Miss: 0.4369 | Val Max Gen Viol: 1.5030 | Val Max Thermal: 0.0000
Epoch 7530 | Val Loss: 142.3897 | Val Cost:   18.85 | Val Max P-Miss: 1.1047 | Val Max Q-Miss: 0.4376 | Val Max Gen Viol: 1.5296 | Val Max Thermal: 0.3786
Epoch 7540 | Val Loss: 1221.4637 | Val Cost:  -17.25 | Val Max P-Miss: 1.1270 | Val Max Q-Miss: 0.9875 | Val Max Gen Viol: 1.4291 | Val Max Thermal: 0.0000
Epoch 7550 | Val Loss: 190.5877 | Val Cost:   32.69 | Val Max P-Miss: 1.1079 | Val Max Q-Miss: 0.4341 | Val Max Gen Viol: 0.2910 | Val Max Thermal: 0.0000
Epoch 7560 | Val Loss: 164.0268 | Val Cost:   23.54 | Val Max P-Miss: 1.1050 | Val Max Q-Miss: 0.4429 | Val Max Gen Viol: 0.4339 | Val Max Thermal: 0.0000
Epoch 7570 | Val Loss: 160.4933 | Val Cost:   23.18 | Val Max P-Miss: 1.1040 | Val Max Q-Miss: 0.4464 | Val Max Gen Viol: 0.6029 | Val Max Thermal: 0.0000
Epoch 7580 | Val Loss: 157.5937 | Val Cost:   22.70 | Val Max P-Miss: 1.1032 | Val Max Q-Miss: 0.4473 | Val Max Gen Viol: 0.8851 | Val Max Thermal: 0.0000
Epoch 7590 | Val Loss: 155.5923 | Val Cost:   22.22 | Val Max P-Miss: 1.1029 | Val Max Q-Miss: 0.4469 | Val Max Gen Viol: 1.0903 | Val Max Thermal: 0.0000
Epoch 7600 | Val Loss: 155.0561 | Val Cost:   21.67 | Val Max P-Miss: 1.1027 | Val Max Q-Miss: 0.4461 | Val Max Gen Viol: 1.2296 | Val Max Thermal: 0.0000
Epoch 7610 | Val Loss: 154.2871 | Val Cost:   21.23 | Val Max P-Miss: 1.1029 | Val Max Q-Miss: 0.4449 | Val Max Gen Viol: 1.3229 | Val Max Thermal: 0.0000
Epoch 7620 | Val Loss: 149.1253 | Val Cost:   21.50 | Val Max P-Miss: 1.1038 | Val Max Q-Miss: 0.4437 | Val Max Gen Viol: 1.4274 | Val Max Thermal: 0.0319
Epoch 7630 | Val Loss: 147.5941 | Val Cost:   21.20 | Val Max P-Miss: 1.1041 | Val Max Q-Miss: 0.4431 | Val Max Gen Viol: 1.4843 | Val Max Thermal: 0.2255
Epoch 7640 | Val Loss: 145.3040 | Val Cost:   20.71 | Val Max P-Miss: 1.1042 | Val Max Q-Miss: 0.4421 | Val Max Gen Viol: 1.4788 | Val Max Thermal: 0.0000
Epoch 7650 | Val Loss: 142.2514 | Val Cost:   20.22 | Val Max P-Miss: 1.1042 | Val Max Q-Miss: 0.4420 | Val Max Gen Viol: 1.5257 | Val Max Thermal: 0.3906
Epoch 7660 | Val Loss: 144.3202 | Val Cost:   20.02 | Val Max P-Miss: 1.1043 | Val Max Q-Miss: 0.4637 | Val Max Gen Viol: 1.5300 | Val Max Thermal: 0.3805
Epoch 7670 | Val Loss: 146.2534 | Val Cost:   22.32 | Val Max P-Miss: 1.1047 | Val Max Q-Miss: 0.4404 | Val Max Gen Viol: 1.5259 | Val Max Thermal: 0.4065
Epoch 7680 | Val Loss: 143.1869 | Val Cost:   21.85 | Val Max P-Miss: 1.1049 | Val Max Q-Miss: 0.4409 | Val Max Gen Viol: 1.5068 | Val Max Thermal: 0.4339
Epoch 7690 | Val Loss: 140.2233 | Val Cost:   18.47 | Val Max P-Miss: 1.1053 | Val Max Q-Miss: 0.4408 | Val Max Gen Viol: 1.5318 | Val Max Thermal: 0.4436
Epoch 7700 | Val Loss: 149.0056 | Val Cost:   19.62 | Val Max P-Miss: 1.1054 | Val Max Q-Miss: 0.4526 | Val Max Gen Viol: 1.5038 | Val Max Thermal: 0.0172
Epoch 7710 | Val Loss: 147.6555 | Val Cost:   20.24 | Val Max P-Miss: 1.1055 | Val Max Q-Miss: 0.4410 | Val Max Gen Viol: 1.5480 | Val Max Thermal: 0.7429
Epoch 7720 | Val Loss: 147.0085 | Val Cost:   20.16 | Val Max P-Miss: 1.1030 | Val Max Q-Miss: 0.4412 | Val Max Gen Viol: 1.5644 | Val Max Thermal: 0.0220
Epoch 7730 | Val Loss: 142.6094 | Val Cost:   19.28 | Val Max P-Miss: 1.1034 | Val Max Q-Miss: 0.4416 | Val Max Gen Viol: 1.5583 | Val Max Thermal: 0.5262
Epoch 7740 | Val Loss: 149.2403 | Val Cost:   18.66 | Val Max P-Miss: 1.1047 | Val Max Q-Miss: 0.4290 | Val Max Gen Viol: 1.5519 | Val Max Thermal: 0.6656
Epoch 7750 | Val Loss: 919.8633 | Val Cost:   45.06 | Val Max P-Miss: 1.1112 | Val Max Q-Miss: 1.4159 | Val Max Gen Viol: 1.3459 | Val Max Thermal: 2.1228
Epoch 7760 | Val Loss: 163.7853 | Val Cost:  -29.32 | Val Max P-Miss: 1.1089 | Val Max Q-Miss: 0.4412 | Val Max Gen Viol: 0.1850 | Val Max Thermal: 0.0000
Epoch 7770 | Val Loss: 162.6670 | Val Cost:  -22.07 | Val Max P-Miss: 1.1075 | Val Max Q-Miss: 0.4418 | Val Max Gen Viol: 0.2978 | Val Max Thermal: 0.0000
Epoch 7780 | Val Loss: 161.9408 | Val Cost:  -21.92 | Val Max P-Miss: 1.1071 | Val Max Q-Miss: 0.4408 | Val Max Gen Viol: 0.4108 | Val Max Thermal: 0.0000
Epoch 7790 | Val Loss: 161.5981 | Val Cost:  -22.13 | Val Max P-Miss: 1.1062 | Val Max Q-Miss: 0.4416 | Val Max Gen Viol: 0.6032 | Val Max Thermal: 0.0000
Epoch 7800 | Val Loss: 161.8247 | Val Cost:  -22.39 | Val Max P-Miss: 1.1054 | Val Max Q-Miss: 0.4434 | Val Max Gen Viol: 0.9490 | Val Max Thermal: 0.0000
Epoch 7810 | Val Loss: 162.5670 | Val Cost:  -22.66 | Val Max P-Miss: 1.1051 | Val Max Q-Miss: 0.4438 | Val Max Gen Viol: 1.1887 | Val Max Thermal: 0.0000
Epoch 7820 | Val Loss: 163.6364 | Val Cost:  -22.99 | Val Max P-Miss: 1.1050 | Val Max Q-Miss: 0.4434 | Val Max Gen Viol: 1.3472 | Val Max Thermal: 0.0000
Epoch 7830 | Val Loss: 164.8592 | Val Cost:  -23.33 | Val Max P-Miss: 1.1047 | Val Max Q-Miss: 0.4429 | Val Max Gen Viol: 1.4530 | Val Max Thermal: 0.0818
Epoch 7840 | Val Loss: 166.4382 | Val Cost:  -23.76 | Val Max P-Miss: 1.1051 | Val Max Q-Miss: 0.4423 | Val Max Gen Viol: 1.4943 | Val Max Thermal: 0.4155
Epoch 7850 | Val Loss: 143.6931 | Val Cost:  -18.72 | Val Max P-Miss: 1.1052 | Val Max Q-Miss: 0.4416 | Val Max Gen Viol: 1.5213 | Val Max Thermal: 0.4033
Epoch 7860 | Val Loss: 145.4439 | Val Cost:  -19.30 | Val Max P-Miss: 1.1047 | Val Max Q-Miss: 0.4412 | Val Max Gen Viol: 1.5409 | Val Max Thermal: 0.4521
Epoch 7870 | Val Loss: 147.4576 | Val Cost:  -19.94 | Val Max P-Miss: 1.1047 | Val Max Q-Miss: 0.4409 | Val Max Gen Viol: 1.5523 | Val Max Thermal: 0.4871
Epoch 7880 | Val Loss: 150.0447 | Val Cost:  -20.70 | Val Max P-Miss: 1.1046 | Val Max Q-Miss: 0.4409 | Val Max Gen Viol: 1.5583 | Val Max Thermal: 0.5021
Epoch 7890 | Val Loss: 152.8126 | Val Cost:  -21.73 | Val Max P-Miss: 1.1044 | Val Max Q-Miss: 0.4409 | Val Max Gen Viol: 1.5587 | Val Max Thermal: 0.5007
Epoch 7900 | Val Loss: 150.9690 | Val Cost:  -22.74 | Val Max P-Miss: 1.1052 | Val Max Q-Miss: 0.4403 | Val Max Gen Viol: 1.5630 | Val Max Thermal: 0.5322
Epoch 7910 | Val Loss: 154.2344 | Val Cost:  -20.06 | Val Max P-Miss: 1.1057 | Val Max Q-Miss: 0.4399 | Val Max Gen Viol: 1.5569 | Val Max Thermal: 0.5089
Epoch 7920 | Val Loss: 151.3541 | Val Cost:  -18.38 | Val Max P-Miss: 1.1051 | Val Max Q-Miss: 0.4362 | Val Max Gen Viol: 1.5706 | Val Max Thermal: 0.5421
Epoch 7930 | Val Loss: 152.3482 | Val Cost:  -19.51 | Val Max P-Miss: 1.1101 | Val Max Q-Miss: 0.4342 | Val Max Gen Viol: 1.5776 | Val Max Thermal: 0.5686
Epoch 7940 | Val Loss: 161.0161 | Val Cost:  -20.31 | Val Max P-Miss: 1.1110 | Val Max Q-Miss: 0.4351 | Val Max Gen Viol: 1.5759 | Val Max Thermal: 0.0000
Epoch 7950 | Val Loss: 154.3876 | Val Cost:  -20.32 | Val Max P-Miss: 1.1079 | Val Max Q-Miss: 0.4422 | Val Max Gen Viol: 1.5396 | Val Max Thermal: 0.4114
Epoch 7960 | Val Loss: 153.9143 | Val Cost:  -20.03 | Val Max P-Miss: 1.1123 | Val Max Q-Miss: 0.4412 | Val Max Gen Viol: 1.3905 | Val Max Thermal: 0.0000
Epoch 7970 | Val Loss: 156.3085 | Val Cost:  -21.01 | Val Max P-Miss: 1.1052 | Val Max Q-Miss: 0.4413 | Val Max Gen Viol: 1.5524 | Val Max Thermal: 0.4711
Epoch 7980 | Val Loss: 152.7520 | Val Cost:  -20.63 | Val Max P-Miss: 1.1058 | Val Max Q-Miss: 0.4397 | Val Max Gen Viol: 1.4124 | Val Max Thermal: 0.1385
Epoch 7990 | Val Loss: 140.9536 | Val Cost:  -17.77 | Val Max P-Miss: 1.1041 | Val Max Q-Miss: 0.4396 | Val Max Gen Viol: 1.5586 | Val Max Thermal: 0.5032
Epoch 8000 | Val Loss: 226.6521 | Val Cost:   13.90 | Val Max P-Miss: 1.1121 | Val Max Q-Miss: 0.4389 | Val Max Gen Viol: 0.3486 | Val Max Thermal: 0.0000
Epoch 8010 | Val Loss: 143.3172 | Val Cost:   18.37 | Val Max P-Miss: 1.1058 | Val Max Q-Miss: 0.4403 | Val Max Gen Viol: 0.4257 | Val Max Thermal: 0.0000
Epoch 8020 | Val Loss: 140.0085 | Val Cost:   18.00 | Val Max P-Miss: 1.1045 | Val Max Q-Miss: 0.4442 | Val Max Gen Viol: 0.6075 | Val Max Thermal: 0.0000
Epoch 8030 | Val Loss: 137.5889 | Val Cost:   17.67 | Val Max P-Miss: 1.1040 | Val Max Q-Miss: 0.4462 | Val Max Gen Viol: 0.9766 | Val Max Thermal: 0.0000
Epoch 8040 | Val Loss: 136.8079 | Val Cost:   17.58 | Val Max P-Miss: 1.1042 | Val Max Q-Miss: 0.4465 | Val Max Gen Viol: 1.2116 | Val Max Thermal: 0.0000
Epoch 8050 | Val Loss: 135.4430 | Val Cost:   17.40 | Val Max P-Miss: 1.1040 | Val Max Q-Miss: 0.4457 | Val Max Gen Viol: 1.3627 | Val Max Thermal: 0.0000
Epoch 8060 | Val Loss: 134.3000 | Val Cost:   20.66 | Val Max P-Miss: 1.1040 | Val Max Q-Miss: 0.4450 | Val Max Gen Viol: 1.4618 | Val Max Thermal: 0.1475
Epoch 8070 | Val Loss: 135.1415 | Val Cost:   18.39 | Val Max P-Miss: 1.1042 | Val Max Q-Miss: 0.4460 | Val Max Gen Viol: 1.5018 | Val Max Thermal: 0.2840
Epoch 8080 | Val Loss: 133.5600 | Val Cost:   16.97 | Val Max P-Miss: 1.1042 | Val Max Q-Miss: 0.4453 | Val Max Gen Viol: 1.5180 | Val Max Thermal: 0.3397
Epoch 8090 | Val Loss: 132.1226 | Val Cost:   16.51 | Val Max P-Miss: 1.1043 | Val Max Q-Miss: 0.4452 | Val Max Gen Viol: 1.5273 | Val Max Thermal: 0.3756
Epoch 8100 | Val Loss: 132.1052 | Val Cost:    4.08 | Val Max P-Miss: 1.1044 | Val Max Q-Miss: 0.4456 | Val Max Gen Viol: 1.5327 | Val Max Thermal: 0.3428
Epoch 8110 | Val Loss: 134.4844 | Val Cost:   16.87 | Val Max P-Miss: 1.1045 | Val Max Q-Miss: 0.4463 | Val Max Gen Viol: 1.5010 | Val Max Thermal: 0.2630
Epoch 8120 | Val Loss: 134.7306 | Val Cost:   17.42 | Val Max P-Miss: 1.1047 | Val Max Q-Miss: 0.4433 | Val Max Gen Viol: 1.5191 | Val Max Thermal: 0.3531
Epoch 8130 | Val Loss: 135.5143 | Val Cost:   17.49 | Val Max P-Miss: 1.1049 | Val Max Q-Miss: 0.4392 | Val Max Gen Viol: 1.5149 | Val Max Thermal: 0.3385
Epoch 8140 | Val Loss: 132.9174 | Val Cost:   16.57 | Val Max P-Miss: 1.1049 | Val Max Q-Miss: 0.4399 | Val Max Gen Viol: 1.5285 | Val Max Thermal: 0.3730
Epoch 8150 | Val Loss: 133.1574 | Val Cost:    7.02 | Val Max P-Miss: 1.1049 | Val Max Q-Miss: 0.4397 | Val Max Gen Viol: 1.5380 | Val Max Thermal: 0.4078
Epoch 8160 | Val Loss: 513.8444 | Val Cost:  -26.02 | Val Max P-Miss: 1.2727 | Val Max Q-Miss: 0.9111 | Val Max Gen Viol: 0.4053 | Val Max Thermal: 0.0000
Epoch 8170 | Val Loss: 156.9430 | Val Cost:  -20.24 | Val Max P-Miss: 1.1056 | Val Max Q-Miss: 0.4418 | Val Max Gen Viol: 1.1001 | Val Max Thermal: 0.0000
Epoch 8180 | Val Loss: 155.6048 | Val Cost:  -19.13 | Val Max P-Miss: 1.1057 | Val Max Q-Miss: 0.4353 | Val Max Gen Viol: 0.7615 | Val Max Thermal: 0.0000
Epoch 8190 | Val Loss: 152.0278 | Val Cost:  -18.67 | Val Max P-Miss: 1.1042 | Val Max Q-Miss: 0.4365 | Val Max Gen Viol: 0.5702 | Val Max Thermal: 0.0000
Epoch 8200 | Val Loss: 152.1281 | Val Cost:  -18.61 | Val Max P-Miss: 1.1042 | Val Max Q-Miss: 0.4375 | Val Max Gen Viol: 0.9790 | Val Max Thermal: 0.0000
Epoch 8210 | Val Loss: 148.7041 | Val Cost:  -18.74 | Val Max P-Miss: 1.1043 | Val Max Q-Miss: 0.4377 | Val Max Gen Viol: 1.1670 | Val Max Thermal: 0.0000
Epoch 8220 | Val Loss: 149.4792 | Val Cost:  -19.41 | Val Max P-Miss: 1.1049 | Val Max Q-Miss: 0.4460 | Val Max Gen Viol: 1.3140 | Val Max Thermal: 0.0000
Epoch 8230 | Val Loss: 149.9073 | Val Cost:  -19.61 | Val Max P-Miss: 1.1047 | Val Max Q-Miss: 0.4437 | Val Max Gen Viol: 1.4247 | Val Max Thermal: 0.0187
Epoch 8240 | Val Loss: 150.2987 | Val Cost:  -19.77 | Val Max P-Miss: 1.1047 | Val Max Q-Miss: 0.4425 | Val Max Gen Viol: 1.4926 | Val Max Thermal: 0.2625
Epoch 8250 | Val Loss: 150.6222 | Val Cost:  -20.06 | Val Max P-Miss: 1.1050 | Val Max Q-Miss: 0.4433 | Val Max Gen Viol: 1.5302 | Val Max Thermal: 0.3834
Epoch 8260 | Val Loss: 152.2540 | Val Cost:  -20.53 | Val Max P-Miss: 1.1048 | Val Max Q-Miss: 0.4426 | Val Max Gen Viol: 1.5539 | Val Max Thermal: 0.4665
Epoch 8270 | Val Loss: 158.3321 | Val Cost:  -41.30 | Val Max P-Miss: 1.1055 | Val Max Q-Miss: 0.4389 | Val Max Gen Viol: 1.5364 | Val Max Thermal: 0.5014
Epoch 8280 | Val Loss: 336.1029 | Val Cost:  -57.17 | Val Max P-Miss: 1.0613 | Val Max Q-Miss: 0.4269 | Val Max Gen Viol: 0.2139 | Val Max Thermal: 0.0000
Epoch 8290 | Val Loss: 157.9770 | Val Cost:    1.33 | Val Max P-Miss: 1.1017 | Val Max Q-Miss: 0.4389 | Val Max Gen Viol: 0.1454 | Val Max Thermal: 0.0000
Epoch 8300 | Val Loss: 144.9372 | Val Cost:   18.23 | Val Max P-Miss: 1.1063 | Val Max Q-Miss: 0.4372 | Val Max Gen Viol: 0.3788 | Val Max Thermal: 0.0000
Epoch 8310 | Val Loss: 144.1586 | Val Cost:   18.32 | Val Max P-Miss: 1.1059 | Val Max Q-Miss: 0.4384 | Val Max Gen Viol: 0.4250 | Val Max Thermal: 0.0000
Epoch 8320 | Val Loss: 143.4864 | Val Cost:   18.27 | Val Max P-Miss: 1.1056 | Val Max Q-Miss: 0.4396 | Val Max Gen Viol: 0.4453 | Val Max Thermal: 0.0000
Epoch 8330 | Val Loss: 142.6945 | Val Cost:   18.23 | Val Max P-Miss: 1.1052 | Val Max Q-Miss: 0.4413 | Val Max Gen Viol: 0.4708 | Val Max Thermal: 0.0000
Epoch 8340 | Val Loss: 141.7271 | Val Cost:   18.25 | Val Max P-Miss: 1.1049 | Val Max Q-Miss: 0.4437 | Val Max Gen Viol: 0.5475 | Val Max Thermal: 0.0000
Epoch 8350 | Val Loss: 140.8356 | Val Cost:   18.22 | Val Max P-Miss: 1.1045 | Val Max Q-Miss: 0.4451 | Val Max Gen Viol: 0.6043 | Val Max Thermal: 0.0000
Epoch 8360 | Val Loss: 139.9596 | Val Cost:   18.16 | Val Max P-Miss: 1.1043 | Val Max Q-Miss: 0.4455 | Val Max Gen Viol: 0.6374 | Val Max Thermal: 0.0000
Epoch 8370 | Val Loss: 139.1275 | Val Cost:   18.07 | Val Max P-Miss: 1.1041 | Val Max Q-Miss: 0.4452 | Val Max Gen Viol: 0.7152 | Val Max Thermal: 0.0000
Epoch 8380 | Val Loss: 138.5038 | Val Cost:   18.00 | Val Max P-Miss: 1.1041 | Val Max Q-Miss: 0.4450 | Val Max Gen Viol: 0.8294 | Val Max Thermal: 0.0000
Epoch 8390 | Val Loss: 137.8170 | Val Cost:   17.90 | Val Max P-Miss: 1.1041 | Val Max Q-Miss: 0.4444 | Val Max Gen Viol: 0.9357 | Val Max Thermal: 0.0000
Epoch 8400 | Val Loss: 137.3198 | Val Cost:   17.81 | Val Max P-Miss: 1.1042 | Val Max Q-Miss: 0.4439 | Val Max Gen Viol: 1.0364 | Val Max Thermal: 0.0000
Epoch 8410 | Val Loss: 137.2602 | Val Cost:   17.79 | Val Max P-Miss: 1.1043 | Val Max Q-Miss: 0.4436 | Val Max Gen Viol: 1.1307 | Val Max Thermal: 0.0000
Epoch 8420 | Val Loss: 137.9992 | Val Cost:   18.12 | Val Max P-Miss: 1.1042 | Val Max Q-Miss: 0.4425 | Val Max Gen Viol: 1.2186 | Val Max Thermal: 0.0000
Epoch 8430 | Val Loss: 137.9079 | Val Cost:   18.01 | Val Max P-Miss: 1.1043 | Val Max Q-Miss: 0.4417 | Val Max Gen Viol: 1.2899 | Val Max Thermal: 0.0000
Epoch 8440 | Val Loss: 138.1946 | Val Cost:   18.14 | Val Max P-Miss: 1.1044 | Val Max Q-Miss: 0.4416 | Val Max Gen Viol: 1.3556 | Val Max Thermal: 0.0000
Epoch 8450 | Val Loss: 138.7739 | Val Cost:   18.31 | Val Max P-Miss: 1.1043 | Val Max Q-Miss: 0.4405 | Val Max Gen Viol: 1.4316 | Val Max Thermal: 0.0099
Epoch 8460 | Val Loss: 137.0419 | Val Cost:   17.99 | Val Max P-Miss: 1.1045 | Val Max Q-Miss: 0.4403 | Val Max Gen Viol: 1.4793 | Val Max Thermal: 0.1687
Epoch 8470 | Val Loss: 140.1106 | Val Cost:   17.98 | Val Max P-Miss: 1.1048 | Val Max Q-Miss: 0.4403 | Val Max Gen Viol: 1.5033 | Val Max Thermal: 0.2255
Epoch 8480 | Val Loss: 140.7163 | Val Cost:   19.01 | Val Max P-Miss: 1.1048 | Val Max Q-Miss: 0.4400 | Val Max Gen Viol: 1.5121 | Val Max Thermal: 0.2974
Epoch 8490 | Val Loss: 139.2893 | Val Cost:   18.62 | Val Max P-Miss: 1.1049 | Val Max Q-Miss: 0.4396 | Val Max Gen Viol: 1.5356 | Val Max Thermal: 0.3909
Epoch 8500 | Val Loss: 144.6533 | Val Cost:   19.89 | Val Max P-Miss: 1.1050 | Val Max Q-Miss: 0.4397 | Val Max Gen Viol: 1.4933 | Val Max Thermal: 0.2274
Epoch 8510 | Val Loss: 142.4055 | Val Cost:   19.46 | Val Max P-Miss: 1.1050 | Val Max Q-Miss: 0.4390 | Val Max Gen Viol: 1.5549 | Val Max Thermal: 0.4392
Epoch 8520 | Val Loss: 140.3854 | Val Cost:   18.96 | Val Max P-Miss: 1.1050 | Val Max Q-Miss: 0.4387 | Val Max Gen Viol: 1.5576 | Val Max Thermal: 0.4305
Epoch 8530 | Val Loss: 138.6373 | Val Cost:   18.48 | Val Max P-Miss: 1.1051 | Val Max Q-Miss: 0.4383 | Val Max Gen Viol: 1.5556 | Val Max Thermal: 0.4013
Epoch 8540 | Val Loss: 189.6993 | Val Cost:   18.69 | Val Max P-Miss: 1.1067 | Val Max Q-Miss: 0.6177 | Val Max Gen Viol: 1.4336 | Val Max Thermal: 0.0000
Epoch 8550 | Val Loss: 330.3148 | Val Cost:    5.44 | Val Max P-Miss: 1.1772 | Val Max Q-Miss: 0.6261 | Val Max Gen Viol: 0.1445 | Val Max Thermal: 0.0000
Epoch 8560 | Val Loss: 141.9143 | Val Cost:  -16.65 | Val Max P-Miss: 1.1049 | Val Max Q-Miss: 0.4395 | Val Max Gen Viol: 0.2929 | Val Max Thermal: 0.0000
Epoch 8570 | Val Loss: 137.8875 | Val Cost:  -16.33 | Val Max P-Miss: 1.1046 | Val Max Q-Miss: 0.4411 | Val Max Gen Viol: 0.5848 | Val Max Thermal: 0.0000
Epoch 8580 | Val Loss: 136.5497 | Val Cost:  -16.20 | Val Max P-Miss: 1.1038 | Val Max Q-Miss: 0.4422 | Val Max Gen Viol: 0.8225 | Val Max Thermal: 0.0000
Epoch 8590 | Val Loss: 136.1275 | Val Cost:  -16.22 | Val Max P-Miss: 1.1037 | Val Max Q-Miss: 0.4421 | Val Max Gen Viol: 1.0569 | Val Max Thermal: 0.0000
Epoch 8600 | Val Loss: 136.0849 | Val Cost:  -16.32 | Val Max P-Miss: 1.1038 | Val Max Q-Miss: 0.4416 | Val Max Gen Viol: 1.1989 | Val Max Thermal: 0.0000
Epoch 8610 | Val Loss: 136.2410 | Val Cost:  -16.44 | Val Max P-Miss: 1.1039 | Val Max Q-Miss: 0.4408 | Val Max Gen Viol: 1.3007 | Val Max Thermal: 0.0000
Epoch 8620 | Val Loss: 136.4757 | Val Cost:  -16.59 | Val Max P-Miss: 1.1041 | Val Max Q-Miss: 0.4405 | Val Max Gen Viol: 1.3718 | Val Max Thermal: 0.0000
Epoch 8630 | Val Loss: 136.9933 | Val Cost:  -16.52 | Val Max P-Miss: 1.1043 | Val Max Q-Miss: 0.4410 | Val Max Gen Viol: 1.4334 | Val Max Thermal: 0.0514
Epoch 8640 | Val Loss: 136.9989 | Val Cost:  -16.44 | Val Max P-Miss: 1.1045 | Val Max Q-Miss: 0.4419 | Val Max Gen Viol: 1.4503 | Val Max Thermal: 0.0985
Epoch 8650 | Val Loss: 136.5346 | Val Cost:  -16.63 | Val Max P-Miss: 1.1046 | Val Max Q-Miss: 0.4401 | Val Max Gen Viol: 1.4745 | Val Max Thermal: 0.1859
Epoch 8660 | Val Loss: 136.5560 | Val Cost:  -16.73 | Val Max P-Miss: 1.1047 | Val Max Q-Miss: 0.4396 | Val Max Gen Viol: 1.4996 | Val Max Thermal: 0.2741
Epoch 8670 | Val Loss: 137.0453 | Val Cost:  -16.88 | Val Max P-Miss: 1.1048 | Val Max Q-Miss: 0.4390 | Val Max Gen Viol: 1.5156 | Val Max Thermal: 0.3315
Epoch 8680 | Val Loss: 138.6985 | Val Cost:  -17.42 | Val Max P-Miss: 1.1048 | Val Max Q-Miss: 0.4397 | Val Max Gen Viol: 1.5415 | Val Max Thermal: 0.4129
Epoch 8690 | Val Loss: 140.6906 | Val Cost:  -17.92 | Val Max P-Miss: 1.1049 | Val Max Q-Miss: 0.4440 | Val Max Gen Viol: 1.5007 | Val Max Thermal: 0.3075
Epoch 8700 | Val Loss: 144.8052 | Val Cost:  -18.90 | Val Max P-Miss: 1.1047 | Val Max Q-Miss: 0.4424 | Val Max Gen Viol: 1.4771 | Val Max Thermal: 0.2404
Epoch 8710 | Val Loss: 154.6384 | Val Cost:   -9.55 | Val Max P-Miss: 1.0948 | Val Max Q-Miss: 0.4423 | Val Max Gen Viol: 0.1455 | Val Max Thermal: 0.0000
Epoch 8720 | Val Loss: 135.9483 | Val Cost:  -12.98 | Val Max P-Miss: 1.1054 | Val Max Q-Miss: 0.4379 | Val Max Gen Viol: 0.4944 | Val Max Thermal: 0.0000
Epoch 8730 | Val Loss: 134.6565 | Val Cost:  -13.14 | Val Max P-Miss: 1.1052 | Val Max Q-Miss: 0.4392 | Val Max Gen Viol: 1.0060 | Val Max Thermal: 0.0000
Epoch 8740 | Val Loss: 133.5627 | Val Cost:  -13.34 | Val Max P-Miss: 1.1052 | Val Max Q-Miss: 0.4407 | Val Max Gen Viol: 1.3078 | Val Max Thermal: 0.0000
Epoch 8750 | Val Loss: 133.6906 | Val Cost:  -13.85 | Val Max P-Miss: 1.1049 | Val Max Q-Miss: 0.4395 | Val Max Gen Viol: 1.4675 | Val Max Thermal: 0.1701
Epoch 8760 | Val Loss: 134.8623 | Val Cost:  -15.13 | Val Max P-Miss: 1.1047 | Val Max Q-Miss: 0.4404 | Val Max Gen Viol: 1.5237 | Val Max Thermal: 0.3695
Epoch 8770 | Val Loss: 136.2485 | Val Cost:  -15.94 | Val Max P-Miss: 1.1048 | Val Max Q-Miss: 0.4452 | Val Max Gen Viol: 1.5338 | Val Max Thermal: 0.4010
Epoch 8780 | Val Loss: 137.4477 | Val Cost:  -16.53 | Val Max P-Miss: 1.1048 | Val Max Q-Miss: 0.4458 | Val Max Gen Viol: 1.5427 | Val Max Thermal: 0.3851
Epoch 8790 | Val Loss: 138.4651 | Val Cost:  -17.04 | Val Max P-Miss: 1.1051 | Val Max Q-Miss: 0.4424 | Val Max Gen Viol: 1.5237 | Val Max Thermal: 0.2889
Epoch 8800 | Val Loss: 139.4492 | Val Cost:  -17.28 | Val Max P-Miss: 1.1050 | Val Max Q-Miss: 0.4419 | Val Max Gen Viol: 1.5119 | Val Max Thermal: 0.2735
Epoch 8810 | Val Loss: 137.7433 | Val Cost:  -15.12 | Val Max P-Miss: 1.1060 | Val Max Q-Miss: 0.4423 | Val Max Gen Viol: 1.5083 | Val Max Thermal: 0.3236
Epoch 8820 | Val Loss: 134.8290 | Val Cost:  -16.06 | Val Max P-Miss: 1.1053 | Val Max Q-Miss: 0.4415 | Val Max Gen Viol: 1.4641 | Val Max Thermal: 0.0000
Epoch 8830 | Val Loss: 136.3371 | Val Cost:  -16.16 | Val Max P-Miss: 1.1050 | Val Max Q-Miss: 0.4417 | Val Max Gen Viol: 1.5552 | Val Max Thermal: 0.7853
Epoch 8840 | Val Loss: 137.2016 | Val Cost:  -16.72 | Val Max P-Miss: 1.1053 | Val Max Q-Miss: 0.4419 | Val Max Gen Viol: 1.5462 | Val Max Thermal: 0.4079
Epoch 8850 | Val Loss: 140.5637 | Val Cost:  -17.75 | Val Max P-Miss: 1.1055 | Val Max Q-Miss: 0.4419 | Val Max Gen Viol: 1.5271 | Val Max Thermal: 0.3644
Epoch 8860 | Val Loss: 539.7986 | Val Cost:   66.69 | Val Max P-Miss: 1.1118 | Val Max Q-Miss: 0.4820 | Val Max Gen Viol: 0.1832 | Val Max Thermal: 0.0000
Epoch 8870 | Val Loss: 141.4395 | Val Cost:   15.32 | Val Max P-Miss: 1.1060 | Val Max Q-Miss: 0.4371 | Val Max Gen Viol: 0.3020 | Val Max Thermal: 0.0000
Epoch 8880 | Val Loss: 138.2766 | Val Cost:   16.33 | Val Max P-Miss: 1.1059 | Val Max Q-Miss: 0.4351 | Val Max Gen Viol: 0.4106 | Val Max Thermal: 0.0000
Epoch 8890 | Val Loss: 135.2791 | Val Cost:   16.32 | Val Max P-Miss: 1.1048 | Val Max Q-Miss: 0.4365 | Val Max Gen Viol: 0.5221 | Val Max Thermal: 0.0000
Epoch 8900 | Val Loss: 134.5453 | Val Cost:   16.61 | Val Max P-Miss: 1.1038 | Val Max Q-Miss: 0.4370 | Val Max Gen Viol: 0.7107 | Val Max Thermal: 0.0000
Epoch 8910 | Val Loss: 133.5474 | Val Cost:   16.57 | Val Max P-Miss: 1.1035 | Val Max Q-Miss: 0.4382 | Val Max Gen Viol: 1.0096 | Val Max Thermal: 0.0000
Epoch 8920 | Val Loss: 132.9015 | Val Cost:   16.50 | Val Max P-Miss: 1.1035 | Val Max Q-Miss: 0.4387 | Val Max Gen Viol: 1.2004 | Val Max Thermal: 0.0000
Epoch 8930 | Val Loss: 132.7432 | Val Cost:   16.49 | Val Max P-Miss: 1.1036 | Val Max Q-Miss: 0.4389 | Val Max Gen Viol: 1.3217 | Val Max Thermal: 0.0000
Epoch 8940 | Val Loss: 132.4808 | Val Cost:   16.48 | Val Max P-Miss: 1.1038 | Val Max Q-Miss: 0.4386 | Val Max Gen Viol: 1.4141 | Val Max Thermal: 0.0000
Epoch 8950 | Val Loss: 132.0277 | Val Cost:   16.44 | Val Max P-Miss: 1.1039 | Val Max Q-Miss: 0.4377 | Val Max Gen Viol: 1.4816 | Val Max Thermal: 0.2116
Epoch 8960 | Val Loss: 134.1919 | Val Cost:   16.69 | Val Max P-Miss: 1.1044 | Val Max Q-Miss: 0.4415 | Val Max Gen Viol: 1.5122 | Val Max Thermal: 0.2486
Epoch 8970 | Val Loss: 143.8681 | Val Cost:   19.71 | Val Max P-Miss: 1.1043 | Val Max Q-Miss: 0.4374 | Val Max Gen Viol: 1.4701 | Val Max Thermal: 0.1543
Epoch 8980 | Val Loss: 143.1189 | Val Cost:   19.51 | Val Max P-Miss: 1.1044 | Val Max Q-Miss: 0.4361 | Val Max Gen Viol: 1.5246 | Val Max Thermal: 0.3391
Epoch 8990 | Val Loss: 141.9457 | Val Cost:   19.22 | Val Max P-Miss: 1.1047 | Val Max Q-Miss: 0.4383 | Val Max Gen Viol: 1.5369 | Val Max Thermal: 0.4459
Epoch 9000 | Val Loss: 141.0781 | Val Cost:   19.04 | Val Max P-Miss: 1.1049 | Val Max Q-Miss: 0.4378 | Val Max Gen Viol: 1.5447 | Val Max Thermal: 0.4622
Epoch 9010 | Val Loss: 140.3349 | Val Cost:   18.84 | Val Max P-Miss: 1.1052 | Val Max Q-Miss: 0.4379 | Val Max Gen Viol: 1.5516 | Val Max Thermal: 0.4924
Epoch 9020 | Val Loss: 140.4074 | Val Cost:   18.19 | Val Max P-Miss: 1.1055 | Val Max Q-Miss: 0.4340 | Val Max Gen Viol: 1.4836 | Val Max Thermal: 0.4044
Epoch 9030 | Val Loss: 137.9421 | Val Cost:   17.97 | Val Max P-Miss: 1.1057 | Val Max Q-Miss: 0.4361 | Val Max Gen Viol: 1.5406 | Val Max Thermal: 0.4854
Epoch 9040 | Val Loss: 823.5141 | Val Cost:    9.65 | Val Max P-Miss: 1.0756 | Val Max Q-Miss: 1.3347 | Val Max Gen Viol: 1.8248 | Val Max Thermal: 0.0000
Epoch 9050 | Val Loss: 145.2380 | Val Cost:  -17.83 | Val Max P-Miss: 1.1046 | Val Max Q-Miss: 0.4352 | Val Max Gen Viol: 0.3032 | Val Max Thermal: 0.0000
Epoch 9060 | Val Loss: 142.0893 | Val Cost:  -17.28 | Val Max P-Miss: 1.1059 | Val Max Q-Miss: 0.4390 | Val Max Gen Viol: 0.4477 | Val Max Thermal: 0.0000
Epoch 9070 | Val Loss: 140.5464 | Val Cost:  -17.20 | Val Max P-Miss: 1.1054 | Val Max Q-Miss: 0.4403 | Val Max Gen Viol: 0.5769 | Val Max Thermal: 0.0000
Epoch 9080 | Val Loss: 139.8276 | Val Cost:  -17.21 | Val Max P-Miss: 1.1051 | Val Max Q-Miss: 0.4416 | Val Max Gen Viol: 0.8806 | Val Max Thermal: 0.0000
Epoch 9090 | Val Loss: 139.6503 | Val Cost:  -17.24 | Val Max P-Miss: 1.1052 | Val Max Q-Miss: 0.4424 | Val Max Gen Viol: 1.0997 | Val Max Thermal: 0.0000
Epoch 9100 | Val Loss: 138.9796 | Val Cost:  -17.12 | Val Max P-Miss: 1.1055 | Val Max Q-Miss: 0.4426 | Val Max Gen Viol: 1.2563 | Val Max Thermal: 0.0000
Epoch 9110 | Val Loss: 136.2863 | Val Cost:  -16.45 | Val Max P-Miss: 1.1044 | Val Max Q-Miss: 0.4423 | Val Max Gen Viol: 1.3689 | Val Max Thermal: 0.0000
Epoch 9120 | Val Loss: 135.7300 | Val Cost:  -16.31 | Val Max P-Miss: 1.1042 | Val Max Q-Miss: 0.4419 | Val Max Gen Viol: 1.4530 | Val Max Thermal: 0.1295
Epoch 9130 | Val Loss: 135.6150 | Val Cost:  -16.40 | Val Max P-Miss: 1.1044 | Val Max Q-Miss: 0.4414 | Val Max Gen Viol: 1.4969 | Val Max Thermal: 0.1953
Epoch 9140 | Val Loss: 135.6433 | Val Cost:  -16.47 | Val Max P-Miss: 1.1045 | Val Max Q-Miss: 0.4409 | Val Max Gen Viol: 1.5167 | Val Max Thermal: 0.2919
Epoch 9150 | Val Loss: 135.9082 | Val Cost:  -16.57 | Val Max P-Miss: 1.1046 | Val Max Q-Miss: 0.4405 | Val Max Gen Viol: 1.5308 | Val Max Thermal: 0.3482
Epoch 9160 | Val Loss: 136.2414 | Val Cost:  -16.68 | Val Max P-Miss: 1.1047 | Val Max Q-Miss: 0.4400 | Val Max Gen Viol: 1.5403 | Val Max Thermal: 0.3848
Epoch 9170 | Val Loss: 136.6966 | Val Cost:  -16.84 | Val Max P-Miss: 1.1048 | Val Max Q-Miss: 0.4395 | Val Max Gen Viol: 1.5466 | Val Max Thermal: 0.4104
Epoch 9180 | Val Loss: 137.3445 | Val Cost:  -17.06 | Val Max P-Miss: 1.1049 | Val Max Q-Miss: 0.4391 | Val Max Gen Viol: 1.5523 | Val Max Thermal: 0.4370
Epoch 9190 | Val Loss: 138.0018 | Val Cost:  -17.16 | Val Max P-Miss: 1.1050 | Val Max Q-Miss: 0.4396 | Val Max Gen Viol: 1.5543 | Val Max Thermal: 0.4465
Epoch 9200 | Val Loss: 660.0574 | Val Cost:   -1.82 | Val Max P-Miss: 1.1807 | Val Max Q-Miss: 0.8132 | Val Max Gen Viol: 0.4699 | Val Max Thermal: 0.0000
Epoch 9210 | Val Loss: 148.8784 | Val Cost:   16.01 | Val Max P-Miss: 1.0981 | Val Max Q-Miss: 0.4488 | Val Max Gen Viol: 0.1177 | Val Max Thermal: 0.0000
Epoch 9220 | Val Loss: 147.4769 | Val Cost:   18.71 | Val Max P-Miss: 1.1060 | Val Max Q-Miss: 0.4412 | Val Max Gen Viol: 0.2686 | Val Max Thermal: 0.0000
Epoch 9230 | Val Loss: 145.2945 | Val Cost:   18.92 | Val Max P-Miss: 1.1058 | Val Max Q-Miss: 0.4395 | Val Max Gen Viol: 0.4015 | Val Max Thermal: 0.0000
Epoch 9240 | Val Loss: 143.4355 | Val Cost:   19.05 | Val Max P-Miss: 1.1049 | Val Max Q-Miss: 0.4414 | Val Max Gen Viol: 0.6204 | Val Max Thermal: 0.0000
Epoch 9250 | Val Loss: 142.4407 | Val Cost:   19.07 | Val Max P-Miss: 1.1042 | Val Max Q-Miss: 0.4431 | Val Max Gen Viol: 0.9453 | Val Max Thermal: 0.0000
Epoch 9260 | Val Loss: 141.7923 | Val Cost:   19.02 | Val Max P-Miss: 1.1038 | Val Max Q-Miss: 0.4437 | Val Max Gen Viol: 1.1473 | Val Max Thermal: 0.0000
Epoch 9270 | Val Loss: 141.3460 | Val Cost:   18.93 | Val Max P-Miss: 1.1037 | Val Max Q-Miss: 0.4435 | Val Max Gen Viol: 1.2821 | Val Max Thermal: 0.0000
Epoch 9280 | Val Loss: 140.9926 | Val Cost:   18.91 | Val Max P-Miss: 1.1037 | Val Max Q-Miss: 0.4428 | Val Max Gen Viol: 1.3760 | Val Max Thermal: 0.0000
Epoch 9290 | Val Loss: 140.9816 | Val Cost:   18.82 | Val Max P-Miss: 1.1037 | Val Max Q-Miss: 0.4418 | Val Max Gen Viol: 1.4394 | Val Max Thermal: 0.0705
Epoch 9300 | Val Loss: 141.5561 | Val Cost:   18.87 | Val Max P-Miss: 1.1037 | Val Max Q-Miss: 0.4407 | Val Max Gen Viol: 1.4680 | Val Max Thermal: 0.1729
Epoch 9310 | Val Loss: 139.9755 | Val Cost:   19.07 | Val Max P-Miss: 1.1042 | Val Max Q-Miss: 0.4417 | Val Max Gen Viol: 1.4886 | Val Max Thermal: 0.2614
Epoch 9320 | Val Loss: 139.0220 | Val Cost:   19.44 | Val Max P-Miss: 1.1043 | Val Max Q-Miss: 0.4419 | Val Max Gen Viol: 1.5057 | Val Max Thermal: 0.3342
Epoch 9330 | Val Loss: 137.6890 | Val Cost:   19.16 | Val Max P-Miss: 1.1043 | Val Max Q-Miss: 0.4413 | Val Max Gen Viol: 1.5180 | Val Max Thermal: 0.3776
Epoch 9340 | Val Loss: 136.9339 | Val Cost:   17.66 | Val Max P-Miss: 1.1044 | Val Max Q-Miss: 0.4407 | Val Max Gen Viol: 1.5312 | Val Max Thermal: 0.3788
Epoch 9350 | Val Loss: 136.3285 | Val Cost:   17.51 | Val Max P-Miss: 1.1045 | Val Max Q-Miss: 0.4405 | Val Max Gen Viol: 1.5391 | Val Max Thermal: 0.4164
Epoch 9360 | Val Loss: 135.7268 | Val Cost:   17.39 | Val Max P-Miss: 1.1044 | Val Max Q-Miss: 0.4404 | Val Max Gen Viol: 1.5449 | Val Max Thermal: 0.4446
Epoch 9370 | Val Loss: 135.2729 | Val Cost:   17.30 | Val Max P-Miss: 1.1045 | Val Max Q-Miss: 0.4404 | Val Max Gen Viol: 1.5491 | Val Max Thermal: 0.4718
Epoch 9380 | Val Loss: 134.9496 | Val Cost:   17.30 | Val Max P-Miss: 1.1047 | Val Max Q-Miss: 0.4402 | Val Max Gen Viol: 1.5466 | Val Max Thermal: 0.5472
Epoch 9390 | Val Loss: 140.6306 | Val Cost:   18.87 | Val Max P-Miss: 1.1049 | Val Max Q-Miss: 0.4402 | Val Max Gen Viol: 1.5103 | Val Max Thermal: 0.2906
Epoch 9400 | Val Loss: 139.8318 | Val Cost:   18.76 | Val Max P-Miss: 1.1049 | Val Max Q-Miss: 0.4407 | Val Max Gen Viol: 1.5619 | Val Max Thermal: 0.4912
Epoch 9410 | Val Loss: 139.1254 | Val Cost:   18.59 | Val Max P-Miss: 1.1050 | Val Max Q-Miss: 0.4411 | Val Max Gen Viol: 1.5654 | Val Max Thermal: 0.5093
Epoch 9420 | Val Loss: 139.2986 | Val Cost:   18.25 | Val Max P-Miss: 1.1051 | Val Max Q-Miss: 0.4408 | Val Max Gen Viol: 1.5611 | Val Max Thermal: 0.4768
Epoch 9430 | Val Loss: 136.3159 | Val Cost:   17.75 | Val Max P-Miss: 1.1055 | Val Max Q-Miss: 0.4417 | Val Max Gen Viol: 1.4307 | Val Max Thermal: 0.0580
Epoch 9440 | Val Loss: 139.8866 | Val Cost:   18.91 | Val Max P-Miss: 1.1056 | Val Max Q-Miss: 0.4425 | Val Max Gen Viol: 1.2893 | Val Max Thermal: 0.0000
Epoch 9450 | Val Loss: 174.2142 | Val Cost:   20.99 | Val Max P-Miss: 1.1060 | Val Max Q-Miss: 0.4502 | Val Max Gen Viol: 1.5190 | Val Max Thermal: 0.6381
Epoch 9460 | Val Loss: 289.1057 | Val Cost:  -34.60 | Val Max P-Miss: 1.1137 | Val Max Q-Miss: 0.5756 | Val Max Gen Viol: 0.0868 | Val Max Thermal: 0.0000
Epoch 9470 | Val Loss: 149.7845 | Val Cost:  -18.23 | Val Max P-Miss: 1.1057 | Val Max Q-Miss: 0.4384 | Val Max Gen Viol: 0.2829 | Val Max Thermal: 0.0000
Epoch 9480 | Val Loss: 146.8311 | Val Cost:  -18.61 | Val Max P-Miss: 1.1050 | Val Max Q-Miss: 0.4355 | Val Max Gen Viol: 0.4433 | Val Max Thermal: 0.0000
Epoch 9490 | Val Loss: 145.4129 | Val Cost:  -18.54 | Val Max P-Miss: 1.1042 | Val Max Q-Miss: 0.4367 | Val Max Gen Viol: 0.8346 | Val Max Thermal: 0.0000
Epoch 9500 | Val Loss: 144.7022 | Val Cost:  -18.47 | Val Max P-Miss: 1.1037 | Val Max Q-Miss: 0.4377 | Val Max Gen Viol: 1.1106 | Val Max Thermal: 0.0000
Epoch 9510 | Val Loss: 144.2187 | Val Cost:  -18.41 | Val Max P-Miss: 1.1036 | Val Max Q-Miss: 0.4381 | Val Max Gen Viol: 1.2861 | Val Max Thermal: 0.0000
Epoch 9520 | Val Loss: 143.9031 | Val Cost:  -18.33 | Val Max P-Miss: 1.1037 | Val Max Q-Miss: 0.4384 | Val Max Gen Viol: 1.3991 | Val Max Thermal: 0.0298
Epoch 9530 | Val Loss: 143.8143 | Val Cost:  -18.23 | Val Max P-Miss: 1.1039 | Val Max Q-Miss: 0.4389 | Val Max Gen Viol: 1.4727 | Val Max Thermal: 0.1248
Epoch 9540 | Val Loss: 142.9099 | Val Cost:  -17.97 | Val Max P-Miss: 1.1041 | Val Max Q-Miss: 0.4389 | Val Max Gen Viol: 1.5039 | Val Max Thermal: 0.2584
Epoch 9550 | Val Loss: 141.1851 | Val Cost:  -17.83 | Val Max P-Miss: 1.1035 | Val Max Q-Miss: 0.4362 | Val Max Gen Viol: 1.5266 | Val Max Thermal: 0.3361
Epoch 9560 | Val Loss: 141.8264 | Val Cost:  -18.03 | Val Max P-Miss: 1.1036 | Val Max Q-Miss: 0.4361 | Val Max Gen Viol: 1.5383 | Val Max Thermal: 0.3834
Epoch 9570 | Val Loss: 142.1711 | Val Cost:  -18.14 | Val Max P-Miss: 1.1038 | Val Max Q-Miss: 0.4361 | Val Max Gen Viol: 1.5485 | Val Max Thermal: 0.4177
Epoch 9580 | Val Loss: 142.6455 | Val Cost:  -18.27 | Val Max P-Miss: 1.1039 | Val Max Q-Miss: 0.4360 | Val Max Gen Viol: 1.5535 | Val Max Thermal: 0.4379
Epoch 9590 | Val Loss: 142.3083 | Val Cost:  -18.28 | Val Max P-Miss: 1.1040 | Val Max Q-Miss: 0.4361 | Val Max Gen Viol: 1.5588 | Val Max Thermal: 0.4641
Epoch 9600 | Val Loss: 142.4661 | Val Cost:  -18.31 | Val Max P-Miss: 1.1041 | Val Max Q-Miss: 0.4358 | Val Max Gen Viol: 1.5613 | Val Max Thermal: 0.4750
Epoch 9610 | Val Loss: 142.4196 | Val Cost:  -18.35 | Val Max P-Miss: 1.1042 | Val Max Q-Miss: 0.4353 | Val Max Gen Viol: 1.5663 | Val Max Thermal: 0.4793
Epoch 9620 | Val Loss: 140.9524 | Val Cost:  -17.97 | Val Max P-Miss: 1.1044 | Val Max Q-Miss: 0.4340 | Val Max Gen Viol: 1.4809 | Val Max Thermal: 0.1903
Epoch 9630 | Val Loss: 139.3353 | Val Cost:  -17.54 | Val Max P-Miss: 1.1043 | Val Max Q-Miss: 0.4331 | Val Max Gen Viol: 1.5503 | Val Max Thermal: 0.4167
Epoch 9640 | Val Loss: 139.4260 | Val Cost:  -17.52 | Val Max P-Miss: 1.1042 | Val Max Q-Miss: 0.4334 | Val Max Gen Viol: 1.5649 | Val Max Thermal: 0.4915
Epoch 9650 | Val Loss: 139.4346 | Val Cost:  -17.52 | Val Max P-Miss: 1.1044 | Val Max Q-Miss: 0.4385 | Val Max Gen Viol: 1.5641 | Val Max Thermal: 0.4837
Epoch 9660 | Val Loss: 139.0969 | Val Cost:  -17.57 | Val Max P-Miss: 1.1045 | Val Max Q-Miss: 0.4391 | Val Max Gen Viol: 1.5679 | Val Max Thermal: 0.5048
Epoch 9670 | Val Loss: 139.3683 | Val Cost:  -17.67 | Val Max P-Miss: 1.1046 | Val Max Q-Miss: 0.4387 | Val Max Gen Viol: 1.5673 | Val Max Thermal: 0.5042
Epoch 9680 | Val Loss: 140.8863 | Val Cost:  -17.89 | Val Max P-Miss: 1.1045 | Val Max Q-Miss: 0.4373 | Val Max Gen Viol: 1.5288 | Val Max Thermal: 0.4194
Epoch 9690 | Val Loss: 139.3390 | Val Cost:   16.77 | Val Max P-Miss: 1.1061 | Val Max Q-Miss: 0.4390 | Val Max Gen Viol: 0.3125 | Val Max Thermal: 0.0000
Epoch 9700 | Val Loss: 132.1812 | Val Cost:   16.35 | Val Max P-Miss: 1.1048 | Val Max Q-Miss: 0.4363 | Val Max Gen Viol: 0.9482 | Val Max Thermal: 0.0000
Epoch 9710 | Val Loss: 131.2625 | Val Cost:   16.24 | Val Max P-Miss: 1.1042 | Val Max Q-Miss: 0.4381 | Val Max Gen Viol: 1.4014 | Val Max Thermal: 0.0000
Epoch 9720 | Val Loss: 130.6104 | Val Cost:   16.08 | Val Max P-Miss: 1.1041 | Val Max Q-Miss: 0.4385 | Val Max Gen Viol: 1.5404 | Val Max Thermal: 0.4228
Epoch 9730 | Val Loss: 130.0207 | Val Cost:   15.92 | Val Max P-Miss: 1.1041 | Val Max Q-Miss: 0.4385 | Val Max Gen Viol: 1.5698 | Val Max Thermal: 0.5242
Epoch 9740 | Val Loss: 129.0475 | Val Cost:   15.61 | Val Max P-Miss: 1.1042 | Val Max Q-Miss: 0.4385 | Val Max Gen Viol: 1.5205 | Val Max Thermal: 0.2744
Epoch 9750 | Val Loss: 128.3443 | Val Cost:   15.36 | Val Max P-Miss: 1.1046 | Val Max Q-Miss: 0.4379 | Val Max Gen Viol: 1.5215 | Val Max Thermal: 0.4773
Epoch 9760 | Val Loss: 128.3324 | Val Cost:   15.21 | Val Max P-Miss: 1.1048 | Val Max Q-Miss: 0.4380 | Val Max Gen Viol: 1.5350 | Val Max Thermal: 0.4733
Epoch 9770 | Val Loss: 126.9031 | Val Cost:   14.85 | Val Max P-Miss: 1.1046 | Val Max Q-Miss: 0.4386 | Val Max Gen Viol: 1.5380 | Val Max Thermal: 0.3683 [*SAVED BEST*]
Epoch 9780 | Val Loss: 130.6834 | Val Cost:   14.84 | Val Max P-Miss: 1.0892 | Val Max Q-Miss: 0.4391 | Val Max Gen Viol: 1.5589 | Val Max Thermal: 0.5055
Epoch 9790 | Val Loss: 135.8451 | Val Cost:   17.40 | Val Max P-Miss: 1.1046 | Val Max Q-Miss: 0.4415 | Val Max Gen Viol: 1.5348 | Val Max Thermal: 0.4585
Epoch 9800 | Val Loss: 133.3936 | Val Cost:   16.33 | Val Max P-Miss: 1.1047 | Val Max Q-Miss: 0.4429 | Val Max Gen Viol: 1.5162 | Val Max Thermal: 0.0000
Epoch 9810 | Val Loss: 131.5032 | Val Cost:   16.04 | Val Max P-Miss: 1.1022 | Val Max Q-Miss: 0.4381 | Val Max Gen Viol: 1.3179 | Val Max Thermal: 0.0000
Epoch 9820 | Val Loss: 125.4324 | Val Cost:   14.36 | Val Max P-Miss: 1.1046 | Val Max Q-Miss: 0.4404 | Val Max Gen Viol: 1.5368 | Val Max Thermal: 0.4719 [*SAVED BEST*]
Epoch 9830 | Val Loss: 286.8600 | Val Cost:  -44.12 | Val Max P-Miss: 1.1136 | Val Max Q-Miss: 0.4444 | Val Max Gen Viol: 0.0771 | Val Max Thermal: 0.0000
Epoch 9840 | Val Loss: 139.9627 | Val Cost:  -16.21 | Val Max P-Miss: 1.1053 | Val Max Q-Miss: 0.4384 | Val Max Gen Viol: 0.4147 | Val Max Thermal: 0.0000
Epoch 9850 | Val Loss: 137.7945 | Val Cost:  -16.52 | Val Max P-Miss: 1.1040 | Val Max Q-Miss: 0.4408 | Val Max Gen Viol: 0.8311 | Val Max Thermal: 0.0000
Epoch 9860 | Val Loss: 136.5355 | Val Cost:  -16.43 | Val Max P-Miss: 1.1035 | Val Max Q-Miss: 0.4419 | Val Max Gen Viol: 1.2318 | Val Max Thermal: 0.0000
Epoch 9870 | Val Loss: 135.8711 | Val Cost:  -16.31 | Val Max P-Miss: 1.1034 | Val Max Q-Miss: 0.4417 | Val Max Gen Viol: 1.4476 | Val Max Thermal: 0.0742
Epoch 9880 | Val Loss: 135.5788 | Val Cost:  -16.22 | Val Max P-Miss: 1.1035 | Val Max Q-Miss: 0.4410 | Val Max Gen Viol: 1.5251 | Val Max Thermal: 0.3435
Epoch 9890 | Val Loss: 135.2914 | Val Cost:  -16.33 | Val Max P-Miss: 1.1032 | Val Max Q-Miss: 0.4388 | Val Max Gen Viol: 1.5505 | Val Max Thermal: 0.4392
Epoch 9900 | Val Loss: 135.4742 | Val Cost:  -16.42 | Val Max P-Miss: 1.1033 | Val Max Q-Miss: 0.4381 | Val Max Gen Viol: 1.5631 | Val Max Thermal: 0.4857
Epoch 9910 | Val Loss: 135.6912 | Val Cost:  -16.47 | Val Max P-Miss: 1.1035 | Val Max Q-Miss: 0.4377 | Val Max Gen Viol: 1.5692 | Val Max Thermal: 0.5131
Epoch 9920 | Val Loss: 135.3451 | Val Cost:  -16.29 | Val Max P-Miss: 1.1038 | Val Max Q-Miss: 0.4385 | Val Max Gen Viol: 1.5777 | Val Max Thermal: 0.5412
Epoch 9930 | Val Loss: 135.2403 | Val Cost:  -16.38 | Val Max P-Miss: 1.1039 | Val Max Q-Miss: 0.4380 | Val Max Gen Viol: 1.5817 | Val Max Thermal: 0.5534
Epoch 9940 | Val Loss: 134.8757 | Val Cost:  -16.29 | Val Max P-Miss: 1.1040 | Val Max Q-Miss: 0.4377 | Val Max Gen Viol: 1.5307 | Val Max Thermal: 0.3719
Epoch 9950 | Val Loss: 134.2759 | Val Cost:  -16.10 | Val Max P-Miss: 1.1043 | Val Max Q-Miss: 0.4382 | Val Max Gen Viol: 1.5104 | Val Max Thermal: 0.3618
Epoch 9960 | Val Loss: 133.1888 | Val Cost:  -15.65 | Val Max P-Miss: 1.1042 | Val Max Q-Miss: 0.4376 | Val Max Gen Viol: 1.5099 | Val Max Thermal: 0.4766
Epoch 9970 | Val Loss: 131.0577 | Val Cost:  -15.06 | Val Max P-Miss: 1.1043 | Val Max Q-Miss: 0.4379 | Val Max Gen Viol: 1.5471 | Val Max Thermal: 0.3408
Epoch 9980 | Val Loss: 136.6313 | Val Cost:  -16.34 | Val Max P-Miss: 1.1046 | Val Max Q-Miss: 0.4394 | Val Max Gen Viol: 1.5191 | Val Max Thermal: 0.3615
Epoch 9990 | Val Loss: 137.2240 | Val Cost:  -17.32 | Val Max P-Miss: 1.1043 | Val Max Q-Miss: 0.4373 | Val Max Gen Viol: 1.5080 | Val Max Thermal: 0.3662

==================================================
Training Complete!
Total Training Time: 00h 09m 50.55s
Best model weights saved to: ./model/best_rahul_model_pglib_opf_case14_ieee_10000epochs.pth
==================================================

