Job: acopf_ISS
Executing: ACOPF_pinn_rahul.py --case_name pglib_opf_case14_ieee --epochs 10000
Node: issnode1
GPU Allocated: 0
CUDA Hardware Acceleration Active: NVIDIA GeForce RTX 4090
Problem Geometry Linked -> Matrix Samples: 10000

Beginning execution of parallelized training matrix loops for Rahul KKT PINN...
Epoch    0 | Val Loss: 120622.2344 | Val Cost:  896.02 | Val Max P-Miss: 0.3764 | Val Max Q-Miss: 0.3052 | Val Max Gen Viol: 0.9636 | Val Max Thermal: 0.0000 [*SAVED BEST*]
Epoch   10 | Val Loss: 111226.9531 | Val Cost: 1236.98 | Val Max P-Miss: 1.9386 | Val Max Q-Miss: 3.1142 | Val Max Gen Viol: 9.4279 | Val Max Thermal: 13.7732 [*SAVED BEST*]
Epoch   20 | Val Loss: 102375.2344 | Val Cost:  655.64 | Val Max P-Miss: 1.8861 | Val Max Q-Miss: 5.1700 | Val Max Gen Viol: 3.3566 | Val Max Thermal: 5.8991 [*SAVED BEST*]
Epoch   30 | Val Loss: 96947.4375 | Val Cost:  661.89 | Val Max P-Miss: 2.4843 | Val Max Q-Miss: 3.7521 | Val Max Gen Viol: 1.0843 | Val Max Thermal: 1.6534 [*SAVED BEST*]
Epoch   40 | Val Loss: 98412.0078 | Val Cost:  386.56 | Val Max P-Miss: 3.6726 | Val Max Q-Miss: 9.2876 | Val Max Gen Viol: 1.9059 | Val Max Thermal: 0.0000
Epoch   50 | Val Loss: 85974.8594 | Val Cost:  349.66 | Val Max P-Miss: 3.0167 | Val Max Q-Miss: 3.5185 | Val Max Gen Viol: 6.1462 | Val Max Thermal: 6.9729 [*SAVED BEST*]
Epoch   60 | Val Loss: 111947.5469 | Val Cost:  662.36 | Val Max P-Miss: 4.3117 | Val Max Q-Miss: 11.6605 | Val Max Gen Viol: 1.5187 | Val Max Thermal: 128.4289
Epoch   70 | Val Loss: 285117.3750 | Val Cost: -1730.36 | Val Max P-Miss: 20.1864 | Val Max Q-Miss: 34.9899 | Val Max Gen Viol: 4.9978 | Val Max Thermal: 608.5330
Epoch   80 | Val Loss: 75665.5938 | Val Cost: -103.72 | Val Max P-Miss: 4.6007 | Val Max Q-Miss: 7.1080 | Val Max Gen Viol: 1.6295 | Val Max Thermal: 11.0039 [*SAVED BEST*]
Epoch   90 | Val Loss: 83101.6484 | Val Cost: 1919.51 | Val Max P-Miss: 1.8404 | Val Max Q-Miss: 3.7555 | Val Max Gen Viol: 1.3018 | Val Max Thermal: 8.8089
Epoch  100 | Val Loss: 68387.9531 | Val Cost:  627.09 | Val Max P-Miss: 2.7316 | Val Max Q-Miss: 6.4767 | Val Max Gen Viol: 2.3318 | Val Max Thermal: 5.2614 [*SAVED BEST*]
Epoch  110 | Val Loss: 57903.4531 | Val Cost: -158.46 | Val Max P-Miss: 1.1900 | Val Max Q-Miss: 3.0638 | Val Max Gen Viol: 2.9043 | Val Max Thermal: 0.0000 [*SAVED BEST*]
Epoch  120 | Val Loss: 92514.6953 | Val Cost:  756.77 | Val Max P-Miss: 10.7177 | Val Max Q-Miss: 17.6056 | Val Max Gen Viol: 3.1617 | Val Max Thermal: 86.4722
Epoch  130 | Val Loss: 56682.4531 | Val Cost: -1338.68 | Val Max P-Miss: 2.2184 | Val Max Q-Miss: 3.3257 | Val Max Gen Viol: 1.3364 | Val Max Thermal: 1.0580 [*SAVED BEST*]
Epoch  140 | Val Loss: 38982.1016 | Val Cost: -800.07 | Val Max P-Miss: 0.7483 | Val Max Q-Miss: 0.4108 | Val Max Gen Viol: 0.3713 | Val Max Thermal: 0.0000 [*SAVED BEST*]
Epoch  150 | Val Loss: 49114.8203 | Val Cost: -1017.77 | Val Max P-Miss: 3.0029 | Val Max Q-Miss: 3.6852 | Val Max Gen Viol: 0.4466 | Val Max Thermal: 2.2671
Epoch  160 | Val Loss: 53845.7578 | Val Cost:  -18.20 | Val Max P-Miss: 1.5855 | Val Max Q-Miss: 4.4113 | Val Max Gen Viol: 2.1235 | Val Max Thermal: 0.0000
Epoch  170 | Val Loss: 62579.4531 | Val Cost:  363.18 | Val Max P-Miss: 3.4168 | Val Max Q-Miss: 13.5929 | Val Max Gen Viol: 0.9068 | Val Max Thermal: 52.8531
Epoch  180 | Val Loss: 60050.5938 | Val Cost:  153.31 | Val Max P-Miss: 3.7435 | Val Max Q-Miss: 8.6030 | Val Max Gen Viol: 1.7983 | Val Max Thermal: 27.2972
Epoch  190 | Val Loss: 36282.3008 | Val Cost:  756.86 | Val Max P-Miss: 2.1027 | Val Max Q-Miss: 3.4510 | Val Max Gen Viol: 1.2463 | Val Max Thermal: 0.0000 [*SAVED BEST*]
Epoch  200 | Val Loss: 49442.2500 | Val Cost:  195.46 | Val Max P-Miss: 6.4292 | Val Max Q-Miss: 12.3984 | Val Max Gen Viol: 2.2333 | Val Max Thermal: 28.4769
Epoch  210 | Val Loss: 41312.9062 | Val Cost:  768.29 | Val Max P-Miss: 3.0193 | Val Max Q-Miss: 4.4853 | Val Max Gen Viol: 2.7980 | Val Max Thermal: 0.0000
Epoch  220 | Val Loss: 28124.7598 | Val Cost:  698.90 | Val Max P-Miss: 1.1213 | Val Max Q-Miss: 0.3122 | Val Max Gen Viol: 0.0854 | Val Max Thermal: 0.0000 [*SAVED BEST*]
Epoch  230 | Val Loss: 22075.9883 | Val Cost:  643.93 | Val Max P-Miss: 1.1572 | Val Max Q-Miss: 0.4008 | Val Max Gen Viol: 0.0228 | Val Max Thermal: 0.0000 [*SAVED BEST*]
Epoch  240 | Val Loss: 2476440.5000 | Val Cost: -434.43 | Val Max P-Miss: 14.9196 | Val Max Q-Miss: 36.3977 | Val Max Gen Viol: 0.1964 | Val Max Thermal: 528.5399
Epoch  250 | Val Loss: 18870.7148 | Val Cost:  318.22 | Val Max P-Miss: 0.9519 | Val Max Q-Miss: 1.7496 | Val Max Gen Viol: 0.4233 | Val Max Thermal: 0.0000 [*SAVED BEST*]
Epoch  260 | Val Loss: 14815.1250 | Val Cost:  430.38 | Val Max P-Miss: 1.1636 | Val Max Q-Miss: 0.4285 | Val Max Gen Viol: 0.0446 | Val Max Thermal: 0.0000 [*SAVED BEST*]
Epoch  270 | Val Loss: 15114.0811 | Val Cost:  490.89 | Val Max P-Miss: 1.2921 | Val Max Q-Miss: 0.5365 | Val Max Gen Viol: 0.1719 | Val Max Thermal: 0.0000
Epoch  280 | Val Loss: 14149.6582 | Val Cost:  494.45 | Val Max P-Miss: 1.2676 | Val Max Q-Miss: 0.4763 | Val Max Gen Viol: 0.1345 | Val Max Thermal: 0.0000 [*SAVED BEST*]
Epoch  290 | Val Loss: 28794.3398 | Val Cost: -342.94 | Val Max P-Miss: 2.7665 | Val Max Q-Miss: 3.8616 | Val Max Gen Viol: 1.1090 | Val Max Thermal: 0.0000
Epoch  300 | Val Loss: 19110.1230 | Val Cost: -171.03 | Val Max P-Miss: 1.3053 | Val Max Q-Miss: 1.7871 | Val Max Gen Viol: 0.3868 | Val Max Thermal: 0.0000
Epoch  310 | Val Loss: 15030.1406 | Val Cost: -428.71 | Val Max P-Miss: 1.0683 | Val Max Q-Miss: 0.2783 | Val Max Gen Viol: 0.2017 | Val Max Thermal: 0.0000
Epoch  320 | Val Loss: 12789.1650 | Val Cost: -435.86 | Val Max P-Miss: 1.0890 | Val Max Q-Miss: 0.3987 | Val Max Gen Viol: 0.2010 | Val Max Thermal: 0.0000 [*SAVED BEST*]
Epoch  330 | Val Loss: 33795.6016 | Val Cost:   60.14 | Val Max P-Miss: 2.2364 | Val Max Q-Miss: 6.6633 | Val Max Gen Viol: 2.9943 | Val Max Thermal: 0.3193
Epoch  340 | Val Loss: 33208.8008 | Val Cost:  305.39 | Val Max P-Miss: 3.5371 | Val Max Q-Miss: 5.2405 | Val Max Gen Viol: 2.1502 | Val Max Thermal: 0.0000
Epoch  350 | Val Loss: 272753.2188 | Val Cost: -431.89 | Val Max P-Miss: 23.3405 | Val Max Q-Miss: 26.9789 | Val Max Gen Viol: 10.9852 | Val Max Thermal: 419.9413
Epoch  360 | Val Loss: 24984.5156 | Val Cost:  -66.48 | Val Max P-Miss: 1.6324 | Val Max Q-Miss: 8.3523 | Val Max Gen Viol: 3.8527 | Val Max Thermal: 9.8313
Epoch  370 | Val Loss: 49172.1953 | Val Cost:  199.41 | Val Max P-Miss: 4.9665 | Val Max Q-Miss: 6.8618 | Val Max Gen Viol: 2.7404 | Val Max Thermal: 4.0187
Epoch  380 | Val Loss: 11939.7988 | Val Cost: -256.90 | Val Max P-Miss: 1.3578 | Val Max Q-Miss: 0.9225 | Val Max Gen Viol: 0.1631 | Val Max Thermal: 0.0000 [*SAVED BEST*]
Epoch  390 | Val Loss: 11817.3838 | Val Cost: -419.38 | Val Max P-Miss: 1.0801 | Val Max Q-Miss: 0.4569 | Val Max Gen Viol: 0.1933 | Val Max Thermal: 0.0000 [*SAVED BEST*]
Epoch  400 | Val Loss: 10782.8184 | Val Cost: -409.55 | Val Max P-Miss: 1.0824 | Val Max Q-Miss: 0.5186 | Val Max Gen Viol: 0.1891 | Val Max Thermal: 0.0000 [*SAVED BEST*]
Epoch  410 | Val Loss: 8350.9336 | Val Cost: -357.63 | Val Max P-Miss: 1.0860 | Val Max Q-Miss: 0.4575 | Val Max Gen Viol: 0.1653 | Val Max Thermal: 0.0000 [*SAVED BEST*]
Epoch  420 | Val Loss: 7408.8242 | Val Cost: -338.42 | Val Max P-Miss: 1.0895 | Val Max Q-Miss: 0.4654 | Val Max Gen Viol: 0.1566 | Val Max Thermal: 0.0000 [*SAVED BEST*]
Epoch  430 | Val Loss: 12222.8984 | Val Cost: -113.06 | Val Max P-Miss: 1.1711 | Val Max Q-Miss: 1.4251 | Val Max Gen Viol: 0.6882 | Val Max Thermal: 0.0000
Epoch  440 | Val Loss: 14551.4336 | Val Cost:  480.08 | Val Max P-Miss: 1.2354 | Val Max Q-Miss: 0.7311 | Val Max Gen Viol: 0.1081 | Val Max Thermal: 0.0000
Epoch  450 | Val Loss: 9245.0059 | Val Cost:  368.09 | Val Max P-Miss: 1.1101 | Val Max Q-Miss: 0.4350 | Val Max Gen Viol: 0.0324 | Val Max Thermal: 0.0000
Epoch  460 | Val Loss: 7979.4814 | Val Cost:  331.15 | Val Max P-Miss: 1.1444 | Val Max Q-Miss: 0.5636 | Val Max Gen Viol: 0.0344 | Val Max Thermal: 0.0000
Epoch  470 | Val Loss: 7174.1382 | Val Cost:  329.69 | Val Max P-Miss: 1.1784 | Val Max Q-Miss: 0.4445 | Val Max Gen Viol: 0.0637 | Val Max Thermal: 0.0000 [*SAVED BEST*]
Epoch  480 | Val Loss: 7326.1860 | Val Cost:  342.74 | Val Max P-Miss: 1.1948 | Val Max Q-Miss: 0.4424 | Val Max Gen Viol: 0.0793 | Val Max Thermal: 0.0000
Epoch  490 | Val Loss: 38457.1289 | Val Cost:  288.01 | Val Max P-Miss: 2.9326 | Val Max Q-Miss: 7.8816 | Val Max Gen Viol: 1.4568 | Val Max Thermal: 0.0000
Epoch  500 | Val Loss: 12378.6191 | Val Cost:  242.41 | Val Max P-Miss: 1.4273 | Val Max Q-Miss: 2.8129 | Val Max Gen Viol: 0.0632 | Val Max Thermal: 0.0000
Epoch  510 | Val Loss: 7538.4976 | Val Cost:  253.49 | Val Max P-Miss: 1.1666 | Val Max Q-Miss: 1.5356 | Val Max Gen Viol: 0.3654 | Val Max Thermal: 0.0000
Epoch  520 | Val Loss: 5843.4219 | Val Cost:  273.36 | Val Max P-Miss: 1.1170 | Val Max Q-Miss: 0.4434 | Val Max Gen Viol: 0.0046 | Val Max Thermal: 0.0000 [*SAVED BEST*]
Epoch  530 | Val Loss: 5943.8623 | Val Cost:  276.48 | Val Max P-Miss: 1.1128 | Val Max Q-Miss: 0.5523 | Val Max Gen Viol: 0.0068 | Val Max Thermal: 0.0000
Epoch  540 | Val Loss: 5447.7114 | Val Cost:  280.14 | Val Max P-Miss: 1.1257 | Val Max Q-Miss: 0.4442 | Val Max Gen Viol: 0.0118 | Val Max Thermal: 0.0000 [*SAVED BEST*]
Epoch  550 | Val Loss: 5421.6880 | Val Cost:  285.88 | Val Max P-Miss: 1.1268 | Val Max Q-Miss: 0.4423 | Val Max Gen Viol: 0.0124 | Val Max Thermal: 0.0000 [*SAVED BEST*]
Epoch  560 | Val Loss: 38105.7031 | Val Cost:  -36.19 | Val Max P-Miss: 7.8172 | Val Max Q-Miss: 9.4837 | Val Max Gen Viol: 0.0742 | Val Max Thermal: 75.3872
Epoch  570 | Val Loss: 4134.1143 | Val Cost: -198.14 | Val Max P-Miss: 1.1114 | Val Max Q-Miss: 0.4613 | Val Max Gen Viol: 0.1306 | Val Max Thermal: 0.0000 [*SAVED BEST*]
Epoch  580 | Val Loss: 4252.2319 | Val Cost: -235.20 | Val Max P-Miss: 1.0914 | Val Max Q-Miss: 0.4603 | Val Max Gen Viol: 0.1103 | Val Max Thermal: 0.0000
Epoch  590 | Val Loss: 3894.7668 | Val Cost: -228.03 | Val Max P-Miss: 1.0898 | Val Max Q-Miss: 0.4623 | Val Max Gen Viol: 0.1074 | Val Max Thermal: 0.0000 [*SAVED BEST*]
Epoch  600 | Val Loss: 3415.4419 | Val Cost: -214.34 | Val Max P-Miss: 1.0890 | Val Max Q-Miss: 0.4535 | Val Max Gen Viol: 0.1007 | Val Max Thermal: 0.0000 [*SAVED BEST*]
Epoch  610 | Val Loss: 2990.7708 | Val Cost: -200.49 | Val Max P-Miss: 1.0893 | Val Max Q-Miss: 0.4546 | Val Max Gen Viol: 0.0945 | Val Max Thermal: 0.0000 [*SAVED BEST*]
Epoch  620 | Val Loss: 2564.7048 | Val Cost: -184.34 | Val Max P-Miss: 1.0900 | Val Max Q-Miss: 0.4553 | Val Max Gen Viol: 0.0871 | Val Max Thermal: 0.0000 [*SAVED BEST*]
Epoch  630 | Val Loss: 19006.0254 | Val Cost:  210.36 | Val Max P-Miss: 2.3301 | Val Max Q-Miss: 5.8363 | Val Max Gen Viol: 1.3355 | Val Max Thermal: 0.0000
Epoch  640 | Val Loss: 33560.6602 | Val Cost:  159.02 | Val Max P-Miss: 4.0431 | Val Max Q-Miss: 6.7903 | Val Max Gen Viol: 6.9748 | Val Max Thermal: 20.6808
Epoch  650 | Val Loss: 4202.6191 | Val Cost: -226.18 | Val Max P-Miss: 1.0912 | Val Max Q-Miss: 0.4445 | Val Max Gen Viol: 0.1151 | Val Max Thermal: 0.0000
Epoch  660 | Val Loss: 3675.1970 | Val Cost: -218.09 | Val Max P-Miss: 1.0938 | Val Max Q-Miss: 0.4595 | Val Max Gen Viol: 0.1018 | Val Max Thermal: 0.0000
Epoch  670 | Val Loss: 3202.7373 | Val Cost: -203.86 | Val Max P-Miss: 1.0962 | Val Max Q-Miss: 0.4561 | Val Max Gen Viol: 0.0953 | Val Max Thermal: 0.0000
Epoch  680 | Val Loss: 2880.1113 | Val Cost: -196.11 | Val Max P-Miss: 1.0964 | Val Max Q-Miss: 0.4578 | Val Max Gen Viol: 0.0917 | Val Max Thermal: 0.0000
Epoch  690 | Val Loss: 2669.9785 | Val Cost: -187.22 | Val Max P-Miss: 1.1005 | Val Max Q-Miss: 0.4682 | Val Max Gen Viol: 0.0877 | Val Max Thermal: 0.0000
Epoch  700 | Val Loss: 29295.7227 | Val Cost:  297.09 | Val Max P-Miss: 6.0080 | Val Max Q-Miss: 10.0975 | Val Max Gen Viol: 0.1929 | Val Max Thermal: 15.6121
Epoch  710 | Val Loss: 4143.8125 | Val Cost: -182.66 | Val Max P-Miss: 1.0972 | Val Max Q-Miss: 0.8405 | Val Max Gen Viol: 0.2613 | Val Max Thermal: 0.0000
Epoch  720 | Val Loss: 2632.2493 | Val Cost: -166.13 | Val Max P-Miss: 1.0885 | Val Max Q-Miss: 0.4486 | Val Max Gen Viol: 0.0784 | Val Max Thermal: 0.0000
Epoch  730 | Val Loss: 2266.0193 | Val Cost: -161.43 | Val Max P-Miss: 1.0952 | Val Max Q-Miss: 0.4484 | Val Max Gen Viol: 0.0761 | Val Max Thermal: 0.0000 [*SAVED BEST*]
Epoch  740 | Val Loss: 2009.6489 | Val Cost: -154.13 | Val Max P-Miss: 1.0981 | Val Max Q-Miss: 0.4521 | Val Max Gen Viol: 0.0726 | Val Max Thermal: 0.0000 [*SAVED BEST*]
Epoch  750 | Val Loss: 53287.7500 | Val Cost:  608.15 | Val Max P-Miss: 7.1453 | Val Max Q-Miss: 5.8533 | Val Max Gen Viol: 0.2226 | Val Max Thermal: 6.2580
Epoch  760 | Val Loss: 8191.0928 | Val Cost:  -11.49 | Val Max P-Miss: 1.3253 | Val Max Q-Miss: 2.8096 | Val Max Gen Viol: 0.6229 | Val Max Thermal: 0.8662
Epoch  770 | Val Loss: 1986.1351 | Val Cost: -142.07 | Val Max P-Miss: 1.1014 | Val Max Q-Miss: 0.4489 | Val Max Gen Viol: 0.0648 | Val Max Thermal: 0.0000 [*SAVED BEST*]
Epoch  780 | Val Loss: 1834.5903 | Val Cost: -141.80 | Val Max P-Miss: 1.0991 | Val Max Q-Miss: 0.4485 | Val Max Gen Viol: 0.0670 | Val Max Thermal: 0.0000 [*SAVED BEST*]
Epoch  790 | Val Loss: 1821.9991 | Val Cost: -143.32 | Val Max P-Miss: 1.0971 | Val Max Q-Miss: 0.4526 | Val Max Gen Viol: 0.0676 | Val Max Thermal: 0.0000 [*SAVED BEST*]
Epoch  800 | Val Loss: 1677.0094 | Val Cost: -140.72 | Val Max P-Miss: 1.0987 | Val Max Q-Miss: 0.4480 | Val Max Gen Viol: 0.0664 | Val Max Thermal: 0.0000 [*SAVED BEST*]
Epoch  810 | Val Loss: 1604.8237 | Val Cost: -138.35 | Val Max P-Miss: 1.0995 | Val Max Q-Miss: 0.4486 | Val Max Gen Viol: 0.0653 | Val Max Thermal: 0.0000 [*SAVED BEST*]
Epoch  820 | Val Loss: 3020.9609 | Val Cost:   77.93 | Val Max P-Miss: 1.1913 | Val Max Q-Miss: 1.3922 | Val Max Gen Viol: 0.1891 | Val Max Thermal: 0.0000
Epoch  830 | Val Loss: 2187.6592 | Val Cost:  159.98 | Val Max P-Miss: 1.1233 | Val Max Q-Miss: 0.4531 | Val Max Gen Viol: 0.0173 | Val Max Thermal: 0.0000
Epoch  840 | Val Loss: 1991.5498 | Val Cost:  156.64 | Val Max P-Miss: 1.1237 | Val Max Q-Miss: 0.4514 | Val Max Gen Viol: 0.0145 | Val Max Thermal: 0.0000
Epoch  850 | Val Loss: 1848.5713 | Val Cost:  150.54 | Val Max P-Miss: 1.1221 | Val Max Q-Miss: 0.4550 | Val Max Gen Viol: 0.0152 | Val Max Thermal: 0.0000
Epoch  860 | Val Loss: 1795.2980 | Val Cost:  148.63 | Val Max P-Miss: 1.1235 | Val Max Q-Miss: 0.4536 | Val Max Gen Viol: 0.0141 | Val Max Thermal: 0.0000
Epoch  870 | Val Loss: 1815.1320 | Val Cost:  150.61 | Val Max P-Miss: 1.1308 | Val Max Q-Miss: 0.4519 | Val Max Gen Viol: 0.0189 | Val Max Thermal: 0.0000
Epoch  880 | Val Loss: 1768.0654 | Val Cost:  148.76 | Val Max P-Miss: 1.1309 | Val Max Q-Miss: 0.4534 | Val Max Gen Viol: 0.0189 | Val Max Thermal: 0.0000
Epoch  890 | Val Loss: 1694.9980 | Val Cost:  145.15 | Val Max P-Miss: 1.1303 | Val Max Q-Miss: 0.4553 | Val Max Gen Viol: 0.0178 | Val Max Thermal: 0.0000
Epoch  900 | Val Loss: 1651.2552 | Val Cost:  140.77 | Val Max P-Miss: 1.1303 | Val Max Q-Miss: 0.4761 | Val Max Gen Viol: 0.0185 | Val Max Thermal: 0.0000
Epoch  910 | Val Loss: 20581.1094 | Val Cost:   31.78 | Val Max P-Miss: 5.5459 | Val Max Q-Miss: 5.4139 | Val Max Gen Viol: 6.9010 | Val Max Thermal: 10.2434
Epoch  920 | Val Loss: 6050.0986 | Val Cost:  155.48 | Val Max P-Miss: 1.2793 | Val Max Q-Miss: 2.3788 | Val Max Gen Viol: 0.5406 | Val Max Thermal: 0.0000
Epoch  930 | Val Loss: 4320.0371 | Val Cost:  -47.44 | Val Max P-Miss: 1.4022 | Val Max Q-Miss: 1.0180 | Val Max Gen Viol: 0.5446 | Val Max Thermal: 0.0000
Epoch  940 | Val Loss: 1238.2358 | Val Cost: -100.69 | Val Max P-Miss: 1.0988 | Val Max Q-Miss: 0.4443 | Val Max Gen Viol: 0.0484 | Val Max Thermal: 0.0000 [*SAVED BEST*]
Epoch  950 | Val Loss: 1068.5583 | Val Cost:  -99.84 | Val Max P-Miss: 1.1023 | Val Max Q-Miss: 0.4470 | Val Max Gen Viol: 0.0478 | Val Max Thermal: 0.0000 [*SAVED BEST*]
Epoch  960 | Val Loss: 992.8154 | Val Cost:  -98.69 | Val Max P-Miss: 1.1040 | Val Max Q-Miss: 0.4490 | Val Max Gen Viol: 0.0469 | Val Max Thermal: 0.0000 [*SAVED BEST*]
Epoch  970 | Val Loss: 1100.2748 | Val Cost: -105.03 | Val Max P-Miss: 1.1002 | Val Max Q-Miss: 0.4526 | Val Max Gen Viol: 0.0498 | Val Max Thermal: 0.0000
Epoch  980 | Val Loss: 1032.8284 | Val Cost: -103.30 | Val Max P-Miss: 1.0999 | Val Max Q-Miss: 0.4468 | Val Max Gen Viol: 0.0487 | Val Max Thermal: 0.0000
Epoch  990 | Val Loss: 905.3099 | Val Cost:  -96.42 | Val Max P-Miss: 1.1015 | Val Max Q-Miss: 0.4447 | Val Max Gen Viol: 0.0457 | Val Max Thermal: 0.0000 [*SAVED BEST*]
Epoch 1000 | Val Loss: 805.3481 | Val Cost:  -90.09 | Val Max P-Miss: 1.1022 | Val Max Q-Miss: 0.4446 | Val Max Gen Viol: 0.0428 | Val Max Thermal: 0.0000 [*SAVED BEST*]
Epoch 1010 | Val Loss: 8480.0283 | Val Cost:  218.01 | Val Max P-Miss: 1.2051 | Val Max Q-Miss: 2.1715 | Val Max Gen Viol: 0.1469 | Val Max Thermal: 0.0000
Epoch 1020 | Val Loss: 12923.2793 | Val Cost:  521.21 | Val Max P-Miss: 3.0706 | Val Max Q-Miss: 3.0724 | Val Max Gen Viol: 0.5988 | Val Max Thermal: 0.0000
Epoch 1030 | Val Loss: 1307.7629 | Val Cost:  129.85 | Val Max P-Miss: 1.0627 | Val Max Q-Miss: 0.4374 | Val Max Gen Viol: 0.0562 | Val Max Thermal: 0.0000
Epoch 1040 | Val Loss: 1189.4083 | Val Cost:  109.50 | Val Max P-Miss: 1.1134 | Val Max Q-Miss: 0.4470 | Val Max Gen Viol: 0.0113 | Val Max Thermal: 0.0000
Epoch 1050 | Val Loss: 1222.8688 | Val Cost:  113.33 | Val Max P-Miss: 1.1137 | Val Max Q-Miss: 0.4477 | Val Max Gen Viol: 0.0123 | Val Max Thermal: 0.0000
Epoch 1060 | Val Loss: 1295.3474 | Val Cost:  117.58 | Val Max P-Miss: 1.1146 | Val Max Q-Miss: 0.4482 | Val Max Gen Viol: 0.0126 | Val Max Thermal: 0.0000
Epoch 1070 | Val Loss: 1386.9117 | Val Cost:  122.19 | Val Max P-Miss: 1.1147 | Val Max Q-Miss: 0.4485 | Val Max Gen Viol: 0.0127 | Val Max Thermal: 0.0000
Epoch 1080 | Val Loss: 1464.1484 | Val Cost:  125.49 | Val Max P-Miss: 1.1147 | Val Max Q-Miss: 0.4508 | Val Max Gen Viol: 0.0132 | Val Max Thermal: 0.0000
Epoch 1090 | Val Loss: 996.5794 | Val Cost:  100.71 | Val Max P-Miss: 1.1140 | Val Max Q-Miss: 0.4506 | Val Max Gen Viol: 0.0131 | Val Max Thermal: 0.0000
Epoch 1100 | Val Loss: 1087.4957 | Val Cost:  105.16 | Val Max P-Miss: 1.1195 | Val Max Q-Miss: 0.4650 | Val Max Gen Viol: 0.0137 | Val Max Thermal: 0.0000
Epoch 1110 | Val Loss: 1205.3453 | Val Cost:  113.28 | Val Max P-Miss: 1.1186 | Val Max Q-Miss: 0.4581 | Val Max Gen Viol: 0.0141 | Val Max Thermal: 0.0000
Epoch 1120 | Val Loss: 1327.6907 | Val Cost:  120.10 | Val Max P-Miss: 1.1190 | Val Max Q-Miss: 0.4568 | Val Max Gen Viol: 0.0149 | Val Max Thermal: 0.0000
Epoch 1130 | Val Loss: 11297.7285 | Val Cost:   18.37 | Val Max P-Miss: 4.6724 | Val Max Q-Miss: 5.1769 | Val Max Gen Viol: 5.3041 | Val Max Thermal: 10.4405
Epoch 1140 | Val Loss: 1757.7988 | Val Cost:  -76.91 | Val Max P-Miss: 1.2111 | Val Max Q-Miss: 1.9747 | Val Max Gen Viol: 0.5292 | Val Max Thermal: 0.0000
Epoch 1150 | Val Loss: 1027.2946 | Val Cost:   96.96 | Val Max P-Miss: 1.1089 | Val Max Q-Miss: 0.4532 | Val Max Gen Viol: 0.0507 | Val Max Thermal: 0.0000
Epoch 1160 | Val Loss: 1090.8461 | Val Cost:  103.13 | Val Max P-Miss: 1.1088 | Val Max Q-Miss: 0.4525 | Val Max Gen Viol: 0.0477 | Val Max Thermal: 0.0000
Epoch 1170 | Val Loss: 1227.2048 | Val Cost:  110.76 | Val Max P-Miss: 1.1101 | Val Max Q-Miss: 0.4537 | Val Max Gen Viol: 0.0471 | Val Max Thermal: 0.0000
Epoch 1180 | Val Loss: 1013.8567 | Val Cost:   99.19 | Val Max P-Miss: 1.1095 | Val Max Q-Miss: 0.4546 | Val Max Gen Viol: 0.0479 | Val Max Thermal: 0.0000
Epoch 1190 | Val Loss: 815.5095 | Val Cost:   86.65 | Val Max P-Miss: 1.1083 | Val Max Q-Miss: 0.4554 | Val Max Gen Viol: 0.0488 | Val Max Thermal: 0.0000
Epoch 1200 | Val Loss: 940.1014 | Val Cost:   93.05 | Val Max P-Miss: 1.1081 | Val Max Q-Miss: 0.4599 | Val Max Gen Viol: 0.0492 | Val Max Thermal: 0.0000
Epoch 1210 | Val Loss: 809.0952 | Val Cost:   86.59 | Val Max P-Miss: 1.1113 | Val Max Q-Miss: 0.4551 | Val Max Gen Viol: 0.0507 | Val Max Thermal: 0.0000
Epoch 1220 | Val Loss: 937.6271 | Val Cost:   94.79 | Val Max P-Miss: 1.1121 | Val Max Q-Miss: 0.4548 | Val Max Gen Viol: 0.0512 | Val Max Thermal: 0.0000
Epoch 1230 | Val Loss: 1098.4905 | Val Cost:  103.98 | Val Max P-Miss: 1.1127 | Val Max Q-Miss: 0.4561 | Val Max Gen Viol: 0.0517 | Val Max Thermal: 0.0000
Epoch 1240 | Val Loss: 636.1228 | Val Cost:   75.20 | Val Max P-Miss: 1.1102 | Val Max Q-Miss: 0.4539 | Val Max Gen Viol: 0.0534 | Val Max Thermal: 0.0000 [*SAVED BEST*]
Epoch 1250 | Val Loss: 818.1932 | Val Cost:   86.97 | Val Max P-Miss: 1.1118 | Val Max Q-Miss: 0.4582 | Val Max Gen Viol: 0.0539 | Val Max Thermal: 0.0000
Epoch 1260 | Val Loss: 2769.4893 | Val Cost:  128.12 | Val Max P-Miss: 1.1055 | Val Max Q-Miss: 0.6842 | Val Max Gen Viol: 0.0525 | Val Max Thermal: 0.0000
Epoch 1270 | Val Loss: 669.9139 | Val Cost:  -40.69 | Val Max P-Miss: 1.1019 | Val Max Q-Miss: 0.4357 | Val Max Gen Viol: 0.0453 | Val Max Thermal: 0.0000
Epoch 1280 | Val Loss: 469.5643 | Val Cost:  -60.22 | Val Max P-Miss: 1.1015 | Val Max Q-Miss: 0.4411 | Val Max Gen Viol: 0.0441 | Val Max Thermal: 0.0000 [*SAVED BEST*]
Epoch 1290 | Val Loss: 360.0868 | Val Cost:  -49.95 | Val Max P-Miss: 1.1020 | Val Max Q-Miss: 0.4407 | Val Max Gen Viol: 0.0444 | Val Max Thermal: 0.0000 [*SAVED BEST*]
Epoch 1300 | Val Loss: 615.5703 | Val Cost:  -72.99 | Val Max P-Miss: 1.0956 | Val Max Q-Miss: 0.4348 | Val Max Gen Viol: 0.0452 | Val Max Thermal: 0.0000
Epoch 1310 | Val Loss: 496.2843 | Val Cost:  -63.02 | Val Max P-Miss: 1.1002 | Val Max Q-Miss: 0.4378 | Val Max Gen Viol: 0.0465 | Val Max Thermal: 0.0000
Epoch 1320 | Val Loss: 448.4247 | Val Cost:  -58.76 | Val Max P-Miss: 1.0964 | Val Max Q-Miss: 0.4342 | Val Max Gen Viol: 0.0465 | Val Max Thermal: 0.0000
Epoch 1330 | Val Loss: 356.4189 | Val Cost:  -49.34 | Val Max P-Miss: 1.1000 | Val Max Q-Miss: 0.4369 | Val Max Gen Viol: 0.0473 | Val Max Thermal: 0.0000 [*SAVED BEST*]
Epoch 1340 | Val Loss: 408.6845 | Val Cost:  -42.45 | Val Max P-Miss: 1.1311 | Val Max Q-Miss: 0.5515 | Val Max Gen Viol: 0.0776 | Val Max Thermal: 0.0000
Epoch 1350 | Val Loss: 566.0485 | Val Cost:  -69.04 | Val Max P-Miss: 1.0923 | Val Max Q-Miss: 0.4383 | Val Max Gen Viol: 0.0497 | Val Max Thermal: 0.0000
Epoch 1360 | Val Loss: 444.8410 | Val Cost:  -59.07 | Val Max P-Miss: 1.0847 | Val Max Q-Miss: 0.4278 | Val Max Gen Viol: 0.0503 | Val Max Thermal: 0.0000
Epoch 1370 | Val Loss: 822.2646 | Val Cost:  -83.60 | Val Max P-Miss: 1.0829 | Val Max Q-Miss: 0.4416 | Val Max Gen Viol: 0.0528 | Val Max Thermal: 0.0000
Epoch 1380 | Val Loss: 4362.9951 | Val Cost:  -32.75 | Val Max P-Miss: 1.9315 | Val Max Q-Miss: 3.1553 | Val Max Gen Viol: 1.5609 | Val Max Thermal: 21.9435
Epoch 1390 | Val Loss: 756.2833 | Val Cost:   80.65 | Val Max P-Miss: 1.1213 | Val Max Q-Miss: 0.4529 | Val Max Gen Viol: 0.0841 | Val Max Thermal: 0.0000
Epoch 1400 | Val Loss: 870.0216 | Val Cost:   89.30 | Val Max P-Miss: 1.1155 | Val Max Q-Miss: 0.4509 | Val Max Gen Viol: 0.0377 | Val Max Thermal: 0.0000
Epoch 1410 | Val Loss: 1010.1239 | Val Cost:   96.84 | Val Max P-Miss: 1.1175 | Val Max Q-Miss: 0.4517 | Val Max Gen Viol: 0.0898 | Val Max Thermal: 0.0000
Epoch 1420 | Val Loss: 532.5137 | Val Cost:   66.20 | Val Max P-Miss: 1.1142 | Val Max Q-Miss: 0.4498 | Val Max Gen Viol: 0.0384 | Val Max Thermal: 0.0000
Epoch 1430 | Val Loss: 645.3988 | Val Cost:   74.82 | Val Max P-Miss: 1.1161 | Val Max Q-Miss: 0.4506 | Val Max Gen Viol: 0.0389 | Val Max Thermal: 0.0000
Epoch 1440 | Val Loss: 770.3011 | Val Cost:   83.15 | Val Max P-Miss: 1.1185 | Val Max Q-Miss: 0.4513 | Val Max Gen Viol: 0.0393 | Val Max Thermal: 0.0000
Epoch 1450 | Val Loss: 724.5507 | Val Cost:   78.42 | Val Max P-Miss: 1.1200 | Val Max Q-Miss: 0.4516 | Val Max Gen Viol: 0.0402 | Val Max Thermal: 0.0000
Epoch 1460 | Val Loss: 606.6072 | Val Cost:   70.81 | Val Max P-Miss: 1.1187 | Val Max Q-Miss: 0.4513 | Val Max Gen Viol: 0.0405 | Val Max Thermal: 0.0000
Epoch 1470 | Val Loss: 675.8913 | Val Cost:   74.37 | Val Max P-Miss: 1.1229 | Val Max Q-Miss: 0.4525 | Val Max Gen Viol: 0.0410 | Val Max Thermal: 0.0000
Epoch 1480 | Val Loss: 619.2729 | Val Cost:   70.88 | Val Max P-Miss: 1.1293 | Val Max Q-Miss: 0.4594 | Val Max Gen Viol: 0.0429 | Val Max Thermal: 0.0000
Epoch 1490 | Val Loss: 694.7708 | Val Cost:   77.61 | Val Max P-Miss: 1.1353 | Val Max Q-Miss: 0.4551 | Val Max Gen Viol: 0.0433 | Val Max Thermal: 0.0000
Epoch 1500 | Val Loss: 718.3780 | Val Cost:   78.02 | Val Max P-Miss: 1.1360 | Val Max Q-Miss: 0.4750 | Val Max Gen Viol: 0.0447 | Val Max Thermal: 0.0000
Epoch 1510 | Val Loss: 583.8873 | Val Cost:   69.56 | Val Max P-Miss: 1.1229 | Val Max Q-Miss: 0.4628 | Val Max Gen Viol: 0.0455 | Val Max Thermal: 0.0000
Epoch 1520 | Val Loss: 430.5485 | Val Cost:   54.28 | Val Max P-Miss: 1.1200 | Val Max Q-Miss: 0.4549 | Val Max Gen Viol: 0.0453 | Val Max Thermal: 0.0000
Epoch 1530 | Val Loss: 602.8137 | Val Cost:   71.20 | Val Max P-Miss: 1.1374 | Val Max Q-Miss: 0.4645 | Val Max Gen Viol: 0.0441 | Val Max Thermal: 0.0000
Epoch 1540 | Val Loss: 652.0937 | Val Cost:   73.15 | Val Max P-Miss: 1.1376 | Val Max Q-Miss: 0.4688 | Val Max Gen Viol: 0.0445 | Val Max Thermal: 0.0000
Epoch 1550 | Val Loss: 586.5606 | Val Cost:   69.49 | Val Max P-Miss: 1.1289 | Val Max Q-Miss: 0.4851 | Val Max Gen Viol: 0.0463 | Val Max Thermal: 0.0000
Epoch 1560 | Val Loss: 655.8040 | Val Cost:   74.19 | Val Max P-Miss: 1.1281 | Val Max Q-Miss: 0.4764 | Val Max Gen Viol: 0.0473 | Val Max Thermal: 0.0000
Epoch 1570 | Val Loss: 6617.5894 | Val Cost:  353.13 | Val Max P-Miss: 1.3511 | Val Max Q-Miss: 1.7965 | Val Max Gen Viol: 0.2997 | Val Max Thermal: 0.0000
Epoch 1580 | Val Loss: 2094.7834 | Val Cost:   74.61 | Val Max P-Miss: 0.9696 | Val Max Q-Miss: 1.3202 | Val Max Gen Viol: 0.1513 | Val Max Thermal: 0.0000
Epoch 1590 | Val Loss: 389.2702 | Val Cost:   48.15 | Val Max P-Miss: 1.1105 | Val Max Q-Miss: 0.4477 | Val Max Gen Viol: 0.0710 | Val Max Thermal: 0.0000
Epoch 1600 | Val Loss: 424.7308 | Val Cost:   55.63 | Val Max P-Miss: 1.1075 | Val Max Q-Miss: 0.4482 | Val Max Gen Viol: 0.0382 | Val Max Thermal: 0.0000
Epoch 1610 | Val Loss: 497.5757 | Val Cost:   61.95 | Val Max P-Miss: 1.1079 | Val Max Q-Miss: 0.4482 | Val Max Gen Viol: 0.0389 | Val Max Thermal: 0.0000
Epoch 1620 | Val Loss: 540.9995 | Val Cost:   65.27 | Val Max P-Miss: 1.1091 | Val Max Q-Miss: 0.4499 | Val Max Gen Viol: 0.0397 | Val Max Thermal: 0.0000
Epoch 1630 | Val Loss: 495.6690 | Val Cost:   55.72 | Val Max P-Miss: 1.1113 | Val Max Q-Miss: 0.4627 | Val Max Gen Viol: 0.0413 | Val Max Thermal: 0.0000
Epoch 1640 | Val Loss: 418.3455 | Val Cost:   53.25 | Val Max P-Miss: 1.1097 | Val Max Q-Miss: 0.4515 | Val Max Gen Viol: 0.0414 | Val Max Thermal: 0.0000
Epoch 1650 | Val Loss: 427.2700 | Val Cost:   54.20 | Val Max P-Miss: 1.1100 | Val Max Q-Miss: 0.4525 | Val Max Gen Viol: 0.0421 | Val Max Thermal: 0.0000
Epoch 1660 | Val Loss: 463.2929 | Val Cost:   56.60 | Val Max P-Miss: 1.1108 | Val Max Q-Miss: 0.4536 | Val Max Gen Viol: 0.0428 | Val Max Thermal: 0.0000
Epoch 1670 | Val Loss: 512.0070 | Val Cost:   61.20 | Val Max P-Miss: 1.1114 | Val Max Q-Miss: 0.4525 | Val Max Gen Viol: 0.0436 | Val Max Thermal: 0.0000
Epoch 1680 | Val Loss: 564.5707 | Val Cost:   64.77 | Val Max P-Miss: 1.1130 | Val Max Q-Miss: 0.4524 | Val Max Gen Viol: 0.0458 | Val Max Thermal: 0.0000
Epoch 1690 | Val Loss: 474.9304 | Val Cost:   45.58 | Val Max P-Miss: 1.1133 | Val Max Q-Miss: 0.4615 | Val Max Gen Viol: 0.0637 | Val Max Thermal: 0.0000
Epoch 1700 | Val Loss: 421.5081 | Val Cost:   52.67 | Val Max P-Miss: 1.1132 | Val Max Q-Miss: 0.4541 | Val Max Gen Viol: 0.0468 | Val Max Thermal: 0.0000
Epoch 1710 | Val Loss: 445.3692 | Val Cost:   57.80 | Val Max P-Miss: 1.1152 | Val Max Q-Miss: 0.4524 | Val Max Gen Viol: 0.0478 | Val Max Thermal: 0.0000
Epoch 1720 | Val Loss: 443.9100 | Val Cost:   64.14 | Val Max P-Miss: 1.1182 | Val Max Q-Miss: 0.4541 | Val Max Gen Viol: 0.0499 | Val Max Thermal: 0.0000
Epoch 1730 | Val Loss: 990.3610 | Val Cost:    2.33 | Val Max P-Miss: 0.9933 | Val Max Q-Miss: 0.6982 | Val Max Gen Viol: 0.2501 | Val Max Thermal: 0.0000
Epoch 1740 | Val Loss: 539.4944 | Val Cost:  -64.58 | Val Max P-Miss: 1.0831 | Val Max Q-Miss: 0.4310 | Val Max Gen Viol: 0.0324 | Val Max Thermal: 0.0000
Epoch 1750 | Val Loss: 463.0273 | Val Cost:  -58.79 | Val Max P-Miss: 1.0980 | Val Max Q-Miss: 0.4430 | Val Max Gen Viol: 0.0339 | Val Max Thermal: 0.0000
Epoch 1760 | Val Loss: 403.1309 | Val Cost:  -53.43 | Val Max P-Miss: 1.0982 | Val Max Q-Miss: 0.4431 | Val Max Gen Viol: 0.0343 | Val Max Thermal: 0.0000
Epoch 1770 | Val Loss: 351.3863 | Val Cost:  -48.24 | Val Max P-Miss: 1.0983 | Val Max Q-Miss: 0.4434 | Val Max Gen Viol: 0.0348 | Val Max Thermal: 0.0000 [*SAVED BEST*]
Epoch 1780 | Val Loss: 307.3112 | Val Cost:  -43.27 | Val Max P-Miss: 1.0984 | Val Max Q-Miss: 0.4435 | Val Max Gen Viol: 0.0355 | Val Max Thermal: 0.0000 [*SAVED BEST*]
Epoch 1790 | Val Loss: 364.1536 | Val Cost:  -47.98 | Val Max P-Miss: 1.0978 | Val Max Q-Miss: 0.4460 | Val Max Gen Viol: 0.0364 | Val Max Thermal: 0.0000
Epoch 1800 | Val Loss: 400.1078 | Val Cost:  -52.39 | Val Max P-Miss: 1.0971 | Val Max Q-Miss: 0.4432 | Val Max Gen Viol: 0.0371 | Val Max Thermal: 0.0000
Epoch 1810 | Val Loss: 410.4236 | Val Cost:  -53.15 | Val Max P-Miss: 1.0970 | Val Max Q-Miss: 0.4427 | Val Max Gen Viol: 0.0380 | Val Max Thermal: 0.0000
Epoch 1820 | Val Loss: 417.3981 | Val Cost:  -52.21 | Val Max P-Miss: 1.0974 | Val Max Q-Miss: 0.4423 | Val Max Gen Viol: 0.0385 | Val Max Thermal: 0.0000
Epoch 1830 | Val Loss: 425.0176 | Val Cost:  -53.41 | Val Max P-Miss: 1.0970 | Val Max Q-Miss: 0.4423 | Val Max Gen Viol: 0.0384 | Val Max Thermal: 0.0000
Epoch 1840 | Val Loss: 409.5258 | Val Cost:  -53.33 | Val Max P-Miss: 1.0964 | Val Max Q-Miss: 0.4425 | Val Max Gen Viol: 0.0382 | Val Max Thermal: 0.0000
Epoch 1850 | Val Loss: 427.4095 | Val Cost:  -51.03 | Val Max P-Miss: 1.0986 | Val Max Q-Miss: 0.4429 | Val Max Gen Viol: 0.0376 | Val Max Thermal: 0.0000
Epoch 1860 | Val Loss: 433.8379 | Val Cost:  -51.17 | Val Max P-Miss: 1.0984 | Val Max Q-Miss: 0.4415 | Val Max Gen Viol: 0.0383 | Val Max Thermal: 0.0000
Epoch 1870 | Val Loss: 429.5363 | Val Cost:  -53.56 | Val Max P-Miss: 1.0985 | Val Max Q-Miss: 0.4426 | Val Max Gen Viol: 0.0404 | Val Max Thermal: 0.0000
Epoch 1880 | Val Loss: 409.7737 | Val Cost:  -48.78 | Val Max P-Miss: 1.0992 | Val Max Q-Miss: 0.4638 | Val Max Gen Viol: 0.0413 | Val Max Thermal: 0.0000
Epoch 1890 | Val Loss: 357.6279 | Val Cost:  -42.66 | Val Max P-Miss: 1.0978 | Val Max Q-Miss: 0.4584 | Val Max Gen Viol: 0.0406 | Val Max Thermal: 0.0000
Epoch 1900 | Val Loss: 352.0582 | Val Cost:  -43.15 | Val Max P-Miss: 1.0969 | Val Max Q-Miss: 0.4537 | Val Max Gen Viol: 0.0404 | Val Max Thermal: 0.0000
Epoch 1910 | Val Loss: 367.7087 | Val Cost:  -57.93 | Val Max P-Miss: 1.0944 | Val Max Q-Miss: 0.4472 | Val Max Gen Viol: 0.0385 | Val Max Thermal: 0.0000
Epoch 1920 | Val Loss: 345.5245 | Val Cost:  -51.50 | Val Max P-Miss: 1.0934 | Val Max Q-Miss: 0.4460 | Val Max Gen Viol: 0.0395 | Val Max Thermal: 0.0000
Epoch 1930 | Val Loss: 563.7495 | Val Cost:  -61.80 | Val Max P-Miss: 1.0823 | Val Max Q-Miss: 0.4662 | Val Max Gen Viol: 0.0379 | Val Max Thermal: 0.0000
Epoch 1940 | Val Loss: 865.9632 | Val Cost:  -51.07 | Val Max P-Miss: 1.0820 | Val Max Q-Miss: 0.6137 | Val Max Gen Viol: 1.4989 | Val Max Thermal: 0.0000
Epoch 1950 | Val Loss: 377.9221 | Val Cost:  -45.09 | Val Max P-Miss: 1.1525 | Val Max Q-Miss: 0.4457 | Val Max Gen Viol: 0.0447 | Val Max Thermal: 0.0000
Epoch 1960 | Val Loss: 335.2039 | Val Cost:  -45.18 | Val Max P-Miss: 1.0885 | Val Max Q-Miss: 0.4420 | Val Max Gen Viol: 0.0405 | Val Max Thermal: 0.0000
Epoch 1970 | Val Loss: 342.2212 | Val Cost:  -45.77 | Val Max P-Miss: 1.0825 | Val Max Q-Miss: 0.4412 | Val Max Gen Viol: 0.0412 | Val Max Thermal: 0.0000
Epoch 1980 | Val Loss: 341.8679 | Val Cost:  -45.63 | Val Max P-Miss: 1.0838 | Val Max Q-Miss: 0.4410 | Val Max Gen Viol: 0.0418 | Val Max Thermal: 0.0000
Epoch 1990 | Val Loss: 340.9261 | Val Cost:  -45.38 | Val Max P-Miss: 1.0846 | Val Max Q-Miss: 0.4408 | Val Max Gen Viol: 0.0425 | Val Max Thermal: 0.0000
Epoch 2000 | Val Loss: 340.2193 | Val Cost:  -44.84 | Val Max P-Miss: 1.0844 | Val Max Q-Miss: 0.4402 | Val Max Gen Viol: 0.0435 | Val Max Thermal: 0.0000
Epoch 2010 | Val Loss: 339.4715 | Val Cost:  -44.08 | Val Max P-Miss: 1.0847 | Val Max Q-Miss: 0.4396 | Val Max Gen Viol: 0.0441 | Val Max Thermal: 0.0000
Epoch 2020 | Val Loss: 339.7994 | Val Cost:  -42.78 | Val Max P-Miss: 1.0847 | Val Max Q-Miss: 0.4393 | Val Max Gen Viol: 0.0449 | Val Max Thermal: 0.0000
Epoch 2030 | Val Loss: 336.4753 | Val Cost:  -41.16 | Val Max P-Miss: 1.0863 | Val Max Q-Miss: 0.4392 | Val Max Gen Viol: 0.0459 | Val Max Thermal: 0.0000
Epoch 2040 | Val Loss: 329.5468 | Val Cost:  -44.08 | Val Max P-Miss: 1.0884 | Val Max Q-Miss: 0.4414 | Val Max Gen Viol: 0.0469 | Val Max Thermal: 0.0000
Epoch 2050 | Val Loss: 319.9169 | Val Cost:  -48.24 | Val Max P-Miss: 1.0856 | Val Max Q-Miss: 0.4385 | Val Max Gen Viol: 0.0476 | Val Max Thermal: 0.0000
Epoch 2060 | Val Loss: 317.4594 | Val Cost:  -46.34 | Val Max P-Miss: 1.0810 | Val Max Q-Miss: 0.4324 | Val Max Gen Viol: 0.0485 | Val Max Thermal: 0.0000
Epoch 2070 | Val Loss: 324.3989 | Val Cost:  -46.77 | Val Max P-Miss: 1.0821 | Val Max Q-Miss: 0.4309 | Val Max Gen Viol: 0.0495 | Val Max Thermal: 0.0000
Epoch 2080 | Val Loss: 324.1621 | Val Cost:  -46.44 | Val Max P-Miss: 1.0823 | Val Max Q-Miss: 0.4296 | Val Max Gen Viol: 0.0511 | Val Max Thermal: 0.0000
Epoch 2090 | Val Loss: 327.9876 | Val Cost:  -46.60 | Val Max P-Miss: 1.0832 | Val Max Q-Miss: 0.4314 | Val Max Gen Viol: 0.0528 | Val Max Thermal: 0.0000
Epoch 2100 | Val Loss: 332.5414 | Val Cost:  -47.02 | Val Max P-Miss: 1.0839 | Val Max Q-Miss: 0.4314 | Val Max Gen Viol: 0.0547 | Val Max Thermal: 0.0000
Epoch 2110 | Val Loss: 330.0782 | Val Cost:  -46.69 | Val Max P-Miss: 1.0847 | Val Max Q-Miss: 0.4230 | Val Max Gen Viol: 0.0558 | Val Max Thermal: 0.0000
Epoch 2120 | Val Loss: 328.3240 | Val Cost:  -46.77 | Val Max P-Miss: 1.0850 | Val Max Q-Miss: 0.4269 | Val Max Gen Viol: 0.0581 | Val Max Thermal: 0.0000
Epoch 2130 | Val Loss: 328.9850 | Val Cost:  -46.80 | Val Max P-Miss: 1.0845 | Val Max Q-Miss: 0.4273 | Val Max Gen Viol: 0.0603 | Val Max Thermal: 0.0000
Epoch 2140 | Val Loss: 329.3102 | Val Cost:  -47.30 | Val Max P-Miss: 1.0844 | Val Max Q-Miss: 0.4275 | Val Max Gen Viol: 0.0634 | Val Max Thermal: 0.0000
Epoch 2150 | Val Loss: 1410.6405 | Val Cost:  -55.07 | Val Max P-Miss: 1.1670 | Val Max Q-Miss: 0.8088 | Val Max Gen Viol: 0.0813 | Val Max Thermal: 0.0000
Epoch 2160 | Val Loss: 379.7399 | Val Cost:   45.84 | Val Max P-Miss: 1.0917 | Val Max Q-Miss: 0.4677 | Val Max Gen Viol: 0.1025 | Val Max Thermal: 0.0000
Epoch 2170 | Val Loss: 371.7597 | Val Cost:   48.92 | Val Max P-Miss: 1.1039 | Val Max Q-Miss: 0.4455 | Val Max Gen Viol: 0.0437 | Val Max Thermal: 0.0000
Epoch 2180 | Val Loss: 375.9790 | Val Cost:   49.76 | Val Max P-Miss: 1.1036 | Val Max Q-Miss: 0.4452 | Val Max Gen Viol: 0.0454 | Val Max Thermal: 0.0000
Epoch 2190 | Val Loss: 383.9953 | Val Cost:   50.49 | Val Max P-Miss: 1.1038 | Val Max Q-Miss: 0.4450 | Val Max Gen Viol: 0.0462 | Val Max Thermal: 0.0000
Epoch 2200 | Val Loss: 392.5932 | Val Cost:   51.25 | Val Max P-Miss: 1.1039 | Val Max Q-Miss: 0.4450 | Val Max Gen Viol: 0.0472 | Val Max Thermal: 0.0000
Epoch 2210 | Val Loss: 400.4878 | Val Cost:   51.79 | Val Max P-Miss: 1.1040 | Val Max Q-Miss: 0.4450 | Val Max Gen Viol: 0.0483 | Val Max Thermal: 0.0000
Epoch 2220 | Val Loss: 405.8161 | Val Cost:   51.14 | Val Max P-Miss: 1.1048 | Val Max Q-Miss: 0.4445 | Val Max Gen Viol: 0.0498 | Val Max Thermal: 0.0000
Epoch 2230 | Val Loss: 397.8904 | Val Cost:   50.23 | Val Max P-Miss: 1.1050 | Val Max Q-Miss: 0.4443 | Val Max Gen Viol: 0.0510 | Val Max Thermal: 0.0000
Epoch 2240 | Val Loss: 393.3156 | Val Cost:   49.89 | Val Max P-Miss: 1.1045 | Val Max Q-Miss: 0.4436 | Val Max Gen Viol: 0.0522 | Val Max Thermal: 0.0000
Epoch 2250 | Val Loss: 391.8110 | Val Cost:   52.28 | Val Max P-Miss: 1.1049 | Val Max Q-Miss: 0.4490 | Val Max Gen Viol: 0.0544 | Val Max Thermal: 0.0000
Epoch 2260 | Val Loss: 385.9589 | Val Cost:   53.50 | Val Max P-Miss: 1.1065 | Val Max Q-Miss: 0.4725 | Val Max Gen Viol: 0.0547 | Val Max Thermal: 0.0000
Epoch 2270 | Val Loss: 296.6772 | Val Cost:   50.77 | Val Max P-Miss: 1.1032 | Val Max Q-Miss: 0.4449 | Val Max Gen Viol: 0.0572 | Val Max Thermal: 0.0000 [*SAVED BEST*]
Epoch 2280 | Val Loss: 302.6719 | Val Cost:   52.03 | Val Max P-Miss: 1.1036 | Val Max Q-Miss: 0.4451 | Val Max Gen Viol: 0.0590 | Val Max Thermal: 0.0000
Epoch 2290 | Val Loss: 306.5323 | Val Cost:   46.52 | Val Max P-Miss: 1.1036 | Val Max Q-Miss: 0.4455 | Val Max Gen Viol: 0.0610 | Val Max Thermal: 0.0000
Epoch 2300 | Val Loss: 313.6130 | Val Cost:   45.77 | Val Max P-Miss: 1.1038 | Val Max Q-Miss: 0.4467 | Val Max Gen Viol: 0.0637 | Val Max Thermal: 0.0000
Epoch 2310 | Val Loss: 317.1485 | Val Cost:   45.34 | Val Max P-Miss: 1.1040 | Val Max Q-Miss: 0.4482 | Val Max Gen Viol: 0.0657 | Val Max Thermal: 0.0000
Epoch 2320 | Val Loss: 327.0883 | Val Cost:   45.46 | Val Max P-Miss: 1.1041 | Val Max Q-Miss: 0.4523 | Val Max Gen Viol: 0.0679 | Val Max Thermal: 0.0000
Epoch 2330 | Val Loss: 327.4873 | Val Cost:   45.93 | Val Max P-Miss: 1.1038 | Val Max Q-Miss: 0.4512 | Val Max Gen Viol: 0.0706 | Val Max Thermal: 0.0000
Epoch 2340 | Val Loss: 433.2440 | Val Cost:   30.48 | Val Max P-Miss: 1.1188 | Val Max Q-Miss: 0.4523 | Val Max Gen Viol: 0.0736 | Val Max Thermal: 0.0000
Epoch 2350 | Val Loss: 1515.8428 | Val Cost:  111.95 | Val Max P-Miss: 1.2444 | Val Max Q-Miss: 1.1939 | Val Max Gen Viol: 1.7984 | Val Max Thermal: 0.0000
Epoch 2360 | Val Loss: 389.5903 | Val Cost:  -48.68 | Val Max P-Miss: 1.1099 | Val Max Q-Miss: 0.4803 | Val Max Gen Viol: 0.0654 | Val Max Thermal: 0.0000
Epoch 2370 | Val Loss: 313.7475 | Val Cost:  -43.10 | Val Max P-Miss: 1.0998 | Val Max Q-Miss: 0.4422 | Val Max Gen Viol: 0.0586 | Val Max Thermal: 0.0000
Epoch 2380 | Val Loss: 317.7746 | Val Cost:  -43.91 | Val Max P-Miss: 1.1000 | Val Max Q-Miss: 0.4425 | Val Max Gen Viol: 0.0588 | Val Max Thermal: 0.0000
Epoch 2390 | Val Loss: 322.6594 | Val Cost:  -44.46 | Val Max P-Miss: 1.0998 | Val Max Q-Miss: 0.4422 | Val Max Gen Viol: 0.0602 | Val Max Thermal: 0.0000
Epoch 2400 | Val Loss: 327.3215 | Val Cost:  -44.99 | Val Max P-Miss: 1.0996 | Val Max Q-Miss: 0.4423 | Val Max Gen Viol: 0.0617 | Val Max Thermal: 0.0000
Epoch 2410 | Val Loss: 332.1841 | Val Cost:  -45.53 | Val Max P-Miss: 1.0994 | Val Max Q-Miss: 0.4421 | Val Max Gen Viol: 0.0636 | Val Max Thermal: 0.0000
Epoch 2420 | Val Loss: 336.9748 | Val Cost:  -46.10 | Val Max P-Miss: 1.0991 | Val Max Q-Miss: 0.4420 | Val Max Gen Viol: 0.0650 | Val Max Thermal: 0.0000
Epoch 2430 | Val Loss: 342.1997 | Val Cost:  -46.63 | Val Max P-Miss: 1.0988 | Val Max Q-Miss: 0.4418 | Val Max Gen Viol: 0.0668 | Val Max Thermal: 0.0000
Epoch 2440 | Val Loss: 347.4384 | Val Cost:  -47.22 | Val Max P-Miss: 1.0985 | Val Max Q-Miss: 0.4418 | Val Max Gen Viol: 0.0690 | Val Max Thermal: 0.0000
Epoch 2450 | Val Loss: 353.1307 | Val Cost:  -47.78 | Val Max P-Miss: 1.0980 | Val Max Q-Miss: 0.4415 | Val Max Gen Viol: 0.0715 | Val Max Thermal: 0.0000
Epoch 2460 | Val Loss: 360.2551 | Val Cost:  -48.39 | Val Max P-Miss: 1.0977 | Val Max Q-Miss: 0.4415 | Val Max Gen Viol: 0.0735 | Val Max Thermal: 0.0000
Epoch 2470 | Val Loss: 365.7732 | Val Cost:  -48.65 | Val Max P-Miss: 1.0973 | Val Max Q-Miss: 0.4414 | Val Max Gen Viol: 0.0763 | Val Max Thermal: 0.0000
Epoch 2480 | Val Loss: 341.4396 | Val Cost:  -46.66 | Val Max P-Miss: 1.0967 | Val Max Q-Miss: 0.4416 | Val Max Gen Viol: 0.0790 | Val Max Thermal: 0.0000
Epoch 2490 | Val Loss: 348.6237 | Val Cost:  -47.25 | Val Max P-Miss: 1.0961 | Val Max Q-Miss: 0.4416 | Val Max Gen Viol: 0.0819 | Val Max Thermal: 0.0000
Epoch 2500 | Val Loss: 355.3210 | Val Cost:  -48.11 | Val Max P-Miss: 1.0952 | Val Max Q-Miss: 0.4411 | Val Max Gen Viol: 0.0848 | Val Max Thermal: 0.0000
Epoch 2510 | Val Loss: 360.0040 | Val Cost:  -48.69 | Val Max P-Miss: 1.0943 | Val Max Q-Miss: 0.4407 | Val Max Gen Viol: 0.0885 | Val Max Thermal: 0.0000
Epoch 2520 | Val Loss: 366.8141 | Val Cost:  -49.38 | Val Max P-Miss: 1.0931 | Val Max Q-Miss: 0.4407 | Val Max Gen Viol: 0.0920 | Val Max Thermal: 0.0000
Epoch 2530 | Val Loss: 376.4548 | Val Cost:  -50.30 | Val Max P-Miss: 1.0917 | Val Max Q-Miss: 0.4403 | Val Max Gen Viol: 0.0954 | Val Max Thermal: 0.0000
Epoch 2540 | Val Loss: 284.6024 | Val Cost:  -39.54 | Val Max P-Miss: 1.0945 | Val Max Q-Miss: 0.4423 | Val Max Gen Viol: 0.0983 | Val Max Thermal: 0.0000 [*SAVED BEST*]
Epoch 2550 | Val Loss: 360.5135 | Val Cost:  -47.36 | Val Max P-Miss: 1.0837 | Val Max Q-Miss: 0.4348 | Val Max Gen Viol: 0.1002 | Val Max Thermal: 0.0000
Epoch 2560 | Val Loss: 347.2751 | Val Cost:  -46.88 | Val Max P-Miss: 1.0850 | Val Max Q-Miss: 0.4334 | Val Max Gen Viol: 0.1017 | Val Max Thermal: 0.0000
Epoch 2570 | Val Loss: 365.4340 | Val Cost:  -48.61 | Val Max P-Miss: 1.0843 | Val Max Q-Miss: 0.4331 | Val Max Gen Viol: 0.1044 | Val Max Thermal: 0.0000
Epoch 2580 | Val Loss: 371.1073 | Val Cost:  -48.61 | Val Max P-Miss: 1.0835 | Val Max Q-Miss: 0.4303 | Val Max Gen Viol: 0.1069 | Val Max Thermal: 0.0000
Epoch 2590 | Val Loss: 382.0797 | Val Cost:  -48.06 | Val Max P-Miss: 1.0801 | Val Max Q-Miss: 0.4299 | Val Max Gen Viol: 0.1085 | Val Max Thermal: 0.0000
Epoch 2600 | Val Loss: 4993.8857 | Val Cost:  108.41 | Val Max P-Miss: 1.0163 | Val Max Q-Miss: 2.9787 | Val Max Gen Viol: 0.4833 | Val Max Thermal: 0.0000
Epoch 2610 | Val Loss: 2303.8279 | Val Cost:  -48.47 | Val Max P-Miss: 1.1713 | Val Max Q-Miss: 2.8289 | Val Max Gen Viol: 0.4732 | Val Max Thermal: 0.0000
Epoch 2620 | Val Loss: 360.3548 | Val Cost:   52.19 | Val Max P-Miss: 1.1165 | Val Max Q-Miss: 0.4657 | Val Max Gen Viol: 0.0398 | Val Max Thermal: 0.0000
Epoch 2630 | Val Loss: 337.8229 | Val Cost:   45.21 | Val Max P-Miss: 1.0770 | Val Max Q-Miss: 0.4243 | Val Max Gen Viol: 0.0594 | Val Max Thermal: 0.0000
Epoch 2640 | Val Loss: 340.2472 | Val Cost:   46.05 | Val Max P-Miss: 1.1035 | Val Max Q-Miss: 0.4419 | Val Max Gen Viol: 0.0593 | Val Max Thermal: 0.0000
Epoch 2650 | Val Loss: 336.1022 | Val Cost:   45.65 | Val Max P-Miss: 1.1066 | Val Max Q-Miss: 0.4458 | Val Max Gen Viol: 0.0603 | Val Max Thermal: 0.0000
Epoch 2660 | Val Loss: 331.5056 | Val Cost:   45.23 | Val Max P-Miss: 1.1067 | Val Max Q-Miss: 0.4460 | Val Max Gen Viol: 0.0618 | Val Max Thermal: 0.0000
Epoch 2670 | Val Loss: 326.7921 | Val Cost:   44.77 | Val Max P-Miss: 1.1066 | Val Max Q-Miss: 0.4460 | Val Max Gen Viol: 0.0642 | Val Max Thermal: 0.0000
Epoch 2680 | Val Loss: 321.8565 | Val Cost:   44.25 | Val Max P-Miss: 1.1067 | Val Max Q-Miss: 0.4462 | Val Max Gen Viol: 0.0671 | Val Max Thermal: 0.0000
Epoch 2690 | Val Loss: 316.7257 | Val Cost:   43.77 | Val Max P-Miss: 1.1067 | Val Max Q-Miss: 0.4461 | Val Max Gen Viol: 0.0700 | Val Max Thermal: 0.0000
Epoch 2700 | Val Loss: 311.5562 | Val Cost:   43.21 | Val Max P-Miss: 1.1068 | Val Max Q-Miss: 0.4461 | Val Max Gen Viol: 0.0737 | Val Max Thermal: 0.0000
Epoch 2710 | Val Loss: 305.9719 | Val Cost:   42.61 | Val Max P-Miss: 1.1068 | Val Max Q-Miss: 0.4463 | Val Max Gen Viol: 0.0779 | Val Max Thermal: 0.0000
Epoch 2720 | Val Loss: 300.4275 | Val Cost:   42.07 | Val Max P-Miss: 1.1067 | Val Max Q-Miss: 0.4462 | Val Max Gen Viol: 0.0823 | Val Max Thermal: 0.0000
Epoch 2730 | Val Loss: 294.6339 | Val Cost:   41.39 | Val Max P-Miss: 1.1067 | Val Max Q-Miss: 0.4464 | Val Max Gen Viol: 0.0869 | Val Max Thermal: 0.0000
Epoch 2740 | Val Loss: 288.6929 | Val Cost:   40.73 | Val Max P-Miss: 1.1068 | Val Max Q-Miss: 0.4467 | Val Max Gen Viol: 0.0920 | Val Max Thermal: 0.0000
Epoch 2750 | Val Loss: 283.0252 | Val Cost:   40.02 | Val Max P-Miss: 1.1068 | Val Max Q-Miss: 0.4469 | Val Max Gen Viol: 0.0967 | Val Max Thermal: 0.0000 [*SAVED BEST*]
Epoch 2760 | Val Loss: 277.3830 | Val Cost:   39.28 | Val Max P-Miss: 1.1068 | Val Max Q-Miss: 0.4472 | Val Max Gen Viol: 0.1015 | Val Max Thermal: 0.0000 [*SAVED BEST*]
Epoch 2770 | Val Loss: 272.1026 | Val Cost:   38.51 | Val Max P-Miss: 1.1067 | Val Max Q-Miss: 0.4480 | Val Max Gen Viol: 0.1061 | Val Max Thermal: 0.0000 [*SAVED BEST*]
Epoch 2780 | Val Loss: 265.1049 | Val Cost:   37.35 | Val Max P-Miss: 1.1067 | Val Max Q-Miss: 0.4499 | Val Max Gen Viol: 0.1097 | Val Max Thermal: 0.0000 [*SAVED BEST*]
Epoch 2790 | Val Loss: 255.4292 | Val Cost:   35.32 | Val Max P-Miss: 1.1073 | Val Max Q-Miss: 0.4509 | Val Max Gen Viol: 0.1141 | Val Max Thermal: 0.0000 [*SAVED BEST*]
Epoch 2800 | Val Loss: 248.9861 | Val Cost:   34.09 | Val Max P-Miss: 1.1073 | Val Max Q-Miss: 0.4521 | Val Max Gen Viol: 0.1176 | Val Max Thermal: 0.0000 [*SAVED BEST*]
Epoch 2810 | Val Loss: 243.7652 | Val Cost:   33.30 | Val Max P-Miss: 1.1073 | Val Max Q-Miss: 0.4507 | Val Max Gen Viol: 0.1211 | Val Max Thermal: 0.0000 [*SAVED BEST*]
Epoch 2820 | Val Loss: 240.7079 | Val Cost:   36.01 | Val Max P-Miss: 1.1077 | Val Max Q-Miss: 0.4453 | Val Max Gen Viol: 0.1262 | Val Max Thermal: 0.0000 [*SAVED BEST*]
Epoch 2830 | Val Loss: 230.8071 | Val Cost:   35.85 | Val Max P-Miss: 1.1077 | Val Max Q-Miss: 0.4456 | Val Max Gen Viol: 0.1295 | Val Max Thermal: 0.0000 [*SAVED BEST*]
Epoch 2840 | Val Loss: 219.6735 | Val Cost:   33.55 | Val Max P-Miss: 1.1075 | Val Max Q-Miss: 0.4461 | Val Max Gen Viol: 0.1330 | Val Max Thermal: 0.0000 [*SAVED BEST*]
Epoch 2850 | Val Loss: 4047.7446 | Val Cost:  -40.05 | Val Max P-Miss: 2.8913 | Val Max Q-Miss: 3.7541 | Val Max Gen Viol: 2.5786 | Val Max Thermal: 8.0879
Epoch 2860 | Val Loss: 270.4883 | Val Cost:   29.07 | Val Max P-Miss: 1.1083 | Val Max Q-Miss: 0.4808 | Val Max Gen Viol: 0.0231 | Val Max Thermal: 0.0000
Epoch 2870 | Val Loss: 227.8391 | Val Cost:   31.70 | Val Max P-Miss: 1.1050 | Val Max Q-Miss: 0.4443 | Val Max Gen Viol: 0.0813 | Val Max Thermal: 0.0000
Epoch 2880 | Val Loss: 221.5199 | Val Cost:   30.88 | Val Max P-Miss: 1.1052 | Val Max Q-Miss: 0.4436 | Val Max Gen Viol: 0.0856 | Val Max Thermal: 0.0000
Epoch 2890 | Val Loss: 217.8860 | Val Cost:   29.86 | Val Max P-Miss: 1.1053 | Val Max Q-Miss: 0.4430 | Val Max Gen Viol: 0.0895 | Val Max Thermal: 0.0000 [*SAVED BEST*]
Epoch 2900 | Val Loss: 214.9969 | Val Cost:   31.39 | Val Max P-Miss: 1.1053 | Val Max Q-Miss: 0.4430 | Val Max Gen Viol: 0.0936 | Val Max Thermal: 0.0000 [*SAVED BEST*]
Epoch 2910 | Val Loss: 215.8537 | Val Cost:   42.86 | Val Max P-Miss: 1.1055 | Val Max Q-Miss: 0.4427 | Val Max Gen Viol: 0.0979 | Val Max Thermal: 0.0000
Epoch 2920 | Val Loss: 240.9287 | Val Cost:   34.32 | Val Max P-Miss: 1.1057 | Val Max Q-Miss: 0.4420 | Val Max Gen Viol: 0.1029 | Val Max Thermal: 0.0000
Epoch 2930 | Val Loss: 246.4915 | Val Cost:   32.16 | Val Max P-Miss: 1.1062 | Val Max Q-Miss: 0.4413 | Val Max Gen Viol: 0.1071 | Val Max Thermal: 0.0000
Epoch 2940 | Val Loss: 239.5680 | Val Cost:   31.38 | Val Max P-Miss: 1.1061 | Val Max Q-Miss: 0.4409 | Val Max Gen Viol: 0.1115 | Val Max Thermal: 0.0000
Epoch 2950 | Val Loss: 241.2367 | Val Cost:   36.66 | Val Max P-Miss: 1.1063 | Val Max Q-Miss: 0.4402 | Val Max Gen Viol: 0.1165 | Val Max Thermal: 0.0000
Epoch 2960 | Val Loss: 251.1201 | Val Cost:   39.70 | Val Max P-Miss: 1.1061 | Val Max Q-Miss: 0.4458 | Val Max Gen Viol: 0.1210 | Val Max Thermal: 0.0000
Epoch 2970 | Val Loss: 253.7333 | Val Cost:   36.85 | Val Max P-Miss: 1.1066 | Val Max Q-Miss: 0.4474 | Val Max Gen Viol: 0.1241 | Val Max Thermal: 0.0000
Epoch 2980 | Val Loss: 253.2500 | Val Cost:   36.24 | Val Max P-Miss: 1.1068 | Val Max Q-Miss: 0.4465 | Val Max Gen Viol: 0.1283 | Val Max Thermal: 0.0000
Epoch 2990 | Val Loss: 250.1492 | Val Cost:   36.03 | Val Max P-Miss: 1.1069 | Val Max Q-Miss: 0.4465 | Val Max Gen Viol: 0.1330 | Val Max Thermal: 0.0000
Epoch 3000 | Val Loss: 253.2699 | Val Cost:   36.48 | Val Max P-Miss: 1.1069 | Val Max Q-Miss: 0.4459 | Val Max Gen Viol: 0.1375 | Val Max Thermal: 0.0000
Epoch 3010 | Val Loss: 251.7647 | Val Cost:   37.45 | Val Max P-Miss: 1.1072 | Val Max Q-Miss: 0.4475 | Val Max Gen Viol: 0.1427 | Val Max Thermal: 0.0000
Epoch 3020 | Val Loss: 239.1766 | Val Cost:   35.80 | Val Max P-Miss: 1.1072 | Val Max Q-Miss: 0.4471 | Val Max Gen Viol: 0.1474 | Val Max Thermal: 0.0000
Epoch 3030 | Val Loss: 230.9101 | Val Cost:   34.34 | Val Max P-Miss: 1.1075 | Val Max Q-Miss: 0.4478 | Val Max Gen Viol: 0.1529 | Val Max Thermal: 0.0000
Epoch 3040 | Val Loss: 1969.0155 | Val Cost:  254.22 | Val Max P-Miss: 1.2070 | Val Max Q-Miss: 1.6295 | Val Max Gen Viol: 0.3418 | Val Max Thermal: 0.0000
Epoch 3050 | Val Loss: 273.9565 | Val Cost:   46.41 | Val Max P-Miss: 1.0977 | Val Max Q-Miss: 0.4397 | Val Max Gen Viol: 0.0616 | Val Max Thermal: 0.0000
Epoch 3060 | Val Loss: 254.4988 | Val Cost:   36.40 | Val Max P-Miss: 1.1092 | Val Max Q-Miss: 0.4441 | Val Max Gen Viol: 0.0832 | Val Max Thermal: 0.0000
Epoch 3070 | Val Loss: 241.6093 | Val Cost:   34.76 | Val Max P-Miss: 1.1091 | Val Max Q-Miss: 0.4435 | Val Max Gen Viol: 0.0893 | Val Max Thermal: 0.0000
Epoch 3080 | Val Loss: 232.3080 | Val Cost:   33.18 | Val Max P-Miss: 1.1094 | Val Max Q-Miss: 0.4424 | Val Max Gen Viol: 0.0978 | Val Max Thermal: 0.0000
Epoch 3090 | Val Loss: 232.6908 | Val Cost:   33.59 | Val Max P-Miss: 1.1094 | Val Max Q-Miss: 0.4418 | Val Max Gen Viol: 0.1095 | Val Max Thermal: 0.0000
Epoch 3100 | Val Loss: 244.9166 | Val Cost:   34.99 | Val Max P-Miss: 1.1089 | Val Max Q-Miss: 0.4445 | Val Max Gen Viol: 0.1209 | Val Max Thermal: 0.0000
Epoch 3110 | Val Loss: 239.3923 | Val Cost:   34.51 | Val Max P-Miss: 1.1092 | Val Max Q-Miss: 0.4435 | Val Max Gen Viol: 0.1334 | Val Max Thermal: 0.0000
Epoch 3120 | Val Loss: 230.9650 | Val Cost:   33.78 | Val Max P-Miss: 1.1096 | Val Max Q-Miss: 0.4422 | Val Max Gen Viol: 0.1475 | Val Max Thermal: 0.0000
Epoch 3130 | Val Loss: 223.7016 | Val Cost:   32.86 | Val Max P-Miss: 1.1100 | Val Max Q-Miss: 0.4415 | Val Max Gen Viol: 0.1590 | Val Max Thermal: 0.0000
Epoch 3140 | Val Loss: 216.6842 | Val Cost:   31.87 | Val Max P-Miss: 1.1105 | Val Max Q-Miss: 0.4412 | Val Max Gen Viol: 0.1679 | Val Max Thermal: 0.0000
Epoch 3150 | Val Loss: 210.5921 | Val Cost:   30.97 | Val Max P-Miss: 1.1110 | Val Max Q-Miss: 0.4412 | Val Max Gen Viol: 0.1750 | Val Max Thermal: 0.0000 [*SAVED BEST*]
Epoch 3160 | Val Loss: 210.3009 | Val Cost:   30.62 | Val Max P-Miss: 1.1130 | Val Max Q-Miss: 0.4423 | Val Max Gen Viol: 0.1780 | Val Max Thermal: 0.0000 [*SAVED BEST*]
Epoch 3170 | Val Loss: 198.5899 | Val Cost:   28.75 | Val Max P-Miss: 1.1131 | Val Max Q-Miss: 0.4418 | Val Max Gen Viol: 0.1826 | Val Max Thermal: 0.0000 [*SAVED BEST*]
Epoch 3180 | Val Loss: 277.8004 | Val Cost:   40.19 | Val Max P-Miss: 1.1179 | Val Max Q-Miss: 0.4442 | Val Max Gen Viol: 0.1842 | Val Max Thermal: 0.0000
Epoch 3190 | Val Loss: 251.9396 | Val Cost:   37.05 | Val Max P-Miss: 1.1169 | Val Max Q-Miss: 0.4444 | Val Max Gen Viol: 0.1948 | Val Max Thermal: 0.0000
Epoch 3200 | Val Loss: 240.8741 | Val Cost:   35.53 | Val Max P-Miss: 1.1167 | Val Max Q-Miss: 0.4460 | Val Max Gen Viol: 0.2034 | Val Max Thermal: 0.0000
Epoch 3210 | Val Loss: 233.4238 | Val Cost:   34.42 | Val Max P-Miss: 1.1167 | Val Max Q-Miss: 0.4470 | Val Max Gen Viol: 0.2095 | Val Max Thermal: 0.0000
Epoch 3220 | Val Loss: 568.1107 | Val Cost:   28.45 | Val Max P-Miss: 1.1411 | Val Max Q-Miss: 0.4567 | Val Max Gen Viol: 0.1903 | Val Max Thermal: 0.0000
Epoch 3230 | Val Loss: 842.9012 | Val Cost:   79.22 | Val Max P-Miss: 1.0632 | Val Max Q-Miss: 1.6418 | Val Max Gen Viol: 0.2736 | Val Max Thermal: 0.0000
Epoch 3240 | Val Loss: 414.5818 | Val Cost: -112.57 | Val Max P-Miss: 1.0402 | Val Max Q-Miss: 0.4664 | Val Max Gen Viol: 0.0891 | Val Max Thermal: 0.0000
Epoch 3250 | Val Loss: 209.6060 | Val Cost:  -28.44 | Val Max P-Miss: 1.1013 | Val Max Q-Miss: 0.4434 | Val Max Gen Viol: 0.0775 | Val Max Thermal: 0.0000
Epoch 3260 | Val Loss: 207.1042 | Val Cost:  -29.75 | Val Max P-Miss: 1.1002 | Val Max Q-Miss: 0.4434 | Val Max Gen Viol: 0.0814 | Val Max Thermal: 0.0000
Epoch 3270 | Val Loss: 206.0329 | Val Cost:  -29.64 | Val Max P-Miss: 1.1002 | Val Max Q-Miss: 0.4431 | Val Max Gen Viol: 0.0857 | Val Max Thermal: 0.0000
Epoch 3280 | Val Loss: 205.4143 | Val Cost:  -29.57 | Val Max P-Miss: 1.1001 | Val Max Q-Miss: 0.4431 | Val Max Gen Viol: 0.0901 | Val Max Thermal: 0.0000
Epoch 3290 | Val Loss: 205.0328 | Val Cost:  -29.54 | Val Max P-Miss: 1.1000 | Val Max Q-Miss: 0.4430 | Val Max Gen Viol: 0.0947 | Val Max Thermal: 0.0000
Epoch 3300 | Val Loss: 204.8191 | Val Cost:  -29.52 | Val Max P-Miss: 1.0999 | Val Max Q-Miss: 0.4431 | Val Max Gen Viol: 0.0986 | Val Max Thermal: 0.0000
Epoch 3310 | Val Loss: 204.8340 | Val Cost:  -29.54 | Val Max P-Miss: 1.0998 | Val Max Q-Miss: 0.4426 | Val Max Gen Viol: 0.1023 | Val Max Thermal: 0.0000
Epoch 3320 | Val Loss: 205.0865 | Val Cost:  -29.57 | Val Max P-Miss: 1.0998 | Val Max Q-Miss: 0.4426 | Val Max Gen Viol: 0.1056 | Val Max Thermal: 0.0000
Epoch 3330 | Val Loss: 205.8970 | Val Cost:  -29.73 | Val Max P-Miss: 1.0995 | Val Max Q-Miss: 0.4421 | Val Max Gen Viol: 0.1082 | Val Max Thermal: 0.0000
Epoch 3340 | Val Loss: 212.8782 | Val Cost:  -30.70 | Val Max P-Miss: 1.0989 | Val Max Q-Miss: 0.4417 | Val Max Gen Viol: 0.1098 | Val Max Thermal: 0.0000
Epoch 3350 | Val Loss: 217.8940 | Val Cost:  -31.53 | Val Max P-Miss: 1.0987 | Val Max Q-Miss: 0.4414 | Val Max Gen Viol: 0.1115 | Val Max Thermal: 0.0000
Epoch 3360 | Val Loss: 220.9525 | Val Cost:  -32.13 | Val Max P-Miss: 1.0986 | Val Max Q-Miss: 0.4409 | Val Max Gen Viol: 0.1124 | Val Max Thermal: 0.0000
Epoch 3370 | Val Loss: 223.6124 | Val Cost:  -32.46 | Val Max P-Miss: 1.0987 | Val Max Q-Miss: 0.4415 | Val Max Gen Viol: 0.1134 | Val Max Thermal: 0.0000
Epoch 3380 | Val Loss: 226.8690 | Val Cost:  -32.90 | Val Max P-Miss: 1.0983 | Val Max Q-Miss: 0.4412 | Val Max Gen Viol: 0.1139 | Val Max Thermal: 0.0000
Epoch 3390 | Val Loss: 231.0553 | Val Cost:  -33.27 | Val Max P-Miss: 1.0978 | Val Max Q-Miss: 0.4412 | Val Max Gen Viol: 0.1143 | Val Max Thermal: 0.0000
Epoch 3400 | Val Loss: 236.5126 | Val Cost:  -33.75 | Val Max P-Miss: 1.0974 | Val Max Q-Miss: 0.4435 | Val Max Gen Viol: 0.1146 | Val Max Thermal: 0.0000
Epoch 3410 | Val Loss: 238.4889 | Val Cost:  -34.20 | Val Max P-Miss: 1.0974 | Val Max Q-Miss: 0.4520 | Val Max Gen Viol: 0.1149 | Val Max Thermal: 0.0000
Epoch 3420 | Val Loss: 235.6157 | Val Cost:  -34.06 | Val Max P-Miss: 1.0974 | Val Max Q-Miss: 0.4588 | Val Max Gen Viol: 0.1149 | Val Max Thermal: 0.0000
Epoch 3430 | Val Loss: 233.7247 | Val Cost:  -33.89 | Val Max P-Miss: 1.0970 | Val Max Q-Miss: 0.4543 | Val Max Gen Viol: 0.1153 | Val Max Thermal: 0.0000
Epoch 3440 | Val Loss: 233.6459 | Val Cost:  -33.91 | Val Max P-Miss: 1.0967 | Val Max Q-Miss: 0.4528 | Val Max Gen Viol: 0.1152 | Val Max Thermal: 0.0000
Epoch 3450 | Val Loss: 233.9322 | Val Cost:  -34.06 | Val Max P-Miss: 1.0963 | Val Max Q-Miss: 0.4516 | Val Max Gen Viol: 0.1157 | Val Max Thermal: 0.0000
Epoch 3460 | Val Loss: 4553.6855 | Val Cost:  -72.54 | Val Max P-Miss: 2.3242 | Val Max Q-Miss: 2.9097 | Val Max Gen Viol: 4.4075 | Val Max Thermal: 0.2491
Epoch 3470 | Val Loss: 223.8448 | Val Cost:  -52.15 | Val Max P-Miss: 1.1049 | Val Max Q-Miss: 0.4395 | Val Max Gen Viol: 0.1141 | Val Max Thermal: 0.0000
Epoch 3480 | Val Loss: 202.9944 | Val Cost:  -28.61 | Val Max P-Miss: 1.0991 | Val Max Q-Miss: 0.4393 | Val Max Gen Viol: 0.1105 | Val Max Thermal: 0.0000
Epoch 3490 | Val Loss: 209.4138 | Val Cost:  -30.18 | Val Max P-Miss: 1.0988 | Val Max Q-Miss: 0.4382 | Val Max Gen Viol: 0.1254 | Val Max Thermal: 0.0000
Epoch 3500 | Val Loss: 217.4123 | Val Cost:  -31.33 | Val Max P-Miss: 1.0985 | Val Max Q-Miss: 0.4374 | Val Max Gen Viol: 0.1388 | Val Max Thermal: 0.0000
Epoch 3510 | Val Loss: 225.7458 | Val Cost:  -32.49 | Val Max P-Miss: 1.0982 | Val Max Q-Miss: 0.4365 | Val Max Gen Viol: 0.1529 | Val Max Thermal: 0.0000
Epoch 3520 | Val Loss: 223.1102 | Val Cost:  -32.36 | Val Max P-Miss: 1.0984 | Val Max Q-Miss: 0.4350 | Val Max Gen Viol: 0.1686 | Val Max Thermal: 0.0000
Epoch 3530 | Val Loss: 222.0833 | Val Cost:  -31.83 | Val Max P-Miss: 1.0990 | Val Max Q-Miss: 0.4332 | Val Max Gen Viol: 0.1829 | Val Max Thermal: 0.0000
Epoch 3540 | Val Loss: 225.6701 | Val Cost:  -32.59 | Val Max P-Miss: 1.0983 | Val Max Q-Miss: 0.4322 | Val Max Gen Viol: 0.1953 | Val Max Thermal: 0.0000
Epoch 3550 | Val Loss: 230.5589 | Val Cost:  -33.37 | Val Max P-Miss: 1.0977 | Val Max Q-Miss: 0.4307 | Val Max Gen Viol: 0.2048 | Val Max Thermal: 0.0000
Epoch 3560 | Val Loss: 233.1902 | Val Cost:  -33.60 | Val Max P-Miss: 1.0969 | Val Max Q-Miss: 0.4301 | Val Max Gen Viol: 0.2126 | Val Max Thermal: 0.0000
Epoch 3570 | Val Loss: 238.1663 | Val Cost:  -34.30 | Val Max P-Miss: 1.0964 | Val Max Q-Miss: 0.4224 | Val Max Gen Viol: 0.2193 | Val Max Thermal: 0.0000
Epoch 3580 | Val Loss: 248.9019 | Val Cost:  -34.96 | Val Max P-Miss: 1.0959 | Val Max Q-Miss: 0.4151 | Val Max Gen Viol: 0.2245 | Val Max Thermal: 0.0000
Epoch 3590 | Val Loss: 259.8749 | Val Cost:  -36.88 | Val Max P-Miss: 1.0949 | Val Max Q-Miss: 0.4145 | Val Max Gen Viol: 0.2302 | Val Max Thermal: 0.0000
Epoch 3600 | Val Loss: 210.7085 | Val Cost:  -30.42 | Val Max P-Miss: 1.0965 | Val Max Q-Miss: 0.4307 | Val Max Gen Viol: 0.2358 | Val Max Thermal: 0.0000
Epoch 3610 | Val Loss: 218.6587 | Val Cost:  -31.66 | Val Max P-Miss: 1.0956 | Val Max Q-Miss: 0.4261 | Val Max Gen Viol: 0.2359 | Val Max Thermal: 0.0000
Epoch 3620 | Val Loss: 228.7601 | Val Cost:  -33.27 | Val Max P-Miss: 1.0948 | Val Max Q-Miss: 0.4265 | Val Max Gen Viol: 0.2424 | Val Max Thermal: 0.0000
Epoch 3630 | Val Loss: 6659.2656 | Val Cost:    8.96 | Val Max P-Miss: 2.7860 | Val Max Q-Miss: 3.0055 | Val Max Gen Viol: 0.1407 | Val Max Thermal: 0.0000
Epoch 3640 | Val Loss: 476.6016 | Val Cost:   41.78 | Val Max P-Miss: 1.0294 | Val Max Q-Miss: 0.4641 | Val Max Gen Viol: 0.3689 | Val Max Thermal: 0.0000
Epoch 3650 | Val Loss: 266.2695 | Val Cost:   36.51 | Val Max P-Miss: 1.0941 | Val Max Q-Miss: 0.4247 | Val Max Gen Viol: 0.1084 | Val Max Thermal: 0.0000
Epoch 3660 | Val Loss: 255.8538 | Val Cost:   36.91 | Val Max P-Miss: 1.1061 | Val Max Q-Miss: 0.4451 | Val Max Gen Viol: 0.0973 | Val Max Thermal: 0.0000
Epoch 3670 | Val Loss: 248.7432 | Val Cost:   36.02 | Val Max P-Miss: 1.1050 | Val Max Q-Miss: 0.4456 | Val Max Gen Viol: 0.0978 | Val Max Thermal: 0.0000
Epoch 3680 | Val Loss: 241.9223 | Val Cost:   35.12 | Val Max P-Miss: 1.1049 | Val Max Q-Miss: 0.4456 | Val Max Gen Viol: 0.0998 | Val Max Thermal: 0.0000
Epoch 3690 | Val Loss: 235.0792 | Val Cost:   34.18 | Val Max P-Miss: 1.1049 | Val Max Q-Miss: 0.4455 | Val Max Gen Viol: 0.1019 | Val Max Thermal: 0.0000
Epoch 3700 | Val Loss: 228.1203 | Val Cost:   33.23 | Val Max P-Miss: 1.1049 | Val Max Q-Miss: 0.4456 | Val Max Gen Viol: 0.1040 | Val Max Thermal: 0.0000
Epoch 3710 | Val Loss: 221.2526 | Val Cost:   32.24 | Val Max P-Miss: 1.1049 | Val Max Q-Miss: 0.4454 | Val Max Gen Viol: 0.1061 | Val Max Thermal: 0.0000
Epoch 3720 | Val Loss: 214.2614 | Val Cost:   31.19 | Val Max P-Miss: 1.1048 | Val Max Q-Miss: 0.4455 | Val Max Gen Viol: 0.1078 | Val Max Thermal: 0.0000
Epoch 3730 | Val Loss: 207.2539 | Val Cost:   30.11 | Val Max P-Miss: 1.1049 | Val Max Q-Miss: 0.4455 | Val Max Gen Viol: 0.1096 | Val Max Thermal: 0.0000
Epoch 3740 | Val Loss: 200.2070 | Val Cost:   28.98 | Val Max P-Miss: 1.1048 | Val Max Q-Miss: 0.4454 | Val Max Gen Viol: 0.1113 | Val Max Thermal: 0.0000
Epoch 3750 | Val Loss: 193.2525 | Val Cost:   27.76 | Val Max P-Miss: 1.1049 | Val Max Q-Miss: 0.4454 | Val Max Gen Viol: 0.1130 | Val Max Thermal: 0.0000 [*SAVED BEST*]
Epoch 3760 | Val Loss: 186.2186 | Val Cost:   26.55 | Val Max P-Miss: 1.1048 | Val Max Q-Miss: 0.4453 | Val Max Gen Viol: 0.1149 | Val Max Thermal: 0.0000 [*SAVED BEST*]
Epoch 3770 | Val Loss: 181.3233 | Val Cost:   25.50 | Val Max P-Miss: 1.1049 | Val Max Q-Miss: 0.4449 | Val Max Gen Viol: 0.1172 | Val Max Thermal: 0.0000 [*SAVED BEST*]
Epoch 3780 | Val Loss: 206.8289 | Val Cost:   30.18 | Val Max P-Miss: 1.1052 | Val Max Q-Miss: 0.4456 | Val Max Gen Viol: 0.1195 | Val Max Thermal: 0.0000
Epoch 3790 | Val Loss: 215.5325 | Val Cost:   31.29 | Val Max P-Miss: 1.1053 | Val Max Q-Miss: 0.4465 | Val Max Gen Viol: 0.1244 | Val Max Thermal: 0.0000
Epoch 3800 | Val Loss: 218.9844 | Val Cost:   30.61 | Val Max P-Miss: 1.1053 | Val Max Q-Miss: 0.4478 | Val Max Gen Viol: 0.1305 | Val Max Thermal: 0.0000
Epoch 3810 | Val Loss: 211.6971 | Val Cost:   29.83 | Val Max P-Miss: 1.1054 | Val Max Q-Miss: 0.4474 | Val Max Gen Viol: 0.1399 | Val Max Thermal: 0.0000
Epoch 3820 | Val Loss: 200.6759 | Val Cost:   28.92 | Val Max P-Miss: 1.1056 | Val Max Q-Miss: 0.4461 | Val Max Gen Viol: 0.1510 | Val Max Thermal: 0.0000
Epoch 3830 | Val Loss: 190.6143 | Val Cost:   27.63 | Val Max P-Miss: 1.1056 | Val Max Q-Miss: 0.4451 | Val Max Gen Viol: 0.1643 | Val Max Thermal: 0.0000
Epoch 3840 | Val Loss: 181.7653 | Val Cost:   26.23 | Val Max P-Miss: 1.1056 | Val Max Q-Miss: 0.4438 | Val Max Gen Viol: 0.1827 | Val Max Thermal: 0.0000
Epoch 3850 | Val Loss: 173.8360 | Val Cost:   24.77 | Val Max P-Miss: 1.1057 | Val Max Q-Miss: 0.4428 | Val Max Gen Viol: 0.2050 | Val Max Thermal: 0.0000 [*SAVED BEST*]
Epoch 3860 | Val Loss: 182.3152 | Val Cost:   26.53 | Val Max P-Miss: 1.1070 | Val Max Q-Miss: 0.4412 | Val Max Gen Viol: 0.2259 | Val Max Thermal: 0.0000
Epoch 3870 | Val Loss: 211.5587 | Val Cost:   31.45 | Val Max P-Miss: 1.1072 | Val Max Q-Miss: 0.4442 | Val Max Gen Viol: 0.2421 | Val Max Thermal: 0.0000
Epoch 3880 | Val Loss: 206.0045 | Val Cost:   30.56 | Val Max P-Miss: 1.1078 | Val Max Q-Miss: 0.4448 | Val Max Gen Viol: 0.2540 | Val Max Thermal: 0.0000
Epoch 3890 | Val Loss: 195.0135 | Val Cost:   28.99 | Val Max P-Miss: 1.1093 | Val Max Q-Miss: 0.4410 | Val Max Gen Viol: 0.2648 | Val Max Thermal: 0.0000
Epoch 3900 | Val Loss: 530.9807 | Val Cost:   40.16 | Val Max P-Miss: 1.1279 | Val Max Q-Miss: 0.4482 | Val Max Gen Viol: 0.2281 | Val Max Thermal: 0.0000
Epoch 3910 | Val Loss: 2410.4790 | Val Cost:    7.08 | Val Max P-Miss: 1.1267 | Val Max Q-Miss: 0.7035 | Val Max Gen Viol: 1.6273 | Val Max Thermal: 0.0000
Epoch 3920 | Val Loss: 214.6737 | Val Cost:   30.67 | Val Max P-Miss: 1.1040 | Val Max Q-Miss: 0.4468 | Val Max Gen Viol: 0.1129 | Val Max Thermal: 0.0000
Epoch 3930 | Val Loss: 198.4533 | Val Cost:   28.91 | Val Max P-Miss: 1.1062 | Val Max Q-Miss: 0.4407 | Val Max Gen Viol: 0.1457 | Val Max Thermal: 0.0000
Epoch 3940 | Val Loss: 187.3166 | Val Cost:   27.07 | Val Max P-Miss: 1.1061 | Val Max Q-Miss: 0.4402 | Val Max Gen Viol: 0.1624 | Val Max Thermal: 0.0000
Epoch 3950 | Val Loss: 177.2746 | Val Cost:   25.27 | Val Max P-Miss: 1.1060 | Val Max Q-Miss: 0.4396 | Val Max Gen Viol: 0.1791 | Val Max Thermal: 0.0000
Epoch 3960 | Val Loss: 168.0955 | Val Cost:   23.49 | Val Max P-Miss: 1.1058 | Val Max Q-Miss: 0.4391 | Val Max Gen Viol: 0.1939 | Val Max Thermal: 0.0000 [*SAVED BEST*]
Epoch 3970 | Val Loss: 159.7575 | Val Cost:   21.74 | Val Max P-Miss: 1.1057 | Val Max Q-Miss: 0.4390 | Val Max Gen Viol: 0.2063 | Val Max Thermal: 0.0000 [*SAVED BEST*]
Epoch 3980 | Val Loss: 152.1469 | Val Cost:   19.99 | Val Max P-Miss: 1.1056 | Val Max Q-Miss: 0.4386 | Val Max Gen Viol: 0.2159 | Val Max Thermal: 0.0000 [*SAVED BEST*]
Epoch 3990 | Val Loss: 191.0019 | Val Cost:   27.85 | Val Max P-Miss: 1.1070 | Val Max Q-Miss: 0.4385 | Val Max Gen Viol: 0.2191 | Val Max Thermal: 0.0000
Epoch 4000 | Val Loss: 184.5326 | Val Cost:   26.78 | Val Max P-Miss: 1.1070 | Val Max Q-Miss: 0.4394 | Val Max Gen Viol: 0.2278 | Val Max Thermal: 0.0000
Epoch 4010 | Val Loss: 176.5063 | Val Cost:   25.36 | Val Max P-Miss: 1.1070 | Val Max Q-Miss: 0.4384 | Val Max Gen Viol: 0.2327 | Val Max Thermal: 0.0000
Epoch 4020 | Val Loss: 170.6260 | Val Cost:   24.16 | Val Max P-Miss: 1.1071 | Val Max Q-Miss: 0.4382 | Val Max Gen Viol: 0.2370 | Val Max Thermal: 0.0000
Epoch 4030 | Val Loss: 162.0876 | Val Cost:   22.42 | Val Max P-Miss: 1.1071 | Val Max Q-Miss: 0.4383 | Val Max Gen Viol: 0.2418 | Val Max Thermal: 0.0000
Epoch 4040 | Val Loss: 156.8657 | Val Cost:   21.15 | Val Max P-Miss: 1.1069 | Val Max Q-Miss: 0.4410 | Val Max Gen Viol: 0.2459 | Val Max Thermal: 0.0000
Epoch 4050 | Val Loss: 190.7690 | Val Cost:   27.13 | Val Max P-Miss: 1.1084 | Val Max Q-Miss: 0.4441 | Val Max Gen Viol: 0.2392 | Val Max Thermal: 0.0000
Epoch 4060 | Val Loss: 190.7115 | Val Cost:   27.42 | Val Max P-Miss: 1.1089 | Val Max Q-Miss: 0.4430 | Val Max Gen Viol: 0.2474 | Val Max Thermal: 0.0000
Epoch 4070 | Val Loss: 192.4794 | Val Cost:   27.02 | Val Max P-Miss: 1.1090 | Val Max Q-Miss: 0.4434 | Val Max Gen Viol: 0.2410 | Val Max Thermal: 0.0000
Epoch 4080 | Val Loss: 189.0833 | Val Cost:   26.77 | Val Max P-Miss: 1.1089 | Val Max Q-Miss: 0.4415 | Val Max Gen Viol: 0.2466 | Val Max Thermal: 0.0000
Epoch 4090 | Val Loss: 188.6821 | Val Cost:   26.96 | Val Max P-Miss: 1.1091 | Val Max Q-Miss: 0.4401 | Val Max Gen Viol: 0.2558 | Val Max Thermal: 0.0000
Epoch 4100 | Val Loss: 188.7230 | Val Cost:   27.30 | Val Max P-Miss: 1.1089 | Val Max Q-Miss: 0.4385 | Val Max Gen Viol: 0.2613 | Val Max Thermal: 0.0000
Epoch 4110 | Val Loss: 185.0255 | Val Cost:   26.93 | Val Max P-Miss: 1.1106 | Val Max Q-Miss: 0.4380 | Val Max Gen Viol: 0.2656 | Val Max Thermal: 0.0000
Epoch 4120 | Val Loss: 187.3841 | Val Cost:   27.25 | Val Max P-Miss: 1.1080 | Val Max Q-Miss: 0.4377 | Val Max Gen Viol: 0.2662 | Val Max Thermal: 0.0000
Epoch 4130 | Val Loss: 191.8392 | Val Cost:   27.97 | Val Max P-Miss: 1.1020 | Val Max Q-Miss: 0.4320 | Val Max Gen Viol: 0.2704 | Val Max Thermal: 0.0000
Epoch 4140 | Val Loss: 192.8011 | Val Cost:   24.16 | Val Max P-Miss: 1.1016 | Val Max Q-Miss: 0.4301 | Val Max Gen Viol: 0.2721 | Val Max Thermal: 0.0000
Epoch 4150 | Val Loss: 205.0497 | Val Cost:   27.00 | Val Max P-Miss: 1.0835 | Val Max Q-Miss: 0.4083 | Val Max Gen Viol: 0.2735 | Val Max Thermal: 0.0000
Epoch 4160 | Val Loss: 215.9441 | Val Cost:   29.30 | Val Max P-Miss: 1.0813 | Val Max Q-Miss: 0.4139 | Val Max Gen Viol: 0.2661 | Val Max Thermal: 0.0000
Epoch 4170 | Val Loss: 177.1537 | Val Cost:   24.51 | Val Max P-Miss: 1.1004 | Val Max Q-Miss: 0.4289 | Val Max Gen Viol: 0.2784 | Val Max Thermal: 0.0000
Epoch 4180 | Val Loss: 325.6211 | Val Cost:  -40.63 | Val Max P-Miss: 1.0926 | Val Max Q-Miss: 0.4392 | Val Max Gen Viol: 0.3611 | Val Max Thermal: 0.0000
Epoch 4190 | Val Loss: 237.8662 | Val Cost:  -34.59 | Val Max P-Miss: 1.0968 | Val Max Q-Miss: 0.4350 | Val Max Gen Viol: 0.1880 | Val Max Thermal: 0.0000
Epoch 4200 | Val Loss: 258.3156 | Val Cost:  -42.82 | Val Max P-Miss: 1.0968 | Val Max Q-Miss: 0.4331 | Val Max Gen Viol: 0.2307 | Val Max Thermal: 0.0000
Epoch 4210 | Val Loss: 267.5779 | Val Cost:  -60.22 | Val Max P-Miss: 1.0982 | Val Max Q-Miss: 0.4349 | Val Max Gen Viol: 0.2375 | Val Max Thermal: 0.0000
Epoch 4220 | Val Loss: 214.0338 | Val Cost:  -29.97 | Val Max P-Miss: 1.0974 | Val Max Q-Miss: 0.4323 | Val Max Gen Viol: 0.2505 | Val Max Thermal: 0.0000
Epoch 4230 | Val Loss: 224.6567 | Val Cost:  -29.27 | Val Max P-Miss: 1.0967 | Val Max Q-Miss: 0.4317 | Val Max Gen Viol: 0.2583 | Val Max Thermal: 0.0000
Epoch 4240 | Val Loss: 239.8028 | Val Cost:  -29.45 | Val Max P-Miss: 1.0964 | Val Max Q-Miss: 0.4318 | Val Max Gen Viol: 0.2574 | Val Max Thermal: 0.0000
Epoch 4250 | Val Loss: 252.2287 | Val Cost:  -39.60 | Val Max P-Miss: 1.0945 | Val Max Q-Miss: 0.4292 | Val Max Gen Viol: 0.2675 | Val Max Thermal: 0.0000
Epoch 4260 | Val Loss: 236.7773 | Val Cost:  -34.71 | Val Max P-Miss: 1.0929 | Val Max Q-Miss: 0.4234 | Val Max Gen Viol: 0.2682 | Val Max Thermal: 0.0000
Epoch 4270 | Val Loss: 234.8079 | Val Cost:  -31.72 | Val Max P-Miss: 1.0925 | Val Max Q-Miss: 0.4218 | Val Max Gen Viol: 0.2609 | Val Max Thermal: 0.0000
Epoch 4280 | Val Loss: 257.7791 | Val Cost:  -31.96 | Val Max P-Miss: 1.0933 | Val Max Q-Miss: 0.4259 | Val Max Gen Viol: 0.2399 | Val Max Thermal: 0.0000
Epoch 4290 | Val Loss: 212.8738 | Val Cost:  -30.39 | Val Max P-Miss: 1.0907 | Val Max Q-Miss: 0.4324 | Val Max Gen Viol: 0.2792 | Val Max Thermal: 0.0000
Epoch 4300 | Val Loss: 227.1214 | Val Cost:  -31.96 | Val Max P-Miss: 1.0899 | Val Max Q-Miss: 0.4311 | Val Max Gen Viol: 0.2876 | Val Max Thermal: 0.0000
Epoch 4310 | Val Loss: 221.2476 | Val Cost:  -31.65 | Val Max P-Miss: 1.0888 | Val Max Q-Miss: 0.4261 | Val Max Gen Viol: 0.2956 | Val Max Thermal: 0.0000
Epoch 4320 | Val Loss: 236.5990 | Val Cost:  -33.22 | Val Max P-Miss: 1.0884 | Val Max Q-Miss: 0.4237 | Val Max Gen Viol: 0.3007 | Val Max Thermal: 0.0000
Epoch 4330 | Val Loss: 254.1827 | Val Cost:  -34.04 | Val Max P-Miss: 1.0874 | Val Max Q-Miss: 0.4232 | Val Max Gen Viol: 0.3118 | Val Max Thermal: 0.0000
Epoch 4340 | Val Loss: 251.7500 | Val Cost:  -38.03 | Val Max P-Miss: 1.0877 | Val Max Q-Miss: 0.4222 | Val Max Gen Viol: 0.3196 | Val Max Thermal: 0.0000
Epoch 4350 | Val Loss: 224.1841 | Val Cost:  -32.35 | Val Max P-Miss: 1.0967 | Val Max Q-Miss: 0.4430 | Val Max Gen Viol: 0.3139 | Val Max Thermal: 0.0000
Epoch 4360 | Val Loss: 221.2507 | Val Cost:  -31.90 | Val Max P-Miss: 1.0920 | Val Max Q-Miss: 0.4360 | Val Max Gen Viol: 0.3245 | Val Max Thermal: 0.0000
Epoch 4370 | Val Loss: 231.7235 | Val Cost:  -33.42 | Val Max P-Miss: 1.0896 | Val Max Q-Miss: 0.4325 | Val Max Gen Viol: 0.3454 | Val Max Thermal: 0.0000
Epoch 4380 | Val Loss: 559.9727 | Val Cost:   64.09 | Val Max P-Miss: 1.0967 | Val Max Q-Miss: 0.7859 | Val Max Gen Viol: 1.3567 | Val Max Thermal: 2.8897
Epoch 4390 | Val Loss: 191.6367 | Val Cost:   28.54 | Val Max P-Miss: 1.1113 | Val Max Q-Miss: 0.4464 | Val Max Gen Viol: 0.1543 | Val Max Thermal: 0.0000
Epoch 4400 | Val Loss: 182.2909 | Val Cost:   25.77 | Val Max P-Miss: 1.1114 | Val Max Q-Miss: 0.4455 | Val Max Gen Viol: 0.2134 | Val Max Thermal: 0.0000
Epoch 4410 | Val Loss: 173.3162 | Val Cost:   23.94 | Val Max P-Miss: 1.1117 | Val Max Q-Miss: 0.4459 | Val Max Gen Viol: 0.2374 | Val Max Thermal: 0.0000
Epoch 4420 | Val Loss: 169.1622 | Val Cost:   23.37 | Val Max P-Miss: 1.1122 | Val Max Q-Miss: 0.4482 | Val Max Gen Viol: 0.2543 | Val Max Thermal: 0.0000
Epoch 4430 | Val Loss: 177.4088 | Val Cost:   24.84 | Val Max P-Miss: 1.1136 | Val Max Q-Miss: 0.4516 | Val Max Gen Viol: 0.2746 | Val Max Thermal: 0.0000
Epoch 4440 | Val Loss: 175.7860 | Val Cost:   24.30 | Val Max P-Miss: 1.1138 | Val Max Q-Miss: 0.4509 | Val Max Gen Viol: 0.2822 | Val Max Thermal: 0.0000
Epoch 4450 | Val Loss: 163.2409 | Val Cost:   22.25 | Val Max P-Miss: 1.1127 | Val Max Q-Miss: 0.4489 | Val Max Gen Viol: 0.2923 | Val Max Thermal: 0.0000
Epoch 4460 | Val Loss: 152.8062 | Val Cost:   20.06 | Val Max P-Miss: 1.1114 | Val Max Q-Miss: 0.4472 | Val Max Gen Viol: 0.3028 | Val Max Thermal: 0.0000
Epoch 4470 | Val Loss: 151.5626 | Val Cost:   18.78 | Val Max P-Miss: 1.1012 | Val Max Q-Miss: 0.4165 | Val Max Gen Viol: 0.3113 | Val Max Thermal: 0.0000 [*SAVED BEST*]
Epoch 4480 | Val Loss: 179.8985 | Val Cost:   26.25 | Val Max P-Miss: 1.1152 | Val Max Q-Miss: 0.4475 | Val Max Gen Viol: 0.3191 | Val Max Thermal: 0.0000
Epoch 4490 | Val Loss: 166.1089 | Val Cost:   23.25 | Val Max P-Miss: 1.1126 | Val Max Q-Miss: 0.4452 | Val Max Gen Viol: 0.3267 | Val Max Thermal: 0.0000
Epoch 4500 | Val Loss: 155.1706 | Val Cost:   20.94 | Val Max P-Miss: 1.1107 | Val Max Q-Miss: 0.4444 | Val Max Gen Viol: 0.3344 | Val Max Thermal: 0.0000
Epoch 4510 | Val Loss: 209.5907 | Val Cost:   30.29 | Val Max P-Miss: 1.1140 | Val Max Q-Miss: 0.4417 | Val Max Gen Viol: 0.2678 | Val Max Thermal: 0.0000
Epoch 4520 | Val Loss: 173.7336 | Val Cost:   25.28 | Val Max P-Miss: 1.1136 | Val Max Q-Miss: 0.4448 | Val Max Gen Viol: 0.3461 | Val Max Thermal: 0.0000
Epoch 4530 | Val Loss: 163.0557 | Val Cost:   22.95 | Val Max P-Miss: 1.1131 | Val Max Q-Miss: 0.4474 | Val Max Gen Viol: 0.3568 | Val Max Thermal: 0.0000
Epoch 4540 | Val Loss: 689.3057 | Val Cost:   11.43 | Val Max P-Miss: 1.1339 | Val Max Q-Miss: 0.7781 | Val Max Gen Viol: 0.1887 | Val Max Thermal: 0.0000
Epoch 4550 | Val Loss: 206.2541 | Val Cost:   33.08 | Val Max P-Miss: 1.1234 | Val Max Q-Miss: 0.4455 | Val Max Gen Viol: 0.1230 | Val Max Thermal: 0.0000
Epoch 4560 | Val Loss: 183.1678 | Val Cost:   26.39 | Val Max P-Miss: 1.1166 | Val Max Q-Miss: 0.4370 | Val Max Gen Viol: 0.2759 | Val Max Thermal: 0.0000
Epoch 4570 | Val Loss: 170.3485 | Val Cost:   23.94 | Val Max P-Miss: 1.1153 | Val Max Q-Miss: 0.4356 | Val Max Gen Viol: 0.2990 | Val Max Thermal: 0.0000
Epoch 4580 | Val Loss: 166.4034 | Val Cost:   23.25 | Val Max P-Miss: 1.1143 | Val Max Q-Miss: 0.4354 | Val Max Gen Viol: 0.3109 | Val Max Thermal: 0.0000
Epoch 4590 | Val Loss: 195.9422 | Val Cost:   28.61 | Val Max P-Miss: 1.1194 | Val Max Q-Miss: 0.4362 | Val Max Gen Viol: 0.3180 | Val Max Thermal: 0.0000
Epoch 4600 | Val Loss: 190.6259 | Val Cost:   27.80 | Val Max P-Miss: 1.1164 | Val Max Q-Miss: 0.4369 | Val Max Gen Viol: 0.3244 | Val Max Thermal: 0.0000
Epoch 4610 | Val Loss: 188.6163 | Val Cost:   26.40 | Val Max P-Miss: 1.1147 | Val Max Q-Miss: 0.4388 | Val Max Gen Viol: 0.3223 | Val Max Thermal: 0.0000
Epoch 4620 | Val Loss: 177.5696 | Val Cost:   24.87 | Val Max P-Miss: 1.1148 | Val Max Q-Miss: 0.4380 | Val Max Gen Viol: 0.3354 | Val Max Thermal: 0.0000
Epoch 4630 | Val Loss: 185.4006 | Val Cost:   26.62 | Val Max P-Miss: 1.1161 | Val Max Q-Miss: 0.4390 | Val Max Gen Viol: 0.3409 | Val Max Thermal: 0.0000
Epoch 4640 | Val Loss: 175.8389 | Val Cost:   25.17 | Val Max P-Miss: 1.1146 | Val Max Q-Miss: 0.4391 | Val Max Gen Viol: 0.3479 | Val Max Thermal: 0.0000
Epoch 4650 | Val Loss: 162.8447 | Val Cost:   22.74 | Val Max P-Miss: 1.1134 | Val Max Q-Miss: 0.4385 | Val Max Gen Viol: 0.3609 | Val Max Thermal: 0.0000
Epoch 4660 | Val Loss: 178.7170 | Val Cost:   25.83 | Val Max P-Miss: 1.1163 | Val Max Q-Miss: 0.4400 | Val Max Gen Viol: 0.3727 | Val Max Thermal: 0.0000
Epoch 4670 | Val Loss: 169.6990 | Val Cost:   24.31 | Val Max P-Miss: 1.1166 | Val Max Q-Miss: 0.4405 | Val Max Gen Viol: 0.3892 | Val Max Thermal: 0.0000
Epoch 4680 | Val Loss: 159.2277 | Val Cost:   22.19 | Val Max P-Miss: 1.1116 | Val Max Q-Miss: 0.4376 | Val Max Gen Viol: 0.4244 | Val Max Thermal: 0.0000
Epoch 4690 | Val Loss: 191.1957 | Val Cost:   28.86 | Val Max P-Miss: 1.1214 | Val Max Q-Miss: 0.4465 | Val Max Gen Viol: 0.4533 | Val Max Thermal: 0.0000
Epoch 4700 | Val Loss: 168.9124 | Val Cost:   24.86 | Val Max P-Miss: 1.1143 | Val Max Q-Miss: 0.4425 | Val Max Gen Viol: 0.4644 | Val Max Thermal: 0.0000
Epoch 4710 | Val Loss: 3007.7842 | Val Cost:  206.99 | Val Max P-Miss: 1.1937 | Val Max Q-Miss: 1.7087 | Val Max Gen Viol: 0.2835 | Val Max Thermal: 0.0000
Epoch 4720 | Val Loss: 208.3292 | Val Cost:  -21.83 | Val Max P-Miss: 1.1055 | Val Max Q-Miss: 0.4416 | Val Max Gen Viol: 0.1318 | Val Max Thermal: 0.0000
Epoch 4730 | Val Loss: 211.0744 | Val Cost:  -30.21 | Val Max P-Miss: 1.1024 | Val Max Q-Miss: 0.4430 | Val Max Gen Viol: 0.1201 | Val Max Thermal: 0.0000
Epoch 4740 | Val Loss: 219.8782 | Val Cost:  -31.62 | Val Max P-Miss: 1.1019 | Val Max Q-Miss: 0.4432 | Val Max Gen Viol: 0.1277 | Val Max Thermal: 0.0000
Epoch 4750 | Val Loss: 229.9713 | Val Cost:  -33.11 | Val Max P-Miss: 1.1016 | Val Max Q-Miss: 0.4432 | Val Max Gen Viol: 0.1377 | Val Max Thermal: 0.0000
Epoch 4760 | Val Loss: 241.2255 | Val Cost:  -34.68 | Val Max P-Miss: 1.1013 | Val Max Q-Miss: 0.4429 | Val Max Gen Viol: 0.1533 | Val Max Thermal: 0.0000
Epoch 4770 | Val Loss: 253.1968 | Val Cost:  -36.27 | Val Max P-Miss: 1.1009 | Val Max Q-Miss: 0.4426 | Val Max Gen Viol: 0.1747 | Val Max Thermal: 0.0000
Epoch 4780 | Val Loss: 265.9527 | Val Cost:  -37.89 | Val Max P-Miss: 1.1005 | Val Max Q-Miss: 0.4423 | Val Max Gen Viol: 0.2022 | Val Max Thermal: 0.0000
Epoch 4790 | Val Loss: 176.3066 | Val Cost:  -23.22 | Val Max P-Miss: 1.1019 | Val Max Q-Miss: 0.4422 | Val Max Gen Viol: 0.2282 | Val Max Thermal: 0.0000
Epoch 4800 | Val Loss: 190.7856 | Val Cost:  -27.04 | Val Max P-Miss: 1.1010 | Val Max Q-Miss: 0.4419 | Val Max Gen Viol: 0.2477 | Val Max Thermal: 0.0000
Epoch 4810 | Val Loss: 202.0414 | Val Cost:  -28.92 | Val Max P-Miss: 1.1006 | Val Max Q-Miss: 0.4413 | Val Max Gen Viol: 0.2688 | Val Max Thermal: 0.0000
Epoch 4820 | Val Loss: 214.4402 | Val Cost:  -30.86 | Val Max P-Miss: 1.1001 | Val Max Q-Miss: 0.4403 | Val Max Gen Viol: 0.2922 | Val Max Thermal: 0.0000
Epoch 4830 | Val Loss: 228.0129 | Val Cost:  -32.86 | Val Max P-Miss: 1.0997 | Val Max Q-Miss: 0.4395 | Val Max Gen Viol: 0.3157 | Val Max Thermal: 0.0000
Epoch 4840 | Val Loss: 213.3551 | Val Cost:  -28.82 | Val Max P-Miss: 1.0998 | Val Max Q-Miss: 0.4446 | Val Max Gen Viol: 0.3110 | Val Max Thermal: 0.0000
Epoch 4850 | Val Loss: 191.1633 | Val Cost:  -26.89 | Val Max P-Miss: 1.0995 | Val Max Q-Miss: 0.4401 | Val Max Gen Viol: 0.3441 | Val Max Thermal: 0.0000
Epoch 4860 | Val Loss: 203.0479 | Val Cost:  -27.84 | Val Max P-Miss: 1.0985 | Val Max Q-Miss: 0.4444 | Val Max Gen Viol: 0.3587 | Val Max Thermal: 0.0000
Epoch 4870 | Val Loss: 212.8522 | Val Cost:  -29.80 | Val Max P-Miss: 1.0976 | Val Max Q-Miss: 0.4405 | Val Max Gen Viol: 0.3800 | Val Max Thermal: 0.0000
Epoch 4880 | Val Loss: 222.1087 | Val Cost:  -30.58 | Val Max P-Miss: 1.0964 | Val Max Q-Miss: 0.4339 | Val Max Gen Viol: 0.3948 | Val Max Thermal: 0.0000
Epoch 4890 | Val Loss: 227.7755 | Val Cost:  -31.68 | Val Max P-Miss: 1.1017 | Val Max Q-Miss: 0.4640 | Val Max Gen Viol: 0.4118 | Val Max Thermal: 0.0000
Epoch 4900 | Val Loss: 203.7005 | Val Cost:  -28.21 | Val Max P-Miss: 1.0948 | Val Max Q-Miss: 0.4371 | Val Max Gen Viol: 0.4251 | Val Max Thermal: 0.0000
Epoch 4910 | Val Loss: 217.9493 | Val Cost:  -33.28 | Val Max P-Miss: 1.0927 | Val Max Q-Miss: 0.4367 | Val Max Gen Viol: 0.4358 | Val Max Thermal: 0.0000
Epoch 4920 | Val Loss: 436.5503 | Val Cost:   69.50 | Val Max P-Miss: 1.0935 | Val Max Q-Miss: 0.5915 | Val Max Gen Viol: 0.0459 | Val Max Thermal: 0.0000
Epoch 4930 | Val Loss: 279.9574 | Val Cost:   34.82 | Val Max P-Miss: 1.1016 | Val Max Q-Miss: 0.4733 | Val Max Gen Viol: 0.0846 | Val Max Thermal: 0.0000
Epoch 4940 | Val Loss: 695.6364 | Val Cost:  -73.67 | Val Max P-Miss: 1.0997 | Val Max Q-Miss: 0.4422 | Val Max Gen Viol: 0.0866 | Val Max Thermal: 0.0000
Epoch 4950 | Val Loss: 203.1572 | Val Cost:   29.06 | Val Max P-Miss: 1.1074 | Val Max Q-Miss: 0.4441 | Val Max Gen Viol: 0.1116 | Val Max Thermal: 0.0000
Epoch 4960 | Val Loss: 158.6368 | Val Cost:   14.50 | Val Max P-Miss: 1.1029 | Val Max Q-Miss: 0.4336 | Val Max Gen Viol: 0.1760 | Val Max Thermal: 0.0000
Epoch 4970 | Val Loss: 482.3098 | Val Cost:  -58.72 | Val Max P-Miss: 1.0995 | Val Max Q-Miss: 0.4371 | Val Max Gen Viol: 0.2089 | Val Max Thermal: 0.0000
Epoch 4980 | Val Loss: 305.2861 | Val Cost:   42.92 | Val Max P-Miss: 1.1086 | Val Max Q-Miss: 0.4385 | Val Max Gen Viol: 0.2659 | Val Max Thermal: 0.0000
Epoch 4990 | Val Loss: 197.9807 | Val Cost:   28.67 | Val Max P-Miss: 1.1072 | Val Max Q-Miss: 0.4372 | Val Max Gen Viol: 0.2965 | Val Max Thermal: 0.0000
Epoch 5000 | Val Loss: 627.0593 | Val Cost:  -69.39 | Val Max P-Miss: 1.0976 | Val Max Q-Miss: 0.4335 | Val Max Gen Viol: 0.3186 | Val Max Thermal: 0.0000
Epoch 5010 | Val Loss: 367.8289 | Val Cost:   41.32 | Val Max P-Miss: 1.1054 | Val Max Q-Miss: 0.4411 | Val Max Gen Viol: 0.1114 | Val Max Thermal: 0.0000
Epoch 5020 | Val Loss: 203.9207 | Val Cost:   29.90 | Val Max P-Miss: 1.1080 | Val Max Q-Miss: 0.4405 | Val Max Gen Viol: 0.2406 | Val Max Thermal: 0.0000
Epoch 5030 | Val Loss: 605.0625 | Val Cost:  -67.42 | Val Max P-Miss: 1.0969 | Val Max Q-Miss: 0.4363 | Val Max Gen Viol: 0.3201 | Val Max Thermal: 0.0000
Epoch 5040 | Val Loss: 307.2863 | Val Cost:   46.59 | Val Max P-Miss: 1.1201 | Val Max Q-Miss: 0.4487 | Val Max Gen Viol: 0.1628 | Val Max Thermal: 0.0000
Epoch 5050 | Val Loss: 216.5220 | Val Cost:   16.81 | Val Max P-Miss: 1.1021 | Val Max Q-Miss: 0.4420 | Val Max Gen Viol: 0.1137 | Val Max Thermal: 0.0000
Epoch 5060 | Val Loss: 583.6598 | Val Cost:  -66.45 | Val Max P-Miss: 1.0952 | Val Max Q-Miss: 0.4353 | Val Max Gen Viol: 0.3134 | Val Max Thermal: 0.0000
Epoch 5070 | Val Loss: 297.9705 | Val Cost:   40.11 | Val Max P-Miss: 1.1116 | Val Max Q-Miss: 0.4509 | Val Max Gen Viol: 0.1928 | Val Max Thermal: 0.0000
Epoch 5080 | Val Loss: 233.5536 | Val Cost:   45.20 | Val Max P-Miss: 1.1305 | Val Max Q-Miss: 0.4677 | Val Max Gen Viol: 0.1087 | Val Max Thermal: 0.0000
Epoch 5090 | Val Loss: 579.5720 | Val Cost:  -55.24 | Val Max P-Miss: 1.0948 | Val Max Q-Miss: 0.4350 | Val Max Gen Viol: 0.2265 | Val Max Thermal: 0.0000
Epoch 5100 | Val Loss: 288.5764 | Val Cost:   35.04 | Val Max P-Miss: 1.1024 | Val Max Q-Miss: 0.4441 | Val Max Gen Viol: 0.1049 | Val Max Thermal: 0.0000
Epoch 5110 | Val Loss: 342.6337 | Val Cost:   71.41 | Val Max P-Miss: 1.1396 | Val Max Q-Miss: 0.5037 | Val Max Gen Viol: 0.2199 | Val Max Thermal: 0.0000
Epoch 5120 | Val Loss: 295.5961 | Val Cost:  -15.06 | Val Max P-Miss: 1.1567 | Val Max Q-Miss: 0.5140 | Val Max Gen Viol: 0.6438 | Val Max Thermal: 0.0000
Epoch 5130 | Val Loss: 180.8001 | Val Cost:  -24.55 | Val Max P-Miss: 1.1016 | Val Max Q-Miss: 0.4409 | Val Max Gen Viol: 0.1344 | Val Max Thermal: 0.0000
Epoch 5140 | Val Loss: 189.3364 | Val Cost:  -26.10 | Val Max P-Miss: 1.1006 | Val Max Q-Miss: 0.4372 | Val Max Gen Viol: 0.2603 | Val Max Thermal: 0.0000
Epoch 5150 | Val Loss: 199.7757 | Val Cost:  -27.82 | Val Max P-Miss: 1.0994 | Val Max Q-Miss: 0.4373 | Val Max Gen Viol: 0.3021 | Val Max Thermal: 0.0000
Epoch 5160 | Val Loss: 209.8652 | Val Cost:  -29.15 | Val Max P-Miss: 1.1016 | Val Max Q-Miss: 0.4422 | Val Max Gen Viol: 0.3266 | Val Max Thermal: 0.0000
Epoch 5170 | Val Loss: 175.8035 | Val Cost:  -23.95 | Val Max P-Miss: 1.0940 | Val Max Q-Miss: 0.4345 | Val Max Gen Viol: 0.3506 | Val Max Thermal: 0.0000
Epoch 5180 | Val Loss: 186.0169 | Val Cost:  -25.63 | Val Max P-Miss: 1.0965 | Val Max Q-Miss: 0.4376 | Val Max Gen Viol: 0.3975 | Val Max Thermal: 0.0000
Epoch 5190 | Val Loss: 205.3548 | Val Cost:  -26.80 | Val Max P-Miss: 1.0980 | Val Max Q-Miss: 0.4426 | Val Max Gen Viol: 0.3649 | Val Max Thermal: 0.0000
Epoch 5200 | Val Loss: 173.1145 | Val Cost:  -21.63 | Val Max P-Miss: 1.1020 | Val Max Q-Miss: 0.4467 | Val Max Gen Viol: 0.3846 | Val Max Thermal: 0.0000
Epoch 5210 | Val Loss: 180.5972 | Val Cost:  -21.40 | Val Max P-Miss: 1.1019 | Val Max Q-Miss: 0.4490 | Val Max Gen Viol: 0.3731 | Val Max Thermal: 0.0000
Epoch 5220 | Val Loss: 184.0365 | Val Cost:  -18.22 | Val Max P-Miss: 1.1091 | Val Max Q-Miss: 0.4555 | Val Max Gen Viol: 0.3524 | Val Max Thermal: 0.0000
Epoch 5230 | Val Loss: 178.3290 | Val Cost:  -13.39 | Val Max P-Miss: 1.1196 | Val Max Q-Miss: 0.4558 | Val Max Gen Viol: 0.3538 | Val Max Thermal: 0.0000
Epoch 5240 | Val Loss: 188.7245 | Val Cost:   -5.66 | Val Max P-Miss: 1.1273 | Val Max Q-Miss: 0.4632 | Val Max Gen Viol: 0.3423 | Val Max Thermal: 0.0000
Epoch 5250 | Val Loss: 178.9577 | Val Cost:  -16.73 | Val Max P-Miss: 1.1085 | Val Max Q-Miss: 0.4483 | Val Max Gen Viol: 0.3878 | Val Max Thermal: 0.0000
Epoch 5260 | Val Loss: 188.0936 | Val Cost:  -11.92 | Val Max P-Miss: 1.1147 | Val Max Q-Miss: 0.4515 | Val Max Gen Viol: 0.3730 | Val Max Thermal: 0.0000
Epoch 5270 | Val Loss: 186.0385 | Val Cost:  -10.50 | Val Max P-Miss: 1.1282 | Val Max Q-Miss: 0.4628 | Val Max Gen Viol: 0.3840 | Val Max Thermal: 0.0000
Epoch 5280 | Val Loss: 188.2147 | Val Cost:  -11.24 | Val Max P-Miss: 1.1169 | Val Max Q-Miss: 0.4559 | Val Max Gen Viol: 0.3570 | Val Max Thermal: 0.0000
Epoch 5290 | Val Loss: 175.6292 | Val Cost:  -16.87 | Val Max P-Miss: 1.1033 | Val Max Q-Miss: 0.4481 | Val Max Gen Viol: 0.3889 | Val Max Thermal: 0.0000
Epoch 5300 | Val Loss: 185.9832 | Val Cost:  -14.27 | Val Max P-Miss: 1.1066 | Val Max Q-Miss: 0.4525 | Val Max Gen Viol: 0.3712 | Val Max Thermal: 0.0000
Epoch 5310 | Val Loss: 186.1448 | Val Cost:   -8.39 | Val Max P-Miss: 1.1203 | Val Max Q-Miss: 0.4598 | Val Max Gen Viol: 0.4017 | Val Max Thermal: 0.0000
Epoch 5320 | Val Loss: 189.2720 | Val Cost:   -9.88 | Val Max P-Miss: 1.1327 | Val Max Q-Miss: 0.4764 | Val Max Gen Viol: 0.5331 | Val Max Thermal: 0.0000
Epoch 5330 | Val Loss: 171.5307 | Val Cost:  -17.67 | Val Max P-Miss: 1.1034 | Val Max Q-Miss: 0.4461 | Val Max Gen Viol: 0.3636 | Val Max Thermal: 0.0000
Epoch 5340 | Val Loss: 178.2685 | Val Cost:  -17.01 | Val Max P-Miss: 1.1035 | Val Max Q-Miss: 0.4552 | Val Max Gen Viol: 0.6325 | Val Max Thermal: 0.0000
Epoch 5350 | Val Loss: 181.4482 | Val Cost:   -9.99 | Val Max P-Miss: 1.1123 | Val Max Q-Miss: 0.4647 | Val Max Gen Viol: 0.9169 | Val Max Thermal: 0.0000
Epoch 5360 | Val Loss: 185.6534 | Val Cost:   -9.81 | Val Max P-Miss: 1.1305 | Val Max Q-Miss: 0.4709 | Val Max Gen Viol: 0.5538 | Val Max Thermal: 0.0000
Epoch 5370 | Val Loss: 169.4979 | Val Cost:  -13.28 | Val Max P-Miss: 1.1078 | Val Max Q-Miss: 0.4585 | Val Max Gen Viol: 0.7684 | Val Max Thermal: 0.0000
Epoch 5380 | Val Loss: 176.5006 | Val Cost:  -18.28 | Val Max P-Miss: 1.0991 | Val Max Q-Miss: 0.4579 | Val Max Gen Viol: 0.6705 | Val Max Thermal: 0.0000
Epoch 5390 | Val Loss: 183.0988 | Val Cost:  -15.26 | Val Max P-Miss: 1.1030 | Val Max Q-Miss: 0.4759 | Val Max Gen Viol: 1.2122 | Val Max Thermal: 0.0000
Epoch 5400 | Val Loss: 176.5462 | Val Cost:   -8.40 | Val Max P-Miss: 1.1239 | Val Max Q-Miss: 0.4659 | Val Max Gen Viol: 1.0245 | Val Max Thermal: 0.0000
Epoch 5410 | Val Loss: 169.5262 | Val Cost:  -10.97 | Val Max P-Miss: 1.1104 | Val Max Q-Miss: 0.4561 | Val Max Gen Viol: 1.1317 | Val Max Thermal: 0.0000
Epoch 5420 | Val Loss: 3699.2900 | Val Cost:  116.23 | Val Max P-Miss: 1.3738 | Val Max Q-Miss: 2.9816 | Val Max Gen Viol: 5.2879 | Val Max Thermal: 2.7452
Epoch 5430 | Val Loss: 155.0003 | Val Cost:    2.46 | Val Max P-Miss: 1.1168 | Val Max Q-Miss: 0.4544 | Val Max Gen Viol: 0.1989 | Val Max Thermal: 0.0000
Epoch 5440 | Val Loss: 131.5456 | Val Cost:   11.01 | Val Max P-Miss: 1.1151 | Val Max Q-Miss: 0.4365 | Val Max Gen Viol: 0.2132 | Val Max Thermal: 0.0000 [*SAVED BEST*]
Epoch 5450 | Val Loss: 162.6219 | Val Cost:   14.18 | Val Max P-Miss: 1.1032 | Val Max Q-Miss: 0.4696 | Val Max Gen Viol: 0.3182 | Val Max Thermal: 0.0000
Epoch 5460 | Val Loss: 150.4563 | Val Cost:   19.49 | Val Max P-Miss: 1.1071 | Val Max Q-Miss: 0.4372 | Val Max Gen Viol: 0.5273 | Val Max Thermal: 0.0000
Epoch 5470 | Val Loss: 141.3722 | Val Cost:   17.79 | Val Max P-Miss: 1.1067 | Val Max Q-Miss: 0.4371 | Val Max Gen Viol: 0.7589 | Val Max Thermal: 0.0000
Epoch 5480 | Val Loss: 134.8835 | Val Cost:   16.09 | Val Max P-Miss: 1.1063 | Val Max Q-Miss: 0.4373 | Val Max Gen Viol: 0.9295 | Val Max Thermal: 0.0000
Epoch 5490 | Val Loss: 128.5565 | Val Cost:   14.38 | Val Max P-Miss: 1.1061 | Val Max Q-Miss: 0.4371 | Val Max Gen Viol: 1.0700 | Val Max Thermal: 0.0000 [*SAVED BEST*]
Epoch 5500 | Val Loss: 138.7868 | Val Cost:   16.98 | Val Max P-Miss: 1.1067 | Val Max Q-Miss: 0.4402 | Val Max Gen Viol: 1.0512 | Val Max Thermal: 0.0000
Epoch 5510 | Val Loss: 142.7114 | Val Cost:   18.06 | Val Max P-Miss: 1.1071 | Val Max Q-Miss: 0.4367 | Val Max Gen Viol: 1.2782 | Val Max Thermal: 0.0000
Epoch 5520 | Val Loss: 145.4745 | Val Cost:   19.04 | Val Max P-Miss: 1.1072 | Val Max Q-Miss: 0.4366 | Val Max Gen Viol: 0.8386 | Val Max Thermal: 0.0000
Epoch 5530 | Val Loss: 137.8031 | Val Cost:   17.31 | Val Max P-Miss: 1.1074 | Val Max Q-Miss: 0.4369 | Val Max Gen Viol: 1.2721 | Val Max Thermal: 0.0000
Epoch 5540 | Val Loss: 151.6455 | Val Cost:   19.92 | Val Max P-Miss: 1.1081 | Val Max Q-Miss: 0.4353 | Val Max Gen Viol: 0.6495 | Val Max Thermal: 0.0000
Epoch 5550 | Val Loss: 142.3400 | Val Cost:   18.42 | Val Max P-Miss: 1.1084 | Val Max Q-Miss: 0.4367 | Val Max Gen Viol: 1.1294 | Val Max Thermal: 0.0000
Epoch 5560 | Val Loss: 141.4171 | Val Cost:   18.08 | Val Max P-Miss: 1.1082 | Val Max Q-Miss: 0.4323 | Val Max Gen Viol: 1.3215 | Val Max Thermal: 0.0000
Epoch 5570 | Val Loss: 144.3721 | Val Cost:   17.45 | Val Max P-Miss: 1.1083 | Val Max Q-Miss: 0.4320 | Val Max Gen Viol: 1.3497 | Val Max Thermal: 0.0000
Epoch 5580 | Val Loss: 168.5539 | Val Cost:   20.15 | Val Max P-Miss: 1.1060 | Val Max Q-Miss: 0.4346 | Val Max Gen Viol: 1.2034 | Val Max Thermal: 0.0000
Epoch 5590 | Val Loss: 156.4412 | Val Cost:   20.49 | Val Max P-Miss: 1.1130 | Val Max Q-Miss: 0.4281 | Val Max Gen Viol: 1.1947 | Val Max Thermal: 0.0000
Epoch 5600 | Val Loss: 161.9198 | Val Cost:   18.36 | Val Max P-Miss: 1.1140 | Val Max Q-Miss: 0.4265 | Val Max Gen Viol: 1.1893 | Val Max Thermal: 0.0000
Epoch 5610 | Val Loss: 163.5675 | Val Cost:   19.07 | Val Max P-Miss: 1.1115 | Val Max Q-Miss: 0.4363 | Val Max Gen Viol: 1.2043 | Val Max Thermal: 0.0000
Epoch 5620 | Val Loss: 172.2844 | Val Cost:   20.40 | Val Max P-Miss: 1.1088 | Val Max Q-Miss: 0.4361 | Val Max Gen Viol: 1.2899 | Val Max Thermal: 0.0000
Epoch 5630 | Val Loss: 151.2272 | Val Cost:   21.71 | Val Max P-Miss: 1.1137 | Val Max Q-Miss: 0.4376 | Val Max Gen Viol: 1.3521 | Val Max Thermal: 0.0000
Epoch 5640 | Val Loss: 153.4277 | Val Cost:   20.04 | Val Max P-Miss: 1.1130 | Val Max Q-Miss: 0.4381 | Val Max Gen Viol: 0.8336 | Val Max Thermal: 0.0000
Epoch 5650 | Val Loss: 147.8415 | Val Cost:   18.51 | Val Max P-Miss: 1.1112 | Val Max Q-Miss: 0.4388 | Val Max Gen Viol: 1.2779 | Val Max Thermal: 0.2317
Epoch 5660 | Val Loss: 140.5836 | Val Cost:   18.16 | Val Max P-Miss: 1.1121 | Val Max Q-Miss: 0.4384 | Val Max Gen Viol: 1.2283 | Val Max Thermal: 0.0000
Epoch 5670 | Val Loss: 145.0350 | Val Cost:   18.88 | Val Max P-Miss: 1.1136 | Val Max Q-Miss: 0.4399 | Val Max Gen Viol: 0.8573 | Val Max Thermal: 0.0000
Epoch 5680 | Val Loss: 133.5716 | Val Cost:   16.52 | Val Max P-Miss: 1.1120 | Val Max Q-Miss: 0.4391 | Val Max Gen Viol: 1.3599 | Val Max Thermal: 0.0000
Epoch 5690 | Val Loss: 145.0697 | Val Cost:   19.96 | Val Max P-Miss: 1.1113 | Val Max Q-Miss: 0.4386 | Val Max Gen Viol: 1.0520 | Val Max Thermal: 0.0000
Epoch 5700 | Val Loss: 134.8933 | Val Cost:   17.13 | Val Max P-Miss: 1.1103 | Val Max Q-Miss: 0.4376 | Val Max Gen Viol: 1.4555 | Val Max Thermal: 0.1611
Epoch 5710 | Val Loss: 141.7423 | Val Cost:   16.76 | Val Max P-Miss: 1.1055 | Val Max Q-Miss: 0.4366 | Val Max Gen Viol: 0.8523 | Val Max Thermal: 0.0000
Epoch 5720 | Val Loss: 147.7979 | Val Cost:   18.92 | Val Max P-Miss: 1.0932 | Val Max Q-Miss: 0.4305 | Val Max Gen Viol: 1.0867 | Val Max Thermal: 0.0000
Epoch 5730 | Val Loss: 153.6487 | Val Cost:   21.38 | Val Max P-Miss: 1.0942 | Val Max Q-Miss: 0.4335 | Val Max Gen Viol: 1.3045 | Val Max Thermal: 0.0000
Epoch 5740 | Val Loss: 154.9804 | Val Cost:   21.08 | Val Max P-Miss: 1.1007 | Val Max Q-Miss: 0.4275 | Val Max Gen Viol: 1.2643 | Val Max Thermal: 0.0000
Epoch 5750 | Val Loss: 156.8378 | Val Cost:   21.05 | Val Max P-Miss: 1.0925 | Val Max Q-Miss: 0.4306 | Val Max Gen Viol: 1.2473 | Val Max Thermal: 0.0000
Epoch 5760 | Val Loss: 165.4862 | Val Cost:   21.91 | Val Max P-Miss: 1.0838 | Val Max Q-Miss: 0.4290 | Val Max Gen Viol: 1.2605 | Val Max Thermal: 0.0000
Epoch 5770 | Val Loss: 157.5164 | Val Cost:   21.36 | Val Max P-Miss: 1.1029 | Val Max Q-Miss: 0.4302 | Val Max Gen Viol: 1.2567 | Val Max Thermal: 0.0000
Epoch 5780 | Val Loss: 151.9065 | Val Cost:   20.50 | Val Max P-Miss: 1.1066 | Val Max Q-Miss: 0.4308 | Val Max Gen Viol: 1.2734 | Val Max Thermal: 0.0000
Epoch 5790 | Val Loss: 180.2188 | Val Cost:   29.30 | Val Max P-Miss: 1.0989 | Val Max Q-Miss: 0.4393 | Val Max Gen Viol: 1.2015 | Val Max Thermal: 0.0000
Epoch 5800 | Val Loss: 247.7023 | Val Cost:    0.23 | Val Max P-Miss: 1.0993 | Val Max Q-Miss: 0.3756 | Val Max Gen Viol: 0.0758 | Val Max Thermal: 0.0000
Epoch 5810 | Val Loss: 176.6353 | Val Cost:   20.60 | Val Max P-Miss: 1.0777 | Val Max Q-Miss: 0.4357 | Val Max Gen Viol: 0.3269 | Val Max Thermal: 0.0000
Epoch 5820 | Val Loss: 152.3272 | Val Cost:   19.83 | Val Max P-Miss: 1.1141 | Val Max Q-Miss: 0.4412 | Val Max Gen Viol: 0.4624 | Val Max Thermal: 0.0000
Epoch 5830 | Val Loss: 139.3305 | Val Cost:   16.97 | Val Max P-Miss: 1.1115 | Val Max Q-Miss: 0.4435 | Val Max Gen Viol: 0.5020 | Val Max Thermal: 0.0000
Epoch 5840 | Val Loss: 130.6203 | Val Cost:   13.81 | Val Max P-Miss: 1.1075 | Val Max Q-Miss: 0.4430 | Val Max Gen Viol: 0.7865 | Val Max Thermal: 0.0000
Epoch 5850 | Val Loss: 153.9770 | Val Cost:   20.53 | Val Max P-Miss: 1.1076 | Val Max Q-Miss: 0.4422 | Val Max Gen Viol: 1.0197 | Val Max Thermal: 0.0000
Epoch 5860 | Val Loss: 143.2933 | Val Cost:   18.34 | Val Max P-Miss: 1.1131 | Val Max Q-Miss: 0.4419 | Val Max Gen Viol: 1.1941 | Val Max Thermal: 0.0000
Epoch 5870 | Val Loss: 142.2001 | Val Cost:   16.23 | Val Max P-Miss: 1.1072 | Val Max Q-Miss: 0.4403 | Val Max Gen Viol: 1.3378 | Val Max Thermal: 0.0000
Epoch 5880 | Val Loss: 146.6289 | Val Cost:   14.59 | Val Max P-Miss: 1.1038 | Val Max Q-Miss: 0.4398 | Val Max Gen Viol: 1.4376 | Val Max Thermal: 0.0556
Epoch 5890 | Val Loss: 166.1227 | Val Cost:    6.92 | Val Max P-Miss: 1.0883 | Val Max Q-Miss: 0.4386 | Val Max Gen Viol: 1.4104 | Val Max Thermal: 0.0000
Epoch 5900 | Val Loss: 156.8956 | Val Cost:   13.84 | Val Max P-Miss: 1.0947 | Val Max Q-Miss: 0.4386 | Val Max Gen Viol: 1.5254 | Val Max Thermal: 0.3837
Epoch 5910 | Val Loss: 154.1322 | Val Cost:   15.40 | Val Max P-Miss: 1.1032 | Val Max Q-Miss: 0.4394 | Val Max Gen Viol: 1.5381 | Val Max Thermal: 0.4236
Epoch 5920 | Val Loss: 150.8727 | Val Cost:   13.79 | Val Max P-Miss: 1.1019 | Val Max Q-Miss: 0.4391 | Val Max Gen Viol: 1.5260 | Val Max Thermal: 0.3727
Epoch 5930 | Val Loss: 148.9152 | Val Cost:   12.62 | Val Max P-Miss: 1.0984 | Val Max Q-Miss: 0.4388 | Val Max Gen Viol: 1.5228 | Val Max Thermal: 0.1959
Epoch 5940 | Val Loss: 151.0543 | Val Cost:   14.08 | Val Max P-Miss: 1.0985 | Val Max Q-Miss: 0.4377 | Val Max Gen Viol: 1.3296 | Val Max Thermal: 0.0000
Epoch 5950 | Val Loss: 150.0018 | Val Cost:   14.52 | Val Max P-Miss: 1.0966 | Val Max Q-Miss: 0.4376 | Val Max Gen Viol: 1.5616 | Val Max Thermal: 0.5040
Epoch 5960 | Val Loss: 147.6501 | Val Cost:   14.26 | Val Max P-Miss: 1.0976 | Val Max Q-Miss: 0.4372 | Val Max Gen Viol: 1.5818 | Val Max Thermal: 0.5806
Epoch 5970 | Val Loss: 145.4757 | Val Cost:   13.74 | Val Max P-Miss: 1.0982 | Val Max Q-Miss: 0.4371 | Val Max Gen Viol: 1.5912 | Val Max Thermal: 0.6091
Epoch 5980 | Val Loss: 143.0829 | Val Cost:   13.26 | Val Max P-Miss: 1.0990 | Val Max Q-Miss: 0.4370 | Val Max Gen Viol: 1.5952 | Val Max Thermal: 0.6249
Epoch 5990 | Val Loss: 142.0342 | Val Cost:   13.15 | Val Max P-Miss: 1.1000 | Val Max Q-Miss: 0.4368 | Val Max Gen Viol: 1.5529 | Val Max Thermal: 0.5194
Epoch 6000 | Val Loss: 166.3976 | Val Cost:   12.05 | Val Max P-Miss: 1.1002 | Val Max Q-Miss: 0.5727 | Val Max Gen Viol: 1.3285 | Val Max Thermal: 1.8064
Epoch 6010 | Val Loss: 142.8848 | Val Cost:   14.04 | Val Max P-Miss: 1.1010 | Val Max Q-Miss: 0.4359 | Val Max Gen Viol: 1.0396 | Val Max Thermal: 0.0000
Epoch 6020 | Val Loss: 1366.8158 | Val Cost:   30.97 | Val Max P-Miss: 1.3099 | Val Max Q-Miss: 0.8605 | Val Max Gen Viol: 0.8497 | Val Max Thermal: 0.0000
Epoch 6030 | Val Loss: 177.2468 | Val Cost:   21.81 | Val Max P-Miss: 1.1032 | Val Max Q-Miss: 0.4421 | Val Max Gen Viol: 0.4720 | Val Max Thermal: 0.0000
Epoch 6040 | Val Loss: 169.2248 | Val Cost:   22.52 | Val Max P-Miss: 1.1031 | Val Max Q-Miss: 0.4387 | Val Max Gen Viol: 0.2752 | Val Max Thermal: 0.0000
Epoch 6050 | Val Loss: 162.9886 | Val Cost:   21.37 | Val Max P-Miss: 1.1035 | Val Max Q-Miss: 0.4363 | Val Max Gen Viol: 0.3305 | Val Max Thermal: 0.0000
Epoch 6060 | Val Loss: 156.8212 | Val Cost:   20.16 | Val Max P-Miss: 1.1036 | Val Max Q-Miss: 0.4362 | Val Max Gen Viol: 0.3792 | Val Max Thermal: 0.0000
Epoch 6070 | Val Loss: 149.5150 | Val Cost:   18.98 | Val Max P-Miss: 1.1032 | Val Max Q-Miss: 0.4405 | Val Max Gen Viol: 0.4799 | Val Max Thermal: 0.0000
Epoch 6080 | Val Loss: 143.0160 | Val Cost:   17.69 | Val Max P-Miss: 1.1028 | Val Max Q-Miss: 0.4438 | Val Max Gen Viol: 0.8512 | Val Max Thermal: 0.0000
Epoch 6090 | Val Loss: 158.0702 | Val Cost:   20.05 | Val Max P-Miss: 1.0920 | Val Max Q-Miss: 0.4435 | Val Max Gen Viol: 1.1377 | Val Max Thermal: 0.0000
Epoch 6100 | Val Loss: 162.1725 | Val Cost:   21.22 | Val Max P-Miss: 1.1022 | Val Max Q-Miss: 0.4436 | Val Max Gen Viol: 1.3222 | Val Max Thermal: 0.0000
Epoch 6110 | Val Loss: 156.7150 | Val Cost:   19.32 | Val Max P-Miss: 1.1024 | Val Max Q-Miss: 0.4432 | Val Max Gen Viol: 1.4383 | Val Max Thermal: 0.0903
Epoch 6120 | Val Loss: 163.9042 | Val Cost:   17.63 | Val Max P-Miss: 1.1039 | Val Max Q-Miss: 0.4414 | Val Max Gen Viol: 1.3680 | Val Max Thermal: 0.0000
Epoch 6130 | Val Loss: 155.3302 | Val Cost:   16.68 | Val Max P-Miss: 1.1033 | Val Max Q-Miss: 0.4423 | Val Max Gen Viol: 1.3502 | Val Max Thermal: 0.0000
Epoch 6140 | Val Loss: 151.9940 | Val Cost:   21.80 | Val Max P-Miss: 1.1027 | Val Max Q-Miss: 0.4395 | Val Max Gen Viol: 1.5118 | Val Max Thermal: 0.3555
Epoch 6150 | Val Loss: 158.0906 | Val Cost:   24.04 | Val Max P-Miss: 1.0961 | Val Max Q-Miss: 0.4384 | Val Max Gen Viol: 1.2420 | Val Max Thermal: 0.0000
Epoch 6160 | Val Loss: 152.3600 | Val Cost:   22.44 | Val Max P-Miss: 1.1035 | Val Max Q-Miss: 0.4390 | Val Max Gen Viol: 1.5303 | Val Max Thermal: 0.3980
Epoch 6170 | Val Loss: 163.2386 | Val Cost:   23.60 | Val Max P-Miss: 1.0997 | Val Max Q-Miss: 0.4388 | Val Max Gen Viol: 1.1818 | Val Max Thermal: 0.0000
Epoch 6180 | Val Loss: 153.6134 | Val Cost:   22.22 | Val Max P-Miss: 1.1024 | Val Max Q-Miss: 0.4382 | Val Max Gen Viol: 1.5293 | Val Max Thermal: 0.3968
Epoch 6190 | Val Loss: 153.0137 | Val Cost:   22.28 | Val Max P-Miss: 1.1051 | Val Max Q-Miss: 0.4406 | Val Max Gen Viol: 1.3861 | Val Max Thermal: 0.0000
Epoch 6200 | Val Loss: 150.5013 | Val Cost:   21.45 | Val Max P-Miss: 1.1027 | Val Max Q-Miss: 0.4419 | Val Max Gen Viol: 1.5118 | Val Max Thermal: 0.3541
Epoch 6210 | Val Loss: 154.3431 | Val Cost:   22.57 | Val Max P-Miss: 1.1040 | Val Max Q-Miss: 0.4391 | Val Max Gen Viol: 1.2169 | Val Max Thermal: 0.0000
Epoch 6220 | Val Loss: 149.6947 | Val Cost:   20.95 | Val Max P-Miss: 1.1034 | Val Max Q-Miss: 0.4361 | Val Max Gen Viol: 1.5502 | Val Max Thermal: 0.4798
Epoch 6230 | Val Loss: 151.8726 | Val Cost:   21.42 | Val Max P-Miss: 1.1108 | Val Max Q-Miss: 0.4353 | Val Max Gen Viol: 1.3551 | Val Max Thermal: 0.0000
Epoch 6240 | Val Loss: 226.8762 | Val Cost:   18.87 | Val Max P-Miss: 1.0823 | Val Max Q-Miss: 0.4186 | Val Max Gen Viol: 0.9497 | Val Max Thermal: 0.0000
Epoch 6250 | Val Loss: 148.2685 | Val Cost:  -18.19 | Val Max P-Miss: 1.1037 | Val Max Q-Miss: 0.4359 | Val Max Gen Viol: 0.5642 | Val Max Thermal: 0.0000
Epoch 6260 | Val Loss: 151.3583 | Val Cost:  -18.67 | Val Max P-Miss: 1.1034 | Val Max Q-Miss: 0.4343 | Val Max Gen Viol: 0.4162 | Val Max Thermal: 0.0000
Epoch 6270 | Val Loss: 155.0794 | Val Cost:  -19.58 | Val Max P-Miss: 1.1032 | Val Max Q-Miss: 0.4339 | Val Max Gen Viol: 0.3880 | Val Max Thermal: 0.0000
Epoch 6280 | Val Loss: 159.1980 | Val Cost:  -20.52 | Val Max P-Miss: 1.1031 | Val Max Q-Miss: 0.4336 | Val Max Gen Viol: 0.4079 | Val Max Thermal: 0.0000
Epoch 6290 | Val Loss: 163.6840 | Val Cost:  -21.53 | Val Max P-Miss: 1.1028 | Val Max Q-Miss: 0.4336 | Val Max Gen Viol: 0.4306 | Val Max Thermal: 0.0000
Epoch 6300 | Val Loss: 166.4614 | Val Cost:  -22.45 | Val Max P-Miss: 1.1020 | Val Max Q-Miss: 0.4346 | Val Max Gen Viol: 0.5374 | Val Max Thermal: 0.0000
Epoch 6310 | Val Loss: 169.2325 | Val Cost:  -23.23 | Val Max P-Miss: 1.1009 | Val Max Q-Miss: 0.4365 | Val Max Gen Viol: 0.6810 | Val Max Thermal: 0.0000
Epoch 6320 | Val Loss: 171.1823 | Val Cost:  -23.70 | Val Max P-Miss: 1.1008 | Val Max Q-Miss: 0.4372 | Val Max Gen Viol: 0.8342 | Val Max Thermal: 0.0000
Epoch 6330 | Val Loss: 159.3658 | Val Cost:  -20.19 | Val Max P-Miss: 1.1019 | Val Max Q-Miss: 0.4374 | Val Max Gen Viol: 0.9347 | Val Max Thermal: 0.0000
Epoch 6340 | Val Loss: 157.6173 | Val Cost:  -20.01 | Val Max P-Miss: 1.1019 | Val Max Q-Miss: 0.4365 | Val Max Gen Viol: 0.9758 | Val Max Thermal: 0.0000
Epoch 6350 | Val Loss: 164.9526 | Val Cost:  -20.74 | Val Max P-Miss: 1.1027 | Val Max Q-Miss: 0.4357 | Val Max Gen Viol: 0.9336 | Val Max Thermal: 0.0000
Epoch 6360 | Val Loss: 158.7876 | Val Cost:  -21.35 | Val Max P-Miss: 1.1009 | Val Max Q-Miss: 0.4349 | Val Max Gen Viol: 1.0055 | Val Max Thermal: 0.0000
Epoch 6370 | Val Loss: 163.4460 | Val Cost:  -22.45 | Val Max P-Miss: 1.1005 | Val Max Q-Miss: 0.4354 | Val Max Gen Viol: 1.2821 | Val Max Thermal: 0.0000
Epoch 6380 | Val Loss: 153.3348 | Val Cost:  -19.84 | Val Max P-Miss: 1.1014 | Val Max Q-Miss: 0.4350 | Val Max Gen Viol: 1.3999 | Val Max Thermal: 0.0000
Epoch 6390 | Val Loss: 153.2626 | Val Cost:  -20.49 | Val Max P-Miss: 1.0999 | Val Max Q-Miss: 0.4358 | Val Max Gen Viol: 1.4793 | Val Max Thermal: 0.1998
Epoch 6400 | Val Loss: 160.9253 | Val Cost:  -22.12 | Val Max P-Miss: 1.0994 | Val Max Q-Miss: 0.4358 | Val Max Gen Viol: 1.5174 | Val Max Thermal: 0.3369
Epoch 6410 | Val Loss: 153.1533 | Val Cost:  -20.44 | Val Max P-Miss: 1.0994 | Val Max Q-Miss: 0.4358 | Val Max Gen Viol: 1.4021 | Val Max Thermal: 0.0000
Epoch 6420 | Val Loss: 151.6422 | Val Cost:  -20.18 | Val Max P-Miss: 1.0997 | Val Max Q-Miss: 0.4354 | Val Max Gen Viol: 1.2739 | Val Max Thermal: 0.0000
Epoch 6430 | Val Loss: 1129.0011 | Val Cost:  -20.90 | Val Max P-Miss: 1.2302 | Val Max Q-Miss: 0.7775 | Val Max Gen Viol: 1.3527 | Val Max Thermal: 0.0000
Epoch 6440 | Val Loss: 160.5510 | Val Cost:   16.91 | Val Max P-Miss: 1.0999 | Val Max Q-Miss: 0.4422 | Val Max Gen Viol: 0.1181 | Val Max Thermal: 0.0000
Epoch 6450 | Val Loss: 141.9485 | Val Cost:   17.00 | Val Max P-Miss: 1.1054 | Val Max Q-Miss: 0.4403 | Val Max Gen Viol: 0.2911 | Val Max Thermal: 0.0000
Epoch 6460 | Val Loss: 137.3124 | Val Cost:   16.52 | Val Max P-Miss: 1.1043 | Val Max Q-Miss: 0.4405 | Val Max Gen Viol: 0.5027 | Val Max Thermal: 0.0000
Epoch 6470 | Val Loss: 134.2966 | Val Cost:   15.98 | Val Max P-Miss: 1.1038 | Val Max Q-Miss: 0.4415 | Val Max Gen Viol: 0.8182 | Val Max Thermal: 0.0000
Epoch 6480 | Val Loss: 131.7112 | Val Cost:   15.42 | Val Max P-Miss: 1.1036 | Val Max Q-Miss: 0.4415 | Val Max Gen Viol: 1.0675 | Val Max Thermal: 0.0000
Epoch 6490 | Val Loss: 129.3627 | Val Cost:   14.82 | Val Max P-Miss: 1.1036 | Val Max Q-Miss: 0.4411 | Val Max Gen Viol: 1.2404 | Val Max Thermal: 0.0000
Epoch 6500 | Val Loss: 132.1810 | Val Cost:   15.10 | Val Max P-Miss: 1.1036 | Val Max Q-Miss: 0.4399 | Val Max Gen Viol: 1.3197 | Val Max Thermal: 0.0527
Epoch 6510 | Val Loss: 143.1415 | Val Cost:   18.64 | Val Max P-Miss: 1.1042 | Val Max Q-Miss: 0.4394 | Val Max Gen Viol: 1.2058 | Val Max Thermal: 0.0000
Epoch 6520 | Val Loss: 143.0789 | Val Cost:   18.51 | Val Max P-Miss: 1.1042 | Val Max Q-Miss: 0.4394 | Val Max Gen Viol: 1.4056 | Val Max Thermal: 0.0162
Epoch 6530 | Val Loss: 139.6306 | Val Cost:   17.81 | Val Max P-Miss: 1.1043 | Val Max Q-Miss: 0.4394 | Val Max Gen Viol: 1.4858 | Val Max Thermal: 0.2371
Epoch 6540 | Val Loss: 135.9368 | Val Cost:   16.93 | Val Max P-Miss: 1.1044 | Val Max Q-Miss: 0.4392 | Val Max Gen Viol: 1.5206 | Val Max Thermal: 0.3604
Epoch 6550 | Val Loss: 132.5678 | Val Cost:   16.03 | Val Max P-Miss: 1.1046 | Val Max Q-Miss: 0.4391 | Val Max Gen Viol: 1.5395 | Val Max Thermal: 0.4252
Epoch 6560 | Val Loss: 129.2308 | Val Cost:   15.06 | Val Max P-Miss: 1.1047 | Val Max Q-Miss: 0.4389 | Val Max Gen Viol: 1.5507 | Val Max Thermal: 0.4655
Epoch 6570 | Val Loss: 126.6890 | Val Cost:   14.07 | Val Max P-Miss: 1.1040 | Val Max Q-Miss: 0.4366 | Val Max Gen Viol: 1.5575 | Val Max Thermal: 0.4953 [*SAVED BEST*]
Epoch 6580 | Val Loss: 147.9185 | Val Cost:   18.16 | Val Max P-Miss: 1.1024 | Val Max Q-Miss: 0.4332 | Val Max Gen Viol: 1.4350 | Val Max Thermal: 0.0633
Epoch 6590 | Val Loss: 143.1824 | Val Cost:   18.48 | Val Max P-Miss: 1.1048 | Val Max Q-Miss: 0.4379 | Val Max Gen Viol: 1.5481 | Val Max Thermal: 0.4583
Epoch 6600 | Val Loss: 140.3033 | Val Cost:   17.77 | Val Max P-Miss: 1.1052 | Val Max Q-Miss: 0.4376 | Val Max Gen Viol: 1.5577 | Val Max Thermal: 0.4943
Epoch 6610 | Val Loss: 137.1644 | Val Cost:   17.14 | Val Max P-Miss: 1.1059 | Val Max Q-Miss: 0.4359 | Val Max Gen Viol: 1.5678 | Val Max Thermal: 0.5669
Epoch 6620 | Val Loss: 148.6163 | Val Cost:   19.84 | Val Max P-Miss: 1.1078 | Val Max Q-Miss: 0.4353 | Val Max Gen Viol: 1.3829 | Val Max Thermal: 0.0000
Epoch 6630 | Val Loss: 243.5567 | Val Cost:   18.02 | Val Max P-Miss: 1.1121 | Val Max Q-Miss: 0.4495 | Val Max Gen Viol: 1.5519 | Val Max Thermal: 0.2970
Epoch 6640 | Val Loss: 361.7210 | Val Cost:  -92.49 | Val Max P-Miss: 1.1386 | Val Max Q-Miss: 0.5248 | Val Max Gen Viol: 0.2143 | Val Max Thermal: 0.0000
Epoch 6650 | Val Loss: 565.5430 | Val Cost: -225.88 | Val Max P-Miss: 1.1011 | Val Max Q-Miss: 0.4151 | Val Max Gen Viol: 0.2563 | Val Max Thermal: 0.0000
Epoch 6660 | Val Loss: 173.4943 | Val Cost:  -50.71 | Val Max P-Miss: 1.1058 | Val Max Q-Miss: 0.4467 | Val Max Gen Viol: 0.1032 | Val Max Thermal: 0.0000
Epoch 6670 | Val Loss: 159.0407 | Val Cost:  -19.84 | Val Max P-Miss: 1.1048 | Val Max Q-Miss: 0.4361 | Val Max Gen Viol: 0.2597 | Val Max Thermal: 0.0000
Epoch 6680 | Val Loss: 157.5690 | Val Cost:  -20.30 | Val Max P-Miss: 1.1039 | Val Max Q-Miss: 0.4329 | Val Max Gen Viol: 0.3612 | Val Max Thermal: 0.0000
Epoch 6690 | Val Loss: 157.8133 | Val Cost:  -20.66 | Val Max P-Miss: 1.1033 | Val Max Q-Miss: 0.4319 | Val Max Gen Viol: 0.4070 | Val Max Thermal: 0.0000
Epoch 6700 | Val Loss: 158.8508 | Val Cost:  -21.07 | Val Max P-Miss: 1.1028 | Val Max Q-Miss: 0.4319 | Val Max Gen Viol: 0.6237 | Val Max Thermal: 0.0000
Epoch 6710 | Val Loss: 160.5470 | Val Cost:  -21.55 | Val Max P-Miss: 1.1025 | Val Max Q-Miss: 0.4318 | Val Max Gen Viol: 0.8672 | Val Max Thermal: 0.0000
Epoch 6720 | Val Loss: 162.7848 | Val Cost:  -22.10 | Val Max P-Miss: 1.1022 | Val Max Q-Miss: 0.4316 | Val Max Gen Viol: 1.0507 | Val Max Thermal: 0.0000
Epoch 6730 | Val Loss: 165.5731 | Val Cost:  -22.72 | Val Max P-Miss: 1.1018 | Val Max Q-Miss: 0.4313 | Val Max Gen Viol: 1.1917 | Val Max Thermal: 0.0000
Epoch 6740 | Val Loss: 168.9825 | Val Cost:  -23.43 | Val Max P-Miss: 1.1012 | Val Max Q-Miss: 0.4310 | Val Max Gen Viol: 1.3029 | Val Max Thermal: 0.0000
Epoch 6750 | Val Loss: 173.1216 | Val Cost:  -24.24 | Val Max P-Miss: 1.1003 | Val Max Q-Miss: 0.4307 | Val Max Gen Viol: 1.3929 | Val Max Thermal: 0.0000
Epoch 6760 | Val Loss: 176.8468 | Val Cost:  -24.96 | Val Max P-Miss: 1.1018 | Val Max Q-Miss: 0.4305 | Val Max Gen Viol: 1.4634 | Val Max Thermal: 0.1708
Epoch 6770 | Val Loss: 159.3337 | Val Cost:  -21.59 | Val Max P-Miss: 1.1047 | Val Max Q-Miss: 0.4311 | Val Max Gen Viol: 1.4973 | Val Max Thermal: 0.2127
Epoch 6780 | Val Loss: 157.6847 | Val Cost:  -21.21 | Val Max P-Miss: 1.0981 | Val Max Q-Miss: 0.4297 | Val Max Gen Viol: 1.5071 | Val Max Thermal: 0.1878
Epoch 6790 | Val Loss: 161.1125 | Val Cost:  -21.89 | Val Max P-Miss: 1.0998 | Val Max Q-Miss: 0.4300 | Val Max Gen Viol: 1.5008 | Val Max Thermal: 0.0728
Epoch 6800 | Val Loss: 159.0360 | Val Cost:  -21.18 | Val Max P-Miss: 1.1113 | Val Max Q-Miss: 0.4329 | Val Max Gen Viol: 1.5255 | Val Max Thermal: 0.3858
Epoch 6810 | Val Loss: 154.2801 | Val Cost:  -20.31 | Val Max P-Miss: 1.1105 | Val Max Q-Miss: 0.4319 | Val Max Gen Viol: 1.5449 | Val Max Thermal: 0.4419
Epoch 6820 | Val Loss: 152.2309 | Val Cost:  -19.83 | Val Max P-Miss: 1.1113 | Val Max Q-Miss: 0.4313 | Val Max Gen Viol: 1.5484 | Val Max Thermal: 0.4369
Epoch 6830 | Val Loss: 150.8953 | Val Cost:  -19.52 | Val Max P-Miss: 1.1102 | Val Max Q-Miss: 0.4306 | Val Max Gen Viol: 1.5450 | Val Max Thermal: 0.4238
Epoch 6840 | Val Loss: 150.9812 | Val Cost:  -19.42 | Val Max P-Miss: 1.1084 | Val Max Q-Miss: 0.4302 | Val Max Gen Viol: 1.5444 | Val Max Thermal: 0.3736
Epoch 6850 | Val Loss: 152.7204 | Val Cost:  -19.62 | Val Max P-Miss: 1.1081 | Val Max Q-Miss: 0.4292 | Val Max Gen Viol: 1.5390 | Val Max Thermal: 0.3468
Epoch 6860 | Val Loss: 153.5286 | Val Cost:  -19.96 | Val Max P-Miss: 1.1068 | Val Max Q-Miss: 0.4307 | Val Max Gen Viol: 1.5438 | Val Max Thermal: 0.3409
Epoch 6870 | Val Loss: 155.4400 | Val Cost:  -20.39 | Val Max P-Miss: 1.1067 | Val Max Q-Miss: 0.4291 | Val Max Gen Viol: 1.5372 | Val Max Thermal: 0.3084
Epoch 6880 | Val Loss: 157.2763 | Val Cost:  -20.91 | Val Max P-Miss: 1.1066 | Val Max Q-Miss: 0.4279 | Val Max Gen Viol: 1.5275 | Val Max Thermal: 0.2804
Epoch 6890 | Val Loss: 161.1278 | Val Cost:  -21.54 | Val Max P-Miss: 1.1066 | Val Max Q-Miss: 0.4266 | Val Max Gen Viol: 1.5194 | Val Max Thermal: 0.5697
Epoch 6900 | Val Loss: 150.6644 | Val Cost:  -19.72 | Val Max P-Miss: 1.1061 | Val Max Q-Miss: 0.4278 | Val Max Gen Viol: 1.4017 | Val Max Thermal: 0.0000
Epoch 6910 | Val Loss: 153.4095 | Val Cost:  -20.17 | Val Max P-Miss: 1.1057 | Val Max Q-Miss: 0.4343 | Val Max Gen Viol: 1.5248 | Val Max Thermal: 0.2822
Epoch 6920 | Val Loss: 153.1884 | Val Cost:  -20.48 | Val Max P-Miss: 1.1055 | Val Max Q-Miss: 0.4367 | Val Max Gen Viol: 1.5420 | Val Max Thermal: 0.4392
Epoch 6930 | Val Loss: 162.8151 | Val Cost:  -20.90 | Val Max P-Miss: 1.1070 | Val Max Q-Miss: 0.4406 | Val Max Gen Viol: 1.5490 | Val Max Thermal: 0.4998
Epoch 6940 | Val Loss: 622.1161 | Val Cost:  -34.08 | Val Max P-Miss: 1.1041 | Val Max Q-Miss: 1.1121 | Val Max Gen Viol: 0.7902 | Val Max Thermal: 0.0000
Epoch 6950 | Val Loss: 160.8867 | Val Cost:  -20.52 | Val Max P-Miss: 1.1046 | Val Max Q-Miss: 0.4414 | Val Max Gen Viol: 0.1848 | Val Max Thermal: 0.0000
Epoch 6960 | Val Loss: 159.2608 | Val Cost:  -20.68 | Val Max P-Miss: 1.1042 | Val Max Q-Miss: 0.4379 | Val Max Gen Viol: 0.4049 | Val Max Thermal: 0.0000
Epoch 6970 | Val Loss: 159.7538 | Val Cost:  -20.94 | Val Max P-Miss: 1.1036 | Val Max Q-Miss: 0.4393 | Val Max Gen Viol: 0.4752 | Val Max Thermal: 0.0000
Epoch 6980 | Val Loss: 160.6521 | Val Cost:  -21.27 | Val Max P-Miss: 1.1033 | Val Max Q-Miss: 0.4401 | Val Max Gen Viol: 0.5525 | Val Max Thermal: 0.0000
Epoch 6990 | Val Loss: 162.0916 | Val Cost:  -21.67 | Val Max P-Miss: 1.1030 | Val Max Q-Miss: 0.4404 | Val Max Gen Viol: 0.7771 | Val Max Thermal: 0.0000
Epoch 7000 | Val Loss: 163.8928 | Val Cost:  -22.11 | Val Max P-Miss: 1.1029 | Val Max Q-Miss: 0.4403 | Val Max Gen Viol: 0.9623 | Val Max Thermal: 0.0000
Epoch 7010 | Val Loss: 164.7195 | Val Cost:  -21.82 | Val Max P-Miss: 1.1042 | Val Max Q-Miss: 0.4407 | Val Max Gen Viol: 1.1149 | Val Max Thermal: 0.0000
Epoch 7020 | Val Loss: 154.1314 | Val Cost:  -18.29 | Val Max P-Miss: 1.1060 | Val Max Q-Miss: 0.4419 | Val Max Gen Viol: 1.2184 | Val Max Thermal: 0.0000
Epoch 7030 | Val Loss: 146.8100 | Val Cost:  -17.37 | Val Max P-Miss: 1.1052 | Val Max Q-Miss: 0.4406 | Val Max Gen Viol: 1.2985 | Val Max Thermal: 0.0000
Epoch 7040 | Val Loss: 144.5471 | Val Cost:  -17.04 | Val Max P-Miss: 1.1050 | Val Max Q-Miss: 0.4402 | Val Max Gen Viol: 1.3723 | Val Max Thermal: 0.0000
Epoch 7050 | Val Loss: 141.4933 | Val Cost:  -16.82 | Val Max P-Miss: 1.1042 | Val Max Q-Miss: 0.4392 | Val Max Gen Viol: 1.4346 | Val Max Thermal: 0.0542
Epoch 7060 | Val Loss: 140.5581 | Val Cost:  -17.03 | Val Max P-Miss: 1.1028 | Val Max Q-Miss: 0.4386 | Val Max Gen Viol: 1.4907 | Val Max Thermal: 0.2453
Epoch 7070 | Val Loss: 143.3406 | Val Cost:  -17.78 | Val Max P-Miss: 1.1014 | Val Max Q-Miss: 0.4387 | Val Max Gen Viol: 1.5255 | Val Max Thermal: 0.3534
Epoch 7080 | Val Loss: 147.9741 | Val Cost:  -18.93 | Val Max P-Miss: 1.1011 | Val Max Q-Miss: 0.4384 | Val Max Gen Viol: 1.5433 | Val Max Thermal: 0.4008
Epoch 7090 | Val Loss: 153.4812 | Val Cost:  -20.16 | Val Max P-Miss: 1.1005 | Val Max Q-Miss: 0.4382 | Val Max Gen Viol: 1.5542 | Val Max Thermal: 0.4403
Epoch 7100 | Val Loss: 158.2790 | Val Cost:  -20.94 | Val Max P-Miss: 1.1048 | Val Max Q-Miss: 0.4403 | Val Max Gen Viol: 1.5625 | Val Max Thermal: 0.4772
Epoch 7110 | Val Loss: 152.8013 | Val Cost:  -17.59 | Val Max P-Miss: 1.1212 | Val Max Q-Miss: 0.4483 | Val Max Gen Viol: 1.5696 | Val Max Thermal: 0.5202
Epoch 7120 | Val Loss: 139.0481 | Val Cost:  -15.80 | Val Max P-Miss: 1.1105 | Val Max Q-Miss: 0.4439 | Val Max Gen Viol: 1.5736 | Val Max Thermal: 0.5322
Epoch 7130 | Val Loss: 138.6912 | Val Cost:  -15.62 | Val Max P-Miss: 1.1093 | Val Max Q-Miss: 0.4436 | Val Max Gen Viol: 1.5679 | Val Max Thermal: 0.5127
Epoch 7140 | Val Loss: 134.4376 | Val Cost:  -14.24 | Val Max P-Miss: 1.1111 | Val Max Q-Miss: 0.4451 | Val Max Gen Viol: 1.5637 | Val Max Thermal: 0.4981
Epoch 7150 | Val Loss: 947.2146 | Val Cost:  -11.68 | Val Max P-Miss: 1.1162 | Val Max Q-Miss: 0.9266 | Val Max Gen Viol: 0.9833 | Val Max Thermal: 0.0000
Epoch 7160 | Val Loss: 438.2427 | Val Cost:   32.14 | Val Max P-Miss: 1.1115 | Val Max Q-Miss: 0.4224 | Val Max Gen Viol: 0.1628 | Val Max Thermal: 0.0000
Epoch 7170 | Val Loss: 258.1126 | Val Cost:  -34.91 | Val Max P-Miss: 1.1049 | Val Max Q-Miss: 0.4394 | Val Max Gen Viol: 0.1910 | Val Max Thermal: 0.0000
Epoch 7180 | Val Loss: 202.8735 | Val Cost:  -28.18 | Val Max P-Miss: 1.1050 | Val Max Q-Miss: 0.4370 | Val Max Gen Viol: 0.2940 | Val Max Thermal: 0.0000
Epoch 7190 | Val Loss: 307.8065 | Val Cost:   42.36 | Val Max P-Miss: 1.1068 | Val Max Q-Miss: 0.4352 | Val Max Gen Viol: 0.3916 | Val Max Thermal: 0.0000
Epoch 7200 | Val Loss: 267.2241 | Val Cost:  -37.16 | Val Max P-Miss: 1.1033 | Val Max Q-Miss: 0.4363 | Val Max Gen Viol: 0.4614 | Val Max Thermal: 0.0000
Epoch 7210 | Val Loss: 210.8144 | Val Cost:  -29.72 | Val Max P-Miss: 1.1046 | Val Max Q-Miss: 0.4385 | Val Max Gen Viol: 0.6144 | Val Max Thermal: 0.0000
Epoch 7220 | Val Loss: 329.1026 | Val Cost:   43.89 | Val Max P-Miss: 1.0979 | Val Max Q-Miss: 0.4413 | Val Max Gen Viol: 0.8164 | Val Max Thermal: 0.0000
Epoch 7230 | Val Loss: 226.0254 | Val Cost:  -32.10 | Val Max P-Miss: 1.1004 | Val Max Q-Miss: 0.4405 | Val Max Gen Viol: 0.9312 | Val Max Thermal: 0.0000
Epoch 7240 | Val Loss: 192.0222 | Val Cost:  -20.51 | Val Max P-Miss: 1.1346 | Val Max Q-Miss: 0.4420 | Val Max Gen Viol: 0.9415 | Val Max Thermal: 0.0000
Epoch 7250 | Val Loss: 347.0267 | Val Cost:   46.22 | Val Max P-Miss: 1.1047 | Val Max Q-Miss: 0.4407 | Val Max Gen Viol: 0.7671 | Val Max Thermal: 0.0000
Epoch 7260 | Val Loss: 217.9235 | Val Cost:  -31.09 | Val Max P-Miss: 1.0973 | Val Max Q-Miss: 0.4401 | Val Max Gen Viol: 0.9828 | Val Max Thermal: 0.0000
Epoch 7270 | Val Loss: 295.2278 | Val Cost:  -13.87 | Val Max P-Miss: 1.1580 | Val Max Q-Miss: 0.4458 | Val Max Gen Viol: 0.4420 | Val Max Thermal: 0.0000
Epoch 7280 | Val Loss: 340.5677 | Val Cost:   45.95 | Val Max P-Miss: 1.1078 | Val Max Q-Miss: 0.4378 | Val Max Gen Viol: 0.5010 | Val Max Thermal: 0.0000
Epoch 7290 | Val Loss: 229.8550 | Val Cost:  -30.83 | Val Max P-Miss: 1.1048 | Val Max Q-Miss: 0.4366 | Val Max Gen Viol: 0.7794 | Val Max Thermal: 0.0000
Epoch 7300 | Val Loss: 293.3540 | Val Cost:  -47.06 | Val Max P-Miss: 1.0769 | Val Max Q-Miss: 0.4284 | Val Max Gen Viol: 0.4841 | Val Max Thermal: 0.0000
Epoch 7310 | Val Loss: 353.0386 | Val Cost:   47.64 | Val Max P-Miss: 1.1194 | Val Max Q-Miss: 0.4390 | Val Max Gen Viol: 0.5585 | Val Max Thermal: 0.0000
Epoch 7320 | Val Loss: 224.1318 | Val Cost:  -27.53 | Val Max P-Miss: 1.1088 | Val Max Q-Miss: 0.4392 | Val Max Gen Viol: 0.4843 | Val Max Thermal: 0.0000
Epoch 7330 | Val Loss: 283.3704 | Val Cost:  -57.75 | Val Max P-Miss: 1.0738 | Val Max Q-Miss: 0.4314 | Val Max Gen Viol: 0.4378 | Val Max Thermal: 0.0000
Epoch 7340 | Val Loss: 358.5006 | Val Cost:   45.31 | Val Max P-Miss: 1.0943 | Val Max Q-Miss: 0.4409 | Val Max Gen Viol: 0.4221 | Val Max Thermal: 0.0000
Epoch 7350 | Val Loss: 227.4811 | Val Cost:  -37.42 | Val Max P-Miss: 1.1003 | Val Max Q-Miss: 0.4434 | Val Max Gen Viol: 0.3097 | Val Max Thermal: 0.0000
Epoch 7360 | Val Loss: 437.3172 | Val Cost:    0.19 | Val Max P-Miss: 1.1413 | Val Max Q-Miss: 0.4365 | Val Max Gen Viol: 0.3842 | Val Max Thermal: 0.0000
Epoch 7370 | Val Loss: 350.0225 | Val Cost:   47.43 | Val Max P-Miss: 1.1067 | Val Max Q-Miss: 0.4363 | Val Max Gen Viol: 0.4384 | Val Max Thermal: 0.0000
Epoch 7380 | Val Loss: 220.2600 | Val Cost:  -29.26 | Val Max P-Miss: 1.1030 | Val Max Q-Miss: 0.4380 | Val Max Gen Viol: 0.4088 | Val Max Thermal: 0.0000
Epoch 7390 | Val Loss: 310.0034 | Val Cost:  -59.65 | Val Max P-Miss: 1.0885 | Val Max Q-Miss: 0.5168 | Val Max Gen Viol: 0.2440 | Val Max Thermal: 0.0000
Epoch 7400 | Val Loss: 370.5408 | Val Cost:   53.55 | Val Max P-Miss: 1.1331 | Val Max Q-Miss: 0.4521 | Val Max Gen Viol: 0.4255 | Val Max Thermal: 0.0000
Epoch 7410 | Val Loss: 222.1874 | Val Cost:  -25.90 | Val Max P-Miss: 1.1103 | Val Max Q-Miss: 0.4426 | Val Max Gen Viol: 0.4127 | Val Max Thermal: 0.0000
Epoch 7420 | Val Loss: 336.1761 | Val Cost:  -23.87 | Val Max P-Miss: 1.0762 | Val Max Q-Miss: 0.4753 | Val Max Gen Viol: 0.2378 | Val Max Thermal: 0.0000
Epoch 7430 | Val Loss: 350.5267 | Val Cost:   46.15 | Val Max P-Miss: 1.1103 | Val Max Q-Miss: 0.4339 | Val Max Gen Viol: 0.3827 | Val Max Thermal: 0.0000
Epoch 7440 | Val Loss: 223.8606 | Val Cost:  -28.88 | Val Max P-Miss: 1.1091 | Val Max Q-Miss: 0.4427 | Val Max Gen Viol: 0.1792 | Val Max Thermal: 0.0000
Epoch 7450 | Val Loss: 267.3022 | Val Cost:  -44.42 | Val Max P-Miss: 1.0665 | Val Max Q-Miss: 0.4654 | Val Max Gen Viol: 0.5287 | Val Max Thermal: 0.0000
Epoch 7460 | Val Loss: 376.0044 | Val Cost:   46.35 | Val Max P-Miss: 1.1171 | Val Max Q-Miss: 0.4817 | Val Max Gen Viol: 0.2073 | Val Max Thermal: 0.0000
Epoch 7470 | Val Loss: 221.7288 | Val Cost:  -14.67 | Val Max P-Miss: 1.1102 | Val Max Q-Miss: 0.4473 | Val Max Gen Viol: 0.2912 | Val Max Thermal: 0.0000
Epoch 7480 | Val Loss: 287.3929 | Val Cost:  -21.21 | Val Max P-Miss: 1.1119 | Val Max Q-Miss: 0.4487 | Val Max Gen Viol: 0.2012 | Val Max Thermal: 0.0000
Epoch 7490 | Val Loss: 347.4106 | Val Cost:   31.71 | Val Max P-Miss: 1.0959 | Val Max Q-Miss: 0.4341 | Val Max Gen Viol: 0.3321 | Val Max Thermal: 0.0000
Epoch 7500 | Val Loss: 226.7581 | Val Cost:  -34.88 | Val Max P-Miss: 1.0959 | Val Max Q-Miss: 0.4389 | Val Max Gen Viol: 0.1831 | Val Max Thermal: 0.0000
Epoch 7510 | Val Loss: 206.4514 | Val Cost:   -9.49 | Val Max P-Miss: 1.1044 | Val Max Q-Miss: 0.4702 | Val Max Gen Viol: 0.1294 | Val Max Thermal: 0.0000
Epoch 7520 | Val Loss: 1060.3468 | Val Cost:   37.58 | Val Max P-Miss: 1.0782 | Val Max Q-Miss: 2.0596 | Val Max Gen Viol: 0.1463 | Val Max Thermal: 1.2876
Epoch 7530 | Val Loss: 162.1404 | Val Cost:  -19.78 | Val Max P-Miss: 1.1110 | Val Max Q-Miss: 0.4292 | Val Max Gen Viol: 0.9555 | Val Max Thermal: 0.0000
Epoch 7540 | Val Loss: 149.6030 | Val Cost:  -17.97 | Val Max P-Miss: 1.1048 | Val Max Q-Miss: 0.4430 | Val Max Gen Viol: 0.4226 | Val Max Thermal: 0.0000
Epoch 7550 | Val Loss: 147.8645 | Val Cost:  -17.65 | Val Max P-Miss: 1.1045 | Val Max Q-Miss: 0.4456 | Val Max Gen Viol: 0.4772 | Val Max Thermal: 0.0000
Epoch 7560 | Val Loss: 145.6752 | Val Cost:  -17.50 | Val Max P-Miss: 1.1040 | Val Max Q-Miss: 0.4457 | Val Max Gen Viol: 0.8450 | Val Max Thermal: 0.0000
Epoch 7570 | Val Loss: 145.4791 | Val Cost:  -17.61 | Val Max P-Miss: 1.1035 | Val Max Q-Miss: 0.4437 | Val Max Gen Viol: 1.1108 | Val Max Thermal: 0.0000
Epoch 7580 | Val Loss: 145.4290 | Val Cost:  -17.55 | Val Max P-Miss: 1.1036 | Val Max Q-Miss: 0.4430 | Val Max Gen Viol: 1.2966 | Val Max Thermal: 0.0000
Epoch 7590 | Val Loss: 144.1160 | Val Cost:  -17.01 | Val Max P-Miss: 1.1040 | Val Max Q-Miss: 0.4421 | Val Max Gen Viol: 1.4332 | Val Max Thermal: 0.0685
Epoch 7600 | Val Loss: 142.7130 | Val Cost:  -16.57 | Val Max P-Miss: 1.1041 | Val Max Q-Miss: 0.4416 | Val Max Gen Viol: 1.5099 | Val Max Thermal: 0.3362
Epoch 7610 | Val Loss: 141.8156 | Val Cost:  -16.04 | Val Max P-Miss: 1.1040 | Val Max Q-Miss: 0.4423 | Val Max Gen Viol: 1.5457 | Val Max Thermal: 0.4701
Epoch 7620 | Val Loss: 140.7237 | Val Cost:  -15.31 | Val Max P-Miss: 1.1042 | Val Max Q-Miss: 0.4421 | Val Max Gen Viol: 1.5635 | Val Max Thermal: 0.5432
Epoch 7630 | Val Loss: 140.5136 | Val Cost:  -14.88 | Val Max P-Miss: 1.1035 | Val Max Q-Miss: 0.4412 | Val Max Gen Viol: 1.5728 | Val Max Thermal: 0.5829
Epoch 7640 | Val Loss: 141.8829 | Val Cost:  -14.46 | Val Max P-Miss: 1.1023 | Val Max Q-Miss: 0.4369 | Val Max Gen Viol: 1.5788 | Val Max Thermal: 0.6136
Epoch 7650 | Val Loss: 144.6677 | Val Cost:  -13.28 | Val Max P-Miss: 1.1009 | Val Max Q-Miss: 0.4362 | Val Max Gen Viol: 1.5782 | Val Max Thermal: 0.6840
Epoch 7660 | Val Loss: 155.5458 | Val Cost:  -12.93 | Val Max P-Miss: 1.1003 | Val Max Q-Miss: 0.4416 | Val Max Gen Viol: 1.5672 | Val Max Thermal: 0.7219
Epoch 7670 | Val Loss: 194.0203 | Val Cost:   15.07 | Val Max P-Miss: 1.0676 | Val Max Q-Miss: 0.4395 | Val Max Gen Viol: 0.2157 | Val Max Thermal: 0.0000
Epoch 7680 | Val Loss: 166.9794 | Val Cost:   18.25 | Val Max P-Miss: 1.1089 | Val Max Q-Miss: 0.4679 | Val Max Gen Viol: 0.3304 | Val Max Thermal: 0.0000
Epoch 7690 | Val Loss: 131.9462 | Val Cost:   15.28 | Val Max P-Miss: 1.1040 | Val Max Q-Miss: 0.4406 | Val Max Gen Viol: 0.7896 | Val Max Thermal: 0.0000
Epoch 7700 | Val Loss: 131.5246 | Val Cost:   15.34 | Val Max P-Miss: 1.1034 | Val Max Q-Miss: 0.4423 | Val Max Gen Viol: 1.1647 | Val Max Thermal: 0.0000
Epoch 7710 | Val Loss: 131.1921 | Val Cost:   15.34 | Val Max P-Miss: 1.1033 | Val Max Q-Miss: 0.4422 | Val Max Gen Viol: 1.3609 | Val Max Thermal: 0.0000
Epoch 7720 | Val Loss: 130.8667 | Val Cost:   15.33 | Val Max P-Miss: 1.1032 | Val Max Q-Miss: 0.4415 | Val Max Gen Viol: 1.4759 | Val Max Thermal: 0.2119
Epoch 7730 | Val Loss: 130.6071 | Val Cost:   15.30 | Val Max P-Miss: 1.1033 | Val Max Q-Miss: 0.4407 | Val Max Gen Viol: 1.5217 | Val Max Thermal: 0.3834
Epoch 7740 | Val Loss: 130.3318 | Val Cost:   15.25 | Val Max P-Miss: 1.1034 | Val Max Q-Miss: 0.4399 | Val Max Gen Viol: 1.5479 | Val Max Thermal: 0.4633
Epoch 7750 | Val Loss: 129.9280 | Val Cost:   15.15 | Val Max P-Miss: 1.1035 | Val Max Q-Miss: 0.4391 | Val Max Gen Viol: 1.5628 | Val Max Thermal: 0.5098
Epoch 7760 | Val Loss: 129.3656 | Val Cost:   14.99 | Val Max P-Miss: 1.1035 | Val Max Q-Miss: 0.4385 | Val Max Gen Viol: 1.5717 | Val Max Thermal: 0.5379
Epoch 7770 | Val Loss: 129.5787 | Val Cost:   15.10 | Val Max P-Miss: 1.1037 | Val Max Q-Miss: 0.4391 | Val Max Gen Viol: 1.5772 | Val Max Thermal: 0.5616
Epoch 7780 | Val Loss: 131.4655 | Val Cost:   15.56 | Val Max P-Miss: 1.1038 | Val Max Q-Miss: 0.4397 | Val Max Gen Viol: 1.5825 | Val Max Thermal: 0.5832
Epoch 7790 | Val Loss: 131.4607 | Val Cost:   15.66 | Val Max P-Miss: 1.1039 | Val Max Q-Miss: 0.4386 | Val Max Gen Viol: 1.5884 | Val Max Thermal: 0.6010
Epoch 7800 | Val Loss: 131.4295 | Val Cost:   15.66 | Val Max P-Miss: 1.1039 | Val Max Q-Miss: 0.4382 | Val Max Gen Viol: 1.5926 | Val Max Thermal: 0.6096
Epoch 7810 | Val Loss: 131.3483 | Val Cost:   15.64 | Val Max P-Miss: 1.1040 | Val Max Q-Miss: 0.4378 | Val Max Gen Viol: 1.5934 | Val Max Thermal: 0.6164
Epoch 7820 | Val Loss: 133.0901 | Val Cost:   15.61 | Val Max P-Miss: 1.1043 | Val Max Q-Miss: 0.4384 | Val Max Gen Viol: 1.5906 | Val Max Thermal: 0.5638
Epoch 7830 | Val Loss: 133.7101 | Val Cost:   16.27 | Val Max P-Miss: 1.1042 | Val Max Q-Miss: 0.4376 | Val Max Gen Viol: 1.5934 | Val Max Thermal: 0.6026
Epoch 7840 | Val Loss: 133.7044 | Val Cost:   16.26 | Val Max P-Miss: 1.1042 | Val Max Q-Miss: 0.4377 | Val Max Gen Viol: 1.5946 | Val Max Thermal: 0.6152
Epoch 7850 | Val Loss: 134.4297 | Val Cost:   16.23 | Val Max P-Miss: 1.1043 | Val Max Q-Miss: 0.4384 | Val Max Gen Viol: 1.5771 | Val Max Thermal: 0.5469
Epoch 7860 | Val Loss: 133.7387 | Val Cost:   16.12 | Val Max P-Miss: 1.1043 | Val Max Q-Miss: 0.4384 | Val Max Gen Viol: 1.5823 | Val Max Thermal: 0.5503
Epoch 7870 | Val Loss: 134.1046 | Val Cost:   15.98 | Val Max P-Miss: 1.1048 | Val Max Q-Miss: 0.4391 | Val Max Gen Viol: 1.5679 | Val Max Thermal: 0.5484
Epoch 7880 | Val Loss: 258.6403 | Val Cost:    4.99 | Val Max P-Miss: 1.1053 | Val Max Q-Miss: 0.7629 | Val Max Gen Viol: 1.4415 | Val Max Thermal: 0.0000
Epoch 7890 | Val Loss: 155.2939 | Val Cost:   17.71 | Val Max P-Miss: 1.1010 | Val Max Q-Miss: 0.4440 | Val Max Gen Viol: 0.0579 | Val Max Thermal: 0.0000
Epoch 7900 | Val Loss: 148.3244 | Val Cost:   16.90 | Val Max P-Miss: 1.1056 | Val Max Q-Miss: 0.4436 | Val Max Gen Viol: 0.1240 | Val Max Thermal: 0.0000
Epoch 7910 | Val Loss: 147.4068 | Val Cost:   16.68 | Val Max P-Miss: 1.1056 | Val Max Q-Miss: 0.4411 | Val Max Gen Viol: 0.2199 | Val Max Thermal: 0.0000
Epoch 7920 | Val Loss: 144.7449 | Val Cost:   16.51 | Val Max P-Miss: 1.1054 | Val Max Q-Miss: 0.4385 | Val Max Gen Viol: 0.3993 | Val Max Thermal: 0.0000
Epoch 7930 | Val Loss: 143.2728 | Val Cost:   16.21 | Val Max P-Miss: 1.1050 | Val Max Q-Miss: 0.4412 | Val Max Gen Viol: 0.6852 | Val Max Thermal: 0.0000
Epoch 7940 | Val Loss: 142.9113 | Val Cost:   15.78 | Val Max P-Miss: 1.1045 | Val Max Q-Miss: 0.4427 | Val Max Gen Viol: 1.0232 | Val Max Thermal: 0.0000
Epoch 7950 | Val Loss: 142.1054 | Val Cost:   15.14 | Val Max P-Miss: 1.1036 | Val Max Q-Miss: 0.4404 | Val Max Gen Viol: 1.2603 | Val Max Thermal: 0.0000
Epoch 7960 | Val Loss: 141.6866 | Val Cost:   13.91 | Val Max P-Miss: 1.1036 | Val Max Q-Miss: 0.4401 | Val Max Gen Viol: 1.4265 | Val Max Thermal: 0.0263
Epoch 7970 | Val Loss: 141.7941 | Val Cost:   12.86 | Val Max P-Miss: 1.1035 | Val Max Q-Miss: 0.4390 | Val Max Gen Viol: 1.5119 | Val Max Thermal: 0.3182
Epoch 7980 | Val Loss: 142.1432 | Val Cost:   12.46 | Val Max P-Miss: 1.1036 | Val Max Q-Miss: 0.4381 | Val Max Gen Viol: 1.5443 | Val Max Thermal: 0.4316
Epoch 7990 | Val Loss: 142.7668 | Val Cost:   12.62 | Val Max P-Miss: 1.1037 | Val Max Q-Miss: 0.4371 | Val Max Gen Viol: 1.5609 | Val Max Thermal: 0.4921
Epoch 8000 | Val Loss: 143.7384 | Val Cost:   12.83 | Val Max P-Miss: 1.1038 | Val Max Q-Miss: 0.4358 | Val Max Gen Viol: 1.5710 | Val Max Thermal: 0.5288
Epoch 8010 | Val Loss: 144.7492 | Val Cost:   12.89 | Val Max P-Miss: 1.1043 | Val Max Q-Miss: 0.4347 | Val Max Gen Viol: 1.5767 | Val Max Thermal: 0.5489
Epoch 8020 | Val Loss: 144.6221 | Val Cost:   12.67 | Val Max P-Miss: 1.1045 | Val Max Q-Miss: 0.4336 | Val Max Gen Viol: 1.5811 | Val Max Thermal: 0.5567
Epoch 8030 | Val Loss: 143.4860 | Val Cost:   12.66 | Val Max P-Miss: 1.1037 | Val Max Q-Miss: 0.4347 | Val Max Gen Viol: 1.5415 | Val Max Thermal: 0.7666
Epoch 8040 | Val Loss: 143.0669 | Val Cost:   12.53 | Val Max P-Miss: 1.1051 | Val Max Q-Miss: 0.4346 | Val Max Gen Viol: 1.5877 | Val Max Thermal: 0.6300
Epoch 8050 | Val Loss: 141.1974 | Val Cost:   11.86 | Val Max P-Miss: 1.1075 | Val Max Q-Miss: 0.4344 | Val Max Gen Viol: 1.4254 | Val Max Thermal: 0.0000
Epoch 8060 | Val Loss: 139.6256 | Val Cost:   11.56 | Val Max P-Miss: 1.1065 | Val Max Q-Miss: 0.4326 | Val Max Gen Viol: 1.5866 | Val Max Thermal: 0.5753
Epoch 8070 | Val Loss: 139.4117 | Val Cost:   12.25 | Val Max P-Miss: 1.1043 | Val Max Q-Miss: 0.4391 | Val Max Gen Viol: 1.5966 | Val Max Thermal: 0.6990
Epoch 8080 | Val Loss: 480.7953 | Val Cost:  -38.99 | Val Max P-Miss: 1.1882 | Val Max Q-Miss: 0.3620 | Val Max Gen Viol: 0.2243 | Val Max Thermal: 0.0000
Epoch 8090 | Val Loss: 143.9497 | Val Cost:   12.40 | Val Max P-Miss: 1.1049 | Val Max Q-Miss: 0.4499 | Val Max Gen Viol: 0.2266 | Val Max Thermal: 0.0000
Epoch 8100 | Val Loss: 136.6693 | Val Cost:   16.26 | Val Max P-Miss: 1.1040 | Val Max Q-Miss: 0.4407 | Val Max Gen Viol: 0.4932 | Val Max Thermal: 0.0000
Epoch 8110 | Val Loss: 134.9657 | Val Cost:   16.41 | Val Max P-Miss: 1.1033 | Val Max Q-Miss: 0.4418 | Val Max Gen Viol: 1.0572 | Val Max Thermal: 0.0000
Epoch 8120 | Val Loss: 141.2385 | Val Cost:   17.69 | Val Max P-Miss: 1.1036 | Val Max Q-Miss: 0.4379 | Val Max Gen Viol: 0.7898 | Val Max Thermal: 0.0000
Epoch 8130 | Val Loss: 139.6196 | Val Cost:   17.79 | Val Max P-Miss: 1.1033 | Val Max Q-Miss: 0.4400 | Val Max Gen Viol: 1.1057 | Val Max Thermal: 0.0000
Epoch 8140 | Val Loss: 139.3602 | Val Cost:   17.81 | Val Max P-Miss: 1.1032 | Val Max Q-Miss: 0.4401 | Val Max Gen Viol: 1.3965 | Val Max Thermal: 0.0000
Epoch 8150 | Val Loss: 139.0497 | Val Cost:   17.75 | Val Max P-Miss: 1.1034 | Val Max Q-Miss: 0.4397 | Val Max Gen Viol: 1.5167 | Val Max Thermal: 0.3379
Epoch 8160 | Val Loss: 138.7716 | Val Cost:   17.68 | Val Max P-Miss: 1.1036 | Val Max Q-Miss: 0.4389 | Val Max Gen Viol: 1.5515 | Val Max Thermal: 0.4603
Epoch 8170 | Val Loss: 138.7138 | Val Cost:   17.62 | Val Max P-Miss: 1.1038 | Val Max Q-Miss: 0.4382 | Val Max Gen Viol: 1.5672 | Val Max Thermal: 0.5162
Epoch 8180 | Val Loss: 139.3302 | Val Cost:   17.56 | Val Max P-Miss: 1.1042 | Val Max Q-Miss: 0.4379 | Val Max Gen Viol: 1.5747 | Val Max Thermal: 0.5334
Epoch 8190 | Val Loss: 139.6499 | Val Cost:   17.72 | Val Max P-Miss: 1.1042 | Val Max Q-Miss: 0.4376 | Val Max Gen Viol: 1.5546 | Val Max Thermal: 0.4082
Epoch 8200 | Val Loss: 139.8891 | Val Cost:   17.75 | Val Max P-Miss: 1.1034 | Val Max Q-Miss: 0.4379 | Val Max Gen Viol: 1.5253 | Val Max Thermal: 0.5500
Epoch 8210 | Val Loss: 139.0979 | Val Cost:   17.75 | Val Max P-Miss: 1.1037 | Val Max Q-Miss: 0.4375 | Val Max Gen Viol: 1.5437 | Val Max Thermal: 0.3965
Epoch 8220 | Val Loss: 138.7764 | Val Cost:   17.68 | Val Max P-Miss: 1.1038 | Val Max Q-Miss: 0.4374 | Val Max Gen Viol: 1.5523 | Val Max Thermal: 0.4035
Epoch 8230 | Val Loss: 138.3731 | Val Cost:   17.57 | Val Max P-Miss: 1.1038 | Val Max Q-Miss: 0.4375 | Val Max Gen Viol: 1.5493 | Val Max Thermal: 0.4282
Epoch 8240 | Val Loss: 137.9919 | Val Cost:   17.44 | Val Max P-Miss: 1.1040 | Val Max Q-Miss: 0.4375 | Val Max Gen Viol: 1.5323 | Val Max Thermal: 0.2957
Epoch 8250 | Val Loss: 137.5468 | Val Cost:   17.19 | Val Max P-Miss: 1.1040 | Val Max Q-Miss: 0.4369 | Val Max Gen Viol: 1.4852 | Val Max Thermal: 0.4105
Epoch 8260 | Val Loss: 136.3107 | Val Cost:   16.97 | Val Max P-Miss: 1.1041 | Val Max Q-Miss: 0.4376 | Val Max Gen Viol: 1.5892 | Val Max Thermal: 0.6159
Epoch 8270 | Val Loss: 135.2085 | Val Cost:   16.64 | Val Max P-Miss: 1.1042 | Val Max Q-Miss: 0.4378 | Val Max Gen Viol: 1.5718 | Val Max Thermal: 0.5349
Epoch 8280 | Val Loss: 132.8596 | Val Cost:   15.83 | Val Max P-Miss: 1.1041 | Val Max Q-Miss: 0.4376 | Val Max Gen Viol: 1.5360 | Val Max Thermal: 0.3860
Epoch 8290 | Val Loss: 162.9458 | Val Cost:   12.28 | Val Max P-Miss: 1.1037 | Val Max Q-Miss: 0.4408 | Val Max Gen Viol: 1.4957 | Val Max Thermal: 0.0675
Epoch 8300 | Val Loss: 142.3092 | Val Cost:   13.00 | Val Max P-Miss: 1.1079 | Val Max Q-Miss: 0.4509 | Val Max Gen Viol: 0.2222 | Val Max Thermal: 0.0000
Epoch 8310 | Val Loss: 134.0761 | Val Cost:   14.72 | Val Max P-Miss: 1.1050 | Val Max Q-Miss: 0.4358 | Val Max Gen Viol: 0.4473 | Val Max Thermal: 0.0000
Epoch 8320 | Val Loss: 132.2413 | Val Cost:   14.63 | Val Max P-Miss: 1.1040 | Val Max Q-Miss: 0.4377 | Val Max Gen Viol: 0.5377 | Val Max Thermal: 0.0000
Epoch 8330 | Val Loss: 131.0481 | Val Cost:   14.48 | Val Max P-Miss: 1.1033 | Val Max Q-Miss: 0.4401 | Val Max Gen Viol: 0.9209 | Val Max Thermal: 0.0000
Epoch 8340 | Val Loss: 130.2451 | Val Cost:   14.30 | Val Max P-Miss: 1.1030 | Val Max Q-Miss: 0.4410 | Val Max Gen Viol: 1.1928 | Val Max Thermal: 0.0000
Epoch 8350 | Val Loss: 129.6281 | Val Cost:   14.04 | Val Max P-Miss: 1.1029 | Val Max Q-Miss: 0.4411 | Val Max Gen Viol: 1.3824 | Val Max Thermal: 0.0000
Epoch 8360 | Val Loss: 129.1353 | Val Cost:   13.68 | Val Max P-Miss: 1.1029 | Val Max Q-Miss: 0.4408 | Val Max Gen Viol: 1.4992 | Val Max Thermal: 0.2674
Epoch 8370 | Val Loss: 129.0980 | Val Cost:   13.21 | Val Max P-Miss: 1.1028 | Val Max Q-Miss: 0.4393 | Val Max Gen Viol: 1.5435 | Val Max Thermal: 0.4221
Epoch 8380 | Val Loss: 129.7541 | Val Cost:   12.80 | Val Max P-Miss: 1.1028 | Val Max Q-Miss: 0.4387 | Val Max Gen Viol: 1.5639 | Val Max Thermal: 0.4915
Epoch 8390 | Val Loss: 130.2626 | Val Cost:   12.31 | Val Max P-Miss: 1.1030 | Val Max Q-Miss: 0.4385 | Val Max Gen Viol: 1.5740 | Val Max Thermal: 0.4155
Epoch 8400 | Val Loss: 131.6628 | Val Cost:   11.93 | Val Max P-Miss: 1.1031 | Val Max Q-Miss: 0.4382 | Val Max Gen Viol: 1.5247 | Val Max Thermal: 0.2926
Epoch 8410 | Val Loss: 132.4288 | Val Cost:   10.80 | Val Max P-Miss: 1.1031 | Val Max Q-Miss: 0.4383 | Val Max Gen Viol: 1.5762 | Val Max Thermal: 0.5368
Epoch 8420 | Val Loss: 133.4317 | Val Cost:   10.07 | Val Max P-Miss: 1.1030 | Val Max Q-Miss: 0.4385 | Val Max Gen Viol: 1.5840 | Val Max Thermal: 0.5687
Epoch 8430 | Val Loss: 134.4668 | Val Cost:   11.26 | Val Max P-Miss: 1.1031 | Val Max Q-Miss: 0.4386 | Val Max Gen Viol: 1.5853 | Val Max Thermal: 0.5736
Epoch 8440 | Val Loss: 134.6508 | Val Cost:   12.27 | Val Max P-Miss: 1.1036 | Val Max Q-Miss: 0.4376 | Val Max Gen Viol: 1.5851 | Val Max Thermal: 0.5698
Epoch 8450 | Val Loss: 136.2421 | Val Cost:   12.41 | Val Max P-Miss: 1.1041 | Val Max Q-Miss: 0.4368 | Val Max Gen Viol: 1.5851 | Val Max Thermal: 0.4500
Epoch 8460 | Val Loss: 135.4376 | Val Cost:   12.53 | Val Max P-Miss: 1.1038 | Val Max Q-Miss: 0.4358 | Val Max Gen Viol: 1.5688 | Val Max Thermal: 0.6640
Epoch 8470 | Val Loss: 139.3410 | Val Cost:   13.19 | Val Max P-Miss: 1.1037 | Val Max Q-Miss: 0.4328 | Val Max Gen Viol: 1.5755 | Val Max Thermal: 0.3869
Epoch 8480 | Val Loss: 186.3562 | Val Cost:   14.16 | Val Max P-Miss: 1.1095 | Val Max Q-Miss: 0.4476 | Val Max Gen Viol: 0.8189 | Val Max Thermal: 0.0000
Epoch 8490 | Val Loss: 131.3844 | Val Cost:   19.53 | Val Max P-Miss: 1.1048 | Val Max Q-Miss: 0.4357 | Val Max Gen Viol: 1.2264 | Val Max Thermal: 0.0000
Epoch 8500 | Val Loss: 129.9197 | Val Cost:   18.09 | Val Max P-Miss: 1.1050 | Val Max Q-Miss: 0.4373 | Val Max Gen Viol: 1.5635 | Val Max Thermal: 0.4875
Epoch 8510 | Val Loss: 128.7734 | Val Cost:   16.86 | Val Max P-Miss: 1.1054 | Val Max Q-Miss: 0.4378 | Val Max Gen Viol: 1.6019 | Val Max Thermal: 0.6362
Epoch 8520 | Val Loss: 128.4153 | Val Cost:   16.15 | Val Max P-Miss: 1.1058 | Val Max Q-Miss: 0.4355 | Val Max Gen Viol: 1.6060 | Val Max Thermal: 0.6492
Epoch 8530 | Val Loss: 130.4272 | Val Cost:   16.85 | Val Max P-Miss: 1.1063 | Val Max Q-Miss: 0.4347 | Val Max Gen Viol: 1.5883 | Val Max Thermal: 0.5700
Epoch 8540 | Val Loss: 129.3973 | Val Cost:   16.31 | Val Max P-Miss: 1.1052 | Val Max Q-Miss: 0.4377 | Val Max Gen Viol: 1.5816 | Val Max Thermal: 0.5718
Epoch 8550 | Val Loss: 129.6060 | Val Cost:   16.14 | Val Max P-Miss: 1.1031 | Val Max Q-Miss: 0.4391 | Val Max Gen Viol: 1.5526 | Val Max Thermal: 0.2563
Epoch 8560 | Val Loss: 132.1449 | Val Cost:   16.90 | Val Max P-Miss: 1.1031 | Val Max Q-Miss: 0.4389 | Val Max Gen Viol: 1.5882 | Val Max Thermal: 0.5358
Epoch 8570 | Val Loss: 132.2646 | Val Cost:   16.96 | Val Max P-Miss: 1.1033 | Val Max Q-Miss: 0.4386 | Val Max Gen Viol: 1.6023 | Val Max Thermal: 0.5791
Epoch 8580 | Val Loss: 132.2744 | Val Cost:   16.94 | Val Max P-Miss: 1.1036 | Val Max Q-Miss: 0.4388 | Val Max Gen Viol: 1.5786 | Val Max Thermal: 0.5855
Epoch 8590 | Val Loss: 134.1365 | Val Cost:   17.43 | Val Max P-Miss: 1.1038 | Val Max Q-Miss: 0.4387 | Val Max Gen Viol: 1.5646 | Val Max Thermal: 0.4993
Epoch 8600 | Val Loss: 615.1738 | Val Cost:  -48.97 | Val Max P-Miss: 1.1348 | Val Max Q-Miss: 0.3988 | Val Max Gen Viol: 0.1237 | Val Max Thermal: 0.0000
Epoch 8610 | Val Loss: 157.4832 | Val Cost:   25.94 | Val Max P-Miss: 1.1064 | Val Max Q-Miss: 0.4453 | Val Max Gen Viol: 0.0997 | Val Max Thermal: 0.0000
Epoch 8620 | Val Loss: 141.6901 | Val Cost:   17.27 | Val Max P-Miss: 1.1033 | Val Max Q-Miss: 0.4436 | Val Max Gen Viol: 0.2884 | Val Max Thermal: 0.0000
Epoch 8630 | Val Loss: 139.4901 | Val Cost:   17.33 | Val Max P-Miss: 1.1021 | Val Max Q-Miss: 0.4456 | Val Max Gen Viol: 0.8664 | Val Max Thermal: 0.0000
Epoch 8640 | Val Loss: 138.7854 | Val Cost:   17.42 | Val Max P-Miss: 1.1021 | Val Max Q-Miss: 0.4440 | Val Max Gen Viol: 1.2271 | Val Max Thermal: 0.0000
Epoch 8650 | Val Loss: 138.3270 | Val Cost:   17.44 | Val Max P-Miss: 1.1024 | Val Max Q-Miss: 0.4421 | Val Max Gen Viol: 1.4033 | Val Max Thermal: 0.0000
Epoch 8660 | Val Loss: 137.9826 | Val Cost:   17.44 | Val Max P-Miss: 1.1026 | Val Max Q-Miss: 0.4406 | Val Max Gen Viol: 1.4909 | Val Max Thermal: 0.2339
Epoch 8670 | Val Loss: 137.7034 | Val Cost:   17.42 | Val Max P-Miss: 1.1029 | Val Max Q-Miss: 0.4393 | Val Max Gen Viol: 1.5223 | Val Max Thermal: 0.3448
Epoch 8680 | Val Loss: 137.4677 | Val Cost:   17.39 | Val Max P-Miss: 1.1032 | Val Max Q-Miss: 0.4385 | Val Max Gen Viol: 1.5398 | Val Max Thermal: 0.4066
Epoch 8690 | Val Loss: 137.2947 | Val Cost:   17.37 | Val Max P-Miss: 1.1033 | Val Max Q-Miss: 0.4379 | Val Max Gen Viol: 1.5511 | Val Max Thermal: 0.4479
Epoch 8700 | Val Loss: 134.8575 | Val Cost:   16.64 | Val Max P-Miss: 1.1039 | Val Max Q-Miss: 0.4376 | Val Max Gen Viol: 1.4403 | Val Max Thermal: 0.0000
Epoch 8710 | Val Loss: 132.7148 | Val Cost:   16.17 | Val Max P-Miss: 1.1041 | Val Max Q-Miss: 0.4376 | Val Max Gen Viol: 1.5399 | Val Max Thermal: 0.4185
Epoch 8720 | Val Loss: 131.9780 | Val Cost:   15.96 | Val Max P-Miss: 1.1041 | Val Max Q-Miss: 0.4371 | Val Max Gen Viol: 1.5603 | Val Max Thermal: 0.4818
Epoch 8730 | Val Loss: 131.5350 | Val Cost:   15.85 | Val Max P-Miss: 1.1044 | Val Max Q-Miss: 0.4371 | Val Max Gen Viol: 1.5654 | Val Max Thermal: 0.5020
Epoch 8740 | Val Loss: 130.9567 | Val Cost:   15.68 | Val Max P-Miss: 1.1047 | Val Max Q-Miss: 0.4372 | Val Max Gen Viol: 1.5697 | Val Max Thermal: 0.5136
Epoch 8750 | Val Loss: 130.5046 | Val Cost:   15.41 | Val Max P-Miss: 1.1046 | Val Max Q-Miss: 0.4372 | Val Max Gen Viol: 1.5732 | Val Max Thermal: 0.2901
Epoch 8760 | Val Loss: 129.6046 | Val Cost:   15.20 | Val Max P-Miss: 1.1029 | Val Max Q-Miss: 0.4375 | Val Max Gen Viol: 1.5593 | Val Max Thermal: 0.5961
Epoch 8770 | Val Loss: 130.5903 | Val Cost:   15.54 | Val Max P-Miss: 1.1032 | Val Max Q-Miss: 0.4370 | Val Max Gen Viol: 1.5546 | Val Max Thermal: 0.3569
Epoch 8780 | Val Loss: 131.3404 | Val Cost:   15.75 | Val Max P-Miss: 1.1041 | Val Max Q-Miss: 0.4372 | Val Max Gen Viol: 1.5529 | Val Max Thermal: 0.4889
Epoch 8790 | Val Loss: 131.7588 | Val Cost:   15.87 | Val Max P-Miss: 1.1041 | Val Max Q-Miss: 0.4380 | Val Max Gen Viol: 1.5347 | Val Max Thermal: 0.3715
Epoch 8800 | Val Loss: 132.5294 | Val Cost:   16.04 | Val Max P-Miss: 1.1042 | Val Max Q-Miss: 0.4385 | Val Max Gen Viol: 1.5266 | Val Max Thermal: 0.4522
Epoch 8810 | Val Loss: 135.2023 | Val Cost:   16.28 | Val Max P-Miss: 1.1039 | Val Max Q-Miss: 0.4357 | Val Max Gen Viol: 1.5440 | Val Max Thermal: 0.5921
Epoch 8820 | Val Loss: 136.6587 | Val Cost:   16.92 | Val Max P-Miss: 1.1043 | Val Max Q-Miss: 0.4357 | Val Max Gen Viol: 1.5451 | Val Max Thermal: 0.3987
Epoch 8830 | Val Loss: 131.5407 | Val Cost:   15.60 | Val Max P-Miss: 1.1053 | Val Max Q-Miss: 0.4339 | Val Max Gen Viol: 1.5032 | Val Max Thermal: 0.5713
Epoch 8840 | Val Loss: 131.8833 | Val Cost:   15.99 | Val Max P-Miss: 1.1042 | Val Max Q-Miss: 0.4350 | Val Max Gen Viol: 1.4898 | Val Max Thermal: 0.2417
Epoch 8850 | Val Loss: 963.3935 | Val Cost:  -33.77 | Val Max P-Miss: 1.0547 | Val Max Q-Miss: 0.6536 | Val Max Gen Viol: 0.0569 | Val Max Thermal: 0.0000
Epoch 8860 | Val Loss: 162.0237 | Val Cost:  -22.50 | Val Max P-Miss: 1.1135 | Val Max Q-Miss: 0.4771 | Val Max Gen Viol: 0.0913 | Val Max Thermal: 0.0000
Epoch 8870 | Val Loss: 139.9390 | Val Cost:  -15.56 | Val Max P-Miss: 1.1054 | Val Max Q-Miss: 0.4466 | Val Max Gen Viol: 0.1504 | Val Max Thermal: 0.0000
Epoch 8880 | Val Loss: 138.2952 | Val Cost:  -15.19 | Val Max P-Miss: 1.1055 | Val Max Q-Miss: 0.4473 | Val Max Gen Viol: 0.2456 | Val Max Thermal: 0.0000
Epoch 8890 | Val Loss: 136.5282 | Val Cost:  -14.96 | Val Max P-Miss: 1.1055 | Val Max Q-Miss: 0.4449 | Val Max Gen Viol: 0.5418 | Val Max Thermal: 0.0000
Epoch 8900 | Val Loss: 134.9011 | Val Cost:  -14.76 | Val Max P-Miss: 1.1056 | Val Max Q-Miss: 0.4423 | Val Max Gen Viol: 0.7990 | Val Max Thermal: 0.0000
Epoch 8910 | Val Loss: 133.5778 | Val Cost:  -14.59 | Val Max P-Miss: 1.1058 | Val Max Q-Miss: 0.4406 | Val Max Gen Viol: 1.0271 | Val Max Thermal: 0.0000
Epoch 8920 | Val Loss: 132.5601 | Val Cost:  -14.44 | Val Max P-Miss: 1.1058 | Val Max Q-Miss: 0.4397 | Val Max Gen Viol: 1.2264 | Val Max Thermal: 0.0000
Epoch 8930 | Val Loss: 131.7319 | Val Cost:  -14.28 | Val Max P-Miss: 1.1057 | Val Max Q-Miss: 0.4395 | Val Max Gen Viol: 1.3968 | Val Max Thermal: 0.0000
Epoch 8940 | Val Loss: 131.0833 | Val Cost:  -14.12 | Val Max P-Miss: 1.1057 | Val Max Q-Miss: 0.4395 | Val Max Gen Viol: 1.5100 | Val Max Thermal: 0.3140
Epoch 8950 | Val Loss: 130.6595 | Val Cost:  -13.97 | Val Max P-Miss: 1.1056 | Val Max Q-Miss: 0.4394 | Val Max Gen Viol: 1.5551 | Val Max Thermal: 0.4798
Epoch 8960 | Val Loss: 135.8154 | Val Cost:  -15.29 | Val Max P-Miss: 1.1056 | Val Max Q-Miss: 0.4391 | Val Max Gen Viol: 1.3344 | Val Max Thermal: 0.0000
Epoch 8970 | Val Loss: 135.3719 | Val Cost:  -15.08 | Val Max P-Miss: 1.1056 | Val Max Q-Miss: 0.4393 | Val Max Gen Viol: 1.5733 | Val Max Thermal: 0.5385
Epoch 8980 | Val Loss: 135.0239 | Val Cost:  -14.77 | Val Max P-Miss: 1.1056 | Val Max Q-Miss: 0.4391 | Val Max Gen Viol: 1.6040 | Val Max Thermal: 0.6534
Epoch 8990 | Val Loss: 134.7282 | Val Cost:  -14.32 | Val Max P-Miss: 1.1056 | Val Max Q-Miss: 0.4390 | Val Max Gen Viol: 1.6179 | Val Max Thermal: 0.7103
Epoch 9000 | Val Loss: 134.5145 | Val Cost:  -13.60 | Val Max P-Miss: 1.1055 | Val Max Q-Miss: 0.4388 | Val Max Gen Viol: 1.6271 | Val Max Thermal: 0.7397
Epoch 9010 | Val Loss: 134.3809 | Val Cost:  -12.43 | Val Max P-Miss: 1.1056 | Val Max Q-Miss: 0.4389 | Val Max Gen Viol: 1.6332 | Val Max Thermal: 0.7663
Epoch 9020 | Val Loss: 133.8335 | Val Cost:  -10.76 | Val Max P-Miss: 1.1058 | Val Max Q-Miss: 0.4396 | Val Max Gen Viol: 1.6398 | Val Max Thermal: 0.7883
Epoch 9030 | Val Loss: 132.8204 | Val Cost:   -9.74 | Val Max P-Miss: 1.1057 | Val Max Q-Miss: 0.4394 | Val Max Gen Viol: 1.5848 | Val Max Thermal: 0.4677
Epoch 9040 | Val Loss: 132.3268 | Val Cost:  -12.21 | Val Max P-Miss: 1.1054 | Val Max Q-Miss: 0.4390 | Val Max Gen Viol: 1.5862 | Val Max Thermal: 0.8581
Epoch 9050 | Val Loss: 135.6539 | Val Cost:  -19.84 | Val Max P-Miss: 1.1050 | Val Max Q-Miss: 0.4386 | Val Max Gen Viol: 1.5969 | Val Max Thermal: 0.9796
Epoch 9060 | Val Loss: 135.1536 | Val Cost:  -19.31 | Val Max P-Miss: 1.1049 | Val Max Q-Miss: 0.4387 | Val Max Gen Viol: 1.6377 | Val Max Thermal: 0.8433
Epoch 9070 | Val Loss: 134.8462 | Val Cost:  -18.32 | Val Max P-Miss: 1.1056 | Val Max Q-Miss: 0.4413 | Val Max Gen Viol: 1.6309 | Val Max Thermal: 0.7945
Epoch 9080 | Val Loss: 133.8586 | Val Cost:  -17.51 | Val Max P-Miss: 1.1044 | Val Max Q-Miss: 0.4434 | Val Max Gen Viol: 1.6320 | Val Max Thermal: 0.7798
Epoch 9090 | Val Loss: 134.1286 | Val Cost:  -16.92 | Val Max P-Miss: 1.1032 | Val Max Q-Miss: 0.4431 | Val Max Gen Viol: 1.6192 | Val Max Thermal: 0.6827
Epoch 9100 | Val Loss: 135.8889 | Val Cost:  -16.89 | Val Max P-Miss: 1.1056 | Val Max Q-Miss: 0.4408 | Val Max Gen Viol: 1.6181 | Val Max Thermal: 1.0401
Epoch 9110 | Val Loss: 131.5981 | Val Cost:  -16.08 | Val Max P-Miss: 1.1064 | Val Max Q-Miss: 0.4387 | Val Max Gen Viol: 1.6300 | Val Max Thermal: 0.7610
Epoch 9120 | Val Loss: 156.9519 | Val Cost:  -15.97 | Val Max P-Miss: 1.1049 | Val Max Q-Miss: 0.4419 | Val Max Gen Viol: 0.2578 | Val Max Thermal: 0.0000
Epoch 9130 | Val Loss: 136.4261 | Val Cost:  -17.24 | Val Max P-Miss: 1.1061 | Val Max Q-Miss: 0.4407 | Val Max Gen Viol: 1.2023 | Val Max Thermal: 0.0000
Epoch 9140 | Val Loss: 135.7953 | Val Cost:  -17.07 | Val Max P-Miss: 1.1055 | Val Max Q-Miss: 0.4408 | Val Max Gen Viol: 1.5521 | Val Max Thermal: 0.4340
Epoch 9150 | Val Loss: 135.1846 | Val Cost:  -16.73 | Val Max P-Miss: 1.1059 | Val Max Q-Miss: 0.4406 | Val Max Gen Viol: 1.6105 | Val Max Thermal: 0.6883
Epoch 9160 | Val Loss: 134.7923 | Val Cost:  -16.60 | Val Max P-Miss: 1.1059 | Val Max Q-Miss: 0.4403 | Val Max Gen Viol: 1.6318 | Val Max Thermal: 0.7640
Epoch 9170 | Val Loss: 134.5045 | Val Cost:  -16.57 | Val Max P-Miss: 1.1058 | Val Max Q-Miss: 0.4406 | Val Max Gen Viol: 1.6437 | Val Max Thermal: 0.8387
Epoch 9180 | Val Loss: 133.7598 | Val Cost:  -16.21 | Val Max P-Miss: 1.1056 | Val Max Q-Miss: 0.4412 | Val Max Gen Viol: 1.6229 | Val Max Thermal: 0.6183
Epoch 9190 | Val Loss: 173.7842 | Val Cost:  -39.82 | Val Max P-Miss: 1.0976 | Val Max Q-Miss: 0.4229 | Val Max Gen Viol: 1.4833 | Val Max Thermal: 0.0000
Epoch 9200 | Val Loss: 316.7462 | Val Cost:    9.68 | Val Max P-Miss: 1.0018 | Val Max Q-Miss: 0.4215 | Val Max Gen Viol: 0.2324 | Val Max Thermal: 0.0000
Epoch 9210 | Val Loss: 226.9955 | Val Cost:   -3.72 | Val Max P-Miss: 1.0898 | Val Max Q-Miss: 0.3888 | Val Max Gen Viol: 0.1143 | Val Max Thermal: 0.0000
Epoch 9220 | Val Loss: 145.0912 | Val Cost:  -17.48 | Val Max P-Miss: 1.1057 | Val Max Q-Miss: 0.4383 | Val Max Gen Viol: 0.3951 | Val Max Thermal: 0.0000
Epoch 9230 | Val Loss: 142.7311 | Val Cost:  -17.15 | Val Max P-Miss: 1.1067 | Val Max Q-Miss: 0.4355 | Val Max Gen Viol: 0.5569 | Val Max Thermal: 0.0000
Epoch 9240 | Val Loss: 141.5854 | Val Cost:  -17.09 | Val Max P-Miss: 1.1066 | Val Max Q-Miss: 0.4348 | Val Max Gen Viol: 0.8889 | Val Max Thermal: 0.0000
Epoch 9250 | Val Loss: 140.7200 | Val Cost:  -17.05 | Val Max P-Miss: 1.1064 | Val Max Q-Miss: 0.4344 | Val Max Gen Viol: 1.1363 | Val Max Thermal: 0.0000
Epoch 9260 | Val Loss: 140.1384 | Val Cost:  -17.02 | Val Max P-Miss: 1.1063 | Val Max Q-Miss: 0.4343 | Val Max Gen Viol: 1.3323 | Val Max Thermal: 0.0000
Epoch 9270 | Val Loss: 136.5771 | Val Cost:  -15.98 | Val Max P-Miss: 1.1055 | Val Max Q-Miss: 0.4343 | Val Max Gen Viol: 1.2413 | Val Max Thermal: 0.0000
Epoch 9280 | Val Loss: 133.6174 | Val Cost:  -15.37 | Val Max P-Miss: 1.1056 | Val Max Q-Miss: 0.4341 | Val Max Gen Viol: 1.3863 | Val Max Thermal: 0.0000
Epoch 9290 | Val Loss: 133.5378 | Val Cost:  -15.40 | Val Max P-Miss: 1.1056 | Val Max Q-Miss: 0.4342 | Val Max Gen Viol: 1.5483 | Val Max Thermal: 0.4567
Epoch 9300 | Val Loss: 133.3945 | Val Cost:  -15.37 | Val Max P-Miss: 1.1056 | Val Max Q-Miss: 0.4345 | Val Max Gen Viol: 1.5907 | Val Max Thermal: 0.5987
Epoch 9310 | Val Loss: 133.0376 | Val Cost:  -15.31 | Val Max P-Miss: 1.1054 | Val Max Q-Miss: 0.4347 | Val Max Gen Viol: 1.6125 | Val Max Thermal: 0.6823
Epoch 9320 | Val Loss: 132.8415 | Val Cost:  -15.26 | Val Max P-Miss: 1.1053 | Val Max Q-Miss: 0.4349 | Val Max Gen Viol: 1.6269 | Val Max Thermal: 0.7469
Epoch 9330 | Val Loss: 132.7181 | Val Cost:  -15.23 | Val Max P-Miss: 1.1052 | Val Max Q-Miss: 0.4352 | Val Max Gen Viol: 1.6366 | Val Max Thermal: 0.7831
Epoch 9340 | Val Loss: 132.4999 | Val Cost:  -15.20 | Val Max P-Miss: 1.1052 | Val Max Q-Miss: 0.4352 | Val Max Gen Viol: 1.6436 | Val Max Thermal: 0.7940
Epoch 9350 | Val Loss: 132.4308 | Val Cost:  -15.15 | Val Max P-Miss: 1.1052 | Val Max Q-Miss: 0.4354 | Val Max Gen Viol: 1.6452 | Val Max Thermal: 0.9335
Epoch 9360 | Val Loss: 132.8063 | Val Cost:  -15.30 | Val Max P-Miss: 1.1051 | Val Max Q-Miss: 0.4357 | Val Max Gen Viol: 1.6450 | Val Max Thermal: 0.8623
Epoch 9370 | Val Loss: 133.3686 | Val Cost:  -15.45 | Val Max P-Miss: 1.1050 | Val Max Q-Miss: 0.4359 | Val Max Gen Viol: 1.6469 | Val Max Thermal: 0.7326
Epoch 9380 | Val Loss: 134.0085 | Val Cost:  -15.64 | Val Max P-Miss: 1.1050 | Val Max Q-Miss: 0.4362 | Val Max Gen Viol: 1.6514 | Val Max Thermal: 0.8000
Epoch 9390 | Val Loss: 135.5141 | Val Cost:  -16.06 | Val Max P-Miss: 1.1049 | Val Max Q-Miss: 0.4365 | Val Max Gen Viol: 1.6427 | Val Max Thermal: 0.7843
Epoch 9400 | Val Loss: 127.4231 | Val Cost:  -13.17 | Val Max P-Miss: 1.1044 | Val Max Q-Miss: 0.4372 | Val Max Gen Viol: 1.5859 | Val Max Thermal: 0.5945
Epoch 9410 | Val Loss: 128.5483 | Val Cost:  -14.00 | Val Max P-Miss: 1.1048 | Val Max Q-Miss: 0.4370 | Val Max Gen Viol: 1.5120 | Val Max Thermal: 0.2490
Epoch 9420 | Val Loss: 129.0060 | Val Cost:  -13.94 | Val Max P-Miss: 1.1047 | Val Max Q-Miss: 0.4374 | Val Max Gen Viol: 1.6615 | Val Max Thermal: 0.5780
Epoch 9430 | Val Loss: 129.4873 | Val Cost:  -13.90 | Val Max P-Miss: 1.1045 | Val Max Q-Miss: 0.4376 | Val Max Gen Viol: 1.6529 | Val Max Thermal: 0.4333
Epoch 9440 | Val Loss: 127.8740 | Val Cost:  -13.81 | Val Max P-Miss: 1.1048 | Val Max Q-Miss: 0.4371 | Val Max Gen Viol: 1.5959 | Val Max Thermal: 0.6282
Epoch 9450 | Val Loss: 127.4248 | Val Cost:  -13.63 | Val Max P-Miss: 1.1047 | Val Max Q-Miss: 0.4373 | Val Max Gen Viol: 1.6005 | Val Max Thermal: 0.5953
Epoch 9460 | Val Loss: 126.1829 | Val Cost:  -13.19 | Val Max P-Miss: 1.1047 | Val Max Q-Miss: 0.4378 | Val Max Gen Viol: 1.6054 | Val Max Thermal: 0.7286 [*SAVED BEST*]
Epoch 9470 | Val Loss: 136.4821 | Val Cost:  -14.00 | Val Max P-Miss: 1.1046 | Val Max Q-Miss: 0.4424 | Val Max Gen Viol: 1.5074 | Val Max Thermal: 0.1965
Epoch 9480 | Val Loss: 130.1972 | Val Cost:  -13.87 | Val Max P-Miss: 1.1045 | Val Max Q-Miss: 0.4378 | Val Max Gen Viol: 1.6420 | Val Max Thermal: 0.4225
Epoch 9490 | Val Loss: 129.4331 | Val Cost:  -13.79 | Val Max P-Miss: 1.1045 | Val Max Q-Miss: 0.4384 | Val Max Gen Viol: 1.6118 | Val Max Thermal: 0.8954
Epoch 9500 | Val Loss: 134.5748 | Val Cost:  -14.17 | Val Max P-Miss: 1.1041 | Val Max Q-Miss: 0.4382 | Val Max Gen Viol: 1.5929 | Val Max Thermal: 0.2414
Epoch 9510 | Val Loss: 127.3732 | Val Cost:  -12.69 | Val Max P-Miss: 1.1036 | Val Max Q-Miss: 0.4399 | Val Max Gen Viol: 1.4076 | Val Max Thermal: 0.0000
Epoch 9520 | Val Loss: 123.7806 | Val Cost:  -11.28 | Val Max P-Miss: 1.1043 | Val Max Q-Miss: 0.4394 | Val Max Gen Viol: 1.6164 | Val Max Thermal: 0.7082 [*SAVED BEST*]
Epoch 9530 | Val Loss: 609.5695 | Val Cost:   -8.00 | Val Max P-Miss: 0.9876 | Val Max Q-Miss: 0.4877 | Val Max Gen Viol: 0.1622 | Val Max Thermal: 0.0000
Epoch 9540 | Val Loss: 135.9816 | Val Cost:  -13.84 | Val Max P-Miss: 1.1133 | Val Max Q-Miss: 0.4437 | Val Max Gen Viol: 0.1811 | Val Max Thermal: 0.0000
Epoch 9550 | Val Loss: 136.5893 | Val Cost:  -14.22 | Val Max P-Miss: 1.1053 | Val Max Q-Miss: 0.4403 | Val Max Gen Viol: 0.3060 | Val Max Thermal: 0.0000
Epoch 9560 | Val Loss: 135.6640 | Val Cost:  -13.91 | Val Max P-Miss: 1.1047 | Val Max Q-Miss: 0.4397 | Val Max Gen Viol: 0.3893 | Val Max Thermal: 0.0000
Epoch 9570 | Val Loss: 134.4245 | Val Cost:  -13.44 | Val Max P-Miss: 1.1048 | Val Max Q-Miss: 0.4403 | Val Max Gen Viol: 0.4486 | Val Max Thermal: 0.0000
Epoch 9580 | Val Loss: 133.3688 | Val Cost:  -12.72 | Val Max P-Miss: 1.1048 | Val Max Q-Miss: 0.4405 | Val Max Gen Viol: 0.4855 | Val Max Thermal: 0.0000
Epoch 9590 | Val Loss: 132.4224 | Val Cost:  -12.20 | Val Max P-Miss: 1.1050 | Val Max Q-Miss: 0.4404 | Val Max Gen Viol: 0.6920 | Val Max Thermal: 0.0000
Epoch 9600 | Val Loss: 131.6393 | Val Cost:  -14.80 | Val Max P-Miss: 1.1051 | Val Max Q-Miss: 0.4398 | Val Max Gen Viol: 0.9054 | Val Max Thermal: 0.0000
Epoch 9610 | Val Loss: 131.2447 | Val Cost:  -17.06 | Val Max P-Miss: 1.1052 | Val Max Q-Miss: 0.4392 | Val Max Gen Viol: 1.0952 | Val Max Thermal: 0.0000
Epoch 9620 | Val Loss: 130.8856 | Val Cost:  -16.01 | Val Max P-Miss: 1.1052 | Val Max Q-Miss: 0.4388 | Val Max Gen Viol: 1.2699 | Val Max Thermal: 0.0000
Epoch 9630 | Val Loss: 130.7785 | Val Cost:  -15.69 | Val Max P-Miss: 1.1052 | Val Max Q-Miss: 0.4389 | Val Max Gen Viol: 1.4296 | Val Max Thermal: 0.0388
Epoch 9640 | Val Loss: 130.9259 | Val Cost:  -15.53 | Val Max P-Miss: 1.1051 | Val Max Q-Miss: 0.4386 | Val Max Gen Viol: 1.5395 | Val Max Thermal: 0.4490
Epoch 9650 | Val Loss: 130.8339 | Val Cost:  -15.50 | Val Max P-Miss: 1.1050 | Val Max Q-Miss: 0.4387 | Val Max Gen Viol: 1.5952 | Val Max Thermal: 0.5881
Epoch 9660 | Val Loss: 130.7406 | Val Cost:  -15.43 | Val Max P-Miss: 1.1049 | Val Max Q-Miss: 0.4388 | Val Max Gen Viol: 1.6266 | Val Max Thermal: 0.7150
Epoch 9670 | Val Loss: 130.6437 | Val Cost:  -15.36 | Val Max P-Miss: 1.1047 | Val Max Q-Miss: 0.4391 | Val Max Gen Viol: 1.6471 | Val Max Thermal: 0.7955
Epoch 9680 | Val Loss: 130.5828 | Val Cost:  -15.35 | Val Max P-Miss: 1.1046 | Val Max Q-Miss: 0.4393 | Val Max Gen Viol: 1.6611 | Val Max Thermal: 0.8518
Epoch 9690 | Val Loss: 130.7261 | Val Cost:  -15.38 | Val Max P-Miss: 1.1043 | Val Max Q-Miss: 0.4395 | Val Max Gen Viol: 1.6708 | Val Max Thermal: 0.8906
Epoch 9700 | Val Loss: 130.8656 | Val Cost:  -15.42 | Val Max P-Miss: 1.1043 | Val Max Q-Miss: 0.4398 | Val Max Gen Viol: 1.6793 | Val Max Thermal: 0.9184
Epoch 9710 | Val Loss: 130.9163 | Val Cost:  -15.45 | Val Max P-Miss: 1.1040 | Val Max Q-Miss: 0.4400 | Val Max Gen Viol: 1.6878 | Val Max Thermal: 0.9599
Epoch 9720 | Val Loss: 131.0602 | Val Cost:  -15.49 | Val Max P-Miss: 1.1038 | Val Max Q-Miss: 0.4402 | Val Max Gen Viol: 1.6944 | Val Max Thermal: 0.9857
Epoch 9730 | Val Loss: 131.1338 | Val Cost:  -15.51 | Val Max P-Miss: 1.1038 | Val Max Q-Miss: 0.4405 | Val Max Gen Viol: 1.6993 | Val Max Thermal: 1.0026
Epoch 9740 | Val Loss: 131.1554 | Val Cost:  -15.54 | Val Max P-Miss: 1.1037 | Val Max Q-Miss: 0.4410 | Val Max Gen Viol: 1.7031 | Val Max Thermal: 1.0183
Epoch 9750 | Val Loss: 131.1504 | Val Cost:  -15.58 | Val Max P-Miss: 1.1035 | Val Max Q-Miss: 0.4414 | Val Max Gen Viol: 1.7066 | Val Max Thermal: 1.0332
Epoch 9760 | Val Loss: 130.8247 | Val Cost:  -16.83 | Val Max P-Miss: 1.1034 | Val Max Q-Miss: 0.4418 | Val Max Gen Viol: 1.7097 | Val Max Thermal: 1.0445
Epoch 9770 | Val Loss: 432.7768 | Val Cost:  -14.77 | Val Max P-Miss: 1.1159 | Val Max Q-Miss: 0.7800 | Val Max Gen Viol: 0.4323 | Val Max Thermal: 0.0000
Epoch 9780 | Val Loss: 153.1530 | Val Cost:  -19.98 | Val Max P-Miss: 1.1051 | Val Max Q-Miss: 0.4462 | Val Max Gen Viol: 0.1221 | Val Max Thermal: 0.0000
Epoch 9790 | Val Loss: 143.0007 | Val Cost:  -17.01 | Val Max P-Miss: 1.1038 | Val Max Q-Miss: 0.4470 | Val Max Gen Viol: 0.4311 | Val Max Thermal: 0.0000
Epoch 9800 | Val Loss: 140.7727 | Val Cost:  -16.85 | Val Max P-Miss: 1.1033 | Val Max Q-Miss: 0.4474 | Val Max Gen Viol: 0.6089 | Val Max Thermal: 0.0000
Epoch 9810 | Val Loss: 139.4924 | Val Cost:  -16.72 | Val Max P-Miss: 1.1031 | Val Max Q-Miss: 0.4458 | Val Max Gen Viol: 0.8686 | Val Max Thermal: 0.0000
Epoch 9820 | Val Loss: 138.5545 | Val Cost:  -16.59 | Val Max P-Miss: 1.1031 | Val Max Q-Miss: 0.4441 | Val Max Gen Viol: 1.0739 | Val Max Thermal: 0.0000
Epoch 9830 | Val Loss: 137.4201 | Val Cost:  -16.43 | Val Max P-Miss: 1.1032 | Val Max Q-Miss: 0.4435 | Val Max Gen Viol: 1.2264 | Val Max Thermal: 0.0000
Epoch 9840 | Val Loss: 136.9753 | Val Cost:  -16.35 | Val Max P-Miss: 1.1033 | Val Max Q-Miss: 0.4428 | Val Max Gen Viol: 1.3481 | Val Max Thermal: 0.0000
Epoch 9850 | Val Loss: 136.5353 | Val Cost:  -16.24 | Val Max P-Miss: 1.1035 | Val Max Q-Miss: 0.4422 | Val Max Gen Viol: 1.4434 | Val Max Thermal: 0.0753
Epoch 9860 | Val Loss: 136.0934 | Val Cost:  -16.08 | Val Max P-Miss: 1.1035 | Val Max Q-Miss: 0.4420 | Val Max Gen Viol: 1.4954 | Val Max Thermal: 0.2493
Epoch 9870 | Val Loss: 135.7671 | Val Cost:  -15.91 | Val Max P-Miss: 1.1036 | Val Max Q-Miss: 0.4421 | Val Max Gen Viol: 1.5201 | Val Max Thermal: 0.3391
Epoch 9880 | Val Loss: 134.6532 | Val Cost:  -15.66 | Val Max P-Miss: 1.1036 | Val Max Q-Miss: 0.4422 | Val Max Gen Viol: 1.5360 | Val Max Thermal: 0.3961
Epoch 9890 | Val Loss: 134.7995 | Val Cost:  -15.50 | Val Max P-Miss: 1.1039 | Val Max Q-Miss: 0.4424 | Val Max Gen Viol: 1.5494 | Val Max Thermal: 0.4720
Epoch 9900 | Val Loss: 133.9313 | Val Cost:  -15.25 | Val Max P-Miss: 1.1040 | Val Max Q-Miss: 0.4438 | Val Max Gen Viol: 1.5325 | Val Max Thermal: 0.5074
Epoch 9910 | Val Loss: 133.3497 | Val Cost:  -15.19 | Val Max P-Miss: 1.1033 | Val Max Q-Miss: 0.4417 | Val Max Gen Viol: 1.5231 | Val Max Thermal: 0.5038
Epoch 9920 | Val Loss: 137.2980 | Val Cost:  -15.69 | Val Max P-Miss: 1.1017 | Val Max Q-Miss: 0.4373 | Val Max Gen Viol: 1.5352 | Val Max Thermal: 0.1946
Epoch 9930 | Val Loss: 141.7751 | Val Cost:  -16.66 | Val Max P-Miss: 1.1014 | Val Max Q-Miss: 0.4397 | Val Max Gen Viol: 1.5443 | Val Max Thermal: 0.5069
Epoch 9940 | Val Loss: 135.8004 | Val Cost:  -13.82 | Val Max P-Miss: 1.1111 | Val Max Q-Miss: 0.4354 | Val Max Gen Viol: 0.5318 | Val Max Thermal: 0.0000
Epoch 9950 | Val Loss: 130.1870 | Val Cost:  -13.04 | Val Max P-Miss: 1.1030 | Val Max Q-Miss: 0.4382 | Val Max Gen Viol: 1.0509 | Val Max Thermal: 0.0000
Epoch 9960 | Val Loss: 130.2351 | Val Cost:  -12.43 | Val Max P-Miss: 1.1026 | Val Max Q-Miss: 0.4389 | Val Max Gen Viol: 1.4375 | Val Max Thermal: 0.0525
Epoch 9970 | Val Loss: 132.5065 | Val Cost:  -10.95 | Val Max P-Miss: 1.1048 | Val Max Q-Miss: 0.4389 | Val Max Gen Viol: 1.5519 | Val Max Thermal: 0.4557
Epoch 9980 | Val Loss: 132.0842 | Val Cost:  -10.10 | Val Max P-Miss: 1.1045 | Val Max Q-Miss: 0.4387 | Val Max Gen Viol: 1.5705 | Val Max Thermal: 0.5252
Epoch 9990 | Val Loss: 131.9487 | Val Cost:   -9.85 | Val Max P-Miss: 1.1034 | Val Max Q-Miss: 0.4399 | Val Max Gen Viol: 1.5873 | Val Max Thermal: 0.5917

==================================================
Training Complete!
Total Training Time: 00h 10m 01.31s
Best model weights saved to: ./model/best_rahul_model_pglib_opf_case14_ieee_10000epochs.pth
==================================================

