Job: acopf_ISS
Executing: ACOPF_FSNet.py --case_name pglib_opf_case14_ieee --epochs 10000
Node: issnode1
GPU Allocated: 0
CUDA Hardware Acceleration Active: NVIDIA GeForce RTX 4090
Problem Geometry Linked -> Matrix Samples: 10000

Beginning execution of parallelized training matrix loops for FSNet...
Epoch    0 | Val Loss: 430.1253 | Val Cost:  427.10 | Val Max P-Miss: 0.9610 | Val Max Q-Miss: 0.8839 | Val Max Gen Viol: 0.0000 | Val Max Thermal: 0.0000 [*SAVED BEST*]
Epoch   10 | Val Loss: 2.6424 | Val Cost:    0.00 | Val Max P-Miss: 1.1074 | Val Max Q-Miss: 0.7541 | Val Max Gen Viol: 0.0000 | Val Max Thermal: 0.0000 [*SAVED BEST*]
Epoch   20 | Val Loss: 2.1384 | Val Cost:    0.00 | Val Max P-Miss: 1.0665 | Val Max Q-Miss: 0.4611 | Val Max Gen Viol: 0.0000 | Val Max Thermal: 0.0000 [*SAVED BEST*]
Epoch   30 | Val Loss: 1.8521 | Val Cost:    0.04 | Val Max P-Miss: 0.9084 | Val Max Q-Miss: 0.3873 | Val Max Gen Viol: 0.0000 | Val Max Thermal: 0.0000 [*SAVED BEST*]
Epoch   40 | Val Loss: 1.9161 | Val Cost:    0.05 | Val Max P-Miss: 1.1019 | Val Max Q-Miss: 0.2672 | Val Max Gen Viol: 0.0000 | Val Max Thermal: 0.0000
Epoch   50 | Val Loss: 1.7077 | Val Cost:    0.05 | Val Max P-Miss: 0.9086 | Val Max Q-Miss: 0.3131 | Val Max Gen Viol: 0.0000 | Val Max Thermal: 0.0000 [*SAVED BEST*]
Epoch   60 | Val Loss: 1.6611 | Val Cost:    0.03 | Val Max P-Miss: 0.8928 | Val Max Q-Miss: 0.3760 | Val Max Gen Viol: 0.0000 | Val Max Thermal: 0.0000 [*SAVED BEST*]
Epoch   70 | Val Loss: 1.1843 | Val Cost:    0.04 | Val Max P-Miss: 0.4160 | Val Max Q-Miss: 0.2114 | Val Max Gen Viol: 0.0000 | Val Max Thermal: 0.0000 [*SAVED BEST*]
Epoch   80 | Val Loss: 1.5447 | Val Cost:    0.07 | Val Max P-Miss: 0.7419 | Val Max Q-Miss: 0.1949 | Val Max Gen Viol: 0.0000 | Val Max Thermal: 0.0000
Epoch   90 | Val Loss: 1.4207 | Val Cost:    0.04 | Val Max P-Miss: 0.5830 | Val Max Q-Miss: 0.3989 | Val Max Gen Viol: 0.0000 | Val Max Thermal: 0.0000
Epoch  100 | Val Loss: 1.3583 | Val Cost:    0.04 | Val Max P-Miss: 0.4982 | Val Max Q-Miss: 0.4902 | Val Max Gen Viol: 0.0000 | Val Max Thermal: 0.0000
Epoch  110 | Val Loss: 1.2936 | Val Cost:    0.04 | Val Max P-Miss: 0.3956 | Val Max Q-Miss: 0.5481 | Val Max Gen Viol: 0.0000 | Val Max Thermal: 0.0000
Epoch  120 | Val Loss: 1.1808 | Val Cost:    0.03 | Val Max P-Miss: 0.2981 | Val Max Q-Miss: 0.5874 | Val Max Gen Viol: 0.0000 | Val Max Thermal: 0.0000 [*SAVED BEST*]
Epoch  130 | Val Loss: 1.8482 | Val Cost:    0.07 | Val Max P-Miss: 0.9869 | Val Max Q-Miss: 0.1483 | Val Max Gen Viol: 0.0000 | Val Max Thermal: 0.0000
Epoch  140 | Val Loss: 1.1956 | Val Cost:    0.02 | Val Max P-Miss: 0.3913 | Val Max Q-Miss: 0.3409 | Val Max Gen Viol: 0.0000 | Val Max Thermal: 0.0000
Epoch  150 | Val Loss: 1.1928 | Val Cost:    0.03 | Val Max P-Miss: 0.5264 | Val Max Q-Miss: 0.2759 | Val Max Gen Viol: 0.0000 | Val Max Thermal: 0.0000
Epoch  160 | Val Loss: 1.4641 | Val Cost:    0.07 | Val Max P-Miss: 0.8107 | Val Max Q-Miss: 0.2588 | Val Max Gen Viol: 0.0000 | Val Max Thermal: 0.0000
Epoch  170 | Val Loss: 0.8942 | Val Cost:    0.03 | Val Max P-Miss: 0.5596 | Val Max Q-Miss: 0.1241 | Val Max Gen Viol: 0.0000 | Val Max Thermal: 0.0000 [*SAVED BEST*]
Epoch  180 | Val Loss: 0.8541 | Val Cost:    0.02 | Val Max P-Miss: 0.5573 | Val Max Q-Miss: 0.1124 | Val Max Gen Viol: 0.0000 | Val Max Thermal: 0.0000 [*SAVED BEST*]
Epoch  190 | Val Loss: 0.7868 | Val Cost:    0.02 | Val Max P-Miss: 0.5353 | Val Max Q-Miss: 0.1086 | Val Max Gen Viol: 0.0000 | Val Max Thermal: 0.0000 [*SAVED BEST*]
Epoch  200 | Val Loss: 0.8358 | Val Cost:    0.02 | Val Max P-Miss: 0.5754 | Val Max Q-Miss: 0.1253 | Val Max Gen Viol: 0.0000 | Val Max Thermal: 0.0000
Epoch  210 | Val Loss: 0.7998 | Val Cost:    0.02 | Val Max P-Miss: 0.5857 | Val Max Q-Miss: 0.1218 | Val Max Gen Viol: 0.0000 | Val Max Thermal: 0.0000
Epoch  220 | Val Loss: 0.7101 | Val Cost:    0.02 | Val Max P-Miss: 0.5699 | Val Max Q-Miss: 0.1132 | Val Max Gen Viol: 0.0000 | Val Max Thermal: 0.0000 [*SAVED BEST*]
Epoch  230 | Val Loss: 0.5897 | Val Cost:    0.01 | Val Max P-Miss: 0.4801 | Val Max Q-Miss: 0.0824 | Val Max Gen Viol: 0.0000 | Val Max Thermal: 0.0000 [*SAVED BEST*]
Epoch  240 | Val Loss: 0.6983 | Val Cost:    0.02 | Val Max P-Miss: 0.5952 | Val Max Q-Miss: 0.1203 | Val Max Gen Viol: 0.0000 | Val Max Thermal: 0.0000
Epoch  250 | Val Loss: 0.6979 | Val Cost:    0.02 | Val Max P-Miss: 0.6067 | Val Max Q-Miss: 0.1322 | Val Max Gen Viol: 0.0000 | Val Max Thermal: 0.0000
Epoch  260 | Val Loss: 0.6613 | Val Cost:    0.01 | Val Max P-Miss: 0.5818 | Val Max Q-Miss: 0.1196 | Val Max Gen Viol: 0.0000 | Val Max Thermal: 0.0000
Epoch  270 | Val Loss: 0.6137 | Val Cost:    0.01 | Val Max P-Miss: 0.5436 | Val Max Q-Miss: 0.1042 | Val Max Gen Viol: 0.0000 | Val Max Thermal: 0.0000
Epoch  280 | Val Loss: 0.6018 | Val Cost:    0.01 | Val Max P-Miss: 0.5474 | Val Max Q-Miss: 0.1021 | Val Max Gen Viol: 0.0000 | Val Max Thermal: 0.0000
Epoch  290 | Val Loss: 0.9804 | Val Cost:    0.04 | Val Max P-Miss: 0.5544 | Val Max Q-Miss: 0.2533 | Val Max Gen Viol: 0.0000 | Val Max Thermal: 0.0000
Epoch  300 | Val Loss: 0.6212 | Val Cost:    0.01 | Val Max P-Miss: 0.4063 | Val Max Q-Miss: 0.1597 | Val Max Gen Viol: 0.0000 | Val Max Thermal: 0.0000
Epoch  310 | Val Loss: 0.6115 | Val Cost:    0.02 | Val Max P-Miss: 0.6039 | Val Max Q-Miss: 0.1382 | Val Max Gen Viol: 0.0000 | Val Max Thermal: 0.0000
Epoch  320 | Val Loss: 0.5141 | Val Cost:    0.01 | Val Max P-Miss: 0.5139 | Val Max Q-Miss: 0.1017 | Val Max Gen Viol: 0.0000 | Val Max Thermal: 0.0000 [*SAVED BEST*]
Epoch  330 | Val Loss: 0.8449 | Val Cost:    0.02 | Val Max P-Miss: 0.5092 | Val Max Q-Miss: 0.1506 | Val Max Gen Viol: 0.0000 | Val Max Thermal: 0.0000
Epoch  340 | Val Loss: 0.6556 | Val Cost:    0.02 | Val Max P-Miss: 0.4734 | Val Max Q-Miss: 0.0573 | Val Max Gen Viol: 0.0000 | Val Max Thermal: 0.0000
Epoch  350 | Val Loss: 0.5088 | Val Cost:    0.01 | Val Max P-Miss: 0.4746 | Val Max Q-Miss: 0.0848 | Val Max Gen Viol: 0.0000 | Val Max Thermal: 0.0000 [*SAVED BEST*]
Epoch  360 | Val Loss: 0.4963 | Val Cost:    0.01 | Val Max P-Miss: 0.4500 | Val Max Q-Miss: 0.0787 | Val Max Gen Viol: 0.0000 | Val Max Thermal: 0.0000 [*SAVED BEST*]
Epoch  370 | Val Loss: 0.4879 | Val Cost:    0.01 | Val Max P-Miss: 0.4574 | Val Max Q-Miss: 0.0787 | Val Max Gen Viol: 0.0000 | Val Max Thermal: 0.0000 [*SAVED BEST*]
Epoch  380 | Val Loss: 0.4691 | Val Cost:    0.01 | Val Max P-Miss: 0.4535 | Val Max Q-Miss: 0.0742 | Val Max Gen Viol: 0.0000 | Val Max Thermal: 0.0000 [*SAVED BEST*]
Epoch  390 | Val Loss: 0.4257 | Val Cost:    0.01 | Val Max P-Miss: 0.3909 | Val Max Q-Miss: 0.0556 | Val Max Gen Viol: 0.0000 | Val Max Thermal: 0.0000 [*SAVED BEST*]
Epoch  400 | Val Loss: 0.4538 | Val Cost:    0.01 | Val Max P-Miss: 0.4320 | Val Max Q-Miss: 0.0666 | Val Max Gen Viol: 0.0000 | Val Max Thermal: 0.0000
Epoch  410 | Val Loss: 0.4150 | Val Cost:    0.01 | Val Max P-Miss: 0.3784 | Val Max Q-Miss: 0.0513 | Val Max Gen Viol: 0.0000 | Val Max Thermal: 0.0000 [*SAVED BEST*]
Epoch  420 | Val Loss: 0.4352 | Val Cost:    0.01 | Val Max P-Miss: 0.4064 | Val Max Q-Miss: 0.0570 | Val Max Gen Viol: 0.0000 | Val Max Thermal: 0.0000
Epoch  430 | Val Loss: 0.4265 | Val Cost:    0.01 | Val Max P-Miss: 0.3988 | Val Max Q-Miss: 0.0546 | Val Max Gen Viol: 0.0000 | Val Max Thermal: 0.0000
Epoch  440 | Val Loss: 0.4130 | Val Cost:    0.01 | Val Max P-Miss: 0.3776 | Val Max Q-Miss: 0.0494 | Val Max Gen Viol: 0.0000 | Val Max Thermal: 0.0000 [*SAVED BEST*]
Epoch  450 | Val Loss: 0.4315 | Val Cost:    0.01 | Val Max P-Miss: 0.4113 | Val Max Q-Miss: 0.0620 | Val Max Gen Viol: 0.0000 | Val Max Thermal: 0.0000
Epoch  460 | Val Loss: 0.4325 | Val Cost:    0.00 | Val Max P-Miss: 0.4146 | Val Max Q-Miss: 0.0637 | Val Max Gen Viol: 0.0000 | Val Max Thermal: 0.0000
Epoch  470 | Val Loss: 0.4346 | Val Cost:    0.00 | Val Max P-Miss: 0.4085 | Val Max Q-Miss: 0.0662 | Val Max Gen Viol: 0.0000 | Val Max Thermal: 0.0000
Epoch  480 | Val Loss: 0.4307 | Val Cost:    0.00 | Val Max P-Miss: 0.3978 | Val Max Q-Miss: 0.0627 | Val Max Gen Viol: 0.0000 | Val Max Thermal: 0.0000
Epoch  490 | Val Loss: 1.0085 | Val Cost:    0.05 | Val Max P-Miss: 0.6750 | Val Max Q-Miss: 0.3779 | Val Max Gen Viol: 0.0000 | Val Max Thermal: 0.0000
Epoch  500 | Val Loss: 0.4946 | Val Cost:    0.01 | Val Max P-Miss: 0.3587 | Val Max Q-Miss: 0.0748 | Val Max Gen Viol: 0.0000 | Val Max Thermal: 0.0000
Epoch  510 | Val Loss: 0.4560 | Val Cost:    0.00 | Val Max P-Miss: 0.3419 | Val Max Q-Miss: 0.1071 | Val Max Gen Viol: 0.0000 | Val Max Thermal: 0.0000
Epoch  520 | Val Loss: 0.4358 | Val Cost:    0.01 | Val Max P-Miss: 0.3486 | Val Max Q-Miss: 0.0754 | Val Max Gen Viol: 0.0000 | Val Max Thermal: 0.0000
Epoch  530 | Val Loss: 0.4199 | Val Cost:    0.00 | Val Max P-Miss: 0.3970 | Val Max Q-Miss: 0.0527 | Val Max Gen Viol: 0.0000 | Val Max Thermal: 0.0000
Epoch  540 | Val Loss: 0.3951 | Val Cost:    0.00 | Val Max P-Miss: 0.3592 | Val Max Q-Miss: 0.0482 | Val Max Gen Viol: 0.0000 | Val Max Thermal: 0.0000 [*SAVED BEST*]
Epoch  550 | Val Loss: 0.3756 | Val Cost:    0.00 | Val Max P-Miss: 0.3120 | Val Max Q-Miss: 0.0444 | Val Max Gen Viol: 0.0000 | Val Max Thermal: 0.0000 [*SAVED BEST*]
Epoch  560 | Val Loss: 0.3875 | Val Cost:    0.00 | Val Max P-Miss: 0.3427 | Val Max Q-Miss: 0.0447 | Val Max Gen Viol: 0.0000 | Val Max Thermal: 0.0000
Epoch  570 | Val Loss: 0.3883 | Val Cost:    0.00 | Val Max P-Miss: 0.3442 | Val Max Q-Miss: 0.0459 | Val Max Gen Viol: 0.0000 | Val Max Thermal: 0.0000
Epoch  580 | Val Loss: 0.3763 | Val Cost:    0.00 | Val Max P-Miss: 0.3171 | Val Max Q-Miss: 0.0447 | Val Max Gen Viol: 0.0000 | Val Max Thermal: 0.0000
Epoch  590 | Val Loss: 0.3796 | Val Cost:    0.00 | Val Max P-Miss: 0.3215 | Val Max Q-Miss: 0.0493 | Val Max Gen Viol: 0.0000 | Val Max Thermal: 0.0000
Epoch  600 | Val Loss: 0.3850 | Val Cost:    0.00 | Val Max P-Miss: 0.3339 | Val Max Q-Miss: 0.0476 | Val Max Gen Viol: 0.0000 | Val Max Thermal: 0.0000
Epoch  610 | Val Loss: 0.3903 | Val Cost:    0.00 | Val Max P-Miss: 0.3450 | Val Max Q-Miss: 0.0477 | Val Max Gen Viol: 0.0000 | Val Max Thermal: 0.0000
Epoch  620 | Val Loss: 0.3880 | Val Cost:    0.00 | Val Max P-Miss: 0.3042 | Val Max Q-Miss: 0.0524 | Val Max Gen Viol: 0.0000 | Val Max Thermal: 0.0000
Epoch  630 | Val Loss: 0.4564 | Val Cost:    0.01 | Val Max P-Miss: 0.4586 | Val Max Q-Miss: 0.0672 | Val Max Gen Viol: 0.0000 | Val Max Thermal: 0.0000
Epoch  640 | Val Loss: 0.4298 | Val Cost:    0.00 | Val Max P-Miss: 0.4057 | Val Max Q-Miss: 0.0580 | Val Max Gen Viol: 0.0000 | Val Max Thermal: 0.0000
Epoch  650 | Val Loss: 0.4170 | Val Cost:    0.00 | Val Max P-Miss: 0.3888 | Val Max Q-Miss: 0.0526 | Val Max Gen Viol: 0.0000 | Val Max Thermal: 0.0000
Epoch  660 | Val Loss: 0.4017 | Val Cost:    0.00 | Val Max P-Miss: 0.4010 | Val Max Q-Miss: 0.0448 | Val Max Gen Viol: 0.0000 | Val Max Thermal: 0.0000
Epoch  670 | Val Loss: 0.4421 | Val Cost:    0.00 | Val Max P-Miss: 0.3891 | Val Max Q-Miss: 0.1655 | Val Max Gen Viol: 0.0000 | Val Max Thermal: 0.0000
Epoch  680 | Val Loss: 0.4054 | Val Cost:    0.00 | Val Max P-Miss: 0.3261 | Val Max Q-Miss: 0.0456 | Val Max Gen Viol: 0.0000 | Val Max Thermal: 0.0000
Epoch  690 | Val Loss: 0.4468 | Val Cost:    0.00 | Val Max P-Miss: 0.3671 | Val Max Q-Miss: 0.1263 | Val Max Gen Viol: 0.0000 | Val Max Thermal: 0.0000
Epoch  700 | Val Loss: 0.3984 | Val Cost:    0.00 | Val Max P-Miss: 0.4023 | Val Max Q-Miss: 0.0552 | Val Max Gen Viol: 0.0000 | Val Max Thermal: 0.0000
Epoch  710 | Val Loss: 0.4066 | Val Cost:    0.00 | Val Max P-Miss: 0.4259 | Val Max Q-Miss: 0.0623 | Val Max Gen Viol: 0.0000 | Val Max Thermal: 0.0000
Epoch  720 | Val Loss: 0.4090 | Val Cost:    0.00 | Val Max P-Miss: 0.4362 | Val Max Q-Miss: 0.0655 | Val Max Gen Viol: 0.0000 | Val Max Thermal: 0.0000
Epoch  730 | Val Loss: 0.3950 | Val Cost:    0.00 | Val Max P-Miss: 0.4026 | Val Max Q-Miss: 0.0576 | Val Max Gen Viol: 0.0000 | Val Max Thermal: 0.0000
Epoch  740 | Val Loss: 0.3975 | Val Cost:    0.00 | Val Max P-Miss: 0.4069 | Val Max Q-Miss: 0.0596 | Val Max Gen Viol: 0.0000 | Val Max Thermal: 0.0000
Epoch  750 | Val Loss: 0.3942 | Val Cost:    0.00 | Val Max P-Miss: 0.3972 | Val Max Q-Miss: 0.0578 | Val Max Gen Viol: 0.0000 | Val Max Thermal: 0.0000
Epoch  760 | Val Loss: 0.3845 | Val Cost:    0.00 | Val Max P-Miss: 0.3774 | Val Max Q-Miss: 0.0509 | Val Max Gen Viol: 0.0000 | Val Max Thermal: 0.0000
Epoch  770 | Val Loss: 0.3862 | Val Cost:    0.00 | Val Max P-Miss: 0.3729 | Val Max Q-Miss: 0.0502 | Val Max Gen Viol: 0.0000 | Val Max Thermal: 0.0000
Epoch  780 | Val Loss: 0.3976 | Val Cost:    0.00 | Val Max P-Miss: 0.3194 | Val Max Q-Miss: 0.0757 | Val Max Gen Viol: 0.0000 | Val Max Thermal: 0.0000
Epoch  790 | Val Loss: 0.3854 | Val Cost:    0.00 | Val Max P-Miss: 0.2933 | Val Max Q-Miss: 0.0789 | Val Max Gen Viol: 0.0000 | Val Max Thermal: 0.0000
Epoch  800 | Val Loss: 0.3792 | Val Cost:    0.00 | Val Max P-Miss: 0.2887 | Val Max Q-Miss: 0.0659 | Val Max Gen Viol: 0.0000 | Val Max Thermal: 0.0000
Epoch  810 | Val Loss: 0.5334 | Val Cost:    0.00 | Val Max P-Miss: 0.4020 | Val Max Q-Miss: 0.1787 | Val Max Gen Viol: 0.0000 | Val Max Thermal: 0.0000
Epoch  820 | Val Loss: 0.3822 | Val Cost:    0.00 | Val Max P-Miss: 0.3360 | Val Max Q-Miss: 0.0431 | Val Max Gen Viol: 0.0000 | Val Max Thermal: 0.0000
Epoch  830 | Val Loss: 0.3763 | Val Cost:    0.00 | Val Max P-Miss: 0.3313 | Val Max Q-Miss: 0.0409 | Val Max Gen Viol: 0.0000 | Val Max Thermal: 0.0000
Epoch  840 | Val Loss: 0.3645 | Val Cost:    0.00 | Val Max P-Miss: 0.2905 | Val Max Q-Miss: 0.0393 | Val Max Gen Viol: 0.0000 | Val Max Thermal: 0.0000 [*SAVED BEST*]
Epoch  850 | Val Loss: 0.3757 | Val Cost:    0.00 | Val Max P-Miss: 0.3239 | Val Max Q-Miss: 0.0421 | Val Max Gen Viol: 0.0000 | Val Max Thermal: 0.0000
Epoch  860 | Val Loss: 0.3739 | Val Cost:    0.00 | Val Max P-Miss: 0.3206 | Val Max Q-Miss: 0.0447 | Val Max Gen Viol: 0.0000 | Val Max Thermal: 0.0000
Epoch  870 | Val Loss: 0.3610 | Val Cost:    0.00 | Val Max P-Miss: 0.2737 | Val Max Q-Miss: 0.0459 | Val Max Gen Viol: 0.0000 | Val Max Thermal: 0.0000 [*SAVED BEST*]
Epoch  880 | Val Loss: 0.3640 | Val Cost:    0.00 | Val Max P-Miss: 0.2836 | Val Max Q-Miss: 0.0452 | Val Max Gen Viol: 0.0000 | Val Max Thermal: 0.0000
Epoch  890 | Val Loss: 0.3679 | Val Cost:    0.00 | Val Max P-Miss: 0.2978 | Val Max Q-Miss: 0.0460 | Val Max Gen Viol: 0.0000 | Val Max Thermal: 0.0000
Epoch  900 | Val Loss: 0.3666 | Val Cost:    0.00 | Val Max P-Miss: 0.2948 | Val Max Q-Miss: 0.0446 | Val Max Gen Viol: 0.0000 | Val Max Thermal: 0.0000
Epoch  910 | Val Loss: 0.3658 | Val Cost:    0.00 | Val Max P-Miss: 0.2898 | Val Max Q-Miss: 0.0457 | Val Max Gen Viol: 0.0000 | Val Max Thermal: 0.0000
Epoch  920 | Val Loss: 0.3722 | Val Cost:    0.00 | Val Max P-Miss: 0.3138 | Val Max Q-Miss: 0.0480 | Val Max Gen Viol: 0.0000 | Val Max Thermal: 0.0000
Epoch  930 | Val Loss: 0.3726 | Val Cost:    0.00 | Val Max P-Miss: 0.3034 | Val Max Q-Miss: 0.0501 | Val Max Gen Viol: 0.0000 | Val Max Thermal: 0.0000
Epoch  940 | Val Loss: 0.3715 | Val Cost:    0.00 | Val Max P-Miss: 0.3008 | Val Max Q-Miss: 0.0505 | Val Max Gen Viol: 0.0000 | Val Max Thermal: 0.0000
Epoch  950 | Val Loss: 0.3666 | Val Cost:    0.00 | Val Max P-Miss: 0.2877 | Val Max Q-Miss: 0.0480 | Val Max Gen Viol: 0.0000 | Val Max Thermal: 0.0000
Epoch  960 | Val Loss: 0.3697 | Val Cost:    0.00 | Val Max P-Miss: 0.3015 | Val Max Q-Miss: 0.0471 | Val Max Gen Viol: 0.0000 | Val Max Thermal: 0.0000
Epoch  970 | Val Loss: 0.3820 | Val Cost:    0.00 | Val Max P-Miss: 0.2779 | Val Max Q-Miss: 0.0759 | Val Max Gen Viol: 0.0000 | Val Max Thermal: 0.0000
Epoch  980 | Val Loss: 0.4331 | Val Cost:    0.00 | Val Max P-Miss: 0.3522 | Val Max Q-Miss: 0.0622 | Val Max Gen Viol: 0.0000 | Val Max Thermal: 0.0000
Epoch  990 | Val Loss: 0.3916 | Val Cost:    0.00 | Val Max P-Miss: 0.3748 | Val Max Q-Miss: 0.0619 | Val Max Gen Viol: 0.0000 | Val Max Thermal: 0.0000
Epoch 1000 | Val Loss: 0.3681 | Val Cost:    0.00 | Val Max P-Miss: 0.3249 | Val Max Q-Miss: 0.0419 | Val Max Gen Viol: 0.0000 | Val Max Thermal: 0.0000
Epoch 1010 | Val Loss: 0.3693 | Val Cost:    0.00 | Val Max P-Miss: 0.3325 | Val Max Q-Miss: 0.0426 | Val Max Gen Viol: 0.0000 | Val Max Thermal: 0.0000
Epoch 1020 | Val Loss: 0.3670 | Val Cost:    0.00 | Val Max P-Miss: 0.3239 | Val Max Q-Miss: 0.0418 | Val Max Gen Viol: 0.0000 | Val Max Thermal: 0.0000
Epoch 1030 | Val Loss: 0.3681 | Val Cost:    0.00 | Val Max P-Miss: 0.3241 | Val Max Q-Miss: 0.0413 | Val Max Gen Viol: 0.0000 | Val Max Thermal: 0.0000
Epoch 1040 | Val Loss: 0.3622 | Val Cost:    0.00 | Val Max P-Miss: 0.2851 | Val Max Q-Miss: 0.0413 | Val Max Gen Viol: 0.0000 | Val Max Thermal: 0.0000
Epoch 1050 | Val Loss: 0.3620 | Val Cost:    0.00 | Val Max P-Miss: 0.2883 | Val Max Q-Miss: 0.0388 | Val Max Gen Viol: 0.0000 | Val Max Thermal: 0.0000
Epoch 1060 | Val Loss: 0.3626 | Val Cost:    0.00 | Val Max P-Miss: 0.2892 | Val Max Q-Miss: 0.0353 | Val Max Gen Viol: 0.0000 | Val Max Thermal: 0.0000
Epoch 1070 | Val Loss: 0.3655 | Val Cost:    0.00 | Val Max P-Miss: 0.2814 | Val Max Q-Miss: 0.0384 | Val Max Gen Viol: 0.0000 | Val Max Thermal: 0.0000
Epoch 1080 | Val Loss: 0.3691 | Val Cost:    0.00 | Val Max P-Miss: 0.2718 | Val Max Q-Miss: 0.0550 | Val Max Gen Viol: 0.0000 | Val Max Thermal: 0.0000
Epoch 1090 | Val Loss: 0.3638 | Val Cost:    0.00 | Val Max P-Miss: 0.2693 | Val Max Q-Miss: 0.0498 | Val Max Gen Viol: 0.0000 | Val Max Thermal: 0.0000
Epoch 1100 | Val Loss: 0.3985 | Val Cost:    0.00 | Val Max P-Miss: 0.3412 | Val Max Q-Miss: 0.1263 | Val Max Gen Viol: 0.0000 | Val Max Thermal: 0.0000
Epoch 1110 | Val Loss: 0.5489 | Val Cost:    0.00 | Val Max P-Miss: 0.5516 | Val Max Q-Miss: 0.1534 | Val Max Gen Viol: 0.0000 | Val Max Thermal: 0.0000
Epoch 1120 | Val Loss: 0.3589 | Val Cost:    0.00 | Val Max P-Miss: 0.2806 | Val Max Q-Miss: 0.0514 | Val Max Gen Viol: 0.0000 | Val Max Thermal: 0.0000 [*SAVED BEST*]
Epoch 1130 | Val Loss: 0.3601 | Val Cost:    0.00 | Val Max P-Miss: 0.2757 | Val Max Q-Miss: 0.0744 | Val Max Gen Viol: 0.0000 | Val Max Thermal: 0.0000
Epoch 1140 | Val Loss: 0.3816 | Val Cost:    0.00 | Val Max P-Miss: 0.3059 | Val Max Q-Miss: 0.1428 | Val Max Gen Viol: 0.0000 | Val Max Thermal: 0.0000
Epoch 1150 | Val Loss: 0.3663 | Val Cost:    0.00 | Val Max P-Miss: 0.3299 | Val Max Q-Miss: 0.0478 | Val Max Gen Viol: 0.0000 | Val Max Thermal: 0.0000
Epoch 1160 | Val Loss: 0.3580 | Val Cost:    0.00 | Val Max P-Miss: 0.2866 | Val Max Q-Miss: 0.0354 | Val Max Gen Viol: 0.0000 | Val Max Thermal: 0.0000 [*SAVED BEST*]
Epoch 1170 | Val Loss: 0.3659 | Val Cost:    0.00 | Val Max P-Miss: 0.3158 | Val Max Q-Miss: 0.0365 | Val Max Gen Viol: 0.0000 | Val Max Thermal: 0.0000
Epoch 1180 | Val Loss: 0.3655 | Val Cost:    0.00 | Val Max P-Miss: 0.3165 | Val Max Q-Miss: 0.0346 | Val Max Gen Viol: 0.0000 | Val Max Thermal: 0.0000
Epoch 1190 | Val Loss: 0.3623 | Val Cost:    0.00 | Val Max P-Miss: 0.3034 | Val Max Q-Miss: 0.0347 | Val Max Gen Viol: 0.0000 | Val Max Thermal: 0.0000
Epoch 1200 | Val Loss: 0.3614 | Val Cost:    0.00 | Val Max P-Miss: 0.2961 | Val Max Q-Miss: 0.0337 | Val Max Gen Viol: 0.0000 | Val Max Thermal: 0.0000
Epoch 1210 | Val Loss: 0.3766 | Val Cost:    0.00 | Val Max P-Miss: 0.2971 | Val Max Q-Miss: 0.0380 | Val Max Gen Viol: 0.0000 | Val Max Thermal: 0.0000
Epoch 1220 | Val Loss: 0.3629 | Val Cost:    0.00 | Val Max P-Miss: 0.2620 | Val Max Q-Miss: 0.0340 | Val Max Gen Viol: 0.0000 | Val Max Thermal: 0.0000
Epoch 1230 | Val Loss: 0.3602 | Val Cost:    0.00 | Val Max P-Miss: 0.2667 | Val Max Q-Miss: 0.0356 | Val Max Gen Viol: 0.0000 | Val Max Thermal: 0.0000
Epoch 1240 | Val Loss: 0.3605 | Val Cost:    0.00 | Val Max P-Miss: 0.2630 | Val Max Q-Miss: 0.0342 | Val Max Gen Viol: 0.0000 | Val Max Thermal: 0.0000
Epoch 1250 | Val Loss: 0.3615 | Val Cost:    0.00 | Val Max P-Miss: 0.2598 | Val Max Q-Miss: 0.0372 | Val Max Gen Viol: 0.0000 | Val Max Thermal: 0.0000
Epoch 1260 | Val Loss: 0.3649 | Val Cost:    0.00 | Val Max P-Miss: 0.2557 | Val Max Q-Miss: 0.0322 | Val Max Gen Viol: 0.0000 | Val Max Thermal: 0.0000
Epoch 1270 | Val Loss: 0.3686 | Val Cost:    0.00 | Val Max P-Miss: 0.2705 | Val Max Q-Miss: 0.0371 | Val Max Gen Viol: 0.0000 | Val Max Thermal: 0.0000
Epoch 1280 | Val Loss: 0.3702 | Val Cost:    0.00 | Val Max P-Miss: 0.3197 | Val Max Q-Miss: 0.0622 | Val Max Gen Viol: 0.0000 | Val Max Thermal: 0.0000
Epoch 1290 | Val Loss: 0.3626 | Val Cost:    0.00 | Val Max P-Miss: 0.3253 | Val Max Q-Miss: 0.0492 | Val Max Gen Viol: 0.0000 | Val Max Thermal: 0.0000
Epoch 1300 | Val Loss: 0.3565 | Val Cost:    0.00 | Val Max P-Miss: 0.2821 | Val Max Q-Miss: 0.0466 | Val Max Gen Viol: 0.0000 | Val Max Thermal: 0.0000 [*SAVED BEST*]
Epoch 1310 | Val Loss: 0.3597 | Val Cost:    0.00 | Val Max P-Miss: 0.2993 | Val Max Q-Miss: 0.0413 | Val Max Gen Viol: 0.0000 | Val Max Thermal: 0.0000
Epoch 1320 | Val Loss: 0.3639 | Val Cost:    0.00 | Val Max P-Miss: 0.3181 | Val Max Q-Miss: 0.0392 | Val Max Gen Viol: 0.0000 | Val Max Thermal: 0.0000
Epoch 1330 | Val Loss: 0.3662 | Val Cost:    0.00 | Val Max P-Miss: 0.3262 | Val Max Q-Miss: 0.0424 | Val Max Gen Viol: 0.0000 | Val Max Thermal: 0.0000
Epoch 1340 | Val Loss: 0.3600 | Val Cost:    0.00 | Val Max P-Miss: 0.2962 | Val Max Q-Miss: 0.0413 | Val Max Gen Viol: 0.0000 | Val Max Thermal: 0.0000
Epoch 1350 | Val Loss: 0.3592 | Val Cost:    0.00 | Val Max P-Miss: 0.2915 | Val Max Q-Miss: 0.0365 | Val Max Gen Viol: 0.0000 | Val Max Thermal: 0.0000
Epoch 1360 | Val Loss: 0.3631 | Val Cost:    0.00 | Val Max P-Miss: 0.3024 | Val Max Q-Miss: 0.0341 | Val Max Gen Viol: 0.0000 | Val Max Thermal: 0.0000
Epoch 1370 | Val Loss: 0.3617 | Val Cost:    0.00 | Val Max P-Miss: 0.2989 | Val Max Q-Miss: 0.0344 | Val Max Gen Viol: 0.0000 | Val Max Thermal: 0.0000
Epoch 1380 | Val Loss: 0.3611 | Val Cost:    0.00 | Val Max P-Miss: 0.2963 | Val Max Q-Miss: 0.0345 | Val Max Gen Viol: 0.0000 | Val Max Thermal: 0.0000
Epoch 1390 | Val Loss: 0.3594 | Val Cost:    0.00 | Val Max P-Miss: 0.2888 | Val Max Q-Miss: 0.0344 | Val Max Gen Viol: 0.0000 | Val Max Thermal: 0.0000
Epoch 1400 | Val Loss: 0.3587 | Val Cost:    0.00 | Val Max P-Miss: 0.2854 | Val Max Q-Miss: 0.0339 | Val Max Gen Viol: 0.0000 | Val Max Thermal: 0.0000
Epoch 1410 | Val Loss: 0.3580 | Val Cost:    0.00 | Val Max P-Miss: 0.2830 | Val Max Q-Miss: 0.0337 | Val Max Gen Viol: 0.0000 | Val Max Thermal: 0.0000
Epoch 1420 | Val Loss: 0.3578 | Val Cost:    0.00 | Val Max P-Miss: 0.2839 | Val Max Q-Miss: 0.0320 | Val Max Gen Viol: 0.0000 | Val Max Thermal: 0.0000
Epoch 1430 | Val Loss: 0.3592 | Val Cost:    0.00 | Val Max P-Miss: 0.2849 | Val Max Q-Miss: 0.0355 | Val Max Gen Viol: 0.0000 | Val Max Thermal: 0.0000
Epoch 1440 | Val Loss: 0.3611 | Val Cost:    0.00 | Val Max P-Miss: 0.2606 | Val Max Q-Miss: 0.0490 | Val Max Gen Viol: 0.0000 | Val Max Thermal: 0.0000
Epoch 1450 | Val Loss: 0.3671 | Val Cost:    0.00 | Val Max P-Miss: 0.2797 | Val Max Q-Miss: 0.0455 | Val Max Gen Viol: 0.0000 | Val Max Thermal: 0.0000
Epoch 1460 | Val Loss: 0.3607 | Val Cost:    0.00 | Val Max P-Miss: 0.2540 | Val Max Q-Miss: 0.0322 | Val Max Gen Viol: 0.0000 | Val Max Thermal: 0.0000
Epoch 1470 | Val Loss: 0.3574 | Val Cost:    0.00 | Val Max P-Miss: 0.2621 | Val Max Q-Miss: 0.0373 | Val Max Gen Viol: 0.0000 | Val Max Thermal: 0.0000
Epoch 1480 | Val Loss: 0.3575 | Val Cost:    0.00 | Val Max P-Miss: 0.2635 | Val Max Q-Miss: 0.0366 | Val Max Gen Viol: 0.0000 | Val Max Thermal: 0.0000
Epoch 1490 | Val Loss: 0.3593 | Val Cost:    0.00 | Val Max P-Miss: 0.2753 | Val Max Q-Miss: 0.0348 | Val Max Gen Viol: 0.0000 | Val Max Thermal: 0.0000
Epoch 1500 | Val Loss: 0.3549 | Val Cost:    0.00 | Val Max P-Miss: 0.2495 | Val Max Q-Miss: 0.0379 | Val Max Gen Viol: 0.0000 | Val Max Thermal: 0.0000 [*SAVED BEST*]
Epoch 1510 | Val Loss: 0.3558 | Val Cost:    0.00 | Val Max P-Miss: 0.2533 | Val Max Q-Miss: 0.0374 | Val Max Gen Viol: 0.0000 | Val Max Thermal: 0.0000
Epoch 1520 | Val Loss: 0.3568 | Val Cost:    0.00 | Val Max P-Miss: 0.2567 | Val Max Q-Miss: 0.0383 | Val Max Gen Viol: 0.0000 | Val Max Thermal: 0.0000
Epoch 1530 | Val Loss: 0.3564 | Val Cost:    0.00 | Val Max P-Miss: 0.2574 | Val Max Q-Miss: 0.0351 | Val Max Gen Viol: 0.0000 | Val Max Thermal: 0.0000
Epoch 1540 | Val Loss: 0.3558 | Val Cost:    0.00 | Val Max P-Miss: 0.2533 | Val Max Q-Miss: 0.0358 | Val Max Gen Viol: 0.0000 | Val Max Thermal: 0.0000
Epoch 1550 | Val Loss: 0.3574 | Val Cost:    0.00 | Val Max P-Miss: 0.2604 | Val Max Q-Miss: 0.0335 | Val Max Gen Viol: 0.0000 | Val Max Thermal: 0.0000
Epoch 1560 | Val Loss: 0.3568 | Val Cost:    0.00 | Val Max P-Miss: 0.2594 | Val Max Q-Miss: 0.0329 | Val Max Gen Viol: 0.0000 | Val Max Thermal: 0.0000
Epoch 1570 | Val Loss: 0.3568 | Val Cost:    0.00 | Val Max P-Miss: 0.2573 | Val Max Q-Miss: 0.0352 | Val Max Gen Viol: 0.0000 | Val Max Thermal: 0.0000
Epoch 1580 | Val Loss: 0.3615 | Val Cost:    0.00 | Val Max P-Miss: 0.2535 | Val Max Q-Miss: 0.0515 | Val Max Gen Viol: 0.0000 | Val Max Thermal: 0.0000
Epoch 1590 | Val Loss: 0.3869 | Val Cost:    0.00 | Val Max P-Miss: 0.2958 | Val Max Q-Miss: 0.0677 | Val Max Gen Viol: 0.0000 | Val Max Thermal: 0.0000
Epoch 1600 | Val Loss: 0.3602 | Val Cost:    0.00 | Val Max P-Miss: 0.2580 | Val Max Q-Miss: 0.0296 | Val Max Gen Viol: 0.0000 | Val Max Thermal: 0.0000
Epoch 1610 | Val Loss: 0.3621 | Val Cost:    0.00 | Val Max P-Miss: 0.2535 | Val Max Q-Miss: 0.0299 | Val Max Gen Viol: 0.0000 | Val Max Thermal: 0.0000
Epoch 1620 | Val Loss: 0.3590 | Val Cost:    0.00 | Val Max P-Miss: 0.2538 | Val Max Q-Miss: 0.0277 | Val Max Gen Viol: 0.0000 | Val Max Thermal: 0.0000
Epoch 1630 | Val Loss: 0.3577 | Val Cost:    0.00 | Val Max P-Miss: 0.2542 | Val Max Q-Miss: 0.0249 | Val Max Gen Viol: 0.0000 | Val Max Thermal: 0.0000
Epoch 1640 | Val Loss: 0.3569 | Val Cost:    0.00 | Val Max P-Miss: 0.2470 | Val Max Q-Miss: 0.0364 | Val Max Gen Viol: 0.0000 | Val Max Thermal: 0.0000
Epoch 1650 | Val Loss: 0.3571 | Val Cost:    0.00 | Val Max P-Miss: 0.2446 | Val Max Q-Miss: 0.0283 | Val Max Gen Viol: 0.0000 | Val Max Thermal: 0.0000
Epoch 1660 | Val Loss: 0.3555 | Val Cost:    0.00 | Val Max P-Miss: 0.2528 | Val Max Q-Miss: 0.0479 | Val Max Gen Viol: 0.0000 | Val Max Thermal: 0.0000
Epoch 1670 | Val Loss: 0.3544 | Val Cost:    0.00 | Val Max P-Miss: 0.2431 | Val Max Q-Miss: 0.0409 | Val Max Gen Viol: 0.0000 | Val Max Thermal: 0.0000 [*SAVED BEST*]
Epoch 1680 | Val Loss: 0.3784 | Val Cost:    0.00 | Val Max P-Miss: 0.2609 | Val Max Q-Miss: 0.0616 | Val Max Gen Viol: 0.0000 | Val Max Thermal: 0.0000
Epoch 1690 | Val Loss: 0.3580 | Val Cost:    0.00 | Val Max P-Miss: 0.2914 | Val Max Q-Miss: 0.0282 | Val Max Gen Viol: 0.0000 | Val Max Thermal: 0.0000
Epoch 1700 | Val Loss: 0.3556 | Val Cost:    0.00 | Val Max P-Miss: 0.2752 | Val Max Q-Miss: 0.0273 | Val Max Gen Viol: 0.0000 | Val Max Thermal: 0.0000
Epoch 1710 | Val Loss: 0.3583 | Val Cost:    0.00 | Val Max P-Miss: 0.2893 | Val Max Q-Miss: 0.0278 | Val Max Gen Viol: 0.0000 | Val Max Thermal: 0.0000
Epoch 1720 | Val Loss: 0.3573 | Val Cost:    0.00 | Val Max P-Miss: 0.2847 | Val Max Q-Miss: 0.0265 | Val Max Gen Viol: 0.0000 | Val Max Thermal: 0.0000
Epoch 1730 | Val Loss: 0.3570 | Val Cost:    0.00 | Val Max P-Miss: 0.2804 | Val Max Q-Miss: 0.0260 | Val Max Gen Viol: 0.0000 | Val Max Thermal: 0.0000
Epoch 1740 | Val Loss: 0.3555 | Val Cost:    0.00 | Val Max P-Miss: 0.2738 | Val Max Q-Miss: 0.0235 | Val Max Gen Viol: 0.0000 | Val Max Thermal: 0.0000
Epoch 1750 | Val Loss: 0.3556 | Val Cost:    0.00 | Val Max P-Miss: 0.2727 | Val Max Q-Miss: 0.0229 | Val Max Gen Viol: 0.0000 | Val Max Thermal: 0.0000
Epoch 1760 | Val Loss: 0.3579 | Val Cost:    0.00 | Val Max P-Miss: 0.2641 | Val Max Q-Miss: 0.0381 | Val Max Gen Viol: 0.0000 | Val Max Thermal: 0.0000
Epoch 1770 | Val Loss: 0.3564 | Val Cost:    0.00 | Val Max P-Miss: 0.2429 | Val Max Q-Miss: 0.0341 | Val Max Gen Viol: 0.0000 | Val Max Thermal: 0.0000
Epoch 1780 | Val Loss: 0.3538 | Val Cost:    0.00 | Val Max P-Miss: 0.2280 | Val Max Q-Miss: 0.0477 | Val Max Gen Viol: 0.0000 | Val Max Thermal: 0.0000 [*SAVED BEST*]
Epoch 1790 | Val Loss: 0.3563 | Val Cost:    0.00 | Val Max P-Miss: 0.2742 | Val Max Q-Miss: 0.0266 | Val Max Gen Viol: 0.0000 | Val Max Thermal: 0.0000
Epoch 1800 | Val Loss: 0.3559 | Val Cost:    0.00 | Val Max P-Miss: 0.2677 | Val Max Q-Miss: 0.0252 | Val Max Gen Viol: 0.0000 | Val Max Thermal: 0.0000
Epoch 1810 | Val Loss: 0.3560 | Val Cost:    0.00 | Val Max P-Miss: 0.2646 | Val Max Q-Miss: 0.0247 | Val Max Gen Viol: 0.0000 | Val Max Thermal: 0.0000
Epoch 1820 | Val Loss: 0.3575 | Val Cost:    0.00 | Val Max P-Miss: 0.2662 | Val Max Q-Miss: 0.0244 | Val Max Gen Viol: 0.0000 | Val Max Thermal: 0.0000
Epoch 1830 | Val Loss: 0.3600 | Val Cost:    0.00 | Val Max P-Miss: 0.2664 | Val Max Q-Miss: 0.0248 | Val Max Gen Viol: 0.0000 | Val Max Thermal: 0.0000
Epoch 1840 | Val Loss: 0.3595 | Val Cost:    0.00 | Val Max P-Miss: 0.2386 | Val Max Q-Miss: 0.0394 | Val Max Gen Viol: 0.0000 | Val Max Thermal: 0.0000
Epoch 1850 | Val Loss: 0.3686 | Val Cost:    0.00 | Val Max P-Miss: 0.2788 | Val Max Q-Miss: 0.0357 | Val Max Gen Viol: 0.0000 | Val Max Thermal: 0.0000
Epoch 1860 | Val Loss: 0.3522 | Val Cost:    0.00 | Val Max P-Miss: 0.2415 | Val Max Q-Miss: 0.0302 | Val Max Gen Viol: 0.0000 | Val Max Thermal: 0.0000 [*SAVED BEST*]
Epoch 1870 | Val Loss: 0.3546 | Val Cost:    0.00 | Val Max P-Miss: 0.2431 | Val Max Q-Miss: 0.0423 | Val Max Gen Viol: 0.0000 | Val Max Thermal: 0.0000
Epoch 1880 | Val Loss: 0.3568 | Val Cost:    0.00 | Val Max P-Miss: 0.2706 | Val Max Q-Miss: 0.0322 | Val Max Gen Viol: 0.0000 | Val Max Thermal: 0.0000
Epoch 1890 | Val Loss: 0.3589 | Val Cost:    0.00 | Val Max P-Miss: 0.2915 | Val Max Q-Miss: 0.0293 | Val Max Gen Viol: 0.0000 | Val Max Thermal: 0.0000
Epoch 1900 | Val Loss: 0.3508 | Val Cost:    0.00 | Val Max P-Miss: 0.2204 | Val Max Q-Miss: 0.0209 | Val Max Gen Viol: 0.0000 | Val Max Thermal: 0.0000 [*SAVED BEST*]
Epoch 1910 | Val Loss: 0.3567 | Val Cost:    0.00 | Val Max P-Miss: 0.2529 | Val Max Q-Miss: 0.0522 | Val Max Gen Viol: 0.0000 | Val Max Thermal: 0.0000
Epoch 1920 | Val Loss: 0.3529 | Val Cost:    0.00 | Val Max P-Miss: 0.2387 | Val Max Q-Miss: 0.0223 | Val Max Gen Viol: 0.0000 | Val Max Thermal: 0.0000
Epoch 1930 | Val Loss: 0.3530 | Val Cost:    0.00 | Val Max P-Miss: 0.2383 | Val Max Q-Miss: 0.0192 | Val Max Gen Viol: 0.0000 | Val Max Thermal: 0.0000
Epoch 1940 | Val Loss: 0.3543 | Val Cost:    0.00 | Val Max P-Miss: 0.2477 | Val Max Q-Miss: 0.0220 | Val Max Gen Viol: 0.0000 | Val Max Thermal: 0.0000
Epoch 1950 | Val Loss: 0.3545 | Val Cost:    0.00 | Val Max P-Miss: 0.2459 | Val Max Q-Miss: 0.0213 | Val Max Gen Viol: 0.0000 | Val Max Thermal: 0.0000
Epoch 1960 | Val Loss: 0.3534 | Val Cost:    0.00 | Val Max P-Miss: 0.2398 | Val Max Q-Miss: 0.0210 | Val Max Gen Viol: 0.0000 | Val Max Thermal: 0.0000
Epoch 1970 | Val Loss: 0.3539 | Val Cost:    0.00 | Val Max P-Miss: 0.2403 | Val Max Q-Miss: 0.0303 | Val Max Gen Viol: 0.0000 | Val Max Thermal: 0.0000
Epoch 1980 | Val Loss: 0.3543 | Val Cost:    0.00 | Val Max P-Miss: 0.2439 | Val Max Q-Miss: 0.0319 | Val Max Gen Viol: 0.0000 | Val Max Thermal: 0.0000
Epoch 1990 | Val Loss: 0.3542 | Val Cost:    0.00 | Val Max P-Miss: 0.2426 | Val Max Q-Miss: 0.0297 | Val Max Gen Viol: 0.0000 | Val Max Thermal: 0.0000
Epoch 2000 | Val Loss: 0.3547 | Val Cost:    0.00 | Val Max P-Miss: 0.2435 | Val Max Q-Miss: 0.0349 | Val Max Gen Viol: 0.0000 | Val Max Thermal: 0.0000
Epoch 2010 | Val Loss: 0.3552 | Val Cost:    0.00 | Val Max P-Miss: 0.2456 | Val Max Q-Miss: 0.0376 | Val Max Gen Viol: 0.0000 | Val Max Thermal: 0.0000
Epoch 2020 | Val Loss: 0.3553 | Val Cost:    0.00 | Val Max P-Miss: 0.2457 | Val Max Q-Miss: 0.0363 | Val Max Gen Viol: 0.0000 | Val Max Thermal: 0.0000
Epoch 2030 | Val Loss: 0.3543 | Val Cost:    0.00 | Val Max P-Miss: 0.2461 | Val Max Q-Miss: 0.0217 | Val Max Gen Viol: 0.0000 | Val Max Thermal: 0.0000
Epoch 2040 | Val Loss: 0.3557 | Val Cost:    0.00 | Val Max P-Miss: 0.2470 | Val Max Q-Miss: 0.0266 | Val Max Gen Viol: 0.0000 | Val Max Thermal: 0.0000
Epoch 2050 | Val Loss: 0.3550 | Val Cost:    0.00 | Val Max P-Miss: 0.2500 | Val Max Q-Miss: 0.0344 | Val Max Gen Viol: 0.0000 | Val Max Thermal: 0.0000
Epoch 2060 | Val Loss: 0.3559 | Val Cost:    0.00 | Val Max P-Miss: 0.2420 | Val Max Q-Miss: 0.0413 | Val Max Gen Viol: 0.0000 | Val Max Thermal: 0.0000
Epoch 2070 | Val Loss: 0.3566 | Val Cost:    0.00 | Val Max P-Miss: 0.2363 | Val Max Q-Miss: 0.0285 | Val Max Gen Viol: 0.0000 | Val Max Thermal: 0.0000
Epoch 2080 | Val Loss: 0.3530 | Val Cost:    0.00 | Val Max P-Miss: 0.2318 | Val Max Q-Miss: 0.0284 | Val Max Gen Viol: 0.0000 | Val Max Thermal: 0.0000
Epoch 2090 | Val Loss: 0.3605 | Val Cost:    0.00 | Val Max P-Miss: 0.2776 | Val Max Q-Miss: 0.0235 | Val Max Gen Viol: 0.0000 | Val Max Thermal: 0.0000
Epoch 2100 | Val Loss: 0.3569 | Val Cost:    0.00 | Val Max P-Miss: 0.2519 | Val Max Q-Miss: 0.0187 | Val Max Gen Viol: 0.0000 | Val Max Thermal: 0.0000
Epoch 2110 | Val Loss: 0.3541 | Val Cost:    0.00 | Val Max P-Miss: 0.2419 | Val Max Q-Miss: 0.0205 | Val Max Gen Viol: 0.0000 | Val Max Thermal: 0.0000
Epoch 2120 | Val Loss: 0.3540 | Val Cost:    0.00 | Val Max P-Miss: 0.2433 | Val Max Q-Miss: 0.0204 | Val Max Gen Viol: 0.0000 | Val Max Thermal: 0.0000
Epoch 2130 | Val Loss: 0.3547 | Val Cost:    0.00 | Val Max P-Miss: 0.2405 | Val Max Q-Miss: 0.0279 | Val Max Gen Viol: 0.0000 | Val Max Thermal: 0.0000
Epoch 2140 | Val Loss: 0.3544 | Val Cost:    0.00 | Val Max P-Miss: 0.2417 | Val Max Q-Miss: 0.0189 | Val Max Gen Viol: 0.0000 | Val Max Thermal: 0.0000
Epoch 2150 | Val Loss: 0.3563 | Val Cost:    0.00 | Val Max P-Miss: 0.2405 | Val Max Q-Miss: 0.0446 | Val Max Gen Viol: 0.0000 | Val Max Thermal: 0.0000
Epoch 2160 | Val Loss: 0.3537 | Val Cost:    0.00 | Val Max P-Miss: 0.2406 | Val Max Q-Miss: 0.0224 | Val Max Gen Viol: 0.0000 | Val Max Thermal: 0.0000
Epoch 2170 | Val Loss: 0.3542 | Val Cost:    0.00 | Val Max P-Miss: 0.2417 | Val Max Q-Miss: 0.0174 | Val Max Gen Viol: 0.0000 | Val Max Thermal: 0.0000
Epoch 2180 | Val Loss: 0.3556 | Val Cost:    0.00 | Val Max P-Miss: 0.2409 | Val Max Q-Miss: 0.0243 | Val Max Gen Viol: 0.0000 | Val Max Thermal: 0.0000
Epoch 2190 | Val Loss: 0.3540 | Val Cost:    0.00 | Val Max P-Miss: 0.2383 | Val Max Q-Miss: 0.0332 | Val Max Gen Viol: 0.0000 | Val Max Thermal: 0.0000
Epoch 2200 | Val Loss: 0.3549 | Val Cost:    0.00 | Val Max P-Miss: 0.2424 | Val Max Q-Miss: 0.0273 | Val Max Gen Viol: 0.0000 | Val Max Thermal: 0.0000
Epoch 2210 | Val Loss: 0.3634 | Val Cost:    0.00 | Val Max P-Miss: 0.2679 | Val Max Q-Miss: 0.0349 | Val Max Gen Viol: 0.0000 | Val Max Thermal: 0.0000
Epoch 2220 | Val Loss: 0.3548 | Val Cost:    0.00 | Val Max P-Miss: 0.2396 | Val Max Q-Miss: 0.0183 | Val Max Gen Viol: 0.0000 | Val Max Thermal: 0.0000
Epoch 2230 | Val Loss: 0.3507 | Val Cost:    0.00 | Val Max P-Miss: 0.2206 | Val Max Q-Miss: 0.0189 | Val Max Gen Viol: 0.0000 | Val Max Thermal: 0.0000 [*SAVED BEST*]
Epoch 2240 | Val Loss: 0.3513 | Val Cost:    0.00 | Val Max P-Miss: 0.2273 | Val Max Q-Miss: 0.0183 | Val Max Gen Viol: 0.0000 | Val Max Thermal: 0.0000
Epoch 2250 | Val Loss: 0.3507 | Val Cost:    0.00 | Val Max P-Miss: 0.2216 | Val Max Q-Miss: 0.0182 | Val Max Gen Viol: 0.0000 | Val Max Thermal: 0.0000
Epoch 2260 | Val Loss: 0.3531 | Val Cost:    0.00 | Val Max P-Miss: 0.2370 | Val Max Q-Miss: 0.0190 | Val Max Gen Viol: 0.0000 | Val Max Thermal: 0.0000
Epoch 2270 | Val Loss: 0.3545 | Val Cost:    0.00 | Val Max P-Miss: 0.2489 | Val Max Q-Miss: 0.0206 | Val Max Gen Viol: 0.0000 | Val Max Thermal: 0.0000
Epoch 2280 | Val Loss: 0.3548 | Val Cost:    0.00 | Val Max P-Miss: 0.2417 | Val Max Q-Miss: 0.0256 | Val Max Gen Viol: 0.0000 | Val Max Thermal: 0.0000
Epoch 2290 | Val Loss: 0.3554 | Val Cost:    0.00 | Val Max P-Miss: 0.2503 | Val Max Q-Miss: 0.0183 | Val Max Gen Viol: 0.0000 | Val Max Thermal: 0.0000
Epoch 2300 | Val Loss: 0.3575 | Val Cost:    0.00 | Val Max P-Miss: 0.2649 | Val Max Q-Miss: 0.0203 | Val Max Gen Viol: 0.0000 | Val Max Thermal: 0.0000
Epoch 2310 | Val Loss: 0.3504 | Val Cost:    0.00 | Val Max P-Miss: 0.2205 | Val Max Q-Miss: 0.0174 | Val Max Gen Viol: 0.0000 | Val Max Thermal: 0.0000 [*SAVED BEST*]
Epoch 2320 | Val Loss: 0.3504 | Val Cost:    0.00 | Val Max P-Miss: 0.2202 | Val Max Q-Miss: 0.0134 | Val Max Gen Viol: 0.0000 | Val Max Thermal: 0.0000
Epoch 2330 | Val Loss: 0.3509 | Val Cost:    0.00 | Val Max P-Miss: 0.2193 | Val Max Q-Miss: 0.0170 | Val Max Gen Viol: 0.0000 | Val Max Thermal: 0.0000
Epoch 2340 | Val Loss: 0.3509 | Val Cost:    0.00 | Val Max P-Miss: 0.2395 | Val Max Q-Miss: 0.0174 | Val Max Gen Viol: 0.0000 | Val Max Thermal: 0.0000
Epoch 2350 | Val Loss: 0.3514 | Val Cost:    0.00 | Val Max P-Miss: 0.2280 | Val Max Q-Miss: 0.0173 | Val Max Gen Viol: 0.0000 | Val Max Thermal: 0.0000
Epoch 2360 | Val Loss: 0.3525 | Val Cost:    0.00 | Val Max P-Miss: 0.2508 | Val Max Q-Miss: 0.0192 | Val Max Gen Viol: 0.0000 | Val Max Thermal: 0.0000
Epoch 2370 | Val Loss: 0.3503 | Val Cost:    0.00 | Val Max P-Miss: 0.2280 | Val Max Q-Miss: 0.0160 | Val Max Gen Viol: 0.0000 | Val Max Thermal: 0.0000 [*SAVED BEST*]
Epoch 2380 | Val Loss: 0.3521 | Val Cost:    0.00 | Val Max P-Miss: 0.2430 | Val Max Q-Miss: 0.0278 | Val Max Gen Viol: 0.0000 | Val Max Thermal: 0.0000
Epoch 2390 | Val Loss: 0.3555 | Val Cost:    0.00 | Val Max P-Miss: 0.2712 | Val Max Q-Miss: 0.0263 | Val Max Gen Viol: 0.0000 | Val Max Thermal: 0.0000
Epoch 2400 | Val Loss: 0.3541 | Val Cost:    0.00 | Val Max P-Miss: 0.2613 | Val Max Q-Miss: 0.0251 | Val Max Gen Viol: 0.0000 | Val Max Thermal: 0.0000
Epoch 2410 | Val Loss: 0.3541 | Val Cost:    0.00 | Val Max P-Miss: 0.2542 | Val Max Q-Miss: 0.0241 | Val Max Gen Viol: 0.0000 | Val Max Thermal: 0.0000
Epoch 2420 | Val Loss: 0.3547 | Val Cost:    0.00 | Val Max P-Miss: 0.2552 | Val Max Q-Miss: 0.0229 | Val Max Gen Viol: 0.0000 | Val Max Thermal: 0.0000
Epoch 2430 | Val Loss: 0.3545 | Val Cost:    0.00 | Val Max P-Miss: 0.2543 | Val Max Q-Miss: 0.0266 | Val Max Gen Viol: 0.0000 | Val Max Thermal: 0.0000
Epoch 2440 | Val Loss: 0.3536 | Val Cost:    0.00 | Val Max P-Miss: 0.2513 | Val Max Q-Miss: 0.0208 | Val Max Gen Viol: 0.0000 | Val Max Thermal: 0.0000
Epoch 2450 | Val Loss: 0.3555 | Val Cost:    0.00 | Val Max P-Miss: 0.2492 | Val Max Q-Miss: 0.0301 | Val Max Gen Viol: 0.0000 | Val Max Thermal: 0.0000
Epoch 2460 | Val Loss: 0.3508 | Val Cost:    0.00 | Val Max P-Miss: 0.2220 | Val Max Q-Miss: 0.0160 | Val Max Gen Viol: 0.0000 | Val Max Thermal: 0.0000
Epoch 2470 | Val Loss: 0.3502 | Val Cost:    0.00 | Val Max P-Miss: 0.2212 | Val Max Q-Miss: 0.0147 | Val Max Gen Viol: 0.0000 | Val Max Thermal: 0.0000 [*SAVED BEST*]
Epoch 2480 | Val Loss: 0.3523 | Val Cost:    0.00 | Val Max P-Miss: 0.2284 | Val Max Q-Miss: 0.0229 | Val Max Gen Viol: 0.0000 | Val Max Thermal: 0.0000
Epoch 2490 | Val Loss: 0.3503 | Val Cost:    0.00 | Val Max P-Miss: 0.2245 | Val Max Q-Miss: 0.0180 | Val Max Gen Viol: 0.0000 | Val Max Thermal: 0.0000
Epoch 2500 | Val Loss: 0.3503 | Val Cost:    0.00 | Val Max P-Miss: 0.2202 | Val Max Q-Miss: 0.0152 | Val Max Gen Viol: 0.0000 | Val Max Thermal: 0.0000
Epoch 2510 | Val Loss: 0.3512 | Val Cost:    0.00 | Val Max P-Miss: 0.2337 | Val Max Q-Miss: 0.0161 | Val Max Gen Viol: 0.0000 | Val Max Thermal: 0.0000
Epoch 2520 | Val Loss: 0.3519 | Val Cost:    0.00 | Val Max P-Miss: 0.2318 | Val Max Q-Miss: 0.0146 | Val Max Gen Viol: 0.0000 | Val Max Thermal: 0.0000
Epoch 2530 | Val Loss: 0.3503 | Val Cost:    0.00 | Val Max P-Miss: 0.2263 | Val Max Q-Miss: 0.0187 | Val Max Gen Viol: 0.0000 | Val Max Thermal: 0.0000
Epoch 2540 | Val Loss: 0.3721 | Val Cost:    0.00 | Val Max P-Miss: 0.2782 | Val Max Q-Miss: 0.0726 | Val Max Gen Viol: 0.0000 | Val Max Thermal: 0.0000
Epoch 2550 | Val Loss: 0.3502 | Val Cost:    0.00 | Val Max P-Miss: 0.2207 | Val Max Q-Miss: 0.0226 | Val Max Gen Viol: 0.0000 | Val Max Thermal: 0.0000 [*SAVED BEST*]
Epoch 2560 | Val Loss: 0.3561 | Val Cost:    0.00 | Val Max P-Miss: 0.2551 | Val Max Q-Miss: 0.0368 | Val Max Gen Viol: 0.0000 | Val Max Thermal: 0.0000
Epoch 2570 | Val Loss: 0.3504 | Val Cost:    0.00 | Val Max P-Miss: 0.2246 | Val Max Q-Miss: 0.0297 | Val Max Gen Viol: 0.0000 | Val Max Thermal: 0.0000
Epoch 2580 | Val Loss: 0.3650 | Val Cost:    0.00 | Val Max P-Miss: 0.2837 | Val Max Q-Miss: 0.0374 | Val Max Gen Viol: 0.0000 | Val Max Thermal: 0.0000
Epoch 2590 | Val Loss: 0.3513 | Val Cost:    0.00 | Val Max P-Miss: 0.2306 | Val Max Q-Miss: 0.0230 | Val Max Gen Viol: 0.0000 | Val Max Thermal: 0.0000
Epoch 2600 | Val Loss: 0.3533 | Val Cost:    0.00 | Val Max P-Miss: 0.2381 | Val Max Q-Miss: 0.0204 | Val Max Gen Viol: 0.0000 | Val Max Thermal: 0.0000
Epoch 2610 | Val Loss: 0.3509 | Val Cost:    0.00 | Val Max P-Miss: 0.2295 | Val Max Q-Miss: 0.0185 | Val Max Gen Viol: 0.0000 | Val Max Thermal: 0.0000
Epoch 2620 | Val Loss: 0.3502 | Val Cost:    0.00 | Val Max P-Miss: 0.2239 | Val Max Q-Miss: 0.0225 | Val Max Gen Viol: 0.0000 | Val Max Thermal: 0.0000 [*SAVED BEST*]
Epoch 2630 | Val Loss: 0.3534 | Val Cost:    0.00 | Val Max P-Miss: 0.2447 | Val Max Q-Miss: 0.0206 | Val Max Gen Viol: 0.0000 | Val Max Thermal: 0.0000
Epoch 2640 | Val Loss: 0.3539 | Val Cost:    0.00 | Val Max P-Miss: 0.2449 | Val Max Q-Miss: 0.0224 | Val Max Gen Viol: 0.0000 | Val Max Thermal: 0.0000
Epoch 2650 | Val Loss: 0.3543 | Val Cost:    0.00 | Val Max P-Miss: 0.2464 | Val Max Q-Miss: 0.0198 | Val Max Gen Viol: 0.0000 | Val Max Thermal: 0.0000
Epoch 2660 | Val Loss: 0.3544 | Val Cost:    0.00 | Val Max P-Miss: 0.2469 | Val Max Q-Miss: 0.0189 | Val Max Gen Viol: 0.0000 | Val Max Thermal: 0.0000
Epoch 2670 | Val Loss: 0.3547 | Val Cost:    0.00 | Val Max P-Miss: 0.2458 | Val Max Q-Miss: 0.0185 | Val Max Gen Viol: 0.0000 | Val Max Thermal: 0.0000
Epoch 2680 | Val Loss: 0.3540 | Val Cost:    0.00 | Val Max P-Miss: 0.2444 | Val Max Q-Miss: 0.0174 | Val Max Gen Viol: 0.0000 | Val Max Thermal: 0.0000
Epoch 2690 | Val Loss: 0.3542 | Val Cost:    0.00 | Val Max P-Miss: 0.2435 | Val Max Q-Miss: 0.0166 | Val Max Gen Viol: 0.0000 | Val Max Thermal: 0.0000
Epoch 2700 | Val Loss: 0.3551 | Val Cost:    0.00 | Val Max P-Miss: 0.2441 | Val Max Q-Miss: 0.0219 | Val Max Gen Viol: 0.0000 | Val Max Thermal: 0.0000
Epoch 2710 | Val Loss: 0.3508 | Val Cost:    0.00 | Val Max P-Miss: 0.2279 | Val Max Q-Miss: 0.0174 | Val Max Gen Viol: 0.0000 | Val Max Thermal: 0.0000
Epoch 2720 | Val Loss: 0.3527 | Val Cost:    0.00 | Val Max P-Miss: 0.2346 | Val Max Q-Miss: 0.0177 | Val Max Gen Viol: 0.0000 | Val Max Thermal: 0.0000
Epoch 2730 | Val Loss: 0.3505 | Val Cost:    0.00 | Val Max P-Miss: 0.2214 | Val Max Q-Miss: 0.0138 | Val Max Gen Viol: 0.0000 | Val Max Thermal: 0.0000
Epoch 2740 | Val Loss: 0.3502 | Val Cost:    0.00 | Val Max P-Miss: 0.2218 | Val Max Q-Miss: 0.0145 | Val Max Gen Viol: 0.0000 | Val Max Thermal: 0.0000
Epoch 2750 | Val Loss: 0.3508 | Val Cost:    0.00 | Val Max P-Miss: 0.2242 | Val Max Q-Miss: 0.0127 | Val Max Gen Viol: 0.0000 | Val Max Thermal: 0.0000
Epoch 2760 | Val Loss: 0.3511 | Val Cost:    0.00 | Val Max P-Miss: 0.2256 | Val Max Q-Miss: 0.0143 | Val Max Gen Viol: 0.0000 | Val Max Thermal: 0.0000
Epoch 2770 | Val Loss: 0.3511 | Val Cost:    0.00 | Val Max P-Miss: 0.2280 | Val Max Q-Miss: 0.0198 | Val Max Gen Viol: 0.0000 | Val Max Thermal: 0.0000
Epoch 2780 | Val Loss: 0.3507 | Val Cost:    0.00 | Val Max P-Miss: 0.2226 | Val Max Q-Miss: 0.0149 | Val Max Gen Viol: 0.0000 | Val Max Thermal: 0.0000
Epoch 2790 | Val Loss: 0.3502 | Val Cost:    0.00 | Val Max P-Miss: 0.2219 | Val Max Q-Miss: 0.0131 | Val Max Gen Viol: 0.0000 | Val Max Thermal: 0.0000 [*SAVED BEST*]
Epoch 2800 | Val Loss: 0.3500 | Val Cost:    0.00 | Val Max P-Miss: 0.2207 | Val Max Q-Miss: 0.0174 | Val Max Gen Viol: 0.0000 | Val Max Thermal: 0.0000 [*SAVED BEST*]
Epoch 2810 | Val Loss: 0.3502 | Val Cost:    0.00 | Val Max P-Miss: 0.2218 | Val Max Q-Miss: 0.0144 | Val Max Gen Viol: 0.0000 | Val Max Thermal: 0.0000
Epoch 2820 | Val Loss: 0.3506 | Val Cost:    0.00 | Val Max P-Miss: 0.2327 | Val Max Q-Miss: 0.0165 | Val Max Gen Viol: 0.0000 | Val Max Thermal: 0.0000
Epoch 2830 | Val Loss: 0.3504 | Val Cost:    0.00 | Val Max P-Miss: 0.2205 | Val Max Q-Miss: 0.0142 | Val Max Gen Viol: 0.0000 | Val Max Thermal: 0.0000
Epoch 2840 | Val Loss: 0.3525 | Val Cost:    0.00 | Val Max P-Miss: 0.2607 | Val Max Q-Miss: 0.0282 | Val Max Gen Viol: 0.0000 | Val Max Thermal: 0.0000
Epoch 2850 | Val Loss: 0.3501 | Val Cost:    0.00 | Val Max P-Miss: 0.2194 | Val Max Q-Miss: 0.0148 | Val Max Gen Viol: 0.0000 | Val Max Thermal: 0.0000
Epoch 2860 | Val Loss: 0.3508 | Val Cost:    0.00 | Val Max P-Miss: 0.2296 | Val Max Q-Miss: 0.0146 | Val Max Gen Viol: 0.0000 | Val Max Thermal: 0.0000
Epoch 2870 | Val Loss: 0.3539 | Val Cost:    0.00 | Val Max P-Miss: 0.2391 | Val Max Q-Miss: 0.0257 | Val Max Gen Viol: 0.0000 | Val Max Thermal: 0.0000
Epoch 2880 | Val Loss: 0.3500 | Val Cost:    0.00 | Val Max P-Miss: 0.2194 | Val Max Q-Miss: 0.0171 | Val Max Gen Viol: 0.0000 | Val Max Thermal: 0.0000
Epoch 2890 | Val Loss: 0.3536 | Val Cost:    0.00 | Val Max P-Miss: 0.2424 | Val Max Q-Miss: 0.0207 | Val Max Gen Viol: 0.0000 | Val Max Thermal: 0.0000
Epoch 2900 | Val Loss: 0.3544 | Val Cost:    0.00 | Val Max P-Miss: 0.2481 | Val Max Q-Miss: 0.0188 | Val Max Gen Viol: 0.0000 | Val Max Thermal: 0.0000
Epoch 2910 | Val Loss: 0.3543 | Val Cost:    0.00 | Val Max P-Miss: 0.2463 | Val Max Q-Miss: 0.0196 | Val Max Gen Viol: 0.0000 | Val Max Thermal: 0.0000
Epoch 2920 | Val Loss: 0.3540 | Val Cost:    0.00 | Val Max P-Miss: 0.2438 | Val Max Q-Miss: 0.0187 | Val Max Gen Viol: 0.0000 | Val Max Thermal: 0.0000
Epoch 2930 | Val Loss: 0.3501 | Val Cost:    0.00 | Val Max P-Miss: 0.2212 | Val Max Q-Miss: 0.0157 | Val Max Gen Viol: 0.0000 | Val Max Thermal: 0.0000
Epoch 2940 | Val Loss: 0.3527 | Val Cost:    0.00 | Val Max P-Miss: 0.2498 | Val Max Q-Miss: 0.0200 | Val Max Gen Viol: 0.0000 | Val Max Thermal: 0.0000
Epoch 2950 | Val Loss: 0.3516 | Val Cost:    0.00 | Val Max P-Miss: 0.2270 | Val Max Q-Miss: 0.0140 | Val Max Gen Viol: 0.0000 | Val Max Thermal: 0.0000
Epoch 2960 | Val Loss: 0.3500 | Val Cost:    0.00 | Val Max P-Miss: 0.2168 | Val Max Q-Miss: 0.0142 | Val Max Gen Viol: 0.0000 | Val Max Thermal: 0.0000 [*SAVED BEST*]
Epoch 2970 | Val Loss: 0.3518 | Val Cost:    0.00 | Val Max P-Miss: 0.2332 | Val Max Q-Miss: 0.0221 | Val Max Gen Viol: 0.0000 | Val Max Thermal: 0.0000
Epoch 2980 | Val Loss: 0.3502 | Val Cost:    0.00 | Val Max P-Miss: 0.2236 | Val Max Q-Miss: 0.0147 | Val Max Gen Viol: 0.0000 | Val Max Thermal: 0.0000
Epoch 2990 | Val Loss: 0.3503 | Val Cost:    0.00 | Val Max P-Miss: 0.2208 | Val Max Q-Miss: 0.0121 | Val Max Gen Viol: 0.0000 | Val Max Thermal: 0.0000
Epoch 3000 | Val Loss: 0.3527 | Val Cost:    0.00 | Val Max P-Miss: 0.2344 | Val Max Q-Miss: 0.0165 | Val Max Gen Viol: 0.0000 | Val Max Thermal: 0.0000
Epoch 3010 | Val Loss: 0.3497 | Val Cost:    0.00 | Val Max P-Miss: 0.2159 | Val Max Q-Miss: 0.0141 | Val Max Gen Viol: 0.0000 | Val Max Thermal: 0.0000 [*SAVED BEST*]
Epoch 3020 | Val Loss: 0.3499 | Val Cost:    0.00 | Val Max P-Miss: 0.2181 | Val Max Q-Miss: 0.0127 | Val Max Gen Viol: 0.0000 | Val Max Thermal: 0.0000
Epoch 3030 | Val Loss: 0.3605 | Val Cost:    0.00 | Val Max P-Miss: 0.2867 | Val Max Q-Miss: 0.0458 | Val Max Gen Viol: 0.0000 | Val Max Thermal: 0.0000
Epoch 3040 | Val Loss: 0.3500 | Val Cost:    0.00 | Val Max P-Miss: 0.2234 | Val Max Q-Miss: 0.0184 | Val Max Gen Viol: 0.0000 | Val Max Thermal: 0.0000
Epoch 3050 | Val Loss: 0.3597 | Val Cost:    0.00 | Val Max P-Miss: 0.2803 | Val Max Q-Miss: 0.0251 | Val Max Gen Viol: 0.0000 | Val Max Thermal: 0.0000
Epoch 3060 | Val Loss: 0.3501 | Val Cost:    0.00 | Val Max P-Miss: 0.2226 | Val Max Q-Miss: 0.0192 | Val Max Gen Viol: 0.0000 | Val Max Thermal: 0.0000
Epoch 3070 | Val Loss: 0.3587 | Val Cost:    0.00 | Val Max P-Miss: 0.2818 | Val Max Q-Miss: 0.0344 | Val Max Gen Viol: 0.0000 | Val Max Thermal: 0.0000
Epoch 3080 | Val Loss: 0.3499 | Val Cost:    0.00 | Val Max P-Miss: 0.2214 | Val Max Q-Miss: 0.0189 | Val Max Gen Viol: 0.0000 | Val Max Thermal: 0.0000
Epoch 3090 | Val Loss: 0.3505 | Val Cost:    0.00 | Val Max P-Miss: 0.2233 | Val Max Q-Miss: 0.0137 | Val Max Gen Viol: 0.0000 | Val Max Thermal: 0.0000
Epoch 3100 | Val Loss: 0.3604 | Val Cost:    0.00 | Val Max P-Miss: 0.2930 | Val Max Q-Miss: 0.0318 | Val Max Gen Viol: 0.0000 | Val Max Thermal: 0.0000
Epoch 3110 | Val Loss: 0.3500 | Val Cost:    0.00 | Val Max P-Miss: 0.2237 | Val Max Q-Miss: 0.0188 | Val Max Gen Viol: 0.0000 | Val Max Thermal: 0.0000
Epoch 3120 | Val Loss: 0.3503 | Val Cost:    0.00 | Val Max P-Miss: 0.2258 | Val Max Q-Miss: 0.0147 | Val Max Gen Viol: 0.0000 | Val Max Thermal: 0.0000
Epoch 3130 | Val Loss: 0.3502 | Val Cost:    0.00 | Val Max P-Miss: 0.2305 | Val Max Q-Miss: 0.0137 | Val Max Gen Viol: 0.0000 | Val Max Thermal: 0.0000
Epoch 3140 | Val Loss: 0.3499 | Val Cost:    0.00 | Val Max P-Miss: 0.2226 | Val Max Q-Miss: 0.0136 | Val Max Gen Viol: 0.0000 | Val Max Thermal: 0.0000
Epoch 3150 | Val Loss: 0.3524 | Val Cost:    0.00 | Val Max P-Miss: 0.2305 | Val Max Q-Miss: 0.0180 | Val Max Gen Viol: 0.0000 | Val Max Thermal: 0.0000
Epoch 3160 | Val Loss: 0.3528 | Val Cost:    0.00 | Val Max P-Miss: 0.2288 | Val Max Q-Miss: 0.0311 | Val Max Gen Viol: 0.0000 | Val Max Thermal: 0.0000
Epoch 3170 | Val Loss: 0.3500 | Val Cost:    0.00 | Val Max P-Miss: 0.2240 | Val Max Q-Miss: 0.0193 | Val Max Gen Viol: 0.0000 | Val Max Thermal: 0.0000
Epoch 3180 | Val Loss: 0.3507 | Val Cost:    0.00 | Val Max P-Miss: 0.2281 | Val Max Q-Miss: 0.0136 | Val Max Gen Viol: 0.0000 | Val Max Thermal: 0.0000
Epoch 3190 | Val Loss: 0.3506 | Val Cost:    0.00 | Val Max P-Miss: 0.2283 | Val Max Q-Miss: 0.0152 | Val Max Gen Viol: 0.0000 | Val Max Thermal: 0.0000
Epoch 3200 | Val Loss: 0.3509 | Val Cost:    0.00 | Val Max P-Miss: 0.2371 | Val Max Q-Miss: 0.0174 | Val Max Gen Viol: 0.0000 | Val Max Thermal: 0.0000
Epoch 3210 | Val Loss: 0.3499 | Val Cost:    0.00 | Val Max P-Miss: 0.2214 | Val Max Q-Miss: 0.0138 | Val Max Gen Viol: 0.0000 | Val Max Thermal: 0.0000
Epoch 3220 | Val Loss: 0.3554 | Val Cost:    0.00 | Val Max P-Miss: 0.2406 | Val Max Q-Miss: 0.0395 | Val Max Gen Viol: 0.0000 | Val Max Thermal: 0.0000
Epoch 3230 | Val Loss: 0.3498 | Val Cost:    0.00 | Val Max P-Miss: 0.2240 | Val Max Q-Miss: 0.0180 | Val Max Gen Viol: 0.0000 | Val Max Thermal: 0.0000
Epoch 3240 | Val Loss: 0.3507 | Val Cost:    0.00 | Val Max P-Miss: 0.2321 | Val Max Q-Miss: 0.0226 | Val Max Gen Viol: 0.0000 | Val Max Thermal: 0.0000
Epoch 3250 | Val Loss: 0.3504 | Val Cost:    0.00 | Val Max P-Miss: 0.2275 | Val Max Q-Miss: 0.0182 | Val Max Gen Viol: 0.0000 | Val Max Thermal: 0.0000
Epoch 3260 | Val Loss: 0.3499 | Val Cost:    0.00 | Val Max P-Miss: 0.2209 | Val Max Q-Miss: 0.0138 | Val Max Gen Viol: 0.0000 | Val Max Thermal: 0.0000
Epoch 3270 | Val Loss: 0.3504 | Val Cost:    0.00 | Val Max P-Miss: 0.2190 | Val Max Q-Miss: 0.0156 | Val Max Gen Viol: 0.0000 | Val Max Thermal: 0.0000
Epoch 3280 | Val Loss: 0.3499 | Val Cost:    0.00 | Val Max P-Miss: 0.2230 | Val Max Q-Miss: 0.0126 | Val Max Gen Viol: 0.0000 | Val Max Thermal: 0.0000
Epoch 3290 | Val Loss: 0.3500 | Val Cost:    0.00 | Val Max P-Miss: 0.2230 | Val Max Q-Miss: 0.0124 | Val Max Gen Viol: 0.0000 | Val Max Thermal: 0.0000
Epoch 3300 | Val Loss: 0.3511 | Val Cost:    0.00 | Val Max P-Miss: 0.2375 | Val Max Q-Miss: 0.0149 | Val Max Gen Viol: 0.0000 | Val Max Thermal: 0.0000
Epoch 3310 | Val Loss: 0.3512 | Val Cost:    0.00 | Val Max P-Miss: 0.2375 | Val Max Q-Miss: 0.0152 | Val Max Gen Viol: 0.0000 | Val Max Thermal: 0.0000
Epoch 3320 | Val Loss: 0.3523 | Val Cost:    0.00 | Val Max P-Miss: 0.2463 | Val Max Q-Miss: 0.0182 | Val Max Gen Viol: 0.0000 | Val Max Thermal: 0.0000
Epoch 3330 | Val Loss: 0.3526 | Val Cost:    0.00 | Val Max P-Miss: 0.2306 | Val Max Q-Miss: 0.0177 | Val Max Gen Viol: 0.0000 | Val Max Thermal: 0.0000
Epoch 3340 | Val Loss: 0.3513 | Val Cost:    0.00 | Val Max P-Miss: 0.2275 | Val Max Q-Miss: 0.0156 | Val Max Gen Viol: 0.0000 | Val Max Thermal: 0.0000
Epoch 3350 | Val Loss: 0.3504 | Val Cost:    0.00 | Val Max P-Miss: 0.2266 | Val Max Q-Miss: 0.0143 | Val Max Gen Viol: 0.0000 | Val Max Thermal: 0.0000
Epoch 3360 | Val Loss: 0.3503 | Val Cost:    0.00 | Val Max P-Miss: 0.2223 | Val Max Q-Miss: 0.0122 | Val Max Gen Viol: 0.0000 | Val Max Thermal: 0.0000
Epoch 3370 | Val Loss: 0.3550 | Val Cost:    0.00 | Val Max P-Miss: 0.2544 | Val Max Q-Miss: 0.0256 | Val Max Gen Viol: 0.0000 | Val Max Thermal: 0.0000
Epoch 3380 | Val Loss: 0.3522 | Val Cost:    0.00 | Val Max P-Miss: 0.2339 | Val Max Q-Miss: 0.0206 | Val Max Gen Viol: 0.0000 | Val Max Thermal: 0.0000
Epoch 3390 | Val Loss: 0.3499 | Val Cost:    0.00 | Val Max P-Miss: 0.2252 | Val Max Q-Miss: 0.0153 | Val Max Gen Viol: 0.0000 | Val Max Thermal: 0.0000
Epoch 3400 | Val Loss: 0.3502 | Val Cost:    0.00 | Val Max P-Miss: 0.2274 | Val Max Q-Miss: 0.0124 | Val Max Gen Viol: 0.0000 | Val Max Thermal: 0.0000
Epoch 3410 | Val Loss: 0.3513 | Val Cost:    0.00 | Val Max P-Miss: 0.2332 | Val Max Q-Miss: 0.0153 | Val Max Gen Viol: 0.0000 | Val Max Thermal: 0.0000
Epoch 3420 | Val Loss: 0.3550 | Val Cost:    0.00 | Val Max P-Miss: 0.2384 | Val Max Q-Miss: 0.0241 | Val Max Gen Viol: 0.0000 | Val Max Thermal: 0.0000
Epoch 3430 | Val Loss: 0.3525 | Val Cost:    0.00 | Val Max P-Miss: 0.2336 | Val Max Q-Miss: 0.0166 | Val Max Gen Viol: 0.0000 | Val Max Thermal: 0.0000
Epoch 3440 | Val Loss: 0.3509 | Val Cost:    0.00 | Val Max P-Miss: 0.2284 | Val Max Q-Miss: 0.0137 | Val Max Gen Viol: 0.0000 | Val Max Thermal: 0.0000
Epoch 3450 | Val Loss: 0.3498 | Val Cost:    0.00 | Val Max P-Miss: 0.2206 | Val Max Q-Miss: 0.0117 | Val Max Gen Viol: 0.0000 | Val Max Thermal: 0.0000
Epoch 3460 | Val Loss: 0.3559 | Val Cost:    0.00 | Val Max P-Miss: 0.2699 | Val Max Q-Miss: 0.0277 | Val Max Gen Viol: 0.0000 | Val Max Thermal: 0.0000
Epoch 3470 | Val Loss: 0.3542 | Val Cost:    0.00 | Val Max P-Miss: 0.2604 | Val Max Q-Miss: 0.0220 | Val Max Gen Viol: 0.0000 | Val Max Thermal: 0.0000
Epoch 3480 | Val Loss: 0.3502 | Val Cost:    0.00 | Val Max P-Miss: 0.2270 | Val Max Q-Miss: 0.0149 | Val Max Gen Viol: 0.0000 | Val Max Thermal: 0.0000
Epoch 3490 | Val Loss: 0.3506 | Val Cost:    0.00 | Val Max P-Miss: 0.2255 | Val Max Q-Miss: 0.0134 | Val Max Gen Viol: 0.0000 | Val Max Thermal: 0.0000
Epoch 3500 | Val Loss: 0.3504 | Val Cost:    0.00 | Val Max P-Miss: 0.2219 | Val Max Q-Miss: 0.0120 | Val Max Gen Viol: 0.0000 | Val Max Thermal: 0.0000
Epoch 3510 | Val Loss: 0.3514 | Val Cost:    0.00 | Val Max P-Miss: 0.2299 | Val Max Q-Miss: 0.0173 | Val Max Gen Viol: 0.0000 | Val Max Thermal: 0.0000
Epoch 3520 | Val Loss: 0.3615 | Val Cost:    0.00 | Val Max P-Miss: 0.2710 | Val Max Q-Miss: 0.0328 | Val Max Gen Viol: 0.0000 | Val Max Thermal: 0.0000
Epoch 3530 | Val Loss: 0.3521 | Val Cost:    0.00 | Val Max P-Miss: 0.2415 | Val Max Q-Miss: 0.0225 | Val Max Gen Viol: 0.0000 | Val Max Thermal: 0.0000
Epoch 3540 | Val Loss: 0.3498 | Val Cost:    0.00 | Val Max P-Miss: 0.2250 | Val Max Q-Miss: 0.0144 | Val Max Gen Viol: 0.0000 | Val Max Thermal: 0.0000
Epoch 3550 | Val Loss: 0.3500 | Val Cost:    0.00 | Val Max P-Miss: 0.2246 | Val Max Q-Miss: 0.0114 | Val Max Gen Viol: 0.0000 | Val Max Thermal: 0.0000
Epoch 3560 | Val Loss: 0.3497 | Val Cost:    0.00 | Val Max P-Miss: 0.2188 | Val Max Q-Miss: 0.0125 | Val Max Gen Viol: 0.0000 | Val Max Thermal: 0.0000 [*SAVED BEST*]
Epoch 3570 | Val Loss: 0.3500 | Val Cost:    0.00 | Val Max P-Miss: 0.2234 | Val Max Q-Miss: 0.0136 | Val Max Gen Viol: 0.0000 | Val Max Thermal: 0.0000
Epoch 3580 | Val Loss: 0.3499 | Val Cost:    0.00 | Val Max P-Miss: 0.2220 | Val Max Q-Miss: 0.0129 | Val Max Gen Viol: 0.0000 | Val Max Thermal: 0.0000
Epoch 3590 | Val Loss: 0.3497 | Val Cost:    0.00 | Val Max P-Miss: 0.2159 | Val Max Q-Miss: 0.0125 | Val Max Gen Viol: 0.0000 | Val Max Thermal: 0.0000
Epoch 3600 | Val Loss: 0.3508 | Val Cost:    0.00 | Val Max P-Miss: 0.2264 | Val Max Q-Miss: 0.0124 | Val Max Gen Viol: 0.0000 | Val Max Thermal: 0.0000
Epoch 3610 | Val Loss: 0.3497 | Val Cost:    0.00 | Val Max P-Miss: 0.2194 | Val Max Q-Miss: 0.0118 | Val Max Gen Viol: 0.0000 | Val Max Thermal: 0.0000
Epoch 3620 | Val Loss: 0.3506 | Val Cost:    0.00 | Val Max P-Miss: 0.2314 | Val Max Q-Miss: 0.0141 | Val Max Gen Viol: 0.0000 | Val Max Thermal: 0.0000
Epoch 3630 | Val Loss: 0.3506 | Val Cost:    0.00 | Val Max P-Miss: 0.2251 | Val Max Q-Miss: 0.0117 | Val Max Gen Viol: 0.0000 | Val Max Thermal: 0.0000
Epoch 3640 | Val Loss: 0.3501 | Val Cost:    0.00 | Val Max P-Miss: 0.2223 | Val Max Q-Miss: 0.0150 | Val Max Gen Viol: 0.0000 | Val Max Thermal: 0.0000
Epoch 3650 | Val Loss: 0.3497 | Val Cost:    0.00 | Val Max P-Miss: 0.2204 | Val Max Q-Miss: 0.0127 | Val Max Gen Viol: 0.0000 | Val Max Thermal: 0.0000
Epoch 3660 | Val Loss: 0.3498 | Val Cost:    0.00 | Val Max P-Miss: 0.2252 | Val Max Q-Miss: 0.0124 | Val Max Gen Viol: 0.0000 | Val Max Thermal: 0.0000
Epoch 3670 | Val Loss: 0.3504 | Val Cost:    0.00 | Val Max P-Miss: 0.2240 | Val Max Q-Miss: 0.0135 | Val Max Gen Viol: 0.0000 | Val Max Thermal: 0.0000
Epoch 3680 | Val Loss: 0.3502 | Val Cost:    0.00 | Val Max P-Miss: 0.2268 | Val Max Q-Miss: 0.0179 | Val Max Gen Viol: 0.0000 | Val Max Thermal: 0.0000
Epoch 3690 | Val Loss: 0.3497 | Val Cost:    0.00 | Val Max P-Miss: 0.2255 | Val Max Q-Miss: 0.0187 | Val Max Gen Viol: 0.0000 | Val Max Thermal: 0.0000
Epoch 3700 | Val Loss: 0.3498 | Val Cost:    0.00 | Val Max P-Miss: 0.2280 | Val Max Q-Miss: 0.0139 | Val Max Gen Viol: 0.0000 | Val Max Thermal: 0.0000
Epoch 3710 | Val Loss: 0.3497 | Val Cost:    0.00 | Val Max P-Miss: 0.2208 | Val Max Q-Miss: 0.0134 | Val Max Gen Viol: 0.0000 | Val Max Thermal: 0.0000
Epoch 3720 | Val Loss: 0.3499 | Val Cost:    0.00 | Val Max P-Miss: 0.2238 | Val Max Q-Miss: 0.0108 | Val Max Gen Viol: 0.0000 | Val Max Thermal: 0.0000
Epoch 3730 | Val Loss: 0.3502 | Val Cost:    0.00 | Val Max P-Miss: 0.2248 | Val Max Q-Miss: 0.0127 | Val Max Gen Viol: 0.0000 | Val Max Thermal: 0.0000
Epoch 3740 | Val Loss: 0.3624 | Val Cost:    0.00 | Val Max P-Miss: 0.3154 | Val Max Q-Miss: 0.0458 | Val Max Gen Viol: 0.0000 | Val Max Thermal: 0.0000
Epoch 3750 | Val Loss: 0.3501 | Val Cost:    0.00 | Val Max P-Miss: 0.2315 | Val Max Q-Miss: 0.0182 | Val Max Gen Viol: 0.0000 | Val Max Thermal: 0.0000
Epoch 3760 | Val Loss: 0.3499 | Val Cost:    0.00 | Val Max P-Miss: 0.2225 | Val Max Q-Miss: 0.0183 | Val Max Gen Viol: 0.0000 | Val Max Thermal: 0.0000
Epoch 3770 | Val Loss: 0.3497 | Val Cost:    0.00 | Val Max P-Miss: 0.2212 | Val Max Q-Miss: 0.0175 | Val Max Gen Viol: 0.0000 | Val Max Thermal: 0.0000
Epoch 3780 | Val Loss: 0.3502 | Val Cost:    0.00 | Val Max P-Miss: 0.2250 | Val Max Q-Miss: 0.0132 | Val Max Gen Viol: 0.0000 | Val Max Thermal: 0.0000
Epoch 3790 | Val Loss: 0.3496 | Val Cost:    0.00 | Val Max P-Miss: 0.2210 | Val Max Q-Miss: 0.0144 | Val Max Gen Viol: 0.0000 | Val Max Thermal: 0.0000 [*SAVED BEST*]
Epoch 3800 | Val Loss: 0.3498 | Val Cost:    0.00 | Val Max P-Miss: 0.2225 | Val Max Q-Miss: 0.0114 | Val Max Gen Viol: 0.0000 | Val Max Thermal: 0.0000
Epoch 3810 | Val Loss: 0.3500 | Val Cost:    0.00 | Val Max P-Miss: 0.2219 | Val Max Q-Miss: 0.0119 | Val Max Gen Viol: 0.0000 | Val Max Thermal: 0.0000
Epoch 3820 | Val Loss: 0.3499 | Val Cost:    0.00 | Val Max P-Miss: 0.2238 | Val Max Q-Miss: 0.0104 | Val Max Gen Viol: 0.0000 | Val Max Thermal: 0.0000
Epoch 3830 | Val Loss: 0.3511 | Val Cost:    0.00 | Val Max P-Miss: 0.2286 | Val Max Q-Miss: 0.0138 | Val Max Gen Viol: 0.0000 | Val Max Thermal: 0.0000
Epoch 3840 | Val Loss: 0.3508 | Val Cost:    0.00 | Val Max P-Miss: 0.2279 | Val Max Q-Miss: 0.0151 | Val Max Gen Viol: 0.0000 | Val Max Thermal: 0.0000
Epoch 3850 | Val Loss: 0.3503 | Val Cost:    0.00 | Val Max P-Miss: 0.2237 | Val Max Q-Miss: 0.0123 | Val Max Gen Viol: 0.0000 | Val Max Thermal: 0.0000
Epoch 3860 | Val Loss: 0.3520 | Val Cost:    0.00 | Val Max P-Miss: 0.2462 | Val Max Q-Miss: 0.0172 | Val Max Gen Viol: 0.0000 | Val Max Thermal: 0.0000
Epoch 3870 | Val Loss: 0.3504 | Val Cost:    0.00 | Val Max P-Miss: 0.2265 | Val Max Q-Miss: 0.0116 | Val Max Gen Viol: 0.0000 | Val Max Thermal: 0.0000
Epoch 3880 | Val Loss: 0.3500 | Val Cost:    0.00 | Val Max P-Miss: 0.2204 | Val Max Q-Miss: 0.0135 | Val Max Gen Viol: 0.0000 | Val Max Thermal: 0.0000
Epoch 3890 | Val Loss: 0.3498 | Val Cost:    0.00 | Val Max P-Miss: 0.2208 | Val Max Q-Miss: 0.0129 | Val Max Gen Viol: 0.0000 | Val Max Thermal: 0.0000
Epoch 3900 | Val Loss: 0.3499 | Val Cost:    0.00 | Val Max P-Miss: 0.2237 | Val Max Q-Miss: 0.0113 | Val Max Gen Viol: 0.0000 | Val Max Thermal: 0.0000
Epoch 3910 | Val Loss: 0.3716 | Val Cost:    0.00 | Val Max P-Miss: 0.3013 | Val Max Q-Miss: 0.0316 | Val Max Gen Viol: 0.0000 | Val Max Thermal: 0.0000
Epoch 3920 | Val Loss: 0.3502 | Val Cost:    0.00 | Val Max P-Miss: 0.2276 | Val Max Q-Miss: 0.0138 | Val Max Gen Viol: 0.0000 | Val Max Thermal: 0.0000
Epoch 3930 | Val Loss: 0.3497 | Val Cost:    0.00 | Val Max P-Miss: 0.2226 | Val Max Q-Miss: 0.0157 | Val Max Gen Viol: 0.0000 | Val Max Thermal: 0.0000
Epoch 3940 | Val Loss: 0.3509 | Val Cost:    0.00 | Val Max P-Miss: 0.2343 | Val Max Q-Miss: 0.0161 | Val Max Gen Viol: 0.0000 | Val Max Thermal: 0.0000
Epoch 3950 | Val Loss: 0.3497 | Val Cost:    0.00 | Val Max P-Miss: 0.2241 | Val Max Q-Miss: 0.0171 | Val Max Gen Viol: 0.0000 | Val Max Thermal: 0.0000
Epoch 3960 | Val Loss: 0.3520 | Val Cost:    0.00 | Val Max P-Miss: 0.2367 | Val Max Q-Miss: 0.0153 | Val Max Gen Viol: 0.0000 | Val Max Thermal: 0.0000
Epoch 3970 | Val Loss: 0.3515 | Val Cost:    0.00 | Val Max P-Miss: 0.2302 | Val Max Q-Miss: 0.0137 | Val Max Gen Viol: 0.0000 | Val Max Thermal: 0.0000
Epoch 3980 | Val Loss: 0.3499 | Val Cost:    0.00 | Val Max P-Miss: 0.2237 | Val Max Q-Miss: 0.0116 | Val Max Gen Viol: 0.0000 | Val Max Thermal: 0.0000
Epoch 3990 | Val Loss: 0.3498 | Val Cost:    0.00 | Val Max P-Miss: 0.2188 | Val Max Q-Miss: 0.0105 | Val Max Gen Viol: 0.0000 | Val Max Thermal: 0.0000
Epoch 4000 | Val Loss: 0.3500 | Val Cost:    0.00 | Val Max P-Miss: 0.2214 | Val Max Q-Miss: 0.0111 | Val Max Gen Viol: 0.0000 | Val Max Thermal: 0.0000
Epoch 4010 | Val Loss: 0.3500 | Val Cost:    0.00 | Val Max P-Miss: 0.2241 | Val Max Q-Miss: 0.0113 | Val Max Gen Viol: 0.0000 | Val Max Thermal: 0.0000
Epoch 4020 | Val Loss: 0.3498 | Val Cost:    0.00 | Val Max P-Miss: 0.2221 | Val Max Q-Miss: 0.0102 | Val Max Gen Viol: 0.0000 | Val Max Thermal: 0.0000
Epoch 4030 | Val Loss: 0.3499 | Val Cost:    0.00 | Val Max P-Miss: 0.2219 | Val Max Q-Miss: 0.0108 | Val Max Gen Viol: 0.0000 | Val Max Thermal: 0.0000
Epoch 4040 | Val Loss: 0.3502 | Val Cost:    0.00 | Val Max P-Miss: 0.2247 | Val Max Q-Miss: 0.0107 | Val Max Gen Viol: 0.0000 | Val Max Thermal: 0.0000
Epoch 4050 | Val Loss: 0.3528 | Val Cost:    0.00 | Val Max P-Miss: 0.2324 | Val Max Q-Miss: 0.0148 | Val Max Gen Viol: 0.0000 | Val Max Thermal: 0.0000
Epoch 4060 | Val Loss: 0.3927 | Val Cost:    0.00 | Val Max P-Miss: 0.3078 | Val Max Q-Miss: 0.0848 | Val Max Gen Viol: 0.0000 | Val Max Thermal: 0.0000
Epoch 4070 | Val Loss: 0.3498 | Val Cost:    0.00 | Val Max P-Miss: 0.2239 | Val Max Q-Miss: 0.0155 | Val Max Gen Viol: 0.0000 | Val Max Thermal: 0.0000
Epoch 4080 | Val Loss: 0.3496 | Val Cost:    0.00 | Val Max P-Miss: 0.2217 | Val Max Q-Miss: 0.0128 | Val Max Gen Viol: 0.0000 | Val Max Thermal: 0.0000 [*SAVED BEST*]
Epoch 4090 | Val Loss: 0.3496 | Val Cost:    0.00 | Val Max P-Miss: 0.2214 | Val Max Q-Miss: 0.0140 | Val Max Gen Viol: 0.0000 | Val Max Thermal: 0.0000
Epoch 4100 | Val Loss: 0.3508 | Val Cost:    0.00 | Val Max P-Miss: 0.2298 | Val Max Q-Miss: 0.0140 | Val Max Gen Viol: 0.0000 | Val Max Thermal: 0.0000
Epoch 4110 | Val Loss: 0.3498 | Val Cost:    0.00 | Val Max P-Miss: 0.2204 | Val Max Q-Miss: 0.0120 | Val Max Gen Viol: 0.0000 | Val Max Thermal: 0.0000
Epoch 4120 | Val Loss: 0.3498 | Val Cost:    0.00 | Val Max P-Miss: 0.2189 | Val Max Q-Miss: 0.0122 | Val Max Gen Viol: 0.0000 | Val Max Thermal: 0.0000
Epoch 4130 | Val Loss: 0.3496 | Val Cost:    0.00 | Val Max P-Miss: 0.2204 | Val Max Q-Miss: 0.0109 | Val Max Gen Viol: 0.0000 | Val Max Thermal: 0.0000
Epoch 4140 | Val Loss: 0.3497 | Val Cost:    0.00 | Val Max P-Miss: 0.2218 | Val Max Q-Miss: 0.0104 | Val Max Gen Viol: 0.0000 | Val Max Thermal: 0.0000
Epoch 4150 | Val Loss: 0.3529 | Val Cost:    0.00 | Val Max P-Miss: 0.2461 | Val Max Q-Miss: 0.0179 | Val Max Gen Viol: 0.0000 | Val Max Thermal: 0.0000
Epoch 4160 | Val Loss: 0.3506 | Val Cost:    0.00 | Val Max P-Miss: 0.2282 | Val Max Q-Miss: 0.0127 | Val Max Gen Viol: 0.0000 | Val Max Thermal: 0.0000
Epoch 4170 | Val Loss: 0.3502 | Val Cost:    0.00 | Val Max P-Miss: 0.2205 | Val Max Q-Miss: 0.0132 | Val Max Gen Viol: 0.0000 | Val Max Thermal: 0.0000
Epoch 4180 | Val Loss: 0.3500 | Val Cost:    0.00 | Val Max P-Miss: 0.2253 | Val Max Q-Miss: 0.0104 | Val Max Gen Viol: 0.0000 | Val Max Thermal: 0.0000
Epoch 4190 | Val Loss: 0.3514 | Val Cost:    0.00 | Val Max P-Miss: 0.2371 | Val Max Q-Miss: 0.0151 | Val Max Gen Viol: 0.0000 | Val Max Thermal: 0.0000
Epoch 4200 | Val Loss: 0.3499 | Val Cost:    0.00 | Val Max P-Miss: 0.2215 | Val Max Q-Miss: 0.0102 | Val Max Gen Viol: 0.0000 | Val Max Thermal: 0.0000
Epoch 4210 | Val Loss: 0.3518 | Val Cost:    0.00 | Val Max P-Miss: 0.2353 | Val Max Q-Miss: 0.0149 | Val Max Gen Viol: 0.0000 | Val Max Thermal: 0.0000
Epoch 4220 | Val Loss: 0.3500 | Val Cost:    0.00 | Val Max P-Miss: 0.2242 | Val Max Q-Miss: 0.0106 | Val Max Gen Viol: 0.0000 | Val Max Thermal: 0.0000
Epoch 4230 | Val Loss: 0.3504 | Val Cost:    0.00 | Val Max P-Miss: 0.2244 | Val Max Q-Miss: 0.0113 | Val Max Gen Viol: 0.0000 | Val Max Thermal: 0.0000
Epoch 4240 | Val Loss: 0.3498 | Val Cost:    0.00 | Val Max P-Miss: 0.2227 | Val Max Q-Miss: 0.0107 | Val Max Gen Viol: 0.0000 | Val Max Thermal: 0.0000
Epoch 4250 | Val Loss: 0.3505 | Val Cost:    0.00 | Val Max P-Miss: 0.2191 | Val Max Q-Miss: 0.0124 | Val Max Gen Viol: 0.0000 | Val Max Thermal: 0.0000
Epoch 4260 | Val Loss: 0.3498 | Val Cost:    0.00 | Val Max P-Miss: 0.2232 | Val Max Q-Miss: 0.0100 | Val Max Gen Viol: 0.0000 | Val Max Thermal: 0.0000
Epoch 4270 | Val Loss: 0.3499 | Val Cost:    0.00 | Val Max P-Miss: 0.2188 | Val Max Q-Miss: 0.0113 | Val Max Gen Viol: 0.0000 | Val Max Thermal: 0.0000
Epoch 4280 | Val Loss: 0.3498 | Val Cost:    0.00 | Val Max P-Miss: 0.2215 | Val Max Q-Miss: 0.0107 | Val Max Gen Viol: 0.0000 | Val Max Thermal: 0.0000
Epoch 4290 | Val Loss: 0.3497 | Val Cost:    0.00 | Val Max P-Miss: 0.2183 | Val Max Q-Miss: 0.0107 | Val Max Gen Viol: 0.0000 | Val Max Thermal: 0.0000
Epoch 4300 | Val Loss: 0.3499 | Val Cost:    0.00 | Val Max P-Miss: 0.2219 | Val Max Q-Miss: 0.0113 | Val Max Gen Viol: 0.0000 | Val Max Thermal: 0.0000
Epoch 4310 | Val Loss: 0.3496 | Val Cost:    0.00 | Val Max P-Miss: 0.2224 | Val Max Q-Miss: 0.0105 | Val Max Gen Viol: 0.0000 | Val Max Thermal: 0.0000
Epoch 4320 | Val Loss: 0.3496 | Val Cost:    0.00 | Val Max P-Miss: 0.2206 | Val Max Q-Miss: 0.0105 | Val Max Gen Viol: 0.0000 | Val Max Thermal: 0.0000
Epoch 4330 | Val Loss: 0.3502 | Val Cost:    0.00 | Val Max P-Miss: 0.2273 | Val Max Q-Miss: 0.0117 | Val Max Gen Viol: 0.0000 | Val Max Thermal: 0.0000
Epoch 4340 | Val Loss: 0.3513 | Val Cost:    0.00 | Val Max P-Miss: 0.2273 | Val Max Q-Miss: 0.0141 | Val Max Gen Viol: 0.0000 | Val Max Thermal: 0.0000
Epoch 4350 | Val Loss: 0.3500 | Val Cost:    0.00 | Val Max P-Miss: 0.2233 | Val Max Q-Miss: 0.0108 | Val Max Gen Viol: 0.0000 | Val Max Thermal: 0.0000
Epoch 4360 | Val Loss: 0.3501 | Val Cost:    0.00 | Val Max P-Miss: 0.2231 | Val Max Q-Miss: 0.0109 | Val Max Gen Viol: 0.0000 | Val Max Thermal: 0.0000
Epoch 4370 | Val Loss: 0.3509 | Val Cost:    0.00 | Val Max P-Miss: 0.2336 | Val Max Q-Miss: 0.0138 | Val Max Gen Viol: 0.0000 | Val Max Thermal: 0.0000
Epoch 4380 | Val Loss: 0.3502 | Val Cost:    0.00 | Val Max P-Miss: 0.2245 | Val Max Q-Miss: 0.0110 | Val Max Gen Viol: 0.0000 | Val Max Thermal: 0.0000
Epoch 4390 | Val Loss: 0.3512 | Val Cost:    0.00 | Val Max P-Miss: 0.2271 | Val Max Q-Miss: 0.0132 | Val Max Gen Viol: 0.0000 | Val Max Thermal: 0.0000
Epoch 4400 | Val Loss: 0.3499 | Val Cost:    0.00 | Val Max P-Miss: 0.2183 | Val Max Q-Miss: 0.0103 | Val Max Gen Viol: 0.0000 | Val Max Thermal: 0.0000
Epoch 4410 | Val Loss: 0.3520 | Val Cost:    0.00 | Val Max P-Miss: 0.2388 | Val Max Q-Miss: 0.0137 | Val Max Gen Viol: 0.0000 | Val Max Thermal: 0.0000
Epoch 4420 | Val Loss: 0.3507 | Val Cost:    0.00 | Val Max P-Miss: 0.2302 | Val Max Q-Miss: 0.0249 | Val Max Gen Viol: 0.0000 | Val Max Thermal: 0.0000
Epoch 4430 | Val Loss: 0.3496 | Val Cost:    0.00 | Val Max P-Miss: 0.2210 | Val Max Q-Miss: 0.0150 | Val Max Gen Viol: 0.0000 | Val Max Thermal: 0.0000
Epoch 4440 | Val Loss: 0.3498 | Val Cost:    0.00 | Val Max P-Miss: 0.2246 | Val Max Q-Miss: 0.0112 | Val Max Gen Viol: 0.0000 | Val Max Thermal: 0.0000
Epoch 4450 | Val Loss: 0.3498 | Val Cost:    0.00 | Val Max P-Miss: 0.2227 | Val Max Q-Miss: 0.0105 | Val Max Gen Viol: 0.0000 | Val Max Thermal: 0.0000
Epoch 4460 | Val Loss: 0.3504 | Val Cost:    0.00 | Val Max P-Miss: 0.2255 | Val Max Q-Miss: 0.0125 | Val Max Gen Viol: 0.0000 | Val Max Thermal: 0.0000
Epoch 4470 | Val Loss: 0.3497 | Val Cost:    0.00 | Val Max P-Miss: 0.2212 | Val Max Q-Miss: 0.0128 | Val Max Gen Viol: 0.0000 | Val Max Thermal: 0.0000
Epoch 4480 | Val Loss: 0.3497 | Val Cost:    0.00 | Val Max P-Miss: 0.2201 | Val Max Q-Miss: 0.0110 | Val Max Gen Viol: 0.0000 | Val Max Thermal: 0.0000
Epoch 4490 | Val Loss: 0.3520 | Val Cost:    0.00 | Val Max P-Miss: 0.2388 | Val Max Q-Miss: 0.0153 | Val Max Gen Viol: 0.0000 | Val Max Thermal: 0.0000
Epoch 4500 | Val Loss: 0.3498 | Val Cost:    0.00 | Val Max P-Miss: 0.2216 | Val Max Q-Miss: 0.0130 | Val Max Gen Viol: 0.0000 | Val Max Thermal: 0.0000
Epoch 4510 | Val Loss: 0.3496 | Val Cost:    0.00 | Val Max P-Miss: 0.2195 | Val Max Q-Miss: 0.0107 | Val Max Gen Viol: 0.0000 | Val Max Thermal: 0.0000
Epoch 4520 | Val Loss: 0.3496 | Val Cost:    0.00 | Val Max P-Miss: 0.2209 | Val Max Q-Miss: 0.0104 | Val Max Gen Viol: 0.0000 | Val Max Thermal: 0.0000
Epoch 4530 | Val Loss: 0.3503 | Val Cost:    0.00 | Val Max P-Miss: 0.2290 | Val Max Q-Miss: 0.0128 | Val Max Gen Viol: 0.0000 | Val Max Thermal: 0.0000
Epoch 4540 | Val Loss: 0.3496 | Val Cost:    0.00 | Val Max P-Miss: 0.2188 | Val Max Q-Miss: 0.0141 | Val Max Gen Viol: 0.0000 | Val Max Thermal: 0.0000
Epoch 4550 | Val Loss: 0.3501 | Val Cost:    0.00 | Val Max P-Miss: 0.2237 | Val Max Q-Miss: 0.0118 | Val Max Gen Viol: 0.0000 | Val Max Thermal: 0.0000
Epoch 4560 | Val Loss: 0.3519 | Val Cost:    0.00 | Val Max P-Miss: 0.2451 | Val Max Q-Miss: 0.0181 | Val Max Gen Viol: 0.0000 | Val Max Thermal: 0.0000
Epoch 4570 | Val Loss: 0.3532 | Val Cost:    0.00 | Val Max P-Miss: 0.2513 | Val Max Q-Miss: 0.0190 | Val Max Gen Viol: 0.0000 | Val Max Thermal: 0.0000
Epoch 4580 | Val Loss: 0.3496 | Val Cost:    0.00 | Val Max P-Miss: 0.2196 | Val Max Q-Miss: 0.0107 | Val Max Gen Viol: 0.0000 | Val Max Thermal: 0.0000 [*SAVED BEST*]
Epoch 4590 | Val Loss: 0.3499 | Val Cost:    0.00 | Val Max P-Miss: 0.2216 | Val Max Q-Miss: 0.0114 | Val Max Gen Viol: 0.0000 | Val Max Thermal: 0.0000
Epoch 4600 | Val Loss: 0.3508 | Val Cost:    0.00 | Val Max P-Miss: 0.2376 | Val Max Q-Miss: 0.0144 | Val Max Gen Viol: 0.0000 | Val Max Thermal: 0.0000
Epoch 4610 | Val Loss: 0.3497 | Val Cost:    0.00 | Val Max P-Miss: 0.2186 | Val Max Q-Miss: 0.0153 | Val Max Gen Viol: 0.0000 | Val Max Thermal: 0.0000
Epoch 4620 | Val Loss: 0.3496 | Val Cost:    0.00 | Val Max P-Miss: 0.2180 | Val Max Q-Miss: 0.0105 | Val Max Gen Viol: 0.0000 | Val Max Thermal: 0.0000
Epoch 4630 | Val Loss: 0.3496 | Val Cost:    0.00 | Val Max P-Miss: 0.2183 | Val Max Q-Miss: 0.0108 | Val Max Gen Viol: 0.0000 | Val Max Thermal: 0.0000
Epoch 4640 | Val Loss: 0.3497 | Val Cost:    0.00 | Val Max P-Miss: 0.2182 | Val Max Q-Miss: 0.0109 | Val Max Gen Viol: 0.0000 | Val Max Thermal: 0.0000
Epoch 4650 | Val Loss: 0.3496 | Val Cost:    0.00 | Val Max P-Miss: 0.2183 | Val Max Q-Miss: 0.0107 | Val Max Gen Viol: 0.0000 | Val Max Thermal: 0.0000
Epoch 4660 | Val Loss: 0.3500 | Val Cost:    0.00 | Val Max P-Miss: 0.2223 | Val Max Q-Miss: 0.0103 | Val Max Gen Viol: 0.0000 | Val Max Thermal: 0.0000
Epoch 4670 | Val Loss: 0.3498 | Val Cost:    0.00 | Val Max P-Miss: 0.2182 | Val Max Q-Miss: 0.0102 | Val Max Gen Viol: 0.0000 | Val Max Thermal: 0.0000
Epoch 4680 | Val Loss: 0.3497 | Val Cost:    0.00 | Val Max P-Miss: 0.2182 | Val Max Q-Miss: 0.0115 | Val Max Gen Viol: 0.0000 | Val Max Thermal: 0.0000
Epoch 4690 | Val Loss: 0.3507 | Val Cost:    0.00 | Val Max P-Miss: 0.2338 | Val Max Q-Miss: 0.0134 | Val Max Gen Viol: 0.0000 | Val Max Thermal: 0.0000
Epoch 4700 | Val Loss: 0.3768 | Val Cost:    0.00 | Val Max P-Miss: 0.2810 | Val Max Q-Miss: 0.0670 | Val Max Gen Viol: 0.0000 | Val Max Thermal: 0.0000
Epoch 4710 | Val Loss: 0.3501 | Val Cost:    0.00 | Val Max P-Miss: 0.2366 | Val Max Q-Miss: 0.0173 | Val Max Gen Viol: 0.0000 | Val Max Thermal: 0.0000
Epoch 4720 | Val Loss: 0.3496 | Val Cost:    0.00 | Val Max P-Miss: 0.2283 | Val Max Q-Miss: 0.0164 | Val Max Gen Viol: 0.0000 | Val Max Thermal: 0.0000
Epoch 4730 | Val Loss: 0.3495 | Val Cost:    0.00 | Val Max P-Miss: 0.2242 | Val Max Q-Miss: 0.0167 | Val Max Gen Viol: 0.0000 | Val Max Thermal: 0.0000 [*SAVED BEST*]
Epoch 4740 | Val Loss: 0.3498 | Val Cost:    0.00 | Val Max P-Miss: 0.2274 | Val Max Q-Miss: 0.0167 | Val Max Gen Viol: 0.0000 | Val Max Thermal: 0.0000
Epoch 4750 | Val Loss: 0.3497 | Val Cost:    0.00 | Val Max P-Miss: 0.2281 | Val Max Q-Miss: 0.0147 | Val Max Gen Viol: 0.0000 | Val Max Thermal: 0.0000
Epoch 4760 | Val Loss: 0.3497 | Val Cost:    0.00 | Val Max P-Miss: 0.2258 | Val Max Q-Miss: 0.0146 | Val Max Gen Viol: 0.0000 | Val Max Thermal: 0.0000
Epoch 4770 | Val Loss: 0.3497 | Val Cost:    0.00 | Val Max P-Miss: 0.2246 | Val Max Q-Miss: 0.0162 | Val Max Gen Viol: 0.0000 | Val Max Thermal: 0.0000
Epoch 4780 | Val Loss: 0.3525 | Val Cost:    0.00 | Val Max P-Miss: 0.2431 | Val Max Q-Miss: 0.0167 | Val Max Gen Viol: 0.0000 | Val Max Thermal: 0.0000
Epoch 4790 | Val Loss: 0.3510 | Val Cost:    0.00 | Val Max P-Miss: 0.2298 | Val Max Q-Miss: 0.0133 | Val Max Gen Viol: 0.0000 | Val Max Thermal: 0.0000
Epoch 4800 | Val Loss: 0.3506 | Val Cost:    0.00 | Val Max P-Miss: 0.2284 | Val Max Q-Miss: 0.0132 | Val Max Gen Viol: 0.0000 | Val Max Thermal: 0.0000
Epoch 4810 | Val Loss: 0.3501 | Val Cost:    0.00 | Val Max P-Miss: 0.2243 | Val Max Q-Miss: 0.0143 | Val Max Gen Viol: 0.0000 | Val Max Thermal: 0.0000
Epoch 4820 | Val Loss: 0.3497 | Val Cost:    0.00 | Val Max P-Miss: 0.2239 | Val Max Q-Miss: 0.0127 | Val Max Gen Viol: 0.0000 | Val Max Thermal: 0.0000
Epoch 4830 | Val Loss: 0.3500 | Val Cost:    0.00 | Val Max P-Miss: 0.2246 | Val Max Q-Miss: 0.0140 | Val Max Gen Viol: 0.0000 | Val Max Thermal: 0.0000
Epoch 4840 | Val Loss: 0.3497 | Val Cost:    0.00 | Val Max P-Miss: 0.2241 | Val Max Q-Miss: 0.0124 | Val Max Gen Viol: 0.0000 | Val Max Thermal: 0.0000
Epoch 4850 | Val Loss: 0.3518 | Val Cost:    0.00 | Val Max P-Miss: 0.2378 | Val Max Q-Miss: 0.0149 | Val Max Gen Viol: 0.0000 | Val Max Thermal: 0.0000
Epoch 4860 | Val Loss: 0.3497 | Val Cost:    0.00 | Val Max P-Miss: 0.2244 | Val Max Q-Miss: 0.0122 | Val Max Gen Viol: 0.0000 | Val Max Thermal: 0.0000
Epoch 4870 | Val Loss: 0.3502 | Val Cost:    0.00 | Val Max P-Miss: 0.2233 | Val Max Q-Miss: 0.0124 | Val Max Gen Viol: 0.0000 | Val Max Thermal: 0.0000
Epoch 4880 | Val Loss: 0.3510 | Val Cost:    0.00 | Val Max P-Miss: 0.2399 | Val Max Q-Miss: 0.0168 | Val Max Gen Viol: 0.0000 | Val Max Thermal: 0.0000
Epoch 4890 | Val Loss: 0.3512 | Val Cost:    0.00 | Val Max P-Miss: 0.2223 | Val Max Q-Miss: 0.0152 | Val Max Gen Viol: 0.0000 | Val Max Thermal: 0.0000
Epoch 4900 | Val Loss: 0.3498 | Val Cost:    0.00 | Val Max P-Miss: 0.2238 | Val Max Q-Miss: 0.0115 | Val Max Gen Viol: 0.0000 | Val Max Thermal: 0.0000
Epoch 4910 | Val Loss: 0.3496 | Val Cost:    0.00 | Val Max P-Miss: 0.2228 | Val Max Q-Miss: 0.0111 | Val Max Gen Viol: 0.0000 | Val Max Thermal: 0.0000
Epoch 4920 | Val Loss: 0.3507 | Val Cost:    0.00 | Val Max P-Miss: 0.2264 | Val Max Q-Miss: 0.0126 | Val Max Gen Viol: 0.0000 | Val Max Thermal: 0.0000
Epoch 4930 | Val Loss: 0.3499 | Val Cost:    0.00 | Val Max P-Miss: 0.2219 | Val Max Q-Miss: 0.0110 | Val Max Gen Viol: 0.0000 | Val Max Thermal: 0.0000
Epoch 4940 | Val Loss: 0.3496 | Val Cost:    0.00 | Val Max P-Miss: 0.2233 | Val Max Q-Miss: 0.0119 | Val Max Gen Viol: 0.0000 | Val Max Thermal: 0.0000
Epoch 4950 | Val Loss: 0.3499 | Val Cost:    0.00 | Val Max P-Miss: 0.2250 | Val Max Q-Miss: 0.0100 | Val Max Gen Viol: 0.0000 | Val Max Thermal: 0.0000
Epoch 4960 | Val Loss: 0.3497 | Val Cost:    0.00 | Val Max P-Miss: 0.2199 | Val Max Q-Miss: 0.0129 | Val Max Gen Viol: 0.0000 | Val Max Thermal: 0.0000
Epoch 4970 | Val Loss: 0.3498 | Val Cost:    0.00 | Val Max P-Miss: 0.2245 | Val Max Q-Miss: 0.0113 | Val Max Gen Viol: 0.0000 | Val Max Thermal: 0.0000
Epoch 4980 | Val Loss: 0.3516 | Val Cost:    0.00 | Val Max P-Miss: 0.2352 | Val Max Q-Miss: 0.0142 | Val Max Gen Viol: 0.0000 | Val Max Thermal: 0.0000
Epoch 4990 | Val Loss: 0.3498 | Val Cost:    0.00 | Val Max P-Miss: 0.2228 | Val Max Q-Miss: 0.0120 | Val Max Gen Viol: 0.0000 | Val Max Thermal: 0.0000
Epoch 5000 | Val Loss: 0.3496 | Val Cost:    0.00 | Val Max P-Miss: 0.2229 | Val Max Q-Miss: 0.0121 | Val Max Gen Viol: 0.0000 | Val Max Thermal: 0.0000
Epoch 5010 | Val Loss: 0.3503 | Val Cost:    0.00 | Val Max P-Miss: 0.2266 | Val Max Q-Miss: 0.0110 | Val Max Gen Viol: 0.0000 | Val Max Thermal: 0.0000
Epoch 5020 | Val Loss: 0.3497 | Val Cost:    0.00 | Val Max P-Miss: 0.2216 | Val Max Q-Miss: 0.0120 | Val Max Gen Viol: 0.0000 | Val Max Thermal: 0.0000
Epoch 5030 | Val Loss: 0.3496 | Val Cost:    0.00 | Val Max P-Miss: 0.2203 | Val Max Q-Miss: 0.0122 | Val Max Gen Viol: 0.0000 | Val Max Thermal: 0.0000
Epoch 5040 | Val Loss: 0.3537 | Val Cost:    0.00 | Val Max P-Miss: 0.2552 | Val Max Q-Miss: 0.0181 | Val Max Gen Viol: 0.0000 | Val Max Thermal: 0.0000
Epoch 5050 | Val Loss: 0.3500 | Val Cost:    0.00 | Val Max P-Miss: 0.2247 | Val Max Q-Miss: 0.0101 | Val Max Gen Viol: 0.0000 | Val Max Thermal: 0.0000
Epoch 5060 | Val Loss: 0.3508 | Val Cost:    0.00 | Val Max P-Miss: 0.2256 | Val Max Q-Miss: 0.0114 | Val Max Gen Viol: 0.0000 | Val Max Thermal: 0.0000
Epoch 5070 | Val Loss: 0.3496 | Val Cost:    0.00 | Val Max P-Miss: 0.2213 | Val Max Q-Miss: 0.0123 | Val Max Gen Viol: 0.0000 | Val Max Thermal: 0.0000
Epoch 5080 | Val Loss: 0.3496 | Val Cost:    0.00 | Val Max P-Miss: 0.2213 | Val Max Q-Miss: 0.0106 | Val Max Gen Viol: 0.0000 | Val Max Thermal: 0.0000
Epoch 5090 | Val Loss: 0.3534 | Val Cost:    0.00 | Val Max P-Miss: 0.2376 | Val Max Q-Miss: 0.0176 | Val Max Gen Viol: 0.0000 | Val Max Thermal: 0.0000
Epoch 5100 | Val Loss: 0.3498 | Val Cost:    0.00 | Val Max P-Miss: 0.2226 | Val Max Q-Miss: 0.0124 | Val Max Gen Viol: 0.0000 | Val Max Thermal: 0.0000
Epoch 5110 | Val Loss: 0.3495 | Val Cost:    0.00 | Val Max P-Miss: 0.2226 | Val Max Q-Miss: 0.0111 | Val Max Gen Viol: 0.0000 | Val Max Thermal: 0.0000
Epoch 5120 | Val Loss: 0.3538 | Val Cost:    0.00 | Val Max P-Miss: 0.2407 | Val Max Q-Miss: 0.0157 | Val Max Gen Viol: 0.0000 | Val Max Thermal: 0.0000
Epoch 5130 | Val Loss: 0.3500 | Val Cost:    0.00 | Val Max P-Miss: 0.2246 | Val Max Q-Miss: 0.0103 | Val Max Gen Viol: 0.0000 | Val Max Thermal: 0.0000
Epoch 5140 | Val Loss: 0.3497 | Val Cost:    0.00 | Val Max P-Miss: 0.2240 | Val Max Q-Miss: 0.0099 | Val Max Gen Viol: 0.0000 | Val Max Thermal: 0.0000
Epoch 5150 | Val Loss: 0.3502 | Val Cost:    0.00 | Val Max P-Miss: 0.2258 | Val Max Q-Miss: 0.0109 | Val Max Gen Viol: 0.0000 | Val Max Thermal: 0.0000
Epoch 5160 | Val Loss: 0.3510 | Val Cost:    0.00 | Val Max P-Miss: 0.2362 | Val Max Q-Miss: 0.0129 | Val Max Gen Viol: 0.0000 | Val Max Thermal: 0.0000
Epoch 5170 | Val Loss: 0.3503 | Val Cost:    0.00 | Val Max P-Miss: 0.2261 | Val Max Q-Miss: 0.0119 | Val Max Gen Viol: 0.0000 | Val Max Thermal: 0.0000
Epoch 5180 | Val Loss: 0.3495 | Val Cost:    0.00 | Val Max P-Miss: 0.2223 | Val Max Q-Miss: 0.0106 | Val Max Gen Viol: 0.0000 | Val Max Thermal: 0.0000
Epoch 5190 | Val Loss: 0.3499 | Val Cost:    0.00 | Val Max P-Miss: 0.2248 | Val Max Q-Miss: 0.0097 | Val Max Gen Viol: 0.0000 | Val Max Thermal: 0.0000
Epoch 5200 | Val Loss: 0.3498 | Val Cost:    0.00 | Val Max P-Miss: 0.2214 | Val Max Q-Miss: 0.0101 | Val Max Gen Viol: 0.0000 | Val Max Thermal: 0.0000
Epoch 5210 | Val Loss: 0.3499 | Val Cost:    0.00 | Val Max P-Miss: 0.2238 | Val Max Q-Miss: 0.0098 | Val Max Gen Viol: 0.0000 | Val Max Thermal: 0.0000
Epoch 5220 | Val Loss: 0.3499 | Val Cost:    0.00 | Val Max P-Miss: 0.2241 | Val Max Q-Miss: 0.0103 | Val Max Gen Viol: 0.0000 | Val Max Thermal: 0.0000
Epoch 5230 | Val Loss: 0.3496 | Val Cost:    0.00 | Val Max P-Miss: 0.2230 | Val Max Q-Miss: 0.0104 | Val Max Gen Viol: 0.0000 | Val Max Thermal: 0.0000
Epoch 5240 | Val Loss: 0.3507 | Val Cost:    0.00 | Val Max P-Miss: 0.2272 | Val Max Q-Miss: 0.0116 | Val Max Gen Viol: 0.0000 | Val Max Thermal: 0.0000
Epoch 5250 | Val Loss: 0.3497 | Val Cost:    0.00 | Val Max P-Miss: 0.2233 | Val Max Q-Miss: 0.0094 | Val Max Gen Viol: 0.0000 | Val Max Thermal: 0.0000
Epoch 5260 | Val Loss: 0.3506 | Val Cost:    0.00 | Val Max P-Miss: 0.2268 | Val Max Q-Miss: 0.0125 | Val Max Gen Viol: 0.0000 | Val Max Thermal: 0.0000
Epoch 5270 | Val Loss: 0.3500 | Val Cost:    0.00 | Val Max P-Miss: 0.2249 | Val Max Q-Miss: 0.0100 | Val Max Gen Viol: 0.0000 | Val Max Thermal: 0.0000
Epoch 5280 | Val Loss: 0.3496 | Val Cost:    0.00 | Val Max P-Miss: 0.2217 | Val Max Q-Miss: 0.0095 | Val Max Gen Viol: 0.0000 | Val Max Thermal: 0.0000
Epoch 5290 | Val Loss: 0.3499 | Val Cost:    0.00 | Val Max P-Miss: 0.2238 | Val Max Q-Miss: 0.0093 | Val Max Gen Viol: 0.0000 | Val Max Thermal: 0.0000
Epoch 5300 | Val Loss: 0.3495 | Val Cost:    0.00 | Val Max P-Miss: 0.2209 | Val Max Q-Miss: 0.0115 | Val Max Gen Viol: 0.0000 | Val Max Thermal: 0.0000
Epoch 5310 | Val Loss: 0.3498 | Val Cost:    0.00 | Val Max P-Miss: 0.2229 | Val Max Q-Miss: 0.0092 | Val Max Gen Viol: 0.0000 | Val Max Thermal: 0.0000
Epoch 5320 | Val Loss: 0.3496 | Val Cost:    0.00 | Val Max P-Miss: 0.2209 | Val Max Q-Miss: 0.0115 | Val Max Gen Viol: 0.0000 | Val Max Thermal: 0.0000
Epoch 5330 | Val Loss: 0.3499 | Val Cost:    0.00 | Val Max P-Miss: 0.2238 | Val Max Q-Miss: 0.0097 | Val Max Gen Viol: 0.0000 | Val Max Thermal: 0.0000
Epoch 5340 | Val Loss: 0.3497 | Val Cost:    0.00 | Val Max P-Miss: 0.2236 | Val Max Q-Miss: 0.0103 | Val Max Gen Viol: 0.0000 | Val Max Thermal: 0.0000
Epoch 5350 | Val Loss: 0.3495 | Val Cost:    0.00 | Val Max P-Miss: 0.2226 | Val Max Q-Miss: 0.0092 | Val Max Gen Viol: 0.0000 | Val Max Thermal: 0.0000
Epoch 5360 | Val Loss: 0.3496 | Val Cost:    0.00 | Val Max P-Miss: 0.2221 | Val Max Q-Miss: 0.0097 | Val Max Gen Viol: 0.0000 | Val Max Thermal: 0.0000
Epoch 5370 | Val Loss: 0.3511 | Val Cost:    0.00 | Val Max P-Miss: 0.2374 | Val Max Q-Miss: 0.0135 | Val Max Gen Viol: 0.0000 | Val Max Thermal: 0.0000
Epoch 5380 | Val Loss: 0.3496 | Val Cost:    0.00 | Val Max P-Miss: 0.2244 | Val Max Q-Miss: 0.0093 | Val Max Gen Viol: 0.0000 | Val Max Thermal: 0.0000
Epoch 5390 | Val Loss: 0.3499 | Val Cost:    0.00 | Val Max P-Miss: 0.2240 | Val Max Q-Miss: 0.0099 | Val Max Gen Viol: 0.0000 | Val Max Thermal: 0.0000
Epoch 5400 | Val Loss: 0.3499 | Val Cost:    0.00 | Val Max P-Miss: 0.2189 | Val Max Q-Miss: 0.0109 | Val Max Gen Viol: 0.0000 | Val Max Thermal: 0.0000
Epoch 5410 | Val Loss: 0.3496 | Val Cost:    0.00 | Val Max P-Miss: 0.2234 | Val Max Q-Miss: 0.0093 | Val Max Gen Viol: 0.0000 | Val Max Thermal: 0.0000
Epoch 5420 | Val Loss: 0.3496 | Val Cost:    0.00 | Val Max P-Miss: 0.2224 | Val Max Q-Miss: 0.0089 | Val Max Gen Viol: 0.0000 | Val Max Thermal: 0.0000
Epoch 5430 | Val Loss: 0.3497 | Val Cost:    0.00 | Val Max P-Miss: 0.2243 | Val Max Q-Miss: 0.0090 | Val Max Gen Viol: 0.0000 | Val Max Thermal: 0.0000
Epoch 5440 | Val Loss: 0.3496 | Val Cost:    0.00 | Val Max P-Miss: 0.2200 | Val Max Q-Miss: 0.0107 | Val Max Gen Viol: 0.0000 | Val Max Thermal: 0.0000
Epoch 5450 | Val Loss: 0.3498 | Val Cost:    0.00 | Val Max P-Miss: 0.2193 | Val Max Q-Miss: 0.0112 | Val Max Gen Viol: 0.0000 | Val Max Thermal: 0.0000
Epoch 5460 | Val Loss: 0.3496 | Val Cost:    0.00 | Val Max P-Miss: 0.2228 | Val Max Q-Miss: 0.0098 | Val Max Gen Viol: 0.0000 | Val Max Thermal: 0.0000
Epoch 5470 | Val Loss: 0.3517 | Val Cost:    0.00 | Val Max P-Miss: 0.2362 | Val Max Q-Miss: 0.0145 | Val Max Gen Viol: 0.0000 | Val Max Thermal: 0.0000
Epoch 5480 | Val Loss: 0.3496 | Val Cost:    0.00 | Val Max P-Miss: 0.2236 | Val Max Q-Miss: 0.0092 | Val Max Gen Viol: 0.0000 | Val Max Thermal: 0.0000
Epoch 5490 | Val Loss: 0.3499 | Val Cost:    0.00 | Val Max P-Miss: 0.2245 | Val Max Q-Miss: 0.0100 | Val Max Gen Viol: 0.0000 | Val Max Thermal: 0.0000
Epoch 5500 | Val Loss: 0.3502 | Val Cost:    0.00 | Val Max P-Miss: 0.2251 | Val Max Q-Miss: 0.0106 | Val Max Gen Viol: 0.0000 | Val Max Thermal: 0.0000
Epoch 5510 | Val Loss: 0.3497 | Val Cost:    0.00 | Val Max P-Miss: 0.2236 | Val Max Q-Miss: 0.0095 | Val Max Gen Viol: 0.0000 | Val Max Thermal: 0.0000
Epoch 5520 | Val Loss: 0.3498 | Val Cost:    0.00 | Val Max P-Miss: 0.2238 | Val Max Q-Miss: 0.0096 | Val Max Gen Viol: 0.0000 | Val Max Thermal: 0.0000
Epoch 5530 | Val Loss: 0.3495 | Val Cost:    0.00 | Val Max P-Miss: 0.2228 | Val Max Q-Miss: 0.0094 | Val Max Gen Viol: 0.0000 | Val Max Thermal: 0.0000
Epoch 5540 | Val Loss: 0.3497 | Val Cost:    0.00 | Val Max P-Miss: 0.2242 | Val Max Q-Miss: 0.0090 | Val Max Gen Viol: 0.0000 | Val Max Thermal: 0.0000
Epoch 5550 | Val Loss: 0.3498 | Val Cost:    0.00 | Val Max P-Miss: 0.2249 | Val Max Q-Miss: 0.0097 | Val Max Gen Viol: 0.0000 | Val Max Thermal: 0.0000
Epoch 5560 | Val Loss: 0.3502 | Val Cost:    0.00 | Val Max P-Miss: 0.2259 | Val Max Q-Miss: 0.0112 | Val Max Gen Viol: 0.0000 | Val Max Thermal: 0.0000
Epoch 5570 | Val Loss: 0.3496 | Val Cost:    0.00 | Val Max P-Miss: 0.2228 | Val Max Q-Miss: 0.0086 | Val Max Gen Viol: 0.0000 | Val Max Thermal: 0.0000
Epoch 5580 | Val Loss: 0.3500 | Val Cost:    0.00 | Val Max P-Miss: 0.2207 | Val Max Q-Miss: 0.0102 | Val Max Gen Viol: 0.0000 | Val Max Thermal: 0.0000
Epoch 5590 | Val Loss: 0.3496 | Val Cost:    0.00 | Val Max P-Miss: 0.2222 | Val Max Q-Miss: 0.0110 | Val Max Gen Viol: 0.0000 | Val Max Thermal: 0.0000
Epoch 5600 | Val Loss: 0.3496 | Val Cost:    0.00 | Val Max P-Miss: 0.2208 | Val Max Q-Miss: 0.0110 | Val Max Gen Viol: 0.0000 | Val Max Thermal: 0.0000
Epoch 5610 | Val Loss: 0.3497 | Val Cost:    0.00 | Val Max P-Miss: 0.2225 | Val Max Q-Miss: 0.0103 | Val Max Gen Viol: 0.0000 | Val Max Thermal: 0.0000
Epoch 5620 | Val Loss: 0.3497 | Val Cost:    0.00 | Val Max P-Miss: 0.2240 | Val Max Q-Miss: 0.0101 | Val Max Gen Viol: 0.0000 | Val Max Thermal: 0.0000
Epoch 5630 | Val Loss: 0.3495 | Val Cost:    0.00 | Val Max P-Miss: 0.2213 | Val Max Q-Miss: 0.0094 | Val Max Gen Viol: 0.0000 | Val Max Thermal: 0.0000 [*SAVED BEST*]
Epoch 5640 | Val Loss: 0.3497 | Val Cost:    0.00 | Val Max P-Miss: 0.2209 | Val Max Q-Miss: 0.0096 | Val Max Gen Viol: 0.0000 | Val Max Thermal: 0.0000
Epoch 5650 | Val Loss: 0.3524 | Val Cost:    0.00 | Val Max P-Miss: 0.2404 | Val Max Q-Miss: 0.0142 | Val Max Gen Viol: 0.0000 | Val Max Thermal: 0.0000
Epoch 5660 | Val Loss: 0.3497 | Val Cost:    0.00 | Val Max P-Miss: 0.2223 | Val Max Q-Miss: 0.0088 | Val Max Gen Viol: 0.0000 | Val Max Thermal: 0.0000
Epoch 5670 | Val Loss: 0.3497 | Val Cost:    0.00 | Val Max P-Miss: 0.2239 | Val Max Q-Miss: 0.0102 | Val Max Gen Viol: 0.0000 | Val Max Thermal: 0.0000
Epoch 5680 | Val Loss: 0.3495 | Val Cost:    0.00 | Val Max P-Miss: 0.2222 | Val Max Q-Miss: 0.0093 | Val Max Gen Viol: 0.0000 | Val Max Thermal: 0.0000
Epoch 5690 | Val Loss: 0.3507 | Val Cost:    0.00 | Val Max P-Miss: 0.2285 | Val Max Q-Miss: 0.0112 | Val Max Gen Viol: 0.0000 | Val Max Thermal: 0.0000
Epoch 5700 | Val Loss: 0.3509 | Val Cost:    0.00 | Val Max P-Miss: 0.2267 | Val Max Q-Miss: 0.0102 | Val Max Gen Viol: 0.0000 | Val Max Thermal: 0.0000
Epoch 5710 | Val Loss: 0.3496 | Val Cost:    0.00 | Val Max P-Miss: 0.2233 | Val Max Q-Miss: 0.0094 | Val Max Gen Viol: 0.0000 | Val Max Thermal: 0.0000
Epoch 5720 | Val Loss: 0.3499 | Val Cost:    0.00 | Val Max P-Miss: 0.2216 | Val Max Q-Miss: 0.0116 | Val Max Gen Viol: 0.0000 | Val Max Thermal: 0.0000
Epoch 5730 | Val Loss: 0.3496 | Val Cost:    0.00 | Val Max P-Miss: 0.2204 | Val Max Q-Miss: 0.0112 | Val Max Gen Viol: 0.0000 | Val Max Thermal: 0.0000
Epoch 5740 | Val Loss: 0.3499 | Val Cost:    0.00 | Val Max P-Miss: 0.2248 | Val Max Q-Miss: 0.0098 | Val Max Gen Viol: 0.0000 | Val Max Thermal: 0.0000
Epoch 5750 | Val Loss: 0.3497 | Val Cost:    0.00 | Val Max P-Miss: 0.2231 | Val Max Q-Miss: 0.0110 | Val Max Gen Viol: 0.0000 | Val Max Thermal: 0.0000
Epoch 5760 | Val Loss: 0.3497 | Val Cost:    0.00 | Val Max P-Miss: 0.2235 | Val Max Q-Miss: 0.0105 | Val Max Gen Viol: 0.0000 | Val Max Thermal: 0.0000
Epoch 5770 | Val Loss: 0.3498 | Val Cost:    0.00 | Val Max P-Miss: 0.2248 | Val Max Q-Miss: 0.0092 | Val Max Gen Viol: 0.0000 | Val Max Thermal: 0.0000
Epoch 5780 | Val Loss: 0.3497 | Val Cost:    0.00 | Val Max P-Miss: 0.2210 | Val Max Q-Miss: 0.0090 | Val Max Gen Viol: 0.0000 | Val Max Thermal: 0.0000
Epoch 5790 | Val Loss: 0.3497 | Val Cost:    0.00 | Val Max P-Miss: 0.2241 | Val Max Q-Miss: 0.0104 | Val Max Gen Viol: 0.0000 | Val Max Thermal: 0.0000
Epoch 5800 | Val Loss: 0.3504 | Val Cost:    0.00 | Val Max P-Miss: 0.2239 | Val Max Q-Miss: 0.0114 | Val Max Gen Viol: 0.0000 | Val Max Thermal: 0.0000
Epoch 5810 | Val Loss: 0.3497 | Val Cost:    0.00 | Val Max P-Miss: 0.2251 | Val Max Q-Miss: 0.0097 | Val Max Gen Viol: 0.0000 | Val Max Thermal: 0.0000
Epoch 5820 | Val Loss: 0.3495 | Val Cost:    0.00 | Val Max P-Miss: 0.2218 | Val Max Q-Miss: 0.0095 | Val Max Gen Viol: 0.0000 | Val Max Thermal: 0.0000
Epoch 5830 | Val Loss: 0.3500 | Val Cost:    0.00 | Val Max P-Miss: 0.2251 | Val Max Q-Miss: 0.0097 | Val Max Gen Viol: 0.0000 | Val Max Thermal: 0.0000
Epoch 5840 | Val Loss: 0.3500 | Val Cost:    0.00 | Val Max P-Miss: 0.2227 | Val Max Q-Miss: 0.0133 | Val Max Gen Viol: 0.0000 | Val Max Thermal: 0.0000
Epoch 5850 | Val Loss: 0.3496 | Val Cost:    0.00 | Val Max P-Miss: 0.2232 | Val Max Q-Miss: 0.0101 | Val Max Gen Viol: 0.0000 | Val Max Thermal: 0.0000
Epoch 5860 | Val Loss: 0.3502 | Val Cost:    0.00 | Val Max P-Miss: 0.2231 | Val Max Q-Miss: 0.0126 | Val Max Gen Viol: 0.0000 | Val Max Thermal: 0.0000
Epoch 5870 | Val Loss: 0.3495 | Val Cost:    0.00 | Val Max P-Miss: 0.2206 | Val Max Q-Miss: 0.0104 | Val Max Gen Viol: 0.0000 | Val Max Thermal: 0.0000 [*SAVED BEST*]
Epoch 5880 | Val Loss: 0.3495 | Val Cost:    0.00 | Val Max P-Miss: 0.2216 | Val Max Q-Miss: 0.0104 | Val Max Gen Viol: 0.0000 | Val Max Thermal: 0.0000
Epoch 5890 | Val Loss: 0.3501 | Val Cost:    0.00 | Val Max P-Miss: 0.2255 | Val Max Q-Miss: 0.0091 | Val Max Gen Viol: 0.0000 | Val Max Thermal: 0.0000
Epoch 5900 | Val Loss: 0.3494 | Val Cost:    0.00 | Val Max P-Miss: 0.2206 | Val Max Q-Miss: 0.0103 | Val Max Gen Viol: 0.0000 | Val Max Thermal: 0.0000 [*SAVED BEST*]
Epoch 5910 | Val Loss: 0.3498 | Val Cost:    0.00 | Val Max P-Miss: 0.2209 | Val Max Q-Miss: 0.0103 | Val Max Gen Viol: 0.0000 | Val Max Thermal: 0.0000
Epoch 5920 | Val Loss: 0.3495 | Val Cost:    0.00 | Val Max P-Miss: 0.2216 | Val Max Q-Miss: 0.0116 | Val Max Gen Viol: 0.0000 | Val Max Thermal: 0.0000
Epoch 5930 | Val Loss: 0.3496 | Val Cost:    0.00 | Val Max P-Miss: 0.2230 | Val Max Q-Miss: 0.0101 | Val Max Gen Viol: 0.0000 | Val Max Thermal: 0.0000
Epoch 5940 | Val Loss: 0.3499 | Val Cost:    0.00 | Val Max P-Miss: 0.2244 | Val Max Q-Miss: 0.0107 | Val Max Gen Viol: 0.0000 | Val Max Thermal: 0.0000
Epoch 5950 | Val Loss: 0.3499 | Val Cost:    0.00 | Val Max P-Miss: 0.2254 | Val Max Q-Miss: 0.0091 | Val Max Gen Viol: 0.0000 | Val Max Thermal: 0.0000
Epoch 5960 | Val Loss: 0.3495 | Val Cost:    0.00 | Val Max P-Miss: 0.2212 | Val Max Q-Miss: 0.0112 | Val Max Gen Viol: 0.0000 | Val Max Thermal: 0.0000
Epoch 5970 | Val Loss: 0.3495 | Val Cost:    0.00 | Val Max P-Miss: 0.2232 | Val Max Q-Miss: 0.0099 | Val Max Gen Viol: 0.0000 | Val Max Thermal: 0.0000
Epoch 5980 | Val Loss: 0.3495 | Val Cost:    0.00 | Val Max P-Miss: 0.2208 | Val Max Q-Miss: 0.0109 | Val Max Gen Viol: 0.0000 | Val Max Thermal: 0.0000
Epoch 5990 | Val Loss: 0.3495 | Val Cost:    0.00 | Val Max P-Miss: 0.2230 | Val Max Q-Miss: 0.0120 | Val Max Gen Viol: 0.0000 | Val Max Thermal: 0.0000
Epoch 6000 | Val Loss: 0.3496 | Val Cost:    0.00 | Val Max P-Miss: 0.2244 | Val Max Q-Miss: 0.0120 | Val Max Gen Viol: 0.0000 | Val Max Thermal: 0.0000
Epoch 6010 | Val Loss: 0.3496 | Val Cost:    0.00 | Val Max P-Miss: 0.2221 | Val Max Q-Miss: 0.0106 | Val Max Gen Viol: 0.0000 | Val Max Thermal: 0.0000
Epoch 6020 | Val Loss: 0.3495 | Val Cost:    0.00 | Val Max P-Miss: 0.2207 | Val Max Q-Miss: 0.0115 | Val Max Gen Viol: 0.0000 | Val Max Thermal: 0.0000
Epoch 6030 | Val Loss: 0.3509 | Val Cost:    0.00 | Val Max P-Miss: 0.2348 | Val Max Q-Miss: 0.0163 | Val Max Gen Viol: 0.0000 | Val Max Thermal: 0.0000
Epoch 6040 | Val Loss: 0.3494 | Val Cost:    0.00 | Val Max P-Miss: 0.2199 | Val Max Q-Miss: 0.0133 | Val Max Gen Viol: 0.0000 | Val Max Thermal: 0.0000
Epoch 6050 | Val Loss: 0.3498 | Val Cost:    0.00 | Val Max P-Miss: 0.2224 | Val Max Q-Miss: 0.0134 | Val Max Gen Viol: 0.0000 | Val Max Thermal: 0.0000
Epoch 6060 | Val Loss: 0.3495 | Val Cost:    0.00 | Val Max P-Miss: 0.2244 | Val Max Q-Miss: 0.0117 | Val Max Gen Viol: 0.0000 | Val Max Thermal: 0.0000
Epoch 6070 | Val Loss: 0.3495 | Val Cost:    0.00 | Val Max P-Miss: 0.2251 | Val Max Q-Miss: 0.0121 | Val Max Gen Viol: 0.0000 | Val Max Thermal: 0.0000
Epoch 6080 | Val Loss: 0.3497 | Val Cost:    0.00 | Val Max P-Miss: 0.2264 | Val Max Q-Miss: 0.0129 | Val Max Gen Viol: 0.0000 | Val Max Thermal: 0.0000
Epoch 6090 | Val Loss: 0.3496 | Val Cost:    0.00 | Val Max P-Miss: 0.2252 | Val Max Q-Miss: 0.0121 | Val Max Gen Viol: 0.0000 | Val Max Thermal: 0.0000
Epoch 6100 | Val Loss: 0.3504 | Val Cost:    0.00 | Val Max P-Miss: 0.2270 | Val Max Q-Miss: 0.0138 | Val Max Gen Viol: 0.0000 | Val Max Thermal: 0.0000
Epoch 6110 | Val Loss: 0.3495 | Val Cost:    0.00 | Val Max P-Miss: 0.2254 | Val Max Q-Miss: 0.0120 | Val Max Gen Viol: 0.0000 | Val Max Thermal: 0.0000
Epoch 6120 | Val Loss: 0.3495 | Val Cost:    0.00 | Val Max P-Miss: 0.2239 | Val Max Q-Miss: 0.0103 | Val Max Gen Viol: 0.0000 | Val Max Thermal: 0.0000
Epoch 6130 | Val Loss: 0.3495 | Val Cost:    0.00 | Val Max P-Miss: 0.2238 | Val Max Q-Miss: 0.0121 | Val Max Gen Viol: 0.0000 | Val Max Thermal: 0.0000
Epoch 6140 | Val Loss: 0.3495 | Val Cost:    0.00 | Val Max P-Miss: 0.2248 | Val Max Q-Miss: 0.0116 | Val Max Gen Viol: 0.0000 | Val Max Thermal: 0.0000
Epoch 6150 | Val Loss: 0.3496 | Val Cost:    0.00 | Val Max P-Miss: 0.2257 | Val Max Q-Miss: 0.0115 | Val Max Gen Viol: 0.0000 | Val Max Thermal: 0.0000
Epoch 6160 | Val Loss: 0.3498 | Val Cost:    0.00 | Val Max P-Miss: 0.2209 | Val Max Q-Miss: 0.0112 | Val Max Gen Viol: 0.0000 | Val Max Thermal: 0.0000
Epoch 6170 | Val Loss: 0.3495 | Val Cost:    0.00 | Val Max P-Miss: 0.2214 | Val Max Q-Miss: 0.0121 | Val Max Gen Viol: 0.0000 | Val Max Thermal: 0.0000
Epoch 6180 | Val Loss: 0.3514 | Val Cost:    0.00 | Val Max P-Miss: 0.2334 | Val Max Q-Miss: 0.0137 | Val Max Gen Viol: 0.0000 | Val Max Thermal: 0.0000
Epoch 6190 | Val Loss: 0.3495 | Val Cost:    0.00 | Val Max P-Miss: 0.2256 | Val Max Q-Miss: 0.0112 | Val Max Gen Viol: 0.0000 | Val Max Thermal: 0.0000
Epoch 6200 | Val Loss: 0.3495 | Val Cost:    0.00 | Val Max P-Miss: 0.2239 | Val Max Q-Miss: 0.0106 | Val Max Gen Viol: 0.0000 | Val Max Thermal: 0.0000
Epoch 6210 | Val Loss: 0.3497 | Val Cost:    0.00 | Val Max P-Miss: 0.2268 | Val Max Q-Miss: 0.0119 | Val Max Gen Viol: 0.0000 | Val Max Thermal: 0.0000
Epoch 6220 | Val Loss: 0.3496 | Val Cost:    0.00 | Val Max P-Miss: 0.2265 | Val Max Q-Miss: 0.0113 | Val Max Gen Viol: 0.0000 | Val Max Thermal: 0.0000
Epoch 6230 | Val Loss: 0.3494 | Val Cost:    0.00 | Val Max P-Miss: 0.2246 | Val Max Q-Miss: 0.0104 | Val Max Gen Viol: 0.0000 | Val Max Thermal: 0.0000 [*SAVED BEST*]
Epoch 6240 | Val Loss: 0.3495 | Val Cost:    0.00 | Val Max P-Miss: 0.2237 | Val Max Q-Miss: 0.0116 | Val Max Gen Viol: 0.0000 | Val Max Thermal: 0.0000
Epoch 6250 | Val Loss: 0.3496 | Val Cost:    0.00 | Val Max P-Miss: 0.2272 | Val Max Q-Miss: 0.0099 | Val Max Gen Viol: 0.0000 | Val Max Thermal: 0.0000
Epoch 6260 | Val Loss: 0.3497 | Val Cost:    0.00 | Val Max P-Miss: 0.2210 | Val Max Q-Miss: 0.0102 | Val Max Gen Viol: 0.0000 | Val Max Thermal: 0.0000
Epoch 6270 | Val Loss: 0.3495 | Val Cost:    0.00 | Val Max P-Miss: 0.2247 | Val Max Q-Miss: 0.0121 | Val Max Gen Viol: 0.0000 | Val Max Thermal: 0.0000
Epoch 6280 | Val Loss: 0.3501 | Val Cost:    0.00 | Val Max P-Miss: 0.2244 | Val Max Q-Miss: 0.0146 | Val Max Gen Viol: 0.0000 | Val Max Thermal: 0.0000
Epoch 6290 | Val Loss: 0.3495 | Val Cost:    0.00 | Val Max P-Miss: 0.2250 | Val Max Q-Miss: 0.0111 | Val Max Gen Viol: 0.0000 | Val Max Thermal: 0.0000
Epoch 6300 | Val Loss: 0.3499 | Val Cost:    0.00 | Val Max P-Miss: 0.2246 | Val Max Q-Miss: 0.0142 | Val Max Gen Viol: 0.0000 | Val Max Thermal: 0.0000
Epoch 6310 | Val Loss: 0.3498 | Val Cost:    0.00 | Val Max P-Miss: 0.2270 | Val Max Q-Miss: 0.0109 | Val Max Gen Viol: 0.0000 | Val Max Thermal: 0.0000
Epoch 6320 | Val Loss: 0.3502 | Val Cost:    0.00 | Val Max P-Miss: 0.2283 | Val Max Q-Miss: 0.0115 | Val Max Gen Viol: 0.0000 | Val Max Thermal: 0.0000
Epoch 6330 | Val Loss: 0.3495 | Val Cost:    0.00 | Val Max P-Miss: 0.2241 | Val Max Q-Miss: 0.0119 | Val Max Gen Viol: 0.0000 | Val Max Thermal: 0.0000
Epoch 6340 | Val Loss: 0.3497 | Val Cost:    0.00 | Val Max P-Miss: 0.2250 | Val Max Q-Miss: 0.0128 | Val Max Gen Viol: 0.0000 | Val Max Thermal: 0.0000
Epoch 6350 | Val Loss: 0.3494 | Val Cost:    0.00 | Val Max P-Miss: 0.2232 | Val Max Q-Miss: 0.0115 | Val Max Gen Viol: 0.0000 | Val Max Thermal: 0.0000
Epoch 6360 | Val Loss: 0.3495 | Val Cost:    0.00 | Val Max P-Miss: 0.2214 | Val Max Q-Miss: 0.0123 | Val Max Gen Viol: 0.0000 | Val Max Thermal: 0.0000
Epoch 6370 | Val Loss: 0.3493 | Val Cost:    0.00 | Val Max P-Miss: 0.2218 | Val Max Q-Miss: 0.0114 | Val Max Gen Viol: 0.0000 | Val Max Thermal: 0.0000 [*SAVED BEST*]
Epoch 6380 | Val Loss: 0.3498 | Val Cost:    0.00 | Val Max P-Miss: 0.2281 | Val Max Q-Miss: 0.0113 | Val Max Gen Viol: 0.0000 | Val Max Thermal: 0.0000
Epoch 6390 | Val Loss: 0.3496 | Val Cost:    0.00 | Val Max P-Miss: 0.2275 | Val Max Q-Miss: 0.0108 | Val Max Gen Viol: 0.0000 | Val Max Thermal: 0.0000
Epoch 6400 | Val Loss: 0.3495 | Val Cost:    0.00 | Val Max P-Miss: 0.2235 | Val Max Q-Miss: 0.0109 | Val Max Gen Viol: 0.0000 | Val Max Thermal: 0.0000
Epoch 6410 | Val Loss: 0.3494 | Val Cost:    0.00 | Val Max P-Miss: 0.2247 | Val Max Q-Miss: 0.0110 | Val Max Gen Viol: 0.0000 | Val Max Thermal: 0.0000
Epoch 6420 | Val Loss: 0.3495 | Val Cost:    0.00 | Val Max P-Miss: 0.2264 | Val Max Q-Miss: 0.0103 | Val Max Gen Viol: 0.0000 | Val Max Thermal: 0.0000
Epoch 6430 | Val Loss: 0.3497 | Val Cost:    0.00 | Val Max P-Miss: 0.2274 | Val Max Q-Miss: 0.0106 | Val Max Gen Viol: 0.0000 | Val Max Thermal: 0.0000
Epoch 6440 | Val Loss: 0.3502 | Val Cost:    0.00 | Val Max P-Miss: 0.2292 | Val Max Q-Miss: 0.0117 | Val Max Gen Viol: 0.0000 | Val Max Thermal: 0.0000
Epoch 6450 | Val Loss: 0.3500 | Val Cost:    0.00 | Val Max P-Miss: 0.2266 | Val Max Q-Miss: 0.0140 | Val Max Gen Viol: 0.0000 | Val Max Thermal: 0.0000
Epoch 6460 | Val Loss: 0.3496 | Val Cost:    0.00 | Val Max P-Miss: 0.2260 | Val Max Q-Miss: 0.0122 | Val Max Gen Viol: 0.0000 | Val Max Thermal: 0.0000
Epoch 6470 | Val Loss: 0.3496 | Val Cost:    0.00 | Val Max P-Miss: 0.2263 | Val Max Q-Miss: 0.0122 | Val Max Gen Viol: 0.0000 | Val Max Thermal: 0.0000
Epoch 6480 | Val Loss: 0.3501 | Val Cost:    0.00 | Val Max P-Miss: 0.2286 | Val Max Q-Miss: 0.0102 | Val Max Gen Viol: 0.0000 | Val Max Thermal: 0.0000
Epoch 6490 | Val Loss: 0.3499 | Val Cost:    0.00 | Val Max P-Miss: 0.2240 | Val Max Q-Miss: 0.0143 | Val Max Gen Viol: 0.0000 | Val Max Thermal: 0.0000
Epoch 6500 | Val Loss: 0.3497 | Val Cost:    0.00 | Val Max P-Miss: 0.2261 | Val Max Q-Miss: 0.0108 | Val Max Gen Viol: 0.0000 | Val Max Thermal: 0.0000
Epoch 6510 | Val Loss: 0.3500 | Val Cost:    0.00 | Val Max P-Miss: 0.2254 | Val Max Q-Miss: 0.0091 | Val Max Gen Viol: 0.0000 | Val Max Thermal: 0.0000
Epoch 6520 | Val Loss: 0.3500 | Val Cost:    0.00 | Val Max P-Miss: 0.2268 | Val Max Q-Miss: 0.0119 | Val Max Gen Viol: 0.0000 | Val Max Thermal: 0.0000
Epoch 6530 | Val Loss: 0.3496 | Val Cost:    0.00 | Val Max P-Miss: 0.2255 | Val Max Q-Miss: 0.0123 | Val Max Gen Viol: 0.0000 | Val Max Thermal: 0.0000
Epoch 6540 | Val Loss: 0.3494 | Val Cost:    0.00 | Val Max P-Miss: 0.2244 | Val Max Q-Miss: 0.0113 | Val Max Gen Viol: 0.0000 | Val Max Thermal: 0.0000
Epoch 6550 | Val Loss: 0.3494 | Val Cost:    0.00 | Val Max P-Miss: 0.2238 | Val Max Q-Miss: 0.0114 | Val Max Gen Viol: 0.0000 | Val Max Thermal: 0.0000
Epoch 6560 | Val Loss: 0.3496 | Val Cost:    0.00 | Val Max P-Miss: 0.2263 | Val Max Q-Miss: 0.0114 | Val Max Gen Viol: 0.0000 | Val Max Thermal: 0.0000
Epoch 6570 | Val Loss: 0.3496 | Val Cost:    0.00 | Val Max P-Miss: 0.2260 | Val Max Q-Miss: 0.0137 | Val Max Gen Viol: 0.0000 | Val Max Thermal: 0.0000
Epoch 6580 | Val Loss: 0.3495 | Val Cost:    0.00 | Val Max P-Miss: 0.2238 | Val Max Q-Miss: 0.0116 | Val Max Gen Viol: 0.0000 | Val Max Thermal: 0.0000
Epoch 6590 | Val Loss: 0.3495 | Val Cost:    0.00 | Val Max P-Miss: 0.2239 | Val Max Q-Miss: 0.0113 | Val Max Gen Viol: 0.0000 | Val Max Thermal: 0.0000
Epoch 6600 | Val Loss: 0.3497 | Val Cost:    0.00 | Val Max P-Miss: 0.2270 | Val Max Q-Miss: 0.0119 | Val Max Gen Viol: 0.0000 | Val Max Thermal: 0.0000
Epoch 6610 | Val Loss: 0.3495 | Val Cost:    0.00 | Val Max P-Miss: 0.2261 | Val Max Q-Miss: 0.0107 | Val Max Gen Viol: 0.0000 | Val Max Thermal: 0.0000
Epoch 6620 | Val Loss: 0.3499 | Val Cost:    0.00 | Val Max P-Miss: 0.2278 | Val Max Q-Miss: 0.0122 | Val Max Gen Viol: 0.0000 | Val Max Thermal: 0.0000
Epoch 6630 | Val Loss: 0.3496 | Val Cost:    0.00 | Val Max P-Miss: 0.2263 | Val Max Q-Miss: 0.0113 | Val Max Gen Viol: 0.0000 | Val Max Thermal: 0.0000
Epoch 6640 | Val Loss: 0.3495 | Val Cost:    0.00 | Val Max P-Miss: 0.2237 | Val Max Q-Miss: 0.0120 | Val Max Gen Viol: 0.0000 | Val Max Thermal: 0.0000
Epoch 6650 | Val Loss: 0.3495 | Val Cost:    0.00 | Val Max P-Miss: 0.2243 | Val Max Q-Miss: 0.0108 | Val Max Gen Viol: 0.0000 | Val Max Thermal: 0.0000
Epoch 6660 | Val Loss: 0.3496 | Val Cost:    0.00 | Val Max P-Miss: 0.2260 | Val Max Q-Miss: 0.0129 | Val Max Gen Viol: 0.0000 | Val Max Thermal: 0.0000
Epoch 6670 | Val Loss: 0.3495 | Val Cost:    0.00 | Val Max P-Miss: 0.2252 | Val Max Q-Miss: 0.0120 | Val Max Gen Viol: 0.0000 | Val Max Thermal: 0.0000
Epoch 6680 | Val Loss: 0.3500 | Val Cost:    0.00 | Val Max P-Miss: 0.2283 | Val Max Q-Miss: 0.0119 | Val Max Gen Viol: 0.0000 | Val Max Thermal: 0.0000
Epoch 6690 | Val Loss: 0.3500 | Val Cost:    0.00 | Val Max P-Miss: 0.2276 | Val Max Q-Miss: 0.0100 | Val Max Gen Viol: 0.0000 | Val Max Thermal: 0.0000
Epoch 6700 | Val Loss: 0.3494 | Val Cost:    0.00 | Val Max P-Miss: 0.2245 | Val Max Q-Miss: 0.0113 | Val Max Gen Viol: 0.0000 | Val Max Thermal: 0.0000
Epoch 6710 | Val Loss: 0.3495 | Val Cost:    0.00 | Val Max P-Miss: 0.2253 | Val Max Q-Miss: 0.0101 | Val Max Gen Viol: 0.0000 | Val Max Thermal: 0.0000
Epoch 6720 | Val Loss: 0.3496 | Val Cost:    0.00 | Val Max P-Miss: 0.2244 | Val Max Q-Miss: 0.0130 | Val Max Gen Viol: 0.0000 | Val Max Thermal: 0.0000
Epoch 6730 | Val Loss: 0.3495 | Val Cost:    0.00 | Val Max P-Miss: 0.2231 | Val Max Q-Miss: 0.0116 | Val Max Gen Viol: 0.0000 | Val Max Thermal: 0.0000
Epoch 6740 | Val Loss: 0.3496 | Val Cost:    0.00 | Val Max P-Miss: 0.2267 | Val Max Q-Miss: 0.0113 | Val Max Gen Viol: 0.0000 | Val Max Thermal: 0.0000
Epoch 6750 | Val Loss: 0.3494 | Val Cost:    0.00 | Val Max P-Miss: 0.2243 | Val Max Q-Miss: 0.0130 | Val Max Gen Viol: 0.0000 | Val Max Thermal: 0.0000
Epoch 6760 | Val Loss: 0.3495 | Val Cost:    0.00 | Val Max P-Miss: 0.2248 | Val Max Q-Miss: 0.0124 | Val Max Gen Viol: 0.0000 | Val Max Thermal: 0.0000
Epoch 6770 | Val Loss: 0.3497 | Val Cost:    0.00 | Val Max P-Miss: 0.2262 | Val Max Q-Miss: 0.0123 | Val Max Gen Viol: 0.0000 | Val Max Thermal: 0.0000
Epoch 6780 | Val Loss: 0.3494 | Val Cost:    0.00 | Val Max P-Miss: 0.2247 | Val Max Q-Miss: 0.0102 | Val Max Gen Viol: 0.0000 | Val Max Thermal: 0.0000
Epoch 6790 | Val Loss: 0.3496 | Val Cost:    0.00 | Val Max P-Miss: 0.2228 | Val Max Q-Miss: 0.0112 | Val Max Gen Viol: 0.0000 | Val Max Thermal: 0.0000
Epoch 6800 | Val Loss: 0.3497 | Val Cost:    0.00 | Val Max P-Miss: 0.2279 | Val Max Q-Miss: 0.0116 | Val Max Gen Viol: 0.0000 | Val Max Thermal: 0.0000
Epoch 6810 | Val Loss: 0.3499 | Val Cost:    0.00 | Val Max P-Miss: 0.2253 | Val Max Q-Miss: 0.0136 | Val Max Gen Viol: 0.0000 | Val Max Thermal: 0.0000
Epoch 6820 | Val Loss: 0.3494 | Val Cost:    0.00 | Val Max P-Miss: 0.2233 | Val Max Q-Miss: 0.0121 | Val Max Gen Viol: 0.0000 | Val Max Thermal: 0.0000
Epoch 6830 | Val Loss: 0.3508 | Val Cost:    0.00 | Val Max P-Miss: 0.2258 | Val Max Q-Miss: 0.0087 | Val Max Gen Viol: 0.0000 | Val Max Thermal: 0.0000
Epoch 6840 | Val Loss: 0.3495 | Val Cost:    0.00 | Val Max P-Miss: 0.2248 | Val Max Q-Miss: 0.0114 | Val Max Gen Viol: 0.0000 | Val Max Thermal: 0.0000
Epoch 6850 | Val Loss: 0.3495 | Val Cost:    0.00 | Val Max P-Miss: 0.2242 | Val Max Q-Miss: 0.0095 | Val Max Gen Viol: 0.0000 | Val Max Thermal: 0.0000
Epoch 6860 | Val Loss: 0.3495 | Val Cost:    0.00 | Val Max P-Miss: 0.2253 | Val Max Q-Miss: 0.0117 | Val Max Gen Viol: 0.0000 | Val Max Thermal: 0.0000
Epoch 6870 | Val Loss: 0.3495 | Val Cost:    0.00 | Val Max P-Miss: 0.2227 | Val Max Q-Miss: 0.0107 | Val Max Gen Viol: 0.0000 | Val Max Thermal: 0.0000
Epoch 6880 | Val Loss: 0.3494 | Val Cost:    0.00 | Val Max P-Miss: 0.2248 | Val Max Q-Miss: 0.0107 | Val Max Gen Viol: 0.0000 | Val Max Thermal: 0.0000
Epoch 6890 | Val Loss: 0.3495 | Val Cost:    0.00 | Val Max P-Miss: 0.2249 | Val Max Q-Miss: 0.0105 | Val Max Gen Viol: 0.0000 | Val Max Thermal: 0.0000
Epoch 6900 | Val Loss: 0.3495 | Val Cost:    0.00 | Val Max P-Miss: 0.2243 | Val Max Q-Miss: 0.0097 | Val Max Gen Viol: 0.0000 | Val Max Thermal: 0.0000
Epoch 6910 | Val Loss: 0.3497 | Val Cost:    0.00 | Val Max P-Miss: 0.2257 | Val Max Q-Miss: 0.0093 | Val Max Gen Viol: 0.0000 | Val Max Thermal: 0.0000
Epoch 6920 | Val Loss: 0.3502 | Val Cost:    0.00 | Val Max P-Miss: 0.2277 | Val Max Q-Miss: 0.0127 | Val Max Gen Viol: 0.0000 | Val Max Thermal: 0.0000
Epoch 6930 | Val Loss: 0.3494 | Val Cost:    0.00 | Val Max P-Miss: 0.2233 | Val Max Q-Miss: 0.0116 | Val Max Gen Viol: 0.0000 | Val Max Thermal: 0.0000
Epoch 6940 | Val Loss: 0.3495 | Val Cost:    0.00 | Val Max P-Miss: 0.2249 | Val Max Q-Miss: 0.0112 | Val Max Gen Viol: 0.0000 | Val Max Thermal: 0.0000
Epoch 6950 | Val Loss: 0.3495 | Val Cost:    0.00 | Val Max P-Miss: 0.2251 | Val Max Q-Miss: 0.0116 | Val Max Gen Viol: 0.0000 | Val Max Thermal: 0.0000
Epoch 6960 | Val Loss: 0.3495 | Val Cost:    0.00 | Val Max P-Miss: 0.2250 | Val Max Q-Miss: 0.0131 | Val Max Gen Viol: 0.0000 | Val Max Thermal: 0.0000
Epoch 6970 | Val Loss: 0.3498 | Val Cost:    0.00 | Val Max P-Miss: 0.2266 | Val Max Q-Miss: 0.0123 | Val Max Gen Viol: 0.0000 | Val Max Thermal: 0.0000
Epoch 6980 | Val Loss: 0.3497 | Val Cost:    0.00 | Val Max P-Miss: 0.2272 | Val Max Q-Miss: 0.0111 | Val Max Gen Viol: 0.0000 | Val Max Thermal: 0.0000
Epoch 6990 | Val Loss: 0.3495 | Val Cost:    0.00 | Val Max P-Miss: 0.2239 | Val Max Q-Miss: 0.0123 | Val Max Gen Viol: 0.0000 | Val Max Thermal: 0.0000
Epoch 7000 | Val Loss: 0.3499 | Val Cost:    0.00 | Val Max P-Miss: 0.2242 | Val Max Q-Miss: 0.0141 | Val Max Gen Viol: 0.0000 | Val Max Thermal: 0.0000
Epoch 7010 | Val Loss: 0.3496 | Val Cost:    0.00 | Val Max P-Miss: 0.2265 | Val Max Q-Miss: 0.0128 | Val Max Gen Viol: 0.0000 | Val Max Thermal: 0.0000
Epoch 7020 | Val Loss: 0.3495 | Val Cost:    0.00 | Val Max P-Miss: 0.2262 | Val Max Q-Miss: 0.0115 | Val Max Gen Viol: 0.0000 | Val Max Thermal: 0.0000
Epoch 7030 | Val Loss: 0.3495 | Val Cost:    0.00 | Val Max P-Miss: 0.2235 | Val Max Q-Miss: 0.0105 | Val Max Gen Viol: 0.0000 | Val Max Thermal: 0.0000
Epoch 7040 | Val Loss: 0.3494 | Val Cost:    0.00 | Val Max P-Miss: 0.2220 | Val Max Q-Miss: 0.0120 | Val Max Gen Viol: 0.0000 | Val Max Thermal: 0.0000
Epoch 7050 | Val Loss: 0.3495 | Val Cost:    0.00 | Val Max P-Miss: 0.2269 | Val Max Q-Miss: 0.0102 | Val Max Gen Viol: 0.0000 | Val Max Thermal: 0.0000
Epoch 7060 | Val Loss: 0.3495 | Val Cost:    0.00 | Val Max P-Miss: 0.2256 | Val Max Q-Miss: 0.0118 | Val Max Gen Viol: 0.0000 | Val Max Thermal: 0.0000
Epoch 7070 | Val Loss: 0.3495 | Val Cost:    0.00 | Val Max P-Miss: 0.2226 | Val Max Q-Miss: 0.0119 | Val Max Gen Viol: 0.0000 | Val Max Thermal: 0.0000
Epoch 7080 | Val Loss: 0.3505 | Val Cost:    0.00 | Val Max P-Miss: 0.2293 | Val Max Q-Miss: 0.0111 | Val Max Gen Viol: 0.0000 | Val Max Thermal: 0.0000
Epoch 7090 | Val Loss: 0.3495 | Val Cost:    0.00 | Val Max P-Miss: 0.2256 | Val Max Q-Miss: 0.0112 | Val Max Gen Viol: 0.0000 | Val Max Thermal: 0.0000
Epoch 7100 | Val Loss: 0.3503 | Val Cost:    0.00 | Val Max P-Miss: 0.2295 | Val Max Q-Miss: 0.0102 | Val Max Gen Viol: 0.0000 | Val Max Thermal: 0.0000
Epoch 7110 | Val Loss: 0.3494 | Val Cost:    0.00 | Val Max P-Miss: 0.2237 | Val Max Q-Miss: 0.0112 | Val Max Gen Viol: 0.0000 | Val Max Thermal: 0.0000
Epoch 7120 | Val Loss: 0.3496 | Val Cost:    0.00 | Val Max P-Miss: 0.2250 | Val Max Q-Miss: 0.0130 | Val Max Gen Viol: 0.0000 | Val Max Thermal: 0.0000
Epoch 7130 | Val Loss: 0.3499 | Val Cost:    0.00 | Val Max P-Miss: 0.2280 | Val Max Q-Miss: 0.0112 | Val Max Gen Viol: 0.0000 | Val Max Thermal: 0.0000
Epoch 7140 | Val Loss: 0.3499 | Val Cost:    0.00 | Val Max P-Miss: 0.2273 | Val Max Q-Miss: 0.0102 | Val Max Gen Viol: 0.0000 | Val Max Thermal: 0.0000
Epoch 7150 | Val Loss: 0.3498 | Val Cost:    0.00 | Val Max P-Miss: 0.2238 | Val Max Q-Miss: 0.0138 | Val Max Gen Viol: 0.0000 | Val Max Thermal: 0.0000
Epoch 7160 | Val Loss: 0.3495 | Val Cost:    0.00 | Val Max P-Miss: 0.2251 | Val Max Q-Miss: 0.0116 | Val Max Gen Viol: 0.0000 | Val Max Thermal: 0.0000
Epoch 7170 | Val Loss: 0.3495 | Val Cost:    0.00 | Val Max P-Miss: 0.2219 | Val Max Q-Miss: 0.0115 | Val Max Gen Viol: 0.0000 | Val Max Thermal: 0.0000
Epoch 7180 | Val Loss: 0.3495 | Val Cost:    0.00 | Val Max P-Miss: 0.2258 | Val Max Q-Miss: 0.0112 | Val Max Gen Viol: 0.0000 | Val Max Thermal: 0.0000
Epoch 7190 | Val Loss: 0.3497 | Val Cost:    0.00 | Val Max P-Miss: 0.2228 | Val Max Q-Miss: 0.0092 | Val Max Gen Viol: 0.0000 | Val Max Thermal: 0.0000
Epoch 7200 | Val Loss: 0.3497 | Val Cost:    0.00 | Val Max P-Miss: 0.2248 | Val Max Q-Miss: 0.0136 | Val Max Gen Viol: 0.0000 | Val Max Thermal: 0.0000
Epoch 7210 | Val Loss: 0.3494 | Val Cost:    0.00 | Val Max P-Miss: 0.2238 | Val Max Q-Miss: 0.0114 | Val Max Gen Viol: 0.0000 | Val Max Thermal: 0.0000
Epoch 7220 | Val Loss: 0.3494 | Val Cost:    0.00 | Val Max P-Miss: 0.2248 | Val Max Q-Miss: 0.0117 | Val Max Gen Viol: 0.0000 | Val Max Thermal: 0.0000
Epoch 7230 | Val Loss: 0.3495 | Val Cost:    0.00 | Val Max P-Miss: 0.2262 | Val Max Q-Miss: 0.0127 | Val Max Gen Viol: 0.0000 | Val Max Thermal: 0.0000
Epoch 7240 | Val Loss: 0.3495 | Val Cost:    0.00 | Val Max P-Miss: 0.2240 | Val Max Q-Miss: 0.0117 | Val Max Gen Viol: 0.0000 | Val Max Thermal: 0.0000
Epoch 7250 | Val Loss: 0.3495 | Val Cost:    0.00 | Val Max P-Miss: 0.2236 | Val Max Q-Miss: 0.0127 | Val Max Gen Viol: 0.0000 | Val Max Thermal: 0.0000
Epoch 7260 | Val Loss: 0.3495 | Val Cost:    0.00 | Val Max P-Miss: 0.2230 | Val Max Q-Miss: 0.0099 | Val Max Gen Viol: 0.0000 | Val Max Thermal: 0.0000
Epoch 7270 | Val Loss: 0.3494 | Val Cost:    0.00 | Val Max P-Miss: 0.2237 | Val Max Q-Miss: 0.0122 | Val Max Gen Viol: 0.0000 | Val Max Thermal: 0.0000
Epoch 7280 | Val Loss: 0.3494 | Val Cost:    0.00 | Val Max P-Miss: 0.2248 | Val Max Q-Miss: 0.0110 | Val Max Gen Viol: 0.0000 | Val Max Thermal: 0.0000
Epoch 7290 | Val Loss: 0.3494 | Val Cost:    0.00 | Val Max P-Miss: 0.2224 | Val Max Q-Miss: 0.0121 | Val Max Gen Viol: 0.0000 | Val Max Thermal: 0.0000
Epoch 7300 | Val Loss: 0.3506 | Val Cost:    0.00 | Val Max P-Miss: 0.2235 | Val Max Q-Miss: 0.0081 | Val Max Gen Viol: 0.0000 | Val Max Thermal: 0.0000
Epoch 7310 | Val Loss: 0.3494 | Val Cost:    0.00 | Val Max P-Miss: 0.2224 | Val Max Q-Miss: 0.0118 | Val Max Gen Viol: 0.0000 | Val Max Thermal: 0.0000
Epoch 7320 | Val Loss: 0.3496 | Val Cost:    0.00 | Val Max P-Miss: 0.2242 | Val Max Q-Miss: 0.0097 | Val Max Gen Viol: 0.0000 | Val Max Thermal: 0.0000
Epoch 7330 | Val Loss: 0.3495 | Val Cost:    0.00 | Val Max P-Miss: 0.2255 | Val Max Q-Miss: 0.0114 | Val Max Gen Viol: 0.0000 | Val Max Thermal: 0.0000
Epoch 7340 | Val Loss: 0.3497 | Val Cost:    0.00 | Val Max P-Miss: 0.2271 | Val Max Q-Miss: 0.0105 | Val Max Gen Viol: 0.0000 | Val Max Thermal: 0.0000
Epoch 7350 | Val Loss: 0.3494 | Val Cost:    0.00 | Val Max P-Miss: 0.2247 | Val Max Q-Miss: 0.0118 | Val Max Gen Viol: 0.0000 | Val Max Thermal: 0.0000
Epoch 7360 | Val Loss: 0.3497 | Val Cost:    0.00 | Val Max P-Miss: 0.2253 | Val Max Q-Miss: 0.0095 | Val Max Gen Viol: 0.0000 | Val Max Thermal: 0.0000
Epoch 7370 | Val Loss: 0.3494 | Val Cost:    0.00 | Val Max P-Miss: 0.2239 | Val Max Q-Miss: 0.0113 | Val Max Gen Viol: 0.0000 | Val Max Thermal: 0.0000
Epoch 7380 | Val Loss: 0.3495 | Val Cost:    0.00 | Val Max P-Miss: 0.2260 | Val Max Q-Miss: 0.0110 | Val Max Gen Viol: 0.0000 | Val Max Thermal: 0.0000
Epoch 7390 | Val Loss: 0.3495 | Val Cost:    0.00 | Val Max P-Miss: 0.2249 | Val Max Q-Miss: 0.0118 | Val Max Gen Viol: 0.0000 | Val Max Thermal: 0.0000
Epoch 7400 | Val Loss: 0.3494 | Val Cost:    0.00 | Val Max P-Miss: 0.2235 | Val Max Q-Miss: 0.0116 | Val Max Gen Viol: 0.0000 | Val Max Thermal: 0.0000
Epoch 7410 | Val Loss: 0.3494 | Val Cost:    0.00 | Val Max P-Miss: 0.2246 | Val Max Q-Miss: 0.0116 | Val Max Gen Viol: 0.0000 | Val Max Thermal: 0.0000
Epoch 7420 | Val Loss: 0.3496 | Val Cost:    0.00 | Val Max P-Miss: 0.2243 | Val Max Q-Miss: 0.0130 | Val Max Gen Viol: 0.0000 | Val Max Thermal: 0.0000
Epoch 7430 | Val Loss: 0.3496 | Val Cost:    0.00 | Val Max P-Miss: 0.2246 | Val Max Q-Miss: 0.0091 | Val Max Gen Viol: 0.0000 | Val Max Thermal: 0.0000
Epoch 7440 | Val Loss: 0.3494 | Val Cost:    0.00 | Val Max P-Miss: 0.2237 | Val Max Q-Miss: 0.0105 | Val Max Gen Viol: 0.0000 | Val Max Thermal: 0.0000
Epoch 7450 | Val Loss: 0.3494 | Val Cost:    0.00 | Val Max P-Miss: 0.2231 | Val Max Q-Miss: 0.0102 | Val Max Gen Viol: 0.0000 | Val Max Thermal: 0.0000
Epoch 7460 | Val Loss: 0.3495 | Val Cost:    0.00 | Val Max P-Miss: 0.2252 | Val Max Q-Miss: 0.0109 | Val Max Gen Viol: 0.0000 | Val Max Thermal: 0.0000
Epoch 7470 | Val Loss: 0.3495 | Val Cost:    0.00 | Val Max P-Miss: 0.2252 | Val Max Q-Miss: 0.0122 | Val Max Gen Viol: 0.0000 | Val Max Thermal: 0.0000
Epoch 7480 | Val Loss: 0.3495 | Val Cost:    0.00 | Val Max P-Miss: 0.2212 | Val Max Q-Miss: 0.0095 | Val Max Gen Viol: 0.0000 | Val Max Thermal: 0.0000
Epoch 7490 | Val Loss: 0.3494 | Val Cost:    0.00 | Val Max P-Miss: 0.2238 | Val Max Q-Miss: 0.0115 | Val Max Gen Viol: 0.0000 | Val Max Thermal: 0.0000
Epoch 7500 | Val Loss: 0.3501 | Val Cost:    0.00 | Val Max P-Miss: 0.2276 | Val Max Q-Miss: 0.0104 | Val Max Gen Viol: 0.0000 | Val Max Thermal: 0.0000
Epoch 7510 | Val Loss: 0.3495 | Val Cost:    0.00 | Val Max P-Miss: 0.2244 | Val Max Q-Miss: 0.0114 | Val Max Gen Viol: 0.0000 | Val Max Thermal: 0.0000
Epoch 7520 | Val Loss: 0.3496 | Val Cost:    0.00 | Val Max P-Miss: 0.2248 | Val Max Q-Miss: 0.0096 | Val Max Gen Viol: 0.0000 | Val Max Thermal: 0.0000
Epoch 7530 | Val Loss: 0.3494 | Val Cost:    0.00 | Val Max P-Miss: 0.2230 | Val Max Q-Miss: 0.0111 | Val Max Gen Viol: 0.0000 | Val Max Thermal: 0.0000
Epoch 7540 | Val Loss: 0.3494 | Val Cost:    0.00 | Val Max P-Miss: 0.2246 | Val Max Q-Miss: 0.0116 | Val Max Gen Viol: 0.0000 | Val Max Thermal: 0.0000
Epoch 7550 | Val Loss: 0.3494 | Val Cost:    0.00 | Val Max P-Miss: 0.2259 | Val Max Q-Miss: 0.0119 | Val Max Gen Viol: 0.0000 | Val Max Thermal: 0.0000
Epoch 7560 | Val Loss: 0.3498 | Val Cost:    0.00 | Val Max P-Miss: 0.2223 | Val Max Q-Miss: 0.0111 | Val Max Gen Viol: 0.0000 | Val Max Thermal: 0.0000
Epoch 7570 | Val Loss: 0.3494 | Val Cost:    0.00 | Val Max P-Miss: 0.2245 | Val Max Q-Miss: 0.0116 | Val Max Gen Viol: 0.0000 | Val Max Thermal: 0.0000
Epoch 7580 | Val Loss: 0.3498 | Val Cost:    0.00 | Val Max P-Miss: 0.2257 | Val Max Q-Miss: 0.0114 | Val Max Gen Viol: 0.0000 | Val Max Thermal: 0.0000
Epoch 7590 | Val Loss: 0.3495 | Val Cost:    0.00 | Val Max P-Miss: 0.2231 | Val Max Q-Miss: 0.0111 | Val Max Gen Viol: 0.0000 | Val Max Thermal: 0.0000
Epoch 7600 | Val Loss: 0.3494 | Val Cost:    0.00 | Val Max P-Miss: 0.2230 | Val Max Q-Miss: 0.0119 | Val Max Gen Viol: 0.0000 | Val Max Thermal: 0.0000
Epoch 7610 | Val Loss: 0.3497 | Val Cost:    0.00 | Val Max P-Miss: 0.2253 | Val Max Q-Miss: 0.0122 | Val Max Gen Viol: 0.0000 | Val Max Thermal: 0.0000
Epoch 7620 | Val Loss: 0.3495 | Val Cost:    0.00 | Val Max P-Miss: 0.2235 | Val Max Q-Miss: 0.0124 | Val Max Gen Viol: 0.0000 | Val Max Thermal: 0.0000
Epoch 7630 | Val Loss: 0.3494 | Val Cost:    0.00 | Val Max P-Miss: 0.2228 | Val Max Q-Miss: 0.0108 | Val Max Gen Viol: 0.0000 | Val Max Thermal: 0.0000
Epoch 7640 | Val Loss: 0.3496 | Val Cost:    0.00 | Val Max P-Miss: 0.2222 | Val Max Q-Miss: 0.0099 | Val Max Gen Viol: 0.0000 | Val Max Thermal: 0.0000
Epoch 7650 | Val Loss: 0.3494 | Val Cost:    0.00 | Val Max P-Miss: 0.2241 | Val Max Q-Miss: 0.0113 | Val Max Gen Viol: 0.0000 | Val Max Thermal: 0.0000
Epoch 7660 | Val Loss: 0.3498 | Val Cost:    0.00 | Val Max P-Miss: 0.2227 | Val Max Q-Miss: 0.0135 | Val Max Gen Viol: 0.0000 | Val Max Thermal: 0.0000
Epoch 7670 | Val Loss: 0.3495 | Val Cost:    0.00 | Val Max P-Miss: 0.2249 | Val Max Q-Miss: 0.0116 | Val Max Gen Viol: 0.0000 | Val Max Thermal: 0.0000
Epoch 7680 | Val Loss: 0.3494 | Val Cost:    0.00 | Val Max P-Miss: 0.2236 | Val Max Q-Miss: 0.0112 | Val Max Gen Viol: 0.0000 | Val Max Thermal: 0.0000
Epoch 7690 | Val Loss: 0.3494 | Val Cost:    0.00 | Val Max P-Miss: 0.2223 | Val Max Q-Miss: 0.0107 | Val Max Gen Viol: 0.0000 | Val Max Thermal: 0.0000
Epoch 7700 | Val Loss: 0.3495 | Val Cost:    0.00 | Val Max P-Miss: 0.2233 | Val Max Q-Miss: 0.0101 | Val Max Gen Viol: 0.0000 | Val Max Thermal: 0.0000
Epoch 7710 | Val Loss: 0.3499 | Val Cost:    0.00 | Val Max P-Miss: 0.2226 | Val Max Q-Miss: 0.0142 | Val Max Gen Viol: 0.0000 | Val Max Thermal: 0.0000
Epoch 7720 | Val Loss: 0.3495 | Val Cost:    0.00 | Val Max P-Miss: 0.2244 | Val Max Q-Miss: 0.0114 | Val Max Gen Viol: 0.0000 | Val Max Thermal: 0.0000
Epoch 7730 | Val Loss: 0.3494 | Val Cost:    0.00 | Val Max P-Miss: 0.2226 | Val Max Q-Miss: 0.0111 | Val Max Gen Viol: 0.0000 | Val Max Thermal: 0.0000
Epoch 7740 | Val Loss: 0.3494 | Val Cost:    0.00 | Val Max P-Miss: 0.2241 | Val Max Q-Miss: 0.0119 | Val Max Gen Viol: 0.0000 | Val Max Thermal: 0.0000
Epoch 7750 | Val Loss: 0.3503 | Val Cost:    0.00 | Val Max P-Miss: 0.2278 | Val Max Q-Miss: 0.0114 | Val Max Gen Viol: 0.0000 | Val Max Thermal: 0.0000
Epoch 7760 | Val Loss: 0.3495 | Val Cost:    0.00 | Val Max P-Miss: 0.2242 | Val Max Q-Miss: 0.0112 | Val Max Gen Viol: 0.0000 | Val Max Thermal: 0.0000
Epoch 7770 | Val Loss: 0.3496 | Val Cost:    0.00 | Val Max P-Miss: 0.2239 | Val Max Q-Miss: 0.0090 | Val Max Gen Viol: 0.0000 | Val Max Thermal: 0.0000
Epoch 7780 | Val Loss: 0.3496 | Val Cost:    0.00 | Val Max P-Miss: 0.2247 | Val Max Q-Miss: 0.0118 | Val Max Gen Viol: 0.0000 | Val Max Thermal: 0.0000
Epoch 7790 | Val Loss: 0.3495 | Val Cost:    0.00 | Val Max P-Miss: 0.2246 | Val Max Q-Miss: 0.0106 | Val Max Gen Viol: 0.0000 | Val Max Thermal: 0.0000
Epoch 7800 | Val Loss: 0.3494 | Val Cost:    0.00 | Val Max P-Miss: 0.2228 | Val Max Q-Miss: 0.0119 | Val Max Gen Viol: 0.0000 | Val Max Thermal: 0.0000
Epoch 7810 | Val Loss: 0.3494 | Val Cost:    0.00 | Val Max P-Miss: 0.2230 | Val Max Q-Miss: 0.0106 | Val Max Gen Viol: 0.0000 | Val Max Thermal: 0.0000
Epoch 7820 | Val Loss: 0.3494 | Val Cost:    0.00 | Val Max P-Miss: 0.2237 | Val Max Q-Miss: 0.0119 | Val Max Gen Viol: 0.0000 | Val Max Thermal: 0.0000
Epoch 7830 | Val Loss: 0.3494 | Val Cost:    0.00 | Val Max P-Miss: 0.2229 | Val Max Q-Miss: 0.0119 | Val Max Gen Viol: 0.0000 | Val Max Thermal: 0.0000
Epoch 7840 | Val Loss: 0.3495 | Val Cost:    0.00 | Val Max P-Miss: 0.2236 | Val Max Q-Miss: 0.0121 | Val Max Gen Viol: 0.0000 | Val Max Thermal: 0.0000
Epoch 7850 | Val Loss: 0.3495 | Val Cost:    0.00 | Val Max P-Miss: 0.2226 | Val Max Q-Miss: 0.0125 | Val Max Gen Viol: 0.0000 | Val Max Thermal: 0.0000
Epoch 7860 | Val Loss: 0.3494 | Val Cost:    0.00 | Val Max P-Miss: 0.2230 | Val Max Q-Miss: 0.0116 | Val Max Gen Viol: 0.0000 | Val Max Thermal: 0.0000
Epoch 7870 | Val Loss: 0.3506 | Val Cost:    0.00 | Val Max P-Miss: 0.2297 | Val Max Q-Miss: 0.0125 | Val Max Gen Viol: 0.0000 | Val Max Thermal: 0.0000
Epoch 7880 | Val Loss: 0.3495 | Val Cost:    0.00 | Val Max P-Miss: 0.2246 | Val Max Q-Miss: 0.0106 | Val Max Gen Viol: 0.0000 | Val Max Thermal: 0.0000
Epoch 7890 | Val Loss: 0.3495 | Val Cost:    0.00 | Val Max P-Miss: 0.2250 | Val Max Q-Miss: 0.0112 | Val Max Gen Viol: 0.0000 | Val Max Thermal: 0.0000
Epoch 7900 | Val Loss: 0.3496 | Val Cost:    0.00 | Val Max P-Miss: 0.2280 | Val Max Q-Miss: 0.0107 | Val Max Gen Viol: 0.0000 | Val Max Thermal: 0.0000
Epoch 7910 | Val Loss: 0.3497 | Val Cost:    0.00 | Val Max P-Miss: 0.2224 | Val Max Q-Miss: 0.0117 | Val Max Gen Viol: 0.0000 | Val Max Thermal: 0.0000
Epoch 7920 | Val Loss: 0.3497 | Val Cost:    0.00 | Val Max P-Miss: 0.2230 | Val Max Q-Miss: 0.0129 | Val Max Gen Viol: 0.0000 | Val Max Thermal: 0.0000
Epoch 7930 | Val Loss: 0.3496 | Val Cost:    0.00 | Val Max P-Miss: 0.2245 | Val Max Q-Miss: 0.0101 | Val Max Gen Viol: 0.0000 | Val Max Thermal: 0.0000
Epoch 7940 | Val Loss: 0.3494 | Val Cost:    0.00 | Val Max P-Miss: 0.2229 | Val Max Q-Miss: 0.0107 | Val Max Gen Viol: 0.0000 | Val Max Thermal: 0.0000
Epoch 7950 | Val Loss: 0.3494 | Val Cost:    0.00 | Val Max P-Miss: 0.2224 | Val Max Q-Miss: 0.0113 | Val Max Gen Viol: 0.0000 | Val Max Thermal: 0.0000
Epoch 7960 | Val Loss: 0.3494 | Val Cost:    0.00 | Val Max P-Miss: 0.2231 | Val Max Q-Miss: 0.0119 | Val Max Gen Viol: 0.0000 | Val Max Thermal: 0.0000
Epoch 7970 | Val Loss: 0.3494 | Val Cost:    0.00 | Val Max P-Miss: 0.2231 | Val Max Q-Miss: 0.0118 | Val Max Gen Viol: 0.0000 | Val Max Thermal: 0.0000
Epoch 7980 | Val Loss: 0.3504 | Val Cost:    0.00 | Val Max P-Miss: 0.2294 | Val Max Q-Miss: 0.0123 | Val Max Gen Viol: 0.0000 | Val Max Thermal: 0.0000
Epoch 7990 | Val Loss: 0.3494 | Val Cost:    0.00 | Val Max P-Miss: 0.2243 | Val Max Q-Miss: 0.0119 | Val Max Gen Viol: 0.0000 | Val Max Thermal: 0.0000
Epoch 8000 | Val Loss: 0.3496 | Val Cost:    0.00 | Val Max P-Miss: 0.2241 | Val Max Q-Miss: 0.0121 | Val Max Gen Viol: 0.0000 | Val Max Thermal: 0.0000
Epoch 8010 | Val Loss: 0.3495 | Val Cost:    0.00 | Val Max P-Miss: 0.2243 | Val Max Q-Miss: 0.0103 | Val Max Gen Viol: 0.0000 | Val Max Thermal: 0.0000
Epoch 8020 | Val Loss: 0.3496 | Val Cost:    0.00 | Val Max P-Miss: 0.2249 | Val Max Q-Miss: 0.0123 | Val Max Gen Viol: 0.0000 | Val Max Thermal: 0.0000
Epoch 8030 | Val Loss: 0.3494 | Val Cost:    0.00 | Val Max P-Miss: 0.2237 | Val Max Q-Miss: 0.0111 | Val Max Gen Viol: 0.0000 | Val Max Thermal: 0.0000
Epoch 8040 | Val Loss: 0.3496 | Val Cost:    0.00 | Val Max P-Miss: 0.2250 | Val Max Q-Miss: 0.0110 | Val Max Gen Viol: 0.0000 | Val Max Thermal: 0.0000
Epoch 8050 | Val Loss: 0.3494 | Val Cost:    0.00 | Val Max P-Miss: 0.2242 | Val Max Q-Miss: 0.0116 | Val Max Gen Viol: 0.0000 | Val Max Thermal: 0.0000
Epoch 8060 | Val Loss: 0.3503 | Val Cost:    0.00 | Val Max P-Miss: 0.2282 | Val Max Q-Miss: 0.0119 | Val Max Gen Viol: 0.0000 | Val Max Thermal: 0.0000
Epoch 8070 | Val Loss: 0.3497 | Val Cost:    0.00 | Val Max P-Miss: 0.2255 | Val Max Q-Miss: 0.0112 | Val Max Gen Viol: 0.0000 | Val Max Thermal: 0.0000
Epoch 8080 | Val Loss: 0.3494 | Val Cost:    0.00 | Val Max P-Miss: 0.2236 | Val Max Q-Miss: 0.0097 | Val Max Gen Viol: 0.0000 | Val Max Thermal: 0.0000
Epoch 8090 | Val Loss: 0.3495 | Val Cost:    0.00 | Val Max P-Miss: 0.2226 | Val Max Q-Miss: 0.0097 | Val Max Gen Viol: 0.0000 | Val Max Thermal: 0.0000
Epoch 8100 | Val Loss: 0.3495 | Val Cost:    0.00 | Val Max P-Miss: 0.2246 | Val Max Q-Miss: 0.0120 | Val Max Gen Viol: 0.0000 | Val Max Thermal: 0.0000
Epoch 8110 | Val Loss: 0.3501 | Val Cost:    0.00 | Val Max P-Miss: 0.2257 | Val Max Q-Miss: 0.0124 | Val Max Gen Viol: 0.0000 | Val Max Thermal: 0.0000
Epoch 8120 | Val Loss: 0.3495 | Val Cost:    0.00 | Val Max P-Miss: 0.2242 | Val Max Q-Miss: 0.0100 | Val Max Gen Viol: 0.0000 | Val Max Thermal: 0.0000
Epoch 8130 | Val Loss: 0.3496 | Val Cost:    0.00 | Val Max P-Miss: 0.2259 | Val Max Q-Miss: 0.0118 | Val Max Gen Viol: 0.0000 | Val Max Thermal: 0.0000
Epoch 8140 | Val Loss: 0.3495 | Val Cost:    0.00 | Val Max P-Miss: 0.2258 | Val Max Q-Miss: 0.0117 | Val Max Gen Viol: 0.0000 | Val Max Thermal: 0.0000
Epoch 8150 | Val Loss: 0.3495 | Val Cost:    0.00 | Val Max P-Miss: 0.2251 | Val Max Q-Miss: 0.0102 | Val Max Gen Viol: 0.0000 | Val Max Thermal: 0.0000
Epoch 8160 | Val Loss: 0.3499 | Val Cost:    0.00 | Val Max P-Miss: 0.2261 | Val Max Q-Miss: 0.0101 | Val Max Gen Viol: 0.0000 | Val Max Thermal: 0.0000
Epoch 8170 | Val Loss: 0.3495 | Val Cost:    0.00 | Val Max P-Miss: 0.2221 | Val Max Q-Miss: 0.0115 | Val Max Gen Viol: 0.0000 | Val Max Thermal: 0.0000
Epoch 8180 | Val Loss: 0.3496 | Val Cost:    0.00 | Val Max P-Miss: 0.2218 | Val Max Q-Miss: 0.0124 | Val Max Gen Viol: 0.0000 | Val Max Thermal: 0.0000
Epoch 8190 | Val Loss: 0.3495 | Val Cost:    0.00 | Val Max P-Miss: 0.2242 | Val Max Q-Miss: 0.0116 | Val Max Gen Viol: 0.0000 | Val Max Thermal: 0.0000
Epoch 8200 | Val Loss: 0.3494 | Val Cost:    0.00 | Val Max P-Miss: 0.2202 | Val Max Q-Miss: 0.0121 | Val Max Gen Viol: 0.0000 | Val Max Thermal: 0.0000
Epoch 8210 | Val Loss: 0.3496 | Val Cost:    0.00 | Val Max P-Miss: 0.2244 | Val Max Q-Miss: 0.0118 | Val Max Gen Viol: 0.0000 | Val Max Thermal: 0.0000
Epoch 8220 | Val Loss: 0.3494 | Val Cost:    0.00 | Val Max P-Miss: 0.2225 | Val Max Q-Miss: 0.0112 | Val Max Gen Viol: 0.0000 | Val Max Thermal: 0.0000
Epoch 8230 | Val Loss: 0.3496 | Val Cost:    0.00 | Val Max P-Miss: 0.2229 | Val Max Q-Miss: 0.0110 | Val Max Gen Viol: 0.0000 | Val Max Thermal: 0.0000
Epoch 8240 | Val Loss: 0.3494 | Val Cost:    0.00 | Val Max P-Miss: 0.2215 | Val Max Q-Miss: 0.0107 | Val Max Gen Viol: 0.0000 | Val Max Thermal: 0.0000
Epoch 8250 | Val Loss: 0.3495 | Val Cost:    0.00 | Val Max P-Miss: 0.2244 | Val Max Q-Miss: 0.0108 | Val Max Gen Viol: 0.0000 | Val Max Thermal: 0.0000
Epoch 8260 | Val Loss: 0.3495 | Val Cost:    0.00 | Val Max P-Miss: 0.2226 | Val Max Q-Miss: 0.0115 | Val Max Gen Viol: 0.0000 | Val Max Thermal: 0.0000
Epoch 8270 | Val Loss: 0.3494 | Val Cost:    0.00 | Val Max P-Miss: 0.2234 | Val Max Q-Miss: 0.0107 | Val Max Gen Viol: 0.0000 | Val Max Thermal: 0.0000
Epoch 8280 | Val Loss: 0.3495 | Val Cost:    0.00 | Val Max P-Miss: 0.2233 | Val Max Q-Miss: 0.0116 | Val Max Gen Viol: 0.0000 | Val Max Thermal: 0.0000
Epoch 8290 | Val Loss: 0.3496 | Val Cost:    0.00 | Val Max P-Miss: 0.2237 | Val Max Q-Miss: 0.0114 | Val Max Gen Viol: 0.0000 | Val Max Thermal: 0.0000
Epoch 8300 | Val Loss: 0.3494 | Val Cost:    0.00 | Val Max P-Miss: 0.2221 | Val Max Q-Miss: 0.0105 | Val Max Gen Viol: 0.0000 | Val Max Thermal: 0.0000
Epoch 8310 | Val Loss: 0.3497 | Val Cost:    0.00 | Val Max P-Miss: 0.2225 | Val Max Q-Miss: 0.0118 | Val Max Gen Viol: 0.0000 | Val Max Thermal: 0.0000
Epoch 8320 | Val Loss: 0.3496 | Val Cost:    0.00 | Val Max P-Miss: 0.2250 | Val Max Q-Miss: 0.0100 | Val Max Gen Viol: 0.0000 | Val Max Thermal: 0.0000
Epoch 8330 | Val Loss: 0.3494 | Val Cost:    0.00 | Val Max P-Miss: 0.2214 | Val Max Q-Miss: 0.0109 | Val Max Gen Viol: 0.0000 | Val Max Thermal: 0.0000
Epoch 8340 | Val Loss: 0.3495 | Val Cost:    0.00 | Val Max P-Miss: 0.2239 | Val Max Q-Miss: 0.0107 | Val Max Gen Viol: 0.0000 | Val Max Thermal: 0.0000
Epoch 8350 | Val Loss: 0.3496 | Val Cost:    0.00 | Val Max P-Miss: 0.2254 | Val Max Q-Miss: 0.0098 | Val Max Gen Viol: 0.0000 | Val Max Thermal: 0.0000
Epoch 8360 | Val Loss: 0.3495 | Val Cost:    0.00 | Val Max P-Miss: 0.2240 | Val Max Q-Miss: 0.0110 | Val Max Gen Viol: 0.0000 | Val Max Thermal: 0.0000
Epoch 8370 | Val Loss: 0.3497 | Val Cost:    0.00 | Val Max P-Miss: 0.2263 | Val Max Q-Miss: 0.0079 | Val Max Gen Viol: 0.0000 | Val Max Thermal: 0.0000
Epoch 8380 | Val Loss: 0.3498 | Val Cost:    0.00 | Val Max P-Miss: 0.2247 | Val Max Q-Miss: 0.0106 | Val Max Gen Viol: 0.0000 | Val Max Thermal: 0.0000
Epoch 8390 | Val Loss: 0.3495 | Val Cost:    0.00 | Val Max P-Miss: 0.2243 | Val Max Q-Miss: 0.0117 | Val Max Gen Viol: 0.0000 | Val Max Thermal: 0.0000
Epoch 8400 | Val Loss: 0.3495 | Val Cost:    0.00 | Val Max P-Miss: 0.2232 | Val Max Q-Miss: 0.0097 | Val Max Gen Viol: 0.0000 | Val Max Thermal: 0.0000
Epoch 8410 | Val Loss: 0.3500 | Val Cost:    0.00 | Val Max P-Miss: 0.2255 | Val Max Q-Miss: 0.0099 | Val Max Gen Viol: 0.0000 | Val Max Thermal: 0.0000
Epoch 8420 | Val Loss: 0.3501 | Val Cost:    0.00 | Val Max P-Miss: 0.2208 | Val Max Q-Miss: 0.0086 | Val Max Gen Viol: 0.0000 | Val Max Thermal: 0.0000
Epoch 8430 | Val Loss: 0.3494 | Val Cost:    0.00 | Val Max P-Miss: 0.2235 | Val Max Q-Miss: 0.0092 | Val Max Gen Viol: 0.0000 | Val Max Thermal: 0.0000
Epoch 8440 | Val Loss: 0.3495 | Val Cost:    0.00 | Val Max P-Miss: 0.2218 | Val Max Q-Miss: 0.0107 | Val Max Gen Viol: 0.0000 | Val Max Thermal: 0.0000
Epoch 8450 | Val Loss: 0.3495 | Val Cost:    0.00 | Val Max P-Miss: 0.2203 | Val Max Q-Miss: 0.0117 | Val Max Gen Viol: 0.0000 | Val Max Thermal: 0.0000
Epoch 8460 | Val Loss: 0.3497 | Val Cost:    0.00 | Val Max P-Miss: 0.2235 | Val Max Q-Miss: 0.0087 | Val Max Gen Viol: 0.0000 | Val Max Thermal: 0.0000
Epoch 8470 | Val Loss: 0.3494 | Val Cost:    0.00 | Val Max P-Miss: 0.2211 | Val Max Q-Miss: 0.0098 | Val Max Gen Viol: 0.0000 | Val Max Thermal: 0.0000
Epoch 8480 | Val Loss: 0.3494 | Val Cost:    0.00 | Val Max P-Miss: 0.2219 | Val Max Q-Miss: 0.0100 | Val Max Gen Viol: 0.0000 | Val Max Thermal: 0.0000
Epoch 8490 | Val Loss: 0.3494 | Val Cost:    0.00 | Val Max P-Miss: 0.2220 | Val Max Q-Miss: 0.0097 | Val Max Gen Viol: 0.0000 | Val Max Thermal: 0.0000
Epoch 8500 | Val Loss: 0.3494 | Val Cost:    0.00 | Val Max P-Miss: 0.2215 | Val Max Q-Miss: 0.0109 | Val Max Gen Viol: 0.0000 | Val Max Thermal: 0.0000
Epoch 8510 | Val Loss: 0.3496 | Val Cost:    0.00 | Val Max P-Miss: 0.2217 | Val Max Q-Miss: 0.0104 | Val Max Gen Viol: 0.0000 | Val Max Thermal: 0.0000
Epoch 8520 | Val Loss: 0.3494 | Val Cost:    0.00 | Val Max P-Miss: 0.2219 | Val Max Q-Miss: 0.0101 | Val Max Gen Viol: 0.0000 | Val Max Thermal: 0.0000
Epoch 8530 | Val Loss: 0.3495 | Val Cost:    0.00 | Val Max P-Miss: 0.2234 | Val Max Q-Miss: 0.0099 | Val Max Gen Viol: 0.0000 | Val Max Thermal: 0.0000
Epoch 8540 | Val Loss: 0.3495 | Val Cost:    0.00 | Val Max P-Miss: 0.2210 | Val Max Q-Miss: 0.0101 | Val Max Gen Viol: 0.0000 | Val Max Thermal: 0.0000
Epoch 8550 | Val Loss: 0.3495 | Val Cost:    0.00 | Val Max P-Miss: 0.2223 | Val Max Q-Miss: 0.0104 | Val Max Gen Viol: 0.0000 | Val Max Thermal: 0.0000
Epoch 8560 | Val Loss: 0.3494 | Val Cost:    0.00 | Val Max P-Miss: 0.2220 | Val Max Q-Miss: 0.0085 | Val Max Gen Viol: 0.0000 | Val Max Thermal: 0.0000
Epoch 8570 | Val Loss: 0.3495 | Val Cost:    0.00 | Val Max P-Miss: 0.2222 | Val Max Q-Miss: 0.0097 | Val Max Gen Viol: 0.0000 | Val Max Thermal: 0.0000
Epoch 8580 | Val Loss: 0.3494 | Val Cost:    0.00 | Val Max P-Miss: 0.2192 | Val Max Q-Miss: 0.0094 | Val Max Gen Viol: 0.0000 | Val Max Thermal: 0.0000
Epoch 8590 | Val Loss: 0.3496 | Val Cost:    0.00 | Val Max P-Miss: 0.2241 | Val Max Q-Miss: 0.0085 | Val Max Gen Viol: 0.0000 | Val Max Thermal: 0.0000
Epoch 8600 | Val Loss: 0.3494 | Val Cost:    0.00 | Val Max P-Miss: 0.2213 | Val Max Q-Miss: 0.0086 | Val Max Gen Viol: 0.0000 | Val Max Thermal: 0.0000
Epoch 8610 | Val Loss: 0.3495 | Val Cost:    0.00 | Val Max P-Miss: 0.2217 | Val Max Q-Miss: 0.0097 | Val Max Gen Viol: 0.0000 | Val Max Thermal: 0.0000
Epoch 8620 | Val Loss: 0.3494 | Val Cost:    0.00 | Val Max P-Miss: 0.2198 | Val Max Q-Miss: 0.0094 | Val Max Gen Viol: 0.0000 | Val Max Thermal: 0.0000
Epoch 8630 | Val Loss: 0.3494 | Val Cost:    0.00 | Val Max P-Miss: 0.2211 | Val Max Q-Miss: 0.0094 | Val Max Gen Viol: 0.0000 | Val Max Thermal: 0.0000
Epoch 8640 | Val Loss: 0.3494 | Val Cost:    0.00 | Val Max P-Miss: 0.2206 | Val Max Q-Miss: 0.0091 | Val Max Gen Viol: 0.0000 | Val Max Thermal: 0.0000
Epoch 8650 | Val Loss: 0.3494 | Val Cost:    0.00 | Val Max P-Miss: 0.2221 | Val Max Q-Miss: 0.0085 | Val Max Gen Viol: 0.0000 | Val Max Thermal: 0.0000
Epoch 8660 | Val Loss: 0.3495 | Val Cost:    0.00 | Val Max P-Miss: 0.2249 | Val Max Q-Miss: 0.0079 | Val Max Gen Viol: 0.0000 | Val Max Thermal: 0.0000
Epoch 8670 | Val Loss: 0.3494 | Val Cost:    0.00 | Val Max P-Miss: 0.2226 | Val Max Q-Miss: 0.0080 | Val Max Gen Viol: 0.0000 | Val Max Thermal: 0.0000
Epoch 8680 | Val Loss: 0.3494 | Val Cost:    0.00 | Val Max P-Miss: 0.2194 | Val Max Q-Miss: 0.0088 | Val Max Gen Viol: 0.0000 | Val Max Thermal: 0.0000
Epoch 8690 | Val Loss: 0.3497 | Val Cost:    0.00 | Val Max P-Miss: 0.2245 | Val Max Q-Miss: 0.0094 | Val Max Gen Viol: 0.0000 | Val Max Thermal: 0.0000
Epoch 8700 | Val Loss: 0.3495 | Val Cost:    0.00 | Val Max P-Miss: 0.2220 | Val Max Q-Miss: 0.0092 | Val Max Gen Viol: 0.0000 | Val Max Thermal: 0.0000
Epoch 8710 | Val Loss: 0.3495 | Val Cost:    0.00 | Val Max P-Miss: 0.2218 | Val Max Q-Miss: 0.0076 | Val Max Gen Viol: 0.0000 | Val Max Thermal: 0.0000
Epoch 8720 | Val Loss: 0.3494 | Val Cost:    0.00 | Val Max P-Miss: 0.2220 | Val Max Q-Miss: 0.0080 | Val Max Gen Viol: 0.0000 | Val Max Thermal: 0.0000
Epoch 8730 | Val Loss: 0.3496 | Val Cost:    0.00 | Val Max P-Miss: 0.2228 | Val Max Q-Miss: 0.0086 | Val Max Gen Viol: 0.0000 | Val Max Thermal: 0.0000
Epoch 8740 | Val Loss: 0.3495 | Val Cost:    0.00 | Val Max P-Miss: 0.2217 | Val Max Q-Miss: 0.0094 | Val Max Gen Viol: 0.0000 | Val Max Thermal: 0.0000
Epoch 8750 | Val Loss: 0.3495 | Val Cost:    0.00 | Val Max P-Miss: 0.2216 | Val Max Q-Miss: 0.0079 | Val Max Gen Viol: 0.0000 | Val Max Thermal: 0.0000
Epoch 8760 | Val Loss: 0.3495 | Val Cost:    0.00 | Val Max P-Miss: 0.2218 | Val Max Q-Miss: 0.0089 | Val Max Gen Viol: 0.0000 | Val Max Thermal: 0.0000
Epoch 8770 | Val Loss: 0.3495 | Val Cost:    0.00 | Val Max P-Miss: 0.2195 | Val Max Q-Miss: 0.0091 | Val Max Gen Viol: 0.0000 | Val Max Thermal: 0.0000
Epoch 8780 | Val Loss: 0.3496 | Val Cost:    0.00 | Val Max P-Miss: 0.2211 | Val Max Q-Miss: 0.0094 | Val Max Gen Viol: 0.0000 | Val Max Thermal: 0.0000
Epoch 8790 | Val Loss: 0.3494 | Val Cost:    0.00 | Val Max P-Miss: 0.2190 | Val Max Q-Miss: 0.0096 | Val Max Gen Viol: 0.0000 | Val Max Thermal: 0.0000
Epoch 8800 | Val Loss: 0.3494 | Val Cost:    0.00 | Val Max P-Miss: 0.2210 | Val Max Q-Miss: 0.0084 | Val Max Gen Viol: 0.0000 | Val Max Thermal: 0.0000
Epoch 8810 | Val Loss: 0.3496 | Val Cost:    0.00 | Val Max P-Miss: 0.2195 | Val Max Q-Miss: 0.0096 | Val Max Gen Viol: 0.0000 | Val Max Thermal: 0.0000
Epoch 8820 | Val Loss: 0.3497 | Val Cost:    0.00 | Val Max P-Miss: 0.2227 | Val Max Q-Miss: 0.0081 | Val Max Gen Viol: 0.0000 | Val Max Thermal: 0.0000
Epoch 8830 | Val Loss: 0.3495 | Val Cost:    0.00 | Val Max P-Miss: 0.2202 | Val Max Q-Miss: 0.0079 | Val Max Gen Viol: 0.0000 | Val Max Thermal: 0.0000
Epoch 8840 | Val Loss: 0.3494 | Val Cost:    0.00 | Val Max P-Miss: 0.2201 | Val Max Q-Miss: 0.0089 | Val Max Gen Viol: 0.0000 | Val Max Thermal: 0.0000
Epoch 8850 | Val Loss: 0.3494 | Val Cost:    0.00 | Val Max P-Miss: 0.2203 | Val Max Q-Miss: 0.0085 | Val Max Gen Viol: 0.0000 | Val Max Thermal: 0.0000
Epoch 8860 | Val Loss: 0.3496 | Val Cost:    0.00 | Val Max P-Miss: 0.2219 | Val Max Q-Miss: 0.0077 | Val Max Gen Viol: 0.0000 | Val Max Thermal: 0.0000
Epoch 8870 | Val Loss: 0.3495 | Val Cost:    0.00 | Val Max P-Miss: 0.2230 | Val Max Q-Miss: 0.0082 | Val Max Gen Viol: 0.0000 | Val Max Thermal: 0.0000
Epoch 8880 | Val Loss: 0.3494 | Val Cost:    0.00 | Val Max P-Miss: 0.2210 | Val Max Q-Miss: 0.0089 | Val Max Gen Viol: 0.0000 | Val Max Thermal: 0.0000
Epoch 8890 | Val Loss: 0.3494 | Val Cost:    0.00 | Val Max P-Miss: 0.2197 | Val Max Q-Miss: 0.0100 | Val Max Gen Viol: 0.0000 | Val Max Thermal: 0.0000
Epoch 8900 | Val Loss: 0.3496 | Val Cost:    0.00 | Val Max P-Miss: 0.2197 | Val Max Q-Miss: 0.0105 | Val Max Gen Viol: 0.0000 | Val Max Thermal: 0.0000
Epoch 8910 | Val Loss: 0.3499 | Val Cost:    0.00 | Val Max P-Miss: 0.2210 | Val Max Q-Miss: 0.0067 | Val Max Gen Viol: 0.0000 | Val Max Thermal: 0.0000
Epoch 8920 | Val Loss: 0.3494 | Val Cost:    0.00 | Val Max P-Miss: 0.2198 | Val Max Q-Miss: 0.0090 | Val Max Gen Viol: 0.0000 | Val Max Thermal: 0.0000
Epoch 8930 | Val Loss: 0.3494 | Val Cost:    0.00 | Val Max P-Miss: 0.2200 | Val Max Q-Miss: 0.0093 | Val Max Gen Viol: 0.0000 | Val Max Thermal: 0.0000
Epoch 8940 | Val Loss: 0.3494 | Val Cost:    0.00 | Val Max P-Miss: 0.2189 | Val Max Q-Miss: 0.0095 | Val Max Gen Viol: 0.0000 | Val Max Thermal: 0.0000
Epoch 8950 | Val Loss: 0.3494 | Val Cost:    0.00 | Val Max P-Miss: 0.2220 | Val Max Q-Miss: 0.0088 | Val Max Gen Viol: 0.0000 | Val Max Thermal: 0.0000
Epoch 8960 | Val Loss: 0.3497 | Val Cost:    0.00 | Val Max P-Miss: 0.2177 | Val Max Q-Miss: 0.0107 | Val Max Gen Viol: 0.0000 | Val Max Thermal: 0.0000
Epoch 8970 | Val Loss: 0.3494 | Val Cost:    0.00 | Val Max P-Miss: 0.2186 | Val Max Q-Miss: 0.0094 | Val Max Gen Viol: 0.0000 | Val Max Thermal: 0.0000
Epoch 8980 | Val Loss: 0.3494 | Val Cost:    0.00 | Val Max P-Miss: 0.2205 | Val Max Q-Miss: 0.0080 | Val Max Gen Viol: 0.0000 | Val Max Thermal: 0.0000
Epoch 8990 | Val Loss: 0.3495 | Val Cost:    0.00 | Val Max P-Miss: 0.2214 | Val Max Q-Miss: 0.0080 | Val Max Gen Viol: 0.0000 | Val Max Thermal: 0.0000
Epoch 9000 | Val Loss: 0.3495 | Val Cost:    0.00 | Val Max P-Miss: 0.2211 | Val Max Q-Miss: 0.0074 | Val Max Gen Viol: 0.0000 | Val Max Thermal: 0.0000
Epoch 9010 | Val Loss: 0.3495 | Val Cost:    0.00 | Val Max P-Miss: 0.2209 | Val Max Q-Miss: 0.0083 | Val Max Gen Viol: 0.0000 | Val Max Thermal: 0.0000
Epoch 9020 | Val Loss: 0.3494 | Val Cost:    0.00 | Val Max P-Miss: 0.2200 | Val Max Q-Miss: 0.0088 | Val Max Gen Viol: 0.0000 | Val Max Thermal: 0.0000
Epoch 9030 | Val Loss: 0.3498 | Val Cost:    0.00 | Val Max P-Miss: 0.2248 | Val Max Q-Miss: 0.0092 | Val Max Gen Viol: 0.0000 | Val Max Thermal: 0.0000
Epoch 9040 | Val Loss: 0.3495 | Val Cost:    0.00 | Val Max P-Miss: 0.2194 | Val Max Q-Miss: 0.0101 | Val Max Gen Viol: 0.0000 | Val Max Thermal: 0.0000
Epoch 9050 | Val Loss: 0.3495 | Val Cost:    0.00 | Val Max P-Miss: 0.2210 | Val Max Q-Miss: 0.0089 | Val Max Gen Viol: 0.0000 | Val Max Thermal: 0.0000
Epoch 9060 | Val Loss: 0.3494 | Val Cost:    0.00 | Val Max P-Miss: 0.2211 | Val Max Q-Miss: 0.0082 | Val Max Gen Viol: 0.0000 | Val Max Thermal: 0.0000
Epoch 9070 | Val Loss: 0.3494 | Val Cost:    0.00 | Val Max P-Miss: 0.2215 | Val Max Q-Miss: 0.0081 | Val Max Gen Viol: 0.0000 | Val Max Thermal: 0.0000
Epoch 9080 | Val Loss: 0.3494 | Val Cost:    0.00 | Val Max P-Miss: 0.2200 | Val Max Q-Miss: 0.0083 | Val Max Gen Viol: 0.0000 | Val Max Thermal: 0.0000
Epoch 9090 | Val Loss: 0.3496 | Val Cost:    0.00 | Val Max P-Miss: 0.2217 | Val Max Q-Miss: 0.0089 | Val Max Gen Viol: 0.0000 | Val Max Thermal: 0.0000
Epoch 9100 | Val Loss: 0.3494 | Val Cost:    0.00 | Val Max P-Miss: 0.2200 | Val Max Q-Miss: 0.0085 | Val Max Gen Viol: 0.0000 | Val Max Thermal: 0.0000
Epoch 9110 | Val Loss: 0.3495 | Val Cost:    0.00 | Val Max P-Miss: 0.2188 | Val Max Q-Miss: 0.0094 | Val Max Gen Viol: 0.0000 | Val Max Thermal: 0.0000
Epoch 9120 | Val Loss: 0.3497 | Val Cost:    0.00 | Val Max P-Miss: 0.2247 | Val Max Q-Miss: 0.0073 | Val Max Gen Viol: 0.0000 | Val Max Thermal: 0.0000
Epoch 9130 | Val Loss: 0.3496 | Val Cost:    0.00 | Val Max P-Miss: 0.2210 | Val Max Q-Miss: 0.0069 | Val Max Gen Viol: 0.0000 | Val Max Thermal: 0.0000
Epoch 9140 | Val Loss: 0.3496 | Val Cost:    0.00 | Val Max P-Miss: 0.2233 | Val Max Q-Miss: 0.0078 | Val Max Gen Viol: 0.0000 | Val Max Thermal: 0.0000
Epoch 9150 | Val Loss: 0.3494 | Val Cost:    0.00 | Val Max P-Miss: 0.2204 | Val Max Q-Miss: 0.0084 | Val Max Gen Viol: 0.0000 | Val Max Thermal: 0.0000
Epoch 9160 | Val Loss: 0.3495 | Val Cost:    0.00 | Val Max P-Miss: 0.2227 | Val Max Q-Miss: 0.0082 | Val Max Gen Viol: 0.0000 | Val Max Thermal: 0.0000
Epoch 9170 | Val Loss: 0.3496 | Val Cost:    0.00 | Val Max P-Miss: 0.2196 | Val Max Q-Miss: 0.0090 | Val Max Gen Viol: 0.0000 | Val Max Thermal: 0.0000
Epoch 9180 | Val Loss: 0.3494 | Val Cost:    0.00 | Val Max P-Miss: 0.2196 | Val Max Q-Miss: 0.0084 | Val Max Gen Viol: 0.0000 | Val Max Thermal: 0.0000
Epoch 9190 | Val Loss: 0.3497 | Val Cost:    0.00 | Val Max P-Miss: 0.2237 | Val Max Q-Miss: 0.0078 | Val Max Gen Viol: 0.0000 | Val Max Thermal: 0.0000
Epoch 9200 | Val Loss: 0.3496 | Val Cost:    0.00 | Val Max P-Miss: 0.2223 | Val Max Q-Miss: 0.0083 | Val Max Gen Viol: 0.0000 | Val Max Thermal: 0.0000
Epoch 9210 | Val Loss: 0.3494 | Val Cost:    0.00 | Val Max P-Miss: 0.2217 | Val Max Q-Miss: 0.0077 | Val Max Gen Viol: 0.0000 | Val Max Thermal: 0.0000
Epoch 9220 | Val Loss: 0.3496 | Val Cost:    0.00 | Val Max P-Miss: 0.2229 | Val Max Q-Miss: 0.0077 | Val Max Gen Viol: 0.0000 | Val Max Thermal: 0.0000
Epoch 9230 | Val Loss: 0.3495 | Val Cost:    0.00 | Val Max P-Miss: 0.2223 | Val Max Q-Miss: 0.0079 | Val Max Gen Viol: 0.0000 | Val Max Thermal: 0.0000
Epoch 9240 | Val Loss: 0.3496 | Val Cost:    0.00 | Val Max P-Miss: 0.2213 | Val Max Q-Miss: 0.0058 | Val Max Gen Viol: 0.0000 | Val Max Thermal: 0.0000
Epoch 9250 | Val Loss: 0.3494 | Val Cost:    0.00 | Val Max P-Miss: 0.2201 | Val Max Q-Miss: 0.0080 | Val Max Gen Viol: 0.0000 | Val Max Thermal: 0.0000
Epoch 9260 | Val Loss: 0.3494 | Val Cost:    0.00 | Val Max P-Miss: 0.2201 | Val Max Q-Miss: 0.0076 | Val Max Gen Viol: 0.0000 | Val Max Thermal: 0.0000
Epoch 9270 | Val Loss: 0.3495 | Val Cost:    0.00 | Val Max P-Miss: 0.2210 | Val Max Q-Miss: 0.0083 | Val Max Gen Viol: 0.0000 | Val Max Thermal: 0.0000
Epoch 9280 | Val Loss: 0.3494 | Val Cost:    0.00 | Val Max P-Miss: 0.2220 | Val Max Q-Miss: 0.0063 | Val Max Gen Viol: 0.0000 | Val Max Thermal: 0.0000
Epoch 9290 | Val Loss: 0.3494 | Val Cost:    0.00 | Val Max P-Miss: 0.2208 | Val Max Q-Miss: 0.0081 | Val Max Gen Viol: 0.0000 | Val Max Thermal: 0.0000
Epoch 9300 | Val Loss: 0.3494 | Val Cost:    0.00 | Val Max P-Miss: 0.2230 | Val Max Q-Miss: 0.0076 | Val Max Gen Viol: 0.0000 | Val Max Thermal: 0.0000
Epoch 9310 | Val Loss: 0.3496 | Val Cost:    0.00 | Val Max P-Miss: 0.2222 | Val Max Q-Miss: 0.0078 | Val Max Gen Viol: 0.0000 | Val Max Thermal: 0.0000
Epoch 9320 | Val Loss: 0.3494 | Val Cost:    0.00 | Val Max P-Miss: 0.2192 | Val Max Q-Miss: 0.0087 | Val Max Gen Viol: 0.0000 | Val Max Thermal: 0.0000
Epoch 9330 | Val Loss: 0.3494 | Val Cost:    0.00 | Val Max P-Miss: 0.2214 | Val Max Q-Miss: 0.0079 | Val Max Gen Viol: 0.0000 | Val Max Thermal: 0.0000
Epoch 9340 | Val Loss: 0.3495 | Val Cost:    0.00 | Val Max P-Miss: 0.2221 | Val Max Q-Miss: 0.0075 | Val Max Gen Viol: 0.0000 | Val Max Thermal: 0.0000
Epoch 9350 | Val Loss: 0.3494 | Val Cost:    0.00 | Val Max P-Miss: 0.2183 | Val Max Q-Miss: 0.0091 | Val Max Gen Viol: 0.0000 | Val Max Thermal: 0.0000
Epoch 9360 | Val Loss: 0.3494 | Val Cost:    0.00 | Val Max P-Miss: 0.2196 | Val Max Q-Miss: 0.0081 | Val Max Gen Viol: 0.0000 | Val Max Thermal: 0.0000
Epoch 9370 | Val Loss: 0.3494 | Val Cost:    0.00 | Val Max P-Miss: 0.2198 | Val Max Q-Miss: 0.0072 | Val Max Gen Viol: 0.0000 | Val Max Thermal: 0.0000
Epoch 9380 | Val Loss: 0.3494 | Val Cost:    0.00 | Val Max P-Miss: 0.2193 | Val Max Q-Miss: 0.0083 | Val Max Gen Viol: 0.0000 | Val Max Thermal: 0.0000
Epoch 9390 | Val Loss: 0.3494 | Val Cost:    0.00 | Val Max P-Miss: 0.2199 | Val Max Q-Miss: 0.0084 | Val Max Gen Viol: 0.0000 | Val Max Thermal: 0.0000
Epoch 9400 | Val Loss: 0.3494 | Val Cost:    0.00 | Val Max P-Miss: 0.2201 | Val Max Q-Miss: 0.0068 | Val Max Gen Viol: 0.0000 | Val Max Thermal: 0.0000
Epoch 9410 | Val Loss: 0.3495 | Val Cost:    0.00 | Val Max P-Miss: 0.2203 | Val Max Q-Miss: 0.0070 | Val Max Gen Viol: 0.0000 | Val Max Thermal: 0.0000
Epoch 9420 | Val Loss: 0.3496 | Val Cost:    0.00 | Val Max P-Miss: 0.2235 | Val Max Q-Miss: 0.0074 | Val Max Gen Viol: 0.0000 | Val Max Thermal: 0.0000
Epoch 9430 | Val Loss: 0.3498 | Val Cost:    0.00 | Val Max P-Miss: 0.2249 | Val Max Q-Miss: 0.0081 | Val Max Gen Viol: 0.0000 | Val Max Thermal: 0.0000
Epoch 9440 | Val Loss: 0.3493 | Val Cost:    0.00 | Val Max P-Miss: 0.2202 | Val Max Q-Miss: 0.0072 | Val Max Gen Viol: 0.0000 | Val Max Thermal: 0.0000 [*SAVED BEST*]
Epoch 9450 | Val Loss: 0.3494 | Val Cost:    0.00 | Val Max P-Miss: 0.2216 | Val Max Q-Miss: 0.0064 | Val Max Gen Viol: 0.0000 | Val Max Thermal: 0.0000
Epoch 9460 | Val Loss: 0.3493 | Val Cost:    0.00 | Val Max P-Miss: 0.2195 | Val Max Q-Miss: 0.0076 | Val Max Gen Viol: 0.0000 | Val Max Thermal: 0.0000
Epoch 9470 | Val Loss: 0.3494 | Val Cost:    0.00 | Val Max P-Miss: 0.2200 | Val Max Q-Miss: 0.0082 | Val Max Gen Viol: 0.0000 | Val Max Thermal: 0.0000
Epoch 9480 | Val Loss: 0.3495 | Val Cost:    0.00 | Val Max P-Miss: 0.2186 | Val Max Q-Miss: 0.0068 | Val Max Gen Viol: 0.0000 | Val Max Thermal: 0.0000
Epoch 9490 | Val Loss: 0.3494 | Val Cost:    0.00 | Val Max P-Miss: 0.2189 | Val Max Q-Miss: 0.0079 | Val Max Gen Viol: 0.0000 | Val Max Thermal: 0.0000
Epoch 9500 | Val Loss: 0.3495 | Val Cost:    0.00 | Val Max P-Miss: 0.2218 | Val Max Q-Miss: 0.0076 | Val Max Gen Viol: 0.0000 | Val Max Thermal: 0.0000
Epoch 9510 | Val Loss: 0.3494 | Val Cost:    0.00 | Val Max P-Miss: 0.2198 | Val Max Q-Miss: 0.0081 | Val Max Gen Viol: 0.0000 | Val Max Thermal: 0.0000
Epoch 9520 | Val Loss: 0.3496 | Val Cost:    0.00 | Val Max P-Miss: 0.2224 | Val Max Q-Miss: 0.0075 | Val Max Gen Viol: 0.0000 | Val Max Thermal: 0.0000
Epoch 9530 | Val Loss: 0.3495 | Val Cost:    0.00 | Val Max P-Miss: 0.2186 | Val Max Q-Miss: 0.0074 | Val Max Gen Viol: 0.0000 | Val Max Thermal: 0.0000
Epoch 9540 | Val Loss: 0.3494 | Val Cost:    0.00 | Val Max P-Miss: 0.2193 | Val Max Q-Miss: 0.0081 | Val Max Gen Viol: 0.0000 | Val Max Thermal: 0.0000
Epoch 9550 | Val Loss: 0.3493 | Val Cost:    0.00 | Val Max P-Miss: 0.2209 | Val Max Q-Miss: 0.0067 | Val Max Gen Viol: 0.0000 | Val Max Thermal: 0.0000 [*SAVED BEST*]
Epoch 9560 | Val Loss: 0.3494 | Val Cost:    0.00 | Val Max P-Miss: 0.2195 | Val Max Q-Miss: 0.0065 | Val Max Gen Viol: 0.0000 | Val Max Thermal: 0.0000
Epoch 9570 | Val Loss: 0.3495 | Val Cost:    0.00 | Val Max P-Miss: 0.2207 | Val Max Q-Miss: 0.0060 | Val Max Gen Viol: 0.0000 | Val Max Thermal: 0.0000
Epoch 9580 | Val Loss: 0.3496 | Val Cost:    0.00 | Val Max P-Miss: 0.2228 | Val Max Q-Miss: 0.0074 | Val Max Gen Viol: 0.0000 | Val Max Thermal: 0.0000
Epoch 9590 | Val Loss: 0.3494 | Val Cost:    0.00 | Val Max P-Miss: 0.2207 | Val Max Q-Miss: 0.0069 | Val Max Gen Viol: 0.0000 | Val Max Thermal: 0.0000
Epoch 9600 | Val Loss: 0.3496 | Val Cost:    0.00 | Val Max P-Miss: 0.2211 | Val Max Q-Miss: 0.0059 | Val Max Gen Viol: 0.0000 | Val Max Thermal: 0.0000
Epoch 9610 | Val Loss: 0.3494 | Val Cost:    0.00 | Val Max P-Miss: 0.2197 | Val Max Q-Miss: 0.0080 | Val Max Gen Viol: 0.0000 | Val Max Thermal: 0.0000
Epoch 9620 | Val Loss: 0.3495 | Val Cost:    0.00 | Val Max P-Miss: 0.2210 | Val Max Q-Miss: 0.0067 | Val Max Gen Viol: 0.0000 | Val Max Thermal: 0.0000
Epoch 9630 | Val Loss: 0.3494 | Val Cost:    0.00 | Val Max P-Miss: 0.2198 | Val Max Q-Miss: 0.0071 | Val Max Gen Viol: 0.0000 | Val Max Thermal: 0.0000
Epoch 9640 | Val Loss: 0.3496 | Val Cost:    0.00 | Val Max P-Miss: 0.2224 | Val Max Q-Miss: 0.0073 | Val Max Gen Viol: 0.0000 | Val Max Thermal: 0.0000
Epoch 9650 | Val Loss: 0.3494 | Val Cost:    0.00 | Val Max P-Miss: 0.2196 | Val Max Q-Miss: 0.0073 | Val Max Gen Viol: 0.0000 | Val Max Thermal: 0.0000
Epoch 9660 | Val Loss: 0.3495 | Val Cost:    0.00 | Val Max P-Miss: 0.2239 | Val Max Q-Miss: 0.0066 | Val Max Gen Viol: 0.0000 | Val Max Thermal: 0.0000
Epoch 9670 | Val Loss: 0.3497 | Val Cost:    0.00 | Val Max P-Miss: 0.2228 | Val Max Q-Miss: 0.0079 | Val Max Gen Viol: 0.0000 | Val Max Thermal: 0.0000
Epoch 9680 | Val Loss: 0.3494 | Val Cost:    0.00 | Val Max P-Miss: 0.2203 | Val Max Q-Miss: 0.0066 | Val Max Gen Viol: 0.0000 | Val Max Thermal: 0.0000
Epoch 9690 | Val Loss: 0.3493 | Val Cost:    0.00 | Val Max P-Miss: 0.2184 | Val Max Q-Miss: 0.0071 | Val Max Gen Viol: 0.0000 | Val Max Thermal: 0.0000 [*SAVED BEST*]
Epoch 9700 | Val Loss: 0.3495 | Val Cost:    0.00 | Val Max P-Miss: 0.2224 | Val Max Q-Miss: 0.0065 | Val Max Gen Viol: 0.0000 | Val Max Thermal: 0.0000
Epoch 9710 | Val Loss: 0.3494 | Val Cost:    0.00 | Val Max P-Miss: 0.2178 | Val Max Q-Miss: 0.0070 | Val Max Gen Viol: 0.0000 | Val Max Thermal: 0.0000
Epoch 9720 | Val Loss: 0.3494 | Val Cost:    0.00 | Val Max P-Miss: 0.2197 | Val Max Q-Miss: 0.0073 | Val Max Gen Viol: 0.0000 | Val Max Thermal: 0.0000
Epoch 9730 | Val Loss: 0.3494 | Val Cost:    0.00 | Val Max P-Miss: 0.2207 | Val Max Q-Miss: 0.0066 | Val Max Gen Viol: 0.0000 | Val Max Thermal: 0.0000
Epoch 9740 | Val Loss: 0.3494 | Val Cost:    0.00 | Val Max P-Miss: 0.2210 | Val Max Q-Miss: 0.0072 | Val Max Gen Viol: 0.0000 | Val Max Thermal: 0.0000
Epoch 9750 | Val Loss: 0.3494 | Val Cost:    0.00 | Val Max P-Miss: 0.2203 | Val Max Q-Miss: 0.0071 | Val Max Gen Viol: 0.0000 | Val Max Thermal: 0.0000
Epoch 9760 | Val Loss: 0.3495 | Val Cost:    0.00 | Val Max P-Miss: 0.2208 | Val Max Q-Miss: 0.0083 | Val Max Gen Viol: 0.0000 | Val Max Thermal: 0.0000
Epoch 9770 | Val Loss: 0.3493 | Val Cost:    0.00 | Val Max P-Miss: 0.2201 | Val Max Q-Miss: 0.0063 | Val Max Gen Viol: 0.0000 | Val Max Thermal: 0.0000
Epoch 9780 | Val Loss: 0.3494 | Val Cost:    0.00 | Val Max P-Miss: 0.2192 | Val Max Q-Miss: 0.0078 | Val Max Gen Viol: 0.0000 | Val Max Thermal: 0.0000
Epoch 9790 | Val Loss: 0.3494 | Val Cost:    0.00 | Val Max P-Miss: 0.2191 | Val Max Q-Miss: 0.0073 | Val Max Gen Viol: 0.0000 | Val Max Thermal: 0.0000
Epoch 9800 | Val Loss: 0.3493 | Val Cost:    0.00 | Val Max P-Miss: 0.2192 | Val Max Q-Miss: 0.0073 | Val Max Gen Viol: 0.0000 | Val Max Thermal: 0.0000
Epoch 9810 | Val Loss: 0.3495 | Val Cost:    0.00 | Val Max P-Miss: 0.2179 | Val Max Q-Miss: 0.0080 | Val Max Gen Viol: 0.0000 | Val Max Thermal: 0.0000
Epoch 9820 | Val Loss: 0.3494 | Val Cost:    0.00 | Val Max P-Miss: 0.2190 | Val Max Q-Miss: 0.0073 | Val Max Gen Viol: 0.0000 | Val Max Thermal: 0.0000
Epoch 9830 | Val Loss: 0.3494 | Val Cost:    0.00 | Val Max P-Miss: 0.2186 | Val Max Q-Miss: 0.0078 | Val Max Gen Viol: 0.0000 | Val Max Thermal: 0.0000
Epoch 9840 | Val Loss: 0.3495 | Val Cost:    0.00 | Val Max P-Miss: 0.2220 | Val Max Q-Miss: 0.0066 | Val Max Gen Viol: 0.0000 | Val Max Thermal: 0.0000
Epoch 9850 | Val Loss: 0.3494 | Val Cost:    0.00 | Val Max P-Miss: 0.2211 | Val Max Q-Miss: 0.0071 | Val Max Gen Viol: 0.0000 | Val Max Thermal: 0.0000
Epoch 9860 | Val Loss: 0.3495 | Val Cost:    0.00 | Val Max P-Miss: 0.2219 | Val Max Q-Miss: 0.0071 | Val Max Gen Viol: 0.0000 | Val Max Thermal: 0.0000
Epoch 9870 | Val Loss: 0.3494 | Val Cost:    0.00 | Val Max P-Miss: 0.2194 | Val Max Q-Miss: 0.0070 | Val Max Gen Viol: 0.0000 | Val Max Thermal: 0.0000
Epoch 9880 | Val Loss: 0.3495 | Val Cost:    0.00 | Val Max P-Miss: 0.2213 | Val Max Q-Miss: 0.0071 | Val Max Gen Viol: 0.0000 | Val Max Thermal: 0.0000
Epoch 9890 | Val Loss: 0.3496 | Val Cost:    0.00 | Val Max P-Miss: 0.2224 | Val Max Q-Miss: 0.0078 | Val Max Gen Viol: 0.0000 | Val Max Thermal: 0.0000
Epoch 9900 | Val Loss: 0.3500 | Val Cost:    0.00 | Val Max P-Miss: 0.2236 | Val Max Q-Miss: 0.0098 | Val Max Gen Viol: 0.0000 | Val Max Thermal: 0.0000
Epoch 9910 | Val Loss: 0.3495 | Val Cost:    0.00 | Val Max P-Miss: 0.2221 | Val Max Q-Miss: 0.0070 | Val Max Gen Viol: 0.0000 | Val Max Thermal: 0.0000
Epoch 9920 | Val Loss: 0.3495 | Val Cost:    0.00 | Val Max P-Miss: 0.2214 | Val Max Q-Miss: 0.0065 | Val Max Gen Viol: 0.0000 | Val Max Thermal: 0.0000
Epoch 9930 | Val Loss: 0.3494 | Val Cost:    0.00 | Val Max P-Miss: 0.2213 | Val Max Q-Miss: 0.0064 | Val Max Gen Viol: 0.0000 | Val Max Thermal: 0.0000
Epoch 9940 | Val Loss: 0.3494 | Val Cost:    0.00 | Val Max P-Miss: 0.2204 | Val Max Q-Miss: 0.0071 | Val Max Gen Viol: 0.0000 | Val Max Thermal: 0.0000
Epoch 9950 | Val Loss: 0.3496 | Val Cost:    0.00 | Val Max P-Miss: 0.2220 | Val Max Q-Miss: 0.0081 | Val Max Gen Viol: 0.0000 | Val Max Thermal: 0.0000
Epoch 9960 | Val Loss: 0.3495 | Val Cost:    0.00 | Val Max P-Miss: 0.2189 | Val Max Q-Miss: 0.0057 | Val Max Gen Viol: 0.0000 | Val Max Thermal: 0.0000
Epoch 9970 | Val Loss: 0.3495 | Val Cost:    0.00 | Val Max P-Miss: 0.2215 | Val Max Q-Miss: 0.0066 | Val Max Gen Viol: 0.0000 | Val Max Thermal: 0.0000
Epoch 9980 | Val Loss: 0.3494 | Val Cost:    0.00 | Val Max P-Miss: 0.2209 | Val Max Q-Miss: 0.0064 | Val Max Gen Viol: 0.0000 | Val Max Thermal: 0.0000
Epoch 9990 | Val Loss: 0.3497 | Val Cost:    0.00 | Val Max P-Miss: 0.2216 | Val Max Q-Miss: 0.0083 | Val Max Gen Viol: 0.0000 | Val Max Thermal: 0.0000

==================================================
Training Complete!
Total Training Time: 00h 33m 06.75s
Best model weights saved to: ./model/best_fsnet_model_pglib_opf_case14_ieee_10000epochs_20260715_212343.pth
==================================================

