Job: acopf_ISS
Executing: ACOPF_pinn_rahul_multi.py --case_name pglib_opf_case14_ieee --epochs 10000
Node: issnode1
GPU Allocated: 0
Executing strictly on GPU: NVIDIA GeForce RTX 4090
Problem Geometry Linked -> Matrix Samples: 10000

Beginning execution of parallelized training matrix loops for Rahul KKT PINN...
Epoch    0 | Val Loss: 1201961.0000 | Val Cost:  917.09 | Val Max P-Miss: 0.4862 | Val Max Q-Miss: 0.2210 | Val Max Gen Viol: 1.2300 | Val Max Thermal: 0.0000 [*SAVED BEST*]
Epoch   10 | Val Loss: 54847.5352 | Val Cost:  304.95 | Val Max P-Miss: 1.0644 | Val Max Q-Miss: 0.3296 | Val Max Gen Viol: 0.0614 | Val Max Thermal: 0.0000 [*SAVED BEST*]
Epoch   20 | Val Loss: 435.0856 | Val Cost:   -2.72 | Val Max P-Miss: 1.1141 | Val Max Q-Miss: 0.4470 | Val Max Gen Viol: 0.0028 | Val Max Thermal: 0.0000 [*SAVED BEST*]
Epoch   30 | Val Loss: 485.4946 | Val Cost:    0.04 | Val Max P-Miss: 1.1125 | Val Max Q-Miss: 0.4494 | Val Max Gen Viol: 0.0039 | Val Max Thermal: 0.0000
Epoch   40 | Val Loss: 408.5248 | Val Cost:   -0.02 | Val Max P-Miss: 1.1118 | Val Max Q-Miss: 0.4493 | Val Max Gen Viol: 0.0039 | Val Max Thermal: 0.0000 [*SAVED BEST*]
Epoch   50 | Val Loss: 366.4323 | Val Cost:    0.01 | Val Max P-Miss: 1.1117 | Val Max Q-Miss: 0.4493 | Val Max Gen Viol: 0.0039 | Val Max Thermal: 0.0000 [*SAVED BEST*]
Epoch   60 | Val Loss: 338.4637 | Val Cost:    0.01 | Val Max P-Miss: 1.1117 | Val Max Q-Miss: 0.4493 | Val Max Gen Viol: 0.0039 | Val Max Thermal: 0.0000 [*SAVED BEST*]
Epoch   70 | Val Loss: 319.5294 | Val Cost:   -0.01 | Val Max P-Miss: 1.1116 | Val Max Q-Miss: 0.4493 | Val Max Gen Viol: 0.0039 | Val Max Thermal: 0.0000 [*SAVED BEST*]
Epoch   80 | Val Loss: 305.8302 | Val Cost:    0.04 | Val Max P-Miss: 1.1114 | Val Max Q-Miss: 0.4493 | Val Max Gen Viol: 0.0039 | Val Max Thermal: 0.0000 [*SAVED BEST*]
Epoch   90 | Val Loss: 514.0100 | Val Cost:    0.01 | Val Max P-Miss: 1.1113 | Val Max Q-Miss: 0.4491 | Val Max Gen Viol: 0.0039 | Val Max Thermal: 0.0000
Epoch  100 | Val Loss: 370.1742 | Val Cost:    0.02 | Val Max P-Miss: 1.1112 | Val Max Q-Miss: 0.4492 | Val Max Gen Viol: 0.0040 | Val Max Thermal: 0.0000
Epoch  110 | Val Loss: 334.7995 | Val Cost:    0.01 | Val Max P-Miss: 1.1110 | Val Max Q-Miss: 0.4492 | Val Max Gen Viol: 0.0040 | Val Max Thermal: 0.0000
Epoch  120 | Val Loss: 321.6895 | Val Cost:    0.00 | Val Max P-Miss: 1.1108 | Val Max Q-Miss: 0.4491 | Val Max Gen Viol: 0.0040 | Val Max Thermal: 0.0000
Epoch  130 | Val Loss: 362.5299 | Val Cost:   -0.02 | Val Max P-Miss: 1.1105 | Val Max Q-Miss: 0.4489 | Val Max Gen Viol: 0.0040 | Val Max Thermal: 0.0000
Epoch  140 | Val Loss: 876.2488 | Val Cost:    0.12 | Val Max P-Miss: 1.1104 | Val Max Q-Miss: 0.4481 | Val Max Gen Viol: 0.0046 | Val Max Thermal: 0.0000
Epoch  150 | Val Loss: 354.0378 | Val Cost:   -3.07 | Val Max P-Miss: 1.1107 | Val Max Q-Miss: 0.4482 | Val Max Gen Viol: 0.0014 | Val Max Thermal: 0.0000
Epoch  160 | Val Loss: 277.5887 | Val Cost:    0.01 | Val Max P-Miss: 1.1104 | Val Max Q-Miss: 0.4487 | Val Max Gen Viol: 0.0014 | Val Max Thermal: 0.0000 [*SAVED BEST*]
Epoch  170 | Val Loss: 250.9144 | Val Cost:   -0.00 | Val Max P-Miss: 1.1103 | Val Max Q-Miss: 0.4487 | Val Max Gen Viol: 0.0015 | Val Max Thermal: 0.0000 [*SAVED BEST*]
Epoch  180 | Val Loss: 233.1236 | Val Cost:    0.01 | Val Max P-Miss: 1.1103 | Val Max Q-Miss: 0.4487 | Val Max Gen Viol: 0.0015 | Val Max Thermal: 0.0000 [*SAVED BEST*]
Epoch  190 | Val Loss: 216.7686 | Val Cost:   -0.01 | Val Max P-Miss: 1.1103 | Val Max Q-Miss: 0.4487 | Val Max Gen Viol: 0.0015 | Val Max Thermal: 0.0000 [*SAVED BEST*]
Epoch  200 | Val Loss: 201.2727 | Val Cost:   -0.00 | Val Max P-Miss: 1.1103 | Val Max Q-Miss: 0.4487 | Val Max Gen Viol: 0.0015 | Val Max Thermal: 0.0000 [*SAVED BEST*]
Epoch  210 | Val Loss: 188.6483 | Val Cost:    0.01 | Val Max P-Miss: 1.1102 | Val Max Q-Miss: 0.4487 | Val Max Gen Viol: 0.0015 | Val Max Thermal: 0.0000 [*SAVED BEST*]
Epoch  220 | Val Loss: 177.0432 | Val Cost:   -0.00 | Val Max P-Miss: 1.1102 | Val Max Q-Miss: 0.4487 | Val Max Gen Viol: 0.0015 | Val Max Thermal: 0.0000 [*SAVED BEST*]
Epoch  230 | Val Loss: 164.3225 | Val Cost:   -0.02 | Val Max P-Miss: 1.1102 | Val Max Q-Miss: 0.4487 | Val Max Gen Viol: 0.0015 | Val Max Thermal: 0.0000 [*SAVED BEST*]
Epoch  240 | Val Loss: 153.3910 | Val Cost:   -0.01 | Val Max P-Miss: 1.1101 | Val Max Q-Miss: 0.4487 | Val Max Gen Viol: 0.0016 | Val Max Thermal: 0.0000 [*SAVED BEST*]
Epoch  250 | Val Loss: 143.0999 | Val Cost:    0.01 | Val Max P-Miss: 1.1101 | Val Max Q-Miss: 0.4487 | Val Max Gen Viol: 0.0016 | Val Max Thermal: 0.0000 [*SAVED BEST*]
Epoch  260 | Val Loss: 131.8426 | Val Cost:    0.05 | Val Max P-Miss: 1.1100 | Val Max Q-Miss: 0.4487 | Val Max Gen Viol: 0.0016 | Val Max Thermal: 0.0000 [*SAVED BEST*]
Epoch  270 | Val Loss: 325.5976 | Val Cost:   -0.28 | Val Max P-Miss: 1.1103 | Val Max Q-Miss: 0.4488 | Val Max Gen Viol: 0.0013 | Val Max Thermal: 0.0000
Epoch  280 | Val Loss: 195.5708 | Val Cost:   -0.00 | Val Max P-Miss: 1.1099 | Val Max Q-Miss: 0.4486 | Val Max Gen Viol: 0.0017 | Val Max Thermal: 0.0000
Epoch  290 | Val Loss: 164.3190 | Val Cost:    0.00 | Val Max P-Miss: 1.1098 | Val Max Q-Miss: 0.4486 | Val Max Gen Viol: 0.0017 | Val Max Thermal: 0.0000
Epoch  300 | Val Loss: 147.5808 | Val Cost:   -0.00 | Val Max P-Miss: 1.1098 | Val Max Q-Miss: 0.4486 | Val Max Gen Viol: 0.0018 | Val Max Thermal: 0.0000
Epoch  310 | Val Loss: 136.2775 | Val Cost:   -0.67 | Val Max P-Miss: 1.1098 | Val Max Q-Miss: 0.4486 | Val Max Gen Viol: 0.0017 | Val Max Thermal: 0.0000
Epoch  320 | Val Loss: 133.2904 | Val Cost:   -1.21 | Val Max P-Miss: 1.1098 | Val Max Q-Miss: 0.4485 | Val Max Gen Viol: 0.0017 | Val Max Thermal: 0.0000
Epoch  330 | Val Loss: 123.4171 | Val Cost:    0.01 | Val Max P-Miss: 1.1096 | Val Max Q-Miss: 0.4486 | Val Max Gen Viol: 0.0018 | Val Max Thermal: 0.0000 [*SAVED BEST*]
Epoch  340 | Val Loss: 819.6634 | Val Cost:    1.11 | Val Max P-Miss: 1.1088 | Val Max Q-Miss: 0.4434 | Val Max Gen Viol: 0.0025 | Val Max Thermal: 0.0000
Epoch  350 | Val Loss: 417.3421 | Val Cost:    0.02 | Val Max P-Miss: 1.1092 | Val Max Q-Miss: 0.4487 | Val Max Gen Viol: 0.0020 | Val Max Thermal: 0.0000
Epoch  360 | Val Loss: 209.7901 | Val Cost:    0.01 | Val Max P-Miss: 1.1091 | Val Max Q-Miss: 0.4485 | Val Max Gen Viol: 0.0021 | Val Max Thermal: 0.0000
Epoch  370 | Val Loss: 342.6761 | Val Cost:    0.07 | Val Max P-Miss: 1.1088 | Val Max Q-Miss: 0.4489 | Val Max Gen Viol: 0.0021 | Val Max Thermal: 0.0000
Epoch  380 | Val Loss: 332.9430 | Val Cost:    0.00 | Val Max P-Miss: 1.1089 | Val Max Q-Miss: 0.4485 | Val Max Gen Viol: 0.0022 | Val Max Thermal: 0.0000
Epoch  390 | Val Loss: 194.9717 | Val Cost:    0.00 | Val Max P-Miss: 1.1088 | Val Max Q-Miss: 0.4485 | Val Max Gen Viol: 0.0022 | Val Max Thermal: 0.0000
Epoch  400 | Val Loss: 306.3036 | Val Cost:   -0.01 | Val Max P-Miss: 1.1087 | Val Max Q-Miss: 0.4484 | Val Max Gen Viol: 0.0022 | Val Max Thermal: 0.0000
Epoch  410 | Val Loss: 422.6383 | Val Cost:    0.24 | Val Max P-Miss: 1.1083 | Val Max Q-Miss: 0.4481 | Val Max Gen Viol: 0.0024 | Val Max Thermal: 0.0000
Epoch  420 | Val Loss: 148.9802 | Val Cost:    0.01 | Val Max P-Miss: 1.1083 | Val Max Q-Miss: 0.4485 | Val Max Gen Viol: 0.0023 | Val Max Thermal: 0.0000
Epoch  430 | Val Loss: 121.8751 | Val Cost:    0.00 | Val Max P-Miss: 1.1083 | Val Max Q-Miss: 0.4485 | Val Max Gen Viol: 0.0023 | Val Max Thermal: 0.0000 [*SAVED BEST*]
Epoch  440 | Val Loss: 111.8463 | Val Cost:    0.00 | Val Max P-Miss: 1.1083 | Val Max Q-Miss: 0.4485 | Val Max Gen Viol: 0.0024 | Val Max Thermal: 0.0000 [*SAVED BEST*]
Epoch  450 | Val Loss: 104.1462 | Val Cost:    0.00 | Val Max P-Miss: 1.1082 | Val Max Q-Miss: 0.4485 | Val Max Gen Viol: 0.0024 | Val Max Thermal: 0.0000 [*SAVED BEST*]
Epoch  460 | Val Loss: 97.6190 | Val Cost:    0.00 | Val Max P-Miss: 1.1082 | Val Max Q-Miss: 0.4485 | Val Max Gen Viol: 0.0025 | Val Max Thermal: 0.0000 [*SAVED BEST*]
Epoch  470 | Val Loss: 92.8504 | Val Cost:   -0.05 | Val Max P-Miss: 1.1081 | Val Max Q-Miss: 0.4485 | Val Max Gen Viol: 0.0025 | Val Max Thermal: 0.0000 [*SAVED BEST*]
Epoch  480 | Val Loss: 254.7625 | Val Cost:   12.47 | Val Max P-Miss: 1.1053 | Val Max Q-Miss: 0.4515 | Val Max Gen Viol: 0.0053 | Val Max Thermal: 0.0000
Epoch  490 | Val Loss: 797.7588 | Val Cost:    0.51 | Val Max P-Miss: 1.1077 | Val Max Q-Miss: 0.4484 | Val Max Gen Viol: 0.0028 | Val Max Thermal: 0.0000
Epoch  500 | Val Loss: 89.3392 | Val Cost:    0.02 | Val Max P-Miss: 1.1079 | Val Max Q-Miss: 0.4485 | Val Max Gen Viol: 0.0027 | Val Max Thermal: 0.0000 [*SAVED BEST*]
Epoch  510 | Val Loss: 66.3787 | Val Cost:    0.00 | Val Max P-Miss: 1.1078 | Val Max Q-Miss: 0.4485 | Val Max Gen Viol: 0.0028 | Val Max Thermal: 0.0000 [*SAVED BEST*]
Epoch  520 | Val Loss: 61.7843 | Val Cost:    0.00 | Val Max P-Miss: 1.1077 | Val Max Q-Miss: 0.4485 | Val Max Gen Viol: 0.0028 | Val Max Thermal: 0.0000 [*SAVED BEST*]
Epoch  530 | Val Loss: 61.9556 | Val Cost:    0.00 | Val Max P-Miss: 1.1077 | Val Max Q-Miss: 0.4485 | Val Max Gen Viol: 0.0029 | Val Max Thermal: 0.0000
Epoch  540 | Val Loss: 56.8313 | Val Cost:    0.00 | Val Max P-Miss: 1.1076 | Val Max Q-Miss: 0.4485 | Val Max Gen Viol: 0.0030 | Val Max Thermal: 0.0000 [*SAVED BEST*]
Epoch  550 | Val Loss: 53.6951 | Val Cost:    0.00 | Val Max P-Miss: 1.1075 | Val Max Q-Miss: 0.4485 | Val Max Gen Viol: 0.0030 | Val Max Thermal: 0.0000 [*SAVED BEST*]
Epoch  560 | Val Loss: 49.8748 | Val Cost:    0.00 | Val Max P-Miss: 1.1075 | Val Max Q-Miss: 0.4485 | Val Max Gen Viol: 0.0031 | Val Max Thermal: 0.0000 [*SAVED BEST*]
Epoch  570 | Val Loss: 49.6148 | Val Cost:    0.00 | Val Max P-Miss: 1.1074 | Val Max Q-Miss: 0.4485 | Val Max Gen Viol: 0.0032 | Val Max Thermal: 0.0000 [*SAVED BEST*]
Epoch  580 | Val Loss: 789.4980 | Val Cost:    0.34 | Val Max P-Miss: 1.1080 | Val Max Q-Miss: 0.4480 | Val Max Gen Viol: 0.0030 | Val Max Thermal: 0.0000
Epoch  590 | Val Loss: 362.9286 | Val Cost:   -0.39 | Val Max P-Miss: 1.1076 | Val Max Q-Miss: 0.4483 | Val Max Gen Viol: 0.0031 | Val Max Thermal: 0.0000
Epoch  600 | Val Loss: 151.9744 | Val Cost:    0.10 | Val Max P-Miss: 1.1076 | Val Max Q-Miss: 0.4485 | Val Max Gen Viol: 0.0031 | Val Max Thermal: 0.0000
Epoch  610 | Val Loss: 53.5143 | Val Cost:    0.00 | Val Max P-Miss: 1.1075 | Val Max Q-Miss: 0.4485 | Val Max Gen Viol: 0.0031 | Val Max Thermal: 0.0000
Epoch  620 | Val Loss: 54.1255 | Val Cost:    0.00 | Val Max P-Miss: 1.1074 | Val Max Q-Miss: 0.4485 | Val Max Gen Viol: 0.0032 | Val Max Thermal: 0.0000
Epoch  630 | Val Loss: 59.2336 | Val Cost:    0.00 | Val Max P-Miss: 1.1073 | Val Max Q-Miss: 0.4485 | Val Max Gen Viol: 0.0033 | Val Max Thermal: 0.0000
Epoch  640 | Val Loss: 57.3112 | Val Cost:    0.00 | Val Max P-Miss: 1.1072 | Val Max Q-Miss: 0.4485 | Val Max Gen Viol: 0.0034 | Val Max Thermal: 0.0000
Epoch  650 | Val Loss: 53.2499 | Val Cost:    0.00 | Val Max P-Miss: 1.1071 | Val Max Q-Miss: 0.4485 | Val Max Gen Viol: 0.0035 | Val Max Thermal: 0.0000
Epoch  660 | Val Loss: 48.3919 | Val Cost:    0.00 | Val Max P-Miss: 1.1070 | Val Max Q-Miss: 0.4485 | Val Max Gen Viol: 0.0036 | Val Max Thermal: 0.0000 [*SAVED BEST*]
Epoch  670 | Val Loss: 47.3749 | Val Cost:    0.00 | Val Max P-Miss: 1.1069 | Val Max Q-Miss: 0.4485 | Val Max Gen Viol: 0.0037 | Val Max Thermal: 0.0000 [*SAVED BEST*]
Epoch  680 | Val Loss: 43.3531 | Val Cost:    0.00 | Val Max P-Miss: 1.1067 | Val Max Q-Miss: 0.4485 | Val Max Gen Viol: 0.0039 | Val Max Thermal: 0.0000 [*SAVED BEST*]
Epoch  690 | Val Loss: 53.8489 | Val Cost:    0.00 | Val Max P-Miss: 1.1066 | Val Max Q-Miss: 0.4485 | Val Max Gen Viol: 0.0040 | Val Max Thermal: 0.0000
Epoch  700 | Val Loss: 312.5725 | Val Cost:   -0.36 | Val Max P-Miss: 1.1068 | Val Max Q-Miss: 0.4484 | Val Max Gen Viol: 0.0038 | Val Max Thermal: 0.0000
Epoch  710 | Val Loss: 380.2530 | Val Cost:   -0.21 | Val Max P-Miss: 1.1065 | Val Max Q-Miss: 0.4504 | Val Max Gen Viol: 0.0042 | Val Max Thermal: 0.0000
Epoch  720 | Val Loss: 207.0046 | Val Cost:   -0.93 | Val Max P-Miss: 1.1119 | Val Max Q-Miss: 0.4473 | Val Max Gen Viol: 0.0012 | Val Max Thermal: 0.0000
Epoch  730 | Val Loss: 49.5785 | Val Cost:   -0.20 | Val Max P-Miss: 1.1091 | Val Max Q-Miss: 0.4485 | Val Max Gen Viol: 0.0018 | Val Max Thermal: 0.0000
Epoch  740 | Val Loss: 45.7114 | Val Cost:   -0.00 | Val Max P-Miss: 1.1092 | Val Max Q-Miss: 0.4485 | Val Max Gen Viol: 0.0016 | Val Max Thermal: 0.0000
Epoch  750 | Val Loss: 42.3671 | Val Cost:    0.00 | Val Max P-Miss: 1.1092 | Val Max Q-Miss: 0.4485 | Val Max Gen Viol: 0.0017 | Val Max Thermal: 0.0000 [*SAVED BEST*]
Epoch  760 | Val Loss: 40.2481 | Val Cost:    0.00 | Val Max P-Miss: 1.1092 | Val Max Q-Miss: 0.4485 | Val Max Gen Viol: 0.0017 | Val Max Thermal: 0.0000 [*SAVED BEST*]
Epoch  770 | Val Loss: 38.6293 | Val Cost:    0.00 | Val Max P-Miss: 1.1092 | Val Max Q-Miss: 0.4485 | Val Max Gen Viol: 0.0017 | Val Max Thermal: 0.0000 [*SAVED BEST*]
Epoch  780 | Val Loss: 37.7089 | Val Cost:    0.00 | Val Max P-Miss: 1.1091 | Val Max Q-Miss: 0.4485 | Val Max Gen Viol: 0.0017 | Val Max Thermal: 0.0000 [*SAVED BEST*]
Epoch  790 | Val Loss: 37.1487 | Val Cost:    0.00 | Val Max P-Miss: 1.1091 | Val Max Q-Miss: 0.4485 | Val Max Gen Viol: 0.0017 | Val Max Thermal: 0.0000 [*SAVED BEST*]
Epoch  800 | Val Loss: 36.4690 | Val Cost:    0.00 | Val Max P-Miss: 1.1091 | Val Max Q-Miss: 0.4485 | Val Max Gen Viol: 0.0017 | Val Max Thermal: 0.0000 [*SAVED BEST*]
Epoch  810 | Val Loss: 35.5339 | Val Cost:    0.00 | Val Max P-Miss: 1.1091 | Val Max Q-Miss: 0.4485 | Val Max Gen Viol: 0.0017 | Val Max Thermal: 0.0000 [*SAVED BEST*]
Epoch  820 | Val Loss: 34.4992 | Val Cost:    0.00 | Val Max P-Miss: 1.1091 | Val Max Q-Miss: 0.4485 | Val Max Gen Viol: 0.0017 | Val Max Thermal: 0.0000 [*SAVED BEST*]
Epoch  830 | Val Loss: 33.9748 | Val Cost:    0.00 | Val Max P-Miss: 1.1091 | Val Max Q-Miss: 0.4485 | Val Max Gen Viol: 0.0018 | Val Max Thermal: 0.0000 [*SAVED BEST*]
Epoch  840 | Val Loss: 34.1135 | Val Cost:    0.00 | Val Max P-Miss: 1.1090 | Val Max Q-Miss: 0.4485 | Val Max Gen Viol: 0.0018 | Val Max Thermal: 0.0000
Epoch  850 | Val Loss: 32.7260 | Val Cost:    0.00 | Val Max P-Miss: 1.1090 | Val Max Q-Miss: 0.4485 | Val Max Gen Viol: 0.0018 | Val Max Thermal: 0.0000 [*SAVED BEST*]
Epoch  860 | Val Loss: 31.3689 | Val Cost:    0.00 | Val Max P-Miss: 1.1090 | Val Max Q-Miss: 0.4485 | Val Max Gen Viol: 0.0018 | Val Max Thermal: 0.0000 [*SAVED BEST*]
Epoch  870 | Val Loss: 30.5010 | Val Cost:    0.00 | Val Max P-Miss: 1.1090 | Val Max Q-Miss: 0.4485 | Val Max Gen Viol: 0.0018 | Val Max Thermal: 0.0000 [*SAVED BEST*]
Epoch  880 | Val Loss: 27.6450 | Val Cost:    0.00 | Val Max P-Miss: 1.1090 | Val Max Q-Miss: 0.4485 | Val Max Gen Viol: 0.0018 | Val Max Thermal: 0.0000 [*SAVED BEST*]
Epoch  890 | Val Loss: 62.9470 | Val Cost:    0.00 | Val Max P-Miss: 1.1089 | Val Max Q-Miss: 0.4485 | Val Max Gen Viol: 0.0019 | Val Max Thermal: 0.0000
Epoch  900 | Val Loss: 59.3076 | Val Cost:    0.00 | Val Max P-Miss: 1.1089 | Val Max Q-Miss: 0.4485 | Val Max Gen Viol: 0.0019 | Val Max Thermal: 0.0000
Epoch  910 | Val Loss: 52.3875 | Val Cost:    0.00 | Val Max P-Miss: 1.1089 | Val Max Q-Miss: 0.4485 | Val Max Gen Viol: 0.0019 | Val Max Thermal: 0.0000
Epoch  920 | Val Loss: 46.1632 | Val Cost:    0.00 | Val Max P-Miss: 1.1088 | Val Max Q-Miss: 0.4485 | Val Max Gen Viol: 0.0019 | Val Max Thermal: 0.0000
Epoch  930 | Val Loss: 41.5049 | Val Cost:    0.00 | Val Max P-Miss: 1.1088 | Val Max Q-Miss: 0.4485 | Val Max Gen Viol: 0.0019 | Val Max Thermal: 0.0000
Epoch  940 | Val Loss: 177.4150 | Val Cost:   -0.03 | Val Max P-Miss: 1.1088 | Val Max Q-Miss: 0.4484 | Val Max Gen Viol: 0.0020 | Val Max Thermal: 0.0000
Epoch  950 | Val Loss: 337.2624 | Val Cost:   -0.14 | Val Max P-Miss: 1.1088 | Val Max Q-Miss: 0.4503 | Val Max Gen Viol: 0.0020 | Val Max Thermal: 0.0000
Epoch  960 | Val Loss: 34.5299 | Val Cost:    0.03 | Val Max P-Miss: 1.1089 | Val Max Q-Miss: 0.4486 | Val Max Gen Viol: 0.0020 | Val Max Thermal: 0.0000
Epoch  970 | Val Loss: 29.4512 | Val Cost:    0.00 | Val Max P-Miss: 1.1089 | Val Max Q-Miss: 0.4485 | Val Max Gen Viol: 0.0020 | Val Max Thermal: 0.0000
Epoch  980 | Val Loss: 28.5694 | Val Cost:    0.00 | Val Max P-Miss: 1.1089 | Val Max Q-Miss: 0.4485 | Val Max Gen Viol: 0.0020 | Val Max Thermal: 0.0000
Epoch  990 | Val Loss: 27.9914 | Val Cost:    0.00 | Val Max P-Miss: 1.1089 | Val Max Q-Miss: 0.4485 | Val Max Gen Viol: 0.0021 | Val Max Thermal: 0.0000
Epoch 1000 | Val Loss: 27.1774 | Val Cost:    0.00 | Val Max P-Miss: 1.1088 | Val Max Q-Miss: 0.4485 | Val Max Gen Viol: 0.0021 | Val Max Thermal: 0.0000 [*SAVED BEST*]
Epoch 1010 | Val Loss: 25.8681 | Val Cost:    0.00 | Val Max P-Miss: 1.1088 | Val Max Q-Miss: 0.4485 | Val Max Gen Viol: 0.0021 | Val Max Thermal: 0.0000 [*SAVED BEST*]
Epoch 1020 | Val Loss: 23.6666 | Val Cost:    0.00 | Val Max P-Miss: 1.1088 | Val Max Q-Miss: 0.4485 | Val Max Gen Viol: 0.0021 | Val Max Thermal: 0.0000 [*SAVED BEST*]
Epoch 1030 | Val Loss: 22.5032 | Val Cost:    0.00 | Val Max P-Miss: 1.1088 | Val Max Q-Miss: 0.4485 | Val Max Gen Viol: 0.0022 | Val Max Thermal: 0.0000 [*SAVED BEST*]
Epoch 1040 | Val Loss: 22.8240 | Val Cost:    0.01 | Val Max P-Miss: 1.1087 | Val Max Q-Miss: 0.4485 | Val Max Gen Viol: 0.0022 | Val Max Thermal: 0.0000
Epoch 1050 | Val Loss: 22.1786 | Val Cost:   -0.19 | Val Max P-Miss: 1.1088 | Val Max Q-Miss: 0.4486 | Val Max Gen Viol: 0.0021 | Val Max Thermal: 0.0000 [*SAVED BEST*]
Epoch 1060 | Val Loss: 23.5250 | Val Cost:   -0.00 | Val Max P-Miss: 1.1087 | Val Max Q-Miss: 0.4485 | Val Max Gen Viol: 0.0022 | Val Max Thermal: 0.0000
Epoch 1070 | Val Loss: 76.4472 | Val Cost:    0.02 | Val Max P-Miss: 1.1087 | Val Max Q-Miss: 0.4489 | Val Max Gen Viol: 0.0022 | Val Max Thermal: 0.0000
Epoch 1080 | Val Loss: 44.4426 | Val Cost:   -0.00 | Val Max P-Miss: 1.1086 | Val Max Q-Miss: 0.4485 | Val Max Gen Viol: 0.0023 | Val Max Thermal: 0.0000
Epoch 1090 | Val Loss: 36.9817 | Val Cost:    0.00 | Val Max P-Miss: 1.1086 | Val Max Q-Miss: 0.4485 | Val Max Gen Viol: 0.0023 | Val Max Thermal: 0.0000
Epoch 1100 | Val Loss: 31.3766 | Val Cost:    0.00 | Val Max P-Miss: 1.1085 | Val Max Q-Miss: 0.4485 | Val Max Gen Viol: 0.0024 | Val Max Thermal: 0.0000
Epoch 1110 | Val Loss: 29.0359 | Val Cost:    0.00 | Val Max P-Miss: 1.1084 | Val Max Q-Miss: 0.4485 | Val Max Gen Viol: 0.0024 | Val Max Thermal: 0.0000
Epoch 1120 | Val Loss: 27.5681 | Val Cost:    0.18 | Val Max P-Miss: 1.1084 | Val Max Q-Miss: 0.4485 | Val Max Gen Viol: 0.0024 | Val Max Thermal: 0.0000
Epoch 1130 | Val Loss: 29.4986 | Val Cost:   -0.03 | Val Max P-Miss: 1.1084 | Val Max Q-Miss: 0.4485 | Val Max Gen Viol: 0.0025 | Val Max Thermal: 0.0000
Epoch 1140 | Val Loss: 200.1362 | Val Cost:    4.76 | Val Max P-Miss: 1.1102 | Val Max Q-Miss: 0.4480 | Val Max Gen Viol: 0.0024 | Val Max Thermal: 0.0000
Epoch 1150 | Val Loss: 165.1027 | Val Cost:   -0.12 | Val Max P-Miss: 1.1084 | Val Max Q-Miss: 0.4489 | Val Max Gen Viol: 0.0026 | Val Max Thermal: 0.0000
Epoch 1160 | Val Loss: 115.2712 | Val Cost:    0.00 | Val Max P-Miss: 1.1082 | Val Max Q-Miss: 0.4487 | Val Max Gen Viol: 0.0028 | Val Max Thermal: 0.0000
Epoch 1170 | Val Loss: 265.2449 | Val Cost:   -0.28 | Val Max P-Miss: 1.1082 | Val Max Q-Miss: 0.4481 | Val Max Gen Viol: 0.0028 | Val Max Thermal: 0.0000
Epoch 1180 | Val Loss: 8.1904 | Val Cost:   -0.13 | Val Max P-Miss: 1.1083 | Val Max Q-Miss: 0.4486 | Val Max Gen Viol: 0.0027 | Val Max Thermal: 0.0000 [*SAVED BEST*]
Epoch 1190 | Val Loss: 25.1997 | Val Cost:    0.01 | Val Max P-Miss: 1.1083 | Val Max Q-Miss: 0.4485 | Val Max Gen Viol: 0.0027 | Val Max Thermal: 0.0000
Epoch 1200 | Val Loss: 30.7216 | Val Cost:    0.00 | Val Max P-Miss: 1.1082 | Val Max Q-Miss: 0.4485 | Val Max Gen Viol: 0.0028 | Val Max Thermal: 0.0000
Epoch 1210 | Val Loss: 28.3707 | Val Cost:    0.00 | Val Max P-Miss: 1.1082 | Val Max Q-Miss: 0.4485 | Val Max Gen Viol: 0.0028 | Val Max Thermal: 0.0000
Epoch 1220 | Val Loss: 25.1997 | Val Cost:    0.00 | Val Max P-Miss: 1.1082 | Val Max Q-Miss: 0.4485 | Val Max Gen Viol: 0.0028 | Val Max Thermal: 0.0000
Epoch 1230 | Val Loss: 24.0942 | Val Cost:    0.00 | Val Max P-Miss: 1.1082 | Val Max Q-Miss: 0.4485 | Val Max Gen Viol: 0.0028 | Val Max Thermal: 0.0000
Epoch 1240 | Val Loss: 23.2425 | Val Cost:    0.00 | Val Max P-Miss: 1.1082 | Val Max Q-Miss: 0.4485 | Val Max Gen Viol: 0.0028 | Val Max Thermal: 0.0000
Epoch 1250 | Val Loss: 22.5273 | Val Cost:    0.00 | Val Max P-Miss: 1.1081 | Val Max Q-Miss: 0.4485 | Val Max Gen Viol: 0.0028 | Val Max Thermal: 0.0000
Epoch 1260 | Val Loss: 22.0502 | Val Cost:    0.00 | Val Max P-Miss: 1.1081 | Val Max Q-Miss: 0.4485 | Val Max Gen Viol: 0.0029 | Val Max Thermal: 0.0000
Epoch 1270 | Val Loss: 21.6422 | Val Cost:    0.00 | Val Max P-Miss: 1.1081 | Val Max Q-Miss: 0.4485 | Val Max Gen Viol: 0.0029 | Val Max Thermal: 0.0000
Epoch 1280 | Val Loss: 21.3573 | Val Cost:    0.00 | Val Max P-Miss: 1.1081 | Val Max Q-Miss: 0.4485 | Val Max Gen Viol: 0.0029 | Val Max Thermal: 0.0000
Epoch 1290 | Val Loss: 21.3118 | Val Cost:    0.00 | Val Max P-Miss: 1.1080 | Val Max Q-Miss: 0.4485 | Val Max Gen Viol: 0.0029 | Val Max Thermal: 0.0000
Epoch 1300 | Val Loss: 20.9124 | Val Cost:    0.00 | Val Max P-Miss: 1.1080 | Val Max Q-Miss: 0.4485 | Val Max Gen Viol: 0.0030 | Val Max Thermal: 0.0000
Epoch 1310 | Val Loss: 88.6691 | Val Cost:    0.00 | Val Max P-Miss: 1.1080 | Val Max Q-Miss: 0.4485 | Val Max Gen Viol: 0.0030 | Val Max Thermal: 0.0000
Epoch 1320 | Val Loss: 39.5454 | Val Cost:    0.00 | Val Max P-Miss: 1.1079 | Val Max Q-Miss: 0.4485 | Val Max Gen Viol: 0.0030 | Val Max Thermal: 0.0000
Epoch 1330 | Val Loss: 28.8337 | Val Cost:    0.00 | Val Max P-Miss: 1.1079 | Val Max Q-Miss: 0.4485 | Val Max Gen Viol: 0.0031 | Val Max Thermal: 0.0000
Epoch 1340 | Val Loss: 24.7272 | Val Cost:    0.00 | Val Max P-Miss: 1.1079 | Val Max Q-Miss: 0.4485 | Val Max Gen Viol: 0.0031 | Val Max Thermal: 0.0000
Epoch 1350 | Val Loss: 26.4845 | Val Cost:    0.00 | Val Max P-Miss: 1.1078 | Val Max Q-Miss: 0.4485 | Val Max Gen Viol: 0.0032 | Val Max Thermal: 0.0000
Epoch 1360 | Val Loss: 24.2706 | Val Cost:    0.00 | Val Max P-Miss: 1.1078 | Val Max Q-Miss: 0.4485 | Val Max Gen Viol: 0.0032 | Val Max Thermal: 0.0000
Epoch 1370 | Val Loss: 23.5163 | Val Cost:    0.00 | Val Max P-Miss: 1.1078 | Val Max Q-Miss: 0.4485 | Val Max Gen Viol: 0.0032 | Val Max Thermal: 0.0000
Epoch 1380 | Val Loss: 233.7957 | Val Cost:    0.41 | Val Max P-Miss: 1.1116 | Val Max Q-Miss: 0.4506 | Val Max Gen Viol: 0.0032 | Val Max Thermal: 0.0000
Epoch 1390 | Val Loss: 21.6612 | Val Cost:   -0.03 | Val Max P-Miss: 1.1077 | Val Max Q-Miss: 0.4487 | Val Max Gen Viol: 0.0034 | Val Max Thermal: 0.0000
Epoch 1400 | Val Loss: 19.0539 | Val Cost:    0.18 | Val Max P-Miss: 1.1078 | Val Max Q-Miss: 0.4485 | Val Max Gen Viol: 0.0033 | Val Max Thermal: 0.0000
Epoch 1410 | Val Loss: 19.0322 | Val Cost:    0.12 | Val Max P-Miss: 1.1078 | Val Max Q-Miss: 0.4485 | Val Max Gen Viol: 0.0033 | Val Max Thermal: 0.0000
Epoch 1420 | Val Loss: 18.2729 | Val Cost:    0.00 | Val Max P-Miss: 1.1078 | Val Max Q-Miss: 0.4485 | Val Max Gen Viol: 0.0034 | Val Max Thermal: 0.0000
Epoch 1430 | Val Loss: 18.3492 | Val Cost:    0.00 | Val Max P-Miss: 1.1077 | Val Max Q-Miss: 0.4485 | Val Max Gen Viol: 0.0034 | Val Max Thermal: 0.0000
Epoch 1440 | Val Loss: 18.6856 | Val Cost:    0.00 | Val Max P-Miss: 1.1077 | Val Max Q-Miss: 0.4485 | Val Max Gen Viol: 0.0034 | Val Max Thermal: 0.0000
Epoch 1450 | Val Loss: 14.5033 | Val Cost:    0.00 | Val Max P-Miss: 1.1077 | Val Max Q-Miss: 0.4485 | Val Max Gen Viol: 0.0035 | Val Max Thermal: 0.0000
Epoch 1460 | Val Loss: 683.6835 | Val Cost:   -0.19 | Val Max P-Miss: 1.1077 | Val Max Q-Miss: 0.4485 | Val Max Gen Viol: 0.0034 | Val Max Thermal: 0.0000
Epoch 1470 | Val Loss: 82.0551 | Val Cost:   -0.74 | Val Max P-Miss: 1.1077 | Val Max Q-Miss: 0.4487 | Val Max Gen Viol: 0.0034 | Val Max Thermal: 0.0000
Epoch 1480 | Val Loss: 23.8947 | Val Cost:    0.02 | Val Max P-Miss: 1.1076 | Val Max Q-Miss: 0.4485 | Val Max Gen Viol: 0.0035 | Val Max Thermal: 0.0000
Epoch 1490 | Val Loss: 20.5113 | Val Cost:    0.01 | Val Max P-Miss: 1.1076 | Val Max Q-Miss: 0.4485 | Val Max Gen Viol: 0.0035 | Val Max Thermal: 0.0000
Epoch 1500 | Val Loss: 18.3302 | Val Cost:    0.00 | Val Max P-Miss: 1.1075 | Val Max Q-Miss: 0.4485 | Val Max Gen Viol: 0.0036 | Val Max Thermal: 0.0000
Epoch 1510 | Val Loss: 19.0919 | Val Cost:    0.00 | Val Max P-Miss: 1.1075 | Val Max Q-Miss: 0.4485 | Val Max Gen Viol: 0.0036 | Val Max Thermal: 0.0000
Epoch 1520 | Val Loss: 18.8055 | Val Cost:    0.00 | Val Max P-Miss: 1.1075 | Val Max Q-Miss: 0.4485 | Val Max Gen Viol: 0.0036 | Val Max Thermal: 0.0000
Epoch 1530 | Val Loss: 19.2907 | Val Cost:    0.00 | Val Max P-Miss: 1.1075 | Val Max Q-Miss: 0.4485 | Val Max Gen Viol: 0.0036 | Val Max Thermal: 0.0000
Epoch 1540 | Val Loss: 18.0351 | Val Cost:    0.00 | Val Max P-Miss: 1.1074 | Val Max Q-Miss: 0.4485 | Val Max Gen Viol: 0.0037 | Val Max Thermal: 0.0000
Epoch 1550 | Val Loss: 17.3016 | Val Cost:    0.00 | Val Max P-Miss: 1.1074 | Val Max Q-Miss: 0.4485 | Val Max Gen Viol: 0.0037 | Val Max Thermal: 0.0000
Epoch 1560 | Val Loss: 16.3967 | Val Cost:    0.00 | Val Max P-Miss: 1.1073 | Val Max Q-Miss: 0.4485 | Val Max Gen Viol: 0.0038 | Val Max Thermal: 0.0000
Epoch 1570 | Val Loss: 15.7936 | Val Cost:    0.00 | Val Max P-Miss: 1.1073 | Val Max Q-Miss: 0.4485 | Val Max Gen Viol: 0.0038 | Val Max Thermal: 0.0000
Epoch 1580 | Val Loss: 15.4827 | Val Cost:    0.00 | Val Max P-Miss: 1.1072 | Val Max Q-Miss: 0.4485 | Val Max Gen Viol: 0.0038 | Val Max Thermal: 0.0000
Epoch 1590 | Val Loss: 45.8265 | Val Cost:    0.00 | Val Max P-Miss: 1.1072 | Val Max Q-Miss: 0.4485 | Val Max Gen Viol: 0.0039 | Val Max Thermal: 0.0000
Epoch 1600 | Val Loss: 272.5270 | Val Cost:   -3.01 | Val Max P-Miss: 1.1075 | Val Max Q-Miss: 0.4498 | Val Max Gen Viol: 0.0036 | Val Max Thermal: 0.0000
Epoch 1610 | Val Loss: 44.4022 | Val Cost:    0.38 | Val Max P-Miss: 1.1067 | Val Max Q-Miss: 0.4486 | Val Max Gen Viol: 0.0047 | Val Max Thermal: 0.0000
Epoch 1620 | Val Loss: 34.8204 | Val Cost:    0.00 | Val Max P-Miss: 1.1071 | Val Max Q-Miss: 0.4485 | Val Max Gen Viol: 0.0040 | Val Max Thermal: 0.0000
Epoch 1630 | Val Loss: 30.3761 | Val Cost:    0.00 | Val Max P-Miss: 1.1070 | Val Max Q-Miss: 0.4485 | Val Max Gen Viol: 0.0041 | Val Max Thermal: 0.0000
Epoch 1640 | Val Loss: 26.8473 | Val Cost:    0.00 | Val Max P-Miss: 1.1070 | Val Max Q-Miss: 0.4485 | Val Max Gen Viol: 0.0041 | Val Max Thermal: 0.0000
Epoch 1650 | Val Loss: 26.5438 | Val Cost:    0.00 | Val Max P-Miss: 1.1069 | Val Max Q-Miss: 0.4485 | Val Max Gen Viol: 0.0042 | Val Max Thermal: 0.0000
Epoch 1660 | Val Loss: 21.0486 | Val Cost:    0.00 | Val Max P-Miss: 1.1068 | Val Max Q-Miss: 0.4485 | Val Max Gen Viol: 0.0043 | Val Max Thermal: 0.0000
Epoch 1670 | Val Loss: 19.9081 | Val Cost:    0.00 | Val Max P-Miss: 1.1068 | Val Max Q-Miss: 0.4485 | Val Max Gen Viol: 0.0043 | Val Max Thermal: 0.0000
Epoch 1680 | Val Loss: 18.7505 | Val Cost:    0.00 | Val Max P-Miss: 1.1067 | Val Max Q-Miss: 0.4485 | Val Max Gen Viol: 0.0044 | Val Max Thermal: 0.0000
Epoch 1690 | Val Loss: 17.8626 | Val Cost:    0.00 | Val Max P-Miss: 1.1066 | Val Max Q-Miss: 0.4485 | Val Max Gen Viol: 0.0045 | Val Max Thermal: 0.0000
Epoch 1700 | Val Loss: 16.5916 | Val Cost:    0.00 | Val Max P-Miss: 1.1065 | Val Max Q-Miss: 0.4485 | Val Max Gen Viol: 0.0046 | Val Max Thermal: 0.0000
Epoch 1710 | Val Loss: 15.7710 | Val Cost:    0.00 | Val Max P-Miss: 1.1064 | Val Max Q-Miss: 0.4485 | Val Max Gen Viol: 0.0047 | Val Max Thermal: 0.0000
Epoch 1720 | Val Loss: 14.7407 | Val Cost:    0.00 | Val Max P-Miss: 1.1063 | Val Max Q-Miss: 0.4485 | Val Max Gen Viol: 0.0048 | Val Max Thermal: 0.0000
Epoch 1730 | Val Loss: 30.7369 | Val Cost:    0.18 | Val Max P-Miss: 1.1063 | Val Max Q-Miss: 0.4486 | Val Max Gen Viol: 0.0048 | Val Max Thermal: 0.0000
Epoch 1740 | Val Loss: 89.0285 | Val Cost:   -0.03 | Val Max P-Miss: 1.1061 | Val Max Q-Miss: 0.4485 | Val Max Gen Viol: 0.0050 | Val Max Thermal: 0.0000
Epoch 1750 | Val Loss: 67.5294 | Val Cost:    0.02 | Val Max P-Miss: 1.1060 | Val Max Q-Miss: 0.4484 | Val Max Gen Viol: 0.0052 | Val Max Thermal: 0.0000
Epoch 1760 | Val Loss: 23.5687 | Val Cost:    0.00 | Val Max P-Miss: 1.1058 | Val Max Q-Miss: 0.4485 | Val Max Gen Viol: 0.0053 | Val Max Thermal: 0.0000
Epoch 1770 | Val Loss: 20.2323 | Val Cost:    0.00 | Val Max P-Miss: 1.1057 | Val Max Q-Miss: 0.4485 | Val Max Gen Viol: 0.0054 | Val Max Thermal: 0.0000
Epoch 1780 | Val Loss: 18.5592 | Val Cost:    0.00 | Val Max P-Miss: 1.1055 | Val Max Q-Miss: 0.4485 | Val Max Gen Viol: 0.0056 | Val Max Thermal: 0.0000
Epoch 1790 | Val Loss: 16.7049 | Val Cost:    0.00 | Val Max P-Miss: 1.1054 | Val Max Q-Miss: 0.4485 | Val Max Gen Viol: 0.0057 | Val Max Thermal: 0.0000
Epoch 1800 | Val Loss: 15.5246 | Val Cost:    0.00 | Val Max P-Miss: 1.1051 | Val Max Q-Miss: 0.4485 | Val Max Gen Viol: 0.0059 | Val Max Thermal: 0.0000
Epoch 1810 | Val Loss: 14.6519 | Val Cost:    0.00 | Val Max P-Miss: 1.1049 | Val Max Q-Miss: 0.4485 | Val Max Gen Viol: 0.0062 | Val Max Thermal: 0.0000
Epoch 1820 | Val Loss: 13.6959 | Val Cost:    0.00 | Val Max P-Miss: 1.1046 | Val Max Q-Miss: 0.4485 | Val Max Gen Viol: 0.0065 | Val Max Thermal: 0.0000
Epoch 1830 | Val Loss: 16.9626 | Val Cost:    0.00 | Val Max P-Miss: 1.1042 | Val Max Q-Miss: 0.4485 | Val Max Gen Viol: 0.0069 | Val Max Thermal: 0.0000
Epoch 1840 | Val Loss: 14.6771 | Val Cost:    0.00 | Val Max P-Miss: 1.1037 | Val Max Q-Miss: 0.4485 | Val Max Gen Viol: 0.0073 | Val Max Thermal: 0.0000
Epoch 1850 | Val Loss: 13.7452 | Val Cost:    0.00 | Val Max P-Miss: 1.1032 | Val Max Q-Miss: 0.4485 | Val Max Gen Viol: 0.0079 | Val Max Thermal: 0.0000
Epoch 1860 | Val Loss: 150.8151 | Val Cost:    0.31 | Val Max P-Miss: 1.1070 | Val Max Q-Miss: 0.4480 | Val Max Gen Viol: 0.0041 | Val Max Thermal: 0.0000
Epoch 1870 | Val Loss: 50.2715 | Val Cost:   -1.94 | Val Max P-Miss: 1.1052 | Val Max Q-Miss: 0.4485 | Val Max Gen Viol: 0.0060 | Val Max Thermal: 0.0000
Epoch 1880 | Val Loss: 56.2956 | Val Cost:    0.09 | Val Max P-Miss: 1.1048 | Val Max Q-Miss: 0.4487 | Val Max Gen Viol: 0.0064 | Val Max Thermal: 0.0000
Epoch 1890 | Val Loss: 53.5668 | Val Cost:    0.01 | Val Max P-Miss: 1.1047 | Val Max Q-Miss: 0.4485 | Val Max Gen Viol: 0.0065 | Val Max Thermal: 0.0000
Epoch 1900 | Val Loss: 15.0907 | Val Cost:   -0.00 | Val Max P-Miss: 1.1046 | Val Max Q-Miss: 0.4485 | Val Max Gen Viol: 0.0066 | Val Max Thermal: 0.0000
Epoch 1910 | Val Loss: 24.4874 | Val Cost:    0.00 | Val Max P-Miss: 1.1045 | Val Max Q-Miss: 0.4485 | Val Max Gen Viol: 0.0067 | Val Max Thermal: 0.0000
Epoch 1920 | Val Loss: 20.8598 | Val Cost:    0.00 | Val Max P-Miss: 1.1044 | Val Max Q-Miss: 0.4485 | Val Max Gen Viol: 0.0068 | Val Max Thermal: 0.0000
Epoch 1930 | Val Loss: 17.9413 | Val Cost:    0.00 | Val Max P-Miss: 1.1043 | Val Max Q-Miss: 0.4485 | Val Max Gen Viol: 0.0069 | Val Max Thermal: 0.0000
Epoch 1940 | Val Loss: 16.0977 | Val Cost:    0.00 | Val Max P-Miss: 1.1042 | Val Max Q-Miss: 0.4485 | Val Max Gen Viol: 0.0070 | Val Max Thermal: 0.0000
Epoch 1950 | Val Loss: 14.8329 | Val Cost:    0.00 | Val Max P-Miss: 1.1041 | Val Max Q-Miss: 0.4485 | Val Max Gen Viol: 0.0071 | Val Max Thermal: 0.0000
Epoch 1960 | Val Loss: 14.2841 | Val Cost:    0.00 | Val Max P-Miss: 1.1039 | Val Max Q-Miss: 0.4485 | Val Max Gen Viol: 0.0073 | Val Max Thermal: 0.0000
Epoch 1970 | Val Loss: 13.3350 | Val Cost:    0.00 | Val Max P-Miss: 1.1037 | Val Max Q-Miss: 0.4485 | Val Max Gen Viol: 0.0075 | Val Max Thermal: 0.0000
Epoch 1980 | Val Loss: 12.9104 | Val Cost:    0.00 | Val Max P-Miss: 1.1035 | Val Max Q-Miss: 0.4485 | Val Max Gen Viol: 0.0077 | Val Max Thermal: 0.0000
Epoch 1990 | Val Loss: 12.3382 | Val Cost:    0.00 | Val Max P-Miss: 1.1033 | Val Max Q-Miss: 0.4485 | Val Max Gen Viol: 0.0079 | Val Max Thermal: 0.0000
Epoch 2000 | Val Loss: 11.8911 | Val Cost:    0.00 | Val Max P-Miss: 1.1030 | Val Max Q-Miss: 0.4485 | Val Max Gen Viol: 0.0081 | Val Max Thermal: 0.0000
Epoch 2010 | Val Loss: 11.4867 | Val Cost:    0.00 | Val Max P-Miss: 1.1027 | Val Max Q-Miss: 0.4485 | Val Max Gen Viol: 0.0085 | Val Max Thermal: 0.0000
Epoch 2020 | Val Loss: 22.4969 | Val Cost:    0.00 | Val Max P-Miss: 1.1023 | Val Max Q-Miss: 0.4485 | Val Max Gen Viol: 0.0088 | Val Max Thermal: 0.0000
Epoch 2030 | Val Loss: 301.0610 | Val Cost:    1.30 | Val Max P-Miss: 1.1057 | Val Max Q-Miss: 0.4607 | Val Max Gen Viol: 0.0122 | Val Max Thermal: 0.0000
Epoch 2040 | Val Loss: 57.3347 | Val Cost:    0.12 | Val Max P-Miss: 1.1013 | Val Max Q-Miss: 0.4487 | Val Max Gen Viol: 0.0099 | Val Max Thermal: 0.0000
Epoch 2050 | Val Loss: 44.2919 | Val Cost:   -0.02 | Val Max P-Miss: 1.1006 | Val Max Q-Miss: 0.4485 | Val Max Gen Viol: 0.0106 | Val Max Thermal: 0.0000
Epoch 2060 | Val Loss: 8.4824 | Val Cost:    0.00 | Val Max P-Miss: 1.1004 | Val Max Q-Miss: 0.4485 | Val Max Gen Viol: 0.0107 | Val Max Thermal: 0.0000
Epoch 2070 | Val Loss: 38.1180 | Val Cost:    0.00 | Val Max P-Miss: 1.1000 | Val Max Q-Miss: 0.4485 | Val Max Gen Viol: 0.0112 | Val Max Thermal: 0.0000
Epoch 2080 | Val Loss: 23.5363 | Val Cost:    0.00 | Val Max P-Miss: 1.0996 | Val Max Q-Miss: 0.4485 | Val Max Gen Viol: 0.0116 | Val Max Thermal: 0.0000
Epoch 2090 | Val Loss: 18.4155 | Val Cost:    0.00 | Val Max P-Miss: 1.0989 | Val Max Q-Miss: 0.4485 | Val Max Gen Viol: 0.0123 | Val Max Thermal: 0.0000
Epoch 2100 | Val Loss: 16.0165 | Val Cost:    0.00 | Val Max P-Miss: 1.0981 | Val Max Q-Miss: 0.4485 | Val Max Gen Viol: 0.0130 | Val Max Thermal: 0.0000
Epoch 2110 | Val Loss: 14.1516 | Val Cost:    0.00 | Val Max P-Miss: 1.0971 | Val Max Q-Miss: 0.4485 | Val Max Gen Viol: 0.0140 | Val Max Thermal: 0.0000
Epoch 2120 | Val Loss: 12.6861 | Val Cost:    0.00 | Val Max P-Miss: 1.0957 | Val Max Q-Miss: 0.4485 | Val Max Gen Viol: 0.0155 | Val Max Thermal: 0.0000
Epoch 2130 | Val Loss: 11.5549 | Val Cost:    0.00 | Val Max P-Miss: 1.0937 | Val Max Q-Miss: 0.4485 | Val Max Gen Viol: 0.0175 | Val Max Thermal: 0.0000
Epoch 2140 | Val Loss: 11.9919 | Val Cost:    0.00 | Val Max P-Miss: 1.0905 | Val Max Q-Miss: 0.4485 | Val Max Gen Viol: 0.0207 | Val Max Thermal: 0.0000
Epoch 2150 | Val Loss: 11.0475 | Val Cost:    0.00 | Val Max P-Miss: 1.0843 | Val Max Q-Miss: 0.4485 | Val Max Gen Viol: 0.0269 | Val Max Thermal: 0.0000
Epoch 2160 | Val Loss: 10.0017 | Val Cost:    0.00 | Val Max P-Miss: 1.0679 | Val Max Q-Miss: 0.4485 | Val Max Gen Viol: 0.0433 | Val Max Thermal: 0.0000
Epoch 2170 | Val Loss: 158.6974 | Val Cost:   -0.05 | Val Max P-Miss: 0.9928 | Val Max Q-Miss: 0.4484 | Val Max Gen Viol: 0.1184 | Val Max Thermal: 0.0000
Epoch 2180 | Val Loss: 168.5001 | Val Cost:    0.01 | Val Max P-Miss: 0.5486 | Val Max Q-Miss: 0.4485 | Val Max Gen Viol: 0.6835 | Val Max Thermal: 0.0000
Epoch 2190 | Val Loss: 46.4322 | Val Cost:   -2.76 | Val Max P-Miss: 0.5485 | Val Max Q-Miss: 0.4517 | Val Max Gen Viol: 0.7311 | Val Max Thermal: 0.0000
Epoch 2200 | Val Loss: 47.6264 | Val Cost:   -0.01 | Val Max P-Miss: 0.5486 | Val Max Q-Miss: 0.4489 | Val Max Gen Viol: 0.7338 | Val Max Thermal: 0.0000
Epoch 2210 | Val Loss: 34.8222 | Val Cost:   -0.00 | Val Max P-Miss: 0.5486 | Val Max Q-Miss: 0.4485 | Val Max Gen Viol: 0.7361 | Val Max Thermal: 0.0000
Epoch 2220 | Val Loss: 19.7867 | Val Cost:    0.00 | Val Max P-Miss: 0.5486 | Val Max Q-Miss: 0.4485 | Val Max Gen Viol: 0.7372 | Val Max Thermal: 0.0000
Epoch 2230 | Val Loss: 15.3301 | Val Cost:    0.00 | Val Max P-Miss: 0.5486 | Val Max Q-Miss: 0.4485 | Val Max Gen Viol: 0.7372 | Val Max Thermal: 0.0000
Epoch 2240 | Val Loss: 13.2501 | Val Cost:    0.00 | Val Max P-Miss: 0.5486 | Val Max Q-Miss: 0.4485 | Val Max Gen Viol: 0.7371 | Val Max Thermal: 0.0000
Epoch 2250 | Val Loss: 12.3528 | Val Cost:    0.00 | Val Max P-Miss: 0.5486 | Val Max Q-Miss: 0.4485 | Val Max Gen Viol: 0.7371 | Val Max Thermal: 0.0000
Epoch 2260 | Val Loss: 12.0432 | Val Cost:    0.00 | Val Max P-Miss: 0.5486 | Val Max Q-Miss: 0.4485 | Val Max Gen Viol: 0.7373 | Val Max Thermal: 0.0000
Epoch 2270 | Val Loss: 11.9133 | Val Cost:    0.00 | Val Max P-Miss: 0.5486 | Val Max Q-Miss: 0.4485 | Val Max Gen Viol: 0.7373 | Val Max Thermal: 0.0000
Epoch 2280 | Val Loss: 11.7773 | Val Cost:    0.00 | Val Max P-Miss: 0.5486 | Val Max Q-Miss: 0.4485 | Val Max Gen Viol: 0.7372 | Val Max Thermal: 0.0000
Epoch 2290 | Val Loss: 10.4716 | Val Cost:    0.00 | Val Max P-Miss: 0.5486 | Val Max Q-Miss: 0.4485 | Val Max Gen Viol: 0.7373 | Val Max Thermal: 0.0000
Epoch 2300 | Val Loss: 10.1325 | Val Cost:    0.00 | Val Max P-Miss: 0.5486 | Val Max Q-Miss: 0.4485 | Val Max Gen Viol: 0.7373 | Val Max Thermal: 0.0000
Epoch 2310 | Val Loss: 10.0120 | Val Cost:    0.00 | Val Max P-Miss: 0.5486 | Val Max Q-Miss: 0.4485 | Val Max Gen Viol: 0.7373 | Val Max Thermal: 0.0000
Epoch 2320 | Val Loss: 9.5600 | Val Cost:    0.00 | Val Max P-Miss: 0.5486 | Val Max Q-Miss: 0.4485 | Val Max Gen Viol: 0.7372 | Val Max Thermal: 0.0000
Epoch 2330 | Val Loss: 9.4652 | Val Cost:    0.00 | Val Max P-Miss: 0.5486 | Val Max Q-Miss: 0.4485 | Val Max Gen Viol: 0.7373 | Val Max Thermal: 0.0000
Epoch 2340 | Val Loss: 9.4295 | Val Cost:    0.00 | Val Max P-Miss: 0.5486 | Val Max Q-Miss: 0.4485 | Val Max Gen Viol: 0.7372 | Val Max Thermal: 0.0000
Epoch 2350 | Val Loss: 7.1198 | Val Cost:    0.00 | Val Max P-Miss: 0.5486 | Val Max Q-Miss: 0.4485 | Val Max Gen Viol: 0.6392 | Val Max Thermal: 0.0000 [*SAVED BEST*]
Epoch 2360 | Val Loss: 38.2702 | Val Cost:   -0.03 | Val Max P-Miss: 0.7395 | Val Max Q-Miss: 0.4486 | Val Max Gen Viol: 0.3717 | Val Max Thermal: 0.0000
Epoch 2370 | Val Loss: 21.2439 | Val Cost:    0.07 | Val Max P-Miss: 0.6801 | Val Max Q-Miss: 0.4485 | Val Max Gen Viol: 0.4310 | Val Max Thermal: 0.0000
Epoch 2380 | Val Loss: 22.9174 | Val Cost:   -0.00 | Val Max P-Miss: 0.6114 | Val Max Q-Miss: 0.4486 | Val Max Gen Viol: 0.4997 | Val Max Thermal: 0.0000
Epoch 2390 | Val Loss: 20.4960 | Val Cost:   -0.00 | Val Max P-Miss: 0.5488 | Val Max Q-Miss: 0.4486 | Val Max Gen Viol: 0.5633 | Val Max Thermal: 0.0000
Epoch 2400 | Val Loss: 17.2117 | Val Cost:    0.00 | Val Max P-Miss: 0.5488 | Val Max Q-Miss: 0.4485 | Val Max Gen Viol: 0.6176 | Val Max Thermal: 0.0000
Epoch 2410 | Val Loss: 15.9144 | Val Cost:    0.00 | Val Max P-Miss: 0.5488 | Val Max Q-Miss: 0.4485 | Val Max Gen Viol: 0.6601 | Val Max Thermal: 0.0000
Epoch 2420 | Val Loss: 14.7172 | Val Cost:    0.00 | Val Max P-Miss: 0.5488 | Val Max Q-Miss: 0.4485 | Val Max Gen Viol: 0.6908 | Val Max Thermal: 0.0000
Epoch 2430 | Val Loss: 14.0231 | Val Cost:    0.00 | Val Max P-Miss: 0.5488 | Val Max Q-Miss: 0.4485 | Val Max Gen Viol: 0.7110 | Val Max Thermal: 0.0000
Epoch 2440 | Val Loss: 12.6167 | Val Cost:    0.00 | Val Max P-Miss: 0.5487 | Val Max Q-Miss: 0.4485 | Val Max Gen Viol: 0.7232 | Val Max Thermal: 0.0000
Epoch 2450 | Val Loss: 11.0031 | Val Cost:    0.00 | Val Max P-Miss: 0.5487 | Val Max Q-Miss: 0.4485 | Val Max Gen Viol: 0.7300 | Val Max Thermal: 0.0000
Epoch 2460 | Val Loss: 11.3456 | Val Cost:    0.00 | Val Max P-Miss: 0.5487 | Val Max Q-Miss: 0.4485 | Val Max Gen Viol: 0.7334 | Val Max Thermal: 0.0000
Epoch 2470 | Val Loss: 208.2014 | Val Cost:   -0.01 | Val Max P-Miss: 0.5488 | Val Max Q-Miss: 0.4485 | Val Max Gen Viol: 0.7349 | Val Max Thermal: 0.0000
Epoch 2480 | Val Loss: 136.7229 | Val Cost:    0.01 | Val Max P-Miss: 0.5488 | Val Max Q-Miss: 0.4485 | Val Max Gen Viol: 0.7314 | Val Max Thermal: 0.0000
Epoch 2490 | Val Loss: 243.5294 | Val Cost:   -0.09 | Val Max P-Miss: 0.5488 | Val Max Q-Miss: 0.4482 | Val Max Gen Viol: 0.6797 | Val Max Thermal: 0.0000
Epoch 2500 | Val Loss: 307.1728 | Val Cost:   -0.54 | Val Max P-Miss: 0.6170 | Val Max Q-Miss: 0.4418 | Val Max Gen Viol: 0.4941 | Val Max Thermal: 0.0000
Epoch 2510 | Val Loss: 19.8733 | Val Cost:   -0.03 | Val Max P-Miss: 0.8529 | Val Max Q-Miss: 0.4485 | Val Max Gen Viol: 0.2581 | Val Max Thermal: 0.0000
Epoch 2520 | Val Loss: 17.0076 | Val Cost:   -0.00 | Val Max P-Miss: 0.8339 | Val Max Q-Miss: 0.4486 | Val Max Gen Viol: 0.2771 | Val Max Thermal: 0.0000
Epoch 2530 | Val Loss: 15.1106 | Val Cost:    0.00 | Val Max P-Miss: 0.8129 | Val Max Q-Miss: 0.4486 | Val Max Gen Viol: 0.2981 | Val Max Thermal: 0.0000
Epoch 2540 | Val Loss: 13.8096 | Val Cost:    0.00 | Val Max P-Miss: 0.7903 | Val Max Q-Miss: 0.4486 | Val Max Gen Viol: 0.3207 | Val Max Thermal: 0.0000
Epoch 2550 | Val Loss: 13.7995 | Val Cost:   -0.00 | Val Max P-Miss: 0.7662 | Val Max Q-Miss: 0.4486 | Val Max Gen Viol: 0.3447 | Val Max Thermal: 0.0000
Epoch 2560 | Val Loss: 12.6123 | Val Cost:    0.00 | Val Max P-Miss: 0.7407 | Val Max Q-Miss: 0.4486 | Val Max Gen Viol: 0.3702 | Val Max Thermal: 0.0000
Epoch 2570 | Val Loss: 11.8530 | Val Cost:   -0.00 | Val Max P-Miss: 0.7138 | Val Max Q-Miss: 0.4486 | Val Max Gen Viol: 0.3972 | Val Max Thermal: 0.0000
Epoch 2580 | Val Loss: 11.0210 | Val Cost:    0.00 | Val Max P-Miss: 0.6856 | Val Max Q-Miss: 0.4486 | Val Max Gen Viol: 0.4253 | Val Max Thermal: 0.0000
Epoch 2590 | Val Loss: 7.9046 | Val Cost:    0.00 | Val Max P-Miss: 0.6562 | Val Max Q-Miss: 0.4486 | Val Max Gen Viol: 0.4547 | Val Max Thermal: 0.0000
Epoch 2600 | Val Loss: 26.9920 | Val Cost:   -0.02 | Val Max P-Miss: 0.6295 | Val Max Q-Miss: 0.4484 | Val Max Gen Viol: 0.4814 | Val Max Thermal: 0.0000
Epoch 2610 | Val Loss: 17.5955 | Val Cost:    0.01 | Val Max P-Miss: 0.6073 | Val Max Q-Miss: 0.4486 | Val Max Gen Viol: 0.5036 | Val Max Thermal: 0.0000
Epoch 2620 | Val Loss: 13.7291 | Val Cost:   -0.00 | Val Max P-Miss: 0.5862 | Val Max Q-Miss: 0.4485 | Val Max Gen Viol: 0.5247 | Val Max Thermal: 0.0000
Epoch 2630 | Val Loss: 11.8783 | Val Cost:    0.00 | Val Max P-Miss: 0.5634 | Val Max Q-Miss: 0.4485 | Val Max Gen Viol: 0.5476 | Val Max Thermal: 0.0000
Epoch 2640 | Val Loss: 10.4012 | Val Cost:    0.00 | Val Max P-Miss: 0.5488 | Val Max Q-Miss: 0.4485 | Val Max Gen Viol: 0.5714 | Val Max Thermal: 0.0000
Epoch 2650 | Val Loss: 9.8040 | Val Cost:    0.00 | Val Max P-Miss: 0.5488 | Val Max Q-Miss: 0.4485 | Val Max Gen Viol: 0.5956 | Val Max Thermal: 0.0000
Epoch 2660 | Val Loss: 8.9904 | Val Cost:    0.45 | Val Max P-Miss: 0.5488 | Val Max Q-Miss: 0.4484 | Val Max Gen Viol: 0.6190 | Val Max Thermal: 0.0000
Epoch 2670 | Val Loss: 8.4831 | Val Cost:    0.00 | Val Max P-Miss: 0.5488 | Val Max Q-Miss: 0.4485 | Val Max Gen Viol: 0.6394 | Val Max Thermal: 0.0000
Epoch 2680 | Val Loss: 7.9124 | Val Cost:    0.00 | Val Max P-Miss: 0.5488 | Val Max Q-Miss: 0.4485 | Val Max Gen Viol: 0.6596 | Val Max Thermal: 0.0000
Epoch 2690 | Val Loss: 33.2748 | Val Cost:   -0.01 | Val Max P-Miss: 0.5488 | Val Max Q-Miss: 0.4485 | Val Max Gen Viol: 0.6775 | Val Max Thermal: 0.0000
Epoch 2700 | Val Loss: 21.3202 | Val Cost:    0.00 | Val Max P-Miss: 0.5488 | Val Max Q-Miss: 0.4485 | Val Max Gen Viol: 0.6895 | Val Max Thermal: 0.0000
Epoch 2710 | Val Loss: 18.1407 | Val Cost:    0.00 | Val Max P-Miss: 0.5488 | Val Max Q-Miss: 0.4485 | Val Max Gen Viol: 0.6995 | Val Max Thermal: 0.0000
Epoch 2720 | Val Loss: 14.8510 | Val Cost:    0.00 | Val Max P-Miss: 0.5488 | Val Max Q-Miss: 0.4485 | Val Max Gen Viol: 0.7083 | Val Max Thermal: 0.0000
Epoch 2730 | Val Loss: 14.0456 | Val Cost:    0.00 | Val Max P-Miss: 0.5488 | Val Max Q-Miss: 0.4485 | Val Max Gen Viol: 0.7158 | Val Max Thermal: 0.0000
Epoch 2740 | Val Loss: 13.2385 | Val Cost:    0.00 | Val Max P-Miss: 0.5488 | Val Max Q-Miss: 0.4485 | Val Max Gen Viol: 0.7218 | Val Max Thermal: 0.0000
Epoch 2750 | Val Loss: 12.9163 | Val Cost:    1.28 | Val Max P-Miss: 0.5488 | Val Max Q-Miss: 0.4483 | Val Max Gen Viol: 0.7258 | Val Max Thermal: 0.0000
Epoch 2760 | Val Loss: 13.4948 | Val Cost:   -0.01 | Val Max P-Miss: 0.5487 | Val Max Q-Miss: 0.4485 | Val Max Gen Viol: 0.7291 | Val Max Thermal: 0.0000
Epoch 2770 | Val Loss: 13.4293 | Val Cost:   -0.02 | Val Max P-Miss: 0.5487 | Val Max Q-Miss: 0.4485 | Val Max Gen Viol: 0.7317 | Val Max Thermal: 0.0000
Epoch 2780 | Val Loss: 303.7412 | Val Cost:    0.92 | Val Max P-Miss: 0.5487 | Val Max Q-Miss: 0.4483 | Val Max Gen Viol: 0.7332 | Val Max Thermal: 0.0000
Epoch 2790 | Val Loss: 68.0036 | Val Cost:   -0.85 | Val Max P-Miss: 0.5489 | Val Max Q-Miss: 0.4463 | Val Max Gen Viol: 0.7187 | Val Max Thermal: 0.0000
Epoch 2800 | Val Loss: 74.8807 | Val Cost:   -0.03 | Val Max P-Miss: 0.5522 | Val Max Q-Miss: 0.4485 | Val Max Gen Viol: 0.5586 | Val Max Thermal: 0.0000
Epoch 2810 | Val Loss: 23.3060 | Val Cost:   -0.01 | Val Max P-Miss: 0.5489 | Val Max Q-Miss: 0.4485 | Val Max Gen Viol: 0.5769 | Val Max Thermal: 0.0000
Epoch 2820 | Val Loss: 14.2278 | Val Cost:    0.00 | Val Max P-Miss: 0.5489 | Val Max Q-Miss: 0.4485 | Val Max Gen Viol: 0.6037 | Val Max Thermal: 0.0000
Epoch 2830 | Val Loss: 12.2652 | Val Cost:    0.00 | Val Max P-Miss: 0.5489 | Val Max Q-Miss: 0.4485 | Val Max Gen Viol: 0.6286 | Val Max Thermal: 0.0000
Epoch 2840 | Val Loss: 11.4166 | Val Cost:    0.00 | Val Max P-Miss: 0.5489 | Val Max Q-Miss: 0.4485 | Val Max Gen Viol: 0.6513 | Val Max Thermal: 0.0000
Epoch 2850 | Val Loss: 10.6413 | Val Cost:    0.00 | Val Max P-Miss: 0.5489 | Val Max Q-Miss: 0.4485 | Val Max Gen Viol: 0.6710 | Val Max Thermal: 0.0000
Epoch 2860 | Val Loss: 11.0835 | Val Cost:    0.00 | Val Max P-Miss: 0.5489 | Val Max Q-Miss: 0.4485 | Val Max Gen Viol: 0.6876 | Val Max Thermal: 0.0000
Epoch 2870 | Val Loss: 9.9659 | Val Cost:    0.00 | Val Max P-Miss: 0.5489 | Val Max Q-Miss: 0.4485 | Val Max Gen Viol: 0.7010 | Val Max Thermal: 0.0000
Epoch 2880 | Val Loss: 9.3224 | Val Cost:    0.00 | Val Max P-Miss: 0.5489 | Val Max Q-Miss: 0.4485 | Val Max Gen Viol: 0.7115 | Val Max Thermal: 0.0000
Epoch 2890 | Val Loss: 9.0744 | Val Cost:    0.00 | Val Max P-Miss: 0.5489 | Val Max Q-Miss: 0.4485 | Val Max Gen Viol: 0.7194 | Val Max Thermal: 0.0000
Epoch 2900 | Val Loss: 9.5624 | Val Cost:    0.00 | Val Max P-Miss: 0.5489 | Val Max Q-Miss: 0.4485 | Val Max Gen Viol: 0.7252 | Val Max Thermal: 0.0000
Epoch 2910 | Val Loss: 9.1079 | Val Cost:    0.00 | Val Max P-Miss: 0.5489 | Val Max Q-Miss: 0.4485 | Val Max Gen Viol: 0.7292 | Val Max Thermal: 0.0000
Epoch 2920 | Val Loss: 7.3803 | Val Cost:    0.00 | Val Max P-Miss: 0.5489 | Val Max Q-Miss: 0.4485 | Val Max Gen Viol: 0.7321 | Val Max Thermal: 0.0000
Epoch 2930 | Val Loss: 70.7963 | Val Cost:   -0.23 | Val Max P-Miss: 0.5489 | Val Max Q-Miss: 0.4483 | Val Max Gen Viol: 0.7243 | Val Max Thermal: 0.0000
Epoch 2940 | Val Loss: 11.6408 | Val Cost:    0.03 | Val Max P-Miss: 0.5489 | Val Max Q-Miss: 0.4486 | Val Max Gen Viol: 0.7223 | Val Max Thermal: 0.0000
Epoch 2950 | Val Loss: 13.3575 | Val Cost:   -0.00 | Val Max P-Miss: 0.5489 | Val Max Q-Miss: 0.4485 | Val Max Gen Viol: 0.7254 | Val Max Thermal: 0.0000
Epoch 2960 | Val Loss: 11.5227 | Val Cost:    0.00 | Val Max P-Miss: 0.5489 | Val Max Q-Miss: 0.4485 | Val Max Gen Viol: 0.7284 | Val Max Thermal: 0.0000
Epoch 2970 | Val Loss: 11.8617 | Val Cost:    0.00 | Val Max P-Miss: 0.5489 | Val Max Q-Miss: 0.4485 | Val Max Gen Viol: 0.7309 | Val Max Thermal: 0.0000
Epoch 2980 | Val Loss: 11.5432 | Val Cost:    0.00 | Val Max P-Miss: 0.5489 | Val Max Q-Miss: 0.4485 | Val Max Gen Viol: 0.7328 | Val Max Thermal: 0.0000
Epoch 2990 | Val Loss: 11.4857 | Val Cost:    0.00 | Val Max P-Miss: 0.5489 | Val Max Q-Miss: 0.4485 | Val Max Gen Viol: 0.7341 | Val Max Thermal: 0.0000
Epoch 3000 | Val Loss: 32.0758 | Val Cost:    0.00 | Val Max P-Miss: 0.5489 | Val Max Q-Miss: 0.4485 | Val Max Gen Viol: 0.7351 | Val Max Thermal: 0.0000
Epoch 3010 | Val Loss: 28.8939 | Val Cost:   -0.00 | Val Max P-Miss: 0.5489 | Val Max Q-Miss: 0.4485 | Val Max Gen Viol: 0.7357 | Val Max Thermal: 0.0000
Epoch 3020 | Val Loss: 26.2449 | Val Cost:   -0.03 | Val Max P-Miss: 0.5490 | Val Max Q-Miss: 0.4486 | Val Max Gen Viol: 0.7041 | Val Max Thermal: 0.0000
Epoch 3030 | Val Loss: 38.2039 | Val Cost:    0.01 | Val Max P-Miss: 0.5630 | Val Max Q-Miss: 0.4485 | Val Max Gen Viol: 0.5477 | Val Max Thermal: 0.0000
Epoch 3040 | Val Loss: 32.9631 | Val Cost:    0.04 | Val Max P-Miss: 0.5490 | Val Max Q-Miss: 0.4485 | Val Max Gen Viol: 0.5662 | Val Max Thermal: 0.0000
Epoch 3050 | Val Loss: 10.4912 | Val Cost:   -0.00 | Val Max P-Miss: 0.5490 | Val Max Q-Miss: 0.4485 | Val Max Gen Viol: 0.6229 | Val Max Thermal: 0.0000
Epoch 3060 | Val Loss: 10.1045 | Val Cost:    0.00 | Val Max P-Miss: 0.5490 | Val Max Q-Miss: 0.4485 | Val Max Gen Viol: 0.6649 | Val Max Thermal: 0.0000
Epoch 3070 | Val Loss: 10.2682 | Val Cost:    0.00 | Val Max P-Miss: 0.5490 | Val Max Q-Miss: 0.4485 | Val Max Gen Viol: 0.6939 | Val Max Thermal: 0.0000
Epoch 3080 | Val Loss: 11.2835 | Val Cost:    0.00 | Val Max P-Miss: 0.5490 | Val Max Q-Miss: 0.4485 | Val Max Gen Viol: 0.7125 | Val Max Thermal: 0.0000
Epoch 3090 | Val Loss: 10.2286 | Val Cost:    0.00 | Val Max P-Miss: 0.5490 | Val Max Q-Miss: 0.4485 | Val Max Gen Viol: 0.7237 | Val Max Thermal: 0.0000
Epoch 3100 | Val Loss: 9.5683 | Val Cost:    0.00 | Val Max P-Miss: 0.5489 | Val Max Q-Miss: 0.4485 | Val Max Gen Viol: 0.7301 | Val Max Thermal: 0.0000
Epoch 3110 | Val Loss: 9.2370 | Val Cost:    0.00 | Val Max P-Miss: 0.5489 | Val Max Q-Miss: 0.4485 | Val Max Gen Viol: 0.7336 | Val Max Thermal: 0.0000
Epoch 3120 | Val Loss: 8.8907 | Val Cost:    0.00 | Val Max P-Miss: 0.5489 | Val Max Q-Miss: 0.4485 | Val Max Gen Viol: 0.7353 | Val Max Thermal: 0.0000
Epoch 3130 | Val Loss: 67.9183 | Val Cost:    0.00 | Val Max P-Miss: 0.5489 | Val Max Q-Miss: 0.4485 | Val Max Gen Viol: 0.7361 | Val Max Thermal: 0.0000
Epoch 3140 | Val Loss: 21.1445 | Val Cost:    0.00 | Val Max P-Miss: 0.5489 | Val Max Q-Miss: 0.4485 | Val Max Gen Viol: 0.7364 | Val Max Thermal: 0.0000
Epoch 3150 | Val Loss: 18.4409 | Val Cost:    0.00 | Val Max P-Miss: 0.5489 | Val Max Q-Miss: 0.4485 | Val Max Gen Viol: 0.7366 | Val Max Thermal: 0.0000
Epoch 3160 | Val Loss: 16.7722 | Val Cost:    0.00 | Val Max P-Miss: 0.5489 | Val Max Q-Miss: 0.4485 | Val Max Gen Viol: 0.7367 | Val Max Thermal: 0.0000
Epoch 3170 | Val Loss: 15.3096 | Val Cost:    0.00 | Val Max P-Miss: 0.5489 | Val Max Q-Miss: 0.4485 | Val Max Gen Viol: 0.7368 | Val Max Thermal: 0.0000
Epoch 3180 | Val Loss: 51.6628 | Val Cost:    0.00 | Val Max P-Miss: 0.5489 | Val Max Q-Miss: 0.4485 | Val Max Gen Viol: 0.7368 | Val Max Thermal: 0.0000
Epoch 3190 | Val Loss: 80.4171 | Val Cost:    0.39 | Val Max P-Miss: 0.5489 | Val Max Q-Miss: 0.4483 | Val Max Gen Viol: 0.7303 | Val Max Thermal: 0.0000
Epoch 3200 | Val Loss: 12.2809 | Val Cost:   -0.01 | Val Max P-Miss: 0.5489 | Val Max Q-Miss: 0.4486 | Val Max Gen Viol: 0.7336 | Val Max Thermal: 0.0000
Epoch 3210 | Val Loss: 11.5522 | Val Cost:    0.00 | Val Max P-Miss: 0.5489 | Val Max Q-Miss: 0.4485 | Val Max Gen Viol: 0.7352 | Val Max Thermal: 0.0000
Epoch 3220 | Val Loss: 11.0848 | Val Cost:    0.00 | Val Max P-Miss: 0.5489 | Val Max Q-Miss: 0.4485 | Val Max Gen Viol: 0.7361 | Val Max Thermal: 0.0000
Epoch 3230 | Val Loss: 10.8096 | Val Cost:    0.00 | Val Max P-Miss: 0.5489 | Val Max Q-Miss: 0.4485 | Val Max Gen Viol: 0.7364 | Val Max Thermal: 0.0000
Epoch 3240 | Val Loss: 10.6331 | Val Cost:    0.00 | Val Max P-Miss: 0.5489 | Val Max Q-Miss: 0.4485 | Val Max Gen Viol: 0.7365 | Val Max Thermal: 0.0000
Epoch 3250 | Val Loss: 10.6171 | Val Cost:    0.00 | Val Max P-Miss: 0.5489 | Val Max Q-Miss: 0.4485 | Val Max Gen Viol: 0.7363 | Val Max Thermal: 0.0000
Epoch 3260 | Val Loss: 8.8988 | Val Cost:   -0.14 | Val Max P-Miss: 0.5489 | Val Max Q-Miss: 0.4486 | Val Max Gen Viol: 0.7366 | Val Max Thermal: 0.0000
Epoch 3270 | Val Loss: 129.8368 | Val Cost:    2.39 | Val Max P-Miss: 0.5490 | Val Max Q-Miss: 0.4507 | Val Max Gen Viol: 0.7079 | Val Max Thermal: 0.0000
Epoch 3280 | Val Loss: 37.2974 | Val Cost:   -0.06 | Val Max P-Miss: 0.5490 | Val Max Q-Miss: 0.4485 | Val Max Gen Viol: 0.7152 | Val Max Thermal: 0.0000
Epoch 3290 | Val Loss: 27.0726 | Val Cost:    0.01 | Val Max P-Miss: 0.6101 | Val Max Q-Miss: 0.4484 | Val Max Gen Viol: 0.5004 | Val Max Thermal: 0.0000
Epoch 3300 | Val Loss: 10.9394 | Val Cost:   -0.00 | Val Max P-Miss: 0.6078 | Val Max Q-Miss: 0.4485 | Val Max Gen Viol: 0.5027 | Val Max Thermal: 0.0000
Epoch 3310 | Val Loss: 9.9174 | Val Cost:    0.00 | Val Max P-Miss: 0.5489 | Val Max Q-Miss: 0.4485 | Val Max Gen Viol: 0.5838 | Val Max Thermal: 0.0000
Epoch 3320 | Val Loss: 9.0578 | Val Cost:    0.00 | Val Max P-Miss: 0.5489 | Val Max Q-Miss: 0.4485 | Val Max Gen Viol: 0.6421 | Val Max Thermal: 0.0000
Epoch 3330 | Val Loss: 9.0281 | Val Cost:    0.00 | Val Max P-Miss: 0.5489 | Val Max Q-Miss: 0.4485 | Val Max Gen Viol: 0.6813 | Val Max Thermal: 0.0000
Epoch 3340 | Val Loss: 9.1280 | Val Cost:    0.00 | Val Max P-Miss: 0.5489 | Val Max Q-Miss: 0.4485 | Val Max Gen Viol: 0.7058 | Val Max Thermal: 0.0000
Epoch 3350 | Val Loss: 8.3313 | Val Cost:    0.00 | Val Max P-Miss: 0.5489 | Val Max Q-Miss: 0.4485 | Val Max Gen Viol: 0.7204 | Val Max Thermal: 0.0000
Epoch 3360 | Val Loss: 185.7115 | Val Cost:    0.01 | Val Max P-Miss: 0.5489 | Val Max Q-Miss: 0.4485 | Val Max Gen Viol: 0.7276 | Val Max Thermal: 0.0000
Epoch 3370 | Val Loss: 237.9625 | Val Cost:    0.03 | Val Max P-Miss: 0.5489 | Val Max Q-Miss: 0.4485 | Val Max Gen Viol: 0.7324 | Val Max Thermal: 0.0000
Epoch 3380 | Val Loss: 129.5646 | Val Cost:    0.02 | Val Max P-Miss: 0.5490 | Val Max Q-Miss: 0.4481 | Val Max Gen Viol: 0.6210 | Val Max Thermal: 0.0000
Epoch 3390 | Val Loss: 40.8240 | Val Cost:   -0.00 | Val Max P-Miss: 0.5489 | Val Max Q-Miss: 0.4485 | Val Max Gen Viol: 0.5859 | Val Max Thermal: 0.0000
Epoch 3400 | Val Loss: 12.0709 | Val Cost:    0.00 | Val Max P-Miss: 0.5489 | Val Max Q-Miss: 0.4485 | Val Max Gen Viol: 0.6423 | Val Max Thermal: 0.0000
Epoch 3410 | Val Loss: 10.7924 | Val Cost:    0.00 | Val Max P-Miss: 0.5489 | Val Max Q-Miss: 0.4485 | Val Max Gen Viol: 0.6810 | Val Max Thermal: 0.0000
Epoch 3420 | Val Loss: 10.1320 | Val Cost:    0.00 | Val Max P-Miss: 0.5489 | Val Max Q-Miss: 0.4485 | Val Max Gen Viol: 0.7061 | Val Max Thermal: 0.0000
Epoch 3430 | Val Loss: 9.7016 | Val Cost:    0.00 | Val Max P-Miss: 0.5489 | Val Max Q-Miss: 0.4485 | Val Max Gen Viol: 0.7210 | Val Max Thermal: 0.0000
Epoch 3440 | Val Loss: 9.3916 | Val Cost:    0.00 | Val Max P-Miss: 0.5489 | Val Max Q-Miss: 0.4485 | Val Max Gen Viol: 0.7292 | Val Max Thermal: 0.0000
Epoch 3450 | Val Loss: 9.4253 | Val Cost:    0.00 | Val Max P-Miss: 0.5489 | Val Max Q-Miss: 0.4485 | Val Max Gen Viol: 0.7333 | Val Max Thermal: 0.0000
Epoch 3460 | Val Loss: 9.1649 | Val Cost:    0.00 | Val Max P-Miss: 0.5489 | Val Max Q-Miss: 0.4485 | Val Max Gen Viol: 0.7353 | Val Max Thermal: 0.0000
Epoch 3470 | Val Loss: 8.7397 | Val Cost:    0.00 | Val Max P-Miss: 0.5489 | Val Max Q-Miss: 0.4485 | Val Max Gen Viol: 0.7362 | Val Max Thermal: 0.0000
Epoch 3480 | Val Loss: 19.5421 | Val Cost:    0.00 | Val Max P-Miss: 0.5489 | Val Max Q-Miss: 0.4485 | Val Max Gen Viol: 0.7365 | Val Max Thermal: 0.0000
Epoch 3490 | Val Loss: 55.0294 | Val Cost:   -0.04 | Val Max P-Miss: 0.5489 | Val Max Q-Miss: 0.4483 | Val Max Gen Viol: 0.6046 | Val Max Thermal: 0.0000
Epoch 3500 | Val Loss: 16.0442 | Val Cost:   -0.00 | Val Max P-Miss: 0.7087 | Val Max Q-Miss: 0.4485 | Val Max Gen Viol: 0.4018 | Val Max Thermal: 0.0000
Epoch 3510 | Val Loss: 13.0250 | Val Cost:    0.00 | Val Max P-Miss: 0.6226 | Val Max Q-Miss: 0.4485 | Val Max Gen Viol: 0.4878 | Val Max Thermal: 0.0000
Epoch 3520 | Val Loss: 11.6170 | Val Cost:    0.00 | Val Max P-Miss: 0.5489 | Val Max Q-Miss: 0.4485 | Val Max Gen Viol: 0.5635 | Val Max Thermal: 0.0000
Epoch 3530 | Val Loss: 10.2321 | Val Cost:    0.00 | Val Max P-Miss: 0.5489 | Val Max Q-Miss: 0.4485 | Val Max Gen Viol: 0.6235 | Val Max Thermal: 0.0000
Epoch 3540 | Val Loss: 9.1617 | Val Cost:    0.00 | Val Max P-Miss: 0.5489 | Val Max Q-Miss: 0.4485 | Val Max Gen Viol: 0.6674 | Val Max Thermal: 0.0000
Epoch 3550 | Val Loss: 8.6094 | Val Cost:    0.00 | Val Max P-Miss: 0.5489 | Val Max Q-Miss: 0.4485 | Val Max Gen Viol: 0.6969 | Val Max Thermal: 0.0000
Epoch 3560 | Val Loss: 7.9892 | Val Cost:    0.00 | Val Max P-Miss: 0.5489 | Val Max Q-Miss: 0.4485 | Val Max Gen Viol: 0.7151 | Val Max Thermal: 0.0000
Epoch 3570 | Val Loss: 7.5994 | Val Cost:    0.00 | Val Max P-Miss: 0.5489 | Val Max Q-Miss: 0.4485 | Val Max Gen Viol: 0.7256 | Val Max Thermal: 0.0000
Epoch 3580 | Val Loss: 7.2915 | Val Cost:    0.00 | Val Max P-Miss: 0.5489 | Val Max Q-Miss: 0.4485 | Val Max Gen Viol: 0.7312 | Val Max Thermal: 0.0000
Epoch 3590 | Val Loss: 7.0292 | Val Cost:    0.00 | Val Max P-Miss: 0.5489 | Val Max Q-Miss: 0.4485 | Val Max Gen Viol: 0.7340 | Val Max Thermal: 0.0000 [*SAVED BEST*]
Epoch 3600 | Val Loss: 6.8184 | Val Cost:    0.00 | Val Max P-Miss: 0.5489 | Val Max Q-Miss: 0.4485 | Val Max Gen Viol: 0.7354 | Val Max Thermal: 0.0000 [*SAVED BEST*]
Epoch 3610 | Val Loss: 6.6263 | Val Cost:    0.00 | Val Max P-Miss: 0.5489 | Val Max Q-Miss: 0.4485 | Val Max Gen Viol: 0.7360 | Val Max Thermal: 0.0000 [*SAVED BEST*]
Epoch 3620 | Val Loss: 6.4352 | Val Cost:    0.00 | Val Max P-Miss: 0.5489 | Val Max Q-Miss: 0.4485 | Val Max Gen Viol: 0.7363 | Val Max Thermal: 0.0000 [*SAVED BEST*]
Epoch 3630 | Val Loss: 22.9475 | Val Cost:   -0.01 | Val Max P-Miss: 0.5489 | Val Max Q-Miss: 0.4485 | Val Max Gen Viol: 0.7364 | Val Max Thermal: 0.0000
Epoch 3640 | Val Loss: 65.5553 | Val Cost:   -0.00 | Val Max P-Miss: 0.5489 | Val Max Q-Miss: 0.4485 | Val Max Gen Viol: 0.7357 | Val Max Thermal: 0.0000
Epoch 3650 | Val Loss: 88.7831 | Val Cost:   -0.06 | Val Max P-Miss: 0.5489 | Val Max Q-Miss: 0.4485 | Val Max Gen Viol: 0.7038 | Val Max Thermal: 0.0000
Epoch 3660 | Val Loss: 16.5545 | Val Cost:    0.02 | Val Max P-Miss: 0.5489 | Val Max Q-Miss: 0.4485 | Val Max Gen Viol: 0.7252 | Val Max Thermal: 0.0000
Epoch 3670 | Val Loss: 16.1579 | Val Cost:   -0.06 | Val Max P-Miss: 0.5489 | Val Max Q-Miss: 0.4485 | Val Max Gen Viol: 0.7290 | Val Max Thermal: 0.0000
Epoch 3680 | Val Loss: 13.3388 | Val Cost:    0.00 | Val Max P-Miss: 0.5489 | Val Max Q-Miss: 0.4485 | Val Max Gen Viol: 0.7340 | Val Max Thermal: 0.0000
Epoch 3690 | Val Loss: 11.8736 | Val Cost:    0.00 | Val Max P-Miss: 0.5489 | Val Max Q-Miss: 0.4485 | Val Max Gen Viol: 0.7363 | Val Max Thermal: 0.0000
Epoch 3700 | Val Loss: 11.0454 | Val Cost:    0.00 | Val Max P-Miss: 0.5489 | Val Max Q-Miss: 0.4485 | Val Max Gen Viol: 0.7369 | Val Max Thermal: 0.0000
Epoch 3710 | Val Loss: 10.6666 | Val Cost:    0.00 | Val Max P-Miss: 0.5489 | Val Max Q-Miss: 0.4485 | Val Max Gen Viol: 0.7368 | Val Max Thermal: 0.0000
Epoch 3720 | Val Loss: 10.5286 | Val Cost:    0.00 | Val Max P-Miss: 0.5489 | Val Max Q-Miss: 0.4485 | Val Max Gen Viol: 0.7367 | Val Max Thermal: 0.0000
Epoch 3730 | Val Loss: 10.1233 | Val Cost:    0.00 | Val Max P-Miss: 0.5489 | Val Max Q-Miss: 0.4485 | Val Max Gen Viol: 0.7366 | Val Max Thermal: 0.0000
Epoch 3740 | Val Loss: 9.6209 | Val Cost:    0.00 | Val Max P-Miss: 0.5489 | Val Max Q-Miss: 0.4485 | Val Max Gen Viol: 0.7365 | Val Max Thermal: 0.0000
Epoch 3750 | Val Loss: 9.4117 | Val Cost:    0.00 | Val Max P-Miss: 0.5489 | Val Max Q-Miss: 0.4485 | Val Max Gen Viol: 0.7364 | Val Max Thermal: 0.0000
Epoch 3760 | Val Loss: 9.3422 | Val Cost:    0.04 | Val Max P-Miss: 0.5489 | Val Max Q-Miss: 0.4485 | Val Max Gen Viol: 0.7364 | Val Max Thermal: 0.0000
Epoch 3770 | Val Loss: 6.1912 | Val Cost:    0.00 | Val Max P-Miss: 0.5489 | Val Max Q-Miss: 0.4485 | Val Max Gen Viol: 0.7365 | Val Max Thermal: 0.0000 [*SAVED BEST*]
Epoch 3780 | Val Loss: 64.4334 | Val Cost:   -1.10 | Val Max P-Miss: 0.5489 | Val Max Q-Miss: 0.4480 | Val Max Gen Viol: 0.6975 | Val Max Thermal: 0.0000
Epoch 3790 | Val Loss: 33.9826 | Val Cost:   -1.39 | Val Max P-Miss: 0.6780 | Val Max Q-Miss: 0.4491 | Val Max Gen Viol: 0.4323 | Val Max Thermal: 0.0000
Epoch 3800 | Val Loss: 80.2310 | Val Cost:    0.02 | Val Max P-Miss: 0.5914 | Val Max Q-Miss: 0.4485 | Val Max Gen Viol: 0.5189 | Val Max Thermal: 0.0000
Epoch 3810 | Val Loss: 12.7179 | Val Cost:    0.00 | Val Max P-Miss: 0.5489 | Val Max Q-Miss: 0.4485 | Val Max Gen Viol: 0.5814 | Val Max Thermal: 0.0000
Epoch 3820 | Val Loss: 11.1696 | Val Cost:    0.00 | Val Max P-Miss: 0.5489 | Val Max Q-Miss: 0.4485 | Val Max Gen Viol: 0.6275 | Val Max Thermal: 0.0000
Epoch 3830 | Val Loss: 10.0435 | Val Cost:    0.00 | Val Max P-Miss: 0.5489 | Val Max Q-Miss: 0.4485 | Val Max Gen Viol: 0.6640 | Val Max Thermal: 0.0000
Epoch 3840 | Val Loss: 9.1513 | Val Cost:    0.00 | Val Max P-Miss: 0.5489 | Val Max Q-Miss: 0.4485 | Val Max Gen Viol: 0.6910 | Val Max Thermal: 0.0000
Epoch 3850 | Val Loss: 8.5539 | Val Cost:    0.00 | Val Max P-Miss: 0.5489 | Val Max Q-Miss: 0.4485 | Val Max Gen Viol: 0.7094 | Val Max Thermal: 0.0000
Epoch 3860 | Val Loss: 8.1833 | Val Cost:    0.00 | Val Max P-Miss: 0.5489 | Val Max Q-Miss: 0.4485 | Val Max Gen Viol: 0.7212 | Val Max Thermal: 0.0000
Epoch 3870 | Val Loss: 7.9476 | Val Cost:    0.00 | Val Max P-Miss: 0.5489 | Val Max Q-Miss: 0.4485 | Val Max Gen Viol: 0.7283 | Val Max Thermal: 0.0000
Epoch 3880 | Val Loss: 7.4216 | Val Cost:    0.00 | Val Max P-Miss: 0.5489 | Val Max Q-Miss: 0.4485 | Val Max Gen Viol: 0.7323 | Val Max Thermal: 0.0000
Epoch 3890 | Val Loss: 7.0166 | Val Cost:    0.00 | Val Max P-Miss: 0.5489 | Val Max Q-Miss: 0.4485 | Val Max Gen Viol: 0.7345 | Val Max Thermal: 0.0000
Epoch 3900 | Val Loss: 6.7280 | Val Cost:    0.00 | Val Max P-Miss: 0.5489 | Val Max Q-Miss: 0.4485 | Val Max Gen Viol: 0.7356 | Val Max Thermal: 0.0000
Epoch 3910 | Val Loss: 6.4811 | Val Cost:    0.00 | Val Max P-Miss: 0.5489 | Val Max Q-Miss: 0.4485 | Val Max Gen Viol: 0.7361 | Val Max Thermal: 0.0000
Epoch 3920 | Val Loss: 35.9165 | Val Cost:   -0.02 | Val Max P-Miss: 0.5489 | Val Max Q-Miss: 0.4485 | Val Max Gen Viol: 0.7363 | Val Max Thermal: 0.0000
Epoch 3930 | Val Loss: 22.9993 | Val Cost:   -0.26 | Val Max P-Miss: 0.5489 | Val Max Q-Miss: 0.4485 | Val Max Gen Viol: 0.7363 | Val Max Thermal: 0.0000
Epoch 3940 | Val Loss: 9.6895 | Val Cost:    0.00 | Val Max P-Miss: 0.5489 | Val Max Q-Miss: 0.4485 | Val Max Gen Viol: 0.7363 | Val Max Thermal: 0.0000
Epoch 3950 | Val Loss: 8.3072 | Val Cost:    0.00 | Val Max P-Miss: 0.5489 | Val Max Q-Miss: 0.4485 | Val Max Gen Viol: 0.7364 | Val Max Thermal: 0.0000
Epoch 3960 | Val Loss: 7.6421 | Val Cost:    0.00 | Val Max P-Miss: 0.5489 | Val Max Q-Miss: 0.4485 | Val Max Gen Viol: 0.7365 | Val Max Thermal: 0.0000
Epoch 3970 | Val Loss: 11.2473 | Val Cost:    0.00 | Val Max P-Miss: 0.5489 | Val Max Q-Miss: 0.4485 | Val Max Gen Viol: 0.7365 | Val Max Thermal: 0.0000
Epoch 3980 | Val Loss: 10.8387 | Val Cost:   -0.02 | Val Max P-Miss: 0.5489 | Val Max Q-Miss: 0.4484 | Val Max Gen Viol: 0.7349 | Val Max Thermal: 0.0000
Epoch 3990 | Val Loss: 8.1500 | Val Cost:    0.00 | Val Max P-Miss: 0.5489 | Val Max Q-Miss: 0.4485 | Val Max Gen Viol: 0.7356 | Val Max Thermal: 0.0000
Epoch 4000 | Val Loss: 7.5047 | Val Cost:    0.00 | Val Max P-Miss: 0.5489 | Val Max Q-Miss: 0.4485 | Val Max Gen Viol: 0.7359 | Val Max Thermal: 0.0000
Epoch 4010 | Val Loss: 6.8726 | Val Cost:    0.00 | Val Max P-Miss: 0.5489 | Val Max Q-Miss: 0.4485 | Val Max Gen Viol: 0.7360 | Val Max Thermal: 0.0000
Epoch 4020 | Val Loss: 6.3188 | Val Cost:    0.00 | Val Max P-Miss: 0.5489 | Val Max Q-Miss: 0.4485 | Val Max Gen Viol: 0.7360 | Val Max Thermal: 0.0000
Epoch 4030 | Val Loss: 6.0507 | Val Cost:    0.00 | Val Max P-Miss: 0.5489 | Val Max Q-Miss: 0.4485 | Val Max Gen Viol: 0.7363 | Val Max Thermal: 0.0000 [*SAVED BEST*]
Epoch 4040 | Val Loss: 7.3422 | Val Cost:    0.00 | Val Max P-Miss: 0.5489 | Val Max Q-Miss: 0.4485 | Val Max Gen Viol: 0.7364 | Val Max Thermal: 0.0000
Epoch 4050 | Val Loss: 390.8073 | Val Cost:   -0.48 | Val Max P-Miss: 0.5489 | Val Max Q-Miss: 0.4487 | Val Max Gen Viol: 0.7267 | Val Max Thermal: 0.0000
Epoch 4060 | Val Loss: 36.0902 | Val Cost:    0.34 | Val Max P-Miss: 0.7787 | Val Max Q-Miss: 0.4482 | Val Max Gen Viol: 0.3317 | Val Max Thermal: 0.0000
Epoch 4070 | Val Loss: 10.3139 | Val Cost:   -0.02 | Val Max P-Miss: 0.6661 | Val Max Q-Miss: 0.4485 | Val Max Gen Viol: 0.4442 | Val Max Thermal: 0.0000
Epoch 4080 | Val Loss: 11.3513 | Val Cost:    0.00 | Val Max P-Miss: 0.5921 | Val Max Q-Miss: 0.4485 | Val Max Gen Viol: 0.5182 | Val Max Thermal: 0.0000
Epoch 4090 | Val Loss: 9.6725 | Val Cost:    0.00 | Val Max P-Miss: 0.5489 | Val Max Q-Miss: 0.4485 | Val Max Gen Viol: 0.5807 | Val Max Thermal: 0.0000
Epoch 4100 | Val Loss: 8.8837 | Val Cost:    0.00 | Val Max P-Miss: 0.5489 | Val Max Q-Miss: 0.4485 | Val Max Gen Viol: 0.6315 | Val Max Thermal: 0.0000
Epoch 4110 | Val Loss: 8.2301 | Val Cost:    0.00 | Val Max P-Miss: 0.5489 | Val Max Q-Miss: 0.4485 | Val Max Gen Viol: 0.6700 | Val Max Thermal: 0.0000
Epoch 4120 | Val Loss: 7.7350 | Val Cost:    0.00 | Val Max P-Miss: 0.5489 | Val Max Q-Miss: 0.4485 | Val Max Gen Viol: 0.6968 | Val Max Thermal: 0.0000
Epoch 4130 | Val Loss: 7.3636 | Val Cost:    0.00 | Val Max P-Miss: 0.5489 | Val Max Q-Miss: 0.4485 | Val Max Gen Viol: 0.7141 | Val Max Thermal: 0.0000
Epoch 4140 | Val Loss: 7.1192 | Val Cost:    0.00 | Val Max P-Miss: 0.5489 | Val Max Q-Miss: 0.4485 | Val Max Gen Viol: 0.7246 | Val Max Thermal: 0.0000
Epoch 4150 | Val Loss: 6.7715 | Val Cost:    0.00 | Val Max P-Miss: 0.5489 | Val Max Q-Miss: 0.4485 | Val Max Gen Viol: 0.7305 | Val Max Thermal: 0.0000
Epoch 4160 | Val Loss: 6.9680 | Val Cost:    0.00 | Val Max P-Miss: 0.5489 | Val Max Q-Miss: 0.4485 | Val Max Gen Viol: 0.7337 | Val Max Thermal: 0.0000
Epoch 4170 | Val Loss: 6.4269 | Val Cost:    0.00 | Val Max P-Miss: 0.5489 | Val Max Q-Miss: 0.4485 | Val Max Gen Viol: 0.7352 | Val Max Thermal: 0.0000
Epoch 4180 | Val Loss: 41.0282 | Val Cost:    0.00 | Val Max P-Miss: 0.5489 | Val Max Q-Miss: 0.4485 | Val Max Gen Viol: 0.7360 | Val Max Thermal: 0.0000
Epoch 4190 | Val Loss: 12.2107 | Val Cost:   -0.00 | Val Max P-Miss: 0.5489 | Val Max Q-Miss: 0.4485 | Val Max Gen Viol: 0.7358 | Val Max Thermal: 0.0000
Epoch 4200 | Val Loss: 12.6833 | Val Cost:    0.00 | Val Max P-Miss: 0.5489 | Val Max Q-Miss: 0.4485 | Val Max Gen Viol: 0.7361 | Val Max Thermal: 0.0000
Epoch 4210 | Val Loss: 10.6961 | Val Cost:    0.00 | Val Max P-Miss: 0.5489 | Val Max Q-Miss: 0.4485 | Val Max Gen Viol: 0.7363 | Val Max Thermal: 0.0000
Epoch 4220 | Val Loss: 9.2757 | Val Cost:    0.00 | Val Max P-Miss: 0.5489 | Val Max Q-Miss: 0.4485 | Val Max Gen Viol: 0.7364 | Val Max Thermal: 0.0000
Epoch 4230 | Val Loss: 8.2022 | Val Cost:    0.00 | Val Max P-Miss: 0.5489 | Val Max Q-Miss: 0.4485 | Val Max Gen Viol: 0.7365 | Val Max Thermal: 0.0000
Epoch 4240 | Val Loss: 7.3456 | Val Cost:    0.00 | Val Max P-Miss: 0.5489 | Val Max Q-Miss: 0.4485 | Val Max Gen Viol: 0.7365 | Val Max Thermal: 0.0000
Epoch 4250 | Val Loss: 6.6192 | Val Cost:    0.00 | Val Max P-Miss: 0.5489 | Val Max Q-Miss: 0.4485 | Val Max Gen Viol: 0.7365 | Val Max Thermal: 0.0000
Epoch 4260 | Val Loss: 128.5793 | Val Cost:    0.21 | Val Max P-Miss: 0.5489 | Val Max Q-Miss: 0.4484 | Val Max Gen Viol: 0.7359 | Val Max Thermal: 0.0000
Epoch 4270 | Val Loss: 142.5713 | Val Cost:    0.42 | Val Max P-Miss: 0.5489 | Val Max Q-Miss: 0.4488 | Val Max Gen Viol: 0.7264 | Val Max Thermal: 0.0000
Epoch 4280 | Val Loss: 95.5000 | Val Cost:    0.01 | Val Max P-Miss: 0.5489 | Val Max Q-Miss: 0.4485 | Val Max Gen Viol: 0.7306 | Val Max Thermal: 0.0000
Epoch 4290 | Val Loss: 66.4428 | Val Cost:    0.27 | Val Max P-Miss: 0.5489 | Val Max Q-Miss: 0.4481 | Val Max Gen Viol: 0.7348 | Val Max Thermal: 0.0000
Epoch 4300 | Val Loss: 63.0422 | Val Cost:    0.27 | Val Max P-Miss: 0.5489 | Val Max Q-Miss: 0.4485 | Val Max Gen Viol: 0.7304 | Val Max Thermal: 0.0000
Epoch 4310 | Val Loss: 38.1306 | Val Cost:   -0.12 | Val Max P-Miss: 0.5489 | Val Max Q-Miss: 0.4488 | Val Max Gen Viol: 0.7315 | Val Max Thermal: 0.0000
Epoch 4320 | Val Loss: 10.1330 | Val Cost:   -0.03 | Val Max P-Miss: 0.5489 | Val Max Q-Miss: 0.4485 | Val Max Gen Viol: 0.7317 | Val Max Thermal: 0.0000
Epoch 4330 | Val Loss: 9.1033 | Val Cost:    0.00 | Val Max P-Miss: 0.5489 | Val Max Q-Miss: 0.4485 | Val Max Gen Viol: 0.7351 | Val Max Thermal: 0.0000
Epoch 4340 | Val Loss: 8.2866 | Val Cost:    0.00 | Val Max P-Miss: 0.5489 | Val Max Q-Miss: 0.4485 | Val Max Gen Viol: 0.7361 | Val Max Thermal: 0.0000
Epoch 4350 | Val Loss: 7.5852 | Val Cost:    0.00 | Val Max P-Miss: 0.5489 | Val Max Q-Miss: 0.4485 | Val Max Gen Viol: 0.7364 | Val Max Thermal: 0.0000
Epoch 4360 | Val Loss: 6.9912 | Val Cost:    0.00 | Val Max P-Miss: 0.5489 | Val Max Q-Miss: 0.4485 | Val Max Gen Viol: 0.7365 | Val Max Thermal: 0.0000
Epoch 4370 | Val Loss: 6.3959 | Val Cost:    0.00 | Val Max P-Miss: 0.5489 | Val Max Q-Miss: 0.4485 | Val Max Gen Viol: 0.7365 | Val Max Thermal: 0.0000
Epoch 4380 | Val Loss: 198.7012 | Val Cost:    0.07 | Val Max P-Miss: 0.5489 | Val Max Q-Miss: 0.4478 | Val Max Gen Viol: 0.6031 | Val Max Thermal: 0.0000
Epoch 4390 | Val Loss: 16.2732 | Val Cost:    0.00 | Val Max P-Miss: 0.6812 | Val Max Q-Miss: 0.4485 | Val Max Gen Viol: 0.4290 | Val Max Thermal: 0.0000
Epoch 4400 | Val Loss: 13.1747 | Val Cost:   -0.00 | Val Max P-Miss: 0.6473 | Val Max Q-Miss: 0.4485 | Val Max Gen Viol: 0.4630 | Val Max Thermal: 0.0000
Epoch 4410 | Val Loss: 11.3849 | Val Cost:   -0.00 | Val Max P-Miss: 0.6107 | Val Max Q-Miss: 0.4485 | Val Max Gen Viol: 0.4995 | Val Max Thermal: 0.0000
Epoch 4420 | Val Loss: 10.1219 | Val Cost:   -0.00 | Val Max P-Miss: 0.5736 | Val Max Q-Miss: 0.4485 | Val Max Gen Viol: 0.5367 | Val Max Thermal: 0.0000
Epoch 4430 | Val Loss: 9.2384 | Val Cost:   -0.00 | Val Max P-Miss: 0.5489 | Val Max Q-Miss: 0.4485 | Val Max Gen Viol: 0.5730 | Val Max Thermal: 0.0000
Epoch 4440 | Val Loss: 8.5869 | Val Cost:   -0.00 | Val Max P-Miss: 0.5489 | Val Max Q-Miss: 0.4485 | Val Max Gen Viol: 0.6071 | Val Max Thermal: 0.0000
Epoch 4450 | Val Loss: 8.1045 | Val Cost:    0.00 | Val Max P-Miss: 0.5489 | Val Max Q-Miss: 0.4485 | Val Max Gen Viol: 0.6378 | Val Max Thermal: 0.0000
Epoch 4460 | Val Loss: 7.6308 | Val Cost:    0.00 | Val Max P-Miss: 0.5489 | Val Max Q-Miss: 0.4485 | Val Max Gen Viol: 0.6641 | Val Max Thermal: 0.0000
Epoch 4470 | Val Loss: 7.2703 | Val Cost:    0.00 | Val Max P-Miss: 0.5489 | Val Max Q-Miss: 0.4485 | Val Max Gen Viol: 0.6854 | Val Max Thermal: 0.0000
Epoch 4480 | Val Loss: 6.9906 | Val Cost:    0.00 | Val Max P-Miss: 0.5489 | Val Max Q-Miss: 0.4485 | Val Max Gen Viol: 0.7018 | Val Max Thermal: 0.0000
Epoch 4490 | Val Loss: 403.6846 | Val Cost:    0.01 | Val Max P-Miss: 0.5489 | Val Max Q-Miss: 0.4485 | Val Max Gen Viol: 0.7128 | Val Max Thermal: 0.0000
Epoch 4500 | Val Loss: 30.1264 | Val Cost:   -0.01 | Val Max P-Miss: 0.5489 | Val Max Q-Miss: 0.4485 | Val Max Gen Viol: 0.7203 | Val Max Thermal: 0.0000
Epoch 4510 | Val Loss: 12.4997 | Val Cost:   -0.01 | Val Max P-Miss: 0.5489 | Val Max Q-Miss: 0.4485 | Val Max Gen Viol: 0.7251 | Val Max Thermal: 0.0000
Epoch 4520 | Val Loss: 9.2635 | Val Cost:    0.00 | Val Max P-Miss: 0.5489 | Val Max Q-Miss: 0.4485 | Val Max Gen Viol: 0.7286 | Val Max Thermal: 0.0000
Epoch 4530 | Val Loss: 8.2009 | Val Cost:    0.00 | Val Max P-Miss: 0.5489 | Val Max Q-Miss: 0.4485 | Val Max Gen Viol: 0.7312 | Val Max Thermal: 0.0000
Epoch 4540 | Val Loss: 7.3748 | Val Cost:    0.00 | Val Max P-Miss: 0.5489 | Val Max Q-Miss: 0.4485 | Val Max Gen Viol: 0.7332 | Val Max Thermal: 0.0000
Epoch 4550 | Val Loss: 6.7903 | Val Cost:    0.00 | Val Max P-Miss: 0.5489 | Val Max Q-Miss: 0.4485 | Val Max Gen Viol: 0.7345 | Val Max Thermal: 0.0000
Epoch 4560 | Val Loss: 6.2380 | Val Cost:    0.00 | Val Max P-Miss: 0.5489 | Val Max Q-Miss: 0.4485 | Val Max Gen Viol: 0.7354 | Val Max Thermal: 0.0000
Epoch 4570 | Val Loss: 5.8935 | Val Cost:    0.00 | Val Max P-Miss: 0.5489 | Val Max Q-Miss: 0.4485 | Val Max Gen Viol: 0.7359 | Val Max Thermal: 0.0000 [*SAVED BEST*]
Epoch 4580 | Val Loss: 6.5760 | Val Cost:   -0.49 | Val Max P-Miss: 0.5489 | Val Max Q-Miss: 0.4487 | Val Max Gen Viol: 0.7365 | Val Max Thermal: 0.0000
Epoch 4590 | Val Loss: 6.1139 | Val Cost:    0.05 | Val Max P-Miss: 0.5489 | Val Max Q-Miss: 0.4485 | Val Max Gen Viol: 0.7347 | Val Max Thermal: 0.0000
Epoch 4600 | Val Loss: 5.6588 | Val Cost:    0.00 | Val Max P-Miss: 0.5489 | Val Max Q-Miss: 0.4485 | Val Max Gen Viol: 0.7355 | Val Max Thermal: 0.0000 [*SAVED BEST*]
Epoch 4610 | Val Loss: 5.3945 | Val Cost:    0.00 | Val Max P-Miss: 0.5489 | Val Max Q-Miss: 0.4485 | Val Max Gen Viol: 0.7359 | Val Max Thermal: 0.0000 [*SAVED BEST*]
Epoch 4620 | Val Loss: 102.4215 | Val Cost:   -0.39 | Val Max P-Miss: 0.5489 | Val Max Q-Miss: 0.4487 | Val Max Gen Viol: 0.7357 | Val Max Thermal: 0.0000
Epoch 4630 | Val Loss: 18.7604 | Val Cost:    0.06 | Val Max P-Miss: 0.5489 | Val Max Q-Miss: 0.4485 | Val Max Gen Viol: 0.7355 | Val Max Thermal: 0.0000
Epoch 4640 | Val Loss: 93.5040 | Val Cost:    0.02 | Val Max P-Miss: 0.5489 | Val Max Q-Miss: 0.4485 | Val Max Gen Viol: 0.7349 | Val Max Thermal: 0.0000
Epoch 4650 | Val Loss: 48.4707 | Val Cost:    1.86 | Val Max P-Miss: 0.5489 | Val Max Q-Miss: 0.4469 | Val Max Gen Viol: 0.7316 | Val Max Thermal: 0.0000
Epoch 4660 | Val Loss: 15.3288 | Val Cost:    0.47 | Val Max P-Miss: 0.5489 | Val Max Q-Miss: 0.4489 | Val Max Gen Viol: 0.7217 | Val Max Thermal: 0.0000
Epoch 4670 | Val Loss: 13.4029 | Val Cost:   -0.00 | Val Max P-Miss: 0.5489 | Val Max Q-Miss: 0.4485 | Val Max Gen Viol: 0.7262 | Val Max Thermal: 0.0000
Epoch 4680 | Val Loss: 11.4627 | Val Cost:    0.00 | Val Max P-Miss: 0.5489 | Val Max Q-Miss: 0.4485 | Val Max Gen Viol: 0.7300 | Val Max Thermal: 0.0000
Epoch 4690 | Val Loss: 10.2264 | Val Cost:    0.00 | Val Max P-Miss: 0.5489 | Val Max Q-Miss: 0.4485 | Val Max Gen Viol: 0.7326 | Val Max Thermal: 0.0000
Epoch 4700 | Val Loss: 9.3832 | Val Cost:    0.00 | Val Max P-Miss: 0.5489 | Val Max Q-Miss: 0.4485 | Val Max Gen Viol: 0.7343 | Val Max Thermal: 0.0000
Epoch 4710 | Val Loss: 8.4606 | Val Cost:    0.00 | Val Max P-Miss: 0.5489 | Val Max Q-Miss: 0.4485 | Val Max Gen Viol: 0.7354 | Val Max Thermal: 0.0000
Epoch 4720 | Val Loss: 7.8339 | Val Cost:    0.00 | Val Max P-Miss: 0.5489 | Val Max Q-Miss: 0.4485 | Val Max Gen Viol: 0.7360 | Val Max Thermal: 0.0000
Epoch 4730 | Val Loss: 7.2207 | Val Cost:    0.00 | Val Max P-Miss: 0.5489 | Val Max Q-Miss: 0.4485 | Val Max Gen Viol: 0.7363 | Val Max Thermal: 0.0000
Epoch 4740 | Val Loss: 7.1407 | Val Cost:    0.00 | Val Max P-Miss: 0.5489 | Val Max Q-Miss: 0.4485 | Val Max Gen Viol: 0.7364 | Val Max Thermal: 0.0000
Epoch 4750 | Val Loss: 6.6700 | Val Cost:    0.00 | Val Max P-Miss: 0.5489 | Val Max Q-Miss: 0.4485 | Val Max Gen Viol: 0.7365 | Val Max Thermal: 0.0000
Epoch 4760 | Val Loss: 6.2228 | Val Cost:    0.00 | Val Max P-Miss: 0.5489 | Val Max Q-Miss: 0.4485 | Val Max Gen Viol: 0.7365 | Val Max Thermal: 0.0000
Epoch 4770 | Val Loss: 69.8145 | Val Cost:    0.43 | Val Max P-Miss: 0.5697 | Val Max Q-Miss: 0.4475 | Val Max Gen Viol: 0.5406 | Val Max Thermal: 0.0000
Epoch 4780 | Val Loss: 38.4406 | Val Cost:    0.07 | Val Max P-Miss: 0.7255 | Val Max Q-Miss: 0.4484 | Val Max Gen Viol: 0.3847 | Val Max Thermal: 0.0000
Epoch 4790 | Val Loss: 42.1190 | Val Cost:    0.00 | Val Max P-Miss: 0.7022 | Val Max Q-Miss: 0.4485 | Val Max Gen Viol: 0.4081 | Val Max Thermal: 0.0000
Epoch 4800 | Val Loss: 80.6631 | Val Cost:   -0.00 | Val Max P-Miss: 0.6818 | Val Max Q-Miss: 0.4485 | Val Max Gen Viol: 0.4285 | Val Max Thermal: 0.0000
Epoch 4810 | Val Loss: 14.7577 | Val Cost:   -0.01 | Val Max P-Miss: 0.6613 | Val Max Q-Miss: 0.4485 | Val Max Gen Viol: 0.4489 | Val Max Thermal: 0.0000
Epoch 4820 | Val Loss: 9.3777 | Val Cost:   -0.00 | Val Max P-Miss: 0.6437 | Val Max Q-Miss: 0.4485 | Val Max Gen Viol: 0.4666 | Val Max Thermal: 0.0000
Epoch 4830 | Val Loss: 8.6955 | Val Cost:   -0.00 | Val Max P-Miss: 0.6246 | Val Max Q-Miss: 0.4485 | Val Max Gen Viol: 0.4857 | Val Max Thermal: 0.0000
Epoch 4840 | Val Loss: 8.3524 | Val Cost:   -0.00 | Val Max P-Miss: 0.6043 | Val Max Q-Miss: 0.4485 | Val Max Gen Viol: 0.5060 | Val Max Thermal: 0.0000
Epoch 4850 | Val Loss: 7.7280 | Val Cost:   -0.00 | Val Max P-Miss: 0.5831 | Val Max Q-Miss: 0.4485 | Val Max Gen Viol: 0.5272 | Val Max Thermal: 0.0000
Epoch 4860 | Val Loss: 7.2440 | Val Cost:   -0.00 | Val Max P-Miss: 0.5614 | Val Max Q-Miss: 0.4485 | Val Max Gen Viol: 0.5489 | Val Max Thermal: 0.0000
Epoch 4870 | Val Loss: 8.0095 | Val Cost:    0.00 | Val Max P-Miss: 0.5489 | Val Max Q-Miss: 0.4485 | Val Max Gen Viol: 0.5708 | Val Max Thermal: 0.0000
Epoch 4880 | Val Loss: 5.4646 | Val Cost:    0.00 | Val Max P-Miss: 0.5489 | Val Max Q-Miss: 0.4485 | Val Max Gen Viol: 0.5926 | Val Max Thermal: 0.0000
Epoch 4890 | Val Loss: 5.4443 | Val Cost:    0.00 | Val Max P-Miss: 0.5489 | Val Max Q-Miss: 0.4485 | Val Max Gen Viol: 0.6136 | Val Max Thermal: 0.0000
Epoch 4900 | Val Loss: 5.4744 | Val Cost:    0.00 | Val Max P-Miss: 0.5489 | Val Max Q-Miss: 0.4485 | Val Max Gen Viol: 0.6334 | Val Max Thermal: 0.0000
Epoch 4910 | Val Loss: 5.3779 | Val Cost:    0.00 | Val Max P-Miss: 0.5489 | Val Max Q-Miss: 0.4485 | Val Max Gen Viol: 0.6517 | Val Max Thermal: 0.0000 [*SAVED BEST*]
Epoch 4920 | Val Loss: 5.3976 | Val Cost:    0.00 | Val Max P-Miss: 0.5489 | Val Max Q-Miss: 0.4485 | Val Max Gen Viol: 0.6683 | Val Max Thermal: 0.0000
Epoch 4930 | Val Loss: 5.5608 | Val Cost:    0.00 | Val Max P-Miss: 0.5489 | Val Max Q-Miss: 0.4485 | Val Max Gen Viol: 0.6827 | Val Max Thermal: 0.0000
Epoch 4940 | Val Loss: 5.5340 | Val Cost:    0.00 | Val Max P-Miss: 0.5489 | Val Max Q-Miss: 0.4485 | Val Max Gen Viol: 0.6951 | Val Max Thermal: 0.0000
Epoch 4950 | Val Loss: 36.7484 | Val Cost:    0.00 | Val Max P-Miss: 0.5489 | Val Max Q-Miss: 0.4485 | Val Max Gen Viol: 0.7043 | Val Max Thermal: 0.0000
Epoch 4960 | Val Loss: 19.6694 | Val Cost:    0.11 | Val Max P-Miss: 0.5489 | Val Max Q-Miss: 0.4485 | Val Max Gen Viol: 0.7096 | Val Max Thermal: 0.0000
Epoch 4970 | Val Loss: 23.0984 | Val Cost:   -0.03 | Val Max P-Miss: 0.5489 | Val Max Q-Miss: 0.4485 | Val Max Gen Viol: 0.7138 | Val Max Thermal: 0.0000
Epoch 4980 | Val Loss: 11.4171 | Val Cost:   -0.01 | Val Max P-Miss: 0.5489 | Val Max Q-Miss: 0.4485 | Val Max Gen Viol: 0.7180 | Val Max Thermal: 0.0000
Epoch 4990 | Val Loss: 10.6837 | Val Cost:    0.00 | Val Max P-Miss: 0.5489 | Val Max Q-Miss: 0.4485 | Val Max Gen Viol: 0.7217 | Val Max Thermal: 0.0000
Epoch 5000 | Val Loss: 10.0958 | Val Cost:    0.00 | Val Max P-Miss: 0.5489 | Val Max Q-Miss: 0.4485 | Val Max Gen Viol: 0.7251 | Val Max Thermal: 0.0000
Epoch 5010 | Val Loss: 9.1031 | Val Cost:    0.00 | Val Max P-Miss: 0.5489 | Val Max Q-Miss: 0.4485 | Val Max Gen Viol: 0.7280 | Val Max Thermal: 0.0000
Epoch 5020 | Val Loss: 517.3158 | Val Cost:    0.02 | Val Max P-Miss: 0.5489 | Val Max Q-Miss: 0.4485 | Val Max Gen Viol: 0.7303 | Val Max Thermal: 0.0000
Epoch 5030 | Val Loss: 56.1610 | Val Cost:    0.02 | Val Max P-Miss: 0.5489 | Val Max Q-Miss: 0.4483 | Val Max Gen Viol: 0.7297 | Val Max Thermal: 0.0000
Epoch 5040 | Val Loss: 142.1170 | Val Cost:   -0.81 | Val Max P-Miss: 0.5489 | Val Max Q-Miss: 0.4496 | Val Max Gen Viol: 0.7048 | Val Max Thermal: 0.0000
Epoch 5050 | Val Loss: 27.0535 | Val Cost:    0.06 | Val Max P-Miss: 0.5489 | Val Max Q-Miss: 0.4485 | Val Max Gen Viol: 0.7099 | Val Max Thermal: 0.0000
Epoch 5060 | Val Loss: 32.0645 | Val Cost:    0.00 | Val Max P-Miss: 0.5489 | Val Max Q-Miss: 0.4485 | Val Max Gen Viol: 0.7164 | Val Max Thermal: 0.0000
Epoch 5070 | Val Loss: 14.9772 | Val Cost:    0.00 | Val Max P-Miss: 0.5489 | Val Max Q-Miss: 0.4485 | Val Max Gen Viol: 0.7198 | Val Max Thermal: 0.0000
Epoch 5080 | Val Loss: 75.7795 | Val Cost:    0.00 | Val Max P-Miss: 0.5489 | Val Max Q-Miss: 0.4485 | Val Max Gen Viol: 0.7231 | Val Max Thermal: 0.0000
Epoch 5090 | Val Loss: 53.4781 | Val Cost:    0.00 | Val Max P-Miss: 0.5489 | Val Max Q-Miss: 0.4485 | Val Max Gen Viol: 0.7270 | Val Max Thermal: 0.0000
Epoch 5100 | Val Loss: 16.0210 | Val Cost:    0.00 | Val Max P-Miss: 0.5489 | Val Max Q-Miss: 0.4485 | Val Max Gen Viol: 0.7302 | Val Max Thermal: 0.0000
Epoch 5110 | Val Loss: 7.1915 | Val Cost:    0.00 | Val Max P-Miss: 0.5489 | Val Max Q-Miss: 0.4485 | Val Max Gen Viol: 0.7279 | Val Max Thermal: 0.0000
Epoch 5120 | Val Loss: 6.2740 | Val Cost:    0.00 | Val Max P-Miss: 0.5489 | Val Max Q-Miss: 0.4485 | Val Max Gen Viol: 0.7298 | Val Max Thermal: 0.0000
Epoch 5130 | Val Loss: 5.4766 | Val Cost:    0.00 | Val Max P-Miss: 0.5489 | Val Max Q-Miss: 0.4485 | Val Max Gen Viol: 0.7315 | Val Max Thermal: 0.0000
Epoch 5140 | Val Loss: 4.8793 | Val Cost:    0.00 | Val Max P-Miss: 0.5489 | Val Max Q-Miss: 0.4485 | Val Max Gen Viol: 0.7329 | Val Max Thermal: 0.0000 [*SAVED BEST*]
Epoch 5150 | Val Loss: 16.3997 | Val Cost:    0.00 | Val Max P-Miss: 0.5489 | Val Max Q-Miss: 0.4485 | Val Max Gen Viol: 0.7340 | Val Max Thermal: 0.0000
Epoch 5160 | Val Loss: 36.9970 | Val Cost:    0.01 | Val Max P-Miss: 0.5489 | Val Max Q-Miss: 0.4485 | Val Max Gen Viol: 0.7341 | Val Max Thermal: 0.0000
Epoch 5170 | Val Loss: 11.2650 | Val Cost:    0.00 | Val Max P-Miss: 0.5489 | Val Max Q-Miss: 0.4485 | Val Max Gen Viol: 0.7301 | Val Max Thermal: 0.0000
Epoch 5180 | Val Loss: 9.6629 | Val Cost:    0.00 | Val Max P-Miss: 0.5489 | Val Max Q-Miss: 0.4485 | Val Max Gen Viol: 0.7318 | Val Max Thermal: 0.0000
Epoch 5190 | Val Loss: 8.5135 | Val Cost:    0.00 | Val Max P-Miss: 0.5489 | Val Max Q-Miss: 0.4485 | Val Max Gen Viol: 0.7332 | Val Max Thermal: 0.0000
Epoch 5200 | Val Loss: 7.8432 | Val Cost:    0.00 | Val Max P-Miss: 0.5489 | Val Max Q-Miss: 0.4485 | Val Max Gen Viol: 0.7342 | Val Max Thermal: 0.0000
Epoch 5210 | Val Loss: 8.0575 | Val Cost:    0.00 | Val Max P-Miss: 0.5489 | Val Max Q-Miss: 0.4485 | Val Max Gen Viol: 0.7350 | Val Max Thermal: 0.0000
Epoch 5220 | Val Loss: 7.5719 | Val Cost:    0.00 | Val Max P-Miss: 0.5489 | Val Max Q-Miss: 0.4485 | Val Max Gen Viol: 0.7355 | Val Max Thermal: 0.0000
Epoch 5230 | Val Loss: 7.2375 | Val Cost:    0.00 | Val Max P-Miss: 0.5489 | Val Max Q-Miss: 0.4485 | Val Max Gen Viol: 0.7359 | Val Max Thermal: 0.0000
Epoch 5240 | Val Loss: 6.9479 | Val Cost:    0.00 | Val Max P-Miss: 0.5489 | Val Max Q-Miss: 0.4485 | Val Max Gen Viol: 0.7361 | Val Max Thermal: 0.0000
Epoch 5250 | Val Loss: 6.7364 | Val Cost:    0.00 | Val Max P-Miss: 0.5489 | Val Max Q-Miss: 0.4485 | Val Max Gen Viol: 0.7363 | Val Max Thermal: 0.0000
Epoch 5260 | Val Loss: 6.5027 | Val Cost:    0.00 | Val Max P-Miss: 0.5489 | Val Max Q-Miss: 0.4485 | Val Max Gen Viol: 0.7364 | Val Max Thermal: 0.0000
Epoch 5270 | Val Loss: 6.3727 | Val Cost:    0.00 | Val Max P-Miss: 0.5489 | Val Max Q-Miss: 0.4485 | Val Max Gen Viol: 0.7365 | Val Max Thermal: 0.0000
Epoch 5280 | Val Loss: 6.3388 | Val Cost:    0.00 | Val Max P-Miss: 0.5489 | Val Max Q-Miss: 0.4485 | Val Max Gen Viol: 0.7365 | Val Max Thermal: 0.0000
Epoch 5290 | Val Loss: 27.4541 | Val Cost:    0.00 | Val Max P-Miss: 0.5489 | Val Max Q-Miss: 0.4485 | Val Max Gen Viol: 0.7365 | Val Max Thermal: 0.0000
Epoch 5300 | Val Loss: 28.3892 | Val Cost:    0.00 | Val Max P-Miss: 0.5489 | Val Max Q-Miss: 0.4485 | Val Max Gen Viol: 0.7365 | Val Max Thermal: 0.0000
Epoch 5310 | Val Loss: 8.8784 | Val Cost:   -0.44 | Val Max P-Miss: 0.5489 | Val Max Q-Miss: 0.4487 | Val Max Gen Viol: 0.7368 | Val Max Thermal: 0.0000
Epoch 5320 | Val Loss: 25.6089 | Val Cost:    0.18 | Val Max P-Miss: 0.5489 | Val Max Q-Miss: 0.4484 | Val Max Gen Viol: 0.7337 | Val Max Thermal: 0.0000
Epoch 5330 | Val Loss: 37.2217 | Val Cost:   -1.20 | Val Max P-Miss: 0.5489 | Val Max Q-Miss: 0.4491 | Val Max Gen Viol: 0.7348 | Val Max Thermal: 0.0000
Epoch 5340 | Val Loss: 76.0156 | Val Cost:   -0.01 | Val Max P-Miss: 0.5489 | Val Max Q-Miss: 0.4485 | Val Max Gen Viol: 0.5786 | Val Max Thermal: 0.0000
Epoch 5350 | Val Loss: 122.6822 | Val Cost:    0.00 | Val Max P-Miss: 0.5489 | Val Max Q-Miss: 0.4485 | Val Max Gen Viol: 0.6216 | Val Max Thermal: 0.0000
Epoch 5360 | Val Loss: 41.7130 | Val Cost:    0.00 | Val Max P-Miss: 0.5489 | Val Max Q-Miss: 0.4485 | Val Max Gen Viol: 0.6712 | Val Max Thermal: 0.0000
Epoch 5370 | Val Loss: 18.8330 | Val Cost:   -0.00 | Val Max P-Miss: 0.7053 | Val Max Q-Miss: 0.4487 | Val Max Gen Viol: 0.4049 | Val Max Thermal: 0.0000
Epoch 5380 | Val Loss: 19.0512 | Val Cost:   -0.03 | Val Max P-Miss: 0.6762 | Val Max Q-Miss: 0.4484 | Val Max Gen Viol: 0.4341 | Val Max Thermal: 0.0000
Epoch 5390 | Val Loss: 12.6987 | Val Cost:   -0.00 | Val Max P-Miss: 0.6495 | Val Max Q-Miss: 0.4485 | Val Max Gen Viol: 0.4608 | Val Max Thermal: 0.0000
Epoch 5400 | Val Loss: 10.2270 | Val Cost:   -0.00 | Val Max P-Miss: 0.6208 | Val Max Q-Miss: 0.4485 | Val Max Gen Viol: 0.4894 | Val Max Thermal: 0.0000
Epoch 5410 | Val Loss: 8.4227 | Val Cost:   -0.00 | Val Max P-Miss: 0.5910 | Val Max Q-Miss: 0.4485 | Val Max Gen Viol: 0.5193 | Val Max Thermal: 0.0000
Epoch 5420 | Val Loss: 7.1893 | Val Cost:    0.00 | Val Max P-Miss: 0.5606 | Val Max Q-Miss: 0.4485 | Val Max Gen Viol: 0.5497 | Val Max Thermal: 0.0000
Epoch 5430 | Val Loss: 7.1712 | Val Cost:   -0.00 | Val Max P-Miss: 0.5489 | Val Max Q-Miss: 0.4485 | Val Max Gen Viol: 0.5796 | Val Max Thermal: 0.0000
Epoch 5440 | Val Loss: 6.9852 | Val Cost:    0.00 | Val Max P-Miss: 0.5489 | Val Max Q-Miss: 0.4485 | Val Max Gen Viol: 0.6080 | Val Max Thermal: 0.0000
Epoch 5450 | Val Loss: 6.4142 | Val Cost:    0.00 | Val Max P-Miss: 0.5489 | Val Max Q-Miss: 0.4485 | Val Max Gen Viol: 0.6342 | Val Max Thermal: 0.0000
Epoch 5460 | Val Loss: 5.9682 | Val Cost:    0.00 | Val Max P-Miss: 0.5489 | Val Max Q-Miss: 0.4485 | Val Max Gen Viol: 0.6575 | Val Max Thermal: 0.0000
Epoch 5470 | Val Loss: 29.1700 | Val Cost:    0.01 | Val Max P-Miss: 0.5489 | Val Max Q-Miss: 0.4486 | Val Max Gen Viol: 0.6779 | Val Max Thermal: 0.0000
Epoch 5480 | Val Loss: 253.4827 | Val Cost:   -0.46 | Val Max P-Miss: 0.5489 | Val Max Q-Miss: 0.4487 | Val Max Gen Viol: 0.6920 | Val Max Thermal: 0.0000
Epoch 5490 | Val Loss: 73.4758 | Val Cost:    0.02 | Val Max P-Miss: 0.5489 | Val Max Q-Miss: 0.4485 | Val Max Gen Viol: 0.6992 | Val Max Thermal: 0.0000
Epoch 5500 | Val Loss: 48.7473 | Val Cost:    0.00 | Val Max P-Miss: 0.5489 | Val Max Q-Miss: 0.4485 | Val Max Gen Viol: 0.7099 | Val Max Thermal: 0.0000
Epoch 5510 | Val Loss: 61.6638 | Val Cost:   -0.00 | Val Max P-Miss: 0.5489 | Val Max Q-Miss: 0.4485 | Val Max Gen Viol: 0.7191 | Val Max Thermal: 0.0000
Epoch 5520 | Val Loss: 11.6303 | Val Cost:    0.00 | Val Max P-Miss: 0.5489 | Val Max Q-Miss: 0.4485 | Val Max Gen Viol: 0.7232 | Val Max Thermal: 0.0000
Epoch 5530 | Val Loss: 9.7963 | Val Cost:    0.00 | Val Max P-Miss: 0.5489 | Val Max Q-Miss: 0.4485 | Val Max Gen Viol: 0.7266 | Val Max Thermal: 0.0000
Epoch 5540 | Val Loss: 8.7539 | Val Cost:    0.00 | Val Max P-Miss: 0.5489 | Val Max Q-Miss: 0.4485 | Val Max Gen Viol: 0.7295 | Val Max Thermal: 0.0000
Epoch 5550 | Val Loss: 8.0947 | Val Cost:    0.00 | Val Max P-Miss: 0.5489 | Val Max Q-Miss: 0.4485 | Val Max Gen Viol: 0.7318 | Val Max Thermal: 0.0000
Epoch 5560 | Val Loss: 7.5358 | Val Cost:    0.00 | Val Max P-Miss: 0.5489 | Val Max Q-Miss: 0.4485 | Val Max Gen Viol: 0.7335 | Val Max Thermal: 0.0000
Epoch 5570 | Val Loss: 7.1945 | Val Cost:    0.00 | Val Max P-Miss: 0.5489 | Val Max Q-Miss: 0.4485 | Val Max Gen Viol: 0.7347 | Val Max Thermal: 0.0000
Epoch 5580 | Val Loss: 7.0571 | Val Cost:    0.00 | Val Max P-Miss: 0.5489 | Val Max Q-Miss: 0.4485 | Val Max Gen Viol: 0.7355 | Val Max Thermal: 0.0000
Epoch 5590 | Val Loss: 6.6788 | Val Cost:    0.00 | Val Max P-Miss: 0.5489 | Val Max Q-Miss: 0.4485 | Val Max Gen Viol: 0.7360 | Val Max Thermal: 0.0000
Epoch 5600 | Val Loss: 6.3092 | Val Cost:    0.00 | Val Max P-Miss: 0.5489 | Val Max Q-Miss: 0.4485 | Val Max Gen Viol: 0.7362 | Val Max Thermal: 0.0000
Epoch 5610 | Val Loss: 6.0952 | Val Cost:    0.00 | Val Max P-Miss: 0.5489 | Val Max Q-Miss: 0.4485 | Val Max Gen Viol: 0.7364 | Val Max Thermal: 0.0000
Epoch 5620 | Val Loss: 5.9510 | Val Cost:   -0.11 | Val Max P-Miss: 0.5489 | Val Max Q-Miss: 0.4485 | Val Max Gen Viol: 0.7359 | Val Max Thermal: 0.0000
Epoch 5630 | Val Loss: 5.8038 | Val Cost:    0.00 | Val Max P-Miss: 0.5489 | Val Max Q-Miss: 0.4485 | Val Max Gen Viol: 0.7361 | Val Max Thermal: 0.0000
Epoch 5640 | Val Loss: 13.3125 | Val Cost:    0.01 | Val Max P-Miss: 0.5489 | Val Max Q-Miss: 0.4485 | Val Max Gen Viol: 0.7361 | Val Max Thermal: 0.0000
Epoch 5650 | Val Loss: 46.3133 | Val Cost:   -0.00 | Val Max P-Miss: 0.5489 | Val Max Q-Miss: 0.4485 | Val Max Gen Viol: 0.7347 | Val Max Thermal: 0.0000
Epoch 5660 | Val Loss: 10.0513 | Val Cost:    0.00 | Val Max P-Miss: 0.5489 | Val Max Q-Miss: 0.4485 | Val Max Gen Viol: 0.7353 | Val Max Thermal: 0.0000
Epoch 5670 | Val Loss: 8.6181 | Val Cost:    0.00 | Val Max P-Miss: 0.5489 | Val Max Q-Miss: 0.4485 | Val Max Gen Viol: 0.7358 | Val Max Thermal: 0.0000
Epoch 5680 | Val Loss: 7.9727 | Val Cost:    0.02 | Val Max P-Miss: 0.5489 | Val Max Q-Miss: 0.4485 | Val Max Gen Viol: 0.7361 | Val Max Thermal: 0.0000
Epoch 5690 | Val Loss: 178.2043 | Val Cost:    9.14 | Val Max P-Miss: 0.5489 | Val Max Q-Miss: 0.4436 | Val Max Gen Viol: 0.7260 | Val Max Thermal: 0.0000
Epoch 5700 | Val Loss: 158.6129 | Val Cost:    0.13 | Val Max P-Miss: 0.5489 | Val Max Q-Miss: 0.4486 | Val Max Gen Viol: 0.5648 | Val Max Thermal: 0.0000
Epoch 5710 | Val Loss: 22.8492 | Val Cost:    0.11 | Val Max P-Miss: 0.5489 | Val Max Q-Miss: 0.4484 | Val Max Gen Viol: 0.6006 | Val Max Thermal: 0.0000
Epoch 5720 | Val Loss: 59.5043 | Val Cost:    0.00 | Val Max P-Miss: 0.5489 | Val Max Q-Miss: 0.4485 | Val Max Gen Viol: 0.6488 | Val Max Thermal: 0.0000
Epoch 5730 | Val Loss: 90.5151 | Val Cost:    0.00 | Val Max P-Miss: 0.5489 | Val Max Q-Miss: 0.4485 | Val Max Gen Viol: 0.6785 | Val Max Thermal: 0.0000
Epoch 5740 | Val Loss: 60.8760 | Val Cost:    0.00 | Val Max P-Miss: 0.5489 | Val Max Q-Miss: 0.4485 | Val Max Gen Viol: 0.7033 | Val Max Thermal: 0.0000
Epoch 5750 | Val Loss: 42.1418 | Val Cost:    0.00 | Val Max P-Miss: 0.5489 | Val Max Q-Miss: 0.4485 | Val Max Gen Viol: 0.7199 | Val Max Thermal: 0.0000
Epoch 5760 | Val Loss: 41.5165 | Val Cost:    0.02 | Val Max P-Miss: 0.5489 | Val Max Q-Miss: 0.4485 | Val Max Gen Viol: 0.7079 | Val Max Thermal: 0.0000
Epoch 5770 | Val Loss: 9.8411 | Val Cost:    0.00 | Val Max P-Miss: 0.5489 | Val Max Q-Miss: 0.4485 | Val Max Gen Viol: 0.7049 | Val Max Thermal: 0.0000
Epoch 5780 | Val Loss: 9.0114 | Val Cost:    0.00 | Val Max P-Miss: 0.5489 | Val Max Q-Miss: 0.4485 | Val Max Gen Viol: 0.7164 | Val Max Thermal: 0.0000
Epoch 5790 | Val Loss: 8.5072 | Val Cost:    0.00 | Val Max P-Miss: 0.5489 | Val Max Q-Miss: 0.4485 | Val Max Gen Viol: 0.7245 | Val Max Thermal: 0.0000
Epoch 5800 | Val Loss: 8.1679 | Val Cost:    0.00 | Val Max P-Miss: 0.5489 | Val Max Q-Miss: 0.4485 | Val Max Gen Viol: 0.7297 | Val Max Thermal: 0.0000
Epoch 5810 | Val Loss: 7.9438 | Val Cost:    0.00 | Val Max P-Miss: 0.5489 | Val Max Q-Miss: 0.4485 | Val Max Gen Viol: 0.7329 | Val Max Thermal: 0.0000
Epoch 5820 | Val Loss: 156.5544 | Val Cost:    0.00 | Val Max P-Miss: 0.5489 | Val Max Q-Miss: 0.4485 | Val Max Gen Viol: 0.7347 | Val Max Thermal: 0.0000
Epoch 5830 | Val Loss: 26.8659 | Val Cost:    0.00 | Val Max P-Miss: 0.5489 | Val Max Q-Miss: 0.4485 | Val Max Gen Viol: 0.7353 | Val Max Thermal: 0.0000
Epoch 5840 | Val Loss: 12.1198 | Val Cost:    0.00 | Val Max P-Miss: 0.5489 | Val Max Q-Miss: 0.4485 | Val Max Gen Viol: 0.7356 | Val Max Thermal: 0.0000
Epoch 5850 | Val Loss: 10.1742 | Val Cost:    0.00 | Val Max P-Miss: 0.5489 | Val Max Q-Miss: 0.4485 | Val Max Gen Viol: 0.7360 | Val Max Thermal: 0.0000
Epoch 5860 | Val Loss: 8.9569 | Val Cost:    0.00 | Val Max P-Miss: 0.5489 | Val Max Q-Miss: 0.4485 | Val Max Gen Viol: 0.7362 | Val Max Thermal: 0.0000
Epoch 5870 | Val Loss: 8.1660 | Val Cost:    0.00 | Val Max P-Miss: 0.5489 | Val Max Q-Miss: 0.4485 | Val Max Gen Viol: 0.7364 | Val Max Thermal: 0.0000
Epoch 5880 | Val Loss: 7.4397 | Val Cost:    0.00 | Val Max P-Miss: 0.5489 | Val Max Q-Miss: 0.4485 | Val Max Gen Viol: 0.7365 | Val Max Thermal: 0.0000
Epoch 5890 | Val Loss: 6.1892 | Val Cost:    0.00 | Val Max P-Miss: 0.5489 | Val Max Q-Miss: 0.4485 | Val Max Gen Viol: 0.7365 | Val Max Thermal: 0.0000
Epoch 5900 | Val Loss: 18.7119 | Val Cost:   -0.21 | Val Max P-Miss: 0.5489 | Val Max Q-Miss: 0.4486 | Val Max Gen Viol: 0.5796 | Val Max Thermal: 0.0000
Epoch 5910 | Val Loss: 30.3096 | Val Cost:    0.01 | Val Max P-Miss: 0.5930 | Val Max Q-Miss: 0.4485 | Val Max Gen Viol: 0.5173 | Val Max Thermal: 0.0000
Epoch 5920 | Val Loss: 10.8080 | Val Cost:   -0.01 | Val Max P-Miss: 0.5489 | Val Max Q-Miss: 0.4485 | Val Max Gen Viol: 0.5731 | Val Max Thermal: 0.0000
Epoch 5930 | Val Loss: 8.2263 | Val Cost:   -0.00 | Val Max P-Miss: 0.5489 | Val Max Q-Miss: 0.4485 | Val Max Gen Viol: 0.6099 | Val Max Thermal: 0.0000
Epoch 5940 | Val Loss: 7.5115 | Val Cost:    0.00 | Val Max P-Miss: 0.5489 | Val Max Q-Miss: 0.4485 | Val Max Gen Viol: 0.6421 | Val Max Thermal: 0.0000
Epoch 5950 | Val Loss: 6.8825 | Val Cost:    0.00 | Val Max P-Miss: 0.5489 | Val Max Q-Miss: 0.4485 | Val Max Gen Viol: 0.6689 | Val Max Thermal: 0.0000
Epoch 5960 | Val Loss: 6.2562 | Val Cost:    0.00 | Val Max P-Miss: 0.5489 | Val Max Q-Miss: 0.4485 | Val Max Gen Viol: 0.6900 | Val Max Thermal: 0.0000
Epoch 5970 | Val Loss: 5.8243 | Val Cost:    0.00 | Val Max P-Miss: 0.5489 | Val Max Q-Miss: 0.4485 | Val Max Gen Viol: 0.7059 | Val Max Thermal: 0.0000
Epoch 5980 | Val Loss: 16.7743 | Val Cost:    0.00 | Val Max P-Miss: 0.5489 | Val Max Q-Miss: 0.4485 | Val Max Gen Viol: 0.7169 | Val Max Thermal: 0.0000
Epoch 5990 | Val Loss: 9.1059 | Val Cost:    0.00 | Val Max P-Miss: 0.5489 | Val Max Q-Miss: 0.4485 | Val Max Gen Viol: 0.7238 | Val Max Thermal: 0.0000
Epoch 6000 | Val Loss: 7.8490 | Val Cost:    0.00 | Val Max P-Miss: 0.5489 | Val Max Q-Miss: 0.4485 | Val Max Gen Viol: 0.7280 | Val Max Thermal: 0.0000
Epoch 6010 | Val Loss: 6.9810 | Val Cost:    0.00 | Val Max P-Miss: 0.5489 | Val Max Q-Miss: 0.4485 | Val Max Gen Viol: 0.7311 | Val Max Thermal: 0.0000
Epoch 6020 | Val Loss: 6.4852 | Val Cost:    0.00 | Val Max P-Miss: 0.5489 | Val Max Q-Miss: 0.4485 | Val Max Gen Viol: 0.7332 | Val Max Thermal: 0.0000
Epoch 6030 | Val Loss: 6.2445 | Val Cost:    0.00 | Val Max P-Miss: 0.5489 | Val Max Q-Miss: 0.4485 | Val Max Gen Viol: 0.7346 | Val Max Thermal: 0.0000
Epoch 6040 | Val Loss: 5.7360 | Val Cost:    0.00 | Val Max P-Miss: 0.5489 | Val Max Q-Miss: 0.4485 | Val Max Gen Viol: 0.7354 | Val Max Thermal: 0.0000
Epoch 6050 | Val Loss: 5.5223 | Val Cost:    0.00 | Val Max P-Miss: 0.5489 | Val Max Q-Miss: 0.4485 | Val Max Gen Viol: 0.7359 | Val Max Thermal: 0.0000
Epoch 6060 | Val Loss: 23.1792 | Val Cost:    0.02 | Val Max P-Miss: 0.5489 | Val Max Q-Miss: 0.4485 | Val Max Gen Viol: 0.7361 | Val Max Thermal: 0.0000
Epoch 6070 | Val Loss: 121.5045 | Val Cost:   -0.06 | Val Max P-Miss: 0.5489 | Val Max Q-Miss: 0.4485 | Val Max Gen Viol: 0.7356 | Val Max Thermal: 0.0000
Epoch 6080 | Val Loss: 90.7150 | Val Cost:    0.01 | Val Max P-Miss: 0.5489 | Val Max Q-Miss: 0.4485 | Val Max Gen Viol: 0.7357 | Val Max Thermal: 0.0000
Epoch 6090 | Val Loss: 55.0599 | Val Cost:    0.01 | Val Max P-Miss: 0.5489 | Val Max Q-Miss: 0.4485 | Val Max Gen Viol: 0.7360 | Val Max Thermal: 0.0000
Epoch 6100 | Val Loss: 64.1442 | Val Cost:    0.00 | Val Max P-Miss: 0.5489 | Val Max Q-Miss: 0.4485 | Val Max Gen Viol: 0.7359 | Val Max Thermal: 0.0000
Epoch 6110 | Val Loss: 8.9338 | Val Cost:   -0.12 | Val Max P-Miss: 0.5489 | Val Max Q-Miss: 0.4485 | Val Max Gen Viol: 0.7349 | Val Max Thermal: 0.0000
Epoch 6120 | Val Loss: 8.7433 | Val Cost:    0.03 | Val Max P-Miss: 0.5489 | Val Max Q-Miss: 0.4485 | Val Max Gen Viol: 0.7355 | Val Max Thermal: 0.0000
Epoch 6130 | Val Loss: 8.1484 | Val Cost:    0.00 | Val Max P-Miss: 0.5489 | Val Max Q-Miss: 0.4485 | Val Max Gen Viol: 0.7361 | Val Max Thermal: 0.0000
Epoch 6140 | Val Loss: 7.8325 | Val Cost:    0.00 | Val Max P-Miss: 0.5489 | Val Max Q-Miss: 0.4485 | Val Max Gen Viol: 0.7363 | Val Max Thermal: 0.0000
Epoch 6150 | Val Loss: 7.7524 | Val Cost:    0.00 | Val Max P-Miss: 0.5489 | Val Max Q-Miss: 0.4485 | Val Max Gen Viol: 0.7364 | Val Max Thermal: 0.0000
Epoch 6160 | Val Loss: 143.8252 | Val Cost:   -0.02 | Val Max P-Miss: 0.5489 | Val Max Q-Miss: 0.4484 | Val Max Gen Viol: 0.7359 | Val Max Thermal: 0.0000
Epoch 6170 | Val Loss: 62.5995 | Val Cost:   -0.02 | Val Max P-Miss: 0.5489 | Val Max Q-Miss: 0.4485 | Val Max Gen Viol: 0.7243 | Val Max Thermal: 0.0000
Epoch 6180 | Val Loss: 95.7974 | Val Cost:    3.22 | Val Max P-Miss: 0.5489 | Val Max Q-Miss: 0.4453 | Val Max Gen Viol: 0.7134 | Val Max Thermal: 0.0000
Epoch 6190 | Val Loss: 9.5474 | Val Cost:    0.02 | Val Max P-Miss: 0.5489 | Val Max Q-Miss: 0.4485 | Val Max Gen Viol: 0.6174 | Val Max Thermal: 0.0000
Epoch 6200 | Val Loss: 8.3169 | Val Cost:    0.00 | Val Max P-Miss: 0.5489 | Val Max Q-Miss: 0.4485 | Val Max Gen Viol: 0.6690 | Val Max Thermal: 0.0000
Epoch 6210 | Val Loss: 7.3125 | Val Cost:    0.00 | Val Max P-Miss: 0.5489 | Val Max Q-Miss: 0.4485 | Val Max Gen Viol: 0.7015 | Val Max Thermal: 0.0000
Epoch 6220 | Val Loss: 6.3918 | Val Cost:    0.00 | Val Max P-Miss: 0.5489 | Val Max Q-Miss: 0.4485 | Val Max Gen Viol: 0.7197 | Val Max Thermal: 0.0000
Epoch 6230 | Val Loss: 6.0085 | Val Cost:    0.00 | Val Max P-Miss: 0.5489 | Val Max Q-Miss: 0.4485 | Val Max Gen Viol: 0.7291 | Val Max Thermal: 0.0000
Epoch 6240 | Val Loss: 5.7530 | Val Cost:    0.00 | Val Max P-Miss: 0.5489 | Val Max Q-Miss: 0.4485 | Val Max Gen Viol: 0.7335 | Val Max Thermal: 0.0000
Epoch 6250 | Val Loss: 5.5793 | Val Cost:    0.00 | Val Max P-Miss: 0.5489 | Val Max Q-Miss: 0.4485 | Val Max Gen Viol: 0.7354 | Val Max Thermal: 0.0000
Epoch 6260 | Val Loss: 5.4109 | Val Cost:    0.00 | Val Max P-Miss: 0.5489 | Val Max Q-Miss: 0.4485 | Val Max Gen Viol: 0.7361 | Val Max Thermal: 0.0000
Epoch 6270 | Val Loss: 54.9307 | Val Cost:    0.00 | Val Max P-Miss: 0.5489 | Val Max Q-Miss: 0.4485 | Val Max Gen Viol: 0.7364 | Val Max Thermal: 0.0000
Epoch 6280 | Val Loss: 37.6935 | Val Cost:   -0.03 | Val Max P-Miss: 0.5489 | Val Max Q-Miss: 0.4483 | Val Max Gen Viol: 0.6341 | Val Max Thermal: 0.0000
Epoch 6290 | Val Loss: 10.0678 | Val Cost:    0.00 | Val Max P-Miss: 0.5489 | Val Max Q-Miss: 0.4485 | Val Max Gen Viol: 0.6682 | Val Max Thermal: 0.0000
Epoch 6300 | Val Loss: 8.0449 | Val Cost:    0.00 | Val Max P-Miss: 0.5489 | Val Max Q-Miss: 0.4485 | Val Max Gen Viol: 0.7029 | Val Max Thermal: 0.0000
Epoch 6310 | Val Loss: 6.6301 | Val Cost:    0.00 | Val Max P-Miss: 0.5489 | Val Max Q-Miss: 0.4485 | Val Max Gen Viol: 0.7216 | Val Max Thermal: 0.0000
Epoch 6320 | Val Loss: 6.1732 | Val Cost:    0.00 | Val Max P-Miss: 0.5489 | Val Max Q-Miss: 0.4485 | Val Max Gen Viol: 0.7306 | Val Max Thermal: 0.0000
Epoch 6330 | Val Loss: 13.7857 | Val Cost:    0.00 | Val Max P-Miss: 0.5489 | Val Max Q-Miss: 0.4485 | Val Max Gen Viol: 0.7344 | Val Max Thermal: 0.0000
Epoch 6340 | Val Loss: 44.4414 | Val Cost:    0.00 | Val Max P-Miss: 0.5489 | Val Max Q-Miss: 0.4485 | Val Max Gen Viol: 0.7354 | Val Max Thermal: 0.0000
Epoch 6350 | Val Loss: 6.5859 | Val Cost:    0.00 | Val Max P-Miss: 0.5489 | Val Max Q-Miss: 0.4485 | Val Max Gen Viol: 0.7351 | Val Max Thermal: 0.0000
Epoch 6360 | Val Loss: 6.5076 | Val Cost:    0.00 | Val Max P-Miss: 0.5489 | Val Max Q-Miss: 0.4485 | Val Max Gen Viol: 0.7361 | Val Max Thermal: 0.0000
Epoch 6370 | Val Loss: 6.5217 | Val Cost:    0.00 | Val Max P-Miss: 0.5489 | Val Max Q-Miss: 0.4485 | Val Max Gen Viol: 0.7363 | Val Max Thermal: 0.0000
Epoch 6380 | Val Loss: 6.5297 | Val Cost:    0.00 | Val Max P-Miss: 0.5489 | Val Max Q-Miss: 0.4485 | Val Max Gen Viol: 0.7364 | Val Max Thermal: 0.0000
Epoch 6390 | Val Loss: 6.4076 | Val Cost:   -0.04 | Val Max P-Miss: 0.5489 | Val Max Q-Miss: 0.4485 | Val Max Gen Viol: 0.7364 | Val Max Thermal: 0.0000
Epoch 6400 | Val Loss: 65.2874 | Val Cost:    2.21 | Val Max P-Miss: 0.5489 | Val Max Q-Miss: 0.4464 | Val Max Gen Viol: 0.7243 | Val Max Thermal: 0.0000
Epoch 6410 | Val Loss: 91.4314 | Val Cost:    0.31 | Val Max P-Miss: 0.5489 | Val Max Q-Miss: 0.4484 | Val Max Gen Viol: 0.6663 | Val Max Thermal: 0.0000
Epoch 6420 | Val Loss: 57.7117 | Val Cost:    0.01 | Val Max P-Miss: 0.5489 | Val Max Q-Miss: 0.4485 | Val Max Gen Viol: 0.7162 | Val Max Thermal: 0.0000
Epoch 6430 | Val Loss: 138.4221 | Val Cost:   -0.00 | Val Max P-Miss: 0.5489 | Val Max Q-Miss: 0.4485 | Val Max Gen Viol: 0.7321 | Val Max Thermal: 0.0000
Epoch 6440 | Val Loss: 83.9632 | Val Cost:   -0.05 | Val Max P-Miss: 0.5489 | Val Max Q-Miss: 0.4484 | Val Max Gen Viol: 0.6629 | Val Max Thermal: 0.0000
Epoch 6450 | Val Loss: 6.3711 | Val Cost:   -0.02 | Val Max P-Miss: 0.6157 | Val Max Q-Miss: 0.4485 | Val Max Gen Viol: 0.4946 | Val Max Thermal: 0.0000
Epoch 6460 | Val Loss: 8.7897 | Val Cost:    0.00 | Val Max P-Miss: 0.5489 | Val Max Q-Miss: 0.4485 | Val Max Gen Viol: 0.5713 | Val Max Thermal: 0.0000
Epoch 6470 | Val Loss: 7.6385 | Val Cost:    0.00 | Val Max P-Miss: 0.5489 | Val Max Q-Miss: 0.4485 | Val Max Gen Viol: 0.6375 | Val Max Thermal: 0.0000
Epoch 6480 | Val Loss: 6.9190 | Val Cost:    0.00 | Val Max P-Miss: 0.5489 | Val Max Q-Miss: 0.4485 | Val Max Gen Viol: 0.6824 | Val Max Thermal: 0.0000
Epoch 6490 | Val Loss: 6.4472 | Val Cost:    0.00 | Val Max P-Miss: 0.5489 | Val Max Q-Miss: 0.4485 | Val Max Gen Viol: 0.7096 | Val Max Thermal: 0.0000
Epoch 6500 | Val Loss: 6.0651 | Val Cost:    0.00 | Val Max P-Miss: 0.5489 | Val Max Q-Miss: 0.4485 | Val Max Gen Viol: 0.7242 | Val Max Thermal: 0.0000
Epoch 6510 | Val Loss: 5.6118 | Val Cost:    0.00 | Val Max P-Miss: 0.5489 | Val Max Q-Miss: 0.4485 | Val Max Gen Viol: 0.7314 | Val Max Thermal: 0.0000
Epoch 6520 | Val Loss: 5.3406 | Val Cost:    0.00 | Val Max P-Miss: 0.5489 | Val Max Q-Miss: 0.4485 | Val Max Gen Viol: 0.7346 | Val Max Thermal: 0.0000
Epoch 6530 | Val Loss: 5.1015 | Val Cost:    0.00 | Val Max P-Miss: 0.5489 | Val Max Q-Miss: 0.4485 | Val Max Gen Viol: 0.7358 | Val Max Thermal: 0.0000
Epoch 6540 | Val Loss: 4.9198 | Val Cost:    0.00 | Val Max P-Miss: 0.5489 | Val Max Q-Miss: 0.4485 | Val Max Gen Viol: 0.7363 | Val Max Thermal: 0.0000
Epoch 6550 | Val Loss: 4.7888 | Val Cost:    0.00 | Val Max P-Miss: 0.5489 | Val Max Q-Miss: 0.4485 | Val Max Gen Viol: 0.7365 | Val Max Thermal: 0.0000 [*SAVED BEST*]
Epoch 6560 | Val Loss: 4.6863 | Val Cost:    0.00 | Val Max P-Miss: 0.5489 | Val Max Q-Miss: 0.4485 | Val Max Gen Viol: 0.7365 | Val Max Thermal: 0.0000 [*SAVED BEST*]
Epoch 6570 | Val Loss: 4.6604 | Val Cost:    0.00 | Val Max P-Miss: 0.5489 | Val Max Q-Miss: 0.4485 | Val Max Gen Viol: 0.7365 | Val Max Thermal: 0.0000 [*SAVED BEST*]
Epoch 6580 | Val Loss: 22.0346 | Val Cost:   -0.02 | Val Max P-Miss: 0.5489 | Val Max Q-Miss: 0.4485 | Val Max Gen Viol: 0.7365 | Val Max Thermal: 0.0000
Epoch 6590 | Val Loss: 12.4551 | Val Cost:    0.02 | Val Max P-Miss: 0.5489 | Val Max Q-Miss: 0.4485 | Val Max Gen Viol: 0.7100 | Val Max Thermal: 0.0000
Epoch 6600 | Val Loss: 8.4811 | Val Cost:    0.00 | Val Max P-Miss: 0.5489 | Val Max Q-Miss: 0.4485 | Val Max Gen Viol: 0.7233 | Val Max Thermal: 0.0000
Epoch 6610 | Val Loss: 7.2495 | Val Cost:    0.00 | Val Max P-Miss: 0.5489 | Val Max Q-Miss: 0.4485 | Val Max Gen Viol: 0.7317 | Val Max Thermal: 0.0000
Epoch 6620 | Val Loss: 6.2751 | Val Cost:    0.00 | Val Max P-Miss: 0.5489 | Val Max Q-Miss: 0.4485 | Val Max Gen Viol: 0.7350 | Val Max Thermal: 0.0000
Epoch 6630 | Val Loss: 5.4485 | Val Cost:    0.00 | Val Max P-Miss: 0.5489 | Val Max Q-Miss: 0.4485 | Val Max Gen Viol: 0.7361 | Val Max Thermal: 0.0000
Epoch 6640 | Val Loss: 4.9534 | Val Cost:    0.00 | Val Max P-Miss: 0.5489 | Val Max Q-Miss: 0.4485 | Val Max Gen Viol: 0.7364 | Val Max Thermal: 0.0000
Epoch 6650 | Val Loss: 168.0547 | Val Cost:   -0.61 | Val Max P-Miss: 0.5489 | Val Max Q-Miss: 0.4480 | Val Max Gen Viol: 0.7356 | Val Max Thermal: 0.0000
Epoch 6660 | Val Loss: 42.3522 | Val Cost:   -0.35 | Val Max P-Miss: 0.6643 | Val Max Q-Miss: 0.4489 | Val Max Gen Viol: 0.4460 | Val Max Thermal: 0.0000
Epoch 6670 | Val Loss: 12.1119 | Val Cost:    0.02 | Val Max P-Miss: 0.5756 | Val Max Q-Miss: 0.4485 | Val Max Gen Viol: 0.5347 | Val Max Thermal: 0.0000
Epoch 6680 | Val Loss: 7.5805 | Val Cost:    0.01 | Val Max P-Miss: 0.5489 | Val Max Q-Miss: 0.4485 | Val Max Gen Viol: 0.6110 | Val Max Thermal: 0.0000
Epoch 6690 | Val Loss: 6.9740 | Val Cost:    0.00 | Val Max P-Miss: 0.5489 | Val Max Q-Miss: 0.4485 | Val Max Gen Viol: 0.6634 | Val Max Thermal: 0.0000
Epoch 6700 | Val Loss: 9.1504 | Val Cost:    0.00 | Val Max P-Miss: 0.5489 | Val Max Q-Miss: 0.4485 | Val Max Gen Viol: 0.6971 | Val Max Thermal: 0.0000
Epoch 6710 | Val Loss: 130.9475 | Val Cost:   -0.09 | Val Max P-Miss: 0.5489 | Val Max Q-Miss: 0.4482 | Val Max Gen Viol: 0.7179 | Val Max Thermal: 0.0000
Epoch 6720 | Val Loss: 87.1602 | Val Cost:   -0.01 | Val Max P-Miss: 0.5489 | Val Max Q-Miss: 0.4485 | Val Max Gen Viol: 0.7261 | Val Max Thermal: 0.0000
Epoch 6730 | Val Loss: 59.3033 | Val Cost:    0.00 | Val Max P-Miss: 0.5489 | Val Max Q-Miss: 0.4485 | Val Max Gen Viol: 0.7315 | Val Max Thermal: 0.0000
Epoch 6740 | Val Loss: 117.0682 | Val Cost:   -0.00 | Val Max P-Miss: 0.5489 | Val Max Q-Miss: 0.4485 | Val Max Gen Viol: 0.7345 | Val Max Thermal: 0.0000
Epoch 6750 | Val Loss: 37.2990 | Val Cost:   -0.01 | Val Max P-Miss: 0.5489 | Val Max Q-Miss: 0.4485 | Val Max Gen Viol: 0.7339 | Val Max Thermal: 0.0000
Epoch 6760 | Val Loss: 13.5205 | Val Cost:    0.41 | Val Max P-Miss: 0.5489 | Val Max Q-Miss: 0.4484 | Val Max Gen Viol: 0.7156 | Val Max Thermal: 0.0000
Epoch 6770 | Val Loss: 8.1980 | Val Cost:   -0.03 | Val Max P-Miss: 0.5489 | Val Max Q-Miss: 0.4485 | Val Max Gen Viol: 0.7251 | Val Max Thermal: 0.0000
Epoch 6780 | Val Loss: 7.5998 | Val Cost:    0.00 | Val Max P-Miss: 0.5489 | Val Max Q-Miss: 0.4485 | Val Max Gen Viol: 0.7313 | Val Max Thermal: 0.0000
Epoch 6790 | Val Loss: 7.1023 | Val Cost:    0.00 | Val Max P-Miss: 0.5489 | Val Max Q-Miss: 0.4485 | Val Max Gen Viol: 0.7344 | Val Max Thermal: 0.0000
Epoch 6800 | Val Loss: 6.6506 | Val Cost:    0.00 | Val Max P-Miss: 0.5489 | Val Max Q-Miss: 0.4485 | Val Max Gen Viol: 0.7358 | Val Max Thermal: 0.0000
Epoch 6810 | Val Loss: 6.3843 | Val Cost:    0.00 | Val Max P-Miss: 0.5489 | Val Max Q-Miss: 0.4485 | Val Max Gen Viol: 0.7363 | Val Max Thermal: 0.0000
Epoch 6820 | Val Loss: 6.1968 | Val Cost:    0.00 | Val Max P-Miss: 0.5489 | Val Max Q-Miss: 0.4485 | Val Max Gen Viol: 0.7365 | Val Max Thermal: 0.0000
Epoch 6830 | Val Loss: 5.9751 | Val Cost:    0.00 | Val Max P-Miss: 0.5489 | Val Max Q-Miss: 0.4485 | Val Max Gen Viol: 0.7365 | Val Max Thermal: 0.0000
Epoch 6840 | Val Loss: 5.7095 | Val Cost:    0.00 | Val Max P-Miss: 0.5489 | Val Max Q-Miss: 0.4485 | Val Max Gen Viol: 0.7365 | Val Max Thermal: 0.0000
Epoch 6850 | Val Loss: 5.2752 | Val Cost:    0.00 | Val Max P-Miss: 0.5489 | Val Max Q-Miss: 0.4485 | Val Max Gen Viol: 0.7365 | Val Max Thermal: 0.0000
Epoch 6860 | Val Loss: 101.9932 | Val Cost:   -0.40 | Val Max P-Miss: 0.6738 | Val Max Q-Miss: 0.4490 | Val Max Gen Viol: 0.4364 | Val Max Thermal: 0.0000
Epoch 6870 | Val Loss: 21.4347 | Val Cost:   -0.00 | Val Max P-Miss: 0.6901 | Val Max Q-Miss: 0.4485 | Val Max Gen Viol: 0.4202 | Val Max Thermal: 0.0000
Epoch 6880 | Val Loss: 10.4778 | Val Cost:    0.00 | Val Max P-Miss: 0.6663 | Val Max Q-Miss: 0.4485 | Val Max Gen Viol: 0.4440 | Val Max Thermal: 0.0000
Epoch 6890 | Val Loss: 8.4670 | Val Cost:    0.00 | Val Max P-Miss: 0.6410 | Val Max Q-Miss: 0.4485 | Val Max Gen Viol: 0.4693 | Val Max Thermal: 0.0000
Epoch 6900 | Val Loss: 7.5069 | Val Cost:    0.00 | Val Max P-Miss: 0.6144 | Val Max Q-Miss: 0.4485 | Val Max Gen Viol: 0.4958 | Val Max Thermal: 0.0000
Epoch 6910 | Val Loss: 6.7938 | Val Cost:    0.00 | Val Max P-Miss: 0.5873 | Val Max Q-Miss: 0.4485 | Val Max Gen Viol: 0.5229 | Val Max Thermal: 0.0000
Epoch 6920 | Val Loss: 6.2493 | Val Cost:    0.00 | Val Max P-Miss: 0.5602 | Val Max Q-Miss: 0.4485 | Val Max Gen Viol: 0.5501 | Val Max Thermal: 0.0000
Epoch 6930 | Val Loss: 5.7673 | Val Cost:    0.00 | Val Max P-Miss: 0.5489 | Val Max Q-Miss: 0.4485 | Val Max Gen Viol: 0.5767 | Val Max Thermal: 0.0000
Epoch 6940 | Val Loss: 5.3771 | Val Cost:    0.00 | Val Max P-Miss: 0.5489 | Val Max Q-Miss: 0.4485 | Val Max Gen Viol: 0.6023 | Val Max Thermal: 0.0000
Epoch 6950 | Val Loss: 4.2854 | Val Cost:    0.00 | Val Max P-Miss: 0.5489 | Val Max Q-Miss: 0.4485 | Val Max Gen Viol: 0.6265 | Val Max Thermal: 0.0000 [*SAVED BEST*]
Epoch 6960 | Val Loss: 13.7398 | Val Cost:   -0.05 | Val Max P-Miss: 0.5489 | Val Max Q-Miss: 0.4485 | Val Max Gen Viol: 0.6427 | Val Max Thermal: 0.0000
Epoch 6970 | Val Loss: 23.8923 | Val Cost:    0.02 | Val Max P-Miss: 0.5489 | Val Max Q-Miss: 0.4486 | Val Max Gen Viol: 0.6547 | Val Max Thermal: 0.0000
Epoch 6980 | Val Loss: 11.1580 | Val Cost:   -0.00 | Val Max P-Miss: 0.5489 | Val Max Q-Miss: 0.4485 | Val Max Gen Viol: 0.6661 | Val Max Thermal: 0.0000
Epoch 6990 | Val Loss: 11.5176 | Val Cost:    0.00 | Val Max P-Miss: 0.5489 | Val Max Q-Miss: 0.4485 | Val Max Gen Viol: 0.6768 | Val Max Thermal: 0.0000
Epoch 7000 | Val Loss: 23.0354 | Val Cost:   -0.06 | Val Max P-Miss: 0.5489 | Val Max Q-Miss: 0.4485 | Val Max Gen Viol: 0.6868 | Val Max Thermal: 0.0000
Epoch 7010 | Val Loss: 14.0561 | Val Cost:   -0.24 | Val Max P-Miss: 0.5489 | Val Max Q-Miss: 0.4489 | Val Max Gen Viol: 0.6951 | Val Max Thermal: 0.0000
Epoch 7020 | Val Loss: 161.5671 | Val Cost:    0.28 | Val Max P-Miss: 0.5489 | Val Max Q-Miss: 0.4485 | Val Max Gen Viol: 0.7013 | Val Max Thermal: 0.0000
Epoch 7030 | Val Loss: 8.3615 | Val Cost:   -0.05 | Val Max P-Miss: 0.5489 | Val Max Q-Miss: 0.4485 | Val Max Gen Viol: 0.7061 | Val Max Thermal: 0.0000
Epoch 7040 | Val Loss: 13.2727 | Val Cost:    0.01 | Val Max P-Miss: 0.5489 | Val Max Q-Miss: 0.4485 | Val Max Gen Viol: 0.7114 | Val Max Thermal: 0.0000
Epoch 7050 | Val Loss: 138.1349 | Val Cost:   -0.00 | Val Max P-Miss: 0.5489 | Val Max Q-Miss: 0.4485 | Val Max Gen Viol: 0.7169 | Val Max Thermal: 0.0000
Epoch 7060 | Val Loss: 6.1441 | Val Cost:    0.00 | Val Max P-Miss: 0.5489 | Val Max Q-Miss: 0.4485 | Val Max Gen Viol: 0.7210 | Val Max Thermal: 0.0000
Epoch 7070 | Val Loss: 99.4777 | Val Cost:   -0.20 | Val Max P-Miss: 0.5489 | Val Max Q-Miss: 0.4485 | Val Max Gen Viol: 0.7249 | Val Max Thermal: 0.0000
Epoch 7080 | Val Loss: 51.7590 | Val Cost:   -0.00 | Val Max P-Miss: 0.5489 | Val Max Q-Miss: 0.4485 | Val Max Gen Viol: 0.7283 | Val Max Thermal: 0.0000
Epoch 7090 | Val Loss: 48.1002 | Val Cost:    0.14 | Val Max P-Miss: 0.5489 | Val Max Q-Miss: 0.4485 | Val Max Gen Viol: 0.7307 | Val Max Thermal: 0.0000
Epoch 7100 | Val Loss: 10.0851 | Val Cost:   -0.67 | Val Max P-Miss: 0.5489 | Val Max Q-Miss: 0.4506 | Val Max Gen Viol: 0.7238 | Val Max Thermal: 0.0000
Epoch 7110 | Val Loss: 8.8407 | Val Cost:   -0.07 | Val Max P-Miss: 0.5489 | Val Max Q-Miss: 0.4485 | Val Max Gen Viol: 0.7230 | Val Max Thermal: 0.0000
Epoch 7120 | Val Loss: 7.6925 | Val Cost:    0.00 | Val Max P-Miss: 0.5489 | Val Max Q-Miss: 0.4485 | Val Max Gen Viol: 0.7263 | Val Max Thermal: 0.0000
Epoch 7130 | Val Loss: 6.9132 | Val Cost:    0.00 | Val Max P-Miss: 0.5489 | Val Max Q-Miss: 0.4485 | Val Max Gen Viol: 0.7291 | Val Max Thermal: 0.0000
Epoch 7140 | Val Loss: 6.3983 | Val Cost:    0.00 | Val Max P-Miss: 0.5489 | Val Max Q-Miss: 0.4485 | Val Max Gen Viol: 0.7313 | Val Max Thermal: 0.0000
Epoch 7150 | Val Loss: 6.0540 | Val Cost:    0.00 | Val Max P-Miss: 0.5489 | Val Max Q-Miss: 0.4485 | Val Max Gen Viol: 0.7330 | Val Max Thermal: 0.0000
Epoch 7160 | Val Loss: 5.8348 | Val Cost:    0.00 | Val Max P-Miss: 0.5489 | Val Max Q-Miss: 0.4485 | Val Max Gen Viol: 0.7342 | Val Max Thermal: 0.0000
Epoch 7170 | Val Loss: 5.8129 | Val Cost:    0.00 | Val Max P-Miss: 0.5489 | Val Max Q-Miss: 0.4485 | Val Max Gen Viol: 0.7351 | Val Max Thermal: 0.0000
Epoch 7180 | Val Loss: 5.7174 | Val Cost:    0.00 | Val Max P-Miss: 0.5489 | Val Max Q-Miss: 0.4485 | Val Max Gen Viol: 0.7356 | Val Max Thermal: 0.0000
Epoch 7190 | Val Loss: 6.2149 | Val Cost:    0.00 | Val Max P-Miss: 0.5489 | Val Max Q-Miss: 0.4485 | Val Max Gen Viol: 0.7360 | Val Max Thermal: 0.0000
Epoch 7200 | Val Loss: 5.5474 | Val Cost:    0.00 | Val Max P-Miss: 0.5489 | Val Max Q-Miss: 0.4485 | Val Max Gen Viol: 0.7362 | Val Max Thermal: 0.0000
Epoch 7210 | Val Loss: 4.9864 | Val Cost:    0.00 | Val Max P-Miss: 0.5489 | Val Max Q-Miss: 0.4485 | Val Max Gen Viol: 0.7362 | Val Max Thermal: 0.0000
Epoch 7220 | Val Loss: 4.8624 | Val Cost:    0.00 | Val Max P-Miss: 0.5489 | Val Max Q-Miss: 0.4485 | Val Max Gen Viol: 0.7363 | Val Max Thermal: 0.0000
Epoch 7230 | Val Loss: 23.6335 | Val Cost:    0.00 | Val Max P-Miss: 0.5489 | Val Max Q-Miss: 0.4485 | Val Max Gen Viol: 0.7364 | Val Max Thermal: 0.0000
Epoch 7240 | Val Loss: 37.3022 | Val Cost:   -0.05 | Val Max P-Miss: 0.5489 | Val Max Q-Miss: 0.4505 | Val Max Gen Viol: 0.7377 | Val Max Thermal: 0.0000
Epoch 7250 | Val Loss: 31.1924 | Val Cost:   -0.03 | Val Max P-Miss: 0.5489 | Val Max Q-Miss: 0.4484 | Val Max Gen Viol: 0.6318 | Val Max Thermal: 0.0000
Epoch 7260 | Val Loss: 10.2492 | Val Cost:   -0.00 | Val Max P-Miss: 0.5489 | Val Max Q-Miss: 0.4485 | Val Max Gen Viol: 0.6162 | Val Max Thermal: 0.0000
Epoch 7270 | Val Loss: 8.9660 | Val Cost:    0.00 | Val Max P-Miss: 0.5489 | Val Max Q-Miss: 0.4485 | Val Max Gen Viol: 0.6407 | Val Max Thermal: 0.0000
Epoch 7280 | Val Loss: 7.7583 | Val Cost:    0.00 | Val Max P-Miss: 0.5489 | Val Max Q-Miss: 0.4485 | Val Max Gen Viol: 0.6632 | Val Max Thermal: 0.0000
Epoch 7290 | Val Loss: 7.1789 | Val Cost:    0.00 | Val Max P-Miss: 0.5489 | Val Max Q-Miss: 0.4485 | Val Max Gen Viol: 0.6826 | Val Max Thermal: 0.0000
Epoch 7300 | Val Loss: 6.8465 | Val Cost:    0.00 | Val Max P-Miss: 0.5489 | Val Max Q-Miss: 0.4485 | Val Max Gen Viol: 0.6984 | Val Max Thermal: 0.0000
Epoch 7310 | Val Loss: 6.3733 | Val Cost:    0.00 | Val Max P-Miss: 0.5489 | Val Max Q-Miss: 0.4485 | Val Max Gen Viol: 0.7106 | Val Max Thermal: 0.0000
Epoch 7320 | Val Loss: 5.1501 | Val Cost:    0.00 | Val Max P-Miss: 0.5489 | Val Max Q-Miss: 0.4485 | Val Max Gen Viol: 0.7195 | Val Max Thermal: 0.0000
Epoch 7330 | Val Loss: 4.7242 | Val Cost:    0.00 | Val Max P-Miss: 0.5489 | Val Max Q-Miss: 0.4485 | Val Max Gen Viol: 0.7258 | Val Max Thermal: 0.0000
Epoch 7340 | Val Loss: 5.5761 | Val Cost:    0.00 | Val Max P-Miss: 0.5489 | Val Max Q-Miss: 0.4485 | Val Max Gen Viol: 0.7300 | Val Max Thermal: 0.0000
Epoch 7350 | Val Loss: 25.0693 | Val Cost:   -0.02 | Val Max P-Miss: 0.5489 | Val Max Q-Miss: 0.4487 | Val Max Gen Viol: 0.7332 | Val Max Thermal: 0.0000
Epoch 7360 | Val Loss: 103.8358 | Val Cost:   -0.00 | Val Max P-Miss: 0.5489 | Val Max Q-Miss: 0.4485 | Val Max Gen Viol: 0.7338 | Val Max Thermal: 0.0000
Epoch 7370 | Val Loss: 62.1769 | Val Cost:    0.00 | Val Max P-Miss: 0.5489 | Val Max Q-Miss: 0.4485 | Val Max Gen Viol: 0.7346 | Val Max Thermal: 0.0000
Epoch 7380 | Val Loss: 50.2604 | Val Cost:    0.00 | Val Max P-Miss: 0.5489 | Val Max Q-Miss: 0.4485 | Val Max Gen Viol: 0.7351 | Val Max Thermal: 0.0000
Epoch 7390 | Val Loss: 7.3043 | Val Cost:   -0.22 | Val Max P-Miss: 0.5489 | Val Max Q-Miss: 0.4486 | Val Max Gen Viol: 0.7336 | Val Max Thermal: 0.0000
Epoch 7400 | Val Loss: 9.1335 | Val Cost:    0.02 | Val Max P-Miss: 0.5489 | Val Max Q-Miss: 0.4485 | Val Max Gen Viol: 0.7340 | Val Max Thermal: 0.0000
Epoch 7410 | Val Loss: 7.3160 | Val Cost:    0.00 | Val Max P-Miss: 0.5489 | Val Max Q-Miss: 0.4485 | Val Max Gen Viol: 0.7349 | Val Max Thermal: 0.0000
Epoch 7420 | Val Loss: 6.4209 | Val Cost:    0.00 | Val Max P-Miss: 0.5489 | Val Max Q-Miss: 0.4485 | Val Max Gen Viol: 0.7356 | Val Max Thermal: 0.0000
Epoch 7430 | Val Loss: 5.7729 | Val Cost:    0.00 | Val Max P-Miss: 0.5489 | Val Max Q-Miss: 0.4485 | Val Max Gen Viol: 0.7360 | Val Max Thermal: 0.0000
Epoch 7440 | Val Loss: 5.2870 | Val Cost:    0.00 | Val Max P-Miss: 0.5489 | Val Max Q-Miss: 0.4485 | Val Max Gen Viol: 0.7363 | Val Max Thermal: 0.0000
Epoch 7450 | Val Loss: 5.1604 | Val Cost:    0.00 | Val Max P-Miss: 0.5489 | Val Max Q-Miss: 0.4485 | Val Max Gen Viol: 0.7364 | Val Max Thermal: 0.0000
Epoch 7460 | Val Loss: 4.8910 | Val Cost:    0.00 | Val Max P-Miss: 0.5489 | Val Max Q-Miss: 0.4485 | Val Max Gen Viol: 0.7365 | Val Max Thermal: 0.0000
Epoch 7470 | Val Loss: 4.6791 | Val Cost:    0.00 | Val Max P-Miss: 0.5489 | Val Max Q-Miss: 0.4485 | Val Max Gen Viol: 0.7365 | Val Max Thermal: 0.0000
Epoch 7480 | Val Loss: 4.5305 | Val Cost:    0.00 | Val Max P-Miss: 0.5489 | Val Max Q-Miss: 0.4485 | Val Max Gen Viol: 0.7365 | Val Max Thermal: 0.0000
Epoch 7490 | Val Loss: 6.7919 | Val Cost:    0.00 | Val Max P-Miss: 0.5489 | Val Max Q-Miss: 0.4485 | Val Max Gen Viol: 0.7365 | Val Max Thermal: 0.0000
Epoch 7500 | Val Loss: 12.2904 | Val Cost:   -0.00 | Val Max P-Miss: 0.5489 | Val Max Q-Miss: 0.4485 | Val Max Gen Viol: 0.7361 | Val Max Thermal: 0.0000
Epoch 7510 | Val Loss: 11.7892 | Val Cost:    0.00 | Val Max P-Miss: 0.5489 | Val Max Q-Miss: 0.4485 | Val Max Gen Viol: 0.7362 | Val Max Thermal: 0.0000
Epoch 7520 | Val Loss: 10.3857 | Val Cost:    0.00 | Val Max P-Miss: 0.5489 | Val Max Q-Miss: 0.4485 | Val Max Gen Viol: 0.7364 | Val Max Thermal: 0.0000
Epoch 7530 | Val Loss: 8.9798 | Val Cost:    0.00 | Val Max P-Miss: 0.5489 | Val Max Q-Miss: 0.4485 | Val Max Gen Viol: 0.7365 | Val Max Thermal: 0.0000
Epoch 7540 | Val Loss: 8.2372 | Val Cost:    0.56 | Val Max P-Miss: 0.5489 | Val Max Q-Miss: 0.4484 | Val Max Gen Viol: 0.7362 | Val Max Thermal: 0.0000
Epoch 7550 | Val Loss: 8.0005 | Val Cost:    0.00 | Val Max P-Miss: 0.5489 | Val Max Q-Miss: 0.4485 | Val Max Gen Viol: 0.7362 | Val Max Thermal: 0.0000
Epoch 7560 | Val Loss: 6.7321 | Val Cost:    0.00 | Val Max P-Miss: 0.5489 | Val Max Q-Miss: 0.4485 | Val Max Gen Viol: 0.7364 | Val Max Thermal: 0.0000
Epoch 7570 | Val Loss: 6.5422 | Val Cost:    0.00 | Val Max P-Miss: 0.5489 | Val Max Q-Miss: 0.4485 | Val Max Gen Viol: 0.7365 | Val Max Thermal: 0.0000
Epoch 7580 | Val Loss: 617.3976 | Val Cost:    0.02 | Val Max P-Miss: 0.5489 | Val Max Q-Miss: 0.4485 | Val Max Gen Viol: 0.7284 | Val Max Thermal: 0.0000
Epoch 7590 | Val Loss: 95.2844 | Val Cost:   -0.02 | Val Max P-Miss: 0.6275 | Val Max Q-Miss: 0.4485 | Val Max Gen Viol: 0.4828 | Val Max Thermal: 0.0000
Epoch 7600 | Val Loss: 55.8110 | Val Cost:    0.01 | Val Max P-Miss: 0.5550 | Val Max Q-Miss: 0.4485 | Val Max Gen Viol: 0.5553 | Val Max Thermal: 0.0000
Epoch 7610 | Val Loss: 41.3868 | Val Cost:    0.00 | Val Max P-Miss: 0.5489 | Val Max Q-Miss: 0.4485 | Val Max Gen Viol: 0.6175 | Val Max Thermal: 0.0000
Epoch 7620 | Val Loss: 23.6442 | Val Cost:   -0.27 | Val Max P-Miss: 0.5489 | Val Max Q-Miss: 0.4486 | Val Max Gen Viol: 0.6659 | Val Max Thermal: 0.0000
Epoch 7630 | Val Loss: 10.6335 | Val Cost:    0.10 | Val Max P-Miss: 0.5489 | Val Max Q-Miss: 0.4477 | Val Max Gen Viol: 0.6917 | Val Max Thermal: 0.0000
Epoch 7640 | Val Loss: 5.9419 | Val Cost:    0.00 | Val Max P-Miss: 0.5489 | Val Max Q-Miss: 0.4485 | Val Max Gen Viol: 0.7073 | Val Max Thermal: 0.0000
Epoch 7650 | Val Loss: 5.3406 | Val Cost:    0.00 | Val Max P-Miss: 0.5489 | Val Max Q-Miss: 0.4485 | Val Max Gen Viol: 0.7175 | Val Max Thermal: 0.0000
Epoch 7660 | Val Loss: 9.3066 | Val Cost:    0.00 | Val Max P-Miss: 0.5489 | Val Max Q-Miss: 0.4485 | Val Max Gen Viol: 0.7247 | Val Max Thermal: 0.0000
Epoch 7670 | Val Loss: 4.8775 | Val Cost:    0.00 | Val Max P-Miss: 0.5489 | Val Max Q-Miss: 0.4485 | Val Max Gen Viol: 0.7284 | Val Max Thermal: 0.0000
Epoch 7680 | Val Loss: 4.9241 | Val Cost:    0.00 | Val Max P-Miss: 0.5489 | Val Max Q-Miss: 0.4485 | Val Max Gen Viol: 0.7311 | Val Max Thermal: 0.0000
Epoch 7690 | Val Loss: 8.7762 | Val Cost:    0.00 | Val Max P-Miss: 0.5489 | Val Max Q-Miss: 0.4485 | Val Max Gen Viol: 0.7329 | Val Max Thermal: 0.0000
Epoch 7700 | Val Loss: 6.7165 | Val Cost:    0.00 | Val Max P-Miss: 0.5489 | Val Max Q-Miss: 0.4485 | Val Max Gen Viol: 0.7343 | Val Max Thermal: 0.0000
Epoch 7710 | Val Loss: 6.0058 | Val Cost:    0.00 | Val Max P-Miss: 0.5489 | Val Max Q-Miss: 0.4485 | Val Max Gen Viol: 0.7352 | Val Max Thermal: 0.0000
Epoch 7720 | Val Loss: 5.4462 | Val Cost:    0.00 | Val Max P-Miss: 0.5489 | Val Max Q-Miss: 0.4485 | Val Max Gen Viol: 0.7358 | Val Max Thermal: 0.0000
Epoch 7730 | Val Loss: 5.0721 | Val Cost:    0.00 | Val Max P-Miss: 0.5489 | Val Max Q-Miss: 0.4485 | Val Max Gen Viol: 0.7361 | Val Max Thermal: 0.0000
Epoch 7740 | Val Loss: 4.8250 | Val Cost:    0.00 | Val Max P-Miss: 0.5489 | Val Max Q-Miss: 0.4485 | Val Max Gen Viol: 0.7363 | Val Max Thermal: 0.0000
Epoch 7750 | Val Loss: 4.6392 | Val Cost:    0.00 | Val Max P-Miss: 0.5489 | Val Max Q-Miss: 0.4485 | Val Max Gen Viol: 0.7364 | Val Max Thermal: 0.0000
Epoch 7760 | Val Loss: 4.4871 | Val Cost:    0.00 | Val Max P-Miss: 0.5489 | Val Max Q-Miss: 0.4485 | Val Max Gen Viol: 0.7364 | Val Max Thermal: 0.0000
Epoch 7770 | Val Loss: 4.2746 | Val Cost:    0.00 | Val Max P-Miss: 0.5489 | Val Max Q-Miss: 0.4485 | Val Max Gen Viol: 0.7364 | Val Max Thermal: 0.0000 [*SAVED BEST*]
Epoch 7780 | Val Loss: 9.7687 | Val Cost:    0.00 | Val Max P-Miss: 0.5489 | Val Max Q-Miss: 0.4485 | Val Max Gen Viol: 0.7365 | Val Max Thermal: 0.0000
Epoch 7790 | Val Loss: 75.4685 | Val Cost:    0.05 | Val Max P-Miss: 0.5489 | Val Max Q-Miss: 0.4484 | Val Max Gen Viol: 0.7348 | Val Max Thermal: 0.0000
Epoch 7800 | Val Loss: 54.6888 | Val Cost:    0.00 | Val Max P-Miss: 0.5489 | Val Max Q-Miss: 0.4485 | Val Max Gen Viol: 0.7339 | Val Max Thermal: 0.0000
Epoch 7810 | Val Loss: 37.1130 | Val Cost:   -0.01 | Val Max P-Miss: 0.5489 | Val Max Q-Miss: 0.4485 | Val Max Gen Viol: 0.7353 | Val Max Thermal: 0.0000
Epoch 7820 | Val Loss: 62.7916 | Val Cost:    0.23 | Val Max P-Miss: 0.5489 | Val Max Q-Miss: 0.4491 | Val Max Gen Viol: 0.7314 | Val Max Thermal: 0.0000
Epoch 7830 | Val Loss: 6.9258 | Val Cost:   -0.00 | Val Max P-Miss: 0.5489 | Val Max Q-Miss: 0.4485 | Val Max Gen Viol: 0.7301 | Val Max Thermal: 0.0000
Epoch 7840 | Val Loss: 6.6923 | Val Cost:    0.00 | Val Max P-Miss: 0.5489 | Val Max Q-Miss: 0.4485 | Val Max Gen Viol: 0.7334 | Val Max Thermal: 0.0000
Epoch 7850 | Val Loss: 6.2473 | Val Cost:    0.00 | Val Max P-Miss: 0.5489 | Val Max Q-Miss: 0.4485 | Val Max Gen Viol: 0.7352 | Val Max Thermal: 0.0000
Epoch 7860 | Val Loss: 6.0214 | Val Cost:    0.00 | Val Max P-Miss: 0.5489 | Val Max Q-Miss: 0.4485 | Val Max Gen Viol: 0.7360 | Val Max Thermal: 0.0000
Epoch 7870 | Val Loss: 5.9427 | Val Cost:    0.00 | Val Max P-Miss: 0.5489 | Val Max Q-Miss: 0.4485 | Val Max Gen Viol: 0.7364 | Val Max Thermal: 0.0000
Epoch 7880 | Val Loss: 15.1447 | Val Cost:    0.00 | Val Max P-Miss: 0.5489 | Val Max Q-Miss: 0.4485 | Val Max Gen Viol: 0.7364 | Val Max Thermal: 0.0000
Epoch 7890 | Val Loss: 7.5423 | Val Cost:   -0.30 | Val Max P-Miss: 0.5489 | Val Max Q-Miss: 0.4486 | Val Max Gen Viol: 0.7207 | Val Max Thermal: 0.0000
Epoch 7900 | Val Loss: 4.4286 | Val Cost:   -0.29 | Val Max P-Miss: 0.5489 | Val Max Q-Miss: 0.4486 | Val Max Gen Viol: 0.7316 | Val Max Thermal: 0.0000
Epoch 7910 | Val Loss: 4.3261 | Val Cost:   -0.15 | Val Max P-Miss: 0.5489 | Val Max Q-Miss: 0.4485 | Val Max Gen Viol: 0.7352 | Val Max Thermal: 0.0000
Epoch 7920 | Val Loss: 4.2831 | Val Cost:   -0.09 | Val Max P-Miss: 0.5489 | Val Max Q-Miss: 0.4485 | Val Max Gen Viol: 0.7362 | Val Max Thermal: 0.0000
Epoch 7930 | Val Loss: 4.3065 | Val Cost:    0.00 | Val Max P-Miss: 0.5489 | Val Max Q-Miss: 0.4485 | Val Max Gen Viol: 0.7364 | Val Max Thermal: 0.0000
Epoch 7940 | Val Loss: 4.3502 | Val Cost:    0.00 | Val Max P-Miss: 0.5489 | Val Max Q-Miss: 0.4485 | Val Max Gen Viol: 0.7365 | Val Max Thermal: 0.0000
Epoch 7950 | Val Loss: 4.3719 | Val Cost:    0.00 | Val Max P-Miss: 0.5489 | Val Max Q-Miss: 0.4485 | Val Max Gen Viol: 0.7365 | Val Max Thermal: 0.0000
Epoch 7960 | Val Loss: 5.1967 | Val Cost:    0.00 | Val Max P-Miss: 0.5489 | Val Max Q-Miss: 0.4485 | Val Max Gen Viol: 0.7365 | Val Max Thermal: 0.0000
Epoch 7970 | Val Loss: 98.9727 | Val Cost:   -0.04 | Val Max P-Miss: 0.5489 | Val Max Q-Miss: 0.4484 | Val Max Gen Viol: 0.7362 | Val Max Thermal: 0.0000
Epoch 7980 | Val Loss: 13.7440 | Val Cost:    0.01 | Val Max P-Miss: 0.5489 | Val Max Q-Miss: 0.4485 | Val Max Gen Viol: 0.7360 | Val Max Thermal: 0.0000
Epoch 7990 | Val Loss: 7.8136 | Val Cost:    0.00 | Val Max P-Miss: 0.5489 | Val Max Q-Miss: 0.4485 | Val Max Gen Viol: 0.7363 | Val Max Thermal: 0.0000
Epoch 8000 | Val Loss: 6.7968 | Val Cost:    0.00 | Val Max P-Miss: 0.5489 | Val Max Q-Miss: 0.4485 | Val Max Gen Viol: 0.7365 | Val Max Thermal: 0.0000
Epoch 8010 | Val Loss: 6.0911 | Val Cost:    0.00 | Val Max P-Miss: 0.5489 | Val Max Q-Miss: 0.4485 | Val Max Gen Viol: 0.7365 | Val Max Thermal: 0.0000
Epoch 8020 | Val Loss: 5.6426 | Val Cost:    0.00 | Val Max P-Miss: 0.5489 | Val Max Q-Miss: 0.4485 | Val Max Gen Viol: 0.7365 | Val Max Thermal: 0.0000
Epoch 8030 | Val Loss: 5.6703 | Val Cost:    0.00 | Val Max P-Miss: 0.5489 | Val Max Q-Miss: 0.4485 | Val Max Gen Viol: 0.7176 | Val Max Thermal: 0.0000
Epoch 8040 | Val Loss: 23.1331 | Val Cost:    0.00 | Val Max P-Miss: 0.5489 | Val Max Q-Miss: 0.4485 | Val Max Gen Viol: 0.7166 | Val Max Thermal: 0.0000
Epoch 8050 | Val Loss: 204.6468 | Val Cost:   -0.08 | Val Max P-Miss: 0.7409 | Val Max Q-Miss: 0.4455 | Val Max Gen Viol: 0.3693 | Val Max Thermal: 0.0000
Epoch 8060 | Val Loss: 64.1684 | Val Cost:   -0.02 | Val Max P-Miss: 0.7879 | Val Max Q-Miss: 0.4485 | Val Max Gen Viol: 0.3224 | Val Max Thermal: 0.0000
Epoch 8070 | Val Loss: 44.5620 | Val Cost:    0.00 | Val Max P-Miss: 0.7162 | Val Max Q-Miss: 0.4485 | Val Max Gen Viol: 0.3941 | Val Max Thermal: 0.0000
Epoch 8080 | Val Loss: 26.4012 | Val Cost:    0.03 | Val Max P-Miss: 0.6413 | Val Max Q-Miss: 0.4485 | Val Max Gen Viol: 0.4690 | Val Max Thermal: 0.0000
Epoch 8090 | Val Loss: 5.6222 | Val Cost:   -0.03 | Val Max P-Miss: 0.5884 | Val Max Q-Miss: 0.4485 | Val Max Gen Viol: 0.5219 | Val Max Thermal: 0.0000
Epoch 8100 | Val Loss: 9.4026 | Val Cost:    0.01 | Val Max P-Miss: 0.5489 | Val Max Q-Miss: 0.4485 | Val Max Gen Viol: 0.5645 | Val Max Thermal: 0.0000
Epoch 8110 | Val Loss: 6.0052 | Val Cost:    0.00 | Val Max P-Miss: 0.5489 | Val Max Q-Miss: 0.4485 | Val Max Gen Viol: 0.5937 | Val Max Thermal: 0.0000
Epoch 8120 | Val Loss: 5.3084 | Val Cost:    0.00 | Val Max P-Miss: 0.5489 | Val Max Q-Miss: 0.4485 | Val Max Gen Viol: 0.6208 | Val Max Thermal: 0.0000
Epoch 8130 | Val Loss: 4.6038 | Val Cost:    0.00 | Val Max P-Miss: 0.5489 | Val Max Q-Miss: 0.4485 | Val Max Gen Viol: 0.6455 | Val Max Thermal: 0.0000
Epoch 8140 | Val Loss: 4.1652 | Val Cost:    0.00 | Val Max P-Miss: 0.5489 | Val Max Q-Miss: 0.4485 | Val Max Gen Viol: 0.6674 | Val Max Thermal: 0.0000 [*SAVED BEST*]
Epoch 8150 | Val Loss: 4.2631 | Val Cost:    0.00 | Val Max P-Miss: 0.5489 | Val Max Q-Miss: 0.4485 | Val Max Gen Viol: 0.6857 | Val Max Thermal: 0.0000
Epoch 8160 | Val Loss: 4.2844 | Val Cost:    0.00 | Val Max P-Miss: 0.5489 | Val Max Q-Miss: 0.4485 | Val Max Gen Viol: 0.7002 | Val Max Thermal: 0.0000
Epoch 8170 | Val Loss: 4.0602 | Val Cost:    0.00 | Val Max P-Miss: 0.5489 | Val Max Q-Miss: 0.4485 | Val Max Gen Viol: 0.7114 | Val Max Thermal: 0.0000 [*SAVED BEST*]
Epoch 8180 | Val Loss: 4.0375 | Val Cost:    0.00 | Val Max P-Miss: 0.5489 | Val Max Q-Miss: 0.4485 | Val Max Gen Viol: 0.7197 | Val Max Thermal: 0.0000 [*SAVED BEST*]
Epoch 8190 | Val Loss: 93.3179 | Val Cost:    0.04 | Val Max P-Miss: 0.5489 | Val Max Q-Miss: 0.4485 | Val Max Gen Viol: 0.7257 | Val Max Thermal: 0.0000
Epoch 8200 | Val Loss: 11.3368 | Val Cost:    0.30 | Val Max P-Miss: 0.5489 | Val Max Q-Miss: 0.4485 | Val Max Gen Viol: 0.7262 | Val Max Thermal: 0.0000
Epoch 8210 | Val Loss: 47.3726 | Val Cost:   -0.14 | Val Max P-Miss: 0.5489 | Val Max Q-Miss: 0.4488 | Val Max Gen Viol: 0.7215 | Val Max Thermal: 0.0000
Epoch 8220 | Val Loss: 8.8550 | Val Cost:    0.01 | Val Max P-Miss: 0.5489 | Val Max Q-Miss: 0.4485 | Val Max Gen Viol: 0.7245 | Val Max Thermal: 0.0000
Epoch 8230 | Val Loss: 7.3869 | Val Cost:    0.00 | Val Max P-Miss: 0.5489 | Val Max Q-Miss: 0.4485 | Val Max Gen Viol: 0.7276 | Val Max Thermal: 0.0000
Epoch 8240 | Val Loss: 6.4105 | Val Cost:    0.00 | Val Max P-Miss: 0.5489 | Val Max Q-Miss: 0.4485 | Val Max Gen Viol: 0.7302 | Val Max Thermal: 0.0000
Epoch 8250 | Val Loss: 5.7291 | Val Cost:    0.00 | Val Max P-Miss: 0.5489 | Val Max Q-Miss: 0.4485 | Val Max Gen Viol: 0.7322 | Val Max Thermal: 0.0000
Epoch 8260 | Val Loss: 5.2798 | Val Cost:    0.00 | Val Max P-Miss: 0.5489 | Val Max Q-Miss: 0.4485 | Val Max Gen Viol: 0.7337 | Val Max Thermal: 0.0000
Epoch 8270 | Val Loss: 4.9178 | Val Cost:    0.00 | Val Max P-Miss: 0.5489 | Val Max Q-Miss: 0.4485 | Val Max Gen Viol: 0.7348 | Val Max Thermal: 0.0000
Epoch 8280 | Val Loss: 4.6207 | Val Cost:    0.00 | Val Max P-Miss: 0.5489 | Val Max Q-Miss: 0.4485 | Val Max Gen Viol: 0.7355 | Val Max Thermal: 0.0000
Epoch 8290 | Val Loss: 4.4118 | Val Cost:    0.00 | Val Max P-Miss: 0.5489 | Val Max Q-Miss: 0.4485 | Val Max Gen Viol: 0.7359 | Val Max Thermal: 0.0000
Epoch 8300 | Val Loss: 117.1476 | Val Cost:    0.00 | Val Max P-Miss: 0.5489 | Val Max Q-Miss: 0.4485 | Val Max Gen Viol: 0.7362 | Val Max Thermal: 0.0000
Epoch 8310 | Val Loss: 83.0418 | Val Cost:    0.00 | Val Max P-Miss: 0.5489 | Val Max Q-Miss: 0.4485 | Val Max Gen Viol: 0.7362 | Val Max Thermal: 0.0000
Epoch 8320 | Val Loss: 44.6284 | Val Cost:    0.00 | Val Max P-Miss: 0.5489 | Val Max Q-Miss: 0.4485 | Val Max Gen Viol: 0.7362 | Val Max Thermal: 0.0000
Epoch 8330 | Val Loss: 20.2179 | Val Cost:    0.00 | Val Max P-Miss: 0.5489 | Val Max Q-Miss: 0.4485 | Val Max Gen Viol: 0.7360 | Val Max Thermal: 0.0000
Epoch 8340 | Val Loss: 35.9868 | Val Cost:   -0.00 | Val Max P-Miss: 0.5489 | Val Max Q-Miss: 0.4485 | Val Max Gen Viol: 0.5765 | Val Max Thermal: 0.0000
Epoch 8350 | Val Loss: 10.8073 | Val Cost:    0.00 | Val Max P-Miss: 0.5489 | Val Max Q-Miss: 0.4485 | Val Max Gen Viol: 0.6128 | Val Max Thermal: 0.0000
Epoch 8360 | Val Loss: 9.3391 | Val Cost:    0.00 | Val Max P-Miss: 0.5489 | Val Max Q-Miss: 0.4485 | Val Max Gen Viol: 0.6401 | Val Max Thermal: 0.0000
Epoch 8370 | Val Loss: 8.5579 | Val Cost:    0.00 | Val Max P-Miss: 0.5489 | Val Max Q-Miss: 0.4485 | Val Max Gen Viol: 0.6644 | Val Max Thermal: 0.0000
Epoch 8380 | Val Loss: 8.1624 | Val Cost:    0.00 | Val Max P-Miss: 0.5489 | Val Max Q-Miss: 0.4485 | Val Max Gen Viol: 0.6849 | Val Max Thermal: 0.0000
Epoch 8390 | Val Loss: 7.9375 | Val Cost:    0.00 | Val Max P-Miss: 0.5489 | Val Max Q-Miss: 0.4485 | Val Max Gen Viol: 0.7013 | Val Max Thermal: 0.0000
Epoch 8400 | Val Loss: 7.4412 | Val Cost:    0.00 | Val Max P-Miss: 0.5489 | Val Max Q-Miss: 0.4485 | Val Max Gen Viol: 0.7137 | Val Max Thermal: 0.0000
Epoch 8410 | Val Loss: 5.6123 | Val Cost:    0.00 | Val Max P-Miss: 0.5489 | Val Max Q-Miss: 0.4485 | Val Max Gen Viol: 0.7222 | Val Max Thermal: 0.0000
Epoch 8420 | Val Loss: 5.1118 | Val Cost:    0.00 | Val Max P-Miss: 0.5489 | Val Max Q-Miss: 0.4485 | Val Max Gen Viol: 0.7278 | Val Max Thermal: 0.0000
Epoch 8430 | Val Loss: 4.9780 | Val Cost:    0.00 | Val Max P-Miss: 0.5489 | Val Max Q-Miss: 0.4485 | Val Max Gen Viol: 0.7314 | Val Max Thermal: 0.0000
Epoch 8440 | Val Loss: 4.9349 | Val Cost:    0.00 | Val Max P-Miss: 0.5489 | Val Max Q-Miss: 0.4485 | Val Max Gen Viol: 0.7337 | Val Max Thermal: 0.0000
Epoch 8450 | Val Loss: 5.0852 | Val Cost:    0.00 | Val Max P-Miss: 0.5489 | Val Max Q-Miss: 0.4485 | Val Max Gen Viol: 0.7350 | Val Max Thermal: 0.0000
Epoch 8460 | Val Loss: 167.4788 | Val Cost:   -0.00 | Val Max P-Miss: 0.5489 | Val Max Q-Miss: 0.4485 | Val Max Gen Viol: 0.7357 | Val Max Thermal: 0.0000
Epoch 8470 | Val Loss: 14.4994 | Val Cost:    0.15 | Val Max P-Miss: 0.5489 | Val Max Q-Miss: 0.4489 | Val Max Gen Viol: 0.7375 | Val Max Thermal: 0.0000
Epoch 8480 | Val Loss: 47.2171 | Val Cost:    0.39 | Val Max P-Miss: 0.5489 | Val Max Q-Miss: 0.4488 | Val Max Gen Viol: 0.7280 | Val Max Thermal: 0.0000
Epoch 8490 | Val Loss: 6.6044 | Val Cost:   -0.01 | Val Max P-Miss: 0.5489 | Val Max Q-Miss: 0.4484 | Val Max Gen Viol: 0.7302 | Val Max Thermal: 0.0000
Epoch 8500 | Val Loss: 9.9643 | Val Cost:    0.00 | Val Max P-Miss: 0.5489 | Val Max Q-Miss: 0.4485 | Val Max Gen Viol: 0.7317 | Val Max Thermal: 0.0000
Epoch 8510 | Val Loss: 8.5305 | Val Cost:    0.00 | Val Max P-Miss: 0.5489 | Val Max Q-Miss: 0.4485 | Val Max Gen Viol: 0.7329 | Val Max Thermal: 0.0000
Epoch 8520 | Val Loss: 6.9179 | Val Cost:    0.00 | Val Max P-Miss: 0.5489 | Val Max Q-Miss: 0.4485 | Val Max Gen Viol: 0.7339 | Val Max Thermal: 0.0000
Epoch 8530 | Val Loss: 6.2925 | Val Cost:    0.00 | Val Max P-Miss: 0.5489 | Val Max Q-Miss: 0.4485 | Val Max Gen Viol: 0.7347 | Val Max Thermal: 0.0000
Epoch 8540 | Val Loss: 5.8924 | Val Cost:    0.00 | Val Max P-Miss: 0.5489 | Val Max Q-Miss: 0.4485 | Val Max Gen Viol: 0.7353 | Val Max Thermal: 0.0000
Epoch 8550 | Val Loss: 5.5856 | Val Cost:    0.00 | Val Max P-Miss: 0.5489 | Val Max Q-Miss: 0.4485 | Val Max Gen Viol: 0.7358 | Val Max Thermal: 0.0000
Epoch 8560 | Val Loss: 5.3633 | Val Cost:    0.00 | Val Max P-Miss: 0.5489 | Val Max Q-Miss: 0.4485 | Val Max Gen Viol: 0.7361 | Val Max Thermal: 0.0000
Epoch 8570 | Val Loss: 5.1852 | Val Cost:    0.00 | Val Max P-Miss: 0.5489 | Val Max Q-Miss: 0.4485 | Val Max Gen Viol: 0.7363 | Val Max Thermal: 0.0000
Epoch 8580 | Val Loss: 5.0614 | Val Cost:    0.00 | Val Max P-Miss: 0.5489 | Val Max Q-Miss: 0.4485 | Val Max Gen Viol: 0.7363 | Val Max Thermal: 0.0000
Epoch 8590 | Val Loss: 21.2545 | Val Cost:    0.00 | Val Max P-Miss: 0.5489 | Val Max Q-Miss: 0.4485 | Val Max Gen Viol: 0.7363 | Val Max Thermal: 0.0000
Epoch 8600 | Val Loss: 126.3025 | Val Cost:    1.24 | Val Max P-Miss: 0.5489 | Val Max Q-Miss: 0.4485 | Val Max Gen Viol: 0.7333 | Val Max Thermal: 0.0000
Epoch 8610 | Val Loss: 8.2249 | Val Cost:   -0.00 | Val Max P-Miss: 0.5489 | Val Max Q-Miss: 0.4485 | Val Max Gen Viol: 0.7225 | Val Max Thermal: 0.0000
Epoch 8620 | Val Loss: 6.5383 | Val Cost:    0.00 | Val Max P-Miss: 0.5489 | Val Max Q-Miss: 0.4485 | Val Max Gen Viol: 0.7297 | Val Max Thermal: 0.0000
Epoch 8630 | Val Loss: 5.5892 | Val Cost:    0.00 | Val Max P-Miss: 0.5489 | Val Max Q-Miss: 0.4485 | Val Max Gen Viol: 0.7336 | Val Max Thermal: 0.0000
Epoch 8640 | Val Loss: 4.8635 | Val Cost:    0.00 | Val Max P-Miss: 0.5489 | Val Max Q-Miss: 0.4485 | Val Max Gen Viol: 0.7354 | Val Max Thermal: 0.0000
Epoch 8650 | Val Loss: 229.4874 | Val Cost:    0.00 | Val Max P-Miss: 0.5489 | Val Max Q-Miss: 0.4485 | Val Max Gen Viol: 0.7359 | Val Max Thermal: 0.0000
Epoch 8660 | Val Loss: 226.7504 | Val Cost:   -1.15 | Val Max P-Miss: 0.5489 | Val Max Q-Miss: 0.4488 | Val Max Gen Viol: 0.7290 | Val Max Thermal: 0.0000
Epoch 8670 | Val Loss: 12.9854 | Val Cost:    0.23 | Val Max P-Miss: 0.5489 | Val Max Q-Miss: 0.4487 | Val Max Gen Viol: 0.7247 | Val Max Thermal: 0.0000
Epoch 8680 | Val Loss: 5.3803 | Val Cost:    0.00 | Val Max P-Miss: 0.5489 | Val Max Q-Miss: 0.4485 | Val Max Gen Viol: 0.7327 | Val Max Thermal: 0.0000
Epoch 8690 | Val Loss: 5.2680 | Val Cost:    0.00 | Val Max P-Miss: 0.5489 | Val Max Q-Miss: 0.4485 | Val Max Gen Viol: 0.7355 | Val Max Thermal: 0.0000
Epoch 8700 | Val Loss: 5.2128 | Val Cost:    0.00 | Val Max P-Miss: 0.5489 | Val Max Q-Miss: 0.4485 | Val Max Gen Viol: 0.7363 | Val Max Thermal: 0.0000
Epoch 8710 | Val Loss: 5.2068 | Val Cost:    0.00 | Val Max P-Miss: 0.5489 | Val Max Q-Miss: 0.4485 | Val Max Gen Viol: 0.7365 | Val Max Thermal: 0.0000
Epoch 8720 | Val Loss: 14.3096 | Val Cost:    0.00 | Val Max P-Miss: 0.5489 | Val Max Q-Miss: 0.4485 | Val Max Gen Viol: 0.7366 | Val Max Thermal: 0.0000
Epoch 8730 | Val Loss: 142.8268 | Val Cost:    0.00 | Val Max P-Miss: 0.5489 | Val Max Q-Miss: 0.4485 | Val Max Gen Viol: 0.7158 | Val Max Thermal: 0.0000
Epoch 8740 | Val Loss: 11.0040 | Val Cost:    0.01 | Val Max P-Miss: 0.5489 | Val Max Q-Miss: 0.4485 | Val Max Gen Viol: 0.7187 | Val Max Thermal: 0.0000
Epoch 8750 | Val Loss: 8.7109 | Val Cost:    0.00 | Val Max P-Miss: 0.5489 | Val Max Q-Miss: 0.4485 | Val Max Gen Viol: 0.7300 | Val Max Thermal: 0.0000
Epoch 8760 | Val Loss: 12.3847 | Val Cost:   -0.06 | Val Max P-Miss: 0.5631 | Val Max Q-Miss: 0.4483 | Val Max Gen Viol: 0.5472 | Val Max Thermal: 0.0000
Epoch 8770 | Val Loss: 123.5755 | Val Cost:   -0.02 | Val Max P-Miss: 0.5747 | Val Max Q-Miss: 0.4485 | Val Max Gen Viol: 0.5355 | Val Max Thermal: 0.0000
Epoch 8780 | Val Loss: 7.0635 | Val Cost:   -0.00 | Val Max P-Miss: 0.5495 | Val Max Q-Miss: 0.4485 | Val Max Gen Viol: 0.5607 | Val Max Thermal: 0.0000
Epoch 8790 | Val Loss: 6.5140 | Val Cost:   -0.00 | Val Max P-Miss: 0.5489 | Val Max Q-Miss: 0.4485 | Val Max Gen Viol: 0.5839 | Val Max Thermal: 0.0000
Epoch 8800 | Val Loss: 5.7201 | Val Cost:    0.00 | Val Max P-Miss: 0.5489 | Val Max Q-Miss: 0.4485 | Val Max Gen Viol: 0.6070 | Val Max Thermal: 0.0000
Epoch 8810 | Val Loss: 5.2405 | Val Cost:    0.00 | Val Max P-Miss: 0.5489 | Val Max Q-Miss: 0.4485 | Val Max Gen Viol: 0.6290 | Val Max Thermal: 0.0000
Epoch 8820 | Val Loss: 4.9377 | Val Cost:    0.00 | Val Max P-Miss: 0.5489 | Val Max Q-Miss: 0.4485 | Val Max Gen Viol: 0.6492 | Val Max Thermal: 0.0000
Epoch 8830 | Val Loss: 5.6495 | Val Cost:    0.00 | Val Max P-Miss: 0.5489 | Val Max Q-Miss: 0.4485 | Val Max Gen Viol: 0.6671 | Val Max Thermal: 0.0000
Epoch 8840 | Val Loss: 5.3951 | Val Cost:    0.00 | Val Max P-Miss: 0.5489 | Val Max Q-Miss: 0.4485 | Val Max Gen Viol: 0.6824 | Val Max Thermal: 0.0000
Epoch 8850 | Val Loss: 5.0825 | Val Cost:    0.00 | Val Max P-Miss: 0.5489 | Val Max Q-Miss: 0.4485 | Val Max Gen Viol: 0.6954 | Val Max Thermal: 0.0000
Epoch 8860 | Val Loss: 4.8264 | Val Cost:    0.00 | Val Max P-Miss: 0.5489 | Val Max Q-Miss: 0.4485 | Val Max Gen Viol: 0.7061 | Val Max Thermal: 0.0000
Epoch 8870 | Val Loss: 4.5903 | Val Cost:    0.00 | Val Max P-Miss: 0.5489 | Val Max Q-Miss: 0.4485 | Val Max Gen Viol: 0.7145 | Val Max Thermal: 0.0000
Epoch 8880 | Val Loss: 4.4222 | Val Cost:    0.00 | Val Max P-Miss: 0.5489 | Val Max Q-Miss: 0.4485 | Val Max Gen Viol: 0.7210 | Val Max Thermal: 0.0000
Epoch 8890 | Val Loss: 200.4832 | Val Cost:    0.01 | Val Max P-Miss: 0.5489 | Val Max Q-Miss: 0.4485 | Val Max Gen Viol: 0.7256 | Val Max Thermal: 0.0000
Epoch 8900 | Val Loss: 9.7142 | Val Cost:    0.00 | Val Max P-Miss: 0.5489 | Val Max Q-Miss: 0.4485 | Val Max Gen Viol: 0.7281 | Val Max Thermal: 0.0000
Epoch 8910 | Val Loss: 6.3856 | Val Cost:    0.00 | Val Max P-Miss: 0.5489 | Val Max Q-Miss: 0.4485 | Val Max Gen Viol: 0.7301 | Val Max Thermal: 0.0000
Epoch 8920 | Val Loss: 5.5162 | Val Cost:    0.00 | Val Max P-Miss: 0.5489 | Val Max Q-Miss: 0.4485 | Val Max Gen Viol: 0.7318 | Val Max Thermal: 0.0000
Epoch 8930 | Val Loss: 4.8120 | Val Cost:    0.00 | Val Max P-Miss: 0.5489 | Val Max Q-Miss: 0.4485 | Val Max Gen Viol: 0.7332 | Val Max Thermal: 0.0000
Epoch 8940 | Val Loss: 4.3203 | Val Cost:    0.00 | Val Max P-Miss: 0.5489 | Val Max Q-Miss: 0.4485 | Val Max Gen Viol: 0.7343 | Val Max Thermal: 0.0000
Epoch 8950 | Val Loss: 5.4478 | Val Cost:    0.00 | Val Max P-Miss: 0.5489 | Val Max Q-Miss: 0.4485 | Val Max Gen Viol: 0.7351 | Val Max Thermal: 0.0000
Epoch 8960 | Val Loss: 48.8845 | Val Cost:   -0.31 | Val Max P-Miss: 0.5489 | Val Max Q-Miss: 0.4483 | Val Max Gen Viol: 0.7245 | Val Max Thermal: 0.0000
Epoch 8970 | Val Loss: 70.1632 | Val Cost:    0.00 | Val Max P-Miss: 0.5489 | Val Max Q-Miss: 0.4485 | Val Max Gen Viol: 0.7135 | Val Max Thermal: 0.0000
Epoch 8980 | Val Loss: 48.0447 | Val Cost:    0.00 | Val Max P-Miss: 0.5489 | Val Max Q-Miss: 0.4485 | Val Max Gen Viol: 0.7216 | Val Max Thermal: 0.0000
Epoch 8990 | Val Loss: 41.1624 | Val Cost:    0.00 | Val Max P-Miss: 0.5489 | Val Max Q-Miss: 0.4485 | Val Max Gen Viol: 0.7278 | Val Max Thermal: 0.0000
Epoch 9000 | Val Loss: 28.3817 | Val Cost:    0.01 | Val Max P-Miss: 0.5489 | Val Max Q-Miss: 0.4485 | Val Max Gen Viol: 0.7312 | Val Max Thermal: 0.0000
Epoch 9010 | Val Loss: 36.7570 | Val Cost:   -0.00 | Val Max P-Miss: 0.5489 | Val Max Q-Miss: 0.4485 | Val Max Gen Viol: 0.7338 | Val Max Thermal: 0.0000
Epoch 9020 | Val Loss: 87.8516 | Val Cost:   -1.60 | Val Max P-Miss: 0.5489 | Val Max Q-Miss: 0.4479 | Val Max Gen Viol: 0.7341 | Val Max Thermal: 0.0000
Epoch 9030 | Val Loss: 17.2824 | Val Cost:   -0.26 | Val Max P-Miss: 0.5489 | Val Max Q-Miss: 0.4486 | Val Max Gen Viol: 0.6887 | Val Max Thermal: 0.0000
Epoch 9040 | Val Loss: 7.3651 | Val Cost:    0.01 | Val Max P-Miss: 0.5489 | Val Max Q-Miss: 0.4485 | Val Max Gen Viol: 0.6936 | Val Max Thermal: 0.0000
Epoch 9050 | Val Loss: 6.2838 | Val Cost:    0.00 | Val Max P-Miss: 0.5489 | Val Max Q-Miss: 0.4485 | Val Max Gen Viol: 0.7085 | Val Max Thermal: 0.0000
Epoch 9060 | Val Loss: 5.6365 | Val Cost:    0.00 | Val Max P-Miss: 0.5489 | Val Max Q-Miss: 0.4485 | Val Max Gen Viol: 0.7193 | Val Max Thermal: 0.0000
Epoch 9070 | Val Loss: 5.1153 | Val Cost:    0.00 | Val Max P-Miss: 0.5489 | Val Max Q-Miss: 0.4485 | Val Max Gen Viol: 0.7265 | Val Max Thermal: 0.0000
Epoch 9080 | Val Loss: 4.7452 | Val Cost:    0.00 | Val Max P-Miss: 0.5489 | Val Max Q-Miss: 0.4485 | Val Max Gen Viol: 0.7310 | Val Max Thermal: 0.0000
Epoch 9090 | Val Loss: 4.4413 | Val Cost:    0.00 | Val Max P-Miss: 0.5489 | Val Max Q-Miss: 0.4485 | Val Max Gen Viol: 0.7336 | Val Max Thermal: 0.0000
Epoch 9100 | Val Loss: 4.1771 | Val Cost:    0.00 | Val Max P-Miss: 0.5489 | Val Max Q-Miss: 0.4485 | Val Max Gen Viol: 0.7351 | Val Max Thermal: 0.0000
Epoch 9110 | Val Loss: 4.0478 | Val Cost:    0.00 | Val Max P-Miss: 0.5489 | Val Max Q-Miss: 0.4485 | Val Max Gen Viol: 0.7359 | Val Max Thermal: 0.0000
Epoch 9120 | Val Loss: 3.9843 | Val Cost:    0.00 | Val Max P-Miss: 0.5489 | Val Max Q-Miss: 0.4485 | Val Max Gen Viol: 0.7362 | Val Max Thermal: 0.0000 [*SAVED BEST*]
Epoch 9130 | Val Loss: 52.3934 | Val Cost:    0.00 | Val Max P-Miss: 0.5489 | Val Max Q-Miss: 0.4485 | Val Max Gen Viol: 0.7315 | Val Max Thermal: 0.0000
Epoch 9140 | Val Loss: 20.8641 | Val Cost:   -0.00 | Val Max P-Miss: 0.5489 | Val Max Q-Miss: 0.4485 | Val Max Gen Viol: 0.5771 | Val Max Thermal: 0.0000
Epoch 9150 | Val Loss: 7.1605 | Val Cost:    0.00 | Val Max P-Miss: 0.5489 | Val Max Q-Miss: 0.4485 | Val Max Gen Viol: 0.6139 | Val Max Thermal: 0.0000
Epoch 9160 | Val Loss: 5.6038 | Val Cost:    0.00 | Val Max P-Miss: 0.5489 | Val Max Q-Miss: 0.4485 | Val Max Gen Viol: 0.6508 | Val Max Thermal: 0.0000
Epoch 9170 | Val Loss: 5.1784 | Val Cost:    0.00 | Val Max P-Miss: 0.5489 | Val Max Q-Miss: 0.4485 | Val Max Gen Viol: 0.6801 | Val Max Thermal: 0.0000
Epoch 9180 | Val Loss: 4.6808 | Val Cost:    0.00 | Val Max P-Miss: 0.5489 | Val Max Q-Miss: 0.4485 | Val Max Gen Viol: 0.7015 | Val Max Thermal: 0.0000
Epoch 9190 | Val Loss: 4.2757 | Val Cost:    0.00 | Val Max P-Miss: 0.5489 | Val Max Q-Miss: 0.4485 | Val Max Gen Viol: 0.7160 | Val Max Thermal: 0.0000
Epoch 9200 | Val Loss: 5.5395 | Val Cost:    0.00 | Val Max P-Miss: 0.5489 | Val Max Q-Miss: 0.4485 | Val Max Gen Viol: 0.7252 | Val Max Thermal: 0.0000
Epoch 9210 | Val Loss: 4.1602 | Val Cost:    0.00 | Val Max P-Miss: 0.5489 | Val Max Q-Miss: 0.4485 | Val Max Gen Viol: 0.7306 | Val Max Thermal: 0.0000
Epoch 9220 | Val Loss: 3.8590 | Val Cost:    0.00 | Val Max P-Miss: 0.5489 | Val Max Q-Miss: 0.4485 | Val Max Gen Viol: 0.7336 | Val Max Thermal: 0.0000 [*SAVED BEST*]
Epoch 9230 | Val Loss: 3.7708 | Val Cost:    0.00 | Val Max P-Miss: 0.5489 | Val Max Q-Miss: 0.4485 | Val Max Gen Viol: 0.7351 | Val Max Thermal: 0.0000 [*SAVED BEST*]
Epoch 9240 | Val Loss: 141.5975 | Val Cost:    0.05 | Val Max P-Miss: 0.5489 | Val Max Q-Miss: 0.4485 | Val Max Gen Viol: 0.7350 | Val Max Thermal: 0.0000
Epoch 9250 | Val Loss: 53.0270 | Val Cost:    0.00 | Val Max P-Miss: 0.5489 | Val Max Q-Miss: 0.4485 | Val Max Gen Viol: 0.7355 | Val Max Thermal: 0.0000
Epoch 9260 | Val Loss: 28.3686 | Val Cost:    0.00 | Val Max P-Miss: 0.5489 | Val Max Q-Miss: 0.4485 | Val Max Gen Viol: 0.7359 | Val Max Thermal: 0.0000
Epoch 9270 | Val Loss: 48.4143 | Val Cost:   -0.14 | Val Max P-Miss: 0.5489 | Val Max Q-Miss: 0.4484 | Val Max Gen Viol: 0.7214 | Val Max Thermal: 0.0000
Epoch 9280 | Val Loss: 16.7409 | Val Cost:    0.04 | Val Max P-Miss: 0.5793 | Val Max Q-Miss: 0.4483 | Val Max Gen Viol: 0.5310 | Val Max Thermal: 0.0000
Epoch 9290 | Val Loss: 7.7993 | Val Cost:   -0.00 | Val Max P-Miss: 0.5489 | Val Max Q-Miss: 0.4485 | Val Max Gen Viol: 0.5750 | Val Max Thermal: 0.0000
Epoch 9300 | Val Loss: 6.9550 | Val Cost:    0.00 | Val Max P-Miss: 0.5489 | Val Max Q-Miss: 0.4485 | Val Max Gen Viol: 0.6172 | Val Max Thermal: 0.0000
Epoch 9310 | Val Loss: 6.3279 | Val Cost:    0.00 | Val Max P-Miss: 0.5489 | Val Max Q-Miss: 0.4485 | Val Max Gen Viol: 0.6514 | Val Max Thermal: 0.0000
Epoch 9320 | Val Loss: 5.9353 | Val Cost:    0.00 | Val Max P-Miss: 0.5489 | Val Max Q-Miss: 0.4485 | Val Max Gen Viol: 0.6780 | Val Max Thermal: 0.0000
Epoch 9330 | Val Loss: 5.5688 | Val Cost:    0.00 | Val Max P-Miss: 0.5489 | Val Max Q-Miss: 0.4485 | Val Max Gen Viol: 0.6976 | Val Max Thermal: 0.0000
Epoch 9340 | Val Loss: 5.2587 | Val Cost:    0.00 | Val Max P-Miss: 0.5489 | Val Max Q-Miss: 0.4485 | Val Max Gen Viol: 0.7116 | Val Max Thermal: 0.0000
Epoch 9350 | Val Loss: 5.0434 | Val Cost:    0.00 | Val Max P-Miss: 0.5489 | Val Max Q-Miss: 0.4485 | Val Max Gen Viol: 0.7211 | Val Max Thermal: 0.0000
Epoch 9360 | Val Loss: 4.8827 | Val Cost:    0.00 | Val Max P-Miss: 0.5489 | Val Max Q-Miss: 0.4485 | Val Max Gen Viol: 0.7274 | Val Max Thermal: 0.0000
Epoch 9370 | Val Loss: 4.7461 | Val Cost:    0.00 | Val Max P-Miss: 0.5489 | Val Max Q-Miss: 0.4485 | Val Max Gen Viol: 0.7313 | Val Max Thermal: 0.0000
Epoch 9380 | Val Loss: 4.6503 | Val Cost:    0.00 | Val Max P-Miss: 0.5489 | Val Max Q-Miss: 0.4485 | Val Max Gen Viol: 0.7336 | Val Max Thermal: 0.0000
Epoch 9390 | Val Loss: 4.6268 | Val Cost:    0.00 | Val Max P-Miss: 0.5489 | Val Max Q-Miss: 0.4485 | Val Max Gen Viol: 0.7350 | Val Max Thermal: 0.0000
Epoch 9400 | Val Loss: 7.8578 | Val Cost:    0.00 | Val Max P-Miss: 0.5489 | Val Max Q-Miss: 0.4485 | Val Max Gen Viol: 0.7357 | Val Max Thermal: 0.0000
Epoch 9410 | Val Loss: 39.0976 | Val Cost:    0.00 | Val Max P-Miss: 0.5489 | Val Max Q-Miss: 0.4482 | Val Max Gen Viol: 0.7362 | Val Max Thermal: 0.0000
Epoch 9420 | Val Loss: 9.9462 | Val Cost:    0.00 | Val Max P-Miss: 0.5489 | Val Max Q-Miss: 0.4485 | Val Max Gen Viol: 0.7363 | Val Max Thermal: 0.0000
Epoch 9430 | Val Loss: 8.9349 | Val Cost:    0.00 | Val Max P-Miss: 0.5489 | Val Max Q-Miss: 0.4485 | Val Max Gen Viol: 0.7364 | Val Max Thermal: 0.0000
Epoch 9440 | Val Loss: 7.5942 | Val Cost:    0.00 | Val Max P-Miss: 0.5489 | Val Max Q-Miss: 0.4485 | Val Max Gen Viol: 0.7364 | Val Max Thermal: 0.0000
Epoch 9450 | Val Loss: 6.9561 | Val Cost:    0.00 | Val Max P-Miss: 0.5489 | Val Max Q-Miss: 0.4485 | Val Max Gen Viol: 0.7365 | Val Max Thermal: 0.0000
Epoch 9460 | Val Loss: 6.5935 | Val Cost:    0.00 | Val Max P-Miss: 0.5489 | Val Max Q-Miss: 0.4485 | Val Max Gen Viol: 0.7365 | Val Max Thermal: 0.0000
Epoch 9470 | Val Loss: 6.2752 | Val Cost:    0.00 | Val Max P-Miss: 0.5489 | Val Max Q-Miss: 0.4485 | Val Max Gen Viol: 0.7365 | Val Max Thermal: 0.0000
Epoch 9480 | Val Loss: 6.8108 | Val Cost:    0.00 | Val Max P-Miss: 0.5489 | Val Max Q-Miss: 0.4485 | Val Max Gen Viol: 0.7365 | Val Max Thermal: 0.0000
Epoch 9490 | Val Loss: 40.9548 | Val Cost:    0.83 | Val Max P-Miss: 0.5489 | Val Max Q-Miss: 0.4484 | Val Max Gen Viol: 0.7365 | Val Max Thermal: 0.0000
Epoch 9500 | Val Loss: 71.6494 | Val Cost:   -0.00 | Val Max P-Miss: 0.5489 | Val Max Q-Miss: 0.4486 | Val Max Gen Viol: 0.6834 | Val Max Thermal: 0.0000
Epoch 9510 | Val Loss: 53.4827 | Val Cost:    0.01 | Val Max P-Miss: 0.5489 | Val Max Q-Miss: 0.4485 | Val Max Gen Viol: 0.7067 | Val Max Thermal: 0.0000
Epoch 9520 | Val Loss: 40.2607 | Val Cost:    0.00 | Val Max P-Miss: 0.5489 | Val Max Q-Miss: 0.4485 | Val Max Gen Viol: 0.7253 | Val Max Thermal: 0.0000
Epoch 9530 | Val Loss: 33.3406 | Val Cost:    0.00 | Val Max P-Miss: 0.5489 | Val Max Q-Miss: 0.4485 | Val Max Gen Viol: 0.7328 | Val Max Thermal: 0.0000
Epoch 9540 | Val Loss: 18.1843 | Val Cost:    0.06 | Val Max P-Miss: 0.5489 | Val Max Q-Miss: 0.4485 | Val Max Gen Viol: 0.7130 | Val Max Thermal: 0.0000
Epoch 9550 | Val Loss: 6.0321 | Val Cost:    0.00 | Val Max P-Miss: 0.5489 | Val Max Q-Miss: 0.4485 | Val Max Gen Viol: 0.7263 | Val Max Thermal: 0.0000
Epoch 9560 | Val Loss: 5.3667 | Val Cost:    0.00 | Val Max P-Miss: 0.5489 | Val Max Q-Miss: 0.4485 | Val Max Gen Viol: 0.7328 | Val Max Thermal: 0.0000
Epoch 9570 | Val Loss: 4.8836 | Val Cost:    0.00 | Val Max P-Miss: 0.5489 | Val Max Q-Miss: 0.4485 | Val Max Gen Viol: 0.7353 | Val Max Thermal: 0.0000
Epoch 9580 | Val Loss: 4.5275 | Val Cost:    0.00 | Val Max P-Miss: 0.5489 | Val Max Q-Miss: 0.4485 | Val Max Gen Viol: 0.7362 | Val Max Thermal: 0.0000
Epoch 9590 | Val Loss: 19.4107 | Val Cost:    0.00 | Val Max P-Miss: 0.5489 | Val Max Q-Miss: 0.4485 | Val Max Gen Viol: 0.7365 | Val Max Thermal: 0.0000
Epoch 9600 | Val Loss: 44.4585 | Val Cost:   -0.06 | Val Max P-Miss: 0.5489 | Val Max Q-Miss: 0.4493 | Val Max Gen Viol: 0.6382 | Val Max Thermal: 0.0000
Epoch 9610 | Val Loss: 6.6478 | Val Cost:    0.00 | Val Max P-Miss: 0.5489 | Val Max Q-Miss: 0.4485 | Val Max Gen Viol: 0.6103 | Val Max Thermal: 0.0000
Epoch 9620 | Val Loss: 5.7988 | Val Cost:    0.00 | Val Max P-Miss: 0.5489 | Val Max Q-Miss: 0.4485 | Val Max Gen Viol: 0.6480 | Val Max Thermal: 0.0000
Epoch 9630 | Val Loss: 5.2153 | Val Cost:    0.00 | Val Max P-Miss: 0.5489 | Val Max Q-Miss: 0.4485 | Val Max Gen Viol: 0.6776 | Val Max Thermal: 0.0000
Epoch 9640 | Val Loss: 5.0213 | Val Cost:    0.00 | Val Max P-Miss: 0.5489 | Val Max Q-Miss: 0.4485 | Val Max Gen Viol: 0.6993 | Val Max Thermal: 0.0000
Epoch 9650 | Val Loss: 4.8259 | Val Cost:    0.00 | Val Max P-Miss: 0.5489 | Val Max Q-Miss: 0.4485 | Val Max Gen Viol: 0.7141 | Val Max Thermal: 0.0000
Epoch 9660 | Val Loss: 4.6144 | Val Cost:    0.00 | Val Max P-Miss: 0.5489 | Val Max Q-Miss: 0.4485 | Val Max Gen Viol: 0.7237 | Val Max Thermal: 0.0000
Epoch 9670 | Val Loss: 4.4008 | Val Cost:    0.00 | Val Max P-Miss: 0.5489 | Val Max Q-Miss: 0.4485 | Val Max Gen Viol: 0.7296 | Val Max Thermal: 0.0000
Epoch 9680 | Val Loss: 4.2536 | Val Cost:    0.00 | Val Max P-Miss: 0.5489 | Val Max Q-Miss: 0.4485 | Val Max Gen Viol: 0.7329 | Val Max Thermal: 0.0000
Epoch 9690 | Val Loss: 4.1524 | Val Cost:    0.00 | Val Max P-Miss: 0.5489 | Val Max Q-Miss: 0.4485 | Val Max Gen Viol: 0.7348 | Val Max Thermal: 0.0000
Epoch 9700 | Val Loss: 60.7627 | Val Cost:    0.00 | Val Max P-Miss: 0.5489 | Val Max Q-Miss: 0.4485 | Val Max Gen Viol: 0.7357 | Val Max Thermal: 0.0000
Epoch 9710 | Val Loss: 48.6364 | Val Cost:    0.01 | Val Max P-Miss: 0.5489 | Val Max Q-Miss: 0.4485 | Val Max Gen Viol: 0.7360 | Val Max Thermal: 0.0000
Epoch 9720 | Val Loss: 30.8047 | Val Cost:    0.00 | Val Max P-Miss: 0.5489 | Val Max Q-Miss: 0.4485 | Val Max Gen Viol: 0.7362 | Val Max Thermal: 0.0000
Epoch 9730 | Val Loss: 87.9596 | Val Cost:    0.08 | Val Max P-Miss: 0.5489 | Val Max Q-Miss: 0.4485 | Val Max Gen Viol: 0.7233 | Val Max Thermal: 0.0000
Epoch 9740 | Val Loss: 8.5059 | Val Cost:    0.00 | Val Max P-Miss: 0.5489 | Val Max Q-Miss: 0.4485 | Val Max Gen Viol: 0.6785 | Val Max Thermal: 0.0000
Epoch 9750 | Val Loss: 7.6319 | Val Cost:    0.00 | Val Max P-Miss: 0.5489 | Val Max Q-Miss: 0.4485 | Val Max Gen Viol: 0.7042 | Val Max Thermal: 0.0000
Epoch 9760 | Val Loss: 7.1043 | Val Cost:    0.00 | Val Max P-Miss: 0.5489 | Val Max Q-Miss: 0.4485 | Val Max Gen Viol: 0.7200 | Val Max Thermal: 0.0000
Epoch 9770 | Val Loss: 6.7867 | Val Cost:    0.00 | Val Max P-Miss: 0.5489 | Val Max Q-Miss: 0.4485 | Val Max Gen Viol: 0.7288 | Val Max Thermal: 0.0000
Epoch 9780 | Val Loss: 6.6474 | Val Cost:    0.00 | Val Max P-Miss: 0.5489 | Val Max Q-Miss: 0.4485 | Val Max Gen Viol: 0.7333 | Val Max Thermal: 0.0000
Epoch 9790 | Val Loss: 5.8237 | Val Cost:    0.00 | Val Max P-Miss: 0.5489 | Val Max Q-Miss: 0.4485 | Val Max Gen Viol: 0.7352 | Val Max Thermal: 0.0000
Epoch 9800 | Val Loss: 5.4024 | Val Cost:    0.00 | Val Max P-Miss: 0.5489 | Val Max Q-Miss: 0.4485 | Val Max Gen Viol: 0.7361 | Val Max Thermal: 0.0000
Epoch 9810 | Val Loss: 82.6545 | Val Cost:    0.00 | Val Max P-Miss: 0.5489 | Val Max Q-Miss: 0.4485 | Val Max Gen Viol: 0.7364 | Val Max Thermal: 0.0000
Epoch 9820 | Val Loss: 35.9188 | Val Cost:    0.03 | Val Max P-Miss: 0.5489 | Val Max Q-Miss: 0.4485 | Val Max Gen Viol: 0.7360 | Val Max Thermal: 0.0000
Epoch 9830 | Val Loss: 8.9573 | Val Cost:    0.00 | Val Max P-Miss: 0.5489 | Val Max Q-Miss: 0.4485 | Val Max Gen Viol: 0.7363 | Val Max Thermal: 0.0000
Epoch 9840 | Val Loss: 7.8940 | Val Cost:    0.00 | Val Max P-Miss: 0.5489 | Val Max Q-Miss: 0.4485 | Val Max Gen Viol: 0.7364 | Val Max Thermal: 0.0000
Epoch 9850 | Val Loss: 7.1329 | Val Cost:    0.00 | Val Max P-Miss: 0.5489 | Val Max Q-Miss: 0.4485 | Val Max Gen Viol: 0.7365 | Val Max Thermal: 0.0000
Epoch 9860 | Val Loss: 6.5590 | Val Cost:    0.00 | Val Max P-Miss: 0.5489 | Val Max Q-Miss: 0.4485 | Val Max Gen Viol: 0.7365 | Val Max Thermal: 0.0000
Epoch 9870 | Val Loss: 168.1154 | Val Cost:    0.00 | Val Max P-Miss: 0.5489 | Val Max Q-Miss: 0.4492 | Val Max Gen Viol: 0.7365 | Val Max Thermal: 0.0000
Epoch 9880 | Val Loss: 9.8442 | Val Cost:   -0.00 | Val Max P-Miss: 0.5701 | Val Max Q-Miss: 0.4486 | Val Max Gen Viol: 0.5401 | Val Max Thermal: 0.0000
Epoch 9890 | Val Loss: 28.6833 | Val Cost:    0.21 | Val Max P-Miss: 0.5515 | Val Max Q-Miss: 0.4485 | Val Max Gen Viol: 0.5587 | Val Max Thermal: 0.0000
Epoch 9900 | Val Loss: 6.8169 | Val Cost:    0.00 | Val Max P-Miss: 0.5489 | Val Max Q-Miss: 0.4485 | Val Max Gen Viol: 0.5743 | Val Max Thermal: 0.0000
Epoch 9910 | Val Loss: 6.0472 | Val Cost:    0.00 | Val Max P-Miss: 0.5489 | Val Max Q-Miss: 0.4485 | Val Max Gen Viol: 0.5897 | Val Max Thermal: 0.0000
Epoch 9920 | Val Loss: 5.4149 | Val Cost:    0.00 | Val Max P-Miss: 0.5489 | Val Max Q-Miss: 0.4485 | Val Max Gen Viol: 0.6050 | Val Max Thermal: 0.0000
Epoch 9930 | Val Loss: 4.9127 | Val Cost:    0.00 | Val Max P-Miss: 0.5489 | Val Max Q-Miss: 0.4485 | Val Max Gen Viol: 0.6198 | Val Max Thermal: 0.0000
Epoch 9940 | Val Loss: 4.4890 | Val Cost:    0.00 | Val Max P-Miss: 0.5489 | Val Max Q-Miss: 0.4485 | Val Max Gen Viol: 0.6340 | Val Max Thermal: 0.0000
Epoch 9950 | Val Loss: 434.4578 | Val Cost:    0.01 | Val Max P-Miss: 0.5489 | Val Max Q-Miss: 0.4485 | Val Max Gen Viol: 0.6467 | Val Max Thermal: 0.0000
Epoch 9960 | Val Loss: 96.7050 | Val Cost:    0.03 | Val Max P-Miss: 0.5489 | Val Max Q-Miss: 0.4485 | Val Max Gen Viol: 0.6541 | Val Max Thermal: 0.0000
Epoch 9970 | Val Loss: 29.1883 | Val Cost:    0.07 | Val Max P-Miss: 0.5489 | Val Max Q-Miss: 0.4485 | Val Max Gen Viol: 0.6644 | Val Max Thermal: 0.0000
Epoch 9980 | Val Loss: 5.7033 | Val Cost:   -0.01 | Val Max P-Miss: 0.5489 | Val Max Q-Miss: 0.4485 | Val Max Gen Viol: 0.6738 | Val Max Thermal: 0.0000
Epoch 9990 | Val Loss: 5.9427 | Val Cost:   -0.01 | Val Max P-Miss: 0.5489 | Val Max Q-Miss: 0.4485 | Val Max Gen Viol: 0.6818 | Val Max Thermal: 0.0000

==================================================
Training Complete!
Total Training Time: 00h 10m 15.12s
Best model weights saved to: ./model/best_rahul_MULTI_pglib_opf_case14_ieee_10000epochs.pth
==================================================

