Job: acopf_ISS
Executing: ACOPF_DC3_multi.py --case_name pglib_opf_case14_ieee --epochs 10000
Node: issnode1
GPU Allocated: 0
Executing strictly on GPU: NVIDIA GeForce RTX 4090
Problem Geometry Linked -> Matrix Samples: 10000

Beginning execution of parallelized training matrix loops for DC3...
Epoch    0 | Val Loss: 1479.4208 | Val Cost: 1477.41 | Val Max P-Miss: 0.9465 | Val Max Q-Miss: 0.5426 | Val Max Gen Viol: 0.0000 | Val Max Thermal: 0.0000 [*SAVED BEST*]
Epoch   10 | Val Loss: 0.7089 | Val Cost:    0.00 | Val Max P-Miss: 0.4355 | Val Max Q-Miss: 0.1232 | Val Max Gen Viol: 0.0000 | Val Max Thermal: 0.0000 [*SAVED BEST*]
Epoch   20 | Val Loss: 0.4949 | Val Cost:    0.00 | Val Max P-Miss: 0.4578 | Val Max Q-Miss: 0.2035 | Val Max Gen Viol: 0.0000 | Val Max Thermal: 0.0000 [*SAVED BEST*]
Epoch   30 | Val Loss: 0.4895 | Val Cost:    0.00 | Val Max P-Miss: 0.4990 | Val Max Q-Miss: 0.1736 | Val Max Gen Viol: 0.0000 | Val Max Thermal: 0.0000 [*SAVED BEST*]
Epoch   40 | Val Loss: 0.5056 | Val Cost:    0.00 | Val Max P-Miss: 0.5107 | Val Max Q-Miss: 0.1818 | Val Max Gen Viol: 0.0000 | Val Max Thermal: 0.0000
Epoch   50 | Val Loss: 0.5123 | Val Cost:    0.00 | Val Max P-Miss: 0.5297 | Val Max Q-Miss: 0.1654 | Val Max Gen Viol: 0.0000 | Val Max Thermal: 0.0000
Epoch   60 | Val Loss: 0.5859 | Val Cost:    0.00 | Val Max P-Miss: 0.4891 | Val Max Q-Miss: 0.1202 | Val Max Gen Viol: 0.0000 | Val Max Thermal: 0.0000
Epoch   70 | Val Loss: 0.6941 | Val Cost:    0.00 | Val Max P-Miss: 0.4713 | Val Max Q-Miss: 0.1710 | Val Max Gen Viol: 0.0000 | Val Max Thermal: 0.0000
Epoch   80 | Val Loss: 0.4735 | Val Cost:    0.00 | Val Max P-Miss: 0.5417 | Val Max Q-Miss: 0.0984 | Val Max Gen Viol: 0.0000 | Val Max Thermal: 0.0000 [*SAVED BEST*]
Epoch   90 | Val Loss: 0.4342 | Val Cost:    0.00 | Val Max P-Miss: 0.4927 | Val Max Q-Miss: 0.0754 | Val Max Gen Viol: 0.0000 | Val Max Thermal: 0.0000 [*SAVED BEST*]
Epoch  100 | Val Loss: 0.4512 | Val Cost:    0.00 | Val Max P-Miss: 0.4049 | Val Max Q-Miss: 0.1222 | Val Max Gen Viol: 0.0000 | Val Max Thermal: 0.0000
Epoch  110 | Val Loss: 0.4379 | Val Cost:    0.00 | Val Max P-Miss: 0.4348 | Val Max Q-Miss: 0.0842 | Val Max Gen Viol: 0.0000 | Val Max Thermal: 0.0000
Epoch  120 | Val Loss: 0.4385 | Val Cost:    0.00 | Val Max P-Miss: 0.4385 | Val Max Q-Miss: 0.0841 | Val Max Gen Viol: 0.0000 | Val Max Thermal: 0.0000
Epoch  130 | Val Loss: 0.4257 | Val Cost:    0.00 | Val Max P-Miss: 0.4220 | Val Max Q-Miss: 0.0768 | Val Max Gen Viol: 0.0000 | Val Max Thermal: 0.0000 [*SAVED BEST*]
Epoch  140 | Val Loss: 0.4111 | Val Cost:    0.00 | Val Max P-Miss: 0.4078 | Val Max Q-Miss: 0.0774 | Val Max Gen Viol: 0.0000 | Val Max Thermal: 0.0000 [*SAVED BEST*]
Epoch  150 | Val Loss: 0.4100 | Val Cost:    0.00 | Val Max P-Miss: 0.4087 | Val Max Q-Miss: 0.0782 | Val Max Gen Viol: 0.0000 | Val Max Thermal: 0.0000 [*SAVED BEST*]
Epoch  160 | Val Loss: 0.4157 | Val Cost:    0.00 | Val Max P-Miss: 0.4197 | Val Max Q-Miss: 0.0746 | Val Max Gen Viol: 0.0000 | Val Max Thermal: 0.0000
Epoch  170 | Val Loss: 0.4260 | Val Cost:    0.00 | Val Max P-Miss: 0.4360 | Val Max Q-Miss: 0.0800 | Val Max Gen Viol: 0.0000 | Val Max Thermal: 0.0000
Epoch  180 | Val Loss: 0.4049 | Val Cost:    0.00 | Val Max P-Miss: 0.3995 | Val Max Q-Miss: 0.0650 | Val Max Gen Viol: 0.0000 | Val Max Thermal: 0.0000 [*SAVED BEST*]
Epoch  190 | Val Loss: 0.4141 | Val Cost:    0.00 | Val Max P-Miss: 0.4176 | Val Max Q-Miss: 0.0725 | Val Max Gen Viol: 0.0000 | Val Max Thermal: 0.0000
Epoch  200 | Val Loss: 0.4030 | Val Cost:    0.00 | Val Max P-Miss: 0.4026 | Val Max Q-Miss: 0.0687 | Val Max Gen Viol: 0.0000 | Val Max Thermal: 0.0000 [*SAVED BEST*]
Epoch  210 | Val Loss: 0.4017 | Val Cost:    0.00 | Val Max P-Miss: 0.3968 | Val Max Q-Miss: 0.0577 | Val Max Gen Viol: 0.0000 | Val Max Thermal: 0.0000 [*SAVED BEST*]
Epoch  220 | Val Loss: 0.3984 | Val Cost:    0.00 | Val Max P-Miss: 0.3916 | Val Max Q-Miss: 0.0609 | Val Max Gen Viol: 0.0000 | Val Max Thermal: 0.0000 [*SAVED BEST*]
Epoch  230 | Val Loss: 0.3943 | Val Cost:    0.00 | Val Max P-Miss: 0.3817 | Val Max Q-Miss: 0.0747 | Val Max Gen Viol: 0.0000 | Val Max Thermal: 0.0000 [*SAVED BEST*]
Epoch  240 | Val Loss: 0.3937 | Val Cost:    0.00 | Val Max P-Miss: 0.3770 | Val Max Q-Miss: 0.0970 | Val Max Gen Viol: 0.0000 | Val Max Thermal: 0.0000 [*SAVED BEST*]
Epoch  250 | Val Loss: 0.4316 | Val Cost:    0.00 | Val Max P-Miss: 0.3475 | Val Max Q-Miss: 0.1042 | Val Max Gen Viol: 0.0000 | Val Max Thermal: 0.0000
Epoch  260 | Val Loss: 0.4611 | Val Cost:    0.00 | Val Max P-Miss: 0.3747 | Val Max Q-Miss: 0.0754 | Val Max Gen Viol: 0.0000 | Val Max Thermal: 0.0000
Epoch  270 | Val Loss: 0.4245 | Val Cost:    0.00 | Val Max P-Miss: 0.3406 | Val Max Q-Miss: 0.0805 | Val Max Gen Viol: 0.0000 | Val Max Thermal: 0.0000
Epoch  280 | Val Loss: 0.4118 | Val Cost:    0.00 | Val Max P-Miss: 0.3241 | Val Max Q-Miss: 0.0821 | Val Max Gen Viol: 0.0000 | Val Max Thermal: 0.0000
Epoch  290 | Val Loss: 0.3980 | Val Cost:    0.00 | Val Max P-Miss: 0.3640 | Val Max Q-Miss: 0.1247 | Val Max Gen Viol: 0.0000 | Val Max Thermal: 0.0000
Epoch  300 | Val Loss: 0.3912 | Val Cost:    0.00 | Val Max P-Miss: 0.3681 | Val Max Q-Miss: 0.0971 | Val Max Gen Viol: 0.0000 | Val Max Thermal: 0.0000 [*SAVED BEST*]
Epoch  310 | Val Loss: 0.3764 | Val Cost:    0.00 | Val Max P-Miss: 0.3222 | Val Max Q-Miss: 0.0915 | Val Max Gen Viol: 0.0000 | Val Max Thermal: 0.0000 [*SAVED BEST*]
Epoch  320 | Val Loss: 0.3749 | Val Cost:    0.00 | Val Max P-Miss: 0.3218 | Val Max Q-Miss: 0.0626 | Val Max Gen Viol: 0.0000 | Val Max Thermal: 0.0000 [*SAVED BEST*]
Epoch  330 | Val Loss: 0.3788 | Val Cost:    0.00 | Val Max P-Miss: 0.3254 | Val Max Q-Miss: 0.0646 | Val Max Gen Viol: 0.0000 | Val Max Thermal: 0.0000
Epoch  340 | Val Loss: 0.3754 | Val Cost:    0.00 | Val Max P-Miss: 0.3132 | Val Max Q-Miss: 0.0809 | Val Max Gen Viol: 0.0000 | Val Max Thermal: 0.0000
Epoch  350 | Val Loss: 0.3795 | Val Cost:    0.00 | Val Max P-Miss: 0.3221 | Val Max Q-Miss: 0.1123 | Val Max Gen Viol: 0.0000 | Val Max Thermal: 0.0000
Epoch  360 | Val Loss: 0.3786 | Val Cost:    0.00 | Val Max P-Miss: 0.3079 | Val Max Q-Miss: 0.0885 | Val Max Gen Viol: 0.0000 | Val Max Thermal: 0.0000
Epoch  370 | Val Loss: 0.3801 | Val Cost:    0.00 | Val Max P-Miss: 0.3120 | Val Max Q-Miss: 0.0993 | Val Max Gen Viol: 0.0000 | Val Max Thermal: 0.0000
Epoch  380 | Val Loss: 0.3792 | Val Cost:    0.00 | Val Max P-Miss: 0.3061 | Val Max Q-Miss: 0.1028 | Val Max Gen Viol: 0.0000 | Val Max Thermal: 0.0000
Epoch  390 | Val Loss: 0.3780 | Val Cost:    0.00 | Val Max P-Miss: 0.3091 | Val Max Q-Miss: 0.0881 | Val Max Gen Viol: 0.0000 | Val Max Thermal: 0.0000
Epoch  400 | Val Loss: 0.3751 | Val Cost:    0.00 | Val Max P-Miss: 0.3142 | Val Max Q-Miss: 0.1030 | Val Max Gen Viol: 0.0000 | Val Max Thermal: 0.0000
Epoch  410 | Val Loss: 0.3737 | Val Cost:    0.00 | Val Max P-Miss: 0.3097 | Val Max Q-Miss: 0.1668 | Val Max Gen Viol: 0.0000 | Val Max Thermal: 0.0000 [*SAVED BEST*]
Epoch  420 | Val Loss: 0.3740 | Val Cost:    0.00 | Val Max P-Miss: 0.3145 | Val Max Q-Miss: 0.1177 | Val Max Gen Viol: 0.0000 | Val Max Thermal: 0.0000
Epoch  430 | Val Loss: 0.3750 | Val Cost:    0.00 | Val Max P-Miss: 0.3150 | Val Max Q-Miss: 0.1096 | Val Max Gen Viol: 0.0000 | Val Max Thermal: 0.0000
Epoch  440 | Val Loss: 0.3744 | Val Cost:    0.00 | Val Max P-Miss: 0.3146 | Val Max Q-Miss: 0.1381 | Val Max Gen Viol: 0.0000 | Val Max Thermal: 0.0000
Epoch  450 | Val Loss: 0.3757 | Val Cost:    0.00 | Val Max P-Miss: 0.3221 | Val Max Q-Miss: 0.1380 | Val Max Gen Viol: 0.0000 | Val Max Thermal: 0.0000
Epoch  460 | Val Loss: 0.3750 | Val Cost:    0.00 | Val Max P-Miss: 0.3164 | Val Max Q-Miss: 0.1354 | Val Max Gen Viol: 0.0000 | Val Max Thermal: 0.0000
Epoch  470 | Val Loss: 0.3899 | Val Cost:    0.00 | Val Max P-Miss: 0.3129 | Val Max Q-Miss: 0.1589 | Val Max Gen Viol: 0.0000 | Val Max Thermal: 0.0000
Epoch  480 | Val Loss: 0.4173 | Val Cost:    0.00 | Val Max P-Miss: 0.4325 | Val Max Q-Miss: 0.1882 | Val Max Gen Viol: 0.0000 | Val Max Thermal: 0.0000
Epoch  490 | Val Loss: 0.3791 | Val Cost:    0.00 | Val Max P-Miss: 0.3597 | Val Max Q-Miss: 0.0757 | Val Max Gen Viol: 0.0000 | Val Max Thermal: 0.0000
Epoch  500 | Val Loss: 0.3595 | Val Cost:    0.00 | Val Max P-Miss: 0.2677 | Val Max Q-Miss: 0.1002 | Val Max Gen Viol: 0.0000 | Val Max Thermal: 0.0000 [*SAVED BEST*]
Epoch  510 | Val Loss: 0.3794 | Val Cost:    0.00 | Val Max P-Miss: 0.3275 | Val Max Q-Miss: 0.1070 | Val Max Gen Viol: 0.0000 | Val Max Thermal: 0.0000
Epoch  520 | Val Loss: 0.3761 | Val Cost:    0.00 | Val Max P-Miss: 0.3088 | Val Max Q-Miss: 0.1145 | Val Max Gen Viol: 0.0000 | Val Max Thermal: 0.0000
Epoch  530 | Val Loss: 0.3700 | Val Cost:    0.00 | Val Max P-Miss: 0.2985 | Val Max Q-Miss: 0.0922 | Val Max Gen Viol: 0.0000 | Val Max Thermal: 0.0000
Epoch  540 | Val Loss: 0.3745 | Val Cost:    0.00 | Val Max P-Miss: 0.3103 | Val Max Q-Miss: 0.1397 | Val Max Gen Viol: 0.0000 | Val Max Thermal: 0.0000
Epoch  550 | Val Loss: 0.3777 | Val Cost:    0.00 | Val Max P-Miss: 0.3254 | Val Max Q-Miss: 0.1589 | Val Max Gen Viol: 0.0000 | Val Max Thermal: 0.0000
Epoch  560 | Val Loss: 0.3809 | Val Cost:    0.00 | Val Max P-Miss: 0.3071 | Val Max Q-Miss: 0.1456 | Val Max Gen Viol: 0.0000 | Val Max Thermal: 0.0000
Epoch  570 | Val Loss: 0.3830 | Val Cost:    0.00 | Val Max P-Miss: 0.3233 | Val Max Q-Miss: 0.1501 | Val Max Gen Viol: 0.0000 | Val Max Thermal: 0.0000
Epoch  580 | Val Loss: 0.3766 | Val Cost:    0.00 | Val Max P-Miss: 0.2963 | Val Max Q-Miss: 0.2159 | Val Max Gen Viol: 0.0000 | Val Max Thermal: 0.0000
Epoch  590 | Val Loss: 0.3748 | Val Cost:    0.00 | Val Max P-Miss: 0.2932 | Val Max Q-Miss: 0.1198 | Val Max Gen Viol: 0.0000 | Val Max Thermal: 0.0000
Epoch  600 | Val Loss: 0.3669 | Val Cost:    0.00 | Val Max P-Miss: 0.2923 | Val Max Q-Miss: 0.0857 | Val Max Gen Viol: 0.0000 | Val Max Thermal: 0.0000
Epoch  610 | Val Loss: 0.3645 | Val Cost:    0.00 | Val Max P-Miss: 0.2773 | Val Max Q-Miss: 0.0448 | Val Max Gen Viol: 0.0000 | Val Max Thermal: 0.0000
Epoch  620 | Val Loss: 0.3715 | Val Cost:    0.00 | Val Max P-Miss: 0.3049 | Val Max Q-Miss: 0.0432 | Val Max Gen Viol: 0.0000 | Val Max Thermal: 0.0000
Epoch  630 | Val Loss: 0.3739 | Val Cost:    0.00 | Val Max P-Miss: 0.3327 | Val Max Q-Miss: 0.0510 | Val Max Gen Viol: 0.0000 | Val Max Thermal: 0.0000
Epoch  640 | Val Loss: 0.3700 | Val Cost:    0.00 | Val Max P-Miss: 0.3175 | Val Max Q-Miss: 0.0456 | Val Max Gen Viol: 0.0000 | Val Max Thermal: 0.0000
Epoch  650 | Val Loss: 0.3675 | Val Cost:    0.00 | Val Max P-Miss: 0.3033 | Val Max Q-Miss: 0.0424 | Val Max Gen Viol: 0.0000 | Val Max Thermal: 0.0000
Epoch  660 | Val Loss: 0.3664 | Val Cost:    0.00 | Val Max P-Miss: 0.3011 | Val Max Q-Miss: 0.0417 | Val Max Gen Viol: 0.0000 | Val Max Thermal: 0.0000
Epoch  670 | Val Loss: 0.3639 | Val Cost:    0.00 | Val Max P-Miss: 0.2912 | Val Max Q-Miss: 0.0573 | Val Max Gen Viol: 0.0000 | Val Max Thermal: 0.0000
Epoch  680 | Val Loss: 0.3842 | Val Cost:    0.00 | Val Max P-Miss: 0.3083 | Val Max Q-Miss: 0.0875 | Val Max Gen Viol: 0.0000 | Val Max Thermal: 0.0000
Epoch  690 | Val Loss: 0.3733 | Val Cost:    0.00 | Val Max P-Miss: 0.2728 | Val Max Q-Miss: 0.0914 | Val Max Gen Viol: 0.0000 | Val Max Thermal: 0.0000
Epoch  700 | Val Loss: 0.3678 | Val Cost:    0.00 | Val Max P-Miss: 0.3089 | Val Max Q-Miss: 0.0402 | Val Max Gen Viol: 0.0000 | Val Max Thermal: 0.0000
Epoch  710 | Val Loss: 0.3706 | Val Cost:    0.00 | Val Max P-Miss: 0.3193 | Val Max Q-Miss: 0.0404 | Val Max Gen Viol: 0.0000 | Val Max Thermal: 0.0000
Epoch  720 | Val Loss: 0.3688 | Val Cost:    0.00 | Val Max P-Miss: 0.3160 | Val Max Q-Miss: 0.0509 | Val Max Gen Viol: 0.0000 | Val Max Thermal: 0.0000
Epoch  730 | Val Loss: 0.3676 | Val Cost:    0.00 | Val Max P-Miss: 0.3096 | Val Max Q-Miss: 0.0421 | Val Max Gen Viol: 0.0000 | Val Max Thermal: 0.0000
Epoch  740 | Val Loss: 0.3674 | Val Cost:    0.00 | Val Max P-Miss: 0.3109 | Val Max Q-Miss: 0.0357 | Val Max Gen Viol: 0.0000 | Val Max Thermal: 0.0000
Epoch  750 | Val Loss: 0.3697 | Val Cost:    0.00 | Val Max P-Miss: 0.3237 | Val Max Q-Miss: 0.0366 | Val Max Gen Viol: 0.0000 | Val Max Thermal: 0.0000
Epoch  760 | Val Loss: 0.3653 | Val Cost:    0.00 | Val Max P-Miss: 0.3015 | Val Max Q-Miss: 0.0441 | Val Max Gen Viol: 0.0000 | Val Max Thermal: 0.0000
Epoch  770 | Val Loss: 0.3677 | Val Cost:    0.00 | Val Max P-Miss: 0.3029 | Val Max Q-Miss: 0.0624 | Val Max Gen Viol: 0.0000 | Val Max Thermal: 0.0000
Epoch  780 | Val Loss: 0.3666 | Val Cost:    0.00 | Val Max P-Miss: 0.3013 | Val Max Q-Miss: 0.0981 | Val Max Gen Viol: 0.0000 | Val Max Thermal: 0.0000
Epoch  790 | Val Loss: 0.3687 | Val Cost:    0.00 | Val Max P-Miss: 0.2978 | Val Max Q-Miss: 0.0986 | Val Max Gen Viol: 0.0000 | Val Max Thermal: 0.0000
Epoch  800 | Val Loss: 0.3645 | Val Cost:    0.00 | Val Max P-Miss: 0.2868 | Val Max Q-Miss: 0.1273 | Val Max Gen Viol: 0.0000 | Val Max Thermal: 0.0000
Epoch  810 | Val Loss: 0.3649 | Val Cost:    0.00 | Val Max P-Miss: 0.2933 | Val Max Q-Miss: 0.1685 | Val Max Gen Viol: 0.0000 | Val Max Thermal: 0.0000
Epoch  820 | Val Loss: 0.3659 | Val Cost:    0.00 | Val Max P-Miss: 0.2969 | Val Max Q-Miss: 0.0743 | Val Max Gen Viol: 0.0000 | Val Max Thermal: 0.0000
Epoch  830 | Val Loss: 0.3633 | Val Cost:    0.00 | Val Max P-Miss: 0.2939 | Val Max Q-Miss: 0.0389 | Val Max Gen Viol: 0.0000 | Val Max Thermal: 0.0000
Epoch  840 | Val Loss: 0.3630 | Val Cost:    0.00 | Val Max P-Miss: 0.2897 | Val Max Q-Miss: 0.0356 | Val Max Gen Viol: 0.0000 | Val Max Thermal: 0.0000
Epoch  850 | Val Loss: 0.3637 | Val Cost:    0.00 | Val Max P-Miss: 0.2873 | Val Max Q-Miss: 0.0317 | Val Max Gen Viol: 0.0000 | Val Max Thermal: 0.0000
Epoch  860 | Val Loss: 0.4018 | Val Cost:    0.00 | Val Max P-Miss: 0.4123 | Val Max Q-Miss: 0.0811 | Val Max Gen Viol: 0.0000 | Val Max Thermal: 0.0000
Epoch  870 | Val Loss: 0.4068 | Val Cost:    0.00 | Val Max P-Miss: 0.3439 | Val Max Q-Miss: 0.0801 | Val Max Gen Viol: 0.0000 | Val Max Thermal: 0.0000
Epoch  880 | Val Loss: 0.3617 | Val Cost:    0.00 | Val Max P-Miss: 0.2565 | Val Max Q-Miss: 0.0347 | Val Max Gen Viol: 0.0000 | Val Max Thermal: 0.0000
Epoch  890 | Val Loss: 0.3646 | Val Cost:    0.00 | Val Max P-Miss: 0.2637 | Val Max Q-Miss: 0.0350 | Val Max Gen Viol: 0.0000 | Val Max Thermal: 0.0000
Epoch  900 | Val Loss: 0.3608 | Val Cost:    0.00 | Val Max P-Miss: 0.2561 | Val Max Q-Miss: 0.0346 | Val Max Gen Viol: 0.0000 | Val Max Thermal: 0.0000
Epoch  910 | Val Loss: 0.3599 | Val Cost:    0.00 | Val Max P-Miss: 0.2518 | Val Max Q-Miss: 0.0332 | Val Max Gen Viol: 0.0000 | Val Max Thermal: 0.0000
Epoch  920 | Val Loss: 0.3604 | Val Cost:    0.00 | Val Max P-Miss: 0.2524 | Val Max Q-Miss: 0.0333 | Val Max Gen Viol: 0.0000 | Val Max Thermal: 0.0000
Epoch  930 | Val Loss: 0.3611 | Val Cost:    0.00 | Val Max P-Miss: 0.2530 | Val Max Q-Miss: 0.0328 | Val Max Gen Viol: 0.0000 | Val Max Thermal: 0.0000
Epoch  940 | Val Loss: 0.3635 | Val Cost:    0.00 | Val Max P-Miss: 0.2601 | Val Max Q-Miss: 0.0316 | Val Max Gen Viol: 0.0000 | Val Max Thermal: 0.0000
Epoch  950 | Val Loss: 0.3709 | Val Cost:    0.00 | Val Max P-Miss: 0.2749 | Val Max Q-Miss: 0.0427 | Val Max Gen Viol: 0.0000 | Val Max Thermal: 0.0000
Epoch  960 | Val Loss: 0.3581 | Val Cost:    0.00 | Val Max P-Miss: 0.2520 | Val Max Q-Miss: 0.0483 | Val Max Gen Viol: 0.0000 | Val Max Thermal: 0.0000 [*SAVED BEST*]
Epoch  970 | Val Loss: 0.3559 | Val Cost:    0.00 | Val Max P-Miss: 0.2342 | Val Max Q-Miss: 0.0370 | Val Max Gen Viol: 0.0000 | Val Max Thermal: 0.0000 [*SAVED BEST*]
Epoch  980 | Val Loss: 0.3565 | Val Cost:    0.00 | Val Max P-Miss: 0.2451 | Val Max Q-Miss: 0.0358 | Val Max Gen Viol: 0.0000 | Val Max Thermal: 0.0000
Epoch  990 | Val Loss: 0.3567 | Val Cost:    0.00 | Val Max P-Miss: 0.2394 | Val Max Q-Miss: 0.0424 | Val Max Gen Viol: 0.0000 | Val Max Thermal: 0.0000
Epoch 1000 | Val Loss: 0.3558 | Val Cost:    0.00 | Val Max P-Miss: 0.2405 | Val Max Q-Miss: 0.0347 | Val Max Gen Viol: 0.0000 | Val Max Thermal: 0.0000 [*SAVED BEST*]
Epoch 1010 | Val Loss: 0.3560 | Val Cost:    0.00 | Val Max P-Miss: 0.2384 | Val Max Q-Miss: 0.0354 | Val Max Gen Viol: 0.0000 | Val Max Thermal: 0.0000
Epoch 1020 | Val Loss: 0.3590 | Val Cost:    0.00 | Val Max P-Miss: 0.2447 | Val Max Q-Miss: 0.0497 | Val Max Gen Viol: 0.0000 | Val Max Thermal: 0.0000
Epoch 1030 | Val Loss: 0.3565 | Val Cost:    0.00 | Val Max P-Miss: 0.2400 | Val Max Q-Miss: 0.0362 | Val Max Gen Viol: 0.0000 | Val Max Thermal: 0.0000
Epoch 1040 | Val Loss: 0.3563 | Val Cost:    0.00 | Val Max P-Miss: 0.2407 | Val Max Q-Miss: 0.0352 | Val Max Gen Viol: 0.0000 | Val Max Thermal: 0.0000
Epoch 1050 | Val Loss: 0.3571 | Val Cost:    0.00 | Val Max P-Miss: 0.2353 | Val Max Q-Miss: 0.0430 | Val Max Gen Viol: 0.0000 | Val Max Thermal: 0.0000
Epoch 1060 | Val Loss: 0.3573 | Val Cost:    0.00 | Val Max P-Miss: 0.2371 | Val Max Q-Miss: 0.0506 | Val Max Gen Viol: 0.0000 | Val Max Thermal: 0.0000
Epoch 1070 | Val Loss: 0.3693 | Val Cost:    0.00 | Val Max P-Miss: 0.2801 | Val Max Q-Miss: 0.0633 | Val Max Gen Viol: 0.0000 | Val Max Thermal: 0.0000
Epoch 1080 | Val Loss: 0.3598 | Val Cost:    0.00 | Val Max P-Miss: 0.2591 | Val Max Q-Miss: 0.1303 | Val Max Gen Viol: 0.0000 | Val Max Thermal: 0.0000
Epoch 1090 | Val Loss: 0.3822 | Val Cost:    0.00 | Val Max P-Miss: 0.2533 | Val Max Q-Miss: 0.1654 | Val Max Gen Viol: 0.0000 | Val Max Thermal: 0.0000
Epoch 1100 | Val Loss: 0.3584 | Val Cost:    0.00 | Val Max P-Miss: 0.2595 | Val Max Q-Miss: 0.1560 | Val Max Gen Viol: 0.0000 | Val Max Thermal: 0.0000
Epoch 1110 | Val Loss: 0.3924 | Val Cost:    0.00 | Val Max P-Miss: 0.3149 | Val Max Q-Miss: 0.1461 | Val Max Gen Viol: 0.0000 | Val Max Thermal: 0.0000
Epoch 1120 | Val Loss: 0.3581 | Val Cost:    0.00 | Val Max P-Miss: 0.2413 | Val Max Q-Miss: 0.1118 | Val Max Gen Viol: 0.0000 | Val Max Thermal: 0.0000
Epoch 1130 | Val Loss: 0.3574 | Val Cost:    0.00 | Val Max P-Miss: 0.2305 | Val Max Q-Miss: 0.0843 | Val Max Gen Viol: 0.0000 | Val Max Thermal: 0.0000
Epoch 1140 | Val Loss: 0.4030 | Val Cost:    0.00 | Val Max P-Miss: 0.3136 | Val Max Q-Miss: 0.0556 | Val Max Gen Viol: 0.0000 | Val Max Thermal: 0.0000
Epoch 1150 | Val Loss: 0.3562 | Val Cost:    0.00 | Val Max P-Miss: 0.2432 | Val Max Q-Miss: 0.0577 | Val Max Gen Viol: 0.0000 | Val Max Thermal: 0.0000
Epoch 1160 | Val Loss: 0.3634 | Val Cost:    0.00 | Val Max P-Miss: 0.2651 | Val Max Q-Miss: 0.0716 | Val Max Gen Viol: 0.0000 | Val Max Thermal: 0.0000
Epoch 1170 | Val Loss: 0.3612 | Val Cost:    0.00 | Val Max P-Miss: 0.2589 | Val Max Q-Miss: 0.0555 | Val Max Gen Viol: 0.0000 | Val Max Thermal: 0.0000
Epoch 1180 | Val Loss: 0.3624 | Val Cost:    0.00 | Val Max P-Miss: 0.2629 | Val Max Q-Miss: 0.0668 | Val Max Gen Viol: 0.0000 | Val Max Thermal: 0.0000
Epoch 1190 | Val Loss: 0.3626 | Val Cost:    0.00 | Val Max P-Miss: 0.2617 | Val Max Q-Miss: 0.0371 | Val Max Gen Viol: 0.0000 | Val Max Thermal: 0.0000
Epoch 1200 | Val Loss: 0.3615 | Val Cost:    0.00 | Val Max P-Miss: 0.2609 | Val Max Q-Miss: 0.0352 | Val Max Gen Viol: 0.0000 | Val Max Thermal: 0.0000
Epoch 1210 | Val Loss: 0.3607 | Val Cost:    0.00 | Val Max P-Miss: 0.2558 | Val Max Q-Miss: 0.0356 | Val Max Gen Viol: 0.0000 | Val Max Thermal: 0.0000
Epoch 1220 | Val Loss: 0.3606 | Val Cost:    0.00 | Val Max P-Miss: 0.2539 | Val Max Q-Miss: 0.0802 | Val Max Gen Viol: 0.0000 | Val Max Thermal: 0.0000
Epoch 1230 | Val Loss: 0.3609 | Val Cost:    0.00 | Val Max P-Miss: 0.2542 | Val Max Q-Miss: 0.0570 | Val Max Gen Viol: 0.0000 | Val Max Thermal: 0.0000
Epoch 1240 | Val Loss: 0.3601 | Val Cost:    0.00 | Val Max P-Miss: 0.2567 | Val Max Q-Miss: 0.0805 | Val Max Gen Viol: 0.0000 | Val Max Thermal: 0.0000
Epoch 1250 | Val Loss: 0.3625 | Val Cost:    0.00 | Val Max P-Miss: 0.2667 | Val Max Q-Miss: 0.0685 | Val Max Gen Viol: 0.0000 | Val Max Thermal: 0.0000
Epoch 1260 | Val Loss: 0.3626 | Val Cost:    0.00 | Val Max P-Miss: 0.2587 | Val Max Q-Miss: 0.0793 | Val Max Gen Viol: 0.0000 | Val Max Thermal: 0.0000
Epoch 1270 | Val Loss: 0.3586 | Val Cost:    0.00 | Val Max P-Miss: 0.2488 | Val Max Q-Miss: 0.0864 | Val Max Gen Viol: 0.0000 | Val Max Thermal: 0.0000
Epoch 1280 | Val Loss: 0.3596 | Val Cost:    0.00 | Val Max P-Miss: 0.2474 | Val Max Q-Miss: 0.1132 | Val Max Gen Viol: 0.0000 | Val Max Thermal: 0.0000
Epoch 1290 | Val Loss: 0.3603 | Val Cost:    0.00 | Val Max P-Miss: 0.2630 | Val Max Q-Miss: 0.1087 | Val Max Gen Viol: 0.0000 | Val Max Thermal: 0.0000
Epoch 1300 | Val Loss: 0.3584 | Val Cost:    0.00 | Val Max P-Miss: 0.2321 | Val Max Q-Miss: 0.1188 | Val Max Gen Viol: 0.0000 | Val Max Thermal: 0.0000
Epoch 1310 | Val Loss: 0.3565 | Val Cost:    0.00 | Val Max P-Miss: 0.2417 | Val Max Q-Miss: 0.0360 | Val Max Gen Viol: 0.0000 | Val Max Thermal: 0.0000
Epoch 1320 | Val Loss: 0.3574 | Val Cost:    0.00 | Val Max P-Miss: 0.2441 | Val Max Q-Miss: 0.0400 | Val Max Gen Viol: 0.0000 | Val Max Thermal: 0.0000
Epoch 1330 | Val Loss: 0.3558 | Val Cost:    0.00 | Val Max P-Miss: 0.2356 | Val Max Q-Miss: 0.0354 | Val Max Gen Viol: 0.0000 | Val Max Thermal: 0.0000
Epoch 1340 | Val Loss: 0.4477 | Val Cost:    0.00 | Val Max P-Miss: 0.3256 | Val Max Q-Miss: 0.0909 | Val Max Gen Viol: 0.0000 | Val Max Thermal: 0.0000
Epoch 1350 | Val Loss: 0.3559 | Val Cost:    0.00 | Val Max P-Miss: 0.2294 | Val Max Q-Miss: 0.0345 | Val Max Gen Viol: 0.0000 | Val Max Thermal: 0.0000
Epoch 1360 | Val Loss: 0.3559 | Val Cost:    0.00 | Val Max P-Miss: 0.2285 | Val Max Q-Miss: 0.0345 | Val Max Gen Viol: 0.0000 | Val Max Thermal: 0.0000
Epoch 1370 | Val Loss: 0.3560 | Val Cost:    0.00 | Val Max P-Miss: 0.2295 | Val Max Q-Miss: 0.0355 | Val Max Gen Viol: 0.0000 | Val Max Thermal: 0.0000
Epoch 1380 | Val Loss: 0.3568 | Val Cost:    0.00 | Val Max P-Miss: 0.2352 | Val Max Q-Miss: 0.0319 | Val Max Gen Viol: 0.0000 | Val Max Thermal: 0.0000
Epoch 1390 | Val Loss: 0.3560 | Val Cost:    0.00 | Val Max P-Miss: 0.2308 | Val Max Q-Miss: 0.0330 | Val Max Gen Viol: 0.0000 | Val Max Thermal: 0.0000
Epoch 1400 | Val Loss: 0.3566 | Val Cost:    0.00 | Val Max P-Miss: 0.2334 | Val Max Q-Miss: 0.0315 | Val Max Gen Viol: 0.0000 | Val Max Thermal: 0.0000
Epoch 1410 | Val Loss: 0.3576 | Val Cost:    0.00 | Val Max P-Miss: 0.2394 | Val Max Q-Miss: 0.0321 | Val Max Gen Viol: 0.0000 | Val Max Thermal: 0.0000
Epoch 1420 | Val Loss: 0.3587 | Val Cost:    0.00 | Val Max P-Miss: 0.2458 | Val Max Q-Miss: 0.0324 | Val Max Gen Viol: 0.0000 | Val Max Thermal: 0.0000
Epoch 1430 | Val Loss: 0.3590 | Val Cost:    0.00 | Val Max P-Miss: 0.2494 | Val Max Q-Miss: 0.0391 | Val Max Gen Viol: 0.0000 | Val Max Thermal: 0.0000
Epoch 1440 | Val Loss: 0.3564 | Val Cost:    0.00 | Val Max P-Miss: 0.2222 | Val Max Q-Miss: 0.1307 | Val Max Gen Viol: 0.0000 | Val Max Thermal: 0.0000
Epoch 1450 | Val Loss: 0.3618 | Val Cost:    0.00 | Val Max P-Miss: 0.2395 | Val Max Q-Miss: 0.0940 | Val Max Gen Viol: 0.0000 | Val Max Thermal: 0.0000
Epoch 1460 | Val Loss: 0.3567 | Val Cost:    0.00 | Val Max P-Miss: 0.2440 | Val Max Q-Miss: 0.0361 | Val Max Gen Viol: 0.0000 | Val Max Thermal: 0.0000
Epoch 1470 | Val Loss: 0.3639 | Val Cost:    0.00 | Val Max P-Miss: 0.2778 | Val Max Q-Miss: 0.0374 | Val Max Gen Viol: 0.0000 | Val Max Thermal: 0.0000
Epoch 1480 | Val Loss: 0.3652 | Val Cost:    0.00 | Val Max P-Miss: 0.2664 | Val Max Q-Miss: 0.0430 | Val Max Gen Viol: 0.0000 | Val Max Thermal: 0.0000
Epoch 1490 | Val Loss: 0.3653 | Val Cost:    0.00 | Val Max P-Miss: 0.2736 | Val Max Q-Miss: 0.0428 | Val Max Gen Viol: 0.0000 | Val Max Thermal: 0.0000
Epoch 1500 | Val Loss: 0.3586 | Val Cost:    0.00 | Val Max P-Miss: 0.2445 | Val Max Q-Miss: 0.0476 | Val Max Gen Viol: 0.0000 | Val Max Thermal: 0.0000
Epoch 1510 | Val Loss: 0.3560 | Val Cost:    0.00 | Val Max P-Miss: 0.2234 | Val Max Q-Miss: 0.0330 | Val Max Gen Viol: 0.0000 | Val Max Thermal: 0.0000
Epoch 1520 | Val Loss: 0.3627 | Val Cost:    0.00 | Val Max P-Miss: 0.2693 | Val Max Q-Miss: 0.0316 | Val Max Gen Viol: 0.0000 | Val Max Thermal: 0.0000
Epoch 1530 | Val Loss: 0.3689 | Val Cost:    0.00 | Val Max P-Miss: 0.2653 | Val Max Q-Miss: 0.0751 | Val Max Gen Viol: 0.0000 | Val Max Thermal: 0.0000
Epoch 1540 | Val Loss: 0.3565 | Val Cost:    0.00 | Val Max P-Miss: 0.2252 | Val Max Q-Miss: 0.0341 | Val Max Gen Viol: 0.0000 | Val Max Thermal: 0.0000
Epoch 1550 | Val Loss: 0.3563 | Val Cost:    0.00 | Val Max P-Miss: 0.2234 | Val Max Q-Miss: 0.0328 | Val Max Gen Viol: 0.0000 | Val Max Thermal: 0.0000
Epoch 1560 | Val Loss: 0.3564 | Val Cost:    0.00 | Val Max P-Miss: 0.2367 | Val Max Q-Miss: 0.0346 | Val Max Gen Viol: 0.0000 | Val Max Thermal: 0.0000
Epoch 1570 | Val Loss: 0.3558 | Val Cost:    0.00 | Val Max P-Miss: 0.2207 | Val Max Q-Miss: 0.0348 | Val Max Gen Viol: 0.0000 | Val Max Thermal: 0.0000 [*SAVED BEST*]
Epoch 1580 | Val Loss: 0.3564 | Val Cost:    0.00 | Val Max P-Miss: 0.2259 | Val Max Q-Miss: 0.0334 | Val Max Gen Viol: 0.0000 | Val Max Thermal: 0.0000
Epoch 1590 | Val Loss: 0.3566 | Val Cost:    0.00 | Val Max P-Miss: 0.2315 | Val Max Q-Miss: 0.0308 | Val Max Gen Viol: 0.0000 | Val Max Thermal: 0.0000
Epoch 1600 | Val Loss: 0.3574 | Val Cost:    0.00 | Val Max P-Miss: 0.2346 | Val Max Q-Miss: 0.0332 | Val Max Gen Viol: 0.0000 | Val Max Thermal: 0.0000
Epoch 1610 | Val Loss: 0.3558 | Val Cost:    0.00 | Val Max P-Miss: 0.2278 | Val Max Q-Miss: 0.0327 | Val Max Gen Viol: 0.0000 | Val Max Thermal: 0.0000 [*SAVED BEST*]
Epoch 1620 | Val Loss: 0.3558 | Val Cost:    0.00 | Val Max P-Miss: 0.2216 | Val Max Q-Miss: 0.0338 | Val Max Gen Viol: 0.0000 | Val Max Thermal: 0.0000
Epoch 1630 | Val Loss: 0.3561 | Val Cost:    0.00 | Val Max P-Miss: 0.2226 | Val Max Q-Miss: 0.0326 | Val Max Gen Viol: 0.0000 | Val Max Thermal: 0.0000
Epoch 1640 | Val Loss: 0.3559 | Val Cost:    0.00 | Val Max P-Miss: 0.2214 | Val Max Q-Miss: 0.0335 | Val Max Gen Viol: 0.0000 | Val Max Thermal: 0.0000
Epoch 1650 | Val Loss: 0.3567 | Val Cost:    0.00 | Val Max P-Miss: 0.2326 | Val Max Q-Miss: 0.0302 | Val Max Gen Viol: 0.0000 | Val Max Thermal: 0.0000
Epoch 1660 | Val Loss: 0.3614 | Val Cost:    0.00 | Val Max P-Miss: 0.2385 | Val Max Q-Miss: 0.0625 | Val Max Gen Viol: 0.0000 | Val Max Thermal: 0.0000
Epoch 1670 | Val Loss: 0.3559 | Val Cost:    0.00 | Val Max P-Miss: 0.2238 | Val Max Q-Miss: 0.0320 | Val Max Gen Viol: 0.0000 | Val Max Thermal: 0.0000
Epoch 1680 | Val Loss: 0.3557 | Val Cost:    0.00 | Val Max P-Miss: 0.2246 | Val Max Q-Miss: 0.0309 | Val Max Gen Viol: 0.0000 | Val Max Thermal: 0.0000 [*SAVED BEST*]
Epoch 1690 | Val Loss: 0.3566 | Val Cost:    0.00 | Val Max P-Miss: 0.2282 | Val Max Q-Miss: 0.0342 | Val Max Gen Viol: 0.0000 | Val Max Thermal: 0.0000
Epoch 1700 | Val Loss: 0.3559 | Val Cost:    0.00 | Val Max P-Miss: 0.2260 | Val Max Q-Miss: 0.0316 | Val Max Gen Viol: 0.0000 | Val Max Thermal: 0.0000
Epoch 1710 | Val Loss: 0.3676 | Val Cost:    0.00 | Val Max P-Miss: 0.2663 | Val Max Q-Miss: 0.0311 | Val Max Gen Viol: 0.0000 | Val Max Thermal: 0.0000
Epoch 1720 | Val Loss: 0.3562 | Val Cost:    0.00 | Val Max P-Miss: 0.2285 | Val Max Q-Miss: 0.0351 | Val Max Gen Viol: 0.0000 | Val Max Thermal: 0.0000
Epoch 1730 | Val Loss: 0.3558 | Val Cost:    0.00 | Val Max P-Miss: 0.2239 | Val Max Q-Miss: 0.0332 | Val Max Gen Viol: 0.0000 | Val Max Thermal: 0.0000
Epoch 1740 | Val Loss: 0.3583 | Val Cost:    0.00 | Val Max P-Miss: 0.2519 | Val Max Q-Miss: 0.0321 | Val Max Gen Viol: 0.0000 | Val Max Thermal: 0.0000
Epoch 1750 | Val Loss: 0.3615 | Val Cost:    0.00 | Val Max P-Miss: 0.2860 | Val Max Q-Miss: 0.0270 | Val Max Gen Viol: 0.0000 | Val Max Thermal: 0.0000
Epoch 1760 | Val Loss: 0.3643 | Val Cost:    0.00 | Val Max P-Miss: 0.2933 | Val Max Q-Miss: 0.0374 | Val Max Gen Viol: 0.0000 | Val Max Thermal: 0.0000
Epoch 1770 | Val Loss: 0.3617 | Val Cost:    0.00 | Val Max P-Miss: 0.2770 | Val Max Q-Miss: 0.0319 | Val Max Gen Viol: 0.0000 | Val Max Thermal: 0.0000
Epoch 1780 | Val Loss: 0.3611 | Val Cost:    0.00 | Val Max P-Miss: 0.2721 | Val Max Q-Miss: 0.0515 | Val Max Gen Viol: 0.0000 | Val Max Thermal: 0.0000
Epoch 1790 | Val Loss: 0.3610 | Val Cost:    0.00 | Val Max P-Miss: 0.2700 | Val Max Q-Miss: 0.0660 | Val Max Gen Viol: 0.0000 | Val Max Thermal: 0.0000
Epoch 1800 | Val Loss: 0.3609 | Val Cost:    0.00 | Val Max P-Miss: 0.2676 | Val Max Q-Miss: 0.0473 | Val Max Gen Viol: 0.0000 | Val Max Thermal: 0.0000
Epoch 1810 | Val Loss: 0.3602 | Val Cost:    0.00 | Val Max P-Miss: 0.2650 | Val Max Q-Miss: 0.0542 | Val Max Gen Viol: 0.0000 | Val Max Thermal: 0.0000
Epoch 1820 | Val Loss: 0.3602 | Val Cost:    0.00 | Val Max P-Miss: 0.2592 | Val Max Q-Miss: 0.0604 | Val Max Gen Viol: 0.0000 | Val Max Thermal: 0.0000
Epoch 1830 | Val Loss: 0.3570 | Val Cost:    0.00 | Val Max P-Miss: 0.2292 | Val Max Q-Miss: 0.0492 | Val Max Gen Viol: 0.0000 | Val Max Thermal: 0.0000
Epoch 1840 | Val Loss: 0.3559 | Val Cost:    0.00 | Val Max P-Miss: 0.2326 | Val Max Q-Miss: 0.0948 | Val Max Gen Viol: 0.0000 | Val Max Thermal: 0.0000
Epoch 1850 | Val Loss: 0.3560 | Val Cost:    0.00 | Val Max P-Miss: 0.2472 | Val Max Q-Miss: 0.0717 | Val Max Gen Viol: 0.0000 | Val Max Thermal: 0.0000
Epoch 1860 | Val Loss: 0.3558 | Val Cost:    0.00 | Val Max P-Miss: 0.2319 | Val Max Q-Miss: 0.0628 | Val Max Gen Viol: 0.0000 | Val Max Thermal: 0.0000
Epoch 1870 | Val Loss: 0.3557 | Val Cost:    0.00 | Val Max P-Miss: 0.2275 | Val Max Q-Miss: 0.1454 | Val Max Gen Viol: 0.0000 | Val Max Thermal: 0.0000 [*SAVED BEST*]
Epoch 1880 | Val Loss: 0.3630 | Val Cost:    0.00 | Val Max P-Miss: 0.2646 | Val Max Q-Miss: 0.0504 | Val Max Gen Viol: 0.0000 | Val Max Thermal: 0.0000
Epoch 1890 | Val Loss: 0.3558 | Val Cost:    0.00 | Val Max P-Miss: 0.2214 | Val Max Q-Miss: 0.0350 | Val Max Gen Viol: 0.0000 | Val Max Thermal: 0.0000
Epoch 1900 | Val Loss: 0.3693 | Val Cost:    0.00 | Val Max P-Miss: 0.3014 | Val Max Q-Miss: 0.0480 | Val Max Gen Viol: 0.0000 | Val Max Thermal: 0.0000
Epoch 1910 | Val Loss: 0.3626 | Val Cost:    0.00 | Val Max P-Miss: 0.2707 | Val Max Q-Miss: 0.0371 | Val Max Gen Viol: 0.0000 | Val Max Thermal: 0.0000
Epoch 1920 | Val Loss: 0.3567 | Val Cost:    0.00 | Val Max P-Miss: 0.2201 | Val Max Q-Miss: 0.0817 | Val Max Gen Viol: 0.0000 | Val Max Thermal: 0.0000
Epoch 1930 | Val Loss: 0.3560 | Val Cost:    0.00 | Val Max P-Miss: 0.2171 | Val Max Q-Miss: 0.0436 | Val Max Gen Viol: 0.0000 | Val Max Thermal: 0.0000
Epoch 1940 | Val Loss: 0.3575 | Val Cost:    0.00 | Val Max P-Miss: 0.2257 | Val Max Q-Miss: 0.0688 | Val Max Gen Viol: 0.0000 | Val Max Thermal: 0.0000
Epoch 1950 | Val Loss: 0.3560 | Val Cost:    0.00 | Val Max P-Miss: 0.2269 | Val Max Q-Miss: 0.0835 | Val Max Gen Viol: 0.0000 | Val Max Thermal: 0.0000
Epoch 1960 | Val Loss: 0.3581 | Val Cost:    0.00 | Val Max P-Miss: 0.2273 | Val Max Q-Miss: 0.1558 | Val Max Gen Viol: 0.0000 | Val Max Thermal: 0.0000
Epoch 1970 | Val Loss: 0.3600 | Val Cost:    0.00 | Val Max P-Miss: 0.2429 | Val Max Q-Miss: 0.0803 | Val Max Gen Viol: 0.0000 | Val Max Thermal: 0.0000
Epoch 1980 | Val Loss: 0.3563 | Val Cost:    0.00 | Val Max P-Miss: 0.2198 | Val Max Q-Miss: 0.0372 | Val Max Gen Viol: 0.0000 | Val Max Thermal: 0.0000
Epoch 1990 | Val Loss: 0.3738 | Val Cost:    0.00 | Val Max P-Miss: 0.2800 | Val Max Q-Miss: 0.1647 | Val Max Gen Viol: 0.0000 | Val Max Thermal: 0.0000
Epoch 2000 | Val Loss: 0.3584 | Val Cost:    0.00 | Val Max P-Miss: 0.2256 | Val Max Q-Miss: 0.1288 | Val Max Gen Viol: 0.0000 | Val Max Thermal: 0.0000
Epoch 2010 | Val Loss: 0.3574 | Val Cost:    0.00 | Val Max P-Miss: 0.2485 | Val Max Q-Miss: 0.0812 | Val Max Gen Viol: 0.0000 | Val Max Thermal: 0.0000
Epoch 2020 | Val Loss: 0.3566 | Val Cost:    0.00 | Val Max P-Miss: 0.2314 | Val Max Q-Miss: 0.0660 | Val Max Gen Viol: 0.0000 | Val Max Thermal: 0.0000
Epoch 2030 | Val Loss: 0.3589 | Val Cost:    0.00 | Val Max P-Miss: 0.2548 | Val Max Q-Miss: 0.0590 | Val Max Gen Viol: 0.0000 | Val Max Thermal: 0.0000
Epoch 2040 | Val Loss: 0.3561 | Val Cost:    0.00 | Val Max P-Miss: 0.2265 | Val Max Q-Miss: 0.0326 | Val Max Gen Viol: 0.0000 | Val Max Thermal: 0.0000
Epoch 2050 | Val Loss: 0.3573 | Val Cost:    0.00 | Val Max P-Miss: 0.2285 | Val Max Q-Miss: 0.0380 | Val Max Gen Viol: 0.0000 | Val Max Thermal: 0.0000
Epoch 2060 | Val Loss: 0.3568 | Val Cost:    0.00 | Val Max P-Miss: 0.2227 | Val Max Q-Miss: 0.2207 | Val Max Gen Viol: 0.0000 | Val Max Thermal: 0.0000
Epoch 2070 | Val Loss: 0.4095 | Val Cost:    0.00 | Val Max P-Miss: 0.3531 | Val Max Q-Miss: 0.0762 | Val Max Gen Viol: 0.0000 | Val Max Thermal: 0.0000
Epoch 2080 | Val Loss: 0.3574 | Val Cost:    0.00 | Val Max P-Miss: 0.2397 | Val Max Q-Miss: 0.0619 | Val Max Gen Viol: 0.0000 | Val Max Thermal: 0.0000
Epoch 2090 | Val Loss: 0.3564 | Val Cost:    0.00 | Val Max P-Miss: 0.2305 | Val Max Q-Miss: 0.0332 | Val Max Gen Viol: 0.0000 | Val Max Thermal: 0.0000
Epoch 2100 | Val Loss: 0.3563 | Val Cost:    0.00 | Val Max P-Miss: 0.2269 | Val Max Q-Miss: 0.0322 | Val Max Gen Viol: 0.0000 | Val Max Thermal: 0.0000
Epoch 2110 | Val Loss: 0.3559 | Val Cost:    0.00 | Val Max P-Miss: 0.2234 | Val Max Q-Miss: 0.0625 | Val Max Gen Viol: 0.0000 | Val Max Thermal: 0.0000
Epoch 2120 | Val Loss: 0.3562 | Val Cost:    0.00 | Val Max P-Miss: 0.2581 | Val Max Q-Miss: 0.1397 | Val Max Gen Viol: 0.0000 | Val Max Thermal: 0.0000
Epoch 2130 | Val Loss: 0.3562 | Val Cost:    0.00 | Val Max P-Miss: 0.2297 | Val Max Q-Miss: 0.0405 | Val Max Gen Viol: 0.0000 | Val Max Thermal: 0.0000
Epoch 2140 | Val Loss: 0.3560 | Val Cost:    0.00 | Val Max P-Miss: 0.2247 | Val Max Q-Miss: 0.0323 | Val Max Gen Viol: 0.0000 | Val Max Thermal: 0.0000
Epoch 2150 | Val Loss: 0.3610 | Val Cost:    0.00 | Val Max P-Miss: 0.2413 | Val Max Q-Miss: 0.0785 | Val Max Gen Viol: 0.0000 | Val Max Thermal: 0.0000
Epoch 2160 | Val Loss: 0.3596 | Val Cost:    0.00 | Val Max P-Miss: 0.2331 | Val Max Q-Miss: 0.1126 | Val Max Gen Viol: 0.0000 | Val Max Thermal: 0.0000
Epoch 2170 | Val Loss: 0.4112 | Val Cost:    0.00 | Val Max P-Miss: 0.3906 | Val Max Q-Miss: 0.0895 | Val Max Gen Viol: 0.0000 | Val Max Thermal: 0.0000
Epoch 2180 | Val Loss: 0.3578 | Val Cost:    0.00 | Val Max P-Miss: 0.2233 | Val Max Q-Miss: 0.0647 | Val Max Gen Viol: 0.0000 | Val Max Thermal: 0.0000
Epoch 2190 | Val Loss: 0.3562 | Val Cost:    0.00 | Val Max P-Miss: 0.2242 | Val Max Q-Miss: 0.0521 | Val Max Gen Viol: 0.0000 | Val Max Thermal: 0.0000
Epoch 2200 | Val Loss: 0.3562 | Val Cost:    0.00 | Val Max P-Miss: 0.2222 | Val Max Q-Miss: 0.0558 | Val Max Gen Viol: 0.0000 | Val Max Thermal: 0.0000
Epoch 2210 | Val Loss: 0.3604 | Val Cost:    0.00 | Val Max P-Miss: 0.2199 | Val Max Q-Miss: 0.1139 | Val Max Gen Viol: 0.0000 | Val Max Thermal: 0.0000
Epoch 2220 | Val Loss: 0.3564 | Val Cost:    0.00 | Val Max P-Miss: 0.2584 | Val Max Q-Miss: 0.0853 | Val Max Gen Viol: 0.0000 | Val Max Thermal: 0.0000
Epoch 2230 | Val Loss: 0.3601 | Val Cost:    0.00 | Val Max P-Miss: 0.2658 | Val Max Q-Miss: 0.0671 | Val Max Gen Viol: 0.0000 | Val Max Thermal: 0.0000
Epoch 2240 | Val Loss: 0.3615 | Val Cost:    0.00 | Val Max P-Miss: 0.2758 | Val Max Q-Miss: 0.0614 | Val Max Gen Viol: 0.0000 | Val Max Thermal: 0.0000
Epoch 2250 | Val Loss: 0.3601 | Val Cost:    0.00 | Val Max P-Miss: 0.2647 | Val Max Q-Miss: 0.0382 | Val Max Gen Viol: 0.0000 | Val Max Thermal: 0.0000
Epoch 2260 | Val Loss: 0.3597 | Val Cost:    0.00 | Val Max P-Miss: 0.2644 | Val Max Q-Miss: 0.0356 | Val Max Gen Viol: 0.0000 | Val Max Thermal: 0.0000
Epoch 2270 | Val Loss: 0.3591 | Val Cost:    0.00 | Val Max P-Miss: 0.2600 | Val Max Q-Miss: 0.1090 | Val Max Gen Viol: 0.0000 | Val Max Thermal: 0.0000
Epoch 2280 | Val Loss: 0.3576 | Val Cost:    0.00 | Val Max P-Miss: 0.2238 | Val Max Q-Miss: 0.1804 | Val Max Gen Viol: 0.0000 | Val Max Thermal: 0.0000
Epoch 2290 | Val Loss: 0.3557 | Val Cost:    0.00 | Val Max P-Miss: 0.2324 | Val Max Q-Miss: 0.0585 | Val Max Gen Viol: 0.0000 | Val Max Thermal: 0.0000 [*SAVED BEST*]
Epoch 2300 | Val Loss: 0.3555 | Val Cost:    0.00 | Val Max P-Miss: 0.2318 | Val Max Q-Miss: 0.0357 | Val Max Gen Viol: 0.0000 | Val Max Thermal: 0.0000 [*SAVED BEST*]
Epoch 2310 | Val Loss: 0.3554 | Val Cost:    0.00 | Val Max P-Miss: 0.2295 | Val Max Q-Miss: 0.0396 | Val Max Gen Viol: 0.0000 | Val Max Thermal: 0.0000 [*SAVED BEST*]
Epoch 2320 | Val Loss: 0.3575 | Val Cost:    0.00 | Val Max P-Miss: 0.2217 | Val Max Q-Miss: 0.2182 | Val Max Gen Viol: 0.0000 | Val Max Thermal: 0.0000
Epoch 2330 | Val Loss: 0.3558 | Val Cost:    0.00 | Val Max P-Miss: 0.2341 | Val Max Q-Miss: 0.0355 | Val Max Gen Viol: 0.0000 | Val Max Thermal: 0.0000
Epoch 2340 | Val Loss: 0.3557 | Val Cost:    0.00 | Val Max P-Miss: 0.2298 | Val Max Q-Miss: 0.1140 | Val Max Gen Viol: 0.0000 | Val Max Thermal: 0.0000
Epoch 2350 | Val Loss: 0.3571 | Val Cost:    0.00 | Val Max P-Miss: 0.2394 | Val Max Q-Miss: 0.0631 | Val Max Gen Viol: 0.0000 | Val Max Thermal: 0.0000
Epoch 2360 | Val Loss: 0.3611 | Val Cost:    0.00 | Val Max P-Miss: 0.2584 | Val Max Q-Miss: 0.0591 | Val Max Gen Viol: 0.0000 | Val Max Thermal: 0.0000
Epoch 2370 | Val Loss: 0.3560 | Val Cost:    0.00 | Val Max P-Miss: 0.2312 | Val Max Q-Miss: 0.1568 | Val Max Gen Viol: 0.0000 | Val Max Thermal: 0.0000
Epoch 2380 | Val Loss: 0.3576 | Val Cost:    0.00 | Val Max P-Miss: 0.2588 | Val Max Q-Miss: 0.1050 | Val Max Gen Viol: 0.0000 | Val Max Thermal: 0.0000
Epoch 2390 | Val Loss: 0.3728 | Val Cost:    0.00 | Val Max P-Miss: 0.3113 | Val Max Q-Miss: 0.0848 | Val Max Gen Viol: 0.0000 | Val Max Thermal: 0.0000
Epoch 2400 | Val Loss: 0.3601 | Val Cost:    0.00 | Val Max P-Miss: 0.2499 | Val Max Q-Miss: 0.0573 | Val Max Gen Viol: 0.0000 | Val Max Thermal: 0.0000
Epoch 2410 | Val Loss: 0.3604 | Val Cost:    0.00 | Val Max P-Miss: 0.2429 | Val Max Q-Miss: 0.0830 | Val Max Gen Viol: 0.0000 | Val Max Thermal: 0.0000
Epoch 2420 | Val Loss: 0.3596 | Val Cost:    0.00 | Val Max P-Miss: 0.2466 | Val Max Q-Miss: 0.0431 | Val Max Gen Viol: 0.0000 | Val Max Thermal: 0.0000
Epoch 2430 | Val Loss: 0.3576 | Val Cost:    0.00 | Val Max P-Miss: 0.2227 | Val Max Q-Miss: 0.0815 | Val Max Gen Viol: 0.0000 | Val Max Thermal: 0.0000
Epoch 2440 | Val Loss: 0.3564 | Val Cost:    0.00 | Val Max P-Miss: 0.2453 | Val Max Q-Miss: 0.0704 | Val Max Gen Viol: 0.0000 | Val Max Thermal: 0.0000
Epoch 2450 | Val Loss: 0.3565 | Val Cost:    0.00 | Val Max P-Miss: 0.2280 | Val Max Q-Miss: 0.0700 | Val Max Gen Viol: 0.0000 | Val Max Thermal: 0.0000
Epoch 2460 | Val Loss: 0.3563 | Val Cost:    0.00 | Val Max P-Miss: 0.2516 | Val Max Q-Miss: 0.1206 | Val Max Gen Viol: 0.0000 | Val Max Thermal: 0.0000
Epoch 2470 | Val Loss: 0.3571 | Val Cost:    0.00 | Val Max P-Miss: 0.2402 | Val Max Q-Miss: 0.0879 | Val Max Gen Viol: 0.0000 | Val Max Thermal: 0.0000
Epoch 2480 | Val Loss: 0.3574 | Val Cost:    0.00 | Val Max P-Miss: 0.2278 | Val Max Q-Miss: 0.1669 | Val Max Gen Viol: 0.0000 | Val Max Thermal: 0.0000
Epoch 2490 | Val Loss: 0.3574 | Val Cost:    0.00 | Val Max P-Miss: 0.2397 | Val Max Q-Miss: 0.2071 | Val Max Gen Viol: 0.0000 | Val Max Thermal: 0.0000
Epoch 2500 | Val Loss: 0.3563 | Val Cost:    0.00 | Val Max P-Miss: 0.2403 | Val Max Q-Miss: 0.0760 | Val Max Gen Viol: 0.0000 | Val Max Thermal: 0.0000
Epoch 2510 | Val Loss: 0.3803 | Val Cost:    0.00 | Val Max P-Miss: 0.3096 | Val Max Q-Miss: 0.0741 | Val Max Gen Viol: 0.0000 | Val Max Thermal: 0.0000
Epoch 2520 | Val Loss: 0.3566 | Val Cost:    0.00 | Val Max P-Miss: 0.2232 | Val Max Q-Miss: 0.0692 | Val Max Gen Viol: 0.0000 | Val Max Thermal: 0.0000
Epoch 2530 | Val Loss: 0.3592 | Val Cost:    0.00 | Val Max P-Miss: 0.2339 | Val Max Q-Miss: 0.1085 | Val Max Gen Viol: 0.0000 | Val Max Thermal: 0.0000
Epoch 2540 | Val Loss: 0.3580 | Val Cost:    0.00 | Val Max P-Miss: 0.2512 | Val Max Q-Miss: 0.1287 | Val Max Gen Viol: 0.0000 | Val Max Thermal: 0.0000
Epoch 2550 | Val Loss: 0.3572 | Val Cost:    0.00 | Val Max P-Miss: 0.2429 | Val Max Q-Miss: 0.0971 | Val Max Gen Viol: 0.0000 | Val Max Thermal: 0.0000
Epoch 2560 | Val Loss: 0.3578 | Val Cost:    0.00 | Val Max P-Miss: 0.2264 | Val Max Q-Miss: 0.0776 | Val Max Gen Viol: 0.0000 | Val Max Thermal: 0.0000
Epoch 2570 | Val Loss: 0.3596 | Val Cost:    0.00 | Val Max P-Miss: 0.2519 | Val Max Q-Miss: 0.1486 | Val Max Gen Viol: 0.0000 | Val Max Thermal: 0.0000
Epoch 2580 | Val Loss: 0.3574 | Val Cost:    0.00 | Val Max P-Miss: 0.2671 | Val Max Q-Miss: 0.1555 | Val Max Gen Viol: 0.0000 | Val Max Thermal: 0.0000
Epoch 2590 | Val Loss: 0.3570 | Val Cost:    0.00 | Val Max P-Miss: 0.2361 | Val Max Q-Miss: 0.0947 | Val Max Gen Viol: 0.0000 | Val Max Thermal: 0.0000
Epoch 2600 | Val Loss: 0.3615 | Val Cost:    0.00 | Val Max P-Miss: 0.2368 | Val Max Q-Miss: 0.1206 | Val Max Gen Viol: 0.0000 | Val Max Thermal: 0.0000
Epoch 2610 | Val Loss: 0.3659 | Val Cost:    0.00 | Val Max P-Miss: 0.2808 | Val Max Q-Miss: 0.1676 | Val Max Gen Viol: 0.0000 | Val Max Thermal: 0.0000
Epoch 2620 | Val Loss: 0.3595 | Val Cost:    0.00 | Val Max P-Miss: 0.2339 | Val Max Q-Miss: 0.1636 | Val Max Gen Viol: 0.0000 | Val Max Thermal: 0.0000
Epoch 2630 | Val Loss: 0.3585 | Val Cost:    0.00 | Val Max P-Miss: 0.2256 | Val Max Q-Miss: 0.1265 | Val Max Gen Viol: 0.0000 | Val Max Thermal: 0.0000
Epoch 2640 | Val Loss: 0.3701 | Val Cost:    0.00 | Val Max P-Miss: 0.2779 | Val Max Q-Miss: 0.1831 | Val Max Gen Viol: 0.0000 | Val Max Thermal: 0.0000
Epoch 2650 | Val Loss: 0.3643 | Val Cost:    0.00 | Val Max P-Miss: 0.2636 | Val Max Q-Miss: 0.1327 | Val Max Gen Viol: 0.0000 | Val Max Thermal: 0.0000
Epoch 2660 | Val Loss: 0.3667 | Val Cost:    0.00 | Val Max P-Miss: 0.2794 | Val Max Q-Miss: 0.1580 | Val Max Gen Viol: 0.0000 | Val Max Thermal: 0.0000
Epoch 2670 | Val Loss: 0.3580 | Val Cost:    0.00 | Val Max P-Miss: 0.2460 | Val Max Q-Miss: 0.0965 | Val Max Gen Viol: 0.0000 | Val Max Thermal: 0.0000
Epoch 2680 | Val Loss: 0.3637 | Val Cost:    0.00 | Val Max P-Miss: 0.2334 | Val Max Q-Miss: 0.1789 | Val Max Gen Viol: 0.0000 | Val Max Thermal: 0.0000
Epoch 2690 | Val Loss: 0.3576 | Val Cost:    0.00 | Val Max P-Miss: 0.2304 | Val Max Q-Miss: 0.0543 | Val Max Gen Viol: 0.0000 | Val Max Thermal: 0.0000
Epoch 2700 | Val Loss: 0.3561 | Val Cost:    0.00 | Val Max P-Miss: 0.2527 | Val Max Q-Miss: 0.0471 | Val Max Gen Viol: 0.0000 | Val Max Thermal: 0.0000
Epoch 2710 | Val Loss: 0.3573 | Val Cost:    0.00 | Val Max P-Miss: 0.2438 | Val Max Q-Miss: 0.0787 | Val Max Gen Viol: 0.0000 | Val Max Thermal: 0.0000
Epoch 2720 | Val Loss: 0.3960 | Val Cost:    0.00 | Val Max P-Miss: 0.3363 | Val Max Q-Miss: 0.0877 | Val Max Gen Viol: 0.0000 | Val Max Thermal: 0.0000
Epoch 2730 | Val Loss: 0.3607 | Val Cost:    0.00 | Val Max P-Miss: 0.2527 | Val Max Q-Miss: 0.0409 | Val Max Gen Viol: 0.0000 | Val Max Thermal: 0.0000
Epoch 2740 | Val Loss: 0.3602 | Val Cost:    0.00 | Val Max P-Miss: 0.2517 | Val Max Q-Miss: 0.0404 | Val Max Gen Viol: 0.0000 | Val Max Thermal: 0.0000
Epoch 2750 | Val Loss: 0.3601 | Val Cost:    0.00 | Val Max P-Miss: 0.2450 | Val Max Q-Miss: 0.0448 | Val Max Gen Viol: 0.0000 | Val Max Thermal: 0.0000
Epoch 2760 | Val Loss: 0.3562 | Val Cost:    0.00 | Val Max P-Miss: 0.2315 | Val Max Q-Miss: 0.0362 | Val Max Gen Viol: 0.0000 | Val Max Thermal: 0.0000
Epoch 2770 | Val Loss: 0.3562 | Val Cost:    0.00 | Val Max P-Miss: 0.2530 | Val Max Q-Miss: 0.0459 | Val Max Gen Viol: 0.0000 | Val Max Thermal: 0.0000
Epoch 2780 | Val Loss: 0.3558 | Val Cost:    0.00 | Val Max P-Miss: 0.2430 | Val Max Q-Miss: 0.0392 | Val Max Gen Viol: 0.0000 | Val Max Thermal: 0.0000
Epoch 2790 | Val Loss: 0.3558 | Val Cost:    0.00 | Val Max P-Miss: 0.2346 | Val Max Q-Miss: 0.0427 | Val Max Gen Viol: 0.0000 | Val Max Thermal: 0.0000
Epoch 2800 | Val Loss: 0.3628 | Val Cost:    0.00 | Val Max P-Miss: 0.2447 | Val Max Q-Miss: 0.0539 | Val Max Gen Viol: 0.0000 | Val Max Thermal: 0.0000
Epoch 2810 | Val Loss: 0.4316 | Val Cost:    0.00 | Val Max P-Miss: 0.3745 | Val Max Q-Miss: 0.0862 | Val Max Gen Viol: 0.0000 | Val Max Thermal: 0.0000
Epoch 2820 | Val Loss: 0.3568 | Val Cost:    0.00 | Val Max P-Miss: 0.2386 | Val Max Q-Miss: 0.0486 | Val Max Gen Viol: 0.0000 | Val Max Thermal: 0.0000
Epoch 2830 | Val Loss: 0.3556 | Val Cost:    0.00 | Val Max P-Miss: 0.2331 | Val Max Q-Miss: 0.0462 | Val Max Gen Viol: 0.0000 | Val Max Thermal: 0.0000
Epoch 2840 | Val Loss: 0.3641 | Val Cost:    0.00 | Val Max P-Miss: 0.2425 | Val Max Q-Miss: 0.0879 | Val Max Gen Viol: 0.0000 | Val Max Thermal: 0.0000
Epoch 2850 | Val Loss: 0.3566 | Val Cost:    0.00 | Val Max P-Miss: 0.2418 | Val Max Q-Miss: 0.0523 | Val Max Gen Viol: 0.0000 | Val Max Thermal: 0.0000
Epoch 2860 | Val Loss: 0.3557 | Val Cost:    0.00 | Val Max P-Miss: 0.2467 | Val Max Q-Miss: 0.0700 | Val Max Gen Viol: 0.0000 | Val Max Thermal: 0.0000
Epoch 2870 | Val Loss: 0.3583 | Val Cost:    0.00 | Val Max P-Miss: 0.2637 | Val Max Q-Miss: 0.0891 | Val Max Gen Viol: 0.0000 | Val Max Thermal: 0.0000
Epoch 2880 | Val Loss: 0.3650 | Val Cost:    0.00 | Val Max P-Miss: 0.2944 | Val Max Q-Miss: 0.0546 | Val Max Gen Viol: 0.0000 | Val Max Thermal: 0.0000
Epoch 2890 | Val Loss: 0.3604 | Val Cost:    0.00 | Val Max P-Miss: 0.2665 | Val Max Q-Miss: 0.0443 | Val Max Gen Viol: 0.0000 | Val Max Thermal: 0.0000
Epoch 2900 | Val Loss: 0.3560 | Val Cost:    0.00 | Val Max P-Miss: 0.2302 | Val Max Q-Miss: 0.0438 | Val Max Gen Viol: 0.0000 | Val Max Thermal: 0.0000
Epoch 2910 | Val Loss: 0.3554 | Val Cost:    0.00 | Val Max P-Miss: 0.2337 | Val Max Q-Miss: 0.0365 | Val Max Gen Viol: 0.0000 | Val Max Thermal: 0.0000 [*SAVED BEST*]
Epoch 2920 | Val Loss: 0.3552 | Val Cost:    0.00 | Val Max P-Miss: 0.2295 | Val Max Q-Miss: 0.0363 | Val Max Gen Viol: 0.0000 | Val Max Thermal: 0.0000 [*SAVED BEST*]
Epoch 2930 | Val Loss: 0.3590 | Val Cost:    0.00 | Val Max P-Miss: 0.2406 | Val Max Q-Miss: 0.0337 | Val Max Gen Viol: 0.0000 | Val Max Thermal: 0.0000
Epoch 2940 | Val Loss: 0.3554 | Val Cost:    0.00 | Val Max P-Miss: 0.2310 | Val Max Q-Miss: 0.0381 | Val Max Gen Viol: 0.0000 | Val Max Thermal: 0.0000
Epoch 2950 | Val Loss: 0.3552 | Val Cost:    0.00 | Val Max P-Miss: 0.2311 | Val Max Q-Miss: 0.0380 | Val Max Gen Viol: 0.0000 | Val Max Thermal: 0.0000
Epoch 2960 | Val Loss: 0.3590 | Val Cost:    0.00 | Val Max P-Miss: 0.2493 | Val Max Q-Miss: 0.1182 | Val Max Gen Viol: 0.0000 | Val Max Thermal: 0.0000
Epoch 2970 | Val Loss: 0.3580 | Val Cost:    0.00 | Val Max P-Miss: 0.2525 | Val Max Q-Miss: 0.0823 | Val Max Gen Viol: 0.0000 | Val Max Thermal: 0.0000
Epoch 2980 | Val Loss: 0.3562 | Val Cost:    0.00 | Val Max P-Miss: 0.2334 | Val Max Q-Miss: 0.0415 | Val Max Gen Viol: 0.0000 | Val Max Thermal: 0.0000
Epoch 2990 | Val Loss: 0.3564 | Val Cost:    0.00 | Val Max P-Miss: 0.2419 | Val Max Q-Miss: 0.0953 | Val Max Gen Viol: 0.0000 | Val Max Thermal: 0.0000
Epoch 3000 | Val Loss: 0.3570 | Val Cost:    0.00 | Val Max P-Miss: 0.2522 | Val Max Q-Miss: 0.1139 | Val Max Gen Viol: 0.0000 | Val Max Thermal: 0.0000
Epoch 3010 | Val Loss: 0.3771 | Val Cost:    0.00 | Val Max P-Miss: 0.2546 | Val Max Q-Miss: 0.0961 | Val Max Gen Viol: 0.0000 | Val Max Thermal: 0.0000
Epoch 3020 | Val Loss: 0.3577 | Val Cost:    0.00 | Val Max P-Miss: 0.2228 | Val Max Q-Miss: 0.0895 | Val Max Gen Viol: 0.0000 | Val Max Thermal: 0.0000
Epoch 3030 | Val Loss: 0.3567 | Val Cost:    0.00 | Val Max P-Miss: 0.2452 | Val Max Q-Miss: 0.0902 | Val Max Gen Viol: 0.0000 | Val Max Thermal: 0.0000
Epoch 3040 | Val Loss: 0.3787 | Val Cost:    0.00 | Val Max P-Miss: 0.3519 | Val Max Q-Miss: 0.1447 | Val Max Gen Viol: 0.0000 | Val Max Thermal: 0.0000
Epoch 3050 | Val Loss: 0.3579 | Val Cost:    0.00 | Val Max P-Miss: 0.2207 | Val Max Q-Miss: 0.0751 | Val Max Gen Viol: 0.0000 | Val Max Thermal: 0.0000
Epoch 3060 | Val Loss: 0.3611 | Val Cost:    0.00 | Val Max P-Miss: 0.2424 | Val Max Q-Miss: 0.0898 | Val Max Gen Viol: 0.0000 | Val Max Thermal: 0.0000
Epoch 3070 | Val Loss: 0.3558 | Val Cost:    0.00 | Val Max P-Miss: 0.2292 | Val Max Q-Miss: 0.0598 | Val Max Gen Viol: 0.0000 | Val Max Thermal: 0.0000
Epoch 3080 | Val Loss: 0.3693 | Val Cost:    0.00 | Val Max P-Miss: 0.2528 | Val Max Q-Miss: 0.0981 | Val Max Gen Viol: 0.0000 | Val Max Thermal: 0.0000
Epoch 3090 | Val Loss: 0.3569 | Val Cost:    0.00 | Val Max P-Miss: 0.2225 | Val Max Q-Miss: 0.1175 | Val Max Gen Viol: 0.0000 | Val Max Thermal: 0.0000
Epoch 3100 | Val Loss: 0.3611 | Val Cost:    0.00 | Val Max P-Miss: 0.2306 | Val Max Q-Miss: 0.1637 | Val Max Gen Viol: 0.0000 | Val Max Thermal: 0.0000
Epoch 3110 | Val Loss: 0.3905 | Val Cost:    0.00 | Val Max P-Miss: 0.3178 | Val Max Q-Miss: 0.1017 | Val Max Gen Viol: 0.0000 | Val Max Thermal: 0.0000
Epoch 3120 | Val Loss: 0.3604 | Val Cost:    0.00 | Val Max P-Miss: 0.2446 | Val Max Q-Miss: 0.2999 | Val Max Gen Viol: 0.0000 | Val Max Thermal: 0.0000
Epoch 3130 | Val Loss: 0.3566 | Val Cost:    0.00 | Val Max P-Miss: 0.2549 | Val Max Q-Miss: 0.0871 | Val Max Gen Viol: 0.0000 | Val Max Thermal: 0.0000
Epoch 3140 | Val Loss: 0.3597 | Val Cost:    0.00 | Val Max P-Miss: 0.2517 | Val Max Q-Miss: 0.0674 | Val Max Gen Viol: 0.0000 | Val Max Thermal: 0.0000
Epoch 3150 | Val Loss: 0.3559 | Val Cost:    0.00 | Val Max P-Miss: 0.2359 | Val Max Q-Miss: 0.0556 | Val Max Gen Viol: 0.0000 | Val Max Thermal: 0.0000
Epoch 3160 | Val Loss: 0.3576 | Val Cost:    0.00 | Val Max P-Miss: 0.2419 | Val Max Q-Miss: 0.0756 | Val Max Gen Viol: 0.0000 | Val Max Thermal: 0.0000
Epoch 3170 | Val Loss: 0.3578 | Val Cost:    0.00 | Val Max P-Miss: 0.2331 | Val Max Q-Miss: 0.1000 | Val Max Gen Viol: 0.0000 | Val Max Thermal: 0.0000
Epoch 3180 | Val Loss: 0.3604 | Val Cost:    0.00 | Val Max P-Miss: 0.2392 | Val Max Q-Miss: 0.2432 | Val Max Gen Viol: 0.0000 | Val Max Thermal: 0.0000
Epoch 3190 | Val Loss: 0.3608 | Val Cost:    0.00 | Val Max P-Miss: 0.2565 | Val Max Q-Miss: 0.0870 | Val Max Gen Viol: 0.0000 | Val Max Thermal: 0.0000
Epoch 3200 | Val Loss: 0.3563 | Val Cost:    0.00 | Val Max P-Miss: 0.2206 | Val Max Q-Miss: 0.0669 | Val Max Gen Viol: 0.0000 | Val Max Thermal: 0.0000
Epoch 3210 | Val Loss: 0.3674 | Val Cost:    0.00 | Val Max P-Miss: 0.2606 | Val Max Q-Miss: 0.0923 | Val Max Gen Viol: 0.0000 | Val Max Thermal: 0.0000
Epoch 3220 | Val Loss: 0.3563 | Val Cost:    0.00 | Val Max P-Miss: 0.2208 | Val Max Q-Miss: 0.0444 | Val Max Gen Viol: 0.0000 | Val Max Thermal: 0.0000
Epoch 3230 | Val Loss: 0.3557 | Val Cost:    0.00 | Val Max P-Miss: 0.2306 | Val Max Q-Miss: 0.0672 | Val Max Gen Viol: 0.0000 | Val Max Thermal: 0.0000
Epoch 3240 | Val Loss: 0.3574 | Val Cost:    0.00 | Val Max P-Miss: 0.2245 | Val Max Q-Miss: 0.0623 | Val Max Gen Viol: 0.0000 | Val Max Thermal: 0.0000
Epoch 3250 | Val Loss: 0.3562 | Val Cost:    0.00 | Val Max P-Miss: 0.2167 | Val Max Q-Miss: 0.0641 | Val Max Gen Viol: 0.0000 | Val Max Thermal: 0.0000
Epoch 3260 | Val Loss: 0.3562 | Val Cost:    0.00 | Val Max P-Miss: 0.2289 | Val Max Q-Miss: 0.1039 | Val Max Gen Viol: 0.0000 | Val Max Thermal: 0.0000
Epoch 3270 | Val Loss: 0.3596 | Val Cost:    0.00 | Val Max P-Miss: 0.2552 | Val Max Q-Miss: 0.0875 | Val Max Gen Viol: 0.0000 | Val Max Thermal: 0.0000
Epoch 3280 | Val Loss: 0.3571 | Val Cost:    0.00 | Val Max P-Miss: 0.2365 | Val Max Q-Miss: 0.1474 | Val Max Gen Viol: 0.0000 | Val Max Thermal: 0.0000
Epoch 3290 | Val Loss: 0.3661 | Val Cost:    0.00 | Val Max P-Miss: 0.2431 | Val Max Q-Miss: 0.1627 | Val Max Gen Viol: 0.0000 | Val Max Thermal: 0.0000
Epoch 3300 | Val Loss: 0.3565 | Val Cost:    0.00 | Val Max P-Miss: 0.2297 | Val Max Q-Miss: 0.1324 | Val Max Gen Viol: 0.0000 | Val Max Thermal: 0.0000
Epoch 3310 | Val Loss: 0.3562 | Val Cost:    0.00 | Val Max P-Miss: 0.2351 | Val Max Q-Miss: 0.0711 | Val Max Gen Viol: 0.0000 | Val Max Thermal: 0.0000
Epoch 3320 | Val Loss: 0.3596 | Val Cost:    0.00 | Val Max P-Miss: 0.2628 | Val Max Q-Miss: 0.0768 | Val Max Gen Viol: 0.0000 | Val Max Thermal: 0.0000
Epoch 3330 | Val Loss: 0.3563 | Val Cost:    0.00 | Val Max P-Miss: 0.2332 | Val Max Q-Miss: 0.0674 | Val Max Gen Viol: 0.0000 | Val Max Thermal: 0.0000
Epoch 3340 | Val Loss: 0.3561 | Val Cost:    0.00 | Val Max P-Miss: 0.2291 | Val Max Q-Miss: 0.0771 | Val Max Gen Viol: 0.0000 | Val Max Thermal: 0.0000
Epoch 3350 | Val Loss: 0.3562 | Val Cost:    0.00 | Val Max P-Miss: 0.2292 | Val Max Q-Miss: 0.0604 | Val Max Gen Viol: 0.0000 | Val Max Thermal: 0.0000
Epoch 3360 | Val Loss: 0.3567 | Val Cost:    0.00 | Val Max P-Miss: 0.2284 | Val Max Q-Miss: 0.0743 | Val Max Gen Viol: 0.0000 | Val Max Thermal: 0.0000
Epoch 3370 | Val Loss: 0.3638 | Val Cost:    0.00 | Val Max P-Miss: 0.2500 | Val Max Q-Miss: 0.0936 | Val Max Gen Viol: 0.0000 | Val Max Thermal: 0.0000
Epoch 3380 | Val Loss: 0.3563 | Val Cost:    0.00 | Val Max P-Miss: 0.2279 | Val Max Q-Miss: 0.0357 | Val Max Gen Viol: 0.0000 | Val Max Thermal: 0.0000
Epoch 3390 | Val Loss: 0.3586 | Val Cost:    0.00 | Val Max P-Miss: 0.2452 | Val Max Q-Miss: 0.0365 | Val Max Gen Viol: 0.0000 | Val Max Thermal: 0.0000
Epoch 3400 | Val Loss: 0.3561 | Val Cost:    0.00 | Val Max P-Miss: 0.2347 | Val Max Q-Miss: 0.0874 | Val Max Gen Viol: 0.0000 | Val Max Thermal: 0.0000
Epoch 3410 | Val Loss: 0.3572 | Val Cost:    0.00 | Val Max P-Miss: 0.2383 | Val Max Q-Miss: 0.0714 | Val Max Gen Viol: 0.0000 | Val Max Thermal: 0.0000
Epoch 3420 | Val Loss: 0.3573 | Val Cost:    0.00 | Val Max P-Miss: 0.2267 | Val Max Q-Miss: 0.0603 | Val Max Gen Viol: 0.0000 | Val Max Thermal: 0.0000
Epoch 3430 | Val Loss: 0.3635 | Val Cost:    0.00 | Val Max P-Miss: 0.2765 | Val Max Q-Miss: 0.0481 | Val Max Gen Viol: 0.0000 | Val Max Thermal: 0.0000
Epoch 3440 | Val Loss: 0.3569 | Val Cost:    0.00 | Val Max P-Miss: 0.2265 | Val Max Q-Miss: 0.0526 | Val Max Gen Viol: 0.0000 | Val Max Thermal: 0.0000
Epoch 3450 | Val Loss: 0.3574 | Val Cost:    0.00 | Val Max P-Miss: 0.2297 | Val Max Q-Miss: 0.0720 | Val Max Gen Viol: 0.0000 | Val Max Thermal: 0.0000
Epoch 3460 | Val Loss: 0.3583 | Val Cost:    0.00 | Val Max P-Miss: 0.2491 | Val Max Q-Miss: 0.0459 | Val Max Gen Viol: 0.0000 | Val Max Thermal: 0.0000
Epoch 3470 | Val Loss: 0.3558 | Val Cost:    0.00 | Val Max P-Miss: 0.2231 | Val Max Q-Miss: 0.0343 | Val Max Gen Viol: 0.0000 | Val Max Thermal: 0.0000
Epoch 3480 | Val Loss: 0.3557 | Val Cost:    0.00 | Val Max P-Miss: 0.2246 | Val Max Q-Miss: 0.0351 | Val Max Gen Viol: 0.0000 | Val Max Thermal: 0.0000
Epoch 3490 | Val Loss: 0.3888 | Val Cost:    0.00 | Val Max P-Miss: 0.2801 | Val Max Q-Miss: 0.0647 | Val Max Gen Viol: 0.0000 | Val Max Thermal: 0.0000
Epoch 3500 | Val Loss: 0.3557 | Val Cost:    0.00 | Val Max P-Miss: 0.2354 | Val Max Q-Miss: 0.0331 | Val Max Gen Viol: 0.0000 | Val Max Thermal: 0.0000
Epoch 3510 | Val Loss: 0.3555 | Val Cost:    0.00 | Val Max P-Miss: 0.2265 | Val Max Q-Miss: 0.0392 | Val Max Gen Viol: 0.0000 | Val Max Thermal: 0.0000
Epoch 3520 | Val Loss: 0.3569 | Val Cost:    0.00 | Val Max P-Miss: 0.2341 | Val Max Q-Miss: 0.0564 | Val Max Gen Viol: 0.0000 | Val Max Thermal: 0.0000
Epoch 3530 | Val Loss: 0.3558 | Val Cost:    0.00 | Val Max P-Miss: 0.2339 | Val Max Q-Miss: 0.0636 | Val Max Gen Viol: 0.0000 | Val Max Thermal: 0.0000
Epoch 3540 | Val Loss: 0.3578 | Val Cost:    0.00 | Val Max P-Miss: 0.2497 | Val Max Q-Miss: 0.0744 | Val Max Gen Viol: 0.0000 | Val Max Thermal: 0.0000
Epoch 3550 | Val Loss: 0.3565 | Val Cost:    0.00 | Val Max P-Miss: 0.2311 | Val Max Q-Miss: 0.0823 | Val Max Gen Viol: 0.0000 | Val Max Thermal: 0.0000
Epoch 3560 | Val Loss: 0.3676 | Val Cost:    0.00 | Val Max P-Miss: 0.2924 | Val Max Q-Miss: 0.1362 | Val Max Gen Viol: 0.0000 | Val Max Thermal: 0.0000
Epoch 3570 | Val Loss: 0.3562 | Val Cost:    0.00 | Val Max P-Miss: 0.2229 | Val Max Q-Miss: 0.0712 | Val Max Gen Viol: 0.0000 | Val Max Thermal: 0.0000
Epoch 3580 | Val Loss: 0.3560 | Val Cost:    0.00 | Val Max P-Miss: 0.2237 | Val Max Q-Miss: 0.0740 | Val Max Gen Viol: 0.0000 | Val Max Thermal: 0.0000
Epoch 3590 | Val Loss: 0.3557 | Val Cost:    0.00 | Val Max P-Miss: 0.2225 | Val Max Q-Miss: 0.0545 | Val Max Gen Viol: 0.0000 | Val Max Thermal: 0.0000
Epoch 3600 | Val Loss: 0.3557 | Val Cost:    0.00 | Val Max P-Miss: 0.2181 | Val Max Q-Miss: 0.0386 | Val Max Gen Viol: 0.0000 | Val Max Thermal: 0.0000
Epoch 3610 | Val Loss: 0.3565 | Val Cost:    0.00 | Val Max P-Miss: 0.2323 | Val Max Q-Miss: 0.0655 | Val Max Gen Viol: 0.0000 | Val Max Thermal: 0.0000
Epoch 3620 | Val Loss: 0.4076 | Val Cost:    0.00 | Val Max P-Miss: 0.3893 | Val Max Q-Miss: 0.1070 | Val Max Gen Viol: 0.0000 | Val Max Thermal: 0.0000
Epoch 3630 | Val Loss: 0.3597 | Val Cost:    0.00 | Val Max P-Miss: 0.2416 | Val Max Q-Miss: 0.1536 | Val Max Gen Viol: 0.0000 | Val Max Thermal: 0.0000
Epoch 3640 | Val Loss: 0.3559 | Val Cost:    0.00 | Val Max P-Miss: 0.2411 | Val Max Q-Miss: 0.1497 | Val Max Gen Viol: 0.0000 | Val Max Thermal: 0.0000
Epoch 3650 | Val Loss: 0.3578 | Val Cost:    0.00 | Val Max P-Miss: 0.2363 | Val Max Q-Miss: 0.1156 | Val Max Gen Viol: 0.0000 | Val Max Thermal: 0.0000
Epoch 3660 | Val Loss: 0.3691 | Val Cost:    0.00 | Val Max P-Miss: 0.3027 | Val Max Q-Miss: 0.0480 | Val Max Gen Viol: 0.0000 | Val Max Thermal: 0.0000
Epoch 3670 | Val Loss: 0.3560 | Val Cost:    0.00 | Val Max P-Miss: 0.2344 | Val Max Q-Miss: 0.0451 | Val Max Gen Viol: 0.0000 | Val Max Thermal: 0.0000
Epoch 3680 | Val Loss: 0.3621 | Val Cost:    0.00 | Val Max P-Miss: 0.2446 | Val Max Q-Miss: 0.0990 | Val Max Gen Viol: 0.0000 | Val Max Thermal: 0.0000
Epoch 3690 | Val Loss: 0.3563 | Val Cost:    0.00 | Val Max P-Miss: 0.2252 | Val Max Q-Miss: 0.0723 | Val Max Gen Viol: 0.0000 | Val Max Thermal: 0.0000
Epoch 3700 | Val Loss: 0.3564 | Val Cost:    0.00 | Val Max P-Miss: 0.2273 | Val Max Q-Miss: 0.0531 | Val Max Gen Viol: 0.0000 | Val Max Thermal: 0.0000
Epoch 3710 | Val Loss: 0.3623 | Val Cost:    0.00 | Val Max P-Miss: 0.2408 | Val Max Q-Miss: 0.1156 | Val Max Gen Viol: 0.0000 | Val Max Thermal: 0.0000
Epoch 3720 | Val Loss: 0.3579 | Val Cost:    0.00 | Val Max P-Miss: 0.2326 | Val Max Q-Miss: 0.2199 | Val Max Gen Viol: 0.0000 | Val Max Thermal: 0.0000
Epoch 3730 | Val Loss: 0.3560 | Val Cost:    0.00 | Val Max P-Miss: 0.2349 | Val Max Q-Miss: 0.0841 | Val Max Gen Viol: 0.0000 | Val Max Thermal: 0.0000
Epoch 3740 | Val Loss: 0.3564 | Val Cost:    0.00 | Val Max P-Miss: 0.2319 | Val Max Q-Miss: 0.0841 | Val Max Gen Viol: 0.0000 | Val Max Thermal: 0.0000
Epoch 3750 | Val Loss: 0.3563 | Val Cost:    0.00 | Val Max P-Miss: 0.2590 | Val Max Q-Miss: 0.0691 | Val Max Gen Viol: 0.0000 | Val Max Thermal: 0.0000
Epoch 3760 | Val Loss: 0.3558 | Val Cost:    0.00 | Val Max P-Miss: 0.2470 | Val Max Q-Miss: 0.0797 | Val Max Gen Viol: 0.0000 | Val Max Thermal: 0.0000
Epoch 3770 | Val Loss: 0.3576 | Val Cost:    0.00 | Val Max P-Miss: 0.2368 | Val Max Q-Miss: 0.0766 | Val Max Gen Viol: 0.0000 | Val Max Thermal: 0.0000
Epoch 3780 | Val Loss: 0.3571 | Val Cost:    0.00 | Val Max P-Miss: 0.2327 | Val Max Q-Miss: 0.0578 | Val Max Gen Viol: 0.0000 | Val Max Thermal: 0.0000
Epoch 3790 | Val Loss: 0.3570 | Val Cost:    0.00 | Val Max P-Miss: 0.2196 | Val Max Q-Miss: 0.0747 | Val Max Gen Viol: 0.0000 | Val Max Thermal: 0.0000
Epoch 3800 | Val Loss: 0.3563 | Val Cost:    0.00 | Val Max P-Miss: 0.2252 | Val Max Q-Miss: 0.0404 | Val Max Gen Viol: 0.0000 | Val Max Thermal: 0.0000
Epoch 3810 | Val Loss: 0.3567 | Val Cost:    0.00 | Val Max P-Miss: 0.2248 | Val Max Q-Miss: 0.0591 | Val Max Gen Viol: 0.0000 | Val Max Thermal: 0.0000
Epoch 3820 | Val Loss: 0.3559 | Val Cost:    0.00 | Val Max P-Miss: 0.2239 | Val Max Q-Miss: 0.0524 | Val Max Gen Viol: 0.0000 | Val Max Thermal: 0.0000
Epoch 3830 | Val Loss: 0.3569 | Val Cost:    0.00 | Val Max P-Miss: 0.2348 | Val Max Q-Miss: 0.0408 | Val Max Gen Viol: 0.0000 | Val Max Thermal: 0.0000
Epoch 3840 | Val Loss: 0.3557 | Val Cost:    0.00 | Val Max P-Miss: 0.2217 | Val Max Q-Miss: 0.0373 | Val Max Gen Viol: 0.0000 | Val Max Thermal: 0.0000
Epoch 3850 | Val Loss: 0.3558 | Val Cost:    0.00 | Val Max P-Miss: 0.2215 | Val Max Q-Miss: 0.0456 | Val Max Gen Viol: 0.0000 | Val Max Thermal: 0.0000
Epoch 3860 | Val Loss: 0.3564 | Val Cost:    0.00 | Val Max P-Miss: 0.2209 | Val Max Q-Miss: 0.0533 | Val Max Gen Viol: 0.0000 | Val Max Thermal: 0.0000
Epoch 3870 | Val Loss: 0.3568 | Val Cost:    0.00 | Val Max P-Miss: 0.2207 | Val Max Q-Miss: 0.0619 | Val Max Gen Viol: 0.0000 | Val Max Thermal: 0.0000
Epoch 3880 | Val Loss: 0.3579 | Val Cost:    0.00 | Val Max P-Miss: 0.2353 | Val Max Q-Miss: 0.0689 | Val Max Gen Viol: 0.0000 | Val Max Thermal: 0.0000
Epoch 3890 | Val Loss: 0.3562 | Val Cost:    0.00 | Val Max P-Miss: 0.2266 | Val Max Q-Miss: 0.0691 | Val Max Gen Viol: 0.0000 | Val Max Thermal: 0.0000
Epoch 3900 | Val Loss: 0.3559 | Val Cost:    0.00 | Val Max P-Miss: 0.2237 | Val Max Q-Miss: 0.0358 | Val Max Gen Viol: 0.0000 | Val Max Thermal: 0.0000
Epoch 3910 | Val Loss: 0.3557 | Val Cost:    0.00 | Val Max P-Miss: 0.2195 | Val Max Q-Miss: 0.0356 | Val Max Gen Viol: 0.0000 | Val Max Thermal: 0.0000
Epoch 3920 | Val Loss: 0.3603 | Val Cost:    0.00 | Val Max P-Miss: 0.2482 | Val Max Q-Miss: 0.0362 | Val Max Gen Viol: 0.0000 | Val Max Thermal: 0.0000
Epoch 3930 | Val Loss: 0.3556 | Val Cost:    0.00 | Val Max P-Miss: 0.2210 | Val Max Q-Miss: 0.0358 | Val Max Gen Viol: 0.0000 | Val Max Thermal: 0.0000
Epoch 3940 | Val Loss: 0.3570 | Val Cost:    0.00 | Val Max P-Miss: 0.2204 | Val Max Q-Miss: 0.0773 | Val Max Gen Viol: 0.0000 | Val Max Thermal: 0.0000
Epoch 3950 | Val Loss: 0.3583 | Val Cost:    0.00 | Val Max P-Miss: 0.2271 | Val Max Q-Miss: 0.2563 | Val Max Gen Viol: 0.0000 | Val Max Thermal: 0.0000
Epoch 3960 | Val Loss: 0.3571 | Val Cost:    0.00 | Val Max P-Miss: 0.2285 | Val Max Q-Miss: 0.1371 | Val Max Gen Viol: 0.0000 | Val Max Thermal: 0.0000
Epoch 3970 | Val Loss: 0.3569 | Val Cost:    0.00 | Val Max P-Miss: 0.2443 | Val Max Q-Miss: 0.0628 | Val Max Gen Viol: 0.0000 | Val Max Thermal: 0.0000
Epoch 3980 | Val Loss: 0.3596 | Val Cost:    0.00 | Val Max P-Miss: 0.2428 | Val Max Q-Miss: 0.0618 | Val Max Gen Viol: 0.0000 | Val Max Thermal: 0.0000
Epoch 3990 | Val Loss: 0.3568 | Val Cost:    0.00 | Val Max P-Miss: 0.2240 | Val Max Q-Miss: 0.1085 | Val Max Gen Viol: 0.0000 | Val Max Thermal: 0.0000
Epoch 4000 | Val Loss: 0.3598 | Val Cost:    0.00 | Val Max P-Miss: 0.2531 | Val Max Q-Miss: 0.0669 | Val Max Gen Viol: 0.0000 | Val Max Thermal: 0.0000
Epoch 4010 | Val Loss: 0.3579 | Val Cost:    0.00 | Val Max P-Miss: 0.2363 | Val Max Q-Miss: 0.0918 | Val Max Gen Viol: 0.0000 | Val Max Thermal: 0.0000
Epoch 4020 | Val Loss: 0.3695 | Val Cost:    0.00 | Val Max P-Miss: 0.2634 | Val Max Q-Miss: 0.0725 | Val Max Gen Viol: 0.0000 | Val Max Thermal: 0.0000
Epoch 4030 | Val Loss: 0.3630 | Val Cost:    0.00 | Val Max P-Miss: 0.2752 | Val Max Q-Miss: 0.0796 | Val Max Gen Viol: 0.0000 | Val Max Thermal: 0.0000
Epoch 4040 | Val Loss: 0.3561 | Val Cost:    0.00 | Val Max P-Miss: 0.2332 | Val Max Q-Miss: 0.0360 | Val Max Gen Viol: 0.0000 | Val Max Thermal: 0.0000
Epoch 4050 | Val Loss: 0.3559 | Val Cost:    0.00 | Val Max P-Miss: 0.2284 | Val Max Q-Miss: 0.0337 | Val Max Gen Viol: 0.0000 | Val Max Thermal: 0.0000
Epoch 4060 | Val Loss: 0.3556 | Val Cost:    0.00 | Val Max P-Miss: 0.2284 | Val Max Q-Miss: 0.0413 | Val Max Gen Viol: 0.0000 | Val Max Thermal: 0.0000
Epoch 4070 | Val Loss: 0.3558 | Val Cost:    0.00 | Val Max P-Miss: 0.2296 | Val Max Q-Miss: 0.0661 | Val Max Gen Viol: 0.0000 | Val Max Thermal: 0.0000
Epoch 4080 | Val Loss: 0.3611 | Val Cost:    0.00 | Val Max P-Miss: 0.2479 | Val Max Q-Miss: 0.1020 | Val Max Gen Viol: 0.0000 | Val Max Thermal: 0.0000
Epoch 4090 | Val Loss: 0.3586 | Val Cost:    0.00 | Val Max P-Miss: 0.2223 | Val Max Q-Miss: 0.0709 | Val Max Gen Viol: 0.0000 | Val Max Thermal: 0.0000
Epoch 4100 | Val Loss: 0.3558 | Val Cost:    0.00 | Val Max P-Miss: 0.2260 | Val Max Q-Miss: 0.0335 | Val Max Gen Viol: 0.0000 | Val Max Thermal: 0.0000
Epoch 4110 | Val Loss: 0.3557 | Val Cost:    0.00 | Val Max P-Miss: 0.2229 | Val Max Q-Miss: 0.0318 | Val Max Gen Viol: 0.0000 | Val Max Thermal: 0.0000
Epoch 4120 | Val Loss: 0.3556 | Val Cost:    0.00 | Val Max P-Miss: 0.2262 | Val Max Q-Miss: 0.0317 | Val Max Gen Viol: 0.0000 | Val Max Thermal: 0.0000
Epoch 4130 | Val Loss: 0.3630 | Val Cost:    0.00 | Val Max P-Miss: 0.2835 | Val Max Q-Miss: 0.0420 | Val Max Gen Viol: 0.0000 | Val Max Thermal: 0.0000
Epoch 4140 | Val Loss: 0.3599 | Val Cost:    0.00 | Val Max P-Miss: 0.2648 | Val Max Q-Miss: 0.0315 | Val Max Gen Viol: 0.0000 | Val Max Thermal: 0.0000
Epoch 4150 | Val Loss: 0.3580 | Val Cost:    0.00 | Val Max P-Miss: 0.2500 | Val Max Q-Miss: 0.0297 | Val Max Gen Viol: 0.0000 | Val Max Thermal: 0.0000
Epoch 4160 | Val Loss: 0.3558 | Val Cost:    0.00 | Val Max P-Miss: 0.2230 | Val Max Q-Miss: 0.0290 | Val Max Gen Viol: 0.0000 | Val Max Thermal: 0.0000
Epoch 4170 | Val Loss: 0.3557 | Val Cost:    0.00 | Val Max P-Miss: 0.2236 | Val Max Q-Miss: 0.0313 | Val Max Gen Viol: 0.0000 | Val Max Thermal: 0.0000
Epoch 4180 | Val Loss: 0.3555 | Val Cost:    0.00 | Val Max P-Miss: 0.2249 | Val Max Q-Miss: 0.0327 | Val Max Gen Viol: 0.0000 | Val Max Thermal: 0.0000
Epoch 4190 | Val Loss: 0.3563 | Val Cost:    0.00 | Val Max P-Miss: 0.2304 | Val Max Q-Miss: 0.0358 | Val Max Gen Viol: 0.0000 | Val Max Thermal: 0.0000
Epoch 4200 | Val Loss: 0.3557 | Val Cost:    0.00 | Val Max P-Miss: 0.2244 | Val Max Q-Miss: 0.0316 | Val Max Gen Viol: 0.0000 | Val Max Thermal: 0.0000
Epoch 4210 | Val Loss: 0.3556 | Val Cost:    0.00 | Val Max P-Miss: 0.2236 | Val Max Q-Miss: 0.0310 | Val Max Gen Viol: 0.0000 | Val Max Thermal: 0.0000
Epoch 4220 | Val Loss: 0.3555 | Val Cost:    0.00 | Val Max P-Miss: 0.2276 | Val Max Q-Miss: 0.0358 | Val Max Gen Viol: 0.0000 | Val Max Thermal: 0.0000
Epoch 4230 | Val Loss: 0.3561 | Val Cost:    0.00 | Val Max P-Miss: 0.2219 | Val Max Q-Miss: 0.0418 | Val Max Gen Viol: 0.0000 | Val Max Thermal: 0.0000
Epoch 4240 | Val Loss: 0.3556 | Val Cost:    0.00 | Val Max P-Miss: 0.2234 | Val Max Q-Miss: 0.0293 | Val Max Gen Viol: 0.0000 | Val Max Thermal: 0.0000
Epoch 4250 | Val Loss: 0.3562 | Val Cost:    0.00 | Val Max P-Miss: 0.2213 | Val Max Q-Miss: 0.0449 | Val Max Gen Viol: 0.0000 | Val Max Thermal: 0.0000
Epoch 4260 | Val Loss: 0.3556 | Val Cost:    0.00 | Val Max P-Miss: 0.2228 | Val Max Q-Miss: 0.0355 | Val Max Gen Viol: 0.0000 | Val Max Thermal: 0.0000
Epoch 4270 | Val Loss: 0.3561 | Val Cost:    0.00 | Val Max P-Miss: 0.2235 | Val Max Q-Miss: 0.0325 | Val Max Gen Viol: 0.0000 | Val Max Thermal: 0.0000
Epoch 4280 | Val Loss: 0.3557 | Val Cost:    0.00 | Val Max P-Miss: 0.2213 | Val Max Q-Miss: 0.0279 | Val Max Gen Viol: 0.0000 | Val Max Thermal: 0.0000
Epoch 4290 | Val Loss: 0.3647 | Val Cost:    0.00 | Val Max P-Miss: 0.2831 | Val Max Q-Miss: 0.0260 | Val Max Gen Viol: 0.0000 | Val Max Thermal: 0.0000
Epoch 4300 | Val Loss: 0.3560 | Val Cost:    0.00 | Val Max P-Miss: 0.2180 | Val Max Q-Miss: 0.0322 | Val Max Gen Viol: 0.0000 | Val Max Thermal: 0.0000
Epoch 4310 | Val Loss: 0.3559 | Val Cost:    0.00 | Val Max P-Miss: 0.2243 | Val Max Q-Miss: 0.0349 | Val Max Gen Viol: 0.0000 | Val Max Thermal: 0.0000
Epoch 4320 | Val Loss: 0.3556 | Val Cost:    0.00 | Val Max P-Miss: 0.2294 | Val Max Q-Miss: 0.0416 | Val Max Gen Viol: 0.0000 | Val Max Thermal: 0.0000
Epoch 4330 | Val Loss: 0.3559 | Val Cost:    0.00 | Val Max P-Miss: 0.2274 | Val Max Q-Miss: 0.0372 | Val Max Gen Viol: 0.0000 | Val Max Thermal: 0.0000
Epoch 4340 | Val Loss: 0.3580 | Val Cost:    0.00 | Val Max P-Miss: 0.2470 | Val Max Q-Miss: 0.0365 | Val Max Gen Viol: 0.0000 | Val Max Thermal: 0.0000
Epoch 4350 | Val Loss: 0.3559 | Val Cost:    0.00 | Val Max P-Miss: 0.2218 | Val Max Q-Miss: 0.0347 | Val Max Gen Viol: 0.0000 | Val Max Thermal: 0.0000
Epoch 4360 | Val Loss: 0.3557 | Val Cost:    0.00 | Val Max P-Miss: 0.2241 | Val Max Q-Miss: 0.0323 | Val Max Gen Viol: 0.0000 | Val Max Thermal: 0.0000
Epoch 4370 | Val Loss: 0.3629 | Val Cost:    0.00 | Val Max P-Miss: 0.2807 | Val Max Q-Miss: 0.0386 | Val Max Gen Viol: 0.0000 | Val Max Thermal: 0.0000
Epoch 4380 | Val Loss: 0.3576 | Val Cost:    0.00 | Val Max P-Miss: 0.2449 | Val Max Q-Miss: 0.0393 | Val Max Gen Viol: 0.0000 | Val Max Thermal: 0.0000
Epoch 4390 | Val Loss: 0.3560 | Val Cost:    0.00 | Val Max P-Miss: 0.2212 | Val Max Q-Miss: 0.0365 | Val Max Gen Viol: 0.0000 | Val Max Thermal: 0.0000
Epoch 4400 | Val Loss: 0.3559 | Val Cost:    0.00 | Val Max P-Miss: 0.2290 | Val Max Q-Miss: 0.0535 | Val Max Gen Viol: 0.0000 | Val Max Thermal: 0.0000
Epoch 4410 | Val Loss: 0.3560 | Val Cost:    0.00 | Val Max P-Miss: 0.2249 | Val Max Q-Miss: 0.0424 | Val Max Gen Viol: 0.0000 | Val Max Thermal: 0.0000
Epoch 4420 | Val Loss: 0.3610 | Val Cost:    0.00 | Val Max P-Miss: 0.2662 | Val Max Q-Miss: 0.0348 | Val Max Gen Viol: 0.0000 | Val Max Thermal: 0.0000
Epoch 4430 | Val Loss: 0.3559 | Val Cost:    0.00 | Val Max P-Miss: 0.2219 | Val Max Q-Miss: 0.0312 | Val Max Gen Viol: 0.0000 | Val Max Thermal: 0.0000
Epoch 4440 | Val Loss: 0.3557 | Val Cost:    0.00 | Val Max P-Miss: 0.2250 | Val Max Q-Miss: 0.0287 | Val Max Gen Viol: 0.0000 | Val Max Thermal: 0.0000
Epoch 4450 | Val Loss: 0.3555 | Val Cost:    0.00 | Val Max P-Miss: 0.2252 | Val Max Q-Miss: 0.0299 | Val Max Gen Viol: 0.0000 | Val Max Thermal: 0.0000
Epoch 4460 | Val Loss: 0.3554 | Val Cost:    0.00 | Val Max P-Miss: 0.2264 | Val Max Q-Miss: 0.0292 | Val Max Gen Viol: 0.0000 | Val Max Thermal: 0.0000
Epoch 4470 | Val Loss: 0.3560 | Val Cost:    0.00 | Val Max P-Miss: 0.2189 | Val Max Q-Miss: 0.0269 | Val Max Gen Viol: 0.0000 | Val Max Thermal: 0.0000
Epoch 4480 | Val Loss: 0.3556 | Val Cost:    0.00 | Val Max P-Miss: 0.2220 | Val Max Q-Miss: 0.0281 | Val Max Gen Viol: 0.0000 | Val Max Thermal: 0.0000
Epoch 4490 | Val Loss: 0.3555 | Val Cost:    0.00 | Val Max P-Miss: 0.2240 | Val Max Q-Miss: 0.0290 | Val Max Gen Viol: 0.0000 | Val Max Thermal: 0.0000
Epoch 4500 | Val Loss: 0.3556 | Val Cost:    0.00 | Val Max P-Miss: 0.2254 | Val Max Q-Miss: 0.0305 | Val Max Gen Viol: 0.0000 | Val Max Thermal: 0.0000
Epoch 4510 | Val Loss: 0.3568 | Val Cost:    0.00 | Val Max P-Miss: 0.2302 | Val Max Q-Miss: 0.0302 | Val Max Gen Viol: 0.0000 | Val Max Thermal: 0.0000
Epoch 4520 | Val Loss: 0.3556 | Val Cost:    0.00 | Val Max P-Miss: 0.2259 | Val Max Q-Miss: 0.0290 | Val Max Gen Viol: 0.0000 | Val Max Thermal: 0.0000
Epoch 4530 | Val Loss: 0.3554 | Val Cost:    0.00 | Val Max P-Miss: 0.2231 | Val Max Q-Miss: 0.0318 | Val Max Gen Viol: 0.0000 | Val Max Thermal: 0.0000
Epoch 4540 | Val Loss: 0.3552 | Val Cost:    0.00 | Val Max P-Miss: 0.2288 | Val Max Q-Miss: 0.0257 | Val Max Gen Viol: 0.0000 | Val Max Thermal: 0.0000
Epoch 4550 | Val Loss: 0.3553 | Val Cost:    0.00 | Val Max P-Miss: 0.2243 | Val Max Q-Miss: 0.0286 | Val Max Gen Viol: 0.0000 | Val Max Thermal: 0.0000
Epoch 4560 | Val Loss: 0.3786 | Val Cost:    0.00 | Val Max P-Miss: 0.2806 | Val Max Q-Miss: 0.0675 | Val Max Gen Viol: 0.0000 | Val Max Thermal: 0.0000
Epoch 4570 | Val Loss: 0.3555 | Val Cost:    0.00 | Val Max P-Miss: 0.2211 | Val Max Q-Miss: 0.0264 | Val Max Gen Viol: 0.0000 | Val Max Thermal: 0.0000
Epoch 4580 | Val Loss: 0.3552 | Val Cost:    0.00 | Val Max P-Miss: 0.2248 | Val Max Q-Miss: 0.0253 | Val Max Gen Viol: 0.0000 | Val Max Thermal: 0.0000
Epoch 4590 | Val Loss: 0.4175 | Val Cost:    0.00 | Val Max P-Miss: 0.3920 | Val Max Q-Miss: 0.0781 | Val Max Gen Viol: 0.0000 | Val Max Thermal: 0.0000
Epoch 4600 | Val Loss: 0.3558 | Val Cost:    0.00 | Val Max P-Miss: 0.2182 | Val Max Q-Miss: 0.0294 | Val Max Gen Viol: 0.0000 | Val Max Thermal: 0.0000
Epoch 4610 | Val Loss: 0.3555 | Val Cost:    0.00 | Val Max P-Miss: 0.2216 | Val Max Q-Miss: 0.0283 | Val Max Gen Viol: 0.0000 | Val Max Thermal: 0.0000
Epoch 4620 | Val Loss: 0.3553 | Val Cost:    0.00 | Val Max P-Miss: 0.2254 | Val Max Q-Miss: 0.0274 | Val Max Gen Viol: 0.0000 | Val Max Thermal: 0.0000
Epoch 4630 | Val Loss: 0.3554 | Val Cost:    0.00 | Val Max P-Miss: 0.2210 | Val Max Q-Miss: 0.0279 | Val Max Gen Viol: 0.0000 | Val Max Thermal: 0.0000
Epoch 4640 | Val Loss: 0.3551 | Val Cost:    0.00 | Val Max P-Miss: 0.2259 | Val Max Q-Miss: 0.0282 | Val Max Gen Viol: 0.0000 | Val Max Thermal: 0.0000 [*SAVED BEST*]
Epoch 4650 | Val Loss: 0.3567 | Val Cost:    0.00 | Val Max P-Miss: 0.2379 | Val Max Q-Miss: 0.0275 | Val Max Gen Viol: 0.0000 | Val Max Thermal: 0.0000
Epoch 4660 | Val Loss: 0.3551 | Val Cost:    0.00 | Val Max P-Miss: 0.2256 | Val Max Q-Miss: 0.0284 | Val Max Gen Viol: 0.0000 | Val Max Thermal: 0.0000
Epoch 4670 | Val Loss: 0.3561 | Val Cost:    0.00 | Val Max P-Miss: 0.2291 | Val Max Q-Miss: 0.0276 | Val Max Gen Viol: 0.0000 | Val Max Thermal: 0.0000
Epoch 4680 | Val Loss: 0.3550 | Val Cost:    0.00 | Val Max P-Miss: 0.2259 | Val Max Q-Miss: 0.0270 | Val Max Gen Viol: 0.0000 | Val Max Thermal: 0.0000 [*SAVED BEST*]
Epoch 4690 | Val Loss: 0.3553 | Val Cost:    0.00 | Val Max P-Miss: 0.2197 | Val Max Q-Miss: 0.0254 | Val Max Gen Viol: 0.0000 | Val Max Thermal: 0.0000
Epoch 4700 | Val Loss: 0.3550 | Val Cost:    0.00 | Val Max P-Miss: 0.2237 | Val Max Q-Miss: 0.0266 | Val Max Gen Viol: 0.0000 | Val Max Thermal: 0.0000 [*SAVED BEST*]
Epoch 4710 | Val Loss: 0.3556 | Val Cost:    0.00 | Val Max P-Miss: 0.2289 | Val Max Q-Miss: 0.0287 | Val Max Gen Viol: 0.0000 | Val Max Thermal: 0.0000
Epoch 4720 | Val Loss: 0.3550 | Val Cost:    0.00 | Val Max P-Miss: 0.2250 | Val Max Q-Miss: 0.0275 | Val Max Gen Viol: 0.0000 | Val Max Thermal: 0.0000
Epoch 4730 | Val Loss: 0.3557 | Val Cost:    0.00 | Val Max P-Miss: 0.2155 | Val Max Q-Miss: 0.0272 | Val Max Gen Viol: 0.0000 | Val Max Thermal: 0.0000
Epoch 4740 | Val Loss: 0.3553 | Val Cost:    0.00 | Val Max P-Miss: 0.2187 | Val Max Q-Miss: 0.0242 | Val Max Gen Viol: 0.0000 | Val Max Thermal: 0.0000
Epoch 4750 | Val Loss: 0.3551 | Val Cost:    0.00 | Val Max P-Miss: 0.2236 | Val Max Q-Miss: 0.0254 | Val Max Gen Viol: 0.0000 | Val Max Thermal: 0.0000
Epoch 4760 | Val Loss: 0.3551 | Val Cost:    0.00 | Val Max P-Miss: 0.2229 | Val Max Q-Miss: 0.0256 | Val Max Gen Viol: 0.0000 | Val Max Thermal: 0.0000
Epoch 4770 | Val Loss: 0.3554 | Val Cost:    0.00 | Val Max P-Miss: 0.2230 | Val Max Q-Miss: 0.0259 | Val Max Gen Viol: 0.0000 | Val Max Thermal: 0.0000
Epoch 4780 | Val Loss: 0.3552 | Val Cost:    0.00 | Val Max P-Miss: 0.2210 | Val Max Q-Miss: 0.0239 | Val Max Gen Viol: 0.0000 | Val Max Thermal: 0.0000
Epoch 4790 | Val Loss: 0.3550 | Val Cost:    0.00 | Val Max P-Miss: 0.2237 | Val Max Q-Miss: 0.0247 | Val Max Gen Viol: 0.0000 | Val Max Thermal: 0.0000 [*SAVED BEST*]
Epoch 4800 | Val Loss: 0.3586 | Val Cost:    0.00 | Val Max P-Miss: 0.2449 | Val Max Q-Miss: 0.0293 | Val Max Gen Viol: 0.0000 | Val Max Thermal: 0.0000
Epoch 4810 | Val Loss: 0.3550 | Val Cost:    0.00 | Val Max P-Miss: 0.2237 | Val Max Q-Miss: 0.0281 | Val Max Gen Viol: 0.0000 | Val Max Thermal: 0.0000
Epoch 4820 | Val Loss: 0.3592 | Val Cost:    0.00 | Val Max P-Miss: 0.2334 | Val Max Q-Miss: 0.0287 | Val Max Gen Viol: 0.0000 | Val Max Thermal: 0.0000
Epoch 4830 | Val Loss: 0.3553 | Val Cost:    0.00 | Val Max P-Miss: 0.2215 | Val Max Q-Miss: 0.0228 | Val Max Gen Viol: 0.0000 | Val Max Thermal: 0.0000
Epoch 4840 | Val Loss: 0.3551 | Val Cost:    0.00 | Val Max P-Miss: 0.2222 | Val Max Q-Miss: 0.0235 | Val Max Gen Viol: 0.0000 | Val Max Thermal: 0.0000
Epoch 4850 | Val Loss: 0.3557 | Val Cost:    0.00 | Val Max P-Miss: 0.2331 | Val Max Q-Miss: 0.0239 | Val Max Gen Viol: 0.0000 | Val Max Thermal: 0.0000
Epoch 4860 | Val Loss: 0.3554 | Val Cost:    0.00 | Val Max P-Miss: 0.2186 | Val Max Q-Miss: 0.0254 | Val Max Gen Viol: 0.0000 | Val Max Thermal: 0.0000
Epoch 4870 | Val Loss: 0.3551 | Val Cost:    0.00 | Val Max P-Miss: 0.2194 | Val Max Q-Miss: 0.0240 | Val Max Gen Viol: 0.0000 | Val Max Thermal: 0.0000
Epoch 4880 | Val Loss: 0.3584 | Val Cost:    0.00 | Val Max P-Miss: 0.2588 | Val Max Q-Miss: 0.0256 | Val Max Gen Viol: 0.0000 | Val Max Thermal: 0.0000
Epoch 4890 | Val Loss: 0.3591 | Val Cost:    0.00 | Val Max P-Miss: 0.2616 | Val Max Q-Miss: 0.0239 | Val Max Gen Viol: 0.0000 | Val Max Thermal: 0.0000
Epoch 4900 | Val Loss: 0.3581 | Val Cost:    0.00 | Val Max P-Miss: 0.2529 | Val Max Q-Miss: 0.0242 | Val Max Gen Viol: 0.0000 | Val Max Thermal: 0.0000
Epoch 4910 | Val Loss: 0.3561 | Val Cost:    0.00 | Val Max P-Miss: 0.2194 | Val Max Q-Miss: 0.0447 | Val Max Gen Viol: 0.0000 | Val Max Thermal: 0.0000
Epoch 4920 | Val Loss: 0.3553 | Val Cost:    0.00 | Val Max P-Miss: 0.2214 | Val Max Q-Miss: 0.0194 | Val Max Gen Viol: 0.0000 | Val Max Thermal: 0.0000
Epoch 4930 | Val Loss: 0.3551 | Val Cost:    0.00 | Val Max P-Miss: 0.2302 | Val Max Q-Miss: 0.0272 | Val Max Gen Viol: 0.0000 | Val Max Thermal: 0.0000
Epoch 4940 | Val Loss: 0.3550 | Val Cost:    0.00 | Val Max P-Miss: 0.2289 | Val Max Q-Miss: 0.0280 | Val Max Gen Viol: 0.0000 | Val Max Thermal: 0.0000 [*SAVED BEST*]
Epoch 4950 | Val Loss: 0.3561 | Val Cost:    0.00 | Val Max P-Miss: 0.2320 | Val Max Q-Miss: 0.0362 | Val Max Gen Viol: 0.0000 | Val Max Thermal: 0.0000
Epoch 4960 | Val Loss: 0.3550 | Val Cost:    0.00 | Val Max P-Miss: 0.2254 | Val Max Q-Miss: 0.0305 | Val Max Gen Viol: 0.0000 | Val Max Thermal: 0.0000
Epoch 4970 | Val Loss: 0.3548 | Val Cost:    0.00 | Val Max P-Miss: 0.2271 | Val Max Q-Miss: 0.0301 | Val Max Gen Viol: 0.0000 | Val Max Thermal: 0.0000 [*SAVED BEST*]
Epoch 4980 | Val Loss: 0.3553 | Val Cost:    0.00 | Val Max P-Miss: 0.2214 | Val Max Q-Miss: 0.0204 | Val Max Gen Viol: 0.0000 | Val Max Thermal: 0.0000
Epoch 4990 | Val Loss: 0.3549 | Val Cost:    0.00 | Val Max P-Miss: 0.2246 | Val Max Q-Miss: 0.0246 | Val Max Gen Viol: 0.0000 | Val Max Thermal: 0.0000
Epoch 5000 | Val Loss: 0.3549 | Val Cost:    0.00 | Val Max P-Miss: 0.2266 | Val Max Q-Miss: 0.0214 | Val Max Gen Viol: 0.0000 | Val Max Thermal: 0.0000
Epoch 5010 | Val Loss: 0.3556 | Val Cost:    0.00 | Val Max P-Miss: 0.2341 | Val Max Q-Miss: 0.0282 | Val Max Gen Viol: 0.0000 | Val Max Thermal: 0.0000
Epoch 5020 | Val Loss: 0.3548 | Val Cost:    0.00 | Val Max P-Miss: 0.2278 | Val Max Q-Miss: 0.0247 | Val Max Gen Viol: 0.0000 | Val Max Thermal: 0.0000 [*SAVED BEST*]
Epoch 5030 | Val Loss: 0.3555 | Val Cost:    0.00 | Val Max P-Miss: 0.2270 | Val Max Q-Miss: 0.0272 | Val Max Gen Viol: 0.0000 | Val Max Thermal: 0.0000
Epoch 5040 | Val Loss: 0.3559 | Val Cost:    0.00 | Val Max P-Miss: 0.2299 | Val Max Q-Miss: 0.1159 | Val Max Gen Viol: 0.0000 | Val Max Thermal: 0.0000
Epoch 5050 | Val Loss: 0.3555 | Val Cost:    0.00 | Val Max P-Miss: 0.2264 | Val Max Q-Miss: 0.0254 | Val Max Gen Viol: 0.0000 | Val Max Thermal: 0.0000
Epoch 5060 | Val Loss: 0.3551 | Val Cost:    0.00 | Val Max P-Miss: 0.2198 | Val Max Q-Miss: 0.0264 | Val Max Gen Viol: 0.0000 | Val Max Thermal: 0.0000
Epoch 5070 | Val Loss: 0.3550 | Val Cost:    0.00 | Val Max P-Miss: 0.2262 | Val Max Q-Miss: 0.0249 | Val Max Gen Viol: 0.0000 | Val Max Thermal: 0.0000
Epoch 5080 | Val Loss: 0.3569 | Val Cost:    0.00 | Val Max P-Miss: 0.2327 | Val Max Q-Miss: 0.0762 | Val Max Gen Viol: 0.0000 | Val Max Thermal: 0.0000
Epoch 5090 | Val Loss: 0.3565 | Val Cost:    0.00 | Val Max P-Miss: 0.2232 | Val Max Q-Miss: 0.0276 | Val Max Gen Viol: 0.0000 | Val Max Thermal: 0.0000
Epoch 5100 | Val Loss: 0.3551 | Val Cost:    0.00 | Val Max P-Miss: 0.2205 | Val Max Q-Miss: 0.0228 | Val Max Gen Viol: 0.0000 | Val Max Thermal: 0.0000
Epoch 5110 | Val Loss: 0.3550 | Val Cost:    0.00 | Val Max P-Miss: 0.2259 | Val Max Q-Miss: 0.0234 | Val Max Gen Viol: 0.0000 | Val Max Thermal: 0.0000
Epoch 5120 | Val Loss: 0.3553 | Val Cost:    0.00 | Val Max P-Miss: 0.2265 | Val Max Q-Miss: 0.0241 | Val Max Gen Viol: 0.0000 | Val Max Thermal: 0.0000
Epoch 5130 | Val Loss: 0.3585 | Val Cost:    0.00 | Val Max P-Miss: 0.2436 | Val Max Q-Miss: 0.0220 | Val Max Gen Viol: 0.0000 | Val Max Thermal: 0.0000
Epoch 5140 | Val Loss: 0.3555 | Val Cost:    0.00 | Val Max P-Miss: 0.2168 | Val Max Q-Miss: 0.0197 | Val Max Gen Viol: 0.0000 | Val Max Thermal: 0.0000
Epoch 5150 | Val Loss: 0.3553 | Val Cost:    0.00 | Val Max P-Miss: 0.2216 | Val Max Q-Miss: 0.0203 | Val Max Gen Viol: 0.0000 | Val Max Thermal: 0.0000
Epoch 5160 | Val Loss: 0.3552 | Val Cost:    0.00 | Val Max P-Miss: 0.2273 | Val Max Q-Miss: 0.0201 | Val Max Gen Viol: 0.0000 | Val Max Thermal: 0.0000
Epoch 5170 | Val Loss: 0.3555 | Val Cost:    0.00 | Val Max P-Miss: 0.2283 | Val Max Q-Miss: 0.0223 | Val Max Gen Viol: 0.0000 | Val Max Thermal: 0.0000
Epoch 5180 | Val Loss: 0.3710 | Val Cost:    0.00 | Val Max P-Miss: 0.3118 | Val Max Q-Miss: 0.0441 | Val Max Gen Viol: 0.0000 | Val Max Thermal: 0.0000
Epoch 5190 | Val Loss: 0.3554 | Val Cost:    0.00 | Val Max P-Miss: 0.2203 | Val Max Q-Miss: 0.0200 | Val Max Gen Viol: 0.0000 | Val Max Thermal: 0.0000
Epoch 5200 | Val Loss: 0.3552 | Val Cost:    0.00 | Val Max P-Miss: 0.2259 | Val Max Q-Miss: 0.0234 | Val Max Gen Viol: 0.0000 | Val Max Thermal: 0.0000
Epoch 5210 | Val Loss: 0.3561 | Val Cost:    0.00 | Val Max P-Miss: 0.2505 | Val Max Q-Miss: 0.1005 | Val Max Gen Viol: 0.0000 | Val Max Thermal: 0.0000
Epoch 5220 | Val Loss: 0.3550 | Val Cost:    0.00 | Val Max P-Miss: 0.2329 | Val Max Q-Miss: 0.0248 | Val Max Gen Viol: 0.0000 | Val Max Thermal: 0.0000
Epoch 5230 | Val Loss: 0.3550 | Val Cost:    0.00 | Val Max P-Miss: 0.2306 | Val Max Q-Miss: 0.0235 | Val Max Gen Viol: 0.0000 | Val Max Thermal: 0.0000
Epoch 5240 | Val Loss: 0.3549 | Val Cost:    0.00 | Val Max P-Miss: 0.2270 | Val Max Q-Miss: 0.0196 | Val Max Gen Viol: 0.0000 | Val Max Thermal: 0.0000
Epoch 5250 | Val Loss: 0.3552 | Val Cost:    0.00 | Val Max P-Miss: 0.2315 | Val Max Q-Miss: 0.0208 | Val Max Gen Viol: 0.0000 | Val Max Thermal: 0.0000
Epoch 5260 | Val Loss: 0.3549 | Val Cost:    0.00 | Val Max P-Miss: 0.2295 | Val Max Q-Miss: 0.0206 | Val Max Gen Viol: 0.0000 | Val Max Thermal: 0.0000
Epoch 5270 | Val Loss: 0.3647 | Val Cost:    0.00 | Val Max P-Miss: 0.2926 | Val Max Q-Miss: 0.0302 | Val Max Gen Viol: 0.0000 | Val Max Thermal: 0.0000
Epoch 5280 | Val Loss: 0.3588 | Val Cost:    0.00 | Val Max P-Miss: 0.2587 | Val Max Q-Miss: 0.0228 | Val Max Gen Viol: 0.0000 | Val Max Thermal: 0.0000
Epoch 5290 | Val Loss: 0.3577 | Val Cost:    0.00 | Val Max P-Miss: 0.2473 | Val Max Q-Miss: 0.0217 | Val Max Gen Viol: 0.0000 | Val Max Thermal: 0.0000
Epoch 5300 | Val Loss: 0.3553 | Val Cost:    0.00 | Val Max P-Miss: 0.2232 | Val Max Q-Miss: 0.0188 | Val Max Gen Viol: 0.0000 | Val Max Thermal: 0.0000
Epoch 5310 | Val Loss: 0.3551 | Val Cost:    0.00 | Val Max P-Miss: 0.2228 | Val Max Q-Miss: 0.0208 | Val Max Gen Viol: 0.0000 | Val Max Thermal: 0.0000
Epoch 5320 | Val Loss: 0.3551 | Val Cost:    0.00 | Val Max P-Miss: 0.2296 | Val Max Q-Miss: 0.0198 | Val Max Gen Viol: 0.0000 | Val Max Thermal: 0.0000
Epoch 5330 | Val Loss: 0.3552 | Val Cost:    0.00 | Val Max P-Miss: 0.2303 | Val Max Q-Miss: 0.0202 | Val Max Gen Viol: 0.0000 | Val Max Thermal: 0.0000
Epoch 5340 | Val Loss: 0.3553 | Val Cost:    0.00 | Val Max P-Miss: 0.2197 | Val Max Q-Miss: 0.0184 | Val Max Gen Viol: 0.0000 | Val Max Thermal: 0.0000
Epoch 5350 | Val Loss: 0.3551 | Val Cost:    0.00 | Val Max P-Miss: 0.2275 | Val Max Q-Miss: 0.0197 | Val Max Gen Viol: 0.0000 | Val Max Thermal: 0.0000
Epoch 5360 | Val Loss: 0.3549 | Val Cost:    0.00 | Val Max P-Miss: 0.2255 | Val Max Q-Miss: 0.0227 | Val Max Gen Viol: 0.0000 | Val Max Thermal: 0.0000
Epoch 5370 | Val Loss: 0.3552 | Val Cost:    0.00 | Val Max P-Miss: 0.2241 | Val Max Q-Miss: 0.0203 | Val Max Gen Viol: 0.0000 | Val Max Thermal: 0.0000
Epoch 5380 | Val Loss: 0.3549 | Val Cost:    0.00 | Val Max P-Miss: 0.2289 | Val Max Q-Miss: 0.0225 | Val Max Gen Viol: 0.0000 | Val Max Thermal: 0.0000
Epoch 5390 | Val Loss: 0.3548 | Val Cost:    0.00 | Val Max P-Miss: 0.2291 | Val Max Q-Miss: 0.0218 | Val Max Gen Viol: 0.0000 | Val Max Thermal: 0.0000
Epoch 5400 | Val Loss: 0.3559 | Val Cost:    0.00 | Val Max P-Miss: 0.2173 | Val Max Q-Miss: 0.0218 | Val Max Gen Viol: 0.0000 | Val Max Thermal: 0.0000
Epoch 5410 | Val Loss: 0.3552 | Val Cost:    0.00 | Val Max P-Miss: 0.2170 | Val Max Q-Miss: 0.0190 | Val Max Gen Viol: 0.0000 | Val Max Thermal: 0.0000
Epoch 5420 | Val Loss: 0.3550 | Val Cost:    0.00 | Val Max P-Miss: 0.2221 | Val Max Q-Miss: 0.0201 | Val Max Gen Viol: 0.0000 | Val Max Thermal: 0.0000
Epoch 5430 | Val Loss: 0.3549 | Val Cost:    0.00 | Val Max P-Miss: 0.2277 | Val Max Q-Miss: 0.0199 | Val Max Gen Viol: 0.0000 | Val Max Thermal: 0.0000
Epoch 5440 | Val Loss: 0.3562 | Val Cost:    0.00 | Val Max P-Miss: 0.2284 | Val Max Q-Miss: 0.0176 | Val Max Gen Viol: 0.0000 | Val Max Thermal: 0.0000
Epoch 5450 | Val Loss: 0.3548 | Val Cost:    0.00 | Val Max P-Miss: 0.2286 | Val Max Q-Miss: 0.0218 | Val Max Gen Viol: 0.0000 | Val Max Thermal: 0.0000
Epoch 5460 | Val Loss: 0.3595 | Val Cost:    0.00 | Val Max P-Miss: 0.2309 | Val Max Q-Miss: 0.0293 | Val Max Gen Viol: 0.0000 | Val Max Thermal: 0.0000
Epoch 5470 | Val Loss: 0.3550 | Val Cost:    0.00 | Val Max P-Miss: 0.2169 | Val Max Q-Miss: 0.0200 | Val Max Gen Viol: 0.0000 | Val Max Thermal: 0.0000
Epoch 5480 | Val Loss: 0.3549 | Val Cost:    0.00 | Val Max P-Miss: 0.2221 | Val Max Q-Miss: 0.0218 | Val Max Gen Viol: 0.0000 | Val Max Thermal: 0.0000
Epoch 5490 | Val Loss: 0.3719 | Val Cost:    0.00 | Val Max P-Miss: 0.2529 | Val Max Q-Miss: 0.0467 | Val Max Gen Viol: 0.0000 | Val Max Thermal: 0.0000
Epoch 5500 | Val Loss: 0.3555 | Val Cost:    0.00 | Val Max P-Miss: 0.2172 | Val Max Q-Miss: 0.0234 | Val Max Gen Viol: 0.0000 | Val Max Thermal: 0.0000
Epoch 5510 | Val Loss: 0.3553 | Val Cost:    0.00 | Val Max P-Miss: 0.2233 | Val Max Q-Miss: 0.0175 | Val Max Gen Viol: 0.0000 | Val Max Thermal: 0.0000
Epoch 5520 | Val Loss: 0.3551 | Val Cost:    0.00 | Val Max P-Miss: 0.2255 | Val Max Q-Miss: 0.0209 | Val Max Gen Viol: 0.0000 | Val Max Thermal: 0.0000
Epoch 5530 | Val Loss: 0.3550 | Val Cost:    0.00 | Val Max P-Miss: 0.2248 | Val Max Q-Miss: 0.0215 | Val Max Gen Viol: 0.0000 | Val Max Thermal: 0.0000
Epoch 5540 | Val Loss: 0.3549 | Val Cost:    0.00 | Val Max P-Miss: 0.2246 | Val Max Q-Miss: 0.0232 | Val Max Gen Viol: 0.0000 | Val Max Thermal: 0.0000
Epoch 5550 | Val Loss: 0.3835 | Val Cost:    0.00 | Val Max P-Miss: 0.3438 | Val Max Q-Miss: 0.0317 | Val Max Gen Viol: 0.0000 | Val Max Thermal: 0.0000
Epoch 5560 | Val Loss: 0.3553 | Val Cost:    0.00 | Val Max P-Miss: 0.2171 | Val Max Q-Miss: 0.0164 | Val Max Gen Viol: 0.0000 | Val Max Thermal: 0.0000
Epoch 5570 | Val Loss: 0.3552 | Val Cost:    0.00 | Val Max P-Miss: 0.2171 | Val Max Q-Miss: 0.0187 | Val Max Gen Viol: 0.0000 | Val Max Thermal: 0.0000
Epoch 5580 | Val Loss: 0.3549 | Val Cost:    0.00 | Val Max P-Miss: 0.2261 | Val Max Q-Miss: 0.0226 | Val Max Gen Viol: 0.0000 | Val Max Thermal: 0.0000
Epoch 5590 | Val Loss: 0.3569 | Val Cost:    0.00 | Val Max P-Miss: 0.2323 | Val Max Q-Miss: 0.0193 | Val Max Gen Viol: 0.0000 | Val Max Thermal: 0.0000
Epoch 5600 | Val Loss: 0.3555 | Val Cost:    0.00 | Val Max P-Miss: 0.2173 | Val Max Q-Miss: 0.0172 | Val Max Gen Viol: 0.0000 | Val Max Thermal: 0.0000
Epoch 5610 | Val Loss: 0.3553 | Val Cost:    0.00 | Val Max P-Miss: 0.2244 | Val Max Q-Miss: 0.0173 | Val Max Gen Viol: 0.0000 | Val Max Thermal: 0.0000
Epoch 5620 | Val Loss: 0.3550 | Val Cost:    0.00 | Val Max P-Miss: 0.2263 | Val Max Q-Miss: 0.0186 | Val Max Gen Viol: 0.0000 | Val Max Thermal: 0.0000
Epoch 5630 | Val Loss: 0.3549 | Val Cost:    0.00 | Val Max P-Miss: 0.2289 | Val Max Q-Miss: 0.0244 | Val Max Gen Viol: 0.0000 | Val Max Thermal: 0.0000
Epoch 5640 | Val Loss: 0.3549 | Val Cost:    0.00 | Val Max P-Miss: 0.2280 | Val Max Q-Miss: 0.0241 | Val Max Gen Viol: 0.0000 | Val Max Thermal: 0.0000
Epoch 5650 | Val Loss: 0.3551 | Val Cost:    0.00 | Val Max P-Miss: 0.2225 | Val Max Q-Miss: 0.0197 | Val Max Gen Viol: 0.0000 | Val Max Thermal: 0.0000
Epoch 5660 | Val Loss: 0.3548 | Val Cost:    0.00 | Val Max P-Miss: 0.2319 | Val Max Q-Miss: 0.0245 | Val Max Gen Viol: 0.0000 | Val Max Thermal: 0.0000 [*SAVED BEST*]
Epoch 5670 | Val Loss: 0.3709 | Val Cost:    0.00 | Val Max P-Miss: 0.2749 | Val Max Q-Miss: 0.0450 | Val Max Gen Viol: 0.0000 | Val Max Thermal: 0.0000
Epoch 5680 | Val Loss: 0.3552 | Val Cost:    0.00 | Val Max P-Miss: 0.2230 | Val Max Q-Miss: 0.0229 | Val Max Gen Viol: 0.0000 | Val Max Thermal: 0.0000
Epoch 5690 | Val Loss: 0.3551 | Val Cost:    0.00 | Val Max P-Miss: 0.2250 | Val Max Q-Miss: 0.0211 | Val Max Gen Viol: 0.0000 | Val Max Thermal: 0.0000
Epoch 5700 | Val Loss: 0.3549 | Val Cost:    0.00 | Val Max P-Miss: 0.2304 | Val Max Q-Miss: 0.0210 | Val Max Gen Viol: 0.0000 | Val Max Thermal: 0.0000
Epoch 5710 | Val Loss: 0.3558 | Val Cost:    0.00 | Val Max P-Miss: 0.2280 | Val Max Q-Miss: 0.0202 | Val Max Gen Viol: 0.0000 | Val Max Thermal: 0.0000
Epoch 5720 | Val Loss: 0.3549 | Val Cost:    0.00 | Val Max P-Miss: 0.2301 | Val Max Q-Miss: 0.0197 | Val Max Gen Viol: 0.0000 | Val Max Thermal: 0.0000
Epoch 5730 | Val Loss: 0.3548 | Val Cost:    0.00 | Val Max P-Miss: 0.2306 | Val Max Q-Miss: 0.0227 | Val Max Gen Viol: 0.0000 | Val Max Thermal: 0.0000
Epoch 5740 | Val Loss: 0.3550 | Val Cost:    0.00 | Val Max P-Miss: 0.2252 | Val Max Q-Miss: 0.0209 | Val Max Gen Viol: 0.0000 | Val Max Thermal: 0.0000
Epoch 5750 | Val Loss: 0.3622 | Val Cost:    0.00 | Val Max P-Miss: 0.2829 | Val Max Q-Miss: 0.0239 | Val Max Gen Viol: 0.0000 | Val Max Thermal: 0.0000
Epoch 5760 | Val Loss: 0.3556 | Val Cost:    0.00 | Val Max P-Miss: 0.2203 | Val Max Q-Miss: 0.0179 | Val Max Gen Viol: 0.0000 | Val Max Thermal: 0.0000
Epoch 5770 | Val Loss: 0.3553 | Val Cost:    0.00 | Val Max P-Miss: 0.2225 | Val Max Q-Miss: 0.0179 | Val Max Gen Viol: 0.0000 | Val Max Thermal: 0.0000
Epoch 5780 | Val Loss: 0.3550 | Val Cost:    0.00 | Val Max P-Miss: 0.2198 | Val Max Q-Miss: 0.0195 | Val Max Gen Viol: 0.0000 | Val Max Thermal: 0.0000
Epoch 5790 | Val Loss: 0.3549 | Val Cost:    0.00 | Val Max P-Miss: 0.2322 | Val Max Q-Miss: 0.0195 | Val Max Gen Viol: 0.0000 | Val Max Thermal: 0.0000
Epoch 5800 | Val Loss: 0.3550 | Val Cost:    0.00 | Val Max P-Miss: 0.2310 | Val Max Q-Miss: 0.0211 | Val Max Gen Viol: 0.0000 | Val Max Thermal: 0.0000
Epoch 5810 | Val Loss: 0.3548 | Val Cost:    0.00 | Val Max P-Miss: 0.2367 | Val Max Q-Miss: 0.0214 | Val Max Gen Viol: 0.0000 | Val Max Thermal: 0.0000 [*SAVED BEST*]
Epoch 5820 | Val Loss: 0.3548 | Val Cost:    0.00 | Val Max P-Miss: 0.2301 | Val Max Q-Miss: 0.0202 | Val Max Gen Viol: 0.0000 | Val Max Thermal: 0.0000
Epoch 5830 | Val Loss: 0.3581 | Val Cost:    0.00 | Val Max P-Miss: 0.2394 | Val Max Q-Miss: 0.0240 | Val Max Gen Viol: 0.0000 | Val Max Thermal: 0.0000
Epoch 5840 | Val Loss: 0.3552 | Val Cost:    0.00 | Val Max P-Miss: 0.2186 | Val Max Q-Miss: 0.0156 | Val Max Gen Viol: 0.0000 | Val Max Thermal: 0.0000
Epoch 5850 | Val Loss: 0.3549 | Val Cost:    0.00 | Val Max P-Miss: 0.2210 | Val Max Q-Miss: 0.0193 | Val Max Gen Viol: 0.0000 | Val Max Thermal: 0.0000
Epoch 5860 | Val Loss: 0.3548 | Val Cost:    0.00 | Val Max P-Miss: 0.2284 | Val Max Q-Miss: 0.0196 | Val Max Gen Viol: 0.0000 | Val Max Thermal: 0.0000
Epoch 5870 | Val Loss: 0.3549 | Val Cost:    0.00 | Val Max P-Miss: 0.2165 | Val Max Q-Miss: 0.0161 | Val Max Gen Viol: 0.0000 | Val Max Thermal: 0.0000
Epoch 5880 | Val Loss: 0.3548 | Val Cost:    0.00 | Val Max P-Miss: 0.2257 | Val Max Q-Miss: 0.0185 | Val Max Gen Viol: 0.0000 | Val Max Thermal: 0.0000
Epoch 5890 | Val Loss: 0.3552 | Val Cost:    0.00 | Val Max P-Miss: 0.2226 | Val Max Q-Miss: 0.0175 | Val Max Gen Viol: 0.0000 | Val Max Thermal: 0.0000
Epoch 5900 | Val Loss: 0.3589 | Val Cost:    0.00 | Val Max P-Miss: 0.2569 | Val Max Q-Miss: 0.0279 | Val Max Gen Viol: 0.0000 | Val Max Thermal: 0.0000
Epoch 5910 | Val Loss: 0.3557 | Val Cost:    0.00 | Val Max P-Miss: 0.2213 | Val Max Q-Miss: 0.0162 | Val Max Gen Viol: 0.0000 | Val Max Thermal: 0.0000
Epoch 5920 | Val Loss: 0.3552 | Val Cost:    0.00 | Val Max P-Miss: 0.2159 | Val Max Q-Miss: 0.0157 | Val Max Gen Viol: 0.0000 | Val Max Thermal: 0.0000
Epoch 5930 | Val Loss: 0.3549 | Val Cost:    0.00 | Val Max P-Miss: 0.2240 | Val Max Q-Miss: 0.0149 | Val Max Gen Viol: 0.0000 | Val Max Thermal: 0.0000
Epoch 5940 | Val Loss: 0.3548 | Val Cost:    0.00 | Val Max P-Miss: 0.2252 | Val Max Q-Miss: 0.0168 | Val Max Gen Viol: 0.0000 | Val Max Thermal: 0.0000
Epoch 5950 | Val Loss: 0.3562 | Val Cost:    0.00 | Val Max P-Miss: 0.2333 | Val Max Q-Miss: 0.0181 | Val Max Gen Viol: 0.0000 | Val Max Thermal: 0.0000
Epoch 5960 | Val Loss: 0.3548 | Val Cost:    0.00 | Val Max P-Miss: 0.2265 | Val Max Q-Miss: 0.0152 | Val Max Gen Viol: 0.0000 | Val Max Thermal: 0.0000
Epoch 5970 | Val Loss: 0.3547 | Val Cost:    0.00 | Val Max P-Miss: 0.2261 | Val Max Q-Miss: 0.0205 | Val Max Gen Viol: 0.0000 | Val Max Thermal: 0.0000 [*SAVED BEST*]
Epoch 5980 | Val Loss: 0.3546 | Val Cost:    0.00 | Val Max P-Miss: 0.2311 | Val Max Q-Miss: 0.0211 | Val Max Gen Viol: 0.0000 | Val Max Thermal: 0.0000 [*SAVED BEST*]
Epoch 5990 | Val Loss: 0.3572 | Val Cost:    0.00 | Val Max P-Miss: 0.2286 | Val Max Q-Miss: 0.0331 | Val Max Gen Viol: 0.0000 | Val Max Thermal: 0.0000
Epoch 6000 | Val Loss: 0.3550 | Val Cost:    0.00 | Val Max P-Miss: 0.2146 | Val Max Q-Miss: 0.0148 | Val Max Gen Viol: 0.0000 | Val Max Thermal: 0.0000
Epoch 6010 | Val Loss: 0.3548 | Val Cost:    0.00 | Val Max P-Miss: 0.2204 | Val Max Q-Miss: 0.0149 | Val Max Gen Viol: 0.0000 | Val Max Thermal: 0.0000
Epoch 6020 | Val Loss: 0.3547 | Val Cost:    0.00 | Val Max P-Miss: 0.2249 | Val Max Q-Miss: 0.0189 | Val Max Gen Viol: 0.0000 | Val Max Thermal: 0.0000
Epoch 6030 | Val Loss: 0.3551 | Val Cost:    0.00 | Val Max P-Miss: 0.2270 | Val Max Q-Miss: 0.0168 | Val Max Gen Viol: 0.0000 | Val Max Thermal: 0.0000
Epoch 6040 | Val Loss: 0.3547 | Val Cost:    0.00 | Val Max P-Miss: 0.2281 | Val Max Q-Miss: 0.0166 | Val Max Gen Viol: 0.0000 | Val Max Thermal: 0.0000
Epoch 6050 | Val Loss: 0.3561 | Val Cost:    0.00 | Val Max P-Miss: 0.2394 | Val Max Q-Miss: 0.0142 | Val Max Gen Viol: 0.0000 | Val Max Thermal: 0.0000
Epoch 6060 | Val Loss: 0.3557 | Val Cost:    0.00 | Val Max P-Miss: 0.2268 | Val Max Q-Miss: 0.0192 | Val Max Gen Viol: 0.0000 | Val Max Thermal: 0.0000
Epoch 6070 | Val Loss: 0.3551 | Val Cost:    0.00 | Val Max P-Miss: 0.2151 | Val Max Q-Miss: 0.0153 | Val Max Gen Viol: 0.0000 | Val Max Thermal: 0.0000
Epoch 6080 | Val Loss: 0.3549 | Val Cost:    0.00 | Val Max P-Miss: 0.2234 | Val Max Q-Miss: 0.0156 | Val Max Gen Viol: 0.0000 | Val Max Thermal: 0.0000
Epoch 6090 | Val Loss: 0.3548 | Val Cost:    0.00 | Val Max P-Miss: 0.2237 | Val Max Q-Miss: 0.0155 | Val Max Gen Viol: 0.0000 | Val Max Thermal: 0.0000
Epoch 6100 | Val Loss: 0.3549 | Val Cost:    0.00 | Val Max P-Miss: 0.2219 | Val Max Q-Miss: 0.0146 | Val Max Gen Viol: 0.0000 | Val Max Thermal: 0.0000
Epoch 6110 | Val Loss: 0.3547 | Val Cost:    0.00 | Val Max P-Miss: 0.2290 | Val Max Q-Miss: 0.0178 | Val Max Gen Viol: 0.0000 | Val Max Thermal: 0.0000
Epoch 6120 | Val Loss: 0.3580 | Val Cost:    0.00 | Val Max P-Miss: 0.2303 | Val Max Q-Miss: 0.0312 | Val Max Gen Viol: 0.0000 | Val Max Thermal: 0.0000
Epoch 6130 | Val Loss: 0.3552 | Val Cost:    0.00 | Val Max P-Miss: 0.2133 | Val Max Q-Miss: 0.0158 | Val Max Gen Viol: 0.0000 | Val Max Thermal: 0.0000
Epoch 6140 | Val Loss: 0.3550 | Val Cost:    0.00 | Val Max P-Miss: 0.2192 | Val Max Q-Miss: 0.0143 | Val Max Gen Viol: 0.0000 | Val Max Thermal: 0.0000
Epoch 6150 | Val Loss: 0.3549 | Val Cost:    0.00 | Val Max P-Miss: 0.2214 | Val Max Q-Miss: 0.0156 | Val Max Gen Viol: 0.0000 | Val Max Thermal: 0.0000
Epoch 6160 | Val Loss: 0.3547 | Val Cost:    0.00 | Val Max P-Miss: 0.2227 | Val Max Q-Miss: 0.0164 | Val Max Gen Viol: 0.0000 | Val Max Thermal: 0.0000
Epoch 6170 | Val Loss: 0.3549 | Val Cost:    0.00 | Val Max P-Miss: 0.2236 | Val Max Q-Miss: 0.0157 | Val Max Gen Viol: 0.0000 | Val Max Thermal: 0.0000
Epoch 6180 | Val Loss: 0.3547 | Val Cost:    0.00 | Val Max P-Miss: 0.2291 | Val Max Q-Miss: 0.0186 | Val Max Gen Viol: 0.0000 | Val Max Thermal: 0.0000
Epoch 6190 | Val Loss: 0.3548 | Val Cost:    0.00 | Val Max P-Miss: 0.2293 | Val Max Q-Miss: 0.0169 | Val Max Gen Viol: 0.0000 | Val Max Thermal: 0.0000
Epoch 6200 | Val Loss: 0.3614 | Val Cost:    0.00 | Val Max P-Miss: 0.2619 | Val Max Q-Miss: 0.0278 | Val Max Gen Viol: 0.0000 | Val Max Thermal: 0.0000
Epoch 6210 | Val Loss: 0.3548 | Val Cost:    0.00 | Val Max P-Miss: 0.2244 | Val Max Q-Miss: 0.0147 | Val Max Gen Viol: 0.0000 | Val Max Thermal: 0.0000
Epoch 6220 | Val Loss: 0.3547 | Val Cost:    0.00 | Val Max P-Miss: 0.2298 | Val Max Q-Miss: 0.0172 | Val Max Gen Viol: 0.0000 | Val Max Thermal: 0.0000
Epoch 6230 | Val Loss: 0.3547 | Val Cost:    0.00 | Val Max P-Miss: 0.2340 | Val Max Q-Miss: 0.0192 | Val Max Gen Viol: 0.0000 | Val Max Thermal: 0.0000
Epoch 6240 | Val Loss: 0.3546 | Val Cost:    0.00 | Val Max P-Miss: 0.2347 | Val Max Q-Miss: 0.0177 | Val Max Gen Viol: 0.0000 | Val Max Thermal: 0.0000
Epoch 6250 | Val Loss: 0.3546 | Val Cost:    0.00 | Val Max P-Miss: 0.2374 | Val Max Q-Miss: 0.0190 | Val Max Gen Viol: 0.0000 | Val Max Thermal: 0.0000
Epoch 6260 | Val Loss: 0.3546 | Val Cost:    0.00 | Val Max P-Miss: 0.2288 | Val Max Q-Miss: 0.0176 | Val Max Gen Viol: 0.0000 | Val Max Thermal: 0.0000
Epoch 6270 | Val Loss: 0.3789 | Val Cost:    0.00 | Val Max P-Miss: 0.2703 | Val Max Q-Miss: 0.0582 | Val Max Gen Viol: 0.0000 | Val Max Thermal: 0.0000
Epoch 6280 | Val Loss: 0.3551 | Val Cost:    0.00 | Val Max P-Miss: 0.2149 | Val Max Q-Miss: 0.0161 | Val Max Gen Viol: 0.0000 | Val Max Thermal: 0.0000
Epoch 6290 | Val Loss: 0.3549 | Val Cost:    0.00 | Val Max P-Miss: 0.2142 | Val Max Q-Miss: 0.0165 | Val Max Gen Viol: 0.0000 | Val Max Thermal: 0.0000
Epoch 6300 | Val Loss: 0.3548 | Val Cost:    0.00 | Val Max P-Miss: 0.2191 | Val Max Q-Miss: 0.0145 | Val Max Gen Viol: 0.0000 | Val Max Thermal: 0.0000
Epoch 6310 | Val Loss: 0.3547 | Val Cost:    0.00 | Val Max P-Miss: 0.2234 | Val Max Q-Miss: 0.0161 | Val Max Gen Viol: 0.0000 | Val Max Thermal: 0.0000
Epoch 6320 | Val Loss: 0.3554 | Val Cost:    0.00 | Val Max P-Miss: 0.2164 | Val Max Q-Miss: 0.0145 | Val Max Gen Viol: 0.0000 | Val Max Thermal: 0.0000
Epoch 6330 | Val Loss: 0.3549 | Val Cost:    0.00 | Val Max P-Miss: 0.2147 | Val Max Q-Miss: 0.0152 | Val Max Gen Viol: 0.0000 | Val Max Thermal: 0.0000
Epoch 6340 | Val Loss: 0.3558 | Val Cost:    0.00 | Val Max P-Miss: 0.2311 | Val Max Q-Miss: 0.0161 | Val Max Gen Viol: 0.0000 | Val Max Thermal: 0.0000
Epoch 6350 | Val Loss: 0.3549 | Val Cost:    0.00 | Val Max P-Miss: 0.2162 | Val Max Q-Miss: 0.0149 | Val Max Gen Viol: 0.0000 | Val Max Thermal: 0.0000
Epoch 6360 | Val Loss: 0.3547 | Val Cost:    0.00 | Val Max P-Miss: 0.2265 | Val Max Q-Miss: 0.0154 | Val Max Gen Viol: 0.0000 | Val Max Thermal: 0.0000
Epoch 6370 | Val Loss: 0.3726 | Val Cost:    0.00 | Val Max P-Miss: 0.3074 | Val Max Q-Miss: 0.0378 | Val Max Gen Viol: 0.0000 | Val Max Thermal: 0.0000
Epoch 6380 | Val Loss: 0.3551 | Val Cost:    0.00 | Val Max P-Miss: 0.2157 | Val Max Q-Miss: 0.0197 | Val Max Gen Viol: 0.0000 | Val Max Thermal: 0.0000
Epoch 6390 | Val Loss: 0.3549 | Val Cost:    0.00 | Val Max P-Miss: 0.2154 | Val Max Q-Miss: 0.0160 | Val Max Gen Viol: 0.0000 | Val Max Thermal: 0.0000
Epoch 6400 | Val Loss: 0.3547 | Val Cost:    0.00 | Val Max P-Miss: 0.2228 | Val Max Q-Miss: 0.0168 | Val Max Gen Viol: 0.0000 | Val Max Thermal: 0.0000
Epoch 6410 | Val Loss: 0.3547 | Val Cost:    0.00 | Val Max P-Miss: 0.2297 | Val Max Q-Miss: 0.0169 | Val Max Gen Viol: 0.0000 | Val Max Thermal: 0.0000
Epoch 6420 | Val Loss: 0.3614 | Val Cost:    0.00 | Val Max P-Miss: 0.2678 | Val Max Q-Miss: 0.0266 | Val Max Gen Viol: 0.0000 | Val Max Thermal: 0.0000
Epoch 6430 | Val Loss: 0.3559 | Val Cost:    0.00 | Val Max P-Miss: 0.2277 | Val Max Q-Miss: 0.0157 | Val Max Gen Viol: 0.0000 | Val Max Thermal: 0.0000
Epoch 6440 | Val Loss: 0.3551 | Val Cost:    0.00 | Val Max P-Miss: 0.2169 | Val Max Q-Miss: 0.0161 | Val Max Gen Viol: 0.0000 | Val Max Thermal: 0.0000
Epoch 6450 | Val Loss: 0.3549 | Val Cost:    0.00 | Val Max P-Miss: 0.2190 | Val Max Q-Miss: 0.0145 | Val Max Gen Viol: 0.0000 | Val Max Thermal: 0.0000
Epoch 6460 | Val Loss: 0.3548 | Val Cost:    0.00 | Val Max P-Miss: 0.2236 | Val Max Q-Miss: 0.0150 | Val Max Gen Viol: 0.0000 | Val Max Thermal: 0.0000
Epoch 6470 | Val Loss: 0.3547 | Val Cost:    0.00 | Val Max P-Miss: 0.2322 | Val Max Q-Miss: 0.0171 | Val Max Gen Viol: 0.0000 | Val Max Thermal: 0.0000
Epoch 6480 | Val Loss: 0.3546 | Val Cost:    0.00 | Val Max P-Miss: 0.2381 | Val Max Q-Miss: 0.0180 | Val Max Gen Viol: 0.0000 | Val Max Thermal: 0.0000 [*SAVED BEST*]
Epoch 6490 | Val Loss: 0.3546 | Val Cost:    0.00 | Val Max P-Miss: 0.2364 | Val Max Q-Miss: 0.0191 | Val Max Gen Viol: 0.0000 | Val Max Thermal: 0.0000
Epoch 6500 | Val Loss: 0.3546 | Val Cost:    0.00 | Val Max P-Miss: 0.2314 | Val Max Q-Miss: 0.0161 | Val Max Gen Viol: 0.0000 | Val Max Thermal: 0.0000
Epoch 6510 | Val Loss: 0.3546 | Val Cost:    0.00 | Val Max P-Miss: 0.2325 | Val Max Q-Miss: 0.0155 | Val Max Gen Viol: 0.0000 | Val Max Thermal: 0.0000
Epoch 6520 | Val Loss: 0.3546 | Val Cost:    0.00 | Val Max P-Miss: 0.2359 | Val Max Q-Miss: 0.0167 | Val Max Gen Viol: 0.0000 | Val Max Thermal: 0.0000
Epoch 6530 | Val Loss: 0.3568 | Val Cost:    0.00 | Val Max P-Miss: 0.2490 | Val Max Q-Miss: 0.0175 | Val Max Gen Viol: 0.0000 | Val Max Thermal: 0.0000
Epoch 6540 | Val Loss: 0.3546 | Val Cost:    0.00 | Val Max P-Miss: 0.2346 | Val Max Q-Miss: 0.0178 | Val Max Gen Viol: 0.0000 | Val Max Thermal: 0.0000 [*SAVED BEST*]
Epoch 6550 | Val Loss: 0.3841 | Val Cost:    0.00 | Val Max P-Miss: 0.3808 | Val Max Q-Miss: 0.0690 | Val Max Gen Viol: 0.0000 | Val Max Thermal: 0.0000
Epoch 6560 | Val Loss: 0.3551 | Val Cost:    0.00 | Val Max P-Miss: 0.2201 | Val Max Q-Miss: 0.0135 | Val Max Gen Viol: 0.0000 | Val Max Thermal: 0.0000
Epoch 6570 | Val Loss: 0.3548 | Val Cost:    0.00 | Val Max P-Miss: 0.2171 | Val Max Q-Miss: 0.0154 | Val Max Gen Viol: 0.0000 | Val Max Thermal: 0.0000
Epoch 6580 | Val Loss: 0.3547 | Val Cost:    0.00 | Val Max P-Miss: 0.2253 | Val Max Q-Miss: 0.0179 | Val Max Gen Viol: 0.0000 | Val Max Thermal: 0.0000
Epoch 6590 | Val Loss: 0.3546 | Val Cost:    0.00 | Val Max P-Miss: 0.2317 | Val Max Q-Miss: 0.0152 | Val Max Gen Viol: 0.0000 | Val Max Thermal: 0.0000
Epoch 6600 | Val Loss: 0.3547 | Val Cost:    0.00 | Val Max P-Miss: 0.2325 | Val Max Q-Miss: 0.0161 | Val Max Gen Viol: 0.0000 | Val Max Thermal: 0.0000
Epoch 6610 | Val Loss: 0.3572 | Val Cost:    0.00 | Val Max P-Miss: 0.2488 | Val Max Q-Miss: 0.0194 | Val Max Gen Viol: 0.0000 | Val Max Thermal: 0.0000
Epoch 6620 | Val Loss: 0.3548 | Val Cost:    0.00 | Val Max P-Miss: 0.2163 | Val Max Q-Miss: 0.0146 | Val Max Gen Viol: 0.0000 | Val Max Thermal: 0.0000
Epoch 6630 | Val Loss: 0.3546 | Val Cost:    0.00 | Val Max P-Miss: 0.2314 | Val Max Q-Miss: 0.0136 | Val Max Gen Viol: 0.0000 | Val Max Thermal: 0.0000
Epoch 6640 | Val Loss: 0.3546 | Val Cost:    0.00 | Val Max P-Miss: 0.2402 | Val Max Q-Miss: 0.0154 | Val Max Gen Viol: 0.0000 | Val Max Thermal: 0.0000
Epoch 6650 | Val Loss: 0.3545 | Val Cost:    0.00 | Val Max P-Miss: 0.2392 | Val Max Q-Miss: 0.0156 | Val Max Gen Viol: 0.0000 | Val Max Thermal: 0.0000 [*SAVED BEST*]
Epoch 6660 | Val Loss: 0.3547 | Val Cost:    0.00 | Val Max P-Miss: 0.2220 | Val Max Q-Miss: 0.0148 | Val Max Gen Viol: 0.0000 | Val Max Thermal: 0.0000
Epoch 6670 | Val Loss: 0.3546 | Val Cost:    0.00 | Val Max P-Miss: 0.2210 | Val Max Q-Miss: 0.0159 | Val Max Gen Viol: 0.0000 | Val Max Thermal: 0.0000
Epoch 6680 | Val Loss: 0.3549 | Val Cost:    0.00 | Val Max P-Miss: 0.2262 | Val Max Q-Miss: 0.0159 | Val Max Gen Viol: 0.0000 | Val Max Thermal: 0.0000
Epoch 6690 | Val Loss: 0.3551 | Val Cost:    0.00 | Val Max P-Miss: 0.2190 | Val Max Q-Miss: 0.0148 | Val Max Gen Viol: 0.0000 | Val Max Thermal: 0.0000
Epoch 6700 | Val Loss: 0.3549 | Val Cost:    0.00 | Val Max P-Miss: 0.2143 | Val Max Q-Miss: 0.0147 | Val Max Gen Viol: 0.0000 | Val Max Thermal: 0.0000
Epoch 6710 | Val Loss: 0.3547 | Val Cost:    0.00 | Val Max P-Miss: 0.2262 | Val Max Q-Miss: 0.0160 | Val Max Gen Viol: 0.0000 | Val Max Thermal: 0.0000
Epoch 6720 | Val Loss: 0.3550 | Val Cost:    0.00 | Val Max P-Miss: 0.2191 | Val Max Q-Miss: 0.0149 | Val Max Gen Viol: 0.0000 | Val Max Thermal: 0.0000
Epoch 6730 | Val Loss: 0.3547 | Val Cost:    0.00 | Val Max P-Miss: 0.2210 | Val Max Q-Miss: 0.0139 | Val Max Gen Viol: 0.0000 | Val Max Thermal: 0.0000
Epoch 6740 | Val Loss: 0.3658 | Val Cost:    0.00 | Val Max P-Miss: 0.2883 | Val Max Q-Miss: 0.0402 | Val Max Gen Viol: 0.0000 | Val Max Thermal: 0.0000
Epoch 6750 | Val Loss: 0.3550 | Val Cost:    0.00 | Val Max P-Miss: 0.2198 | Val Max Q-Miss: 0.0143 | Val Max Gen Viol: 0.0000 | Val Max Thermal: 0.0000
Epoch 6760 | Val Loss: 0.3548 | Val Cost:    0.00 | Val Max P-Miss: 0.2226 | Val Max Q-Miss: 0.0143 | Val Max Gen Viol: 0.0000 | Val Max Thermal: 0.0000
Epoch 6770 | Val Loss: 0.3546 | Val Cost:    0.00 | Val Max P-Miss: 0.2342 | Val Max Q-Miss: 0.0141 | Val Max Gen Viol: 0.0000 | Val Max Thermal: 0.0000
Epoch 6780 | Val Loss: 0.3549 | Val Cost:    0.00 | Val Max P-Miss: 0.2351 | Val Max Q-Miss: 0.0141 | Val Max Gen Viol: 0.0000 | Val Max Thermal: 0.0000
Epoch 6790 | Val Loss: 0.3713 | Val Cost:    0.00 | Val Max P-Miss: 0.2751 | Val Max Q-Miss: 0.0445 | Val Max Gen Viol: 0.0000 | Val Max Thermal: 0.0000
Epoch 6800 | Val Loss: 0.3551 | Val Cost:    0.00 | Val Max P-Miss: 0.2169 | Val Max Q-Miss: 0.0164 | Val Max Gen Viol: 0.0000 | Val Max Thermal: 0.0000
Epoch 6810 | Val Loss: 0.3548 | Val Cost:    0.00 | Val Max P-Miss: 0.2149 | Val Max Q-Miss: 0.0139 | Val Max Gen Viol: 0.0000 | Val Max Thermal: 0.0000
Epoch 6820 | Val Loss: 0.3547 | Val Cost:    0.00 | Val Max P-Miss: 0.2209 | Val Max Q-Miss: 0.0147 | Val Max Gen Viol: 0.0000 | Val Max Thermal: 0.0000
Epoch 6830 | Val Loss: 0.3554 | Val Cost:    0.00 | Val Max P-Miss: 0.2331 | Val Max Q-Miss: 0.0150 | Val Max Gen Viol: 0.0000 | Val Max Thermal: 0.0000
Epoch 6840 | Val Loss: 0.3546 | Val Cost:    0.00 | Val Max P-Miss: 0.2346 | Val Max Q-Miss: 0.0168 | Val Max Gen Viol: 0.0000 | Val Max Thermal: 0.0000
Epoch 6850 | Val Loss: 0.3592 | Val Cost:    0.00 | Val Max P-Miss: 0.2379 | Val Max Q-Miss: 0.0232 | Val Max Gen Viol: 0.0000 | Val Max Thermal: 0.0000
Epoch 6860 | Val Loss: 0.3546 | Val Cost:    0.00 | Val Max P-Miss: 0.2343 | Val Max Q-Miss: 0.0147 | Val Max Gen Viol: 0.0000 | Val Max Thermal: 0.0000
Epoch 6870 | Val Loss: 0.3567 | Val Cost:    0.00 | Val Max P-Miss: 0.2329 | Val Max Q-Miss: 0.0276 | Val Max Gen Viol: 0.0000 | Val Max Thermal: 0.0000
Epoch 6880 | Val Loss: 0.3549 | Val Cost:    0.00 | Val Max P-Miss: 0.2167 | Val Max Q-Miss: 0.0137 | Val Max Gen Viol: 0.0000 | Val Max Thermal: 0.0000
Epoch 6890 | Val Loss: 0.3547 | Val Cost:    0.00 | Val Max P-Miss: 0.2234 | Val Max Q-Miss: 0.0142 | Val Max Gen Viol: 0.0000 | Val Max Thermal: 0.0000
Epoch 6900 | Val Loss: 0.3546 | Val Cost:    0.00 | Val Max P-Miss: 0.2339 | Val Max Q-Miss: 0.0154 | Val Max Gen Viol: 0.0000 | Val Max Thermal: 0.0000
Epoch 6910 | Val Loss: 0.3546 | Val Cost:    0.00 | Val Max P-Miss: 0.2267 | Val Max Q-Miss: 0.0172 | Val Max Gen Viol: 0.0000 | Val Max Thermal: 0.0000
Epoch 6920 | Val Loss: 0.3546 | Val Cost:    0.00 | Val Max P-Miss: 0.2290 | Val Max Q-Miss: 0.0158 | Val Max Gen Viol: 0.0000 | Val Max Thermal: 0.0000
Epoch 6930 | Val Loss: 0.3549 | Val Cost:    0.00 | Val Max P-Miss: 0.2152 | Val Max Q-Miss: 0.0164 | Val Max Gen Viol: 0.0000 | Val Max Thermal: 0.0000
Epoch 6940 | Val Loss: 0.3548 | Val Cost:    0.00 | Val Max P-Miss: 0.2138 | Val Max Q-Miss: 0.0149 | Val Max Gen Viol: 0.0000 | Val Max Thermal: 0.0000
Epoch 6950 | Val Loss: 0.3546 | Val Cost:    0.00 | Val Max P-Miss: 0.2265 | Val Max Q-Miss: 0.0144 | Val Max Gen Viol: 0.0000 | Val Max Thermal: 0.0000
Epoch 6960 | Val Loss: 0.3602 | Val Cost:    0.00 | Val Max P-Miss: 0.2650 | Val Max Q-Miss: 0.0380 | Val Max Gen Viol: 0.0000 | Val Max Thermal: 0.0000
Epoch 6970 | Val Loss: 0.3549 | Val Cost:    0.00 | Val Max P-Miss: 0.2174 | Val Max Q-Miss: 0.0150 | Val Max Gen Viol: 0.0000 | Val Max Thermal: 0.0000
Epoch 6980 | Val Loss: 0.3548 | Val Cost:    0.00 | Val Max P-Miss: 0.2162 | Val Max Q-Miss: 0.0178 | Val Max Gen Viol: 0.0000 | Val Max Thermal: 0.0000
Epoch 6990 | Val Loss: 0.3547 | Val Cost:    0.00 | Val Max P-Miss: 0.2192 | Val Max Q-Miss: 0.0150 | Val Max Gen Viol: 0.0000 | Val Max Thermal: 0.0000
Epoch 7000 | Val Loss: 0.3562 | Val Cost:    0.00 | Val Max P-Miss: 0.2363 | Val Max Q-Miss: 0.0168 | Val Max Gen Viol: 0.0000 | Val Max Thermal: 0.0000
Epoch 7010 | Val Loss: 0.3546 | Val Cost:    0.00 | Val Max P-Miss: 0.2290 | Val Max Q-Miss: 0.0147 | Val Max Gen Viol: 0.0000 | Val Max Thermal: 0.0000
Epoch 7020 | Val Loss: 0.3548 | Val Cost:    0.00 | Val Max P-Miss: 0.2358 | Val Max Q-Miss: 0.0139 | Val Max Gen Viol: 0.0000 | Val Max Thermal: 0.0000
Epoch 7030 | Val Loss: 0.3576 | Val Cost:    0.00 | Val Max P-Miss: 0.2404 | Val Max Q-Miss: 0.0189 | Val Max Gen Viol: 0.0000 | Val Max Thermal: 0.0000
Epoch 7040 | Val Loss: 0.3550 | Val Cost:    0.00 | Val Max P-Miss: 0.2258 | Val Max Q-Miss: 0.0142 | Val Max Gen Viol: 0.0000 | Val Max Thermal: 0.0000
Epoch 7050 | Val Loss: 0.3547 | Val Cost:    0.00 | Val Max P-Miss: 0.2179 | Val Max Q-Miss: 0.0145 | Val Max Gen Viol: 0.0000 | Val Max Thermal: 0.0000
Epoch 7060 | Val Loss: 0.3546 | Val Cost:    0.00 | Val Max P-Miss: 0.2236 | Val Max Q-Miss: 0.0153 | Val Max Gen Viol: 0.0000 | Val Max Thermal: 0.0000
Epoch 7070 | Val Loss: 0.3546 | Val Cost:    0.00 | Val Max P-Miss: 0.2301 | Val Max Q-Miss: 0.0158 | Val Max Gen Viol: 0.0000 | Val Max Thermal: 0.0000
Epoch 7080 | Val Loss: 0.3787 | Val Cost:    0.00 | Val Max P-Miss: 0.3250 | Val Max Q-Miss: 0.0471 | Val Max Gen Viol: 0.0000 | Val Max Thermal: 0.0000
Epoch 7090 | Val Loss: 0.3550 | Val Cost:    0.00 | Val Max P-Miss: 0.2171 | Val Max Q-Miss: 0.0145 | Val Max Gen Viol: 0.0000 | Val Max Thermal: 0.0000
Epoch 7100 | Val Loss: 0.3549 | Val Cost:    0.00 | Val Max P-Miss: 0.2123 | Val Max Q-Miss: 0.0142 | Val Max Gen Viol: 0.0000 | Val Max Thermal: 0.0000
Epoch 7110 | Val Loss: 0.3547 | Val Cost:    0.00 | Val Max P-Miss: 0.2216 | Val Max Q-Miss: 0.0140 | Val Max Gen Viol: 0.0000 | Val Max Thermal: 0.0000
Epoch 7120 | Val Loss: 0.3547 | Val Cost:    0.00 | Val Max P-Miss: 0.2245 | Val Max Q-Miss: 0.0165 | Val Max Gen Viol: 0.0000 | Val Max Thermal: 0.0000
Epoch 7130 | Val Loss: 0.3681 | Val Cost:    0.00 | Val Max P-Miss: 0.2936 | Val Max Q-Miss: 0.0313 | Val Max Gen Viol: 0.0000 | Val Max Thermal: 0.0000
Epoch 7140 | Val Loss: 0.3549 | Val Cost:    0.00 | Val Max P-Miss: 0.2203 | Val Max Q-Miss: 0.0158 | Val Max Gen Viol: 0.0000 | Val Max Thermal: 0.0000
Epoch 7150 | Val Loss: 0.3547 | Val Cost:    0.00 | Val Max P-Miss: 0.2228 | Val Max Q-Miss: 0.0158 | Val Max Gen Viol: 0.0000 | Val Max Thermal: 0.0000
Epoch 7160 | Val Loss: 0.3546 | Val Cost:    0.00 | Val Max P-Miss: 0.2302 | Val Max Q-Miss: 0.0166 | Val Max Gen Viol: 0.0000 | Val Max Thermal: 0.0000
Epoch 7170 | Val Loss: 0.3546 | Val Cost:    0.00 | Val Max P-Miss: 0.2326 | Val Max Q-Miss: 0.0178 | Val Max Gen Viol: 0.0000 | Val Max Thermal: 0.0000
Epoch 7180 | Val Loss: 0.3629 | Val Cost:    0.00 | Val Max P-Miss: 0.2719 | Val Max Q-Miss: 0.0420 | Val Max Gen Viol: 0.0000 | Val Max Thermal: 0.0000
Epoch 7190 | Val Loss: 0.3550 | Val Cost:    0.00 | Val Max P-Miss: 0.2199 | Val Max Q-Miss: 0.0137 | Val Max Gen Viol: 0.0000 | Val Max Thermal: 0.0000
Epoch 7200 | Val Loss: 0.3549 | Val Cost:    0.00 | Val Max P-Miss: 0.2139 | Val Max Q-Miss: 0.0154 | Val Max Gen Viol: 0.0000 | Val Max Thermal: 0.0000
Epoch 7210 | Val Loss: 0.3546 | Val Cost:    0.00 | Val Max P-Miss: 0.2204 | Val Max Q-Miss: 0.0160 | Val Max Gen Viol: 0.0000 | Val Max Thermal: 0.0000
Epoch 7220 | Val Loss: 0.3545 | Val Cost:    0.00 | Val Max P-Miss: 0.2225 | Val Max Q-Miss: 0.0150 | Val Max Gen Viol: 0.0000 | Val Max Thermal: 0.0000
Epoch 7230 | Val Loss: 0.3581 | Val Cost:    0.00 | Val Max P-Miss: 0.2510 | Val Max Q-Miss: 0.0200 | Val Max Gen Viol: 0.0000 | Val Max Thermal: 0.0000
Epoch 7240 | Val Loss: 0.3550 | Val Cost:    0.00 | Val Max P-Miss: 0.2197 | Val Max Q-Miss: 0.0163 | Val Max Gen Viol: 0.0000 | Val Max Thermal: 0.0000
Epoch 7250 | Val Loss: 0.3548 | Val Cost:    0.00 | Val Max P-Miss: 0.2201 | Val Max Q-Miss: 0.0150 | Val Max Gen Viol: 0.0000 | Val Max Thermal: 0.0000
Epoch 7260 | Val Loss: 0.3546 | Val Cost:    0.00 | Val Max P-Miss: 0.2221 | Val Max Q-Miss: 0.0172 | Val Max Gen Viol: 0.0000 | Val Max Thermal: 0.0000
Epoch 7270 | Val Loss: 0.3584 | Val Cost:    0.00 | Val Max P-Miss: 0.2623 | Val Max Q-Miss: 0.0232 | Val Max Gen Viol: 0.0000 | Val Max Thermal: 0.0000
Epoch 7280 | Val Loss: 0.3551 | Val Cost:    0.00 | Val Max P-Miss: 0.2231 | Val Max Q-Miss: 0.0145 | Val Max Gen Viol: 0.0000 | Val Max Thermal: 0.0000
Epoch 7290 | Val Loss: 0.3548 | Val Cost:    0.00 | Val Max P-Miss: 0.2189 | Val Max Q-Miss: 0.0141 | Val Max Gen Viol: 0.0000 | Val Max Thermal: 0.0000
Epoch 7300 | Val Loss: 0.3547 | Val Cost:    0.00 | Val Max P-Miss: 0.2213 | Val Max Q-Miss: 0.0142 | Val Max Gen Viol: 0.0000 | Val Max Thermal: 0.0000
Epoch 7310 | Val Loss: 0.3546 | Val Cost:    0.00 | Val Max P-Miss: 0.2261 | Val Max Q-Miss: 0.0173 | Val Max Gen Viol: 0.0000 | Val Max Thermal: 0.0000
Epoch 7320 | Val Loss: 0.3553 | Val Cost:    0.00 | Val Max P-Miss: 0.2287 | Val Max Q-Miss: 0.0185 | Val Max Gen Viol: 0.0000 | Val Max Thermal: 0.0000
Epoch 7330 | Val Loss: 0.3548 | Val Cost:    0.00 | Val Max P-Miss: 0.2227 | Val Max Q-Miss: 0.0136 | Val Max Gen Viol: 0.0000 | Val Max Thermal: 0.0000
Epoch 7340 | Val Loss: 0.3547 | Val Cost:    0.00 | Val Max P-Miss: 0.2214 | Val Max Q-Miss: 0.0140 | Val Max Gen Viol: 0.0000 | Val Max Thermal: 0.0000
Epoch 7350 | Val Loss: 0.3605 | Val Cost:    0.00 | Val Max P-Miss: 0.2451 | Val Max Q-Miss: 0.0198 | Val Max Gen Viol: 0.0000 | Val Max Thermal: 0.0000
Epoch 7360 | Val Loss: 0.3547 | Val Cost:    0.00 | Val Max P-Miss: 0.2285 | Val Max Q-Miss: 0.0149 | Val Max Gen Viol: 0.0000 | Val Max Thermal: 0.0000
Epoch 7370 | Val Loss: 0.3567 | Val Cost:    0.00 | Val Max P-Miss: 0.2455 | Val Max Q-Miss: 0.0181 | Val Max Gen Viol: 0.0000 | Val Max Thermal: 0.0000
Epoch 7380 | Val Loss: 0.3556 | Val Cost:    0.00 | Val Max P-Miss: 0.2264 | Val Max Q-Miss: 0.0206 | Val Max Gen Viol: 0.0000 | Val Max Thermal: 0.0000
Epoch 7390 | Val Loss: 0.3548 | Val Cost:    0.00 | Val Max P-Miss: 0.2175 | Val Max Q-Miss: 0.0140 | Val Max Gen Viol: 0.0000 | Val Max Thermal: 0.0000
Epoch 7400 | Val Loss: 0.3546 | Val Cost:    0.00 | Val Max P-Miss: 0.2185 | Val Max Q-Miss: 0.0148 | Val Max Gen Viol: 0.0000 | Val Max Thermal: 0.0000
Epoch 7410 | Val Loss: 0.3546 | Val Cost:    0.00 | Val Max P-Miss: 0.2250 | Val Max Q-Miss: 0.0172 | Val Max Gen Viol: 0.0000 | Val Max Thermal: 0.0000
Epoch 7420 | Val Loss: 0.3545 | Val Cost:    0.00 | Val Max P-Miss: 0.2296 | Val Max Q-Miss: 0.0175 | Val Max Gen Viol: 0.0000 | Val Max Thermal: 0.0000
Epoch 7430 | Val Loss: 0.3551 | Val Cost:    0.00 | Val Max P-Miss: 0.2292 | Val Max Q-Miss: 0.0161 | Val Max Gen Viol: 0.0000 | Val Max Thermal: 0.0000
Epoch 7440 | Val Loss: 0.3561 | Val Cost:    0.00 | Val Max P-Miss: 0.2410 | Val Max Q-Miss: 0.0169 | Val Max Gen Viol: 0.0000 | Val Max Thermal: 0.0000
Epoch 7450 | Val Loss: 0.3552 | Val Cost:    0.00 | Val Max P-Miss: 0.2218 | Val Max Q-Miss: 0.0233 | Val Max Gen Viol: 0.0000 | Val Max Thermal: 0.0000
Epoch 7460 | Val Loss: 0.3549 | Val Cost:    0.00 | Val Max P-Miss: 0.2173 | Val Max Q-Miss: 0.0183 | Val Max Gen Viol: 0.0000 | Val Max Thermal: 0.0000
Epoch 7470 | Val Loss: 0.3546 | Val Cost:    0.00 | Val Max P-Miss: 0.2263 | Val Max Q-Miss: 0.0173 | Val Max Gen Viol: 0.0000 | Val Max Thermal: 0.0000
Epoch 7480 | Val Loss: 0.3546 | Val Cost:    0.00 | Val Max P-Miss: 0.2282 | Val Max Q-Miss: 0.0193 | Val Max Gen Viol: 0.0000 | Val Max Thermal: 0.0000
Epoch 7490 | Val Loss: 0.3551 | Val Cost:    0.00 | Val Max P-Miss: 0.2188 | Val Max Q-Miss: 0.0165 | Val Max Gen Viol: 0.0000 | Val Max Thermal: 0.0000
Epoch 7500 | Val Loss: 0.3549 | Val Cost:    0.00 | Val Max P-Miss: 0.2136 | Val Max Q-Miss: 0.0171 | Val Max Gen Viol: 0.0000 | Val Max Thermal: 0.0000
Epoch 7510 | Val Loss: 0.3546 | Val Cost:    0.00 | Val Max P-Miss: 0.2183 | Val Max Q-Miss: 0.0156 | Val Max Gen Viol: 0.0000 | Val Max Thermal: 0.0000
Epoch 7520 | Val Loss: 0.3639 | Val Cost:    0.00 | Val Max P-Miss: 0.2963 | Val Max Q-Miss: 0.0425 | Val Max Gen Viol: 0.0000 | Val Max Thermal: 0.0000
Epoch 7530 | Val Loss: 0.3550 | Val Cost:    0.00 | Val Max P-Miss: 0.2193 | Val Max Q-Miss: 0.0164 | Val Max Gen Viol: 0.0000 | Val Max Thermal: 0.0000
Epoch 7540 | Val Loss: 0.3548 | Val Cost:    0.00 | Val Max P-Miss: 0.2191 | Val Max Q-Miss: 0.0163 | Val Max Gen Viol: 0.0000 | Val Max Thermal: 0.0000
Epoch 7550 | Val Loss: 0.3547 | Val Cost:    0.00 | Val Max P-Miss: 0.2210 | Val Max Q-Miss: 0.0185 | Val Max Gen Viol: 0.0000 | Val Max Thermal: 0.0000
Epoch 7560 | Val Loss: 0.3547 | Val Cost:    0.00 | Val Max P-Miss: 0.2236 | Val Max Q-Miss: 0.0174 | Val Max Gen Viol: 0.0000 | Val Max Thermal: 0.0000
Epoch 7570 | Val Loss: 0.3662 | Val Cost:    0.00 | Val Max P-Miss: 0.2851 | Val Max Q-Miss: 0.0350 | Val Max Gen Viol: 0.0000 | Val Max Thermal: 0.0000
Epoch 7580 | Val Loss: 0.3550 | Val Cost:    0.00 | Val Max P-Miss: 0.2185 | Val Max Q-Miss: 0.0147 | Val Max Gen Viol: 0.0000 | Val Max Thermal: 0.0000
Epoch 7590 | Val Loss: 0.3548 | Val Cost:    0.00 | Val Max P-Miss: 0.2128 | Val Max Q-Miss: 0.0162 | Val Max Gen Viol: 0.0000 | Val Max Thermal: 0.0000
Epoch 7600 | Val Loss: 0.3546 | Val Cost:    0.00 | Val Max P-Miss: 0.2249 | Val Max Q-Miss: 0.0152 | Val Max Gen Viol: 0.0000 | Val Max Thermal: 0.0000
Epoch 7610 | Val Loss: 0.3546 | Val Cost:    0.00 | Val Max P-Miss: 0.2222 | Val Max Q-Miss: 0.0190 | Val Max Gen Viol: 0.0000 | Val Max Thermal: 0.0000
Epoch 7620 | Val Loss: 0.3603 | Val Cost:    0.00 | Val Max P-Miss: 0.2302 | Val Max Q-Miss: 0.0497 | Val Max Gen Viol: 0.0000 | Val Max Thermal: 0.0000
Epoch 7630 | Val Loss: 0.3551 | Val Cost:    0.00 | Val Max P-Miss: 0.2145 | Val Max Q-Miss: 0.0162 | Val Max Gen Viol: 0.0000 | Val Max Thermal: 0.0000
Epoch 7640 | Val Loss: 0.3548 | Val Cost:    0.00 | Val Max P-Miss: 0.2156 | Val Max Q-Miss: 0.0168 | Val Max Gen Viol: 0.0000 | Val Max Thermal: 0.0000
Epoch 7650 | Val Loss: 0.3546 | Val Cost:    0.00 | Val Max P-Miss: 0.2233 | Val Max Q-Miss: 0.0179 | Val Max Gen Viol: 0.0000 | Val Max Thermal: 0.0000
Epoch 7660 | Val Loss: 0.3553 | Val Cost:    0.00 | Val Max P-Miss: 0.2204 | Val Max Q-Miss: 0.0180 | Val Max Gen Viol: 0.0000 | Val Max Thermal: 0.0000
Epoch 7670 | Val Loss: 0.3545 | Val Cost:    0.00 | Val Max P-Miss: 0.2314 | Val Max Q-Miss: 0.0162 | Val Max Gen Viol: 0.0000 | Val Max Thermal: 0.0000
Epoch 7680 | Val Loss: 0.3548 | Val Cost:    0.00 | Val Max P-Miss: 0.2251 | Val Max Q-Miss: 0.0160 | Val Max Gen Viol: 0.0000 | Val Max Thermal: 0.0000
Epoch 7690 | Val Loss: 0.3546 | Val Cost:    0.00 | Val Max P-Miss: 0.2285 | Val Max Q-Miss: 0.0164 | Val Max Gen Viol: 0.0000 | Val Max Thermal: 0.0000
Epoch 7700 | Val Loss: 0.3554 | Val Cost:    0.00 | Val Max P-Miss: 0.2327 | Val Max Q-Miss: 0.0194 | Val Max Gen Viol: 0.0000 | Val Max Thermal: 0.0000
Epoch 7710 | Val Loss: 0.3548 | Val Cost:    0.00 | Val Max P-Miss: 0.2219 | Val Max Q-Miss: 0.0159 | Val Max Gen Viol: 0.0000 | Val Max Thermal: 0.0000
Epoch 7720 | Val Loss: 0.3546 | Val Cost:    0.00 | Val Max P-Miss: 0.2219 | Val Max Q-Miss: 0.0150 | Val Max Gen Viol: 0.0000 | Val Max Thermal: 0.0000
Epoch 7730 | Val Loss: 0.3545 | Val Cost:    0.00 | Val Max P-Miss: 0.2291 | Val Max Q-Miss: 0.0173 | Val Max Gen Viol: 0.0000 | Val Max Thermal: 0.0000
Epoch 7740 | Val Loss: 0.3761 | Val Cost:    0.00 | Val Max P-Miss: 0.3057 | Val Max Q-Miss: 0.0442 | Val Max Gen Viol: 0.0000 | Val Max Thermal: 0.0000
Epoch 7750 | Val Loss: 0.3550 | Val Cost:    0.00 | Val Max P-Miss: 0.2146 | Val Max Q-Miss: 0.0146 | Val Max Gen Viol: 0.0000 | Val Max Thermal: 0.0000
Epoch 7760 | Val Loss: 0.3548 | Val Cost:    0.00 | Val Max P-Miss: 0.2193 | Val Max Q-Miss: 0.0141 | Val Max Gen Viol: 0.0000 | Val Max Thermal: 0.0000
Epoch 7770 | Val Loss: 0.3547 | Val Cost:    0.00 | Val Max P-Miss: 0.2184 | Val Max Q-Miss: 0.0160 | Val Max Gen Viol: 0.0000 | Val Max Thermal: 0.0000
Epoch 7780 | Val Loss: 0.3546 | Val Cost:    0.00 | Val Max P-Miss: 0.2222 | Val Max Q-Miss: 0.0183 | Val Max Gen Viol: 0.0000 | Val Max Thermal: 0.0000
Epoch 7790 | Val Loss: 0.3716 | Val Cost:    0.00 | Val Max P-Miss: 0.3052 | Val Max Q-Miss: 0.0381 | Val Max Gen Viol: 0.0000 | Val Max Thermal: 0.0000
Epoch 7800 | Val Loss: 0.3549 | Val Cost:    0.00 | Val Max P-Miss: 0.2120 | Val Max Q-Miss: 0.0166 | Val Max Gen Viol: 0.0000 | Val Max Thermal: 0.0000
Epoch 7810 | Val Loss: 0.3547 | Val Cost:    0.00 | Val Max P-Miss: 0.2169 | Val Max Q-Miss: 0.0159 | Val Max Gen Viol: 0.0000 | Val Max Thermal: 0.0000
Epoch 7820 | Val Loss: 0.3545 | Val Cost:    0.00 | Val Max P-Miss: 0.2179 | Val Max Q-Miss: 0.0251 | Val Max Gen Viol: 0.0000 | Val Max Thermal: 0.0000
Epoch 7830 | Val Loss: 0.3546 | Val Cost:    0.00 | Val Max P-Miss: 0.2187 | Val Max Q-Miss: 0.0249 | Val Max Gen Viol: 0.0000 | Val Max Thermal: 0.0000
Epoch 7840 | Val Loss: 0.3562 | Val Cost:    0.00 | Val Max P-Miss: 0.2430 | Val Max Q-Miss: 0.0287 | Val Max Gen Viol: 0.0000 | Val Max Thermal: 0.0000
Epoch 7850 | Val Loss: 0.3557 | Val Cost:    0.00 | Val Max P-Miss: 0.2254 | Val Max Q-Miss: 0.0177 | Val Max Gen Viol: 0.0000 | Val Max Thermal: 0.0000
Epoch 7860 | Val Loss: 0.3550 | Val Cost:    0.00 | Val Max P-Miss: 0.2161 | Val Max Q-Miss: 0.0136 | Val Max Gen Viol: 0.0000 | Val Max Thermal: 0.0000
Epoch 7870 | Val Loss: 0.3548 | Val Cost:    0.00 | Val Max P-Miss: 0.2144 | Val Max Q-Miss: 0.0148 | Val Max Gen Viol: 0.0000 | Val Max Thermal: 0.0000
Epoch 7880 | Val Loss: 0.3547 | Val Cost:    0.00 | Val Max P-Miss: 0.2127 | Val Max Q-Miss: 0.0161 | Val Max Gen Viol: 0.0000 | Val Max Thermal: 0.0000
Epoch 7890 | Val Loss: 0.3546 | Val Cost:    0.00 | Val Max P-Miss: 0.2209 | Val Max Q-Miss: 0.0157 | Val Max Gen Viol: 0.0000 | Val Max Thermal: 0.0000
Epoch 7900 | Val Loss: 0.3547 | Val Cost:    0.00 | Val Max P-Miss: 0.2196 | Val Max Q-Miss: 0.0141 | Val Max Gen Viol: 0.0000 | Val Max Thermal: 0.0000
Epoch 7910 | Val Loss: 0.3550 | Val Cost:    0.00 | Val Max P-Miss: 0.2260 | Val Max Q-Miss: 0.0176 | Val Max Gen Viol: 0.0000 | Val Max Thermal: 0.0000
Epoch 7920 | Val Loss: 0.3549 | Val Cost:    0.00 | Val Max P-Miss: 0.2153 | Val Max Q-Miss: 0.0153 | Val Max Gen Viol: 0.0000 | Val Max Thermal: 0.0000
Epoch 7930 | Val Loss: 0.3547 | Val Cost:    0.00 | Val Max P-Miss: 0.2131 | Val Max Q-Miss: 0.0168 | Val Max Gen Viol: 0.0000 | Val Max Thermal: 0.0000
Epoch 7940 | Val Loss: 0.3545 | Val Cost:    0.00 | Val Max P-Miss: 0.2204 | Val Max Q-Miss: 0.0266 | Val Max Gen Viol: 0.0000 | Val Max Thermal: 0.0000 [*SAVED BEST*]
Epoch 7950 | Val Loss: 0.3552 | Val Cost:    0.00 | Val Max P-Miss: 0.2292 | Val Max Q-Miss: 0.0213 | Val Max Gen Viol: 0.0000 | Val Max Thermal: 0.0000
Epoch 7960 | Val Loss: 0.3552 | Val Cost:    0.00 | Val Max P-Miss: 0.2141 | Val Max Q-Miss: 0.0151 | Val Max Gen Viol: 0.0000 | Val Max Thermal: 0.0000
Epoch 7970 | Val Loss: 0.3549 | Val Cost:    0.00 | Val Max P-Miss: 0.2176 | Val Max Q-Miss: 0.0141 | Val Max Gen Viol: 0.0000 | Val Max Thermal: 0.0000
Epoch 7980 | Val Loss: 0.3547 | Val Cost:    0.00 | Val Max P-Miss: 0.2227 | Val Max Q-Miss: 0.0156 | Val Max Gen Viol: 0.0000 | Val Max Thermal: 0.0000
Epoch 7990 | Val Loss: 0.3546 | Val Cost:    0.00 | Val Max P-Miss: 0.2127 | Val Max Q-Miss: 0.0302 | Val Max Gen Viol: 0.0000 | Val Max Thermal: 0.0000
Epoch 8000 | Val Loss: 0.3546 | Val Cost:    0.00 | Val Max P-Miss: 0.2154 | Val Max Q-Miss: 0.0284 | Val Max Gen Viol: 0.0000 | Val Max Thermal: 0.0000
Epoch 8010 | Val Loss: 0.3546 | Val Cost:    0.00 | Val Max P-Miss: 0.2190 | Val Max Q-Miss: 0.0255 | Val Max Gen Viol: 0.0000 | Val Max Thermal: 0.0000
Epoch 8020 | Val Loss: 0.3549 | Val Cost:    0.00 | Val Max P-Miss: 0.2124 | Val Max Q-Miss: 0.0165 | Val Max Gen Viol: 0.0000 | Val Max Thermal: 0.0000
Epoch 8030 | Val Loss: 0.3547 | Val Cost:    0.00 | Val Max P-Miss: 0.2195 | Val Max Q-Miss: 0.0143 | Val Max Gen Viol: 0.0000 | Val Max Thermal: 0.0000
Epoch 8040 | Val Loss: 0.3546 | Val Cost:    0.00 | Val Max P-Miss: 0.2214 | Val Max Q-Miss: 0.0142 | Val Max Gen Viol: 0.0000 | Val Max Thermal: 0.0000
Epoch 8050 | Val Loss: 0.3549 | Val Cost:    0.00 | Val Max P-Miss: 0.2306 | Val Max Q-Miss: 0.0171 | Val Max Gen Viol: 0.0000 | Val Max Thermal: 0.0000
Epoch 8060 | Val Loss: 0.3545 | Val Cost:    0.00 | Val Max P-Miss: 0.2246 | Val Max Q-Miss: 0.0143 | Val Max Gen Viol: 0.0000 | Val Max Thermal: 0.0000
Epoch 8070 | Val Loss: 0.3546 | Val Cost:    0.00 | Val Max P-Miss: 0.2267 | Val Max Q-Miss: 0.0146 | Val Max Gen Viol: 0.0000 | Val Max Thermal: 0.0000
Epoch 8080 | Val Loss: 0.3583 | Val Cost:    0.00 | Val Max P-Miss: 0.2655 | Val Max Q-Miss: 0.0217 | Val Max Gen Viol: 0.0000 | Val Max Thermal: 0.0000
Epoch 8090 | Val Loss: 0.3548 | Val Cost:    0.00 | Val Max P-Miss: 0.2152 | Val Max Q-Miss: 0.0154 | Val Max Gen Viol: 0.0000 | Val Max Thermal: 0.0000
Epoch 8100 | Val Loss: 0.3546 | Val Cost:    0.00 | Val Max P-Miss: 0.2181 | Val Max Q-Miss: 0.0154 | Val Max Gen Viol: 0.0000 | Val Max Thermal: 0.0000
Epoch 8110 | Val Loss: 0.3545 | Val Cost:    0.00 | Val Max P-Miss: 0.2199 | Val Max Q-Miss: 0.0243 | Val Max Gen Viol: 0.0000 | Val Max Thermal: 0.0000 [*SAVED BEST*]
Epoch 8120 | Val Loss: 0.3545 | Val Cost:    0.00 | Val Max P-Miss: 0.2249 | Val Max Q-Miss: 0.0203 | Val Max Gen Viol: 0.0000 | Val Max Thermal: 0.0000
Epoch 8130 | Val Loss: 0.3561 | Val Cost:    0.00 | Val Max P-Miss: 0.2271 | Val Max Q-Miss: 0.0149 | Val Max Gen Viol: 0.0000 | Val Max Thermal: 0.0000
Epoch 8140 | Val Loss: 0.3546 | Val Cost:    0.00 | Val Max P-Miss: 0.2236 | Val Max Q-Miss: 0.0137 | Val Max Gen Viol: 0.0000 | Val Max Thermal: 0.0000
Epoch 8150 | Val Loss: 0.3546 | Val Cost:    0.00 | Val Max P-Miss: 0.2236 | Val Max Q-Miss: 0.0148 | Val Max Gen Viol: 0.0000 | Val Max Thermal: 0.0000
Epoch 8160 | Val Loss: 0.3583 | Val Cost:    0.00 | Val Max P-Miss: 0.2511 | Val Max Q-Miss: 0.0319 | Val Max Gen Viol: 0.0000 | Val Max Thermal: 0.0000
Epoch 8170 | Val Loss: 0.3547 | Val Cost:    0.00 | Val Max P-Miss: 0.2130 | Val Max Q-Miss: 0.0148 | Val Max Gen Viol: 0.0000 | Val Max Thermal: 0.0000
Epoch 8180 | Val Loss: 0.3545 | Val Cost:    0.00 | Val Max P-Miss: 0.2168 | Val Max Q-Miss: 0.0179 | Val Max Gen Viol: 0.0000 | Val Max Thermal: 0.0000
Epoch 8190 | Val Loss: 0.3545 | Val Cost:    0.00 | Val Max P-Miss: 0.2169 | Val Max Q-Miss: 0.0265 | Val Max Gen Viol: 0.0000 | Val Max Thermal: 0.0000
Epoch 8200 | Val Loss: 0.3551 | Val Cost:    0.00 | Val Max P-Miss: 0.2177 | Val Max Q-Miss: 0.0169 | Val Max Gen Viol: 0.0000 | Val Max Thermal: 0.0000
Epoch 8210 | Val Loss: 0.3547 | Val Cost:    0.00 | Val Max P-Miss: 0.2146 | Val Max Q-Miss: 0.0155 | Val Max Gen Viol: 0.0000 | Val Max Thermal: 0.0000
Epoch 8220 | Val Loss: 0.3546 | Val Cost:    0.00 | Val Max P-Miss: 0.2191 | Val Max Q-Miss: 0.0269 | Val Max Gen Viol: 0.0000 | Val Max Thermal: 0.0000
Epoch 8230 | Val Loss: 0.3546 | Val Cost:    0.00 | Val Max P-Miss: 0.2197 | Val Max Q-Miss: 0.0260 | Val Max Gen Viol: 0.0000 | Val Max Thermal: 0.0000
Epoch 8240 | Val Loss: 0.3545 | Val Cost:    0.00 | Val Max P-Miss: 0.2200 | Val Max Q-Miss: 0.0269 | Val Max Gen Viol: 0.0000 | Val Max Thermal: 0.0000
Epoch 8250 | Val Loss: 0.3545 | Val Cost:    0.00 | Val Max P-Miss: 0.2219 | Val Max Q-Miss: 0.0208 | Val Max Gen Viol: 0.0000 | Val Max Thermal: 0.0000
Epoch 8260 | Val Loss: 0.3550 | Val Cost:    0.00 | Val Max P-Miss: 0.2240 | Val Max Q-Miss: 0.0166 | Val Max Gen Viol: 0.0000 | Val Max Thermal: 0.0000
Epoch 8270 | Val Loss: 0.3545 | Val Cost:    0.00 | Val Max P-Miss: 0.2244 | Val Max Q-Miss: 0.0151 | Val Max Gen Viol: 0.0000 | Val Max Thermal: 0.0000
Epoch 8280 | Val Loss: 0.3548 | Val Cost:    0.00 | Val Max P-Miss: 0.2287 | Val Max Q-Miss: 0.0145 | Val Max Gen Viol: 0.0000 | Val Max Thermal: 0.0000
Epoch 8290 | Val Loss: 0.3545 | Val Cost:    0.00 | Val Max P-Miss: 0.2251 | Val Max Q-Miss: 0.0163 | Val Max Gen Viol: 0.0000 | Val Max Thermal: 0.0000
Epoch 8300 | Val Loss: 0.3554 | Val Cost:    0.00 | Val Max P-Miss: 0.2276 | Val Max Q-Miss: 0.0152 | Val Max Gen Viol: 0.0000 | Val Max Thermal: 0.0000
Epoch 8310 | Val Loss: 0.3544 | Val Cost:    0.00 | Val Max P-Miss: 0.2260 | Val Max Q-Miss: 0.0149 | Val Max Gen Viol: 0.0000 | Val Max Thermal: 0.0000 [*SAVED BEST*]
Epoch 8320 | Val Loss: 0.3555 | Val Cost:    0.00 | Val Max P-Miss: 0.2186 | Val Max Q-Miss: 0.0187 | Val Max Gen Viol: 0.0000 | Val Max Thermal: 0.0000
Epoch 8330 | Val Loss: 0.3546 | Val Cost:    0.00 | Val Max P-Miss: 0.2229 | Val Max Q-Miss: 0.0146 | Val Max Gen Viol: 0.0000 | Val Max Thermal: 0.0000
Epoch 8340 | Val Loss: 0.3544 | Val Cost:    0.00 | Val Max P-Miss: 0.2271 | Val Max Q-Miss: 0.0178 | Val Max Gen Viol: 0.0000 | Val Max Thermal: 0.0000
Epoch 8350 | Val Loss: 0.3545 | Val Cost:    0.00 | Val Max P-Miss: 0.2245 | Val Max Q-Miss: 0.0219 | Val Max Gen Viol: 0.0000 | Val Max Thermal: 0.0000
Epoch 8360 | Val Loss: 0.3546 | Val Cost:    0.00 | Val Max P-Miss: 0.2221 | Val Max Q-Miss: 0.0227 | Val Max Gen Viol: 0.0000 | Val Max Thermal: 0.0000
Epoch 8370 | Val Loss: 0.3556 | Val Cost:    0.00 | Val Max P-Miss: 0.2394 | Val Max Q-Miss: 0.0272 | Val Max Gen Viol: 0.0000 | Val Max Thermal: 0.0000
Epoch 8380 | Val Loss: 0.3545 | Val Cost:    0.00 | Val Max P-Miss: 0.2225 | Val Max Q-Miss: 0.0251 | Val Max Gen Viol: 0.0000 | Val Max Thermal: 0.0000
Epoch 8390 | Val Loss: 0.3545 | Val Cost:    0.00 | Val Max P-Miss: 0.2209 | Val Max Q-Miss: 0.0243 | Val Max Gen Viol: 0.0000 | Val Max Thermal: 0.0000
Epoch 8400 | Val Loss: 0.3550 | Val Cost:    0.00 | Val Max P-Miss: 0.2237 | Val Max Q-Miss: 0.0178 | Val Max Gen Viol: 0.0000 | Val Max Thermal: 0.0000
Epoch 8410 | Val Loss: 0.3547 | Val Cost:    0.00 | Val Max P-Miss: 0.2096 | Val Max Q-Miss: 0.0235 | Val Max Gen Viol: 0.0000 | Val Max Thermal: 0.0000
Epoch 8420 | Val Loss: 0.3545 | Val Cost:    0.00 | Val Max P-Miss: 0.2228 | Val Max Q-Miss: 0.0231 | Val Max Gen Viol: 0.0000 | Val Max Thermal: 0.0000
Epoch 8430 | Val Loss: 0.3546 | Val Cost:    0.00 | Val Max P-Miss: 0.2151 | Val Max Q-Miss: 0.0175 | Val Max Gen Viol: 0.0000 | Val Max Thermal: 0.0000
Epoch 8440 | Val Loss: 0.3545 | Val Cost:    0.00 | Val Max P-Miss: 0.2220 | Val Max Q-Miss: 0.0184 | Val Max Gen Viol: 0.0000 | Val Max Thermal: 0.0000
Epoch 8450 | Val Loss: 0.3545 | Val Cost:    0.00 | Val Max P-Miss: 0.2269 | Val Max Q-Miss: 0.0141 | Val Max Gen Viol: 0.0000 | Val Max Thermal: 0.0000
Epoch 8460 | Val Loss: 0.3698 | Val Cost:    0.00 | Val Max P-Miss: 0.3017 | Val Max Q-Miss: 0.0442 | Val Max Gen Viol: 0.0000 | Val Max Thermal: 0.0000
Epoch 8470 | Val Loss: 0.3549 | Val Cost:    0.00 | Val Max P-Miss: 0.2235 | Val Max Q-Miss: 0.0152 | Val Max Gen Viol: 0.0000 | Val Max Thermal: 0.0000
Epoch 8480 | Val Loss: 0.3547 | Val Cost:    0.00 | Val Max P-Miss: 0.2121 | Val Max Q-Miss: 0.0140 | Val Max Gen Viol: 0.0000 | Val Max Thermal: 0.0000
Epoch 8490 | Val Loss: 0.3545 | Val Cost:    0.00 | Val Max P-Miss: 0.2182 | Val Max Q-Miss: 0.0152 | Val Max Gen Viol: 0.0000 | Val Max Thermal: 0.0000
Epoch 8500 | Val Loss: 0.3545 | Val Cost:    0.00 | Val Max P-Miss: 0.2208 | Val Max Q-Miss: 0.0194 | Val Max Gen Viol: 0.0000 | Val Max Thermal: 0.0000
Epoch 8510 | Val Loss: 0.3579 | Val Cost:    0.00 | Val Max P-Miss: 0.2465 | Val Max Q-Miss: 0.0318 | Val Max Gen Viol: 0.0000 | Val Max Thermal: 0.0000
Epoch 8520 | Val Loss: 0.3550 | Val Cost:    0.00 | Val Max P-Miss: 0.2198 | Val Max Q-Miss: 0.0160 | Val Max Gen Viol: 0.0000 | Val Max Thermal: 0.0000
Epoch 8530 | Val Loss: 0.3548 | Val Cost:    0.00 | Val Max P-Miss: 0.2139 | Val Max Q-Miss: 0.0138 | Val Max Gen Viol: 0.0000 | Val Max Thermal: 0.0000
Epoch 8540 | Val Loss: 0.3547 | Val Cost:    0.00 | Val Max P-Miss: 0.2090 | Val Max Q-Miss: 0.0155 | Val Max Gen Viol: 0.0000 | Val Max Thermal: 0.0000
Epoch 8550 | Val Loss: 0.3545 | Val Cost:    0.00 | Val Max P-Miss: 0.2133 | Val Max Q-Miss: 0.0228 | Val Max Gen Viol: 0.0000 | Val Max Thermal: 0.0000
Epoch 8560 | Val Loss: 0.3546 | Val Cost:    0.00 | Val Max P-Miss: 0.2209 | Val Max Q-Miss: 0.0163 | Val Max Gen Viol: 0.0000 | Val Max Thermal: 0.0000
Epoch 8570 | Val Loss: 0.3545 | Val Cost:    0.00 | Val Max P-Miss: 0.2185 | Val Max Q-Miss: 0.0162 | Val Max Gen Viol: 0.0000 | Val Max Thermal: 0.0000
Epoch 8580 | Val Loss: 0.3553 | Val Cost:    0.00 | Val Max P-Miss: 0.2152 | Val Max Q-Miss: 0.0157 | Val Max Gen Viol: 0.0000 | Val Max Thermal: 0.0000
Epoch 8590 | Val Loss: 0.3548 | Val Cost:    0.00 | Val Max P-Miss: 0.2195 | Val Max Q-Miss: 0.0139 | Val Max Gen Viol: 0.0000 | Val Max Thermal: 0.0000
Epoch 8600 | Val Loss: 0.3545 | Val Cost:    0.00 | Val Max P-Miss: 0.2153 | Val Max Q-Miss: 0.0172 | Val Max Gen Viol: 0.0000 | Val Max Thermal: 0.0000
Epoch 8610 | Val Loss: 0.3760 | Val Cost:    0.00 | Val Max P-Miss: 0.3448 | Val Max Q-Miss: 0.0402 | Val Max Gen Viol: 0.0000 | Val Max Thermal: 0.0000
Epoch 8620 | Val Loss: 0.3550 | Val Cost:    0.00 | Val Max P-Miss: 0.2170 | Val Max Q-Miss: 0.0148 | Val Max Gen Viol: 0.0000 | Val Max Thermal: 0.0000
Epoch 8630 | Val Loss: 0.3547 | Val Cost:    0.00 | Val Max P-Miss: 0.2179 | Val Max Q-Miss: 0.0134 | Val Max Gen Viol: 0.0000 | Val Max Thermal: 0.0000
Epoch 8640 | Val Loss: 0.3546 | Val Cost:    0.00 | Val Max P-Miss: 0.2179 | Val Max Q-Miss: 0.0190 | Val Max Gen Viol: 0.0000 | Val Max Thermal: 0.0000
Epoch 8650 | Val Loss: 0.3545 | Val Cost:    0.00 | Val Max P-Miss: 0.2200 | Val Max Q-Miss: 0.0201 | Val Max Gen Viol: 0.0000 | Val Max Thermal: 0.0000
Epoch 8660 | Val Loss: 0.3553 | Val Cost:    0.00 | Val Max P-Miss: 0.2217 | Val Max Q-Miss: 0.0179 | Val Max Gen Viol: 0.0000 | Val Max Thermal: 0.0000
Epoch 8670 | Val Loss: 0.3549 | Val Cost:    0.00 | Val Max P-Miss: 0.2149 | Val Max Q-Miss: 0.0152 | Val Max Gen Viol: 0.0000 | Val Max Thermal: 0.0000
Epoch 8680 | Val Loss: 0.3547 | Val Cost:    0.00 | Val Max P-Miss: 0.2175 | Val Max Q-Miss: 0.0167 | Val Max Gen Viol: 0.0000 | Val Max Thermal: 0.0000
Epoch 8690 | Val Loss: 0.3545 | Val Cost:    0.00 | Val Max P-Miss: 0.2193 | Val Max Q-Miss: 0.0253 | Val Max Gen Viol: 0.0000 | Val Max Thermal: 0.0000
Epoch 8700 | Val Loss: 0.3545 | Val Cost:    0.00 | Val Max P-Miss: 0.2184 | Val Max Q-Miss: 0.0208 | Val Max Gen Viol: 0.0000 | Val Max Thermal: 0.0000
Epoch 8710 | Val Loss: 0.3601 | Val Cost:    0.00 | Val Max P-Miss: 0.2769 | Val Max Q-Miss: 0.0300 | Val Max Gen Viol: 0.0000 | Val Max Thermal: 0.0000
Epoch 8720 | Val Loss: 0.3549 | Val Cost:    0.00 | Val Max P-Miss: 0.2194 | Val Max Q-Miss: 0.0144 | Val Max Gen Viol: 0.0000 | Val Max Thermal: 0.0000
Epoch 8730 | Val Loss: 0.3547 | Val Cost:    0.00 | Val Max P-Miss: 0.2192 | Val Max Q-Miss: 0.0165 | Val Max Gen Viol: 0.0000 | Val Max Thermal: 0.0000
Epoch 8740 | Val Loss: 0.3546 | Val Cost:    0.00 | Val Max P-Miss: 0.2142 | Val Max Q-Miss: 0.0288 | Val Max Gen Viol: 0.0000 | Val Max Thermal: 0.0000
Epoch 8750 | Val Loss: 0.3545 | Val Cost:    0.00 | Val Max P-Miss: 0.2160 | Val Max Q-Miss: 0.0261 | Val Max Gen Viol: 0.0000 | Val Max Thermal: 0.0000
Epoch 8760 | Val Loss: 0.3545 | Val Cost:    0.00 | Val Max P-Miss: 0.2156 | Val Max Q-Miss: 0.0258 | Val Max Gen Viol: 0.0000 | Val Max Thermal: 0.0000
Epoch 8770 | Val Loss: 0.3544 | Val Cost:    0.00 | Val Max P-Miss: 0.2189 | Val Max Q-Miss: 0.0237 | Val Max Gen Viol: 0.0000 | Val Max Thermal: 0.0000 [*SAVED BEST*]
Epoch 8780 | Val Loss: 0.3548 | Val Cost:    0.00 | Val Max P-Miss: 0.2176 | Val Max Q-Miss: 0.0167 | Val Max Gen Viol: 0.0000 | Val Max Thermal: 0.0000
Epoch 8790 | Val Loss: 0.3544 | Val Cost:    0.00 | Val Max P-Miss: 0.2213 | Val Max Q-Miss: 0.0148 | Val Max Gen Viol: 0.0000 | Val Max Thermal: 0.0000
Epoch 8800 | Val Loss: 0.3550 | Val Cost:    0.00 | Val Max P-Miss: 0.2304 | Val Max Q-Miss: 0.0134 | Val Max Gen Viol: 0.0000 | Val Max Thermal: 0.0000
Epoch 8810 | Val Loss: 0.3545 | Val Cost:    0.00 | Val Max P-Miss: 0.2236 | Val Max Q-Miss: 0.0141 | Val Max Gen Viol: 0.0000 | Val Max Thermal: 0.0000
Epoch 8820 | Val Loss: 0.3576 | Val Cost:    0.00 | Val Max P-Miss: 0.2452 | Val Max Q-Miss: 0.0225 | Val Max Gen Viol: 0.0000 | Val Max Thermal: 0.0000
Epoch 8830 | Val Loss: 0.3545 | Val Cost:    0.00 | Val Max P-Miss: 0.2262 | Val Max Q-Miss: 0.0162 | Val Max Gen Viol: 0.0000 | Val Max Thermal: 0.0000
Epoch 8840 | Val Loss: 0.3701 | Val Cost:    0.00 | Val Max P-Miss: 0.2550 | Val Max Q-Miss: 0.0413 | Val Max Gen Viol: 0.0000 | Val Max Thermal: 0.0000
Epoch 8850 | Val Loss: 0.3548 | Val Cost:    0.00 | Val Max P-Miss: 0.2168 | Val Max Q-Miss: 0.0165 | Val Max Gen Viol: 0.0000 | Val Max Thermal: 0.0000
Epoch 8860 | Val Loss: 0.3546 | Val Cost:    0.00 | Val Max P-Miss: 0.2143 | Val Max Q-Miss: 0.0145 | Val Max Gen Viol: 0.0000 | Val Max Thermal: 0.0000
Epoch 8870 | Val Loss: 0.3544 | Val Cost:    0.00 | Val Max P-Miss: 0.2195 | Val Max Q-Miss: 0.0203 | Val Max Gen Viol: 0.0000 | Val Max Thermal: 0.0000
Epoch 8880 | Val Loss: 0.3548 | Val Cost:    0.00 | Val Max P-Miss: 0.2181 | Val Max Q-Miss: 0.0210 | Val Max Gen Viol: 0.0000 | Val Max Thermal: 0.0000
Epoch 8890 | Val Loss: 0.3544 | Val Cost:    0.00 | Val Max P-Miss: 0.2188 | Val Max Q-Miss: 0.0226 | Val Max Gen Viol: 0.0000 | Val Max Thermal: 0.0000 [*SAVED BEST*]
Epoch 8900 | Val Loss: 0.3544 | Val Cost:    0.00 | Val Max P-Miss: 0.2215 | Val Max Q-Miss: 0.0226 | Val Max Gen Viol: 0.0000 | Val Max Thermal: 0.0000
Epoch 8910 | Val Loss: 0.3560 | Val Cost:    0.00 | Val Max P-Miss: 0.2258 | Val Max Q-Miss: 0.0226 | Val Max Gen Viol: 0.0000 | Val Max Thermal: 0.0000
Epoch 8920 | Val Loss: 0.3547 | Val Cost:    0.00 | Val Max P-Miss: 0.2189 | Val Max Q-Miss: 0.0147 | Val Max Gen Viol: 0.0000 | Val Max Thermal: 0.0000
Epoch 8930 | Val Loss: 0.3545 | Val Cost:    0.00 | Val Max P-Miss: 0.2192 | Val Max Q-Miss: 0.0196 | Val Max Gen Viol: 0.0000 | Val Max Thermal: 0.0000
Epoch 8940 | Val Loss: 0.3544 | Val Cost:    0.00 | Val Max P-Miss: 0.2186 | Val Max Q-Miss: 0.0222 | Val Max Gen Viol: 0.0000 | Val Max Thermal: 0.0000
Epoch 8950 | Val Loss: 0.3545 | Val Cost:    0.00 | Val Max P-Miss: 0.2247 | Val Max Q-Miss: 0.0173 | Val Max Gen Viol: 0.0000 | Val Max Thermal: 0.0000
Epoch 8960 | Val Loss: 0.3558 | Val Cost:    0.00 | Val Max P-Miss: 0.2227 | Val Max Q-Miss: 0.0193 | Val Max Gen Viol: 0.0000 | Val Max Thermal: 0.0000
Epoch 8970 | Val Loss: 0.3547 | Val Cost:    0.00 | Val Max P-Miss: 0.2210 | Val Max Q-Miss: 0.0141 | Val Max Gen Viol: 0.0000 | Val Max Thermal: 0.0000
Epoch 8980 | Val Loss: 0.3545 | Val Cost:    0.00 | Val Max P-Miss: 0.2198 | Val Max Q-Miss: 0.0176 | Val Max Gen Viol: 0.0000 | Val Max Thermal: 0.0000
Epoch 8990 | Val Loss: 0.3544 | Val Cost:    0.00 | Val Max P-Miss: 0.2210 | Val Max Q-Miss: 0.0176 | Val Max Gen Viol: 0.0000 | Val Max Thermal: 0.0000 [*SAVED BEST*]
Epoch 9000 | Val Loss: 0.3544 | Val Cost:    0.00 | Val Max P-Miss: 0.2228 | Val Max Q-Miss: 0.0175 | Val Max Gen Viol: 0.0000 | Val Max Thermal: 0.0000
Epoch 9010 | Val Loss: 0.3555 | Val Cost:    0.00 | Val Max P-Miss: 0.2171 | Val Max Q-Miss: 0.0151 | Val Max Gen Viol: 0.0000 | Val Max Thermal: 0.0000
Epoch 9020 | Val Loss: 0.3548 | Val Cost:    0.00 | Val Max P-Miss: 0.2180 | Val Max Q-Miss: 0.0147 | Val Max Gen Viol: 0.0000 | Val Max Thermal: 0.0000
Epoch 9030 | Val Loss: 0.3546 | Val Cost:    0.00 | Val Max P-Miss: 0.2135 | Val Max Q-Miss: 0.0166 | Val Max Gen Viol: 0.0000 | Val Max Thermal: 0.0000
Epoch 9040 | Val Loss: 0.3544 | Val Cost:    0.00 | Val Max P-Miss: 0.2193 | Val Max Q-Miss: 0.0220 | Val Max Gen Viol: 0.0000 | Val Max Thermal: 0.0000
Epoch 9050 | Val Loss: 0.3544 | Val Cost:    0.00 | Val Max P-Miss: 0.2195 | Val Max Q-Miss: 0.0201 | Val Max Gen Viol: 0.0000 | Val Max Thermal: 0.0000
Epoch 9060 | Val Loss: 0.3547 | Val Cost:    0.00 | Val Max P-Miss: 0.2271 | Val Max Q-Miss: 0.0142 | Val Max Gen Viol: 0.0000 | Val Max Thermal: 0.0000
Epoch 9070 | Val Loss: 0.3544 | Val Cost:    0.00 | Val Max P-Miss: 0.2244 | Val Max Q-Miss: 0.0170 | Val Max Gen Viol: 0.0000 | Val Max Thermal: 0.0000
Epoch 9080 | Val Loss: 0.3545 | Val Cost:    0.00 | Val Max P-Miss: 0.2231 | Val Max Q-Miss: 0.0166 | Val Max Gen Viol: 0.0000 | Val Max Thermal: 0.0000
Epoch 9090 | Val Loss: 0.3544 | Val Cost:    0.00 | Val Max P-Miss: 0.2316 | Val Max Q-Miss: 0.0152 | Val Max Gen Viol: 0.0000 | Val Max Thermal: 0.0000
Epoch 9100 | Val Loss: 0.3641 | Val Cost:    0.00 | Val Max P-Miss: 0.2795 | Val Max Q-Miss: 0.0397 | Val Max Gen Viol: 0.0000 | Val Max Thermal: 0.0000
Epoch 9110 | Val Loss: 0.3548 | Val Cost:    0.00 | Val Max P-Miss: 0.2232 | Val Max Q-Miss: 0.0159 | Val Max Gen Viol: 0.0000 | Val Max Thermal: 0.0000
Epoch 9120 | Val Loss: 0.3546 | Val Cost:    0.00 | Val Max P-Miss: 0.2183 | Val Max Q-Miss: 0.0155 | Val Max Gen Viol: 0.0000 | Val Max Thermal: 0.0000
Epoch 9130 | Val Loss: 0.3544 | Val Cost:    0.00 | Val Max P-Miss: 0.2252 | Val Max Q-Miss: 0.0167 | Val Max Gen Viol: 0.0000 | Val Max Thermal: 0.0000
Epoch 9140 | Val Loss: 0.3545 | Val Cost:    0.00 | Val Max P-Miss: 0.2268 | Val Max Q-Miss: 0.0148 | Val Max Gen Viol: 0.0000 | Val Max Thermal: 0.0000
Epoch 9150 | Val Loss: 0.3544 | Val Cost:    0.00 | Val Max P-Miss: 0.2316 | Val Max Q-Miss: 0.0175 | Val Max Gen Viol: 0.0000 | Val Max Thermal: 0.0000
Epoch 9160 | Val Loss: 0.3545 | Val Cost:    0.00 | Val Max P-Miss: 0.2267 | Val Max Q-Miss: 0.0191 | Val Max Gen Viol: 0.0000 | Val Max Thermal: 0.0000
Epoch 9170 | Val Loss: 0.3545 | Val Cost:    0.00 | Val Max P-Miss: 0.2249 | Val Max Q-Miss: 0.0234 | Val Max Gen Viol: 0.0000 | Val Max Thermal: 0.0000
Epoch 9180 | Val Loss: 0.3554 | Val Cost:    0.00 | Val Max P-Miss: 0.2202 | Val Max Q-Miss: 0.0187 | Val Max Gen Viol: 0.0000 | Val Max Thermal: 0.0000
Epoch 9190 | Val Loss: 0.3549 | Val Cost:    0.00 | Val Max P-Miss: 0.2159 | Val Max Q-Miss: 0.0192 | Val Max Gen Viol: 0.0000 | Val Max Thermal: 0.0000
Epoch 9200 | Val Loss: 0.3547 | Val Cost:    0.00 | Val Max P-Miss: 0.2208 | Val Max Q-Miss: 0.0188 | Val Max Gen Viol: 0.0000 | Val Max Thermal: 0.0000
Epoch 9210 | Val Loss: 0.3546 | Val Cost:    0.00 | Val Max P-Miss: 0.2233 | Val Max Q-Miss: 0.0183 | Val Max Gen Viol: 0.0000 | Val Max Thermal: 0.0000
Epoch 9220 | Val Loss: 0.3545 | Val Cost:    0.00 | Val Max P-Miss: 0.2278 | Val Max Q-Miss: 0.0172 | Val Max Gen Viol: 0.0000 | Val Max Thermal: 0.0000
Epoch 9230 | Val Loss: 0.3548 | Val Cost:    0.00 | Val Max P-Miss: 0.2222 | Val Max Q-Miss: 0.0161 | Val Max Gen Viol: 0.0000 | Val Max Thermal: 0.0000
Epoch 9240 | Val Loss: 0.3545 | Val Cost:    0.00 | Val Max P-Miss: 0.2269 | Val Max Q-Miss: 0.0176 | Val Max Gen Viol: 0.0000 | Val Max Thermal: 0.0000
Epoch 9250 | Val Loss: 0.3544 | Val Cost:    0.00 | Val Max P-Miss: 0.2300 | Val Max Q-Miss: 0.0196 | Val Max Gen Viol: 0.0000 | Val Max Thermal: 0.0000
Epoch 9260 | Val Loss: 0.3545 | Val Cost:    0.00 | Val Max P-Miss: 0.2275 | Val Max Q-Miss: 0.0149 | Val Max Gen Viol: 0.0000 | Val Max Thermal: 0.0000
Epoch 9270 | Val Loss: 0.3544 | Val Cost:    0.00 | Val Max P-Miss: 0.2285 | Val Max Q-Miss: 0.0172 | Val Max Gen Viol: 0.0000 | Val Max Thermal: 0.0000
Epoch 9280 | Val Loss: 0.3565 | Val Cost:    0.00 | Val Max P-Miss: 0.2259 | Val Max Q-Miss: 0.0269 | Val Max Gen Viol: 0.0000 | Val Max Thermal: 0.0000
Epoch 9290 | Val Loss: 0.3547 | Val Cost:    0.00 | Val Max P-Miss: 0.2185 | Val Max Q-Miss: 0.0149 | Val Max Gen Viol: 0.0000 | Val Max Thermal: 0.0000
Epoch 9300 | Val Loss: 0.3546 | Val Cost:    0.00 | Val Max P-Miss: 0.2166 | Val Max Q-Miss: 0.0155 | Val Max Gen Viol: 0.0000 | Val Max Thermal: 0.0000
Epoch 9310 | Val Loss: 0.3545 | Val Cost:    0.00 | Val Max P-Miss: 0.2220 | Val Max Q-Miss: 0.0151 | Val Max Gen Viol: 0.0000 | Val Max Thermal: 0.0000
Epoch 9320 | Val Loss: 0.3545 | Val Cost:    0.00 | Val Max P-Miss: 0.2203 | Val Max Q-Miss: 0.0152 | Val Max Gen Viol: 0.0000 | Val Max Thermal: 0.0000
Epoch 9330 | Val Loss: 0.3548 | Val Cost:    0.00 | Val Max P-Miss: 0.2206 | Val Max Q-Miss: 0.0157 | Val Max Gen Viol: 0.0000 | Val Max Thermal: 0.0000
Epoch 9340 | Val Loss: 0.3545 | Val Cost:    0.00 | Val Max P-Miss: 0.2258 | Val Max Q-Miss: 0.0151 | Val Max Gen Viol: 0.0000 | Val Max Thermal: 0.0000
Epoch 9350 | Val Loss: 0.3782 | Val Cost:    0.00 | Val Max P-Miss: 0.2989 | Val Max Q-Miss: 0.0484 | Val Max Gen Viol: 0.0000 | Val Max Thermal: 0.0000
Epoch 9360 | Val Loss: 0.3550 | Val Cost:    0.00 | Val Max P-Miss: 0.2189 | Val Max Q-Miss: 0.0145 | Val Max Gen Viol: 0.0000 | Val Max Thermal: 0.0000
Epoch 9370 | Val Loss: 0.3547 | Val Cost:    0.00 | Val Max P-Miss: 0.2226 | Val Max Q-Miss: 0.0149 | Val Max Gen Viol: 0.0000 | Val Max Thermal: 0.0000
Epoch 9380 | Val Loss: 0.3545 | Val Cost:    0.00 | Val Max P-Miss: 0.2241 | Val Max Q-Miss: 0.0146 | Val Max Gen Viol: 0.0000 | Val Max Thermal: 0.0000
Epoch 9390 | Val Loss: 0.3545 | Val Cost:    0.00 | Val Max P-Miss: 0.2303 | Val Max Q-Miss: 0.0198 | Val Max Gen Viol: 0.0000 | Val Max Thermal: 0.0000
Epoch 9400 | Val Loss: 0.3545 | Val Cost:    0.00 | Val Max P-Miss: 0.2211 | Val Max Q-Miss: 0.0184 | Val Max Gen Viol: 0.0000 | Val Max Thermal: 0.0000
Epoch 9410 | Val Loss: 0.3544 | Val Cost:    0.00 | Val Max P-Miss: 0.2285 | Val Max Q-Miss: 0.0219 | Val Max Gen Viol: 0.0000 | Val Max Thermal: 0.0000
Epoch 9420 | Val Loss: 0.3545 | Val Cost:    0.00 | Val Max P-Miss: 0.2233 | Val Max Q-Miss: 0.0145 | Val Max Gen Viol: 0.0000 | Val Max Thermal: 0.0000
Epoch 9430 | Val Loss: 0.3544 | Val Cost:    0.00 | Val Max P-Miss: 0.2279 | Val Max Q-Miss: 0.0225 | Val Max Gen Viol: 0.0000 | Val Max Thermal: 0.0000
Epoch 9440 | Val Loss: 0.3546 | Val Cost:    0.00 | Val Max P-Miss: 0.2265 | Val Max Q-Miss: 0.0205 | Val Max Gen Viol: 0.0000 | Val Max Thermal: 0.0000
Epoch 9450 | Val Loss: 0.3544 | Val Cost:    0.00 | Val Max P-Miss: 0.2271 | Val Max Q-Miss: 0.0223 | Val Max Gen Viol: 0.0000 | Val Max Thermal: 0.0000
Epoch 9460 | Val Loss: 0.3544 | Val Cost:    0.00 | Val Max P-Miss: 0.2290 | Val Max Q-Miss: 0.0202 | Val Max Gen Viol: 0.0000 | Val Max Thermal: 0.0000
Epoch 9470 | Val Loss: 0.3547 | Val Cost:    0.00 | Val Max P-Miss: 0.2180 | Val Max Q-Miss: 0.0135 | Val Max Gen Viol: 0.0000 | Val Max Thermal: 0.0000
Epoch 9480 | Val Loss: 0.3545 | Val Cost:    0.00 | Val Max P-Miss: 0.2231 | Val Max Q-Miss: 0.0142 | Val Max Gen Viol: 0.0000 | Val Max Thermal: 0.0000
Epoch 9490 | Val Loss: 0.3545 | Val Cost:    0.00 | Val Max P-Miss: 0.2279 | Val Max Q-Miss: 0.0199 | Val Max Gen Viol: 0.0000 | Val Max Thermal: 0.0000
Epoch 9500 | Val Loss: 0.3544 | Val Cost:    0.00 | Val Max P-Miss: 0.2317 | Val Max Q-Miss: 0.0180 | Val Max Gen Viol: 0.0000 | Val Max Thermal: 0.0000
Epoch 9510 | Val Loss: 0.3544 | Val Cost:    0.00 | Val Max P-Miss: 0.2284 | Val Max Q-Miss: 0.0137 | Val Max Gen Viol: 0.0000 | Val Max Thermal: 0.0000 [*SAVED BEST*]
Epoch 9520 | Val Loss: 0.3544 | Val Cost:    0.00 | Val Max P-Miss: 0.2274 | Val Max Q-Miss: 0.0152 | Val Max Gen Viol: 0.0000 | Val Max Thermal: 0.0000
Epoch 9530 | Val Loss: 0.3544 | Val Cost:    0.00 | Val Max P-Miss: 0.2320 | Val Max Q-Miss: 0.0150 | Val Max Gen Viol: 0.0000 | Val Max Thermal: 0.0000 [*SAVED BEST*]
Epoch 9540 | Val Loss: 0.3553 | Val Cost:    0.00 | Val Max P-Miss: 0.2279 | Val Max Q-Miss: 0.0167 | Val Max Gen Viol: 0.0000 | Val Max Thermal: 0.0000
Epoch 9550 | Val Loss: 0.3548 | Val Cost:    0.00 | Val Max P-Miss: 0.2264 | Val Max Q-Miss: 0.0153 | Val Max Gen Viol: 0.0000 | Val Max Thermal: 0.0000
Epoch 9560 | Val Loss: 0.3546 | Val Cost:    0.00 | Val Max P-Miss: 0.2319 | Val Max Q-Miss: 0.0167 | Val Max Gen Viol: 0.0000 | Val Max Thermal: 0.0000
Epoch 9570 | Val Loss: 0.3545 | Val Cost:    0.00 | Val Max P-Miss: 0.2337 | Val Max Q-Miss: 0.0152 | Val Max Gen Viol: 0.0000 | Val Max Thermal: 0.0000
Epoch 9580 | Val Loss: 0.3566 | Val Cost:    0.00 | Val Max P-Miss: 0.2377 | Val Max Q-Miss: 0.0180 | Val Max Gen Viol: 0.0000 | Val Max Thermal: 0.0000
Epoch 9590 | Val Loss: 0.3547 | Val Cost:    0.00 | Val Max P-Miss: 0.2190 | Val Max Q-Miss: 0.0134 | Val Max Gen Viol: 0.0000 | Val Max Thermal: 0.0000
Epoch 9600 | Val Loss: 0.3546 | Val Cost:    0.00 | Val Max P-Miss: 0.2205 | Val Max Q-Miss: 0.0162 | Val Max Gen Viol: 0.0000 | Val Max Thermal: 0.0000
Epoch 9610 | Val Loss: 0.3545 | Val Cost:    0.00 | Val Max P-Miss: 0.2209 | Val Max Q-Miss: 0.0166 | Val Max Gen Viol: 0.0000 | Val Max Thermal: 0.0000
Epoch 9620 | Val Loss: 0.3544 | Val Cost:    0.00 | Val Max P-Miss: 0.2238 | Val Max Q-Miss: 0.0159 | Val Max Gen Viol: 0.0000 | Val Max Thermal: 0.0000
Epoch 9630 | Val Loss: 0.3550 | Val Cost:    0.00 | Val Max P-Miss: 0.2266 | Val Max Q-Miss: 0.0147 | Val Max Gen Viol: 0.0000 | Val Max Thermal: 0.0000
Epoch 9640 | Val Loss: 0.3545 | Val Cost:    0.00 | Val Max P-Miss: 0.2205 | Val Max Q-Miss: 0.0147 | Val Max Gen Viol: 0.0000 | Val Max Thermal: 0.0000
Epoch 9650 | Val Loss: 0.3545 | Val Cost:    0.00 | Val Max P-Miss: 0.2244 | Val Max Q-Miss: 0.0152 | Val Max Gen Viol: 0.0000 | Val Max Thermal: 0.0000
Epoch 9660 | Val Loss: 0.3544 | Val Cost:    0.00 | Val Max P-Miss: 0.2259 | Val Max Q-Miss: 0.0149 | Val Max Gen Viol: 0.0000 | Val Max Thermal: 0.0000
Epoch 9670 | Val Loss: 0.3550 | Val Cost:    0.00 | Val Max P-Miss: 0.2299 | Val Max Q-Miss: 0.0149 | Val Max Gen Viol: 0.0000 | Val Max Thermal: 0.0000
Epoch 9680 | Val Loss: 0.3551 | Val Cost:    0.00 | Val Max P-Miss: 0.2158 | Val Max Q-Miss: 0.0157 | Val Max Gen Viol: 0.0000 | Val Max Thermal: 0.0000
Epoch 9690 | Val Loss: 0.3548 | Val Cost:    0.00 | Val Max P-Miss: 0.2166 | Val Max Q-Miss: 0.0133 | Val Max Gen Viol: 0.0000 | Val Max Thermal: 0.0000
Epoch 9700 | Val Loss: 0.3546 | Val Cost:    0.00 | Val Max P-Miss: 0.2236 | Val Max Q-Miss: 0.0142 | Val Max Gen Viol: 0.0000 | Val Max Thermal: 0.0000
Epoch 9710 | Val Loss: 0.3544 | Val Cost:    0.00 | Val Max P-Miss: 0.2288 | Val Max Q-Miss: 0.0166 | Val Max Gen Viol: 0.0000 | Val Max Thermal: 0.0000
Epoch 9720 | Val Loss: 0.3704 | Val Cost:    0.00 | Val Max P-Miss: 0.2834 | Val Max Q-Miss: 0.0389 | Val Max Gen Viol: 0.0000 | Val Max Thermal: 0.0000
Epoch 9730 | Val Loss: 0.3547 | Val Cost:    0.00 | Val Max P-Miss: 0.2145 | Val Max Q-Miss: 0.0136 | Val Max Gen Viol: 0.0000 | Val Max Thermal: 0.0000
Epoch 9740 | Val Loss: 0.3545 | Val Cost:    0.00 | Val Max P-Miss: 0.2246 | Val Max Q-Miss: 0.0156 | Val Max Gen Viol: 0.0000 | Val Max Thermal: 0.0000
Epoch 9750 | Val Loss: 0.3544 | Val Cost:    0.00 | Val Max P-Miss: 0.2278 | Val Max Q-Miss: 0.0196 | Val Max Gen Viol: 0.0000 | Val Max Thermal: 0.0000
Epoch 9760 | Val Loss: 0.3544 | Val Cost:    0.00 | Val Max P-Miss: 0.2269 | Val Max Q-Miss: 0.0192 | Val Max Gen Viol: 0.0000 | Val Max Thermal: 0.0000
Epoch 9770 | Val Loss: 0.3543 | Val Cost:    0.00 | Val Max P-Miss: 0.2290 | Val Max Q-Miss: 0.0176 | Val Max Gen Viol: 0.0000 | Val Max Thermal: 0.0000 [*SAVED BEST*]
Epoch 9780 | Val Loss: 0.3544 | Val Cost:    0.00 | Val Max P-Miss: 0.2263 | Val Max Q-Miss: 0.0133 | Val Max Gen Viol: 0.0000 | Val Max Thermal: 0.0000
Epoch 9790 | Val Loss: 0.3544 | Val Cost:    0.00 | Val Max P-Miss: 0.2245 | Val Max Q-Miss: 0.0140 | Val Max Gen Viol: 0.0000 | Val Max Thermal: 0.0000
Epoch 9800 | Val Loss: 0.3544 | Val Cost:    0.00 | Val Max P-Miss: 0.2253 | Val Max Q-Miss: 0.0155 | Val Max Gen Viol: 0.0000 | Val Max Thermal: 0.0000
Epoch 9810 | Val Loss: 0.3544 | Val Cost:    0.00 | Val Max P-Miss: 0.2226 | Val Max Q-Miss: 0.0144 | Val Max Gen Viol: 0.0000 | Val Max Thermal: 0.0000
Epoch 9820 | Val Loss: 0.3543 | Val Cost:    0.00 | Val Max P-Miss: 0.2290 | Val Max Q-Miss: 0.0147 | Val Max Gen Viol: 0.0000 | Val Max Thermal: 0.0000
Epoch 9830 | Val Loss: 0.3563 | Val Cost:    0.00 | Val Max P-Miss: 0.2293 | Val Max Q-Miss: 0.0151 | Val Max Gen Viol: 0.0000 | Val Max Thermal: 0.0000
Epoch 9840 | Val Loss: 0.3544 | Val Cost:    0.00 | Val Max P-Miss: 0.2259 | Val Max Q-Miss: 0.0152 | Val Max Gen Viol: 0.0000 | Val Max Thermal: 0.0000
Epoch 9850 | Val Loss: 0.3550 | Val Cost:    0.00 | Val Max P-Miss: 0.2368 | Val Max Q-Miss: 0.0166 | Val Max Gen Viol: 0.0000 | Val Max Thermal: 0.0000
Epoch 9860 | Val Loss: 0.3543 | Val Cost:    0.00 | Val Max P-Miss: 0.2350 | Val Max Q-Miss: 0.0187 | Val Max Gen Viol: 0.0000 | Val Max Thermal: 0.0000 [*SAVED BEST*]
Epoch 9870 | Val Loss: 0.3552 | Val Cost:    0.00 | Val Max P-Miss: 0.2415 | Val Max Q-Miss: 0.0215 | Val Max Gen Viol: 0.0000 | Val Max Thermal: 0.0000
Epoch 9880 | Val Loss: 0.3544 | Val Cost:    0.00 | Val Max P-Miss: 0.2298 | Val Max Q-Miss: 0.0180 | Val Max Gen Viol: 0.0000 | Val Max Thermal: 0.0000
Epoch 9890 | Val Loss: 0.3544 | Val Cost:    0.00 | Val Max P-Miss: 0.2327 | Val Max Q-Miss: 0.0226 | Val Max Gen Viol: 0.0000 | Val Max Thermal: 0.0000
Epoch 9900 | Val Loss: 0.3556 | Val Cost:    0.00 | Val Max P-Miss: 0.2319 | Val Max Q-Miss: 0.0227 | Val Max Gen Viol: 0.0000 | Val Max Thermal: 0.0000
Epoch 9910 | Val Loss: 0.3543 | Val Cost:    0.00 | Val Max P-Miss: 0.2240 | Val Max Q-Miss: 0.0164 | Val Max Gen Viol: 0.0000 | Val Max Thermal: 0.0000
Epoch 9920 | Val Loss: 0.3654 | Val Cost:    0.00 | Val Max P-Miss: 0.2910 | Val Max Q-Miss: 0.0269 | Val Max Gen Viol: 0.0000 | Val Max Thermal: 0.0000
Epoch 9930 | Val Loss: 0.3548 | Val Cost:    0.00 | Val Max P-Miss: 0.2260 | Val Max Q-Miss: 0.0129 | Val Max Gen Viol: 0.0000 | Val Max Thermal: 0.0000
Epoch 9940 | Val Loss: 0.3545 | Val Cost:    0.00 | Val Max P-Miss: 0.2226 | Val Max Q-Miss: 0.0149 | Val Max Gen Viol: 0.0000 | Val Max Thermal: 0.0000
Epoch 9950 | Val Loss: 0.3544 | Val Cost:    0.00 | Val Max P-Miss: 0.2192 | Val Max Q-Miss: 0.0137 | Val Max Gen Viol: 0.0000 | Val Max Thermal: 0.0000
Epoch 9960 | Val Loss: 0.3544 | Val Cost:    0.00 | Val Max P-Miss: 0.2210 | Val Max Q-Miss: 0.0130 | Val Max Gen Viol: 0.0000 | Val Max Thermal: 0.0000
Epoch 9970 | Val Loss: 0.3544 | Val Cost:    0.00 | Val Max P-Miss: 0.2185 | Val Max Q-Miss: 0.0142 | Val Max Gen Viol: 0.0000 | Val Max Thermal: 0.0000
Epoch 9980 | Val Loss: 0.3552 | Val Cost:    0.00 | Val Max P-Miss: 0.2200 | Val Max Q-Miss: 0.0186 | Val Max Gen Viol: 0.0000 | Val Max Thermal: 0.0000
Epoch 9990 | Val Loss: 0.3547 | Val Cost:    0.00 | Val Max P-Miss: 0.2224 | Val Max Q-Miss: 0.0136 | Val Max Gen Viol: 0.0000 | Val Max Thermal: 0.0000

==================================================
Training Complete!
Total Training Time: 00h 18m 20.29s
Best model weights saved to: ./model/best_dc3_MULTI_pglib_opf_case14_ieee_10000epochs_20260716_174242.pth
==================================================

