Job: acopf_ISS
Executing: ACOPF_DC3_multi.py --case_name pglib_opf_case14_ieee --epochs 10000
Node: issnode1
GPU Allocated: 0
Executing strictly on GPU: NVIDIA GeForce RTX 4090
Problem Geometry Linked -> Matrix Samples: 10000

Beginning execution of parallelized training matrix loops for DC3...
Epoch    0 | Val Loss: 1588.8096 | Val Cost: 1586.68 | Val Max P-Miss: 1.0249 | Val Max Q-Miss: 0.4992 | Val Max Gen Viol: 0.0000 | Val Max Thermal: 0.0000 [*SAVED BEST*]
Epoch   10 | Val Loss: 0.6368 | Val Cost:    0.00 | Val Max P-Miss: 0.4640 | Val Max Q-Miss: 0.1405 | Val Max Gen Viol: 0.0000 | Val Max Thermal: 0.0000 [*SAVED BEST*]
Epoch   20 | Val Loss: 0.4492 | Val Cost:    0.00 | Val Max P-Miss: 0.3685 | Val Max Q-Miss: 0.1358 | Val Max Gen Viol: 0.0000 | Val Max Thermal: 0.0000 [*SAVED BEST*]
Epoch   30 | Val Loss: 0.4902 | Val Cost:    0.00 | Val Max P-Miss: 0.4040 | Val Max Q-Miss: 0.1359 | Val Max Gen Viol: 0.0000 | Val Max Thermal: 0.0000
Epoch   40 | Val Loss: 0.4590 | Val Cost:    0.00 | Val Max P-Miss: 0.3924 | Val Max Q-Miss: 0.1255 | Val Max Gen Viol: 0.0000 | Val Max Thermal: 0.0000
Epoch   50 | Val Loss: 0.4320 | Val Cost:    0.00 | Val Max P-Miss: 0.3450 | Val Max Q-Miss: 0.1081 | Val Max Gen Viol: 0.0000 | Val Max Thermal: 0.0000 [*SAVED BEST*]
Epoch   60 | Val Loss: 0.4391 | Val Cost:    0.00 | Val Max P-Miss: 0.3769 | Val Max Q-Miss: 0.1066 | Val Max Gen Viol: 0.0000 | Val Max Thermal: 0.0000
Epoch   70 | Val Loss: 0.3910 | Val Cost:    0.00 | Val Max P-Miss: 0.3069 | Val Max Q-Miss: 0.0946 | Val Max Gen Viol: 0.0000 | Val Max Thermal: 0.0000 [*SAVED BEST*]
Epoch   80 | Val Loss: 0.4510 | Val Cost:    0.00 | Val Max P-Miss: 0.3439 | Val Max Q-Miss: 0.1248 | Val Max Gen Viol: 0.0000 | Val Max Thermal: 0.0000
Epoch   90 | Val Loss: 0.4221 | Val Cost:    0.00 | Val Max P-Miss: 0.3674 | Val Max Q-Miss: 0.0851 | Val Max Gen Viol: 0.0000 | Val Max Thermal: 0.0000
Epoch  100 | Val Loss: 0.3917 | Val Cost:    0.00 | Val Max P-Miss: 0.3284 | Val Max Q-Miss: 0.0674 | Val Max Gen Viol: 0.0000 | Val Max Thermal: 0.0000
Epoch  110 | Val Loss: 0.4174 | Val Cost:    0.00 | Val Max P-Miss: 0.3633 | Val Max Q-Miss: 0.0805 | Val Max Gen Viol: 0.0000 | Val Max Thermal: 0.0000
Epoch  120 | Val Loss: 0.3979 | Val Cost:    0.00 | Val Max P-Miss: 0.3361 | Val Max Q-Miss: 0.0680 | Val Max Gen Viol: 0.0000 | Val Max Thermal: 0.0000
Epoch  130 | Val Loss: 0.4034 | Val Cost:    0.00 | Val Max P-Miss: 0.3580 | Val Max Q-Miss: 0.0668 | Val Max Gen Viol: 0.0000 | Val Max Thermal: 0.0000
Epoch  140 | Val Loss: 0.3948 | Val Cost:    0.00 | Val Max P-Miss: 0.3501 | Val Max Q-Miss: 0.0662 | Val Max Gen Viol: 0.0000 | Val Max Thermal: 0.0000
Epoch  150 | Val Loss: 0.3976 | Val Cost:    0.00 | Val Max P-Miss: 0.3630 | Val Max Q-Miss: 0.0714 | Val Max Gen Viol: 0.0000 | Val Max Thermal: 0.0000
Epoch  160 | Val Loss: 0.4016 | Val Cost:    0.00 | Val Max P-Miss: 0.3796 | Val Max Q-Miss: 0.0774 | Val Max Gen Viol: 0.0000 | Val Max Thermal: 0.0000
Epoch  170 | Val Loss: 0.3954 | Val Cost:    0.00 | Val Max P-Miss: 0.3726 | Val Max Q-Miss: 0.0828 | Val Max Gen Viol: 0.0000 | Val Max Thermal: 0.0000
Epoch  180 | Val Loss: 0.4008 | Val Cost:    0.00 | Val Max P-Miss: 0.3860 | Val Max Q-Miss: 0.1045 | Val Max Gen Viol: 0.0000 | Val Max Thermal: 0.0000
Epoch  190 | Val Loss: 0.5579 | Val Cost:    0.00 | Val Max P-Miss: 0.3895 | Val Max Q-Miss: 0.2483 | Val Max Gen Viol: 0.0000 | Val Max Thermal: 0.0000
Epoch  200 | Val Loss: 0.4131 | Val Cost:    0.00 | Val Max P-Miss: 0.4276 | Val Max Q-Miss: 0.1175 | Val Max Gen Viol: 0.0000 | Val Max Thermal: 0.0000
Epoch  210 | Val Loss: 0.3940 | Val Cost:    0.00 | Val Max P-Miss: 0.3761 | Val Max Q-Miss: 0.1176 | Val Max Gen Viol: 0.0000 | Val Max Thermal: 0.0000
Epoch  220 | Val Loss: 0.3879 | Val Cost:    0.00 | Val Max P-Miss: 0.3517 | Val Max Q-Miss: 0.1453 | Val Max Gen Viol: 0.0000 | Val Max Thermal: 0.0000 [*SAVED BEST*]
Epoch  230 | Val Loss: 0.3974 | Val Cost:    0.00 | Val Max P-Miss: 0.3671 | Val Max Q-Miss: 0.1112 | Val Max Gen Viol: 0.0000 | Val Max Thermal: 0.0000
Epoch  240 | Val Loss: 0.3975 | Val Cost:    0.00 | Val Max P-Miss: 0.3782 | Val Max Q-Miss: 0.0720 | Val Max Gen Viol: 0.0000 | Val Max Thermal: 0.0000
Epoch  250 | Val Loss: 0.4158 | Val Cost:    0.00 | Val Max P-Miss: 0.4164 | Val Max Q-Miss: 0.0737 | Val Max Gen Viol: 0.0000 | Val Max Thermal: 0.0000
Epoch  260 | Val Loss: 0.3862 | Val Cost:    0.00 | Val Max P-Miss: 0.3499 | Val Max Q-Miss: 0.0903 | Val Max Gen Viol: 0.0000 | Val Max Thermal: 0.0000 [*SAVED BEST*]
Epoch  270 | Val Loss: 0.4054 | Val Cost:    0.00 | Val Max P-Miss: 0.3990 | Val Max Q-Miss: 0.0772 | Val Max Gen Viol: 0.0000 | Val Max Thermal: 0.0000
Epoch  280 | Val Loss: 0.3816 | Val Cost:    0.00 | Val Max P-Miss: 0.3338 | Val Max Q-Miss: 0.0614 | Val Max Gen Viol: 0.0000 | Val Max Thermal: 0.0000 [*SAVED BEST*]
Epoch  290 | Val Loss: 0.4004 | Val Cost:    0.00 | Val Max P-Miss: 0.3807 | Val Max Q-Miss: 0.0927 | Val Max Gen Viol: 0.0000 | Val Max Thermal: 0.0000
Epoch  300 | Val Loss: 0.3870 | Val Cost:    0.00 | Val Max P-Miss: 0.3464 | Val Max Q-Miss: 0.0568 | Val Max Gen Viol: 0.0000 | Val Max Thermal: 0.0000
Epoch  310 | Val Loss: 0.3974 | Val Cost:    0.00 | Val Max P-Miss: 0.3485 | Val Max Q-Miss: 0.0726 | Val Max Gen Viol: 0.0000 | Val Max Thermal: 0.0000
Epoch  320 | Val Loss: 0.3900 | Val Cost:    0.00 | Val Max P-Miss: 0.3432 | Val Max Q-Miss: 0.0608 | Val Max Gen Viol: 0.0000 | Val Max Thermal: 0.0000
Epoch  330 | Val Loss: 0.3874 | Val Cost:    0.00 | Val Max P-Miss: 0.3314 | Val Max Q-Miss: 0.0736 | Val Max Gen Viol: 0.0000 | Val Max Thermal: 0.0000
Epoch  340 | Val Loss: 0.3805 | Val Cost:    0.00 | Val Max P-Miss: 0.3205 | Val Max Q-Miss: 0.0691 | Val Max Gen Viol: 0.0000 | Val Max Thermal: 0.0000 [*SAVED BEST*]
Epoch  350 | Val Loss: 0.3806 | Val Cost:    0.00 | Val Max P-Miss: 0.3112 | Val Max Q-Miss: 0.1011 | Val Max Gen Viol: 0.0000 | Val Max Thermal: 0.0000
Epoch  360 | Val Loss: 0.3839 | Val Cost:    0.00 | Val Max P-Miss: 0.2960 | Val Max Q-Miss: 0.1206 | Val Max Gen Viol: 0.0000 | Val Max Thermal: 0.0000
Epoch  370 | Val Loss: 0.3783 | Val Cost:    0.00 | Val Max P-Miss: 0.3243 | Val Max Q-Miss: 0.0828 | Val Max Gen Viol: 0.0000 | Val Max Thermal: 0.0000 [*SAVED BEST*]
Epoch  380 | Val Loss: 0.3752 | Val Cost:    0.00 | Val Max P-Miss: 0.3240 | Val Max Q-Miss: 0.0691 | Val Max Gen Viol: 0.0000 | Val Max Thermal: 0.0000 [*SAVED BEST*]
Epoch  390 | Val Loss: 0.3756 | Val Cost:    0.00 | Val Max P-Miss: 0.3262 | Val Max Q-Miss: 0.0656 | Val Max Gen Viol: 0.0000 | Val Max Thermal: 0.0000
Epoch  400 | Val Loss: 0.3769 | Val Cost:    0.00 | Val Max P-Miss: 0.3329 | Val Max Q-Miss: 0.0625 | Val Max Gen Viol: 0.0000 | Val Max Thermal: 0.0000
Epoch  410 | Val Loss: 0.3808 | Val Cost:    0.00 | Val Max P-Miss: 0.3229 | Val Max Q-Miss: 0.1112 | Val Max Gen Viol: 0.0000 | Val Max Thermal: 0.0000
Epoch  420 | Val Loss: 0.3934 | Val Cost:    0.00 | Val Max P-Miss: 0.2747 | Val Max Q-Miss: 0.1130 | Val Max Gen Viol: 0.0000 | Val Max Thermal: 0.0000
Epoch  430 | Val Loss: 0.3943 | Val Cost:    0.00 | Val Max P-Miss: 0.3070 | Val Max Q-Miss: 0.1225 | Val Max Gen Viol: 0.0000 | Val Max Thermal: 0.0000
Epoch  440 | Val Loss: 0.3781 | Val Cost:    0.00 | Val Max P-Miss: 0.2887 | Val Max Q-Miss: 0.0801 | Val Max Gen Viol: 0.0000 | Val Max Thermal: 0.0000
Epoch  450 | Val Loss: 0.3792 | Val Cost:    0.00 | Val Max P-Miss: 0.2948 | Val Max Q-Miss: 0.0785 | Val Max Gen Viol: 0.0000 | Val Max Thermal: 0.0000
Epoch  460 | Val Loss: 0.3758 | Val Cost:    0.00 | Val Max P-Miss: 0.2832 | Val Max Q-Miss: 0.0853 | Val Max Gen Viol: 0.0000 | Val Max Thermal: 0.0000
Epoch  470 | Val Loss: 0.3725 | Val Cost:    0.00 | Val Max P-Miss: 0.2827 | Val Max Q-Miss: 0.0670 | Val Max Gen Viol: 0.0000 | Val Max Thermal: 0.0000 [*SAVED BEST*]
Epoch  480 | Val Loss: 0.3894 | Val Cost:    0.00 | Val Max P-Miss: 0.3056 | Val Max Q-Miss: 0.0647 | Val Max Gen Viol: 0.0000 | Val Max Thermal: 0.0000
Epoch  490 | Val Loss: 0.3714 | Val Cost:    0.00 | Val Max P-Miss: 0.2722 | Val Max Q-Miss: 0.0645 | Val Max Gen Viol: 0.0000 | Val Max Thermal: 0.0000 [*SAVED BEST*]
Epoch  500 | Val Loss: 0.3768 | Val Cost:    0.00 | Val Max P-Miss: 0.3004 | Val Max Q-Miss: 0.0987 | Val Max Gen Viol: 0.0000 | Val Max Thermal: 0.0000
Epoch  510 | Val Loss: 0.3779 | Val Cost:    0.00 | Val Max P-Miss: 0.2865 | Val Max Q-Miss: 0.0926 | Val Max Gen Viol: 0.0000 | Val Max Thermal: 0.0000
Epoch  520 | Val Loss: 0.3729 | Val Cost:    0.00 | Val Max P-Miss: 0.2708 | Val Max Q-Miss: 0.1082 | Val Max Gen Viol: 0.0000 | Val Max Thermal: 0.0000
Epoch  530 | Val Loss: 0.3726 | Val Cost:    0.00 | Val Max P-Miss: 0.2781 | Val Max Q-Miss: 0.1423 | Val Max Gen Viol: 0.0000 | Val Max Thermal: 0.0000
Epoch  540 | Val Loss: 0.3703 | Val Cost:    0.00 | Val Max P-Miss: 0.2834 | Val Max Q-Miss: 0.1044 | Val Max Gen Viol: 0.0000 | Val Max Thermal: 0.0000 [*SAVED BEST*]
Epoch  550 | Val Loss: 0.3669 | Val Cost:    0.00 | Val Max P-Miss: 0.2840 | Val Max Q-Miss: 0.0897 | Val Max Gen Viol: 0.0000 | Val Max Thermal: 0.0000 [*SAVED BEST*]
Epoch  560 | Val Loss: 0.3704 | Val Cost:    0.00 | Val Max P-Miss: 0.2858 | Val Max Q-Miss: 0.0864 | Val Max Gen Viol: 0.0000 | Val Max Thermal: 0.0000
Epoch  570 | Val Loss: 0.3656 | Val Cost:    0.00 | Val Max P-Miss: 0.2798 | Val Max Q-Miss: 0.0844 | Val Max Gen Viol: 0.0000 | Val Max Thermal: 0.0000 [*SAVED BEST*]
Epoch  580 | Val Loss: 0.3693 | Val Cost:    0.00 | Val Max P-Miss: 0.2822 | Val Max Q-Miss: 0.1130 | Val Max Gen Viol: 0.0000 | Val Max Thermal: 0.0000
Epoch  590 | Val Loss: 0.3658 | Val Cost:    0.00 | Val Max P-Miss: 0.2777 | Val Max Q-Miss: 0.0887 | Val Max Gen Viol: 0.0000 | Val Max Thermal: 0.0000
Epoch  600 | Val Loss: 0.3668 | Val Cost:    0.00 | Val Max P-Miss: 0.2770 | Val Max Q-Miss: 0.0864 | Val Max Gen Viol: 0.0000 | Val Max Thermal: 0.0000
Epoch  610 | Val Loss: 0.3682 | Val Cost:    0.00 | Val Max P-Miss: 0.2779 | Val Max Q-Miss: 0.0736 | Val Max Gen Viol: 0.0000 | Val Max Thermal: 0.0000
Epoch  620 | Val Loss: 0.3780 | Val Cost:    0.00 | Val Max P-Miss: 0.2555 | Val Max Q-Miss: 0.1273 | Val Max Gen Viol: 0.0000 | Val Max Thermal: 0.0000
Epoch  630 | Val Loss: 0.4041 | Val Cost:    0.00 | Val Max P-Miss: 0.2980 | Val Max Q-Miss: 0.1085 | Val Max Gen Viol: 0.0000 | Val Max Thermal: 0.0000
Epoch  640 | Val Loss: 0.3696 | Val Cost:    0.00 | Val Max P-Miss: 0.2824 | Val Max Q-Miss: 0.0633 | Val Max Gen Viol: 0.0000 | Val Max Thermal: 0.0000
Epoch  650 | Val Loss: 0.3700 | Val Cost:    0.00 | Val Max P-Miss: 0.2665 | Val Max Q-Miss: 0.0485 | Val Max Gen Viol: 0.0000 | Val Max Thermal: 0.0000
Epoch  660 | Val Loss: 0.3660 | Val Cost:    0.00 | Val Max P-Miss: 0.2662 | Val Max Q-Miss: 0.0467 | Val Max Gen Viol: 0.0000 | Val Max Thermal: 0.0000
Epoch  670 | Val Loss: 0.3655 | Val Cost:    0.00 | Val Max P-Miss: 0.2649 | Val Max Q-Miss: 0.0438 | Val Max Gen Viol: 0.0000 | Val Max Thermal: 0.0000 [*SAVED BEST*]
Epoch  680 | Val Loss: 0.3658 | Val Cost:    0.00 | Val Max P-Miss: 0.2671 | Val Max Q-Miss: 0.0468 | Val Max Gen Viol: 0.0000 | Val Max Thermal: 0.0000
Epoch  690 | Val Loss: 0.3629 | Val Cost:    0.00 | Val Max P-Miss: 0.2529 | Val Max Q-Miss: 0.0535 | Val Max Gen Viol: 0.0000 | Val Max Thermal: 0.0000 [*SAVED BEST*]
Epoch  700 | Val Loss: 0.3662 | Val Cost:    0.00 | Val Max P-Miss: 0.2533 | Val Max Q-Miss: 0.0943 | Val Max Gen Viol: 0.0000 | Val Max Thermal: 0.0000
Epoch  710 | Val Loss: 0.3728 | Val Cost:    0.00 | Val Max P-Miss: 0.2645 | Val Max Q-Miss: 0.1419 | Val Max Gen Viol: 0.0000 | Val Max Thermal: 0.0000
Epoch  720 | Val Loss: 0.3669 | Val Cost:    0.00 | Val Max P-Miss: 0.2602 | Val Max Q-Miss: 0.1270 | Val Max Gen Viol: 0.0000 | Val Max Thermal: 0.0000
Epoch  730 | Val Loss: 0.3682 | Val Cost:    0.00 | Val Max P-Miss: 0.2595 | Val Max Q-Miss: 0.0409 | Val Max Gen Viol: 0.0000 | Val Max Thermal: 0.0000
Epoch  740 | Val Loss: 0.3684 | Val Cost:    0.00 | Val Max P-Miss: 0.2839 | Val Max Q-Miss: 0.0425 | Val Max Gen Viol: 0.0000 | Val Max Thermal: 0.0000
Epoch  750 | Val Loss: 0.3686 | Val Cost:    0.00 | Val Max P-Miss: 0.2943 | Val Max Q-Miss: 0.0502 | Val Max Gen Viol: 0.0000 | Val Max Thermal: 0.0000
Epoch  760 | Val Loss: 0.3659 | Val Cost:    0.00 | Val Max P-Miss: 0.3184 | Val Max Q-Miss: 0.0564 | Val Max Gen Viol: 0.0000 | Val Max Thermal: 0.0000
Epoch  770 | Val Loss: 0.3596 | Val Cost:    0.00 | Val Max P-Miss: 0.2624 | Val Max Q-Miss: 0.0605 | Val Max Gen Viol: 0.0000 | Val Max Thermal: 0.0000 [*SAVED BEST*]
Epoch  780 | Val Loss: 0.3682 | Val Cost:    0.00 | Val Max P-Miss: 0.3041 | Val Max Q-Miss: 0.0372 | Val Max Gen Viol: 0.0000 | Val Max Thermal: 0.0000
Epoch  790 | Val Loss: 0.3655 | Val Cost:    0.00 | Val Max P-Miss: 0.2925 | Val Max Q-Miss: 0.0354 | Val Max Gen Viol: 0.0000 | Val Max Thermal: 0.0000
Epoch  800 | Val Loss: 0.3664 | Val Cost:    0.00 | Val Max P-Miss: 0.2989 | Val Max Q-Miss: 0.0372 | Val Max Gen Viol: 0.0000 | Val Max Thermal: 0.0000
Epoch  810 | Val Loss: 0.3652 | Val Cost:    0.00 | Val Max P-Miss: 0.2903 | Val Max Q-Miss: 0.0375 | Val Max Gen Viol: 0.0000 | Val Max Thermal: 0.0000
Epoch  820 | Val Loss: 0.3647 | Val Cost:    0.00 | Val Max P-Miss: 0.2930 | Val Max Q-Miss: 0.0368 | Val Max Gen Viol: 0.0000 | Val Max Thermal: 0.0000
Epoch  830 | Val Loss: 0.3631 | Val Cost:    0.00 | Val Max P-Miss: 0.2831 | Val Max Q-Miss: 0.0377 | Val Max Gen Viol: 0.0000 | Val Max Thermal: 0.0000
Epoch  840 | Val Loss: 0.3630 | Val Cost:    0.00 | Val Max P-Miss: 0.2830 | Val Max Q-Miss: 0.0344 | Val Max Gen Viol: 0.0000 | Val Max Thermal: 0.0000
Epoch  850 | Val Loss: 0.3640 | Val Cost:    0.00 | Val Max P-Miss: 0.2900 | Val Max Q-Miss: 0.0549 | Val Max Gen Viol: 0.0000 | Val Max Thermal: 0.0000
Epoch  860 | Val Loss: 0.3615 | Val Cost:    0.00 | Val Max P-Miss: 0.2817 | Val Max Q-Miss: 0.0422 | Val Max Gen Viol: 0.0000 | Val Max Thermal: 0.0000
Epoch  870 | Val Loss: 0.3703 | Val Cost:    0.00 | Val Max P-Miss: 0.3104 | Val Max Q-Miss: 0.0821 | Val Max Gen Viol: 0.0000 | Val Max Thermal: 0.0000
Epoch  880 | Val Loss: 0.3644 | Val Cost:    0.00 | Val Max P-Miss: 0.2712 | Val Max Q-Miss: 0.0601 | Val Max Gen Viol: 0.0000 | Val Max Thermal: 0.0000
Epoch  890 | Val Loss: 0.3657 | Val Cost:    0.00 | Val Max P-Miss: 0.3052 | Val Max Q-Miss: 0.0433 | Val Max Gen Viol: 0.0000 | Val Max Thermal: 0.0000
Epoch  900 | Val Loss: 0.3640 | Val Cost:    0.00 | Val Max P-Miss: 0.2983 | Val Max Q-Miss: 0.0434 | Val Max Gen Viol: 0.0000 | Val Max Thermal: 0.0000
Epoch  910 | Val Loss: 0.3638 | Val Cost:    0.00 | Val Max P-Miss: 0.2871 | Val Max Q-Miss: 0.0467 | Val Max Gen Viol: 0.0000 | Val Max Thermal: 0.0000
Epoch  920 | Val Loss: 0.3577 | Val Cost:    0.00 | Val Max P-Miss: 0.2428 | Val Max Q-Miss: 0.0367 | Val Max Gen Viol: 0.0000 | Val Max Thermal: 0.0000 [*SAVED BEST*]
Epoch  930 | Val Loss: 0.3682 | Val Cost:    0.00 | Val Max P-Miss: 0.2690 | Val Max Q-Miss: 0.0364 | Val Max Gen Viol: 0.0000 | Val Max Thermal: 0.0000
Epoch  940 | Val Loss: 0.3640 | Val Cost:    0.00 | Val Max P-Miss: 0.2571 | Val Max Q-Miss: 0.0456 | Val Max Gen Viol: 0.0000 | Val Max Thermal: 0.0000
Epoch  950 | Val Loss: 0.3641 | Val Cost:    0.00 | Val Max P-Miss: 0.2734 | Val Max Q-Miss: 0.0336 | Val Max Gen Viol: 0.0000 | Val Max Thermal: 0.0000
Epoch  960 | Val Loss: 0.3633 | Val Cost:    0.00 | Val Max P-Miss: 0.2768 | Val Max Q-Miss: 0.0335 | Val Max Gen Viol: 0.0000 | Val Max Thermal: 0.0000
Epoch  970 | Val Loss: 0.3574 | Val Cost:    0.00 | Val Max P-Miss: 0.2488 | Val Max Q-Miss: 0.0424 | Val Max Gen Viol: 0.0000 | Val Max Thermal: 0.0000 [*SAVED BEST*]
Epoch  980 | Val Loss: 0.3647 | Val Cost:    0.00 | Val Max P-Miss: 0.2678 | Val Max Q-Miss: 0.0628 | Val Max Gen Viol: 0.0000 | Val Max Thermal: 0.0000
Epoch  990 | Val Loss: 0.3642 | Val Cost:    0.00 | Val Max P-Miss: 0.2843 | Val Max Q-Miss: 0.0468 | Val Max Gen Viol: 0.0000 | Val Max Thermal: 0.0000
Epoch 1000 | Val Loss: 0.3650 | Val Cost:    0.00 | Val Max P-Miss: 0.2906 | Val Max Q-Miss: 0.0849 | Val Max Gen Viol: 0.0000 | Val Max Thermal: 0.0000
Epoch 1010 | Val Loss: 0.3658 | Val Cost:    0.00 | Val Max P-Miss: 0.2972 | Val Max Q-Miss: 0.0607 | Val Max Gen Viol: 0.0000 | Val Max Thermal: 0.0000
Epoch 1020 | Val Loss: 0.3657 | Val Cost:    0.00 | Val Max P-Miss: 0.2959 | Val Max Q-Miss: 0.0374 | Val Max Gen Viol: 0.0000 | Val Max Thermal: 0.0000
Epoch 1030 | Val Loss: 0.3643 | Val Cost:    0.00 | Val Max P-Miss: 0.2860 | Val Max Q-Miss: 0.0421 | Val Max Gen Viol: 0.0000 | Val Max Thermal: 0.0000
Epoch 1040 | Val Loss: 0.3627 | Val Cost:    0.00 | Val Max P-Miss: 0.2827 | Val Max Q-Miss: 0.0361 | Val Max Gen Viol: 0.0000 | Val Max Thermal: 0.0000
Epoch 1050 | Val Loss: 0.3606 | Val Cost:    0.00 | Val Max P-Miss: 0.2646 | Val Max Q-Miss: 0.1070 | Val Max Gen Viol: 0.0000 | Val Max Thermal: 0.0000
Epoch 1060 | Val Loss: 0.3630 | Val Cost:    0.00 | Val Max P-Miss: 0.2697 | Val Max Q-Miss: 0.0911 | Val Max Gen Viol: 0.0000 | Val Max Thermal: 0.0000
Epoch 1070 | Val Loss: 0.3639 | Val Cost:    0.00 | Val Max P-Miss: 0.2770 | Val Max Q-Miss: 0.1147 | Val Max Gen Viol: 0.0000 | Val Max Thermal: 0.0000
Epoch 1080 | Val Loss: 0.3623 | Val Cost:    0.00 | Val Max P-Miss: 0.2632 | Val Max Q-Miss: 0.1758 | Val Max Gen Viol: 0.0000 | Val Max Thermal: 0.0000
Epoch 1090 | Val Loss: 0.3645 | Val Cost:    0.00 | Val Max P-Miss: 0.2666 | Val Max Q-Miss: 0.1421 | Val Max Gen Viol: 0.0000 | Val Max Thermal: 0.0000
Epoch 1100 | Val Loss: 0.3618 | Val Cost:    0.00 | Val Max P-Miss: 0.2756 | Val Max Q-Miss: 0.1132 | Val Max Gen Viol: 0.0000 | Val Max Thermal: 0.0000
Epoch 1110 | Val Loss: 0.3623 | Val Cost:    0.00 | Val Max P-Miss: 0.2685 | Val Max Q-Miss: 0.1756 | Val Max Gen Viol: 0.0000 | Val Max Thermal: 0.0000
Epoch 1120 | Val Loss: 0.3610 | Val Cost:    0.00 | Val Max P-Miss: 0.2724 | Val Max Q-Miss: 0.0375 | Val Max Gen Viol: 0.0000 | Val Max Thermal: 0.0000
Epoch 1130 | Val Loss: 0.3612 | Val Cost:    0.00 | Val Max P-Miss: 0.2720 | Val Max Q-Miss: 0.0589 | Val Max Gen Viol: 0.0000 | Val Max Thermal: 0.0000
Epoch 1140 | Val Loss: 0.3594 | Val Cost:    0.00 | Val Max P-Miss: 0.2574 | Val Max Q-Miss: 0.0656 | Val Max Gen Viol: 0.0000 | Val Max Thermal: 0.0000
Epoch 1150 | Val Loss: 0.3560 | Val Cost:    0.00 | Val Max P-Miss: 0.2554 | Val Max Q-Miss: 0.0370 | Val Max Gen Viol: 0.0000 | Val Max Thermal: 0.0000 [*SAVED BEST*]
Epoch 1160 | Val Loss: 0.3631 | Val Cost:    0.00 | Val Max P-Miss: 0.2917 | Val Max Q-Miss: 0.0832 | Val Max Gen Viol: 0.0000 | Val Max Thermal: 0.0000
Epoch 1170 | Val Loss: 0.3597 | Val Cost:    0.00 | Val Max P-Miss: 0.2590 | Val Max Q-Miss: 0.2609 | Val Max Gen Viol: 0.0000 | Val Max Thermal: 0.0000
Epoch 1180 | Val Loss: 0.3654 | Val Cost:    0.00 | Val Max P-Miss: 0.2511 | Val Max Q-Miss: 0.0733 | Val Max Gen Viol: 0.0000 | Val Max Thermal: 0.0000
Epoch 1190 | Val Loss: 0.3578 | Val Cost:    0.00 | Val Max P-Miss: 0.2286 | Val Max Q-Miss: 0.0980 | Val Max Gen Viol: 0.0000 | Val Max Thermal: 0.0000
Epoch 1200 | Val Loss: 0.3562 | Val Cost:    0.00 | Val Max P-Miss: 0.2463 | Val Max Q-Miss: 0.0393 | Val Max Gen Viol: 0.0000 | Val Max Thermal: 0.0000
Epoch 1210 | Val Loss: 0.3651 | Val Cost:    0.00 | Val Max P-Miss: 0.2437 | Val Max Q-Miss: 0.0746 | Val Max Gen Viol: 0.0000 | Val Max Thermal: 0.0000
Epoch 1220 | Val Loss: 0.3559 | Val Cost:    0.00 | Val Max P-Miss: 0.2326 | Val Max Q-Miss: 0.0427 | Val Max Gen Viol: 0.0000 | Val Max Thermal: 0.0000 [*SAVED BEST*]
Epoch 1230 | Val Loss: 0.3584 | Val Cost:    0.00 | Val Max P-Miss: 0.2480 | Val Max Q-Miss: 0.0404 | Val Max Gen Viol: 0.0000 | Val Max Thermal: 0.0000
Epoch 1240 | Val Loss: 0.3568 | Val Cost:    0.00 | Val Max P-Miss: 0.2375 | Val Max Q-Miss: 0.0414 | Val Max Gen Viol: 0.0000 | Val Max Thermal: 0.0000
Epoch 1250 | Val Loss: 0.3574 | Val Cost:    0.00 | Val Max P-Miss: 0.2376 | Val Max Q-Miss: 0.1120 | Val Max Gen Viol: 0.0000 | Val Max Thermal: 0.0000
Epoch 1260 | Val Loss: 0.3656 | Val Cost:    0.00 | Val Max P-Miss: 0.2546 | Val Max Q-Miss: 0.0353 | Val Max Gen Viol: 0.0000 | Val Max Thermal: 0.0000
Epoch 1270 | Val Loss: 0.3560 | Val Cost:    0.00 | Val Max P-Miss: 0.2298 | Val Max Q-Miss: 0.0389 | Val Max Gen Viol: 0.0000 | Val Max Thermal: 0.0000
Epoch 1280 | Val Loss: 0.3698 | Val Cost:    0.00 | Val Max P-Miss: 0.3050 | Val Max Q-Miss: 0.0461 | Val Max Gen Viol: 0.0000 | Val Max Thermal: 0.0000
Epoch 1290 | Val Loss: 0.3664 | Val Cost:    0.00 | Val Max P-Miss: 0.2657 | Val Max Q-Miss: 0.0374 | Val Max Gen Viol: 0.0000 | Val Max Thermal: 0.0000
Epoch 1300 | Val Loss: 0.3637 | Val Cost:    0.00 | Val Max P-Miss: 0.2456 | Val Max Q-Miss: 0.0342 | Val Max Gen Viol: 0.0000 | Val Max Thermal: 0.0000
Epoch 1310 | Val Loss: 0.3561 | Val Cost:    0.00 | Val Max P-Miss: 0.2340 | Val Max Q-Miss: 0.0385 | Val Max Gen Viol: 0.0000 | Val Max Thermal: 0.0000
Epoch 1320 | Val Loss: 0.3587 | Val Cost:    0.00 | Val Max P-Miss: 0.2510 | Val Max Q-Miss: 0.0408 | Val Max Gen Viol: 0.0000 | Val Max Thermal: 0.0000
Epoch 1330 | Val Loss: 0.3761 | Val Cost:    0.00 | Val Max P-Miss: 0.2661 | Val Max Q-Miss: 0.1045 | Val Max Gen Viol: 0.0000 | Val Max Thermal: 0.0000
Epoch 1340 | Val Loss: 0.3643 | Val Cost:    0.00 | Val Max P-Miss: 0.2867 | Val Max Q-Miss: 0.0426 | Val Max Gen Viol: 0.0000 | Val Max Thermal: 0.0000
Epoch 1350 | Val Loss: 0.3646 | Val Cost:    0.00 | Val Max P-Miss: 0.2838 | Val Max Q-Miss: 0.0870 | Val Max Gen Viol: 0.0000 | Val Max Thermal: 0.0000
Epoch 1360 | Val Loss: 0.3607 | Val Cost:    0.00 | Val Max P-Miss: 0.2643 | Val Max Q-Miss: 0.0764 | Val Max Gen Viol: 0.0000 | Val Max Thermal: 0.0000
Epoch 1370 | Val Loss: 0.3617 | Val Cost:    0.00 | Val Max P-Miss: 0.2759 | Val Max Q-Miss: 0.0369 | Val Max Gen Viol: 0.0000 | Val Max Thermal: 0.0000
Epoch 1380 | Val Loss: 0.3625 | Val Cost:    0.00 | Val Max P-Miss: 0.2762 | Val Max Q-Miss: 0.0368 | Val Max Gen Viol: 0.0000 | Val Max Thermal: 0.0000
Epoch 1390 | Val Loss: 0.3611 | Val Cost:    0.00 | Val Max P-Miss: 0.2623 | Val Max Q-Miss: 0.0558 | Val Max Gen Viol: 0.0000 | Val Max Thermal: 0.0000
Epoch 1400 | Val Loss: 0.3615 | Val Cost:    0.00 | Val Max P-Miss: 0.2666 | Val Max Q-Miss: 0.0382 | Val Max Gen Viol: 0.0000 | Val Max Thermal: 0.0000
Epoch 1410 | Val Loss: 0.3622 | Val Cost:    0.00 | Val Max P-Miss: 0.2683 | Val Max Q-Miss: 0.1551 | Val Max Gen Viol: 0.0000 | Val Max Thermal: 0.0000
Epoch 1420 | Val Loss: 0.3617 | Val Cost:    0.00 | Val Max P-Miss: 0.2682 | Val Max Q-Miss: 0.0517 | Val Max Gen Viol: 0.0000 | Val Max Thermal: 0.0000
Epoch 1430 | Val Loss: 0.3618 | Val Cost:    0.00 | Val Max P-Miss: 0.2630 | Val Max Q-Miss: 0.0868 | Val Max Gen Viol: 0.0000 | Val Max Thermal: 0.0000
Epoch 1440 | Val Loss: 0.3635 | Val Cost:    0.00 | Val Max P-Miss: 0.2635 | Val Max Q-Miss: 0.0937 | Val Max Gen Viol: 0.0000 | Val Max Thermal: 0.0000
Epoch 1450 | Val Loss: 0.3560 | Val Cost:    0.00 | Val Max P-Miss: 0.2352 | Val Max Q-Miss: 0.0361 | Val Max Gen Viol: 0.0000 | Val Max Thermal: 0.0000
Epoch 1460 | Val Loss: 0.3557 | Val Cost:    0.00 | Val Max P-Miss: 0.2313 | Val Max Q-Miss: 0.0363 | Val Max Gen Viol: 0.0000 | Val Max Thermal: 0.0000 [*SAVED BEST*]
Epoch 1470 | Val Loss: 0.3575 | Val Cost:    0.00 | Val Max P-Miss: 0.2587 | Val Max Q-Miss: 0.0400 | Val Max Gen Viol: 0.0000 | Val Max Thermal: 0.0000
Epoch 1480 | Val Loss: 0.3557 | Val Cost:    0.00 | Val Max P-Miss: 0.2303 | Val Max Q-Miss: 0.0367 | Val Max Gen Viol: 0.0000 | Val Max Thermal: 0.0000
Epoch 1490 | Val Loss: 0.3787 | Val Cost:    0.00 | Val Max P-Miss: 0.2793 | Val Max Q-Miss: 0.0515 | Val Max Gen Viol: 0.0000 | Val Max Thermal: 0.0000
Epoch 1500 | Val Loss: 0.3559 | Val Cost:    0.00 | Val Max P-Miss: 0.2296 | Val Max Q-Miss: 0.0445 | Val Max Gen Viol: 0.0000 | Val Max Thermal: 0.0000
Epoch 1510 | Val Loss: 0.3566 | Val Cost:    0.00 | Val Max P-Miss: 0.2362 | Val Max Q-Miss: 0.0681 | Val Max Gen Viol: 0.0000 | Val Max Thermal: 0.0000
Epoch 1520 | Val Loss: 0.3571 | Val Cost:    0.00 | Val Max P-Miss: 0.2462 | Val Max Q-Miss: 0.0512 | Val Max Gen Viol: 0.0000 | Val Max Thermal: 0.0000
Epoch 1530 | Val Loss: 0.3602 | Val Cost:    0.00 | Val Max P-Miss: 0.2487 | Val Max Q-Miss: 0.0516 | Val Max Gen Viol: 0.0000 | Val Max Thermal: 0.0000
Epoch 1540 | Val Loss: 0.3558 | Val Cost:    0.00 | Val Max P-Miss: 0.2393 | Val Max Q-Miss: 0.0398 | Val Max Gen Viol: 0.0000 | Val Max Thermal: 0.0000
Epoch 1550 | Val Loss: 0.3568 | Val Cost:    0.00 | Val Max P-Miss: 0.2300 | Val Max Q-Miss: 0.1092 | Val Max Gen Viol: 0.0000 | Val Max Thermal: 0.0000
Epoch 1560 | Val Loss: 0.3576 | Val Cost:    0.00 | Val Max P-Miss: 0.2578 | Val Max Q-Miss: 0.0796 | Val Max Gen Viol: 0.0000 | Val Max Thermal: 0.0000
Epoch 1570 | Val Loss: 0.3736 | Val Cost:    0.00 | Val Max P-Miss: 0.2986 | Val Max Q-Miss: 0.1361 | Val Max Gen Viol: 0.0000 | Val Max Thermal: 0.0000
Epoch 1580 | Val Loss: 0.3564 | Val Cost:    0.00 | Val Max P-Miss: 0.2269 | Val Max Q-Miss: 0.0830 | Val Max Gen Viol: 0.0000 | Val Max Thermal: 0.0000
Epoch 1590 | Val Loss: 0.3622 | Val Cost:    0.00 | Val Max P-Miss: 0.2557 | Val Max Q-Miss: 0.0925 | Val Max Gen Viol: 0.0000 | Val Max Thermal: 0.0000
Epoch 1600 | Val Loss: 0.3578 | Val Cost:    0.00 | Val Max P-Miss: 0.2460 | Val Max Q-Miss: 0.1129 | Val Max Gen Viol: 0.0000 | Val Max Thermal: 0.0000
Epoch 1610 | Val Loss: 0.3590 | Val Cost:    0.00 | Val Max P-Miss: 0.2414 | Val Max Q-Miss: 0.1173 | Val Max Gen Viol: 0.0000 | Val Max Thermal: 0.0000
Epoch 1620 | Val Loss: 0.3589 | Val Cost:    0.00 | Val Max P-Miss: 0.2398 | Val Max Q-Miss: 0.1776 | Val Max Gen Viol: 0.0000 | Val Max Thermal: 0.0000
Epoch 1630 | Val Loss: 0.3593 | Val Cost:    0.00 | Val Max P-Miss: 0.2598 | Val Max Q-Miss: 0.1102 | Val Max Gen Viol: 0.0000 | Val Max Thermal: 0.0000
Epoch 1640 | Val Loss: 0.3618 | Val Cost:    0.00 | Val Max P-Miss: 0.2486 | Val Max Q-Miss: 0.1789 | Val Max Gen Viol: 0.0000 | Val Max Thermal: 0.0000
Epoch 1650 | Val Loss: 0.3580 | Val Cost:    0.00 | Val Max P-Miss: 0.2590 | Val Max Q-Miss: 0.1045 | Val Max Gen Viol: 0.0000 | Val Max Thermal: 0.0000
Epoch 1660 | Val Loss: 0.3622 | Val Cost:    0.00 | Val Max P-Miss: 0.2420 | Val Max Q-Miss: 0.1086 | Val Max Gen Viol: 0.0000 | Val Max Thermal: 0.0000
Epoch 1670 | Val Loss: 0.3568 | Val Cost:    0.00 | Val Max P-Miss: 0.2208 | Val Max Q-Miss: 0.0387 | Val Max Gen Viol: 0.0000 | Val Max Thermal: 0.0000
Epoch 1680 | Val Loss: 0.3946 | Val Cost:    0.00 | Val Max P-Miss: 0.3509 | Val Max Q-Miss: 0.0818 | Val Max Gen Viol: 0.0000 | Val Max Thermal: 0.0000
Epoch 1690 | Val Loss: 0.3580 | Val Cost:    0.00 | Val Max P-Miss: 0.2247 | Val Max Q-Miss: 0.0738 | Val Max Gen Viol: 0.0000 | Val Max Thermal: 0.0000
Epoch 1700 | Val Loss: 0.3561 | Val Cost:    0.00 | Val Max P-Miss: 0.2322 | Val Max Q-Miss: 0.0379 | Val Max Gen Viol: 0.0000 | Val Max Thermal: 0.0000
Epoch 1710 | Val Loss: 0.3709 | Val Cost:    0.00 | Val Max P-Miss: 0.3042 | Val Max Q-Miss: 0.0418 | Val Max Gen Viol: 0.0000 | Val Max Thermal: 0.0000
Epoch 1720 | Val Loss: 0.3560 | Val Cost:    0.00 | Val Max P-Miss: 0.2221 | Val Max Q-Miss: 0.0378 | Val Max Gen Viol: 0.0000 | Val Max Thermal: 0.0000
Epoch 1730 | Val Loss: 0.3557 | Val Cost:    0.00 | Val Max P-Miss: 0.2214 | Val Max Q-Miss: 0.0369 | Val Max Gen Viol: 0.0000 | Val Max Thermal: 0.0000
Epoch 1740 | Val Loss: 0.3580 | Val Cost:    0.00 | Val Max P-Miss: 0.2439 | Val Max Q-Miss: 0.0509 | Val Max Gen Viol: 0.0000 | Val Max Thermal: 0.0000
Epoch 1750 | Val Loss: 0.3561 | Val Cost:    0.00 | Val Max P-Miss: 0.2218 | Val Max Q-Miss: 0.0510 | Val Max Gen Viol: 0.0000 | Val Max Thermal: 0.0000
Epoch 1760 | Val Loss: 0.3559 | Val Cost:    0.00 | Val Max P-Miss: 0.2208 | Val Max Q-Miss: 0.0392 | Val Max Gen Viol: 0.0000 | Val Max Thermal: 0.0000
Epoch 1770 | Val Loss: 0.3696 | Val Cost:    0.00 | Val Max P-Miss: 0.2894 | Val Max Q-Miss: 0.0461 | Val Max Gen Viol: 0.0000 | Val Max Thermal: 0.0000
Epoch 1780 | Val Loss: 0.3560 | Val Cost:    0.00 | Val Max P-Miss: 0.2222 | Val Max Q-Miss: 0.0850 | Val Max Gen Viol: 0.0000 | Val Max Thermal: 0.0000
Epoch 1790 | Val Loss: 0.3559 | Val Cost:    0.00 | Val Max P-Miss: 0.2342 | Val Max Q-Miss: 0.0376 | Val Max Gen Viol: 0.0000 | Val Max Thermal: 0.0000
Epoch 1800 | Val Loss: 0.3606 | Val Cost:    0.00 | Val Max P-Miss: 0.2602 | Val Max Q-Miss: 0.0372 | Val Max Gen Viol: 0.0000 | Val Max Thermal: 0.0000
Epoch 1810 | Val Loss: 0.3558 | Val Cost:    0.00 | Val Max P-Miss: 0.2259 | Val Max Q-Miss: 0.0389 | Val Max Gen Viol: 0.0000 | Val Max Thermal: 0.0000
Epoch 1820 | Val Loss: 0.3563 | Val Cost:    0.00 | Val Max P-Miss: 0.2279 | Val Max Q-Miss: 0.0360 | Val Max Gen Viol: 0.0000 | Val Max Thermal: 0.0000
Epoch 1830 | Val Loss: 0.3573 | Val Cost:    0.00 | Val Max P-Miss: 0.2381 | Val Max Q-Miss: 0.0372 | Val Max Gen Viol: 0.0000 | Val Max Thermal: 0.0000
Epoch 1840 | Val Loss: 0.3597 | Val Cost:    0.00 | Val Max P-Miss: 0.2389 | Val Max Q-Miss: 0.0491 | Val Max Gen Viol: 0.0000 | Val Max Thermal: 0.0000
Epoch 1850 | Val Loss: 0.3559 | Val Cost:    0.00 | Val Max P-Miss: 0.2221 | Val Max Q-Miss: 0.0366 | Val Max Gen Viol: 0.0000 | Val Max Thermal: 0.0000
Epoch 1860 | Val Loss: 0.3560 | Val Cost:    0.00 | Val Max P-Miss: 0.2471 | Val Max Q-Miss: 0.0383 | Val Max Gen Viol: 0.0000 | Val Max Thermal: 0.0000
Epoch 1870 | Val Loss: 0.3601 | Val Cost:    0.00 | Val Max P-Miss: 0.2467 | Val Max Q-Miss: 0.0444 | Val Max Gen Viol: 0.0000 | Val Max Thermal: 0.0000
Epoch 1880 | Val Loss: 0.3557 | Val Cost:    0.00 | Val Max P-Miss: 0.2242 | Val Max Q-Miss: 0.0360 | Val Max Gen Viol: 0.0000 | Val Max Thermal: 0.0000
Epoch 1890 | Val Loss: 0.3730 | Val Cost:    0.00 | Val Max P-Miss: 0.2813 | Val Max Q-Miss: 0.1554 | Val Max Gen Viol: 0.0000 | Val Max Thermal: 0.0000
Epoch 1900 | Val Loss: 0.3652 | Val Cost:    0.00 | Val Max P-Miss: 0.2648 | Val Max Q-Miss: 0.1333 | Val Max Gen Viol: 0.0000 | Val Max Thermal: 0.0000
Epoch 1910 | Val Loss: 0.3636 | Val Cost:    0.00 | Val Max P-Miss: 0.2593 | Val Max Q-Miss: 0.0580 | Val Max Gen Viol: 0.0000 | Val Max Thermal: 0.0000
Epoch 1920 | Val Loss: 0.3629 | Val Cost:    0.00 | Val Max P-Miss: 0.2475 | Val Max Q-Miss: 0.0482 | Val Max Gen Viol: 0.0000 | Val Max Thermal: 0.0000
Epoch 1930 | Val Loss: 0.3625 | Val Cost:    0.00 | Val Max P-Miss: 0.2489 | Val Max Q-Miss: 0.0695 | Val Max Gen Viol: 0.0000 | Val Max Thermal: 0.0000
Epoch 1940 | Val Loss: 0.3566 | Val Cost:    0.00 | Val Max P-Miss: 0.2501 | Val Max Q-Miss: 0.0417 | Val Max Gen Viol: 0.0000 | Val Max Thermal: 0.0000
Epoch 1950 | Val Loss: 0.3558 | Val Cost:    0.00 | Val Max P-Miss: 0.2236 | Val Max Q-Miss: 0.0361 | Val Max Gen Viol: 0.0000 | Val Max Thermal: 0.0000
Epoch 1960 | Val Loss: 0.3556 | Val Cost:    0.00 | Val Max P-Miss: 0.2181 | Val Max Q-Miss: 0.0361 | Val Max Gen Viol: 0.0000 | Val Max Thermal: 0.0000 [*SAVED BEST*]
Epoch 1970 | Val Loss: 0.3564 | Val Cost:    0.00 | Val Max P-Miss: 0.2174 | Val Max Q-Miss: 0.0825 | Val Max Gen Viol: 0.0000 | Val Max Thermal: 0.0000
Epoch 1980 | Val Loss: 0.3557 | Val Cost:    0.00 | Val Max P-Miss: 0.2319 | Val Max Q-Miss: 0.0468 | Val Max Gen Viol: 0.0000 | Val Max Thermal: 0.0000
Epoch 1990 | Val Loss: 0.3556 | Val Cost:    0.00 | Val Max P-Miss: 0.2224 | Val Max Q-Miss: 0.0352 | Val Max Gen Viol: 0.0000 | Val Max Thermal: 0.0000 [*SAVED BEST*]
Epoch 2000 | Val Loss: 0.3568 | Val Cost:    0.00 | Val Max P-Miss: 0.2370 | Val Max Q-Miss: 0.0749 | Val Max Gen Viol: 0.0000 | Val Max Thermal: 0.0000
Epoch 2010 | Val Loss: 0.3559 | Val Cost:    0.00 | Val Max P-Miss: 0.2365 | Val Max Q-Miss: 0.0560 | Val Max Gen Viol: 0.0000 | Val Max Thermal: 0.0000
Epoch 2020 | Val Loss: 0.3740 | Val Cost:    0.00 | Val Max P-Miss: 0.2914 | Val Max Q-Miss: 0.0505 | Val Max Gen Viol: 0.0000 | Val Max Thermal: 0.0000
Epoch 2030 | Val Loss: 0.3564 | Val Cost:    0.00 | Val Max P-Miss: 0.2248 | Val Max Q-Miss: 0.0984 | Val Max Gen Viol: 0.0000 | Val Max Thermal: 0.0000
Epoch 2040 | Val Loss: 0.3564 | Val Cost:    0.00 | Val Max P-Miss: 0.2421 | Val Max Q-Miss: 0.0427 | Val Max Gen Viol: 0.0000 | Val Max Thermal: 0.0000
Epoch 2050 | Val Loss: 0.3556 | Val Cost:    0.00 | Val Max P-Miss: 0.2261 | Val Max Q-Miss: 0.0360 | Val Max Gen Viol: 0.0000 | Val Max Thermal: 0.0000
Epoch 2060 | Val Loss: 0.3974 | Val Cost:    0.00 | Val Max P-Miss: 0.3500 | Val Max Q-Miss: 0.0526 | Val Max Gen Viol: 0.0000 | Val Max Thermal: 0.0000
Epoch 2070 | Val Loss: 0.3561 | Val Cost:    0.00 | Val Max P-Miss: 0.2294 | Val Max Q-Miss: 0.0354 | Val Max Gen Viol: 0.0000 | Val Max Thermal: 0.0000
Epoch 2080 | Val Loss: 0.3559 | Val Cost:    0.00 | Val Max P-Miss: 0.2257 | Val Max Q-Miss: 0.0319 | Val Max Gen Viol: 0.0000 | Val Max Thermal: 0.0000
Epoch 2090 | Val Loss: 0.3557 | Val Cost:    0.00 | Val Max P-Miss: 0.2280 | Val Max Q-Miss: 0.0349 | Val Max Gen Viol: 0.0000 | Val Max Thermal: 0.0000
Epoch 2100 | Val Loss: 0.3561 | Val Cost:    0.00 | Val Max P-Miss: 0.2263 | Val Max Q-Miss: 0.1044 | Val Max Gen Viol: 0.0000 | Val Max Thermal: 0.0000
Epoch 2110 | Val Loss: 0.3571 | Val Cost:    0.00 | Val Max P-Miss: 0.2419 | Val Max Q-Miss: 0.0329 | Val Max Gen Viol: 0.0000 | Val Max Thermal: 0.0000
Epoch 2120 | Val Loss: 0.3573 | Val Cost:    0.00 | Val Max P-Miss: 0.2719 | Val Max Q-Miss: 0.1120 | Val Max Gen Viol: 0.0000 | Val Max Thermal: 0.0000
Epoch 2130 | Val Loss: 0.3593 | Val Cost:    0.00 | Val Max P-Miss: 0.2475 | Val Max Q-Miss: 0.0835 | Val Max Gen Viol: 0.0000 | Val Max Thermal: 0.0000
Epoch 2140 | Val Loss: 0.3556 | Val Cost:    0.00 | Val Max P-Miss: 0.2368 | Val Max Q-Miss: 0.0649 | Val Max Gen Viol: 0.0000 | Val Max Thermal: 0.0000
Epoch 2150 | Val Loss: 0.3554 | Val Cost:    0.00 | Val Max P-Miss: 0.2357 | Val Max Q-Miss: 0.0349 | Val Max Gen Viol: 0.0000 | Val Max Thermal: 0.0000 [*SAVED BEST*]
Epoch 2160 | Val Loss: 0.3563 | Val Cost:    0.00 | Val Max P-Miss: 0.2305 | Val Max Q-Miss: 0.0401 | Val Max Gen Viol: 0.0000 | Val Max Thermal: 0.0000
Epoch 2170 | Val Loss: 0.3574 | Val Cost:    0.00 | Val Max P-Miss: 0.2294 | Val Max Q-Miss: 0.0763 | Val Max Gen Viol: 0.0000 | Val Max Thermal: 0.0000
Epoch 2180 | Val Loss: 0.3578 | Val Cost:    0.00 | Val Max P-Miss: 0.2509 | Val Max Q-Miss: 0.0863 | Val Max Gen Viol: 0.0000 | Val Max Thermal: 0.0000
Epoch 2190 | Val Loss: 0.3606 | Val Cost:    0.00 | Val Max P-Miss: 0.2384 | Val Max Q-Miss: 0.1972 | Val Max Gen Viol: 0.0000 | Val Max Thermal: 0.0000
Epoch 2200 | Val Loss: 0.3596 | Val Cost:    0.00 | Val Max P-Miss: 0.2391 | Val Max Q-Miss: 0.1521 | Val Max Gen Viol: 0.0000 | Val Max Thermal: 0.0000
Epoch 2210 | Val Loss: 0.3559 | Val Cost:    0.00 | Val Max P-Miss: 0.2359 | Val Max Q-Miss: 0.0773 | Val Max Gen Viol: 0.0000 | Val Max Thermal: 0.0000
Epoch 2220 | Val Loss: 0.3573 | Val Cost:    0.00 | Val Max P-Miss: 0.2457 | Val Max Q-Miss: 0.0764 | Val Max Gen Viol: 0.0000 | Val Max Thermal: 0.0000
Epoch 2230 | Val Loss: 0.3567 | Val Cost:    0.00 | Val Max P-Miss: 0.2410 | Val Max Q-Miss: 0.0477 | Val Max Gen Viol: 0.0000 | Val Max Thermal: 0.0000
Epoch 2240 | Val Loss: 0.3576 | Val Cost:    0.00 | Val Max P-Miss: 0.2265 | Val Max Q-Miss: 0.1030 | Val Max Gen Viol: 0.0000 | Val Max Thermal: 0.0000
Epoch 2250 | Val Loss: 0.3563 | Val Cost:    0.00 | Val Max P-Miss: 0.2319 | Val Max Q-Miss: 0.0491 | Val Max Gen Viol: 0.0000 | Val Max Thermal: 0.0000
Epoch 2260 | Val Loss: 0.3562 | Val Cost:    0.00 | Val Max P-Miss: 0.2317 | Val Max Q-Miss: 0.0328 | Val Max Gen Viol: 0.0000 | Val Max Thermal: 0.0000
Epoch 2270 | Val Loss: 0.3564 | Val Cost:    0.00 | Val Max P-Miss: 0.2299 | Val Max Q-Miss: 0.0882 | Val Max Gen Viol: 0.0000 | Val Max Thermal: 0.0000
Epoch 2280 | Val Loss: 0.3603 | Val Cost:    0.00 | Val Max P-Miss: 0.2672 | Val Max Q-Miss: 0.0774 | Val Max Gen Viol: 0.0000 | Val Max Thermal: 0.0000
Epoch 2290 | Val Loss: 0.3561 | Val Cost:    0.00 | Val Max P-Miss: 0.2276 | Val Max Q-Miss: 0.0340 | Val Max Gen Viol: 0.0000 | Val Max Thermal: 0.0000
Epoch 2300 | Val Loss: 0.3558 | Val Cost:    0.00 | Val Max P-Miss: 0.2238 | Val Max Q-Miss: 0.0334 | Val Max Gen Viol: 0.0000 | Val Max Thermal: 0.0000
Epoch 2310 | Val Loss: 0.4166 | Val Cost:    0.00 | Val Max P-Miss: 0.3532 | Val Max Q-Miss: 0.1490 | Val Max Gen Viol: 0.0000 | Val Max Thermal: 0.0000
Epoch 2320 | Val Loss: 0.3559 | Val Cost:    0.00 | Val Max P-Miss: 0.2292 | Val Max Q-Miss: 0.0355 | Val Max Gen Viol: 0.0000 | Val Max Thermal: 0.0000
Epoch 2330 | Val Loss: 0.3560 | Val Cost:    0.00 | Val Max P-Miss: 0.2285 | Val Max Q-Miss: 0.0996 | Val Max Gen Viol: 0.0000 | Val Max Thermal: 0.0000
Epoch 2340 | Val Loss: 0.3565 | Val Cost:    0.00 | Val Max P-Miss: 0.2313 | Val Max Q-Miss: 0.0695 | Val Max Gen Viol: 0.0000 | Val Max Thermal: 0.0000
Epoch 2350 | Val Loss: 0.3574 | Val Cost:    0.00 | Val Max P-Miss: 0.2726 | Val Max Q-Miss: 0.0791 | Val Max Gen Viol: 0.0000 | Val Max Thermal: 0.0000
Epoch 2360 | Val Loss: 0.3577 | Val Cost:    0.00 | Val Max P-Miss: 0.2352 | Val Max Q-Miss: 0.0714 | Val Max Gen Viol: 0.0000 | Val Max Thermal: 0.0000
Epoch 2370 | Val Loss: 0.3668 | Val Cost:    0.00 | Val Max P-Miss: 0.2622 | Val Max Q-Miss: 0.1141 | Val Max Gen Viol: 0.0000 | Val Max Thermal: 0.0000
Epoch 2380 | Val Loss: 0.3631 | Val Cost:    0.00 | Val Max P-Miss: 0.2779 | Val Max Q-Miss: 0.0499 | Val Max Gen Viol: 0.0000 | Val Max Thermal: 0.0000
Epoch 2390 | Val Loss: 0.3617 | Val Cost:    0.00 | Val Max P-Miss: 0.2654 | Val Max Q-Miss: 0.0562 | Val Max Gen Viol: 0.0000 | Val Max Thermal: 0.0000
Epoch 2400 | Val Loss: 0.3616 | Val Cost:    0.00 | Val Max P-Miss: 0.2592 | Val Max Q-Miss: 0.0703 | Val Max Gen Viol: 0.0000 | Val Max Thermal: 0.0000
Epoch 2410 | Val Loss: 0.3568 | Val Cost:    0.00 | Val Max P-Miss: 0.2272 | Val Max Q-Miss: 0.0499 | Val Max Gen Viol: 0.0000 | Val Max Thermal: 0.0000
Epoch 2420 | Val Loss: 0.3558 | Val Cost:    0.00 | Val Max P-Miss: 0.2310 | Val Max Q-Miss: 0.0417 | Val Max Gen Viol: 0.0000 | Val Max Thermal: 0.0000
Epoch 2430 | Val Loss: 0.3557 | Val Cost:    0.00 | Val Max P-Miss: 0.2317 | Val Max Q-Miss: 0.0339 | Val Max Gen Viol: 0.0000 | Val Max Thermal: 0.0000
Epoch 2440 | Val Loss: 0.3554 | Val Cost:    0.00 | Val Max P-Miss: 0.2273 | Val Max Q-Miss: 0.0526 | Val Max Gen Viol: 0.0000 | Val Max Thermal: 0.0000
Epoch 2450 | Val Loss: 0.3560 | Val Cost:    0.00 | Val Max P-Miss: 0.2223 | Val Max Q-Miss: 0.0686 | Val Max Gen Viol: 0.0000 | Val Max Thermal: 0.0000
Epoch 2460 | Val Loss: 0.3555 | Val Cost:    0.00 | Val Max P-Miss: 0.2261 | Val Max Q-Miss: 0.0413 | Val Max Gen Viol: 0.0000 | Val Max Thermal: 0.0000
Epoch 2470 | Val Loss: 0.3555 | Val Cost:    0.00 | Val Max P-Miss: 0.2248 | Val Max Q-Miss: 0.0323 | Val Max Gen Viol: 0.0000 | Val Max Thermal: 0.0000
Epoch 2480 | Val Loss: 0.3579 | Val Cost:    0.00 | Val Max P-Miss: 0.2249 | Val Max Q-Miss: 0.0460 | Val Max Gen Viol: 0.0000 | Val Max Thermal: 0.0000
Epoch 2490 | Val Loss: 0.3568 | Val Cost:    0.00 | Val Max P-Miss: 0.2379 | Val Max Q-Miss: 0.0596 | Val Max Gen Viol: 0.0000 | Val Max Thermal: 0.0000
Epoch 2500 | Val Loss: 0.3565 | Val Cost:    0.00 | Val Max P-Miss: 0.2339 | Val Max Q-Miss: 0.1322 | Val Max Gen Viol: 0.0000 | Val Max Thermal: 0.0000
Epoch 2510 | Val Loss: 0.3585 | Val Cost:    0.00 | Val Max P-Miss: 0.2614 | Val Max Q-Miss: 0.0990 | Val Max Gen Viol: 0.0000 | Val Max Thermal: 0.0000
Epoch 2520 | Val Loss: 0.3590 | Val Cost:    0.00 | Val Max P-Miss: 0.2388 | Val Max Q-Miss: 0.1266 | Val Max Gen Viol: 0.0000 | Val Max Thermal: 0.0000
Epoch 2530 | Val Loss: 0.3564 | Val Cost:    0.00 | Val Max P-Miss: 0.2214 | Val Max Q-Miss: 0.0533 | Val Max Gen Viol: 0.0000 | Val Max Thermal: 0.0000
Epoch 2540 | Val Loss: 0.3563 | Val Cost:    0.00 | Val Max P-Miss: 0.2307 | Val Max Q-Miss: 0.0349 | Val Max Gen Viol: 0.0000 | Val Max Thermal: 0.0000
Epoch 2550 | Val Loss: 0.3556 | Val Cost:    0.00 | Val Max P-Miss: 0.2274 | Val Max Q-Miss: 0.0386 | Val Max Gen Viol: 0.0000 | Val Max Thermal: 0.0000
Epoch 2560 | Val Loss: 0.3653 | Val Cost:    0.00 | Val Max P-Miss: 0.2788 | Val Max Q-Miss: 0.0400 | Val Max Gen Viol: 0.0000 | Val Max Thermal: 0.0000
Epoch 2570 | Val Loss: 0.3559 | Val Cost:    0.00 | Val Max P-Miss: 0.2287 | Val Max Q-Miss: 0.0347 | Val Max Gen Viol: 0.0000 | Val Max Thermal: 0.0000
Epoch 2580 | Val Loss: 0.3556 | Val Cost:    0.00 | Val Max P-Miss: 0.2221 | Val Max Q-Miss: 0.0326 | Val Max Gen Viol: 0.0000 | Val Max Thermal: 0.0000
Epoch 2590 | Val Loss: 0.3591 | Val Cost:    0.00 | Val Max P-Miss: 0.2560 | Val Max Q-Miss: 0.0348 | Val Max Gen Viol: 0.0000 | Val Max Thermal: 0.0000
Epoch 2600 | Val Loss: 0.3572 | Val Cost:    0.00 | Val Max P-Miss: 0.2307 | Val Max Q-Miss: 0.1047 | Val Max Gen Viol: 0.0000 | Val Max Thermal: 0.0000
Epoch 2610 | Val Loss: 0.3555 | Val Cost:    0.00 | Val Max P-Miss: 0.2314 | Val Max Q-Miss: 0.0374 | Val Max Gen Viol: 0.0000 | Val Max Thermal: 0.0000
Epoch 2620 | Val Loss: 0.3740 | Val Cost:    0.00 | Val Max P-Miss: 0.2670 | Val Max Q-Miss: 0.0816 | Val Max Gen Viol: 0.0000 | Val Max Thermal: 0.0000
Epoch 2630 | Val Loss: 0.3569 | Val Cost:    0.00 | Val Max P-Miss: 0.2271 | Val Max Q-Miss: 0.1076 | Val Max Gen Viol: 0.0000 | Val Max Thermal: 0.0000
Epoch 2640 | Val Loss: 0.3561 | Val Cost:    0.00 | Val Max P-Miss: 0.2292 | Val Max Q-Miss: 0.0477 | Val Max Gen Viol: 0.0000 | Val Max Thermal: 0.0000
Epoch 2650 | Val Loss: 0.3560 | Val Cost:    0.00 | Val Max P-Miss: 0.2310 | Val Max Q-Miss: 0.0337 | Val Max Gen Viol: 0.0000 | Val Max Thermal: 0.0000
Epoch 2660 | Val Loss: 0.3559 | Val Cost:    0.00 | Val Max P-Miss: 0.2244 | Val Max Q-Miss: 0.0315 | Val Max Gen Viol: 0.0000 | Val Max Thermal: 0.0000
Epoch 2670 | Val Loss: 0.3779 | Val Cost:    0.00 | Val Max P-Miss: 0.2585 | Val Max Q-Miss: 0.1239 | Val Max Gen Viol: 0.0000 | Val Max Thermal: 0.0000
Epoch 2680 | Val Loss: 0.3625 | Val Cost:    0.00 | Val Max P-Miss: 0.2614 | Val Max Q-Miss: 0.0401 | Val Max Gen Viol: 0.0000 | Val Max Thermal: 0.0000
Epoch 2690 | Val Loss: 0.3614 | Val Cost:    0.00 | Val Max P-Miss: 0.2613 | Val Max Q-Miss: 0.0450 | Val Max Gen Viol: 0.0000 | Val Max Thermal: 0.0000
Epoch 2700 | Val Loss: 0.3560 | Val Cost:    0.00 | Val Max P-Miss: 0.2238 | Val Max Q-Miss: 0.0264 | Val Max Gen Viol: 0.0000 | Val Max Thermal: 0.0000
Epoch 2710 | Val Loss: 0.3557 | Val Cost:    0.00 | Val Max P-Miss: 0.2213 | Val Max Q-Miss: 0.0314 | Val Max Gen Viol: 0.0000 | Val Max Thermal: 0.0000
Epoch 2720 | Val Loss: 0.3558 | Val Cost:    0.00 | Val Max P-Miss: 0.2199 | Val Max Q-Miss: 0.0366 | Val Max Gen Viol: 0.0000 | Val Max Thermal: 0.0000
Epoch 2730 | Val Loss: 0.3655 | Val Cost:    0.00 | Val Max P-Miss: 0.2619 | Val Max Q-Miss: 0.0578 | Val Max Gen Viol: 0.0000 | Val Max Thermal: 0.0000
Epoch 2740 | Val Loss: 0.3567 | Val Cost:    0.00 | Val Max P-Miss: 0.2456 | Val Max Q-Miss: 0.0805 | Val Max Gen Viol: 0.0000 | Val Max Thermal: 0.0000
Epoch 2750 | Val Loss: 0.3557 | Val Cost:    0.00 | Val Max P-Miss: 0.2287 | Val Max Q-Miss: 0.1636 | Val Max Gen Viol: 0.0000 | Val Max Thermal: 0.0000
Epoch 2760 | Val Loss: 0.3581 | Val Cost:    0.00 | Val Max P-Miss: 0.2458 | Val Max Q-Miss: 0.1473 | Val Max Gen Viol: 0.0000 | Val Max Thermal: 0.0000
Epoch 2770 | Val Loss: 0.3556 | Val Cost:    0.00 | Val Max P-Miss: 0.2381 | Val Max Q-Miss: 0.0631 | Val Max Gen Viol: 0.0000 | Val Max Thermal: 0.0000
Epoch 2780 | Val Loss: 0.3581 | Val Cost:    0.00 | Val Max P-Miss: 0.2366 | Val Max Q-Miss: 0.2136 | Val Max Gen Viol: 0.0000 | Val Max Thermal: 0.0000
Epoch 2790 | Val Loss: 0.3555 | Val Cost:    0.00 | Val Max P-Miss: 0.2342 | Val Max Q-Miss: 0.0491 | Val Max Gen Viol: 0.0000 | Val Max Thermal: 0.0000
Epoch 2800 | Val Loss: 0.3555 | Val Cost:    0.00 | Val Max P-Miss: 0.2321 | Val Max Q-Miss: 0.0487 | Val Max Gen Viol: 0.0000 | Val Max Thermal: 0.0000
Epoch 2810 | Val Loss: 0.3554 | Val Cost:    0.00 | Val Max P-Miss: 0.2263 | Val Max Q-Miss: 0.0314 | Val Max Gen Viol: 0.0000 | Val Max Thermal: 0.0000
Epoch 2820 | Val Loss: 0.3712 | Val Cost:    0.00 | Val Max P-Miss: 0.2569 | Val Max Q-Miss: 0.3059 | Val Max Gen Viol: 0.0000 | Val Max Thermal: 0.0000
Epoch 2830 | Val Loss: 0.3603 | Val Cost:    0.00 | Val Max P-Miss: 0.2399 | Val Max Q-Miss: 0.1335 | Val Max Gen Viol: 0.0000 | Val Max Thermal: 0.0000
Epoch 2840 | Val Loss: 0.3561 | Val Cost:    0.00 | Val Max P-Miss: 0.2281 | Val Max Q-Miss: 0.1323 | Val Max Gen Viol: 0.0000 | Val Max Thermal: 0.0000
Epoch 2850 | Val Loss: 0.3554 | Val Cost:    0.00 | Val Max P-Miss: 0.2234 | Val Max Q-Miss: 0.0955 | Val Max Gen Viol: 0.0000 | Val Max Thermal: 0.0000
Epoch 2860 | Val Loss: 0.3553 | Val Cost:    0.00 | Val Max P-Miss: 0.2274 | Val Max Q-Miss: 0.1029 | Val Max Gen Viol: 0.0000 | Val Max Thermal: 0.0000 [*SAVED BEST*]
Epoch 2870 | Val Loss: 0.3742 | Val Cost:    0.00 | Val Max P-Miss: 0.2907 | Val Max Q-Miss: 0.1134 | Val Max Gen Viol: 0.0000 | Val Max Thermal: 0.0000
Epoch 2880 | Val Loss: 0.3560 | Val Cost:    0.00 | Val Max P-Miss: 0.2243 | Val Max Q-Miss: 0.0298 | Val Max Gen Viol: 0.0000 | Val Max Thermal: 0.0000
Epoch 2890 | Val Loss: 0.3560 | Val Cost:    0.00 | Val Max P-Miss: 0.2183 | Val Max Q-Miss: 0.0312 | Val Max Gen Viol: 0.0000 | Val Max Thermal: 0.0000
Epoch 2900 | Val Loss: 0.3558 | Val Cost:    0.00 | Val Max P-Miss: 0.2320 | Val Max Q-Miss: 0.0447 | Val Max Gen Viol: 0.0000 | Val Max Thermal: 0.0000
Epoch 2910 | Val Loss: 0.4291 | Val Cost:    0.00 | Val Max P-Miss: 0.3175 | Val Max Q-Miss: 0.0916 | Val Max Gen Viol: 0.0000 | Val Max Thermal: 0.0000
Epoch 2920 | Val Loss: 0.3562 | Val Cost:    0.00 | Val Max P-Miss: 0.2324 | Val Max Q-Miss: 0.0312 | Val Max Gen Viol: 0.0000 | Val Max Thermal: 0.0000
Epoch 2930 | Val Loss: 0.3567 | Val Cost:    0.00 | Val Max P-Miss: 0.2263 | Val Max Q-Miss: 0.0362 | Val Max Gen Viol: 0.0000 | Val Max Thermal: 0.0000
Epoch 2940 | Val Loss: 0.3563 | Val Cost:    0.00 | Val Max P-Miss: 0.2251 | Val Max Q-Miss: 0.0743 | Val Max Gen Viol: 0.0000 | Val Max Thermal: 0.0000
Epoch 2950 | Val Loss: 0.3584 | Val Cost:    0.00 | Val Max P-Miss: 0.2321 | Val Max Q-Miss: 0.2163 | Val Max Gen Viol: 0.0000 | Val Max Thermal: 0.0000
Epoch 2960 | Val Loss: 0.3559 | Val Cost:    0.00 | Val Max P-Miss: 0.2356 | Val Max Q-Miss: 0.0633 | Val Max Gen Viol: 0.0000 | Val Max Thermal: 0.0000
Epoch 2970 | Val Loss: 0.3583 | Val Cost:    0.00 | Val Max P-Miss: 0.2408 | Val Max Q-Miss: 0.0429 | Val Max Gen Viol: 0.0000 | Val Max Thermal: 0.0000
Epoch 2980 | Val Loss: 0.3578 | Val Cost:    0.00 | Val Max P-Miss: 0.2252 | Val Max Q-Miss: 0.0510 | Val Max Gen Viol: 0.0000 | Val Max Thermal: 0.0000
Epoch 2990 | Val Loss: 0.3576 | Val Cost:    0.00 | Val Max P-Miss: 0.2275 | Val Max Q-Miss: 0.0487 | Val Max Gen Viol: 0.0000 | Val Max Thermal: 0.0000
Epoch 3000 | Val Loss: 0.3576 | Val Cost:    0.00 | Val Max P-Miss: 0.2263 | Val Max Q-Miss: 0.0736 | Val Max Gen Viol: 0.0000 | Val Max Thermal: 0.0000
Epoch 3010 | Val Loss: 0.3562 | Val Cost:    0.00 | Val Max P-Miss: 0.2313 | Val Max Q-Miss: 0.0402 | Val Max Gen Viol: 0.0000 | Val Max Thermal: 0.0000
Epoch 3020 | Val Loss: 0.3568 | Val Cost:    0.00 | Val Max P-Miss: 0.2498 | Val Max Q-Miss: 0.0916 | Val Max Gen Viol: 0.0000 | Val Max Thermal: 0.0000
Epoch 3030 | Val Loss: 0.3559 | Val Cost:    0.00 | Val Max P-Miss: 0.2507 | Val Max Q-Miss: 0.0648 | Val Max Gen Viol: 0.0000 | Val Max Thermal: 0.0000
Epoch 3040 | Val Loss: 0.3720 | Val Cost:    0.00 | Val Max P-Miss: 0.2551 | Val Max Q-Miss: 0.2446 | Val Max Gen Viol: 0.0000 | Val Max Thermal: 0.0000
Epoch 3050 | Val Loss: 0.3558 | Val Cost:    0.00 | Val Max P-Miss: 0.2299 | Val Max Q-Miss: 0.0699 | Val Max Gen Viol: 0.0000 | Val Max Thermal: 0.0000
Epoch 3060 | Val Loss: 0.3564 | Val Cost:    0.00 | Val Max P-Miss: 0.2352 | Val Max Q-Miss: 0.1090 | Val Max Gen Viol: 0.0000 | Val Max Thermal: 0.0000
Epoch 3070 | Val Loss: 0.3554 | Val Cost:    0.00 | Val Max P-Miss: 0.2276 | Val Max Q-Miss: 0.0844 | Val Max Gen Viol: 0.0000 | Val Max Thermal: 0.0000
Epoch 3080 | Val Loss: 0.3551 | Val Cost:    0.00 | Val Max P-Miss: 0.2258 | Val Max Q-Miss: 0.0276 | Val Max Gen Viol: 0.0000 | Val Max Thermal: 0.0000 [*SAVED BEST*]
Epoch 3090 | Val Loss: 0.3657 | Val Cost:    0.00 | Val Max P-Miss: 0.2856 | Val Max Q-Miss: 0.0550 | Val Max Gen Viol: 0.0000 | Val Max Thermal: 0.0000
Epoch 3100 | Val Loss: 0.3588 | Val Cost:    0.00 | Val Max P-Miss: 0.2550 | Val Max Q-Miss: 0.0367 | Val Max Gen Viol: 0.0000 | Val Max Thermal: 0.0000
Epoch 3110 | Val Loss: 0.3581 | Val Cost:    0.00 | Val Max P-Miss: 0.2199 | Val Max Q-Miss: 0.1186 | Val Max Gen Viol: 0.0000 | Val Max Thermal: 0.0000
Epoch 3120 | Val Loss: 0.3562 | Val Cost:    0.00 | Val Max P-Miss: 0.2274 | Val Max Q-Miss: 0.1141 | Val Max Gen Viol: 0.0000 | Val Max Thermal: 0.0000
Epoch 3130 | Val Loss: 0.3555 | Val Cost:    0.00 | Val Max P-Miss: 0.2406 | Val Max Q-Miss: 0.0882 | Val Max Gen Viol: 0.0000 | Val Max Thermal: 0.0000
Epoch 3140 | Val Loss: 0.3557 | Val Cost:    0.00 | Val Max P-Miss: 0.2202 | Val Max Q-Miss: 0.1162 | Val Max Gen Viol: 0.0000 | Val Max Thermal: 0.0000
Epoch 3150 | Val Loss: 0.3553 | Val Cost:    0.00 | Val Max P-Miss: 0.2295 | Val Max Q-Miss: 0.1369 | Val Max Gen Viol: 0.0000 | Val Max Thermal: 0.0000
Epoch 3160 | Val Loss: 0.3551 | Val Cost:    0.00 | Val Max P-Miss: 0.2290 | Val Max Q-Miss: 0.0727 | Val Max Gen Viol: 0.0000 | Val Max Thermal: 0.0000 [*SAVED BEST*]
Epoch 3170 | Val Loss: 0.3554 | Val Cost:    0.00 | Val Max P-Miss: 0.2231 | Val Max Q-Miss: 0.0416 | Val Max Gen Viol: 0.0000 | Val Max Thermal: 0.0000
Epoch 3180 | Val Loss: 0.3586 | Val Cost:    0.00 | Val Max P-Miss: 0.2344 | Val Max Q-Miss: 0.1526 | Val Max Gen Viol: 0.0000 | Val Max Thermal: 0.0000
Epoch 3190 | Val Loss: 0.3617 | Val Cost:    0.00 | Val Max P-Miss: 0.2579 | Val Max Q-Miss: 0.1720 | Val Max Gen Viol: 0.0000 | Val Max Thermal: 0.0000
Epoch 3200 | Val Loss: 0.3560 | Val Cost:    0.00 | Val Max P-Miss: 0.2365 | Val Max Q-Miss: 0.0454 | Val Max Gen Viol: 0.0000 | Val Max Thermal: 0.0000
Epoch 3210 | Val Loss: 0.3556 | Val Cost:    0.00 | Val Max P-Miss: 0.2269 | Val Max Q-Miss: 0.0410 | Val Max Gen Viol: 0.0000 | Val Max Thermal: 0.0000
Epoch 3220 | Val Loss: 0.3559 | Val Cost:    0.00 | Val Max P-Miss: 0.2193 | Val Max Q-Miss: 0.0437 | Val Max Gen Viol: 0.0000 | Val Max Thermal: 0.0000
Epoch 3230 | Val Loss: 0.3562 | Val Cost:    0.00 | Val Max P-Miss: 0.2268 | Val Max Q-Miss: 0.0603 | Val Max Gen Viol: 0.0000 | Val Max Thermal: 0.0000
Epoch 3240 | Val Loss: 0.3564 | Val Cost:    0.00 | Val Max P-Miss: 0.2473 | Val Max Q-Miss: 0.0870 | Val Max Gen Viol: 0.0000 | Val Max Thermal: 0.0000
Epoch 3250 | Val Loss: 0.3558 | Val Cost:    0.00 | Val Max P-Miss: 0.2322 | Val Max Q-Miss: 0.0569 | Val Max Gen Viol: 0.0000 | Val Max Thermal: 0.0000
Epoch 3260 | Val Loss: 0.3557 | Val Cost:    0.00 | Val Max P-Miss: 0.2187 | Val Max Q-Miss: 0.0483 | Val Max Gen Viol: 0.0000 | Val Max Thermal: 0.0000
Epoch 3270 | Val Loss: 0.3577 | Val Cost:    0.00 | Val Max P-Miss: 0.2350 | Val Max Q-Miss: 0.0761 | Val Max Gen Viol: 0.0000 | Val Max Thermal: 0.0000
Epoch 3280 | Val Loss: 0.3559 | Val Cost:    0.00 | Val Max P-Miss: 0.2401 | Val Max Q-Miss: 0.0774 | Val Max Gen Viol: 0.0000 | Val Max Thermal: 0.0000
Epoch 3290 | Val Loss: 0.3557 | Val Cost:    0.00 | Val Max P-Miss: 0.2501 | Val Max Q-Miss: 0.0465 | Val Max Gen Viol: 0.0000 | Val Max Thermal: 0.0000
Epoch 3300 | Val Loss: 0.3553 | Val Cost:    0.00 | Val Max P-Miss: 0.2283 | Val Max Q-Miss: 0.0388 | Val Max Gen Viol: 0.0000 | Val Max Thermal: 0.0000
Epoch 3310 | Val Loss: 0.3624 | Val Cost:    0.00 | Val Max P-Miss: 0.2423 | Val Max Q-Miss: 0.0273 | Val Max Gen Viol: 0.0000 | Val Max Thermal: 0.0000
Epoch 3320 | Val Loss: 0.3553 | Val Cost:    0.00 | Val Max P-Miss: 0.2248 | Val Max Q-Miss: 0.0246 | Val Max Gen Viol: 0.0000 | Val Max Thermal: 0.0000
Epoch 3330 | Val Loss: 0.3553 | Val Cost:    0.00 | Val Max P-Miss: 0.2265 | Val Max Q-Miss: 0.0218 | Val Max Gen Viol: 0.0000 | Val Max Thermal: 0.0000
Epoch 3340 | Val Loss: 0.3791 | Val Cost:    0.00 | Val Max P-Miss: 0.3295 | Val Max Q-Miss: 0.0482 | Val Max Gen Viol: 0.0000 | Val Max Thermal: 0.0000
Epoch 3350 | Val Loss: 0.3557 | Val Cost:    0.00 | Val Max P-Miss: 0.2278 | Val Max Q-Miss: 0.0205 | Val Max Gen Viol: 0.0000 | Val Max Thermal: 0.0000
Epoch 3360 | Val Loss: 0.3555 | Val Cost:    0.00 | Val Max P-Miss: 0.2243 | Val Max Q-Miss: 0.0197 | Val Max Gen Viol: 0.0000 | Val Max Thermal: 0.0000
Epoch 3370 | Val Loss: 0.3553 | Val Cost:    0.00 | Val Max P-Miss: 0.2247 | Val Max Q-Miss: 0.0210 | Val Max Gen Viol: 0.0000 | Val Max Thermal: 0.0000
Epoch 3380 | Val Loss: 0.3554 | Val Cost:    0.00 | Val Max P-Miss: 0.2218 | Val Max Q-Miss: 0.0246 | Val Max Gen Viol: 0.0000 | Val Max Thermal: 0.0000
Epoch 3390 | Val Loss: 0.3567 | Val Cost:    0.00 | Val Max P-Miss: 0.2221 | Val Max Q-Miss: 0.0241 | Val Max Gen Viol: 0.0000 | Val Max Thermal: 0.0000
Epoch 3400 | Val Loss: 0.3556 | Val Cost:    0.00 | Val Max P-Miss: 0.2177 | Val Max Q-Miss: 0.0220 | Val Max Gen Viol: 0.0000 | Val Max Thermal: 0.0000
Epoch 3410 | Val Loss: 0.3559 | Val Cost:    0.00 | Val Max P-Miss: 0.2228 | Val Max Q-Miss: 0.0763 | Val Max Gen Viol: 0.0000 | Val Max Thermal: 0.0000
Epoch 3420 | Val Loss: 0.3559 | Val Cost:    0.00 | Val Max P-Miss: 0.2206 | Val Max Q-Miss: 0.0564 | Val Max Gen Viol: 0.0000 | Val Max Thermal: 0.0000
Epoch 3430 | Val Loss: 0.3555 | Val Cost:    0.00 | Val Max P-Miss: 0.2222 | Val Max Q-Miss: 0.0194 | Val Max Gen Viol: 0.0000 | Val Max Thermal: 0.0000
Epoch 3440 | Val Loss: 0.3553 | Val Cost:    0.00 | Val Max P-Miss: 0.2250 | Val Max Q-Miss: 0.0219 | Val Max Gen Viol: 0.0000 | Val Max Thermal: 0.0000
Epoch 3450 | Val Loss: 0.3736 | Val Cost:    0.00 | Val Max P-Miss: 0.2947 | Val Max Q-Miss: 0.0319 | Val Max Gen Viol: 0.0000 | Val Max Thermal: 0.0000
Epoch 3460 | Val Loss: 0.3558 | Val Cost:    0.00 | Val Max P-Miss: 0.2205 | Val Max Q-Miss: 0.0258 | Val Max Gen Viol: 0.0000 | Val Max Thermal: 0.0000
Epoch 3470 | Val Loss: 0.3555 | Val Cost:    0.00 | Val Max P-Miss: 0.2133 | Val Max Q-Miss: 0.0269 | Val Max Gen Viol: 0.0000 | Val Max Thermal: 0.0000
Epoch 3480 | Val Loss: 0.3553 | Val Cost:    0.00 | Val Max P-Miss: 0.2171 | Val Max Q-Miss: 0.0318 | Val Max Gen Viol: 0.0000 | Val Max Thermal: 0.0000
Epoch 3490 | Val Loss: 0.3557 | Val Cost:    0.00 | Val Max P-Miss: 0.2216 | Val Max Q-Miss: 0.0681 | Val Max Gen Viol: 0.0000 | Val Max Thermal: 0.0000
Epoch 3500 | Val Loss: 0.3559 | Val Cost:    0.00 | Val Max P-Miss: 0.2172 | Val Max Q-Miss: 0.0605 | Val Max Gen Viol: 0.0000 | Val Max Thermal: 0.0000
Epoch 3510 | Val Loss: 0.3552 | Val Cost:    0.00 | Val Max P-Miss: 0.2287 | Val Max Q-Miss: 0.0240 | Val Max Gen Viol: 0.0000 | Val Max Thermal: 0.0000
Epoch 3520 | Val Loss: 0.3646 | Val Cost:    0.00 | Val Max P-Miss: 0.2819 | Val Max Q-Miss: 0.0293 | Val Max Gen Viol: 0.0000 | Val Max Thermal: 0.0000
Epoch 3530 | Val Loss: 0.3557 | Val Cost:    0.00 | Val Max P-Miss: 0.2238 | Val Max Q-Miss: 0.0197 | Val Max Gen Viol: 0.0000 | Val Max Thermal: 0.0000
Epoch 3540 | Val Loss: 0.3554 | Val Cost:    0.00 | Val Max P-Miss: 0.2188 | Val Max Q-Miss: 0.0198 | Val Max Gen Viol: 0.0000 | Val Max Thermal: 0.0000
Epoch 3550 | Val Loss: 0.3552 | Val Cost:    0.00 | Val Max P-Miss: 0.2187 | Val Max Q-Miss: 0.0217 | Val Max Gen Viol: 0.0000 | Val Max Thermal: 0.0000
Epoch 3560 | Val Loss: 0.3551 | Val Cost:    0.00 | Val Max P-Miss: 0.2195 | Val Max Q-Miss: 0.0260 | Val Max Gen Viol: 0.0000 | Val Max Thermal: 0.0000
Epoch 3570 | Val Loss: 0.3553 | Val Cost:    0.00 | Val Max P-Miss: 0.2173 | Val Max Q-Miss: 0.0194 | Val Max Gen Viol: 0.0000 | Val Max Thermal: 0.0000
Epoch 3580 | Val Loss: 0.3552 | Val Cost:    0.00 | Val Max P-Miss: 0.2158 | Val Max Q-Miss: 0.0212 | Val Max Gen Viol: 0.0000 | Val Max Thermal: 0.0000
Epoch 3590 | Val Loss: 0.4014 | Val Cost:    0.00 | Val Max P-Miss: 0.3557 | Val Max Q-Miss: 0.0546 | Val Max Gen Viol: 0.0000 | Val Max Thermal: 0.0000
Epoch 3600 | Val Loss: 0.3557 | Val Cost:    0.00 | Val Max P-Miss: 0.2299 | Val Max Q-Miss: 0.0269 | Val Max Gen Viol: 0.0000 | Val Max Thermal: 0.0000
Epoch 3610 | Val Loss: 0.3555 | Val Cost:    0.00 | Val Max P-Miss: 0.2232 | Val Max Q-Miss: 0.0221 | Val Max Gen Viol: 0.0000 | Val Max Thermal: 0.0000
Epoch 3620 | Val Loss: 0.3553 | Val Cost:    0.00 | Val Max P-Miss: 0.2271 | Val Max Q-Miss: 0.0235 | Val Max Gen Viol: 0.0000 | Val Max Thermal: 0.0000
Epoch 3630 | Val Loss: 0.3552 | Val Cost:    0.00 | Val Max P-Miss: 0.2334 | Val Max Q-Miss: 0.0226 | Val Max Gen Viol: 0.0000 | Val Max Thermal: 0.0000
Epoch 3640 | Val Loss: 0.3555 | Val Cost:    0.00 | Val Max P-Miss: 0.2233 | Val Max Q-Miss: 0.0379 | Val Max Gen Viol: 0.0000 | Val Max Thermal: 0.0000
Epoch 3650 | Val Loss: 0.3553 | Val Cost:    0.00 | Val Max P-Miss: 0.2265 | Val Max Q-Miss: 0.0322 | Val Max Gen Viol: 0.0000 | Val Max Thermal: 0.0000
Epoch 3660 | Val Loss: 0.3649 | Val Cost:    0.00 | Val Max P-Miss: 0.2798 | Val Max Q-Miss: 0.1326 | Val Max Gen Viol: 0.0000 | Val Max Thermal: 0.0000
Epoch 3670 | Val Loss: 0.3564 | Val Cost:    0.00 | Val Max P-Miss: 0.2443 | Val Max Q-Miss: 0.0487 | Val Max Gen Viol: 0.0000 | Val Max Thermal: 0.0000
Epoch 3680 | Val Loss: 0.3578 | Val Cost:    0.00 | Val Max P-Miss: 0.2403 | Val Max Q-Miss: 0.1058 | Val Max Gen Viol: 0.0000 | Val Max Thermal: 0.0000
Epoch 3690 | Val Loss: 0.3660 | Val Cost:    0.00 | Val Max P-Miss: 0.2728 | Val Max Q-Miss: 0.1001 | Val Max Gen Viol: 0.0000 | Val Max Thermal: 0.0000
Epoch 3700 | Val Loss: 0.3558 | Val Cost:    0.00 | Val Max P-Miss: 0.2424 | Val Max Q-Miss: 0.0374 | Val Max Gen Viol: 0.0000 | Val Max Thermal: 0.0000
Epoch 3710 | Val Loss: 0.3554 | Val Cost:    0.00 | Val Max P-Miss: 0.2499 | Val Max Q-Miss: 0.0252 | Val Max Gen Viol: 0.0000 | Val Max Thermal: 0.0000
Epoch 3720 | Val Loss: 0.3552 | Val Cost:    0.00 | Val Max P-Miss: 0.2465 | Val Max Q-Miss: 0.0206 | Val Max Gen Viol: 0.0000 | Val Max Thermal: 0.0000
Epoch 3730 | Val Loss: 0.3552 | Val Cost:    0.00 | Val Max P-Miss: 0.2448 | Val Max Q-Miss: 0.0213 | Val Max Gen Viol: 0.0000 | Val Max Thermal: 0.0000
Epoch 3740 | Val Loss: 0.3862 | Val Cost:    0.00 | Val Max P-Miss: 0.3097 | Val Max Q-Miss: 0.0356 | Val Max Gen Viol: 0.0000 | Val Max Thermal: 0.0000
Epoch 3750 | Val Loss: 0.3558 | Val Cost:    0.00 | Val Max P-Miss: 0.2276 | Val Max Q-Miss: 0.0226 | Val Max Gen Viol: 0.0000 | Val Max Thermal: 0.0000
Epoch 3760 | Val Loss: 0.3555 | Val Cost:    0.00 | Val Max P-Miss: 0.2263 | Val Max Q-Miss: 0.0232 | Val Max Gen Viol: 0.0000 | Val Max Thermal: 0.0000
Epoch 3770 | Val Loss: 0.3553 | Val Cost:    0.00 | Val Max P-Miss: 0.2336 | Val Max Q-Miss: 0.0202 | Val Max Gen Viol: 0.0000 | Val Max Thermal: 0.0000
Epoch 3780 | Val Loss: 0.3550 | Val Cost:    0.00 | Val Max P-Miss: 0.2360 | Val Max Q-Miss: 0.0221 | Val Max Gen Viol: 0.0000 | Val Max Thermal: 0.0000 [*SAVED BEST*]
Epoch 3790 | Val Loss: 0.3976 | Val Cost:    0.00 | Val Max P-Miss: 0.2999 | Val Max Q-Miss: 0.0607 | Val Max Gen Viol: 0.0000 | Val Max Thermal: 0.0000
Epoch 3800 | Val Loss: 0.3558 | Val Cost:    0.00 | Val Max P-Miss: 0.2355 | Val Max Q-Miss: 0.0267 | Val Max Gen Viol: 0.0000 | Val Max Thermal: 0.0000
Epoch 3810 | Val Loss: 0.3556 | Val Cost:    0.00 | Val Max P-Miss: 0.2346 | Val Max Q-Miss: 0.0259 | Val Max Gen Viol: 0.0000 | Val Max Thermal: 0.0000
Epoch 3820 | Val Loss: 0.3553 | Val Cost:    0.00 | Val Max P-Miss: 0.2392 | Val Max Q-Miss: 0.0274 | Val Max Gen Viol: 0.0000 | Val Max Thermal: 0.0000
Epoch 3830 | Val Loss: 0.3572 | Val Cost:    0.00 | Val Max P-Miss: 0.2369 | Val Max Q-Miss: 0.0676 | Val Max Gen Viol: 0.0000 | Val Max Thermal: 0.0000
Epoch 3840 | Val Loss: 0.3672 | Val Cost:    0.00 | Val Max P-Miss: 0.2851 | Val Max Q-Miss: 0.0906 | Val Max Gen Viol: 0.0000 | Val Max Thermal: 0.0000
Epoch 3850 | Val Loss: 0.3561 | Val Cost:    0.00 | Val Max P-Miss: 0.2316 | Val Max Q-Miss: 0.0479 | Val Max Gen Viol: 0.0000 | Val Max Thermal: 0.0000
Epoch 3860 | Val Loss: 0.3556 | Val Cost:    0.00 | Val Max P-Miss: 0.2325 | Val Max Q-Miss: 0.0263 | Val Max Gen Viol: 0.0000 | Val Max Thermal: 0.0000
Epoch 3870 | Val Loss: 0.3555 | Val Cost:    0.00 | Val Max P-Miss: 0.2324 | Val Max Q-Miss: 0.0221 | Val Max Gen Viol: 0.0000 | Val Max Thermal: 0.0000
Epoch 3880 | Val Loss: 0.3552 | Val Cost:    0.00 | Val Max P-Miss: 0.2321 | Val Max Q-Miss: 0.0244 | Val Max Gen Viol: 0.0000 | Val Max Thermal: 0.0000
Epoch 3890 | Val Loss: 0.3563 | Val Cost:    0.00 | Val Max P-Miss: 0.2323 | Val Max Q-Miss: 0.0233 | Val Max Gen Viol: 0.0000 | Val Max Thermal: 0.0000
Epoch 3900 | Val Loss: 0.3576 | Val Cost:    0.00 | Val Max P-Miss: 0.2317 | Val Max Q-Miss: 0.0291 | Val Max Gen Viol: 0.0000 | Val Max Thermal: 0.0000
Epoch 3910 | Val Loss: 0.3556 | Val Cost:    0.00 | Val Max P-Miss: 0.2233 | Val Max Q-Miss: 0.0227 | Val Max Gen Viol: 0.0000 | Val Max Thermal: 0.0000
Epoch 3920 | Val Loss: 0.3555 | Val Cost:    0.00 | Val Max P-Miss: 0.2246 | Val Max Q-Miss: 0.0224 | Val Max Gen Viol: 0.0000 | Val Max Thermal: 0.0000
Epoch 3930 | Val Loss: 0.3553 | Val Cost:    0.00 | Val Max P-Miss: 0.2310 | Val Max Q-Miss: 0.0231 | Val Max Gen Viol: 0.0000 | Val Max Thermal: 0.0000
Epoch 3940 | Val Loss: 0.3553 | Val Cost:    0.00 | Val Max P-Miss: 0.2358 | Val Max Q-Miss: 0.0395 | Val Max Gen Viol: 0.0000 | Val Max Thermal: 0.0000
Epoch 3950 | Val Loss: 0.3561 | Val Cost:    0.00 | Val Max P-Miss: 0.2374 | Val Max Q-Miss: 0.0519 | Val Max Gen Viol: 0.0000 | Val Max Thermal: 0.0000
Epoch 3960 | Val Loss: 0.3560 | Val Cost:    0.00 | Val Max P-Miss: 0.2268 | Val Max Q-Miss: 0.0416 | Val Max Gen Viol: 0.0000 | Val Max Thermal: 0.0000
Epoch 3970 | Val Loss: 0.3555 | Val Cost:    0.00 | Val Max P-Miss: 0.2239 | Val Max Q-Miss: 0.0234 | Val Max Gen Viol: 0.0000 | Val Max Thermal: 0.0000
Epoch 3980 | Val Loss: 0.3553 | Val Cost:    0.00 | Val Max P-Miss: 0.2321 | Val Max Q-Miss: 0.0258 | Val Max Gen Viol: 0.0000 | Val Max Thermal: 0.0000
Epoch 3990 | Val Loss: 0.3552 | Val Cost:    0.00 | Val Max P-Miss: 0.2385 | Val Max Q-Miss: 0.0262 | Val Max Gen Viol: 0.0000 | Val Max Thermal: 0.0000
Epoch 4000 | Val Loss: 0.3553 | Val Cost:    0.00 | Val Max P-Miss: 0.2356 | Val Max Q-Miss: 0.0361 | Val Max Gen Viol: 0.0000 | Val Max Thermal: 0.0000
Epoch 4010 | Val Loss: 0.3553 | Val Cost:    0.00 | Val Max P-Miss: 0.2279 | Val Max Q-Miss: 0.0513 | Val Max Gen Viol: 0.0000 | Val Max Thermal: 0.0000
Epoch 4020 | Val Loss: 0.3586 | Val Cost:    0.00 | Val Max P-Miss: 0.2463 | Val Max Q-Miss: 0.1076 | Val Max Gen Viol: 0.0000 | Val Max Thermal: 0.0000
Epoch 4030 | Val Loss: 0.3568 | Val Cost:    0.00 | Val Max P-Miss: 0.2477 | Val Max Q-Miss: 0.0554 | Val Max Gen Viol: 0.0000 | Val Max Thermal: 0.0000
Epoch 4040 | Val Loss: 0.3591 | Val Cost:    0.00 | Val Max P-Miss: 0.2426 | Val Max Q-Miss: 0.3494 | Val Max Gen Viol: 0.0000 | Val Max Thermal: 0.0000
Epoch 4050 | Val Loss: 0.3583 | Val Cost:    0.00 | Val Max P-Miss: 0.2323 | Val Max Q-Miss: 0.2263 | Val Max Gen Viol: 0.0000 | Val Max Thermal: 0.0000
Epoch 4060 | Val Loss: 0.3570 | Val Cost:    0.00 | Val Max P-Miss: 0.2418 | Val Max Q-Miss: 0.2284 | Val Max Gen Viol: 0.0000 | Val Max Thermal: 0.0000
Epoch 4070 | Val Loss: 0.3574 | Val Cost:    0.00 | Val Max P-Miss: 0.2612 | Val Max Q-Miss: 0.1864 | Val Max Gen Viol: 0.0000 | Val Max Thermal: 0.0000
Epoch 4080 | Val Loss: 0.3572 | Val Cost:    0.00 | Val Max P-Miss: 0.2377 | Val Max Q-Miss: 0.0964 | Val Max Gen Viol: 0.0000 | Val Max Thermal: 0.0000
Epoch 4090 | Val Loss: 0.3674 | Val Cost:    0.00 | Val Max P-Miss: 0.2802 | Val Max Q-Miss: 0.1308 | Val Max Gen Viol: 0.0000 | Val Max Thermal: 0.0000
Epoch 4100 | Val Loss: 0.3606 | Val Cost:    0.00 | Val Max P-Miss: 0.2388 | Val Max Q-Miss: 0.2558 | Val Max Gen Viol: 0.0000 | Val Max Thermal: 0.0000
Epoch 4110 | Val Loss: 0.3558 | Val Cost:    0.00 | Val Max P-Miss: 0.2480 | Val Max Q-Miss: 0.0418 | Val Max Gen Viol: 0.0000 | Val Max Thermal: 0.0000
Epoch 4120 | Val Loss: 0.3555 | Val Cost:    0.00 | Val Max P-Miss: 0.2391 | Val Max Q-Miss: 0.0397 | Val Max Gen Viol: 0.0000 | Val Max Thermal: 0.0000
Epoch 4130 | Val Loss: 0.3553 | Val Cost:    0.00 | Val Max P-Miss: 0.2412 | Val Max Q-Miss: 0.0329 | Val Max Gen Viol: 0.0000 | Val Max Thermal: 0.0000
Epoch 4140 | Val Loss: 0.3554 | Val Cost:    0.00 | Val Max P-Miss: 0.2366 | Val Max Q-Miss: 0.0266 | Val Max Gen Viol: 0.0000 | Val Max Thermal: 0.0000
Epoch 4150 | Val Loss: 0.3552 | Val Cost:    0.00 | Val Max P-Miss: 0.2322 | Val Max Q-Miss: 0.0265 | Val Max Gen Viol: 0.0000 | Val Max Thermal: 0.0000
Epoch 4160 | Val Loss: 0.3551 | Val Cost:    0.00 | Val Max P-Miss: 0.2315 | Val Max Q-Miss: 0.0252 | Val Max Gen Viol: 0.0000 | Val Max Thermal: 0.0000
Epoch 4170 | Val Loss: 0.3550 | Val Cost:    0.00 | Val Max P-Miss: 0.2313 | Val Max Q-Miss: 0.0393 | Val Max Gen Viol: 0.0000 | Val Max Thermal: 0.0000 [*SAVED BEST*]
Epoch 4180 | Val Loss: 0.3552 | Val Cost:    0.00 | Val Max P-Miss: 0.2283 | Val Max Q-Miss: 0.0263 | Val Max Gen Viol: 0.0000 | Val Max Thermal: 0.0000
Epoch 4190 | Val Loss: 0.3551 | Val Cost:    0.00 | Val Max P-Miss: 0.2288 | Val Max Q-Miss: 0.0381 | Val Max Gen Viol: 0.0000 | Val Max Thermal: 0.0000
Epoch 4200 | Val Loss: 0.3550 | Val Cost:    0.00 | Val Max P-Miss: 0.2252 | Val Max Q-Miss: 0.0838 | Val Max Gen Viol: 0.0000 | Val Max Thermal: 0.0000
Epoch 4210 | Val Loss: 0.3592 | Val Cost:    0.00 | Val Max P-Miss: 0.2449 | Val Max Q-Miss: 0.0358 | Val Max Gen Viol: 0.0000 | Val Max Thermal: 0.0000
Epoch 4220 | Val Loss: 0.3556 | Val Cost:    0.00 | Val Max P-Miss: 0.2232 | Val Max Q-Miss: 0.0202 | Val Max Gen Viol: 0.0000 | Val Max Thermal: 0.0000
Epoch 4230 | Val Loss: 0.3554 | Val Cost:    0.00 | Val Max P-Miss: 0.2264 | Val Max Q-Miss: 0.0206 | Val Max Gen Viol: 0.0000 | Val Max Thermal: 0.0000
Epoch 4240 | Val Loss: 0.3552 | Val Cost:    0.00 | Val Max P-Miss: 0.2226 | Val Max Q-Miss: 0.0210 | Val Max Gen Viol: 0.0000 | Val Max Thermal: 0.0000
Epoch 4250 | Val Loss: 0.3550 | Val Cost:    0.00 | Val Max P-Miss: 0.2271 | Val Max Q-Miss: 0.0541 | Val Max Gen Viol: 0.0000 | Val Max Thermal: 0.0000
Epoch 4260 | Val Loss: 0.3603 | Val Cost:    0.00 | Val Max P-Miss: 0.2514 | Val Max Q-Miss: 0.1819 | Val Max Gen Viol: 0.0000 | Val Max Thermal: 0.0000
Epoch 4270 | Val Loss: 0.3554 | Val Cost:    0.00 | Val Max P-Miss: 0.2319 | Val Max Q-Miss: 0.0319 | Val Max Gen Viol: 0.0000 | Val Max Thermal: 0.0000
Epoch 4280 | Val Loss: 0.3552 | Val Cost:    0.00 | Val Max P-Miss: 0.2303 | Val Max Q-Miss: 0.0231 | Val Max Gen Viol: 0.0000 | Val Max Thermal: 0.0000
Epoch 4290 | Val Loss: 0.3631 | Val Cost:    0.00 | Val Max P-Miss: 0.2907 | Val Max Q-Miss: 0.0321 | Val Max Gen Viol: 0.0000 | Val Max Thermal: 0.0000
Epoch 4300 | Val Loss: 0.3557 | Val Cost:    0.00 | Val Max P-Miss: 0.2305 | Val Max Q-Miss: 0.0223 | Val Max Gen Viol: 0.0000 | Val Max Thermal: 0.0000
Epoch 4310 | Val Loss: 0.3554 | Val Cost:    0.00 | Val Max P-Miss: 0.2262 | Val Max Q-Miss: 0.0191 | Val Max Gen Viol: 0.0000 | Val Max Thermal: 0.0000
Epoch 4320 | Val Loss: 0.3552 | Val Cost:    0.00 | Val Max P-Miss: 0.2257 | Val Max Q-Miss: 0.0208 | Val Max Gen Viol: 0.0000 | Val Max Thermal: 0.0000
Epoch 4330 | Val Loss: 0.3551 | Val Cost:    0.00 | Val Max P-Miss: 0.2265 | Val Max Q-Miss: 0.0236 | Val Max Gen Viol: 0.0000 | Val Max Thermal: 0.0000
Epoch 4340 | Val Loss: 0.3588 | Val Cost:    0.00 | Val Max P-Miss: 0.2500 | Val Max Q-Miss: 0.0296 | Val Max Gen Viol: 0.0000 | Val Max Thermal: 0.0000
Epoch 4350 | Val Loss: 0.3560 | Val Cost:    0.00 | Val Max P-Miss: 0.2235 | Val Max Q-Miss: 0.0231 | Val Max Gen Viol: 0.0000 | Val Max Thermal: 0.0000
Epoch 4360 | Val Loss: 0.3555 | Val Cost:    0.00 | Val Max P-Miss: 0.2213 | Val Max Q-Miss: 0.0195 | Val Max Gen Viol: 0.0000 | Val Max Thermal: 0.0000
Epoch 4370 | Val Loss: 0.3553 | Val Cost:    0.00 | Val Max P-Miss: 0.2232 | Val Max Q-Miss: 0.0252 | Val Max Gen Viol: 0.0000 | Val Max Thermal: 0.0000
Epoch 4380 | Val Loss: 0.3558 | Val Cost:    0.00 | Val Max P-Miss: 0.2198 | Val Max Q-Miss: 0.0515 | Val Max Gen Viol: 0.0000 | Val Max Thermal: 0.0000
Epoch 4390 | Val Loss: 0.3554 | Val Cost:    0.00 | Val Max P-Miss: 0.2227 | Val Max Q-Miss: 0.0448 | Val Max Gen Viol: 0.0000 | Val Max Thermal: 0.0000
Epoch 4400 | Val Loss: 0.3898 | Val Cost:    0.00 | Val Max P-Miss: 0.3492 | Val Max Q-Miss: 0.0661 | Val Max Gen Viol: 0.0000 | Val Max Thermal: 0.0000
Epoch 4410 | Val Loss: 0.3559 | Val Cost:    0.00 | Val Max P-Miss: 0.2271 | Val Max Q-Miss: 0.0483 | Val Max Gen Viol: 0.0000 | Val Max Thermal: 0.0000
Epoch 4420 | Val Loss: 0.3555 | Val Cost:    0.00 | Val Max P-Miss: 0.2237 | Val Max Q-Miss: 0.0381 | Val Max Gen Viol: 0.0000 | Val Max Thermal: 0.0000
Epoch 4430 | Val Loss: 0.3554 | Val Cost:    0.00 | Val Max P-Miss: 0.2234 | Val Max Q-Miss: 0.0337 | Val Max Gen Viol: 0.0000 | Val Max Thermal: 0.0000
Epoch 4440 | Val Loss: 0.3553 | Val Cost:    0.00 | Val Max P-Miss: 0.2244 | Val Max Q-Miss: 0.0990 | Val Max Gen Viol: 0.0000 | Val Max Thermal: 0.0000
Epoch 4450 | Val Loss: 0.3567 | Val Cost:    0.00 | Val Max P-Miss: 0.2459 | Val Max Q-Miss: 0.1756 | Val Max Gen Viol: 0.0000 | Val Max Thermal: 0.0000
Epoch 4460 | Val Loss: 0.3554 | Val Cost:    0.00 | Val Max P-Miss: 0.2271 | Val Max Q-Miss: 0.0331 | Val Max Gen Viol: 0.0000 | Val Max Thermal: 0.0000
Epoch 4470 | Val Loss: 0.3558 | Val Cost:    0.00 | Val Max P-Miss: 0.2213 | Val Max Q-Miss: 0.0201 | Val Max Gen Viol: 0.0000 | Val Max Thermal: 0.0000
Epoch 4480 | Val Loss: 0.3555 | Val Cost:    0.00 | Val Max P-Miss: 0.2183 | Val Max Q-Miss: 0.0262 | Val Max Gen Viol: 0.0000 | Val Max Thermal: 0.0000
Epoch 4490 | Val Loss: 0.3553 | Val Cost:    0.00 | Val Max P-Miss: 0.2276 | Val Max Q-Miss: 0.0281 | Val Max Gen Viol: 0.0000 | Val Max Thermal: 0.0000
Epoch 4500 | Val Loss: 0.3555 | Val Cost:    0.00 | Val Max P-Miss: 0.2202 | Val Max Q-Miss: 0.0354 | Val Max Gen Viol: 0.0000 | Val Max Thermal: 0.0000
Epoch 4510 | Val Loss: 0.3552 | Val Cost:    0.00 | Val Max P-Miss: 0.2249 | Val Max Q-Miss: 0.0291 | Val Max Gen Viol: 0.0000 | Val Max Thermal: 0.0000
Epoch 4520 | Val Loss: 0.3551 | Val Cost:    0.00 | Val Max P-Miss: 0.2294 | Val Max Q-Miss: 0.0334 | Val Max Gen Viol: 0.0000 | Val Max Thermal: 0.0000
Epoch 4530 | Val Loss: 0.3558 | Val Cost:    0.00 | Val Max P-Miss: 0.2278 | Val Max Q-Miss: 0.0564 | Val Max Gen Viol: 0.0000 | Val Max Thermal: 0.0000
Epoch 4540 | Val Loss: 0.3566 | Val Cost:    0.00 | Val Max P-Miss: 0.2277 | Val Max Q-Miss: 0.0679 | Val Max Gen Viol: 0.0000 | Val Max Thermal: 0.0000
Epoch 4550 | Val Loss: 0.3554 | Val Cost:    0.00 | Val Max P-Miss: 0.2275 | Val Max Q-Miss: 0.0518 | Val Max Gen Viol: 0.0000 | Val Max Thermal: 0.0000
Epoch 4560 | Val Loss: 0.3788 | Val Cost:    0.00 | Val Max P-Miss: 0.3134 | Val Max Q-Miss: 0.0572 | Val Max Gen Viol: 0.0000 | Val Max Thermal: 0.0000
Epoch 4570 | Val Loss: 0.3556 | Val Cost:    0.00 | Val Max P-Miss: 0.2223 | Val Max Q-Miss: 0.0233 | Val Max Gen Viol: 0.0000 | Val Max Thermal: 0.0000
Epoch 4580 | Val Loss: 0.3554 | Val Cost:    0.00 | Val Max P-Miss: 0.2236 | Val Max Q-Miss: 0.0196 | Val Max Gen Viol: 0.0000 | Val Max Thermal: 0.0000
Epoch 4590 | Val Loss: 0.3552 | Val Cost:    0.00 | Val Max P-Miss: 0.2244 | Val Max Q-Miss: 0.0250 | Val Max Gen Viol: 0.0000 | Val Max Thermal: 0.0000
Epoch 4600 | Val Loss: 0.3612 | Val Cost:    0.00 | Val Max P-Miss: 0.2717 | Val Max Q-Miss: 0.0411 | Val Max Gen Viol: 0.0000 | Val Max Thermal: 0.0000
Epoch 4610 | Val Loss: 0.3551 | Val Cost:    0.00 | Val Max P-Miss: 0.2269 | Val Max Q-Miss: 0.0269 | Val Max Gen Viol: 0.0000 | Val Max Thermal: 0.0000
Epoch 4620 | Val Loss: 0.3553 | Val Cost:    0.00 | Val Max P-Miss: 0.2230 | Val Max Q-Miss: 0.0300 | Val Max Gen Viol: 0.0000 | Val Max Thermal: 0.0000
Epoch 4630 | Val Loss: 0.3553 | Val Cost:    0.00 | Val Max P-Miss: 0.2287 | Val Max Q-Miss: 0.0287 | Val Max Gen Viol: 0.0000 | Val Max Thermal: 0.0000
Epoch 4640 | Val Loss: 0.3552 | Val Cost:    0.00 | Val Max P-Miss: 0.2275 | Val Max Q-Miss: 0.0240 | Val Max Gen Viol: 0.0000 | Val Max Thermal: 0.0000
Epoch 4650 | Val Loss: 0.3551 | Val Cost:    0.00 | Val Max P-Miss: 0.2334 | Val Max Q-Miss: 0.0261 | Val Max Gen Viol: 0.0000 | Val Max Thermal: 0.0000
Epoch 4660 | Val Loss: 0.3551 | Val Cost:    0.00 | Val Max P-Miss: 0.2236 | Val Max Q-Miss: 0.0287 | Val Max Gen Viol: 0.0000 | Val Max Thermal: 0.0000
Epoch 4670 | Val Loss: 0.3558 | Val Cost:    0.00 | Val Max P-Miss: 0.2200 | Val Max Q-Miss: 0.0202 | Val Max Gen Viol: 0.0000 | Val Max Thermal: 0.0000
Epoch 4680 | Val Loss: 0.3554 | Val Cost:    0.00 | Val Max P-Miss: 0.2180 | Val Max Q-Miss: 0.0200 | Val Max Gen Viol: 0.0000 | Val Max Thermal: 0.0000
Epoch 4690 | Val Loss: 0.3552 | Val Cost:    0.00 | Val Max P-Miss: 0.2217 | Val Max Q-Miss: 0.0248 | Val Max Gen Viol: 0.0000 | Val Max Thermal: 0.0000
Epoch 4700 | Val Loss: 0.3550 | Val Cost:    0.00 | Val Max P-Miss: 0.2280 | Val Max Q-Miss: 0.0284 | Val Max Gen Viol: 0.0000 | Val Max Thermal: 0.0000
Epoch 4710 | Val Loss: 0.3561 | Val Cost:    0.00 | Val Max P-Miss: 0.2321 | Val Max Q-Miss: 0.1045 | Val Max Gen Viol: 0.0000 | Val Max Thermal: 0.0000
Epoch 4720 | Val Loss: 0.3559 | Val Cost:    0.00 | Val Max P-Miss: 0.2326 | Val Max Q-Miss: 0.0655 | Val Max Gen Viol: 0.0000 | Val Max Thermal: 0.0000
Epoch 4730 | Val Loss: 0.3551 | Val Cost:    0.00 | Val Max P-Miss: 0.2272 | Val Max Q-Miss: 0.0305 | Val Max Gen Viol: 0.0000 | Val Max Thermal: 0.0000
Epoch 4740 | Val Loss: 0.3563 | Val Cost:    0.00 | Val Max P-Miss: 0.2332 | Val Max Q-Miss: 0.0266 | Val Max Gen Viol: 0.0000 | Val Max Thermal: 0.0000
Epoch 4750 | Val Loss: 0.3550 | Val Cost:    0.00 | Val Max P-Miss: 0.2256 | Val Max Q-Miss: 0.0182 | Val Max Gen Viol: 0.0000 | Val Max Thermal: 0.0000
Epoch 4760 | Val Loss: 0.3551 | Val Cost:    0.00 | Val Max P-Miss: 0.2276 | Val Max Q-Miss: 0.0297 | Val Max Gen Viol: 0.0000 | Val Max Thermal: 0.0000
Epoch 4770 | Val Loss: 0.3585 | Val Cost:    0.00 | Val Max P-Miss: 0.2434 | Val Max Q-Miss: 0.0278 | Val Max Gen Viol: 0.0000 | Val Max Thermal: 0.0000
Epoch 4780 | Val Loss: 0.3553 | Val Cost:    0.00 | Val Max P-Miss: 0.2168 | Val Max Q-Miss: 0.0208 | Val Max Gen Viol: 0.0000 | Val Max Thermal: 0.0000
Epoch 4790 | Val Loss: 0.3552 | Val Cost:    0.00 | Val Max P-Miss: 0.2241 | Val Max Q-Miss: 0.0191 | Val Max Gen Viol: 0.0000 | Val Max Thermal: 0.0000
Epoch 4800 | Val Loss: 0.3552 | Val Cost:    0.00 | Val Max P-Miss: 0.2337 | Val Max Q-Miss: 0.0204 | Val Max Gen Viol: 0.0000 | Val Max Thermal: 0.0000
Epoch 4810 | Val Loss: 0.3550 | Val Cost:    0.00 | Val Max P-Miss: 0.2216 | Val Max Q-Miss: 0.0289 | Val Max Gen Viol: 0.0000 | Val Max Thermal: 0.0000
Epoch 4820 | Val Loss: 0.3550 | Val Cost:    0.00 | Val Max P-Miss: 0.2223 | Val Max Q-Miss: 0.0172 | Val Max Gen Viol: 0.0000 | Val Max Thermal: 0.0000
Epoch 4830 | Val Loss: 0.3550 | Val Cost:    0.00 | Val Max P-Miss: 0.2266 | Val Max Q-Miss: 0.0280 | Val Max Gen Viol: 0.0000 | Val Max Thermal: 0.0000 [*SAVED BEST*]
Epoch 4840 | Val Loss: 0.3581 | Val Cost:    0.00 | Val Max P-Miss: 0.2524 | Val Max Q-Miss: 0.0238 | Val Max Gen Viol: 0.0000 | Val Max Thermal: 0.0000
Epoch 4850 | Val Loss: 0.3557 | Val Cost:    0.00 | Val Max P-Miss: 0.2208 | Val Max Q-Miss: 0.0208 | Val Max Gen Viol: 0.0000 | Val Max Thermal: 0.0000
Epoch 4860 | Val Loss: 0.3554 | Val Cost:    0.00 | Val Max P-Miss: 0.2210 | Val Max Q-Miss: 0.0185 | Val Max Gen Viol: 0.0000 | Val Max Thermal: 0.0000
Epoch 4870 | Val Loss: 0.3552 | Val Cost:    0.00 | Val Max P-Miss: 0.2253 | Val Max Q-Miss: 0.0180 | Val Max Gen Viol: 0.0000 | Val Max Thermal: 0.0000
Epoch 4880 | Val Loss: 0.3550 | Val Cost:    0.00 | Val Max P-Miss: 0.2260 | Val Max Q-Miss: 0.0235 | Val Max Gen Viol: 0.0000 | Val Max Thermal: 0.0000
Epoch 4890 | Val Loss: 0.3549 | Val Cost:    0.00 | Val Max P-Miss: 0.2248 | Val Max Q-Miss: 0.0301 | Val Max Gen Viol: 0.0000 | Val Max Thermal: 0.0000 [*SAVED BEST*]
Epoch 4900 | Val Loss: 0.3559 | Val Cost:    0.00 | Val Max P-Miss: 0.2265 | Val Max Q-Miss: 0.0174 | Val Max Gen Viol: 0.0000 | Val Max Thermal: 0.0000
Epoch 4910 | Val Loss: 0.3554 | Val Cost:    0.00 | Val Max P-Miss: 0.2190 | Val Max Q-Miss: 0.0189 | Val Max Gen Viol: 0.0000 | Val Max Thermal: 0.0000
Epoch 4920 | Val Loss: 0.3552 | Val Cost:    0.00 | Val Max P-Miss: 0.2181 | Val Max Q-Miss: 0.0174 | Val Max Gen Viol: 0.0000 | Val Max Thermal: 0.0000
Epoch 4930 | Val Loss: 0.3552 | Val Cost:    0.00 | Val Max P-Miss: 0.2400 | Val Max Q-Miss: 0.0165 | Val Max Gen Viol: 0.0000 | Val Max Thermal: 0.0000
Epoch 4940 | Val Loss: 0.3549 | Val Cost:    0.00 | Val Max P-Miss: 0.2238 | Val Max Q-Miss: 0.0257 | Val Max Gen Viol: 0.0000 | Val Max Thermal: 0.0000
Epoch 4950 | Val Loss: 0.3550 | Val Cost:    0.00 | Val Max P-Miss: 0.2250 | Val Max Q-Miss: 0.0193 | Val Max Gen Viol: 0.0000 | Val Max Thermal: 0.0000
Epoch 4960 | Val Loss: 0.3550 | Val Cost:    0.00 | Val Max P-Miss: 0.2295 | Val Max Q-Miss: 0.0301 | Val Max Gen Viol: 0.0000 | Val Max Thermal: 0.0000
Epoch 4970 | Val Loss: 0.3555 | Val Cost:    0.00 | Val Max P-Miss: 0.2227 | Val Max Q-Miss: 0.0201 | Val Max Gen Viol: 0.0000 | Val Max Thermal: 0.0000
Epoch 4980 | Val Loss: 0.3549 | Val Cost:    0.00 | Val Max P-Miss: 0.2272 | Val Max Q-Miss: 0.0206 | Val Max Gen Viol: 0.0000 | Val Max Thermal: 0.0000
Epoch 4990 | Val Loss: 0.3549 | Val Cost:    0.00 | Val Max P-Miss: 0.2267 | Val Max Q-Miss: 0.0229 | Val Max Gen Viol: 0.0000 | Val Max Thermal: 0.0000 [*SAVED BEST*]
Epoch 5000 | Val Loss: 0.3551 | Val Cost:    0.00 | Val Max P-Miss: 0.2257 | Val Max Q-Miss: 0.0188 | Val Max Gen Viol: 0.0000 | Val Max Thermal: 0.0000
Epoch 5010 | Val Loss: 0.3549 | Val Cost:    0.00 | Val Max P-Miss: 0.2303 | Val Max Q-Miss: 0.0216 | Val Max Gen Viol: 0.0000 | Val Max Thermal: 0.0000
Epoch 5020 | Val Loss: 0.3550 | Val Cost:    0.00 | Val Max P-Miss: 0.2314 | Val Max Q-Miss: 0.0251 | Val Max Gen Viol: 0.0000 | Val Max Thermal: 0.0000
Epoch 5030 | Val Loss: 0.3603 | Val Cost:    0.00 | Val Max P-Miss: 0.2584 | Val Max Q-Miss: 0.0310 | Val Max Gen Viol: 0.0000 | Val Max Thermal: 0.0000
Epoch 5040 | Val Loss: 0.3549 | Val Cost:    0.00 | Val Max P-Miss: 0.2264 | Val Max Q-Miss: 0.0266 | Val Max Gen Viol: 0.0000 | Val Max Thermal: 0.0000
Epoch 5050 | Val Loss: 0.3548 | Val Cost:    0.00 | Val Max P-Miss: 0.2258 | Val Max Q-Miss: 0.0213 | Val Max Gen Viol: 0.0000 | Val Max Thermal: 0.0000 [*SAVED BEST*]
Epoch 5060 | Val Loss: 0.3552 | Val Cost:    0.00 | Val Max P-Miss: 0.2215 | Val Max Q-Miss: 0.0183 | Val Max Gen Viol: 0.0000 | Val Max Thermal: 0.0000
Epoch 5070 | Val Loss: 0.3550 | Val Cost:    0.00 | Val Max P-Miss: 0.2280 | Val Max Q-Miss: 0.0210 | Val Max Gen Viol: 0.0000 | Val Max Thermal: 0.0000
Epoch 5080 | Val Loss: 0.3549 | Val Cost:    0.00 | Val Max P-Miss: 0.2239 | Val Max Q-Miss: 0.0185 | Val Max Gen Viol: 0.0000 | Val Max Thermal: 0.0000
Epoch 5090 | Val Loss: 0.3580 | Val Cost:    0.00 | Val Max P-Miss: 0.2404 | Val Max Q-Miss: 0.0268 | Val Max Gen Viol: 0.0000 | Val Max Thermal: 0.0000
Epoch 5100 | Val Loss: 0.3555 | Val Cost:    0.00 | Val Max P-Miss: 0.2192 | Val Max Q-Miss: 0.0189 | Val Max Gen Viol: 0.0000 | Val Max Thermal: 0.0000
Epoch 5110 | Val Loss: 0.3553 | Val Cost:    0.00 | Val Max P-Miss: 0.2212 | Val Max Q-Miss: 0.0178 | Val Max Gen Viol: 0.0000 | Val Max Thermal: 0.0000
Epoch 5120 | Val Loss: 0.3551 | Val Cost:    0.00 | Val Max P-Miss: 0.2266 | Val Max Q-Miss: 0.0177 | Val Max Gen Viol: 0.0000 | Val Max Thermal: 0.0000
Epoch 5130 | Val Loss: 0.3549 | Val Cost:    0.00 | Val Max P-Miss: 0.2273 | Val Max Q-Miss: 0.0157 | Val Max Gen Viol: 0.0000 | Val Max Thermal: 0.0000
Epoch 5140 | Val Loss: 0.3549 | Val Cost:    0.00 | Val Max P-Miss: 0.2301 | Val Max Q-Miss: 0.0257 | Val Max Gen Viol: 0.0000 | Val Max Thermal: 0.0000
Epoch 5150 | Val Loss: 0.3559 | Val Cost:    0.00 | Val Max P-Miss: 0.2325 | Val Max Q-Miss: 0.0187 | Val Max Gen Viol: 0.0000 | Val Max Thermal: 0.0000
Epoch 5160 | Val Loss: 0.3548 | Val Cost:    0.00 | Val Max P-Miss: 0.2312 | Val Max Q-Miss: 0.0248 | Val Max Gen Viol: 0.0000 | Val Max Thermal: 0.0000 [*SAVED BEST*]
Epoch 5170 | Val Loss: 0.3548 | Val Cost:    0.00 | Val Max P-Miss: 0.2298 | Val Max Q-Miss: 0.0239 | Val Max Gen Viol: 0.0000 | Val Max Thermal: 0.0000 [*SAVED BEST*]
Epoch 5180 | Val Loss: 0.3557 | Val Cost:    0.00 | Val Max P-Miss: 0.2215 | Val Max Q-Miss: 0.0155 | Val Max Gen Viol: 0.0000 | Val Max Thermal: 0.0000
Epoch 5190 | Val Loss: 0.3549 | Val Cost:    0.00 | Val Max P-Miss: 0.2235 | Val Max Q-Miss: 0.0226 | Val Max Gen Viol: 0.0000 | Val Max Thermal: 0.0000
Epoch 5200 | Val Loss: 0.3549 | Val Cost:    0.00 | Val Max P-Miss: 0.2343 | Val Max Q-Miss: 0.0208 | Val Max Gen Viol: 0.0000 | Val Max Thermal: 0.0000
Epoch 5210 | Val Loss: 0.3548 | Val Cost:    0.00 | Val Max P-Miss: 0.2328 | Val Max Q-Miss: 0.0239 | Val Max Gen Viol: 0.0000 | Val Max Thermal: 0.0000
Epoch 5220 | Val Loss: 0.3552 | Val Cost:    0.00 | Val Max P-Miss: 0.2148 | Val Max Q-Miss: 0.0191 | Val Max Gen Viol: 0.0000 | Val Max Thermal: 0.0000
Epoch 5230 | Val Loss: 0.3551 | Val Cost:    0.00 | Val Max P-Miss: 0.2229 | Val Max Q-Miss: 0.0176 | Val Max Gen Viol: 0.0000 | Val Max Thermal: 0.0000
Epoch 5240 | Val Loss: 0.3549 | Val Cost:    0.00 | Val Max P-Miss: 0.2284 | Val Max Q-Miss: 0.0194 | Val Max Gen Viol: 0.0000 | Val Max Thermal: 0.0000
Epoch 5250 | Val Loss: 0.3548 | Val Cost:    0.00 | Val Max P-Miss: 0.2325 | Val Max Q-Miss: 0.0247 | Val Max Gen Viol: 0.0000 | Val Max Thermal: 0.0000
Epoch 5260 | Val Loss: 0.3547 | Val Cost:    0.00 | Val Max P-Miss: 0.2306 | Val Max Q-Miss: 0.0250 | Val Max Gen Viol: 0.0000 | Val Max Thermal: 0.0000 [*SAVED BEST*]
Epoch 5270 | Val Loss: 0.3566 | Val Cost:    0.00 | Val Max P-Miss: 0.2457 | Val Max Q-Miss: 0.0305 | Val Max Gen Viol: 0.0000 | Val Max Thermal: 0.0000
Epoch 5280 | Val Loss: 0.3557 | Val Cost:    0.00 | Val Max P-Miss: 0.2425 | Val Max Q-Miss: 0.0280 | Val Max Gen Viol: 0.0000 | Val Max Thermal: 0.0000
Epoch 5290 | Val Loss: 0.3555 | Val Cost:    0.00 | Val Max P-Miss: 0.2314 | Val Max Q-Miss: 0.0274 | Val Max Gen Viol: 0.0000 | Val Max Thermal: 0.0000
Epoch 5300 | Val Loss: 0.3553 | Val Cost:    0.00 | Val Max P-Miss: 0.2238 | Val Max Q-Miss: 0.0266 | Val Max Gen Viol: 0.0000 | Val Max Thermal: 0.0000
Epoch 5310 | Val Loss: 0.3552 | Val Cost:    0.00 | Val Max P-Miss: 0.2243 | Val Max Q-Miss: 0.0261 | Val Max Gen Viol: 0.0000 | Val Max Thermal: 0.0000
Epoch 5320 | Val Loss: 0.3551 | Val Cost:    0.00 | Val Max P-Miss: 0.2243 | Val Max Q-Miss: 0.0265 | Val Max Gen Viol: 0.0000 | Val Max Thermal: 0.0000
Epoch 5330 | Val Loss: 0.3551 | Val Cost:    0.00 | Val Max P-Miss: 0.2179 | Val Max Q-Miss: 0.0268 | Val Max Gen Viol: 0.0000 | Val Max Thermal: 0.0000
Epoch 5340 | Val Loss: 0.3550 | Val Cost:    0.00 | Val Max P-Miss: 0.2248 | Val Max Q-Miss: 0.0288 | Val Max Gen Viol: 0.0000 | Val Max Thermal: 0.0000
Epoch 5350 | Val Loss: 0.3597 | Val Cost:    0.00 | Val Max P-Miss: 0.2482 | Val Max Q-Miss: 0.0452 | Val Max Gen Viol: 0.0000 | Val Max Thermal: 0.0000
Epoch 5360 | Val Loss: 0.3554 | Val Cost:    0.00 | Val Max P-Miss: 0.2196 | Val Max Q-Miss: 0.0305 | Val Max Gen Viol: 0.0000 | Val Max Thermal: 0.0000
Epoch 5370 | Val Loss: 0.3553 | Val Cost:    0.00 | Val Max P-Miss: 0.2281 | Val Max Q-Miss: 0.0256 | Val Max Gen Viol: 0.0000 | Val Max Thermal: 0.0000
Epoch 5380 | Val Loss: 0.3552 | Val Cost:    0.00 | Val Max P-Miss: 0.2289 | Val Max Q-Miss: 0.0336 | Val Max Gen Viol: 0.0000 | Val Max Thermal: 0.0000
Epoch 5390 | Val Loss: 0.3551 | Val Cost:    0.00 | Val Max P-Miss: 0.2246 | Val Max Q-Miss: 0.0277 | Val Max Gen Viol: 0.0000 | Val Max Thermal: 0.0000
Epoch 5400 | Val Loss: 0.3551 | Val Cost:    0.00 | Val Max P-Miss: 0.2252 | Val Max Q-Miss: 0.0279 | Val Max Gen Viol: 0.0000 | Val Max Thermal: 0.0000
Epoch 5410 | Val Loss: 0.3557 | Val Cost:    0.00 | Val Max P-Miss: 0.2339 | Val Max Q-Miss: 0.0284 | Val Max Gen Viol: 0.0000 | Val Max Thermal: 0.0000
Epoch 5420 | Val Loss: 0.3551 | Val Cost:    0.00 | Val Max P-Miss: 0.2232 | Val Max Q-Miss: 0.0215 | Val Max Gen Viol: 0.0000 | Val Max Thermal: 0.0000
Epoch 5430 | Val Loss: 0.3550 | Val Cost:    0.00 | Val Max P-Miss: 0.2266 | Val Max Q-Miss: 0.0200 | Val Max Gen Viol: 0.0000 | Val Max Thermal: 0.0000
Epoch 5440 | Val Loss: 0.3550 | Val Cost:    0.00 | Val Max P-Miss: 0.2294 | Val Max Q-Miss: 0.0238 | Val Max Gen Viol: 0.0000 | Val Max Thermal: 0.0000
Epoch 5450 | Val Loss: 0.3557 | Val Cost:    0.00 | Val Max P-Miss: 0.2204 | Val Max Q-Miss: 0.0240 | Val Max Gen Viol: 0.0000 | Val Max Thermal: 0.0000
Epoch 5460 | Val Loss: 0.3554 | Val Cost:    0.00 | Val Max P-Miss: 0.2158 | Val Max Q-Miss: 0.0166 | Val Max Gen Viol: 0.0000 | Val Max Thermal: 0.0000
Epoch 5470 | Val Loss: 0.3552 | Val Cost:    0.00 | Val Max P-Miss: 0.2267 | Val Max Q-Miss: 0.0208 | Val Max Gen Viol: 0.0000 | Val Max Thermal: 0.0000
Epoch 5480 | Val Loss: 0.3550 | Val Cost:    0.00 | Val Max P-Miss: 0.2304 | Val Max Q-Miss: 0.0178 | Val Max Gen Viol: 0.0000 | Val Max Thermal: 0.0000
Epoch 5490 | Val Loss: 0.3759 | Val Cost:    0.00 | Val Max P-Miss: 0.3187 | Val Max Q-Miss: 0.0427 | Val Max Gen Viol: 0.0000 | Val Max Thermal: 0.0000
Epoch 5500 | Val Loss: 0.3556 | Val Cost:    0.00 | Val Max P-Miss: 0.2163 | Val Max Q-Miss: 0.0159 | Val Max Gen Viol: 0.0000 | Val Max Thermal: 0.0000
Epoch 5510 | Val Loss: 0.3554 | Val Cost:    0.00 | Val Max P-Miss: 0.2225 | Val Max Q-Miss: 0.0169 | Val Max Gen Viol: 0.0000 | Val Max Thermal: 0.0000
Epoch 5520 | Val Loss: 0.3552 | Val Cost:    0.00 | Val Max P-Miss: 0.2261 | Val Max Q-Miss: 0.0170 | Val Max Gen Viol: 0.0000 | Val Max Thermal: 0.0000
Epoch 5530 | Val Loss: 0.3550 | Val Cost:    0.00 | Val Max P-Miss: 0.2318 | Val Max Q-Miss: 0.0174 | Val Max Gen Viol: 0.0000 | Val Max Thermal: 0.0000
Epoch 5540 | Val Loss: 0.3549 | Val Cost:    0.00 | Val Max P-Miss: 0.2322 | Val Max Q-Miss: 0.0210 | Val Max Gen Viol: 0.0000 | Val Max Thermal: 0.0000
Epoch 5550 | Val Loss: 0.3548 | Val Cost:    0.00 | Val Max P-Miss: 0.2374 | Val Max Q-Miss: 0.0226 | Val Max Gen Viol: 0.0000 | Val Max Thermal: 0.0000
Epoch 5560 | Val Loss: 0.3557 | Val Cost:    0.00 | Val Max P-Miss: 0.2309 | Val Max Q-Miss: 0.0201 | Val Max Gen Viol: 0.0000 | Val Max Thermal: 0.0000
Epoch 5570 | Val Loss: 0.3548 | Val Cost:    0.00 | Val Max P-Miss: 0.2291 | Val Max Q-Miss: 0.0167 | Val Max Gen Viol: 0.0000 | Val Max Thermal: 0.0000
Epoch 5580 | Val Loss: 0.3549 | Val Cost:    0.00 | Val Max P-Miss: 0.2329 | Val Max Q-Miss: 0.0215 | Val Max Gen Viol: 0.0000 | Val Max Thermal: 0.0000
Epoch 5590 | Val Loss: 0.3550 | Val Cost:    0.00 | Val Max P-Miss: 0.2294 | Val Max Q-Miss: 0.0174 | Val Max Gen Viol: 0.0000 | Val Max Thermal: 0.0000
Epoch 5600 | Val Loss: 0.3549 | Val Cost:    0.00 | Val Max P-Miss: 0.2281 | Val Max Q-Miss: 0.0245 | Val Max Gen Viol: 0.0000 | Val Max Thermal: 0.0000
Epoch 5610 | Val Loss: 0.3549 | Val Cost:    0.00 | Val Max P-Miss: 0.2340 | Val Max Q-Miss: 0.0221 | Val Max Gen Viol: 0.0000 | Val Max Thermal: 0.0000
Epoch 5620 | Val Loss: 0.3563 | Val Cost:    0.00 | Val Max P-Miss: 0.2422 | Val Max Q-Miss: 0.0217 | Val Max Gen Viol: 0.0000 | Val Max Thermal: 0.0000
Epoch 5630 | Val Loss: 0.3550 | Val Cost:    0.00 | Val Max P-Miss: 0.2352 | Val Max Q-Miss: 0.0209 | Val Max Gen Viol: 0.0000 | Val Max Thermal: 0.0000
Epoch 5640 | Val Loss: 0.3548 | Val Cost:    0.00 | Val Max P-Miss: 0.2319 | Val Max Q-Miss: 0.0227 | Val Max Gen Viol: 0.0000 | Val Max Thermal: 0.0000
Epoch 5650 | Val Loss: 0.3553 | Val Cost:    0.00 | Val Max P-Miss: 0.2227 | Val Max Q-Miss: 0.0177 | Val Max Gen Viol: 0.0000 | Val Max Thermal: 0.0000
Epoch 5660 | Val Loss: 0.3549 | Val Cost:    0.00 | Val Max P-Miss: 0.2306 | Val Max Q-Miss: 0.0160 | Val Max Gen Viol: 0.0000 | Val Max Thermal: 0.0000
Epoch 5670 | Val Loss: 0.3548 | Val Cost:    0.00 | Val Max P-Miss: 0.2353 | Val Max Q-Miss: 0.0157 | Val Max Gen Viol: 0.0000 | Val Max Thermal: 0.0000
Epoch 5680 | Val Loss: 0.3553 | Val Cost:    0.00 | Val Max P-Miss: 0.2176 | Val Max Q-Miss: 0.0185 | Val Max Gen Viol: 0.0000 | Val Max Thermal: 0.0000
Epoch 5690 | Val Loss: 0.3550 | Val Cost:    0.00 | Val Max P-Miss: 0.2287 | Val Max Q-Miss: 0.0175 | Val Max Gen Viol: 0.0000 | Val Max Thermal: 0.0000
Epoch 5700 | Val Loss: 0.3549 | Val Cost:    0.00 | Val Max P-Miss: 0.2287 | Val Max Q-Miss: 0.0163 | Val Max Gen Viol: 0.0000 | Val Max Thermal: 0.0000
Epoch 5710 | Val Loss: 0.3548 | Val Cost:    0.00 | Val Max P-Miss: 0.2376 | Val Max Q-Miss: 0.0219 | Val Max Gen Viol: 0.0000 | Val Max Thermal: 0.0000
Epoch 5720 | Val Loss: 0.3548 | Val Cost:    0.00 | Val Max P-Miss: 0.2367 | Val Max Q-Miss: 0.0175 | Val Max Gen Viol: 0.0000 | Val Max Thermal: 0.0000
Epoch 5730 | Val Loss: 0.3547 | Val Cost:    0.00 | Val Max P-Miss: 0.2349 | Val Max Q-Miss: 0.0160 | Val Max Gen Viol: 0.0000 | Val Max Thermal: 0.0000
Epoch 5740 | Val Loss: 0.3548 | Val Cost:    0.00 | Val Max P-Miss: 0.2294 | Val Max Q-Miss: 0.0203 | Val Max Gen Viol: 0.0000 | Val Max Thermal: 0.0000
Epoch 5750 | Val Loss: 0.3552 | Val Cost:    0.00 | Val Max P-Miss: 0.2193 | Val Max Q-Miss: 0.0160 | Val Max Gen Viol: 0.0000 | Val Max Thermal: 0.0000
Epoch 5760 | Val Loss: 0.3550 | Val Cost:    0.00 | Val Max P-Miss: 0.2265 | Val Max Q-Miss: 0.0159 | Val Max Gen Viol: 0.0000 | Val Max Thermal: 0.0000
Epoch 5770 | Val Loss: 0.3548 | Val Cost:    0.00 | Val Max P-Miss: 0.2292 | Val Max Q-Miss: 0.0171 | Val Max Gen Viol: 0.0000 | Val Max Thermal: 0.0000
Epoch 5780 | Val Loss: 0.3548 | Val Cost:    0.00 | Val Max P-Miss: 0.2334 | Val Max Q-Miss: 0.0197 | Val Max Gen Viol: 0.0000 | Val Max Thermal: 0.0000
Epoch 5790 | Val Loss: 0.3556 | Val Cost:    0.00 | Val Max P-Miss: 0.2193 | Val Max Q-Miss: 0.0179 | Val Max Gen Viol: 0.0000 | Val Max Thermal: 0.0000
Epoch 5800 | Val Loss: 0.3552 | Val Cost:    0.00 | Val Max P-Miss: 0.2282 | Val Max Q-Miss: 0.0164 | Val Max Gen Viol: 0.0000 | Val Max Thermal: 0.0000
Epoch 5810 | Val Loss: 0.3551 | Val Cost:    0.00 | Val Max P-Miss: 0.2402 | Val Max Q-Miss: 0.0160 | Val Max Gen Viol: 0.0000 | Val Max Thermal: 0.0000
Epoch 5820 | Val Loss: 0.3549 | Val Cost:    0.00 | Val Max P-Miss: 0.2412 | Val Max Q-Miss: 0.0150 | Val Max Gen Viol: 0.0000 | Val Max Thermal: 0.0000
Epoch 5830 | Val Loss: 0.3549 | Val Cost:    0.00 | Val Max P-Miss: 0.2310 | Val Max Q-Miss: 0.0166 | Val Max Gen Viol: 0.0000 | Val Max Thermal: 0.0000
Epoch 5840 | Val Loss: 0.3557 | Val Cost:    0.00 | Val Max P-Miss: 0.2263 | Val Max Q-Miss: 0.0174 | Val Max Gen Viol: 0.0000 | Val Max Thermal: 0.0000
Epoch 5850 | Val Loss: 0.3554 | Val Cost:    0.00 | Val Max P-Miss: 0.2254 | Val Max Q-Miss: 0.0191 | Val Max Gen Viol: 0.0000 | Val Max Thermal: 0.0000
Epoch 5860 | Val Loss: 0.3552 | Val Cost:    0.00 | Val Max P-Miss: 0.2343 | Val Max Q-Miss: 0.0173 | Val Max Gen Viol: 0.0000 | Val Max Thermal: 0.0000
Epoch 5870 | Val Loss: 0.3550 | Val Cost:    0.00 | Val Max P-Miss: 0.2318 | Val Max Q-Miss: 0.0156 | Val Max Gen Viol: 0.0000 | Val Max Thermal: 0.0000
Epoch 5880 | Val Loss: 0.3550 | Val Cost:    0.00 | Val Max P-Miss: 0.2328 | Val Max Q-Miss: 0.0152 | Val Max Gen Viol: 0.0000 | Val Max Thermal: 0.0000
Epoch 5890 | Val Loss: 0.3548 | Val Cost:    0.00 | Val Max P-Miss: 0.2342 | Val Max Q-Miss: 0.0181 | Val Max Gen Viol: 0.0000 | Val Max Thermal: 0.0000
Epoch 5900 | Val Loss: 0.3555 | Val Cost:    0.00 | Val Max P-Miss: 0.2180 | Val Max Q-Miss: 0.0153 | Val Max Gen Viol: 0.0000 | Val Max Thermal: 0.0000
Epoch 5910 | Val Loss: 0.3552 | Val Cost:    0.00 | Val Max P-Miss: 0.2333 | Val Max Q-Miss: 0.0167 | Val Max Gen Viol: 0.0000 | Val Max Thermal: 0.0000
Epoch 5920 | Val Loss: 0.3551 | Val Cost:    0.00 | Val Max P-Miss: 0.2256 | Val Max Q-Miss: 0.0147 | Val Max Gen Viol: 0.0000 | Val Max Thermal: 0.0000
Epoch 5930 | Val Loss: 0.3551 | Val Cost:    0.00 | Val Max P-Miss: 0.2282 | Val Max Q-Miss: 0.0160 | Val Max Gen Viol: 0.0000 | Val Max Thermal: 0.0000
Epoch 5940 | Val Loss: 0.3548 | Val Cost:    0.00 | Val Max P-Miss: 0.2339 | Val Max Q-Miss: 0.0201 | Val Max Gen Viol: 0.0000 | Val Max Thermal: 0.0000
Epoch 5950 | Val Loss: 0.3547 | Val Cost:    0.00 | Val Max P-Miss: 0.2329 | Val Max Q-Miss: 0.0168 | Val Max Gen Viol: 0.0000 | Val Max Thermal: 0.0000
Epoch 5960 | Val Loss: 0.3550 | Val Cost:    0.00 | Val Max P-Miss: 0.2304 | Val Max Q-Miss: 0.0144 | Val Max Gen Viol: 0.0000 | Val Max Thermal: 0.0000
Epoch 5970 | Val Loss: 0.3555 | Val Cost:    0.00 | Val Max P-Miss: 0.2193 | Val Max Q-Miss: 0.0173 | Val Max Gen Viol: 0.0000 | Val Max Thermal: 0.0000
Epoch 5980 | Val Loss: 0.3552 | Val Cost:    0.00 | Val Max P-Miss: 0.2308 | Val Max Q-Miss: 0.0175 | Val Max Gen Viol: 0.0000 | Val Max Thermal: 0.0000
Epoch 5990 | Val Loss: 0.3551 | Val Cost:    0.00 | Val Max P-Miss: 0.2322 | Val Max Q-Miss: 0.0143 | Val Max Gen Viol: 0.0000 | Val Max Thermal: 0.0000
Epoch 6000 | Val Loss: 0.3548 | Val Cost:    0.00 | Val Max P-Miss: 0.2323 | Val Max Q-Miss: 0.0159 | Val Max Gen Viol: 0.0000 | Val Max Thermal: 0.0000
Epoch 6010 | Val Loss: 0.3757 | Val Cost:    0.00 | Val Max P-Miss: 0.2987 | Val Max Q-Miss: 0.0328 | Val Max Gen Viol: 0.0000 | Val Max Thermal: 0.0000
Epoch 6020 | Val Loss: 0.3549 | Val Cost:    0.00 | Val Max P-Miss: 0.2257 | Val Max Q-Miss: 0.0194 | Val Max Gen Viol: 0.0000 | Val Max Thermal: 0.0000
Epoch 6030 | Val Loss: 0.3548 | Val Cost:    0.00 | Val Max P-Miss: 0.2322 | Val Max Q-Miss: 0.0187 | Val Max Gen Viol: 0.0000 | Val Max Thermal: 0.0000
Epoch 6040 | Val Loss: 0.3547 | Val Cost:    0.00 | Val Max P-Miss: 0.2264 | Val Max Q-Miss: 0.0152 | Val Max Gen Viol: 0.0000 | Val Max Thermal: 0.0000 [*SAVED BEST*]
Epoch 6050 | Val Loss: 0.3551 | Val Cost:    0.00 | Val Max P-Miss: 0.2244 | Val Max Q-Miss: 0.0137 | Val Max Gen Viol: 0.0000 | Val Max Thermal: 0.0000
Epoch 6060 | Val Loss: 0.3550 | Val Cost:    0.00 | Val Max P-Miss: 0.2225 | Val Max Q-Miss: 0.0183 | Val Max Gen Viol: 0.0000 | Val Max Thermal: 0.0000
Epoch 6070 | Val Loss: 0.3549 | Val Cost:    0.00 | Val Max P-Miss: 0.2293 | Val Max Q-Miss: 0.0209 | Val Max Gen Viol: 0.0000 | Val Max Thermal: 0.0000
Epoch 6080 | Val Loss: 0.3547 | Val Cost:    0.00 | Val Max P-Miss: 0.2335 | Val Max Q-Miss: 0.0177 | Val Max Gen Viol: 0.0000 | Val Max Thermal: 0.0000
Epoch 6090 | Val Loss: 0.3547 | Val Cost:    0.00 | Val Max P-Miss: 0.2301 | Val Max Q-Miss: 0.0157 | Val Max Gen Viol: 0.0000 | Val Max Thermal: 0.0000
Epoch 6100 | Val Loss: 0.3550 | Val Cost:    0.00 | Val Max P-Miss: 0.2304 | Val Max Q-Miss: 0.0160 | Val Max Gen Viol: 0.0000 | Val Max Thermal: 0.0000
Epoch 6110 | Val Loss: 0.3548 | Val Cost:    0.00 | Val Max P-Miss: 0.2248 | Val Max Q-Miss: 0.0146 | Val Max Gen Viol: 0.0000 | Val Max Thermal: 0.0000
Epoch 6120 | Val Loss: 0.3550 | Val Cost:    0.00 | Val Max P-Miss: 0.2330 | Val Max Q-Miss: 0.0251 | Val Max Gen Viol: 0.0000 | Val Max Thermal: 0.0000
Epoch 6130 | Val Loss: 0.3556 | Val Cost:    0.00 | Val Max P-Miss: 0.2209 | Val Max Q-Miss: 0.0189 | Val Max Gen Viol: 0.0000 | Val Max Thermal: 0.0000
Epoch 6140 | Val Loss: 0.3548 | Val Cost:    0.00 | Val Max P-Miss: 0.2193 | Val Max Q-Miss: 0.0182 | Val Max Gen Viol: 0.0000 | Val Max Thermal: 0.0000
Epoch 6150 | Val Loss: 0.3547 | Val Cost:    0.00 | Val Max P-Miss: 0.2323 | Val Max Q-Miss: 0.0143 | Val Max Gen Viol: 0.0000 | Val Max Thermal: 0.0000
Epoch 6160 | Val Loss: 0.3979 | Val Cost:    0.00 | Val Max P-Miss: 0.3060 | Val Max Q-Miss: 0.0694 | Val Max Gen Viol: 0.0000 | Val Max Thermal: 0.0000
Epoch 6170 | Val Loss: 0.3552 | Val Cost:    0.00 | Val Max P-Miss: 0.2277 | Val Max Q-Miss: 0.0138 | Val Max Gen Viol: 0.0000 | Val Max Thermal: 0.0000
Epoch 6180 | Val Loss: 0.3551 | Val Cost:    0.00 | Val Max P-Miss: 0.2226 | Val Max Q-Miss: 0.0142 | Val Max Gen Viol: 0.0000 | Val Max Thermal: 0.0000
Epoch 6190 | Val Loss: 0.3549 | Val Cost:    0.00 | Val Max P-Miss: 0.2285 | Val Max Q-Miss: 0.0137 | Val Max Gen Viol: 0.0000 | Val Max Thermal: 0.0000
Epoch 6200 | Val Loss: 0.3547 | Val Cost:    0.00 | Val Max P-Miss: 0.2298 | Val Max Q-Miss: 0.0155 | Val Max Gen Viol: 0.0000 | Val Max Thermal: 0.0000
Epoch 6210 | Val Loss: 0.3548 | Val Cost:    0.00 | Val Max P-Miss: 0.2333 | Val Max Q-Miss: 0.0146 | Val Max Gen Viol: 0.0000 | Val Max Thermal: 0.0000
Epoch 6220 | Val Loss: 0.3547 | Val Cost:    0.00 | Val Max P-Miss: 0.2333 | Val Max Q-Miss: 0.0142 | Val Max Gen Viol: 0.0000 | Val Max Thermal: 0.0000
Epoch 6230 | Val Loss: 0.3556 | Val Cost:    0.00 | Val Max P-Miss: 0.2310 | Val Max Q-Miss: 0.0179 | Val Max Gen Viol: 0.0000 | Val Max Thermal: 0.0000
Epoch 6240 | Val Loss: 0.3552 | Val Cost:    0.00 | Val Max P-Miss: 0.2170 | Val Max Q-Miss: 0.0130 | Val Max Gen Viol: 0.0000 | Val Max Thermal: 0.0000
Epoch 6250 | Val Loss: 0.3550 | Val Cost:    0.00 | Val Max P-Miss: 0.2311 | Val Max Q-Miss: 0.0157 | Val Max Gen Viol: 0.0000 | Val Max Thermal: 0.0000
Epoch 6260 | Val Loss: 0.3548 | Val Cost:    0.00 | Val Max P-Miss: 0.2337 | Val Max Q-Miss: 0.0150 | Val Max Gen Viol: 0.0000 | Val Max Thermal: 0.0000
Epoch 6270 | Val Loss: 0.3548 | Val Cost:    0.00 | Val Max P-Miss: 0.2340 | Val Max Q-Miss: 0.0141 | Val Max Gen Viol: 0.0000 | Val Max Thermal: 0.0000
Epoch 6280 | Val Loss: 0.3548 | Val Cost:    0.00 | Val Max P-Miss: 0.2328 | Val Max Q-Miss: 0.0139 | Val Max Gen Viol: 0.0000 | Val Max Thermal: 0.0000
Epoch 6290 | Val Loss: 0.4594 | Val Cost:    0.00 | Val Max P-Miss: 0.4946 | Val Max Q-Miss: 0.0593 | Val Max Gen Viol: 0.0000 | Val Max Thermal: 0.0000
Epoch 6300 | Val Loss: 0.3556 | Val Cost:    0.00 | Val Max P-Miss: 0.2221 | Val Max Q-Miss: 0.0188 | Val Max Gen Viol: 0.0000 | Val Max Thermal: 0.0000
Epoch 6310 | Val Loss: 0.3553 | Val Cost:    0.00 | Val Max P-Miss: 0.2182 | Val Max Q-Miss: 0.0139 | Val Max Gen Viol: 0.0000 | Val Max Thermal: 0.0000
Epoch 6320 | Val Loss: 0.3551 | Val Cost:    0.00 | Val Max P-Miss: 0.2356 | Val Max Q-Miss: 0.0180 | Val Max Gen Viol: 0.0000 | Val Max Thermal: 0.0000
Epoch 6330 | Val Loss: 0.3550 | Val Cost:    0.00 | Val Max P-Miss: 0.2462 | Val Max Q-Miss: 0.0159 | Val Max Gen Viol: 0.0000 | Val Max Thermal: 0.0000
Epoch 6340 | Val Loss: 0.3549 | Val Cost:    0.00 | Val Max P-Miss: 0.2323 | Val Max Q-Miss: 0.0149 | Val Max Gen Viol: 0.0000 | Val Max Thermal: 0.0000
Epoch 6350 | Val Loss: 0.3553 | Val Cost:    0.00 | Val Max P-Miss: 0.2395 | Val Max Q-Miss: 0.0146 | Val Max Gen Viol: 0.0000 | Val Max Thermal: 0.0000
Epoch 6360 | Val Loss: 0.3549 | Val Cost:    0.00 | Val Max P-Miss: 0.2347 | Val Max Q-Miss: 0.0150 | Val Max Gen Viol: 0.0000 | Val Max Thermal: 0.0000
Epoch 6370 | Val Loss: 0.3548 | Val Cost:    0.00 | Val Max P-Miss: 0.2396 | Val Max Q-Miss: 0.0145 | Val Max Gen Viol: 0.0000 | Val Max Thermal: 0.0000
Epoch 6380 | Val Loss: 0.3547 | Val Cost:    0.00 | Val Max P-Miss: 0.2377 | Val Max Q-Miss: 0.0133 | Val Max Gen Viol: 0.0000 | Val Max Thermal: 0.0000 [*SAVED BEST*]
Epoch 6390 | Val Loss: 0.3567 | Val Cost:    0.00 | Val Max P-Miss: 0.2377 | Val Max Q-Miss: 0.0177 | Val Max Gen Viol: 0.0000 | Val Max Thermal: 0.0000
Epoch 6400 | Val Loss: 0.3548 | Val Cost:    0.00 | Val Max P-Miss: 0.2283 | Val Max Q-Miss: 0.0156 | Val Max Gen Viol: 0.0000 | Val Max Thermal: 0.0000
Epoch 6410 | Val Loss: 0.3547 | Val Cost:    0.00 | Val Max P-Miss: 0.2347 | Val Max Q-Miss: 0.0131 | Val Max Gen Viol: 0.0000 | Val Max Thermal: 0.0000
Epoch 6420 | Val Loss: 0.3546 | Val Cost:    0.00 | Val Max P-Miss: 0.2369 | Val Max Q-Miss: 0.0175 | Val Max Gen Viol: 0.0000 | Val Max Thermal: 0.0000 [*SAVED BEST*]
Epoch 6430 | Val Loss: 0.3549 | Val Cost:    0.00 | Val Max P-Miss: 0.2206 | Val Max Q-Miss: 0.0143 | Val Max Gen Viol: 0.0000 | Val Max Thermal: 0.0000
Epoch 6440 | Val Loss: 0.3548 | Val Cost:    0.00 | Val Max P-Miss: 0.2309 | Val Max Q-Miss: 0.0136 | Val Max Gen Viol: 0.0000 | Val Max Thermal: 0.0000
Epoch 6450 | Val Loss: 0.3547 | Val Cost:    0.00 | Val Max P-Miss: 0.2305 | Val Max Q-Miss: 0.0154 | Val Max Gen Viol: 0.0000 | Val Max Thermal: 0.0000
Epoch 6460 | Val Loss: 0.3600 | Val Cost:    0.00 | Val Max P-Miss: 0.2429 | Val Max Q-Miss: 0.0296 | Val Max Gen Viol: 0.0000 | Val Max Thermal: 0.0000
Epoch 6470 | Val Loss: 0.3550 | Val Cost:    0.00 | Val Max P-Miss: 0.2283 | Val Max Q-Miss: 0.0130 | Val Max Gen Viol: 0.0000 | Val Max Thermal: 0.0000
Epoch 6480 | Val Loss: 0.3548 | Val Cost:    0.00 | Val Max P-Miss: 0.2188 | Val Max Q-Miss: 0.0127 | Val Max Gen Viol: 0.0000 | Val Max Thermal: 0.0000
Epoch 6490 | Val Loss: 0.3547 | Val Cost:    0.00 | Val Max P-Miss: 0.2292 | Val Max Q-Miss: 0.0141 | Val Max Gen Viol: 0.0000 | Val Max Thermal: 0.0000
Epoch 6500 | Val Loss: 0.3548 | Val Cost:    0.00 | Val Max P-Miss: 0.2293 | Val Max Q-Miss: 0.0166 | Val Max Gen Viol: 0.0000 | Val Max Thermal: 0.0000
Epoch 6510 | Val Loss: 0.3548 | Val Cost:    0.00 | Val Max P-Miss: 0.2344 | Val Max Q-Miss: 0.0138 | Val Max Gen Viol: 0.0000 | Val Max Thermal: 0.0000
Epoch 6520 | Val Loss: 0.3592 | Val Cost:    0.00 | Val Max P-Miss: 0.2651 | Val Max Q-Miss: 0.0250 | Val Max Gen Viol: 0.0000 | Val Max Thermal: 0.0000
Epoch 6530 | Val Loss: 0.3553 | Val Cost:    0.00 | Val Max P-Miss: 0.2147 | Val Max Q-Miss: 0.0125 | Val Max Gen Viol: 0.0000 | Val Max Thermal: 0.0000
Epoch 6540 | Val Loss: 0.3551 | Val Cost:    0.00 | Val Max P-Miss: 0.2229 | Val Max Q-Miss: 0.0145 | Val Max Gen Viol: 0.0000 | Val Max Thermal: 0.0000
Epoch 6550 | Val Loss: 0.3550 | Val Cost:    0.00 | Val Max P-Miss: 0.2269 | Val Max Q-Miss: 0.0143 | Val Max Gen Viol: 0.0000 | Val Max Thermal: 0.0000
Epoch 6560 | Val Loss: 0.3550 | Val Cost:    0.00 | Val Max P-Miss: 0.2287 | Val Max Q-Miss: 0.0142 | Val Max Gen Viol: 0.0000 | Val Max Thermal: 0.0000
Epoch 6570 | Val Loss: 0.3547 | Val Cost:    0.00 | Val Max P-Miss: 0.2357 | Val Max Q-Miss: 0.0163 | Val Max Gen Viol: 0.0000 | Val Max Thermal: 0.0000
Epoch 6580 | Val Loss: 0.3546 | Val Cost:    0.00 | Val Max P-Miss: 0.2333 | Val Max Q-Miss: 0.0169 | Val Max Gen Viol: 0.0000 | Val Max Thermal: 0.0000
Epoch 6590 | Val Loss: 0.3546 | Val Cost:    0.00 | Val Max P-Miss: 0.2387 | Val Max Q-Miss: 0.0154 | Val Max Gen Viol: 0.0000 | Val Max Thermal: 0.0000
Epoch 6600 | Val Loss: 0.3547 | Val Cost:    0.00 | Val Max P-Miss: 0.2332 | Val Max Q-Miss: 0.0126 | Val Max Gen Viol: 0.0000 | Val Max Thermal: 0.0000
Epoch 6610 | Val Loss: 0.3547 | Val Cost:    0.00 | Val Max P-Miss: 0.2369 | Val Max Q-Miss: 0.0197 | Val Max Gen Viol: 0.0000 | Val Max Thermal: 0.0000
Epoch 6620 | Val Loss: 0.3551 | Val Cost:    0.00 | Val Max P-Miss: 0.2185 | Val Max Q-Miss: 0.0135 | Val Max Gen Viol: 0.0000 | Val Max Thermal: 0.0000
Epoch 6630 | Val Loss: 0.3550 | Val Cost:    0.00 | Val Max P-Miss: 0.2213 | Val Max Q-Miss: 0.0155 | Val Max Gen Viol: 0.0000 | Val Max Thermal: 0.0000
Epoch 6640 | Val Loss: 0.3548 | Val Cost:    0.00 | Val Max P-Miss: 0.2266 | Val Max Q-Miss: 0.0128 | Val Max Gen Viol: 0.0000 | Val Max Thermal: 0.0000
Epoch 6650 | Val Loss: 0.3547 | Val Cost:    0.00 | Val Max P-Miss: 0.2324 | Val Max Q-Miss: 0.0146 | Val Max Gen Viol: 0.0000 | Val Max Thermal: 0.0000
Epoch 6660 | Val Loss: 0.3546 | Val Cost:    0.00 | Val Max P-Miss: 0.2380 | Val Max Q-Miss: 0.0143 | Val Max Gen Viol: 0.0000 | Val Max Thermal: 0.0000
Epoch 6670 | Val Loss: 0.3547 | Val Cost:    0.00 | Val Max P-Miss: 0.2283 | Val Max Q-Miss: 0.0129 | Val Max Gen Viol: 0.0000 | Val Max Thermal: 0.0000
Epoch 6680 | Val Loss: 0.3547 | Val Cost:    0.00 | Val Max P-Miss: 0.2331 | Val Max Q-Miss: 0.0159 | Val Max Gen Viol: 0.0000 | Val Max Thermal: 0.0000
Epoch 6690 | Val Loss: 0.3547 | Val Cost:    0.00 | Val Max P-Miss: 0.2365 | Val Max Q-Miss: 0.0140 | Val Max Gen Viol: 0.0000 | Val Max Thermal: 0.0000
Epoch 6700 | Val Loss: 0.3547 | Val Cost:    0.00 | Val Max P-Miss: 0.2270 | Val Max Q-Miss: 0.0143 | Val Max Gen Viol: 0.0000 | Val Max Thermal: 0.0000
Epoch 6710 | Val Loss: 0.3547 | Val Cost:    0.00 | Val Max P-Miss: 0.2395 | Val Max Q-Miss: 0.0141 | Val Max Gen Viol: 0.0000 | Val Max Thermal: 0.0000
Epoch 6720 | Val Loss: 0.3546 | Val Cost:    0.00 | Val Max P-Miss: 0.2371 | Val Max Q-Miss: 0.0197 | Val Max Gen Viol: 0.0000 | Val Max Thermal: 0.0000 [*SAVED BEST*]
Epoch 6730 | Val Loss: 0.3547 | Val Cost:    0.00 | Val Max P-Miss: 0.2327 | Val Max Q-Miss: 0.0169 | Val Max Gen Viol: 0.0000 | Val Max Thermal: 0.0000
Epoch 6740 | Val Loss: 0.3546 | Val Cost:    0.00 | Val Max P-Miss: 0.2338 | Val Max Q-Miss: 0.0164 | Val Max Gen Viol: 0.0000 | Val Max Thermal: 0.0000
Epoch 6750 | Val Loss: 0.3545 | Val Cost:    0.00 | Val Max P-Miss: 0.2391 | Val Max Q-Miss: 0.0200 | Val Max Gen Viol: 0.0000 | Val Max Thermal: 0.0000 [*SAVED BEST*]
Epoch 6760 | Val Loss: 0.3578 | Val Cost:    0.00 | Val Max P-Miss: 0.2433 | Val Max Q-Miss: 0.0293 | Val Max Gen Viol: 0.0000 | Val Max Thermal: 0.0000
Epoch 6770 | Val Loss: 0.3552 | Val Cost:    0.00 | Val Max P-Miss: 0.2142 | Val Max Q-Miss: 0.0140 | Val Max Gen Viol: 0.0000 | Val Max Thermal: 0.0000
Epoch 6780 | Val Loss: 0.3551 | Val Cost:    0.00 | Val Max P-Miss: 0.2213 | Val Max Q-Miss: 0.0147 | Val Max Gen Viol: 0.0000 | Val Max Thermal: 0.0000
Epoch 6790 | Val Loss: 0.3550 | Val Cost:    0.00 | Val Max P-Miss: 0.2354 | Val Max Q-Miss: 0.0145 | Val Max Gen Viol: 0.0000 | Val Max Thermal: 0.0000
Epoch 6800 | Val Loss: 0.3547 | Val Cost:    0.00 | Val Max P-Miss: 0.2271 | Val Max Q-Miss: 0.0173 | Val Max Gen Viol: 0.0000 | Val Max Thermal: 0.0000
Epoch 6810 | Val Loss: 0.3547 | Val Cost:    0.00 | Val Max P-Miss: 0.2289 | Val Max Q-Miss: 0.0182 | Val Max Gen Viol: 0.0000 | Val Max Thermal: 0.0000
Epoch 6820 | Val Loss: 0.3548 | Val Cost:    0.00 | Val Max P-Miss: 0.2216 | Val Max Q-Miss: 0.0130 | Val Max Gen Viol: 0.0000 | Val Max Thermal: 0.0000
Epoch 6830 | Val Loss: 0.3547 | Val Cost:    0.00 | Val Max P-Miss: 0.2276 | Val Max Q-Miss: 0.0149 | Val Max Gen Viol: 0.0000 | Val Max Thermal: 0.0000
Epoch 6840 | Val Loss: 0.3546 | Val Cost:    0.00 | Val Max P-Miss: 0.2307 | Val Max Q-Miss: 0.0189 | Val Max Gen Viol: 0.0000 | Val Max Thermal: 0.0000
Epoch 6850 | Val Loss: 0.3548 | Val Cost:    0.00 | Val Max P-Miss: 0.2258 | Val Max Q-Miss: 0.0136 | Val Max Gen Viol: 0.0000 | Val Max Thermal: 0.0000
Epoch 6860 | Val Loss: 0.3548 | Val Cost:    0.00 | Val Max P-Miss: 0.2256 | Val Max Q-Miss: 0.0167 | Val Max Gen Viol: 0.0000 | Val Max Thermal: 0.0000
Epoch 6870 | Val Loss: 0.3547 | Val Cost:    0.00 | Val Max P-Miss: 0.2270 | Val Max Q-Miss: 0.0193 | Val Max Gen Viol: 0.0000 | Val Max Thermal: 0.0000
Epoch 6880 | Val Loss: 0.3546 | Val Cost:    0.00 | Val Max P-Miss: 0.2339 | Val Max Q-Miss: 0.0223 | Val Max Gen Viol: 0.0000 | Val Max Thermal: 0.0000
Epoch 6890 | Val Loss: 0.3654 | Val Cost:    0.00 | Val Max P-Miss: 0.2597 | Val Max Q-Miss: 0.0517 | Val Max Gen Viol: 0.0000 | Val Max Thermal: 0.0000
Epoch 6900 | Val Loss: 0.3553 | Val Cost:    0.00 | Val Max P-Miss: 0.2136 | Val Max Q-Miss: 0.0141 | Val Max Gen Viol: 0.0000 | Val Max Thermal: 0.0000
Epoch 6910 | Val Loss: 0.3550 | Val Cost:    0.00 | Val Max P-Miss: 0.2269 | Val Max Q-Miss: 0.0175 | Val Max Gen Viol: 0.0000 | Val Max Thermal: 0.0000
Epoch 6920 | Val Loss: 0.3549 | Val Cost:    0.00 | Val Max P-Miss: 0.2306 | Val Max Q-Miss: 0.0138 | Val Max Gen Viol: 0.0000 | Val Max Thermal: 0.0000
Epoch 6930 | Val Loss: 0.3549 | Val Cost:    0.00 | Val Max P-Miss: 0.2296 | Val Max Q-Miss: 0.0149 | Val Max Gen Viol: 0.0000 | Val Max Thermal: 0.0000
Epoch 6940 | Val Loss: 0.3547 | Val Cost:    0.00 | Val Max P-Miss: 0.2326 | Val Max Q-Miss: 0.0159 | Val Max Gen Viol: 0.0000 | Val Max Thermal: 0.0000
Epoch 6950 | Val Loss: 0.3547 | Val Cost:    0.00 | Val Max P-Miss: 0.2379 | Val Max Q-Miss: 0.0142 | Val Max Gen Viol: 0.0000 | Val Max Thermal: 0.0000
Epoch 6960 | Val Loss: 0.3597 | Val Cost:    0.00 | Val Max P-Miss: 0.2843 | Val Max Q-Miss: 0.0284 | Val Max Gen Viol: 0.0000 | Val Max Thermal: 0.0000
Epoch 6970 | Val Loss: 0.3548 | Val Cost:    0.00 | Val Max P-Miss: 0.2314 | Val Max Q-Miss: 0.0151 | Val Max Gen Viol: 0.0000 | Val Max Thermal: 0.0000
Epoch 6980 | Val Loss: 0.3547 | Val Cost:    0.00 | Val Max P-Miss: 0.2339 | Val Max Q-Miss: 0.0143 | Val Max Gen Viol: 0.0000 | Val Max Thermal: 0.0000
Epoch 6990 | Val Loss: 0.3550 | Val Cost:    0.00 | Val Max P-Miss: 0.2256 | Val Max Q-Miss: 0.0145 | Val Max Gen Viol: 0.0000 | Val Max Thermal: 0.0000
Epoch 7000 | Val Loss: 0.3547 | Val Cost:    0.00 | Val Max P-Miss: 0.2296 | Val Max Q-Miss: 0.0126 | Val Max Gen Viol: 0.0000 | Val Max Thermal: 0.0000
Epoch 7010 | Val Loss: 0.3548 | Val Cost:    0.00 | Val Max P-Miss: 0.2249 | Val Max Q-Miss: 0.0138 | Val Max Gen Viol: 0.0000 | Val Max Thermal: 0.0000
Epoch 7020 | Val Loss: 0.3546 | Val Cost:    0.00 | Val Max P-Miss: 0.2377 | Val Max Q-Miss: 0.0167 | Val Max Gen Viol: 0.0000 | Val Max Thermal: 0.0000
Epoch 7030 | Val Loss: 0.3548 | Val Cost:    0.00 | Val Max P-Miss: 0.2288 | Val Max Q-Miss: 0.0138 | Val Max Gen Viol: 0.0000 | Val Max Thermal: 0.0000
Epoch 7040 | Val Loss: 0.3546 | Val Cost:    0.00 | Val Max P-Miss: 0.2304 | Val Max Q-Miss: 0.0191 | Val Max Gen Viol: 0.0000 | Val Max Thermal: 0.0000
Epoch 7050 | Val Loss: 0.3546 | Val Cost:    0.00 | Val Max P-Miss: 0.2385 | Val Max Q-Miss: 0.0178 | Val Max Gen Viol: 0.0000 | Val Max Thermal: 0.0000
Epoch 7060 | Val Loss: 0.3962 | Val Cost:    0.00 | Val Max P-Miss: 0.4163 | Val Max Q-Miss: 0.0657 | Val Max Gen Viol: 0.0000 | Val Max Thermal: 0.0000
Epoch 7070 | Val Loss: 0.3555 | Val Cost:    0.00 | Val Max P-Miss: 0.2203 | Val Max Q-Miss: 0.0153 | Val Max Gen Viol: 0.0000 | Val Max Thermal: 0.0000
Epoch 7080 | Val Loss: 0.3551 | Val Cost:    0.00 | Val Max P-Miss: 0.2187 | Val Max Q-Miss: 0.0152 | Val Max Gen Viol: 0.0000 | Val Max Thermal: 0.0000
Epoch 7090 | Val Loss: 0.3550 | Val Cost:    0.00 | Val Max P-Miss: 0.2207 | Val Max Q-Miss: 0.0167 | Val Max Gen Viol: 0.0000 | Val Max Thermal: 0.0000
Epoch 7100 | Val Loss: 0.3547 | Val Cost:    0.00 | Val Max P-Miss: 0.2253 | Val Max Q-Miss: 0.0142 | Val Max Gen Viol: 0.0000 | Val Max Thermal: 0.0000
Epoch 7110 | Val Loss: 0.3546 | Val Cost:    0.00 | Val Max P-Miss: 0.2365 | Val Max Q-Miss: 0.0135 | Val Max Gen Viol: 0.0000 | Val Max Thermal: 0.0000
Epoch 7120 | Val Loss: 0.3546 | Val Cost:    0.00 | Val Max P-Miss: 0.2381 | Val Max Q-Miss: 0.0143 | Val Max Gen Viol: 0.0000 | Val Max Thermal: 0.0000
Epoch 7130 | Val Loss: 0.3547 | Val Cost:    0.00 | Val Max P-Miss: 0.2310 | Val Max Q-Miss: 0.0142 | Val Max Gen Viol: 0.0000 | Val Max Thermal: 0.0000
Epoch 7140 | Val Loss: 0.3546 | Val Cost:    0.00 | Val Max P-Miss: 0.2351 | Val Max Q-Miss: 0.0157 | Val Max Gen Viol: 0.0000 | Val Max Thermal: 0.0000
Epoch 7150 | Val Loss: 0.3562 | Val Cost:    0.00 | Val Max P-Miss: 0.2269 | Val Max Q-Miss: 0.0196 | Val Max Gen Viol: 0.0000 | Val Max Thermal: 0.0000
Epoch 7160 | Val Loss: 0.3550 | Val Cost:    0.00 | Val Max P-Miss: 0.2207 | Val Max Q-Miss: 0.0166 | Val Max Gen Viol: 0.0000 | Val Max Thermal: 0.0000
Epoch 7170 | Val Loss: 0.3548 | Val Cost:    0.00 | Val Max P-Miss: 0.2257 | Val Max Q-Miss: 0.0150 | Val Max Gen Viol: 0.0000 | Val Max Thermal: 0.0000
Epoch 7180 | Val Loss: 0.3548 | Val Cost:    0.00 | Val Max P-Miss: 0.2286 | Val Max Q-Miss: 0.0124 | Val Max Gen Viol: 0.0000 | Val Max Thermal: 0.0000
Epoch 7190 | Val Loss: 0.3547 | Val Cost:    0.00 | Val Max P-Miss: 0.2297 | Val Max Q-Miss: 0.0148 | Val Max Gen Viol: 0.0000 | Val Max Thermal: 0.0000
Epoch 7200 | Val Loss: 0.3547 | Val Cost:    0.00 | Val Max P-Miss: 0.2328 | Val Max Q-Miss: 0.0128 | Val Max Gen Viol: 0.0000 | Val Max Thermal: 0.0000
Epoch 7210 | Val Loss: 0.3547 | Val Cost:    0.00 | Val Max P-Miss: 0.2336 | Val Max Q-Miss: 0.0140 | Val Max Gen Viol: 0.0000 | Val Max Thermal: 0.0000
Epoch 7220 | Val Loss: 0.3556 | Val Cost:    0.00 | Val Max P-Miss: 0.2358 | Val Max Q-Miss: 0.0166 | Val Max Gen Viol: 0.0000 | Val Max Thermal: 0.0000
Epoch 7230 | Val Loss: 0.3548 | Val Cost:    0.00 | Val Max P-Miss: 0.2321 | Val Max Q-Miss: 0.0144 | Val Max Gen Viol: 0.0000 | Val Max Thermal: 0.0000
Epoch 7240 | Val Loss: 0.3546 | Val Cost:    0.00 | Val Max P-Miss: 0.2376 | Val Max Q-Miss: 0.0156 | Val Max Gen Viol: 0.0000 | Val Max Thermal: 0.0000
Epoch 7250 | Val Loss: 0.3563 | Val Cost:    0.00 | Val Max P-Miss: 0.2377 | Val Max Q-Miss: 0.0151 | Val Max Gen Viol: 0.0000 | Val Max Thermal: 0.0000
Epoch 7260 | Val Loss: 0.3546 | Val Cost:    0.00 | Val Max P-Miss: 0.2269 | Val Max Q-Miss: 0.0179 | Val Max Gen Viol: 0.0000 | Val Max Thermal: 0.0000
Epoch 7270 | Val Loss: 0.3549 | Val Cost:    0.00 | Val Max P-Miss: 0.2341 | Val Max Q-Miss: 0.0176 | Val Max Gen Viol: 0.0000 | Val Max Thermal: 0.0000
Epoch 7280 | Val Loss: 0.3546 | Val Cost:    0.00 | Val Max P-Miss: 0.2333 | Val Max Q-Miss: 0.0161 | Val Max Gen Viol: 0.0000 | Val Max Thermal: 0.0000
Epoch 7290 | Val Loss: 0.3547 | Val Cost:    0.00 | Val Max P-Miss: 0.2323 | Val Max Q-Miss: 0.0140 | Val Max Gen Viol: 0.0000 | Val Max Thermal: 0.0000
Epoch 7300 | Val Loss: 0.3545 | Val Cost:    0.00 | Val Max P-Miss: 0.2359 | Val Max Q-Miss: 0.0169 | Val Max Gen Viol: 0.0000 | Val Max Thermal: 0.0000
Epoch 7310 | Val Loss: 0.3547 | Val Cost:    0.00 | Val Max P-Miss: 0.2280 | Val Max Q-Miss: 0.0127 | Val Max Gen Viol: 0.0000 | Val Max Thermal: 0.0000
Epoch 7320 | Val Loss: 0.3546 | Val Cost:    0.00 | Val Max P-Miss: 0.2333 | Val Max Q-Miss: 0.0139 | Val Max Gen Viol: 0.0000 | Val Max Thermal: 0.0000
Epoch 7330 | Val Loss: 0.3552 | Val Cost:    0.00 | Val Max P-Miss: 0.2274 | Val Max Q-Miss: 0.0207 | Val Max Gen Viol: 0.0000 | Val Max Thermal: 0.0000
Epoch 7340 | Val Loss: 0.3547 | Val Cost:    0.00 | Val Max P-Miss: 0.2265 | Val Max Q-Miss: 0.0135 | Val Max Gen Viol: 0.0000 | Val Max Thermal: 0.0000
Epoch 7350 | Val Loss: 0.3548 | Val Cost:    0.00 | Val Max P-Miss: 0.2300 | Val Max Q-Miss: 0.0132 | Val Max Gen Viol: 0.0000 | Val Max Thermal: 0.0000
Epoch 7360 | Val Loss: 0.3546 | Val Cost:    0.00 | Val Max P-Miss: 0.2321 | Val Max Q-Miss: 0.0158 | Val Max Gen Viol: 0.0000 | Val Max Thermal: 0.0000
Epoch 7370 | Val Loss: 0.3552 | Val Cost:    0.00 | Val Max P-Miss: 0.2192 | Val Max Q-Miss: 0.0131 | Val Max Gen Viol: 0.0000 | Val Max Thermal: 0.0000
Epoch 7380 | Val Loss: 0.3551 | Val Cost:    0.00 | Val Max P-Miss: 0.2201 | Val Max Q-Miss: 0.0127 | Val Max Gen Viol: 0.0000 | Val Max Thermal: 0.0000
Epoch 7390 | Val Loss: 0.3548 | Val Cost:    0.00 | Val Max P-Miss: 0.2232 | Val Max Q-Miss: 0.0153 | Val Max Gen Viol: 0.0000 | Val Max Thermal: 0.0000
Epoch 7400 | Val Loss: 0.3547 | Val Cost:    0.00 | Val Max P-Miss: 0.2319 | Val Max Q-Miss: 0.0149 | Val Max Gen Viol: 0.0000 | Val Max Thermal: 0.0000
Epoch 7410 | Val Loss: 0.3546 | Val Cost:    0.00 | Val Max P-Miss: 0.2338 | Val Max Q-Miss: 0.0148 | Val Max Gen Viol: 0.0000 | Val Max Thermal: 0.0000
Epoch 7420 | Val Loss: 0.3545 | Val Cost:    0.00 | Val Max P-Miss: 0.2361 | Val Max Q-Miss: 0.0145 | Val Max Gen Viol: 0.0000 | Val Max Thermal: 0.0000
Epoch 7430 | Val Loss: 0.3551 | Val Cost:    0.00 | Val Max P-Miss: 0.2209 | Val Max Q-Miss: 0.0174 | Val Max Gen Viol: 0.0000 | Val Max Thermal: 0.0000
Epoch 7440 | Val Loss: 0.3548 | Val Cost:    0.00 | Val Max P-Miss: 0.2297 | Val Max Q-Miss: 0.0129 | Val Max Gen Viol: 0.0000 | Val Max Thermal: 0.0000
Epoch 7450 | Val Loss: 0.3547 | Val Cost:    0.00 | Val Max P-Miss: 0.2327 | Val Max Q-Miss: 0.0138 | Val Max Gen Viol: 0.0000 | Val Max Thermal: 0.0000
Epoch 7460 | Val Loss: 0.3546 | Val Cost:    0.00 | Val Max P-Miss: 0.2401 | Val Max Q-Miss: 0.0155 | Val Max Gen Viol: 0.0000 | Val Max Thermal: 0.0000
Epoch 7470 | Val Loss: 0.3548 | Val Cost:    0.00 | Val Max P-Miss: 0.2334 | Val Max Q-Miss: 0.0129 | Val Max Gen Viol: 0.0000 | Val Max Thermal: 0.0000
Epoch 7480 | Val Loss: 0.3548 | Val Cost:    0.00 | Val Max P-Miss: 0.2284 | Val Max Q-Miss: 0.0129 | Val Max Gen Viol: 0.0000 | Val Max Thermal: 0.0000
Epoch 7490 | Val Loss: 0.3546 | Val Cost:    0.00 | Val Max P-Miss: 0.2295 | Val Max Q-Miss: 0.0130 | Val Max Gen Viol: 0.0000 | Val Max Thermal: 0.0000
Epoch 7500 | Val Loss: 0.3661 | Val Cost:    0.00 | Val Max P-Miss: 0.2791 | Val Max Q-Miss: 0.0326 | Val Max Gen Viol: 0.0000 | Val Max Thermal: 0.0000
Epoch 7510 | Val Loss: 0.3552 | Val Cost:    0.00 | Val Max P-Miss: 0.2134 | Val Max Q-Miss: 0.0129 | Val Max Gen Viol: 0.0000 | Val Max Thermal: 0.0000
Epoch 7520 | Val Loss: 0.3550 | Val Cost:    0.00 | Val Max P-Miss: 0.2163 | Val Max Q-Miss: 0.0130 | Val Max Gen Viol: 0.0000 | Val Max Thermal: 0.0000
Epoch 7530 | Val Loss: 0.3549 | Val Cost:    0.00 | Val Max P-Miss: 0.2218 | Val Max Q-Miss: 0.0136 | Val Max Gen Viol: 0.0000 | Val Max Thermal: 0.0000
Epoch 7540 | Val Loss: 0.3548 | Val Cost:    0.00 | Val Max P-Miss: 0.2308 | Val Max Q-Miss: 0.0142 | Val Max Gen Viol: 0.0000 | Val Max Thermal: 0.0000
Epoch 7550 | Val Loss: 0.3547 | Val Cost:    0.00 | Val Max P-Miss: 0.2354 | Val Max Q-Miss: 0.0202 | Val Max Gen Viol: 0.0000 | Val Max Thermal: 0.0000
Epoch 7560 | Val Loss: 0.3546 | Val Cost:    0.00 | Val Max P-Miss: 0.2387 | Val Max Q-Miss: 0.0174 | Val Max Gen Viol: 0.0000 | Val Max Thermal: 0.0000
Epoch 7570 | Val Loss: 0.3546 | Val Cost:    0.00 | Val Max P-Miss: 0.2399 | Val Max Q-Miss: 0.0159 | Val Max Gen Viol: 0.0000 | Val Max Thermal: 0.0000
Epoch 7580 | Val Loss: 0.3555 | Val Cost:    0.00 | Val Max P-Miss: 0.2179 | Val Max Q-Miss: 0.0188 | Val Max Gen Viol: 0.0000 | Val Max Thermal: 0.0000
Epoch 7590 | Val Loss: 0.3551 | Val Cost:    0.00 | Val Max P-Miss: 0.2201 | Val Max Q-Miss: 0.0127 | Val Max Gen Viol: 0.0000 | Val Max Thermal: 0.0000
Epoch 7600 | Val Loss: 0.3552 | Val Cost:    0.00 | Val Max P-Miss: 0.2213 | Val Max Q-Miss: 0.0139 | Val Max Gen Viol: 0.0000 | Val Max Thermal: 0.0000
Epoch 7610 | Val Loss: 0.3548 | Val Cost:    0.00 | Val Max P-Miss: 0.2296 | Val Max Q-Miss: 0.0129 | Val Max Gen Viol: 0.0000 | Val Max Thermal: 0.0000
Epoch 7620 | Val Loss: 0.3547 | Val Cost:    0.00 | Val Max P-Miss: 0.2421 | Val Max Q-Miss: 0.0139 | Val Max Gen Viol: 0.0000 | Val Max Thermal: 0.0000
Epoch 7630 | Val Loss: 0.3547 | Val Cost:    0.00 | Val Max P-Miss: 0.2413 | Val Max Q-Miss: 0.0169 | Val Max Gen Viol: 0.0000 | Val Max Thermal: 0.0000
Epoch 7640 | Val Loss: 0.3547 | Val Cost:    0.00 | Val Max P-Miss: 0.2396 | Val Max Q-Miss: 0.0145 | Val Max Gen Viol: 0.0000 | Val Max Thermal: 0.0000
Epoch 7650 | Val Loss: 0.3665 | Val Cost:    0.00 | Val Max P-Miss: 0.2996 | Val Max Q-Miss: 0.0264 | Val Max Gen Viol: 0.0000 | Val Max Thermal: 0.0000
Epoch 7660 | Val Loss: 0.3547 | Val Cost:    0.00 | Val Max P-Miss: 0.2220 | Val Max Q-Miss: 0.0141 | Val Max Gen Viol: 0.0000 | Val Max Thermal: 0.0000
Epoch 7670 | Val Loss: 0.3547 | Val Cost:    0.00 | Val Max P-Miss: 0.2366 | Val Max Q-Miss: 0.0145 | Val Max Gen Viol: 0.0000 | Val Max Thermal: 0.0000
Epoch 7680 | Val Loss: 0.3546 | Val Cost:    0.00 | Val Max P-Miss: 0.2403 | Val Max Q-Miss: 0.0127 | Val Max Gen Viol: 0.0000 | Val Max Thermal: 0.0000
Epoch 7690 | Val Loss: 0.3561 | Val Cost:    0.00 | Val Max P-Miss: 0.2378 | Val Max Q-Miss: 0.0170 | Val Max Gen Viol: 0.0000 | Val Max Thermal: 0.0000
Epoch 7700 | Val Loss: 0.3552 | Val Cost:    0.00 | Val Max P-Miss: 0.2263 | Val Max Q-Miss: 0.0131 | Val Max Gen Viol: 0.0000 | Val Max Thermal: 0.0000
Epoch 7710 | Val Loss: 0.3550 | Val Cost:    0.00 | Val Max P-Miss: 0.2179 | Val Max Q-Miss: 0.0139 | Val Max Gen Viol: 0.0000 | Val Max Thermal: 0.0000
Epoch 7720 | Val Loss: 0.3549 | Val Cost:    0.00 | Val Max P-Miss: 0.2290 | Val Max Q-Miss: 0.0135 | Val Max Gen Viol: 0.0000 | Val Max Thermal: 0.0000
Epoch 7730 | Val Loss: 0.3547 | Val Cost:    0.00 | Val Max P-Miss: 0.2267 | Val Max Q-Miss: 0.0185 | Val Max Gen Viol: 0.0000 | Val Max Thermal: 0.0000
Epoch 7740 | Val Loss: 0.3547 | Val Cost:    0.00 | Val Max P-Miss: 0.2303 | Val Max Q-Miss: 0.0214 | Val Max Gen Viol: 0.0000 | Val Max Thermal: 0.0000
Epoch 7750 | Val Loss: 0.3547 | Val Cost:    0.00 | Val Max P-Miss: 0.2338 | Val Max Q-Miss: 0.0165 | Val Max Gen Viol: 0.0000 | Val Max Thermal: 0.0000
Epoch 7760 | Val Loss: 0.3547 | Val Cost:    0.00 | Val Max P-Miss: 0.2390 | Val Max Q-Miss: 0.0176 | Val Max Gen Viol: 0.0000 | Val Max Thermal: 0.0000
Epoch 7770 | Val Loss: 0.3548 | Val Cost:    0.00 | Val Max P-Miss: 0.2297 | Val Max Q-Miss: 0.0145 | Val Max Gen Viol: 0.0000 | Val Max Thermal: 0.0000
Epoch 7780 | Val Loss: 0.3547 | Val Cost:    0.00 | Val Max P-Miss: 0.2358 | Val Max Q-Miss: 0.0132 | Val Max Gen Viol: 0.0000 | Val Max Thermal: 0.0000
Epoch 7790 | Val Loss: 0.3547 | Val Cost:    0.00 | Val Max P-Miss: 0.2326 | Val Max Q-Miss: 0.0164 | Val Max Gen Viol: 0.0000 | Val Max Thermal: 0.0000
Epoch 7800 | Val Loss: 0.3557 | Val Cost:    0.00 | Val Max P-Miss: 0.2225 | Val Max Q-Miss: 0.0125 | Val Max Gen Viol: 0.0000 | Val Max Thermal: 0.0000
Epoch 7810 | Val Loss: 0.3547 | Val Cost:    0.00 | Val Max P-Miss: 0.2298 | Val Max Q-Miss: 0.0194 | Val Max Gen Viol: 0.0000 | Val Max Thermal: 0.0000
Epoch 7820 | Val Loss: 0.3547 | Val Cost:    0.00 | Val Max P-Miss: 0.2373 | Val Max Q-Miss: 0.0127 | Val Max Gen Viol: 0.0000 | Val Max Thermal: 0.0000
Epoch 7830 | Val Loss: 0.3547 | Val Cost:    0.00 | Val Max P-Miss: 0.2452 | Val Max Q-Miss: 0.0154 | Val Max Gen Viol: 0.0000 | Val Max Thermal: 0.0000
Epoch 7840 | Val Loss: 0.3557 | Val Cost:    0.00 | Val Max P-Miss: 0.2188 | Val Max Q-Miss: 0.0195 | Val Max Gen Viol: 0.0000 | Val Max Thermal: 0.0000
Epoch 7850 | Val Loss: 0.3550 | Val Cost:    0.00 | Val Max P-Miss: 0.2203 | Val Max Q-Miss: 0.0126 | Val Max Gen Viol: 0.0000 | Val Max Thermal: 0.0000
Epoch 7860 | Val Loss: 0.3549 | Val Cost:    0.00 | Val Max P-Miss: 0.2146 | Val Max Q-Miss: 0.0155 | Val Max Gen Viol: 0.0000 | Val Max Thermal: 0.0000
Epoch 7870 | Val Loss: 0.3549 | Val Cost:    0.00 | Val Max P-Miss: 0.2148 | Val Max Q-Miss: 0.0151 | Val Max Gen Viol: 0.0000 | Val Max Thermal: 0.0000
Epoch 7880 | Val Loss: 0.3547 | Val Cost:    0.00 | Val Max P-Miss: 0.2316 | Val Max Q-Miss: 0.0140 | Val Max Gen Viol: 0.0000 | Val Max Thermal: 0.0000
Epoch 7890 | Val Loss: 0.3546 | Val Cost:    0.00 | Val Max P-Miss: 0.2359 | Val Max Q-Miss: 0.0166 | Val Max Gen Viol: 0.0000 | Val Max Thermal: 0.0000
Epoch 7900 | Val Loss: 0.3546 | Val Cost:    0.00 | Val Max P-Miss: 0.2377 | Val Max Q-Miss: 0.0169 | Val Max Gen Viol: 0.0000 | Val Max Thermal: 0.0000
Epoch 7910 | Val Loss: 0.3546 | Val Cost:    0.00 | Val Max P-Miss: 0.2351 | Val Max Q-Miss: 0.0142 | Val Max Gen Viol: 0.0000 | Val Max Thermal: 0.0000
Epoch 7920 | Val Loss: 0.3549 | Val Cost:    0.00 | Val Max P-Miss: 0.2276 | Val Max Q-Miss: 0.0136 | Val Max Gen Viol: 0.0000 | Val Max Thermal: 0.0000
Epoch 7930 | Val Loss: 0.3547 | Val Cost:    0.00 | Val Max P-Miss: 0.2265 | Val Max Q-Miss: 0.0126 | Val Max Gen Viol: 0.0000 | Val Max Thermal: 0.0000
Epoch 7940 | Val Loss: 0.3546 | Val Cost:    0.00 | Val Max P-Miss: 0.2358 | Val Max Q-Miss: 0.0135 | Val Max Gen Viol: 0.0000 | Val Max Thermal: 0.0000
Epoch 7950 | Val Loss: 0.3545 | Val Cost:    0.00 | Val Max P-Miss: 0.2404 | Val Max Q-Miss: 0.0140 | Val Max Gen Viol: 0.0000 | Val Max Thermal: 0.0000 [*SAVED BEST*]
Epoch 7960 | Val Loss: 0.3547 | Val Cost:    0.00 | Val Max P-Miss: 0.2315 | Val Max Q-Miss: 0.0146 | Val Max Gen Viol: 0.0000 | Val Max Thermal: 0.0000
Epoch 7970 | Val Loss: 0.3546 | Val Cost:    0.00 | Val Max P-Miss: 0.2320 | Val Max Q-Miss: 0.0158 | Val Max Gen Viol: 0.0000 | Val Max Thermal: 0.0000
Epoch 7980 | Val Loss: 0.3592 | Val Cost:    0.00 | Val Max P-Miss: 0.2442 | Val Max Q-Miss: 0.0233 | Val Max Gen Viol: 0.0000 | Val Max Thermal: 0.0000
Epoch 7990 | Val Loss: 0.3546 | Val Cost:    0.00 | Val Max P-Miss: 0.2284 | Val Max Q-Miss: 0.0138 | Val Max Gen Viol: 0.0000 | Val Max Thermal: 0.0000
Epoch 8000 | Val Loss: 0.3546 | Val Cost:    0.00 | Val Max P-Miss: 0.2300 | Val Max Q-Miss: 0.0133 | Val Max Gen Viol: 0.0000 | Val Max Thermal: 0.0000
Epoch 8010 | Val Loss: 0.3610 | Val Cost:    0.00 | Val Max P-Miss: 0.2720 | Val Max Q-Miss: 0.0225 | Val Max Gen Viol: 0.0000 | Val Max Thermal: 0.0000
Epoch 8020 | Val Loss: 0.3546 | Val Cost:    0.00 | Val Max P-Miss: 0.2329 | Val Max Q-Miss: 0.0164 | Val Max Gen Viol: 0.0000 | Val Max Thermal: 0.0000
Epoch 8030 | Val Loss: 0.3546 | Val Cost:    0.00 | Val Max P-Miss: 0.2342 | Val Max Q-Miss: 0.0199 | Val Max Gen Viol: 0.0000 | Val Max Thermal: 0.0000
Epoch 8040 | Val Loss: 0.3545 | Val Cost:    0.00 | Val Max P-Miss: 0.2346 | Val Max Q-Miss: 0.0167 | Val Max Gen Viol: 0.0000 | Val Max Thermal: 0.0000
Epoch 8050 | Val Loss: 0.3549 | Val Cost:    0.00 | Val Max P-Miss: 0.2218 | Val Max Q-Miss: 0.0161 | Val Max Gen Viol: 0.0000 | Val Max Thermal: 0.0000
Epoch 8060 | Val Loss: 0.3546 | Val Cost:    0.00 | Val Max P-Miss: 0.2300 | Val Max Q-Miss: 0.0162 | Val Max Gen Viol: 0.0000 | Val Max Thermal: 0.0000
Epoch 8070 | Val Loss: 0.3546 | Val Cost:    0.00 | Val Max P-Miss: 0.2309 | Val Max Q-Miss: 0.0141 | Val Max Gen Viol: 0.0000 | Val Max Thermal: 0.0000
Epoch 8080 | Val Loss: 0.3546 | Val Cost:    0.00 | Val Max P-Miss: 0.2352 | Val Max Q-Miss: 0.0171 | Val Max Gen Viol: 0.0000 | Val Max Thermal: 0.0000
Epoch 8090 | Val Loss: 0.3548 | Val Cost:    0.00 | Val Max P-Miss: 0.2219 | Val Max Q-Miss: 0.0149 | Val Max Gen Viol: 0.0000 | Val Max Thermal: 0.0000
Epoch 8100 | Val Loss: 0.3546 | Val Cost:    0.00 | Val Max P-Miss: 0.2305 | Val Max Q-Miss: 0.0159 | Val Max Gen Viol: 0.0000 | Val Max Thermal: 0.0000
Epoch 8110 | Val Loss: 0.3652 | Val Cost:    0.00 | Val Max P-Miss: 0.2828 | Val Max Q-Miss: 0.0316 | Val Max Gen Viol: 0.0000 | Val Max Thermal: 0.0000
Epoch 8120 | Val Loss: 0.3547 | Val Cost:    0.00 | Val Max P-Miss: 0.2198 | Val Max Q-Miss: 0.0157 | Val Max Gen Viol: 0.0000 | Val Max Thermal: 0.0000
Epoch 8130 | Val Loss: 0.3546 | Val Cost:    0.00 | Val Max P-Miss: 0.2282 | Val Max Q-Miss: 0.0144 | Val Max Gen Viol: 0.0000 | Val Max Thermal: 0.0000
Epoch 8140 | Val Loss: 0.3546 | Val Cost:    0.00 | Val Max P-Miss: 0.2314 | Val Max Q-Miss: 0.0153 | Val Max Gen Viol: 0.0000 | Val Max Thermal: 0.0000
Epoch 8150 | Val Loss: 0.3545 | Val Cost:    0.00 | Val Max P-Miss: 0.2407 | Val Max Q-Miss: 0.0156 | Val Max Gen Viol: 0.0000 | Val Max Thermal: 0.0000
Epoch 8160 | Val Loss: 0.3547 | Val Cost:    0.00 | Val Max P-Miss: 0.2298 | Val Max Q-Miss: 0.0138 | Val Max Gen Viol: 0.0000 | Val Max Thermal: 0.0000
Epoch 8170 | Val Loss: 0.3545 | Val Cost:    0.00 | Val Max P-Miss: 0.2271 | Val Max Q-Miss: 0.0160 | Val Max Gen Viol: 0.0000 | Val Max Thermal: 0.0000 [*SAVED BEST*]
Epoch 8180 | Val Loss: 0.3546 | Val Cost:    0.00 | Val Max P-Miss: 0.2214 | Val Max Q-Miss: 0.0151 | Val Max Gen Viol: 0.0000 | Val Max Thermal: 0.0000
Epoch 8190 | Val Loss: 0.3545 | Val Cost:    0.00 | Val Max P-Miss: 0.2276 | Val Max Q-Miss: 0.0156 | Val Max Gen Viol: 0.0000 | Val Max Thermal: 0.0000
Epoch 8200 | Val Loss: 0.3546 | Val Cost:    0.00 | Val Max P-Miss: 0.2293 | Val Max Q-Miss: 0.0121 | Val Max Gen Viol: 0.0000 | Val Max Thermal: 0.0000
Epoch 8210 | Val Loss: 0.3555 | Val Cost:    0.00 | Val Max P-Miss: 0.2192 | Val Max Q-Miss: 0.0166 | Val Max Gen Viol: 0.0000 | Val Max Thermal: 0.0000
Epoch 8220 | Val Loss: 0.3547 | Val Cost:    0.00 | Val Max P-Miss: 0.2207 | Val Max Q-Miss: 0.0132 | Val Max Gen Viol: 0.0000 | Val Max Thermal: 0.0000
Epoch 8230 | Val Loss: 0.3546 | Val Cost:    0.00 | Val Max P-Miss: 0.2298 | Val Max Q-Miss: 0.0120 | Val Max Gen Viol: 0.0000 | Val Max Thermal: 0.0000
Epoch 8240 | Val Loss: 0.3547 | Val Cost:    0.00 | Val Max P-Miss: 0.2280 | Val Max Q-Miss: 0.0123 | Val Max Gen Viol: 0.0000 | Val Max Thermal: 0.0000
Epoch 8250 | Val Loss: 0.3546 | Val Cost:    0.00 | Val Max P-Miss: 0.2260 | Val Max Q-Miss: 0.0168 | Val Max Gen Viol: 0.0000 | Val Max Thermal: 0.0000
Epoch 8260 | Val Loss: 0.3545 | Val Cost:    0.00 | Val Max P-Miss: 0.2310 | Val Max Q-Miss: 0.0192 | Val Max Gen Viol: 0.0000 | Val Max Thermal: 0.0000
Epoch 8270 | Val Loss: 0.3545 | Val Cost:    0.00 | Val Max P-Miss: 0.2340 | Val Max Q-Miss: 0.0154 | Val Max Gen Viol: 0.0000 | Val Max Thermal: 0.0000
Epoch 8280 | Val Loss: 0.3545 | Val Cost:    0.00 | Val Max P-Miss: 0.2342 | Val Max Q-Miss: 0.0167 | Val Max Gen Viol: 0.0000 | Val Max Thermal: 0.0000 [*SAVED BEST*]
Epoch 8290 | Val Loss: 0.3551 | Val Cost:    0.00 | Val Max P-Miss: 0.2184 | Val Max Q-Miss: 0.0171 | Val Max Gen Viol: 0.0000 | Val Max Thermal: 0.0000
Epoch 8300 | Val Loss: 0.3549 | Val Cost:    0.00 | Val Max P-Miss: 0.2252 | Val Max Q-Miss: 0.0138 | Val Max Gen Viol: 0.0000 | Val Max Thermal: 0.0000
Epoch 8310 | Val Loss: 0.3547 | Val Cost:    0.00 | Val Max P-Miss: 0.2323 | Val Max Q-Miss: 0.0154 | Val Max Gen Viol: 0.0000 | Val Max Thermal: 0.0000
Epoch 8320 | Val Loss: 0.3547 | Val Cost:    0.00 | Val Max P-Miss: 0.2418 | Val Max Q-Miss: 0.0143 | Val Max Gen Viol: 0.0000 | Val Max Thermal: 0.0000
Epoch 8330 | Val Loss: 0.3547 | Val Cost:    0.00 | Val Max P-Miss: 0.2478 | Val Max Q-Miss: 0.0166 | Val Max Gen Viol: 0.0000 | Val Max Thermal: 0.0000
Epoch 8340 | Val Loss: 0.3546 | Val Cost:    0.00 | Val Max P-Miss: 0.2338 | Val Max Q-Miss: 0.0158 | Val Max Gen Viol: 0.0000 | Val Max Thermal: 0.0000
Epoch 8350 | Val Loss: 0.3546 | Val Cost:    0.00 | Val Max P-Miss: 0.2348 | Val Max Q-Miss: 0.0121 | Val Max Gen Viol: 0.0000 | Val Max Thermal: 0.0000
Epoch 8360 | Val Loss: 0.3546 | Val Cost:    0.00 | Val Max P-Miss: 0.2377 | Val Max Q-Miss: 0.0147 | Val Max Gen Viol: 0.0000 | Val Max Thermal: 0.0000
Epoch 8370 | Val Loss: 0.3549 | Val Cost:    0.00 | Val Max P-Miss: 0.2222 | Val Max Q-Miss: 0.0168 | Val Max Gen Viol: 0.0000 | Val Max Thermal: 0.0000
Epoch 8380 | Val Loss: 0.3547 | Val Cost:    0.00 | Val Max P-Miss: 0.2271 | Val Max Q-Miss: 0.0135 | Val Max Gen Viol: 0.0000 | Val Max Thermal: 0.0000
Epoch 8390 | Val Loss: 0.3546 | Val Cost:    0.00 | Val Max P-Miss: 0.2365 | Val Max Q-Miss: 0.0135 | Val Max Gen Viol: 0.0000 | Val Max Thermal: 0.0000
Epoch 8400 | Val Loss: 0.3864 | Val Cost:    0.00 | Val Max P-Miss: 0.3346 | Val Max Q-Miss: 0.0503 | Val Max Gen Viol: 0.0000 | Val Max Thermal: 0.0000
Epoch 8410 | Val Loss: 0.3550 | Val Cost:    0.00 | Val Max P-Miss: 0.2131 | Val Max Q-Miss: 0.0121 | Val Max Gen Viol: 0.0000 | Val Max Thermal: 0.0000
Epoch 8420 | Val Loss: 0.3549 | Val Cost:    0.00 | Val Max P-Miss: 0.2227 | Val Max Q-Miss: 0.0140 | Val Max Gen Viol: 0.0000 | Val Max Thermal: 0.0000
Epoch 8430 | Val Loss: 0.3549 | Val Cost:    0.00 | Val Max P-Miss: 0.2201 | Val Max Q-Miss: 0.0154 | Val Max Gen Viol: 0.0000 | Val Max Thermal: 0.0000
Epoch 8440 | Val Loss: 0.3545 | Val Cost:    0.00 | Val Max P-Miss: 0.2310 | Val Max Q-Miss: 0.0173 | Val Max Gen Viol: 0.0000 | Val Max Thermal: 0.0000
Epoch 8450 | Val Loss: 0.3545 | Val Cost:    0.00 | Val Max P-Miss: 0.2357 | Val Max Q-Miss: 0.0159 | Val Max Gen Viol: 0.0000 | Val Max Thermal: 0.0000
Epoch 8460 | Val Loss: 0.3545 | Val Cost:    0.00 | Val Max P-Miss: 0.2405 | Val Max Q-Miss: 0.0165 | Val Max Gen Viol: 0.0000 | Val Max Thermal: 0.0000
Epoch 8470 | Val Loss: 0.3545 | Val Cost:    0.00 | Val Max P-Miss: 0.2340 | Val Max Q-Miss: 0.0157 | Val Max Gen Viol: 0.0000 | Val Max Thermal: 0.0000
Epoch 8480 | Val Loss: 0.3546 | Val Cost:    0.00 | Val Max P-Miss: 0.2349 | Val Max Q-Miss: 0.0150 | Val Max Gen Viol: 0.0000 | Val Max Thermal: 0.0000
Epoch 8490 | Val Loss: 0.3546 | Val Cost:    0.00 | Val Max P-Miss: 0.2366 | Val Max Q-Miss: 0.0122 | Val Max Gen Viol: 0.0000 | Val Max Thermal: 0.0000
Epoch 8500 | Val Loss: 0.3545 | Val Cost:    0.00 | Val Max P-Miss: 0.2370 | Val Max Q-Miss: 0.0143 | Val Max Gen Viol: 0.0000 | Val Max Thermal: 0.0000 [*SAVED BEST*]
Epoch 8510 | Val Loss: 0.3548 | Val Cost:    0.00 | Val Max P-Miss: 0.2199 | Val Max Q-Miss: 0.0183 | Val Max Gen Viol: 0.0000 | Val Max Thermal: 0.0000
Epoch 8520 | Val Loss: 0.3550 | Val Cost:    0.00 | Val Max P-Miss: 0.2253 | Val Max Q-Miss: 0.0153 | Val Max Gen Viol: 0.0000 | Val Max Thermal: 0.0000
Epoch 8530 | Val Loss: 0.3547 | Val Cost:    0.00 | Val Max P-Miss: 0.2371 | Val Max Q-Miss: 0.0151 | Val Max Gen Viol: 0.0000 | Val Max Thermal: 0.0000
Epoch 8540 | Val Loss: 0.3653 | Val Cost:    0.00 | Val Max P-Miss: 0.2856 | Val Max Q-Miss: 0.0313 | Val Max Gen Viol: 0.0000 | Val Max Thermal: 0.0000
Epoch 8550 | Val Loss: 0.3546 | Val Cost:    0.00 | Val Max P-Miss: 0.2267 | Val Max Q-Miss: 0.0137 | Val Max Gen Viol: 0.0000 | Val Max Thermal: 0.0000
Epoch 8560 | Val Loss: 0.3545 | Val Cost:    0.00 | Val Max P-Miss: 0.2312 | Val Max Q-Miss: 0.0134 | Val Max Gen Viol: 0.0000 | Val Max Thermal: 0.0000
Epoch 8570 | Val Loss: 0.3546 | Val Cost:    0.00 | Val Max P-Miss: 0.2378 | Val Max Q-Miss: 0.0145 | Val Max Gen Viol: 0.0000 | Val Max Thermal: 0.0000
Epoch 8580 | Val Loss: 0.3547 | Val Cost:    0.00 | Val Max P-Miss: 0.2232 | Val Max Q-Miss: 0.0166 | Val Max Gen Viol: 0.0000 | Val Max Thermal: 0.0000
Epoch 8590 | Val Loss: 0.3546 | Val Cost:    0.00 | Val Max P-Miss: 0.2298 | Val Max Q-Miss: 0.0153 | Val Max Gen Viol: 0.0000 | Val Max Thermal: 0.0000
Epoch 8600 | Val Loss: 0.3545 | Val Cost:    0.00 | Val Max P-Miss: 0.2342 | Val Max Q-Miss: 0.0160 | Val Max Gen Viol: 0.0000 | Val Max Thermal: 0.0000
Epoch 8610 | Val Loss: 0.3545 | Val Cost:    0.00 | Val Max P-Miss: 0.2436 | Val Max Q-Miss: 0.0145 | Val Max Gen Viol: 0.0000 | Val Max Thermal: 0.0000
Epoch 8620 | Val Loss: 0.3545 | Val Cost:    0.00 | Val Max P-Miss: 0.2331 | Val Max Q-Miss: 0.0135 | Val Max Gen Viol: 0.0000 | Val Max Thermal: 0.0000
Epoch 8630 | Val Loss: 0.3546 | Val Cost:    0.00 | Val Max P-Miss: 0.2266 | Val Max Q-Miss: 0.0152 | Val Max Gen Viol: 0.0000 | Val Max Thermal: 0.0000
Epoch 8640 | Val Loss: 0.3547 | Val Cost:    0.00 | Val Max P-Miss: 0.2227 | Val Max Q-Miss: 0.0141 | Val Max Gen Viol: 0.0000 | Val Max Thermal: 0.0000
Epoch 8650 | Val Loss: 0.3546 | Val Cost:    0.00 | Val Max P-Miss: 0.2354 | Val Max Q-Miss: 0.0155 | Val Max Gen Viol: 0.0000 | Val Max Thermal: 0.0000
Epoch 8660 | Val Loss: 0.3558 | Val Cost:    0.00 | Val Max P-Miss: 0.2348 | Val Max Q-Miss: 0.0152 | Val Max Gen Viol: 0.0000 | Val Max Thermal: 0.0000
Epoch 8670 | Val Loss: 0.3545 | Val Cost:    0.00 | Val Max P-Miss: 0.2342 | Val Max Q-Miss: 0.0140 | Val Max Gen Viol: 0.0000 | Val Max Thermal: 0.0000
Epoch 8680 | Val Loss: 0.3547 | Val Cost:    0.00 | Val Max P-Miss: 0.2191 | Val Max Q-Miss: 0.0165 | Val Max Gen Viol: 0.0000 | Val Max Thermal: 0.0000
Epoch 8690 | Val Loss: 0.3546 | Val Cost:    0.00 | Val Max P-Miss: 0.2321 | Val Max Q-Miss: 0.0134 | Val Max Gen Viol: 0.0000 | Val Max Thermal: 0.0000
Epoch 8700 | Val Loss: 0.3546 | Val Cost:    0.00 | Val Max P-Miss: 0.2324 | Val Max Q-Miss: 0.0134 | Val Max Gen Viol: 0.0000 | Val Max Thermal: 0.0000
Epoch 8710 | Val Loss: 0.3549 | Val Cost:    0.00 | Val Max P-Miss: 0.2228 | Val Max Q-Miss: 0.0129 | Val Max Gen Viol: 0.0000 | Val Max Thermal: 0.0000
Epoch 8720 | Val Loss: 0.3547 | Val Cost:    0.00 | Val Max P-Miss: 0.2214 | Val Max Q-Miss: 0.0139 | Val Max Gen Viol: 0.0000 | Val Max Thermal: 0.0000
Epoch 8730 | Val Loss: 0.3546 | Val Cost:    0.00 | Val Max P-Miss: 0.2306 | Val Max Q-Miss: 0.0138 | Val Max Gen Viol: 0.0000 | Val Max Thermal: 0.0000
Epoch 8740 | Val Loss: 0.3545 | Val Cost:    0.00 | Val Max P-Miss: 0.2423 | Val Max Q-Miss: 0.0135 | Val Max Gen Viol: 0.0000 | Val Max Thermal: 0.0000
Epoch 8750 | Val Loss: 0.3549 | Val Cost:    0.00 | Val Max P-Miss: 0.2248 | Val Max Q-Miss: 0.0139 | Val Max Gen Viol: 0.0000 | Val Max Thermal: 0.0000
Epoch 8760 | Val Loss: 0.3547 | Val Cost:    0.00 | Val Max P-Miss: 0.2278 | Val Max Q-Miss: 0.0124 | Val Max Gen Viol: 0.0000 | Val Max Thermal: 0.0000
Epoch 8770 | Val Loss: 0.3545 | Val Cost:    0.00 | Val Max P-Miss: 0.2315 | Val Max Q-Miss: 0.0141 | Val Max Gen Viol: 0.0000 | Val Max Thermal: 0.0000
Epoch 8780 | Val Loss: 0.3546 | Val Cost:    0.00 | Val Max P-Miss: 0.2246 | Val Max Q-Miss: 0.0138 | Val Max Gen Viol: 0.0000 | Val Max Thermal: 0.0000
Epoch 8790 | Val Loss: 0.3545 | Val Cost:    0.00 | Val Max P-Miss: 0.2352 | Val Max Q-Miss: 0.0135 | Val Max Gen Viol: 0.0000 | Val Max Thermal: 0.0000
Epoch 8800 | Val Loss: 0.3547 | Val Cost:    0.00 | Val Max P-Miss: 0.2294 | Val Max Q-Miss: 0.0174 | Val Max Gen Viol: 0.0000 | Val Max Thermal: 0.0000
Epoch 8810 | Val Loss: 0.3545 | Val Cost:    0.00 | Val Max P-Miss: 0.2288 | Val Max Q-Miss: 0.0148 | Val Max Gen Viol: 0.0000 | Val Max Thermal: 0.0000
Epoch 8820 | Val Loss: 0.3546 | Val Cost:    0.00 | Val Max P-Miss: 0.2317 | Val Max Q-Miss: 0.0161 | Val Max Gen Viol: 0.0000 | Val Max Thermal: 0.0000
Epoch 8830 | Val Loss: 0.3546 | Val Cost:    0.00 | Val Max P-Miss: 0.2320 | Val Max Q-Miss: 0.0124 | Val Max Gen Viol: 0.0000 | Val Max Thermal: 0.0000
Epoch 8840 | Val Loss: 0.3545 | Val Cost:    0.00 | Val Max P-Miss: 0.2315 | Val Max Q-Miss: 0.0153 | Val Max Gen Viol: 0.0000 | Val Max Thermal: 0.0000
Epoch 8850 | Val Loss: 0.3547 | Val Cost:    0.00 | Val Max P-Miss: 0.2253 | Val Max Q-Miss: 0.0142 | Val Max Gen Viol: 0.0000 | Val Max Thermal: 0.0000
Epoch 8860 | Val Loss: 0.3546 | Val Cost:    0.00 | Val Max P-Miss: 0.2387 | Val Max Q-Miss: 0.0142 | Val Max Gen Viol: 0.0000 | Val Max Thermal: 0.0000
Epoch 8870 | Val Loss: 0.3544 | Val Cost:    0.00 | Val Max P-Miss: 0.2361 | Val Max Q-Miss: 0.0140 | Val Max Gen Viol: 0.0000 | Val Max Thermal: 0.0000 [*SAVED BEST*]
Epoch 8880 | Val Loss: 0.3547 | Val Cost:    0.00 | Val Max P-Miss: 0.2250 | Val Max Q-Miss: 0.0166 | Val Max Gen Viol: 0.0000 | Val Max Thermal: 0.0000
Epoch 8890 | Val Loss: 0.3546 | Val Cost:    0.00 | Val Max P-Miss: 0.2304 | Val Max Q-Miss: 0.0132 | Val Max Gen Viol: 0.0000 | Val Max Thermal: 0.0000
Epoch 8900 | Val Loss: 0.3545 | Val Cost:    0.00 | Val Max P-Miss: 0.2282 | Val Max Q-Miss: 0.0134 | Val Max Gen Viol: 0.0000 | Val Max Thermal: 0.0000
Epoch 8910 | Val Loss: 0.3545 | Val Cost:    0.00 | Val Max P-Miss: 0.2339 | Val Max Q-Miss: 0.0126 | Val Max Gen Viol: 0.0000 | Val Max Thermal: 0.0000
Epoch 8920 | Val Loss: 0.3614 | Val Cost:    0.00 | Val Max P-Miss: 0.2423 | Val Max Q-Miss: 0.0272 | Val Max Gen Viol: 0.0000 | Val Max Thermal: 0.0000
Epoch 8930 | Val Loss: 0.3547 | Val Cost:    0.00 | Val Max P-Miss: 0.2337 | Val Max Q-Miss: 0.0123 | Val Max Gen Viol: 0.0000 | Val Max Thermal: 0.0000
Epoch 8940 | Val Loss: 0.3546 | Val Cost:    0.00 | Val Max P-Miss: 0.2324 | Val Max Q-Miss: 0.0134 | Val Max Gen Viol: 0.0000 | Val Max Thermal: 0.0000
Epoch 8950 | Val Loss: 0.3562 | Val Cost:    0.00 | Val Max P-Miss: 0.2395 | Val Max Q-Miss: 0.0180 | Val Max Gen Viol: 0.0000 | Val Max Thermal: 0.0000
Epoch 8960 | Val Loss: 0.3546 | Val Cost:    0.00 | Val Max P-Miss: 0.2286 | Val Max Q-Miss: 0.0158 | Val Max Gen Viol: 0.0000 | Val Max Thermal: 0.0000
Epoch 8970 | Val Loss: 0.3545 | Val Cost:    0.00 | Val Max P-Miss: 0.2339 | Val Max Q-Miss: 0.0132 | Val Max Gen Viol: 0.0000 | Val Max Thermal: 0.0000
Epoch 8980 | Val Loss: 0.3547 | Val Cost:    0.00 | Val Max P-Miss: 0.2225 | Val Max Q-Miss: 0.0131 | Val Max Gen Viol: 0.0000 | Val Max Thermal: 0.0000
Epoch 8990 | Val Loss: 0.3545 | Val Cost:    0.00 | Val Max P-Miss: 0.2320 | Val Max Q-Miss: 0.0140 | Val Max Gen Viol: 0.0000 | Val Max Thermal: 0.0000
Epoch 9000 | Val Loss: 0.3544 | Val Cost:    0.00 | Val Max P-Miss: 0.2341 | Val Max Q-Miss: 0.0127 | Val Max Gen Viol: 0.0000 | Val Max Thermal: 0.0000 [*SAVED BEST*]
Epoch 9010 | Val Loss: 0.3546 | Val Cost:    0.00 | Val Max P-Miss: 0.2344 | Val Max Q-Miss: 0.0186 | Val Max Gen Viol: 0.0000 | Val Max Thermal: 0.0000
Epoch 9020 | Val Loss: 0.3545 | Val Cost:    0.00 | Val Max P-Miss: 0.2362 | Val Max Q-Miss: 0.0166 | Val Max Gen Viol: 0.0000 | Val Max Thermal: 0.0000
Epoch 9030 | Val Loss: 0.3600 | Val Cost:    0.00 | Val Max P-Miss: 0.2322 | Val Max Q-Miss: 0.0340 | Val Max Gen Viol: 0.0000 | Val Max Thermal: 0.0000
Epoch 9040 | Val Loss: 0.3547 | Val Cost:    0.00 | Val Max P-Miss: 0.2220 | Val Max Q-Miss: 0.0126 | Val Max Gen Viol: 0.0000 | Val Max Thermal: 0.0000
Epoch 9050 | Val Loss: 0.3546 | Val Cost:    0.00 | Val Max P-Miss: 0.2284 | Val Max Q-Miss: 0.0138 | Val Max Gen Viol: 0.0000 | Val Max Thermal: 0.0000
Epoch 9060 | Val Loss: 0.3545 | Val Cost:    0.00 | Val Max P-Miss: 0.2330 | Val Max Q-Miss: 0.0133 | Val Max Gen Viol: 0.0000 | Val Max Thermal: 0.0000
Epoch 9070 | Val Loss: 0.3546 | Val Cost:    0.00 | Val Max P-Miss: 0.2451 | Val Max Q-Miss: 0.0130 | Val Max Gen Viol: 0.0000 | Val Max Thermal: 0.0000
Epoch 9080 | Val Loss: 0.3557 | Val Cost:    0.00 | Val Max P-Miss: 0.2332 | Val Max Q-Miss: 0.0140 | Val Max Gen Viol: 0.0000 | Val Max Thermal: 0.0000
Epoch 9090 | Val Loss: 0.3545 | Val Cost:    0.00 | Val Max P-Miss: 0.2278 | Val Max Q-Miss: 0.0128 | Val Max Gen Viol: 0.0000 | Val Max Thermal: 0.0000
Epoch 9100 | Val Loss: 0.3546 | Val Cost:    0.00 | Val Max P-Miss: 0.2237 | Val Max Q-Miss: 0.0120 | Val Max Gen Viol: 0.0000 | Val Max Thermal: 0.0000
Epoch 9110 | Val Loss: 0.3545 | Val Cost:    0.00 | Val Max P-Miss: 0.2278 | Val Max Q-Miss: 0.0161 | Val Max Gen Viol: 0.0000 | Val Max Thermal: 0.0000
Epoch 9120 | Val Loss: 0.3548 | Val Cost:    0.00 | Val Max P-Miss: 0.2280 | Val Max Q-Miss: 0.0132 | Val Max Gen Viol: 0.0000 | Val Max Thermal: 0.0000
Epoch 9130 | Val Loss: 0.3545 | Val Cost:    0.00 | Val Max P-Miss: 0.2321 | Val Max Q-Miss: 0.0127 | Val Max Gen Viol: 0.0000 | Val Max Thermal: 0.0000
Epoch 9140 | Val Loss: 0.3546 | Val Cost:    0.00 | Val Max P-Miss: 0.2297 | Val Max Q-Miss: 0.0145 | Val Max Gen Viol: 0.0000 | Val Max Thermal: 0.0000
Epoch 9150 | Val Loss: 0.3545 | Val Cost:    0.00 | Val Max P-Miss: 0.2297 | Val Max Q-Miss: 0.0168 | Val Max Gen Viol: 0.0000 | Val Max Thermal: 0.0000
Epoch 9160 | Val Loss: 0.3545 | Val Cost:    0.00 | Val Max P-Miss: 0.2355 | Val Max Q-Miss: 0.0164 | Val Max Gen Viol: 0.0000 | Val Max Thermal: 0.0000
Epoch 9170 | Val Loss: 0.3549 | Val Cost:    0.00 | Val Max P-Miss: 0.2239 | Val Max Q-Miss: 0.0137 | Val Max Gen Viol: 0.0000 | Val Max Thermal: 0.0000
Epoch 9180 | Val Loss: 0.3544 | Val Cost:    0.00 | Val Max P-Miss: 0.2375 | Val Max Q-Miss: 0.0124 | Val Max Gen Viol: 0.0000 | Val Max Thermal: 0.0000
Epoch 9190 | Val Loss: 0.3545 | Val Cost:    0.00 | Val Max P-Miss: 0.2346 | Val Max Q-Miss: 0.0140 | Val Max Gen Viol: 0.0000 | Val Max Thermal: 0.0000
Epoch 9200 | Val Loss: 0.3743 | Val Cost:    0.00 | Val Max P-Miss: 0.2926 | Val Max Q-Miss: 0.0528 | Val Max Gen Viol: 0.0000 | Val Max Thermal: 0.0000
Epoch 9210 | Val Loss: 0.3547 | Val Cost:    0.00 | Val Max P-Miss: 0.2290 | Val Max Q-Miss: 0.0156 | Val Max Gen Viol: 0.0000 | Val Max Thermal: 0.0000
Epoch 9220 | Val Loss: 0.3546 | Val Cost:    0.00 | Val Max P-Miss: 0.2285 | Val Max Q-Miss: 0.0126 | Val Max Gen Viol: 0.0000 | Val Max Thermal: 0.0000
Epoch 9230 | Val Loss: 0.3545 | Val Cost:    0.00 | Val Max P-Miss: 0.2381 | Val Max Q-Miss: 0.0141 | Val Max Gen Viol: 0.0000 | Val Max Thermal: 0.0000
Epoch 9240 | Val Loss: 0.3565 | Val Cost:    0.00 | Val Max P-Miss: 0.2441 | Val Max Q-Miss: 0.0183 | Val Max Gen Viol: 0.0000 | Val Max Thermal: 0.0000
Epoch 9250 | Val Loss: 0.3545 | Val Cost:    0.00 | Val Max P-Miss: 0.2285 | Val Max Q-Miss: 0.0159 | Val Max Gen Viol: 0.0000 | Val Max Thermal: 0.0000
Epoch 9260 | Val Loss: 0.3544 | Val Cost:    0.00 | Val Max P-Miss: 0.2333 | Val Max Q-Miss: 0.0147 | Val Max Gen Viol: 0.0000 | Val Max Thermal: 0.0000
Epoch 9270 | Val Loss: 0.3545 | Val Cost:    0.00 | Val Max P-Miss: 0.2317 | Val Max Q-Miss: 0.0139 | Val Max Gen Viol: 0.0000 | Val Max Thermal: 0.0000
Epoch 9280 | Val Loss: 0.3544 | Val Cost:    0.00 | Val Max P-Miss: 0.2320 | Val Max Q-Miss: 0.0143 | Val Max Gen Viol: 0.0000 | Val Max Thermal: 0.0000 [*SAVED BEST*]
Epoch 9290 | Val Loss: 0.3545 | Val Cost:    0.00 | Val Max P-Miss: 0.2241 | Val Max Q-Miss: 0.0136 | Val Max Gen Viol: 0.0000 | Val Max Thermal: 0.0000
Epoch 9300 | Val Loss: 0.3546 | Val Cost:    0.00 | Val Max P-Miss: 0.2353 | Val Max Q-Miss: 0.0128 | Val Max Gen Viol: 0.0000 | Val Max Thermal: 0.0000
Epoch 9310 | Val Loss: 0.3653 | Val Cost:    0.00 | Val Max P-Miss: 0.2835 | Val Max Q-Miss: 0.0252 | Val Max Gen Viol: 0.0000 | Val Max Thermal: 0.0000
Epoch 9320 | Val Loss: 0.3545 | Val Cost:    0.00 | Val Max P-Miss: 0.2255 | Val Max Q-Miss: 0.0139 | Val Max Gen Viol: 0.0000 | Val Max Thermal: 0.0000
Epoch 9330 | Val Loss: 0.3546 | Val Cost:    0.00 | Val Max P-Miss: 0.2391 | Val Max Q-Miss: 0.0150 | Val Max Gen Viol: 0.0000 | Val Max Thermal: 0.0000
Epoch 9340 | Val Loss: 0.3546 | Val Cost:    0.00 | Val Max P-Miss: 0.2251 | Val Max Q-Miss: 0.0160 | Val Max Gen Viol: 0.0000 | Val Max Thermal: 0.0000
Epoch 9350 | Val Loss: 0.3546 | Val Cost:    0.00 | Val Max P-Miss: 0.2242 | Val Max Q-Miss: 0.0152 | Val Max Gen Viol: 0.0000 | Val Max Thermal: 0.0000
Epoch 9360 | Val Loss: 0.3545 | Val Cost:    0.00 | Val Max P-Miss: 0.2245 | Val Max Q-Miss: 0.0167 | Val Max Gen Viol: 0.0000 | Val Max Thermal: 0.0000
Epoch 9370 | Val Loss: 0.3546 | Val Cost:    0.00 | Val Max P-Miss: 0.2238 | Val Max Q-Miss: 0.0148 | Val Max Gen Viol: 0.0000 | Val Max Thermal: 0.0000
Epoch 9380 | Val Loss: 0.3547 | Val Cost:    0.00 | Val Max P-Miss: 0.2392 | Val Max Q-Miss: 0.0131 | Val Max Gen Viol: 0.0000 | Val Max Thermal: 0.0000
Epoch 9390 | Val Loss: 0.3548 | Val Cost:    0.00 | Val Max P-Miss: 0.2373 | Val Max Q-Miss: 0.0138 | Val Max Gen Viol: 0.0000 | Val Max Thermal: 0.0000
Epoch 9400 | Val Loss: 0.3547 | Val Cost:    0.00 | Val Max P-Miss: 0.2291 | Val Max Q-Miss: 0.0131 | Val Max Gen Viol: 0.0000 | Val Max Thermal: 0.0000
Epoch 9410 | Val Loss: 0.3547 | Val Cost:    0.00 | Val Max P-Miss: 0.2349 | Val Max Q-Miss: 0.0142 | Val Max Gen Viol: 0.0000 | Val Max Thermal: 0.0000
Epoch 9420 | Val Loss: 0.3545 | Val Cost:    0.00 | Val Max P-Miss: 0.2323 | Val Max Q-Miss: 0.0126 | Val Max Gen Viol: 0.0000 | Val Max Thermal: 0.0000
Epoch 9430 | Val Loss: 0.3546 | Val Cost:    0.00 | Val Max P-Miss: 0.2334 | Val Max Q-Miss: 0.0141 | Val Max Gen Viol: 0.0000 | Val Max Thermal: 0.0000
Epoch 9440 | Val Loss: 0.3545 | Val Cost:    0.00 | Val Max P-Miss: 0.2379 | Val Max Q-Miss: 0.0128 | Val Max Gen Viol: 0.0000 | Val Max Thermal: 0.0000
Epoch 9450 | Val Loss: 0.3557 | Val Cost:    0.00 | Val Max P-Miss: 0.2338 | Val Max Q-Miss: 0.0157 | Val Max Gen Viol: 0.0000 | Val Max Thermal: 0.0000
Epoch 9460 | Val Loss: 0.3546 | Val Cost:    0.00 | Val Max P-Miss: 0.2295 | Val Max Q-Miss: 0.0147 | Val Max Gen Viol: 0.0000 | Val Max Thermal: 0.0000
Epoch 9470 | Val Loss: 0.3547 | Val Cost:    0.00 | Val Max P-Miss: 0.2367 | Val Max Q-Miss: 0.0136 | Val Max Gen Viol: 0.0000 | Val Max Thermal: 0.0000
Epoch 9480 | Val Loss: 0.3546 | Val Cost:    0.00 | Val Max P-Miss: 0.2285 | Val Max Q-Miss: 0.0134 | Val Max Gen Viol: 0.0000 | Val Max Thermal: 0.0000
Epoch 9490 | Val Loss: 0.3545 | Val Cost:    0.00 | Val Max P-Miss: 0.2299 | Val Max Q-Miss: 0.0135 | Val Max Gen Viol: 0.0000 | Val Max Thermal: 0.0000
Epoch 9500 | Val Loss: 0.3545 | Val Cost:    0.00 | Val Max P-Miss: 0.2369 | Val Max Q-Miss: 0.0133 | Val Max Gen Viol: 0.0000 | Val Max Thermal: 0.0000
Epoch 9510 | Val Loss: 0.3588 | Val Cost:    0.00 | Val Max P-Miss: 0.2509 | Val Max Q-Miss: 0.0194 | Val Max Gen Viol: 0.0000 | Val Max Thermal: 0.0000
Epoch 9520 | Val Loss: 0.3545 | Val Cost:    0.00 | Val Max P-Miss: 0.2295 | Val Max Q-Miss: 0.0135 | Val Max Gen Viol: 0.0000 | Val Max Thermal: 0.0000
Epoch 9530 | Val Loss: 0.3545 | Val Cost:    0.00 | Val Max P-Miss: 0.2238 | Val Max Q-Miss: 0.0143 | Val Max Gen Viol: 0.0000 | Val Max Thermal: 0.0000
Epoch 9540 | Val Loss: 0.3544 | Val Cost:    0.00 | Val Max P-Miss: 0.2362 | Val Max Q-Miss: 0.0130 | Val Max Gen Viol: 0.0000 | Val Max Thermal: 0.0000
Epoch 9550 | Val Loss: 0.3545 | Val Cost:    0.00 | Val Max P-Miss: 0.2283 | Val Max Q-Miss: 0.0136 | Val Max Gen Viol: 0.0000 | Val Max Thermal: 0.0000
Epoch 9560 | Val Loss: 0.3545 | Val Cost:    0.00 | Val Max P-Miss: 0.2222 | Val Max Q-Miss: 0.0133 | Val Max Gen Viol: 0.0000 | Val Max Thermal: 0.0000
Epoch 9570 | Val Loss: 0.3546 | Val Cost:    0.00 | Val Max P-Miss: 0.2189 | Val Max Q-Miss: 0.0144 | Val Max Gen Viol: 0.0000 | Val Max Thermal: 0.0000
Epoch 9580 | Val Loss: 0.3545 | Val Cost:    0.00 | Val Max P-Miss: 0.2251 | Val Max Q-Miss: 0.0136 | Val Max Gen Viol: 0.0000 | Val Max Thermal: 0.0000
Epoch 9590 | Val Loss: 0.3545 | Val Cost:    0.00 | Val Max P-Miss: 0.2304 | Val Max Q-Miss: 0.0125 | Val Max Gen Viol: 0.0000 | Val Max Thermal: 0.0000
Epoch 9600 | Val Loss: 0.3547 | Val Cost:    0.00 | Val Max P-Miss: 0.2197 | Val Max Q-Miss: 0.0156 | Val Max Gen Viol: 0.0000 | Val Max Thermal: 0.0000
Epoch 9610 | Val Loss: 0.3545 | Val Cost:    0.00 | Val Max P-Miss: 0.2299 | Val Max Q-Miss: 0.0123 | Val Max Gen Viol: 0.0000 | Val Max Thermal: 0.0000
Epoch 9620 | Val Loss: 0.3546 | Val Cost:    0.00 | Val Max P-Miss: 0.2257 | Val Max Q-Miss: 0.0148 | Val Max Gen Viol: 0.0000 | Val Max Thermal: 0.0000
Epoch 9630 | Val Loss: 0.3547 | Val Cost:    0.00 | Val Max P-Miss: 0.2325 | Val Max Q-Miss: 0.0130 | Val Max Gen Viol: 0.0000 | Val Max Thermal: 0.0000
Epoch 9640 | Val Loss: 0.3546 | Val Cost:    0.00 | Val Max P-Miss: 0.2275 | Val Max Q-Miss: 0.0139 | Val Max Gen Viol: 0.0000 | Val Max Thermal: 0.0000
Epoch 9650 | Val Loss: 0.3547 | Val Cost:    0.00 | Val Max P-Miss: 0.2414 | Val Max Q-Miss: 0.0179 | Val Max Gen Viol: 0.0000 | Val Max Thermal: 0.0000
Epoch 9660 | Val Loss: 0.3545 | Val Cost:    0.00 | Val Max P-Miss: 0.2233 | Val Max Q-Miss: 0.0134 | Val Max Gen Viol: 0.0000 | Val Max Thermal: 0.0000
Epoch 9670 | Val Loss: 0.3546 | Val Cost:    0.00 | Val Max P-Miss: 0.2356 | Val Max Q-Miss: 0.0130 | Val Max Gen Viol: 0.0000 | Val Max Thermal: 0.0000
Epoch 9680 | Val Loss: 0.3544 | Val Cost:    0.00 | Val Max P-Miss: 0.2334 | Val Max Q-Miss: 0.0138 | Val Max Gen Viol: 0.0000 | Val Max Thermal: 0.0000
Epoch 9690 | Val Loss: 0.3556 | Val Cost:    0.00 | Val Max P-Miss: 0.2190 | Val Max Q-Miss: 0.0234 | Val Max Gen Viol: 0.0000 | Val Max Thermal: 0.0000
Epoch 9700 | Val Loss: 0.3549 | Val Cost:    0.00 | Val Max P-Miss: 0.2305 | Val Max Q-Miss: 0.0131 | Val Max Gen Viol: 0.0000 | Val Max Thermal: 0.0000
Epoch 9710 | Val Loss: 0.3547 | Val Cost:    0.00 | Val Max P-Miss: 0.2267 | Val Max Q-Miss: 0.0149 | Val Max Gen Viol: 0.0000 | Val Max Thermal: 0.0000
Epoch 9720 | Val Loss: 0.3547 | Val Cost:    0.00 | Val Max P-Miss: 0.2296 | Val Max Q-Miss: 0.0140 | Val Max Gen Viol: 0.0000 | Val Max Thermal: 0.0000
Epoch 9730 | Val Loss: 0.3545 | Val Cost:    0.00 | Val Max P-Miss: 0.2325 | Val Max Q-Miss: 0.0142 | Val Max Gen Viol: 0.0000 | Val Max Thermal: 0.0000
Epoch 9740 | Val Loss: 0.3545 | Val Cost:    0.00 | Val Max P-Miss: 0.2393 | Val Max Q-Miss: 0.0136 | Val Max Gen Viol: 0.0000 | Val Max Thermal: 0.0000
Epoch 9750 | Val Loss: 0.3545 | Val Cost:    0.00 | Val Max P-Miss: 0.2358 | Val Max Q-Miss: 0.0127 | Val Max Gen Viol: 0.0000 | Val Max Thermal: 0.0000
Epoch 9760 | Val Loss: 0.3545 | Val Cost:    0.00 | Val Max P-Miss: 0.2437 | Val Max Q-Miss: 0.0135 | Val Max Gen Viol: 0.0000 | Val Max Thermal: 0.0000
Epoch 9770 | Val Loss: 0.3544 | Val Cost:    0.00 | Val Max P-Miss: 0.2389 | Val Max Q-Miss: 0.0140 | Val Max Gen Viol: 0.0000 | Val Max Thermal: 0.0000
Epoch 9780 | Val Loss: 0.3545 | Val Cost:    0.00 | Val Max P-Miss: 0.2339 | Val Max Q-Miss: 0.0134 | Val Max Gen Viol: 0.0000 | Val Max Thermal: 0.0000
Epoch 9790 | Val Loss: 0.3545 | Val Cost:    0.00 | Val Max P-Miss: 0.2350 | Val Max Q-Miss: 0.0131 | Val Max Gen Viol: 0.0000 | Val Max Thermal: 0.0000
Epoch 9800 | Val Loss: 0.3553 | Val Cost:    0.00 | Val Max P-Miss: 0.2245 | Val Max Q-Miss: 0.0147 | Val Max Gen Viol: 0.0000 | Val Max Thermal: 0.0000
Epoch 9810 | Val Loss: 0.3546 | Val Cost:    0.00 | Val Max P-Miss: 0.2279 | Val Max Q-Miss: 0.0143 | Val Max Gen Viol: 0.0000 | Val Max Thermal: 0.0000
Epoch 9820 | Val Loss: 0.3545 | Val Cost:    0.00 | Val Max P-Miss: 0.2384 | Val Max Q-Miss: 0.0149 | Val Max Gen Viol: 0.0000 | Val Max Thermal: 0.0000
Epoch 9830 | Val Loss: 0.3545 | Val Cost:    0.00 | Val Max P-Miss: 0.2378 | Val Max Q-Miss: 0.0152 | Val Max Gen Viol: 0.0000 | Val Max Thermal: 0.0000
Epoch 9840 | Val Loss: 0.3544 | Val Cost:    0.00 | Val Max P-Miss: 0.2350 | Val Max Q-Miss: 0.0140 | Val Max Gen Viol: 0.0000 | Val Max Thermal: 0.0000
Epoch 9850 | Val Loss: 0.3547 | Val Cost:    0.00 | Val Max P-Miss: 0.2202 | Val Max Q-Miss: 0.0157 | Val Max Gen Viol: 0.0000 | Val Max Thermal: 0.0000
Epoch 9860 | Val Loss: 0.3546 | Val Cost:    0.00 | Val Max P-Miss: 0.2226 | Val Max Q-Miss: 0.0124 | Val Max Gen Viol: 0.0000 | Val Max Thermal: 0.0000
Epoch 9870 | Val Loss: 0.3545 | Val Cost:    0.00 | Val Max P-Miss: 0.2209 | Val Max Q-Miss: 0.0165 | Val Max Gen Viol: 0.0000 | Val Max Thermal: 0.0000
Epoch 9880 | Val Loss: 0.3545 | Val Cost:    0.00 | Val Max P-Miss: 0.2249 | Val Max Q-Miss: 0.0133 | Val Max Gen Viol: 0.0000 | Val Max Thermal: 0.0000
Epoch 9890 | Val Loss: 0.3547 | Val Cost:    0.00 | Val Max P-Miss: 0.2184 | Val Max Q-Miss: 0.0167 | Val Max Gen Viol: 0.0000 | Val Max Thermal: 0.0000
Epoch 9900 | Val Loss: 0.3547 | Val Cost:    0.00 | Val Max P-Miss: 0.2266 | Val Max Q-Miss: 0.0134 | Val Max Gen Viol: 0.0000 | Val Max Thermal: 0.0000
Epoch 9910 | Val Loss: 0.3556 | Val Cost:    0.00 | Val Max P-Miss: 0.2290 | Val Max Q-Miss: 0.0133 | Val Max Gen Viol: 0.0000 | Val Max Thermal: 0.0000
Epoch 9920 | Val Loss: 0.3546 | Val Cost:    0.00 | Val Max P-Miss: 0.2300 | Val Max Q-Miss: 0.0129 | Val Max Gen Viol: 0.0000 | Val Max Thermal: 0.0000
Epoch 9930 | Val Loss: 0.3545 | Val Cost:    0.00 | Val Max P-Miss: 0.2289 | Val Max Q-Miss: 0.0122 | Val Max Gen Viol: 0.0000 | Val Max Thermal: 0.0000
Epoch 9940 | Val Loss: 0.3546 | Val Cost:    0.00 | Val Max P-Miss: 0.2200 | Val Max Q-Miss: 0.0160 | Val Max Gen Viol: 0.0000 | Val Max Thermal: 0.0000
Epoch 9950 | Val Loss: 0.3546 | Val Cost:    0.00 | Val Max P-Miss: 0.2287 | Val Max Q-Miss: 0.0123 | Val Max Gen Viol: 0.0000 | Val Max Thermal: 0.0000
Epoch 9960 | Val Loss: 0.3545 | Val Cost:    0.00 | Val Max P-Miss: 0.2356 | Val Max Q-Miss: 0.0136 | Val Max Gen Viol: 0.0000 | Val Max Thermal: 0.0000
Epoch 9970 | Val Loss: 0.3545 | Val Cost:    0.00 | Val Max P-Miss: 0.2309 | Val Max Q-Miss: 0.0132 | Val Max Gen Viol: 0.0000 | Val Max Thermal: 0.0000
Epoch 9980 | Val Loss: 0.3546 | Val Cost:    0.00 | Val Max P-Miss: 0.2281 | Val Max Q-Miss: 0.0124 | Val Max Gen Viol: 0.0000 | Val Max Thermal: 0.0000
Epoch 9990 | Val Loss: 0.3545 | Val Cost:    0.00 | Val Max P-Miss: 0.2350 | Val Max Q-Miss: 0.0130 | Val Max Gen Viol: 0.0000 | Val Max Thermal: 0.0000

==================================================
Training Complete!
Total Training Time: 00h 18m 15.83s
Best model weights saved to: ./model/best_dc3_MULTI_pglib_opf_case14_ieee_10000epochs_20260716_180115.pth
==================================================

