Job: acopf_ISS
Executing: ACOPF_Hard_KKT.py
Node: issnode1
GPU Allocated: 0
CUDA Hardware Acceleration Active: NVIDIA GeForce RTX 4090

Beginning execution of parallelized training matrix loops for Hard KKT...
Epoch    0 | Val Loss: 146.9735 | Val Cost: 1585.06 | Val Max P-Miss: 0.8952 | Val Max Q-Miss: 0.4610 | Val Max Gen Viol: 0.0000 | Val Max Thermal: 0.0000 [*SAVED BEST*]
Epoch   10 | Val Loss: 38.3838 | Val Cost: 1209.58 | Val Max P-Miss: 0.3646 | Val Max Q-Miss: 0.2282 | Val Max Gen Viol: 0.0000 | Val Max Thermal: 0.0000 [*SAVED BEST*]
Epoch   20 | Val Loss: 28.6993 | Val Cost: 1158.86 | Val Max P-Miss: 0.2759 | Val Max Q-Miss: 0.1396 | Val Max Gen Viol: 0.0000 | Val Max Thermal: 0.0000 [*SAVED BEST*]
Epoch   30 | Val Loss: 27.1584 | Val Cost: 1229.87 | Val Max P-Miss: 0.2478 | Val Max Q-Miss: 0.1041 | Val Max Gen Viol: 0.0000 | Val Max Thermal: 0.0000 [*SAVED BEST*]
Epoch   40 | Val Loss: 29.2740 | Val Cost: 1281.98 | Val Max P-Miss: 0.2598 | Val Max Q-Miss: 0.1841 | Val Max Gen Viol: 0.0000 | Val Max Thermal: 0.0000
Epoch   50 | Val Loss: 24.9298 | Val Cost: 1292.14 | Val Max P-Miss: 0.2089 | Val Max Q-Miss: 0.1471 | Val Max Gen Viol: 0.0001 | Val Max Thermal: 0.0000 [*SAVED BEST*]
Epoch   60 | Val Loss: 39.8796 | Val Cost: 1393.17 | Val Max P-Miss: 0.3801 | Val Max Q-Miss: 0.2119 | Val Max Gen Viol: 0.0011 | Val Max Thermal: 0.0000
Epoch   70 | Val Loss: 29.0378 | Val Cost: 1332.44 | Val Max P-Miss: 0.2509 | Val Max Q-Miss: 0.1874 | Val Max Gen Viol: 0.0001 | Val Max Thermal: 0.0000
Epoch   80 | Val Loss: 26.1585 | Val Cost: 1418.19 | Val Max P-Miss: 0.2798 | Val Max Q-Miss: 0.1519 | Val Max Gen Viol: 0.0054 | Val Max Thermal: 0.0000
Epoch   90 | Val Loss: 26.3221 | Val Cost: 1459.97 | Val Max P-Miss: 0.2863 | Val Max Q-Miss: 0.1664 | Val Max Gen Viol: 0.0069 | Val Max Thermal: 0.0000
Epoch  100 | Val Loss: 26.3251 | Val Cost: 1502.14 | Val Max P-Miss: 0.2883 | Val Max Q-Miss: 0.1542 | Val Max Gen Viol: 0.0080 | Val Max Thermal: 0.0000
Epoch  110 | Val Loss: 27.2135 | Val Cost: 1517.81 | Val Max P-Miss: 0.2949 | Val Max Q-Miss: 0.1603 | Val Max Gen Viol: 0.0086 | Val Max Thermal: 0.0000
Epoch  120 | Val Loss: 26.0853 | Val Cost: 1394.67 | Val Max P-Miss: 0.2673 | Val Max Q-Miss: 0.0763 | Val Max Gen Viol: 0.0066 | Val Max Thermal: 0.0000
Epoch  130 | Val Loss: 28.3349 | Val Cost: 1402.83 | Val Max P-Miss: 0.2370 | Val Max Q-Miss: 0.0564 | Val Max Gen Viol: 0.0076 | Val Max Thermal: 0.0000
Epoch  140 | Val Loss: 30.4999 | Val Cost: 1481.46 | Val Max P-Miss: 0.2669 | Val Max Q-Miss: 0.1341 | Val Max Gen Viol: 0.0091 | Val Max Thermal: 0.0000
Epoch  150 | Val Loss: 24.6325 | Val Cost: 1481.71 | Val Max P-Miss: 0.2650 | Val Max Q-Miss: 0.1485 | Val Max Gen Viol: 0.0094 | Val Max Thermal: 0.0000 [*SAVED BEST*]
Epoch  160 | Val Loss: 24.8129 | Val Cost: 1538.08 | Val Max P-Miss: 0.2667 | Val Max Q-Miss: 0.1402 | Val Max Gen Viol: 0.0100 | Val Max Thermal: 0.0000
Epoch  170 | Val Loss: 23.7873 | Val Cost: 1548.08 | Val Max P-Miss: 0.2448 | Val Max Q-Miss: 0.1257 | Val Max Gen Viol: 0.0102 | Val Max Thermal: 0.0000 [*SAVED BEST*]
Epoch  180 | Val Loss: 23.6201 | Val Cost: 1553.26 | Val Max P-Miss: 0.2453 | Val Max Q-Miss: 0.1167 | Val Max Gen Viol: 0.0103 | Val Max Thermal: 0.0000 [*SAVED BEST*]
Epoch  190 | Val Loss: 23.2389 | Val Cost: 1557.05 | Val Max P-Miss: 0.2399 | Val Max Q-Miss: 0.1086 | Val Max Gen Viol: 0.0105 | Val Max Thermal: 0.0000 [*SAVED BEST*]
Epoch  200 | Val Loss: 22.9909 | Val Cost: 1548.86 | Val Max P-Miss: 0.2206 | Val Max Q-Miss: 0.0896 | Val Max Gen Viol: 0.0105 | Val Max Thermal: 0.0000 [*SAVED BEST*]
Epoch  210 | Val Loss: 21.4786 | Val Cost: 1471.91 | Val Max P-Miss: 0.1714 | Val Max Q-Miss: 0.0784 | Val Max Gen Viol: 0.0099 | Val Max Thermal: 0.0000 [*SAVED BEST*]
Epoch  220 | Val Loss: 22.9222 | Val Cost: 1521.89 | Val Max P-Miss: 0.2037 | Val Max Q-Miss: 0.0971 | Val Max Gen Viol: 0.0104 | Val Max Thermal: 0.0000
Epoch  230 | Val Loss: 22.0213 | Val Cost: 1564.95 | Val Max P-Miss: 0.1727 | Val Max Q-Miss: 0.0846 | Val Max Gen Viol: 0.0107 | Val Max Thermal: 0.0000
Epoch  240 | Val Loss: 21.1125 | Val Cost: 1535.64 | Val Max P-Miss: 0.1652 | Val Max Q-Miss: 0.0466 | Val Max Gen Viol: 0.0106 | Val Max Thermal: 0.0000 [*SAVED BEST*]
Epoch  250 | Val Loss: 20.9154 | Val Cost: 1568.22 | Val Max P-Miss: 0.1582 | Val Max Q-Miss: 0.0422 | Val Max Gen Viol: 0.0108 | Val Max Thermal: 0.0000 [*SAVED BEST*]
Epoch  260 | Val Loss: 21.3713 | Val Cost: 1566.13 | Val Max P-Miss: 0.1581 | Val Max Q-Miss: 0.0564 | Val Max Gen Viol: 0.0109 | Val Max Thermal: 0.0000
Epoch  270 | Val Loss: 20.9910 | Val Cost: 1569.60 | Val Max P-Miss: 0.1741 | Val Max Q-Miss: 0.0540 | Val Max Gen Viol: 0.0109 | Val Max Thermal: 0.0000
Epoch  280 | Val Loss: 22.4158 | Val Cost: 1438.85 | Val Max P-Miss: 0.2016 | Val Max Q-Miss: 0.1018 | Val Max Gen Viol: 0.0103 | Val Max Thermal: 0.0000
Epoch  290 | Val Loss: 21.8012 | Val Cost: 1531.31 | Val Max P-Miss: 0.1881 | Val Max Q-Miss: 0.1030 | Val Max Gen Viol: 0.0108 | Val Max Thermal: 0.0000
Epoch  300 | Val Loss: 22.7191 | Val Cost: 1544.52 | Val Max P-Miss: 0.1905 | Val Max Q-Miss: 0.0949 | Val Max Gen Viol: 0.0109 | Val Max Thermal: 0.0000
Epoch  310 | Val Loss: 22.5922 | Val Cost: 1568.87 | Val Max P-Miss: 0.2302 | Val Max Q-Miss: 0.0777 | Val Max Gen Viol: 0.0110 | Val Max Thermal: 0.0000
Epoch  320 | Val Loss: 22.9030 | Val Cost: 1585.72 | Val Max P-Miss: 0.2337 | Val Max Q-Miss: 0.0740 | Val Max Gen Viol: 0.0111 | Val Max Thermal: 0.0000
Epoch  330 | Val Loss: 22.3111 | Val Cost: 1546.49 | Val Max P-Miss: 0.1866 | Val Max Q-Miss: 0.0971 | Val Max Gen Viol: 0.0111 | Val Max Thermal: 0.0000
Epoch  340 | Val Loss: 23.5922 | Val Cost: 1557.63 | Val Max P-Miss: 0.2475 | Val Max Q-Miss: 0.1079 | Val Max Gen Viol: 0.0112 | Val Max Thermal: 0.0000
Epoch  350 | Val Loss: 22.3332 | Val Cost: 1584.39 | Val Max P-Miss: 0.2216 | Val Max Q-Miss: 0.0914 | Val Max Gen Viol: 0.0112 | Val Max Thermal: 0.0000
Epoch  360 | Val Loss: 21.9071 | Val Cost: 1587.08 | Val Max P-Miss: 0.2061 | Val Max Q-Miss: 0.0864 | Val Max Gen Viol: 0.0113 | Val Max Thermal: 0.0000
Epoch  370 | Val Loss: 21.7594 | Val Cost: 1589.94 | Val Max P-Miss: 0.1992 | Val Max Q-Miss: 0.0841 | Val Max Gen Viol: 0.0113 | Val Max Thermal: 0.0000
Epoch  380 | Val Loss: 21.5588 | Val Cost: 1591.35 | Val Max P-Miss: 0.1860 | Val Max Q-Miss: 0.0782 | Val Max Gen Viol: 0.0113 | Val Max Thermal: 0.0000
Epoch  390 | Val Loss: 21.3690 | Val Cost: 1589.31 | Val Max P-Miss: 0.1774 | Val Max Q-Miss: 0.0737 | Val Max Gen Viol: 0.0113 | Val Max Thermal: 0.0000
Epoch  400 | Val Loss: 21.3252 | Val Cost: 1588.02 | Val Max P-Miss: 0.1781 | Val Max Q-Miss: 0.0619 | Val Max Gen Viol: 0.0113 | Val Max Thermal: 0.0000
Epoch  410 | Val Loss: 21.4182 | Val Cost: 1582.56 | Val Max P-Miss: 0.1849 | Val Max Q-Miss: 0.0629 | Val Max Gen Viol: 0.0113 | Val Max Thermal: 0.0000
Epoch  420 | Val Loss: 21.7563 | Val Cost: 1548.65 | Val Max P-Miss: 0.1416 | Val Max Q-Miss: 0.0774 | Val Max Gen Viol: 0.0113 | Val Max Thermal: 0.0000
Epoch  430 | Val Loss: 24.2374 | Val Cost: 1551.68 | Val Max P-Miss: 0.1985 | Val Max Q-Miss: 0.0711 | Val Max Gen Viol: 0.0112 | Val Max Thermal: 0.0000
Epoch  440 | Val Loss: 21.4094 | Val Cost: 1549.99 | Val Max P-Miss: 0.1474 | Val Max Q-Miss: 0.0674 | Val Max Gen Viol: 0.0113 | Val Max Thermal: 0.0000
Epoch  450 | Val Loss: 21.9596 | Val Cost: 1586.59 | Val Max P-Miss: 0.1519 | Val Max Q-Miss: 0.0831 | Val Max Gen Viol: 0.0114 | Val Max Thermal: 0.0000
Epoch  460 | Val Loss: 21.0255 | Val Cost: 1557.40 | Val Max P-Miss: 0.1595 | Val Max Q-Miss: 0.0765 | Val Max Gen Viol: 0.0114 | Val Max Thermal: 0.0000
Epoch  470 | Val Loss: 20.4475 | Val Cost: 1584.89 | Val Max P-Miss: 0.1465 | Val Max Q-Miss: 0.0626 | Val Max Gen Viol: 0.0114 | Val Max Thermal: 0.0000 [*SAVED BEST*]
Epoch  480 | Val Loss: 20.4019 | Val Cost: 1582.32 | Val Max P-Miss: 0.1404 | Val Max Q-Miss: 0.0687 | Val Max Gen Viol: 0.0114 | Val Max Thermal: 0.0000 [*SAVED BEST*]
Epoch  490 | Val Loss: 20.8820 | Val Cost: 1574.58 | Val Max P-Miss: 0.1354 | Val Max Q-Miss: 0.0669 | Val Max Gen Viol: 0.0114 | Val Max Thermal: 0.0000
Epoch  500 | Val Loss: 20.8110 | Val Cost: 1575.07 | Val Max P-Miss: 0.1231 | Val Max Q-Miss: 0.0970 | Val Max Gen Viol: 0.0114 | Val Max Thermal: 0.0000
Epoch  510 | Val Loss: 20.0258 | Val Cost: 1603.34 | Val Max P-Miss: 0.1419 | Val Max Q-Miss: 0.0491 | Val Max Gen Viol: 0.0115 | Val Max Thermal: 0.0000 [*SAVED BEST*]
Epoch  520 | Val Loss: 19.8819 | Val Cost: 1605.83 | Val Max P-Miss: 0.1309 | Val Max Q-Miss: 0.0450 | Val Max Gen Viol: 0.0115 | Val Max Thermal: 0.0000 [*SAVED BEST*]
Epoch  530 | Val Loss: 21.2453 | Val Cost: 1585.77 | Val Max P-Miss: 0.1684 | Val Max Q-Miss: 0.0464 | Val Max Gen Viol: 0.0115 | Val Max Thermal: 0.0000
Epoch  540 | Val Loss: 21.2691 | Val Cost: 1564.99 | Val Max P-Miss: 0.1709 | Val Max Q-Miss: 0.0472 | Val Max Gen Viol: 0.0115 | Val Max Thermal: 0.0000
Epoch  550 | Val Loss: 24.5066 | Val Cost: 1579.00 | Val Max P-Miss: 0.1561 | Val Max Q-Miss: 0.2035 | Val Max Gen Viol: 0.0115 | Val Max Thermal: 0.0000
Epoch  560 | Val Loss: 23.3718 | Val Cost: 1581.14 | Val Max P-Miss: 0.1521 | Val Max Q-Miss: 0.0978 | Val Max Gen Viol: 0.0115 | Val Max Thermal: 0.0000
Epoch  570 | Val Loss: 24.5610 | Val Cost: 1566.46 | Val Max P-Miss: 0.2113 | Val Max Q-Miss: 0.0788 | Val Max Gen Viol: 0.0115 | Val Max Thermal: 0.0000
Epoch  580 | Val Loss: 21.5260 | Val Cost: 1576.08 | Val Max P-Miss: 0.1394 | Val Max Q-Miss: 0.1084 | Val Max Gen Viol: 0.0115 | Val Max Thermal: 0.0000
Epoch  590 | Val Loss: 21.3731 | Val Cost: 1580.87 | Val Max P-Miss: 0.1699 | Val Max Q-Miss: 0.0647 | Val Max Gen Viol: 0.0115 | Val Max Thermal: 0.0000
Epoch  600 | Val Loss: 21.6390 | Val Cost: 1600.59 | Val Max P-Miss: 0.1642 | Val Max Q-Miss: 0.0716 | Val Max Gen Viol: 0.0115 | Val Max Thermal: 0.0000
Epoch  610 | Val Loss: 21.8971 | Val Cost: 1600.74 | Val Max P-Miss: 0.1689 | Val Max Q-Miss: 0.0781 | Val Max Gen Viol: 0.0115 | Val Max Thermal: 0.0000
Epoch  620 | Val Loss: 22.0001 | Val Cost: 1601.25 | Val Max P-Miss: 0.1726 | Val Max Q-Miss: 0.0805 | Val Max Gen Viol: 0.0116 | Val Max Thermal: 0.0000
Epoch  630 | Val Loss: 22.0922 | Val Cost: 1601.09 | Val Max P-Miss: 0.1774 | Val Max Q-Miss: 0.0800 | Val Max Gen Viol: 0.0116 | Val Max Thermal: 0.0000
Epoch  640 | Val Loss: 22.2522 | Val Cost: 1600.24 | Val Max P-Miss: 0.1819 | Val Max Q-Miss: 0.0861 | Val Max Gen Viol: 0.0116 | Val Max Thermal: 0.0000
Epoch  650 | Val Loss: 22.8557 | Val Cost: 1599.23 | Val Max P-Miss: 0.1935 | Val Max Q-Miss: 0.0966 | Val Max Gen Viol: 0.0116 | Val Max Thermal: 0.0000
Epoch  660 | Val Loss: 23.1828 | Val Cost: 1598.05 | Val Max P-Miss: 0.1999 | Val Max Q-Miss: 0.1006 | Val Max Gen Viol: 0.0116 | Val Max Thermal: 0.0000
Epoch  670 | Val Loss: 23.4668 | Val Cost: 1596.52 | Val Max P-Miss: 0.2052 | Val Max Q-Miss: 0.1051 | Val Max Gen Viol: 0.0116 | Val Max Thermal: 0.0000
Epoch  680 | Val Loss: 23.9582 | Val Cost: 1594.36 | Val Max P-Miss: 0.2140 | Val Max Q-Miss: 0.1142 | Val Max Gen Viol: 0.0116 | Val Max Thermal: 0.0000
Epoch  690 | Val Loss: 24.3743 | Val Cost: 1591.90 | Val Max P-Miss: 0.2177 | Val Max Q-Miss: 0.1270 | Val Max Gen Viol: 0.0116 | Val Max Thermal: 0.0000
Epoch  700 | Val Loss: 24.2600 | Val Cost: 1573.32 | Val Max P-Miss: 0.2203 | Val Max Q-Miss: 0.1121 | Val Max Gen Viol: 0.0116 | Val Max Thermal: 0.0000
Epoch  710 | Val Loss: 25.3644 | Val Cost: 1530.09 | Val Max P-Miss: 0.1894 | Val Max Q-Miss: 0.1101 | Val Max Gen Viol: 0.0116 | Val Max Thermal: 0.0000
Epoch  720 | Val Loss: 30.2835 | Val Cost: 1565.65 | Val Max P-Miss: 0.2071 | Val Max Q-Miss: 0.1864 | Val Max Gen Viol: 0.0116 | Val Max Thermal: 0.0000
Epoch  730 | Val Loss: 25.5995 | Val Cost: 1557.65 | Val Max P-Miss: 0.2283 | Val Max Q-Miss: 0.1076 | Val Max Gen Viol: 0.0116 | Val Max Thermal: 0.0000
Epoch  740 | Val Loss: 23.6155 | Val Cost: 1480.24 | Val Max P-Miss: 0.1801 | Val Max Q-Miss: 0.1113 | Val Max Gen Viol: 0.0115 | Val Max Thermal: 0.0000
Epoch  750 | Val Loss: 21.9666 | Val Cost: 1562.82 | Val Max P-Miss: 0.1511 | Val Max Q-Miss: 0.0845 | Val Max Gen Viol: 0.0116 | Val Max Thermal: 0.0000
Epoch  760 | Val Loss: 22.8304 | Val Cost: 1544.62 | Val Max P-Miss: 0.1744 | Val Max Q-Miss: 0.1038 | Val Max Gen Viol: 0.0116 | Val Max Thermal: 0.0000
Epoch  770 | Val Loss: 22.5068 | Val Cost: 1586.26 | Val Max P-Miss: 0.1738 | Val Max Q-Miss: 0.0982 | Val Max Gen Viol: 0.0116 | Val Max Thermal: 0.0000
Epoch  780 | Val Loss: 22.1444 | Val Cost: 1588.56 | Val Max P-Miss: 0.1771 | Val Max Q-Miss: 0.0869 | Val Max Gen Viol: 0.0116 | Val Max Thermal: 0.0000
Epoch  790 | Val Loss: 21.8826 | Val Cost: 1590.57 | Val Max P-Miss: 0.1736 | Val Max Q-Miss: 0.0841 | Val Max Gen Viol: 0.0116 | Val Max Thermal: 0.0000
Epoch  800 | Val Loss: 21.6297 | Val Cost: 1588.91 | Val Max P-Miss: 0.1695 | Val Max Q-Miss: 0.0761 | Val Max Gen Viol: 0.0116 | Val Max Thermal: 0.0000
Epoch  810 | Val Loss: 21.4071 | Val Cost: 1532.44 | Val Max P-Miss: 0.1567 | Val Max Q-Miss: 0.0765 | Val Max Gen Viol: 0.0116 | Val Max Thermal: 0.0000
Epoch  820 | Val Loss: 21.2066 | Val Cost: 1584.96 | Val Max P-Miss: 0.1571 | Val Max Q-Miss: 0.0602 | Val Max Gen Viol: 0.0116 | Val Max Thermal: 0.0000
Epoch  830 | Val Loss: 20.9875 | Val Cost: 1592.11 | Val Max P-Miss: 0.1532 | Val Max Q-Miss: 0.0638 | Val Max Gen Viol: 0.0116 | Val Max Thermal: 0.0000
Epoch  840 | Val Loss: 20.8108 | Val Cost: 1591.40 | Val Max P-Miss: 0.1485 | Val Max Q-Miss: 0.0601 | Val Max Gen Viol: 0.0116 | Val Max Thermal: 0.0000
Epoch  850 | Val Loss: 20.6161 | Val Cost: 1589.71 | Val Max P-Miss: 0.1438 | Val Max Q-Miss: 0.0554 | Val Max Gen Viol: 0.0116 | Val Max Thermal: 0.0000
Epoch  860 | Val Loss: 20.3825 | Val Cost: 1587.49 | Val Max P-Miss: 0.1363 | Val Max Q-Miss: 0.0502 | Val Max Gen Viol: 0.0116 | Val Max Thermal: 0.0000
Epoch  870 | Val Loss: 20.1274 | Val Cost: 1584.68 | Val Max P-Miss: 0.1267 | Val Max Q-Miss: 0.0429 | Val Max Gen Viol: 0.0116 | Val Max Thermal: 0.0000
Epoch  880 | Val Loss: 19.9348 | Val Cost: 1582.05 | Val Max P-Miss: 0.1194 | Val Max Q-Miss: 0.0381 | Val Max Gen Viol: 0.0116 | Val Max Thermal: 0.0000
Epoch  890 | Val Loss: 19.6660 | Val Cost: 1579.58 | Val Max P-Miss: 0.1136 | Val Max Q-Miss: 0.0362 | Val Max Gen Viol: 0.0116 | Val Max Thermal: 0.0000 [*SAVED BEST*]
Epoch  900 | Val Loss: 21.0816 | Val Cost: 1476.88 | Val Max P-Miss: 0.1610 | Val Max Q-Miss: 0.0489 | Val Max Gen Viol: 0.0116 | Val Max Thermal: 0.0000
Epoch  910 | Val Loss: 21.6296 | Val Cost: 1527.64 | Val Max P-Miss: 0.1609 | Val Max Q-Miss: 0.1057 | Val Max Gen Viol: 0.0116 | Val Max Thermal: 0.0000
Epoch  920 | Val Loss: 20.1254 | Val Cost: 1522.21 | Val Max P-Miss: 0.1341 | Val Max Q-Miss: 0.0568 | Val Max Gen Viol: 0.0116 | Val Max Thermal: 0.0000
Epoch  930 | Val Loss: 20.2095 | Val Cost: 1557.53 | Val Max P-Miss: 0.1105 | Val Max Q-Miss: 0.0581 | Val Max Gen Viol: 0.0116 | Val Max Thermal: 0.0000
Epoch  940 | Val Loss: 19.9476 | Val Cost: 1563.60 | Val Max P-Miss: 0.1275 | Val Max Q-Miss: 0.0466 | Val Max Gen Viol: 0.0116 | Val Max Thermal: 0.0000
Epoch  950 | Val Loss: 19.6829 | Val Cost: 1580.78 | Val Max P-Miss: 0.1065 | Val Max Q-Miss: 0.0481 | Val Max Gen Viol: 0.0116 | Val Max Thermal: 0.0000
Epoch  960 | Val Loss: 20.4631 | Val Cost: 1563.18 | Val Max P-Miss: 0.1685 | Val Max Q-Miss: 0.0448 | Val Max Gen Viol: 0.0116 | Val Max Thermal: 0.0000
Epoch  970 | Val Loss: 20.9376 | Val Cost: 1592.09 | Val Max P-Miss: 0.1958 | Val Max Q-Miss: 0.0424 | Val Max Gen Viol: 0.0116 | Val Max Thermal: 0.0000
Epoch  980 | Val Loss: 21.1134 | Val Cost: 1588.29 | Val Max P-Miss: 0.1969 | Val Max Q-Miss: 0.0432 | Val Max Gen Viol: 0.0116 | Val Max Thermal: 0.0000
Epoch  990 | Val Loss: 21.2598 | Val Cost: 1588.34 | Val Max P-Miss: 0.2031 | Val Max Q-Miss: 0.0395 | Val Max Gen Viol: 0.0116 | Val Max Thermal: 0.0000
Epoch 1000 | Val Loss: 21.5089 | Val Cost: 1586.54 | Val Max P-Miss: 0.2087 | Val Max Q-Miss: 0.0410 | Val Max Gen Viol: 0.0116 | Val Max Thermal: 0.0000
Epoch 1010 | Val Loss: 21.8807 | Val Cost: 1584.50 | Val Max P-Miss: 0.2138 | Val Max Q-Miss: 0.0487 | Val Max Gen Viol: 0.0116 | Val Max Thermal: 0.0000
Epoch 1020 | Val Loss: 22.4953 | Val Cost: 1504.42 | Val Max P-Miss: 0.2455 | Val Max Q-Miss: 0.0594 | Val Max Gen Viol: 0.0116 | Val Max Thermal: 0.0000
Epoch 1030 | Val Loss: 21.6389 | Val Cost: 1573.15 | Val Max P-Miss: 0.1935 | Val Max Q-Miss: 0.0619 | Val Max Gen Viol: 0.0116 | Val Max Thermal: 0.0000
Epoch 1040 | Val Loss: 20.8538 | Val Cost: 1567.80 | Val Max P-Miss: 0.1939 | Val Max Q-Miss: 0.0608 | Val Max Gen Viol: 0.0116 | Val Max Thermal: 0.0000
Epoch 1050 | Val Loss: 20.9604 | Val Cost: 1580.61 | Val Max P-Miss: 0.1895 | Val Max Q-Miss: 0.0579 | Val Max Gen Viol: 0.0116 | Val Max Thermal: 0.0000
Epoch 1060 | Val Loss: 20.5793 | Val Cost: 1580.10 | Val Max P-Miss: 0.1792 | Val Max Q-Miss: 0.0515 | Val Max Gen Viol: 0.0116 | Val Max Thermal: 0.0000
Epoch 1070 | Val Loss: 20.3777 | Val Cost: 1578.57 | Val Max P-Miss: 0.1722 | Val Max Q-Miss: 0.0459 | Val Max Gen Viol: 0.0116 | Val Max Thermal: 0.0000
Epoch 1080 | Val Loss: 20.2488 | Val Cost: 1576.08 | Val Max P-Miss: 0.1655 | Val Max Q-Miss: 0.0431 | Val Max Gen Viol: 0.0116 | Val Max Thermal: 0.0000
Epoch 1090 | Val Loss: 20.0898 | Val Cost: 1573.51 | Val Max P-Miss: 0.1614 | Val Max Q-Miss: 0.0402 | Val Max Gen Viol: 0.0116 | Val Max Thermal: 0.0000
Epoch 1100 | Val Loss: 19.9157 | Val Cost: 1572.70 | Val Max P-Miss: 0.1530 | Val Max Q-Miss: 0.0367 | Val Max Gen Viol: 0.0116 | Val Max Thermal: 0.0000
Epoch 1110 | Val Loss: 20.0122 | Val Cost: 1571.49 | Val Max P-Miss: 0.1518 | Val Max Q-Miss: 0.0299 | Val Max Gen Viol: 0.0116 | Val Max Thermal: 0.0000
Epoch 1120 | Val Loss: 20.0709 | Val Cost: 1568.09 | Val Max P-Miss: 0.1453 | Val Max Q-Miss: 0.0326 | Val Max Gen Viol: 0.0116 | Val Max Thermal: 0.0000
Epoch 1130 | Val Loss: 19.6948 | Val Cost: 1564.10 | Val Max P-Miss: 0.1334 | Val Max Q-Miss: 0.0292 | Val Max Gen Viol: 0.0116 | Val Max Thermal: 0.0000
Epoch 1140 | Val Loss: 20.1960 | Val Cost: 1561.18 | Val Max P-Miss: 0.1479 | Val Max Q-Miss: 0.0630 | Val Max Gen Viol: 0.0116 | Val Max Thermal: 0.0000
Epoch 1150 | Val Loss: 21.6657 | Val Cost: 1513.14 | Val Max P-Miss: 0.2025 | Val Max Q-Miss: 0.1009 | Val Max Gen Viol: 0.0116 | Val Max Thermal: 0.0000
Epoch 1160 | Val Loss: 20.4331 | Val Cost: 1545.83 | Val Max P-Miss: 0.1446 | Val Max Q-Miss: 0.0587 | Val Max Gen Viol: 0.0116 | Val Max Thermal: 0.0000
Epoch 1170 | Val Loss: 19.9418 | Val Cost: 1573.84 | Val Max P-Miss: 0.1263 | Val Max Q-Miss: 0.0387 | Val Max Gen Viol: 0.0116 | Val Max Thermal: 0.0000
Epoch 1180 | Val Loss: 19.7335 | Val Cost: 1580.59 | Val Max P-Miss: 0.1183 | Val Max Q-Miss: 0.0308 | Val Max Gen Viol: 0.0116 | Val Max Thermal: 0.0000
Epoch 1190 | Val Loss: 19.6654 | Val Cost: 1576.11 | Val Max P-Miss: 0.1176 | Val Max Q-Miss: 0.0320 | Val Max Gen Viol: 0.0116 | Val Max Thermal: 0.0000 [*SAVED BEST*]
Epoch 1200 | Val Loss: 20.2301 | Val Cost: 1572.69 | Val Max P-Miss: 0.1086 | Val Max Q-Miss: 0.0698 | Val Max Gen Viol: 0.0116 | Val Max Thermal: 0.0000
Epoch 1210 | Val Loss: 19.6249 | Val Cost: 1574.75 | Val Max P-Miss: 0.1055 | Val Max Q-Miss: 0.0353 | Val Max Gen Viol: 0.0116 | Val Max Thermal: 0.0000 [*SAVED BEST*]
Epoch 1220 | Val Loss: 20.3440 | Val Cost: 1575.25 | Val Max P-Miss: 0.1352 | Val Max Q-Miss: 0.0805 | Val Max Gen Viol: 0.0116 | Val Max Thermal: 0.0000
Epoch 1230 | Val Loss: 19.7132 | Val Cost: 1557.21 | Val Max P-Miss: 0.1054 | Val Max Q-Miss: 0.0485 | Val Max Gen Viol: 0.0116 | Val Max Thermal: 0.0000
Epoch 1240 | Val Loss: 20.0257 | Val Cost: 1573.36 | Val Max P-Miss: 0.1334 | Val Max Q-Miss: 0.0349 | Val Max Gen Viol: 0.0116 | Val Max Thermal: 0.0000
Epoch 1250 | Val Loss: 20.6506 | Val Cost: 1572.60 | Val Max P-Miss: 0.1517 | Val Max Q-Miss: 0.0464 | Val Max Gen Viol: 0.0116 | Val Max Thermal: 0.0000
Epoch 1260 | Val Loss: 21.1383 | Val Cost: 1569.80 | Val Max P-Miss: 0.1620 | Val Max Q-Miss: 0.0561 | Val Max Gen Viol: 0.0116 | Val Max Thermal: 0.0000
Epoch 1270 | Val Loss: 20.0112 | Val Cost: 1569.22 | Val Max P-Miss: 0.1333 | Val Max Q-Miss: 0.0419 | Val Max Gen Viol: 0.0116 | Val Max Thermal: 0.0000
Epoch 1280 | Val Loss: 20.4576 | Val Cost: 1569.10 | Val Max P-Miss: 0.1482 | Val Max Q-Miss: 0.0496 | Val Max Gen Viol: 0.0116 | Val Max Thermal: 0.0000
Epoch 1290 | Val Loss: 20.7586 | Val Cost: 1569.01 | Val Max P-Miss: 0.1561 | Val Max Q-Miss: 0.0553 | Val Max Gen Viol: 0.0116 | Val Max Thermal: 0.0000
Epoch 1300 | Val Loss: 20.8613 | Val Cost: 1569.39 | Val Max P-Miss: 0.1585 | Val Max Q-Miss: 0.0614 | Val Max Gen Viol: 0.0116 | Val Max Thermal: 0.0000
Epoch 1310 | Val Loss: 20.9645 | Val Cost: 1570.07 | Val Max P-Miss: 0.1589 | Val Max Q-Miss: 0.0699 | Val Max Gen Viol: 0.0116 | Val Max Thermal: 0.0000
Epoch 1320 | Val Loss: 21.1136 | Val Cost: 1571.80 | Val Max P-Miss: 0.1611 | Val Max Q-Miss: 0.0789 | Val Max Gen Viol: 0.0116 | Val Max Thermal: 0.0000
Epoch 1330 | Val Loss: 21.3298 | Val Cost: 1572.68 | Val Max P-Miss: 0.1651 | Val Max Q-Miss: 0.0886 | Val Max Gen Viol: 0.0116 | Val Max Thermal: 0.0000
Epoch 1340 | Val Loss: 21.6451 | Val Cost: 1572.60 | Val Max P-Miss: 0.1703 | Val Max Q-Miss: 0.0995 | Val Max Gen Viol: 0.0116 | Val Max Thermal: 0.0000
Epoch 1350 | Val Loss: 21.9694 | Val Cost: 1474.83 | Val Max P-Miss: 0.1725 | Val Max Q-Miss: 0.0734 | Val Max Gen Viol: 0.0116 | Val Max Thermal: 0.0000
Epoch 1360 | Val Loss: 24.7093 | Val Cost: 1563.89 | Val Max P-Miss: 0.1547 | Val Max Q-Miss: 0.1218 | Val Max Gen Viol: 0.0116 | Val Max Thermal: 0.0000
Epoch 1370 | Val Loss: 20.1815 | Val Cost: 1542.12 | Val Max P-Miss: 0.1185 | Val Max Q-Miss: 0.0481 | Val Max Gen Viol: 0.0116 | Val Max Thermal: 0.0000
Epoch 1380 | Val Loss: 22.5338 | Val Cost: 1576.68 | Val Max P-Miss: 0.0976 | Val Max Q-Miss: 0.1728 | Val Max Gen Viol: 0.0116 | Val Max Thermal: 0.0000
Epoch 1390 | Val Loss: 21.7446 | Val Cost: 1582.77 | Val Max P-Miss: 0.1789 | Val Max Q-Miss: 0.0734 | Val Max Gen Viol: 0.0116 | Val Max Thermal: 0.0000
Epoch 1400 | Val Loss: 21.0280 | Val Cost: 1577.90 | Val Max P-Miss: 0.1600 | Val Max Q-Miss: 0.0651 | Val Max Gen Viol: 0.0116 | Val Max Thermal: 0.0000
Epoch 1410 | Val Loss: 20.6347 | Val Cost: 1578.90 | Val Max P-Miss: 0.1502 | Val Max Q-Miss: 0.0586 | Val Max Gen Viol: 0.0116 | Val Max Thermal: 0.0000
Epoch 1420 | Val Loss: 20.5183 | Val Cost: 1577.92 | Val Max P-Miss: 0.1473 | Val Max Q-Miss: 0.0551 | Val Max Gen Viol: 0.0116 | Val Max Thermal: 0.0000
Epoch 1430 | Val Loss: 20.2471 | Val Cost: 1575.50 | Val Max P-Miss: 0.1403 | Val Max Q-Miss: 0.0493 | Val Max Gen Viol: 0.0116 | Val Max Thermal: 0.0000
Epoch 1440 | Val Loss: 20.0015 | Val Cost: 1574.12 | Val Max P-Miss: 0.1319 | Val Max Q-Miss: 0.0415 | Val Max Gen Viol: 0.0116 | Val Max Thermal: 0.0000
Epoch 1450 | Val Loss: 19.8415 | Val Cost: 1572.76 | Val Max P-Miss: 0.1252 | Val Max Q-Miss: 0.0351 | Val Max Gen Viol: 0.0116 | Val Max Thermal: 0.0000
Epoch 1460 | Val Loss: 19.7039 | Val Cost: 1571.82 | Val Max P-Miss: 0.1191 | Val Max Q-Miss: 0.0331 | Val Max Gen Viol: 0.0116 | Val Max Thermal: 0.0000
Epoch 1470 | Val Loss: 19.6509 | Val Cost: 1568.59 | Val Max P-Miss: 0.1096 | Val Max Q-Miss: 0.0337 | Val Max Gen Viol: 0.0116 | Val Max Thermal: 0.0000
Epoch 1480 | Val Loss: 19.7171 | Val Cost: 1570.40 | Val Max P-Miss: 0.1114 | Val Max Q-Miss: 0.0474 | Val Max Gen Viol: 0.0116 | Val Max Thermal: 0.0000
Epoch 1490 | Val Loss: 20.3609 | Val Cost: 1500.22 | Val Max P-Miss: 0.1510 | Val Max Q-Miss: 0.0602 | Val Max Gen Viol: 0.0116 | Val Max Thermal: 0.0000
Epoch 1500 | Val Loss: 20.7857 | Val Cost: 1556.28 | Val Max P-Miss: 0.1453 | Val Max Q-Miss: 0.0446 | Val Max Gen Viol: 0.0116 | Val Max Thermal: 0.0000
Epoch 1510 | Val Loss: 22.7096 | Val Cost: 1555.16 | Val Max P-Miss: 0.1693 | Val Max Q-Miss: 0.0647 | Val Max Gen Viol: 0.0116 | Val Max Thermal: 0.0000
Epoch 1520 | Val Loss: 20.8249 | Val Cost: 1553.68 | Val Max P-Miss: 0.1319 | Val Max Q-Miss: 0.0847 | Val Max Gen Viol: 0.0116 | Val Max Thermal: 0.0000
Epoch 1530 | Val Loss: 19.4372 | Val Cost: 1581.17 | Val Max P-Miss: 0.1388 | Val Max Q-Miss: 0.0321 | Val Max Gen Viol: 0.0116 | Val Max Thermal: 0.0000 [*SAVED BEST*]
Epoch 1540 | Val Loss: 19.3486 | Val Cost: 1578.67 | Val Max P-Miss: 0.1338 | Val Max Q-Miss: 0.0236 | Val Max Gen Viol: 0.0116 | Val Max Thermal: 0.0000 [*SAVED BEST*]
Epoch 1550 | Val Loss: 19.2812 | Val Cost: 1577.43 | Val Max P-Miss: 0.1230 | Val Max Q-Miss: 0.0406 | Val Max Gen Viol: 0.0116 | Val Max Thermal: 0.0000 [*SAVED BEST*]
Epoch 1560 | Val Loss: 19.7513 | Val Cost: 1564.45 | Val Max P-Miss: 0.1091 | Val Max Q-Miss: 0.0383 | Val Max Gen Viol: 0.0116 | Val Max Thermal: 0.0000
Epoch 1570 | Val Loss: 20.7993 | Val Cost: 1557.20 | Val Max P-Miss: 0.1094 | Val Max Q-Miss: 0.0960 | Val Max Gen Viol: 0.0116 | Val Max Thermal: 0.0000
Epoch 1580 | Val Loss: 19.7736 | Val Cost: 1550.99 | Val Max P-Miss: 0.1153 | Val Max Q-Miss: 0.0382 | Val Max Gen Viol: 0.0116 | Val Max Thermal: 0.0000
Epoch 1590 | Val Loss: 19.5527 | Val Cost: 1555.80 | Val Max P-Miss: 0.1069 | Val Max Q-Miss: 0.0401 | Val Max Gen Viol: 0.0116 | Val Max Thermal: 0.0000
Epoch 1600 | Val Loss: 19.5280 | Val Cost: 1570.75 | Val Max P-Miss: 0.1082 | Val Max Q-Miss: 0.0285 | Val Max Gen Viol: 0.0116 | Val Max Thermal: 0.0000
Epoch 1610 | Val Loss: 19.8361 | Val Cost: 1570.39 | Val Max P-Miss: 0.1071 | Val Max Q-Miss: 0.0688 | Val Max Gen Viol: 0.0116 | Val Max Thermal: 0.0000
Epoch 1620 | Val Loss: 19.4401 | Val Cost: 1571.19 | Val Max P-Miss: 0.1312 | Val Max Q-Miss: 0.0409 | Val Max Gen Viol: 0.0116 | Val Max Thermal: 0.0000
Epoch 1630 | Val Loss: 19.5701 | Val Cost: 1570.22 | Val Max P-Miss: 0.1352 | Val Max Q-Miss: 0.0468 | Val Max Gen Viol: 0.0116 | Val Max Thermal: 0.0000
Epoch 1640 | Val Loss: 19.8068 | Val Cost: 1569.56 | Val Max P-Miss: 0.1390 | Val Max Q-Miss: 0.0517 | Val Max Gen Viol: 0.0116 | Val Max Thermal: 0.0000
Epoch 1650 | Val Loss: 20.0710 | Val Cost: 1562.34 | Val Max P-Miss: 0.1323 | Val Max Q-Miss: 0.0505 | Val Max Gen Viol: 0.0116 | Val Max Thermal: 0.0000
Epoch 1660 | Val Loss: 20.1477 | Val Cost: 1553.74 | Val Max P-Miss: 0.1328 | Val Max Q-Miss: 0.0495 | Val Max Gen Viol: 0.0116 | Val Max Thermal: 0.0000
Epoch 1670 | Val Loss: 20.1483 | Val Cost: 1554.63 | Val Max P-Miss: 0.1261 | Val Max Q-Miss: 0.0546 | Val Max Gen Viol: 0.0116 | Val Max Thermal: 0.0000
Epoch 1680 | Val Loss: 19.9965 | Val Cost: 1570.56 | Val Max P-Miss: 0.1333 | Val Max Q-Miss: 0.0451 | Val Max Gen Viol: 0.0116 | Val Max Thermal: 0.0000
Epoch 1690 | Val Loss: 21.0436 | Val Cost: 1553.36 | Val Max P-Miss: 0.1445 | Val Max Q-Miss: 0.0807 | Val Max Gen Viol: 0.0116 | Val Max Thermal: 0.0000
Epoch 1700 | Val Loss: 19.9282 | Val Cost: 1569.70 | Val Max P-Miss: 0.1509 | Val Max Q-Miss: 0.0607 | Val Max Gen Viol: 0.0116 | Val Max Thermal: 0.0000
Epoch 1710 | Val Loss: 19.7771 | Val Cost: 1570.99 | Val Max P-Miss: 0.1423 | Val Max Q-Miss: 0.0571 | Val Max Gen Viol: 0.0116 | Val Max Thermal: 0.0000
Epoch 1720 | Val Loss: 19.6136 | Val Cost: 1566.51 | Val Max P-Miss: 0.1342 | Val Max Q-Miss: 0.0517 | Val Max Gen Viol: 0.0116 | Val Max Thermal: 0.0000
Epoch 1730 | Val Loss: 20.1391 | Val Cost: 1545.31 | Val Max P-Miss: 0.1488 | Val Max Q-Miss: 0.0517 | Val Max Gen Viol: 0.0116 | Val Max Thermal: 0.0000
Epoch 1740 | Val Loss: 20.0107 | Val Cost: 1550.32 | Val Max P-Miss: 0.1438 | Val Max Q-Miss: 0.0465 | Val Max Gen Viol: 0.0116 | Val Max Thermal: 0.0000
Epoch 1750 | Val Loss: 19.7296 | Val Cost: 1554.76 | Val Max P-Miss: 0.1320 | Val Max Q-Miss: 0.0390 | Val Max Gen Viol: 0.0116 | Val Max Thermal: 0.0000
Epoch 1760 | Val Loss: 19.4352 | Val Cost: 1557.02 | Val Max P-Miss: 0.1195 | Val Max Q-Miss: 0.0355 | Val Max Gen Viol: 0.0116 | Val Max Thermal: 0.0000
Epoch 1770 | Val Loss: 20.7468 | Val Cost: 1588.99 | Val Max P-Miss: 0.1123 | Val Max Q-Miss: 0.0617 | Val Max Gen Viol: 0.0116 | Val Max Thermal: 0.0000
Epoch 1780 | Val Loss: 19.4824 | Val Cost: 1558.08 | Val Max P-Miss: 0.0977 | Val Max Q-Miss: 0.0528 | Val Max Gen Viol: 0.0116 | Val Max Thermal: 0.0000
Epoch 1790 | Val Loss: 20.8825 | Val Cost: 1541.02 | Val Max P-Miss: 0.1674 | Val Max Q-Miss: 0.0641 | Val Max Gen Viol: 0.0116 | Val Max Thermal: 0.0000
Epoch 1800 | Val Loss: 19.4728 | Val Cost: 1573.76 | Val Max P-Miss: 0.1156 | Val Max Q-Miss: 0.0443 | Val Max Gen Viol: 0.0116 | Val Max Thermal: 0.0000
Epoch 1810 | Val Loss: 19.2076 | Val Cost: 1562.75 | Val Max P-Miss: 0.1027 | Val Max Q-Miss: 0.0259 | Val Max Gen Viol: 0.0116 | Val Max Thermal: 0.0000 [*SAVED BEST*]
Epoch 1820 | Val Loss: 19.0942 | Val Cost: 1565.39 | Val Max P-Miss: 0.0948 | Val Max Q-Miss: 0.0223 | Val Max Gen Viol: 0.0116 | Val Max Thermal: 0.0000 [*SAVED BEST*]
Epoch 1830 | Val Loss: 18.9764 | Val Cost: 1566.82 | Val Max P-Miss: 0.0934 | Val Max Q-Miss: 0.0204 | Val Max Gen Viol: 0.0116 | Val Max Thermal: 0.0000 [*SAVED BEST*]
Epoch 1840 | Val Loss: 18.9456 | Val Cost: 1567.18 | Val Max P-Miss: 0.0923 | Val Max Q-Miss: 0.0201 | Val Max Gen Viol: 0.0116 | Val Max Thermal: 0.0000 [*SAVED BEST*]
Epoch 1850 | Val Loss: 19.1957 | Val Cost: 1559.99 | Val Max P-Miss: 0.1044 | Val Max Q-Miss: 0.0254 | Val Max Gen Viol: 0.0116 | Val Max Thermal: 0.0000
Epoch 1860 | Val Loss: 20.2493 | Val Cost: 1561.54 | Val Max P-Miss: 0.1655 | Val Max Q-Miss: 0.0623 | Val Max Gen Viol: 0.0116 | Val Max Thermal: 0.0000
Epoch 1870 | Val Loss: 20.0142 | Val Cost: 1563.60 | Val Max P-Miss: 0.1565 | Val Max Q-Miss: 0.0589 | Val Max Gen Viol: 0.0116 | Val Max Thermal: 0.0000
Epoch 1880 | Val Loss: 19.8976 | Val Cost: 1563.69 | Val Max P-Miss: 0.1526 | Val Max Q-Miss: 0.0547 | Val Max Gen Viol: 0.0116 | Val Max Thermal: 0.0000
Epoch 1890 | Val Loss: 19.7184 | Val Cost: 1562.86 | Val Max P-Miss: 0.1448 | Val Max Q-Miss: 0.0481 | Val Max Gen Viol: 0.0116 | Val Max Thermal: 0.0000
Epoch 1900 | Val Loss: 19.5186 | Val Cost: 1562.14 | Val Max P-Miss: 0.1350 | Val Max Q-Miss: 0.0402 | Val Max Gen Viol: 0.0116 | Val Max Thermal: 0.0000
Epoch 1910 | Val Loss: 19.3323 | Val Cost: 1561.24 | Val Max P-Miss: 0.1259 | Val Max Q-Miss: 0.0302 | Val Max Gen Viol: 0.0116 | Val Max Thermal: 0.0000
Epoch 1920 | Val Loss: 19.2679 | Val Cost: 1560.74 | Val Max P-Miss: 0.1246 | Val Max Q-Miss: 0.0253 | Val Max Gen Viol: 0.0116 | Val Max Thermal: 0.0000
Epoch 1930 | Val Loss: 19.5682 | Val Cost: 1566.77 | Val Max P-Miss: 0.0919 | Val Max Q-Miss: 0.0702 | Val Max Gen Viol: 0.0116 | Val Max Thermal: 0.0000
Epoch 1940 | Val Loss: 19.2213 | Val Cost: 1558.48 | Val Max P-Miss: 0.0910 | Val Max Q-Miss: 0.0457 | Val Max Gen Viol: 0.0116 | Val Max Thermal: 0.0000
Epoch 1950 | Val Loss: 19.5221 | Val Cost: 1561.62 | Val Max P-Miss: 0.0980 | Val Max Q-Miss: 0.0621 | Val Max Gen Viol: 0.0116 | Val Max Thermal: 0.0000
Epoch 1960 | Val Loss: 19.4912 | Val Cost: 1558.13 | Val Max P-Miss: 0.1155 | Val Max Q-Miss: 0.0555 | Val Max Gen Viol: 0.0116 | Val Max Thermal: 0.0000
Epoch 1970 | Val Loss: 19.6428 | Val Cost: 1558.70 | Val Max P-Miss: 0.1233 | Val Max Q-Miss: 0.0612 | Val Max Gen Viol: 0.0116 | Val Max Thermal: 0.0000
Epoch 1980 | Val Loss: 19.7796 | Val Cost: 1559.13 | Val Max P-Miss: 0.1290 | Val Max Q-Miss: 0.0647 | Val Max Gen Viol: 0.0116 | Val Max Thermal: 0.0000
Epoch 1990 | Val Loss: 19.9354 | Val Cost: 1560.37 | Val Max P-Miss: 0.1385 | Val Max Q-Miss: 0.0707 | Val Max Gen Viol: 0.0116 | Val Max Thermal: 0.0000
Epoch 2000 | Val Loss: 20.0973 | Val Cost: 1560.67 | Val Max P-Miss: 0.1424 | Val Max Q-Miss: 0.0772 | Val Max Gen Viol: 0.0116 | Val Max Thermal: 0.0000
Epoch 2010 | Val Loss: 20.2486 | Val Cost: 1561.67 | Val Max P-Miss: 0.1478 | Val Max Q-Miss: 0.0854 | Val Max Gen Viol: 0.0116 | Val Max Thermal: 0.0000
Epoch 2020 | Val Loss: 21.3161 | Val Cost: 1558.63 | Val Max P-Miss: 0.1390 | Val Max Q-Miss: 0.1007 | Val Max Gen Viol: 0.0116 | Val Max Thermal: 0.0000
Epoch 2030 | Val Loss: 19.5283 | Val Cost: 1552.09 | Val Max P-Miss: 0.1185 | Val Max Q-Miss: 0.0307 | Val Max Gen Viol: 0.0116 | Val Max Thermal: 0.0000
Epoch 2040 | Val Loss: 20.2156 | Val Cost: 1526.40 | Val Max P-Miss: 0.1514 | Val Max Q-Miss: 0.0541 | Val Max Gen Viol: 0.0116 | Val Max Thermal: 0.0000
Epoch 2050 | Val Loss: 21.5345 | Val Cost: 1597.32 | Val Max P-Miss: 0.1109 | Val Max Q-Miss: 0.1324 | Val Max Gen Viol: 0.0116 | Val Max Thermal: 0.0000
Epoch 2060 | Val Loss: 20.5310 | Val Cost: 1565.94 | Val Max P-Miss: 0.1629 | Val Max Q-Miss: 0.0781 | Val Max Gen Viol: 0.0116 | Val Max Thermal: 0.0000
Epoch 2070 | Val Loss: 20.6343 | Val Cost: 1564.61 | Val Max P-Miss: 0.1685 | Val Max Q-Miss: 0.0792 | Val Max Gen Viol: 0.0116 | Val Max Thermal: 0.0000
Epoch 2080 | Val Loss: 20.8239 | Val Cost: 1563.58 | Val Max P-Miss: 0.1779 | Val Max Q-Miss: 0.0842 | Val Max Gen Viol: 0.0116 | Val Max Thermal: 0.0000
Epoch 2090 | Val Loss: 22.5068 | Val Cost: 1528.75 | Val Max P-Miss: 0.1795 | Val Max Q-Miss: 0.0663 | Val Max Gen Viol: 0.0116 | Val Max Thermal: 0.0000
Epoch 2100 | Val Loss: 22.3817 | Val Cost: 1562.45 | Val Max P-Miss: 0.1946 | Val Max Q-Miss: 0.0718 | Val Max Gen Viol: 0.0116 | Val Max Thermal: 0.0000
Epoch 2110 | Val Loss: 21.5554 | Val Cost: 1550.42 | Val Max P-Miss: 0.1844 | Val Max Q-Miss: 0.0848 | Val Max Gen Viol: 0.0116 | Val Max Thermal: 0.0000
Epoch 2120 | Val Loss: 21.0004 | Val Cost: 1549.68 | Val Max P-Miss: 0.1680 | Val Max Q-Miss: 0.0622 | Val Max Gen Viol: 0.0116 | Val Max Thermal: 0.0000
Epoch 2130 | Val Loss: 20.6874 | Val Cost: 1553.21 | Val Max P-Miss: 0.1579 | Val Max Q-Miss: 0.0756 | Val Max Gen Viol: 0.0116 | Val Max Thermal: 0.0000
Epoch 2140 | Val Loss: 20.6881 | Val Cost: 1563.19 | Val Max P-Miss: 0.1659 | Val Max Q-Miss: 0.0712 | Val Max Gen Viol: 0.0116 | Val Max Thermal: 0.0000
Epoch 2150 | Val Loss: 20.4005 | Val Cost: 1561.64 | Val Max P-Miss: 0.1562 | Val Max Q-Miss: 0.0639 | Val Max Gen Viol: 0.0116 | Val Max Thermal: 0.0000
Epoch 2160 | Val Loss: 20.1421 | Val Cost: 1561.61 | Val Max P-Miss: 0.1495 | Val Max Q-Miss: 0.0576 | Val Max Gen Viol: 0.0116 | Val Max Thermal: 0.0000
Epoch 2170 | Val Loss: 19.9511 | Val Cost: 1561.25 | Val Max P-Miss: 0.1416 | Val Max Q-Miss: 0.0510 | Val Max Gen Viol: 0.0116 | Val Max Thermal: 0.0000
Epoch 2180 | Val Loss: 19.7847 | Val Cost: 1561.73 | Val Max P-Miss: 0.1379 | Val Max Q-Miss: 0.0472 | Val Max Gen Viol: 0.0116 | Val Max Thermal: 0.0000
Epoch 2190 | Val Loss: 19.6301 | Val Cost: 1561.30 | Val Max P-Miss: 0.1397 | Val Max Q-Miss: 0.0439 | Val Max Gen Viol: 0.0116 | Val Max Thermal: 0.0000
Epoch 2200 | Val Loss: 19.5119 | Val Cost: 1560.52 | Val Max P-Miss: 0.1355 | Val Max Q-Miss: 0.0390 | Val Max Gen Viol: 0.0116 | Val Max Thermal: 0.0000
Epoch 2210 | Val Loss: 19.3547 | Val Cost: 1559.81 | Val Max P-Miss: 0.1274 | Val Max Q-Miss: 0.0331 | Val Max Gen Viol: 0.0116 | Val Max Thermal: 0.0000
Epoch 2220 | Val Loss: 21.5626 | Val Cost: 1495.70 | Val Max P-Miss: 0.1526 | Val Max Q-Miss: 0.0782 | Val Max Gen Viol: 0.0116 | Val Max Thermal: 0.0000
Epoch 2230 | Val Loss: 19.7304 | Val Cost: 1535.33 | Val Max P-Miss: 0.1275 | Val Max Q-Miss: 0.0376 | Val Max Gen Viol: 0.0116 | Val Max Thermal: 0.0000
Epoch 2240 | Val Loss: 19.6985 | Val Cost: 1547.52 | Val Max P-Miss: 0.1385 | Val Max Q-Miss: 0.0464 | Val Max Gen Viol: 0.0116 | Val Max Thermal: 0.0000
Epoch 2250 | Val Loss: 19.8520 | Val Cost: 1559.41 | Val Max P-Miss: 0.1276 | Val Max Q-Miss: 0.0614 | Val Max Gen Viol: 0.0116 | Val Max Thermal: 0.0000
Epoch 2260 | Val Loss: 19.6751 | Val Cost: 1558.06 | Val Max P-Miss: 0.1321 | Val Max Q-Miss: 0.0557 | Val Max Gen Viol: 0.0116 | Val Max Thermal: 0.0000
Epoch 2270 | Val Loss: 19.8874 | Val Cost: 1563.77 | Val Max P-Miss: 0.1220 | Val Max Q-Miss: 0.0640 | Val Max Gen Viol: 0.0116 | Val Max Thermal: 0.0000
Epoch 2280 | Val Loss: 19.7146 | Val Cost: 1588.80 | Val Max P-Miss: 0.1290 | Val Max Q-Miss: 0.0465 | Val Max Gen Viol: 0.0116 | Val Max Thermal: 0.0000
Epoch 2290 | Val Loss: 19.3354 | Val Cost: 1555.76 | Val Max P-Miss: 0.1270 | Val Max Q-Miss: 0.0314 | Val Max Gen Viol: 0.0116 | Val Max Thermal: 0.0000
Epoch 2300 | Val Loss: 19.1536 | Val Cost: 1561.38 | Val Max P-Miss: 0.1128 | Val Max Q-Miss: 0.0227 | Val Max Gen Viol: 0.0116 | Val Max Thermal: 0.0000
Epoch 2310 | Val Loss: 19.1275 | Val Cost: 1561.78 | Val Max P-Miss: 0.1064 | Val Max Q-Miss: 0.0224 | Val Max Gen Viol: 0.0116 | Val Max Thermal: 0.0000
Epoch 2320 | Val Loss: 19.0549 | Val Cost: 1561.44 | Val Max P-Miss: 0.0983 | Val Max Q-Miss: 0.0226 | Val Max Gen Viol: 0.0116 | Val Max Thermal: 0.0000
Epoch 2330 | Val Loss: 19.0309 | Val Cost: 1559.03 | Val Max P-Miss: 0.0940 | Val Max Q-Miss: 0.0244 | Val Max Gen Viol: 0.0116 | Val Max Thermal: 0.0000
Epoch 2340 | Val Loss: 19.8186 | Val Cost: 1540.82 | Val Max P-Miss: 0.1387 | Val Max Q-Miss: 0.0408 | Val Max Gen Viol: 0.0116 | Val Max Thermal: 0.0000
Epoch 2350 | Val Loss: 20.0134 | Val Cost: 1565.96 | Val Max P-Miss: 0.1262 | Val Max Q-Miss: 0.0503 | Val Max Gen Viol: 0.0116 | Val Max Thermal: 0.0000
Epoch 2360 | Val Loss: 19.5621 | Val Cost: 1558.97 | Val Max P-Miss: 0.1179 | Val Max Q-Miss: 0.0401 | Val Max Gen Viol: 0.0116 | Val Max Thermal: 0.0000
Epoch 2370 | Val Loss: 19.4542 | Val Cost: 1557.04 | Val Max P-Miss: 0.1144 | Val Max Q-Miss: 0.0367 | Val Max Gen Viol: 0.0116 | Val Max Thermal: 0.0000
Epoch 2380 | Val Loss: 19.4678 | Val Cost: 1552.53 | Val Max P-Miss: 0.1091 | Val Max Q-Miss: 0.0374 | Val Max Gen Viol: 0.0116 | Val Max Thermal: 0.0000
Epoch 2390 | Val Loss: 19.6783 | Val Cost: 1542.17 | Val Max P-Miss: 0.1344 | Val Max Q-Miss: 0.0413 | Val Max Gen Viol: 0.0116 | Val Max Thermal: 0.0000
Epoch 2400 | Val Loss: 19.4475 | Val Cost: 1548.95 | Val Max P-Miss: 0.1272 | Val Max Q-Miss: 0.0409 | Val Max Gen Viol: 0.0116 | Val Max Thermal: 0.0000
Epoch 2410 | Val Loss: 19.2650 | Val Cost: 1553.99 | Val Max P-Miss: 0.1097 | Val Max Q-Miss: 0.0436 | Val Max Gen Viol: 0.0116 | Val Max Thermal: 0.0000
Epoch 2420 | Val Loss: 19.1870 | Val Cost: 1556.81 | Val Max P-Miss: 0.1173 | Val Max Q-Miss: 0.0353 | Val Max Gen Viol: 0.0116 | Val Max Thermal: 0.0000
Epoch 2430 | Val Loss: 20.9271 | Val Cost: 1566.90 | Val Max P-Miss: 0.1471 | Val Max Q-Miss: 0.0543 | Val Max Gen Viol: 0.0116 | Val Max Thermal: 0.0000
Epoch 2440 | Val Loss: 22.7546 | Val Cost: 1532.18 | Val Max P-Miss: 0.1483 | Val Max Q-Miss: 0.0963 | Val Max Gen Viol: 0.0116 | Val Max Thermal: 0.0000
Epoch 2450 | Val Loss: 19.1122 | Val Cost: 1558.99 | Val Max P-Miss: 0.1154 | Val Max Q-Miss: 0.0335 | Val Max Gen Viol: 0.0116 | Val Max Thermal: 0.0000
Epoch 2460 | Val Loss: 19.2840 | Val Cost: 1561.66 | Val Max P-Miss: 0.1241 | Val Max Q-Miss: 0.0416 | Val Max Gen Viol: 0.0116 | Val Max Thermal: 0.0000
Epoch 2470 | Val Loss: 19.4802 | Val Cost: 1562.49 | Val Max P-Miss: 0.1342 | Val Max Q-Miss: 0.0498 | Val Max Gen Viol: 0.0116 | Val Max Thermal: 0.0000
Epoch 2480 | Val Loss: 19.5997 | Val Cost: 1562.70 | Val Max P-Miss: 0.1390 | Val Max Q-Miss: 0.0540 | Val Max Gen Viol: 0.0116 | Val Max Thermal: 0.0000
Epoch 2490 | Val Loss: 19.7204 | Val Cost: 1561.48 | Val Max P-Miss: 0.1437 | Val Max Q-Miss: 0.0584 | Val Max Gen Viol: 0.0116 | Val Max Thermal: 0.0000
Epoch 2500 | Val Loss: 19.9282 | Val Cost: 1560.44 | Val Max P-Miss: 0.1517 | Val Max Q-Miss: 0.0644 | Val Max Gen Viol: 0.0116 | Val Max Thermal: 0.0000
Epoch 2510 | Val Loss: 20.0677 | Val Cost: 1558.01 | Val Max P-Miss: 0.1505 | Val Max Q-Miss: 0.0671 | Val Max Gen Viol: 0.0116 | Val Max Thermal: 0.0000
Epoch 2520 | Val Loss: 20.5353 | Val Cost: 1579.14 | Val Max P-Miss: 0.1504 | Val Max Q-Miss: 0.0898 | Val Max Gen Viol: 0.0116 | Val Max Thermal: 0.0000
Epoch 2530 | Val Loss: 20.1118 | Val Cost: 1553.63 | Val Max P-Miss: 0.1514 | Val Max Q-Miss: 0.0621 | Val Max Gen Viol: 0.0116 | Val Max Thermal: 0.0000
Epoch 2540 | Val Loss: 20.6284 | Val Cost: 1558.45 | Val Max P-Miss: 0.1753 | Val Max Q-Miss: 0.0662 | Val Max Gen Viol: 0.0116 | Val Max Thermal: 0.0000
Epoch 2550 | Val Loss: 20.6295 | Val Cost: 1566.36 | Val Max P-Miss: 0.1721 | Val Max Q-Miss: 0.0562 | Val Max Gen Viol: 0.0116 | Val Max Thermal: 0.0000
Epoch 2560 | Val Loss: 20.2869 | Val Cost: 1555.99 | Val Max P-Miss: 0.1657 | Val Max Q-Miss: 0.0574 | Val Max Gen Viol: 0.0116 | Val Max Thermal: 0.0000
Epoch 2570 | Val Loss: 20.0593 | Val Cost: 1557.64 | Val Max P-Miss: 0.1612 | Val Max Q-Miss: 0.0529 | Val Max Gen Viol: 0.0116 | Val Max Thermal: 0.0000
Epoch 2580 | Val Loss: 19.7710 | Val Cost: 1557.69 | Val Max P-Miss: 0.1498 | Val Max Q-Miss: 0.0455 | Val Max Gen Viol: 0.0116 | Val Max Thermal: 0.0000
Epoch 2590 | Val Loss: 19.6211 | Val Cost: 1557.35 | Val Max P-Miss: 0.1437 | Val Max Q-Miss: 0.0406 | Val Max Gen Viol: 0.0116 | Val Max Thermal: 0.0000
Epoch 2600 | Val Loss: 19.4947 | Val Cost: 1557.77 | Val Max P-Miss: 0.1387 | Val Max Q-Miss: 0.0363 | Val Max Gen Viol: 0.0116 | Val Max Thermal: 0.0000
Epoch 2610 | Val Loss: 19.3899 | Val Cost: 1557.34 | Val Max P-Miss: 0.1358 | Val Max Q-Miss: 0.0320 | Val Max Gen Viol: 0.0116 | Val Max Thermal: 0.0000
Epoch 2620 | Val Loss: 19.3773 | Val Cost: 1549.53 | Val Max P-Miss: 0.1163 | Val Max Q-Miss: 0.0434 | Val Max Gen Viol: 0.0116 | Val Max Thermal: 0.0000
Epoch 2630 | Val Loss: 19.0163 | Val Cost: 1556.16 | Val Max P-Miss: 0.0968 | Val Max Q-Miss: 0.0334 | Val Max Gen Viol: 0.0116 | Val Max Thermal: 0.0000
Epoch 2640 | Val Loss: 19.4256 | Val Cost: 1525.18 | Val Max P-Miss: 0.1113 | Val Max Q-Miss: 0.0442 | Val Max Gen Viol: 0.0116 | Val Max Thermal: 0.0000
Epoch 2650 | Val Loss: 19.3763 | Val Cost: 1540.72 | Val Max P-Miss: 0.1101 | Val Max Q-Miss: 0.0331 | Val Max Gen Viol: 0.0116 | Val Max Thermal: 0.0000
Epoch 2660 | Val Loss: 19.1664 | Val Cost: 1547.79 | Val Max P-Miss: 0.1063 | Val Max Q-Miss: 0.0275 | Val Max Gen Viol: 0.0116 | Val Max Thermal: 0.0000
Epoch 2670 | Val Loss: 18.9751 | Val Cost: 1553.24 | Val Max P-Miss: 0.0991 | Val Max Q-Miss: 0.0255 | Val Max Gen Viol: 0.0116 | Val Max Thermal: 0.0000
Epoch 2680 | Val Loss: 18.8977 | Val Cost: 1553.25 | Val Max P-Miss: 0.0889 | Val Max Q-Miss: 0.0268 | Val Max Gen Viol: 0.0116 | Val Max Thermal: 0.0000 [*SAVED BEST*]
Epoch 2690 | Val Loss: 19.8648 | Val Cost: 1582.92 | Val Max P-Miss: 0.1543 | Val Max Q-Miss: 0.0438 | Val Max Gen Viol: 0.0116 | Val Max Thermal: 0.0000
Epoch 2700 | Val Loss: 19.2872 | Val Cost: 1557.34 | Val Max P-Miss: 0.1060 | Val Max Q-Miss: 0.0369 | Val Max Gen Viol: 0.0116 | Val Max Thermal: 0.0000
Epoch 2710 | Val Loss: 19.4340 | Val Cost: 1557.24 | Val Max P-Miss: 0.1123 | Val Max Q-Miss: 0.0417 | Val Max Gen Viol: 0.0116 | Val Max Thermal: 0.0000
Epoch 2720 | Val Loss: 19.6323 | Val Cost: 1558.07 | Val Max P-Miss: 0.1174 | Val Max Q-Miss: 0.0496 | Val Max Gen Viol: 0.0116 | Val Max Thermal: 0.0000
Epoch 2730 | Val Loss: 19.8206 | Val Cost: 1558.33 | Val Max P-Miss: 0.1190 | Val Max Q-Miss: 0.0591 | Val Max Gen Viol: 0.0116 | Val Max Thermal: 0.0000
Epoch 2740 | Val Loss: 20.0354 | Val Cost: 1557.41 | Val Max P-Miss: 0.1201 | Val Max Q-Miss: 0.0679 | Val Max Gen Viol: 0.0116 | Val Max Thermal: 0.0000
Epoch 2750 | Val Loss: 20.0221 | Val Cost: 1553.84 | Val Max P-Miss: 0.1252 | Val Max Q-Miss: 0.0654 | Val Max Gen Viol: 0.0116 | Val Max Thermal: 0.0000
Epoch 2760 | Val Loss: 20.1627 | Val Cost: 1551.95 | Val Max P-Miss: 0.1268 | Val Max Q-Miss: 0.0657 | Val Max Gen Viol: 0.0116 | Val Max Thermal: 0.0000
Epoch 2770 | Val Loss: 21.2721 | Val Cost: 1569.43 | Val Max P-Miss: 0.1476 | Val Max Q-Miss: 0.1118 | Val Max Gen Viol: 0.0116 | Val Max Thermal: 0.0000
Epoch 2780 | Val Loss: 19.5233 | Val Cost: 1546.85 | Val Max P-Miss: 0.1187 | Val Max Q-Miss: 0.0658 | Val Max Gen Viol: 0.0116 | Val Max Thermal: 0.0000
Epoch 2790 | Val Loss: 20.4260 | Val Cost: 1559.24 | Val Max P-Miss: 0.1441 | Val Max Q-Miss: 0.0514 | Val Max Gen Viol: 0.0116 | Val Max Thermal: 0.0000
Epoch 2800 | Val Loss: 21.4561 | Val Cost: 1551.69 | Val Max P-Miss: 0.1431 | Val Max Q-Miss: 0.1175 | Val Max Gen Viol: 0.0116 | Val Max Thermal: 0.0000
Epoch 2810 | Val Loss: 21.2909 | Val Cost: 1556.82 | Val Max P-Miss: 0.1801 | Val Max Q-Miss: 0.0576 | Val Max Gen Viol: 0.0116 | Val Max Thermal: 0.0000
Epoch 2820 | Val Loss: 20.1154 | Val Cost: 1553.29 | Val Max P-Miss: 0.1455 | Val Max Q-Miss: 0.0442 | Val Max Gen Viol: 0.0116 | Val Max Thermal: 0.0000
Epoch 2830 | Val Loss: 19.8228 | Val Cost: 1555.30 | Val Max P-Miss: 0.1358 | Val Max Q-Miss: 0.0400 | Val Max Gen Viol: 0.0116 | Val Max Thermal: 0.0000
Epoch 2840 | Val Loss: 19.6952 | Val Cost: 1555.43 | Val Max P-Miss: 0.1317 | Val Max Q-Miss: 0.0371 | Val Max Gen Viol: 0.0116 | Val Max Thermal: 0.0000
Epoch 2850 | Val Loss: 19.6353 | Val Cost: 1554.01 | Val Max P-Miss: 0.1264 | Val Max Q-Miss: 0.0351 | Val Max Gen Viol: 0.0116 | Val Max Thermal: 0.0000
Epoch 2860 | Val Loss: 19.6046 | Val Cost: 1550.14 | Val Max P-Miss: 0.1193 | Val Max Q-Miss: 0.0312 | Val Max Gen Viol: 0.0116 | Val Max Thermal: 0.0000
Epoch 2870 | Val Loss: 19.5014 | Val Cost: 1545.19 | Val Max P-Miss: 0.1243 | Val Max Q-Miss: 0.0341 | Val Max Gen Viol: 0.0116 | Val Max Thermal: 0.0000
Epoch 2880 | Val Loss: 19.3411 | Val Cost: 1544.94 | Val Max P-Miss: 0.1251 | Val Max Q-Miss: 0.0329 | Val Max Gen Viol: 0.0116 | Val Max Thermal: 0.0000
Epoch 2890 | Val Loss: 19.2224 | Val Cost: 1549.73 | Val Max P-Miss: 0.1169 | Val Max Q-Miss: 0.0320 | Val Max Gen Viol: 0.0116 | Val Max Thermal: 0.0000
Epoch 2900 | Val Loss: 18.9984 | Val Cost: 1551.89 | Val Max P-Miss: 0.0923 | Val Max Q-Miss: 0.0344 | Val Max Gen Viol: 0.0116 | Val Max Thermal: 0.0000
Epoch 2910 | Val Loss: 19.2899 | Val Cost: 1561.57 | Val Max P-Miss: 0.1159 | Val Max Q-Miss: 0.0284 | Val Max Gen Viol: 0.0116 | Val Max Thermal: 0.0000
Epoch 2920 | Val Loss: 19.5269 | Val Cost: 1561.31 | Val Max P-Miss: 0.1273 | Val Max Q-Miss: 0.0350 | Val Max Gen Viol: 0.0116 | Val Max Thermal: 0.0000
Epoch 2930 | Val Loss: 19.6047 | Val Cost: 1560.60 | Val Max P-Miss: 0.1293 | Val Max Q-Miss: 0.0374 | Val Max Gen Viol: 0.0116 | Val Max Thermal: 0.0000
Epoch 2940 | Val Loss: 19.6881 | Val Cost: 1560.86 | Val Max P-Miss: 0.1329 | Val Max Q-Miss: 0.0403 | Val Max Gen Viol: 0.0116 | Val Max Thermal: 0.0000
Epoch 2950 | Val Loss: 19.8141 | Val Cost: 1561.53 | Val Max P-Miss: 0.1364 | Val Max Q-Miss: 0.0460 | Val Max Gen Viol: 0.0116 | Val Max Thermal: 0.0000
Epoch 2960 | Val Loss: 20.0599 | Val Cost: 1561.13 | Val Max P-Miss: 0.1444 | Val Max Q-Miss: 0.0519 | Val Max Gen Viol: 0.0116 | Val Max Thermal: 0.0000
Epoch 2970 | Val Loss: 20.3028 | Val Cost: 1561.15 | Val Max P-Miss: 0.1515 | Val Max Q-Miss: 0.0578 | Val Max Gen Viol: 0.0116 | Val Max Thermal: 0.0000
Epoch 2980 | Val Loss: 20.4709 | Val Cost: 1560.58 | Val Max P-Miss: 0.1546 | Val Max Q-Miss: 0.0630 | Val Max Gen Viol: 0.0116 | Val Max Thermal: 0.0000
Epoch 2990 | Val Loss: 20.6651 | Val Cost: 1548.87 | Val Max P-Miss: 0.1530 | Val Max Q-Miss: 0.0543 | Val Max Gen Viol: 0.0116 | Val Max Thermal: 0.0000
Epoch 3000 | Val Loss: 20.4401 | Val Cost: 1565.86 | Val Max P-Miss: 0.1515 | Val Max Q-Miss: 0.0756 | Val Max Gen Viol: 0.0116 | Val Max Thermal: 0.0000
Epoch 3010 | Val Loss: 20.3948 | Val Cost: 1556.93 | Val Max P-Miss: 0.1424 | Val Max Q-Miss: 0.0590 | Val Max Gen Viol: 0.0116 | Val Max Thermal: 0.0000
Epoch 3020 | Val Loss: 20.1651 | Val Cost: 1558.51 | Val Max P-Miss: 0.1337 | Val Max Q-Miss: 0.0444 | Val Max Gen Viol: 0.0116 | Val Max Thermal: 0.0000
Epoch 3030 | Val Loss: 19.8736 | Val Cost: 1553.76 | Val Max P-Miss: 0.1353 | Val Max Q-Miss: 0.0455 | Val Max Gen Viol: 0.0116 | Val Max Thermal: 0.0000
Epoch 3040 | Val Loss: 19.8226 | Val Cost: 1554.84 | Val Max P-Miss: 0.1371 | Val Max Q-Miss: 0.0359 | Val Max Gen Viol: 0.0116 | Val Max Thermal: 0.0000
Epoch 3050 | Val Loss: 19.6620 | Val Cost: 1554.65 | Val Max P-Miss: 0.1305 | Val Max Q-Miss: 0.0307 | Val Max Gen Viol: 0.0116 | Val Max Thermal: 0.0000
Epoch 3060 | Val Loss: 19.5384 | Val Cost: 1554.52 | Val Max P-Miss: 0.1260 | Val Max Q-Miss: 0.0280 | Val Max Gen Viol: 0.0116 | Val Max Thermal: 0.0000
Epoch 3070 | Val Loss: 19.4033 | Val Cost: 1553.85 | Val Max P-Miss: 0.1201 | Val Max Q-Miss: 0.0270 | Val Max Gen Viol: 0.0116 | Val Max Thermal: 0.0000
Epoch 3080 | Val Loss: 19.2950 | Val Cost: 1553.65 | Val Max P-Miss: 0.1145 | Val Max Q-Miss: 0.0265 | Val Max Gen Viol: 0.0116 | Val Max Thermal: 0.0000
Epoch 3090 | Val Loss: 19.1721 | Val Cost: 1553.84 | Val Max P-Miss: 0.1085 | Val Max Q-Miss: 0.0252 | Val Max Gen Viol: 0.0116 | Val Max Thermal: 0.0000
Epoch 3100 | Val Loss: 19.0821 | Val Cost: 1554.57 | Val Max P-Miss: 0.1040 | Val Max Q-Miss: 0.0248 | Val Max Gen Viol: 0.0116 | Val Max Thermal: 0.0000
Epoch 3110 | Val Loss: 19.0012 | Val Cost: 1553.98 | Val Max P-Miss: 0.0981 | Val Max Q-Miss: 0.0241 | Val Max Gen Viol: 0.0116 | Val Max Thermal: 0.0000
Epoch 3120 | Val Loss: 18.9354 | Val Cost: 1555.73 | Val Max P-Miss: 0.0957 | Val Max Q-Miss: 0.0227 | Val Max Gen Viol: 0.0116 | Val Max Thermal: 0.0000
Epoch 3130 | Val Loss: 18.8752 | Val Cost: 1556.12 | Val Max P-Miss: 0.0935 | Val Max Q-Miss: 0.0252 | Val Max Gen Viol: 0.0116 | Val Max Thermal: 0.0000 [*SAVED BEST*]
Epoch 3140 | Val Loss: 18.9449 | Val Cost: 1554.66 | Val Max P-Miss: 0.0927 | Val Max Q-Miss: 0.0401 | Val Max Gen Viol: 0.0116 | Val Max Thermal: 0.0000
Epoch 3150 | Val Loss: 19.3702 | Val Cost: 1530.69 | Val Max P-Miss: 0.1279 | Val Max Q-Miss: 0.0472 | Val Max Gen Viol: 0.0116 | Val Max Thermal: 0.0000
Epoch 3160 | Val Loss: 19.3235 | Val Cost: 1550.60 | Val Max P-Miss: 0.1159 | Val Max Q-Miss: 0.0495 | Val Max Gen Viol: 0.0116 | Val Max Thermal: 0.0000
Epoch 3170 | Val Loss: 19.3544 | Val Cost: 1551.95 | Val Max P-Miss: 0.1199 | Val Max Q-Miss: 0.0351 | Val Max Gen Viol: 0.0116 | Val Max Thermal: 0.0000
Epoch 3180 | Val Loss: 19.3922 | Val Cost: 1554.31 | Val Max P-Miss: 0.1107 | Val Max Q-Miss: 0.0561 | Val Max Gen Viol: 0.0116 | Val Max Thermal: 0.0000
Epoch 3190 | Val Loss: 19.8044 | Val Cost: 1542.56 | Val Max P-Miss: 0.1129 | Val Max Q-Miss: 0.0536 | Val Max Gen Viol: 0.0116 | Val Max Thermal: 0.0000
Epoch 3200 | Val Loss: 19.5171 | Val Cost: 1558.29 | Val Max P-Miss: 0.1140 | Val Max Q-Miss: 0.0627 | Val Max Gen Viol: 0.0116 | Val Max Thermal: 0.0000
Epoch 3210 | Val Loss: 19.8916 | Val Cost: 1552.34 | Val Max P-Miss: 0.1517 | Val Max Q-Miss: 0.0527 | Val Max Gen Viol: 0.0116 | Val Max Thermal: 0.0000
Epoch 3220 | Val Loss: 19.1645 | Val Cost: 1554.37 | Val Max P-Miss: 0.1216 | Val Max Q-Miss: 0.0397 | Val Max Gen Viol: 0.0116 | Val Max Thermal: 0.0000
Epoch 3230 | Val Loss: 19.1977 | Val Cost: 1555.94 | Val Max P-Miss: 0.1234 | Val Max Q-Miss: 0.0392 | Val Max Gen Viol: 0.0116 | Val Max Thermal: 0.0000
Epoch 3240 | Val Loss: 19.1097 | Val Cost: 1556.88 | Val Max P-Miss: 0.1195 | Val Max Q-Miss: 0.0344 | Val Max Gen Viol: 0.0116 | Val Max Thermal: 0.0000
Epoch 3250 | Val Loss: 19.0658 | Val Cost: 1555.20 | Val Max P-Miss: 0.1128 | Val Max Q-Miss: 0.0283 | Val Max Gen Viol: 0.0116 | Val Max Thermal: 0.0000
Epoch 3260 | Val Loss: 19.2715 | Val Cost: 1546.22 | Val Max P-Miss: 0.1170 | Val Max Q-Miss: 0.0319 | Val Max Gen Viol: 0.0116 | Val Max Thermal: 0.0000
Epoch 3270 | Val Loss: 19.1949 | Val Cost: 1548.26 | Val Max P-Miss: 0.1199 | Val Max Q-Miss: 0.0319 | Val Max Gen Viol: 0.0116 | Val Max Thermal: 0.0000
Epoch 3280 | Val Loss: 19.0315 | Val Cost: 1550.58 | Val Max P-Miss: 0.1092 | Val Max Q-Miss: 0.0276 | Val Max Gen Viol: 0.0116 | Val Max Thermal: 0.0000
Epoch 3290 | Val Loss: 18.7086 | Val Cost: 1560.22 | Val Max P-Miss: 0.0827 | Val Max Q-Miss: 0.0259 | Val Max Gen Viol: 0.0116 | Val Max Thermal: 0.0000 [*SAVED BEST*]
Epoch 3300 | Val Loss: 19.2347 | Val Cost: 1551.00 | Val Max P-Miss: 0.1131 | Val Max Q-Miss: 0.0348 | Val Max Gen Viol: 0.0116 | Val Max Thermal: 0.0000
Epoch 3310 | Val Loss: 19.1123 | Val Cost: 1556.24 | Val Max P-Miss: 0.1021 | Val Max Q-Miss: 0.0341 | Val Max Gen Viol: 0.0116 | Val Max Thermal: 0.0000
Epoch 3320 | Val Loss: 19.2282 | Val Cost: 1556.84 | Val Max P-Miss: 0.1087 | Val Max Q-Miss: 0.0390 | Val Max Gen Viol: 0.0116 | Val Max Thermal: 0.0000
Epoch 3330 | Val Loss: 19.3215 | Val Cost: 1557.20 | Val Max P-Miss: 0.1120 | Val Max Q-Miss: 0.0423 | Val Max Gen Viol: 0.0116 | Val Max Thermal: 0.0000
Epoch 3340 | Val Loss: 19.4405 | Val Cost: 1558.47 | Val Max P-Miss: 0.1178 | Val Max Q-Miss: 0.0481 | Val Max Gen Viol: 0.0116 | Val Max Thermal: 0.0000
Epoch 3350 | Val Loss: 19.5153 | Val Cost: 1559.89 | Val Max P-Miss: 0.1180 | Val Max Q-Miss: 0.0513 | Val Max Gen Viol: 0.0116 | Val Max Thermal: 0.0000
Epoch 3360 | Val Loss: 19.7096 | Val Cost: 1559.60 | Val Max P-Miss: 0.1255 | Val Max Q-Miss: 0.0557 | Val Max Gen Viol: 0.0116 | Val Max Thermal: 0.0000
Epoch 3370 | Val Loss: 19.8770 | Val Cost: 1560.69 | Val Max P-Miss: 0.1327 | Val Max Q-Miss: 0.0588 | Val Max Gen Viol: 0.0116 | Val Max Thermal: 0.0000
Epoch 3380 | Val Loss: 20.1066 | Val Cost: 1560.59 | Val Max P-Miss: 0.1406 | Val Max Q-Miss: 0.0630 | Val Max Gen Viol: 0.0116 | Val Max Thermal: 0.0000
Epoch 3390 | Val Loss: 20.3912 | Val Cost: 1559.95 | Val Max P-Miss: 0.1500 | Val Max Q-Miss: 0.0663 | Val Max Gen Viol: 0.0116 | Val Max Thermal: 0.0000
Epoch 3400 | Val Loss: 21.5000 | Val Cost: 1548.65 | Val Max P-Miss: 0.1752 | Val Max Q-Miss: 0.0603 | Val Max Gen Viol: 0.0116 | Val Max Thermal: 0.0000
Epoch 3410 | Val Loss: 20.4132 | Val Cost: 1549.08 | Val Max P-Miss: 0.1274 | Val Max Q-Miss: 0.0501 | Val Max Gen Viol: 0.0116 | Val Max Thermal: 0.0000
Epoch 3420 | Val Loss: 20.7268 | Val Cost: 1560.20 | Val Max P-Miss: 0.1735 | Val Max Q-Miss: 0.0364 | Val Max Gen Viol: 0.0116 | Val Max Thermal: 0.0000
Epoch 3430 | Val Loss: 20.2164 | Val Cost: 1554.48 | Val Max P-Miss: 0.1511 | Val Max Q-Miss: 0.0488 | Val Max Gen Viol: 0.0116 | Val Max Thermal: 0.0000
Epoch 3440 | Val Loss: 20.0759 | Val Cost: 1553.94 | Val Max P-Miss: 0.1448 | Val Max Q-Miss: 0.0455 | Val Max Gen Viol: 0.0116 | Val Max Thermal: 0.0000
Epoch 3450 | Val Loss: 19.8727 | Val Cost: 1552.71 | Val Max P-Miss: 0.1381 | Val Max Q-Miss: 0.0401 | Val Max Gen Viol: 0.0116 | Val Max Thermal: 0.0000
Epoch 3460 | Val Loss: 19.6949 | Val Cost: 1553.07 | Val Max P-Miss: 0.1328 | Val Max Q-Miss: 0.0348 | Val Max Gen Viol: 0.0116 | Val Max Thermal: 0.0000
Epoch 3470 | Val Loss: 19.4501 | Val Cost: 1553.14 | Val Max P-Miss: 0.1233 | Val Max Q-Miss: 0.0282 | Val Max Gen Viol: 0.0116 | Val Max Thermal: 0.0000
Epoch 3480 | Val Loss: 19.2849 | Val Cost: 1553.58 | Val Max P-Miss: 0.1173 | Val Max Q-Miss: 0.0232 | Val Max Gen Viol: 0.0116 | Val Max Thermal: 0.0000
Epoch 3490 | Val Loss: 19.1620 | Val Cost: 1554.35 | Val Max P-Miss: 0.1110 | Val Max Q-Miss: 0.0228 | Val Max Gen Viol: 0.0116 | Val Max Thermal: 0.0000
Epoch 3500 | Val Loss: 19.0691 | Val Cost: 1554.65 | Val Max P-Miss: 0.1055 | Val Max Q-Miss: 0.0216 | Val Max Gen Viol: 0.0116 | Val Max Thermal: 0.0000
Epoch 3510 | Val Loss: 18.9719 | Val Cost: 1554.88 | Val Max P-Miss: 0.0991 | Val Max Q-Miss: 0.0209 | Val Max Gen Viol: 0.0116 | Val Max Thermal: 0.0000
Epoch 3520 | Val Loss: 18.9355 | Val Cost: 1555.17 | Val Max P-Miss: 0.0950 | Val Max Q-Miss: 0.0196 | Val Max Gen Viol: 0.0116 | Val Max Thermal: 0.0000
Epoch 3530 | Val Loss: 18.9156 | Val Cost: 1556.21 | Val Max P-Miss: 0.0907 | Val Max Q-Miss: 0.0183 | Val Max Gen Viol: 0.0116 | Val Max Thermal: 0.0000
Epoch 3540 | Val Loss: 18.8319 | Val Cost: 1553.02 | Val Max P-Miss: 0.0880 | Val Max Q-Miss: 0.0186 | Val Max Gen Viol: 0.0116 | Val Max Thermal: 0.0000
Epoch 3550 | Val Loss: 19.4240 | Val Cost: 1529.07 | Val Max P-Miss: 0.1439 | Val Max Q-Miss: 0.0501 | Val Max Gen Viol: 0.0116 | Val Max Thermal: 0.0000
Epoch 3560 | Val Loss: 19.2930 | Val Cost: 1538.54 | Val Max P-Miss: 0.1264 | Val Max Q-Miss: 0.0375 | Val Max Gen Viol: 0.0116 | Val Max Thermal: 0.0000
Epoch 3570 | Val Loss: 19.2052 | Val Cost: 1548.86 | Val Max P-Miss: 0.1196 | Val Max Q-Miss: 0.0324 | Val Max Gen Viol: 0.0116 | Val Max Thermal: 0.0000
Epoch 3580 | Val Loss: 19.2750 | Val Cost: 1549.93 | Val Max P-Miss: 0.1217 | Val Max Q-Miss: 0.0370 | Val Max Gen Viol: 0.0116 | Val Max Thermal: 0.0000
Epoch 3590 | Val Loss: 19.2651 | Val Cost: 1553.99 | Val Max P-Miss: 0.1144 | Val Max Q-Miss: 0.0480 | Val Max Gen Viol: 0.0116 | Val Max Thermal: 0.0000
Epoch 3600 | Val Loss: 19.3948 | Val Cost: 1543.87 | Val Max P-Miss: 0.1150 | Val Max Q-Miss: 0.0345 | Val Max Gen Viol: 0.0116 | Val Max Thermal: 0.0000
Epoch 3610 | Val Loss: 19.0679 | Val Cost: 1555.31 | Val Max P-Miss: 0.1143 | Val Max Q-Miss: 0.0324 | Val Max Gen Viol: 0.0116 | Val Max Thermal: 0.0000
Epoch 3620 | Val Loss: 18.9991 | Val Cost: 1554.99 | Val Max P-Miss: 0.1084 | Val Max Q-Miss: 0.0261 | Val Max Gen Viol: 0.0116 | Val Max Thermal: 0.0000
Epoch 3630 | Val Loss: 18.9050 | Val Cost: 1555.02 | Val Max P-Miss: 0.1019 | Val Max Q-Miss: 0.0197 | Val Max Gen Viol: 0.0116 | Val Max Thermal: 0.0000
Epoch 3640 | Val Loss: 19.2573 | Val Cost: 1550.78 | Val Max P-Miss: 0.1196 | Val Max Q-Miss: 0.0310 | Val Max Gen Viol: 0.0116 | Val Max Thermal: 0.0000
Epoch 3650 | Val Loss: 19.1893 | Val Cost: 1547.00 | Val Max P-Miss: 0.1181 | Val Max Q-Miss: 0.0298 | Val Max Gen Viol: 0.0116 | Val Max Thermal: 0.0000
Epoch 3660 | Val Loss: 21.5099 | Val Cost: 1552.55 | Val Max P-Miss: 0.1217 | Val Max Q-Miss: 0.1160 | Val Max Gen Viol: 0.0116 | Val Max Thermal: 0.0000
Epoch 3670 | Val Loss: 19.2732 | Val Cost: 1560.88 | Val Max P-Miss: 0.1085 | Val Max Q-Miss: 0.0411 | Val Max Gen Viol: 0.0116 | Val Max Thermal: 0.0000
Epoch 3680 | Val Loss: 19.1081 | Val Cost: 1557.42 | Val Max P-Miss: 0.1042 | Val Max Q-Miss: 0.0317 | Val Max Gen Viol: 0.0116 | Val Max Thermal: 0.0000
Epoch 3690 | Val Loss: 19.2707 | Val Cost: 1557.09 | Val Max P-Miss: 0.1125 | Val Max Q-Miss: 0.0365 | Val Max Gen Viol: 0.0116 | Val Max Thermal: 0.0000
Epoch 3700 | Val Loss: 19.3430 | Val Cost: 1557.14 | Val Max P-Miss: 0.1154 | Val Max Q-Miss: 0.0419 | Val Max Gen Viol: 0.0116 | Val Max Thermal: 0.0000
Epoch 3710 | Val Loss: 19.4283 | Val Cost: 1557.58 | Val Max P-Miss: 0.1168 | Val Max Q-Miss: 0.0455 | Val Max Gen Viol: 0.0116 | Val Max Thermal: 0.0000
Epoch 3720 | Val Loss: 19.5912 | Val Cost: 1557.30 | Val Max P-Miss: 0.1221 | Val Max Q-Miss: 0.0494 | Val Max Gen Viol: 0.0116 | Val Max Thermal: 0.0000
Epoch 3730 | Val Loss: 19.7415 | Val Cost: 1557.43 | Val Max P-Miss: 0.1277 | Val Max Q-Miss: 0.0539 | Val Max Gen Viol: 0.0116 | Val Max Thermal: 0.0000
Epoch 3740 | Val Loss: 19.9786 | Val Cost: 1557.63 | Val Max P-Miss: 0.1368 | Val Max Q-Miss: 0.0575 | Val Max Gen Viol: 0.0116 | Val Max Thermal: 0.0000
Epoch 3750 | Val Loss: 20.2468 | Val Cost: 1558.26 | Val Max P-Miss: 0.1453 | Val Max Q-Miss: 0.0616 | Val Max Gen Viol: 0.0116 | Val Max Thermal: 0.0000
Epoch 3760 | Val Loss: 21.8081 | Val Cost: 1542.08 | Val Max P-Miss: 0.1807 | Val Max Q-Miss: 0.0999 | Val Max Gen Viol: 0.0116 | Val Max Thermal: 0.0000
Epoch 3770 | Val Loss: 19.6763 | Val Cost: 1555.49 | Val Max P-Miss: 0.1034 | Val Max Q-Miss: 0.0639 | Val Max Gen Viol: 0.0116 | Val Max Thermal: 0.0000
Epoch 3780 | Val Loss: 19.2997 | Val Cost: 1548.32 | Val Max P-Miss: 0.1061 | Val Max Q-Miss: 0.0368 | Val Max Gen Viol: 0.0116 | Val Max Thermal: 0.0000
Epoch 3790 | Val Loss: 20.2734 | Val Cost: 1545.97 | Val Max P-Miss: 0.1365 | Val Max Q-Miss: 0.0515 | Val Max Gen Viol: 0.0116 | Val Max Thermal: 0.0000
Epoch 3800 | Val Loss: 20.0678 | Val Cost: 1533.86 | Val Max P-Miss: 0.1281 | Val Max Q-Miss: 0.0601 | Val Max Gen Viol: 0.0116 | Val Max Thermal: 0.0000
Epoch 3810 | Val Loss: 19.8198 | Val Cost: 1523.26 | Val Max P-Miss: 0.1207 | Val Max Q-Miss: 0.0476 | Val Max Gen Viol: 0.0116 | Val Max Thermal: 0.0000
Epoch 3820 | Val Loss: 19.8375 | Val Cost: 1552.27 | Val Max P-Miss: 0.1385 | Val Max Q-Miss: 0.0542 | Val Max Gen Viol: 0.0116 | Val Max Thermal: 0.0000
Epoch 3830 | Val Loss: 18.8575 | Val Cost: 1549.99 | Val Max P-Miss: 0.0926 | Val Max Q-Miss: 0.0275 | Val Max Gen Viol: 0.0116 | Val Max Thermal: 0.0000
Epoch 3840 | Val Loss: 19.7411 | Val Cost: 1556.42 | Val Max P-Miss: 0.1334 | Val Max Q-Miss: 0.0485 | Val Max Gen Viol: 0.0116 | Val Max Thermal: 0.0000
Epoch 3850 | Val Loss: 19.8428 | Val Cost: 1558.57 | Val Max P-Miss: 0.1364 | Val Max Q-Miss: 0.0508 | Val Max Gen Viol: 0.0116 | Val Max Thermal: 0.0000
Epoch 3860 | Val Loss: 19.7770 | Val Cost: 1557.19 | Val Max P-Miss: 0.1313 | Val Max Q-Miss: 0.0525 | Val Max Gen Viol: 0.0116 | Val Max Thermal: 0.0000
Epoch 3870 | Val Loss: 20.0312 | Val Cost: 1545.68 | Val Max P-Miss: 0.1426 | Val Max Q-Miss: 0.0623 | Val Max Gen Viol: 0.0116 | Val Max Thermal: 0.0000
Epoch 3880 | Val Loss: 19.8463 | Val Cost: 1554.95 | Val Max P-Miss: 0.1361 | Val Max Q-Miss: 0.0490 | Val Max Gen Viol: 0.0116 | Val Max Thermal: 0.0000
Epoch 3890 | Val Loss: 19.7286 | Val Cost: 1555.04 | Val Max P-Miss: 0.1323 | Val Max Q-Miss: 0.0441 | Val Max Gen Viol: 0.0116 | Val Max Thermal: 0.0000
Epoch 3900 | Val Loss: 19.5851 | Val Cost: 1555.53 | Val Max P-Miss: 0.1287 | Val Max Q-Miss: 0.0391 | Val Max Gen Viol: 0.0116 | Val Max Thermal: 0.0000
Epoch 3910 | Val Loss: 19.4749 | Val Cost: 1555.02 | Val Max P-Miss: 0.1247 | Val Max Q-Miss: 0.0353 | Val Max Gen Viol: 0.0116 | Val Max Thermal: 0.0000
Epoch 3920 | Val Loss: 19.3650 | Val Cost: 1554.66 | Val Max P-Miss: 0.1208 | Val Max Q-Miss: 0.0317 | Val Max Gen Viol: 0.0116 | Val Max Thermal: 0.0000
Epoch 3930 | Val Loss: 19.2139 | Val Cost: 1555.38 | Val Max P-Miss: 0.1153 | Val Max Q-Miss: 0.0270 | Val Max Gen Viol: 0.0116 | Val Max Thermal: 0.0000
Epoch 3940 | Val Loss: 19.0944 | Val Cost: 1555.19 | Val Max P-Miss: 0.1084 | Val Max Q-Miss: 0.0218 | Val Max Gen Viol: 0.0116 | Val Max Thermal: 0.0000
Epoch 3950 | Val Loss: 18.9980 | Val Cost: 1555.94 | Val Max P-Miss: 0.1037 | Val Max Q-Miss: 0.0212 | Val Max Gen Viol: 0.0116 | Val Max Thermal: 0.0000
Epoch 3960 | Val Loss: 18.9177 | Val Cost: 1556.53 | Val Max P-Miss: 0.0987 | Val Max Q-Miss: 0.0204 | Val Max Gen Viol: 0.0116 | Val Max Thermal: 0.0000
Epoch 3970 | Val Loss: 18.8549 | Val Cost: 1556.74 | Val Max P-Miss: 0.0928 | Val Max Q-Miss: 0.0202 | Val Max Gen Viol: 0.0116 | Val Max Thermal: 0.0000
Epoch 3980 | Val Loss: 18.8071 | Val Cost: 1555.86 | Val Max P-Miss: 0.0880 | Val Max Q-Miss: 0.0198 | Val Max Gen Viol: 0.0116 | Val Max Thermal: 0.0000
Epoch 3990 | Val Loss: 18.7907 | Val Cost: 1556.91 | Val Max P-Miss: 0.0853 | Val Max Q-Miss: 0.0224 | Val Max Gen Viol: 0.0116 | Val Max Thermal: 0.0000
Epoch 4000 | Val Loss: 18.7764 | Val Cost: 1557.08 | Val Max P-Miss: 0.0782 | Val Max Q-Miss: 0.0310 | Val Max Gen Viol: 0.0116 | Val Max Thermal: 0.0000
Epoch 4010 | Val Loss: 18.7801 | Val Cost: 1525.84 | Val Max P-Miss: 0.0910 | Val Max Q-Miss: 0.0338 | Val Max Gen Viol: 0.0116 | Val Max Thermal: 0.0000
Epoch 4020 | Val Loss: 18.7180 | Val Cost: 1556.99 | Val Max P-Miss: 0.0877 | Val Max Q-Miss: 0.0246 | Val Max Gen Viol: 0.0116 | Val Max Thermal: 0.0000
Epoch 4030 | Val Loss: 18.7795 | Val Cost: 1555.82 | Val Max P-Miss: 0.0869 | Val Max Q-Miss: 0.0191 | Val Max Gen Viol: 0.0116 | Val Max Thermal: 0.0000
Epoch 4040 | Val Loss: 18.8626 | Val Cost: 1556.60 | Val Max P-Miss: 0.0911 | Val Max Q-Miss: 0.0188 | Val Max Gen Viol: 0.0116 | Val Max Thermal: 0.0000
Epoch 4050 | Val Loss: 18.9314 | Val Cost: 1555.90 | Val Max P-Miss: 0.0962 | Val Max Q-Miss: 0.0227 | Val Max Gen Viol: 0.0116 | Val Max Thermal: 0.0000
Epoch 4060 | Val Loss: 19.0218 | Val Cost: 1555.77 | Val Max P-Miss: 0.1008 | Val Max Q-Miss: 0.0274 | Val Max Gen Viol: 0.0116 | Val Max Thermal: 0.0000
Epoch 4070 | Val Loss: 19.0878 | Val Cost: 1555.82 | Val Max P-Miss: 0.1048 | Val Max Q-Miss: 0.0319 | Val Max Gen Viol: 0.0116 | Val Max Thermal: 0.0000
Epoch 4080 | Val Loss: 19.1624 | Val Cost: 1556.01 | Val Max P-Miss: 0.1075 | Val Max Q-Miss: 0.0362 | Val Max Gen Viol: 0.0116 | Val Max Thermal: 0.0000
Epoch 4090 | Val Loss: 19.3033 | Val Cost: 1556.84 | Val Max P-Miss: 0.1126 | Val Max Q-Miss: 0.0412 | Val Max Gen Viol: 0.0116 | Val Max Thermal: 0.0000
Epoch 4100 | Val Loss: 19.5289 | Val Cost: 1531.70 | Val Max P-Miss: 0.1437 | Val Max Q-Miss: 0.0511 | Val Max Gen Viol: 0.0116 | Val Max Thermal: 0.0000
Epoch 4110 | Val Loss: 19.4006 | Val Cost: 1553.58 | Val Max P-Miss: 0.1217 | Val Max Q-Miss: 0.0473 | Val Max Gen Viol: 0.0116 | Val Max Thermal: 0.0000
Epoch 4120 | Val Loss: 19.2789 | Val Cost: 1559.38 | Val Max P-Miss: 0.1152 | Val Max Q-Miss: 0.0353 | Val Max Gen Viol: 0.0116 | Val Max Thermal: 0.0000
Epoch 4130 | Val Loss: 19.2871 | Val Cost: 1557.13 | Val Max P-Miss: 0.1155 | Val Max Q-Miss: 0.0346 | Val Max Gen Viol: 0.0116 | Val Max Thermal: 0.0000
Epoch 4140 | Val Loss: 19.4254 | Val Cost: 1557.41 | Val Max P-Miss: 0.1208 | Val Max Q-Miss: 0.0381 | Val Max Gen Viol: 0.0116 | Val Max Thermal: 0.0000
Epoch 4150 | Val Loss: 19.6008 | Val Cost: 1557.22 | Val Max P-Miss: 0.1271 | Val Max Q-Miss: 0.0435 | Val Max Gen Viol: 0.0116 | Val Max Thermal: 0.0000
Epoch 4160 | Val Loss: 20.0997 | Val Cost: 1539.91 | Val Max P-Miss: 0.1206 | Val Max Q-Miss: 0.0525 | Val Max Gen Viol: 0.0116 | Val Max Thermal: 0.0000
Epoch 4170 | Val Loss: 19.5117 | Val Cost: 1537.69 | Val Max P-Miss: 0.1348 | Val Max Q-Miss: 0.0395 | Val Max Gen Viol: 0.0116 | Val Max Thermal: 0.0000
Epoch 4180 | Val Loss: 19.7381 | Val Cost: 1553.68 | Val Max P-Miss: 0.1354 | Val Max Q-Miss: 0.0413 | Val Max Gen Viol: 0.0116 | Val Max Thermal: 0.0000
Epoch 4190 | Val Loss: 19.5417 | Val Cost: 1553.27 | Val Max P-Miss: 0.1250 | Val Max Q-Miss: 0.0338 | Val Max Gen Viol: 0.0116 | Val Max Thermal: 0.0000
Epoch 4200 | Val Loss: 19.3962 | Val Cost: 1553.59 | Val Max P-Miss: 0.1204 | Val Max Q-Miss: 0.0282 | Val Max Gen Viol: 0.0116 | Val Max Thermal: 0.0000
Epoch 4210 | Val Loss: 19.2434 | Val Cost: 1553.36 | Val Max P-Miss: 0.1141 | Val Max Q-Miss: 0.0254 | Val Max Gen Viol: 0.0116 | Val Max Thermal: 0.0000
Epoch 4220 | Val Loss: 19.1217 | Val Cost: 1553.92 | Val Max P-Miss: 0.1084 | Val Max Q-Miss: 0.0245 | Val Max Gen Viol: 0.0116 | Val Max Thermal: 0.0000
Epoch 4230 | Val Loss: 19.0269 | Val Cost: 1553.87 | Val Max P-Miss: 0.1028 | Val Max Q-Miss: 0.0235 | Val Max Gen Viol: 0.0116 | Val Max Thermal: 0.0000
Epoch 4240 | Val Loss: 18.9556 | Val Cost: 1553.46 | Val Max P-Miss: 0.0972 | Val Max Q-Miss: 0.0230 | Val Max Gen Viol: 0.0116 | Val Max Thermal: 0.0000
Epoch 4250 | Val Loss: 18.8511 | Val Cost: 1553.94 | Val Max P-Miss: 0.0911 | Val Max Q-Miss: 0.0213 | Val Max Gen Viol: 0.0116 | Val Max Thermal: 0.0000
Epoch 4260 | Val Loss: 21.5910 | Val Cost: 1572.64 | Val Max P-Miss: 0.1547 | Val Max Q-Miss: 0.1152 | Val Max Gen Viol: 0.0116 | Val Max Thermal: 0.0000
Epoch 4270 | Val Loss: 18.8301 | Val Cost: 1541.94 | Val Max P-Miss: 0.0912 | Val Max Q-Miss: 0.0307 | Val Max Gen Viol: 0.0116 | Val Max Thermal: 0.0000
Epoch 4280 | Val Loss: 18.7818 | Val Cost: 1553.62 | Val Max P-Miss: 0.0857 | Val Max Q-Miss: 0.0288 | Val Max Gen Viol: 0.0116 | Val Max Thermal: 0.0000
Epoch 4290 | Val Loss: 18.7551 | Val Cost: 1553.24 | Val Max P-Miss: 0.0880 | Val Max Q-Miss: 0.0240 | Val Max Gen Viol: 0.0116 | Val Max Thermal: 0.0000
Epoch 4300 | Val Loss: 18.7911 | Val Cost: 1550.45 | Val Max P-Miss: 0.0868 | Val Max Q-Miss: 0.0230 | Val Max Gen Viol: 0.0116 | Val Max Thermal: 0.0000
Epoch 4310 | Val Loss: 19.5805 | Val Cost: 1540.45 | Val Max P-Miss: 0.1440 | Val Max Q-Miss: 0.0473 | Val Max Gen Viol: 0.0116 | Val Max Thermal: 0.0000
Epoch 4320 | Val Loss: 19.3490 | Val Cost: 1546.03 | Val Max P-Miss: 0.1142 | Val Max Q-Miss: 0.0358 | Val Max Gen Viol: 0.0116 | Val Max Thermal: 0.0000
Epoch 4330 | Val Loss: 19.3120 | Val Cost: 1550.97 | Val Max P-Miss: 0.1157 | Val Max Q-Miss: 0.0366 | Val Max Gen Viol: 0.0116 | Val Max Thermal: 0.0000
Epoch 4340 | Val Loss: 19.4391 | Val Cost: 1551.55 | Val Max P-Miss: 0.1227 | Val Max Q-Miss: 0.0415 | Val Max Gen Viol: 0.0116 | Val Max Thermal: 0.0000
Epoch 4350 | Val Loss: 19.5186 | Val Cost: 1552.26 | Val Max P-Miss: 0.1274 | Val Max Q-Miss: 0.0457 | Val Max Gen Viol: 0.0116 | Val Max Thermal: 0.0000
Epoch 4360 | Val Loss: 19.6224 | Val Cost: 1553.16 | Val Max P-Miss: 0.1319 | Val Max Q-Miss: 0.0494 | Val Max Gen Viol: 0.0116 | Val Max Thermal: 0.0000
Epoch 4370 | Val Loss: 19.7877 | Val Cost: 1552.86 | Val Max P-Miss: 0.1387 | Val Max Q-Miss: 0.0535 | Val Max Gen Viol: 0.0116 | Val Max Thermal: 0.0000
Epoch 4380 | Val Loss: 19.9102 | Val Cost: 1553.56 | Val Max P-Miss: 0.1457 | Val Max Q-Miss: 0.0584 | Val Max Gen Viol: 0.0116 | Val Max Thermal: 0.0000
Epoch 4390 | Val Loss: 20.4767 | Val Cost: 1542.61 | Val Max P-Miss: 0.1615 | Val Max Q-Miss: 0.0681 | Val Max Gen Viol: 0.0116 | Val Max Thermal: 0.0000
Epoch 4400 | Val Loss: 19.9305 | Val Cost: 1550.40 | Val Max P-Miss: 0.1374 | Val Max Q-Miss: 0.0538 | Val Max Gen Viol: 0.0116 | Val Max Thermal: 0.0000
Epoch 4410 | Val Loss: 19.7651 | Val Cost: 1549.88 | Val Max P-Miss: 0.1327 | Val Max Q-Miss: 0.0480 | Val Max Gen Viol: 0.0116 | Val Max Thermal: 0.0000
Epoch 4420 | Val Loss: 19.6330 | Val Cost: 1549.63 | Val Max P-Miss: 0.1285 | Val Max Q-Miss: 0.0422 | Val Max Gen Viol: 0.0116 | Val Max Thermal: 0.0000
Epoch 4430 | Val Loss: 19.4979 | Val Cost: 1548.92 | Val Max P-Miss: 0.1257 | Val Max Q-Miss: 0.0372 | Val Max Gen Viol: 0.0116 | Val Max Thermal: 0.0000
Epoch 4440 | Val Loss: 19.0032 | Val Cost: 1550.12 | Val Max P-Miss: 0.0992 | Val Max Q-Miss: 0.0193 | Val Max Gen Viol: 0.0116 | Val Max Thermal: 0.0000
Epoch 4450 | Val Loss: 19.4377 | Val Cost: 1545.22 | Val Max P-Miss: 0.1228 | Val Max Q-Miss: 0.0407 | Val Max Gen Viol: 0.0116 | Val Max Thermal: 0.0000
Epoch 4460 | Val Loss: 19.6139 | Val Cost: 1550.08 | Val Max P-Miss: 0.1292 | Val Max Q-Miss: 0.0424 | Val Max Gen Viol: 0.0116 | Val Max Thermal: 0.0000
Epoch 4470 | Val Loss: 19.7373 | Val Cost: 1550.87 | Val Max P-Miss: 0.1335 | Val Max Q-Miss: 0.0457 | Val Max Gen Viol: 0.0116 | Val Max Thermal: 0.0000
Epoch 4480 | Val Loss: 19.7947 | Val Cost: 1551.48 | Val Max P-Miss: 0.1390 | Val Max Q-Miss: 0.0486 | Val Max Gen Viol: 0.0116 | Val Max Thermal: 0.0000
Epoch 4490 | Val Loss: 19.9995 | Val Cost: 1567.60 | Val Max P-Miss: 0.1027 | Val Max Q-Miss: 0.0815 | Val Max Gen Viol: 0.0116 | Val Max Thermal: 0.0000
Epoch 4500 | Val Loss: 19.7653 | Val Cost: 1543.33 | Val Max P-Miss: 0.1439 | Val Max Q-Miss: 0.0595 | Val Max Gen Viol: 0.0116 | Val Max Thermal: 0.0000
Epoch 4510 | Val Loss: 20.1676 | Val Cost: 1542.67 | Val Max P-Miss: 0.1470 | Val Max Q-Miss: 0.0502 | Val Max Gen Viol: 0.0116 | Val Max Thermal: 0.0000
Epoch 4520 | Val Loss: 19.8217 | Val Cost: 1549.65 | Val Max P-Miss: 0.1294 | Val Max Q-Miss: 0.0408 | Val Max Gen Viol: 0.0116 | Val Max Thermal: 0.0000
Epoch 4530 | Val Loss: 19.6584 | Val Cost: 1548.99 | Val Max P-Miss: 0.1242 | Val Max Q-Miss: 0.0377 | Val Max Gen Viol: 0.0116 | Val Max Thermal: 0.0000
Epoch 4540 | Val Loss: 19.5285 | Val Cost: 1549.64 | Val Max P-Miss: 0.1195 | Val Max Q-Miss: 0.0345 | Val Max Gen Viol: 0.0116 | Val Max Thermal: 0.0000
Epoch 4550 | Val Loss: 19.3989 | Val Cost: 1550.10 | Val Max P-Miss: 0.1161 | Val Max Q-Miss: 0.0332 | Val Max Gen Viol: 0.0116 | Val Max Thermal: 0.0000
Epoch 4560 | Val Loss: 19.2728 | Val Cost: 1550.37 | Val Max P-Miss: 0.1110 | Val Max Q-Miss: 0.0325 | Val Max Gen Viol: 0.0116 | Val Max Thermal: 0.0000
Epoch 4570 | Val Loss: 19.1531 | Val Cost: 1550.93 | Val Max P-Miss: 0.1060 | Val Max Q-Miss: 0.0323 | Val Max Gen Viol: 0.0116 | Val Max Thermal: 0.0000
Epoch 4580 | Val Loss: 19.0374 | Val Cost: 1551.24 | Val Max P-Miss: 0.1008 | Val Max Q-Miss: 0.0313 | Val Max Gen Viol: 0.0116 | Val Max Thermal: 0.0000
Epoch 4590 | Val Loss: 18.9449 | Val Cost: 1552.08 | Val Max P-Miss: 0.0987 | Val Max Q-Miss: 0.0226 | Val Max Gen Viol: 0.0116 | Val Max Thermal: 0.0000
Epoch 4600 | Val Loss: 18.9422 | Val Cost: 1550.87 | Val Max P-Miss: 0.0940 | Val Max Q-Miss: 0.0216 | Val Max Gen Viol: 0.0116 | Val Max Thermal: 0.0000
Epoch 4610 | Val Loss: 19.1708 | Val Cost: 1531.09 | Val Max P-Miss: 0.0958 | Val Max Q-Miss: 0.0535 | Val Max Gen Viol: 0.0116 | Val Max Thermal: 0.0000
Epoch 4620 | Val Loss: 19.2894 | Val Cost: 1547.00 | Val Max P-Miss: 0.1359 | Val Max Q-Miss: 0.0553 | Val Max Gen Viol: 0.0116 | Val Max Thermal: 0.0000
Epoch 4630 | Val Loss: 19.3550 | Val Cost: 1545.09 | Val Max P-Miss: 0.1331 | Val Max Q-Miss: 0.0459 | Val Max Gen Viol: 0.0116 | Val Max Thermal: 0.0000
Epoch 4640 | Val Loss: 19.3762 | Val Cost: 1546.30 | Val Max P-Miss: 0.1323 | Val Max Q-Miss: 0.0434 | Val Max Gen Viol: 0.0116 | Val Max Thermal: 0.0000
Epoch 4650 | Val Loss: 19.3798 | Val Cost: 1549.52 | Val Max P-Miss: 0.1326 | Val Max Q-Miss: 0.0422 | Val Max Gen Viol: 0.0116 | Val Max Thermal: 0.0000
Epoch 4660 | Val Loss: 19.1129 | Val Cost: 1558.95 | Val Max P-Miss: 0.1190 | Val Max Q-Miss: 0.0568 | Val Max Gen Viol: 0.0116 | Val Max Thermal: 0.0000
Epoch 4670 | Val Loss: 19.1407 | Val Cost: 1549.42 | Val Max P-Miss: 0.1058 | Val Max Q-Miss: 0.0359 | Val Max Gen Viol: 0.0116 | Val Max Thermal: 0.0000
Epoch 4680 | Val Loss: 19.2165 | Val Cost: 1548.68 | Val Max P-Miss: 0.1116 | Val Max Q-Miss: 0.0383 | Val Max Gen Viol: 0.0116 | Val Max Thermal: 0.0000
Epoch 4690 | Val Loss: 19.2612 | Val Cost: 1549.19 | Val Max P-Miss: 0.1119 | Val Max Q-Miss: 0.0380 | Val Max Gen Viol: 0.0116 | Val Max Thermal: 0.0000
Epoch 4700 | Val Loss: 19.3367 | Val Cost: 1551.66 | Val Max P-Miss: 0.1322 | Val Max Q-Miss: 0.0449 | Val Max Gen Viol: 0.0116 | Val Max Thermal: 0.0000
Epoch 4710 | Val Loss: 19.0488 | Val Cost: 1556.06 | Val Max P-Miss: 0.1108 | Val Max Q-Miss: 0.0304 | Val Max Gen Viol: 0.0116 | Val Max Thermal: 0.0000
Epoch 4720 | Val Loss: 19.0319 | Val Cost: 1550.62 | Val Max P-Miss: 0.1033 | Val Max Q-Miss: 0.0302 | Val Max Gen Viol: 0.0116 | Val Max Thermal: 0.0000
Epoch 4730 | Val Loss: 19.1111 | Val Cost: 1548.43 | Val Max P-Miss: 0.1113 | Val Max Q-Miss: 0.0268 | Val Max Gen Viol: 0.0116 | Val Max Thermal: 0.0000
Epoch 4740 | Val Loss: 19.2810 | Val Cost: 1546.52 | Val Max P-Miss: 0.1277 | Val Max Q-Miss: 0.0344 | Val Max Gen Viol: 0.0116 | Val Max Thermal: 0.0000
Epoch 4750 | Val Loss: 19.1438 | Val Cost: 1547.34 | Val Max P-Miss: 0.1187 | Val Max Q-Miss: 0.0302 | Val Max Gen Viol: 0.0116 | Val Max Thermal: 0.0000
Epoch 4760 | Val Loss: 18.9257 | Val Cost: 1548.60 | Val Max P-Miss: 0.1075 | Val Max Q-Miss: 0.0275 | Val Max Gen Viol: 0.0116 | Val Max Thermal: 0.0000
Epoch 4770 | Val Loss: 18.9937 | Val Cost: 1546.81 | Val Max P-Miss: 0.0896 | Val Max Q-Miss: 0.0228 | Val Max Gen Viol: 0.0116 | Val Max Thermal: 0.0000
Epoch 4780 | Val Loss: 18.9064 | Val Cost: 1551.35 | Val Max P-Miss: 0.0918 | Val Max Q-Miss: 0.0202 | Val Max Gen Viol: 0.0116 | Val Max Thermal: 0.0000
Epoch 4790 | Val Loss: 18.7371 | Val Cost: 1550.33 | Val Max P-Miss: 0.0846 | Val Max Q-Miss: 0.0318 | Val Max Gen Viol: 0.0116 | Val Max Thermal: 0.0000
Epoch 4800 | Val Loss: 18.8098 | Val Cost: 1551.50 | Val Max P-Miss: 0.0984 | Val Max Q-Miss: 0.0237 | Val Max Gen Viol: 0.0116 | Val Max Thermal: 0.0000
Epoch 4810 | Val Loss: 18.7694 | Val Cost: 1552.26 | Val Max P-Miss: 0.0951 | Val Max Q-Miss: 0.0266 | Val Max Gen Viol: 0.0116 | Val Max Thermal: 0.0000
Epoch 4820 | Val Loss: 18.7234 | Val Cost: 1552.64 | Val Max P-Miss: 0.0876 | Val Max Q-Miss: 0.0268 | Val Max Gen Viol: 0.0116 | Val Max Thermal: 0.0000
Epoch 4830 | Val Loss: 18.7653 | Val Cost: 1552.40 | Val Max P-Miss: 0.0907 | Val Max Q-Miss: 0.0250 | Val Max Gen Viol: 0.0116 | Val Max Thermal: 0.0000
Epoch 4840 | Val Loss: 19.4159 | Val Cost: 1544.86 | Val Max P-Miss: 0.1102 | Val Max Q-Miss: 0.0467 | Val Max Gen Viol: 0.0116 | Val Max Thermal: 0.0000
Epoch 4850 | Val Loss: 19.4309 | Val Cost: 1553.50 | Val Max P-Miss: 0.1173 | Val Max Q-Miss: 0.0406 | Val Max Gen Viol: 0.0116 | Val Max Thermal: 0.0000
Epoch 4860 | Val Loss: 19.5242 | Val Cost: 1552.77 | Val Max P-Miss: 0.1197 | Val Max Q-Miss: 0.0430 | Val Max Gen Viol: 0.0116 | Val Max Thermal: 0.0000
Epoch 4870 | Val Loss: 19.6595 | Val Cost: 1552.96 | Val Max P-Miss: 0.1259 | Val Max Q-Miss: 0.0481 | Val Max Gen Viol: 0.0116 | Val Max Thermal: 0.0000
Epoch 4880 | Val Loss: 19.9043 | Val Cost: 1553.71 | Val Max P-Miss: 0.1338 | Val Max Q-Miss: 0.0543 | Val Max Gen Viol: 0.0116 | Val Max Thermal: 0.0000
Epoch 4890 | Val Loss: 20.0221 | Val Cost: 1552.06 | Val Max P-Miss: 0.1379 | Val Max Q-Miss: 0.0571 | Val Max Gen Viol: 0.0116 | Val Max Thermal: 0.0000
Epoch 4900 | Val Loss: 20.0758 | Val Cost: 1552.41 | Val Max P-Miss: 0.1401 | Val Max Q-Miss: 0.0590 | Val Max Gen Viol: 0.0116 | Val Max Thermal: 0.0000
Epoch 4910 | Val Loss: 20.1577 | Val Cost: 1542.56 | Val Max P-Miss: 0.1644 | Val Max Q-Miss: 0.0537 | Val Max Gen Viol: 0.0116 | Val Max Thermal: 0.0000
Epoch 4920 | Val Loss: 20.2328 | Val Cost: 1548.46 | Val Max P-Miss: 0.1518 | Val Max Q-Miss: 0.0446 | Val Max Gen Viol: 0.0116 | Val Max Thermal: 0.0000
Epoch 4930 | Val Loss: 20.0969 | Val Cost: 1556.17 | Val Max P-Miss: 0.1572 | Val Max Q-Miss: 0.0258 | Val Max Gen Viol: 0.0116 | Val Max Thermal: 0.0000
Epoch 4940 | Val Loss: 21.0327 | Val Cost: 1552.48 | Val Max P-Miss: 0.1620 | Val Max Q-Miss: 0.0567 | Val Max Gen Viol: 0.0116 | Val Max Thermal: 0.0000
Epoch 4950 | Val Loss: 19.4790 | Val Cost: 1531.32 | Val Max P-Miss: 0.1075 | Val Max Q-Miss: 0.0517 | Val Max Gen Viol: 0.0116 | Val Max Thermal: 0.0000
Epoch 4960 | Val Loss: 19.6267 | Val Cost: 1551.25 | Val Max P-Miss: 0.1349 | Val Max Q-Miss: 0.0412 | Val Max Gen Viol: 0.0116 | Val Max Thermal: 0.0000
Epoch 4970 | Val Loss: 19.4985 | Val Cost: 1552.25 | Val Max P-Miss: 0.1271 | Val Max Q-Miss: 0.0354 | Val Max Gen Viol: 0.0116 | Val Max Thermal: 0.0000
Epoch 4980 | Val Loss: 19.4126 | Val Cost: 1552.62 | Val Max P-Miss: 0.1237 | Val Max Q-Miss: 0.0312 | Val Max Gen Viol: 0.0116 | Val Max Thermal: 0.0000
Epoch 4990 | Val Loss: 19.2962 | Val Cost: 1553.01 | Val Max P-Miss: 0.1189 | Val Max Q-Miss: 0.0278 | Val Max Gen Viol: 0.0116 | Val Max Thermal: 0.0000
Epoch 5000 | Val Loss: 19.1829 | Val Cost: 1552.83 | Val Max P-Miss: 0.1132 | Val Max Q-Miss: 0.0249 | Val Max Gen Viol: 0.0116 | Val Max Thermal: 0.0000
Epoch 5010 | Val Loss: 19.0705 | Val Cost: 1553.49 | Val Max P-Miss: 0.1076 | Val Max Q-Miss: 0.0249 | Val Max Gen Viol: 0.0116 | Val Max Thermal: 0.0000
Epoch 5020 | Val Loss: 18.9892 | Val Cost: 1553.11 | Val Max P-Miss: 0.1030 | Val Max Q-Miss: 0.0246 | Val Max Gen Viol: 0.0116 | Val Max Thermal: 0.0000
Epoch 5030 | Val Loss: 18.9158 | Val Cost: 1553.29 | Val Max P-Miss: 0.0978 | Val Max Q-Miss: 0.0244 | Val Max Gen Viol: 0.0116 | Val Max Thermal: 0.0000
Epoch 5040 | Val Loss: 18.8649 | Val Cost: 1553.59 | Val Max P-Miss: 0.0930 | Val Max Q-Miss: 0.0240 | Val Max Gen Viol: 0.0116 | Val Max Thermal: 0.0000
Epoch 5050 | Val Loss: 18.8004 | Val Cost: 1553.37 | Val Max P-Miss: 0.0884 | Val Max Q-Miss: 0.0235 | Val Max Gen Viol: 0.0116 | Val Max Thermal: 0.0000
Epoch 5060 | Val Loss: 18.7630 | Val Cost: 1552.97 | Val Max P-Miss: 0.0854 | Val Max Q-Miss: 0.0221 | Val Max Gen Viol: 0.0116 | Val Max Thermal: 0.0000
Epoch 5070 | Val Loss: 18.7464 | Val Cost: 1554.08 | Val Max P-Miss: 0.0851 | Val Max Q-Miss: 0.0213 | Val Max Gen Viol: 0.0116 | Val Max Thermal: 0.0000
Epoch 5080 | Val Loss: 18.7416 | Val Cost: 1553.05 | Val Max P-Miss: 0.0878 | Val Max Q-Miss: 0.0261 | Val Max Gen Viol: 0.0116 | Val Max Thermal: 0.0000
Epoch 5090 | Val Loss: 19.1653 | Val Cost: 1540.86 | Val Max P-Miss: 0.0978 | Val Max Q-Miss: 0.0380 | Val Max Gen Viol: 0.0116 | Val Max Thermal: 0.0000
Epoch 5100 | Val Loss: 19.0093 | Val Cost: 1553.23 | Val Max P-Miss: 0.0898 | Val Max Q-Miss: 0.0442 | Val Max Gen Viol: 0.0116 | Val Max Thermal: 0.0000
Epoch 5110 | Val Loss: 18.9718 | Val Cost: 1542.07 | Val Max P-Miss: 0.1195 | Val Max Q-Miss: 0.0364 | Val Max Gen Viol: 0.0116 | Val Max Thermal: 0.0000
Epoch 5120 | Val Loss: 18.9585 | Val Cost: 1545.11 | Val Max P-Miss: 0.1125 | Val Max Q-Miss: 0.0310 | Val Max Gen Viol: 0.0116 | Val Max Thermal: 0.0000
Epoch 5130 | Val Loss: 18.8459 | Val Cost: 1547.18 | Val Max P-Miss: 0.1038 | Val Max Q-Miss: 0.0246 | Val Max Gen Viol: 0.0116 | Val Max Thermal: 0.0000
Epoch 5140 | Val Loss: 18.7559 | Val Cost: 1548.17 | Val Max P-Miss: 0.0942 | Val Max Q-Miss: 0.0217 | Val Max Gen Viol: 0.0116 | Val Max Thermal: 0.0000
Epoch 5150 | Val Loss: 18.7161 | Val Cost: 1549.32 | Val Max P-Miss: 0.0874 | Val Max Q-Miss: 0.0208 | Val Max Gen Viol: 0.0116 | Val Max Thermal: 0.0000
Epoch 5160 | Val Loss: 19.4238 | Val Cost: 1552.01 | Val Max P-Miss: 0.1035 | Val Max Q-Miss: 0.0555 | Val Max Gen Viol: 0.0116 | Val Max Thermal: 0.0000
Epoch 5170 | Val Loss: 18.8219 | Val Cost: 1549.88 | Val Max P-Miss: 0.0915 | Val Max Q-Miss: 0.0319 | Val Max Gen Viol: 0.0116 | Val Max Thermal: 0.0000
Epoch 5180 | Val Loss: 18.8127 | Val Cost: 1556.87 | Val Max P-Miss: 0.0845 | Val Max Q-Miss: 0.0295 | Val Max Gen Viol: 0.0116 | Val Max Thermal: 0.0000
Epoch 5190 | Val Loss: 18.7277 | Val Cost: 1551.99 | Val Max P-Miss: 0.0858 | Val Max Q-Miss: 0.0265 | Val Max Gen Viol: 0.0116 | Val Max Thermal: 0.0000
Epoch 5200 | Val Loss: 18.7162 | Val Cost: 1552.39 | Val Max P-Miss: 0.0854 | Val Max Q-Miss: 0.0268 | Val Max Gen Viol: 0.0116 | Val Max Thermal: 0.0000
Epoch 5210 | Val Loss: 18.7069 | Val Cost: 1552.87 | Val Max P-Miss: 0.0860 | Val Max Q-Miss: 0.0268 | Val Max Gen Viol: 0.0116 | Val Max Thermal: 0.0000 [*SAVED BEST*]
Epoch 5220 | Val Loss: 18.7315 | Val Cost: 1553.16 | Val Max P-Miss: 0.0855 | Val Max Q-Miss: 0.0271 | Val Max Gen Viol: 0.0116 | Val Max Thermal: 0.0000
Epoch 5230 | Val Loss: 18.9429 | Val Cost: 1526.81 | Val Max P-Miss: 0.0881 | Val Max Q-Miss: 0.0384 | Val Max Gen Viol: 0.0116 | Val Max Thermal: 0.0000
Epoch 5240 | Val Loss: 19.4862 | Val Cost: 1535.95 | Val Max P-Miss: 0.1265 | Val Max Q-Miss: 0.0475 | Val Max Gen Viol: 0.0116 | Val Max Thermal: 0.0000
Epoch 5250 | Val Loss: 19.2708 | Val Cost: 1551.30 | Val Max P-Miss: 0.1235 | Val Max Q-Miss: 0.0486 | Val Max Gen Viol: 0.0116 | Val Max Thermal: 0.0000
Epoch 5260 | Val Loss: 19.0824 | Val Cost: 1550.83 | Val Max P-Miss: 0.1130 | Val Max Q-Miss: 0.0417 | Val Max Gen Viol: 0.0116 | Val Max Thermal: 0.0000
Epoch 5270 | Val Loss: 18.9621 | Val Cost: 1551.74 | Val Max P-Miss: 0.1069 | Val Max Q-Miss: 0.0356 | Val Max Gen Viol: 0.0116 | Val Max Thermal: 0.0000
Epoch 5280 | Val Loss: 18.8724 | Val Cost: 1551.79 | Val Max P-Miss: 0.1007 | Val Max Q-Miss: 0.0305 | Val Max Gen Viol: 0.0116 | Val Max Thermal: 0.0000
Epoch 5290 | Val Loss: 18.8096 | Val Cost: 1552.50 | Val Max P-Miss: 0.0944 | Val Max Q-Miss: 0.0281 | Val Max Gen Viol: 0.0116 | Val Max Thermal: 0.0000
Epoch 5300 | Val Loss: 18.8240 | Val Cost: 1551.65 | Val Max P-Miss: 0.0914 | Val Max Q-Miss: 0.0283 | Val Max Gen Viol: 0.0116 | Val Max Thermal: 0.0000
Epoch 5310 | Val Loss: 18.8789 | Val Cost: 1549.66 | Val Max P-Miss: 0.0970 | Val Max Q-Miss: 0.0282 | Val Max Gen Viol: 0.0116 | Val Max Thermal: 0.0000
Epoch 5320 | Val Loss: 18.8111 | Val Cost: 1549.66 | Val Max P-Miss: 0.0942 | Val Max Q-Miss: 0.0236 | Val Max Gen Viol: 0.0116 | Val Max Thermal: 0.0000
Epoch 5330 | Val Loss: 18.7202 | Val Cost: 1551.34 | Val Max P-Miss: 0.0890 | Val Max Q-Miss: 0.0192 | Val Max Gen Viol: 0.0116 | Val Max Thermal: 0.0000
Epoch 5340 | Val Loss: 18.8610 | Val Cost: 1555.56 | Val Max P-Miss: 0.0834 | Val Max Q-Miss: 0.0304 | Val Max Gen Viol: 0.0116 | Val Max Thermal: 0.0000
Epoch 5350 | Val Loss: 18.9841 | Val Cost: 1554.41 | Val Max P-Miss: 0.0971 | Val Max Q-Miss: 0.0323 | Val Max Gen Viol: 0.0116 | Val Max Thermal: 0.0000
Epoch 5360 | Val Loss: 18.7532 | Val Cost: 1552.53 | Val Max P-Miss: 0.0899 | Val Max Q-Miss: 0.0225 | Val Max Gen Viol: 0.0116 | Val Max Thermal: 0.0000
Epoch 5370 | Val Loss: 18.7130 | Val Cost: 1552.78 | Val Max P-Miss: 0.0891 | Val Max Q-Miss: 0.0210 | Val Max Gen Viol: 0.0116 | Val Max Thermal: 0.0000
Epoch 5380 | Val Loss: 18.6960 | Val Cost: 1553.18 | Val Max P-Miss: 0.0879 | Val Max Q-Miss: 0.0193 | Val Max Gen Viol: 0.0116 | Val Max Thermal: 0.0000 [*SAVED BEST*]
Epoch 5390 | Val Loss: 19.1487 | Val Cost: 1553.05 | Val Max P-Miss: 0.0948 | Val Max Q-Miss: 0.0541 | Val Max Gen Viol: 0.0116 | Val Max Thermal: 0.0000
Epoch 5400 | Val Loss: 19.1169 | Val Cost: 1549.41 | Val Max P-Miss: 0.1123 | Val Max Q-Miss: 0.0396 | Val Max Gen Viol: 0.0116 | Val Max Thermal: 0.0000
Epoch 5410 | Val Loss: 19.2118 | Val Cost: 1550.36 | Val Max P-Miss: 0.1157 | Val Max Q-Miss: 0.0502 | Val Max Gen Viol: 0.0116 | Val Max Thermal: 0.0000
Epoch 5420 | Val Loss: 19.3380 | Val Cost: 1550.49 | Val Max P-Miss: 0.1211 | Val Max Q-Miss: 0.0542 | Val Max Gen Viol: 0.0116 | Val Max Thermal: 0.0000
Epoch 5430 | Val Loss: 19.3817 | Val Cost: 1551.53 | Val Max P-Miss: 0.1234 | Val Max Q-Miss: 0.0562 | Val Max Gen Viol: 0.0116 | Val Max Thermal: 0.0000
Epoch 5440 | Val Loss: 19.4389 | Val Cost: 1548.49 | Val Max P-Miss: 0.1170 | Val Max Q-Miss: 0.0504 | Val Max Gen Viol: 0.0116 | Val Max Thermal: 0.0000
Epoch 5450 | Val Loss: 19.3270 | Val Cost: 1551.22 | Val Max P-Miss: 0.1209 | Val Max Q-Miss: 0.0505 | Val Max Gen Viol: 0.0116 | Val Max Thermal: 0.0000
Epoch 5460 | Val Loss: 18.7272 | Val Cost: 1548.00 | Val Max P-Miss: 0.0824 | Val Max Q-Miss: 0.0333 | Val Max Gen Viol: 0.0116 | Val Max Thermal: 0.0000
Epoch 5470 | Val Loss: 19.4808 | Val Cost: 1557.81 | Val Max P-Miss: 0.1250 | Val Max Q-Miss: 0.0517 | Val Max Gen Viol: 0.0116 | Val Max Thermal: 0.0000
Epoch 5480 | Val Loss: 19.5301 | Val Cost: 1550.93 | Val Max P-Miss: 0.1315 | Val Max Q-Miss: 0.0537 | Val Max Gen Viol: 0.0116 | Val Max Thermal: 0.0000
Epoch 5490 | Val Loss: 19.7371 | Val Cost: 1549.95 | Val Max P-Miss: 0.1369 | Val Max Q-Miss: 0.0608 | Val Max Gen Viol: 0.0116 | Val Max Thermal: 0.0000
Epoch 5500 | Val Loss: 20.3977 | Val Cost: 1544.17 | Val Max P-Miss: 0.1365 | Val Max Q-Miss: 0.0561 | Val Max Gen Viol: 0.0116 | Val Max Thermal: 0.0000
Epoch 5510 | Val Loss: 20.2589 | Val Cost: 1534.26 | Val Max P-Miss: 0.1285 | Val Max Q-Miss: 0.0619 | Val Max Gen Viol: 0.0116 | Val Max Thermal: 0.0000
Epoch 5520 | Val Loss: 19.6922 | Val Cost: 1551.75 | Val Max P-Miss: 0.1409 | Val Max Q-Miss: 0.0516 | Val Max Gen Viol: 0.0116 | Val Max Thermal: 0.0000
Epoch 5530 | Val Loss: 19.4366 | Val Cost: 1549.34 | Val Max P-Miss: 0.1314 | Val Max Q-Miss: 0.0463 | Val Max Gen Viol: 0.0116 | Val Max Thermal: 0.0000
Epoch 5540 | Val Loss: 19.3197 | Val Cost: 1549.88 | Val Max P-Miss: 0.1271 | Val Max Q-Miss: 0.0424 | Val Max Gen Viol: 0.0116 | Val Max Thermal: 0.0000
Epoch 5550 | Val Loss: 19.2065 | Val Cost: 1549.99 | Val Max P-Miss: 0.1210 | Val Max Q-Miss: 0.0377 | Val Max Gen Viol: 0.0116 | Val Max Thermal: 0.0000
Epoch 5560 | Val Loss: 19.0895 | Val Cost: 1550.34 | Val Max P-Miss: 0.1137 | Val Max Q-Miss: 0.0324 | Val Max Gen Viol: 0.0116 | Val Max Thermal: 0.0000
Epoch 5570 | Val Loss: 18.9867 | Val Cost: 1550.56 | Val Max P-Miss: 0.1085 | Val Max Q-Miss: 0.0272 | Val Max Gen Viol: 0.0116 | Val Max Thermal: 0.0000
Epoch 5580 | Val Loss: 18.9012 | Val Cost: 1550.55 | Val Max P-Miss: 0.1014 | Val Max Q-Miss: 0.0220 | Val Max Gen Viol: 0.0116 | Val Max Thermal: 0.0000
Epoch 5590 | Val Loss: 18.8397 | Val Cost: 1551.05 | Val Max P-Miss: 0.0985 | Val Max Q-Miss: 0.0235 | Val Max Gen Viol: 0.0116 | Val Max Thermal: 0.0000
Epoch 5600 | Val Loss: 18.7979 | Val Cost: 1550.51 | Val Max P-Miss: 0.0960 | Val Max Q-Miss: 0.0277 | Val Max Gen Viol: 0.0116 | Val Max Thermal: 0.0000
Epoch 5610 | Val Loss: 19.1278 | Val Cost: 1542.73 | Val Max P-Miss: 0.1210 | Val Max Q-Miss: 0.0290 | Val Max Gen Viol: 0.0116 | Val Max Thermal: 0.0000
Epoch 5620 | Val Loss: 19.1169 | Val Cost: 1544.68 | Val Max P-Miss: 0.1239 | Val Max Q-Miss: 0.0359 | Val Max Gen Viol: 0.0116 | Val Max Thermal: 0.0000
Epoch 5630 | Val Loss: 19.0581 | Val Cost: 1545.71 | Val Max P-Miss: 0.1192 | Val Max Q-Miss: 0.0352 | Val Max Gen Viol: 0.0116 | Val Max Thermal: 0.0000
Epoch 5640 | Val Loss: 19.1130 | Val Cost: 1546.17 | Val Max P-Miss: 0.1195 | Val Max Q-Miss: 0.0360 | Val Max Gen Viol: 0.0116 | Val Max Thermal: 0.0000
Epoch 5650 | Val Loss: 19.1137 | Val Cost: 1547.33 | Val Max P-Miss: 0.1178 | Val Max Q-Miss: 0.0361 | Val Max Gen Viol: 0.0116 | Val Max Thermal: 0.0000
Epoch 5660 | Val Loss: 19.0999 | Val Cost: 1548.55 | Val Max P-Miss: 0.1190 | Val Max Q-Miss: 0.0362 | Val Max Gen Viol: 0.0116 | Val Max Thermal: 0.0000
Epoch 5670 | Val Loss: 19.0403 | Val Cost: 1551.81 | Val Max P-Miss: 0.1086 | Val Max Q-Miss: 0.0418 | Val Max Gen Viol: 0.0116 | Val Max Thermal: 0.0000
Epoch 5680 | Val Loss: 18.9935 | Val Cost: 1552.73 | Val Max P-Miss: 0.1083 | Val Max Q-Miss: 0.0483 | Val Max Gen Viol: 0.0116 | Val Max Thermal: 0.0000
Epoch 5690 | Val Loss: 18.8860 | Val Cost: 1551.31 | Val Max P-Miss: 0.0988 | Val Max Q-Miss: 0.0343 | Val Max Gen Viol: 0.0116 | Val Max Thermal: 0.0000
Epoch 5700 | Val Loss: 18.8111 | Val Cost: 1549.76 | Val Max P-Miss: 0.0927 | Val Max Q-Miss: 0.0305 | Val Max Gen Viol: 0.0116 | Val Max Thermal: 0.0000
Epoch 5710 | Val Loss: 18.7931 | Val Cost: 1549.67 | Val Max P-Miss: 0.0919 | Val Max Q-Miss: 0.0284 | Val Max Gen Viol: 0.0116 | Val Max Thermal: 0.0000
Epoch 5720 | Val Loss: 18.8080 | Val Cost: 1550.45 | Val Max P-Miss: 0.0944 | Val Max Q-Miss: 0.0291 | Val Max Gen Viol: 0.0116 | Val Max Thermal: 0.0000
Epoch 5730 | Val Loss: 18.9020 | Val Cost: 1550.05 | Val Max P-Miss: 0.0858 | Val Max Q-Miss: 0.0404 | Val Max Gen Viol: 0.0116 | Val Max Thermal: 0.0000
Epoch 5740 | Val Loss: 19.3222 | Val Cost: 1549.90 | Val Max P-Miss: 0.1108 | Val Max Q-Miss: 0.0363 | Val Max Gen Viol: 0.0116 | Val Max Thermal: 0.0000
Epoch 5750 | Val Loss: 19.4206 | Val Cost: 1550.39 | Val Max P-Miss: 0.1134 | Val Max Q-Miss: 0.0393 | Val Max Gen Viol: 0.0116 | Val Max Thermal: 0.0000
Epoch 5760 | Val Loss: 19.5912 | Val Cost: 1546.14 | Val Max P-Miss: 0.1009 | Val Max Q-Miss: 0.0633 | Val Max Gen Viol: 0.0116 | Val Max Thermal: 0.0000
Epoch 5770 | Val Loss: 19.1043 | Val Cost: 1550.56 | Val Max P-Miss: 0.1057 | Val Max Q-Miss: 0.0304 | Val Max Gen Viol: 0.0116 | Val Max Thermal: 0.0000
Epoch 5780 | Val Loss: 19.0446 | Val Cost: 1550.24 | Val Max P-Miss: 0.1008 | Val Max Q-Miss: 0.0286 | Val Max Gen Viol: 0.0116 | Val Max Thermal: 0.0000
Epoch 5790 | Val Loss: 19.0016 | Val Cost: 1550.59 | Val Max P-Miss: 0.0966 | Val Max Q-Miss: 0.0281 | Val Max Gen Viol: 0.0116 | Val Max Thermal: 0.0000
Epoch 5800 | Val Loss: 19.1835 | Val Cost: 1548.13 | Val Max P-Miss: 0.1138 | Val Max Q-Miss: 0.0314 | Val Max Gen Viol: 0.0116 | Val Max Thermal: 0.0000
Epoch 5810 | Val Loss: 18.7217 | Val Cost: 1548.95 | Val Max P-Miss: 0.0887 | Val Max Q-Miss: 0.0308 | Val Max Gen Viol: 0.0116 | Val Max Thermal: 0.0000
Epoch 5820 | Val Loss: 18.7148 | Val Cost: 1549.43 | Val Max P-Miss: 0.0865 | Val Max Q-Miss: 0.0224 | Val Max Gen Viol: 0.0116 | Val Max Thermal: 0.0000
Epoch 5830 | Val Loss: 19.2493 | Val Cost: 1543.88 | Val Max P-Miss: 0.1015 | Val Max Q-Miss: 0.0316 | Val Max Gen Viol: 0.0116 | Val Max Thermal: 0.0000
Epoch 5840 | Val Loss: 18.8697 | Val Cost: 1548.82 | Val Max P-Miss: 0.1053 | Val Max Q-Miss: 0.0261 | Val Max Gen Viol: 0.0116 | Val Max Thermal: 0.0000
Epoch 5850 | Val Loss: 18.6569 | Val Cost: 1549.77 | Val Max P-Miss: 0.0823 | Val Max Q-Miss: 0.0245 | Val Max Gen Viol: 0.0116 | Val Max Thermal: 0.0000 [*SAVED BEST*]
Epoch 5860 | Val Loss: 18.6824 | Val Cost: 1550.32 | Val Max P-Miss: 0.0867 | Val Max Q-Miss: 0.0247 | Val Max Gen Viol: 0.0116 | Val Max Thermal: 0.0000
Epoch 5870 | Val Loss: 19.1806 | Val Cost: 1553.44 | Val Max P-Miss: 0.0966 | Val Max Q-Miss: 0.0435 | Val Max Gen Viol: 0.0116 | Val Max Thermal: 0.0000
Epoch 5880 | Val Loss: 19.1316 | Val Cost: 1542.78 | Val Max P-Miss: 0.0906 | Val Max Q-Miss: 0.0443 | Val Max Gen Viol: 0.0116 | Val Max Thermal: 0.0000
Epoch 5890 | Val Loss: 19.0828 | Val Cost: 1550.45 | Val Max P-Miss: 0.1094 | Val Max Q-Miss: 0.0273 | Val Max Gen Viol: 0.0116 | Val Max Thermal: 0.0000
Epoch 5900 | Val Loss: 19.1782 | Val Cost: 1551.49 | Val Max P-Miss: 0.1109 | Val Max Q-Miss: 0.0307 | Val Max Gen Viol: 0.0116 | Val Max Thermal: 0.0000
Epoch 5910 | Val Loss: 20.4276 | Val Cost: 1551.91 | Val Max P-Miss: 0.1312 | Val Max Q-Miss: 0.0422 | Val Max Gen Viol: 0.0116 | Val Max Thermal: 0.0000
Epoch 5920 | Val Loss: 19.1017 | Val Cost: 1549.18 | Val Max P-Miss: 0.1057 | Val Max Q-Miss: 0.0288 | Val Max Gen Viol: 0.0116 | Val Max Thermal: 0.0000
Epoch 5930 | Val Loss: 19.0203 | Val Cost: 1551.24 | Val Max P-Miss: 0.1055 | Val Max Q-Miss: 0.0284 | Val Max Gen Viol: 0.0116 | Val Max Thermal: 0.0000
Epoch 5940 | Val Loss: 18.9498 | Val Cost: 1550.98 | Val Max P-Miss: 0.1005 | Val Max Q-Miss: 0.0286 | Val Max Gen Viol: 0.0116 | Val Max Thermal: 0.0000
Epoch 5950 | Val Loss: 18.8801 | Val Cost: 1550.66 | Val Max P-Miss: 0.0943 | Val Max Q-Miss: 0.0302 | Val Max Gen Viol: 0.0116 | Val Max Thermal: 0.0000
Epoch 5960 | Val Loss: 18.8171 | Val Cost: 1550.65 | Val Max P-Miss: 0.0903 | Val Max Q-Miss: 0.0293 | Val Max Gen Viol: 0.0116 | Val Max Thermal: 0.0000
Epoch 5970 | Val Loss: 18.7419 | Val Cost: 1551.37 | Val Max P-Miss: 0.0895 | Val Max Q-Miss: 0.0292 | Val Max Gen Viol: 0.0116 | Val Max Thermal: 0.0000
Epoch 5980 | Val Loss: 18.7015 | Val Cost: 1551.73 | Val Max P-Miss: 0.0885 | Val Max Q-Miss: 0.0291 | Val Max Gen Viol: 0.0116 | Val Max Thermal: 0.0000
Epoch 5990 | Val Loss: 18.6701 | Val Cost: 1551.67 | Val Max P-Miss: 0.0883 | Val Max Q-Miss: 0.0279 | Val Max Gen Viol: 0.0116 | Val Max Thermal: 0.0000
Epoch 6000 | Val Loss: 18.6451 | Val Cost: 1551.75 | Val Max P-Miss: 0.0870 | Val Max Q-Miss: 0.0272 | Val Max Gen Viol: 0.0116 | Val Max Thermal: 0.0000 [*SAVED BEST*]
Epoch 6010 | Val Loss: 18.6295 | Val Cost: 1552.09 | Val Max P-Miss: 0.0856 | Val Max Q-Miss: 0.0264 | Val Max Gen Viol: 0.0116 | Val Max Thermal: 0.0000 [*SAVED BEST*]
Epoch 6020 | Val Loss: 18.6227 | Val Cost: 1553.25 | Val Max P-Miss: 0.0850 | Val Max Q-Miss: 0.0276 | Val Max Gen Viol: 0.0116 | Val Max Thermal: 0.0000 [*SAVED BEST*]
Epoch 6030 | Val Loss: 19.5950 | Val Cost: 1531.32 | Val Max P-Miss: 0.1024 | Val Max Q-Miss: 0.0415 | Val Max Gen Viol: 0.0116 | Val Max Thermal: 0.0000
Epoch 6040 | Val Loss: 20.5403 | Val Cost: 1535.13 | Val Max P-Miss: 0.1451 | Val Max Q-Miss: 0.0480 | Val Max Gen Viol: 0.0116 | Val Max Thermal: 0.0000
Epoch 6050 | Val Loss: 19.0314 | Val Cost: 1544.17 | Val Max P-Miss: 0.1047 | Val Max Q-Miss: 0.0312 | Val Max Gen Viol: 0.0116 | Val Max Thermal: 0.0000
Epoch 6060 | Val Loss: 19.0740 | Val Cost: 1550.73 | Val Max P-Miss: 0.1094 | Val Max Q-Miss: 0.0377 | Val Max Gen Viol: 0.0116 | Val Max Thermal: 0.0000
Epoch 6070 | Val Loss: 18.9990 | Val Cost: 1550.09 | Val Max P-Miss: 0.1068 | Val Max Q-Miss: 0.0335 | Val Max Gen Viol: 0.0116 | Val Max Thermal: 0.0000
Epoch 6080 | Val Loss: 18.9005 | Val Cost: 1550.41 | Val Max P-Miss: 0.1005 | Val Max Q-Miss: 0.0338 | Val Max Gen Viol: 0.0116 | Val Max Thermal: 0.0000
Epoch 6090 | Val Loss: 18.8072 | Val Cost: 1550.11 | Val Max P-Miss: 0.0919 | Val Max Q-Miss: 0.0341 | Val Max Gen Viol: 0.0116 | Val Max Thermal: 0.0000
Epoch 6100 | Val Loss: 18.7535 | Val Cost: 1550.83 | Val Max P-Miss: 0.0878 | Val Max Q-Miss: 0.0335 | Val Max Gen Viol: 0.0116 | Val Max Thermal: 0.0000
Epoch 6110 | Val Loss: 18.7018 | Val Cost: 1550.91 | Val Max P-Miss: 0.0873 | Val Max Q-Miss: 0.0325 | Val Max Gen Viol: 0.0116 | Val Max Thermal: 0.0000
Epoch 6120 | Val Loss: 18.6585 | Val Cost: 1550.94 | Val Max P-Miss: 0.0851 | Val Max Q-Miss: 0.0258 | Val Max Gen Viol: 0.0116 | Val Max Thermal: 0.0000
Epoch 6130 | Val Loss: 18.7696 | Val Cost: 1551.26 | Val Max P-Miss: 0.0850 | Val Max Q-Miss: 0.0281 | Val Max Gen Viol: 0.0116 | Val Max Thermal: 0.0000
Epoch 6140 | Val Loss: 19.4410 | Val Cost: 1548.10 | Val Max P-Miss: 0.1254 | Val Max Q-Miss: 0.0531 | Val Max Gen Viol: 0.0116 | Val Max Thermal: 0.0000
Epoch 6150 | Val Loss: 18.9694 | Val Cost: 1548.69 | Val Max P-Miss: 0.0897 | Val Max Q-Miss: 0.0375 | Val Max Gen Viol: 0.0116 | Val Max Thermal: 0.0000
Epoch 6160 | Val Loss: 18.9826 | Val Cost: 1551.90 | Val Max P-Miss: 0.0956 | Val Max Q-Miss: 0.0384 | Val Max Gen Viol: 0.0116 | Val Max Thermal: 0.0000
Epoch 6170 | Val Loss: 19.0204 | Val Cost: 1551.01 | Val Max P-Miss: 0.1031 | Val Max Q-Miss: 0.0303 | Val Max Gen Viol: 0.0116 | Val Max Thermal: 0.0000
Epoch 6180 | Val Loss: 19.1127 | Val Cost: 1549.96 | Val Max P-Miss: 0.1052 | Val Max Q-Miss: 0.0354 | Val Max Gen Viol: 0.0116 | Val Max Thermal: 0.0000
Epoch 6190 | Val Loss: 19.1435 | Val Cost: 1549.93 | Val Max P-Miss: 0.1072 | Val Max Q-Miss: 0.0373 | Val Max Gen Viol: 0.0116 | Val Max Thermal: 0.0000
Epoch 6200 | Val Loss: 19.1641 | Val Cost: 1550.78 | Val Max P-Miss: 0.1083 | Val Max Q-Miss: 0.0389 | Val Max Gen Viol: 0.0116 | Val Max Thermal: 0.0000
Epoch 6210 | Val Loss: 19.4603 | Val Cost: 1557.16 | Val Max P-Miss: 0.1272 | Val Max Q-Miss: 0.0411 | Val Max Gen Viol: 0.0116 | Val Max Thermal: 0.0000
Epoch 6220 | Val Loss: 19.1275 | Val Cost: 1549.63 | Val Max P-Miss: 0.1094 | Val Max Q-Miss: 0.0331 | Val Max Gen Viol: 0.0116 | Val Max Thermal: 0.0000
Epoch 6230 | Val Loss: 19.0516 | Val Cost: 1550.15 | Val Max P-Miss: 0.1064 | Val Max Q-Miss: 0.0306 | Val Max Gen Viol: 0.0116 | Val Max Thermal: 0.0000
Epoch 6240 | Val Loss: 18.9719 | Val Cost: 1550.35 | Val Max P-Miss: 0.1023 | Val Max Q-Miss: 0.0303 | Val Max Gen Viol: 0.0116 | Val Max Thermal: 0.0000
Epoch 6250 | Val Loss: 18.9042 | Val Cost: 1549.99 | Val Max P-Miss: 0.0978 | Val Max Q-Miss: 0.0304 | Val Max Gen Viol: 0.0116 | Val Max Thermal: 0.0000
Epoch 6260 | Val Loss: 18.8151 | Val Cost: 1550.26 | Val Max P-Miss: 0.0928 | Val Max Q-Miss: 0.0303 | Val Max Gen Viol: 0.0116 | Val Max Thermal: 0.0000
Epoch 6270 | Val Loss: 18.7639 | Val Cost: 1549.97 | Val Max P-Miss: 0.0897 | Val Max Q-Miss: 0.0297 | Val Max Gen Viol: 0.0116 | Val Max Thermal: 0.0000
Epoch 6280 | Val Loss: 18.7182 | Val Cost: 1550.48 | Val Max P-Miss: 0.0882 | Val Max Q-Miss: 0.0301 | Val Max Gen Viol: 0.0116 | Val Max Thermal: 0.0000
Epoch 6290 | Val Loss: 18.6771 | Val Cost: 1551.63 | Val Max P-Miss: 0.0879 | Val Max Q-Miss: 0.0289 | Val Max Gen Viol: 0.0116 | Val Max Thermal: 0.0000
Epoch 6300 | Val Loss: 18.6537 | Val Cost: 1552.33 | Val Max P-Miss: 0.0863 | Val Max Q-Miss: 0.0289 | Val Max Gen Viol: 0.0116 | Val Max Thermal: 0.0000
Epoch 6310 | Val Loss: 18.6456 | Val Cost: 1552.12 | Val Max P-Miss: 0.0851 | Val Max Q-Miss: 0.0275 | Val Max Gen Viol: 0.0116 | Val Max Thermal: 0.0000
Epoch 6320 | Val Loss: 18.7261 | Val Cost: 1555.56 | Val Max P-Miss: 0.0843 | Val Max Q-Miss: 0.0294 | Val Max Gen Viol: 0.0116 | Val Max Thermal: 0.0000
Epoch 6330 | Val Loss: 19.0779 | Val Cost: 1539.75 | Val Max P-Miss: 0.1055 | Val Max Q-Miss: 0.0402 | Val Max Gen Viol: 0.0116 | Val Max Thermal: 0.0000
Epoch 6340 | Val Loss: 18.8572 | Val Cost: 1548.69 | Val Max P-Miss: 0.0922 | Val Max Q-Miss: 0.0352 | Val Max Gen Viol: 0.0116 | Val Max Thermal: 0.0000
Epoch 6350 | Val Loss: 18.8306 | Val Cost: 1549.05 | Val Max P-Miss: 0.0926 | Val Max Q-Miss: 0.0340 | Val Max Gen Viol: 0.0116 | Val Max Thermal: 0.0000
Epoch 6360 | Val Loss: 18.7580 | Val Cost: 1550.30 | Val Max P-Miss: 0.0898 | Val Max Q-Miss: 0.0301 | Val Max Gen Viol: 0.0116 | Val Max Thermal: 0.0000
Epoch 6370 | Val Loss: 18.6899 | Val Cost: 1550.39 | Val Max P-Miss: 0.0863 | Val Max Q-Miss: 0.0259 | Val Max Gen Viol: 0.0116 | Val Max Thermal: 0.0000
Epoch 6380 | Val Loss: 18.6536 | Val Cost: 1551.30 | Val Max P-Miss: 0.0859 | Val Max Q-Miss: 0.0266 | Val Max Gen Viol: 0.0116 | Val Max Thermal: 0.0000
Epoch 6390 | Val Loss: 18.6319 | Val Cost: 1551.44 | Val Max P-Miss: 0.0840 | Val Max Q-Miss: 0.0284 | Val Max Gen Viol: 0.0116 | Val Max Thermal: 0.0000
Epoch 6400 | Val Loss: 18.6248 | Val Cost: 1552.42 | Val Max P-Miss: 0.0826 | Val Max Q-Miss: 0.0295 | Val Max Gen Viol: 0.0116 | Val Max Thermal: 0.0000
Epoch 6410 | Val Loss: 18.6227 | Val Cost: 1551.35 | Val Max P-Miss: 0.0827 | Val Max Q-Miss: 0.0308 | Val Max Gen Viol: 0.0116 | Val Max Thermal: 0.0000
Epoch 6420 | Val Loss: 18.6208 | Val Cost: 1551.41 | Val Max P-Miss: 0.0807 | Val Max Q-Miss: 0.0314 | Val Max Gen Viol: 0.0116 | Val Max Thermal: 0.0000 [*SAVED BEST*]
Epoch 6430 | Val Loss: 18.6300 | Val Cost: 1552.23 | Val Max P-Miss: 0.0796 | Val Max Q-Miss: 0.0319 | Val Max Gen Viol: 0.0116 | Val Max Thermal: 0.0000
Epoch 6440 | Val Loss: 18.9148 | Val Cost: 1549.89 | Val Max P-Miss: 0.0853 | Val Max Q-Miss: 0.0361 | Val Max Gen Viol: 0.0116 | Val Max Thermal: 0.0000
Epoch 6450 | Val Loss: 19.2047 | Val Cost: 1545.61 | Val Max P-Miss: 0.1087 | Val Max Q-Miss: 0.0314 | Val Max Gen Viol: 0.0116 | Val Max Thermal: 0.0000
Epoch 6460 | Val Loss: 19.4141 | Val Cost: 1539.16 | Val Max P-Miss: 0.1146 | Val Max Q-Miss: 0.0394 | Val Max Gen Viol: 0.0116 | Val Max Thermal: 0.0000
Epoch 6470 | Val Loss: 19.2412 | Val Cost: 1544.79 | Val Max P-Miss: 0.1179 | Val Max Q-Miss: 0.0303 | Val Max Gen Viol: 0.0116 | Val Max Thermal: 0.0000
Epoch 6480 | Val Loss: 18.8991 | Val Cost: 1540.65 | Val Max P-Miss: 0.1034 | Val Max Q-Miss: 0.0250 | Val Max Gen Viol: 0.0116 | Val Max Thermal: 0.0000
Epoch 6490 | Val Loss: 19.3326 | Val Cost: 1545.04 | Val Max P-Miss: 0.1176 | Val Max Q-Miss: 0.0357 | Val Max Gen Viol: 0.0116 | Val Max Thermal: 0.0000
Epoch 6500 | Val Loss: 19.1471 | Val Cost: 1543.99 | Val Max P-Miss: 0.1096 | Val Max Q-Miss: 0.0314 | Val Max Gen Viol: 0.0116 | Val Max Thermal: 0.0000
Epoch 6510 | Val Loss: 18.9511 | Val Cost: 1539.02 | Val Max P-Miss: 0.1128 | Val Max Q-Miss: 0.0264 | Val Max Gen Viol: 0.0116 | Val Max Thermal: 0.0000
Epoch 6520 | Val Loss: 19.1912 | Val Cost: 1543.64 | Val Max P-Miss: 0.1114 | Val Max Q-Miss: 0.0295 | Val Max Gen Viol: 0.0116 | Val Max Thermal: 0.0000
Epoch 6530 | Val Loss: 19.0879 | Val Cost: 1545.28 | Val Max P-Miss: 0.1042 | Val Max Q-Miss: 0.0300 | Val Max Gen Viol: 0.0116 | Val Max Thermal: 0.0000
Epoch 6540 | Val Loss: 18.9865 | Val Cost: 1540.55 | Val Max P-Miss: 0.1113 | Val Max Q-Miss: 0.0287 | Val Max Gen Viol: 0.0116 | Val Max Thermal: 0.0000
Epoch 6550 | Val Loss: 19.0676 | Val Cost: 1547.36 | Val Max P-Miss: 0.1078 | Val Max Q-Miss: 0.0301 | Val Max Gen Viol: 0.0116 | Val Max Thermal: 0.0000
Epoch 6560 | Val Loss: 18.9717 | Val Cost: 1545.35 | Val Max P-Miss: 0.0974 | Val Max Q-Miss: 0.0311 | Val Max Gen Viol: 0.0116 | Val Max Thermal: 0.0000
Epoch 6570 | Val Loss: 19.0981 | Val Cost: 1556.94 | Val Max P-Miss: 0.1270 | Val Max Q-Miss: 0.0318 | Val Max Gen Viol: 0.0116 | Val Max Thermal: 0.0000
Epoch 6580 | Val Loss: 18.9608 | Val Cost: 1546.04 | Val Max P-Miss: 0.1017 | Val Max Q-Miss: 0.0363 | Val Max Gen Viol: 0.0116 | Val Max Thermal: 0.0000
Epoch 6590 | Val Loss: 19.0242 | Val Cost: 1545.66 | Val Max P-Miss: 0.1154 | Val Max Q-Miss: 0.0323 | Val Max Gen Viol: 0.0116 | Val Max Thermal: 0.0000
Epoch 6600 | Val Loss: 18.9803 | Val Cost: 1546.58 | Val Max P-Miss: 0.1022 | Val Max Q-Miss: 0.0289 | Val Max Gen Viol: 0.0116 | Val Max Thermal: 0.0000
Epoch 6610 | Val Loss: 18.9582 | Val Cost: 1547.15 | Val Max P-Miss: 0.0931 | Val Max Q-Miss: 0.0313 | Val Max Gen Viol: 0.0116 | Val Max Thermal: 0.0000
Epoch 6620 | Val Loss: 19.0875 | Val Cost: 1541.80 | Val Max P-Miss: 0.1198 | Val Max Q-Miss: 0.0349 | Val Max Gen Viol: 0.0116 | Val Max Thermal: 0.0000
Epoch 6630 | Val Loss: 18.8809 | Val Cost: 1545.12 | Val Max P-Miss: 0.0954 | Val Max Q-Miss: 0.0296 | Val Max Gen Viol: 0.0116 | Val Max Thermal: 0.0000
Epoch 6640 | Val Loss: 18.9115 | Val Cost: 1550.74 | Val Max P-Miss: 0.0909 | Val Max Q-Miss: 0.0287 | Val Max Gen Viol: 0.0116 | Val Max Thermal: 0.0000
Epoch 6650 | Val Loss: 19.1954 | Val Cost: 1544.61 | Val Max P-Miss: 0.1197 | Val Max Q-Miss: 0.0378 | Val Max Gen Viol: 0.0116 | Val Max Thermal: 0.0000
Epoch 6660 | Val Loss: 18.7665 | Val Cost: 1546.15 | Val Max P-Miss: 0.0860 | Val Max Q-Miss: 0.0325 | Val Max Gen Viol: 0.0116 | Val Max Thermal: 0.0000
Epoch 6670 | Val Loss: 18.8215 | Val Cost: 1548.86 | Val Max P-Miss: 0.0900 | Val Max Q-Miss: 0.0253 | Val Max Gen Viol: 0.0116 | Val Max Thermal: 0.0000
Epoch 6680 | Val Loss: 19.1758 | Val Cost: 1539.80 | Val Max P-Miss: 0.1298 | Val Max Q-Miss: 0.0499 | Val Max Gen Viol: 0.0116 | Val Max Thermal: 0.0000
Epoch 6690 | Val Loss: 18.8994 | Val Cost: 1546.82 | Val Max P-Miss: 0.1167 | Val Max Q-Miss: 0.0317 | Val Max Gen Viol: 0.0116 | Val Max Thermal: 0.0000
Epoch 6700 | Val Loss: 19.1217 | Val Cost: 1539.53 | Val Max P-Miss: 0.1106 | Val Max Q-Miss: 0.0484 | Val Max Gen Viol: 0.0116 | Val Max Thermal: 0.0000
Epoch 6710 | Val Loss: 18.7369 | Val Cost: 1549.03 | Val Max P-Miss: 0.0970 | Val Max Q-Miss: 0.0396 | Val Max Gen Viol: 0.0116 | Val Max Thermal: 0.0000
Epoch 6720 | Val Loss: 18.7727 | Val Cost: 1557.87 | Val Max P-Miss: 0.0865 | Val Max Q-Miss: 0.0386 | Val Max Gen Viol: 0.0116 | Val Max Thermal: 0.0000
Epoch 6730 | Val Loss: 18.9705 | Val Cost: 1551.75 | Val Max P-Miss: 0.1100 | Val Max Q-Miss: 0.0417 | Val Max Gen Viol: 0.0116 | Val Max Thermal: 0.0000
Epoch 6740 | Val Loss: 18.8782 | Val Cost: 1547.72 | Val Max P-Miss: 0.0981 | Val Max Q-Miss: 0.0286 | Val Max Gen Viol: 0.0116 | Val Max Thermal: 0.0000
Epoch 6750 | Val Loss: 18.8420 | Val Cost: 1552.91 | Val Max P-Miss: 0.0912 | Val Max Q-Miss: 0.0286 | Val Max Gen Viol: 0.0116 | Val Max Thermal: 0.0000
Epoch 6760 | Val Loss: 19.2026 | Val Cost: 1526.99 | Val Max P-Miss: 0.1005 | Val Max Q-Miss: 0.0459 | Val Max Gen Viol: 0.0116 | Val Max Thermal: 0.0000
Epoch 6770 | Val Loss: 18.8983 | Val Cost: 1549.95 | Val Max P-Miss: 0.1007 | Val Max Q-Miss: 0.0289 | Val Max Gen Viol: 0.0116 | Val Max Thermal: 0.0000
Epoch 6780 | Val Loss: 19.0010 | Val Cost: 1550.07 | Val Max P-Miss: 0.1034 | Val Max Q-Miss: 0.0412 | Val Max Gen Viol: 0.0116 | Val Max Thermal: 0.0000
Epoch 6790 | Val Loss: 18.9974 | Val Cost: 1550.29 | Val Max P-Miss: 0.1029 | Val Max Q-Miss: 0.0425 | Val Max Gen Viol: 0.0116 | Val Max Thermal: 0.0000
Epoch 6800 | Val Loss: 19.0748 | Val Cost: 1551.12 | Val Max P-Miss: 0.1004 | Val Max Q-Miss: 0.0421 | Val Max Gen Viol: 0.0116 | Val Max Thermal: 0.0000
Epoch 6810 | Val Loss: 19.5423 | Val Cost: 1538.51 | Val Max P-Miss: 0.1063 | Val Max Q-Miss: 0.0401 | Val Max Gen Viol: 0.0116 | Val Max Thermal: 0.0000
Epoch 6820 | Val Loss: 19.8794 | Val Cost: 1541.40 | Val Max P-Miss: 0.1393 | Val Max Q-Miss: 0.0445 | Val Max Gen Viol: 0.0116 | Val Max Thermal: 0.0000
Epoch 6830 | Val Loss: 19.1667 | Val Cost: 1554.55 | Val Max P-Miss: 0.1051 | Val Max Q-Miss: 0.0500 | Val Max Gen Viol: 0.0116 | Val Max Thermal: 0.0000
Epoch 6840 | Val Loss: 18.9250 | Val Cost: 1549.22 | Val Max P-Miss: 0.0973 | Val Max Q-Miss: 0.0440 | Val Max Gen Viol: 0.0116 | Val Max Thermal: 0.0000
Epoch 6850 | Val Loss: 18.8720 | Val Cost: 1549.70 | Val Max P-Miss: 0.0947 | Val Max Q-Miss: 0.0392 | Val Max Gen Viol: 0.0116 | Val Max Thermal: 0.0000
Epoch 6860 | Val Loss: 18.8342 | Val Cost: 1550.38 | Val Max P-Miss: 0.0913 | Val Max Q-Miss: 0.0333 | Val Max Gen Viol: 0.0116 | Val Max Thermal: 0.0000
Epoch 6870 | Val Loss: 18.8431 | Val Cost: 1548.86 | Val Max P-Miss: 0.0974 | Val Max Q-Miss: 0.0241 | Val Max Gen Viol: 0.0116 | Val Max Thermal: 0.0000
Epoch 6880 | Val Loss: 18.8381 | Val Cost: 1549.24 | Val Max P-Miss: 0.0940 | Val Max Q-Miss: 0.0255 | Val Max Gen Viol: 0.0116 | Val Max Thermal: 0.0000
Epoch 6890 | Val Loss: 18.7501 | Val Cost: 1551.08 | Val Max P-Miss: 0.0883 | Val Max Q-Miss: 0.0285 | Val Max Gen Viol: 0.0116 | Val Max Thermal: 0.0000
Epoch 6900 | Val Loss: 18.8561 | Val Cost: 1552.39 | Val Max P-Miss: 0.0939 | Val Max Q-Miss: 0.0281 | Val Max Gen Viol: 0.0116 | Val Max Thermal: 0.0000
Epoch 6910 | Val Loss: 18.6139 | Val Cost: 1548.54 | Val Max P-Miss: 0.0789 | Val Max Q-Miss: 0.0294 | Val Max Gen Viol: 0.0116 | Val Max Thermal: 0.0000 [*SAVED BEST*]
Epoch 6920 | Val Loss: 18.6453 | Val Cost: 1550.40 | Val Max P-Miss: 0.0821 | Val Max Q-Miss: 0.0259 | Val Max Gen Viol: 0.0116 | Val Max Thermal: 0.0000
Epoch 6930 | Val Loss: 18.6154 | Val Cost: 1550.63 | Val Max P-Miss: 0.0820 | Val Max Q-Miss: 0.0236 | Val Max Gen Viol: 0.0116 | Val Max Thermal: 0.0000
Epoch 6940 | Val Loss: 18.6028 | Val Cost: 1549.94 | Val Max P-Miss: 0.0786 | Val Max Q-Miss: 0.0240 | Val Max Gen Viol: 0.0116 | Val Max Thermal: 0.0000 [*SAVED BEST*]
Epoch 6950 | Val Loss: 18.7415 | Val Cost: 1548.23 | Val Max P-Miss: 0.0906 | Val Max Q-Miss: 0.0230 | Val Max Gen Viol: 0.0116 | Val Max Thermal: 0.0000
Epoch 6960 | Val Loss: 18.7503 | Val Cost: 1553.34 | Val Max P-Miss: 0.0855 | Val Max Q-Miss: 0.0285 | Val Max Gen Viol: 0.0116 | Val Max Thermal: 0.0000
Epoch 6970 | Val Loss: 18.9596 | Val Cost: 1550.99 | Val Max P-Miss: 0.1018 | Val Max Q-Miss: 0.0253 | Val Max Gen Viol: 0.0116 | Val Max Thermal: 0.0000
Epoch 6980 | Val Loss: 19.0061 | Val Cost: 1552.22 | Val Max P-Miss: 0.1036 | Val Max Q-Miss: 0.0276 | Val Max Gen Viol: 0.0116 | Val Max Thermal: 0.0000
Epoch 6990 | Val Loss: 19.0854 | Val Cost: 1551.63 | Val Max P-Miss: 0.1075 | Val Max Q-Miss: 0.0315 | Val Max Gen Viol: 0.0116 | Val Max Thermal: 0.0000
Epoch 7000 | Val Loss: 19.2202 | Val Cost: 1549.93 | Val Max P-Miss: 0.1125 | Val Max Q-Miss: 0.0354 | Val Max Gen Viol: 0.0116 | Val Max Thermal: 0.0000
Epoch 7010 | Val Loss: 18.6590 | Val Cost: 1542.16 | Val Max P-Miss: 0.0833 | Val Max Q-Miss: 0.0303 | Val Max Gen Viol: 0.0116 | Val Max Thermal: 0.0000
Epoch 7020 | Val Loss: 19.0035 | Val Cost: 1551.98 | Val Max P-Miss: 0.1103 | Val Max Q-Miss: 0.0280 | Val Max Gen Viol: 0.0116 | Val Max Thermal: 0.0000
Epoch 7030 | Val Loss: 19.3741 | Val Cost: 1551.18 | Val Max P-Miss: 0.1233 | Val Max Q-Miss: 0.0290 | Val Max Gen Viol: 0.0116 | Val Max Thermal: 0.0000
Epoch 7040 | Val Loss: 19.0988 | Val Cost: 1550.56 | Val Max P-Miss: 0.1102 | Val Max Q-Miss: 0.0264 | Val Max Gen Viol: 0.0116 | Val Max Thermal: 0.0000
Epoch 7050 | Val Loss: 19.0081 | Val Cost: 1550.74 | Val Max P-Miss: 0.1061 | Val Max Q-Miss: 0.0285 | Val Max Gen Viol: 0.0116 | Val Max Thermal: 0.0000
Epoch 7060 | Val Loss: 18.9253 | Val Cost: 1549.81 | Val Max P-Miss: 0.1014 | Val Max Q-Miss: 0.0299 | Val Max Gen Viol: 0.0116 | Val Max Thermal: 0.0000
Epoch 7070 | Val Loss: 18.8562 | Val Cost: 1550.00 | Val Max P-Miss: 0.0965 | Val Max Q-Miss: 0.0302 | Val Max Gen Viol: 0.0116 | Val Max Thermal: 0.0000
Epoch 7080 | Val Loss: 18.8040 | Val Cost: 1550.15 | Val Max P-Miss: 0.0928 | Val Max Q-Miss: 0.0297 | Val Max Gen Viol: 0.0116 | Val Max Thermal: 0.0000
Epoch 7090 | Val Loss: 18.7482 | Val Cost: 1550.72 | Val Max P-Miss: 0.0883 | Val Max Q-Miss: 0.0297 | Val Max Gen Viol: 0.0116 | Val Max Thermal: 0.0000
Epoch 7100 | Val Loss: 18.7215 | Val Cost: 1550.33 | Val Max P-Miss: 0.0860 | Val Max Q-Miss: 0.0294 | Val Max Gen Viol: 0.0116 | Val Max Thermal: 0.0000
Epoch 7110 | Val Loss: 18.6876 | Val Cost: 1551.03 | Val Max P-Miss: 0.0859 | Val Max Q-Miss: 0.0287 | Val Max Gen Viol: 0.0116 | Val Max Thermal: 0.0000
Epoch 7120 | Val Loss: 18.6516 | Val Cost: 1551.75 | Val Max P-Miss: 0.0846 | Val Max Q-Miss: 0.0279 | Val Max Gen Viol: 0.0116 | Val Max Thermal: 0.0000
Epoch 7130 | Val Loss: 18.6489 | Val Cost: 1552.29 | Val Max P-Miss: 0.0847 | Val Max Q-Miss: 0.0277 | Val Max Gen Viol: 0.0116 | Val Max Thermal: 0.0000
Epoch 7140 | Val Loss: 18.6320 | Val Cost: 1551.73 | Val Max P-Miss: 0.0829 | Val Max Q-Miss: 0.0249 | Val Max Gen Viol: 0.0116 | Val Max Thermal: 0.0000
Epoch 7150 | Val Loss: 18.7684 | Val Cost: 1549.07 | Val Max P-Miss: 0.0826 | Val Max Q-Miss: 0.0337 | Val Max Gen Viol: 0.0116 | Val Max Thermal: 0.0000
Epoch 7160 | Val Loss: 18.8587 | Val Cost: 1553.04 | Val Max P-Miss: 0.1020 | Val Max Q-Miss: 0.0302 | Val Max Gen Viol: 0.0116 | Val Max Thermal: 0.0000
Epoch 7170 | Val Loss: 18.8239 | Val Cost: 1546.87 | Val Max P-Miss: 0.1062 | Val Max Q-Miss: 0.0272 | Val Max Gen Viol: 0.0116 | Val Max Thermal: 0.0000
Epoch 7180 | Val Loss: 18.8034 | Val Cost: 1547.55 | Val Max P-Miss: 0.0862 | Val Max Q-Miss: 0.0348 | Val Max Gen Viol: 0.0116 | Val Max Thermal: 0.0000
Epoch 7190 | Val Loss: 18.7164 | Val Cost: 1549.00 | Val Max P-Miss: 0.0879 | Val Max Q-Miss: 0.0310 | Val Max Gen Viol: 0.0116 | Val Max Thermal: 0.0000
Epoch 7200 | Val Loss: 18.7071 | Val Cost: 1549.57 | Val Max P-Miss: 0.0896 | Val Max Q-Miss: 0.0271 | Val Max Gen Viol: 0.0116 | Val Max Thermal: 0.0000
Epoch 7210 | Val Loss: 18.6487 | Val Cost: 1549.47 | Val Max P-Miss: 0.0886 | Val Max Q-Miss: 0.0229 | Val Max Gen Viol: 0.0116 | Val Max Thermal: 0.0000
Epoch 7220 | Val Loss: 18.6277 | Val Cost: 1548.97 | Val Max P-Miss: 0.0853 | Val Max Q-Miss: 0.0262 | Val Max Gen Viol: 0.0116 | Val Max Thermal: 0.0000
Epoch 7230 | Val Loss: 18.6843 | Val Cost: 1547.18 | Val Max P-Miss: 0.0869 | Val Max Q-Miss: 0.0274 | Val Max Gen Viol: 0.0116 | Val Max Thermal: 0.0000
Epoch 7240 | Val Loss: 19.0449 | Val Cost: 1550.27 | Val Max P-Miss: 0.0999 | Val Max Q-Miss: 0.0266 | Val Max Gen Viol: 0.0116 | Val Max Thermal: 0.0000
Epoch 7250 | Val Loss: 18.6614 | Val Cost: 1548.15 | Val Max P-Miss: 0.0921 | Val Max Q-Miss: 0.0326 | Val Max Gen Viol: 0.0116 | Val Max Thermal: 0.0000
Epoch 7260 | Val Loss: 18.7267 | Val Cost: 1549.38 | Val Max P-Miss: 0.0913 | Val Max Q-Miss: 0.0270 | Val Max Gen Viol: 0.0116 | Val Max Thermal: 0.0000
Epoch 7270 | Val Loss: 18.8047 | Val Cost: 1549.46 | Val Max P-Miss: 0.0924 | Val Max Q-Miss: 0.0277 | Val Max Gen Viol: 0.0116 | Val Max Thermal: 0.0000
Epoch 7280 | Val Loss: 18.7714 | Val Cost: 1550.30 | Val Max P-Miss: 0.0908 | Val Max Q-Miss: 0.0265 | Val Max Gen Viol: 0.0116 | Val Max Thermal: 0.0000
Epoch 7290 | Val Loss: 18.7723 | Val Cost: 1551.41 | Val Max P-Miss: 0.0894 | Val Max Q-Miss: 0.0292 | Val Max Gen Viol: 0.0116 | Val Max Thermal: 0.0000
Epoch 7300 | Val Loss: 18.6831 | Val Cost: 1547.48 | Val Max P-Miss: 0.0909 | Val Max Q-Miss: 0.0337 | Val Max Gen Viol: 0.0116 | Val Max Thermal: 0.0000
Epoch 7310 | Val Loss: 18.6642 | Val Cost: 1548.05 | Val Max P-Miss: 0.0827 | Val Max Q-Miss: 0.0249 | Val Max Gen Viol: 0.0116 | Val Max Thermal: 0.0000
Epoch 7320 | Val Loss: 18.6652 | Val Cost: 1549.03 | Val Max P-Miss: 0.0845 | Val Max Q-Miss: 0.0264 | Val Max Gen Viol: 0.0116 | Val Max Thermal: 0.0000
Epoch 7330 | Val Loss: 18.6458 | Val Cost: 1549.31 | Val Max P-Miss: 0.0854 | Val Max Q-Miss: 0.0287 | Val Max Gen Viol: 0.0116 | Val Max Thermal: 0.0000
Epoch 7340 | Val Loss: 18.6417 | Val Cost: 1549.34 | Val Max P-Miss: 0.0853 | Val Max Q-Miss: 0.0297 | Val Max Gen Viol: 0.0116 | Val Max Thermal: 0.0000
Epoch 7350 | Val Loss: 18.6244 | Val Cost: 1556.25 | Val Max P-Miss: 0.0812 | Val Max Q-Miss: 0.0447 | Val Max Gen Viol: 0.0116 | Val Max Thermal: 0.0000
Epoch 7360 | Val Loss: 18.7775 | Val Cost: 1550.91 | Val Max P-Miss: 0.0899 | Val Max Q-Miss: 0.0277 | Val Max Gen Viol: 0.0116 | Val Max Thermal: 0.0000
Epoch 7370 | Val Loss: 18.8355 | Val Cost: 1554.04 | Val Max P-Miss: 0.0968 | Val Max Q-Miss: 0.0382 | Val Max Gen Viol: 0.0116 | Val Max Thermal: 0.0000
Epoch 7380 | Val Loss: 18.6585 | Val Cost: 1550.82 | Val Max P-Miss: 0.0824 | Val Max Q-Miss: 0.0262 | Val Max Gen Viol: 0.0116 | Val Max Thermal: 0.0000
Epoch 7390 | Val Loss: 18.7180 | Val Cost: 1549.22 | Val Max P-Miss: 0.0873 | Val Max Q-Miss: 0.0278 | Val Max Gen Viol: 0.0116 | Val Max Thermal: 0.0000
Epoch 7400 | Val Loss: 18.6904 | Val Cost: 1548.19 | Val Max P-Miss: 0.0868 | Val Max Q-Miss: 0.0265 | Val Max Gen Viol: 0.0116 | Val Max Thermal: 0.0000
Epoch 7410 | Val Loss: 18.6543 | Val Cost: 1548.38 | Val Max P-Miss: 0.0870 | Val Max Q-Miss: 0.0226 | Val Max Gen Viol: 0.0116 | Val Max Thermal: 0.0000
Epoch 7420 | Val Loss: 18.7451 | Val Cost: 1549.71 | Val Max P-Miss: 0.0907 | Val Max Q-Miss: 0.0257 | Val Max Gen Viol: 0.0116 | Val Max Thermal: 0.0000
Epoch 7430 | Val Loss: 18.7232 | Val Cost: 1549.59 | Val Max P-Miss: 0.0894 | Val Max Q-Miss: 0.0289 | Val Max Gen Viol: 0.0116 | Val Max Thermal: 0.0000
Epoch 7440 | Val Loss: 18.6719 | Val Cost: 1550.71 | Val Max P-Miss: 0.0867 | Val Max Q-Miss: 0.0292 | Val Max Gen Viol: 0.0116 | Val Max Thermal: 0.0000
Epoch 7450 | Val Loss: 18.6775 | Val Cost: 1542.77 | Val Max P-Miss: 0.0908 | Val Max Q-Miss: 0.0292 | Val Max Gen Viol: 0.0116 | Val Max Thermal: 0.0000
Epoch 7460 | Val Loss: 18.6728 | Val Cost: 1548.99 | Val Max P-Miss: 0.0863 | Val Max Q-Miss: 0.0280 | Val Max Gen Viol: 0.0116 | Val Max Thermal: 0.0000
Epoch 7470 | Val Loss: 18.7852 | Val Cost: 1549.56 | Val Max P-Miss: 0.0900 | Val Max Q-Miss: 0.0257 | Val Max Gen Viol: 0.0116 | Val Max Thermal: 0.0000
Epoch 7480 | Val Loss: 18.8413 | Val Cost: 1549.13 | Val Max P-Miss: 0.0934 | Val Max Q-Miss: 0.0267 | Val Max Gen Viol: 0.0116 | Val Max Thermal: 0.0000
Epoch 7490 | Val Loss: 18.8558 | Val Cost: 1549.87 | Val Max P-Miss: 0.0940 | Val Max Q-Miss: 0.0304 | Val Max Gen Viol: 0.0116 | Val Max Thermal: 0.0000
Epoch 7500 | Val Loss: 18.8858 | Val Cost: 1550.54 | Val Max P-Miss: 0.0953 | Val Max Q-Miss: 0.0316 | Val Max Gen Viol: 0.0116 | Val Max Thermal: 0.0000
Epoch 7510 | Val Loss: 18.9461 | Val Cost: 1550.19 | Val Max P-Miss: 0.0982 | Val Max Q-Miss: 0.0337 | Val Max Gen Viol: 0.0116 | Val Max Thermal: 0.0000
Epoch 7520 | Val Loss: 19.0161 | Val Cost: 1550.57 | Val Max P-Miss: 0.1002 | Val Max Q-Miss: 0.0363 | Val Max Gen Viol: 0.0116 | Val Max Thermal: 0.0000
Epoch 7530 | Val Loss: 19.1150 | Val Cost: 1550.98 | Val Max P-Miss: 0.1039 | Val Max Q-Miss: 0.0396 | Val Max Gen Viol: 0.0116 | Val Max Thermal: 0.0000
Epoch 7540 | Val Loss: 19.2136 | Val Cost: 1552.70 | Val Max P-Miss: 0.1073 | Val Max Q-Miss: 0.0426 | Val Max Gen Viol: 0.0116 | Val Max Thermal: 0.0000
Epoch 7550 | Val Loss: 19.3639 | Val Cost: 1553.98 | Val Max P-Miss: 0.1121 | Val Max Q-Miss: 0.0478 | Val Max Gen Viol: 0.0116 | Val Max Thermal: 0.0000
Epoch 7560 | Val Loss: 19.1465 | Val Cost: 1545.28 | Val Max P-Miss: 0.1168 | Val Max Q-Miss: 0.0416 | Val Max Gen Viol: 0.0116 | Val Max Thermal: 0.0000
Epoch 7570 | Val Loss: 18.8333 | Val Cost: 1545.38 | Val Max P-Miss: 0.0955 | Val Max Q-Miss: 0.0346 | Val Max Gen Viol: 0.0116 | Val Max Thermal: 0.0000
Epoch 7580 | Val Loss: 19.3144 | Val Cost: 1546.72 | Val Max P-Miss: 0.1163 | Val Max Q-Miss: 0.0409 | Val Max Gen Viol: 0.0116 | Val Max Thermal: 0.0000
Epoch 7590 | Val Loss: 20.2189 | Val Cost: 1542.35 | Val Max P-Miss: 0.1391 | Val Max Q-Miss: 0.0400 | Val Max Gen Viol: 0.0116 | Val Max Thermal: 0.0000
Epoch 7600 | Val Loss: 18.6237 | Val Cost: 1549.21 | Val Max P-Miss: 0.0867 | Val Max Q-Miss: 0.0352 | Val Max Gen Viol: 0.0116 | Val Max Thermal: 0.0000
Epoch 7610 | Val Loss: 19.1837 | Val Cost: 1545.70 | Val Max P-Miss: 0.0947 | Val Max Q-Miss: 0.0384 | Val Max Gen Viol: 0.0116 | Val Max Thermal: 0.0000
Epoch 7620 | Val Loss: 19.4415 | Val Cost: 1549.45 | Val Max P-Miss: 0.1219 | Val Max Q-Miss: 0.0353 | Val Max Gen Viol: 0.0116 | Val Max Thermal: 0.0000
Epoch 7630 | Val Loss: 19.1985 | Val Cost: 1552.53 | Val Max P-Miss: 0.1121 | Val Max Q-Miss: 0.0398 | Val Max Gen Viol: 0.0116 | Val Max Thermal: 0.0000
Epoch 7640 | Val Loss: 18.8721 | Val Cost: 1547.99 | Val Max P-Miss: 0.0982 | Val Max Q-Miss: 0.0311 | Val Max Gen Viol: 0.0116 | Val Max Thermal: 0.0000
Epoch 7650 | Val Loss: 18.9035 | Val Cost: 1549.21 | Val Max P-Miss: 0.0995 | Val Max Q-Miss: 0.0315 | Val Max Gen Viol: 0.0116 | Val Max Thermal: 0.0000
Epoch 7660 | Val Loss: 18.8645 | Val Cost: 1549.50 | Val Max P-Miss: 0.0960 | Val Max Q-Miss: 0.0323 | Val Max Gen Viol: 0.0116 | Val Max Thermal: 0.0000
Epoch 7670 | Val Loss: 18.8072 | Val Cost: 1549.38 | Val Max P-Miss: 0.0935 | Val Max Q-Miss: 0.0328 | Val Max Gen Viol: 0.0116 | Val Max Thermal: 0.0000
Epoch 7680 | Val Loss: 18.7519 | Val Cost: 1548.53 | Val Max P-Miss: 0.0882 | Val Max Q-Miss: 0.0319 | Val Max Gen Viol: 0.0116 | Val Max Thermal: 0.0000
Epoch 7690 | Val Loss: 18.6923 | Val Cost: 1549.99 | Val Max P-Miss: 0.0844 | Val Max Q-Miss: 0.0315 | Val Max Gen Viol: 0.0116 | Val Max Thermal: 0.0000
Epoch 7700 | Val Loss: 18.6557 | Val Cost: 1550.08 | Val Max P-Miss: 0.0831 | Val Max Q-Miss: 0.0311 | Val Max Gen Viol: 0.0116 | Val Max Thermal: 0.0000
Epoch 7710 | Val Loss: 18.6286 | Val Cost: 1551.12 | Val Max P-Miss: 0.0827 | Val Max Q-Miss: 0.0308 | Val Max Gen Viol: 0.0116 | Val Max Thermal: 0.0000
Epoch 7720 | Val Loss: 18.5988 | Val Cost: 1551.40 | Val Max P-Miss: 0.0816 | Val Max Q-Miss: 0.0299 | Val Max Gen Viol: 0.0116 | Val Max Thermal: 0.0000 [*SAVED BEST*]
Epoch 7730 | Val Loss: 18.5987 | Val Cost: 1550.86 | Val Max P-Miss: 0.0806 | Val Max Q-Miss: 0.0294 | Val Max Gen Viol: 0.0116 | Val Max Thermal: 0.0000 [*SAVED BEST*]
Epoch 7740 | Val Loss: 18.5857 | Val Cost: 1552.56 | Val Max P-Miss: 0.0802 | Val Max Q-Miss: 0.0297 | Val Max Gen Viol: 0.0116 | Val Max Thermal: 0.0000 [*SAVED BEST*]
Epoch 7750 | Val Loss: 18.7289 | Val Cost: 1546.46 | Val Max P-Miss: 0.0825 | Val Max Q-Miss: 0.0328 | Val Max Gen Viol: 0.0116 | Val Max Thermal: 0.0000
Epoch 7760 | Val Loss: 18.8914 | Val Cost: 1536.43 | Val Max P-Miss: 0.1063 | Val Max Q-Miss: 0.0401 | Val Max Gen Viol: 0.0116 | Val Max Thermal: 0.0000
Epoch 7770 | Val Loss: 18.7711 | Val Cost: 1551.04 | Val Max P-Miss: 0.0887 | Val Max Q-Miss: 0.0305 | Val Max Gen Viol: 0.0116 | Val Max Thermal: 0.0000
Epoch 7780 | Val Loss: 18.7762 | Val Cost: 1549.87 | Val Max P-Miss: 0.0901 | Val Max Q-Miss: 0.0298 | Val Max Gen Viol: 0.0116 | Val Max Thermal: 0.0000
Epoch 7790 | Val Loss: 18.7123 | Val Cost: 1549.89 | Val Max P-Miss: 0.0888 | Val Max Q-Miss: 0.0267 | Val Max Gen Viol: 0.0116 | Val Max Thermal: 0.0000
Epoch 7800 | Val Loss: 18.6672 | Val Cost: 1549.37 | Val Max P-Miss: 0.0873 | Val Max Q-Miss: 0.0251 | Val Max Gen Viol: 0.0116 | Val Max Thermal: 0.0000
Epoch 7810 | Val Loss: 18.6245 | Val Cost: 1549.47 | Val Max P-Miss: 0.0859 | Val Max Q-Miss: 0.0242 | Val Max Gen Viol: 0.0116 | Val Max Thermal: 0.0000
Epoch 7820 | Val Loss: 18.5840 | Val Cost: 1549.36 | Val Max P-Miss: 0.0839 | Val Max Q-Miss: 0.0257 | Val Max Gen Viol: 0.0116 | Val Max Thermal: 0.0000 [*SAVED BEST*]
Epoch 7830 | Val Loss: 18.5636 | Val Cost: 1549.84 | Val Max P-Miss: 0.0827 | Val Max Q-Miss: 0.0280 | Val Max Gen Viol: 0.0116 | Val Max Thermal: 0.0000 [*SAVED BEST*]
Epoch 7840 | Val Loss: 18.6705 | Val Cost: 1550.19 | Val Max P-Miss: 0.0863 | Val Max Q-Miss: 0.0342 | Val Max Gen Viol: 0.0116 | Val Max Thermal: 0.0000
Epoch 7850 | Val Loss: 20.9039 | Val Cost: 1525.88 | Val Max P-Miss: 0.1343 | Val Max Q-Miss: 0.0865 | Val Max Gen Viol: 0.0116 | Val Max Thermal: 0.0000
Epoch 7860 | Val Loss: 18.9789 | Val Cost: 1538.95 | Val Max P-Miss: 0.0945 | Val Max Q-Miss: 0.0443 | Val Max Gen Viol: 0.0116 | Val Max Thermal: 0.0000
Epoch 7870 | Val Loss: 18.7939 | Val Cost: 1550.95 | Val Max P-Miss: 0.0880 | Val Max Q-Miss: 0.0284 | Val Max Gen Viol: 0.0116 | Val Max Thermal: 0.0000
Epoch 7880 | Val Loss: 18.7254 | Val Cost: 1550.35 | Val Max P-Miss: 0.0827 | Val Max Q-Miss: 0.0277 | Val Max Gen Viol: 0.0116 | Val Max Thermal: 0.0000
Epoch 7890 | Val Loss: 18.6725 | Val Cost: 1550.69 | Val Max P-Miss: 0.0826 | Val Max Q-Miss: 0.0301 | Val Max Gen Viol: 0.0116 | Val Max Thermal: 0.0000
Epoch 7900 | Val Loss: 18.6331 | Val Cost: 1549.70 | Val Max P-Miss: 0.0815 | Val Max Q-Miss: 0.0316 | Val Max Gen Viol: 0.0116 | Val Max Thermal: 0.0000
Epoch 7910 | Val Loss: 18.6031 | Val Cost: 1549.47 | Val Max P-Miss: 0.0812 | Val Max Q-Miss: 0.0334 | Val Max Gen Viol: 0.0116 | Val Max Thermal: 0.0000
Epoch 7920 | Val Loss: 18.5816 | Val Cost: 1549.39 | Val Max P-Miss: 0.0810 | Val Max Q-Miss: 0.0346 | Val Max Gen Viol: 0.0116 | Val Max Thermal: 0.0000
Epoch 7930 | Val Loss: 18.5689 | Val Cost: 1549.27 | Val Max P-Miss: 0.0810 | Val Max Q-Miss: 0.0341 | Val Max Gen Viol: 0.0116 | Val Max Thermal: 0.0000
Epoch 7940 | Val Loss: 20.1221 | Val Cost: 1547.88 | Val Max P-Miss: 0.1326 | Val Max Q-Miss: 0.0311 | Val Max Gen Viol: 0.0116 | Val Max Thermal: 0.0000
Epoch 7950 | Val Loss: 18.9867 | Val Cost: 1549.39 | Val Max P-Miss: 0.0986 | Val Max Q-Miss: 0.0306 | Val Max Gen Viol: 0.0116 | Val Max Thermal: 0.0000
Epoch 7960 | Val Loss: 18.7643 | Val Cost: 1546.82 | Val Max P-Miss: 0.0856 | Val Max Q-Miss: 0.0248 | Val Max Gen Viol: 0.0116 | Val Max Thermal: 0.0000
Epoch 7970 | Val Loss: 18.7208 | Val Cost: 1547.23 | Val Max P-Miss: 0.0860 | Val Max Q-Miss: 0.0252 | Val Max Gen Viol: 0.0116 | Val Max Thermal: 0.0000
Epoch 7980 | Val Loss: 18.6690 | Val Cost: 1547.90 | Val Max P-Miss: 0.0853 | Val Max Q-Miss: 0.0261 | Val Max Gen Viol: 0.0116 | Val Max Thermal: 0.0000
Epoch 7990 | Val Loss: 18.6376 | Val Cost: 1548.54 | Val Max P-Miss: 0.0858 | Val Max Q-Miss: 0.0262 | Val Max Gen Viol: 0.0116 | Val Max Thermal: 0.0000
Epoch 8000 | Val Loss: 18.5977 | Val Cost: 1549.31 | Val Max P-Miss: 0.0850 | Val Max Q-Miss: 0.0283 | Val Max Gen Viol: 0.0116 | Val Max Thermal: 0.0000
Epoch 8010 | Val Loss: 18.6130 | Val Cost: 1549.57 | Val Max P-Miss: 0.0809 | Val Max Q-Miss: 0.0329 | Val Max Gen Viol: 0.0116 | Val Max Thermal: 0.0000
Epoch 8020 | Val Loss: 18.6455 | Val Cost: 1547.91 | Val Max P-Miss: 0.0869 | Val Max Q-Miss: 0.0291 | Val Max Gen Viol: 0.0116 | Val Max Thermal: 0.0000
Epoch 8030 | Val Loss: 19.1728 | Val Cost: 1530.68 | Val Max P-Miss: 0.1085 | Val Max Q-Miss: 0.0579 | Val Max Gen Viol: 0.0116 | Val Max Thermal: 0.0000
Epoch 8040 | Val Loss: 18.5831 | Val Cost: 1547.50 | Val Max P-Miss: 0.0807 | Val Max Q-Miss: 0.0232 | Val Max Gen Viol: 0.0116 | Val Max Thermal: 0.0000
Epoch 8050 | Val Loss: 18.6386 | Val Cost: 1545.90 | Val Max P-Miss: 0.0818 | Val Max Q-Miss: 0.0256 | Val Max Gen Viol: 0.0116 | Val Max Thermal: 0.0000
Epoch 8060 | Val Loss: 18.6704 | Val Cost: 1545.58 | Val Max P-Miss: 0.0834 | Val Max Q-Miss: 0.0251 | Val Max Gen Viol: 0.0116 | Val Max Thermal: 0.0000
Epoch 8070 | Val Loss: 18.7122 | Val Cost: 1546.62 | Val Max P-Miss: 0.0870 | Val Max Q-Miss: 0.0242 | Val Max Gen Viol: 0.0116 | Val Max Thermal: 0.0000
Epoch 8080 | Val Loss: 18.7523 | Val Cost: 1546.72 | Val Max P-Miss: 0.0894 | Val Max Q-Miss: 0.0276 | Val Max Gen Viol: 0.0116 | Val Max Thermal: 0.0000
Epoch 8090 | Val Loss: 18.7938 | Val Cost: 1547.63 | Val Max P-Miss: 0.0915 | Val Max Q-Miss: 0.0305 | Val Max Gen Viol: 0.0116 | Val Max Thermal: 0.0000
Epoch 8100 | Val Loss: 18.8261 | Val Cost: 1548.17 | Val Max P-Miss: 0.0939 | Val Max Q-Miss: 0.0328 | Val Max Gen Viol: 0.0116 | Val Max Thermal: 0.0000
Epoch 8110 | Val Loss: 18.8812 | Val Cost: 1548.86 | Val Max P-Miss: 0.0982 | Val Max Q-Miss: 0.0355 | Val Max Gen Viol: 0.0116 | Val Max Thermal: 0.0000
Epoch 8120 | Val Loss: 19.0379 | Val Cost: 1548.55 | Val Max P-Miss: 0.1080 | Val Max Q-Miss: 0.0404 | Val Max Gen Viol: 0.0116 | Val Max Thermal: 0.0000
Epoch 8130 | Val Loss: 18.7940 | Val Cost: 1544.63 | Val Max P-Miss: 0.0815 | Val Max Q-Miss: 0.0311 | Val Max Gen Viol: 0.0116 | Val Max Thermal: 0.0000
Epoch 8140 | Val Loss: 18.7844 | Val Cost: 1551.14 | Val Max P-Miss: 0.0962 | Val Max Q-Miss: 0.0278 | Val Max Gen Viol: 0.0116 | Val Max Thermal: 0.0000
Epoch 8150 | Val Loss: 18.9281 | Val Cost: 1543.80 | Val Max P-Miss: 0.0996 | Val Max Q-Miss: 0.0286 | Val Max Gen Viol: 0.0116 | Val Max Thermal: 0.0000
Epoch 8160 | Val Loss: 19.4672 | Val Cost: 1546.43 | Val Max P-Miss: 0.1461 | Val Max Q-Miss: 0.0565 | Val Max Gen Viol: 0.0116 | Val Max Thermal: 0.0000
Epoch 8170 | Val Loss: 18.8508 | Val Cost: 1546.65 | Val Max P-Miss: 0.1009 | Val Max Q-Miss: 0.0362 | Val Max Gen Viol: 0.0116 | Val Max Thermal: 0.0000
Epoch 8180 | Val Loss: 18.8995 | Val Cost: 1530.49 | Val Max P-Miss: 0.0841 | Val Max Q-Miss: 0.0403 | Val Max Gen Viol: 0.0116 | Val Max Thermal: 0.0000
Epoch 8190 | Val Loss: 18.8660 | Val Cost: 1546.90 | Val Max P-Miss: 0.0972 | Val Max Q-Miss: 0.0363 | Val Max Gen Viol: 0.0116 | Val Max Thermal: 0.0000
Epoch 8200 | Val Loss: 18.8464 | Val Cost: 1548.16 | Val Max P-Miss: 0.0974 | Val Max Q-Miss: 0.0339 | Val Max Gen Viol: 0.0116 | Val Max Thermal: 0.0000
Epoch 8210 | Val Loss: 18.7603 | Val Cost: 1548.19 | Val Max P-Miss: 0.0916 | Val Max Q-Miss: 0.0296 | Val Max Gen Viol: 0.0116 | Val Max Thermal: 0.0000
Epoch 8220 | Val Loss: 18.6973 | Val Cost: 1548.11 | Val Max P-Miss: 0.0870 | Val Max Q-Miss: 0.0296 | Val Max Gen Viol: 0.0116 | Val Max Thermal: 0.0000
Epoch 8230 | Val Loss: 18.6501 | Val Cost: 1548.62 | Val Max P-Miss: 0.0836 | Val Max Q-Miss: 0.0302 | Val Max Gen Viol: 0.0116 | Val Max Thermal: 0.0000
Epoch 8240 | Val Loss: 18.6284 | Val Cost: 1548.31 | Val Max P-Miss: 0.0834 | Val Max Q-Miss: 0.0291 | Val Max Gen Viol: 0.0116 | Val Max Thermal: 0.0000
Epoch 8250 | Val Loss: 18.6239 | Val Cost: 1547.79 | Val Max P-Miss: 0.0809 | Val Max Q-Miss: 0.0314 | Val Max Gen Viol: 0.0116 | Val Max Thermal: 0.0000
Epoch 8260 | Val Loss: 18.7867 | Val Cost: 1544.12 | Val Max P-Miss: 0.0878 | Val Max Q-Miss: 0.0242 | Val Max Gen Viol: 0.0116 | Val Max Thermal: 0.0000
Epoch 8270 | Val Loss: 18.7480 | Val Cost: 1545.81 | Val Max P-Miss: 0.1029 | Val Max Q-Miss: 0.0226 | Val Max Gen Viol: 0.0116 | Val Max Thermal: 0.0000
Epoch 8280 | Val Loss: 18.6727 | Val Cost: 1548.31 | Val Max P-Miss: 0.0925 | Val Max Q-Miss: 0.0252 | Val Max Gen Viol: 0.0116 | Val Max Thermal: 0.0000
Epoch 8290 | Val Loss: 18.6328 | Val Cost: 1547.84 | Val Max P-Miss: 0.0861 | Val Max Q-Miss: 0.0274 | Val Max Gen Viol: 0.0116 | Val Max Thermal: 0.0000
Epoch 8300 | Val Loss: 18.6071 | Val Cost: 1548.22 | Val Max P-Miss: 0.0825 | Val Max Q-Miss: 0.0294 | Val Max Gen Viol: 0.0116 | Val Max Thermal: 0.0000
Epoch 8310 | Val Loss: 18.5674 | Val Cost: 1545.45 | Val Max P-Miss: 0.0844 | Val Max Q-Miss: 0.0266 | Val Max Gen Viol: 0.0116 | Val Max Thermal: 0.0000
Epoch 8320 | Val Loss: 18.8748 | Val Cost: 1552.53 | Val Max P-Miss: 0.0963 | Val Max Q-Miss: 0.0516 | Val Max Gen Viol: 0.0116 | Val Max Thermal: 0.0000
Epoch 8330 | Val Loss: 18.6057 | Val Cost: 1547.97 | Val Max P-Miss: 0.0794 | Val Max Q-Miss: 0.0332 | Val Max Gen Viol: 0.0116 | Val Max Thermal: 0.0000
Epoch 8340 | Val Loss: 18.6087 | Val Cost: 1550.85 | Val Max P-Miss: 0.0766 | Val Max Q-Miss: 0.0363 | Val Max Gen Viol: 0.0116 | Val Max Thermal: 0.0000
Epoch 8350 | Val Loss: 18.7002 | Val Cost: 1546.91 | Val Max P-Miss: 0.0844 | Val Max Q-Miss: 0.0266 | Val Max Gen Viol: 0.0116 | Val Max Thermal: 0.0000
Epoch 8360 | Val Loss: 18.7380 | Val Cost: 1547.11 | Val Max P-Miss: 0.0872 | Val Max Q-Miss: 0.0297 | Val Max Gen Viol: 0.0116 | Val Max Thermal: 0.0000
Epoch 8370 | Val Loss: 18.7729 | Val Cost: 1547.79 | Val Max P-Miss: 0.0885 | Val Max Q-Miss: 0.0307 | Val Max Gen Viol: 0.0116 | Val Max Thermal: 0.0000
Epoch 8380 | Val Loss: 18.8230 | Val Cost: 1548.38 | Val Max P-Miss: 0.0913 | Val Max Q-Miss: 0.0330 | Val Max Gen Viol: 0.0116 | Val Max Thermal: 0.0000
Epoch 8390 | Val Loss: 18.8850 | Val Cost: 1548.47 | Val Max P-Miss: 0.0924 | Val Max Q-Miss: 0.0357 | Val Max Gen Viol: 0.0116 | Val Max Thermal: 0.0000
Epoch 8400 | Val Loss: 18.9611 | Val Cost: 1547.91 | Val Max P-Miss: 0.0988 | Val Max Q-Miss: 0.0394 | Val Max Gen Viol: 0.0116 | Val Max Thermal: 0.0000
Epoch 8410 | Val Loss: 19.0100 | Val Cost: 1548.12 | Val Max P-Miss: 0.1020 | Val Max Q-Miss: 0.0416 | Val Max Gen Viol: 0.0116 | Val Max Thermal: 0.0000
Epoch 8420 | Val Loss: 19.2278 | Val Cost: 1547.35 | Val Max P-Miss: 0.1180 | Val Max Q-Miss: 0.0348 | Val Max Gen Viol: 0.0116 | Val Max Thermal: 0.0000
Epoch 8430 | Val Loss: 19.0582 | Val Cost: 1551.42 | Val Max P-Miss: 0.1020 | Val Max Q-Miss: 0.0434 | Val Max Gen Viol: 0.0116 | Val Max Thermal: 0.0000
Epoch 8440 | Val Loss: 18.8500 | Val Cost: 1543.36 | Val Max P-Miss: 0.1013 | Val Max Q-Miss: 0.0337 | Val Max Gen Viol: 0.0116 | Val Max Thermal: 0.0000
Epoch 8450 | Val Loss: 19.1182 | Val Cost: 1546.23 | Val Max P-Miss: 0.1187 | Val Max Q-Miss: 0.0312 | Val Max Gen Viol: 0.0116 | Val Max Thermal: 0.0000
Epoch 8460 | Val Loss: 19.1210 | Val Cost: 1546.93 | Val Max P-Miss: 0.1040 | Val Max Q-Miss: 0.0318 | Val Max Gen Viol: 0.0116 | Val Max Thermal: 0.0000
Epoch 8470 | Val Loss: 18.8862 | Val Cost: 1548.02 | Val Max P-Miss: 0.0943 | Val Max Q-Miss: 0.0358 | Val Max Gen Viol: 0.0116 | Val Max Thermal: 0.0000
Epoch 8480 | Val Loss: 18.8130 | Val Cost: 1548.07 | Val Max P-Miss: 0.0911 | Val Max Q-Miss: 0.0324 | Val Max Gen Viol: 0.0116 | Val Max Thermal: 0.0000
Epoch 8490 | Val Loss: 18.7472 | Val Cost: 1548.25 | Val Max P-Miss: 0.0869 | Val Max Q-Miss: 0.0336 | Val Max Gen Viol: 0.0116 | Val Max Thermal: 0.0000
Epoch 8500 | Val Loss: 18.7136 | Val Cost: 1548.13 | Val Max P-Miss: 0.0853 | Val Max Q-Miss: 0.0340 | Val Max Gen Viol: 0.0116 | Val Max Thermal: 0.0000
Epoch 8510 | Val Loss: 18.6720 | Val Cost: 1547.87 | Val Max P-Miss: 0.0855 | Val Max Q-Miss: 0.0334 | Val Max Gen Viol: 0.0116 | Val Max Thermal: 0.0000
Epoch 8520 | Val Loss: 18.6345 | Val Cost: 1548.19 | Val Max P-Miss: 0.0849 | Val Max Q-Miss: 0.0342 | Val Max Gen Viol: 0.0116 | Val Max Thermal: 0.0000
Epoch 8530 | Val Loss: 18.6129 | Val Cost: 1547.89 | Val Max P-Miss: 0.0824 | Val Max Q-Miss: 0.0362 | Val Max Gen Viol: 0.0116 | Val Max Thermal: 0.0000
Epoch 8540 | Val Loss: 18.6098 | Val Cost: 1549.63 | Val Max P-Miss: 0.0776 | Val Max Q-Miss: 0.0346 | Val Max Gen Viol: 0.0116 | Val Max Thermal: 0.0000
Epoch 8550 | Val Loss: 18.6680 | Val Cost: 1546.14 | Val Max P-Miss: 0.0941 | Val Max Q-Miss: 0.0274 | Val Max Gen Viol: 0.0116 | Val Max Thermal: 0.0000
Epoch 8560 | Val Loss: 18.6588 | Val Cost: 1547.28 | Val Max P-Miss: 0.0925 | Val Max Q-Miss: 0.0286 | Val Max Gen Viol: 0.0116 | Val Max Thermal: 0.0000
Epoch 8570 | Val Loss: 18.6584 | Val Cost: 1547.15 | Val Max P-Miss: 0.0908 | Val Max Q-Miss: 0.0288 | Val Max Gen Viol: 0.0116 | Val Max Thermal: 0.0000
Epoch 8580 | Val Loss: 18.6795 | Val Cost: 1548.54 | Val Max P-Miss: 0.0920 | Val Max Q-Miss: 0.0318 | Val Max Gen Viol: 0.0116 | Val Max Thermal: 0.0000
Epoch 8590 | Val Loss: 18.6734 | Val Cost: 1549.22 | Val Max P-Miss: 0.0910 | Val Max Q-Miss: 0.0328 | Val Max Gen Viol: 0.0116 | Val Max Thermal: 0.0000
Epoch 8600 | Val Loss: 18.8947 | Val Cost: 1548.00 | Val Max P-Miss: 0.0874 | Val Max Q-Miss: 0.0322 | Val Max Gen Viol: 0.0116 | Val Max Thermal: 0.0000
Epoch 8610 | Val Loss: 18.8023 | Val Cost: 1541.99 | Val Max P-Miss: 0.0939 | Val Max Q-Miss: 0.0249 | Val Max Gen Viol: 0.0116 | Val Max Thermal: 0.0000
Epoch 8620 | Val Loss: 18.6645 | Val Cost: 1544.22 | Val Max P-Miss: 0.0902 | Val Max Q-Miss: 0.0264 | Val Max Gen Viol: 0.0116 | Val Max Thermal: 0.0000
Epoch 8630 | Val Loss: 18.6402 | Val Cost: 1547.44 | Val Max P-Miss: 0.0909 | Val Max Q-Miss: 0.0266 | Val Max Gen Viol: 0.0116 | Val Max Thermal: 0.0000
Epoch 8640 | Val Loss: 18.5884 | Val Cost: 1549.00 | Val Max P-Miss: 0.0782 | Val Max Q-Miss: 0.0275 | Val Max Gen Viol: 0.0116 | Val Max Thermal: 0.0000
Epoch 8650 | Val Loss: 18.5454 | Val Cost: 1547.81 | Val Max P-Miss: 0.0770 | Val Max Q-Miss: 0.0261 | Val Max Gen Viol: 0.0116 | Val Max Thermal: 0.0000 [*SAVED BEST*]
Epoch 8660 | Val Loss: 18.5434 | Val Cost: 1547.88 | Val Max P-Miss: 0.0767 | Val Max Q-Miss: 0.0276 | Val Max Gen Viol: 0.0116 | Val Max Thermal: 0.0000 [*SAVED BEST*]
Epoch 8670 | Val Loss: 18.5801 | Val Cost: 1548.46 | Val Max P-Miss: 0.0784 | Val Max Q-Miss: 0.0287 | Val Max Gen Viol: 0.0116 | Val Max Thermal: 0.0000
Epoch 8680 | Val Loss: 18.8295 | Val Cost: 1539.97 | Val Max P-Miss: 0.0974 | Val Max Q-Miss: 0.0317 | Val Max Gen Viol: 0.0116 | Val Max Thermal: 0.0000
Epoch 8690 | Val Loss: 18.7545 | Val Cost: 1548.54 | Val Max P-Miss: 0.0855 | Val Max Q-Miss: 0.0290 | Val Max Gen Viol: 0.0116 | Val Max Thermal: 0.0000
Epoch 8700 | Val Loss: 18.7131 | Val Cost: 1547.80 | Val Max P-Miss: 0.0850 | Val Max Q-Miss: 0.0304 | Val Max Gen Viol: 0.0116 | Val Max Thermal: 0.0000
Epoch 8710 | Val Loss: 18.6775 | Val Cost: 1547.55 | Val Max P-Miss: 0.0853 | Val Max Q-Miss: 0.0307 | Val Max Gen Viol: 0.0116 | Val Max Thermal: 0.0000
Epoch 8720 | Val Loss: 18.6602 | Val Cost: 1547.72 | Val Max P-Miss: 0.0848 | Val Max Q-Miss: 0.0304 | Val Max Gen Viol: 0.0116 | Val Max Thermal: 0.0000
Epoch 8730 | Val Loss: 18.6548 | Val Cost: 1547.06 | Val Max P-Miss: 0.0836 | Val Max Q-Miss: 0.0297 | Val Max Gen Viol: 0.0116 | Val Max Thermal: 0.0000
Epoch 8740 | Val Loss: 18.6378 | Val Cost: 1547.92 | Val Max P-Miss: 0.0875 | Val Max Q-Miss: 0.0303 | Val Max Gen Viol: 0.0116 | Val Max Thermal: 0.0000
Epoch 8750 | Val Loss: 18.5837 | Val Cost: 1548.99 | Val Max P-Miss: 0.0825 | Val Max Q-Miss: 0.0299 | Val Max Gen Viol: 0.0116 | Val Max Thermal: 0.0000
Epoch 8760 | Val Loss: 18.5721 | Val Cost: 1548.76 | Val Max P-Miss: 0.0801 | Val Max Q-Miss: 0.0314 | Val Max Gen Viol: 0.0116 | Val Max Thermal: 0.0000
Epoch 8770 | Val Loss: 18.5637 | Val Cost: 1548.42 | Val Max P-Miss: 0.0795 | Val Max Q-Miss: 0.0318 | Val Max Gen Viol: 0.0116 | Val Max Thermal: 0.0000
Epoch 8780 | Val Loss: 18.6245 | Val Cost: 1549.38 | Val Max P-Miss: 0.0856 | Val Max Q-Miss: 0.0306 | Val Max Gen Viol: 0.0116 | Val Max Thermal: 0.0000
Epoch 8790 | Val Loss: 18.7124 | Val Cost: 1548.84 | Val Max P-Miss: 0.0821 | Val Max Q-Miss: 0.0311 | Val Max Gen Viol: 0.0116 | Val Max Thermal: 0.0000
Epoch 8800 | Val Loss: 18.6317 | Val Cost: 1547.94 | Val Max P-Miss: 0.0843 | Val Max Q-Miss: 0.0281 | Val Max Gen Viol: 0.0116 | Val Max Thermal: 0.0000
Epoch 8810 | Val Loss: 18.7193 | Val Cost: 1544.83 | Val Max P-Miss: 0.0899 | Val Max Q-Miss: 0.0256 | Val Max Gen Viol: 0.0116 | Val Max Thermal: 0.0000
Epoch 8820 | Val Loss: 18.7558 | Val Cost: 1545.40 | Val Max P-Miss: 0.0905 | Val Max Q-Miss: 0.0283 | Val Max Gen Viol: 0.0116 | Val Max Thermal: 0.0000
Epoch 8830 | Val Loss: 18.7980 | Val Cost: 1545.78 | Val Max P-Miss: 0.0926 | Val Max Q-Miss: 0.0308 | Val Max Gen Viol: 0.0116 | Val Max Thermal: 0.0000
Epoch 8840 | Val Loss: 19.6327 | Val Cost: 1546.07 | Val Max P-Miss: 0.1016 | Val Max Q-Miss: 0.0786 | Val Max Gen Viol: 0.0116 | Val Max Thermal: 0.0000
Epoch 8850 | Val Loss: 18.6649 | Val Cost: 1548.54 | Val Max P-Miss: 0.0840 | Val Max Q-Miss: 0.0299 | Val Max Gen Viol: 0.0116 | Val Max Thermal: 0.0000
Epoch 8860 | Val Loss: 18.8699 | Val Cost: 1549.39 | Val Max P-Miss: 0.0950 | Val Max Q-Miss: 0.0303 | Val Max Gen Viol: 0.0116 | Val Max Thermal: 0.0000
Epoch 8870 | Val Loss: 18.9124 | Val Cost: 1542.86 | Val Max P-Miss: 0.0948 | Val Max Q-Miss: 0.0353 | Val Max Gen Viol: 0.0116 | Val Max Thermal: 0.0000
Epoch 8880 | Val Loss: 18.7309 | Val Cost: 1546.92 | Val Max P-Miss: 0.0862 | Val Max Q-Miss: 0.0328 | Val Max Gen Viol: 0.0116 | Val Max Thermal: 0.0000
Epoch 8890 | Val Loss: 18.6932 | Val Cost: 1546.91 | Val Max P-Miss: 0.0855 | Val Max Q-Miss: 0.0301 | Val Max Gen Viol: 0.0116 | Val Max Thermal: 0.0000
Epoch 8900 | Val Loss: 18.6591 | Val Cost: 1547.42 | Val Max P-Miss: 0.0842 | Val Max Q-Miss: 0.0299 | Val Max Gen Viol: 0.0116 | Val Max Thermal: 0.0000
Epoch 8910 | Val Loss: 18.6524 | Val Cost: 1546.83 | Val Max P-Miss: 0.0839 | Val Max Q-Miss: 0.0310 | Val Max Gen Viol: 0.0116 | Val Max Thermal: 0.0000
Epoch 8920 | Val Loss: 18.6154 | Val Cost: 1547.79 | Val Max P-Miss: 0.0860 | Val Max Q-Miss: 0.0317 | Val Max Gen Viol: 0.0116 | Val Max Thermal: 0.0000
Epoch 8930 | Val Loss: 18.6011 | Val Cost: 1548.07 | Val Max P-Miss: 0.0869 | Val Max Q-Miss: 0.0326 | Val Max Gen Viol: 0.0116 | Val Max Thermal: 0.0000
Epoch 8940 | Val Loss: 18.7267 | Val Cost: 1541.30 | Val Max P-Miss: 0.0925 | Val Max Q-Miss: 0.0223 | Val Max Gen Viol: 0.0116 | Val Max Thermal: 0.0000
Epoch 8950 | Val Loss: 18.6327 | Val Cost: 1549.17 | Val Max P-Miss: 0.0865 | Val Max Q-Miss: 0.0262 | Val Max Gen Viol: 0.0116 | Val Max Thermal: 0.0000
Epoch 8960 | Val Loss: 18.5854 | Val Cost: 1550.28 | Val Max P-Miss: 0.0835 | Val Max Q-Miss: 0.0308 | Val Max Gen Viol: 0.0116 | Val Max Thermal: 0.0000
Epoch 8970 | Val Loss: 18.5839 | Val Cost: 1552.01 | Val Max P-Miss: 0.0839 | Val Max Q-Miss: 0.0321 | Val Max Gen Viol: 0.0116 | Val Max Thermal: 0.0000
Epoch 8980 | Val Loss: 18.5621 | Val Cost: 1549.01 | Val Max P-Miss: 0.0819 | Val Max Q-Miss: 0.0286 | Val Max Gen Viol: 0.0116 | Val Max Thermal: 0.0000
Epoch 8990 | Val Loss: 18.5760 | Val Cost: 1541.71 | Val Max P-Miss: 0.0761 | Val Max Q-Miss: 0.0258 | Val Max Gen Viol: 0.0116 | Val Max Thermal: 0.0000
Epoch 9000 | Val Loss: 18.5683 | Val Cost: 1546.54 | Val Max P-Miss: 0.0768 | Val Max Q-Miss: 0.0239 | Val Max Gen Viol: 0.0116 | Val Max Thermal: 0.0000
Epoch 9010 | Val Loss: 18.5606 | Val Cost: 1545.99 | Val Max P-Miss: 0.0767 | Val Max Q-Miss: 0.0227 | Val Max Gen Viol: 0.0116 | Val Max Thermal: 0.0000
Epoch 9020 | Val Loss: 18.5596 | Val Cost: 1545.30 | Val Max P-Miss: 0.0768 | Val Max Q-Miss: 0.0214 | Val Max Gen Viol: 0.0116 | Val Max Thermal: 0.0000
Epoch 9030 | Val Loss: 18.5548 | Val Cost: 1546.20 | Val Max P-Miss: 0.0775 | Val Max Q-Miss: 0.0216 | Val Max Gen Viol: 0.0116 | Val Max Thermal: 0.0000
Epoch 9040 | Val Loss: 18.9344 | Val Cost: 1545.42 | Val Max P-Miss: 0.0951 | Val Max Q-Miss: 0.0397 | Val Max Gen Viol: 0.0116 | Val Max Thermal: 0.0000
Epoch 9050 | Val Loss: 18.9263 | Val Cost: 1547.28 | Val Max P-Miss: 0.0942 | Val Max Q-Miss: 0.0358 | Val Max Gen Viol: 0.0116 | Val Max Thermal: 0.0000
Epoch 9060 | Val Loss: 18.9645 | Val Cost: 1548.58 | Val Max P-Miss: 0.0946 | Val Max Q-Miss: 0.0370 | Val Max Gen Viol: 0.0116 | Val Max Thermal: 0.0000
Epoch 9070 | Val Loss: 18.9968 | Val Cost: 1555.23 | Val Max P-Miss: 0.0878 | Val Max Q-Miss: 0.0371 | Val Max Gen Viol: 0.0116 | Val Max Thermal: 0.0000
Epoch 9080 | Val Loss: 18.8660 | Val Cost: 1547.17 | Val Max P-Miss: 0.0927 | Val Max Q-Miss: 0.0323 | Val Max Gen Viol: 0.0116 | Val Max Thermal: 0.0000
Epoch 9090 | Val Loss: 18.8487 | Val Cost: 1548.21 | Val Max P-Miss: 0.0904 | Val Max Q-Miss: 0.0335 | Val Max Gen Viol: 0.0116 | Val Max Thermal: 0.0000
Epoch 9100 | Val Loss: 18.8097 | Val Cost: 1548.18 | Val Max P-Miss: 0.0887 | Val Max Q-Miss: 0.0340 | Val Max Gen Viol: 0.0116 | Val Max Thermal: 0.0000
Epoch 9110 | Val Loss: 18.7435 | Val Cost: 1547.68 | Val Max P-Miss: 0.0850 | Val Max Q-Miss: 0.0342 | Val Max Gen Viol: 0.0116 | Val Max Thermal: 0.0000
Epoch 9120 | Val Loss: 18.6846 | Val Cost: 1548.15 | Val Max P-Miss: 0.0844 | Val Max Q-Miss: 0.0337 | Val Max Gen Viol: 0.0116 | Val Max Thermal: 0.0000
Epoch 9130 | Val Loss: 18.6458 | Val Cost: 1548.57 | Val Max P-Miss: 0.0840 | Val Max Q-Miss: 0.0339 | Val Max Gen Viol: 0.0116 | Val Max Thermal: 0.0000
Epoch 9140 | Val Loss: 18.6211 | Val Cost: 1549.40 | Val Max P-Miss: 0.0836 | Val Max Q-Miss: 0.0351 | Val Max Gen Viol: 0.0116 | Val Max Thermal: 0.0000
Epoch 9150 | Val Loss: 18.6047 | Val Cost: 1549.39 | Val Max P-Miss: 0.0819 | Val Max Q-Miss: 0.0354 | Val Max Gen Viol: 0.0116 | Val Max Thermal: 0.0000
Epoch 9160 | Val Loss: 18.5817 | Val Cost: 1550.06 | Val Max P-Miss: 0.0819 | Val Max Q-Miss: 0.0338 | Val Max Gen Viol: 0.0116 | Val Max Thermal: 0.0000
Epoch 9170 | Val Loss: 18.5647 | Val Cost: 1550.30 | Val Max P-Miss: 0.0808 | Val Max Q-Miss: 0.0343 | Val Max Gen Viol: 0.0116 | Val Max Thermal: 0.0000
Epoch 9180 | Val Loss: 18.5609 | Val Cost: 1551.18 | Val Max P-Miss: 0.0804 | Val Max Q-Miss: 0.0340 | Val Max Gen Viol: 0.0116 | Val Max Thermal: 0.0000
Epoch 9190 | Val Loss: 18.5449 | Val Cost: 1551.28 | Val Max P-Miss: 0.0790 | Val Max Q-Miss: 0.0319 | Val Max Gen Viol: 0.0116 | Val Max Thermal: 0.0000
Epoch 9200 | Val Loss: 18.6022 | Val Cost: 1551.82 | Val Max P-Miss: 0.0823 | Val Max Q-Miss: 0.0382 | Val Max Gen Viol: 0.0116 | Val Max Thermal: 0.0000
Epoch 9210 | Val Loss: 18.9814 | Val Cost: 1547.44 | Val Max P-Miss: 0.1056 | Val Max Q-Miss: 0.0365 | Val Max Gen Viol: 0.0116 | Val Max Thermal: 0.0000
Epoch 9220 | Val Loss: 18.9919 | Val Cost: 1541.06 | Val Max P-Miss: 0.1046 | Val Max Q-Miss: 0.0312 | Val Max Gen Viol: 0.0116 | Val Max Thermal: 0.0000
Epoch 9230 | Val Loss: 18.6954 | Val Cost: 1551.30 | Val Max P-Miss: 0.0944 | Val Max Q-Miss: 0.0234 | Val Max Gen Viol: 0.0116 | Val Max Thermal: 0.0000
Epoch 9240 | Val Loss: 18.7970 | Val Cost: 1548.47 | Val Max P-Miss: 0.0838 | Val Max Q-Miss: 0.0395 | Val Max Gen Viol: 0.0116 | Val Max Thermal: 0.0000
Epoch 9250 | Val Loss: 18.5440 | Val Cost: 1549.00 | Val Max P-Miss: 0.0793 | Val Max Q-Miss: 0.0285 | Val Max Gen Viol: 0.0116 | Val Max Thermal: 0.0000
Epoch 9260 | Val Loss: 18.5767 | Val Cost: 1548.32 | Val Max P-Miss: 0.0810 | Val Max Q-Miss: 0.0285 | Val Max Gen Viol: 0.0116 | Val Max Thermal: 0.0000
Epoch 9270 | Val Loss: 18.6226 | Val Cost: 1547.75 | Val Max P-Miss: 0.0830 | Val Max Q-Miss: 0.0279 | Val Max Gen Viol: 0.0116 | Val Max Thermal: 0.0000
Epoch 9280 | Val Loss: 18.6327 | Val Cost: 1547.63 | Val Max P-Miss: 0.0826 | Val Max Q-Miss: 0.0283 | Val Max Gen Viol: 0.0116 | Val Max Thermal: 0.0000
Epoch 9290 | Val Loss: 18.6690 | Val Cost: 1548.32 | Val Max P-Miss: 0.0839 | Val Max Q-Miss: 0.0298 | Val Max Gen Viol: 0.0116 | Val Max Thermal: 0.0000
Epoch 9300 | Val Loss: 18.7038 | Val Cost: 1548.46 | Val Max P-Miss: 0.0837 | Val Max Q-Miss: 0.0313 | Val Max Gen Viol: 0.0116 | Val Max Thermal: 0.0000
Epoch 9310 | Val Loss: 18.7333 | Val Cost: 1548.75 | Val Max P-Miss: 0.0837 | Val Max Q-Miss: 0.0323 | Val Max Gen Viol: 0.0116 | Val Max Thermal: 0.0000
Epoch 9320 | Val Loss: 18.7720 | Val Cost: 1549.18 | Val Max P-Miss: 0.0847 | Val Max Q-Miss: 0.0339 | Val Max Gen Viol: 0.0116 | Val Max Thermal: 0.0000
Epoch 9330 | Val Loss: 18.6905 | Val Cost: 1546.54 | Val Max P-Miss: 0.0812 | Val Max Q-Miss: 0.0311 | Val Max Gen Viol: 0.0116 | Val Max Thermal: 0.0000
Epoch 9340 | Val Loss: 18.8638 | Val Cost: 1542.01 | Val Max P-Miss: 0.0884 | Val Max Q-Miss: 0.0276 | Val Max Gen Viol: 0.0116 | Val Max Thermal: 0.0000
Epoch 9350 | Val Loss: 18.9016 | Val Cost: 1546.04 | Val Max P-Miss: 0.0895 | Val Max Q-Miss: 0.0335 | Val Max Gen Viol: 0.0116 | Val Max Thermal: 0.0000
Epoch 9360 | Val Loss: 18.7864 | Val Cost: 1554.20 | Val Max P-Miss: 0.0845 | Val Max Q-Miss: 0.0399 | Val Max Gen Viol: 0.0116 | Val Max Thermal: 0.0000
Epoch 9370 | Val Loss: 18.6139 | Val Cost: 1545.68 | Val Max P-Miss: 0.0825 | Val Max Q-Miss: 0.0301 | Val Max Gen Viol: 0.0116 | Val Max Thermal: 0.0000
Epoch 9380 | Val Loss: 18.5396 | Val Cost: 1546.65 | Val Max P-Miss: 0.0787 | Val Max Q-Miss: 0.0345 | Val Max Gen Viol: 0.0116 | Val Max Thermal: 0.0000 [*SAVED BEST*]
Epoch 9390 | Val Loss: 18.5678 | Val Cost: 1546.19 | Val Max P-Miss: 0.0802 | Val Max Q-Miss: 0.0343 | Val Max Gen Viol: 0.0116 | Val Max Thermal: 0.0000
Epoch 9400 | Val Loss: 18.5806 | Val Cost: 1545.96 | Val Max P-Miss: 0.0799 | Val Max Q-Miss: 0.0347 | Val Max Gen Viol: 0.0116 | Val Max Thermal: 0.0000
Epoch 9410 | Val Loss: 18.6057 | Val Cost: 1546.75 | Val Max P-Miss: 0.0799 | Val Max Q-Miss: 0.0366 | Val Max Gen Viol: 0.0116 | Val Max Thermal: 0.0000
Epoch 9420 | Val Loss: 18.7026 | Val Cost: 1546.85 | Val Max P-Miss: 0.0823 | Val Max Q-Miss: 0.0387 | Val Max Gen Viol: 0.0116 | Val Max Thermal: 0.0000
Epoch 9430 | Val Loss: 18.9618 | Val Cost: 1547.15 | Val Max P-Miss: 0.1119 | Val Max Q-Miss: 0.0357 | Val Max Gen Viol: 0.0116 | Val Max Thermal: 0.0000
Epoch 9440 | Val Loss: 18.7132 | Val Cost: 1548.83 | Val Max P-Miss: 0.0850 | Val Max Q-Miss: 0.0408 | Val Max Gen Viol: 0.0116 | Val Max Thermal: 0.0000
Epoch 9450 | Val Loss: 18.5829 | Val Cost: 1547.37 | Val Max P-Miss: 0.0817 | Val Max Q-Miss: 0.0334 | Val Max Gen Viol: 0.0116 | Val Max Thermal: 0.0000
Epoch 9460 | Val Loss: 18.6095 | Val Cost: 1546.79 | Val Max P-Miss: 0.0836 | Val Max Q-Miss: 0.0344 | Val Max Gen Viol: 0.0116 | Val Max Thermal: 0.0000
Epoch 9470 | Val Loss: 18.8055 | Val Cost: 1545.85 | Val Max P-Miss: 0.1030 | Val Max Q-Miss: 0.0333 | Val Max Gen Viol: 0.0116 | Val Max Thermal: 0.0000
Epoch 9480 | Val Loss: 18.6891 | Val Cost: 1547.64 | Val Max P-Miss: 0.0842 | Val Max Q-Miss: 0.0309 | Val Max Gen Viol: 0.0116 | Val Max Thermal: 0.0000
Epoch 9490 | Val Loss: 18.7345 | Val Cost: 1546.46 | Val Max P-Miss: 0.0862 | Val Max Q-Miss: 0.0288 | Val Max Gen Viol: 0.0116 | Val Max Thermal: 0.0000
Epoch 9500 | Val Loss: 18.7546 | Val Cost: 1546.10 | Val Max P-Miss: 0.0848 | Val Max Q-Miss: 0.0300 | Val Max Gen Viol: 0.0116 | Val Max Thermal: 0.0000
Epoch 9510 | Val Loss: 18.7970 | Val Cost: 1548.18 | Val Max P-Miss: 0.0860 | Val Max Q-Miss: 0.0321 | Val Max Gen Viol: 0.0116 | Val Max Thermal: 0.0000
Epoch 9520 | Val Loss: 18.8455 | Val Cost: 1547.96 | Val Max P-Miss: 0.0881 | Val Max Q-Miss: 0.0326 | Val Max Gen Viol: 0.0116 | Val Max Thermal: 0.0000
Epoch 9530 | Val Loss: 18.8980 | Val Cost: 1549.18 | Val Max P-Miss: 0.0900 | Val Max Q-Miss: 0.0340 | Val Max Gen Viol: 0.0116 | Val Max Thermal: 0.0000
Epoch 9540 | Val Loss: 19.1725 | Val Cost: 1554.49 | Val Max P-Miss: 0.1122 | Val Max Q-Miss: 0.0510 | Val Max Gen Viol: 0.0116 | Val Max Thermal: 0.0000
Epoch 9550 | Val Loss: 18.9238 | Val Cost: 1548.05 | Val Max P-Miss: 0.1028 | Val Max Q-Miss: 0.0370 | Val Max Gen Viol: 0.0116 | Val Max Thermal: 0.0000
Epoch 9560 | Val Loss: 18.8707 | Val Cost: 1551.15 | Val Max P-Miss: 0.0863 | Val Max Q-Miss: 0.0314 | Val Max Gen Viol: 0.0116 | Val Max Thermal: 0.0000
Epoch 9570 | Val Loss: 18.7685 | Val Cost: 1549.03 | Val Max P-Miss: 0.0848 | Val Max Q-Miss: 0.0373 | Val Max Gen Viol: 0.0116 | Val Max Thermal: 0.0000
Epoch 9580 | Val Loss: 18.7370 | Val Cost: 1548.56 | Val Max P-Miss: 0.0819 | Val Max Q-Miss: 0.0388 | Val Max Gen Viol: 0.0116 | Val Max Thermal: 0.0000
Epoch 9590 | Val Loss: 18.7050 | Val Cost: 1548.51 | Val Max P-Miss: 0.0814 | Val Max Q-Miss: 0.0391 | Val Max Gen Viol: 0.0116 | Val Max Thermal: 0.0000
Epoch 9600 | Val Loss: 18.6709 | Val Cost: 1548.75 | Val Max P-Miss: 0.0813 | Val Max Q-Miss: 0.0399 | Val Max Gen Viol: 0.0116 | Val Max Thermal: 0.0000
Epoch 9610 | Val Loss: 18.6441 | Val Cost: 1548.99 | Val Max P-Miss: 0.0812 | Val Max Q-Miss: 0.0404 | Val Max Gen Viol: 0.0116 | Val Max Thermal: 0.0000
Epoch 9620 | Val Loss: 18.6204 | Val Cost: 1549.11 | Val Max P-Miss: 0.0807 | Val Max Q-Miss: 0.0400 | Val Max Gen Viol: 0.0116 | Val Max Thermal: 0.0000
Epoch 9630 | Val Loss: 18.6005 | Val Cost: 1549.55 | Val Max P-Miss: 0.0804 | Val Max Q-Miss: 0.0389 | Val Max Gen Viol: 0.0116 | Val Max Thermal: 0.0000
Epoch 9640 | Val Loss: 18.5819 | Val Cost: 1549.83 | Val Max P-Miss: 0.0792 | Val Max Q-Miss: 0.0390 | Val Max Gen Viol: 0.0116 | Val Max Thermal: 0.0000
Epoch 9650 | Val Loss: 18.5734 | Val Cost: 1549.59 | Val Max P-Miss: 0.0788 | Val Max Q-Miss: 0.0371 | Val Max Gen Viol: 0.0116 | Val Max Thermal: 0.0000
Epoch 9660 | Val Loss: 18.5983 | Val Cost: 1546.86 | Val Max P-Miss: 0.0829 | Val Max Q-Miss: 0.0299 | Val Max Gen Viol: 0.0116 | Val Max Thermal: 0.0000
Epoch 9670 | Val Loss: 18.7761 | Val Cost: 1552.67 | Val Max P-Miss: 0.0866 | Val Max Q-Miss: 0.0376 | Val Max Gen Viol: 0.0116 | Val Max Thermal: 0.0000
Epoch 9680 | Val Loss: 18.6842 | Val Cost: 1548.33 | Val Max P-Miss: 0.0876 | Val Max Q-Miss: 0.0298 | Val Max Gen Viol: 0.0116 | Val Max Thermal: 0.0000
Epoch 9690 | Val Loss: 18.6927 | Val Cost: 1548.28 | Val Max P-Miss: 0.0869 | Val Max Q-Miss: 0.0330 | Val Max Gen Viol: 0.0116 | Val Max Thermal: 0.0000
Epoch 9700 | Val Loss: 18.7262 | Val Cost: 1548.34 | Val Max P-Miss: 0.0871 | Val Max Q-Miss: 0.0347 | Val Max Gen Viol: 0.0116 | Val Max Thermal: 0.0000
Epoch 9710 | Val Loss: 18.7524 | Val Cost: 1549.00 | Val Max P-Miss: 0.0863 | Val Max Q-Miss: 0.0349 | Val Max Gen Viol: 0.0116 | Val Max Thermal: 0.0000
Epoch 9720 | Val Loss: 18.6756 | Val Cost: 1542.63 | Val Max P-Miss: 0.0817 | Val Max Q-Miss: 0.0271 | Val Max Gen Viol: 0.0116 | Val Max Thermal: 0.0000
Epoch 9730 | Val Loss: 18.7564 | Val Cost: 1546.88 | Val Max P-Miss: 0.0987 | Val Max Q-Miss: 0.0244 | Val Max Gen Viol: 0.0116 | Val Max Thermal: 0.0000
Epoch 9740 | Val Loss: 18.7111 | Val Cost: 1545.46 | Val Max P-Miss: 0.0902 | Val Max Q-Miss: 0.0334 | Val Max Gen Viol: 0.0116 | Val Max Thermal: 0.0000
Epoch 9750 | Val Loss: 18.9400 | Val Cost: 1552.24 | Val Max P-Miss: 0.0873 | Val Max Q-Miss: 0.0401 | Val Max Gen Viol: 0.0116 | Val Max Thermal: 0.0000
Epoch 9760 | Val Loss: 18.9544 | Val Cost: 1539.81 | Val Max P-Miss: 0.0974 | Val Max Q-Miss: 0.0309 | Val Max Gen Viol: 0.0116 | Val Max Thermal: 0.0000
Epoch 9770 | Val Loss: 18.8292 | Val Cost: 1547.02 | Val Max P-Miss: 0.0940 | Val Max Q-Miss: 0.0340 | Val Max Gen Viol: 0.0116 | Val Max Thermal: 0.0000
Epoch 9780 | Val Loss: 18.6985 | Val Cost: 1546.49 | Val Max P-Miss: 0.0820 | Val Max Q-Miss: 0.0361 | Val Max Gen Viol: 0.0116 | Val Max Thermal: 0.0000
Epoch 9790 | Val Loss: 18.9075 | Val Cost: 1543.18 | Val Max P-Miss: 0.0974 | Val Max Q-Miss: 0.0355 | Val Max Gen Viol: 0.0116 | Val Max Thermal: 0.0000
Epoch 9800 | Val Loss: 18.7116 | Val Cost: 1546.62 | Val Max P-Miss: 0.0867 | Val Max Q-Miss: 0.0323 | Val Max Gen Viol: 0.0116 | Val Max Thermal: 0.0000
Epoch 9810 | Val Loss: 18.6811 | Val Cost: 1546.76 | Val Max P-Miss: 0.0836 | Val Max Q-Miss: 0.0316 | Val Max Gen Viol: 0.0116 | Val Max Thermal: 0.0000
Epoch 9820 | Val Loss: 18.6565 | Val Cost: 1547.45 | Val Max P-Miss: 0.0826 | Val Max Q-Miss: 0.0320 | Val Max Gen Viol: 0.0116 | Val Max Thermal: 0.0000
Epoch 9830 | Val Loss: 18.6529 | Val Cost: 1547.25 | Val Max P-Miss: 0.0835 | Val Max Q-Miss: 0.0322 | Val Max Gen Viol: 0.0116 | Val Max Thermal: 0.0000
Epoch 9840 | Val Loss: 18.6214 | Val Cost: 1547.04 | Val Max P-Miss: 0.0817 | Val Max Q-Miss: 0.0332 | Val Max Gen Viol: 0.0116 | Val Max Thermal: 0.0000
Epoch 9850 | Val Loss: 18.5844 | Val Cost: 1547.93 | Val Max P-Miss: 0.0804 | Val Max Q-Miss: 0.0347 | Val Max Gen Viol: 0.0116 | Val Max Thermal: 0.0000
Epoch 9860 | Val Loss: 18.6299 | Val Cost: 1549.60 | Val Max P-Miss: 0.0956 | Val Max Q-Miss: 0.0257 | Val Max Gen Viol: 0.0116 | Val Max Thermal: 0.0000
Epoch 9870 | Val Loss: 18.5970 | Val Cost: 1546.03 | Val Max P-Miss: 0.0803 | Val Max Q-Miss: 0.0232 | Val Max Gen Viol: 0.0116 | Val Max Thermal: 0.0000
Epoch 9880 | Val Loss: 18.5722 | Val Cost: 1546.46 | Val Max P-Miss: 0.0794 | Val Max Q-Miss: 0.0271 | Val Max Gen Viol: 0.0116 | Val Max Thermal: 0.0000
Epoch 9890 | Val Loss: 18.5935 | Val Cost: 1546.97 | Val Max P-Miss: 0.0808 | Val Max Q-Miss: 0.0285 | Val Max Gen Viol: 0.0116 | Val Max Thermal: 0.0000
Epoch 9900 | Val Loss: 18.5827 | Val Cost: 1546.75 | Val Max P-Miss: 0.0802 | Val Max Q-Miss: 0.0293 | Val Max Gen Viol: 0.0116 | Val Max Thermal: 0.0000
Epoch 9910 | Val Loss: 18.6546 | Val Cost: 1553.88 | Val Max P-Miss: 0.0818 | Val Max Q-Miss: 0.0353 | Val Max Gen Viol: 0.0116 | Val Max Thermal: 0.0000
Epoch 9920 | Val Loss: 18.5799 | Val Cost: 1546.62 | Val Max P-Miss: 0.0807 | Val Max Q-Miss: 0.0297 | Val Max Gen Viol: 0.0116 | Val Max Thermal: 0.0000
Epoch 9930 | Val Loss: 18.5766 | Val Cost: 1547.16 | Val Max P-Miss: 0.0829 | Val Max Q-Miss: 0.0303 | Val Max Gen Viol: 0.0116 | Val Max Thermal: 0.0000
Epoch 9940 | Val Loss: 18.5730 | Val Cost: 1547.25 | Val Max P-Miss: 0.0830 | Val Max Q-Miss: 0.0291 | Val Max Gen Viol: 0.0116 | Val Max Thermal: 0.0000
Epoch 9950 | Val Loss: 18.7996 | Val Cost: 1547.21 | Val Max P-Miss: 0.0867 | Val Max Q-Miss: 0.0375 | Val Max Gen Viol: 0.0116 | Val Max Thermal: 0.0000
Epoch 9960 | Val Loss: 18.6290 | Val Cost: 1548.09 | Val Max P-Miss: 0.0786 | Val Max Q-Miss: 0.0319 | Val Max Gen Viol: 0.0116 | Val Max Thermal: 0.0000
Epoch 9970 | Val Loss: 18.6157 | Val Cost: 1548.36 | Val Max P-Miss: 0.0800 | Val Max Q-Miss: 0.0337 | Val Max Gen Viol: 0.0116 | Val Max Thermal: 0.0000
Epoch 9980 | Val Loss: 18.6298 | Val Cost: 1548.25 | Val Max P-Miss: 0.0823 | Val Max Q-Miss: 0.0333 | Val Max Gen Viol: 0.0116 | Val Max Thermal: 0.0000
Epoch 9990 | Val Loss: 18.6228 | Val Cost: 1549.37 | Val Max P-Miss: 0.0850 | Val Max Q-Miss: 0.0353 | Val Max Gen Viol: 0.0116 | Val Max Thermal: 0.0000

==================================================
Training Complete!
Total Training Time: 00h 38m 07.54s
Best model weights saved to: ./model/best_hardkkt_model_pglib_opf_case14_ieee_10000epochs.pth
==================================================

