Job: acopf_ISS
Executing: ACOPF_Hard_KKT.py
Node: issnode1
GPU Allocated: 0
CUDA Hardware Acceleration Active: NVIDIA GeForce RTX 4090

Beginning execution of parallelized training matrix loops for Hard KKT...
Epoch    0 | Val Loss: 139.3033 | Val Cost: 1636.87 | Val Max P-Miss: 0.8315 | Val Max Q-Miss: 0.5852 | Val Max Gen Viol: 0.0000 | Val Max Thermal: 0.0000 [*SAVED BEST*]
Epoch   10 | Val Loss: 35.1126 | Val Cost: 1176.24 | Val Max P-Miss: 0.3080 | Val Max Q-Miss: 0.1472 | Val Max Gen Viol: 0.0000 | Val Max Thermal: 0.0000 [*SAVED BEST*]
Epoch   20 | Val Loss: 29.3130 | Val Cost: 1184.81 | Val Max P-Miss: 0.2842 | Val Max Q-Miss: 0.0886 | Val Max Gen Viol: 0.0000 | Val Max Thermal: 0.0000 [*SAVED BEST*]
Epoch   30 | Val Loss: 27.5242 | Val Cost: 1271.36 | Val Max P-Miss: 0.2331 | Val Max Q-Miss: 0.1337 | Val Max Gen Viol: 0.0000 | Val Max Thermal: 0.0000 [*SAVED BEST*]
Epoch   40 | Val Loss: 26.6975 | Val Cost: 1278.76 | Val Max P-Miss: 0.2386 | Val Max Q-Miss: 0.1385 | Val Max Gen Viol: 0.0000 | Val Max Thermal: 0.0000 [*SAVED BEST*]
Epoch   50 | Val Loss: 27.3527 | Val Cost: 1331.84 | Val Max P-Miss: 0.3378 | Val Max Q-Miss: 0.0864 | Val Max Gen Viol: 0.0001 | Val Max Thermal: 0.0000
Epoch   60 | Val Loss: 25.5854 | Val Cost: 1423.17 | Val Max P-Miss: 0.3164 | Val Max Q-Miss: 0.0702 | Val Max Gen Viol: 0.0020 | Val Max Thermal: 0.0000 [*SAVED BEST*]
Epoch   70 | Val Loss: 26.3904 | Val Cost: 1471.89 | Val Max P-Miss: 0.3305 | Val Max Q-Miss: 0.0770 | Val Max Gen Viol: 0.0046 | Val Max Thermal: 0.0000
Epoch   80 | Val Loss: 26.9765 | Val Cost: 1494.97 | Val Max P-Miss: 0.3233 | Val Max Q-Miss: 0.0882 | Val Max Gen Viol: 0.0060 | Val Max Thermal: 0.0000
Epoch   90 | Val Loss: 27.9535 | Val Cost: 1504.49 | Val Max P-Miss: 0.3079 | Val Max Q-Miss: 0.0877 | Val Max Gen Viol: 0.0069 | Val Max Thermal: 0.0000
Epoch  100 | Val Loss: 28.6025 | Val Cost: 1399.94 | Val Max P-Miss: 0.2472 | Val Max Q-Miss: 0.1587 | Val Max Gen Viol: 0.0041 | Val Max Thermal: 0.0000
Epoch  110 | Val Loss: 27.0933 | Val Cost: 1358.23 | Val Max P-Miss: 0.2466 | Val Max Q-Miss: 0.1166 | Val Max Gen Viol: 0.0049 | Val Max Thermal: 0.0000
Epoch  120 | Val Loss: 21.8419 | Val Cost: 1469.63 | Val Max P-Miss: 0.1956 | Val Max Q-Miss: 0.0841 | Val Max Gen Viol: 0.0078 | Val Max Thermal: 0.0000 [*SAVED BEST*]
Epoch  130 | Val Loss: 25.8206 | Val Cost: 1437.10 | Val Max P-Miss: 0.1842 | Val Max Q-Miss: 0.1534 | Val Max Gen Viol: 0.0077 | Val Max Thermal: 0.0000
Epoch  140 | Val Loss: 24.9122 | Val Cost: 1501.11 | Val Max P-Miss: 0.1966 | Val Max Q-Miss: 0.0769 | Val Max Gen Viol: 0.0090 | Val Max Thermal: 0.0000
Epoch  150 | Val Loss: 25.5347 | Val Cost: 1521.97 | Val Max P-Miss: 0.2373 | Val Max Q-Miss: 0.1338 | Val Max Gen Viol: 0.0095 | Val Max Thermal: 0.0000
Epoch  160 | Val Loss: 24.1229 | Val Cost: 1537.93 | Val Max P-Miss: 0.1825 | Val Max Q-Miss: 0.1539 | Val Max Gen Viol: 0.0098 | Val Max Thermal: 0.0000
Epoch  170 | Val Loss: 25.8171 | Val Cost: 1536.45 | Val Max P-Miss: 0.1815 | Val Max Q-Miss: 0.1592 | Val Max Gen Viol: 0.0100 | Val Max Thermal: 0.0000
Epoch  180 | Val Loss: 23.2202 | Val Cost: 1483.33 | Val Max P-Miss: 0.1760 | Val Max Q-Miss: 0.0994 | Val Max Gen Viol: 0.0095 | Val Max Thermal: 0.0000
Epoch  190 | Val Loss: 21.1294 | Val Cost: 1542.06 | Val Max P-Miss: 0.1822 | Val Max Q-Miss: 0.0460 | Val Max Gen Viol: 0.0102 | Val Max Thermal: 0.0000 [*SAVED BEST*]
Epoch  200 | Val Loss: 21.1096 | Val Cost: 1562.47 | Val Max P-Miss: 0.1800 | Val Max Q-Miss: 0.0451 | Val Max Gen Viol: 0.0104 | Val Max Thermal: 0.0000 [*SAVED BEST*]
Epoch  210 | Val Loss: 26.5280 | Val Cost: 1527.51 | Val Max P-Miss: 0.2891 | Val Max Q-Miss: 0.1285 | Val Max Gen Viol: 0.0104 | Val Max Thermal: 0.0000
Epoch  220 | Val Loss: 24.2187 | Val Cost: 1562.51 | Val Max P-Miss: 0.2668 | Val Max Q-Miss: 0.0994 | Val Max Gen Viol: 0.0106 | Val Max Thermal: 0.0000
Epoch  230 | Val Loss: 24.1439 | Val Cost: 1570.26 | Val Max P-Miss: 0.2700 | Val Max Q-Miss: 0.0944 | Val Max Gen Viol: 0.0107 | Val Max Thermal: 0.0000
Epoch  240 | Val Loss: 23.8596 | Val Cost: 1573.17 | Val Max P-Miss: 0.2619 | Val Max Q-Miss: 0.0910 | Val Max Gen Viol: 0.0108 | Val Max Thermal: 0.0000
Epoch  250 | Val Loss: 23.5741 | Val Cost: 1574.43 | Val Max P-Miss: 0.2539 | Val Max Q-Miss: 0.0863 | Val Max Gen Viol: 0.0109 | Val Max Thermal: 0.0000
Epoch  260 | Val Loss: 23.4272 | Val Cost: 1570.29 | Val Max P-Miss: 0.2417 | Val Max Q-Miss: 0.0929 | Val Max Gen Viol: 0.0109 | Val Max Thermal: 0.0000
Epoch  270 | Val Loss: 23.3197 | Val Cost: 1553.27 | Val Max P-Miss: 0.1965 | Val Max Q-Miss: 0.1378 | Val Max Gen Viol: 0.0109 | Val Max Thermal: 0.0000
Epoch  280 | Val Loss: 23.4455 | Val Cost: 1492.89 | Val Max P-Miss: 0.1816 | Val Max Q-Miss: 0.0719 | Val Max Gen Viol: 0.0106 | Val Max Thermal: 0.0000
Epoch  290 | Val Loss: 23.0955 | Val Cost: 1543.50 | Val Max P-Miss: 0.1595 | Val Max Q-Miss: 0.1193 | Val Max Gen Viol: 0.0108 | Val Max Thermal: 0.0000
Epoch  300 | Val Loss: 22.9657 | Val Cost: 1484.68 | Val Max P-Miss: 0.2231 | Val Max Q-Miss: 0.0941 | Val Max Gen Viol: 0.0107 | Val Max Thermal: 0.0000
Epoch  310 | Val Loss: 22.0695 | Val Cost: 1536.80 | Val Max P-Miss: 0.1962 | Val Max Q-Miss: 0.0724 | Val Max Gen Viol: 0.0108 | Val Max Thermal: 0.0000
Epoch  320 | Val Loss: 21.5932 | Val Cost: 1576.27 | Val Max P-Miss: 0.1559 | Val Max Q-Miss: 0.0686 | Val Max Gen Viol: 0.0111 | Val Max Thermal: 0.0000
Epoch  330 | Val Loss: 21.0932 | Val Cost: 1576.07 | Val Max P-Miss: 0.1619 | Val Max Q-Miss: 0.0572 | Val Max Gen Viol: 0.0111 | Val Max Thermal: 0.0000 [*SAVED BEST*]
Epoch  340 | Val Loss: 20.5607 | Val Cost: 1588.38 | Val Max P-Miss: 0.1513 | Val Max Q-Miss: 0.0453 | Val Max Gen Viol: 0.0112 | Val Max Thermal: 0.0000 [*SAVED BEST*]
Epoch  350 | Val Loss: 22.0198 | Val Cost: 1573.94 | Val Max P-Miss: 0.1558 | Val Max Q-Miss: 0.0887 | Val Max Gen Viol: 0.0112 | Val Max Thermal: 0.0000
Epoch  360 | Val Loss: 22.0990 | Val Cost: 1554.38 | Val Max P-Miss: 0.1670 | Val Max Q-Miss: 0.0829 | Val Max Gen Viol: 0.0111 | Val Max Thermal: 0.0000
Epoch  370 | Val Loss: 23.0643 | Val Cost: 1593.64 | Val Max P-Miss: 0.2569 | Val Max Q-Miss: 0.0612 | Val Max Gen Viol: 0.0113 | Val Max Thermal: 0.0000
Epoch  380 | Val Loss: 23.4792 | Val Cost: 1601.91 | Val Max P-Miss: 0.2683 | Val Max Q-Miss: 0.0621 | Val Max Gen Viol: 0.0113 | Val Max Thermal: 0.0000
Epoch  390 | Val Loss: 23.9549 | Val Cost: 1603.96 | Val Max P-Miss: 0.2762 | Val Max Q-Miss: 0.0660 | Val Max Gen Viol: 0.0113 | Val Max Thermal: 0.0000
Epoch  400 | Val Loss: 24.3771 | Val Cost: 1594.03 | Val Max P-Miss: 0.2344 | Val Max Q-Miss: 0.0824 | Val Max Gen Viol: 0.0113 | Val Max Thermal: 0.0000
Epoch  410 | Val Loss: 24.3925 | Val Cost: 1569.47 | Val Max P-Miss: 0.2662 | Val Max Q-Miss: 0.0897 | Val Max Gen Viol: 0.0113 | Val Max Thermal: 0.0000
Epoch  420 | Val Loss: 23.5420 | Val Cost: 1595.25 | Val Max P-Miss: 0.2633 | Val Max Q-Miss: 0.0699 | Val Max Gen Viol: 0.0114 | Val Max Thermal: 0.0000
Epoch  430 | Val Loss: 23.1930 | Val Cost: 1597.90 | Val Max P-Miss: 0.2578 | Val Max Q-Miss: 0.0656 | Val Max Gen Viol: 0.0114 | Val Max Thermal: 0.0000
Epoch  440 | Val Loss: 22.6704 | Val Cost: 1598.57 | Val Max P-Miss: 0.2444 | Val Max Q-Miss: 0.0612 | Val Max Gen Viol: 0.0114 | Val Max Thermal: 0.0000
Epoch  450 | Val Loss: 22.4368 | Val Cost: 1599.42 | Val Max P-Miss: 0.2345 | Val Max Q-Miss: 0.0613 | Val Max Gen Viol: 0.0114 | Val Max Thermal: 0.0000
Epoch  460 | Val Loss: 22.2240 | Val Cost: 1596.39 | Val Max P-Miss: 0.2250 | Val Max Q-Miss: 0.0558 | Val Max Gen Viol: 0.0114 | Val Max Thermal: 0.0000
Epoch  470 | Val Loss: 21.8822 | Val Cost: 1589.76 | Val Max P-Miss: 0.2085 | Val Max Q-Miss: 0.0668 | Val Max Gen Viol: 0.0114 | Val Max Thermal: 0.0000
Epoch  480 | Val Loss: 23.6913 | Val Cost: 1589.22 | Val Max P-Miss: 0.2144 | Val Max Q-Miss: 0.0577 | Val Max Gen Viol: 0.0114 | Val Max Thermal: 0.0000
Epoch  490 | Val Loss: 22.0114 | Val Cost: 1518.69 | Val Max P-Miss: 0.1629 | Val Max Q-Miss: 0.0938 | Val Max Gen Viol: 0.0113 | Val Max Thermal: 0.0000
Epoch  500 | Val Loss: 21.8278 | Val Cost: 1544.23 | Val Max P-Miss: 0.1582 | Val Max Q-Miss: 0.1006 | Val Max Gen Viol: 0.0113 | Val Max Thermal: 0.0000
Epoch  510 | Val Loss: 21.7909 | Val Cost: 1608.17 | Val Max P-Miss: 0.2204 | Val Max Q-Miss: 0.0559 | Val Max Gen Viol: 0.0115 | Val Max Thermal: 0.0000
Epoch  520 | Val Loss: 22.1616 | Val Cost: 1606.97 | Val Max P-Miss: 0.2290 | Val Max Q-Miss: 0.0639 | Val Max Gen Viol: 0.0115 | Val Max Thermal: 0.0000
Epoch  530 | Val Loss: 22.3276 | Val Cost: 1605.33 | Val Max P-Miss: 0.2295 | Val Max Q-Miss: 0.0685 | Val Max Gen Viol: 0.0115 | Val Max Thermal: 0.0000
Epoch  540 | Val Loss: 22.4819 | Val Cost: 1604.90 | Val Max P-Miss: 0.2338 | Val Max Q-Miss: 0.0750 | Val Max Gen Viol: 0.0115 | Val Max Thermal: 0.0000
Epoch  550 | Val Loss: 26.0101 | Val Cost: 1585.76 | Val Max P-Miss: 0.2938 | Val Max Q-Miss: 0.0784 | Val Max Gen Viol: 0.0115 | Val Max Thermal: 0.0000
Epoch  560 | Val Loss: 25.1811 | Val Cost: 1560.95 | Val Max P-Miss: 0.2903 | Val Max Q-Miss: 0.0376 | Val Max Gen Viol: 0.0115 | Val Max Thermal: 0.0000
Epoch  570 | Val Loss: 22.3088 | Val Cost: 1592.17 | Val Max P-Miss: 0.2326 | Val Max Q-Miss: 0.0638 | Val Max Gen Viol: 0.0115 | Val Max Thermal: 0.0000
Epoch  580 | Val Loss: 22.0384 | Val Cost: 1589.51 | Val Max P-Miss: 0.2239 | Val Max Q-Miss: 0.0594 | Val Max Gen Viol: 0.0115 | Val Max Thermal: 0.0000
Epoch  590 | Val Loss: 21.8465 | Val Cost: 1591.07 | Val Max P-Miss: 0.2263 | Val Max Q-Miss: 0.0414 | Val Max Gen Viol: 0.0115 | Val Max Thermal: 0.0000
Epoch  600 | Val Loss: 21.6674 | Val Cost: 1592.67 | Val Max P-Miss: 0.2289 | Val Max Q-Miss: 0.0323 | Val Max Gen Viol: 0.0115 | Val Max Thermal: 0.0000
Epoch  610 | Val Loss: 21.5125 | Val Cost: 1590.32 | Val Max P-Miss: 0.2278 | Val Max Q-Miss: 0.0325 | Val Max Gen Viol: 0.0116 | Val Max Thermal: 0.0000
Epoch  620 | Val Loss: 22.2512 | Val Cost: 1484.44 | Val Max P-Miss: 0.1450 | Val Max Q-Miss: 0.0913 | Val Max Gen Viol: 0.0115 | Val Max Thermal: 0.0000
Epoch  630 | Val Loss: 21.8718 | Val Cost: 1526.62 | Val Max P-Miss: 0.1509 | Val Max Q-Miss: 0.0861 | Val Max Gen Viol: 0.0115 | Val Max Thermal: 0.0000
Epoch  640 | Val Loss: 21.2346 | Val Cost: 1572.83 | Val Max P-Miss: 0.1704 | Val Max Q-Miss: 0.0611 | Val Max Gen Viol: 0.0115 | Val Max Thermal: 0.0000
Epoch  650 | Val Loss: 21.3891 | Val Cost: 1591.78 | Val Max P-Miss: 0.1815 | Val Max Q-Miss: 0.0611 | Val Max Gen Viol: 0.0116 | Val Max Thermal: 0.0000
Epoch  660 | Val Loss: 21.6135 | Val Cost: 1588.65 | Val Max P-Miss: 0.1837 | Val Max Q-Miss: 0.0657 | Val Max Gen Viol: 0.0116 | Val Max Thermal: 0.0000
Epoch  670 | Val Loss: 21.6931 | Val Cost: 1592.89 | Val Max P-Miss: 0.1619 | Val Max Q-Miss: 0.0517 | Val Max Gen Viol: 0.0116 | Val Max Thermal: 0.0000
Epoch  680 | Val Loss: 22.1160 | Val Cost: 1563.34 | Val Max P-Miss: 0.2310 | Val Max Q-Miss: 0.0831 | Val Max Gen Viol: 0.0116 | Val Max Thermal: 0.0000
Epoch  690 | Val Loss: 21.0290 | Val Cost: 1565.41 | Val Max P-Miss: 0.1940 | Val Max Q-Miss: 0.0590 | Val Max Gen Viol: 0.0116 | Val Max Thermal: 0.0000
Epoch  700 | Val Loss: 21.3919 | Val Cost: 1487.68 | Val Max P-Miss: 0.1622 | Val Max Q-Miss: 0.0914 | Val Max Gen Viol: 0.0115 | Val Max Thermal: 0.0000
Epoch  710 | Val Loss: 23.7140 | Val Cost: 1569.85 | Val Max P-Miss: 0.1924 | Val Max Q-Miss: 0.0649 | Val Max Gen Viol: 0.0116 | Val Max Thermal: 0.0000
Epoch  720 | Val Loss: 21.1895 | Val Cost: 1589.70 | Val Max P-Miss: 0.1941 | Val Max Q-Miss: 0.0472 | Val Max Gen Viol: 0.0116 | Val Max Thermal: 0.0000
Epoch  730 | Val Loss: 21.5952 | Val Cost: 1582.86 | Val Max P-Miss: 0.2025 | Val Max Q-Miss: 0.0686 | Val Max Gen Viol: 0.0116 | Val Max Thermal: 0.0000
Epoch  740 | Val Loss: 21.3816 | Val Cost: 1586.47 | Val Max P-Miss: 0.1948 | Val Max Q-Miss: 0.0635 | Val Max Gen Viol: 0.0116 | Val Max Thermal: 0.0000
Epoch  750 | Val Loss: 20.9405 | Val Cost: 1587.37 | Val Max P-Miss: 0.1815 | Val Max Q-Miss: 0.0565 | Val Max Gen Viol: 0.0116 | Val Max Thermal: 0.0000
Epoch  760 | Val Loss: 20.7069 | Val Cost: 1589.65 | Val Max P-Miss: 0.1780 | Val Max Q-Miss: 0.0534 | Val Max Gen Viol: 0.0116 | Val Max Thermal: 0.0000
Epoch  770 | Val Loss: 20.5131 | Val Cost: 1590.28 | Val Max P-Miss: 0.1763 | Val Max Q-Miss: 0.0423 | Val Max Gen Viol: 0.0116 | Val Max Thermal: 0.0000 [*SAVED BEST*]
Epoch  780 | Val Loss: 20.4890 | Val Cost: 1589.00 | Val Max P-Miss: 0.1810 | Val Max Q-Miss: 0.0437 | Val Max Gen Viol: 0.0116 | Val Max Thermal: 0.0000 [*SAVED BEST*]
Epoch  790 | Val Loss: 20.5810 | Val Cost: 1577.14 | Val Max P-Miss: 0.1698 | Val Max Q-Miss: 0.0528 | Val Max Gen Viol: 0.0116 | Val Max Thermal: 0.0000
Epoch  800 | Val Loss: 20.3753 | Val Cost: 1574.71 | Val Max P-Miss: 0.1197 | Val Max Q-Miss: 0.0408 | Val Max Gen Viol: 0.0116 | Val Max Thermal: 0.0000 [*SAVED BEST*]
Epoch  810 | Val Loss: 20.1883 | Val Cost: 1546.52 | Val Max P-Miss: 0.1280 | Val Max Q-Miss: 0.0672 | Val Max Gen Viol: 0.0116 | Val Max Thermal: 0.0000 [*SAVED BEST*]
Epoch  820 | Val Loss: 20.0385 | Val Cost: 1566.13 | Val Max P-Miss: 0.1210 | Val Max Q-Miss: 0.0455 | Val Max Gen Viol: 0.0116 | Val Max Thermal: 0.0000 [*SAVED BEST*]
Epoch  830 | Val Loss: 20.1303 | Val Cost: 1592.42 | Val Max P-Miss: 0.1335 | Val Max Q-Miss: 0.0310 | Val Max Gen Viol: 0.0116 | Val Max Thermal: 0.0000
Epoch  840 | Val Loss: 20.3134 | Val Cost: 1596.91 | Val Max P-Miss: 0.1086 | Val Max Q-Miss: 0.0826 | Val Max Gen Viol: 0.0116 | Val Max Thermal: 0.0000
Epoch  850 | Val Loss: 21.0807 | Val Cost: 1589.29 | Val Max P-Miss: 0.2014 | Val Max Q-Miss: 0.0562 | Val Max Gen Viol: 0.0116 | Val Max Thermal: 0.0000
Epoch  860 | Val Loss: 20.8625 | Val Cost: 1582.96 | Val Max P-Miss: 0.1973 | Val Max Q-Miss: 0.0463 | Val Max Gen Viol: 0.0116 | Val Max Thermal: 0.0000
Epoch  870 | Val Loss: 20.9570 | Val Cost: 1581.44 | Val Max P-Miss: 0.1997 | Val Max Q-Miss: 0.0512 | Val Max Gen Viol: 0.0116 | Val Max Thermal: 0.0000
Epoch  880 | Val Loss: 21.0330 | Val Cost: 1582.37 | Val Max P-Miss: 0.2027 | Val Max Q-Miss: 0.0530 | Val Max Gen Viol: 0.0116 | Val Max Thermal: 0.0000
Epoch  890 | Val Loss: 21.2042 | Val Cost: 1583.83 | Val Max P-Miss: 0.2145 | Val Max Q-Miss: 0.0508 | Val Max Gen Viol: 0.0116 | Val Max Thermal: 0.0000
Epoch  900 | Val Loss: 21.4409 | Val Cost: 1582.53 | Val Max P-Miss: 0.2182 | Val Max Q-Miss: 0.0567 | Val Max Gen Viol: 0.0116 | Val Max Thermal: 0.0000
Epoch  910 | Val Loss: 26.7529 | Val Cost: 1530.75 | Val Max P-Miss: 0.2414 | Val Max Q-Miss: 0.2100 | Val Max Gen Viol: 0.0116 | Val Max Thermal: 0.0000
Epoch  920 | Val Loss: 21.2548 | Val Cost: 1509.70 | Val Max P-Miss: 0.1520 | Val Max Q-Miss: 0.0713 | Val Max Gen Viol: 0.0116 | Val Max Thermal: 0.0000
Epoch  930 | Val Loss: 21.1767 | Val Cost: 1576.68 | Val Max P-Miss: 0.1933 | Val Max Q-Miss: 0.0682 | Val Max Gen Viol: 0.0116 | Val Max Thermal: 0.0000
Epoch  940 | Val Loss: 22.4158 | Val Cost: 1591.95 | Val Max P-Miss: 0.2211 | Val Max Q-Miss: 0.1046 | Val Max Gen Viol: 0.0116 | Val Max Thermal: 0.0000
Epoch  950 | Val Loss: 21.4673 | Val Cost: 1532.47 | Val Max P-Miss: 0.1972 | Val Max Q-Miss: 0.0569 | Val Max Gen Viol: 0.0116 | Val Max Thermal: 0.0000
Epoch  960 | Val Loss: 21.6979 | Val Cost: 1581.34 | Val Max P-Miss: 0.2112 | Val Max Q-Miss: 0.0691 | Val Max Gen Viol: 0.0116 | Val Max Thermal: 0.0000
Epoch  970 | Val Loss: 22.1283 | Val Cost: 1582.82 | Val Max P-Miss: 0.2235 | Val Max Q-Miss: 0.0788 | Val Max Gen Viol: 0.0116 | Val Max Thermal: 0.0000
Epoch  980 | Val Loss: 24.4386 | Val Cost: 1554.11 | Val Max P-Miss: 0.2338 | Val Max Q-Miss: 0.1339 | Val Max Gen Viol: 0.0116 | Val Max Thermal: 0.0000
Epoch  990 | Val Loss: 23.3020 | Val Cost: 1551.69 | Val Max P-Miss: 0.2341 | Val Max Q-Miss: 0.1008 | Val Max Gen Viol: 0.0116 | Val Max Thermal: 0.0000
Epoch 1000 | Val Loss: 22.7959 | Val Cost: 1563.69 | Val Max P-Miss: 0.2386 | Val Max Q-Miss: 0.0921 | Val Max Gen Viol: 0.0116 | Val Max Thermal: 0.0000
Epoch 1010 | Val Loss: 22.0788 | Val Cost: 1569.84 | Val Max P-Miss: 0.2087 | Val Max Q-Miss: 0.1017 | Val Max Gen Viol: 0.0116 | Val Max Thermal: 0.0000
Epoch 1020 | Val Loss: 23.6705 | Val Cost: 1543.13 | Val Max P-Miss: 0.2057 | Val Max Q-Miss: 0.1561 | Val Max Gen Viol: 0.0116 | Val Max Thermal: 0.0000
Epoch 1030 | Val Loss: 21.9462 | Val Cost: 1562.43 | Val Max P-Miss: 0.2050 | Val Max Q-Miss: 0.0872 | Val Max Gen Viol: 0.0116 | Val Max Thermal: 0.0000
Epoch 1040 | Val Loss: 21.6289 | Val Cost: 1584.85 | Val Max P-Miss: 0.2054 | Val Max Q-Miss: 0.0804 | Val Max Gen Viol: 0.0116 | Val Max Thermal: 0.0000
Epoch 1050 | Val Loss: 21.3839 | Val Cost: 1583.97 | Val Max P-Miss: 0.1963 | Val Max Q-Miss: 0.0745 | Val Max Gen Viol: 0.0116 | Val Max Thermal: 0.0000
Epoch 1060 | Val Loss: 21.0412 | Val Cost: 1582.48 | Val Max P-Miss: 0.1864 | Val Max Q-Miss: 0.0671 | Val Max Gen Viol: 0.0116 | Val Max Thermal: 0.0000
Epoch 1070 | Val Loss: 20.8435 | Val Cost: 1581.97 | Val Max P-Miss: 0.1840 | Val Max Q-Miss: 0.0603 | Val Max Gen Viol: 0.0116 | Val Max Thermal: 0.0000
Epoch 1080 | Val Loss: 20.6731 | Val Cost: 1580.18 | Val Max P-Miss: 0.1892 | Val Max Q-Miss: 0.0477 | Val Max Gen Viol: 0.0116 | Val Max Thermal: 0.0000
Epoch 1090 | Val Loss: 20.5101 | Val Cost: 1576.29 | Val Max P-Miss: 0.1822 | Val Max Q-Miss: 0.0473 | Val Max Gen Viol: 0.0116 | Val Max Thermal: 0.0000
Epoch 1100 | Val Loss: 20.2832 | Val Cost: 1571.21 | Val Max P-Miss: 0.1699 | Val Max Q-Miss: 0.0473 | Val Max Gen Viol: 0.0116 | Val Max Thermal: 0.0000
Epoch 1110 | Val Loss: 20.1820 | Val Cost: 1556.16 | Val Max P-Miss: 0.1361 | Val Max Q-Miss: 0.0487 | Val Max Gen Viol: 0.0116 | Val Max Thermal: 0.0000
Epoch 1120 | Val Loss: 19.1955 | Val Cost: 1572.05 | Val Max P-Miss: 0.1048 | Val Max Q-Miss: 0.0322 | Val Max Gen Viol: 0.0116 | Val Max Thermal: 0.0000 [*SAVED BEST*]
Epoch 1130 | Val Loss: 20.1889 | Val Cost: 1522.66 | Val Max P-Miss: 0.1288 | Val Max Q-Miss: 0.0582 | Val Max Gen Viol: 0.0116 | Val Max Thermal: 0.0000
Epoch 1140 | Val Loss: 19.9840 | Val Cost: 1551.77 | Val Max P-Miss: 0.1161 | Val Max Q-Miss: 0.0498 | Val Max Gen Viol: 0.0116 | Val Max Thermal: 0.0000
Epoch 1150 | Val Loss: 20.3768 | Val Cost: 1560.88 | Val Max P-Miss: 0.1198 | Val Max Q-Miss: 0.0520 | Val Max Gen Viol: 0.0116 | Val Max Thermal: 0.0000
Epoch 1160 | Val Loss: 20.5132 | Val Cost: 1566.78 | Val Max P-Miss: 0.1234 | Val Max Q-Miss: 0.0608 | Val Max Gen Viol: 0.0116 | Val Max Thermal: 0.0000
Epoch 1170 | Val Loss: 20.7881 | Val Cost: 1563.82 | Val Max P-Miss: 0.1313 | Val Max Q-Miss: 0.0615 | Val Max Gen Viol: 0.0116 | Val Max Thermal: 0.0000
Epoch 1180 | Val Loss: 19.9844 | Val Cost: 1528.39 | Val Max P-Miss: 0.1113 | Val Max Q-Miss: 0.0796 | Val Max Gen Viol: 0.0116 | Val Max Thermal: 0.0000
Epoch 1190 | Val Loss: 20.0153 | Val Cost: 1552.90 | Val Max P-Miss: 0.1474 | Val Max Q-Miss: 0.0453 | Val Max Gen Viol: 0.0116 | Val Max Thermal: 0.0000
Epoch 1200 | Val Loss: 20.3642 | Val Cost: 1576.72 | Val Max P-Miss: 0.1725 | Val Max Q-Miss: 0.0399 | Val Max Gen Viol: 0.0116 | Val Max Thermal: 0.0000
Epoch 1210 | Val Loss: 20.7763 | Val Cost: 1579.40 | Val Max P-Miss: 0.1875 | Val Max Q-Miss: 0.0492 | Val Max Gen Viol: 0.0116 | Val Max Thermal: 0.0000
Epoch 1220 | Val Loss: 20.8241 | Val Cost: 1580.41 | Val Max P-Miss: 0.1863 | Val Max Q-Miss: 0.0513 | Val Max Gen Viol: 0.0116 | Val Max Thermal: 0.0000
Epoch 1230 | Val Loss: 20.9823 | Val Cost: 1580.70 | Val Max P-Miss: 0.1874 | Val Max Q-Miss: 0.0570 | Val Max Gen Viol: 0.0116 | Val Max Thermal: 0.0000
Epoch 1240 | Val Loss: 21.1215 | Val Cost: 1579.00 | Val Max P-Miss: 0.1805 | Val Max Q-Miss: 0.0605 | Val Max Gen Viol: 0.0116 | Val Max Thermal: 0.0000
Epoch 1250 | Val Loss: 21.3000 | Val Cost: 1578.32 | Val Max P-Miss: 0.1883 | Val Max Q-Miss: 0.0660 | Val Max Gen Viol: 0.0116 | Val Max Thermal: 0.0000
Epoch 1260 | Val Loss: 21.7003 | Val Cost: 1580.27 | Val Max P-Miss: 0.2062 | Val Max Q-Miss: 0.0740 | Val Max Gen Viol: 0.0116 | Val Max Thermal: 0.0000
Epoch 1270 | Val Loss: 21.9800 | Val Cost: 1580.86 | Val Max P-Miss: 0.2183 | Val Max Q-Miss: 0.0832 | Val Max Gen Viol: 0.0116 | Val Max Thermal: 0.0000
Epoch 1280 | Val Loss: 22.2742 | Val Cost: 1579.77 | Val Max P-Miss: 0.2201 | Val Max Q-Miss: 0.0929 | Val Max Gen Viol: 0.0116 | Val Max Thermal: 0.0000
Epoch 1290 | Val Loss: 24.1199 | Val Cost: 1537.21 | Val Max P-Miss: 0.1656 | Val Max Q-Miss: 0.1461 | Val Max Gen Viol: 0.0116 | Val Max Thermal: 0.0000
Epoch 1300 | Val Loss: 22.6539 | Val Cost: 1567.99 | Val Max P-Miss: 0.2132 | Val Max Q-Miss: 0.0852 | Val Max Gen Viol: 0.0116 | Val Max Thermal: 0.0000
Epoch 1310 | Val Loss: 22.1672 | Val Cost: 1564.26 | Val Max P-Miss: 0.2046 | Val Max Q-Miss: 0.0813 | Val Max Gen Viol: 0.0116 | Val Max Thermal: 0.0000
Epoch 1320 | Val Loss: 21.8520 | Val Cost: 1564.91 | Val Max P-Miss: 0.2015 | Val Max Q-Miss: 0.0723 | Val Max Gen Viol: 0.0116 | Val Max Thermal: 0.0000
Epoch 1330 | Val Loss: 21.5661 | Val Cost: 1565.52 | Val Max P-Miss: 0.1952 | Val Max Q-Miss: 0.0628 | Val Max Gen Viol: 0.0116 | Val Max Thermal: 0.0000
Epoch 1340 | Val Loss: 21.2407 | Val Cost: 1566.16 | Val Max P-Miss: 0.1936 | Val Max Q-Miss: 0.0582 | Val Max Gen Viol: 0.0116 | Val Max Thermal: 0.0000
Epoch 1350 | Val Loss: 21.0323 | Val Cost: 1566.19 | Val Max P-Miss: 0.1890 | Val Max Q-Miss: 0.0550 | Val Max Gen Viol: 0.0116 | Val Max Thermal: 0.0000
Epoch 1360 | Val Loss: 20.7535 | Val Cost: 1569.08 | Val Max P-Miss: 0.1831 | Val Max Q-Miss: 0.0527 | Val Max Gen Viol: 0.0116 | Val Max Thermal: 0.0000
Epoch 1370 | Val Loss: 20.3409 | Val Cost: 1564.35 | Val Max P-Miss: 0.1775 | Val Max Q-Miss: 0.0509 | Val Max Gen Viol: 0.0116 | Val Max Thermal: 0.0000
Epoch 1380 | Val Loss: 20.1952 | Val Cost: 1560.97 | Val Max P-Miss: 0.1714 | Val Max Q-Miss: 0.0448 | Val Max Gen Viol: 0.0116 | Val Max Thermal: 0.0000
Epoch 1390 | Val Loss: 20.4058 | Val Cost: 1550.21 | Val Max P-Miss: 0.1612 | Val Max Q-Miss: 0.0468 | Val Max Gen Viol: 0.0116 | Val Max Thermal: 0.0000
Epoch 1400 | Val Loss: 23.0262 | Val Cost: 1556.31 | Val Max P-Miss: 0.2012 | Val Max Q-Miss: 0.1295 | Val Max Gen Viol: 0.0116 | Val Max Thermal: 0.0000
Epoch 1410 | Val Loss: 19.9641 | Val Cost: 1492.33 | Val Max P-Miss: 0.1138 | Val Max Q-Miss: 0.0790 | Val Max Gen Viol: 0.0116 | Val Max Thermal: 0.0000
Epoch 1420 | Val Loss: 20.7673 | Val Cost: 1575.89 | Val Max P-Miss: 0.1140 | Val Max Q-Miss: 0.0906 | Val Max Gen Viol: 0.0116 | Val Max Thermal: 0.0000
Epoch 1430 | Val Loss: 20.6171 | Val Cost: 1519.83 | Val Max P-Miss: 0.1679 | Val Max Q-Miss: 0.0481 | Val Max Gen Viol: 0.0116 | Val Max Thermal: 0.0000
Epoch 1440 | Val Loss: 19.9478 | Val Cost: 1558.17 | Val Max P-Miss: 0.1480 | Val Max Q-Miss: 0.0420 | Val Max Gen Viol: 0.0116 | Val Max Thermal: 0.0000
Epoch 1450 | Val Loss: 19.7980 | Val Cost: 1572.51 | Val Max P-Miss: 0.1341 | Val Max Q-Miss: 0.0462 | Val Max Gen Viol: 0.0116 | Val Max Thermal: 0.0000
Epoch 1460 | Val Loss: 19.8548 | Val Cost: 1571.58 | Val Max P-Miss: 0.1289 | Val Max Q-Miss: 0.0455 | Val Max Gen Viol: 0.0116 | Val Max Thermal: 0.0000
Epoch 1470 | Val Loss: 19.6400 | Val Cost: 1571.16 | Val Max P-Miss: 0.1219 | Val Max Q-Miss: 0.0419 | Val Max Gen Viol: 0.0116 | Val Max Thermal: 0.0000
Epoch 1480 | Val Loss: 19.5121 | Val Cost: 1570.27 | Val Max P-Miss: 0.1172 | Val Max Q-Miss: 0.0376 | Val Max Gen Viol: 0.0116 | Val Max Thermal: 0.0000
Epoch 1490 | Val Loss: 19.4255 | Val Cost: 1568.20 | Val Max P-Miss: 0.1124 | Val Max Q-Miss: 0.0357 | Val Max Gen Viol: 0.0116 | Val Max Thermal: 0.0000
Epoch 1500 | Val Loss: 19.4144 | Val Cost: 1567.45 | Val Max P-Miss: 0.1125 | Val Max Q-Miss: 0.0437 | Val Max Gen Viol: 0.0116 | Val Max Thermal: 0.0000
Epoch 1510 | Val Loss: 19.7401 | Val Cost: 1560.96 | Val Max P-Miss: 0.0972 | Val Max Q-Miss: 0.0600 | Val Max Gen Viol: 0.0116 | Val Max Thermal: 0.0000
Epoch 1520 | Val Loss: 20.6750 | Val Cost: 1549.69 | Val Max P-Miss: 0.1360 | Val Max Q-Miss: 0.0518 | Val Max Gen Viol: 0.0116 | Val Max Thermal: 0.0000
Epoch 1530 | Val Loss: 20.1378 | Val Cost: 1573.54 | Val Max P-Miss: 0.1286 | Val Max Q-Miss: 0.0641 | Val Max Gen Viol: 0.0116 | Val Max Thermal: 0.0000
Epoch 1540 | Val Loss: 19.8742 | Val Cost: 1572.62 | Val Max P-Miss: 0.1208 | Val Max Q-Miss: 0.0567 | Val Max Gen Viol: 0.0116 | Val Max Thermal: 0.0000
Epoch 1550 | Val Loss: 19.6613 | Val Cost: 1571.27 | Val Max P-Miss: 0.1122 | Val Max Q-Miss: 0.0506 | Val Max Gen Viol: 0.0116 | Val Max Thermal: 0.0000
Epoch 1560 | Val Loss: 19.5196 | Val Cost: 1569.27 | Val Max P-Miss: 0.1030 | Val Max Q-Miss: 0.0446 | Val Max Gen Viol: 0.0116 | Val Max Thermal: 0.0000
Epoch 1570 | Val Loss: 19.2462 | Val Cost: 1547.72 | Val Max P-Miss: 0.1094 | Val Max Q-Miss: 0.0353 | Val Max Gen Viol: 0.0116 | Val Max Thermal: 0.0000
Epoch 1580 | Val Loss: 20.1741 | Val Cost: 1515.76 | Val Max P-Miss: 0.1442 | Val Max Q-Miss: 0.0370 | Val Max Gen Viol: 0.0116 | Val Max Thermal: 0.0000
Epoch 1590 | Val Loss: 19.9942 | Val Cost: 1543.62 | Val Max P-Miss: 0.1239 | Val Max Q-Miss: 0.0540 | Val Max Gen Viol: 0.0116 | Val Max Thermal: 0.0000
Epoch 1600 | Val Loss: 19.9270 | Val Cost: 1559.04 | Val Max P-Miss: 0.1221 | Val Max Q-Miss: 0.0505 | Val Max Gen Viol: 0.0116 | Val Max Thermal: 0.0000
Epoch 1610 | Val Loss: 19.9018 | Val Cost: 1565.48 | Val Max P-Miss: 0.1211 | Val Max Q-Miss: 0.0496 | Val Max Gen Viol: 0.0116 | Val Max Thermal: 0.0000
Epoch 1620 | Val Loss: 19.8692 | Val Cost: 1570.21 | Val Max P-Miss: 0.1172 | Val Max Q-Miss: 0.0509 | Val Max Gen Viol: 0.0116 | Val Max Thermal: 0.0000
Epoch 1630 | Val Loss: 19.6724 | Val Cost: 1564.31 | Val Max P-Miss: 0.1488 | Val Max Q-Miss: 0.0328 | Val Max Gen Viol: 0.0116 | Val Max Thermal: 0.0000
Epoch 1640 | Val Loss: 20.1479 | Val Cost: 1558.17 | Val Max P-Miss: 0.1231 | Val Max Q-Miss: 0.0540 | Val Max Gen Viol: 0.0116 | Val Max Thermal: 0.0000
Epoch 1650 | Val Loss: 20.4254 | Val Cost: 1557.07 | Val Max P-Miss: 0.1298 | Val Max Q-Miss: 0.0531 | Val Max Gen Viol: 0.0116 | Val Max Thermal: 0.0000
Epoch 1660 | Val Loss: 19.7777 | Val Cost: 1568.69 | Val Max P-Miss: 0.1466 | Val Max Q-Miss: 0.0354 | Val Max Gen Viol: 0.0116 | Val Max Thermal: 0.0000
Epoch 1670 | Val Loss: 19.5886 | Val Cost: 1569.30 | Val Max P-Miss: 0.1305 | Val Max Q-Miss: 0.0323 | Val Max Gen Viol: 0.0116 | Val Max Thermal: 0.0000
Epoch 1680 | Val Loss: 19.5262 | Val Cost: 1568.13 | Val Max P-Miss: 0.1271 | Val Max Q-Miss: 0.0307 | Val Max Gen Viol: 0.0116 | Val Max Thermal: 0.0000
Epoch 1690 | Val Loss: 19.4433 | Val Cost: 1565.55 | Val Max P-Miss: 0.1175 | Val Max Q-Miss: 0.0324 | Val Max Gen Viol: 0.0116 | Val Max Thermal: 0.0000
Epoch 1700 | Val Loss: 19.8091 | Val Cost: 1524.11 | Val Max P-Miss: 0.1049 | Val Max Q-Miss: 0.0985 | Val Max Gen Viol: 0.0116 | Val Max Thermal: 0.0000
Epoch 1710 | Val Loss: 20.5313 | Val Cost: 1578.57 | Val Max P-Miss: 0.1181 | Val Max Q-Miss: 0.0916 | Val Max Gen Viol: 0.0116 | Val Max Thermal: 0.0000
Epoch 1720 | Val Loss: 20.0013 | Val Cost: 1566.91 | Val Max P-Miss: 0.1125 | Val Max Q-Miss: 0.0586 | Val Max Gen Viol: 0.0116 | Val Max Thermal: 0.0000
Epoch 1730 | Val Loss: 19.7414 | Val Cost: 1570.50 | Val Max P-Miss: 0.1101 | Val Max Q-Miss: 0.0480 | Val Max Gen Viol: 0.0116 | Val Max Thermal: 0.0000
Epoch 1740 | Val Loss: 19.6076 | Val Cost: 1569.52 | Val Max P-Miss: 0.1048 | Val Max Q-Miss: 0.0418 | Val Max Gen Viol: 0.0116 | Val Max Thermal: 0.0000
Epoch 1750 | Val Loss: 19.5292 | Val Cost: 1566.70 | Val Max P-Miss: 0.0976 | Val Max Q-Miss: 0.0403 | Val Max Gen Viol: 0.0116 | Val Max Thermal: 0.0000
Epoch 1760 | Val Loss: 20.0673 | Val Cost: 1553.76 | Val Max P-Miss: 0.1179 | Val Max Q-Miss: 0.0518 | Val Max Gen Viol: 0.0116 | Val Max Thermal: 0.0000
Epoch 1770 | Val Loss: 19.8610 | Val Cost: 1557.89 | Val Max P-Miss: 0.1101 | Val Max Q-Miss: 0.0505 | Val Max Gen Viol: 0.0116 | Val Max Thermal: 0.0000
Epoch 1780 | Val Loss: 19.6351 | Val Cost: 1555.76 | Val Max P-Miss: 0.1105 | Val Max Q-Miss: 0.0437 | Val Max Gen Viol: 0.0116 | Val Max Thermal: 0.0000
Epoch 1790 | Val Loss: 19.4469 | Val Cost: 1558.79 | Val Max P-Miss: 0.1054 | Val Max Q-Miss: 0.0377 | Val Max Gen Viol: 0.0116 | Val Max Thermal: 0.0000
Epoch 1800 | Val Loss: 20.7187 | Val Cost: 1557.44 | Val Max P-Miss: 0.1781 | Val Max Q-Miss: 0.0597 | Val Max Gen Viol: 0.0116 | Val Max Thermal: 0.0000
Epoch 1810 | Val Loss: 19.4282 | Val Cost: 1566.58 | Val Max P-Miss: 0.1386 | Val Max Q-Miss: 0.0313 | Val Max Gen Viol: 0.0116 | Val Max Thermal: 0.0000
Epoch 1820 | Val Loss: 19.5324 | Val Cost: 1568.38 | Val Max P-Miss: 0.1429 | Val Max Q-Miss: 0.0375 | Val Max Gen Viol: 0.0116 | Val Max Thermal: 0.0000
Epoch 1830 | Val Loss: 19.7564 | Val Cost: 1570.24 | Val Max P-Miss: 0.1555 | Val Max Q-Miss: 0.0437 | Val Max Gen Viol: 0.0116 | Val Max Thermal: 0.0000
Epoch 1840 | Val Loss: 19.8895 | Val Cost: 1570.19 | Val Max P-Miss: 0.1607 | Val Max Q-Miss: 0.0496 | Val Max Gen Viol: 0.0116 | Val Max Thermal: 0.0000
Epoch 1850 | Val Loss: 20.2330 | Val Cost: 1570.70 | Val Max P-Miss: 0.1733 | Val Max Q-Miss: 0.0565 | Val Max Gen Viol: 0.0116 | Val Max Thermal: 0.0000
Epoch 1860 | Val Loss: 20.5048 | Val Cost: 1571.24 | Val Max P-Miss: 0.1812 | Val Max Q-Miss: 0.0626 | Val Max Gen Viol: 0.0116 | Val Max Thermal: 0.0000
Epoch 1870 | Val Loss: 20.6385 | Val Cost: 1570.91 | Val Max P-Miss: 0.1831 | Val Max Q-Miss: 0.0682 | Val Max Gen Viol: 0.0116 | Val Max Thermal: 0.0000
Epoch 1880 | Val Loss: 21.0203 | Val Cost: 1569.44 | Val Max P-Miss: 0.1953 | Val Max Q-Miss: 0.0752 | Val Max Gen Viol: 0.0116 | Val Max Thermal: 0.0000
Epoch 1890 | Val Loss: 19.9627 | Val Cost: 1556.67 | Val Max P-Miss: 0.1666 | Val Max Q-Miss: 0.0349 | Val Max Gen Viol: 0.0116 | Val Max Thermal: 0.0000
Epoch 1900 | Val Loss: 23.0215 | Val Cost: 1543.14 | Val Max P-Miss: 0.2102 | Val Max Q-Miss: 0.0947 | Val Max Gen Viol: 0.0116 | Val Max Thermal: 0.0000
Epoch 1910 | Val Loss: 21.1214 | Val Cost: 1543.95 | Val Max P-Miss: 0.1837 | Val Max Q-Miss: 0.0716 | Val Max Gen Viol: 0.0116 | Val Max Thermal: 0.0000
Epoch 1920 | Val Loss: 20.6896 | Val Cost: 1558.45 | Val Max P-Miss: 0.1904 | Val Max Q-Miss: 0.0550 | Val Max Gen Viol: 0.0116 | Val Max Thermal: 0.0000
Epoch 1930 | Val Loss: 20.3498 | Val Cost: 1562.73 | Val Max P-Miss: 0.1794 | Val Max Q-Miss: 0.0504 | Val Max Gen Viol: 0.0116 | Val Max Thermal: 0.0000
Epoch 1940 | Val Loss: 20.1302 | Val Cost: 1562.46 | Val Max P-Miss: 0.1717 | Val Max Q-Miss: 0.0460 | Val Max Gen Viol: 0.0116 | Val Max Thermal: 0.0000
Epoch 1950 | Val Loss: 20.0558 | Val Cost: 1562.45 | Val Max P-Miss: 0.1686 | Val Max Q-Miss: 0.0423 | Val Max Gen Viol: 0.0116 | Val Max Thermal: 0.0000
Epoch 1960 | Val Loss: 19.8886 | Val Cost: 1561.71 | Val Max P-Miss: 0.1624 | Val Max Q-Miss: 0.0384 | Val Max Gen Viol: 0.0116 | Val Max Thermal: 0.0000
Epoch 1970 | Val Loss: 19.7167 | Val Cost: 1562.42 | Val Max P-Miss: 0.1554 | Val Max Q-Miss: 0.0330 | Val Max Gen Viol: 0.0116 | Val Max Thermal: 0.0000
Epoch 1980 | Val Loss: 19.5915 | Val Cost: 1561.15 | Val Max P-Miss: 0.1498 | Val Max Q-Miss: 0.0291 | Val Max Gen Viol: 0.0116 | Val Max Thermal: 0.0000
Epoch 1990 | Val Loss: 19.4175 | Val Cost: 1560.08 | Val Max P-Miss: 0.1392 | Val Max Q-Miss: 0.0241 | Val Max Gen Viol: 0.0116 | Val Max Thermal: 0.0000
Epoch 2000 | Val Loss: 19.2959 | Val Cost: 1559.00 | Val Max P-Miss: 0.1316 | Val Max Q-Miss: 0.0197 | Val Max Gen Viol: 0.0116 | Val Max Thermal: 0.0000
Epoch 2010 | Val Loss: 19.1726 | Val Cost: 1558.77 | Val Max P-Miss: 0.1223 | Val Max Q-Miss: 0.0187 | Val Max Gen Viol: 0.0116 | Val Max Thermal: 0.0000 [*SAVED BEST*]
Epoch 2020 | Val Loss: 19.0556 | Val Cost: 1559.07 | Val Max P-Miss: 0.1132 | Val Max Q-Miss: 0.0167 | Val Max Gen Viol: 0.0116 | Val Max Thermal: 0.0000 [*SAVED BEST*]
Epoch 2030 | Val Loss: 18.9225 | Val Cost: 1557.58 | Val Max P-Miss: 0.1000 | Val Max Q-Miss: 0.0151 | Val Max Gen Viol: 0.0116 | Val Max Thermal: 0.0000 [*SAVED BEST*]
Epoch 2040 | Val Loss: 19.6545 | Val Cost: 1515.53 | Val Max P-Miss: 0.1139 | Val Max Q-Miss: 0.0514 | Val Max Gen Viol: 0.0116 | Val Max Thermal: 0.0000
Epoch 2050 | Val Loss: 19.5919 | Val Cost: 1540.41 | Val Max P-Miss: 0.1358 | Val Max Q-Miss: 0.0389 | Val Max Gen Viol: 0.0116 | Val Max Thermal: 0.0000
Epoch 2060 | Val Loss: 19.4986 | Val Cost: 1562.49 | Val Max P-Miss: 0.1099 | Val Max Q-Miss: 0.0406 | Val Max Gen Viol: 0.0116 | Val Max Thermal: 0.0000
Epoch 2070 | Val Loss: 19.3413 | Val Cost: 1558.19 | Val Max P-Miss: 0.1112 | Val Max Q-Miss: 0.0316 | Val Max Gen Viol: 0.0116 | Val Max Thermal: 0.0000
Epoch 2080 | Val Loss: 19.2579 | Val Cost: 1556.80 | Val Max P-Miss: 0.1224 | Val Max Q-Miss: 0.0264 | Val Max Gen Viol: 0.0116 | Val Max Thermal: 0.0000
Epoch 2090 | Val Loss: 20.9005 | Val Cost: 1529.03 | Val Max P-Miss: 0.1363 | Val Max Q-Miss: 0.0941 | Val Max Gen Viol: 0.0116 | Val Max Thermal: 0.0000
Epoch 2100 | Val Loss: 19.3265 | Val Cost: 1562.32 | Val Max P-Miss: 0.1142 | Val Max Q-Miss: 0.0427 | Val Max Gen Viol: 0.0116 | Val Max Thermal: 0.0000
Epoch 2110 | Val Loss: 19.4486 | Val Cost: 1559.15 | Val Max P-Miss: 0.0981 | Val Max Q-Miss: 0.0385 | Val Max Gen Viol: 0.0116 | Val Max Thermal: 0.0000
Epoch 2120 | Val Loss: 19.3582 | Val Cost: 1554.80 | Val Max P-Miss: 0.1023 | Val Max Q-Miss: 0.0336 | Val Max Gen Viol: 0.0116 | Val Max Thermal: 0.0000
Epoch 2130 | Val Loss: 19.2385 | Val Cost: 1565.58 | Val Max P-Miss: 0.1223 | Val Max Q-Miss: 0.0268 | Val Max Gen Viol: 0.0116 | Val Max Thermal: 0.0000
Epoch 2140 | Val Loss: 19.3341 | Val Cost: 1566.46 | Val Max P-Miss: 0.1250 | Val Max Q-Miss: 0.0319 | Val Max Gen Viol: 0.0116 | Val Max Thermal: 0.0000
Epoch 2150 | Val Loss: 19.4675 | Val Cost: 1566.35 | Val Max P-Miss: 0.1267 | Val Max Q-Miss: 0.0385 | Val Max Gen Viol: 0.0116 | Val Max Thermal: 0.0000
Epoch 2160 | Val Loss: 19.6583 | Val Cost: 1563.57 | Val Max P-Miss: 0.1190 | Val Max Q-Miss: 0.0495 | Val Max Gen Viol: 0.0116 | Val Max Thermal: 0.0000
Epoch 2170 | Val Loss: 19.9365 | Val Cost: 1563.48 | Val Max P-Miss: 0.1205 | Val Max Q-Miss: 0.0677 | Val Max Gen Viol: 0.0116 | Val Max Thermal: 0.0000
Epoch 2180 | Val Loss: 20.1219 | Val Cost: 1564.89 | Val Max P-Miss: 0.1320 | Val Max Q-Miss: 0.0698 | Val Max Gen Viol: 0.0116 | Val Max Thermal: 0.0000
Epoch 2190 | Val Loss: 20.2846 | Val Cost: 1566.32 | Val Max P-Miss: 0.1494 | Val Max Q-Miss: 0.0678 | Val Max Gen Viol: 0.0116 | Val Max Thermal: 0.0000
Epoch 2200 | Val Loss: 20.3614 | Val Cost: 1566.04 | Val Max P-Miss: 0.1564 | Val Max Q-Miss: 0.0681 | Val Max Gen Viol: 0.0116 | Val Max Thermal: 0.0000
Epoch 2210 | Val Loss: 20.4514 | Val Cost: 1566.07 | Val Max P-Miss: 0.1631 | Val Max Q-Miss: 0.0728 | Val Max Gen Viol: 0.0116 | Val Max Thermal: 0.0000
Epoch 2220 | Val Loss: 20.5483 | Val Cost: 1566.16 | Val Max P-Miss: 0.1692 | Val Max Q-Miss: 0.0782 | Val Max Gen Viol: 0.0116 | Val Max Thermal: 0.0000
Epoch 2230 | Val Loss: 21.5817 | Val Cost: 1561.93 | Val Max P-Miss: 0.1675 | Val Max Q-Miss: 0.0753 | Val Max Gen Viol: 0.0116 | Val Max Thermal: 0.0000
Epoch 2240 | Val Loss: 20.7328 | Val Cost: 1564.70 | Val Max P-Miss: 0.1828 | Val Max Q-Miss: 0.0502 | Val Max Gen Viol: 0.0116 | Val Max Thermal: 0.0000
Epoch 2250 | Val Loss: 21.4266 | Val Cost: 1539.50 | Val Max P-Miss: 0.2174 | Val Max Q-Miss: 0.0258 | Val Max Gen Viol: 0.0116 | Val Max Thermal: 0.0000
Epoch 2260 | Val Loss: 20.7713 | Val Cost: 1543.62 | Val Max P-Miss: 0.1787 | Val Max Q-Miss: 0.0582 | Val Max Gen Viol: 0.0116 | Val Max Thermal: 0.0000
Epoch 2270 | Val Loss: 20.8023 | Val Cost: 1561.61 | Val Max P-Miss: 0.1890 | Val Max Q-Miss: 0.0593 | Val Max Gen Viol: 0.0116 | Val Max Thermal: 0.0000
Epoch 2280 | Val Loss: 21.2568 | Val Cost: 1568.33 | Val Max P-Miss: 0.1268 | Val Max Q-Miss: 0.0818 | Val Max Gen Viol: 0.0116 | Val Max Thermal: 0.0000
Epoch 2290 | Val Loss: 19.0187 | Val Cost: 1554.94 | Val Max P-Miss: 0.0918 | Val Max Q-Miss: 0.0291 | Val Max Gen Viol: 0.0116 | Val Max Thermal: 0.0000
Epoch 2300 | Val Loss: 18.8561 | Val Cost: 1557.91 | Val Max P-Miss: 0.0860 | Val Max Q-Miss: 0.0286 | Val Max Gen Viol: 0.0116 | Val Max Thermal: 0.0000 [*SAVED BEST*]
Epoch 2310 | Val Loss: 18.8517 | Val Cost: 1557.45 | Val Max P-Miss: 0.0789 | Val Max Q-Miss: 0.0262 | Val Max Gen Viol: 0.0116 | Val Max Thermal: 0.0000 [*SAVED BEST*]
Epoch 2320 | Val Loss: 18.9233 | Val Cost: 1556.98 | Val Max P-Miss: 0.0818 | Val Max Q-Miss: 0.0252 | Val Max Gen Viol: 0.0116 | Val Max Thermal: 0.0000
Epoch 2330 | Val Loss: 18.9736 | Val Cost: 1555.84 | Val Max P-Miss: 0.0838 | Val Max Q-Miss: 0.0255 | Val Max Gen Viol: 0.0116 | Val Max Thermal: 0.0000
Epoch 2340 | Val Loss: 18.9828 | Val Cost: 1555.75 | Val Max P-Miss: 0.0851 | Val Max Q-Miss: 0.0257 | Val Max Gen Viol: 0.0116 | Val Max Thermal: 0.0000
Epoch 2350 | Val Loss: 18.9894 | Val Cost: 1556.16 | Val Max P-Miss: 0.0862 | Val Max Q-Miss: 0.0258 | Val Max Gen Viol: 0.0116 | Val Max Thermal: 0.0000
Epoch 2360 | Val Loss: 19.0272 | Val Cost: 1556.01 | Val Max P-Miss: 0.0873 | Val Max Q-Miss: 0.0294 | Val Max Gen Viol: 0.0116 | Val Max Thermal: 0.0000
Epoch 2370 | Val Loss: 19.2121 | Val Cost: 1554.41 | Val Max P-Miss: 0.0881 | Val Max Q-Miss: 0.0342 | Val Max Gen Viol: 0.0116 | Val Max Thermal: 0.0000
Epoch 2380 | Val Loss: 19.9101 | Val Cost: 1551.45 | Val Max P-Miss: 0.1133 | Val Max Q-Miss: 0.0443 | Val Max Gen Viol: 0.0116 | Val Max Thermal: 0.0000
Epoch 2390 | Val Loss: 19.2436 | Val Cost: 1529.09 | Val Max P-Miss: 0.1262 | Val Max Q-Miss: 0.0308 | Val Max Gen Viol: 0.0116 | Val Max Thermal: 0.0000
Epoch 2400 | Val Loss: 19.0992 | Val Cost: 1543.00 | Val Max P-Miss: 0.1086 | Val Max Q-Miss: 0.0270 | Val Max Gen Viol: 0.0116 | Val Max Thermal: 0.0000
Epoch 2410 | Val Loss: 18.8996 | Val Cost: 1546.04 | Val Max P-Miss: 0.0864 | Val Max Q-Miss: 0.0290 | Val Max Gen Viol: 0.0116 | Val Max Thermal: 0.0000
Epoch 2420 | Val Loss: 19.1089 | Val Cost: 1555.53 | Val Max P-Miss: 0.0919 | Val Max Q-Miss: 0.0337 | Val Max Gen Viol: 0.0116 | Val Max Thermal: 0.0000
Epoch 2430 | Val Loss: 19.2880 | Val Cost: 1557.24 | Val Max P-Miss: 0.1103 | Val Max Q-Miss: 0.0232 | Val Max Gen Viol: 0.0116 | Val Max Thermal: 0.0000
Epoch 2440 | Val Loss: 19.6027 | Val Cost: 1564.20 | Val Max P-Miss: 0.1081 | Val Max Q-Miss: 0.0399 | Val Max Gen Viol: 0.0116 | Val Max Thermal: 0.0000
Epoch 2450 | Val Loss: 19.7151 | Val Cost: 1564.06 | Val Max P-Miss: 0.1069 | Val Max Q-Miss: 0.0430 | Val Max Gen Viol: 0.0116 | Val Max Thermal: 0.0000
Epoch 2460 | Val Loss: 20.0526 | Val Cost: 1560.19 | Val Max P-Miss: 0.1203 | Val Max Q-Miss: 0.0460 | Val Max Gen Viol: 0.0116 | Val Max Thermal: 0.0000
Epoch 2470 | Val Loss: 19.3462 | Val Cost: 1559.95 | Val Max P-Miss: 0.0910 | Val Max Q-Miss: 0.0479 | Val Max Gen Viol: 0.0116 | Val Max Thermal: 0.0000
Epoch 2480 | Val Loss: 19.6339 | Val Cost: 1551.13 | Val Max P-Miss: 0.1103 | Val Max Q-Miss: 0.0532 | Val Max Gen Viol: 0.0116 | Val Max Thermal: 0.0000
Epoch 2490 | Val Loss: 20.1348 | Val Cost: 1560.20 | Val Max P-Miss: 0.1216 | Val Max Q-Miss: 0.0433 | Val Max Gen Viol: 0.0116 | Val Max Thermal: 0.0000
Epoch 2500 | Val Loss: 19.4592 | Val Cost: 1559.60 | Val Max P-Miss: 0.1055 | Val Max Q-Miss: 0.0403 | Val Max Gen Viol: 0.0116 | Val Max Thermal: 0.0000
Epoch 2510 | Val Loss: 19.3921 | Val Cost: 1560.80 | Val Max P-Miss: 0.1001 | Val Max Q-Miss: 0.0353 | Val Max Gen Viol: 0.0116 | Val Max Thermal: 0.0000
Epoch 2520 | Val Loss: 19.3073 | Val Cost: 1559.57 | Val Max P-Miss: 0.0970 | Val Max Q-Miss: 0.0352 | Val Max Gen Viol: 0.0116 | Val Max Thermal: 0.0000
Epoch 2530 | Val Loss: 19.8418 | Val Cost: 1548.10 | Val Max P-Miss: 0.1224 | Val Max Q-Miss: 0.0491 | Val Max Gen Viol: 0.0116 | Val Max Thermal: 0.0000
Epoch 2540 | Val Loss: 19.5510 | Val Cost: 1549.72 | Val Max P-Miss: 0.1135 | Val Max Q-Miss: 0.0409 | Val Max Gen Viol: 0.0116 | Val Max Thermal: 0.0000
Epoch 2550 | Val Loss: 19.3689 | Val Cost: 1553.50 | Val Max P-Miss: 0.1067 | Val Max Q-Miss: 0.0360 | Val Max Gen Viol: 0.0116 | Val Max Thermal: 0.0000
Epoch 2560 | Val Loss: 19.0545 | Val Cost: 1558.88 | Val Max P-Miss: 0.0980 | Val Max Q-Miss: 0.0258 | Val Max Gen Viol: 0.0116 | Val Max Thermal: 0.0000
Epoch 2570 | Val Loss: 19.8083 | Val Cost: 1550.73 | Val Max P-Miss: 0.1035 | Val Max Q-Miss: 0.0407 | Val Max Gen Viol: 0.0116 | Val Max Thermal: 0.0000
Epoch 2580 | Val Loss: 19.0817 | Val Cost: 1562.32 | Val Max P-Miss: 0.0957 | Val Max Q-Miss: 0.0240 | Val Max Gen Viol: 0.0116 | Val Max Thermal: 0.0000
Epoch 2590 | Val Loss: 18.9878 | Val Cost: 1561.10 | Val Max P-Miss: 0.0879 | Val Max Q-Miss: 0.0213 | Val Max Gen Viol: 0.0116 | Val Max Thermal: 0.0000
Epoch 2600 | Val Loss: 18.9349 | Val Cost: 1558.85 | Val Max P-Miss: 0.0819 | Val Max Q-Miss: 0.0212 | Val Max Gen Viol: 0.0116 | Val Max Thermal: 0.0000
Epoch 2610 | Val Loss: 19.7180 | Val Cost: 1528.36 | Val Max P-Miss: 0.1302 | Val Max Q-Miss: 0.0417 | Val Max Gen Viol: 0.0116 | Val Max Thermal: 0.0000
Epoch 2620 | Val Loss: 19.0107 | Val Cost: 1564.17 | Val Max P-Miss: 0.0886 | Val Max Q-Miss: 0.0363 | Val Max Gen Viol: 0.0116 | Val Max Thermal: 0.0000
Epoch 2630 | Val Loss: 18.9524 | Val Cost: 1560.44 | Val Max P-Miss: 0.0851 | Val Max Q-Miss: 0.0193 | Val Max Gen Viol: 0.0116 | Val Max Thermal: 0.0000
Epoch 2640 | Val Loss: 19.0512 | Val Cost: 1560.53 | Val Max P-Miss: 0.0914 | Val Max Q-Miss: 0.0243 | Val Max Gen Viol: 0.0116 | Val Max Thermal: 0.0000
Epoch 2650 | Val Loss: 19.1313 | Val Cost: 1560.63 | Val Max P-Miss: 0.0947 | Val Max Q-Miss: 0.0285 | Val Max Gen Viol: 0.0116 | Val Max Thermal: 0.0000
Epoch 2660 | Val Loss: 19.2464 | Val Cost: 1558.71 | Val Max P-Miss: 0.0965 | Val Max Q-Miss: 0.0319 | Val Max Gen Viol: 0.0116 | Val Max Thermal: 0.0000
Epoch 2670 | Val Loss: 19.3802 | Val Cost: 1556.85 | Val Max P-Miss: 0.1019 | Val Max Q-Miss: 0.0342 | Val Max Gen Viol: 0.0116 | Val Max Thermal: 0.0000
Epoch 2680 | Val Loss: 19.5149 | Val Cost: 1556.81 | Val Max P-Miss: 0.1048 | Val Max Q-Miss: 0.0368 | Val Max Gen Viol: 0.0116 | Val Max Thermal: 0.0000
Epoch 2690 | Val Loss: 19.6157 | Val Cost: 1555.15 | Val Max P-Miss: 0.1069 | Val Max Q-Miss: 0.0396 | Val Max Gen Viol: 0.0116 | Val Max Thermal: 0.0000
Epoch 2700 | Val Loss: 19.6024 | Val Cost: 1551.84 | Val Max P-Miss: 0.1083 | Val Max Q-Miss: 0.0484 | Val Max Gen Viol: 0.0116 | Val Max Thermal: 0.0000
Epoch 2710 | Val Loss: 19.6238 | Val Cost: 1553.98 | Val Max P-Miss: 0.1279 | Val Max Q-Miss: 0.0317 | Val Max Gen Viol: 0.0116 | Val Max Thermal: 0.0000
Epoch 2720 | Val Loss: 20.0661 | Val Cost: 1564.61 | Val Max P-Miss: 0.1192 | Val Max Q-Miss: 0.0436 | Val Max Gen Viol: 0.0116 | Val Max Thermal: 0.0000
Epoch 2730 | Val Loss: 20.0239 | Val Cost: 1562.76 | Val Max P-Miss: 0.1227 | Val Max Q-Miss: 0.0541 | Val Max Gen Viol: 0.0116 | Val Max Thermal: 0.0000
Epoch 2740 | Val Loss: 21.1987 | Val Cost: 1572.10 | Val Max P-Miss: 0.1342 | Val Max Q-Miss: 0.0629 | Val Max Gen Viol: 0.0116 | Val Max Thermal: 0.0000
Epoch 2750 | Val Loss: 20.2874 | Val Cost: 1547.56 | Val Max P-Miss: 0.1223 | Val Max Q-Miss: 0.0574 | Val Max Gen Viol: 0.0116 | Val Max Thermal: 0.0000
Epoch 2760 | Val Loss: 20.1492 | Val Cost: 1561.66 | Val Max P-Miss: 0.1191 | Val Max Q-Miss: 0.0627 | Val Max Gen Viol: 0.0116 | Val Max Thermal: 0.0000
Epoch 2770 | Val Loss: 20.7087 | Val Cost: 1543.65 | Val Max P-Miss: 0.1515 | Val Max Q-Miss: 0.0784 | Val Max Gen Viol: 0.0116 | Val Max Thermal: 0.0000
Epoch 2780 | Val Loss: 19.9946 | Val Cost: 1556.58 | Val Max P-Miss: 0.1138 | Val Max Q-Miss: 0.0559 | Val Max Gen Viol: 0.0116 | Val Max Thermal: 0.0000
Epoch 2790 | Val Loss: 20.0607 | Val Cost: 1559.92 | Val Max P-Miss: 0.1135 | Val Max Q-Miss: 0.0599 | Val Max Gen Viol: 0.0116 | Val Max Thermal: 0.0000
Epoch 2800 | Val Loss: 20.6022 | Val Cost: 1544.30 | Val Max P-Miss: 0.1479 | Val Max Q-Miss: 0.0719 | Val Max Gen Viol: 0.0116 | Val Max Thermal: 0.0000
Epoch 2810 | Val Loss: 20.5709 | Val Cost: 1558.42 | Val Max P-Miss: 0.1432 | Val Max Q-Miss: 0.0751 | Val Max Gen Viol: 0.0116 | Val Max Thermal: 0.0000
Epoch 2820 | Val Loss: 19.9841 | Val Cost: 1559.09 | Val Max P-Miss: 0.1340 | Val Max Q-Miss: 0.0590 | Val Max Gen Viol: 0.0116 | Val Max Thermal: 0.0000
Epoch 2830 | Val Loss: 19.8384 | Val Cost: 1558.96 | Val Max P-Miss: 0.1300 | Val Max Q-Miss: 0.0535 | Val Max Gen Viol: 0.0116 | Val Max Thermal: 0.0000
Epoch 2840 | Val Loss: 19.6877 | Val Cost: 1557.76 | Val Max P-Miss: 0.1220 | Val Max Q-Miss: 0.0459 | Val Max Gen Viol: 0.0116 | Val Max Thermal: 0.0000
Epoch 2850 | Val Loss: 19.5783 | Val Cost: 1555.47 | Val Max P-Miss: 0.1137 | Val Max Q-Miss: 0.0391 | Val Max Gen Viol: 0.0116 | Val Max Thermal: 0.0000
Epoch 2860 | Val Loss: 19.4978 | Val Cost: 1554.11 | Val Max P-Miss: 0.1036 | Val Max Q-Miss: 0.0347 | Val Max Gen Viol: 0.0116 | Val Max Thermal: 0.0000
Epoch 2870 | Val Loss: 19.4871 | Val Cost: 1554.07 | Val Max P-Miss: 0.1006 | Val Max Q-Miss: 0.0298 | Val Max Gen Viol: 0.0116 | Val Max Thermal: 0.0000
Epoch 2880 | Val Loss: 19.2898 | Val Cost: 1554.41 | Val Max P-Miss: 0.0943 | Val Max Q-Miss: 0.0248 | Val Max Gen Viol: 0.0116 | Val Max Thermal: 0.0000
Epoch 2890 | Val Loss: 19.3530 | Val Cost: 1548.30 | Val Max P-Miss: 0.1054 | Val Max Q-Miss: 0.0325 | Val Max Gen Viol: 0.0116 | Val Max Thermal: 0.0000
Epoch 2900 | Val Loss: 20.0080 | Val Cost: 1563.52 | Val Max P-Miss: 0.0937 | Val Max Q-Miss: 0.1015 | Val Max Gen Viol: 0.0116 | Val Max Thermal: 0.0000
Epoch 2910 | Val Loss: 19.2119 | Val Cost: 1550.99 | Val Max P-Miss: 0.0953 | Val Max Q-Miss: 0.0449 | Val Max Gen Viol: 0.0116 | Val Max Thermal: 0.0000
Epoch 2920 | Val Loss: 19.2530 | Val Cost: 1561.42 | Val Max P-Miss: 0.0901 | Val Max Q-Miss: 0.0451 | Val Max Gen Viol: 0.0116 | Val Max Thermal: 0.0000
Epoch 2930 | Val Loss: 19.2141 | Val Cost: 1562.20 | Val Max P-Miss: 0.0887 | Val Max Q-Miss: 0.0455 | Val Max Gen Viol: 0.0116 | Val Max Thermal: 0.0000
Epoch 2940 | Val Loss: 18.8504 | Val Cost: 1546.87 | Val Max P-Miss: 0.1140 | Val Max Q-Miss: 0.0211 | Val Max Gen Viol: 0.0116 | Val Max Thermal: 0.0000 [*SAVED BEST*]
Epoch 2950 | Val Loss: 19.2289 | Val Cost: 1553.92 | Val Max P-Miss: 0.1074 | Val Max Q-Miss: 0.0348 | Val Max Gen Viol: 0.0116 | Val Max Thermal: 0.0000
Epoch 2960 | Val Loss: 19.3682 | Val Cost: 1556.10 | Val Max P-Miss: 0.1127 | Val Max Q-Miss: 0.0382 | Val Max Gen Viol: 0.0116 | Val Max Thermal: 0.0000
Epoch 2970 | Val Loss: 19.5130 | Val Cost: 1557.76 | Val Max P-Miss: 0.1191 | Val Max Q-Miss: 0.0427 | Val Max Gen Viol: 0.0116 | Val Max Thermal: 0.0000
Epoch 2980 | Val Loss: 19.7712 | Val Cost: 1559.83 | Val Max P-Miss: 0.1291 | Val Max Q-Miss: 0.0474 | Val Max Gen Viol: 0.0116 | Val Max Thermal: 0.0000
Epoch 2990 | Val Loss: 19.8511 | Val Cost: 1557.99 | Val Max P-Miss: 0.1323 | Val Max Q-Miss: 0.0516 | Val Max Gen Viol: 0.0116 | Val Max Thermal: 0.0000
Epoch 3000 | Val Loss: 20.0152 | Val Cost: 1559.47 | Val Max P-Miss: 0.1368 | Val Max Q-Miss: 0.0568 | Val Max Gen Viol: 0.0116 | Val Max Thermal: 0.0000
Epoch 3010 | Val Loss: 20.1411 | Val Cost: 1559.74 | Val Max P-Miss: 0.1413 | Val Max Q-Miss: 0.0601 | Val Max Gen Viol: 0.0116 | Val Max Thermal: 0.0000
Epoch 3020 | Val Loss: 20.3504 | Val Cost: 1546.97 | Val Max P-Miss: 0.1344 | Val Max Q-Miss: 0.0369 | Val Max Gen Viol: 0.0116 | Val Max Thermal: 0.0000
Epoch 3030 | Val Loss: 20.3155 | Val Cost: 1551.19 | Val Max P-Miss: 0.1515 | Val Max Q-Miss: 0.0403 | Val Max Gen Viol: 0.0116 | Val Max Thermal: 0.0000
Epoch 3040 | Val Loss: 19.5590 | Val Cost: 1567.81 | Val Max P-Miss: 0.1243 | Val Max Q-Miss: 0.0441 | Val Max Gen Viol: 0.0116 | Val Max Thermal: 0.0000
Epoch 3050 | Val Loss: 24.1232 | Val Cost: 1573.17 | Val Max P-Miss: 0.2178 | Val Max Q-Miss: 0.0796 | Val Max Gen Viol: 0.0116 | Val Max Thermal: 0.0000
Epoch 3060 | Val Loss: 19.2272 | Val Cost: 1561.53 | Val Max P-Miss: 0.1133 | Val Max Q-Miss: 0.0255 | Val Max Gen Viol: 0.0116 | Val Max Thermal: 0.0000
Epoch 3070 | Val Loss: 20.0043 | Val Cost: 1557.00 | Val Max P-Miss: 0.1377 | Val Max Q-Miss: 0.0536 | Val Max Gen Viol: 0.0116 | Val Max Thermal: 0.0000
Epoch 3080 | Val Loss: 19.7700 | Val Cost: 1557.51 | Val Max P-Miss: 0.1299 | Val Max Q-Miss: 0.0478 | Val Max Gen Viol: 0.0116 | Val Max Thermal: 0.0000
Epoch 3090 | Val Loss: 19.5894 | Val Cost: 1557.11 | Val Max P-Miss: 0.1237 | Val Max Q-Miss: 0.0408 | Val Max Gen Viol: 0.0116 | Val Max Thermal: 0.0000
Epoch 3100 | Val Loss: 19.4415 | Val Cost: 1557.47 | Val Max P-Miss: 0.1186 | Val Max Q-Miss: 0.0358 | Val Max Gen Viol: 0.0116 | Val Max Thermal: 0.0000
Epoch 3110 | Val Loss: 19.2805 | Val Cost: 1556.81 | Val Max P-Miss: 0.1114 | Val Max Q-Miss: 0.0307 | Val Max Gen Viol: 0.0116 | Val Max Thermal: 0.0000
Epoch 3120 | Val Loss: 19.1646 | Val Cost: 1556.38 | Val Max P-Miss: 0.1058 | Val Max Q-Miss: 0.0287 | Val Max Gen Viol: 0.0116 | Val Max Thermal: 0.0000
Epoch 3130 | Val Loss: 19.0708 | Val Cost: 1556.33 | Val Max P-Miss: 0.1016 | Val Max Q-Miss: 0.0269 | Val Max Gen Viol: 0.0116 | Val Max Thermal: 0.0000
Epoch 3140 | Val Loss: 18.9817 | Val Cost: 1556.31 | Val Max P-Miss: 0.0967 | Val Max Q-Miss: 0.0245 | Val Max Gen Viol: 0.0116 | Val Max Thermal: 0.0000
Epoch 3150 | Val Loss: 18.9169 | Val Cost: 1556.95 | Val Max P-Miss: 0.0915 | Val Max Q-Miss: 0.0234 | Val Max Gen Viol: 0.0116 | Val Max Thermal: 0.0000
Epoch 3160 | Val Loss: 18.8629 | Val Cost: 1557.22 | Val Max P-Miss: 0.0869 | Val Max Q-Miss: 0.0234 | Val Max Gen Viol: 0.0116 | Val Max Thermal: 0.0000
Epoch 3170 | Val Loss: 18.8150 | Val Cost: 1557.47 | Val Max P-Miss: 0.0806 | Val Max Q-Miss: 0.0223 | Val Max Gen Viol: 0.0116 | Val Max Thermal: 0.0000 [*SAVED BEST*]
Epoch 3180 | Val Loss: 18.7852 | Val Cost: 1557.97 | Val Max P-Miss: 0.0790 | Val Max Q-Miss: 0.0218 | Val Max Gen Viol: 0.0116 | Val Max Thermal: 0.0000 [*SAVED BEST*]
Epoch 3190 | Val Loss: 18.7523 | Val Cost: 1558.20 | Val Max P-Miss: 0.0810 | Val Max Q-Miss: 0.0205 | Val Max Gen Viol: 0.0116 | Val Max Thermal: 0.0000 [*SAVED BEST*]
Epoch 3200 | Val Loss: 18.8080 | Val Cost: 1558.41 | Val Max P-Miss: 0.0830 | Val Max Q-Miss: 0.0273 | Val Max Gen Viol: 0.0116 | Val Max Thermal: 0.0000
Epoch 3210 | Val Loss: 19.4073 | Val Cost: 1530.71 | Val Max P-Miss: 0.1262 | Val Max Q-Miss: 0.0372 | Val Max Gen Viol: 0.0116 | Val Max Thermal: 0.0000
Epoch 3220 | Val Loss: 18.9705 | Val Cost: 1551.79 | Val Max P-Miss: 0.1032 | Val Max Q-Miss: 0.0382 | Val Max Gen Viol: 0.0116 | Val Max Thermal: 0.0000
Epoch 3230 | Val Loss: 19.4831 | Val Cost: 1560.17 | Val Max P-Miss: 0.1471 | Val Max Q-Miss: 0.0339 | Val Max Gen Viol: 0.0116 | Val Max Thermal: 0.0000
Epoch 3240 | Val Loss: 19.3107 | Val Cost: 1555.49 | Val Max P-Miss: 0.1344 | Val Max Q-Miss: 0.0341 | Val Max Gen Viol: 0.0116 | Val Max Thermal: 0.0000
Epoch 3250 | Val Loss: 19.1947 | Val Cost: 1555.47 | Val Max P-Miss: 0.1281 | Val Max Q-Miss: 0.0302 | Val Max Gen Viol: 0.0116 | Val Max Thermal: 0.0000
Epoch 3260 | Val Loss: 19.1190 | Val Cost: 1553.52 | Val Max P-Miss: 0.1255 | Val Max Q-Miss: 0.0270 | Val Max Gen Viol: 0.0116 | Val Max Thermal: 0.0000
Epoch 3270 | Val Loss: 19.0521 | Val Cost: 1549.40 | Val Max P-Miss: 0.1156 | Val Max Q-Miss: 0.0291 | Val Max Gen Viol: 0.0116 | Val Max Thermal: 0.0000
Epoch 3280 | Val Loss: 19.0847 | Val Cost: 1554.07 | Val Max P-Miss: 0.0922 | Val Max Q-Miss: 0.0340 | Val Max Gen Viol: 0.0116 | Val Max Thermal: 0.0000
Epoch 3290 | Val Loss: 19.9683 | Val Cost: 1568.85 | Val Max P-Miss: 0.1294 | Val Max Q-Miss: 0.0664 | Val Max Gen Viol: 0.0116 | Val Max Thermal: 0.0000
Epoch 3300 | Val Loss: 19.1932 | Val Cost: 1559.44 | Val Max P-Miss: 0.1036 | Val Max Q-Miss: 0.0216 | Val Max Gen Viol: 0.0116 | Val Max Thermal: 0.0000
Epoch 3310 | Val Loss: 18.8248 | Val Cost: 1555.45 | Val Max P-Miss: 0.0818 | Val Max Q-Miss: 0.0220 | Val Max Gen Viol: 0.0116 | Val Max Thermal: 0.0000
Epoch 3320 | Val Loss: 18.7565 | Val Cost: 1554.66 | Val Max P-Miss: 0.0800 | Val Max Q-Miss: 0.0213 | Val Max Gen Viol: 0.0116 | Val Max Thermal: 0.0000
Epoch 3330 | Val Loss: 18.7117 | Val Cost: 1554.90 | Val Max P-Miss: 0.0793 | Val Max Q-Miss: 0.0212 | Val Max Gen Viol: 0.0116 | Val Max Thermal: 0.0000 [*SAVED BEST*]
Epoch 3340 | Val Loss: 18.7019 | Val Cost: 1553.84 | Val Max P-Miss: 0.0796 | Val Max Q-Miss: 0.0186 | Val Max Gen Viol: 0.0116 | Val Max Thermal: 0.0000 [*SAVED BEST*]
Epoch 3350 | Val Loss: 19.6185 | Val Cost: 1536.63 | Val Max P-Miss: 0.1279 | Val Max Q-Miss: 0.0372 | Val Max Gen Viol: 0.0116 | Val Max Thermal: 0.0000
Epoch 3360 | Val Loss: 19.5600 | Val Cost: 1535.35 | Val Max P-Miss: 0.1476 | Val Max Q-Miss: 0.0487 | Val Max Gen Viol: 0.0116 | Val Max Thermal: 0.0000
Epoch 3370 | Val Loss: 19.3471 | Val Cost: 1533.82 | Val Max P-Miss: 0.1085 | Val Max Q-Miss: 0.0344 | Val Max Gen Viol: 0.0116 | Val Max Thermal: 0.0000
Epoch 3380 | Val Loss: 19.2969 | Val Cost: 1554.01 | Val Max P-Miss: 0.1310 | Val Max Q-Miss: 0.0350 | Val Max Gen Viol: 0.0116 | Val Max Thermal: 0.0000
Epoch 3390 | Val Loss: 19.2570 | Val Cost: 1555.65 | Val Max P-Miss: 0.1278 | Val Max Q-Miss: 0.0322 | Val Max Gen Viol: 0.0116 | Val Max Thermal: 0.0000
Epoch 3400 | Val Loss: 19.1791 | Val Cost: 1554.91 | Val Max P-Miss: 0.1219 | Val Max Q-Miss: 0.0287 | Val Max Gen Viol: 0.0116 | Val Max Thermal: 0.0000
Epoch 3410 | Val Loss: 19.0774 | Val Cost: 1554.36 | Val Max P-Miss: 0.1166 | Val Max Q-Miss: 0.0238 | Val Max Gen Viol: 0.0116 | Val Max Thermal: 0.0000
Epoch 3420 | Val Loss: 18.9848 | Val Cost: 1554.75 | Val Max P-Miss: 0.1095 | Val Max Q-Miss: 0.0218 | Val Max Gen Viol: 0.0116 | Val Max Thermal: 0.0000
Epoch 3430 | Val Loss: 18.8727 | Val Cost: 1554.77 | Val Max P-Miss: 0.1014 | Val Max Q-Miss: 0.0200 | Val Max Gen Viol: 0.0116 | Val Max Thermal: 0.0000
Epoch 3440 | Val Loss: 18.7721 | Val Cost: 1555.28 | Val Max P-Miss: 0.0967 | Val Max Q-Miss: 0.0186 | Val Max Gen Viol: 0.0116 | Val Max Thermal: 0.0000
Epoch 3450 | Val Loss: 18.8834 | Val Cost: 1554.17 | Val Max P-Miss: 0.0918 | Val Max Q-Miss: 0.0225 | Val Max Gen Viol: 0.0116 | Val Max Thermal: 0.0000
Epoch 3460 | Val Loss: 19.1362 | Val Cost: 1547.56 | Val Max P-Miss: 0.0889 | Val Max Q-Miss: 0.0312 | Val Max Gen Viol: 0.0116 | Val Max Thermal: 0.0000
Epoch 3470 | Val Loss: 20.7601 | Val Cost: 1562.51 | Val Max P-Miss: 0.1313 | Val Max Q-Miss: 0.0594 | Val Max Gen Viol: 0.0116 | Val Max Thermal: 0.0000
Epoch 3480 | Val Loss: 19.1861 | Val Cost: 1543.21 | Val Max P-Miss: 0.0987 | Val Max Q-Miss: 0.0304 | Val Max Gen Viol: 0.0116 | Val Max Thermal: 0.0000
Epoch 3490 | Val Loss: 19.0925 | Val Cost: 1556.53 | Val Max P-Miss: 0.1025 | Val Max Q-Miss: 0.0319 | Val Max Gen Viol: 0.0116 | Val Max Thermal: 0.0000
Epoch 3500 | Val Loss: 19.1063 | Val Cost: 1557.16 | Val Max P-Miss: 0.1026 | Val Max Q-Miss: 0.0277 | Val Max Gen Viol: 0.0116 | Val Max Thermal: 0.0000
Epoch 3510 | Val Loss: 19.0141 | Val Cost: 1557.51 | Val Max P-Miss: 0.0970 | Val Max Q-Miss: 0.0237 | Val Max Gen Viol: 0.0116 | Val Max Thermal: 0.0000
Epoch 3520 | Val Loss: 18.9153 | Val Cost: 1556.13 | Val Max P-Miss: 0.0904 | Val Max Q-Miss: 0.0240 | Val Max Gen Viol: 0.0116 | Val Max Thermal: 0.0000
Epoch 3530 | Val Loss: 18.8301 | Val Cost: 1556.50 | Val Max P-Miss: 0.0843 | Val Max Q-Miss: 0.0227 | Val Max Gen Viol: 0.0116 | Val Max Thermal: 0.0000
Epoch 3540 | Val Loss: 18.7700 | Val Cost: 1555.58 | Val Max P-Miss: 0.0816 | Val Max Q-Miss: 0.0211 | Val Max Gen Viol: 0.0116 | Val Max Thermal: 0.0000
Epoch 3550 | Val Loss: 18.7519 | Val Cost: 1553.39 | Val Max P-Miss: 0.0876 | Val Max Q-Miss: 0.0185 | Val Max Gen Viol: 0.0116 | Val Max Thermal: 0.0000
Epoch 3560 | Val Loss: 19.2971 | Val Cost: 1559.71 | Val Max P-Miss: 0.1010 | Val Max Q-Miss: 0.0449 | Val Max Gen Viol: 0.0116 | Val Max Thermal: 0.0000
Epoch 3570 | Val Loss: 19.6244 | Val Cost: 1533.13 | Val Max P-Miss: 0.1398 | Val Max Q-Miss: 0.0654 | Val Max Gen Viol: 0.0116 | Val Max Thermal: 0.0000
Epoch 3580 | Val Loss: 19.4336 | Val Cost: 1556.35 | Val Max P-Miss: 0.1295 | Val Max Q-Miss: 0.0468 | Val Max Gen Viol: 0.0116 | Val Max Thermal: 0.0000
Epoch 3590 | Val Loss: 19.5306 | Val Cost: 1557.26 | Val Max P-Miss: 0.1324 | Val Max Q-Miss: 0.0465 | Val Max Gen Viol: 0.0116 | Val Max Thermal: 0.0000
Epoch 3600 | Val Loss: 19.7424 | Val Cost: 1558.15 | Val Max P-Miss: 0.1413 | Val Max Q-Miss: 0.0516 | Val Max Gen Viol: 0.0116 | Val Max Thermal: 0.0000
Epoch 3610 | Val Loss: 19.8873 | Val Cost: 1558.90 | Val Max P-Miss: 0.1475 | Val Max Q-Miss: 0.0556 | Val Max Gen Viol: 0.0116 | Val Max Thermal: 0.0000
Epoch 3620 | Val Loss: 19.8803 | Val Cost: 1559.28 | Val Max P-Miss: 0.1522 | Val Max Q-Miss: 0.0578 | Val Max Gen Viol: 0.0116 | Val Max Thermal: 0.0000
Epoch 3630 | Val Loss: 20.3048 | Val Cost: 1553.73 | Val Max P-Miss: 0.1218 | Val Max Q-Miss: 0.0760 | Val Max Gen Viol: 0.0116 | Val Max Thermal: 0.0000
Epoch 3640 | Val Loss: 19.3121 | Val Cost: 1534.65 | Val Max P-Miss: 0.1357 | Val Max Q-Miss: 0.0250 | Val Max Gen Viol: 0.0116 | Val Max Thermal: 0.0000
Epoch 3650 | Val Loss: 19.7790 | Val Cost: 1553.13 | Val Max P-Miss: 0.1483 | Val Max Q-Miss: 0.0437 | Val Max Gen Viol: 0.0116 | Val Max Thermal: 0.0000
Epoch 3660 | Val Loss: 19.5971 | Val Cost: 1553.74 | Val Max P-Miss: 0.1406 | Val Max Q-Miss: 0.0378 | Val Max Gen Viol: 0.0116 | Val Max Thermal: 0.0000
Epoch 3670 | Val Loss: 19.4549 | Val Cost: 1553.73 | Val Max P-Miss: 0.1334 | Val Max Q-Miss: 0.0324 | Val Max Gen Viol: 0.0116 | Val Max Thermal: 0.0000
Epoch 3680 | Val Loss: 19.3358 | Val Cost: 1553.60 | Val Max P-Miss: 0.1319 | Val Max Q-Miss: 0.0287 | Val Max Gen Viol: 0.0116 | Val Max Thermal: 0.0000
Epoch 3690 | Val Loss: 19.2263 | Val Cost: 1553.00 | Val Max P-Miss: 0.1269 | Val Max Q-Miss: 0.0241 | Val Max Gen Viol: 0.0116 | Val Max Thermal: 0.0000
Epoch 3700 | Val Loss: 19.1217 | Val Cost: 1553.00 | Val Max P-Miss: 0.1206 | Val Max Q-Miss: 0.0208 | Val Max Gen Viol: 0.0116 | Val Max Thermal: 0.0000
Epoch 3710 | Val Loss: 19.0100 | Val Cost: 1552.37 | Val Max P-Miss: 0.1128 | Val Max Q-Miss: 0.0197 | Val Max Gen Viol: 0.0116 | Val Max Thermal: 0.0000
Epoch 3720 | Val Loss: 19.1863 | Val Cost: 1531.88 | Val Max P-Miss: 0.1352 | Val Max Q-Miss: 0.0357 | Val Max Gen Viol: 0.0116 | Val Max Thermal: 0.0000
Epoch 3730 | Val Loss: 19.1963 | Val Cost: 1538.30 | Val Max P-Miss: 0.1328 | Val Max Q-Miss: 0.0328 | Val Max Gen Viol: 0.0116 | Val Max Thermal: 0.0000
Epoch 3740 | Val Loss: 19.0357 | Val Cost: 1545.92 | Val Max P-Miss: 0.1196 | Val Max Q-Miss: 0.0253 | Val Max Gen Viol: 0.0116 | Val Max Thermal: 0.0000
Epoch 3750 | Val Loss: 18.9973 | Val Cost: 1550.55 | Val Max P-Miss: 0.1097 | Val Max Q-Miss: 0.0250 | Val Max Gen Viol: 0.0116 | Val Max Thermal: 0.0000
Epoch 3760 | Val Loss: 19.2455 | Val Cost: 1590.27 | Val Max P-Miss: 0.0881 | Val Max Q-Miss: 0.0670 | Val Max Gen Viol: 0.0116 | Val Max Thermal: 0.0000
Epoch 3770 | Val Loss: 19.0333 | Val Cost: 1552.39 | Val Max P-Miss: 0.1085 | Val Max Q-Miss: 0.0298 | Val Max Gen Viol: 0.0116 | Val Max Thermal: 0.0000
Epoch 3780 | Val Loss: 18.8848 | Val Cost: 1555.75 | Val Max P-Miss: 0.1075 | Val Max Q-Miss: 0.0262 | Val Max Gen Viol: 0.0116 | Val Max Thermal: 0.0000
Epoch 3790 | Val Loss: 18.7998 | Val Cost: 1556.19 | Val Max P-Miss: 0.0999 | Val Max Q-Miss: 0.0219 | Val Max Gen Viol: 0.0116 | Val Max Thermal: 0.0000
Epoch 3800 | Val Loss: 18.7002 | Val Cost: 1556.43 | Val Max P-Miss: 0.0862 | Val Max Q-Miss: 0.0206 | Val Max Gen Viol: 0.0116 | Val Max Thermal: 0.0000 [*SAVED BEST*]
Epoch 3810 | Val Loss: 19.0766 | Val Cost: 1547.29 | Val Max P-Miss: 0.0971 | Val Max Q-Miss: 0.0318 | Val Max Gen Viol: 0.0116 | Val Max Thermal: 0.0000
Epoch 3820 | Val Loss: 18.9047 | Val Cost: 1549.60 | Val Max P-Miss: 0.1018 | Val Max Q-Miss: 0.0312 | Val Max Gen Viol: 0.0116 | Val Max Thermal: 0.0000
Epoch 3830 | Val Loss: 19.1690 | Val Cost: 1550.45 | Val Max P-Miss: 0.1087 | Val Max Q-Miss: 0.0320 | Val Max Gen Viol: 0.0116 | Val Max Thermal: 0.0000
Epoch 3840 | Val Loss: 19.0569 | Val Cost: 1555.88 | Val Max P-Miss: 0.1026 | Val Max Q-Miss: 0.0278 | Val Max Gen Viol: 0.0116 | Val Max Thermal: 0.0000
Epoch 3850 | Val Loss: 19.0048 | Val Cost: 1557.53 | Val Max P-Miss: 0.0890 | Val Max Q-Miss: 0.0278 | Val Max Gen Viol: 0.0116 | Val Max Thermal: 0.0000
Epoch 3860 | Val Loss: 18.9002 | Val Cost: 1556.50 | Val Max P-Miss: 0.0794 | Val Max Q-Miss: 0.0301 | Val Max Gen Viol: 0.0116 | Val Max Thermal: 0.0000
Epoch 3870 | Val Loss: 18.8038 | Val Cost: 1553.46 | Val Max P-Miss: 0.0740 | Val Max Q-Miss: 0.0351 | Val Max Gen Viol: 0.0116 | Val Max Thermal: 0.0000
Epoch 3880 | Val Loss: 18.6811 | Val Cost: 1560.05 | Val Max P-Miss: 0.0747 | Val Max Q-Miss: 0.0267 | Val Max Gen Viol: 0.0116 | Val Max Thermal: 0.0000 [*SAVED BEST*]
Epoch 3890 | Val Loss: 18.9994 | Val Cost: 1551.43 | Val Max P-Miss: 0.0923 | Val Max Q-Miss: 0.0359 | Val Max Gen Viol: 0.0116 | Val Max Thermal: 0.0000
Epoch 3900 | Val Loss: 18.7912 | Val Cost: 1554.96 | Val Max P-Miss: 0.0798 | Val Max Q-Miss: 0.0207 | Val Max Gen Viol: 0.0116 | Val Max Thermal: 0.0000
Epoch 3910 | Val Loss: 18.6799 | Val Cost: 1555.38 | Val Max P-Miss: 0.0788 | Val Max Q-Miss: 0.0209 | Val Max Gen Viol: 0.0116 | Val Max Thermal: 0.0000 [*SAVED BEST*]
Epoch 3920 | Val Loss: 18.6456 | Val Cost: 1555.25 | Val Max P-Miss: 0.0771 | Val Max Q-Miss: 0.0214 | Val Max Gen Viol: 0.0116 | Val Max Thermal: 0.0000 [*SAVED BEST*]
Epoch 3930 | Val Loss: 18.6419 | Val Cost: 1556.75 | Val Max P-Miss: 0.0766 | Val Max Q-Miss: 0.0227 | Val Max Gen Viol: 0.0116 | Val Max Thermal: 0.0000 [*SAVED BEST*]
Epoch 3940 | Val Loss: 18.6592 | Val Cost: 1556.86 | Val Max P-Miss: 0.0760 | Val Max Q-Miss: 0.0232 | Val Max Gen Viol: 0.0116 | Val Max Thermal: 0.0000
Epoch 3950 | Val Loss: 18.6917 | Val Cost: 1558.81 | Val Max P-Miss: 0.0762 | Val Max Q-Miss: 0.0237 | Val Max Gen Viol: 0.0116 | Val Max Thermal: 0.0000
Epoch 3960 | Val Loss: 19.5339 | Val Cost: 1558.36 | Val Max P-Miss: 0.1333 | Val Max Q-Miss: 0.0422 | Val Max Gen Viol: 0.0116 | Val Max Thermal: 0.0000
Epoch 3970 | Val Loss: 18.6205 | Val Cost: 1554.40 | Val Max P-Miss: 0.0822 | Val Max Q-Miss: 0.0175 | Val Max Gen Viol: 0.0116 | Val Max Thermal: 0.0000 [*SAVED BEST*]
Epoch 3980 | Val Loss: 18.6188 | Val Cost: 1554.91 | Val Max P-Miss: 0.0812 | Val Max Q-Miss: 0.0182 | Val Max Gen Viol: 0.0116 | Val Max Thermal: 0.0000 [*SAVED BEST*]
Epoch 3990 | Val Loss: 18.6364 | Val Cost: 1555.74 | Val Max P-Miss: 0.0804 | Val Max Q-Miss: 0.0192 | Val Max Gen Viol: 0.0116 | Val Max Thermal: 0.0000
Epoch 4000 | Val Loss: 18.6631 | Val Cost: 1555.84 | Val Max P-Miss: 0.0805 | Val Max Q-Miss: 0.0207 | Val Max Gen Viol: 0.0116 | Val Max Thermal: 0.0000
Epoch 4010 | Val Loss: 18.7066 | Val Cost: 1555.55 | Val Max P-Miss: 0.0808 | Val Max Q-Miss: 0.0221 | Val Max Gen Viol: 0.0116 | Val Max Thermal: 0.0000
Epoch 4020 | Val Loss: 18.7719 | Val Cost: 1554.27 | Val Max P-Miss: 0.0833 | Val Max Q-Miss: 0.0221 | Val Max Gen Viol: 0.0116 | Val Max Thermal: 0.0000
Epoch 4030 | Val Loss: 18.8381 | Val Cost: 1554.17 | Val Max P-Miss: 0.0844 | Val Max Q-Miss: 0.0230 | Val Max Gen Viol: 0.0116 | Val Max Thermal: 0.0000
Epoch 4040 | Val Loss: 18.8994 | Val Cost: 1553.58 | Val Max P-Miss: 0.0874 | Val Max Q-Miss: 0.0251 | Val Max Gen Viol: 0.0116 | Val Max Thermal: 0.0000
Epoch 4050 | Val Loss: 18.9927 | Val Cost: 1553.30 | Val Max P-Miss: 0.0894 | Val Max Q-Miss: 0.0272 | Val Max Gen Viol: 0.0116 | Val Max Thermal: 0.0000
Epoch 4060 | Val Loss: 20.1186 | Val Cost: 1558.09 | Val Max P-Miss: 0.1244 | Val Max Q-Miss: 0.0799 | Val Max Gen Viol: 0.0116 | Val Max Thermal: 0.0000
Epoch 4070 | Val Loss: 19.3244 | Val Cost: 1532.90 | Val Max P-Miss: 0.1136 | Val Max Q-Miss: 0.0512 | Val Max Gen Viol: 0.0116 | Val Max Thermal: 0.0000
Epoch 4080 | Val Loss: 18.8765 | Val Cost: 1540.25 | Val Max P-Miss: 0.0922 | Val Max Q-Miss: 0.0372 | Val Max Gen Viol: 0.0116 | Val Max Thermal: 0.0000
Epoch 4090 | Val Loss: 18.9135 | Val Cost: 1548.30 | Val Max P-Miss: 0.0881 | Val Max Q-Miss: 0.0272 | Val Max Gen Viol: 0.0116 | Val Max Thermal: 0.0000
Epoch 4100 | Val Loss: 18.9544 | Val Cost: 1548.89 | Val Max P-Miss: 0.0909 | Val Max Q-Miss: 0.0284 | Val Max Gen Viol: 0.0116 | Val Max Thermal: 0.0000
Epoch 4110 | Val Loss: 19.0272 | Val Cost: 1549.93 | Val Max P-Miss: 0.1000 | Val Max Q-Miss: 0.0261 | Val Max Gen Viol: 0.0116 | Val Max Thermal: 0.0000
Epoch 4120 | Val Loss: 19.1292 | Val Cost: 1538.67 | Val Max P-Miss: 0.1052 | Val Max Q-Miss: 0.0444 | Val Max Gen Viol: 0.0116 | Val Max Thermal: 0.0000
Epoch 4130 | Val Loss: 18.8449 | Val Cost: 1552.91 | Val Max P-Miss: 0.0877 | Val Max Q-Miss: 0.0321 | Val Max Gen Viol: 0.0116 | Val Max Thermal: 0.0000
Epoch 4140 | Val Loss: 18.8430 | Val Cost: 1554.49 | Val Max P-Miss: 0.1048 | Val Max Q-Miss: 0.0255 | Val Max Gen Viol: 0.0116 | Val Max Thermal: 0.0000
Epoch 4150 | Val Loss: 18.9394 | Val Cost: 1554.86 | Val Max P-Miss: 0.1126 | Val Max Q-Miss: 0.0279 | Val Max Gen Viol: 0.0116 | Val Max Thermal: 0.0000
Epoch 4160 | Val Loss: 19.0309 | Val Cost: 1554.92 | Val Max P-Miss: 0.1151 | Val Max Q-Miss: 0.0314 | Val Max Gen Viol: 0.0116 | Val Max Thermal: 0.0000
Epoch 4170 | Val Loss: 19.1343 | Val Cost: 1554.89 | Val Max P-Miss: 0.1185 | Val Max Q-Miss: 0.0345 | Val Max Gen Viol: 0.0116 | Val Max Thermal: 0.0000
Epoch 4180 | Val Loss: 19.2980 | Val Cost: 1555.21 | Val Max P-Miss: 0.1253 | Val Max Q-Miss: 0.0391 | Val Max Gen Viol: 0.0116 | Val Max Thermal: 0.0000
Epoch 4190 | Val Loss: 19.3494 | Val Cost: 1556.36 | Val Max P-Miss: 0.1280 | Val Max Q-Miss: 0.0423 | Val Max Gen Viol: 0.0116 | Val Max Thermal: 0.0000
Epoch 4200 | Val Loss: 19.4339 | Val Cost: 1556.76 | Val Max P-Miss: 0.1323 | Val Max Q-Miss: 0.0460 | Val Max Gen Viol: 0.0116 | Val Max Thermal: 0.0000
Epoch 4210 | Val Loss: 19.6870 | Val Cost: 1558.59 | Val Max P-Miss: 0.1440 | Val Max Q-Miss: 0.0598 | Val Max Gen Viol: 0.0116 | Val Max Thermal: 0.0000
Epoch 4220 | Val Loss: 19.3766 | Val Cost: 1553.58 | Val Max P-Miss: 0.1328 | Val Max Q-Miss: 0.0406 | Val Max Gen Viol: 0.0116 | Val Max Thermal: 0.0000
Epoch 4230 | Val Loss: 19.2074 | Val Cost: 1553.39 | Val Max P-Miss: 0.1235 | Val Max Q-Miss: 0.0345 | Val Max Gen Viol: 0.0116 | Val Max Thermal: 0.0000
Epoch 4240 | Val Loss: 19.1023 | Val Cost: 1553.51 | Val Max P-Miss: 0.1198 | Val Max Q-Miss: 0.0298 | Val Max Gen Viol: 0.0116 | Val Max Thermal: 0.0000
Epoch 4250 | Val Loss: 19.0279 | Val Cost: 1551.23 | Val Max P-Miss: 0.1133 | Val Max Q-Miss: 0.0244 | Val Max Gen Viol: 0.0116 | Val Max Thermal: 0.0000
Epoch 4260 | Val Loss: 19.1457 | Val Cost: 1552.50 | Val Max P-Miss: 0.0967 | Val Max Q-Miss: 0.0320 | Val Max Gen Viol: 0.0116 | Val Max Thermal: 0.0000
Epoch 4270 | Val Loss: 18.9468 | Val Cost: 1550.82 | Val Max P-Miss: 0.1074 | Val Max Q-Miss: 0.0213 | Val Max Gen Viol: 0.0116 | Val Max Thermal: 0.0000
Epoch 4280 | Val Loss: 19.0289 | Val Cost: 1553.95 | Val Max P-Miss: 0.1138 | Val Max Q-Miss: 0.0287 | Val Max Gen Viol: 0.0116 | Val Max Thermal: 0.0000
Epoch 4290 | Val Loss: 19.1731 | Val Cost: 1553.80 | Val Max P-Miss: 0.1211 | Val Max Q-Miss: 0.0342 | Val Max Gen Viol: 0.0116 | Val Max Thermal: 0.0000
Epoch 4300 | Val Loss: 19.3380 | Val Cost: 1554.66 | Val Max P-Miss: 0.1277 | Val Max Q-Miss: 0.0395 | Val Max Gen Viol: 0.0116 | Val Max Thermal: 0.0000
Epoch 4310 | Val Loss: 19.4685 | Val Cost: 1554.88 | Val Max P-Miss: 0.1331 | Val Max Q-Miss: 0.0440 | Val Max Gen Viol: 0.0116 | Val Max Thermal: 0.0000
Epoch 4320 | Val Loss: 19.6158 | Val Cost: 1553.30 | Val Max P-Miss: 0.1333 | Val Max Q-Miss: 0.0430 | Val Max Gen Viol: 0.0116 | Val Max Thermal: 0.0000
Epoch 4330 | Val Loss: 19.3059 | Val Cost: 1536.73 | Val Max P-Miss: 0.1376 | Val Max Q-Miss: 0.0304 | Val Max Gen Viol: 0.0116 | Val Max Thermal: 0.0000
Epoch 4340 | Val Loss: 19.5908 | Val Cost: 1551.06 | Val Max P-Miss: 0.1309 | Val Max Q-Miss: 0.0418 | Val Max Gen Viol: 0.0116 | Val Max Thermal: 0.0000
Epoch 4350 | Val Loss: 19.3956 | Val Cost: 1552.73 | Val Max P-Miss: 0.1284 | Val Max Q-Miss: 0.0389 | Val Max Gen Viol: 0.0116 | Val Max Thermal: 0.0000
Epoch 4360 | Val Loss: 19.2517 | Val Cost: 1552.42 | Val Max P-Miss: 0.1217 | Val Max Q-Miss: 0.0344 | Val Max Gen Viol: 0.0116 | Val Max Thermal: 0.0000
Epoch 4370 | Val Loss: 19.1295 | Val Cost: 1552.73 | Val Max P-Miss: 0.1146 | Val Max Q-Miss: 0.0308 | Val Max Gen Viol: 0.0116 | Val Max Thermal: 0.0000
Epoch 4380 | Val Loss: 19.0348 | Val Cost: 1552.72 | Val Max P-Miss: 0.1103 | Val Max Q-Miss: 0.0263 | Val Max Gen Viol: 0.0116 | Val Max Thermal: 0.0000
Epoch 4390 | Val Loss: 18.9363 | Val Cost: 1552.05 | Val Max P-Miss: 0.1085 | Val Max Q-Miss: 0.0241 | Val Max Gen Viol: 0.0116 | Val Max Thermal: 0.0000
Epoch 4400 | Val Loss: 19.6697 | Val Cost: 1557.46 | Val Max P-Miss: 0.1195 | Val Max Q-Miss: 0.0271 | Val Max Gen Viol: 0.0116 | Val Max Thermal: 0.0000
Epoch 4410 | Val Loss: 19.3323 | Val Cost: 1540.19 | Val Max P-Miss: 0.1460 | Val Max Q-Miss: 0.0398 | Val Max Gen Viol: 0.0116 | Val Max Thermal: 0.0000
Epoch 4420 | Val Loss: 19.1510 | Val Cost: 1546.50 | Val Max P-Miss: 0.1324 | Val Max Q-Miss: 0.0352 | Val Max Gen Viol: 0.0116 | Val Max Thermal: 0.0000
Epoch 4430 | Val Loss: 19.1811 | Val Cost: 1547.74 | Val Max P-Miss: 0.1330 | Val Max Q-Miss: 0.0349 | Val Max Gen Viol: 0.0116 | Val Max Thermal: 0.0000
Epoch 4440 | Val Loss: 19.1568 | Val Cost: 1550.51 | Val Max P-Miss: 0.1274 | Val Max Q-Miss: 0.0384 | Val Max Gen Viol: 0.0116 | Val Max Thermal: 0.0000
Epoch 4450 | Val Loss: 19.2491 | Val Cost: 1551.41 | Val Max P-Miss: 0.1324 | Val Max Q-Miss: 0.0431 | Val Max Gen Viol: 0.0116 | Val Max Thermal: 0.0000
Epoch 4460 | Val Loss: 19.4020 | Val Cost: 1550.73 | Val Max P-Miss: 0.1230 | Val Max Q-Miss: 0.0364 | Val Max Gen Viol: 0.0116 | Val Max Thermal: 0.0000
Epoch 4470 | Val Loss: 19.1178 | Val Cost: 1552.71 | Val Max P-Miss: 0.1067 | Val Max Q-Miss: 0.0369 | Val Max Gen Viol: 0.0116 | Val Max Thermal: 0.0000
Epoch 4480 | Val Loss: 19.0040 | Val Cost: 1546.85 | Val Max P-Miss: 0.1063 | Val Max Q-Miss: 0.0329 | Val Max Gen Viol: 0.0116 | Val Max Thermal: 0.0000
Epoch 4490 | Val Loss: 18.8438 | Val Cost: 1553.02 | Val Max P-Miss: 0.0956 | Val Max Q-Miss: 0.0260 | Val Max Gen Viol: 0.0116 | Val Max Thermal: 0.0000
Epoch 4500 | Val Loss: 18.8174 | Val Cost: 1552.68 | Val Max P-Miss: 0.0917 | Val Max Q-Miss: 0.0220 | Val Max Gen Viol: 0.0116 | Val Max Thermal: 0.0000
Epoch 4510 | Val Loss: 18.7814 | Val Cost: 1552.91 | Val Max P-Miss: 0.0863 | Val Max Q-Miss: 0.0191 | Val Max Gen Viol: 0.0116 | Val Max Thermal: 0.0000
Epoch 4520 | Val Loss: 18.8206 | Val Cost: 1552.04 | Val Max P-Miss: 0.0953 | Val Max Q-Miss: 0.0209 | Val Max Gen Viol: 0.0116 | Val Max Thermal: 0.0000
Epoch 4530 | Val Loss: 18.7772 | Val Cost: 1544.36 | Val Max P-Miss: 0.0807 | Val Max Q-Miss: 0.0315 | Val Max Gen Viol: 0.0116 | Val Max Thermal: 0.0000
Epoch 4540 | Val Loss: 19.0491 | Val Cost: 1553.65 | Val Max P-Miss: 0.0967 | Val Max Q-Miss: 0.0333 | Val Max Gen Viol: 0.0116 | Val Max Thermal: 0.0000
Epoch 4550 | Val Loss: 18.9867 | Val Cost: 1553.32 | Val Max P-Miss: 0.0946 | Val Max Q-Miss: 0.0257 | Val Max Gen Viol: 0.0116 | Val Max Thermal: 0.0000
Epoch 4560 | Val Loss: 18.9654 | Val Cost: 1552.35 | Val Max P-Miss: 0.0959 | Val Max Q-Miss: 0.0225 | Val Max Gen Viol: 0.0116 | Val Max Thermal: 0.0000
Epoch 4570 | Val Loss: 19.0918 | Val Cost: 1546.19 | Val Max P-Miss: 0.1238 | Val Max Q-Miss: 0.0297 | Val Max Gen Viol: 0.0116 | Val Max Thermal: 0.0000
Epoch 4580 | Val Loss: 18.9603 | Val Cost: 1547.98 | Val Max P-Miss: 0.1175 | Val Max Q-Miss: 0.0252 | Val Max Gen Viol: 0.0116 | Val Max Thermal: 0.0000
Epoch 4590 | Val Loss: 18.8889 | Val Cost: 1549.48 | Val Max P-Miss: 0.1115 | Val Max Q-Miss: 0.0240 | Val Max Gen Viol: 0.0116 | Val Max Thermal: 0.0000
Epoch 4600 | Val Loss: 18.8335 | Val Cost: 1550.33 | Val Max P-Miss: 0.1083 | Val Max Q-Miss: 0.0243 | Val Max Gen Viol: 0.0116 | Val Max Thermal: 0.0000
Epoch 4610 | Val Loss: 18.7953 | Val Cost: 1535.52 | Val Max P-Miss: 0.0987 | Val Max Q-Miss: 0.0458 | Val Max Gen Viol: 0.0116 | Val Max Thermal: 0.0000
Epoch 4620 | Val Loss: 18.6870 | Val Cost: 1552.46 | Val Max P-Miss: 0.0966 | Val Max Q-Miss: 0.0228 | Val Max Gen Viol: 0.0116 | Val Max Thermal: 0.0000
Epoch 4630 | Val Loss: 18.6554 | Val Cost: 1553.69 | Val Max P-Miss: 0.0914 | Val Max Q-Miss: 0.0225 | Val Max Gen Viol: 0.0116 | Val Max Thermal: 0.0000
Epoch 4640 | Val Loss: 18.7783 | Val Cost: 1552.30 | Val Max P-Miss: 0.0800 | Val Max Q-Miss: 0.0287 | Val Max Gen Viol: 0.0116 | Val Max Thermal: 0.0000
Epoch 4650 | Val Loss: 19.9995 | Val Cost: 1589.10 | Val Max P-Miss: 0.1207 | Val Max Q-Miss: 0.0761 | Val Max Gen Viol: 0.0116 | Val Max Thermal: 0.0000
Epoch 4660 | Val Loss: 19.1613 | Val Cost: 1555.26 | Val Max P-Miss: 0.1065 | Val Max Q-Miss: 0.0391 | Val Max Gen Viol: 0.0116 | Val Max Thermal: 0.0000
Epoch 4670 | Val Loss: 19.0800 | Val Cost: 1554.39 | Val Max P-Miss: 0.1021 | Val Max Q-Miss: 0.0318 | Val Max Gen Viol: 0.0116 | Val Max Thermal: 0.0000
Epoch 4680 | Val Loss: 18.9510 | Val Cost: 1554.41 | Val Max P-Miss: 0.0964 | Val Max Q-Miss: 0.0257 | Val Max Gen Viol: 0.0116 | Val Max Thermal: 0.0000
Epoch 4690 | Val Loss: 18.7843 | Val Cost: 1553.72 | Val Max P-Miss: 0.0861 | Val Max Q-Miss: 0.0241 | Val Max Gen Viol: 0.0116 | Val Max Thermal: 0.0000
Epoch 4700 | Val Loss: 18.7133 | Val Cost: 1552.21 | Val Max P-Miss: 0.0781 | Val Max Q-Miss: 0.0245 | Val Max Gen Viol: 0.0116 | Val Max Thermal: 0.0000
Epoch 4710 | Val Loss: 18.8565 | Val Cost: 1546.24 | Val Max P-Miss: 0.1071 | Val Max Q-Miss: 0.0215 | Val Max Gen Viol: 0.0116 | Val Max Thermal: 0.0000
Epoch 4720 | Val Loss: 18.8377 | Val Cost: 1547.37 | Val Max P-Miss: 0.1014 | Val Max Q-Miss: 0.0248 | Val Max Gen Viol: 0.0116 | Val Max Thermal: 0.0000
Epoch 4730 | Val Loss: 18.7893 | Val Cost: 1549.38 | Val Max P-Miss: 0.1005 | Val Max Q-Miss: 0.0234 | Val Max Gen Viol: 0.0116 | Val Max Thermal: 0.0000
Epoch 4740 | Val Loss: 19.1271 | Val Cost: 1555.59 | Val Max P-Miss: 0.0925 | Val Max Q-Miss: 0.0400 | Val Max Gen Viol: 0.0116 | Val Max Thermal: 0.0000
Epoch 4750 | Val Loss: 18.7765 | Val Cost: 1550.87 | Val Max P-Miss: 0.0863 | Val Max Q-Miss: 0.0342 | Val Max Gen Viol: 0.0116 | Val Max Thermal: 0.0000
Epoch 4760 | Val Loss: 18.8492 | Val Cost: 1552.15 | Val Max P-Miss: 0.1004 | Val Max Q-Miss: 0.0258 | Val Max Gen Viol: 0.0116 | Val Max Thermal: 0.0000
Epoch 4770 | Val Loss: 18.7666 | Val Cost: 1551.88 | Val Max P-Miss: 0.0937 | Val Max Q-Miss: 0.0248 | Val Max Gen Viol: 0.0116 | Val Max Thermal: 0.0000
Epoch 4780 | Val Loss: 18.7236 | Val Cost: 1551.62 | Val Max P-Miss: 0.0881 | Val Max Q-Miss: 0.0234 | Val Max Gen Viol: 0.0116 | Val Max Thermal: 0.0000
Epoch 4790 | Val Loss: 18.7154 | Val Cost: 1550.97 | Val Max P-Miss: 0.0842 | Val Max Q-Miss: 0.0244 | Val Max Gen Viol: 0.0116 | Val Max Thermal: 0.0000
Epoch 4800 | Val Loss: 19.1630 | Val Cost: 1531.75 | Val Max P-Miss: 0.0900 | Val Max Q-Miss: 0.0397 | Val Max Gen Viol: 0.0116 | Val Max Thermal: 0.0000
Epoch 4810 | Val Loss: 19.0323 | Val Cost: 1552.90 | Val Max P-Miss: 0.1003 | Val Max Q-Miss: 0.0335 | Val Max Gen Viol: 0.0116 | Val Max Thermal: 0.0000
Epoch 4820 | Val Loss: 19.2121 | Val Cost: 1553.37 | Val Max P-Miss: 0.1072 | Val Max Q-Miss: 0.0419 | Val Max Gen Viol: 0.0116 | Val Max Thermal: 0.0000
Epoch 4830 | Val Loss: 19.2868 | Val Cost: 1554.63 | Val Max P-Miss: 0.1108 | Val Max Q-Miss: 0.0456 | Val Max Gen Viol: 0.0116 | Val Max Thermal: 0.0000
Epoch 4840 | Val Loss: 19.3676 | Val Cost: 1554.93 | Val Max P-Miss: 0.1136 | Val Max Q-Miss: 0.0497 | Val Max Gen Viol: 0.0116 | Val Max Thermal: 0.0000
Epoch 4850 | Val Loss: 19.4651 | Val Cost: 1555.23 | Val Max P-Miss: 0.1167 | Val Max Q-Miss: 0.0526 | Val Max Gen Viol: 0.0116 | Val Max Thermal: 0.0000
Epoch 4860 | Val Loss: 19.6405 | Val Cost: 1555.80 | Val Max P-Miss: 0.1228 | Val Max Q-Miss: 0.0562 | Val Max Gen Viol: 0.0116 | Val Max Thermal: 0.0000
Epoch 4870 | Val Loss: 19.5799 | Val Cost: 1538.11 | Val Max P-Miss: 0.1361 | Val Max Q-Miss: 0.0482 | Val Max Gen Viol: 0.0116 | Val Max Thermal: 0.0000
Epoch 4880 | Val Loss: 19.8600 | Val Cost: 1542.38 | Val Max P-Miss: 0.1215 | Val Max Q-Miss: 0.0375 | Val Max Gen Viol: 0.0116 | Val Max Thermal: 0.0000
Epoch 4890 | Val Loss: 21.8874 | Val Cost: 1550.55 | Val Max P-Miss: 0.1625 | Val Max Q-Miss: 0.0588 | Val Max Gen Viol: 0.0116 | Val Max Thermal: 0.0000
Epoch 4900 | Val Loss: 19.7069 | Val Cost: 1543.38 | Val Max P-Miss: 0.1265 | Val Max Q-Miss: 0.0469 | Val Max Gen Viol: 0.0116 | Val Max Thermal: 0.0000
Epoch 4910 | Val Loss: 19.5576 | Val Cost: 1558.70 | Val Max P-Miss: 0.1160 | Val Max Q-Miss: 0.0394 | Val Max Gen Viol: 0.0116 | Val Max Thermal: 0.0000
Epoch 4920 | Val Loss: 19.2967 | Val Cost: 1547.69 | Val Max P-Miss: 0.1176 | Val Max Q-Miss: 0.0375 | Val Max Gen Viol: 0.0116 | Val Max Thermal: 0.0000
Epoch 4930 | Val Loss: 18.9787 | Val Cost: 1550.61 | Val Max P-Miss: 0.1009 | Val Max Q-Miss: 0.0316 | Val Max Gen Viol: 0.0116 | Val Max Thermal: 0.0000
Epoch 4940 | Val Loss: 19.3525 | Val Cost: 1555.09 | Val Max P-Miss: 0.1167 | Val Max Q-Miss: 0.0358 | Val Max Gen Viol: 0.0116 | Val Max Thermal: 0.0000
Epoch 4950 | Val Loss: 19.4211 | Val Cost: 1556.27 | Val Max P-Miss: 0.1190 | Val Max Q-Miss: 0.0403 | Val Max Gen Viol: 0.0116 | Val Max Thermal: 0.0000
Epoch 4960 | Val Loss: 19.5375 | Val Cost: 1556.68 | Val Max P-Miss: 0.1228 | Val Max Q-Miss: 0.0440 | Val Max Gen Viol: 0.0116 | Val Max Thermal: 0.0000
Epoch 4970 | Val Loss: 19.6613 | Val Cost: 1557.03 | Val Max P-Miss: 0.1263 | Val Max Q-Miss: 0.0475 | Val Max Gen Viol: 0.0116 | Val Max Thermal: 0.0000
Epoch 4980 | Val Loss: 20.0178 | Val Cost: 1539.34 | Val Max P-Miss: 0.1300 | Val Max Q-Miss: 0.0790 | Val Max Gen Viol: 0.0116 | Val Max Thermal: 0.0000
Epoch 4990 | Val Loss: 18.6852 | Val Cost: 1555.62 | Val Max P-Miss: 0.0811 | Val Max Q-Miss: 0.0299 | Val Max Gen Viol: 0.0116 | Val Max Thermal: 0.0000
Epoch 5000 | Val Loss: 18.5833 | Val Cost: 1552.81 | Val Max P-Miss: 0.0777 | Val Max Q-Miss: 0.0268 | Val Max Gen Viol: 0.0116 | Val Max Thermal: 0.0000 [*SAVED BEST*]
Epoch 5010 | Val Loss: 18.5700 | Val Cost: 1552.49 | Val Max P-Miss: 0.0776 | Val Max Q-Miss: 0.0255 | Val Max Gen Viol: 0.0116 | Val Max Thermal: 0.0000 [*SAVED BEST*]
Epoch 5020 | Val Loss: 18.5824 | Val Cost: 1552.97 | Val Max P-Miss: 0.0776 | Val Max Q-Miss: 0.0255 | Val Max Gen Viol: 0.0116 | Val Max Thermal: 0.0000
Epoch 5030 | Val Loss: 18.6547 | Val Cost: 1552.80 | Val Max P-Miss: 0.0793 | Val Max Q-Miss: 0.0266 | Val Max Gen Viol: 0.0116 | Val Max Thermal: 0.0000
Epoch 5040 | Val Loss: 20.0431 | Val Cost: 1529.08 | Val Max P-Miss: 0.1272 | Val Max Q-Miss: 0.0536 | Val Max Gen Viol: 0.0116 | Val Max Thermal: 0.0000
Epoch 5050 | Val Loss: 19.0813 | Val Cost: 1549.89 | Val Max P-Miss: 0.1032 | Val Max Q-Miss: 0.0312 | Val Max Gen Viol: 0.0116 | Val Max Thermal: 0.0000
Epoch 5060 | Val Loss: 18.9787 | Val Cost: 1550.27 | Val Max P-Miss: 0.0919 | Val Max Q-Miss: 0.0261 | Val Max Gen Viol: 0.0116 | Val Max Thermal: 0.0000
Epoch 5070 | Val Loss: 18.8834 | Val Cost: 1553.03 | Val Max P-Miss: 0.0934 | Val Max Q-Miss: 0.0261 | Val Max Gen Viol: 0.0116 | Val Max Thermal: 0.0000
Epoch 5080 | Val Loss: 18.8359 | Val Cost: 1552.60 | Val Max P-Miss: 0.0875 | Val Max Q-Miss: 0.0245 | Val Max Gen Viol: 0.0116 | Val Max Thermal: 0.0000
Epoch 5090 | Val Loss: 18.8666 | Val Cost: 1549.95 | Val Max P-Miss: 0.0858 | Val Max Q-Miss: 0.0264 | Val Max Gen Viol: 0.0116 | Val Max Thermal: 0.0000
Epoch 5100 | Val Loss: 18.7973 | Val Cost: 1552.97 | Val Max P-Miss: 0.0832 | Val Max Q-Miss: 0.0278 | Val Max Gen Viol: 0.0116 | Val Max Thermal: 0.0000
Epoch 5110 | Val Loss: 18.9155 | Val Cost: 1539.86 | Val Max P-Miss: 0.0976 | Val Max Q-Miss: 0.0376 | Val Max Gen Viol: 0.0116 | Val Max Thermal: 0.0000
Epoch 5120 | Val Loss: 18.7857 | Val Cost: 1552.12 | Val Max P-Miss: 0.0948 | Val Max Q-Miss: 0.0239 | Val Max Gen Viol: 0.0116 | Val Max Thermal: 0.0000
Epoch 5130 | Val Loss: 18.8110 | Val Cost: 1550.34 | Val Max P-Miss: 0.0898 | Val Max Q-Miss: 0.0264 | Val Max Gen Viol: 0.0116 | Val Max Thermal: 0.0000
Epoch 5140 | Val Loss: 18.8040 | Val Cost: 1552.40 | Val Max P-Miss: 0.0878 | Val Max Q-Miss: 0.0268 | Val Max Gen Viol: 0.0116 | Val Max Thermal: 0.0000
Epoch 5150 | Val Loss: 18.7507 | Val Cost: 1555.37 | Val Max P-Miss: 0.0808 | Val Max Q-Miss: 0.0262 | Val Max Gen Viol: 0.0116 | Val Max Thermal: 0.0000
Epoch 5160 | Val Loss: 18.8160 | Val Cost: 1545.09 | Val Max P-Miss: 0.0987 | Val Max Q-Miss: 0.0256 | Val Max Gen Viol: 0.0116 | Val Max Thermal: 0.0000
Epoch 5170 | Val Loss: 18.6517 | Val Cost: 1551.46 | Val Max P-Miss: 0.0894 | Val Max Q-Miss: 0.0214 | Val Max Gen Viol: 0.0116 | Val Max Thermal: 0.0000
Epoch 5180 | Val Loss: 18.6031 | Val Cost: 1551.89 | Val Max P-Miss: 0.0825 | Val Max Q-Miss: 0.0197 | Val Max Gen Viol: 0.0116 | Val Max Thermal: 0.0000
Epoch 5190 | Val Loss: 18.5806 | Val Cost: 1553.03 | Val Max P-Miss: 0.0752 | Val Max Q-Miss: 0.0196 | Val Max Gen Viol: 0.0116 | Val Max Thermal: 0.0000
Epoch 5200 | Val Loss: 18.5879 | Val Cost: 1553.03 | Val Max P-Miss: 0.0765 | Val Max Q-Miss: 0.0187 | Val Max Gen Viol: 0.0116 | Val Max Thermal: 0.0000
Epoch 5210 | Val Loss: 19.4082 | Val Cost: 1552.21 | Val Max P-Miss: 0.1032 | Val Max Q-Miss: 0.0460 | Val Max Gen Viol: 0.0116 | Val Max Thermal: 0.0000
Epoch 5220 | Val Loss: 19.0564 | Val Cost: 1555.02 | Val Max P-Miss: 0.1087 | Val Max Q-Miss: 0.0364 | Val Max Gen Viol: 0.0116 | Val Max Thermal: 0.0000
Epoch 5230 | Val Loss: 18.7200 | Val Cost: 1549.53 | Val Max P-Miss: 0.0849 | Val Max Q-Miss: 0.0231 | Val Max Gen Viol: 0.0116 | Val Max Thermal: 0.0000
Epoch 5240 | Val Loss: 19.0445 | Val Cost: 1553.18 | Val Max P-Miss: 0.1063 | Val Max Q-Miss: 0.0281 | Val Max Gen Viol: 0.0116 | Val Max Thermal: 0.0000
Epoch 5250 | Val Loss: 18.9942 | Val Cost: 1553.40 | Val Max P-Miss: 0.1024 | Val Max Q-Miss: 0.0268 | Val Max Gen Viol: 0.0116 | Val Max Thermal: 0.0000
Epoch 5260 | Val Loss: 18.9103 | Val Cost: 1553.38 | Val Max P-Miss: 0.0974 | Val Max Q-Miss: 0.0226 | Val Max Gen Viol: 0.0116 | Val Max Thermal: 0.0000
Epoch 5270 | Val Loss: 18.8317 | Val Cost: 1553.49 | Val Max P-Miss: 0.0910 | Val Max Q-Miss: 0.0228 | Val Max Gen Viol: 0.0116 | Val Max Thermal: 0.0000
Epoch 5280 | Val Loss: 18.7481 | Val Cost: 1552.87 | Val Max P-Miss: 0.0875 | Val Max Q-Miss: 0.0227 | Val Max Gen Viol: 0.0116 | Val Max Thermal: 0.0000
Epoch 5290 | Val Loss: 18.6939 | Val Cost: 1553.43 | Val Max P-Miss: 0.0812 | Val Max Q-Miss: 0.0223 | Val Max Gen Viol: 0.0116 | Val Max Thermal: 0.0000
Epoch 5300 | Val Loss: 18.6597 | Val Cost: 1553.45 | Val Max P-Miss: 0.0772 | Val Max Q-Miss: 0.0217 | Val Max Gen Viol: 0.0116 | Val Max Thermal: 0.0000
Epoch 5310 | Val Loss: 18.6347 | Val Cost: 1553.61 | Val Max P-Miss: 0.0763 | Val Max Q-Miss: 0.0206 | Val Max Gen Viol: 0.0116 | Val Max Thermal: 0.0000
Epoch 5320 | Val Loss: 18.6180 | Val Cost: 1554.05 | Val Max P-Miss: 0.0750 | Val Max Q-Miss: 0.0207 | Val Max Gen Viol: 0.0116 | Val Max Thermal: 0.0000
Epoch 5330 | Val Loss: 18.6210 | Val Cost: 1554.11 | Val Max P-Miss: 0.0747 | Val Max Q-Miss: 0.0200 | Val Max Gen Viol: 0.0116 | Val Max Thermal: 0.0000
Epoch 5340 | Val Loss: 19.3665 | Val Cost: 1549.32 | Val Max P-Miss: 0.0992 | Val Max Q-Miss: 0.0427 | Val Max Gen Viol: 0.0116 | Val Max Thermal: 0.0000
Epoch 5350 | Val Loss: 19.0192 | Val Cost: 1551.21 | Val Max P-Miss: 0.1050 | Val Max Q-Miss: 0.0379 | Val Max Gen Viol: 0.0116 | Val Max Thermal: 0.0000
Epoch 5360 | Val Loss: 18.9533 | Val Cost: 1551.38 | Val Max P-Miss: 0.1033 | Val Max Q-Miss: 0.0334 | Val Max Gen Viol: 0.0116 | Val Max Thermal: 0.0000
Epoch 5370 | Val Loss: 18.8667 | Val Cost: 1551.20 | Val Max P-Miss: 0.0987 | Val Max Q-Miss: 0.0293 | Val Max Gen Viol: 0.0116 | Val Max Thermal: 0.0000
Epoch 5380 | Val Loss: 18.7757 | Val Cost: 1551.71 | Val Max P-Miss: 0.0916 | Val Max Q-Miss: 0.0244 | Val Max Gen Viol: 0.0116 | Val Max Thermal: 0.0000
Epoch 5390 | Val Loss: 18.7069 | Val Cost: 1551.88 | Val Max P-Miss: 0.0873 | Val Max Q-Miss: 0.0207 | Val Max Gen Viol: 0.0116 | Val Max Thermal: 0.0000
Epoch 5400 | Val Loss: 18.6571 | Val Cost: 1551.69 | Val Max P-Miss: 0.0828 | Val Max Q-Miss: 0.0187 | Val Max Gen Viol: 0.0116 | Val Max Thermal: 0.0000
Epoch 5410 | Val Loss: 18.6153 | Val Cost: 1551.85 | Val Max P-Miss: 0.0796 | Val Max Q-Miss: 0.0197 | Val Max Gen Viol: 0.0116 | Val Max Thermal: 0.0000
Epoch 5420 | Val Loss: 18.5850 | Val Cost: 1552.09 | Val Max P-Miss: 0.0781 | Val Max Q-Miss: 0.0217 | Val Max Gen Viol: 0.0116 | Val Max Thermal: 0.0000
Epoch 5430 | Val Loss: 18.6860 | Val Cost: 1552.77 | Val Max P-Miss: 0.0785 | Val Max Q-Miss: 0.0281 | Val Max Gen Viol: 0.0116 | Val Max Thermal: 0.0000
Epoch 5440 | Val Loss: 19.0827 | Val Cost: 1541.18 | Val Max P-Miss: 0.1266 | Val Max Q-Miss: 0.0438 | Val Max Gen Viol: 0.0116 | Val Max Thermal: 0.0000
Epoch 5450 | Val Loss: 19.2810 | Val Cost: 1552.89 | Val Max P-Miss: 0.1117 | Val Max Q-Miss: 0.0363 | Val Max Gen Viol: 0.0116 | Val Max Thermal: 0.0000
Epoch 5460 | Val Loss: 19.7911 | Val Cost: 1542.33 | Val Max P-Miss: 0.1152 | Val Max Q-Miss: 0.0686 | Val Max Gen Viol: 0.0116 | Val Max Thermal: 0.0000
Epoch 5470 | Val Loss: 19.0041 | Val Cost: 1557.11 | Val Max P-Miss: 0.1005 | Val Max Q-Miss: 0.0349 | Val Max Gen Viol: 0.0116 | Val Max Thermal: 0.0000
Epoch 5480 | Val Loss: 18.8517 | Val Cost: 1553.05 | Val Max P-Miss: 0.0913 | Val Max Q-Miss: 0.0276 | Val Max Gen Viol: 0.0116 | Val Max Thermal: 0.0000
Epoch 5490 | Val Loss: 18.7696 | Val Cost: 1551.88 | Val Max P-Miss: 0.0860 | Val Max Q-Miss: 0.0262 | Val Max Gen Viol: 0.0116 | Val Max Thermal: 0.0000
Epoch 5500 | Val Loss: 18.7220 | Val Cost: 1551.45 | Val Max P-Miss: 0.0814 | Val Max Q-Miss: 0.0248 | Val Max Gen Viol: 0.0116 | Val Max Thermal: 0.0000
Epoch 5510 | Val Loss: 18.6909 | Val Cost: 1552.17 | Val Max P-Miss: 0.0786 | Val Max Q-Miss: 0.0240 | Val Max Gen Viol: 0.0116 | Val Max Thermal: 0.0000
Epoch 5520 | Val Loss: 18.6515 | Val Cost: 1552.51 | Val Max P-Miss: 0.0777 | Val Max Q-Miss: 0.0229 | Val Max Gen Viol: 0.0116 | Val Max Thermal: 0.0000
Epoch 5530 | Val Loss: 18.6357 | Val Cost: 1553.14 | Val Max P-Miss: 0.0780 | Val Max Q-Miss: 0.0227 | Val Max Gen Viol: 0.0116 | Val Max Thermal: 0.0000
Epoch 5540 | Val Loss: 18.6379 | Val Cost: 1554.35 | Val Max P-Miss: 0.0787 | Val Max Q-Miss: 0.0226 | Val Max Gen Viol: 0.0116 | Val Max Thermal: 0.0000
Epoch 5550 | Val Loss: 18.6534 | Val Cost: 1553.34 | Val Max P-Miss: 0.0786 | Val Max Q-Miss: 0.0253 | Val Max Gen Viol: 0.0116 | Val Max Thermal: 0.0000
Epoch 5560 | Val Loss: 20.0940 | Val Cost: 1499.15 | Val Max P-Miss: 0.1545 | Val Max Q-Miss: 0.0819 | Val Max Gen Viol: 0.0116 | Val Max Thermal: 0.0000
Epoch 5570 | Val Loss: 19.0644 | Val Cost: 1542.73 | Val Max P-Miss: 0.1191 | Val Max Q-Miss: 0.0533 | Val Max Gen Viol: 0.0116 | Val Max Thermal: 0.0000
Epoch 5580 | Val Loss: 19.0708 | Val Cost: 1550.49 | Val Max P-Miss: 0.1139 | Val Max Q-Miss: 0.0383 | Val Max Gen Viol: 0.0116 | Val Max Thermal: 0.0000
Epoch 5590 | Val Loss: 18.9019 | Val Cost: 1550.42 | Val Max P-Miss: 0.1062 | Val Max Q-Miss: 0.0317 | Val Max Gen Viol: 0.0116 | Val Max Thermal: 0.0000
Epoch 5600 | Val Loss: 18.8118 | Val Cost: 1551.09 | Val Max P-Miss: 0.1010 | Val Max Q-Miss: 0.0277 | Val Max Gen Viol: 0.0116 | Val Max Thermal: 0.0000
Epoch 5610 | Val Loss: 18.7361 | Val Cost: 1551.28 | Val Max P-Miss: 0.0941 | Val Max Q-Miss: 0.0244 | Val Max Gen Viol: 0.0116 | Val Max Thermal: 0.0000
Epoch 5620 | Val Loss: 18.6887 | Val Cost: 1551.36 | Val Max P-Miss: 0.0900 | Val Max Q-Miss: 0.0249 | Val Max Gen Viol: 0.0116 | Val Max Thermal: 0.0000
Epoch 5630 | Val Loss: 18.6473 | Val Cost: 1552.14 | Val Max P-Miss: 0.0816 | Val Max Q-Miss: 0.0275 | Val Max Gen Viol: 0.0116 | Val Max Thermal: 0.0000
Epoch 5640 | Val Loss: 18.6688 | Val Cost: 1551.17 | Val Max P-Miss: 0.0782 | Val Max Q-Miss: 0.0275 | Val Max Gen Viol: 0.0116 | Val Max Thermal: 0.0000
Epoch 5650 | Val Loss: 18.7388 | Val Cost: 1544.29 | Val Max P-Miss: 0.0962 | Val Max Q-Miss: 0.0361 | Val Max Gen Viol: 0.0116 | Val Max Thermal: 0.0000
Epoch 5660 | Val Loss: 19.0773 | Val Cost: 1557.33 | Val Max P-Miss: 0.1090 | Val Max Q-Miss: 0.0416 | Val Max Gen Viol: 0.0116 | Val Max Thermal: 0.0000
Epoch 5670 | Val Loss: 18.8188 | Val Cost: 1551.79 | Val Max P-Miss: 0.0877 | Val Max Q-Miss: 0.0250 | Val Max Gen Viol: 0.0116 | Val Max Thermal: 0.0000
Epoch 5680 | Val Loss: 18.7749 | Val Cost: 1553.70 | Val Max P-Miss: 0.0851 | Val Max Q-Miss: 0.0246 | Val Max Gen Viol: 0.0116 | Val Max Thermal: 0.0000
Epoch 5690 | Val Loss: 18.6991 | Val Cost: 1553.17 | Val Max P-Miss: 0.0776 | Val Max Q-Miss: 0.0253 | Val Max Gen Viol: 0.0116 | Val Max Thermal: 0.0000
Epoch 5700 | Val Loss: 18.6351 | Val Cost: 1553.74 | Val Max P-Miss: 0.0764 | Val Max Q-Miss: 0.0260 | Val Max Gen Viol: 0.0116 | Val Max Thermal: 0.0000
Epoch 5710 | Val Loss: 18.6029 | Val Cost: 1554.01 | Val Max P-Miss: 0.0753 | Val Max Q-Miss: 0.0264 | Val Max Gen Viol: 0.0116 | Val Max Thermal: 0.0000
Epoch 5720 | Val Loss: 18.6042 | Val Cost: 1554.11 | Val Max P-Miss: 0.0760 | Val Max Q-Miss: 0.0264 | Val Max Gen Viol: 0.0116 | Val Max Thermal: 0.0000
Epoch 5730 | Val Loss: 18.6375 | Val Cost: 1553.37 | Val Max P-Miss: 0.0761 | Val Max Q-Miss: 0.0268 | Val Max Gen Viol: 0.0116 | Val Max Thermal: 0.0000
Epoch 5740 | Val Loss: 19.0004 | Val Cost: 1545.54 | Val Max P-Miss: 0.0951 | Val Max Q-Miss: 0.0291 | Val Max Gen Viol: 0.0116 | Val Max Thermal: 0.0000
Epoch 5750 | Val Loss: 18.9434 | Val Cost: 1551.02 | Val Max P-Miss: 0.1069 | Val Max Q-Miss: 0.0323 | Val Max Gen Viol: 0.0116 | Val Max Thermal: 0.0000
Epoch 5760 | Val Loss: 18.9259 | Val Cost: 1551.46 | Val Max P-Miss: 0.1055 | Val Max Q-Miss: 0.0278 | Val Max Gen Viol: 0.0116 | Val Max Thermal: 0.0000
Epoch 5770 | Val Loss: 18.8379 | Val Cost: 1551.52 | Val Max P-Miss: 0.0991 | Val Max Q-Miss: 0.0240 | Val Max Gen Viol: 0.0116 | Val Max Thermal: 0.0000
Epoch 5780 | Val Loss: 18.7645 | Val Cost: 1551.36 | Val Max P-Miss: 0.0943 | Val Max Q-Miss: 0.0233 | Val Max Gen Viol: 0.0116 | Val Max Thermal: 0.0000
Epoch 5790 | Val Loss: 18.6916 | Val Cost: 1551.21 | Val Max P-Miss: 0.0879 | Val Max Q-Miss: 0.0229 | Val Max Gen Viol: 0.0116 | Val Max Thermal: 0.0000
Epoch 5800 | Val Loss: 18.6439 | Val Cost: 1551.72 | Val Max P-Miss: 0.0847 | Val Max Q-Miss: 0.0249 | Val Max Gen Viol: 0.0116 | Val Max Thermal: 0.0000
Epoch 5810 | Val Loss: 18.6657 | Val Cost: 1551.56 | Val Max P-Miss: 0.0810 | Val Max Q-Miss: 0.0297 | Val Max Gen Viol: 0.0116 | Val Max Thermal: 0.0000
Epoch 5820 | Val Loss: 18.8382 | Val Cost: 1549.51 | Val Max P-Miss: 0.0838 | Val Max Q-Miss: 0.0267 | Val Max Gen Viol: 0.0116 | Val Max Thermal: 0.0000
Epoch 5830 | Val Loss: 19.1882 | Val Cost: 1547.31 | Val Max P-Miss: 0.1341 | Val Max Q-Miss: 0.0366 | Val Max Gen Viol: 0.0116 | Val Max Thermal: 0.0000
Epoch 5840 | Val Loss: 18.8185 | Val Cost: 1553.17 | Val Max P-Miss: 0.0904 | Val Max Q-Miss: 0.0294 | Val Max Gen Viol: 0.0116 | Val Max Thermal: 0.0000
Epoch 5850 | Val Loss: 18.8302 | Val Cost: 1554.92 | Val Max P-Miss: 0.0888 | Val Max Q-Miss: 0.0266 | Val Max Gen Viol: 0.0116 | Val Max Thermal: 0.0000
Epoch 5860 | Val Loss: 18.7510 | Val Cost: 1554.62 | Val Max P-Miss: 0.0834 | Val Max Q-Miss: 0.0264 | Val Max Gen Viol: 0.0116 | Val Max Thermal: 0.0000
Epoch 5870 | Val Loss: 18.6823 | Val Cost: 1554.33 | Val Max P-Miss: 0.0768 | Val Max Q-Miss: 0.0260 | Val Max Gen Viol: 0.0116 | Val Max Thermal: 0.0000
Epoch 5880 | Val Loss: 18.6406 | Val Cost: 1554.42 | Val Max P-Miss: 0.0749 | Val Max Q-Miss: 0.0259 | Val Max Gen Viol: 0.0116 | Val Max Thermal: 0.0000
Epoch 5890 | Val Loss: 18.6285 | Val Cost: 1554.62 | Val Max P-Miss: 0.0744 | Val Max Q-Miss: 0.0242 | Val Max Gen Viol: 0.0116 | Val Max Thermal: 0.0000
Epoch 5900 | Val Loss: 18.6243 | Val Cost: 1554.87 | Val Max P-Miss: 0.0746 | Val Max Q-Miss: 0.0242 | Val Max Gen Viol: 0.0116 | Val Max Thermal: 0.0000
Epoch 5910 | Val Loss: 18.6429 | Val Cost: 1555.09 | Val Max P-Miss: 0.0754 | Val Max Q-Miss: 0.0301 | Val Max Gen Viol: 0.0116 | Val Max Thermal: 0.0000
Epoch 5920 | Val Loss: 18.8004 | Val Cost: 1553.12 | Val Max P-Miss: 0.0824 | Val Max Q-Miss: 0.0324 | Val Max Gen Viol: 0.0116 | Val Max Thermal: 0.0000
Epoch 5930 | Val Loss: 19.0246 | Val Cost: 1552.57 | Val Max P-Miss: 0.1129 | Val Max Q-Miss: 0.0302 | Val Max Gen Viol: 0.0116 | Val Max Thermal: 0.0000
Epoch 5940 | Val Loss: 19.1141 | Val Cost: 1552.23 | Val Max P-Miss: 0.1164 | Val Max Q-Miss: 0.0372 | Val Max Gen Viol: 0.0116 | Val Max Thermal: 0.0000
Epoch 5950 | Val Loss: 19.1886 | Val Cost: 1553.53 | Val Max P-Miss: 0.1208 | Val Max Q-Miss: 0.0389 | Val Max Gen Viol: 0.0116 | Val Max Thermal: 0.0000
Epoch 5960 | Val Loss: 19.2537 | Val Cost: 1553.31 | Val Max P-Miss: 0.1231 | Val Max Q-Miss: 0.0401 | Val Max Gen Viol: 0.0116 | Val Max Thermal: 0.0000
Epoch 5970 | Val Loss: 19.7477 | Val Cost: 1544.68 | Val Max P-Miss: 0.1269 | Val Max Q-Miss: 0.0469 | Val Max Gen Viol: 0.0116 | Val Max Thermal: 0.0000
Epoch 5980 | Val Loss: 19.3516 | Val Cost: 1548.21 | Val Max P-Miss: 0.1019 | Val Max Q-Miss: 0.0662 | Val Max Gen Viol: 0.0116 | Val Max Thermal: 0.0000
Epoch 5990 | Val Loss: 19.1903 | Val Cost: 1546.92 | Val Max P-Miss: 0.1255 | Val Max Q-Miss: 0.0446 | Val Max Gen Viol: 0.0116 | Val Max Thermal: 0.0000
Epoch 6000 | Val Loss: 19.1725 | Val Cost: 1550.04 | Val Max P-Miss: 0.1234 | Val Max Q-Miss: 0.0368 | Val Max Gen Viol: 0.0116 | Val Max Thermal: 0.0000
Epoch 6010 | Val Loss: 19.0671 | Val Cost: 1550.35 | Val Max P-Miss: 0.1158 | Val Max Q-Miss: 0.0318 | Val Max Gen Viol: 0.0116 | Val Max Thermal: 0.0000
Epoch 6020 | Val Loss: 18.9539 | Val Cost: 1550.73 | Val Max P-Miss: 0.1089 | Val Max Q-Miss: 0.0269 | Val Max Gen Viol: 0.0116 | Val Max Thermal: 0.0000
Epoch 6030 | Val Loss: 18.8717 | Val Cost: 1550.69 | Val Max P-Miss: 0.1030 | Val Max Q-Miss: 0.0236 | Val Max Gen Viol: 0.0116 | Val Max Thermal: 0.0000
Epoch 6040 | Val Loss: 18.8125 | Val Cost: 1551.79 | Val Max P-Miss: 0.0993 | Val Max Q-Miss: 0.0230 | Val Max Gen Viol: 0.0116 | Val Max Thermal: 0.0000
Epoch 6050 | Val Loss: 18.7779 | Val Cost: 1552.05 | Val Max P-Miss: 0.0956 | Val Max Q-Miss: 0.0249 | Val Max Gen Viol: 0.0116 | Val Max Thermal: 0.0000
Epoch 6060 | Val Loss: 19.0553 | Val Cost: 1539.19 | Val Max P-Miss: 0.1089 | Val Max Q-Miss: 0.0265 | Val Max Gen Viol: 0.0116 | Val Max Thermal: 0.0000
Epoch 6070 | Val Loss: 18.8182 | Val Cost: 1545.74 | Val Max P-Miss: 0.1099 | Val Max Q-Miss: 0.0279 | Val Max Gen Viol: 0.0116 | Val Max Thermal: 0.0000
Epoch 6080 | Val Loss: 18.7310 | Val Cost: 1547.45 | Val Max P-Miss: 0.1002 | Val Max Q-Miss: 0.0270 | Val Max Gen Viol: 0.0116 | Val Max Thermal: 0.0000
Epoch 6090 | Val Loss: 18.7293 | Val Cost: 1548.09 | Val Max P-Miss: 0.1006 | Val Max Q-Miss: 0.0258 | Val Max Gen Viol: 0.0116 | Val Max Thermal: 0.0000
Epoch 6100 | Val Loss: 18.7478 | Val Cost: 1548.65 | Val Max P-Miss: 0.1030 | Val Max Q-Miss: 0.0263 | Val Max Gen Viol: 0.0116 | Val Max Thermal: 0.0000
Epoch 6110 | Val Loss: 18.7812 | Val Cost: 1548.14 | Val Max P-Miss: 0.1034 | Val Max Q-Miss: 0.0272 | Val Max Gen Viol: 0.0116 | Val Max Thermal: 0.0000
Epoch 6120 | Val Loss: 18.7650 | Val Cost: 1549.59 | Val Max P-Miss: 0.1021 | Val Max Q-Miss: 0.0262 | Val Max Gen Viol: 0.0116 | Val Max Thermal: 0.0000
Epoch 6130 | Val Loss: 19.0515 | Val Cost: 1543.17 | Val Max P-Miss: 0.0883 | Val Max Q-Miss: 0.0510 | Val Max Gen Viol: 0.0116 | Val Max Thermal: 0.0000
Epoch 6140 | Val Loss: 19.0754 | Val Cost: 1549.20 | Val Max P-Miss: 0.0870 | Val Max Q-Miss: 0.0441 | Val Max Gen Viol: 0.0116 | Val Max Thermal: 0.0000
Epoch 6150 | Val Loss: 18.8353 | Val Cost: 1549.13 | Val Max P-Miss: 0.0854 | Val Max Q-Miss: 0.0300 | Val Max Gen Viol: 0.0116 | Val Max Thermal: 0.0000
Epoch 6160 | Val Loss: 18.8762 | Val Cost: 1550.58 | Val Max P-Miss: 0.0921 | Val Max Q-Miss: 0.0315 | Val Max Gen Viol: 0.0116 | Val Max Thermal: 0.0000
Epoch 6170 | Val Loss: 18.9438 | Val Cost: 1551.45 | Val Max P-Miss: 0.0946 | Val Max Q-Miss: 0.0374 | Val Max Gen Viol: 0.0116 | Val Max Thermal: 0.0000
Epoch 6180 | Val Loss: 19.0210 | Val Cost: 1551.37 | Val Max P-Miss: 0.0983 | Val Max Q-Miss: 0.0416 | Val Max Gen Viol: 0.0116 | Val Max Thermal: 0.0000
Epoch 6190 | Val Loss: 19.0916 | Val Cost: 1551.48 | Val Max P-Miss: 0.1020 | Val Max Q-Miss: 0.0442 | Val Max Gen Viol: 0.0116 | Val Max Thermal: 0.0000
Epoch 6200 | Val Loss: 19.1516 | Val Cost: 1551.85 | Val Max P-Miss: 0.1031 | Val Max Q-Miss: 0.0468 | Val Max Gen Viol: 0.0116 | Val Max Thermal: 0.0000
Epoch 6210 | Val Loss: 19.2092 | Val Cost: 1554.03 | Val Max P-Miss: 0.1021 | Val Max Q-Miss: 0.0471 | Val Max Gen Viol: 0.0116 | Val Max Thermal: 0.0000
Epoch 6220 | Val Loss: 19.0386 | Val Cost: 1549.54 | Val Max P-Miss: 0.0989 | Val Max Q-Miss: 0.0355 | Val Max Gen Viol: 0.0116 | Val Max Thermal: 0.0000
Epoch 6230 | Val Loss: 19.4548 | Val Cost: 1548.40 | Val Max P-Miss: 0.1130 | Val Max Q-Miss: 0.0446 | Val Max Gen Viol: 0.0116 | Val Max Thermal: 0.0000
Epoch 6240 | Val Loss: 19.1646 | Val Cost: 1551.24 | Val Max P-Miss: 0.1052 | Val Max Q-Miss: 0.0400 | Val Max Gen Viol: 0.0116 | Val Max Thermal: 0.0000
Epoch 6250 | Val Loss: 18.9599 | Val Cost: 1551.23 | Val Max P-Miss: 0.0975 | Val Max Q-Miss: 0.0348 | Val Max Gen Viol: 0.0116 | Val Max Thermal: 0.0000
Epoch 6260 | Val Loss: 18.8924 | Val Cost: 1550.94 | Val Max P-Miss: 0.0934 | Val Max Q-Miss: 0.0338 | Val Max Gen Viol: 0.0116 | Val Max Thermal: 0.0000
Epoch 6270 | Val Loss: 18.8534 | Val Cost: 1550.63 | Val Max P-Miss: 0.0899 | Val Max Q-Miss: 0.0325 | Val Max Gen Viol: 0.0116 | Val Max Thermal: 0.0000
Epoch 6280 | Val Loss: 18.7957 | Val Cost: 1550.53 | Val Max P-Miss: 0.0870 | Val Max Q-Miss: 0.0323 | Val Max Gen Viol: 0.0116 | Val Max Thermal: 0.0000
Epoch 6290 | Val Loss: 18.7428 | Val Cost: 1550.62 | Val Max P-Miss: 0.0869 | Val Max Q-Miss: 0.0317 | Val Max Gen Viol: 0.0116 | Val Max Thermal: 0.0000
Epoch 6300 | Val Loss: 18.7057 | Val Cost: 1551.10 | Val Max P-Miss: 0.0870 | Val Max Q-Miss: 0.0312 | Val Max Gen Viol: 0.0116 | Val Max Thermal: 0.0000
Epoch 6310 | Val Loss: 18.6874 | Val Cost: 1551.72 | Val Max P-Miss: 0.0890 | Val Max Q-Miss: 0.0308 | Val Max Gen Viol: 0.0116 | Val Max Thermal: 0.0000
Epoch 6320 | Val Loss: 18.6863 | Val Cost: 1550.99 | Val Max P-Miss: 0.0939 | Val Max Q-Miss: 0.0302 | Val Max Gen Viol: 0.0116 | Val Max Thermal: 0.0000
Epoch 6330 | Val Loss: 18.6909 | Val Cost: 1550.05 | Val Max P-Miss: 0.0914 | Val Max Q-Miss: 0.0310 | Val Max Gen Viol: 0.0116 | Val Max Thermal: 0.0000
Epoch 6340 | Val Loss: 18.7135 | Val Cost: 1550.60 | Val Max P-Miss: 0.0773 | Val Max Q-Miss: 0.0304 | Val Max Gen Viol: 0.0116 | Val Max Thermal: 0.0000
Epoch 6350 | Val Loss: 18.8190 | Val Cost: 1556.45 | Val Max P-Miss: 0.1065 | Val Max Q-Miss: 0.0326 | Val Max Gen Viol: 0.0116 | Val Max Thermal: 0.0000
Epoch 6360 | Val Loss: 18.9038 | Val Cost: 1549.57 | Val Max P-Miss: 0.1071 | Val Max Q-Miss: 0.0295 | Val Max Gen Viol: 0.0116 | Val Max Thermal: 0.0000
Epoch 6370 | Val Loss: 18.9527 | Val Cost: 1550.39 | Val Max P-Miss: 0.1086 | Val Max Q-Miss: 0.0328 | Val Max Gen Viol: 0.0116 | Val Max Thermal: 0.0000
Epoch 6380 | Val Loss: 18.9996 | Val Cost: 1551.28 | Val Max P-Miss: 0.1085 | Val Max Q-Miss: 0.0358 | Val Max Gen Viol: 0.0116 | Val Max Thermal: 0.0000
Epoch 6390 | Val Loss: 19.0991 | Val Cost: 1551.61 | Val Max P-Miss: 0.1131 | Val Max Q-Miss: 0.0396 | Val Max Gen Viol: 0.0116 | Val Max Thermal: 0.0000
Epoch 6400 | Val Loss: 19.2307 | Val Cost: 1552.82 | Val Max P-Miss: 0.1204 | Val Max Q-Miss: 0.0448 | Val Max Gen Viol: 0.0116 | Val Max Thermal: 0.0000
Epoch 6410 | Val Loss: 19.3299 | Val Cost: 1552.39 | Val Max P-Miss: 0.1247 | Val Max Q-Miss: 0.0459 | Val Max Gen Viol: 0.0116 | Val Max Thermal: 0.0000
Epoch 6420 | Val Loss: 19.3723 | Val Cost: 1552.54 | Val Max P-Miss: 0.1272 | Val Max Q-Miss: 0.0482 | Val Max Gen Viol: 0.0116 | Val Max Thermal: 0.0000
Epoch 6430 | Val Loss: 19.3706 | Val Cost: 1551.08 | Val Max P-Miss: 0.1261 | Val Max Q-Miss: 0.0473 | Val Max Gen Viol: 0.0116 | Val Max Thermal: 0.0000
Epoch 6440 | Val Loss: 19.2685 | Val Cost: 1548.67 | Val Max P-Miss: 0.1210 | Val Max Q-Miss: 0.0411 | Val Max Gen Viol: 0.0116 | Val Max Thermal: 0.0000
Epoch 6450 | Val Loss: 19.1430 | Val Cost: 1549.16 | Val Max P-Miss: 0.1166 | Val Max Q-Miss: 0.0372 | Val Max Gen Viol: 0.0116 | Val Max Thermal: 0.0000
Epoch 6460 | Val Loss: 19.0431 | Val Cost: 1549.70 | Val Max P-Miss: 0.1115 | Val Max Q-Miss: 0.0331 | Val Max Gen Viol: 0.0116 | Val Max Thermal: 0.0000
Epoch 6470 | Val Loss: 18.9725 | Val Cost: 1549.75 | Val Max P-Miss: 0.1063 | Val Max Q-Miss: 0.0294 | Val Max Gen Viol: 0.0116 | Val Max Thermal: 0.0000
Epoch 6480 | Val Loss: 18.9086 | Val Cost: 1551.03 | Val Max P-Miss: 0.1068 | Val Max Q-Miss: 0.0288 | Val Max Gen Viol: 0.0116 | Val Max Thermal: 0.0000
Epoch 6490 | Val Loss: 18.8465 | Val Cost: 1551.13 | Val Max P-Miss: 0.1046 | Val Max Q-Miss: 0.0288 | Val Max Gen Viol: 0.0116 | Val Max Thermal: 0.0000
Epoch 6500 | Val Loss: 18.7783 | Val Cost: 1550.97 | Val Max P-Miss: 0.0999 | Val Max Q-Miss: 0.0279 | Val Max Gen Viol: 0.0116 | Val Max Thermal: 0.0000
Epoch 6510 | Val Loss: 18.7327 | Val Cost: 1550.83 | Val Max P-Miss: 0.0955 | Val Max Q-Miss: 0.0269 | Val Max Gen Viol: 0.0116 | Val Max Thermal: 0.0000
Epoch 6520 | Val Loss: 18.6878 | Val Cost: 1550.49 | Val Max P-Miss: 0.0904 | Val Max Q-Miss: 0.0264 | Val Max Gen Viol: 0.0116 | Val Max Thermal: 0.0000
Epoch 6530 | Val Loss: 19.3697 | Val Cost: 1534.19 | Val Max P-Miss: 0.1097 | Val Max Q-Miss: 0.0330 | Val Max Gen Viol: 0.0116 | Val Max Thermal: 0.0000
Epoch 6540 | Val Loss: 19.3285 | Val Cost: 1532.57 | Val Max P-Miss: 0.1253 | Val Max Q-Miss: 0.0401 | Val Max Gen Viol: 0.0116 | Val Max Thermal: 0.0000
Epoch 6550 | Val Loss: 18.7807 | Val Cost: 1559.42 | Val Max P-Miss: 0.0804 | Val Max Q-Miss: 0.0551 | Val Max Gen Viol: 0.0116 | Val Max Thermal: 0.0000
Epoch 6560 | Val Loss: 18.6367 | Val Cost: 1549.53 | Val Max P-Miss: 0.0771 | Val Max Q-Miss: 0.0276 | Val Max Gen Viol: 0.0116 | Val Max Thermal: 0.0000
Epoch 6570 | Val Loss: 18.7364 | Val Cost: 1550.56 | Val Max P-Miss: 0.0812 | Val Max Q-Miss: 0.0241 | Val Max Gen Viol: 0.0116 | Val Max Thermal: 0.0000
Epoch 6580 | Val Loss: 18.8380 | Val Cost: 1550.06 | Val Max P-Miss: 0.0878 | Val Max Q-Miss: 0.0270 | Val Max Gen Viol: 0.0116 | Val Max Thermal: 0.0000
Epoch 6590 | Val Loss: 18.8886 | Val Cost: 1550.40 | Val Max P-Miss: 0.0905 | Val Max Q-Miss: 0.0325 | Val Max Gen Viol: 0.0116 | Val Max Thermal: 0.0000
Epoch 6600 | Val Loss: 18.9266 | Val Cost: 1550.75 | Val Max P-Miss: 0.0922 | Val Max Q-Miss: 0.0350 | Val Max Gen Viol: 0.0116 | Val Max Thermal: 0.0000
Epoch 6610 | Val Loss: 18.9781 | Val Cost: 1551.11 | Val Max P-Miss: 0.0958 | Val Max Q-Miss: 0.0374 | Val Max Gen Viol: 0.0116 | Val Max Thermal: 0.0000
Epoch 6620 | Val Loss: 19.0249 | Val Cost: 1551.75 | Val Max P-Miss: 0.0965 | Val Max Q-Miss: 0.0399 | Val Max Gen Viol: 0.0116 | Val Max Thermal: 0.0000
Epoch 6630 | Val Loss: 20.2217 | Val Cost: 1543.62 | Val Max P-Miss: 0.1190 | Val Max Q-Miss: 0.0568 | Val Max Gen Viol: 0.0116 | Val Max Thermal: 0.0000
Epoch 6640 | Val Loss: 19.0906 | Val Cost: 1545.81 | Val Max P-Miss: 0.1123 | Val Max Q-Miss: 0.0384 | Val Max Gen Viol: 0.0116 | Val Max Thermal: 0.0000
Epoch 6650 | Val Loss: 19.1383 | Val Cost: 1551.50 | Val Max P-Miss: 0.1054 | Val Max Q-Miss: 0.0387 | Val Max Gen Viol: 0.0116 | Val Max Thermal: 0.0000
Epoch 6660 | Val Loss: 18.9215 | Val Cost: 1550.77 | Val Max P-Miss: 0.0952 | Val Max Q-Miss: 0.0342 | Val Max Gen Viol: 0.0116 | Val Max Thermal: 0.0000
Epoch 6670 | Val Loss: 18.8583 | Val Cost: 1550.79 | Val Max P-Miss: 0.0924 | Val Max Q-Miss: 0.0339 | Val Max Gen Viol: 0.0116 | Val Max Thermal: 0.0000
Epoch 6680 | Val Loss: 18.7986 | Val Cost: 1550.64 | Val Max P-Miss: 0.0872 | Val Max Q-Miss: 0.0335 | Val Max Gen Viol: 0.0116 | Val Max Thermal: 0.0000
Epoch 6690 | Val Loss: 18.7442 | Val Cost: 1550.71 | Val Max P-Miss: 0.0839 | Val Max Q-Miss: 0.0335 | Val Max Gen Viol: 0.0116 | Val Max Thermal: 0.0000
Epoch 6700 | Val Loss: 18.6825 | Val Cost: 1550.71 | Val Max P-Miss: 0.0782 | Val Max Q-Miss: 0.0332 | Val Max Gen Viol: 0.0116 | Val Max Thermal: 0.0000
Epoch 6710 | Val Loss: 18.8016 | Val Cost: 1540.21 | Val Max P-Miss: 0.0947 | Val Max Q-Miss: 0.0472 | Val Max Gen Viol: 0.0116 | Val Max Thermal: 0.0000
Epoch 6720 | Val Loss: 18.6979 | Val Cost: 1550.79 | Val Max P-Miss: 0.0938 | Val Max Q-Miss: 0.0233 | Val Max Gen Viol: 0.0116 | Val Max Thermal: 0.0000
Epoch 6730 | Val Loss: 19.1843 | Val Cost: 1539.83 | Val Max P-Miss: 0.0855 | Val Max Q-Miss: 0.0472 | Val Max Gen Viol: 0.0116 | Val Max Thermal: 0.0000
Epoch 6740 | Val Loss: 18.7175 | Val Cost: 1548.84 | Val Max P-Miss: 0.0873 | Val Max Q-Miss: 0.0334 | Val Max Gen Viol: 0.0116 | Val Max Thermal: 0.0000
Epoch 6750 | Val Loss: 18.7536 | Val Cost: 1549.27 | Val Max P-Miss: 0.0954 | Val Max Q-Miss: 0.0354 | Val Max Gen Viol: 0.0116 | Val Max Thermal: 0.0000
Epoch 6760 | Val Loss: 18.8302 | Val Cost: 1549.55 | Val Max P-Miss: 0.0985 | Val Max Q-Miss: 0.0388 | Val Max Gen Viol: 0.0116 | Val Max Thermal: 0.0000
Epoch 6770 | Val Loss: 18.9128 | Val Cost: 1549.93 | Val Max P-Miss: 0.1016 | Val Max Q-Miss: 0.0437 | Val Max Gen Viol: 0.0116 | Val Max Thermal: 0.0000
Epoch 6780 | Val Loss: 18.9684 | Val Cost: 1550.05 | Val Max P-Miss: 0.1035 | Val Max Q-Miss: 0.0454 | Val Max Gen Viol: 0.0116 | Val Max Thermal: 0.0000
Epoch 6790 | Val Loss: 19.0248 | Val Cost: 1550.32 | Val Max P-Miss: 0.1082 | Val Max Q-Miss: 0.0473 | Val Max Gen Viol: 0.0116 | Val Max Thermal: 0.0000
Epoch 6800 | Val Loss: 19.1829 | Val Cost: 1545.03 | Val Max P-Miss: 0.1077 | Val Max Q-Miss: 0.0509 | Val Max Gen Viol: 0.0116 | Val Max Thermal: 0.0000
Epoch 6810 | Val Loss: 19.0652 | Val Cost: 1549.15 | Val Max P-Miss: 0.0929 | Val Max Q-Miss: 0.0392 | Val Max Gen Viol: 0.0116 | Val Max Thermal: 0.0000
Epoch 6820 | Val Loss: 19.1318 | Val Cost: 1546.58 | Val Max P-Miss: 0.1194 | Val Max Q-Miss: 0.0458 | Val Max Gen Viol: 0.0116 | Val Max Thermal: 0.0000
Epoch 6830 | Val Loss: 18.9488 | Val Cost: 1552.58 | Val Max P-Miss: 0.1079 | Val Max Q-Miss: 0.0421 | Val Max Gen Viol: 0.0116 | Val Max Thermal: 0.0000
Epoch 6840 | Val Loss: 19.8102 | Val Cost: 1544.93 | Val Max P-Miss: 0.1414 | Val Max Q-Miss: 0.0497 | Val Max Gen Viol: 0.0116 | Val Max Thermal: 0.0000
Epoch 6850 | Val Loss: 18.9561 | Val Cost: 1549.54 | Val Max P-Miss: 0.1111 | Val Max Q-Miss: 0.0417 | Val Max Gen Viol: 0.0116 | Val Max Thermal: 0.0000
Epoch 6860 | Val Loss: 18.8730 | Val Cost: 1549.34 | Val Max P-Miss: 0.1049 | Val Max Q-Miss: 0.0363 | Val Max Gen Viol: 0.0116 | Val Max Thermal: 0.0000
Epoch 6870 | Val Loss: 18.7893 | Val Cost: 1549.11 | Val Max P-Miss: 0.0979 | Val Max Q-Miss: 0.0314 | Val Max Gen Viol: 0.0116 | Val Max Thermal: 0.0000
Epoch 6880 | Val Loss: 18.7161 | Val Cost: 1549.33 | Val Max P-Miss: 0.0943 | Val Max Q-Miss: 0.0309 | Val Max Gen Viol: 0.0116 | Val Max Thermal: 0.0000
Epoch 6890 | Val Loss: 18.6619 | Val Cost: 1549.65 | Val Max P-Miss: 0.0882 | Val Max Q-Miss: 0.0302 | Val Max Gen Viol: 0.0116 | Val Max Thermal: 0.0000
Epoch 6900 | Val Loss: 18.6233 | Val Cost: 1549.84 | Val Max P-Miss: 0.0850 | Val Max Q-Miss: 0.0304 | Val Max Gen Viol: 0.0116 | Val Max Thermal: 0.0000
Epoch 6910 | Val Loss: 18.5941 | Val Cost: 1549.11 | Val Max P-Miss: 0.0753 | Val Max Q-Miss: 0.0325 | Val Max Gen Viol: 0.0116 | Val Max Thermal: 0.0000
Epoch 6920 | Val Loss: 18.7616 | Val Cost: 1553.02 | Val Max P-Miss: 0.0858 | Val Max Q-Miss: 0.0333 | Val Max Gen Viol: 0.0116 | Val Max Thermal: 0.0000
Epoch 6930 | Val Loss: 18.5584 | Val Cost: 1553.69 | Val Max P-Miss: 0.0757 | Val Max Q-Miss: 0.0457 | Val Max Gen Viol: 0.0116 | Val Max Thermal: 0.0000 [*SAVED BEST*]
Epoch 6940 | Val Loss: 18.7897 | Val Cost: 1550.86 | Val Max P-Miss: 0.0869 | Val Max Q-Miss: 0.0273 | Val Max Gen Viol: 0.0116 | Val Max Thermal: 0.0000
Epoch 6950 | Val Loss: 18.8959 | Val Cost: 1550.44 | Val Max P-Miss: 0.0909 | Val Max Q-Miss: 0.0337 | Val Max Gen Viol: 0.0116 | Val Max Thermal: 0.0000
Epoch 6960 | Val Loss: 18.9472 | Val Cost: 1548.57 | Val Max P-Miss: 0.0943 | Val Max Q-Miss: 0.0367 | Val Max Gen Viol: 0.0116 | Val Max Thermal: 0.0000
Epoch 6970 | Val Loss: 18.9988 | Val Cost: 1549.08 | Val Max P-Miss: 0.0971 | Val Max Q-Miss: 0.0387 | Val Max Gen Viol: 0.0116 | Val Max Thermal: 0.0000
Epoch 6980 | Val Loss: 19.0479 | Val Cost: 1549.97 | Val Max P-Miss: 0.0994 | Val Max Q-Miss: 0.0411 | Val Max Gen Viol: 0.0116 | Val Max Thermal: 0.0000
Epoch 6990 | Val Loss: 19.0672 | Val Cost: 1551.47 | Val Max P-Miss: 0.0977 | Val Max Q-Miss: 0.0429 | Val Max Gen Viol: 0.0116 | Val Max Thermal: 0.0000
Epoch 7000 | Val Loss: 19.3156 | Val Cost: 1548.61 | Val Max P-Miss: 0.1210 | Val Max Q-Miss: 0.0503 | Val Max Gen Viol: 0.0116 | Val Max Thermal: 0.0000
Epoch 7010 | Val Loss: 18.9225 | Val Cost: 1545.72 | Val Max P-Miss: 0.1181 | Val Max Q-Miss: 0.0409 | Val Max Gen Viol: 0.0116 | Val Max Thermal: 0.0000
Epoch 7020 | Val Loss: 19.0110 | Val Cost: 1543.63 | Val Max P-Miss: 0.0888 | Val Max Q-Miss: 0.0326 | Val Max Gen Viol: 0.0116 | Val Max Thermal: 0.0000
Epoch 7030 | Val Loss: 18.9320 | Val Cost: 1550.43 | Val Max P-Miss: 0.0970 | Val Max Q-Miss: 0.0360 | Val Max Gen Viol: 0.0116 | Val Max Thermal: 0.0000
Epoch 7040 | Val Loss: 18.8829 | Val Cost: 1550.53 | Val Max P-Miss: 0.0935 | Val Max Q-Miss: 0.0360 | Val Max Gen Viol: 0.0116 | Val Max Thermal: 0.0000
Epoch 7050 | Val Loss: 18.7977 | Val Cost: 1550.39 | Val Max P-Miss: 0.0890 | Val Max Q-Miss: 0.0354 | Val Max Gen Viol: 0.0116 | Val Max Thermal: 0.0000
Epoch 7060 | Val Loss: 18.7353 | Val Cost: 1550.13 | Val Max P-Miss: 0.0838 | Val Max Q-Miss: 0.0348 | Val Max Gen Viol: 0.0116 | Val Max Thermal: 0.0000
Epoch 7070 | Val Loss: 18.6847 | Val Cost: 1550.40 | Val Max P-Miss: 0.0793 | Val Max Q-Miss: 0.0346 | Val Max Gen Viol: 0.0116 | Val Max Thermal: 0.0000
Epoch 7080 | Val Loss: 18.6505 | Val Cost: 1550.71 | Val Max P-Miss: 0.0762 | Val Max Q-Miss: 0.0340 | Val Max Gen Viol: 0.0116 | Val Max Thermal: 0.0000
Epoch 7090 | Val Loss: 18.6216 | Val Cost: 1551.39 | Val Max P-Miss: 0.0758 | Val Max Q-Miss: 0.0336 | Val Max Gen Viol: 0.0116 | Val Max Thermal: 0.0000
Epoch 7100 | Val Loss: 18.6143 | Val Cost: 1552.07 | Val Max P-Miss: 0.0760 | Val Max Q-Miss: 0.0333 | Val Max Gen Viol: 0.0116 | Val Max Thermal: 0.0000
Epoch 7110 | Val Loss: 19.0623 | Val Cost: 1546.72 | Val Max P-Miss: 0.1211 | Val Max Q-Miss: 0.0363 | Val Max Gen Viol: 0.0116 | Val Max Thermal: 0.0000
Epoch 7120 | Val Loss: 18.9686 | Val Cost: 1546.81 | Val Max P-Miss: 0.1164 | Val Max Q-Miss: 0.0351 | Val Max Gen Viol: 0.0116 | Val Max Thermal: 0.0000
Epoch 7130 | Val Loss: 18.8599 | Val Cost: 1550.92 | Val Max P-Miss: 0.0966 | Val Max Q-Miss: 0.0340 | Val Max Gen Viol: 0.0116 | Val Max Thermal: 0.0000
Epoch 7140 | Val Loss: 18.8760 | Val Cost: 1550.82 | Val Max P-Miss: 0.1003 | Val Max Q-Miss: 0.0332 | Val Max Gen Viol: 0.0116 | Val Max Thermal: 0.0000
Epoch 7150 | Val Loss: 18.9153 | Val Cost: 1551.05 | Val Max P-Miss: 0.1042 | Val Max Q-Miss: 0.0340 | Val Max Gen Viol: 0.0116 | Val Max Thermal: 0.0000
Epoch 7160 | Val Loss: 18.9951 | Val Cost: 1550.63 | Val Max P-Miss: 0.1078 | Val Max Q-Miss: 0.0360 | Val Max Gen Viol: 0.0116 | Val Max Thermal: 0.0000
Epoch 7170 | Val Loss: 19.0562 | Val Cost: 1551.47 | Val Max P-Miss: 0.1124 | Val Max Q-Miss: 0.0386 | Val Max Gen Viol: 0.0116 | Val Max Thermal: 0.0000
Epoch 7180 | Val Loss: 19.0835 | Val Cost: 1552.41 | Val Max P-Miss: 0.1189 | Val Max Q-Miss: 0.0418 | Val Max Gen Viol: 0.0116 | Val Max Thermal: 0.0000
Epoch 7190 | Val Loss: 19.2223 | Val Cost: 1550.13 | Val Max P-Miss: 0.1241 | Val Max Q-Miss: 0.0430 | Val Max Gen Viol: 0.0116 | Val Max Thermal: 0.0000
Epoch 7200 | Val Loss: 19.8842 | Val Cost: 1533.21 | Val Max P-Miss: 0.1200 | Val Max Q-Miss: 0.0544 | Val Max Gen Viol: 0.0116 | Val Max Thermal: 0.0000
Epoch 7210 | Val Loss: 19.1887 | Val Cost: 1547.35 | Val Max P-Miss: 0.1051 | Val Max Q-Miss: 0.0420 | Val Max Gen Viol: 0.0116 | Val Max Thermal: 0.0000
Epoch 7220 | Val Loss: 19.2953 | Val Cost: 1550.20 | Val Max P-Miss: 0.1265 | Val Max Q-Miss: 0.0393 | Val Max Gen Viol: 0.0116 | Val Max Thermal: 0.0000
Epoch 7230 | Val Loss: 19.1384 | Val Cost: 1549.19 | Val Max P-Miss: 0.1175 | Val Max Q-Miss: 0.0364 | Val Max Gen Viol: 0.0116 | Val Max Thermal: 0.0000
Epoch 7240 | Val Loss: 19.0538 | Val Cost: 1548.90 | Val Max P-Miss: 0.1119 | Val Max Q-Miss: 0.0367 | Val Max Gen Viol: 0.0116 | Val Max Thermal: 0.0000
Epoch 7250 | Val Loss: 18.9573 | Val Cost: 1548.70 | Val Max P-Miss: 0.1057 | Val Max Q-Miss: 0.0360 | Val Max Gen Viol: 0.0116 | Val Max Thermal: 0.0000
Epoch 7260 | Val Loss: 18.8774 | Val Cost: 1548.49 | Val Max P-Miss: 0.1009 | Val Max Q-Miss: 0.0356 | Val Max Gen Viol: 0.0116 | Val Max Thermal: 0.0000
Epoch 7270 | Val Loss: 18.8238 | Val Cost: 1547.52 | Val Max P-Miss: 0.0956 | Val Max Q-Miss: 0.0369 | Val Max Gen Viol: 0.0116 | Val Max Thermal: 0.0000
Epoch 7280 | Val Loss: 18.7159 | Val Cost: 1548.24 | Val Max P-Miss: 0.0824 | Val Max Q-Miss: 0.0325 | Val Max Gen Viol: 0.0116 | Val Max Thermal: 0.0000
Epoch 7290 | Val Loss: 18.6217 | Val Cost: 1549.77 | Val Max P-Miss: 0.0821 | Val Max Q-Miss: 0.0451 | Val Max Gen Viol: 0.0116 | Val Max Thermal: 0.0000
Epoch 7300 | Val Loss: 18.8241 | Val Cost: 1548.66 | Val Max P-Miss: 0.1018 | Val Max Q-Miss: 0.0356 | Val Max Gen Viol: 0.0116 | Val Max Thermal: 0.0000
Epoch 7310 | Val Loss: 18.9439 | Val Cost: 1548.95 | Val Max P-Miss: 0.1044 | Val Max Q-Miss: 0.0353 | Val Max Gen Viol: 0.0116 | Val Max Thermal: 0.0000
Epoch 7320 | Val Loss: 19.0298 | Val Cost: 1548.76 | Val Max P-Miss: 0.1073 | Val Max Q-Miss: 0.0342 | Val Max Gen Viol: 0.0116 | Val Max Thermal: 0.0000
Epoch 7330 | Val Loss: 19.0873 | Val Cost: 1549.22 | Val Max P-Miss: 0.1104 | Val Max Q-Miss: 0.0357 | Val Max Gen Viol: 0.0116 | Val Max Thermal: 0.0000
Epoch 7340 | Val Loss: 19.1246 | Val Cost: 1549.43 | Val Max P-Miss: 0.1113 | Val Max Q-Miss: 0.0381 | Val Max Gen Viol: 0.0116 | Val Max Thermal: 0.0000
Epoch 7350 | Val Loss: 19.1228 | Val Cost: 1544.48 | Val Max P-Miss: 0.1100 | Val Max Q-Miss: 0.0360 | Val Max Gen Viol: 0.0116 | Val Max Thermal: 0.0000
Epoch 7360 | Val Loss: 19.0672 | Val Cost: 1547.50 | Val Max P-Miss: 0.1104 | Val Max Q-Miss: 0.0362 | Val Max Gen Viol: 0.0116 | Val Max Thermal: 0.0000
Epoch 7370 | Val Loss: 18.8614 | Val Cost: 1544.69 | Val Max P-Miss: 0.1031 | Val Max Q-Miss: 0.0236 | Val Max Gen Viol: 0.0116 | Val Max Thermal: 0.0000
Epoch 7380 | Val Loss: 18.8833 | Val Cost: 1549.82 | Val Max P-Miss: 0.0953 | Val Max Q-Miss: 0.0393 | Val Max Gen Viol: 0.0116 | Val Max Thermal: 0.0000
Epoch 7390 | Val Loss: 19.4193 | Val Cost: 1548.14 | Val Max P-Miss: 0.1213 | Val Max Q-Miss: 0.0365 | Val Max Gen Viol: 0.0116 | Val Max Thermal: 0.0000
Epoch 7400 | Val Loss: 18.9340 | Val Cost: 1557.22 | Val Max P-Miss: 0.0955 | Val Max Q-Miss: 0.0408 | Val Max Gen Viol: 0.0116 | Val Max Thermal: 0.0000
Epoch 7410 | Val Loss: 18.9871 | Val Cost: 1548.48 | Val Max P-Miss: 0.1127 | Val Max Q-Miss: 0.0382 | Val Max Gen Viol: 0.0116 | Val Max Thermal: 0.0000
Epoch 7420 | Val Loss: 19.0559 | Val Cost: 1548.40 | Val Max P-Miss: 0.1155 | Val Max Q-Miss: 0.0368 | Val Max Gen Viol: 0.0116 | Val Max Thermal: 0.0000
Epoch 7430 | Val Loss: 18.9477 | Val Cost: 1548.16 | Val Max P-Miss: 0.1001 | Val Max Q-Miss: 0.0367 | Val Max Gen Viol: 0.0116 | Val Max Thermal: 0.0000
Epoch 7440 | Val Loss: 19.3579 | Val Cost: 1550.06 | Val Max P-Miss: 0.1182 | Val Max Q-Miss: 0.0378 | Val Max Gen Viol: 0.0116 | Val Max Thermal: 0.0000
Epoch 7450 | Val Loss: 18.9475 | Val Cost: 1548.45 | Val Max P-Miss: 0.1111 | Val Max Q-Miss: 0.0358 | Val Max Gen Viol: 0.0116 | Val Max Thermal: 0.0000
Epoch 7460 | Val Loss: 18.8803 | Val Cost: 1547.70 | Val Max P-Miss: 0.1052 | Val Max Q-Miss: 0.0338 | Val Max Gen Viol: 0.0116 | Val Max Thermal: 0.0000
Epoch 7470 | Val Loss: 18.8249 | Val Cost: 1547.97 | Val Max P-Miss: 0.1017 | Val Max Q-Miss: 0.0333 | Val Max Gen Viol: 0.0116 | Val Max Thermal: 0.0000
Epoch 7480 | Val Loss: 18.7954 | Val Cost: 1547.48 | Val Max P-Miss: 0.0977 | Val Max Q-Miss: 0.0319 | Val Max Gen Viol: 0.0116 | Val Max Thermal: 0.0000
Epoch 7490 | Val Loss: 18.7594 | Val Cost: 1547.48 | Val Max P-Miss: 0.0932 | Val Max Q-Miss: 0.0315 | Val Max Gen Viol: 0.0116 | Val Max Thermal: 0.0000
Epoch 7500 | Val Loss: 18.7607 | Val Cost: 1547.65 | Val Max P-Miss: 0.0965 | Val Max Q-Miss: 0.0335 | Val Max Gen Viol: 0.0116 | Val Max Thermal: 0.0000
Epoch 7510 | Val Loss: 18.6846 | Val Cost: 1547.61 | Val Max P-Miss: 0.0900 | Val Max Q-Miss: 0.0324 | Val Max Gen Viol: 0.0116 | Val Max Thermal: 0.0000
Epoch 7520 | Val Loss: 18.6356 | Val Cost: 1551.72 | Val Max P-Miss: 0.0757 | Val Max Q-Miss: 0.0301 | Val Max Gen Viol: 0.0116 | Val Max Thermal: 0.0000
Epoch 7530 | Val Loss: 18.7823 | Val Cost: 1547.02 | Val Max P-Miss: 0.1066 | Val Max Q-Miss: 0.0242 | Val Max Gen Viol: 0.0116 | Val Max Thermal: 0.0000
Epoch 7540 | Val Loss: 19.0822 | Val Cost: 1548.68 | Val Max P-Miss: 0.1056 | Val Max Q-Miss: 0.0297 | Val Max Gen Viol: 0.0116 | Val Max Thermal: 0.0000
Epoch 7550 | Val Loss: 18.7323 | Val Cost: 1550.06 | Val Max P-Miss: 0.0947 | Val Max Q-Miss: 0.0285 | Val Max Gen Viol: 0.0116 | Val Max Thermal: 0.0000
Epoch 7560 | Val Loss: 18.7483 | Val Cost: 1548.65 | Val Max P-Miss: 0.0977 | Val Max Q-Miss: 0.0294 | Val Max Gen Viol: 0.0116 | Val Max Thermal: 0.0000
Epoch 7570 | Val Loss: 18.8233 | Val Cost: 1549.09 | Val Max P-Miss: 0.1006 | Val Max Q-Miss: 0.0301 | Val Max Gen Viol: 0.0116 | Val Max Thermal: 0.0000
Epoch 7580 | Val Loss: 18.9429 | Val Cost: 1548.62 | Val Max P-Miss: 0.1072 | Val Max Q-Miss: 0.0327 | Val Max Gen Viol: 0.0116 | Val Max Thermal: 0.0000
Epoch 7590 | Val Loss: 19.0491 | Val Cost: 1550.00 | Val Max P-Miss: 0.1125 | Val Max Q-Miss: 0.0372 | Val Max Gen Viol: 0.0116 | Val Max Thermal: 0.0000
Epoch 7600 | Val Loss: 19.1135 | Val Cost: 1551.45 | Val Max P-Miss: 0.1151 | Val Max Q-Miss: 0.0398 | Val Max Gen Viol: 0.0116 | Val Max Thermal: 0.0000
Epoch 7610 | Val Loss: 19.1889 | Val Cost: 1551.17 | Val Max P-Miss: 0.1171 | Val Max Q-Miss: 0.0413 | Val Max Gen Viol: 0.0116 | Val Max Thermal: 0.0000
Epoch 7620 | Val Loss: 19.4302 | Val Cost: 1559.31 | Val Max P-Miss: 0.0812 | Val Max Q-Miss: 0.0795 | Val Max Gen Viol: 0.0116 | Val Max Thermal: 0.0000
Epoch 7630 | Val Loss: 19.2094 | Val Cost: 1547.31 | Val Max P-Miss: 0.1202 | Val Max Q-Miss: 0.0438 | Val Max Gen Viol: 0.0116 | Val Max Thermal: 0.0000
Epoch 7640 | Val Loss: 19.1082 | Val Cost: 1546.97 | Val Max P-Miss: 0.1114 | Val Max Q-Miss: 0.0403 | Val Max Gen Viol: 0.0116 | Val Max Thermal: 0.0000
Epoch 7650 | Val Loss: 18.9886 | Val Cost: 1547.20 | Val Max P-Miss: 0.1059 | Val Max Q-Miss: 0.0361 | Val Max Gen Viol: 0.0116 | Val Max Thermal: 0.0000
Epoch 7660 | Val Loss: 18.9158 | Val Cost: 1547.44 | Val Max P-Miss: 0.1018 | Val Max Q-Miss: 0.0326 | Val Max Gen Viol: 0.0116 | Val Max Thermal: 0.0000
Epoch 7670 | Val Loss: 18.8501 | Val Cost: 1547.91 | Val Max P-Miss: 0.0980 | Val Max Q-Miss: 0.0291 | Val Max Gen Viol: 0.0116 | Val Max Thermal: 0.0000
Epoch 7680 | Val Loss: 18.7944 | Val Cost: 1548.89 | Val Max P-Miss: 0.0950 | Val Max Q-Miss: 0.0288 | Val Max Gen Viol: 0.0116 | Val Max Thermal: 0.0000
Epoch 7690 | Val Loss: 18.7394 | Val Cost: 1549.13 | Val Max P-Miss: 0.0945 | Val Max Q-Miss: 0.0297 | Val Max Gen Viol: 0.0116 | Val Max Thermal: 0.0000
Epoch 7700 | Val Loss: 18.6863 | Val Cost: 1548.70 | Val Max P-Miss: 0.0902 | Val Max Q-Miss: 0.0291 | Val Max Gen Viol: 0.0116 | Val Max Thermal: 0.0000
Epoch 7710 | Val Loss: 18.6718 | Val Cost: 1546.92 | Val Max P-Miss: 0.0792 | Val Max Q-Miss: 0.0255 | Val Max Gen Viol: 0.0116 | Val Max Thermal: 0.0000
Epoch 7720 | Val Loss: 18.9767 | Val Cost: 1546.62 | Val Max P-Miss: 0.1102 | Val Max Q-Miss: 0.0483 | Val Max Gen Viol: 0.0116 | Val Max Thermal: 0.0000
Epoch 7730 | Val Loss: 18.8438 | Val Cost: 1546.79 | Val Max P-Miss: 0.1081 | Val Max Q-Miss: 0.0297 | Val Max Gen Viol: 0.0116 | Val Max Thermal: 0.0000
Epoch 7740 | Val Loss: 18.7531 | Val Cost: 1546.88 | Val Max P-Miss: 0.1025 | Val Max Q-Miss: 0.0267 | Val Max Gen Viol: 0.0116 | Val Max Thermal: 0.0000
Epoch 7750 | Val Loss: 18.7777 | Val Cost: 1548.24 | Val Max P-Miss: 0.1033 | Val Max Q-Miss: 0.0286 | Val Max Gen Viol: 0.0116 | Val Max Thermal: 0.0000
Epoch 7760 | Val Loss: 18.8017 | Val Cost: 1550.06 | Val Max P-Miss: 0.1050 | Val Max Q-Miss: 0.0296 | Val Max Gen Viol: 0.0116 | Val Max Thermal: 0.0000
Epoch 7770 | Val Loss: 18.8924 | Val Cost: 1545.11 | Val Max P-Miss: 0.0989 | Val Max Q-Miss: 0.0315 | Val Max Gen Viol: 0.0116 | Val Max Thermal: 0.0000
Epoch 7780 | Val Loss: 18.6528 | Val Cost: 1547.77 | Val Max P-Miss: 0.0844 | Val Max Q-Miss: 0.0310 | Val Max Gen Viol: 0.0116 | Val Max Thermal: 0.0000
Epoch 7790 | Val Loss: 18.6443 | Val Cost: 1547.39 | Val Max P-Miss: 0.0805 | Val Max Q-Miss: 0.0285 | Val Max Gen Viol: 0.0116 | Val Max Thermal: 0.0000
Epoch 7800 | Val Loss: 18.6334 | Val Cost: 1547.70 | Val Max P-Miss: 0.0799 | Val Max Q-Miss: 0.0290 | Val Max Gen Viol: 0.0116 | Val Max Thermal: 0.0000
Epoch 7810 | Val Loss: 18.6726 | Val Cost: 1548.50 | Val Max P-Miss: 0.0922 | Val Max Q-Miss: 0.0315 | Val Max Gen Viol: 0.0116 | Val Max Thermal: 0.0000
Epoch 7820 | Val Loss: 18.8885 | Val Cost: 1549.41 | Val Max P-Miss: 0.1093 | Val Max Q-Miss: 0.0308 | Val Max Gen Viol: 0.0116 | Val Max Thermal: 0.0000
Epoch 7830 | Val Loss: 18.7301 | Val Cost: 1548.24 | Val Max P-Miss: 0.0992 | Val Max Q-Miss: 0.0274 | Val Max Gen Viol: 0.0116 | Val Max Thermal: 0.0000
Epoch 7840 | Val Loss: 18.7707 | Val Cost: 1545.16 | Val Max P-Miss: 0.0957 | Val Max Q-Miss: 0.0364 | Val Max Gen Viol: 0.0116 | Val Max Thermal: 0.0000
Epoch 7850 | Val Loss: 19.0937 | Val Cost: 1552.23 | Val Max P-Miss: 0.0902 | Val Max Q-Miss: 0.0396 | Val Max Gen Viol: 0.0116 | Val Max Thermal: 0.0000
Epoch 7860 | Val Loss: 18.6576 | Val Cost: 1546.06 | Val Max P-Miss: 0.0900 | Val Max Q-Miss: 0.0294 | Val Max Gen Viol: 0.0116 | Val Max Thermal: 0.0000
Epoch 7870 | Val Loss: 18.7452 | Val Cost: 1546.70 | Val Max P-Miss: 0.0869 | Val Max Q-Miss: 0.0329 | Val Max Gen Viol: 0.0116 | Val Max Thermal: 0.0000
Epoch 7880 | Val Loss: 18.8418 | Val Cost: 1549.42 | Val Max P-Miss: 0.0903 | Val Max Q-Miss: 0.0336 | Val Max Gen Viol: 0.0116 | Val Max Thermal: 0.0000
Epoch 7890 | Val Loss: 18.9035 | Val Cost: 1549.58 | Val Max P-Miss: 0.0924 | Val Max Q-Miss: 0.0335 | Val Max Gen Viol: 0.0116 | Val Max Thermal: 0.0000
Epoch 7900 | Val Loss: 18.9057 | Val Cost: 1548.33 | Val Max P-Miss: 0.0956 | Val Max Q-Miss: 0.0363 | Val Max Gen Viol: 0.0116 | Val Max Thermal: 0.0000
Epoch 7910 | Val Loss: 18.7883 | Val Cost: 1549.38 | Val Max P-Miss: 0.0866 | Val Max Q-Miss: 0.0339 | Val Max Gen Viol: 0.0116 | Val Max Thermal: 0.0000
Epoch 7920 | Val Loss: 18.7535 | Val Cost: 1549.13 | Val Max P-Miss: 0.0850 | Val Max Q-Miss: 0.0333 | Val Max Gen Viol: 0.0116 | Val Max Thermal: 0.0000
Epoch 7930 | Val Loss: 18.7384 | Val Cost: 1548.93 | Val Max P-Miss: 0.0822 | Val Max Q-Miss: 0.0323 | Val Max Gen Viol: 0.0116 | Val Max Thermal: 0.0000
Epoch 7940 | Val Loss: 18.7231 | Val Cost: 1548.10 | Val Max P-Miss: 0.0902 | Val Max Q-Miss: 0.0315 | Val Max Gen Viol: 0.0116 | Val Max Thermal: 0.0000
Epoch 7950 | Val Loss: 18.7035 | Val Cost: 1548.17 | Val Max P-Miss: 0.0952 | Val Max Q-Miss: 0.0318 | Val Max Gen Viol: 0.0116 | Val Max Thermal: 0.0000
Epoch 7960 | Val Loss: 18.6536 | Val Cost: 1548.60 | Val Max P-Miss: 0.0947 | Val Max Q-Miss: 0.0300 | Val Max Gen Viol: 0.0116 | Val Max Thermal: 0.0000
Epoch 7970 | Val Loss: 18.6185 | Val Cost: 1550.26 | Val Max P-Miss: 0.0904 | Val Max Q-Miss: 0.0305 | Val Max Gen Viol: 0.0116 | Val Max Thermal: 0.0000
Epoch 7980 | Val Loss: 18.8216 | Val Cost: 1554.31 | Val Max P-Miss: 0.0940 | Val Max Q-Miss: 0.0450 | Val Max Gen Viol: 0.0116 | Val Max Thermal: 0.0000
Epoch 7990 | Val Loss: 18.5205 | Val Cost: 1545.18 | Val Max P-Miss: 0.0760 | Val Max Q-Miss: 0.0297 | Val Max Gen Viol: 0.0116 | Val Max Thermal: 0.0000 [*SAVED BEST*]
Epoch 8000 | Val Loss: 18.5326 | Val Cost: 1548.10 | Val Max P-Miss: 0.0738 | Val Max Q-Miss: 0.0323 | Val Max Gen Viol: 0.0116 | Val Max Thermal: 0.0000
Epoch 8010 | Val Loss: 18.6577 | Val Cost: 1546.22 | Val Max P-Miss: 0.0786 | Val Max Q-Miss: 0.0338 | Val Max Gen Viol: 0.0116 | Val Max Thermal: 0.0000
Epoch 8020 | Val Loss: 18.7428 | Val Cost: 1552.42 | Val Max P-Miss: 0.0767 | Val Max Q-Miss: 0.0333 | Val Max Gen Viol: 0.0116 | Val Max Thermal: 0.0000
Epoch 8030 | Val Loss: 18.7806 | Val Cost: 1549.22 | Val Max P-Miss: 0.0871 | Val Max Q-Miss: 0.0325 | Val Max Gen Viol: 0.0116 | Val Max Thermal: 0.0000
Epoch 8040 | Val Loss: 18.6868 | Val Cost: 1549.05 | Val Max P-Miss: 0.0803 | Val Max Q-Miss: 0.0333 | Val Max Gen Viol: 0.0116 | Val Max Thermal: 0.0000
Epoch 8050 | Val Loss: 18.6386 | Val Cost: 1549.11 | Val Max P-Miss: 0.0774 | Val Max Q-Miss: 0.0331 | Val Max Gen Viol: 0.0116 | Val Max Thermal: 0.0000
Epoch 8060 | Val Loss: 18.6146 | Val Cost: 1548.90 | Val Max P-Miss: 0.0740 | Val Max Q-Miss: 0.0323 | Val Max Gen Viol: 0.0116 | Val Max Thermal: 0.0000
Epoch 8070 | Val Loss: 18.5964 | Val Cost: 1549.67 | Val Max P-Miss: 0.0723 | Val Max Q-Miss: 0.0323 | Val Max Gen Viol: 0.0116 | Val Max Thermal: 0.0000
Epoch 8080 | Val Loss: 18.6572 | Val Cost: 1551.45 | Val Max P-Miss: 0.0817 | Val Max Q-Miss: 0.0328 | Val Max Gen Viol: 0.0116 | Val Max Thermal: 0.0000
Epoch 8090 | Val Loss: 18.6210 | Val Cost: 1549.61 | Val Max P-Miss: 0.0789 | Val Max Q-Miss: 0.0330 | Val Max Gen Viol: 0.0116 | Val Max Thermal: 0.0000
Epoch 8100 | Val Loss: 18.5503 | Val Cost: 1546.91 | Val Max P-Miss: 0.0738 | Val Max Q-Miss: 0.0289 | Val Max Gen Viol: 0.0116 | Val Max Thermal: 0.0000
Epoch 8110 | Val Loss: 18.6857 | Val Cost: 1547.20 | Val Max P-Miss: 0.0801 | Val Max Q-Miss: 0.0272 | Val Max Gen Viol: 0.0116 | Val Max Thermal: 0.0000
Epoch 8120 | Val Loss: 18.7161 | Val Cost: 1551.57 | Val Max P-Miss: 0.0796 | Val Max Q-Miss: 0.0284 | Val Max Gen Viol: 0.0116 | Val Max Thermal: 0.0000
Epoch 8130 | Val Loss: 18.6427 | Val Cost: 1549.47 | Val Max P-Miss: 0.0774 | Val Max Q-Miss: 0.0283 | Val Max Gen Viol: 0.0116 | Val Max Thermal: 0.0000
Epoch 8140 | Val Loss: 18.6778 | Val Cost: 1549.37 | Val Max P-Miss: 0.0798 | Val Max Q-Miss: 0.0273 | Val Max Gen Viol: 0.0116 | Val Max Thermal: 0.0000
Epoch 8150 | Val Loss: 18.7075 | Val Cost: 1549.66 | Val Max P-Miss: 0.0819 | Val Max Q-Miss: 0.0277 | Val Max Gen Viol: 0.0116 | Val Max Thermal: 0.0000
Epoch 8160 | Val Loss: 18.7396 | Val Cost: 1549.45 | Val Max P-Miss: 0.0832 | Val Max Q-Miss: 0.0279 | Val Max Gen Viol: 0.0116 | Val Max Thermal: 0.0000
Epoch 8170 | Val Loss: 18.7955 | Val Cost: 1549.24 | Val Max P-Miss: 0.0875 | Val Max Q-Miss: 0.0285 | Val Max Gen Viol: 0.0116 | Val Max Thermal: 0.0000
Epoch 8180 | Val Loss: 18.8960 | Val Cost: 1548.43 | Val Max P-Miss: 0.0935 | Val Max Q-Miss: 0.0343 | Val Max Gen Viol: 0.0116 | Val Max Thermal: 0.0000
Epoch 8190 | Val Loss: 18.9373 | Val Cost: 1546.79 | Val Max P-Miss: 0.0968 | Val Max Q-Miss: 0.0360 | Val Max Gen Viol: 0.0116 | Val Max Thermal: 0.0000
Epoch 8200 | Val Loss: 18.9930 | Val Cost: 1548.66 | Val Max P-Miss: 0.0984 | Val Max Q-Miss: 0.0384 | Val Max Gen Viol: 0.0116 | Val Max Thermal: 0.0000
Epoch 8210 | Val Loss: 19.1187 | Val Cost: 1552.16 | Val Max P-Miss: 0.0997 | Val Max Q-Miss: 0.0417 | Val Max Gen Viol: 0.0116 | Val Max Thermal: 0.0000
Epoch 8220 | Val Loss: 18.7774 | Val Cost: 1541.33 | Val Max P-Miss: 0.0897 | Val Max Q-Miss: 0.0288 | Val Max Gen Viol: 0.0116 | Val Max Thermal: 0.0000
Epoch 8230 | Val Loss: 18.9021 | Val Cost: 1544.97 | Val Max P-Miss: 0.0925 | Val Max Q-Miss: 0.0330 | Val Max Gen Viol: 0.0116 | Val Max Thermal: 0.0000
Epoch 8240 | Val Loss: 18.8503 | Val Cost: 1552.89 | Val Max P-Miss: 0.0985 | Val Max Q-Miss: 0.0322 | Val Max Gen Viol: 0.0116 | Val Max Thermal: 0.0000
Epoch 8250 | Val Loss: 18.9153 | Val Cost: 1549.88 | Val Max P-Miss: 0.0968 | Val Max Q-Miss: 0.0358 | Val Max Gen Viol: 0.0116 | Val Max Thermal: 0.0000
Epoch 8260 | Val Loss: 18.8229 | Val Cost: 1549.55 | Val Max P-Miss: 0.0916 | Val Max Q-Miss: 0.0357 | Val Max Gen Viol: 0.0116 | Val Max Thermal: 0.0000
Epoch 8270 | Val Loss: 18.7461 | Val Cost: 1549.59 | Val Max P-Miss: 0.0872 | Val Max Q-Miss: 0.0354 | Val Max Gen Viol: 0.0116 | Val Max Thermal: 0.0000
Epoch 8280 | Val Loss: 18.7025 | Val Cost: 1549.51 | Val Max P-Miss: 0.0835 | Val Max Q-Miss: 0.0354 | Val Max Gen Viol: 0.0116 | Val Max Thermal: 0.0000
Epoch 8290 | Val Loss: 18.6766 | Val Cost: 1549.63 | Val Max P-Miss: 0.0808 | Val Max Q-Miss: 0.0341 | Val Max Gen Viol: 0.0116 | Val Max Thermal: 0.0000
Epoch 8300 | Val Loss: 18.6477 | Val Cost: 1549.49 | Val Max P-Miss: 0.0775 | Val Max Q-Miss: 0.0339 | Val Max Gen Viol: 0.0116 | Val Max Thermal: 0.0000
Epoch 8310 | Val Loss: 18.6149 | Val Cost: 1549.67 | Val Max P-Miss: 0.0738 | Val Max Q-Miss: 0.0332 | Val Max Gen Viol: 0.0116 | Val Max Thermal: 0.0000
Epoch 8320 | Val Loss: 18.5991 | Val Cost: 1549.94 | Val Max P-Miss: 0.0741 | Val Max Q-Miss: 0.0315 | Val Max Gen Viol: 0.0116 | Val Max Thermal: 0.0000
Epoch 8330 | Val Loss: 18.5791 | Val Cost: 1550.16 | Val Max P-Miss: 0.0738 | Val Max Q-Miss: 0.0320 | Val Max Gen Viol: 0.0116 | Val Max Thermal: 0.0000
Epoch 8340 | Val Loss: 18.5750 | Val Cost: 1550.74 | Val Max P-Miss: 0.0742 | Val Max Q-Miss: 0.0302 | Val Max Gen Viol: 0.0116 | Val Max Thermal: 0.0000
Epoch 8350 | Val Loss: 18.5584 | Val Cost: 1550.80 | Val Max P-Miss: 0.0740 | Val Max Q-Miss: 0.0298 | Val Max Gen Viol: 0.0116 | Val Max Thermal: 0.0000
Epoch 8360 | Val Loss: 19.0346 | Val Cost: 1547.95 | Val Max P-Miss: 0.1168 | Val Max Q-Miss: 0.0338 | Val Max Gen Viol: 0.0116 | Val Max Thermal: 0.0000
Epoch 8370 | Val Loss: 18.8493 | Val Cost: 1547.60 | Val Max P-Miss: 0.1032 | Val Max Q-Miss: 0.0266 | Val Max Gen Viol: 0.0116 | Val Max Thermal: 0.0000
Epoch 8380 | Val Loss: 18.6879 | Val Cost: 1548.17 | Val Max P-Miss: 0.0819 | Val Max Q-Miss: 0.0380 | Val Max Gen Viol: 0.0116 | Val Max Thermal: 0.0000
Epoch 8390 | Val Loss: 18.9738 | Val Cost: 1532.71 | Val Max P-Miss: 0.1088 | Val Max Q-Miss: 0.0341 | Val Max Gen Viol: 0.0116 | Val Max Thermal: 0.0000
Epoch 8400 | Val Loss: 18.7776 | Val Cost: 1547.28 | Val Max P-Miss: 0.0923 | Val Max Q-Miss: 0.0338 | Val Max Gen Viol: 0.0116 | Val Max Thermal: 0.0000
Epoch 8410 | Val Loss: 18.7209 | Val Cost: 1547.53 | Val Max P-Miss: 0.0870 | Val Max Q-Miss: 0.0308 | Val Max Gen Viol: 0.0116 | Val Max Thermal: 0.0000
Epoch 8420 | Val Loss: 18.6873 | Val Cost: 1548.13 | Val Max P-Miss: 0.0840 | Val Max Q-Miss: 0.0299 | Val Max Gen Viol: 0.0116 | Val Max Thermal: 0.0000
Epoch 8430 | Val Loss: 18.6383 | Val Cost: 1548.28 | Val Max P-Miss: 0.0798 | Val Max Q-Miss: 0.0297 | Val Max Gen Viol: 0.0116 | Val Max Thermal: 0.0000
Epoch 8440 | Val Loss: 18.5984 | Val Cost: 1547.95 | Val Max P-Miss: 0.0762 | Val Max Q-Miss: 0.0293 | Val Max Gen Viol: 0.0116 | Val Max Thermal: 0.0000
Epoch 8450 | Val Loss: 18.5645 | Val Cost: 1547.87 | Val Max P-Miss: 0.0762 | Val Max Q-Miss: 0.0312 | Val Max Gen Viol: 0.0116 | Val Max Thermal: 0.0000
Epoch 8460 | Val Loss: 18.6431 | Val Cost: 1547.43 | Val Max P-Miss: 0.0759 | Val Max Q-Miss: 0.0328 | Val Max Gen Viol: 0.0116 | Val Max Thermal: 0.0000
Epoch 8470 | Val Loss: 18.8440 | Val Cost: 1549.62 | Val Max P-Miss: 0.1039 | Val Max Q-Miss: 0.0280 | Val Max Gen Viol: 0.0116 | Val Max Thermal: 0.0000
Epoch 8480 | Val Loss: 18.7429 | Val Cost: 1547.32 | Val Max P-Miss: 0.1011 | Val Max Q-Miss: 0.0270 | Val Max Gen Viol: 0.0116 | Val Max Thermal: 0.0000
Epoch 8490 | Val Loss: 18.7005 | Val Cost: 1548.24 | Val Max P-Miss: 0.0847 | Val Max Q-Miss: 0.0267 | Val Max Gen Viol: 0.0116 | Val Max Thermal: 0.0000
Epoch 8500 | Val Loss: 18.6591 | Val Cost: 1547.92 | Val Max P-Miss: 0.0933 | Val Max Q-Miss: 0.0272 | Val Max Gen Viol: 0.0116 | Val Max Thermal: 0.0000
Epoch 8510 | Val Loss: 18.6228 | Val Cost: 1549.78 | Val Max P-Miss: 0.0890 | Val Max Q-Miss: 0.0272 | Val Max Gen Viol: 0.0116 | Val Max Thermal: 0.0000
Epoch 8520 | Val Loss: 18.5642 | Val Cost: 1549.59 | Val Max P-Miss: 0.0819 | Val Max Q-Miss: 0.0279 | Val Max Gen Viol: 0.0116 | Val Max Thermal: 0.0000
Epoch 8530 | Val Loss: 18.7303 | Val Cost: 1548.26 | Val Max P-Miss: 0.0968 | Val Max Q-Miss: 0.0220 | Val Max Gen Viol: 0.0116 | Val Max Thermal: 0.0000
Epoch 8540 | Val Loss: 18.6894 | Val Cost: 1548.54 | Val Max P-Miss: 0.0800 | Val Max Q-Miss: 0.0271 | Val Max Gen Viol: 0.0116 | Val Max Thermal: 0.0000
Epoch 8550 | Val Loss: 18.7449 | Val Cost: 1547.86 | Val Max P-Miss: 0.0844 | Val Max Q-Miss: 0.0276 | Val Max Gen Viol: 0.0116 | Val Max Thermal: 0.0000
Epoch 8560 | Val Loss: 18.7895 | Val Cost: 1549.18 | Val Max P-Miss: 0.0863 | Val Max Q-Miss: 0.0287 | Val Max Gen Viol: 0.0116 | Val Max Thermal: 0.0000
Epoch 8570 | Val Loss: 18.8263 | Val Cost: 1550.48 | Val Max P-Miss: 0.0861 | Val Max Q-Miss: 0.0309 | Val Max Gen Viol: 0.0116 | Val Max Thermal: 0.0000
Epoch 8580 | Val Loss: 18.8839 | Val Cost: 1551.51 | Val Max P-Miss: 0.0875 | Val Max Q-Miss: 0.0337 | Val Max Gen Viol: 0.0116 | Val Max Thermal: 0.0000
Epoch 8590 | Val Loss: 18.9265 | Val Cost: 1552.67 | Val Max P-Miss: 0.0873 | Val Max Q-Miss: 0.0355 | Val Max Gen Viol: 0.0116 | Val Max Thermal: 0.0000
Epoch 8600 | Val Loss: 19.0111 | Val Cost: 1551.92 | Val Max P-Miss: 0.0958 | Val Max Q-Miss: 0.0392 | Val Max Gen Viol: 0.0116 | Val Max Thermal: 0.0000
Epoch 8610 | Val Loss: 19.1329 | Val Cost: 1553.96 | Val Max P-Miss: 0.1022 | Val Max Q-Miss: 0.0423 | Val Max Gen Viol: 0.0116 | Val Max Thermal: 0.0000
Epoch 8620 | Val Loss: 19.2292 | Val Cost: 1555.68 | Val Max P-Miss: 0.0938 | Val Max Q-Miss: 0.0594 | Val Max Gen Viol: 0.0116 | Val Max Thermal: 0.0000
Epoch 8630 | Val Loss: 19.4049 | Val Cost: 1543.78 | Val Max P-Miss: 0.1101 | Val Max Q-Miss: 0.0477 | Val Max Gen Viol: 0.0116 | Val Max Thermal: 0.0000
Epoch 8640 | Val Loss: 18.8406 | Val Cost: 1550.97 | Val Max P-Miss: 0.0879 | Val Max Q-Miss: 0.0316 | Val Max Gen Viol: 0.0116 | Val Max Thermal: 0.0000
Epoch 8650 | Val Loss: 19.0315 | Val Cost: 1548.68 | Val Max P-Miss: 0.1003 | Val Max Q-Miss: 0.0379 | Val Max Gen Viol: 0.0116 | Val Max Thermal: 0.0000
Epoch 8660 | Val Loss: 18.8970 | Val Cost: 1548.96 | Val Max P-Miss: 0.0950 | Val Max Q-Miss: 0.0373 | Val Max Gen Viol: 0.0116 | Val Max Thermal: 0.0000
Epoch 8670 | Val Loss: 18.8490 | Val Cost: 1548.97 | Val Max P-Miss: 0.0916 | Val Max Q-Miss: 0.0368 | Val Max Gen Viol: 0.0116 | Val Max Thermal: 0.0000
Epoch 8680 | Val Loss: 18.8080 | Val Cost: 1548.71 | Val Max P-Miss: 0.0906 | Val Max Q-Miss: 0.0375 | Val Max Gen Viol: 0.0116 | Val Max Thermal: 0.0000
Epoch 8690 | Val Loss: 18.7324 | Val Cost: 1548.86 | Val Max P-Miss: 0.0852 | Val Max Q-Miss: 0.0372 | Val Max Gen Viol: 0.0116 | Val Max Thermal: 0.0000
Epoch 8700 | Val Loss: 18.6913 | Val Cost: 1549.16 | Val Max P-Miss: 0.0823 | Val Max Q-Miss: 0.0372 | Val Max Gen Viol: 0.0116 | Val Max Thermal: 0.0000
Epoch 8710 | Val Loss: 18.6481 | Val Cost: 1548.87 | Val Max P-Miss: 0.0782 | Val Max Q-Miss: 0.0361 | Val Max Gen Viol: 0.0116 | Val Max Thermal: 0.0000
Epoch 8720 | Val Loss: 18.6117 | Val Cost: 1549.43 | Val Max P-Miss: 0.0744 | Val Max Q-Miss: 0.0358 | Val Max Gen Viol: 0.0116 | Val Max Thermal: 0.0000
Epoch 8730 | Val Loss: 18.6012 | Val Cost: 1550.01 | Val Max P-Miss: 0.0719 | Val Max Q-Miss: 0.0352 | Val Max Gen Viol: 0.0116 | Val Max Thermal: 0.0000
Epoch 8740 | Val Loss: 18.5894 | Val Cost: 1550.53 | Val Max P-Miss: 0.0713 | Val Max Q-Miss: 0.0348 | Val Max Gen Viol: 0.0116 | Val Max Thermal: 0.0000
Epoch 8750 | Val Loss: 18.5702 | Val Cost: 1550.66 | Val Max P-Miss: 0.0712 | Val Max Q-Miss: 0.0338 | Val Max Gen Viol: 0.0116 | Val Max Thermal: 0.0000
Epoch 8760 | Val Loss: 18.5689 | Val Cost: 1551.24 | Val Max P-Miss: 0.0711 | Val Max Q-Miss: 0.0333 | Val Max Gen Viol: 0.0116 | Val Max Thermal: 0.0000
Epoch 8770 | Val Loss: 18.5337 | Val Cost: 1550.37 | Val Max P-Miss: 0.0712 | Val Max Q-Miss: 0.0308 | Val Max Gen Viol: 0.0116 | Val Max Thermal: 0.0000
Epoch 8780 | Val Loss: 18.8813 | Val Cost: 1547.12 | Val Max P-Miss: 0.1037 | Val Max Q-Miss: 0.0310 | Val Max Gen Viol: 0.0116 | Val Max Thermal: 0.0000
Epoch 8790 | Val Loss: 18.6663 | Val Cost: 1546.71 | Val Max P-Miss: 0.0875 | Val Max Q-Miss: 0.0282 | Val Max Gen Viol: 0.0116 | Val Max Thermal: 0.0000
Epoch 8800 | Val Loss: 18.7122 | Val Cost: 1548.37 | Val Max P-Miss: 0.0871 | Val Max Q-Miss: 0.0281 | Val Max Gen Viol: 0.0116 | Val Max Thermal: 0.0000
Epoch 8810 | Val Loss: 18.6494 | Val Cost: 1548.20 | Val Max P-Miss: 0.0830 | Val Max Q-Miss: 0.0275 | Val Max Gen Viol: 0.0116 | Val Max Thermal: 0.0000
Epoch 8820 | Val Loss: 18.6190 | Val Cost: 1548.28 | Val Max P-Miss: 0.0785 | Val Max Q-Miss: 0.0290 | Val Max Gen Viol: 0.0116 | Val Max Thermal: 0.0000
Epoch 8830 | Val Loss: 18.6150 | Val Cost: 1548.45 | Val Max P-Miss: 0.0740 | Val Max Q-Miss: 0.0290 | Val Max Gen Viol: 0.0116 | Val Max Thermal: 0.0000
Epoch 8840 | Val Loss: 18.5979 | Val Cost: 1547.50 | Val Max P-Miss: 0.0837 | Val Max Q-Miss: 0.0262 | Val Max Gen Viol: 0.0116 | Val Max Thermal: 0.0000
Epoch 8850 | Val Loss: 18.7466 | Val Cost: 1549.55 | Val Max P-Miss: 0.0792 | Val Max Q-Miss: 0.0267 | Val Max Gen Viol: 0.0116 | Val Max Thermal: 0.0000
Epoch 8860 | Val Loss: 18.6201 | Val Cost: 1549.71 | Val Max P-Miss: 0.0728 | Val Max Q-Miss: 0.0242 | Val Max Gen Viol: 0.0116 | Val Max Thermal: 0.0000
Epoch 8870 | Val Loss: 18.5825 | Val Cost: 1549.15 | Val Max P-Miss: 0.0707 | Val Max Q-Miss: 0.0267 | Val Max Gen Viol: 0.0116 | Val Max Thermal: 0.0000
Epoch 8880 | Val Loss: 18.5573 | Val Cost: 1548.64 | Val Max P-Miss: 0.0708 | Val Max Q-Miss: 0.0275 | Val Max Gen Viol: 0.0116 | Val Max Thermal: 0.0000
Epoch 8890 | Val Loss: 18.5438 | Val Cost: 1548.51 | Val Max P-Miss: 0.0706 | Val Max Q-Miss: 0.0276 | Val Max Gen Viol: 0.0116 | Val Max Thermal: 0.0000
Epoch 8900 | Val Loss: 18.5449 | Val Cost: 1548.89 | Val Max P-Miss: 0.0706 | Val Max Q-Miss: 0.0283 | Val Max Gen Viol: 0.0116 | Val Max Thermal: 0.0000
Epoch 8910 | Val Loss: 18.6059 | Val Cost: 1549.72 | Val Max P-Miss: 0.0720 | Val Max Q-Miss: 0.0294 | Val Max Gen Viol: 0.0116 | Val Max Thermal: 0.0000
Epoch 8920 | Val Loss: 19.0475 | Val Cost: 1543.92 | Val Max P-Miss: 0.1049 | Val Max Q-Miss: 0.0495 | Val Max Gen Viol: 0.0116 | Val Max Thermal: 0.0000
Epoch 8930 | Val Loss: 18.7455 | Val Cost: 1543.16 | Val Max P-Miss: 0.0884 | Val Max Q-Miss: 0.0285 | Val Max Gen Viol: 0.0116 | Val Max Thermal: 0.0000
Epoch 8940 | Val Loss: 18.5362 | Val Cost: 1548.49 | Val Max P-Miss: 0.0716 | Val Max Q-Miss: 0.0289 | Val Max Gen Viol: 0.0116 | Val Max Thermal: 0.0000
Epoch 8950 | Val Loss: 18.5520 | Val Cost: 1547.78 | Val Max P-Miss: 0.0711 | Val Max Q-Miss: 0.0292 | Val Max Gen Viol: 0.0116 | Val Max Thermal: 0.0000
Epoch 8960 | Val Loss: 18.5706 | Val Cost: 1547.49 | Val Max P-Miss: 0.0711 | Val Max Q-Miss: 0.0287 | Val Max Gen Viol: 0.0116 | Val Max Thermal: 0.0000
Epoch 8970 | Val Loss: 18.5893 | Val Cost: 1547.82 | Val Max P-Miss: 0.0713 | Val Max Q-Miss: 0.0284 | Val Max Gen Viol: 0.0116 | Val Max Thermal: 0.0000
Epoch 8980 | Val Loss: 18.6147 | Val Cost: 1547.72 | Val Max P-Miss: 0.0718 | Val Max Q-Miss: 0.0286 | Val Max Gen Viol: 0.0116 | Val Max Thermal: 0.0000
Epoch 8990 | Val Loss: 18.6182 | Val Cost: 1549.00 | Val Max P-Miss: 0.0710 | Val Max Q-Miss: 0.0290 | Val Max Gen Viol: 0.0116 | Val Max Thermal: 0.0000
Epoch 9000 | Val Loss: 19.6461 | Val Cost: 1557.33 | Val Max P-Miss: 0.1095 | Val Max Q-Miss: 0.0337 | Val Max Gen Viol: 0.0116 | Val Max Thermal: 0.0000
Epoch 9010 | Val Loss: 18.7578 | Val Cost: 1548.01 | Val Max P-Miss: 0.0806 | Val Max Q-Miss: 0.0286 | Val Max Gen Viol: 0.0116 | Val Max Thermal: 0.0000
Epoch 9020 | Val Loss: 18.8489 | Val Cost: 1551.47 | Val Max P-Miss: 0.0830 | Val Max Q-Miss: 0.0328 | Val Max Gen Viol: 0.0116 | Val Max Thermal: 0.0000
Epoch 9030 | Val Loss: 18.7154 | Val Cost: 1547.89 | Val Max P-Miss: 0.0790 | Val Max Q-Miss: 0.0314 | Val Max Gen Viol: 0.0116 | Val Max Thermal: 0.0000
Epoch 9040 | Val Loss: 18.6258 | Val Cost: 1548.24 | Val Max P-Miss: 0.0746 | Val Max Q-Miss: 0.0296 | Val Max Gen Viol: 0.0116 | Val Max Thermal: 0.0000
Epoch 9050 | Val Loss: 18.5976 | Val Cost: 1548.21 | Val Max P-Miss: 0.0731 | Val Max Q-Miss: 0.0293 | Val Max Gen Viol: 0.0116 | Val Max Thermal: 0.0000
Epoch 9060 | Val Loss: 18.5705 | Val Cost: 1549.00 | Val Max P-Miss: 0.0717 | Val Max Q-Miss: 0.0291 | Val Max Gen Viol: 0.0116 | Val Max Thermal: 0.0000
Epoch 9070 | Val Loss: 18.5563 | Val Cost: 1549.68 | Val Max P-Miss: 0.0705 | Val Max Q-Miss: 0.0286 | Val Max Gen Viol: 0.0116 | Val Max Thermal: 0.0000
Epoch 9080 | Val Loss: 18.5561 | Val Cost: 1550.35 | Val Max P-Miss: 0.0705 | Val Max Q-Miss: 0.0283 | Val Max Gen Viol: 0.0116 | Val Max Thermal: 0.0000
Epoch 9090 | Val Loss: 18.5493 | Val Cost: 1550.48 | Val Max P-Miss: 0.0701 | Val Max Q-Miss: 0.0279 | Val Max Gen Viol: 0.0116 | Val Max Thermal: 0.0000
Epoch 9100 | Val Loss: 19.2905 | Val Cost: 1538.24 | Val Max P-Miss: 0.1056 | Val Max Q-Miss: 0.0441 | Val Max Gen Viol: 0.0116 | Val Max Thermal: 0.0000
Epoch 9110 | Val Loss: 18.7681 | Val Cost: 1546.44 | Val Max P-Miss: 0.0942 | Val Max Q-Miss: 0.0301 | Val Max Gen Viol: 0.0116 | Val Max Thermal: 0.0000
Epoch 9120 | Val Loss: 18.7281 | Val Cost: 1547.43 | Val Max P-Miss: 0.0890 | Val Max Q-Miss: 0.0256 | Val Max Gen Viol: 0.0116 | Val Max Thermal: 0.0000
Epoch 9130 | Val Loss: 18.6865 | Val Cost: 1547.18 | Val Max P-Miss: 0.0858 | Val Max Q-Miss: 0.0260 | Val Max Gen Viol: 0.0116 | Val Max Thermal: 0.0000
Epoch 9140 | Val Loss: 18.6486 | Val Cost: 1547.93 | Val Max P-Miss: 0.0811 | Val Max Q-Miss: 0.0263 | Val Max Gen Viol: 0.0116 | Val Max Thermal: 0.0000
Epoch 9150 | Val Loss: 18.6125 | Val Cost: 1548.37 | Val Max P-Miss: 0.0778 | Val Max Q-Miss: 0.0265 | Val Max Gen Viol: 0.0116 | Val Max Thermal: 0.0000
Epoch 9160 | Val Loss: 18.5756 | Val Cost: 1548.76 | Val Max P-Miss: 0.0764 | Val Max Q-Miss: 0.0276 | Val Max Gen Viol: 0.0116 | Val Max Thermal: 0.0000
Epoch 9170 | Val Loss: 18.5938 | Val Cost: 1548.25 | Val Max P-Miss: 0.0750 | Val Max Q-Miss: 0.0289 | Val Max Gen Viol: 0.0116 | Val Max Thermal: 0.0000
Epoch 9180 | Val Loss: 18.6669 | Val Cost: 1552.10 | Val Max P-Miss: 0.0779 | Val Max Q-Miss: 0.0352 | Val Max Gen Viol: 0.0116 | Val Max Thermal: 0.0000
Epoch 9190 | Val Loss: 18.6890 | Val Cost: 1549.22 | Val Max P-Miss: 0.0825 | Val Max Q-Miss: 0.0278 | Val Max Gen Viol: 0.0116 | Val Max Thermal: 0.0000
Epoch 9200 | Val Loss: 18.6757 | Val Cost: 1550.15 | Val Max P-Miss: 0.0764 | Val Max Q-Miss: 0.0275 | Val Max Gen Viol: 0.0116 | Val Max Thermal: 0.0000
Epoch 9210 | Val Loss: 18.6343 | Val Cost: 1550.76 | Val Max P-Miss: 0.0753 | Val Max Q-Miss: 0.0264 | Val Max Gen Viol: 0.0116 | Val Max Thermal: 0.0000
Epoch 9220 | Val Loss: 18.6168 | Val Cost: 1550.58 | Val Max P-Miss: 0.0797 | Val Max Q-Miss: 0.0279 | Val Max Gen Viol: 0.0116 | Val Max Thermal: 0.0000
Epoch 9230 | Val Loss: 18.5779 | Val Cost: 1550.18 | Val Max P-Miss: 0.0761 | Val Max Q-Miss: 0.0276 | Val Max Gen Viol: 0.0116 | Val Max Thermal: 0.0000
Epoch 9240 | Val Loss: 18.5337 | Val Cost: 1552.10 | Val Max P-Miss: 0.0762 | Val Max Q-Miss: 0.0259 | Val Max Gen Viol: 0.0116 | Val Max Thermal: 0.0000
Epoch 9250 | Val Loss: 18.6977 | Val Cost: 1553.01 | Val Max P-Miss: 0.0733 | Val Max Q-Miss: 0.0448 | Val Max Gen Viol: 0.0116 | Val Max Thermal: 0.0000
Epoch 9260 | Val Loss: 18.7036 | Val Cost: 1547.73 | Val Max P-Miss: 0.0811 | Val Max Q-Miss: 0.0277 | Val Max Gen Viol: 0.0116 | Val Max Thermal: 0.0000
Epoch 9270 | Val Loss: 18.7561 | Val Cost: 1547.02 | Val Max P-Miss: 0.0840 | Val Max Q-Miss: 0.0276 | Val Max Gen Viol: 0.0116 | Val Max Thermal: 0.0000
Epoch 9280 | Val Loss: 18.7951 | Val Cost: 1547.75 | Val Max P-Miss: 0.0866 | Val Max Q-Miss: 0.0283 | Val Max Gen Viol: 0.0116 | Val Max Thermal: 0.0000
Epoch 9290 | Val Loss: 18.8473 | Val Cost: 1550.00 | Val Max P-Miss: 0.0876 | Val Max Q-Miss: 0.0308 | Val Max Gen Viol: 0.0116 | Val Max Thermal: 0.0000
Epoch 9300 | Val Loss: 18.8257 | Val Cost: 1550.26 | Val Max P-Miss: 0.0864 | Val Max Q-Miss: 0.0368 | Val Max Gen Viol: 0.0116 | Val Max Thermal: 0.0000
Epoch 9310 | Val Loss: 18.8792 | Val Cost: 1549.96 | Val Max P-Miss: 0.0912 | Val Max Q-Miss: 0.0304 | Val Max Gen Viol: 0.0116 | Val Max Thermal: 0.0000
Epoch 9320 | Val Loss: 18.7775 | Val Cost: 1548.53 | Val Max P-Miss: 0.0859 | Val Max Q-Miss: 0.0320 | Val Max Gen Viol: 0.0116 | Val Max Thermal: 0.0000
Epoch 9330 | Val Loss: 18.7131 | Val Cost: 1548.06 | Val Max P-Miss: 0.0827 | Val Max Q-Miss: 0.0299 | Val Max Gen Viol: 0.0116 | Val Max Thermal: 0.0000
Epoch 9340 | Val Loss: 18.6769 | Val Cost: 1548.45 | Val Max P-Miss: 0.0803 | Val Max Q-Miss: 0.0304 | Val Max Gen Viol: 0.0116 | Val Max Thermal: 0.0000
Epoch 9350 | Val Loss: 18.6687 | Val Cost: 1548.23 | Val Max P-Miss: 0.0773 | Val Max Q-Miss: 0.0303 | Val Max Gen Viol: 0.0116 | Val Max Thermal: 0.0000
Epoch 9360 | Val Loss: 18.6634 | Val Cost: 1547.67 | Val Max P-Miss: 0.0833 | Val Max Q-Miss: 0.0292 | Val Max Gen Viol: 0.0116 | Val Max Thermal: 0.0000
Epoch 9370 | Val Loss: 18.6511 | Val Cost: 1548.29 | Val Max P-Miss: 0.0879 | Val Max Q-Miss: 0.0292 | Val Max Gen Viol: 0.0116 | Val Max Thermal: 0.0000
Epoch 9380 | Val Loss: 18.6164 | Val Cost: 1546.69 | Val Max P-Miss: 0.0807 | Val Max Q-Miss: 0.0271 | Val Max Gen Viol: 0.0116 | Val Max Thermal: 0.0000
Epoch 9390 | Val Loss: 18.5064 | Val Cost: 1543.32 | Val Max P-Miss: 0.0732 | Val Max Q-Miss: 0.0253 | Val Max Gen Viol: 0.0116 | Val Max Thermal: 0.0000 [*SAVED BEST*]
Epoch 9400 | Val Loss: 18.6241 | Val Cost: 1550.87 | Val Max P-Miss: 0.0798 | Val Max Q-Miss: 0.0264 | Val Max Gen Viol: 0.0116 | Val Max Thermal: 0.0000
Epoch 9410 | Val Loss: 18.6422 | Val Cost: 1550.65 | Val Max P-Miss: 0.0791 | Val Max Q-Miss: 0.0266 | Val Max Gen Viol: 0.0116 | Val Max Thermal: 0.0000
Epoch 9420 | Val Loss: 18.7125 | Val Cost: 1535.22 | Val Max P-Miss: 0.0841 | Val Max Q-Miss: 0.0233 | Val Max Gen Viol: 0.0116 | Val Max Thermal: 0.0000
Epoch 9430 | Val Loss: 18.7143 | Val Cost: 1547.37 | Val Max P-Miss: 0.0838 | Val Max Q-Miss: 0.0246 | Val Max Gen Viol: 0.0116 | Val Max Thermal: 0.0000
Epoch 9440 | Val Loss: 18.7413 | Val Cost: 1548.24 | Val Max P-Miss: 0.0850 | Val Max Q-Miss: 0.0244 | Val Max Gen Viol: 0.0116 | Val Max Thermal: 0.0000
Epoch 9450 | Val Loss: 18.7841 | Val Cost: 1547.56 | Val Max P-Miss: 0.0872 | Val Max Q-Miss: 0.0264 | Val Max Gen Viol: 0.0116 | Val Max Thermal: 0.0000
Epoch 9460 | Val Loss: 18.8267 | Val Cost: 1547.48 | Val Max P-Miss: 0.0905 | Val Max Q-Miss: 0.0283 | Val Max Gen Viol: 0.0116 | Val Max Thermal: 0.0000
Epoch 9470 | Val Loss: 18.8614 | Val Cost: 1549.17 | Val Max P-Miss: 0.0894 | Val Max Q-Miss: 0.0295 | Val Max Gen Viol: 0.0116 | Val Max Thermal: 0.0000
Epoch 9480 | Val Loss: 18.9034 | Val Cost: 1550.14 | Val Max P-Miss: 0.0917 | Val Max Q-Miss: 0.0320 | Val Max Gen Viol: 0.0116 | Val Max Thermal: 0.0000
Epoch 9490 | Val Loss: 18.9725 | Val Cost: 1548.90 | Val Max P-Miss: 0.0955 | Val Max Q-Miss: 0.0366 | Val Max Gen Viol: 0.0116 | Val Max Thermal: 0.0000
Epoch 9500 | Val Loss: 18.8452 | Val Cost: 1538.55 | Val Max P-Miss: 0.0885 | Val Max Q-Miss: 0.0419 | Val Max Gen Viol: 0.0116 | Val Max Thermal: 0.0000
Epoch 9510 | Val Loss: 19.0099 | Val Cost: 1550.82 | Val Max P-Miss: 0.1008 | Val Max Q-Miss: 0.0304 | Val Max Gen Viol: 0.0116 | Val Max Thermal: 0.0000
Epoch 9520 | Val Loss: 18.8872 | Val Cost: 1550.26 | Val Max P-Miss: 0.0981 | Val Max Q-Miss: 0.0286 | Val Max Gen Viol: 0.0116 | Val Max Thermal: 0.0000
Epoch 9530 | Val Loss: 18.8368 | Val Cost: 1549.59 | Val Max P-Miss: 0.0939 | Val Max Q-Miss: 0.0297 | Val Max Gen Viol: 0.0116 | Val Max Thermal: 0.0000
Epoch 9540 | Val Loss: 18.7892 | Val Cost: 1549.00 | Val Max P-Miss: 0.0909 | Val Max Q-Miss: 0.0303 | Val Max Gen Viol: 0.0116 | Val Max Thermal: 0.0000
Epoch 9550 | Val Loss: 18.7492 | Val Cost: 1548.85 | Val Max P-Miss: 0.0872 | Val Max Q-Miss: 0.0320 | Val Max Gen Viol: 0.0116 | Val Max Thermal: 0.0000
Epoch 9560 | Val Loss: 18.7142 | Val Cost: 1549.24 | Val Max P-Miss: 0.0833 | Val Max Q-Miss: 0.0335 | Val Max Gen Viol: 0.0116 | Val Max Thermal: 0.0000
Epoch 9570 | Val Loss: 18.6638 | Val Cost: 1549.39 | Val Max P-Miss: 0.0781 | Val Max Q-Miss: 0.0334 | Val Max Gen Viol: 0.0116 | Val Max Thermal: 0.0000
Epoch 9580 | Val Loss: 18.6363 | Val Cost: 1549.49 | Val Max P-Miss: 0.0748 | Val Max Q-Miss: 0.0331 | Val Max Gen Viol: 0.0116 | Val Max Thermal: 0.0000
Epoch 9590 | Val Loss: 18.6214 | Val Cost: 1549.47 | Val Max P-Miss: 0.0724 | Val Max Q-Miss: 0.0323 | Val Max Gen Viol: 0.0116 | Val Max Thermal: 0.0000
Epoch 9600 | Val Loss: 18.5976 | Val Cost: 1549.43 | Val Max P-Miss: 0.0717 | Val Max Q-Miss: 0.0321 | Val Max Gen Viol: 0.0116 | Val Max Thermal: 0.0000
Epoch 9610 | Val Loss: 18.5835 | Val Cost: 1549.78 | Val Max P-Miss: 0.0717 | Val Max Q-Miss: 0.0319 | Val Max Gen Viol: 0.0116 | Val Max Thermal: 0.0000
Epoch 9620 | Val Loss: 18.5900 | Val Cost: 1551.54 | Val Max P-Miss: 0.0713 | Val Max Q-Miss: 0.0328 | Val Max Gen Viol: 0.0116 | Val Max Thermal: 0.0000
Epoch 9630 | Val Loss: 18.5505 | Val Cost: 1548.82 | Val Max P-Miss: 0.0714 | Val Max Q-Miss: 0.0301 | Val Max Gen Viol: 0.0116 | Val Max Thermal: 0.0000
Epoch 9640 | Val Loss: 18.8050 | Val Cost: 1548.68 | Val Max P-Miss: 0.0888 | Val Max Q-Miss: 0.0323 | Val Max Gen Viol: 0.0116 | Val Max Thermal: 0.0000
Epoch 9650 | Val Loss: 18.6850 | Val Cost: 1546.73 | Val Max P-Miss: 0.0796 | Val Max Q-Miss: 0.0303 | Val Max Gen Viol: 0.0116 | Val Max Thermal: 0.0000
Epoch 9660 | Val Loss: 18.7468 | Val Cost: 1548.45 | Val Max P-Miss: 0.0836 | Val Max Q-Miss: 0.0300 | Val Max Gen Viol: 0.0116 | Val Max Thermal: 0.0000
Epoch 9670 | Val Loss: 18.7492 | Val Cost: 1549.42 | Val Max P-Miss: 0.0837 | Val Max Q-Miss: 0.0299 | Val Max Gen Viol: 0.0116 | Val Max Thermal: 0.0000
Epoch 9680 | Val Loss: 18.7375 | Val Cost: 1550.47 | Val Max P-Miss: 0.0858 | Val Max Q-Miss: 0.0310 | Val Max Gen Viol: 0.0116 | Val Max Thermal: 0.0000
Epoch 9690 | Val Loss: 18.6881 | Val Cost: 1550.13 | Val Max P-Miss: 0.0852 | Val Max Q-Miss: 0.0323 | Val Max Gen Viol: 0.0116 | Val Max Thermal: 0.0000
Epoch 9700 | Val Loss: 18.6338 | Val Cost: 1549.98 | Val Max P-Miss: 0.0821 | Val Max Q-Miss: 0.0318 | Val Max Gen Viol: 0.0116 | Val Max Thermal: 0.0000
Epoch 9710 | Val Loss: 18.5949 | Val Cost: 1550.50 | Val Max P-Miss: 0.0797 | Val Max Q-Miss: 0.0309 | Val Max Gen Viol: 0.0116 | Val Max Thermal: 0.0000
Epoch 9720 | Val Loss: 18.6499 | Val Cost: 1553.17 | Val Max P-Miss: 0.0847 | Val Max Q-Miss: 0.0292 | Val Max Gen Viol: 0.0116 | Val Max Thermal: 0.0000
Epoch 9730 | Val Loss: 18.6171 | Val Cost: 1547.91 | Val Max P-Miss: 0.0742 | Val Max Q-Miss: 0.0321 | Val Max Gen Viol: 0.0116 | Val Max Thermal: 0.0000
Epoch 9740 | Val Loss: 18.6701 | Val Cost: 1550.11 | Val Max P-Miss: 0.0784 | Val Max Q-Miss: 0.0246 | Val Max Gen Viol: 0.0116 | Val Max Thermal: 0.0000
Epoch 9750 | Val Loss: 18.6086 | Val Cost: 1549.72 | Val Max P-Miss: 0.0725 | Val Max Q-Miss: 0.0297 | Val Max Gen Viol: 0.0116 | Val Max Thermal: 0.0000
Epoch 9760 | Val Loss: 18.5622 | Val Cost: 1548.32 | Val Max P-Miss: 0.0727 | Val Max Q-Miss: 0.0294 | Val Max Gen Viol: 0.0116 | Val Max Thermal: 0.0000
Epoch 9770 | Val Loss: 18.5634 | Val Cost: 1549.02 | Val Max P-Miss: 0.0725 | Val Max Q-Miss: 0.0303 | Val Max Gen Viol: 0.0116 | Val Max Thermal: 0.0000
Epoch 9780 | Val Loss: 18.5506 | Val Cost: 1548.92 | Val Max P-Miss: 0.0724 | Val Max Q-Miss: 0.0307 | Val Max Gen Viol: 0.0116 | Val Max Thermal: 0.0000
Epoch 9790 | Val Loss: 18.5474 | Val Cost: 1549.65 | Val Max P-Miss: 0.0722 | Val Max Q-Miss: 0.0315 | Val Max Gen Viol: 0.0116 | Val Max Thermal: 0.0000
Epoch 9800 | Val Loss: 19.0305 | Val Cost: 1549.74 | Val Max P-Miss: 0.1008 | Val Max Q-Miss: 0.0424 | Val Max Gen Viol: 0.0116 | Val Max Thermal: 0.0000
Epoch 9810 | Val Loss: 18.8261 | Val Cost: 1544.98 | Val Max P-Miss: 0.0937 | Val Max Q-Miss: 0.0335 | Val Max Gen Viol: 0.0116 | Val Max Thermal: 0.0000
Epoch 9820 | Val Loss: 18.9032 | Val Cost: 1547.98 | Val Max P-Miss: 0.0990 | Val Max Q-Miss: 0.0361 | Val Max Gen Viol: 0.0116 | Val Max Thermal: 0.0000
Epoch 9830 | Val Loss: 18.9288 | Val Cost: 1549.14 | Val Max P-Miss: 0.1003 | Val Max Q-Miss: 0.0386 | Val Max Gen Viol: 0.0116 | Val Max Thermal: 0.0000
Epoch 9840 | Val Loss: 19.0842 | Val Cost: 1552.23 | Val Max P-Miss: 0.1015 | Val Max Q-Miss: 0.0491 | Val Max Gen Viol: 0.0116 | Val Max Thermal: 0.0000
Epoch 9850 | Val Loss: 19.0781 | Val Cost: 1542.82 | Val Max P-Miss: 0.0989 | Val Max Q-Miss: 0.0415 | Val Max Gen Viol: 0.0116 | Val Max Thermal: 0.0000
Epoch 9860 | Val Loss: 19.9002 | Val Cost: 1553.11 | Val Max P-Miss: 0.1310 | Val Max Q-Miss: 0.0528 | Val Max Gen Viol: 0.0116 | Val Max Thermal: 0.0000
Epoch 9870 | Val Loss: 19.0214 | Val Cost: 1550.34 | Val Max P-Miss: 0.1048 | Val Max Q-Miss: 0.0422 | Val Max Gen Viol: 0.0116 | Val Max Thermal: 0.0000
Epoch 9880 | Val Loss: 18.8280 | Val Cost: 1548.77 | Val Max P-Miss: 0.0962 | Val Max Q-Miss: 0.0298 | Val Max Gen Viol: 0.0116 | Val Max Thermal: 0.0000
Epoch 9890 | Val Loss: 18.7264 | Val Cost: 1531.70 | Val Max P-Miss: 0.0991 | Val Max Q-Miss: 0.0337 | Val Max Gen Viol: 0.0116 | Val Max Thermal: 0.0000
Epoch 9900 | Val Loss: 18.9228 | Val Cost: 1546.05 | Val Max P-Miss: 0.0983 | Val Max Q-Miss: 0.0382 | Val Max Gen Viol: 0.0116 | Val Max Thermal: 0.0000
Epoch 9910 | Val Loss: 18.8473 | Val Cost: 1546.46 | Val Max P-Miss: 0.0952 | Val Max Q-Miss: 0.0339 | Val Max Gen Viol: 0.0116 | Val Max Thermal: 0.0000
Epoch 9920 | Val Loss: 18.8031 | Val Cost: 1546.31 | Val Max P-Miss: 0.0923 | Val Max Q-Miss: 0.0307 | Val Max Gen Viol: 0.0116 | Val Max Thermal: 0.0000
Epoch 9930 | Val Loss: 18.7276 | Val Cost: 1546.43 | Val Max P-Miss: 0.0880 | Val Max Q-Miss: 0.0284 | Val Max Gen Viol: 0.0116 | Val Max Thermal: 0.0000
Epoch 9940 | Val Loss: 18.6764 | Val Cost: 1547.34 | Val Max P-Miss: 0.0865 | Val Max Q-Miss: 0.0284 | Val Max Gen Viol: 0.0116 | Val Max Thermal: 0.0000
Epoch 9950 | Val Loss: 18.6333 | Val Cost: 1547.17 | Val Max P-Miss: 0.0816 | Val Max Q-Miss: 0.0278 | Val Max Gen Viol: 0.0116 | Val Max Thermal: 0.0000
Epoch 9960 | Val Loss: 18.6061 | Val Cost: 1547.95 | Val Max P-Miss: 0.0794 | Val Max Q-Miss: 0.0280 | Val Max Gen Viol: 0.0116 | Val Max Thermal: 0.0000
Epoch 9970 | Val Loss: 18.5779 | Val Cost: 1547.02 | Val Max P-Miss: 0.0748 | Val Max Q-Miss: 0.0290 | Val Max Gen Viol: 0.0116 | Val Max Thermal: 0.0000
Epoch 9980 | Val Loss: 18.4975 | Val Cost: 1547.18 | Val Max P-Miss: 0.0727 | Val Max Q-Miss: 0.0248 | Val Max Gen Viol: 0.0116 | Val Max Thermal: 0.0000 [*SAVED BEST*]
Epoch 9990 | Val Loss: 18.6775 | Val Cost: 1549.60 | Val Max P-Miss: 0.0902 | Val Max Q-Miss: 0.0357 | Val Max Gen Viol: 0.0116 | Val Max Thermal: 0.0000

==================================================
Training Complete!
Total Training Time: 00h 37m 31.44s
Best model weights saved to: ./model/best_hardkkt_model_pglib_opf_case14_ieee_10000epochs.pth
==================================================

